text_id,text,Anger,Disgust,Sadness,Joy,Fear,Surprise
amh_train_track_b_00001,Sabir Alemayehu ኪጂ ዝቃጭ ባህልና እምነት የተምታታታባችሁ ምኑን ነው የማጠናው ዛፋ አምላኪ።እኔኮ እምነት ነው ወይ ብየ አየኩ አወ አልሺ ደግሞ መልስሺ እምነት ዱዝዝዝ።,0,2,0,0,0,0
amh_train_track_b_00002,አልቅሰሽ ቢወጣልሽ ይሻልሻል እንዲህ ከምትሰቃይ።,0,0,1,0,0,0
amh_train_track_b_00003,ምርጥ ጋዜጠኛና ምርጥ ፖለቲከኛ ሲገናኙ ማለት ይህ ነው የ ደሬ በሳል ጥያቄዎች በውብ አገላለፅና የ ጃዋር እርጋታና ስክነት የተሞላበት መልስ,0,0,0,2,0,0
amh_train_track_b_00004,በእርቅ እንኳንስ ሰው ሰማይ ምድሩ ደስ ይለዋል።ጠሚ ከስህተትህ ተምረህ (ተስፋ አደርጋለሁ) ከእብሪትና ማን አለብኝነት ወጥተህ ነገሮች ከቁጥጥር ሳይወጡ ሰላም,1,0,0,0,0,0
amh_train_track_b_00005,አገባም አላገባም አልጋ ላይ መረሸኑ አይቀርም።,1,0,0,0,0,0
amh_train_track_b_00006,የዚህ ሁሉ ቀውስ ችግራችን የነበረው አባይ ወንዝ የውሀ ሀብታችን ነበር ከእንግዲህ አባይ ራሱን ይሞላል ወደ ባእድ እየፈሰሰ ለዘመናት የሰጡንን ችግር አሁን በተራው ራሱን እየሞላና,0,0,0,1,0,0
amh_train_track_b_00007,አብይ አህመድ የኦሮሞ ጠላት መሆኑን ከአረጋገጠ ብዙ ቆየከዚህ በህዋላ አብይ እየሰራ ያለውን ጭካኔና ግድያ አላውቅም ማለት አይቻልም አብይ ማለት የሰው ልጅ ሁሉ ጠላት በሽተኛና ደም የጠማው ሰይጣን ነው,0,2,0,0,0,0
amh_train_track_b_00008,ምን አይነት ፅናትና ትግስት ነው ያደለሽ እህቴ በስመአብ 😭😭😭 በጣም ያማል እግዚአብሔር አብዝቶ ያጠንክርሽ,0,0,3,0,0,0
amh_train_track_b_00009,ኢኦ አባቶች መካከል ያደረጋችሁት በመነጋገር በመወያየት መስማማት መታረቅ ደስ ይላልየሰማይ ጥበብ ነው ህዝብ ግን ከእንግዲህ ከእናንተመስማትያለበት የክርስቶስን ወንጌልብቻነው በርትታች,0,0,0,2,0,0
amh_train_track_b_00010,ቅዘናም አጋስስ አህያ በመከላከያ ስም አትነግድ ፋኖን ፊት ለፊት መግጠም ሲያቅትህ ህፃናትን አሮጊቶችን በድሮን መግደል ማሽነፍ ነው ትላለህ ለግዜው መበቅ ይቻላል ግን ከስፊውህዝብ ክንድ አታመልጡም,2,2,0,0,0,0
amh_train_track_b_00011,ኢትዮጵያውያን እውነትም ሾርት ሚሞሪ ነን በቃ ለማጨብጨብ ለማሽቃበጥ የተፈጠርን እስኪመስል ድረስ ወው ፐ እንዴት ያለ ምሁር እያላችሁ ምን አስቦ ነው ብለህ ቆም ብለህ ከማሰብ ይልቅ  አሁን ንደዚህ አዋቂ እና ንፁሕ መስሎ ሲያወራ ማድነቅ ያን ሁሉ ደሃ እንዳላስጨረሰ ያሳዝናል ለማንኛውም እብድ ይሻለዋል እንጂ አይድንም ቆም ብሎ ምን አስቦ ነው ይሄሁሉ እርጋታ ብሎ ማሰብ ተገቢ ነው ያለበላዛ ሿሿ ሰራን ዳውን ዳውን እንዳይሆን,2,1,1,0,0,0
amh_train_track_b_00012,በእኛ ህዝብ ይላል ጀዋር የኛ ህዝብ የሚለው የኦሮሞን ለማለት ነው የገረመኝ ይህ አንጋፋ ጋዜጠኛ እንደጀዋር ያሉትን ብሄርተኛችን  ቃለመጠይቅ ለማድረግ ኬንያ ድረስ ፍለጋሽመሄዱ ነውውርደት ነው ሀገራችንን ለዚህ ሁሉ ችግር ያደረሱንን ብሄርተኞች ምን ኬንያ ድረስ አደከመህ  አዲስ አበባ  ነፍ ናችው በጣም ነው ይህን ጋዜጠኛ ቁልቀል የዘገጥው,1,1,0,0,0,0
amh_train_track_b_00013,ድሮን ታንክ መድፍ ለተገፋው የአማራ ህዝብ ምኑም አይደሉም ለህዝቡ ያም ሞት ይህም ሞት ነው ስለሆነም የፋኖን ግስጋሴ ማንም አያቆመውም,2,0,0,0,0,0
amh_train_track_b_00014,መብሩሬ ማ አንደኛ ሰላይ ናት ጉልፈምንኮ መዉጫ የለለው ጭንቀት ውስጥ አስገባቻት,0,1,0,0,0,0
amh_train_track_b_00015,ኡፍ ወይኔ የሰዉ ልጅ ጭካኔ የኔ ናት ለፈተና የተፈጠርሽ ልጅ ፈተናሽ በቃ ይበልሽ የኔ ማር እደዉ ምን አይነት እናት ናት ግን 😢😢😢,0,0,2,0,0,0
amh_train_track_b_00016,በደደቢት ግንባር የተማረከው የ16 ዓመት ታዳጊ ምርኮኛ ወታደር አብርሃም ዳኘው ያሳለፈውን አሳዛኝ የጦርነት ውሎ via ለፍርድ ይቅረብ ይሄን የላከ አሽባሪ,0,0,2,0,0,0
amh_train_track_b_00017,የወንጀል ተጠርጣሪዎች መታሰር ያለባቸው የት ነው? በምን ሁኔታስ ሊያዙ ይገባል?,0,0,0,0,0,0
amh_train_track_b_00018,እንደው ኦባንግ ያሁሉ ክብር ቀርቶብህ እንዲህ ዝርክርክ ቀላባጅ ሆነህ መቅረትህ እንዴት ያሳዝናል በቅርብ ስለማቅህ መውረድህ ያናድደ,1,0,1,0,0,0
amh_train_track_b_00019,ክክ አይ ከንቱ እናንተም እንደነዚያወቹ ጦርነት ባህላችን ነው እንዳሉት ማለታችሁ ነው !መጨረሻችሁ እንደነሱው ይሆናል ትንሽ ጠብቁ! የጠጁ ስካር ገሸሽ እስኪል ድረስ!,1,2,0,0,0,0
amh_train_track_b_00020,ለጊዜው የጠላቴ ጠላት በሚል ነው ፍቅራቸው,1,0,0,0,0,0
amh_train_track_b_00021,ቤተ ማሪያም አረ እህቴ ከሁለትና ከሶስት አመት በፊትም ስጠይቅ ያሁኑ አይደለም ይላሉ በመሀል ካናደ አውስትራልያ እያሉ ይለቃሉ ተይው እህቴ እግዚአብሔር ካልማረ ሰው አቅም የለውም ሞት አይቀር ስዋዩ እንጂ ይሁን እስኪ አንቺ አመሰግናለሁ,0,0,1,0,0,0
amh_train_track_b_00022,ገበርዋ ስድብ ጥሩ አይደለም !,0,0,0,0,0,0
amh_train_track_b_00023,የእነ ሲሳይ አጌና እና ስዩም ተሾመን መሞትን አልሰማሁም ነበር እንኮ! ንፍስ ይማር አይ ሰው ከንቱ እንዲኽ እንኮ ነው። 😭😭😭,0,0,2,0,0,0
amh_train_track_b_00024,እንኳን የሰው ደም የውሻ ደም የማያስቀርው አምላካችን ይፈርዳል በስካቫተር እላዩ ላይ ያፈረስከው ሰውዬ ይሄ የነሱ ስቃይ በልጅህ በቤተሰብህ ይድረስ የቁም ስቃይ ይልቀቅብህ አምላኬ ሆይ የዚን ንፁህ ደም ፍረድለት,2,1,2,0,0,0
amh_train_track_b_00025,አሁናዊ የአማራ የፖለቲካ መንገድ እና አካሄድ ኢህአፓ በ1960ዎቹ ስያራምደው የነበረው የከተማ ሽብር ግድያ እና ከፍተኛ የሆነ የሚዲያ የጥላቻ ዘመቻ ምኑም ሳይቀየር ተመሳሳይ ነው፡,0,1,0,0,0,0
amh_train_track_b_00026,በጣም ያስደነግጣል ያገር መሪን በዚህ ደረጃ ማዋረድ በርግጥ እራሱ ነው እንደዚህ እንዲጠግቡ ያደረገው,1,0,0,0,1,0
amh_train_track_b_00027,ዶ/ር እሌኒን አሸባሪ እያላችው ዘግባችው አሁን ደግሞ ስለሷ ጥሩ ነገር ታወራላችው አይ ETV የእናንተን መጨረሻ ብቻ ያሳየኝ ለመጣው ሁሉ እያጨበጨባችው ትኖራላችው ከርሳም ሚዲያ 🤭🤭🤭😂😂😂,1,1,0,0,0,0
amh_train_track_b_00028,እግዚአብሔር ሀገራችን ስላም ያድርግልን እውነት በጣም አሳፋርነው አባት የገዛ ልጆቹን ምን ጉድ ነው ፈጣር ልብ ይስጠው የኢትዮጵያ ህግ ፍርድ ያሳፍራል ልጆቹ ከመሞትየተናነስ አይደለም,0,0,2,0,0,0
amh_train_track_b_00029,ይሔ ሰውየ በጣም የማይረባ ቆሻሻ ባንዳ ነው  ሁሌም የሚያወራው ስራቱን በመደገፈ ፋኖን በማንቋሸሽ የኦሮሞን ፅንፈኞች በመደገፈ የሚቀባጥረው በጣም ያሳፍራል,1,2,0,0,0,0
amh_train_track_b_00030,ድርቁን ላሽ ያለው የአብይ መንግስት፣ ድንገት ዝናብ ቢጥልለት በኔ cloud seeding የመጣ ነው ለማለት የሚቀድመው አይኖርም። Borana,0,1,0,0,0,0
amh_train_track_b_00031,ኤርገዶ፤ አንተ ማንሆነህ ነው ሰገጤ ሰገጤ የምትለው?,0,1,0,0,0,0
amh_train_track_b_00032,እናት ሁሌም ደስ ይበላት እድሜ ከጤና ጋር ይስጣቸው,0,0,0,2,0,0
amh_train_track_b_00033,Thank you! በተለይ መስከረም የሚሏት መታሰር ጀብዷ ነዉ። የአማራን concentration የሚትሰርቆ አደገኛ ሰዉ ናት,0,2,0,0,0,0
amh_train_track_b_00034,ተኩስ አቁም የሰብአዊነት ጭፍጨፋ አቁሙ የሚለውን የጆባይደን የእግርግሪያ መግለጫ ቀጣናዊ ትስስስር የሁለትዮሽ ግንኙት እያልክ ሰውን ታወናብዳላችሁ አይ መንግስት!!!,1,1,0,0,0,0
amh_train_track_b_00035,ስላጋራሀን አመሰግናለሁኝ ወንድምአለም። የሚገርም ስራ ነው።,0,0,0,2,0,1
amh_train_track_b_00036,እኔም ቢላል ታዴነኝ ግፍን እጅግፈኞችን አንፈራም አማራነትያሼናፊነት መነኮሳት ፈስነው። ነፃነትና፣ክብርበመራርትግልየሚገኝ የጠንካራታጋዮች የድልውጤትነው። ስለዚህ አማራ ለመራር ትገልመ,1,0,0,0,0,0
amh_train_track_b_00037,አይ ሀብቴ ለአማራ ህዝብ ጠላት እየፈለፈልክ ነው,0,1,0,0,0,0
amh_train_track_b_00038,ኤልሳቤት ማለት ትግሬዎች ምትለው ብትሰተካከል ምክንያቱም የትግራይ ህዝብ እንዳችው እናትና አባት ኢትዮጵያ ውሰጥ የተፈጠረ ኢትዮጵያዊነቱን የሚወድ ነው ለንግግርሽ ለከት ቢኖረው ።,1,0,0,0,0,0
amh_train_track_b_00039,መታደል ይባላል እንደዚነው ልጆሽ ከሆኑ እድሜና ጤና ይሰጣቸው መልካም መሰራት ለራስነው እኔ በበበኩሌ በጣም ነው ደስ ያለኚ እድሜና ጠና ይስጣቹ በወጣ ይተካ ብያለሁኚ,0,0,0,3,0,0
amh_train_track_b_00040,Ezra Ezu በጠዋቱ አረካኸኝ ጆሮ ያለው ይስማ የኢየሱስ ስም የአጭበርባሪዎች መነገጃ መሳለቂያ ማድረግ ይብቃ *,1,0,0,1,0,0
amh_train_track_b_00041,አልሰማ ካልክ የቋጠርነውን የግፍ ጎርፍ በየቤትህ ትዋኘዋለህ,1,0,0,0,0,0
amh_train_track_b_00042,መቼም አረሳውም ውሸት ሰልችቶኛል ስራ ፈልጉልኝ የሚለውን የፌሰቡክ ቅንብር ዘድሮም አለ መናይነት ዘነድሮ ነው,0,0,0,0,0,0
amh_train_track_b_00043,ትንሳዬ ለካ በጣም ጎበዝ ነህ ተባረክ,0,0,0,2,0,0
amh_train_track_b_00044,ከ18 አመት በላይ የሆኑ አዋቂዎችን ኑሮ መቆጣጠር is not my concern ይልቅስ ህፃናትን ላልተገባ ሱስ በማጋለጥ ማህበራዊ ቀውስ የሚፈጥሩ፣በሰው ኪሳራ ለማትረፍ የሚፈልጉ,1,0,0,0,0,0
amh_train_track_b_00045,የሰሜን ኮሪያው መሪ ወደ ሩሲያ በአውሮፕላን መሄድ የፈሩት ለምንድነው?,0,0,0,0,0,0
amh_train_track_b_00046,Seife Girmay ታድያ ስለ ጦርነት ካልሆነ ምን ታውቃላችሁ።,1,1,0,0,0,0
amh_train_track_b_00047,ይገርማል የሐበሻ አሰሪዎች እንደዚህ በራሳቸው ሰው ላይ ግፍ እየሰሩ አረብ ባዳ ነው ከፎቅ ሚወረውሯቸው ሰው ሁሉ የዘራውን ያጭዳል መልካምነት ለራስ ነው ሰራተኛ አትበድሉ ለልጆቻችሁ ለልጅ ልጆቻችሁ መከራ ታወርሳላችሁ ።,0,0,0,0,0,0
amh_train_track_b_00048,ትልቅ ስጋት ሀገሩን ለማን ነዉ አጨብጭበን የሰጠነዉ የሚል,0,0,0,0,2,0
amh_train_track_b_00049,ቴፊክ ስግብግብ አዚዜ መኖራን ጀብዴት ስለ ሰማ ደስ ብሎኛል ልዮን ያኮብ ፍቅር ናቸው,0,0,0,1,0,0
amh_train_track_b_00050,የአማራ ህዝብ ስቃይ ሞት በድሮን መጨፍጨፍ ግን አይታያችሁማ  ውሾች እናንተን ብሎ ጋዜጠኛአስመሳይ,1,2,0,0,0,0
amh_train_track_b_00051,በሰሜናዊ የአማራ ዞኖች በድርቅ ቢያንስ የ18 ሰዎች ሕይወት ማለፉን ባለሥልጣናት ተናገሩ,0,0,0,0,0,0
amh_train_track_b_00052,አንበሳ ነኝ ባይ ድመቶችን እንደዚህ ስርአት ማስያዝ አማራጭ የሌለው መፋትሄ ነው።,1,0,0,0,0,0
amh_train_track_b_00053,ስቱድዮ ውስጥ የፀሓይ መነጽር ማጥለቅ ምን አመጣው ብዬ ነበር፤ ለካ የዓዞ እንባ ከአይኑ ኮረር ሲል እንዳይታይ በማሰብ ኖሯል ዓይኒ ከዳዕ ነባዕ,1,1,0,0,0,0
amh_train_track_b_00054,አፍሪካ እኮ በብዛት የሙስሊም ሀገሮች ናቸው በተዘዋዋሪ የሳዉዲ አጋር ነን ከአሜሪካ ይልቅ ለሳዐዉዲ ፍቅር አለን አለምነዋሴ የእስራኤል ወታደር የሙስሊም ጠላት ነውው የሙስሊም ጠላት መቼም ከአሜሪካ እና ከእስራኤል ትሻላለች አንተ በሽተኛ የሙስሊም ፎቢያ አለብህ ኢትዮጵያ ገና የሙስሊም ሀገር የአረብ ሊግ ትሆናለች ከአማራ እና ከኦርቶዶክስ ሿሿ ይቀራል,0,2,0,0,0,0
amh_train_track_b_00055,አይ ሰው መሆን ከንቱ  ኮሜቶችየ በቅንነት መልሱልኝ አውቃለሁ የመሬት ችግር እንዳለ ግን እዚ ፎቅ ላይ ቁም ሳጥኑ አይበሰብስምን እይሸትምን ክርስቲያን ከቤተክርስቲያን 40 ክንድ እርቆ መቀበር የለበትም እና እንዴት ነው በፈጣሪ በጣም ያስፈራል,0,0,1,0,1,0
amh_train_track_b_00056,ኤርሚያስ የት ሄደ ኤርሚያስ ምነዉ ቀለለለ አይ ኤርሚያስ ኢትዮጵያዊነት ሞቷል አማሀራም ተዳክሟል በቃ አይነሳም ብሎ ስላመነ በሚገርም ፍጥነት አክሮባት ሰርቶ ተገልብጦ ኦሮሙማ ላይ የተለጠፈ ይመስለኛል🤗,0,1,0,0,0,0
amh_train_track_b_00057,አሁን ፕራንክ ዘጋኛ ብያስ ሚስትህ ፈት እንዲህ ቆሻሻሻ ነገር ይደብራል የሆንክ🦡🦡🦡,0,2,0,0,0,0
amh_train_track_b_00058,አንዳንድ commentatoroch ምንም አታቁም ልበል እሄ የሃይማኖት ጦርነት አይደለም ምንም ስለ politics ሳታቁ comment ለመስጠት ትሰጣላችሁ,2,0,0,0,0,0
amh_train_track_b_00059,ብልፅግና ኢትዮዽያ ወደብ እንድታገኝ ይሰራል ብሎ ማሰብ በራሱ ስሁት ግንዛቤ ነው ኢትዮዽያ በግፍ የተቀማችውን በህግ ማሰመለስ እየቻለች ወደሌላ ማማተሩ በራሱ የሞራል ጥያቄ ያስነሳል ወጣም ወረደም ቀጠናው ሰላም እንዲያገኝ ቅድሚያ የ ቤትስራችንን መስራትና ኢትዮዽያዊ መንግስት ሊኖር ይገባል ጠንካራ ሀገርና መንግሰት ካለን ሌላው እዳው ገብስ ነው አዲስ አበባ እንዳትገባ የሚከለክል መንግስት ወደብ ለሀገር ያስገኛል ብለን ባንደክም መልካም ነው,1,0,0,0,0,0
amh_train_track_b_00060,🙊🙊🙊 ወይኔ ኡኡኡፉፉፉ አንጀቴን በላችኝ ያማል በጣም ያማል,0,0,3,0,0,0
amh_train_track_b_00061,አጭበርባሪ እውነት የእመቤቴ ፍቅር ከገባው ለምን ኦርቶዶክስ አይሆንም ምድረ ሌባ,1,1,0,0,0,0
amh_train_track_b_00062,የናንተን የጀዝቦች ትንታኔ የሚሰማ ትውልድ መቼም አይመጣም።መስራት እና ማውራት የተለያየ ነገር ነው። የበረከት ተላላላኪ እያለህ ምን ሰራህም??? ታግለህ ህዝቡን ነፃ አወጣህ???no no !!! ቦርጬን ገነባው።ያንተ ወሬ ይኼ ነው።ለህዝብ ብዬ ቦርጭ አመጣው!!!እንደ ኤርሚያሥ ከንቱ ከመሆን ይጠብቃችሁ!!!,1,2,0,0,0,0
amh_train_track_b_00063,ወይኔ ምን ኣይነት ጭካኔ ነው እንደዚ ኣይነት ኣሳዛኝ ታሪክ ህይወት ሰምቼ ኣላቅም እህቴ እግዚአብሔር እድሜና ጤና ይስጥህ ያለፈ ኩፉ ሂወትሽ በደስታ ይቀየር .ኣይዞህ .ያን ጨካን ደግሞ በግዛቢሄር ፍርዱን ያገኛል,0,0,3,0,0,0
amh_train_track_b_00064,ሰዎች ከማስደንገጥ ራስህን ወደ መደንገጥ ተሸጋግረሃል ኣሜን የተመታ ይሁን ኣሜን,0,1,0,0,0,0
amh_train_track_b_00065,ዲያቢሎስ ጌታችን የተሰቀለበትን መስቀል እጅግ ይጠላልም ይፈራልም። ባንዳና ዘረኞች፣ ቀኝ ገዥዎችና ባሪያ ፈንጋዮችም ሚኒልክን እጅግ ይጠላሉ ይፈራሉም፤ ለሚኒልክ ኃይል የሆነችውን ወራሪ,0,1,0,0,0,0
amh_train_track_b_00066,ምን አይነት አስደናቂ አስገራሚ አስደሳች ሕይወት ለዋጭ የሚያንጽ አስተማሪ እና የሚባርክ ቃለ መጠይቅ ነው እግዚአብሔር አምላክ ለዘለአለም ይባረክ ሃሌሉያ,0,0,0,3,0,0
amh_train_track_b_00067,መቼስ ክቡር ሚኒስትሩ በዙሪያቸው ብዙ ተግዳሮቶች ቢኖሩባቸውም ችግሩ ሳይገታቸው ይህን ሁሉ ውብ የሆኑ ተግባሮች ለመከነወን ችለዋል ይህ የሚያሳየው የትኛውም ምድራዊ ተግዳሮት ሊያቆማቸው እንደማይችል ተረድቼያለሁ ለወሬኞች ቦታ አትስጡ ሀገሪቱ እየተትኮስች ነው ተደሰቱበት,0,0,0,2,0,0
amh_train_track_b_00068,ፖለቲካዊ ገፅታ ያላቸውንና በፅንፈኞች አደገኛ መርዝ የተለወሰውን ውስጣዊ ችግሮችና መከፋፈሎችን በውስጣዊ ውይይት ፍቱት እንጂ ወደ መንግስትና ኦሮሞ አታምጡት ችግራችሁን በሌላ ማላ,1,1,0,0,0,0
amh_train_track_b_00069,እኔ የምላቹ ቴሌግራም እኔጋ ብቻ ነው የማይሰራው ወይስ እናንተጋ ነው,0,0,0,0,0,0
amh_train_track_b_00070,አይዞን ነገም ሌላ ቀን ነው!,0,0,1,0,0,0
amh_train_track_b_00071,እህቴን አይዞሽ ከዚህ ሁሉ በደል በሁዋላ እናቴን አሁንም እወዳታለሁ አለች አምላክ ጥንካሬውን ይስጥሽ,0,0,2,0,0,0
amh_train_track_b_00072,ይህን የውሸት ትርክት የሰሙ ወጣቶች ወደ ሌላ ሀገር ለመሄድ ብዙ ብርከፍለው በየመንገዱ በየበረሃው ሲቃይ እንግልት ሞት የአሣ እራት እየሆኑ የ,0,0,2,0,0,0
amh_train_track_b_00073,ሁል ግዜም የእግዚአብሔር ሀሳብ ይፀናል ይህንንም ስሞኑን በነበረው ክስተት አስተውለናል እናምመሪዎቻችን ስከን ብለው እግዚአብሔር የሚለውን ቢያስተውሉ መልካም ነው እላለሁ,0,0,0,0,0,0
amh_train_track_b_00074,ከባድ ነው እሥከ መቸ ዝምታው እኛ ከባድ መሳሪያ ኖራቸው አልኖራቸው ምን ያረግልናል ዝምታነውን ከቀጠሉ  በፍልሥጤም ላይ አሰየሆነ ያለው እባም ቃልም አይገልፀውም ኢላሂ እዝነትህን አውርድ አረመኔ ኢሥራኢል አዩሁዶችን ከምድር አጥፋልን ያረብብ,1,1,1,0,0,0
amh_train_track_b_00075,የእስራኤል ገደብ የለሽ የሰብአዊ መብት ጥሰት ሳትዘግቡ ግፍ በዝቶበት አንድ ድንጋይ የወረወረን ፍልስጤምን ግፍ አለመዘገብ እና የእስራኤል ደጋፊ መሆን ከአንድ ሚድያ አይጠበቅም። በነገራችን ላይ የሀማስ ጥቃትን ደግፌ አይደለም ማንም ቢሆን በግፍ እንዲገደል አልፈልግም,1,0,1,0,0,0
amh_train_track_b_00076,ለዐማራ ህዝብ ቆስላችኋል። ደምታችኋል። ያላለፋችሁት ፈተና አልነበረም። ዛሬም ድንገት ትጥቅ ፍቱ ስትባሉ እንዳመማችሁ ሁሉ እኔንም አሞኛል። ከአንተ ውስጥ ያለው ስሜት እኔንም ውስጥ,0,0,2,0,0,0
amh_train_track_b_00077,ይኸን ሰውዬ ስሙትማ ጭልጥ ያለ መርዝና ዘረኛ ነው ነጭ ፀጉር አውጥቷል  መቃብሩ የተማሰ  አፉ የሻገተ ሽማግሌ እውነት ቢናገር ምን አለበት,0,2,0,0,0,0
amh_train_track_b_00078,እኛም ነቅጠናል የአማራን ግድያ እና ሞት ምንም አይነት መረጃ አጀንዳ ለማስቀየር ነው,1,0,0,0,0,0
amh_train_track_b_00079,ኢርሚ ትልቅ ሰው። እስቲ ለዚህ ሁሉ ቀውስ ትንስ ሃላፊነት ሁላችንም እንውሰድ። ኣዎ ነገሮች ጫፍ ድርሰዋል። ግን ኣንተስ ኢርሚ በሕውሃት ጥላቻ ተሞልተህ ሕውሃት እንደ ቲሮሪስት ቡድን መወገድ ኣለበት ስትል ኣልነበረ ወይ። ልክ እንደ ልደቱ ከመጀመሪያው ሲል የነበረው ሁሉም ቡድኖች መነጋገር ኣለባቸው ብንል ኖሮ ነገሮች እንዲህ ጫፍ ኣይደርሱ ነበር። ሕውሃት እንደ ቡድን እንደ ሃገር መሪ የራሱ ታሪካዊ ስተቶች ኣድርጓል እንደ ደርግ እ,1,0,0,0,0,0
amh_train_track_b_00080,ጠቅላይ ሚኒስትራአችን አቢቹ እስራኤልን ከግብጽ በምድረ በዳ የመራ እግዚአብሄር ካንተ ጋር ይሁንረጅም እድሜ ጤና እንመኛለን ድል ለመከላከያችን ኢትዮጲያ ታሸንፋለች,0,0,0,2,0,0
amh_train_track_b_00081,ጃዋር ነፈሰገዳይ ና በጥላቻ የታወረ ወንጀለኛ እንጂ ፖለቲከኛ አይደለም እበት አንተን ብሎ ጋዜጠኛ ያስገደላቸውን 97 ንጹሃንን አንረሳውም የግዜ ጉዳይ ነው,1,2,0,0,0,0
amh_train_track_b_00082,የሰራች ሁት ግፍ ድንገት ብታመልጥ ልጅህ ላይ የጠጣች ሁት የደሃ ደም የሽማግሌዎች እንባ ካንሰር ሆኖ ቤተሰብህንም አንተንም ሳትሞት ሸተህ ትበሰብሳለህ,1,2,0,0,0,0
amh_train_track_b_00083,አፍሪካ ውስጥ ዲሞክራሲ የሚባለውን ነገር ድንገት ውልብ ሲል ካያችሁት ሰላም ብሎሃል በሉልኝ አደራችሁን ? Thanks in advance ?,0,0,0,0,0,0
amh_train_track_b_00084,ዓይናችን ወደ አምላካችን ወደ እግዚአብሔር ነው። 3፤ ማረን፥ አቤቱ፥ ማረን፤ ንቀትን እጅግ ጠግበናልና፤ 4፤ የባለጠጎች ስድብና የትዕቢተኞችን ንቀት ነፍሳችን እጅግ ጠገበች።,0,0,1,0,0,0
amh_train_track_b_00085,ትንሱ ግብዝ ነህ በርታምርጥ አባትነህ ❤❤❤,0,0,0,2,0,0
amh_train_track_b_00086,እነዚህ ሰወች ሌላ አማራክልልልየሚባል ፕላኔት ተገንቶ እሱን እንዳይሆን የሚነግሩን በቸም ብልጥግና ህልሙ አያልቅበትም ብልጥግና መንግስተሰማያትን እኛ እንድንገነባ በጨረታ አሸንፈናል በዚህም ፈጣሪ ብልጥግናን እጅግ የሚገርም ምስጋና ሰጥቶናል ብለው መግለጫ እደሚሰጡን በዚህ መግለጫ አረጋግጠናል,1,1,0,0,0,0
amh_train_track_b_00087,በጣም ያምራል ግን ገና ይቀራል የናት ሰርፕራይዝ አያልቅም ተባረኩ እረጅም እድሜ እመኛለሁ,0,0,0,2,0,0
amh_train_track_b_00088,አንድ ፍቅር እኔ የሚያቀርቡት መርዶ ለመላዉ ኢትዬጰያ ሰርግና ምላሹ ነዉ ደሰታችን ወደር የለዉም ሰንዴ ልከናል እርሶ ሀዘን ላይ ከሆኑ ለምን የኢትዬጵያን ሕዝብ ሀዘኖ ዉሰጥ ጎትተዉ ይከታሉ ካዘኑ አዘንኩ በሉ ክልሎ ካዘነ ክልሎ ይበሉ ለምኘን መላዉ ሕዝብ ለቅሶ ያሰቀምጣሉ እኛ ሰላም ነን የርሶን አናቅም ልናወቅም አንፈልግም እዛዉ በጠበሎ,1,1,0,0,0,0
amh_train_track_b_00089,በምሥራቅ አፍሪካ የተቀሰቀሰው አንትራክስ ምንድን ነው? ምን ያህልስ አደገኛ ነው?,0,0,0,0,0,0
amh_train_track_b_00090,ልደቱ አሁንም ከአማራ ፖለቲካ እንደራቀ መቆየት አለበት! ከአብይ ጋር ግን ከፈለገ መደባደብ ይችላል። ድንገት በድብድቡ አብይ መሬት ከወደቀ የአብይን ጭንቅላት እንጨፈልቃለን። ልደቱ,0,2,0,0,0,0
amh_train_track_b_00091,ዲማሽ ውድ Together እና ደስተኛ አብረው ? አዳምጥ እና አስገራሚ አፈጻጸም ውስጥ ማንሱር አዲስ ዘፈን ይደሰቱ Dimashqudaybergen DIMA,0,0,0,0,0,1
amh_train_track_b_00092,በጥቅምት ወር በታሪካዊቷ የላሊበላ ከተማ  የተከሰተው ምንድን ነው?,0,0,0,0,0,0
amh_train_track_b_00093,አልገባኝም እስክ አብራራልኝ ደሞ ሰው መስደብኮ ጥሩ አይደለመ ባይሆን አንተ ታዋቃለህ እኔ ፀሎት ነው ያደረግኩት ምን ነካህ,0,0,0,0,0,0
amh_train_track_b_00094,አፍ ሲከፈት ጭንቅላት ይታያል ይባላል አምያሳዝነው አንደናንተ አይነቱ ላይ ኢትዮጵያ መውደቁዓ ያሳዝናል ፊልድ ማርሻል ማአረግ ለናነተ በመሰጠቱ ያሳዝናል የኢትዮጵያ ውድቀቷ አዚህ ላይ ይታያል የሚልተሪ ትምህርት የሌለው 10 አለቃ ፊልድ ሲባል አረመኔዎች,1,2,1,0,0,0
amh_train_track_b_00095,ዘመናቹ ይባረክ የእናታቹ ደስታ የኔም ነው የመሰለኝ,0,0,0,2,0,0
amh_train_track_b_00096,በእግዚያብሔር አይዘበትም በአንተ እና በቤትህ ለሚመጣዉ ቁጣ ምላስህን ጠይቀዉ,1,0,0,0,0,0
amh_train_track_b_00097,እግዚአብሔር ይመስገን አትሌቶቻችን አመርቂ ውጤቶችን እያስገኙ ናቸው! በጣም እንኮራባቸዋል! በውድ መሪያችን ዶር አብይ የአመራር ዘመን ብዙ ድንቅ ውጤቶች,0,0,0,2,0,0
amh_train_track_b_00098,በኪሲንጀር ትዕዛዝ ከ2 ሚሊዮን ቶን በላይ ቦምብ የዘነበባት ካምቦዲያ እንዴት ታስታውሳቸዋለች?,0,0,1,0,0,0
amh_train_track_b_00099,የነፃነት ትግሉ ከረቂቅ እስከ ደቂቅ ያሳተፈ ነው ጀግናው ሠራዊታችን አባል የሆነው ዶር ህዝብህን ለማገልገል እስከ ሕይወት መስዋትነት የሰጠህ ጀግናችን ዕድሜና ጤና ተመኘን,0,0,0,2,0,0
amh_train_track_b_00100,ኢትዮጵያ ከሩዋንዳው የባሰ ዘግናኝ ነገር እንዲያገኛት የቸኮለ ይመስላል።,0,0,0,0,0,0
amh_train_track_b_00101,መቼ ነው የኢትዮጵያ መንግሰት የሚማረው ከወገን ህዝብ ጋር ላደረገው ጦርነት እውቅና የሚሰጠው አንድ ላይ ለጨረሳቹህት ጂኖሳይድ ለፈፀማቹህት በህግ ሰትጠየቁ እግዚአብሔር ያሳየነል የንፀሀን ደም ፈሶ አይቀርም,2,0,0,0,0,0
amh_train_track_b_00102,ሚዛናዊ ሁን እባክህ ጥሩ አይደለም,0,0,1,0,0,0
amh_train_track_b_00103,hussen ቆሻሻ ሰው በሰላም ሲኖር ዓይናቹህ ሚቀላ,1,2,0,0,0,0
amh_train_track_b_00104,ጣልያን ውስጥ ቱሪስቶችን ያሳፈረ አውቶብስ ከደልድይ ላይ ወድቆ ቢያንስ 21 ሰዎች ሞቱ,0,0,1,0,0,0
amh_train_track_b_00105,አላሁ አክበር አላሁ አክበር አላሁ አክበር በኮሜት ሀማስን ተሸነፈ የምትይ እነሱን የምጠይ ሁላ ነይ ጉድሽን ስሙ አላህ ከሀማስ ጎን ነው በአምስትሽ ነው አሉ አምስት መቶሽ የሚዋጉት ሱበሀናሏህ የጀግንነት ጥግ አላሁ አክበር አላሁ አክበር አላሁ አክበር አላህ ታላቅ ነው ጥበቡም ረቂቅ ነው ላኢለሀኢለሏህ በእውነት የሚገዙት አምላክ ከአላህ ውጭ የለም ያመኑትንም አያሳፍርም እውቀቱም ሰፊ ነው,0,0,0,1,0,0
amh_train_track_b_00106,የጊዜው አምባገነን ነኝ ባዮች እንደጉም ተበትነው ይጠፋሉ ኢትዮጵያውያን ና ኢትዮጵያዊነት ዘላለም ይኖራል!,0,0,0,0,0,0
amh_train_track_b_00107,ይሄ ሁሉ ቅጥፈት ስንት አመት ለመኖር ነው ግን አሁንስ በነዚህ ስግብግቦች የተነሳ የቤተ ክርስቲያናችን መከራ በዛ,0,1,2,0,0,0
amh_train_track_b_00108,ፊልድ ማርሻሉ ስለ ሕወሓት ሰዎች ያልተጠበቀ ነገር ተናገሩ የኤርትራ ጦር በትግራይ,0,0,0,0,0,0
amh_train_track_b_00109,ስትተነትን ሀቅን ትተህ አንተ ወደምትፈልገው ታዘነብላለህ የሁለቱን መሪዎች ባህሪ ስትገልፅ ጠቅላዩን ኢትዮጵያን ታላቅ ለማድረግ ይዘው የተነሱት አላማ ስትል የኤርትራውን ፕሬዘዳንት በጎረቢቶቻቸው የውክልና ጦርነት የሚደርጉ አልካቸው ማስረጃ ብትጠየቅ እንደማታመጣ ወይም የውሸት ልታቀርብ ትችላለህ ለመሆኑ በዜጎች ላይ ጦር የሚሰብቀው ማነው ወይ ትንተና ብለህ አታቅርብ አልያ ከስዩም ተሾመጋር ሆነህ አውራ,1,1,0,0,0,0
amh_train_track_b_00110,ውድ አንጋፋ ጋዜጠኛ በዚህ ጉዳይ ለማብራረራት ፕሮግራም ማዘጋጀታችሁን በጣም ተደስቻለሁ የብዙ አመት የጋዜጠኛነት ሙያህን በዘርና በሐይማኖት እንዲሁም በጥቅም የማትገዛ ለህሌናህና ለሙያህ የምትኖር ማንም አንተን ሆኖ ማቅረብ የማይችል ተወዳጅ አንጋፋ ጋዜጠኛ ነህ በርታ እኔም አዳምጥሐለሁ እንዲሁም ኮመንቶችን አነባለሁ ሁኖም እኔንም ይገርመኛል ይህን ያክል አእምሮ ጠባብነት ወይስ እስካሁን በጉጥኝነት በጨለማ አለም ያሉ ህዝቦች እንዳሉ ነው የሚያሳ,0,0,0,2,0,0
amh_train_track_b_00111,በሰላም አማራን መግደል መቀጠል አለበት ማለት ይሆን? ድጋፍ ሲጠፋ የብሄር ጉያ ውስጥ መሸሸግ የውድቀት ምልክት ነው።,2,0,0,0,0,0
amh_train_track_b_00112,ጠንካራ ህግ ከሌለ አሁንም ብዙ ግድያ ብዙ ጭካኔ እናያለን(የገደለን የሚገል ህግ)እሰካልፀደቀ ድርሰ ለቅሶ ይበዛል ገዳይም በነፃነት እየገደለ ታሰሮ በዋሰ በብር እየተለቀቀቀ ተዝናንተ ይኖራል,1,0,0,0,1,0
amh_train_track_b_00113,ጠንካራ የተባለ የወታደር እርምጃ የላትም ንፁሀን መግደል እንድህ ያስብላልደ ሀማስን እርምጃ ብትወስድበት እቀበልህ ነበር በህዝቡ ጥቆማ ከዋሻ እየወጣ መምታት የቻለው ሀማስ ብቻ ነው እስራኢል በጦርነቱ ውጤት የላትም,2,0,0,0,0,0
amh_train_track_b_00114,መሪ ሲያብድ ተከታይ ካበደ አለቀ ማለት ነው,0,0,0,0,0,0
amh_train_track_b_00115,መልካምና የሚበረታታ ነው የሁሉም ተሳትፎ ተጠናክሮ ይቀጥል,0,0,0,1,0,0
amh_train_track_b_00116,እኛ እንደ ወያኔ እንደ ሳሙና በ አንድ ቅርጽ አልተሰራንም! በገበራችሁት ዘግናኝ የህይወት መስዋትነት መቃብር ላይ ቆማችሁ,1,2,0,0,0,0
amh_train_track_b_00117,ትክክክል አይደለህም ውይይይ ራስ ምታት የሚያስከትል ፕራንክ ጥሩ አይደለም,0,0,0,0,0,0
amh_train_track_b_00118,ቅሬታ ክካለ በክብር መነጋገር ከመስደብና ከማቃለል ፍቅር ስላም ብች ይህ ሁሉ ሁላችን ላይ ቢኖር እንዲህ አናቅም ነበር ስሚ እስከም,0,0,1,0,0,0
amh_train_track_b_00119,በቃ ኢትዮጵያ ምን ነካች ኢትዮጵያ የት ገባች የት ወጣች ምን ሰራች አይይ ጠላት እግዚአብሔር ይገልብጠው ኢትዮጵያ ምትነካው ነገር በቃ እርር ድብን ይላሉ ቅናት ነው ይሄ በቃ አታድግም ኢትዮጵያ ካደገች በነገራችን ላይ በጣም አደገኛ ሀገር ነው ምትሆነው በ አፍሪካ ውስጥ ፈላጭ ቆራጭ እንደምትሆን ግልፅ ነው በአለም መድረክ ተሰሚነት ይኖረናል ይሄ ደሞ ግብፅ አትፈልገውም ለዚህ ነው ግብፅ ከ ኢትዮጵያ ያላት ችግር ለማውራት ወደ አረብ ሊግ ሮጣ ም,2,1,0,0,0,0
amh_train_track_b_00120,ኘራንኩ ለሚስትህ የሚመጥን አይደለም በጣም ጨዋና የተባረከች ሚስት ከሚያምር ልጅ ጋር እያለህ ሚያስነውርና አስተማሪ ያልሆነ የህጻን ጨዋታ... ብቻ ይቅርታ አድርግልኝና ይኸ አይነት ጨዋታ ልብ ይሰብራልና ብትማርበትና ባትደግመው እላለሁ።,0,0,1,0,0,0
amh_train_track_b_00121,አንዱ የሰውነት አካል ከሌላው አንጻር በፍጥነት እያረጀ መሆኑን ማወቅ ይቻላል?,0,0,0,0,0,0
amh_train_track_b_00122,የሙስሊም ሀገራት ጉዳዩን ለትባበሩት መንግስታት ከማቅረብ ይልቅ የሀይማኖት ጦርነት ያስመስሉትና ጥረታቸው ምንም ውጤት ሳያመጣ ይቀራል,1,0,1,0,0,0
amh_train_track_b_00123,እረ ያማል መፅናናናቱን ለቤተሰብ ተመኘው,0,0,3,0,0,0
amh_train_track_b_00124,በመከላከያ ስም ዘው ብሎ ወደ አማራ የገባው ሀይል እጅግ በሚገርም ሁኔታ እየረገፉ ነው,0,0,0,0,0,0
amh_train_track_b_00125,ልብሳቸው ተገፎ ጋዛ ውስጥ በእስራኤል ወታደሮች የተያዙ ፍልስጤማውያን ወንዶችን የሚያሳይ ቪድዮ ይፋ ሆነ,0,0,0,0,0,0
amh_train_track_b_00126,ኡፍበጣም ያሳዝናል አላህ ስቃይሽን አይቶጥሩነገር ይፍጠርልሽየኔእህት,0,0,2,0,0,0
amh_train_track_b_00127,ከካንሰር የከፋ የጤና ችግር ኣለ መድሃኒቱን መንግስት ቢያቀርብ ጥሩ ነብር ካላደረገ ግን ለምን ይከለከላል,0,0,1,0,0,0
amh_train_track_b_00128,ቂጥ ማጠብ ንፅህና ነው እናንተ ቆሻሾች መግማማትና የኑፁሀን የህፃናት ደም መጠጣት የሰይጣናዊ ተግባራችሁ ነው የአይሁድ ድቃሎች መልካም የስኦል ጉዞ,1,2,0,0,0,0
amh_train_track_b_00129,90 የኢትዮጲያ ህዝብ ጠሚዶ አብይ አህመድና ጌታቸው ረዳ ከሰልጣን እንዲወርዱ ይፈልጋል !,0,1,0,0,0,0
amh_train_track_b_00130,ሁለንተናዊ በሆነ መልኩ ከአደጋ እና ስጋት ነጻ እንዲሆን ማስቻል ብቻ ነው። ከፕሮፌሰር አስራት ዘመን እና ከ AmharaResistance ንቅናቄ በኋላ የመጣው ሦስተኛው የአማራ ብሔ,0,0,0,0,0,0
amh_train_track_b_00131,Abebe Teshager አረ በስማኣም ማን ያየዋል የተዋለህዶ ልጆች ፕራንክ ብሉ ልሰፕከን ነው እንዴ,0,0,0,0,0,0
amh_train_track_b_00132,አሜሪካ አውሮፓ ያላችሁ የሕክምና ባለሞያዎች እባካችሁ ሀገራቹን ገብታችሁ ህዝባቹን አገልግሉ ጥሩ ክፍያ ላታገኙ ትችላላችሁ ፖለቲካው ላይመቻችሁ ይችላል ደስታም ሆነ ሀዘን ግን በሃገር ነው ሌላው የህሊና ደስተ እረከታ ነው,0,0,0,0,0,0
amh_train_track_b_00133,የራስን ዜጎች እስር ቤት ከቶ ለውጭ ዜጋ መጨነቅ አየ ብልፅግና?,1,0,0,0,0,0
amh_train_track_b_00134,ከዛስ? ብአዴን የረጅም ግዜ ስትራተጂና ዕቅድ ይዞ የሚንቀሳቀስ ድርጅት አይመስለኝም። አብይ ድንገት ተነስቶ ኦሮሚያና ደቡብን ይዤ እገነጠላለሁ ቢለው መልስ ያለ,0,1,0,0,0,0
amh_train_track_b_00135,የስኩይድ ጌም፡ ዘ ቻሌንጅ ተሳታፊዎች በቀረጻ ወቅት ደረሰብን ላሉት ጉዳት ካሳ ጠየቁ,0,0,0,0,0,0
amh_train_track_b_00136,የራሷ ዜጎች ብሔራዊ ግዳጅ ስለሄድ ነው ስራ እኮ ነው የተባልከው ሌላ አይደለም አይ ethiopian መሀይም ሁነን ቀረን,1,0,1,0,0,0
amh_train_track_b_00137,ፍልስጤማዉያን በገዛ መሬታቸዉ ለአመታት ሲጮኮኑ ሲገደሉ ሲበደሉ ዙሪያቸዉን አጥረዉ ለሰዉ ለጅ የማይገባ ስቃይ እስራኤል አድርሳለች ፍልስጤማዊያን ከማመፅ ውጭ ሌላ አማራጭ አላቸዉ መጀመሪያም እየተገደሉ ነበር ከሃይማኖተኝነት ወታቹ ታሪክ ተመልከቱ አለምነዋሴ አንተ የአንድ ወገን ቲፎዞ ነክ ጋዜጠኛ አያስብልክም በአንደበትክ ማንም አይጃጃል ተባኖብካል በዉስጥ የለዉን እፃን ልጅ ያቀዋል,2,0,1,0,0,0
amh_train_track_b_00138,ህዝብን እና ሀገርን ለአዉሬ ሰተህ አንተ እንዲ ዘና በል እናሰከፍልሀለን!,2,0,0,0,0,0
amh_train_track_b_00139,ይሄ ሰውዬ እስኪ ሲናገር ፊቱን ልብ ብላችሁ ተመልከቱት ተልእኮ ተሰጥቶት እንደሚተውን በደንብ ያስታውቅበታል ይህ ግለሰብ ያለ ጥርጥር አማራን ለመከፋፈል የተፈጠረ የወሎዬም የአማራም እንዲሁም የኢትዮጵያ ጠላት ነው ወሎን ከአማራ በመነጠል ለሰልቃጩ ተረኛ ለማቀበል የተፈጠረ አደገኛ የአማራ ጠላት ነው,0,1,0,0,0,0
amh_train_track_b_00140,የብሔር ፖለቲካ ካልታገደ ኢትዮጵያ ራሷን ታግላ ታፈርሳለች። አሳዛኝ ነው! ይህ እውነት ስለሆነ የሚሻለንን መምረጥ ግድ ይላል። የብሔር ፖለቲካ ዘመኑንም አይመጥንም፣ ሁሉን አቃፊ የሆነ ስርዓት መዘርጋት ያስፈልጋል።,0,0,1,0,0,0
amh_train_track_b_00141,ያዲሳባ ህዝብ ተወልዶ ባደገበት ከተማ በአብይ አህመድ ሾሞችና ተከታዮቾ በጥላቻ እየተተፉበት መቀጠሉ አሳሳቢ ነው ይህ ህዝብ ለመብቱ አሻፈረኝ ብሎ መነሳት ካልቻለ የሚገባውን ጭቆና ማስተናገዱን ይቀጥላል ለመብቱ የማይታገል ህዝብ ታፍኖና ተረግጦ አንገቱ ደፍቶ የኦሮሙማ አገዛዝ ሲያላግጥበት ይኖራል,1,1,0,0,0,0
amh_train_track_b_00142,ኡቶ 360 የዘመናችን ምርጥ ሚድያ።,0,0,0,2,0,0
amh_train_track_b_00143,ኢትዮጵያ የባህር በር ያስፈልጋታል  በዚህ ሁላችንም እንስማማለን እንዴውም ዘግይተን ነው ወደ አስፈላጊነቱ የገባነው  ነገር አሁን ከሶማሌ ላንድ ጋር የተደረገው ስምምነት እውቅና ከሌላት ሀገር ጋር ከመጥቀሙ ይልቅ መዘዙ እንዳይከፋ ስጋት አለ  ሶማሊያም ዘራፍ እያለች ነው  ሌላ አማራጭ ጠፍቶ ነው ውይ,0,0,0,0,2,0
amh_train_track_b_00144,አራ! ጉድ ነው ስንት ጨካኝ ሠው አለ!!! ፈጠር ይርደት,1,0,1,0,0,0
amh_train_track_b_00145,አማራ አቅሙን ማጠናከሩ ላይ በርትቶ መስራት አለበት ለአማራ ማንም አይደርስለትም እያየነው ነው,1,0,0,0,0,0
amh_train_track_b_00146,እስላም ሰላም ነው እስላም ፍቅር ነው የተባለው ዝም ብሎ አይደላም አለም በዝህ መረጋገጥ ትችላለችአላሁመ እስተውዳነከ አላህ ያአሀል ጋዛ,0,0,0,0,0,0
amh_train_track_b_00147,ኮለኔል መንግስቱ ኃይለማርያም በስልጣናቸዉ ተመክተዉ የኢትዮጵያን ብዙኋኑን ድሀ ህዝብ ለመዝረፍና ለመበዝበዝ ያሰሩትን የገዛ ራሱ መንግስት ባለስልጣኖችን እንኳ ሳይታገስ ወዲያዉ በመረሸን አስራ ሰባት አመት መላዉ ኢትዮጵያን ህዝብ በፍትህና በእኩልነት ያስተዳደረ ጻድቅና ብሩህ መንግስት በዝባዥ ፤ ጮቋኝ ፤ ነፍሰ ገዳይ ፤ እና አረመኔ ኢህአደግ መንግስት አሳድዶት በስደት በሚኖርበት በሰዉ አገር(ዝንባቤ አገር) እንኳ ትክክክለኛ ፈ,0,1,0,0,0,0
amh_train_track_b_00148,አንድ አንድ አካባቢዎች ለይ የለ የ ሰው ልጂ ኑሮ በጣም አስከፊ ነው ከተማ ለመኖር ታማች አይደለም በ ሰው ሀገር ሴቶች በጣም የሚወዳድ የሚከበር ትልቅ ቦታ የሚሰጥ ብዙ የሚከበከብ ተወዳጂ በጣም ክብረ የሚሰጥ ሰው ነቸው ግን በኢትዮጰያ ውስጥ እንዴ ቀለል ነገር የሚታዩት,0,0,1,0,0,0
amh_train_track_b_00149,በጣም አሳዛኝ ዜና ነውገነነ መኩሪያን ማጣት የታሪክ ላይብረሪ የነበረ ስፖርተኞችን ሲጠይቅ ቀኑና ሰአቱን ሳይቀር እያስታወሰይ ወደሃላ በትዝታ ሁሉን የሚመልስ ጥልቅ እውቀት የነበረው ሰው ነው,0,0,3,0,0,0
amh_train_track_b_00150,እስራኤል የሐማስ ምክትል መሪን ሳሌህ አል-አሩሪን ቤይሩት ውስጥ ገደለች,0,0,0,0,0,0
amh_train_track_b_00151,ስምህን ቀይር ራስ ደጀን አይደለህም።ከዛሬ ጀምሮ ደጀኔ ነው ስምህ።አማራ መጠየቅ አቁሞ ማዘዝ እንዳይችል የምትተበትቡት የአንተ አይነት ልፍስፍስ ነው። መልካም የልመና ኑሮ ደጀን!,1,1,0,0,0,0
amh_train_track_b_00152,ኦርቶዶክስ መቼም ቢሆን ለሀገር ስጋት ሆና አታውቅም ለአለምም ጭምር የምትለምን ናት ካገር ስወጣ ገና በቆርቆሮ ቤት ውስጥ ነበር ቤተክርስቲያኑ እግዚአብሔር ይመስገን እንዴት ያምራል ሁላችንን ለዚህ በረከት ያብቃን ምንኛ የታደላችሁ ናችሁ ሁሌ የቅዱሳን መላዕክትን ኑሮ ነው የምትኖሩት በየቀኑ ቤተክርስቲያን በሯ ክፍት ነው እግዚአብሔር አምላክ ለሀገራችን ሰላምን ይስጥልን ጠፍተዋል ሲሉን እንበዛለን ለገዳዮቻችን ልቦና ስጥልን,1,0,0,1,0,0
amh_train_track_b_00153,ሁሉም ያለ ፍርሀት መብቱን ቢጠይቅ ኮ ደደብ አምባገነን እየተተካካ አይሸናብንም ። መብቴ ነው ብለህ ለመብትህ ቁም! !,2,0,0,0,0,0
amh_train_track_b_00154,በዚህ ዓለም ዝና ለማግኘት የማይፈነቅሉት ድንጋይ የለም። የኢትዮጵያ ጠቅላይ ሚኒስትር የሚገርም ሰው በየቦታው መዝናኛ ቦታ ከመፈጠሩ በፊት ሰላም አይቀድምም። ሰላም በሌለበት አገር ማን ለመጎብኘት ይመጣል?,2,0,0,0,0,0
amh_train_track_b_00155,የካውንስሉ ኣባል ሆኖ ቀይ ባህርን በጋራ መጠበቅና የቀይ ባህር ባለቤት መሆን ይለያያል የጠቀስካቸው ሃገራት ከውቅያኖስ ወይ ከውሃ ኣካል ጋር የሚዳወቡ ናቸው ኢትዮጵያ ግን ካርታው ላይ እንደማየው ከሆነ በመሬት ወይ በሃገራት የተከበበች ሃገር ናት ይህ ማለት ደግሞ ኢትዮጵያ በ8 የሚሆኑ ወደቦች ኣማርጣ የመጠቀም መብትን ኣለም ኣቀፋዊው ህግ ይፈቅድላታል ነገር ግን ያለ ሃገራቶቹ ስምምነት ባህርን መውሰድ ግን ህጉም ኣይፈቅድላትም  እንደው ተሳ,0,0,0,0,0,0
amh_train_track_b_00156,ዘንዶው በሲቱቱቱ ላይ ተቆጣ ሊወጣትም አሳደደደ ሰይጣንንን ነበረ የሚገረምወ በኢትዮጵያ ምድር አመቤቴ ደንግል መረያምን ሊውጦአት አነደዘነዶው የሚቆጡ ጉዶች ብዛታቸወ ሰይጣን አረፈ አገኘ የሚሳደቡ ምላሶች አሳዳጆች አንዲህ እርርር ደብን ማለት ይቻላል አንጂ ያለወላዲተ አምላክ ድህነት የለም ። አፋችሁን የከፈታቹ በስዋ ላይ ያው ዘነዶው የገባበት ነው መግቢያ በሩ,0,1,0,0,0,0
amh_train_track_b_00157,የህውሃት ስኬት ጥሩ ህዝባዊ መሰረት ማግኘቱ ነው።የፕሮፌ ብርሃኑ ዕረጅም ጉዞ ያንን መሰረት ስላላገኘ ነው።,0,0,0,0,0,0
amh_train_track_b_00158,ዋዉ ፋኖዬ አባይ ግድብንም ተቆጣጠር እኛ አዲስ አበቤዋች ያንተዉ ነን እየመጡ ነዉ,0,0,0,1,0,0
amh_train_track_b_00159,ማነው እራሱን እየዋሸ የሚኖረው እውነቱን መቀበል ለናንተ ሞት ነው።,1,1,0,0,0,0
amh_train_track_b_00160,አይዞሽ እድ ፍቅር ሁኖንሮ ታፍቅርውነበር,0,0,1,0,0,0
amh_train_track_b_00161,ክርስቶስን አቅፎ በመሳም አሳልፎ በመሸጥ ክህደት እንደተፈፀመበት ሁሉ ኢትዮጵያ ኢትዮጵያ ብሎ የህዝብ ድጋፍ አግኝቶ ስልጣኑንካስጠበቀ በሗላ በመጨረሻከወያኔ,0,1,0,0,0,0
amh_train_track_b_00162,ግብፅ ከአፍሪካ ዋንጫ ውድድር ውጪ ሆነች,0,0,0,0,0,0
amh_train_track_b_00163,አህመድ የግርማ የሽጥላ መሞት አያስገርምም ለአማራ ህዝብ የታቀደው ከዚህም የሚብስ የከፋ እንደሆነ በዚህ አምስት ዓመት አይተናል የግርማ የሽጥላ ሞት የአማራን ህዝብ ለማጥፋት የስራ ማስኬጃ የመጀመሪያ ነው,2,0,0,0,0,0
amh_train_track_b_00164,አባቶቻችን በመሰረቱት አገር ትናንት የመጣ አይን አውጣ ዘላን ህዝባችንን እያረደ፣ ንብረቱን እየዘረፈ፣ ቤቱን እያፈረሰ ይቀጥል? የክብር ሞት እኮ ሞት አይ,2,2,0,0,0,0
amh_train_track_b_00165,ኬንያዊው የማራቶን ክብረ ወሰን ባለቤት በመኪና አደጋ ሕይወቱ አለፈ,0,0,1,0,0,0
amh_train_track_b_00166,ትናንት ባይደን ያወሳት የአራት አመቷ የአቬጋይል ታሪክ የበለጠ ይዘገንናል ፊት ለፊቷ በሀማስ የታረዱት ወላጆቿ እሷ ግን ታግታ ትናንት ተፈታለች የአቬጋይል ታሪክ ዘግናኝ ነው,0,0,2,0,0,0
amh_train_track_b_00167,የፈርድሽው ፍርድ ሳይውል ሳያድር በላይሽ ላይ ይገልበጥጥላቻ የአይምሮ በሽታ ብቻ ሳይሆን የደም ካንስር ያመጣል በተቻለሽ መጠን ከጥላቻ ውጭ ጥላቻ ይዘሽ እንዴት ቤክርስቲያን ትሄጃለሽ  እግዚአብሔር ፍቅር ነው,1,1,0,0,0,0
amh_train_track_b_00168,Pro Silesh Shibru Oysama እግዚአብሔር በሌባ ጎበኘን እረ ሼም ይህ አለም ያወቀው ዘራፊ ሌባ ነው አልጀዚራ ዶክመንተሪ እዩ በጭፍን አትነዱ,0,1,0,0,0,0
amh_train_track_b_00169,ጥሩ ፕራንክ ነው፣ ሆኖም ትንሽ አስረዘምከው።,0,0,0,1,0,0
amh_train_track_b_00170,የጅሀን መጩረሻ በቃ ይሄ ሆነ ያሳዝናል,0,0,2,0,0,0
amh_train_track_b_00171,እውነት ነው ይመራል እንዋጠው እናመሰግናለን ኦሀድ እንዲሁም ጋዜጠኛው  በተለይም ሕዝብ ላይ ያነጣጠረ ጥቃት ይቁም እስኪ ነገን እናስብ  ሕዝቡም እንደነ ስዩም የመሰሉ ወመኔዎችን እንደነ ጀነራል ፃድቃን የመሰለ ልጆቻቸውን እና ሚስቶቻቸውን እውጭ አስቀምጠው ድሀውን የሚያስማግዱ ፎክረው ችግር ሲመጣ ሌላ ቤት  ምእራባውያን ሀገር  የሚሮጡ በቃ እንበላቸው  በአንድ ወቅት ፕሮፈሰር መስፍን ያሉት ነገረ ይገርመኛል ይሔ ህዘብ መንቀል እንጂ,1,0,0,0,0,0
amh_train_track_b_00172,ብስል የመሆን አላለም 😂😂😂 ምድረ ጥሬ,1,1,0,0,0,0
amh_train_track_b_00173,ትናንት በተደረገው ሽልማት ላይጌታቸው እረዳ እየሆነ ያለው ነገር ገርሞት (ማመን አቅቶት) የአብይ አህመድን ድፍረት አለማድነቅ ንፉግነት ነው ሲል የተናገረው የአመቱ ገላጭ ንግግ,0,0,0,0,0,0
amh_train_track_b_00174,ጽንፈኛ ዘረኝነት መገለጫ ይህ ከንቱ አስተሳሰብ ነው፡፡ ፕር ብርሃኑ ጽንፈኛ ብሔረተኞች ያልተገራና ከሰብዓዊነት ውጭ የሆነ ስድብ የምትሰደቡት የዘረኝነት ሰንኮፋችሁን ያለርህራሄ ስ,1,2,0,0,0,0
amh_train_track_b_00175,በመላው ዓለም እየታየ እንዳለው አንዳንዶች ለምን አሁንም ድረስ በኮቪድ ይሰቃያሉ?,0,0,0,0,0,0
amh_train_track_b_00176,ይህንን መልክና ቁመና የሰጠው አምላክ መልካም ነገር አንድነት ለፍቅርና ሰላም እንዲያስብ ያድርግልን የብሄር ጥላቻና የተዛባ መልእክት ያልተማረውን አማ,0,0,0,0,0,0
amh_train_track_b_00177,እንዲህ አይነት ፕራንክ ያውም ህፃን ፊት ሰው ሁላ ወዴት እየሄደ ነው ጎበዝ???,1,0,0,0,0,0
amh_train_track_b_00178,Yosiyas Love Color ደደደብ የደደደብ ልጅ ዘረኝነት ለማንም አይበጂም መሀይም ማነውና ጦርነቱን የቀሰቀሰው የማናውቅ አደረከን እንዴ እኔ እንደ አንተ ብሄር አልቆጥርም ግን ታሳዝናለህ አሁን መሸሸሸጊያ ሲጠፋብህ አንድ የተከበረን መሪ ያለ አቅምህ ትዘልፋለህ?,2,2,0,0,0,0
amh_train_track_b_00179,ሁለተኛው ትውልድ ኢትዮጵያን ቢጎበኝ ጥሩ ነው የሚኖሩበትን አገር እንዲያደንቁ ይረዳቸዋል የኢትዮጵያ ህዝብ እንዴት በመንግስት እየተገዛ እንዳለም ግንዛቤ ይኖራቸዋልበተቃራኒው በሙስና እና ግድያ ምክንያት በኢትዮጵያ ላይ አሉታዊ አመለካከት ሊኖራቸው ይችላል,0,0,0,0,0,0
amh_train_track_b_00180,አታንቦጫርቁ መንግስት ካለፈው መከራ ይልቅ ከፊቱ ያለው እጅግ ቀሽሙ ነው ከሕወሀትና ከምራባዊያን በላይ ግብፅን ጨምሮ አገረ ውስጥ ካለው ምስጥ ያለፈን መንግስት በዚህ ቀሽ,1,1,0,0,0,0
amh_train_track_b_00181,የመግት ነገር እኮ ተነግሮ እማያልቅ እየሆነነው መግስት ትናት ሌባ ፋሽሽት መሀይም ደቆሮ የሀስት ዶከር ብዙና ብዙ ከለው ህዋት ጋር ምን እያደረ እደሆነ እረሳውእዴ ስለአቡነሎቃስ ትችት ወይም መናገ ር እሚያጣጣው የኦሮምያ ብልጽግና በፌስቡክ ገጻችው የአቡነሉቃስን ዘመዶች ማለት አማራውንማለቱነ አራዳው ከኦሮምያ ምድር እናጸዳለን ሲል በድፍረት እደ መግስት ምንም የተባለ ነገር ሳይኖር እውነትየተናግረን አባትካላወገዛችሁ ባል እታክብሩም እሚል በምን,1,2,0,0,0,0
amh_train_track_b_00182,ድሮ ህወሃት ይመስለኝ ነበር ዘረኛ እና ሰይጣን ግን አሁን ላይ የአብይን አገዛዝ ስመለከት ከመለስ ጋር የሰማይ እና የምድር ልዩነት አላቸው አረ መለስ ይማረኝ ባይሆን አንድን ዘር ባተኮረ አልጨፈጨፈም 😪,0,2,1,0,0,0
amh_train_track_b_00183,አይሁዳውያን ዘር ፋለሽ እትዮጵያን ሁሉ ኢትዮጵያን ለመፍረስ ጪምር ደፋ ቀና ከምሉ ሰላም ጠል ፅንፋኛ ሀይሎች መሃል ዋሴ የተባለዉ ጋዜጠኛ አንዱ ነዉ ይህ ሰዉ ከልጂነት እስከ አዛዉንት እስከዝች ሰአት በኢትዮጵያዊነት የመየምምን ከሀዲ አይሁድ ፈለሽ ነዉ ሁሌ ጋዜጠኛነት ምጠይቀዉ ፍትሀዊነትን ወደ ጎን በመተዉ በአድለዊነት ምሰራ ሰዉ ማሆኑን ሁሉም ወዳጆቹ ልተዉቁ ይገባል ይህ ሰዉ አይመጥነንም ለሴቶች ለህፃናት ለዜጎች እልቂትና ሞት ሁሉ አጥፊዎች,0,2,0,0,0,0
amh_train_track_b_00184,እፍፍፍ የእናት ጭካኔ ፈጣሪ ሆይ ምኑን አሰማህኝ 🥺🥺🥺😭😭😭,0,0,3,0,0,0
amh_train_track_b_00185,ህፃን ልጅ እና ጀዋር ድምፃቸው ሲጠፋ መጠርጠር ጥሩ ነው,0,1,0,0,1,0
amh_train_track_b_00186,ድሉ የኢስራኤል ነው ሲቀጠቀጡ አደሩ ስንቱን የሐማስ አስክሬን አሳማ ይበላዋል ቀፈጣሪ አረመኔወች ነበሩ አረመኔ በላቸው በውሃ በአየር በታንክ በእግር ጦር እንቀጠቅጣቸዋለን ድሮም ወራዶች ናቸው ተዋርደው ሞቱ ድሉ የኢስራኤል ነው የኢስራኤል አምላክ አይተኛም አያንቀላፋምም የሐማስ አምላክ መኖኑር እንጃ ተኝኝቶ አይሰማም,1,2,0,0,0,0
amh_train_track_b_00187,የባርሴሎና ክለብ ዳኝነትን ‘በገንዘብ ገዝቷል’ የሚል የሙስና ክስ ቀረበበት,0,0,0,0,0,0
amh_train_track_b_00188,ሱብሀንአላህ እሰከ መቼ ይህ አረመኔው አይሁድ አንደዚህ አይነት ጭካኔ በሰው ልጅ ላይ ሲፈፅም በዝምታ ይታያል።,1,0,1,0,0,0
amh_train_track_b_00189,አይዞሽ እህት ሁሉን የሚያሳልፍ ጌታ ካንቺ ጋር ይሁን,0,0,2,0,0,0
amh_train_track_b_00190,ሙላቱ በስራህ ልታፍር ይገባሃል ። ዩኒፎርምህን አክብሮ እንጂ የምትመታው ሰው እንዳንተው ጉልበትና ሃይል ያለው ነው። ማሰቢያህ ጡንቻህ መሆኑ አሳዛኝ ነው። ይህ,1,0,2,0,0,0
amh_train_track_b_00191,ዱሮም ሁናቴህ ደስ አይል ነበር ፕራንክ እንዳለ የብድ ስራ 😁ጭራሽ እለየላቸዉ ዉስጥ ገባክ ጎበዝ ነገ ትንቢት ልታወራብን ነዋ መተህ😂😁ፈተናችን,0,1,0,0,0,0
amh_train_track_b_00192,ህዝቤ ለምን ግን ትሸወዳለህ ይህ ሰውየ ማለት እኮ በአልጀዚራ ዶኩመንታሪ የተሰራበት በጣም አጭበርባሪ ማፊያ ነው ካለመናችሁኝ Gold Mafia ብላችሁ አልጀዝራ ላይ ገብታችሁ ተመልከቱ በጣም ከባድ ማፊያ ነው አትሸወዱ!!!,0,2,0,0,0,0
amh_train_track_b_00193,አይ ሞት ይሻላል የዚህም ህግ ለማስከበረ ተብሎ ለጥያቄ ይቀርባል አቤቱ ጌታ ሆይ በቸርነትህ አስበን እነደ ስሙንም ሲጠራ እነዴት እንደ ሚዘገንን በእውነት ቃለህይወት ያሰማልን,1,0,2,0,0,0
amh_train_track_b_00194,እርር አላቹሁ አይደል የሚገርም ነው ያን ጉድጓድ እናንተው እንዳትገቡበት ጠንቀቅ ማለቱ ይበጃል?,0,1,0,0,0,1
amh_train_track_b_00195,እሸቱመለሰ ላይ የሚታየው ቅንነት ልዩ የሆነ ትጋት፤ የማድረግ መተማመን የማስተባበር አቅም በጣም የሚገርም ነው! ከሱ ጋር ተባብራችሁ ፈንድ ያሰባሰባችሁ እና ለመቀዶንያ ድጋፍ ያደረ,0,0,0,2,0,1
amh_train_track_b_00196,የሚገርም ሰማያዊ ቃና ያለው የምስጋና ድምፅ ነው ዝማሬ መላእክት ያሰማልን።,0,0,0,1,0,1
amh_train_track_b_00197,አዲሱ ቫይረስ የነርቮች ስራትን ያዛባልያውካልየያንዳንዱ የህዋስ ክፍል ስራቸውን በመደበኛ እንዳይሰሩ በማድረግ ለተለያዩ የካንሰር በሽታዎች በመዳረግ ሞት ያስከትላል።,0,0,0,0,1,0
amh_train_track_b_00198,የወንዴ ማክን ዘፈን ከፍቶ ታገቢኛለሽ ወይ አላት አዎ አለችው,0,0,0,0,0,0
amh_train_track_b_00199,ከሶማልያ ጋር የቆሙ የሀገር ልጆች ላልሽው ማስረጃሽን ወይም ምንጭሽን ብትገልጪ ጥሩ ነው ምክንያቱም በጣም ብዙ ኤርትራውያን በኢትዮጵያውያን ስም በተለይ አማራ እንዲሁም ትግሬ በመምሰል በጣም ብዙ የሶሻል ሚዲያዎችን ከፍተው ውጊያቸውን ቀድመው እያካሄዱ እንደሆነ ሊታወቅ ይገባል,0,0,0,0,0,0
amh_train_track_b_00200,ማፈሪያ ነህ የኢትዮጵያ ሰራዊት በአንተ መመራቱ ያሳዝናል,0,0,2,0,0,0
amh_train_track_b_00201,ዘሩባቤል መቸም አንተን አለማድነቅ አይቻልም ከዕለት ዕለት ብቃትህ እያደገ እየመጣህ ያለህ ልጅ ነህ ቀጥልበት ለዝግጅቶችህ የምትስጣቸው ትኩረቶች ደስ ይላሉ ክብረልኝ  ሁሌም የማደንቃቸውን አሚጎን እና ኦሃድን በእውነት እና በዕውቀት ላይ ተመስርታችሁ ልምታቀርቡት ትነትና ከልብ እናመስግናለን,0,0,0,3,0,0
amh_train_track_b_00202,አንተ አለህ አይደለም እንዴ የትግራይ ህዝብ ስያልቅ ከመሬትና ታሪክ ዘራፊ የአማራ ተወላጅ ጳጳሳት ሁነህ የጦር ሜዳ መነፀር በምሽግ ስታይና ጦርነት ስትደግፍ የነበርከው እነሱ ምን አደረጉ በቋንቋችን እንፀልይ ነው ያሉት ይህንንም ፈጣሪም ህግም ይደግፈዋል ለራስህ ንስሀ ግባ ለሰራኸው ሀጥያት,1,2,0,0,0,0
amh_train_track_b_00203,ብአዴን ማለት ወራዳ እደግመዋለሁ ወራዳ ፓርቲ ነው,0,3,0,0,0,0
amh_train_track_b_00204,አስቴር ክርስትናው ይቅርብሽ ።አንቺ ጥሩ ሰው ነሽ እንደዚህ አይነት ነገር የሚወድሽን ህዝብ ያሳዝናል,0,0,1,0,0,0
amh_train_track_b_00205,የኢትዮጵያ ታሪክ የሚገርም መያዣና መጨበጫ የሌለው ኣማራ ሲነግስ በኣማራ የሚነገረው ተረት ሌላ፣ተጋሩ ሲነግስ የኢትዮያ ታሪክ ሌላ። ኦሮሞ ሲነግስ የኢትዮጵያ ታ,1,0,1,0,0,0
amh_train_track_b_00206,የሜክሲኮ አየር መንገድ ተሳፋሪ የአውሮፕላን በር ከፍቶ ክንፉ ላይ ተራመደ,0,0,0,0,0,1
amh_train_track_b_00207,አንተኛም እኮ እንቅልፍም አይወስደን ? ይኸንን ማወቅ ከፈለክሽ አዲስ የተሰጠ ኮንዶሚንየም ተከራይ ከ3 ዓመት በኋላ መንገድ ላይ የተቀመጠ ህፃን ላይ ሁሉ ድንገት ል,1,0,0,0,0,0
amh_train_track_b_00208,በባህር ዳር በጣና ሀይቅ አብዛኛው ክፍሉ በተከበበው ዘጌ እንዲህ ዓይነት የቡና ምርት ያለ አልመሰለኝም! ትልልቅ የቡና ዛፍ የሚገርም ሀብት አለ! በተፈጥሮ ሀብቱ የታደለ አካባቢ ነ,0,0,0,1,0,1
amh_train_track_b_00209,በጋዛ በእስራኤል ወታደር የተቀረጹ ቪዲዮዎች ዓለም አቀፍ ሕግን ሊጥሱ ይችላሉ ተባለ,0,0,0,0,0,0
amh_train_track_b_00210,መርከብዋ ለምን ኤርትራ እንደገባች ባላውቅም እንካ ለኔ እንደ ኤርትራዊ የእናቴን መርዶ ማለት ሞት እንደተነገረው ሰው ነው ልቤ የደረቀ ምክንያቱም ኤርትራ ከኢትዮጵያ ምንም ኣይነት ግንኝነት እንዲኖራት ስለማይፈልግ,1,0,0,0,1,0
amh_train_track_b_00211,Sefya Jemal እሱማ መፅሀፍሽ ስለ ግድያ ብቻ ነው ሚያወራው አልተሳሳሳትሽም🤣🤣🤣,0,1,0,0,0,0
amh_train_track_b_00212,በጣም ከዚህ ቃለመጠይቅ የተረዳሁት ብዙ ነገር አለ 1እንደዛ የንፅሀን ደም ያፈሰሰ ጊዜ አልፎ ስንቱ ደም አልቅሷ ወቶ ተባሮ ተደፍሮ ሀብት ንብረት ከአፈራበት ሀገር እንደ መጤ ታይቶ ተባሮ ከባድ ነው እላለሁ እግዚአብሔር ይሄን ሰውዬ በቁሙ ሲያዋርደው እንደማየት ምን ሰላም አለ እግዚአብሔር ከተገፉት ጋር ነው በእርግጥ በይፋ የወጣው የዚህ ይሻል ግልፅነው ከአብይ መሰሪው,2,0,1,0,0,0
amh_train_track_b_00213,የዲዮጉ አባት ዘና ነው የሚደርገው,0,0,0,1,0,0
amh_train_track_b_00214,የአውሬ ልጆች የው አውሬ መሆኑ እመ ነው,1,0,0,0,0,0
amh_train_track_b_00215,እዉነትን በጭፍን ጥላቻ ማጥፋት አትችልም ሚኒልክ የጥቁር ህዝቦች ሁሉ ኩራት መሆኑን አለም በታሪኩ ያስታውሰዋል ያንተ የበታችነት ሥሜት የጀግ,2,1,0,0,0,0
amh_train_track_b_00216,የአገሪቷ የዘመናት ችግሮች ከተስፋፊው ክልል ከሚመነጩ ከኛ ውጪ ወደ ውጪ ጥሩ ነገር ሁሉ የኛ የሚሉ አክራሪና ተስፋፊ ሃይሎች እንደሆነ ታሪክ ይመሰክራል።አገሪቱ ዘላቂና አስተማማኝ ሰላ,1,1,0,0,0,0
amh_train_track_b_00217,ፀሎታችን ተሰምቷል ማለት ይከብዳል ሽልም ከሆነ ይገፋል ቂጣም ከሆነ ይጠፋል የነብሩን ጭራ ለቃችሁሃል ምላሹ ውርደት ስደት ሞት እንግልት ጥፋት ነው ይሰመርበት ? እነሱ ተማምለው አስል,0,0,1,0,0,0
amh_train_track_b_00218,እንደ አንተ አይነቱ ብስባሽ ከመሆን የአገር አለኝታ መሆናቸው ያኮራሉ አልቃሻ ስደተኛ ሁላ,0,3,0,0,0,0
amh_train_track_b_00219,እንኳን በሰው የተቀረፀን ሀውልት በፈጣሪ አምሳያ የተፈጠረ ፍጡር ሆድ እየቀደዳችሁ አሳያችሁን እኮ ምን ይገርማል ግድ የለም የጊዜ ጉዳይ ነው የውሻ ሞት ይናፍቅሀል ?,2,1,0,0,0,0
amh_train_track_b_00220,ኦነግ ሸኔ አማራን የሚያርደው ሽመልስ አብዲሳና እና ከንቲባዋ ቤት የሚያፈርሱትና ህዝብ የሚያፈናቅሉት ፅንፈኛ ሆነው ኦሮሚያን ከሌላ ዘር ለማፅዳት ሳይሆን ለህዝቡ ካላቸው ፍቅር የተነሳ,0,2,0,0,0,0
amh_train_track_b_00221,የጂጂጂኪያ አማች እናቱን ሰርፕራይዝ ሲያረግ ይመስለኛል ባልሳሳሳት 🤔,0,0,0,0,0,0
amh_train_track_b_00222,የትምህርት ስብራታችንን ለማስተካከል ቆራጥ አመራር እየሰጠ ያለ ድንቅ መሪ,0,0,0,2,0,0
amh_train_track_b_00223,ወያኔዎች የብልፅግና ኦነግን ማጅራት በማከክ ወልቃይት ጠገዴ ራያን እናገኛለን የሚለውን የቀን ቅዠት ትታችሁ ይልቅ እንደ አባይ ፀሃዬ፤ ስዩም መስፍንና አስመላሽ ገስላሴ ሞት እር,0,2,0,0,0,0
amh_train_track_b_00224,እኛም ጦርነት ላይ ነንኮ😋😋😋 እስራኤል የቃልኪዳን ሀገር ልጆች ናቸው 🤗,0,0,0,0,0,0
amh_train_track_b_00225,ፑቲን በዩክሬን ላይ ወታደራዊ ጥቃቱ  ተጠናክሮ ይቀጥላል ሲሉ ዛቱ,0,0,0,0,0,0
amh_train_track_b_00226,ትክክል እየተሰራ ነዉ። ሸዋ ሮቢት ደስ ይላል። ባህር ዳር ሲደርስ ደሞ በጣም እንደሚያምር እርግጠኛ ነኝ።ከዛ በራራን እናሳምራታለን። ላንቺ,0,0,0,2,0,0
amh_train_track_b_00227,ሚሊየኖችን በጅምላ የምትጨፈጭፉ ደመጠጭወች ሰው ሞተ ብላችሁ ስታዝኑ እንደማየት የሚገርም ነገር ይኖር ይሆን,1,2,0,0,0,0
amh_train_track_b_00228,የጎንደር አካባቢ ሰው አንተን ምንም ማድረግ ባይችል ዘር ማንዘርህን ከማንኝውም ማህበራዊ ግንኙነት ማገድ ነበረበት ለምን እንደዚህ እንደማያደርግ አስገራሚ ነው ባንዳ,1,1,0,0,0,1
amh_train_track_b_00229,ክክ ከአብይ በላይ ወንጀለኛ የለም,0,1,0,0,0,0
amh_train_track_b_00230,ይህንን ለመፍታት ጥሩ ስራ እየሰራችሁ እንዳለ ሁሉ በሀይማኖት በኩልም ተነሳዉን ጉዳይ ለመፍታት ጥረት ቢደረግ መልካም ነዉ፤፤ የእምነት ጉዳይ አቅሎ ማየት ጥሩ አይመስለኝም ፡፡,0,0,0,1,0,0
amh_train_track_b_00231,እንደ ህብረት ደስ የሚል ነገር የለም ?,0,0,0,2,0,0
amh_train_track_b_00232,አይ ኢቲቪ ስንት ሰው በላ ነካሽ የሰው ውሾች በየቀኑ ሲያርዱ ሲያፈናቅሉና በአካል ላይ ጉዳት ሲያደርሱ እና ሲሰውሩ ሮጣችሁ አትዘግቡም ስለ ባይደን ውሻ 111 ሰው መንከስ ዜና ስትሰሩለት ትንሽ እፍረትና ሰው ምን ይለኛል መተዛዘብ ቀረ ? ነገሩ ምን ታደርጉ በአሜሪካ መንግሥት በጀትስ አይደል በአስተሳሰብ ያልዘመነውና ያልተሻገረው ሚዲያችሁ የሚተዳደረው ማፈርያዎች ናችሁ ።,1,2,0,0,0,0
amh_train_track_b_00233,አሜሪካዊው ራፐር ዲዲ ድጋሚ በመድፈር ወንጀል ክስ ተመሰረበት,0,0,0,0,0,0
amh_train_track_b_00234,ጋሽ አብይ አህመድ ይህን ወደብ የሚባለዉን አሻንጉሊት የመጠዉ ጥሩ ነገር ሠርቷል ጀግና ለማባልና በሀገሪቷ ዉስጥ እየስፈፃመ የላዉን ጭፍጫፋና ዘራፋ ትኩራት የመስቀያሪያ አጀንደ እየሠራ ነዉ እንጅ እዉነተኛ ወደብ ፈለጊ ሆኖ አይደለም ወደቡ አንጋብጋቢም አይደለም,1,1,0,0,0,0
amh_train_track_b_00235,ምራቅህን እይትፉህ አታውራ አህያ ቡቅባቃ ድቅዳቃ !,0,3,0,0,0,0
amh_train_track_b_00236,ይህ የምዕራባውያን ልገሳ ውጠቱ አደገኛ ነው ሩስያ በእነዝህ መሳሪያዎች ከተጠቃች ብቀላዋ ኒውክልር ቦምብ በተለያዩ የዩክሬይን ከተሞች ላይ ማዝነቧ አይቀርም በዝህም አጋሮቻ ጣልቃ ብገቡ,0,0,0,0,1,0
amh_train_track_b_00237,ተመስገን ቤተክርስቲያናችንን ይጠብቅልን አደራ በአቋማችሁ ጽኑልን ማኅበረ ቅዱሳን በምንም አጋጣሚ የቀን ስራም ሰርተን የገንዘብ ድጋፍ ኤንደግፋለን እንጂ በገንዘብ ሰበብ ምንፍቅርና እንዳይገባብን  ብጥር ጥርት እንዳለች ለልጅ ልጅ ማድረስ አለብን ይሄ ደግሞ የሁላችን ትብብር ነው ተስፋ ያደረግነው ማለትም የእስካሁኑ አገልግሎት እሚያኮራ ስለሆነ ነው,0,0,0,3,0,0
amh_train_track_b_00238,እኔም ተጠራጥሪያለሁ ። ለዛም ነው አስትያዬት ከመስጠት የተቆጠብኩት ። ግን አይልም አይባልም ከዚህም የከፋ እያደረጉ ነው ።,1,0,0,0,1,0
amh_train_track_b_00239,በኦሮሞ pp እጅ ካሉት በላይ አስፈሪ የሆነ የለም። ሃላፊነት የሚሰማቸው ፍጡራን አይደሉም ?,0,1,0,0,2,0
amh_train_track_b_00240,ማቲው ፔሪ ለሕልፈት የተዳረገው ኬተሚን የተባለ መድኃኒት ከልክ በላይ በመወሰዱ ነው ተባለ,0,0,0,0,0,0
amh_train_track_b_00241,የዲማሽ አስገራሚ ሙዚቃ ነፍሴን ይሞላታል ፣ ደስተኛ ያደርገኛል STRANGER TOUR ElAmorEnTi TheStoryOfOneSky,0,0,0,2,0,0
amh_train_track_b_00242,ሰልፍ ማለት እጅ አጣምሮ እንደማውራት አይደለም ሞት ያስከትላል መሰዋት ደግሞ ተስፋ ለሚታይበት ነገር ቢሆን ሕገመንግስቱ ይፈቅዳል  የሚያስተዳድረን መንግሥትስ,1,0,0,0,0,0
amh_train_track_b_00243,አንተ ብቻ ብልጥ! ሰይጣን አወዳደቁ የከፋ ነው ያንተም እንደዛው ነው!,1,2,0,0,0,0
amh_train_track_b_00244,ሰበርበአዲስ አበባ ያልታሰበ አስደንጋጭ ጉድ እልቂት ተደግሷል ጌታቸውና ታደሰ ወረደም አአ ናቸው Abel birha via,0,0,0,0,1,0
amh_train_track_b_00245,እንኳን ደስ ያለህ ውድ,0,0,0,2,0,0
amh_train_track_b_00246,የእናትም ጨካኝ አለ ለካ አይዞሽ አልፎ ታይዋለሽ ጀግኒት ዋናው ተስፋ አልመቁረጥሽ ነው,0,0,2,0,0,0
amh_train_track_b_00247,እናት ስትደሰት እደማየት ምን ደስታ አለ,0,0,0,2,0,0
amh_train_track_b_00248,"""በዚህ ስምምነት የሚጎዳ ማንም ሃገር የለም፤ ሕግም አልተጣሰም"" የኢትዮጵያ ኮሚዩኒኬሽን አገልግሎት",0,0,0,0,0,0
amh_train_track_b_00249,ዝነኛው ፓስተር ቲቢ ጆሽዋ ምዕመናንን መድፈሩን እና ማሰቃየቱን የቢቢሲ ምርመራ አጋለጠ,0,0,0,0,0,0
amh_train_track_b_00250,ቻን ዛሬ ወንድ ወጣክ ጉሩ ደግ አደረገሽ,0,0,0,1,0,0
amh_train_track_b_00251,#ቶማስ እውነትህን ነው ሁላችንም አስመሳዮች ነን ጢርሷ ነው ሚማጣልኝ ይላል ቂጧ ማለት ፈርቶ እኮ ነው ለጌጤም ይሔን አስመሳይ እዪው በላት እሺ ማቶስ😏,0,1,0,0,0,0
amh_train_track_b_00252,"Hasssen Mohammmed የናንተ ጥላቻ ይገርመኛል, የአንድ አግሪ ህዘብ መሆናችን ከቶም የራሳቸው ይመስለኛል።",0,1,0,0,0,0
amh_train_track_b_00253,ሀማስ እንዲህ በቀላሉ አይጠፋም። ምክንያቱም የዛሬ 20 ወደ ኃላ እንመለስና ብናስብ የእስራኤል እና የእስራኤል አሽከሮች ሀማስ አጠፋነው ሲሉ ነበር። ነገርግን ሃማስ እንዲህ እሷ እንደምታወራው ያለ ድርጅት አይደለም። የእስራኤልን የስለላ እና የድህነት የሮኬት መከላከያ ሸውደውና ሸዋውደው በእስራኤል ከሚፈልጉት በላይ ጥቃት ፈጽመዋል ወደፊትም ጥቃት ይፈጸማሉ የእስራኤል መንግሥትም ከቀጠናው ሕዝቡን ጥሎ ወደ አሜሪካ ይሄዳል። የእስራኤል እና የፍል,1,0,0,0,0,0
amh_train_track_b_00254,የቢቢሲ የመቶ ዓመት ዕድሜ እና 10 ትውስታዎች,0,0,0,0,0,0
amh_train_track_b_00255,ጀግኖች የመኖች  የሀማስ ታናሽ ወንድሞች የሂዝቡላህ ድል ለፍልስጤም ሞት ለእስራኤል ለሰው በላ ሰይጣኖች ጃልማሮ እና እስራኤል እሴት እና እህፃን ላይ ነው ወንድነታቸው ንፍሮውች,1,2,0,0,0,0
amh_train_track_b_00256,አቶ አረጋ ከበደ ስልጣነወን ለማቆየት ብለው የህዝብን ስቃይ ደብቀው አያውሩ ለክልሉ ሚመጠን ሀቅም ስልጣን የሎትም ወሪ ብቻ ነው,1,1,0,0,0,0
amh_train_track_b_00257,እራሳችሁ ለጥፋችሁ ማስጮህ ትንሽ አይከብድም? ቢዬንስ ትንሽ እውነተኛ የሚመስል ነገር ለጥፉ በናንተ ቤት ህዝቡ ደደብ ነው በቃ።,2,1,0,0,0,0
amh_train_track_b_00258,መጣም ደስ ይላል ግን ልብ አጠልጣይ ነው,0,0,0,2,0,0
amh_train_track_b_00259,መቼ ነዉ ፈዉስ የምጀምረዉ አልፈወስም ካለክ እንለመድከዉ ፕራንክ ነዉ ትላለክ።አመዶ,0,1,0,0,0,0
amh_train_track_b_00260,በዋነኛው የናይጄሪያ አየር ማረፊያ የአውሮፕላኖች መንደርደሪያ መንገድ መብራት ተሰረቀ,0,0,0,0,0,0
amh_train_track_b_00261,Kidì Ënåtèn Nãfàkì እናንተ ለአለም ትጨፍሩ ያለ ለእግዚአብሔር መጨፈር አያሳፍርም ከተጨፈራም እሱስ ከዘለዓለም ሞት አምልጧል ለአንተ እልባኝ እንጂ ከፍርድ አሜልጥ ወንድሜ አንተም እቺ አለም አታላይ ናት ያለ ክርስቶስ ሁሉም የከንቱ ከንቱ ነው “በእርሱ የሚያምን ሁሉ አይፈረድበትም፤ በእርሱ የማያምን ግን በአንዱ በእግዚአብሔር ልጅ ስም ስላላላመነ፣ አሁኑኑኑ ተፈርዶበታል።” — ዮሐንስ 3፥18 (አዲሱ መ.ት) ፍርድ ውስጥ,1,0,0,0,0,0
amh_train_track_b_00262,ብሊንከን የጋዛ የተኩስ አቁም ጥሪን ውድቅ አደረጉ,0,0,0,0,0,0
amh_train_track_b_00263,ምን አለበት አቢይ በሚባል ውሻ የሚነከሰውን የኢትዮጵያን ህዝብ መከራ ብትናገሩ! ማፈሪያ ሁላ!,1,2,0,0,0,0
amh_train_track_b_00264,የማንደግፍህ ትክክለኛ ዘርኛ ውሽታም አጭበርባሪ ስለሆንክ እንጠለሃለን በነተ ግዜ አማራው ተስቃየ ከቤቱ ተባርሩ ሞተ ተስደደ እና ምን አይተን እንደግፈ የሳዝና,1,2,0,0,0,0
amh_train_track_b_00265,እህህ በጣም ያሳዝናል ወይኔ ወገኔ,0,0,3,0,0,0
amh_train_track_b_00266,ወሬ ምን ያደርጋል!,0,0,0,0,0,0
amh_train_track_b_00267,አይ የነገራ ነገር። ግራ ገብቶህ ነው። ስጋት ላይ ያለኸው አንተ ነህ። ያማራ ስም ተውሶ አማራን ይሳደበል። ዘላን። ከብት ጭራ ላይ ተንጠልጥሎ እበት ሲንጠባጠብ ያደገ። አረመኔ።,1,2,0,0,0,0
amh_train_track_b_00268,በትግራይ ህዝብ ላይ የተፈፀመው ግፍ መከራ መጠኑና ጥልቀቱ የሰው ፍጡር ከሚገምተውና ከሚያስበው በላይ ነው የአማራ ታጣቂ ሐይሎች በሸራሮ ከተማ በእርጉዝ እናት ላይ ፆታዊ ጥቃት እና,0,2,2,0,0,0
amh_train_track_b_00269,የሰው ልጅ ትኋንን ማጥፋት ያልቻለበት ምክንያቱ ምንድነው?,0,0,0,0,0,0
amh_train_track_b_00270,በጣም ያማል 💔 ፈጣር መጨረሻሽን ያሳምርልሽ,0,0,3,0,0,0
amh_train_track_b_00271,የአራት ኪሎ ጀግና ነበር።የአበሻ ፌት ደፍሮ የማይቆም ፈሪ ቦቅቧቃ ነው።በቅልብ ጠባቂዎቹ ተደብቆ አገር ያጠፋ ደም እንደ ጎርፍ ያፈሰሰሰ፡የጓደኞቹን ሕይወት የቀጠፈ ርጉም አረመኔ መደዴ መሃይም ነው።,0,3,0,0,0,0
amh_train_track_b_00272,አበባዋኢትዮጵያ በኩብረ ጠቅላይ ሚኒስቴር ዶክተር አብይ አህመድ የሎሬት ተሸላሚ የአፍሪካዊያን ኩራት የኢትዮጵያዊ መሪ ዘመን Ethiopia,0,0,0,2,0,0
amh_train_track_b_00273,መን አቃጠለህ አንተ ሴሰኛ ሶፋንያስ,0,2,0,0,0,0
amh_train_track_b_00274,ከዚህ ቦሃላማ ምንንም መርዳት ያስፈራል ምድረ ውሸታም ነውረኛ ህዝብ,1,2,0,0,1,0
amh_train_track_b_00275,‘የአፍሪካ አቪየሽን አባት’ የሚባሉት አቶ ግርማ ዋቄ ማን ናቸው? ለምንስ ከሰሞኑ አነጋጋሪ ሆኑ?,0,0,0,0,0,0
amh_train_track_b_00276,ስለ ሬጌው ንጉሥ ቦብ ማርሌይ አራት አስገራሚ እውነታዎች,0,0,0,0,0,1
amh_train_track_b_00277,አያጅቦ ግርማ የሽጥላ ከህዝብ ጋር ወግኗል የሚል የጅላጅል ዘፈን እያደመጥኩ ነው ከአንድ ሳምንት በፊት ድንገት ከንቅልፉ ሲነቃ በተግባር ለአመታት ያሳየን ጥልቅ የአማራ ጥላቻው,0,2,0,0,0,0
amh_train_track_b_00278,ከኢትዮጵያ ህዝብ የሠረቃችሁትን በሀገሬ ውስጥያሉትን ፎቆች ባንክ ውሥጥ በሚስቶቻሁ ያሥቀመጣችሁትን ገንዘብ በየውጭ ሀገር ቤት በመግዛት ዶላር ያስቀመጣችሁትን በቅርብ ቀን ወደ ደሀው ህዝብ ተመልሦ ሥራ ለህዝቡ ይከፈታል ከረሀብ ይገላገላል ደሀው ሕዝብ ዝናብ ከሚያፈሥበት ቤት አይሉት ደጅ አይሉት በስቃይ የሚኖሩት ሥምንት ዘጠኝ ልጆች በስቃያ ለምታሣድጉት ማሣ በልት እራት የማይደግመውን ደሀ ሕዝብ እግዚአብሐር እንባችሁን ቆጥሮላቸሁ ዶክተር አብይን,1,0,1,0,0,0
amh_train_track_b_00279,ሸለፈታም የባሉት አረመኔ ኤርትራውያን ናቸው  አረመኔ ኤርትራውያን ከምድር ገፅ ካልጠፉ የኢትዮጵያ ህዝብ በሰላም መኖር አይችልም  አረመኔ ኤርትራውያን የምንግዜም የኢትዮጵያ ህዝብ ጠላቶች ናቸው,1,2,0,0,0,0
amh_train_track_b_00280,ይህ ዜና ለአንዳንድ አውሬ እንሰሳዎች ደስታ የሚሰጣቸው አሉ።በጣም የሚያሳዝን ነው።የማንኛውም ሰላማዊ ሰው ሞት ሊያስደስት አይገባም,1,0,2,0,0,0
amh_train_track_b_00281,ኧረ ይሄ የአመቱ ምርጥ ውሸት ነው😀😀😀,0,1,0,0,0,1
amh_train_track_b_00282,ለአንድ ሰአት ከሰላሳ ደቂቃ ያህል አይናችንን ለአፍታ ሳንነቅል ጀዋር ከጋዜጠኛ ደረጀ ሀይሌ ጋር ያደረገውን ቃለመጠይቅ ተከታተልን እንደ ሌላው ጊዜ ሁሉ ጀዋር በእራሱ ተይዙ የነበረውን የቀጥታ ስርጭት ሪከርድ በእጥፍ በጣጠሰው ከ60 ሺ ተመልካች በላይ በዩቲዩብ በቀጥታ የተከታተለው ሲሆን በቴሌቪዥን ስርጭት ደግሞ ከተማዋን ፀጥ ረጭ ያደረገ ክስተት ተፈጥሯል ዝምታ ነግሶ ጫጫታ ጠፍቶ መጠጥ ቤቶች ሳይቀሩ ዘፈን ቀንሰው የጀዋርን ቃለመጠይቅ ተከታት,0,0,0,1,0,0
amh_train_track_b_00283,Identity crisis ይለበት house slave! ይህ ሰው ዶክተር አንጋሳ በሚገባ የገለፃቸውና አባት የሌላቸው ዲቃላ አይነት ይሆን?,0,2,0,0,0,0
amh_train_track_b_00284,ኢንሻአላህ ነስር የንፁሀን ደም የህፃናት ሞት ይፉረድባቸዉ,2,0,0,0,0,0
amh_train_track_b_00285,የሚገርም ነው ታምረኛው የኢትዮጵያ ሀገረ ጠቅላይ ሚንሰተር አይተኘም ሰራ ይሉችሀል እንዲህ ነው ሁሉም ሰው እደሱ ለሀገሩ ቢሰራ የት በደረሰ ኢትዮጵያ ሀገራችን,0,0,0,2,0,0
amh_train_track_b_00286,ዋዋዋዉ ደስ ይላል ሚኮ እንኳን ጌታ ራደህ በቤቱ”ያጽነህ።,0,0,0,2,0,0
amh_train_track_b_00287,አንተ ማለት ሰው አፍ ውስጥ ድንገት የሚገባ ትንኝ ነህ። ሚቀኛ፣ አክ እንቱፍ። በረከት ብሎ ስም፣ የቁጩ (fake) ክርስትያን።,0,3,0,0,0,0
amh_train_track_b_00288,? የራስህን አገር ሰላም ርቆት፤ ሕዝቡን violence እረፍት ነስቶት፤ ሁሉ ነገር ጭንቅ ሆኖ መፍትሔ ሳታመጣ ሌላ አገር ሄደህ እና,1,1,0,0,0,0
amh_train_track_b_00289,በ7 ወሩ ማግኘት እኮ ምስጋና አያስፈልገውም ይልቅስ የተቋሙን ድክመት ነው የሚያሳየው,0,0,0,0,0,0
amh_train_track_b_00290,አብ አለ፡፡ 1 ጴጥሮስ 117 ሀዋርያዎቹ አሉ፡፡ ማቴዎስ 1928 ፃድቃን አሉ፡፡ 1 ቆሮንቶስ 62 tweet ካረገው ሰው ነጥብ ባንርቅ ጥሩ ነው፡፡,0,0,0,0,0,0
amh_train_track_b_00291,አለም ምንያህ ኢፍትሀዊ ዲሞክራሲን የሚያቀነቅኑ የምእራባዊያን ሀገራትም ምንያህል መናፊቅ አታላይና ቀጣፊ ጨካኝና አረመኔ እየሆኑ ነው? የኢራቅ የፊሊስቲን የአፍጋንና የሌሎች ንፁሀን ደም መፍሰስ የሀገራት መፍረስ በቀጥታ ተሳታፊዎች ናቸው አሁን በፍፁም ስለ ፖለስታየን ንፁሀን ደም እዲፈስ ይተባበራሉ ስለገዳይ አረመኔ እስራኤል ያነባሉ,0,1,0,0,0,0
amh_train_track_b_00292,ለእስራኤል ምንም አይነት ሀዘን አይመጥናቸውም ጭራሽ ለደረጉት ነገር እዴትም ብለው ሀዘን ቢገጥማቸው በቂ አይደለም,1,1,0,0,0,0
amh_train_track_b_00293,እኔ ያልገባኝ ነገር መጀመሪያ ማን አይዞህ ብሎት ነው ከአሜሪካ ጋር ሰጣ ገባ ውስጥ የገባው? ኮትኩተው እንዳሳደጉት አለቆቹ እየታዘዘዘ የስልጣን ዘመኑን እያራዘመ መኖር አይችልም ነበር ወይ? አሁንእኮ ሁኔታው አይኑን አፍጥጦ ገሀድ ወጥቷል በሀገር ላይ ስንት እልቂት የፈፀሙ ሰወች ለህግ አይቅረቡ፣ ተይዘው የታሰሩ ሰወች ይፈቱ የሚለው ትዛዝ ከአሜሪካ ከመጣና መንግስትም ተቀብሎ ከፈፀመ የሀገርን መከላከያ ሠራዊት እንዲጨፈጨፍ ትዛዝ የሰጠው,1,0,0,0,0,0
amh_train_track_b_00294,እግዚአብሔር ይባርክህ ከነ ቤተስብህ የይጌን ባለቤት ሳላደንቅ አላልፍም የሷ ውጤቶች ናችሁ,0,0,0,3,0,0
amh_train_track_b_00295,ምን መጠየቅ ያስፈልጋል አብይ እኮ ኢስራኢል ወራሪ ሀገር ነች ብሏል,1,1,0,0,0,0
amh_train_track_b_00296,ሞት ሚስጥር ነው ድንገት ነው ከች የሚለው ያለ ቀጠሮ እኛ ብዙ እናልማለን ብዙ እናቅዳለን ብዙ እናስባለን ሞት ግን ሁሌም ከጎናችን ነው ድንገት ከች ይልና ወደ ሌላኛው ዓለም እንጓዛለ,0,0,0,0,1,0
amh_train_track_b_00297,ይሄ የዋህ ህዝብ እኮ መንግስት አለ ብሎ ያምናል በተለይ የአአ ህዝብ መንቃት አለበት ተኝቷል ወለጋእና አሩሲ የሚፈፀመዉ ዘግናኝ ድርጊት ከበሩ እየመጣለትነዉ,1,1,1,0,0,0
amh_train_track_b_00298,ፁዕ አባታችን ቡራኬዎ ይድረሰን ይፍቱን ከየትኛውም ግዜ በላይ ከቤተ ክርስቲያን ጎን መቆም ያለብን ግዜ ነው ብዬ አምናለሁ ጫናው በአባቶቻችን እና በቤተ ክርስቲያን ላይ እየበዛ እየሄደ መሆኑን በግለጽ እና በድፍረት ከአባታችን ሰምተናል ለሰላም ሲባል ከቀኖና ውጪ የተሠራውም ሥራ ሰላም አላመጣም በተቀራኒው የቤተ ክርስቲያንን ፈተና እና ስቃይ ነው የጨመረው ሆን ተብሎ የአባቶቻችንን እና የቤተ ክርስቲያን ክብር የማዋረድ እና ተራ ተርታ ተቋም አድ,0,0,1,0,0,0
amh_train_track_b_00299,የትግራይ ጊዜያዊ ርዕሰ መስተዳደር ሆነው የተሾሙት አቶ ጌታቸው ረዳ ማን ናቸው?,0,0,0,0,0,0
amh_train_track_b_00300,በጣም ያሳዝናል የአላም መግሰታት ከቁጣ መግለጫ የዘለለ ምንም አይነት እርምጃ አለመውሰዳቸው አላህ የፈራጆች ሁሉ ፈራጅ ነው አልሀምዱሊላ የጊዜ ጉዳይ ነው,0,0,3,0,0,0
amh_train_track_b_00301,ይሄን ሁሉ እያወቅ ለም ነው ኣንተ ለተሳዳቢዎችና ጦርነት ቀሽቃሾት ጋዜጤናዎች ሽልማት የሰጥሃቸው,1,0,0,0,0,0
amh_train_track_b_00302,በቡድን ጋንግሪን፣ በ መሪዎች እብሪት የቀጠለው አገር ከመሠረቱ የማናጋት ዕቅድ አስፈሪ ምዕራፉን ቀጥሏል! የማይጠፋ ቀውስ ምንጩ የተዳፈነ ዝምታ ነው!,0,1,0,0,1,0
amh_train_track_b_00303,ሞት ከተባለ እንዲህ ነው ሞት በእህት ጽጉ የኋላሸት via,0,0,0,0,0,0
amh_train_track_b_00304,እንኳን ደስ አላቹሁ መልካም ጋብቻ ይሁንላችሁ በአየር ሀይላችን በዓል ቀን የጋብቻ ቀለበት ስለአረጋቹ,0,0,0,2,0,0
amh_train_track_b_00305,አንጀቴ አሮ ከስሏል እንጅ ታርሰኸው ነበር  እድሜ ይስጥህ እንዲህ ሰው ሲነካ,0,0,1,1,0,0
amh_train_track_b_00306,እወለዳለሁ ብሎ ከተወለደ፥ እሞታለሁ ብሎ ከሞተ፥ እነሳለሁ ብሎ ከተነሳ፥ እመጣለሁ ብሎ አይቀርም፡፡ መልካም የትንሳኤ በዓል,0,0,0,1,0,0
amh_train_track_b_00307,ይሄን ትቢት የተሞላዉ ንግግርህን በኤርትራ ላይ ነዉ,1,1,0,0,0,0
amh_train_track_b_00308,አንተ ቅማላም ትግሬ አንተ ተቀበልክ አልተቀበልክ ኤርትራውያን ደንታ ይሰጠዋል እንዴ የሆንክ እበት አላህ ወ አክበር,1,2,0,0,0,0
amh_train_track_b_00309,እስት ለኢትዮጵያ 82ቱ ብሄሮች ያላችሁትን ጥላቻና ንቀት አስብ,0,1,0,0,0,0
amh_train_track_b_00310,የፖለቲካ ጥያቄዎች በኢትዮጺያዊነት ጥላ ስር ብቻ እንደሚፈቱ የቢሄር ድርጅቶችም ጭምር ማመን ጀምረዋል። ከዛ ውጪ ያለው መንገድ የማያባራ የግጭት መንገድ መኮኑን መገንዘባቸው መልካም ነ,0,0,0,0,0,0
amh_train_track_b_00311,ሰው ከዘላለም ሞት ሊድን የሚችለው በመልካም ስራውና ለፈጣሪ ላለው ፍጹም እምነት፣ለቃሉ ታዛዥና ተገዢ እንጂ ሀይማኖት አያድነውም።,0,0,0,0,0,0
amh_train_track_b_00312,እግዚአብሔር የሰውን ደም በከንቱ የሚያፈሱትን አረመኔዎችን አጥብቆ ይፀየፋቸዋል የሚፈሰው የሚስኪኑ አማራ ገበሬ ሐረጋዊያን ህፃናት ደም ወደ እግዚአብሔር እየጮኸ ነው ብልፅግና በግብሩ ብልግና የሆነው የጨካኞችና የአረመኔዎች ስብስብ ነው በጠንቋይና በሐሰተኛ ነብይ የሚመራ እብድ ንጉስ እድሜው አጭር ነው አወዳደቁም የከፋ ነው ይ,2,2,0,0,0,0
amh_train_track_b_00313,ያንተ ተከፍቶ አየነው መንጋ ሱማሊላንድ ቀይባህር ነች ስትባል አዋ የምትል 30ሚሊየን ህዝብ ተርቦ ከ5 ሚሊየን ህዝብ በላይ ተፈናቅሎ 600 ልማታዊ ፍብሪካዋች ተዘግተው ከ4 ቢሊየን አመታዊ ገቢ ወደ 2 ቢሊየን ዝቅ ባለበት 33 ሚሊየን እዳ መክፈል ያቃታት ሀገር ነች አይምሮህ የተከፈተው ሰውየ ደግሞ የምትለው ነዳጅ ተብለን ተንበሸበሽን ዝናብ ታዘንባላቹ እንደዱቄት የተበተነ ጋር ትደራደራላቹ እኩያን በሌላው የደረሰው ግፍ መከራ መፈናቀል ግድያ,3,0,0,0,0,0
amh_train_track_b_00314,የኢትዮጵያ ታሪክ እያደር ግራ እየገባው ተቸገርንኮ ጎበዝ ሰዎች ታሪክኮ አይቀየርም እንዳለው ልቅም ተደርጎ ነው የሚፈሰው አጭበርባሪ ሁላ እንዲሁ ግራ እንደገባችሁ ምድር ተጠቅልላ ታልፋለች,1,1,0,0,0,0
amh_train_track_b_00315,በመሰረቱ የኦሮሞ ወንድ ታማኝ ነው በትዳሩ ጨዋና ቤቱን አክባሪም ደሞ ከዘመኑ ጋ አገናኙት አሏቹህ ግን ልጅ ፊት እንዲ ያለ ፕራንክ አትስሩ አይምሮው ወስጥ መጥፎ ነገር ይቀረፃል,0,0,0,0,0,0
amh_train_track_b_00316,ፍጹም ዕውነት ነው! ይሁን እንጂ፤ ይኼን አውቆ ለነፃነቱ የሚታገል ማን ነው? ሁሉም ነፃነትን የሚፈልገው በሌላው ሞት ስለኾነ፤ በሁ,0,0,1,0,0,0
amh_train_track_b_00317,ሬሳው እንኩዋን በክብር አልተቀበረም ፤ መርዶ ነው ፤ ሬሳው የትም ነው የቀረው ። ለክብሩ ነው የፈነራል ስነስራቱ የተደረገው ። ያማል ለጤነኛ ሰው ።,0,0,2,0,0,0
amh_train_track_b_00318,ወይ መከራ የኔናት አላሕ በደልሸን የምትረሸበት በደሰታ የሚቀየር ዘመን ይሑንልሸ ውዴ,0,0,2,0,0,0
amh_train_track_b_00319,አሜንንን አሜንንን አሜንንን አሜንንን 😭🙏🙏🙏,0,0,0,1,0,0
amh_train_track_b_00320,አለምነህ አንተ ምርጥ ጋዜጠኛ ነክ አለም የሚዘግበውን ዜና ነው የምትዘግበው ማንም ተነስቶ ቢሳደብ ቦታ አትስጣቸው የራሷ አሮባት አሉ ምነው አገራቸው ለሚፈሰው ደም አልጮሁም አንተ ዘግብልን በዚህ በሚያምር ድምፅ እግዚአብሔር አለምን ሁሉ ሰላም ያድርግልን,0,0,0,2,0,0
amh_train_track_b_00321,ሶፎንያስ የድንግል ማርያም ስም ሲጠራ ደነገጠ ለእኛ ግን ከልጇ ከአምላኳ ዘንድ ታስታርቀናለች,0,1,0,0,0,0
amh_train_track_b_00322,አምላኬ ሆይ ምን አለ ጦርነት የሚባል ነገር ባይኖር,0,0,2,0,0,0
amh_train_track_b_00323,ባይናንስ፡ የዓለማችን ግዙፉ ክሪፕቶከረንሲ መገበያያ  ኃላፊ በሕገ-ወጥ የገንዘብ ዝውውር ጥፋተኛ ነኝ አሉ,0,0,0,0,0,0
amh_train_track_b_00324,እግዚአብሔር የተመሰገነ ይሁን ድንቅ ዘማሪያችን እንኳን ደህንና መጣክ,0,0,0,1,0,0
amh_train_track_b_00325,አይ EBC የብልፅግና ማይከ እንደሆናችሁ ትኖሩ። የዜጎቻችን ሞት ና ራብ አንዲት ቀን አትዘግቡም። ስለ አሜሪካ ውሻ መንከስ ምን አገባን።,1,1,0,0,0,0
amh_train_track_b_00326,ችሎታህ የማይዋጥላቸው ጠላቶችህ በውሃ ላይ ስትራመድ ቢያዩህ ዋና ስላማይችል ነዉ ይሉሃልጠላቶች መልካም ነገር እንዲገጥምህ በአፋቸው ምኞታቸው እንደሆነ ይገልፁልሃል መልካሙም,0,0,0,0,0,0
amh_train_track_b_00327,አቤል ግን ያአማራ ጥላት መሆንህን ስላሳወከን በጣም እናመሰግናለን  የአማራ ልጆች ይሄን ሚዲያ አንሰብስክራይፖ እያደረጋቹህ እንድትወጡ በሚጨፈጨፈዉ በአማራ እጠይቃለዉ,1,1,0,0,0,0
amh_train_track_b_00328,የ AA Twitter page ላይ ስለነዚህ ግለሰቦች የተፃፈ ምንም ነገር የለም ማስረጃ ካለሽ ብታጋሪ መልካም ነው አለበለዚያ መሰረተ ቢስ ውንጀላ ይሆናል,0,0,0,0,0,0
amh_train_track_b_00329,አሁን አዳሜ ድንገት የኦርቶዶክስ ራስ የሆነችውን የአክሱም ጺዮን ቤተክርስቲያን መዳከም መታረዝ መጠማትን ተከትሎ ኦርቶዶክስን ለሁለት ሰነጠቀልህ ምናልባትም ለዐራት። ቀጥሎ ሁሉም እስላ,1,1,0,0,0,0
amh_train_track_b_00330,ክልሎች ጽንፈኛ አመለካከት የተሸከሙ ወጣቶችን አዲስ አበባ ላይ ማራገፍ ማቆም አለባቸው። ከተማዋ አስፈሪ መሆን የጀመረችው ባለፉት 5 አመታት በተደረጉ ፍልሰቶች ነው። አላማው ያልታወቀ,1,1,0,0,0,0
amh_train_track_b_00331,አምላክ ክርስቶስን ተንበርክኮ በፀሎት ማናገር ነበር ከፍ የሚያደርገው። ጆ ባይደን የሴጣን ተላላላኪ የሆነ የጨረጨሰ በዳይፐር የሚንቀሳቀስ አስቀያሚ ሽማግሌ ነው። እሱን በስልክ ከምናወራ በፈጣሪ አርዳታ መተማመን ይሻል ነበር። ኢትዮጵያ ሁሌም እጆቿን ወደ እግዚያብሄር ትዘረጋለች።,0,2,0,0,0,0
amh_train_track_b_00332,በጣም የሚገርም ነው አይሁድ ሲሳለቁ እንሆ ንጉሳችን ይሉ ነበር ቅዱስ ህያው የእግዚአብሔር ልጅ እግዚእብሔርወልድ እየሆነ ያልው ነገር እጅግ ከበደን በሰማይ መን,0,0,1,0,0,1
amh_train_track_b_00333,የሚገርም ነው Wow  ካሁን ቡሃላ የሚያባላን ታሪክ ትርክት ወይም ሃውልት አያስፈልገንም ብራቮ አብቹ እና አዳነች,0,0,0,1,0,1
amh_train_track_b_00334,ይሄን ድምፅ፣ እንዚህን ቃላቶች የት ነው ያማውቃቸው ብዬ ሳስብ ፣ መልሱ ድንገት ብልጭ አለልኝ። ከአምስት አመት በፊት የሰፈራችን የነዋሪዎች ፎረም ሰብሳቢ የነበረ ጥርብ ኢህአዴግ ትዝ አለኝ ።,0,1,0,0,0,0
amh_train_track_b_00335,ለሚሰማና ለሚያነብ ሰው ይኸ ግልፅና አጭር መልዕክት ነው ለማይሰማው ደንቆሮ ደሞ አንዴ እየሰማ ስለማይሰማ ይኸ ህገመንግስታዊ መብት ነው የራስክን እምነት ተከተል አይመለከትህም በለው,1,1,0,0,0,0
amh_train_track_b_00336,ይህን አስፈሪና አደገኛ አካሔድ ኢትዪጽያ አለችን? ያሰኛል መንግስትስ አለን? ዛሬ በባጃጂ ሺፌሮች ላይ የሚደርሰዉ ኢሰብአዊ ድርጊት ነገስ በነማን ላይ ይመጣ ይሆን።,0,0,0,0,1,0
amh_train_track_b_00337,ሻኪራ ጄራርድ ፒኬን በተመለከተ ያወጣችው የሙዚቃ ቪዲዮ ክብረ ወሰን ሰበረ,0,0,0,0,0,1
amh_train_track_b_00338,የአማራ ብልጽግና እውነት አምኖበት ከሆነ በጣም የሚገርም መግለጫ አውጥቶል ባለፈ ታሪክ ምርኮኞችና በነገው ተስፋችን ቁማርተኞች ሕልውናዋን የማታጣ ሀገር መገንባት ከሁላችንም የሚጠበቅ ሃላፊነት ነው ከመግለጫው የተወሰደ,0,0,0,2,0,1
amh_train_track_b_00339,በሶዶ ከተማ ትላልቅ ፎቆች ሲሠሩ አንድ የተዘነጋ ነገር እየተስተዋለ ነውይኼውም በእያንዳንዱ ሕንፃ ሥርና ዙሪያ parking የመኪና ማቆሚያዎች አብሮ ከፕላን ጀምሮ እስከ ግንባታ ሂደት ትልቅ ትኩረት ቢሠጣቸው መልካም ነውምክንያቱም ለከተማዋ ተጨማሪ ውበት የሚሠጥ ሲሆን  ዘመናዊነትን ከማላበስም አልፎ ለማዘጋጃ ቤቱም ተጨማሪ የገቢ ምንጭም ሊሆን ይችላል,0,0,0,0,0,0
amh_train_track_b_00340,ያሳዝናል  ጀዋር ወደ ተራ ካድረነት ተቀየረ  አብይን ለመደገፍ ብሎ ይዘባርቃል  ከአብይ ባልተለየ ለጥቅም ብቻ የሚያወራ ሰዉ መሆኑ ያሳዝናል,0,1,2,0,0,0
amh_train_track_b_00341,እንካን እርስዎም ከነቤተሰብዎ አደረስዎ ! ግን እዚህ ላይ በእርስዎ እንካን አደረስዎ ምን አይነት ሰው ነው ዲስላይክ የሚያደርጉት በጣም የሚገርም ነው እንካ,0,0,1,1,0,1
amh_train_track_b_00342,ውበትና ደምግባት ከንቱ ነው የምመካበት በእግዚአብሔር ይመካ በአፈር መልክና ውበት አይመካ ወንድሜ,0,0,0,0,0,0
amh_train_track_b_00343,?እሼ ስርፕራይዝ ተደረገ አለቀሰ እና የናቷን ማስታወሻ ወርቅ የሰጠችው ጀግና via,0,0,0,0,0,0
amh_train_track_b_00344,ጥቁር ለብሶ እያላዘነ ሀዘን የተከናነበዉ ማን ነዉ?,0,0,1,0,0,0
amh_train_track_b_00345,እንደ ልማድሽ እሱንም ፐተሽ ለላውን ሌማሴር ግንድ እየፍልግሽ ይሆናል ባክሽ አናውቃቹም ሆዳም ሁላ,1,1,0,0,0,0
amh_train_track_b_00346,የቀድሞው የደቡብ አፍሪካ ፕሬዝዳንት ጃኮብ ዙማ አዲስ ፓርቲ መሠረቱ,0,0,0,0,0,0
amh_train_track_b_00347,ወይኔ አንጀቴን በልታኝ ነበር ጌታን ደሞ ያንተ ትዕግስት የልጃቹ ማማማር ባለቤትህ እንቁ ናት she have a big true love be blasssd !!!,0,0,0,2,0,0
amh_train_track_b_00348,የአማራን ልጅ በአሁኑ ሰአት መከላከያ ለመግደል ምን እየሰራ እንደሆነ መሬት ላይ ወርዳችሁ እዩት በጣም ያሳዝናል የሚሰራው ስራ ወያኔ በወልቃይትም በራያም እየተጠጋ በቦታው ሰው እየሾመ ነው,0,0,2,0,0,0
amh_train_track_b_00349,እሽ አይተነዋል ወደነዋል ግን በጀት የለንም🤣🤣🤣,0,0,0,1,0,0
amh_train_track_b_00350,እብካቹህ የሄን ዲያቢሎስ አብይ አህመድ ንፁሓን ሽማግሌዎችሕፃናቶችና ሴቶችን የሚጨፈጭፍ ዓረመኔ አክብረህ አንቱ ብለህ ጠ ሚኒስትሩ ዶክተር ብለህ ስትጠራው መስማት ይዘገንናል የኢትዮጲያ ጋዜጠኞች ታሳፍራላቹህ እኛ ፋኖች ላይክ እናደርግም,1,3,0,0,0,0
amh_train_track_b_00351,አዲስ አበባ ውስጥ ፍቅረኛውን በእሳት አቃጥሎ ለሞት ያበቃት ተከሳሽ ሞት ተፈረደበት Ethiopia AddisAbaba,0,0,0,0,0,0
amh_train_track_b_00352,በፊሊፒንስ አንድ ዲጄ በቀጥታ ሥርጭት ላይ ሳለ ተገደለ,0,0,1,0,0,0
amh_train_track_b_00353,ሌባ ምን ያምርብሀል እራስህን በመስታወት ስላላላየከው ይሆናል፡ ግን የ businesss አፈጣጠርክን ሳላደንቅ አላልፍም ፣በቃ እኛ ሰዎች ህይ ነገር ገንዘብ ያስገኛል ከተባልን ገሀነምምም ቢሆን ለገንዘብ ስንል እንሄዳለን አይይይ ያንተ ደግሞ ከፋ,1,1,0,0,0,0
amh_train_track_b_00354,ዶክተር ዐብይ ከነበሩብን የታሪክ ዕዳዎች ተላቀን የኢትዮጵያን አኩሪና ነባር ታሪካዊ ዕድሎች በመጠቀም ያሉንን በጎ አጋጣሚና ሁኔታ ያገናዘበ ዘመኑንን የዋጀ ውሳኔና ተግባራትን በመፈጸም የሀገሪቷን ከፍታ ለማረጋገጥ እየሰራ ያለ ድንቅ መሪ ነው,0,0,0,3,0,0
amh_train_track_b_00355,ትልቅ የሚሰጥ ታሪክ ነው አገልጋይም ከአሸዋና ከሲቢንቶ አልተሰራም ስጋ ለባሽ ነው ስናገለግል ጥንቃቄ ማድረግ አለብን ምከንያቱም ሌላው ተገልጋዩ እንደምሳሌ ስለሚያየን ንቁ መሆን አለሀሳብ ፈፅሞ አንስተውም ይላል ቃሉ ሰናማክርም ለብቻ ማማማከር የለብንም ሌሎችን የአገልግሎት ሸክም ያላቸውን ማካት የአንተ ማዘን በዛ ሸክሙ ያንተብቻ መሆን የለበትም የቤ ክር ጭምር እንጂ ብቻህን ስለተሸከምክ ነው ለውድቀት የተዳረከው አሁንም ኦር ምህረት ያድርግ,0,0,0,0,0,0
amh_train_track_b_00356,ዛሬ ቀኑ ደስ ይላል,0,0,0,3,0,0
amh_train_track_b_00357,መንግስት የአማራ ክልልን አጥፍቻቸው ልጥፋ ካላለ በስተቀር አሁን በሚያካሂደው ጅምላ ጨራሽ ጦርነት ምንም አዎንታዊ ለውጥ ማምጣት አይችልም,2,0,0,0,0,0
amh_train_track_b_00358,በጣም የሚገርም ነገር ቢኖር ገንዘብ ወጪ ስታደርግ በወጣህ ብር መጠን በፐርሴንት ይቅርጣል ፣ ንግድ ባንክ የደሃውን ብር ዘርፉ ስለጀመረ ገንዛባችውን ወደ ግል ባንክ እናዙር,1,0,0,0,0,1
amh_train_track_b_00359,የአቶ ንጉሤ እጅግ ግሩም ማወቅና እውቀት የታየበት ስሆን ዶሩ ግን በወያኔ ፓለቲካ በደንብ ተኮትኩቶ ያደገ ይመስለኛል አብዛኞቹ ተሳታፊዎች እና አወያይ ካድሬ ካድሬ ሸተውኛል ዋናው የጎሣ ስርዓት ባለበት ሀገር ሠላም የለም,0,1,0,0,0,0
amh_train_track_b_00360,ንፁሀኖችን ሲገል ከርሞ ሞት የራሡን ቤት ሲያንኳኳ ልቡ ተሠበረ በሠፈሩት ቁና ማለት ነው,0,2,0,0,0,0
amh_train_track_b_00361,ምንም ፋይዳ የለውም መንግስት አለሁ ለማለት ያክል ሽብር ይነዛል።,1,1,0,0,0,0
amh_train_track_b_00362,ፋኖ ለመደራደር ዝግጁ ነውግን ከማን ጋር ነው የሚደራደረውከOPDO ጋር ነው የኢትዮጵያን ገዛ እንጂበግዜ አጋጣሚ ኢትዮጵያዊ መንግስት አይደለም,0,1,0,0,0,0
amh_train_track_b_00363,ከዚህ የከፋ ምን እንዳይፈጠር ? የሰው ልጅ እንደ ሰው ተፈጥሮ እንደ ሰው መኖር የሚሳነው እንስሳዊ ባሕሪይው ስለሚያይልበት ነው። ጉማሬ በልልኝ,2,1,0,0,0,0
amh_train_track_b_00364,የቤቶች ልማት መመርያ በነፃ ሰርቶ መስጠት ከ1090 ፕሮግራም መርሃ ግብር ጀምሮ እንደዜጎች አቅም እና ፍላጎት 2080 4060  7030 ማህበር ቤት ሪል ስቴት ወዘተ ፕሮግራም በምርጫቸው መርጠው እንዲሳተፉ የተደረገው ዝርዝር አላማ ሁሉንም ዜጎች እንደአቅማቸው አሳታፊ አካታች ፕሮግራም እንደሆነ ቤት ለማግኘት ካለን ጉጉት አኳያ ተበድረን ንብረት ሽጠን ቆጥበን እንጂ ተርፎንም አይደለም ከቤት ችግር ከኪራይ ምሬት አንፃር ቶሎ እናገኛለን ብለን ለ,0,0,0,0,0,0
amh_train_track_b_00365,ተው ተው ግፍ ነው! በቃችሁ! ተው! የሰው ልጅ እንባ ጡር አለው ተው? አፍሪካኖች እንደሰው እናስብ ጊዴላችሁም ታተርፋላችሁ ተው!,1,0,2,0,0,0
amh_train_track_b_00366,ግራ የገባኝ ሀብታሙና ኤርሚያስ ጋዜጠኛ ናቹ ?ማለት ትንተናቹ ከሞያዊ ስነምግባር እጅግ ያፈነገጠና ግለሰባዊ ጥላቻ የበዛበት ይመስላል ከማረምና አቅጣጫ ከማሳየት የማሸማቀቅ አይነት ነገር ይታይባችሀል እናንተም ታረሙ,1,1,0,0,0,0
amh_train_track_b_00367,ማነዉ ዛሬ ጉልፈም በመዋረዷ ደስ ያለዉ እስኪ,0,0,0,1,0,0
amh_train_track_b_00368,ለሁሉም ሰጪዎች ፈጣሪ ያልታሰበ ሲሳይ ይስጣቸው ይባረኩ !?,0,0,0,2,0,0
amh_train_track_b_00369,ስጨፍር እየዋልክ ለምን አይጨምሪ ክክክ እዩ ትንሸ የቀረህ ነገር ቢኖር እንደ አህያ ወደኋላ መረጋጥ ተለማመድ,0,1,0,0,0,0
amh_train_track_b_00370,ኢትዮጵያ ወደ ሕዋ የላከቻቸው ሳተላይቶች ሥራ ማቆማቸው ተገለጸ,0,0,0,0,0,0
amh_train_track_b_00371,ጥፊ መቺውና ቀፋፊው ባለጌ በሕግ ስር ነው ተባለ። እንኳን ደስ አላችሁ ዋጋውን አግኝቷል YouTube,0,0,0,2,0,0
amh_train_track_b_00372,እኔ ምልህ ሰሞኑን INSA ከCrypto ጋር ግንኙነት ያላችሁ ሰዎች ተመዝገቡ የሚሉት tax ለማድረግ አስበው ነው?,0,0,0,0,0,0
amh_train_track_b_00373,የፓርቲ ግቦችን ከሀገራዊ ቀዳሚ ጉዳዮች ጋር ማጣጣም ወሳኝ ነው,0,0,0,0,0,0
amh_train_track_b_00374,ልጁ ጨዋ ነው እሷም ያው ፕራንክ ነው ያደረገችው,0,0,0,0,0,0
amh_train_track_b_00375,ፍትህ ለአባታችን። ስንት ሰዎችን ያስጨፈጨፉትን ለቃችሁ ንፁሐንን ማሰራችሁ የሚገርም ነው።,1,0,2,0,0,1
amh_train_track_b_00376,እጅግ አስደማሚ ነው መሪዬ አብቹ ለስራህ ሁሉ ስኬትን እመኛለሁ,0,0,0,2,0,0
amh_train_track_b_00377,እኔ ፊልሚ ነው ወይስ እውነተኛ ታሪክ ነው እያልሁ በጣም ግራ ገብቶኝ ነበር ለካ ፕራንክ ነው ይመቻቺሁ,0,0,0,1,0,1
amh_train_track_b_00378,እርዳታ ለማቅረብ 300 ተቀናቃኝ የታጠቁ ቡድኖችን ማናገር የሚያስፈልግባት አገር,1,0,1,0,0,0
amh_train_track_b_00379,እርግጥ ነው ፍቅር ያሸንፋል። የሚያሸንፈውም ጥቅሙ ሲጠበቅ ነው። ትዳር፤ ስራ፣ ውትድርና ሁሉም ያለጥቅም ጥበቃ ፍቅር ብቻ አያሸንፍም። ፍቅር ስሜታዊ ነው። ጥቅም መሰረታዊ ነው። ጨዋ,0,0,0,0,0,0
amh_train_track_b_00380,ግፍሌ በጣም ጥሩ ሙቅ ሻውር አላቸው,0,0,0,1,0,0
amh_train_track_b_00381,ፐ! አቤት ሃሳብ! አንተ በጣም ሀሳብ ታመነጭ የለ እንዴ የሚገርም እና ሚበረታታ ሀሳብ ነው፡፡,0,0,0,1,0,1
amh_train_track_b_00382,? አትሳቱ፤ እግዚአብሔር አይዘበትበትም። ሰው የሚዘራውን ሁሉ ያንኑ ደግሞ ያጭዳልና፤ገላ 67 የእግዚአብሔር ቁጣ በብራዚል ( ከባድ መቅሰፍት )፤ ብራዚል በጠራራ ጸሐይ የዘራችው,0,1,0,0,0,0
amh_train_track_b_00383,ቡድን 20 ታሪካዊ በተባለ ውሳኔ የአፍሪካ ኅብረትን አባል አድርጎ ተቀበለ,0,0,0,0,0,0
amh_train_track_b_00384,ኦሮሞን በደንብ ትፈጥራላችሁ አዎመፍራትም አለባችሁ,0,1,0,0,0,0
amh_train_track_b_00385,ድል ለፍልስጤም የምትሉ ሙስሊሞች ለማልቀስ ትንሽ ቀን ነው የሚቀራችሁ ግን ግን ጦርነት ለማንም አይበጅም ሰላም ለሁሉም,0,1,0,0,0,0
amh_train_track_b_00386,የኢቢኤስ ፕሮግራም እንዴት ነበር ዛሬ ቅዳሜን ከሰዓት በተመለከተ?,0,0,0,0,0,0
amh_train_track_b_00387,Ant Zer በህዝብ ተስፋ አይቆረጥም አተሳሰብ የለሽ አድር ባይ ስብእና የለሽ ተንቀሳቃሽ ሬሳ ከንቱ ስለ ህዝብ ምን አውቀህ ነው የምታውራው ዝም ብትል ይሻልሀል ዝም ባለ አፍ ዝምብ አይገባም ጭቃ ክፉ ተናግረህ ሰውን ክፉ አታናግር,1,2,0,0,0,0
amh_train_track_b_00388,አለምነህ ጥሩ የሰውች ድምፅ ነህ እግዛብሔር እድሜህን እደ ጎዳና ያርዝመው,0,0,0,2,0,0
amh_train_track_b_00389,ሂላል እስረኞቹ ኣመለጡ ሲባል ፊሊፖስ ሳቅ ኣምልጧት ነበር,0,0,0,0,0,0
amh_train_track_b_00390,ማኅበራዊ ሚድያ እና የጋዛ ግጭት፡ ሞሐመድ ሳላህ ለስፖርቱ ዓለም “አርአያ” ነው,0,0,0,0,0,0
amh_train_track_b_00391,በሰማያዊና በምድራዊ በረከት ሁሉ ተባረኩ በጣም ደስ ይላል,0,0,0,3,0,0
amh_train_track_b_00392,አሜሪካ በመርዓዊ ከተማ ሰላማዊ ሰዎችን የገደሉ ለፍርድ እንዲቀርቡ ጠየቀች,0,0,0,0,0,0
amh_train_track_b_00393,የእስራኤል ጦር በአንድ ቀን ብቻ 24 ወታደሮቹ በጋዛ መገደላቸውን አስታወቀ,0,0,1,0,0,0
amh_train_track_b_00394,ጉንችሬ ድረሱልኝ ጥሪ እያሰማች ነው። አዛን ተብሏል። ሙስሊሞች ሰላት ሰግደው ሲወጡ በተደራጀዉ ቡድን ድንገት ተኩስ ተከፈተባቸዉ! አላህይድረስላቹህ,0,0,2,0,0,0
amh_train_track_b_00395,ዉሼታምምም አንች እሱ ብሳሳሳት አንች እንኳን እንብ አትይም,1,1,0,0,0,0
amh_train_track_b_00396,የተመድ ኤጀንሲዎች በጋዛ ሰብዓዊ የተኩስ አቁም ስምምነት እንዲደረስ ጥሪ አቀረቡ,0,0,0,0,0,0
amh_train_track_b_00397,አብይ አህመድ አጋንንት ነው የምለው በምክንያት ነው የኦርቶዶክስ አባቶችን እያንገላታ ነው ምእመን ተነስ እስከመቼ አንገትህን ደፍቸህ አባቶችን ታደግ,1,2,0,0,0,0
amh_train_track_b_00398,ትክክል ብለሀል የናቶችንና የንጹሀንን ደምና እንባ የሚያፈስና የሚያፍስ ግፈኛ ነው,2,0,0,0,0,0
amh_train_track_b_00399,በጣም ይገርመኛል አሁንም ልክ ቸር ይሰጣል ሀገሪቱን በኢኮኖሚ እና በሰላም እጦት እየተሰቃየ አጅሬው አሁንም ካድሬዎቹን ሰብስቦ በህዝብ ቲቪ ይሳለቃል ያሳዝናል,0,0,2,0,0,0
amh_train_track_b_00400,አማራ አሁን እናንተ አደረሳችሁበትና ልታደርሱበት ካቀዳችሁት የበለጠ ግዙፍ መከራ አልደረሰበትም አይደርስበትም።,1,0,0,0,0,0
amh_train_track_b_00401,እኔ አሁን ኢትዮጵያ ህጂ ብባል እሄዳለው??? ሀገሩ በጣም ተበላሽቷል ሁሌ ግድያ ሰው እንዴት በራሱ ሰው እንዲህ ይጨቅናል ፈጣሪ ምህረቱን ያውርድልን,0,1,1,0,0,0
amh_train_track_b_00402,Tsegish Awas ከንቱ ስብስብ ብአዴን ነው ተላላላኪ,0,2,0,0,0,0
amh_train_track_b_00403,በኢየሱስ ሰም ምትነግድ የወንጌል ጠላት ነህ የፍርድ ቀን በቅርብ ነው brother ያኔ በስምህ አጋንንንትን አላወጣሁም አልፈወስኩም አይሰራም የእውነት የሆነው ጌታችን ኢየሱስ የፍርድ አምላክ ስለሆነ አላውቅህም ነው ሚልህ Be ready for judgment day!!!,1,1,0,0,0,0
amh_train_track_b_00404,በጣም በጣም የሚገርም ትንታኔ ተባረክ አለም,0,0,0,2,0,1
amh_train_track_b_00405,እናትነቷን ጥግ ለተረዱ በልጇ አምነው ምልጃ ዋን ለጠየቁ ተአምራት ትፈጽማለች እኔ ምስክር ነኝ ለኔ ብዙ አድርጋለች ድንገት ላንተ ካልተደረገልህ ል,0,0,0,1,0,0
amh_train_track_b_00406,ንፁሀንን ከመጨፍጨፍ ብትቆጠብ ይሻላታል ሀማስ አይጠፋም ገና ከፍርስራሹየወጡት ህፃናቶች ሌላ ሀማስ ይሆኑባታል ይህ የማይታሰብ ነው ህፃን ሥለጨፈጨፈች ጀግና አልተባለችም ሀሉም እያገለላት ነው በአረመኔነቷ ሀማስ ሆስፒታል ውስጥ ስደተኛ ካንፕ ውስጥ የለም አረመኔ,1,1,0,0,0,0
amh_train_track_b_00407,የኢትዮጵያ ብድር መክፈል አለመቻል እና የሚያስከትለው ዳፋ,0,0,0,0,0,0
amh_train_track_b_00408,ቆይ ግን ብዙ የእስራኤል ጥላቻ ፎቢያ ያለባቹ ሁሉ ለምን ግን ፖለቲካንና እምነትን ትደባልቃላቹ የማይገናኙ ሁለት የተለያዩ ነገሮችን ባታገናኙስ ሰማያዊውን የከበረ ከምድራዊው የረከሰ ነገር ጋር ባታጣምሩ መልካም ነው እናተ በምትመለከቱበት እሳቤና መንገድ አደለም የእስራኤል ፍልስጤም ጦርነት የርስትና የታሪክ እንጂ ይሄ ማለት የናተ እርስት እንደፈረደብን እዚሁ ክልል1 ክልል2 ክልል4 እያልን ብንባላ ይሻለናል የማያገባንን ባንገባ,1,0,0,0,0,0
amh_train_track_b_00409,ፅንፈኛ ማን እንደሆነማ እኮ አየነው ከመንግስታቹ ጀምሮ ፅንፈኛ መሆናቹሁን አረጋገጣቹ ያልገደለውን ገዳይ ስትሉ እድሜ ለቴክኖሎጂ ተጋለጣቹ ድንገት እውቀቱ ከለ,2,0,0,0,0,0
amh_train_track_b_00410,በኢትዮጵያ ፖለቲካ ድንገት ቢኖር እንኳ በክራቫት አያንጠራራም ቪ8 አያስነዳም! በኢትዮጵያ ተስፋ ማጣት፣ስደት፣ሞት፣መፈናቀል፣መታገት፣መራብ ፣ችጋር ሌሎች ሰው ወለድ ችግሮች ሁሉ ቤተኛ ናቸው። ?,0,0,2,0,0,0
amh_train_track_b_00411,ሶፎንያስ በሕይወት ሲኖር ያማልዳል !!!ከሞት ቦኃላ ወደ እንጦርጦስ ስለሆና ይጨናነቃል።ድንግል ማርያም በልጇ ቀኝ ስለቆመች ሁሌም ታማልዳለች ።አዕምሮህ እንደቢኒ ለሐክፈት ሞክር በቁሙ ሞተሃል እኮ።,1,1,0,0,0,0
amh_train_track_b_00412,በሥማም ምን አይነት ልጅነሽ ይሄን ሁሉ ስቃይ ተሠቃይታ ለናቷ ያላት ፍቅር ይገርማል አይዞሽ የልብሽን ሀሣብ እመቤቴ ታሣካልሽ,0,0,1,0,0,1
amh_train_track_b_00413,ሰበር ዜና አላላላችሁምኮ ያሳፍራል ቆይ መች ነው የህዝብ ድምፅ የምትሆኑት 🤭😭,1,1,0,0,0,0
amh_train_track_b_00414,መቸ ነው የኢትዮጵያ መከራ በዚህ ሜዲያ የምንሰማው እራሽያ እና ዩክሪን ታይዋን እና ቻይና ኢስራየል እና ሀማስ ሰሜን ኮሪያ እና ደቡብ ኮሪያ ብቻ ነው የምሰማው ሁሌ በቃ,0,0,1,0,0,0
amh_train_track_b_00415,የምትገርሚ ልጅ ፡ ጽናትሽ የሚገርም ነው ፡ እግዜአብሄር ያልሰብሽው እንጀራ ከጤናጋር ይስጥሽ ፡ ባልፈው ይብቃ ይብልሽ የኔ ቆንጆ ኣይዞሽ ፈጣሪ ይረዳሻል ።,0,0,2,0,0,1
amh_train_track_b_00416,ፌመስ ካልሆኩ ያልሽው አንቺ ነሽ ለምን ግን ራስሽን አትመለከችም የጠቢብ አይኖች በራሱ ላይ ነው ይላል የእግዚአብሔር ቃል ተረጋጊ ስትቦርቂ ብትውይ በእንዲህ አይነት መንገድ ሰዎች ወደ ጌታ አይመለሱም አስመሳይ አጭበርባሪ,1,1,0,0,0,0
amh_train_track_b_00417,ዜናው ውሸት ከሆነ እውነቱን በመረጃ ማቅረቡ አይሻልም? በርግጥ እኔ አዲስ አበባ አይደለም ምኖረው። አንተ እዛ ካለህ የምታውቀውን በሃቅ ንገረን።,0,0,0,0,0,0
amh_train_track_b_00418,አምስት አመት የሞላው የጋላ ሥርወ አገዛዝ ከግራዚያኒ ጭካኔ የከፋ ሆኖ በታሪክ ተመዝግቧል። ዘቅዝቆ መስቀል፣ ነፍሰጡርን ሆድ መሰንጠቅ፣ ከነነፍሱ የሰውን ቆዳ መሸለት፣ የሰው አካል,0,2,0,0,0,0
amh_train_track_b_00419,ኢቶጲያ ገለልተኛ መሆን አለባት አሸባሪ የእስራኤል ታጣቂን መደገፍ የለባትም።🇵🇸💪,0,1,0,0,0,0
amh_train_track_b_00420,ግጭት ትላላችሁ የቀለጠ ጦርነት ተከፍቶ ሳለ እንከፎች እናንተም ያው ብአደን ናችሁ ለካ,1,2,0,0,0,0
amh_train_track_b_00421,ኢትዮጵያ ውስጥ ሰው ያስገደሉ በእጃቸው የንፁሃን ደም የሚገኝ በሜንጫ አንገቱን በለው እያለ ሲቀሰቅ የነበረ ፀረ ሰው ድኩማን የፖለቲካ መፍትሄ ሰጪ አድርጎ መድረክ ሰጥቶ ማጨብጨብ ያሳዝናል ለጋዜጠኛ ደረጄ ፈፅሞ አይመጥንም ለምን ኬንያ ድረስ ሄዶ እንደጠየቀውም አነጋጋሪ ነው  ጀዌ ከስረሻል ሆኖም ማስመሰል እና ማጭበርበር ሽን ቀጥይበት,2,1,1,0,0,0
amh_train_track_b_00422,በጦርነት ሚፈጠር ነው እስኪ ስለፈልስጤም ሆስፒታል አውራ አለህ ስለፈጠረው ሰው የሰው ልጅ አያጠፉውም እወቅ ገና እስራኤል ትጠፉለች ድል ለፈልስጤም ሞት ለእስራኤል,1,1,0,0,0,0
amh_train_track_b_00423,ይሄን የሻቢያ ሰላይ ለኤትዮጵያ ያለዉን ጥላቻና ንቀት እዩልኝ,1,2,0,0,0,0
amh_train_track_b_00424,ከእርስዎ ጋር ማጋራት የምፈለገው ጣቢያ (ከ Phoenix መተግበሪያ),0,0,0,0,0,0
amh_train_track_b_00425,ሰበርዜና መብረቃዊ አብይ ደረቀ ፕር ብርሃኑ ጨከነ በቃ ካሁን በኋላ ግዜ አናባክንም ያልተጠበቀ ሙሉ መግለጫ ይ via,0,1,0,0,0,0
amh_train_track_b_00426,ሚገርም ነበር ባለፈው አምስት የሆነውን ስታስብ ምን ያልተፈጠረ አለ ፍጥነቱስ,0,0,0,0,0,1
amh_train_track_b_00427,የምር በደረሰ ጋታ ላይ በፍንጂ ምክንያት ህይወታቸው እይታ የምገኘው የህፃናት ሞት ጦርነትን እንዳንረሳ ያደርገናል።,0,0,2,0,0,0
amh_train_track_b_00428,አቦ አንተ መሪ ነህ የደግነት አመልካች አቅጣጫ ጠቋሚ  የደሀ አደግ አባት ታዛዥ ባርያ የመስጠትን ልክ የተረዳህ ሰጪ  የልግስናን ደስታ የምታጣጥም ደስታህ ማድረግና መከወን የሆነ ክቡር ጠቅላይ ምኒስተር ዶር አብይ አህመድ አሊ,0,0,0,3,0,0
amh_train_track_b_00429,የውነት ይሉን ነበር ይሻላል መሞቱ ሂሳብ አስተማሪ ሖነው ምርጥ ተመራማሪ እንዳትበሉ ሻጋታ እንዳትሆኑ ቀሪ ታማችሁ ቀርታችሁ ሳሰጡ ፍርፍሪ መዘጋጃም ሳያቅ ጥንብአችሁ እንዳይሆን ጠሪ,0,0,0,0,0,0
amh_train_track_b_00430,ህውሃት ካለ የቆመው ሰማኒያ ሶስት አመተምህረት ላይ ነው እባካችሁ ተደላቃችኃል ገላችኃል የኢትዮጵያ ሴትአርቲስቶችን ጨርሳችኃል እአ ብዙ ጥጋብ አሳልፋችኃል ፍቅር የሆነውን የትግራይ ህዝብ ለቃችሁ ጥፉ,1,2,0,0,0,0
amh_train_track_b_00431,የጀግኖቹ ተዋጊ ክፍሎችና የስታፍ ድጋፍ ሰጪ ክፍሎችን የማዕረግ ዕድገት ማልበስ ስናይ ደስ ይለናል!ተዋጊ ክፍሎች ተልዕኳቸውን በላቀ ብቃት እንደሚፈፅሙ የስታፍ ድጋፍ ሰጪ ክፍል ሚናው,0,0,0,2,0,0
amh_train_track_b_00432,እረ ዬት ሂጄ ልሳቅ ሚኮ በቃ ፓስተር ሆኖ አረፈዉ ማለት ነዉ😂 እንግዲ ሚኮ ተገላገልክ ላይክ አርጉኝ ሰብስክራይብ ዬለ ሶፍትህን እያበላህ ፈታ ዘና በል,0,1,0,1,0,0
amh_train_track_b_00433,የተከበሩ ከንቲባችን እየተሰሩ ያሉትን ልማቶች ሳላደንቅ መለፍ አልፈልግም ነገር ግን አንዳንድ በዘርና በዘመድ የተሰገሰጉ ስራተኞች ስራዎትን አመድ አፋሽ እያ,0,0,0,1,0,0
amh_train_track_b_00434,ሰላም ለንፁሀን እስራኤላዊያን ፍልስጤማዊያን ሰላም ለሰው ልጆች ሁሉ!!!,0,0,0,0,0,0
amh_train_track_b_00435,በመጀመሪያ አንቺ እራሰሺ የወጣልሺ ባለጌ ሰለሆንሺ ይበልሺ! ደሞ አታፈሪም? ባለጌ,1,1,0,0,0,0
amh_train_track_b_00436,አስቸኳይ ጊዜ አዋጁ ለተጨማሪ አራት ወራት ተራዘመ,0,0,0,0,0,0
amh_train_track_b_00437,ይህ ለቃቃቃም ዜጋ ለህዝቡም አይበጅም ለበጀቱም አያሰብም ለራሱ እንጅ,0,1,0,0,0,0
amh_train_track_b_00438,አቤት ቢንያም ቅጥረኛ ሆንክሳ!!!ፓስተርነትህ ያሳፍራል,1,1,0,0,0,0
amh_train_track_b_00439,በአደባባይ እንደ አረብ አገር ቢሆን ጥሩ ነበር ግን ይህ ባለመደረጉ ይህ ግድያ ከጊዜ ወደ ጊዜ እየተባባስ ነው አባቴ ልጆትን የጀነት እርሶ ደግሞ ፅናቱን ይስጦት ያሳዝናል በራስ የወንድም ልጅ መሆኑ ደግሞ በጣም ያሳዝናል እስር ቤት ቢገቡ ደልበው ሞያ ተምረው ይወጣሉ መንግስት በዚህ ጉዳይ ቢሰራበት ማሰር ትርጉም የለውም,0,0,2,0,0,0
amh_train_track_b_00440,እንዴ የሚገርም ነው እናት እያለች ይህ ሁሉ ጭካኔ እቺ እናት አይደ ለችም ሰይጣን ናት እናት የሚለው ስም አይገባትም,0,1,2,0,0,0
amh_train_track_b_00441,ይገርማሉ በጣም ግን ዝም ብሎ ብር የሚልክ አለ እንዴ እንደነሱ ሁሉም ሰው ጀዝባ ይመስላቸዋል ደሞ ፍቅር ይዞኛል ስጦታ መላክ ፈልጋለው ብለው ሰውን ማጃጃጃል የሚፈልጉት ጅላንፎችስ,0,2,0,0,0,0
amh_train_track_b_00442,ይድረስ ለብልፅግና ከላይ እስከታች የኢትዮጵያን ሕዝብ ትግል ሰላም አንድነት ፍቅር አንድ ሕግ አንድ አገር የዘረኝነት የከፋፋይ ሕገመንግሥት ተለውጦ ሁሉም ኢትዮጵያዊ የእኩልነት መብቱ በመላ አገሪቷ የሕግ የበላይነት ነው,1,0,0,0,0,0
amh_train_track_b_00443,ለሰራሽው ግፍ የተከፈለሽ ትንሹ ጉዳይ ነው ነውረኛ ከመባለግሽ አለማፈርሽ።,0,3,0,0,0,0
amh_train_track_b_00444,በጣም ደስ ይላል ደሃው ወገኔ አይሙትብኝ እናት አታልቅስ ገዳዮች ፈጣሪን ፍሩ ነገ ወደማይቀረው ሞት ትሄዳላችሁ ምን ያህል ጨካኝ ብትሆኑ ነው ሰውን ልጅ ህይወት የምታጠፉት,0,0,1,1,0,0
amh_train_track_b_00445,ልጅ ማለት እንዲህ ነው!!! በበበረከት ማስደንገጥ ለምልሙ ተባረኩ መልካም አዲስ ዓመት,0,0,0,2,0,0
amh_train_track_b_00446,የሚገርም ጭንቅላት እይት ጥረት ያስቀናል  እንዲህ ሌት ከቀን የሚሰራ መሪን ነው የሚጠሉት,0,0,0,2,0,1
amh_train_track_b_00447,ቆሻሻሻ ሽማግሌ ቤተሰቤን የጨረሰ ጭራቅ ነዉ,0,2,0,0,0,0
amh_train_track_b_00448,አይዞሽ እኔም ሶስት አመቴ ነው ግን ለቤተሰብም እየረዳሁኝ አባቴን አስታምሜ ቀበርኩኝ  ግን አራት መቶ ሽብር አለኝ,0,0,1,0,0,0
amh_train_track_b_00449,አተ ጂንጀሮ መሳይ ለላዉን ትተሀ ጨጉሪህን አታጥብም ትልቅ አህያ ነሀ እሽ,0,2,0,0,0,0
amh_train_track_b_00450,Uddin መልካም የመቃጠሎ ጊዜ ይሁንላችሁ ከብቶች እዉነታዉ ጀብደት ፋኖ ነዉ,1,1,0,0,0,0
amh_train_track_b_00451,ኢላን መስክ በሰው አንጎል ውስጥ የሚገጠም ‘ኒውራሊንክ ቺፕ’ ይፋ አደረገ,0,0,0,0,0,0
amh_train_track_b_00452,በሙስና ቅሌት ስማቸው እየተነሳ ያለው የደቡብ አፍሪካው ፕሬዚዳንት ከስልጣን እንደማይለቁ ተነገረ,0,0,0,0,0,0
amh_train_track_b_00453,የጂጂ አፍቃሪ ከእሕቷም ከሶፊ ሁላ ነው የሚከላከላት? ምን ያለ ፍቅር ነው የማያረጅ ውበቱ የሚጨምር። በርቀት እንደሰማኋት እሷም ትወዳችኋለች።,0,0,0,2,0,0
amh_train_track_b_00454,በዚህ እድሜህ ሲሸፈንብህ ያሳዝናል መታወርህ አንተም አገርህ እስራኤል ትዋረዳላችሁ ሀያል ብለህ ያሰብካት አገር ዱቄትነቷን ገብቶሀል ወደፊትም ይገባሀል,1,1,1,0,0,0
amh_train_track_b_00455,እንደ ትዕዛዝ ወደ አንተ መቅረብ አያስፈልገኝም። ግን ለ150 ዓመታት ያህል ወደ እኔ የምትቀርበው አንተ ነህና ፈቅጄዋለሁ። ይቅርታ ጭንቅላቴ ላይ መደነስ አትችልም።,2,0,0,0,0,0
amh_train_track_b_00456,ልክ ነው ቴድዬ ሀገር የጥላቻ ማንፀባረቂያ መሆኗ ያሳዝናል ልቦና ይስጣቸው,0,0,2,0,0,0
amh_train_track_b_00457,ፕራንክ እደዚህ ከሆነ ጥንቅር ብሎ ይቅር😂,1,0,0,0,0,0
amh_train_track_b_00458,የናንተ ማሽቃበጥ ደሞ በጣም የተለየ ነው የትግራይ ሕዝብ ያሁላ መከራ ሲወርድበት ስትደስቱ ከርማችሁ ገና ለገና ደሞ ኤርትራወያን ተሰደቡ ብላችሁ መግለጫ ታወጣላ,2,0,0,0,0,0
amh_train_track_b_00459,ዩናይትድ ኪንግደም በኢትዮጵያ የተከሰተው የምግብ እጥረት አሳሳቢ መሆኑን አስጠነቀቀች,0,0,0,0,0,0
amh_train_track_b_00460,በያለንበት ለምግብ በተቀመጥን ጊዜ እያንዳንዱ ጉርሻ የሆነን ሰው ዕድሜ ሊያራዝም ይችል እንደነበረ እናስብ ጠጥተን የምንታጠብበትን ውኃ አጥቶ በዚህች ቅጽበት የሚያሸልብ ወገናችንን አንርሳ! ቦረናኢትዮጵያ,0,0,2,0,0,0
amh_train_track_b_00461,ሁላችንም ማፈር ነው ያለብን ሃይማኖት ዘር የለውም አበቃ ሰው እንዴት በገዛ ሀገሩ በእርስቱ ባይተዋር ስደተኛ ይሆናል ሙስሊም ነኝ ካልክ ዘር ብሎ ነገር የለም ክርስቲያን ነኝ ካልክ ዘ,2,0,2,0,0,0
amh_train_track_b_00462,ፖፕ ፍራንሲስ የሮማ ካቶሊክ ቄሶች ለተመሳሳይ ፆታ አፍቃሪዎች ቡራኬ መስጠት ይችላሉ አሉ,0,1,0,0,0,0
amh_train_track_b_00463,ጠያቂዋ በጣም ጀግና የዘመኑ ሰው ምን ችግር አለው እያለ ነው ሁሉንም ህግ የሚያቃልለው ስለዚህ አንቺም ጉዳዩ ለዳግም ጥያቄ እንዳይነሳ አጥብቀሽ መላልሰሽ ግልጽ እስከሚሆን ድረስ መጠየቅሽ በሙያሽ ያለሽን ብቃት ነው የሚያሳየው መምህራችን ቃለ ሕይወት ያሰማልን,0,0,0,2,0,0
amh_train_track_b_00464,የአለማችን የወደፊት አስፈሪ መንግስታት,0,0,0,0,2,0
amh_train_track_b_00465,የተሳሳተ ቤት ገብተህ አንዳይሆን? ?,0,0,0,0,0,0
amh_train_track_b_00466,ማን ኣስተማሪ ኣደረገህ ፕራንክ በዚህ ተጀመረ እንዴ ምነዉ ሞኞ ተሞኚተህ ህዝቡን ለማሞኘት ትተጋለህ ተነቅቶብሃል ላሺ በል ሸሀም ነው በፈጣሪ ኣትቀልድ ጥቅስ ኣንስቶ መናገር እማ ሰይጣንም ይናገረው ነበር በጣም ተጃጂለህ ኣለም ሲሞላልህ በዚህ ብቅ ልበል ወነዶቺ ናቸው እንዴት እንዳጠመዱህ ለራስህ ገግመህ ለሰው ኣታስገገገም ጂላፎ,1,1,0,0,0,0
amh_train_track_b_00467,እስራኤል 75 አመት ሙሉ የፍልጤመአዊያን ደም ስጠጣ ምን ያልመሰላቹ ፍልስጤም እራሷን ነፃ የማውጣት ትግል ስትጀምር አሸባሪ ይላሉ ድል በግፍ ለተገፋ ፍልስጥኤማውያን🇵🇸🇵🇸🇵🇸🇵🇸🇵🇸🇵🇸🇵🇸,1,0,0,0,0,0
amh_train_track_b_00468,ብዙ ዘግናኝ ነገር ፈጽመዋል እየፈጸሙም ነው ከአውሬው ኦነጋዊው ሰራዊት ይሄ እደሜሆን ይጠበቃል ይሄ ደግሞ ህዝቡን የበለጠ ጠንክሮ እንዲዋጋ ያድርገዋል ይሄ ፍ,1,1,0,0,0,0
amh_train_track_b_00469,FYI ፈጣሪ ጥቁርም ነጭም አይደለም። ፈጣሪ መንፈስ ነው።,0,0,0,0,0,0
amh_train_track_b_00470,አተ አሁን ስው ነክ በሌላ ስው ሞት አሁን ከተደሰትክ ቦሀላ ባአተ ላይ አለመድረሱ ምን ያክል እርግጠኛ ነክ እግዚአብሔር ይፍረድ,2,0,0,0,0,0
amh_train_track_b_00471,በሕዝብ ልብ ተወዳጂዋ ደራርቱ ከእውነት ጋር ብቻ ትቊም አብይ አህመድ አሊ እብድ ቀውስ ስው ከመሬት ተነስቶ በኢትዮጵያ ኦርቶዶክስ ቤተክርስትያን ላይ ጦርነት አውጇል እግዚአብሄር ዋጋውን ይስጠዋል,1,1,0,0,0,0
amh_train_track_b_00472,የእርስዎ አስማቶች ሳይስተዋል አይሄዱም ፣ የአጋጣሚ ነገር ተግባራትዎ መከራዎ ወደሚመጣበት ወደ ትልቅ ባዶነት ይመራዎታል ፡፡ መቼም ያደረጉት,0,1,0,0,0,0
amh_train_track_b_00473,ምን እንደምል እራሱ ጠፋኝ ሰዉ እንዴት ከወለደዉ ልጅ ላይ አውሬ ይሆናል ኦ አምላኬ:,0,0,2,0,0,0
amh_train_track_b_00474,የክህደት መጨረሻ ክህደት የዘራሺውን አጭደሻል,1,1,0,0,0,0
amh_train_track_b_00475,ጠባብ አህያ ነው ድርጊቱን ያደረገው,0,2,0,0,0,0
amh_train_track_b_00476,እየሆነ ባለው ያልተጠበቀ ችግር ጥቃት በኦሮሞ ሸኔ እየደረሰበት ያለው ሕዝብ በመንግሥት ላይ ጥርጣሬ ቢኖረው አልፈርድም ነገር ግን ዶር አቢይ በተፈረጀበት የተረኝነት እሳቤ ውስጥ,0,1,0,0,0,0
amh_train_track_b_00477,ልብ ይሰብራል ሌላው ጠግቦ ይራገጣል ምንም የማያውቁ እናትና ልጆች ያልቃሉ 😭😭😭 እግዚአብሔር አምላክ ጣልቃ ይግባ። ።ድል ለእስራኤል ።ድል ለፍልስጤም የምትሉ ጭፍን አስተሳሰብ ያላችሁ ምናለ ዝም ብላችሁ ለሰላም ብትፀልዩ ከሁለቱ ወገን ጥፋት የእናንተ ቱርፋት ምን ይሄን??? የሰው ልጅ ሞት ሁሌም ውስጤን ያቃጥለኛል ለመቃጠል ደግሞ ሰው መሆን ብቻ በቂ ነው።,0,0,2,0,0,0
amh_train_track_b_00478,እንዴ ገብተንስ ቀልደኞች እዛ ያለውን ሞት በየቀኑ እየሰማን ብንታገትስ ምንድነው ዋስትናችን ምንድነው አትቀልዱ,1,0,0,0,0,0
amh_train_track_b_00479,ሓፍታሙ///በጣም ያሳዚናል ደደደቢትናብልፅግና አንድ ስታደርግ እውነታው ግን ሌላው ይቅር የአ/አበባ ልጅ አይደለህም ምክንያቱም ድፍንያለ ከህወሓት ጋር ጥላቻ ያለህ ይመስለኛል ፎቶ በማነፃፀር ትንታነ በመሰጠትህ የአንበጣ መንጋ እየተከላከል ባለንበት ወቅት እንጦጦጦ መናፈሻናየህፃን ልጅ መኪና ከሚነዳ ማነፃፀር///የቱ የቱ የቱ ሰለዚህ እባከህ የአንበጣ መርጫ ለገበሬው /ዲራጎን/ገዝተህ ወይምአሰባስበህ ሰለህወሓት ሰንዓመት ተነተንከ,0,1,1,0,0,0
amh_train_track_b_00480,ብአዴን አሸባሪ ነው ።አሸባሪነቱንም በዚህ አንድ አመት ውስጥ አሳይቷል,0,2,0,0,0,0
amh_train_track_b_00481,ዋልታ እና ዋፋ በፋና ብሮድካስቲንግ ኮርፖሬት ስር ሊጠቃለሉ ነው,0,0,0,0,0,0
amh_train_track_b_00482,Atm ማሽኑ ያለበት አጠገብ ያለ ንግድ ባንክ ሄደህ report ብታደርግ መልካም ነው ከዛ ይስተካከልልልሀል,0,0,0,0,0,0
amh_train_track_b_00483,ለኢትዮጵያ ና ኢትዮጵያውያን ስጋት የሚሆነው የቅዥቱ አለም በውሽት የበለፀገው የወንበዴዎች ስብስብነው,1,1,0,0,0,0
amh_train_track_b_00484,አብይ ከዚህ እሳት ነዉ ሀገራችን ለመከተት የታሰበዉ ለምን ስለ አብይን አሰከፊ ጭፍጨፋ አትዘግምብ አቤልየ,1,1,0,0,0,0
amh_train_track_b_00485,በቀኝ ገዢዎች አሻጥር ኢትዮጵያ የባህር በር እንዳጣች የአደባባባይ ሚስጥር ነው። የባህር በር ያስፈልገናል ? ልክ ነው። አሁን ጥያቄን ለማቅረብ ትክክክለኛው ጊዜ ነው ? አይመስልም ምክንያቱም የትኛውም ጎረቤት ሀገር የኢትዮጵያን የባህር ወደብ መብት ነጥቂያለው ብሎ አያምንም ።ስለዚህ ይህንንን ጥያቄ ማንሳት ቀጥታ ከልእዋላዊ መብት መዳፈር ጋር ሰለሚተሳሰር ወደ ጦርነት የመግባት እድሉ ከፍተኛ ነው።,1,0,0,0,0,0
amh_train_track_b_00486,በቃ ተረሱዑ ኩሉ በስመአም ምስጋና ወረቀት ሆ አጀኺ ትግራይ ህዝብ ትግራይ ማለቅ አለቤት አንድ እንዳይ ቀር እንደሰጣን መታየት አለቤት በሉ የሰበከ የሰጣን ጭራሽ አይ ትግራይ ዓደይ,0,1,1,0,0,0
amh_train_track_b_00487,በጣም ደስ ይላል በራስ ቋንቋ ቤተክርስቲያን ሲገለገል።ሁሉም በራሱ ቋንቋ እንዲገለገል መብት ነው።,0,0,0,2,0,0
amh_train_track_b_00488,ፕራንክ መሆኑን ያወቁ ቀን ግን... 😂😂😂,0,0,0,0,1,0
amh_train_track_b_00489,ድንቅ ውይይት ነው በእውነት ጃዋር ላይ የሚገርም ስክነትና ብስለት ነው ያስተዋልኩት ልደቱና ጃዋር በድጋሜ የኢትዮጵያ ፖለቲካ ላይ እንደማያቸው ተስፋ አደርጋለሁ አንጋፋው ጋዜጠኛ ደረጄ ክብር ለአንተ,0,0,0,2,0,0
amh_train_track_b_00490,ለ1977ቱ የኢትዮጵያ ረሃብ እርዳታ ማሰባሰቢያ የነበረው የሙዚቃ ዝግጅት ወደ መድረክ ሊመጣ ነው,0,0,0,0,0,0
amh_train_track_b_00491,እስከመቼ ነው ኦርቶዶክሳውያን የሚገደሉት መንግስት ባለበት ሀገር እንዴት ይህ ሁሉ መከራ ሲፈፀም ዝም ብሎ ይታያል,1,0,2,0,0,0
amh_train_track_b_00492,እንደነዚህ የትግራይ ጥላቻ ያላቸው ሰዎች ወደብ ለማግኘት ህወሓት መጥፋት አለበት ብልፅግናናና ሻዕብያ መተባበር አለባቸው ይላል።አሁንም ክህደቱ ይቀጠለ ነው።ግን መኩረው ያልተሳካላቸው ምኮራ ያልተማሩ ሃገሪቱ ለማፍረስ ከሚጥሩ ባንዳ ምሁር ነኝ ከሚሉ አንዱ ናቸው።ሳለዚ እንደነዚህ ካልጠፉ ኢትዮጵያ አንድነትዋን ይጠነክራል ማለት ዘበት ነው።,1,1,0,0,0,0
amh_train_track_b_00493,ምልምል ጃጓሮች ሲመረቁ ስናይ ደስ አለን!ጀግናው የጦር ሀይሎች ኢታማዦር ሹም ፊልድ ማርሻል ብረሀኑና የፌደሬል ፖሊስ ምክትል ክሚሸነር መላኩ ፈንታ በተገኙበት የኮማንዶና አየር ወለድ,0,0,0,2,0,0
amh_train_track_b_00494,ሰሜን ኮሪያ ከፍተኛ መጠን ያለው የጦር መሳሪያ ለሩሲያ ሰጥታለች ስትል አሜሪካ ከሰሰች,0,0,0,0,0,0
amh_train_track_b_00495,በጣም እጅግ በጣም! የሆነ ጥንስስ አለ እናም ተብላልቶ ያለቀ ይመስላል ጥሩ አይሸትም ለማውራት ያስጨንቃል ግን አለ የሆነ ክፉ ነገር ? እረ ተዉ ግድ የለም,0,1,1,0,1,0
amh_train_track_b_00496,ለአስተዳደር በደል ትጠይቃለህ እንጂ ራስህ በራስህ ፓትርያርክ አትሆንም። ኦርቶዶክስ እንደ ሌሎቹ እምነቶች አይደለችም በጣም ጥልቅና ከባድ ሐይማኖት ነች።የምናምና,1,0,0,0,0,0
amh_train_track_b_00497,ነፍጠኝነት የክፉ አጋንንት ነዉ የምንለዉ ለዚህ ነዉ። ነፍጠኛ የሰዉን አንገት ቆርጦ ተሸክሞ የሚሄድ በድግምት ሃይል የሚሰራ ስብስብ ነዉ ስንል በምክንያት ነዉ። እንደ አብይ አህመድ የ,1,1,0,0,0,0
amh_train_track_b_00498,አንተ ሰብአዊ ሰው ነህ ብዬ ስለማስብ ነው ከዚህ በጣም የተሻልክሞ,0,0,0,1,0,0
amh_train_track_b_00499,የሰው ኣገር ሉኣላዊነት ተዳፍረህ የደህንነት ስጋት ኣይደለም ትላላቹንዴ ከምር ነው የምላቹ ምንም ኣቅም የላችሁም እኛ ኤርትራውያን ከሶማሊያ ጎን ነን,2,0,0,0,0,0
amh_train_track_b_00500,እኔኮ ምትገርሙኝ አሁን የሀ ምን የተለየ አለ አንድ መሪ የነበረ የሀ መናገሩ ብርቅ ነው ነው ወይስ መሃይም ጨካኝ ሰለሆነ ያው ስለሆናቹ ትደናነቃላቹ ፣ሌላ ቢሆን ጠንቋይ ገለመሌ ትሉ ነብር,1,1,0,0,0,0
amh_train_track_b_00501,እያለ ፀጋዬ አራርሳ በወገን ሞት ጭራሽ መልሶ አማራን እየከሰሰ፤ ለምን ሃይማኖትን በተመለከተ ለተከሰተው ችግር እኔ በማስበው መንገድ ለምን ኮሜንት አልተደረገም,1,0,1,0,0,0
amh_train_track_b_00502,በትግራይ የተከሰተው ድርቅ ከ77ቱ የከፋ ነው ሲሉ የክልሉ ባለሥልጣን ተናገሩ,0,0,1,0,0,0
amh_train_track_b_00503,ተመራማሪዎች ከሰው ዐይነ ምድር የአውሮፕላን ነዳጅ ፈጠሩ,0,0,0,0,0,1
amh_train_track_b_00504,የወፍ በሽታ ወደ አዲስ ሀገራት መዛመት በዶሮ እርባታ ላይ ስጋት መፍጠሩ ተነገረ በሽታው በሰሜን እና በደቡብ አሜሪካ፣ በአውሮፓ፣ በእስያ እና በአፍሪካ ተከስቷል ተብሏል።,0,0,0,0,0,0
amh_train_track_b_00505,እባካችሁ ጥቁር ፍቅር በጥራት ልቀቁት የቃና ምርጡ ፊልም በጥራት የለም,1,0,0,0,0,0
amh_train_track_b_00506,ኢሳያስ ከሰማ አለቀልህ አንተ የታሪ አተላ አብይ፡፡፡,0,2,0,0,0,0
amh_train_track_b_00507,imagine ከስራ ገብተህ ለሚስትህ ቀልድ እየነገርካ አልጋ ስር ያለ ወንድ ሲስቅ ?,0,0,0,0,0,0
amh_train_track_b_00508,አማኑኤል የህውሃት ፎቢያ ያለብህ ይመስለኛል 27 ዓመቱን መዓት አልክ ይልቅ ያለፉት 5ዓመታት ነው መዓት,1,0,0,0,0,0
amh_train_track_b_00509,ንጉሰ ሆይ በሰላም እንደወጣህ በሰላም ተመለሰልን ይህቺ ሐገርና ልጆቿ እውቀት ፍቅር ብርሀን የሚናፍቃቸው ካላንተ ይጨልማሉ አዚህ አሳተ ጎመራ ወንበር ላይ ያሰቀመጠህ የሰማዩ አባትህ ከ,1,0,0,0,0,0
amh_train_track_b_00510,ኧረ እነሱ ፍቅር ብቻ ነበር የሚሰጧት ከፋይ ሌላው ነበር ባክህ፡),0,0,0,0,0,0
amh_train_track_b_00511,እኔም ቤሩት ነኝ ያስፈራል ግን ደሞ በቃ ከፀሎት ውጪ ምንም ማድረግ አይቻልም እንዳሻው ፈጣሪ ወደ ዳር ነሽ አንቺ እኔ ከተማ ነኝ አይዞኝ,0,0,1,0,2,0
amh_train_track_b_00512,ድሮም ውሸትና ለብነት የሚጀምረው ከእናንተ አካባቢ ነው ለዚህም ማሳያው የአካባቢ ምርጫ ማጭበርበር እና ውሸት ምርጫ ቦርድ ያውጣው መረጃ አለም የመሰከረው ሆኗል,0,1,0,0,0,0
amh_train_track_b_00513,እንኮን እመቤቴ የአምላክ እናት አንተም ኑ ልፀልይላችሁ ትላለህ,1,0,0,0,0,0
amh_train_track_b_00514,በጣም ድስ ይላል አቶ ታከለ የጀኦሎጂካል ሰርቬይ መኮስመኑ አሳሳቢ ነዉ የሃድሮጅኦሎጂ ክፍሉ በከፊል ወደ ዉሃ ሀብት መዞሩ ባይጠላም ያለ ከርሰምድር መረጃ ሀ,0,0,0,2,1,0
amh_train_track_b_00515,የሚፈጅእኛ እንፈልገዋለን ቢቀጥል ውሸታም ስም ለጣፊዎች,1,1,0,0,0,0
amh_train_track_b_00516,የሄ ሰውየ ኢትዮጲያ ለዘመናት የሌሎች ሀግሮች በእርዳታ በማበደር ድብራችን ተውልን የከፋ ደግሞ ኢትዮጲያ የሄ ነው የማይባል ብዛት ሰፋፊ መሬቶች ለእርሻ የሄን የማይባል ወንዞች ዝናብ እያላት ከሌሎች ሀገሮች እንድ ቀን ትሁን እርዳታ ሳይገባ ቢዘገይ ስንትን ህዝብ በሚልዮኖች የሚቆጠሩ ህዝብ በረሃብ መሰቃየት ይጀምራሉ  የሄ ደግሞ በ4 ኪሎ ገብተው የሚያስተዳድሩ ሆዳሞች በሊኣብነትና ሙሱና የሃገሪቱ ሃብት ገንዘብ ስለሚሰርቁት ኣሁንም ያለው መንግስ,1,1,0,0,0,0
amh_train_track_b_00517,በ ነጠላ የነበረውን ፕራንክ መንገድ ዳር ኣሁን በ ጅምላ ታድለከዋል መድረክ ላይ ይመችሽ ጩሌዉ :::,0,1,0,1,0,0
amh_train_track_b_00518,የአዛውንቱ ገንዘብ ተመለሰላቸው ደግሞም ቅጣቱ እጅግ አነስተኛ ነው ለምን እንዲ ሆነ ነገም ተመሣሣይነት ቢደገምስ,0,0,0,0,0,0
amh_train_track_b_00519,በተረኞቹ በእሳቢያቸዉ የህግ የህግ የበላይነትና ተጠያቂነት ቦታ ያላቸዉ አይመስልም ለዚህም ነዉ ይሄ ተስፋፊ አሀዳዊ ዘራፊ ገዳዮች አገር ብቻቸዉን መምራት የለለባቸዉ,0,1,0,0,0,0
amh_train_track_b_00520,(ሐገር የሆነ ቀን እንዲህ ትልሐለች ) ማን ነው የፈለገኝ ? በማይነጋ ለሊት፣ በማይመሽ ቀን መሐል ተዘርሬ ስገኝ? (ያኔ ፀፀት ውስጥህን ትፈቀፍቃለች) (ያ ቀን እንዳ,0,0,1,0,0,0
amh_train_track_b_00521,ድል ለፋኖ ድል ለጭቁኑ የአማራ ሕዝብ ውድቀ ት ለእብዱና ለጨካኝ አረመኔው አብይ አመድ እና ለሆድ አደር ተከታዮቹ,0,2,0,0,0,0
amh_train_track_b_00522,ምፀት ጭንቀት ብዙ ያዛብራል ያልሆኑትን ነኝ ያሰኛል ያስለፈልፋል ለዚህም ነው ፋሽስቱ አብይ ሰሞኑን ከእነ ምርኮኛ ጄኔራሎቹ በፋና እየቀረቡ የሚቀባጥሩት ውስጣቸው በፍርሃትና በጭንቀት ስለተሞላ እረፍት ስላጡ ቢያንስ ቢያነስ ጉራችን እንንዛ በማለት መሆኑን ያሳያል የአማራ ሕዝባዊ ሃይል በባዶ ድንፋታ የሚሰበር አይደለምና ዱላውን ተቀበሉት ቻሉት,0,2,0,0,0,0
amh_train_track_b_00523,የልጆቿን አባት ገድላችሁ ከራሔል ኀዘን የከፋ ብርቱ ኀዘን ያመጣችሁባት እኩዮች ሆይ ይሄውና ስኬታችሁይሄውና ደስታችሁ! ይሄውና ገድላችሁ ይሄንን ፎ,0,0,2,0,0,0
amh_train_track_b_00524,የህዝብ ተወካዮችን በእንደዚህ አይነት ኢስነምግባራዊ በሆነ አካሄድ ምላሽ መስጠቱ የሚገርም ነው! ድሮስ ከእርሱ ምን ይጠበቃል? ከመጣው ፓርቲ ሁሉ ጋር እንደ እባብ ቆዳው,0,2,0,0,0,1
amh_train_track_b_00525,የህዝበ ሙስሊሙ እጅግ የሚገርም የእንቅልፍ እና የፈሪነት ዘመን ተብሎ የሚጻፍ ታሪክ,0,1,0,0,0,0
amh_train_track_b_00526,ቤንሻንጉልን እንደ ጥሩ ምሳሌ የጠቀስከው እዜያ አይደለም ወይ ሰው በዘሩ እየተመረጠ እየታረደ ኩላሊቱ የተበላው አይ ብሔር ፖለቲካ,1,0,1,0,0,0
amh_train_track_b_00527,የኪሊያን ምባፔ መጨረሻ የት ይሆን? ሪያል ማድሪድ ወይስ ሳዑዲ አረቢያ?,0,0,0,0,0,0
amh_train_track_b_00528,ጁጁ የሚባለው ግን የእጁ አክት አወራሩ ሁሉ እጅግ አስጠሊታ ነው ይቀፋል ሰውዬው ማርያምን,0,2,0,0,0,0
amh_train_track_b_00529,ጫት መቃም ምንችግር ኣሎው ዋናው ጀግንነት ነው,0,0,0,0,0,0
amh_train_track_b_00530,የምርሽን ነው 😂😂😂ተሽኮረመምሽ አይ ዲጄ ሊ,0,0,0,0,0,0
amh_train_track_b_00531,በአማራ ክልል በህገወጥ የተገነባ ፈራሽ ሆቴል ። አፍራሽ ስትሆን አናትህ ይፈርሳል ምድረ ወራዳ ።,1,2,0,0,0,0
amh_train_track_b_00532,እንኳን ደስ አለህ ተሜ ፍትህ ተከሳሹ የቀረበበትን ወንጀል በመከላከሉ በነጻ ሊሰናበት ይገባል በማለት በሙሉ ድምጽ ፍርድ ሰጥተናል,0,0,0,2,0,0
amh_train_track_b_00533,የዓለም ጤና ድርጅት አዲስ የኮቪድ ዝርያ ዓለም አቀፋዊ ስርጭቱ ፈጣን መሆኑን ይፋ አደረገ,0,0,0,0,0,0
amh_train_track_b_00534,እናተ እራሳችሁ በዚህ ድፉረት የሚናገር ባለጌ ሰውን የምጋብዙት ብዙ እይታ እድታገኙ እንጅ ሌላ ነገር አሳስቧችሁ አደለም ስንት ታሪክ የሰራ ሰው እያለ ከራሱም ከፈጣሪውም የተጣላ ቀውስ ሰው ብላችሁ ታቀርባላችሁ😡😡😡,1,1,0,0,0,0
amh_train_track_b_00535,ከከይሲው የደረሰኝ አንዳች ስጦታ እንኳን የለም,0,1,0,0,0,0
amh_train_track_b_00536,ሰላም የምታሳጣን እኮ የዘመኑ ባቢሎን ነች ሀይለስላሴ በተማሪ ንቅናቄ ስም መንግስቱ በቀይ ሽብር በሻቢያና በወያኔ ስም እሁን ደግሞ በጁንታበሸኔበፋኖ እያለች ደም የምታፈሰው ባቢሎ እንደሆነች ትውልዱ እየነቃነው,1,0,0,0,0,0
amh_train_track_b_00537,እንባዋ እየፈሰሳ ፕራንክ ነው ይላል እንዴ 👊,2,0,0,0,0,0
amh_train_track_b_00538,ይሸርሙጣ ልጂ ሆዳም ለራሱ ክብር የሌለው,1,3,0,0,0,0
amh_train_track_b_00539,ከአጠገብ ህፃን እያለ እንደዚህ አይነት ፕራንክ ደስ አይልም,0,0,0,0,0,0
amh_train_track_b_00540,OMN በጠባብ ኦሮሞአዊ ጥላቻ አማራንና የአማራን ብሎም የኢትዮጵያን ትልልቅ ሰወች ለመዝለፍ ሲፈልግ ሃጫሉን ጠርቶ ጥቅም ላይ ያውለው ነበረ በሌላ በኩል ደገግሞ መረጃ ቲቪ ኦሮሞወችን መሳደብ ሲፈልግ እስክንድርን ጠርቶ ይጠቀምበታል እናም ለሃጫሉ የሚያስብ ሰው ሃጫሉ በረድ ሰክን ረጋ እንዲል መምከር የነበረበት ድሮ ነው ሃጫሉ በየቦታው መነንገደድ ላይም ጭምር ሽጉጥ እየመዘዘ መዝፈን  ሽጉጥ እየመዘዘ ማስፈራራት ወዘተ ስራው ሆኖ ነበረ መመከር ይ,1,1,0,0,0,0
amh_train_track_b_00541,የኦሮሚያ ሕዝቦች ለጉራጌ ነጻነት እንታገል ብሎ ሲጮህ ዕምቢ ብላችሁ የአማራ ቅጥ ስትጠቡ ይኼ መከራ መጣባችሁ,1,2,0,0,0,0
amh_train_track_b_00542,እንድያው ምን አይነት መከራ ነው የመጣብ,0,0,2,0,0,0
amh_train_track_b_00543,አርሶአደሩ ከዚህ አፋኝ ጨቋኝ አስርበህ ግዛ ከሚል የኦነግ መሪ ለመላቀቅ ታጥቀህ ተነስ ነፃነትክን አስከብር,1,1,0,0,0,0
amh_train_track_b_00544,የኢትዮጵያ ብሔራዊ ስጋት አብይ አህመድ ብቻ ነው እሱ ሲወገድ ሁሉም ነገር አብሮ ይወገዳል,0,2,0,0,1,0
amh_train_track_b_00545,ምንም ብታወሪ እውነተኛ ፍቅር የለሽም ከናት በላይ አይደለም ያንቺ ቅራቅንቦ አንተ ደሞ ማይኮ ወጣት ነህ ሰርተህ ብላ ባቋራጭ ለመክበር አትሩጥ,1,1,0,0,0,0
amh_train_track_b_00546,ሶማሊያዊያን 'ፓይሬቶች' እንደ አዲስ የሀገሪቱን የባሕር ጠረፍ ማሸበር ጀምረዋል?,0,0,0,0,0,0
amh_train_track_b_00547,ወጥር ! ጦርነት ሸራ መሰለህ ? ሠላም ሰብከህ ብትሞት ይሻልሀል !,1,0,0,0,0,0
amh_train_track_b_00548,ካሪም ቤንዜማ የፈረንሳይ አገር ውስጥ ሚኒስትርን በስም ማጥፋት ከሰሰ,0,0,0,0,0,0
amh_train_track_b_00549,ኤርትራን ብዛን ግዜን ጣልያን 50 አመታት እንግሊዝ 10 ብድምሩ 60 አመታት በቁጥጥራቸው በግዛታቸው የቅኝ ግዛት ነበርች ለምን ይህንኑ ሳይጠቅሱ አለፉ ይህ ነው ለኢትዮጰያ ህዝብ ድብቁ ታርክአገር ባሕር ወደብም ብቻ በመጠቃቀስ ምን ፋይዳና ጥቅም ለማትረፍ ነውፖለቲካል ጥቅም ካልሆነ በስተቀር,1,0,0,0,0,0
amh_train_track_b_00550,አሳ ጋር መዝናናተ ደስ ይለኛል  ጀዝባ ማን ጫትህን ሊቅምልህ ነዉ,0,2,0,0,0,0
amh_train_track_b_00551,ሩስያ መሳርያ ለሐማስ ብትሰጥ ማን ልጠይቃት ነዉ እስራኤል ማለት አሜሪካ ተማምና አንጂ ምንም ናት ሩስያ ግን 2የአለም ጦርነት 50ፐርሰንት ያሸነፈች ናት እወቅ አንተ ሁሌም የአይሁድ አለቅልቅ አለምን ሁሉ በእነሱ ነዉ ሰላም ያጣው,0,2,0,0,0,0
amh_train_track_b_00552,"በራሳቸዉ እጅ መርጠዉ ደግፈዉ, አሁን መቃወም ሸም ነዉ, ነገሩ ስገለበጥ",0,1,0,0,0,0
amh_train_track_b_00553,አስፈላጊና ጥሩ ውጤት!በኢትዮጵያ ለሚገኙ ቤተሙከራዎች ኢንዱስትሪዎች አክረዲቴሽን አገልግሎት የሚሰጠውን የኢትዮጵያ አክሪዴቴሽን አገልግሎት ራሱ በአለም አቀፍ የብቃት አረጋጋጭ ተቋም,0,0,0,1,0,0
amh_train_track_b_00554,አላህ የበዳዮቹን ዋጋ በሁለቱም ሀገር ያዋርዳቸው ወላጅ ሆይ አንች ስደተኛዋ እህቴሆይ አላህ ሶብሩን ይስጥሽ እንድሁም ለመላው ቤተሠባችሁ ወላሂ ያማል 😭😭😭,0,0,2,0,0,0
amh_train_track_b_00555,መፈታትም የለበትም ይሄ ማንነቱን ያላወቀ ሕዝብን በሕዝብ ላይ ያነሳሳ የከፋ የዘር ፍጅት ቅስቀሳ ያደረገ አእምሮው በእጅጉ የቆሸሸ ልቡ በጥላቻ የታወረ የረከሰ,2,2,0,0,0,0
amh_train_track_b_00556,አይደል ሀሀሀ እና ሙስሊሞችና ክርስቲያኖች የሚያከብሩት እንዴት ነው ነገሩ የፈጣሪ ጥቁር መሆን አስምሩበት,0,0,0,0,0,0
amh_train_track_b_00557,የትግራይን ሕዝብ የችግርጦርነት ጊዜ እንደ ጠላት አይቶ አንዲጠፋ መሥራት በሠላም ጊዜ ደግሞ እንደ ወዳጅ ፈርጆ በብልጣብልጥነት ጠጋጠጋ ማለት ከትግራይ ሕዝብ ጋር ብቻ አንድ እንሁን ማለት ለሠላምና ለትግራይ ሕዝብ ታስቦ ሳይሆን የሴራና የግጭት ጎራ ለመፍጠር የሚሸረብ ተንኮል እንደሆነ ሊታወቅ ይገባል በአሁኑ ጊዜ ኢትዮጵያና ሕዝቦቿ የከፋ ሁለንተናዊ ችግር ውስጥ በገቡበት ጊዜ የሚቀነቀነው የሁሉም ሕዝቦች አንድነት ነው እንጂ የ2 ሕዝብ ብቻ ሊሆ,2,0,0,0,0,0
amh_train_track_b_00558,ትርሀስ በጣምእናመሰግናለን እስማርት አይምሮነው ያላት በቃ ቃላት የለኝም ላንቺ ልጁ ለህግ ይቅርብ ተጭብርብረናል ህዝቡ አመኔታ እያጣ ነው ህፃኑ መለመኛ አርጎታል ሚስቱ በስነልቦና ጎዶታል አብዩዝ እያርጋት ነው በዛላይ ያምሮ ህመምተኛ ሆና ብዙ እየተጎዳች ነው ባል ተብዬው የጉልበት ስራ ሰርቶ ማስተዳደር ሲችል አጭበርብሮ መብላት ያማል እኔማ ደሞዝ እስኪደርስ ተበድሬ መላኬ አሳዘነኝ ጓደኛዬ የስራሽ ይስጥሽ ያሳዝናል ብላ አልቅሳ አስለቅሳ ለሁለት,0,0,2,1,0,0
amh_train_track_b_00559,የቤተክርስቲያን መሆኑን ማን ካዴ የሀገር መሆን ግን አይችልም ነው,0,0,0,0,0,0
amh_train_track_b_00560,በትግራይ ህዝብ ስቃይ የተደሰትክ የጨፈርክ እና TigrayGenocide የደገፍክ አንተ ለሱዳን ታዝናለህ ብሎ የሚጠብቅ የለም። ለማዘንም ሰው መሆን ይጠይቃል።,2,1,0,0,0,0
amh_train_track_b_00561,የወላይታ ጥላቻ ተቋውሞ እንጂ ሌላ አይደለም ነፍጠኛ ቆይ ዋጋውን እንሰጣቸዋለን,1,1,0,0,0,0
amh_train_track_b_00562,እውነተኝ ፍቅር ሀያል ነው  ሊዮ አሳዘነኝ,0,0,1,0,0,0
amh_train_track_b_00563,ለትግራይ ስሆን ጦርነት ለአማራ ስሆን ድርድር የምትል ጀዝባው መንግስቴ,1,1,0,0,0,0
amh_train_track_b_00564,የቅኝ ግዛት map የሚባል እኮ የእነ ጣልያን እንግሊዝ የሳሉት እኮ ነው እንጂ ደርግ እማ እንዴት አርጎ ነው ቅኝ የሚገዛን ያለ Russia ድጋፍ እኮ አንድ ዐመት አይቆይም ነበረ የኤርትራ ሸንጎ ፈደረሽኑን አፈረሰው የሚባል ደግሞ ውሸት ነው ጃንሆይ ነው በተንኮሉ በግፊት ያፈረሰው ጠሚ አብይም በግልጽ ብሎታል በፓርላማ ግን ለጎረቤታቹ ከፍላቹ ብትጠቀሙ የት ነው ጉዳቱ ወንድምህ ቢጠቀም ምንድነው ጥፋቱ ይሄ እየሄደ ያለ propaganda,1,0,0,0,0,0
amh_train_track_b_00565,ሕንድ በጸሐይ ላይ የምታደርገውን ታሪካዊ ተልዕኮ በስኬት ጀመረች,0,0,0,1,0,0
amh_train_track_b_00566,ብትፈሪም ባትፈሪም መሞትሽ አይቀርም ቅዘናም በጭባጫ። ፍርሀት ነው ይሄን ሁሉ የሚያደርገው። ሸኔስ የተቀደሰ ነው አይደል። ፋኖ የቱ ጋር ነው ሲገድል ሲዘርፍ,1,2,0,0,0,0
amh_train_track_b_00567,ዋዉ ድንቅ ፕሮጀክት ከጠንካራ ወጣት ሰራተኞችና ከድንቅ መሪያችን ጋር አየነዉ,0,0,0,2,0,1
amh_train_track_b_00568,ይወርድባታል እኔ ዩቱብ ላይ እንደድንገት ነው ያየው በቱርክኛ ነው,0,0,0,0,0,0
amh_train_track_b_00569,ሀሀሀ አኡዚቢላህ ብሎ በማራም ወድልጂ ሶብረኛ ሲሆን እደት ደስ ይላል አቤት ትግስት ልክ Mዬ❤👈,0,0,0,1,0,0
amh_train_track_b_00570,በሚሊዮን የሚቆጠሩ ዜጎች በአገራቸው ተፈናቃይ ሆነው በየድንኳኑ ጥገኛ ሆነዋል። አገሪቱ በታሪክ እጅግ አስከፊ ጭፍጨፋ ያስተናገደ ጦርነት አድርጋለች። ዜጎች በከፍተኛ የኑሮ ውድነ,0,0,3,0,0,0
amh_train_track_b_00571,እውነት እግዚአብሔር እንዴት እንደሚሰማኝ ከአእምሮዬ በላይ ነው ገና እየነገርኩት ይመልስልኛል ለሱ ምስጋና ያንስብኛል?,0,0,0,3,0,0
amh_train_track_b_00572,ዶር አብይ አህመድ አሊ በጣም የምትገርም የምትደነቅ ልዮ የፈጣሪ ስጦታ ነህ ስንል በምክኛት ነዉ ትለያለህ ሚሊዮኖች የሚሳሱልህ እናቶች አባቶች እፃናት ወጣቶች እንዳሉ እወቅ ምንም ጥቂቶች በክፋት በስግብግብነት በምቀኝነት አገር ስትቀየር አይናቸዉ ደም የሚለብስ እንዳሉ ሁሉ የኢትዮጵያ አምላክ ጥላ ከለላ ይሁንህ አንተ ሰርተህ አሰርተህ ደከመኝ ሳትል አዉርቶ አደሮች ከወንበር ወደወንበር እየተቀያየሩ መከራቸዉን አበላሀቸዉ በአሽሙር አቃቂር በማዉጣ,0,0,0,2,0,0
amh_train_track_b_00573,ክርስቲያን ሸኮናቸው ድፍን የሆኑ እንስሳትን አይበላም አህያ ከመሀላቸው ነው ስለዚህ የተወገዘ ነው እነከሌ ለምን በሉ አይባልም,0,0,0,0,0,0
amh_train_track_b_00574,እነሱ ቢያንስ በልተው ለማደር ነው ያንተ በክህደት ነውወላጅን ከመካድ የከፋ ነገር የለም ሰው የማያልፋቸው ቀጭን መስመሮች ከሌሉት እንሰሳ ነው,1,1,0,0,0,0
amh_train_track_b_00575,ምን ጉድ ዘመን ላይ ነው ያለነው በተክልዬ? የኔ እህት እንኳን ለእዚህች ቃለ መጠይቅ በቃሽ... አንቺ ብርቱ ሴት ነሽ... ከእዚህ በኋላ ህግ ባይሰራ እራሱ ህዝብ ከጎንሽ ነው... ወይኔ... እኔን ...,0,0,2,0,0,0
amh_train_track_b_00576,እንደ ቱትሲ ሊያጠፉት ዘግናኝ ዘር ማጥፋት ጦርነት የታወጀበት የአማራ ሕዝብ ያለው ብቸኛ አማራጭ እንደ ፖል ካጋሜ መሆን ብቻ ነው! የአማራ ሕዝብ እንደ ሕዝብ ሊያጠፋው ዘግናኝ የዘር,1,1,0,0,0,0
amh_train_track_b_00577,ትመቸኛለህ ግን በጣም ኦሮሞን የሚዉድ ዘረኛ ነው,0,1,0,0,0,0
amh_train_track_b_00578,እንደ ሀገር ያለንበት ሁኔታ እጅግ ያስፈራል ኦርቶዶክስ ቤተክርድቲያን ላይ ያለው ደባ የባሶች ግዢ ሌብነት ሙስናው የረሀብ ጉዳይ የኑሮ ውድነት እግዚአብሔር መልካም ያድርግልን,0,0,1,0,2,0
amh_train_track_b_00579,ወይኔ ግን እንዴት ፎንቃ ገባልክ ቁርጥ ያባሰል ጋርድ እኮ ነዉ ምትመስለዉ ጾታዋ እራሱ ቼክ መደረግ አለበት,0,1,0,0,0,1
amh_train_track_b_00580,በዚህ አጋጣሚ አማራ እንዴ ዜላ ዜጋ ከዚያም አልፎ ጠላት እንደሆነ በግልፅ አውቀናል ካሁን በሗላ ያረረበት ያማስል አማራ ከሆነ ነፃነቱን ሊያውጂ ጫፍ ላይ ደርሷል አሼባሪው መንግስት እና የአማራ ባዕደኖች የጨለማ ቀናችው ደርሷል በአለማችን ለመጀመሪያ ጊዜ በዜጋ ላይ ድሮን የፈተሼ ና የተለማመደ አጋንት መሪ66,0,2,0,0,0,0
amh_train_track_b_00581,እግዚአብሔር ማረፊያ መደምደሚያ ያሳምርልሽ እግዚአብሔር ጠበቃ ይሁንልሽ በጣም ያማል እፍፍፍ ተስፋ በአምላክሽ ይሁን,0,0,3,0,0,0
amh_train_track_b_00582,ኦሃድ ውድና በጣም እግዚኣብሔር መልካም እውቀት ያለው ስው ነህ አርቆ የሚያስብ ስው እውነተኛ ለመሬት ሳይሆን ለኢትዮጵያና ለኤርትራ ህዝብ መፍትሄ ነው የሚናገረው በጣም እናመስግናለን እግዚኣብሔር አንተን እና ቤተሰቦችህ ይባርካቹ,0,0,0,3,0,0
amh_train_track_b_00583,መና ልጁን ፈርታዋለች መሰለኝ የእውነት ያስፈራል እንዴት አብረው ይኖራሉ,0,0,0,0,2,0
amh_train_track_b_00584,ታላቋ ኦርቶዶክስ ቤተክርስቲያን ታውካ አማራ ከመቸውም ጊዜ በላይ ህልውናው አደጋ ላይ ወድቆ ይህ መርዘኛና አደገኛ ሰውየ ዛሬም ማሳ ሲጎበኝ አገኘሁት! ይህ የ,1,2,0,0,0,0
amh_train_track_b_00585,ሥዕል እኮ አደገኛ የአጋንንንት እጅ ያለበት ነው ምክንያቱም የእግዚአብሔርን ቃል ስለሚቃወም,0,1,0,0,0,0
amh_train_track_b_00586,መና ያምሻል እንዴ በጣም ባለጌ ነሽ ይህ ሰው እኮ አሜሪካ ቢሆን ይታሰር ነበር እኮ እንደዚ እየደበደባት አብሮት ይሁን ስትይ አታፊሪም እንደዚ እያሰቃያት ስቃይዋ እኮ እንባዋ ላይ ያስታውቃል ሰው ፊት እንደዚ ካረጋት ብቻዋንማ አሰብኩት ስታሳዝን መና እምትባይ ግን በጣም ታሳፊሪያለሽ ልጅቶ የወደደችው እራሱ በጤናዋ አደለም ሴጣን ነው እንጂ እግዚአብሔር ይድፍው የተረገመ እርኩስ እሶ አይምሮዋ ታክማ ብትድን በራሶ ታዝናለች እንኮን አብራው ልትሆን,1,2,0,0,0,0
amh_train_track_b_00587,መዳን ይሆን ዘንድ እየሱስ ክርስቶስ እንኳን ተወለደልን! መልካም በዓል ለሀገሬ ክርስቲያን ሕዝብ በሙሉ። የነፍሴ ፍሰሐ አንቺ ላሊበላ ሁሌ የማገኝሽ ዘመን እስኪመጣ ናፍቃለሁ። የልቤን ሙዪልኝ! Ethiopia ?,0,0,0,1,0,0
amh_train_track_b_00588,በጣም ነው ልብ የሚነካው ይሄ የወንድማችን አዛን የሁላችን አዛን ነው ያማል እግዚአብሔር ፍርድን ይስጥ,0,0,3,0,0,0
amh_train_track_b_00589,አንች አይሁድ አናተ ሰዉ ስትገሉ ምን ልትባሉ ነዉ አነሱ ሲገሉ አሸባሪ ትላላላችሁ አናተስ ጭራቆች 🤮🤮🤮,2,2,0,0,0,0
amh_train_track_b_00590,ልጅ ባይኖራት እርግጠኛ ነኝ በዚህ ፕራንክ እንደማትፈታተናት እርግጠኛ ነኝ።ፋራ ባለቤትህንና ልጅህን የማይመጥን ፕራንክ ነው።,2,1,0,0,0,0
amh_train_track_b_00591,አንተ ቅንቅናም ከአንተ በላይ ዘረኛ አለዎይ???ባሌጌ,0,2,0,0,0,0
amh_train_track_b_00592,የአምባገነኑ ፕሬዝዳንት ልጅ የ240 ሚሊዮን ዶላር ንብረት ማፍራቷን ሪፖርት ይፋ አደረገ,0,0,0,0,0,0
amh_train_track_b_00593,ጦረነት ይቆም ይብቃ እናት አባት ህፂናት መሙት ይቆም እባካችሁሁ,0,0,1,0,0,0
amh_train_track_b_00594,የሰራቹትን ግፍ ህዝቡን ይቅርታ ሳትጠይቁ ተደራድራቹ ተጨባብጣቹ የምትመቻመቹት ነገር ግራ ይገባል በእናንተ ጥጋብ ምክንያት ዋጋ የከፈለው ከምኑም የሌለ ህዝብስ ቢያንሰ ይቅርታ እንዴት ትነፍጉታላቹ ወያኔ ያጠፋውን አጥፍቶ ሲሰማማ በየ ቤቱ መርዶ ልከው ህዝቡን ከሀዘንና ከጭንቀት ወደ ሀዘንና ጭንቀት ድህነት ከተው ይኸው ተሰተካክለው ቁጭ አሉ  ሰንት ንፁህ ሲሞት ነው የናንተ ዋንጫ ሞልቶ ነው ለወንበር የምትደራደሩት ነገ ደሞ ፋኖ ይቀጥላል ዋንጫ,2,0,0,0,0,0
amh_train_track_b_00595,ፋኖ ጣሊያናዉይ መሠላችሁ ከአማራ ህዝብ የወጣ የአማራ ማንነት እየተቀላ ሸቶ ሲቀበር እንደሠዉ መኖር አልችል ሲል የተነሣ ቆፍጣና ሀይል እንጂ ቅጥረኛ መድረሻ ያጣ ወታደር አይደለም አንድ ኢትዮጲያ ምርጥ መርህ ይዛ ባረባ ፖለቲካ ተደልሎ አይቆምምም,2,0,0,0,0,0
amh_train_track_b_00596,ሁሌም የማይረሳ ታሪክ ሰሪአብይ አህመድ አሊ,0,0,0,1,0,0
amh_train_track_b_00597,ወነትም ዝናሽ ታየቸው የሚገርም ስም ከሰሰ ጋር ሲመሳሰል እግዚአብሔር አብዝቶ ከነቤተሰባችሁ ይባርክልን።,0,0,0,3,0,0
amh_train_track_b_00598,ነፍስ ይማር ። በተሳሳተ መንገድ ኖራ በመሞቷ ያሳዝናል ። ጥሩ ዘፋኝ ነበረች ዘፈን ባያጸድቅም እሷ ግን ትክክል የሆነች መስሏት ከ ዘፈን ወደ ዘፈን ነበር,0,0,3,0,0,0
amh_train_track_b_00599,#የብዓድኖች ዋና ስራቸው እኮ ተፅፎ የተሰጣቸውን አንብበው መበተን ብቻ ነው አንጂ የ አማራ ህዝብን ችግር ሊጨምሩበት አንጂ ችግር ሊፈቱ አይችሊም ሚያወሩት ሌላ ሚሰሩት ሌላ አንደሆነ ይታወቃል።ይህ ከሆነ ሰንብቶል እነሱ እየሰሩ ያለው ሿሿሿ ነው ወገኔ።,2,1,0,0,0,0
amh_train_track_b_00600,ኢትዮጵያ የብሪክስ አባል እንድትሆን ተወሰነ,0,0,0,1,0,0
amh_train_track_b_00601,ወይኔ እህቴ ገና በልጅነት ይህን ሁሉ መከራ እግዚአብሔር ይጠብቅሽ,0,0,2,0,0,0
amh_train_track_b_00602,የእልፍኝ በር ሲከረቸምብህ እና ሞት መደፈር መፈናቀል የተጋሩ የ40 ቀን ስጦታ እንዳልሆነ ሲገባህ እንዲሁም ድንገት የቤተ መንግስቱ ነዌሪዎች ቢቀየሩ ለማንኛውም በሚል ነዎ,1,0,0,0,0,0
amh_train_track_b_00603,መሪያችን ድንቅ ክህሎቱን በአግባቡ በመጠቀም በሄደበት ሀገር በሙሉ ሀገር አኩሪ የዲፕሎማሲ ስራን በመስራት ተወዳዳሪ የለውም,0,0,0,2,0,0
amh_train_track_b_00604,ቬንዝዌላ የአውሮፓ ኅብረት አምባሳደር አገሯን ለቀው እንዲወጡ አዘዘች,0,0,0,0,0,0
amh_train_track_b_00605,እግዚኦ አምላኬ ሆይ ምህርትህን ላክልን ኦ ጌታ ሆይ አንተው ነህ ተስፍችን እጂግያማል እናቶች አባቶች ህፃናት እንድህ ሁነው ማየት ሰው ለሆነ ሰው እንደት ያማል እስከመቸ ኡፍፍ ለሰጣችሁ እግዚአብሔር አብዝቶ ይስጣችሁ,0,0,3,0,0,0
amh_train_track_b_00606,መጠረግ መጠረግ ትላላላችው ከሚጠረገው መሀል መሆናችውን ረስታችውት ነው? ወይስ ፅድቃችው በዝቶ ሰማይ ነካ? መጠረግ ስቱሉ ትንሽ ማዘን እንኳን አይታይባችውም እንደ አባት አብርሃም አስር ሰው እንኳን ቢገኝ ከተማዋን ማርልኝ ማለት ማንንን ገደለ? ለኢትዮጵያ ኑሮ ማን ይፈራል ኖርነው የሚባለው ከኖርነው ከምናቀው ህይወት የማናቀው ሞት አይሻልምን? ደሞ ገነትም ሲዖልም የለም ሲዖልም ገነትም ይህችው ምድር ናት አታስፈራሩን ፈጣሪን እያመሰገንንን በሰ,1,0,1,0,0,0
amh_train_track_b_00607,ዘር ማህበረሰብ አቀፍ የልማት ድርጅት(ACDO) ከፌድራል ሲቪል ማህበራት ድርጅቶች ኤጀንሲ በአዋጅ ቁጥር 1113/20111 ፍቃድ የተሰጠው ማህበረሰብ አቀፍ የልማት ድርጅት ነው። የአቢ-ዘር አላማ አቢ-ዘር ትኩረት አድርጎ የሚሰራው በወላጆቻቸው ሞት ምክኒያት ችግር ላይ የወደቁ ህፃናት በችግር ምክኒያት ከ ትምህርት እንዳይቀሩ አላማ ይዞ የሚሰራ ነው። «የአቢዘር የስራ ልምድ » ወላጆቻቸው በሞት ያ,0,0,0,0,0,0
amh_train_track_b_00608,በጣም የሚያሳዝነው ነገር የአማራ ክልል ሕዝብ ራሱ ተመካክሮ  ተጠናክሮና አንድ ሆኖ በመቆም እንክርዳዱን በጊዜ አበጥሮ ካላስወገደ ከመንገዶች መዘጋጋትና ከመሠረተ ልማቶች ውድመት ጋር ተዳምሮ የድርቅና የረሃብ ችግሩ አድማሱን እያሰፋ በመሄድ የከፋ አደጋ ሊያመጣበት ይችላል,0,0,2,0,0,0
amh_train_track_b_00609,ብቃትከፈተናው በላይ የከፋው አማራን ከ40 በታች ለማውረድ በመመሪያ ተደግፎ የወጣው ነው አዲስ አበባ አዲስ የሥራ ምድባ መመሪያ አውጥቶ አማራን ከሲቪል ሰርቪሱ በቲንሹ 30 ያህሉን ሊያፀዱት ነው አሠራሩ እንዲህ ነው እንደሚታወቀው የአዲስ አበባ ሕዝብ ከ60 በላይ አማራ ነው በሲቪል ሰርቪስ ከወረዳ እስከ ማዕከል ያለው ሠራተኛ ልክ እንደ ከተማው ነዋሪ ስብጥር ሁሉ ሠራተኛውም ከ60 በላይ አማራ ነው ይኸ በመድሎ የመጣ ሳይሆን 1ኛ የአዲስ አበ,2,0,0,0,0,0
amh_train_track_b_00610,የብዙ ሰዎች አስተያየት ለምን የጌታ ሆነ ነው ከስካር ከአማዘሪነት ከጥፋት መንገድ ከመይማች አካሄድ ከዘላለም ሞት አመለጠ ። ሰውን እንደ ።👉#እኔ ሁን ማለት በጣም ትልቅ ስህተት ነው ። ሚኮ እንኳንም የጌታ ልጂ ሆንክ ጌታ ኢየሱስ ለቤቱ በጽናት ያቁምልህ ።,0,0,1,1,0,0
amh_train_track_b_00611,ገጦ ይመችህ ደሞ ፕራንክ ነው ብለህ እንዳትመለስ,0,0,0,1,0,0
amh_train_track_b_00612,እስኪ አንዳንዴ ሞት ምን እንደሚመስል ባለስልጣኖችም እዮት ለምን ህዝቡ ብቻ,1,0,0,0,0,0
amh_train_track_b_00613,በጋዛ አብዛኛዎቹ ሕጻናት እና ሴቶች የሆኑ ከ25 ሺህ በላይ ሰዎች መሞታቸው ተገለጸ,0,0,1,0,0,0
amh_train_track_b_00614,አሁን ሁሉም ነገር ግልጽ እየሆነ ነው ግልጽ ነገሩ የሶማሊላንድ ምድያዎች በትናንትናው እለት እንደተናገሩት ከሆነ ከሁሉም ሀገራት ቀዳሚው የኢትዮጵያ ጠቅላይ ሚኒስትር በዝህ ሳምንት ወደ ሀገራችን ለስራ ጉብኝት ሀርገሳ ይገባሉ በሚል አስገራሚ መረጃ እያወጡ ነው ለኢትዮጵያ መንግስት ሁሉም ነገር የገባቸው ይመስላል ባለፈው ሳምንት ውስጥ ሶማሊያ ለሶማሊላንድ እውቅና እንደምትሰጥ እና ኢትዮጵያ ወደብ አልባ ሀገር ሆና እንድትቀጥል ፍላጎቷ ነው ነገር,0,0,0,0,0,0
amh_train_track_b_00615,እብድ እኮ ዘመድ ካላወቀለት እና ገለል ካላደረጉት የባሰ ጥፋት እያደረስ ይሄዳል:::ይኸው ነው የሚታየው:::,0,0,0,0,0,0
amh_train_track_b_00616,እንዴት ያማል መስዬ ማታ አቅርበሻት እንቅልፍ አልወሰደኝም ሳስባት ነው ያደርኩት ፅናቶቾዋን ውይ እህቴን አይዞሽ መስዬ የደሃን እንባ አባሽ ነሽ ፈጣሪ ይባርክሽ,0,0,2,0,0,0
amh_train_track_b_00617,ገዳዩ እራሱ ስለሆነ ነዋ በዚህ ቅጽበት ለማስመሰል የሃዘን እንጉርጉሮ የለቀቀው !,1,1,0,0,0,0
amh_train_track_b_00618,ሴቶች ዝም ይበሉ አለየሽወም ይህንንን ድቁርናቹሁ አቁሙ ትዕቢተኞች ለነገሩ ጳውሎስ ቀድሞ ነገሮናል መጠንቀቅ ብቻ ነው እንዲህ ሲል “ነገር ግን በመጨረሻዎቹ ቀናት ለመቋቋቋም የሚያስቸግር በዓይነቱ ልዩ የሆነ ዘመን እንደሚመጣ ይህን እወቅ። ምክንያቱም ሰዎች ራሳቸውን የሚወዱ፣ ገንዘብ የሚወዱ፣ ጉረኞች፣ ትዕቢተኞች፣ ተሳዳቢዎች፣ ለወላጆቻቸው የማይታዘዙ፣ የማያመሰግኑ፣ታማኝ ያልሆኑ፣ ተፈጥሯዊ ፍቅር የሌላቸው፣ ለመስማማማት ፈቃደኞች ያልሆኑ፣ ስም,1,0,0,0,0,0
amh_train_track_b_00619,ማይኮ እንኳን እውነተኛ የማይደፈርስ አህምሮን የሚያልፈ ሰላም ውስጣዊ እረፍት ወዳለበት፤ በክርስቶስ ብቻ ወደሚገኘው እውነቸኛ የውስጥ ሳቅ ወደ ሚሳቅበት መንፈሳዊው ወደ ሆነው ወደ እግዚያብሔር አለም፤ ወጣትነት ሳያልቅ በጉብዝና ወራት በጊዜ እንኳን መጣህ !!!እድለኛ ነህ ደስ ብሎኛል,0,0,0,3,0,0
amh_train_track_b_00620,ጌቾ መልካም የስራ ዘመን ይሁንልክ ከፊትለፊትክ ብዙ ስራ ይጠብቅሃልና እግዚአብሔር ለ48 አመት ከህወአት ምስረታ ጀምሮ እስካሁን እረፍት ላጣ,0,0,0,1,0,0
amh_train_track_b_00621,ጃዌ ተከብባያለው በማለቱ በርካታ ኑፁሀን ደመ ከልብ ሆነዋል በተጨማሪ በሱ ምክንያት ቡዙ ሰው ተሰቃይቷል ተፈናቃሏል ነገር ግን ፈጣሪ ይቅር ይበለው ምክንያቱም እች ምድር ከንቱ ናት አላህ ይቅር ይበለው አሜን,0,0,1,0,0,0
amh_train_track_b_00622,በደቡብ ወሎ የማዕድን ማውጫ ዋሻ ተንዶ መውጫ ያጡ ሰዎች ሳምንት ሆናቸው,0,0,0,0,0,0
amh_train_track_b_00623,? በዘረኝነት በመስገብግብ እና በልዩነት ትርክት ፖለቲካ በመዘፈቃችን ምክንያት ? ከቀን ወደ ከቀን ወደ ቀን እየከፋ ከሚሄድ ቀውስ በላይ በሀገር የመቀልድ ማ,2,0,0,0,0,0
amh_train_track_b_00624,(መዝ 90 ) 14 በማለዳ ምሕረትህን እንጠግባለን፤ በዘመናችን ሁሉ ደስ ይለናል ሐሤትም እናደርጋለን። 15 መከራ ባሳየኸን ዘመን ፈንታ፥ ክፉም ባየንባቸው ዘመኖች ፋንታ ደስ ይለናል።,0,0,0,0,0,0
amh_train_track_b_00625,እኮ? ቦሌ አካባቢ አብረውት የተማሩ ሰዎች ቢገኙ ጥሩ ነበር?,0,0,0,0,0,0
amh_train_track_b_00626,ይሄ ያንተ ፋኖ የምትለው ጥርምቅም ሽፍታና ዘራፊ በስርአት ወደ መከላከያ ግባ ነበር የተባለው እሱንም እምቢ ካለና ሸፍቸ ሰው ገድየና ዘርፌ እኖ,1,2,0,0,0,0
amh_train_track_b_00627,ልጁ በጣም ያሳዝናል ለቤተሰቡ የጌታ ሰላም መጽናናት ልባችሁን ይሙላዉ ብልዲግ ሲፈርስ ለምንድን ነው ልጅ መጋዘን ዉስጥ የገባዉ መጋዘኑ የሚፈርስ ከሆነ ቀድሞ አልተነገረም ወይ በደብ ግልጽ የሆነ መግለጫ ያስፈልጋል ሌላዉ ህብረተሰብ ወደፊት እንዲጠነቀቅ እናተ ጋዜጠኞች ነገሮችን በደንብ አጣርታቹህ ብታቀርቡ ለኛም ትምህርት ይሰጠናል ለመብትም ለፍርድም እንዲሆን ችግሩም የቱ ጋር እንዳለ እንድንረዳአ,0,0,2,0,0,0
amh_train_track_b_00628,ምንም አይሻም፣ ምንም አይፈልግም፣ መኖርም መሞትም የሰከንዶች ቅጽበት እንደሆነች ለሚያም ምን ልተሰጡት ትሻላልችሁ? ወደ ሞቱን እራሱን አሳልፎ በፈቃዱ መስጠት ለሚሻ ሰው ምንም አትሰጡትም ምንምም አትነሱትም፤ ምንም የመንጋ የድንቁርና ህሳቤም ፭,2,1,0,0,0,0
amh_train_track_b_00629,አቤት መከራ አቤት መስቃየት አቤት የእናት መጨከን እረረረ እንዴት ያማል እንዴት ያቃጥላል እቺ ሕይወት ከባድ ነው በእውነት እግዚአብሔር ነፃ ያውጣና 😭😭😭አይዞሽ አይዞሽ እህቴ በጣም ጠንከራ በጣም ጀግና ነሽ እና ፍጣሪ የሕራዓልን እንባ ያበስ አምላክ አንችንም ያብስው በእውነት ልብን ነው የምነካው 😭😭😭እግዚአብሔር ካንች ይሆን እህቴ ይሕ ታይቶ ተስምቶ አይታውቅ እናቶች እባካቹ በልጆ,0,0,3,0,0,0
amh_train_track_b_00630,ብሊንከን የፆታ ጥቃት የብዙ ሺዎች ከቤት ንብረታቸው መፈናቀል እንዲሁ ድንገት የተከሰተ ወይም ተራ የጦርነት ውጤት ሳይሆን ሆን ተብሎና ታስቦበት አንድን ብሄር ኢላማ ያየረገ,2,0,0,0,0,0
amh_train_track_b_00631,ከህጻናት እጅ ላይ፣ በዘሩ የሚያስብ፣ ሁሉን አውቃለሁ ከሚል አጋንንት እጅ ላይ ወድቃ እንጅ (ዜጎችን ቅድሚያ ሳትመግብ ለፖለቲካ ጫጫታና አደረኩ ለማለት ይህን እንጅ) አቅምማ ነበራት!,1,0,1,0,0,0
amh_train_track_b_00632,የኦሮሚያ አውሬው ሰካራም ሴሰኛ ዘራፊ አራዥ አፈናቃይ የዋኬ ፈታ አቴቴ ጨሌ ጳጴሳት ተብሎ ይስተካከል,0,2,0,0,0,0
amh_train_track_b_00633,ሙሴቪኒ የኢትዮጵያ ጠላት መሆኑን በትግሬ ጦርነት የህወሓትን ኮማንዶ ተብዬ ዱሩዬዎችን ሲያሰለጥን ልጁ ደግሞ ወደ ሁለት መቶ ታጣቂዎችን በእግር ወደ ኢትዮጵያ ሲሰድ አስመስክሯል  ንጉሱ ከኛው ዘመን ከማይሽረዉ ዘመዳችን ኬንያ ጎን መሆኑ ጥሩ ነው,0,1,0,0,0,0
amh_train_track_b_00634,ንሳ ግባ ከንቱ ስለ አባቶች ለመናገር አፍህን ትከፉታለህ ካድሬ ንስሀ ግባ ተምሮ ከንቱ,2,0,0,0,0,0
amh_train_track_b_00635,አዋሽ 7፡ ከማይመሹ ቀናት፣ ከማይነጉ ሌ’ቶች እስከ ‘አይደገምም!’,0,0,0,0,0,0
amh_train_track_b_00636,ለዕለቱ የተመረጠው አጀንዳ በርካታ አንጓዎች ያሉትና ለአሥርተ ዓመታት መንግሠት ሆኖ የቆየው ፖርቲ ውስጠ ፓርቲ ይዘቱ ከዜጎች መሠረታዊ ፍላጎቶች መሟላት ዴምክራሲን በመብቶችእኩል ተሣትፎና ተጠቃሚነት ኢትዮጵያ የተገነባችበትን ማዕዘናት እሴቶችየእምነት ኃይማኖት መከበ የቋንቋ ባሕል ወጎችና ገንቢ ሥርዐቶች ወዘተ የሀገርን አንድነትን ከማስቀጠል ሉዓላዊነትን እስከ ማስከበር ለዘመናት እንደ ጠበቀ የቆየውን ከቤተሰብ እስከ ቀዬ አካባቢ,0,0,0,0,0,0
amh_train_track_b_00637,አይ አስቴር እኔኮ ሰው ነበር የምትመስይኝ ለካ የሜዳ አህያ ነሽ ፣ ሁሌ ቅን ለመምሰል ትሞክርያለሽ ግን በቃ... ተቃራኒ ነው የሚታወሪው 🦓,0,2,0,0,0,0
amh_train_track_b_00638,Tesfaye Zerihun ከንቱ የወንድአልጫ፣🤮🤮🤮ውይአንተን ማዳመጫህን ወደማላመጫህ ነበር በጥፊ😡😡😡 ዶማ,1,2,0,0,0,0
amh_train_track_b_00639,አስቴር አንቺ ላይ የሆነ ነገር አለ ደስ የሚል መረዳትሽ ከአገለለለጽሽ ጋር ጣፋጭ ነዉ ፖለቲካዉን ተይ ፖለቲካዉ ጥሩ ም ይሁን መጥፎ ጌታ የዉቃል እሱን ተይዉ,0,0,0,1,0,0
amh_train_track_b_00640,እስቲ አንተ ከፍለ ግዛላት ለኢትዮጵያ ድሮም ሆዳም በጭንቅላቱ ማሰብ ይሳነዋል,0,2,0,0,0,0
amh_train_track_b_00641,አውሬው አብይ በስልጣን ለመቆይት ሲል ብቻ ጦርነት እየጠመቀ ንጹሀንን ሲጨርስና በመዴዴ የኦሮሙማ መንጋ ሲያስጨርስ ትንሽ ስቅጥጥ የማይለው አረመኔ ሰው ነው ድፍት ያድርገው,0,2,0,0,0,0
amh_train_track_b_00642,ይሔን ፕራንክ እሚያጠፋ ነገር በመጣ 😳😳😳,1,0,0,0,0,0
amh_train_track_b_00643,ምትናገረውና ምትሰራው አንድ ቢሆንልን ምነኛ ደስ ባለን,0,0,1,0,0,0
amh_train_track_b_00644,አይገርምም አስለመዱንና አቅልለን ማዬት ጀመርን። የአማራ ሞት ለነፍስ ይማር እንኳ የማይሆን ርካሽ አደረጉት እኛም ተባበርን። አማራ ክልል ሕዝብ እየተዞረ መጠየቅ አለበት። የክብር ባህላችን ጠፍቷል።,0,0,2,0,0,0
amh_train_track_b_00645,ሐማስ ጦርነቱ ካልቆመ የታጋቾች እና እስረኞች ልውውጥ እንደማይኖር አስታወቀ,0,0,0,0,0,0
amh_train_track_b_00646,ምን አርገሽ ነው እንክርዳድ ነሽ ብለው ህወኃት አማራዎች ስጋሽን የሚበሉት? አንቆጳ እኮ ጥሩ ነገር አሰማችን ዛሬ ያ ፈረንጆች Shoot aim rel,1,0,0,0,0,0
amh_train_track_b_00647,የዚህ ሁሉ እልቂት መነሻ ሃማስ የተባለ የሰይጣን ቁራጭ ነው፣ በእስራኤልም ንጹሃን ዜጎች ሞተዋል፣ በፍልስጤምምም እንደዛው,1,1,0,0,0,0
amh_train_track_b_00648,ይመልሱ! ይሸለሙ! ዛሬ ሚያዝያ 212015 ዓም ከቀኑ 6፡00 ሽልማት የሚያስገኝ ጥያቄ በባንካችን የቴሌግራም ገጽ ብቻ ይጠብቁ፡፡ የፀሐይ ባንክ የቴሌግራም ገጽ,0,0,0,0,0,0
amh_train_track_b_00649,እስላም ሁሌም አሸባሪ ነው፡ so sad!,0,2,0,0,0,0
amh_train_track_b_00650,እመቤታችን የማይወድ ሰይጣን ነው,0,1,0,0,0,0
amh_train_track_b_00651,ለወሬ የሞቱ ናቼው እኮ ግዜጠኞቹም መንደረኞቹም,0,1,0,0,0,0
amh_train_track_b_00652,Hey በዛብሕ ጼጥሮስ ማለት ሚግ 23 ስኳድሮን የስሜን ምድብ ምክትል አዛዥም ነበር አላስችል ብሎት ነው እራሱ ተነስቶ የምፅዋን የባሕር ሐይል ሽሐብያ ከወያኔ ጋር ያለ የሌለ ሐይላቸውን ይዘው ለመቆጣጠር ባሉበት ሁኔታ ነው ድንገት ደርሶ አመድ አድሮጎአቸው ሊመለስ ሲል ነው ጉም ሽፍኖት ገአተላይ ተራራ ላይ በፓራሹት ወርዶ የወገን ጦርን ሲያይ የሉም ነበር ኢሳያስ አፈወርቂ በላው  ወደናቭስታ ጊቢ አልተመለስም ሌላውን አላውቅም,0,0,0,0,0,0
amh_train_track_b_00653,ተሳስተሃል እኛ እኛ ኤርትራዊይኖች ነፃነታችን በዓለም ላይ አሰታውቀናል ኤርትራ ኢትዮጵያ ሁና አታውቅም,1,0,0,0,0,0
amh_train_track_b_00654,በጣም ቆንጆ እና ዉብ ነዉ ለአይን ማራኪ ነዉ ይሄን ዉብ ፕሮጀክት ለማድነቅ ቅድሚያ ዜግቼ ማህበራው ዋስትናቸው መረጋገጥ አለበት ብዬ አስባለው,0,0,0,2,0,0
amh_train_track_b_00655,መጡብን እንጂ አልጠራናቸው? ደቡብ ሱዳን በመቶ ሺ ሲገቡ የኛ አይነፃፀርም። ያልታሰበ ዕዳ ነው!,0,0,0,0,0,0
amh_train_track_b_00656,ካዝሚር በጣም የሚገርም መድሃኒት የሆነ ፍራፍሬ ነው,0,0,0,1,0,1
amh_train_track_b_00657,ወይኔ ሀሊዴ ለምን እውነቱን አትነግራትም ግልፈን ጭራቅ የች እንጂ,1,2,0,0,0,0
amh_train_track_b_00658,አለም ነዋሴ የሙስሊሞች ጠላት ነህ,1,1,0,0,0,0
amh_train_track_b_00659,ቤተክርስቲያን ሃውልቲ ክፍለ ከተማ ቀበሩት በሰዓቱ ለቀብር የሄዱ የመከላከያ ሠራዊት ተሽከርካሪዎችን በወጣቶች አስበሩ ስሜታዊ እንዲሆኑ ቅስቀሳ አካሄዱበት የሬድዮ,1,0,1,0,0,0
amh_train_track_b_00660,Micheal Won Bogal የእኔ አይነቶች የሰው ዘር መጥፋት አለበት አይሉም! ከ150 አመተት በፊት መንግሥት የነበሩት ዘሬ ላይም ይመጡና ሊያስተዳድሩን ይችላሉ ብሎ አይገምቱም! የእኔ አይነቶች በሰዎች እኩልነት፣ በድሞክራሲ፣ከአለማችን ጋር እኩል መራመድ፣ ለሰው ልጆች በተፈጥሮ የተሰጠቸዉን መብቶች ለመክበርና በሰዎች ላይ የሚደርሱት በደሎች የእኔም በደል ስለሆነ ማንም ብሆን አይበዳል የሚሉት ናቸው።,1,0,0,0,0,0
amh_train_track_b_00661,never trust deeply disappointment በማሃመድ በግርኛ ግዜ በኢሪትራ እርዳታ ሰሜኑ ኢትዮጵያ ድነዋል ኣጼ ዮውሃንስ ለራእሲ ወልደሚካኤል የኢሪትራ መሪ በጉንደት በነበረ የግብጽ ውግያ ርዳታ ጠይቆ  ተባብሮው ግብጽን መለሶት ከዛ በጋር እንድንሰራ ብሎ ወደ ትግራይ ጋብዞት ወድያው ወደ እስርቤት ውስዶ ደጋማ ኤሪትራ በኣሉላ ኣድርጎ ወሮት ያዙት ኣጼ ምነሊክ በኣድዋ ጦርነት ከሺ ኣማራ ኣንደ ኣበራ ኤሪትራዊ ብለው ሲያበቁ በስለላ ሰላ,0,1,0,0,0,0
amh_train_track_b_00662,እንዳንቼ አይነቱ የደም ነጋዲ ነው ሀገር የሚያጠፉው ዳቡ ልቅምቃሚ ሲወረውርሽ የስው ሞት እና መከራ ምንም ሳይመስልሽ በውሽት ትርክት ህዝቡን የሚያስጨርስ ሊባች እ,1,3,0,0,0,0
amh_train_track_b_00663,በጣም የምትወዱትና ከልባቹ የምታፈቅሩት ግርግር እያለፈባቹ ነውእናንተ የተፈጠራቹ ለመስራት አይደለም ለውሬና ጦርነት ብቻ ናችሁይገርማል ደግሞ ሰው ማስጨርስ ነው እንጂ ጦርነትም አትችሉትምቀይ ባሕር በጀግኖች እየተጠበቀ ነውእናንተ ራሳቹ እንድምታዩት አይደለም አቅማቹ ታይታችኋል በሃይለስላሴና ደርግ የምትጠበቁት በአሜሪካና ሩስያ ባሕር ሃይል ነበርአሁን ግን ኤርትራውያን ከሳውዲ አራብያ በላይ የተመስከራራቸው መሆናቸው ዓለም ያቀዋል ስለዚህ እዛ ከ,0,2,0,0,0,0
amh_train_track_b_00664,ለመንግስት ቁዋሚ ተጠሪ ሆነዋል ሃጂ ልጅዎት የተገደለው ባለው መንግስት ነው ጥሩ መንግስትና ስርአት ቢኖር ኖሮ ልጅዎት ታግቶ ለሞት አይበቃም ነበር ነገ በርስዎ ይመጣል,1,0,0,0,0,0
amh_train_track_b_00665,ወራዳ አራጅ ስላም ለእናንተ እማ ሞት ሲያንሳችሁ ነው,1,2,0,0,0,0
amh_train_track_b_00666,በጣምም ጥሩ ነዉ Arts tv ሌሎችንም ሰዎች ጋብዧቼዉ,0,0,0,2,0,0
amh_train_track_b_00667,ካለቁ ቡሀላ እነሳብሻለሁ አጅብ ጅቡ ከሄዴ ውሻው ጮሀ አሉ ሲተርቱ ብቻ አላህ ይራሀማቸው እነሱ ተሰቃዩ ፎቅ እየወደቀባቸው ምን ዳኑት ያማል ወላሂ,0,0,3,0,0,0
amh_train_track_b_00668,እግዚያብሄር ለኢትዮጵያ የሰጠው ድንቅ መሪ አሁንም ፈጣሪ ማስተዋል እና ጥበብ ይስጥህ የታመንከው አምላክ ደግሞ ይረዳሀል ኢትዮጵያ ትበለጽጋለች,0,0,0,2,0,0
amh_train_track_b_00669,የቀድሞው የአሜሪካ የውጭ ጉዳይ ሚኒስትር ሄንሪ ኪሲንጀር በ100 ዓመታቸው አረፉ,0,0,1,0,0,0
amh_train_track_b_00670,አለምነዋሴ ከልጅነቴ ጀምሬ ማስታውስክ የጦርነት ዘገባ ስትሰራ ነው ሁል ግዜም የምትዘግባቸው ዘገባዎች የራስክንም ጥላቻ በመጨመር ነውግን አንድ ጥያቄ አለኝ አንድም ቀን ስለፍልስጤም እውነታ አትናገርም ይገባኛል ፈላሻነትክን እንዳትቀማ ነውግን የነዛ የሚሞቱት ህፃናትን ደም እየበላክ እንደሆነና ለልጆችክም እያበላክ መሆኑን ታውቃለክ,1,1,0,0,0,0
amh_train_track_b_00671,በእውነቱ ትላንት ባሰተላለፋችሁት የውይይይት ፕሮግራም የሰው ሀሳብ መሰማት ክፋት የለውም የዲሞክራሲ ባህላችንም የሚያድገው የሰውን ሀሳብ መሰማት ብቻ ሳይሆን ማክበርም ተጠቢ ነው። ግን እንደ ኤርሚያስ ያለን እርካሽ ሀሳብ ስሰማ አመመመኝ እንዴት አፉን ሞልቶ በሕወሓት ላይ እየተወሰደ ያለው እርምጃ ሰውር ዓላማ የኢትዮጵያ ሕዝብ ለትግራይ ሕዝብ ያለው ጥላቻ ነው ይላል። ዲሞክራሲም ቢሆን ገደብ አለው። ይሄ ከወራዳነት ዝቅ ያለና ሕዝብን ለማጫረስ,0,2,0,0,0,0
amh_train_track_b_00672,ጉልበትህን እኔ ጋ አታጥፋ! አንድ ገፅ ላይ ነን! የቀኑን አጀንዳ ለመገረብ ያክል የቀረበ ትዊት እንጂ ድንገት የበራለት ሰው ሀሳብ አይደለም!,1,0,0,0,0,0
amh_train_track_b_00673,ጀዛኩም አላህ ከይረን   በጣም ያማል እፃናቶች ረገፉ  እኔ እዳዛም ሆነው የደሚኖሩ አቃለው በነጃህም ሚዲያ አይቻቸዋለሁ ግን አሁን ሰላም መስለውኝ ለምን ጅመረ እያልኩ እራሴ እጠይቅ ነበር ወላሂ ያአላህ,0,0,3,0,0,0
amh_train_track_b_00674,አሁን ያለችው ኢትዮጵያ ይህ ቀውስ ሰውዬገዢው ፓርቲ በፈለጉ ግዜ ሊያፈርሷት የሚችሏት ነች።እሱ እንዳለው መከላከያውም ሊያቆማቸው አይችልም።,0,1,0,0,0,0
amh_train_track_b_00675,ሮናልዶ ሁለት ጎሎች ባስቆጠረበት ጨዋታ ከአል-ናስር ጋር የመጀመሪያ ዋንጫውን አነሳ,0,0,0,0,0,0
amh_train_track_b_00676,እዚህ ድራማ ሃና ዮሐንስ ብትገባበት ደሞ ሴራው ይገርም ነበር ግን አሁንም ምርጥ ነው,0,0,0,2,0,0
amh_train_track_b_00677,ሕንዳዊው ነጋዴ ለሚስቱ ታጅ መሐልን የመሰለ ቤት አሠራ,0,0,0,0,0,0
amh_train_track_b_00678,እንደሰው ስታወራ ለናንተ የማይጠረቃ የስልጣን ሱስ 1 ሚሊዮን ወገን ቅርጥፍ ካደረግክ በኋላ ሞት ወደናንተ ስትቀርብ በአቦ በስላሴ ብለህ ወደ እርቅ የገባህ ራስ ወዳድ አትመስልም!,1,1,0,0,0,0
amh_train_track_b_00679,ወንዳታ ለፅንፈኞች ጥሩ መልስ ነው,0,0,0,1,0,0
amh_train_track_b_00680,አይናቸውን በጨው አጥበው google ላይ raw meat ብለው ሲሰርቹ ምንም አለመፀፀታቸው የሚገርም ነው ?,0,0,0,0,0,1
amh_train_track_b_00681,አሀቴ እግዚብሔር መልካም ነው ነብዬ ደረሰ ላቀው ጋ ሄጂ የቤተሰብ ጣጣ ብዙ ነው ጌታ ቀሪ ዘመንሸን የሰላም ይሆናል አመኝኝ,0,0,0,1,0,0
amh_train_track_b_00682,የዜጎችን መብትና ክብር የማያስጠብቅ መንግስት ቁጭ ብሎ፣ እንኳን ይኼና ሌላም ቢፈጠር የሚገርም አይሆንም።,1,0,0,0,0,0
amh_train_track_b_00683,ወዳጄ ንጉሴ አየለ ጋብዞኝ ድሀ አደግን አየሁጋሽ አያልነህ በዛ ግዜ ድፍረቱ የሚገርም ነውዛሬ እሱ በህይወት አለ ሌሎቹ ግን ሄደዋልረዥም እድሜ የሀገር አድባር አያልነህ ሙላትእናንተም አክባሪዎቹ እግዜር ያክብራችሁምስራቅዬ ደግሞ እንዴት ደስ እንደምትይኝ,0,0,0,2,0,0
amh_train_track_b_00684,ጥላቻን ከልቤ ጠልቼው ርቆኛል ፣ ፍቅር ግን ሳፈቅረው ይበልጥ ቀርቦኛል፣ አምኖ መጎዳቱም ምርጫዬ ሆኖኛል ፣ ምክንያቱም በእምነቴ አምላክ ያድነኛል! SaveIDP,0,0,0,1,0,0
amh_train_track_b_00685,እውነት በጣም የሚገርም እይታ ነው አሁን የዚህን ሠውዬ ክፋት ጭካኔ አሁን ግልፅ ነው ስለሆነም በማንኛውም ሁኔታ ውስጥ ሆነን መታገል አለብን እስከ ሂወት ፍፃሜ ድረስ የ,2,0,0,0,0,1
amh_train_track_b_00686,እኛ ሃገራዊ እንጅ ስሜታዊ አብዮት ለማቀጣጠል አይደለም እዚህ ያለነው?,1,0,0,0,0,0
amh_train_track_b_00687,እንዲህ በህፃንነትዋ የሰጣት ጥንካሬና እውቀት ትልቅ ቦታ ትደርሳለች።ጌታ ፀጋ ሰጥቶሻል መከራ የቻለ አሽናፊም ነው አይዞሽ።,0,0,0,1,0,0
amh_train_track_b_00688,የኢትዮጵያ ኦርቶዶክስ ቤተክርስቲያን በአርሲ 36 ምዕመኖቿ መገደላቸውን አጥብቃ አወገዘች,0,0,1,0,0,0
amh_train_track_b_00689,ጭራሽ በሰው ሞት ታሾፊያለሽ ኢትዮጵያ በቀይ ሽብር ያለቀ ለናንተ ቀልድ ነው አሽቃባጮች,2,1,0,0,0,0
amh_train_track_b_00690,እስራኤል መሸነፏን አለም መስክሯል ለመሸነፏ ሌላዉ ቢቀር የህፃናቶች ሞት ይበቃሉ አለማችን እንደእስራኤል አይነት ፈሪ ወራዳ ጨካኝ አላየችም የራሷን ንፁሐን ህዝብ የጨፈጨፈች ሚስጥር እየወጣ ነዉ አለም እያየ ነዉ,1,2,0,0,0,0
amh_train_track_b_00691,በጣምነው ደስየሚሉት የተረጋጉናቸው 👌😍,0,0,0,2,0,0
amh_train_track_b_00692,እውነት እንዴት ደስ እንዳለኝ ጌታ ክብሩን ይውሰድ❤😍🙏,0,0,0,3,0,0
amh_train_track_b_00693,ማን ግፍ እየፈፀመ እንደሆነ አለም የሚያውቀው ሀቅ ነው::: ኢትዮዽያ አገራችንንን አታስጨንቋት! አትነዝንዙን! ችግራችሁን በሠላም እና በውይይይት እዛው ፍቱ! እኛ በውስጣችን ያለው ችግር ይበቃናል:::,2,0,1,0,0,0
amh_train_track_b_00694,ሺህ አመታት የዘለቀ «የአይሁዶች» ታሪካዊ ጉዞ 🍃🍁🍁🍁🍃 ባለፉት ሺህ አመታት ህዝቦች «ከአይሁዶች» ጋር የነበራቸውን ግንኙነት የሚገልጽ አጭር የታሪክ ቅደም ተከተል በሚከተለው ሁኔታ ቀርቧል :- 1080 - ከፈረንሳይ ተባረሩ 1098 - ከቼክ ሪፖብሊክ ተባረሩ 1113 - ከኪየቫን ሩስ (ቭላዲሚር ሞኖማኽ) ተባረሩ 1113 - በኪየቭ ውስጥ ጭፍጨፋ አስተናገዱ 11147 - ከፈረንሳይ ተባረሩ 11171 - ከጣሊያን ተባረሩ 111,0,0,1,0,0,0
amh_train_track_b_00695,yes ቢያንስ በአካባቢያችን ዳቦ ገዝተን በልተነል 10Q,0,0,0,1,0,0
amh_train_track_b_00696,ሌባ ባንተ ልክ ያግበሰበሰና ሰው ያፈናቀለ ማን አለ? ሁሌም ጭንቅ ሲመጣባችሁ አገር አገር እንደምትሉ ተባኖባችኋል,1,1,0,0,0,0
amh_train_track_b_00697,እግዚአብሔር ይገሥጽህ በዚህ ወንድም ላይ ያለህ አውሬ ለዘለዓለም ሥራህ የፈረሰ ይሁን በክርስቶስ ኢየሱስ ስም ስልጣን ወንድሜን ልቀቅ,2,0,0,0,0,0
amh_train_track_b_00698,ችግሩ እኛ የውጭ ናፋቂ አድናቂ እንበዛለን ብዙ የሚታይ ብዙ አለን እየተሰሩ ያሉ ፕሮጀክት አለን ግን አናየውም አንዘግብም ጥሎብን ሳንገዛ ግን በአሳብ የተገዛን የውጭ አድናቂ መሆናችን ያማል ፖለቲካንና አገርን ለይተን ሁሌችንም ድርሻችንን ብንወጣ የፈረሱ የሚታደሱ ቅርሶቻችንን አሰተባብራችሁ ለምን ከብረን አንሰራም አንድነት አይላችን ስለሆነ ሁላችንም የድርሻችንን እንወጣ አገሬ ኢትዮጵያዬ ተስፋ አለሽ ትልቅ ነን ወደፊትም አያል እንሆናለን ካለጥ,1,0,0,0,0,0
amh_train_track_b_00699,እንዴ እርሶ ደግሞ! ማነው እርድ ጥሩ ስም አይደለም ያለው ማነው?!,0,0,0,0,0,0
amh_train_track_b_00700,በጣም ደስ ይላል እኔ ለወደፊቱ ከስደት ሰመለስ ለማበብ እቅድ አለኝ ግን መጥሀፍቶቹ በኢትዮጲያ በጣም ውድ ናቸው እስኪ እግዚአብሔር ፍቃዱ ይሁን,0,0,0,2,0,0
amh_train_track_b_00701,የሚገርም ነው እኔ ሰው ሞተ ሲባል እንጅ አይቼ አላውቅም እንዴት እንደሚቀበር ይገርማል ይህማ ከሆነ ምኑን ተቀበረ ያረቢ ምን ጉድ ነው ሀብታሞች እንድህነው የሚቀበሩት አሉ በነሱ,0,0,1,0,0,1
amh_train_track_b_00702,ሃጫሉን ከጅዋር ሌላ ሊያስገድል የሚችል የለም  ምክኒያቱም ሕዝብን ስሜታዊ አድርጎ በምርጫ ማሸነፍ ነበር የሴራው ፖለቲካ ስትራቴጂ የስክነቱም ሚስጥር የጥፋተኝነት ስሜት ነው ብዬ አምናለሁ,0,2,0,0,0,0
amh_train_track_b_00703,አገራችን በመደመር ህሳቤ ወደ ከፍታዋ ትደርሳለች ምን ግዜም ለአገራችን ብልፅግና አንቦዝንም ድንቅ ገለፃ ነው,0,0,0,2,0,0
amh_train_track_b_00704,የኢትዮጵያ የደህንነትና እንደ ሀገር የመቀጠል ዋነኛው ስጋት ጠቅላይ ሚኒስትሩና የሚመሩት መንግስት ነው።,0,2,0,0,0,0
amh_train_track_b_00705,የዝን ሰውየ የምሰማ ጀሮ ይታዝነለታል ሁሌም ውሸት ውይ አይሰለቸውም እንዴ ለምን ወንድ ኮሆነ አገር ገበቶ አይዋጋም የድሃ ልጅ ለማመገድ ያ ሁላ ውሸት,2,1,0,0,0,0
amh_train_track_b_00706,በኢትዮጵያ ላይ ከለፉት አምስት ዓመታት መከራ የከፉ ነገር እየተኮሰ ነው ኢትዮጵያ በውስጥ የእርስ በርስ ጦርነት እየወደመች ወታደራዊ ዲፕሎማሲያዊና ኢኮኖሚያዊ ጉልበቷ እየመነመነ ስለመጣ በኢትዮጵያና በሶማሌ አንዲሁም በኢትዮጵያና በኤርትራ መካከል በአጭር ጊዜ ጦርነት የሚጀመር መሆኑን የምስራቅ አፍሪካ ተንታኞች እያመለከቱ ነው የሀሰን ሸህ መሐመድ የአስመራ ጉብኝት የጦርነቱን እቅድ ለመወያየት እንደሆነ ይነገራል ኢትዮጵያን ለማፍረስ የምትጥረው,0,0,0,0,1,0
amh_train_track_b_00707,ደደብ በብልጭልጭ ነገር አይደለም እንደ አህያ በሆዱ የሚገዛ የለም ሆዳም ከፈለክ ተሸክመህ ዉሰደዉ። በዚህ በ21ኛዉ ክዘመን እንዳንተ አይነት ኋላ ቀሮች የ,1,2,0,0,0,0
amh_train_track_b_00708,ምነው አይሁድ የውሸት ንጉስ ምን አይነት ሰው ነህ አንተ ግን ማለት ጋዜጠኛ ነህ ወረኛ ዛሬ ወደዚህ የዞርከው መዋሸት ስለማችል ነው ወይስ ወረኛነትህ እንዳይባነንብህ ብለህ ነው አጨራረስህ ደግሞ አንደኛ ነው ማንን ነው ምሸውደው እዛው ደደብ አይሁዱን ሸውድ ምን አይነት ደደብ ነህ ግን አይሁድ አይደለሁም አንድ ኢትዮጵያዊ ነኝ አይደለህም ኢትዮጵያዊ አይሁድ የሴጣን ቀንድ ነህ ግን ደስ ሲል ቢቢሲ እራሱ አዋረደክ አይደል የምትተማመንበት ሚዲያ ይገ,0,3,0,0,0,0
amh_train_track_b_00709,የሶማሊያው ፕሬዝዳንት ጠቅላይ ሚኒስትራቸውንና የባሕር ኃይል አዛዣቸውን ሥልጣን አገዱ,0,0,0,0,0,0
amh_train_track_b_00710,አይገባቹሁም ወልቃይትን ለኤርትራ ማለት የአማራንና የኤርትራን ጥምረት ለማበላሸትና ለማቃቃር ሆን ተብሎ በብልፅግና የተሸረበ ከንቱ ሴራ ነው,2,0,0,0,0,0
amh_train_track_b_00711,ትራምፕ ሩሲያ የኔቶ አባልነት ክፍያቸውን የማይፈጽሙ አገራትን እንድታጠቃ “አበረታታለሁ” አሉ,0,0,0,0,0,0
amh_train_track_b_00712,የሚስትህን እንባ አፈሰስክ 😡 ውሻ,1,2,0,0,0,0
amh_train_track_b_00713,በጣም ያማል ፣እ/ር ይጠብቅ ሽ የእኔ ናት ታይቶም ፣ተሰምቶም የማያቅ ነገር ምን እንደምል ቃላትም የለኝ,0,0,3,0,0,0
amh_train_track_b_00714,ኮቴ መናናስ አንተ ነህ ዘረኛ ዘርህን የማታውቅ ዘረ ቢስ ዘረኜ መሀይም አንተ ስትጠላው ስትረግመው ለመግደል ስትሄድ እሱ በእግዚአብሔር መንገድ እየሄደ አሳረረህ አደበነህ ምኞትህን ፍላጎትህን አኮላሽቶ ከፍ አለ ከፍም ይላል,1,2,0,0,0,0
amh_train_track_b_00715,የተባበሩት መንግሥታት ለጋዛ እርዳታ ማድረግ ያቆሙ አገራትን አወገዘ,0,0,0,0,0,0
amh_train_track_b_00716,አውንስ ሴትነቴን ጠላዉ ማሪያምን 😭😭😭ምን አይነት ጭካኔ ነዉ አረ የኔ ውድ በልጅነትዋ,0,0,2,0,0,0
amh_train_track_b_00717,አተ ውሻ ባንዳ መከላከያን ነው ማለቅ አለበት የምትለው? ሞክራታ ውጭ ቁጭ ብሎ መፎከርና መሬት መሆን የተለያዩ ናቸው ልክ ትገባለህ ደሞ,1,2,0,0,0,0
amh_train_track_b_00718,ኤችአይቪን የሚከላከለው መድኃኒት ውጤታማ መሆኑ በጥናት ተረጋገጠ,0,0,0,1,0,0
amh_train_track_b_00719,ሰውዪው ሀገሪቱን ጠላት ሰበሰባት ታደርገዋለች ምክንያቱም ግብፅ ይህንን አጋጣሚ መጠቀም ትፈልጋለች,0,0,0,0,0,0
amh_train_track_b_00720,አረ ውሸታም መንግስት ትናንት ወያኔ የሚጠቀምበት ዘይቤ አሁንምያው ያሳዝናል ይሕች አገር,1,0,2,0,0,0
amh_train_track_b_00721,የዝች ጥጃ ነገር ደግሞ ገርሞ የሚገርም ነው።አንባቢ አንባቢም ይቃጣታል።ዝም ብላ ሸቃላዋን አትሰራም,1,1,0,0,0,0
amh_train_track_b_00722,ምንም አሉባልታ አይደለም በትክክል በቢዲዮ እየታዩ አሉባልታ ነው መባሉ ያሳዝናል,0,0,2,0,0,0
amh_train_track_b_00723,ጅማ የጅማ ፖሊስ አቦ ይመቻችሁ አኮራችሁኝ? ፖሊስ እንዲህ ከህዝቡ ጎን ሲሆን ደስ ይላል። ሌላውም የኦሮሚያ ክፍል የምትገኙ የህግ አካላት የ ጎ ጃ ሙን ጠምጣሚ አጋንንት ቀ,0,0,0,3,0,0
amh_train_track_b_00724,እንደው ለድንገቴው የዚህ እኩይ ሴራ ካልሆነ ኩዴታው የነአባሳዊሮስ ሥራ? ድንገት ጨለምተኞች እንደልማዳቸው በአባቶች አባት አድሮ መንፈሳቸው ዖር,0,1,0,0,0,0
amh_train_track_b_00725,የሳዑዲ ድንበር ጠባቂዎች በመቶዎች የሚቆጠሩ ኢትዮጵያውያንን መግደላቸውን ሪፖርት ጠቆመ,0,0,0,0,0,0
amh_train_track_b_00726,የሰላም ሽልማተት ሸልመው በጦርነት አስጨረሱን አሁን ደግሞ ምርት አተርፍርፉል ብለው በረሀብ ሊያስጨርሱን ነው ይህን ሽልማት ጥፋት የሆነበትን ሰውየ አላህ በመገላገያው ይገላግለን,0,1,0,0,0,0
amh_train_track_b_00727,አቤት ውሸት ዎርዶይ ሃኮ ዎማሌይ #አቡሌ #ጫዶን ተጋበዙልን,0,1,0,0,0,0
amh_train_track_b_00728,ለኔ የሆነ ያህል እረካሁ ደስ ሲል።,0,0,0,2,0,0
amh_train_track_b_00729,አሁን ቢያለቅሱ ከየት ያምጡት ሊቢያን የመሰለች ሐገር ምእራባውያን ብትንትኗን አውጥተው ሰዉን በተኑት በጣም ያሳዝናል !,0,0,3,0,0,0
amh_train_track_b_00730,የማይሆነው ላይሆን የሚሆነው ላይቀር ምንድነው መጨነቅ ምንድነው መሸበር እግዚአብሔር እያለ ሁሉን የሚችለው ነፍሴ ሆይ ማዘነሽ ከቶ ለምንድን ነው,0,0,1,0,0,0
amh_train_track_b_00731,ለኢትዮ እንደ ግብፅ ጠላት የለም ኢትዮን ለመውጋት አጋጣሚን ብቻ ነው ያረብ አላህ በላውን ያውርድብሽ,0,2,0,0,0,0
amh_train_track_b_00732,ባጭሩ አማራም አክራሪ ዘረኛ ነውዝም ብለህ ኦህዴድ ኦነግ አትበል እያለው ነውትክክል !,0,1,0,0,0,0
amh_train_track_b_00733,አሜሪካ እና ዩናይትድ ኪንግደምን እያጥለቀለቁ ያሉት የቻይና መተግበሪያዎች,0,0,0,0,0,0
amh_train_track_b_00734,ፋኖ ማለት ሽፍታ ሆኖ እያለ አማራ ሁሉ እንዴት ፋኖ ሊሆን ይችላል ? ስሜታዊ የሆነ ሰው መሳይ ጅን ያለው ይሆናል፡፡ ህዝብና ሽፍታ (ፎለቲክኛ) አንድ ሆኖ አያውቁም፡፡,1,1,0,0,0,0
amh_train_track_b_00735,እውቀት ከስክነት ጋር ስትጣመር የዛሬውን ጃዋር ትሆናለች ደሬ እጅግ ድንቅ ጋዜጠኛነህ ክብር ይገባሃል,0,0,0,2,0,0
amh_train_track_b_00736,እኝ ኢትዮጵያን በዚህ የሚገርም ነገር የለም በዲባይ አየር ሀይል ቢያንጃብብ ቢገላበጥ ለኢትዮጵያውያን መፍትሄ አይደለም ይብላኝ ለሆዳሞቹ ለብፅግና መንግስቱ ያመኑትና ሆዳሞች ለማን እንደሚ ጠብና ለማን እንደ ሚሰፍ ይህ ህዝባዌ መሆኑ ረስቶታል ከህዝብ ጋር መጋጨት ቀላል መስሎ ታይቶታል መጨረሻው ሩቅ አይሆንም,1,1,0,0,0,0
amh_train_track_b_00737,በጣም ያሳዝናል መቼ ነዉ እነዚህን አረመኔዎች የምናወርደዉ ከላያችን ላይ,1,0,1,0,0,0
amh_train_track_b_00738,አማርኛን ማጣመምም አሳክቶ መጻፍ መቻልህን ሳላደንቅ አላለፍኩም። ማለትም አስተካክሎ መጻፍም አበላሽቶ መጻፍም የለም እንደማለት,0,0,0,1,0,0
amh_train_track_b_00739,ባለፈው ጠንቋይ ሲያወራ አይቼ ትንሽ አሳምኖኛል። ከውሃ አጋንንት ሁላ እናናግራለን አለ። እውነት አይደለም?,0,0,0,0,0,0
amh_train_track_b_00740,ኢትዮጵያ መከራ ውስጥ እንደሆነች ይታወቃል አንተን የመሰለ የሳር ውስጥ እባብ ወልዳ ግን ጊዜው ሲደርስ ይጠፋል ይቀጠቀጣል እባቡ,1,2,0,0,0,0
amh_train_track_b_00741,በጣም አሥገራሚ ድንቅ ሀሣብ ነው ከአሠብ ቡሬ ማንዳ 40 ኪሎሜትር ነው ይቻላልም የኢንጂነሪንግ እና ሣይንቲፊክ ሀሣብ ነው በጣም አሜይዚንግ ሀሣብ ነው እንዲህ አይነት ምሁር ነውየምንፈልገው,0,0,0,1,0,2
amh_train_track_b_00742,መንግስትም ማስፈፀም የነበረበትን ነው ከ ስንት መወላወልና ዳተኝነት በኃላ የሀይማኖት አባቶችን ውሳኔ የተቀበለው,1,0,0,0,0,0
amh_train_track_b_00743,ድንገተኛ ሞት ከሁሉም ነገር የከፋ ነው እግዚአብሔር ያፅናችሁ ዳጊ,0,0,3,0,0,0
amh_train_track_b_00744,ይቅርታ አድርግልኝ፣ የአንተ የኳስ ማሽከርከር ጨዋታ ከምፈልገው ጊዜ ጋር ፍጹም በመመሳሰሉ በጣም ተደስቻለሁ፣ እናም ያንን ደስታ ላካፍልህ አስቤ ነበር።,0,0,0,3,0,0
amh_train_track_b_00745,ትክክል! መሪ ማለት ረጋ ብሎ የሕዝብን ስጋት አዳምጦና መርምሮ አብዛኛውን ባረካ ሁኔታ ምላሽ መስጠት ነው።ይህ ሲሆን መንግት ታማኝነቱ ሕዝብ ላይ ይጨምራል። ስጋ,0,0,0,1,0,0
amh_train_track_b_00746,አሜን አሜን እሺ መልካም ቀን ለሁላችንም,0,0,0,1,0,0
amh_train_track_b_00747,ሜክሲኮ ውስጥ በማፊያዎች ታግተው ከነበሩት አሜሪካዊያን ሁለቱ ተገደሉ,0,0,1,0,0,0
amh_train_track_b_00748,እዉነቱን ነው ድንገት ካልረሳችሁት መሳይ መኮንን ያን ጊዜ የሚገርም ህሳቤ ነበረው አሁን 0025 ብልጽግናኦዴፓንኦነግን በፍጹም አላጋለጠው አልኮነነውም አልተጋፈጠዉም 100 አቅ,0,0,0,0,0,0
amh_train_track_b_00749,እረተዉ አብይ አንተ ኮ ሕግአዊ እብድ ነህ ግራ የገባህ የምታወራዉ ሁሉ እንቶ ፈቶ ብቻ ነዉ አንተ የሚጠቅም ነገር አገራችንን አንተ ነህ እየሰበርክ ያለህዉ በአጠቃላይ የመምራት ችሎታ የለህም ይልቅ ሞቴን አሳምረዉ ብለህ የምታምነዉን ሰይጣን ተማፀነዉ የሚያዳምጡህ እራሳቸዉ የጠገቡ ድልቦቾ ናቸዉ ያሳዝናል መቀበሪችሁ ደርሶአል አዉራ የጨፈጨፍህዉ ንፁሀን ነፍስ ነዉ እነደዚህ እንቅልፍ እየነሳህ የሚያቃዥህ ከንቱ,1,2,0,0,0,0
amh_train_track_b_00750,Temesgen Goitom ስድቡ ተገቢ መስሎ አይታየኝም ከእግዚአብሔር ጋር ስትጣበቅ የሚያበሳጨዉ ሰይጣን ብቻ ነዉ እሱ ደሞ ባህሪዉ ነዉ ደንቆሮ ብሎ መሳደብ ግን እግዚአብሔርን ማሰዘን እንጂ ሰይጣንንን መገሰፅ አይደለም “እኔ ግን እላችኋለሁ፥ በወንድሙ ላይ የሚቆጣ ሁሉ ፍርድ ይገባዋል፤ ወንድሙንም ጨርቃም የሚለው ሁሉ የሸንጎ ፍርድ ይገባዋል፤ ደንቆሮ የሚለውም ሁሉ የገሃነመ እሳት ፍርድ ይገባዋል።” — ማቴዎስ 5፥222,0,0,0,0,0,0
amh_train_track_b_00751,ጀዋር ከሁሉም ጉዳይ ኒውትራል ለመሆንና ማንንም ላለማስቀየም ያደረገው ጥረት የፖለቲካ ሰብዕናውን አውርዶታል መልሶቹ አንድም የፖለቲካ አቋም የሌለው ግን ሁሉም ሊስማማበት የሚችል ሀሳብ ላይ ማተኮሩ ሊታመን የማይችል ፖለቲከኛ ያደርገዋል ፍርሀትም ሌላው ማነቆ ነው በፖለቲካ አለም ሁሉም ነገር እሱ እንደሚለው ቀላል አይደለም በውይይት የማይፈቱ ነገሮች ባይኖሩም ሁሉም ቡድን በውይይት ያምናል ብሎ ማሰብም የዋህነት ነው ጦርነት አንዳንዴ ግድ የሚሆን,0,1,0,0,0,0
amh_train_track_b_00752,ድል ለፈሊሰጠማዊያን የአለም አሸባሪ አሜሪካ እና እስራኤል ማብቂያቹህ ተቃርቧል,0,2,0,0,0,0
amh_train_track_b_00753,አማን አንዳንዴ እየጦዝክ ነው አውነታውን እያወክ ያማል ቅኔው,1,0,0,0,0,0
amh_train_track_b_00754,አብቹ አላህ ይጠብቅህ ጥራት ያለዉ ህይወት ለመላዉ ኢትዮጵያውያን ይገባቸዋል ብለህ ስለምታምን ነዉ እሄ በአጋጣሚ የመጣ ስብእና ሊሆን አይችልም እንደ አቶ ዮናስ ያሉ ቅን ኢትዮጵያዉያንን በማስተባበር በዜጎች ህይወት ላይ እንዲህ ትርጉም ባለዉ መል አዎንታዊ ተፅእኖ ማምጣትህ በሃገሬ ነጌ ላይ ያለኝን ተስፋ ያለመልመዋል,0,0,0,2,0,0
amh_train_track_b_00755,ፕራንክ መስራት በጣም ትችላለህ የገረመኝ እንደ sand አሜሪካዊዉ እምነቴ ፕሮቴስታንት ሆንኩ ብለህ ያደረከዉ ፕራንክ ኢትዮጵያ ዉስጥ ያልተለመደ ነዉ እና ፕራንክ በመስራት ጎበዝ ነዉ ግን ለህዝቡ አትንገር ይገሉሀል!!!,0,0,0,0,0,2
amh_train_track_b_00756,ሩሲያ የሀገሪቱን ታዋቂ ደራሲ “የውጭ ተላላኪ” ነው ስትል ፈረጀች,0,0,0,0,0,0
amh_train_track_b_00757,ታዋቂው ካርቱኒስት ኔታንያሁን በጋዛ ላይ በሚያሳየው ካርቱን ምክንያት ከሥራው ተባረረ,0,0,0,0,0,0
amh_train_track_b_00758,ይህንንን ሁሉ የሰው ሕይወት መጥፋትና ንብረት ውድመት ለምን አስፈለገ?,1,0,0,0,0,0
amh_train_track_b_00759,እንዲያቆዩት ነው። የሌለው ጥሩ ስራ አይታየውም ፤ የእነሱ ምቀኝነት ግን እንደ ፅድቅ ይታያቸዋል ። ኧረ ሸም 1 ሰው እንኳ የላቸውም ከመጥፎ የሚከለክላቸው ።,1,1,1,0,0,0
amh_train_track_b_00760,አሁንም ዐቢይ አህመድ ኢትዮጵያን ቅስሟን ሰብሬ እጥላለው እያለ እየታገለ ነው ይህ መከረኛ ህዝብ ደግሞ ኢትዮጵያን እንዳትሰበር ለማዳን በየቀኑ ደሙን እየገበረ ይገኛል፡፡,0,1,1,0,0,0
amh_train_track_b_00761,ስለዚህ ትሞታለች? ጥያቄው ይህነው።,0,0,0,0,0,0
amh_train_track_b_00762,ሀገሩን ካተረማመስ በሗላ ምን ዋጋ አለው  የሚገርም ነው ዘረኝነት መርዝ ነው መርዝ ነዝቶ መለስ ና የህውሀት መንግስት ነው አስቀጣዩ ደሞ አብይ ዘረኛ ነውግን አብይ አገሩን ህጉን ማሻሻል ይችል ነበር ያሳዝናል,0,1,2,0,0,1
amh_train_track_b_00763,በስንቱ የውጪ ዜጎች ይታዘቡን እንደ ሀገር የጋራ የምንለው ሰንደቅ የለን አደገኛ ትርክት የተጫነው ውጥንቅጡ የወጣ ና ያልሠለጠነ ፖለ,0,0,2,0,0,0
amh_train_track_b_00764,ሕግ የማያከብሩ የጣሊያን ማህበራዊ ሚዲያ ተፅዕኖ ፈጣሪዎች ቅጣት ሊጣልባቸው ነው,0,0,0,0,0,0
amh_train_track_b_00765,የጦር ዱልዱም የረብሻ ሳቅም የትም የለም ?,0,0,0,0,0,0
amh_train_track_b_00766,የሙጋቤ ልጅ ዱባይን ጨምሮ በተለያዩ ቦታዎች 25  ቤቶች እንዳሏት የፍርድ ቤት ሰነድ አረጋገጠ,0,0,0,0,0,0
amh_train_track_b_00767,እቤቱ መድህን አለም እይሱስ ክርስቶስ ብምድራችን የሆነብንን መከራ አስበህ ልህዝባችን ፍቅርን ለመንግስት ማስተዋልን ለእምነታችን ጥንካሬን አስብልን በቃ በለን,0,0,3,0,0,0
amh_train_track_b_00768,27 አመት ሲዘርፍ የነበር የእጅ አመልእኮ አይተውም አይ ግዜ ሌባው አራሱን እያጋለጠ ነው ገና Opdo ውሸት ም እንዲህ ፀሀይ ላይ ይሰጣል 27 አመት ያማራን ስ,1,1,0,0,0,0
amh_train_track_b_00769,እሰራኤል ንፉግ አይደለችም ጦርነት ለፈለገ ጦርነትን ሞት ለፈለገ ወደ ሲኦል ቴክኖሎጅን ለፈለገ ቴክኖሎጅ ለተራበ ምግብ ታቀርባለች,1,0,0,0,0,0
amh_train_track_b_00770,በሰሜኑ ጦርነት ራሱ እንዲ አይነት ውድመት አልገጠመም ባይ ነኝ!,0,0,1,0,0,0
amh_train_track_b_00771,የዩክሬን ጦርነት፡ በ2024 ጦርነቱ ሊጓዝ የሚችልባቸው ሶስት መንገዶች,0,0,0,0,0,0
amh_train_track_b_00772,በመዲናችን ካሉ መንገዶች ባንዱ ጥግ ተደፍተህ ትቀራለህ ጠብቅ አንተ ዲቃላ ሰው በላ ድንጋይና ችግኝ ሀገር አይሆንም ክቡር የሆነውን የሰው ልጆችን ህይወት እንደ ዋዛ ታጠፋለህ ሀገርና ሀብትን ታወድማለህ የሆነ ቦታ በተፉጥሮ የበለፀገውን በኔነው ትላለህ ግራ ገብቶህ ግራ ያጋባኸን የሉሲፈር ልጅ እግዚአብሔር ከምድራችን ላይ ያንሳሳህ,1,2,0,0,0,0
amh_train_track_b_00773,በጣም የሚገርም እኮ ነው ለገዳይ የወንጀል ማቅለያ false equivalence ይሰራሉ! እኛ ሳንፈጠር ጀምሮ አማራ በማንነቱ በአሶሳ በትምህርት ቤት ውስጥ በአንድ,2,0,0,0,0,1
amh_train_track_b_00774,የናንተን ደብዳቤ ተቀብሎ ቆሻሻ መጣያ ይጣላል እንጂ መን እሱን ለማንበብ ግዜው ያባክናል,1,0,0,0,0,0
amh_train_track_b_00775,በቻይና በሕጻናት ትምህርት ቤት ማደሪያ ውስጥ በተነሳ እሳት 13 ሰዎች ሞቱ,0,0,1,0,0,0
amh_train_track_b_00776,አማራን እንደምትፈሩት ፈጣሪያቸውን ብትፈሩ ጥሩ ነበር!,1,1,0,0,0,0
amh_train_track_b_00777,የሚገርም ትንታኔ ነው ኢትዮጵያ በየ ዘመኑ በሚነሱባት የሃገር ባንዳዎች ነው ሁሌ ወደኋላ የቀራቸው አንድ ጀግና ለዚህ ትውልድ ብቻ ሳይሆን የወደፈቱን አርቆ የሚመለኩት መሪ ቢገኝ ባንዳዎች ግን እንዳባቶቻቸው የለመዱትን ሃገር የመሸጥ አባዜ አሁንም ማስቀጠል ነው የሚፈልጉት ባንዳዎች ሸዋን እንጂ ሌላው የነሱ አይመስላቸውም አያቶቻቸው ኤርትራን ሸጡ ጂቡቲን ሸጡ ለሸዋ ግን መሳሪያ ገዙ ያሁኖቹ ድኩማን ካአባቶቻቸው ስህተት ለምን እንደማይማሩ አይገባ,1,2,0,0,0,0
amh_train_track_b_00778,ቭላድሚር ፑቲን እና ኪም ጆንግ ኡን ሳተላይት በጦር መሳሪያ ሊቀያየሩ ነው ተባለ,0,0,0,0,0,0
amh_train_track_b_00779,ለመሆኑ ተረድተሽ ነው ወይስ እንደው ዝም ብለሽ የገደል ማሚቱነትሽን ወደሽው ነው? አቦ ራስሽ ላይ ወ አርከፍክፊብት ድንገት ቢረጥብ።,1,1,0,0,0,0
amh_train_track_b_00780,በኢያሱስ ስም ምን አይናት ጭካኔ ነው 😭😭😭,0,0,2,0,0,0
amh_train_track_b_00781,‘ህወሓት’ በሚል መጠሪያ አዲስ ፓርቲ ለመመሥረት የቀረበ ጥያቄ ውድቅ ተደረገ,0,0,0,0,0,0
amh_train_track_b_00782,ይህን እየተመለከትን እንኳን አንመለስም እግዜአብሄር ድንገት ሲመጣ ጨርቄን ማቄን ልጄን እናቴን አባቴን ሚስቴን ባሌን የለም እንኳንስ ዘሬን ክልሌ,0,0,2,0,0,0
amh_train_track_b_00783,አገሩን የከፋለ የሸጠ ወደብን ያሳጠ የኢትዮጵያን ጥቅም ያስጠበቀ ትላለህየአገርን ጠላት አገረን ጠባቂ አልከው መለስን,1,1,0,0,0,0
amh_train_track_b_00784,ክቡር ጠቅላይ ሚንስትር ዶአአል እግዚአብሔር አምላክ ከሰማይ ይባርክልን ይህም ለህዝብና ለሀገርህ ህዝብ የምታደርጋቸው ነገሮች ሁሉ እጅግ በጣም ትልቅ ውለታ ነው ሀገርህና ህዝብን ለመለወጥ የምታደርገው ነገር ሁሉ አምላክ መከናወኑን ይስጥልኝ ውሾች ከውጭ ይጮኻሉ አንተ ግን የተመረጥክበት አላማ በትጋት እየሰራህ እንደሆነ በግልጽ ያሳያል,0,0,0,2,0,0
amh_train_track_b_00785,በዚህ ሁሉ መከራ መሀል በጴንጤንት ስም ብዙ አብይ ሙሲያችን ባይ ስለበዙ ነው፡ባለጊዜ ነኝ ባይ።,0,2,0,0,0,0
amh_train_track_b_00786,መምሕር ዶክተር ሲሳይ በየጊዜው እየቀረቡ ለሚሠጡት ሚዛናዊ አስተያየቶቻቸው ከፍተኛ አክብሮት አለኝ ከጨዋነታቸው ከአቀራረባቸው ከሥክነታቸው ብዙውን አየተማርን ነውና እነደዚህ ያሉ ጨዋ ምሁራንን ፈጣሪ አምላክ የብዛልን አሜን,0,0,0,2,0,0
amh_train_track_b_00787,ታሪክ ተሰራ በርካታ አመራሮች የባህርዳሩን ስብሰባ ረግጠው ወጡ ተናነቁ አብይ አበደ ያልተጠበቀ ሸዋ ውጊያው ተቀጣጠ via,0,1,0,0,0,0
amh_train_track_b_00788,ድንግል ማርያም ጸጋን የትሞላች ከጸጋ አንድ ያልጎደለባት ናትና ከልጅዋ ከወዳጅዋ ከጌታችን ከመድሃኒታችን ከኢየሱስ ክርስቶስ ዘንድ ታማልደናለች። የእመቤታችን የቅድስት ድንግል ማርያም ምልጃ አይለየን። አሜን! አሜን! አሜን!,0,0,0,1,0,0
amh_train_track_b_00789,እንደው ምን ኣይነት ጭካኔ ነው እየተካሄደ ያለው? ያማል። የሰው ልጅ በሰላም የመኖር መብቱ ተነፈገ። የት ሂዶ ይኑር? ፈጣሪ ሆይ ምህረት ኣውርድልን።,0,0,2,0,0,0
amh_train_track_b_00790,ኤርትራውያን ኢትዮጽያ ውስጥ ሆኖው ከኢትዮጽያ ነፃ የወጡበት ቀን እያከበሩ ነው ከሚል ዘግናኝ ፣አስነዋሪ ነገር ከመስማት ያድናችሁ እጅግ አሳፋሪ ማፈሪያ ነህ ለራስህ ክብር የለህም Ethiopia,0,2,0,0,0,0
amh_train_track_b_00791,Baye Belstie ለዚህ ሁሉ ወጣት ሞት ምክንያት በሕግ መጠየቅ ያላባቸው ቀጣፊው፣ካሃዲው አብይ አህመድና አበሮቹ ደመቀ መኮንንን ሐሰን፣ ተመስገን ጥሩነህ፣ ደብረፅዮን ገ/ሚካኤል፣ሞንጀሪኖ፣ኬርያ እና በጦርነቱ የተሳተፉ ጄነራሎች በሙሉ።,1,1,0,0,0,0
amh_train_track_b_00792,ህዝባዊ ድጋፍን ይጠይቃል በመጀመሪያ የደህንነት ስጋት አለብን እውነት ነው ጊዜውን ያልጠበቀ አጀንዳ ነው,0,0,0,0,0,0
amh_train_track_b_00793,ቅዱስ ሀሳብ ነው እርስ በራሱ በነገር የሚበላላ ብቻ ነው ያለው አስተባብሮ ትንሽ ቁም ነገር የሚሰራ ቢገኝ መልካም ነበር ሀሳብሽ እህቴ,0,0,0,1,0,0
amh_train_track_b_00794,የአባቴ አምላክ ይደቅልህ!ጭራሽ ዲቃላ ይለናል?,1,2,0,0,0,0
amh_train_track_b_00795,ሰፊው የኦሮሞ ህዝብ ሆይ ኦ ኦ ኦ በአንተ ስም በኦሮሙማ ጭንጋፎች ስንት ግፍ ተሰራ ይድረስ ለኦሮሙማ ጭንጋፎች ታሪክ ታሪክ ነው አይለወጥም አይቀየርም አይበረዝም አይከለስም ታሪክ ነዋ የእናንተ የኦሮሙማወቹ ጭንጋፍች የሆናችሁት ታሪካችሁ ምንድን ነው የእናንተ የታሪክ አሻራ የት ነው ምንስ ነው ለነገሩ ለታሪክ የሚበቃ አሻራስ አላችሁን እባካችሁ ከብቶች ተሸጡላችሁም እናንተው ሰረቃችሁም ብቻ ተማሩ አትቀደዱ,0,2,0,0,0,0
amh_train_track_b_00796,አትፍረድ ይፈረድብሃል እመብርሃን አናቴጥበቃሽአይለየኝ አኔ ደካማነኝ ልቦናውንይስጠን 😊,0,0,1,0,0,0
amh_train_track_b_00797,እስካሆን የት ነበሩ 23 ኣመት ተኝተው ነበረ ኣሁን ምን ተገኝ የድንበር ጥያቂ ኣህውን ይፈጽሙት የሚሉት USAEu ውሸታሞች በላቸው,2,0,0,0,0,0
amh_train_track_b_00798,ድል ለፍልስጤም ሞት ለአይሁዶች ድል ለአማራ ሞት ለ አብይ ወታደሮች,0,2,0,0,0,0
amh_train_track_b_00799,ሀገር ያዋረደና የተዋረደ የበሻሻ አጭበርባሪ ዱርየ,0,3,0,0,0,0
amh_train_track_b_00800,እፍረተ ቢስ በቃ ወረራ ምንቀኝነት እግዚአብሔር የሰጠህን ሰፊ ለም መሬት ሩብ ያክል ሳታለማ የሰው መመኘት ምን ማለት ነው ረሃብ እርዳታ ጦርነት ወረራ በቃ ያሳዝናል,1,0,2,0,0,0
amh_train_track_b_00801,ባህር በርና ወደብ ለይተህ አውራ ሌሎች ሀገራት ላይ አትንጠላጠል ንቀት አትበል አዋራጆች ተዋርዳችሁ አዋረድችሁን ደሞ ንቀት ትላለርህ ለይትኛው ክብራችሁ ነው,1,1,0,0,0,0
amh_train_track_b_00802,ተከታዮቹን 1 ሚሊዮን ዶላር ገደማ ያጭበረበረው ናይጄሪያዊ ፓስተር በቁጥጥር ስር ዋለ,0,0,0,0,0,0
amh_train_track_b_00803,የደብረፅጌ ቅዱስ ኡራኤል ስንበት ትምህርት ቤት ፍሬ የሽዋማማሽ ልጅ ስላየሁክ ደስ ብሎኛል እግዚአርያን የመስለች ፍሬ አፍርትሀል የአንተን እግር ተከትላ ስለምትዘምር ስለማያት በጣም ደስ ይለኛል በሚገርም ሁኔታ በልጅነቴ እያየሁ አድጌ በድጋሚ አንድ ስቴት Minnesota በመኖሬ ሁልግዜ ሳይህ ደስ ይለኛል ረጅም እድሜ ከጤና ጋር ይስጥህ ቅዱስ ኡራኤል ከነመላው ቤተስብህ ይጠብቅህ,0,0,0,2,0,0
amh_train_track_b_00804,ኢትዮጵያ አባል የሆነችበት ብሪክስ ተግባራዊ ማድረግ የሚፈልገው ምንድን ነው?,0,0,0,0,0,0
amh_train_track_b_00805,እህ እነ ስብሃት ነጋን ፈቶ እንኮአን በስልክ ባካል አለ መገናኘ ታቸዉም ? ይህ አስመሳይ መሪ,1,1,0,0,0,0
amh_train_track_b_00806,ፅጥ በል እስር ቤት ሲያንሳቸው ነ እግዚአብሔርነው ያስራቸው fake news stop,1,1,0,0,0,0
amh_train_track_b_00807,የተመጣጠነ እርምጃ ምን ማለት ነው ቀድሞ ለኩሶ ከዛ ህፃናት እና ሴቶች መሀል የሚደበቅ አውሬ ብድን ነው ለህፃናቱ ና ለሴቶች ተጠያቂው እራሱ ሀማስ ነው እግዚአብሔር ነብሳቸውን ይማር ለሁለቱ ጦረኞች ግን ቁጣ ይውረድባቸው,1,1,2,0,0,0
amh_train_track_b_00808,ከእኛ አገር የበለጠ ብዙ ብሄር እና ቋንቋ ያላቸው ሀገሮች ነገር ግን የኛ ግን ችግር የሆነው ይብሄር ፖለቲካ በእዴን አገሮች ተወጥኖ በድጋፍ የተስፋፋ መሆኑን አቶ ጁሀር መናገር አይፈልጉም አንጋፋ የትግራይየኦሮሞ እና የኤርትራ ፖለቲካ ኃይሎች አማራን ለበርካታ ዓመታት በጠላትነት ፈርጀው የፖለቲካ ፕሮፔጋንዳ ከመፈፀም አልፍው ግድያ እና መፈናቀል በአጠቃላይ ማህበራዊ ኢኮኖሚያዊ ቀውስ ሲፈፅሙበት ኖረዋል እውነታው ግን እንደማንኛው ብሄርና ብሄረሰ,2,0,0,0,0,0
amh_train_track_b_00809,በነገራችን ላይ የ Deep State አባላትን ለይተናል ወይ ሌባ ወይም የሌባው ተላላኪ ነው ለመንግስት ያሰበ መስሎ የህዝብን መከራ ደብቆ ሀገር ካራ,0,1,0,0,0,0
amh_train_track_b_00810,እውነት ነው የተናገርከው ለኔ ከከተማውም አቧሬን ብቻ እንኳን ቢያሳምርልኝ ከበቂ በላይ ነበር ምክንያቱም 27 ዓመት ሙሉ ፐርፐስሊ ታስቦበት እሴቶቹ ሲፈርሱ  መዲናው ሲቆሽሽ ሲበላሽወንዞቹ እንዲግማሙ ሲደረግ የቅርብ ጊዜ ታሪክ ሆኖ አልፏልና አንተ ምናለብህ ለተቀማጭ ሰማይ ቅርቡ ነው ቁጭ ብለህ ይህን ትጉህ ጠቅላይ ሲቦጭቁ የሚውሉትን አዳምጥ ቶሎ ገብቶህ አሳዛኝ ፍጡር ማን እንደሆነ ይገለፅልህ ዘንድ ምኞቴ ነው ይመችህ,1,0,0,0,0,0
amh_train_track_b_00811,ወይኔ ወይኔ ያማል በጣም ምን አይነት አውሬ ሰው አለ,0,0,3,0,0,0
amh_train_track_b_00812,ለኢትዮጵያ ወታደሮች ትልቅ አክብሮት አለኝ አሁን ላይ በወገኖቼ ላይ እያደረሱ ያሉትን ብቃወምም የመጡበትን ጀግንነትና ቁርጠኝነት ሳላደንቅ አላልፍም የመተቸት ሞራልም የለኝም ግን ስልጣንን ለማቆየት ተብሎ ንፁሃንን መግደል ይብቃ,0,0,1,1,0,0
amh_train_track_b_00813,በጣም መልካም ሰው ነው !,0,0,0,2,0,0
amh_train_track_b_00814,ሁሉ አማርኛ የተናገረ አማራ ከመሰለሽ ቀውስ ነሽ,1,1,0,0,0,0
amh_train_track_b_00815,እና በ አስር ሚልዮን reward ሲፈለግ የነበረው ኣሸባርው ወዲ ረዳ ነው ድንገት መልኣክ ሁኖ በመንግስት የተመረጠው?,0,2,0,0,0,1
amh_train_track_b_00816,ችግርን በችግር ! መከራን በመከራ! ጥፋትን በጥፋት ! ጦርነትን በጦርነት ወዘተ ለመፍታት መሞከር እጅግ በጣም የማይወጡት መከራና ጣጣ አለበት ! በተሻለና ከፍ ባለ ሀሳብ መሞገት አይሻልም ?,0,0,1,0,0,0
amh_train_track_b_00817,ዐቢይ ሆይ የሳብከው ቀይ ካርድ እጅግ አደገኛ ስለሆነ የውሸት መታበዩን ተወውና ሲኖዶሱን ይቅርታ ጠይቅ። እመነኝ የቀረህ የታሪክ ምዕራፍ በጄኖ ሳይድ የምትከሰስበትን ወንጀል ከመፈጸም,1,1,0,0,0,0
amh_train_track_b_00818,አልገባኝም እኔ በማንም ሞት ደስ አይለኝም ሰው በእግዚአብሔር አምሳል ተፈጥሯል ለእኔ አማራና ኦሮሞ ሰዎች ናቸው ስለ ብሔራቸው አያገባኝም ማንም ቢሆን አይ,0,0,1,0,0,0
amh_train_track_b_00819,ኣሸባሪው ሓማስ በሰነዘረው ጥቃት ነው ይሄ ሁሉ ጉዳት ምስኪኑ ህዝብ ያሳዝናል,0,1,2,0,0,0
amh_train_track_b_00820,እግዚአብሔር ይመስገን ኣባታችን ቃል ህይወት ያሰማልን አድማቸውን ያሪዝምልን ፀጋው ያብዛልት በፀሎታቸው ኣስብን ወለተ መድህን እያላች እህቶች ዎድሞችየ እናታችየ ኣባታችይ በረከታችው ይደሪብን አባታችን,0,0,0,2,0,0
amh_train_track_b_00821,ትላንት ድል በድል ሆነናል ሲል የነበረው ሁሉ ዛሬ ላቅሶ ተቀምጧል ! ይህ ሁሉ በ24 ሰዓት ውስጥ ነው ። የሚገርም ዘመን!,0,0,1,0,0,1
amh_train_track_b_00822,ስው ሊደገፍ የሚገባው በበጎ ስራው እንጂ በዘሩ ባይሆን ጥሩ ነው እውነታው ሰው ከሰው የሚያጫርስ ውሸት ፅፏል ነፍሱን ይማረው,0,0,1,0,0,0
amh_train_track_b_00823,Ermias Yoseph ስደተኛ መቃብር አነፍናፊ ነሃ ወደ ማዳጋስካርህ ተመለስ ምድረ ደነዝ,0,3,0,0,0,0
amh_train_track_b_00824,ነበር ? ያው ሳይታሰብ ዝም ብሎ ነበር የተሰጠው መሰል ብቻ መፀዳጃ ቤትም የለው ቆይ ሌላ ተብሎ ዝም ዝም ሆነ ነገር ነው,0,0,1,0,0,0
amh_train_track_b_00825,12 ምሳሌውን ዘማሪ ኢያሱ ረጋሳ ምሳሌውን ከበለስ ተማሩ ሰዓቱ ደርሶ እንዳታማርሩ ቅርንጫፎቿ ከለመለሙ ቅጠሎቿ ካቆጠቆጡ በዚያን ጊዜ በጋ ደረሰ 1. መንግሥት በመንግሥት ላይ ከተነሳ ሥቃይ ሲበዛ ሁከት አበሳ ረሃብ ቸነፈር መከራ ጭንቀት ሠላም ሲታጣ ሁሌ ጦርነት እሩቅ አይሆንም የየየሱስ ምፃት --- ምሳሌውን --- 2.ሐሰተኞች በዓለም ከበዙ የሱስ እኔ ነኝ ብለው ካፌዙ ሰይጣን በብርሃን መልክ ይመሰላል ምርጦቹን እንኳን,0,0,1,0,0,0
amh_train_track_b_00826,Andualem Adane ራስህን ወይንም የኔ የምትለው ሠው ስታጣ ህመሙ ያኔ ይገባሀል እስከዛው ቀልድ,1,0,1,0,0,0
amh_train_track_b_00827,ግሩም ድንቅ ሥራ ነው ተምሮ ችግር ካልፈታ ምኑን ተማረ እግዚአብሔር ይመስገን እስከ ስምንት ነው የተማርኩት ያልከውን ወድጄዋለሁ ገፍተህ ቢሆን ኖሮ ዘረኛ ሆነህ ችግር ትፈጥር ነበር,0,1,0,1,0,0
amh_train_track_b_00828,እንዲህም አለ እንዴት ያማል አይዞሽ የኔ ውድ ነገም ሌላ ቀን ነው,0,0,2,0,0,0
amh_train_track_b_00829,ትዛዝሽ የሚገርም ነው? ዘመነ ካሴ ከተፈታ ቡኋላ በክልሉ የሙስሊሞች ሞት ቢፈጸም በአንቺ ነው።,0,1,0,0,0,0
amh_train_track_b_00830,በኬንያ የዓለም መጨረሻ ነው በሚል በረሃብ የሞቱ ሰዎች ቁጥር ከ400 በላይ ሆነ,0,0,1,0,0,0
amh_train_track_b_00831,ለአንተ እንዳይከፋህ ያድርግልን ደስ ይለናል! እነሱ በየ 6 ወሩ ይመለሳሉ ወደ ኋላ ሄደህ ዜናዎችን ሪፈር አድርግ ወይም ጠይቅ,0,0,0,0,0,0
amh_train_track_b_00832,ምኑን ነው ያበለፀጉት ሰው በመጨፍጨፍ እና ታይቶ የማይታወቅ የኑሮውድነት መዳረግ እሄ ለናተ ብልፅግና ነው,1,1,0,0,0,0
amh_train_track_b_00833,ታዲያ እዚ ላይ ተጥዶ ማውራት ምን ይፈይዳል ስንቱ አርሶ እያበላኽ በዘረኝነት እየተሰደበ እስከመቼ ነገሩን ሁሉ የልኽ ባናረገው ለሁላችንም ይጠቅመሠል,1,0,0,0,0,0
amh_train_track_b_00834,በሚገርም ሁኔታ እኔም ልክ እንደ ጉርሉ በሾክ ላይ እየተራመድኩ ነው,0,0,0,0,0,1
amh_train_track_b_00835,በትክክል የህዝብን ስቃይ ማስቀረት ነው ቢቻል ፖለቲካው የሚያውቁት ሰዎች ቢያስተካክሉት ጥሩ ነበር,0,0,1,0,0,0
amh_train_track_b_00836,ባርሴሎና፣ ቼልሲ እና አርሰናል በተጫዋቾች ዝውውር ከፍተኛ ኪሳራ ሲያስመዘግቡ ማድሪድ በገቢ ቀዳሚ ሆነ,0,0,0,0,0,0
amh_train_track_b_00837,እምዬ ሚኒሊክ ብልህ መሪ ነበሩ አቶ በህይሉ ጥሩ ተርከሀዋል,0,0,0,2,0,0
amh_train_track_b_00838,ቤንዚን አጠገብ የሚጬሰውን እሳት በዚያው ቅጽበት አለማጥፋት ሞኝነት ነው !,0,0,0,0,0,0
amh_train_track_b_00839,ወይ አብይ እንዲህ አሸቆጠቆጣችሁ አይደል እኔ ለአባቶች እንድ ጥያቄ አለኝ ማህበረ ቅዱሳኖች እባካችሁ ይህንን ጥያቄ ጠይቁልኝ በየትኛው መንግስት ዘመን ነው ካህናት  መምህራን የሚያስተምሩትን ተመርጦላቸው ያስተማሩት  ጋዜጠኞች ተመርጦላቸው የሚጠይቁት ተጠያቅ አዘጋጅተው ተጠያቂው የሚመልሰውን ጥያቄ መንግስት ኢስኪሪፍት ፅፎ የሰጠውን እንድመልስ የተደረገበትን የመንግስ ዘመን ሊነግሩን ይችላሉ  ሌላው ለምን ለመንግስት አረንጓዴ ቢጫ ቀይ የለበሱ ሰ,1,0,1,0,0,0
amh_train_track_b_00840,ምነው አለምነህ ስለእስራኤልና ሀማስ ሳትዘግብ ሙሉ 24 ሰአት አለፈህሳ አሁን አሁን ቅጥረኛ የይሁዲ ዘጋቢ መሆንህን አልም ሁሉ ያውቃል ግን ምን ያህል ቢከፍሉህ ወይም ምን ያህል ህሊናህን ቢገዙት ነውግን ከክጅነት እስከ ጎልማሳነት ከእቦቃቅላ ጨቅላንት እስከ የሬድዮ ዜና አንባቢነት እስከ ታዋቂነትና ተደማጭነት ያበቃችህንን እምዬን ኢትዮዽያን አንቅረህና ተፍተህ የፅዮኗዊቷ ባንዳ ሆነህ መቅረትህ ይገርማል ብቻ የልብ ማስታዋል ይስጥህ ለእውነትና ለ,1,2,0,0,0,0
amh_train_track_b_00841,ህዝቡ ተርቧል እጄራን ኤክስፖርት እዲደረግ መፍቀዳቸው እራሱ የሚያስገርም ነው,0,0,0,0,0,1
amh_train_track_b_00842,ትክክክል ነህ አርቲስት ችመልስ ግን አማራ ብቻ እንደሞተ አድርገህ ስታወራ ያሳዝናል ትግራዋይ ከምድረገፅ ሲጠፋም ግፋበለው ሲሉ መኖራቸው ለምን ዘነጋኸው እንጂ ሙቶች ብቻ ሳይሆን በክቶች የታሪክ አተላዎች እማ ናቸው ይታወቃል ደመከልብ መሆናቸው አይቀሬ ነው ግን ትንተናቹ ሚዛናዊ ይሁን።,1,1,2,0,0,0
amh_train_track_b_00843,አላማጣ ስትለው ይደነግጣል ? የተሰረቀ ነገር ሁሉ ኮሽ ባለ ቁጥር ያስደነግጣል ሌባ አካሉም ህሊናውም ለዘላለም አያርፍም ?,0,1,0,0,0,0
amh_train_track_b_00844,ደሞ ምን ታስቦ ይሆን ይህን ተራ ወሮ በል ማጅራት መቺ ወደ ሚዲያ ብቅ ያደረጋችሁትበዚህ ከንቱ ሚዲያ ና ለመጠቀሚያነት የመረጡት ያነገሱት ግለሰብ ወጣት የፖለቲካ ተንታኝ ሳይንቲስትም የሚሉት አይጠፉም  ለማንኛውም ከክፉዎች መጠንቀቅ እንዳይዘነጋ ማሰታወስ ጥሩ ይመስለኛል,0,2,0,0,0,0
amh_train_track_b_00845,ለዛ ነዋ በሁለተኛው ዙር ወያኔ ደብረ ብርሀን የመጣችው! መጀመሪያው ላይማ የአማራ ልዩ ሀይል ወያኔ መከላከያውን ስታደባየው ድንገት ደርሶ አሸንፎ ወልቃይትን ተቆጣጥሮ ነበር፣,1,0,0,0,0,0
amh_train_track_b_00846,አንችም ዘግናኝ አልተባልሽ ይህንን ደም መጣጭ እርኩስ ጋ ተለጥፈሽ ዶክተር ደረጀ የእውነት የክርስቶስ ልብ ያለው የህዝብ ልጅ የህዝብ ድምፅ ነው,0,2,0,0,0,0
amh_train_track_b_00847,በጋምቤላ ቢያንስ 30 የውጭ አገር ስደተኞች በረሃብ እና በደረሱባቸው ጥቃቶች መሞታቸው ተገለጸ,0,0,1,0,0,0
amh_train_track_b_00848,የበሰበሰ ሬሳዎ እሸት ለተራቡ ውሾች በጣም አስፈሪ ይሁን። በበጋ እንደ በረዶ ያለ ምንም ነገር ይደብቁ። በእግዚአብሔር ፊት የተረገማችሁ በባልንጀራችሁ የተጠላችሁ ይሁን,0,2,0,0,0,0
amh_train_track_b_00849,ሕዝቡን ወዳልተፈለገ አቅጣጫ የመሩት አመራሮች ሆኑ ለሎችም ብሆኑ ዋጋ መክፈላቸው የማይቀር ነው የዳውሮ ሕዘብ በየትኛውም መስፈርት አሁን ባለበት ክልልል ልደራጅ አይገባም ነበር ለማንኛውም አውቆ የተኛን አትቀስቅሱ ይላል ያገረ ሰው።,2,0,0,0,0,0
amh_train_track_b_00850,ወንድማችን አስፋው መሸሻ ሞት በጣም አዛንኩኝነፍስ በአጸደገነት ያኑርልን መልካም አስፋችን በጣም ስበዛው መልካም ደግ ጋዜጠኛችን ትልቅ ሰው አጠን,0,0,3,0,0,0
amh_train_track_b_00851,በአለም ላይ ከሚገርሙኝ ዘግናኝ እንስሶች አንዱ ብአዴን ነው! ኦነግና የኦህዴድ ጦር በኦሮሚያ የሚገኙ አማሮችን አርዶ ሲጨርስ ዛሬ ብአዴን በሚያስተዳድረው ክልል ገብቶ,1,2,0,0,0,0
amh_train_track_b_00852,ፓስተር ብንያም ሽታዬ ፓስተር መባል የለበትም ምክንያቱም እርሱ አጭበርባሪ ነዉ,0,2,0,0,0,0
amh_train_track_b_00853,በ አለም ላይ ውሸት በየቀኑ የሚፈብርክ እና የጠቅላይ ሚኒስትር ተራ ወሬ የሚያራግብ ቆሻሻ ድርጅት ነው,1,2,0,0,0,0
amh_train_track_b_00854,አማራ ሰዉ መቼዉንም አስመሳይ ናቸዉ,0,2,0,0,0,0
amh_train_track_b_00855,ነገ ደግሞ አሁን ካለህበት ቦታ ድንገት ብትነሳ በተከበረው ኃይማኖታችን ውሰጥ የአንዱ መስጂዳችን መሪ ለመሆን አስበህ ይሆናል ።አያልቅበት ብየሃለሁ።,0,1,0,0,0,0
amh_train_track_b_00856,እረ ያረብ አሁንሰ አላህ ቁጣውን ያውርድቸው እነዚህ አይሆዶች ያለም ቁጣ እሚበቃው ፍልሰጤማውያን ከምድር ሲያልቁ ያሳዝናል ፍርዱን ከአላህ እንጠብቃለን አለህ ሰሚም አይም ነው በደልንም አይረሳም ነሰርኑን ቅርብ ያርግለቸው ለደሞቻችን P  S Hamas,1,0,2,0,0,0
amh_train_track_b_00857,አይ የብልግና መንግስት 😂እቃቃቃ መጫወት ጀመራቹ ከአልሸባብ ጋር 😂😂😂ወያኔ ነበር አስከብሮን የኖረው እኳን ኢትዮጵያ ገብቶ ጥቃት ሊያደርስ ሱማሊያ ድረስ ገብታ ነበር አናት አናቱን ስትለው የነበረ ክብር ለወያኔ💪💪💪,0,2,0,0,0,0
amh_train_track_b_00858,አሁን ላይ ህይወቴ አንደ ኩዚ ነው ሰራ የለኝም ማደርገው ነገር አይሳካልኝ ቤተሰብ አይረዳ ጭንቀት life ፈጣሪ ሆይ እርዳኝ,0,0,1,0,1,0
amh_train_track_b_00859,አንተን የምናዉቅህ በሙስሊም ሀገራት ዉድቀትና ሞት በስተጀርባ በምትሰራዉ የደስታ ዘገባዎች ነዉ ከኢራቅ እስከ የሂትለር ትራፊ ከሆኑ ከሀዲ ዘመዶችህ ምናለፋህ መጥፋታችሁ ላይቀርአይሁድ መንኩሳ አመሏን አትረሳ,1,2,0,0,0,0
amh_train_track_b_00860,ይኸ ቆሻሻ በትግራይ ህዝብ ያለዉ ጥላቻ ቀይ መስመር ያለፈ ነዉ ወልቃይት ማይፀብሪ ማይጋባ ሑመራ ማይካድራ የነበሩና ፍጹም የትግርኛ ስሞች ናቸዉ ትግራይ በራሱ ምድር እንደፈለገ ቢዘዋወር አንተ ምንአባትህ አገባህ ምዕራብ ትግራይ ይቅርእና ምድረ ባሕሪ ቀይባሕርም የ ትግራይ ነዉ አንተ ቆሻሻ ዲቃላ ትግርኛ ተናጋሪ ከ እንጊድህ አንድ እንደሆነና እንደሚሆን አትጠራጠር,1,3,0,0,0,0
amh_train_track_b_00861,ይህ ሚዲያ በውሸት የሚነግድ አጭበርባሪ ነው ሁላችንም dislike and unsubscribe በማድረግ ዋጋውን እንስጠው,0,2,0,0,0,0
amh_train_track_b_00862,ናይጄሪያ፡ የአባታቸውን ሕይወት ለማትረፍ የተዋጣ 70ሺህ ዶላር የዘረፉ ታሰሩ,0,0,0,0,0,0
amh_train_track_b_00863,መር ምህረትአብ አስደናቂ ተግባር ፈፀመ ድንገት የተከሰተው አነጋጋሪ እንግዳ የመጣበት ሚስጥር መምህር ምህረ via ኦርቶዶክስ እናት ናት,0,0,0,0,0,0
amh_train_track_b_00864,ሁሉም ነገር ወደ ጦርነት ከገባ እንኳን የኢትዮጵያ እና የሶማሊላንድ ስምምነት መቸም የመሰረዝ ጉዳይ የለም ይህንኑ ስምምነት ተከትሎ የኡጋንዳ እና የሩዋንዳ ፕሬዝዳንቶች እኛም ባህር አልባ ሀገር ነን የኢትዮጵያን ፈለግ መከተል አለብን ብለዋል,0,0,0,0,0,0
amh_train_track_b_00865,ለሌላ አካል ደስ እንዲለው ያደረገች ነው የምትመስለው። ይች ከብት እንደ ሰው የምትታየው ያው የሴቶች ቤተ ውበት ስለማይጠፋ ነው።,0,2,0,0,0,0
amh_train_track_b_00866,ቤተክርስቲያን ዓለም አቀፍ ሰላማዊ ሰልፍ ጠርታ ይህን አውሬ መንግስት በፅኑ ማስጠንቀቅ አለባት ከመግለጫ ያለፈ እርምጃ መውሰድ አስገዳጅ የሆነበት ሁኔታ ላይ ደርሰናል,1,1,0,0,0,0
amh_train_track_b_00867,ሰሜን ኮሪያ በአዲሱ ዓመት ተጨማሪ የስለላ ሳተላይቶችን እንደምታመጥቅ አስታወቀች,0,0,0,0,0,0
amh_train_track_b_00868,ዛፉ ተረሳ ዘረኝነት እደዚህ አሳበዳቹህ,0,1,0,0,0,0
amh_train_track_b_00869,እግ/ር ጠንነትሽን ሠላም አድረገው ያለፍውን መከራ የምትረሽበትጊዜ ይሰጥሽ,0,0,1,1,0,0
amh_train_track_b_00870,ግድ የለም አለምነህ እኔም አንተም እድሜና ጤና ይስጠንና የፈጣሪ ቃል መፈፀም ሲጀምርና ሲፈፀም አይደለም እስራኤልና አሜሪካን ምዕራባውያን ይቅርና አንተም ጭምር እቺ ሰፊ ምድር ቁና ትሆንበሀለች በተረፈ እነዚህ በንዋይ የናወዙ አንዳንድ የዓረብ መሪዎች ዘላለም የሚኖሩ ሞትን የረሱ ናቸው አታስብ አለሜ የነዚህ ንፁህ ህፃናት ደም አኔም አንተም እንደ ገሞራ እሳት እንደ ኤርታሌው ቀላጭ ፈሳሽ እሳት,0,1,0,0,0,0
amh_train_track_b_00871,የቤተሰብ ጭካኔ ይሄን ያህል ጭራሽ እናትና አባት ሰው በፈጣሪ ሀምሳል ተፈጥሮ እንደዚ አይነት የክፋት ጥግ አምላክ ሆይ ታረቀን ዝም አትበለን።,0,0,2,0,0,0
amh_train_track_b_00872,ይህንንን ሽልማት ሳይና ስሰማ እኔን በጣም ያሳቀኝ ነጋር ብኖር የዓሣማ ጭንቅላት ይዞ ተፈጥሮ ዘሩን የካደው እና እናቱ የረገመችው ሲሳይ መኮንንን የተባለ ኢሳት በተባለው ሚዲያ ሲያለቅስ ቆይቶ ዛሬ ደግሞ አንከር ሚዲያ ብሎ በከፈተው ዩቱብ ላይ ነጋ ጠባ እያለቀሰ ያለውን ምን ይዋጠው የምለው ነው።,0,2,0,0,0,0
amh_train_track_b_00873,እንዴት በጥይት የተመታ ሰው በራይድ ታክስ ይወሰዳል ሀገሩ ላይ አምቡላንስ የለም በጣም ያሳዝናል,0,0,3,0,0,0
amh_train_track_b_00874,ወሬኞች ፈትፋቲ ኤጭ ስንት የሚሰራ እያለ አች ታወዳድሪያለሺ ጡረተኛ ለፍልስጤሞች አላህ ይሁናቸው አለም ወሬ ብቻ ሆናለች,0,2,0,0,0,0
amh_train_track_b_00875,ወይኔ እንደዚህ አይነት እናትም ጨካኝ አለች ምን ጉድ ነው 😥😥😥💔,0,0,2,0,0,0
amh_train_track_b_00876,እኔን ያሳዘነኝ ከሪም ነው እፍፍ ተስቃየብኝ እኔ ልስቃይልህ የኔ የዋህ,0,0,2,0,0,0
amh_train_track_b_00877,አንተማ ባያደርሰን ነበር ደስ የሚልህ እኔማ ገነት ካልገባሁ በቀር አንተን የማላይበት ቦታ የለም ሲኦሉማ የአንተ ነው ወንድሙን ገዳዩ ቃኤል አንተ ትመጣለህ ብሎ ወደ ገነት ተመልሷል,0,3,0,0,0,0
amh_train_track_b_00878,የፈይሳ ልጅ ድል ለፋኖ እያልን ነው ወለጋ በአንድ ሌሊት ከአንድ ሽ በላይ አማራ የሞተው አሁን ብንሞትም የገዳዩን ሠራዊት በእጥፉ እየመለስን ነውዝም በአልንበት ሰአት ነበር የጅል ሞት እየሞትን የነበረው,3,0,0,0,0,0
amh_train_track_b_00879,አሜሪካ በሰሜን ኢትዮጵያ ተጨማሪ ተቆጣጣሪዎች እንዲሰማሩ ጠየቀች,0,0,0,0,0,0
amh_train_track_b_00880,የራሱን ጓደኞች ሳይቀር በግፍ የገደለ ስግብግብ የሥልጣን ጥመኛ አገር አለኝ ብሎ ነው ለአገር ያስባል፣ ይጨነቃል የምትይን!!!,1,1,0,0,0,0
amh_train_track_b_00881,የአማራ ልዮ ሀይል ለኢትዮጵያ ኩራትጅ ስጋት ሆኖ አያውቅም።,0,0,0,0,0,0
amh_train_track_b_00882,ጃዋር ከተፈታ በዃላ ስክነት አሳይቷል ግልፅ ነው ነገር ግን ብልግና የስልጣን ማስጠበቂያውን ሁሉ እንዳስጠባ ሲያረጋግጥ ማለት መከላከያውን ደህንነቱን ፌደራል ፖሊስን አዲስ አበባን አየር ሀይሉን እንዲሁም የኢኮኖሚና የአስተዳደር እንዲሁም የፍትህ ተቋማትን እንደያዘ ጃዋር  አሁን በታሪካችን ስንመኘውና ስንታገልለትን ሁሉ ይዘናል ግን ነፍጠኛው እንዳንነጥቀን ቀጥቅጠንና ረግጠን መያዝ አለብን ማለቱን ፈፅሞ አንረሳውም እንዲሁም ይህ ሰው በያደባባዩ,2,0,0,0,0,0
amh_train_track_b_00883,ስለሚገባን ሳይሆን እንዲሁ ስለወደደን ከዘላለም ሞት ሊያድነን ፀጋውን ላከልን እያስተማረን እየረዳን እስከ ፍፃሜው ሊያደርሰን እግዚአብሔርን እንድንመስል ፀጋው ነው የሚረዳን,0,0,0,0,0,0
amh_train_track_b_00884,የስግጥና ፕራንክ ትጠላለክ። ደግሞ ጊዜ ማባከኔ።,1,1,0,0,0,0
amh_train_track_b_00885,አለምነህ በዘመኑ ሁሉ በኢትዮጵያውያን ዘነድ የታወቀ ጋዜጠኛ እንጂ ዩቱበር አይደለም  ከማንም የተሻለ መረጃ እውቀት አለው አለምነህን መሳደብና መጥላት ቅናትና የአዕምሮ ድህነት ነው  እስራኤልን መደገፍ መብቱ ነው የሚያቀርበው ዜና ግን እውነታውን ብቻ ነው ሙያዊ ዲሲፕሊን ያለው ነው,1,0,0,0,0,0
amh_train_track_b_00886,አይ ዳኒ ሌቭልህን የማታውቅ ዝቃጭ ነህ ቱ,0,2,0,0,0,0
amh_train_track_b_00887,እህቴ አስተዉይ በለሺ ዕውቀት ለኢትዮጵያ ህዝብ(አማራ)መልካም መልካም የሆነውን ሀሳቦችን ብትፅፍ፣ብቀርብ አሸናፊና አትረፊ ነሺ,0,0,0,0,0,0
amh_train_track_b_00888,በጣም የሚገርም አይን ያወጣ ጉቦኝነት በውሀና ፍሳሽ ሰራተኞች። የውሀ ተራ በማሳለፍ ሕዝብን እያሰቃዩ ገንዘብ ካልከፈላችሁ ውሀ አንከፍትም። 72 አካባቢ 10 ቀን ያለውሀ!,1,0,1,0,0,1
amh_train_track_b_00889,የተከበሩ አቶ አለሙ ስሜ ሰልፉ እጅግ የሚገርም ነበር እንወደቾኣል ገነ ህቀራል እስከ ይህዎት መስወትነት ነዉ,0,0,0,1,0,0
amh_train_track_b_00890,"የኢሬቻን የሰይጣን አምልኮ ባለማውገዛችን የእግዚአብሔር ቁጣ በላያችን ነው::: 2 ሚሊዮን ክርስቲያኖች ሙተውብናል::: ሁሉም ጳጳጳስ , ሰባኪ ,ቄስ ...ሊያወግዝ ይገባል::: #JusticeforWelllegaGenocide #StopReligiousGenocideInEthiopia #TigrayGenocide",0,2,0,0,0,0
amh_train_track_b_00891,አማራ የሆነ በሙሉ ሊያዳምጠው የሚገባ መልእክት ?,0,0,0,0,0,0
amh_train_track_b_00892,እቺ ጭራቅ ከሰው ልጆች ተገልላ ዕድሜ ልክ መታሰር አለባት።,1,2,0,0,0,0
amh_train_track_b_00893,ጠላት አታብዙበት? የዛሬ አርባ አመት በፊት ጀምሮ አማራ የታረደው ራሱ አማራ ጠላት ሰርቶ ነው ብለህ ትወነጅላለህ። አደገኛ ቀፎ ነህ ዝም በል።,2,1,0,0,0,0
amh_train_track_b_00894,የጴንጤ መጨረሻው አንድም እብደት አሊያም ክህደት ነው ይገባሻል,0,1,0,0,0,0
amh_train_track_b_00895,እያመመው መጣ ያማል የሄደ የመጣው ሲገለው ሲደፍረው ሲሸጠው ሲለውጠው የነበረ ህዝብ ነው የአማራ ህዝብ ስለ ኢትዮጵያ መዝፈኑን ትቶ ስለ አማራ እራሱን ማስከበር ህጋዊ ብቻ ሳይሆን ተፈጥሮዊም መብቱ ነው,2,0,0,0,0,0
amh_train_track_b_00896,በዝህ post ስር ያሉትን ኮሜንቶች ስታይ በቃ በዝህ ሀገር ዉስጥ በጭራሽ የመከባበር ሀሳብ እንደለሌ ና ወደፊትም አስፈሪ እንደሆነ ይታያል፡፡፡ በጣም መጥፎ ትዉልድ ነዉ፡፡፡ በጥላቻ የታወረ ትዉልድ፡፡፡,0,2,0,0,1,0
amh_train_track_b_00897,የኔናት በጣም ነዉ ምታሳዝ ነዉ በልጅነታ እሄሁሉ መከራ ህክምና ያስፈልጋታል ክትትትል ፍራት አለባት ከንግግግራ በጣም ታሳዝናለች የእህታቻ ሂወትስ ምን ይሆን አቤት ግፍ እግዛቤርሆይ ይቅር በለን,0,0,2,0,0,0
amh_train_track_b_00898,ደሞ ሙስሊም ፍኖ ን ኢደገፍል ጉድ አላህ ሂዳያውን ኢስጥህ ኢግለጥልህ ፍኖ እኮ የሙስሊም ጥላት ነው ቢሆንላቸው የመጀመርያ ስራቸው ሙስሊምን ማጥፍት ነው ግን አቢይ ቀድሞ አጠፍተው ገና ኢጨርሳቸዎል አላማ የላቸውም እዝ የላቸውም መዝረፍ መግደል ነው ሰራቸው,1,2,0,0,0,0
amh_train_track_b_00899,የቻይና ፍርድ ቤት በስለላ ጥፋተኛ ባለው አውስትራሊያዊ ላይ የገደብ የሞት ፍርድ አስተላለፈ,0,0,0,0,0,0
amh_train_track_b_00900,ፖለቲካ ማለት እንደዚህ ከሆነ እጅግ የሚያሳፍር ነው፡፡ሚሊዮኖች እንዲሁ በከንቱ አለቁ፡፡እነሱ ግን ተጨባበጡ፡፡ስልጣን እንኳን አለቀቁ,2,0,1,0,0,0
amh_train_track_b_00901,የፕሪቶሪያው ስምምነት ‘ነፃ ያላወጣቸው’ የትግራይ ተወላጆች የመከላከያ ሠራዊት አባላት,0,0,0,0,0,0
amh_train_track_b_00902,እህቴ ሀሳብሽ ጥሩ ነውህገወጥ ሲኖዶስ ከህጋዊ ሲኖዶስ ጋር እንዴት ይወያያሉ? ህገወጡ ይቅርታ ከጠየቀ ብቻ ሊወያዩ ይችሉ ይሆናል,0,0,0,0,0,0
amh_train_track_b_00903,አቡሽ ዘለቀ ዛሬም አለቀሰ እያሉ ነው ? ?,0,0,1,0,0,0
amh_train_track_b_00904,አለም በጣም ነው ምወድክ ገና ልጅ እያለው እሁድ ጠዋት ከቤተክርስቲያን ስመጣ በሬዶውን ልብ ለልብ ደብዳቤ ከተነበበ በዋላ ያንተን ዜና ለወስማት በጣም ጎጎ ነበር አለም አንተ ጥሩ ጋዜጠኛ ነህ በውነት ገደለ አነቀወገቤን አለ አለም በቃ ነገ ከሩሲያ ካልራራች በቃ ጠፋን አሜሪካ ካለራራች በቃ አለም ጠፋች እስራኤል ካልራራችቻይናኢሪንእንጊሊዝጀርመን አለምነህ የሰውን ልብ የሚያየው እግዚያብሔር ነው በቃ አንተ እንደ ጥንቱ ዜናህን ስሪ አንተ የ ምተ,0,0,0,2,0,0
amh_train_track_b_00905,እስከዛሬ ብዙ እሰማለው የዛሬው ግን የእኔ እናት እባየን መቆጣጠር አቃተኝ በጣም ጠንካራ ነሽ ያም ደግሞ እግዛብሔር ነው ጥንካሬውን የሚሠጥ አይዞሽ እንኳን መጣሽ እንኳን አጋለጥሽው. ምንድን ነው አገራችን ውስጥ አውሬ የሆኑት. ያውም እናት በጣም ጎበዝ ነሽ ሁሉም እናት አንድ አይደለም. እንኳን. ሞተችልሽ አንተን ነበር የምታስገድልሽ ደሞ እወዳታለው አለው አረመኔዎች ነን ኢትየጲያኖች ለዛም ነ,0,0,2,0,0,0
amh_train_track_b_00906,በጣም ቆንጆ ፕሮግራም ነበረ ሶሰቱም በጣም የገባቸዉ እንቁዬ ልጆቻችን ናቸዉ እንዲህ አይነቱ እንቁ ጭንቅላቶች በዘፈቀድ አይገኙም ሲገኙ እንደ አልማዝ አይተን መጠቀሙ የኛ ፋንታ ነዉ ጋዜጠኛዉ የተሰጠህ ፲ ደቂቃ ለያንዳንዳቸዉ ሰለሆነ ጥሩ መልሰ አቶ ሙሉጌታ እየመለሱ አቆረጠኸዋል በሱ ልጀምርልህ አንድ ፓሰፖርት ሲፈቀድ አቶ ወንዶሰን ንጉሴ እንዳለዉ ሱማሌ አልሸባብ ይመጡብናል ካሰብን እነሱን ብቻ መከልከል እንችላለን  ነገርግን አሁንም visa,0,0,0,2,0,0
amh_train_track_b_00907,የባባባ ሳቅ ድምፅ ይሰማኛል 😥😥😥,0,0,0,1,0,0
amh_train_track_b_00908,በጽንፈኞች ጫማ ውስጥ ህዝቡን አታሽቱት! የህዝቡ መከራ መረዳት ያቃተን በጽንፈኞችና ሌቦች ጫማ ውስጥ ስለምናሸተው ነው።,1,1,0,0,0,0
amh_train_track_b_00909,እኔ ግርም የሚለኚ ሠው እዴት ነው ሀብታም ሢሆን እምነቱን የሚቀይረው አምላኬ!😡መገዱን ጨርቅ ያርግልህ ገለቴ መልካም ዳሥ,1,0,0,0,0,0
amh_train_track_b_00910,መንግሰት እነኚህን የግል ሚዲያዎች አሠራራቸዉን መፈተሽ አለበት ዛሬ የመንግሰት ኮሚኒኬሽን መሥራቤት በርካታ የአማራ ክልል ከጦርነት ቀጠና ነት ወደ ሠላማቸዉ እየተመለሱ ነዉ እጅግ በጣም ጥቂት አካባቢዎች ላይ እሱም ወደ በርሀዉ አካባቢ መሆኑንና እሱንም የማሰተካከል ሥራ እየሠራ መሆኑን ዛሬ መግለጫ እየሠጠ ባለበት ሠአት የአባይ ሚዲያ ዜና ደግሞ በክልሉ ጦርነቱ ተባብሶ ቀጥሏል የሚል የዘገባ ዜና ሠርቷል እነኚህ የግል ሚዲያዎች ላይ ክትትል ቁጥ,1,0,0,0,0,0
amh_train_track_b_00911,ይሄን አይነት መሪ ነው ለ ኢትዮዽያ ህዝብ የምመኝለት የሚሰራን ያውም ወያኔ ሌባው ባዶ ያስቀራትን ሀገር ዳግም ለመገንባት የሚሰራውን ከአልማዝ የጠራን አበቹን ጠልተትሁዋልና የሁልግዜም ምኞቴ  ቦካሳን የመሰለ የሰው ሰጋ በሊታ ኢዲያሚንን የመሰለ ደደብ  መንግሰቱን የመሰለ ምደረ ወጣትን እናቱ ቀሚስ እሰኪደበቅ የሚያሳድድ ጀባ ብለናል እሰከዚያው ድረስ ግን ደል ለ አበያችን ሞት ለሚጠሉት ሁሉ,1,2,0,0,0,0
amh_train_track_b_00912,በሰው አንጎል ውስጥ የሚገጠመው ‘ቺፕ’ ምንድነው? ለምንስ ዓላማ ይውላል?,0,0,0,0,0,0
amh_train_track_b_00913,እንኳንም ደስ አለቸው የ ትግራይ ህዘብ የኦርቶዶክስ እምነት ተከታዮች።?,0,0,0,2,0,0
amh_train_track_b_00914,አልሀምዱሊላል እኳን ደስ አላችሁ ድል ለሙስሊም ወድም እህቶቻችን,0,0,0,2,0,0
amh_train_track_b_00915,ጥር 4፤2015ቻይና የፈጠረችዉን ስጋት ለመቀነስ ጃፓንና አሜሪካ የመከላከያ ትብብራቸዉን ለማጠናከር ተስማሙ BisratNews BisratFm China USA,0,0,0,0,0,0
amh_train_track_b_00916,እግዚአብሔር ያፅናናችሁየተከሰተው ነገር በጣም ልብ ሰባሪ ክስተት ነው የሰው ልጅ ክቡር ነው ግን ለምን ጥንቃቄና ሀላፊነት በጎደለ ተግባር የሰው ልጅ ይሞታል  አፍራሽና የዕለቱ ስራ አሰሪዎች መጠየቅ አለባቸው ፍትህ ለጌትነት,0,0,3,0,0,0
amh_train_track_b_00917,መተባበራቸዉ ደስ ይላል ?,0,0,0,2,0,0
amh_train_track_b_00918,በአማራ እና በትግራይ ክልሎች አዋሳኝ ቦታዎች በድርቅ ምክንያት ሰዎች መሞታቸው ተነገረ,0,0,1,0,0,0
amh_train_track_b_00919,ምንው የኦርቶዶክስን ልጆች ስታስገድል ልብህ አልተሰበረም ውይስ እንዲት ጨርሰን ሌላ drone እንዲሰጡክ የልመና ዛዴ ነው ምንም ይስጡቅ ምንም እኛ ጋ ያለው ይበልጣል ስላ አባቶች እንባ ስላ ንፁሃን ደም ስላ ንፅት በታክርስቲያን እግዚአብሔር ይፈረዳሃል,2,0,2,0,0,0
amh_train_track_b_00920,የማናት ፀጋዬ አራርሳ? እሱ ብሔርተኛ የሆነው አንዷ ታጠብ ብላ ጥላው ሄዳ ነው አሉ በእሷ ቂም የሚጠላን?,0,1,0,0,0,0
amh_train_track_b_00921,በአለማችን ተጽኖ ፈጣሪ ሰው እግዚአብሔርን የሚፈራ ትእዛዙንም እጅግ የሚወድድ ሰው ነው፡፡ እርሱም ዘሩ በምድር ላይ ኃያል ይሆናል፡፡,0,0,0,0,0,0
amh_train_track_b_00922,ኢትዮጵያ ውስጥ በሰሜኑ ጦርነት ብቻ ከ1 milllion በላይ ሰዎች ሞተዋል እና ጦርነቱ አሁንም እንደቀጠለ ነው ግን የሚዲያ ሽፋን እራሱ አይሰጠውም 😐,0,0,1,0,0,0
amh_train_track_b_00923,በጣም ያሳዝናል ልጅቷንም ቤተሰቦቿንም አቃቸዋለው አንድ ሰፈር ነበርን ሰፈራችን ተክለሀይማኖት በተለምዶ ሱማሌ ተራ ወይም ጌሾ ጊቢ ይባል ነበር ሰፈሩ ሲፈርስ አቅም ያለው ኮዶሚኒየም አቅም የሌለው ቅያሪ የቀበሌ ቤት ሲሰጥ አቅም ስለሌላቸው የቀበሌ ቤት አቶቢስ ተራ ተሰቷቸው ነው እናቷ በምን አይነት ስቃይና መከራ የሰው ልብስ እያጠበች ልጆቿን ያሳደገችው በማረፊያዋ ልጇ እንዲ መሆኗ ያሳዝናል,0,0,3,0,0,0
amh_train_track_b_00924,ልክ ብለሃል አቶ ኤፍሬም። ዘግይተህም ቢሆን እንዲህ ማሰብህ ኣደንቃለሁ። ያኔ በትግራይ የዘር ማጥፋት ጦርነት ወቅት ይህን ቅዱስ ሃሳብ የት ተደበቀብህ? ኣንተም መርጠ,0,0,0,1,0,0
amh_train_track_b_00925,ስለወደብ ኣሰብ ተውትና ኢትዮጵያን ተፈረካክሳ እንደሶሪያ ና ሊብያ ሁና ኣገር ኣልባ እንዳትሆኑ መደንገጥ ኣለባቹ እኛ ኤ ር ት ራ ው ያ ን ግን የናንተ ጉረኝነት ኣይገርመንም ስለዚ ያልተመለሰ ችግር ካላቹ ግን ላያታቹ ሃይለስላሴና ላባታቹ ደርግ መ ሃይለማሮያም ጠይቁና መልስ ታገኛላቹ እኛ ኤርትራውያን ግን ከጎረቤት ኣገር በፍቅር ና በስላም መኖር ነው ምርጫችን በሃይል በጉራ ለመጣ ደሞ ጥሩ ኣርገን ማጉረስና ማስተናገድ እንገደዳለን,2,2,0,0,0,0
amh_train_track_b_00926,😭😭😭የኔ እህት ኡፍፍፍ ምን አይነት ጭካኔ ነው እውነት እናትሽ ናት ግን እናቴ የምትያት ሴት እሷንም ነፍሷን ይማር,0,0,2,0,0,0
amh_train_track_b_00927,ኧረ እንደዚህ አይነት ፕራንክ የለም እኔ የምወዳትን (የማፈቅራትን) ስታነባ ማየት አልፈልግም !,0,1,1,0,0,0
amh_train_track_b_00928,? ሞት ወደቀ ሲኦል ድል ሆነ !,0,0,0,1,0,0
amh_train_track_b_00929,What about 🇪🇹🇪🇹🇪🇹🇪🇹🇪🇹🇪🇹🇪🇹 ብልፅግና የሀገር ሸክምና የህዝቦቿ እራስ ምታት ከሆነ ውሎ አድሯል።ህዝቦቿን በርሃብ እና በጦርነት ከቆላቸው አመታት ተቆጥረዋል።እሚገርመው የውጭ ጠላት አይደለም የአብይ ሰይጣናዊ አሰራር ወንድሙን በወንድሙ ላይ እንዲነሳ የጦርነት ነጋሪት በመጎሰም ለግሉ ጥቅም ሲል ይኸው ሚሊዮኖች በጦርነት ወድ ህይወታቸውን ፣እና አካላቸውን አጥተዋል ።አሁንም እያጡ ነው።መቶ ሺዎች በርሃብ እና በድርቅ እየማቀቁ ነው።ይኸ,1,1,0,0,0,0
amh_train_track_b_00930,ጋዜጠኛ ተብለህ ስሜታዊ አትሁን ኤርትራ ኤርትራ አትበል የሚልህን ስማ ከቻልክ ተማር ከኢሳያስ አናት ላይ መቼ ነው የምትወርዱት ያው የወያኔ ጭንቅላት ትማራላህ ምነው ደግሞ አንተ ነህ መሬት ሰጥቶ ብለህ የጀመርከው ፌር ሲል ፌር ብለህ ደነገጥከደገምከው,1,0,0,0,0,0
amh_train_track_b_00931,እነኝህ ሰዎች አንዳንዴ ለፕሮግራማቸው የሚሰጡት አርእስት በጣም ያስቀኛል? ከኦሮሞኦነግ በስተቀር ኦህዴድን የሚያስፈራ አንዳች ነገር የለም,0,0,0,1,1,0
amh_train_track_b_00932,ዝምብሎ በይሆናል ከመባዘን የነገር መስማት መልካም ነው። እኔ ወይም እኛ ወስጥ ገብተህ መረደትህ ይገርማል ፣ ይሄ ቀርቶ እራስህን ማወቅህን እጠራጠራለሁ። መ,0,1,0,0,0,1
amh_train_track_b_00933,ጉድ አያልቅ ይከ ሁሉ ደረፋቀና ፈጣሪን ለማመስገን ቢሆን እንዴት ደስ ይል ነበር ምድሪቷም ሰላም ትሆን ነበር አባቴ በመበሻሸቅ ውስጥ ሆነክ የፈጣሪ ምስጋ ሊሆን አይችልም እራስን ዝቅ ማድረግ ይጠይቃል ይልቁንስ ንሰሀ ግቡ,0,0,0,0,0,0
amh_train_track_b_00934,እደ እሥራኤል ፈሪና አረመኔ በአለም የለም አላህ ያሥምጣቸው,1,2,0,0,0,0
amh_train_track_b_00935,ሰው እንዲያይልህ ሻማ ታበራለህግን ኢትዮጵያ ውስጥ ግድያ የእለት ኑሮ ሆንዋል ሆዳም አድርባይ ነህ ነህ መቼም,1,1,0,0,0,0
amh_train_track_b_00936,ኧረ ይሄን ደግሞ ከየት አምጥተው ጣሉብን ወይ ዘድሮ ስቱን እሰማለን እናያለን ስት ወገን እያለቀ አድቀን እንኳን ድምፅህ ያልተሰማ አውሬ ዛሬ ለጣወት አምላኪወች መልካም ምኞት ገላጭ ሆክ የሆንክ አስመሳይ ከርሳም ነህ ጠብቅ ዋጋህን ጀግኖቻችን ያጎነፅፋሀል,1,2,0,0,0,0
amh_train_track_b_00937,ነግ አንድ ነገር ብታገኙባቸው የስድብ አፋችሁን ትከፍታላችሁ አስመሳይ ሁላ,1,1,0,0,0,0
amh_train_track_b_00938,እጅግ አስደንጋጭ ነው ። ያልተጠበቀ ነው ። በህመም ነው ? ነፍስ ይማር ።,0,0,1,0,0,1
amh_train_track_b_00939,የኦሮሞን ጉዳይ ሚፈታው እግዚአብሔር ብቻ ነው ምን አልባት መሬት ተከፍታ ልትውጣቸውም ትችላለች ብዙ የንፁሃን ደም ፈሶባታል የምር በጣም ያስፈራል ፍፃሞው,0,2,1,0,0,0
amh_train_track_b_00940,100ውሸት ውሸት የሚታይበት,1,0,0,0,0,0
amh_train_track_b_00941,ያንሣታል ለማሚ ይገባታል ከዚህ በላይ በምድር ላይ ያለ ጥሩ ነገር በሙሉ ለሧ ቢሆን ቅር አይልም,0,0,0,2,0,0
amh_train_track_b_00942,ፈጣሪ ኢትዮጵያ ካሉት ከተሞች በተፈጥሮ ውብ አድርጎ የፈጠራት ምድርና ከተማ ባህርዳር ኑ ከእኛ ጋር ኑሩባት ጎብኟት!,0,0,0,3,0,0
amh_train_track_b_00943,ትላትና በጉጉት ስትጠብቅ ነበር ዛሬ ዬት ነች ቅማሞች ኑ ተለቆወል,0,0,0,1,0,0
amh_train_track_b_00944,እንዴት መሰለህ ሽ በተለይ ጀዋር መሐመድ  Ethiopia out of oromia  ብሎ ከተነሳ ወዲህ በሀገራችን አይተነዉም ሆነ ሰምተነዉ የማናዉቀዉን ግፍና መከራ አየን  የጀዋር ግብረ አበሮች እና ጀዋር ይዞት የተነሳዉ አላማ  በቃ ሐገራችንን ወደማይበርድ እልቂት ይዘዋት እየሄዱ ነዉ አለቀልን እያልን  እስካሁን ድረስ በመከራና በግፍ መካከል እያለፍን በስቃይ ዉስጥ እያለን  ትልቁና ዋናዉ የዲያብሎስ አለቃ በቅድስት ሐገራችን በዘር ፖለቲካ ህዝ,0,2,0,0,0,0
amh_train_track_b_00945,እዝች ምድር ላይ ለነፃነቱ የተታገለ ሁሉ አሸባሪ ነው ስለዚህ እስራኤልና ግብረሰዶም አጋሮቿ አያሸንፉም,1,1,0,0,0,0
amh_train_track_b_00946,እኔን የኔ እህት እኔ ልከራታታታትልሽ ዉይ በጣም ያማል ለካ የእናት ጨካኝም አለች አቤት ፈጣራ ሆይ ምንአሰማህኝ አይዞሽ 😭😭😭,0,0,3,0,0,0
amh_train_track_b_00947,“አንዳንድ ጊዜ ከካሜራ ጀርባ ቆሜ አለቅሳለሁ” የጋዛው ጋዜጠኛ,0,0,1,0,0,0
amh_train_track_b_00948,የሃንጋሪዋ ፕሬዝዳንት ለእስረኛ በሰጡት ምህረት ምክንያት ሥልጣን ለቀቁ,0,0,0,0,0,0
amh_train_track_b_00949,የዚምባብዌ ዜጎች የገንዘብ ሚኒስትራቸው 'የአፍሪካ ምርጥ' ተብለው መሰየማቸው አስገርሟቸዋል,0,0,0,0,0,1
amh_train_track_b_00950,አወይ AA ከጽልመት ተስፋ! ለሯጩ ሕዝብ ልብ ሰባሪ መንማይ ተስፋ ጋባዥ አዝማሪ አልሽ ኮተት ድበቃ ከእንግዳ እስከ መቼ ለነገው እዳ? AA እንዴ ስምሽ አበባ መሆን ደስታ ባይ,0,0,1,0,0,0
amh_train_track_b_00951,አዎ ኢሰራኢል ማለት በጣም አረመኔ ገዳይ ቆሻሾች ያውዳ ውሾች ናቸው ምን ታመጣላቹ ኢሰራኢል ደጋፍዎች,1,2,0,0,0,0
amh_train_track_b_00952,መቼ ነው ድንቅ የኢትዮጵይ ልጆች ከጦርነት ስደት ረሀብ እርዛት መንከራተት ወጥተው ወዛቸው ተመልሶ ያለ ፍርሀት መብታችው ተጠብቆ ሀላፊነታቸውን እየተወጡ በተሻለ ሁኔት የሚኖሩት? ምነ,0,0,3,0,0,0
amh_train_track_b_00953,የኢትዮጵያ ባለስልጣናት መቼ ይሆን እውነትን የሚናገሩትን እንደጦር መፍራት የሚያቆሙት? 50 አመት እውነት የተሳደደባት ሀገር !,2,0,0,0,0,0
amh_train_track_b_00954,ጦርነት ሆነ እንጂ ለምንድነው የሩሲያና የዩክሬን ጦርነት ጆሮ ለመስማት የሚፈልገው ከጦርነትም አቅም እንደትልቅ ነገር እድል የሚባል ጣኦት አይቶታል ማለት ነው አለም,0,0,0,0,0,0
amh_train_track_b_00955,አቶ ሰይፉ ድንገት ላልገባቸዉ ሰዎች ለማሰረዳት ምሳሌ ልሰጥ አንድ አባት ዘጠኝ ክፍል ቤቱን ለዘጠኝ ልጆቹ አዉርሶ ሞተ አንደኛዉ ልጅ ሰሙን እርሰቴ እንበለዉ ሁሉም ክፍሎች ለኔ ነዉ የሚገባኝ ሲል ሁለተኛዉ ልጅ ወርቃማዉ እንበለዉ አቶ እርሰቴን ቅጥቅጥ አርጓ አይቀጡ ቅጣት ቀጥቶ አንተም እንደኛዉ ወንድማችን አንድ ክፍል ታገኛለህ ዘጠኞቻችንም አንዳንድ ክፍል ይደርሰናል ብለህ ፈርም ብሎት አቶ ወርቅነህ አቶ እርሰቴ ፈረመ ከዚያ አቶ እርሰቴ ባታና,0,0,0,0,0,0
amh_train_track_b_00956,ጥጋብ የሰው ችግር አላሳይህ ብሏል፣ በዚህ ልክ በሰው ስቃይ መደሰት ምን ይሉታል? ይሄ ልጅ ብቻ እኮ አይደለም ስለ ሰራችሁት ግፍ የነገራችሁ፣ እናቶቻቸውን ከፊታቸው,1,0,2,0,0,0
amh_train_track_b_00957,ይገልብጥህ ! ደንቆሮ ካድሬ ! ተንኮል ብታቆሙ ይሄኔ ብዙ ነገር ትሰሩ ነበር፡፡ እብሪት እና ነውጠኝነት የት እንደሚያደርሳችሁ እናያለን፡፡,1,1,0,0,0,0
amh_train_track_b_00958,ጋሽ አብራር እስከ አሁን በብልፅግኒ ኤሊቶች ያሎት ተስፋ የሚገርም ነው። ኢሀዲግ የሚባል ካንሰር ስሙን እየቀያየረ ህዝብ እየፈጀ፣የሀገር ህልውናን አደጋ ላይ እ,1,1,0,0,0,1
amh_train_track_b_00959,ጥንካሬሽ የሚገረም ነው በእባ ጨረስኩት የሰው ጭካኔ ግን😭,0,0,2,0,0,0
amh_train_track_b_00960,ዋው እግዚአብሔር አብዝቶ ይባርክ ይሄ ሁሉ የአንተ የጭንቂላትህ ውጤት ነው ና ተባረክልን የሚቀጥል ትውልድ እጅግ በጣም ያመሰግንሃል በርታልን,0,0,0,3,0,0
amh_train_track_b_00961,ናፍቆህ ከሆነ ጥሩ ነው ፣ግን የሳምከው ታዘህ ስለሆነ ይከብዳል፣በድለውናል እንዋጋ አላችሁ አምነን ተዋጋን ህይወት አዋጣን፣ አሁን ደግሞ ታርቀናል አላችሁ ሰማን,1,0,1,0,0,0
amh_train_track_b_00962,ጁጁ እሚባል ሰው ጉልፈምን ምስ ምሷን ሲነግራት ደስ ሲል,0,0,0,2,0,0
amh_train_track_b_00963,አናንተን መሰሎች ደሞ ያለምንም ስስት ለህዝቡ ሞት እና ስደትን ታከፋፍላላችሁ,1,0,1,0,0,0
amh_train_track_b_00964,የሚጠየቀው ሌላ የሚመልሰው ሌላ በትግራይ ህዝብ ጥላቻ የሰከረ ሽማግሌ,0,2,0,0,0,0
amh_train_track_b_00965,እኔ ማን ነኝ ፆታየ ስራየ ምንድነዉ ክልል እና ሃይማኖቴ ያወቀ የ100ካርድ ሽልማት ኣለዉከ ቢኒሄድ ይሻላል እንዉጣ ብየ ነዉ,0,0,0,0,0,0
amh_train_track_b_00966,በጣም ደግ ከሆነ ኮ ታዲያ በመቅደምህ ኩራት ቢገባህም ልትታበይ አይገባም ። ያልካቸው ግለሰቦች ወደ አንተ ጎራ መምጣት እንደ ምርጥ አጋጣሚ ልናብራቸው ስንችል እንዲህ ያ,0,0,1,0,0,0
amh_train_track_b_00967,የተባበሩት መንግሥታት ለኢትዮጵያ የሚያደርገውን የምግብ እርዳታ አቋረጠ,0,0,0,0,0,0
amh_train_track_b_00968,መፈራት ያለበት የዳቦ ሰሙ ሳይሆን እኩይ የአሸባሪነት ተግባሩ ነው። እብሪተኛና ግፈኛ የቱንም ማስመሰያ ተግባር ቢፈፅም መቀጣቱ አይቀርም። ድንገት ይሰበራል!,2,0,0,0,0,0
amh_train_track_b_00969,ጃዋር ህውህትም ይለውጡ ክፍል ነው ይላል በለውጡ ስአት ግን ያዙኝ ልቀቁኝ ባይ ከእር በታች እሱና ቄሮ የከፈለው መስዋዕትነት ነው እያለ ነበር የተናገረው እናማ አሁን ላይ የሚናገረው ንግግር ባዶ ነው ምንም ነገር እርባና ያለው ውይይት አላገኘውበትም ድንገት ሁለተኛው ክፍል ይሻል ይሆን ያ የድሮው ጃዋር የለም,1,0,0,0,0,0
amh_train_track_b_00970,ህ ግ ፊት ቅርብ ፍርዱን ቢቀበል መልካም ነው,0,0,0,0,0,0
amh_train_track_b_00971,እህቴ! እንደአሸን የፈሉ አስመሳይ ፓስተሮች በበበዙበት ዘመን አንቺ እንዲህ መበደልሽሀ ሁሉ ነገር ለበጎ ነውና አይዞሽ!!! እንዲያው አሰመሳዮቹ እነእዩ ጩፋ ዮናታን እስራኤል ዳንሣ ምን ትላላላችሁ😂😂😂,0,1,1,0,0,0
amh_train_track_b_00972,እንደ ኢትዮጵያ ላሉ ድሃ አገሮች ላይ አይሆንም አይሰራም መንግስት የወሰደው እርምጃ ነው አደገኛ ቁማር ነው,0,1,0,0,0,0
amh_train_track_b_00973,ለዚህ እኮ ነው የሀገሪቱ መከራ የበዛው ግብራችሁ ሴጣን የሚቀናበት የታይታ ሀይማኖተኝነትቅድስት አገር ምናምን እያሉ መቀላመድ ከዛ ሲጨንቃችሁ ደግሞ ጥቅስ መ,2,2,0,0,0,0
amh_train_track_b_00974,እስኪገባን አትታክት ) በትንሹ ስሜታዊ ሆኖ፤ ደካማ ግለሰቦች ያለ በቂ ምክንያት ማወደስ ተገቢ አልነበረም። Hopefully he got a lesson by now,1,0,0,0,0,0
amh_train_track_b_00975,ምንም ማስተንቀቂያ ክስተት አያስፊልግም በእግ መተየቅ አለበትበተቸማሪ ታቢያው መዘጋት አለበትየእያ አገሪ መሪወች ደካሞች ናቸው በአደባባይ ወንጀል የሚሰራን ማተንቀቂያ ይሰታልይኤ የሰፈር እግር ክስ ሜዳ አይደለምእግ ነው የታሱት,2,0,0,0,0,0
amh_train_track_b_00976,ሰው ብቻ በመሆንህ እድለኛ ነህ ግን አላማህን ስትዘነጋ የተዋረድክ ትሆናለህ።ሺ አመት የኖረ ከኖህ በስተቀር እንጃ አልሰማሁም።ስለዚ ለፈጣሪ ኑር ብሄር ለመተዋወቅ ብቻ።,1,0,0,0,0,0
amh_train_track_b_00977,Gashe Neamin አንዳንዴ በምትለው ባልስማም በጣም አከብረዋለው ስሜታዊ ሆኖ ሳይሆን የተስማውን በሚመስለው መንገድ የሚናገር ለህአገሩ ይጠቅማል የሚለውን,0,0,0,0,0,0
amh_train_track_b_00978,እዴ ሳራየን ልቤ እስኪወልቅ ተጣድፌ እንደዚ ታደርጉኝ እ ጥሩ ነው ግን ይሄ ስራ,0,0,0,0,0,0
amh_train_track_b_00979,የሚኒሊክ ስም ሲነሳ የሚከፋው ስላለ ለጊዜው የሚኒሊክን ስም አናነሳም የምትሉ መስሎኝ ነበር። ጥሩ ላይ ናቹ።,0,0,0,1,0,0
amh_train_track_b_00980,ራስህ ከሰይጣን የከፋህ ሥርዓት አምላኪ ከዚህ ውጣ,1,2,0,0,0,0
amh_train_track_b_00981,ለንፁሀን የማይጨነቅ ጨካኝ አረመኔ ነው ጥጋብ ለፍርኦንም አልሆነ በግፍ ያሰራቸውን ፍልስጤሞች ከለቀቀ ታጋቾቹ ይስጠዋል ከዛ መቀጠል ይችላል ጦርነቱን  ሀማስ አይጠፋም ገና ገፍርስራሽ የወጡት ሀማሶች ናቸው  ዩክሬን እርምሺን አውጭ ሌላ ሀገር የሚጣላ ብታገኝ አሜሪካ እስራኤልንም ትታ ወደ አድሱ ጦር ትረዳለች,0,1,0,0,0,0
amh_train_track_b_00982,ናና ተዋጋ አተላ ነህ ይሄን ያህል የበከተ የበታችነት ስቃይ የማንነት ቀውስ እሚያሰቃይህ ሰው እማትመስል አስቀያሚ ሴጣን እከክ ነህ,1,2,0,0,0,0
amh_train_track_b_00983,የአማራን ሞት ና መፈናቀል ለመረዳት ሰው መሆን በቂ ነው ።,1,0,0,0,0,0
amh_train_track_b_00984,ብራዘር ነገ ተነስተሽ የኔ አባት ሉሲፈር ነው ትያለሽ ለነገሩ እዛም ፕራንክ ነው የምሰሩት ብሮ,0,1,0,0,0,0
amh_train_track_b_00985,አንድ አለመሆናቸው እና ጦርነት ውስጥ ገብተው ህዝባቸውን ስቃይውስጥ ላለማስገባት እንጅ አንዷ ሀማስ መሳሪ ቢኖረው ብቻ ይበቃቸዋል አሜሪካና እስራኤልን  ደግሞ ሂዝቦላ ባለፈው ጦርነት ገጥሞ እስራኢልን ደህና አድርጎ ስለገረፋት ትፈራዋለች,1,1,0,0,0,0
amh_train_track_b_00986,ታከለ ትዉልድ እንደማረሳህ እወቅ እንዲህ ሀገርና ሕዝብን መከራ ላይ ጥለህ በህዝብ ደም ነግደህ የግል ሀብትህን አካብተህ ል,1,1,0,0,0,0
amh_train_track_b_00987,ትላንት ሀገሪቱ ጭንቀት ውስጥ በገባች ጊዜ ሁሉም ኢትዮጵያዊያን የየራሳቸው አስተዋፅኦ አድርገዋል።ደሞ የአማራ ህዝብ እንጂ ፋኖ አደለም ዋጋ የከፈለው,1,0,0,0,0,0
amh_train_track_b_00988,ኑሮ እራሱ ጥቁርቁር ያለብን ለዚ ነዋ የሚገርም ትርጉም ነዉ,0,0,0,0,0,1
amh_train_track_b_00989,ሀቀኛ ነች። እንግዲህ የድፍረቱ መጨረሻ እማይነካውን፣ በዚህ ቅጽበት በዚህ ድፍረት ነክቷል። ከእንግዲህ ምንም የቀረን ነገር የለም። በህብረት ቆመን ፈርኦንና ጅ,1,0,0,0,0,0
amh_train_track_b_00990,መልካም ነገር ሥሩ ጥሩ ነው ግን እየሱስ እያድንም ውሸት ነው ከምን ለምን ያድነናል,0,1,0,0,0,0
amh_train_track_b_00991,ይድረስ ለመላ የ ሃገሬ ሰወች ለሁሉም እንዲደርስ ሸር በማረግ ይተባበሩን ከሁሉም አስቀድሜ ፈጣሩን እሄርን አመሰግናለሁ ይሄ በምስል የምታየው ወንድማቹ አንጎሶም ፍትዊ እባላለሁ እንየ ወንድማቹ 2010 ዓም ጀምሬ የአንጀት ቲቪ ተብሎ ሆደን ኦፕረሽን ተደርጌ ከባድ ስቃይ በ 2 ዓመት ውስጥ 4 ከባድ ቀዶ ጥገና እና 3 ቀላል ጥገና በመቀሌ ኣይደር ሆስቢታል አርጌ ተሽሎን ለ 6 ወር የ ትቪ መድሃንት ተሰጥቶን 2012 ዓም መድሃንቱን ጨርሼ በደንብ,0,0,3,0,0,0
amh_train_track_b_00992,የውሸት ሚዲያ ይበጠረቃል ፅንፈኛው ፋኖ ልክ እየገባ ነው ባሐርዳር ሰላም ነው ወሎም ሰላም ነው ጂላንፎ,1,2,0,0,0,0
amh_train_track_b_00993,ስለ ጦርነት ምትሰብኩ ሰዎች ምትፀፀፀቱበት ጊዜ ይመጣል።ጀዋር መሀመድ,0,0,0,0,0,0
amh_train_track_b_00994,በጣም ያሳዝናል ለበተሰቦቻቸዉ መጽናናናትን ለሞቱት ህጻናት ደግሞ እ/ር አምላክ ነፊሳቸዉን በአጸደ ገነት ያኑርሊን,0,0,3,0,0,0
amh_train_track_b_00995,እግዚአብሔርን መፈለግ ትታችሁ ጥንቆላ ግርግር የሚፈልግ ትውልድ ተመለሱ በግዜ በእግዚአብሐር ስም አትነግዱ ይህ ሰው ትልቅ ወንጀለኛ ነው በውሸት የእግዚአብሔር ሰው አትበሉ አታስቱ ትውልድ,1,1,0,0,0,0
amh_train_track_b_00996,አንድም ጳጳስ አያስፈልግም። በተለይ በእነርሱ ጦስ የሞቱት አካላቸውን፣ንብረታቸውን ቤተሰቦቻቸውን፣ሥራቸውን ያጡት ወገኖች እንባ እንዴይፋረድ።,1,0,1,0,0,0
amh_train_track_b_00997,በጣም ያስደነግጣል ያሳዝናል ምን አገኘው ፈጣሪ ነፍሱን ከቅዱሳን አጠገብ ያኑረው ወንድሜ ሞትክ መራራራ ነው,0,0,3,0,0,0
amh_train_track_b_00998,ዳኒየ እንኳን ደስ አለህ ዴጄ ይመችሽ ያራድየ ልጅ👍🥳🤯👍,0,0,0,3,0,0
amh_train_track_b_00999,የኢኳቶሪያል ጊኒ ፕሬዝዳንት ልጅ የመንግሥት አውሮፕላን በመሸጥ ተጠርጥረው ታሰሩ,0,0,1,0,0,0
amh_train_track_b_01000,እየሆነ ያለውን ማሰብ ያሳምማል ከሁሉም በላይ ግን ምንም ማድርግ እንደማትችል ማወቅ ስቃዩን ያበረታዋል ለዚህ ነው የደከመኝ ለዚህ ነው መራቅን ምርጫ ማድረጌ,0,0,2,0,0,0
amh_train_track_b_01001,ላከባቢው ሰላም ሃላፊነት ኣላት ክክ የገዛ ህዝቧ በድሮም የምትደበድብ እንዴት ላከባቢው ሰላም ጠባቂ ትሆናለች ውሸት የማይፈሩ ደደብ ሽማግሌዎች እየጠራህ ህዝብ ማደንቆር ይቁም ውሸት ይብቃ,2,1,0,0,0,0
amh_train_track_b_01002,እጅግ በጣም ያሳዝናል በእድሜ ስንታይ ትልቅ ነን ፓ/ር ቢኒያም ሽታዬ የህፃን ስራ ነው የምትሰራው የትኛውም ሰው የፈለገውን ማመንና መከተል ይችላል የመዳን ብቸኛው አማራጭ የሌለው መንገድ የናዝሬቱ ኢየሱስ ነው ሚዲያ ላይ የምታሳየው ባህሪ ፈጽሞ ተገቢ አይደለም,0,0,2,0,0,0
amh_train_track_b_01003,ኤርትራ እና አማራ አንድ ናቸው ። በሌላው ኪሳራ ፥ መስዋእትነት ፥ ሀብት ፥ እውቀት ፥ ጉልበት መኖር የዘወትር ህልማቸው ነው ።,0,2,0,0,0,0
amh_train_track_b_01004,አማን የኔ ውድ ወንድም ይሄ የዋህነትህ በፍፁም እንዳይቀየርብን እንዴት አድርገህ ሀገርህንና ህዝብህን የምትወድ ልዩ ሰው ነህ ሁላችምሁም መልካም ሰዎች ናችሁ በርቱ,0,0,0,2,0,0
amh_train_track_b_01005,ምን ማለት ነው የለመደ የከተማ ሽፍታ ማለት እኛ የሰማነው በደርግ ግዜ ከተማ ውስጥ ሰው መገደሉን ነው አሁን ልክ እንደተለመደ ሆኖ አርእስት ሲሆን ያሳዝናል ህግ ቢኖር ኖሮ ይሄ ሁሉ አይሄንም ትንሽ ቆይቶ ይሄ ወንድማችን ቁጥር ብቻ ይሆናል,1,0,2,0,0,0
amh_train_track_b_01006,የእናትነት ጥግ ደሞ የለውም! ግን አንቺ ለ feminist የሚሆን ነገር የለሽም! ሽብር ትወጃለሽ,0,2,0,0,0,0
amh_train_track_b_01007,ኢትዮጵያ አዲስ የታጠቀቻቸው ጄት እና ድሮን አቅማቸው ምን ያህል ነው?,0,0,0,0,0,0
amh_train_track_b_01008,በየቦታው የጦር ፍርድ ቤት አቋቁመህ እየፈረድክበት መንፋት ነው,1,1,0,0,0,0
amh_train_track_b_01009,ዘንድሮ ጦርነት ካወጁ ይሳካላቸዋል ምክንያቱም ጦርነቱ ግብፅና ኦሮሞ ነው ሁሉ ኬኛ የሚለው ኦሮሞ ብቻውን ይዋጋታል እኛም አብይን የምናሶግድበት ወርቃማ አጋጣሚ ይሆናል የአብይን ቅዠት አምኖ ወደ ጦርነት የሚማገድ ጅል ኢትዮጵያዊ የለም,0,1,0,0,0,0
amh_train_track_b_01010,አዲስ የተገኘው የአልዘሚር በሽታ መድኃኒት ተስፋ ሰጪ ውጤት አሳየ,0,0,0,1,0,0
amh_train_track_b_01011,እኛ ኤርትራውያን እንደ ኣማራ ዘረኛ እና ኣሳፋሪ ውሸት የገዛ ባህሪያቾው ለሌላ ብሄሮች ኣስቀድሞ እንዳይቀደም በዘረኝነት የሚፈርጅ ሽጣራ ብሄር ሰምተን እና ኣይተን ኣናውቅም ። በኣፍሪቃ ማለት ይቀላል እንደ ኣማራ ያስካየዶው ሽጣራ ዛሬ በማንም እናነለማንም ብሄረሰቦች መታለል ኣይቻልም ኣብቅቶዋል በቃ,0,2,0,0,0,0
amh_train_track_b_01012,ሎጆች የሚል ፈጽሞ ለሀገርኛ ቋንቋ ባዕድ ቃል አላስፈላጊ በሆነ መልኩ ቀርቦልናልእንግዳ መቀበያና ማስተናገጃ በሚባሉ ለአገር ዜጎች ሊስተዋል በሚችል ሁኔታ ቢቀርብ መልካም ይመስለኛል,0,0,0,0,0,0
amh_train_track_b_01013,ይሄ እንደውም ሕገመንግሥቱን በ ኃይል ለመናድም ጭምር ነው መከሰስ እና እንትን ላይ ኮካ ማንጠልጠል ነው።ለ ብሔር ብሔረሰቦችም ጭምር ስጋት ነው።,0,2,0,0,0,0
amh_train_track_b_01014,😂😂😂ምንም አይገርምምም የሚጠበቅ ነበር ይብላኝ ሀገሬን ብሎ ለተሰዋ,0,0,0,0,0,0
amh_train_track_b_01015,ዳሌ ሲያዬ የልብ ድካም ያለባቸውን ወጠጤወች ከትወና ውጭ ብታደርጉ መልካም ነው,0,1,0,0,0,0
amh_train_track_b_01016,አይ ሀማስ የስራህን ይስጥህ ለዚህ ሁላ ተጠያቂው አሸባሪው ሃማስ ነው አቅምን አውቆ መኖር ጥሩ ነው ታላቅ ችሎታ ነው በጣም ያሳዝናል ህዝቡን አስጨረሱሰላሙን ያምጣልን የእስራኤል አምላክ,0,1,1,0,0,0
amh_train_track_b_01017,ፈጣሪ የአለምን ህዝብ ሁሉ ከአፈር ነው የፈጠረው እና አፈር አለቀበት እና ኦሮሞን በእበት ሰራው ለዚህ እኮ ነው እንትን እና ሰገራ እያደር ይገማል ተብሎ የሚቀለደው 😂😂😂,0,3,0,0,0,0
amh_train_track_b_01018,ምን ዓይነት ነገር ነው እግዚአብሔር ይይይለት እንዲህ ዓይነቱን ሰው ጨካኝ ነው,0,0,2,0,0,0
amh_train_track_b_01019,ጠብና ጥላቻን ውሸትን የሚነዛው ዴያቢሎስና ጭፍሮቹ ናቸው ለምን አንድነትን ሰላምን ፍቅርን ማውራት አቃተህ ኢየሱስ እኮ የመስቀል ሞት የሞተው ሰው ከገሃነም እሳት,1,0,1,0,0,0
amh_train_track_b_01020,ለምን የሌለንንን ባሕሪ እናደርጋለን ምን ያሕል ልቧን እንደስበርካት እንዳንድ ስዎች ለምን ይሕን ነገር ትጠቀማላችሑ ለናንተ ፕራንክ አላችሑት ሚስትሕ ግን ልቧን ከስበርክ በሖላ ጥሩ ኑሮ ምትኖሩ ይመስላችሖል በተለይ ለታማኝ ሚስት ወይም ባል ይሕ ነገር እይታስብም ቀዳዳዳ መፍጠር ማለት ነው በትዳራችሑ እና እስቡበት,0,0,1,0,0,0
amh_train_track_b_01021,ውይይይ እንኳን ደስ አላችሁ? ግን የውነት አነሳለት?,0,0,0,2,0,0
amh_train_track_b_01022,አለው ኤሄን በለአ ይብቃ በለን ለምስግኖች በል ሀያሎችን አትፈልን,0,0,2,0,0,0
amh_train_track_b_01023,Ali Seid ደንቆሮ ነኝ እያልክ ስለሆነ በዚሁ ቀጥል ።,0,2,0,0,0,0
amh_train_track_b_01024,እሰይ ባለጌ ይበልሽ ለምስጋና ነው ለዝሙት ነው የምትሄጂው በመጀመሪያ አላማሽን ያላወቅሽ አንቺ እንጂ እሱ አይደለም ትዳርን መፍታት የተፈታም ያገባው አመነዘር ይላልኮ ወንጌሉ ግን በክርስቶስ ኢየሱስ መነገድ እንጂ ሕግን አታከብሩም አንቺና መሰሎችሽ በየ አዳራሹ እየጨፈራቹ ስንቶቻቹ ናቹ የሷን እጣ የደረሳቹ ስለምን አታስተውሉም ኢየሱስ በምግባር በሃይማኖት የሚሰበክ እንጂ በምላስ አይደለም ልብ ያለው ልብ ይበል ይቁምና ያስተውል እውነተኛ ወንጌል,1,2,0,0,0,0
amh_train_track_b_01025,ስለ እኛ ምማልደው ኢየሱስ ክርስቶስ ብቻ ነው,0,0,0,0,0,0
amh_train_track_b_01026,የራሱን መጽሐፍ ሸጦ ለድሃ ቤት መስራት ይሄን የየትም ሃገር መሪ አላደረገው የኛ አብቹ ብቻ አንጂ እንኳንም የኛ ሆንክ ባንተ መልካምነት ሁላችንም ዘረማንዘሮችህ እንባረካለን አቶ ዮናስም ተባረክልን ከፍ በልልን አንተም እንኳንም የኛ ሆንክ ከልግስናህ በተጨማሪ በብቃትህም ተደምመናል ኮርተናል ሴጣንና ጠላት ደግ ሥራን አይወድምና በዚህም መልካም ተግባር የሚቀኑ የሚያለቃቅሱ ይኖራሉ አንተ ግን ቀጥል እግዚአብሄር እና እኛ ከጎንህ አለን በርታ እንኳ,0,0,0,2,0,0
amh_train_track_b_01027,የምን በገነት ማኖር ነው ለዚህች አውሬ ስኦልም ስያንሳት ነው!,1,2,0,0,0,0
amh_train_track_b_01028,በስመ አብ ወወልድ ወመንፈስ ቅዱስ አሀዱ አምላክ አሜን አቤቱ ምግባረ ደካማ ነኝ እና እኔ እሆንን እንደ ሎጥ ሚስት የጨው ሀውልት ሆኘ እምቀረው ወይስ ያች ዘማዊቷ ሴት የሁለቱም ምግባር በኔ ላይ አለና ሁሌም እፈራለሁ እሱ እስኪመልሰኝ ድረስ,0,0,0,0,2,0
amh_train_track_b_01029,ሃብታሙ ዋሽንግተን ዲሲ ድንገት ተሰናክሎ ቢወድቅ የአብይ አህመድ ስራ ነው ሳይል ኣይቀርም። ?,0,1,0,0,0,0
amh_train_track_b_01030,የዩቲዩብ ተመልካች ለማግኘት ሆነ ብሎ አውሮፕላን የከሰከሰው ዩቲዩበር ተፈረደበት,0,0,0,0,0,0
amh_train_track_b_01031,ሲጀመር እንደ ግዛው አይነት ዘረኛ ኦርቶዶክስ ቤንን እንደ ንግድ ድርጅት ብቻ የሚያስብ እንደተስፋፊ አያቶቹ ለኦሮሞ ህዝብ ፍቅር የሌለው ነገር ግን መሬቱንና የተፈጥሮ,0,2,0,0,0,0
amh_train_track_b_01032,በጣም ጥሩ ሃሳብ ነው እጅግ የሚገርም ነገር ነው ምግብን እንዴት ለሞኝ ፖለቲካ እንጠቀምበታለን  እውን የኢትዮጵያ ህዝብ እየኖረ ነው,0,0,0,1,0,1
amh_train_track_b_01033,ወያኔን ፈርቶ ፈርጥጦ ወያኔ የትም አይደርስም አለ አላለችም,0,1,0,0,0,0
amh_train_track_b_01034,ክብርት ከንቲባእንደ የትልቅ ከተማ ከንቲባነትዎ ለሚናገሩት ንግግር ጥንቃቄ ቢያደርጉ ጥሩ ነው።ግልጽነትና ተጠያቂነትባለው መልኩ መናገሩይመረጣል።መቅዱስ በ,1,0,0,0,0,0
amh_train_track_b_01035,ትችላለሕ በቃ ይችላል አለማድነቅ ከቅናት ወይም ካለመቻል ይመሥለኛል ግን ይቅርታ እሺ ድንገት ተቃራኒ ካላቹ።,0,0,0,2,0,0
amh_train_track_b_01036,የዚህ ሁሉ ቀውስ ፍኖተካርታ የሰጠው ጃዋር ነው,1,1,0,0,0,0
amh_train_track_b_01037,ይሄ Media የደደደብ ጥርቅም ነው ኤርሚያስ እልም ያልክ ደደደብ ነህ አዘንኩ ለባለቤትክ እንዴት እንደምትኖር በፍፁም አብይን ለመንቀፍ ዋጋ የለህም ምክንያቱም መሀይም ነህ አንተን እና እስክንድርን & ጃዋርን እሚከተል ዘረኛ ስሜታዊ መሀይም ከ 3ቱ አያልፉም አንተ እንኳን poltica ለምንም አትንም የሆንክ እከካም በጣም ስለምታስጠላኝ ሹጣም ነህ🖕🏿,0,3,0,0,0,0
amh_train_track_b_01038,ምን ጊዜም በተነጻጻሪ ሲሳይ አጌና የተሻለ አሳብ ሲሰጣቸው ይስተዋላል። ሌሎቹ በተለየ መልኩ ለኦሮሞና ኦሮሚያ ያላቸው አመለካከት መጥፎ ብቻ ተብሎ የሚታለፍ አይደለም አደገኛ ነው።,0,1,0,0,1,0
amh_train_track_b_01039,ሞት ነው ወይ መከራ ከክርስቶስ ዘንድ የሚለየን,0,0,0,0,0,0
amh_train_track_b_01040,በጣም ያማል ፈጣሪ ለሁለቱም ወገኞች ምህረቱን ይላክላቹ አገራችንም ፈጣሪ ይጠብቅልን ፤፤፤,0,0,2,0,0,0
amh_train_track_b_01041,Adonay Shiferaw ዲያቢሎስ ጥቁር ነው ሲለው የሚያምን ደንቆሮ የተሰበሰበበበት ... 🤷🏽‍♂️,0,2,0,0,0,0
amh_train_track_b_01042,?የኦሮምያ እና የትግራይ ፍቅር እንደቀጠለ ነው! ያዝልቅልን!,0,0,0,1,0,0
amh_train_track_b_01043,እርሱ እራሱ እምነቱን አያውቅም ።ለእውቅና ብሎ ነው የጀመረው,0,1,0,0,0,0
amh_train_track_b_01044,ኣይ ኢትዮጵያውያን እንቅልፋሞች ናቹ እኛ ኤሬትራኖች ኢትዮጽያ እንደ ምትፈርስ ያወቅነው ወያነ የክልል ሕገ መንግስት ኣንቀጽ 39 የመገንጠል መብት ነድፎ ኣገሪትዋ ሲመራ ሲጀምር ነው ይሄ ሁሉ ጦርነት ዘር ቶኮር ግድያና መፈናቀል የባለ ስልጣኖች ኣይን ያወጣ ሙስናና ዝርፍያ ንሮ ውድነቱና ድሕነት ሰው ኣግቶ ገንዘብ በባንክ ክፍያው ማዛወር ስንቱ ብየ ልጥቀስ  ይሄን እንደሚሆን ኣውቆ ፕረሲደንት ኢሳያስ ሕገ መንግሱቱ ለኢትዮጵያ የማይመጥ,0,1,1,0,0,0
amh_train_track_b_01045,ዶክተር መራራ የተናገረው እውነት መሆኑን አሁን በደንብ የተረዳሁት።ኦሮሞ ምኒልክ ቤተመንግስት ከገባ ወይ አገሪቱን ያፈርሳል ወይ ራሱ ይጠፋልብሎ በአንድ ወቅት,0,2,0,0,0,0
amh_train_track_b_01046,ህዝብን እያሰቃዩ ድንገት ተነስቶ ቤትን ማፍርስ ህግ የማይገዛቸው ከህግ በላይ የሆኑ የየወርዳ ሹማምንት,1,0,0,0,0,0
amh_train_track_b_01047,በሀገር ወዳዱ ደጉ የአማራ ሕዝብ ላይ ጠካራ አርሶ አደር ላይ ጦርነት ታውጆበታል በአሸባሪው አቶ አብይ እና መሰሎቹ ስለዚህ ክቡር በሆነው በኢትዮጵያ መከላከያ ስም ሽብር እያስፈፀሙ,1,2,0,0,0,0
amh_train_track_b_01048,በመፈንቅለ-መንግሥት የተጠረጠሩት የቀድሞው የብራዚል ፕሬዝዳንት ቦልሶናሮ ፓስፖርታቸውን አስረከቡ,0,0,0,0,0,0
amh_train_track_b_01049,አንተን ብሎ አሳሳቢ እስኪ ዝም በል!,2,0,0,0,0,0
amh_train_track_b_01050,ዲቃላ አርጓዴ ብጫ ቀይ ከጣለያን ያሸነፉበት ነው እኛ ኦርቶዶክሳውያን እትዮጵያችን ታሪካችን አንክድም ጅንታ ሸኔ እመነኝ ፋኖ እየመጣ ነው የደቡብ ልጅ ፋኖ ለሀገራ ፋኖ ለሀይማኖቴ ድሮ ሙስሊሙም ክርስቲያንም ብሄር ብሄርሰቦች የተዋጉለት አርጓዴ ብጫ ቀይ ነው,1,1,0,0,0,0
amh_train_track_b_01051,እንደነዚ እና መሰሎቹ ዘመኑን የማይመጥኑ የቀዘኑ ባትሪ የነቀዙ ፖለቲከኞች ነን ባዬቾ ለሕዝባችን ቆሻሻ ጠባሳ የጣሉ ቆሞ ቀሮችና ዱኩማኖች ብል ይመጥናቸዋል,1,3,0,0,0,0
amh_train_track_b_01052,እናንተ አሸባሪዎች ታሪክ እያላቹህ ያአንድ እምነት ታሪክካዊ ቅር ብቻ ለምን አሳይታቹህ የእስላምን ታሪክ ምትቀብሩት የመስቀልን ቅርጻቅርጽ አሳይታቹህ ምታልፉት ሌላውን ምታፍኑት ምንድነው ምላሳቹ ሌላ ተግባራቹ ሌላ የእትዮጲያ አሸባሪዎች ሰላም ምታሳጡት ሀይማኖታዊ ጦርነት ሚታስጀምሩትም እናንተው ናቹህ ሌሎቹስ ከናንተ ሚማሩት ምንድነው የአማራ አሸባሪነት መንስኤው እስላም ጠልነትና ኦሮሞ ጠልነት ቤህራዊ ኣንድነት ጥላቻ ነው የትም አያደርሰውም,1,1,0,0,0,0
amh_train_track_b_01053,እሱስ የተፈጥሮ ሞት ነው ኢትዮጵያ ውስጥ በመንግስት የሚሞተው ማን ነብስ ይማር ይበለው ለማንኛውም ነብስ ይማር,0,0,2,0,0,0
amh_train_track_b_01054,መንግስት እውነት ይህንን ባለጌ ለህግ በአደባባይ ማቅረብ አለበት,1,1,0,0,0,0
amh_train_track_b_01055,ከሳይጣን ጎን ያለ በገዛእጁ ይጠፋል ገናም ታያላችሁ እግዛብሔር እስራኤልን ይጠብቃል የኦሪት አምላክ በጠንካራ ክንድ እስራኤልን እየጠበቀ ነው አህዛብ ግራ አትጋቡ ከሳይጣን ጎን ሽሹ ምክሬ ነው።,0,1,0,0,0,0
amh_train_track_b_01056,ኢናሊላህ ወኢናሊላሂ እራጅኡ በጣም ያማል ለእናቶ በተላይ በሰድት ላይ ሀዘን አላህ ለቤተሰብቻ ሰብሩን ይሰጣቻሁ,0,0,2,0,0,0
amh_train_track_b_01057,አማራ ለኔ መፈራቱ ብቻ በቂ ነው፤ይህን ማስቀጠል ነው ያለበት፤ያው መስተካከል ያለባቸው እንዳሉ ሆነው። 1 ዘመነን ማሰር መፍራት ነው። 2 ፍኖን ማሳደድ ስጋት ነው። 3 ዘረኛ መሆን,0,0,0,0,0,0
amh_train_track_b_01058,ቅመ አያትህ ይህን ልቤ ወልድ እንኩዋን ዛሬ ያኔ ሁሉ በእናቴ እጅ ባለ ግዜ ሞክሮ ሞክሮ ይሄው እናንቴንም ለዝህ አበቃችው ... ግን እኮ ሞጤ እደዚህ አይነት ጥላቻ በእሮሞ ሕዝብ ላይ አላችው ስባል አላምንም ነበር .ሆን ብሎ አማራ እንድጠላ ይየምናፈስ የአማራ ጣላት የምወሩት ይመስለኝ ነበር ። ግን ዛሬ ...,0,1,0,0,0,0
amh_train_track_b_01059,ሀብታሙ ውሸቱ አያሌው ውሸት ጌጡእራስህን ሸውድ ከስምንት ወር ወደዚህ የተሻለ ሰላም አለአብይ፣ አንተ ቲቪ ላይ ሁሌ ሌላ ሰው ነው እንዴ የሚ,0,2,0,0,0,0
amh_train_track_b_01060,ምን አይነት ደንቆሮ ነህ ባክህ መሬት ላይ ያለው ጉዳይ ሌላ,1,1,0,0,0,0
amh_train_track_b_01061,እናንተስ ምን ላይ ናችሁ ??? የእስራኤልን አንድ ዜጋ የገደለ በእጥፍ 10 አድረገ ትመልሳለች this is a fact ሀገራችን ኢትዮጵያ ግን የራሷን ዜጋ ቀን በቀን ትገድላላላችሁ ተስገድላላላች 🚷❌ ምክንያቱም ደግሞ ሆዳም እና ዘረኞች ናቸው አመራሮቹ 🤔 ይህን ስል ደግሞ ነፍጠኛ ልትሉት ይሆናል ❌ ሰላም ወደዱ የማዕከላዊ ኢትዮጵያ ክልልል ልጅ ነኝ !!! ሰላም ለሀገራችን ይሁን !!!,1,1,0,0,0,0
amh_train_track_b_01062,ባለስልጣናቱም ክልላችሁን ህዝባችሁን አሳልፋችሁ ሰጥታችሁ በአንድ ሰው ሞት በከባድ መሳሪያ በታገዘ ጦር የክልሉን ህዝብ ሽብርና ጭንቀት ውስጥ ከታችሁ ከምትኖሩ ሀላፊነት ወስዳችሁ ወደፊ,1,0,0,0,0,0
amh_train_track_b_01063,ሰርቦዎች እኮ ዩጎዝላቪያ ወይም ሞት ብለው ሌላው እንዳለ እየተገነጠለ ሲሄድ ብቻቸውን የቀሩት ናቸው፣ መጨረሻ እንኳን ዩጎዝላቪያን ሊያተርፉ የተባበሩት መንግስታት ራሱ በዩጎዝላቪያ ስም,0,0,0,0,0,0
amh_train_track_b_01064,ሰው አሻራውን ጥሩ ቦታ ላይ ያሳርፋል። አንተ ግን የእግር ኳስ የምታክል ቂጥ ላይ አሻራህን ታሳርፍልኛለህ።,0,1,0,0,0,0
amh_train_track_b_01065,እየተቃወመ ውስጥ ላይ ሚሰራ አስመሳይ ሰው ነው,0,1,0,0,0,0
amh_train_track_b_01066,ዛሬ 2ተኛ ነኝና ላይክ እና subsCribe ይገኛል ብሎ አበረታች የዓለም የለም ብየ ነበር አሁን ግን ቃና እያወዛገበኝ youtube ላይ ጣለኝ አይ ዘንድሮ ጭንቀት ብቻ ሆነብኝ እናንተ መዳመ ጠራችኝ ቻው በቃ,0,0,1,0,0,0
amh_train_track_b_01067,ክቡሩ አንባሳደር ሬዱዋን ለሀገር የምትሰሩት በሙሉ እናመሰግናለን እኔ ግን በሳውዲ እስር ቤት ላሉ ኢትዮዮጵያን መላ ብታበጅ,0,0,0,1,0,0
amh_train_track_b_01068,ይሄ ሰውዬ ኢትዮጵያ ለሚለው ስም ያለው ጥላቻ የሚገርም ነው። እንደዚህ አምርረው በሚጠሏት ሰዎች እየተመራች ኢትዮጵያ ትረጋጋለች፣ ታድጋለች ማለት ሞኝነት ነው።,1,1,0,0,0,0
amh_train_track_b_01069,ሰውየው አጭበርባሪ ነው ? ስለዚህ ጊዜህን በከንቱ ለምን ታጠፋለህ ?,0,1,0,0,0,0
amh_train_track_b_01070,ድል ለፅዮናዊታ ሀገረ ለእስራኤላውያን ሞት ለጅሀዲስቶች,0,2,0,0,0,0
amh_train_track_b_01071,የወላይታና የጉራጌ ህዝብ እጣ ፋንታው አንድ ነው በገዛ ሀገራቸው ስደተኛ መጤ ተደርገው ይፈናቀል አሉ ሰባዊ መብታቸው ይጣሳል ክልልልአችን እናልማ ስንል አተለሙ አታፈናቅሉን እናፈናቅላቹ አለን ይዋጣልን አራባሚጭና ሆሳና ለማረግ ወስኖአል እንተያይ አለን,2,0,0,0,0,0
amh_train_track_b_01072,ኢሰመኮ የአስቸኳይ ጊዜ አዋጁ መራዘም እንደሚያሳስበው ገለጸ,0,0,0,0,0,0
amh_train_track_b_01073,የዩክሬን ምርኮኞችን የያዘች ጄት ድንበር አቅራቢያ መከስከሷን ሩሲያ ገለጠች,0,0,0,0,0,0
amh_train_track_b_01074,እውነት ነው የቤት ሥራ ከባድ ነው ብዙ ወንዶች ቢረዱት ጥሩ ነው,0,0,0,0,0,0
amh_train_track_b_01075,በዛውም በአማራ ህዝብ ላይ ላወጀው ጦርነት ስንት ብር እንደበጀተ ብትጠይቅልን። መቼም የሰዉ ሞት እንደኪሳራ እንደማይቆጥሩት ግልፅ ነው። ጊዜ ለኩሉ!,0,1,1,0,0,0
amh_train_track_b_01076,በጣም ድንቅ አገላለጽ ነው ፊማ ብርሃኑ ጁላ ስለኢት የመከላከያ ያስቀመጡት መስፈርት ሌጀ አበባው ታደሰም አጠናክረው ደግመው ገልፀውታል እሰየው የሚያስብል ነው የውስጥ ቦርቧሪ ይውደም ጠላት ይክሰም ኢትዮዽያ ትከምልም,0,0,0,2,0,0
amh_train_track_b_01077,ግን ለዛሬ አማረኛ አልችልም ማለት አለመቻል ነው,0,0,0,0,0,0
amh_train_track_b_01078,የደህንነት ስራና ቴክኖሎጂ ለሰው ልጆች ጥቅም እንጂ ጉዳት ሲሆን እጅግ ያማል!?,0,0,2,0,0,0
amh_train_track_b_01079,ዶር አሸብር ካለ ሽብር አለ! ይሀው ለ 3ተኛ ጊዜ የኢትዮጵያ ቅኳስ ፌደሬሽን ፕሬዝዳንት ለመሆን ግርግር እያስነሳ ነው። ፕሬዝዳንት በነበረበት ላለፉት 8 ዓመታት በቅኳስ ሜዳ,0,2,0,0,0,0
amh_train_track_b_01080,እንዲህ ከፈለጉት እስኪደርሱ ራሳቸውን ደብቀው ጊዜ ገንዘብና ማንነታችንንን ለመስለብ ሚሞክሩ ቅንጭሮችን አንፎሎ በማድረግ ምኞታቸውን ባዶ ማስቀረት ይጠበቃል። ከዛሬ ጀምሮ ዩትዮቡን ምትከታተሉ ክርስትያኖች የማርያም ጠላት ናችሁ🙏,1,2,0,0,0,0
amh_train_track_b_01081,መቼም የኢትዮጵያ ፕሊቲከኞች በአብዛኛው ኢትዮጵያን ወደሗል የሚጎትት እንጅ ወደፊት የሚያራምድ አንድም ስራ አልሰራችሁም አንድነቱን ጠብቆ ችግሩን ረሀቡን ችሎ በስላም የኖረውን ህዝብ በዘር በሀይማኖት አባልታችሁ በአገሪትዋ ታይቶ የማይታወቅ ስደት መፈናቀል አምጥታችሁ የንፁሀንን ደም እንደ ጎርፈ አፈሰሳችሁ እናንተ በየፈረንጁ አገር ልጆቻችሁን እያስተማራችሁ ህይወታችሁን ታስቀጥላላችሁአንተ ራስህ ለፍርድ መቅረብ የነበረብህ ስው ነበርክ የህግ የበላ,2,0,0,0,0,0
amh_train_track_b_01082,የኢትዮጵያ ኦርቶዶክስ ቤተክርስቲያን አቡነ ጴጥሮስ ወደ አገር እንዲገቡ እንዲፈቀድ ጠየቀች,0,0,0,0,0,0
amh_train_track_b_01083,መፍትሔው ልክ እንደ ዐማራ ፋኖ ተደራጅተህ ራስህንም እምነትህንም ማርከበር ነው የሚገልህን መግደል ነው መፍትሔው አታላዝኑብን,2,1,0,0,0,0
amh_train_track_b_01084,ተመንጥተዋል ስለዚህ እንደ ድርጅት ከኦህዴድና ህወሓት የከፋ አደገኛ የባዳ ጠላት መሆኑን መረዳት የመፍትሄው አካል መሆኑን እናሰምርበት።,0,1,0,0,0,0
amh_train_track_b_01085,ኤትዮጵያ ታንቀሽ ሙቺ ያለ የለም ከፈለገች ግን ታንቃ ኣደለም በቁምዋ ብትሞት የራስዋ ምርጫ ነው ሞት በኢትዮጵያ ኖርማል ነው በየቀኑ ስንት ሰው ይሞታል ለማኞች,1,1,0,0,0,0
amh_train_track_b_01086,ዘምሪ ዘርፌ ከበደ ዘማሪ ሃፍታሙ ሺብሩ ዘማሪ እዝራ ኃይሌ ሚካኤል ዘማሪ እንቁ ስላሴ ዘማሪ አዋዝ ተገኝ ዘማሪ አሸናፊ ገመዳ ዘማሪ አቤል ግርማ ዘማሪ ትዝታው ሳሙኤል ዘማሪ መርድ... ዘማሪ ምታኩ ብሩ ዘማሪ ሳሙኤል ዘማሪ ዳንኤል መምህር ተገኘ መምህር አረ ቁጥር የለውም አስቱ ጠላት ቅጥል ይበል እንጂ,0,0,0,0,0,0
amh_train_track_b_01087,እግዚአብሔር በተለይ እማራ ሕዝብ ግእፍ እቤትህ ይግባ ያቺ ሆዳም ሚስትህ ካንተ ጋር እብራ መኖራ የሚገርም ነው ። እደ እስስት በየግዜው ስተቀያ,1,2,0,0,0,0
amh_train_track_b_01088,መከላከያ በህወሀት ተጠልፎ ያ ሁሉ መከራ ሲደርስ ፕር ሲሳይና ፕር ማዕረጉ በየገጠሩ እየገቡ ዛሬ ይጥፋ የሚባለውን ፋኖ፣ ልዩ ሀይል አደራጅተው ከመከላከያ,1,0,0,0,0,0
amh_train_track_b_01089,ድል ለእስራኤላውያን 🇮🇱 ሞት ለአሸባሪዎች አራጅ ደም እፍሳሽ አክራሪዎች ወሃብስት ⚔️,0,2,0,0,0,0
amh_train_track_b_01090,እግዝአብሔር ይባርካችሁ ፍቅር ተመግቦ ያደገ ቤተሰብ ይመስላል አልፎ እኛም ደስተኞች ነን ስለ መልካምነታችሁ,0,0,0,2,0,0
amh_train_track_b_01091,በእውነት አወ እኔም በጣም ነው የገረመኝ ምን አለበት ቢያሰሯት ጡረ ነበር,0,0,0,0,0,2
amh_train_track_b_01092,የዕጽ አዘዋዋሪው ኤል ቻፖ ልጅ በቁጥጥር ሥር ከዋለ በኋላ በሜክሲኮዋ ግዛት አመጽ ተቀሰቀሰ,0,0,0,0,0,0
amh_train_track_b_01093,የምንሰማው ሁሉ ዘግናኝ ነው ለቤተሰቡ አላህ ሶብሩን ይስጣችሁ😭,0,0,2,0,0,0
amh_train_track_b_01094,ምን አይነት ነውረኛ ነህ,1,2,0,0,0,0
amh_train_track_b_01095,"ምድረ ጋንጊስተር ሌቦች , ዝማሬው የተዘመረው ለእየሱስ እንጂ ለማንም ወንበዴ አይደል አሳፋሪዎች",1,2,0,0,0,0
amh_train_track_b_01096,ባንኮች በብሔር ተደራጅተው በሚሰሩበት ሀገር የባጃጅ ነገር በጣም አሳሳቢ ሲሆን ያሳፍራል Misplaced priorities ? ፀር ድሀ,0,1,0,0,0,0
amh_train_track_b_01097,ቲክቶክ በካናዳ ባለሥልጣናት ምርመራ እየተደረገበት ነው,0,0,0,0,0,0
amh_train_track_b_01098,እኔ ሀድያ ነኝ ከአማራ ውጪ ለኛ ለጭቁን ህዝቦች ተስፋ የለንም የኦሮሞ ተስፋፊ ሀይል ለኢትዮጵያና ለብሔረሰቦች ከፍተኛ ስጋት ነው ኦሮሞን አንደግፍም,0,2,0,0,0,0
amh_train_track_b_01099,Suna ዝምበል ወናፍ ወያኔ የፋኖም ይሁን የደቡብ ኢትዮጵያ ትግል ሕግአራዊቱን ወደ ቆሻሻ መጣያ መጣልና ኦሪጂናሉን ክፍለሃገራት መመለስ ነው እዚያው ከ አንበጣህና ቁልቋልህ,1,3,0,0,0,0
amh_train_track_b_01100,ኦሮማራ ፡ የአማራና የኦሮሞ ፓርቲዎች ስምምነት ተሳታፊዎች ምን ይላሉ?,0,0,0,0,0,0
amh_train_track_b_01101,ኢትዮዺያውይነት ና ለፍትህ መቆም የክልላቻን ፅንፈኛ ሲያጠፋ ቅዱስ የሌላው ክልል ፅንፈኛ ሲያጠፋ እርኩስ በማድረግ አይደለም ማን ይሁን ማን ይፍፅመው ጥፋት ጥፋት,1,0,0,0,0,0
amh_train_track_b_01102,ቤተሰብን የሚጎዳው እነሱን ማጣት ነው ግን ደሞ ስሜታዊ ከሆንክ አየህ የቱ የበለጠ ጎጂ እንደሆነ አትረዳም ! heartbreaking?,0,0,1,0,0,0
amh_train_track_b_01103,እውነት ለመናገር የአመራር ጥበባቸውን አለማድነቅ ንፉግነት ነው የመግለጫ መልስ ዝርዝር አሰጣጣቸው እና የሰከነ እውቀታቸው የሚገርም ነው! መንግስትን በፊት ለፊት ተጋፍጠው መብታቸው,0,0,0,1,0,1
amh_train_track_b_01104,አቤት የናንተ ድድብና ደግሞ የሚገርም ነው? የሰው መሳቂያ የሆናችሁ ጅሎች።እንኳን ንብረት ማፍራት ነውና ራሳችሁን አስተዳድሩ ብሎ ነፃነትን የሰጠ፣ ለክልል ምክር,1,2,0,0,0,1
amh_train_track_b_01105,በጣም ያማል አላህ ጀነቱን ይወፍቃት ያረብ,0,0,2,0,0,0
amh_train_track_b_01106,ባልሽ የአማራን ደም እየጠጣ፥ አንች ደግሞ ዝምብለችሁ ዳቦ ብሉ ከማለት ዝም ብለሽ ብትሄጂ እንዴት ጥሩ ነበር?,1,1,0,0,0,0
amh_train_track_b_01107,በዘመድኩንና በሃብታሙ ጭንቅላት ማሰባችሁን አቁማችሁ አንዳንዴ የራሳችሁን አእምሮም ተተቀሙበት ዝም ብሎ የውሸት ወሬ መንዛት የአማራውን ስቃይ አይቀንስም,1,1,0,0,0,0
amh_train_track_b_01108,Zenebe Mekonen የጊዜ ጉዳይ ነው ሀዘን በናተ መንደርም ማቅናቱ አይቀርም ያኔ የኛ ስሜትን ትረዳላችሁ ደምበር ከፍቶ ወገን የሚጨፈጭፍ ምን ልትለው ነው እኔን ባንዳ ብለህ,1,1,0,0,0,0
amh_train_track_b_01109,አባ ሳዊሮስ ከሌሉበት አደብ ያስገዙልን እኚህ ዘረኞችን,1,1,0,0,0,0
amh_train_track_b_01110,ግማሹን አውቄ፣ ግማሹን ባላውቅም፣ እንደው በደፈናው፣ ማርና ወተት ነው። ገጠመአልገጠመ፣ እኔ ምናገባኝ፣ የተባለው ነገር፣ ፍቅር ከጫረብኝ።,0,0,0,0,0,0
amh_train_track_b_01111,ብልጽግና የኢትዮጵያና የምስራቅ አፍሪካ ስጋት እየሆነ ነው ፋኖ ለምንድን ነው ስጋት ይሆናል ያልከው አብራራው እስኪ ነገሮች የተምታቱብህ ትመስላለህ ወይም የፒፒ ቅጥረኛ ነህ ልበል ፋኖን ደግሞ አማጽያን ቡድን እያልክ መጥራት ካላቆምክ ሰብስክራይባችንን በማንሳት ልንጎዳህ እንችላለን ፋኖ ለነጻነት ታጋይ እንጂ ያመጸ ቡድን አይደለም,1,1,0,0,0,0
amh_train_track_b_01112,ሰው እንዴት ጨከነ ግን ማየት የማይችል ሰው በድንጋይ ቀጥቅጦ መግደል,0,0,3,0,0,0
amh_train_track_b_01113,ሲጀመር ዘበርኩም በቀለ ማለት ያላዋቂ አዋቂ ነኝ እኔን ብቻ ስሙኝ የሚል የረገጠበትን ቦታ የማያውቅ ከንቱ የሆነ የወሬ አቆማዳ የሆነ ሰው እንደሱ አይቸም አላውቅም ። በእርግጥ ወቅታዊ ነገር በደንብ አውጦና አውርዶ የማይረዳ በምክኒያት ሳይሆን በስሜት ብቻ የሚነዳ ጅላጅል ሰው ሊያሳምን ይችላል በተለይ ስለፖለቲካ ጠጣርነት የማይረዳ ሰው ይሸውድ ይሆናል ከዛውጭ የሆነ አይሸውድም ።,0,3,0,0,0,0
amh_train_track_b_01114,አካራን እናወጣታለን ብሎ ነው ሚዘፍኑት እናዚ ያቱርክ ወታደሮች,0,0,0,0,0,0
amh_train_track_b_01115,በጥላቻ እና በበታችነት ስሜት የናወዛችሁ የእናንተ መጨረሻ ከወያኔም የከፋ መሆኑን በቅርቡ ታያላችሁ። ዝቃጭ ሁሉ,2,2,0,0,0,0
amh_train_track_b_01116,የሰሜን ኮሪያው መሪ ኪም አዳዲስ ሚሳኤሎችን ለሩሲያው የመከላከያ ሚኒስትር አሳዩ,0,0,0,0,0,0
amh_train_track_b_01117,እንደዚህም አይነት የእናት ጨካኝ አለ ወይ ? አይዞሽ እህቴ እውነት ከጀግናም በላይ ጀግና ነሽ የታመንሽው አምላክ መከራሽን ሁሉ አስረስቶ የደስታ እና የተድላ ዘመን ይስጥሽ በጣም ያማል 😭😭😭,0,0,2,0,0,0
amh_train_track_b_01118,በጣም ይገርማል ዲያቆን እንዳልካቸው ስላየሁህ ደስ አለኝ የህይወት ስንቄ ቅድስት ቤተ ክርስቲያን በጎንደር ዩኒቨርስቲ ማራኪ ግቢ ጉባኤ አንድ ባች ነበርን እሱ የማራኪ ግቢ የአንትሮፖሎጂ ተማሪ ነበር እኔ በአጼ ቴዎድሮስ ግቢ የኢኮኖሚክስ ተማሪ ሁኜ የአንትሮፖሎጂ ድፓርትመንት እና የኢኮኖሚክስ ድፓርትመንት የንስሐ አባታችን ቀሲስ አዕምሮ ይባሉ ነበር,0,0,0,2,0,1
amh_train_track_b_01119,እንደ አይጥ ጉድጓድ ውስጥ መግባቱ ለምን ጀግና ፊትለፊት ነው ምዋጋው ንጹሃን ባናስፈጅ ጥሩ ይመስለኛል,0,0,0,0,0,0
amh_train_track_b_01120,በየመንደሩ እና ሚስቱ ቀማስ ስር በየገዳሙ የተወሸቀውን ዘራፊ ቡድን በባዶ ስታሞካሹት ጽንፈኞች በምኞት ፈረስ አሁንም እየጋለባችሁ ነው አይ ሰገጤዎች ህዝባችሁን ታጃጅላላችሁ,0,2,0,0,0,0
amh_train_track_b_01121,የጠባብ ጎጠኞች የማውደም ዘመቻ 1ነፃነትን አስጠባቂ ሀገር ገንቢ ዘመናዊነትን አምጪና ለጥቁር ህዝቦች ሁሉ ኩራት የነበረውን ዘውዳዊ ስርአትን አፈረሱ 2 አሁን ደግሞ ኦርቶዶክስን ለ,1,0,0,0,0,0
amh_train_track_b_01122,ኣይነ ጥላ😢😢😢ሆሆሆ ዳኒ😳 ግን ኣያቿት በጣም ብልጥ ነች love you 😍😍😍እራት የሚሏት ነገር😂😂😂ወይኔ ፍጥነት thank you 💎💎💎,0,0,0,2,0,0
amh_train_track_b_01123,የብልግናው መንግስትና እንደ እብድ የሚያስበው መሪ ውሸት ሀገረቶን የት ያደርሳት ይሆን  ዛሬ ደግሞ ወደብ አገኘን ብለው ያስወራሉ ትላንት አሰብን ነበር ያ ስላልሆነ ሌላ የውሸት ስምምነት ይዘው መጡ  International communities are saying diffrent than ብልግና ፖርቲ ና ጭፍራዎቹ ኧረ በአንድ እብድ ሰው ምክንያት ሀገራችን አትፍረስ የወንድ የ ጎበዝ ያለህ  ምን ጉድ ነው የመጣብን ነጋ ጠባ ውሸት,1,1,0,0,0,0
amh_train_track_b_01124,ቀላል እናስታውሳታለን እቺ የዝሆን እንባ አፍሳሽ,0,2,0,0,0,0
amh_train_track_b_01125,ወይኔ አይኗን ለማየት ፈራት ደነገጠ 😭😭😭ያፈቅራታል ግንኮ ወንድ ለወንድ ምንሊያረጉነው😂😂😂,0,0,0,0,0,0
amh_train_track_b_01126,አማላጄ አማላጄ አማላጄ ኢየሱስ ወዳጄ!!!,0,0,0,1,0,0
amh_train_track_b_01127,ሀማስ አሸባሪ የሚለው ቃል ሚገርም ነው እድሜ ልካቸው እንደዚ እያሉ ይኖራሉ,1,0,0,0,0,1
amh_train_track_b_01128,እና አሁን በዚህ ደግሞ ምን ትሩፋት ይዘውልን ይመጡ ይሆን? የእኔ ስጋት ለዚህ ርካሽ ፖለቲካ ሲሉ ከውጪ እስከ ጓዳ ሁሉን ነገር እየነካኩ የህዝቡን ጉሮሮ ጨርሰው እዳይዘጉት ነው,1,0,0,0,1,0
amh_train_track_b_01129,ኢትዮ 360 እኛ በምንለው መንገድ መንስት ይሂድ ነው የምትሉት፡፡፡ ቂምና ጥላቻ በጣም ሰፍኖባችኋል፡፡፡ ስለዚህ ምንም ነገር ቢሰራ አይጥማችሁም፡፡፡ ለዚህ ነው፣ እንጦጦጦ ፓርክ የስራ እድል ስለተፈጠረላቸው ከ460 በላይ በአካባቢው የሚገኙ እናቶች ምንም የማይመስላችሁ፡፡፡ ወደፊትም የሚያስገኘው ሀገራዊ ገቢም ምንም አይመስላችሁም፡፡፡ አንበጣ ላይ መንግስት ቸልታ አሳይቷል ብሎ መጎትጎት ተገቢ ነው፡፡፡ ሌሎች የሚተችባቸው ነገሮች ካሉም እንዲ,2,0,0,0,0,0
amh_train_track_b_01130,አብይ አስደፈረንጂ ኢትዮጵያ የሚነካት የለም ነበር አይ አገሬ ምኑ አተላ መሪ አጋጠመሺ,0,3,0,0,0,0
amh_train_track_b_01131,በስድብና በጩኸት አንድነት መግባባት ይመጣል ብላችሁ ከሆነ ተሳስታችኃል በስድብ የሚቀረፍ መከራ የለም ባይ ነኝ,1,0,0,0,0,0
amh_train_track_b_01132,ኢትዮ 360 የአገርና የህዝብ አለኝታዎች ናችሁ!!! ከሕውሐት ጥፍር ነቃይና ዘራፊ ተገላገልን ስንል??? ህፃናትና አዛውንት የሚያርድ አገሩንም ያየውን ደህና ልብስም ኬኛ የሚል የከፋ ዘራፊ ኦሮሙማ ላይ ጣለን!!!,0,2,0,0,0,0
amh_train_track_b_01133,ኢትዮጵያውያን ያመኑበትን ነገር አከብራለሁ! ነገር ግን ሙሉ ህዝብን ጠቅሶ እንዲህ መግለፁ ትንሽ ያስቸግራልና ቢታሰብበት ይህን አስተሳስብ በአፍሪካና በዓለም ደርጃም በፊት ቀለም(ዘርኝነት) ምክንያት በሰፊው የታገሉም ብዙ የተዘመርላቸው ግለሰቦች አሉ! ባህላዊ የኢትዮጵያውያንንን የምስጋና ስርዓት አስፈሪ ትርጉም እየተሰጠው የእኬሌ የእኬሌ እያላቹ አታጥቡት እባካቹ! ቢያንስ የሰው ልጅ ታሪክን እንኳን ብናይ ወንዝ አከባቢ እየኖር ነዉ ዛሬ እኛ,0,0,0,0,0,0
amh_train_track_b_01134,ይሄን ውሸታም የበሻሻ አህያ አለመስማትና አለማየት በራሱ መልካም ነው።,1,2,0,0,0,0
amh_train_track_b_01135,ምድረ ተ ል ቱ ላ ው ሸ ታ ም የሚከተላችሁ ያጣችሁ ቅማላሞች የምትበላውና የምትጠጣው ስታጣ ጃውሳ በድንገት እየገባ እየገደለ እየሰረቀ እህል ከብት ለመዝረፍ ባልታሰበ ጊዜ ገብተህ ህዝብን እራስህ እየገደልክ የምን የውሸት ዜና ማስተላለፍ ነው ግደል እያልክ በይፋ የምታውጅ ጃውሳ ሌባ ለመቸውም ካፈርኩ አይመልሰኝ ብለህ እንዲህ ስትሽሎኮሎክና ስትቀምል ትኖራለህ እንጅ አንተን የሚከተል አታገኝምች,0,3,0,0,0,0
amh_train_track_b_01136,መምህር እግዚያቡሄር ይባርክህ ነገር ግን ስለ ዘፈን እና ዘፋኞች አስተምረካል ነገር ግን ሠው ንሰአ ሳይገባ ከዚህ አለም በሞት በድገት ሲለይ ያማል ምክንያቱም ዘፋኞች መግስተ ሠማይ አይወርሱም ይላል አያሉ ታላቁ መፅአፍ እግዚያብሄር ለቀረነው ንሰአ እንድንገባ ዘወትር መመመለስ ይሁንልን ለወዳጆቹ አና ለአድናቂዎቹ መፅናናናትን ይስጥ ቤተሠቦቹን እግዚያብሄር ያፅናናናቸው,0,0,2,1,0,0
amh_train_track_b_01137,ሸዋሮቢት ውስጥ የሰውም ሆነ የባጃጅ ለተላለፈው ትዕዛዝ ሁሉም ትብብር እንዲያደርግ ከተማ አስተዳደሩ ጥሪ አቅርቧል። ከሰሞኑን በዚሁ ቀጠና ዳግም ግጭት ተቀስቅሶ በርካቶች የደህንነት ስጋት ላይ ወድቀዋል።,0,0,0,0,1,0
amh_train_track_b_01138,የኢትዮጵያ የእናቶች ፀሎት ይጠብቀኛል ብሎ ነበር። ዛሬ ግን የእናቶችን እንባ ያስነባል።,1,0,1,0,0,0
amh_train_track_b_01139,የተናገርኩት ደረሰ በዚያች ጭንቅ ወቅት አንድ ወዳጄ ዛሬ ደስ ብሎኛል፤ ብጀል ተፈራ የአማራ ልዩ ኃይል ሆኖ ተሾመ ሲል ደስታውን ገለፀልኝ። እኔም ፈገግ ብዬ,0,0,0,2,0,0
amh_train_track_b_01140,ሸኔ ከሸኔ ጋር ድርድር እያደረገ ነው በርቱ ጥሩ ድራማ ነው,1,0,0,0,0,0
amh_train_track_b_01141,ይህንንን ፕራንክ ነዉ በለን ...የአንተ ይሻላል ይመችህ,0,0,0,1,0,0
amh_train_track_b_01142,የሶማሌ ክልል ልዩ ሀይል አልሸበብን የምህል ትልቅ ስጋት እያለበት እኮ ነው ትጥቁን ፈቶ በመልሶ ማዋቀር መከላከያ እየተቀላቀለ ያለው እንበትናቹ ሳይሆን ሀገር ወዳድ ከሆንክ ከነ ትጥቅ,1,0,0,0,0,0
amh_train_track_b_01143,የናንተ ፖለቲካ የሚነሳው ከዛው ህዋሃት ከተነሳበት የአማራ ጥላቻ አማራን ከማጥፋት የሚነሳ ስለሆነ የትም ሳትደርሱ ትቀራላችሁ የአማራ ጥላቻችሁ brain cancer ፈጥሮባቾኋል,1,1,0,0,0,0
amh_train_track_b_01144,እስራኤል ወራሪ እና የሕፃናት ገዳይ ነች :ድል ለፍልስጤማውያን!!!,1,2,0,0,0,0
amh_train_track_b_01145,ውሻው ጀርመናዊ አይደል ሊመከር ነበረበት እንጂ መባረሩ fair አይደለም። የዘረኝነት ጥቃት እየደረሰበት ነው ፍትህ🙌,0,0,0,0,0,0
amh_train_track_b_01146,አለምነ አንተ ከድሮ ጀምሮ እየሰማውህ የኖርኩ ነኝበጣም ጀግና ጋዜጠኛ ነህ,0,0,0,2,0,0
amh_train_track_b_01147,የእግር ኳስ ዳኞች ተጨዋቾችን ለ10 ደቂቃ ከሜዳ የሚያግዱበት ሰማያዊ ካርድ ሊሞከር ነው,0,0,0,0,0,0
amh_train_track_b_01148,የኔ ልጅ አይዞሽ መከራ ያልፋል ሁሉም የዘራውን ያጭዳል,0,0,2,0,0,0
amh_train_track_b_01149,ሕወሐት እኮ አሮጊት መነኮሳትን በገዳማቸው የደፈረ፣ የቤት እንስሳትን በጥይት የገደለ አውሬ ቡድን ነው።,1,2,0,0,0,0
amh_train_track_b_01150,መፀሀፉ መጀመሪያ የተፃፈዉ የቁም ፅሁፍ በሚባለዉ የእጅ ፅሁፍ ነው። ፀሀፊዉ አቶ አፅሜ ጊዮርጊስ ይባላሉ የጋላ ታሪክ የመፀሀፉ ርእስ ነው።,0,1,0,0,0,0
amh_train_track_b_01151,Gech Gech እናንተ በምናችው ይቀናል አስተሳሰባችውሁ የወረደ,0,2,0,0,0,0
amh_train_track_b_01152,ቱ ጥያቄውን በጽህፍ ሳነበው እራሱ ሱር ነው ያለኝ አፈር ልብላ ሞት ይሻለኛን አያርገውጅ ረሃብ ይግደለኝ ይድፋኝ ኧረ በስመ ሥላሴ አባታችን ቃለ ሕይወት ያሰማልን እኛ ጉዶች ከምኖቹጋ አጋጠማችሁ ዋይ ማሩን አባቶቻችን መምህራን በእውነቱ እግዚኦ መሐረነ ክርስቶስ,0,0,2,0,0,0
amh_train_track_b_01153,ኢትዮጵያዊ ሁሉ ደስ ይበለው ይህንን የሚጠላ የጥላቻ መነፅር የተገጠመለት ሰው ብቻ ነው ወዳጆቼ ጥላቻ እኮ ጤንነትን ይጎዳል,0,0,0,1,0,0
amh_train_track_b_01154,በአማራ ሕዝብ ላይ የተፈፀመው ፥ እየተፈፀመም ያለው ግፍ በሌላ ብሔር ላይ ብሆን እስካሁን 30 አኖሌ ሐውልት በየከተማው ይቆም ነበር ።,1,0,1,0,0,0
amh_train_track_b_01155,ጆ ባይደን ይበልጣል ወይስ የኢትዮጵያ ህዝብ!!!,0,0,0,0,0,0
amh_train_track_b_01156,የሱዳን ህዝብ ለኢትዮጵያ ባለውለታ፣አጋር በስጋ እና በደም የተጋመደ ነውና በህዝቡም ሆነ በሀገረ መንግስቱ ላይ የተፈጠረው ግጭት የከፋ ጉዳት ሳያደርስ በቶሎ ይቋጭ ዘንድ ልባዊ ምኞታች,0,0,0,0,0,0
amh_train_track_b_01157,በሂወታችሁ ተስፊ እዳትቆርጡ የመዳም ቅመሞች አብሽሩ ሂወት ይቀጥላል በተለይ በፍቅር በቤተሠብ ሞት በህመም የምትሠቃዩ ልባችሁ ለዘላለም የተሠበረአብሽሩ አላህ አለ የፈጠረን ጌታ አለ ነገ ሌላ ቀን ነው ተስፉ ይኑራችሁ ኢሸአላህ ያረብ ለሁላችንም መልካም ነገር ይወፍቀን በሉ አሚ ንን ያረብ አሚንን,0,0,1,1,0,0
amh_train_track_b_01158,የሁቲ አማጺያን በቀይ ባሕር ላይ የፈጠሩት ስጋት የነዳጅ እና ምርቶች ዋጋን ከፍ ያደርጋል ተባለ,0,0,0,0,0,0
amh_train_track_b_01159,ወየው ወየው ወየው በእውነት የዘመነ መጨረሻ ላይ ነን ወገን ውየው ፣አይ ዞን እህትዋ. ቀሪይ ዘመንሺ ይባረክ ጌታ ይህንንን ግፍና መከራ ያስረሳሺ አቤቱ ውይ,0,0,3,0,0,0
amh_train_track_b_01160,የዓለም ምግብ ፕሮግራም በኢትዮጵያ ያቋረጠውን የምግብ እርዳታ ሊያስቀጥል እንደሚችል ተጠቆመ,0,0,0,0,0,0
amh_train_track_b_01161,በየዓመቱ ሰው በእንቶ ፈንቶ ምክንያት ይሞታል ከአዲስ አበባ መውጣት ስጋት እየሆነ ባለበት ዘላለም ዲስኩር የዜጎች ደህንነት ላይ ሰላም ላይ ስራ መጀመሪያ ብልጭል ብቻ,0,1,1,0,0,0
amh_train_track_b_01162,ልዩ ጥበቃ ያስፈልጋታል የአማረኛ ፍርሀት ያለባቸው ብዙ አሉና,0,1,0,0,0,0
amh_train_track_b_01163,የወንጌል ባላደራ ስም እና ምግባራቹ የማይመመሳሰል ገቢ ነው የሚባለው ምን አውቆ ነው ከዚህ ሰው የሚሻለው ዘረኛ ሰውን ወንጌላዊ የሚሆነው ምን ላይ ነው የተፃፈው,2,0,0,0,0,0
amh_train_track_b_01164,በምድር ላይ ሰው ቢፈለግ እንደ አብይ አህመድ አይነት አረመኔ የሆነ ሰው አይኖርም የእርሱኮ ሲደርስብህ ቀርቶ ስታስበው ይዘገንናል,0,3,0,0,0,0
amh_train_track_b_01165,አይዞአችሁ ዛሬ አይለቀስም እግዚአብሔር ነው ምስኪኑን ያሰበው እናንተ ፀልዩላቸው ገና ከዚህ በበለጠ ይርዳቸው ዘመናቸው ይባረክ ያሰቡትን ነገር ይከናወንላቸው,0,0,1,0,0,0
amh_train_track_b_01166,ኣንዳፍታ ኣንድ ለእውነት የቆመ ተንታኝ ያለህ ይህ ሰው ኦሃድ ነው እሱን ባቀረብክበት መድረክ እነዚያ ቱልቱላ እንግዶችህን ማቅረብህ ያሳዝናል ኦሃድ እድሜ እና ጤና ይስጥህ  ከኣንተ ብዙ ትምህርት ወስደናል,0,0,1,1,0,0
amh_train_track_b_01167,ይሄ ፕራንክ የሚባል በሜን ስትሪም ሚዲያ ጭራሽ ወዘቢሶች,1,1,0,0,0,0
amh_train_track_b_01168,ለምንድኖው እደምየቹ ሙሉ ሞት ብቻ ምትሞኙ ኣተገዛንም ደሞ ትላላቹ ኤርትራ ኮ ለኣራት ምቶ ኣመት ተገዝታለች ለምን ለባሕር ኣልተከላከላቹ ባካቹ እረፉ በሰላም ንኑር የየሃብታችን ይዘን ንኑር ህዝብ ኣተዋናብዱ ታድያ ጁቡቲ እኮ የናንተ እኮ ነበረች ለምን በሃይል ኣትወስድዋትም ምንቀኞች ናቹ,1,0,0,0,0,0
amh_train_track_b_01169,በአሜሪካና ሜክሲኮ ድንበር ከመጠጥ ቤት ተባረርኩ በሚል 11 ሰዎች በመግደል የተጠረጠረው ግለሰብ ታሠረ,0,0,0,0,0,0
amh_train_track_b_01170,መልዕክቱን አስተላልፈናል። በሚስጥር እና በይፋ ለንጉሱ እና ለህዝቡ መከራ ከመምጣቱ በፊት,0,0,0,0,1,0
amh_train_track_b_01171,እኔመችምወላሂ ለፍርሀት እና ናርን በጣም ደሥይሉኛል ፍቅር ናቸዉ,0,0,0,2,0,0
amh_train_track_b_01172,ቤተመንግስት በዛብኝ የፌደራሉን ወድጀዋለሁ ምክንያቱም ቤተመንግስት ተገነባም አልተገነባም ድህነት ይቀጥላል we r african ስለዚህ አየገነባን እንቀጥል ግን ሁ,0,0,0,0,0,0
amh_train_track_b_01173,እኔ በጣም የገረመኝ ይህን እብድ በንጹሃን ደም የተጠመቀ የወደፊቱ ጠቅላይ ሚኒስትር ማለት ቲኒሽ ክላሽ አያደርግም ጋይስ አድናቂዎች ተረጋጉ ውሃ ጠጡ ይህን comment ስታነቡ,0,2,0,0,0,0
amh_train_track_b_01174,ያሳዝናልል ምን አይነት ጊዜ ላይ ደረስንን,0,0,2,0,0,0
amh_train_track_b_01175,ድል ለፍልስጤማውያን ሞት ለእስራኤላውያንና መሰሎቻቸው,0,1,0,0,0,0
amh_train_track_b_01176,ቱልቱላ ወሬኛ ውሸት ሪፖርት የምታቀርብ አንተ ነህ ለካ ህውሓትን በውሸት ነበር መረጃ ስታቀርቡ የነበረው,1,2,0,0,0,0
amh_train_track_b_01177,ከባለግዜዎች እነሱው ወንጀሉን ሰርተው ከእነሱው ፍትህ እናገኛለን ብላችሁ ታስባላችሁ ፈጣሪ ነፍሱን በገነት ያኑርልን  መጀመሪያ ኢንተርቪ የተደረገው ሀብታሙ የሚባለው ሰውዬ በጣም የፍርሀት አነጋገር ነው የተናገረው በጣም አደባበሰው ሸፋፈነው ሁለተኛው ሰውዬ ጎደኛው ግን ሁኔታውን ጥሩ አብራርቶታል ፈጣሪ ያፅናችሁ,0,0,2,0,0,0
amh_train_track_b_01178,ምን አለ ኦሮምኛን ችዬ በዝ ድንቅ መዝመር ጌታን ባመልክ ለነገሩ አሁንም ረክቻለሁ!?,0,0,0,2,0,0
amh_train_track_b_01179,የፌስቡክ ባለቤት ዛከርበርግ፤ ኢላን እንቧቀስ ያለው “የምሩን አይደለም” ሲል ወቀሰ,0,0,0,0,0,0
amh_train_track_b_01180,በአዲስ አበባ ዙሪያ አዲስ በተመሰረተው የሸገር ከተማ እየተካሄደ ባለዉ ቤት የማፍረስ ዘመቻ ከሰብዓዊነት ያፈነገጡ ተግባራት እየተፈጸሙ እንደሚገኙ የኢትዮጵያ ህዝብ እንባ ጠባቂ ተቋም,0,0,1,0,0,0
amh_train_track_b_01181,የአመራሮች የህዝብን ወቅታዊ ሁኔታ ከምንም አለመቁጠር የሚገርም ነገር ነው,1,0,0,0,0,0
amh_train_track_b_01182,ምስጢራዊ መረጃ ለመለዋወጥ ተመራጩ መተግበሪያ የቱ ነው?,0,0,0,0,0,0
amh_train_track_b_01183,ታሪክ  ለጊዜው ቢደበዝዝም  ጊዜውን ጠብቆ ግን ሐቁ መድመቁ አይቀርምና  ጌታቸው ረዳ ከመለፍለፉ በፊት እውነተኛ ታሪክን ይፈትሽና  ጉግል ላይ UN Eritrean map ተመልክቶ ከኤርትራ ድምበር ጋር ይተዋወቅ  እንግሊዝና አሜሪካ ለገዛ ራሳቸው ጂኦ ፖለቲካዊ ጥቅም ሲሉ  ኤርትራን ካለ ህዝቦቿ ፍላጎት በግዳጅ ከኢትዮጵያ ጋር ትጠቃለል ዘንድ የፌደረሽን እኩይ አሻጥር ሲያሤሩ  ከኃዲውና አቅመቢሱ ተመድ የኤርትራን ጉዳይ በሞግዚትነት አደራ የተሰጠ,2,1,0,0,0,0
amh_train_track_b_01184,እንዳየሁት አንድ የአማራ ጀግና አግብተሽ ጥሎሽ ሄዷል ወይም ኦነጎቹ ብዙ ባጀት መድበውልሻል! ለህዝብ የሌለ ባጀት ለእናንተ አይጠፋም? የሚገርም እውነት!,0,2,0,0,0,0
amh_train_track_b_01185,ከደራሲያን አለም ፔጅ የተወሰደ ክንፍ ሰበር ጫጩት ጫጬቶች ተጣልተው ጎራ እየከፈሉ የኔ ነው የኔ ነው እየተባባሉ ሁሉም በየተራ ድንገት ሲገፋፉ መጠለያ ክንፉን ሰብረውት አረፉ,0,0,1,0,0,0
amh_train_track_b_01186,ህዝብ የረዳት የአለፈውን ሂወቶን አስባ ጠንክራ ተምራ ተመርቃ ማየት ነው የሚፈልገው የኢትዮጵያን ሁሉ አሁን ግን የምታሳየው ነገር ጥሩ አይደለም ትናት ጭራሽ በኦሮምኛ ለአማራ የተዘፈነ ዘፈን ለህዝቡ ስታስተላልፍ ነበር አዝኖ የረዳትን ህዝብ መሳደብ ትክክል አይደለችም አሁን ይመስለኛል የግብረ ሰዶም አባል ሳትሆን አይቀርም እንዲህ የምትዘንጠው ከየት አምጥታ ነው እኔ ግን ምንም ደስ አላለኝም የአሁን ሁኔታዋ እረጋ ብትል መልካም ነው,1,0,0,0,0,0
amh_train_track_b_01187,እውቋ ድምጻዊት ሻኪራ ታክስ በማጭበርበር ለሁለተኛ ጊዜ ተከሰሰች,0,0,0,0,0,0
amh_train_track_b_01188,የፕሪቶሪያው የኬኒያውና አሌላኬላ ስምምነቱ ለአቢይ አህመድ ተጨማሪ የስላጣን ጊዜ ለመግዛት እንጂ ችግሩን ለመፍታትና አገሪቱን ሰላም ለማድረግ አይደለም የትግራዩን ጦርነት በአማራ ጦርነት ተካ ጉዳዩ የሰሜኑን ክፍለሃገራት እያዋጉ ለማዳከምና ለማደህየት በተቃራኒው የኦሮሙማን የበላይነት ለመመስረት ነው የትግራይ ተወላጆች ካለፈው ሰላሳ አመታት ቢማሩ ጥሩ ነው ለትንሽ የህወሃት መሪዎች የግል ሃብት ለማጋፈፍ ሲባል የትግራይ ድሃ ህዝብ ህወሃትና ኦነግ,2,0,0,0,0,0
amh_train_track_b_01189,የፈጣሪ ያለ ምን አይነት ጭካኔ ነው,0,0,2,0,0,0
amh_train_track_b_01190,ከእስራኤል በላይ ሀፍረት የሌላቸው እናንተ ናችሁ ከዚህ በፊት ተከቧል ተገለዋል ያላችሁ ሰዎች ዛሬ ጉርሻ በሚል ለቅሶ ይዛችሁ መለፍለፍ ያሳፍራል,1,1,0,0,0,0
amh_train_track_b_01191,አይዞሽ የኔ እህት አንቺ ጎበዝ ጠንካራ ሴት ነሽ ሁሉም ያልፍል ጉድ የናትም ጨካኝ አለዉ 💔💔💔😭😭😭,0,0,2,0,0,0
amh_train_track_b_01192,ደሬ ለካ እንዲህ ያለ ፖለቲከኛ ነህ እንዴ ለከባድ ተጫዋች ከባድ ዳኛ ሆነህ ነው የገጠምከው ደሬ ከመቀመጫዬ ተነስቼ አጨብጭቤያለሁ ይህን ታሪካዊ ኢንተርቪው ለ 12 ዓመት ልጄ አስቀምጥለታለሁ ኢትዮ በ2016 እንዲህ ነበረች ብዬ,0,0,0,2,0,0
amh_train_track_b_01193,ሰላም ምክንያት አይፈልም፤ ሰላም የተለየ ጊዜም አይፈልግም ! ጦርነት ያወድማል፣ ይገላል፣ ያፈርሳል፤ ሰላም ያለማል፣ ያበለፅጋል፣ ወጥቶ መግባትን በቀለለ መንገድ እንዲቻል ያደርጋ,0,0,0,0,0,0
amh_train_track_b_01194,ይሄ ደደብ ሰውዬ እሰክ ጃግሬዎቹ መከራ እንዲወርድበት ፀሎቴ ነው,1,2,0,0,0,0
amh_train_track_b_01195,የእውነት ደስ ይላል እናት ያላችሁ እንዲህ አስደስቱ በእናንተ ቀናሁ።,0,0,0,2,0,0
amh_train_track_b_01196,ብልሁ መምሬ ሲሮጡ ሲሮጡ ዛሬ ሳያስቡት ድንገት ተቆረጡ ወዴት ይፈርጥጡ?,0,1,0,0,0,0
amh_train_track_b_01197,የዛሬው ኢንተርቪው ሲጀምር አለከታተልኩትም አሁን ወደሁአላ ሳይ ጃዋር ያለው የኢትዮጵያ ሕዝብ በጥቅሉ ጭንቀት ውስጥ ነው ያለው ትክክል ነው ነገር ግን በ5ዓመቱ ቀውስ የርሱም አስተዋፅኦ አጅግ ነው,0,0,0,0,0,0
amh_train_track_b_01198,አላሁ አክበርር ድል አሁንም ለፍልስጤማዉያን ዉርደት ሽንፈት ሞት አሁንም ለተረገመችዉ ቡዳ ሰዉ በላዋ ይሁዳ ይሁን,0,2,0,0,0,0
amh_train_track_b_01199,ለምን መልካም መልካሙን አናስብም? እንዲህ ቢሆን ተብሎ ዘሎ አማራ ላይ መንጠልጠል አያሳፍርም? በህግ ተይዞ በግልጽ የሚታይን ወደ አፈና ነው ቢባል ከህግ በ,1,0,0,0,0,0
amh_train_track_b_01200,ፋኖ ወይስ የኩሽ መንግስት ለመመስረት የመሠረት ድንጋይ የጣለው ኦሮሙማ ነው የቀጠናው ስጋት ወዴት ወዴት ኦሮሙማ በስንት ገዛህ እባክህ ሲጀመር ይህ ሚዲያ በፀረ አማራ የኦሮሙማ ስለላ የሚዘወር መሆኑ አያሌ ማስረጃ ማቅረብ ይቻላል,1,0,0,0,0,0
amh_train_track_b_01201,ባክህ ኤርትራ ከኢትዮ ጋር ያላትን ግንኝነት እና ጠበቃ ለኢትዮ እንዳትሆን የጠቅላይ ሚንስትሩ ክህደት ነው ኤርትራ ስንት ግዜ በኢትዮ መሪዎች ክህደት ይድረስባት,1,1,0,0,0,0
amh_train_track_b_01202,በጽሑፋቹ ፕት ኢሰይያስ ተቆጡ ብላቹ ርእስ የሰጣቹት በጣም ያሳዝናል  የሰው ቀልብ ለመሳብ ብላቹ ነው  ስለ ተኣማኒነታችሁ ግን ደንታ ቢሶች ናችሁ  ለናንተ መሸቀል ማለት  ውሸትን ኣሽሞንሙኖ ማቅረብ ነው እንዴ   ሰላምን ስበኩ,1,0,1,0,0,0
amh_train_track_b_01203,የፅዮን ልጆች ዝም ማለታቸውን ባየሁ ጊዜ የተሰማኝን ሀዘን እና ብቸኝነት ልሸሽገው አልሆነልኝም። ዘመቻው ሀገር ማዳን መስሎን በደምሳሳው ዝም በማለታችን ይህን ያህል በአንዲት ቤተ ክርስቲያናቸው እንዲጨክኑ መግፋታችንን ሳስብ,0,0,3,0,0,0
amh_train_track_b_01204,እስራኤል በመቶዎች የሚቆጠሩ የሐማስና ኢስላሚክ ጂሃድ አባላትን በቁጥጥር ሥር ማዋሏን ገለጠች,0,0,0,0,0,0
amh_train_track_b_01205,ድል ለማን ልበል ሰላም ላለም ሁሉ አውርድልን የእስራኤልንም ንፁሀንንን እባ ስናይ የፍልስጤምንም እባ ስናይ ያማል ፈጣሪ አለምን ሁሉ ሰላም አርግልን ማስተዋልን ስጠን,0,0,2,0,0,0
amh_train_track_b_01206,የአስፊቲ የሀቀሀብር ስነስርአት ታስቦበት ከሳምንት በላይ ዝግጂት ተደርጎ ነው የገነነ በድንገት ሞተ ቀብሩንም አጣደፉት ስለዚህ ሌላውን መንግስትህን ወቀስ,1,0,0,0,0,0
amh_train_track_b_01207,በዓላት ሲደርስ ስጋት አለን ባይከበር ይሻላል?ሌላው ደግሞ ወደ አአ ያለው ፍልሰት ስጋት አለኝ መንግስት ምን እየሰራ ይገኛል? ብላ ነው የጠየቀችው መተቸት ብቻ ሳይሆን በትክክል ዘግቢ።,0,0,0,0,1,0
amh_train_track_b_01208,እኔን በልጅነትሽ ይሄ ሁሉ መከራ አይገባሽም ፈጣሪ መጨረሻሽን ያሳምረው አንቺ ጀግና መከራሽን የምትረሺበት ዘመን ይስጥሽ 😭ለማመን እሚከብድ ሲሰሙት እሚሰቀጥጥጥ እጅግ እጅግ እጅግ ያማል ፈጣሪ አለሁ ይበልሽ የኔ ቆንጆ ሰዉ እንንንዴት በዚህ ልክ ይጨክናል ጽናትሽ ትግስትሽ እና እምነትሽ ይደንቃል እኔ አልቻልኩም😭😭😭💔💔💔🙈🙈🙈,0,0,2,0,0,0
amh_train_track_b_01209,ብርቱና ፅኑዋ ገኒዬ የብረት መዝጊያችን የማይገባኝን አትስጭኝ ሆኖም ላሳየሽኝ ፍቅር አመሰግናለሁ,0,0,0,2,0,0
amh_train_track_b_01210,ትህነግም ሆነ ኦነግ የሚሠሩትንና ዓላማቸውን እያወቅን በአድርባይነት የእኔና ቤተሰቤ አስተሳሰብ እንጅ ስለሌሎች ስቃይ ደንታ ቢስ መሆን እኛጋ ይደርሳል ብለን ባለማሰብ በቀጥታም ሆነ በ,1,1,0,0,0,0
amh_train_track_b_01211,የቻይና ሬሰቶራንት እንዴት ትረሳላቹህ ነጮችም ከቻይና ምግብ ሰለሚያቁ ሁሉም ይሰተናገድበታል ሲቀጥል ሙቅ ዉሃቹሁን ከፍልዋ ብትገዙ ወይ ሰትቆፍሩ ሙቅ ዉሃ ይወጣልና እሱን ሞክሩ የፈለገ ሐብት ቢበዛ ሶላር ፕወርን ተጠቀሙ የምግብ ትራፊያቹሁን ወደ ማዳበርያና ወደ ፕሮቲን ቀይሩት ዋናዉ ነገር እንዴት ጌጣ ጌጥ በኬክ እንደሚሰሩ ማሳየት ራሱ አንዱ ሸራተንን በዓለም ዙርያ እንዲታይ ያረገዋል በተለይ ፈረሶ እንዴት እንደተሰራች ቢታይና ሌሎቹንም ያገር,0,0,0,0,0,0
amh_train_track_b_01212,ዋሸሁ እንዴ፤ አይደለም እንዴ? ህወሀት ቢሆኑ ኖሮ ይፈቱ ነበር፥ እንደ ስብሀት ነጋ አማራን ኦርቶዶክስን አከርካሪውን መታን ቢሉ ይከበሩ ነበር እንደ ጌች ህዝብን አጋንንት ቢሉ,1,1,0,0,0,0
amh_train_track_b_01213,የኢትዮጵያና የኤርትራ አንድነት አይደለም የሽብርተኞች የዓለም ስጋት እንደሆነ ይቀጥላል !,0,0,0,0,2,0
amh_train_track_b_01214,መዘባረቅ ጥሩ ሆኖ ሳለ መጅሊሱ በአምባ ገነኖች ቅኝ ግዛት ውስጥ መሆኑን መርሳት ደግሞ መርጦ አልቃሽ ያስብላል፣ ባባ!,1,1,0,0,0,0
amh_train_track_b_01215,ዝነኛው ፓስተር ጆሽዋ ሚሊዮን ተከታዮቹን ያታለለባቸው 6 “ተአምራዊ የፈውስ’’ ዘዴዎች,0,1,0,0,0,0
amh_train_track_b_01216,አላህ ይርዳቸው የጀነት ሰው ያርጋቸው እስራኤል ምትባል ሀገር አልነበረችም ከ1948 በፊት እና stmeseret flstinochn ገላ afenakla ነው ብዙ ግፍ ነው yaderesechbachew ይሄ ስለ እምነት ጉዳይ አይደለም ስለ ሰባዊነት ነው ለነሱ iskahakmachn ድምፅ እንሁን ውድ ኢትዮጵያዊያን,0,0,2,0,0,0
amh_train_track_b_01217,ፓስተር ቢኒያም መሀይም ነው ወላዋይ ነው ።የጠየቁትንኳ በአግባቡ መመመለስ ቀርቶ አይሰማም።,0,2,0,0,0,0
amh_train_track_b_01218,ቻይና በደኅንነት ጉዳዮች ላይ ለመነጋገር ወደ ሩሲያ መልዕክተኛ ላከች,0,0,0,0,0,0
amh_train_track_b_01219,የፀጥታ ኃይሎች አስለቃሽ ጭስ የተጠቀሙበት የጦር ጉዳተኞች ሰልፍ በመቀለ,0,0,0,0,0,0
amh_train_track_b_01220,አሁን ምንድነው ያጠፋው የጦርነትን ሰው በላነት የንጹሐንን መከራ ተናገረ እና ምን ይሁን ቆይ እናንተ ሙስሊሞች ምንድነው የምትፈልጉት የሀይማኖት ጦርነት ነው እንዴ የፈለጋችሁት ግዴታ አንተና መሰሎችህ እስላሞች የምትፈልጉትን መጻፍ አለበት እንዴ ካልተመቸህ አረቦች የሚቀደዱት ጋር ሄደህ የምትፈልገውን ታገኛለህ እርሱ የዓለም ሚዲያ የሚዘግበውን ዜና ቀጥታ እየነገረህ ጎትተህ አይሁድ ነህ ማለት ምን አይነት መሀይምነት ነው በግድ ሙስሊም ሁን ነው,2,0,0,0,0,0
amh_train_track_b_01221,ጌታ ሆይ ምን አይነት ጭካኔ ነው😭😭😭😂,0,0,2,0,0,0
amh_train_track_b_01222,በሁለቱ ታዋቂ የኦሮምኛ ዘፋኞች መካከል የተፈጠረው ምንድን ነው?,0,0,0,0,0,0
amh_train_track_b_01223,ኢትዮጵያ በታላቁ መሪ አብያችን በቀይ ባህር ላይ ታላቅ ድል ተጎናጸፈች ጠላቶቻችን የሞት ሞት ሞቱ የኢትዮጵያ ብልፅግና ትንሳኤ ተበሰረ አብቹ እናመሰግናለን ከሱማሌ ላንድ ወንድሞቻችን አብረን ለምተን እንሻገራለን,0,0,0,2,0,0
amh_train_track_b_01224,የሸርሙጣ ልጅ። የአማራ ህዝብ ሲገደል ሁሉ ድጋፍሽን የሰጠሽ ሴት ፣ዛሬ ጥያቄ ተጠየቅኩኝ ብለሽ ትነፋረቂያለሽ? ጥይት ቢያርከፈክፉባችሁ ጥሩ ነበር።,2,2,0,0,0,0
amh_train_track_b_01225,እውነት የሱህ ተማሪ ከሆንሽ የኖረውን ለመኖር ሞክሪ እስኪ 7ዓመት ጥፊ። ባላዋቃነት ውስጥ በድፍረት የምትቆሚ ያልታሰበ ታስቦል ብለሽ የምታወሪ ለመቆም ሰውን የምትደገፊ በራስሽ አቆም ሳይሆን ሁል ጊዜ በሰው አሳብ ለመቆም የምትሞክሪ ነሽ ።,1,1,0,0,0,0
amh_train_track_b_01226,ፋኖ ከኦነግ ብልፅግና ጋር ከተደራደረ እውነት እግዚአብሔር በሚያውቀው ያኔ ፋኖ ተሸነፈ እውነት የፋኖ ግብ አራት ኪሎ ብቻና ብቻ ነው አከተመ,1,0,0,0,0,0
amh_train_track_b_01227,በቲክቶክ ከወንድ ጋር ሲደንስ መታየቱ ሕይወቱን ሊያሳጣው የነበረው ኢትዮጵያዊ,0,0,0,0,0,0
amh_train_track_b_01228,“ንቦች ለቀረቧቸው እንደ ሰው ናቸው” ታምራት ጌታቸው,0,0,0,0,0,0
amh_train_track_b_01229,ፑቲን ሩሲያ ናፍቀዉኝ ነበርየሩሲያ ህዝብ እደሚመርጡት እርግጠኛ ነኝ እሱም ይወዳደራል የዩኩሬንን ጦርነት ሳይቋጭ ስልጣኑን አይተዉም,0,0,0,1,0,0
amh_train_track_b_01230,ህዋሃት ከሽብርተኝነት የወጣበት በፕሪቶሪያው ስምምነት የሚጠበቅ ነው። አብን እና ኢዜማ መቃዎማቸው የሚገርም አይደለም መጀመሪያም ለጦርነቱ ህዝብን ለማጫረስ ዱላ እና ብረት ያቀበሉ,0,1,0,0,0,0
amh_train_track_b_01231,ለመሳደብ ሳይሆን ያለኝን በመሬት ላይ ያለውን እውነታ ለማስረዳት ነው  በመጀመሪያ መንግስትና ኣብዛኛው ውጭ ነዋሪ ከመንግስት ጋር ሆድና ጀርባ የሆኑበትን ምክንያት ማጤንና እንዴት ድጋፉ በመቅጽበት ወደ ኣለመደገፍ መለወጡ የኣመኔታ ጉዳይ መሆኑን መንግስት ኣውቆ በውጭ ያለውን ህዝብ ይቅርታ መጠየቅ ኣለበት ሁለተኛው ዲያስፖራ ከኢትዮጵያ ጋር ፍቅር እንዲይዘው ወይም ሀገሩን እንዲረዳ ያረጉት ኣንደኛ ዲያስፖራዎች ናቸው  ወደኢትዮጵያ ከመሄዳቸው በፊ,0,0,0,0,0,0
amh_train_track_b_01232,የሱዳን አሁናዊ ቀውስ የፈጠረው የአብዮቱ ባለቤት እኔ ነኝ ከሚል ሽሚያ የሚነሳ ነው ያሉት የኤርትራው መሪ ኢሳያስ አፈወርቂ በሱዳን ያለው ግጭት በተደጋጋሚ distortion ማዛባት እያሉ ገልፀውታል።,0,0,0,0,0,0
amh_train_track_b_01233,በትግራይ እናት ላይ የደረሰው መከራ በቤትሽ ይግባ።,2,1,0,0,0,0
amh_train_track_b_01234,የግጭቱ ሰለባ ሆነው ሞታቸው ያልታመነላቸው የ4 ዓመቶቹ የፍልስጥኤም እና የእስራኤል ሕጻናት,0,0,1,0,0,0
amh_train_track_b_01235,ማህበራዊ ሚድያ መዘጋቱ ስጋት ፈጥሮብናል። ያላችሁበትን እየጠቀሳችሁ የት አካባቢ እንደተዘጋ እባካችሁ መረጃ አድርሱን !,0,0,0,0,2,0
amh_train_track_b_01236,ክቡር ካንቲባ ካንዳንድ ክልሎች መንግስት ለመገልበጥ ወደ አአ የሚደረግ ፍልሰት አለ ያሉት የትናንት ሪፖርት ሃላፊነት የጎደለው አደገኛ ንግግር ነውሰው የእ,1,0,0,0,0,0
amh_train_track_b_01237,የቦሌ መንገድ  ለኢትዮጵያውያን ዳግም ውርደት የሚሆነው ሲበጠብጡና ሲያበጣብጡ  የሕዝብን ደም ሲመጡ እንዲሁም ሲዘርፉ የኖሩትን ጨፍጫፊዎች በቦሌ እየተገማሽሩ ሲወጡ እንደመገላገል መቁጠሩ ነው  እርግጥ ነው የሕዝብ ብሶት 4 ኪሎ ደረት ሰር ተጠግቶ የልቡን ትርታ እያዳመጠ ነው  አገዛዙ የዘረፈውን አሽሾ ድንገት አንድ ቀን ጠዋት ከእንቅልፍሀ ነቅተህ ሬዲዮ ስትከፍት በሰበር ዜና ለሃገር ሰላምና ደህንነት ሲባል ከሃገር ወጥተዋል የሚል ማላገጫ እንደ,2,1,0,0,0,0
amh_train_track_b_01238,አፈርብሉ የራሳችሁን ጉድእማ አዘግብም በድሮን የሚጨፈጨፈውስ የአማራን ግፍ አትዘግብም😡😡😡,2,1,0,0,0,0
amh_train_track_b_01239,ለይኩን ለይኩን እዉነት ነዉ ሰዉ ሰዉ መሆን የቃተን ጊዜ ነዉ እግዚአብሔር እንደቸርነቱ ይህን ክፋ መናፍስት እንድናዉቅ እንደርስዎ ያለ አባት ፈጣሪ ሰቶናል ተመስጌን ያህንም መስማት የማይፈልግ ብዙ ሰቃይና ሞት አለ,0,0,1,0,0,0
amh_train_track_b_01240,የአዲስ አበባ ህዝብ ንቃ ተደራጅ መሳርያ ባገኝህው አጋጣሚ መሳርያ ገዝተህ የዝህ አይነት አረመኔን ነቅለህ አስወጣ አብይና ግብረ አበሮቹ ሰብስቦ ጅብ ለቆብሃል,1,2,0,0,0,0
amh_train_track_b_01241,ደስታ የራቃት የቤተልሔም ከተማ,0,0,1,0,0,0
amh_train_track_b_01242,ለራስህ እንኳን ባይሆን ለእውነታው ዘግብ ለሞያው ታመን አከብርሃለው ግን የተጋነነ ውሸት አትዘግብ ፑቲን በምን ምክንያት ለኔታናሁ ስልክ ሊደውሉ ይችላሉ ትልቅ ውሸት ኔታናሁ አሁን ካለባቸው ከገብበት ውጥረት አንፃር ፑቲንን ሊለምኑ ሊማፀኑ ይችላሉ ምክንያቱም በፍሊስጤም ጉዳይ ፑቲን እጃቸውን ካስገብ እስራኤል ከአሜሪካን 100 ሺ ኒውክለር ቡትታጠቅ ማሸነፍ አትችልም ለምን አሁን እንኳን መከራዋን በትንሽ ብድን እያየች ነው እውነታው ይሄ ነው,2,0,0,0,0,0
amh_train_track_b_01243,አቤቱ ጌታ ሆይ ያማል እቤቱ ፍረድልን,0,0,2,0,0,0
amh_train_track_b_01244,ጎንደር ላይ ያ ሁሉ ግፍ ብእምነቱ ስትሰሩበት ሙስሊም ስለሆነ ብቻ ነው ለአማራ ተቆርቋሪ መስላችሁ ድብቁን የአይማኖት ጦርነት ጀምራችሁታል ሙስሊሙ,1,1,0,0,0,0
amh_train_track_b_01245,ለካ ጥሩ አባትና ጥሩ ባል ነክ በርታ መልካም ምሳሌ ነህ!!!,0,0,0,2,0,0
amh_train_track_b_01246,ከየመሸታ ቤቱ የሚወጣው የሬሳ ብዛት እንደጉድ ነው፤፤ ምንም አይነት መሳሪያ ታጥቆ መግባት የተከለከለ ነው! የሚል ማስታወቂያን እንደማየት የሚገርም ነገር የለም፤፤,0,0,0,0,0,1
amh_train_track_b_01247,“ሕክምና ለሁሉም ተደራሽ መሆን አለበት” ለቆዳ ካንሰር ሕክምና የሚሆን ሳሙና የሠራው ትውልደ ኢትዮጵያዊው ታዳጊ,0,0,0,0,0,0
amh_train_track_b_01248,አልተደራጀም ህዝቡ ተዘናግቷል ግራ የገባው ነገር ነው ህዝቡ እራሱ አድር ባይ ሆኗል ያስፈራል በጣም:::,0,1,0,0,2,0
amh_train_track_b_01249,የናንተ ክህደት ወሰን የለውም ታላቅ ኤርትራ መቼ ነው እንዲህ ያለው ኢትዮጵያን ማፍረስ ቢፈለግ የዛሬ አመት ቀላል ነበር ግን የእርትራ ሰራዊት መስዋእት ከፍሎ ኣዳናቹ,1,1,0,0,0,0
amh_train_track_b_01250,ለእናት ምንም ብደረግ ያንሳታን ደስ ይላል,0,0,0,2,0,0
amh_train_track_b_01251,አብሽሪ እህቴ ዋ ፈጣሪ ይርዳሽ አብሽሪ,0,0,1,0,0,0
amh_train_track_b_01252,ሀበሻ ደግሞ ሰይጣን ወይም ጭራቅ በጣም ከመጥቆሩ የተነሳ ጥቁር ከጨለማና ከክፉነቱ የተነሳ ይጠላል እግዛቤሄር ደግሞ የዚህ አይነት ቀለም የለውም አመድ ነጭ ያላችሁትም ውሸት ነው ጥቁር አመድ ጥላሸትም አለ በቃ ወዝ የለለለው አመድና ጭራቅ ናችሁ,0,2,0,0,0,0
amh_train_track_b_01253,በጣም ያሳዝናል  በጣም ልብ ይሰብራል እግዚኦ ማሀርነ ክርስቶስ አቤቱ የሃነብን አስብ አምላኬ,0,0,3,0,0,0
amh_train_track_b_01254,የሰው ልጅ መከራ የማያልቅ ነው ሆኖም እነዚያ መከራዎች ለሰው ልጆች ጥሩ ትምህርት እና ጥሩ ነገር አምጥተዋል እንዲሁም ሰዎች የሰውን አካል እንደ እንስሳ የበሉት ተመሳሳይ ሌሎች ክስተቶች ነበሩ እግዚአብሔር ከአደጋ ይጠብቀን,0,0,2,0,0,0
amh_train_track_b_01255,ብርቄ ለመጀመሪያ ጊዜ ስሜታዊ ሆነች,0,0,0,0,0,0
amh_train_track_b_01256,የቀድሞ የዩኬ ጠቅላይ ሚንስትር ቦሪስ ጆንሰን በጋዜጠኛነት ተቀጠሩ,0,0,0,0,0,0
amh_train_track_b_01257,ሌላው ትንታኔህ ጥሩ ቢሆንም አሰብ እንዴት የቀይ ባህር መግቢያ እንዳደረግኸው አልገባኝም ኤርትራ በሙሉ ልትሆን አትችልም መሀል ላይ ነው ያለችው ጂቡቲ ብቻ ነው ልትሆን የምትችለው,0,0,0,1,0,0
amh_train_track_b_01258,አረ እንደው የማነሰማው ነገር የለሞ እናት የዚን ያህል ጭካኔ እግዚኦ 😭😭😭,0,0,3,0,0,0
amh_train_track_b_01259,የሚሞትላቸው ስሜታዊ ሰው ሞልቶ የለ ምን ቸገራቸው የጦብያ አርቲስቶች ምስክሬ ናቸው ግፋበለው ብለው ወጣሩን ማግደው እነሱ አሜሪካ ናቸው እህእ ማን ሞኛለ! በእሳት የሚጫወት ሾርት ሚሚሪ ሞልቶ የለ,2,1,0,0,0,0
amh_train_track_b_01260,የጂሀንን ድምፅ ለምን ቀዬራችሁት ኤጭ ደሞ ነርሷ ጂሀንን ልታፈቅረው ነው መሠለኝ ደስ አላለችኝም ቆላት,0,1,0,0,0,0
amh_train_track_b_01261,ይህ ሰውዬ ግን የሚያወራው ነገር ለራሱ ይገባዋል ከሱ የበለጠ ራሱን የሚወድ የስልጣንና ሀይል ጥማት ያለው ሰው ይኖር ይሆን  በራስ ፍቅር ልክፍት የወደቀ ሰው እኔ ከማለት ውጪ ሌላ አያውቅም ነገሮች ሁሉ እየተባባሱ ሲመጡበት እርሱ ብቻ ሁሉን አዋቂና ተንታኝ ሆኖ ይቀርባል የሚፈጽማቸው ከባባድ ሀገራዊ ችግሮችንና ቀውሶችን በሌላ ቀውስ መሸፈን ነው የተያያዘው ይህ ሀገርንና ህዝብን የማዳን ጥሪ ነው በምንም አይነት ይህ ሰው ኢትዮጵያን መምራት አይ,1,2,0,0,0,0
amh_train_track_b_01262,የአዞ እንባ እራሱ አድርጎ እራሱ ያለቅሳል,0,1,0,0,0,0
amh_train_track_b_01263,ይህንን xx ሰው ብለሽ ማነጋገርሽ የሚገርም ነው።,0,1,0,0,0,1
amh_train_track_b_01264,እንኳን እግዚአብሔር ረዳችህ ::: ልጅ ማለት እንዲህ ነው : በደስታችሁ እጅግ ደስ ብሎናል::: ተባረኩ,0,0,0,2,0,0
amh_train_track_b_01265,እጅግ ያሳዝናል ስንት ሌባ ባለ ስልጣን ሀገሪቷን ግጦ ጨርሶ እንደ ልቡ ይንፈላሰሳል እምነቱ ሃይማኖቱን ባለ እጁ በካቴና ታስሮ ወኒህ ?መንግስት ተብዬው በዚህ ዘመን ሽብር ከሚሰብኩ,1,0,1,0,0,0
amh_train_track_b_01266,እኔ የማዝነው እንደአንተ አይነት ተንታኚ ባይ ነው አንድ እውነት ልንገርህ ኤርትራውያን አገራቸውን ይወዳሉ አይደራደሩም ማን ይደራደራል ሲጉና ነህ አገር አልባ ነህ እመነኚ ከኢሳያስ በኃላ ኤርትሪያ እንደሱሜሌ ትሆናለች ይህ ትንቢት አይደለም እውነት ነው,0,1,0,0,0,0
amh_train_track_b_01267,ድል ለፍልስጤም ህዝብ ቃሳም ጀግኖች እያልን የናንተ ሚዲያ ከወገኝተኝነት ነፃ በመሆን ከሁለቱም ወገን ያለውን መረጃ ብትሰጡን መልካም ነው እኛ ብንደግፍም ባንደግፍም ምንም አናመጣም አላህ ይርዳቸው  መረጃ ለማግኘት ሌላ ቦታ እንድንሔድ አታስገድዱን  ከወዳጅ የተሰጠ ቀና አስተያየት,1,0,0,0,0,0
amh_train_track_b_01268,“በአምላክ እና በመንግሥት እጅ ላይ ወድቀናል...” የትግራይ አርሶ አደሮች,0,0,1,0,0,0
amh_train_track_b_01269,ዋናው ኢትዮጵያ መጠንቀ ቅ ያለባት ልክ እንደ የመኒዎች ገብተው መሬታቸውን ሃብታቸውን ሁሉም እየወሰደ ባዶ አድርገው እነሱ አድገው ሌላውን ደሃ ማድረግ ነው ኢትዮጵያ አይናችሁን በደንብ ጠብቁ የመኖች ጦርነቱ እንጂ አንድ ቀን ሁሉንም አንቀጥቅጠው ይመልሳሉ በትንሸ መሬት ቀልድ የለም እነሱ ጋር ምኝ አይደሉም እነሱን እሸጣለሁ ብለው እንዳይሸጡ የመኒ ጠንካራ ነው አለም የሰው ሃብት ወሰዶ የራሰ ማካበት ሆነዋል በደሃ እንባና ደም አገር ያካብታሉ ኢ,1,0,0,0,0,0
amh_train_track_b_01270,ብልፅግና ሙሉ በሙሉ በሚባል ደረጃ ታይቶ የማይታወቅ የዲፕሎማሲ ክስረት ደርሶበታል አሁን ጥያቄው ሊጥ የሀፍረት ሸማውን ተጎናጽፎ ጭራውን ቆልፎ ይሮጣል ወይስ ኢትዮጵያን አጥፍቶ መጥፋትን ይመርጣል,0,1,0,0,0,0
amh_train_track_b_01271,አንቺ እራስሽ ደስ ስትዬ ተባረኪልን,0,0,0,2,0,0
amh_train_track_b_01272,ላቀሳስር እንጂ ? መልካም በአል ጌታዬ!,0,0,0,1,0,0
amh_train_track_b_01273,ሰሜን ኮሪያ 'የውሃ ውስጥ የኒውክሌር ጦር መሳሪያ' ሙከራ ማካሄዷ ተገለጸ,0,0,0,0,0,0
amh_train_track_b_01274,እኛ ነን የሄድንባቸው እንጂ እነርሱ አልመጡብነም እህቴ ግን የአሽባሪ መድሓኒት ናት,0,0,0,1,0,0
amh_train_track_b_01275,Ekram Lvoe የሚጠብቀው አይተኛም አያንቀላፋም!!! የጠላቶቹን ሞት ያሳየው!!!😡😡😡,2,0,0,0,0,0
amh_train_track_b_01276,የፈራሁት እሡን ነዉ እደኔናትወሠድ መለሥ ያረጋታል,0,0,0,0,1,0
amh_train_track_b_01277,ትህነግ ትጥቅ እንዳይፈታ ያደረገው መንግስት ነው። በሰላም ስምምነት ትጥቅ ይፍታ የተባለን ኃይል ተደራደራሪ የነበረው ሬድዋን ሁሴን ስጋት ስላለበት አይፈታም ብሏል።,1,0,0,0,0,0
amh_train_track_b_01278,ይሄ ሽብር የሚባለው ፍረጃ በቃ ትርጉሙ አልገባ አለን እኮ ሴትና ህፃናት በተኙበት ቤትን በእሳት የሚለኩሱ ፅንስን ከሆድ ቀደው የሚያወጡ ምንድነው የሚባሉት? ጀግና? አይ የIQ ዝቅተኝነት,2,1,1,0,0,0
amh_train_track_b_01279,ብአዴን ማለት የአማራ ህዝብ ጠላት ነው,0,2,0,0,0,0
amh_train_track_b_01280,የኢትዮጵያ እና የሶማሊያ ወታደራዊ አቅም ሲነጻጸር,0,0,0,0,0,0
amh_train_track_b_01281,የሰዪጣንንን መንፈስ ለመቀበል የተደረገ ዝግጅት¿,1,0,0,0,0,0
amh_train_track_b_01282,በጣም ያሳዝናል በነዚህ መምህራን ነበር ልጆቻችን የሚማሩት ምን ተማሩ ተደናቆሩ እንጂ ከ20 አመታት በፊት ሃገር ውስጥ የhigh school መምህር ሆኜ በነበርኩበት ጊዜ እዚህ ግቡ በማይባል ዝቅተኛ የትምህርት ብቃት ውስጥ የነበሩና በግሌ የማውቃቸው ማሪዎች ከብዙ ጊዜ በኋላ መምህር መሆናቸውን ስሰማ ለዚያውም የእንግሊዘኛ መምህራን መሆናቸውን ስሰማ  እንዴትና ምን ይሆን የሚያስተምሩት እያልኩ እጠይቅ ነበር በዚህ ሁሉ ተበዳዩ ዜጎችና ሃገር ነው,1,0,1,0,0,0
amh_train_track_b_01283,እንኳን ደስ ያለህ! እንኳን ለመቃወምም በቃህ። ለመሆኑ አሁን ደሞ ለማን ይሆን የተሸጥከው? ዘረኛው!,0,2,0,0,0,0
amh_train_track_b_01284,በነገራችን ላይ ይሄ ባንድራ እኔ በምሰራበት ሃገር የቤት ማጽጃ መወልወያ ነዉ,0,1,0,0,0,0
amh_train_track_b_01285,አዎ አስፈሪ ሀገር በመፍጠር ያንቺ አይነቱ የተባበረበት ስራ ነው።,1,0,0,0,0,0
amh_train_track_b_01286,እንዲህ በግልፅ ሲሆን አሪፍ ነው። እነ አቦይም እንዲህ,0,0,0,1,0,0
amh_train_track_b_01287,አይ እምዬ እናት አለም ኢትዮጵያ ስንቱን ችለሽ ተሸክመሻል አንዱ ልገንባሽ ሲል ሌላኛው ደግሞ ላፍርስሽ ያሳዝናል ግን በታላቁና ብልሁ መሪ አብያችን ቆራጥ አመራር ያለአንዳች ጥርጥር በልጽገሽ በመደመር ትሻገሪያለሽ የወደብና ቀይ ባህር ጥያቄና ሠላማዊ ውይይትና ድርድር ወሳኝ ወቅታዊና አስፈላጊ ጥያቄ ነው,0,0,3,0,0,0
amh_train_track_b_01288,ከዚህ በሗላ አብይ እንደ ጀግና የሚታወሰው አቃተኝ ብሎ በግላጭ ስልጣኑን ለህዝብ ሲያስረክብ ብቻ ነው። ይህ የምታዩት በየቦታው እየተከሰተ ያለ ስቃይ ነው። በዚህ አምስት በንጹሃን ላይ የሚደርስ ስቃይ,1,0,1,0,0,0
amh_train_track_b_01289,I dont think my brothers and sisters understand what is going onplease read this ሰላም ስዩሜ ለሶማሊያው መሪ የተጻፈው መረጃ የተሰናዳው በህውሃት ሰዎች እና በኖራው ቤመ ነው የሚሆነው ታላቋ ትግራይ ለመመስረት ከሚያስፈልጉ ቅድመ ዝግጅቶች ከፋኖና ከሸኔ ጋር ግንኙነት ያለው ያለው እቅድ ነው በእቅድ እንደሚሰራ የሚስታውቀው እንዱ አባት ፋኖን ደግፈው የ  ሰራዊትና መሪ ላይ ሞት አወጁ ከዚያም ሌሎች,1,0,0,0,0,0
amh_train_track_b_01290,እግዚኦ ምኑን ነው የሰማሁት በጣም ያሳዝናል 💔😥,0,0,2,0,0,0
amh_train_track_b_01291,እይዞሸ የኔ እህት እግዚአብሔር አምላክ ከንቺ ጋራ ነው መከራ ቢበዛው ለበጎ ነው ፈፀሜሸን እግዚአብሔር ያሳምረልሸ 😥😥😥,0,0,2,0,0,0
amh_train_track_b_01292,አንድ የመንግስት ባለስልጣን (ያውም እንደ ታከለ ያለ ሙሰኛ፣ ሴሰኛ፣ ዝሙተኛ) አይደለም ስድብ ሌላም ቢደርስበት የሚጠብቅ እንጂ የሚገርም አይደለም።,0,2,0,0,0,0
amh_train_track_b_01293,ህዝባችን ከድህነት የሚወጣበት መንገድ ሰርቆት ቅምያ ዘረፋ ሙሰና ማጭበርበር ክህደት በማሰወገድ ነው የዚህ ህገ ወጥ ባህሪ መነሻው በልጅነት እድሜ ትምህርት ቤቶች እንደ ጥንቱ ዘመን ለተማሪዎች የግብረ ገብ ትምህርት ባለ መሰጠቱ ነው በአሁነ ጊዜ ግብረ ገብነት ጠፍቷል ማለት ያሰችላል ለዚህ ነው ውሸት ሀሜት ምቀኝነት ሙሰና ማጭበርበር ሌብነት ሱሰኝነት ሊንሰራፋ የቻለው መፍትሄው የትምህርት ሰርአት አንደኛና ሁለተኛ ደረጃ,1,0,0,0,0,0
amh_train_track_b_01294,ማዳጋስካር ለአካለ መጠን ያልደረሱ ህጻናትን የሚደፍሩ ወንዶች ብልት እንዲሰለብ ሕግ አወጣች,0,1,0,0,0,0
amh_train_track_b_01295,አረ ህውአት ስንት ሺህ ግዜ በጣም በጣም የተሻለ ነው አረ በጭራሽ በጭራሽ ከነኝ የመጨረሻ መሐይምና አይምሮዋቸው እጅግ ለመግለጽ በሚቸግር ደረጃ የገሙ በቁማቸው የበሰበሱ ቲንሽ እንኳን ምን መደረግ እንዳለበትና እንደሌለበት በጭራሽ መለየት ከማይችሉ ግሞች ጋ አረ ስንት እጥፍ ህውሐት በጭራሽ አይወዳደርም ይሔ ማንም ሊገባው የሚችለዉ እዚሁ አገር ውስጥ ሆኖ ነጋ ጠባ የሚደረገውን ሲያይ ብቻ ነው ከዛ ውጪ እርቆ በወሬ ደረጃ መስማት በጭራሽ ስሜ,1,3,0,0,0,0
amh_train_track_b_01296,ከሁሉም የገረመኝ የኤርትራ ነገር ነው ማርያምን  ኤርትራን እንደ ሁለተኛ ሀገሬ ነበር የምቆጥራት,0,0,0,0,0,2
amh_train_track_b_01297,የኢትዮጵያ ባንዲራ አረንጓዴ 💚 ቢጫ💛 ቀይ ❤️ትርጓሜም ብትጽፉ ብዙ ግፍ እና ጥላቻ ትቀንሳላቹ።,0,0,0,0,0,0
amh_train_track_b_01298,ቆንጆ ሁነሽ የድመወፅሽ ማስጠላት አንቺየ እንዴው ምናለበት ዘየሽን ብትቀይሪው ቀ ቀ ቀ ቀ ቀ ቀቀቀ ቀ ቀ ቀ ቀ ቀቀቀ ቀ ቀ ቀቀቀ ቀ ቀ ቀ ቀ ቀቀቀ ቀቀቀ ቀ ቀ ቀቀቀ ቀ ቀ ቀቀቀ ቀ ቀ ቀ ቀ ቀ ቀ ቀቀቀ ቀ ቀ ቀቀቀ ቀ ቀቀቀ ቀ ቀ ቀ ቀ ቀ ቀ ቀ ቀ 😳😳😳,0,2,0,0,0,0
amh_train_track_b_01299,ይህንን ታሪክ በጎጥ ፖለቲካ ማጠልሸት ያማል ባንዲራችንን ማሳነስ ይህንን በጎጥ ሳከፋፈሉ በአንድ ባንዲራ የተዋደቁትን ጀግኖቻችንን ገድል ማሳነስ ነው ፈጣሪ ኢትዬጵያንና ህዝቧን,0,0,2,0,0,0
amh_train_track_b_01300,ትግራይ ውስጥ በረሃብ ምክንያት 25 ሰዎች መሞታቸው ተገለጸ,0,0,1,0,0,0
amh_train_track_b_01301,የፎቶ ሾፕ ሽሎታቸውን ሳላደንቅ አላልፍም ? ፋራ ቢታገኚ አራዳ ነበቺ አሉ,0,0,0,0,0,0
amh_train_track_b_01302,የሚሰማን አጣን አንጂ የዛሬ 2 ወር ነኣምን ዘለቀ በይፋ ሽብር ስራ መጀመሩን አሳውቀን ነበር,0,1,0,0,0,0
amh_train_track_b_01303,በል ኦሮሞን እና ሸኔን ይዘህ ህልዉናህን አስከብር ሌላዉን ብሄር እያጋጨህ አባልተሀዋል ኢሄ ነበር አላማህ አንተ ማንም ያልነቃብህ ኦነግ ሸኔ,1,2,0,0,0,0
amh_train_track_b_01304,አብይ ካሉት በታች ከሞቱት በላይ ነዉ መለሰ የሠራቸዉ ሰራወች እድሜልክ ይነሳል በመለሰ ጊዜ ዘረኝነት አናውቅም,0,2,0,0,0,0
amh_train_track_b_01305,አሜሪካ ግን በስልጣን ላይ እንድትቆይ አታደርግህም ። አረመኔ ሌባ !,0,2,0,0,0,0
amh_train_track_b_01306,እስራኤል በኢትዮጵያ መከላከያ ላይ ያ ሁሉ መከራ ስያዳርስ መቼ ህወሓትን ጁንታውን አወገዘ ለደካሞች ፍልስጤም እናቶች እና ህፃናት እግዚአብሔር ይድረስላቸው ነው የምንለው ።!!!,0,0,1,0,0,0
amh_train_track_b_01307,ያንተንም አሣማዎች አሥቆጥር አውሬዎች የሠው ደም መጣጭ,1,2,0,0,0,0
amh_train_track_b_01308,አሜሪካዊው ጋዜጠኛ ከፕሬዝደንት ቭላድሚር ፑቲን ጋር ቃለ-መጠይቅ ሊያደርግ ነው,0,0,0,0,0,0
amh_train_track_b_01309,የፑቲን ተቀናቃኝ ፖለቲከኛ አሌክሲ ናቫልኒ እስር ቤት ውስጥ መሞቱን ባለሥልጣናት ተናገሩ,0,0,0,0,0,0
amh_train_track_b_01310,አይዞሽ የኔ እህት አንቺን የበደሉ ሁሉ ኑሯቸው ስቃይ ይሁን,0,0,2,0,0,0
amh_train_track_b_01311,የጓሮ አይጥ ድንገት ቢበሉ መቀጫው መታወቅም አለበት ያው pet አይጥ መንካት አይችሉም! ?,0,0,0,0,0,0
amh_train_track_b_01312,ይሄ ልብስ የአማራ ብቻ ለመሆኑ ምንድነው ማረጋገጫው የየት ክልልዞንወረዳ ወይም ወራዳ ልብስ ነው? ቢብራራ?!,0,1,0,0,0,0
amh_train_track_b_01313,ወሮበላ እንዳንተ አይነቱ ሆዳም ነው እንጂ ኧረ ሕዝብ አለቀሰ የመንግሥት ያለህ እያለ የሚጮህ ሕዝብ አይደለም የጊ,1,1,0,0,0,0
amh_train_track_b_01314,ብልፃግና አዲስ አበባ ውስጥ ስብሰባ ምርቃት ሹመት እያለ ይቀልዳልደርግ ሊውገድ 4 ሳምንት እስከሚቀረው ይሾም ነበርከከተማ ወደ ወረዳ መሄድ የማይችለው መንግስት እቅድ ሲያወጣ ለማን ሲል ሽብርተኛ እያለ ሲሳደብ ተመረቀ ተሾመ ሲል ህዝብ ሊውጠው እጅግ ተቃርብዋል,0,2,0,0,0,0
amh_train_track_b_01315,ኦሮሞ የሚለው ቃል ራሱ የመጣው በኮሚኒስት መኤሶን እገዛ በደርግ ዘመን ነው።በታሪክ ኦነግ የመኢሶን ውላጅ የሆነ፣ከሆነ ቡድን ተለጣፊ የሆነ፣ደርግን ጥፋት ያስተ,1,2,0,0,0,0
amh_train_track_b_01316,የአማራ ህዝብ ጠላት እናንተ በክቶችና ምላሳቹ ብቻ ነዉ። ለማጅ ፅንፍኛ እክክክቲቭስቶች ለፍልፋቹ ጠላት እየሸመታቹለት። አንድ ቀን ተሰብስባቹ ኩርቷቹን ይዛቹ ከርቸሌ ስትገቡ አማራም ከጎረቤት ዘመዶቹ ጋር በሰላም ይኖራል።,1,2,0,0,0,0
amh_train_track_b_01317,ኢትዮጲ መንግስት እስረኤልን ከደገፈ ኢትዮጲያ ትልቅ ጦርነት ይነሳል,0,0,0,0,1,0
amh_train_track_b_01318,የመሪ ክብሩ የተቀመጠበት ወንበሩ ወይም አመዳም ገላውን ሊሸፍን የለበሰው ሱፉ አይደለም።የመሪ ክብሩ ህዝቡ ነው። ህዝብን የናቀ መሪ አወዳደቁ የከፋ ነው። ህዝቡን ስሙት!,2,1,0,0,0,0
amh_train_track_b_01319,ልጆች ዛሬ የምንማረው ተረት ተረት ስለ ኢሰያስ ዘኤርትሪያ ዎ አምሓራ ማህበረ አጋንንት ኦርቶዶክስ ዘኢትዮጵያ ነው,0,2,0,0,0,0
amh_train_track_b_01320,የኤሊቱ ችግር አብሮ መስራት አለመቻል ነዉህዝቡንም መከራ ዉስጥ የከተተዉለሴራ በቀላሉ የሚጋለጡ ሆዳም ናቸዉ እኔ የተረገሙ ይመስለኛል,1,1,0,0,0,0
amh_train_track_b_01321,የኢትዮጲያ እስልምና ጉዳዮች ምቤት ፕሬዝዳንት ሸህ ሀጂ ኢብራሂም ቱፋ ልጃቸውን ድረዋል። ኦቦ ሽሜም ሰርጉን ታድሞ ነበር! መልካም ትዳር ብለነል።?,0,0,0,1,0,0
amh_train_track_b_01322,ሠማናት ችጋራም ነገር ናት ከዚያ ሽማግሌ ጋራ የምታቦካው ነገር ብዙ ጊዜ ወደዚህ እንደሚያመራ ስጋት ነበረኝ። መፅሐፏ ላይ ያስቀመጠችው የጠንቋዮች ጨርቅ በምድራዊ ጌታቸ,0,2,0,0,1,0
amh_train_track_b_01323,ቲክቶክ ‘ማኅበራዊ መስተጋብርን ያደፈርሳል’ በሚል በኔፓል ታገደ,0,0,0,0,0,0
amh_train_track_b_01324,በትግራይ ክልል በድርቅ ምክንያት 223 ሺህ ገደማ ተማሪዎች ትምህርት ለማቋረጥ “ጫፍ ላይ’ መሆናቸው ተገለጸ,0,0,0,0,0,0
amh_train_track_b_01325,ልጅትዋ ግን ይሄ ፕራንክ አይመጥናትም ጨዋ ልጅ ናት,0,0,0,0,0,0
amh_train_track_b_01326,መሣሪያ አለን ከማለትየሚያምነንጋሻ መከታ የሆነን የኢትዮጵያ ሕዝብ ከጎናችን ነውየሀገር መከላኪያ የመንግስት ገበና ሸፋኝ አይደለምየግለሰቦችን ስልጣን ጠባቂና ሎሌ አይደለምየማንንም ዘር አስጠባቂ አይደለምመከላኪያችን ከማንኛውም ዘር ወገንተኛ አይደለምአይፈቅድምምከማንኛውም ፖለቲካ ኃይል ወጥ አማሳይጥገኛ አይደለም መከላኪያ ኃይላችን የሕዝብን የፖለቲካ ቅሬታወችን በኃይል ማብረጃ መጠቀሚያ አይደለም የዕምነት ቤቶች ውስጥ ገብቶ ነብይ ነኝ አይልም በ,2,0,0,0,0,0
amh_train_track_b_01327,የሰዎችን ሰውሰራሽ ሞት በፀጋ እየተቀበሉ ሃገር መምራት እንዴት ነው ልክ ሚሆነው? ሲቀጥል አንቺን ፍፁም ፃድቅ ሌላውን ሰይጣን እያደረግሽ፤ ለኢትዮጵያ ከኔ ውጭ አሳቢ የለም አይነት ጨዋታ ይቅርብሽ።,1,0,1,0,0,0
amh_train_track_b_01328,ህንድ በታሪኳ ለመጀመሪያ ጊዜ ጨረቃ ላይ አረፈች,0,0,0,0,0,0
amh_train_track_b_01329,ትክክል ሱማሌ ላንድና ሱማሌ ይጨርሱ ቻይና የደገፈቻት ምክንያቱ ከእስዋ የተገነጠለችውን ሃገር በሃይል ለመጠቅለል ስትል አሜሪካና መሰል ሃገር እየከለከሉአት ስለሆነ አጋር ፍለጋ ነው  ምነው ኤርትራን ሃገር ሲሉ ሱማሌ ላንድን ሃገር ማለት ለምን አቃታቸውከድሮም ኢትዮጲያ ለሃያላኑ ስጋት ስለሆነች ያለወደብ እንድትቀር አድርገው ስለ ነበር ዛሬ ይህን የበሃር በር ማግኘታችን እቅዳቸውን ከንቱ ስለ ሚያደርግባቸውና ኢትዮጲያን የቀይ ባህር ወታደራዊ ሃይ,1,0,0,0,0,0
amh_train_track_b_01330,እየቀለድኩኝ መስሎሻላ። ስንቱን መከራ አሳልፈን ነው እዚህ የደረስነው።,0,0,1,0,0,0
amh_train_track_b_01331,ተባረኩ ቅድሳን ደስ የሚል ጊዜ ነበረን ክብር ለጌታ ይሁን ሃሌሉያ አሜን።,0,0,0,2,0,0
amh_train_track_b_01332,ውይ እግዚኦ መሀረነ እግዚኦኦኦ መሀረነ😭😭😭 አረ እናት አልነበረችም አረመኔ የኔ እናት ጠላትሽ ይሰቃይ አፈር ልብላ አረ አምላኬ ምን አይነት ዘመን ደረስን አረ ድረሱላት 😭😭😭,0,0,3,0,0,0
amh_train_track_b_01333,ቅዳሜን ከሰዓት ከገና ልዩ የፕሮግራም ቡፌዎቹ ጋር ዘና በሉ?መልካም የገና በዓል?እፀገነት በዳጊ ሰርፕራይዝ ተደ via,0,0,0,1,0,0
amh_train_track_b_01334,ጦርነት በግር ግር አገራችንን ለማሰቃየት ነው ኢትዮጵየን አትንኩ የርስ በርሱም ጠላት ያዘጋጀልን አጀንዳ ስለሆነ አኛንአርስ በርስ እንድኘጫረሱ አደረጉን በሴራቸው አስራቡን እኛ ግን በሌላው ሴራአለመንቃታችንይገርማል እናት የወለደችው ልጅ እርስ በርስአባልተው አሁን ላይ የኛንአለመስማማት በመረዳት እራሣቸለው ሊዘምቱብን ወደብ ምክንያት አርገው ጠላቶች አያበሩብን ነው,1,0,0,0,0,0
amh_train_track_b_01335,ምን ማለት ነው ያልተመቻት ነገር ይኖራል የምትሉት እምትሉት ነገረኞች ስንት የተቸገሩ ጠፍተው ነው በዚ ጉዳይ ላይ የምታወሩት በጣም ያሳዝናል,0,0,2,0,0,0
amh_train_track_b_01336,በሰመአብ የኔ እናት ኡፉፉፉ ፈጣሪ ብርታቱን ይሰጥሽ,0,0,2,0,0,0
amh_train_track_b_01337,መዘናጋት የለም ዛሬም አጀንዳችን ቤተክርስቲያናችን የሚመጣው ከዚህ የከፋ ነው ተዘጋጅታቹ ጠብቁ አዋሽ ባንክ ፀረኦርቶዶክስ ባንክ ትብብር የለንም ከጠላቶቻችን ጋር,0,2,0,0,0,0
amh_train_track_b_01338,ወይ ዝቅጠት🤔 ...እሽ የድመቷንም ንገሩን አታስጨንቁን,0,1,0,0,0,0
amh_train_track_b_01339,ዲፕፌክ ምሥሎች ቴይለር ስዊፍትን ‘እርቃኗን’ ካሳዩ በኋላ ሕግ እንዲወጣ ተጠየቀ,0,0,0,0,0,0
amh_train_track_b_01340,አንድ አፍታ የተሰጠህን የምታራግብ የOromo youtuber የሱማሌ land መሪ እንዲህ አሉ ስትሉ አታፍሩም መጀመሪያ ችኮላችሁ ኢትዮ ወደብ አገኘች ብለህ ተበጥርቀህ ኦሮሞ የሰጠህን ወሬ media ላይ መልቀቅ ችኮላ ነገ ዋጋ ያስከፍላል ልክ አማራ ህዝብ ላይ የተሰጣችሁን ቅራቅንቦ እንቶ ፈንቶ ስትወረውሩ የማይቀፋችሁ ደነዞች በተከፈለህ ልክ ኦሮሞ ማለት ውሸታም ጨካኝ አረመኔ ማለት ነው ማንም ጠይቅ ዛሬ ኤርትራዊ ስታገኝ ኦሮሞ ነኝ ካልከው ው,2,2,0,0,0,0
amh_train_track_b_01341,ዉዶች ብዙ አመት ተከራይቸ ከኖርኩበት ቤት ዉጭ ተባልኩ በጣም ያሳዝናል ምን ማድረግ አለብኝ,0,0,2,0,0,0
amh_train_track_b_01342,ከደርግ የገዘፈ እና ከወያኔ ኢህአዴግ የበረታ ኃይል ሊኖርህ እንደማይችል፥ ድንገት ቢኖርህም እንኳን ያለ ህዝብ ድጋፍ ተንኮታኩተህ እንደምትወድቅ ግልፅ ነው። ሁሉን ደፍጥጦ እና እረግ,1,0,0,0,0,0
amh_train_track_b_01343,እረ ሳሪና ልክ አይደለሽም ።ኢህአዲግ እኮ ምንም ነገር ሰጥቶን ባያቅም ሠላምን ግን ሰጥቶን ነበር ። ድንገት በሆነ ዕድል ሀገረመንግስትጅቱን የመምራት አጋ,1,0,0,0,0,0
amh_train_track_b_01344,ሲጀመር ባንዲራ አትበሉ ባንዲራ የሀገር መጠሪያ ነው። ሲቀጥል ጥቁሩ የጭቆናችንንን ጊዜ እንዲሁ የደረሰብንንን ግፍ ያመለክታል ተብሎ ተግሮናል። ታዲያ ዛሬ ምነው ትርጉሙን ቀየራችሁት?,1,0,0,0,0,0
amh_train_track_b_01345,ሲያሰኛቹ ፎቶሾፕ ናቸው ብላቹ ትክዷቹሃላቹ ሲያሰኛቹ ደሞ ጥሩ ግጣም ናቹ ?,1,0,0,0,0,0
amh_train_track_b_01346,ደነዝ የማትረባ ነህ እንደዝህ አይነት ፕራንክ ሚስትህ ላይ ልትሰራ እንዴት ታስባለህ ጀዝባ,0,2,0,0,0,0
amh_train_track_b_01347,ቆሻሻሻ ይሁዳ ድል ለፍልስጤም እስኪ አንዳንዴ እንኩአን ከሃቅ ጎን ለመቆም ሞክሩ ጭፍን ጥላቻ ይቅርባችሁ,1,2,0,0,0,0
amh_train_track_b_01348,መቼም ነዉ ማታማልደዉ እሷ ራሷ ምትስቅባቹ ነዉ ሚመስለኝ😆😆😆 ከንቱ ተረት,1,1,0,0,0,0
amh_train_track_b_01349,ከ200 ሺህ በላይ ኢትዮጵያውያንን ተቀብላ የምታስተናግደው የቀይ ባሕሯ ዳርቻ አገር,0,0,0,0,0,0
amh_train_track_b_01350,ድንቄም ዲሞክራሲ ሀገር ብቸኛዋ ሌባ ጨፍጫፊ ወራሪ ወሸታም አረመኔ ሰው በላ የአሏህም የመላክቶችም የሰዎችም የንሰሶችም የእፅዎቶችም እርግማን ያለባት ናት,1,2,0,0,0,0
amh_train_track_b_01351,ማይ ... በና ጸማይ ኃይሌማሪያም ... ኃይሌ ውሸት መሆኑ እንዴት አይገባም ?,0,1,0,0,0,0
amh_train_track_b_01352,ሃቅ መራራ ናት ጭንቅላትህ ብውሸት ሞልቶ ልትቀበለው ኣትችልም,0,1,0,0,0,0
amh_train_track_b_01353,እግዚአብሔር የፈቀደው እስኪሆን ነው። የመንግስቱ መጨረሻ በጣም የከፋ ነው የሚሆነው።,0,0,0,0,1,0
amh_train_track_b_01354,የአረመኔዎች ጥቃት የጊዜ ጉዳይ እንጂ ለመላው አለም ይደርሳል እመኑኝ ቃል ለምድር ቃል ለሠማይ ቤተክርስትያንን እና መስኪዶችን እያፈረሰ የመጣ ጉግ ማንጉግ ሁሉንም ከማጥፋት ማንም አያግደውም ቡሀላ መፀፀት ዋጋ የለውም ልብ ያለህ ልብ በል ጆሮ ያለህ ስማ ሀይማኖተኛዋ ሩስያ ከተቃወመቻቸው ሀይማኖት የሌላቸዌዘው ሰሜን ኮርያና ቻይና ከተቃወሙት አንተ ከንቱ መናው ማን ሆነህ ነው የደገፍካቸው ወይም በዝምታ ያለፍካቸው,2,1,0,0,0,0
amh_train_track_b_01355,ደራሲ ጄ ኬ ሮሊንግ የልጅነት ቤቷን በ17 ሚሊዮን ብር ገዛች,0,0,0,0,0,1
amh_train_track_b_01356,ፈገግታች ልዩ ነው ልብ ያስደነግጣል አለ ጥሌ,0,0,0,1,0,0
amh_train_track_b_01357,በቅርቡ ኢትዮጵያን እንደጎኘሁት የማይፈራ ሰውም ሆነ ተቋም አላየሁምከፍርሃቱ ቀላል መንገድ አድርጎ የታዬው ደግሞ ነፍጥ ማንሳት ነውየበለጠ አስፈሪ ነውእየሆነ የቀጠለው ግን ይኸው ነውመሪዎቹ ደግሞ ወጣቶች ናቸውይህ ደግሞ አስፈሪነቱን ረጅም ጊዜ የሚቆይ ያደርገዋል,0,0,0,0,2,0
amh_train_track_b_01358,አንተና ባልደረባዎችህ ሸኔ ስትቀበሩ ነው ሰላም ምንሆነው። ሙቅህን ጠጣ ጭንቅላትክን ድንገት ካከመው።,0,2,0,0,0,0
amh_train_track_b_01359,አጀንዳዉ የሰላም ነዉ።ጦርነቱን ማን አሸነፈ ማን ተሸነፈ አይደለም ወይም ማን ጀመረ አንደለም። የሰላም ስምምነቱ አንድ አካል በመሆናቸዉ ምስጋና,0,0,0,0,0,0
amh_train_track_b_01360,እጅግ የፍልስጤም ሰቆቃ ልቤን ይበላኛል ግን ከተፈቱ በኃላም ልትገድላቸው ነው እኮ,0,0,2,0,0,0
amh_train_track_b_01361,እኛ እንደ ሀገር ከእስራኤል ጋር የተለየና የተሻለ ግንኙነት አለን ስትል ስሰማ ገረመኝ አንተ የምታውቀውን ያክል መንግስት ስለ ጉዳዩ የማያውቅ ይመስለሃል  ስው ለሆዱ ሳይሆን ለህሊናው ነው የሚኖረው ትለረቅ ሰው ትመስለኝ ነበር,2,1,0,0,0,0
amh_train_track_b_01362,ሀይ ሰው የሰው ልጅ እማይችለው ነገር የለም በጣም ይዘገንናል ታሪኩ,0,0,2,0,0,0
amh_train_track_b_01363,እውነትህን ነው ተባረክ ፖተሊካ ከእውቀት ነፃ የሆነ ባለጌ አሳዳጊ የበደለው ነው,0,1,0,0,0,0
amh_train_track_b_01364,ዘንድሮ የመዋረጃ ዘመናቹ ያርገው ፈሪ ሁላ ድእናንተየተማመናቹት መሳሪያቹን አሜሪካንንን ነው እነሱግን ሁንሲለው የሚሆንለትን የሰማይና የምድር ፈጣሪ አላህን ነው አላህ ትልቅ ነው፡፡፡,1,1,0,0,0,0
amh_train_track_b_01365,ከሕዝቡ ተወልዶ ሕዝቡን ለመጨፍጨፍ ወንበዴ የሚያደራጅ ግለሰብ ሊፈታ አይገባም,2,0,0,0,0,0
amh_train_track_b_01366,ኢንቬስት ለማረግ ጉቦ ስቃይ ማመላለስ ማስቀረት አይሻልም ፕላን ኮምሽን መሬት አስተዳደር ባለስልጣናት ዳይረክተ ዳይሬክትሬት ባለስልጣናት አሜሪካ አካውንት ከፍታችሁ እዛ አስገቡ እያሉን እኮ ነው ስቃዬን መመላለሱን እያያችሁ ዝም,2,0,0,0,0,0
amh_train_track_b_01367,የወገን እልቂትና የሐገር ውድመት ግድ የማይሰጠው ልክስክስና ክብረቢስ ውሻ,0,3,0,0,0,0
amh_train_track_b_01368,እናመሰግናለን የሚገርም ፅሁፍ ነው,0,0,0,2,0,0
amh_train_track_b_01369,ኤርማክ እንዴት ያለች እህት ናት የተረገመች ግን ክፋቷን ታዉቅ ይሆን ዳኒዝ,0,1,0,0,0,0
amh_train_track_b_01370,አቦ ዝምብለህ አውራን የኢትዮጵያ ህዝብ እንደሆነ ወሬ ነው ቀለቡ,0,1,0,0,0,0
amh_train_track_b_01371,ጋዜጠኝአ ደረጄ በትግራይና በአማራ ህዝብ ላይ ያነሳህዉ ሀሳብ ልክ አይደለም ትግራይና አማራ ጠላት አይደሉም ፖለቲከኞቹ እንጂ ህዝብ ጋር ችግር የለም በትግራይ ጦርነት መላዉ ኢትዮጵያዊ ኤርትራም አስተዋፅኦ አድርጉዋል አማራና ትግሬን ደም አቃባችሁ የቀን ጅብ ሀገር ሊያፈርሱ ነዉ ብላችሁ የሰሜን እዝ ተመታ ብላችሁ የአማራ ልዩ ሀይልን ሚሊሻ አዘመትችሁ ስልታዊ ማፈግፈግ እያላችሁ የትግራይ ሰራዊትን አማራ ክልል ስቦ በማስገባት በቀል እንዲፈፅም አ,2,0,0,0,0,0
amh_train_track_b_01372,አዲስ አበቤ፣ ዐቢይ አህመድ ድንገት በጥይት ወይም በድንገተኛ ላስ ቢል በሰዓታት ውስጥ ታሪክህ ይለወጣል። የምፈራልህ የወለጋን የደም ጎርፍ እንደናቅህና መስማት እንኳ እንደተጠየፍህ,1,2,0,0,0,0
amh_train_track_b_01373,ነገ የአመቱ ቅድስት ስላሴን ጎንደር ደብረብርሃን ስላሴ እንደሚያከብር ሰው እድለኛ የለም,0,0,0,2,0,0
amh_train_track_b_01374,በድለውናል ይበቃናል ከዚህ በላይ እንዲበድሉን መፍቀድ የለብንም! ወዲህ ደግሞ ቀይ ሽብር በገሐድ ተጀምሯል።,2,0,1,0,0,0
amh_train_track_b_01375,ሀገራችን ያጣችው ዶክተር እና ፕሮፈሰር ሳይሆን ጥሩ አሳቢ እናመልካም መሪ ነው ሴረኛ እና ዘረኛን እግዚአብሔር ያንሳላት ከሰየጠኑ ምሁራን ተብየዎች,2,0,1,0,0,0
amh_train_track_b_01376,አዲሱ የሕዝብ በዓላት እና የበዓላት አከባበር ረቂቅ አዋጅ ግንቦት 20ን ያስቀረዋል?,0,0,0,0,0,0
amh_train_track_b_01377,ሰላም ጤና ይስጥልኝ አብይ አስመሳይ ዉሸታም ነዉ ምላሱ በሀርም በዉጭም ላሉ ኢትዮጵያዉያን እንዲገደሉ መርዝ መልክት ነዉ ድሮንን ጨምሮ,0,2,0,0,0,0
amh_train_track_b_01378,አንተ ብትመራን ምን አለበትየተማረ ይግደለኝ አለ የአገሬ ሰው,0,0,0,1,0,0
amh_train_track_b_01379,በሌላ በኩል ያለውን እሳትም ማየት ጥሩ ነዉ። ከአማራ ደቡብ ያለውን ንቃችሁ ከሆነ ትምክህት ነው።,0,1,0,0,0,0
amh_train_track_b_01380,የኢትዮጵያ ችግሮች ሁሉም ዘረኝነት እምነት እና ፖለቲካ አቅላቅሎ ማየትና እኔ ብቻ የሚል በድን ነው ዜግነት መቼ ነው የሚከለከለው,0,0,0,0,0,0
amh_train_track_b_01381,እውነተኛ ሰው ናቸው እድሜና ጤና ይስጣቸው,0,0,0,2,0,0
amh_train_track_b_01382,በእውነት በጣም ያሳዝናል እስከመቼ ነው አቢኤልና ቃይል የምንሆነው እግዚአብሔር ከእዚህ ከባድ ግዜ ያሳልፍን,0,0,3,0,0,0
amh_train_track_b_01383,በጣም ያስጨንቃል ቀጣይ ምን ሊሆን ነው 😂,0,0,0,0,2,0
amh_train_track_b_01384,ስለመደ ወላቡ university መምህራን ህልፈተ ህይወት የተሰማኝን ጥልቅ ሀዘን እየገለፅኩ ፈጣሪ በቀኝ ጎኑ ነፍሳቸውን ያሳርፍልኝ ስል መፅናናቱን ደሞ ለቤተሰቦቻቸው እግዚአብሔር ይ,0,0,3,0,0,0
amh_train_track_b_01385,መንግስትን ለማሳመን ወይም የአለምን ትኩረት ለመሳብ ተብሎ በንጹሀን ላይ በሚደረጉ ዘግናኝ ጭፍጨፋዎችና መንግስትም ጆሮ ዳባ ብሎ ለሚያስገድላቸው እንዲሁም ራሱ በቸልተኝነት ለሚቀጥፋቸው ነፍሳቸውን ይማር ቤተሰባቸውን ያጽና ሰው ከእንስሳ የተካከለበት ዘመን,0,0,2,0,0,0
amh_train_track_b_01386,እስሬኤል ኢየሰስ የተፈጠረበት አገር ናት አሰልፎ አይሰጠትም ።,0,0,0,0,0,0
amh_train_track_b_01387,ብዙ ግፍ ከመስማቴ የተነሳ እንባዬን የማባረር ክህሎት አዳብሪያለው,0,0,2,0,0,0
amh_train_track_b_01388,አድዋ የታላቋ ኢትዮጵያ ታላቅ ድል  የአፍሪካ ኩራት  የመላ አለም ጥቁር ህዝብ መመኪያና አሸብራቂ ብርሃን ነው  ለአዲሱ ትውልድ የወደፊት ድል የጀርባ አጥንት ሆኖ በታሪክ ሲታወስ ይኖራል  ለኢትዮጵያና ኢትዮጵያዊነት የተከፈለ ክቡር መስዋእትነት ነው,0,0,0,1,0,0
amh_train_track_b_01389,የበረካሽን አስተዋይ ሰዎች ያድርገን ChooseUnity,0,0,0,0,0,0
amh_train_track_b_01390,አምላክ ለይቶ ቀብቶእ የፈጠረውን የሰይጣን መለክተኛ ሊያጠፋው አይችልም አልቻለም ኦሮሞ የሚገርም ህዝብ ነው፣ ይህን ሁሉ ግፍ አልፎ የኦሮሞ ቋንቋ፣ ባህል፣ ዘመንን ተሻግሮ እስከነሞገሱ,1,0,0,0,0,0
amh_train_track_b_01391,እነርሱ ስለማይታሰሩና ስለማይሳደዱ ስለማይገደሉ ከነቤተሰባቸው እየተንደላቀቁ ስለሆነ በብዙኃኑ ሰቆቃ ስቃይ ሞት ይሳለቁበት ምን ይደረጋል ይዝፈኑበት እንደፈለጉ ጊዜ ይፈታው ይሆናል መጠበቅ ነው,1,0,1,0,0,0
amh_train_track_b_01392,የጠቅላዩን መሸለም አወራችሁ እንዴ,0,0,0,0,0,0
amh_train_track_b_01393,ስሙኝማ ውዶቸ አንድ ፍቅረኛ ነበረኝ እና በጣም ብዙ ጊዜ ይሰድበኛል እንጨቃጨቃለን ከዛም ይቅርታ ይጠይቀኛል እና እኔም ስለምወደው ይቅርታ አደርግለታለሁ አንድ ቀን ግን አስመሳይ ነሽ አለኝ እመብርሀንን እያሰመሰልኩ አልነበረም እንዲያውም እንድንጋባ ጠይቆኝ ነበር እና እሽ ብየው ነበር ግን ስልክም መደወል ቀነሰ ግን ሁሌም እንደሚወደኝ ይነግረኛል ሲስተሮቹ ጋርም አስተዋውቆኛል እና ምን ይሻለኛል እባካችሁ ንገሩኝ ላስቸግሬችሁ እና ለላይክ ብየም,0,0,1,0,0,0
amh_train_track_b_01394,እኔ ምለው እነዚ ከሃዲ ሁላ በማርያም በድንግል አግዢኝ እናቴ እያሉ ስፀልዩ ያድጉና የፈለጉበት ደረጃ ሲደርሱ ከጨለማ ወደ ብርሃን ሲሉ ትንሽ አያፍሩም😎 መልካም የ መንከባለል ዘመን😅,1,2,0,0,0,0
amh_train_track_b_01395,ይሄ አጭበርባሪ ብሎ ብሎ ዋናውን የሰየሰጣን ቁራጭ ጋበዘላችሁ ?እንዴት ያሳዝናል መቼ ነው ይሄ ህዝብ የሚነቃው እነሱ የሚነዱትን መኪና ተመልከቱ ሰፊው ህዘብ ወደ ቤ/ክ ለመሄድ ጠዋት ወጥቶ በታክሲ ሰልፍ ይማረራል ግን መቼ ነው የምትነቁት እስከመቼ አይምሮ ተሰጥቶአችኋል ግራ ቀኝ አዟዙሩት ሁል ግዜ አሜን አሜን ከማለት ለምን በሉ በእናንተ ገንዘብ ነው እነሱ የሚንደላቀቁት እግዚአብሔር ልቦና ይስጣችሁ !!!,1,0,1,0,0,0
amh_train_track_b_01396,እነዚህ አዙረው የማያዩ አደገኛ ደም መጣጮች በአሜሪካ ሀገር አምባሳደር ሆኖ የኢትዮጵያውያንን ትግል ለመቀልበስ አይኑን በጨው አጥቦ ሲሸረሽር ቆየ ሲነቃበት መጣና በኢትዮጵያ ውስጥ ሲያወሳስብ ቆየ ለአማራ ዘር እልቂት ምንም ያላለ በአማራ ደም የቀለደ አሁንም ስልጣን ይዞ በዚያው ለመቀጠል የልቡ ትርታ መቶ ፐርሰን እየመታ ነው ሌቦች እየተሽኮለኮሉ ነውና ፋኖ በጥቁር አይኑ ከትቦሀል,1,2,0,0,0,0
amh_train_track_b_01397,ሳታውቅ ያወቀች የሚመስላት ሰው ብትኖር አስቴር በዳኔ ናት። በጣም የሚገርም የተሳሳሳተ ትንታኔ ትሰጣለች። በጋሻውን ያሰሩት ፕሮቴስታንቶቹ ወገኖቻችሁ መሆኑን እንኳን አታውቅም። ያሰሩትም ኦርቶዶክሳዊ ስለመሰላቸው ነው። አንቺ ግን አስገራሚ አላዋቂ ነሽ።,0,2,0,0,0,1
amh_train_track_b_01398,ለለለጆቻችሁ ጥሩ እናት ካልሆናችሁ አትውለዱ በቃ😥💔,1,0,1,0,0,0
amh_train_track_b_01399,አዎ ብዙው ነገር ይገርማል። ለማንኛዉም ብዙ ብልግና መናገር ስለሚደብር እንጂ ብዙ ነበር ግን ምን ያደርጋል ተዉት።ብቻ ቤተሰቡ የሚገርም እስክንድርም ሰርካለምም ልጆቹም በቃ ትልቅ ሰው ትልቅ ነው ትልቅ ሰው ትንሽ ሚስትም ትንሽ ቤተሰብም አይኖረው ፱,0,1,0,1,0,0
amh_train_track_b_01400,ወጣት ሴቶችን ሲያማልሉ ድንገት ያየሃቸው የጎረቤትህ ጉምቱ ሰው አንተ ነው ወይስ አንቱ ነው የምትላቸው?እኔስ ልጃገረዶቹ ቅሌታም ሽማግሌ ያሏቸውን አይቼ፣ አንተ እላቸዋለሁ። ?ዓቢይ አ,0,1,0,0,0,0
amh_train_track_b_01401,እነዚህ እህትማማማቾች ወንድማቸዉን የመግደል ወንጀል መፈፀማቸዉ ከተረጋገጠባቸዉ የእስራት ቅጣት ብቻ በቂ አይደለም። በስቅላት ሞት መቀጣት አለባቸ።,3,0,0,0,0,0
amh_train_track_b_01402,ዛሬ ማስደስቻ ቀን ነው ብትባሉ ማንን ታስደስታላችሁ እኔ እናቴን በአካል ሂጀ ድንገት ብስማት ደስ ይለኛል አላህ ያሳካልኝ,0,0,0,1,0,0
amh_train_track_b_01403,ህገወጥ የቤት ግንባታ ዛሬም ይፈርሳል ነገም ይፈርሳል ቆሻሻ ተቋም ለውሸትና ለብሄርህ ስታጎበድድ እውነትን ኦሮሚያ ላይ መጋረድ አትችልም ሲጀመር ይሄ ተቋም ኢትዮጵያ አይወክልም አማራን እንጂ,1,1,0,0,0,0
amh_train_track_b_01404,ከስሜታዊነት ወጥተህ መረጋጋትህ መልካም ነው ኢትዮጵያን ማሸነፍ አይቻልም በእኩልነት ተከባብረን መኖር ብቻ የዘር ፖለቲካ በአዋጅ መታገድ አለበት ጋዜጠኛ ደረጀ ሀይሌ ምርጥ ኢትዮጽያዊ,0,0,0,2,0,0
amh_train_track_b_01405,ጥንቆላና ሃይማኖት የተቀላቀለበት እምነት ኢትዮጵያ ውስጥ እየተስፋፋ ነው የኢትዮጵያ መከራ እንደ ባንዲራዎቿ ብዛቱ?,0,0,0,0,0,0
amh_train_track_b_01406,ከመጋቢት እስከመጋቢት እርሀብ ፣ዋይታ ሞት ፣ሰደት ፣መፈናቀል ፣ሴራ፣ ዘረፋ ሙሰና ፣ በባንዳዎችና በከሀዲዎች፣ክፉ ጊዜያቶች ታለፈ !,0,0,2,0,0,0
amh_train_track_b_01407,ዋው ድንቅ እና ጥልቅ ትርጉም ነው ፈጣሪ ኢትዮጵያን እና ባለ ቱባ ባህል ህዝቦቿን ይጠብቅ,0,0,0,2,0,0
amh_train_track_b_01408,አሁን እንደሱ ሆዳም ህዝብ ካልሆነ ማንም አይሸወድልህም አገር መውጫ መግብያ አተን ገና የባር በር ቅብርጥሰዬ ይላል የጂኔ ልጆዎች ሴጣን መንግስት,1,2,0,0,0,0
amh_train_track_b_01409,አፈር ጭቃ ያብላችሁ የእስራኤል አምላክ ጭቃ ያግባችሁ መንጋ ወድዋዳ እናንተ አርፋችሁ አትቀመጡም ምናባታችሁ አይታችሁ ነው እስራኤል ህፃናት ምትገድል ገዳይ ያውርድባችሁ መንጋ ድንጋይ እራስ ወድዋዳ ሁላ የታባታችሁ ነው ምታውቋቸው አፈር ጭቃ ብሉ ለራሳችሁ እወቁ ሀማስ በስንት ገንዘብ ነው የቀ ጠራችሁ ገና ጭቃ ይሆንላችሗል ኑ እንያችሁ እስኪ ተዋጉለት ካዘናችሁ ፈሳም ሁላ አትፍሱ ድል ለቅድስት እስራኤል ሞት ለሀማስና ለወድዋዶቹ,1,2,0,0,0,0
amh_train_track_b_01410,ወንድሜ የትኛዉ መንግሥት ነው የምታወራዉ የሰዉ ልጆ በጠራራ ፀሀይ የምገደልበት አገር ነፍሱን ይማር ያሳዝናል,1,0,2,0,0,0
amh_train_track_b_01411,"""ቦምብ ሲወድቅብን ለልጄ 'አክሽን ፊልም ነው' አልኩት""",0,0,0,0,0,0
amh_train_track_b_01412,በነገራችን ላይ ጦርነቱን ከሀይማኖት ጋር የምታገናኙት ሰዎች በጣም ታሳዝናላቹህ እኔ ክርስቲያን ነኝ ያዉም ኦርቶዶክስ ግን ፈላስጢኖች ሀቅ አላቸዉ ብዙ ተበድለዋል ብዙ ህፃናት በግፍ ተገድለዋል  በጣም ያማል በተለይ ህፃናት እና ሴቶች የጦርነቱ ሰለባ ሆነዋል ልብ ይሰብራል ፈለስጢኖች ፍትህ ይገባቸዋል ፈጣሪ ይርዳቸዉ ለሁሉም የአለም ህዝብ ሰላም ይስጠን,1,0,2,0,0,0
amh_train_track_b_01413,በመላው ዓለም አሳሳቢ እየሆነ ስለመጣው ኩፍኝ ሊያውቋቸው የሚገቡ ነጥቦች,0,0,0,0,0,0
amh_train_track_b_01414,የአባቶቻችንና የእናቶቻችን እንባ መልስ ያመጣል!,0,0,2,0,0,0
amh_train_track_b_01415,አሁን ኢትዮጵያ ለገባችበት ቀውስ ዋና ተጠያቂ አንተ ነህ ምንም ማንበብ አያስፈልግም ለኢትዮጵያ ህዝብ ምንም የተሻለ ነገር የለህም,1,1,0,0,0,0
amh_train_track_b_01416,ራስ አሉላ የህወሓት አባል ነበሩ እንዴ? ባንዲራው!?,0,0,0,0,0,0
amh_train_track_b_01417,እናንተ ተመችቷችሁ የምትኖሩ የቅንጦት ሰዎች ናችሁ፤ ስለምን ስለጀግንነትና ስለመስዋዕት መሆን እንደምታወሩ የሚገርም ነው። ሀገር ወዳዱ ሞቶ ባቋያት ሀገር,2,0,1,0,0,0
amh_train_track_b_01418,እኛ የምንለው መንግስት እንደዚህ አይነት አረመኔዎችን ለጥቅምነ በአጉል ጥላቻ ተነሳስተው የሰውን ኩቡር ነብስ የሚያጠፉትን ሁሉ በግልፅነ በአደባባይ በተበዳዮችነ በህዝብ ፊት ሞት ፍርድ ይፍረድነ በህዝብ ፊት ይገደሉ  ይህ ከሆነ ማንም በማን ግድያ ቀርቶ ቃላቱም አይኖርም ሌላ ሁሉ ከዛ በኋላ በራሱ ጊዜ ፈር ይይዛል አለበለዚያ ግን እጅግ አስፈሪ ጊዜን ወይም የበሰ ጊዜን እጠብቀለን  2ልጆችን ያረደቿ 2ልጆችን አባተቸው ስራ በሄደበት አቀጥላ የገ,2,0,0,0,1,0
amh_train_track_b_01419,ለስሙ ተውልጄ ያደኩት ኦርቶዶክስ ነን ከሚሉ ቤተስብ ነበር ምን ዋጋ አለው አብልተ አጠጥተው አልብስው አኖሩኝ እንጂ ይህንን የዳቢሎስ ወረራ መቼ አይተው አሳዩን እርኩሱንም ቅዲሱንም እያጨማለቅን አድገን ወይ ለቤተክርስቲያን አልሆንን ወይ ለራሳችን አልሆንን እንድችው በአዙሪ ተይዘን ወደ አሰብነው ሳይሆ ዳቢሎስ ወደፈለገው ሲያሽከረክረን ይሄው እራሴን መውጣት የማልችልበት ቅርቃር ውስጥ እራሴን አገኘሁት  ይህሄ ሁሉ በኔም ህይወት ሲከናወን አላቀ,1,1,1,0,0,0
amh_train_track_b_01420,EBC ከህዝብ ሚዲያነት ወደ ፖለቲካል ፓርቲ ሚዲያ ተቀይሮ ደፋ ቀና ሲል። ሰለ ዋናው ሰንደቅ ዓላማ ትርጉም ብትነግሩን !!!😄😄😄,0,1,0,0,0,0
amh_train_track_b_01421,ግን መች ነው ሚታወቅባት ገና ፌልሙን ከመጀመሬ ጭንቅ አለኝ አይይ,0,0,1,0,1,0
amh_train_track_b_01422,እናንተ እስክትበስሉ አገሬ አረረች እንጅ እሱማ ወደው ሳይሆን ተገዳዳሪ ስለተፈጠረ ሳይወዱ በግድ ወደ ሰላም ይገባሉ ከስሜታዊነት ሲወርድ ጀዋርም በሳልና አዋቂ ፖለቲከኛ መሆኑን አየን ደረጄ ግን ኢትዬጵያ ካሏት ጥቂት በሳል ጋዜጠኞች አንዱ ስለሆንክ ክብር ይገባሃል,0,0,0,1,0,0
amh_train_track_b_01423,አልሃምዱሊላህ አንዱ እስፍስፍ ብዬ ሳለቅስ ጥሎኝ ሂዱ እንባዬን የሚያብስልኝ ልጂ ሰጠኝ ከ3 ቀን በህዋላ ኢንሻ አላህ ኒካህ እናስራለን ሴቶችዬ ስትጎዱ ሌላ ሰው እደሚወዳችሁ አትዘንጉ,0,0,0,2,0,0
amh_train_track_b_01424,ልዩነት ጋዛ የታጠቀ ወታደር ሰገድል እሰራኤል የሰደተኛ ካንብ እና ሆሰፒታል የተኙ ህመምተኛ ትገላለች አቤት ልዩነት የፈሪ ብትር ንፁሀንንን መግደል ወይሰ ሜዳ ወርዳ ከታጠቀዉ ጋር መዋጋት😂🤣🤣🤣,1,1,0,0,0,0
amh_train_track_b_01425,በጣም ይገርማል መንግስት ባለበት አገር ይሄን ጥጋበኛ ወንበዴ አፈላልጎ ልክ ካላስገባው መንግስት አለ ብዬ አላምንም,1,1,0,0,0,1
amh_train_track_b_01426,ኤፌሶን 28 ፀጋው በእምነት አድኗችኋል ይህም የእግዚአብሔር ስጦታ ነው እንጂ ከእናንተ አይደለም,0,0,0,0,0,0
amh_train_track_b_01427,እባካችሁ ይሄ ፕራንክ የምትሉት አስተማሪ ቢሆን ጥሩነበር እማየው ግን ሰው በከባድ ሲደነግጥ በተጨማሪም ሰውበሕይወቱ ሴቱምሆነወንድም በጥርጣሬ እንዲኖር አለመተማመን የሚያሳይን ነው የምታቀርቡት ያሳፍራል ሕፀን ፊት ይሄይወራል ትውልድን በመልካም ቅረፁ።,1,0,0,0,0,0
amh_train_track_b_01428,የሚወራ ጠፍቶ ነው አሁንም የሞኝ ለቅሶ መልሶ መላልሶ እንደሚባለው ደግማችሁ ደጋግማችሁ ስለ ቀይ ባሕር የምተወሩት ይህ የአብይ አጀንዳ እንጂ የኢትዮጵያ ሕዝብ አጀንዳ አይደለም ይልቅስ በአገሪቷ ስለሚፈፀመው ዘግናኝ የሰበዓዊ የመብት ጥሰት እና የጦር ወንጀል እንዲሁም በረሃብ ስለሚያልቁት ወገኖቻችን አውሩ የሕዝቡ አጀንዳዎች እነዚህ ናቸው እንዴት ሰላም ይምጣ እንዴትስ ወገኖቻችንን ከረሃብ እንታደግ,2,0,0,0,0,0
amh_train_track_b_01429,የዛሬ ጠላት የነጌ ወዳጅ ልሆን ይችላል ::: የጠ\ሚ ወሳኔ የምሁር ዉሳኔ ነዉ እንጂ የማንም የተራ ወሬኞ ዉሳኔ አይደለም 1000 አመት ይንገስ!!!,0,0,0,1,0,0
amh_train_track_b_01430,የህወሓት ቀጣይ ዕጣ ፈንታ ምን ሊሆን ይችላል?,0,0,0,0,0,0
amh_train_track_b_01431,ክብርለመከላከያችን ለአየርኃይላችን እንኳን ለ88ኛ ዓመት አደረሳቹህ እንኳን ደስ አላቹህ ክብርና ሞገስ ለእናንተ ይሁንላቹህ አላህ ይጠብቃቹህ,0,0,0,1,0,0
amh_train_track_b_01432,የንጽሐን ሞት ያሳዝናል ድል ለፋኖ 😂😁,0,0,2,0,0,0
amh_train_track_b_01433,Dawit BekeleDawit Bekele ኦሮሞ ምድር ላይ ይኑር እንድጠፍ አልፈልግም ኦሮሙ ብሎ ለራሱ ስም ሰጠ እንጂ ስፈጠር ሰው ነው እንጂ ምባለው ኦሮሞ ተወለደ አይባልም ለምያልፈው ከንቱ አለም ክፍ አታስብ መሞቻህን ቀን አታውቀውም እኮ,1,0,0,0,0,0
amh_train_track_b_01434,ከጠላት ጥሩ ነገር ይመጣል ብሎ የሚያስብ ካለ ትልቅ ስህት ነው።ነገ ጥዋት የተመረዘ ቢራ እንደሚልኩ ጥርጥር የለውም።ቢራ ፤ጫት ሌላም አደንዛዥ እፅ የጫነ ከነመኪናው,2,0,0,0,0,0
amh_train_track_b_01435,እፍፍፍ የእዉነት በጣም ያማል በእዉነት😭😭😭,0,0,3,0,0,0
amh_train_track_b_01436,እባካቹ ልብ አሩጉ አቢ አህመድ ተሳስተዋል ንግግግሩ ጦርነት ይቀሰቅሳል የኢትዮጵያ ህዝብ ሰለሚበዛ ያለ ወደብ መኖር አይችል ምማለት የጎረቤት ሉኡላዊአገር መዉረር ስለሆነ አያዋጣም በሰላም በርካሽ ዋጋ ልትጠቀሙ ትችላላላቹ በቀጣይ ደግሞ የኢኮነሚ እንተግረችን ሰለሚመጣ የበለጠ ሁላችን ተጠቃሚዎች እንሆናለን ስለዚህ ለቀጣይ ትውልድ ሰላምና መረጋጋጋት መመመኘት አለብን!!!,1,0,0,0,0,0
amh_train_track_b_01437,መጠበቅ ይሻላል እልል ለማለት ግልጽ ያልህነ ነገር ስላለ አባቶቼን እጠብቃለሁ,0,0,0,0,1,0
amh_train_track_b_01438,ዕንባ ጠባቂ በአማራ እና ትግራይ የተከሰተው “ረሃብ ወይም ድርቅ” ስለመሆኑ መንግሥት ብያኔ እዲሰጥ ጠየቀ,0,0,0,0,0,0
amh_train_track_b_01439,እረ የምን ተራ ነው ተራ ቢኖርማ ጥሩ ነበር ቢያንስ የተወሰነው ይዘጋጅ ነበር ! በሁሉም ቦታ እረፍት እንዳይኖረን አድርገው በአራቱም አቅጣጫ ተናበው እየጨፈጨፉን ነው!,2,0,0,0,0,0
amh_train_track_b_01440,ብጹአን አባቶቻችን የሚታጠፍ እምነት እና የሚታለል የዋህነት እንዳላቸው አናስብ። እነሱ እንደኛ ስሜታዊ አይደሉምና በቸር አምላክ እገዛ ልከኛውን መንገድ ይ,0,0,0,0,0,0
amh_train_track_b_01441,ወጪው በዛ ይጣራ ሌላ ጥያቄ ነው በቃ ባላቹሁበት ተግማሙ ግን አይነፍም ደግሞ ውሃ አሁን ጥሩ ነው ከበፊት ይሻላል,0,1,0,0,0,0
amh_train_track_b_01442,አስላሙአለይኩም ወራህመቱላሂ ወበርካቱሁ ኡመር አጠቃላይ የፊኒሽንግ ስራ ግርፕ ጆይን ይበሉ ከታች በትቀመጥው ቁጥር የሚፍልጉትን ይዘዙ 🇪🇹🇪🇹🇪🇹🇪🇹🇪🇹🇪🇹🇪🇹🇪🇹🇪🇹 🏯ኢትዮጵያ ውስጥ በሁሉም ባታውች ይዘዙን አስተማማማኝ እና ጥራቱን በጠበቀ መልኩ የሚፍልጉትን አይነት ስራ እሰራለን☣ ⚛ ኳርትዝ ሥራ ⚛ ቀለም ሥራ ⚛ ቻክ ⚛ ፍሬም ⚛ ቦርድ ♻ሌሌሌችም ያልተዘርዘሩትን ጪምር ዕርሰወ በሚፍልጉት መልኩ የሚፍልጉትን አይ,0,0,0,0,0,0
amh_train_track_b_01443,የአብረሃም የይስያቅ የያይቆብ አምላክ እግዝአብሔር ሆይ አንተ አድነኝ ይርዳኝ ብል፣የለመንኩት የእነሱና የእነ አምላክ የሆነዉን ነዉ እንጅ እነሱን አልተማጸንኩም።,0,0,0,0,0,0
amh_train_track_b_01444,የኢትዮጵያን ምሁራን ጀነራሎች ጨፍጭፎ አገረ ባዶ አርጎ ለወያኔ የሥረከበ ምቀኛ እና መሠሪ ነበረ መንግስቱ እንኳን ሀገር ቀበሌ የማያሥተዳድር አይምሮ ይዞ ሥንቱን ጀግና አሥበላው አምባገነኖች ፈሪ ናቸው ዘሎ ሠው ሚገድል ፈሪ ነው ይህ ሰው በመጨረሻ ጡረታ የወጡ አባቶች ሳይቀር ዳግም ዘማች ብሎ ለጠላት ጥሏቸው ፈርጥጧል ብዙ ሠው ይህ ሰው ኢትዮጵያ ሥለሚል መንጌ ቆራጡ ይላል ሠውየው ግን ያገር ጠላት ነበረ,0,2,0,0,0,0
amh_train_track_b_01445,አጋጣሚ አንተ ታሪክ ያልሰራ ዘር ስለአለክ ይሆናል የቆጨክ,0,1,0,0,0,0
amh_train_track_b_01446,በኢትዮጵያ ካሉ ትላልቅ ፕሮጀክቶች ዲዛይን ጀርባ ያለው ወጣት አርክቴክት,0,0,0,1,0,0
amh_train_track_b_01447,የቱርክ ፓርላማ ስዊድን የኔቶ አባል እንድትሆን ድጋፉን ሰጠ,0,0,0,0,0,0
amh_train_track_b_01448,Eyerus Ye Kidanemhret Lij በመጀመሪያ አመሰግናለው እየሩስ ሲቀጥል እዚ ላይ የሴትነት ክብሯን prank በሚል ሰበብ ያወረደችበትን video new unlike በማረግ አስተያየት የሰጠሁት የወንድነቱን ጉዳይ ለኔ ተይው,1,0,0,0,0,0
amh_train_track_b_01449,ይሄ ጥቃት የመጀመሪያ ጅ የመጨረሻው እዳይመስላችሁ ፍልስጤን ትቅደም እስራኤል ትውደም ❌️🇮🇱❌️,0,2,0,0,0,0
amh_train_track_b_01450,በአሉ ጸጥታና የህዝብ ደህንነት በሚጠበቅበት ቦታ መክበር ሲቻል አጀንዳ ፈጠራ የሄዱ ስለሆነ ተሳክቶላቸዋል። አላማ የለሽ ሞት ይገርማል ያሳዝናል። ወይ ነገር መፈለግ አለ,0,0,2,0,0,0
amh_train_track_b_01451,ሌላው ህዝብ ሳያውቅ፣ የሁሉም ክልል ልዮ ሀይል መሪዎች ምንም መግለጫ ሳይሰጡ፣ መከላከያ አመራሩ ድንገት ወጥቶ የሚደነፋበት አግባብ ምንድነው? ከሁሉ የሚገርመው የኦሮሚያ ልዮ ሀይል,2,0,0,0,0,0
amh_train_track_b_01452,አገራችን አይገባም አይገባም ዮጋንዳን ምሳሌ ትሁነን ግብረሰዶማዊት በሐገራችን አይገባም1 ሞት እንጂ 10 አንሞትም መንግስትማ ገሎናልደገፈም አልደገፈም አገራችን አትቀበልምእመኑኝ ትውልድ ቆሜ ሲገደል አላይም ዝም አልልም ዝም አትበሉደብዳቤው ኢትዮጵያን አይወክልም ያየካቶሊክ ቄስ እመኑኝ እንደሰው አይሞትም ባለጌ ፓፓስ መሞቴካልቀረ በክዬ አልፋለሁብለዋል አረመኔ ፓፓስ ነው እናወግዛለን,2,1,0,0,0,0
amh_train_track_b_01453,አይ ጁንታ የማትፈነቅለው ድንጋይ የለም ከንቱ ፍላጎትህ አይሳካም አትድከም ከራስህ ታረቅ,0,1,0,0,0,0
amh_train_track_b_01454,አቢቹ አባ ቢያ አባ መላ ይምራ ከባንዳዎች እና ከዘረኞች መንደር ቢፈለግ አንድ የለም የሚጠቅም ለሀገር እውቀት አይገኝም ትውልድ የሚያቀና ልክ እንደ ባዶ ቤት አቧራ ነው ኦና ክፋት ምቀኝነት አዕምሮው ካጨቀ በገዛ ተንኮሉ ሁሌም ከወደቀ ቆሮቆር ፎሮፎር ካፈራ ጭንቅላት ምን ሊጠበቅ ጥሩ ምን ሊጠበቅ እውቀት ፉከራ ቀረርቶ ሁሌ ባዶ ጩኸት ዘረኛ እና ሌቦች ኢትዮጵያን ሲዘርፏት ሁልግዜ ሲተጉ በታትነው ሊያፈርሷት አምላክ ተመልክቶ የህዝቡን ዕንግልት,0,1,0,1,0,0
amh_train_track_b_01455,ቁርበት ደና ሠውነት ያላት ይመሥል ኢኚኚኚ ትላለች ኧረ በናትህ አላትማት ጨዉ አደለች አትሟሟሟ አሳፋሪ እኔ ባንቺ አፈርኩ ወዬ ፀባይ የለሽ ወይ መልክ የለሽ ጉማሬ ከንፈር ገጣባ ነገር ነሽ አቦ ስልኬ ነዉ ጠላቴ,1,2,0,0,0,0
amh_train_track_b_01456,ኦሮሞ ከገበያ ሲመለሱ ጠጅ አረቄ ከጎደኛው ጋር ጠጥቶ ሲመለሱ በዱላ ይደባደባሉ የአመችሳ የዛር መንፈስ ስላላቸው ደም አፍስሰው ማየት ይፈፈልጋሉ ገና የአዲስ አበባ ህዝብ ይጨርሱታል,0,2,0,0,0,0
amh_train_track_b_01457,አብይ አህመድ ድንገት ብቅ ብሎ አዲሱ የኦሮሚያ ሲኖዶስ ሸኔ ነው ቢል ደረጄ ገረፉም ሀሳቡን ቀይሮ ሸኔ ናቸው ይላል ወይስ አይልም?,0,1,0,0,0,0
amh_train_track_b_01458,እግዚአብሔር መፁናናናት ይስጣቹህ ኢትዮጵያ በድሮን የምትደበድበው ያለችው የትግራይ ህፃናትም እንደዚህ ያማል ለትግራይ እናቶች መፁናናናት ይሁን 😭😭😭👏😭👏😭👏😭😭😭,0,0,3,0,0,0
amh_train_track_b_01459,ከእዳ ወደ ምንዳ ያለው ማን ይሆን,0,0,0,0,0,0
amh_train_track_b_01460,እንዲህ ከስር ከስር እየተከታተሉ ጨካኝ ባትሆን ይገርመኝ ነበር ጉርሉ,0,1,0,0,0,0
amh_train_track_b_01461,አረ በህግ አምላክ ምን አይነት ጥያቄ ነው የሚጠይቁት  በእውነት አድነን አምላኬ በጭራሽ የማይታሰብ ዘግናኝ ጥያቄ ነው የጠየቀው,0,0,1,0,0,0
amh_train_track_b_01462,እንዳንተ ደደብ አህያ አይደለም ኣባ። ከደደብ ህዝብ ጋ ምን አለኝ ብሎ ?,1,2,0,0,0,0
amh_train_track_b_01463,ብአዴንን ሳንቀብር አንላቀቅም አማራን እንደ ህዝብ አዋርዶ ባህርዳር ሊኖር አስቡት ያን የጠነባ እበት ሽመልስን አምተው ባህርዳር ካባ ሲሸልሙት ሰበርናቸው ነፍጠኛ እያለ ሲበጠረቅ እየሰሙ,1,2,0,0,0,0
amh_train_track_b_01464,ሁለቱ መሪዎች የሁለትዮሽ ግንኙነታቸውን ለማጠናከር kkk,0,0,0,0,0,0
amh_train_track_b_01465,ሻይን ለማጣፈጥ ‘ጨው ጣል አድርጉበት’ የሚለው የባለሙያ ምክር በአሜሪካ እና በዩኬ የፈጠረው ውዝግብ,0,0,0,0,0,0
amh_train_track_b_01466,አብይ መሀመድ መጨረሻክን አያሳየኝ ይሄ በጨለማዉ አምላክ እየተመራክ ማን ምን ያረገኛል ብለክ እጅግ ዘግናኝ ግፍ ፈፅመሀል እየፈፀምክም ነዉ ትወና አያድንክም በከፍታ የነበረችን ሀገር ካፈር ቀላቅለህ ሚሊየኖችን ገድለህ ሚሊየኖችን አፈናቅለህ ሚሊየኖችን በረሀብ አያሰቃየህ ሀገሪቱን አባትህ ያወረሱህ የግል ንብረት አርገካታል እመነኝ ዛሬ ኦርቶዶክስንና እስልምናን አጥፍተህ የ66 ኢሉሙናቲን እንድታስፋፋ ከጎንህ ነን ያሉህ ሀገራት ነገ ይከዱሀል አን,2,1,0,0,0,0
amh_train_track_b_01467,በማለዳ ደስ የሚል ዜና። ፍቅሩ ኮማንዶ አሁን ጥዋት ነው በ2 ሺህ ብር ዋስ ተፈቷል። ቴዲ ከ3 ቀን በፊት ማክሰኞ በ2 ሺህ ብር ዋስ ተፈቷል። አሌክስና ሰሎሞን እያንዳንዳቸው በ10,0,0,0,2,0,0
amh_train_track_b_01468,እናት ሁሌም ሰርፕራይዝ ትሁን❤❤❤,0,0,0,1,0,1
amh_train_track_b_01469,በጣም ገራሚ መልእክት አለው አእምሮ ላላላቸው ወንዶች፤ ግን 90% የእኛ አገር አባቶች ዘግናኝ ፍጡር ናቸው(ይቅርታ)፤ እንደዚህ ያስባለኝ ነገር አለ ግን ይበልጥ ደግሞ እርቅ መአድ ፕሮግራም ላይ የሚነገሩ ታሪኮች ናቸው።,0,1,0,0,0,1
amh_train_track_b_01470,ይቺን ሴትዮ ማነው ደግሞ የላከብን የቋንቋውን ጦርነት ከሀገራዊ ወደ አፍሪካዊ ከፍ ልታረገው አስባ ይመስላል,1,1,0,0,0,0
amh_train_track_b_01471,የሚያመልከው እግዚአብሔር ገና ከፍ ያደርገዋል ጽንፈኞች ጠሉት አልጠሉት እጣ ፈንታው የሚያከብረው አምልኩ ነው አብይና አዳነች ለኢትዮጵያ ህዝብ የተሰጡ የእግዚአብሔር ስጦታ ናቸው,0,0,0,1,0,0
amh_train_track_b_01472,አቤት ውሸት 😄😄😄ውሸታም መሆንሽ ፊትሽ ላይ ያስታውቃል ቀዳዳዳ አርግጠኛ ነኝ ቤተሰቦችሽ ሁሉ ውሸታም ናችሁ,0,2,0,0,0,0
amh_train_track_b_01473,“ኢትዮጵያ ከሶማሊያ ጋር የመዋጋት ፍላጎት የላትም” ጠቅላይ ሚኒስትር ዐቢይ,0,0,0,0,0,0
amh_train_track_b_01474,አይን እያለህ ለማየት ያልፈለግክ እውር ያንተ ብጤ ከሀዲዎች እውነትን ማየት ስለማትችሉ የክህደት ወሬህን እንዲሰሙህ እንጂ ማዳመጥ አትፈልግም በመጮህ ሠዓት ጨርሰህ አሳምንኩት ለማለት ትፍልጋለህ ፓስተር ብንያም በራሱ የሚተማመምን ሰው ነው አንተ ከሀዲና ደንቆሮ ባትሆን የእናትህ እምነት ያስትርምርህ ነበር ስለኦርቶዶክስ ከማዉራትህ በፊት አንብብብ ዝም ብለህ ግርግር አትፍጠር ባንተ የሰይጣን ምላስ የሚሞላ ባዶ ጭንቅላት የለም የኢየሱስን ጌታ,1,2,0,0,0,0
amh_train_track_b_01475,ልመስክር እግዚአብሔር ያደረገልኝ በመጀመሪያ ግብረ ሶዶማዊ ነበርኩኝ አሱን በአባታችን ትምሕርት በእግዚአብሔር ቸርነት ዳንኩኝ ከዛ በጣም ሲበዛ ጨንቀታም ሰው ነበርኩኝ ሰው አይወደኝ ከሰው አልግባባ ሁሌ ራሴ የበታች አድርጌ ነበር የኖርኩት ለ150 አመት የተደበቀ የቤተሰብ መተት ነበረብኝ ማለት አያታችን ለክበርና ለዝና በሎ የበኩር ልጁ እሰከነ ሂዎቱ ቀብሮ የተዋረሰው የወርስ አጋንንት ነበር ከቤተሰቡ በጠቅላይ እኔጋ ነው የተጋለጠው እሱ በእርሳ,0,0,0,1,0,0
amh_train_track_b_01476,ድራማው ከሚባለው በላይ አሪፍ ነው ግን እባካችሁ ድምፅ ይስተካከል,0,0,0,2,0,0
amh_train_track_b_01477,የእስራኤልና የፍልስጤም ጦርነት ታሪካዊ ነገርን ከተመለከትን እስራኤል እንደሃገር ከተመሰረተች 1948 በውሃላ ባሁኑ ካርታ ጋዛ በግብፅ ስር ይተዳደር የነበረ ግዛት ሙሉለሙሉ ፍልስጤማውያን ሲኖሩበት ቦታውም የፍልስጤም ነፃ አውጪ ነኝ ርስቴን አስመልሳለሁ የሚለው የሀማስ ሽፍቶች መፈልፈያ ግዛት ነው። በምስራቅ በኩል ደግሞ በጋራ የሚጠቀሙበት ኢየሩሳሌም ከተማ የነበረ ቢኖርም በዶናልድ ትራምፕ ጊዜ ፍልስጤሞች በተደጋጋጋሚ ባደረጉት ጥቃት ከተማዋን,0,0,0,0,0,0
amh_train_track_b_01478,እሌኒ ገብረ መድህን አሸባሪ ስትሉ አልነበር እንዴ?,0,0,0,0,0,0
amh_train_track_b_01479,አለምነህ  ቀዶ ጥገና ለምን ትላለህ ቀዶ ሕክምና ቢባልስ,0,0,0,0,0,0
amh_train_track_b_01480,እኛን የቸገረን የናንተ በቪ8 እና በቪላ ቤት ተሸፍናችሁ የህዝብን ግፍ መከራ እንባ አናይም አንሰማም ብላችሁ አሁን ደግሞ ካባችሁን አሳምራችሁ የምትነግሩንን ትረካ በንፅህና በእውነት በሀቅ ሳትኖሩ የምትመክሩንን ትታችሁ እስኪ መጀመሪያ እራሳችሁን መርምሩ አባቶች አንድ ሁኑ በዘር አትሸፈኑ ለበጎቻችሁ ድምፃችሁን አሰሙ ፀሎቱንማ እንደየ አቅማችን ሳንፀልይ አንውልም,2,0,0,0,0,0
amh_train_track_b_01481,ከጃዋር የበለጠ እሂ ለውጥ እንዲጨናገፍ ያደረገ አለ እንዴ አሀዳዊ ስርአት መጣ እያለ በሚዲያው በህዝብ ላይ ጦርነት ያወጀው ማን ሆነና ከአባቶቻቸው የሚለው የናንተ የአሸባሪዎች ልቅሶ ግን ገደል ግቡ ቆሻሻዎች,1,2,0,0,0,0
amh_train_track_b_01482,ሸዋን አትነካኩት ካለበት ይቀመጥ ቀን የከፋ ጊዜ ያወጣል ከረመጥ አማራ ሸዋ,1,0,0,0,0,0
amh_train_track_b_01483,ጋሼ መልካምን ማሰብ አስቦም መጽሀፍ ለራስ ጥሩ ነው! ለነገም ጸጸት የለውም ሰውም ያስተምራል,0,0,0,0,0,0
amh_train_track_b_01484,አሕያ መሳይ ነህ። ሽብር በመንዛት ማጋጨት አይቻልም።,1,2,0,0,0,0
amh_train_track_b_01485,ቀንድ አውጣ ይህን እንዴት የአማራ መሪ አድርገው ቀጠሩት ያሳዝናል ህዝቡን እንዴት እንደሚንቁት,0,2,1,0,0,0
amh_train_track_b_01486,ደራ ከነ ነፍሳችው ቤታችውን እያነደዱ ወደ 16 ክፍለ ዘመን ወደኃላ ሄደናል ዘግናኝ ጭፍጨፋ በኦነግ እየተፈፀመ ነው አማራ ግዛት።,0,2,0,0,0,0
amh_train_track_b_01487,ገና 30 ዓመት ጨለማ ነበር ብሎ ጨፍረዋ እግዚአብሄር አያይም አይሰማ ም ብለው አይናቸው በጨው አጥበው የተናገሩት እዴት በቀላሉ ይመለሳል ይህ ማለት ግን አህአዴግ ችግር አልነበሰውም ሜሐቶ አይደለም ችግሮችን በትክክክል አስቀምጠን ለሚመጣ ደግሞ ጥሩ እንዲሰራ በአንድነት መስራተ ሲጠበቀን የተሰራ ጥላ ሸት ቀብተው ገና ለሚመጣ ሙሴ ያችን ብለው የወደሱ ገና የግፍ ግፍ ያያያሉ ምንም አንኳን ችግሩ ለሁላችን የሚተርፍ ቢሆንም,1,1,0,0,0,0
amh_train_track_b_01488,ጅል፣ጅላጅል፣ጅላንፎ ያለው ማን ነበር?በእውነት የአማራ ህዝብ ሕመም እና ስቃይ ቢሰማችሁ በየቦታው ሲፈናቀል እና ሲሳደድ አፈናቃዩን እና ገዳዩን ይበቃል ትሉት ነበ,2,0,0,0,0,0
amh_train_track_b_01489,በሰው የተጻፈ የገድላት ተረት ተረት መጻፍ አንብበህ ነው ጳጳስ የሆንከው ያሳዝናል !መጽሐፍ ቅዱስ ለሳምንት ተረድቶ የነበበ ይህን አያስብም የሆነ ሆኖ እግ,0,1,1,0,0,0
amh_train_track_b_01490,መሰለ ገብረ ሂይወት አንተ ሆዳም ካድሬ ይሔን ከምትዘግብ በድሮን ለሚልቀው ህዝብ አዘግብም ጋዜጠኝነት እንደ እናንተ ከሆነ ጋዜጠኛ አፈልግም እናንተ ስናያችሁ ሁሉ ያመናል አብይ አህመድ አንተ በሸተኛ ጥፋ ከሀገራችን እኔኮ ዝናሽ ታያቸውን ቢደርገኝ በመርዝ እገልህ ወገኔን በድሮን ስጨፈጭፍ እያየሁ ዝም አልልክም ነበር አንተ በበታችበት ስሜት የምትሰቃ ቆሻሻ ነህ በኢትዮጵያ ህዝብ ላይ ቀልደህ አትቀረም አንተ ወራዳ,1,2,0,0,0,0
amh_train_track_b_01491,ድንቅ ሃሳብ ነው ነገር ሁሉ የሚጀምረው ከሃሳብ ቢሆንም ሃሳብን ለማሰብና ነገሮችን በአዲስ መልኩ እንደዚህ ለማሰብ ደግሞ ተግዳሮቶች የግድ መኖር አለባቸው እነዚህን አይነት ሃሳብ በተለየ መልኩ ለማሰብ ደግሞ ነገሮችን ከተለመደው መንገድ ወጥቶ ለማየት የሚደፍ በእውቀት የዳበረ የአለምን ነባራዊ ሁኔታዎች የሚረዳ ደፋር ትውልድ እና ገዢ የሆነ ሃገራዊ እሳቤ ያለው ትውልድ አስፈላጊ ነው  ኢንጅነር ስለዚህ ድንቅ ሃሳብ እና እይታ ግን እናመሰግናለን,0,0,0,2,0,0
amh_train_track_b_01492,?ስለ ቤተክርስቲያን ዝም አልልም ከክርስቶስ ፍቅር የሚለየኝ ማነው፣ መከራ ችግር ስቃይ ወይስ መራቆት ነው፣ አን via,1,0,0,0,0,0
amh_train_track_b_01493,ይበለው አለአቅሙ ጀምሮ ደሞም ህፃናትን እንደጋሻ የሚጠቀምባቸው ራሱ ሀማስ ነው እነ አሜሪካ እስራኤልን የሚደግፉት እውነቱን ይዘው ነው እንጅ ያለእውቀት አይደለም ለዚህ ሁሉ እልቂት ተጠያቂው ድሃው መምራት የማይችለው ሀማስ ነው ሀማስ ራሱም እየገደላቸው ነው ሰላም ለምስኪኖች,2,1,0,0,0,0
amh_train_track_b_01494,የጭንቅላት መሻገት ትክክለኛ መገለጫው ነህ መቼም አጎቶችህ አስተምረውህ የሄዱትን ኢሰብአዊ ተግባር ዛሬም እንደ ጥሩ ነገር ለሌላው ትመኛለህ ወንድ ልጅ እንደሌ,0,2,0,0,0,0
amh_train_track_b_01495,በቲተር እና ፌስ ቡክ የሚሆን ነገር የለም ሰውዬው እንደ እንተ ሃሳብ የእብድ አስተሳሰብ ያለው አይመስለኝም ስሜታዊ አድርጋችሁ ለለማስነሳት ከሆነ ዋጋ ሕዝብን ዋጋ,1,2,0,0,0,0
amh_train_track_b_01496,ለፈለጋቹት አከራዩ ችግሩ ግን በናንተ መሬት ሆኖ ኢትዮጵያ ን የተነኮሰ ግዜ ነው እናንተንም እነሱንም አፈር ምናስበላቹ,0,1,0,0,0,0
amh_train_track_b_01497,ይኸ ለማንም መራራ እዉነት ሊሆን አይችልም ከፀሀፊዉ በቀር። ይልቅ ጣፋጭ እዉነት ነዉበእየሱስ ክርስቶስ ማመን።,0,0,0,0,0,0
amh_train_track_b_01498,እግዚአብሔር ያፅናቹ እንባቹን ያብስላቹ ህመማቹ ፊታችሁ ላይ ይታያል ህመማቹ ይጋባል በቃቹ በለን,0,0,3,0,0,0
amh_train_track_b_01499,ቢጨንቅህ ለሃገሩ እና ለህዝቡ ዘብ የቆመው መከላከያ አንተ የገዳይ ቡድን ነህ እኔ አልታዘዝም ከህዝቤ ላይ አልተኩስም አለህ እኮ ድል ለስፊው ህዝብ ሞት ለገዳዮች,1,1,0,0,0,0
amh_train_track_b_01500,ዘጋቢወቹ እራሳቹህ ከውሻም ውሻ የሞተ ውሻ ናቹህ,0,2,0,0,0,0
amh_train_track_b_01501,የሠፈር ውሻ በሰፈሩ መጮህና ድንገት የተዘናጉ የዋሆችን ነክሶ መሸሹ ነው። እርግጥ ነው፣ ከተኛ አንበሳ የተልከሰከሰ ውሻ ግዜያዊ ጉዳት ሊያደርስ ይችላልና ጠንካራ ሠንሠለት አንገቱ ላይ,1,1,0,0,0,0
amh_train_track_b_01502,ወራዳ ሲሞት እንኳን ሞተ ብለህ ውስኪ ከፍታችሁ ሰትረጬ አልነበረ የሱ ሞት ይሻላል ቆመህ ከምትሄደው,1,2,0,0,0,0
amh_train_track_b_01503,ሰው መሳደብ ብልግና ከመሆን አልፎ ባዶነትን ያሳብቃል,1,0,0,0,0,0
amh_train_track_b_01504,መደመር ትርጉሙ ከልተቀየረ በስተቀር ከተሰሩት ፓርኮች በስተቀር ምንም የሚደምር ነገር አልተገኘም ሞት ፅፈኝነት ዘረኝነት ሌብነት ሴራ,0,1,0,0,0,0
amh_train_track_b_01505,መጥፎ ስራ ስላልሰራ ግፍ ስላልሰራ ይመስለኛል ልጅ የወጣለት በዛ ላይ ረጂም እድሜ የተሰጠዉ,0,0,0,1,0,0
amh_train_track_b_01506,ቀፎ አይናቅም፣ ቢቀመጥ ይሻላል፣ ጊዜ የከፋ ቀን፣ መሰወሪያ ይሿል፣ ማር ቆራጭ ከሌለም፣ መኖሪያ ይሆናል።,0,0,0,0,0,0
amh_train_track_b_01507,በጣም ይገርማል የሰው ልጂ ሲለወጥ ደስ ይላል መስከን መብረድህ ዛሬ ላይ እኔ ምረጡ ብትል ሙሉ የኢትዮጵያ ህዝብ ይቀበልሃል ህይወት ትምህርት ቤት ናት,0,0,0,1,0,0
amh_train_track_b_01508,በቀላሉ ለጉዳት ተጋላጭ የሆነውን ዐይናችንን እንዴት መንከባከብ እንችላለን?,0,0,0,0,0,0
amh_train_track_b_01509,አንድ ሶስቴ አነበብኩት ግን ምንም አልገባኝ?,0,0,0,0,0,0
amh_train_track_b_01510,የኑሮ ውድነት የአለም ችግር መሆኑ መዘንጋት የለበትም,0,0,0,0,0,0
amh_train_track_b_01511,አማርኛ ሀገር በቀል ቌንቌ አይደለም የኔ ነው የሚለዉ ካለ ይዞ ነው የመጣው ማለት ነው ?,0,0,0,0,0,0
amh_train_track_b_01512,በፈጣሪ ስም ምን ጉድ ነው ያሰማህኝ ብዙ ታሪኮች ስምቻለሁ ይህ ግን በጣም ያማል ሁሉቱም ግን ሰው አይደሉም,0,0,2,0,0,0
amh_train_track_b_01513,የተከፈተብህ ጦርነት ነው። ሱሪ ታጠቅና ተዋጋ፣ መክት! ሆድ መብላቱንና አቤቱታውን ተወው። ያልተጠበቀ ነገር ምንም አልደረሰብህም። ብዙ የተባለለት ጦርነት ነው ደጅህን እያንኳኳ ያለው።,3,0,0,0,0,0
amh_train_track_b_01514,ምን ጉድ ነህ አንተው? ይብላኝ አንተን አምጣ ለወለደች እናት። አይ ሆድ በጣም ያሳዝናል ካንተ የንግዴ ልጅ ያ ተቆርጦ የተጣለዉ ይሻላል። ባንዳ ካድሬ ሆዱ ከሞላለት የሌ,1,2,1,0,0,0
amh_train_track_b_01515,ኢየሱስ ምህረትን ይላክላችሁ...,0,0,1,0,0,0
amh_train_track_b_01516,ሻንጣህን ይዘህ አስፓልት ዳር ቆመህ መኪና እየጠበቅህ እያለ መኪና ያስገባው ምንሊክ መሆኑ ድንገት ትውስ ይልህና ሻንጣህን ተሸክመህ እየጨለልክ በባቡር ለመሄድ ትወስናለህ። 512 ?,0,1,0,0,0,0
amh_train_track_b_01517,ጃዋር አስመሳይ ቆሻሻ ሌባ የኢትዮጵያ ችግር የችግሩም መነሻም መጨረሻውም አንተ ብቻ ነህ ከብት ሰይጣን ብዬሃለሁ,1,3,0,0,0,0
amh_train_track_b_01518,እኔ ቃናን የመጀመሪያየ ነው በዘድሮው አመት ድጋሜ በፉቅር በፉቅር የተጎዳሁበትና የጎዳሁበት ጊዜ ስለነበር በዚሁ አጋጣሚ ከስራየ ጋ ቃናን ሀብየጀመርኩ ለካስ ሂወት እደዚህ ናት እሷ እደፈለገች እጂ እኛ እደምንፈልጋት ለማድረግ ከባድ ነው የአበቦች ፉልሚያን ከክፉል 1 ድ ጀምሬ ዛሬ ቀን ክፉል 45 ጨረስኩ ክፉል 46 እየጠበኩ ነው,0,0,0,0,0,0
amh_train_track_b_01519,ከመጣ ጀምሮ ሲሰራበት የነበረ እኮ ነው። ድንገት የተከሰተ አይደለም። አላማው የነበረው ከውስጥ ገብቶ መዋቅሩን ተቆጣጥሮ አዳክሞ መጣል ነበር የፈለገው። አሁን ወደ pla,1,1,0,0,0,0
amh_train_track_b_01520,የጠሉት ይወርሳል ይህ ጁሐር አማሮቹን እንደሚያንቀጠቅጣቸዉ ጠቅላይ ሚኒሰተር ሆኖ ሚሊዬኖችን በልብ ድካም እንዳይጨርሳቸዉ እፈራለሁ,0,1,0,0,2,0
amh_train_track_b_01521,አሯእ ለካ ግማሽ ሰው ነው፤ ሜትር ታምሳ only,0,1,0,0,0,0
amh_train_track_b_01522,በጣም ጥሩ ነው ቢለቁ ለሃገርም ለወገንም ጠቃሚ ነው ሰላም ይመጣልምሆኖም ለፍርድ መቅረብ አለባቸው ለጎዷቸው ንፁሃን መንፈስ ማደሻ ለመጪውም መንግስት ማስተማሪያ ይሆን ዘንድ,0,0,0,2,0,0
amh_train_track_b_01523,በዙሪያችን ያሉ ነገሮች ሁሉ ከኢንተርኔት ጋር ሲተሳሰሩ ዓለም ምን ትመስላለች?,0,0,0,0,0,0
amh_train_track_b_01524,ኢትዮጵያውያን ክርስቲያኖች ለሙስሊምና ለእስልምና ምን ያክል ጥላቻ እንዳላቸዉ ያወቅንበት ጦርነት ነዉ የጋዛ የሠላማዊ ሰዎች ጭፍጨፋ,0,1,0,0,0,0
amh_train_track_b_01525,ኧረ አሁንስ ከእንተ ጋር ተደምሮ ኢትዮጵያዊ መባል ዘጋኝ አሳቀቀኝም ኤጭ ባህር ባህር እስኪ መጀመርያ ሀገሩን ያረጋጋው ከጦርነት ይውጣ ይሔ ቆሻሻ አገዛዝ,2,1,0,0,0,0
amh_train_track_b_01526,አብይ አህመድ በስልጣን ላይ እስከ ተቀመጠ ድረስ ኦሮሞ ከዚህም የከፋ በደል ይደርስበታል  ስድብ የማይገባቸው መዋረድን የማይጠግቡ አብይ አህመድና የአህዴድ አሽከሮች ኦሮሞን ለሶስተኛ ጊዜ የነፍጠኛ ገባር ለማድረግ በመረባረብ ላይ ናቸው እነዚህ የውርደትና የቅሌት ባለቤቶች የኦሮሚያ የኦርቶዶክስ ነፃ አውጪ ነቄዎችን እስር ቤት ከተታቸው አብይ አህመድ መስሎት ነው እንጂ የተነቃነቀ ጥርስ መውለቁ እንዳይሚቀር የተፈጥሮ ህግ ያስገድዳል የነፍጠኛው ዋ,1,0,0,0,0,0
amh_train_track_b_01527,እና ጋዜጠኛዉ አልተደበደም ለማለት ነዉ? እና ሀቁ ይድበስበስ አንተ የማትደግፈዉ ሰዉ ስለተናገረ? ወይ ጉድ የሚገርም ግዜ ዉስጥ ነዉ ያለነዉ።,1,0,1,0,0,1
amh_train_track_b_01528,አንቴ የተራራው ዲቃላ ዝም ብትል አይሻልህም,1,2,0,0,0,0
amh_train_track_b_01529,መንግሥት ከታረዙ ዜጎች ጉሮሮ የሚነጥቀው ሰብዓዊ እርዳታ ሃገራችን ያለችበትን የከፋ የሌብነት፣ ሙስናና ኢሰብዓዊነት ደረጃ የሚያሳይ ነው ሲል ኢዜማ ሰኔ 9 ቀን 2015 ዓም ባወጣው መግለጫ አመልክቷል፡፡,0,0,0,0,0,0
amh_train_track_b_01530,ከፍያለው ዮኒ ማኛን ሲተች ነበር ሃይማኖቱን ይቀያይራል ብሎ በሰው የሳቁት ተመልሶ ይደርሳል እንደሚባለው ባይተች ጥሩ ነበር መዘመር መብቱ ነው መዝፈንም መብቱ ነው ሀጢአቱ ለራሱ,0,1,0,0,0,0
amh_train_track_b_01531,ከነሱ ጦርነት የኛ ጉደኞች ትገርማላቹሁ ድል ድል ስለአገራችሁም አታውቁም እንኳን ስለሰው አገር አስመሳዮች 😏😏😏 ሠላሙን ያወርደላቸው ፈጣሪ 😭😭😭,2,0,0,0,0,0
amh_train_track_b_01532,የአለም ስጋት ይህ በሁለት እግር የሚራመድ ሰው መሰል አውሬ ነው!በዚህ ዘመን የሰው ልጅ የት በደረሰበት ይህ ማህበረሰብ ሰው አርዶ የሚበላ የሰው,0,2,0,0,1,0
amh_train_track_b_01533,በትክክል? የማይጨበጥ ክንደ ነበልባል፣ ከጠላት መሃል ድንገት ይገባል፡፡,0,0,0,1,0,0
amh_train_track_b_01534,ድል ለአማራ ህዝብ ሞት ለአብይ አህመድ,0,2,0,0,0,0
amh_train_track_b_01535,ሰሜን ኮሪያ ተደጋጋሚ የክሩዝ ሚሳኤል ሙከራ አደረገች,0,0,0,0,0,0
amh_train_track_b_01536,በኒው ዮርክ ሁለት ልጆችን ጨምሮ አራት ግለሰቦች በስለት ተወግተው ተገደሉ,0,0,1,0,0,0
amh_train_track_b_01537,ግዑዝ ተቋም (የመንግስት ምስሪያ ቤት) እንዲህ ስሜታዊ ሲሆን ሳይ የመጀመሪያዬ ነው። ይሄ የመሪዎቹን stste of mind የሚያሳይ ነው። የአብይ ከአንድ ጠቅላይ ሚኒስትር ብዕር መው,1,1,0,0,0,0
amh_train_track_b_01538,እህ መናፍቅ መንግሥት የኦርቶዶክስ ፀር ነው ኦርቶዶክስ ለማጥፍት ታጥቆ ተነስቶል ይገርማል,1,1,0,0,0,1
amh_train_track_b_01539,Mohammmed Jedir የሚባል ሆዳም ለኦነግ ተቀጥሮ የሚሰራ,0,2,0,0,0,0
amh_train_track_b_01540,የኢትዮጵያ መንግሰት አሁኑም አለምን ለመሸወድ አትሞክሩ ውሸት በውሸት በዝቶ አለምን ሙሉ አወቃቹ አሁን እሱ እንዳትደግሙ የፈረማቹትን ዉል ባለመደናገር የሻአአብ,1,1,0,0,0,0
amh_train_track_b_01541,ገና ይጨፍራሉ ብሎ ነበር ጌታቸው ረዳ። Salut to TDF and our resilient people ያን ሁሉ መከራ አልፈን እናንተ እንዳሰባቹልን ሳይሆን በ,0,0,1,0,0,0
amh_train_track_b_01542,የአስቸኳይ ጊዜ አዋጁ ምን ውጤት አመጣ? ወደፊትስ በምን ሊቋጭ ይችላል?,0,0,0,0,0,0
amh_train_track_b_01543,ከፋፍለህ ግዛው ወያኔን እንባ ጠባቂ አላባረረውም! ይህን የ15ኛው ክዘመን መርህ አልባ ኢሰብአዊ ዘረኛን ኢሰመኮ አያነሳውም።,2,0,0,0,0,0
amh_train_track_b_01544,የግል ክስ ጉዳይን እንደ ትልቅ ዜና ማቅረብ አይጠበቅባችሁም ነበር  ሬድዋን ሁሴን ለነገ ሳይል የተጠቀመባቸው ቋንቋዎች የዲፕሎማሲ ድህነት ነው  ሕዝብን ለሌላ ዙር ዕልቂትና መከራ ለመዳረግ ነው የተዘጋጁት,1,0,0,0,0,0
amh_train_track_b_01545,በሱዳን ዳርፉር ግዛት በተከሰተ ግጭት 96 ሰዎች መገደላቸው ተገለጸ ሱዳናዊት ሴት በወለደች ቅጽበት ግጭትን ለመሸሽ ወደ ቻድ ተሰዳለች ተብሏል። Sudan Darfur,0,0,1,0,0,0
amh_train_track_b_01546,ሞኝ በእባብ ሁለቴ ይነደፋል አንዴ ሳያይ አንዴም ሲያሳይ የኛ አገር ጅላንፎ መንግስትም እንዲሁ ነው በዚህ ከቀጠለ ሲነደፍ ይኖራል።,0,2,0,0,0,0
amh_train_track_b_01547,እኔ የሚገርመኝ ሌላ ኢትዮጵያ አለች እንዴ እኛ የማናውቃት ስንቱ በብሄሩ የተነሳ መከራ እኛኘ ባለበት ሀገር አረ እንፈር,1,0,0,0,0,1
amh_train_track_b_01548,የአደንዛዥ ዕጽ አዘዋዋሪዎች በሜክሲኮ ማረሚያ ቤት ላይ ተኩስ ከፍተው አስረኞች አስመለጡ,0,0,0,0,0,0
amh_train_track_b_01549,ትናንት በኢራቅ ጦርነት ምን ስትል ነበር ዛሬ በሀማስ ኢስላም ጠል መሆንህን አሳይተህናል በቅርቡ የእጅህን ታገኛለህ ሀማስ ፍልስጤም ብቻ አይደለም ያለው እትዮጵያም አለ አይሁድ እንሆንክ አናቅም ነበር ደንቆሮ ያአረቄ አንጓች ልጅ,0,2,0,0,0,0
amh_train_track_b_01550,እረ ፕራንክ ምታረጉትን ነገር እየለያችሁ በጣም እኮ ነዉ ያስለቀስካት,1,0,1,0,0,0
amh_train_track_b_01551,ቆይ በጣም የሚገርም እኮ ነው በቃ ኦሮሞ ከውሃ እንደመጣ አምኖ ተቀበለ ማለት ነው ይገርማል ። እረ ወገን እንዴት ነው ለ ኦሮሞቹ ግን አንድ ተቆርቋሪ እንዴት ይጠፋል የእውነት ግን ታሪክ ይቅር የማይለው ነገር እየሆነ ነው።,0,1,0,0,0,0
amh_train_track_b_01552,ውሻው ወዴት እንደተወሰደ ነው የጨነቀህ? ስንት መከራ ባለባት ሀገር ውስጥ ተቀምጠህ ስለጠገበ ውሻ ትዘግባለህ። ምን ይመስላል!,1,1,0,0,0,0
amh_train_track_b_01553,በደቡብ ወሎ በኦፓል ማዕድን ማውጫ ጉድጓድ ውስጥ የተቀበሩ ሰዎች ሦስት ቀን ሆናቸው,0,0,1,0,0,0
amh_train_track_b_01554,ከኦሮሞ ዉጪ አህሆናቹም በቀ እስትፋሳቹ ኦሮሞ ብቻነዉ ዘራፊ ሁላ አንፈልጋቹም በቃ ተፋቱን,0,2,0,0,0,0
amh_train_track_b_01555,ትክክል መታከምና እረፍት ማግኘት አለባቸው ግን ጨርሶ እንዳይወድቁ መስራትም ጥሩ ነው,0,0,0,0,0,0
amh_train_track_b_01556,እንኳን ለብርሃነ ጥምቀቱ በሰላም አደረሳችሁ! መልካም በዓል!,0,0,0,2,0,0
amh_train_track_b_01557,የትናየት እንደርስነበር አንድነት ቢኖረን? ያማል የወያኔ ግፍ,0,1,1,0,0,0
amh_train_track_b_01558,ግድና ጅራት ወደ ኋላ ነው ይባል የለ የጉድና የመንደርተኛ ጊዜ ሆነብን፣ ይቅር ይበላችሁ ጽንፈኞች ጨለምተኞች ሽብር አውሪዎች አጋዳዮች የዬቱዮብ ቀለብተኞች ፣ የምታደርጉትን አታውቁምና,1,1,0,0,0,0
amh_train_track_b_01559,ዩቲዩብ የቲቢ ጆሽዋ ንብረት የሆነውን የኢማኑኤል ቲቪ ቻናልን ዘጋ,0,0,0,0,0,0
amh_train_track_b_01560,በዚህ ፊልም የአንድ ሀገር ህዝብ በጠቅላላ ነው የሚታየው ይህን ያክል ሰው ኬት ነው የሚመጡት,0,0,0,0,0,1
amh_train_track_b_01561,የኛ ቀይ ባህር ሁመራ ነው አለችኮ የለመደች ጦጣ ሁልግዜ ፍርጠጣ አለ ያገሬ ሰው ክክያንች ያልነበረን ያንች ያልሆነን መመኘት ቢቀርብሽ ጥሩ ነው  ያንች ቀይ ባህርሽ ሲሆን ለኛ ደገሞ ቀይ መስመራችን ነው ምክኒያቱም የራሳችንን እንደት አሳልፈን መስጠት ከየት የመጣ ነው እነ ቀንድ አውጣዎችም የናተ ታዛዦችም ምንም በአሁኑ ሰዓት በልጆቹ ተጋድሎ ላይመለሱ ተወግደዋል,1,1,0,0,0,0
amh_train_track_b_01562,ጉሉሩ እና ኡመር ፍቅር ውስጥ ሲሆኑ እኔ ከፍቅረኛየ ጋር የሆንኩ ይመስለኛል የለኝም እኮ,0,0,0,1,0,0
amh_train_track_b_01563,የአሜሪካ መንግሥት በኢትዮጵያ ያቋረጠውን የምግብ እርዳታ ሊጀምር ነው,0,0,0,0,0,0
amh_train_track_b_01564,ደነዝ እንደሞጣ አይነት መሀይም ግን አለ?,0,2,0,0,0,0
amh_train_track_b_01565,ቢሊዮን ዶላሮችን የሚያንቀሳቅሰው ሐማስ የገንዘብ ምንጩ ምንድን ነው? ድጋፍ፣ ግብር፣ ክሪፕቶከረንሲ . . .?,0,0,0,0,0,0
amh_train_track_b_01566,አትሸነፍም ነው የተባለው ደደብ በጦርነት ውስጥ አንዳንዴ ያለ ነው,1,1,0,0,0,0
amh_train_track_b_01567,ጅዋር በፓለቲካው በጣም ጥሩ በሚባል ደረጃ ብትሆንም ኢትዮጵያ ውስጥ ያለው ስር የሰደደ ችግር ያለው በኢትዮጵያ ኦርቶዶክስ ውስጥ መሆኑን በፍጹም ለማየት አለመፈለግህ ወይም ንቀትህ ሁሉንም ብቃትህን በዜሮ ማባዛት እንደሚሆንብህ ለማወቅ አለመቻልህ ምክንያቱ ምን እንደሆነ ባውቀው ደስ ይለኝ ነበር,0,1,0,0,0,0
amh_train_track_b_01568,ልጆችን ለሚዲያ መሸቀጫ ማዋል የሰው አይን እንዲገቡ ፀፀቱ እንዲጎዳን ያደርጋል ያሳዝናል ነገሩ ከዚህ ልንማር ይገባል ነፍስ ይማር,0,0,2,0,0,0
amh_train_track_b_01569,በእነት የፕራንክም ልክ መሁን አለበት እኔለራሱ መጀመራያ እወነት መሱሎኝ ደንግጬ ነበረ ገነ ፕራን መሆኑ ጡሩ ነው በሌክ አሬጉ ለማንኛዉሜ ፍቅርቺህን ፈጣሪ ያዝልቅላቹህ ይቸፈመቻህ,0,0,0,0,0,0
amh_train_track_b_01570,ደደደብ የፕራንክን ትርጉም ሳታውቁ ማበድ፣ ፕራንክ ለፈን የሚደረግ እንጂ እንደዚህ አይነት ትዳርን ሊያበላሽ የሚችል የደደደብነት መገለጫ መሆን የለበትም ነበር፣ ከአሁን በኋላ እንደማታምንህ እወቅ፣ ያስጠላል በጣም,1,2,0,0,0,0
amh_train_track_b_01571,አንተ ደንቆሮ ምን ልብ፥ ታሪክና ሃይማኖት አልህና ታለቅሳለህ። የንዲውት ልቅሶ ነው። ያገኛችሁት ነጻነት በ TIGRAY ህዝብ መስዋእት ነው። ጌታችሁ መለስ ዜናዊ ኦሮ,2,2,0,0,0,0
amh_train_track_b_01572,ሌላው ይቅር ማርሻሉክ የስመ ጥሩ የሀገር ኩራት ከሆነው የነበረው የ102ኛ አየር ወለድ ክፍለጦር አባል የነበሩ ናቸው።ፅንፈኛው አማራ ይህን እንዴት ይረሳል?,0,2,0,0,0,0
amh_train_track_b_01573,አተራስክ ድብን በል እነሱማ ሞት አይፈሩም ሸኢድ ናቸው,2,1,0,0,0,0
amh_train_track_b_01574,አይ አለም ነዋሴ ምን ታድርግ ሃቁን ከተናገርክ ላንተም ለቤተሰቦችህም ጥሩ አይደለም ፈላሻነትህን ቀምቶ ሊያባሩህ ይችላሉ በመጀመሪያ የእስራኤል ጦር እንደ እባብ ጭንቅላቱ ተቀጥቅቶ ነው እየውጣ ያለው የምን ሰላማዊ ሰው ነው የምታውራው ዛሬም በአየር ሃይልዋ ሰላማዊ ህዝብ እፈጀች አይደለም በእግረኛ ጦር ግን ፊዳዋን ነው ያየችው ሌላው የታለ የሃማስ ከፍተኛ አመራር የተገደለው ምንም ስለዚህ እስራኤል ጉራ ብቻና ብቻ ነው,0,2,0,0,0,0
amh_train_track_b_01575,እግዚአብሔር ይመስገን አባታችን እንኳን ደህና መጡልን አባታችን የእኔም አባት አይኑን በጣም ይታመም ነበር እና ቀይ ጃኖ ጋቢ አሰርተህ ብታስቀምጥ ትድናለህ ብለውኛል ይለን ነበር እናም እኔም ምክንያቴ ምን እንደሆነ ባላውቅም ልብሶቼ በብዛት ቀይ ከለር ናቸው እናም ከሗላየም ሰው የቆመ ይመስለኛል አልፎ አልፎም ከሗላየ ውልብ ብሎ ሰው የሄደ ይመስለኝና ዞር ስል ምንም ነገር የለም እናም በጣም እፈራለሁ ሗላየን አላምነውም እናም ምንም ሰላም የለኝ,0,0,0,1,1,0
amh_train_track_b_01576,የአማራ ክልል ግጭት ሳይሆን ጦርነት ነው ደግሞም ወገኑን የሚጨፈጭፍ ሠራዊት መከላከያ አይባልም,1,0,0,0,0,0
amh_train_track_b_01577,እኔ የምለው ግን ተለያይተው ማደጉ እውነቷን ልጅቷ ግን እስከመቼ ነው ግነ ሰው እየተለመነ ውጭ እወስዳቸዋለሁ ያለችው ግን ብትወስዳቸው በተለይ ለህፃኑ ህክምና ቢያገኝ ቢሄድ ጥሩ ነበር,0,0,1,0,0,0
amh_train_track_b_01578,የጠቅላይ ሚንስትር አማካር አባሳደር እጅግ ይመቸኛል ንግግሩን አደንቃለሁ በጣም,0,0,0,2,0,0
amh_train_track_b_01579,ብቻ ቆይተሽ ፕራንክ ነው ብለህ እንዳታጉላላላን ዋ አንተ ሞላጫ😂,0,1,0,0,0,0
amh_train_track_b_01580,የድጋፍ ሰልፍ ምትሉት የደሃን ቤት ስለምታፈርሱ ህዝባችንን መከራ ውስት ስለከተታችሁ ነው? ደንቆሮ ካድሬ ይውጣ! 2 3 ኮ,0,2,0,0,0,0
amh_train_track_b_01581,ጋላናጁታ በ1ቂጥ እንራ አላችሁ ምነው ገና ፍቅር በፍቅር ለመሆን ቼኮላችሁ?,0,3,0,0,0,0
amh_train_track_b_01582,ከቂጣችን የሚወጉንን ትተን ያለው ለካ ግርማ የሺጥላ ወዶ አይደለም። እነዚህ ከኢሳያስ በላይ ለትግራይ ህዝብ ጠላት ናቸው።,0,2,0,0,0,0
amh_train_track_b_01583,ሀማስ ንፁሀን ላይ ባደረሰው ጥቃት የሚደርሰው በቀል የሚጠበቅ ነበር ቀላሉን ያድርግላቸው። ኢትዮጵያውያን ሙስሊሞች ከቻላችሁ ሄዳችሁ አግዙ እዚህ አትበጥብጡ,0,1,0,0,0,0
amh_train_track_b_01584,😭😭😭 እኔን የኔ እህት እኔ ልከራተትልሽ ዉይ በጣም ያማል አይዞሽ 😭😭😭,0,0,2,0,0,0
amh_train_track_b_01585,ዘረኛ ናት ዘረኝነት ከኢትዮጵያ ይጥፋ !!! እና ኢትዮጵያ የአቶ ልደቱ አያሌውን መስመር ነው መያዝ ያለባ። አይገባትም!,1,1,0,0,0,0
amh_train_track_b_01586,የህይወትን ቃል ያደማልን እኔ ግን በእውነት እግዚአብሔር በሚያውቀው ወይ ማኅበረ ቅዱሳን ወይ ማኅበር ጽዮን ላይ የሚመጡ መምህር ከዘፍጥረ እስከ ራዕይ ያለውን ሙሉ ሙሉ ክፍሉን እያነበቡ መቼ ነው የሚተረጉምሉን ብዩ ሁሌ አስባለው አይቼ አላውቅማበርግጥ በመጽሐፍ መልክ ተዘጋጅተው አይቼ ይሆናልበስብከት መልክ ግን ገጥሞኝ አያውቅም ተው ግን ጀምሩ ማኅበረ ቅዱሳንእና መግቢያ ላይ ያለውን መዝሙር ደግሞ ብትነግሩን ደስ ይለናል,0,0,0,0,0,0
amh_train_track_b_01587,አንቺ ዶክተር አንድ ጥያቄልጠይቅ !!!???ልጠይቅሽ አንቺ አገርሽን ከአንድ ቦታ ለምሳሌ ሱዳን ጎጃም ቢወስድ ደስ ይልሻል መልስሽ አይለኝም ነዉ ።ስለዚህ በራስሽን የማትወጁ በሌላዉ አትዉደጂ።,0,0,0,0,0,0
amh_train_track_b_01588,የጥበብ መጀመሪያ እግዚአብሔርን መፍራት ነው ? ምሳሌ 1፥7,0,0,0,0,0,0
amh_train_track_b_01589,በህግ አምላክ በሳምንት ሁለት ግዜ አደርጉት በጉጉት አተግደሉን,0,0,0,1,0,0
amh_train_track_b_01590,ጋዜጠኛው ያንተን ህዳሴ ሆነ ኣየር መንገድ ከፈለክ ኣፈርፍረህ ብላው የኤርትራን ወደብ ተገቢውን ክፍያ ከፍሎ መጠቀም ይቻላል ከዛ በተረፍ ኣይደለም የኣሜሪካ ቅጥረኛ ሴናተር ይቅርና ፈጣሪ ዳግመኛ ቢመጣ የሚለወጥ እና በነፃ የምንሰጠው መሬትም ባሕርም ኣይኖርም ይህንን ተላልፎ ለሚመጣ ህልመኛ አለንጋ መልስ ይሰጣል,2,0,0,0,0,0
amh_train_track_b_01591,ውሻ የሆንክ ሰው ዘንድሮም ታስመስላለህየዚቺ አገር ፍዳና መከራ አንተ የውሻ ልጅ ጉድጓድ ስትቀበር ይቀራል እሩቅ አይደለም ደም መጣጭ አስመሳይ,1,2,0,0,0,0
amh_train_track_b_01592,ሲሰበሰብ የነበረው ፊርማ የት ደረሰ?,0,0,0,0,0,0
amh_train_track_b_01593,መጨረሻም ይበቀላታል ግን ብቻዋን ትቀራለች የበቀል መጨረሻው ጉልሩ ብቸኛ ትሆናለች,1,0,0,0,0,0
amh_train_track_b_01594,ወይ የእናት ጭካኔ መረዝ ፈጣሪ ይሁንሽ,1,0,1,0,0,0
amh_train_track_b_01595,ሰላማዊ ሰልፍ እንዳለ ሆኖ መከላከያ ሰራዊት ወደ ጦርነት ቀጠና ለቆ ይውጣ ማለት ለጤና አይደለም ሀገር ጠባቂ ከመሆኑ አንፃር ጦሩ ባለቤት ሆኖ ያለ መንግስት እውቅና የታጠቁት በመጀመሪያ ደረጃ ቢፈቱ አይሻልም ወይ,1,0,0,0,0,0
amh_train_track_b_01596,ውሻስ እንስሳ ነው በእነርሱ ውሻ በባህሪው ተናካሽ ቢሆንም ከቤተመንግስት ከተባረረረ እኛስ አገርና ሠፈር ሳይቀር ሁለመናችንንን መንከስ ብቻ የሚቦጫጭቁን አውሬ ሠዎች ምን ይደረጉ ?,1,1,0,0,0,0
amh_train_track_b_01597,በዚህ ዘመን በእግሩ ያለጫማ የሚሄድ ህብረተሰብ በጠራራራ ፀሃይ ጋቢ ሚለብስ ደሃ ገበሬ በሞላበት ሃገር ቤተመንግስት መገንባት ያሳዝናል ራበን እያሉ ወገኔ ባላወቀው ጦርነት ተሳትፎ ለረሃብ አበቁት,0,0,2,0,0,0
amh_train_track_b_01598,የህፃናት ሞት የሚያሥደስታችሁ አይሁዶች የወረደ የዘቀጠ እስተሳሰብ ያላችሁ ደንቆሮዎች ናችሁ የትአሉ ሀያላት የትአሉ አምባገነኖች ምድርላይ ሲበድሉየነበሩት የሚልበት ጊዜ መምጣቱ ጥረጥር የለውም,2,1,0,0,0,0
amh_train_track_b_01599,2 million ያዋጣሀል ከዛ በላይ ዓቅሜ አይችልም,0,0,0,0,0,0
amh_train_track_b_01600,በዚህ ክፍለ ዘመን ኢትዮጵያ ውስጥ እንዲህ ያለ ዝቃጭ ስራን ሕዝብ ተሰብስቦ ሲያደንቅ ማየት እጅግ ያሳስባል ይህን የሚያምን ዜጋ ለምንም አይሆንም የኢትዮጵያ,1,1,0,0,1,0
amh_train_track_b_01601,ስሙ ብቻ ሳይሆን መዝፈን ቢተው ጥሩ ነው,0,0,0,0,0,0
amh_train_track_b_01602,Montish Ahmed ባለን ነገር ፈጣሪን ማመስገን ነው ስንት እህቶቻችን ያልፍልናል ብለው ወጥተው ያልተመለሱ አሉ ስንቶች ጤናቸውን አጥተው የሚሰቃዩ አሉ ደግሞ ስደት ለኔ ገና ስሰደድ ሊደላኝ ሳይሆን ሰርቸ የተሻለ ህይወት ለመኖር ለኔ ስደት ባለውለታየ ነው እናቴ ሰው ቤት ልብስ እያጠበች ነው ያሳደገችኝ ዛሬ ቢያንስ ከቤት ኪራይ ገላግያታለሁ ይህ ለኔ ትልቅ ነገር ነው ክብር ምስጋና ይግባው ለፈጣሪ,0,0,0,2,0,0
amh_train_track_b_01603,ኢሬቻ 1000 %ጥንቆላ ነው ካላመናቹ እግዚአብሔር በእናንተ ላይ ቁጣው ሲነድ ታያላችሁ ከዚህም በፊት በየገደሉ ወድቃችኋል የአሁኑ ደሞ የከፋ ነው ሚሆነው ሰው,0,2,0,0,0,0
amh_train_track_b_01604,ሀገር በተንኮል በሴራ የህዝብን ስጋት ጆሮ ዳባ ልበስ በማለት እንዱን ብሄር በአንዱ ላይ በማስነሳት በማሳደድ በእኔ አውቅለሃለሁ በአምባገነንነት በማፈን በማሸማቀቅ በመደብድብ,2,0,0,0,0,0
amh_train_track_b_01605,በይቅርታ ብታለፊ ጥሩ ነው 😂😂😂,0,0,0,0,0,0
amh_train_track_b_01606,ጋሽ ታዲዎስን ዛሬ ፌዴራል ከፍተኛ ፍቤት ልደታ ምድብ ወንጀል ችሎት አገኘኋቸው፣ሰላም አልኳቸውና ለጥቂት ደቂቃዎች አዋራኋቸው። የሚገርም የመንፈስና የአካል,0,0,0,1,0,1
amh_train_track_b_01607,ምን ብየ እደምጽፍ ጨነቀኝ አላህ ያበርታሽ ጀግና ሴት ነሽ በርች አይዞሽ አንች ጠንካራ ነሽ ሰርተሽ እህትቶችሽን ታሳድጊለሽ እሽ በርች,0,0,2,0,0,0
amh_train_track_b_01608,የእለቱ አስገራሚ ፕሮግራም ። ኢትዮጵያውያን ዳያስፓራ በሽተኞች ነን ሳይካትሪስት ያስፈልገናል ። ፕሮፌሰር ሃይሌ ገሪማ ። ሙሉውን ቪዲዮ ተከታተሉት,0,0,0,0,0,0
amh_train_track_b_01609,ወያኔ ሃያ ሰባት አመታትን ምን ያህል ትዉልድ እንዳጠፋ ይህ ጥሩ ማስረጃ ይመስላል  ይህን የአማርኛ ቀልድ ብለው ከፍለው ገብተው እያዳመጡ መሣቃቸዉ የሚገርም ነው,0,1,0,0,0,1
amh_train_track_b_01610,የፈራሁት ጠሚው ብርሃኑን ከቦታቸው ድንገት እንዳያነሷቸው ብቻ ነው,0,0,0,0,2,0
amh_train_track_b_01611,ወፍራም ደንቆሮ ነሽ እንደአጎቶችሽ ሁሌ ጦር ነው የሚታይሽ ያልተዘራ አይበቅል ቆንዳፍ,1,2,0,0,0,0
amh_train_track_b_01612,በቃ ፖለቲካ ሠራችሁ ማለት ነው። ብልጽግና እንደተባለውም የርኩስ መንፈስ የተጠናወተው፤ የሰውን ልጅ ደም ካልገበረ አንድ ቀን እንኳን ማደር የማይችል አደገኛ ስብስብ መሆኑን ከ5 ዓመት,2,2,0,0,0,0
amh_train_track_b_01613,እግዚአብሄር ትዕቢትን ሲያስተነፍስ አይተናል። ይህንንም ያያል። ያለፈው የ27 አመትን ስቃይ የረሱ ናቸው ሲያጓሩ የነበሩት። የዘር ነጋዴ ሞት እንጂ ሕይወ,0,2,0,0,0,0
amh_train_track_b_01614,ይልቅ ይህንን የመሠለ ዘግናኝ ግፍ የፈጸሙ ነፍሰ ገዳዮች በገለልተኛ ወገን ተጣርቶ ለፍርድ እንዲቀርብ በማድረጉ ትግል ላይ እንጠንክር ። ክቡር አምባሳደር የፓ,1,0,1,0,0,0
amh_train_track_b_01615,ቻርሊስ ግን ፍቅር አያቅም እንዴ ጅብዴት ሲሰቃይ እያየ ዝም አለ ጉዱ እንዳይታወቅበት ድንች ራስ ጠብቅ ተራህን,0,1,0,0,0,0
amh_train_track_b_01616,በጣም ያሳዝናል በጣም ተሥፋ አርጌ ነበር,0,0,2,0,0,0
amh_train_track_b_01617,ለካ የኢትዮጵያ እስራኤል አሌችንዴ ሞት ለእስራኤል ድል ለፊልስጥን🇰🇼🇰🇼🇰🇼🇰🇼🇰🇼🇰🇼,0,2,0,0,0,0
amh_train_track_b_01618,መለፍለፍ አቁም ያልተጻፈውን አታንብብባህር አይደለም ትልቁ ችግርህ አስተዳደር እንጅ ከ 34 በላይ ያለባህር ኑረሃል አሁን ባህር ባህር የሚል በሽታ ገረሸብህ,2,1,0,0,0,0
amh_train_track_b_01619,በአውሎ ንፋስ የተወሰደው የአራት ወር ሕጻን ዛፍ ላይ በሕይወት ተገኘ,0,0,0,0,0,1
amh_train_track_b_01620,የዘንድሮ የወንዶች ትግስት የሚገርም ነው,0,0,0,0,0,2
amh_train_track_b_01621,ክቡር ጠቅላይ ሚኒስትር አብይ አህመድ ሺህ አመት ይንገሱ። አቶ ታዲዮስ ታንቱ በመታሰራቸው እጅግ ደስተኛ ነው። ባይፈቱ እላለሁ። የእድሜ ልክ አክባሪዎ ነኝ።,0,0,0,2,0,0
amh_train_track_b_01622,አይንሽ ይጥፋ ስንት ስደተኛ ሰብስባ የያዘች አሜሪካ ለምን ትጥፋ ሰው እሚያርዱለህፃናት ሞት ምክንያት የሆኑ ህዝብ ውስጥ ተደብቀው ህዝብ እሚያስጨርሱ የሌላ እምነት ተከታይ እማይወዱ አሸባሪወች ጨካኝ አራጆች ይጥፉ እንጅ,2,2,0,0,0,0
amh_train_track_b_01623,ምነው እባካችሁ የውስጣችሁን ባዶነት ባታጋልጡና በትከረፉ አይሻልም? በአንድ ታላቅ ህዝብ ስም ባትነግዱ! ገባያችሁ ስድብ ካልሆነ አይደራም አሉችሁ እንዴ!,2,1,0,0,0,0
amh_train_track_b_01624,መሬም አለይሄ ሰላምኮ ሞታለች አፈርሆናለች አሰማም የለችም እደማንኛውም ፍጡር የውመል ቂያማ አብረን ነውእምንቀሰቀሰው ሰማይላይሆና ትሰማለችአላለም አይ ክህደት ባለጌ እኮንእሶ እረሱልም አይሰሙ ኢላ ከፈጣሪያችን በቀር ሆ,1,0,1,0,0,0
amh_train_track_b_01625,ስሜታዊነት፣ ጥላቻና ግልብነት በፖለቲካው ብቻ ሳይሆን አሉን በምንላቸው የጋራ ሀብቶችና አሰባሳቢ እሴቶች ሁሉ አሉታዊ ጥላቸውን አጥልተዋል። መቼም ሲኖዶሱ የሰሞኑን ክስተት ድንገት የተ,1,0,0,0,0,0
amh_train_track_b_01626,ድሃው ወዴት ይሂድ? ድሃው ወዴት ይጩህ? የእናቶቻችን እንባ ዋጋው ስንት ይሆን? ፍትህአጣን,0,0,3,0,0,0
amh_train_track_b_01627,ስለዚህ ልጅ ብዙ ብል ድስ ይህን ነበር በግል አውቀዋለሁ አስፈላጊ ሲሆይ እኔም ቀርቤ አስረዳለሁ እልም ያለ አጭበርባሪ ነው ስሙ ሊቀይር የፈለገበትም ምክንያት ግልጽ ነውእንዳትሸወዱ ወገኖች ተጠንቀቁት,0,1,0,0,0,0
amh_train_track_b_01628,እሺ ንፁህ ከሆነ ለምን ሽሽ? ታዲያ ወደ ጅቡቲ የኼደው አማራን ነፃ ሊያወጣ ነበር ወይስ እራሱን ነፃ ሊያወጣ? የጋዜጠኛን ሥም ይዞ ሀገርን በነውጥ አሸብሮ ሕዝብን ለጦርነት ስጋት ዳር,2,0,0,0,0,0
amh_train_track_b_01629,ከታሰበው ሴራ ድንገት ተሳስተው ውልፍ እንዳይሉ የሚፈለገው መልእክት በፅሁፍ እንደተጋጀላቸው አነባበባቸውም ቃሉ የራሳቸው እንዳልሆነ እንደሚያሳብቅ አስተውላችኇል?,1,0,0,0,0,0
amh_train_track_b_01630,ወብቲሚስት ናት እያልክ ነዋ ዳክ ? ?,0,0,0,0,0,0
amh_train_track_b_01631,ጋዜጠኛዋ ዋው ስታምሩ ሰለሞንን ብታገባው እና ብትወልድ ማዘርን ብታስደስት ጌታል ሶል በጣም ያምራል ልጅትዋ ስርአትዋን ሳላደንቅ አላልፍም,0,0,0,2,0,0
amh_train_track_b_01632,ምንም አይነት ሰው ይሁን እኔ ደስ አይለኝም,0,0,0,0,0,0
amh_train_track_b_01633,የኢትዮጵያ ጠላት ሀገር ለማፍረስ ከውስጥ የሚዋጋ ቅጥረኛ ነውተገልበጥ,1,2,0,0,0,0
amh_train_track_b_01634,የእስራኤል ጦር በደቡባዊ ጋዛ ሆስፒታል ላይ በፈፀመው ወረራ “የከፋ ጥፋት” መድረሱ ተገለጸ,0,0,0,0,0,0
amh_train_track_b_01635,እልል ጉርሉ የታባሽ የጅሀንን ፍቅር ገፍተሽ ሄደሽ ምን አገኛለሁ ብለሽ ነው ኡመርንም በቀል አስተማርሽው ንጹህ ልብ ያላቸውን ሰዎች ጎዳሽ ይሄም ሲያንስሽ ነው,1,0,0,0,0,0
amh_train_track_b_01636,ከዚህ ወረ ምን ታተርፋላችሁ ሞት እና እንግልት ከማስመጣት በቀር ቱልቲላ ሁላ።,1,2,0,0,0,0
amh_train_track_b_01637,ድል ለፋኖ ድል ለአማራ አደለም አይሳካላቸውም የህዝብ ጦርነት ማንም አያሸንፋም ድል ለአማራ ህዝብ,1,0,0,0,0,0
amh_train_track_b_01638,ቢኒ ውድ ሰው ላንተ ያለኝ ክብር ይለያል ግን ፓስተሮች ዲራሚስት ስለሆኑ አንተም በተዋህዶ እምነታችን እየተጠቀምክብን ከሆነ ብዬ እፈራለሁ ፈጣሪ ይጠብቅህ,0,0,0,1,1,0
amh_train_track_b_01639,ጀግና የሆነ ፓስተር ቢኒያም ሽታዬ ድንቅ ሰው። ዞረብህ አደል ክክክ ማሙሽ,0,1,0,1,0,0
amh_train_track_b_01640,ኧረ መቼና ምንድነው የሚያስተምራችሁ ኧረ እባካችሁ በናንተ ድንቁርና የሌላቸውንም መከራ አታራዝሙ ኤርትራውያንን ገዳይ አማራን ተስፋፊ አፋርን ጠላት እያላችሁ ከማን ጋ,1,0,1,0,0,0
amh_train_track_b_01641,ጅሀር ጥሩ ተናጋሪ እና ጥሩ አደናጋሪ ሰው መሆኑን አውቅ ነበር አሁን ግን ፍጥጥ ያለ ኣብይን አትንኩት ያለፈ አልፏልና ጄኖሳይድ እና የጦር ወንጀለኝነት ያደረሱ ስዎች አይጠየቁ  ብልፅግናም ባለበት ይቀጥል  ይሄ ሁላ ሂይወትና ንብረት ያወደሙ ስዎች እንለፋቸውና በእርቅ እንቋጨው እያለ ነው በተጨማሪም እኔ ከደሙ ንፁህ ነኝ ይላል ነገር ግን በትግራይ ህዝብ ላይ ድፍን ጥላቻ እንዲኖር ከሰሩ ስዎች ቁንጮው ለኔ ጅሀር ነው ብቻ በአጠቃላይ አስመሣይ,0,2,0,0,0,0
amh_train_track_b_01642,ሩዋንዳ እያሉ ሲያስፈራሩህ የነሱን ፍርሀት እያጋቡብህ ነው። በተናጠል ከምታልቅ ይለይለት። ብዙ ነህ ስታስታምማቸው አትኖርም። ሩዋንዳ ከመጣ ለነሱም,2,0,0,0,0,0
amh_train_track_b_01643,ለፕራንክ ገና ቦታ አግኝተሃል 😍😍😍,0,0,0,0,0,0
amh_train_track_b_01644,እውነት ነው ለአንቺም መልካም ቀን?,0,0,0,1,0,0
amh_train_track_b_01645,አዎ ሀሜስ አይጠፋም በእስራኤል አረመኔያዊ ጭፍጨፋ አሁን ሀማስ ህዝብ ሆነ ህዝብ ደግሞ አይጠፋም,1,1,0,0,0,0
amh_train_track_b_01646,አሁን በትክክክል ትዛዝ ተቀባይነትዎን ይፋ አደረጉ በንፁሃን ደም እና ንብረት ውድመት የነጮች አላማ አስፈፃሚ መሆን እጅግ ያማል ይበልጥ የሚያስፈራው በቀጣይም የተደገሰው አሻጥራዊ የሞት ድግስ ነው ምን ያህል ሀዝብ መጨረስ ይሆን እቅዱ ፈጣሪ ይሁነን,0,1,1,0,1,0
amh_train_track_b_01647,አንተስ ከክፉም የከፋ ክፉ ወሬ አውርተሃል ደግሞ ሐሰተኛ ነብይ ነህ,1,1,0,0,0,0
amh_train_track_b_01648,እውነት ለፍትህ የሰጣችሁት ቦታ ሳላደንቅ አላልፍም ክበሩልኝ የ4060 ጉዳይ በጣም ያሳዝናል ስንት አንገብጋቢ ነገር ትተን መንግሥትን አምነን መመሪያና ውል ተቀብለን ተፈራርመን ተመዘገብን መንግሥት በ18 ወር ቤት እሰጣችሁለሁ አለን ያለንን ነገር ሁሉ ሽጠን ሙሉ ክፍያ ተበዳድረንም ግማሹ በወለድ ግማሹ መኪና ሁሉ ሸጠን ከፍለን ይህው 11 አመታችን ፍርድ ቤት እንኳን የወሰነው ውሳኔ የፌደረሽን ምክር ቤት ፖለቲከኞች መመሪያው ስህተት አለበት ስለ,0,0,2,1,0,0
amh_train_track_b_01649,ከመጠን በላይ ኩራት ወደ ጥላቻ ይመራል።የዚህ ሁነኛ ምሳሌ የትግራይን ሕዝብ ቁልቋላም እያለ ሲሳደብ የሚውል የጎንደር ጎጠኛ,0,2,0,0,0,0
amh_train_track_b_01650,የሰማዕትነት ሞት ከክርስቶስ ጋር ምንገናኝበት መንገድ ነው,0,0,0,0,0,0
amh_train_track_b_01651,ይህ የምንመለከተው የልዩሀይላችን ወከባዕንክልት ያሳዝናል አይገባቸውም፡፡,0,0,2,0,0,0
amh_train_track_b_01652,ምነው የግብርናው ጉዳይ አጀንዳ ማስቀየሻ ብቻ ሆኖ ቀረ? ተፈናቃዩና ተሳዳጁ፤ ገበሬው፣ ጭንቅ ሲመጣ ዝመት የሚባለው፤ ገበሬው፣ በካድሬው ነጋ ጠባ የሚንገላታ,1,0,1,0,0,0
amh_train_track_b_01653,የ አማራ ዋንኛ ጠላት መሳይ መሆኑን አንዘነጋውም በለው ገደልንማረክን እያላችሁ እናንተ ዳር ሆናችሁ አስፈጃችሁት በርቱ።,1,2,0,0,0,0
amh_train_track_b_01654,ብልጽግና በአብን በኩል ያወጣው የአጨዳ ወቅት ዲስኩር ሲያስቀኝ መንግስት ተብየው በሱዳን የተወሰደብን መሬት ይመለስ ዘንድ ስለሱዳን ሰላም ጸልዩ የሚለው ማላገጫ አሳረረኝ ጎበዝ ምኑ አዘቅት ውስጥ ነው የወደቅነው,1,0,0,0,0,0
amh_train_track_b_01655,“በጋዛ ሕይወት እየጨለመብኝ ነው” - በጋዛ ያለ የቢቢሲ ጋዜጠኛ,0,0,1,0,0,0
amh_train_track_b_01656,ጋሽ ለገሰ መልካም ነገር አይጠላም በመጀመሪያ ሀገር መንግስቱን አጽኑ ከእንግዲህ በኃላ የአብይ ሰርፕራይዝ ይበቃናል እንደ መለስ ዜናዊ ካሳ ተመልሳ እግሩ ስር,1,0,0,0,0,0
amh_train_track_b_01657,እነዚህ ለምንም የማይጠቅሙ ገልቱዎች ናቸው እኔ የሚገርመኝ ኢቶ360ዎች አብይ አብይ ብለው ሊሞቱ ነው የቂም በቀል ስራ ነው የሚሰሩትየግል ቁረሾ አለባቸው ወይ አባታቸው,2,1,0,0,0,0
amh_train_track_b_01658,የቁጥር ብዛት ሳይሆን ጥራት ጀግንነት አስተዋይነት አትንኩኝ ባይነት ታዲያ በዓውደ ግንባሩ ላይ የምንማርካቸው ዘመዶችህን መልዕክ አልሰማህ ይሆን እኔ ነኝ ጃዊሳ ምናምንቴውን በቁሙ የማስፈሳ,1,1,0,0,0,0
amh_train_track_b_01659,አላህ ጤናሽን ይስጥሽ አንቺ ጎበዝ,0,0,0,1,0,0
amh_train_track_b_01660,እሱን ታየዋለክ በቅርቡ የማይነካ ነክቷል ምድራዊ ደስታ ጊዜያዊ ነው ግን ሁሌ የማይጠፋውን ሰማያዊ ደስታን አለማየት ግን ድንቁርና ነው የጭቃ ውስጥ እሾክ,1,1,0,0,0,0
amh_train_track_b_01661,እኔ ልይክ የሚባለውን ሞክሬው አላውቅም ዛሬ አርጉኝና ደስ ይበለኝ,0,0,0,1,0,0
amh_train_track_b_01662,ኡፍፍፍ እኔን የኔ እናት አይዞሽ በእዉነት ያማል በጣም😭😭😭,0,0,3,0,0,0
amh_train_track_b_01663,አስፍዬ ቀናሁብህ አባቴ መልካም ሰርቶ በደስታ ጥግ ከቃላት በላይ እናቶችን በፍቅር እንባ አራጭቶ የሰው ልብ ውስጥ በክብር ተቀምጦ ማለፍ እንዴት ያለ መባረክ ነው በተለይ ለእናት ኢትዮጵያ,0,0,0,1,0,0
amh_train_track_b_01664,ጀዋር ወንድ ነው ወጣትነቱ ብዕድሜው ተጠቕሞ ኣሁን ደግሞ ዕድሜዉን በደምብ ያስነበበ ታጋይ ነው ፖለትሻንም ነው ይሄ የማያድግ ህጻን የእናቱ ቃል ኪተገብር ብማይመለከተው ፖሎቲካ ገብቶ ህዝቡን ኣጫረሰው መንጌ ዘረኛ ኣልነበርም,1,1,0,0,0,0
amh_train_track_b_01665,እረስህን እያበለክ እድሜ ዘለለምህን ዘረፈ ትለለክ አማራ በትግራይ ከልታማራ መከራ ይማክረዋል ዶክተር አብይ ሁሌም የእትዮጲያን ሕዝብ ይዞ ይዋጋል,1,2,0,0,0,0
amh_train_track_b_01666,ኢትዮጵያ በሃሩ የኔ ነው ብላ ከአመነች መውሰድ ነው በቃ የምን ፈራ ተባ ያለበለዚያ አፈቹን ዝጉ,2,1,0,0,0,0
amh_train_track_b_01667,ይሄ ኡመር አቃጥሎ ሊገለኝ ነው አሁንም ለበቀል ነው ጉሩሉን ይቅርታ የሚጠይቃት ምኑ አስመሳይ ነው,2,0,0,0,0,0
amh_train_track_b_01668,ግማታም ጥገኛ መጀመሪያ የት ተሰደሺ መጠሺ እዴት ተጠግተሺ እደምትኖሪ እዎቂ ጀግናሺ ተሆን ለምን አትሄጂምና አትዋጊም እስራኤል ጀግናዋ ቂጣችሁን ገርፋ መሬታችሁን ዎስዳ በያገሩ እደ አባራ የበተነቻቻሁ ጀግና ናት እስራኤል ሞት ለእስላም ደል ለእስራአ,0,2,0,0,0,0
amh_train_track_b_01669,ኢትዬጵያን ያስተዳደረ ጀግና ህዝብ አማራ ነው፣በኢትዬጵያ ግንባታ ወቅት ሱሪ ያልነበረው ከከብት ጋር ከብት የሆነ ሌላ እንትን ነበር፣ዛሬ ድንገት ስልጣን ላይ ቁጢ,0,2,0,0,0,0
amh_train_track_b_01670,ከዚህም አልፎ መደመር ብሎ የጻፈ ሰው መሆኑ ትዝ ሲል ጭንቅላት ያሳምማል አሁን አሁን ከሚሆነው አንጻር፤ ያ ሁሉ የቃላት ጋጋታ ለካስ ሽፋን ነበ,0,0,2,0,0,0
amh_train_track_b_01671,በሶማሊያ ለደኅንነት ሲባል የዋና ከተማዋ ነዋሪዎች ማስክ እንዳያደርጉ ተከለከለ,0,0,0,0,0,0
amh_train_track_b_01672,ጁንታው አማራ ክልልል ይቀበራል፣ መንግስት እጅ ስጡ ብሎ ተናግሮ ነበር። ብልጥ የሆኑቱ እጃቸውን እየሰጡ ነው። የጁንታው ደጋፊወች አትንጫጩ ።,0,2,0,0,0,0
amh_train_track_b_01673,ግን ሀሳቡ ሳይሆን አካሄዱ በማን አለብኝነት መሆን የለበትም አብይ በጣም እልህኛ እና ቂመኛ ሆኖ ሰው ዋጋ መክፈል የለበትም!የተናበበ መረጃ የለም!አሁንም,0,1,0,0,0,0
amh_train_track_b_01674,መጽሐፍ ቅዱስ ማታነብ ከሆነ ምትመልሰው እራሱ ያልተጠያከውን ነው,0,1,0,0,0,0
amh_train_track_b_01675,ወደ ነበረበት ተመለሰ ደስ ይላል። መንግሥት ግን ይኼንን ነገር ሲጀመር ሽምግልና ብሎ መጠበቅ ሳይሆን የተለዩትን ጥበቃ በማድረግና በመነጠል ሕጋዊ እንዲሆኑ ካ,0,0,0,1,0,0
amh_train_track_b_01676,በእርግጠኝነት ጠሪዎቹ ልጆቻቸውም ዘመዶቻቸውም እዳይወጡ ይነግሯቸዋል ስለ ኢትዮጵያ ብለው ሳይሆን የሥልጣን ጥም ያላቸው ስብስብ በኢህአፖም ነጭ ሽብርብን ወደ ቀይ ሽብር ያስቀየሩት ስንት ወጣት የሞተበት ስሆን አሁን ደግሞ በውጭ እና በውስጥ ያላችሁት በወጣቱ ደም ለመነገድ ካልሆነ በስተቀር እራሳችሁ ፖርቲን በማፍረስ የተካናችሁ አቋም የሌላችሁ የኢትዮጵያን ህዝብ ይኸው 50 እረፍት ነሳችሁን አሁንም ቢሆን የምዕራብዊያን እገዛም ጭምር ነው ይሄን,2,0,0,0,0,0
amh_train_track_b_01677,እና ምን አገባን በመጀመርያ ምንፈልጎመጣምንሰ አሰቦነው እደዝህብለሺ ማሰብየለብሺም እደትሰ ወደድሺው ባልእያለሺ አትወጂውምነበር ማለትነው ለማንኛውም አይዞሺ😁😢,0,0,1,0,0,0
amh_train_track_b_01678,ክሪስቲያኖ ሮናልዶ የባይናንስ ማስታወቂያ በመሥራቱ የ1 ቢሊዮን ዶላር ክስ ተመሠረተበት,0,0,0,0,0,0
amh_train_track_b_01679,ጃዋር ግን ምኑ ይታመናል ከሕውነቱ ከአንጀቱ ከሆነ ጥሩ ግን ይታመናል ወይ,0,1,0,0,1,0
amh_train_track_b_01680,አሜሪካም ሞት አለ ከሚለው ጋር ይመሳሰላል።,0,0,0,0,0,0
amh_train_track_b_01681,አሰላሙ አለይኩም ወራህመቱላህ ወንድሜ ወላሂ በጣም ነው ኧምወድህ  ለአላህ ብዬ አንተ ላይ ጠብቄ ያጣሁት ነገር ቢኖር በሆነ አጋጣሚ በህይወቴ አንዴ ብቻ ጅማን ከተማ በረገጥኩበት እና በመንገዴ ያየሁት የሥራ ፈቱ ጫት ቃሚ ብዛት ሳይ ወይኔ የአባ ጅፋር ሀገር ወይኔ የጀበሉ ልጅ ሀገር ጫት በሚባል መሳሪያ ራሱን በራሱ ሲያጠፋ ሌላው ቢቀር በጠቃሜ ብዕርክ በጣፋጭ አንደበትክ አላህ በሰጠክ ኒዕማእውቀትለምን ችላ አልካቸው አሥብበት ወንድምክ አብዱረሂ,0,0,0,2,0,0
amh_train_track_b_01682,የባንዳነት ኩራት ዘር ከልጓም ይስባል ማለት ይሄ ነው።,0,1,0,0,0,0
amh_train_track_b_01683,ምነው የዶክተር እስራኤል ጥላሁን ሞት በዝምታ አለፋችሁት ባለስልጣን ስለሆነ ነው ዝምታው ፍርሀቱ እስከመቼ ነው ንፁሀንን እያየን ዥምታ ብልፅግና ገዳይ አስገዳይ የአውሬ ስርአት አራማጅ ነው አዲስ አበቤ አሁኑኑ ካልተነሳህ ዘንዶው በየቤትህ በር ላይ ቆሟል ካልተነሳህ ኦርቶዶክስን እና እውነተኛ ሙስሊምን አጥፍቶ ሉሲፈርን ለማስመለክ ግብረሰዶምን ትውልዱን ለማስበላት ለማርከስ ለጨለማው ስርአት ለመዘረጋት ኦሮሙማ በሚል ሽፋን እየተሰራ ነው እንንቃ,1,2,0,0,0,0
amh_train_track_b_01684,ከ2020 ጀምሮ የሚሰማው ዜና ራስ እሚያዞር ለመስማት እሚዘገንን ድንገት ሞት ጦርነት ኮሮና ድህነት መፈናቀል ጭካኔ አንዳንድ ጊዜ ሳስበው የአለም መጨረሻ እየመሰለኝ ነው,1,0,1,0,0,0
amh_train_track_b_01685,አይ ቢቀርባቹ ጥሩ ነው እኔ የማንም ደጋፊ አይደለውም እስራኤልም አሸነፈች ፍልስጤም አያገባኝም ግን ቢደራጁ እራሱ የእስራኤልን ጦር መቋቋቋም አይችሉም!,0,1,0,0,0,0
amh_train_track_b_01686,ነገር ድንገት በዕራዕይ ምን ታየኝ ሲል እንደነበር እናቃለን በአጠቃላይ የብዙ ሰዎች እጅና፤ በስፋት የኦሮሙማ አቀንቃኞችና በመንግስት አለሁላቹ ባይነት ቤተክርስቲያናችን እዚህ ደርሳለ,1,0,0,0,0,0
amh_train_track_b_01687,በርችልኝ አፀድዪ ለሰለሰ ያሉ ሙዚቃወችን ተጫወች እሺ መልካም እድል አፀዱዪዪ,0,0,0,2,0,0
amh_train_track_b_01688,በጣም የሚገርም ነው ደር ዐቢይ ና ባለቤታቸው የሚሰሩት በጎ ምግባር ግሩም ነው እግዚአብሔር የሰጠንን ወጣት ባለራዕይ መሪ ነቱን የተረዱ ጠላቶች ስራውን ለማደናቀፍ እየሰሩ ይገኛል እግዚአብሔር እውነቱን ይግለጽልን,0,0,0,1,0,1
amh_train_track_b_01689,የዩቱብ ሽቀላ ሲቀንስ ቢዝነስ ቀየርካ በርታ። ከዛ ወደ ፍቅር ሲስም ከተሰት,0,1,0,0,0,0
amh_train_track_b_01690,ኢትዮጵያ፡ ማንነትን ማሳያ የሆኑት የባህል አልባሳት,0,0,0,1,0,0
amh_train_track_b_01691,በሺዎች የሚቆጠሩ ፍልስጤማዊያን የእስራኤል ጦር መቃረቡን ተከትሎ ማዕከላዊ ጋዛን ጥለው ሸሹ,0,0,0,0,0,0
amh_train_track_b_01692,ቡዳ ለሱዋ ያድርገው አርመኔ ጨካኝ በጣም ያማል ነፍሳቸውን በገነት ያኑርው,0,0,3,0,0,0
amh_train_track_b_01693,ኤደን ነኝ ምህረቱ የበዛልኝ ኤደን እህቴ ከእየሱስ ጋር የሙጥኝ የምትይዉ ሌላዉን ለማናደድ ነዉ? ወደ እግዚአብሔር ቤት የምሔደዉ መንፈሳዊ ህይወቴን ለማጠንከር እንጅ ኤደንንን ለማናደድ ብየ አይደለም።።።ሳይገባዉ የሚያደርግ ደግሞ ደንቆሮ ይባላል,1,1,0,0,0,0
amh_train_track_b_01694,ምን ብታደርገው ነው እንዲህ መጥላት ያስፈገው ድንግልዬ የጌታዬ እናት ምህረትሽ አይለየን,0,0,2,0,0,0
amh_train_track_b_01695,አርቶዶክስ ተዋህዶን ለማሸማቀቅ የተጓዝክበት ጉዞ ይገርማል ወይ ናትናኤል እግዚአብሄር ይክፈልህ የድሃ እንባ እና ልቅሶ ባንተ በልጆችህ እና በዘር ዘርህ ይሁን,1,1,1,0,0,0
amh_train_track_b_01696,ምንም እንኳ በሁለተኛ ደረጃ ትቤት ቢቋቋምም ትምህርት ቤቶች ግን ዘግተው ቁጭ ብለዋል ድንገት supervision ያስፈልጋል !,0,0,0,0,0,0
amh_train_track_b_01697,የ ስብስብ ከ ካልተባረረ ሰላም በኢትዮጵያ አይኖርም! ይህ ስብስብ ጨካኝ አረመኔና ገዳይ ነው! በተመጣጣኝ ስብስቡን የሚታገል ሀይል መፈጠር አ,2,1,0,0,0,0
amh_train_track_b_01698,የበታችነት ስሜት ግን እንዴት አደገኛ ነገር ነው በፈጣሪ። እንደ ሽሮ ተንተከተከ እኮ ኩሱ I mean ቄሱ።,1,1,0,0,0,0
amh_train_track_b_01699,ሰዉየዉ ይህንን ቤትህ ዉስጥ እስኪገባ ሰብኣዊነት ሚባል ነገር ያልተሰማህ ደደብኮነህ ኣሁን ነዉ እንዲህ ህዝብ ለይ የሚፈጠረዉን መከራ የታየህ ህዝቡ እኔ ያለፍኩ,1,1,0,0,0,0
amh_train_track_b_01700,መቼም የወያኔ ደቀመዛሙርቱ አይደላቹ ሁሉ ጊዜ ውሸት መቼ ነው እውነት የምታወሩት,1,1,0,0,0,0
amh_train_track_b_01701,የሚያሳዝነው ተጠያቂው ገንዘብ የሚያገኝበት ከመሰለው መገለባበጥና ማስመሰል ማወረድ ልማዱ ነው ጠያቂው ይህን ግለሰብ ማቅረቡ የሚገርም ብቻ ሳይሆን ለወጣቶች ክህደትና ውሸት ማስተማሪያ መሆኑ ያሳዝናል።,0,0,2,0,0,0
amh_train_track_b_01702,ምን ማለት ማለት ያበዛል! ድንዙዝ። አሁን እንደናንተ አይነት ተንታኝ አይሏቹ በታኝ በዝታቹ ነው ሀገር የአጨብጫቢዎች የሆነችው። ምነው tplf መቶ ግዜ ጠራሀው!!! በቀል ነው የሚቀድመው ወይስ ጦርነት ከሻእብያ ጋር!!! የሸአብያ አተላ ተሸካሚ!!!,1,3,0,0,0,0
amh_train_track_b_01703,ለቅዳሚታችሁ በመስቀል ላይ የፈሰሰው የክርስቶስ ደም ለሁሉ ይበቃል። ገብረ ክርስቶስ ደስታ ሰዓሊ እና ገጣሚ ገብረ ክርስቶስ ደስታ ስእል በሚያስተምርበት ወቅት ተማሪዎቹ የኢየሱስ,0,0,0,0,0,0
amh_train_track_b_01704,የሀገራችን ጋዜጠኝነት እንዲህ ወራዳ ሙሆኑ ያሳዝኔል,0,1,1,0,0,0
amh_train_track_b_01705,ምን ኣይነት ደደብ ከኣፍንጫው ኣርቆ የማያስብ ተንታኝ ነህ? እስካሁን ድረስ ማን እንደከፈለ ኣይተናል። የትግራይ ህዝብ ነው። ያሳዝናል ያስከፈሉት የኣሸባሪ ህወሓት መሪ,2,1,1,0,0,0
amh_train_track_b_01706,እንደ አንተ አይነቶች ናቸው ሰላም የሰጠን ጥላቻ አስተሳሰብ ነው መቼም እሱ አንተ የተሻለ አስተሳሰብ አለው እረጅም አድሜ ለጀዌ እንደሱ አይነት ሰውችን ያብዛልን,1,0,0,1,0,0
amh_train_track_b_01707,ይልቁንስ ከመበሻሸቅ፣ ካመናቆር፣ ከመሰዳደብ ፖለቲካ ወጥተን በአንድነት ልንቆም ያስፈልጋል! የውጭ ጠላቶቻችን ስንከፋፈል ደስ ይላቸዋል! ድር ቢያብር አንበሳ ያስር እንዲሉ! ሕብረት ሃ,0,0,0,0,0,0
amh_train_track_b_01708,በጣም ደስ የሚል ፕሮግራም ነው ያላችሁ አንድሚሊዩን ቪው ይገባችሁዋል እኔ በበኩሌ ቃና ላይ ስንት ፊልም አይቻለሁ የናንተ ፕሮግራም ድንገት መጥቶ ከፍቼው በጣም ተደስቼበታለሁ ይህንንም በጉጉት እጠብቃለሁ,0,0,0,2,0,0
amh_train_track_b_01709,ምነው አህመድ ቴሌግራም ላይ ያለውን ባትለቀው እኛ እደነሱ ጨካኝ ልብ የለን እደት እደደነገጥኩኝ,0,0,1,0,1,0
amh_train_track_b_01710,እንደነጀዋር ለማ መገርሳ ገዱ አምባቸው ታዬ ደንደዓ ታከለ ኡማ እና ሌሎችንም ጀግና ታጋዬች ገፍተው እነ አብይ ሽመልስና አዳነች ተመስገንና አብርሃም አገሪቱን የጦርነት አውድማ አድርገው ወደ ዘመነ መሳፍንት እየገፏት መሆኑን ስታይ ሃገሬ በለውጡ የነበራት ተስፋ ጨንግፎ ኢኮኖሚዋ ዳሽቆ የታጣቂዎች መፈንጫ ስትሆን ከማዬት የከፋ ምን አሳዛኝ ነገር አለ የተወራው ልማትና ዴሞክራሲው ቀርቶብን በሰላም ወጥቶ መግባት በቻልን,1,1,1,0,0,0
amh_train_track_b_01711,Mariam Mariam እውነት ነው ወላሂ ወንድሞቻችን እኮ ሽባ እርጋችው ስራ እይስሩ ቤት ይቁጥርው ስንት መክራ እዳልው,0,0,2,0,0,0
amh_train_track_b_01712,ፕሬዝዳንት ኢሳያስ በቃለመጠይቃቸው የሱዳንን ቀውስ ያባባሱት አንዳንድ የባዛር መንግስት የሆኑ አሉ ሲሉ ነበር። ማንን ለመጠቆም ይሆን?,0,0,0,0,0,0
amh_train_track_b_01713,በአብይ አህመድ የሚመራው የብልፅግና መንግስት ለኢትዮጵያ ያስገኘላት ነገር ቢኖር የከፋ ጦርነት፣ እልቂት፣ ውድመትና የዜጎች የተራዘመ ሰቆቃ ነው። እርግጥ ለሱና ወዳጆቹ ቅጥ ላጣው የመ,0,1,1,0,0,0
amh_train_track_b_01714,ጦርነት የኔዉድ መጨረሻዉ ሁሌም በድልሊጠናቀቅይችላል ግን ሞት ደሞ ዋናዉ የጦርነት መገለጫነዉ,0,0,1,0,0,0
amh_train_track_b_01715,በጣም ጎበዞች ናችሁ በተለይ ትርሀስ ሳላደንቅ አላልፍም በርቺ ባለ ጎዳይዋ ልጁማለትም ጓደኛዋ የባሰ እያሳማት እንደሆነ እርስዋም ተናግራለች የሚታይም ሀቅ ነው ቢቻል ልጅትዋ የሚያታደግ የ ህግ አካል ብታገኝ,0,0,0,1,0,0
amh_train_track_b_01716,ሁለቱን ክፍሎች ተከታትያለሁ በዝህ ልክ ጀዋሪም ደረጄም መመስገን አለባቸው በራሴ እሣቤ አገራችን ወደሠላም የሚትመለስበት ቀን ሩቅ እንደማይሆን ጭላጭል አሣይቶኛል  ስለዝህም እኔም እንደ ጀዋር ሁሉም የመንግስት ባለስልጣናት ባለሀብቶች ሊህቃንዲያስፖራዎች ነጋዴውየሀይማኖት ተቋማት አባቶች እና ሁሉም ዜጋ መስከን አለበት የተባለው ትክክል ነው ችግሮችን ባዬን ቁጥር ጋዝ ከመስጠት ውሀ ማቀበል መቻል አለብን አሁን አገራችን ያለችበትን ቀውስ ከዬት ወ,0,0,0,2,0,0
amh_train_track_b_01717,ይህ ጉዳይ ጥሩ ቢህንም በኢትዮጽያ contrxt ምን ያህል change management resistance እንደሚኖር ሳስበው ይደክመኛል ይህም የሚሆነው አሁን ባለው ያለመተማመንና የዘር መከፍፈል የተነሳ ነው በዛ ላይ ተግባብተንኳ ቀጠረጴዛ ዙሪያ ችግሮቻችንን መፍታት አልቻልንም ሰዉ ተስፍ ቆርጧል ይህን የመሰለ አስፈንጣሪ ቴክኖሎጂ ተግባራዊ ለማድረግ ከሁሉ በላይ መንግስትና ህዝብ መተማመን አለባቸው ስለዚህ መንግስት መጀመሪያ ከህዝቡ ጋር,0,0,1,0,1,0
amh_train_track_b_01718,የከባድ ተሽከርካሪ መኪና ሹፌር አማራ ክልል ታግቼ በሞባይል ባንኪንግ 700 ከፍዬ ተፈትቻለሁ ብለዋል የሚል የውሸት ዜና ትለቃላችሁ  በእንደዚህ ዓይነት ወንጀል የተሳተፈ ወንበዴ እንዴት በሞባይል ባንኪንግ ገንዘብ ይቀበላል ተብሎ ይታመናል,1,0,0,0,0,0
amh_train_track_b_01719,በቆፈሩለት ጉድጓዶች ችግኝ ተከለላቸው አስተዋዩ የኔ ዘመን ምርጥ ስወድክ እኮ አብቹ,0,0,0,2,0,0
amh_train_track_b_01720,ፕራንክ እያረካቸው ነው የሚሆን መቸም,0,0,0,0,0,0
amh_train_track_b_01721,ቀይ ሽብር በሃል ተጀምሮልሻል! በነገራችን አአ ጁሃንስበርግ ልትሆን ምንም አልቀራትም ዝርፊያ ግድያ ሃንግ ኖርማል እየሆነ ነው,1,0,1,0,1,0
amh_train_track_b_01722,የ አህያ ስጋ ኢንደዝህ ነው እንዴ ዓሰብና ኣስመራ አንድ ነውምንድነው ዓሰብ ዓሰብ,2,0,0,0,0,0
amh_train_track_b_01723,መልካም ወይ ማንቆለጳጰስi እንበል ወይስ በጋዜጠኛው የተግባቦት ክህሎት እንደመም የአንዳንድ ጥያቄዎች መልስ በጊዜ ሂደት ውስጥ ብቻ ነው የሚገኘውና እንታገስ ነገር ግን ወንጀል ሰርተህ ስታበቃያኔ አልበሰልኩም ነበረ በሚል ከተጠያቂነት ለማምለጥ መሞከር የቱን ያህል ርቀት ሊያስኬድ እንደሚችል አላውቅም ህግን አለማወቅ ከተጠያቂነት አያድንም ለምሳሌ የበርካቶች ሂወት ላለፈበት የጥቅምት ወሩ የኦሮሞ ክልል ልዩልዩ ስፍራዎች ጭፍጨፋ ተጠያቂነት አለበት,2,0,0,0,0,0
amh_train_track_b_01724,ኦኔ መወያየት እተቻለ ሥልጣንም ሼር ማድርግም ካሥፈልገ ሥልጣንን በማጋራት ሠላምን ማምጣት ሢቻል ዜጋ ይሞታል ይስቃያል ያሳዝናል,0,0,2,0,0,0
amh_train_track_b_01725,ጀግና ከንበሳችን አብያችን ቆንጆ አድረገህ ነገርክልን ምድረ የመንደር ሸለፈታም ሲፎክር ሲሸልልብን ሰልችቶን ነበር ከምቀኝነት ከዉሸት ዉጪ እዉቀት የሌላቸዉ እንደነ ምሬ አይነት ፋራ ጅላጅል እንደ ጃልማሮ አይነቱ ድንጋይ መሀይም እንደ ዘመነ ካሴ አይነቱ የፎቶ ጀግና አስመሳይ ጉረኛ እንደስክንድር አይነቱ ምቀኛ በነገራችን ላይ አብቹዬ የኔ አንበሳ እስክንድር ከተማዉን ትቶ ገጠር የገባዉ መስቀል አደባባይን አምሮበት በአይኔ አላይም ብሎ ነዉ ምቀኝ,0,2,0,0,0,0
amh_train_track_b_01726,ጽዳት ከቤት ነው የሚጀምረው፣ ኦሮሚያ ላይ የአማራ ኦርቶዶክስ በሞኖፖሊ የያዘውን ቤተእምነት ሁሉ ለቆ ወደመጣበት ይመለስ እንጂ ሲኖዶሱ ቀስ በቀስ ከቀይ ሽብር ተፈላጊ ወንጀለኞች እና,0,2,0,0,0,0
amh_train_track_b_01727,መፅሀፉን ለማስተዋወቅ ነው ያመጣው አይ promotion ቢኒያም ድንቁርናክን ሳላደንቅ አላልፍም 😂😂😂,0,1,0,0,0,0
amh_train_track_b_01728,በኢትዮጵያ በተለይ ባለፉት 2 ዓመታት የነበረው ጦርነት እና እዚህም እዚያም የሚያጋጥሙ ግጭቶች ሀገሪቱን ብዙ ዋጋ አስከፍሏታል፡፡ የውጭ ቀጥተኛ ኢንቨስትመንት ደግሞ አንደኛው ተጎጂ ዘርፍ ነው፡፡ 22,0,0,1,0,0,0
amh_train_track_b_01729,ብሌን በምን ሞራልሽ ነው ትዕግስቲን ምትወነጅይው ? አታፍሪም ከወራቶች በፊት አንቺና አንቺን የመሰሉ ድኩማን ያላችሁትን በተግባር የደገፋችሁትን የተጋሩን ጭፍጨፋ የ,0,2,0,0,0,0
amh_train_track_b_01730,But they already know ! የሚያሳዝነው ትላንት ስለማዕቀብ መጥፎነት እየተነተኑ ሲያስረዱ የነበሩት አሁን ያሳፍራል !,1,0,1,0,0,0
amh_train_track_b_01731,የፌደራል መንግስትን ነው የፈንጂና የመልሶ መቋቋም የሚመለከተው በማለት ማህበረሠቡ በፌደራል መንግስት ላይ አደገኛ አመለካከት እንዲያድርበት በትጋት እየሠራ ይገኛል። ለዚህ ነው አፋር,0,1,0,0,0,0
amh_train_track_b_01732,ዉስኪ ቢጠጣ አይነኩትም ነበር ከቤተሰቡ ነበር ሚጀምሩት,0,0,0,0,0,0
amh_train_track_b_01733,የኦሮሞ ክፉና ጠማማ ምሁር ተብዬዎች በሸውራራ አመለካከታቸው ኩራት የሆነውን የግዕዝ ፊደል ለማጥፋት የሄዱት ወራዳነት በታሪክ አይረሳም፣ በአዲሱ ሥር ትምህርት ኦሮሚኛ ለመማር በግዕዝ,1,2,0,0,0,0
amh_train_track_b_01734,አላህ ይሄን የመሰለ እውቀት እስከዛሬ ድረስ ለኢትዮጵያ ሙስሊሞች ተደራሽ ባለማድረግህ እንዳይጠይቅህ እፈራለሁ አሁን ተደራሽነትህን እንድታስፋፋው ስል በወንድማዊ ፍቅር እጠይቅሃለሁ አላህ የተሻለ እና በሳል የሆነ አመክንዮአዊ አመለካከትና ጥልቅ የእስልምና እውቀት ሰጥቶሀል ህዝቦችህን ጥቀምበት አላህ ይውደድህ በርታልን,0,0,0,2,1,0
amh_train_track_b_01735,በጦርነት የባህር በር ለመያዝ እየቋመጥክ ነው እንዴ? አንድ ሽፍታ መምታት ያልቻለ ሰራዊት ይዘህ ታሽቋልጣለህ እንዴ???🤔🤔🤔,1,1,0,0,0,0
amh_train_track_b_01736,ብልፅግና ኢትዮጵያ ውስጥ ሽብር ወይም የእርስ በርስ ግጭት ለማስነሳት ከትንሹም ከትልቁም ከሊቁም ከደቂቁም ጋር እንደ እብድ ውሻ እየተናከሰ ይገኛል ።ይህ ማለ,1,2,0,0,0,0
amh_train_track_b_01737,የቻይናን የለውጥ ሂደት ለ40 ዓመታት በካሜራው የሰነደው ግለሰብ,0,0,0,0,0,0
amh_train_track_b_01738,ይሄን ድንቅ መሬ ፈጣሪ ወስዶት ለናተ የሚመጥናቹሁን መሪ ስለሰጣቹ ልትኮሪ ይገባል ለነገሩ ይሄኛውም ሲበዛባቹ ነው k,0,1,0,1,0,0
amh_train_track_b_01739,አሜሪካንን ያአላህ ቁጣ ይዉረድባት የአለም ፊትና የሆነዉ የአሜሪካን ጦርነዉ በየ አለሙላይ ከበዳዮችነዉ የሚቆሙት አላህ ያጥፋልን,1,1,0,0,0,0
amh_train_track_b_01740,እኔ በድሃ አገር ውስጥ ብገኝም ከፊላዳውያንየበለጠ ደስተኛ ነኝ። የእግዚአብሔር መንግሥት ጽድቅና ሰላም በመንፈስ ቅዱስም የሆነ ደስታ ናት እንጂ መብልና መጠ,0,0,0,2,0,0
amh_train_track_b_01741,አማራ ክልል ያየሁት አሪፍ መፈክር! ትጥቅ ፍቱ ሳይሆን ትጥቅ እንፍታ ነው የሚባል ።WarOnAmhara Ethiopian Ethiopia EthiopiaPrevails,0,0,0,1,0,0
amh_train_track_b_01742,ኢቲቪ የህዳር አህያ ሆኖ አረፈው,0,2,0,0,0,0
amh_train_track_b_01743,ሟች ነው ሞት የሚፈርድ ተስፋቢስ ሰው ነህ፣ በሰሩ ሞት ትመኛለህ፣ ሟች አንተ ነህ።,1,2,0,0,0,0
amh_train_track_b_01744,ገጣጣጣ ጥርስ ምን ትመስላለች እንኳንም መልክ አይኖረሽ,0,2,0,0,0,0
amh_train_track_b_01745,በማያገባን ባንገባ ማስረጃ በማንሠጥበት ነገር ላይ ባንዘባርቅ ጥሩ ነው,0,1,0,0,0,0
amh_train_track_b_01746,አላማችው እሱ ነው ይሰውን ሞት እንዳስለመዱን የቤተክርስቲያንን አብዩዝመንት ሊያስለምዱንነው አልማቸው ?I cant wait አባቶች እንደገና ልጆቼ ተነሱ እስኪሉ,1,0,0,0,1,0
amh_train_track_b_01747,አንችን ብሎ ጋዜጠኛ የአንድ አረመኔ ፋሽት መግስቱ የፈጸመው ፋሽታዊ የደም ማፍሰስን መደበቅ እና ስለመግስቱ ማቀንቀን በጣም ያሳዝናል ያሳፍራል ሌላው አንቺ እራስሽ የፈረሳይ ወድን ይዘሽ ያገርሽን ወድ ወደቁልቁል የወረወሽ መሆንሽምን እናውቃለን,1,2,0,0,0,0
amh_train_track_b_01748,ጠሚሩ በህዝብ እንዲጠሉ ያደረጋቸው ጀብደኛ ውሸታም አታላይ ጨካኝ አስመሳይ መሰሪ የዜጎች ስቃይና መከራ እንግልት ፍጹም የማይሰማው ኢትዮጲያን በኦነግ ፕላን የመተካት,1,2,0,0,0,0
amh_train_track_b_01749,አቶ ተፈራ የአንተ እንባ,0,0,1,0,0,0
amh_train_track_b_01750,ይደመጥ በጣም የሚገርም ነዉ ።,0,0,0,1,0,1
amh_train_track_b_01751,በጣም የሚገርም ስብሰብ እኮ ነው ብአዴን በእንደዚህ አይነት አሽቋላጮች ነው ህይወቱን የሚቀጥለው።,1,1,0,0,0,1
amh_train_track_b_01752,አያስፈልግም ደግሞ ለእስራኢል ለየውዳ የዓለም ፀር ኢ/ያ አይመለከታትም ንፅዋን ገዳይ አረመነዎች ከዓለም ገፅ መወገድ አለባቸው 75 አመሜት ጨፍጭፋ ዛሬም እየገደለች ??? እንት ሆኖ ትደገፋለች ይቺ አረመነ የስው ልጅ ጠላት ... ህፃናትን ሴትን ሽማግሌን እየጨፈጨፈች ... ኦስፒታል እየመታች ቤቴ ህምነት እየመታች የስራዋን ይስጣት የሱ ይበልጣልና ...,2,2,0,0,0,0
amh_train_track_b_01753,የኢትዮጵያ ንግድ ባንክ ሽፍታ ነዉ እኔ በ ETM ማሽን 4000 አጭበርብረዋል እናም ከዚያን ጊዜ ጀምሮ ወደ ግል ባንክ አዙሪያለሁ የተበላሁትን ብር ግን ለ2ወራት ያህል ተመላልሼ ሳይመለሥ ቀርቷል,2,0,0,0,0,0
amh_train_track_b_01754,እነሆ ለሕዝቡ ሁሉ የሚሆን ታላቅ ደስታ የምስራች እነግራችኋለሁና አትፍሩ ዛሬ በዳዊት ከተማ ክርስቶስ ጌታ የሆነ ተወልዶላችኋልና። እንኳን ለብርሃነ ልደቱ በሰላም አደረሰን።,0,0,0,2,0,0
amh_train_track_b_01755,በንደናተ አይነት የላም ካካካ ክቡሩ የሰዉ ልጅ መጫወቻ ሲሆን ማየት ያማል ወደሽ ከተደፋሽ ቢሆንም ቅሉ ግን ያማል የሰዉየዉ ታዳሚዎች ጭንቅላታችሁን ከቀፀጉር ማብቀያነት አለፍ አርጋቹ ለማሰብ ሞክሩ እንዲጫወቱባቹ እድል አትስጡ ሚራክል የሚባል ነገር የለም መፅሀፉም የሚለዉ የማይሰሩ እጆች አይብሉ ነዉ ንቃ ባክህ ዝምብለህ ማገዶ አትፍጅ,0,3,0,0,0,0
amh_train_track_b_01756,የውሸት ዶክተር ገጸባህሪው አስፎገረበት,0,0,0,0,0,0
amh_train_track_b_01757,እንዴት ናቹ የመዳም ቅመሞች እወዳችሃለው ደሞ እስከ ሰኞ ትናፍቁኛላቹ መልካም ቀናት ይሁንልን ደሞ በስደት ያላቹ እህት ወንድሞቼ ጽዮን ማርያም ከኛ ጋ ትሁን በርቱልኝ ነገ ሌላ ቀን ነው እንዳትጨናነቁ,0,0,0,1,0,0
amh_train_track_b_01758,ደህና ነኝ በደምብ ኤዲት ስላልተደረገና ትንሽስሜታዊ ስለነበርኩ ነውአመሠግናለሁወ,0,0,1,0,0,0
amh_train_track_b_01759,እውነት የሰው ችግር የሚያሳስብህ ከሆነ የደሃ እንባ አስቁም Check out እፁብ ድንቅs video! TikTok,1,0,1,0,0,0
amh_train_track_b_01760,ህጉ የሚፀናው ኤርትራውያን ስለሆኑ ብቻ ነው ኢትዮጵያውያኖች ከዚህ የበለጠ አሰቃቂና ዘግናኝ ወንጀሎች እየፈፁሙ አይደል እንዴ  ከዝርፊያ ባሻገር ዝርፊያው ከግድያ ጋር አደል እንዴ ድርጊቱ እየተባባሰ አይደል  የኢትዮጵያና ኤርትራውያኖች ፍርድ የተለያየ የሆነበት ምክንያት ምንድነው ኧረ እግዚኦ መሀረነ ክርስቶስ ግፍና በደል በዛ እስቲ ሁሉም አስቦበት ሞቱ ቀርቶ በእድሜ ልክ ተቀይሮ ወንጀለኞቹ የመፀፀቻና ንስሀ መግቢያ ዘመን አግኝተው የመተንፈሻ,2,1,0,0,0,0
amh_train_track_b_01761,Benayas Azahel እኛ የምናከብረው እምነቱን ሳይሆን ባህሉን ነው። ፈጣሪ ውስጥ አዋቂ ነው:ሰው እዛ የሚሄደው እንደ ባህላዊ ፌስታቫል fun ለማድረግ እንጂ ለሆነ ግብር ወይም አምልኮ ለማካሄድ አይደለም። ይሄን ደሞ እዛ ሄደህ በማየት እንጂ ጥላቻ ስላለብህ ከሩቅ ሆነህ በመንቀፍ አይደለም: Let's go and seee! ከዛ ውጭ አታለቃቅሱብን።,1,0,0,0,0,0
amh_train_track_b_01762,ምሽትህ አታስደግጣት በጣም ጥሩ አይደለም እኔ ውሸት ይሁን ብየ ነው የጦለትሁት ይቅርታ ብቻ,0,0,0,0,0,0
amh_train_track_b_01763,እና ወዳጄ ምነዉሳ ከሚከፈልህ ቆጥበህ የጉድጓድ ዉሃ ብታስቆፍርላቸዉ ምን ነበረበት? የወገን ፍቅር በቀላሉ እርዳታ ቢሆን መልካም አይሆንም?,1,0,0,0,0,0
amh_train_track_b_01764,መቲ ከባድ ሚዛን ስርአት ሳይለወጥ ትግሬው በ ኦሮሞ ተረኞች ስለተተካ ብቻ ለሀገር ይበጃል ብሎ የሚያስብ ካለ ወይ ዘረኛ ነው ወይ የለየለት አላዋቂ ነው ባንክ ጠቀም ያለ ገንዘብ ያላቸው ሰዎች በግልፅ እየታገቱ ህዝብ በማንነቱ ተፈርጆ እየተጨፈጨፈ ከ አዲስ አበባ ናዝሬት መሄድ የህይወት ዋጋ በሚያሰከፍልበት እገተታ እና ዝርፊያ መንግስታዊ በሆነበት ሀገር የዘር ፖለቲካ ከ መንግስት ቤት ተጠራረጎ ወጣ ይለናል  የደነበረው መንግስት ብዙ ጥፋት ያደ,2,0,0,0,0,0
amh_train_track_b_01765,ብዙዎች ስለ ሰዎች ደግም ክፉም ጎንአበርክቶቸው ማውራት በሚወዱበት ጊዜ ጃ ግን ታማኝነቱ ሀቀኛነቱን አስተዋይነቱን ግሩም ድንቅ ስለሆነ ኣላወራም ጃ የ ኢትዮጲያ ህዝብ ባለውለታ ኢር ስመኘው ቋንቋውን ለማናውቀው ጭምር በዜማው የማረከ ሀጩን ጄነራል ሰአረና ገዛኸኝ አበራ ያስገደለ ዶር አንባቸውን ምግባሩን እዘዝ ብጄነራል አሳምነው ጋር እንዲጋጩ እንዲገዳደሉ ያደረገ ለስልጣኑ ስጋት ስለሆኑበት ሴረኛው ኣሪወስ ክፉ ሰው መሳይ ሰይጣን አብይ ብቻ ነዉ,0,2,0,0,0,0
amh_train_track_b_01766,አንጀው በእስራኤልና በፍልስጤም መሀል የሚደረገው ግጭት ንጽሀን ሞት ያሳዝናል,0,0,3,0,0,0
amh_train_track_b_01767,Suleymn Love ጦርነት የጀመረው ማ ወለጋ የታረደው ወላሂ አማራ አሎንም ያለው ቤት ንብረቱን ትቶ የተፈናቀለው ዋና ከተማው ላይ ሰፋሪ ነህ ተብሎ አትገባም የተባለው ለዚ ሁሉ ጥያቄ በሰላም ሲጠይቅ ፓርላማ ላይ የተሳቀበት ሞቱ እንደ ሀገር ልማት የታየበት ነው የጀመረው ወንድሜ እንደማታቅ አቱን,2,0,1,0,0,0
amh_train_track_b_01768,አይ ያሳፍራል ደግሞ ሪፓርት ቀድሞ አልተሰጠንም ብሎ ማሳጣቱ መስሎታል ንግግሩ ማንነቱን ዘረረው ቶሎ ሄዶ ፓርላማው ፊት ንሰሐ ቢገባ ምናልባት ጥሩ ይሆንለታ,0,2,0,0,0,0
amh_train_track_b_01769,Ethiopiaእርሶ ኦሮሞ ሚስቶት አማራ ልጆቻቹ ምንድናቸው ከምክር ቤቱ አባል የተነሳው ያልተጠበቀ ጥያቄ via,0,0,0,0,0,0
amh_train_track_b_01770,እስኪ ዱአ አደርጉልኝ ጭንቅ ውስጥ ነኝ,0,0,1,0,1,0
amh_train_track_b_01771,አንች ሆዳም ባይበላ ለምን አይቅርም እየሞተ ያለው ንፁህ አማራ ኦየሞተ ነው,2,1,0,0,0,0
amh_train_track_b_01772,አብይ እራሱ አሸባሪኮ ነው። ኢትዮጵያ ያረረችው በዚህ አረመኔ ጨካኝ ነው። እንዲያውም ሰውየው ከምስራቅ አፍሪካ ፖለቲካ ውስጥ እግዚአብሄር ቢያስወግድልን ነበር መልካሙ!,1,2,0,0,0,0
amh_train_track_b_01773,አደራህን እነሱንም ፕራንክ ነው እንዳትላቸው,0,0,0,0,0,0
amh_train_track_b_01774,ትንሹ በሚስከፋበት በዚ ጊዜ እንዲ አየነት ሀዘን መሸከም ከባድ ነው ግን የሰው ልጅ እንዲም ሆኖ ይኖራል አየ የሰው ልጅ,0,0,2,0,0,0
amh_train_track_b_01775,በርቱ ጊዜው የኢትዮጵያ ነውየኢትዮጵያን ታላቅነት የተረዳ ውድ መሪ ስላለን የተወስደብንን ሁሉ ያስመልስልናል ኢትዮጵያን ለማስከበር እየስራችሁ ለምትደክሙ ሁሉ ምስጋና ይገባችሃልሴራ እየከሽፈ ስራ እያሽነፈ ኢትዮጵያ ትገስግሳለች ኢትዮጵያ ካንድም ሁለት የባህር በር የነበራት አገር ነበረች ኢትዮጵያን ከቀይ ባህር መለየት አይቻልም,0,0,0,2,0,0
amh_train_track_b_01776,አንድን ህዝብ በጅምላ እየሰደብክ ነገ ጉራጌን እንደማትሰድብ ምን ማስተማመኛ አለ?ጉራጌ እጅግ ከሚጠላቸው ነገሮች አንዱ ዘረኝነት ነው።የኦሮሞንም ሆነ የአማራን ህዝብ እኩል ህዝቤ ብሎ,2,0,0,0,0,0
amh_train_track_b_01777,የአዲስ አበባን እና ኦሮሚያን መሬት አዳነች አበቤ እና ሽመልስ እጅ ለእጅ ተያይዘው ነው ተከፋፈልን ብለው ድንገት ዜናላይ በጣም ላጭር ጊዜ የታዩት በዛ ሰአት,0,1,0,0,0,0
amh_train_track_b_01778,ማን ነው እንደኔ ኡማር ሚስጥሩን በማወቁ ደስ ያለው,0,0,0,2,0,0
amh_train_track_b_01779,ወገንስ አላችህ በኢትዮጵያ አንድ ሀገር አንድ ኦርቶዶክስ ሀይማኖት አንድ ቆንቃ አሱም አማርኛ ስልጣኑም የአማራ አንዲሆን ሁሉ ነገርክ የምትሰጥ የጋዜጠኛ ፖለቲከኛ ነክ በትግራይ ጦርነት አብይ ደግፈክ ቁመክ ነበር ላደረከው ጥፋትም ይቅርታ አልጠየክም አሁን ስለፍልስጤም አስራኤል ሞት ያሳዝናል ብትሉ ከልብ ሳይሆን ቢዝነስ ነው ለተጋሩ ኢትዮጵያን ሳታዝኑ ሌላ ማ ሰብአዊነት ሊሰማችህ አይችሉም የጋዜጠኛ መርህም አናንተ የለም,1,1,0,0,0,0
amh_train_track_b_01780,ወረኛ ሁላ በእዚህ ዘመን የሰላም መጥፋቱ ለነገረኛ ጋዜጠኞች ሆድ መሙሊያ ሆነ ታዳ ለምን እንዴምታወሩት ከሆነ ተኩሰው ድራሿን አያጠፏትም ዝም ብላችሁ ወሬ አመላልሱ ይህን የማይረባ ወሬ ከማውራት ቁርአን ብትቀሪ ይሻላል ታዳ አውዳሚ መሳሪያ ይዘው ነው እንዴ የፍልስጤም ዜጎች የሚያልቁት ጋዛ እንዳልነበረች የሆነችው ነው ለአይሁድ ነፍስ አዝነው ነው ለምን እንዴናተው ያለ ሰው ይታዘበናል አትሉም እኛ በፍልስጤም ህዝብ ሞት ልቤ በሃዘን ቆስሎ መተንፈ,1,1,1,0,0,0
amh_train_track_b_01781,አፈራባታቸው ይብሉና ሀማሥን አውግዙ ከማለት እነሱ በህፃናትላይ የፈፀሙትን ክህደት ያውግዙ ድል ለተበደለው ፍልሥጤም,1,2,0,0,0,0
amh_train_track_b_01782,ይሄ ፕራንክ የምትሉት ነገር ግን በጣም ነው ሚደብረኝ ለምንድነው ፕራንክ ምናምን እያላቹ የሰው ስሜት የምትጎዱት ግን 🤔🤔🤔,0,1,0,0,0,0
amh_train_track_b_01783,ኦማር እንደዚህ ደደብ ይሆናል ብዬ አልገመትኩም ነበር,0,2,0,0,0,0
amh_train_track_b_01784,እግዚአብሔር ከተገፉት ጎን ነው የተበደለ ያሸንፍ ጦርነት ውስጥ ባይገቡ ጥሩ ነው ።,0,0,1,0,0,0
amh_train_track_b_01785,"አመረም ይሁን ኦሮሞ የዘሩትን እንደሚየጭዱነ እጥፍ እንደሚተፉ የለንበት ነበረዊ ሁኔተ ምስክርነዉ። ኦሮሞ አይደለሁም አመረ ትግሬም እንደዘዉ, መጥፎ አሎድም። በበበለይ በበበተችም አለምንም ሰዎች ነገየቸዉን በመሰብ በደል በይሰሩ እለለለዉ። ሰለም ለሀገረችን ኢቲዮጲየ",0,0,0,0,0,0
amh_train_track_b_01786,የግብርና ስራው የሚገርም ነው ነገር ግን የአሁኑን እያየን የምትፈርስ ኢጵያ አትፍጠር ጀግና በየቀኑ እየተወለደ ነው የሚድረው የኦሮሞ ምድር የሚባል የለም።,0,0,0,1,0,1
amh_train_track_b_01787,ሃይሌ ገሪማ ፕሮፌስር በአንድ ወቅት በወያኔ ዘመን ፖለቲካን አልወድም ብለው ከተናገሩ በኆላ የሳቸው ነገር በቃኝመማር ከንቱ ያኔ ም አሁንም አማራው የመከራ ገፈት እየተሽከመ ነው,0,0,1,0,0,0
amh_train_track_b_01788,እኔስ ስራ ስሩ አይደለም እንዴ ያልኩት,0,0,0,0,0,0
amh_train_track_b_01789,አባቴ ለምን ጭንቅ ጥብብ ይልሀል በምታቀው ቋንቋ ብትጽፍኮ ላንተም እረፍት ነው እኔም ምን እያወራህ እንደሆነ የገባኝ ነበር። ሙከራሽን ግን ሳላደንቅ አላልፍም?,0,0,0,0,0,0
amh_train_track_b_01790,አብይ ለራሱ ስልጣን ሲል ነው ጦርነት ውስጥ የገባው ። ወያኔ 4ኪሎ መጥታ ትሰቅለው ነበር ኦነግን በሽግግር ጊዜ ጨፍጭፈው እንዳባረሩት።,0,2,0,0,0,0
amh_train_track_b_01791,የሱዳን ቀውስ ለኛ ያለው እንድምታ ምንድነው? ከእርስ በርሱ ጦርነት ጀርባ ያለው አጫዋች ማን ነው?,0,0,0,0,0,0
amh_train_track_b_01792,መሀይምነትህን ተጠቅሞ አሜሪካ ተቀምጠህ በነጻነት ሽብር መምራት ትችላለህ ብሎ የመከረህ ክፉ ወዳጅ ነው ጠላትህ የጋሽ አያሌው ልጅ ስም ጠርተህ ያስገደልከ,1,1,0,0,0,0
amh_train_track_b_01793,በጣም ያሳዝናል ነብስህ በገንት ያኑርልን ለመላው ቤተሰብ በሙሉ መጽናናቱን ይስጣቸው,0,0,2,0,0,0
amh_train_track_b_01794,በረከታቸው ይደርብን ? በተለይ ኮቪድ 19 በሀገራችን ስጋት በነበረበት ወቅት፣ የብፁዕ አባታችን ጠንካራ አገልግሎት የቅርብ ጊዜ ትውስታችን ነው።,0,0,0,1,0,0
amh_train_track_b_01795,የአማራ ደጀን የኢትዮጵያ ህዝብ እንጂ ፋኖ አይደለም።ፋኖና የአማራ ልዩ ኃይል እያለ እኮ የኢትዮ ህዝብ አብሮት የተዋጋው ።ሠላም ሲሆን ደስ የማይላችሁ ለምንድነው?,2,0,0,0,0,0
amh_train_track_b_01796,ምድረ አውሬ ውጭ የተቀመጠ ጥይት እየገዛ ጥይት መግዣ እየላኩ የሰው ልጅን እርስ በእርስ ያገዳድሉ እንጂ እነዚህ አውሬዎች ተመልከቱ ቢገባችሁ,2,1,0,0,0,0
amh_train_track_b_01797,የአብይ ጥበቃ አራዊት ከብልፅግና በላይ ፅንፈኛ ከብልፅግና በላይ የኢትዮጵያ ጠላት ከብልፅግና በላይ ባንዳ እና ቅጥረኛ የለም,1,2,0,0,0,0
amh_train_track_b_01798,ዉይ ቅናት እንዲህ እርር ድብን ያደርጋል የሚገርም ነው ስትስርቁ ስታሰርቁ ነውጥ ለማስነሳት አንዴ በዘር አንዴ በባንዲራ አንዴ በሃይማኖት ስትተራመሱ,2,1,0,0,0,1
amh_train_track_b_01799,የተወካዮች ምክር ቤት የዶ/ር ጫላ ዋታን ያለመከሰስ መብት አነሳ,0,0,0,0,0,0
amh_train_track_b_01800,የእስራኤል ወታደር አንደ ወንድ በእግር ከተዋጋ ሐማስ ከበቂው በላይ ነው ሌላ አያስፈልግም በምናውቀው መንገድ ከመጣ ግን የአለም ሀፃናቶች እራሳቸውን ለመከላከል ሰልጠና ላይ ናቸው,1,0,0,0,0,0
amh_train_track_b_01801,ነፂ የገብርኤል ልጅ ሆንሽም አልሆንሽም ዋናው መናገር የፈለግኩት ነገር የሌላውን ባህል እና እምነት አክብሪ! ጥላቻ እና ንቀት ነው ዛሬ ሀገራችንንን እና ህዝባችንንን ዋጋ እያስከፈላት ያለው!,1,0,0,0,0,0
amh_train_track_b_01802,ሚድያ ኣገኘው ብለህ የመንደር ወሬ ኣታውራ ውሸት ጥሩ ኣይደለም ሻዕቢያ ማለት ህዝብ ማለት ነው ቱልቱላ ወሬ ብቻ,0,2,0,0,0,0
amh_train_track_b_01803,ሕዝብን ለማማማለልና የሥልጣን ዕድሜውን ለማራዘም የማይወራ ውሸት የለም።,0,1,0,0,0,0
amh_train_track_b_01804,አዎ ባለተራ ስትሆን ህዝብ አያስፈራህም የበላይ ነሃ! ህግም አያስፈራህም ህግ አንተ ነሃ! ይሄንን ማየት ያሳፍራል እንጂ አያኮራም እሺ!,1,1,0,0,0,0
amh_train_track_b_01805,ወይኔ ስታሳዝን #ሰውዬ እንዴት አስቻለው! አዬ ፕራንክ Curse to Prank,0,0,1,0,0,0
amh_train_track_b_01806,የኔ ዉድ አረመኔ እናት ናት አይዞሽ,0,0,2,0,0,0
amh_train_track_b_01807,ያኔ በጥዋቱ እንደአሁኑ በዘርና በጎሣ ከመሰከሩ በፊት ጀግናውና አገር ወዳዱ ቆራጡ መሪ ፕሬዝዳንት ኮል መንግስቱ ኃማሪያም ኤርትራ ተገነጠለች ማለት ሰው አንገቱ ተቆርጦ መኖር ያለመቻሉን ያህል ነው ጠንክሩና ወንበዴና ገንጣዩን ተላላኪ ቡድን ሻዕቢያና ወያኔን በውጊያ አሸንፉአገራችን ታፍራና ተከብራ ትኖር ዘንድ ብሎ ነበር ምን ዋጋ አለው ሰሚ አጣ ኢትዮጵያ የባንዳዎች መፈንጫ ሆና አርባ ዓመት ሊሞላት ነው ያው በአርባ ዓመት ልብ ይሏል ይባላል እ,0,1,0,0,0,0
amh_train_track_b_01808,አምቡላንሱ ውስጥ የተገደለው የጋዛው ነፍስ አድን ፈጥኖ ደራሽ,0,0,1,0,0,0
amh_train_track_b_01809,ትግራይና ጎንደር የተፈትሮ ድንበራቸው የተከዜ ወንዝ ነውጎንደሬ በወልቃይትና በተለምት ትግሬ በትግራይ ኖረዋል ይኖራሉ,1,0,0,0,0,0
amh_train_track_b_01810,በውዱ መሪ አብያችን የሚመራው የዲፕሎማሲ ሥራ እጅግ በጣም አመርቂ ውጤቶችን እያጎናፀፈን ስለሆነ ተጠናክሮ ይቀጥል  የኢትዮጵያ ተባይ የነበሩ ጋዜጠኞች ሄዱም አልሄዱም ፋይዳ የላቸውም ምክንያቱም ከሀዲዎች ናቸውና  የቀይባህር ዲፕሎማሲያችን ተጠናክሮ መቀጠል አለበት ጌቾ በርታ ደም የጠማቸውን አስወግድ,0,1,0,2,0,0
amh_train_track_b_01811,እናመሰግናለን እንኳን ደስ አለሽ,0,0,0,2,0,0
amh_train_track_b_01812,ቆሻሻሻ የገፁን ስም ቀይር ለማኝ ወራሪ የወሎን ህዝብ የማይወክል ሚዳያ ነው,0,2,0,0,0,0
amh_train_track_b_01813,ፖለቲካ እናውቃለን የምንል ሰዎች ወጥ የሆነ አቋም ቢኖረን ጥሩ ነው አንዴ ወዲህ አንዴ ወድያ እያላችሁ ሕዝቡን ግራ እያጋባችሁት ነው አንዴ የባህር በር ነው የምንፈልገው ትላላችሁ አንዴ ደግሞ የኛ ነው ትላላችሁ ወንድሜ ዛሬስ የምትለውን እስከመጨረሻው ለመስማት አልቻልኩም ሆዴን ነፋኝ አቋረጥኩት ምነው ምሁር አጣን,2,0,0,0,0,0
amh_train_track_b_01814,ሰው በድገት ይሞታል ታሞ ብቻ አይደለም ፈጣሪ በወደደው መንገድ ይወስዳል ሁሉን ነገር በሰው ነው ባንል ጥሩ ነው,0,0,1,0,0,0
amh_train_track_b_01815,ፈላሻ ነው ወይስ የፈልስጤም ሙስሊም ና ክሪስቲያን ነዋሪ ነው የሀገር ባለቤት??? አንቺ ኣያቶችሽ የዛሬ 3000 አመት ነው ወደ ኢትዮጵያ የመጣቹህት ምን ልታ ደርጊ እዛ ሄደሽ ትቃጣያለሽ???!!! ኢስራኤል ሽብር ደጋፊም ቀስቃሽም እሷ ናት።,1,1,0,0,0,0
amh_train_track_b_01816,የፋሽስቱ አብይ አሕመድ ማጠሪያ ጊዜ እየቀረበ ነው ሌላው ሕዝብ ለአመፅ ቢነሳ ከፋኖ ጋር ባጭር ጊዜ ይሔን ቁሻሻ ከነ ቨስባሳ ሠራዊት ሜዳ ላይ መቨተን ይቻላል ድል የፋኖና የሕዝብ ነው ሞት ሐፋሽስቶች,1,2,0,0,0,0
amh_train_track_b_01817,ሌባ እናት ልጇን አታምንም ! የሚለው የጥንት ቢሂል ለእናንተ የተተረተ ነው። ገላችሁ ገዳይ ፈላጊ፣ ሰርቃችሁ ሌባ ፈላጊ፣ አስገድላችሁ ሀዘን ደራሽ የ27 አመት,1,1,0,0,0,0
amh_train_track_b_01818,በጣም ያማል የህፃን አምላክ ይፍረድባት,0,0,2,0,0,0
amh_train_track_b_01819,እንባ የተቀመመ መስዋዕት ነው አቤቱ የህዝምን እንባ ተቀብል ? EOTCUnderAttack,0,0,2,0,0,0
amh_train_track_b_01820,ከምግብ ጋር የሚያስታውክ ሰርፕራይዝ ቀረበለት 🤧🤧🤧,0,0,0,0,0,0
amh_train_track_b_01821,ይሄኮ መኖር አይባልም የሞት ሞት ነው አገር ሣይኖርህ ዘመድ ወገን ባሕል ማንነት ኩራት ይህ ሁሉ ሳይኖርህ ብትኖር ምን ዋጋ አለው,0,0,0,0,0,0
amh_train_track_b_01822,የኔ አባት አላህ ይርዳህ ወላሂ ሰው መዳን ፈልጎ ጤና ሲያጣ እንዴት ያማል በአላህ አይዞህ,0,0,3,0,0,0
amh_train_track_b_01823,አይ እናንተ አያልቅባቹ ትናንት ወጠው አመፅ የሚያስነሳ ነገር ሲዘባርቁ ዛሬ ደግሞ እውነተኛ አባት ለመምሰል መሞከር ያሳፍራል ችግር ፈጣሪዎቹ እናንተ ናችሁ የእናንተ ፀሎት እውነተኛ ቢሆን ኖሮ እግዚአብሔር አገራችን ላይ ሰላም ይፈጥር ነበር ግን ችግሩ ያለው ከአናቱ ላይ ከእናንተ ነው,1,1,0,0,0,0
amh_train_track_b_01824,አዎ። ገና በልጅነቴ እንቅጩን ነግሮ ከ 17 አመት ሀዘን ታድጎኛል።,0,0,0,1,0,0
amh_train_track_b_01825,ማሪያምን በጣም ጀግና ልበ ቀና አስተዋይ ልጅ ነሽ በዚህ እድሚሽ ይሄን ሁሉ መከራና ስቃይ አሳልፍሽ ግን አሁንም ጥሩ ልብ ነዉ ያልሽ ድንግል ማሪያም መጨረሻሽን ታሳምርልሽ የኔ እናት😭😭😭,0,0,1,1,0,0
amh_train_track_b_01826,ሲያናድድ እኔ አሊ አፈሩን ቆፍሮ ሊያወጣው ነው ብየ ሰፍ ብየ ስጠብቅ ዘባረቁት ቱ ደሞኮ የገረመኝ ኩዚ ሊመት እያለ ስለፍቅረኞቹ ያስታውሳል,1,0,0,0,0,0
amh_train_track_b_01827,ሰዉየው ራሱ ዘሮበት የድንግል ሃይል አይችሎውም።,0,0,0,0,0,0
amh_train_track_b_01828,ዋው ገኒ አስደናቂ አስገራሚ ገለፃ።ከብስለት ጋራ።,0,0,0,2,0,1
amh_train_track_b_01829,እንዳለ አሉኝ የምላቸው ጥሩ ነገሮቼ ለካ መንፈሱ የሰጠኝ ናቸው ከልቤ ነው በጌታ እጅ ውስጥ ባልሆን ምን አይነት ሰው ልሆን እንደምችል አሰብኩት አስቤም ራሴን ታዘብኩትለራሳች,0,0,0,1,0,0
amh_train_track_b_01830,የሰለጠነ ለልጅ ልጅ ጥሩ እያስተላለፉ እናት የሚገማ ፖለቲካ ተናሩ አብታሙ ኮርጅ ሁሌጥላቻ,0,2,0,0,0,0
amh_train_track_b_01831,አራት ቀርቶ አስረም ይሁን ቋንቋ ጥሩ ቅንጭላት አይሆንም ጅሉ,0,2,0,0,0,0
amh_train_track_b_01832,የናቴን ቀሚሥ አለበስኩ ሆኘነው አለች ጦጢት ይባላል።ለማንኛውም ጥሩ ዜና ዛሬ አመለጣችሁ 5000 km,0,0,0,1,0,0
amh_train_track_b_01833,አንት አተላ ሰካራም ከሀዲ ሰለ እስልምና ከመናገርህ በፊት ቆሻሻህን ታጠብሳታፍር የህፃናት ጭፍጨፋን ወደ ጎን ብለህ በተከበረው አሰልምና ለይ አፍህን ትከፍታለህ ሙጀጀሌም አስልምና እሄን አሚያዝ ከሆነ እንዴታባህ እስካሁን አለህ ሞላጫ ሌባ ነጃሳ,1,2,0,0,0,0
amh_train_track_b_01834,ግን የመስዑዴ ነገር እህት ማለት  የራሷ ልጅ ታቅፋ ማየት ጓጓዉ,0,0,0,1,0,0
amh_train_track_b_01835,የቱ ጋር ነው ይሄ ፖለቲካነቱ? ጭፍን አስተያየት አትስጥ የህዝብ እንባ ፈሶ አይቀርም ዋጋችሁን ከፈጣሪ ታገኛላችሁ ጭፍን በሄርተኛ ሁላ,1,1,1,0,0,0
amh_train_track_b_01836,እንደት ከረማችሁ የቆሰለ ፍቅር ተከታዮቹ እንደዚህ ፊልም የእኛንም  ኢትዮጵያ መጨረሻዋን ሠላም ያድርግልን ወደ ነፃነቷ ትመለስልን,0,0,0,1,0,0
amh_train_track_b_01837,አስተሳሰቡ ዕይታው ንግግሩ ተግባሩ የሚገርም ሰው ።አርቆ ኢትዮጵያንያየ ሰው ።እናዝናለንሰውን በመግደል የሚመጣ ነገር ቢኖር እርግማንነው።ቃኤሎችሆይ,1,0,1,0,0,0
amh_train_track_b_01838,እኔ አንተን የግድቡ አንድ መከላከያ ሃይል ነህና ስጋት የለኝም ሌላውን ነው እኔ እምሠጋው ተላላኪ ሆዳም ባንዳ የውስጡን እሾህ ነው የሚፈራው,0,0,0,0,2,0
amh_train_track_b_01839,ሃጫሉን አስበላው አንተና በቀለ ገርባ ከመስከረም ሰላሳ በሃላ መንግስት የለም ጠይቀው እስኪ ያስጨፈጨፍካቸው የደቡብ ልጆች ደማቸው ይፋረድሃል oromya with out of Ethiopia ብሎ ይህንን መንጋ ነዳው የአይልቀይዳ እና Isis ጭንቅላት ከነሱ ይከፉ ናቸው ኦሮሞ ሙስሊሞች አሁንማ አሜሪካና ካናዳ ልታባርራቸው ነው ሁሉንም,1,2,0,0,0,0
amh_train_track_b_01840,ያለን ሠላማዊ የሆነ ድንቅ ጥበብ ነው አካባቢውን አውቃለሁ ይቻላል,0,0,0,2,0,0
amh_train_track_b_01841,መነገሩ አይደለም ትልቁ ትርጉሙ የራሱ መፃፊያ አለው እንዴ በታሪክ ስተት የራሱን ፊደል ያልተጠቀመ ቋንቋ ነው።,0,0,0,0,0,0
amh_train_track_b_01842,አሜክስ ከ5 አመት በኃላ መንግስት በውስጡ የተሰገሰጉትን ያፅዳ የሚል ትንታኔ its embarrassing የግጭቶች ሁሉ አባት የመልካም ነገሮች ሁሉ ጠላት የሆነው ኮነሬል አብይ አህመድን ነው የሱ መወገድ የሀገሪቱን 50 ችግር ይፈታል,0,2,0,0,0,0
amh_train_track_b_01843,ቄሶችስ አይገዝቱም እንዴ ዘመን አመጣሽ አፈር ቀብር ቀርቶ ሬሳው እኮ በማግስቱ ይፈርሳል በጣም ግራ ግራ የገባ ነገር ሐብታሞች በናንተ ነው መከራ የመጣ የእግዚአብሔር ህግ ጥሳቹ ወራዳ ድሀ ትቶ ይጨርሻቹ ባለ ገንዘብ,1,1,0,0,0,0
amh_train_track_b_01844,በእውነት አናደኸኛል ይችን የመሰልች ቆንጆ ሚስት ለዛውም የልጅህን እናት ማናደድ ተገቢ አይደለም ። ካሁን በኋላ አታስለቅሳት ፕራንክም ልክ አለው ብሮ በተረፈ ይመቻችሁ አይለያችሁ።,1,0,0,0,0,0
amh_train_track_b_01845,አባይ ቲቪ የኢትዮጵያ ምርጥ እወዳችሗለው ሀገር ውስጥም እያለው የእናንተ አድማጭ ነኝ ታማኝ እና እውነተኛ የመረጄ ምንጭ,0,0,0,3,0,0
amh_train_track_b_01846,ባጣም ደስ ይላን አንደኛና ሁለተኛ ኢትዮጵያዊን መውጣታቸው፡ ነገር ግን ሰስትኛው የወጣችው ለም ስምዋና ያገሪዋ አልገለጥክም ዘረኛ ነህ እንዴ ክክክ።,0,1,0,1,0,0
amh_train_track_b_01847,ቀልድ አያልቅባቹህ ገና ሶማሌ መጣ ልትገርፍህ ነው ኢትዮጲያ በመሪዋ የተዋረደች አገር ሆነች ያሳዝናል,0,2,2,0,0,0
amh_train_track_b_01848,አረ ንግድ ባንክ የሆነ ወረዳ የሄድኩ ነው የሚመስለኝ መታወቂያ ለማውጣት ገንዘብህ ለመውሰድ ማጉላላላታቸው,1,1,0,0,0,0
amh_train_track_b_01849,ካድሬነት በዚህ ልክ መሆኑ ያሳዝናል አቃጥሮ ከመኖር ሞት ይሻላል ለሆድ ማደር ዋጋው የከፋ ነው,1,0,2,0,0,0
amh_train_track_b_01850,Dava Man Dawit ፋኖ የሽፍቶች ስብስብ ነው ገዳይ ሌባ ሴት ደፋሪ ንብረት ዘራፊ ኣንድነት የሌለው የተበጣጠሰ ሃሳብ ያለው ።ኢትዮጵያ ኢትዮጵያ እያለ ኢትዮጵያዊ የሚገድል የሚያፈናቅል ክፉ ዘር ነው ምቀኛ መተተተኛ እምነት የለሽ ።,0,2,0,0,0,0
amh_train_track_b_01851,ወደድንም ጠላንም እንደ ዶር አብይ አይነት መሪ ሀገራችን ዳግም የምታገኝበት ቀን ሊናፍቃት ስለሚችል ልንደግፈው ይገባል ጀግንነቱና ቆራጥ የአመራር ብቃቱን ሳላደንቅ አላልፍም በቃ ይችላል ፈታሪ ጠላቶቹን ያውድም,0,0,0,2,0,0
amh_train_track_b_01852,ሙስሊም መሆን መታደል ነውኮ ጀግንነትንም ከኛ ጋር ነው መሳሪያ የያዘን ወራሪ በድንጋይ የያሚሯሩጡ ናቸውኮ ሞ ት ለወራሪዋ,0,0,0,1,0,0
amh_train_track_b_01853,በቅድሚያ የመረጋጋጋት መንፈስ ከሌለው ወይም ካልተሰጠው ጋር መንጋገር አይቻልም ወንጌል ራስን የመግዛት መንፈስ ይሰጣል,0,0,0,0,0,0
amh_train_track_b_01854,አለምም ሥልጣንም ገንዘብም ውበትም በቅጽበት ይጠፋሉና ወደ ለዘላለም ሕይወት እረፍት ደስታ ለመግባት መንገዱ አንድና አንድ ነው እርሱም ኢየሱስ ብቻ ነው ኢየሱስ ያድናል,0,0,0,0,0,0
amh_train_track_b_01855,እናት የዚህን ያህል ትጨክናለች እዴ 😭😭😭,0,0,2,0,0,0
amh_train_track_b_01856,ፕራንክ እያደረጉት እንዳይሆን,0,0,0,0,0,0
amh_train_track_b_01857,ራያ ቢራ ታክስ ቢጫንበት ጥሩ ነው ?,0,1,0,0,0,0
amh_train_track_b_01858,አሜሪካ በእስራኤል የመጣ በአይኔ መጣ ብላለች እዛ ሆነው ኡኡኡ የሚሉት በ ቴረሪስት እናዳፈርጃቸው መፍራት ነው😳,0,0,0,0,0,0
amh_train_track_b_01859,የአፍሪካ ዋንጫ፡ ደቡብ አፍሪካ በበረኛዋ ታግዛ ወደ ግማሽ ፍፃሜ ስታልፍ አይቮሪ ኮስት ግስጋሴዋን ቀጥላለች,0,0,0,1,0,0
amh_train_track_b_01860,ባለ ስልጣኑ ቀባጠረ እንዴ እኔ ጭራሸ አልሰማቸዉም ቀጥታ ኮሜንት ላይ ነዉ የምሄደዉ ሰማ ወንድሜ ረሀብም ድርቅም ጎርፍም ሰዉ ሰራሸ እንጂ ተፈጥራዊ አይደለም ተፈጥሮዊ ቢሆን ግብብፅ አንድ ወንዝ ይዛ በረሃ ላይ ትራብ ነበር ሳወዲያ አረብያ በረሃ ዉሰጥ ነዉ ያሉት ግን አይራቡም እንደልማዳቹህ ቤንዚን ሰሌላላቸዉ በሉኛ እንግዲያወሰ ደቡብ ሱዳንም ቤንዚን አላቸዉ የመንም አላቸዉ ሊቢያም ቤንዚል አላቸዉ ናይጄርያም እንዲሁ ማዕድን ባለዉ አይደለም ጭን,2,0,0,0,0,0
amh_train_track_b_01861,“ዓላማዬ የኢትዮጵያ የሀገረ-ሰብ ሙዚቃ መሳሪያዎችን ማጉላት ነው”- አስቻለው ፈጠነ,0,0,0,0,0,0
amh_train_track_b_01862,ወላሂ እኔ ሞተች ስባል የተሠማኝ ስሜት በጣም ከባዲ ነበር ወላሂ ልጅን ትመስላለች አሏህ ባንች ላይ እጃቸውን ያሳረፉትን አሏህ ይበቀላቸው ወላሂ እራሴን መቋቋቋም ነዉ ያቃተኝ አሏህ የጀነት ሙሽራ ያርግሽ የኔ ውዴ ያአሏህ ምን አይነት ጭካኔ ነው የአሏህም ውሳኔ ቢሆንም ግን ??? ኢናሊላሂ ወኢናሊላሂ እራጅዑን የአሏህ ነን ወደሡም ተመላሽ ነን ለናቷ አሏህ ሶብሩን ይስጥሽ ከባዲ ነው በስደት ሁኖ እንዲህ አይነት መርዶ ያኢላሂ አተ,0,0,3,0,0,0
amh_train_track_b_01863,አንቺ ደሞ ስለ እስራኤል ፍልስጤም ምዘግቢው እውነታ ጨምሪበት የፍልስጤም ህጻናት ተገደሉ ምትይው ነገር ከዛ ውጪ ከሌሎች ሚዲያወች ጥሩ ናችሁ በተለይ በሀገር ውስጥ ምታረጉት ዘገባ በርቱ,1,0,0,1,0,0
amh_train_track_b_01864,አገር ትቅደም የሚለው ቃል የአፈታሪክ ሆኖ ቀረ በቃ ጊዜ የወለደው ዘረኝነት የመንግስት ቸልተኝነት አለፍ ሲል የኑሮ ውድነት ኢትዩጲያ ትቅደም የሚለውን ቃል ኧረስተውት የኔ ብሔር ይቅ,1,0,1,0,0,0
amh_train_track_b_01865,ዜና ስታጡ የኩሽና ዜና ነው ምታመጡት🤣🤣🤣,1,0,0,0,0,0
amh_train_track_b_01866,የእኔ ማር አይዞሽ የእኔ እንባ ይፍሰስ,0,0,2,0,0,0
amh_train_track_b_01867,አምስት አመት ሙሉ ህዝቡን እረፍት ነስቶ በስቃይና ታይቶ በማይታወቅ መከራ ያንገላታ አረመኔ የጋዳፊን ያገኛል!,2,1,0,0,0,0
amh_train_track_b_01868,የኔ ድጋይ ራስ እንደ ጂያን ካላፈቀርከኝ አልፈልግክክም,0,1,0,0,0,0
amh_train_track_b_01869,1. አማራ 2. ኤርትራ 3. ቻይና 4. ሩስያ በአቢይ ክህደት ተፈፀመባቸው 4ቱም ሲጨንቀው መከታ ሆነውት ነበር,1,0,0,0,0,0
amh_train_track_b_01870,ሀይ የዘንድሮ ሥራ-ፈት EBC... እስቲ ደመሞ ዬሌላ ብሔርንም አንዴ... ወይስ የሌላ ከንቱ ነው???,0,2,0,0,0,0
amh_train_track_b_01871,ይሄን ጥያቄ ጠይቅ! አሁን እያደረግህ ያለኸውን ነገር እያደረግኸው ያለኸው ለምንድን ነው? ሰዎች አድርግ ስላሉህ? ይሄን ማድረግ ይገባኛል ብለህ ታስብ ስለነበረ ? ወይንስ ድንገት አ,0,0,0,0,0,0
amh_train_track_b_01872,የግብፅ ታሪካዊ የናይል የጀልባ ቤቶች እንዲፈርሱ መወሰን የፈጠረው ሐዘን,0,0,1,0,0,0
amh_train_track_b_01873,የቀድሞ የፓኪስታን ጠቅላይ ሚኒስትር ከባለቤታቸው ጋር የ14 ዓመት እስር ተፈረደባቸው,0,0,0,0,0,0
amh_train_track_b_01874,የኦርቶዶክስ ልጆችጊዜ ረዳን ሁሉን ማድረግ ይቻለናል ብለው የሚቃዡ አውሬዎች እኛን ለማጥፋት ገና ብዙ አቅደዋል እናበሚደርስብን መከራ እግዚአብሔር ያጽናን! እኛም እንዘጋጅ! OrthodoxUnderAttack,0,0,2,0,0,0
amh_train_track_b_01875,Ethiopia (የዘመኔ ምርጥ መሪ) ኩጠቅሚ ዶክተር አብይ አህመድ ? ከተለያዩ ክፍለ ከተሞች ለተውጣጡ 150 አቅመ ደካሞች ነው የበዓል ማዕድ የማጋራት ስነ ስርዓቱ የተከናወ,0,0,0,2,0,0
amh_train_track_b_01876,ግን እኔ ቴፊክ ሥለሞተ ደስ አላለኝም ምክንያቱም ፊልሙ አይደምቅም,0,0,2,0,0,0
amh_train_track_b_01877,ስህተቷ የት ጋር ነው? ወንድሜ የደቡብ ወሎ አመራር የመጨረሻ ዝቃጭ ነው! ኖረን አይተነዋል ምናልባትም በክልሉም አመራሮች ያልታሰበ ነገር ግን አማራን ሊጎዳ,0,2,0,0,0,0
amh_train_track_b_01878,ኢትዮጵያ ውስጥ ፍትህ የለም ሞት ብች ነው እጅ የአብይ ዘመን እንድህ ነው,1,0,1,0,0,0
amh_train_track_b_01879,Hajamo W Wachamo አሁን ስንት መከራ መዘገብ ባለባት ሀገር ቁጭ ብለን የባይደን ውሻ አላሉም,1,0,1,0,0,0
amh_train_track_b_01880,ጠላት ደነገጠ በባህር ኃይላችን ፐ ፐ ፐ  ባህር ኃይል  ችግኝ  ቤተመንግስት አንገባቢ ናቸው ለህዝባችን ይበላሉ ይጠጣሉ መጠለያ ይሆናሉ ቀውሱም ህዝብ ይፍጅ ሌላውም አለም መሪው እንዳለው ጭጭ ምጭጭ ብሎ ነው የሚኖርው አፈር ብሉ,1,1,0,0,0,0
amh_train_track_b_01881,ጦርነትን ቀስቀሶ በሚሊዮኖች ሞት ለማትረፍ ድራማ ነው የሰራው። የጦርነቱ ባለቤቶች ወያኔና ብልፅግና ሸኔ ናቸው! ጦርነቱን ሁለቱም ይፈል,0,1,1,0,0,0
amh_train_track_b_01882,የቀድሞው የፓኪስታን መሪ ኢምራ ካን ትዳራቸው እስላማዊ አልነበረም ተብለው 7 ዓመት ተፈረደባቸው,0,0,0,0,0,0
amh_train_track_b_01883,ብዙ ሰው ብዙዬና ሂሩት ይምታቱበታል በዘፈናቸውም ጭምር ከሰፈርህ ፖሊስ ኦኬስትራ አብረዋት የነበሩ ሰው ዛሬ በአጋጣሚ ነግሬያቸው ማረፏን ብዙ ነገር አጫወቱኝ የሚገርም ቆይታ ብታይ,0,0,0,0,0,0
amh_train_track_b_01884,ገድላችሁ ሀውልት የማቆሞ ብርታቱን ማግኝታችሁን ሳላደንቅ አላልፍም የእናንንተም ወደፊት በዚሁ መልኩ ሀውልታችሁ በሌሎች ገዳዮች መቆሙ አይቀርም ምንም ይሁን,1,1,0,0,0,0
amh_train_track_b_01885,ከትግራይ ጦርነት በፊት ባደረግኸው ቅስቀሳ ለምሳሌ በትግራይ ህዝብ ላይ ጅምላዊ ፍረጃ በጦሩነቱ ወቅት የትግራይ ተወላጅ ላይ ይህን ሁሉ ግፍ እስርና ግድያ ያጋጠመውና ሙሉ የኢትዮጵያ ህዝብ በሚባል በትግራይ ህዝብ ላይ ያሳየው ጭካኔ የትግራይን ህዝብ ኢትዮጵያዊ እስከማይመስል ደረጃ ለታየበት የሌላው  የአማራ እሊቶች ጥላቻና ቂም አስተዋፅኦ የጎላ ቢሆንም ለለውጡ መቀጣጠል ስትጠቅምባቸው የነቡሩ እስከ ኣባይ ፀሃየ የተሳሳተ ቅንብር ጭምር ለትግራይ,0,1,0,0,0,0
amh_train_track_b_01886,ለህግ ይቅረብ ህዝቡን አጭበርብሯል ወደል ጉልበት ይዞ ሚስኪን የአረብ ሀገሬ ሤቴ ነች እንባዋንም ገንዘቧንም የለገሠችው ሞልቶላት አይደለም የምለግሰው የደም ጭማቂ ገንዘብ ነው ብዙ ተቸግራ ያገኘችውን እደዚህ አይነት ደነዝ መጠቀሚያ መሆን ያሳዝናል ብሩም በረካ የለው አይጠቅመውም,1,0,2,0,0,0
amh_train_track_b_01887,በዮሐንስ ሊጠመቅ ከገሊላ ወደ ዮርዳኖስ መጣ (ማቴ፫፥፲፫) ጥምቀትን ለምን እንደምናከብር አንዘንጋ። መልካም በዓል ?,0,0,0,1,0,0
amh_train_track_b_01888,ማሌዢያ ውስጥ አንድ የግል አውሮፕላን በመኪና መንገድ ላይ ተከስክሶ 10 ሰዎች ሞቱ,0,0,1,0,0,0
amh_train_track_b_01889,ኡመር ግን አበዛው ለምድነው ሊበቀላት የፈለገው የምር ደስ አይልም እሷም ላባትዋ ስትል ነው እዚህ ማጥ ውስጥ የገባይውምን አለ ባይበቀላት ጉሉሩየ,0,0,1,0,0,0
amh_train_track_b_01890,እናንተ ድንቅዬ የእምዬ ኢትዬጵያ ልጆች እንባችሁን እጉዚአብሔር ይቀበል የእናት ሆድ ዠንጉርጉር ነው እንደሚባለው ኢትዬጵያም እንደ ጅብ ቀን ከለሊት የሚበሉዋት እንዳሉ ሁሉ እንደናንተ አይነቱ ደሞ የሚሳሱላት ና ከቀን ጅብ የሚከላከሉላት አሉዋት እና ተስፋ አላት በርቱ እግዚአብሔር አገራችንን ይጠብቅልን,0,0,1,1,0,0
amh_train_track_b_01891,የሚገርመው ማንኛውም ሀገር ኢትዮጵያን በህዝቦቿ በኩል አሸንፎ አያውቅም በመሪዎቿ ነው እንጂ ለአሜሪካም ከህዝቡ አብይ ነው የቀለላት,0,0,0,0,0,1
amh_train_track_b_01892,ድራማው በጣም አስተማሪ እና አጓጊ ነው ግን መቆራረጡ አናዳጅ እና ተስፋ አስቆራጭ ነው,1,0,0,1,0,0
amh_train_track_b_01893,ወገን ስትፅፉ ተጠንቀቁ በመጀመሪያ ይህ መንግሥት በብቸኝነት የሚጠቀምበት ሚዲያ ነው ስለዚህ የመንግሥት ደጋፊዎች የሚያንፀባርቁት ሀሳብ ነው አብዛኞቹ ነፃ ሀሳብ የሚያራምዱ ሚዲያዎች ተዘግተው ጋዜጠኞች ህዝብ ተወካዮች ታስረዋል ስለዚህ በሀገር ያለውን ዋና ጉዳይ የህዝብ በደል ረሀብ ጥፋት ሳይናገሩ ትኩረት ለማስቀየር በየጊዜው አጀንዳ የሚፈጥር ስለሆነ ብዙ ትኩረት አይስጡት,1,0,0,0,0,0
amh_train_track_b_01894,በጣም ያሳዝናል ይገርማልም ለመስማትም ይዘገንናል,0,0,3,0,0,0
amh_train_track_b_01895,አፈወርቅ አግደውን እና ኦባንግ ሜቶን ሳላደንቅ ብቀር እውነት ን መግፋት ነው።,0,0,0,2,0,0
amh_train_track_b_01896,አርፈህ ተገዛ ባርያ ሁን ፣ እንደ አህያ ተጫን ኦሮሙማ ንብረትህን ፣ይዝረፍ ልጅህን ይግደል። ሱሪህን እውልቅና እንደ እኔ ለአብይ ተጎንበስ፣ የሚልህን ደግሞ እ,2,1,0,0,0,0
amh_train_track_b_01897,ኢትዮጵያዊነት ሲደምቅ! መልካም ጥምቀት ?,0,0,0,1,0,0
amh_train_track_b_01898,?ስለሀገርህ ህዝብ መከራ ረሃብና ጥማት ከቀዬው ተፈናቅሎ ችግር ላይ መውደቁን መናገር መንግስትን ለመገልበጥ ማሴር መንግስትን ማሳጣት ከሆነ ታዲያ ምኑን ነው ሀገር የምንለው ማ,1,0,1,0,0,0
amh_train_track_b_01899,በዚች እድሜሽ ስንቱን ፈተና አየሽ ኡፍፍፍ የሴት ልጅ መከራ ለማመን ይከብዳል ያውም እናት 🥲🥲🥲,0,0,3,0,0,0
amh_train_track_b_01900,ይህች ሴት ከዚህ በፍትም እንደዚህ ስትል ስምቻለሁ ውሸት ነው ። የዘመኑ ፓስተር ጸልዮ ለቀቀቀሽ sorrry ፓስተሮች ከዚህ ድርግት 2016 E.C የመትቆጣቡ ከሆና 2017 E.C ለቀቅመነችሁ መከላከያ ማሰልጠኛ ደግሞ በሊቢያ ሣራ በረሃ ይሆናል ።,1,1,0,0,0,0
amh_train_track_b_01901,እናትየው ላይ ያለ እርኩስ መንፈስ ነው ይህን ሁሉ የሚያደርገው አምላክ ነብሳን ይማር ልጅህን ግን ተረባርበን ስው እናድርጋት ዘመኑ የዛር ግፍ የምንቀበልበት ሆናል,0,0,3,0,0,0
amh_train_track_b_01902,አሜሪካ ለሕንድ የ4 ቢሊየን ዶላር ድሮን ሽያጭን አጸደቀች,0,0,0,0,0,0
amh_train_track_b_01903,በየትኛው ጦርነት ህግ ነው ህፃን ሴት ሽማግሌ ግደል ሚለው,2,0,0,0,0,0
amh_train_track_b_01904,ይሄንን ቪዲዮ አጥፋ! ይህ የአጋንንት ዓላማ ማስፈጸሚያ ማስተዋወቅ የው! እጅግ አደገኛ አካሄድ ነው። በዐማራ ሕዝብ ስም ንግድ ይቁም!,2,0,0,0,0,0
amh_train_track_b_01905,ስታሳዝን ገና መኖር ሲጀምሩ የጥሩነት መጨረሻ ይሄ ነው ቦርቀው ያልጨረሱ ልጆችን መቅጠፍ ባለስልጣኖቹሁ ልጆቻቸውን የተሻለ ሀገር አስቀምጠው ሚስኪኖች ያልቃሉ ያሳዝናል ነፍሳ ይማር ለተቀሩት ሕግዛብሔር ድረስላቸው,0,0,3,0,0,0
amh_train_track_b_01906,ለሁሉም መልካም የስራና የስኬት ዘመን እንዲሆንላቸው እንመኛለን።,0,0,0,2,0,0
amh_train_track_b_01907,እውኑቱ በሲኦል ውስጥ በጣም ካሎ ቦታውች በሥነ ምግባር ቀውስ ውስጥ ገለልተኝነታቸውን ጠብቀው ለሚቆዩ ሰዎች የተጠበቁ ናቸው። Dante Alighieri,0,0,0,0,0,0
amh_train_track_b_01908,በነገራችን ላይ የአማራ ብሔርተኛ ሆኖ የኦሮሞ ህዝብ እየሞተ አይደለም የሚል አላየሁም። የኦሮሞ ህዝብ ግን የሚሞተው አማራዎችን ለማፅዳት በተነሳ ግጭት ነው የተባለው።,0,0,0,0,0,0
amh_train_track_b_01909,🇵🇸🇵🇸❤️❤️❤️🇵🇸🇵🇸🇵🇸🇵🇸🇵🇸🇵🇸🇵🇸🇵🇸❤️❤️❤️❤️❤️🇵🇸🇵🇸🇵🇸🇵🇸🇵🇸❤️❤️❤️🇵🇸🇵🇸❤️❤️❤️🇵🇸 🇵🇸🇵🇸❤️❤️❤️🇵🇸❤️ እስራኤል ሕጰናትን ስትጨፈጭፍ አሸባሪ አያስብልም አሸባሪ እናተናችሁ,1,1,0,0,0,0
amh_train_track_b_01910,ምርጥ Conspiracy መፍጠር ለምትችሉ የሀገሬ ሰዎች ምን ያህል ኋላ ቀር የባርነት ጅምላ ህሳቤ እንዳለው መፈላስፍ የምትችሉበት ምርጥ ግብዓት ነሆነ፤ይሄን,0,0,0,1,0,0
amh_train_track_b_01911,እስራኤል-ጋዛ፡ ሐማስ አዲስ ለቀረበው የተኩስ አቁም ስምምነት ምላሽ ሰጠ,0,0,0,0,0,0
amh_train_track_b_01912,ትንቢት እንጂ ጥላቻ አይታይም,0,0,0,0,0,0
amh_train_track_b_01913,በጣም ነው የሚገርም አድስ አበበን መመኘታቸው የታሰረው ሰትናኤል የሰማይ ዙፋኑን እንደመመኘት ነው።,0,1,0,0,0,1
amh_train_track_b_01914,"""ትግራይ ቀጣይዋ ሆሊውድ እንድትሆን ነው የምፈልገው""- ፍርቱና ገብረ ሥላሴ",0,0,0,0,0,0
amh_train_track_b_01915,አሌሳደብም ግን እናተ ከሞት ቡሀላ መቀስቀስ አለዴ ካለማ ከከሳሪዎችነን ትላላችሁ ወደእሳት ስትወረወሩም መልእክተኛ አልመጣላችሁም ነበርሲላችሁ ከጎደሎየጠራው አላህ መጥቶልንነበር አስተባበልን የምንሠማ የምናስተውል ቢሆንኖሮ እዚእሳት ባልገባን ትላላችሁ ያኔግን ፀፀት የማይጠቅምበት ቀንነው ብታምኑ ለራሣችሁ ብትክዱም ራሳችሁ,0,0,0,0,0,0
amh_train_track_b_01916,መሳይመኮንን ራሱ 95 ለ5 እየለ የዘር መጥፈት በትግራይ ህዝብ ለይ ስየዊጅ ቆይቶ አሁን አቶ አድሱ አራጋን ይከሰል። ለኦሮሙማው ባለስልጣን አደገኛ ፅሁፍ የመሳይ መኮ,0,2,0,0,0,0
amh_train_track_b_01917,ኣንዱ ከሃዲ ነው ሃሰተኛ ትምህርት ይዞ የመጣ ነው,0,2,0,0,0,0
amh_train_track_b_01918,ያሳዝናል ሀሰት የሀሰት መሪ ኢትዮጲያ ተበላሸች በእናንተ ምክንያት እውነተኛ የእግዚአብሄር ሰዎች አብረው መረሸናቸው ያሳዝናል ስለእግዚአብሄር ቃል ከመናገር ይልቅ እግዚአብሄር ስለማይከብርባቸው ነገሮች ላይ ጊዜ ስለማጥፋት እውነት Miracle የምትባለው ሰው ተጠርተህ ቢሆን ኖሮ ስለ ግብስብሱ ስለ አለም ነገር ትተህ ስለ ኢየሱስ ታወራ ነበር ኢየሱስን የተጠማ ሰው ተሰብስቦ አንተ Mancity Arsenal እያልክ ታሾፋለህ ሀሰተኛ የሀሰት መሪ..,1,1,1,0,0,0
amh_train_track_b_01919,ይሄንን አባት በዚህ ሚዲያ ድጋሚ ነው ወይም የበፊቱን ነው ድጋሚ ያቀረባችሁት የልጁ ሀዘን የጎዳው አንሶ ደጋግማችሁ ልቡን አትስበሩት እግዚአብሔር ያበርታው የልጁን ነፍስ በገነት ያኑረው,0,0,3,0,0,0
amh_train_track_b_01920,ትችት የበዛባችሁ ለምን አሳዛኝ አላችሁ ነው በዛኛው ወገን በመቶ የሚቆጠሩ እየተገደሉ አይደልን ነው,0,0,1,0,0,0
amh_train_track_b_01921,የኢላን መስክ ኤክስ ፀረ-ሴማዊ ነው ሲል የወቀሰው ድርጅት ላይ ክስ መሠረተ,0,0,0,0,0,0
amh_train_track_b_01922,በጣም ያሳዝናል ሌብነት ነው የስው ሀገር ደፍሮ በመግባት የራሱን ዕድሜ ለማራዘም ነው ይሄ ድግም ለኢትዮጵያ እዝኖ እይደለም የት ነበር ይህንን ሁሉ ዓመት ህዝቡ ሉሱ ዕድሜ መራዘም መሞት አለበት,0,0,2,0,0,0
amh_train_track_b_01923,ቤክ አካሄድ አላት በአለም አይን እና ህግ አካሄድ አይደለም ነገሮች የሚከወኑ እንደእኔ ዛሬ ሁሉም ነገር ቢወሰን ደስ ይለኝ ይሆናል አባቶች ይህቺን እምነት ያቆዩልን በፀሎትና በብልሃት ነው,0,0,0,0,0,0
amh_train_track_b_01924,አንድ ቀን የኛም ሕይወት እንደ ኢንተርኔት ሳይታሰብ ድንገት ትዘጋ ይሆናል ያን ጊዜ በቪፒኤን አይተነፈስም !,0,0,0,0,1,0
amh_train_track_b_01925,በሼኔመሪ በኩል የወጣው አደገኛ ስትራቴጂ አማራውን ለማድቀቅ አገት ለማስደፋት ከጁታጋርየተዋዋሉበት ሚስጥር? አማራ የሆንክ አንብበህ ውሳኔው ያተው ነው?,1,0,0,0,0,0
amh_train_track_b_01926,እውነት በመናገሩ፤ የሬድዮ ኦፕሬተር ውጊያ መርቶ አያውቅም መምራትም አይችልም በማለቱ ። ድንገት ብድግ ብሎ አውጊ መሆን እንደማይቻል በመግለጹ ። ለገሰ አስፋው,1,0,0,0,0,0
amh_train_track_b_01927,ኦሃድ የኢርትራ አፍቅሮት የሚታይበት ኤርትራን ሲከላከል የሚኖር እና አሳቡን ኢትዮዽያዊያን ሊገዙለት የማይችል ግለሰብ ነው ኤርትራ ከሷ ጋር በጂኦግራፊ ምንም ግንኙነት የሌላቸውን የኢትዮዽያ አካባቢዎች በታሪክ አጋጣሚ ከጃቸው አስገቡ በታሪክ አጋጣሚ የሚመልሱበት እድል ሰፊ ነው ይሄን እውነታ ለመቀየሪ ብዙ ሲደክም ይታያል ይህ ግለሰብ,1,0,0,0,0,0
amh_train_track_b_01928,የአማራ ህዝብ በአንድ ተነስቶ የሚመክትበት የሚያጠቃበት እና ነፃነቱን የሚያውጅበት ግዜው ነገ ሳይሆን ዛሬ ነው የታወጀብን ጦርነት ከእስከዛሬው የከፋ ቢሆንም በአንድ ከተነሳን ነፃነታችንን የምናውጅበትም ይሆናል!,1,0,0,0,0,0
amh_train_track_b_01929,ናቲ በዚ መረጃህ ላይ አሁን ቤተሰቦቸ ያሉበት አከባቢ ዳሌ ሰዲ ወረዳ ውስጥ ጫሞ፣መንደር 13፣ መ14 የሚባሉ ቀበሌዎች ትንሽ ስጋት አለባቸው።በቀን በየመን,0,0,0,0,1,0
amh_train_track_b_01930,ፕሮፋይል መግቢያህ ላይ ያስቀመጥከው ፀሎት መንፈሳዊ እንዲያስመስልህ ሞክረህ ነበር ከአፍህ ፍሬ ግን ማን እንደሆንክ ታወቀብህ አስመሳይ የበግ ለምድ የለበስክ ተኩላ ነህ,0,2,0,0,0,0
amh_train_track_b_01931,ጌታ ሆይ ለሀገሬ መሪ እና አስተዳዳሪዎች አቅም እና ጉልበት ሁናቸዉ ሀገር ላይ ሽብር ለመፍጠር የምትመኙ ዘላለም አይሳካላቹህ የሀገሬ ህዝብ በወሬ ንፋስ ባትወዛወዝ ምን ይመስልሀል,0,0,1,0,0,0
amh_train_track_b_01932,አባይ እራሱን በራሱ የሚያስተዳድር አደገኛ ፈጁ ነው አሁን ያለው የህዝብን ህልውና ማስከበር እና ገዳይ እና ገዳይን አደብ ማስያዝ ነው,1,0,0,0,0,0
amh_train_track_b_01933,መብገንን ለናንተ ትተነዋል አለም ፊት ለተዋረደችሁት እኛማ በከፍተኛ ሞራል ላይ ነን አዎ የጨፈጨፋችሁትን የህፃናቶች እሬሳ አለም በየ ሰአቱ እየዘገበ ነው መፈሪያወችወንድነትን በግር ከሐማስ ተማሩ የጫቅላወች ሞት ይብቃ,2,1,0,0,0,0
amh_train_track_b_01934,ወላሂ ወላሂ ሁለተኛ አማራ አልሆንም ። የ6 አመቷ ህጸን በአብይ እህመድ ገዳይ ቡድን ከመገደሏ በፊት የተማጸነችው መሪር ቃል ነበር። አማራ ለበቀል ተነሳ እየጠፋህ ሌሎች እየበዙ ሀገ,2,1,1,0,0,0
amh_train_track_b_01935,የምታቀርቡት ዜና በጣም አሪፍ ነው እግዚሃብሄር ሃገራችንን ይባርክልን,0,0,0,2,0,0
amh_train_track_b_01936,ሃሳቦቹ ሳይጣረዙ እና ስሜታዊ ሳይሆን ወጥ በሆነ ፍሰት ሲናገር ደዋዩ ሲሳይ መስሎኝ ነበር? ድሮ የማከብረው ጋዜጠኛ,0,0,0,0,0,0
amh_train_track_b_01937,የሟርተኞች ዋሬ ነው አምና ማዳበሪያ ስላልገባ የደረሰብን ቀውስ ቀድሞ በማወቅ ይህንን ቀድሞ ማስገባ ራሱ ጥበብ ነው መንግሥት ነገሮቸን በጥልቀትና በጥበብ ያያል እንደ ገደልማምቶ ውጭ ሆኖ ሰውን ወደ ግጭት ግራ ማጋባት ሰላም አልባ በማድርግ ነገ እንደሁም ዕድል ቀንቶት የመምራት ዕድል ቢያጋጥመው ያንን ጠባሳ የት ሊያደርግ ነው አንድ መጽሐፍ ቅዱስ ቃል አለ ይህንን እስቲ አስቡት  እንደ ሰማይ ከፍታ እንደ ምድርም ጥልቀት የነገሥታት ልብ አይመረ,1,0,0,0,0,0
amh_train_track_b_01938,የኢትዮጵያ ፖለቲካ ስረ መሰረቱ ይሄው ነው! በአማራ ህዝብ ፍላጎት ተቃርኖ ላይ የቆመ ነው። ወያኔና ኦነግ ሆነው በ 34 አመታት የተገለፀ መከራ ህዝባችን ላይ ወርዷል! ዛሬ የሁለ,1,1,0,0,0,0
amh_train_track_b_01939,በዘመንክ ሁሉ የሰማይ አምላክ ያስደስትክ የናትክ ደስታ ልቤን ነካው በልጆችክ ተባረክ,0,0,0,2,0,0
amh_train_track_b_01940,ባልታሰበ ማእበል ድንገት መመታቴ ለካስ ለበጎ ነው ይህን ሁሉ ማየቴ ያስብልልን እነ እንትናን,0,0,0,0,0,0
amh_train_track_b_01941,ጋዘጠኛ ዓለምነህዋሴ በርታ ጎበዝ ተንታኝ ነህ ባንተ ትንታኔ ብዙ እውቀት እንዳገኝ አርገህኛል,0,0,0,3,0,0
amh_train_track_b_01942,አላህን ይዞ ጨለማ የለም ሞት ለማንም አይቀር በሸሂድነት መሞት መታደል ነው,0,0,0,0,0,0
amh_train_track_b_01943,አባቶች ተለፈሰፈሱ ለመንጋው መቆም እንዳለባቸው ያህል አልቆሙም የወጣውም መግለጫ ልፍስፈስ ነው በረከታቸው ይደርብን እና እንደ አቡነ ሉቃስያሉትን በተክክል የሚገስፁ አባቶችን እግዚአብሔር ያስነሳል ባለቤቱ ካልናቁ አጥሩን አይነቀንቁ ነው ቤተ ክርስቲያኗ በቆራጥነት የሚቆም አባት አጥታ ተንቃለች ምዕመኑ አያለቀ ነው እየተሰደደ ነው ያሳዝናል,1,0,1,0,0,0
amh_train_track_b_01944,ፓስተር ነው ብሎ የሰጠዉ ለዝህ ዓይነቱ አጭበርባሪ ምላሳም ማነው ።,1,1,0,0,0,0
amh_train_track_b_01945,ሀጠራው ጋላ የኢትዮጵያን ባንዲራ እየከለከላቹህ ወሬ አታውሩ ሸርሙጣዎች ሸርሙጣ ጣቢያ ተበዱ,1,3,0,0,0,0
amh_train_track_b_01946,እዚ የሞተ ሰው ፔጅ ውስጥ እየገባቹ ኮሜንት ምትሰጡ ኢትዮጵያዊ ሳታቁት እውቅና እየሰጣቹ አታፈምሱ ንግግሩ ስሜታዊ ቢያደርግም ተውት,0,2,0,0,0,0
amh_train_track_b_01947,ሰሞኑን ሰበካው ከእዳ ወደ ምንዳ በሚል አይንህን ጨፍንና ላታልህ የሚመስል አጭበርባሪነት የበዛበት ሆኖ ታይቷል ዓላማውን በበኩሌ ከጦርነት ወደ ጦርነት ብዬ ሰይሜዋለሁ C Von Clausewitz 1832 On war በተሰኘው መጽሐፉ ላይ የሚከተሉትን ብሏል ጦርነት እራሱን የቻለ ብቸኛ ጉዳይ ሳይሆን የፖለቲካዊ ንግድ መሳሪያ ነው ጦርነት ተቃራኒውን ቡድን ፖለቲካዊ ፍላጎቻችንን እንዲያደርግ ማስገደድ ነዉ ጦርነት ፖለቲካዊ ዓላማን ለማሳካት,1,0,0,0,0,0
amh_train_track_b_01948,ሚሊሊክና ቤተክርስትያን ግን ምን አገናኛቸው አልገባኝም በተክርስትያን ውስጥ ስሙ እየጠሩ ሲቀድሱ ሳሸበሽቡ አየው ወላሂ ግርምት ?,0,0,0,0,0,1
amh_train_track_b_01949,የኢትዮጵያ ህዝብ እኮ ገራሚ ህዝብ ነው ወዳጁንም ጠላቱንም የማይለይ ከንቱ ህዝብ ፕሬዚዳንት ኢሳያስ አፈወርቂ ማለት የኢትዮጵያን ህዝብ የሚጠላ ነገር ግን የሀገሪቱን አንጡራ ሀብት የሚወድ ወያኔን አደራጅቶ አሰልጥኖ እና አስታጥቆ ኢትዮጵያውያንን በወያኔ ግፍ አገዛዝ እንዲማቅቁ ያደረገ ኤርትራን ከኢትዮጵያ ገንጥሎ ኢትዮጵያን የባህር በር አልባ ያደረገ አሁን ደግሞ የአማራ ሽፍታዎችን እያደራጀ እያስታጠቀ ኢትዮጵያን የሚያተራምስ ምግባረ ክፉ ሰ,0,2,0,0,0,0
amh_train_track_b_01950,ጨረቃ ቤት ወይ ኢትዮጵያ በቃ ኮሜዲ የሚተወንባት ትልቅ ሲኒማ ቤት ሆነች። ይሄ እኮ ትልቅ የትውልድ ሞት ነው።,1,0,1,0,0,0
amh_train_track_b_01951,እናንተ ችግራቹ ከናንተ በላይ አራዳ ያለ አይመስላችውም ሁልጊዜ የምትጠቀሙበት ዘዴ እንደሚነቃባቹ አይመስላችውም ተስፋዬ ገብረአብን አስቀምጣቹብን ነበር አሁን ደሞ ይሄን ሰውዬ ወንድሜ ጦርነትን እናንተ ከኛ በበለጠ መፍራት አለባቹ እንጂ ከእናንተ በበለጠ እኛን እንዲያስፈራን ሆን ብላቹ ያሰማራቹውብን ሰው እንደሆነ ገብቶናል ስለዚህ እሚሰማቹ የለም ሰላም ከፈለጋቹ ለዘላለሙ አሰብን እና ደቡባዉ ቀይባህር በሙሉ ለኢትዮዽያ ታስረክቧታላቹ በህገወጥ መ,2,0,0,0,0,0
amh_train_track_b_01952,ይሄኮ ዝተት በዘር ጥላቻ ያበደ ሰው ነው። ብሎክ ቻለንጅ አብይ በlike ተከፋይ አይደለም።,0,2,0,0,0,0
amh_train_track_b_01953,"Selam ለአጭር ጊዜ ብቻ የሚቆይ ልዩ የቤት የቅድመ ክፍያ የቅናሽ ዋጋ !!! ➡️ ሲ ኤም ሲ ሚካኤል ጀርባ በሚገኘዉ እጅግ ግዙፍ በሆነዉ የመኖርያ መንደርና የንግድ ቤት ሱቆችን ባካተተተዉ እንዲሁም 135,000 ካሬ ላይ ባረፈዉ ሳይታችን ላይ ቤቶን እየኖሩበት ዘና ብለዉ ከ10 አመት እስከ 30 አመት ድረስ የሚከፍሉት የመኖሪያ ቤትና የንግድ ሱቆች ባለቤት መሆን ይፈልጋሉ ??? ➡️ ፍላጎት ካሎት ለ አንድ ሳምንት ብቻ የሚቆይ ልዪ",0,0,0,0,0,0
amh_train_track_b_01954,የኛ የብዙዎቻችን ጠበቆች የኢትዮጵያዉያን ናችሁ በወንዝ ዳር እንደተተተከለ ዛፍ ለምልሙ አዲስ አበባን ከቀን ጅቦች አድንሉን,0,0,0,1,0,0
amh_train_track_b_01955,አይ ምን እና ማንንን እንመን +ዎላይታ ጦሳይ ኢየሱሳ:::,0,0,0,0,0,0
amh_train_track_b_01956,የኦፒዲኦ ሰዎች ድንገት ውረድ እንውረድ ውሥጥ የከተታቸው ነገር ሊገባኝ አልቻለም።የለየለት ቀን ከመጣ ማንም ከማንም አያንሥም ፤ ሆኖም ግፉአን አሸናፊዎች ሥለ,1,0,0,0,0,0
amh_train_track_b_01957,መልካም አባት መልካም መሪ በዘመኔ እንደ አንተ ዶክተር አብይ አላየሁም,0,0,0,3,0,0
amh_train_track_b_01958,ጅል መሆናችሁን ስለሚያውቅ እናንተን በእጁ ለማስገባት የተጠቀመው ስልት ነው ተሳካለት የኦሮሞ ፅንፈኛን ደጋፊው እንድትሆኑ አደረገ የሚገርም ፖለቲካ ሰራላችሁ,0,2,0,0,0,0
amh_train_track_b_01959,እኔ እግዚአብሔር ን የምለምነው ስለ ህጻናት የሚቆረቆር አገር ቢኖረን አለምነዋለሁእንጃ ህግ ኮ የለም,0,0,2,0,0,0
amh_train_track_b_01960,አረ ግን commment የምታረጉ ሰወች ጤነኞች ናችሁ ድል ለፍልስጤም ድል ለስራኤል እያላችሁ የምትሉት ሰው ነው እኮ እየሞተ ያለው ምን ጥቅም አለው ጦርነት ፈጣሪ አለምን ሁሉ ሰላም እዲያደርግልን መፀለይ ነው የሚያዋጣን,1,0,1,0,0,0
amh_train_track_b_01961,ጀዋር በለዉ አብይ በለዉ ማንም ሰዉ ፖለቲከኛ ከሆነ ፖለተከኛ ነዉ ለራሱ ለሚያዋጣዉና ለሚያተርፍበት እንጂ እንደ ሀበሻ አስተሳሰብ አይሆኑም ሀበሻ ከፖለቲከኞቹ አስተሳሰብ ወጥቶ ስለ ሰባዊነትና ሰዉ ስለመሆን ማሰብ እስካልጀመረ ሁሌ የፖለቲከኞች መጫወቻ ሆኖ ነዉ የሚቀረዉ እኔ በራሴ ለሀበሻ የምመኘዉ ኑሮ ከዚህ በላይ በእጥፍ ቢጨምር መኖር የሚባል ነገር ተስፋ ቢያስቆርጥ መኖር የሚቻል የማይሆንበት ደረጃ ብንደርስ ደስ ይለኝ ነበር ቢያን ሰዉ ማለ,1,0,0,0,0,0
amh_train_track_b_01962,አዪ ለነሱ እኮ ሀዘን አይገባም! ማንም ያላየውን ክብር እና አክሊል ተቀዳጅተዋል,0,0,0,0,0,0
amh_train_track_b_01963,ጀግኖች በተለይም ሀብትሽ እናመሰግናለን,0,0,0,2,0,0
amh_train_track_b_01964,ጋዜጠኛ መሳይ መኮንን ሉሲፈር አብይ በቅርቡ እየተገለፀለት ስለሆነ መሠለኝ ፥ የዛሬ 3 አመት የተናገረውን ተከታዩን ንግግር ገና ዛሬ አድምጦት ኖሯልና ስሜታዊ አርጎታል! ጠሚው በ,0,3,0,0,0,0
amh_train_track_b_01965,Belety Belety አማራናት እኮ ገዳያዋ ማስቴዋሉን ይስጠን መዳንአለም እናት ሀገር እንድንጠላላላ ምን አመጡብን ይቅር በለን 😭😭😭,0,0,2,0,0,0
amh_train_track_b_01966,እሷ ማነች አርቲስት አይደለች እንዴ በጣም ያሳዝናል ትንቢት ተናጋሪ ነኝ ማለትሽ ከሆነ ሀሰተኛ ነብይ ነኝ ባዮች ይነሳሉ ጌታ ስላለ ቃሉ ሊፈፀም የግድ ነው ማስተዋል ይስጥሽ,0,0,2,0,0,0
amh_train_track_b_01967,በኢሬቻ ላይ ጥላቻ፣ ቂም በቀል እና ተንኮል የለም። ምክኒያቱም ኢሬቻ የሰላም እና የምስጋና በዓል ነዉና።,0,0,0,1,0,0
amh_train_track_b_01968,ሀይ VOA Amharic የሀን ሁላ የእስራኤል ግፍ እና ንፁሀን ህፃናት፣ሴቶች ፣ አዛዛዛውንት ሌላው ቢቀር በሆስፒታል ላይ ጥቃት የምትፈፅመውን በዚ ልትሸፍኑት ትጥራላቹ። አዎ የልጅቷ ሞት ያሳዝናል ።ነገር ግን የዚህ ሁሉ መንስኤዋ የአፓርታይድ አገዛዟ ሙሉ 2 ሚሊዮን የጋዛን ህዝብ በቁም እስር አስራ ለአመታት ስታግት።ይሄ ይመጣል ብላቹ አንድም ቀን ድምፅ አልሆናቹም ።አታላዝኑብን እኛ ከባድ ሀዘን ላይ ነን ለፍልስጤም እህት ወንድሞቻችን።ይሄ,2,0,1,0,0,0
amh_train_track_b_01969,ፈጣሪ አምላካችን ጦርነት ናፋቂዎችን አደብ አስገዝቶ ሠላሙን ፍቅሩን አንድነቱ መተሳሰቡን መቻቻሉን ሰጥቶ ፍፁም እርቀ ሰላም አውርዶ በሆደሰፊነት አብረን እንድኖር ይርዳን,0,0,0,0,0,0
amh_train_track_b_01970,ኢሱ እባክህ ፀረ ድሮን መሣሪያ ለአማራ ፋኖ ላክ መሰልጠን ከአስፈለገ ታውቃለህ ኢሱ የአማራን ሕዝብ ከአብይ የድሮን ጭፍጨፋ አድን አደራ,0,1,0,0,0,0
amh_train_track_b_01971,ከነብሴ በላይ ወድጄው ሀቢቢ አንቱን ማውሳቴ ክብር ከፍታው ለኔ እንጂ መች ላንቱ ሆነ ትጋቴ?,0,0,0,0,0,0
amh_train_track_b_01972,ገንዘብ ነበር የምፈልገው ተሳካልህ ገጣጣጣ,1,2,0,0,0,0
amh_train_track_b_01973,አንተ ሰውዬ ሙስሊሞች ላይ ጥላቻ እንዳለህ ያስታውቃል አድላዊ ነህ የሕፃናት እንባ ምላስ ህን ይቆልፈው,1,2,0,0,0,0
amh_train_track_b_01974,እግዚአብሔር ይስጣችሁ የእናት ደስታ የቤተሰብ ደስታ ነው ዕድሜ ይስጥላችሁ 🙏,0,0,0,3,0,0
amh_train_track_b_01975,አዋሽ 40 ፡ “በቂ ምግብ ፣ ውሃ  እና በቂ እንቅልፍ በስለትም ቢሆን የማይገኝበት ቦታ”,0,0,1,0,0,0
amh_train_track_b_01976,ሶዶ ማዕከል ትሆናለች በሚል ከንቱ ቅዠት ለሚነሆልሉ ዱብ ዕዳ ቢሆንም በጊዜ ሚያነቃ ሰነድ ነው።,1,0,0,0,0,0
amh_train_track_b_01977,ጃዋር መሐመድ የፖለቲካ ትግሉን የሚደፍረው ሆ እያለ የሚከተለው ጀሌ ሲኖር እንጅ መስዋት የሚያስከፍል ነገር ሲገጥመው ጭራውን ቆልፎ ይፈረጥጣል ወይም ሁለት ጫፍ እየረገጠ ይሞዳሞዳል ደፍሮ አንድ ቦታ መቆም ዋጋ የሚያስከፍል ስለሚመስለው አቋም ሳኖረው በአየር ላይ ተንሳፎ የፖለቲካ ህይወቱን በአሳዛኝ ሁኔታ አገባዶ የከሰረ ፖለቲከኛ ሆኗል,0,2,0,0,0,0
amh_train_track_b_01978,ከሉስፈርም ጋር ኢትዮጵያን ለመጥፋት እና አሸባሪ ወያኔ ለመታደግ መወያየቱ አይቀርም! አስመሳይ የአሸባሪ ወያኔ አፍቃሪ ነው ጋሽ አብይ አህመድ አጥብቃን ልንቃወሞ ይገባል፡፡፡,0,3,0,0,0,0
amh_train_track_b_01979,የኢትዮጵያ ጋዜጠኝነት  አገር ቤት የህዝብሰባዊ መብት እጦት የፍትህ መግ ዋደል መንግስት የተሸዋረረ ፖሊሲውን ከማጋለጥ በውጭ ዜና ዩክሬንያ ሩስያ ጦርነት አሁን በፍልስጤም እስራኤል ድሮ በሳዳም ጦርነት ወሬ ነበር መሽቶ የሚነጋላቸው ጋዜጠኛ ተብየዎች ስለወለጋ አማራ እልቂትየባለስልጣናት ሙስናየሰነድ ማጭበርበር ባጠቃላይ የህዝብ ስቃይ አይናገሩም ድንቄም ጋዜጠኝነት,2,1,0,0,0,0
amh_train_track_b_01980,እንዴህ አይነት ፕራንክ አያስፈልግም ምክንያቱም ቤተሰብ ይበትናል እና,1,0,0,0,0,0
amh_train_track_b_01981,በዉጭ አገሮች ሁሉ የራሳችን ባለሙያዎች አሉሉእኮ ኢትዮጵያዊ የራሳችንን ያለማክበር አባዜ ስለአለ ነው እንጂ ገንዘቡም እንደ ግድቡ ለህዝቡ አክስዮን በመሸጥ በራሳችን ሙያተኞች ብናወጣ ይሻላል በጣም ብዙ ሸር እና ሸፈጥ አለበት የጋዝ ክምችት ለማዉጣት አደገኛ ሴራ አለው በየሀገሩ ያሉትን የፔትሮሊየም ባለሙያዎች በሚያማልል ደመወዝ መጥተው እንዲሰሩ ማድረግ ነው በቃ ይቻላል,1,0,0,0,0,0
amh_train_track_b_01982,ደጃዝማች ጀነራሉ ኣልታመሙም ወዲ ኤርጥራ ኮብልለው ሽብር ለመማር ነው የሚባለው ነገር እውነት ነው እንዴ?,0,0,0,0,0,0
amh_train_track_b_01983,የወለጋ አማራ ይሄ ሁሉ መከራ እየደረሰበት ስነልቦናው ግን የሚገርም ነው! AmharaGenocide,1,0,0,0,0,1
amh_train_track_b_01984,አሁን ትክክለኛ ቃል መረትክለት ለብልግና ፓርቲ መሰል አጋንንት እንደ ባቢሎን አልክ,0,2,0,0,0,0
amh_train_track_b_01985,ደስተኛ የማይሆን አለ ብለህ ነው? ሞቲቩ ፖለቲካዊ ይዘት አለው የሚል ስጋት አድሮበት እንጂ,0,0,0,0,1,0
amh_train_track_b_01986,አገሪቱ የምትመራው በጎጠኞቹ፣ በአፈናቃዮች ፣ በገዳይ አስገዳዮች ፣በኦነግ ሽኔ ብልፅግናዎች አይደል እንዴ ፣ ከዚህ የከፋ ምን አለ ?,1,2,1,0,0,0
amh_train_track_b_01987,አሜን ቅድስት ድንግል ማርያም ታማልዳለች,0,0,0,1,0,0
amh_train_track_b_01988,ይህ ሁሉ ሠቃይና መከራ በሻሸመኔ የሚፈፀመው የኦርቶዶክስ ተዋህዶን ለማፅዳት የኦሮሚያ ክልል ቀጥተኛ ትዛዝ መሆኑን ተመልከቱምነው በቋቋው ለማስተማር ነው የሚሉ ሠዎች ?,1,1,0,0,0,0
amh_train_track_b_01989,እንደዚህ አይነት ፍቅር የሆነች ሚስት ይስጣቹህ,0,0,0,2,0,0
amh_train_track_b_01990,ኢትዮጵያን በሰላም ማስተዳደር በተሳነው ብልጽግና እና በአክራሪዎች ከሞቀ ኑሯችሁ ተፈናቅላችሁ በየጥሻው በየጎዳናው በየመጠለያው ለወደቃችሁ ወገኖቼ እንዲሁም በየቤታችን ላለን መልካም የ,0,1,2,0,0,0
amh_train_track_b_01991,ዝቅተኛ የተሽከርካሪዎች ቁጥር ባላት ኢትዮጵያ ከፍተኛ የትራፊክ አደጋ ለምን?,0,0,1,0,0,0
amh_train_track_b_01992,ድሮስ መናፍቅ እኮ አመሉ ነው ስሞ ያቃጥለዋል ለኛ ግን ሰላማችን ነው,0,1,0,0,0,0
amh_train_track_b_01993,የኢትዮጵያ ህዝብ ፋራ ይመስሏችኋል ? ጅላጅል መንጋ ተሰብስባቹ ወሬ ታበዛላቹ,0,2,0,0,0,0
amh_train_track_b_01994,በጣም ጥሩ ነው ማጋራታቸው ነገር ግን እንደ ኢቢኤስ ለምን በጎ ስራ በምግብ አይሰራም ማለትም በዓላትን ጠብቆ መስራት ጋብቻ ሳይሆን ዘውትር ስራችን ብሆን ባይ ነኝ,0,0,0,2,0,0
amh_train_track_b_01995,ወላጆች መፍትሔው ከምሽት ጭፈራ ቤቶች መራቅ ነው  ልጆቻችሁን ምከሩ  አለበለዚያ ገና የብዙ ወጣቶችን ሞት እንሰማለን  ናይት ክለብ ውስጥ ሰይጣን እንጂ መልአክ የለም,1,0,0,0,0,0
amh_train_track_b_01996,አሁን የኢትዮጵያ ዋናው ስጋት ማነው  ይህን ያህል የጦር መሳሪያ ግዢ እሽቅድምድም ምንድነው,0,0,0,0,0,0
amh_train_track_b_01997,ዝምብለክ በማታወቀው ታሪክ ብጥሮቅ ኣትበል ኣባታቹ የውሽት ታሪክ ኢያስተማሩ ኣስድጋቹ አናንተም አንድዛ ምድረ ወሬ ብቻ,1,1,0,0,0,0
amh_train_track_b_01998,ትክክል ነህ ወንድሜ በጣም ያንገበግባል ያማልም! ነገርግን ስሜታዊ ሆነን ለጠላቶቻችን ደስታ እንዳንጨምርላቸውና ጠላቶቻችን እኛን የሚከፋፍሉበትን ክፍተት እንዳያገኙ,0,0,2,0,0,0
amh_train_track_b_01999,5 ራሱ መንግሰት ነው ትልቁ ስጋት በአሁኑ ሰዓት።,1,0,0,0,1,0
amh_train_track_b_02000,አላህየ ሰላሙን አምጣልን ከጨቅ አውጣን በእስራኤል እና በሀማስ መካከል ያለህ ሚዛናዊነት ጥሩ እሚባል ነው ብየ አስባለሁ ግን እስራኤል በምፈፅመው ወጀል አላህ አብሮ እንዳያጠፋህ ሀገሯን ለቀህ ብወጣ እሚል አስተያየት አለኝ አላህ በዳዮችን አይዶወድም,0,0,0,0,1,0
amh_train_track_b_02001,የኣማራ ህዝብ ህልውና ደግሞ በኢሳያስ መልካም ፈቃድ የተመርኮዘ ነው ?,1,0,0,0,0,0
amh_train_track_b_02002,አለም ነዋሴ ትንታኔህ እጅግ በጣም ጥሩ ነውእኔን የደበረኝ የጀነራሉ ፎቶ ለመጀመርያ ጊዜ በጥይት ግባሩን ተመቶ ቁጭ ጀነራል ካንተ ማየት የምትነግረኝ ሁሉ እውነት ነው ለማለት,0,0,1,1,0,0
amh_train_track_b_02003,በጣም የሚገርመዉ የቤተክርስቲያኗ ጠላቶች እርስ በርስ ይባላሉ ብለዉ በከፍተኛ ዝግጅት የቀረፁልንን አጀንዳ በፍቃደኝነት እያስፈጸምንላቸዉ መሆኑነዉ የአባቶችን አንገት ማስደፋት አሳዛኝ ተግባር ነዉ,0,0,2,0,0,0
amh_train_track_b_02004,የአቅም ውስንነት አለባቸው ማለት አንድ ነገር ነው ግን በትግራይ ህዝብ ሞት ፖለቲካ የሚሰሩ ናቸው ማለት የአስተሳሰብ ችግር እንዳለብህ ነው የሚያሳየው። አፍ ሲከፈት ይታያል።,1,1,0,0,0,0
amh_train_track_b_02005,እና ሚኮ በቃ ተቀላቀለ ነው ምትሉኝ🤔 ነገ ፕራንክ ነው እንዳይል 🙄😁,0,0,0,0,0,0
amh_train_track_b_02006,አየር ኃይል ወይም ድሮን የለም እንዴ ደሬ? ወደ ውጊያ ቀጠና ከመግባቱ በፊት ይሄ ተስፈኛ ጁንታን ከመንገድ መደምሰስ ቢቻል እኮ ውጊያውን ያቀለው ነበር።,0,1,0,0,0,0
amh_train_track_b_02007,አብይ አህመድ አሊ መጀመሪያ ወደ ስልጣን ስናመጣዎት የዘረኛውን መለስ ዜናዊ ማኒፌስቶ እና ህልም እንዲያስቀጥሉ ሳሆን ሀገራችንን ከዘር ቋት እንዲያወጧት ነበር እርሶ የራሶት ጉድፍ ማየት ካልቻሉ ሀገሪቷን በጎሳ በጎጥ በብሄር ከፋፍለው እየመሩ እርሶ የዘረኞች የጠባቦች  የጎጠኞች ንጉስ ሆነው ሳለ እንዴት መልካም ነገር ሊነገሩን ሊያስተምሩን ይችላሉ  መጀመሪያ መቅደም ያለበት ይቅደም እርሶም ስራው ስላልቻሉት ይልቀቁ  እራሱ በ,1,1,0,0,0,0
amh_train_track_b_02008,Lijalem Minale Bekele የየየሱስ እናት እንደናንተ ጣኦት ባለጌ አረመኔ አይደለችም ጨዋ አምላኳን የምታከብር ሮሜ 8-34 ማቴ4-10 ማቴ 17-5 ከሱ ሌላ አትስገዱ ከሱ ሌላ አማለጅ የለም የሚላችሁን ስሙ እራሷን ዝቅ ያረገች የተመረጠች በገነት ያለች ሴት ናት,1,1,0,0,0,0
amh_train_track_b_02009,የኃጢአተኛ ፉከራ አጭር መሆኑን የዝንጉዎችም ደስታ ቅጽበት መሆኑን አታውቁምን? ኢዮ 20፥5,0,0,0,0,0,0
amh_train_track_b_02010,የኢትዮጵያን ሰላም የሚያስፈራቸው ጠላቶች ሁሉንም በጎ ነገር የሚቃወምና ሀሰት የሚያሰራጭላቸውን ቅጥረኛ ህሊና ቢስ ተደጋጋሚ ፅሁፍ መመልከት ህብረተሰቡን ማደ,1,1,0,0,0,0
amh_train_track_b_02011,ዋንጫው ጥርጥር የለሌው የ ትግስት አስማረ ነዉ ባስደናቂ የድምፅ ውበት ጋር,0,0,0,2,0,0
amh_train_track_b_02012,በኦሮሞ እና ሙስሊም ጥላቻ የተጠመደ የቆምጬዎች ስብስብ. ቀዳዳዳ! ወናፍ ሁላ.,0,3,0,0,0,0
amh_train_track_b_02013,አይ ሀማስ አለቀልህ አንተ ገብራይጥ ወጠህ እጅህን ወጠህ ብሰጥ ይሻልሀል ያገረህን ህዝብ ከማስጨርስ ይልቅ አንት ጭራቅ ክነትህ ሆድ መልስህ ብገባ እስራኤላውያን አይለቁህም ድል ለጀግኖች እስራኤላውያን ጀግነ ጀግነ ወታደረ አሉሽ እግዚአብሔር ይጠብቃቾህ አዳሜ የኢትዮጵያን ጉዳይ ትታቹህ ስላ እስራኤል እነ ፍልስጤም ታሽቃብጣላቹህ ሞት ለፍልስጤም,1,2,0,0,0,0
amh_train_track_b_02014,ዘነበ ወላ ትክክል ነው ሄኔሪ ኪሲንጀር በጣም አደገኛ የውጭ ጉዳይ ሚኒስቴር ነበር የአሜሪካ,0,0,0,0,0,0
amh_train_track_b_02015,ፅናት! ውበት! አስተዋይነት እናአርቆ የማሰብ ችሏታዋ የሚገርም ነው! ፅናትአማራ AmharaGenocide,0,0,0,2,0,1
amh_train_track_b_02016,የተወዳጁ የካርቱን ፊልም ገጸ ባህሪ የ'ሚኪ ማውስ' ድምጽ እንዴት አሁን ያለበትን ሊመስል ቻለ?,0,0,0,0,0,0
amh_train_track_b_02017,Semira Hesen ፕራንክ ነው እዳይል ነው የፈራሁለት😂,0,0,0,0,1,0
amh_train_track_b_02018,ድሮ ልጅ እያለን የሚመቸኝ መዝሙር ? 10 ?አረንጓዴ ጠርሙዝዞች በግድግዳ ላይ ድንገት 1 ወድቆ ቢሰበር 9 ይቀራል Amhara ፋኖ NoMore ጲሪሪም።,0,1,0,0,0,0
amh_train_track_b_02019,አለምነህ አንተ አንጋፋ ጋዜጠኛ ነህ እንደዚህ ለአንተ የሚመኑ ትንታኔ ነዉ ማቅረብ ያለብህ ከወገንተኝነት የፃዳ ማለቴ ነዉ ለምሳሌ ሐማስን ወይም የእስራኤል መንግስት የሚደግፍ ሰዉ ጤነኛ አይደለም ሁለቱም ምስኪኑን የእስራኤልና የፍልስጤም ህዝብ የሚገድሉ ናቸዉ በሰዉ ሞት የሚደሰት በምን እንደ መገልፀዉ አላቅም እንጃ አንተ ግን በተቻለህ በጠን ያለ ሀጥያታቸዉ በአለም ላይ ስለ ሚሰቃዩ ህፃናትና ሴቶች እና ህዝቦች በእኩል እይና ድምፅ እንድትሆናቸ,0,0,0,1,0,0
amh_train_track_b_02020,ሲጀመር ሀማስ ሞት እዳለ ያምናል ግን አይፈራም እነሱኮ ጀግኖች ናቸው ድል ለሀማስ,0,0,0,0,0,0
amh_train_track_b_02021,አፕል 190 ሺህ ብር ያወጣል ያለውን ‘ኦጊዩሜንትድ ሪያሊቲ’ ቴክኖሎጂ ይፋ አደረገ,0,0,0,0,0,1
amh_train_track_b_02022,Faysel Sherif ቦኃላ እንዳታላዝን በሰው ሞት በጦርነት የሚደሰት ሰይጣን ብቻ ነው የሀገራችን አይበቃም ወይ !!!,1,0,0,0,0,0
amh_train_track_b_02023,መርህ የሌለው ፖለቲካ ለአለም ጠላት ነው። ተልባ ቢንጫጫጫ ... እንዲሉ፤,1,0,0,0,0,0
amh_train_track_b_02024,የሕግ የበላይነት ደብዙ አጥፍቶ መኖር ምንኛ የከፋ ነው,0,0,1,0,0,0
amh_train_track_b_02025,ጀሌሴ ይሄን የመሰሌ ትዳር ላይ ፕራንክ ባትሰራ ይሻልሃል,0,0,0,0,0,0
amh_train_track_b_02026,እኔን ወድንሜ አላፍ የመሰለ ሰው ማጣጥ ያማል በእውነ በጣም ጥሩ ሰው ነው ለቤተሰብ ለቅርብ ቤተሰቦች መፅናናትን እመኛለሁ እግዚአብሔርፅናቱን ይስጣችሁ,0,0,3,0,0,0
amh_train_track_b_02027,ፕሬዝደንት ዜሌንስኪ የዩክሬን ጦር ዋና አዛዥን አባረሩ,0,0,0,0,0,0
amh_train_track_b_02028,አሜሪካ በጋዛ ሰማይ ድሮን ለቅኝት መላኳን አመነች,0,0,0,0,0,0
amh_train_track_b_02029,ቦርጯን ታጥፋ ብዬ ሚስቴን ጂም አስገብቼ ጡንቻ እያወጣች ነው ልግባ በጊዜ ብሎ ሄደ ?ጉድ እኮ ነው ትንሽ አበጥ ሲሉ መከራ ነው,0,1,0,0,0,0
amh_train_track_b_02030,አረ ኣድርገሀው ስትጨርስ ፕራንክ ነው የሚል ተልካሻ ምክንያት ይቁም,1,0,0,0,0,0
amh_train_track_b_02031,ወይኔ ! ምን ኣይነት ጭካኔ ነው እስክዚህ የምያደርሳቸው እኔ ታሪኩን መጨረሽ ኣልቻልኩም በጣም ያሳዝናል ኣይዞሽ የኔ ቆንጆ ፈጣሪ ካንቺ ጋ ይሁን,0,0,3,0,0,0
amh_train_track_b_02032,ድሰ ላይክ እያረጋችሁ እዮ የአበቦች ፈልሚያ የየ የቆሰለ ፍቅር የለ ኤ,0,0,0,1,0,0
amh_train_track_b_02033,ደረጀ አንተ ትለይብኛለህ በግሌ ከልቤ እወድሀለው አደቅሀለው እዳለመታደል ሆኖ ይህቺ ሃገር ልጆችዋን እየበላች የወላድ መካን እየሆነች ልጆችዋ ሲበላሉ ማየት ያሳዝናል የጀዋር መስከን ትልቅ ለውጥ ነው ግን ግን ድመት መንኩሳ,0,0,0,2,0,0
amh_train_track_b_02034,ምነው ህጻናትን አሮጌቶችን ሽማግሌዎችን የምታጠባን እናት ከነልጇ የጨፈጨፉትን የ ኦሮሞ ሸኔዎችን ረሱ ማንም በማንነቱ እንዲሞት አይፈለግም ግን መርጦ አልቃሽ መሆኑ ያሳፍራል አሁንም ወለጋ የ ደም ምድር ነው,2,1,1,0,0,0
amh_train_track_b_02035,አለም እኔ አንተን ከበረሀው ማእበል ዜና ጀምሮ በህይወትህ ውስጥ ስለአለው ውጣ ውረድ እከታተልሀለሁ የታሪክ አጋጣሚ ሆኖ የእስራኤል ፓስፓርት ቢኖርህም ፍፁም ኢትዮጵያዊ ነህእኔ እንደ እማስበው በታመምክ ጊዜ ጠቅላዩ ስለጠየቁህ አይመስለኝም ስለ ሀገው ውስጥ ፖለቲካ የማትዘግበው hot potato ስለሆነ መሰለኝእንኳን ሚዲያ ላይ ሆነህ መንገድ ስታቕርጥ ሸፋፋ ብሎ የሚሳደብ ህዝብ አለበት ሀገር ነው የምኖረው አለም የአርጃኖ ቆዳ ይስጥህበተረፈ በየ,1,0,0,1,0,0
amh_train_track_b_02036,ድል ለሙጃሂዶች ሞት ለወራሪዋ እስራኤል ከሀዲ አይሁዳውያን ላይ እና በካፊሮች ላይ የሁን,0,2,0,0,0,0
amh_train_track_b_02037,ለብልጽግና ግብር መክፈል እየከፈልኩህ ግደለኝ ማለት ነውለሚገልህ መንግስት ግብር መክፈል ምን ማለት ነው ሸገር ብለው ከአዲስ አበባ ቆርሰው የሚያቋቁሙት ከተማ አዲስ አበባን ለመክበብና ለመቆጣጠር ነውኦነግን እንዲጠናከር ያደረገው የአብይ መንግስት ነው ይሄ ገዳይ ቡድን ከመንግስት ጋራ ተኩስ አይገጥምም ወደ ንጹሀን ገበሬወች ቤት እየሄደ ዘር እየመረጠ እና ኦርቶዶክስ ሀይማኖት ተከታይ የሆኑ ምእመናንን መግደል ብቻ ነው ስራው የፈሪ ዱላ እነዚህ,1,2,0,0,0,0
amh_train_track_b_02038,ዶክተር ማሞ ቂሎ አንተኮ የሰውና የጅብ ስጋ መብላት ልማድ ሆነና ሁሉ ተስማማህ ለዛ ነው ደደብ አንተን መግደል ያፀድቃል እንጂ አያስኮንንም,1,2,0,0,0,0
amh_train_track_b_02039,ገታ ዎይ ኤዳዝ የቶጋዱ ሰቶች ማጫራሻቾ አስማር ኡኡኡፍፍፍ ያማል የአች ችገር። አዞሽ የን ቆንጅ እዳዝ አይናት እናት እዝ አላም ላይ አለች ገን,0,0,2,0,0,0
amh_train_track_b_02040,ውጥር አማራ? ህልውናችን በክንዳችን ? አማራነት ወይም ሞት !,1,0,0,0,0,0
amh_train_track_b_02041,እረ ከእውነተኛነቱ ውሸቱ አመዝኑዋል በእዚህ ግዜማ በጣም ያሳፍራል ነውር ቀርቷል,0,1,1,0,0,0
amh_train_track_b_02042,ፍርሀት ስጋት ጭንቀት በኦርቶዶክስ አይታሰብም!,0,0,0,0,0,0
amh_train_track_b_02043,እነሱ ያንን ባይገሉ ኖሮ ይሄ ሁሉ ህዝብ ባላለቀ ነበር አረብ ሁለቴ ማሰብ አይችልም አጠፌታው የከፋ መሆኑን ያውቃል,0,1,0,0,0,0
amh_train_track_b_02044,ሁሌ ስጋት አይጣሽ ያ ኢስራኢል ድል ለፍልስጤም ኢንሻአላህ,0,1,0,0,0,0
amh_train_track_b_02045,Obbo ሌጊትሜት Prime Minister ለኢትዮጲያ ያላቸውን ፍቅር የሆነ ጊዜ ቃለት እያጠረው የገለፀበት ቋንቋ እስካሁን ሳስበው ግርም,0,0,0,0,0,2
amh_train_track_b_02046,የጨረታ ስሚምነት ምን ማለት ነው,0,0,0,0,0,0
amh_train_track_b_02047,ኦርቶዶክስ ለመሆን መመመረጥ መታደል ያስፈልገዋል። መልካም ጭፈራ ይሁንልህ,0,0,0,0,0,0
amh_train_track_b_02048,የአውሮፓ ቻምፒየንስ ሊግ ተመልሷል፡ ተጠባቂ ጨዋታዎች የትኞቹ ናቸው?,0,0,0,0,0,0
amh_train_track_b_02049,ብቸኛው ስብራት ኢትዮጵያ ውስጥ ጠሚ ተብየውና የሰበሰበው የብልጽግና ግሳንግስ ነው ሌላው እዳው ገብስ ነው በሺህዎች ጨፍጭፈው በሚሊዎኖች አፈናቅለው ካበቁ በህዋላ ስለ ግጭት አዙሪት መደስኮር የዚህ ሁሉ ውጥንቅጥ ፈጣሪዎች ራሳቸው ሆነው ችግር ፈቺ መፍትሄ አምጪ መስሎ የመታየት ድርቅና ነው ህዝብ ግን ያውቃል ማን አንደጨፈጨፈው ማን እንደገደለው ማን ከተማ አትገባም እያለ በገዛ ሃገሩ በማይነገር ብልግና እንዳንገላታው ማን እንዳስራበው ማን ሁለን,2,0,0,0,0,0
amh_train_track_b_02050,እትዮጲያ ውስጥ ከጥንት ጀምሮ እስከ ዛሬ ሰላም ያጣቺው ሰበቡ አማራ ለግሉ ጥቅም ና ስልጣንን በራሱ ስር ለማድረግ ሲል በሚያደርገው ድብቅ ና ግልጽ የተለያዩ መንጋዊ አሸባሪነት ያለበት አደገኛ ፖሎቲካ ውጤት ነው,1,1,0,0,0,0
amh_train_track_b_02051,ጋዜጠኛው ግን ደንቆሮ ነህ ፈጣሪ አይማኖትን አልፈጠረም,0,2,0,0,0,0
amh_train_track_b_02052,ሰው ያለው አንድ የሆነ የተደራጀ ሀይል ሚዛን ያሰለፈማ ድምጹ የሰማል ይከበራል ህዝብ እያለህ አንድ ያልሆነ ፈራ ተባ የሚል የሚመጣበትን እየተከናወነ ያለን ጭፍጨፋ ጭቆና እየመረረው የ,1,0,0,0,0,0
amh_train_track_b_02053,ነበር ነበር ነበር የምትፈልጉትን ካደረጋችሁ በኋላ ብቅ ትሉና ትደሰኩራላችሁ አይደል ያ ሁሉ ትውልድ ካለቀ በኋላ ማስመሰል አይደብራችሁም ደደብ ሁላ,2,1,0,0,0,0
amh_train_track_b_02054,የአራት ካሎው አባገነን ዘረኛ መንግስት ወሬ እንጂ ተግባር የለውም።በወሬ የሚመራ ሀገር እና ህዝብ መጨረሻው ሞት ነውይኸ ደግሞ በተግባር እየታየ ነው። ስለዚህ ዘረኛው አባገነን መንግስት በህዝብ ደም መነገድህን አቁም።,1,1,0,0,0,0
amh_train_track_b_02055,አደራሻቸውን የምተውዊ የምታወቅ ከሆነ ሰልካቸውን በማርያም,0,0,0,0,0,0
amh_train_track_b_02056,ጫት ክፋ ነዉ ሀገር በነዚህ ኮልኮሌ መዉደቃ ያሳዝናል ሰላም ለአለም ህዝብ,1,0,1,0,0,0
amh_train_track_b_02057,ከወለጋ ተፈናቅለው በአማራ ክልል ተጠልለው ያሉ ወደመጣንበት እንድንመለስ ተገደናል አሉ,0,0,0,0,0,0
amh_train_track_b_02058,የአብይ የትናንቱ ንግግር ስሜታዊ አድርጎን ማኖ ለማስነካት ነው የተረጋጋ፣ የተደራጀ፣ በሲኖዶሲ የሚመራ አንድ አጀንዳ ይኑረን። ከስሜታዊነት እንውጣ!,1,0,0,0,0,0
amh_train_track_b_02059,እንዲ ኣይነት ብርታት፡ከዚች ክ ህጻነትዋ ጀምራ መከራ ያየች ልጅ እንዲ መሰማት እንዴት ድንቅ ነው፡ያመንሽው ጌታ ከሁሉም በላይ ያረግሻል፡ይሄ ሂወት ታሪክ ሆኖ ይቀራል፡ኣይዞሽ ለብዙዋች ኣርኣያ ትሆኛለሽ፡,0,0,1,1,0,0
amh_train_track_b_02060,ሲጀመር የ ፕረቶርያ ስምምነት ትክክል ኣልነበረም ድር ኣቢ አንዴት ብሎ ነው ይህ ስምምነት የተቀበለው ትንሽ አነንደ ክህደት ሆኖ ነው የኒታየው ብ ዉዴታ ወይም በ ግዴታ ሲቀበለው ስህተት ነው ኣማራና አርትራ ቢሳተፉ ይህ ሁልይ ችግር ኣይከሰትም ነበር የ ፕሪቶሪያ ስምምነት ኮንስፒራስይ ኣለው በ ተንኮል ነው ምዕራባውይቅን ሆን ብለው ያደረጉት አና የ ድር ኣቢ መንግስት መቀበል ኣልነበረውም አውነት አውነት ሓቅ ሓቁን ካላወራን ካልነገርን መቼ,1,0,0,0,0,0
amh_train_track_b_02061,መወያየት አሪፍነው አቶ ንጉሴ ትክክለኛ የሀገሪቱ ችግር የሆኑትን ነገሮች ስላቀረቡ እናመሰግናለን,0,0,0,2,0,0
amh_train_track_b_02062,አንደንዶች እስራኤል ትጥፋ ፍልስጤም ትኑሪ እያላችሁ እባካችሁን ባለስልጣኖች የኑጹሃን ጠላቶች ይጥፉ እንጂ ሀገርና ህዝብ ምን አደረጉን መቼም ለስድብ አንደኛ ነን እንጂ እኔ ሁሌም ሰላም እንድ ወርድ እጸልያለሁ አምላክ ለኑጹሃን ወገኖች ይድረስልን እውነት ነው ኦባማ ያሉት ህጻነት ህንፃ ፈርሶበችሁ በጣም ያማል ልብን ይሰብራል ሀገሬ እንድ አለም አቀፍ እንድ ስሆን በጣም ያሳዝናል,0,0,2,0,0,0
amh_train_track_b_02063,እውነቱ ይኸው ነው! ለኢትዮጲያ ሕዝብ ስጋት ገዢው የብልፀግና መንግስት እና በእውር ድንብር የሚኳትኑ ከሃዲ ተላላኪዎች እንጂ የኢትዮጲያን ባንዲራ አርማው እና መለያው ያደረገው ሃገር,2,1,0,0,0,0
amh_train_track_b_02064,እኔም አራት ዓይን አለኝ? ጉዳዩ ማሸነፍ ሳይሆን ሌላውንም ማስረዳት ስለሆነ ነው። የተማርኩ ነኝና ዕውቀቴን ራሴ ላይ እንደ ንህስና ደፍቼ ልታይበት ጉራ አይነፋም። መማር ማስተማር ከሌለው ባዶነት ነው።,0,0,0,0,0,0
amh_train_track_b_02065,ሌላዉን ለመጉዳት ጤፍ እቤት ቀርቶ ያመረተዉ ኣካል እንዳይከስር ትልቅ ስጋት ነዉ። የበልግ ጤፍ በየ ቦታ እየደረሰ ነዉ። በዚሁ እሸት ቦቆሎና ድንች በገፍ እየደረሰ ነዉ። የበጋ ስንዴ እየታጨደ ይገኛል።,0,0,0,0,2,0
amh_train_track_b_02066,እንደዚህ ሚዛናዊ ስራ ሁሌም አቅርቡ በተለይ አለምነህ,0,0,0,1,0,0
amh_train_track_b_02067,እውነተኛ እስራኤሎችማ እምነታቸው መልካም ስራ ነው ሚያሰራቸውእነዚህ እኮ አይሁዶች ናቸው ፈጣሪን የካዱ ከሀዲዋች እስራኤል ካለ አሜሪካ ሁለት ቀን መዋጋት አትችልም ለማንኛውም የምናየው ነው ሚቀር አደለም,1,1,0,0,0,0
amh_train_track_b_02068,ዋቸሞ ዩንበርስቲም ሰርፕራይዝ አለኝ ብሏል አሉ።,0,0,0,1,0,0
amh_train_track_b_02069,በስሎው ሞሽን አረጋችሁት አይ ፋና ይገርማል አምስት አመት ተወያዩ አይከብድመሰ ለህዝቡ አንድም ጠብ ያለ ነገር የለም አብይ ከመጣ ያተረፍነው ጦርነት ራሐብ ስደት ግድያ መፈናቀል ነው,1,0,2,0,0,0
amh_train_track_b_02070,ያው ለሁሉም የሚሰጠው ትንሽ ትንሽ ነው ለማለት ነው። በጊዜም፣ ገንዘብም በተለያዩ ነገሮች ብዙ ጓደኛ ሚያበዛ ለአንዱም እንኳ ጥሩ (እውነተኛ) መሆን አይችልም።,0,0,0,0,0,0
amh_train_track_b_02071,የ ክብር ዶክተሬት እንደ ማለት ነው?,0,0,0,0,0,0
amh_train_track_b_02072,አዋሽም ባንክም አደረጃጀቱ በብሔር ይታማል እሱ ማን ስለሆነ ነው ለቀጠራቸው ሰራተኞች የልብስ ቀለም የሚመርጠው። ገደባችሁን ባታልፉ ጥሩ ነው።,2,0,0,0,0,0
amh_train_track_b_02073,የአምስት አመቱን ስቃይ ይሄ ኢንተርቪዉ ሊያስረሳኝ ነዉ ልበል የሆነ ተስፋ ይታየኛል ካታያቹ በላይክ አሳዩህኝ,0,0,0,1,0,0
amh_train_track_b_02074,የስኳር በሽታ ምንድነው? እራሳችንን ከበሽታው እንዴት መጠበቅ እንችላለን?,0,0,0,0,0,0
amh_train_track_b_02075,የአንድ የዩኒቨርሲቲ መምህር የሆነ ፕሮፌሰር የሚከተለውን ድንቅ ጥናት እንዳገኘ ይፋ አድርጓል !!! ጥናቱም የእንግሊዘኛ ፊደሎችን ከመጀመሪያው አስከመጨረሻው በቅደም ተከተል አስቀመጠ ። A b c d e f g h i j k l m n o p q r s t u v w x y z ። የነዚህን ፊደላት አሃዳዊ ቅደም ተከተል ኣስቀመጠ ። 1 2 3 4 5 6 7 8 9 10 111 12 13 14 15 16 17 18 19 20 21 222 23 24 25 26 በጥና,0,0,0,1,0,0
amh_train_track_b_02076,ሰዎች በረሃብ እየሞቱባት ነው የተባለችው ሰሜን ኮሪያ,0,0,1,0,0,0
amh_train_track_b_02077,የገደለ መግደል ነው የምን መንግስት ነው መንግስት የት አለ ህዝብ በጠራራ ፀሀይ ህዝብ እየሞተ መንግሰት የሚባል የምን መጠበቅ ነው ወንድሜ ነፍስን ይማረው በጣም ልብ ይሰበራል ወይ ገና ስንት የምታይ የማንም መንጋ ቀጠፍህ ወይኔ,2,0,2,0,0,0
amh_train_track_b_02078,መንግሥት ከኦነግ ጋር ድርድር ተቀምጦ እያለ ሰላማዊውን ገበሬዎች የኦነግ አባሎች ናችሁ በማለት ግድያ መፈፀሙ ፍፁም አግባብነት የለውም ድርጊቱም ፀረ ሰላም ነው በመንግሥት በኩል ከኦነግ ጋር የሚነጋገሩት ኦሮሚኛ ተናጋሪ አማሮች ናቸውን ይጣራ,1,1,0,0,0,0
amh_train_track_b_02079,የአገራዊ ከማለት በቅድምያ የራስ ብሆን ምርጥ ነበር ወጥተህ ወንጌልን አትስራ ቁጭ ብለህ ጥቅምህን አጧጡፈዉ ጌታ ዋጋህን እስከምሰጥህ ድረስ ነግድበት!!!,1,1,0,0,0,0
amh_train_track_b_02080,አብይ አህመድ የታጠቁ የአማራ ሀይሎችን ትጥቅ ለማስፈታት የአማራ ህዝብን የህልውና ስጋት ጥያቄ እመልሳለሁ ብሎ ቃል ቢገባ እንኳን፡ ጊዜ ጠብቆ ሊነድፍህ ነው፡፡ ወደኃላ የለም!,0,2,0,0,0,0
amh_train_track_b_02081,ውሸት ነው ሙሉ አማራ ክልል ተሰራስቦርት የለም ከወረዳ ወረዳ ትራስቧርት የለም ደውላችሁ መጠየቅ ይቻላል እናተም አትሠሳቱ ድል ለፋኖ,1,0,0,0,0,0
amh_train_track_b_02082,ብአዴን ሁሌም ኦህዴድን የሚነቁር ፅሑፍ ሲያሰራጭ እንደተለመደው የዚህ ፅሑፍ ባለቤት መንግሥት ይሁን ፓርቲ አልጠቀሳችሁም። የፈሪአጭበርባሪ ነገር ድንገት አብይ,0,1,0,0,0,0
amh_train_track_b_02083,ገዢው ብልጽግና ፓርቲ አገሪቱ “ዘርፈ ብዙ የሌብነት ፈተና ገጥሟታል” አለ,0,0,0,0,0,0
amh_train_track_b_02084,አንተ በመጀመሪያ ሰላም ወዳድ መሆን ይገባሀል አለበለዚያ መቼም ቢሆን ኢትዮጵያ ልትበለጽግ አትችልም,1,0,0,0,0,0
amh_train_track_b_02085,ቀላል ትፎግራላችሁ ምድረ አጭበርባሪ ሁላ።,1,1,0,0,0,0
amh_train_track_b_02086,ለምን ሰላም ሆነ ? ብለው የበገኑ የሰላም ጠላቶች ጀግናውን አሳጡን ጀግና አይሞትም ስሙ ከመቃብር በላይ ከፍ ያለ ነውና እርሱስ በተሰጠው ቀን ለሀገሩ መልካም ሥራ ስርቶ በተግ,1,0,1,0,0,0
amh_train_track_b_02087,ወዳጀ ጅሀር አሁን የአማራው አጀንዳ ላለፈው 60 እና 100 ዓመት ኦነግና ወያኔ ያደቀቀውን አማራ ወደ ቦታው ለመመለስ 1 የ1983 ዓም የቆንቆ ፊድሪሽን ማፍረስና በአዲስ ፍታዊ ህገ መንግሥት መተካት 2 አማራው በእግዚአብሔር ሀይል በጉልበቱ በሃይሉ በጠንቃራ አደረጃጀት እራሱን አስከብሮ ኢትዮጵያን ወደ ክብሮ ይመልሳል ጁሀር ብዙ ነገር ይደብቃል ኦነጎቹ ወያኔወቹ አማራን ለማጥፍት ያልፈነቀሉት ድንጋይ አልነበረም ውሸት ይናዳል በእግዚአብሔር እር,2,0,0,0,0,0
amh_train_track_b_02088,እጅግ ያማልም ያሳዝናልም እኔ እንዲህ አይነት የክፋትና የጭካኔ ባለቤት የሆኑ ሰዎች ምን ሆነው እንዲህ ጨካኝና አረመኔ ሊሆኑ ይችላሉ የጤነኛ ሰውነት አይመስለኝም...? የእኔ እናት ልዑል እግዚአብሔር ይርዳሽ ፍጻሜሽን ያሳምረው እጅግ ጠንካራ ነሽና ይህን የደረሰበትን ግፍና መከራ ቆጥሮልሽ ፍጻሜሽን ያሳምረው ፈጣሪ ይደግፍሽ...!!!,0,0,2,0,0,0
amh_train_track_b_02089,ABITCHU ABATEየተሰማኝ ስሜት አይኔን ውሀ ሞላው እግዛብሄር የምታልመውን ኢትዮጵያ ማማዋ ላይ ያድርስህ,0,0,0,2,0,0
amh_train_track_b_02090,አቅማቸው ይሄ ብቻ በመሆኑ አይፍረድባቸውም ስጋት ጭንቀት ጉራ ፉከራ ሽሽት ወዘተርፈ የግላቸው ነው,0,2,0,0,0,0
amh_train_track_b_02091,ይህ መራራ ሀቅ እንቅልፍ ሲነሳቸው በየቀኑ ከfake Ethiopianist እያመለጡ የሚመጡት የትኛው Camp ነው የሚገቡት? እዛው ሰብሰብ አድርገህ አቆያቸው እን,1,0,0,0,0,0
amh_train_track_b_02092,ሀገር ማፍረስ ብንፈልግ ማን ያቆመናል ብሎ በእብሪት ሲናገር ነበር ዋናው ጠቅላይ ሚንስትሩ። ጠቅላይ ሚንስትሩ ለኢትዮጵያ የደህንነት ስጋት መሆኑን በቃል በአደባባይ እየተናገረው የሚመ,2,0,0,0,0,0
amh_train_track_b_02093,የሰላም ወሬ ያሰማህ ወንድሜ! 8590 በመቶ በሰላም ተጠናቀቀ ሲባል ያ ሁሉ መከራ እንደ ዋዛ ተረስቶ ዝም ብሎ ቀላል ዜና ይመስላል። እግዚአብሔር ይመስገን,0,0,0,2,0,0
amh_train_track_b_02094,ከሦስት ዓመት በኋላ ከግማሽ ሚሊዮን በላይ ሕዝብ የታደመበት የአክሱም ጽዮን በዓል,0,0,0,1,0,0
amh_train_track_b_02095,ይሄንን ፎቶ አነሳስ ሳላደንቅ አላልፍም,0,0,0,2,0,0
amh_train_track_b_02096,እንደማታው አይነት የአፍጥር ፕሮግራሞች አለምአቀፍ ትርጉማቸው እጅግ ግዙፍ ነው ። ጎበዝ ኢትዮጵያ ውስጥ ሙስሊም ያለ የማይመስላቸው በርካታ የአለማችን ህዝቦች አሉ ። ወይንም ደግሞ,0,0,0,2,0,0
amh_train_track_b_02097,በጣም የሚገርም ስራ ነው  ይበል እንላለን ግን መግቢያቸው ለአገሬ ዜጋ ምን ያህል ገቢውን ያገናዘበ ነው,0,0,0,1,0,1
amh_train_track_b_02098,M Adhanom እሜ ሆይ እኔን ከማሰፈራራት የደም አሳ አጎቶት ይሳያሰ ይክፈል መቼም ገንዘብ የላቹሁም ባድመን መልሳቹህ ሰጥታቹህን እኛም አጥራችንን አጥረን እንለያያለን እናንተ አዲሰበባ እንደልባቹህ ልትፈነጩ እኛን የጦሰ ዶሮ ልታረጉ አትችሉም አለቀ ተከባብረህ ተፈቃቅደህ ትኖራለህ ኑር አትኖርም LANDLOCK,1,1,0,0,0,0
amh_train_track_b_02099,እግዚአብሔርን መፍራት ዘመንን ታረዝማለች፤ የኀጥኣን ዕድሜ ግን ታጥራለች። ምሳሌ 10፥27,0,0,0,0,0,0
amh_train_track_b_02100,አመመኝ አሰወፍዬ የኔ የዋህ አልጠበኩም ነበር ሞትህን ድነህ ትመለስ ነበር ዱአዬ ግን አላህ ያለው ሆነ,0,0,2,0,0,0
amh_train_track_b_02101,Eli Jah ማንኛውም ሰው የፈለገውን ሐይማኖት የመከተል መብት አለው ከሚል አኳያ ነው ምናልፈው እንጂ የእስልምና ሐይማኖት ያን ያክል የሚያስመካ ሐይማኖት አይደለም። ድሮ ሰይፋቹን ፈርተን ነው የምናልፈው ዛሬ ግን እድሜ ለሶሻል ሚዲያ እንዘረግፈዋለን። 😊,0,2,0,0,0,0
amh_train_track_b_02102,ጀዋሃር ቃለ ምልልሱ ጥሩ ነበር የኤርትራ ጦር ወደ ትግራይ መግባት ግን በሌላ መንገድ ሸፋፍኖ መለሰው ትክክል አይደለም ትግራይ ለብቻዋ ከኤርትራ አልተዋጋችም ለኢትዮጵያ ክብር ስለተነካ መሰለኝ ጦርነቱ የተጀመረው ይህ በትግራይ ሕዝብ ክህደት ነው,0,0,0,0,0,0
amh_train_track_b_02103,አሁን ደግሞ የ 4የ 5ወር እርጉዝ እየሆናቹህ መጣቹህ ደስ ይላል,0,0,0,1,0,0
amh_train_track_b_02104,ወንድሜ እድለኛ ነህ የማይወሰድብህን ትልቁን እድል መርጠሃል ተባረክ ቀሪው ዘመን በእግዚአብሔር ቤት ይለቅ,0,0,0,3,0,0
amh_train_track_b_02105,ሲጀመር ነገሩ ሀይለኛ ቁማር ስለሆነ ሰው እየተበላሸ ነውና ቢቆምስ ቢቀርስ,1,0,0,0,0,0
amh_train_track_b_02106,የርዋንዳ ጄኖሳይድ ቀስቃሾች ስልጣን ላይ የነበሩ ናቸው አሁንም የኦሮሞ ብል ግና እየሰራ ያለው ሁሉ አገሪቷን ከርዋንዳም የከፋ ዕልቂት ለመፍጠር ነው የመንግስት አካሄድ ለአገር ሥጋት ነው!,0,1,0,0,1,0
amh_train_track_b_02107,ይህ ሰውዬ ቱልቱላ ነው የሚታየውን ነገር እየካደ ነው የአማራን ሞት የሚንቅ ልክስክስ ነው,0,2,0,0,0,0
amh_train_track_b_02108,ነበረበት። ድንገት እክልል ገብቶ ልዩ ኃይልን መክበብ ምን አመጣው? ደግሞስ ከአማራ ክልል ለምን ይጀመራል። ማለቴ ህወሃት ወልቃይትን አስመልሳለሁ እያለ እየፎከረ,1,0,0,0,0,0
amh_train_track_b_02109,እኛም በጣም ደስ በሎናል እስራኤልና አሜሪካ የሰበሰቡት የጦር መሳሪያ ጋጋታ በጣም አስከፊ ግፍን እንጂ ሌላ ውጤት አላመጣም,0,0,0,2,0,0
amh_train_track_b_02110,ሩሲያ በጥቁር ባሕር ላይ የጦር ሰፈር ግንባታዋን ታቁም ስትል ጆርጂያ አቤቱታዋን ለኔቶ አቀረበች,0,0,0,0,0,0
amh_train_track_b_02111,ኣሁን የሄ ዝገባ ነው ክብር ያጣ የኢትዮጵያ መክላክያ ስራዊት አንደ ዉሻ ታርዶ ጠያቂ ያጣ ሚስኪን ወታድር አንዚህ ትግሬዎች ያ ሁሉ በደል ፍጽሞ በምሉ ልቡነት ሲኖሩ በጣም ያሳዝናል ወይ መክላክያ,0,0,2,0,0,0
amh_train_track_b_02112,ጠባብ ዘረኛ ስለሆናቹ ነው እንጂ ሰው ከልቡ ልስራ ቢልም ልታሰሩ ኣትችሉም እንጂ ኣሁንም ትግራይ ብዙ መለሶች ኣፍርታለች,1,2,0,0,0,0
amh_train_track_b_02113,ላብይ ጅላጅል ጦርነት አታድርግ ተብሎ አይነገርምፎክሮ ቀበቶ አስፈታለሁ ብሎ በግፍ የወረረውን ጅል አለቃህን ተቸው እንጂ ብፁዕ አባታቻንን ልትተች እንተ ማነህ አማኑኤል ስም ብቻ ሆንክብን እኮ,1,2,0,0,0,0
amh_train_track_b_02114,ወይኔ ምኑን ጉደ አሰማኝ እእእ የናት ጭካኔ 😭😭😭,0,0,2,0,0,0
amh_train_track_b_02115,ይህማ በተጨማሪ ቆለጡን ቆርጠው ማሰቃየት ነበር,0,2,0,0,0,0
amh_train_track_b_02116,መቶ ሃምሳ አመት ኢትዮጵያውያን በላባቸው የሰሩትን ዋና ከተማ ትላንት መጥተህ ስም ቀይሬ የራሴ አደርጋታለሁ እያልክ በድፍረት ለሃጭህን እያዝረከረክ እየተናገርክ የሰዉ ጭንቀት ከየት እንደመጣ አይገባኝም እያልክ ስትበጠረቅ ማየት በጥም ያሳዝናል ደረጄ የተባልከውም ጋዜጠኛ እንደዚህ አይነት ከሙዝ የለሰለሰ ጥያቄዎች ይዘህ መጥተህ ጊዜአችንን በማባከንህ በጣም ነው የምናዝንብህ ይህ ሰው የመጣው አብይ አህመድንና ኦሮሙማን ለማትረፍ እንደሆነ የምናውቅ,2,1,1,0,0,0
amh_train_track_b_02117,ይገባሻል እናት እኮ ነሽ ከማንም በላይ ነሽ ልጆች ደግሞ ወልዳችሁ በልጆቻቹ ተደሰቱ እኔ በጣም ነው ደስ ያለኝ ለኔ የተደረገ ያህል ተባረኩ ዘመናቹ ይባረክ አሜን ።,0,0,0,3,0,0
amh_train_track_b_02118,በብዙ እግዚአብሔርን ያለ ጭንቅ እያሳዘንነው፣ በብዙ የጌታ ምህረቱ ሲበዛ ካስተዋልን፣ ያን ጊዜ ያለንበትን ህይወት በደንብ ልንመረምረው ይገባል። የእግዚአብሔር ጸጋ እጅጉን የሚበዛው ኃ,0,0,0,0,0,0
amh_train_track_b_02119,ጃዋር አሁን የበሰለ ይመስላል ሆኖም አፈሩና አየሩ ምቹ ሆኖ ከተሰማው ከጥንቱ የባሰ ጨካኝ ሆኖ ሊመጣ ይችላል በቀደሙ በደሉና የእልቂት ምክንያትነቱን እስካሁን አልተፀፀተባቸውም ብዙ እናቶችና ህፃናት አልቀው እርሱ አሁንም ጥፋተኛ ላለመምሰል ይሞክራል ሆኖም ስርዓቱ የእኛ ነው ብሎ ስላመነ ከብዙ ቀረርቶና ፉከራ ተቆጥቧል እንጅ ከሽበቱ ውጭ የሰብዓዊነትና የኢትዮጵያዊነት ለዛው እንደረገፈ ነው,0,1,0,0,0,0
amh_train_track_b_02120,እንኳን ለ 2016 ዓም የከተራ በዓል በሠላም አደረሣችሁ  ማሥተካከያ ዝዋይ ከተማ ከ አ አበባ 160 ኪ ሜትር ርቀት ነው የለው  መልካም በዓል ይሁንልን,0,0,0,1,0,0
amh_train_track_b_02121,አሁን መታስቢያ ያለችው ገዢ ቢመጣ እንዴት እንቀበለዋለን በአብይ ተደስተን በጣም መጥፎ ነገር ነው ያጋጠመን የሚመጣውን ገዥ ማንም አያምነውም ወርቅ ላንጥፍ ቢልም,0,0,0,0,0,0
amh_train_track_b_02122,እረ ምን ጉድ ነው እስከመቼ ሴቶች በወዶች መከራ እኮን አተረፉታ አላህ ጨርሶ ይማራት,0,0,3,0,0,0
amh_train_track_b_02123,ጀዋር ለውጥ ለውጥ ብሎ ይሄንን ደንቆሮ አምጥተውብን ሃገሪቷን አደቀቋት ለወጥ ለመልካም ካልሆነ ጥንቅር ብሎ ቢቀር ይሻላል ሰለዚ ጀዋር ሰህተት ነው የሰራው,1,2,0,0,0,0
amh_train_track_b_02124,ኣቤቴ የት ይገኛሉ እኔ በስደት ነው ያለሁት ጭንቀት ኣልቻልኩም,0,0,1,0,1,0
amh_train_track_b_02125,መና ፍስሃ እና ትርሃስ በደንብ ተረድታችኋታል ዋንያን በሁለት መንገድ ማገናዘባችሁ ማስተዋላችሁ በጣም ጥሩ ነው,0,0,0,2,0,0
amh_train_track_b_02126,ባሪያ ምንድን ነው? በዘረኝነት ያልተበከለ ሰው ለናንተ ባሪያ ነው? በኢትዮጵያ የሚኮራ ባሪያ ነው? ሰውየው እንቁ ነው! ለእምዬ ኢትዮ,1,0,0,0,0,0
amh_train_track_b_02127,እሄኔ የህን ያህል ያን ያህል ህዝብ አለቀተፈናቀለ የሚል ዜና ቢሆን ኮሜንቱ የትየለሌነው ምን ዓይነት በራሱ እድገት የሚመቀኝ ህዝብ ነው ያለንያሳዝናልዓለም ያደንቃል እኛ እራሳችንን እንቃወማለን,0,1,2,0,0,0
amh_train_track_b_02128,አፍሪካ የሰው ሀብቷንና የተፈጥሮ ሀብቷን መጠቀም መቻል አለበት,0,0,0,0,0,0
amh_train_track_b_02129,ምንድነው በጣም አሳሳቢ ነው እያልክ ምታስፈራራውሞቃድሾ አገሬ ነው ካለ ወደቡነሰ ያከራየው ላይ መዝመት ነውሞቃድሾ የሞቃድሾ ነውሱማሌ ላንድ የሱማሌ ላንድ ነውኢትዮጵያ ሰማሌ ላንድ ከሚያስተዳድረው መንግሥት ወደብ ተከራየች እንጂ ወደቡን አለወረረችም,2,0,0,0,0,0
amh_train_track_b_02130,በፍፁም ጥሩ ንግግር አይመስለኝም! ሳይታሰብ የተነገረ ግን እደገኛ ንግግር! ክቡር ጠሚ ይታረሙ!,1,0,0,0,1,0
amh_train_track_b_02131,እስራኤል በቆዳ ስፋት ትንሽ ብትሆንም ሌለው ላይ ያላት አቅም ማየት ጥሩ ነው እስራኤልን እግዚአብሔር ይጠብቃታል አትጠፋም,0,0,0,1,0,0
amh_train_track_b_02132,ይህን እንጪጭ አብይ አህመድ የተቀመጠበት አሁንም ደም መጣጭ ነው ከሕግ በላይ ሆኖ እራሱን እንደ ሕግ የቆጠረ ጨቅላ ነገ በሰፈረው ቁና ይሰፍራል እርምጃ የወሰደባቸው የአለአግባብ ክርስቲያን ታደለ የሕዝብ ተወካይ ዩሐንስ ቡያለው ታየ ደንዳ ሌሎቹም ሁሉ የአሰረ ጨቅላ የኢትዮጵያ ሕዝብ በፍርሀት በኑሮ ውድነት በርሀብ ከሞመት ውሳኝ እርምጃ በመወሰድ ከአረት ኪሎ ፈንግሎ በማውረድ በስቅላት ልትፈርዱበት ግዴታችሁ ነው ካላደረጋችሁ ባርነትን ተቀብሎ መ,0,2,0,0,0,0
amh_train_track_b_02133,የዚ ደሀ ህዝብ እንባ ጎርፍ ሆኖ የሚወስዳችሁ ቀን ቅርብ ነው። ህፃናትና አዛውንቶችን ሜዳ የበተነ መጨረሻው አያምርም,1,0,2,0,0,0
amh_train_track_b_02134,ማእዶት ማዱዬ እህቴ በአንድ ወቅት ኢትዮጵያን ብለን ነበር ዛሬ የግለሰቦችን ብሄር ልትወስኝ መነሳትሽ ግርምት ፈጥሮብኛል እኔ ጨርቦሌ 86ቱም ብሄር ነኝ ከሁሉም በላይ ኢትዬያዊ ነኝ,0,0,0,0,0,1
amh_train_track_b_02135,በማደጎ ስዊድን ተወስዶ በኢትዮጵያ ለመጀመሪያ ጊዜ አልበሙን የሠራው የግራሚ ዕጩ ዳንኤል ለማ,0,0,0,0,0,0
amh_train_track_b_02136,አስፍዬ እግአብሄር ነብስህን ይማረዉ ለሁላችሁም መፅናናት ይስጣችሁ ኡፍፍ ያማል,0,0,2,0,0,0
amh_train_track_b_02137,የማንነት ቀውስ የገባ መንግስት እና ህብረተሰብ ትክክለኛ መንገድ አይታየውም ።,0,1,0,0,0,0
amh_train_track_b_02138,ድል ለፍልስጤን ሞት ለወራሪዎቹ የሁዳዊያን,1,1,0,0,0,0
amh_train_track_b_02139,የፖለቲካ በድን? ቢባል ይሻላል,1,2,0,0,0,0
amh_train_track_b_02140,እውነትም ጀግና ነሽ የኔ ውድ ፈጣሪ ሀሳብሽን ይሙላልሽ ይጠብቅሽ😭😭😭,0,0,0,2,0,0
amh_train_track_b_02141,የኔ እናት ብርቱካንዬ ናፍቀሽኝ ነበር በእውነት በእመቤቴ ትቅረብሽ እውይይ የእኔ እናት ነገር  የሚገርም ፍቅር መከባበር ጥንካሬ ፍጹም የኾነ በጎነትን ያየኹበት ቤተሰብ እግዚአብሔር ያክብርልን እግዚአብሔር ይስጥልን በእውነቱ አባታችን እግዚአብሔር ፈጽሞ ይማረዎት,0,0,1,1,0,0
amh_train_track_b_02142,እባክሽ...የሃይለስላሴ...አገዳደል.እስቲ ጠይቂው,0,0,0,0,0,0
amh_train_track_b_02143,ከወራት በፊት ተሰርዞ የነበረው የጋራ መኖሪያ ቤት ዕጣ ዛሬ እንደሚወጣ ተገለጸ,0,0,0,0,0,0
amh_train_track_b_02144,አይ ጋዜጠኛ ሞት ይሻላል ለማይረባ ደሞዝ ተፅፎ የተሰጠውን ያነባለሰ,1,0,1,0,0,0
amh_train_track_b_02145,የማንነት ፖለቲካ ያመጣው የተከለዉ ወያኔ ነዉ አማራጩ ከዘረኝነት የፃዳ ሁሉም ኢትዮጵያዊ አንድ ሁኖ አገሩን የሚያሳድግበት እና ህገ መንግስቱ ካልተሻሻለ ገና የማንወጣው መከራ ይገጥመናል,0,0,0,0,1,0
amh_train_track_b_02146,ወይ ጉድ የእኒህ ሴትዮ ችግር እስካሁን አልተፈታላቸውም እንዴት ያሳዝናል እንደው ግን ነጣቂዋ በሰላም ተኝታ ማደሯ,0,0,2,0,0,0
amh_train_track_b_02147,የደቡብ አፍሪካው ፕሬዚዳንት ከሙስና ጋር በተያያዘ ክስ ሊመሰረትባቸው ይችላል ተባለ,0,0,0,0,0,0
amh_train_track_b_02148,አማራ ሆይ በአብይ መቋጫ የሌለው የሴራ ድራማና እንደ ይሁዳ አሳልፈው በሚሰጡህ አመራሮች ሆዳምነት በየጊዜው ቁጭት ውስጥ መግባት ብቻ ሳይሆን ቁጭትን የሚቋጭ ትውልድ ለመሆን የዛሬ ፖለቲከኞች ከሚደሰኩሩልህ ዲስኩር ይልቅ የቀደምት አባቶችህን አፅም አዳምጥ። አማራ ባለፉት 5000 አመታት ገጥሞት የማያውቀው ፈተና ውስጥ ነው።መዳኛው አንድነቱና ክንዱ ብቻ ነው። የሆነው ሁሉ ገና ለሚሆነው መቅድም መሆኑን መገንዘብና ለሚሆነው መዘጋጀት የሁሉም አ,1,2,0,0,0,0
amh_train_track_b_02149,አምላክ በሚቀጥለው ህይወት ስቃይ እና ክፋት በሌለበት አለም እንድኖር ያድርገኝ,0,0,2,0,0,0
amh_train_track_b_02150,የአማራ ብልፅግና ዋንኛው የአማራ ሕዝብ ጠላት ነዉ።።። አዉቆ የተኛን ማን ይቀሰቅሰዋል?,1,1,0,0,0,0
amh_train_track_b_02151,?ለማንም ስለ ክፉ ፈንታ ክፉን አትመልሱ፤ በሰው ሁሉ ፊት መልካም የሆነውን አስቡ ቢቻላችሁስ በእናንተ በኩል ከሰው ሁሉ ጋር በሰላም ኑሩ። ወደ ሮሜ ስዎች ምዕ12፥1718,0,0,0,0,0,0
amh_train_track_b_02152,ማን አባክ ዘግብ አለህ ኦርቶዶክስ ጭንቅ ለይ እያለች ለምን ዝም አላቹ,2,0,0,0,0,0
amh_train_track_b_02153,ግን ምንም ትሁን የምትወደዉን ሰዉ እደማገኘት ደስ የሚል ነገር የል የምር,0,0,0,2,0,0
amh_train_track_b_02154,የኤርትራ ሰውበላ መንግስት ከአማራ ሰውበላ ክልላዊ መንግስት መሰረታዊ ባህሪያቸውን አጣመራቸው ። እንደ ማግኔት ስበት እብሪትም የተፈጥር ስበት አለው ለካ የሚገርም ነው የኤርትራው የራ,1,2,0,0,0,0
amh_train_track_b_02155,የተሳሳተ እና አደገኛ ንግግር! የበለጠ የሚያሳዝነው፣ የዚህን ሰው ቃል እውነት ነው ብሎ ተሰብሰቦ የሚሰማው ሕዝብ ነው። ይህንን,1,1,2,0,0,0
amh_train_track_b_02156,ይህቺ አገር ብዙ ማሰብ የማይችሉ ስሜታዊ ፍጡራን የሞላባት መሆኗ ግልፅ ነው!,1,1,0,0,0,0
amh_train_track_b_02157,ዱሮም ከ አህያ ሌላ ነገር አይጠበቅም,0,2,0,0,0,0
amh_train_track_b_02158,ዶክተር ዓብይ እንኳን ደስ አልዎት ስለተሸለሙ ነገር ግን ይህን ቀይ ክራቫት ምነው እንደዚህ አዘወተሩት ለዋውጡ እንጅ,0,0,0,1,0,0
amh_train_track_b_02159,መላውን ዜጎቿን ሊገድል የሚችል ፌንታሊን የተባለ ዕጽ መያዟን አሜሪካን አስታወቀች,0,0,0,0,0,0
amh_train_track_b_02160,አንተ ገጣጣጣ ነብሰ በላ በትግራይ ህዝብ ጭፍጨፋ ላይ ያደረግኸው ቅስቀሳና ተሳትፍ አናወራርደዋለን💀💀💀,0,3,0,0,0,0
amh_train_track_b_02161,እናንተ ሰዎች ሕዝባቹ አታልላቹ ማለት ዓለም የምታታልሉ ይመስላችሃል ባህር ሃይል የሚገነባ የባህር በር የሌለው ለኤኮኖሚ መተሳሰር ስትሉ አይጋጫቹሁምደግሞ በሆነ አጋጣሚ ወደብ አጥታለች ስትሉ ኤርትራ መሬትዋ እንጂ ህዝብዋ አያስፈልገንም ብሎ የወራቹ የሃይለስላሴ ስርዓት ይቅርታ ከማለት እንደገና የተሸንፈ አጀንዳ ያሳዝናል,1,0,0,0,0,0
amh_train_track_b_02162,አንባቢዋ በጣም ግሩም ድምፅና አቀራረብሽ አንጀት አርስ በመሆኑ በሙያሽ ልትኮሪ ይገባሻል ምስጋናም ሲያንስሽ ነው ቀጥይበት ወሎ ቲዩብ እናመሰግናለን,0,0,0,2,0,0
amh_train_track_b_02163,ምኒልክ ግቢ ውስጥ ማንም ወራሪ ጥምብ ጋላ ማንም ጥምብ ባንዳ ትግሬና ማንም ጥምብ የአማራ ፍናፍንት ገብተው እያግማሙን ነው ስብራት መጠገንና መትረፍ ከፈለክ ሕገ አራዊት የሆነውን ሕገ መንግስት ቀይር ጊዜው ሲደርስ መስቀል አደባባይ ላይ ከነሚስትህና ግብረ አበሮችህ አርባ ተገርፈህ ትሰቀላለህ እናትህን ልብዳት ፋኖ እባላለው,1,3,0,0,0,0
amh_train_track_b_02164,አላህ ሆይ ሰዉን ሁሉ ጠብቅልን ያማል ሰብሩን ይስጠቸዉ ለቤተሰቦቿ ሁሉ 😭,0,0,3,0,0,0
amh_train_track_b_02165,ያገሬ ፋኖ ሆይ! ጀግንነት ሳይጠሩ መዋጋት ብቻ ሳይሆን ሳይታሰብ መሰወርንም ያካትታልና ጀግን እና ወደነበርክበት እርሻ አስተማሪነት ነጋዴነት በጠቅላላው ተራ ሰውነት ተመለስ፡፡ ክ,0,0,0,0,0,0
amh_train_track_b_02166,ደስ ስትል ማለት አንተ ግን ሴቷ ስስስ ነች ማለት እንዴት ባንድየው እንደዚህ የምትሆንላት ባሏን አለማመኗ ትንሽ ስሜታዊ ያደርጋል,0,0,0,1,0,0
amh_train_track_b_02167,ጂጂ የሴት ልጅን ጥልቅ የተቃራኒ ጾታን ፍቅር ስሜታዊ ምናብ በቃላት የማሳዬት ችሎታዋን ማንም አይደርስበትም። ጽድት ባለ ስነስረዓት ባለው አገላለጽ ለዚያውም?,0,0,0,3,0,0
amh_train_track_b_02168,እናሊላሂ ወኢናኢለይሂእራጁኡን አላህ ለቤተሠቦችሽ ሸፈአያድርግሽ የኔቆጆልጅ ተገኘችን ነበርየጠበኩት ያረብ ለእናቷሰብሩንይሰጣት,0,0,2,0,0,0
amh_train_track_b_02169,ለሱ የፀጉር ቁርጡ በቂ ነውባይሆን አንቺ እንደ Arsenal የዋንጫ ተስፋ ድንገት ጠፋሽሳ?,0,0,0,0,0,0
amh_train_track_b_02170,መረጃውን ማቅረብ ጥሩ ነው  ግን ዜና ስታቀርብ  ብታስብበት ይሻላል  እስራኤል የአበሳ አበሳ ናት እንድታውቅ ይገባል  ሀማስ  እንዳይጥ ጉድጓድ ለጉድጓድ የሚሽሎከለክ አሸባሪ እና ሰው ጠብሶ ከሚበላ ከለማስ ጋር ነው ከግባግቢቱ እየመዘዘችው ያለው  እስራኤል እንኳን ለሀማስ  ኢራንንም እና ካታርንም እና ሕዝቡላንም እያበጨበጨችው ነው  ሌላውም ሀማስንም የሚደግፍ ሁሉ ግዜውን ጠብቆ ይደመሰሳል  እንድታውቀው  የምትዘግቡው ከውነት,0,1,0,0,0,0
amh_train_track_b_02171,እባካችሁ ዝም ብላችሁ ዱአ አድርጉ እየሆነ ያለው ይዘገንናል ያአላህ ድረስላቸው,0,0,2,0,0,0
amh_train_track_b_02172,Arts tv ሲል ኣርእስቱ እንደስሙ ጥሩ ኣጀንዳ የሚይዝ መስሎኝ ነበር ገና እርእስቱን ሳየው ናቅኩት ሰይጣን የታሰረበት ዋሻ ብሎ ኣርእስት ሲሰጠው ውስሩ ብሰማው ምናልባት ቃለመተይቅ ለሰይጣን ኣደረግኩኝ ሊለን ይሆናል ብየ ናቅኩት የማይጨበጥ የሌለሸይጣን በኣካል ሰይጣንን ኣግኝተው ኣስረው ወዘተ ታሪክ ኣርእስት ሰጠን ያሳዝናል ምን ትምህርት ሊሰጠን ነው እየሞከረ ያለው ነው ወይሰ ሰይጣን በምድር ታይቶ እና ታስሮ ነበር ሊለን ነው,0,1,0,0,0,0
amh_train_track_b_02173,ይሄ ፊልም እየደበረኝ ነው እሥኪ ቅመሞች ጥሩ ሙቪ እዳለ ንገሩኝ አዲሥ የተጀመረ,0,1,0,0,0,0
amh_train_track_b_02174,አዲስ አበባ ላይ በአሉን ምክንያት አድርገህ ቤት አልባ ያረካቸው የእነዛ ኢትዮጰያውያን ሀዘን ቤትህ ይግባ,1,0,1,0,0,0
amh_train_track_b_02175,አቦ እሳቸው ሀገር ሻጭ ስላልሆኑ የኢትዮጵያን ትንሳኤ ያያያሉ። ግን ኮሎኔል እና ፕሬዘዳንት አንድ ያልነገሩሽ ነገር አለ ከሀገር ከመውጣታቸው በፊት ገዳም ሂደው እንደነበረ እና መንግስታቸው ለሌላ ተላልፋ እንደምትሰጥ ኢትዮጵያ ብዙ መከራ እንደሚያጋጥማት እና ያ ሁሁሁ አልፎ እሳቸው ትንሳኤዋን እንደሚያዩ ተነግሯቸዋል። ጠይቂያቸው እውነቱን ይነግሩሻል። ረጅም እድሜ ከጤና ጋር እመኝልታለሁ የጀግናው የባሀር ሀይል ልጅ ነኝ,0,0,0,0,0,0
amh_train_track_b_02176,ወይኔ የኔም መዳም ጧት ሰይጣን ትሆንና ከስአት መልካም ትሆናለይ,0,0,0,0,0,0
amh_train_track_b_02177,33 ጳጳሳት የውጭ ዜግነት እንዳላቸው ተረጋግጧል የሚገርም ነው የሚደንቅ ነው,0,0,0,0,0,2
amh_train_track_b_02178,ኢትዬጵያ ወደዚህ ሁሉ መከራ ችግርና ቸነፈር እንድትደርስ ጃዋር ዶንቆሮ ተጠያቂ ነዉ,0,2,0,0,0,0
amh_train_track_b_02179,ሰራተኛዋ ተወግራ ትገደል ። ጨካኝ ነች ።,2,1,1,0,0,0
amh_train_track_b_02180,ምን ጉድ ነው እውነት ስው ነው አውሬ ነው እንጂ ፍትህ ፍትህ,1,1,1,0,0,0
amh_train_track_b_02181,የዓለማችን ግዙፍ የጭነት መርከቦች እየሸሹት ያለው ቀይ ባሕር,0,0,0,0,0,0
amh_train_track_b_02182,እግዚአብሔር ካለብኝ መከራ ሁሉ እርሶን አባት አድርጎልኝ በቃ እስኪለኝ አግኝቼዎት እስክፈወስ ጓግቻለው እድሜና ጤና ይስጦት,0,0,0,3,0,0
amh_train_track_b_02183,ከፕራንክ ከፍ ወዳለ ፕራንክና ፍራንክ እንኳን አሸጋገረህ። መልካም የጠረባ ዘመን,0,1,0,0,0,0
amh_train_track_b_02184,New photo posted in ከጦርነቱ ከአንድ ዓመት በኋላ ቻይና የዩክሬንን ቀውስ ለመፍታት ያላትን ተነሳሽነት በዝርዝር አሳወቀች አል ዐይን ኒውስ (RSS) ዩክሬን የ,0,0,0,0,0,0
amh_train_track_b_02185,እናንተ ለካ ፍቅር እግር ም ኣለው ደኒዝ ስታወቅ ፓሊስ ጣብያ ሄደች,0,0,0,0,0,0
amh_train_track_b_02186,የ አብይ ጦስ ሀገራችንን እንዳያሳጣን እፈራለሁ,0,1,0,0,2,0
amh_train_track_b_02187,ሽንታም ፈር ነው ፈርቶ ካገር ፈርጥጦ የጠፋው,0,2,0,0,0,0
amh_train_track_b_02188,ጋዛ፡ በእስራኤል አየር ድብደባ እና ከበባ ውስጥ የሚወልዱ እናቶች,0,0,1,0,0,0
amh_train_track_b_02189,ከወያነ ያልተማሩ ኤርትርራውያን ማሰራቹ የሚያሳዝን አይደለምመለስ ዜናዊ ያልራራ ለኤርትራውያን አብይ አህመድ ዓሊ የት ያውቀናል የሚራራልንአብይ አህመድ ዓሊ ገና ሲያድግ የተማረው ኤርትራ ባህርዋን ብሃይል መውረር ነው80 ዓመት አድምታ ገና ደማቹ ያልጠገበች የትናንትና ኢትዮጲያ ታምናላቹእንደ ኤርትራዊ በጣም አፈርኩ,1,0,0,0,0,0
amh_train_track_b_02190,ኢጭከግማሹምአትደርስወሬብዙቴዲየአንደኛየኢትዮጵያንጉስነውማትአታውሩ💚💛❤️,1,1,0,0,0,0
amh_train_track_b_02191,ድል ለከሌ ድል ለከሌ የምትሉ ጤነኛ አትመስሉኝም ማንም ያዳም ዘር ቆስሎ ብናይ ያማል ለሐገራችን ለአለም ሰላም ያምጣልን,0,0,1,0,0,0
amh_train_track_b_02192,ስላንተ አላወራም አንተ ጀግና ሰው ነክ የጨነቀለታ ድረስልን ያሉህክ ስምክ ይናገራል ጠላት የሚፈራክ የጤንነት ጉዳይ ትንሽ ቢያስቸግርክ ድንገት እንኳን ብታልፍ ፈጣሪ ከጠራክ ታሪክክ ይፃፋል ይዘከራል ገድልክ,0,0,0,1,0,0
amh_train_track_b_02193,በጣም ያሳዝናል ታሪኩ ልብ ይስብራል,0,0,3,0,0,0
amh_train_track_b_02194,እንደ አበደ ውሻ ከሁሉም መናከስ ለመከስከስአቶ ሪዲዋን ምንዓይነት ልብና ስብዕና ቢኖራቸው ነውከመጣው መሪ ጋር ጫማ ወልዋይ ሆነው የሚዘልቁትመቼስ ይሆን በዘር የተዘፈቀውን አካሄድ የክብር አምባሳደረንነትን አገፈገፈኝ የሚሉትምንስ ዓይነት ቤተሰብ አላቸው ያሳፍራል,1,1,0,0,0,0
amh_train_track_b_02195,በግጭቶች ምክንያት በኢትዮጵያ ውስጥ ወሳኝ የምርምር ሥራቸው መስተጓጎሉን ፕሮፌሰር ገቢሳ ኤጀታ ገለጹ,0,0,0,0,0,0
amh_train_track_b_02196,አፍሪካዊያን ጳጳሳት የሮማው ሊቀ ጳጳስ ስለ ተመሳሳይ ፆታ አፍቃሪያን ያወጡትን አዋጅ ተቃወሙ,0,0,0,0,0,0
amh_train_track_b_02197,እሰኪ እዩማ አንደ ታዋቂ ሰው ይሙት ከዛ ቀጥታ ተከታታይ ታዋቂእና ተወዳጅ ሰዎች ያልፋሉ ይሄ እርግማን ነው ወይስ አጋጣሚ,0,0,2,0,0,0
amh_train_track_b_02198,የእኛ ስጋት ግብፅ የሆነ ነገር ታደርገናለች ብለን ሳይሆን ግብፅ መፈረካከሷ ረዳቶችዋም መውደቃቸው አይቀርምና በኢትዮጵያ እንዳትፈርስ ነው በሌላ ቃል ኢትዮጵያ ግብፅን እንዳታፈርሳት ነው,0,0,0,0,2,0
amh_train_track_b_02199,የአብይ አህመድ አሊ የፖለቲካ ድርቀት እና ሞኝነት የሀገሪቱን ወደኋላ እየጎተታት ወደ ሞት አፋፍ አድርሶ ጉርጓድ ቆፍሮ ኦቦ ሽምልስ እና የአማራ ፖ,0,2,0,0,0,0
amh_train_track_b_02200,ሁሉም ታግሎ ባመጣው ለውጥ አብይ የሚባል እስክዛሬ በምድር ታይቶ የማይታወቅ ዱያቢሎስ የኢትዮጵያ መሪ ሆኖ የስድስት ሺህ ስድስት መቶ ስልሳ ስድስትን ባንዲራ ይዞ ከፊት እየመራ የኡትዬጵያውያንን ደም እያመጠጠ ነው ንገር ግን ስይጣን ምንጊዜም አሸንፎ እያውቅም ከንግብረአበሮቹና ዘረማንዘሩ ይጠፋል ምንም ጥርጥር የለውም ኃያሉ እግዚአብሔር ያጠፈዋል,0,3,0,0,0,0
amh_train_track_b_02201,የሚደንቀው የኛዎቹ አብሯቸው ቡና ስለጠጣ ወዳጅ የሆናቸው ከመሰላቸውና እሱን ለማስደሰት የክፉ ቀን ወዳጆቻችንን ካስቀየሙ ነው፡፡ አሜሪካ እንደሁሉም ጉልቤ ፍቅር ሳይሆን,0,0,0,0,0,1
amh_train_track_b_02202,ይህ አተላ ቀጫት የለቀ ጥርሱን ይከፍታል,0,2,0,0,0,0
amh_train_track_b_02203,መሆኑን ጠቁመዋል። የክልል ልዩ ኃይሎች አደረጃጀት ህጋዊ አለመሆን፣ በክልሎች መካከል እንደ ስጋት መተያየት እንዲሁም ችግሮችን በሃይል ለመፍታት የሚደረገው እንቅስቃሴ አደረጃጀቱን ለ,0,0,0,0,0,0
amh_train_track_b_02204,ህጻኑ ደስ ሲል እግዚአብሔር ያሳድግህ ግን ይሔ ፕራንክ ሚባል መጃጃጃል ቢቀርስ የእውነት ያስጠላል እስቲ ሌላ ነገር ፍጠሩ ሁሌ ኮፒ ይሰለቻል,1,0,0,1,0,0
amh_train_track_b_02205,[ በልቦቻችን ላይ ቅንጣት ሀዘንን አታስቀርብን ፡ ወደ ደስታ የቀየርክልን ቢሆን እንጂ! ያአሏህ,0,0,0,1,0,0
amh_train_track_b_02206,ቅዱስ ሲኖዶሱ አሁንም ቤተክርሲቲያኗን ሲያሶወድሙ እና እያሳደዱ ያሉትን አብይ አህመድንና ሸመልሰ አብዲሳን አመሰግነለሁ የሚል መግለጫ ዘሬ ሰጥተውናል?የንፁሀን ክርሰቲያን ደምና የዚች ቤተክርስቲያን እንባ ይፈርዳል!,1,0,2,0,0,0
amh_train_track_b_02207,ፊልሙ በጣም ጥሩ ነው ግን ትንሽ ፕሮፌሽንነት ይጎለዋል እንደምሳሌ እነዚህ የሴት መርማሪዎች የሆነ የህጻናት ስብስብ ናቸው የሚያነሱት ሀሳብ ሁሉ ወንጀለኛ የሚመረምሩ ሳይሆን ህጻን ልጅ በከረሜላ የሚያታልሉ አይነት ስለዚህ ጉዳዩ ጠጠር ያለ ስለሆነ ወይ እነሱን በአዋቂ ቀይሩ ወይ ጠና ባለ ሰው እንዲመሩ አድርጉ እንጂ በነሱ የተነሳ የፊልሙ ጥራት ይቀንሳል ሌላው የኤልዳ የፍቅር ጉዳይ ነው በትክክል ድራማ ላይ እንዳለች ያስታውቃል እውነተኛውን አለ,0,0,0,1,0,0
amh_train_track_b_02208,በጣም የሚገርም ነገር እችን ነው ሲጠብቃት የነበረ ማለት ነው የሚገርም ኣስተሳሰብ,0,0,0,0,0,2
amh_train_track_b_02209,የመይመስል ወሬ ውሻት መጀመረ የረሳች ጦርነት እንቃጭ አቺም ቢሎ እበሲ አቺ መላት የሞታ ዉሻ ጥብነሽ,0,3,0,0,0,0
amh_train_track_b_02210,ዘረኝነት ጥንብ ናት ተዋት የነብዩ ቃልን ያፈረሱ ኦሮሙማኽ ብልፅግናዎች ክቡር ታድዮስ ታንቱም የታሰሩትም በተመሳሳይ ዘረኝነትን ማውገዛቸው እና የኦሮሞን የወራሪነት ታሪክ እውነቱን,0,1,0,0,0,0
amh_train_track_b_02211,ናቲ፣ በቴሌግራም በትዊተርም ፣ አረጋጊና ኒዩትራል አሳብህ አመሰግንሀለሁ። በልዩ ሀይል ጉዳይ የአማራ ሕዝብ ስጋት የመሰለኝ የወልቃይትና የራያ ነገርስ እንዴ,0,0,0,1,0,0
amh_train_track_b_02212,አይናለም ዓለም ላይ እንደ አንተ ያለ ዶንቆሮ አላየሁም ወላይታ የክልልል ማዕከል ካልሆንኩ ሞይቼ እገኛለው ሲል ያልፃፍክ ደደደብ ጋሞ መብቱን በመጠየቁ ጥንብ እርኩሱ የማይታወቅ እንቶ ፈንቶ አማርኛ ደግፌህ በመፃፍህ እናዝናለን ስለ ተስፋዬ በልጅጌም ይሁን ስለ ሌሎች ተሿሚዎች የፃፍከው የተስፋዬን መሰሪነት ባለማወቅ ሳይሆን ለወላይታዎች ያለውን ውግንና ለማንፀባረቅ ስለሆነ የተማሪክ የምትመስል ምርጥ ጮማ ደደደብ ነህ።,1,2,0,0,0,0
amh_train_track_b_02213,የሚገረመኝ በቃ እኛ አያሰፍልገንም ወድብም ግድብም  ገናጨቀይ ባህር የወረሳል ተጀምሯል ያልቃል ግብፀ እና ወሰጥ ያላችሁ ምቀኞች ተንጫጬ ገና ወደ ከፍታ እንወጣለን ፈተና አለ ግን እንወጣለን,1,0,0,1,0,0
amh_train_track_b_02214,ይሄንንን ሁሉ መከራ ያመጣብህ ሃጥያትህ ነው ከጌታ ፊት ኮብልለህ ነበር? ኣሁንም ጊዜ ኣለህ በጌታ ፊት በእውነት ተመላለስ፡፡፡,1,0,1,0,0,0
amh_train_track_b_02215,በቀይ ባህር ላይ መርከቦችን እያጠቁ ያሉት የየመን ሁቲ አማጽያን እነማን ናቸው?,0,0,0,0,0,0
amh_train_track_b_02216,እውነት ለመናገር ሱማሊያ እውነቷን ነው አሁን በኢትዮጵያ ውስጥ አንድ ክልል ከሌላ ከውጭ ሀገር መንግስት ተፈራርሞ የኢትዮጵያን መሬት ቢሰጥ የፌደራል መንግስቱ ዝም ይላል የኢትዮጵያ መንግስት ህገ ወጥ ስራ ነው መስራት የያዘው ሀገር ውስጥ ያለው ችግር አልበቃ ብሎት አሁን ደግሞ ከዉጭ ሀገር ጋር ጦርነት ሊጀምር ነው ህዝባችንን እረፍት አልሰጥም አለ ይሄ ነገረኛ መንግስት  አስፋው መሸሻ የኔ አባት በቃ እውነት ሆነ,1,0,1,0,0,0
amh_train_track_b_02217,ሰው ሁን ሰውነት ነው ያጣነው ሀገርን አስተዳድራለሁ ብለው የተቀመጡት የህዝብ ስቃይ መከራ ጩሀት ጆሮ ዳባ ልበስ? ባለጊዜው ከሆንክም ሰከን በል! ግ,1,0,0,0,0,0
amh_train_track_b_02218,ታሪካችን 😂😂😂 እስቲ ንገረኝ እዚ እድሜዋን እንደጨረሰች አሮጊት ቁጭ ብሎ ሲራገሙ መዋል እኮ ነው ያንተ ታሪክ ሌላ ምን ሰርተህ ነው...ያባቶችህን ከሆነ አባቶቻችን በጊዜያቸው እንዳንተ መሞጣሞጥ ሳይሆን ተከባብረው ጥሩ ታሪክ በጋራ ሰርተዋል አንቺ ከወሬ እና ከርግማን ውጪ ምንም የማታውቂ መሀይም የምን ታሪክ ኖሮሽ ነው የሚበላሸው 😂😂😂ገልቱ,1,2,0,0,0,0
amh_train_track_b_02219,ያን ጊዜ መቃብራት ይከፈታሉ ዓለም ከተፈጠረ ጀምሮ የፈረሱ ሙታን ፈጥነው እንደ ዓይን ቅጽበት ይነሣሉ። አብ መንግሥቱንና ፍርዱን ለልጁ ይሰጣል ፤ ያን ጊዜ አዲስ የመብረቅ ኃይል ይታያ,0,0,0,0,0,0
amh_train_track_b_02220,እንዲህ ዓይነት አባባልም አገር ያፈርሳል ።ጥያቄያችን መሆን ያለበት ለአገር ስጋት የሆኑ ኃይሎች ቅድሚያ ትጥቅ ይፍቱ ነው ።ተዋጋ ተዋደቅ አገር ያፈርሳል ከዚህ ዓይነት አስተሳሰብ እንውጣ ።,1,0,0,0,0,0
amh_train_track_b_02221,ኡፍ !መላዕክት ነሺ ካንቺ ጋር አለቀስኩ።እንኳን ፕራንክ ሆነ,0,0,1,0,0,1
amh_train_track_b_02222,ሰበር ዜና!!! ሳይታለም የተፈታ ነበር ይሄ ወሬ :::,0,0,0,0,0,0
amh_train_track_b_02223,አረ ኡኡለ ያገር ያለህ ዛሬስ ናፍቆት እና አሣባ ሊገለኝነው ማነው ግን እደኔ ባዶነት የሚሠማው,0,0,1,0,0,0
amh_train_track_b_02224,ልክ ነህ እንደነዚህ አይነት ደደቦች ናቸው የትግራይንም ወጣት ያስጨረሱት።አሁን እነሞጣ የት ነው ያሉት?ምንስ ያውቃል? እንደነዚህ አይነቶች በነዋይ ፍቅር የወደቁ,1,2,0,0,0,0
amh_train_track_b_02225,ሠላም ከሌለ ኮርማም ቢታረድ አይጣፍጥም ተፈናቃዮች የገና በዓል በኦሮሚያ ክልል ግጭት ስጋት እና ዋጋ ንረት ተጭኖታል በኦሮሚያ ክልል ምስራቅ ወለጋ ዞን ኪረሙ ወረዳ የተፈናቀሉ አንድ አርሶ አደር አስተያየት ሰጪ እንዳሉት በአሉ ቀዝቃዛ ነው የበዓልም ድባብ የለም በዚ ላይ መንገዶች በብዛት ስለሚዘጋጉ ሽንኩርት የለም ሌላውም ሸቀጥ ስለማይገባ በዓሉን አስቸጋሪ አድርጎብናል በማለት የጸጥታው ስጋት በህይወታቸው ሁሉ ፈታኝ እንደሆነባቸው አስረድተዋል,0,0,2,0,0,0
amh_train_track_b_02226,እግዝያብሄር ያሳደግልህ ምርጡ አባት,0,0,0,2,0,0
amh_train_track_b_02227,መንግሥት አጭበርባሪ ቀጣፊ ሌባ ገዳይ ጨፍጫፊ ነውዋናው ዋሾው ህፃኑ ጠምሩ ራሱ ነው,1,2,0,0,0,0
amh_train_track_b_02228,ይህ ሁኔታ የሚያሳየው የሀማስ መሪዎች በጋዛ ያሉት ብቻ ሳይሆን በውጭ ያሉትም ዋስትና እንደሌላቸው ነው በጣም አደገኛ ነው,0,0,0,0,1,0
amh_train_track_b_02229,ህገውጥ የመሬት ወረራው በህግ አግባብ ሲቀለበስ እና ህገወጥ ሰፋሪዎቹ ሲመነጠሩ የደላላው መንጋ በሶሻል ሚዲያ,1,1,0,0,0,0
amh_train_track_b_02230,አንተ እኮ የቁም ሬሳ ነህ ኢትዬጵያን የደም መሬት አደረካት አንተ የዲያቢሎስ የሉሲፈር አሽከር አንተ የእናት ጡት ነካሽ የአባትህን ገዳይ የህፃናት ደም የንፁ,1,2,0,0,0,0
amh_train_track_b_02231,የምፈርያት አስተያየት የኦሮሙማ መላው አ.አ፣ደብብብን፣ቤሻንጉልን የመሰልቀጥ አካሄድ ተገንዝባ ብአድን እሬሳ ሙትቻ በመሆኑ ኢትዮጵያን አስልቀጣ ከወረራ ለመጠበቅ ኦሮሙማን በሐይል ሚዛን ለመጠበቅ ትነግን በድርድር መመመለስ አለበት የሚል ድምዳሜ የደረሱ ይመስለኛል ትነግ ገንዘብ፣መሳርያ ፣ወታደር አለው የኦሮሙማን አደገኛ መራና የስልቀጣ እቅድ በሚዛን ለማስጠበቅ ይጠቅማል በሚል እሳቤ ቢሆንስ ? የአማራውን የሬሳ ስብስቦች ለራሳቸውም ያልሆኑ ድኩማ,1,2,0,0,0,0
amh_train_track_b_02232,ጆስዬ ጠላት በብዙ እየታዎገብኝ ነው እባክህን ዘሬ እንኳን ፃልይልኝ አሰርዬ ብዙ የለፈሁትን ብር ከልክሎልኝ በጣም ታጨንቄዋለሁ አንታጋ መብቴ እንደለ አምናለሁ,0,0,1,0,1,0
amh_train_track_b_02233,ሩሲያ በመላው ዩክሬን “ከፍተኛ” የሚሳኤል እና ድሮን ጥቃቶችን ከፈተች,0,0,0,0,0,0
amh_train_track_b_02234,ነብዩ መሀመድ ላይ ቆሻሻ ሲጥሉ ነበር ይሁዳ ማለት በቃ ይቺ አለም በፈተና የተሞላች ናት,1,0,0,0,0,0
amh_train_track_b_02235,611 ሌላው እንግዳ ደግሞ ከሱዳን የመጣ ሲሆን ስመለከተው አንድ አቋም የሌለው እና እስከ ጥግ ድረስ ስሜታዊ ሰው ነበር ! በውይይቱ መጀመሪያ ላይ ረመዳን የመልካም እና የ,0,0,0,0,0,0
amh_train_track_b_02236,አቤት  ይደንቃል ሰዉ በራሱ አንዳች ነገር ማድረግ እንደማይችል የተገነዘብኩበት ዉይይት  በቃ ኢትዮጵያ ሐገሬ ሐገረ እግዚአብሔር መሆኗን አረጋገጥኩ  በዚህም ደስ አለኝ,0,0,0,2,0,0
amh_train_track_b_02237,የሰው ልጅ ጥፋተኛ እሚበለው ለሸይጣንነት አስቦ ቲያገርገው ነውነገሩ የተፈጠረው ባጋጣሚ ነው ኩዚ ግን በግልፅ መሳዋትነት ሆኖታል ለጉኒ ኩዚ እኔ ነኝ ሲል ምንም አልተነፈም ደሞ ለመጀመሪያ ግዜ በልጅነታቸው ሊሳሳሙ ሲለ አቋረጣቸው እራስ ወዳዳድነት ነው እንጂ ፍቅር የለበትም ፍላጎትንጂ ስለዚህ በጭራሽ ከልቡ አያፈቅራትም ብር ነው እሚወደው,0,0,0,0,0,0
amh_train_track_b_02238,ውይ ፈጣሪ ካንቺጋ ይሁን የኔ እህት ያሰብሹው ሁሉ ይሳካልሽ ኣይ የሴት ልጅ ፈተና ያሳዝናል 😥😥😥,0,0,3,0,0,0
amh_train_track_b_02239,የኢትዮጵያ እና የሌሎች አገራት የአባልነት ጥያቄን የሚመለከተው የብሪክስ ስብስባ እና ዓላማው,0,0,0,0,0,0
amh_train_track_b_02240,እውነትም የዘመን ክስተት ንዋይ ደበበ ምርጥ ደራሲ ምርጥ ድምጻዊ እንዲሁም የመድረክ ኮኮብ የመድረክ ፈርጥ የመድረክ እንቁ ነው ደሞ በዚህ ላይ አገሩን ወዳድ ምርጥ ኢትዮጵያዊ ረጅም እድሜ ከጤና ጋር ለንዋያችን እንመኛለን,0,0,0,2,0,0
amh_train_track_b_02241,ከላይ የተባለው እውነት ይሁን ውሸት ባይገባኝም ዳውሮ ህዝብ ኦሞትክ በመሆኑ ሁሉም በሚባል ደረጃ በቋንቋ በባህል በጣም ከምቀራረብ እንድሁም ተጋብቶና ተዋልዶ ከኖረው ከወላይታ: ጋሞና ጎፋ ህዝብ ጋር ቤተሰብ የሆነውን ሰፊው የዳውሮ እና ኮንታ ህዝብ በጥልቀት ባልተወያዬበት እና ባላመነበት በጭፍን ጥላቻ ዳውሮና ኮንታ ህዝብ ተጨማሪ እንግልት እንዲያገኙ ያደረጉት ታርካዊ ጠላቶች የዳውሮና ኮንታ አመራሮች ናቸው።ህዝቡ ግን እስካሁን እንደ ቀድሞ አን,1,0,0,0,0,0
amh_train_track_b_02242,አአ የኦሮሞ ስለሆነች ብዙም አይነፈም አድማው,0,0,0,0,0,0
amh_train_track_b_02243,ፐፐ የሚገርም ትንታኔ ነው እንዴት አወቅሽ በናትሽ እስቲ ሌላም ካለሽ አካፊዪን,0,0,0,1,0,1
amh_train_track_b_02244,ክቡር ከንቲባ ግሩም ስራ ነው ነገር ግን አየር ማውጫም ሆነ ማቀዝቀዣ አልተገጠመለትም ተሳስቼ ከሆነ ይቅርታ ለሰራተኞቹ በማሰብ ነው,0,0,0,1,0,0
amh_train_track_b_02245,ምን አገባህ የደስታ ምንጭህ የትግራይ ስቃይ ነው እንዳሰብከው አይደለም የትግራይ ህዝብ በቀላል አይሰበረም አንድ በአንድ የለኮሳችሁት እሳት እየለበለባችሁ ነው,2,1,0,0,0,0
amh_train_track_b_02246,ትቦርነ chatam ሀብታሙ ቂትህን አስታም አንተኛው አተላ ሌባ ቦቲያም ብብብትህን ታጠብ አጥህተንባ,0,3,0,0,0,0
amh_train_track_b_02247,ኢንዳንተ ያለ ወራሪ ስለማያስፈልግ ነው,0,2,0,0,0,0
amh_train_track_b_02248,ስልኩ ከየት ወዴት ነው የተደወለው?አከባቢዎቹስ ከዬትኛው የውጭ ወራሪ ነው ነፃ የወጡት?,0,0,0,0,0,0
amh_train_track_b_02249,ኢትዮጵያ በተለይ ኤርትራን የባሕር በር የማግኘት ሕጋዊም ታሪካዊም ምንም ዓይነት ድጋፍ እና ማስረጃ የላትም  አሁን እሄደችበት ያለው መንገድ ግን በሕዝቦች መፈቃቀድ በጊዜ ሒደት ሊመጣ የሚችለውን ውሕደት ክራሽ እያደረገችው ነው እያበላሸችው ነው በተለይ ኤርትራ በአሁኑ ስዓት ላይ ከኢትዮጵያ ጋር በጋራ በመከባበር ክና በመተባበር በሒደትም ጥሩ ደረጃ ላይ ሊደርስ የነበረ ግንኙነት ከሕዝብ ሰላም እና ደሕንነት ይልቅ ለስሙ እየሰራ ያለው አብይ አ,1,0,0,0,0,0
amh_train_track_b_02250,ጋዜጠኝነት ትንተና እንደ አማን ከሆነ ቢቀርሰ ለአማራ የአለዉ ጥላቻ እሚወራዉን እንኳን ቅጦ አሰጠፋዉ,0,1,0,0,0,0
amh_train_track_b_02251,ሁላችንም በህይወት እና በዜሮ ጭንቀት ደስ ይለናል,0,0,0,2,0,0
amh_train_track_b_02252,አሜሪካዊው ራፐር የግራሚ ሽልማትን ካሸነፈ በኋላ በቁጥጥር ስር ዋለ,0,0,0,0,0,0
amh_train_track_b_02253,ልክ እንደዚህ ተዘጋጁ ድንገት ከመጡ እና በመጡበት መልሱዋቸው። ከባርነት ሞት ይሻላልና። እናንተ ደግ ሆናችሁ አብራችሁ በኖራችሁ ባሪያ ካላደረግናችሁ ማንነታችሁን ካላጠፋን አሉውአችሁ አይ አማራየ,1,0,2,0,0,0
amh_train_track_b_02254,ኣዎ ይህ አይነቱ ዘግናኝ ግፍ ለታሪክ ብቻ ኣቀመጥም እንዲጠየቁበትም እንሰንደዋለን,1,0,1,0,0,0
amh_train_track_b_02255,እናቷ በጣም ኖረኛናት የልጅቱ hiwotበጣም ያሳዝናል /እንዳዛም ሆና ጥንካሬዋ የሚገርምነው /አይዞሽ የኔ ቆንጆ ለበጎነው /እናትሽ ግን የስራዋን ይስጠት እንኳንም ሞተች እችአዉሬ ምንኢናት ትባላለች እች ጭራቅ 😥😥😥,0,1,2,0,0,0
amh_train_track_b_02256,በዘበዛ እብድ ካንተ በላይ በውሽት አገር የሚያሽብር አለ መሳሪያ ይዞ የሚዋጋማ ዓላማ አለው አንተ ግን ዓላማህ ዋሽቶ ሽብር መለቀቅና ህዝብን ማወናበድ ነው,1,2,0,0,0,0
amh_train_track_b_02257,ኧረ ያላለህ ልብ ይሰብራል ያማል ፅናቱን አላህ ይስጣቸው,0,0,3,0,0,0
amh_train_track_b_02258,ባንዳ ገዳይ ከሀዲ ሀገር ሻጭ ከተባለ የመጀመሪያዉ ቆሻሻዉ ኦነጉ አብይ አህመድነዉ መከላከያን አስበልቶ ሂዶ የተቃቀፈ ቆሻሻ ባንዳ!,1,3,0,0,0,0
amh_train_track_b_02259,በ ሽዋረቢት አልፎ አይደል እንዴ አዲሰ አበባ የገባው ። ባይገባ ንሮ ዝባቤ አትቀመጥም ነበር። መንጌ,0,0,0,0,0,0
amh_train_track_b_02260,የፌድራል ተቋማት ልብ እንዲሉልኝ ግልባጭ ይህን ትዊት አድርሻቸዋለሁ ድንገት ብሰወር ወይም ድምፄ ቢጠፋ ተጠያቂው ይህ ግለሰብና አንጃዎቹ ናቸው,0,2,0,0,1,0
amh_train_track_b_02261,አይሁድ ይሁዲ እንኳን አለም ህዝብ ለክርስቶስ እንኳን አልጠቀመም ህዝቡ እርጉም ነው ልክ እንደኛ ይፈረድበታል በመፅዓት ዘመን የክርስቶስ የተስፋዩቱ የቃልኪዳኒቱ አገር ቅድስት እየሩሳሌም እስራኤል ትቀጥላለች አይሁድ እስራኤላውያን መቼ ነው የናተ ይመጣል የምትሉት የሞተላቹሁን ክዳችሁ የተስቀለውን አጭበርባሪ ብላችሁ የዘበታቹሁት ፍቅሩ ያልገባቹሁ እስካሁን እና የናንተ ትክክለኛው የምትሉት ለኔ ደሞ ትክክለኛው አጭበሪባሪ ለናንተ እውነተኛው ለኔ ደ,0,2,0,0,0,0
amh_train_track_b_02262,ለስራ ያላት ፍላጎት ደስ ይላል ቴሌግራም ቁጥሯን ልትልክልኝ ትችላለህ ፋቃደኛ ከሆነች ማስታወቂያ መስራት ከፈለገች,0,0,0,2,0,0
amh_train_track_b_02263,እኔም የገረመኝ ይሄ ነው በአጭሩ እሷም እሱም አንድ ናቸው የበፊቱ ባሏ ቢቀርብ እና ማንነቷን ቢናገር ጥሩ ነበር,0,0,0,0,0,1
amh_train_track_b_02264,በምድር ለሰው ልጆች ሁሉ ሰላም ይሁን ጎራ ለይታችሁ ድል ለከሌ ድል ለከሌ የምትሉ ሰዎች መጀመሪያ እንደሰው ማሰብ ብትጀምሩ መልካም ነው እየሞተ ያለው ክብር የሰው ልጅ ነው ። ሁለቱ ሀገራ ት ሰላም ያውርድላቸው ጸሎቴ ይሄ ነው🙏🙏🙏 ሰላም ለሰው ልጆች ሁሉ,0,0,1,0,0,0
amh_train_track_b_02265,የሚገርም ድንቁርና ለነጮች እንደፈለጉ ስቀራመቱ  ለእኛ አፍሪካዊያ ሲባል ወደብ ለጋራ መጠቀም  ይንጨረጭረናል  አይ ያፍሪካ መሪዎች ትገርማላቹሁ,0,1,1,0,0,0
amh_train_track_b_02266,ወአለይኩም አሰላም ወራህመቱሊህ ሰልፍ መውጣት ለንፁሃኑ ያመጣው ለውጥ የለም ለማይደነግጥ ሰው ጥላቻንና አንባገነንነትን ይበልጥ ማባባስ ነው እንጂ አላህን ፈርተን የኡለማዎችን መልዕክት ሰምተን በዱዓ በአካል ባንችል በንፁህ ልባችን ከጎናቸው እንቁም የጠላትንም ልብ የፈጠረው ጌታችን አላህ ሱብሃነወተዓላህ ነው የተጨነቀችን ልብ ድምፅ የሚሰማው ከወለደችን እናታች በእጥፍ የሚያዝነው ጌታችን በሰልፍ በፉከራ እና በጩኸት ሳይሆን በተሰበረች ልብ ወደ,0,0,0,0,0,0
amh_train_track_b_02267,ምንም ላይመጣ ይህ ምስኪን ሕዝብ አንከራትቱት! ይህ ሁሉ ግፍ ግን የወያኔ መልካም ሥራ እንደ ክፉ ተቆጥሮ ጦርነትና እልቂት አስከትሎ ይሄው ሀገሪቱ ወደ ማትወጣው አዘቅት ውስጥ ከተታችኋት!ዕውነት በዚች አገር ብትኖር ኖሮ የዚህ ሁሉ ችግር አምጪና ፈጣሪዎች የአማራ ሙሁራንና ፖለቲከኞች ነን ባዮች፣የአማራ አክቲቢስቶች፣የአማራ አርቲስቶች፣በየቦታው ያላችሁ የአማራ ጋዜጠኞች በምትነዙት መርዛም ቃላት ሕዝቡን አነሳስታችሁ ወደማይወጣው መዓት ስለከተታች,1,0,1,0,0,0
amh_train_track_b_02268,አንተንማ አይደለም መምታት መግደል ነው ያለበት 😁😁😁,0,2,0,0,0,0
amh_train_track_b_02269,የቡሾፍቱ ጠንቋይንና ክምር አቃጣይ ሽፍታን መማፀን እስቲ ምን ይሉታል?,1,1,0,0,0,0
amh_train_track_b_02270,የአውሮፓ ኅብረት ፓርላማ በሙስና የተጠረጠሩ አባላቱን ያለመከሰስ መብት ሊያነሳ ነው,0,0,0,0,0,0
amh_train_track_b_02271,ወደፍት የኔ ልጅ ኢትዮጵያ ሲሳይ እግዚኣብሔር ይባርክህ,0,0,0,2,0,0
amh_train_track_b_02272,ከዚህ በፊትስ የሚያቆማት ሀይል ኖሮ ነው!? ስሜታዊ አንሁን እግዚአብሔር አምላካችን ስለ ቅዱሳኑ ብሎ የመከራውን ቀን ያሳጥርልን!,0,0,2,0,0,0
amh_train_track_b_02273,የሕንዱ ጠቅላይ ሚኒስትር ለባቡር አደጋው ምክንያት የሆኑ ከባድ ቅጣት ይጠብቃቸዋል አሉ,0,0,0,0,0,0
amh_train_track_b_02274,አንቺ ደንቆሮ ሀሳቡን ብትሰሚው ምንአለ መብቱነው መንም ሰው የፈለገው ሀይማኖት መከተል ይቺላል ማንም የማንንንም ሀዮማኖት ማንቋሸሽና ማሳነስ አይችልም አንቺ ደደደብ,1,2,0,0,0,0
amh_train_track_b_02275,መብትሽ ነዉ ሚኒሊክ 2 ማምለክ ግን ኤርትራና ጅቡቲን የሸጠ ደንቆሮ ሰዉ ለምን እንደምታደንቂ አልገባኝም።,0,2,0,0,0,0
amh_train_track_b_02276,ከሲኖዶስ ሃሳብ ላይ መጨመርም መቀነስም የለብንም ። እኛ ውሳኔ ከሲኖዶስ ብቻ ነው ምንጠብቀው። የተዋህዶ ልጅ ስሜታዊ ሳይሆን የአባቶቹን ትዕዛዝ ሚሰማ ነው።,0,0,0,0,0,0
amh_train_track_b_02277,የግርግር ወቅት የሚጠቅመው ለቂመኛ ፓሊሶች ነው። በሰላማዊ ጊዜ የከሰስከው ፓሊስ የፀጥታ ስጋት አለ በተባለ ቁጥር ሁሌም በመንደር ስውሮች ሊያስነክስ ያዘምትብሃል። አንድን ፓሊሶ ከ4,1,1,0,0,0,0
amh_train_track_b_02278,እፍፍፍ በጣም ያሳዝናል 😭😭😭💔💔💔,0,0,3,0,0,0
amh_train_track_b_02279,ጀዋር አሁን ያለበት የፖለቲካ ብስለትና አመለካከት አገር የሚያድን ሕክምና ነውአገር የሚመሩ መሪዎች ከወታደራዊ ተቋም ከሆነ ሥነ ልቦናቸው የአሸናፊት ስለሆነ ግጭቶቾን በሠላም መፍታት ይልቅ በኀይል መደፍጥ ይመርጣሉ  በማንኛውም ወገን የተሠለፈ ፖለቲከኛ የጦር መሣሪያ አስታጥቆ ወደ እልቂት የሚልካቸው ኀይሎች ስለሚደርስባቸው ጉዳት ወይም ስለሚያስከትሉት ጥፋት ምንም ስሜት አይሰጣቸውም  ምከንያታቸውም ሥነ ልቦናቸው የአሸናፊነት ስለሆነ ብቻ  ጀዋ,1,0,0,0,0,0
amh_train_track_b_02280,በጥሎሽ ምክንያት የትዳር አጋር ማግኘት ያልቻለችው ወጣት የጀመረችው ዘመቻ,0,0,0,0,0,0
amh_train_track_b_02281,የወለኔ ህዝብ ስቃይ የሚያስደሰሰታቹ በሙሉ ዋጋቹን ታገኛላቹ።,2,0,0,0,0,0
amh_train_track_b_02282,ጉራጌ ክልልን ባልዲ ውስጥ አትፈልጉት ተቦክቶ፣ ተጋግሮ ተበልቷል። ከሰውነታችንም ተዋህዷል፤ ተስማምቷል። ድንገት ልትፈልጉኝ ቤት ከመጣቹሁ ሊጥ ውስጥ አትፈልጉኝ በሚ,0,1,0,0,0,0
amh_train_track_b_02283,አብይ አህመድ በኢዲ አሚን ዳዳ አምሳል የተፈጠረ ግብዝ ግለሰብ ነው አሟሟቱ ግን በጣም ዘግናኝና አስቀያሚ ይሆናል,0,2,0,0,0,0
amh_train_track_b_02284,አፈረስኩ ብሎ ተዝናንቶ የነበረ የሚደነግጠው ዘግይተህ አለመፍረስህን ስታሳየው ነው! በዚህም ስሜታዊ እርምጃ ይወስዳል! ብዙ ትልልቆች ትልቅ የሆኑት ብዙ አፍርሰው ነው። 120ሚ መሆናች,1,0,0,0,0,0
amh_train_track_b_02285,የሀገሪቱ የስነ ልቦና ቀውስ በራሱ በውሃ የሚድን ነው? Romedan Kereem ብለናል በዛው,0,0,0,1,0,0
amh_train_track_b_02286,ከሁለት ያጣ ላለመሆን የምታደርገውን ጥረት ሳላደንቅ አላልፍም እሷማ አንተን እንኳን block ልታደርግህ በቅጡስ መች ተቆጣችህ ምክንያት ራሷ ሰጥታ ፀጥ አለች ?,0,0,0,2,0,0
amh_train_track_b_02287,እንዴት አይነት መከራ ነው ? 10 ሚሊዮንም ከፍለው እቤታቸው ድረስ ሳይላክላቸው ጭራሽ እጅ ነስተው ተቀበሉ፣ ያውም ከደራሲው ሳይሆን ከእንደራሴው,0,0,1,0,0,0
amh_train_track_b_02288,ስላገኘሁሽ ሳይሆን ስላገኘሁህ ደስ ብሎኛል በላት የአንዞ እንባ ሌለቅስ አልሞከረውም ኪኪኪ,0,1,0,0,0,0
amh_train_track_b_02289,እውነት ኤርምያስ ምን ሆኖ ነው።,0,0,0,0,0,0
amh_train_track_b_02290,ይችላል። የሚገርም ልጅ። ?,0,0,0,1,0,1
amh_train_track_b_02291,እነ ልደቱ እነ ሃብታሙ ሜዲካል ኢመርጀንሲን ጨዋታ አርገውብን ልባችን መደንገጥ አቁሟል። ልደቱ ልቤ ሊፈርጥ ነው ብሎ በ Ethio 360 ኢመርጀንሲ ሩም ተከሰተ፣ ጀ,0,1,0,0,0,0
amh_train_track_b_02292,ደርሳችሁ ለምን ተንጓጠጠ እያላችሁ የድጋፍ ሳይሆን ራሽናል ለመምሰል የምታደርጉትን ጥረት ሳላደንቅ አላልፍም ። እስክንድር ነጋን አስታውሱ ። What goes around comes around,0,0,0,1,0,0
amh_train_track_b_02293,በአማራ ክልል በኦርሞ ልዩ ዞን አጣዬ ከትማ የኦሮምች ከተማ በመሆኖ በአሸባሪው ፍኖ የ አማራ ታጣቂ ከተመዎ እይወደምች ነው የፍኖን አሸባሪ ሀይል እንዴት መንግስት ስረአት ማሲይዝ አ,0,1,0,0,0,0
amh_train_track_b_02294,መጀመሪያ ኢትዮጵያ አሁን አንድ ነች ወይ? ሃገር ውስጥ ያለው ችግር ሰው ወጥቶ በሰላም የማይገባበት ሀገር ሆነን ግድያው መፈናቀሉ ወዘተ የኑሮ ውድነቱ ሌላ ጦርነት የማስተናገድ አቅም ጰአለ ወይ?,1,0,0,0,1,0
amh_train_track_b_02295,ምርጥ ተተተኪ የለለለሽ ደንቆሮ እኮ ነሽ ሮቶ አፍ,0,2,0,0,0,0
amh_train_track_b_02296,ዛሬስ ምን ተፈጠረ በዚህ ፊልም ተሳቀቅኩኮ,0,0,0,0,1,0
amh_train_track_b_02297,ምልክት እና የሰው ስም መውቅ እንድሁም መጥራት ብቻ ሆኗል እንጂ የእዚአብሔር ቀል ጌዜ የለውም ስለዚህ ከንቱ በሆኑ ነገሮች መቀለድ ወዘተ. ሌለውንም መለት ይቸለል...,0,0,0,0,0,0
amh_train_track_b_02298,እ ስ ክ ን ድ ር  ምን አለ የጎደለው ምንስ አለ ያጣው አደባባይ ወጥቶ ተሟጋች ያረገው አልኩኝ እኔ አስቤ ይሄ ሰው ምንድን ነው አያገባው ገብቶ አይሆኑ የሚሆነው ይህ የጅል አሳቤ እኔኑ አሳቀኝ በእሱ ሰውነት ውስጥ የኔ ሲቀልጥ ታየኝ እሱማ ሰውዬው የሰው ልክ ከፍታ ፍትህ ከሀገር ጠፍቶ ሰዉ ሲንገላታ ለምን ብሎ የቆመ ከራሱ ደስታ የሌላው ቢያመው ነው እረፍት ቢያጣ ፋታ ለብዕር መሳሪያው ሳይመርጥለት ቦታ እዚህም እዚያ ያተመው የወገን መከታ,1,0,0,0,0,0
amh_train_track_b_02299,ሀገር በእርስ በርስ ጦርነት ላይ ወድቃ ህዝብ ተፈናቅሎና ተርቦ ኑሮ ውድነቱ ከአቅም በላይ ሆኖ ስራ አጥነት ተስፋፍቶ ኢኮኖሚው አፈር በልቶ ዲፕሎማሲያችን ውርደት ላይ ወድቆ ሀገራችን በውጭው አለም መሳቄያ ሆና ፖርኮች ቤተመንግስት የሚገነባ የጦር መሳሬያ በሌለን ገንዘብ የሚሸምት ወረዳ ብልግና የተባለ የወንበዴ ስብስብና ወፈፌ መሪው አብይ አህመድ ሀገራችንን መጫወቻ ሲያረጎት እያየ የሚያጨበጭብ ሆዳም ወይም መሀይም ተለጣፊዎች ማየትያሳዝናል ትላ,1,1,1,0,0,0
amh_train_track_b_02300,ራሳቸውን ቢያጠፉ ያልሽውን ግን ከልብ ሳላደንቅ አላልፍም።,0,0,0,1,0,0
amh_train_track_b_02301,አቤቱ የሆነብንን አስብ አምላከ እስራኤል ይፍረድ  አብይ ተዋህዶን ና ቤተክርስቲያን የማጥፋት ዘመቻ ቀጥሎበታል ፍርድን ከእግዚአብሔር ይቀበላል ይሄ አረመኔ መድኃኔዓለም ከምድረ ገፅ ያጥፋው,1,1,1,0,0,0
amh_train_track_b_02302,በእግዚአብሔር ያማል ያማል ያማል። ፈጣሪ ለትልቅ ደረጃ ያብቃሽ የኔ ውድ እህት።,0,0,3,0,0,0
amh_train_track_b_02303,በስመአም ትክክል ስንት አይነት ሰው አለ መሰለሽ Eya Yu ግን የሚገርም እይታ ነው,0,0,0,1,0,2
amh_train_track_b_02304,እግዛብሔር ያክብርክ አማላጅ እንደሆነች ለሀለም ሁሉ መስክር,0,0,0,2,0,0
amh_train_track_b_02305,እግዚአብሔር ትዕግሥተኛ ኃይሉም ታላቅ ነው በደለኛውንም ንጹሕ ነህ አይልም እግዚአብሔር በወጀብና በዐውሎ ነፋስ ውስጥ መንገድ አለው ደመናም የእግሩ ትቢያ ነው።ባሕሩንም ይገሥጻታል,0,0,0,0,0,0
amh_train_track_b_02306,ቅዱሥ ሚካኤል ሠላሙን ያምጣልን በቃ ይበለን የንፁሃን ሞት በቃ ይበለን የዛሬው ሚካኤል በመሃላቸው ይግባ ለምን እምባ በአይኔ ሞላ  ለኛ የማይቻለን ሁሉ ላንተ ይቻላልና ተመልከተን አምላክ ሆይ እባክህ አድነን አድነን አድነን ሠላምን ላክልን  ኢትዮጵያ ለዘላለም ትኑር በልጆቿ ተከብራ,0,0,2,0,0,0
amh_train_track_b_02307,ዝም ብለህ ኣትቀደድ ከቻልክ እውቀትን ፈልጋት ካልሆነ ህዝብን ለማታለል በሚደረግ ተረት ተረት ይቅር አሰብን ኢትዮ ራሶ ኣንደ ኣገር መቀጠሎዎ ያጠራጥራል ኤርትራ ድንበሮ ያለቀው በ1890 ዎቹ ነው ከ 40 ዓመታት በሆላ ጣሊይን ኢትዮ ስትወር በ1936 ኤርትራን ኢትዮን ሶምሊያን ኣዋህዳ በ 6 ግዛቶች ከፍላ ኣስተዳድራለቸ እናም ኤርትራን ትግራይን ኣፋርን ጨምራ ኤርትራ ብላ ለ 5 ዓመታት ኣስተዳድራለች እንግሊዝ ጣሊያንን ክ ኤርትራ ኢትዮ ሶ,1,0,0,0,0,0
amh_train_track_b_02308,አላህሆይ! እኔ ደካማ ባርያህ ነኝና ብወድህ የሚገርም አይደለም። የነገስታት ንጉስ የጌቶች ሁሉ ጌታ ኾነህ እኔን መውደድህ እሱ ግን ይገርማል። አቡ የዚድ አል በስጧሚ,0,0,0,2,0,0
amh_train_track_b_02309,ፈጣሪ ጨምሮ ፍቅር ይስጥህ የዚህ ሁ ሉ መሠረቱ ፍቅር ነው ሥንት አይነት ወንድ አለ በየቤቱ የአንተን ቀና ልቡ ይሥጣቸው,0,0,0,2,0,0
amh_train_track_b_02310,ሰላምን ትሠራዋለህ እንጂ ስለወደድከው ብቻ በራሱ አይመጣምና መጀመሪያ ራስህን ለሰላም ዝግጁ አድርግና በሆነና ባልሆነ ነገር ስሜታዊ ላላመሆን ወስን !,0,0,0,0,0,0
amh_train_track_b_02311,ከሰይጣን ሰላምና ፍቅር አይገኝም። ዛሬ ለፍትህ ፋርድ ቤት መቅረብ ያለባቸው ሰዎች በአደባባይ እየተሸላለሙ ነው።,2,0,0,0,0,0
amh_train_track_b_02312,ከሀቁ በላይ የሳምሶን የሚገርም ሰብዕና,0,0,0,1,0,1
amh_train_track_b_02313,ፉኖ ጦርነት ላይ ነው ድልበድልም ሁናል,0,0,0,2,0,0
amh_train_track_b_02314,በቁም የሞተ ሀብታሙ ሺምልስ ነብሳቹን አይማር,0,2,0,0,0,0
amh_train_track_b_02315,አረ ምን መዋጋት ያስፈልጋል ተዋግተን ያተረፍነው እልቂት ስደት መከራ ቂም ጥላቻ ነው ያ መንገድ ስላላዋጣን ሌላ የፍቅር የሰላም የመከባበር የሥራ ጎዳናውን እን,1,0,1,0,0,0
amh_train_track_b_02316,ሠላም ላ ሀገራቺን የስፋን ያ ህዳሴ ግድባቺንን አናስነካም ጠላት የትም ያክል ብንደፋደፍ እኛ ባ ህዳሴ ግድባቺንን እንጠብቃዋለን ግብፀ ምንም ያክል ብታወራ እጂ አሰጥም እኛ ሃባሾች ነን Ethiopian ነን  Ethiopia ላ ዘላለም ትኑር ልጆቹዋን ይጣብቂላት,0,0,0,1,0,0
amh_train_track_b_02317,እነዚህ ጋዜጠኞች የሲሳይ አጌና እና የነ ሀብታሙ አያሌውን የቀደመው አይነት ፍጥጫ እየገቡ ነው  አማኑኤል የመንግስት እንባ ጠባቂ ነው ሊግባቡ አይችሉም  በቀጣይ ይለያያሉ,0,1,0,0,0,0
amh_train_track_b_02318,እኔ በበኩሌ ከፍለው ነው ያስግረዙኝ ምክሩን ግን ሳላደንቅ አላልፍም,0,0,0,1,0,0
amh_train_track_b_02319,እግዚአብሔር ለኢትዮጵያ አንተን ሰጣት እንባዋ ታበሰ ክብሯ ተመለሰ ጨለማው በራላት መልኳም ተመለሰ ቁስሏ ደረቀላት ጠባሳም አልያዘ የት ነበርክ እሳካሁን ልጄ አክባሪዬ አኮራኸኝ እኮ ኑርልኝ አብዬ  Love You Man May God Bless You Your Family,0,0,0,2,0,0
amh_train_track_b_02320,እጅግ በጣም የሚመሰገኑ በጣም ትልቅ ማህደር ናቸውም መቸም የሚገርም ዋውው ካሳ ገብሬ በጣም መልካም ሰው አጎቴን ከስርቤት ያወጡት በሳቸው ሀላፊነት ቀላል አደለም ለኛ ለቤተሰቦቹ እድሜና ጤና እመኛለሁ ዶር አስማማው,0,0,0,2,0,1
amh_train_track_b_02321,የቅርብ ቤተሰብ የለውም??? ኧረ እየባሰበት እኮ ነው፤ መታከም የማይችልበት ደረጃ ሳይደርስ ቢታይ ጥሩ ነው።,0,0,1,0,0,0
amh_train_track_b_02322,አያወግዙም ደደብ ያንተ ብቻ ናቸው የሞቱት ደሞ ለአረብ ምን ስለሆኑ,1,2,0,0,0,0
amh_train_track_b_02323,እኔም እንዳንተ ያንገበግበኛል፣ ግሪድ ተሸካሚና የባቡር ሃዲድ ኬብል፣ የመንገድ የብረት አጥር ሌቦች እስከ ሞት የሚያደርስ ቅጣት ይገባቸዋል፣ ከዚህ የባሰ የሞራል ዝቀት የለም።,2,0,0,0,0,0
amh_train_track_b_02324,አይ የኢትዮጵያ ፖለቲካ በረሀብ የተጠቃ መንጋ ሰብስበህ አነሳስተሄ ክቡር የሰው ልጅን ያስጨፈጨፈ ጀግና ታዋቂ የሚሆንበት ገንዘብ በቀላል ንገድ የሚታፈስበት ነው እንዲህ አይነት አውሬ ሰዎች ታዋቂ ና አዋቂ ናቸው ኢትዮጵያ አውት ኦፍ ኦሮሚያ  ይሄ የደንቆሮ እሳቤ ታዋቂ ያደርጋል,1,1,0,0,0,0
amh_train_track_b_02325,የደስ ደስ ዛሬ ደስ የሚል ትልቅ ችግር ፈቺ ሃሳብ በኢንጂነሩ በኩል አመጣሽልንተባረኪ,0,0,0,2,0,0
amh_train_track_b_02326,በጣም የሚገርም ነው ።አንተ የምትለው ሌላ ሬድዋን የሚለውሌላ,1,0,0,0,0,1
amh_train_track_b_02327,ከተገኘው ተጨባጭ ጥቅም ባሻገር የሚነር የሚታይ ነገር መኖሩ ትልቅ ነገር ነው በጦርነት ለሚያምሱን ሁሉ,0,0,0,1,0,0
amh_train_track_b_02328,በሙያቸው ጀግና ብዬ የማስባቸውን ሰዎች ቀርቤ የመተዋወቅ ፍርሃት አለብኝ። በቃ ያው ሰው አይደሉ? ድንገት ቀርቤ ተዋውቄያቸው የሆነ እንከን ማየትም መስማትም አልፈልግም ስለእነርሱ፤ እ,0,0,0,0,2,0
amh_train_track_b_02329,ሴት ነኝ ? እኔ ጋ ፈራ ተባ የለም ትዊቶቼን ተመልከት።,0,0,0,1,0,0
amh_train_track_b_02330,Sintayehu Tilahun ጥላቻ እንዲህ ያስቃዣል አይደል? የአንድ ትልቅ ህዝብ ባንድራ ላይ ገለፃ ማድረግ ስራ መፍታት ነዉ ?,1,0,0,0,0,0
amh_train_track_b_02331,መጭው ጊዜ አስፈሪ የሚሆነው ቁጭ ብለን ከጠበቅነው ነው ! !ከአሁን በኃላ ፅሁፎች ሁሉ ማተኮር ያለባቸው እየመጣ ያለውን አደጋ በማሳወቁ ላይ ብቻ ሳይሆን በምን,0,0,0,0,1,0
amh_train_track_b_02332,ልጅን በሞት ማጣት ትልቁ ሀዘን ነው ፈጣሪ መፅናናቱን ይስጣችሁ,0,0,3,0,0,0
amh_train_track_b_02333,የትነው ያለው እሄ ሚዲያ ከላይ የሚጽፋው ሽብር ፈጣሪ ነው ሀገር ተቀምጦ ነው እንዲህ የሚቀበጥረው ይገርመል,1,0,0,0,0,1
amh_train_track_b_02334,ያሳዝናል አባተን በ ደንብ አውቀዋለሁ ትሁት መልካም አዛኝ ለጋደኞቹ ለሚያውቃቸው ከፊት የምገኝ ተደብቆ የምረዳ ልዮ ሰው ነበር ያሳዝናል በጥይት አባተ ለጥይት ያልተፈጠረ እራሱን ዝቅ አርጎ ሌሎችን ከፍ የምያደርግ የመልካምነት ተምሳሌት የሌሎችን መጎዳት የምይወድ ያሳዝናል በጥይት ወዳጆቹ እግዚአብሔር ያግዛችሁ,0,0,3,0,0,0
amh_train_track_b_02335,በጣም የሚገርመው በየስብሰባቸው ላይ ፕሮፌሰር ወይንም ዶክተር ተብለው መጥተው ይሄንኑ ሀሳብ ሳስተላልፉ መስማት እጅግ በጣም ያማል !,0,0,2,0,0,0
amh_train_track_b_02336,በህዝብ መካከል ልዩነት ለመፍጠር የምናደርገው ግብ ግብ ለማንወጣው አዘቅጥ እንዳይዳርገን እፈራለሁ። የሚገርም ነገር ዛሬ ደግሞ የጤፍ አጀንዳ ይዛችሁ መጣችሁ።የክልልህን ህዝብ መመገ,0,0,0,0,2,0
amh_train_track_b_02337,አልተገናኝቶም አለ ህዝቡ የሚፈልገው መንገድ ነው እየተራበ እተጠማ መንገድ ምን ይሰራለታል መንገዱን ሊበላው ነው በንሮ ውድነት እየተሰቃየ መንገድ ሰራሁልህ ማለት ንቀት አይሆንም ህዝብን መናቅ ለህዝብ ያለማሰብ ነው,2,0,0,0,0,0
amh_train_track_b_02338,ጠሚ አብይ አህመድ የወሰዳቸውን ድፍረት የተሞላባቸው እርምጃዎች በዚህ አጋጣሚ ሳላደንቅ ባልፍ ንፉግነት ነው የሚሆነው፣ ይህንኑ መግለፅ እፈልጋለው። አቶ ጌታቸው ረዳ (የትግራይ ክ,0,0,0,2,0,0
amh_train_track_b_02339,በእንደዚህ አይነት የኑሮ መስተጋብር ዉስጥ ሰዉ የሚወደዉንና ዋጋ የከፈለለትን ማንነት ትቶ ሌላ ከነመፈጠሩ ግድ ከማይለዉ ሰዉ ጋር የፍቅር እሽኮለሌ ለመጫወት መወሰኑ የሚገርም እዉነታ ነዉ፡፡,0,0,1,0,0,1
amh_train_track_b_02340,ኢትዮጵያ እንደ ጥንታዊቷ እስራኤል ፈተና እና መከራ በሁሉም አቅጣጫ የበዛባት ነች እውነትም ሀገሬ ሀገረ እግዚአብሔር ነች ጠላቶቿ ተነስተው ቢያስጨንቋትም ይጠፋሉ ቢዘርፏትም ሳይበሉት ይሞታሉ እሷ ግን ለዘላለም ትኖራለች,0,0,0,1,0,0
amh_train_track_b_02341,እረ አቤሎ ስለኛ እስብ ዝም ብለህ የውጩን ተወው,0,0,0,0,0,0
amh_train_track_b_02342,ጥቁር ብለው ደሞ ከፈጣሪ ጋር እኛን ማጋጨት 😔😔😔🙁🙁🙁,1,0,0,0,0,0
amh_train_track_b_02343,ፕራንክ ብሎ ግን ልብን መስበር ምን ይሉታል?! ምንድን ነው የሚያስተምረው እንዲህ አይነት ሥራ?! ነጮቹ የሚደሰቱበት ነገር ሁሉ ስላለቀባቸው ሊሆን ይችላል?! ስንት የሚያሳቅቅቅ ነገር ባለባት ሀገር ውስጥ እጃችን ላይ ያሉ ንጹሀንንን በዚህ መልኩ ለአንድ ደቂቃም ቢሆን መስበር ልክ አይደለም ፡፡፡,1,0,1,0,0,0
amh_train_track_b_02344,በአማራ፣ በኦሮሚያ እና በቤኒሻንጉል ክልሎች በጥቅምት እና በኅዳር በርካታ ሰዎች መገደላቸውን ኢሰመኮ አስታወቀ,0,0,1,0,0,0
amh_train_track_b_02345,ኡፍ በጣም ያማል እግዚአብሔር አምላክ ያሳለፍሽውን መካራ የምትረሽበት ዘመን ያድርግልሽ የኔ እህት አይዞሽ በጣም ጠንካራ ነሽ እንባዬን መቆጣጠር አልቻልኩም ኡፍፍፍ 😭😭😭,0,0,3,0,0,0
amh_train_track_b_02346,በንጹሃን ሞት የማይፈልጉት አገራት ወራሪው እስራኤል በጋዛ የሚኖሩ ፍልስጤማውያን ላይ እየፈጸመች ያለው ነገር ማውገዝ ይኖርባቸዋል,1,0,0,0,0,0
amh_train_track_b_02347,እዚህ አገር ያሉት ክርስቲያኖች ለሙስሊም ከፍተኛ ጥላቻ ስላላቸው ኢስራኤልን ይደግፋሉ ፍልስጤም ውስጥ ስላላሉት ክርስትያኖች እና ስለሚፈርሰው ቤተ ክርስቲያኖች እንኳን ግድ የላቸውም ከእምነታቸው በላይ ጥላቻው ስለሚያሸንፋቸው,1,1,0,0,0,0
amh_train_track_b_02348,ይሄ ሰውየ ልክ እንደ ጓደኛው አብይ ጭንቅላቱ ጨቅላ ነው የኢትዮጵያችን ነገር በጣም ያሳዝናል ወፈፌ ፖለቲከኛና ወፈፌ ጋዜጠኛ,0,1,2,0,0,0
amh_train_track_b_02349,ሽኽ ኣቢይ ኣሕመድ ዕሊ ስንት ኢትዮጲያውያን በሳኡዲ አስር ቤት አየተሰቓዩ አያለ መሬት ለአርሻ አሰጣቹኣለሁ ብሎ ይቐደዳል ጎበዞች ጥሩ ስራ ነው,0,1,0,0,0,0
amh_train_track_b_02350,ጉልቻ ቢቀያየር ወጥ አያጣፍጥም መለስ በአብይ ቢቀያየሩ የባንዳ ብወዛ እንጂ ለኢትዮጵያና ለሕዝባቸው የሚጠቅም ምንም ነገር የለም። እህዴድና ወያኔ ሁልጊዜም የኢትዮጵያ ጠላት እንጂ,0,1,0,0,0,0
amh_train_track_b_02351,መጀመሪያም የደም ነጋዴዎች አጀንዳ ነው ተሸንፈዋል! ምንም ደስ የሚል ዜና እንድንሰማ አይፈልጉም ግን መቼም አያሸንፉም! ደሞ ሌላ አጀንዳ ይዘው ይመጣሉ!,0,1,0,0,0,0
amh_train_track_b_02352,ለኛ እኮ የሚገርም እረፍት ነው ?,0,0,0,1,0,1
amh_train_track_b_02353,ይህንን ጥንብ ሰም ይዘህ ሰዉ ትሳደባለህ አዳነች ፈተናዋን ተፈትና በወርቅ አልፋለች ኮንዶሚኒየም እንደዳቦ አድላለች አንበሳ አቶቢሰ እንደቆሎ አድላለች እንጀራ ለእንጀራ ፈላጊዎች ቀን አወጥታለች ተጦሪዎችን ጡራለች ቻይናዎችና አሜሪካኖች ለምነዉ ነበር ሜየር የሚያረጎታ እቺ ሴትዬ በአንድ ሺህ አመት አንዴ የምትመጣ ናት ቡዳ አማሮች ሀገር ተፈጥራ ተዋረደች ምን ታርግህ ከዚህ በላይ ሲርብህ አበላችህ ሲበርድህ አለበሰችህ ቤትህን አደሰችልህ ምን ትፈ,1,2,0,0,0,0
amh_train_track_b_02354,እነዚህ ከርሶች ናቸው እያስበሉን ያሉት እነዚህ ከውስጥ ያሉት ሆዳሞች! ሌላው ወራሪ ቅዘናም እየመጣ ትጥቁን ያስረክባል ድሮ ከአንበሶቹ ጋር ሊገጥም እንደማይች,1,3,0,0,0,0
amh_train_track_b_02355,የተከበሩ አዲስ አበባ ላይ ይህ መፈፀሙን አላውቅም ነበር እንዳይሉ። በላይ ዘለቀ ትምህርት ቤት፤ታደሰ ብሩ በሚል መቀየሩን። ይህ ከተረኝነትም የከፋ ድርጊት,1,0,0,0,0,0
amh_train_track_b_02356,በጣም አስቀያሚ ፊልም የፊልሙ አስቀያሚ ጉሩሩ በሰው ድካም የምትገባ የማትረባ ናት ጉልፈን መጨረሻ ያዛዝናልአይገባትም ነበር,0,1,1,0,0,0
amh_train_track_b_02357,ድሮስ ከካፊር ምን ይጠበቃል እንኳን ቃል ማጠፍ ስንቱን ግፍ እየሰሩ,2,0,0,0,0,0
amh_train_track_b_02358,ለአንድ ወገን ወግነህ የኢትዮዽያ አዳኝ አፍራሽ መቁጠር የሚገርም ነው። Ermias go a head!,1,0,0,0,0,1
amh_train_track_b_02359,የአየርላንድ መንግሥት ጣቢያ በ5 ሺህ ዩሮ ነጠላ ጫማ በመግዛት ገንዘብ አባክኗል ተብሎ ተወቀሰ,0,0,0,0,0,0
amh_train_track_b_02360,ኧረ እኛም ምግብ እንሰራለን ፍቅር ብቻ አይደለም ! ለማንኛውም መልካም ባአል,0,0,0,2,0,0
amh_train_track_b_02361,ይሄ መከዳትሽ ልብሽን በውሸት እንደሰበረው አንቺም የሚያም ፔን ያለው ፕራንክ እሺ ቆንጆ ሲኦል አድርሶ የሚመልስ ቀምሪለት ደሞ በጣም ታምራላቹ❤❤❤,0,0,0,1,0,0
amh_train_track_b_02362,ሀበሻዊት አያሳዝኑኝማ ማለት አይደለም ጦርነት ሲጀምሩ ሁሉንም ነገር አምኖ መቀበል ግድ ይላን ሲቀጥል እነሱ የተጣሉት በቦታ ሁኖ ሳለ የኛወቹ ሙስሉሞች ባሀይማኖት ትገባላችሁ የእስራኤል ህፃናት ነፋስ አይደለም እነሱ ለስልጣናቸውና ለቦታ ነው የሚጣሉት እናተ ዝብላችሁ ድል ለፍሊስጢን ምናምን ስትሉ እየገረማችሁኝ ነው ድምፅ መሆን ከፈለጋችሁ ሀገሪችን ሰው እደበገ እየታረደ አደል እኔ ደሞ ድል ለእስሪኤል ያልኩት ስለገረማችሁኝጅ አይመለከተኝም,1,0,0,0,0,0
amh_train_track_b_02363,እንዳይመስልህ ገበሬ ሰላም አግኝቶ በዘመናዊ እርሻ ካልተተካ እረኃብ ይበለኃል በአለም ላይ የሰለጠኑት አገራት ታሪክ አንብበህ ተረዳ ቅድሚያ ለገበሬ ከዛ በኃላ ለገበሬው ምርት ማቅረቢያ መጋዘን ቢሮ ይሰራል ባርክ ለማንም ኢትዮጵያዊ አይጠቅምም ለአገርም አይጠቅምም የነጀርመን ገበሬ የሆላንድ ገበሬ የአሜሪካ ገበሬ እንዴት በአገሩ መንግስት እንደሚደገፉ ብታይ ትደነቃለህ የገበሬ መኖሪያ ቄዬ አሉ ከሚባሉት ኃብታሞች ይበልጣል ዘመኑ የቴክኒክኖሎጂ ነው,1,0,0,0,0,0
amh_train_track_b_02364,ያልመረረው የለም እዚች ሀገር ውስጥ። ሱዳን ዳቦ ላይ ጭማሪ ተደረገ ብሎ መንግስት ይጥላል የእኛ ህዝብ ምን እስኪሆን እንደሚጠብቅ እንጃ። የሚገርም ነው። መ,1,0,1,0,0,0
amh_train_track_b_02365,ብንያም ፓስተር ኣይደለም ኣጭብርባሪው ደንቆሮ የሞተ ሰው እንዴት ያልማልዳል,0,3,0,0,0,0
amh_train_track_b_02366,ከንግዲህ ለናንተ ጦርነት ድጋፍ የሚሰጥ የለም ! 001 አንቆርጥም! እናንተ ሰርተፍኬት ልትሰጣጡ የደሀው ልጅ አለቀ ! ያሰጋል ኢትዮጵያ እጅግ በ,1,0,1,0,0,0
amh_train_track_b_02367,የጥላቻ ንግግር በግለሰቦች ላይ ከፍተኛ ተጽዕኖ ያሳድራል ይህም ወደ ፍርሃት፣ ጭንቀት እና መገለል እንዲያመሩ ያደርጋል። የጥላቻ ንግግር የሚያስከትለውን ጉዳት በመገንዘብ በህብረተ,0,0,0,0,0,0
amh_train_track_b_02368,ሀገራችን ልዩነቶችን አምና ለመቀበል መራራ ትግል ቢጠይቃትም ዘመናት አልፋ ብዝሃነትን በተግባር ለማረጋገጥ የሚያስችል ረጅሙን ጉዞ ጀምራ ነበር፡፡ ጉዞው ብዙ ውጣ ውረድ የበዛበት ቢሆ,0,0,0,0,0,0
amh_train_track_b_02369,በጣም በጣም ያሳፍራል መንግስት ከ ህገወጦች ጋር,2,0,0,0,0,0
amh_train_track_b_02370,አሁንም ወደ ደም መፋሰሱና ወደ ማያባራ እልቂት ከመገባቱ በፊት የቤሄር ፖሎቲካ ህገመንግስቱ አንቀፅ39 መጀመሪያ ከነዲሪቶ ባንድራው መሰረዝ አለበት። መንግስት ሀገራችንን በሰላም በእኩ,1,1,0,0,0,0
amh_train_track_b_02371,ሰውነት ሴትነትና ጤናማ ማህበረሰብነት ላይ የተደቀነ አስፈሪ አደጋ ?,0,0,0,0,3,0
amh_train_track_b_02372,እነሱማ የጀግና ሠራዎት ደጋፍዎች ናቸው፡፡፡እናንቴም አላችሁ አይደለም የተራ ሽፍታ አፈቀላጠዎች,1,2,0,0,0,0
amh_train_track_b_02373,ሞርተኛ አማራ እየሞተም ይበዛል አንተ ግን ለአማራ ጠላት እየሆንክ እደሆንክ ተውቃለህ ለመከበር ማክበር አስፈላጌ ነው እንዳድ የኦሮልጆች ባለጌ ቢሆኑሞ የተከበረው የኦሮሞ ህዝብ ገላ ስትል ሼም የማይዝህ,1,1,0,0,0,0
amh_train_track_b_02374,የእውነት የመጨረሻ ጭካኔ ነው ፅናቱን ይስጣችሁ ትሰቀል ትስቀል ትሰቀል😭😭😭,0,0,2,0,0,0
amh_train_track_b_02375,? ድንገት አሁን ላይ ወደ አማራ የተጠቃለሉ ቦታዎች,0,0,0,0,0,1
amh_train_track_b_02376,የእምግሬሽን ችግር እየተቀረፈ ነው አሪፍ ነው ጥሩ ሲሰሩ ማበረታታት ደግሞ አስፈላጊ ነው,0,0,0,2,0,0
amh_train_track_b_02377,ጠላት ቅቤ እንዲ ቀባን አንጠብቅም ማድረግ ያለብን የዋና ዋናዎችን ዲካ አነፍንፎ ትምህርት መስጠት ጀሌዎችን ወደሠላም መመለስ,2,0,0,0,0,0
amh_train_track_b_02378,የለም ተኩስ ጅማ ገገማ ባንዳ ባንቺ ቤት ሽብር መፍጠርሽ ነው አቦስንትገገማ አለ,1,2,0,0,0,0
amh_train_track_b_02379,አምሃራ አድዋ ላይ አዝማሪ ነበረ ፤ ምኒልክ ዋሻ ውስጥ ፈርቶ ተደብቆ ነበረ የሚሉ ትምህርት ቀመስ ወዳጆቻችንን አብሬ ልስቅ እልና ድንገት የምራቸውን ቢሆንስ እንደዚህ ሚያስቡት ብዬ ይፀፅተኛል,0,1,0,0,0,0
amh_train_track_b_02380,አስፊቲ መልካሙ አባታችን ነብስህ ከደጋጎች ጎን ይሁን ያማል ኡፍፍ,0,0,3,0,0,0
amh_train_track_b_02381,ብሎክ እያደርግሽ ኑረሽ አገባሽው ተስፋ አለኝ እኔም ለብሎክ አንደኛ ነኝ😂🥰,0,0,0,0,0,0
amh_train_track_b_02382,የኢትዮጵያ ምሁራን የምትባሉ ታሪካቹን እወቁ የተረትተረት ታሪካቹ አቁሙ ኤርትራ በታሪካችን በደንብ የምናውቅ ነን ንጉሳቹ ሃይለስላሴ ክፉ መሪ ከእንግሊዝ ጋር ተስማምቶ ያለ አገሩ ወራሪ ነበሩ ኤርትራ መሬታ እንጅ ሰነዋሪዎቻ አያስፈልጉንም ያለ ሰው ነው በሃይል የተቀማች ወደ ባለቤትነታ ተመልሳለች,2,0,0,0,0,0
amh_train_track_b_02383,በህንድ ከባድ ዝናብ ባስከተለው ጎርፍ ቢያንስ 50 ሰዎች ሞቱ,0,0,1,0,0,0
amh_train_track_b_02384,አሽባሪው ሐማስ ሳይሆን እስራኤል ነች ህፃናትን መግደል ጅግና አያስብልም ኤርዶጋን ጅግና ነው ስለ ምዕራብያውን ማዕቀብ ካነሳህ ፍትሐዊ አይደለም ባንድ ወቅት እኛም ላይ ጥለውብን ነበር,2,0,0,0,0,0
amh_train_track_b_02385,ትናንትና ጉልፈም ስለጉሉሩ አባት በተናገረችው ነገር ልቤ ተሰብሮ ነበር ባገኘችውን አጋጣሚ ሁሉ ጉልፈም ጉሉሩን ከመጉዳት አትመለስም ነበር በቀል መጥፎ ብሆንም ጉሉሩ የታገሰችውን ያህል ነው የሚትበቀለው እናትና ልጅን አፋጠጠቻቸው ደሞ እንደምመስለኝ ከሆነ የጅሀን አባትና የጉልፈም አባት አንድ አይደሉም የምል ግምት አለኝ መልካም መፋጠጥ,0,0,0,0,0,0
amh_train_track_b_02386,ፍልስጤማውያን በጋዛ መቆየት መቻል አለባቸው ሲሉ ብሊንከን ተናገሩ,0,0,0,0,0,0
amh_train_track_b_02387,ለወጥ መኖሩ ጥሩ ነው ነገር ግን እባካችሁ ህዝብ ከሌለ አየር ሃይል መከላከያ ምን ያደርጋል የኢትዮጵያ ህዝብ 50 በኑሮ ውድነት እና በራህብ 30 በጦረነት ያውም እርስ በዕርስ 25 በስራ አጥነት እየተሰቃየ 5 በቅንጦት እየኖረ ነው እባካችሁ የህዝብ ልጅ ናችሁና ለኢትዮጵያ የእውነት ኑሩ ታሪክ የሚረሳው አይደለም ይህን ዘመን መልካም መስራት ይሻላል,1,0,2,0,0,0
amh_train_track_b_02388,የእናትም ጠላት አለ የማይታመን 😓😓😓😢😢😢,0,0,1,0,0,0
amh_train_track_b_02389,አላ የሱርም ሊል ፍሊስጤም ሞት ለአሜሪካ እና ለኢስራኤል,0,1,0,0,0,0
amh_train_track_b_02390,አገርህን የማትወድ ደንቆሮ ስለሆንክ አይገባህም ኢትዬጵያ ትቀጥል ዘንድ የአንተ አይነቶቹን ቂጣችሁን ገልበን እንገርፋለን,0,2,0,0,0,0
amh_train_track_b_02391,አቶ ጌታቸው ረዳ የጊዜያዊ መስተዳደራቸውን ካቢኔ ይፋ አደረጉ,0,0,0,0,0,0
amh_train_track_b_02392,ጋዜጠኛ በየትኛውም ኣለም ጦርነት : ድርቅ: መፈናቀል:የመሬት መንቀጥቀጥ:የጎርፍ ኣደጋ : የእሳት ኣደጋ ከተከሰተ በቦታው ሂዶ የደሰውን ጉዳት ዘግቦ ለመላው ኣለም ያሳውቃል።ጋዜጠኛ #ገነትኣየለ በጣም ዘረኛ ነሽ ለኣንድ ማሕበረሰብ የወገንሽ ነሽ ከቃለ መጠይቁ መረዳት ይቻላል።ለትግራይ ህዝብ እና ለወያነ ፍፁም ጥላቻና ፍራቻ ኣለሽ።በኢትዮጵያ ውስጥ የተካሄደው ደም ኣፋሳሽ ጦርነት ብዙ ጉዳት ያደረሰው በትግራይ ህዝብ እና በትግራይ ክልልል ነው።በ,1,2,0,0,0,0
amh_train_track_b_02393,በእውነት ይሄ ሁሉ አቀባበል ሰውየው መቼስ ወንጌልን ይዞ ስለመጣ ሳይሆን አሪፍ በትንቢት የመነገጃ የቢዝነስ ዘዴ ያልተበላባትን system ይዞ ስለመጣ መሆን አለበት አይደል ሚራክል የኔ የኳስ ተንባይ ሲቲ ይበላል በለህ ስትተነብይ የማታፍር እኔ ምለው ጌታን እንዴት ብትንቀው ነው ሲቲ ይበላል ብሎ ነገረኝ ብለህ የምታወራው ጌታን ማቃለል አይደብርም ተው ተው ተመለስ በንሰሀ,1,1,0,0,0,0
amh_train_track_b_02394,አንችን ብሎ ጥቃት ተከላካይ አብረሽ እንዳትጠፉ ምክንያቱም ግጭቱ ከሀማስ ጋ ቢቻ መስሎሽ !!!,1,1,0,0,0,0
amh_train_track_b_02395,ስጀምር ለእዚህ ስግብግብ ፖስተር ያለው ማነው ክክክ ቅጀት ነው ጌታን አማላጅ እየሱስ ብቻ ነው !,0,2,0,0,0,0
amh_train_track_b_02396,ጁንታ ልቅሶ በልቅሶ እርዱኝ እርዱኝ ስትል ምግበይ 3አርሚ ፈጅቶ ስሸሽ ወዲ ወረደ ባእባእባእ እያለ ግንኙነታቸው እንደ ሸርሙጣ ተጣምረዋል የሻብያ ሰራዊት ሰይጣን ነው ድንገት ወድቆና,0,2,0,0,0,0
amh_train_track_b_02397,በጣም ያሳዝናል ሁላችን እንሞታለን በዚህ በ21 ክፍለ ዘመን ወገንን መግደል የገዳይ ሂሊና እንዴት እረፍት ያገኛል ግን ባገራችን ገድለው ከበሮ የሚመታ,0,0,2,0,0,0
amh_train_track_b_02398,ከቤትዎ እና ከመሥሪያ ቤትዎ የሚወጣ በካይ ድምፅ ስሜትዎን እንደሚያጨፈግግ ያውቃሉ?,0,0,0,0,0,0
amh_train_track_b_02399,አይ ምድረ ደደደብ ከመጀመርያው መሸሸሸግያውን አሰናድቶ ጥሩ አገር የተቀመጠውን የአፍሪካ አንድ ቁጥር ደንቆሮ ንግግግር እንደምሳሌ ስትቆጥሪ አንተ ጠያቂዋ ደደደብ ነሽ ።,0,2,0,0,0,0
amh_train_track_b_02400,ክብርት ወሮ ዝናሽ ታያቸው ከሙሉቤተሰቦ ጋር መልካም የትንሳኤ በዓል ይሁንልዎ።,0,0,0,2,0,0
amh_train_track_b_02401,ወሬ ወሬ ወሬ ሰለቸን። እስከመቼ ድረስ ዝም ብሎ ሚሰከስ መሰለህ ይሄ ህዝብ። ተነቃቅተናል እኮ። አንቺም ቂጥመላሱን እስኪ ገታ አርጊው አንቺ ወደል አህያ ካድሬ,0,2,0,0,0,0
amh_train_track_b_02402,ፍቅረኛውን የገደለው አሜሪካዊ ታዳኝ ከኬንያ የፖሊስ ቁጥጥር ስር አመለጠ,0,0,0,0,0,0
amh_train_track_b_02403,ለወንድ ልጅ makeup አያስፈልገውም ክርስቲያን ከተባለው አመዳም አህያ ዘመድሽን በመልክም ፣ በአስተሳሰብ አስር እጅ ይበልጠዋል ።,0,2,0,0,0,0
amh_train_track_b_02404,ፖሊስ የፓሪስ 2024 ኦሊምፒክ አዘጋጆች ዋና መሥሪያ ቤት ላይ ደንገተኛ ብርበራ አካሄደ,0,0,0,0,0,0
amh_train_track_b_02405,አሁንም ይጨፍራል አንቺም ትጨፍሪ ዬለ እንዴ አደራሽ ውስጥ ያለው ነገር ሁሉ ስለዚህ ከንቱ አለም ብላ ጠጣ ተፈውሰሃል ቀንበርህ ተሰብሮልሃል የእናንተ ደግሞ የትኛው ነፃ አውጪ ግንባር እንደ ሆነ አላዉቅም አንዴ ነይና እውነተኛይቱን ቤተክርስቲያን ኦርቶዶክስ ተወህዶን ተመልከቺ ስለ ስጋሽ ሳይሆን ስለነብስሽ ሰላም ታገኚያለሽ🙏🙏🙏,0,0,0,0,0,0
amh_train_track_b_02406,መርት በስተመጨረሻ ደስተኛ ሆነ ተመስገን ነዉ ከፈተና ቡሀላ ደስታ አላ በሂወታችሁ ቡዙ ፈተና የተፈተናችሁ ተስፋ አትቁረጡ,0,0,0,1,0,0
amh_train_track_b_02407,ማስፈራራት መስሏችሁ ከሆነ ጥሩ ግዜው ሲደርስ ማየቱ ጥሩ ነው አንድ ሲኖዶስ አንድ ፖትርያርክ አንዲት ቤተ ክርስቲያን ወይ ሞት ነው,2,0,0,0,0,0
amh_train_track_b_02408,ክክ አይ ኬኒያ ዛሬም በባርነት የተገረፈችበትን አለጋ እኮ ቀሙዚየም በክብር አስቀምጣ የምትኩራራ ብቸኛ ሀገረ አፍሪካዊት እኮ ናት ማፈሪያ ደርሶ ዛሬ በኛ ላይ ይፎክራል የፖትላድ ህዝብ እኳን በዚ ንግግሩ እንደሚስቁበት አልጠራጠርም ድል ለኢትዮጵያችን ሞት ለጠላታችን,1,2,0,0,0,0
amh_train_track_b_02409,እስቲ እስከ ነገ አንድ challenge እናዘጋጅ ኦርቶዶክሳዊ ወጣት ሁሉ የትንሳኤውን አዳር ቤተክርስቲያን ያድርግ! እስቲ ይህቺ ውብ ቤተክርስቲያን ለትንሳኤው በማኅሌቷ ምንድነ,0,0,0,0,0,0
amh_train_track_b_02410,አይ የብልፅግና ደጋፊ ነውረኝነታችሁን የምታሳዩት እውነቱን የሚነግራችሁን በመሳደብ ነው በማጣጣል ነው በስድብ አገር አይመራም በውቀት ነው በምኞትም አይመራም አውነቱን መቀበል መሸነፍ መስሏችሁ የምትሄዱበት መንገዱ ሌላ ቀውስ እያዋለ ቀጥሏል ስለ እናንተ ለማውራት የግድ ታምር አያስፈልገውም ይችን አምስት አመት ማየት በቂ ነው ከበቂም በላይ,1,1,0,0,0,0
amh_train_track_b_02411,የማላዊው ምክትል ፕሬዝዳንት በሙስና ምክንያት ለእስር ተዳረጉ,0,0,0,0,0,0
amh_train_track_b_02412,Hahaha 😂 ምስኪን መልካም የንግድ ስራ ወይአች አለም,0,0,0,0,0,1
amh_train_track_b_02413,ህንዳዊቷ ተዋናይት ስጋ ስትበላ የምትታይበት ፊልም ከቀናት ቆይታ በኋላ ከኔትፍሊክስ ወረደ,0,0,0,0,0,0
amh_train_track_b_02414,ምን ግችግር አለው ብሎ ጥያቄ አለ እንዴ ትእዛዙ እኮ ከእግዚአብሄር ነው አትብሉ ከተባልን እንበላም መብላት የፈለገ ደግሞ ያ የራሱ ምርጫ ነው እንዳሳማ ያገኘውን መብላት ይችላል,1,0,0,0,0,0
amh_train_track_b_02415,በጣም ያሳዝናል የኔ እናት አይዞሽ 💔😭😭😭,0,0,3,0,0,0
amh_train_track_b_02416,አይዞህ ጭንቀት ብለህ አታስብ ጥንክር ብለህ ያገኘህውን ስራ መስራት እራስህን ቢዚ ማድረግ ጎደኛ ያዝ ብዙውን የሚያስጨንቁትንያስረሳሃል,0,0,0,0,0,0
amh_train_track_b_02417,እንደ አምላክ አብይን ካላመለክን ያለ ህዝብ ነው ዋጋውን ያገኘው ይሄ መሪ ሸይጣን ይመስል ደም ካላዬ አገር ሚመራ ማይመስለው ገዳይ መሪ ነው ያስፈራል,0,2,0,0,0,0
amh_train_track_b_02418,በጣም ባለጌ ነህ አተ ብሎ አገልጋይ,1,2,0,0,0,0
amh_train_track_b_02419,ጥሩ ነጥቦችን አንስቷል  ፈራ እያለ ነው የሚናገረው  ምን ያድርግ ቢናገር ያው እስር ቤት ነው,0,0,0,1,0,0
amh_train_track_b_02420,በስተ እርጅና ሸበቶ ፀጉርህን ቀለም እየቀባህ ውሸት ማውራት አቁም እያለቁ ያሉት አማራ ልዩ ሀይል የደሀ ልጆች ናቸው በሞታቸው አትቀልድ😢😢😢,1,1,0,0,0,0
amh_train_track_b_02421,የዓለም 14ኛውን ትልቅ አልማዝ ያገኙት ቆፋሪዎች ሕይወታቸው ምን መሰለ?,0,0,0,0,0,0
amh_train_track_b_02422,ሶማሊያ ኢትዮጵያን ማዋረድ እና መበቀል ከፈለገች ይህን አጋጣሚ መቸም አታገኘውም አማራ ጥርሱን እየፋቀ ድብድቡን በዳኝነት ይመራዋል,0,1,0,0,0,0
amh_train_track_b_02423,ቲ ያም አለ ይህ የህፃናቱን ሞት አላስቆመም ኣገለሌ መጣ እንትና ሄደ አትበሉብኝ,1,0,1,0,0,0
amh_train_track_b_02424,TPLF ሁለተኛ በኤርትራ ላይ ትንኮሳ እንዳይፈፅምና ቅሬታም ካለው የውጭ ግንኙነት የፌደራል መንግስት ስለሆነ በፌዴራል መንግስት በኩል ብቻ የኤርትራንም የኢትዮጵያንም ሉዓላዊነት ባከበረ መልኩ እንዲሆን እና ህወሃት ሁለተኛ ለኤርትራ ስጋት እንዳይሆን ሲደረግ,0,0,0,0,0,0
amh_train_track_b_02425,እንደ ሆስፒታል እውቅና ሲያንሰን ነው ያው ዶር አንተ የምታውቀው ስለሆነ እዚህ ላይ ማብራሪያ አልሰጥም ግን በተሸላሚዎች ምርጫ ላይ ቅሬታ ነበር ለምሳሌ ሁሉም ሰው ያነ,0,0,1,0,0,0
amh_train_track_b_02426,ከማፈቅረው ሰው ጋር ታርቄ ደስ ብሎኛል ይዝለቅ አይዝለቅ ባላውቅም,0,0,0,2,0,0
amh_train_track_b_02427,ምከሩት ! ስሜታዊ ሆኖ ከመናገር ይቆጠብ ላም ባልዋለበት ኩበት ፍለጋ አባቱን ፋኖ አልገደለውም ከቪትሰ ወጥቶ ወደ ሌላ መኪና ሲወርድ በስናይፐር የገደለው የኦነግ ሰራዊት ነው። ወን,0,1,0,0,0,0
amh_train_track_b_02428,ድል ለፋልስጤሞች ሽፈትና ዉርደት ለአይሁዶች ያማል በተቀደሰች ምድር ላይ የጨምላቆችን ባዲራ ማየት አላህ ሆይ የሉጥን ህዝቦች ያሰመጥህ ገታየዘመናችን ፊርአዉን አይሁዶችንም አጥፋልን,0,2,1,0,0,0
amh_train_track_b_02429,በአለም ላይ እንደ ነፃነት መጥፎ የለም ። ነፃነት ለባሪነት፣ለጥፋትና አመፅ ይጋብዛል። የነፃነት ገመድ ማጠር አለበት ።,1,0,0,0,0,0
amh_train_track_b_02430,ፖለቲካ ፖርቲዎች እንደ አብን ፣ ሚድያዎችም እንደ EMS በውስጡ እንደ ሱራፌል አይነቶቹ ህዝቡ እንዲበረግግ ፣ ቀውስ እንዲጨማምሩ ይናገራሉ፡፡ እነሱም ለዘብ ሊሉና,1,1,0,0,0,0
amh_train_track_b_02431,የኢትዮጵያ ከብሪክስ ተጠቃሚነት እና ኪሳራ በምጣኔ ኃብት ባለሙያዎች ሲመዘን,0,0,0,0,0,0
amh_train_track_b_02432,ሁለት እበት አንድ አይነት ???,0,2,0,0,0,0
amh_train_track_b_02433,እስቲ የኢትዮ 360ን አንድ ውሸት ተናገር ? የኢቲቪ የፋና የኦኤምኤን የዋልታን ያንተንም ድምፀ ወያኔ አንድ እውነት ተናገር ? ጥላቻ ብቻ,0,2,0,0,0,0
amh_train_track_b_02434,ጁቡቲ መደንገጥ የለባትም እንደ ጎበዝ ነጋዴ ዜዴ መፍጠር ነው ያለባት 1 ያም ዜዴ ታጁራ ወደብን ኢትዮጵያ እንዲትጠቀምበት በነፃ መልቀቅና ከኢትዮጵያ ጋር ግኑኝነትን ማጥበቅ 2 የወደብ ኪራይ ዋጋ መቀነስ ናቸው ብልጥ ልጅ እያለቀስ ይበላል እንደመሉ አንጀቷ እያረረም በዚህ ሁኔታ መቀጠል ነው ያለባት አማረጭ የላትም ህይወቷ ከኢትዮጵያ የተሳሰረ በመሆኑ  የጁቡቲም ሆነ የኤርትራ ወደቦች ኢትዮጵያ ካልተጠቀመች ጠቀሜታቸው እምብዛም በመሆናቸው,0,0,0,0,0,0
amh_train_track_b_02435,ሰማዕታት የዚችን ዓለም ጣዕም በእውነት ናቁ፤ ደማቸውን ስለ እግዚአብሔር አፈሰሱ፤ ስለ መንግሥተ ሰማያት መራራ ሞትን ታገሱ፡፡ የኅሙስ ውዳሴ ማርያም,0,0,0,0,0,0
amh_train_track_b_02436,ይብላኝ ለዚህ ደንቆሮ ግም አፋችሁ ከፍታችሁ ለምትሰሙት የፓርላማው አባላት ታሳዝኑኛላችሁ,0,3,1,0,0,0
amh_train_track_b_02437,የድህረአሰቃቂ ጭንቀት ችግርን ለማስወገድ በትግራይ ውስጥ ጾታዊ ጥቃት የደረሰባቸውን ሴቶች በውይይት ቴራፒ ክፍለ ጊዜዎች መደገፍ አለብን።,0,0,1,0,0,0
amh_train_track_b_02438,የሰማዩም የመሬቱም ባለቤት አላህ አለላቸው የሰው ልጅ ደካማ ነው ንፁህ ውሃ አንቆት የሚሞት ለሞት የተፈጠረ ነው ጉልበተኞች በዳዮች በየትኛውኝ ታሪክ መጨረሻቸው ጥፋት ነው ጠፍተውም በጥሩ አይነሱም ከፈጣሪ ዘንድም እጅግ ከባድ ቅጣት ይጠብቃቸዋል ሩቅ አይደለም በቅርብ ይጠፋሉ,1,0,1,0,0,0
amh_train_track_b_02439,ትልቋ ፀጉርሽ ይዘገንናል ቭድዮውን ባንቺ ፀጉር የተነሳ ጨርሼ ማየት አቅቶኝ ወጥቻለው,0,2,0,0,0,0
amh_train_track_b_02440,ይሄ የመንግሥት ሌላኛው ቀሽም ድራማ ነው አቶ ታዬ እንደሚታሰር እያወቀ ይሄን ሁሉ መረጃ ቤቱ ውስጥ ያጠራቅማል ማለት የተመልካቾችን የማስተዋል ችሎታ መናቅ ነው ዐቢይ አህመድ ከኦሮሞ ህዝብ ጋር መተማመን ያቆመው ከሀጫሉ ሞት ወዲህ ነው ከዚያም ጀዋርን ለማስገደል ሙከራ ያደረገ ጊዜ ነው አሁን ደግሞ ጭራሽ የነበረችውን ትንሽ ተስፋ አጨለመው ከአማራ ህዝብ ጋር ተቆራርጦ ከኦሮሞ ህዝብ ጋር ተቆራርጦ እና ሌሎችም በጥርጣሬ እያዩት ምን ያህል ጊዜ ስ,2,0,0,0,0,0
amh_train_track_b_02441,ማረጥን የተለመከቱ ሰባት የተዛቡ አመለካከቶች,0,0,0,0,0,0
amh_train_track_b_02442,ይሄ ዮናስ የሚባል መርዝ ምናባቱ ነው የሚዘላብደውበሱ ቤት መከፋፈሉ ነውምሬ ዝናቡ ምናምን ይላል መከራ ይዝነብብህ ዮናስ ቦርኮ እሺ እስክንድርን አጣጣልክ እነ ዘሜን እነ ሻለቃን ወዘተ ለምን ስማቸውን መጥራት ፈራህ እኔ ልመልስልህ ሁሉም ከእስክንድር ጋር አንድ ስለሆኑ ነው ማንም አትይሰማህእርኩስ,1,2,0,0,0,0
amh_train_track_b_02443,አይ ዘንድሮ ዝሙት እየሰሩም ሰው ቢደርስበቻ ፕራንክ ነው ማለት ይጀምራል ክክክ,0,1,1,0,0,0
amh_train_track_b_02444,አባቶቻችን አለባብሳችሁ እያረሳችሁ በአረም ትመለሳላችሁ እስኪ ስለሚሳደዱት ስለሚፈናቀሉት ስለሚያለቅሱት ምእመናንም ይሰማችሁ እና እነዚህን ዘረኛ ዱርዬዎችም አብራችሁ አውግዙልን,2,0,1,0,0,0
amh_train_track_b_02445,እጅግ ደስ ይላል ይሄ ሁሉ መከራ ሰፊ ሀገር ሳለን በመጥበባችን እና የኔና ያንተ የሚለው የጽንፈኞች ሀጢያት ነው,1,0,1,1,0,0
amh_train_track_b_02446,የሁለቱን ህዝቦች ፍቅር ያቆይልን,0,0,0,2,0,0
amh_train_track_b_02447,እፍፍይች አለም ላንዱ ስቃይ አዚዜ ና ጀብዴት የአላህ ሰላም በአለም ላይ የሰው ዘር በሙሉ ኢትዮጵያዬን ሰላምም እንዴት ያስፈራል,0,0,1,0,1,0
amh_train_track_b_02448,በዚህ ሁሉ መከራ እያለፈች አመስጋኝ መሆኗ የኔ ጠንካራ መጨረሻሽን ያሳምረዉ,0,0,1,2,0,0
amh_train_track_b_02449,የናንተ ስነልቦና የሚገርም ነው፣ አስተሳሰባችሁ ከዚህ ህፃን እንኳን የሚሻል አለመሆኑን ሳይ የኢትዮጵያ በእንዲህ አይነት ግኡዝ ፍጥረት እየተመራ የት ሊደርስ እንደሚችል ሳስብ አዝናለሁ። ዘረኞች,1,0,3,0,0,0
amh_train_track_b_02450,ዉይይይት መልካም ነዉ ። ምንም ክፈት የለውም።,0,0,0,1,0,0
amh_train_track_b_02451,የኢትዮጵያ ህዝብ ግፍና ስቃይ ሲበዛበት ሁሌም አንድ ምላሽ አለው። ግፈኛው ላይ ተቀናቃኝ ሲነሳበት አሳልፎት ይሰጠዋል። ግፈኛው ላይ ተቀናቃኝ እስኪነሳበት አድፍጦ ስለሚጠብቅ፣ ግፈኛው,0,0,1,0,0,0
amh_train_track_b_02452,ሰርሜት በጣም ነዉ የሚወደ ምርጥ ሰዉ,0,0,0,1,0,0
amh_train_track_b_02453,ግን የቤት ክራይ የምከፍለው አጣው ብላ ነበር ከዛ ደሞ ስምንት ሺ ይዤነው የወጣውት አለች አንዳንድ የምታወራው ነገር ይቃረናል ይቅርታ ግን ብቻ ፈጣሪ ይወቀው እውነቱን እግዚኦ ነው የምንሰማው ሁሉ ይዘገንናል ወዴት እየሔድን ነው ግን አረረረ ኡኡኡ,0,0,2,0,0,0
amh_train_track_b_02454,ኢሄ ፕራንክ ሚባል ነገር ቅጥ አጣ አሁንስ,1,1,0,0,0,0
amh_train_track_b_02455,አካል ጉዳተኞች በዐይናቸው መጫወት የሚችሉት አዲሱ የሙዚቃ መሣሪያ,0,0,0,0,0,0
amh_train_track_b_02456,የጌቴ አልበም እኮ ባንዴ አትወደውም የሚገርም experiment ነው እንዲሁ ለጆሮህ ምቾት ከሆነ ላይመችህ ይችላል ከልብህ ቦታ ሰጥተህ የግጥሙን ጥልቀት እ,0,0,0,1,0,0
amh_train_track_b_02457,AmharaGenocide በእውነት ግን ህሌና ቢሶች የህሊና ፀሎት ሲያደርጉ ከማየት በላይ የሚገርም ነገር አለ?,0,1,0,0,0,1
amh_train_track_b_02458,በትግራይ በምግብ እጥረት 13 ህጻናት ሞተዋል- አይደር ሆስፒታል,0,0,1,0,0,0
amh_train_track_b_02459,እናንተ የምድር ነጃሳ ሰው መሳይ አውሬዎች ምነው ሂትለር እንደጀመረው ከምድረ ገፅ አጥፍቷችሁ ቢሆን እናንተ የተረገማችሁ እስራኤላውያን አይደለም እየረገጣችሁ እየጨቆናችሁ እየገደላችሁ ሃገራቸውን የወረራችሁባቸው ፍልስጤማውያን ቀርቶ በአካል ባገኛችሁ የሂትለርን ጅምር ስራ እኔ አጠናቅቅቅለት ነበር ግን ጠብቁ እናንት አሸባሪዎች አሜሪካንንን ተማምናችሁ አትቀሩም የአላህ በላ በእናንተ ላይ ይወርዳል !,1,2,0,0,0,0
amh_train_track_b_02460,ምመስተዳደሩ ደረጃዉን የጠበቀ ንግግር ነወ ያደረጉት በመቀጠል ቢሮ ቁጭ ብሎ ከጫካዉ ሀይል የበለጠ ሽብር የሚያቀነባብሩ ተደራጅተዉ ነዉ,1,0,0,0,0,0
amh_train_track_b_02461,ይሄ አረመኔ ነፍሰበላ የጨፈጨፈዉን ኢትዮጵያዊ ጉድ እንዳታወጪ ነዉ የከለከለሽ፡ ወደደደም ጠላ ታፍኖ መጥቶ ፍርድ ያገኛል ።,1,2,0,0,0,0
amh_train_track_b_02462,መቼም ዜጋ ለዜጋ ሲበላላ ማየት እጅግ ያስከፋል እንጂ ለውጭ ወራሪ ኢትዮጵያውያን መቼም ተንበርክከው አያውቁም፣ ወደፊትም አይንበረከኩም።,0,0,2,0,0,0
amh_train_track_b_02463,ህይወት ውበት ፍቅር ትዝታና ተስፋ በsunset ውስጥ ጎልተው ይታያሉ ሁሉን ፈጣሪ ይመስገን,0,0,0,2,0,0
amh_train_track_b_02464,እርግጠኛ ሁን እንደምት ሞት ወዳንተ የተወረወረ ቀስት ነዉ ቀስቱ ተለቋል ነገር ግን እድሜህ ቀስቱ አንተጋ እስኪደርስ የሚጓዘዉን ያህል ብቻ ነው ?,0,0,0,0,0,0
amh_train_track_b_02465,የትግራይ ተገንጣይ ቡድን እስካለ ድረስ የኢትዮጵያ መከራ ይቀጥላል በአልጀርሱ ስምምነት ኤ ርትራ መሬቷን ይዛለች ከወሎ እና ከጎንደር የተዘረፈ ህዝብና መሬት ተመልሷል አከተመ,1,1,0,0,0,0
amh_train_track_b_02466,ጋሽ አለሙ የናንተ አመራር ለኦሮሞ ህዝብ አይጠቂምም ወያኔ የሰራዉን ግፍ አትድገሙ ነው እየተባለ ያለው በቃ ይሄው ነው,2,0,0,0,0,0
amh_train_track_b_02467,ኣይ አለምህነ ዋሴ ከልጅ ነቴ ጀምሮ አንተን ሳዳምጥ ነዉ ያደኩት ስለእስራኤል ስትናገር በጣም አደንቅ ነበር አሁንላይ ጌን በጥንቃቄ ስመለከተዉ ሞራል የሌለዉ ሰዉ እድሆክ ተርዳዉ ምክንያቱም ዘገባዉን ስትሠራ የፊልስጣምን ስቃያቸውን አትርዳም እነስላይየደርሠዉ ምንም ቢሆን እንኮን አንተ ለመስማት አትፈልግም በጣም ያሳዝናል ለማንኛውም ኢትዮጵያዊ ሞራል ይኑርህ,0,1,1,0,0,0
amh_train_track_b_02468,ምነው ግን የአብቹን ፎቶ ስንት ወርቅ ወርቅ ፎቶ እያለው ይሄንን አደረጋችሁ በጣም ያሳዝናል  የዚያ የክፉው መለስ እንኳን ያደረጋችሁት እየሳቀ ያለውን ነው ይህ ክፋትና ቅናት ይባላል እናንተ ዝቅ ብታደርጉት እንኳን አብቹን እግዚአብሔር ከፍፍ አድርጎታል ገና የአለምን ከፍታ ያስረግጠዋል ፈጣሪው ይሄ ሁሉ ድንቅ የስራ ውጤት የድንቁ መሪያችን ነውና,0,0,1,1,0,0
amh_train_track_b_02469,እንደ ኦሮሚያ መንግስት ስሜታዊ መንግስት አለ? በአንድ ሰው አምባገነንነት እንደሚመራ ከውሳኔዎቹ አልጠራጠርም,1,2,0,0,0,0
amh_train_track_b_02470,ግንባሩን ንቀሱት አጋዩት ሸኙት አበቃ የማንም ንፍጣም ጭንጋፍ ኩታራ መጫወቻ መሆን ይብቃ ነጭ ሽብር ይፋፋም አብዮት ይቀጣጠል ስር ነቀል ለውጥ የሽግግር መንግስት ማቋቋም አስፈላጊ ነው,1,2,0,0,0,0
amh_train_track_b_02471,ካሳለፍናቸው 5 ዓመታት ውስጥ ለመጀመሪያ ጊዜ በማድነቅ ስሜት እየደጋገምኩ አይቻለሁ ራሴን የታዘብኩበት ገጠመኜ ግን የሚገርም ነው ሁለቱን ዝግጅቶች እያየሁ በየመካከሉ አስብ የነበረው አይ ራይድ ይዤ በመዞር ማየት አለብኝ ካላየሁ ሚዲያን በምኑ አምነዋለሁብዬ ሳስብ ነው ታላቅ እይታህን የሚመሰክር ድንቅ ሥራ ነው ታዲያ ከዚህ ዕውቀትህና እይታህ በትንሹም ቢሆን ለዜጎች ሠላም ፍቅር መቀራረብ አንዲሁም ለባንዲራና ለምጣኔ ሀብት ዕድገት ድርሻ ቢኖረው,0,0,0,2,0,0
amh_train_track_b_02472,ሞት ለእስራኤል ሞትለአሜሪካ ሞትለተባበሩት መንግስታት ሞትለሃያላንመንግስታቶች ፍልስጤም አቅምጨየሌላት በድንጋይ የምትዋጋ ሀገርናት እስራኤል የእስልምና ጠላት የሆኑ ሀያላን አሜሪካን ጨምሮ በከባድየጦርመሳሪያ ድጋፍበመስጠትየፍልስጤንንን ግዛትእንድትዘርፍአና እንድትቆጣጠር ያበለፀጓት ሀገርሰትሆ እንኳንየደካማዋ ፍልስጤምግዛትመዝረፍ መላው የአረቡ ግዛት የበላይ ሆናእንድትቆጣጠርና እንድታስተዳድር ቋምጠው ከጎኗ መቆማቸው በግልጥ ያሳያል ይህም ካላቸውየ,2,2,0,0,0,0
amh_train_track_b_02473,መጨረሻ ጦርነት ያበቃ ወታደሩ ያልቃል ንጉስ ይታረቃል 🤔😭,0,0,0,0,0,0
amh_train_track_b_02474,የሚገርም ነው መመኝት ተፈጥሮዊ ነው ሰይጣናዊ ምኝት ግን ይዞህ ይጠፋል ሁሉተኛው ተደጋፍዎች ከማጥፋት ምናምን ደጋፊው ሄደን መተን ኤርትራን መጠቅለል ለመሆኑ ሓሞቱ አለህ ደሞስ ማን ደገፈ መረጃ መረጃ ማስረጃስ አለህ ትንተናችሁ ሁሉ ማሓረቤን ኣያችሁ ወይ የልጆች እንጭጭ ጨወታ ነው እንደ ኤርትራዊ የ ኢትዮጵያ ጥሩ ነገር እመኝ ነበር አሁን ግን ካገሬ የሚበልጥ የለም እና ኢትዮጵያ ብትፈርስ ግን አይኖረኝም እስከ መች አሁንም መወያየት በሁሉ,1,1,0,0,0,1
amh_train_track_b_02475,(የማርቆስ ወንጌል 13፥337) ?ጊዜው መቼ እንዲሆን አታውቁምና ተጠንቀቁ፤ ትጉ፤ ጸልዩም። ድንገት መጥቶ ተኝታችሁ እንዳያገኛችሁ ስለዚህ ትጉ።ለእናንተም የምነግራችሁ ለሁሉ እላለሁ፤ ትጉ,0,0,0,0,0,0
amh_train_track_b_02476,የውስን በለ ስልጠናትና የሙሰኞች ጦርነት የፈጠረው እል^ቅት !!! አላህ ለቤተሰቻው መጽናነትን ይስጠቻው ። በዚሁ ተመሰሳይ በእና ዲየቆን ሀብታሙ አየለው በለው  በይነት የእና ፋኖ እናቶች ይሄንንን ቀን ማክበረቻው አይቀርም ።,0,0,2,0,0,0
amh_train_track_b_02477,ሀሳባችሁ ጥሩ ነበር ስንት የተፈናቀለ በረሃብ የሚሰቃይ ሀገር ያለባት ሀገር ባትሆን ኢትዮጵያ! ሰው ተፈናቅሎ በረሃብ እየተጏዳ ነው! ምነው ቅድሚያ ለሚሰጠው ቅድ,0,0,2,0,0,0
amh_train_track_b_02478,ቆቦ ላይ እየሆነ ያለው ህዋሃት ካደረገው የከፋ እየሆነ ነው ያለው ። የሚገረመው ባለፉት ሁለት አመታት መከላከያን አብልተው አጠጥተው ከሌለ ቤታቸው ተንከባክበው ደጀን ህዝብ ሁነውለት,0,0,2,0,0,0
amh_train_track_b_02479,የሁቲ አማጺያን በአሜሪካና አጋሮቿ የመጨረሻ ማስጠንቀቂያ ተሰጣቸው,0,0,0,0,0,0
amh_train_track_b_02480,የአሁኑኑ አባባልህ ጥሩ ነበር ግን በአንድ ራስ ማለት ምላስ ሇነክኝ,0,0,0,0,0,0
amh_train_track_b_02481,ለምን ስሜታዊ እንሆናለን ዝም በላቸው እንዳመጣጣቸው አባቶቻችን ይመልሳሉ ።,0,0,0,0,0,0
amh_train_track_b_02482,ሁል ጊዜ ኔጌቲቭ መሆን አይስለችም ኑሮ ውድነት የትም ቦታ ነው አደጉ የሚባልበት አገር እንኳን ችግር አለ ሁሉ ነገር ተውዷል ይሄ ኑሮ ውድነት ይበልጥ እንድንስራ ያሰገደናልበርተን ከስራን ድህነትን ታሪክ እናደርጋለን መተቸት ቀላል ነው የሚስራን ስው ማንቋሸሽ ያሳዝናል መስራት ያስከብራል ከማውራት በስራ እንቀየር ጥላቻ የአይምሮ በሽታ ነው,1,0,1,0,0,0
amh_train_track_b_02483,አርህ ብትቀመጥ ሰላም ይሻለናል ጦርነት ለውያኔም አልጠቀመ የሚስኪኑ እናት ልጅ አለቀ እጂ ቁረጠው ፍለጠው አይሰራም በከላከያ እኮ ነው የሀገር ጠባቂ እስከአፍጫው,1,0,1,0,0,0
amh_train_track_b_02484,እስከዛሬ አለመታሰሩ ራሱ የሚገርም ነው።,0,0,0,0,0,1
amh_train_track_b_02485,Yeab Sera ይህ ከሲኦል አምልጦ ወደ ምድር የተላከ የጋኔል ዲቃላ የሚመስል ከንቱ,0,3,0,0,0,0
amh_train_track_b_02486,ይሄ ክርስቲያን ታደለ የሚሉት የእስልምና አሸባሪ ዶክተር አብይ አህመድን ስልጣን ልቀቅ ብለው ፓርላማ ላይ ጥያቄ ሲያቀርብለት እሱ ከለቀቀ ማን የሱን ቦታ,0,2,0,0,0,0
amh_train_track_b_02487,በህይወት ዘመናቹህ መቼም የማታፍሩበት አንድ ሃቅ ልንገራቹህ በኦሮሞ ነፃነት ግንባር ተፈፀመ የተባለው ኢሰብኣዊና አሳዛኝ ድርጊት የተፈፅመው በፋኖ (በአማራ ሸኔ ነው) (100 እርግጠኛ ሁኑ),0,1,0,0,0,0
amh_train_track_b_02488,Abeyu Getachewአንድና ሀለት ሰው ለይተህ ከማታውቅ ደንቆሮ ጋር ሀሳብ ማወራት የለብኝም ጀዝባ ዘረኛ ነገር ነህ,1,3,0,0,0,0
amh_train_track_b_02489,ከጊዜ ወደ ጊዜ ለህዝቡ የሚሰጠው ቦታ የሚያስተዛዝብ ነው። ገንዘብ ተከፍሎ ለሚገኝ አገልግሎት ይሄ ሁሉ bad service የሚገርም ነው።,0,0,1,0,0,1
amh_train_track_b_02490,በሆነ ባልሆነ በጊዜውም አለጊዜውም አታለቃቅስ! ኢትዮጵያ ስላልክ የሴራ ፖለቲካ መጫወቻ መሆን አለብህ ማለት አይደለም! ህገ መንግሥቱን አቅፈህ፣ ክልል ሳታፈርስ,2,1,0,0,0,0
amh_train_track_b_02491,አዳነች አቤቤ ከአማራ ክልል ወደ አዲስ አበባ የሚመጡ ዜጎች ለስልጣናችን አደጋና ስጋት ናቸው ማለቷ አግራሞትን እየፈጠረ ነው።አማራውም ምርቱም እንዳይገባ ያደ,0,0,0,0,0,1
amh_train_track_b_02492,ሸርሙጣ ምናባሽ ነው በነፃ የሚሰጥሽ አንድ አግብተሽ አትቀመጭም,0,2,0,0,0,0
amh_train_track_b_02493,ያሳሰበን ነገር ይሄ ነበር በጣም ያሳዝናል አደራ በሏቸው የመልሱት,0,0,2,0,0,0
amh_train_track_b_02494,ጀዋር በፍጠርክ ጌታ በአላህ ይሁንብክ አገራችንን ኢትዮጵያን እንድትርጋጋ የናንተ ተፃኖ ያስፍልጋታል አገራችንን ሁሉንም ተውና ይቺን አገር አርጋጉልን ሞት አለ አትርሱ አላህ ፊት መቆም መጠየቅ አለ አላህ ለሰጣቹ አላፊነት ምላሻቹ ምንድነው በቃን በብኤር በአይማኖተ ተገደልን ብሎም ተሰደድን እስኪ እነሱ በከፍሉት መስዋህትነት ቀሪው ህዝብ በሰላም እንዲኖር የበኩላቹን አድርጉልን መንግስትን በሰላማዊ መንገድ በቃ በቃ በሉልን አላህ ለህዝቦቹ የሰጠው,0,0,1,0,0,0
amh_train_track_b_02495,ልዩ ሀይሉን ትጥቅ የሚያስፈታ ሀሳቡን ካለምንም ስጋት ለማስፈጸም አደለም እንዴ?,1,0,0,0,0,0
amh_train_track_b_02496,ቤሊንግሃም ግሪንዉድን ‘ደፋሪ’ ብሎ ተሳድቧል ከተባለ በኋላ ላ ሊጋ ምርመራ ጀመረ,0,0,0,0,0,0
amh_train_track_b_02497,የኢትዮጵያ ስጋት (ስጋት ከተባለ) እግዚአብሔርን የሚያውቅ የሚያመልክ የመሰለ ነገር ግን ጣኦት አምላኪ ሐይማኖተኛ ነው።,0,1,0,0,0,0
amh_train_track_b_02498,ማነሽ በስሜት እና በጩኸት ሚፈጠር ነገር አለ ብለሽ የምታምኚ ከሆነ ስሜታዊ ነሽ ማለት ነው።ሰሞኑን እንደ ባለፈው ሰሞን እያየሺው ያልፋል።,0,0,0,0,0,0
amh_train_track_b_02499,ከሌላ ጋር ልዩነት የፈጠርክበትን ጉዳይ ትክክል ነኝ ብለህ የምታምን እንኳን ወደ ግጭት ላለመግባት ፍላጎትህን ቀንሰህ በድርድር መፍታት ያዋጣል። ግጭት የማትጠብቀውን ውጤት ሊያመጣ ስለ,0,0,0,0,0,0
amh_train_track_b_02500,ይህ ከአንድ ጤና ከሆነ ገለሰብ በተለይበተለይ ታላቁዋን የጥቁር ህዝቦች ሁሉ ኩራት የሆንችውን ኢትዮጵያን በመምራት ላይ ካለ ግለሰብ የማይጠበቅ ውርደት ቅሌት አሳፋሪ ንግግር ነው እባካችሁ ወገኖች ሁሉ በጥሞና አጢኑት ንግግሩን ባገሪቱ ላይ አሁን በዚች ቅጽበት የሚሞቱትን ወጣቶች ስናስብ ከፊታቸሁ ቆሞ መንም እንዳልተፈጠረ እያካሄደ ያለውን ስናሰብ ሰወነቱ ሁሉ ማታለሉን ነው የሚያሳየው እግዚኦ አምላክ ያስጮሀል ሰው ሆነን እንዳልኖርን ነ,1,2,1,0,0,0
amh_train_track_b_02501,መላው ህዝባችን በጉጉት የሚጠብቀው ትልቅ ታሪካዊ ሒደት ከገባንበት ውስብስብ ችግር ተዝቆ ከማያልቅ መከራ የሚያወጣን ሒደት ነው  ፈጣሪ ይርዳን ኢትዮጵያ ትንሳኤዋን በናንተና በህዝባችን ብርቱ ጥረት ይረጋገጣል ወደ ቀልባችን እንመለስ ወደዚህች ምድር የመጣንበት አላማ እንወቅ ሀገራችን እንኳን ለኛ ለሌላውም ትተርፋለች,0,0,0,1,0,0
amh_train_track_b_02502,በቃ አሜሪካ ትዋጋላችኋለች አትጨነቁ እስራኤላዊያን ...!,0,0,0,0,0,0
amh_train_track_b_02503,ሀለውይን ነጮቹ ሲያከብሩ በጥቁር በቀይና በነጭ ነው ጥቁሩ ሞት ሰይጣንንን ሲኦል ቀዩ የሚገበርለት ደም ነጩ ሲኦል እስኪገባ እራሱን ማፅናኛ እነዚህም ከዛው የወሰዱት ነው እነሱ ኦሮሞ ናቸው ኦሮሞዋዊ የኢትዮጵያን ባንዲራ ለምን ለመስቀል ተከለከለ ለኢትዮጵያዊያን ኢትዮጵያዊ እግዚአብሔርን የሚያከብረው።በገዛ ሀገሩ እግዚአብሔር መንበር ተከለከለ በማዳጋስካራውያን።ደስ የሚለው ይሄንንን የውጭ የሰይጣን ባንዲራም ሆነ ህዝብ እርሱንም የምናየው ለ,1,0,0,0,0,0
amh_train_track_b_02504,ተረጋግ ⵑ የተረጋጋጋ ያረጋጋጋል የዛሬ ቤተ ክርስቲያንቱ ፈተና ስሜታዊ አገልግሎት ነው:::,0,0,0,0,0,0
amh_train_track_b_02505,ቀኝ ግዛት ሲባል ለነጭሆች ብቻ ይመስልሃል መሃይም ነህ በኢውነት ግብጽም ሱዳን ገዝታ መኖርዋን ኣታቅም ዩኒቨርስቲን ህግን ተምረኣልሁ ስትል ህግ ጣቹን ስትሆን ያሳዝናል ከመማርህ ይቅር ቸማና ብትሆን ይቻልህ ነበር ደክቶር ደጀን ይገርማል,0,1,1,0,0,0
amh_train_track_b_02506,ቲሽ።ሰሞኑን አንድ ወሳኝ ነገር እየጠበኩ ነበር እኮ!,1,0,0,0,0,0
amh_train_track_b_02507,ሁለት መንግስት ነዉ ያለዉ እያልህ የንፁሃን ደም አፈሰሳችሁ,1,0,1,0,0,0
amh_train_track_b_02508,ኣይይ ያጌሬ ኢትዮጲያ ነገር ኤረ መቸ ነው በዚች 4 ኪሎ የመገቡት መንግስታት እግዝኣብሔር የሰው ጭንቅላት የሚሰጣቾው  የተረገቡ ካለ ጦርነት ወረራ ሌላ ሀሳቦች የሌላቾው  ኢትዮጲያ ዘመኖች ጦርነት ኣድርጋለች ዘመኖች የጦር መሳርያ ገዝታለች ለምናለች በብድር ገዝታለች በዚ ባለፈው ጦርኖቶች ስንት ሚልዮን ሰዎች ኣስገድላለች  ኣሁን ገና ያልተማሩት እነ ብርሃኑ ጁላ ዶር ኣቢይ ገና ለዘመኖች በእርዳታ ህዝቡ እያስበሉ ኣሁንም ደግሞ 5 ተኛ ትውልድ,1,1,0,0,0,0
amh_train_track_b_02509,ያንተ እንደዚህ መንዘላዘል ግን ግርምት ነው። ሰው ናችሁ ብለን ተከትለናችሁ ነበር የሆነ ጊዜ።,1,1,0,0,0,0
amh_train_track_b_02510,ያሳዝናል ስርዓት አልበኝነቱ እዚህ ደረጃ ላይ ደርሷል የደካማ መሪ ውጤት ነው,0,1,2,0,0,0
amh_train_track_b_02511,ኦሮሙኛ በምንም ምክንያት የፌድራል ቋንቋ አይሆንም የምትናገርውን ነገር የማይገባህ ወይንም ንግግርህ የማታምንበት በፍርሀትህ ውጤት መሆን አለበት ማለት ነው  አማርኛ በዘመን ጉዞ ና በታሪክ አጋጣሚ በተለይ የትግራዩ ንጉስ አፄ ዮሀንስ የቤተመንግስትና የኢትዮጵያ የስራ ቋንቋ ያደረጉት ብሄራዊ መግባቢያ እንጂ ዛሬ የኦሮሞ ጎሰኞች ኦሮሙኛን ማድርግ እንደሚፈልጉት በሴራና በድርድር የሀገር ማስተዳደሪያ የተደረገ ቋንቋ አይደለም መጀመሪያ እስቲ የኦሮሞ,2,0,0,0,0,0
amh_train_track_b_02512,አድቱ ባለፈዉ ሊባኖስ ያለነዉን ወደ እስራኤል በወሠዱን አለች ክክ ጭቅላት የላቸዉም እስራኤል ሀገር ገብታ ከዚህ የባሠ መከራ እደምትገባ አታቅም አገቶ ላይ ባሠረችዉ ክር ነዉ ወደ ሢኦል የሚልኮት,0,1,0,0,0,0
amh_train_track_b_02513,እኔ እኮ ያልገባኝ ጤነኛ ናት ወይ ናት ከተባለ እኔ ማመን ይከብደኛል እዴት ሰው በሙሉ ጤናው እዲ ሊያደርግ ይችላል እቺ አውሬ ናት ፈጣሪ ይፍረድብሽ,1,1,0,0,0,0
amh_train_track_b_02514,ትግራይ ልዩ እና ውብ ቦታዎች አሏት,0,0,0,1,0,0
amh_train_track_b_02515,በስጋት ነው ያለነው እንደልባችን መንቀሳቀስ አልቻልንም ዛቻው በዝቶብናል እኔ ያለሁት መቋድሾ ነው,0,0,0,0,3,0
amh_train_track_b_02516,የሜቆዶንያ መስራች ቅዱስ ዶር ቢኒያም እግዚአብሔር ጨርሶ ጤናህን ይመልስልህ እንዳታ ያሉትን ፈጣሪ ያብዛልን,0,0,1,0,0,0
amh_train_track_b_02517,ግርማ ተጠማቂዎችን እያራቆተ አጋንንት ይጭንበቸዋል,0,2,0,0,0,0
amh_train_track_b_02518,አንተ ባትወለድ፣ ሽጉጥህን እንደ ውሃ ባትጠጣ እኔን አልሆንም ነበር እኔ! መልካም ልደት አባቴማንነቴ!,0,0,0,2,0,0
amh_train_track_b_02519,አንተም አራዳ ሆንክ የሚገርም ነው!,0,0,0,0,0,1
amh_train_track_b_02520,እስቲ ምን ትለን ይሆን ያለመታደል ሆኖ በእኛ ሀገር ተፅእኖ ፈጣሪ ማለት ትርጉሙ አልገባህ ብሎኛል  በአለማችን የፖለቲካ መንደር ተፅእኖ ፈጣሪ የተባሉ ሰዎች በሀገራቸው የፖለቲካ ችግር እና እድገት ላይ ትተውት ያለፉትን እጅግ ብዙ ድካም እና ልፋት የታከለበት ታሪክ አንብበናል ሰምተናል  አቶ ጀዋር መሀመድ እስቲ Tell me whats ur future wish for ur home land  ምን ቢሆን ሞት እና መፈናቀል ቀርቶ ሰላማዊ ፖለቲካ ማራመ,1,0,0,0,0,0
amh_train_track_b_02521,ዲል ለተገፉት ፕልስጤን ሞት ሽፈት ለወራሪ ባሪያ ሁና ለዘላለም ለኖርችው አይሁዳ እስራኤል ወደቀዲሞው ባርነት ይመልሳቸው ዳግም አላህ ይበትናቸው የማንም ባሪያ ሆነው እደኖሩ አሁንም ወደቀዲሞ ሂወታቸው ይመልሳቸው ፈጣሪን የካዱ አላህየርገማቸው አይሁዶች ብቻናቸው ነብያቶችን የገደሉ ገዳዬች,1,2,0,0,0,0
amh_train_track_b_02522,ለፋኖ ድጋፍ እያልክ በአጭበርባሮችና በአንተ ደም የሚነግዱትን የአማራ አክራሪ ቤሄርተኞች የሚጫወቱበትን ገንዘብ ለማዋጣት አልተቸገርከም መዳበሪያ ለመግዛት ገንዘብ የለህም ? ያሳዝናል እናንተ በዚህ ሚስኪን የምትነግዱ ፅፈኞች እስቲ ጉዳቹሁን እንይ እስቲ ለዚህ በስሙ የምትነግዱበት ወገናችን ለምትሉ ለዚህ ህዝብ አንዳንድ ሄክታር መዳበሪያ ግዙለት ቶሎ ቶለ ቶሎ ከች ከች ከች ዶሏሯን ከች ቶሎ ሀሀሀ ይቺን ስትሰሙ እንደ ዳመና በናችሁ እንደምትጠ,2,0,0,0,0,0
amh_train_track_b_02523,በእውነት ደርና ጅወር የጠያቂና ተጠያቂ ብቃታቹ ወደር የለውምን በተለይ የጦርነት ስህት ና ውጥንቅጥ የወጣ ኤርትራ ጋብቻ ውል የሌሎው ያለማሰርያ የተጠለጠለ ነው ያልከው የሚገርም እውነት በቃኝ ሌላ ነገሮች መስማት የዘጋቹሉኝ ይመስለኛል,0,0,0,2,0,0
amh_train_track_b_02524,በልደቱማ አትሸወዱ። ልደቱ የወያኔ አሽከር ነው። ወያኔና አብይ ባላቸው ፍቅር ልደቱ አዲሳባ ሲገባ ዝንቡን እሽ የሚለው የለም።,0,1,0,0,0,0
amh_train_track_b_02525,የእኛም ሀገር ቤተመንግሥት ውሻ የከፋ ጉዳት ሳያደርስ በጊዜ ይውጣ,0,2,0,0,0,0
amh_train_track_b_02526,ሰሞንኛ ስሙማ ! አንዳንዴ ምን ስሜታዊ እንደሚያደርገን ልንገምት አንችልም፤ ዓለማዊ ነኝ የምለው ሰውየ፥ በሀይማኖት ዙርያ ጎራ ለየቼ ስከራከር ተገኘሁ ቢባል ማን ያምናል! Me,0,0,0,0,0,1
amh_train_track_b_02527,የኔ አይን ግን የትራስ ማሞቂይውን ድንቅ ጥቁር መጽሐፍ ይፈልጋል በትንሽዬ አይቼዋለሁ አንብቡት እስቲ ይነበባል እኮ ከዛማ ጀግንነት ምን እንደሆነ ታውቁ ነበር,0,0,0,0,0,0
amh_train_track_b_02528,ቅን ማሰብን እንልመድ ስድብና ጥላቻ ከእኛ ይራቅ,0,0,0,0,0,0
amh_train_track_b_02529,አምላኬ ቶሎ ና አይይይ ጊዜ ጥሩ ነገር የምንሠማበት ቀን ናፈቀኝ,0,0,2,0,0,0
amh_train_track_b_02530,እኔ በሃይማኖት ልስብህ አይደለም እንደ ሃይማኖተኛ ሰው ግን አስበክ ለሰው ልጆች ሞት ተጨነቅ ዘር አትቁጠር ፖለቲከኛ ካልሆንክ ማለት ነው,1,0,0,0,0,0
amh_train_track_b_02531,እና ምን ይጠበስ ወዲ ደስታ ?,1,0,0,0,0,0
amh_train_track_b_02532,እርሶ የአቶ ገመዳ ልጅ ምንሊክ ዛሬም ንጉስ ነው ካሉ ቦሃላ ሚያስገርም ነገር አለ እንዴ ?,0,0,0,0,0,1
amh_train_track_b_02533,የተወካዮች ምክር ቤት በህወሓት ላይ አሳልፎት የነበረውን የሽብርተኛነት ፍረጃ አነሳ,0,0,0,0,0,0
amh_train_track_b_02534,Ethio360 ባይኖር አማራ ብቻ አደለም ኢትዮጵያ ምን እደሚዉጣት አየይ ብልጽግና ብልግና ነዉ እጅ,0,1,0,0,0,0
amh_train_track_b_02535,ትንሽ አታፍርም የአማራ ኦርቶዶክስ ስትል ዘረኛ ኦርቶዶክስ መቼም ዘር አትቆጥርም ዘረኛ ሁላ ትንሽ ቆይታችሁ ክርስቶስ አማራ ነው በሉና ዳሩ ምን ታደረግ እምነት ዘር ይመስልሀል ነውረኛ ሁላ,2,2,0,0,0,0
amh_train_track_b_02536,ደህንነታቸው ለተጠበቀ መጸዳጃ ቤቶች መጨነቅ ያለብዎት ለምንድነው? ምክንያቱም ከንፅህና አጠባበቅ ጉድለት ጋር የተያያዙ በሽታዎች በጣም ተላላፊ ናቸው። 14,0,0,0,0,0,0
amh_train_track_b_02537,እንደምትንቀው አይደለም፣ በተግባር ክንዱን የቀመሱትን ጠይቅ መጀመሪያ፣ ስለምትፈራው ነው፣አንተም ምናልባት ትቀምስ ይሆናል፣ ስድብ ባዶነት መገለጫ እንደሆነ ብታውቅ መልካም ነበር፣,2,0,0,0,0,0
amh_train_track_b_02538,በዚህ አለም ትልቁ ጦርነት የቴክኖሎጂ ጦርነት ነው ትልቁ የሳይበር ጥቃት ነው,0,0,0,0,0,0
amh_train_track_b_02539,67ተኛ ነኝ የመዳም ቅመምች ሳወድችህ የግሉፊም ዉሪደት በጣም ደስ ይላል,0,0,0,2,0,0
amh_train_track_b_02540,እንዳንተ የሚያስቀኝ ሰው የለም ራስታው።እረ እንደው ጉዴ ደግሞ የምን ዲቃላ ነው ምትለው የተመታህ እኛ ኢትዮጵያውያን ጥርት ያልን እንጅ የተዳቀልን አይደለንም ያንተን አናውቅም ደግሞ እንስሳት ነው ያሳደጓቸው እረ ጉዴ ምኑ ነህ ውይይይ እረ ወዲያ,0,2,0,0,0,0
amh_train_track_b_02541,Nur Nur ዘላን ምኑን ታውቀዋለህ ከብት የከብት ልጅ,0,2,0,0,0,0
amh_train_track_b_02542,እንደውም እድለኛ ነው በሂወት መኖሩ ቢገደል ኖሮ የኢትዮጵያ ሕዝብ ሰላም ያገኛል,0,2,0,0,0,0
amh_train_track_b_02543,TIYANEWSNETWORK ከጉራጌ ለጉራጌ ጭቆናና በደል የተቋቋመ የዩቱብ ቻለናል ነው ሁሉም ጉራጌ በመግባት ሰብስክራይብ በማረግ አጋርነቱን ያሳይ!?,0,0,0,0,0,0
amh_train_track_b_02544,ናሪንዬ ስንት መከራ አይተሽ ነው እዚህ የደረሽው,0,0,1,0,0,0
amh_train_track_b_02545,ሱሌ በውንነት !ግን የወያነ መሪዋች ሊያዙ 2 ወይ 3 ቀን ነበር ግን ድንገት ጦርነቱ ይቁም ተባለ ።ምክንያቱም ቅራጥነቱ በ ምዕራባውያን ስልክ ጥሪ ምላሽ ተ,0,0,0,0,0,0
amh_train_track_b_02546,ህብረበሄር የሚጠላ ጌታህ እንጂ እኛ አይደለንም አንተ ህሊናቢስ ከርሳም የኦሮሙማ ገረድ አንተ ቆሻሻ ሰገራ,0,3,0,0,0,0
amh_train_track_b_02547,ወንድሜ ሬድዋን በጣም የሚያሳዝን ነገር ነው የገጠመህ እግዚአብሔር ላንተና ለቤተሰቡ ሁሉ መፅናናትን ይስጣችሁ,0,0,3,0,0,0
amh_train_track_b_02548,ሩሲያ የቡርኪና ፋሶ ኤምባሲዋን ከ30 ዓመታት በኋላ ከፍተች,0,0,0,0,0,0
amh_train_track_b_02549,አይዞሽ ፍቅር መች እንሚዝሽ አይታወቅም ብቻ አንቺ ስሜትሽን ተቆጣጣሪው በራሱ ጊዜ ይለቅሻል,0,0,1,0,0,0
amh_train_track_b_02550,ሀይማኖት ወይንም እምነት ከሁሉም በላይ መሆኑን የማታውቁ ብልጽግናዎች አለማወቃችሁ ምን አልባት የማይመለስ ኪሳራ ውስጥ እንዳያስገባችሁ ስጋት አለብኝ።,0,0,0,0,1,0
amh_train_track_b_02551,ጋለሞታ ሀዱሽ ገኪዳን አንዳንዴማ አቅምህን ማዎቅ ግድ ይላል እንዳ አንተአይነቱን ማህይም ቢጤህን ብትፈልግ ይሻላል ይህ ሰው በብዙ መመዘኛ እጅግ በተጋነነ ይበልጠሀል,1,2,0,0,0,0
amh_train_track_b_02552,ታዲያ እውነት አይደለም እንዴ ኤርትራ የኢትዮጵያ አካል አልነበረችም  ይሄን መናገር ደግሞ ሻእቢያ መሆን አያስፈልገውም  ተስፋዬ እኮ ኤርትራዊ ነው ለኤርትራ ማድረግ መስራት ግዴታውም ሀላፊነትም ነው መሰለል አይደለም ሞትም ሊያስከፍለው ይችላል ይሔ የማንም ኤርትራዊም ግዴታ ነው አለቀ  ተስፋዬ ድንቅ ሰው ነበር አመለጠን,0,0,1,0,0,0
amh_train_track_b_02553,የኦሮሞ ነገር ያበቃነው አለም ሳቀ ሀገር አፈረ በእውነቱ ሱውን ሰው ሲበላው እግዚኦ ይብላይ ለቀጣይ ትውልድ አገት መድፊያ የማይሺር ጠባሳ ወራሪ አውዳሚ ገዳይ መሆኑ የነበረ ታሪክ በሆንም ዛሬ አለምሰልጥኖ ከሀገር ፊት የተጠራች አገርም አረከሳችሁ አግማማችሁ,1,2,0,0,0,0
amh_train_track_b_02554,አይደለም አማራ ማንም ኢትዮጵያዊ መሞት የለበትም ስሜታዊ አንሁን።,0,0,0,0,0,0
amh_train_track_b_02555,ልዩ ዞን ጠይቀን አማራን ከግድያ እናድናለን ማለት ዘበት ነው። እስካለ ድረስ መጠየቁ፤ ማንነት ኮሚቴዎችን በየቦታው እንዲቋቋሙ ማድረግ ሁሉ ጥሩ ሃሳብ ነው፤ ነገር,1,0,0,0,0,0
amh_train_track_b_02556,መጅሊሱ በሙስሊም ማህበረሰቡ የሚገርም ስራ እየሰራልህ ከመሰለህ እንደሱ ማመን መብትህ ነው,0,0,0,0,0,0
amh_train_track_b_02557,እግዚአብሔርን መፍራት የዕውቀት መጀመሪያ ነው፤ ተላሎች ግን ጥበብንና ተግሣጽን ይንቃሉ። ምሳሌ 17,0,0,0,0,0,0
amh_train_track_b_02558,አለምነህ ዋሴ ምርጥ ይሁዳዊ ጋዜጠኛ በርታልን እኔ የኛ ሰው መሆንክን ባወቅሁበት ወቅት ከዛሬ 22 ዓመት በፊት የተሰማኝ ደሰታ ቃላቶች አይገጡትም,0,0,0,3,0,0
amh_train_track_b_02559,አሜሪካ ዜጎቿ ወደ ሜክሲኮ እንዳይጓዙ ማሳሰቢያ ሰጠች,0,0,0,0,0,0
amh_train_track_b_02560,Peace4Ethiopia ሆያ ሆየ ሁኖ ነገራችን ሁሉ ስቀን ሳንጨርስ ልቅሶ ነው መባሉ።,0,0,2,0,0,0
amh_train_track_b_02561,እንዳንተ አይነት ሰው ሰላም አይፈልግም እማትረባ ቆሻሻ ንዴታም,1,2,0,0,0,0
amh_train_track_b_02562,እለም ያገሬ ድንቅ ጋዜጠኛ አንተ ልትሸለም የሚገባህ ሰው ነህ አንድ ነገር ግን ልነግርህ ፈልጋለው ሶሻል ሚዲያ ላይ የሰፈረው ግሪሳ 90 በላይ ጤንነቱ አሳሳቢ ደረጃ ላይ ደርሳል ስለዚህ ኮሜንት አታንብብ ማንንም አትስማ እኔንም ቢሆን,0,0,0,2,0,0
amh_train_track_b_02563,የሴቷ ጥላሁን ድንቅ ነው ትልቅ ውጤት እንጠብቃለንሪታ,0,0,0,2,0,0
amh_train_track_b_02564,ሚኒሊክ ባንተ አፍ ይቀፋል አንተ ጉማማ ቀፋፊ ነገር አሁን ለራስህ እንደ አዋቂ ነህ ትቦ,0,2,0,0,0,0
amh_train_track_b_02565,ከዚ ቡሃላ ግን ያሳዝናል ቢያቋሩጡት ጥሩ ነበር,0,0,2,0,0,0
amh_train_track_b_02566,የመንጋው አብይ አህመድ ቡድን በፋኖ ግስጋሴ ጭንቅ ውስጥ ስለገባ እንደ ታየ ደንደአ አይነቱን አዲስና ሌላ በፊት አንጋሳ ከተወነው ለየት ያለ አዲስ ድራማ መስራት አስፈልጎታል ድራማው ለአማራው ህዝብ የህልውና ተጋድሎ ምኑም አይደለም ከሚጃጃሉት ጥቂት አማራወችና ሆዳም በአደኖች በስተቀር ትወናው በራሱ አማራውን አይበርደውም አይሞቀውም ምኑም አይደለማ ወደፊት ብቻ,1,1,0,0,0,0
amh_train_track_b_02567,አንቴ ፀረ ሰላም የህዝቦች ጠላት ይህ የሰይጣጠናዊ ሃሳብህ አንተንኑ ያጠፋሃል RIP,0,2,0,0,0,0
amh_train_track_b_02568,የኛ ጀግና አቡኪ እግር ኳስ ስትጫወት እራስህን ጠብቀህ ተጫወት አለበለዛ ጉዳት ህልምህን እንዳያጨልመው እፈራለሁ እና በዱአ እናግዝሀለን,0,0,0,1,1,0
amh_train_track_b_02569,አባ ስርቅ ኢትዮጵያ መገባቱ አልነበራቸውም የኢትዮጵያውያን ጠላት ናቸው,0,1,0,0,0,0
amh_train_track_b_02570,የሚገርመኝ ነገር ደሞ የፖሊሶቹ ነገር ምን እደሚፈልጉ  እራሳችሁን ጠይቃቹ ታቃላቹ ግን እኔ በበኩሌ አንድ ነገር አይቻለዉ አንድ ወንድማችን ድንገት ወድቆ ህይወቱን ያልፋል ፖሊሶች ይወስዱና ሬሳው ሲመለስ ግን ቆዳው እና ደም እየፈሠሠ ነው የቀበርነውነብስ ይማር ፍትህ ፍትህ ለወንድማችን,0,0,2,0,0,1
amh_train_track_b_02571,1515 የተደጋገሙት ዕኩይ የሆኑ ተደራራቢ ግፎች፣ ጥቃቶች፣ ጉዳቶች፣ በደሎች፣ ውድመቶች፣ ወዘተ ሁሉ፤ በተጨማሪም፣ ለሁለት ዓመታት የዘለቀስ የሰሜን ኢትዮጵያ ጦርነት ደግሞ,0,0,2,0,0,0
amh_train_track_b_02572,አሰላም አለይኩም ወረቱላሂ ወበረካቱ ማሻአ አላህ ጥሩ ትሰረራለህ ግን ሺው የለህም ዜና ሰትሰራ ቃላት አትደገጋግም የጻፍከውን ቀልጠፍ ባለ መልኩ አንብብ አስተያየት አታብዛ ቆፍጠን ቆምጨጨጭ ብታደርግ እነደ ግል አሰተያየት በርታ,0,0,0,1,0,0
amh_train_track_b_02573,ነገ በዋሰ ይለቀቃል ብዙ ገዳዮች ታሰሩ ተብሎ የዋሰ መብታቸውን አሰጠብቀው ወተዋልን ዜና እንሰማለን አይ መለስ አንተ ባለክ ግዜ እንኳን ሸጉጥ ተራ ጩቤ ይዞ የተገኘ መጨረሻው አይታወቅም ነበር ዛሬ ግን ታንክ ይዞ ቢገኝና ሰው ቢገል ይታሰራል ነገ በዋሰ ይወጣል ያሳዝናል,0,0,2,0,0,0
amh_train_track_b_02574,ዴሬ እንኳን ደህና መጣህ ደስ የሚል ፕሮግራም ነው ከዚህ ሰው በላ ከሆነ ያጋንት ልጅ ምን እንደምሰማ ባላውቅም ሐይማኖት እና የብሔር ፕለቲካ ቀላቅሎ ያንን ምስኪን ወጣት ያባላ የሞት ቅጣት የሚጠብቀው ወንጀለኛ ነው  አይቀርም አንድቀን እውነት እጅ ላይ መውደቅህ,0,2,0,1,0,0
amh_train_track_b_02575,አይይ አቺ ብደና ቀን ኢትዮጲያ ተሰደሺ ተጠግተሺ ተመሞት ስለዳንሺ በ1400 ፍልስጤማውያን ሞትና ውድመት ሶቆቃ ችግር እርሀብና ጥማት ህመምና ስቃይ መፀለያ ማጣት ትቀልጂባቸው አለሺ ቆይ እስራኤል እጃ እረጂም ነው ጋዛን አፅድታ እደጨረሰቺ ዎደ እናተ ትዞርና ትለቃቅማችሁ አለቺ ከዛ በሃላ ምናልባት ጋዛ ውስጥ ሰው ተተረፈ ያኔ እነሱም በናታላይ  የደስታ ሳቅ ይስቃሉ,0,1,1,0,0,0
amh_train_track_b_02576,ባልሽን የፈታሽዉ እኮ ሴሰኛ ስለሆንሽ ነዉ ፓስተሩም ሴሰኛ ስለሆነ ነዉ,0,2,0,0,0,0
amh_train_track_b_02577,እኔ በበበኩሌ የምንም ሀይማኖት ተከተይ ሁን ችግር የለብኝም ግን ፕራንክ እንዳይሆን,0,0,0,0,1,0
amh_train_track_b_02578,ደረጀ መረጃ በደንብ አጣራ ዞብል ተራራራ መከላከያ ተጠግቷን ብለሀን ነበር ግን ውሸት ነው,1,0,0,0,0,0
amh_train_track_b_02579,እሺ ሀይማኖት ዘር የለውም እስማማለሁ ነገር ግን ለአማራ እታገላለሁ የሚለውን ፋኖ የሚደግፋ የሲኖዶሱ አባላትንስ ምን እንበላቸው አትግደል የሚለውን ከአሥርቱ ትዕዛዛት የተፃፈበትን ታቦት አቁመው ግንባር ግንባሩን በለው የሞት አዋጅ ያወጁትን በተክነቱም  የአያታችን ርስት ቤተመንግሥቱም በኛ ላይ ያምራል እያሉን ያሉትንስ ምነው ዝም ኣላችኃቸው እየሆነ ያለው መከፋፈል አስደስቶኝ አይደለም ምነው ሲኖዶሱ ይሄ ሁሉ ጥፋት ሲካሄድ አርምሞን መረጠ ታቦት,2,0,0,0,0,0
amh_train_track_b_02580,ጃን ከድምጹ ጋራ ጠባዩም ተቀይርዋል ልጅትዋ ኢየቀየረቸው ነው ፍቅር ኢየጀመረው ነው,0,0,0,0,0,0
amh_train_track_b_02581,ፐ ሚገርም ነው ሐይቁን አዝንቦ ነው የሰራው? ተራራውን ከየት አመጣው የሚገርም ነው?,0,0,0,0,0,3
amh_train_track_b_02582,ለትግራይ ዝም፥ የኛ ሲሆን ጩሀት (የበታችነትተረኝነት ስሜት) መንግሥቴን ልታፈርሱ ነው (ፓራኖያፍርሃት) ምንፈልገው ካልተፈጸመ ምላሹ ከኢህአፓ ግዜ 3 እጥፍ የከፋ ይሆናል (,1,1,0,0,0,0
amh_train_track_b_02583,ጠ/ሚኒስትሩ ባለፈው ታህሳስ ወር ከጋሸና ግንባር ሆነው ባስተላለፉት መልዕክት  የትግራይ ህዝብ አላማ በሌለው ጦርነት በዕውር ድንብር ወጣቱን እያስጨረሱት ያሉትን የህወሃት አመራሮችን ልጆቻችን የት ናቸው ብሎ ሊጠይቃቸው ይገባል  ብለው ነበር ። በኢትዮጵያዊያን ዘንድ የማይሽር ጠባሳ ባሳረፈው ጦርነት ሀገርና ህዝብ ብዙ ዋጋ ከከከፈሉ በኋላ ነፍሰ በላዎቹን ከእስር እየለቀቀቀ ቅስምን የሚሰብር ስህተት እየፈጸመ ያለው መንግስታችንንንስ,1,0,1,0,0,0
amh_train_track_b_02584,ሰበር አሳዛኝ ዜናሼር ይደረግ! ከደሴ አቅጣጫ በአውቶብስ ተጭነው ወደ ደብረብርሃን በማቅናት ላይ የነበሩ የአማራ ልዮ ኃይል አባላት ጀዋሃ ሲደርሱ ድንገት በኦሮሞማ መንግስት ሽ,0,0,1,0,0,0
amh_train_track_b_02585,በጣም የሚገርም ነው። እንደ አንተ አይነቱ አጋስስ በአገሪቱ በየቦታው ተሰግስጎ ነው ሕይወታችንን ያከበደው። እንደዚህ አይነቱ ዜና እዉነት ቢሆን ኖሮ አንተም በዚህ ሰአት ሲኦል ነበረክ።,0,2,0,0,0,0
amh_train_track_b_02586,ኤርሚያስ ለገሰ ሀብታሙ አያሌው አገር ሁሌ በመቃወም አትገነባም መሪ ጥሩ ሲሰራ መደገፍ ሲሰሳት ትክክክል አይደለህም ብሎ መተቸት ተገቢ ነው ግን ዝም ብሎ በድፍን ጥላቻ አብይን መሳደብ ፕሮግራማችሁ የተቋቋቋመው አገር ለመገንባት እንጅ አብይን ለመሳደብ አይመስለኝም ነበር ቆይ ትግራይ ቲቪ DW ቲቪ አብይን ሲሳደቡ ነው የሚውሉት እናተ ደግሞ እንደነሱ መሆናችሁ አሳዝኖኛል ሁሌ መተቸት ለውጥ አያመጣም መፍትሔ መሥጠት ነው ለውጥ የሚ,1,0,0,0,0,0
amh_train_track_b_02587,የጌቲሽ አዲሱ ሙዚቃ በ 5 ደቂቃ ፓርላማው ደፍሮ ያልተናገራቸውን ሰፊ የፍትህ የሙስና እና የተረኝነት ችግሮች ዳሶበታለ። ከቃሉ የበለጠ ቪዲዮውን ላስተዋለው የሚገርም መልክት ይታይበታ።,0,0,0,2,0,0
amh_train_track_b_02588,Please ፕራንክ ነው እንዳትለን😂😀,0,0,0,0,1,0
amh_train_track_b_02589,ቴክሳስ ስደተኞችን ወደ ምክትል ፕሬዚዳንት ካማላ መኖሪያ ቤት ላከች,0,0,0,0,0,0
amh_train_track_b_02590,በጣም የማከብረውና የምወደው መሪያችን ኢትዮጲያዬን ዳግም አስደነገጣት ... እኔ ም በጣም ፍርሀት ውስጥ ነኝ... ግን ለምን???😢😢😢😞😞😞🇪🇹🇪🇹🇪🇹,0,0,0,0,3,0
amh_train_track_b_02591,ኤርትራ እኮ በነጻ መጠቀም ወደቡ መቼ እምቢ ኣለች ያ እብድ ኣቢ እኮ ነው የኣሜሪካ እና የምእራባውያን ኣጀንዳ ለማስፈጸም ባህር በር መተንፈሻ ምናምን ብሎ ብቅ ያለዉ ለወያኔ ስግብግብ ጁንታ ኣላቸዉ ኣሁን ደሞ ይህች ፓራላይዝድ የሆነች ወያኔ ስም ታውጥለት እንግዲህ ካገኘችለት,1,2,0,0,0,0
amh_train_track_b_02592,ስለማያውቁት ቤተ ክርስትያን ለምን ያወራል ነብይ ጉተማ ከመጽሐፍ ቅዱስ እውቀት የፀዳ ደደብ ነው ትክክለኛ የአጋንንት ተላላኪ መሆኑን ቨቅርብ ስለማቅ ነው ከሻሸመኔ,0,2,0,0,0,0
amh_train_track_b_02593,ለዚህ ተራ ሰው በእውነት እንኳን ደስ አለሽ ኢትዮጵያ ይባላል ? በጣም ያሳዝናል የዚህን እምነት ነቢያት ከጊዜ ወደ ጊዜ የሚሉት ነገር እንኳን ለሰው ቀርቶ ለሰይጣንም ይከብዳል እያየነው አሳፋሪ የሆነ የሰዎች መጫዎቻ ሆነ ገና ብዙ እና ያለን,0,1,2,0,0,0
amh_train_track_b_02594,? ሀይ ክብርሽ ግራ ተጋብተን አለቅን እኮ። Seriously literally ወያኔ ከዚህ የከፋ ምን አደረገች (ከጦርነቱ በስተቀር)? እንዳውም,1,0,1,0,0,0
amh_train_track_b_02595,አምላክ ሆይ እንደ ጂሃን አይነት አፍቃሪ ይስጠንኡመር ደነዝ አስጠላኝ,0,2,0,0,0,0
amh_train_track_b_02596,ማንም አለ ምንም ቅዱሱን ትልቁን መፀሐፍ የሚያነብ እንደሌለ ተረዳሁ። መልስ ያለው ኮሽ ይበል። ስናነብ መረደት ከሌለን ማንበባችን የፈረንጅ ተረት ሊህንብን ነዋ። አንብቦ የገባዉ ብቻ ያዋራኝ።,0,0,0,0,0,0
amh_train_track_b_02597,ቤተ ክርስቲያን ፀብ አልተፈጠረም። ነገር ግን ጥቂት ሰዎችን ቀኖና ጥሰዋል ክህደት ፈጽመዋል።ቀሪው (አብዛኛዎቹ) የሲኖዶስ አባላቱ እና መላው ኦርቶዶክሳውያን ያለት ህግ ይከበር ነው።,1,0,0,0,0,0
amh_train_track_b_02598,ወይኔ በጣም ነው የምታሳዝን እጅግ በጣም አቤቱ ማርን,0,0,2,0,0,0
amh_train_track_b_02599,እህህ ያማል እጅግ ፈጣሪ መፅናናትን ይስጣቹህ እንኳን ለቤተሰቡ ለኢትዮጵያውያንም የእግር እሳት ነው የሆነው። ምንም ይሁን ምን እርሱን እንዲህ አይነት የጭካኔ ጥግ ውግዝ ነው።,0,0,3,0,0,0
amh_train_track_b_02600,ኦሮምያ ላይ ቤት እሜያፈሱትን እዳትረሷቸዉ,1,0,0,0,0,0
amh_train_track_b_02601,የዚህ ተከታታይ ድራማ ደራሲ ግን የሚገርም ነው። ከ4 አመት በፊት ዛሬን አይተውት ነበር።,0,0,0,1,0,2
amh_train_track_b_02602,በርግጥ ምንም ቢሆን በሰው ህይወት ማለፍ ማዘን ያለ ነው ግን ያ ሁሉ ህዝብ ሲያልቅ ዝም ብለሽ አሁን እንዲ መሆን አያስተዛዝብም?,0,0,2,0,0,0
amh_train_track_b_02603,አሏህ ሆይ አንተ አግዘልን ፍልስጤሞችን ሞት ለአይኩኮሁዶች ይሁን,0,1,2,0,0,0
amh_train_track_b_02604,እነዚህ ነውረኞች ናቸው የተፈጠረውን ክስተት በይቅርታ እንዝጋው እና እኛ አንድ ሆነን መበቀል አለብን ሰሜናዊያንን አድቅቀው አይቀሩም መፈጠራቸውን እስኪጠሉ ድረስ መበቀል የግድ ይለናል እነዚሀ በበታችነት ስሜት ያበዱ ናቸው,1,2,0,0,0,0
amh_train_track_b_02605,“በቤተ ክርስቲያኗ እና በምዕመኖቿ ላይ የሚፈጸመው በምድርም ሆነ በሰማይ የሚያስጠይቅ ነው” ፡ ሲኖዶስ,0,0,0,0,0,0
amh_train_track_b_02606,እንደዛ ናቸው ። ዘረኝነት ጭንቅላቱ ውስጥ እንደ ጣና እምቦጭ በቅሎ የቡዳዋን ባንዲራ ኣድርጎ ዘረኛ ይላል ። ተራራማው ማህበረሰብ ተበክሏል,0,2,0,0,0,0
amh_train_track_b_02607,አማራነት ወይ ሞት ጨፍጫፊው የኦነግ መከላከያ ህፃናትን ሊገል ሴት ሊደፍር ነዉ እሚመጣው ለዚህም ተገቢውን አፀፋ በመስጠት ገለን እንነጠቃለንደ ድል ለአማራ ህዘብ ድል ለፋኖ።,2,2,0,0,0,0
amh_train_track_b_02608,ድሮም መንጌ ደንቆሮ የሚተነብይላት ሃገር ኤጭ። መንጌ ረጅም እድሜ የቆየው ግን ደደደብ ስለሆነ ነው። ኣሁንም 80 ዓመት ሊጨምር ይችላል,0,2,0,0,0,0
amh_train_track_b_02609,እንደ ዩቲዩበር ጭንቀት ለአብይ መመኘት እስካሁን ሞቶ ነበር ግን ጭንቀቱ ለአንተ ና ለአንተን መሰሎች ይሁን,0,1,0,0,0,0
amh_train_track_b_02610,በሱዳን ተይዞብናል የምትሉትን መሬት ማስመለስ ያልቻለ መከላከያ አሁን አንተ የምትደሰኩርለትን ያህል ጠንካራ አይደለም ከአፍሪካ አስፈሪው የጦር ሃይል ብለህ ስትበጠረቅ ትንሽ አፍህን ያዝ ልብህን ስቅ አላደረገህም ጉራችሁ ሰለቸን,1,1,0,0,0,0
amh_train_track_b_02611,ምን አይነት ቀውስ ውስጥ ነው ያላችሁት እግዚአብሔር ይማራችሁ ሌላ ምን ይባላል ገና ከመንጋቱ ወደ ሊላ አጀንዳ የናተ ደሞ ይለያል,1,0,0,0,0,0
amh_train_track_b_02612,hamas የወሰደው እርምጃ እጅግ በጣም ትንሹ እንጂ የበዛ አይደለም 75 አመት ሙሉ የበላችሁት የፍልስጤም ወጣት ሴቶች ህፃናት ከዛ በላይ ሽብር አለ ??? እስር ላይ ያለ ከአመፀ የሚመልሰው የለም,1,0,0,0,0,0
amh_train_track_b_02613,የተወገዘ ያወግዛል እዴ እንዴትአንተምአልተወገክም ጠቁመህ ስታሳስርየነበርክ ጦር ግባር ድረስ ሰታዋጋ የነበርክ አጭበርባሪ ሌባ ነህ የትግራይ አባቶች ባንተ አፍ አይሰነሱምአንተ ሴይጣን,1,2,0,0,0,0
amh_train_track_b_02614,ከመልካም ሰው ጎን መቀመጥ መልካም አያደርግም።,0,0,0,0,0,0
amh_train_track_b_02615,ትናትና መቼ ነው የምትሄደው ቻልረስ እያልኩኝ ዛሬ ተሰናበተ መልካም ሲኦል,0,1,0,0,0,0
amh_train_track_b_02616,የታባታቸው እነዚህ ተላላኪ ሆዳም አድርባይ ካድሬዎች ከሃጂዎች የዲያቢሎስ አገልጋዮች የሆኑ መምህር ተብዬ ጳጳስ ተብዬ ፓትርያርክ ተብዬ ዲያቆን ተብዬዎች ፓስተር ተብዬ ሼካ ገረመሌ ተብዬዎች በሙሉ ገና ትጠረጋላቹሁ አትጠራጠሩ አሟሟታቹሁም በጣም የከፋ ይሆናል ሬሣቹሁም የአውሬና የአሞራ መጫዎቻ ሆኖ ይቀራል አትጠራጠሩ የዘራቹሁትን የምታጭዱበት ቀን ደርሷል አንዳቹሁም አትተርፉም እመኑኝ የእግዚአብሔር ሠይፍ ሊጠርጋቹሁ ተመዟልና ታዩታላቹሁ በቅርቡ,2,2,0,0,0,0
amh_train_track_b_02617,በቀደም የጳጳሱን ንግግር ካላወገዝችሁ ብሎ አልሳክ ሲለው መንግሥት ነው ይህን እንዲያደርጉ ያዘዘው ሆን ብሎ ጥምቀት እስኪያልፍ ጠብቆ ምእመን በዛ አጋጣሚ ይቃወማሉ ብሎ ፈርቶ ምንም ያድርግ አሁንም በአንድ ሆነን እንወጣዋለን ኦርቶዶክሳውያን በተጠንቀቅ መጠበቅ አለብን አባቶቻችንን,1,0,0,0,0,0
amh_train_track_b_02618,ስለ ሥጋ ማሰብ ሞት ነውና፥ ስለ መንፈስ ማሰብ ግን ሕይወትና ሰላም ነው። ሮሜ 8፥6,0,0,0,0,0,0
amh_train_track_b_02619,ምን ይመስላሉ በእግዚአብሔር ሲያያቸው ራሱ እኮ የዲያቢሎስ መፈንጫ ነው የሚመስሉት ሶስቱም እግዚአብሔር ይመልሳችሁ ካበደ ጋር ሰው እንዴት ያብዳል እሷ የእንግሊዝ ፓውድ ነው ያሳብዳት,0,2,0,0,0,0
amh_train_track_b_02620,በገዛህ ሚስትህ የልጅህ እናት ፕራንክ ብሎ ፈልጥ ምን ይሉታል???,1,0,0,0,0,0
amh_train_track_b_02621,ጠያቂው ግን በጣም ዝቃጭ ነው! እሷን (ማርያምን) ወንፊት አላውስም እንዳለችው ጎረቤቱ እኮ ነው የጠመዳት። ምን አንገበገበው?,0,2,0,0,0,0
amh_train_track_b_02622,መርጦ አልቃሸ ቆሻሻሻ ጣቢያ! ሞትና ውርደት ከየትም ተለቃቅመው መጥተው የሰው መሬት ለወረሩት አረመኔዎቹና ጨካኝ ለሆኑት አይሁዶች ይሁን! አሚን!!!ድልና ነፃነት በመሬታቸው ለሚገደሉትና የጭካኔ ጥግ ለሚፈፀምባቸው ሚሰኪን የፊሊሰጢን ህዝቦች ይሁን! አሚን!!!,0,2,0,0,0,0
amh_train_track_b_02623,ይዘገያል እንጂ አህያ የጅብ ናት,0,0,0,0,0,0
amh_train_track_b_02624,ኧረ አትታመምብን አንዳንዴ ግን አለሁ እወዳችኋለዉ ብትለን ያለንን ፍቅር ለኢትዮጲያ ከነገርክልን የተጎዱ እርዱ ካልከን ይበቃናል ይሄ ቅብጠት ከሆነ ይቅርታ,0,0,1,1,0,0
amh_train_track_b_02625,የአንተን የፖለቲካ የመሀይም መሰበሰቢያ ተቋምህን ቀቅለህ ብላው ተቋሙ በሙያ ብቃት ላይ እና በሀገር ፍቅር ላይ የተመሰርተ ቢሆን ኖሮ እዚህ ውስጥ የተሰበሰባችሁት አዳችሁም አትኖሩም ነበር,2,1,0,0,0,0
amh_train_track_b_02626,በህወሓት ላይ የተጣለው የሽብርተኝነት ፍረጃ መነሳት የገጠመው ተቃውሞ,0,0,0,0,0,0
amh_train_track_b_02627,ይሄ ፔጅ ግን አላማው ምንድን ነው ኝኝኝ አላችሁ እናተ የምዘግቡት ሌላ አለም የሚዘግበው ሌላ🤐🤐🤐,2,1,0,0,0,0
amh_train_track_b_02628,እንኳን ደስ ያለን ይህ በሰማይም በምድርም ትልቅ ደስታ ነዉ ወገብህን ጠበቅ አድርግ,0,0,0,3,0,0
amh_train_track_b_02629,አምባሳደር ርድዋን ሁሴን  እንዴት ደስ በሚል አገላለፅ መሰሎት የገለፁት   አንጀት አርስ ትንታኔ ዋው,0,0,0,3,0,0
amh_train_track_b_02630,አሁንም አይበቃችሁም። የሚገርም ነው፣ ምን ጉዶች ናችሁ። የዘመኑ እንቆቅልሾች ግራ ሲገባው መንግስቱ ኃይለማርያም የተናገረው ነው።,1,0,0,0,0,0
amh_train_track_b_02631,እሱን የዘከረው ፀሀፊም ከሱ ያልተሻለ የከፋ ሰው ነው,0,2,0,0,0,0
amh_train_track_b_02632,በጣም ግፍ መስራት ጥሩ አይደለም እስራኢል ፍሊስጤንንን በቀን በቀን እያሰቃየች መውጫ መግቢያ አሳጥታቸው ነበር ጎርፉ ሁኖ መጣ,0,1,0,0,0,0
amh_train_track_b_02633,ማንቸስተር ዩናይትድ በኒውካስትል ተሸነፈ ምሽቱን በተካሄደው ጨዋታ ባለሜዳዎቹ ኒውካስትል ዩናትዶች ማንቸስተር ዩናትድን 2ለ0 በሆነ ውጤት በማሸነፍ 3 ነጥብ ይዘው ወጥተዋል። ኒውካ,0,0,0,0,0,0
amh_train_track_b_02634,እነሱ ፈጣጣ አድሏዊ ሲሆኑ የኛ ሰው ለዘሩ ያዳላል ይሉኛል በሚል ይሉኝታ የተጠረነፈ ስለሆነ ነው። የአማራ ብሔረተኝነት ገፍቶ ሄዶ ለህዝቡ ሰቆቃ መድህን መሆን የማይችለው ለዚህ ነው።,1,0,0,0,0,0
amh_train_track_b_02635,አባቶች እንዲህ እስኪሉ ምን እየሰራችሁ ይሆን? ወደማንመለስበት ቀውስ እየገባን እንደሆነ አጣችሁን? ለምን? ለምን ?,0,0,2,0,0,0
amh_train_track_b_02636,ከዚህ በታች ያለውን የቪዲዬ ክሊፕ ከፍታችሁ ስሙ! የእህታችን እይታ በጣም የሚገርም ነው! ሃሳቧን እኔም እጋራለሁ! ስሙት!,0,0,0,2,0,0
amh_train_track_b_02637,የደስታ እንባ እኮ እንደሱ ነው። ደስታው ፍፁም (እውነት) ስለሆነ ሲበቃው ይቆማል። በድጋሚ መልካም ያደረገልን የአባቶቻችን አምላክ እግዚአብሔር ይክበር ይመስገን።,0,0,0,3,0,0
amh_train_track_b_02638,ኪም እና ፑቲን ሊገናኙ ነው,0,0,0,0,0,0
amh_train_track_b_02639,ለለውጡ መምጣት ለእያንዳንዱ ሰው የሰጠውን ክሬዲት አደንቅለታለሁ አንዳንድ የሄደበትን ስሜታዊ አካሄድ ባልደግፍለትም በብዙ ያመነበትን አድርጓል ለለውጡ መቀልበስ ደግሞ ተጠያቂው እነ ጠቅላዩ ናቸው,1,0,0,1,0,0
amh_train_track_b_02640,ወይኔ እኔን ውይ ያማል ስንት አይነት አረመኔ አለ😭😭😭,0,0,2,0,0,0
amh_train_track_b_02641,የእናንተስ የቁም ሞት ነው መቼም! ለማንኛውም አብይ ደህና አድርጎ ስለሚያፀዳችሁ ከወዲሁ ነፍስ ይማር ብያለሁ!,0,2,0,0,0,0
amh_train_track_b_02642,Nur Nur አንተ ባለጌ መን ትመሥላለህ,0,2,0,0,0,0
amh_train_track_b_02643,እንደዚ ኣርጎ እየዘረፊ ንፁህ ህዝብ እየጨፊጨፊ የውጭሃይል ?የኢትዮጵያ ህዝብ ይሁን ፖለቲከኛ ለምን ይወጣል እንጂ ይውጣ የሚል እስካሁን ኣልስማንም ኣረ ድሩድሩ ይሳተፍ የሚልም ኣለ ያማል !,1,0,2,0,0,0
amh_train_track_b_02644,በጣም የሚገርም ፓስተር ቢኒያም እግዚአብሄር ይስጥህ በእውነቱ አቶ ሶፎንያስ ምነው አንተ ማስታረቅ ወይም አንተ ፃድቅ ሁነህ ለሰው ፀልየህ ማዳን ከቻልክ የአምላክ እናት ንፅህይት ቅድስት የሆነችዋን እንዲያው ያማችኋል ስሟ ሲነሳ,0,0,0,0,0,1
amh_train_track_b_02645,ፍትህ ለንፁሃን ፍልስጤም ወንድምና እህቶቻችን ልጆቻችን የገዛ መሬታቸውን ለማስመለስ በሚያደርጉት ትግል አሸባሪ ተብለው የሰው ደም በማይጠግበው የሰውን ነብስ በ21ኛው ክፍለ ዘመን በግልፅም ሆነ በድብቅ የሚገድለውና የሚያስገድለው በአረመኔው የእስራኤል መንግስት እና mosad ላይ ፈጣሪ ኃይሉን እንዲያሳየን እንለምነዋለን እስራኤል ደግሞ በዚህ አጋጣሚ ማንንም ከመግደል እንደማትመለስ መታወቁም ጥሩ ነውሰላም ለሀገራችን እና ለመላው ዓለም አሚን,2,0,0,0,0,0
amh_train_track_b_02646,አሁን ይሄ ዜና ነው? በደርግ ጊዜ እንኳን ቀይ ሽብር ነበር። ገና እንጨፈጭፋችኋለን። አይግረማችሁ,0,2,0,0,0,0
amh_train_track_b_02647,አንተ ቆሻሻ ምን አገባህ አማራ ልትከፋፍል ከምታደርገው ነገር ሁሉ አፍክን ሰብስብ አያገባህም አማራ የወከለው ልጆች አሉት ነገረ ሳምራለሁ ብለህ እየመጣ አንዱን ሰላም ፈላጊ አንዱን ጦርነት ናፋቂ እያረክ የምታወራውን አቁም አያገባህም,1,2,0,0,0,0
amh_train_track_b_02648,ኧረ ሚኮ አሻራ ይመርመር ያማል ቅኔው ክክክይ,0,0,0,0,0,0
amh_train_track_b_02649,በጣም ገራሚ ነው ደስ የሚል ለእናት የሚገባት ሰርፕራይዝ በእውነት ጌታ ይባርካችሁ እናንተም በልጆቻችሁ ተደመሙ❤🙏,0,0,0,2,0,1
amh_train_track_b_02650,ተምር ወሎየዋ እውነታውን ነው::: ለምን ከእምነት ጋር ታያይዙታላችሁ::: ይህንንን ዜና እኮ አለም የዘገበው ነው::: ስደተኛ አያያያዝ ችግር እንዳለ::: በእውሮፕላን ተጭነው የሚመጡት እኮ ከአውሮፖ ወይም አሜሪካ አይደለም:::,1,0,0,0,0,0
amh_train_track_b_02651,በውስጣችሁ የሌለውን ነገር ወርቃማ ቃላት በመደርደር ህዝብን ማጭበርበሪያው ጊዜ አክትሟል። እጅግ ተራ ፕሮፖጋንዳ ነው። ?ስለ ፍቅር እየሰበኩ በሚሊዮን የሚቆ,2,1,0,0,0,0
amh_train_track_b_02652,ስለ ሃገሩ ጥሩ የሚያስብና የሚሰራን ሰው አፍኖ መደብድብ ኋላቀርነት ነው ይልቅ በርትታችሁ የተሻለ አስተሳሰብ ለማምጣት ሞክሩ ሰው ከመደብደብ,2,0,0,0,0,0
amh_train_track_b_02653,ኢናሊላህ ወኢና ኢለይሂ ራጂኡን ኡፍፍፍ ያማል በጣም አላህ ሰብሩን ይስጣቸው,0,0,2,0,0,0
amh_train_track_b_02654,አቶ ጀዋር በጣም መስከኖት በጥልቅ ለማሰብ በር የከፈተሎት ይመስለኛል ብዙ መልካም ሀሳብ አድምጫለው በዚሁ ይቀጥሉ,0,0,0,2,0,0
amh_train_track_b_02655,ለምን ይናገራል የህዝብ ንቀት ስላለበት አይናገርም አሮጋንት,1,1,0,0,0,0
amh_train_track_b_02656,አንተ እበት አማራ የለም የምትለው የወሎ ህዝብ በምን ቋንቋ ነው የሚያወራው እንደው ከየት የመጣህ አዛባ ነህ,1,2,0,0,0,0
amh_train_track_b_02657,በጣም ከምንም በላይ ያማል ይሠቀጥጣል,0,0,2,0,0,0
amh_train_track_b_02658,ደቆሮ ነህ በርግጥ ለሸዋ ኦሮሞ ያላቸው ንቀት ይገርመኛል,1,2,0,0,0,0
amh_train_track_b_02659,Betikikil Ena demo ግብፅ በዋላ ላሽ ልትላት አሁን እየደገፈቻት ነው ድሮም ሴት የላከው ሞት አይፈራም አደለ ተረቱ ወገን,0,1,0,0,0,0
amh_train_track_b_02660,የቤተሰብ ጉዳይ ያማል አይደል? ቃምበት,0,1,0,0,0,0
amh_train_track_b_02661,ጥፍረ መጥምጥ፡ “ጥፍሬን ስለማፍርበት እደብቀዋለሁ”,0,0,1,0,0,0
amh_train_track_b_02662,የመምህር ስብከት በጣም ደስ የሚለው በውስጡ የሚያረጋጋ መንፈስ ያለበት አይምሮን የሚያድስና ቃሉን በአይምሮ የማስቀመጥ ሃይል አለው እግዚአብሔር ፀጋውን ያብዛሎት ደጋግሜ ብሰማው የማይሰለቸኝ ድምፅ ቢኖር የመምህር ግርማ ድምፅ ነው አባታችን በዕድሜ በፀጋ ይጠብቅልን አሜን,0,0,0,3,0,0
amh_train_track_b_02663,በእንዳንተ አይነት የውሽት ኦሮሞ መልካም ህዝብ አተስድብ አንተ ጁታ ተነቃብ ቀሚስህን አውልቅ ሱሪ ልበስ ኢትዮጵያን መዝረፍ እንደው የለም,0,2,0,0,0,0
amh_train_track_b_02664,እመነኝ ሀይማኖት አይለዋወጥም በጥቅም ጥርት ያለችውን ኢስላም ተከተል በዱኒያ ሆነ በጀነትም ታተርፋለህ ጊዜአዊ ጥቅም እዚሁ ይቀራል,0,0,0,1,0,0
amh_train_track_b_02665,These Generation ይገርምሃል እኔ የልጆቼን እናት ሳገኛት ደሞዜ 34 ብር ከ 35 ሳንቲም ነበር እንደዛም ሆኖ ፍቅር መሃላችን ስለነበር በቅቶን ነው ምንኖር የነበረው,0,0,0,1,0,1
amh_train_track_b_02666,እናንተም ተርኛመሆናችሁ ይገርማል ሁሌ ከህዉሀት እራስ ስለማትወርዱ አትርቡም እሸ ኢሳት ነበራችሁ አሁን ደሞ ተቀይራችሁ 360 እናንተ አትርቡም አስመሳይ አናንተስ አማራ አማራ ስትሉ አል ነበርም,1,2,0,0,0,0
amh_train_track_b_02667,የ ናዚው ጭፍጨፋ አይቀርላቹሁም ...,1,0,0,0,0,0
amh_train_track_b_02668,በተደጋጋሚ ንፁሀን ሲጨፈጨፉ ግልፅ የሆነ የህግ ጥሰት ሲደረግ በተወካዮች ምክር ቤት ሳይቀር ግጭት ቀስቃሽ ንግግር ሲደረግ እና ሰዎች ህይወታቸውን ሲያጡ በቅርቡም በግልፅ በጠቅላይሚ,2,0,0,0,0,0
amh_train_track_b_02669,እግዚኦ እኔማ ረገሬ አልገባም በዚህ ደረጃ ኢትዮጲያ ውስጥ ማየት ያሳፍራል ውይ ውይ እግዚኦ ማረነክርስት,0,0,1,0,1,0
amh_train_track_b_02670,ፈጣሪ የባረከው ቤተሠብ ጥሩ ልጅ ማሠደግ ትርፉ ይሔ ነው ባረከልሽ,0,0,0,2,0,0
amh_train_track_b_02671,ምሰኪን ህጻናት በምን አበሳቸው ይህሁሉ ግፍ ይፈጸምባቸዋል ህጻናት ማፈን ህጻናት መግደል በተደጋጋጋሜ እየተከሰተ ነው ኢትዮጵያ ላይ😭😭😭,0,0,3,0,0,0
amh_train_track_b_02672,ሚኮ እንኳን ጌታ እረዳህ እኔ በጣም ነው ደስ ያለኝ,0,0,0,3,0,0
amh_train_track_b_02673,ጋናዊቷ ጋዜጠኛ በዓለም ድንቃ ድንቅ መዝገብ ላይ ስሟን  ለማስፈር ለ126 ሰዓት ያለማቋረጥ ዘፈነች,0,0,0,0,0,1
amh_train_track_b_02674,በጣም ደስ ይላል ወንድማችን እንኳን ለዚህ አበቃ አሁንም በቤቱ ያጽና,0,0,0,2,0,0
amh_train_track_b_02675,የሰላም ንግግሩ እንደሚቀጥል እየተነገረ ማነው እሱ እየሄደ ወቦን የሚቆሰቁሰው ጥሩ አካሄድ የሚሆነው ሁለቱም ኃይሎች የፓለቲካ ስምምነት እስከሚገኝ ድረስ ባሉበት የመሬት,1,0,0,0,0,0
amh_train_track_b_02676,ቀጀላ መርዳሳ የተባለ የባህል ሚኒስትር አድርጎ አብይ ለምን ሾመው ዘረኛ መሆኑን እያወቀ ኢትዮጵያን ህዝብ እየበጠበጠ ምኒልክ የሚባል ስም እያስበረገገው ነው የሚገኘው እሱን ከዚህ ቦታ ማንሳት ሰላምን ያመጣል,0,1,0,0,0,0
amh_train_track_b_02677,ማን ኦሮሞ ዘረኛ ነው አለህ አትቀባጥር ግን ዝቅተኝንት የሚስማቸው ጥቂት ዘረኛ ኦሮሞዋች ግጥም አርገው አሉ ዘረኛ የሚለው ቃል ከሌለ አማርኛን ጠራርበን የአሁኑን አ,2,1,0,0,0,0
amh_train_track_b_02678,የአማራ ክልል ህዝብ የህልና አደጋ አለብኝ ስጋት አለብኝ ካለ አሁንም አልረፈደም መሸዋወዱን ተውና ተነጋገሩ!,1,0,0,0,0,0
amh_train_track_b_02679,ሚዲያ በመዝጋት የሚመለወጥ ነገር አይኖርም ።ካለፈው የጦርነት ስህተት ብንማር መልካም ነው።እብሪት እና ድንፋታ የድሃ ልጆችን ለማጨራረስ ካልሆነ ለማንም አይጠቅምም ።ማን አህሎኝነት የ,1,0,0,0,0,0
amh_train_track_b_02680,የሁቲ አማጽያን ቀይ ባሕርን ሲቀዝፍ የነበረ የአሜሪካ መርከብ መምታቸውን ገለጡ,0,0,0,0,0,0
amh_train_track_b_02681,ድል ለሰው ልጆች በሙሉ የማንም ዳም አይፍሰስ ድጋታኛ ሞት አይሙቱ የሰው ልጅ ሁሉ የጌታ ፍጡር ናቹ ጡቁር ነጪ ብለን እኛ እንላያሌን ሰው አይዴለም ዬፈጣራን ሁላችንም የፈጠራ አንድ እግዚአብሔር ነው,0,0,0,0,0,0
amh_train_track_b_02682,ለመኖሪያ ቤት ኪራይ ቀብድ ግማሽ ሚሊዮን ብር የሚጠየቅባት ከተማ,0,0,1,0,0,0
amh_train_track_b_02683,ክብሬ እንዴት አይነት ጥሩ ሰው መሰለህ!? ሁሉንም አክባሪ ከማንም ጋር ነዋሪ ሰው ነው!,0,0,0,3,0,0
amh_train_track_b_02684,ኣንተ ሰው ምንኛ ጅል ነህ። እጅግ በጣም ጅል።,1,2,0,0,0,0
amh_train_track_b_02685,እኛ ምንም አንልህም ለይቶክ ይምታክ ከማለት ውጭ😁😍,0,1,0,0,0,0
amh_train_track_b_02686,ሀማስ አደለም የገደላት እስራኤልናት ውርደት ሞት ሺ ፈት ለኢስራኤል🇮🇱❌❌❌,0,2,0,0,0,0
amh_train_track_b_02687,የሀበሻ አይኖች ምንኛ ውብ ናቸው ሲያለቅሱ ሲያነቡ ንጉሱ ቢያያቸው በሌላ ሀዘን ነው ሚያባብላቸው,0,0,1,0,0,0
amh_train_track_b_02688,የጀመርነውን ስርቆት አፈና ግድያ ዝርፊያ አግዙን እንደማለት ነውእስኪ ምን ተለወጠ? ከስርቆት በተረፈ የብድር ገንዘብ ሳር መትከል አጥር ማጠር ለውጥ ነው?,1,0,0,0,0,0
amh_train_track_b_02689,ኡፍፍፍ የኔ እናት በዚህ እድሜሽ ይሄ ሁሉ ስቃኝ በጣም ጠካራ ነሽ ሁሉም ያልፋል አይዞሽ💔😥እግዚኦ ምን ያሰማናል ስዉ ምነው ጨካኝ ሆነ አቤቱ ጌታ ሆን መልካም ዘመንንን አምጣልን ያስፈራል ድንግል ማርያም ከነልጇ ትደግፍሽ 💔💔💔 ያማል😭😭😭,0,0,3,0,0,0
amh_train_track_b_02690,የንግግሩ ይዘት ባያገባኝም ይህ ምላሰኛ ሐሳቡን የሚገልፅበት የንግግር ክህሎቱን ግን ሳላደንቅ ማለፍ አልችልም። He is just like ጌታቸው ረዳ wasted potential?,0,1,0,1,0,0
amh_train_track_b_02691,ቆሻሾች ናችሁ መንግስት ሲገል ሞተ አይባልም የጓርፍ ሞት ነው ሚዘገበውአባይ ኢትዮጵያ ግም,1,3,0,0,0,0
amh_train_track_b_02692,እኛንም ወላዲተ አምላክ ለደጇ ታብቃን እሙዬ ባለ መዕተቧ💚🙏,0,0,0,1,0,0
amh_train_track_b_02693,ድል ለተበዳይ ሞት ለአሸባሪ የምትሉ እስላሞች ግን ለምድነው ሰላም ለሰው ልጆች ሁሉ,1,1,0,0,0,0
amh_train_track_b_02694,ድል ለታላቋ እስራኤል ሞት ለሀማስና ለአጨብጫቢዎች ውሻ መጮህ ብቻ ነው የሚያውቀው ድል ለአበሲት እስራኤል,0,2,0,0,0,0
amh_train_track_b_02695,19 ዓመታት ያህል በኢትዮጵያ እግር ኳስ ውስጥ ያሳለፈው ሳላዲን ስለ እግር ኳስ ሕይወቱ ምን ይላል?,0,0,0,0,0,0
amh_train_track_b_02696,አብይ ከትግራይ እና ከተጋሩ ጋር ተጋጭቶ የሚያስጠብቀው ጥቅም የለም። ከትግራይ ጋር ባይጣላና የትግራይን የግዛት አንድነት ቢያከብር ኖሮ እዚህ ሁሉ ቀውስ ውስጥ ባልገባ ነበር።,1,0,0,0,0,0
amh_train_track_b_02697,Azebi Abaynak ሚኒሊክ አህያ የሱን ሃዉልት እንደገና ያመለከም የአህያ ፈንድያ ነውና አልተሳሳሳትሽም!!!,0,2,0,0,0,0
amh_train_track_b_02698,በጣም ደስ ይላል መራክል እንኳን ደስ አለሽ ኢትዮጵያ በጣም ደስ ይላል።,0,0,0,3,0,0
amh_train_track_b_02699,ኡፍፍ ፈጣሪ ያፅናህ ወድሜበጣም ያማል የኛነገር ሁሉም ወደዛው ነው ፉትና ሀላ መሆናችን ይጎዳል,0,0,3,0,0,0
amh_train_track_b_02700,እውነት በጣም ያማል ያቺ ብልፅግናን ደግፌ የወጣሁበት ቀን የተረገመች ቀን ናት ፍትህ,0,0,2,0,0,0
amh_train_track_b_02701,የመንደር ውል ሕጋዊ ነው? በመንደር ውል ቤት ስንሻሻጥ ልብ ልንላቸው የሚገቡን ቁልፍ ነጥቦች,0,0,0,0,0,0
amh_train_track_b_02702,በእውነት የሚያሳዝን እንጂ የሚያስቅ አይደለምብራቮ ቢኒ,0,0,1,1,0,0
amh_train_track_b_02703,በጋዜጠኛቱ  ፍቅር ሊደፍኝ ነው ባረብ ሀገር,0,0,0,2,0,0
amh_train_track_b_02704,አንዲት የገጠር መንደርን ከሕጻናት ቤተ መጽሐፍት ጋር ያስተዋወቀችው መምህርት,0,0,0,1,0,0
amh_train_track_b_02705,ሰበር የተፈራው ሆነ በኦሮሚያ ፌደራል ተጨፈጨፈ ልዩ ሀይል ተመታ መሳይና ጌታቸው ጉዱን አፈረጡት via,0,0,0,0,0,0
amh_train_track_b_02706,በሌላ በኩል ደግሞ ኤርትራን እንደ ሀገር አልቀበልም ስትል የተደበቀው የህወሃት አጀንዳውን ነው ግልፅ ያደረክው ወልቃይትንም በግፍ ያለምክንያት የአማራ ሆዳም ባለስልጣናትን በማታለል ስትወስዱ አንዱ አጀንዳችሁ የኤርትራን ህዝብ ዘግታችሁ በመያዝና በማዳከም ጠቅልላችሁ በሃይል ለመያዝ ከዚያም ከኢትዮጵያ መገንጠል ነበር አጀንዳው ለጊዜው አልተሳካም አማራም አሁን ነቅቿልየኤርትራም ትምህርት ሰጥታችኋታ ከዚህ በኋላ የሚታለል አለ ብየ አላምንም ሴራችሁ,1,0,0,0,0,0
amh_train_track_b_02707,የዘፈን ደስታ ውሸት ነው መዝሙር ግን ሀዘንን ያስረሳል,0,0,0,0,0,0
amh_train_track_b_02708,የትግራይ ህዝብ የደረሰበት መአት እንካን ለኢትዮጵያ ለሌላ ሃገርም ሊያስተምር ይችላል ህዝቡ ደግሞ ከብረት የጠነከረ ነው ጫት የለ ምን የለ ስለዚ የአማራ ህዝብ የአሁኑ ፉከራ ለነጌ ልቅሶ ነው !,0,1,0,0,0,0
amh_train_track_b_02709,እነ እምበር ተንከባላይስ በክራንች መቀሌን ፓራ ኦሎምፒክ የተዘጋጀባት ያስመሰሏት ባለ ክራንቾቹ ?,0,2,0,0,0,0
amh_train_track_b_02710,ፊደል የቆጠርኩኝ ዘረኛ ነኝ እያልከን ለሀገር የሚበጁ እረኞች መሆናቸውን መናገርህ በስህተት ሠው ሠው ከሚሸቱ ሠዎች ጋር ውሎህን እንዳደረግክ ያሳብቅብሃል።,0,1,0,0,0,0
amh_train_track_b_02711,ከፅንፈኛው ሁሉ ኬኛ የኦርሞ ሀይልች ኦሮሙማ እነግ በቢለዋ እያረደ ከተማ በጠሪሪ ፀሀይ ሲያቃጥል ሲያወዴም አይተናል በህዝብ ላይ ጦርነት ያወጀ ባንዲራ የሚያቃጥል ከዚህ የከፋ የለም  አማራ ከግብፅ ጋር መተባበር ከ150አመታት በኋላ ሊያጠፋው ቆርጦ የመጣውን የኦርሞ ሀይል ለመደምሰስ አማራጭ የለውም ሁሉም ሲቀር ይቀራል,0,2,0,0,0,0
amh_train_track_b_02712,የቤተ ክርስቲያን መከራ ? ከ25 በላይ አብያተ ክርስቲያናትና ገዳማት የከባድ መሳሪያ ሰለባ በመሆናቸውና ቅርሶችና ንዋየተ ቅድሳት በመዘረፋቸው አገልግሎት ለመስጠት ተቸግረናል!,0,0,2,0,0,0
amh_train_track_b_02713,የይዋጣልን ፉከራ የድንቁርና መገለጫ ነው እህቴ እንጂማ ጥያቄው ሲለጠጥ የከፋ ነገር ይዞ እንደሚመጣ መዘንጋት የለብሽም።ላልሺው ነገር እኔን መደገፍና መቃወም ያ,1,0,0,0,0,0
amh_train_track_b_02714,አሜን የፃዲቁ በረከትና ሬድኤት ከሀገራችንና ህዝባችን ጋር ይሁን መልካም ቀን,0,0,0,2,0,0
amh_train_track_b_02715,ሕዝብ ዕንባ ጠባቂ ተቋም ኢቢሲ የዘገባ ሽፋን ነፍጎኛል በማለት ማብራሪያ ጠየቀ,0,0,0,0,0,0
amh_train_track_b_02716,የ ዘግናኝ ሌክቸሮች ያላዛጉት የህብረተሰብ ክፍል ይገኛልን?,0,1,0,0,0,0
amh_train_track_b_02717,ይህቺ እናት አይደለችም እንደዚህ ግፍና በደል አታደርሰም ይኒ ዐልጅ ጀግና ነሸ ያመንሸዉ እግዛብሔር ይረዴሻል ይት ደረሰናል ሰዉሰይጣንነት ተቀይርናል ይህች ባለመኪናዋ ሴት እንዲህ ያደረጋል አይዞሸ አዮዞሸ እንዲህ ከፈተና በደረሰብሸ ተቃቃቃመ ሸ ያቆመሸ አግዛብሔር የፀናት ምሳሌ በርቺ በደል ደርሰብሽ እናትሸንም ትወጄችዋለሸ አንቺ ልዪ ነሸ,0,0,2,0,0,0
amh_train_track_b_02718,በአበርገሌ ከ47 በላይ ሰዎች በመድኃኒት እጥረት መሞታቸውን ነዋሪዎች እና ባለሥልጣን ተናገሩ,0,0,1,0,0,0
amh_train_track_b_02719,ኧረ በናታችሁ ፕራንክ ልብ እሚሰብር ምንድነዉ የናድዳል በጌታ ጥሩ አይደለም,1,0,0,0,0,0
amh_train_track_b_02720,ሁለታቹም መጥፎ ናችሁ ያንቺው መጥፎነት ግን የከፋ ነው፡፡,1,2,0,0,0,0
amh_train_track_b_02721,2 ቆሻሻ ማስወገጆ ኦሮሚያ ውሃ ኦሮሚያ ስንዴ ከኦሮሚያ አረ ስንቱ ታዲያ ይህን ትልቅ ህዝብ ጠልተህ የት ልትደርስ ሲቀጥል ኦሮሞን ጠልተህ ኢትያ ብሎ ነገር የለም ለቆሞ ቀሮች ይሰማል i am not oromo,1,1,0,0,0,0
amh_train_track_b_02722,ሃገሩ ድንገት ነው እጃቸው ላይ የገባው! ሰመመኑ ኣለቀቃቸውም! ጸልዩ በእንተ እለ ኖሙ!,0,0,0,0,0,0
amh_train_track_b_02723,እኛም ጦርነት ላየ ነን ወራሪውን አብይ እየተፋለምን,0,2,0,0,0,0
amh_train_track_b_02724,የፈለገ ብትናደድስ እንደ ሰለጠነ ሰው ሀሳብህ ረጋ ብለህ መግለፅ ተለማመድ Wellah አይጎዳህም,1,0,0,0,0,0
amh_train_track_b_02725,ማሐበረቅዱሳን በጣምእናመሰግናለን እግዚአብሔር ይርዳን ያገራችን ጉዳይ በጣም አሳሳቢ ሖኖል,0,0,0,2,0,0
amh_train_track_b_02726,ልክ ነሽ ግን ለመጎብኘቷ ሲል እሷን ሲያስብ ስሞት የምትለዋ ውልብ ብላበታለች የሚገርም ነው 700 አመት እንዲህ ጠብቆ ማቆየት እያለ ምራቁን ሲያዝረበርብ ነበር,0,1,0,0,0,0
amh_train_track_b_02727,ደረጀ ሃይሌ ወጥ ረገጥክ መከላከያ ከትግራዩ ሀይል ጋር ሲዋጋ የነበረው ሀገር ላፍርስ ከለ አካል ጋር ነው ከጀዋር ጋር እምስማምው የፌደራል መንግስት በብስልት ማትጣት የትግራዩ ሀይል insecurity እንዲሰማው ማረጉ ነው ነገር ግን የአማራ ክልል ይለው ጦርነት ለምን እንደተነሳ ላንት መናገር ለቀባሪ ማርዳት ነው ነገር ግን ይህን እያወክ ለጊዜው ዝንና ስም ብለህ ሁለቱን ስታወዳድር በማን ተወዳጅ ለመሆን እንደሆነ በግልፅ ያስታውቃል,1,1,0,0,0,0
amh_train_track_b_02728,ሰላም ለአላማችን# ጌታ ሆይ ጦርነት በቃችሁ በለን,0,0,2,0,0,0
amh_train_track_b_02729,ፑቲን ከትራምፕ ይልቅ የባይደንን ፕሬዚዳንትነት እንደሚመርጡ ተናገሩ,0,0,0,0,0,0
amh_train_track_b_02730,በልጆቹ እና ቤተሰብ ቦታ ሆኖ ማሰብ ይከብዳል፣ ሚኒስቴሩ ትት የሚቀጥሉበትን አማራጮች ቢያይ,0,0,1,0,0,0
amh_train_track_b_02731,ጌታ ሆይ ለአለም ሁሉ ስላሙን ላክልን ትተን ለምንሄደው ምድር እርስ በርሳችን ጦርነት ጌታ ሆይ በቃ በለን ☝😭😭😭,0,0,2,0,0,0
amh_train_track_b_02732,ያንን አጭበርባሪ Purpose Black ሳየዉ ነዉ የበቃኝ ወንድሞቼ እህቶቼ ይህ ወፍራዉ ባለሰልጣን ምንም ሰራቹሁን አያሰጀምራቹሁም ከሁቴል ሁቴል እየሰበሰባቹሁ እሱ ሙሰናዉን ይሰበሰባል እንጂ አንዲት ጠብ የምትል ነገር የለም ይህ የመጀመርያዉ ማምታታት አይደለም ተክኖበታል ከዚህ ቀደም ማሰተር ካርድ 300 ሚሊዬን ደላር ለሰራ ፈጠራ ብትሰጥ 30 ዩኒቨርሰቲ የሚሰራን ገንዘብ ቁርጭም አርገዉ የበሉ ናቸዉ ምንም ሰራ የጀመረ የፈጠራ ሰዉ የለም  እ,2,1,0,0,0,0
amh_train_track_b_02733,አይ የኢትዮጵያ ጋዜጠኞች ጉድ እኮነው,0,0,0,0,0,1
amh_train_track_b_02734,በወሬና በውሸት የተገነባ አንድም አገር የለም በምድር ፕላኔታችን ላይ በስራ በሕብረት በአንድነት የብሔርመከፋፈልና ልዩነቶች ሳይኖሩ ነው ዛሬ በጣም ያደጉት አገሮች እናንተ ደንቆሮዎች ጋሎች ምንድነው ምክንያቱ ከእናንተ ጥበብእርቃለችሸሽታለች በሩን ጥርቅም አድርጋችሁ ስለዘጋችሁ የዋቄና መንፈስየጨለማው የወደቀው ሠራዊት ስሙን በልዩ ልዩ መንገድ እያስጠራ የከፋፍለህ ግዛን ቀንበር በሰው ልጅ ላይ የጫነየኢሬቻው የቃልቻው መንፈስ ምንም ወረቀቱ ወይም,1,1,0,0,0,0
amh_train_track_b_02735,እረ የስው ልጅ ጭካኔ በጣም በዛ ምነው,0,0,2,0,0,0
amh_train_track_b_02736,አቶ ገብረ ህይወት ተብየው የሚገርም ጉደኛ ስው ነው አማራ ተውላጁ የችግሩ ባለቤት የፕሪቶርያው ስምምነት የአማራ ህዝብን ጥቅም ግንዛቤ ውስጥ ያልከተተ እና አማራ ህዝብን የጎዳ ነው ብሎ ሲለው እሱ ችግር የለውም ብሎ እንዴት ይላል ሲጀመር እሱ እዚህ ውይይት ላይ የቀረበው ትግራይን ወክሎ ነው ለምንድን ነው ስምምነቱ አማራ ላይ ያመጣው ችግር አለ ብሎ የችግሩ ባለቤት አማራው ዶር ሃይለማርያም ሲነግረው እሱ ስለ ማይገባው ጉዳይ ስምምነቱ ለአማራ,0,1,0,0,0,1
amh_train_track_b_02737,ጃዋር መሀመድ በቀለ ገርባ ሀምዛ ቦረኛ ሽመልስ አብዲሳ ጀነራል አበባዉ ፊማብርሀኑ ጁላ አየር ሀይል ይርዳ መርዳሳ ተመስገን ጥሩነህ አብይ መሀመድ አዳነች አቤቤ ጃል መሮ ጃል ሰኒ እና የአማራ ብአዴን አመራሮች በንፁሀን ላይ ለፈፀማችሁት ግፍ ስቃይ ሞት በሚልየን የሚቆጠሩ አማሮች በሚልየን የሚቆጠሩ ትግራዋይ እንዲሁም ሌሎች ብሄሮች ላይ ላደረሳችሁትና እያደረሳችሁ ላለዉ አሰቃቂ ግፍ እንደየደረጃዉ የሚወሰድ እርምጃ ይኖራል እመኑኝ የግዜ ጉዳይ ነ,2,1,0,0,0,0
amh_train_track_b_02738,ለኤርትራውያን ያደረሰው ግፍ መቼም ኣይረሳም የሀ ኣህያ ሰው። የገባበት ቤት መቃብሩ ትሁን።,1,2,0,0,0,0
amh_train_track_b_02739,ዩክሬን የሩስያን ኤ-50 የስለላ አውሮፕላን መትቼ ጣልኩ አለች,0,0,0,0,0,0
amh_train_track_b_02740,እንዲህ እራሳቸው የ እማዬን ለ አኣባዬ አሳከው ጽፈው ህዝብ እያጋደሉ፥መልሰው ሌላ ሰው እንደፃፈ አስመስለው ሽብር የሚዘሩትን መንግስት እስከመቸ ይታገሳል? Ethiopia,1,0,0,0,0,0
amh_train_track_b_02741,"""የመሻገር ሲቃ ከጻፍኳቸው መጻሕፍት ሁሉ በጣም የተሻለ እና እኔንም የሰራኝ መጽሐፍ ነው"" ደራሲ እና ሃያሲ ያዕቆብ",0,0,0,1,0,0
amh_train_track_b_02742,ለምን ግን ሰው በእናንተ ይሰናከላል ?,1,0,0,0,0,0
amh_train_track_b_02743,የማርቲን ሉተር ኪንግ ምክር ሰምቶ የሚተግበር ሰው አስተዋይ ነው! ምከረው ምከረው አለበለዚያ መከራ ይምከረው እንዲሉ! ትዕብት ውርደትን ትቀድማለች ይላል ቅድስ ቃሉ! ትዕብተኛ፣ ትምክ,0,0,0,0,0,0
amh_train_track_b_02744,ኸረ ዘሩባቤል ልቤን አደከምከው የጠቅላይ ሚንስትር እና ጠቅላይ ሚንስቴርን ልዩነት ለይተህ እወቅ በጣም አሳፋሪ ነው ሚንስትር እና ሚንስቴር በጣም ይለያያሉ,0,1,0,0,0,0
amh_train_track_b_02745,ችግኙ ካደገም ጥሩ ነው ሲርባቹ ጥላ ይሆናችህዋል ?,0,0,0,0,0,0
amh_train_track_b_02746,መጀመሪያ አርማችሁን ኢትዮጵያዊ አድርጉት። በቴክኖሎጂ ዘርፍ ከምስራቅ አፍሪቃ እጅግ ኋላ ቀር ናችሁ,2,1,0,0,0,0
amh_train_track_b_02747,ህወሓት ከአሸባሪነት ሊነሳ ነው። 27 ዓመት ሙሉ የሰሩት ግፍ፣ ሙስና እንዲሁም በሰሜን እዝ ላይ ዘግናኝ የሆነ ድርጊት የፈፀመው ሁሉ ሊሰረ,0,1,1,0,0,0
amh_train_track_b_02748,አስክሬን መመመርመር አለበት እዴት ዉሀ ልጠጣ ብላ በሄደችበት እዴት ሞታ ተገኘች ያማል በስደት ያለሽዉ እናት ምን ያጽናናናሽ ይሆን አይ መከራ 😭😭😭,0,0,3,0,0,0
amh_train_track_b_02749,ጋዜጠኛው ስንተኛ ክፍል ነህ ሃቅ እና መመኝት አትለይም ዝቃጭ,1,2,0,0,0,0
amh_train_track_b_02750,ከአንድ ጦር ወደ ቀጣይ ጦርነት የመራን የ ብልፅግና ፓርቲን ዋናው መሪ ጠቅላይ ሚኒስትር ዶክተር አብይ በዋና ተጠያቂነት ውጪ እንዴት ማሰብ ተሳነንበጋዜጠኝነት ከሆነ የደም ደሞዝ ልትገነዘቡት ይገባል,2,0,0,0,0,0
amh_train_track_b_02751,የሞትክ አህያ የመሰልክ አንተ ነህ ሰው የፈለገውን መደገፍ ይችላል አንተ ፋኖ ስለሆንክ ሁሉም ፋኖ መሆን አለበት እንደ,0,2,0,0,0,0
amh_train_track_b_02752,4000ብር ተበላሁኝኝኝ ከምሬ ነው በጣም ነው ሚያሳዝነው ነውረኛ ናቸው,0,0,2,0,0,0
amh_train_track_b_02753,ኧረ ያዝ ኤጌማንን እዝህ ጅላፎጋ አወዳደርሽ,0,2,0,0,0,0
amh_train_track_b_02754,የታገቱት ተማሪዎች፡ የቤተሰብ ሰቀቀን እና የመንግሥት ዝምታ,0,0,1,0,0,0
amh_train_track_b_02755,የማንም የሰው ልጅ ሞት ሊያስደስተን አይገባም። በብሄር መፈረጅ እራሱ ያሳዝናል!,0,0,2,0,0,0
amh_train_track_b_02756,የቤተ ጉራጌ ምሳሌያዊ ንግግሮች ? ጋሼን ለመጨቅጭ ስል ብገዛው ጥሩ ነው መሰል ?,0,0,0,0,0,0
amh_train_track_b_02757,ይህን ድራማ ባልጀምር ጥሩ ነበር እንደሚሞቱ አውቃለሁ ግን ማየት ጀምራለሁ,0,0,1,0,0,0
amh_train_track_b_02758,እግዛበር ይመስገን በል እሸ ጅብ ሳይበላክ ስለመነሳትክ አይ የሰው ልጅ ማሳድግን እምጠላው ለዚክ ነው እኮ አሳደጉህ አደል ምን አገባህ አትኖርም ዝም ብለህ እናትክ እሬሳ እሚበላ አውሬ እዲበላህ ነው እኮ እዛ የጣለችህ ባዳ መሆንክነደ ልታሳውቅ ነው በልቶ ካጅ,0,2,0,0,0,0
amh_train_track_b_02759,የብልፅግና ቱሩፋት  አዲስ አበቤ ከ1997 የከፋ ነው ስትባል በምክንያት ነው  ገዳዩን ኦሮሙማ ይይዘዋል ብለህ እንዳትለኝ,1,1,0,0,0,0
amh_train_track_b_02760,እራ ብረት ነው ያሚለው ተመችቶኛል 😀😀😀,0,0,0,2,0,0
amh_train_track_b_02761,ለቀናት ጠፍተው የነበሩት የጂማ ታዳጊዎች አስከሬናቸው በውሃ ጉድጓድ ውስጥ ተገኘ,0,0,1,0,0,0
amh_train_track_b_02762,ሃምሳ በመቶ የሚሆኑትን የዓለማችንን ሴቶች የሚያሰቃየው ‘ሲስት’ ምንድን ነው?,0,0,1,0,0,0
amh_train_track_b_02763,ያለ ጥሩ ማኪያቶ ፆም መፍታት ግን,0,0,0,0,0,0
amh_train_track_b_02764,አጭበርባሪ ልወደድ ባይ ነህ እስኪ መጀመሪያ ያጭበረበርካትን አሁን ከፈታሃት በፊት የነበረችውን ሚስትህን በአደባባይ ይቅርታ ጠይቅ አስመሳይ ነህ,0,2,0,0,0,0
amh_train_track_b_02765,የጀግኖቹ ውይይት ስናይ ደስ ይለናል!አለም አቀፍ ቀጣናዊ ጂኦፖቲካና የደህንነት ሁኔታ ለኢትዮጵያ ብሄራዊ ደህንነት ያለው እንደምታ በሚል ርዕስ በኢፊድሪ መከላከያ ዋር ኮሌጅ ግቢ ውስ,0,0,0,2,0,0
amh_train_track_b_02766,አሸባሪዎችንበአደባባባይ መግደል ስገባ የምን ምህራት ነው ስበሓት ነጋ እና ጆርን መስፋቱን እውነትም No more አብይ,0,2,0,0,0,0
amh_train_track_b_02767,ኑጥሀንንን በአየር መምታት ፍርሀት እጅ ጀግንነት አደለም,1,0,0,0,0,0
amh_train_track_b_02768,እጁ በደም የተጨማለቀዉ ኣብይ ኣንድ ሚልዮን የገዛ ራሱ ህዝብ ገድሎ ስያበቃ ኣሁን ደሞ የስልጣን ዘመኑ ለማራዘም ሌላ ጦርነት እያካሄደ ይገኛል,0,2,0,0,0,0
amh_train_track_b_02769,ገና ልምምምድ ላይ ነን ጦርነት አልጀመርንም። ስንጀምር ጋዛ ምድረ በዳ እናደርጋታለን,0,2,0,0,0,0
amh_train_track_b_02770,በቃ በፖለቲከኞች ምክንያት ንፁሃን ሰዋች ሲሞቱ ሲሰቃዩ ማየት እንዴት ያማል ልብ ይሰብራል,0,0,3,0,0,0
amh_train_track_b_02771,በጋዛ ላሉ ታጋቾች መድኃኒት እንዲደርስ መወሰኑ ተገለጸ,0,0,0,0,0,0
amh_train_track_b_02772,እዪኝ እዩኝ ያለች ደብቁኝ ደብቁኝ እንዳትሉ እፈራለሁ,0,0,0,0,2,0
amh_train_track_b_02773,መሳሪያ ተሸክሞ ሳይዋጉበት መሞት ያሳፍራል አይ አይሁድ ፈሪ መሳሪያ ብቻውን አይዋጋ ፈሪ,1,1,0,0,0,0
amh_train_track_b_02774,አሁን የኛወቹ ምን አገባችሁ የራሷ አሮባት የሰው ታማስላለች አለ ያገሬ ሰው እደው ምን ጉድ ናችሁ እግዚአብሔር ለሁሉም ሰላሙን ያምጣልን,1,0,1,0,0,0
amh_train_track_b_02775,ከብት አህያ ከፖለቲካ ውጪ ሌላ ቀልድ አታውቅም አይደል ሁል ጊዜ ሮሮ ብቻ ነው ቀልድህ ችሎታ ካለህ ለምን ከፖለቲካ አወጣም,1,2,0,0,0,0
amh_train_track_b_02776,አሴ አሴ በጣም ምርጥ ሰው ከትንሸ ጋር ትንሽ ሆኖ ከትልቅ ጋር ትልቅ ሆኖ የሚገኘው ወንድማችን ነው በጣም ያሳዝናል በጣም ፋቅር የሆነ ሰው ነበረ የእኔ አልቃሸ አሲፉቲ ነፍሰ ፈጠረ በገነት ያኑራ,0,0,2,0,0,0
amh_train_track_b_02777,ስው ተኮር የአገዛዛችሁን የቁዋንቁዋ ሙስና አመላካች ትርጉም ይለሽ ሐረግ ነው። አንቺና ቢጤዎችሽ ጠባብ ጎጠኛ ኦነጋዊያን በሰፊው ስብእና ላይ ማተኮራችሁ ቀ,0,3,0,0,0,0
amh_train_track_b_02778,በጣም ያማል እግዚሀብሄር ይጠብቅሸ ቃላት አጠረኝ,0,0,2,0,0,0
amh_train_track_b_02779,ሲጀመር አለምነህ ዎሴ አይሁድ ነው ሲቀጥል ደሞ ወገኝትነቱ ግልጽ ነው የዘገበውን አንድ ባንድ መስማት ነው ጦርነቱ ከጀመረ የስራውን ፑቲን ቆፍጣናው ፕሪጎዚ የባክሙት ማራኪ ሲለን ከርሞ ኔታናሁ ሳንባዬ ነው ብሎ ማሊያ ቀይሯል እኮ ለአለምነህ እንኳን የሃማስ ቃል አቀባይ ሊሆን ቀርቶ ዙር ከደረስው ተጠባባቂ ነው እሱ እራሱ,0,1,0,0,0,0
amh_train_track_b_02780,በጣም አመሰግናለሁ እግዚአብሔር ይባርክህ ከነቤተሰቦችህ። ሳላስበው ስሜታዊ እየሆንኩ ነው መልስ መመለስ ለማዪገባኝ የምመልሰው አመሰግናለሁ።,0,0,0,2,0,0
amh_train_track_b_02781,ጽጌ ማርያም ድንቅ ምልክት ነው ያቀረበችው የሞራል አስተማሪ አባቶች እርስ በርሳቸው እየተወጋገዙ እንዲሁም በንጹህ ህዝብ ላይ የሚደርሰውን ግፍ በአባታዊ ተግሳጽ መፍትሄ ሳያመጡ እኛን ምን አድርጉ ነው የሚሉትምእመን መቼ ያባቶችን ትእዛዝ አልቀበልም አለ እኛን ልጆቻቸውን ግን ለመስማት አልቻሉም,1,0,0,1,0,0
amh_train_track_b_02782,ጃዋር መሐመድ ሐገራችን ካፈራቻቸው ድንቅ ፖለቲከኞች አንዱ ነው ጃዋር መሐመድን እንደብቃቱ የሚያደንቁት አሉ ብዬ አላምንም በስሜት የሚያደንቁት ዕልፍ እንደሆኑ እየካድኩ አይደለም  እንዳለው እምቅ አቅምና ብቃት እሱ ከተገኘበት ብሔር ውጪ የሆኑ አድናቂዎች ሊኖሩት የሚገባ ጂኒየስ ፖለቲከኛ ነው ጃዋር መሐመድ ኢትዮጵያ የስርዓት ለውጥ ስታደርግ በፕሬዝዳንታዊ ስርዓት መመራት ስትጀምር የታላቋ ኢትዮጵያ ፕሬዝዳንት ይሆናሉ ከምላቸው ጎምቱ ፖለቲከኞች,0,0,0,2,0,0
amh_train_track_b_02783,የትኛው የኦሮሞ ኦርቶዶክስ በአማራ ሞት ሲያዝን አየህ ? እነሱ ናቸው በደካማ ጎናችን እየገቡ ለጠላት የሚሰጡን ።,1,1,0,0,0,0
amh_train_track_b_02784,ሌባው ዘራፊው ታከለ ኡማ በሰራው ከባድ ወንጀል ሳይጠየቅ ከስራው መሰናበቱ እጅግ ያማል ያሳዝናል!? በአዲስ አበባ የሚገኙ ወርቅ ቤቶችን ያለአግባብ ተጠያቂ በማድረግ ወንጀሉን ለመደ,0,1,2,0,0,0
amh_train_track_b_02785,ነብስ ይማር ግን በድንገት ለሞተሰው ህዝብ ለምንድን ነው የሚረዳው የሙት ደም በቃ መካሻ ነው እርዳታ የምትጠይቁ ሰዎች በጣም አሳፋሪዎች ናችሁ,1,0,1,0,0,0
amh_train_track_b_02786,Hayat Asssosssa እንዴ እህቴ ምን ነካሽ ለማንኛውም ካልገባሽ ደግመሽ አንብቢው አንች ሙስሊም አደለሽ እንዴት ነው ቤተክርስቲያን እምትሄጂው???,0,0,0,0,0,0
amh_train_track_b_02787,b d hayru እውነት ስታም ወደ ስድብ ትዞራለች ደስ የሚለው ሃይማኖቴ ስድብ አላስተማረኝም,0,0,0,0,0,0
amh_train_track_b_02788,ጃል አሪዎስ ? የሱን መስቀል ከምሳለም ከ አዲሱ የንግድ ባንክ ህንፃ ላይ ብፈጠፈጥ እፀድቃለሁ? ይ ገ ማ ኛ ል ?,0,2,0,0,0,0
amh_train_track_b_02789,ሁሉም ማደሪያ አለው።ድሮ ታቦት በዝማሬ ይታጀብ ነበር አሁን ግን አሪፍ ባህል እያሉ በዘፈንም ያጅቡታል ከቁልቢ እስከጎንደር ሳይቀደሱ የተቀደሰውን ተሸክሞ ከዝማሬ ይለቅ,0,0,1,0,0,0
amh_train_track_b_02790,ሕጻናትንና እናቶችን ደካሞችን ለመጨረስ ነው አምላካቸው ማይተኛው እረ የፈጣሪን ክብር በዚ ደረጃ አታውርድት ፈጣሪያችን አዛኝና ሩሩ በደልን የማይወድ በምድር ላይ ለፈጠራቸው ፍጡሮች ሁሉ ለማንም ማያዳላ ትከከለኛ ፈራጅ ነው ክብር ይገባው በደል በሠወም በፈጣሪም ዘንድ የተጠላች ናት ፍትሕ 75አመት ሙሊ ለሞቱትና ለተበደሉት ለ ፍልስጤም ሕዝብ ይሁን,1,0,2,0,0,0
amh_train_track_b_02791,በሶማሌ ክልል ጎዴ የመንግስት ግብር እየተባለ ህገወጥ ስራና ህዝብላይ አደገኛ ብዝበዛ እየ ተካሔደ ነው እባካችሁ ለርሰ መስተዳደሩ አድርሱልን,0,0,1,0,0,0
amh_train_track_b_02792,እውነቱን ሳላውቅ ሳልረዳ በውሸታም የሚዲያ ነጋዴ ተመርቼ ማንንም አላወግዝም እንደ ጠቅላላው የህይወቴ መርህ ሰው መግደል ሳይሆን ሰው መጥላት ነፍሰ ገዳይነት ነው እዛ,1,0,0,0,0,0
amh_train_track_b_02793,እረ አለም ነዋሴ ለማነው ዜናው በእንግሊዘኛ ወይስ ነጮችም ይሰሙሀል ቀልደኛ,0,1,0,0,0,0
amh_train_track_b_02794,የጉራጌ ህዝብ ምርጥ ህዝብ ሰርቶ የሚበላ የኢትዩጲያ ሞደሊስት ናቸው ስነስረአታችሁን በጣም ወድጀዋለሁ ጀሪካን ይዞ ሁጠማኝ ያለን ህዝብ በጥይት መመታታችሁ ልቤን ሰብሮታል ኢትዩጲያ በገ,0,0,2,0,0,0
amh_train_track_b_02795,የእውነት እውነተኛ ፍቅር ነው የፍቅርን ልክ ከልቡ አፍቅሮ የሚያውቅ ሰው ነው የሚያውቀው አይደለም ሳላስበው በአካል ማግኘት ድንገት ዐላይን ካየሁት ነው የምደነግጠው ወላሂ እጄም ላይ ስሙን ተነቅሼ ነበር ግን ጉዳት ነው አጠፋሁት ሰላም አለው ንቅሳቱ ሲጠፋ ያው በልቤ ፍቅሩ ስላለ ዛሬም...,0,0,0,1,0,0
amh_train_track_b_02796,በስባሶች  የቆጡን ኣወርዳለሁ ብላ የብብትዋን ጣለች  እንኳንስ ዓሰብ ልታገኙ ይቅር ብትንትናችሁ ወጥቶ ትበታተናላችሁ  ነበር ሆናችሁ ትቀራላችሁ,1,2,0,0,0,0
amh_train_track_b_02797,የኩዚ እናት ምን አይነት ክፉ ነች ሲሆን ለ kuzi ማዘን ሲገባት ምን አርግ ነው ምትለው,1,0,2,0,0,0
amh_train_track_b_02798,ዛሬ እየተከታተልክ ከሚታቀርብልን...ህዝቡ ራሱ ቀጥታ እንድከታተል ማድረግ ለምን ተሳናችሁ? በሀገራችን የመጀመሪያውና ቀዳሚው Commmunity media SMN መሆኑን ለምን ዘነጋችሁ...ለምንስ አቀነጨራችሁት? በፊት ለDiaspora የሚሰጠው የአየር ሰአት ለምን ተቋረጠ!...የህዝብ ሚድያ ለህዝብ ለቀቅ አድርጉ!...ካድሬወች ከፈለጉ የራሳቸውን ሚድያ ያቋቁሙ!...Hawallle keeerunnni iiilllitinooonnni!!!,2,0,0,0,0,0
amh_train_track_b_02799,ኧረ ወዳ የማያልቅ ኢራን ኢራን ጉራ ብቻ ይልቁንስ ያልተጠበቀዉ የመን በወኔ ተቀላቀለ አሏህ ያግዛቸዉ ድል ለአማኞች ለተገፉት ሞት ሽንፈት ለአረመኔዋ ለጨካኟ ህፃን ገዳዮች የአሏህ ቁጣ ይዉረድባቸዉ,1,1,1,0,0,0
amh_train_track_b_02800,በህንድ የተደፈረች ታዳጊ እርዳታ እየተማጸነች መንገድ ላይ ስትዞር መታየቱ ቁጣን ቀሰቀሰ,1,0,1,0,0,0
amh_train_track_b_02801,የቦረናው ረሃብና ሞት ሀብት ለመፍጠር አይጠቅምም ወንድሜ። በአሁኑ ወቅት የሚደረግ ድጋፍ ነፃ ምሳ አይደለም። this one may have a return Lol,0,0,0,0,0,0
amh_train_track_b_02802,እነዚህ ተስፋ አስቆራጭ ምሁራን ይባላሉ ። ጦርነት እንግጠም አልተባለም አንመካከር እንጂ ። ኢትዮጵያ የምትሰጠው አላት ሌላውም ሊሰጠን የሚገባ አለ። ፍላጎታችንንን ግልጽ አድርገን እንወያይ የሚለው ሀሳብ የሚደገፍ ነው።,1,0,0,0,0,0
amh_train_track_b_02803,የታስሩት ተፍቱልህ ጁ ባይደን እንኳን ደስ አለህ,0,0,0,1,0,0
amh_train_track_b_02804,ሲስተር ዘቢደር እጅግ ላንቺ የተለየ አግርሞትና አድንቆት አለኝ በርቺ ከጎንሽ ነን,0,0,0,2,0,0
amh_train_track_b_02805,እኔ ኤርትራዊ ነኝ ሠማቹ ስሌ ፍልስጤም እስራኤል ህዝብ ሞት እጅግ ያሳዝናቹዋል  ባሃገራቹ በኣማራ እና ትግራይ ቦሮና በራሃብ የሚሞቱ ያሉት ህዝባቹ ኣንዲት ብላቹ ኣታቁም,1,0,1,0,0,0
amh_train_track_b_02806,በእውነት የሚገርም መልዕክት ነው ! ግን የሚሰማ ሳይሆን ልብ ያለው ና የማዳመጥ አቅም የለው አመራር ካለ! ለነገሩ ችግሩን ለችግር ፈጣሪው ማስረዳት ሆነ እንጂ ነገሩ,0,0,1,0,0,1
amh_train_track_b_02807,የተነገረውን ሁሉ ሰምቶ የሚፈነድቅ እንጂ ጠያቂ ማህበረሰብ ባለመኖሩ  የመጣው የሄደው ሁሉ ይጫወትብናል አሁን ላለንበት ቀውስ የጠቅላዩ አቅመቢስነትና ወላዋይነት ዋናው ቢሆንም  ከሁዋላ እየገፋ ማነቆውን ማን እንዳጠበቀው አንዘነጋም አባው እንቅልፍ ተኝቶ ሲነቃ ለህዝብ ሀሳቢ ሆኖ ባነነ ወይ ፉገራ,1,1,0,0,0,0
amh_train_track_b_02808,ኡፍፍፍ አቤት የሰው የክፋቱ ጥግ ጌታ ሆይ በጣም ያማል የኔ እህት እግዚአብሔር ይርዳሽ💔😭,0,0,2,0,0,0
amh_train_track_b_02809,1 በመከላከያ ሰራዊት ላይ እጅግ ዘግናኝ ወንጀል የፈፀመና የአገር ክህደት ወንጀል የፈፀመ፤ በአማራና አፋር ሕዝብ ላይ የዘር ማጥፋት፣ በሰብአዊነት ላይ የተፈፀመ ወንጀል እንዲሁም የጦር ወንጀል የፈፀመ፤,0,1,0,0,0,0
amh_train_track_b_02810,የእኛ አይናለም ምኑ አጋጠማት ልጅነታችንን የምናስታውስባት ምርጥ ሀገር ወዳድ ጋዜጠኛ ነበረች ገና ብዙ በምትሰራበት ዕድሜ በሞት መለየቷ እጅግ በጣም ያሳዝናል እግዚአብሔር ነብሷን በዓፀደ ገነት ያኑርልን,0,0,3,0,0,0
amh_train_track_b_02811,ባለፈው ሰሞን አንዱ ሪቮ ይዞ 22 አካባቢ ሲጠጣ ድንገት መኪናው የለም ከዚያ ወደ ሚስቱ ይደውልና አንች ሪቮዋ መጣች እንዴ አላት። ያሉት ነገር ትዝ አለኝ። አሁንም የፈረሱን ፈን,0,0,0,0,0,0
amh_train_track_b_02812,ስፅሁፍ ሳይሆን Live እየዋሽ ስላየሁት ብቻ አስጠላኝ እንጂ ህገመንግስትም የፃፍ ሰዎች አሉ ። እና ምንም የሚገርም ነገር የለም ። ትዝብቴ ግን ብዙ ሰዉ አያነብ,0,0,0,0,0,1
amh_train_track_b_02813,ለመጀመሪያ ጊዜ አውራ ዶሮ አይቶ የታወረ ሰው በአለም ላይ ያለው ትልቅና ውብ ነገር ሁሉ አውራ ዶሮ ይመስለዋል፡፡ ሌላ አይታችሁ አታውቁም እንዳታዩም ታውራችኋል ስለ,0,2,0,0,0,0
amh_train_track_b_02814,ሲማይ ኩዚ እማወጣበት ቀን ነብር የምጠብቀው ደስ አለኝ የተነካይ ኡፍ አበቃ ወደድሮማነንትሽ ተመለሽ ሸፋፋ ኩዚ እኮነው ልጅ አላወቀችውም ደሞ ታስፈራራለች,0,0,0,1,1,0
amh_train_track_b_02815,የተያዙት ወነጀለኞች በሙስና እንዳይለቀቁ ስጋት አለብኝ,0,0,0,0,2,0
amh_train_track_b_02816,መከላከያ ድሮ ቀር ተወዳጅ ያሁኑማ ዘርኛ ነው ያንድ ፓርቲ ተላላኪ ብቻ,1,1,0,0,0,0
amh_train_track_b_02817,ቀድሞ የምናየው የለመድነው ቀርቶ እንግዳ ሞት አየሁ ካባቴ ቤት ገብቶ ድርቅ ሆኗል አሉ ዘንድሮ አገራችሁ ዝናሙ ሲጠፋ ምነው ዝም አላችሁ አሻግሬ ሳየው እንዲያ በሰው ላይ መከራም እንደሰው ይለመዳል ወይ,0,0,2,0,0,0
amh_train_track_b_02818,የዓየር ሀይሉ እድገት የቀድሞ የኢትዮጵያ ዓየር ሀይልን ብቃት ለመመለስ የሚደረገው ጥረት ይበል ያሰኛል ችሎታውም ጭምር የአንድ ሀገር ሠራዊት ብቃት የሚለካው ከባዕዳንጋር በማያደርገው የሊዓላዊነት የማስከበር ግዳጅ እንጂ በርስ በርስ ጦርነት አለመሆኑን መረዳት ግድ ይላል,0,0,0,1,0,0
amh_train_track_b_02819,ምሳሌ 24 ልጄ ሆይ፥ እግዚአብሔርንና ንጉሥን ፍራ፥ ከዓመፀኞችም ጋር አትደባለቅ። መከራቸው ድንገት ይነሣልና፤ ከሁለቱ የሚመጣውን ጥፋት ማን ያውቃል?,0,0,0,0,0,0
amh_train_track_b_02820,ኣይ ወያኔ ሜጀር ጄኔራል ኣበባውንና ክቡር ባጫ ደበሌን የመሳሰሉ ጀግኖችን ያለእድሚያቸው በጡረታ እንዴት እንዳሰናበቻቸው ትግሬ ስላልሆኑብቻ በጡረታ ያሳዝናል የለውጡ የኣብያችን የኢትዯጵያ ድንቅ ጀግኖች ናቸው,1,0,1,0,0,0
amh_train_track_b_02821,ደመኞች አመጸኞች ከወያኔ የማትማሩ ይሄን ህዝብ ለማስፈጀት ሽብር ትነዛላችሁ የሚመጣ የሚቀየር ላይኖር ይሄን ህዝብ አታስፈጁት!,3,0,0,0,0,0
amh_train_track_b_02822,በዚህም ተከስተናል ካልኩሌቱ በደንብ ተሰርቶ ከነገ ጀምሮ ይቀጥላል እውነት የሚታፍንበት ውሸት የሚነግስበት ነው መርጃውን መሬት ላይ ቁጭ አድርጎ አላፊ አግዳሚውይዘግነዋል,0,0,0,0,0,0
amh_train_track_b_02823,አር ኡኡ ተው በምስኪኑ ህዝብ ምድር ጨበሬ አታጭበርብሩን ህዝብ ተርፎት አይርዳም ሻሻ ሠለቸን በቃ ካሁን በሀላ መርዳት እናቆማለን ምድር ድሩዬ መጫወቻ ሆነን ቀርን ልጅ ማሳደጊያ ይግባ ልጁ ለህግ ይቅርብ የተሰበሰበው ብር ታማሚዋን ትታከምበት ብሩን ይመልስ ሌባ ነው መቼስ ህግም የለም ያማል ህፃኑ ያሳዝናል,1,0,2,0,0,0
amh_train_track_b_02824,ይሄ ደናቁርት የወሎ ክልል ሊመሠርት ነው ትግሬና አማራ ጥላቻው ንቀቱ ከመጠን በላይ ነው አማራ ትህነግ ይግባ ሲል ነበር ያለው ትህነግ ቢመለስ አሁን አብይ አህመድ ከሚሰራው ምን የተለየ ይሰሩ ነበር አማራውን አክብረውና ወደው ቤተሰቡን እና ሀብቱን ባይነኩበት የማርያም መንገድ ይሰጣቸው ነበር እነሱ ዛሬም አብይ እየጠበጠባቸው በአማራ ኤሊትና ፋኖ ይቃዣሉ ትህነግ ፸፭ ከመቶ የሀገር ጦር መሳሪያ ይዞ አልተሳካለትም ትህነግ ሲጠየቅ ግን የፋ,2,1,0,0,0,0
amh_train_track_b_02825,ምንጩ ማነው ምንጭ የሌለው ዘገባ ውሸት ነው,0,0,0,0,0,0
amh_train_track_b_02826,ሰላም እንዴት ነህ በአርሲ ዞን ሽርካ ወረዳማንነታቸው ያልታወቁ የታጣቂዎች ጥቃት እስካሁንም ከ50 ሰዉ በላይ ተረሽነዋል,0,0,1,0,0,0
amh_train_track_b_02827,ኤርሚ በግድ ነው አይደል እዚህ ሚዲያ ውስጥ ያለው እንጂ ባልደረባችሁ አይደለም አንደዛም አትቆጥሩትም ታሳፍራላችሁ ❗️ለአማራ መልፋት ትርፉ ይህ እንደሆነ ነው ያሳያችሁን ሌላ ከዚህ ይማራል ብዬ አምናለሁ ።ምድረ የአማራ ብሄርተኛ እሱ ከእናንተ ዘር ስላልሆነ ታገሉታላችሁ ለነገሩ እናንተ ምን ታደርጉ የሱ ጥፋት ነው።,0,1,0,0,0,0
amh_train_track_b_02828,በአንድ ሰው ሞት ምክንያት የስንቱ ንፁሃን ደም በከንቱ ፈሰሰ,0,0,2,0,0,0
amh_train_track_b_02829,ጌታ ኢየሱስ ምህረት ያድርግልህ ድሮም የዘረኛ መጨረሻው ይህ ነው ዘረኝነት ጥንብ ነው ስንል የነበረው ለዚህ ነው አየህ መጨረሻህን ወደ ሀጥያት መንገድ ወሰደህዘፋኝ የእግዚአብሔርን መንግስት አይወርስምገላቲያን ሙሉውን አንብበውለሁለት ጌቶች መገዛት አይቻልምወይ ብርሀን ወይ ጨለማን መምረጥ ግድ ነውእግዚአብሔር ምህረት ያድርግልህ በእውነት ታሳዝናለክ,0,0,2,0,0,0
amh_train_track_b_02830,እግዚአብሔር የሰጠሽን ስጦታ አፈረሽበት ነዉ የወንድ እስታይል የምትከተይዉ ፈጣሪ ይመልስሽ ይ,0,1,1,0,0,0
amh_train_track_b_02831,እንዴታይነት ጨካኝ ዘግናኝ ዘመን ላይ ደረስን ምነው እግዚያቢሄር ሆይ ዝምታህ በዛ 2አመት ጭቅላ ምንም የማያውቅ እንስሳ ይገላሉአይይፈጣሪዬ ፍረድ ምነው ቀለቡ ቢቀር ኡፍፍ,0,0,2,0,0,0
amh_train_track_b_02832,በኢራን የሚደገፈው አማፂ ቡድን የአሜሪካን ወታደራዊ ድሮን መትቶ ጣለ,0,0,0,0,0,0
amh_train_track_b_02833,ናሪን ና ፍርሃት የልጀነቹው ፍቅር ደስ ሲል ነበር,0,0,0,2,0,0
amh_train_track_b_02834,ይቅርታ አርጉልኝና ይሄን 2 ወር ከፆመዉ ሰዉ ይልቅ የረሀብ አድማ ያደረገዉ ሰዉ እጅግ ብዙ ነዉ ?,0,0,0,0,0,0
amh_train_track_b_02835,ህፃናትን የሚገል እስራኤል ጨካኝ ቦቅባቃ ፈሬ,0,2,0,0,0,0
amh_train_track_b_02836,EBC ለምን ትልቅ ሽፋን አይስጥም ለሚደረጉ ልማትች እድገቶች የሚያተኩረው ከችግርች ላይ ነው ህዝብ የሚያበረታታው በመንግስት እምነት እንዲኖረው የሚያደርግ ስራ አይደለም የሚስሩት ኤውነቱን ማቅረብ አይፈልጉም የEBCETV አላፈና አቀነባባሪ ቼጌር አለባቸው,2,0,0,0,0,0
amh_train_track_b_02837,አንተ ራስህ እስኪወተውትህ መጠበቅህ የሚገርም ነው። የቤታችሁ ዌልከም ሳይን በዚህ የታጀበ ነው መሆን ያለበት?,0,0,0,0,0,1
amh_train_track_b_02838,አማራ ገድዮ ጉራጌ ኮሬ etc ቆይ እስከመቼ ነው ከየኦሮሙማ ጭቆና እፎይታ የምናገኘው?,1,1,0,0,0,0
amh_train_track_b_02839,በኢትዮጵያ የኤሌክትሪክ መኪና ማሽከርከር ምን ያህል ያዋጣል?,0,0,0,0,0,0
amh_train_track_b_02840,በአሜሪካ አንድ ጨቅላ ከተኩላ ጋር በተዳቀለ ውሻ ተነክሶ ሞተ,0,0,1,0,0,0
amh_train_track_b_02841,ብዙዎች ተቺ የሚመስሉ ነገር ግን እጅግ ምቀኝነት የተሞሉ ለሆዳቸው የሚኖሩ እና የሌሎች ሰዎች ፍላጐት የሚያሟሉ የብልፅግና ጠላቶች ናቸው። ብልፅግና እያበበ ሲሄድ ሌሎች እየከሰሙ ይሄዳሉ።,0,1,0,0,0,0
amh_train_track_b_02842,ስድብ ጥሩ አይደለም ኢትዮጵያዊ ባህላችንም አይደለም እንታረም ወደድንም ጠላንም የታላቋ ሀገር መሪ ነው የከፈለው መስዋእትነትም ቀላል አይደለም ሚዛናዊ እንሁን,1,0,0,0,0,0
amh_train_track_b_02843,ለዳዉሮና ኮንታ ሕዝቦች መከራ ተጠያቂዎች ደ/ር አሸብር፡ ዶ/ር ነጋሽ ዋገሾ፡ዳመነ ዳሮታ እና ሌሎች ከአሸብር ጉቦ የተቀበሉ አመራሮች ናቸዉ፡፡፡ ዋገሾ ናቸዉ,1,1,0,0,0,0
amh_train_track_b_02844,ይኽን ነገርአ ንድ ቀን ፕራንክ ነው! እንዳይለን ብቻ ?! የጉድ ጊዜ!,0,0,0,0,1,1
amh_train_track_b_02845,እኔኮ የሚገርመኝ አገር የሚመራው አብይ ነው ፌስ ቡክ ላይ የምትሳደቡ ሁሉ አገር እንድትፈርስ የምትፈልጉ ደደደቦች እንደሆናችሁ የሚያረጋግጥ እንደሇነ ግልፅ ነው ትንሽ ሰከን ብትሉያዋጣል,1,1,0,0,0,0
amh_train_track_b_02846,Ethiopia በህዝብ ተጠልተን ልንወድቅ ነው የጠቅላዩ ያልተጠበቀ ንግግርና ማስጠንቀቂያ! via,0,0,0,0,0,0
amh_train_track_b_02847,ከኃላቸው ድንገት ከየት መጣ ሳይሉ አንድ ሲኖ ትራክ በጥሩንባው ቆሌያቸውን ገፈፈው,0,0,0,0,0,0
amh_train_track_b_02848,በስሜታዊነት ሳይሆን በተረጋጋ ልብና ህሊና ነገሮችን መመልከት ያስፈልጋል ልቦና ይስጥልን,0,0,0,0,0,0
amh_train_track_b_02849,ይገርማል ሳውዲ ኣህዛብሃገር ሁነን ሁለት ሶስት መስቀል እያረግንበ እስራኤል በጌታ ሃገር መስቀል ማውለቅ ያሳዝናል ላንተ የደረስ ልዑል እግዚአብሔር ለኛምይ ድረስልን ፀጋውን ያብዛልን ኑርልን አባየ የኔ ስስት,0,0,2,0,0,0
amh_train_track_b_02850,ሀማስም እራሱ በማሰው ጉድጓድ ከሽዎች ጋር ተቀብሯል ያሳዝናል ሀኒያም ቤቱ ፈርሷል በስደት መቅረቱ ነው ሂዝቡላም እየተደበደብች ኢራንም በፍርሃት ቤሩትም እንደጋዛ እንዳትፈርስ በጭንቀት እብዱ አርዱዋንም ዝምታውን መርጧል ያረብ ሀገሮችም በስውር እስራኤልን እየደገፉ ነውየተባበሩት ጉተሬስም ቪዛ ተከልክሎ እየተማፀነ ይገኛል ሩሲያም ድሃናት እርሷን የተጠጉ ሁሉ ድህነት በልቷቸዋል  እስራኤሎቹ በኤውሮፓ በኳስ ይዝናናሉ አዋዜ አ,0,0,1,0,0,0
amh_train_track_b_02851,ZeEthiopia?ሰበር ሪፈረንደም አድርገን ኦሮሚያን ባዶ እናደርገዋለንሁሉም አማራ ሊሰማው የሚገባው አስገራሚ via,0,0,0,0,0,1
amh_train_track_b_02852,ገዳዮች እስካልተገደሉ ወንጀሉን መደጋገማቸዉና ሌሎችም የእነሱን ፈለግ እንዲከተሉ ማድረጋቸዉ አይቀርም,2,0,0,0,0,0
amh_train_track_b_02853,በክት ቆሻሻ እናንተ ከሀዲዎች አንተን ይሄን ያህል መከተሌ ሆዳምነትህ ሳይገባኝ ነው ያመኞል ሁላ,2,2,0,0,0,0
amh_train_track_b_02854,ደሬእባክህ ሰውነትህን ቀንስውፍረት ለጤና ጥሩ አይደለምእንድትኖርልን እንፈልጋለን,0,0,0,0,0,0
amh_train_track_b_02855,የህወሓት ሊቀ መንበር ዶ/ር ደብረ ጽዮን በትግራይ ምርጫ ‘በአስቸኳይ’ እንዲካሄድ ጠየቁ,0,0,0,0,0,0
amh_train_track_b_02856,ሆዱ አምላኩ ስዪም? ቀይ ሽብር ብለህ ጭራሽ አስፈራራህ በወንጀሉ እጅህ አለበት,1,1,0,0,0,0
amh_train_track_b_02857,አንድ የኦሮሞ ጽንፈኛ አና የአማራ ነፈሰ ገዳይ የአሜሪካን ቅጥረኛ በ ሁለት ሰዓት ውስጥ ከ 400 ሺ ሰዎች በላይ ባንዳዎች አና ሀገር ሻጮች ካዩት ይህ የሚያሳየው በሚቀጥለው ምርጫ ላይ ይህ አባብ ገዳይ ደም ጠጭ አና የሞት ነጋዴ ጀዋር ምርጫውን ያሸንፋል የሚያሳዝነው ግን ኢትዮጵያ በኦሮሞ ሰዎች ላይ ለዘላለም ትወደቃለች  ትበታተናለች ይህ ብቻ አይደለም ኢትዮጵያ ውስጥ አንድም ክርስትያን በሕይወት ጨርሶ አይኖርም ኢትዮጵያ መቶ በመቶ የአስላሞ,1,2,0,0,0,0
amh_train_track_b_02858,ዛሬ የታላቅ አማራ ሰማእት የአባታችን ፕሮፌሰር አስራት ወልደየስ የሰማእትነት እለት ነው የአማራ ሕዝብ አባታችንለትግል ከተነሱበት ጊዜ ይልቅ ዛሬ በከፋ የኅልውና ስጋት ውስጥ ይገኛል,1,0,0,0,0,0
amh_train_track_b_02859,ማህበረ ቅዱሳኖች በርቱልንማህበሩን እስከ አለም ዳርቻ ያስፋለን በጣም ደስ ይላል በእውነት,0,0,0,3,0,0
amh_train_track_b_02860,ድል ለእስራኤል ለፍልስጤም የምትሉ ቆሻሾች አሁን እንኳን የማትነቁ ጌታ ሆይ ይቅር በለን ምን አይነት መዝቀጥ ነው ሰው ናቸው እኮ ሁለቱም የሞቱት ህፃናት ህዝቡን አታዩም ባለጌዎች አስቀያሚ ዎች እግዚአብሔር ይፍረድባቹ ነታባታቹ ታቋቸዋላቹ ድድድብና ነው እንጂ ሀገራቹ ዞር ብላቹ እዩ,1,2,0,0,0,0
amh_train_track_b_02861,ይሄ ቢኒያም የሚባል ወንበዴ የተመታታታበር አጭበርባሪ ነው !,0,2,0,0,0,0
amh_train_track_b_02862,እሷ ጥሩ እየሰራች ነው ማለት ነው,0,0,0,1,0,0
amh_train_track_b_02863,ወዳጄ ቅዘን ሚባል አስቀያሚ ነገር ከውስጣችን ሚወጣውን አንርሳ!!!,0,1,0,0,0,0
amh_train_track_b_02864,ሁሉንም ትተህ እንደ ሰው ግን ፖለቲካም ምንም ሳያሳስብህ የሰዎች መንገላታት ያማል የምር። ይቺም ምን ሆና ለ2 ተከፈለች? ቤቱ ሳይፈርስም እየኖሩ አልነበረም,0,0,3,0,0,0
amh_train_track_b_02865,በሠላማዊ ከተማ ይሄ ሁሉ ግርግር እና የጦር መሣሪያ ማንን ለማስፈራራት እንደሆነ ግልፅ ነው የምታደርጉት ነገር ከሚፈጥረው ፍርሃት የበለጠ የእናተን ሽብር ይነግረናል በቃን,1,0,0,0,1,0
amh_train_track_b_02866,እግዚአብሔር ከልጆች ጋር ይሁን 🥺 ሰላም ለሁሉ ሰው ይሁን 🤲,0,0,0,1,0,0
amh_train_track_b_02867,"ፅዮንዚም ከአለም በሽብርተኝነት ተወንጅሎ ለፈፀመዉ የሰዉልጅ ፍጅት የእጁን ሲያገኝ ,የየየአቆብ ልጆች በሰለም ይኖራሉ ሞት እና ዉድቀት ለዘመኑ ናዚ ለሆኑት ፅዮናዊያንና ደገፊዎቻቸዉ",1,2,0,0,0,0
amh_train_track_b_02868,ሀሳብህን የምደግፈው ቢሆንም አገላለጽህ ግን አባቶችን የተቀቡትን የዳሰሰ ያላከበረ አላዋቂ ያደረገና ስሜታዊነት የጎላበት ነውና መስተካከል ቢችል መልካም ነው,0,0,1,0,0,0
amh_train_track_b_02869,እንደ አንድኦሮሞ ማህበረ_ሠብ ፕሮቴስታንት እምነት ተከታይ ይህን እያወቀ ራሱ ይሣተፋል ?እንደ አህዛብ በዓሉን ያከብራል ወይ? የሚገርም ነው።,0,1,0,0,0,1
amh_train_track_b_02870,ሰላም የሁሉ ነገር መጀመሪያ ብርሀን ነው ሲሉ ጠቅላይ ሚኒስትር ዐብይ አሕመድ ገለፁ በአዲስ አበባ ከተማ ወዳጅነት አደባባይ ጦርነት ይብቃ፤ ሰላምን እናጽና በሚል መሪ ሐሳብ የምስጋ,0,0,0,0,0,0
amh_train_track_b_02871,እንደ ሀገር ለመቀጠል የገጠሙን ችግሮች ዘርፈ ብዙ ናቸው። ጥሩ ውጤት ያስመዘገብንባቸው የጎደሉን ላይ እንድንበረታ አቅም እየሆኑን በሂደት ሁሉንም ችግሮች ለመቅረፉ እንበረታለን እንጂ,0,0,0,0,0,0
amh_train_track_b_02872,"ወሰንሰገድ ገብረኪዳን፡ ""አዶኒስ አስካሁን ከሰራው በላይ ወደፊት ሊሰራ ያቀደው ነበር ያጓጓኝ""",0,0,0,0,0,0
amh_train_track_b_02873,አምስት ስዊድናዊ ታዳጊዎች የታክሲ አሽከርካሪ በመግደል ወንጀል ጥፋተኛ ሆነው ተገኙ,0,0,1,0,0,0
amh_train_track_b_02874,ሰጥቶ መቀበል ላም ወተቷን ትሰጣለች አሳዳሪዋ ልጇን ታገኛለች,0,0,0,0,0,0
amh_train_track_b_02875,ልክ ብለሀል በቁም የሞቱ ናቸው በህይወት የሉም እኮ,1,1,0,0,0,0
amh_train_track_b_02876,መጀመሬዉኑ ከህዝብ በስተጀርበ በድብቅ የሚደረግ ድርድር በሺ የሚቆጠር ደም ወዴት ሂዶ በሚሌዎን ተፈናቃይ በሺዎች የሚቆጠር አሰቃቄ ሞት ወለጋ ደም ፉትህ መቼ አገኛ እራሳቸዉ ገዳዩች እራሳቸዉ ተደራዳሬዎች ፉትህ ከእግዚአብር የሚጠብቁ የላኛዉን ጌታ የሚጠብቁ ብዙ ምስኪን ሀዝብ አለ ደሙ እሚጮህ ለቅሶዉ እንዴሰማለት የሚፈልግ ሰላምለህዝባችን ይሁን የሰላሙ ጌታ ለምስኪኖች ያሁን,1,0,1,0,0,0
amh_train_track_b_02877,ኢትዮጲያ አዝላ የነበረውን መከራ እና ስቃይ ፍንትው አድርጎ ያሳየን ጀግናው መሪያችን ዶክተር አብይ አህመድ ነው !,0,0,0,2,0,0
amh_train_track_b_02878,አቶ ደረጄ እጅግ እናመሰግናለን የእነደዚህ ኤእነት ሰዎች ሃሳብ ስለምታጋራን ለአቶ ጃዋርም ትልቅ አድናቆት እና አክብሮትያለኝ ሰው ነኝ እኔ ቀድሞም አቶ ጃዋር ኢትዮጲያን የሚያውቃት ከውጭ ብቻ ነበር ይሰማኝ ነበር በሕዝቡ መካከል ውስጥ ሆኖ ኢትዮጲያን ሲመለከታት ሌላ የማያውቃትም ኢትዮጲያ እንዳለች ይገነዘባል የሚል እምነትም ነበረኝ አሁንም ኢትዮጲያ በቆየባቸው ጊዜያት በተወሰነ መልኩ ያቺ ሌላኛዋ ኢትዮጲያ ያያ ት እየመሰለኝ ነው ወደፊት ደግሞ,0,0,0,2,0,0
amh_train_track_b_02879,Kidì Ënåtèn Nãfàkì እኔ በዚህ ሰአት እስልምናን ተቀብያለው በፊት ኦርቶዶክስ ነበርኩኝ የሆነሰው ከኦርቶዶክስ ከወጣ ማጥላላላት ልማዳችሁ ነው,1,1,0,0,0,0
amh_train_track_b_02880,ጎበዝ ዳዊት ጥሩ አእምሮ ታነቢያለሽ። ለማነኛውም Artat kilo ብቻ ይበቃሀል እነ ሙሉጌታ ሚዲያ ጋር አትቅረብ ስሜታዊ ናቸዉ ።,0,0,0,2,0,0
amh_train_track_b_02881,በትግራይ ህፃናት እና እናቶች በከፋ የምግብ እጥረት እየተሰቃዩ ነው ተባለ,0,0,1,0,0,0
amh_train_track_b_02882,ኡፍፍፍ አይዞሽ የኔ እናት ይሔ ሁሉ መከራ በዚህ እድሜሽ ፈጣሪ ይረዳሻል,0,0,3,0,0,0
amh_train_track_b_02883,1887 የሱ በጣም የሚገርም ነው ግን ለምን እስካሁን አታድርጉም ያለ ማረጋቹም ይገርመኛል ።,0,0,0,0,0,2
amh_train_track_b_02884,ሰበር ዜና አሸባሪው አብይ አህመድ በእግረኛ ጦር በከባባባድ መሣርያ በታገዘ ያላረካው የፅንፈኛው አብይ አህመድ አውሬወች የድሮን ጥቃት ፈፀመ መስከረም 26/2016 በምስራቅ ወለጋ አቤ ደንጎሮ ወረዳ አሩሲ ቀበሌ በጋሪሮ መንደር የተፈፀመው ዘግናኝ የዘር ፍጆት ስድስተኛ ቀኑን አስቆጠረ። ትናት መስከረም 25/2016 ከምሽቱ 01:000ጀምሮ አዳሩን በድሮን የአማራን ህዝብ ሲጨፈጭፍ እንዳደረ ከቦታው የደረሰን መረጃ ነው። ተጠናክሮ,0,2,0,0,0,0
amh_train_track_b_02885,ዛሬ ያጎረስከው አድጎ ይበላሃል ዘረኝነት ጥንብ ናት ። ነብዩ መሀመድ (ሰዐወ)?,0,0,0,0,0,0
amh_train_track_b_02886,ትግራይ መቼም ነፃ አትወጣም።ሕወሓት እስካለ ሞት ተንኮል ጦርነት ይኖራል። እሺ መንግስት ለገደለዉ አለቀሳችሁ ወያኔ ለገደላቸዉ ለእነ መምህር የማኔ ኮቦሮ ኮቦሮ ኮቦሮ ትላላላችሁ?,0,1,0,0,0,0
amh_train_track_b_02887,በጣም የሚገርም የማስታወስ ችሎታ አንደበተ ርቱእ እባክህኤነዚህንና ሌሎችንም ከትበህ ለትውልድ እንዲቀመጥ አድርግልን አድርገህው ከሆነ ይቅርታ በቃል ያለ ይረሳል የተፃፈ ይወረሳልና አመሰግናለሁ,0,0,0,2,0,1
amh_train_track_b_02888,የዓለም ዋንጫ፡ አርጀንቲና ወደ ቀጣዩ ዙርፍ ስታልፍ ያሸነፈቻት ሳዑዲ በጊዜ ተሰናብታለች,0,0,0,0,0,0
amh_train_track_b_02889,የስንት ሚሊዮኖች ሞት እና መፈናቀል ነው የሚያስተምራችሁ ? ጋሼ ረጋ ይበሉ ፣ በ21 ዘመን ሰው እንደ ቅጠል እ,1,0,1,0,0,0
amh_train_track_b_02890,አይ መግማት መግማማማት ቀስ ብለህ ነብይ ጨርቆስ ሆነህ ትመጣለህ 🤣🤣🤣,1,2,0,0,0,0
amh_train_track_b_02891,ምን? ? በድሮን ዛፍ ነበር እንዴ ሲያመላልስ የነበረው ይሄ ቅቤ? የሟች ቁጥሩን በዳኒ ስለቀነሰው ደስ ቢለኝም,1,1,0,0,0,0
amh_train_track_b_02892,እናት ስላላላችሁ ብቻ ፈጣሪን አመስግኑ ደስ ትላላላችሁ,0,0,0,2,0,0
amh_train_track_b_02893,ፍርሀት ፍርሀት ይሸታል ይኸና ይኸ ታጠቅኩኝ ምን አመጣው ወታደራዊ ምስጢራዊነት የት ገባ,0,0,0,0,1,0
amh_train_track_b_02894,ወታደሩ ተረፈረፈ እስረኞችን ማስለቀቅ አልቻሉም ለዛ ነው ውድቅ ተደርጓል ሞት ወይም መሬታችንን ብለዋል,0,0,0,0,0,0
amh_train_track_b_02895,ኣማራ ክልል ይሁን ፋና የወልቃይት ፀገዴ ይሁን ራያ መንግስት ተነተርሶ ተጠግቶ እንደገባ መሬቱ እንደያዘው Tplf ከፈለገ ለመንግስት ለኣብይ ኣህመድ ድጋፍ ኣድርጎ በሃይል የተወሰደ የራያና የወልቃይት ፀገዴ ማስመለስ ይችላል ጋዜጠኛ ለምን እንደዚህ ብለህ ኣትጠይቄቸውም ወይ ኣትመልስላቸውም ቃለ መጠይቅ አይደለም እንዴ,1,0,0,0,0,0
amh_train_track_b_02896,አለምነህ በጣም አድናቂህ ነኝ ግን አሁን በጣም ወደ አንድ ወገን ያዘነበለ ዜና ነው ምትሰራ ለምሳሌ ብዙ ሚዲያዎች የታጋቾቸ አያያዝ በሀማስ በኩል ያለውን በራሳቸው በእስራየላውያን የተነገረውን በዝምታ አልፈሀል ሌላው በጣም የገረመኝ ፑቲንን ማብጠልጠል መጀመርህ ዛሩ ቨላድሜር ፑቲን እንዳላልክ,1,0,0,1,0,1
amh_train_track_b_02897,ከዚህ በፊት የጉራጌ ማህበረሰብ እራሴን በራሴ ላስተዳድር በማለት ህገ መንግስታዊ ጥያቄውን ማቅረቡ የሚዘነጋ አይደለም በዝያም ምክንያት ጥርስ የተነከሰበት ይመስላል አሁን ደግሞ በአቃፊነቱ እና በታጋሽነቱ ብዙ በደል እየደረሰበት ነው,1,0,0,0,0,0
amh_train_track_b_02898,ጥብቅ መልዕክት የኦሮሞ ብሔረሰብ ለሆን ኢትዮጵያውያን በሙሉ ብልፅግና ብሎ እራሱን የሚጠራው ዘረኛ ድርጅት እየታገልኩ ያለሁት ለኦሮሞ ሕዝብ ብቻ በሚል ስሜት ብሔረሰቡን ከኢት,0,2,0,0,0,0
amh_train_track_b_02899,የመጽናናናት አምላክ እርሱ ያጽናናናሸ የኔ እናት በጣም ያማል 😭😭😭,0,0,3,0,0,0
amh_train_track_b_02900,እግዚኦ ማረነ ክርስቶስ የፈጣሪ ያለህ እናት ምነው በልጇ የዚህን ያክል ጭካኔ አረ ኡኡኡ አቤት ጥንካሬሽ,0,0,2,0,0,0
amh_train_track_b_02901,ኧረ ጭካኔ ወዴት እየሄድን ነው😭😭😭,0,0,2,0,0,0
amh_train_track_b_02902,አስታራቂ በሚሆንበት እድሜ እክቲቪስት ሆኖ ያቀጣጠለው እሳት መንደድ ሲጀምር አልነበርኩበትም ለማለት ነው ኢትዮጵያ ይህንንም መከራ በጥበበኛ መሪዋ ብልሃት ታልፈዋለች,0,1,0,1,0,0
amh_train_track_b_02903,ተባረኪ ጥሩ ምክር ነው። እንኳንም አመለጥሽ ጀግና ነሽ።,0,0,0,2,0,0
amh_train_track_b_02904,በ5 የዓለም ዋንጫዎች በመሳተፍ የመጀመሪያ የሆኑት እግርኳስ ተጫዋች በ93 አመታቸው አረፉ,0,0,1,0,0,0
amh_train_track_b_02905,የአብቹን ስራ ካላየሁ ብለዉ በአንድነት ፓርክ ከልጃቸው ጋር ለመናፈስ የመጡት እናት ድንቅ የሆነዉን ስራ ብቻ ሳይሆን እራሱ መሃንዲሱን አብቹ አባመላን አገኙት። AbiyAhmedAli,0,0,0,2,0,0
amh_train_track_b_02906,በቃ አሁን ደግሞ አብረን እንተኛ ብትለው ዳኒ የሚያለቅስ የሚመስለኝ እኔን ብቻ ነው,0,1,0,0,0,0
amh_train_track_b_02907,ማሪያምን በጣም ያሳዝናል ጦርነት አስከፊ ነዉ ንፁሀን እናቶች ህፃናት ብቻ ሰላሙን ያዉርድልን ፈጣሪ ድል ለትና የምትሉ ሰወች ግን ጤነኛ ናችሁ ጦርነት ማህበራዊ ሚዲያ ላይ እደመፃፍ ቀላል አይደለም,0,0,3,0,0,0
amh_train_track_b_02908,ጌታ ሆየ በጣም በጣም ያሳዝናል 😭😭😭🤔😭😭😭 ዎደት የሄደናዉ ነው 🙄🙄🙄📚🧎‍♂️🧎‍♂️🧎‍♂️😭😭😭 ዘንድሮ ጌታ ሆይ አድነን ኤግዚዮ ማርና ክርስቶስ,0,0,3,0,0,0
amh_train_track_b_02909,ዝንጀሮስ ከማን ጋር ይሁን የተጋባችው😁😁😁😳🙃🙆🙆🙆🤔,0,0,0,0,0,0
amh_train_track_b_02910,በውጭ ሀገር ሁነው ወይም ከሀገር ውስጥ ሆነው ተደብቀው የጦርነት ድምጽን የሚያሰሙት ግለሰቦችና የሚዲያ ተዋናዮች የሚወዷቸው ቤተሰቦቻቸው በሀገር ውስጥ ሆነው ነው ?,1,0,1,0,0,0
amh_train_track_b_02911,የኢትዮጵያውያን የህልውና ስጋት አብይ እንጅ የቀይ ባህር መቅረት አይደለም።ደግሞ በዚህ ሰበብ የቀሩትን የደሀ ልጆች ደም ልትጠጣ ነው ።,1,2,0,0,0,0
amh_train_track_b_02912,ለእውነተኛ ሰዎች አክብሮት ይገባቸዋል ግን ሌቦች ወሮበሎችና ነፍሰ ገዳዮች ቅንና ትሁት ሰውን ከጥንትም አይወዱም፣ ምሳሌ ጌታችን ምን ሰርቶ ነው አለም ሁሉ,0,1,0,0,0,0
amh_train_track_b_02913,እውነት አልሰማም ብሎ አምሮ ከመታገል በፊት ይኸው የአማራ ሕዝብ መከራ ስቃይ ሆነ እጣው ፋንታው,0,0,2,0,0,0
amh_train_track_b_02914,አሜሪካ ውስጥ ካሉ የፍልስጤም ደጋፊዎች ጥቃት እንዳይደረግ መጠንቀቅ ተገቢ ነው,0,0,0,0,1,0
amh_train_track_b_02915,የኢትዮጵያ ጥፋት መሠረቱ ማነውና ነው ይኼን ጨካኝ አረመኔ ነፍሠ ገዳይ የምታሞጉሡት አረ እፈሪ,2,0,0,0,0,0
amh_train_track_b_02916,የዜጎችን ደህንነት እና የኢትዮጵያን አንድነት ማስጠበቅ፣ የዜጎች መፈናቀልና እኩልነት፣ የኢኮኖሚ ድቀቱን መቀነስ፣እጅግ አስፈሪ ብሔርተኝነትን መቀነስ፣ዜጎች በሁሉም ቦታ የመኖር መብት ከብዙ በጥቂቱ ነው,0,0,0,0,0,0
amh_train_track_b_02917,የዕስራኤል ኒውክለር ሥለመታጠቅ እስከዛሬ ሣይታወቅ ቀርቶ ነው  ጎግል ላይ ግባና ተመልከት,0,0,0,0,0,0
amh_train_track_b_02918,ይሄ ጦርነት የሙስሊም እና የክርስቲያን አርገዉ ብዙ ሠዉ ያስበዋል አይደለም የግዛት ይገባኛል ጥያቄ ነዉ ጦርነቱ ብዙ ሠዉ ግን ገልብጦ ነዉ ሚረዳዉ በግራም ሆነ በቀኝ ስለ ሚሞቱት 0r ስለሚሰቃዩት ሠዎች ማዘን ሰባዊነት ነዉ,0,0,1,0,0,0
amh_train_track_b_02919,በጣም ያሳዝናል አይዞሽ እግ/ር ይፈርዳል,0,0,2,0,0,0
amh_train_track_b_02920,አብይ እስከመቼ ወጣቶችን እያሰረ እየገደለ ይቀጥላል  እስከመቼስ ነው በፍርሀት ሰው በድሮን በመድፍ ህዝብ እየጨፈጨፈ የሚቀጥለው  ሰውየው ዘረኝነቱን በግልጵ እያሳየን ነው ስንል ለአረብ የሸጠን ይመስላል,2,1,0,0,0,0
amh_train_track_b_02921,ካልነኳቸው ሰው አይተናኮሉም። በጥይት መግደል ይሻላል። ቀድሞውኑ ዱላ ብቻ ይዞ ጅራቱን መያዝ እራሱ አደገኛ ይመስለኛል። ድንገት ቀድሞ ካየው አንገቱን ሊያንቀው ይችላል ?,0,0,0,0,1,0
amh_train_track_b_02922,እውነት ምን እንደምል አላውቅም ቀጥታ ስርጭቱን ሳይ እንባ ነው የተናነቀኝ,0,0,2,0,0,0
amh_train_track_b_02923,ሀይለ እየሱስ እንኳን ደስ አለህ ሄኖክም ዛሬ ልካችሁን ስላገኛችሁ ደስ ብሎናል,0,0,0,2,0,0
amh_train_track_b_02924,ኢትዮጵያም በ ጦርነት ላይ ነች እና ምን ይጠበስ እስራኤልም ታሸናፋለች ፋኖም ያሸንፋል,1,1,0,0,0,0
amh_train_track_b_02925,በቃ ይሄን ህዝብ በውሸት መረጃ ስታስረጨው ትውላለህ አይደል ፡ በጣም በሚገርም ሁኔታ በተለይ ከ5 ወር ወዲህ ወሬህ ሁሉ አብዛኛው ውሸት ነው ፡ ሁሌ ውሸት ውሸት ማውራት አይሰለችህም ፡ በተለይ እንደ እኔ አይነት ሰው ብዙ ክፍለሀገሮች ላይ ሰዎችን የሚያውቅ ሰው በውሸትህ ምክኒያት እንዴት እንደሚጠሉሀ ማሰብ ይቸግርሀል,1,1,0,0,0,0
amh_train_track_b_02926,በመግደል የሚያምን ፓለቲከኛ ጠቡ ከ እግዚሐብሄር ጋር ስለሆነ የትም አይደርሱም !የኢትዩጵያ ህዝብ አስብ ግን አትጨነቅ ! የበላይ የመሆኛው መንገድ ፍቅር ይ,1,0,1,0,0,0
amh_train_track_b_02927,አህመድን እጅግ ቡዙ ትምርቶችን አግንቸለው ውስጤ ያሚጠይቅ ጥያቄ መልስልሃልኛል መፃፎችን ፈልጌ እንደናብ ተናቀቅቸለው ጅዛኩሙለህ,0,0,0,1,0,0
amh_train_track_b_02928,ቻርለስ ሆይ ምንድነው አሸቅድህ አፈር ብላና አንተ መይት ያኮብዬ የኔ ፍቅር እኔ በጣም ነው የማፈቅርህ አደራ ይልዲዝን እንዳታፈቅራት በቅናት እንዳልሞት,0,1,0,1,0,0
amh_train_track_b_02929,ለምን ሁላችንም አንድ አንድ ቆንጅዬ ቡና አንጋብዛትም? በዛው መአትዬ ቡና ጠጥታ ትውላለች ? መልካም ልደት የተከበሩ የቡና አንባሳደር,0,0,0,0,0,0
amh_train_track_b_02930,ከሥነ ምግባር ውጪ የሆነ ቪዲዮ አሰራጭታለች የተባለች ታዋቂ ናይጄሪያዊት ቲክቶከር ታሰረች,0,0,0,0,0,0
amh_train_track_b_02931,እሄ አረመኔ መንግስት እስካለ የንፁሀን ደም መፍሰሱ ይቀጥላል,1,1,0,0,0,0
amh_train_track_b_02932,ኦሮሞ ማለት የሀገር ኩራት ነው እብድ በል፥,0,1,0,0,0,0
amh_train_track_b_02933,ደቡብ አፍሪካ በሀገርዋ ያለውን ሰው አፍሪካዊ ስደተኞችን ውጡ እያለች ስቃይ ተሰያለቼ ግን ለሌላ ጀ ትላለች,0,1,0,0,0,0
amh_train_track_b_02934,ዛሬ 2ተኛ ነኝበዚህ አጋጣሚ ልነግራችሁ የምፈልገው ትልቅ ዜና አለኝ ብርጋዴር ቴፍክና ኮረኔል እስታቭሮስ መህመት አሊ ከማል ለናፈቋቹህ በጣም ደህና ናቸው ኢንስታግራማቸው ላይ ቀን በቀን ፎቶ እዬፖሰቱ ነው እስካሁን አድራሻቸው ጠፍቶ የቀረው የቫዝሊና የቬሮኒካ ነው,0,0,0,1,0,0
amh_train_track_b_02935,ሸዋል ኢድ - ዩኔስኮ በዓለም ቅርስነት የመዘገበው የሐረሪዎች የአደባባይ በዓል,0,0,0,1,0,0
amh_train_track_b_02936,ወደ ፍቅር ከመቀየሩ በፊት መላ በይኝ,0,0,0,0,1,0
amh_train_track_b_02937,ይሄ እንግዳ ሊያድር ነው መሰለኝ ቸኮለ ?,0,0,0,0,0,0
amh_train_track_b_02938,ሁሉም በየተራው ዋጋውንያገኛታል የዘላለም ሒወት የሚኖሩ ይመስላቸዋል ጨካኝ አረመኔ መንግስት,1,1,0,0,0,0
amh_train_track_b_02939,እንዲ የሚሉት መሃይሞች አሁንም አሉ ? አብይ ግለሰብ ነው ፣ ግለሰብ አታምልኪ ! ሃገር በታሪኳ እንደ አብይ ጊዜ መከራ አይታ አታውቅም,1,2,1,0,0,0
amh_train_track_b_02940,የእስር ትዕዛዝ የወጣባቸው ፑቲን ወደ ሳዑዲ አረቢያ እና የተባበሩት አረብ ኢምሬቶች ተጓዙ,0,0,0,0,0,0
amh_train_track_b_02941,ከዛሬ ነገ በጦርነት ስጋት ውስጥ ሆነን መጥፎን ሰላም የንፅረተ ዓለም መነፅራችን አደረግነው ይሆን? ከመጥፎ ሰላም የሚመረጥ ጥሩ ጦርነትስ ይኖር ይሆን? ይህንን አከራካሪ ጉዳይ የቃ,0,0,1,0,1,0
amh_train_track_b_02942,ሰለ ሃገራችን ጦርነቶች መቸ ነው የምትዝግቡ የአማራ ህዝብ ስቃይ አልሰማችሁም የህዝባችሁ ሰቆቃ አያማችሁም,2,0,1,0,0,0
amh_train_track_b_02943,በኢትዮጵያ መነጋገሪያ የሆነው ናይጄሪያዊ ድምጻዊ ሬማ ማነው?,0,0,0,0,0,0
amh_train_track_b_02944,ሰበር ዜና ፋሽስቱ አብይ አህመድ ዛሬ የሀላላ ኬላ ፓርክ ምርቃት በሚደረግበት ስነስርአት ላይ በአማራ ህዝብ ላይ ግልፅ ጦርነት በይፋ ቢያውጅም ዛሬ ሸዋ ሮቢት ላይ የነበረው የ,0,2,0,0,0,0
amh_train_track_b_02945,እርፍ በል ሽሜ ሊያውም ሙሉ ብሔራዊ ቡድኑን ነው ያደመከው። የሚገርም ህብረት መቀጠል ያለበት ኦሮትግራይ! መጀመሪያም ትልቁ ጥፋት ከማይመስሉ ጋር በማይሆን ህብረት መጓዙ ነበር መጽሐፉ እንደከተበው,0,0,0,1,0,0
amh_train_track_b_02946,ወሬ ብቻ ፍርሀት ገና ብዙ ያሳየናል የከተማ ወጣቶች kkየቄሮ ወጣቶችን ሰብስባ የከተማ ወጣቶች,1,0,0,0,0,0
amh_train_track_b_02947,ለህዝብና ለእውነት መቆምኮ ቢያንስ ቢያንስ ሀቀኝነትን ይጠይቃል ኦሮሙማ 60 አመት ሙሉ ሲዋሽ የኖረ እስካሁን ድረስ ኦሮምያ ኢምፓየር እያለ በመበጥረቅ ቀንጭሮ የቀረ የፖለቲካ ውርጃ ነው ከጀልቱ ከንቱ ምኞት,1,1,0,0,0,0
amh_train_track_b_02948,ማን ስለፈጠረው ሞት ነው የምታወራው እንሱ የለኮሱት እሳት ኢትዮጵያውያንን በያሉበት የሚያቃጥለው አሁን የጁንታው ወዳጅ መሆንህን አሳየሀን እኔስ አብይ ?ጣሙ ብያለ,1,1,0,0,0,0
amh_train_track_b_02949,ፓስተሩ አርጎ ይሆናል ነገር ግን እስኪ ስለ ኦሮቶዶክስ እናውራ ከ መነኩሴ እስከ ጳጳጳስ ስራቹ ምንድነው 🙄🙄🙄 ስንቱን በአስማት በድግምት ከአጋንት ጋር ማዋረስ አይደል ስራቹ እውነት አስማተኛ አይደል ተፈርቶ ተከብሮ ስንቱ ከአጋንት ጋር እያዋረሰ አይደል የደብር ሀለቃ አጥማቂ ተብሎ ብዚ ጥፋት አጥፍቶ ቤተክርሰቲያኒቱ ከደብር ወደ ደብር በመሸኛ የምትሸን እጅግ የሚያስጠላ አሰራር 🙄,1,2,0,0,0,0
amh_train_track_b_02950,አልሀምዱሊላህ አላ ኒኢመተል ኢስላም ብልህነት ነው ንፁሀንኖችን አለ መንካት ለይቶ ወታደር ብቻ መምታት አላሁመሰሊ ወሰሊም አላ ነቢይና ሙሀመድ ብልሀትን አስተምረውን ለሄዱት ኢስላሞች ሳይሆኑ ብልህ ኢስላም ነው ብልህ ሰለፎች ብልሀትን አስተምረውን ሄዱ ረሂሙ አላሁ ታዐላ,0,0,0,0,0,0
amh_train_track_b_02951,ወንድሜ እረ እባክህ የኤርትራ ታሪክ በደንብ ብታነብ ወይም ብትጠይቅ ይሻላሀል ዝም ብለህ የምሁር ደንቆሮ ብለው እንዳይሰድቡህ,1,1,0,0,0,0
amh_train_track_b_02952,ቢበላስ ተገኝቶ ነው የሚበላ የሌለው የሚበላውን አይመርጥምየባህል እስረኛ ከመሆን የተገኘውን ተመግቦ የችግርን ወቅት ማለፍ ይሻላልሌላው የቲክ ቶከሮች ወሬና ሌብነት ነው,1,0,0,0,0,0
amh_train_track_b_02953,በሕገ-ወጥ መንገድ ሰው ሲያዘዋውር ነበር ተብሎ የታገተው አውሮፕላን ሕንድ አረፈ,0,0,0,0,0,0
amh_train_track_b_02954,ወላሂ የደረሰብሽ በደል መከራ ሁሉ በጣም ያሳዝናል ያማል አይዞሽ አንቺ በጣም ጠንካራ ሴትነሽ ታሪክሽን እየሰማውሽ እነሸባዬን መቆጣጠር አቃተኝ አላህ ይዘንልሽ አላህ ያስብሽ አላህ እዝነቱን ይላኩልሽ አይዞሽ,0,0,3,0,0,0
amh_train_track_b_02955,Kkkk ስለ አማራ ህዝብ መንግስታዊ እልቂት ግን አይታያችሁም አይደለ?,0,1,0,0,0,0
amh_train_track_b_02956,የፕሪሚየር ሊጉ መሪዎች የሚያደርጓቸው ጨዋታዎች ውጤት ግምቶች,0,0,0,0,0,0
amh_train_track_b_02957,ማማማለድ ማለት ምን ማለት ነው? ሊቀ ካህንነት ማለት ምን ማለት ነው? ስሜታዊ ሳትሆኑበእርጋታ እውነቱን ለማየት ሞክሩ፡፡፡ዕብ 9:26-28 ያለውን ተመልከቱ፡፡፡ ምክኒያቱም ስለክርስቶስ አማላጅነት ካልገባችሁ አትድኑም፡፡፡ወይም ስለሀጢያታችሁ ዛሬ በአባቱ ፊት መታየቱን ውለታውን በማወቅም ባለማወቅም ዋጋ ታሳጡታላችሁ ይሄ ጴንጤዎችን መቃወሚያ ጌም አይደለም እውነት ነው በህይወታችሁ አትቀልዱ እየሱስ ትናንት ስለኛ መቶ ዋጋችንንን ከፍሏል ዛሬም ያ,0,0,0,0,0,0
amh_train_track_b_02958,Ethiopiaጉራጌ የአብይ አገዛዝ ጣረ ሞት ላይ ነው ያለው ይህ ወንበዴ የአብይ ፓርቲ ከሀገራችን መንቀል የዚህ ትውልድ እዳም ግዴታም ነው ከንግዲ ኢትዮጵያ ውስጥ ሰማም ማምጣ,1,2,0,0,0,0
amh_train_track_b_02959,በእስራኤል-ሐማስ ዙሪያ ሐሰተኛ መረጃዎች ላይ እርምጃ እንዲወስድ የአውሮፓ ህብረት ሜታን ጠየቀ,0,0,0,0,0,0
amh_train_track_b_02960,የምሽቱ በጎ ዜና! የበድር የረመዳን 17ኛው ቀን 3ኛ ዙር የጎዳና ኢፍጣር በአዲስ አበባ በሰላም እየተካሄደ መሆኑን ሳበስር በታላቅ ኩራት እና ደስታ ነው! አልሀምዱሊላህ እንኳንም,0,0,0,3,0,0
amh_train_track_b_02961,ጅዋር ዛሬ ገና በትክክል ተናገረ የሆነ ሰው መንገድ ላይ ቢገላቸው አገሪቱ ትበጠበጣለች ክርስቲያኒቱ ያልቃል ለነገሩ ሁሉም አንድ ናቸው ሞታችንን ነው የሚፈልጉት,1,0,0,0,0,0
amh_train_track_b_02962,የካናዳው ዳቦ ቤት ሆነ ብሎ ዋጋ በመጨመሩ 50 ሚሊዮን የካናዳ ዶላር ተቀጣ,0,0,0,0,0,0
amh_train_track_b_02963,አንተ ጋዜጠኛ አቃጣሪ ሾካካ ነህ  ተላላኪ ገደል ግባ የአማራ ሞት ለአንተና ለአለቆችህ እንጀራ ነው,1,2,0,0,0,0
amh_train_track_b_02964,ይህ አሁን የምትሉት ሁሉ አብይ አህመድ በኢትዮጵያ ላይ ከሚያደርስው ግፍ በደል ሞት ስራ ነገር ማስቀየሪያ ነው አሁን ሀገራችን የሚያስፈልጋት ስላም ነው እስቲ ምሁራን ስላም የሚፈጠርበትን ስብኩ አዎ ወደብ ለአንድ አገር አስፈላጊ ነው ግን በሀገራችን የመጡት መሪዎች ሴራ ያ እንዳይሆን ተደረገ አሁንም ያለው መንግስት አቅም አለው ወይ ይህን ለማድረግ አብይ አህመድን ማመን ቀብሮ ነው በቃሉ የሚረጋ መሪ አይደለም ይህን ጉዳይ ያነሳው የስልጣን ጥቅ,1,2,0,0,0,0
amh_train_track_b_02965,እጅግ የላቀ ውይ ውይፈጣሪሆይ ምንጉድነው እቺ ጨካኝ ጭራቅናት ሰውመስላቸው ነውአብረዋት የኖሩት ሰይጣን ስሙአይገልፃትም አውሬነችይፋረዳት ደማቸው,0,2,1,0,0,0
amh_train_track_b_02966,ምንድነው የህጻናት ግድያ ለምን ህግ ተከታትሎ ለህዝብ አያሳውቅም አንድ ሰሞን ሰለሞቱ ይወራል ነገ ደግሞ በሚያሳዝን መንገድ ሌላ ህጻን በአሰቃቄ ሞታ ትገኛለች ወንዝ ተጨምራ እረ ሁሉም ቤተሰብ ወቶ ሊጠይቅ የሚገባው ጉዳይ የዚች ህጻን እናት አላህ ሰብሩን ይሰጥሽ,1,0,2,0,0,0
amh_train_track_b_02967,ይሄ ሁሉ ጭንቀት የውጭ ሃገር ሰው ሲመጣ ደስ ብሎት እንዲዝናና የድሃውን ህይወት ማመሳቀል ነው ብልፅግና,0,1,0,0,0,0
amh_train_track_b_02968,መንጌ ጀግናችን ነዉ የኢትዬጵያ ፍቅር በዉስጡ የነደደደ ነዉ ዕድሜና ጤና ይሰጥልን።።።,0,0,0,1,0,0
amh_train_track_b_02969,እነዚህ ቤተክርስትያን ተደብቀዉ አገሪትዋን ሰላም እንዳታገኝ ዘር ከዘር እያባሉ መደበቅያቸዉ ከሆነ ብተክርስትያን መባረራቸዉ ጥሩ ነዉ መባርር ብቻ ግን በቂ አይሆንም ።,1,1,0,1,0,0
amh_train_track_b_02970,በጣም የሚገርም ነው ፅንፈኛ ደብተራዎች የሃይማኖት ካባ ለብሰው ጉራጌ ይነግድ፣ ጋላ ከብት ያግድ። እያሉ በአፋቸው ሲፀዳዱበት ከርሞ በቃኝ ብሎ ነፃ ከወጣ በኋላ ው,1,1,0,0,0,0
amh_train_track_b_02971,Ethiopia በህዝብ ተጠልተን ልንወድቅ ነው የጠቅላዩ ያልተጠበቀ ንግግርና ማስጠንቀቂያ! (From Phoenix App),0,0,0,0,0,0
amh_train_track_b_02972,ዋው የሚገርም ትንተና ነው ::: አብይ ፅፎ ሰቶት ነው ይልቃል ያነበበበው ::: እኔ የምለው ምን ሁነው ነው ግን በዚህ ደረጃ የአማራን ህዝብ መጨፍጨፍ የተፈለገው ። ኸረ የት ሒደን አቤት እንበል''':::,0,0,1,0,0,1
amh_train_track_b_02973,ሚኮ ማይኮ አሁን አይደለም ፕሮቴስታንት የሆነው ድሮ ከልጅነቱ ጀምሮ ነው። እኔ ዩቲዩብ ፕራንክ ስሰራ በፆሙ ኬክ እየበላ አይቸው ነው ያወኩት ጓደኞቹ ሁሉም ፕሮቴስታንት ናቸው ፍቅረኛው የተዋህዶ ልጅ ነች እሱ እና እሷም የተጣሉት እሱ ወደ ፕሮቴስታንት እየሄደ ስለነበር ነው እሷም በሚዲያ ስትለቀቅ ኑሯ አፍራ ከሚዲያ የጠፋችሁ ማይኮ ከዛ በኋላ ተመልካቹ ቀነሰ አማራጭ ስያጣ ላልተወሰነ ጊዜ ጠፋ አሁን ደግሞ ወደ ነበረበት ቦታ ሄዴ ጭፈራ ቤቶቹ ስ,0,1,0,0,0,0
amh_train_track_b_02974,አይ ትግሬ ካለፈ አለመማር አሁንም የአማራን መሬት ላይ አይናቸውን እንደተከሉ ነው መጨረሻቸው ግን እጅግ የከፋ ነው ሚሆነው,1,1,0,0,0,0
amh_train_track_b_02975,የሶማሊያው ፕሬዝዳንት ሐሰን ሼኽ ሞሐሙድ አዲስ አበባ ገቡ,0,0,0,0,0,0
amh_train_track_b_02976,በገዛ ሰወቹ አይደልለም እንዴ በጣም ያሳዝናል ቢያንስ ጠቅሊያችን አያከቡሩም,0,0,1,0,0,0
amh_train_track_b_02977,በጀርባ የሚወጉ አጭበርባሪ እናተ የህዝብ ተወካይ ተባዬች የሚያደርጉትን ግፍ እያወቃችሁ ዝምታን መረጣችሁ  ህዝብ ወክሏችሁ እና ተናገሩልኝ ብሎ እናተ ግን ዝም አላችሁ ሆዳችሁ አምላክ ሆነ ታማኝነታችሁ ለማን እንደሆነ ታይቷል ዎጋ ትከፍላላችሁ,2,0,1,0,0,0
amh_train_track_b_02978,ጀዋር ተከበብኩብሎ በዚህ ምክንያት ስለሞቱት ንፁሃን ሰዎች ጋዜጠኝው አለመጠየቁ የሚገርም ነው,0,0,0,0,0,2
amh_train_track_b_02979,ዘረፋ ተፈጽሞብኛል ያሉት የጋናዋ ሚኒስትር ለምን ታሰሩ?,0,0,0,0,0,0
amh_train_track_b_02980,ገጠራ የሚባለውን የድሮ ብር ሳስብ አይቼው ስለማላውቅ ድንገት ድቅን የሚልብኝ የአበበ በለው ፊት ነው የአማራ ፖለቲካ በአዶከበሬ ጨፋሪና በደብተራ መመራቱ የዘመኑ,0,1,0,0,0,0
amh_train_track_b_02981,ምነው መረጃውን ሲያደርሱልህ መሰረተ ድንጋዩ ሲቀመጥ ያለውን ፎቶግራፍ የላኩልህ 😂😂😂 አይን ያወጣ ውሸት እና ቅዠት ፎቶ ማቀናበሩን ረስተከው ነው😂😂😂,0,1,0,0,0,0
amh_train_track_b_02982,እሚገርምና እንደ ሀገር ሁላችንም ልናቀው የሚገባ ትንተና ነው ለዚህ ሁሉ ምስቅልቅል ሂወት ነጮችና አረቦች ናቸው ምን አረግናቸው ወገን እንዲህ ሊገባን ይገባል እርስ በእርስ መባላቱን ትተን ሲበሉን የኖሩትንና አሁን ሊውጡን የተዘጋጁትን አንድነታችን ብቻ ነው አማራጭ እናስብ,1,0,0,0,0,0
amh_train_track_b_02983,የእኔ ውድ ኡፍ😭😭😭 ቃላት አጣሁ «“{አምላከ እስራኤል}”» የሥራክን ይስጥክ «“{ፈጣሪ}”» ይፍረድብክ😭😭😭 እሱ ይቅጣክ ኧረ ያማል አይዞሽ የእኔ ውድ ኡፍ ቪዲዖውን መጨረስ አቃተኝ እውነቴን ነው የምላችሁ ዐይኖቼ በዕንባ ተሞሉ😭😭😭 ኧረ ኧረ የእናትም የሴቶችም ጨካኞች አሉ እንዴ? የ ኧረ የጭካኔ ጥግ😭 «“{አምላክ}”» አሁንም ቢሆን ጥንካሬውን ብርታቱን ኃይሉን…ይስጥሽ። «“{ፈጣሪ}”» ርኅራኄን አዛኝ ቀና ልብን ማስተዋልን…ይስጠን,0,0,3,0,0,0
amh_train_track_b_02984,ኢትዮጵያዊት ማለት አንዱ የአንዱ ብሔር መጥላት ማለት አይደለም ሁላችንም ለኢትዮጵያ ዉብ እና ድንቅ ተፈጣሪዎች ነን የብሔር ፖለትካ አያዋጣም,0,0,0,0,0,0
amh_train_track_b_02985,ሃገሪትዋ ውስጥ ቀውስ ካስገብዋት ሰዎች አንዱ አንተ ነበርክ አሁን ምንም እንዳላደረገ ጣትህን ሌላ ላይ መቀሰሩ ትንሽ አይከብድም,1,1,0,0,0,0
amh_train_track_b_02986,ጆሲ ምን ሆነህ ነው ይሄ ሁሉ ታቱ እግዚአብሔር ሲሰራህ ልክ አልነበረም? አንተ modifay እያረግህ ነው ያሳዝናል በፀጋ ስጦታው አይፀፀፀትም ብለህ ነው,0,0,2,0,0,0
amh_train_track_b_02987,መከላከያ የኢትዮጵያ የመጨረሻው ምሽግ ከስንት አበሳና መከራ ደሙን አፍስሶ ህይወቱን ገብሮ ያወጣቹንም መከላከያ ሰራዊትን እንደዚህ ማንቋጠጠ የናት ጡት ከመንከስም የዘለለ ነው። መከ,3,0,0,0,0,0
amh_train_track_b_02988,የአብይ አህመድ አሻራዋች 1 ከቡራዩ ግድያዋች አንስቶ በሚሊዮኖች ሞትና ስደት 2 የብሄር ጥላቻ መስፋት 3 ውሸትና አጭበርባሪነት 4 የዘር አድሎ 5 ሙስናና ሌብ,0,2,0,0,0,0
amh_train_track_b_02989,በቅድሚያ በአንዲት ሉዓላዊት ሀገር ላይ ያልተጠበቀ ጥቃት የፈጸመዉ ሐማስ ስለሆነ እሱን አወግዛለሁ በግለሰብ ደረጃ።,0,0,0,0,0,0
amh_train_track_b_02990,ወረ በአሁኑ ሰዓት ፍቅር ፍቅር ምትጫወትበት ሳይሆን አገር ምታድንበት ግዜ ነው እሺ አስቡ,1,0,0,0,0,0
amh_train_track_b_02991,ማልልን ብንለው አምላክን በእውነቱ ማሪያምን ብሎ የሚምል በእናቱ ማሪያም ሆይ እንወድሻለን,0,0,0,1,0,0
amh_train_track_b_02992,እንዴት እንዴት ሆነን በአንድ አገር ውስጥ እንደኖርን ግርምት ነው የሚፈጥርብኝ አሁንም እኮ አማራ አርደው ደሙን በኩባያ የሚጠጡ አውሬዎች እኮ አሉ,1,1,1,0,0,0
amh_train_track_b_02993,እንዲያ ው እንደብፅግና ከመባለግ አልፎ ከመቆሸሽ የጠብቃችሁ! ምኒልክ አደባባይ ማለት ካስፈራቸው በክፍተኛ የስነ ልቦና ቀውስ ውስጥ እየትሰቃዬ አይመስላችሁም?!,0,1,0,0,0,0
amh_train_track_b_02994,ድንቅ ነው ቃላት የለኝም ምስጋና ለፈጣሪ በመጀመርያ በቀጣይ ለድንቅ መሪያችን ለጠቅላይ ሚኒስቴር አብይ እንዲሁ በተቋሙ ውስጥ ላሉት ሁሉ,0,0,0,2,0,0
amh_train_track_b_02995,አንተ እናትህን ምን ያህል እንደምትወዳት ታውቅ የለ  ያን የእናት ፍቅር ማጣት ያን እንስፍስፍ ተፈጥሮ አለማግኘት ምን ማለት እንደሆነ አይገባህም  ለምን እናትህ ሁሉ ነገራቸውን ሰተውሃል  እና አለም እናማ ልጅቷን ተዋት,1,0,0,0,0,0
amh_train_track_b_02996,አሳዛኝዜና! እጅግ መሪር ሀዘን 20 የሚሆኑ የመዳወላቡ ዩኒቨርሲቲ መምህራን በትራፊክ አደጋ ህይወታቸውን አጡ ቁጥሩ ከዛም ሊልቅ እንደሚችል ተነግሯል።,0,0,2,0,0,0
amh_train_track_b_02997,ተግዴህ ጥሩ ትሆናለት,0,0,0,0,0,0
amh_train_track_b_02998,እምዬ ኢትዮጵያ ይመርልሽ ሰብሉ አውድማው ጓተራውሽ ይሁንልሽ ሙሉ በቸር ውሎ ይደር ጋራው ሸንተረርሽ ወንዛወንዝሽ ሁሉ የሚሏትን ዘፈን ድንገት ሰማውና እንዴት ቢወዳት ነው,0,0,0,0,0,0
amh_train_track_b_02999,እጅግ ውብ የሆነ ቤተ መንግሥት ይኖረናል ይበል የሚያሰኝ ነው በአዲስ አበባ ለመኖሪያ የሚሆኑ ውብና አመቺ ስፍራዎች እንዲበዙ,0,0,0,1,0,0
amh_train_track_b_03000,የኦሮሞ ብልጽግናን አደገኛ የሚያደርገው መመሪያቸው የውሽት ትርክትና ፍራቻን መሰረት ያደረገ ነው በተረኝነት ከቁንጮ ጀምሮ እስከ ተራስራተኛ መዋቅሩን ሃብቱን ተከፋፍለው እና ተቆጣር,0,2,0,0,0,0
amh_train_track_b_03001,ገበቴ አቃፊው በስራ ላይ፤ አሪፍ ውሻ ለባለቤቱ ዳንኤል ክብረት ህወሃት ከነአስተሳሰቡ መጥፋት አለበት ዳንኤል ክብረት በሬ ሆይ ሳሩን አይተህ ገደሉን ሳታይ,0,1,0,0,0,0
amh_train_track_b_03002,ለገሂዳ በደቡብ ወሎ ዞን በለገሂዳ በ02 አዋተል ቀበሌ ድንገት በጣለው በረዶ ዝናብ በሰብልና በመኖሪያ ቤቶች ላይ ጉዳት አደረሰ።,0,0,1,0,0,0
amh_train_track_b_03003,ዳኒዬ ዱባይ ሌባ የለም ቦርሳሽን እስቀምጪ እና ዘና በይ,0,0,0,1,0,0
amh_train_track_b_03004,በኦሮሞ ላይ የጥላቻን ንግግር መናገር ቅጣቱ ከዚህ ብኋላ የከፋ ይሆናል።,1,0,0,0,0,0
amh_train_track_b_03005,በኢህአዴግቁ2 ብዙ ድንቅ ሥራዎች ተሰርተዋል ፓርኮች የልጆች መጫወቻ ላይብረሪ ሙዝየም ዳቦ ቤቶች ተዘርዝሮ አያልቅም ጥፋቱ ደግሞ ዘግናኝ ነው ሚሊዮን ተፈናቅለዋል ሚ,0,1,1,0,0,0
amh_train_track_b_03006,አእምሮን የሚበጠብጥ ፕራንክ አደጋ አለው please .,0,0,0,0,0,0
amh_train_track_b_03007,ከሰሞኑ በተካሄዱ ተከታታይ መርሃ ግብሮች ተመርቀው ለዕይታ የበቁት የብሔራዊ መረጃ እና ደህንነት መስሪያ ቤት፣ የፌደራል ፖሊስ እና የአየር ኃይልን የተመለከቱ ፊልሞች ዝግጅት፤ ዝም ብሎ ድንገት የሆነ ጉዳይ አይደለም ሲሉ ጠሚ አብይ ተናግረዋል።,0,0,0,0,0,0
amh_train_track_b_03008,የዳይስፖራ ጉዳይ አሳሳቢ እየሆነ ነው ጓዶች። ምን እናድርግ? እኛ ሰላም ስንሆን እነሱ ይቆጫቸዋል። እከመቼ ነው እነዚህን አገረ ጠል ሰዎች ምንሸከመው።,1,1,0,0,0,0
amh_train_track_b_03009,ሁሉም ሲፋቅ ብሄርተኝቱ ግልጽ ብሎ ይወጣል። በኢትዮጵያዊት የምትታበሉ ከንቱ ድኩማን ናችሁ።,0,2,0,0,0,0
amh_train_track_b_03010,ከንደዚ አይነቱ ጋር ነዉ ምንዘልቀዉ ከንቱ ሚዲያ wolaita times,0,2,0,0,0,0
amh_train_track_b_03011,እንበል እና አንድ ሰው እንግድነት መጣ ያ እንግዳው ትንሽ ቀናት ከአንተ ቤት ከቆዬ ቡኋላ አንተን ከቤትህ አውጥቶ ውጭ ጥሎ ቤትህን ወረሰ ከቤትህ በር ቁጭ ብለህ ቤቴን መልስልኝ እያልክ ስታለቅስ አለም አሸባሪ ይልሃል !!! Exactly ፍልስጤም ላይ የተፈፀመው ይህ ነው !!! #GazaGenocide #IStandWithPalestine #Gaza_Under_Atttack,0,0,1,0,0,0
amh_train_track_b_03012,ጀግና ትለያላችሁ በአደን እሪኩስ አማረን ጨቋኝ ነው,0,2,0,0,0,0
amh_train_track_b_03013,Birhanu Tamirat ኡፍ 😭 ዋው የሚገርም አገላለጽ 🙊 ምንም ሳታስቀር ገልፀኸዋል አንተ ራሱ ቅባቱ ነካክቶሃል መሰለኝ ይታይብሃል ! ደሞም ተረድቼዋለሁ ያልከውን 😘 ¡,0,0,0,0,0,2
amh_train_track_b_03014,እነሱ ስራቸውን ይሰራሉ እነሱ የፈለጉትን ስም እያወጡ ይዘውት ይዙሩ,1,0,0,0,0,0
amh_train_track_b_03015,የአፍሪካ ልማት ባንክ ዓለም አቀፍ ሠራተኞቹን ከኢትዮጵያ ሊያስወጣ መሆኑ ተነገረ,0,0,0,0,0,0
amh_train_track_b_03016,ኧረአፈርብይ ደደደብ ተቃራኔ ነው የምታወሬው ካዳኖች ውሸት ነው የናተዘገባ እስኪ አበሁንመጣብሽ የት ትደርሽይሆን ሃማስ እኮ ሙሥሊምነው ህፃናትን አዛውትን የሃይማኖት ቦታን አይነካም አች ኦውር አይንሽም ልብሽም የታወረ,1,2,0,0,0,0
amh_train_track_b_03017,ዉሸታሞች ሃገራቹ የነበረ ጦርነት ኣንድ ግዜ ይቁም ስትሉ ኣልሰማንም😏😏😏,0,1,0,0,0,0
amh_train_track_b_03018,በእውነት ወጣት አቶ ሽመልስ አብዲሳ ብዙ መከራ አይቷል አስቸጋሪው የኦሮሞ ፓለቲካና ዋናው አጋንንት ክልሉን ይዞ ፕት ሽመልስን ይዋጋል አያቴም ነግረውናል,0,0,0,0,0,0
amh_train_track_b_03019,እባካቹ ሴቶችና እፃናት ምን እየሰሩ ነው ለህግ ይቅረብልን ልጅና ሚስቱን መለመኛ እያረገ ገላዋን እየሸጠ መጠጫ እያረጋት ነው ያለው በእመሟ እየተጠቀመባት ነው አፈር ይብላ,1,1,1,0,0,0
amh_train_track_b_03020,ህገመንግሥት ተብዪው አገር አፍራሻና ህዝብን በማያቆርጥ ጦርነት እንዲኖር የተጻፈ ነው የአንድ አገር ህገመንግሥት ህዝቦችን አፋቅሮ ያማኖር ከሆነ ምን ህገመንግሥት ይባላል,1,1,0,0,0,0
amh_train_track_b_03021,ቢሮሽ ላይ መለጠፍ እንዳትረሺ አንድ ቀን ድንገት ሲመጣ ቢያጣው ይወርድብሻል,0,0,0,0,0,0
amh_train_track_b_03022,ነፂ የጌታ 50 ዓመት ያልሞላው ሀይማኖት ይዘህ ኦርቶዶክስን ልትናገር ትፈልጋለህ አንተ ጭገራም እበት ሰገራ,1,3,0,0,0,0
amh_train_track_b_03023,እግረኛማ አይገባም የእስራኤል ሀሀ አለም ላይ እንደ እስራኤል ፈሪ የለም እኮ ሁሌ በስጋት ሚኖሩ ህዝቦች እንደ እስራኤል ማንም የለም እኮ ታውቃለህ አለምነህ,0,1,0,0,0,0
amh_train_track_b_03024,ሃፍረት እና ይሉኝታ የሚባሉት ነገሮች ሲኖሩዋቸው አይደል? በእነሱ ቤት በዚህ እገዳ አረመኔነት፣ ክሃዲነት እና ዘረኝነት የባህሪው ለሆነው ድርጅታቸው፥ ስሙን ማደሳ,1,2,0,0,0,0
amh_train_track_b_03025,እነዚህ እብድ ጥሩ ስራ በኢትዮጵያችን ላይ ሲሰራ የሚመቀኙ ባንዳ ወሬኞች ኢትዮጵያ መተዉ ጨበራን ቢጎበኙ ይፈወሳሉ,0,2,0,0,0,0
amh_train_track_b_03026,የ አስተዳደር እንጥፍጣፊ የሰብዓዊነት ሞራል የለውም የሱሉልታ ነዋሪዎች መኖሪያ ቤታቸን ድንገት ስለሚፈርስ እቃችንን እንኳን ለማንሳት ጊዜ አልተሰጠንም፣ ቤቶቹ,0,0,2,0,0,0
amh_train_track_b_03027,ሃይማኖታችን ሃይማኖት እንጂ ሃገር አይደለችም! የመፈክር አመክንዮ እዛው።,1,0,0,0,0,0
amh_train_track_b_03028,ገዳዬች እጅግ በጣም አስቸኳይ በሆነ ሁኔታ ለፍርድ ቀርበው አስተማሪ የሆነ ቀጪ እርምጃ ሊወሰድባቸው ይገባል,2,0,0,0,0,0
amh_train_track_b_03029,በደቡብ አፍሪካ የሙስና ወንጀሎች መርማሪው ከልጃቸው ጋር ተገደሉ,0,0,1,0,0,0
amh_train_track_b_03030,እኔ ግን ደስ አላለኝም ደሮ በጣም እጠላዉ ነበር ገፀ ባሀሪዉን አሁን ሢሞት ልቤ አዘነ የተረዳሁት ቢኖር የሠዉ ልጅ የቱንም ያህል ክፉ ቢሆን መለወጥንጅ ሞት መመኘት እደማይጠቅም ነዉ,0,0,2,0,0,0
amh_train_track_b_03031,እናቶች የሚጸልዩለት ቃል ቦምቡ እኔን ይብላኝ ግን መሪዬ ዳነወይ ብሎ የጠየቀው ቦምቡን የቀለበውና አካለ ስንኩል ሆኖ የቀረው ወጣት ያመነው ቃል ሕዝባችን ያመነው ቃል የዋህነትንና ቅንነትን የተላበሰ ቃል ነው ወይስ እጅግ አደገኛ አዘናጊና አታላይ ቃል ይሆን,1,0,1,0,0,0
amh_train_track_b_03032,የሚገርም የፍቅር ታሪክ በእውነት ልጅትዋ ጀግና ነሽ የእናንተ ታሪክ ምርኮኛ የሚያደርግ ልዩ ፍቅር ነው በዚህ ዘመን በዚህ ልክ የምትወድ ሴትልጅ ደግሞም የምትዋደዱ ጥንዶች መኖራችሁ ተስፋ እንዳይቆረጥ ያደርጋል,0,0,0,2,0,1
amh_train_track_b_03033,ወይ! ፕራንክ ገለው ፕራንክ ነው እንዳይሉን እሰጋለሁ!,0,0,1,0,1,0
amh_train_track_b_03034,ለኦርቶዶክስ ሞት ክብሩ ነው! ኢንፈርህሞተ,1,0,0,0,0,0
amh_train_track_b_03035,ይህ ደመቀች የሚሉት ሰዉዬ ሰልጣን ላይ በሰበሰ ሬሳዉ እሰከሚወጣ እንዲሁ ቁጭ እንዳለ የቁም ሞት ሞቶ ግዜዉን ይጨርሳል በቃኝሰ ቢል እንደ አባ ድላ በክብር,0,3,0,0,0,0
amh_train_track_b_03036,ኣንተ ኣሽቃባጢ በንደዝ ኣርገህ ብር ሰብስበህ ለመብላት ነው ህዝባችን እንደጎመን በኣራት ድጅት ማይግፆ በቀን ያለቀ እኛ ደመክራሲ ኣለ ለትል ፈልገን ኤሱ ጅግና የኣፍሪቃ ንጉስ ነው ኣሽቃባጢ,1,1,0,0,0,0
amh_train_track_b_03037,የሆንክ ፍናፍንት ነገር ነህ የአዕምሮ መቀንጨር ይዟችኋል እናንተ አባቴ አይታችሁ የማታውቁትን ድንገት ስታገኙ ሁሉንም ኬኛ በሚል አባዜ ድንገት ሳታስቡት ሁሉንም አያጣችሁት ነው።,0,2,0,0,0,0
amh_train_track_b_03038,dhiisaa maa ምንም ውሸት ለነፍጣኛ መሰበብ የለም አብይ የከለከላቸው አብይ ሴጣን አስቀምጣቸው ነፍጠኛ ለይ አትጮሁ,1,1,0,0,0,0
amh_train_track_b_03039,ኢትዮጵያችን ተስፋሽ ትልቅ ነው ክፋትን ለሚመኙልሽ ባንዳዎች እግዚአብሔር ልብ ይስጥልን,0,0,1,0,0,0
amh_train_track_b_03040,ኢትዮጵያ እና የምሥራቅ አፍሪካ ማኅበረሰብ አባልነት ተስፋ እና ስጋት,0,0,0,0,0,0
amh_train_track_b_03041,ያራዳ ልጅ! ያየህበትን አንግል ሳላደንቅ አላልፍም አባቱ !,0,0,0,2,0,0
amh_train_track_b_03042,ከ 1960 ጀምሮ ጦርነት ብቻ:ግን ኢትዮን ለምንድነው ሰላም ኣትሰጡንም?,0,0,2,0,0,0
amh_train_track_b_03043,እኔ ሙስሊም ነኝ ነገር ግን እኒህ አባት በጣም ጥሩ ንግግር ነው በጣም አከብራቸዋለሁ አላህ እድሜና ጤና ይስጣቸው ከናንተ ሸር ግድያ ፈጣሪ ይጠብቃቸው,0,0,0,3,0,0
amh_train_track_b_03044,ደግ አደረጉ።ጀግኖች ናቸው።ለአይሁድ ሽብርተኞች የሚገባው ይህ ነው።ምክንያቱም በፍልስጥኤማውያን ላይ ሲያደርሱት ለነበሩት ግፍ የሚገባቸው ይህ ነው።,0,1,0,1,0,0
amh_train_track_b_03045,አዎ በጣም አስፈላጊ ጉዳይ ነው የሚገርመው ልዩ ሐይል የሚባል መፍረስ አለበት የሚሉ ወገኖች አሁን ምን ስለሆነ ነው እየተቃወሙ ያሉት ኧረ የሚገርም ነው,0,0,0,0,0,1
amh_train_track_b_03046,የሐማስን የጥቃት ዝግጅት ቀድመው ሪፖርት ቢያደርጉም ሰሚ ያላገኙት የእስራኤል ‘ዐይኖች’,1,0,0,0,0,0
amh_train_track_b_03047,ይህን ትርጉም ባላውቀው ደስ ይለኝ ነበር,0,0,0,0,0,0
amh_train_track_b_03048,ጠቅለይ ሚኒስትሩ ለኤርትራውያን ያጎጉት ስጦታ ረሱ ለይገኝ ይችለልኤርትራውያን ግን መወቅ ያለበቸው መቶ ሀያ ሚሊዮን ኢትዮያዊያን ህልውናቸውን ጥለው የመይኖሩ እንደይመስለቻው,1,0,0,0,0,0
amh_train_track_b_03049,እያልኩ ፈራ ተባ ቃሌን እየያዝኩት ደፍሬ ያንተ አርገኝ የኔ ሁን ያላልኩት ልቤን አንድ ነገር እጅግ አሳስሮታል ካንተ ጎሎ አይደለም ልቤን ቀን ሰብሮታል,0,0,1,0,0,0
amh_train_track_b_03050,ውለታህን መክፈል ባንችልም አምላክ ይክፈልህ ነገር ግን ውዱ መሪያችን እባክህ በኦሮሚያ ክልል ዋና ዋና መስመሮች ላይ በግልፅና በድብቅ በማን አለብኝነት የሚስተዋሉ ከባድ ከባድ እንዲህ ነው ማለት ያልቻልናቸውን ችግሮች እመራለሁ ብለህ እኛም አንተን ምራን ብለን እንደመረጥንህ ሁሉ በቻልከው መጠን አስቁምልን አደገኛ የኦሮሞን ህዝብ የማይወክሉ ደነዞች እየበዙ ነው እነዚህን አደብ አሲዝልን መሮናል,1,0,1,1,0,0
amh_train_track_b_03051,እካን እሳ እኔም አስለቀሰቺኝ እካን ፕራንክ ሆነ,0,0,1,1,0,0
amh_train_track_b_03052,ጉልበት አለኝ ብለህ ቆፍረህ ንደኸው የቆምክበት አለት፣ ድንገት ዞር ስትል መውረጃ እንዳታጣ ቀኑ የከፋ ለት። ኦሮሙማ ሰማህ ወይ!? የትነበርክ ታደለ,1,0,0,0,0,0
amh_train_track_b_03053,የመቅዶንያ ዩቱዩብ ቻናልም ብታስተዋውቁላቸው ጥሩ ነው ሚኮ የሚባለው ልጅ ከፍቶላቸዋልና,0,0,0,0,0,0
amh_train_track_b_03054,ጥያቄ? ኢትዮጵያን አውቃለሁ ይላሉ ህዝቡን እሳ ያውቁታል ህዝቤ የደህንነት ስጋት አለብኝ ይላል ስጋቱንስ በሚገባ መልሰዋል ከኦሮሚያ ክልል ውጭ ህዝቡ በመንግሥት,1,0,0,0,0,0
amh_train_track_b_03055,ሰውየው ዘፈን ሊያወጣ ሲል አጀንዳ ለማድረግ እና ዘፈኑን ለማሻሻጥ ከመሬት ተነስታቹ አጀንዳ ለማድረግ ትሞክራላቹ ይህ ሰው አሁንም ሕዝቡን ሊያስጨፈጭፍ ሳይሆን አልቀረመረ ባለፈው በ2009 ጀምሮ በፈጠረው ሁከት 15 ሚሊየን ሕዝብ አስጨርሶኣል ከገዢዎች እኩል ተጠያቂ ነው አሁንም ሊደግም ከሆነ ሰውየው ወንጀሉ የከፋ ይሆናል ማለት ነው,1,1,0,0,0,0
amh_train_track_b_03056,በአለማችን አለምን የሚሸብሩ ሽብር ፈጣሪወች ናቸው ስለዚህ እኛ ድሮ ከግብጽ ወደ ከናአን ከከናአን ወደ እየሩሳሌም ነው ከሰደን የመጣነ ዛሪ ደሞ ያሸባሪው ሀማስ ህዝብ እጣ ፈንታ ነው ከጋዛ ወደ ግብጽ መሰደድ ድል ለእስራኤል ወታደሮቻችን ሲዖል ላሸባሪ ፍልስጤም,0,2,0,0,0,0
amh_train_track_b_03057,አለም እስካሁን በአገኘው አጋጣሚ ሁሉ እስራኤላውያንን በእጅጉ በድሏል አሁን ላይ ግን ያ አይቻልም እስራኤልን መንካት ምን ያክል ዋጋ እንደሚያስከፍል ሁሉም ቅጣቱን ይቀምሳል እስራኤል ወደ ፊት,2,0,0,0,0,0
amh_train_track_b_03058,እየገጠመን ያለው ነገር ይህ ነዉ ጎበዝ? ከህወሓት ጋር በነበረው ጦርነት ወገቡ የጓበጠዉ ህዝባችን ሌላ መከራ ከፊቱ ተጋርጦበታል,0,0,1,0,1,0
amh_train_track_b_03059,እርቦህ ምግብ አዘህ እየጠበክ ከጎንህ የሚገርም አበላል ሲበሉ?,0,0,0,0,0,0
amh_train_track_b_03060,ይህ ጥቅስ ግን እውነት ነው? ከኦሮሞ ቀሳውስትና ከኦሮሞ ኣቡናት ጋርእየጸለዩና እየመከሩ እንዴት እንዛ ማለት ቻሉ? ስለ ተጋሩ ውሸት ሲነገር እንደ ተጸየፍነው፣ ኣቡነ,1,0,0,0,0,0
amh_train_track_b_03061,በአሜሪካዋ ከተማ ካንሳስ በስፖርታዊ ዝግጅት ላይ በተከፈተ ተኩስ አንድ ሰው ሲገደል 21 ቆሰሉ,0,0,1,0,0,0
amh_train_track_b_03062,ባሰበበት ቀርቶ፣ባላሰበው ሲያመሽ፣ በጣም ያስጨንቃል እንደሰው ላሰበው፣ ውጥኑን አቋርጦ፣ለሰው ጥሎ ሲሄድ ድንገት ሳያስበው። ዛሬስ እንዴት ነህ አማራ ሃገሬ፣ ስንት ተወለደ፣ስንቱ ተሰደ,0,0,2,0,0,0
amh_train_track_b_03063,እና ብርቅ ነው የሷ መሞት በፍልስጤም በኩል ሆስፒታል ገብቶ የሚገድል ውሻ የይሁዳ ስብስብ ምን እንበለው ህፃናቶች ሰላማዊ ሰዎች ህንፃቸው እያፈረሰ የዘር ማጥፋት የሚሰራ ወራሪ ሀይል ምን ትላላላቹ,1,2,0,0,0,0
amh_train_track_b_03064,ማህበረ ቅዱሳን የሚሉትን አሸባሪ እየለቀሙ ወደ ቂሊንጦ መላክ ነው። ዳንኤል ክብረትና ሙላቱ ዘሪሁን ናቸው ይሄን ያሸባሪ ቡድን የሚመሩት ።,1,2,0,0,0,0
amh_train_track_b_03065,ደግሞ አንተ ሁኔታህ ያስፈራል እኔነኝ ቴድሮስ እንዳትል ከቀን ወደ ቀን እያገረሸባችሁ ነው ዘረኝነቱ።,0,1,0,0,1,0
amh_train_track_b_03066,ሲጀመር ሰውዬው ህግን አክብሮ እየሰራ አይደለም ሰዎቹም ስራቸውን ነው የሰሩት ግን እኔ የሰውዬውን ልክ አለመሆኑን አውቆ ትቶ ሲሄድ ያ ሁኔታው ያሳዝናል በተረፈ ስራቸውን ነው የሰሩት,0,0,2,0,0,0
amh_train_track_b_03067,ዳሩየ ስወድሽ ሁሌም ዜና አንቺ ብታቀርቢ እንዴት ደስ እንደምትይ,0,0,0,2,0,0
amh_train_track_b_03068,ዘር እየለዩ የሚጮኹ የሠብአዊ መብት ባለስልጣናት ትገርማላችሁ።,1,0,0,0,0,0
amh_train_track_b_03069,ይሄ ሰውዬ ግን ሰው ነው ለምን በሱ ዘመን መከራ እንደበዛበት አይገባኝም,1,0,1,0,0,0
amh_train_track_b_03070,FBI የሚለውን ሳይ ፊልሙ ትዝ ያለኝ እኔ ብቻ ነኝ!!!ብቻ ፕራንክ እንዳይሆን።ታራራራም ታራራራም,0,0,0,0,0,0
amh_train_track_b_03071,የተከዱ ናቸው ያሳዝናል ስልጣን መጥፎ ለህውሀትም አልጠቀመም,0,0,2,0,0,0
amh_train_track_b_03072,ኤርሚን አገለላችሁት ምድረ ጥንብ ዘረኛ ሁላ እባቦች።,0,3,0,0,0,0
amh_train_track_b_03073,የታሪክ ምርኮኛ ያንተ ታሪክ ጥቁር ነዉ መቼም ጥሩ ታሪክ የለህም ከብቶች ከናንተ ጋር አንላቀቅም,2,2,0,0,0,0
amh_train_track_b_03074,ከአረብ ሀገር የሚመለሱ ሰዎች ተመልሰዉ በህገወጥ መንገድ ይወጣሉ ስለዚህ ምክንታቸዉ ተጠንቶ በሀገራቸዉ ተረጋግተዉ መኖር የሚችሉበት ሁኔታ ቢፈጠር መልካም ነዉ።,0,0,0,0,0,0
amh_train_track_b_03075,ጋዜጠኛ ኦሀድን በከፍተኛ ትኩረትና ፍላጎት አዳምጠዋለሁ ይበልጥ እንድታዳምጠው የሚገፋ ብቃት ያለው ሰው ነው  ምክናያቱም በጣም የበሰለ አዋቂና ሚዛናዊ ሰው በመሆኑ ነው እንዲህ አይነት ብሩህ ጭንቅላት ያላቸው ሰዎች መድረክ ያለማግኘታቸው ያሳዝናል,0,0,1,0,0,0
amh_train_track_b_03076,የአማራ ክልል ግብርና ቢሮ ሀላፊ ያቀረበው ሪፖርት መልካም ሆኖ ሣለ ግን የዘንድሮውን ክንውን ከአምናው ጋር በማወዳደር በፐርሠንቴጅ ቢቀርብ ይበልጥ ገላጭ በሆነ ነበርየሲዳማየደቡብ ክልሎችስ አገራችን በጀመረችሁ የስንዴ ልማት ዙሪያ ምን እየሠሩ ነው ሕዝባችን ማብራሪያ ይሻልና አንድ በሉን,0,0,0,1,0,0
amh_train_track_b_03077,ከ ጋዜጠኛ ጋር መፋጠጥ አይወድም ጥያቄ ተዘጋጅቶ ተሰጥቶት ተዘጋጅቶበት ካልሆነ በስተቀር ያልታሰበ ጥያቄ መመለስ ወይም ይቅርታ ይህን መመለስ አልችልም ማለት ሰለ,1,0,0,0,0,0
amh_train_track_b_03078,ለረጅም ጊዜ ጠፍቶ የነበረ በሳልና የሰከነ ቃለ ምልልስ ነው ሰሞኑን ከሱማሁት ከየአባዱላ የዛሬው መሪዎች አርኪቴክት እኛ ነበርን ቃለ ምልልስ መሳይ ስብእና ግንባታ ፕሮጀክት የተሻለ ነበር ጥቂት ነጥቦች መረጋጋቱን ማቹር አድርጎ ጊዜና አጋጣሚዎች እድል ሰጥቶት የብዙዎችን እጣ ፈንታ እስከህይወት መስዋትነት እጁ ውስጥ እንደሆነ ተረድቶ እርጋታ ማረጉን እያደነቅሁ ያዝልቅለት እላለሁ ሁለተኛ ደጋግሞ እኛ እያለ ለውጡ እንዲመጣ የአረብና ምስራቅ ኢሮፕ,0,0,0,1,0,0
amh_train_track_b_03079,አለምዬ ባይሳካልህም neutral ለመሆን ብትሞክር ጥሩ ነው በዚህ ተራ የህፃናት ማታለያ የሚሸወድ የለም  እስራኤል ከካርቶን የተሰራ ነብር ናት  ድንጋይ ወረወራችሁ ብሎ በሺዎች የሚቆጠሩ የ5 ዓመት ህፃናትን የሚያስር አውሬ ሶስት ቡድኖች በጋራ ያደረጉትን ልምምድ እያየ ችላ ብሎ አልፎታል ማለት ራስን ማታለል በቃ ከዚህ በኋላ የእስራኤል አቅም በሚገባ ታይቷል የስለላ ድርጅቷም ተፈትኖ ወድቋል አገር ሆና የመቀጠል ህልውናዋ ራሱ ጥያቄ ዉስጥ ገብ,1,1,0,0,0,0
amh_train_track_b_03080,የታከለ ውርደት የብዙዎችን ማንነት ድንገት አጋለጠ።,0,1,0,0,0,0
amh_train_track_b_03081,እስራኤል በአሜሪካ እግር የቆመቼ ወሽካላ ነች። የአሜሪካ ተከፋይ ሁናችሁ ሚዛናዊ ዜና ትሰራላችሁ ብዬ ባላስብም አንዳንዴ በሚዛናዊ ሀሳብ ብታቀርቡ መልካም ነው። የእስራኤልን ግፍ ማየት ከብዷችሁ ነው?!,1,2,0,0,0,0
amh_train_track_b_03082,የሚገርመው ፡የጎንድር ሊሂቃን ህዝቡን አሳልቃችሁ ፡ ሳይሳካ ሲቀር ዶሞ ፡ ወደ ዝምባብዌና ወዲ አመሪካ ትሸሻላችሁ። የሚገርም ነው።,0,1,0,0,0,1
amh_train_track_b_03083,ከ 30 ዓመት ድንገት ምነው ከኤርትራ ጋር አንድ እንደነበራችሁ ትዝ አላችሁ ? ከጥቂት ዓመታት በፊት ጠላት ነበሩ እኮ? አራሳች ቻሉ እን,1,0,0,0,0,0
amh_train_track_b_03084,ዴኒዝና ጃን ፍቅር ይገባቸዋል ናሪን ከፈርሀት ጋር እንድታወራ ምክንያት ፈልገዉ ዞር አሉላት,0,0,0,0,0,0
amh_train_track_b_03085,በአደባባይ ይህን መሰለ ህዝብን የማጥፋት ቅስቀሳ ብቻ ሳይሆን ድርጊትም እየተፈጸም ብልጽግና ብለው በእየለቱ ሲያምታቱ ማየት ያማል የጉራጌ ማህበረሰብ አፈና ይቁም,1,0,2,0,0,0
amh_train_track_b_03086,በጣም የሚገርም ነው የትኛውን የ Community standard ነው ይህ መግለጫ የጣሰው? ያበሳጫል,1,0,1,0,0,0
amh_train_track_b_03087,በጣም እናመሰግናለን የኛንም ሀገር ወደ ሰላም ተመልሶልን ለህዝብ ደስታ ፈጣሪ ያሳየን,0,0,0,2,0,0
amh_train_track_b_03088,ሲጀመር እኮ ሀማስ ነው ሰላማዊ ሰው በሰላም አገር መቶ ያፈነውም የገደለውም ስለዚህ የሚገባውን ነው እያገኘ ያለው ሰላምም አይፈልጉም ሲጀመር የነሱ ጦስ ለራሳቸውም ለንፁሀኑም ዜጋቸው ችግር እና ሞት ይዘው ነው የመጡት,2,0,0,0,0,0
amh_train_track_b_03089,ልንታመም እንችላለን መዳኒታችን ያድነናል ልንወድቅ እንችላለን ያምተውን ያነሳናል መከራ ልታበዛብን ትችላለህ ግን የፈጠረን አይተወንም ።አንተ እንክርዳድ እጅህን ከቤተ ክርሰቲያንአችን,1,1,1,0,0,0
amh_train_track_b_03090,የቦታ ጠበት ይመስለኛል በስላሴ ሰም ግን ያሳዝናል,0,0,2,0,0,0
amh_train_track_b_03091,የአገራችን ሚዲያ ዝቅጠት ብዬዋለሁ ብእናንተ ብልግና መንግስት ስንት የተራቡ የተጎሳቆሉ ዜጎቻችን ሳያሳስቡኣችሁ የባይደን ውሻ ዘገባ አሳሰባችሁ ሞት ለእናንተ ይሁን,1,1,0,0,0,0
amh_train_track_b_03092,የዉነት ግን እንዳ ጂሀን የሚየፋቅር ሰዉ በዚች ምድር ይኖራል መልሱልኝ ፊልም ባይሆን ደስ ይለኝ ነበር,0,0,0,1,0,0
amh_train_track_b_03093,በ አላህ ይህን ልጅ የ እጅን ስጡት እኔ የመጀመሪያ video አይቸ በጣም አሳዝኖን ነበር እውነታው ግን ሌብነት ነው አላህ የጅህን ይህስጥህ ያረብ የሴት ልጅ እንባ እሳት ነው ቤተሰቦቿ ጋ እቅረቦት የቻለውን እንረዳት ትርሀስ አላህ ትልቅ ደርጃ ያድርስሽ የእውነት ሰው ነሽ ልጅ አይሆናትም ሌባ ነው ቢወዳት በበሺታዋ ላይ ቢዝነስ እየሰራች ብር እየሰጠችው ይህን እውነታ እንካን በቂ ነው እየተጠቀመባት መሆኑንን,1,1,1,0,0,0
amh_train_track_b_03094,ከምር ሰውየው ቃሉ መሬት ጠብ ብላ አታቅም! ምንድን ነው ዝምብሎ ስሜታዊ መሆን የቅንጅቱም ቢሆን ከነበሩት አማራጮች ትክክለኛውን ፖለቲካዊ ውሳኔ የወሰነው እሱ የነበረበት ቡድን ነው!,0,0,0,1,0,0
amh_train_track_b_03095,በራስህ ስም ለምን አትጠቀምም ያሳዝናል ወያኔነህ አሉ እና ማጣላት ነው የያዝከው ግን ቁርጥህን እወቅ አብዛኛው ኦሮሞ እና አብዛኛው አማራ ይዋደዳል ጥቂት ጽንፈኞች ናቸ,0,0,2,0,0,0
amh_train_track_b_03096,አራዳ ሲያረጅ መጋዣ ይሆናል አሉአሁን ስንት የሃገር ጉዳይ እያለ ታላቅ የሃገሪቷ ጋዜጠኛ ያረጀ ወሬ ሲተነትን መስማት ያሳፍራል ጎመን በጤና መሆኑ ነው አይ ኢትዮጵያ  የከዳሽ ይከዳ,1,0,1,0,0,0
amh_train_track_b_03097,በታንዛኒያ በደረሰ የመሬት መንሸራተት የ22 ሰዎች ሕይወት አለፈ,0,0,1,0,0,0
amh_train_track_b_03098,የwifi መቆረጦች አሉ ድንገት ከዘጉብን በውጪ ያላችሁት አደራ ድምፅ መሆናችሁን ቀጥሉ,0,0,0,0,1,0
amh_train_track_b_03099,የኔ እናት ደስ ይበልሽ ስታምሩ❤❤❤,0,0,0,3,0,0
amh_train_track_b_03100,ሣምሪሥዎድሽ የእውነት ምርጥ ነሽ,0,0,0,2,0,0
amh_train_track_b_03101,ዝም ብለው አይገሉምኮ የገደለን ነው ከገደልሽ ትገደያለሽ አይህ ህግ ሀገራችን ቢኖር እንደዚህ ግድያ ባልበዛ ነበረ,1,0,1,0,0,0
amh_train_track_b_03102,አሜን! በክርስቶስ ሞትና ትንሣኤ የተገኘ የማያቋረጥና የማይቆራረጥ ሰላምና ደስታ ይሁንላችሁ! እንኳን አደረሳችሁ! ጫኔ,0,0,0,2,0,0
amh_train_track_b_03103,እነሱም! የተከበረው የትግራይ ህዝብ ለመጥራት እንዲህ ያንገበገበሽ ምንድነው አንቺ ጅላንፎ ዘረኛ አህያ ከአህያው አያልፍም ክብረተ ቢስ አድጊ!,0,3,0,0,0,0
amh_train_track_b_03104,አላለም ቤት ብልጽግና እያለ ነው ቤት ቱሪናፋ ቱልቱላ ነህ ወሪብቻ አዋረድካት ትንሽ ስዎች በሆነ አጋጣሚ ትልቅ ቦታ ሲገኙ ሚያበላሹት ትልቅ ዋጋ ያስከፍላል,1,2,0,0,0,0
amh_train_track_b_03105,ወራሪ ሰዉበላ እስራኤልና አጋሮቿ አላህ የዱንያ ዉርደት እና ስቃይ ያድርስባቸዉ መድረሻ ቢሶች ባስጠጓቸዉ በሉቸዉ ዉሾች ናዚ ልክ ነበር እነዚ ምድር በካዮች የነቢያት ገዳዮች ፈጣሪ ለተአምሩ ነዉ ያስቀመጣቸው በሚሰሩት ግፍ ያገኙታል በሰዉኛ እይታ አሁን ስለምንል ነዉ እጂ ቅርብ ነዉ ድል ለጀግኖቹ,1,2,0,0,0,0
amh_train_track_b_03106,ያምራል ግን ልጅን በዝ መልኩ ከንፈር ማሳም ወደፍት ወራዳ ያደርጋል ምክር ሳይሆን ማሳሰብያ ነው,1,0,0,0,0,0
amh_train_track_b_03107,የጀሀን እንባ መች ነው የሚያቆመው,0,0,2,0,0,0
amh_train_track_b_03108,አቶ መጨነቅ አሉ ሰዳቢህ ማነው አሉ ከኔ የባሰው የአለም ህዝብ በእስራዔል ጭካኔ ልቡም ጀሮውም ቆስሏል አይሰማችሁም,1,0,0,0,0,0
amh_train_track_b_03109,እዎ ጉራጌ ፍቅር ነው እንች ተረኛዋስ ግን ክፍያሽ ስንት ነው?,0,1,0,0,0,0
amh_train_track_b_03110,የሚያፈርሰ ያፍርሰህና ምድረ መንጋ ደንቆሮ ሀላ አትሰሩ አታሰሩ የተሰራ እንኳን ደግማችሁ እንዳትሰሩ አራተኛ ክፍል አልጨረሳችሁ ሐገሬ እንዲህ የዘቀጠ የወረደ ዜጋ የላትም አንተ የአማራን ሕብረተሰብ አትወክልም,1,2,0,0,0,0
amh_train_track_b_03111,ለዶሮ ኣጥንት አየስፈልግም ጣጋራ  ለሱማለያ ጦርነት አየስፈልግም ዥግጅት ኢቶጵያ የጀግነ የባዛበ ጴጥሮስ ሀገረ ማሆኑን አያዎቁም እንዴ የምዕ ሞት ቅማል በጭቅላት መጣ ምዕበል ተረት አለ,0,1,0,0,0,0
amh_train_track_b_03112,በተለያዩ ጉዳዬች ላይ መሦራት እሚያስፈልገን መሆኑ ለማንም መሐይም ግልጽ በሆነበት ጊዜ መጀመሪያ እሄ መጀመሪያ ያ የሚሉ ሗላ ቀሮች ዝም ቢሉ ጥሩ ነበር ሰላም ስለሌለ በልተን እንደርም ልንል ነው ማለት ነው,1,1,0,0,0,0
amh_train_track_b_03113,እኛ የጨመርነው ነገር ፀብ እና ዘረኝነት ነው ያልከው ነገር በጣም ተመቸኝ ክበርልኝ,0,0,0,2,0,0
amh_train_track_b_03114,ቤተ ክርስቲያኗን እየተፎካከራቹ ቀኖናዋን ከምጨምሩ ከምቀንሱ ይኼ የእኛ እምነት ነው ብላቹ ለምን አታመልኩም በፈጣሪ እንዴ በቃ ተዋህዶ አይማኖታችንን ለአማኙ ተውለት ቀኖናዋን ጠብቃ ዘላለም ትኑር አትፎካከሯት እናተ የተዋህዶ ጠላት ናቸው ከሚባሉት በይበልጥ መሳይ ገዳይ ናቹ,2,0,0,0,0,0
amh_train_track_b_03115,ሰሜን ኮሪያ ከሁለት ያልተሳኩ ሙከራዎች በኋላ ወታደራዊ የስለላ ሳተላይት አመጠቅኩ አለች,0,0,0,0,0,0
amh_train_track_b_03116,አማራ ክልል መሪ የለውም ብአደን አማራ ክልልን ሊመራ ቀርቶ እንድናየው እንፈልግም 30አመት በላይ አስገድሎናል አስጨፍጭፎና ለህግ እናቀርበዋለን ወይ ቀንድበን እንጨረሰዋለን አሳደን ባንዳ,1,2,0,0,0,0
amh_train_track_b_03117,ጭቅላታችው በሰበስ ወራዳ ባዳዎች,0,2,0,0,0,0
amh_train_track_b_03118,wow jawer mohamed በጣም ነው ማደንቅህ ድንቅ የፖለቲካ ኣቅም ነው ያለህ ጋዜጠኛውንም ሳላደንቀው ኣላልፍም በጣም ጎበዝ ነው ይችላል ኣይገልፀውም,0,0,0,3,0,0
amh_train_track_b_03119,ዛሬ በጣም የገረመኝ ደረጀ የሚባል የ ዮቲዩብ ጋዜጠኛ የአቶ ታዬ መታሰር ለኛ በጣም ጥሩ ነዉ ብሎ ሲዘግብ እሱ ከልጆቹ ጋር ሆኖ ልጆቹን አቅፎ እያደረ ልጆቹን ትምህርት ቤት እያደረሰ የታየ መታሰር በጣም ጠቃሚ ነዉ ብሎ ሲዘግብ በአይነ ሐሊናው የታየ ልጆች ይታዪት ይሆን አቤት ሕሊናቢስነት መሆን,1,0,1,0,0,0
amh_train_track_b_03120,እኔን የሚያስቀኝ ጉልሩና ጉልፈም ለብሽሽቅ የሚስቋት ሳቅ  እየተቃጠሉ ይስቃሉ ወይኔ,0,0,0,1,0,0
amh_train_track_b_03121,ዳንኤል ክብረት የምባል ሰው የተናገረው የጥላቻ ንግግር የህግ ሽፋን ተጠቅሞ ተግባራዊ እናደርጋለን ብሎ ማሰብ የሚገርም ነው። ማእቀብ ፈርቶ እንጅ አሁንም ለሰላ,1,1,0,0,0,0
amh_train_track_b_03122,የሲማይ እናት ሀዘን ላይ እንኳን ሆና ታምራለች,0,0,0,1,0,0
amh_train_track_b_03123,በኢትዮጵያ በልጆቾ ደም የቀለደ አሳፋሪ መሪ እጅግ ያማል በጣም ያሳብዳል ቦቅቧቃ አስመሳይ መሪ,1,2,0,0,0,0
amh_train_track_b_03124,ስያንስበት ነዉ! ግን ክልላችን ጥሩ የሰራውን ሰው ያበረታታታሉ እንዴ?,0,0,0,0,0,0
amh_train_track_b_03125,ጠላት ብዙ ሊያወራ ይችላል ማንንም እንዳትሰሙ ያኔ ማህበረ ቅዱሳን ሲመሰረት ጠላቶቹ ከዚሁ ከቤተክርስትያን የወጡ ነበር ማህበረ ቅዱሳንን ፓትርያርኩ ሳይቀር ነበር ሲቃወሙ የነበሩት ግን ዛሬ ማህበረ ቅዱሳን እንቁ ማህበራችን ነው ይህ ማህበር ደግሞ ከማህበረ ቅዱሳንም በላይ ይሰራል ጠላት በአናቱ ይተከላል ቤተክርስትያናችን በእናንተ ዳግም አብባ ትታያለች,0,0,0,1,0,0
amh_train_track_b_03126,ስለ ክርስትና ከሆነ እያወሩት ያለ፡ ከየትኛው ወንጌል እንደተቀዳ ግራ እየገባን ነው ያለው?,0,0,0,0,0,0
amh_train_track_b_03127,ነጭ ውሸት ምንም የተደረገ የለም ህዝቡን አትሳለቁበት,1,1,0,0,0,0
amh_train_track_b_03128,እንዳንተ አይነት ደንቆሮ ብሄረተኞች ናችሁ ለኢትዮጲያ መፍረስ ስጋት የሆናችሁ,1,2,0,0,0,0
amh_train_track_b_03129,የስንት ሺህ ስው ህይወት የቀጠፉ ስዎች የሚፈረድባቸውን እናያለን,1,0,1,0,0,0
amh_train_track_b_03130,ገጠመኝ ሹፌር ድንገት መኪናው ከሌላ መኪና ጋር ይጋጫል በጣም ይናደድና በሩን ከፍቶ ወርዶ ምን ዓይነት ሹፌሮች ናቸው አለ ሹፌሮች ምናረጉኽ የተጋጨኸው ከአንድሹፌር ጋር ነውቢለው ከነ,0,0,0,0,0,0
amh_train_track_b_03131,ምን ሖነሕ ነው የጠፋሐው በሰላም ነው?,0,0,0,0,0,0
amh_train_track_b_03132,በሙሉ ቁጥር ነው ብቅ የሚሉታ?,0,0,0,0,0,0
amh_train_track_b_03133,የበላው አንቆት በየቀኑ ከራሱ ጋር እየተጋጨ እብደት የጀመረው ድንቅ ጋዜጠኛ,0,2,0,0,0,0
amh_train_track_b_03134,ዲቃላ መሆን መከራ መሆኑን ከአንተ አየሁ! እስቲ አለቅልቅ አንት የጭን ገረድ ልጅ!,0,2,0,0,0,0
amh_train_track_b_03135,ቢገርፉን፤ ቢገፉን፤ እስከ ቀራንዮ ፣ እስከ ጎልጎታ፤ ሞት አያስፈራንም! ሞቶ ማሸነፍን ፣ አስተምሮን ጌታ! በላይ በቀለ ወያ,0,0,0,0,0,0
amh_train_track_b_03136,ይሄ አሸባሪ ዘረኛ መንግስት ይረዳኛል ብለህ እርዳታ አትጠይቅ ሴት ወንድ ሳትል ሰልጥነህ ፋኖን ተቀላቅለህ ታግለህ ነፃነትህን በክንድህ አውጂ,1,2,0,0,0,0
amh_train_track_b_03137,ይሁን እሺ። ደቂቀ እስጢፋኖስ መናፍቃን ነበሩ እንበል። እነሱን መግደል ክርስቲያናዊ ወይስ ሰይጠናዊ? ክርስቲያኖች በምስክርነታቸው ሰማዕት ሲሆኑ እንጂ ሲገድሉ ይታያሉ? Whos,0,0,0,0,0,0
amh_train_track_b_03138,እኔ ሚገርመኝ ኢትዮ ጂዊሾች እስራኤል ውስጥ የተሰበሰበው ደማቹህ ለተጎዱ ወታደር ለመለገስ ተጠይፈው እንዳልተደፋ ኦርቶዶክስ ላይ ምራቅ እየየተፉ እንደሚውሉ እያየህ አለምነዋሴ የደስታህ ንባብ በጣም ያሳዝናል ቲች አፈር ትብላ ውሻ,0,2,1,0,0,0
amh_train_track_b_03139,ከ2አመት ኋላ ትናት ማታ 8በሳውዲ ከባል ጋር ታረቀን እጅግ በጣም ደስ ብሎኛል,0,0,0,3,0,0
amh_train_track_b_03140,ሰላም የማስከበር ተልኮ በአግባቡ እስካልተሰራ ድረስ፡ ህዝቡ ከዘረፋም ይሁን ከግድያ ሊድን አይችልም፡ ዘንድሮ የህዝቡን እንባ የሚያብስ ማን ነው፡፡,0,0,2,0,0,0
amh_train_track_b_03141,ለሮበርት ዲ ኒሮ ለ11 ዓመታት የሰራችው በጾታ መድልዎ 1.2 ሚሊዮን ዶላር እንዲከፈላት ታዘዘ,0,0,0,0,0,0
amh_train_track_b_03142,ትላንት 4ኪሎን በአቋራጭ የያዙት ኦነጎች፥ ዛሬም 5ኪሎን እንዲሁ በአቋራጭ ለመያዝና ሀገር ለማፈራረስ ከተራ ብልጣብልጥነት እስከ ውንብድና፣ ክህደትና ሽብር በመፈፀም ላይ ናቸው። ግፈኛ,1,1,0,0,0,0
amh_train_track_b_03143,ዘሌዋውያን 20 ¯¯¯ ¹⁰ ማናቸውም ሰው ከሌላ ሰው ሚስት ወይም ከባልንጀራው ሚስት ጋር ቢያመነዝር አመንዝራውና አመንዝራይቱ ፈጽመው ይገደሉ። ¹¹¹ ማናቸውም ሰው ከአባቱ ሚስት ጋር ቢተኛ የአባቱን ኃፍረተ ሥጋ ገልጦአል፤ ሁለቱ ፈጽመው ይገደሉ ደማቸው በላያቸው ነው። ¹² ማናቸውም ሰው ከምራቱ ጋር ቢተኛ ሁለቱ ፈጽመው ይገደሉ፤ ጸያፍ ነገር አድርገዋል፤ ደማቸውም በላያቸው ነው። ¹³ ማናቸውም ሰው ከሴት ጋር እንደሚተኛ ከወንድ ጋር ቢተኛ ሁለ,0,0,0,0,0,0
amh_train_track_b_03144,እግዚሐብሄር ድንቅ ነዉ?,0,0,0,2,0,0
amh_train_track_b_03145,ባንድ ቀንና ለሊት ምን ተፈጠረ ባይደን እስራኤል እራስዋን የመከላከል መብት አላት ሲሉ አልነበረም ለምን እጃቸውን ታጠቡ ከስራኤል አጋርነት ወደ ሽማግሌነት ለመቀየር ለምን ፈለጉ ይሀ ክህደት አይደለም,1,0,0,0,0,0
amh_train_track_b_03146,ከብዙ ቆይታ በዃላ በማየቲ ደስ ብሎኛል ምነዉ በዚህ ጊዚ ጠፍህ ተሰፍየ ምነዉ,0,0,0,3,0,0
amh_train_track_b_03147,አማራ አህያ ተቃውሞ የወጣው የትግራይ ህዝብ ህወሀት ላይ አንነሳም ፈልገን ነው የተዋጋነው ከገባህ ሰልፉ ለአብይ ነው ህወሀትን በፍቅር ነው ምንወደው ቅጥል በል አንተ ነፍጠኛ ተንታኝ,0,2,0,0,0,0
amh_train_track_b_03148,ያረብ በሽርና የእስራኤልን እልቂት አንተ መከራዋን አብዛባት ሠላሟን አሳጣት የኮራችበትን መሳሪያ አመድ ያድርግባት የንፁሀን እንባና ግፍ ጎርፍ ሆኖ ይውሰዳት አላህ ይበቀላት ያረብ,1,0,1,0,0,0
amh_train_track_b_03149,Mihratu Wonetmu 🤭🤭🤭ማን ተሳደበ መልካም መንገድ ነው ያልነው,0,0,0,0,0,0
amh_train_track_b_03150,ጃዋር ጃዋር እምትሉ ሰዎች ግን ጤንነታችሁ ያሳስበኛል ከ200 በላይ ሰዎችን ያስፈጀው ጃዋር መሆኑን እረሳችሁት ምድረ ሾርት ሚሞሪ ሁሉ ሌላው በጣም የገረመኝ ጋዜጠኛው ይጠይቃል አቶ ታየ እንደዚህ ተለይተው የወጡበት ምክንያት ምንድን ነው ሲለው የመለሰው መልስ ከአንድ ፖለቲከኛ ነኝ ከሚል ሰው አይጠበቅም ባጭሩ የአብይ አህመድ የቀኝ እጅ እንደሆነ ነው የገባኝ ሌላው የአማራ ክልልን ጦርነት በገደምዳሜው ፋኖ እንደጀመረው ተናግሯል ኦሮሞ አደለም ሀ,1,2,0,0,0,0
amh_train_track_b_03151,አስተዳዳሪ የሌለበት ሀገር ሽፍታ ዱርየ ሌባ  ገዠ ይሆናል,1,1,0,0,0,0
amh_train_track_b_03152,የሚሰማኝ ግን በእርጋታ ይቀመጣል ከመከራም ስጋት ያርፋል!,0,0,0,1,0,0
amh_train_track_b_03153,ገዳ ፍቅር ነው አብሮ የመኖር ተምሳሌት ነው ፍቅር ያሸንፋል የኢትዮጲያ ሰላም አረጋጋግጠን ብልጽግናዋን እናፋጥናለን አራት ነጥብ !,0,0,0,2,0,0
amh_train_track_b_03154,ቆይ ቆይ መና ኮሜንት ታያለሽ ብዬ አሰባለው ልጁ ባለጌ መሆኑን ካወቅሽ በዃላ እናሰማማክ እርዳታው እንዲቀጥልልክ ብሎ ማለት ምን ማለት ነው ሼም ሆን ዩ መና ህዝቡ የሚረዳው ተርፎት አይደለም ሰላሳዘነችው ነው መናና እንቲ ሙሸኪላ ፊ  ኣረ ላሽ መና ደና ሰው ትመስይኝ ነበር የባሰብሽ ጭራሽ እባክህ ብላ ትላለች ሆ ጌታዬ,1,0,0,0,0,0
amh_train_track_b_03155,የራሳቸውን ልብስ የመረጡትን መልበሳቸው በጣም ጥሩ ነው !!! ሌላው ሰው የሚፈልገውን እና የመረጠውን ከለር ልብስ ሲለብስ አይግፈፉ !!!,0,0,0,1,0,0
amh_train_track_b_03156,ብዙ ሰዎች የማያስተውሉት ነገር ግን እጅግ ወሳኝ የሆነ Foreign Policy መረዳት ወሳኝ ነው። US የትህነግ ዋነኛ ደጋፊ ስትሆን German ደግሞ የኦነግ እና የኦሮሚያ አገ,0,0,0,0,0,0
amh_train_track_b_03157,አመለካከት ዝቅጠት ሰሜንን ማዳከም ሰሜን ራሱን በራሱ የሚያዳክም ነው ደረጀ በጣም አልጠበኩም,0,1,0,0,0,0
amh_train_track_b_03158,የምዕራብ ጠላት አብቹና ቂድመ አባቶቹ,0,1,0,0,0,0
amh_train_track_b_03159,ሀማስ ማለት አውሬ ነው ሰላማዊ ሰዎችን የሚገድል ...,1,1,0,0,0,0
amh_train_track_b_03160,በርቱ ምርጥ እሳቤና ትልቅ አላማ ያለው ስራ ነው ክብርት ከንቲባችን በርቱልን ሚሊየኖች ከናንተ ጋር ናቸው ! ቀጣይ ጊዜ ከናንተ ጋር ብልፅግና ነው። Jabadhaa Ade kenyaa!,0,0,0,3,0,0
amh_train_track_b_03161,አንቺ መርጦ አልቃሽ ሲጀመር አፋርን እራሱ የጠራሽው ለማስመሰል ነው ኢቲዮጲያ ውስጥ አማራ እና አፋር ብቻ ነው የተራበ ያለው ወረኛ እንደ ጋዜጠኛ ስራሽ ሁሉንም ነው ማካለል ያለብሽ ሲጀመር ሌላውን ዘረኛ ትላላላቹ እንጂ ከናንተ በላይ ዘረኛ የለም ነውረኛ,1,2,0,0,0,0
amh_train_track_b_03162,በጣም ነው ደስ የሚለው ወንድሜ ዘመንህ በቤቱ ይለቅ እግዚአብሔር ይመስገን ስለሁሉም ነገር❤,0,0,0,3,0,0
amh_train_track_b_03163,እስራኤል ተኩሳ የገደለቻቸው ታጋቾች እርዳታ የሚማጸኑ ጽሁፎች በጨርቅ ላይ አስፍረው ነበር ተባለ,0,0,0,0,0,0
amh_train_track_b_03164,ሰውዬው ደንግጦ አያውቅም አንተን ሲለማመጥህ እውነት መሰለህ ትዕግስት ፍርሀት አይደለም?,2,0,0,0,0,0
amh_train_track_b_03165,ምን አይነት ባለጌ ክፍትአፍ ነች!?!?! ታከለ ኡላው በህዝብ የግብር ገንዘብ ነው ተማሪ ምግብ ያበላው የህዝብ ቤት ሰርቆ ለማን እንዳከፋፈለ ያዲሳባ ህዝብ ያውቃል,0,2,0,0,0,0
amh_train_track_b_03166,አማራ የኢትዮጵያውያን የሠላም ጠንቅ ነው። ካልዘረፈ መኖር የማይችል ሕዝብ ነው። አሸባሪዎች ተገዝተው ወደ ክልሎች የሚሸጡት ከአማራ ክልል ነው። አማራ የኢትዮጵያ ስጋት ነው።,0,2,0,0,0,0
amh_train_track_b_03167,እባብ ቆዳው ይለሰልሳል ውስጡ ግን ገዳይ መርዝ አለ አትጃጃሉ ወገን የሆነ ካልኩሌሽን እየሰራነው,1,0,0,0,0,0
amh_train_track_b_03168,አቶ አብራር እባክዎት እንደ ዕድመ ጠገብ አዛዉንት ብያስተዉሉና አንድነታችንን ለማጠናከር ብሰሩ ጥሩ ነዉ ይህ ካልሆነ ካሁን ወድያ በ? ለምፈጠር ማንኛዉም ችግር የመጀመርያዉ ተጠያ,1,0,0,0,0,0
amh_train_track_b_03169,ንብረት ከወደመና የሰው ህይወት እንደ ቀጠል ከረገፈ ቡኃላ ከተማዋ ወደማረጋጋት እየገባች ነው ማለት ሞኝ ነት ነው  ሁልጌዜ ዝርፊያ ግድያ የማትሰለች ሀገር ማለት ኢትዮጵያ ናት  አላሁ ይስቱር,2,0,0,0,0,0
amh_train_track_b_03170,ጀዋር ትለያለህ ብዙ የተናገርከው ሁሉ ሆነዋል ጥሩ ተንታኝ ነህ አልሰማ ብለው ይሄው እያየነው ነው,0,0,0,2,0,0
amh_train_track_b_03171,እኔ በጣም የሚገርመኝ:ድል ለእስራኤል የምትሉ ምስኪን እትዮጵያዊያን ክርስቲያኖች ነው:እናተ የእስራኤል ህዝቦች ምን ያክል ለክርስቲያን ጥላቻ እንዳላቸው ብታውቁና እየሱስንና የወለደችውን ማርያምን ምን ብለው እንደሚሰድቡና እንደሚክዱ ብታውቁ እግዚአብሔር አይሁዶችን ከምድር ያጥፋቸው ትሉ ነበር:ግን አታውቁም እናተ እስራኤል የሚለውን ስም ከቅዱስ ስም ነው የምታገናኙት በመፀሀፍ እስራሄል መላት ያቆብና የያቆብ ልጆች ናቸው:እነዚ የአሁኑ የእስራኤል,1,1,0,0,0,1
amh_train_track_b_03172,ሠርጎ ገቦች ድንገት ካሉ ሳይሆን፣ በስንት አሉ ብለን ሱባዔ መግባቱ ይቀላል ግልፁን ነገር? ባይሆንማ በግራዚያኒ ዘመን ያልተደረገው አብያተክርስትያናት,1,0,0,0,0,0
amh_train_track_b_03173,ምላስህ ሌላ ተግባርህ ይህዉ ያተ ተረኝነት የከፋ ነዉ ያሉት ደሚጠፋ የወለዱት ይጥፋ አለ ቲድዬ,0,1,0,0,0,0
amh_train_track_b_03174,ሻቢያ ካልተወገደ እንደ TPLF እንቅፉት መሆኑን አያቆምም ህዝቡም ነጻ ይውጣ ሻቢያን እንዲቆይ የሚያደርግ ስምምነት እንዳይደረግ በምን አይነት ዘርፍ ኢትዬጵያን ቁልቁል ማየት ነው የሚፈልጉት ትህትና የላቸውም ሻቢያን የሚያሶግድ ስራ ይሠራ ኢትዬጵያ እኩያችሁ አይደለችም ሻቢም ጣላቶች በሙሉ ወደ ትህትና የማትመለሱ ከሆነ እንደ Tplf ቦታችሁን ኢትዬጵያኖች ከፈጣሪ ጋር እናሳያችኃለን ፍቅር ትህትናን እንቢ ብላችኃልና,1,1,0,0,0,0
amh_train_track_b_03175,ከይኅጋይ ያጋጭህ ጦርነት ነው እየሆነብን ያለው,1,0,0,0,0,0
amh_train_track_b_03176,የንፁህ ደም እንባ ጎርፍ ሁኖ ይውሰደው,1,1,1,0,0,0
amh_train_track_b_03177,ጉርምስና ጥሩ ነው አይንንም ጆሮንም ማሠብያንም ይደፍናል። በስሜት ነዶ በጭፍንና ካለበቂ ገፊ ምክንያት እስከአፍንጫው ከታጠቀ የመንግስትሀይል ጋር ተጋፍጠው ያ,1,0,0,0,0,0
amh_train_track_b_03178,የሕዳሴ ግድብ ግንባታ 90 በመጠናቀቁ ሁላችሁን እንኳን ደስ ያላችሁ!,0,0,0,2,0,0
amh_train_track_b_03179,እና ቴክኖሎጂዋቹ አይሰሩ ሳይሆን በላብራቶራ ቢቀመጡ የኒዪክሌር ቁጥጥር እንዳለ ሁሉ የቴክኖሎጂዋች ተቆጣጣሪ ቢቋቋም ከሐይማኖት መሪዎች ጋር ብትመካከሩበት ለሚቀጥለው ትውልድ አደጋው የከፋ ነው ካሁኑ ቢታሰብበት መልካም ነው,0,0,0,0,1,0
amh_train_track_b_03180,ይሄ ግሩም ዜና ነው ደግሞም በጠዋት በሲሳይ አጌና አንደበት በመስማቴ ቀኔን ልዩ ያደርገዋል የምንገዳደልበት እንቆቅልሽ በዚህ መልኩ ከተፈታ ሌላው ቀላል ነው,0,0,0,3,0,0
amh_train_track_b_03181,ሀማስ በመጀመሪያ ያደረሰው በደል እልቂት በኑፁሀን ሰወች ላይ እስራኤል የደረሰው እግፍ እና ሰቆቃ በደቡብ አፍሪካ ውስጥ ቢሆን እሷም ትብስ ነበር ታዲያ ምን ይሆናል በሰው ቁስል ላይ የሆነ ነገር ብታስገባበት ለአንተ አያምህም በደቡብ አፍሪካ የሆነውም እንደ ዚያ ማለት ነው,0,1,2,0,0,0
amh_train_track_b_03182,የሰሜን ኮሪያው አየር መንገድ ከኮቪድ በኋላ ለመጀመሪያ ጊዜ ዓለም አቀፍ በረረ አደረገ,0,0,0,0,0,0
amh_train_track_b_03183,ኡፉፉፉ በጣም ያማል ተሰቅላ ለሌሎቹም ትምህርት ትሁን ፈጣሪ ይፍረድባት የህፃን አምላክ!!!😱,0,0,3,0,0,0
amh_train_track_b_03184,የመቶ ዓመት እድፍ የሚል መዝሙር ካልዘመርኽ እየተባለ ሲታመስ ከሚውል ተማሪ 3 ብቻ ማለፉ የሚገርም አይደለም። ህዝባዊ አቢዎት! AmharaRevolution,1,0,0,0,0,0
amh_train_track_b_03185,?የመምህር ዲያቆን ሔኖክ ሀይሌ የሚገርም ትምህርት በዶንኪ ቲዩብ ኮሜዲያን እሸቱ መለሰ መቄዶንያ MEKED via,0,0,0,1,0,0
amh_train_track_b_03186,የብልፅግና፣የግርማ የሺጥላና የናትናኤል መኮንን የሰማይ ላይ የሽምግልና ድርሰትና ጨረር መከላከያ ድንገት አጠቃቸው። የሬሽን መጋዝናቸውን ዘረፈ። ፋኖዎቹም ከተማ ውስጥ,0,1,0,0,0,0
amh_train_track_b_03187,እዩት አብይ ምን እየሰራ ነው ንፁሃን ዜጎችን እየገደለ እና እያሰረ ነው በየቀኑ የሚዋሽ ጠባብ አስተሳሰብ ያለው ሰው ነው እንዳንተ ያለ ሰው ሲደግፈው ማየት ያሳፍራል,0,2,0,0,0,0
amh_train_track_b_03188,መጨረሻ ላይ ዴኒዝና ናሪን መሞታቸውን ሳይ ማየት ደበረኝ ድራማውን,0,0,1,0,0,0
amh_train_track_b_03189,እስክንድርና ባለቤቱ ሰርካለም ናቸው። አዎ ብዙዎቻችን ድንገት ድህነት ሆኖብን ይሆናል ነገር ግን ሀብቱ ጸጋው ተትረፍርፎልህ ነገር ግን ሌላ አለም ዉስጥ መኖር ሌላ ጥበብ ሌላ ህይወት ነው። ለእኔ ባልም ተብሎም እንደስክንድ የሚኖር አይመስለኝም ፮,0,0,0,1,0,1
amh_train_track_b_03190,እቺ ካድሬዎች የምትለዋን ቃል ድንገት ሳያት ሳቅቼ ሞትኩት LabellingSeason ለማንኛውም ኢትዮጵያዊነት ለዘላለም ይለምልም ?,0,0,0,2,0,0
amh_train_track_b_03191,ይህንፊልም የምወደው የሀገራችንን የየዋሁን የአማራ ህዝብ ሰቆቃ ፍትው አድርጎ የሚገልፅ ነው እናም የሀገር ፍቅር ከምን እስ ከምን ከየት እስከየት እደሆን የሚገልፅ ነው እናም የኛም ጀግኖች ለሀገራቸው ለህዝባቸው ለናቶቻቸው ለእህቶቻቸው ለሚስቶቻቸው እየተዋደቁ ነው በውጭም ያለው ጀግኖቹ የአማራ ልጆች እድሁም የሀገር ፍቅርና የወገን ፍቅር የሚያቁ የገባቸው ውድ የኢትዮጵያ ልጅች ከአለም እስከ አለም ያባገነኑን መንግስት በጀግንነት እየተቃወሙት ይ,0,0,0,1,0,0
amh_train_track_b_03192,ያሳዝናል ህጋዊ መንግስት ባለበት ሀገር የሰው ልጅ በዘር እየተለየ በሀገሩ ውስጥ ሲገደል ሲሰደድ ዝም ብሎ ማየት ያማል ፍትህ ለሚገደሉት እና ለሚፈናቀሉት!,0,0,3,0,0,0
amh_train_track_b_03193,እርሱ ዓለምን ያስጨበጭባል የኢትዮጵያ የጠላቶችዋ የማደጎ ልጆች ውስጥ ያለው አጋንንት በንዴት ጥርሱን ያንቀጫቅጫል  የኖቬል ሽልማቱን ሊነጠቅ ነው ያላቹ ደህና ናቹ ምንም ማድረግ አይቻልም ቢቀላም ዓይናቹ,1,1,0,0,0,0
amh_train_track_b_03194,አንተ ገልቱ ይፈንፍንህና አዲስ አበባን በእንደአንተ ዓይነቱ ዋልጌ ቆሻሻ አፍ የምትጠራ አይደለችም የሁሉ ኢትዮጵያዊ የፍቅር ከተማ ነችተቃውሞው አዲስ አበባ,1,2,0,0,0,0
amh_train_track_b_03195,የዝነኛውን ስም ጠርቶ ለመታወቅ ይሆናል።,0,0,0,0,0,0
amh_train_track_b_03196,በጣም የሚገርም ነው!,0,0,0,0,0,1
amh_train_track_b_03197,የአማራ ህዝብ ሞት እና መሳደድ ከአገዛዙ የሚመነጭ ከህገ መንግሥቱ የሚቀዳ መዋቅራዊ የህግ ድጋፍ የሚሰጠው መንግሥት የሚመራው ነው AmharaGenocideInEthiopia,2,1,0,0,0,0
amh_train_track_b_03198,ማናቸው እሣቸው የተባሉት  እቺ ቂንጥራሟ ዱርዬ ሸርሙጣ ከለንደን አገር ኮብልላ የመጣቺዋ ፈሣም የሉሲፈር ተከታይ የሆነችዋ ስንዱእህተማርያምተብዬዋ ናት,0,2,0,0,0,0
amh_train_track_b_03199,ጤነኛ እና አስተዋይ ያልተያዝን ብንሆን ኖሮ ለመንቃት አንቸገርም ነበር ግን አያያዛችን የከፋ እና ወደ ውስጣችን ለማየት አለመታደላችን በአጋንት እንድንጠቃ ተወሰነብን አዝናለሁ ከልብ ለሴጣኑ የሚያግዝና የሚደግፋ መብዛቱ ከውጪም ከውስጥም ነገሩን ከበድ ቢያደርገውም ትንሽዬ ንቃት ብዙ ውጤት ታስመዘግባለች እኔ የምላችሁ ምእመን አትፍሩ እርኩስ መንፈስ ፈሪ ሆኖ እኛን በፍረአት ማነቆ ውስጥ አንቆ ማስፈራራት አጀንዳው ነው በናታችሁ መቁጠሪያ ስግ,0,0,1,0,0,0
amh_train_track_b_03200,ሐሽማል ፍቅር እስከ መቃብር ኦሮማይ መርበብት የሱፍ አበባ ማማ በሰማይ,0,0,0,0,0,0
amh_train_track_b_03201,ልድገምልህ እንዴ እዳተ ዘረኛ የለም በEthiopiaስም የምደልል ከሗላ ኪስህ ብሄርህን የበላይ ለማረግ የምትጋጋጥ የጭቃ ውስጥ እሾህ አንተ ነክ። እኔ ግ,1,2,0,0,0,0
amh_train_track_b_03202,ህፆኑ የአዚዜ ነው ምትሉ ሳህ አይደለም ምትሉ ላ በሉ,0,0,0,0,0,0
amh_train_track_b_03203,ፈርቶም ሞት ታግሎም ምት ከሆነ የሚሻለውን የምታውቀው አንተ ብቻ ነህ,1,0,0,0,0,0
amh_train_track_b_03204,እዚህ ፊልምላይ ሁሉም እራስወዳድ ነዉ,1,0,0,0,0,0
amh_train_track_b_03205,ወይ ጉድ ከእኛ እኩል የውጭ ሀይል ሚስጥራችንን ያውቃሉ ሆድ አደሮችን ያጥፋልን የእውነትም ሀገራችንን የሚሸጧትን ፍንትው አድርገጎ የሚያሳይ ምርጥ ትወና,0,0,0,1,0,0
amh_train_track_b_03206,ነፍስህ ዝምታን በመረጠችበት ቅጽበት ሁሉ ጌታህንማረኝ?ማለት አትርሳ። መልካም ቀን ውዶቼ?,0,0,0,1,0,0
amh_train_track_b_03207,♥️♥️♥️♥️ዋዋዋው በጣም ደስ ይላል ጌታ ካተጋራ ይሁን ተባረክ,0,0,0,3,0,0
amh_train_track_b_03208,ዘራፍ አካኪ ዘራፍ የተኛ መስሎ የሚያንቀላፋ፣ የከፋ መስሎ አንገት የደፋ፣ ድንገት ይነሳል እየደነፋ፣ ኢትዮጵያዊነት መቼም አይጠፋ፣,0,0,0,1,0,0
amh_train_track_b_03209,የኢትዮ ኤርትራ ጦርነት ሲከፈት የኤርትራ መንግስት የኢትዮጵያን ንብረት በአሰብም ይሁን በምፅዋ ያለንውን ያልምንም ሕግ ወርሶ ብዙ ግለሰቦች ንብረታቸውን አጥተዋል ለምሳሌ በወቅቱ ጋዜጣ ላይ በጭውውት መልኩ የወጣ ካርቱን ላይ አላሙዲን ወደብ ላይ ያጣውን ንብረት አክስቱን ኢትዮጵያን ይጠይቃት ብሎ ኢሲሳያስ ተሳለቀ የሚል ጭውውት አንብቤያለሁ ይህ ጭውውት ይምሰል እንጂ ውስጡ ብዙ ቁም ነገርም አለ ለመሆኑ ዳግም ግጭት ተነስቶ ሕዝብ ወደብ ላይ ንብ,1,0,1,0,0,0
amh_train_track_b_03210,ኦ ምርጥ ሚስት የኔ ቆጆ አንተ አስለቀስካት አ የዋህ ሚስት ሰላምሽ ይብዛ big respect በእውነት አናደኸኛል ይችን የመሰልች ቆንጆ ሚስት ለዛውም የልጅህን እናት ማናደድ ተገቢ አይደለም ። ካሁን በኋላ አታስለቅሳት ፕራንክም ልክ አለው ብሮ በተረፈ ይመቻችሁ አይለያችሁ።,0,0,0,2,0,0
amh_train_track_b_03211,እመ ብርሃን ለኔ ዉድ እናቴ ናት አዎ ታማልዳለች እርሱ ሕይወት አለኝ ካለ እመቤታችን የሕይወት እናት ናት ።,0,0,0,1,0,0
amh_train_track_b_03212,ሰላም ይሻለናል ይቅርብን ባህር በሩ በዚህ ደግሞ ነካክተህ ከኤርትራ ጋር ወደ ጦርነት ልትጋፍጠን።,0,1,0,0,1,0
amh_train_track_b_03213,ከጠላት ጋር ከሚደረገው ጦርነት ይልቅ በድንቁርና ላይ የሚደረግ ጦርነት ይጠቅማል ምርጥ መልክት ሀገሬ ላይ ደቆሮና መሀይሙ በዝቶ ነው የታመስነው ሰላም ያጣው,2,0,0,0,0,0
amh_train_track_b_03214,ሥራው ይኸው ከሆነስ? ማገዳደል! ለማበታተን ግብዓት የሚሆነውን ሁሉ ማስፈፀም ሥራዬ ብሎ እንደያዘው ድንገት አጣሽው እንዴ?,1,1,0,0,0,0
amh_train_track_b_03215,ማን እንደሆንኩ ስለ ትምህርት ደረጃዬ ስለ ፓርቲ አባልነቴ በድፍረት መናገር መቻልሽ የሚገርም ነው! እግዚአብሄር ሀገራችንን ጠብቃት ብሎ ከመፀለይ በቀር ምንም ማለት አልዥልም,0,0,1,0,0,1
amh_train_track_b_03216,በጣም አደገኛ ጌምድሆችን የበለጠ ድሃ ያደረገሱሰኛአድርጎወደስፍራየሚያስሮጥ ሕልመኛ የሚያደርግላም አለኝ በሰማይ አስወግዱት ትውልድ ቀጣፊና አጥፊ ጌም,1,0,0,0,0,0
amh_train_track_b_03217,ወንድሜን በጣም አቀዋለው መጽሀፍት ሢሸጥ በጣም ያማል ያሣዝናልም አረ ኢትዮጵያ ሀገሬ ምኑ ጉድ ነው የመጣብሽ የት ሔደን እንኑር ግራ ገባን እኦ,0,0,3,0,0,0
amh_train_track_b_03218,በለው ! ብርሀኑ ጁላ ለአማራ ያለውን መራራ እና ጥልቅ ጥላቻ በአደባባይ ዘረገፈው !,1,1,0,0,0,0
amh_train_track_b_03219,ከአንድ አመት ምናምን በፊት በሆነ አጋጣሚ በአካል አግኝቼው ነበር። ከምታስቢው በላይ በሳል እና የሚገርም አረዳድ ያለው ሰው ነው!,0,0,0,2,0,0
amh_train_track_b_03220,ዳኪረኛው በጫ አይ ጌች ለማንኛው እንክዋ ተዛዘብን,0,1,0,0,0,0
amh_train_track_b_03221,ኢሳይያስ 40 ¯¯¯ ¹⁷ አሕዛብ ሁሉ በፊቱ እንዳልነበሩ ናቸው፤ ከምናምን እንደሚያንሱ፥ እንደ ከንቱ ነገርም ይቈጥራቸዋል። ¹⁸ እንግዲህ እግዚአብሔርን በማን ትመስሉታላችሁ? ወይስ በምን ምሳሌ ታስተያዩታላችሁ? ¹⁹ የተቀረጸውንስ ምስል ሠራተኛ ሠርቶታል፥ አንጥረኛም በወርቅ ለብጦታል፥ የብሩንም ሰንሰለት አፍስሶለታል። ✍️ እግዚአብሔርን በምንም አንመስለውም ምክንያቱም ማንም አላየውም. ሆሴዕ 4 ¯¯¯ ⁶ ሕዝቤ እውቀት ከማጣቱ የተነሣ ጠፍቶ,0,0,0,0,0,0
amh_train_track_b_03222,እረ አቤቤቤት እረ ምን ጉድ ነው የሚስማው እረ የምድሪቱዋ እሀደግ የመረዘው ቆሻሻሻ ይጠፋል ስንል ጭራሽ በዚህ መንግስት ይባስ እረ እግዚአብሔር ይሄ ሁሉ ሀጥያት እየተደረገ መቼ ነው ስምተህን የሚስኪኑን ፍርድ የምትፈርደው እረ ኡኡኡ የሚያስብለው ጆሮዋችን የንፁሀንንን ጭኃት እየስማ አይናችን የሚስኪኖችን ግፍ በማየት አገሽገሽን ጭራሽ ከድጡ ወደማጡ እንግባ እረ እግዚአብሔር ተለመነን ቢያንስ እንደነዚህ ላሉት ህፃናት,0,0,3,0,0,0
amh_train_track_b_03223,አፈር ብላና ብረትና ሢሚንቶ የሚበላ አለንዴ ቀነሠ የምትለው,1,1,0,0,0,0
amh_train_track_b_03224,እህቴ ሆይ political conspiracy የሚባል ነገር ትችያለሽ? ድንገት ያልተጣረቁት ወደው ሌላ እቅድ አቅደዉስ ቢሆን እንደ መላምት? በዛሬ ጊዜ ሞኝ አ,0,0,0,0,0,0
amh_train_track_b_03225,“ትዊተር ሳይከፍለን አባሮን ፊቱን አዞረብን”፡ አፍሪካውያን ሠራተኞች,0,0,1,0,0,0
amh_train_track_b_03226,ኡፍ ጦርነት ጉዳት እንጂ ጥቅም የለውም አምላኬ ሆይ እባክህ ስለሚስኪኖች ስትል ሰላሙን አውርድልን😭🙏,0,0,3,0,0,0
amh_train_track_b_03227,አጋጣሚ ሆኖ ደንበኛዬ ነች ይህን ፕሮግራም ራሱ ጠላዋን እየጠጣሁ ነው የማየው ጎበዝ ቲጂ በርቺ,0,0,0,2,0,0
amh_train_track_b_03228,ከሰሞኑ ዮኒ ማኛ የተባለዉን አዉቆ አበድ የገዛዉ ብልጽግና የዐማራ መነቃቃት የፈጠረበትን ስጋት መደበቅ በማይችልበት ደረጃ የዐማራ አክቲቪስቶችን ሲያጣጥል ተመልክተናል! ስጋ ጥራ ቢሉ,0,2,0,0,0,0
amh_train_track_b_03229,ሁለቱም ሙከራዎች እጅግ ሕገወጥ በመሆናቸው ፣ መንግስት ይህንን ተገንዝበው አስፈላጊውን ሕጋዊ ክትትል በማድረግ ለዚህ ለፎጤዎቹ ፍልሰት ገደብ ሊያበጅበት ይገባል። (44),1,1,0,0,0,0
amh_train_track_b_03230,ሰለሞን ፀጋዬ አበበበ እግዚአብሔር ለሰም አጠራሩ ክብረ ምስጋና ይገባዋና አንተ እደምታሰብዉ ወይም ዘመዶችህ እደሚያሰቡት አይደለም ነጭ ጥቁረ ልታያዉ ልትነካዉ የማተቸለዉ አምላክ አብሮህ አለ ማየት አትተችልም መንካት አትችልም መዳሰሰሰ አትችልም ስለዚህ አረፉቹሁ ጭፋጭፉ,1,0,0,0,0,0
amh_train_track_b_03231,አውሬው አብይ አህመድ መጨረሻው እንደ ላይ ይቤርያው ሳሙኤል ዶ ነው የሚሆነው ይሰቀጥጣል እርሱ በንጹሀን ላይ ከሰራው ግን አይበልጥም የእርሱኮ ወድረየለሽ አረመኔነት ነው አቻ የለውም,0,2,0,0,0,0
amh_train_track_b_03232,ዓለም አቀፉ የስደተኞች ተቋም ፈቃደኛ ኢትዮጵያዊያንን ከየመን ወደ አዲስ አበባ ማምጣት ጀመረ,0,0,0,0,0,0
amh_train_track_b_03233,እርስ በእርስ ያባላቸው ፋሽስቶች ሰላም አይኖራቸውም ኮረኔል አብይ አሕመድ ደሕና ትያትረኛ ነው ይሔ ደደብ በምን የሞራል ብቃቱ እንደሖነ ይሔን የሚናገረው ያሥቃል የሖነ ሕፃን ደሕና ያሾፋል ፋሽስቱ የሚያወራው የብልፅግና ወንጌል የአየር ላይ ቅራቅንቦን ነው ደንቆሮ ቁጥር ይደፍራል የሚባለው እውነት ነው ኢትዮጵያ የምስራቅ አፍሪካዎች ተደምረው የምትበልጠው ሠራዊትዋ የራሡን ሕዝብ በከባድ መሣሪያ በመደብደቡና ሴቶችን በ ስብስብ መድፈርና,1,3,0,0,0,0
amh_train_track_b_03234,ሲጀመር ይሄ ሚዲያ ፀረ ሙስሊምና የፍልስጤም ጠላት ሚዲያ ነው Bbc ምንም ሚስጥር የለውም መሪዎቹ ከድሮም ሚታወቁ ናቸው አላህ ይጠብቅልን ወራሪ እስራኤልንም ከምድረገፅ ያጥፋልን ።።።,0,2,0,0,0,0
amh_train_track_b_03235,በጣም ያማል እግዚአብሔር ይርዳሽ የሆነው ሁሉ ለበጎ ነው የኔ ውድ አንቺ ላይ ስለሆነው ሁሉ ፈጣሪ መልስ አለው አንድ ቀን ያለፈ ታሪክ ይሆናል ትልቅ ነገር ይጠብቅሻል,0,0,2,0,0,0
amh_train_track_b_03236,ሀገሪቱ አብይ አህመድ ነች? አገሪቱ ብትሆንማ ተሹሎክልኮ ድንገት እንድ ክልል ብቻ ፍታ አይልም ነበር። ያውም የልገንጠል ጥያቄ ይዘው ህዝብን የሚያሸ,1,0,0,0,0,0
amh_train_track_b_03237,የኦሮሞ ምሁራን ሁሉም አንድ ናቸው በምክክር ነው እሚጣሉትም እሚያወሩም ጭራሽ እያጭበረበሩ ስልጣኑን መያዝ ነው እየተቀያየሩ እነሱ ጀዋርም እሚቅለሰለሰው ከአብይ ስልጣን እንነሳ ከሆነ እሱ ለመያዝ ነው ይህ ሁሉ ቅልስልስ ጀዋር ማለት አሸባሪ ዋና መሪ ነው ትልቁ ኦነግ መሪ ነው,0,2,0,0,0,0
amh_train_track_b_03238,አፄ ቴዎድሮስ ገና በሽፍትነት ወቅት ሆነው የእርሳቸው ወታደሮች ያደጉበትን የማህበረ ስላሴ ገዳም ከአፄ ቴዎድሮስ እውቅና ውጭ ከብቶት ዘርፈው በልተው ነበር።በዚህም ገዳማውያኑ እንዴት ያሳደግነው ልጃችን ለገዳሙ ጠበቃ መሆን ሲገባው ያዘርፈናል ብለው ያዝናሉ። ይህን ቅየት ብለው ያወቁት ንጉሱ ገዳሙ ድረስ በመሄድ ተንበርክከው ለወታደሮቹ ጥፋት ምህረትና ልምና ጠይቀው ምህረት ተደርጎላቸዋል። ለዚህም ምህረትም ቃል ይገቡለት ዘንድእኔ ወታደር ነኝ,0,0,0,0,0,0
amh_train_track_b_03239,እኔ ፃድቅ ነኝ ብሎ እርፍ እሄ አጭበርባሪ የፓስተር ዳዊት ወንድም,0,2,0,0,0,0
amh_train_track_b_03240,ለኢትዮጵያ ቀውስ እና መፍረስ የነዚህ ሰወች ተሳትፎ ከኦነጎቹ ይበልጣል እንጅ አያንስም። በአስቸኳይ ስልጣን ልቀቁ።,2,1,0,0,0,0
amh_train_track_b_03241,Kidì Ënåtèn Nãfàkì አይዞሽ ጌታ ይወድሻል ብዙ ቦታ አለው ነይ አልዘገየም,0,0,0,0,0,0
amh_train_track_b_03242,ኢትዮጵያዊት ተፈጥሮአዊ ህግጋት መሻራቸው ትክክል ከስህተት እምነት ከክህደት ክፋት ከደግነት መገለባበጡ እቺን ልጅ መስማት በቂ ነው በራስ መተማመንዋን ግን ሳላደንቅ አላልፍም።,0,0,0,1,0,0
amh_train_track_b_03243,በጣም ያሳዝናል አግቶ መግደል ምን ይሉታል አምለክ ፍርድን ይሰጥ ይህ ህዝብ እየተሰቃየ ነው ዘርፎ ገሎ መብላት የለመደ አሁን በምን ዘዴ ነውይህች መንግሰት አልባ ሀገር ሀገር የምትሆነው ጌታ አንተ ፍረድ,0,0,2,0,0,0
amh_train_track_b_03244,ለምን ትዋሻላቹ የሞቱት አይሁዳዎች 250አልፉዋል ይገባቺዋል ድል ለፍልስጠም,0,2,0,0,0,0
amh_train_track_b_03245,እነዚህ የአብይ አህመድ ኮልኮሌዎች ናቸው 😅😅😅,0,2,0,0,0,0
amh_train_track_b_03246,የወንድ አልጫ እንደ አባቶችህ ዘራፍ ማለት ነው ሌላ ምናባትህ ታመጣለህ አህያ ���,1,3,0,0,0,0
amh_train_track_b_03247,ሴቶች በወንዶች እንክብካቤ ሲደረግላቸው የተለየ ደስ የሚል ስሜት ይሰማታል ። እኛ የበዛ እንክብካቤ እና care በሴቶች ሲደረግልን መጥፎ ስሜት እና የበታችነት ይጫናነናል ። በተለይ,0,0,0,0,0,0
amh_train_track_b_03248,ንፍጥ እስኪ ሰለ አፋሩ የተቀበረ ፈንጅ ተናገር ፖስት አድርገህ ለመንግስት አሳውቅ እና የህጻናትን ሞት ቀንስ እበት ነህ,0,3,0,0,0,0
amh_train_track_b_03249,ኢትዮጵያና ኤርትራ መልስ ሰጡ II አይሳካምበሱዳን ሰበብ ጦርነት የማወጅ የሚዲያ ዘመቻ via,1,0,0,0,0,0
amh_train_track_b_03250,ነገ እኮ እናታችን እመብርሃን ናት ድንግል ማርያም ባላችሁበት ሁሉ ከጎናችሁ ትቁም ከመከራ ጭንቀት ትጠብቃችሁ,0,0,0,2,0,0
amh_train_track_b_03251,አሰናተ ደሞ ሳክሳችሁ መከራ ነዉ 3ተኛዉ የአለም ጦርነት ሊጀመር ነዉ ምናምን እያላችዉ ትቀልዳላችዉ ብልፅግና አብቅቶለታል,1,1,0,0,0,0
amh_train_track_b_03252,በሕንድ እና በካናዳ መካከል ያለው ዲፕሎማሲያዊ ውጥረት አይሎ ሕንድ ለካናዳ ዜጎች ቪዛ መስጠት አቆመች,0,0,0,0,0,0
amh_train_track_b_03253,ውሳኔዎን ወደ Araxys Vandal ይለውጣሉ ወይም በቅዱሱ ዓለም ወይም እስረኞችን የማያስቀይረውን ሰው ቁጣ ታረክሳሉ Store ደምህንም ሥጋ,0,0,0,0,0,0
amh_train_track_b_03254,የአማራ ትልቁ ጠላት ሆዳም አማራ ነው?,1,2,0,0,0,0
amh_train_track_b_03255,በምዕራብ ወለጋ ዞን የኦሮሚያ የመንግሥት ኃላፊ በታጣቂዎች ተገደሉ,0,0,1,0,0,0
amh_train_track_b_03256,ሻለቃ ዳዊት የነ ነኣምን ዘለቀና አንዳርጋቸው ፅጌን ራኣይ ለማስፈፅም ፊንፊኔ ውስጥ መንግስትን በሃል ለመገልበጥ ከሚያሴረው ሃይል ጋር ተናቦ እየሰራ ያለ እጅግ አደገኛ ግለሰብ ነው,0,1,0,0,0,0
amh_train_track_b_03257,ተባረኩ 🙏🙏🙏በብዙ እናትን በዚ ልክ ማስደሰት በጣም ደስ ይላል ተባረኩ ❤❤❤ ፈልሰስ በይ እማማማ ደስ ይላል።,0,0,0,3,0,0
amh_train_track_b_03258,ዉጋ አስፋልግም እኛ ጦርነት አንፋልግም የኔ ወንድሜ,1,0,0,0,0,0
amh_train_track_b_03259,የጀብዴትና የአዚዜ መሞት የፊልሙ ለዛ ያደበዝዘዋል በነሱ ሞት ቱርክ ነፃ ትወጣለች  ፊልጶስ ደሞ እራሱን ማጥፋት ሳይሆን መራራ በአሰቃቂ ሁኔታ ሰውነቱን አንድ ባንድ ነበረ መሞት የነበረበት,0,1,0,0,0,0
amh_train_track_b_03260,መልካም ትውልድ የሚያፈራ ምርጥ ሀሳብ ነውይበረኩ,0,0,0,2,0,0
amh_train_track_b_03261,በብርሀን ውስጥ የሚኖር የሁሉ ፈጣሪ የሆነ አንድ አምላክ አለ ስሙም እግዚሐብሄር ነው ሌላው ከንቱ ነው,0,0,0,1,0,0
amh_train_track_b_03262,በአሜሪካ በጥብቅ ሲፈለግ የነበረው ሜክሲኳዊ ዕጽ አዘዋዋሪ በቁጥጥር ሥር ዋለ,0,0,0,0,0,0
amh_train_track_b_03263,እስራኢል ወራሪ ነዉ አሸባሪ ይሁዳ መጠረግ አለባቸዉ,1,2,0,0,0,0
amh_train_track_b_03264,ብትሞትም በትሞትም አህያ ያጅብ እራት ነችድሊ ያፍልስጤም ነው,0,1,0,0,0,0
amh_train_track_b_03265,ሃይ ሲስ! እስከዛሬ ለኢትዮጵያ ትግል ያደረግኸው አስተዋፅዖ እጅግ ዋጋ ያለው ነው፡፡ ከነብስለቱ፤ ዕድሜ ይስጥልን። ባለህበት ፀንተህ ቁም። መታመን የሚገባቸው,0,0,0,2,0,0
amh_train_track_b_03266,አሁን ጭፈራ ቤት ሆኖ ቢፖስት ደስ ይላቹ ነበር አይደል,0,0,0,0,0,0
amh_train_track_b_03267,አይይይ ስንት ነገር እያለ ስለ ውሻ ዘገባ የሆናችሁ 🐕 ነገሮች 🤨,1,0,0,0,0,0
amh_train_track_b_03268,ዶክተር ሊያ ታደሰን ተክተው የጤና ሚኒስትር የሆኑት ዶክተር መቅደስ ዳባ ማን ናቸው?,0,0,0,0,0,0
amh_train_track_b_03269,ያሳዝናል ሰው እንዲሞት መጸለይ እግዚአብሔር የሰጠኝ ፀጋ ነው ይላል ሲጀመር ይህ ሰው በነብይ ተመስሎ የጥልቁ አገልጋይ ነው ሰዎች አትታለሉ በተለይ አማኞች እዚህ ሰው ጋ አትሂዱ ቃል የጠቀሰ ሁሉ ነብይ አይምሰላችሁ,0,0,2,0,0,0
amh_train_track_b_03270,እንኳን ደስ አላችሁ። በርቱ። አአ ላይ መቼ ነው የምትገድሉት?,1,0,0,0,0,0
amh_train_track_b_03271,ኬንያ ነርሶችን ጨምሮ 2500 የተማሩ ሠራተኞችን ወደ ሳዑዲ ልትልክ ነው,0,0,0,0,0,0
amh_train_track_b_03272,የምትሰሩት ዜና ሌላ የላችሁም ...በጣም አሳፋሪ ነው,1,1,0,0,0,0
amh_train_track_b_03273,ለዘረኞች አይወጥላቸውም አንተም ከነሱ ነህ,0,2,0,0,0,0
amh_train_track_b_03274,ለመላው የአማራ ህዝብ እንኳን ደስ አለን። የረቀቀውን ቋንቋችን አለም በመውደዱ እየተማረ ነው።ከአረብኛ ቀጥሎ በአለም ሁለተኛ የተናጋሪ ቁጥር ያለው አማርኛ፤ በራሺያ፣ፈረንሳይ አሜሪካ፣,0,0,0,2,0,0
amh_train_track_b_03275,አነር ፊት ሲያበረታቱህ ጊዜ መስሎህ ነው ዲያቢሎስ ደንጋዩን ወርቅ ያሰመሥላል አያደርግም እንጂ,0,1,0,0,0,0
amh_train_track_b_03276,ዜግኀታቸው እኮ አሜሪካዊ እንጂ ኢትዮጽያዊ አይደለም በለይ ያ ዲያቆን ምናምን የሚባለውማ ቢሆንለት የንጉሱ ስርአት ቢመለስ ወይ በቀሳውስቶች የምተመራ ኢትዮጵያ ማየት ነበር ህልሙ ግን አይሳካም,1,1,0,0,0,0
amh_train_track_b_03277,እርግት ያለ ስክትክት ያለ ዘፈን ከነ ምስሉ ቦታውን የሰካካ እውነተኛ ፈገግታና ልባዊ እስክስታ እናትዋ ጎንደር አሪፍ ስራ ስለሰጣችሁን እናመሰግናለን ቱባውን ባህል,0,0,0,3,0,0
amh_train_track_b_03278,የነዳጅ ዋጋ እያሻቀበ ለረጅም ጊዜ ሊቆይ ይችላል ሲሉ የነዳጅ ላኪዎች ህብረት መሪ አስጠነቀቁ,0,0,0,0,1,0
amh_train_track_b_03279,እኔን ልጄን በልጅነትሽ ይሄ ሁሉ መከራ 😭😭😭🙈💔🤦🏾‍♀️😭😭😭,0,0,2,0,0,0
amh_train_track_b_03280,ጀዋር ከ 15 ዓመት በኋላ አንገናኝ ከ 50 ዓመት በታች የሆነ  ወታደር ያልሆነ ሲቪል 2ኛ ዲግሪ ያለው ጥሩ የአስተዳደር ያለው ሰው የቤተሰብ ሃላፊ ጥሩ ገቢና ኑሮ ያለው ጀርባው ተጠንቶ ነው የኢትዮጲያ መሪ መሆን ያለበት  ጎረምሣ መሪ ሀገር ይጠፋል መንግስቱ  መለስ አብይ ያ የ ውጤቱ ሞት ነው,1,0,0,0,0,0
amh_train_track_b_03281,ይቅር በለን ጭካኔ በዛ አምላኬ ሆይ,0,0,2,0,0,0
amh_train_track_b_03282,አቶ ጌታቸው ረዳ የትግራይ ጊዜያዊ አስተዳደር ፕሬዝዳንት እንዲሆኑ በህወሓት ተመረጡ,0,0,0,0,0,0
amh_train_track_b_03283,ይሄ ሁሉ ሚድያ ሚቀጥፈው ሚዋሸው ነገ ሞት ሚባል ነገር ረስታችሁ ነው ??? ሁላችንም ሟቾች ነን ምናለ ለቅ ለእውነት ብንሞት ።ለሆድ ለፍርፋሪ ለዝና መሞትውርደት ነው ።ህፃናትን ውሀ ቆርጦ መብራት አጥፍቶ በአውሮፕላን ለ75 አመታት መጨረስ በጣም አሳዛኝ ቢሆንም የሁላችንም ቀን ደርሶ በሞት ወደፈጣሪያችን ስንሄድ ለዋሸነው ላስገደልነው ለበደልነው መልስ እናዘጋጅ ።የፈጣሪ ቅጣት በጣም በጣም ከባድ ነው ።😭😭😭,1,0,2,0,0,0
amh_train_track_b_03284,አቤል ሰላም ላንተ ይሁን በአርሲ ሽርካ የሚገደሉ ክርስቲያኖች አሁንም እየተገደሉ ነው ቤተሰቦቻችን ስጋት ላይ ናቸው እባካቹ በቻላችሁት አቅም ድምፅ ሁኑ መከላከያ ከተማ ውስጥ ነው ያለው የሚሞቱት ግን ገጠር ውስጥ ነው እና ክርስቲያኖች በሙሉ ፀልዬልን,0,0,1,0,0,0
amh_train_track_b_03285,ቂርቆስ ክከተማ እራሱ ከግለሰቡ የበለጠ አጭበርባሪ አይደል እንዴ አብሶ እራሱ ወረዳ 02 ግለሰቡ ከነሱ የተማረውን ነው ክብርት ከንቲባዋ አዳነች ለአቅመ ደካሞች ሰጠሁ የሚሉት የነቀበሌ ቤቶች ቁልፍ  ስንት ምስኪን አስለቅሶ ጉቦ የተከፈለበት እንደሆነ አያውቁም እንዴ,1,1,0,0,0,0
amh_train_track_b_03286,😭😭😭እጅግ በጣም አሳዛኝ ታሪክ ነው 😭ገና በለጋ ዕድሜሽ ይህንንን ሁሉ መከራ እንዴት ቻልሽው 😭በምድር ላይ የሰው ህይወት ብርቱ ሰልፍ አይደለምን ኢዮ 7፡1 አይዞሽ እግዚአብሔር ካንቺ ጋር ነው ሁሉም ያልፋል መከራሽም ነበር ያረግልሻል ።,0,0,2,0,0,0
amh_train_track_b_03287,የአገር አውራ እና ግንድ? አገርን አውራ በማሳጣትና ግንድ ግንዱን እየገነደሱ በደረቅ ጭራሮ አገርን ለማቆምና ለማፅናት እንደማይቻል የመጣንበት ረዥም ርቀት ጥሩ ማሳያ ነው,1,0,0,0,0,0
amh_train_track_b_03288,እኔንየኔውድ ኧረ በጣም መስማት ነው ያቃተኝ እህቴ በጣም ጀግናነሽ የቆየውን ሒወትሽን እግዚአብሔር ያስረሳሽ ያማል አይ የሴት ስቃይ ግን ለምን አይዞሽ አንች ጀግናነሽ የወደፊት ሒወትሽ ያማረ እንደሚሆን ከእግዚአብሔር ተስፋ አለኝ ጎበዝነሽ ክርስቲያን ተስፋ እንደማይቆርጥ ባንችነው የተማርኩት የኔ ብርቱ አይዞሽ,0,0,3,0,0,0
amh_train_track_b_03289,ኢየሱስ እንኳ በምድር በነበረበት ዘመን በንጉስና ገዢዎች ላይ አፉን አልከፈተም ጳውሎስ እንኳ በዘመኑ ያንን ሁሉ መከራ ላደረሱበት ነገስታት እየ,0,0,0,0,0,0
amh_train_track_b_03290,በጣም ኣድናቕሽ ነኝ የምትይው ሁሉ የሚገርም ቅኔ አዘል ግን ትልቅ ቁምነገር ትምህርት አልፎም የሚያዝናና ነውና በርችበት ኢትዮጵያ ባመት 11 አድጋለች ያለው መለስ ዜናዊ አንቺ ይደመለስሽው መልስ ይመስለኛል ጉዋደኞቻቸው ፊት እያዩ ነው መሰለኝ የሚያነቡት 11 ማለት ይቀናቸዋል ቅቤ ነው ያጠጣሽኝ ተባረኪ,0,0,0,3,0,0
amh_train_track_b_03291,95 ሚሊዮን ዶላር ዕዳ ክፈል የተባለው የኢትዮጵያ አየር መንገድ 180 ሚሊዮን ዶላር ተይዞብኛል አለ,0,0,0,0,0,0
amh_train_track_b_03292,አርቲስት አያልነህ እድሜ ከጤና ጋር ሰጥቶ ለዚች ቀን ስለበቃህ ፈጣሪ ክብር ምስጋና ይድረሰው ወንድምህ ጋሸ ስለሽ ሙላት በህይወት አለ ወይ ከ55 አመት በፊት የወሮ ስሂን ሁለተኛ ደረጃ ትቤት ዳይሬክተራችን ነበር,0,0,0,1,0,0
amh_train_track_b_03293,ዋና ዋኙ ለጤና ጥሩ ነው,0,0,0,0,0,0
amh_train_track_b_03294,ሰው ኣይደለህም ማለት ነው።ያም ሆነ ይህ እኔ በማንኛውም የሰው ልጅ ሚደርስ ግፍ ስቃይ እንግልት ግድያና ሰቆቃ እቃወማለው።,0,1,1,0,0,0
amh_train_track_b_03295,😁😁😁ተዳቅለናል ከየት እንደመጣን አንታወቅም ለዚህ ነው የምንባላው ዲቃላ ለገሩም ለሰዉም አይበጂም🙄🙄🙄😁😁😁,0,0,0,0,0,0
amh_train_track_b_03296,ዘረኛ ደደብ ዘጋቢ ነህ ቆሻሻ,1,2,0,0,0,0
amh_train_track_b_03297,ግሩምና በስላ የወጣች ኢትዮጵያዊነት በውስጧ የበቀለ ሥጋዋአጥንቷደሟና መላው ሰውነቷ በባንድራችንና በሀገራችን አፈር ታሽቶ የበቀለ አካል ያላት ግሩም ታዳጊ እንቁ ወጣት ኢትዮጵያዊት ነች,0,0,0,2,0,0
amh_train_track_b_03298,የሽብር ወንጀል ተከሳሾች ያቀረቡት የክስ መቃወሚያ በፍርድ ቤት ውድቅ ተደረገ,0,0,0,0,0,0
amh_train_track_b_03299,አልሸባብን የሚያስንቅ አሸባሪ አራት ኪሎ አስቀምጣችሁ ስለ ሌላው አሸባሪ ታወራላችሁ? አልሸባብን በአይነት በአይነቱ አገዳደል ያስተማረዉ አቢይ ይባላል።,0,2,0,0,0,0
amh_train_track_b_03300,ዊ ሀዘን ለይ ነችሁ እንዴ ፈጠሪ የፅነነነችሁ አብሽሩ በሰለም ወደ ቤተ መንግስቱ ይመለሰል እንደነንተ ከሰው አልፍ ለእንሰሰሰ የሚጨነክ ቢኖር አለም ሁሉ ሰለም ይሆን ነበር በርቱልን😁😁😁,0,0,0,1,0,0
amh_train_track_b_03301,መድሃኒያለም ይቅር ባይ ነው ፍቅር ምህረት ከቦት በሰማያት ቢኖር እያመመው አባቱን እየጠራ አይቻለው ለሚገድሉት ሲራራ።,0,0,0,1,0,0
amh_train_track_b_03302,ጦርነት የሚቃወሙትና ፑቲንን ለመጣል የተነሱት ዕጩ ከሩሲያ ፕሬዝደንታዊ ምርጫ ታገዱ,0,0,0,0,0,0
amh_train_track_b_03303,ታዳ ጥምቀት የሰላም እንጅ ምንድነው እምንለውን እናስተውል እስከመቸ ሞት አይቀር እንኳን ለሀይማኖት መሰዋት መታደል ነው ሰው የሰው ነፍስ አጥፍቶ ይሞታል የሞት ሞት በሀይማኖት ግን ዘለአለማዊ ህይዋው ሁኖ ይኖራል,1,0,0,0,0,0
amh_train_track_b_03304,በጣም ያማል ወይ ፈጣሪ መልሥ ቢዘገይም የሚቀድመው የለም በረከተ ይደርብን አባታችን,0,0,2,0,0,0
amh_train_track_b_03305,ማብራርያ ጠላሁ የሰሩት እንጅነሮቹ እራሱ የእሱን ያክል በቂ መረጃ አላቸው ብዬ አላስብም አብይ ባይመቸኝም ይህንን ስራ ግን ሳላደንቅ አላልፍም,0,0,0,1,0,0
amh_train_track_b_03306,ስራችሁ ሑሉ ያሳፍራል ይህ ሁሉ ሴራ ባንድ ክልል ለማመን ይከብዳል።,1,0,1,0,0,0
amh_train_track_b_03307,አስቱዬ ምርጥ ❤❤❤የማይረሳ ቀን ነበር ክብሩን አባታችን ይውሰድ🙏🙏🙏,0,0,0,2,0,0
amh_train_track_b_03308,ከአስፋው መሸሻ በኃላ World ከንቱ ናት i Swear to God እኔ USA ነው የምኖረው ተስፋ ቆርጫለሁ  የለው ልጅ የከንቱ ከንቱ ነው Rip,0,0,2,0,0,0
amh_train_track_b_03309,አሜሪካ በተቃራኒ ኢትዪጲያ እና ኤርትራ ተጨፋጨፉ ማለቷ ነው እንጂ አሜሪካ ተው አታውቅም እረ ይበቃናል መንግስታችንን ሳናጣጥም የከፋ ግዜ መጣ አላህ ሀገራችንን ሰላም አርግልን,0,0,1,0,0,0
amh_train_track_b_03310,FYI ኦርቶዶክስ ተዋህዶ ቲቪ ህዝቡን እንዲህ እየቀሰቀሱ ነው ?,0,0,0,0,0,0
amh_train_track_b_03311,በኬንያ አንዲት መምህር ያለማቋረጥ ከሁለት ቀን በላይ አስተማረች,0,0,0,0,0,1
amh_train_track_b_03312,ኡፍ በጣም ያማል በእጀራ አባት እናም በእጀራ እናት ማሳደግ በጣም ያስፈራል 😭😭😭💔💔💔😭😭😭,0,0,2,0,0,0
amh_train_track_b_03313,ሀማስ አይደለም ሰላማዊ ሰዉ ሊገድል ያልተፈቀደለትን ምግብ አይበላም ሙስሊሞች ስለሆኑ ብቻ ነዉ ይሄ ሁሉ አሸባሪ ወዘተ የምትሉት እመኑኝ ወላሂ ፍልስጤም ነጳ የምትወጣበት ቀን እሩቅ አይደለም ፍልስጤማዊ ቢሞቱ የጀነት ናቸዉ አይሁዳዊያን ግን የጀሀነም ናቸዉ የፍልስጤም ሞት ክብር ነዉ እየሞቱ የሚደሰቱ ፍልስጤም አል አርዱ ለና ወል ቁዱሱ ለና,2,1,0,0,0,0
amh_train_track_b_03314,"በጣም ያማል ,,, የታሜም ሞት ምላሽ ሳያገኝ አንተንም ነጠቁን ,,,የህክምና ተቋማት ወዴት እያመሩ እንደሆነ ግራ ይገባል 😥😥😥",0,0,2,0,0,0
amh_train_track_b_03315,የኢትዮጵያ ኢኮኖሚ የሚገርም ባህሪ እንዳለው ለማወቅ ኮቪድ፤ የጠሚ አብይ ቅጥ ያጣ እጅግ ብዙ ወጭ፤ በአፍሪካ ትልቁን ጦርነት አስተናግዶ እና ዩክሬንሩሲያ ግጭት ጋር,0,0,0,0,0,1
amh_train_track_b_03316,እውነት ነው ይህን ጎተራ ሆድ block ማድረግ ነው ሞት ለአለምነህ,1,2,0,0,0,0
amh_train_track_b_03317,በሶማሌ ክልል ጎርፍ 24 ሰዎችን ሲገድል፣ 23 ሺህ አባወራዎችን አፈናቀለ,0,0,1,0,0,0
amh_train_track_b_03318,መስቀል አደባባይ ድንቅና ውብ አቀማመጥ አስገራሚ የፓርኪንግ፣ የላይቲንግና ሎሎች ዘመናዊ መሰረተ ልማቶች የተሟሉለት ግዙፉናና ምርጡ የህዝብ አደባባይ,0,0,0,2,0,0
amh_train_track_b_03319,እንኳን ደቡብ አፍሪካ ወይም ደደብ አፍሪካ አለም ቢጮህ ለውጥ አያመጣም አረብ ሀገራት መጮህ ብቻ ናቸው ተግባር ያስፈልጋል መጋጠም ከእስራኤል ጋር ልብ ይጠይቃል እየፎከሩ ጋዛን ማስጨፍጨፍ አይደለም ዝም ይሻላት,2,1,0,0,0,0
amh_train_track_b_03320,በለመደው አፍክ ፕራንክ ነው እንዳትል አደራ😁🤣,0,0,0,0,1,0
amh_train_track_b_03321,በእውነት እንኳን በደል አይደለም እኔ እራሱ ለሰማሁት ግለሰብ አመመመኝ ግን ምን ዓይነት ሴት ነች እናትየው የልጅቱስ ጥንካሬ አይገርምምም? ለዚህ ነው ከሰማየ ሰማያት የመጣው የሸሪዓ በሸሪዓ ህግ አስካሪ መጠጥን እነ ዝሙትን አትቅረቡ ብሎ የሚያስተምረው ሙስሊሞችም ሰምተው የሚተገብሩት ነብዩ መሐመድም (ሰዐወ) አስ%ካሪ መጠጥ የሀጢያቶች ሁሉ እናት ነች ያሉት ለዚህም ጭምር ነው ። ተመልከቱ የዚህ ሁሉ ውስብስብ መከራ መነሻው አስ%ካሪ መጠጥ,0,0,1,0,0,0
amh_train_track_b_03322,ክብር ለፋኖ ክብር ለአማራ ልዩ ኃይል ሞት ለብአዴን,0,1,0,0,0,0
amh_train_track_b_03323,የልጅ ፍቅር ምን ያህል እንደሆነ ሰዉ ለሆነ ሰዉ መንገር ባያስፈልግም በተለይ ለንፁሀንና ለህፃናቶች በጦርነት ጊዜም ቢሆን ልንጠብቃቸዉ ልንከባከባቸዉ እንደሚገባ የሚያሳይና የሚስደስት ነዉእኔም በነዚህ አባትና ልጅ መካከል ያለዉን ደስታ ወደራሳችን ወስደን ማየቱ በቂ ነዉነገር ግን በዛኛውበጋዛደግሞ ያለዉ ሁኔታ በጣም አሳዛኝ ነዉምክኒያቱም ብዙ ህፃናቶችና ንፁሀን እናትአባትወንድምእህት አልቀዋል ቢሆንም አሁንም ይህ አስከፊ ጭፍጨፋ በዚ,0,0,2,1,0,0
amh_train_track_b_03324,Gëzahęgŋ Ġb ፕራንክ ነው ባክህ 😂,0,0,0,0,0,0
amh_train_track_b_03325,በአፍ ብልፅግና በተግባር ድህነት በአፍ እድገት በተግባር ውርደት በአፍ ደህንነት በተግባር ስጋት በአፍ መልካምነት በተግባር ክፋት በአፍ ኢትዮጵያ በተግባር መንደተርኝነት?,0,1,0,0,0,0
amh_train_track_b_03326,አንተ ቆሻሻ በዳ እንደዚህ ከሆነ ዜጎች በማንነታቸው ብቻ እየተለዩ ሲገደሉ።ሲፈናቀሉ።ቤታቸው በላያቸው ላይ ሲፈርስ።የሚበሉት አጥተው ሜዳ ላይ የወደቁት በአራት ኪሎው አባገነን መሪ ችግር ነው።,1,2,0,0,0,0
amh_train_track_b_03327,ኤልዱ ይሄን ኬዝ ማሸነፍ አለብሽ ጋሽ ኪዳኔ ማዘን መሸነፍ የለበትም,0,0,0,0,0,0
amh_train_track_b_03328,በጣም የወደድኩት ሀሳብ ነው ያላየነውን ማየት መቻል እውቀት ነው ኢንጅነር መኮንን መልካም ሀሳብ ነው የወደድኩት ውይይት ነው የደስደስ በጣም ጥሩ ስራ እያቀረብሽነው እንደዚህ ተርታዎቹ የማናስበውን ነገር ነው መቅረብ ያለበት  ያላደመጥናቸው ያላየናቸው ብዙ ኢትዮጵያኖች ሞልተዋል እንደ ኢትዮጵያ ተቋም አዳዲስ ሰዎችን ብታማትሩ ጥሩ ነው የተለመዱ ፖለቲከኞችን ምሁራንን ገለል ብተደርጉልን ደስ ይለኛል አዳዲስ ምሁራን አ,0,0,0,2,0,0
amh_train_track_b_03329,ሀማስ ጦርነት ይጀምር እንጂ አይሁዶች ዛሬ አደለም የጀመሩ የፍለስጢን ህዝብ እያሰቃዩ እየገደሉ አፍነው እየወሰዱ በመስጅድል አቅሷ እንዳይሰግዱ ዙሪያው እየከበቡ አረ ስንት መከራ አሳልፈዋል አሏህ ፈረጃውን ያቅርብላቸው እነዛ የተረገሙ አላህ ያጥፋቸው,1,1,1,0,0,0
amh_train_track_b_03330,በጣም የሚገርም ነው ያኔ የኢትዮጵያ መንግስት ስያስራት ምድረአማራ በጠባብነት መንግስት ላይ ሲጮሁ ነበረ አሁንም ሁላችንም ካገራችን መንግ,1,1,0,0,0,0
amh_train_track_b_03331,እንደ አህያ ወፍረሽ ከዚህ የተሻለ ሀሣብ ሊኖርሽ ነበር,0,2,0,0,0,0
amh_train_track_b_03332,ቅድመ ኢህዴግ ካወራን እኮ ኦሮሞ የሚባል ትግራ የሚባልም ክልል አልነበረም ለምሳሌ ኦሮሞን ብናይ ወለጋ አውራጃ  ጅማ  ባሌ ወዘተ ነበር ደስ የሚለው የወሎ ሕዝብ በእንዳንተ አይነት አጭበርባሪ አይታለልም,1,1,0,0,0,0
amh_train_track_b_03333,አብይ የኦሮሞ ብልፅግና እና ሌሎችም የግርማን ሞት እንጅ አብረውት የሞቱትን የግርማን አጃቢዋች ሞትም ይሁን ስማቸውን እንኳ ለምን ማንሳት እንደተጠየፉ ግራ ግብት,1,0,1,0,0,0
amh_train_track_b_03334,Abinet Agegnehu አሳዛኝ ነህ ወንድሜ ወንጌል ያልገባክ የሰውን ቅባት ትተህ የኢየሱስን ቅባት ለምን ።,1,0,1,0,0,0
amh_train_track_b_03335,እንዲህ ነዉ እንግዲህ አለሁ እያሉ ድንገት መቅረት ትምህርት ይሁነን ነብሱን በገነት ፈጣሪ ያኑረዉ,0,0,3,0,0,0
amh_train_track_b_03336,አሁን አብይ ድንገት ተነስቶ ትግራይ ላይ ጦርነት ብያውጅ፤ የእሁዱን ሰልፍ ሰርዘው፥ ለቅሶውን በፉከራ ተክተው ወደ ትግራይ ለመዝመት ይተማሉ! ታሪክ ደጋግሞ ያስተማረን ሃቅ ነው! ጉዳ,1,1,0,0,0,0
amh_train_track_b_03337,ሱበሀን አላህ እኔ አንተን ቢያረገኝ ራሴን አጠፋለሁ ይሄሁሉ ግፍ ምን ያመጣ ይሆን ይሄ ሁሉ ደም ያረቢ በቃበለን እዉነት ጭንቅላትህ ህሊናህ ተቀብሎ በሂወት መኖርህ አብይ,1,0,2,0,0,0
amh_train_track_b_03338,አማራ የገዛ ልጆቹን በመብላት ትልቁን ሪከርድ ይዟል። እጅግ ያማል ።ጽንፈኛ አማራ ምን ያህል የኢትዮጵያ ህዝብ ጠላት ጨካኝ አውሬ መሪዘኛ ለወገኑ እንኳን የማይራራ መሆኑን,0,2,1,0,0,0
amh_train_track_b_03339,እኔ የሚገርመኝ ይሄን ጭንቅላት ነው ኢት ዮፕያ የሚመራት ኣህያ እየብላሕ,0,2,0,0,0,1
amh_train_track_b_03340,በወንድማችን ግርማ የሺጥላ ሞት በጣም አዝኛለሁ ፈጣሪ ነፍስህን በምህረቱ ይቀበላት መፅናናት ለቤተሰቡ እመኛለሁ,0,0,2,0,0,0
amh_train_track_b_03341,እባክህ ወንድሜ ሀዘን አታብዛ እሱ አንዴ ሂዷል አንተ ለሌሎች ልጆች ንርላቸወ አይዞህ,0,0,2,0,0,0
amh_train_track_b_03342,ሁለት የማልደራደሮባቸው። ኢትዮጲያውነቴና የመከላከያ ሰራዊታችን ናቸው። ቦታ እየተቀያየራቹ መከላከያን ለማንቋሸሽ የምትጥሩ ፉፁም ተቀባይነት የለውም። በርግጥ መከላከያ ስሜታዊ የሚያደር,1,0,0,0,0,0
amh_train_track_b_03343,መጽሀፉን አስተማሪና ዘማሪ ናቸው ወድሜ፤ ቃሉ ለነሱ ላለፉበት ተብሎ ይቀየር?አንድ ስጋ ይሆናሉ የሚለውን ቀይረን በሰላም ይለያያሉ ምክንያትቱም መከራ ስለበዛባቸ,1,0,1,0,0,0
amh_train_track_b_03344,የሚገርም እውቀት እትዮጵያ በእውነት ታስባለች ለዚህ ዘመን ጠብቆ ያቆማችሁ ልጆች አላችሁዋት እግዚአብሔር ምድሪቱን ሰላም ያድርግልን ይህ ስጦታ እንዲሰፋ ሁሉ በሀገር ሲታይ ያምራል ዶክተር አብይ ፈጣሪ ይጠብቅህ እድሜና ጤና ይስጥህ ለኢትዮጵያ በልብህ የሚቀጣጠለውን እንድታደርግ ፈጣሪ ይርዳህ በቅንነት በጎንህ የሚቆሞ እንድ እንተ ሀገር የሚወዱ እና የሚሰሩትን ይስጥህ የሚያበላሹትን ያርቅልህ,0,0,0,2,0,0
amh_train_track_b_03345,የሚገርሙኝ የሚያሽቃብጡ ኢትዮጵያውያን በማየቴ ነው። ነፈዝ ሁሉ በሀይማኖት መደገፍ እንደኛ የለም ።የሀገር ውስጥ endemic የሆነ ባህሪያችሁን እዚሁ ተጠቀሙ።ከማይመለከታችሁ አትግቡ።እኛም ጦርነት ላይ ነን ከጨኳኝ ስርዓት ጋር።,1,2,0,0,0,1
amh_train_track_b_03346,አንድም ሶስትም ፡ የኢትዮጵያ ጠቅላይ ሚኒስትር እና የ 2012 ዓም የኖቤል የሰላም ሽልማት ተሸላሚው የዐብይ አህመድ ሰለስቱ ማንነቶች ዐ,0,0,0,0,0,0
amh_train_track_b_03347,ታማልዳለች ለአምላኳን ትለምልናለች,0,0,0,0,0,0
amh_train_track_b_03348,ዛሬ ደስ ብሎኛል በሌ ቤት ገስቶ ሰርፕራይዝ አደረገኝ,0,0,0,2,0,1
amh_train_track_b_03349,ዘገባው ትክክል ነው ግን በተጨማሪ ትናንት በጋዛ ው የተጋለጠውና በእስራኤል ሰራዊት በቁጥጥር ስር የሆነው በርካታ የጦር መሳሪያ አልጠቀስከውም ሃመስ በጤና ጣቢያ ውስጥ አከማችቶት የነበር በፍርሃት ፈርጥጦ ጠሎት የሄደ ነበርእርግጠኛ ነኘ በቅርቡ ሌላ አደስ የድል ዘገባ በዋሻዎች የተቀበሩት የሃማስ ሽብር ፈጣሪዎች ከፊሎች ወደ አመድ ተለውጠው ከፊሎች እንደተለመደው እጃቸው አንስተው እባካቹህ ማሩን በቃ ተረታን የሚሉበት ቀን ያን ያህል አይረዝምም,0,1,0,0,0,0
amh_train_track_b_03350,ክብር ከንታባ አዳነች ስራዎትን ሳላደንቅ አላልፍም ነገር ግን የኔ ወንድሞች ዜጋ እንደመሁናቸዉ መጠን በቀበሌ ቤት ጥገኛ ነበሩ አፍርሰዉ በምትኩ ሌላ ቤት ሳይ,0,0,1,1,0,0
amh_train_track_b_03351,ለትግራይ የሚቀርበው እርዳታ መቋረጡን ተከትሎ 1 ሺህ 400 ሰዎች በረሃብ መሞታቸው ተነገረ,0,0,1,0,0,0
amh_train_track_b_03352,ገሜ ተጠመቅ እና እስኪ ወደ ኖርማል ተመለስ ፡፡ አንተ ላይ ያለው አጋንንት የአቴቴ ወሰንጋላ ጠቋር አዳል ሞቲበእየሱስ ስም የተወጋ ይሁን,0,2,0,0,0,0
amh_train_track_b_03353,ዩክሬን የተወለደችው ሞዴል ‘ሚስ ጃፓን’ ተብላ መመረጧ ቁጣን ቀሰቀሰ,0,0,0,0,0,0
amh_train_track_b_03354,የትግራይ አስተዳደር የማያውቀውን ስብሰባ በጠሩ ባለሥልጣናት ላይ እርምጃ መውሰዱን ገለጸ,0,0,0,0,0,0
amh_train_track_b_03355,ከግብር ሌላ በወር ክፈሉ እየተባለ ሰው እየታሰረ ነው በተለይ ሱማሌ ያልሆኑት ለይ አደገኛ እንግልት እየደረሰባቸው ነው,0,0,1,0,0,0
amh_train_track_b_03356,አት ሰካራም አተላ ጀግናው ሳደም ባንተ አፍ አይነሳም ቤኖዚሉን ለመሰረቅ የሄዱት አለም የመሰከረላቸው ሌቦችና ወራሪወች ቀናቸው ሲደርስ ከውርደታቸው ጋር ይቀበራሉ  አይቀርም አተቸኩል ወርደታም,1,2,0,0,0,0
amh_train_track_b_03357,ከማዳጋስካር በመጣ የባንቱ ነገድ አማራን እናጠፋለህ እያልክ ነው ገመቹ ? የአማራ ጥፋት ወያኔን ከጣለ በኋላ ሥልጣንን ለማይገባው እረ,0,2,0,0,0,0
amh_train_track_b_03358,የምር ግን ፍቅር አለበት ማለት ነዉ ደነገጠ ግን በጣም አስተዋይ ናት ስነስራትዋ ደስ ይላል,0,0,0,2,0,0
amh_train_track_b_03359,ብግጥሙ ድርሰት ክዜማው ጋር መጣጣሙኔ የድምፅዋን ሀይልና ቃና የሙዚቃው ቅንብርምስ በልዩ ጥንቃቄ የተዝጋጀ የባም ብጣም እጅግ ብጣም የተዋጣለት ምርጥ ዘፈን ነው ብዚህ ውብ ድምጿ ምሉእ እልበሟን ብጉጉት እንድንጠብ ነው ያደረገን እቦ ብርቺ በልዋት,0,0,0,2,0,0
amh_train_track_b_03360,የኔ እህት ደህና ስራ የለሽም ይኸን ከንቱ የምታቀርቢው ምን ለመማር ነው,0,2,0,0,0,0
amh_train_track_b_03361,“ቭላድሚር ፑቲን ካልተመረጡ ማን ሊመረጥ ነው?”,0,0,0,0,0,0
amh_train_track_b_03362,ለሆድ ከማደር ከሁሉ የከፋ የለምቅን ጋዜጠኛ የሕዝብን ፍላጎትእምቢተኝነትን አብጠርጥሮ ለሕዝብ በግልፅ ያሳውቃል የመንግስት ድክመቶችን ያለ ማድበስበስ በመጠቆምመንግስትንም ስህተቱን እንዲያርም ይረደዋል ሰሚፈፃሚ አካል ካለ,1,0,0,0,0,0
amh_train_track_b_03363,ስሳይ መንግስቴ አንተ ደጋግመን የምንነግርህ ስለ ትግራይ አይመለከትህምስለ ትግሬ ለመናገር ሞራል የለህም የትግራይ ህዝብ በደል የተፈፀመበት አንዱ አንተ እንደሆንክ እኛ ትግሬዎች ጠንቀቀን እናውቃለን ብቻ ጊዜህን ጠብቅ የእጂህ ታገኛለክአንተ ለትግራይ ተቆርቃሪ መስለክ የበግ ልብስ ለብሰክ ሁሉጊዜ በዚህ ሚዲያ የትግራይ ህዝብ ለማታለል በቅ ትላለህ ግን እመንኝ ለዘለዓለም ከዚች ምድር ትጠፋለህ,3,1,0,0,0,0
amh_train_track_b_03364,ክፋት ተንኮል ጥፋት የጨለማ ስራ ሁሉ ምንም ያህል ከፍታ እና እውቅና ቢያገኝ የተደበቀን የተቀበረን እውነት አያሸንፍም ። እናንተን ያሳደጉትም ከዚህ,1,0,0,0,0,0
amh_train_track_b_03365,ሰሜን ኮሪያ ወደ ደቡብ ኮሪያ ድንበር አቅጣጫ በርካታ ከባድ የጦር መሣሪያ ተኮሰች,0,0,0,0,0,0
amh_train_track_b_03366,ሀብታሙ አያሌው ስላደረግኸው እጅግ ከፍተኛ አስተዋጽኦ እግዚአብሔር ይጥልን,0,0,0,2,0,0
amh_train_track_b_03367,ድንቄም አስፈሪ በሠራዊት ብዛት ቢሆን ኖሮ የጥቅምቱ አይፈጠርም ነበር,0,1,0,0,0,0
amh_train_track_b_03368,ማሐይም መሬ ያልበት አገር ስንት አመት የተማርውን ሰው አንድ ወደል ማሐይም ጋላ ሰው ሲገል በጣም ያሳዝናል እይ ኢትዮጵያ አገሬ መቸም አንድ ቀን እግዚአብሔር ይጎብኝሻ,1,1,1,0,0,0
amh_train_track_b_03369,ኢትዮጵያ ክፍ ብላ እንድናያት መልካም ምኞታችሁና ባቅማችሁ ትብብርም አይለያት አደራ,0,0,0,1,0,0
amh_train_track_b_03370,አራጅ ኦነግን አፍንጫቸው ድረስ አስታጥቀው ዛሬ ፋኖ ትጥቁን ካልፈታ እያሉ ማላዘን ይቁም ? ለዚህ ውርደት ቀውስ ተጠያቂው እራሱ አማራው ነው እወቁት ? ባለቤቱን ካልናቁ አጥሩን አይነ,2,0,0,0,0,0
amh_train_track_b_03371,በታቦት ፊት በአውደምህረቱ ቆመው ክቡር የሰው ልጆን ከነዘሩ ግደሉ የሚሉ አባት ማየታችን አመመን ቤተክርስቲያናችን ባለማውገዟም አሳፋሪና አሳዛኝ ነው ቤተክርስቲያናችን በዚህ ደረጃ መውረዷ ያሳዝናል,0,0,2,0,0,0
amh_train_track_b_03372,አምላክ ስለ ሰው ፍቅር ከመላእክት እንኳን ሳይቀር ማነሱን፥ እነርሱ እንኳን በባህሪያቸው የሌለባቸውን መራብ እና መጠማት እንዲሁም መታመም ገንዘብ አድርጎ፥ በሁሉ የመላ ሆኖ ሳለ,0,0,1,0,0,0
amh_train_track_b_03373,ቦምብ በማፈንዳት ተጠርጥሮ ለ50 ዓመታት ሲፈለግ የነበረው ጃፓናዊ ሳይገኝ እንዳልቀረ ተገለጸ,0,0,0,0,0,0
amh_train_track_b_03374,እነ ቲክቶክ በአሜሪካ ድንበር የሕገ-ወጥ ሰዎች ዝውውር እንዲስፋፋ እያደረጉ ነው,0,0,0,0,0,0
amh_train_track_b_03375,ይሄ የይዋጣልን የደንቆሮዎቹ መገላጫ ነው ሰከን ብትይ ጥሩ ነው። ኣንድም ቀን የሰላም ኣማራጭ ስታቀርቢ ሰምቼሽ ኣላቅም ምናልባት የህወሓት ውሃ መጠጣትሽ ብዬ እ,0,2,0,0,0,0
amh_train_track_b_03376,አብይ አብይ አብይ ከዚህ ውጭ ሌላ ሀሳብ የላችሁም እሱ ግን 360 ቁጥር መሆኑንያውቃል በተረፈ የጽንፈኛ ድምፅ የሚሰማበት ጊዜ የለሁም ሥራ ላይ ነው ችግኝ ይተክላል ዘረኛ ጽንፈኛ ይነቅላል ህግ ያስከብራል,1,1,0,0,0,0
amh_train_track_b_03377,የሴቶች ጥንካሬ መለኪያ ያንቺን እና ያገዛዛችሁን ዘግናኝ ጭፍጨፋ እና ማፈናቀል ያለመታከት የምታጋልጠው መአዛ መሃመድ ነች!,1,1,0,0,0,0
amh_train_track_b_03378,ብዙ ጊዜ እደዚሕ አይነት 360 ጅምራቸው ያላማረ መጨረሻው ሊያምር አይችልም መልካም እረፍት የሚገኘው በራስ አውቀት በራስ ጉልበት,0,0,0,0,0,0
amh_train_track_b_03379,ኢላን መስክ፤ ከዛከርበግ የሚገጥመው ቡጢ በኤክስ በቀጥታ እንደሚተላለፍ ተናገረ,0,0,0,0,0,0
amh_train_track_b_03380,በቁምህ ነዉ የሞትክ ከንቱ የከንቱ ከንቱ😭😭😭,0,3,0,0,0,0
amh_train_track_b_03381,የታየ ነወኮ እየደገሙት ነዉ ሌላ አጣችሁዴ,1,0,0,0,0,0
amh_train_track_b_03382,ይሄ የ195ሚሊዮን ብር ባስ ከእኛ እኩል መንገድ ተዘጋግቶበት ሲቆም እንደማየት የሚገርም ነገር የለም። ለማንኛውም እናንተ እንዴት አደራችሁ?,0,0,0,0,0,1
amh_train_track_b_03383,በመሬ ደረጃ ተሰይማችሁ እዲህ መውረድ በስም አብ ወወወልድ ወመንፍስ ቅዱስ ይግርማል ያሳዝናል,0,0,2,0,0,0
amh_train_track_b_03384,ተረኝነትና ስርዐተ አልበኝነት ሲታነፅ መዶሻና ምስማር የሚያቀብሉ የፖለቲካ ደላላዎችንና አድርባይ ፖለቲከኞችን ማየት ያማል እኛ መንግስት ጋር እንጂ ከብ,1,0,1,0,0,0
amh_train_track_b_03385,ኸረ አህመድ ሀራም ነው ማታ ስጠብቅህ አልገባክም ለምን አታሳውቀንም ካንተ ውጪ ታማኝ መረጃ ማቀብለን የለም እኛ እኮ ጭንቅ ውስጥ ነን ድል ለፍሊስጢም ያረብ,0,0,1,0,1,0
amh_train_track_b_03386,አንተ ከብት ጥሩ የሠራሁ እየመሠለሕ አገር ታፈርሳለሕ አንጀትሕ ይፍረስና,1,2,0,0,0,0
amh_train_track_b_03387,ታች ሰፈር ያለው በሽታ የሚገርም ነው ህዝብ ከህዝብ ጋር ሰላም ስለፈጠር እንዴት ይበሰጫሉ እንዴትስ ነው የሚያስቡት እውነት አውነት እልሃለሁ ታች,0,0,1,0,0,1
amh_train_track_b_03388,የክርስቲያን ደሴት እየተባለ በሀገራችን ኢትዮጵያ በክርስቲያኖች ላይ ስደትና ግድያ እየተበራከተ ነው በጣም ያሳዝናል,0,0,2,0,0,0
amh_train_track_b_03389,💥💥💥አስደሳች ዜና ክብደት መጨመር ለምትፈልጉ💥💥💥 💊💊💊 በብዙዎች የታወቀው እና በጣም ተፈላጊው Semos Tablet 🟡በ 2015 በአጭር ጊዜ ውስጥ አስገራሚ ለውጥ ማምጣት ይፈልጋሉ? ✳️የሰውነት ክብደትዎ አሳስቦት ይሸማቀቃሉ? ✳️ምግብ ላይ ዝጋታም ኖት ? ምግብ አልበላም ብሎታል? ✳️Normal የሚባል ሰውነት እንዲኖርዎት ይፈልጋሉ? 🔱ለ Body Builders💪🦾🏋‍♂ 🔱ምግብ አልበላም ላላላችሁ 🍱🍜 🔱ውፍረት/ክብደት መጨመር ለሚፈልጉ 🔱,0,0,0,0,0,0
amh_train_track_b_03390,ቆንጆ እና በራሳ የምትተመማን ሴት ናት😍😍😍ወንድ ምንና ምን የምትሉስ,0,0,0,2,0,0
amh_train_track_b_03391,ስዩም ከኤርትራ ጋር ጦርነት ከፈለክ አንተና ጌታክ አብይ ይዋጋ የድሀ ልጅ ግን ሄዶ አይሞትም በአገሬ ዞሬ መስራት የተከለከልኩ ቀይ ባህር ለኔ ምኔ ነው,1,1,0,0,0,0
amh_train_track_b_03392,ሁላችሁም ለጦርነት ተዘጋጁ እያላችሁ የትግራይን ሕዝብ ለጦርነት ማግዱት ያልታደለ በራሡ ተወላጅ ሞት የተፈረደበት ዛሬን እንኳን እፎይታ እንዳያገኝ እየተደረገ ነው።,1,0,1,0,0,0
amh_train_track_b_03393,የእኔ እህት በልጅነትሽ ይሄ ሁሉ መከራ 😭😭😭🙈💔🤦🏾‍♀️😭😭😭 እመቤቴ መከራሽን የምትረሺበትን ጊዜ ታምጣልሽ,0,0,2,0,0,0
amh_train_track_b_03394,አንዳንድ ከንቱ ሠዎች የታዋቂ ሠዎችን ስም በማንሳት ትኩረት መሳብ እና መነጋገሪያ መሆን ይፈልጋሉ,0,1,0,0,0,0
amh_train_track_b_03395,በቴክሳስ አንድ የጭነት መኪና ውስጥ ቢያንስ 40 ሰዎች ሞተው ተገኙ,0,0,1,0,0,0
amh_train_track_b_03396,ጌታቸው ረዳ ዓለም ገብረዋህድን ጨምሮ አራት ከፍተኛ አመራሮችን ከሥልጣን አነሱ,0,0,0,0,0,0
amh_train_track_b_03397,የአቢሲኒያ ባንክ የሆነ ነገር ነው,0,0,0,0,0,0
amh_train_track_b_03398,አንተ ሆዳም የአብይ ሽንት ጨርቅ በሉልኝ 🖕,1,2,0,0,0,0
amh_train_track_b_03399,አይይይ የአህያ ባል ከጅብ አያሥጥልም ይላል አማራ ሲተርት አህያ ሁላ ይብላኝ ለዲያሥፖራ,0,2,0,0,0,0
amh_train_track_b_03400,በጣም ጥሩ ነዉ መረዳዳዳት ሌሎቹም ማሳያ ነዉና በርታ ጎበዝ ...,0,0,0,2,0,0
amh_train_track_b_03401,ሰላም እዴት ናችሁ ስራ ካለ ቴሌግራም ላይ አዋሩኝ,0,0,0,0,0,0
amh_train_track_b_03402,እግዛብሔር ያሳድግልህ ምርጥ አባት,0,0,0,2,0,0
amh_train_track_b_03403,ሿሿ ቀጣዪ ጠቅላይ ምርጥ ትወና አልታያችሁም,0,1,0,0,0,0
amh_train_track_b_03404,አይ እንዲህ ነው ንጉስ እያልክ እያዘመርክ አንተ እንደ ንጉስ ትገባ ጀመር ውይይይ እግዚአብሄር ለስሙ ቀናተኛ ነው መስሎሀል ጅሉ,0,2,0,0,0,0
amh_train_track_b_03405,በዚህ #የአለም መጨረሻ ደርሷል እያለን በዚልህ የYouTube አካውንቴን subscribe አርጉ ይለናል እንዴ ከንቱ አለም 🥺,1,0,0,0,0,0
amh_train_track_b_03406,ዋሽታ የልብ ድካም መድሀኒት ጠጥታ ነበር ኡመር እንዳይተዋት ስትል ማለቴ በሡ ፍቅር የተጎዳይ ለማስመሰል ዮንዛ ሠጥታት ነበር ቤቱንኳ እንጃ,0,0,0,0,0,0
amh_train_track_b_03407,አይናፋርነትሽ ያሳጣሽ ነገር ከሌለ በራሱ ውብ ስጦታ ነው ይቀመጥ,0,0,0,1,0,0
amh_train_track_b_03408,ባለጌ ስራህን እየነገርከን ነው ጥንብ ዘረኛ አሸንፈን አራት ኪሎ የመግባት ምኞታችሁን አራት እርምጃ ሳትሄዱ መድረሻ ያሳጣህ ጌታ መከላከያች መድረሻ ያሳጣህን በስድብ የምታሸንፍ መስሎህ ከሆነ ሱሚ ነው,1,2,0,0,0,0
amh_train_track_b_03409,አንተ የምትለዉ እስራኤል ከምትለዉ በተለይ ነዉ የምትቀደደዉ በስተ እርጅናህ ላንተ የሚሆን የቤት ድለላ ነዉ,1,1,0,0,0,0
amh_train_track_b_03410,እኮ እሱ አንዴ ዘይነብ አንዴ ማን እያለ ሲርመጠመጥ ቆይቶ አሁን እራሱን ንፁህ ያደርጋል ሲማይም ጥፋተኛ ናት ግን የኩዚ ይብሳል,1,0,0,0,0,0
amh_train_track_b_03411,ቀጥሎ በኢትዪጵያ ውስጥ ታላቅና እውቅ ሰው ነበር ራስ መኮንን በውትድርና የአገልግሎት ዘመኑ ሞት የማሽረው ታሪክና ዝናን ያተረፈው በጀኔራል ባርቲሪ ይመራ የነበ,0,0,0,0,0,0
amh_train_track_b_03412,እዚህ ያለው ሌባ እና አጭበርባሪ መች አነሰን,1,0,0,0,0,0
amh_train_track_b_03413,የቲፎዞ ህዝብ የቲፎዞ ሀገር ከሚዲያው ጀምሮ ጋዜጠኞች አርቲስቶች ምሁሮቹ የዚህ ሀገር ህዝብ ሚዛን የተዛባባችሁ ኧረ ከምን ተፈጥራችሁ ነው  ገነነ ምንም ሳይባልለት ከ40 አመት በላህ መዝገብ ሆኖ ያገለገለ ላይብረሪ ሞት እንደቀላል ታየ አንድ ድድ አስጪ ኮሜዲያን ሞተ ቢባል ግን እንዴት እንደሚራገብ አሽቃባጭ ሁሉ,2,1,0,0,0,0
amh_train_track_b_03414,ብልህ ሴት ልጅ ።ነገሮች እምታይባቸው እምትመርጠው የኣስተሳሰብ አንግል የሚገርም ነው።,0,0,0,2,0,1
amh_train_track_b_03415,ሰዓት ሰአት ሚሉት በጠራራ ፀሀይ አይደለ ወንድሞቻችንን መንግስት የገደላቸዉ ፀብ ጫሪ ኦርቶዶክሳዉያን የሉም ግን መንግስት በዓል ሲደርስ ላዉ ላይ የሰፈረበት አጋንንት በዓል በሰላም እንዳይከበር ያደርጋል እግዚአብሔር በሰላም በዓሉን ያሳልፍልን,0,1,1,0,0,0
amh_train_track_b_03416,ነፍጠኛ ዘረኝነትን የሚጠየፍ ዘረኛ ነው,0,1,0,0,0,0
amh_train_track_b_03417,በጣም ግሩም ድንቅ እና ልብ አንጠልጣይ ድራማ ህግ ምን መምሰል እንዳለበት ህግን አስፈፃሚው እና ተርጏሚው ሰራቸውን ለማሳየት የተሞከረበት በመሆኑ ሳላደንቅ አላ ልፍም ክፍል 5 ምን ይሆን,0,0,0,2,0,0
amh_train_track_b_03418,"""አባቴ ዶናልድ ትራምፕ መሞታቸውን ስገልፅ በታላቅ ሀዘን ነው"" - የተጠለፈው የትራምፕ ልጅ ገፅ",0,0,0,0,0,0
amh_train_track_b_03419,ወይኔ ስያስፈራ ደግሞ ለካ ጦርነት እንዲህ ነው ሚዋጉት የኛዎቹም  ጦርነት ሲወራ ና በተግባር ይለያያል በተግባር ስያስፈራኣምላኬ ሆይ ጦርነትን ኣጥፋልን,0,0,0,0,2,0
amh_train_track_b_03420,እውነት እነሱ ጋር እንኳን እነሱ እያመኑ አንተ በእነሱ ፍቅር ወድቀህ ስለእውነት ሲታወራ አታፍርም።,1,1,0,0,0,0
amh_train_track_b_03421,አማርኛ አስተካክለክ ሳታወራ አተን አይሉ ፕራንክ ጀዝባ,0,3,0,0,0,0
amh_train_track_b_03422,ይሄ መንግሥት ስምንት ወር ሙሉ ሲዋጋ ከርም አሁን ሰባት ቀን ሰጣው ይላል ሲጀመር ሁሉም ፋኖ ማንንም አይሰማም,1,1,0,0,0,0
amh_train_track_b_03423,ጀዋር እና ጌታቸው ምላሱ እውቀት አላቸው ግን ስሜታዊ ናቸው ሁለቱም እረገጥ ያለ እውቀት አላቸው ማእበል ብሎ መዝፈን ያለበት ነዋይ ለእነሱ ነበረ እንደነዚህ አይነት ሰዎችን እንዴት እንጠቀምባቸው ይህ የመንግስት እይታ መሆን አለበት ይህ ቆንጆ ምሳሌ ነው ጠያቂውንም ተጠያቂውንም ሳላደንቅ አላልፍም ሁሉም ነገር በቦታው ሲሆን መስመር ይይዛል,0,0,0,1,0,0
amh_train_track_b_03424,ጀግና ወገኑ ላይ ሞት አያውጅም አማራ ላይ ጦርነት ማሳወጇ ነው ጀግና ያስባላት?,1,0,0,0,0,0
amh_train_track_b_03425,አለም ምን ያሳዝናል እስራኤል ህፃናትን እንደ ቀላል ነገር አይደል እንዴ እየገደለች ያለው ምናልባት ጭካኔ ሊመስል ይችላል ግን እስራኤል ውስጥ እራሱ ህፃናትን መግደል ቢቻል ደስ ይለኛል ዜጎቿ ህመሙ እንዲገባቸው,1,0,1,0,0,0
amh_train_track_b_03426,አቤት አቤት ፍላጎቷ ምን ይሆን ምን አይነት ጭካኔ ነው,0,0,2,0,0,0
amh_train_track_b_03427,ኚኚለፍዳዳ ገመድ አፍ ጥብ ዲቃላ አቺ እኮ ፍልስፄማውያን አይደለሺም መምጫሺ ማይታዎቀቅ የንፋስ ብናኝ የኢትዪጲያ ጥገኛ ምናምኒያም ስላም ነሺ ዎዴተደ ዎዴት ነው,0,2,0,0,0,0
amh_train_track_b_03428,ፕራኩ መልካም ጎንም አለ መጥፎ ጎንም አለ ነገር ግን መልካሙን ብቻ ተቀበሉ።,0,0,0,0,0,0
amh_train_track_b_03429,ኤርሚያስ ለገስሠ ዋቅ ጂራ ይሔ ነው ጓደኛሕ እረደዋን ሑሴን ስለ ኢትዮጵያ ብቻ እየኖረ ነው ክብር ምስጋና ይገባዋል አንተም የነ ሳሞራ የኑስ አስተማሪ ነበርክ የትግራይ ሚሊሻ ትልቋን ሐገርሕን ኢትዮጽያን ያዋረዱ ጀነራሎች እንዲሁም ብቻ ይቅር ኤሪሚያስ ለገስ ዋቅጂራ አዳምጥ ይሔ ነው ኢትዮጽያዊነት,0,0,0,1,0,0
amh_train_track_b_03430,በዓለም ዋንጫ ሴቶች በዳኝነት የመሩት የመጀመሪያው ጨዋታ ተደረገ,0,0,0,0,0,0
amh_train_track_b_03431,አረ አሊ ሰዉ ባትሳሳት ድብድቡ ጥሩ ነበር በሰዉዬዉ ቦታ ሲማይ ብትሆን,0,1,0,0,0,0
amh_train_track_b_03432,አስቸኳይና ከፍተኛ ጥንቃቄ ብዙ አቡነአባብልጽግናዎች እና ኔትዎርኮቻቸው የተለያዩ የኦርቶዶክስና እስልምና እምነት ተከታዮችን ላይ ያተኮረ የፋሽስቱ የናዚዎች የሌቦች የዘራፊዎች የአጭበርባሪዎች የከሃዲዎችና የቀን ጅቦች መሪ ከሆነው እኩይ አህመድ ቡድን ጋር ተጣምረው እየሰሩ እንደሆነና ለመስራት ዝግጅት ስልጠናና የተለያዩ ህጋዊ ያልሆኑ ጥቅማ ጥቅሞች እንደ በወንጀል ያለመጠየቅ ዋስትናዎች ወዘተርፈ እየተሰጣቸውእንደሚሰጣቸው መረጃዎች,0,2,0,0,0,0
amh_train_track_b_03433,ባለፈዉ አመት መጀመሪያ የመከላከያ አዲሱ ህንፃ ሲመረቅ ለከፍተኛ ወታደራዊ አመራሮች ማዕርግ የተሰጠ እለት አገራችን ያሏትን አዉሮፕላኖች አሳይታናለች የዛሬዉን ያኔ አላየንም የዛሬዉ የእኛ የራሳችን እንዳልሆነ ተረድቻለሁ በተዉሶ ልብስ ማጌጥ አይቻልም በሌላ አገር አዉሮፕላን ተዉሰን የምናሳየዉ ትርኢት ጦረኛ መሆናችንን ያሳያል ህዝቡ በዕርዳበኑሮ ዉድነትበስራ አጥነትበሰላም ማጣትበድርቅ እየማቀቀ ነዉ መሪዎቻችን የህዝቡ ስቃይ ምንም እንደማይገዳቸዉ,1,0,1,0,0,0
amh_train_track_b_03434,ኦሮሞዎች የሰው ስጋ የሚበሉ ማለት ናቸው ግማሾቹ በከተማ ያርዳሉ ይደፍራሉ ይሰውራሉ ጫካ ያሉት ደግሞ ንፁሃንን እርጉዝ ሴት ሆድ ይቀዳሉ ያቃጥላሉ በአሜሪካም በእንግሊዝም በካናዳም ያሉ ኦሮሞዎች በጠቅላላ ሊባረሩ ነው ምክንያቱም የሰው ስጋ የሚበሉ ናቸው በውጭም ያሉት በወንጀል የተጨማለቁ ናቸው,1,2,0,0,0,0
amh_train_track_b_03435,ባንልስ ይቀርልናል ነበር እኮ ልዩነቱ እኛ መጥፎ ለስራው እንቃወማለን ጥሩ ለሰራው ደግሞ እናመሰግናለን በጅምላ ግን አንፈርድም አንወነጅልም መለስ በበደለው እ,0,0,0,0,0,0
amh_train_track_b_03436,የአእምሮ ቀውስ ያለብህ ነህን እንዳበደ ውሻ በየቲውቡ ከምትክለፈለፍ የሚያንፅ ስራ ስራ ሰው ሁን,1,2,0,0,0,0
amh_train_track_b_03437,የአይሁዳ ወታደሮች አንድ ፍልጤማዊ ሰው ለመያዝ ከ20በላይ ተሰባስበው ነውኮ እስከዛሬም ግፍ ሲያደርሱባቸው የኖሩት እኔ fb መግባቴን እጠላዋለሁ የፍልጤሞችን ስቃይ ላለማየት አሁን ግንጦርነቱ ኢንሻ አላህ ነስሩን ያመጣላቸዋል ምንግዜም በአይሁዳ ከመሰቃየት መፋለም ይሻላቸዋል ጦርነትም ባይጀምሩም ከመሞት እና ከስቃይ ውለው አያውቁም,0,1,0,0,0,0
amh_train_track_b_03438,አረ ተወይኝ የኔስ የከፋ ነው በvideo ጭምር ነው ? ወይ ካልሆነ ግግም ልበል እንዴ video ላይ ያለሁት እኔ አይደለሁም ብይ?,0,0,1,0,0,0
amh_train_track_b_03439,ከፍለኽባታል። መልበስ አደለም ብትሸከማትም አትጠግባትም። ዋጋ የተከፈለባት አገር ላይ ዋጋ የከፈለ ጀነራል ምስል ነው። ከኔ የቀኑ ምርጥ እይታየ ነው።,0,0,0,1,0,0
amh_train_track_b_03440,ስምህን አስተካክለ ሀብተ ኢየሱስ ብለህ ጻፍ።አንድ ቦታ ተቸንክረህ ቆመሐል።እራስህ ለራስህ የምትነግረው ትርክት ጋርዶሃል።work out your mi,1,1,0,0,0,0
amh_train_track_b_03441,ማምለጫና መውጫ መንገዱ ተገኘ 2 ድንቅ ትምህርት በቄስ ዶክተር ገመቺስ ደስታ Dr Gemechis Desta YHBC via,0,0,0,2,0,0
amh_train_track_b_03442,ሀሀ ገና ከምድረ ገፅ ይጠፋሉ ሞት ለነብሰ በላወች የሰው ጅቦች ድል እግዚአብሔር ለመረጠው ለእስራኤል ህዝብ,0,2,0,0,0,0
amh_train_track_b_03443,የአሜሪካ ስር ስር ማለት ምንም አላስደደተኝም። እንደሚገመተው የኢትዮጵያ መንግስት በስህተት ኤርትራ ላይ ጦርነት ለመክፈት ቢያስብ። ብልጽግና ኢትዮጵያን እንደካደ ነው የምቆጥረው። ኢ,0,1,0,0,0,0
amh_train_track_b_03444,እንደዚህ ተማምነሽ የምትፅፊው ባለተፈለገ እርግዝና የወለድሻቸው ዲቃላ ልጆችሽን ልታዘምቺ ነው መጀመሪያ በስነስርዓት መፃፍ ተማሪ ሌላው ደግሞ ማስረጃ አምጪ አሰብ የኢትዮጵያ መሆኑን የተናገርኩሽ በ2 ምክንያት ነው 1 ኤርትራን በስነስርዓት አለመፃፍሽ 2 የክቡር ፕሬዝዳንት ስም ሳትጠቅሺ ሼባ በማለትሽ እድሜ ፀጋ መሆኑን እወቂ,1,2,0,0,0,0
amh_train_track_b_03445,ሁቱወች ቀናቸውን ይጠብቁ ቆይተው የእጃቸውን ያገኛሉ ከማን ጋር እንደሆነ የሚፈታተኑ አላወቀውም ማለት ነው,1,0,0,0,0,0
amh_train_track_b_03446,በጣም አሳዛኝ እና ልብ የሚሰበር ዜና ዛሬ ከደርሳ ጊታ ሰማን! ተቀብሮ የነበረ በፈነዳው ፖምብ የሶሰት ስው ህውቱን ማልፍና አራት ሰው ጉዳት እንደደረሰ ሰማን! ፍትህ ለደርሳ ጊታ,0,0,3,0,0,0
amh_train_track_b_03447,አምስት አምስት ብር አዋጡልኝ አሪፍ ፊልም ልስራ ነው,0,0,0,0,0,0
amh_train_track_b_03448,የአሜሪካን ጨዋታ ሳላደንቅ አላልፍም በዚህ አጋጣሚ ቤተ አማራ ላይ የተዳፈነው የሰብዓዊ መብት ጥሰት እና ሰብዓዊ እርዳታ ተመልካች ያገኛል ማለት ነው something is c,0,0,0,1,0,0
amh_train_track_b_03449,ይሄ ከየት ያገኘኀዉ እና የወረስከዉ ሞያ ይሁን ምን እንጃ ግን ሳላደንቅ አላልፍም,0,0,0,1,0,0
amh_train_track_b_03450,በሻሻ ዛሬ ገራሚ ፕሮፌሺናል ፋዉል ሰራች ! ፋዉሉ ግን ያልተጠበቀ ነበር !,0,1,0,0,0,1
amh_train_track_b_03451,አይዞኝ ገለቴ ክክክ መስሜያው ጥጥጥ ነው ማዳመጥ ሚባል የለም,0,1,0,0,0,0
amh_train_track_b_03452,እንደ ሙስሊም ከአንድ በላይ ሚስት ቢፈቀድ ኖሮ ይሄ ሁሉ ጭንቀት አይነካህም ነበር,0,0,0,0,0,0
amh_train_track_b_03453,ጋዜጤኛ ነው አለምነክ የቀረበውን ዜና ተርጉሞልሽ ነው ማነው ጥፋተኛው የጀመረው ነው ጥፋተኛ የመልስ ምቱ አደገኛ እና ህዝብ አልቋል እንዲጠፉ ህዝቡ የፈለገው አማስ ነው ተንኩሶ ዞር ያለው ምን ያክል እሮኬት እንደተኮሰ ታይቷል,1,0,0,0,0,0
amh_train_track_b_03454,ኢላን መስክ የኤክስ ተጠቃሚዎች ሌላ ሰው ‘ብሎክ’ እንዳያደርጉ አደርጋለሁ አለ,0,0,0,0,0,0
amh_train_track_b_03455,አንድ አፍታዎች እናንተም ቤት ይመጣል ፋኖ እናንተን መግደል ሳይሆን ምላስና እጃችሁን ነው መቁረጥ ያለበት,0,2,0,0,0,0
amh_train_track_b_03456,ይህንን አስተያየት የምጽፈው በቀጥታ የዜና ክፍሉን ይመለከታል ብዬ ሳይሆን Arts TV ዘርፈ ብዙ ስለሆነ ለሚመለከተው ክፍል ያደርሳል ብዬ ሰላመንኩኝ ነው እናንተም እንደ አስተያየት ብቻ አይታችሁ ችላ እንዳትሉት እጸልይላችኋለሁ ለማንኛውም ካዛንቺስ አካባቢ ያለውን የኢሚግሬሽን ቢሮ ጉዳይ እንደጀመራችሁት እስከ ፍጻሜው ጉዳዩን ተከታትላችሁ ለህዝቡ ዘግቡት በእርግጥ በዚያ ቦታ ላይ የሚሰጠው አገልግሎት ቀላል ሆኖ አይደለም ነገር ግን አገል,0,0,0,0,0,0
amh_train_track_b_03457,“ኤ፣ ቢ፣ ሲ፣ ዲ…” የማይቆጥሩት የዘንድሮ የ“ኬጂ” ተማሪዎች,0,0,0,0,0,0
amh_train_track_b_03458,እና እንዳዛ ካሰብክ መጥፎ ሰው አይደለም ብለህ መከራከሩ ለምን አስፈለገ?ማሰብ ያለብህ ሟርት እኔም አንተም ድንገት ቢሆንስ ብለን ልንናገረው እንችላለን።,0,0,0,0,0,0
amh_train_track_b_03459,አይ አለማወቅ አንዳንዴ አለማወቅ እንዴት ደስ ይላል,0,1,1,0,0,0
amh_train_track_b_03460,ድል ለተበዳዮች ሞት ለወራሪዎች።,1,1,0,0,0,0
amh_train_track_b_03461,የምትስቁ ሰዎች ግን ደንቆሮ አይገልፃችሁም ይሄን መደገፍ አለብን እንደ ጊንጥ እራሳችንንን በራሳችን ባንገድል ጥሩ ነው,2,1,0,0,0,0
amh_train_track_b_03462,ወያኔ እና የወያኔ ግልገል የሆንክ ሁላ ለቀጣይ ዘመናት ከነልጅህ እና የልጅ ልጅህ ሲተፋብህ እና ስትወገር እንደምትኖር ስነግርህ በሙሉ ክብር እና ኩራት ነው? ባን,1,2,0,0,0,0
amh_train_track_b_03463,ደስ የሚል ዜና!የአለም ጤና ድርጅት ከ3ዓመት በኋላ ኮቪድ19 አለም አቀፍ የጤና ስጋት መሆን ማብቃቱን ይፋ አደረገ።,0,0,0,2,0,0
amh_train_track_b_03464,የኔ ውድ እህት እንኳን ፕራንክ ሆነ,0,0,0,1,0,0
amh_train_track_b_03465,ለኦሮሞ ወጣት ጥላቻ ስትግት ቆይተህ እስካሁን ድረስ የአማራ ሞት አልቆመም አሁን ቄስ ነኝ አትበል እኛም ቆምጭጨናል በአንተ እና መሰሎችህች የሚታለል አማራ የለም,2,1,0,0,0,0
amh_train_track_b_03466,ፊልስጤም ግን ልክ ፋኖ ትግራይ ላይ የፈፀመው ጥቃት ይመሳሰላል,0,1,0,0,0,0
amh_train_track_b_03467,የአሜሪካ ቅጥረኛ ሆኖ ቀረው ይሄ ባንዳ,0,2,0,0,0,0
amh_train_track_b_03468,በቀልኮ መጨረሻዉ አያምርም እየተጎዱ መኖር በአዱኒያ ቢጎዳም በአኼራ ጥሩ ነዉ,0,0,1,0,0,0
amh_train_track_b_03469,ውሃ ለጠየቁ ሰላማዊ ዜጎች የተሰጠ ምላሽ በጠላት ሀገር ተወረን ጦርነት የገጠሙ ይመስል መንግስት ያስታጠቃቸው ሃይሎች ሰላማዊ ህዝብ እያሸበሩ ነው ወልቂጤ,2,0,1,0,0,0
amh_train_track_b_03470,ፈጣሪ ይጨምርላቹ እናት ስትደሰት ደስይላል ፈጣሪ ይጠብቃቹ,0,0,0,2,0,0
amh_train_track_b_03471,የሚገርመዉ የሀገር ሰላም ለማሰጠበቅና የሰዉን ኑሮ ለማሻሻል እየለፋ ሰዉ እንዳለተረዳዉ አርጎ እራሱን ማሳመኑ ነዉ ደስ የሚለዉ ግን ለስሙ የሚጨነቅ ስለሆነ ኢትዬዺያ በታሪኴ እነደዚ አይነት ወራዳና ብቃት የሌለዉ መሪ አጋጥᎀአት እንደማያቅ ለታሪክ የተቀመጠ መሪ መሆኑን በቅርቡ ስለሚያቅ እሱ እንደሚወደዉ ዶክሜንታሪ ተሰርቶበት በዚ ወራዳ ቲቪ ኘሮግራም ላይ ከእስር ቤት ያየዋል እድለኛ ከሆነ,1,2,0,0,0,0
amh_train_track_b_03472,የብዙ ንጹሃን ደም ውጤት በተለይ መከላከያ በተኛበት ያፈረ ይፈር ሰላም መሆኑ ጥሩ ነው፣ ቃብድ ግን እንዳይኖር?,0,0,1,0,0,0
amh_train_track_b_03473,የ እስራኤል ጃውሳዎች ተረጋጉ አታራግቡ😀😀😀,0,1,0,0,0,0
amh_train_track_b_03474,No no aleme አንተ ሀሳብ ነው ያቀረብከው ወይም ያለውን ሚስጥር ነው ግን ኢስራሄል መሰሪ ናት በታርክ ጥሩ ነገር የላቸውም ኢየሱስን ገሎ የጨፈሩ ናቸው ዛረም አይማኖት የላቸውም ጨካኝ አደርባይ ናቸው ተቀበል ገዳይ አረመኔ ናቸው በታወቅ አለበት ግን አይዘልቁም መጥፋታቸው ይርግጥ ነው ህፃናት ገለክ  No way bro if u have ababy u may be,0,2,0,0,0,0
amh_train_track_b_03475,ሆሳዕና በአርያም እንኳን አደረሰን ? መልካም በአል,0,0,0,1,0,0
amh_train_track_b_03476,ቀዳም ሥዑር በዚህች ዕለት ጌታ ወደ ሲዖል ወርዶ በሲዖል ላሉት ሁሉ ሰላምን ሰበካቸው ፤ ወደ ገነትም አስገባቸው።ይቺ ዕለት የጌታችንን መከራ በማሰብ በፆም ታስባ ስለምትውል ቀዳም ሥዑር ወይም የተሻረችው ቅዳሜ ትባላለች።,0,0,0,0,0,0
amh_train_track_b_03477,አይዞሽ ኤሄንንን አስታሳሴብ ይዜሺ ፈጣሪም አይጢልሺም እትዮጲያ ህዚብ ያግዚሻል ያሁሉ በደል ተበዲሌሺ አሁንም ለእናትሺ ያሎዉ ፊቅሪ ጌሪሞኛል,0,0,2,0,0,1
amh_train_track_b_03478,የፍልስጤም ህፃናት ሰቆቃ ምንም ስሜት የማይሰጥህ ሰው ነህ አንተ,2,0,1,0,0,0
amh_train_track_b_03479,አማራን መጥላትህን ለማሳየት ሁሌ መከራ ትበላለህ ? ቤተክርስቲያን ለሰው ብለህ የምትሄድ አስመሰልከው አይ የአንድነቱ ኃይል ወገኞች ናችሁኮ,1,1,0,0,0,0
amh_train_track_b_03480,ዋ አቢቹን ለቅቅ ዘመቻ ቢከፈት በፅንፈኛ ባንዳ ልክ እንደ ጲላጦስ ደረጀ ቢከዳ እንደ ቀትር ሰይጣን መሳይ ቢንቀዠቀዥ ግዛው በቁም ሞቶ ቢያጣ አልቃሽ ገናዥ ፋሲል ለሆዱ አድሮ ከዚህ እዛ ቢዘል ጴጥሮስ መሃል ሆኖ ውሸት ቢያቀጣጥል ማሲንቆ እየመታ አቤ እስክስ ቢል ያ ሹሉቃ ዳዊት የባንዳ ልጅ ባንዳ ነዓምን ዘለቀ የአባቱን ክዶ የሆነ ወራዳ አንዳርጋቸው ፅጌ ቆሞ ሚሄደው ሽል እስክንድር ቀዥቦ ወድቆ ቢንከባለል እነ 360ዎች የውሸት ግትልትል ሞጣ,0,2,0,0,0,0
amh_train_track_b_03481,ቢኒያም ሽታዬ በሃይማኖት ስም የሚያጭበረብር ሌባ ስለሆነ ማንም ሰው ልሰማው አይገባም !!!,0,2,0,0,0,0
amh_train_track_b_03482,ኢትዮጽያ ለወደቡ ቀብድ ከፍላ ወደቡን አልምታ መንገድ ሰርታ አስፋፍታ ብዙ ቢሊዮን ዶላር አውጥታ ድንገት ሱማሌ ላንድን እንደቀድሞው ወደ ግዛቷ ብትጠቀልል ኢትዮጽያ ኪሣራዋን ማነው የሚከፍላት ጋዜጠኛ የመጠየቅ ግዴታ አለበተረ,1,0,0,0,0,0
amh_train_track_b_03483,እንኳን ደስ አለህ ዳኒ የምትወደውን ሰው አግኝተሃል ♥♥♥🙏,0,0,0,2,0,0
amh_train_track_b_03484,ውሀው ከዚህ ብርጭቆ በድንጋይ እስኪወጣ አወራለሁ? ደሞ ምነው ጀለሴ ሆድህን ረግጬ unblock አርገኝ አልወጣኝ ?መልሽው እንደውም አንቺ ስትሽለጠለጪ ሳልሰማ የሚገርም ሰላም ነበረኝ።,1,1,0,0,0,0
amh_train_track_b_03485,የኢትዮጵያዊቷ መሠረት እና የሌሎች አረጋውያን ሕይወት በኑሮ ውድነት ዘመን,0,0,1,0,0,0
amh_train_track_b_03486,መልዕክቱ ጥሩ ሆኖ ይህን የመሰለ ጽሁፍ ሲፃፍ ለአማርኛ አፃፃፉ ጥንቃቄ አለመደረጉ ያሳዝናል። በማያገባቹ የሚል አማርኛ ቃል የለም። በማያገባችሁ ተብሎ ሊታረም ይገባዋል።,0,0,2,0,0,0
amh_train_track_b_03487,?ያልተጠበቀው የተገንጣዮቹ ጳጳሳት ተማፅኖ እንመለሳለን ?ዲን ብርሀኑ አድማስ ያልተጠበቀ መረጃ አወጡ Ethiop via,0,0,0,0,0,0
amh_train_track_b_03488,እንዳልመጣ ፈራሁ እንዳልቀር ጨነቀኝ ጎራዴው በግራ ሽጉጡ በስተቀኝ ኧረ በቴድሮስ ሞት የሚል ሰው ናፈቀኝ ?,0,0,0,0,0,0
amh_train_track_b_03489,አማራ ቀጥሎ መጣ እንጂ ሰሜን እዝ ከTPLF ጋር የወገነው ሳይጨምር ሲደመሰስ ኤርትራ ባይደርስ ምን ይኮን ነበር። ለኤርትራምኮ ስጋት ስለ ነበረ ው። እውነት አይደለም?ግን ይሁዳ ምን አገባህ?,1,1,0,0,0,0
amh_train_track_b_03490,እንደ ሱማሌ የአአሜሪካ እና የእስራኤል እሬሳ እንጎትታለን አልሸባብን እንቀላቀላለን የኢትዮጵያ ሙስሊምም አጋጣሚ ነው ሚጠብቀው,0,1,0,0,0,0
amh_train_track_b_03491,1አቤሎ የማህበራዊ ሚዲያ ሽብርተኞች እንደሚያወሩት ሳይሆን ኢትዮጵያና ኤርትራን ሊለያይ የሚችል ምድራዊ ሀይል እንደሌለ ከፍተኛ ማሳያ ነው  ክብር ምስጋና ለኢሶና አብያችን ይሁን 2ትክክል የመቀሌ ከንቲባ ኢህአፓን ስላሰለጠናችሗት በደንብ ታውቋት የለ ለሌላ ነጭ ሽብር በሽፋን እየተንቀሳቀሰች ነው,1,0,0,1,0,0
amh_train_track_b_03492,ሳይገባችሁ ፕራንክ እያላችሁ የምትጃጃጃሉ ሰዎች ትገርሙኛላችሁ ልንገራችሁ አያምርባችሁም ለሣጥናኤ የመግቢያ በር እንከፈታችሁ ነው ❗️እወቁ ታሳዝናላችሁ😡,1,0,1,0,0,1
amh_train_track_b_03493,ሁሉም ቦታ ሞት ሞት ወንጀልአመፅ ግፍ አላህ ይቅር ይበለን,0,0,2,0,0,0
amh_train_track_b_03494,የህዝባዊ አገልግሎት አሰጣጡ በየመዋቅሩ የተበለሻሸ በመሆኑ ሙስና እየተንሰራፋ እንጂ እየቀነሰ አለመሆኑ አሳሳቢ ነው በዚህ ከቀጠለ ጎረቤት አፍሪካ ሀገራት ላይ እንደምንሰማው ሁኔታ ውስጥ መግባታችን አይቀርም ተቋሙ ከማስመለሱ መከላከሉን ጠበቅ ቢያደርግ ይሻላል በየአገልግሎት መስጫ ቦታ ያለውን ሁኔታና ተጋላጭነት ይፈተሽ,0,0,0,0,0,0
amh_train_track_b_03495,ሲጀምር የአማራ ህዝብ መሪ ሊያስብላቹህ የሚችል ነገር አምጡ፡፡ሲቀጥል እናንተ አማራ ሆናችሁ ሣለ ስንት አማራ ሲጨፈጨፍ አይታችሁ ዛሬ በአንድ ሰው ሞት ምን ያሸብራ,2,1,0,0,0,0
amh_train_track_b_03496,ሃምሳ ቢወለድ ሀሃምሳ ነው ጉዱ የበረካ ልጅ ይበቃል አንዱ መውለድ ደጉ,0,0,0,1,0,0
amh_train_track_b_03497,ምንኛ አረመኔ ናት ስት ህዝብ እያለቀ ነው,1,1,0,0,0,0
amh_train_track_b_03498,እና ለ ምንድንነው እዚጋ በ ስእል ለመግለፅ የፈለጉት?,0,0,0,0,0,0
amh_train_track_b_03499,ምነው ስድቡ ቀደመ አሳብ ሳይኖርህ የእውቀት ድርቅ እና ጭንቀት ሲመጣ እንደዚህ ነው ለማንኛውም ጥፍራም ከሆንህ ደውልልኝ,0,1,0,0,0,0
amh_train_track_b_03500,ከባድ ነዉ እግዚአብሔር የሟቹን ሞት የማይወድ አምላክ ለሁሉም ንፁሃን ይድረስላቸዉ በርግጥ ሃማስ የተባለ አሸባሪ ዋጋ መክፈል አለበት ዳግም ይሄን መሰል ተግባር ወደማይፈፅምበት ደረጃ ላይ ማድረስ ያስፈልጋል ንፁሃን ህፃናት ግን ያሳዝናሉ,0,0,1,0,0,0
amh_train_track_b_03501,ቱርኮች ብዙ ስቃይ አሳልፈዉ ነዉ እዚህ የደረሱት የአማራ ጦርነት ልክ እንደነሱ ሁኗል መቸ ይሆን የሚያበቃዉ,0,0,2,0,0,0
amh_train_track_b_03502,ዕውቁ የስፖርት ድረ-ገጽ በሰው ሰራሽ አስተውሎት የተዘጋጁ ጽሑፎችን አትሟል የሚል ወቀሳ ቀረበበት,0,0,0,0,0,0
amh_train_track_b_03503,ይሄ የሆድ ነገር ሆድ ይቆርጣል ነው። ከማንኛውም የፖለቲካም ሆነ የመንግስት ተቋማት ሚያያያዝ ነገር የለውም። እራሱን ለችግር አጋልጦ ያስተማረን። በባዶ እግሩ እዪሄደ በጫማ ያስሄደን። ከፈጣሪ ቀጥሎ ሁሉ በጁ የሆነ አርሶ አደራችን ህልውናችን ነው። ማዳበሪያውን ስጡት የሌላው ይብቃ የዚህ ስርቆት ይቅርባችሁ። ተገዛ ይገዛል አይደለም። የተገዛውን የገባውን በትክክክል አከፋፍሉት። ያለዛ በቅሎ ገመዷን በጠሰች። ለራሷ አሳጠረች እንዳይሆን።,1,0,0,0,0,0
amh_train_track_b_03504,Ethiopia አማራ ልዩ ኀይል ጋር ግጭት ቢጀመር የቀሪው ኢትዮጵያ ሚና ወቅታዊ ሀገራዊ ጉዳይ የኢትዮጵያ በጎ via,0,0,0,0,0,0
amh_train_track_b_03505,የጣሪያ ቆርቆሮ ሰረቁ የተባሉት የኡጋንዳ ሚኒስትር ፋሲካን እስር ቤት ሊያሳልፉ ነው,0,0,0,0,0,0
amh_train_track_b_03506,"እኔ ከንግግግሩ የተረዳሁት እሷ ወደ ሔደችበት ተከትሎ የሔደው እሱ ይመስለኛል , ከዛ በተጨማሪ ሁለቱ በትዳር እያሉ እሱ ነው ወደ ቤታቸው ይሔድ የነበረው ስለዚህ ለፀባይዋ አዲስ ነኝ ማለት አይችልም ,ከቀድሞ ባለቤቱ የተለየው ሁለቱ ከመለያየታቸው በፊት ከሆነ ለቀድሞ ባለቤቱ በደል ተጠያቂ አይደለችም ,በአጠቃላይ ወንድ ልጅ ፍላጎት ሳይኖረው በፍፁም ሴት ልታስገድደው አትችልም ለዛውም በኢትዮጵያ ኮንቴክስት!!!",1,0,0,0,0,0
amh_train_track_b_03507,በአንተስ ቁስል ተፈወስኩኝ ጌታ በፍቅርህ ተማረኩኝ ሞቴን ሽረኸው በአንተ ሞት ይኸው አቆምከኝ በሰው ፊት,0,0,0,2,0,0
amh_train_track_b_03508,በእድሜያችን ላይ ቀን በተጨመረልን ቁጥር የመዳን እድል እየተሰጠን ነው ኢየሱስ ክረስቶስ ዛሬም ያድናል ከሱ ውጪ መዳን በሌላ በማንም የለም ወደ ኢየሱስ ኑ ከዘላለም ሞት አምልጡ?,0,0,0,0,0,0
amh_train_track_b_03509,እንዴ፣ ናዝሬት ከተማ ከምኔው እንደዚህ ፎቅ በፎቅ ሆነች? በእውነት በጣም የሚገርም ነው!,0,0,0,1,0,2
amh_train_track_b_03510,ከዚህ ፊልም የገባኝ ነገርዮዛ ስግብግብ እና ገዘብ ወዳድ መሆኑዋንጉሉፈም ደሞ ቲቢተኛ እና እራስ ወዳድ ግን ጠካራ ኡመር አፍቃሪ ግን ሞኝጉሉሩ ቅመም አፍቃሪ እና ላባቱዋ ምርጥ ልይ እና ተባቃይ ናትአፍቃሪም ምርጥ ጓደኛም ናትጃይዴ ሃፍታም እና ድሃ የምንቅ ናትበቃ ትምርት አለው ግን ዝብርቅርቅ ያለ ሆነ,0,0,0,0,0,0
amh_train_track_b_03511,ጉራጌ ሀጌሬ ብሎ በደከመላት፣በለፋላት፣ባሳደጋትና ቀና ባደረጋት ሀገር ላይ የበይ ተመልካች ሆኖ መኖር ይበቃዋል። ለውጡን ተቀብሎ በመደገፉ በደል ሊበረታበት አይገባም!,2,0,1,0,0,0
amh_train_track_b_03512,አቢቹ አባ ቢያ አባ መላ ይምራ ልብ እየጠበበ ጨጓራ እየሰፋ ትልልቅ ሰው በዝቶ ታላላቅ ሰዉ ጠፋ እየቀጨጨ አንጎል ትከሻ እየሰፋ ታዋቂ ሰዉ በዝቶ አዋቂ ሰዉ ጠፋ ሞፈር ቀንበር ጥሎ ክላሽ ተሸካሚ እድገት ተፀይፎ ጦርነት አላሚ በዳር መሀል ሀገር እንዳሸን ቢፈሉም አቢቹን ከራዕዩ ሊያስቆሙት አይችሉም ምቀኞች ሲጮሁ በዩቲዩብ ሜዳ ላይ አቢቹ እየሰራ ከፍ አለ ወደ ላይ ኢትዮጵያን ለማፍረስ ቢደክሙ ቢለፉ የሚከተላቸው ያው ጅላንፎና እንከፉ መተዛዘ,0,0,0,2,0,0
amh_train_track_b_03513,መልካም፣ ደስ የሚያሰኝና ፍጹም የሆነውን የእግዚአብሔር ፈቃድ ምን እንደ ሆነ ፈትናችሁ ታውቁ ዘንድ በአእምሯችሁ መታደስ ተለወጡ እንጂ ይህን ዓለም አትምሰሉ። ሮሜ 122 NASV,0,0,0,0,0,0
amh_train_track_b_03514,እነዛ አስከሬናቸው እራቁተታቸውን በሲኖ ትራክ ተጎትቶ እንዲጨፈለቁና እንዲገደሉ የተደረጉ የሰሜን እዝ ወታደሮች ደም ፣ጭና ላይ የተደፈሩ ሴቶችና እናቶች ግፍና እንባ ሳይደርቅ ክህደት ቦኩሉ ለጊዜ።,1,0,2,0,0,0
amh_train_track_b_03515,ለመሆኑ ሽብርተኛ ዓራት ኪሎ ያለው ኤርትራ መንግሥት አማራ ተስፋፊ ነው ወንስ ህውሃት ነው ትንሽ እፍረት ሰብአዊነት ንቅላት እንደ ሰው ይኑራችሁ ማፈያ ሁሉ,1,1,0,0,0,0
amh_train_track_b_03516,አንድ ሰው ለዛች ለተጨነቀች ሴት ብሎ ቢያስበኝ ሀሳቤ ይሳካልና አትለፉኝ ጭንቅ ብሎኛል አለ አይደል ነገሮች ተደራርበውብኛል የሚነገርው ከአጠገቤ ሰው የለም የእውነት የሚያዳምጠይኝ ሰው ፈለኩኝ አብዛኞቹ የማቃቸው ሰው የተሻለ ሀገር ስለኖሩክ ችግር ጭንቀት ያለብኝ አልመስላቸውም ስለነሱ ነው የሚያወሩኝ,0,0,2,0,1,0
amh_train_track_b_03517,አላህ ሰብሩን ይስጣቹ ያማል በጣም 😭😭😭,0,0,2,0,0,0
amh_train_track_b_03518,21 አመት ያገለገላቸውን መከላከያ ሰራዊት ያለ ርህራሄ ያረደው አረመኔው ወያኔ ዛሬ አንገታቸውን ደፍተው  ቢኖርም አሁንም የማይታመኑ ናቸው ጀግናው የመከላከያ ሰራዊታችን ግን ወንድምና እህቶቻቸውን ቀብረው በእልህ አገራቸውንና ሕዝባቸውን እያሰከበሩ ይገኛሉ ክብር ይገባቸዋል ክብር ለንጥሩ ወርቅ መሪአችን ክብር ለኢትዮጵያን ወዳድ ሕዝብ ሞት ለጫካው አውሬጄውሳ  ሸኔ ፀረ አገሮች,1,1,0,0,0,0
amh_train_track_b_03519,በድጋሚ እንኳን ደስ አለሽ መዓዚ ኤርሚ ግን የት ጠፋ,0,0,0,2,0,0
amh_train_track_b_03520,እንኳን ደስ አላችሁ ኢቢሲዎች ጠቅላይ ሚኒስትራችን በሄዱበት እጃቸዉን ለሰምታ ሲዘረጉ ሲያሳቅቋቸዉ እያየን ስንናደድ እናንተም ለሰዉ የምታቀርቡት ምስል አጥታችሁ ስትሳቀቁ ቆይታችሁ ዛሬ ጥሩ አቀባበል ስጣ ደስ አላችሁ አሷኑ ሙሉዋን ፕሮግራም አደረጋችኋት እሰይ አሰይ ደስ ብሎናል አንኳን ደስ አላችሁ አረ እንዳዉ ቀን ሙሉ ሌሊትም ጭምር አሳዩት,0,0,0,2,0,0
amh_train_track_b_03521,ምን አይነት አውሬ ነው የተለቀቀብን!,0,1,0,0,0,0
amh_train_track_b_03522,ከምናወራው እንደው ጥቂቷን ብንኖራት ባይ ነኝ ይሄ የሱን ደጋፊዎችም ያካትታል ድንገት ተነስታቹ ልደቱ ልክ ነበር ልደቱ እንዲህ ነበር ልደቱዬ ላንተ ከሆነ ልሂድ በግንባሬ እምትሉ ሰዎ,1,0,0,0,0,0
amh_train_track_b_03523,አማራ አመራርነኝ የሚል ሁሉም በታሪክ ተወቃሾች ከመሆን ከማይታረመው ኢህአዴግ ብልጽግነዎች በማግለል መከራ ከሚቀበለው ጎን እንድትቆሙ ጥሪአችን ነው የአማራ ህዝብ,1,0,0,0,0,0
amh_train_track_b_03524,ለአንዳንድ መራራ ክኒኖች ከውሻነት ይልቅ አጽንዖት የተሰጠው ስምምነት መዋጥ አለበት። የሁሉም ወገን ቅንዓት ተችቷል። የ hullabaloo ዋስትና ለመስጠት,0,1,0,0,0,0
amh_train_track_b_03525,መከላከያ የኢትዮጲያ ኩራት የህዝብ አሌኝታ ለሀገር መከታ ነዉ።,0,0,0,0,0,0
amh_train_track_b_03526,ቅዳሜ ወደ ዱባይ ልበር ነው አግብቼ ልጅ በመውለጃዬ ሰአት ድጋሜ ስደት ማርያምን በጣም ነው የከፋኝ,0,0,3,0,0,0
amh_train_track_b_03527,woww የሚለው ቃል አይገልፀውም የታርክ ፍሰት የአርቲስቶች ትወድና የድምፅንስ የቪዲዮ ጥራት ዋውው ዋውው የውጪ አገር ድርማ የማየው እየየሰለኝ ነው የኢትዮጵያ የአርቲ ብቃት የሚገልፅ አቅም ያለው ተከታታይ ድራማ በህግ አምላክ ግሩም ናችሁ ታላላክ ተወዳጅ አርቲስቶች ለዘመናት ባካበቱት ልምድና እውቀት ድራማ ሆነ ፍልም መሰራት ካልቀረ እንደዚህ ነው እንጂ የመክፈቻ ና መዝጊያ ሙዝቃ ሳውንድ ጥራትና ምርጫ ዋው ነው,0,0,0,3,0,0
amh_train_track_b_03528,ስጋት አይገባኝም እኔስ በየሱሴ አምናን አልፌ ነው ዘንድሮን መድረሴ ለነፍሴ መድሐኒት መጠጊያ ሆኗታል እንደትናንታናው ነገም በርሱ ያልፋል ይ ረ ዳ ኛ ል አምነዋለሁ! ያ ግ ዘ ኛ ል አምነዋለሁ! በባህሩ መሀል ታንኳዬ ተናውጣ በጭንቂቱ ሰዐት የሚያግዝ ሲታጣ ድንገት ደርሶ ማእበሉን ገሰፀው ይሄ እየሱስ ኧረ እንዴት ድንቅ ነው እኔም ትናንና ይሄን ስላየሁኝ ለነገውም እሱን ተስፋ አረኩኝ,0,0,0,1,0,0
amh_train_track_b_03529,እስኪ ኮመንቶች ንገሩኝ ሻርጃ ውስጥ ያላቹሁ እንዴት ነው መያዝ አፈሳው በረድ አላለሞይ እስኪ በፈጣሪ ንገሩኝ ጨንቆኛል በፍርሀት ልሞት ነው,0,0,0,0,3,0
amh_train_track_b_03530,የእስራኤል በደል ለፋልስጤም ብቻ አይደለም አለም ላይ ያለው ግጭት የእስራኤል እጅ አለበት ምክንያቱም አላህ የከዱ ናቸው አመፀኛ ናቸው እራስ ወዳድ ናቸው ስግብግብ ናቸው እውቀታቸውን ለተንኮል ነው የሚጠቀሙት ድል ለፋለስጢን።,0,2,0,0,0,0
amh_train_track_b_03531,ገነነ  እግዝኣብሔር ነፍስህን ይማረውመታመምህን ሳንሰማ ሞትህን መስማታችን እጅግ በጣም ያሳዝናልትልቅ ሰው ኣጣን ተደምጦ የማይጠግብ በሙያው የሚሰጠው ስፖርታዊ ትንታኔከሙያው ጋር የተያያዘ ስፖርታዊ ቃለመጠይቆች የማይጠገቡ ናቸው ብዙ መስራት በምችልበት ሰዓት ይህንን ትልቅ የስፖርት የታሪክ ሰው አጣን,0,0,3,0,0,0
amh_train_track_b_03532,የግርማ ገዳይ አጎትሽ የአማራን ደም መጠጣት የለመደው ነው የወለጋውን ጭፍጨፋ ፈፃሚዎቹ ወገኖችሽ ጻድቃን ናቸው አይደል ማፈሪያ,0,2,0,0,0,0
amh_train_track_b_03533,አቢቹ አባ ቢያ አባ መላ ይምራ በምስራቅ አፍሪካ በቢሾፍቱ ሰማይ አለም ተደነቀ ያልገመተውን ሲያይ በዕለተ ቅዳሜ ጠላት ተሸበረ ኤትዮጵያዬን ሊያፈርስ አብሮ የመከረ ጉድ ፈላብህ ጠላት ሀገሬን ብትደፍር ጀግኖች ፓይለቶቿ አያውቁም ድርድር ይደባልቁሀል ከትቢያው ከአፈር ፈርሶ የነበረው የአየር ሀይላችን በትንታጉ መሪ ዳግም ነፍስ ዘራልን ሰማዩ የኛ ነው የሚል መርህ ይዘው ጀግና አብራሪዎቿ ባንዲራዋን ይዘው አረንጓዴ ቢጫ ቀይ ቀለም በትነው የአየር,0,0,0,2,0,0
amh_train_track_b_03534,ልጆች በሚጠቀሟቸው የቆዳ ቅባቶች ይዘት ላይ ወላጆች ቁጥጥር እንዲያደርጉ ማሳሰቢያ ተሰጠ,0,0,0,0,0,0
amh_train_track_b_03535,አቶ ታየ እዉነት በመናገራቸዉ ብቻ ነዉ ለእስር ያበቃቸዉ አይ ዲሞክራሲ ያሳዝናል ሀገራችን,0,0,2,0,0,0
amh_train_track_b_03536,እኔ የለሁበትም። እንኳን ጠፈር መሬት ላይም አደገኛ ነው አተር። ግን ማነው በአተር የሚኮራው? አኩሪ?,0,0,0,0,0,0
amh_train_track_b_03537,ተው እንጂ ? ጠላቶቻችንስ ከዚህ የከፋ ምን ያደርጉን ነበር ? መቸም ሰው በብሔሩ ለይተው አይጨፈጭፉም፣ ከአንድ ክልል ተነስተህ ወደ ዋና ከተማ ለመግባት መንገድ አ,2,0,0,0,0,0
amh_train_track_b_03538,ኦሮሞ ምንም ፍቅር የማያውቅ ሀይማኖት የሌለው ነው,0,3,0,0,0,0
amh_train_track_b_03539,በጣም ያማል ልብ ይሰብራል ኡፍፍፍ የኔ እናት እግዚአብሔር መጨረሻሽን ያሳምርልሽ,0,0,3,0,0,0
amh_train_track_b_03540,ሴት ማን ሊሆን ነው😵 ደነገጠ እኮ አምሌኬ ድረስ🙆‍♀️ሁለት አንድ አይነት😆,0,0,0,0,0,0
amh_train_track_b_03541,Wow wow wow በዚህ ዘመን እንደዚች አይነት ጨዋ ፡ታማኝ ሚስት ማግኘት በራሱ ለኔ እንደገና መፈጠር ነዉ። ስንታ ጋለሞታ ቅንዝራም አለች አይደል የባሏ እግር ገና ከቤት ከመዉጣቱ በባሏ አልጋ ላይ ከማንም ጋር ስትዳራ እና ስትልከሰከስ የምትዉል። አቤት ስንቱ እድለኛ ሰው አለ,0,0,0,1,0,1
amh_train_track_b_03542,ወደድክም ጠላህ ፈራሹ ፣ደም መጣጩ ኦነጉ ከወያን የበለጠ አደገኛ ውድቀት ይወድቃል።,1,2,0,0,0,0
amh_train_track_b_03543,አንተ መሀይም አትወጣም ከዚ ዘርማንዘር አይቶ የማያቀውን ስላየህ ነው ሀገር የፈረሰ የመሰለህ ይልቁንስ ፈጣርህን እድሜ ስጠኝ ብለህ ለምን ብዙ ነገር ስለምታይ,0,1,0,0,0,0
amh_train_track_b_03544,ጌታ ሆይ የትንቢት መፈፀሚያ አታድርገን።ወላጅ እናት ልጃ ላይ በዚህን ያህል ግፍ ከሰራች ለልጃ ከለላ ካልሆነች ለልጆቿ ልጆቼን ከክፉ ነገር ሰውርልኝ ብላ ካልፀለየች : የእርኩስ መንፈስ ማደሪያ ሇናለች ማለት ነው። በጣም አስተዋይ ልጅ ናት እግዚአብሔር ይርዳሽ የኔ ልጅ,0,0,2,0,0,0
amh_train_track_b_03545,አለም አድሎአዊ ናት ፍትህና ፍርድን ከሷ አንጠብቅም ነገር ግን ህዝባዊ ማዕበል ይበላዋል ይህንን የደነቆረ ቀውስ ሰውዬ,0,2,0,0,0,0
amh_train_track_b_03546,ልጅ አለምነህ መጀመርያ ለምን ጦርነቱን የጀመሩ እነሱ ያሳዝናል እግዚአብሔር ሰላምን ያምጣ,0,0,2,0,0,0
amh_train_track_b_03547,Biruk Abera ዘረኝነት ምንድነው ዘረኝነት ሰትል አንተም እኮ በሌላ ዘረኝነት ቆመህ ነው,1,0,0,0,0,0
amh_train_track_b_03548,በኢየሩሳሌም የነገሠው፣ የዳዊት ልጅ፣ የሰባኪው ቃል፤ ሰባኪው፣ “ከንቱ፣ ከንቱ፣ የከንቱ ከንቱ፤ ሁሉም ነገር ከንቱ ነው” ይላል። ከፀሓይ በታች ከሚለፋበት ተግባር ሁሉ፣ ሰው ምን ትርፍ ያገኛል? ትውልድ ይሄዳል፤ ትውልድ ይመጣል፤ ምድር ግን ለዘላለም ጸንታ ትኖራለች። ፀሓይ ትወጣለች፤ ትጠልቃለችም፤ ወደምትወጣበትም ለመመመለስ ትጣደፋለች። ነፋስ ወደ ደቡብ ይነፍሳል፤ ወደ ሰሜንም ይመለሳል፤ ዞሮ ዞሮ ይሄዳል፤ ዘወትርም ወደ ዑደቱ ይመለሳል። ወ,0,0,0,0,0,0
amh_train_track_b_03549,ፈሳም። ምድረ ቅዘናም! ገና ብዙ ሰርፕራይዝ ታያለህ። ምነው? የፊውዳሎች ቤተመንግስት ይረሳል ብለህ ሰጋህ? ገና ገና ብዙ ፕሮጀክቶች አሉ።,0,3,0,0,0,0
