text_id,text,Joy,Surprise,Sadness,Anger,Fear,Disgust
darija_1_00001,#SocialMediaNight #HananeElKhader hnan bnt bladi ya fakhr lmaghrib nti w ihab khlikom jmi3 wkhadmo mzn whna m3akom ghniwli rifi mwah 3likom,3,0,0,0,0,0
darija_1_00002,الفتح حتى هو تأهل واخا خسر,0,1,0,0,0,0
darija_1_00003,سبور جورنالات بلادي2: غير مشا الزاكي عدد من المحترفين رجعو للمنتخب وها شرط لرونار للإشراف على الأسود والحافيظي يغادر الرجاء,0,0,0,0,0,0
darija_1_00004,ana radya b hyati mali w malkoum,1,0,0,1,0,0
darija_1_00005,دنيا باطما تترك الغناء وتقتحم عروض الأزياء,0,1,0,0,0,0
darija_1_00006,الصهد دالمعقول جاي فالطريق. مديرية الأرصاد الجوية تُحذر: راه الحرارة غادي توصل حتى لـ44 درجة مائوية,0,0,0,0,2,0
darija_1_00007,kawtar wala ana jananitni et sa robe kterrr chique woww,2,2,0,0,0,0
darija_1_00008,@user Ana bghithoum ikhsro bjouj ki ndir???,0,0,0,1,0,1
darija_1_00009,hbiba rajae enty machi f dak al mostawa dyal kenza li2anaha 3ayrat lik bladek al maghreb iwa fi9i,0,0,0,1,0,0
darija_1_00010,"واش غانعيشو انقطاع فالگاز والمازوط.. وزيرة الطاقة: المخزون لي عندنا كافي لـ26 يوم فقط وها التفاصيل,",0,0,0,0,2,0
darija_1_00011,ومشينا بعيد. المغرب يستدعي سفير اميركا في الرباط وها علاش وماشي الفعفاع اللي استقبلو: ما جاء في بيان الخارجية الامريكية اهانة للمغرب,0,0,0,2,0,0
darija_1_00012,غلاب والخلفي يبحثان عن الفرجة التلفزيونية لأنشطة البرلمان، ويحضران على نار هادئة لإنشاء قناة برلمانية متخصصة,0,0,0,0,0,0
darija_1_00013,@user @user khti diri follow na3tik lhissab dyali sawti bih,0,0,0,0,0,0
darija_1_00014,خاص..فضيحة اخلاقية تهز مؤسسة تعليمية بقصبة تادلة والتلاميذ يحتجون ونيابة التعليم تتدخل,0,0,2,0,2,0
darija_1_00015,عامين دالحبس للشابين لي صورو البشير السكيرج والتهمة « السرقة »,0,1,0,0,0,0
darija_1_00016,واقيلا القضية بدات كتزير للكور للي كيكلسو هنا بصفة غير قانونية و كيخدمو فالنوار، و فالصراحة مزيانة فيهم,0,0,0,1,0,0
darija_1_00017,عاجل. البوليس استامع للبشير سكيرج وكيقلب على ثلاثة دالمتهمين فقضية الفيديو,0,1,0,0,0,0
darija_1_00018,الله أزيدكوم عداب في عداب',0,0,0,3,0,0
darija_1_00019,fkhbark haada li tmad7ii fih rah 3ayr lmagghrib,0,0,0,2,0,0
darija_1_00020,a ghir mwensahoum wellah 😂😭😂😭 w brasserie la cigale in casablanca grand casablanca,2,0,0,0,0,0
darija_1_00021,المغرب دولة إسلامية موحدة رغم أنف كل أصحاب الفتن      #لا_للفتنة      #نعم_للأمان,0,0,0,1,0,0
darija_1_00022,"بسباب استمرار الأزمة فأوكرانيا.. ثمن البترول طلع لأعلى مستوى ليه منذ 3 دالسيمانات,",0,2,1,0,1,0
darija_1_00023,الحصيلة الوبائية لكورونا فالجهات هاد الصباح: 203 تصابو فبؤرة آسفي و62 فكازا و37 فالعيون,0,0,2,0,2,0
darija_1_00024,مشكورة انا والله يوفقك و',2,0,0,0,0,0
darija_1_00025,انفراد. ها اسماء العمال ورجال السلطة لي عيطو ليهوم,0,0,0,0,0,0
darija_1_00026,البوليس بدا كيرد الصرف. إيقاف امرأة في حالة سكر حاولت إرشاء عناصر الأمن بمراكش,0,1,0,0,0,0
darija_1_00027,محجوبة المسنة لقاضي التحقيق : مصطفى للي اغتصبني قضيبو قد ديال لحمار” والقاضي طلب المعاينة,0,0,2,2,0,2
darija_1_00028,@user hana rada nwari mak ya l9hba ya 9lilt l asslal bnt zna9iii blokkk b nabhii bohdak 9ahbaaaaa 3ahira khkhkh bay hhh,0,0,0,2,0,0
darija_1_00029,wach katntadri mna nssaf9ou liik chej3iha f tissaaaa3 madam baghana n3tiwk tissaaaaaaaaaaaaaaa3,0,0,0,3,0,0
darija_1_00030,: ها علاش مكنقراوش للقصص للاطفال قبل النوم😂😂😂,2,0,0,0,0,0
darija_1_00031,#HananeElKhader #socialmedianight Bent bladi ofakhrna db bghina la9ab hna farhanin bik darbi orakzi 3la eval osam3i nasa2ih lasatida.ghnili,2,0,0,0,0,0
darija_1_00032,"هنيئا لك يا عالمي نحن فخورون بك جدااا جدااا جدااا ... جدااا """""""""""""""" مبرووووووووووك الربحة الليلة الفرحة'",3,0,0,0,0,0
darija_1_00033,"“الأو سي بي” جنبات المغرب تعديل قانون المالية وعتقات ميزانية الدولة وضخات 8.1 مليار درهم فالخزينة,",0,2,0,0,0,0
darija_1_00034,تحياتي أستاذة منيب,1,0,0,0,0,0
darija_1_00035,كوريا الشمالية ردات رسميا على اتهام واشنطن لها بتزويد روسيا بالأسلحة,0,0,0,0,0,0
darija_1_00036,عاجل. النيابة العامة تثقل الكاريكاتيريست خالد كدار بتهم خطيرة وتقرر متابعته في حالة سراح,0,1,2,0,0,0
darija_1_00037,اختناق كبير فلوطوروط فمداخل كازا بسباب قرار الاغلاق الغبي اللي خداتو الحكومة.. بلوكاج طوطال وصدور الناس ضاقت قبل العيد,0,0,0,3,0,0
darija_1_00038,عموتة عيط لـ3 لعابة جداد لمعسكر المحليين,0,0,0,0,0,0
darija_1_00039,اعتقال متظاهرين في تنغير وها علاش,0,0,0,2,0,0
darija_1_00040,hhhhh hania aslan gheda khedam b lil kansbe7 na3es 😂😂,1,0,0,0,0,0
darija_1_00041,الفقر والجوع والغلاء البطالة السبب الرئيسي في فاجعة الصويرة وغيرها',0,0,3,2,0,0
darija_1_00042,"حصلو بسباب الارتشاء.. التحقيق التفصيلي غادي يبدا مع كَرايدية فالبوليس فمحكمة الاستئناف بفاس,",0,2,0,0,0,0
darija_1_00043,هاد السيد واعر عندو مهارات مكيناش عند رونالدو مي عندو السرعة زيرو',0,0,0,0,0,0
darija_1_00044,حرب الطرق فالمغرب حصدات 11 قتيل و1737 جريح فأسبوع,0,0,3,0,2,0
darija_1_00045,تجارة الدين   الوزارة أدرى بالمقر,0,0,2,0,0,0
darija_1_00046,عدد اللي تشافاو من كورونا مازال فخط تصاعدي. 233 ف16 ساعة وعدد الاصابات شوية طلع ووصل ل44,0,0,0,0,2,0
darija_1_00047,الى كانوا هدو هم الاوباش. فانا وبش مثلهم وافتخر. العز والنصر لناس الحسيمة ريافة الحرار. الله ينصركم,0,2,0,0,0,0
darija_1_00048,awal soal kanjawb 3lih khatae o marbaht ta no9taaa hhh,0,0,0,0,0,0
darija_1_00049,عثمان ناصري يتمنى لكم سنة سعيدة من قرية بامحمد محليات خاص بالقرية بامحمد مهرجان السنوسية في دورة الخامسة,2,0,0,0,0,0
darija_1_00050,fachh chafoo wala wahd kayhdar m3aha 3ad bdaww omn ha9homm hit kifma 3ziza 3lik bnt,0,0,0,0,0,0
darija_1_00051,@user wana ghanji nriyeb lik l7afla ndir chwiya dial hooliganisme,0,0,0,0,0,0
darija_1_00052,بفف 5 سنوات اخرى من سرقة وطحن ابناء الشعب في طاحونة الميزانية,0,0,3,0,0,0
darija_1_00053,الشركات في الدول المتقدمة تساهم في بناء أوطانها بدفع الضرائب وفي بلدنا العزيز الشركات تطلب من الدولة أن تخدم عليها؟,0,0,0,0,0,0
darija_1_00054,جريمة.. كوپل شينوي باعو 5 من ولادهم,0,2,0,0,0,0
darija_1_00055,مروى مرات حمزة منديل كتعدد النعم لي عايشة فيها -تصاور,1,0,0,0,0,0
darija_1_00056,حديقة حيوانات ولازال هنالك اناس لا يؤمنون بنظرية التطو',0,0,0,0,0,0
darija_1_00057,أول مرة غنشوف شي يوتوبوز مغربية بمحتوى مفيد و رائع فيه احترافية تبارك الله عليك عفاف 💙❤﻿',3,0,0,0,0,0
darija_1_00058,"@user @user sob7an lah t7arar wlala ach dakhlok ? 3lach dakhlin chbo9na ?? kola ydkhal so9 jwah w baraka man ramy somom,7tarmi",0,0,0,2,0,0
darija_1_00059,ريزو ديال الشفارة فمراكش طاح ف يد البوليس وهاشنو لقاو عندهم,0,2,0,0,0,0
darija_1_00060,ارتفاع عدد الموقوفين لي طيحهوم الرقم لي دارت النيابة العامة للتبليغ عن الرشوة وآخر متهم تشد اطلع مقدم (+وثيقة),0,1,0,0,0,0
darija_1_00061,من بعد أشهر ديال الفراق.. الكوميدي “والاس” عايش الحب والرومانسية مع مراتو وصال ومستمتعين بجمال المغرب -تصاور,3,0,0,0,0,0
darija_1_00062,غاديين وقفوا لبلاد كاملة على قيبال حساباتهم السياسية التافهة بحالهم.التغطية الصحية للوالدين متوقفة لهذا السبب,0,0,0,2,0,0
darija_1_00063,مبروك علينا كمغاربة إلتحاق ولاد عادل الميلودي بباهم للغناء ودابا يمكن ليه يعتازل وهو مطمئن أنه خلى خير خلف لخير سلف وأن الدرابو غادي يبقى مهزوز من حلوف حتى لبير الرامي,2,0,0,0,0,0
darija_1_00064,live men studio chi haja apare lmixtape 🎤🎵🎧🔊 sahararecords,2,0,0,0,0,0
darija_1_00065,مندوبية السجون: المعطي منجب علمنا شفويا أنه دخل دابا ف إضراب على الماكلة وحاولنا نقنعوه باش يوقفو و مابغاش,0,2,2,0,0,0
darija_1_00066,مجلس جهة العيون غايدير منطقة صناعية ولوجيستيكية بجماعة المرسى,1,0,0,0,0,0
darija_1_00067,@user @user Hhhhhhhhhhhh bual hna kaybi3u lblaghi b 2000dh lles touristes,0,3,0,0,0,0
darija_1_00068,svp imkan n3arfo mnak imta ghadouz had l7al9a,0,0,0,0,0,0
darija_1_00069,"@user rh8 rah l winners hedrat 3lih f communiqué, karti f kola match kanbqaw n3ayroh, kourdi bla matjbdo @user",0,0,0,1,0,0
darija_1_00070,تحية لاهل الحسيمة,2,0,0,0,0,0
darija_1_00071,@user nti li galsa kad7ki goli hashtag man 3andak 🙄😤😂😂😂🏃,0,0,0,2,0,0
darija_1_00072,نصف سكان أكادير حضروا سهرة سعد المجرد,2,0,0,0,0,0
darija_1_00073,ohowa ghiir kikdeb hit ibtissam hawa mina 9rib liha okihdar m3a kenza o chirine yahiya o doaa,0,0,0,0,0,0
darija_1_00074,روسيا كتدرس مشروع منع تصوير الكتوبة بالتلفون باش تحافظ على الملكية الفكرية,0,0,0,0,0,0
darija_1_00075,أميرة في النرويج تخلات على اللقب ديالها باش تخدم مع خطيبها في هاد المجال,0,3,0,0,0,0
darija_1_00076,اعتقال ضابط دالبوليس فـ فاس حصل متلبس بالرشوة,0,2,0,0,0,0
darija_1_00077,توقف اشغال مؤتمر البام. المؤتمرين ماخلاوش سمير كودار يدير الكلمة وقالو ليه ارحل واشارات لانه ماباغيينش وهبي,0,0,0,2,0,0
darija_1_00078,شبكة للابتزاز الجنسي عبر الفايسبوك تثير الرعب وسط تلميذات بالبيضاء,0,0,0,0,3,2
darija_1_00079,كرايدية في الأمن داو ليها 100 مليون من الفيلا ديالها في الهرهورة,0,2,0,0,2,0
darija_1_00080,جريدة فاشلة',0,0,0,2,0,0
darija_1_00081,شكون غادي يكون هاد الستاتي مفسد في الارض وبغيتي تريكتو تخرج صالحة يمهل ولا يهمل صدق الله العظيم وباقي ماشفتي والو ياموسطاش الكلب',0,0,0,3,0,2
darija_1_00082,بعد عشر سنوات على الجريمة. محكمة ايطالية ضربات جوج بوليس ب8 شهور دالحبس بسباب عدم تقديم مساعدة لمغربي,0,0,0,0,0,0
darija_1_00083,dani dito walah makhalito dito o dani wallah makhalini dani dani dito wallah makhaito dito o dani rah howa zmani #رافاييل_نورت_تويتر,2,0,0,0,0,0
darija_1_00084,من بعد ألمغاربة من بعد',0,0,0,0,0,0
darija_1_00085,الكلاب المدربة شمشات على كمية مهمة من لحشيش وكانت مخبعة فنفاخات (صور),0,2,0,0,0,0
darija_1_00086,habibtna ya ghadoch wach 3andak chi a3mal o imta gha diri jayartk lil lmagheribb,1,0,0,0,0,0
darija_1_00087,علاش ماينقدوهش كون كانت دولة أوربية كون نقدوه ..شحال ديال البشر وغير كيصور وكيتفرج. .شعب مكلللخ,0,0,2,2,0,0
darija_1_00088,إنه الدب الروسي بارع في فنون الحرب،وكذلك مبدع في فنون السياسة(إسترجاع القرم إلى حضن الوطن),1,0,0,0,0,0
darija_1_00089,ها أقصر وأطول ساعات الصيام فبلدان العالم,0,1,0,0,0,0
darija_1_00090,التكنولوجيا القاتلة. صراع حول الحاسوب يدفع طفل قاصر إلى الانتحار بفاس‏,0,2,3,0,0,0
darija_1_00091,داعش يعدم قائدا أمنيا مغربيا بصفوفه فشل في تأمين حياة قيادي عسكري بارز بالتنظيم,0,0,2,0,3,2
darija_1_00092,صدق من قال بن كيران أحسن رئيس حكومة مند الاستقلال  تحياتي لك .',1,0,0,0,0,0
darija_1_00093,@user Aji had lyamat kayn wa7d Can -23 Fin howa lmghrib ???,0,0,0,0,0,0
darija_1_00094,واسي العدالة اش غاديروا مع صندوق النقد الدولي تبيعونا ليهم,0,0,0,2,0,0
darija_1_00095,ana kan7awl nfhm stat stat,0,0,0,0,0,0
darija_1_00096,هيفاء وهبي بـ”هوت شورت” في بوستر أغنيتها الجديدة,0,0,0,0,0,0
darija_1_00097,حياتي انتظر اغنيتك بفارغ الصبر وراح يكون احلى يوم واخيرا من بعد غيبة طويلة راح ترجع تنور شاشات Tv ومواقع التواصل باغنيتك الرائعة',3,0,0,0,0,0
darija_1_00098,المحكمة لاحت الصحافيين المتابعين لجلسة توفيق بوعشرين للتوش وبعداتهم على متابعة أشغال الجلسة,0,0,0,0,0,0
darija_1_00099,الجامعة وقفت عدد من اللعابا فالبطولة وضربت فراقي بالخطية,0,0,0,1,0,0
darija_1_00100,صورة لأب يحتضن ابنته المغربية ويضع يديه على مؤخرتها تفجر ضجة في “الفايس”.. والفتاة ترد: نحن مقربان جدا (صورة),0,2,0,2,0,2
darija_1_00101,كلشي متابع بتهم تصوير شخص دون إذنه.. القضاء أخر جلسة محاكمة عماد استيتو وعمر الراضي فقضية نزاعهم مع صحافيين,0,0,1,0,0,0
darija_1_00102,احتجاج بالسوتيامات ف الصين عى اعتقال سيدة تهموها ضربات بوليسي بأثداءها,0,2,0,0,0,0
darija_1_00103,وضعية صعبة في جبال جزر الوقواق !!ليس في هذا البلد مثل هذه الضروف .',0,0,3,0,0,0
darija_1_00104,نصاب خاص. أسس مقاولات وهمية باستعمال بطائق وطنية لأشخاص متوفين ونصب على خمس شركات في 2 ملياري سنتيم,0,2,0,0,0,0
darija_1_00105,إضراب. مدن الفوسفاط على صفيح ساخن بعد دعوة إلى إضراب ابتداء من يوم غد,0,2,0,0,0,0
darija_1_00106,ouiiiii fa9ssounii hadak rapha ra khatirrr howa w 3abas mn lawal mahmalthomch,0,0,0,2,0,0
darija_1_00107,كلنا #حسن #فكري,0,0,0,0,0,0
darija_1_00108,الجدرامية طيحو اللي شفر موكحلة صيد والقرطاس والوكيل صيفطو للبنيقة,0,0,0,0,1,0
darija_1_00109,انفراد : شباط هو من أنقذ الأغلبية في التصويت على قوانين إصلاح التقاعد، وها القالب لي دار الفريق الاستقلال باش يدوزو المشروع، ونقابة الاتحاد المغربي طلع معهم القالب حيث انسحبوا,0,0,0,0,0,0
darija_1_00110,ضربة اخرى للمرأة. “دوزيم” تمنح برنامجا دينيا لعالم دين يجيز ضرب الزوج لزوجته!,0,0,0,2,0,3
darija_1_00111,البوليس تيراو بالقطراس على مجرم خطير شرمل عباد الله وهرّسْ الطنوبيلات بـ”مقدة” +صور حصرية,0,0,0,0,3,0
darija_1_00112,تحالف الأغلبية وحزب الاستقلال حيد الأمازيغية ف الفلوس,0,0,0,0,0,0
darija_1_00113,الحب المثالي. أمريكي أدمن البيتزا لعشرة سنوات فردت له الجميل وأنقذت حياته في نهاية المطاف,0,3,0,0,0,0
darija_1_00114,"معبر باب سبتة ماغديش يتفتح اليوم.. مزال خاص شي أيامات أخرى عاد تكون السلطات الإسبانية واجدة,",0,0,0,0,0,0
darija_1_00115,مغربية محيحة ف «ذا فويس» فرنسا (فيديو),2,0,0,0,0,0
darija_1_00116,@user ahna kanabriwak bzf ofarhanin hit t3arafna a3lik wanta star banasba lina,1,0,0,0,0,0
darija_1_00117,ميسي موعت.. وهذه مدة غيابه عن الملاعب,0,0,2,0,0,0
darija_1_00118,بوادر انفراج في ملف حراك الريف,0,0,0,0,0,0
darija_1_00119,حقيقة مرة لهذا أطالب و نطالب محاربة هذا الفكر بالإقتصاد و الدين و الإعلام',0,0,0,0,0,0
darija_1_00120,عائلة كتربح 4 ملايين دولار كل ساعة,0,3,0,0,0,0
darija_1_00121,الوزيرة الفرنساوية السابقة كريستيان توبيرا: هاذ الشي ديال تقليص الفيزات للمغاربة ماشي عقلاني,0,0,0,2,0,0
darija_1_00122,مفتش الشغل لادارة ميدي 1 تيڤي: ماموافقش على الطرد بالاسباب لي عطاوه والبلهيسي مشى للقضاء,0,0,0,0,0,0
darija_1_00123,ترتيبات فكازا استعدادا لزيارة ملكية مرتقبة,1,0,0,0,0,0
darija_1_00124,"لأول مرة من 2017 وبموازاة مع قمة النقب اللي حاضر فيها المغرب.. “داعش” تبنات هجوم إرهابي وسط مدينة فإسرائيل ماتو فيه جوج من البوليس,",0,0,0,2,3,0
darija_1_00125,qhertek yaki nti o f7alk hdrtk naqsa zayda ghir mo5lafat l7orob,0,0,0,2,0,2
darija_1_00126,الله أكبر القدس عاصمة فلسطين الأبدية و لقد فتحتم أبواب جهنم عليكم يا يهود',0,0,0,2,0,0
darija_1_00127,جورنالات بلادي 2. الإعدام لقاتل يهودي وزوجته بالبيضاء واحتجاجات الحسيمة تدخل البرلمان,0,0,2,0,0,0
darija_1_00128,القضاء يُوزّع 34 سنة سجنا نافذا في حق ال­متهمين بتعذيب المكنا­سية شيماء بكلية العل­وم,0,0,3,0,0,0
darija_1_00129,@user @user 7ta ana yalah 2 li sam3o mani,0,0,0,0,0,0
darija_1_00130,فقدان أكثر من 10 آلاف طفل بعد وصولهم أوروبا,0,0,3,0,0,0
darija_1_00131,بعدما غبرات على الساحة الفنية.. شذى حسون رجعات لجمهورها -فيديو,1,1,0,0,0,0
darija_1_00132,فصل ربيع ساخن. العلمي ومن معه يمثلون من جديد أمام قاضي جرائم المالية في فاس بتهم ثقيلة,0,1,0,0,0,0
darija_1_00133,ها هو أندر قرد فالعالم وها الفصيلة اللي تابع ليها وها فين عايش,0,0,0,0,0,0
darija_1_00134,@user hello it's me Baghi n9olik chi hadera wach katssem3inii ===== Love you Fatiii ♥♡♥♡♥,2,0,0,0,0,0
darija_1_00135,حكومة فاشلة المغرب عندو مشاكيلو خصو يدخل سوق راسو ',0,2,0,2,0,0
darija_1_00136,سنصوت على السي بنكيران إن شاء الله رجل الثقة بامتياز غير كونوا هانين,0,0,0,0,0,0
darija_1_00137,وانظر الى اسير فلسطين فأتعلم الحرية',0,0,1,0,0,0
darija_1_00138,اعتقال بوليسي طالياني كيسرق الباسبورات وكيعطيها لمغربي يزورها,0,3,0,0,0,0
darija_1_00139,حصيلة كورونا هاد السيمانة: 69 مغربي ومغربية ماتو وعدد الإصابات والحالات تحت العلاج ارتفع بزاف.. وها مناطق الخطر,0,0,3,0,2,0
darija_1_00140,الحب هو معجزة الكون. بعد 77 سنة على رفض والده زواج ابنه من حبيبته يرفض أبناءها زواجهما فقررا الهرب… وها آش وقع,0,3,0,0,0,0
darija_1_00141,بعد أشهر من الغياب.. نهيلة أبو حنيفة رجعات للمغرب من دبي وكيف حطاتها الطيارة مشات تاكل الخبز بالكاشير والفرماج -تصاور,1,1,0,0,0,0
darija_1_00142,الحجر الصحي الليلي ف رمضان.. رئيس الحكومة: قرار صعيب و ما بغيناش نحبسو الحركة د المغاربة فهاد الشهر ولكن فرضاتو الضرورة و الفيروس مازال كينتاشر,0,0,3,0,3,0
darija_1_00143,"بسباب تصويرو لمرا ولاحها ف”فايسبوك” بلا خبارها.. ابتدائية فاس ضربات شخص بـ6 شهور نافذة,",0,0,0,0,0,0
darija_1_00144,ماتفرزش شكون هي الام. أمريكية تلتقي بإبنتها بعد 82 عاما على فراقهما!,2,2,0,0,0,0
darija_1_00145,برلمانيو العدالة والتنمية يُعدّون مقترح قانون لتعديل معاشات البرلمانيين,0,0,0,0,0,0
darija_1_00146,b7al hadchii lli khasso yb9a yhat f hissabato machi sowar 3chwa2iyya,0,0,0,0,0,0
darija_1_00147,ana bghit nswal 3la had mosb9a rah mohima nn,0,0,0,0,0,0
darija_1_00148,نايضة في «الفايس» بسبب تفتيش بوليسيات لنساء كن في انتظار مرور الملك (فيديو),0,2,0,2,0,0
darija_1_00149,خسر الإصلاح و ربح صاحب اللسان المعسول',0,0,0,0,0,0
darija_1_00150,هذا استغلال !!',0,0,0,0,0,0
darija_1_00151,فالشعب غاضب',0,0,0,2,0,0
darija_1_00152,يا ربي تلطف بنا الله يرحم الناس لي ماتوا و يصبر اهلهم .',0,0,3,0,0,0
darija_1_00153,مغربي لقاضي إيطالي : حنا الراجل يصرفق مراتو عادي وراه ماشي عنف أسري والقاضي يرد : إندمج معانا بلا متستورد لينا ثقافتكم,0,2,0,0,2,3
darija_1_00154,hhhhhhhh haja limatchbeh molaha hraaam hhhhhh iwa khassna ghir nberdo bhal ibtissam,1,0,0,0,0,0
darija_1_00155,الصحراء المغربية بكل متحمل الكلمة دائماا المغرب #حتى يرث الله الأرض ومن عليها',3,0,0,0,0,0
darija_1_00156,شعبية ماكرون تراجعت بقوة في يوليوز (استطلاع),0,2,0,0,0,0
darija_1_00157,تنظيم “داعش” يُهدّد حسناء العراق شيماء قاسم,0,0,0,0,3,0
darija_1_00158,انفراد. خاص تعبئة وطنية ضد السعودية. اكثر من 50 مغربية شادينها فالسعودية بلا موجب قانون: طيحو عليهم الباطل هادوك المتخلفين ديال الامر بالمعروف وحنا ساكتين,0,0,0,2,0,2
darija_1_00159,"عائلة بنصالح ستحودات على “مصرف المغرب”. شراتو من الفرانسيس,",0,2,0,0,0,0
darija_1_00160,الحرب.. الرئيس بوتين سينا رسميا على قانون ضم 4 ديال المناطق فأوكرانيا,0,1,0,0,0,0
darija_1_00161,دراسة: هاد الشعب مابقاش عندو مع الجنس,0,2,0,0,0,0
darija_1_00162,“الكاف”: الوداد غادي يدخل العصبة باش يحافظ على اللقب ويربح البطولة 2 مرات متابعين,1,0,0,0,0,0
darija_1_00163,مشروع تكميم المغاربة.. المجلس الوطني لحقوق الإنسان كيوجد لجلسات حوار وفتح نقاش عمومي على حرية التعبير والصحافة,1,0,0,0,0,0
darija_1_00164,"مانويل ماكرون ومارين لوبين فالدور الثاني فالانتخابات الرئاسية ونهاية للاشتراكيين وضربة لليمين المحافظ,",0,0,0,0,0,0
darija_1_00165,من بعد صورة منال بنشليخة مع راجلها بالبيكيني.. شي عيالات متخلفات طيحو علينا الذل.. قاليك الراجل هو اللي يتحكم فالمرا ويغطيها بالشراوط وخاصها تطيعو وتخدمو.. أودي دخلو سوق راسكم !! عايشين بحال العبيد وبغيتو تفرضو العبودية على العيالات الحرات صحا,0,0,0,2,0,0
darija_1_00166,لفلوس شايطين على بنادم. ساعة ديال 200 درهم تباعت بمليار ونص وها علاش,0,3,0,0,0,0
darija_1_00167,الملك يعطي الانطلاقة الرسمية للموسم الدراسي الجديد ويطلق مبادرة “مليون محفظة” يستفيد منها 4 ملايين تلميذ,3,0,0,0,0,0
darija_1_00168,انتحار جماع­ي. 14 مريض بالقصور ال­كلوي رفضوا العلاج بكل­ميم احتجاجا على الظرو­ف المزرية‬,0,0,3,0,0,0
darija_1_00169,اش غدي اوقع كاع المغرب دولة قوية والحد لله بملكه وجنوده شعبه كلنا مع الوطن وعاش الملك .,2,0,0,0,0,0
darija_1_00170,ما باغيين يوقرو حد. نايضة فالفايسبوك بسبب مشاركة بلجيكي من أصول مغربية في مسابقة للمثليين,0,0,0,0,0,1
darija_1_00171,حمقتونا صافي بالمدن المغربية الرائعة',3,0,0,0,0,0
darija_1_00172,hhhhhhhhhhhhhhhh hadik lbnt li 9alt ihaaaaaaab aktar chohra 3ndna f lmghrib mn khanan odina omaraouan,2,0,0,0,0,0
darija_1_00173,لعاب فالبطولة فتح على القلب ولاصيرونس رفضت تعوضو فمصاريف العملية,0,2,0,0,0,0
darija_1_00174,بكوري مشغول بإعادة إنتشارالموظفين وممسوقش لـ«مناوشات» العدالة والتنمية وهاشكون حطاتو الداخلية مديرا عاما لمجلس جهة كازا سطات,0,1,0,0,0,0
darija_1_00175,smahli mais wach mcharjinek a khoya kat3awd nafss hadra o katjbed lina ghiir sdaa3 9leb 3lihom ola hayed tag bety o dir libghti,0,0,0,0,0,0
darija_1_00176,جورنالات بلادي: الحقاوي تعطلات فإخراج مراسيم الإعاقة..وإقالة بنشماش قبل المؤتمر الاستثنائي,0,0,0,0,0,0
darija_1_00177,براد بيت يكسر حاجز الصمت ويتحدث لأول مرة عن طلاقه بجولي,0,1,0,0,0,0
darija_1_00178,الثلوج حاصرات جبال الأطلس,0,0,0,0,1,0
darija_1_00179,اللهم ارحم محسن فكري واغفر له والهم دويه الصبر,0,0,3,0,0,0
darija_1_00180,سلطات المغرب بدات فتعبيد طريق الكركرات والمنطقة العازلة مابقاتش -تصاور,0,0,0,0,0,0
darija_1_00181,a laaaa drari 3ndna kil3bo b real so,0,0,0,0,0,0
darija_1_00182,أموال طائلة تصرف في الهباء كل سنة صفقات أسلحة ارضاءا للغرب',0,0,1,2,0,0
darija_1_00183,o had klma kanolha diima ya3ni fhad lahda fahmouuni ana baa3iida 3la anani nsseb onkrah blad kamla,0,0,0,1,0,0
darija_1_00184,جوج منقبات سدو الشارع وقلبوها دباز على شكون ياخذ صدقة! + فيديو,0,2,0,0,0,2
darija_1_00185,wadima hagrinnn lmgharba wa bzaaaaaaaaaaaaf hadchi 3la l3onssoria,0,0,2,0,0,0
darija_1_00186,مينا تفركَعات على سارح ديال الغنم فنواحي أوسرد,0,0,0,0,0,0
darija_1_00187,الشعب يطالب باستقالة وزير الداخلية #طحن مو   الشعب المغربي بان هنا,0,0,0,3,0,0
darija_1_00188,البوليس ربحو ماتش الكلاسيكو ضد لمخازنية فالعيون,0,0,0,0,0,0
darija_1_00189,اسمه محسن فكري وليس سماك الحسيمة  .. شهيد الحكرة ...في زمن غابت فيه الكرامة..  .,0,0,2,0,0,0
darija_1_00190,أكَنوش: الدولة هي اللي خص تقرر واش يحضر الشيخ عبد الكافي ولا يتمنع ماشي المثقفين,0,0,0,0,0,0
darija_1_00191,amiir je suis fiére de toi nta ou souhaila jito m3a ba3diyatkom mais 9adma ba3adti manha hsak lik hit ra makatbghikch,2,0,0,0,0,0
darija_1_00192,محمد السادس للسيسي: بالتوفيق لمهامكم وأنا والشعب المغربي سنظل إلى جانب مصر,2,0,0,0,0,0
darija_1_00193,بوعزيزي ماكاينش بحالو. عشر­يني شعل فراسو العافية­ حيتاش مخلاوهش يدخل ل­ملهى ليلي,0,2,2,0,0,0
darija_1_00194,خلعة خايبة شدات فالمسافرين فالتران ففاس وها علاش,0,0,0,0,3,0
darija_1_00195,أسئلة سخيفة يستغلون بها الضعفاء تساله مارايه فيمن تضع العدسات سؤال بليد لشخص يفتقر لابسط الاشياء و هو العيش الكريم',0,0,0,2,0,2
darija_1_00196,وزير الدفاع الأمريكي استاقل.. وترامب علن على الخبر فتغريدة على تويتر!,0,1,0,0,0,0
darija_1_00197,الزهر طيح صحاب اللعاقة ففاس كانوا دايرين شبكة ديال التزوير,0,3,0,0,0,0
darija_1_00198,سكان بالعيون يطالبون بالأمن وينددون بالأوضاع الأمنية المتردية,0,0,0,0,0,0
darija_1_00199,شوفو فين وصل مستوى النقاش ف انتخابات الرئاسية الامريكية: “مراتي أجمل من مراتك”,0,0,0,0,0,3
darija_1_00200,إسرافيليات : تقنين الإجهاض ..هل سيصبح سعد الدين العثماني..سيمون ڤايل المغرب؟,0,0,0,0,0,0
darija_1_00201,حتى ولو فاز البيجدي فلن يستطيع تشكيل حكومة منسجمة وسيتم حجب الثقة عنها,0,0,0,0,0,0
darija_1_00202,كورونا .. 43 حالة تقاست بالفيروس فالداخلة وحالة وفاة,0,0,2,0,1,0
darija_1_00203,العلمي يمرر صفقات مثيرة بالملايين في الوقت الميت من عمر الولاية البرلمانية,0,2,0,0,0,0
darija_1_00204,بوليسي فـ فاس جبد السلاح على شخص كان هاز جنوية و هدد بها الناس والبوليس,0,0,0,0,3,0
darija_1_00205,"واش إشارة للإعتراف بمغربية الصحرا؟. التلفزيون الرسمي فهولندا نشر خريطة المغرب مكمولة,",2,2,0,0,0,0
darija_1_00206,"من بعد بلاغ الأغلبية.. الحموني لـ”كَود”: كنا كنساينو الحكومة تقدم للرأي العام مخطط واضح لمواجهة هاد الأزمة ديال الغلا لكنها رجعات بحال شي وكالة أنباء,",0,0,0,0,0,0
darija_1_00207,فلوكة هازة 130 حراك فيهم 7 لمغاربة شعلات فيه العافية فـ سواحل ليبيا.. 45 حراك تنقذو و60 مفقود,0,0,3,0,0,0
darija_1_00208,مرتكب حادث الدهس فمراكش لي تصابو فيه 11 قرقبو عليه البوليس,0,0,2,0,0,0
darija_1_00209,بنكيران سير بحالك الحكومة ماشي ديالك,0,0,0,2,0,0
darija_1_00210,اكيد لاخوف على الوطن لانه يحكمه الملك محمد السادس نصره الله وايده اعيش ويحيا,2,0,0,0,0,0
darija_1_00211,هاهو ابو عزرائيل مول المقدة اللي حالف يطحن الدواعش فينما مشاو,0,0,0,0,3,0
darija_1_00212,هاذي في برشيد. حصة تعذيب ديال الرقية الشرعية تنتهي باغتصاب وكي بالنار وفقدان ذاكرة الضحية,0,0,2,2,3,2
darija_1_00213,الأرسنال بدا فالمفاوضات مع زياش.. دا صن: مدرب المدفعجية معجب بنجم الأسود,2,0,0,0,0,0
darija_1_00214,kayna chi whda hsn mn hdi f twitter,0,0,0,0,0,0
darija_1_00215,بوهمو خواف ما عندو خرقة. اختار التعليم باش يدير بيزنس ديالو ويبعد من كل منافسة مع الهولدينگ الملكي,0,0,0,0,0,0
darija_1_00216,hhhhhhhh chkoun jbad ljazayirah wla li fih lfaz kay9faz sobhan alah rah ntoma li kadakhlo,0,0,0,0,0,0
darija_1_00217,الأمن الجزائري يمنع 270 مغربيا من العبور إلى ليبيا بدعوى الاشتباه في تخطيطهم للإلتحاق بداعش في ليبيا,0,2,0,0,0,0
darija_1_00218,أديداس تفارقات مع الجزائر من بعد فضيحة الزليج ديال المغرب,0,1,0,0,0,0
darija_1_00219,"الوكالة الوطنية لتنمية الواحات وشجر الأركَان قدمات حصيلتها لرئيس الحكومة,",0,0,0,0,0,0
darija_1_00220,شحال عطينهم أعداء البام باش خرجو انبحو,0,0,0,2,0,0
darija_1_00221,@user Ana ghadi nemchi nchuf el bacha men daba,0,0,0,0,0,0
darija_1_00222,@user Rah lbareh bghina ntiro blfarha hit frahnak a hbibna,2,0,0,0,0,0
darija_1_00223,كيدعي علاقتو بالداخلية.. مول ميرسيديس تكرفس على سيد وبهدلو قدام البوليس فمراكش,0,0,2,2,0,0
darija_1_00224,chto oghnit ndir mabghitt ghir makhdatch ha9haa raha top du top walah,2,0,0,0,0,0
darija_1_00225,أزيد من 100 حكم إعدام في مصر وبين المحكومين الرئيس السابق محمد مرسي والعالم يوسف القرضاوي,0,2,2,0,0,0
darija_1_00226,دولة اللصوص ملايير تنفق من اجل تشجييع الفساد حسابكم عند الله',0,0,0,0,0,0
darija_1_00227,تبارك الله علينا و صافي',2,0,0,0,0,0
darija_1_00228,المسلمون يحاربون بعضهم البعض ',0,0,3,0,0,0
darija_1_00229,عيد ميلاد محسن متولي مدازش عادي (صور),0,0,0,0,0,0
darija_1_00230,سكان يحاصرون عراقي وفتاتين داخل شقة بالبيضاء قبل أن يتدخل الأمن لإيقافهم من أجل ممارسة الدعارة,0,1,0,0,0,2
darija_1_00231,لا شَر َّ يؤذينــا لا ظُلمَ يؤذينــا والحب للجميع',3,0,0,0,0,0
darija_1_00232,"مزال دايخ.. زعيم البوليساريو: مافهمناش هاد التحول الخطير فموقف إسبانيا من ملف الصحرا,",0,3,0,0,0,0
darija_1_00233,حشومة عليه طمع فيها مسكينة',0,0,3,0,0,0
darija_1_00234,سيدنا غادي يخاطب المغاربة اليوم بمناسبة ذكرى المسيرة الخضراء,1,0,0,0,0,0
darija_1_00235,توفيقات داخل الطلبة المحتجين امام البرلمان,0,2,0,2,0,0
darija_1_00236,"مؤشر الإرهاب العالمي 2022.. المغرب هو البلد الأكثر أمانا فالمغرب العربي,",3,0,0,0,0,0
darija_1_00237,المهمشين في المغرب الامازيغ',0,0,3,0,0,0
darija_1_00238,"مسؤولين كبار فالشرطة الإسبانية والحرس المدني : دعم الحكومة لمبادرة الحكم الذاتي ساهم بالزربة فحل الملفات الأمنية العالقة,",2,0,0,0,0,0
darija_1_00239,شي عيد وشي ملقاش باش.. شركة فليساسفة جرات على العمال ديالها بلا ريال بلا جوج حينت دارو النقابة,0,0,3,0,0,2
darija_1_00240,موازين لا روح له. هو بحال واحد صحيح عندو غير العضلات والقوة وما كيعترفش بالروح. جا للرباط بالقوة وتفرض على لمغاربة بالقوة,0,0,1,1,0,0
darija_1_00241,@user @user Chemkar dial magana fine bghitih yamchi ? 😂,0,0,0,0,0,2
darija_1_00242,@user Assil ya waled lmaghrib o mabrouk loghniya,2,0,0,0,0,0
darija_1_00243,الريسوني دخل فإضراب على الماكلة ابتداء من اليوم,0,0,3,0,0,0
darija_1_00244,للعام الثاني على التوالي. اول مولودة فسبتة ف2019 مغربية الاصل,1,2,0,0,0,0
darija_1_00245,كورونا ختارق السجن المحلي فالعيون بعد إصابة موظفة,0,0,2,0,2,0
darija_1_00246,كيفاش كيعطيك دماغك أنك تشوف قبالتك جوج سناكات عندهم تقريبا نفس المنتوج وجنبهم كزار داير البلانشة، وجنبهم شواية وبيناتهم محلبة وغير كينشو الذبان وتجي نتا وتزيد قبالتهم سناك واحد آخر، بلا حتى حاجة جديدة راه باينة غادي تخسر وغادي تسد وتبيع الماتريال,0,0,0,0,0,0
darija_1_00247,و للاسف تاخذ الاموال من الشعب غصبا عنهم. لا نريد دفع اي ضريبة لها. ',0,0,0,0,0,0
darija_1_00248,الوداد يحسم اللقب بنسبة كبيرة. بعد فوزه على الحسنية وتعثر فارس دكالة,2,0,0,0,0,0
darija_1_00249,ها كيفاش دازت الاحتفالات بمعبر الكركرات فعيد المسيرة -تصاور,3,0,0,0,0,0
darija_1_00250,تواضع و علم وحكمة .. الن الحاضر والمستقبل',1,0,0,0,0,0
darija_1_00251,المغرب سيضل. مملكة بادن الله إلى أن ياخد الله تعالى الأرض وما عليها,1,0,0,0,0,0
darija_1_00252,الداخلية كتطالب القضاء باش يحل مجلس جماعة سيدي المخفي وها علاش وها المادة اللّي استند عليها عامل إفران,0,0,0,0,0,0
darija_1_00253,تحية نضالية للدكتورة نبيلة منيب,2,0,0,0,0,0
darija_1_00254,خليك مع طعريجتك آش داك للسياسة..باااااااااااز,0,0,0,0,0,2
darija_1_00255,20 عام ديال الحبس لقاتل قائد ديال المخازنية فطنجة.. كان تعدى عليه وهو مقابل عملية هدم بني عشوائي,0,0,3,0,0,0
darija_1_00256,الأخبار. الحكومة تفرج عن قانون المالية قبل ظهور نتائج اقتراع الجمعة المقبل,0,0,0,0,0,0
darija_1_00257,تفاصيل جديدة على ڤاكسان كورونا ڤيروس اللي واصل السبت للمغرب: ها معاش واصل وها شحال من دوز,0,0,0,0,0,0
darija_1_00258,الأغنية الجديدة ديال بيلي آيليش حققات نجاح كبير بزاف – فيديو,2,0,0,0,0,0
darija_1_00259,بوغنبور رئيس العصبة المغربية لحقوق الانسان لـ”كود”: معندناش قضاء مستقل وكاينين غير التعليمات وارتكب مجزرة ضد معتقلي الريف,0,0,0,2,0,0
darija_1_00260,"بعد شكاية للنيابة العامة.. التحقيق فاتهامات بـ”غسيل الأموال والسطو على عمارة حدا البرلمان وتكوين عصابة”,",0,0,0,0,2,0
darija_1_00261,المزابية مايا جاتهم من اللخر: أنا ماشي مسطية نتزوج دابا ونصبح على نفس الكمارة كل نهار..وعندي 5 صحابي نبوسهم ونعنقهم كيفما بغيت -فيديو,0,2,0,0,0,0
darija_1_00262,منورين ربي يحميكي',2,0,0,0,0,0
darija_1_00263,التحقيق يكشف معطيات مثيرة حول عملية “نصب” صاحب فندق مشهور في الداخلة والشرطة تنتقل إلى مقر المجلس البلدي ومحاميي الضحية الجزائري ومستثمرين مغاربة يحلون بالمدينة,0,2,0,0,0,0
darija_1_00264,اعتقال المتورط في مقتل عشريني والتمثيل بجثته بالداخلة,0,0,0,0,1,0
darija_1_00265,هجوم على مؤسسة بنكية بمراكش صباح يومه الجمعة,0,2,0,0,2,0
darija_1_00266,تحية لناس الحسيمة المغاربة الحرار,2,0,0,0,0,0
darija_1_00267,إجراءات التخفيف بالمنطقة 2 بدات اليوم. محلات ديال الحوايج فكازا كتوجد لفتح أبوابها نهار السبت,1,0,0,0,0,0
darija_1_00268,بوليسي فمكناس كبتها. نصب وخان مرتو وعطا شيك بدون رصيد وعدد ضحاياه وصل لـ 6.. وها القرار لي تخاد فحقو,0,0,0,0,0,2
darija_1_00269,"الجوندارم حجزو طن ديال الحشيش فالشاطئ الأبيض نواحي كَلميم,",0,2,0,0,0,0
darija_1_00270,مغربية أرملة مليونير سعودي شهير تطالب بإثبات نسب ابنها ومنحه نصيبه,0,0,2,0,0,0
darija_1_00271,الممثلة العالمية هايدن بانيتيري كيضربها صاحبها.. وصحابها خايفين على حياتها وهي مابغاتش تفارق معاه,0,2,0,0,2,0
darija_1_00272,@user @user chwiya ta jat dik faroha ...makhalat ma9alt .obtabi3t hal massektoch lihaa o hna bda sdaa3 ....o ana mni hdrt m3aha,0,0,0,2,0,0
darija_1_00273,مجزرة فعرباوة.. واحد قتل امرأة حيتاش ماب­غاتش تزوّج بيه وكان غادي يصفّيها مع ختها,0,2,3,2,2,0
darija_1_00274,ندوة للتجمع الوطني للأحرار تبحث عن مكان اختفاء دفاتر تحملات الخلفي وتعجز عن صياغة توصيات بسبب انقسام الآراء حول مضمونها وغياب الحكومة عن المشاركة فيها,0,0,0,0,0,0
darija_1_00275,حادثة سير بالحسيمة تنهي حياة شيخ كان راجلا، وإصابة سائق السيارة بجروح خفيفة + صور,0,0,3,0,0,0
darija_1_00276,حرام عليكم كتشوهوفي سمعة الفنانة المغاربة',0,0,2,0,0,0
darija_1_00277,Benegativete Rifia Amaziria  سامحني بالله لو كان خوك او بوك الي طحنوه يا هل ترى ستكتبين ما كتبت,0,0,2,0,0,0
darija_1_00278,جمعية الباحثين في المعهد الملكي للثقافة الامازيغية مقلقين: مرس,0,0,0,0,0,0
darija_1_00279,"الصحة باقي تقدر تزلزل فقضية “التلاعب فصفقات عمومية”.. دفعة ثانية من المشتبه فيهم فطريقها للقضاء,",0,1,0,0,0,0
darija_1_00280,والله واخا تبكيهم دم يا اكبر اناني ومتعنت ومتعجرف عرفته حكومة المغرب,0,0,0,3,0,0
darija_1_00281,salam ana jadid 3atweeter momkin ta3araf 3ala assdi9aa,0,0,0,0,0,0
darija_1_00282,علاش السعودية مكرفصة علينا. مغربية حاصلة منذ تسع سنوات: هرب عليها الراجل ومكرفص عليها المشغل + فيديو‎,0,0,2,2,0,1
darija_1_00283,Ha wa7ed l9l*** bda ytkeyef 7daya 3awtani....in3el ******,0,0,0,2,0,0
darija_1_00284,رفيق بوبكر كيهرس الفكر المتخلف. حط تصويرة داير ماسك ومهلي فالحالة.. والمعلقين : تكرفصتي على وجهك ماشي فركستيه,0,0,0,0,0,0
darija_1_00285,تجربة المغرب الرائدة فالطاقات المتجددة تستعرضات فقمة المناخ,2,0,0,0,0,0
darija_1_00286,بدر هاري خرج من المؤتمر لاحقاش معندوش مع الهضرة بزاف وقاليهم موعدنا فوق المنصة ماشي فالمؤتمر,0,1,0,0,0,0
darija_1_00287,خاص. رئيس جماعة ميدلت الموقوف عن ممارسة مهامو كان كيشد تعويضات ماشي قانونية والخازن الجهوي دخل على الخط,0,1,0,0,0,0
darija_1_00288,@user wa l eval mem si sot ala 9adou mais les idee kanou mtart9in madayrinch,1,0,0,0,0,0
darija_1_00289,"جايبها من لاس بالماس.. الديوانة حجزات أكثر من 3000 قرقوبية عند مسافر فمطار العيون – تصاور,",0,2,0,0,0,0
darija_1_00290,اعلن تضامني مع الاساتدة المتدربين والله الى حشومة عليهم يضربو فيهم بداك الشكل ',0,0,2,0,0,0
darija_1_00291,بوليس فرنسا تدخل لمنع مؤتمر ديال الرئيس الموريتاني السابق فبوردو,0,0,0,0,0,0
darija_1_00292,طالبة مصرية صفاتها لماماها حقاش نتاقدات نتيجتها الدراسية,0,2,0,0,2,0
darija_1_00293,في عيد ميلادها 24. الهام العرباوي “بنت الستاتي” وصلات لـ 700k فانستكرام,1,0,0,0,0,0
darija_1_00294,رجل أعمال مصري يتعهد بجلب مهاجم الوداد إيفونا للأهلي. هاش حال عطا فيه وها شحال طالب فيه الناصري,0,1,0,0,0,0
darija_1_00295,اللجنة الوطنية لمواكبة إصلاح التعليم: خاص الإسراع بتنزيل مقتضيات قانون الإطار,0,0,0,0,0,0
darija_1_00296,واتمنى لكل مسلم وغير مسلم في المغرب سنة سعيدة مليئة بالافراح ورفاه و نجاح وصحة ورزق الوفير وإستقرار وامن وامان',3,0,0,0,0,0
darija_1_00297,بلغاريا: رحبنا بعودة الحركة التجارية فالكركرات. وضبط النفس ضروري,1,0,0,0,0,0
darija_1_00298,اوا شوف اسي نبيل الوضع الحقيقي  و قولها لسيك بنكيران راكم خرجتوا عل  المغاربة,0,0,0,3,0,0
darija_1_00299,"حافيدي: حجم الاستثمارات العمومية فمناطق الواحات وشجر الأركَان وصل لـ105 مليار درهم,",1,0,0,0,0,0
darija_1_00300,حصيلة كورونا فالأقاليم والجهات: كازا هي اللولة فالإصابات ومراكش ماتو فيها 10 و175 تشافاو ففاس مكناس,0,0,2,0,0,0
darija_1_00301,"فرنساوي من أصل تونسي طاح فالمغرب.. روشيرشي فبلجيكا بسباب التزوير واستعمال السلاح,",0,3,0,0,2,0
darija_1_00302,إليسا: كنعيش قصة حب جديدة ومغاديش نقول لكم معامن,1,0,0,0,0,0
darija_1_00303,من أجمل المناظر الطبيعية في فصل الشتاء ، تلك التلال من الثلوج ، التي تتيح للسائح التمتع بممارسة رياضة الثلج  على الجليد ، و اللعب على الجليد و الاستمتاع به ،والاستمتاع بالأماكن الثلجية الجميلة والهادئة',3,0,0,0,0,0
darija_1_00304,هل سيعفى ادريس بنهيمة من مهامه بينما يبقى الكلب حرا طليقا! نتمنى أن يشعر الكلب بوخز الضمير، ويتحمل مسؤولية ما وقع، كي لا تتسع دائرة ضحاياه,0,0,0,2,0,0
darija_1_00305,@user @user @user La y n3al jed babak lkelb tu clc pour un like sale trdbl 😹,0,0,0,2,0,0
darija_1_00306,هذه وعود حكومة بنكيران : نسبة نمو في 5.5 في المائة ومحاربة اقتصاد الريع وتخفيض نسبتي البطالة والأمية والاهتمام بالطبقة المتوسطة,0,0,0,0,0,0
darija_1_00307,بوجدور على صفيح ساخن. حراك اجت­ماعي للمقصيين من خصص التموين واعتقال ستة أشخاص‬,0,1,1,0,0,0
darija_1_00308,ماكان ترامب ليأخذ هذا القرار لولا الضوء الاخضر من بعض حكام العرب وخاصة محمود عباس والمحيطين به وبذلك يكون قد عرى عوراتهم ',0,0,0,0,0,0
darija_1_00309,سير قاد غير راسك اش بينك وبين السياسة اعشيري,0,0,0,0,0,1
darija_1_00310,نعس وفاق يحساب راسو وكيل ملك.. الجوندارام ديال حد السوالم وقف گزار وصاحبو بانتحال الصفة,0,2,0,1,0,0
darija_1_00311,تحليل إخباري. خبر ماشي بريء وفيه رسالة للسلطات المغربية. صحيفة إسبانية : عملاء من الحرس المدني كيقتاحمو الاراضي المغربية لنقل تقارير إستخباراتية عن الهجرة والمخابرات يمكن عندها يد فتدريب المهاجرين على الاقتحام,0,0,0,0,0,0
darija_1_00312,"وزيرة الانتقال الطاقي: مكنشريوش الغاز من اسبانيا وها شنو تافقنا معها.. وكنوجدو صفقات مع دول صديقة منها قطر باش نستوردو الغاز الطبيعي,",1,0,0,0,0,0
darija_1_00313,الحبيب المالكي: البرلمان فقير معندنا والو..وتبخيس المؤسسات خطير على الديمقراطية,0,0,0,0,0,0
darija_1_00314,هادي طبايع الرجال. مصرية شدات راجلها كيخونها بعد دقائق من انتهاء عرسهم!!,0,2,0,0,0,2
darija_1_00315,finek al2i3lam lmaghribi 3ib lfenanin dyawelena yl9aw da3em fkharij o febladena nn,0,0,0,2,0,0
darija_1_00316,: أتفهم العثماني وأتفهم الجدل الشعبي. الحل: حان وقت تنزيل شامل للجهوية المتقدمة وتحمل المتخبين الجهوين لكامل صلاحياتهم لشرح تفا…,0,0,0,0,0,0
darija_1_00317,جوزيف بوريل: كاندعمو جهود الأمم المتحدة فـ ملف الصحرا وخاص الحفاظ على أمن المنطقة,0,0,0,0,0,0
darija_1_00318,بالصور. ملاك الرحمة ديال بصح سمحات فعرسها ومشات عند مريضها,0,3,0,0,0,0
darija_1_00319,عدوزة دنيا باطما ورقتها.. كاع داكشي لي بان فروبورتاج دوزيم غير كذوب (فيديو),0,0,0,1,0,0
darija_1_00320,ألهمكم الله و إيانا الصبر و السلوان ر حمة الله عليك يا #محسن_فكري,0,0,2,0,0,0
darija_1_00321,اللوفر فتح باب التبرعات باش يشري بواطة ديال الكارو  ديال الذهب من القرن 18,0,1,0,0,0,0
darija_1_00322,ميسي المغرب نتمنى له عودة موفقة',2,0,0,0,0,0
darija_1_00323,مزال نايضة على تعديل النظام الداخلي لتمكين لشكَر من ولاية ثالثة فقيادة الاتحاد الاشتراكي.. بنعتيق: هادي خروقات كتمس بمصداقية التوجاد لمؤتمر الحزب,0,0,0,0,0,0
darija_1_00324,الســـــــــــــــــــــــــــــودان نقف قلبا وقالبا معكم لموازرة قضية محسن فكري ومامشي معاكم باس,0,0,2,0,0,0
darija_1_00325,صدمة بعد وفاة الوافا. ها اش كتب الازمي وبنعبد الله على رحيلو,0,2,2,0,0,0
darija_1_00326,كل عام وانت بخير يا احلى معلم بالوطن العربى والعالم كله وانشاء الله تكون سنة سعيدة عليك ',3,0,0,0,0,0
darija_1_00327,لأول مرة.. السماح بملابس داخلية ديال لعيالات ف الجيش السويسري!,0,3,0,0,0,0
darija_1_00328,الكفار افلامهم احسن بكثير من افلامكم الوسخة وتطلبون دعم وزارة الثقافة من العدالة و التنمية (الإسلامي) لبث المزيد من السموم في مجتمع اصلا مريض.',0,0,0,0,0,2
darija_1_00329,وعكة صحية تلم بعميد الأسود المهي بنعطية,0,0,2,0,0,0
darija_1_00330,برلماني عن الدائرة الانتخابية سطات روشيرشي ولوسخ عندو كثير,0,0,0,0,0,1
darija_1_00331,dkhlo hna chufo chnu tari,0,1,0,0,0,0
darija_1_00332,ها بشحال تحكم على العصابة الدولية اللي هربات أطنان ديال الكوكايين من أمريكا اللاتينية للمغرب,0,1,0,0,1,0
darija_1_00333,فيديو ديال خليجي مقصر مع مغربيات في البحر منوضها في الفايس,0,0,0,0,0,2
darija_1_00334,المكتب الوطني للفوسفاط متهم بقتل الزرع والضرع بجماعة أيت حمو ومستشار الملك الهمة يدخل على الخط,0,2,2,0,0,0
darija_1_00335,@user hahahahhahah nissan ach ban lik f omar lotfi ma3bdi manssalou jab sarout dek nhar li d7akna 3la chawki,2,0,0,0,0,0
darija_1_00336,تصيور بنات عريانات صحة وابتزازهم صيفط 11 للبنيقة بينهم 8 ديال العيالات فمكانس,0,0,0,0,2,3
darija_1_00337,جورنالات بْلادي. انفلات لبؤرتين من سيرك بالسعيدية يزرع الرعب وسط السكان وإفلات عنصر من الدراجين بالبيضاء من الموت بعدما جرته سيارة وموسم ساخن في بيت القضاة وتأديب 14 قاضيا,0,0,0,0,3,0
darija_1_00338,دونالد ترامب بحالو بحال بنكيران. حارباتو الدولة العميقة وكلشي كان ضدو ولكن الشعب اختارو,0,0,0,0,0,0
darija_1_00339,بالصورة. توشاك هنأ الوداد و الناصيري و ها باش طالبهم,2,0,0,0,0,0
darija_1_00340,وربي يسعدك وينورك ياأغلی إنسان عزيز علی قلبي ويخليلك ويعيشلك الوالدين ديالك يانور عنيا أنت الكبدة وأنت العمر وأنا نحبك كثر وكثر',3,0,0,0,0,0
darija_1_00341,#كفى_من_العبث',0,0,0,1,0,0
darija_1_00342,أصدق سياسي مغربي مر على الحكومات المتعاقبة ..',1,0,0,0,0,0
darija_1_00343,قتل صديقه في جلسة خمرية بالبيضاء وأوقف داخل حافلة متوجهة نحو خريبكة,0,2,3,0,0,0
darija_1_00344,المغرب يدعو المجتمع الدولي إلى التدخل العاجل لحماية تراث مالي,0,0,0,0,0,0
darija_1_00345,الأغلبية الحكومية: ها التفاصيل كولها ديال الاجتماع اللّي درنا,0,0,0,0,0,0
darija_1_00346,ممتاز:لو لم يكن للبطاطس شأنا لما خلق لها مركزا دوليا في البيرو و هو (بنك البطاطس) ',0,2,0,0,0,0
darija_1_00347,جوج دالمغاربة طحنهوم تران فإيطاليا فظروف غامضة,0,0,3,0,0,0
darija_1_00348,نيجليك خصم الرجاء فالعصبة دار خطوة مهمة باش يربح الخضرا فالنيجر,0,0,0,0,0,0
darija_1_00349,نجم المنتخب الإنجليزي روني يعلن اعتزاله اللعب دوليا بعد مونديال 2018,0,0,0,0,0,0
darija_1_00350,الصوت الجميل',2,0,0,0,0,0
darija_1_00351,بعد إدانة طبيب منتخب ميريكان بالتحرش و الاعتداء الجنسي.. بطلات الجومباز الألمانيات لبسو لباس جديد لأول مرة,0,0,0,0,0,3
darija_1_00352,La petite princesse @user bghat tgolikom chi 7aja nsam3o liha alors ;) #FVX #JVTK… https://t.co/0Rl5j9KhKQ,0,0,0,0,0,0
darija_1_00353,قاصر غراق فواد “غيس” ضواحي الحسيمة,0,0,3,0,0,0
darija_1_00354,ارتفاع عدد قتلى الهجوم على فندق في مدينة سوسة التونسية إلى 19 (صور),0,0,3,0,2,0
darija_1_00355,سعد لمجرد حزين بسبب وفاة صديقه,0,0,2,0,0,0
darija_1_00356,@user @user Ra2is gal lk kayn l9lawi n3am asidi,0,0,0,2,0,2
darija_1_00357,إفريقية غرقات الرباط بالماحيا.. وها فين كانت دايرة المعمل السري ديالها,0,2,0,0,1,0
darija_1_00358,الحرية_لمعتقلي_الثلاثاء_الأسود',0,0,0,0,0,0
darija_1_00359,الى دعاة تجني الفتنة ، أليس هذه قمة التحضر ،مظاهرة بالحسيمة بنظام و انتظام [[positiveHOTO]],2,0,0,0,0,0
darija_1_00360,ma 3endnach la tv li t9der dirha mni kant la3ba zamalek tma m3aha nit nile ne9lat lmatch,0,0,0,0,0,0
darija_1_00361,الشعباني: ما شي ساهل تربح الرجا ف دونور,0,0,0,0,0,0
darija_1_00362,wa machi kolchi f de9a waa3,0,0,0,1,0,0
darija_1_00363,dik sa9a hdri m3ha rah ghadi ykono bzzaf la79ach starac taytab3oh hna bzzaf,0,0,0,0,0,0
darija_1_00364,هده هي اللعبة السياسية القدرة ،,0,0,1,2,0,0
darija_1_00365,مخطط إرهابي لضرب المغرب جوا.. داعش تدرب ربابنة انتحاريين,0,0,0,0,3,0
darija_1_00366,ترح و ترجع بالسلام ياحبيبي',2,0,0,0,0,0
darija_1_00367,هادا مشى بعيد فحقارتو. أرناكور بغا 2000 درهم كل سيمانة من شاب اغتصبو بالعنف,0,0,0,3,0,2
darija_1_00368,Ma kat kadroch nas li 3endhom l Maharat 😑😢,0,0,0,0,0,0
darija_1_00369,هل إنتهت علاقة جاد المالح وشارلوت؟. إنفصال غير معلن يضع حدا للعلاقة المتوترة بين الكوميدي المغربي وأميرة موناكو,0,0,1,0,0,0
darija_1_00370,عيد مبارك سعيد على جميع الأمة الاسلامية #الله_ينصر_سيدنا #saadlamjarred1',3,0,0,0,0,0
darija_1_00371,emten yiji nhar w ta3mlo show bl maghrib plz,0,0,0,0,0,0
darija_1_00372,ها شحال من محابسي نجح فالباك,2,0,0,0,0,0
darija_1_00373,القرطاس محيح فاولاد التايمة. الرواية البوليسية: ضربنا القرطاس باش نقدو حياة بنادم,0,2,0,0,0,0
darija_1_00374,جنيل اوى اوى وحكم حلوة والله',1,0,0,0,0,0
darija_1_00375,كلنا مغاربة مع الشهيد محسن فكري وكلنا مغاربة ضد اشعال نار الطائفية وايقاض الفتنة,0,0,0,0,0,0
darija_1_00376,4 ملايير تنبعث من قبر حامل مقتولة,0,2,2,0,0,0
darija_1_00377,بالبوكس.. أقوى درية فالعالم طيحات شجرة على كَدها! – فيديو,0,3,0,0,0,0
darija_1_00378,صورة. ها الجيش العرمرم من رجال الأمن اللي سخرتهم الداخلية لمنع اعتصام الأساتذة المتدربين بتازة,0,0,0,0,0,0
darija_1_00379,اوا صافي بقانى غير شطاح اورينا فسياسة شتي فين تلات بيكوم المغاربة والله انعل قيمتكم.او فاك,0,0,0,3,0,0
darija_1_00380,شد حبل بين الماص وثلاثة من لاعبيه,0,0,0,0,0,0
darija_1_00381,ها علاش الاتحاد الدستوري غادي يبقى فالحكومة واخا يتيريو فساجيد وفولد فردوس,0,0,0,0,0,0
darija_1_00382,عاجل.. سالا الكلام: عمدة الرباط داتها اسماء اغلالو والاجتماع فدارها باقي مسالاش بحضور الطالبي وأوزين وها كيفاش كولشي تحسم,2,0,0,0,0,0
darija_1_00383,kif ghannit ana hilwa w 3arfa hali👧👧 raphael htérém halak🙅🙅 anji n3tik jouj tsrfi9ate 😂😂,1,0,0,1,0,0
darija_1_00384,walakin lamap kaykoun dima m3tlin,0,0,0,0,0,0
darija_1_00385,من أشهر اليخوت فالعالم.. إسبانيا صادرات باطو ديال روسي مقرب من بوتين,0,2,0,0,0,0
darija_1_00386,اول فنان مغربي يصل ل خمسة ملايين متابعة على انستغرام',2,1,0,0,0,0
darija_1_00387,الاغنية اللي كتجمع سعد المجرد ومحمد رمضان صافي تسجلات وهاوقتاش غاتخرج – فيديو,0,0,0,0,0,0
darija_1_00388,قنات يهودية تريد ان تعلمنا سياسة التقشف تاع اليهود فماذا تنتضرون منها ان تعطيكم دروس في الدين مثلا!.,0,0,0,3,0,0
darija_1_00389,"ضربات الدبلوماسية المغربية دارت زلزال فعدد من مناصب المسؤولية فالدزاير.. جراو على 16 مسؤول فالخارجية ولونصاو حركة تعيينات جديدة,",0,2,0,0,0,0
darija_1_00390,انتحار رجل أعمال معروف فمكناس,0,0,2,0,0,0
darija_1_00391,انسان من كلمة تعرفة وش صادق وﻻ كداب  بنكيران كيبن لي صادق يتكلم بدون مراوغة,0,0,0,0,0,0
darija_1_00392,"المحكمة الإدارية ففاس دخلات قضية إقالة رئيس شعبة القانون العام للمداولة,",0,0,0,0,0,0
darija_1_00393,خطير. اعتداء مسلح على طبيب وفاعلة جمعوية في زمن كورونا بميدلت,0,0,0,0,3,0
darija_1_00394,اليوم الاثنين تنطلق محاكمة عشريني مغربي بإسبانيا بتهمة التمجيد بالارهاب بعدما نشر فيديوهات لصالح تنظيم القاعدة تحت إسم الملا عمر,0,1,1,0,0,0
darija_1_00395,الاستقلال يفوز برئاسة بلدية زايو ويزيد ست سنوات أخرى فوق الاربعين سنة التي حكم بها الجماعة,1,0,0,0,0,0
darija_1_00396,المغرب،دولة متخلفة بكل،المقاييس.زعما الدولة مسكينة عندها الكريدي،بزاف.ولكن اين هي،الثروة بطبيعة الحال،موجودة في،بنوك سويسرا,0,0,0,2,0,0
darija_1_00397,waw wawa waw lwa3ra 7iha f lakharrr tstahl tastahl,0,2,0,0,0,0
darija_1_00398,ربي يحفظك ان شاء الله',3,0,0,0,0,0
darija_1_00399,الخلفي حول إعفاء افيلال لـ”كود”: العثماني له رغبة كبيرة في صيانة وتدعيم الأغلبية وحريص على العلاقات الجيدة مع التقدم والاشتراكية,0,0,0,0,0,0
darija_1_00400,ناس جرادة عاجبهم الحال خاص غا التنفيذ التعهدات الرسمية,2,0,0,0,0,0
darija_1_00401,نشرة كورونا نصف الشهرية بينات انخفاض فالإصابات ومعدل توالد الحالات.. لكنو نسبة الموت والناس اللي فحالة صعيبة مازال طالعة,0,0,0,0,2,0
darija_1_00402,#من #الحسيمة ..#الرجال [[positiveHOTO]],0,0,0,0,0,0
darija_1_00403,مجلس حكومي غدا غايتدارس مشروع قانون المالية لـ2021,0,0,0,0,0,0
darija_1_00404,Youssef Hawari شكرا لك أخي الكريم و لأمثالك من المغاربة الأحرار تحياتي,2,0,0,0,0,0
darija_1_00405,"النيابة العامة وحربها على ملفات الفساد.. الوكيل العام فمراكش حرك ضوصي جماعة “بيكَودين” نواحي تارودانت اللي مشتبه بللي فيها اختلالات مالية وقانونية,",0,0,0,0,0,0
darija_1_00406,شوف أخويا وخا بنكيران قال هديك الهدرة أولا اعتادر ثانيا إذا ما خيرت ما بين أمور كلها سوأ إلا وأخترت أيسرهم و بنكيران أيسرهم إوا دوق المعني أخويا,0,0,0,0,0,0
darija_1_00407,تحية خااصة من فاس الى أبناء الحسيمة وكلنا محسن فكري والعفة كاتجي من الرجال,2,0,0,0,0,0
darija_1_00408,الجدارمية قرقبو على شبكة ديال الدعارة فغفساي ولقا عوازل طبية وحبوب لمنع الحمل وشدُّو 3 ديال المومسات ومتهم آخر هرب,0,0,0,0,1,0
darija_1_00409,روعه ياعاشق ',2,0,0,0,0,0
darija_1_00410,شلل تام يضرب مختلف المحاكم الأسبوع المقبل,0,2,0,0,0,0
darija_1_00411,لقاو جثة سيدة فدارها بالعيون عاطية الريحة ديالها,0,0,2,0,0,0
darija_1_00412,المغرب حطم الروكور فعدد الإصابات الجديدة بكورونا اليوم: 570 تصابو و228 تشافاو و7 ماتو.. الطوطال: 18834 مصاب و16100 متعافي و299 متوفي .. و2435 كيتعالجو,0,2,3,0,0,0
darija_1_00413,،استغرب لهاذ السياسية خصوصا و ان شبابنا يعاني من البطالة و الفقر ',0,2,0,0,0,0
darija_1_00414,@user mouchkila m3a mousamima 9raw mazyan hh siri wasiw 5nouzatkoum maskina katbhdal fikoum wt3ayar bladha wtbhdal fiha braka 3likoum h,0,0,0,0,0,0
darija_1_00415,"المعارضة فالبرلمان بغات وزير الفلاحة يجاوب كيفاش بلادنا تعاملات مع الحرب الروسية الاوكرانية لي كتهدد الأمن الغدائي للمغاربة بسبب القمح,",0,0,0,0,0,0
darija_1_00416,بغض النظر عن العنصرية الموجهة,0,0,0,0,0,1
darija_1_00417,@user hhhhhhhh chamtatna hhhhhhh 3o9balil follow katastahlo ana bghit ghir RT wala VR,2,0,0,0,0,0
darija_1_00418,3andi 4ir sawlt 9aloli momkin nsawt bnfs l2imayl fga3 lfi2at sa3a mara kayt9bl mara la glt ila 3andk chi 7al,0,0,1,0,0,0
darija_1_00419,جورنالات بلادي2. كتاب عامون يتحسسون رؤوسهم والجزائر تعلن حرب التجسس على المغرب وقبلة مدرسية,0,0,0,2,0,0
darija_1_00420,أيلون ماسك منع الخدمة عن بعد للموظفين ديال “تويتر”  وها شنو قاليهم,0,2,0,0,0,0
darija_1_00421,عاجل: انفصاليون مزال مابغاو يحشمو وزادو بالاستفزازات فالمنطقة العازلة (+صور),0,0,0,2,0,0
darija_1_00422,وقفة تضامنية مع ضحايا الأحداث الإرهابية التي شهدتها الدار البيضاء,0,0,3,0,0,0
darija_1_00423,الجو بدا يصفا بين المغرب وموريتانيا. الملك عارض على ولد عبد العزيز فمراكش,2,0,0,0,0,0
darija_1_00424,@user siri a ghita ana bghit lik jenna o yarebi nfrhouha o tbki blfrha nhar jm3a #hananeelkhader #staracarabia,3,0,0,0,0,0
darija_1_00425,@user hhhhhhhhh ya sahbi kayen ghi charfat f had domaine titiz sghir walo :v,1,0,0,0,0,0
darija_1_00426,مخالط لمصابة بكورونا فالسمارة كيهدد بتفجير بوطا,0,0,1,0,2,0
darija_1_00427,مريم حطمات الرقم القياسي.عندها 40 عام ووالدة 44 دري,0,3,0,0,0,0
darija_1_00428,ma3jbtnich tari9a bach kathdar bagha dir li9a2 omaradyach thdar m3aha 7sn blach,0,0,0,0,0,0
darija_1_00429,عاجل. تأجيل محاكمة الزفزافي وصحابو بسباب رفض المعتقلين الحضور,0,2,0,0,0,0
darija_1_00430,البطل المغربي زكرياء التجارتي ربح النسخة الرابعة للجائزة الدولية الكبرى ديال الملك محمد السادس للكيك بوكسينغ,3,0,0,0,0,0
darija_1_00431,"البوليس فالمحافظة العقارية بعين الشق. التحقيق فتزوير وثائق 6 گطارات,",0,1,0,0,0,0
darija_1_00432,الريسوني ماقادرش يوقف فالمحاكمة وحالتو صعيبة بسباب إضرابو على الماكلة.. والدفاع تقدم مرة اخرى بطلب إطلاق سراحو,0,0,2,0,0,0
darija_1_00433,من هو صاحب القميص الأكثر مبيعاً في العالم.. ميسي أم رونالدو؟ ها هوما اللاعبة اللي احتلوا المراكز الـ10 الأولى عالميا,0,0,0,0,0,0
darija_1_00434,علاش لمغاربة كايمشيو لداعش؟ دراسة نفسية أمريكية لجذور لارهاب و التطرف,0,0,0,0,2,0
darija_1_00435,شفرو جامع فلسطين اللي دشنه الملك محمد السادس الجمعة الفايتة,0,0,0,2,0,0
darija_1_00436,حب من أول نظرة واخا مابقاوش يشوفو مزيان. عجوز فاتت ل100تزوجات راجل صغير عليها ب40 عام,0,2,0,0,0,0
darija_1_00437,@user akid basoma btistahil akta ana mabachba3ch min sotha,2,0,0,0,0,0
darija_1_00438,where are those 😍😍😚 kanchofo ghir 9a3 d tanjra hnaya w 3ad zaydinha benefkha 😒😒😒,0,0,0,0,0,1
darija_1_00439,سفيان أمرابط ربح جائزة فالطاليان,2,0,0,0,0,0
darija_1_00440,منتهى الاستهتار بمؤسسة البرلمان.',0,0,0,0,0,3
darija_1_00441,اختراق نقطة مرورية وس­ط فاس وإصابة ضابط شرط­ة بجروح خطيرة,0,0,2,0,0,0
darija_1_00442,اطلاق سراح قياديين بالرباط والبيضاء بعد توقيفهما والسبب توزيع بيانات مقاطعة الانتخابات,0,2,0,0,0,0
darija_1_00443,7 سنين ديال الحبس لمدير وكالة بنكية تابعة للسياش كان ضرب 860 مليون سنتيم,0,0,0,0,0,0
darija_1_00444,بالفيديو. إنتشال جثة وزير بلجيكي سابق إنتحر صباح اليوم، والاشتباه في إنتحاره بسبب قضية إستغلال جنسي لمغربية,0,0,3,0,0,0
darija_1_00445,@user @user @user @user blamatchokay a 5ti da7ki o 5ali danya d7ak lik nsay 3lik bnadm o ach yktbo,1,0,0,0,0,0
darija_1_00446,مقتل جورج فلويد.. المتظاهرين فميركان خربو شركة ديال بريتني سبيرس وكتبو شعارات ضد العنصرية على الحيوطا,0,0,0,2,0,0
darija_1_00447,كان على بن كيران ان يتقدم لمسباقة كوميديا بدل السياسة لانها واعرة عليه,0,0,0,1,0,0
darija_1_00448,أرفض رفضا مطلقا مشاركة هذا اللاعب ضمن المنتخب المغربي',0,2,0,0,0,0
darija_1_00449,لي دار هاد لمونطاج ولله تا سرو الحبس. كيطنزو على بنادم نية ويضحكو فيهم الشعب بنادم مريض عطاه خاطرو يلوح هادشي أمنيتي شي نهار نطيح فشي صحفي شماتة',0,0,0,3,0,0
darija_1_00450,مقاول تسبب فتجويع عشرات المرضى بالسبيطار ديال خنيفرة,0,0,2,2,0,0
darija_1_00451,😂😂😂 oui zayan boys ola chi haja bhal haka,2,0,0,0,0,0
darija_1_00452,أب بيكيه: شاكيرا هي السبب في اعتزالو كرة القدم,0,0,0,0,0,0
darija_1_00453,حزبي المصباح والكتاب حجبا موقعيهما وأحزاب الوردة والحمامة والميزان يخرقان قانون الانتخابات,0,0,0,1,0,0
darija_1_00454,محامي عتقوه البوليس من يد واحد كان باغي يشرملو بجنوية بآسفي.. تهز للسبيطار لتلقي العلاج,0,0,2,0,3,0
darija_1_00455,السياسة حرب قدرة هي فن بيع الكذب للمواطنين البسطاء الخاسر الاكبر هو التنمبة والتقدم والعيش الكريم ؟,0,0,0,1,0,0
darija_1_00456,عاجل ورسميا. ولد عبد العزيز ما غاديش يترشح لرئاسة موريتاتيا لولاية ثالثة,0,0,0,0,0,0
darija_1_00457,صحاب الحمامات: اواه اواه اواه شفتكم نسيتونا راه ضررنا بزاف,0,2,0,0,0,0
darija_1_00458,دارولو شوهة حقيقية. بالفيديو مواطنون يحاصرون رئيس جماعة بالناظور ويتهمونه بنهب الجماعة قبل أن ينقذه رجال الدرك,0,0,2,0,2,0
darija_1_00459,أول قافلة للنصرة لجماعة العدل والإحسان في اتجاه منزل أمينها العام محمد العبادي بوجدة تضيع طريقها وهذه هي الأسباب,0,0,0,0,0,0
darija_1_00460,الطوارق نوضوها مع شركات مغربية وتونسية,0,0,0,2,0,0
darija_1_00461,"تفاصيل لقاء ممثلي باطرونات سطاسيونات الوقود بالمغرب مع السفارة الامريكية.. وكيفاش وزارة بنعلي هبطات كواريها وتحاورات معهم,",0,2,0,0,0,0
darija_1_00462,اختلاسات مالية تهز مندوبية المياه والغاب­ات وها التفاصيل ديال­ها,0,2,2,0,0,0
darija_1_00463,wa ghire sawtoo manardawch ibtissam tkon hiya 6 min wra tolab akhrin hna mwalfin dima bi sadara,1,0,0,1,0,0
darija_1_00464,أزمة بين فرنسا وموريتانيا بسباب تصاور القوات المسلحة الملكية المغربية فالكركرات‬,0,0,0,2,0,0
darija_1_00465,تبرعات بالملاين لترميم نوتردام باريس.. ومن بين المساهمين “ابل” و توتال” و”لوريال”,0,0,0,0,0,0
darija_1_00466,گـود في خضم الحروب الإيديولوجية الإلكترونية,0,0,0,0,0,0
darija_1_00467,اللهم أنصره يارب العالمين وأحفظ المملكة المغربية من كل المكروه,2,0,0,0,0,0
darija_1_00468,الحكومة على جامع المعتصم: كفاءة كبيرة ودبر ملفات بجدارة واستحقاق ومهنية,0,0,0,0,0,0
darija_1_00469,تيق ولا ما تيقش. أول رجل في العالم يعيش بلا قلب وها كيفاش قدر يعيش + فيديو,0,3,0,0,0,0
darija_1_00470,بالصور. موالين الطاكسيات دايرين الفتنة في كازا عاوتاني..غلقو شارع الجيش الملكي وأججوا احتجاجات مواطنين في منطقة الرحمة والسلطة كتتفرج,0,0,0,0,0,0
darija_1_00471,"قيادة جديدة لـ”البام” فالحي الحسني فكازا,",0,0,0,0,0,0
darija_1_00472,تفاصيل صادمة عن اتهام مدير ثانوية بالتحرش بأزيد من 8 تلميذات داخل المؤسسة التعليمية,0,2,0,0,0,2
darija_1_00473,@user @user chokeran lik hbib lmaghrib,3,0,0,0,0,0
darija_1_00474,"حرب بوليس فاس على البزناسة متواصلة فرمضان.. حجز كميات كبيرة ديال الكيف والحشيش وطابا – تصاور,",0,0,0,0,0,0
darija_1_00475,بعد خسارة رئاسة الحكومة و خسارة الامانة العامة للحزب، نعلن رسميا نهاية مرحلة بن كيران السيئة',2,0,0,0,0,0
darija_1_00476,ميزانية 2023.. التصويت بالإجماع على فرض الضرائب على المعسل ديال الشيشا لي مافيهش التبغ,0,0,0,0,0,0
darija_1_00477,الرابطة المغربية للمواطنة: الشوافرية لمغاربة لعالقين فموريتانيا كيعيشو ظروف مزرية والحكومة خاصها تعاونهم,0,0,3,0,0,0
darija_1_00478,كريم طابو أحد أشهر الوجوه ديال حراك الدزاير خرج من الحبس,0,3,0,0,0,0
darija_1_00479,بوحناك ديال التصرفيق بغى شي وزارة، عطيه ابن كيران وزارة الرياضة على الله ادير السبور,0,0,0,2,0,0
darija_1_00480,هذه المعارضة التي نحتاج,1,0,0,0,0,0
darija_1_00481,hana wallah chrft l maghreb ahssan tachriiif,3,0,0,0,0,0
darija_1_00482,نايضة فتونس على برلماني ميزوجين دار تصريحات كتهاجم حقوق المرأة وحرياتها,0,0,0,3,0,0
darija_1_00483,سكوب. “كود” تكشف حقيقة ما وقع يوم السبت الأسود فدونور وكيف انتفض “الإيغلز” ضد “الغرين بويز” بعد إشارة الراقي,0,0,0,2,0,0
darija_1_00484,تبرك الله عليك مزيد من تألق نشألله  طوب طوب',3,0,0,0,0,0
darija_1_00485,باش تبدى صفحة جديدة ظروف جديدة باش ياخد بوعشرين ومهداوي والزفزافي وصحابو ياخدو عفو وخاص امثال سفيان بحري يختفيو,0,0,0,0,0,0
darija_1_00486,طقوس سحر وشعوذة في مقبرة بالخميسات,0,2,0,0,0,2
darija_1_00487,الشعوب العربية و شعوب شمال إفريقيا لا تريد شريعتكم الهمجية، الشريعة دمرت سوريا والعراق وأفغانستان واليمن وليبيا والجزائر العشرية السوداء ',0,0,0,3,0,0
darija_1_00488,انا كنحبكم شكرا رأيكم يهمني',3,0,0,0,0,0
darija_1_00489,@user hhhhhhhhhhhhhhhhhhhhhhhhhh nari 9taltini ou fakartini bih maskin moul kant khdam,2,0,0,0,0,0
darija_1_00490,أحسنت كلام في منتهى الروعه',2,0,0,0,0,0
darija_1_00491,@user @user @user hna bghinaha bla aghani t9harto daratkom f 3damkom,0,0,0,0,0,0
darija_1_00492,wa ri sokti koun chi ana koun chti hadik charfa dyalma3art ach smit tasiltha bahdloha lah ybahdlhom tba3ab lblaa,0,0,0,2,0,0
darija_1_00493,روح طاحت فسهب الورد بفاس: ها كيفاش صفاها واحد لمشرمل شفر ليه ختو,0,0,1,2,3,0
darija_1_00494,تحية للشريفات المغربيات ',2,0,0,0,0,0
darija_1_00495,أشرف حكيمي 19 السنة فخر المغرب ',2,0,0,0,0,0
darija_1_00496,سرقة الأحذية في المساجد..صورة من داخل مسجد بالبيضاء في رمضان,0,3,0,0,0,0
darija_1_00497,@user @user hhhhhhhhhhhhh mina kharjatha wa3a mn fomha bhala kat3ayet nit 3la chi mina dyalna hhhh,1,0,0,0,0,0
darija_1_00498,البوليس الإسباني فك ريزو مكلف بنقل الحشيش المهرب من المغرب لفرنسا – فيديو,0,1,0,0,0,0
darija_1_00499,khlas kolchi momkin ms f3alam net haja 3adya dnc mchi chi haja kbira hedra oghadoz o l7acharat ghtb9a 7acharat,0,0,0,0,0,0
darija_1_00500,صينية قاومات زرّامْ فأصيلة مني جا يشفّر ليها البورطابل,0,0,0,0,1,0
darija_6_00001,هولندا: هجوم اوتريخت ارهابي والمشتبه فيه مخبع فأحد المباني-فيديو مباشر,0,0,0,0,3,0
darija_6_00002,Sheitana nskrou ana wiyek,0,0,0,0,0,0
darija_6_00003,الأسطورة رونالدو قريب يجي للمغرب لافتتاح لوطيل ديالو بمراكش,0,0,0,0,0,0
darija_6_00004,العملاء برا برا و المغرب أرضي حرة',1,0,0,0,0,0
darija_6_00005,المواطن الفاسد',0,0,0,1,0,0
darija_6_00006,نقص كبير فـ المخزون ديال الدم فـ فاس.. معاناة المرضى تزادت وها شنو قرر مركز تحاقن الدم,0,0,3,0,0,0
darija_6_00007,مول فضيحة إرسال طائرة محملة ب «أشباه الفنانين» إلى الحسيمة يسأل من قبل قضاة جطو. خرجع قطاع السياحة ودار صفقات مشبوهة,0,1,0,0,0,0
darija_6_00008,الحصيلة الوبائية لفيروس كورونا فهاد 24 ساعة: 220 تصابو و247 تشافاو و5 ماتو.. الطوطال: 17962 مصاب و15636 متعافي و285 متوفي .. و2041 كيتعالجو,0,0,2,0,2,0
darija_6_00009,نايضة في مدرسة “الكاك”,0,0,0,1,0,0
darija_6_00010,"مديرية التعليم فبني ملال: الفيديو ديال “القرعة” ماعندوش علاقة بقطاع التربية الوطنية,",0,0,0,0,0,0
darija_6_00011,cho ra2yk b btisam tiskat bbidayat michwarha et merci,0,0,0,0,0,0
darija_6_00012,chno logiciel li katkhedmi bih bghit ta ana ndir tasamim,0,0,0,0,0,0
darija_6_00013,و باز والله مكتحشم.بنكيران كيمص دماء ديالنا.ودا لينا رزقنا. الله ياخد غيه الحق هو واتباعه,0,0,0,3,0,0
darija_6_00014,جمهور أسفي رفض يدخل فصداع الوداد والترجي…اطلب من المحرضين يدخلوا سوق راسهم,0,0,0,2,0,0
darija_6_00015,انتشار السل وسط الأطباء ديال مراكش,0,0,0,0,3,0
darija_6_00016,هاد خياتنا باغيين يفرقوا المغاربة بأي طريقك',0,0,0,2,0,0
darija_6_00017,chi wehdin ybano ghi f chofo m3ana had lmo9abala min jito jito beda 3awno m3a f teswiit wela tedkhlo ghi 3la hsab lmeslaha,0,0,0,2,0,0
darija_6_00018,لوجه لاخر لقضية هاجر الريسوني. مندبة عند العائلات المخزنية بسباب ولدهم اللي تضرب بعامين,0,0,2,0,0,0
darija_6_00019,اللي لا لفيته رحب بك وهل ',0,0,0,0,0,0
darija_6_00020,@user @user @user @user @user @user sokti ya bnt franciss fin kat3rfi chi tarikh,0,0,0,2,0,0
darija_6_00021,نعم أنا مغربي حر في بلد حر وملكي محمد السادس نصره لله.',2,0,0,0,0,0
darija_6_00022,فضيحة الطبيب الامريكي لي غتاصب 140 قاصر بينهم بطلات امريكيات في الاولمبيات تعود للواجهة,0,0,2,0,2,2
darija_6_00023,#لا_لقمع_الأطر',0,0,0,2,0,0
darija_6_00024,ها علاش الصحافي عمر الراضي غدا عند الفرقة الوطنية. الوكيل العام: القضية عندها علاقة حول اشتباه تورطو فالحصول على تمويلات من برا عندها علاقة بعمل استخباراتي,0,0,0,0,0,0
darija_6_00025,nnn rah casa machi rabat,0,0,0,0,0,0
darija_6_00026,"@user mli ghadi itfarcho papa j veux 100dh, mais send nudes d'abord",0,0,0,0,0,1
darija_6_00027,مجلس جماعة فاس صادق بالأغلبية على مشروع النظام الداخلي وشباط جا روطار لهاد الدورة الاستثنائية ومراتو فاطمة طارق غابت – فيديو,0,0,0,0,0,0
darija_6_00028,البام اول فريق برلماني يفكر في قانون ينظم زراعة الكيف,0,0,0,0,0,0
darija_6_00029,"منظمات حقوقية اسبانية راسلات أمين المظالم وفرشات الشونطاج اللي كتدير الداخلية ديالهم مع الحراگة المغاربة والجزائريين فمركز الخزيرات,",0,0,0,0,0,0
darija_6_00030,"فحملة بتنسيق مع “الديستي”.. الفرقة الوطنية طيحات ريزو متورط فإطلاق النار فتصفية حسابات بين بزناسة – تصاور,",0,0,0,0,2,0
darija_6_00031,محال ان يضيع حق الشهيد محسن فكري وأمثالكم يطالب بحقه,0,0,2,0,0,0
darija_6_00032,مدينة ثانية في مريكان ولاو فيها المخدرات عادية وماكيديش مولاها للحبس,0,2,0,0,0,0
darija_6_00033,yalah kan9ob fin ntfrj,0,0,0,0,0,0
darija_6_00034,الحرب.. أوكرانيا كتشكك فالانسحاب الروسي من خيرسون والبنتاگون علن على مساعدات جديدة لكييف,0,0,0,0,0,0
darija_6_00035,كنت تانقول مانصوتش ساع ملي شفت كلشي ضد بنكيران فهادا يعني هو فيه الضو عليكم,0,0,0,2,0,0
darija_6_00036,صحراوة الوحدويين واش قادرين على مواجهة البوليساريو. وفين مشا ولد الرشيد رئيس جماعة العيون ؟‎,0,0,0,1,0,0
darija_6_00037,رونار باغي يبقا مع الأسود وخصو يخلص 4 مليار سنتيم كشرط جزائي في حالة باغي يمشي,0,0,0,0,0,0
darija_6_00038,سلطات الطرفاية قرقبات على 64 مرشح للحريكَ مخبيين بين آخفنير والعيون,0,0,0,0,0,0
darija_6_00039,الطلاق بين الرجا وفاخر,0,0,0,0,0,0
darija_6_00040,الرجاء يستهل موسمه الكروي الجديد بمشاكل مالية. ها شحال خسر بعد فسخ عقود لاعبيه,0,0,0,0,0,0
darija_6_00041,بداية موفقة للوداد البيضاوي في كأس الكونفدرالية. تعادل بالكونكو امام ليوبار بهدف لمثله,0,0,0,0,0,0
darija_6_00042,دراسة. الناس كيكونو اكثر سعادة ملي كيقربو يموتو,0,2,0,0,0,0
darija_6_00043,bezaaaaaf tebe9a te9eraa te9eraaa moura douctoura ou 3ad chouf wach tefehem had 😂😂😂😂,2,0,0,0,0,0
darija_6_00044,chi nas kihdro m3ak ghir ala wed ewa kayn chi titiz kayn chi kayn chi wa siro 3tiwni bti9ar afak,0,0,0,2,0,0
darija_6_00045,nta machi m3ana 7na lghlade ga3 😤,0,0,0,0,0,0
darija_6_00046,العنف ضد العيالات واقع كيتعاش فالمغرب فكل ثانية، وماشي غير ضد العيالات بل حتى ضد الرجال والاطفال والحيوان والجماد ، بحال الى فحرب ، المغاربة سلوكاتهم عنيفة اتجاه بعضياتهم وإتجاه باقي الكائنات الحية لي قادرين يوصلو ليها,0,0,2,2,0,0
darija_6_00047,@user lfassad o nachr da3ara chafna aflam bzf khassrin mais Hada Zad fih o Rah hna muslimin machi kofar o hna dawla islamiya 100 %,0,0,0,3,0,0
darija_6_00048,hadchi mnin katkoni kharja f zan9a rah katchofi ghalat dyalhom anahom 3acho hyathom 3adi wnsaw camera,0,0,0,0,0,0
darija_6_00049,حصري. هكذا سقطت شبكة الدعارة الرّاقية بفاس التي تتزعمها مهندسة دولة. كيفاش كتجند وكيفاش كتخدم,0,3,0,0,0,0
darija_6_00050,ها آش قال رونالدو للمدرب ديال البرتغال بين شوطي الماتش ضد المغرب,0,0,0,0,0,0
darija_6_00051,عوووومااار… عوووووومااااار! صميكة! عبد الرحيم! أساطير حول الرجاء البيضاوي، وتشكيلتي التي أتوقع أن تلعب في مباراة الديربي,0,0,0,0,0,0
darija_6_00052,عاجل: العثور على جندي متقاعد ميتا داخل مرحاض بأحد فنادق كلميم,0,0,2,0,0,0
darija_6_00053,3ide mobarake sa3ide bi siha wa salama wa tawfi9e alfe mabrok li dahabia al 3alamia ahla horia,2,0,0,0,0,0
darija_6_00054,الله يرحم محسن فكري ومثواه الجنة ان شاء الله ثم الله يفرجها على سعد المجرد,0,0,3,0,0,0
darija_6_00055,ومن الغباء أنك لا تريد استمرار عبد الإله بن كيران في رئاسة الحكومة...,0,0,0,2,0,0
darija_6_00056,"تفاصيل توصيات تقرير المجلس الوطني لحقوق الإنسان على الحق فالصحة اللي خرج اليوم,",0,0,0,0,0,0
darija_6_00057,اللهم من أرادا سوءا بوطني الغالي المملكة المغربية ان تجعل كيده في نحره   حسبنا الله ونعم الوكيل,0,0,2,0,0,0
darija_6_00058,قربالة نايضة على مراهق بريطاني غبر في ظروف غامضة فمراكش (صور),0,2,0,0,0,0
darija_6_00059,70 عام د الحبس لمهربين لحشيش تشدو حدا آسا,0,0,0,0,0,0
darija_6_00060,"العدل والإحسان طالقا السلوگية فرمضان وهضرات على عشرات المعتقلين بسبب منع نشاط طلابي على التطبيع.. والبوليس: مكاين لا تعنيف ولا اعتقالات,",0,0,0,1,0,0
darija_6_00061,انا أحب دين الأسلام وأستمع للعلماء المسلمون',0,0,0,0,0,0
darija_6_00062,حروب باطما متواصلة.. ها باش ردات على تسميتها ب «دينا بطة»,0,0,0,1,0,0
darija_6_00063,أموال الإمارات تجعل مهرجان أبوظبي من أهم عشرة مواقع للإنتاج السينمائي العالمي ومراكش لم تدخل اللائحة,0,0,0,0,0,0
darija_6_00064,أول تجمع أمازيغي رحب باستئناف العلاقات مع اسرائيل: هذا عيد خصنا نحتافلو بيه,2,0,0,0,0,0
darija_6_00065,@user @user @user akiddddd ana kanhma99 3la adhamm,2,0,0,0,0,0
darija_6_00066,"الشوارع كتقتل. 9 ماتو و1989 تجرحو السيمانا اللي فاتت فكسايد,",0,0,3,0,0,0
darija_6_00067,دنيا باطمة ولدات بنتها الثانية وسماتها “Laila Rose” – تصاور,0,0,0,0,0,0
darija_6_00068,ها كيفاش ردات الرباط على الجزائر على قضية قنصل وهران وها شكون جا فبلاصتو,0,0,0,0,0,0
darija_6_00069,حقا خاصنا الأمن وخاصنا البوليس ولكن لي خاصنا كثر هو نظام قضائي صارم ونزيه ، ومايبقاش بنادم يدير المونتيف وتجي ختو من الإمارات تفاصل عليه ويدوز عام ويخرج ، وفهاد العام يدوزها ضارب سيرفيطات لاكوسط وكوبرى ، وكيضرب القس لي عمرو حلم بيه برا,0,0,0,2,0,0
darija_6_00070,ها الصبليون شوهونا. صحاب الجنسية الاسبانية من لمغاربة مسموح ليهم يرجعو ولكن المغرب اللي كيقرر,0,0,0,0,0,0
darija_6_00071,انرتي نجمتي',2,0,0,0,0,0
darija_6_00072,فيديو مأساوي. بحارة فالناظور نقذوا 30 مهاجر وثلاثين اخرين مابان عليهوم خبار,0,0,3,0,0,0
darija_6_00073,فيصل عزيزي محتفل ب200 ألف مشاهدة بطريقة خاصة,2,0,0,0,0,0
darija_6_00074,لاعب المنتخب الألماني بودولسكي ولا كيبيع شواراما,0,2,0,0,0,0
darija_6_00075,anari mal saad o da3ch mafhamtch,0,2,0,0,0,0
darija_6_00076,الشتا جاية قوية لأوسرد وواد الذهب,0,0,0,0,0,0
darija_6_00077,سلاما ! ردا على تدوينة عزيزة الشگاف المتهمة لولد الرشيد بالخيانة,0,2,0,0,0,0
darija_6_00078,طرد مغربي من اسبانيا بسباب هجومات كتالونيا,0,0,0,0,0,0
darija_6_00079,الشيخ ياسين عاش رجلا نزيها فاضلا زاهدا مستقيما ومات على ذلك فهو أهل للاقتداء،',1,0,0,0,0,0
darija_6_00080,أقـول: ملكنا واحد،، محمـد ',1,0,0,0,0,0
darija_6_00081,hafl jilo ra b 1200 dh ochofi bachar hhh,0,0,0,0,0,0
darija_6_00082,بعدما ركز على التمثيل.. البسطاوي قرر يرجع للغنا -فيديو,0,0,0,0,0,0
darija_6_00083,الوداديين عطاو مكافأة للحسين بنعيادة على الاجتهاد ديالو,2,0,0,0,0,0
darija_6_00084,الصداع فالجمعية المغربية لربابنة الطائرات غادي وكيكبر. استقالة أخرى من عضوية مكتبها تحطات لرئيسها,0,0,0,2,0,0
darija_6_00085,دخلنا للديموقراطية الحسنية بيس. ايلى خسرتي الانتخابات وما كانتش عندك شعبية وحزبك ما عندو وجود فالمجتمع ولا خرجتي على بوه يمكن ليك دير حكومة واخا ملك لبلاد عين رئيسها غير بقى غير تسنى التعليمات وغادي تربح,0,0,0,2,0,0
darija_6_00086,حوت كبير خرج فشاطئ إيفني والناس قطعوه باش يلقاو العنبر -تصاور,0,2,0,0,0,0
darija_6_00087,كل التشجيع والتقدير ن طاقم cap24 وبالأخص صديقي سفيان الفاصيقي',1,0,0,0,0,0
darija_6_00088,"أحداث “دورة 7 فبراير” فجماعة فاس.. القضاء كيساين جواب دفاع العمدة البقالي قبل الحسم فهاد الضوصي,",0,0,0,0,0,0
darija_6_00089,الملك يدعو ملوك ورؤساء الدول الإسلامية إلى الاقتداء بالرسول في تدبير تحديات الأمة,0,0,0,0,0,0
darija_6_00090,حزب البام جمع الخرفان و داهوم يصوتو جماعين مقابل ربعلاف,0,0,0,0,0,0
darija_6_00091,ها محاربة الفساد كيخاصها تكون ماشي عافا الله عما سلف. 95 في المائة من متهمي الفساد فالسعودية قبلوا يردو لفلوس لي نهبو,0,0,0,2,0,0
darija_6_00092,"بوعياش: الابتزاز الجنسي من جرائم الاتجار فالبشر ونسبة الاستغلال الجنسي وصلات لـ50 فالمية من مجموع هاد الجرائم عالميا ف2020,",0,0,2,0,2,0
darija_6_00093,الجامعة تنظر اليوم في إمكانية عودة بودريقة,0,0,0,0,0,0
darija_6_00094,لكريساج والتهديد بالسيوفة طيح شخصين ف يد بوليس المرسى,0,0,0,0,2,0
darija_6_00095,ولد حبيبي» داير فيها سبيرة في الحي الحسني فكازا: عربط على البوليس وهرس طموبيلات وداخل خارج من الحبس,0,0,0,2,2,0
darija_6_00096,@user @user 9alek moul lfez kay9fezz ! ma9al walou w nti kathedri khti wsselti lwa7ed daraja kalakh li ghadi ndir lik fiha bloque,0,0,0,2,0,0
darija_6_00097,Nasse ra waslo boston ou bnadam ba9i madarab ghire m3a karo .....?! https://t.co/o93jHKjsfG,0,0,0,2,0,0
darija_6_00098,الشطاحة والمغنية نورا فتحي شعلاتها في الهند مع ديدجي سنايك -صور وفيديو,0,0,0,0,0,0
darija_6_00099,امتحان من عند الله سبحانه وتعالى لاختبار قدرتك على الصبر ان الله سبحانه وتعالى يجزي المؤمنين بما صبروا الله يقويك الله يقويك يارب',0,0,2,0,0,0
darija_6_00100,فين أيامك يا الوردة. اتحادي ساخط بغى يبيع مقر الحزب وحتى لشكر على الأنترنت وها شحال طالب,0,0,0,0,0,0
darija_6_00101,nas dial jihawi ra ha kadbin elina daro lina labe9 zeema jam3in lwra9 bash il9aw bash ichwiw ryossa nhar l3id,0,0,0,2,0,0
darija_6_00102,ها طبيعة الهجوم الإرهابي لي حذرات منو الصبليون,0,0,0,0,2,0
darija_6_00103,لاينبغي لصحفي يحترم نفسه ويحترم مهنته ان يطرح مثل هذا السؤال',0,0,0,2,0,0
darija_6_00104,@user hna bikhir ahbiba twahachnak bzaf okanatmanaw tkoni bikhirr,1,0,0,0,0,0
darija_6_00105,بدم بارد.. جوج خوت ففاس قطعو لواحد الكف ديال يديه فمنطقة سهب الورد,0,0,2,0,3,0
darija_6_00106,انا متضامنة مع سكان الحسيمة بسبب طحن مواطن في شاحنة الازبال حسبي الله ونعم الوكيل,0,0,3,2,0,0
darija_6_00107,صاحب المغرب زادوه ولاية جديدة فرواندا. محمد السادس: مبروك عليك,2,0,0,0,0,0
darija_6_00108,شي يتقاتل شي يديها باردة هادو باغيين يديرو امشاكل لالمنتخب الاعبين ماي قبللوشي بهاد المنظر ',0,0,0,2,0,0
darija_6_00109,أود أن أثمن كل ما نشره الكاتب بدر في هدا الموضوع',0,0,0,0,0,0
darija_6_00110,nkbo wla mankdboch haak chgholbna siri sawti akhti wiha frask,0,0,0,2,0,0
darija_6_00111,مليلية. 60 بالمائة من النسا لي كيولدو عندنا جايين من المغرب,0,0,0,0,0,0
darija_6_00112,"صندوق النقد العربي : المغرب عندو 4 أفضل اقتصاد فترتيب التنافسية الاقتصادية بين الدول العربية,",0,0,0,0,0,0
darija_6_00113,الله يحفظ بلادنا وبن كيران معندوش علاقة بهاذ المصيبة اللي وقعت ف الحسيمة ومنخلطوش,0,0,1,2,1,0
darija_6_00114,ههههههه عبادة البام انتحروا خير لكم !!,0,0,0,2,0,0
darija_6_00115,عيد الأضحى ما بين الإعتقاد والعرف,0,0,0,0,0,0
darija_6_00116,صحافة البؤس،داعمي العلمانية النجسة ،افكار البام العفنة.,0,0,0,3,0,0
darija_6_00117,"البوليس فكازا طيحو رجل أعمال ناظوري نصب على مغاربة وأتراك فالملاين ديال الدراهم,",0,0,0,0,0,0
darija_6_00118,خسر الفقراء و ربح الفساد',0,0,0,1,0,0
darija_6_00119,هذا صحافي مسكين الحقد والغل املئ قلبه',0,0,0,2,0,0
darija_6_00120,makandirsh l maquillage mni dkhelt l youtube bach nat3alem oh oh twadert tleft saraha,0,0,0,0,0,0
darija_6_00121,مشاهير مغاربة ركبو موجة الحراك. بعد عتابو لي تقدر هرجتهت طير ريوس كبيرة في الخميسات. ها اش دار الكروج,0,0,0,0,0,0
darija_6_00122,دراسة.ممارسة الجنس مهمة بزاف لي فاتو 65 عاما وها هلاش,0,0,0,0,0,0
darija_6_00123,"حطات بيبي فالخلا ومات من بعد.. جنايات فاس ضربات مرا بعام نافذة,",0,0,2,0,0,0
darija_6_00124,"لجنة العدل والتشريع مدافعة على الحريات الفردية: خاص تعزيزها وحمايتها باش يكون مناخ الثقة,",0,0,0,0,0,0
darija_6_00125,يضلو يهضرو فيه وكيگولك ماشي طرف.. بوگادوم حط نزاع الصحرا على راس البروكَرام فاللقاء ديالو مع خارجية سويسرا اللي ما بغاتش أصلا تهضر فهاد الضوصي,0,0,0,1,0,0
darija_6_00126,لائحة أغنى رجال الأعمال ف إفريقيا لسنة 2018 وفيهم جوج مغاربة,0,0,0,0,0,0
darija_6_00127,الحقيقة لي كايرفضوها بزاف د الرجال انه كاينين رجال فحالهم طوال عراض بموسطاشاتهم بمناصبهم بقرايتهم و”سومي” ! كايبغيو المرا تعفط عليهم و كايظلو يسيفطو للبنات فالانبكس ” بغيت نولي كلبك و نقوليك هاو هاو”! هاد الناس راه خاص نحتارمو الميول الجنسي ديالهم و ماشي فين مامشاو نضربوهم بالبيض!,0,0,0,2,0,0
darija_6_00128,الجدارمية شدوا ثلاثة ديال الشينوا لقاوهم دايرين مصنع سري لتجفيف خيار البحر,0,2,0,0,0,0
darija_6_00129,اشلي گراهام عندنا. العارضة لغليظة الفرحانة براسها زارت مراكش واكادير,0,0,0,0,0,0
darija_6_00130,ضاعو دوك 41 مساكن😂😂,1,0,0,0,0,0
darija_6_00131,إسبانيا لن تقفل سوى قنصلية مدينة العرائش,0,0,0,0,0,0
darija_6_00132,@user @user @user aji fin jaw 3afakoum l adresse,0,0,0,0,0,0
darija_6_00133,اللهم ارحم شهيد الكرامة محسن فكري و اسكنه فسيح جنانك يا رب العالمين,0,0,2,0,0,0
darija_6_00134,بسبب “يورو 2016”.. نجوم فرنسا المسلمون مبغاوش يصومو,0,1,0,0,0,0
darija_6_00135,لقاء ممتع فيه كل شيء.صراحة',2,0,0,0,0,0
darija_6_00136,موليم لعروسي ردا على آمنة ماء العينين بخصوص نضال الصاية واسطول غزة: معركة النساء تهمني وتهم حفيدتي وتهم بلدي,0,0,0,1,0,0
darija_6_00137,@user Kaynta9do f Mawazin ze3ma w kay9ol lik kaykhesro flous cha3b w dik lhadra dyal lKilo !! nsaw bila Ibtissam rah fih had l3am !!!,0,0,0,2,0,0
darija_6_00138,سكوب. اعتقال البوليسي لي جبد الفردي فبواط في الهرهورة,0,1,0,0,0,0
darija_6_00139,زيت الزيتون تسببات فالبلوكاج ديال 11 كار فميناء بني انصار,0,2,0,0,0,0
darija_6_00140,رئيس الحكومة: تجنبنا 15 ألف وفاة..وسجلنا 467 بؤرة ف 10 جهات,0,0,0,0,2,0
darija_6_00141,@user @user @user hhh bayna mli tgoula l bent tamchi tdi deri lghaba o t3era 3lih rah katesswaw nit hh,0,0,0,2,0,1
darija_6_00142,موفق ان شاء الله يارب',1,0,0,0,0,0
darija_6_00143,شركة طرام كازا خرجلها العقل بسباب اوطيل لينكولن.. البارح حبسات الخط 1 واليوم طلقاتو بلا ما تشرح علاش,0,0,0,2,0,0
darija_6_00144,@user 3afak ana 3andi wahid num kannsouni owalo ghir boite vocale bghit na3raf wach hia ola mach hia please jawbini ghir b ah ola nn,0,0,0,0,0,0
darija_6_00145,مشاءالله عليكي منوره ياغاليه احلا واجمل فنانه بالكون',2,0,0,0,0,0
darija_6_00146,انت خرجتي على حزب التقدم والاشتراكية وشباط على الاستقلال وداك راس البغل على الاتحاد الاشتراكي,0,0,0,3,0,0
darija_6_00147,خاص. الداخلية محيحة ضد احتلال الملك العمومي ففاس.. وها تعليمات الولاية لرجال السلطة فالمدينة,0,0,0,2,0,0
darija_6_00148,شوبير: ازارو ضرب يدو مع الحيط و تهرس ليه صبعو بسبب مشكل مع مدرب الاهلي,0,0,2,0,0,0
darija_6_00149,صحاب التعليم الخاص كيرفضو يعطيو شهادة المغادرة باتفاق مع الوزارة باش مايوقع هروب جماعي للتلاميذ من التعليم الخاص ومصدر من الوزارة ينفي تورطهم,0,1,0,0,0,0
darija_6_00150,لي مشا للكوت ديفوار يتفرج فماتش المنتخب.. ها آش كيتسناه,0,0,0,0,0,0
darija_6_00151,sbania hbto liha srwal ya chwakr dat lgaz batle ntoma khlsto le gazoduc maghreb europe o 7na khdinah batl o sbania raha tsift fl gaz dyalkom lina 😂😂 t9t3o fl9alb doubaba sir fais la queue bach tchri l7lib ila b9iti m9ablni ghadi tsawr ghi les cokhones,0,0,0,2,0,0
darija_6_00152,مغني راب تونسي مشهور يلتحق بتنظيم الدولة الإسلامية (فيديو),0,0,0,0,0,0
darija_6_00153,المغربية مريم حسين فرحانة بحداكة بنات بلادها,2,0,0,0,0,0
darija_6_00154,كيما محنتينا فهاد البرد الله يجعل ربي يمحنك ',0,0,0,2,0,0
darija_6_00155,استمرار انتهاك الدولة لحقوق الأفراد والجماعات في أرضها ومواردها,0,0,0,2,0,0
darija_6_00156,إحالة سمسار المحاكم عادل وأمنيين ومحامٍ على المحكمة الزجرية فكازا,0,0,0,0,0,0
darija_6_00157,واش من ايران؟. قيادي فالبوليساريو: وصلونا درونات حربية كاميكاز,0,0,0,0,2,0
darija_6_00158,جورنالات بلادي2. زعيم شبكة الدعارة الراقية بمراكش يحصل على ثلث ما تجنيه الفتيات من الزبناء وهاربة تفضح شبكة لتهجير مومسات إلى الخليج,0,0,2,0,0,2
darija_6_00159,"أول باطو صبليوني دخل لمرسى بني نصار فالناظور اليوم,",0,0,0,0,0,0
darija_6_00160,واش بغاو يبينو الامن ضعيف؟. جانحون يفرون من سيارة الامن بفاس ويسلمون أنفسهم للمنطقة الامنية بالمدينة,0,2,0,1,0,0
darija_6_00161,"الكَيرا فأوكرانيا.. القوات الروسية بدات هجوم جديد فإقليم “دونباس” والبيت الأبيض: عكس ما كيروج الرئيس بايدن ماغاديش يزور كييف دبا,",0,0,0,2,2,0
darija_6_00162,سخرية من الأسود في الغابون,0,0,0,0,0,0
darija_6_00163,توقيفات فصفوف مترشحين لكونكور توظيف المحررين القضائيين.. ها التفاصيل,0,2,0,0,0,0
darija_6_00164,بعد طنجة. غلاء فواتر الكهرباء يخرج ساكنة بني ملال للاحتجاج وتنظيم مسيرة نحو ولاية الجهة,0,0,0,2,0,0
darija_6_00165,فوقت منع التنقل فهاد الجايحة.. منتخبين من البام ببوجدور دّاو قطيع ديال الجمال للأمير القطري جوعان وما تسوقش ليهم,0,0,0,2,0,0
darija_6_00166,مسابقة أجمل رجلين ديال العيالات منوضة حالة.. ومولاها كيتسناه 5 سنين ديال الحبس,0,2,0,0,0,0
darija_6_00167,l2oghnia dyal chawki w souka m3ahom fiha two tone wa9ila p hadchi li ban lia w lah a3lam ^^,0,0,0,0,0,0
darija_6_00168,o ybadlo namra li f instagram hada jahdi a koti hh lmohim ogal liya ntoma shof festivalat fbara,0,0,0,0,0,0
darija_6_00169,كيتكلف حتى بالجثث المتحللة.. غيني مكلف بالدفن والبحث على هوية المهاجرين المجهولين اللي لاحهم البحر فالناظور: كنرتاح فهذ العمل التطوعي واخا كيألمني ندفن ناس ماسول فيهم حد,0,0,2,0,0,0
darija_6_00170,الى كنتي رئيس حكومة سير صلح راسك,0,0,0,2,0,0
darija_6_00171,مصرع أربعة أشخاص وجرح 51 آخرين في حادثة السير قرب تازة,0,0,3,0,0,0
darija_6_00172,لمن تعاود خطابك يا محمد السادس: خاطب مجلس فيه 10 بالمائة فيهم متهمين: تمثيل المواطنين امانة عظمى عليكم اداءها تجاه الناخبين والاشخاص راحلون والمؤسسات دائمة,0,0,0,2,0,0
darija_6_00173,أخنوش من بني ملال: مرحبا بصحاب اغراس اغراس,1,0,0,0,0,0
darija_6_00174,احتجاجات كبيرة أمام محكمة الإستئناف بطنجة بعد فرض جواز التلقيح وغياب المحامين والموظفين خلق فوضى وتسبب فشلل داخل المحكمة,0,0,0,3,0,0
darija_6_00175,واش رحلة الزاكي لأوروبا فاشلة. الألمان يقفون في وجه التحاق بلعربي بأسود الأطلس,0,2,0,0,0,0
darija_6_00176,قضية لمقدم اللّي تشد بعدما حصلوه كيشد الرشوة : الموقوف خرج على قايد بعدما صرّح أن الفلوس كانت غادية ليه,0,0,0,0,0,0
darija_6_00177,محمد صالح نجم ليفربول جاي للمغرب.. وها علاش,0,0,0,0,0,0
darija_6_00178,kifach mal ahmad al madi,0,1,0,0,0,0
darija_6_00179,المنشورات كيف مكان نوعها فقط التضامن مع محسن فكري الله يرحمو برحمته ويصبر أهله بارب,0,0,3,0,0,0
darija_6_00180,واش هو طرد او اعادة. الصبليون اجلوا ترحيل 200 مغربي من سبتة حقاش السلطات المغربية ماعطاتهومش الترخيص,0,0,0,0,0,0
darija_6_00181,@user serveur 3andi taye7 😡za3ma dernah f Manchester galik mezian 😠😠😠 ch7al dial lkdoub,0,0,0,2,0,0
darija_6_00182,الله يحفضه وينصر ملكنا محمد السادس يحفض الشعب المغربي من طنجة لكويرة,1,0,0,0,0,0
darija_6_00183,ماتو جدودنا و ماتو والدينا و رانا خايفين نموتو و نخليو ولادنا تلعبو بيهم كيما تلعبو بينا..... المسلم أخو المسلم.',0,0,2,2,2,0
darija_6_00184,"خاص. تفاصيل جديدة لـ”ضربة معلم” فقطاع الصحة: البوليس جبدو ملفات المخلوضين فالمال العام بوزارة الصحة بعد شكاية حطها ايت الطالب فـ2019 ومصدر لـ”كود”: الوزير عجباتو الخدمة لي دارت الفرقة الوطنية,",0,0,0,0,0,0
darija_6_00185,وتوما هدروا على أش غدير لحكومة جديدة أشمن منتخب ولا زبل,0,0,0,2,0,0
darija_6_00186,اكثر من مجرد نادي',0,0,0,0,0,0
darija_6_00187,احسنت القول كل من له عقل ناضج يتقن تحليل الامور سوف يعرف ان كل اصلاحات بنكيران في المستوى,0,0,0,0,0,0
darija_5_00001,هادشي لاش مشاو لأوروبا. جزائريين هاجموا قاصر مغربي باش يسرقوه في بلغراد وهو يضرب واحد فكرشو بموس,0,0,2,1,0,0
darija_5_00002,الحب.. جون ترافولتا احتفل بذكرى وفاة مراتو كيلي بريستون بالشطيح مع بنتهم -فيديو,2,0,0,0,0,0
darija_5_00003,الحرب.. بوتين أكد باللي تم تعبئة 318 ألف واحد للقتال ويأمر بإجلاء سكان خيرسون,0,0,2,0,2,0
darija_5_00004,مراكش بدات كتنفس.. مسؤولين شداتهم الخلعة بعد اعتقال شبكة تبيض الأموال ديال الصراف ورجال اعمال رجعو يخدمو وداعمين الحملات لي داير الحموشي للقضاء على الفاسدين لي خرجو على المدينة,0,0,0,0,2,0
darija_5_00005,أبدعت اختزلت الواقع',1,0,0,0,0,0
darija_5_00006,فضيحة ف المعرض الدولي للسياحة..جاو ليه ناس معندهوم علاقة بالسياحة على ظهر المال العام,0,2,0,2,0,0
darija_5_00007,صورة البنت لي دايرة فالفايس ماشي ديال ضحية المضيق والضحية الرابع هزوه للرباط,0,0,1,0,0,0
darija_5_00008,"الاحتجاجات ضد ارتفاع أسعار المواد الغذائية بدات من تطوان.. لبارح تجمعو العشرات طالبو الحكومة بدعم المواطن البسيط,",0,0,0,2,0,0
darija_5_00009,النكليز قهرو السويد وتأهلو للنصف النهاية لي غابو عليها من 1990,2,0,0,0,0,0
darija_5_00010,محاكمة مغربي فهولندا صفا مغربي آخر فحرب المافيات,0,0,2,0,0,0
darija_5_00011,لي قتل غارديا طوموبيلات فمولاي رشيد فكازا جابوه البوليس,0,0,2,0,2,0
darija_5_00012,تسليم السلط بين سمية وجميلة بحضور لحسن: الصورة التي تكذب الكلمات =صورة=,0,0,0,0,0,0
darija_5_00013,"الحكومة عطات هدايا جديدة للمقاولات الوطنية لي كتشد الصفقات العمومية..منها تمديد آجال الأشغال واسترجاع الضمانات وفسخ الكونطرا وديا,",2,0,0,0,0,0
darija_5_00014,chkoun had fnana elissa chrine ragheb chkon likitwassel m3a jomhoro b tari9a li bghaw tisskatiyin,0,0,0,0,0,0
darija_5_00015,"89 ألف محابسي كاين فالمغرب حتى لنهاية 2021.. التامك: العدد تزاد بنسبة قربات ل40 فالمية فالـ10 سنين اللخرة,",0,2,0,0,2,0
darija_5_00016,تيار الاستوزار في «البيجيدي» نايض لبنكيران. عارض التمديد له لولاية ثالثة,0,0,0,2,0,0
darija_5_00017,عارفين غير البرويصيات والزيادات على ظهر الفقراء',0,0,0,2,0,0
darija_5_00018,الشعب المغربي كلنا فكري الله ارحم,0,0,3,0,0,0
darija_5_00019,Had chi li kain. https://t.co/0KZwaC1oNx,0,0,0,0,0,0
darija_5_00020,ghadi ytb3ni b chi 3ssa hhhh sheriff hreeeb,0,0,0,0,0,0
darija_5_00021,@user 60% kigolo howa ana l9ito msarab galt nhato lbnat hna,0,0,0,0,0,0
darija_5_00022,من بعد لحريك والتشدد والتهريب. الجوندارم قرقبو على جوج و350 الف اورو مهربة حدا الداخلة,0,1,0,0,0,0
darija_5_00023,اللهم انصر الاسلام و المسلمين واعلي راية الحق و نصر اخواننا في فلسطين يارب العالمين',1,0,0,0,0,0
darija_5_00024,الشطاحة مايا غادة تدخل عالم التقديم ببرنامج غاتعطي فيه النصائح للعشاق وللعيالات,0,2,0,0,0,0
darija_5_00025,ما بغاش يسالي هاد الفيلم.. 85 حراگ تشدّو عاوتاني فسواحل الداخلة,0,0,2,1,0,0
darija_5_00026,شاب شعرو شاب في ريعان الشباب ',0,1,0,0,0,0
darija_5_00027,مقدم مشا يدير خدمتو ويراقب العشوائي جات فيه حجرة وهزوه لبيت الخطار,0,0,2,0,2,0
darija_5_00028,حشومة عليه مرعاش إعاقة ديالها ',0,0,3,0,0,0
darija_5_00029,البوندسليغا. البايرن جاب اللقب للمرة السادسة على التوالي,1,0,0,0,0,0
darija_5_00030,نينا بانون ماتت. صحافية بدات فاذاعة طنجة فالخمسينات,0,0,2,0,0,0
darija_5_00031,اللهم صيبا نافعا.. نقول بعده : مطرنا و الحمد لله',1,0,0,0,0,0
darija_5_00032,ستندم على هادا يا منير الحدادي . من صنع منك الاعب',0,0,0,2,0,0
darija_5_00033,بوليس تركيا فركش عرس وعتاقل لعريس ووالديه بسباب لعروسة لي مازال برهوشة,0,2,2,1,0,2
darija_5_00034,هاد الشي فمريكان عالم الله اش كاين فالمغرب: اكبر شركة اتصالات ساعدت وكالة الأمن القومي في التجسس على الإنترنت,0,2,0,0,0,0
darija_5_00035,hada howa twiiter dial lkalba li sabat hanan https://t.co/Xzma6JgDSP,0,0,0,3,0,0
darija_5_00036,بعد إعتقاله للإشتباه في قتله شقيقه. القضاء الاسباني يطلق سراح مغربي بسبب عدم وجود نية القتل,0,0,2,0,0,0
darija_5_00037,سكوب…مستجدات جديدة في قضية أصغر رئيسة جماعة,0,0,0,0,0,0
darija_5_00038,فاجعة خايبة: واحد فالحسيمة اقتل بوليسي هاد الصباح حدا الحبس والحمُّوشي اعطا ترقية استثنائية للضحية,0,0,3,0,2,0
darija_5_00039,من تركيا كلنا محسن فكري,0,0,3,0,0,0
darija_5_00040,دخل الحكومة بشعارات التغيير لكنهم أفسد كل شيء حان وقت الرحيل و المغادرة,0,0,0,2,0,0
darija_5_00041,بسباب نشرو لفيديوهات جنسية خاصة.. أكثر من 30 مرا رفعو دعوى ضد موقع پورنو,0,3,0,0,0,0
darija_5_00042,بالفيديو. برهوش ذكي نقذ راسو من الموت فحادثة سير وها آش دار,0,1,0,0,0,0
darija_5_00043,جورنالات بلادي: وزراء كيواجهو شبح المحاكمة والمنع من السفر..و7000 قضية رشوة وابتزاز بالمغرب,0,1,0,0,0,0
darija_5_00044,لابيجي ديال البوليس فتحت لونكيط ف واقعة العثور على جثة رجل مسن فيها اثار الضرب ف برشيد,0,0,2,0,0,0
darija_5_00045,انفجار يهز موقف الطائرات في مطار بإسطنبول,0,1,0,0,3,0
darija_5_00046,مازال دردگ وتزيد دردگ.. مادونا كملات 62 عام وحتافلت بعيد ميلادها مع عائلتها -فيديو,2,0,0,0,0,0
darija_5_00047,يعني انت ياأخي مثقف ودكي وواعي بالسياسة جدا يا لغرور العرب ليس لك الحق بالتعميم أخي المثقف,0,0,0,1,0,0
darija_5_00048,فهاد البلاد ما كاين لا دين لا قانون شي يشرق اوشي اغرب شي احلال اوشي احرم شي اطبق القانون اوشي اقلب على الثغرات فالقانون ',0,0,0,2,0,0
darija_5_00049,اش واقع للجدارمية؟ والناس جوج سوايع حاصلين فدخلة كازا طريق مراكش,0,1,0,1,0,0
darija_5_00050,هده الاشياء مباحة لا حرج (دولة الحق والقانون),0,0,0,1,0,0
darija_5_00051,والمغاربة يعانون من العبودية والذل مند عصور مضت',0,0,0,3,0,0
darija_5_00052,شراء الأصوات يا مغاربة فيقو من سباتكم لن أصوت على من يدهب إلى نوم في برلمان,0,0,0,3,0,0
darija_5_00053,@user @user hhhhhhhhhhhhh dahktinii ou makan fya li dhhakzidi chi3er hhhhh,3,0,0,0,0,0
darija_5_00054,و لا توجد في واقعنا المرير',0,0,1,0,0,0
darija_5_00055,فضيحة سعد لمجرد مع الفنانة السورية نسرين طافش,0,2,0,0,0,0
darija_5_00056,اوا سيرو تخدموا راكوم كتحيدو الدم لعباد الله فالعام والخاص ماكاتحشموش ',0,0,0,3,0,0
darija_5_00057,incha2lah ykon f aman o salam i howa maskin nomine o rah 3arf hadxi o ncha2lah raj3 b a2la nissba had lmawsim ilakan m3a lhaycha,1,0,1,0,0,0
darija_5_00058,إوا مع هاته النسبة لا شرعية للبرلمان أن يشرع في أمورنا وهذا نظام فاقد لشرعيته عليه بالتخلي.,0,0,0,2,0,0
darija_5_00059,نعم للعدالة الاجتماعية والاقتصادية والسياسية لا للفتنة اللهم انصر الاسلام والمسلمين,0,0,0,1,0,0
darija_5_00060,حجرة جات ف كوميسير وهزوه للمستعجلات بخريبكة.. والبوليس شدو عدد من القاصرين,0,2,1,0,0,0
darija_5_00061,"“الفاو”: أسعار المواد الغذائية فالعالم شاعلة فيها العافية بسباب الحرب فأوكرانيا,",0,0,2,0,0,0
darija_5_00062,حمقهم المغرب. استنفار فقيادة البوليساريو باوروبا وها علاش‎,0,0,0,0,0,0
darija_5_00063,شرطة وزان توقف بائعا السفنج اغتصب ثلاث طفلات بعد إغرائهن بدريهمات,0,0,2,2,2,3
darija_5_00064,asgass ambarki awltma koul 3am w nti b alff 5ir inchaallah ♥♡,2,0,0,0,0,0
darija_5_00065,ما شاء ألله﻿ ',1,0,0,0,0,0
darija_5_00066,بعد “إنت معلم” شباب مغاربة دارو شوهة لأغنية لمجرد الجديدة وقلدوها بطريقة ساخرة (فيديو),0,2,0,0,0,0
darija_5_00067,هجوم هوليودي على ولد رئيس جماعة فالعيون,0,0,0,0,0,0
darija_5_00068,mskin o hwa mnin 9aliha bla terbaya bla akhla9 mslahjya ananya matjrhatch ach ngoulikom lah y3tikom l3z ama dl rakom fih,0,0,0,2,0,0
darija_5_00069,قمار صحيح. إعتقال عشريني مغربي كان كيسرق نوادي القمار باش يرجع يقمر فيهوم!!,0,2,0,0,0,0
darija_5_00070,بلوكَوز سعودية جبدات عليها النحل بسبب تصريحات على الزواج من شيفور طاكسي,0,0,0,0,0,0
darija_5_00071,مكافأة للعابا ديال الرجاء من بعد ما ربحو السوالم,1,0,0,0,0,0
darija_5_00072,انا متافقة معاك امين جطيوي ماتبدل صاحبك غي ما كرف هاحنا غادي نشوفو هاد الحكومة اش غادي دير,0,0,0,2,0,0
darija_5_00073,فقضية البحري. راه هو المتهم الاول واللي متهم اكثر هو اللي سمح ليه لسنوات يوظف اسم رئيس الدولة ويخلع بيه الناس وما وقع مع بنت الداودي ادانة لهادوك اللي ضصروه,0,0,0,2,0,0
darija_5_00074,machi tbe3d niit hit houa li baghi liha lkhir tema mais dir lhodod safi,0,0,0,0,0,0
darija_5_00075,باب الصحراء يغلي ضد آل بلفقيه.. وأعيان يتوجهون إلى القصر الملكي,0,0,0,2,0,0
darija_5_00076,مستشارة جماعية تتهم فاعلين جمعويين ومستشارة جماعية أخرى بالسرقة الموصوفة وتهديد حياتها الشخصية,0,0,0,1,0,0
darija_5_00077,هذا السيد حقق انجازات لم تحققها اي حكومة من الحكومات السابقة,2,0,0,0,0,0
darija_5_00078,بعدما اعتاقلو الانتربول فأوروبا. استئنافية مراكش ضربات مسؤول فالجمارك سرق 6 مليار ب12 العام دالحبس,0,2,0,0,0,0
darija_5_00079,حسبان وافق باش يشمي فحالو,0,0,0,0,0,0
darija_5_00080,البشر الوحيد اللي كنحترمو فهاد السياسين هي نبيلة منيب,0,0,0,1,0,0
darija_5_00081,مشرمل طنجة لي بان في فيديو هاز سيف طاح فيد البوليس,0,0,0,0,2,0
darija_5_00082,"أستاذ اغتاصب تلميذة قاصرة.. ها شحال خدا ديال الحبس اليوم بعدما تنازلات الضحية قدام جنايات فاس,",0,0,2,2,2,3
darija_5_00083,واخا الأجواء متوترة. محمد السادس هنأ عبد المجيد تبون,0,1,0,0,0,0
darija_5_00084,رهاب حزب الاستقلال! ينجح الاستقلالي. وتكون له زوجة. والزوجة دائما اسمها الحاجة. وهي التي يكلفها باستئصال قلفة الصغار ومطاردتهم وتنظيم حفلات إعذار جماعي,0,0,0,0,0,0
darija_5_00085,اصلا منيب باقي معرفاش الرجعية لتعمل بها واش اليهودية أو النصرانية أو البودية اما الإسلامية بززززززاف عليها,0,0,0,3,0,0
darija_5_00086,@user akhir wahdin yehadrou 3ela la mode homa ntouma nssiti cheno ketelbess 3enza wela nfakrak sata2ir sidaar ..... hhhhhh,0,0,0,1,0,0
darija_5_00087,أنا شخصيا أشكركم على كل ما قدمتم من إنجازات وصوتي دائما لحزبكم حزب العدالة وتنمية',2,0,0,0,0,0
darija_5_00088,من القاهرة متضامنة مع محسن كلنا محسن فكري الله يرحمه,0,0,3,0,0,0
darija_5_00089,كوريا الشمالية صنعات حوايج كيتكالو,0,2,0,0,0,0
darija_5_00090,"ولا انا متحزب ولكن حزب العدالة """""""""""""""" بنكيران"""""""""""""""" أخبت خلق الله",0,0,0,2,0,0
darija_5_00091,غريب هاد الشي. هادك بحري اللي عاطينو صفحة باسم محمد السادس يهاجم صحف تسب ولد عمو هشام العلوي: كينشرو اكاذيب وهو متواضع ووطني,0,1,0,2,0,0
darija_5_00092,واش الخير فرمضان ممنوع أو لا؟. النسيج الجمعوي فباب برد غضبان حقاش السلطات منعات موائد الرحمان غير عندهوم دون المغرب كامل,0,0,0,2,0,0
darija_5_00093,بلجيكا..اعتقال مغربية لتحريضها على شن هجمات إرهابية,0,0,0,0,3,0
darija_5_00094,متظاهرون يرددون: وزان ياجوهرة خرجو عليك الشفارة” ما دار والو مادار والو المجلس يمشي فحالو” والعمالة زوقتوها والنهضة نسيتوها,0,0,0,3,0,0
darija_5_00095,wach 9aloha lyom fin cheftiha,0,0,0,0,0,0
darija_5_00096,مؤشرات على قبول الاستقلال المشاركة فالحكومة: شباط امام معارضة قوية لجهات الصحراء والشرقية اللي نوضوها مع البام,0,0,0,1,0,0
darija_5_00097,"الفلاحة هاد العام.. كثر من 50 فالمائة من محصول الحبوب ضاع و352 ألف هكتار حالتو سيئة,",0,0,3,0,0,0
darija_5_00098,عاش الملك سيدي محمد السادس نصره الله الله يحفظو وينصرو,2,0,0,0,0,0
darija_5_00099,tssawrii wa9t li tzad dio b 10000 o ndir mabghit b ktar mn 11000 mn bareh blil lyom hiya tzadetb200,0,0,0,0,0,0
darija_5_00100,mafakartich danya wa zman hada alahoma la chamata,0,0,0,0,0,0
darija_5_00101,ست سنوات سجنا لثلاثة من معتقلي الحراك بالحسيمة,0,2,0,0,0,0
darija_5_00102,ضرة دنيا باطما دات ليها الدراري,0,1,0,0,0,0
darija_5_00103,hhhhhhhhhhhhhhhh dahk rafihouum omahassin biiih ila bghaw ihadro iba3do 3la moda whadro khenzethom akbar dalil hhhh,0,0,0,1,0,0
darija_5_00104,"انتخابات شاعلة عند لينوطير فجهة فاس.. الموثقة جقاوة لـ”كَود”: ماعندي حتى علاقة بالتحالفات الاستقطابات اللي واقعة دبا,",0,0,0,1,0,0
darija_5_00105,دقة تابعة دقة عند شب­اط.. مهندسو الاستقلال ينقلبون عليه ويُطا­لبون برأسه,0,0,0,2,0,0
darija_5_00106,ميشيل أوباما دخلات طول وعرض في ترامب.. والرئيس الأميركي رد عليها,0,2,0,0,0,0
darija_5_00107,دابا في المغرب كاين غير صايتي و الاشباح و صحاب البزولة و البيجيدي ',0,0,0,1,0,0
darija_5_00108,فضيحة: التلفزيون يؤكد موافقة مجلسه الإداري على تمديد عقود الإنتاج القديمة والخلفي يصر في البرلمان على إعمال الحكامة وبنكيران يلتزم الصمت,0,0,0,0,0,0
darija_5_00109,ها آش قال الحسن الثاني فحوار مع أحد القنوات الفرنسية على محمد الخامس + فيديو نادر,0,0,0,0,0,0
darija_5_00110,على هاد صندوق مازال متصلح 🤔🤔🤔 و زيادة على ذالك ما فائدة الصندوق و أنتم حررتم أسعار نفط و منتوجات غذائية',0,2,0,2,0,0
darija_5_00111,الجنين يسبح في بطن أمه مهاجرا إلى سبتة! ما حدث لا يعنينا في شيء…إنه شأن خارجي,0,1,0,0,0,0
darija_5_00112,هل أصبح المغرب جنة للمجرمين الإنجليز المطلوبين دوليا من الأنتربول؟,0,2,0,0,0,0
darija_5_00113,لبارح دارت تعليق على رئيس الحكومة كلشي ناضوا ليا...تقول مزوج بمواتهم...,0,0,0,1,0,0
darija_5_00114,اغتصاب الديمقراطية بموافقة الوالدين,0,0,0,2,0,0
darija_5_00115,@user @user mohim laknti maghribiya mathadrich b smitna hna kanhma9ou 3la chi haja smitha zineb oussama ......&lt;3,0,0,0,1,0,0
darija_5_00116,مواطنون يعثرون على رضيع حي متخلى عنه ببني ملال,0,0,3,0,0,0
darija_5_00117,وراق الطاليان وعقلية المغرب. بوليس ايطاليا منعو مغربي يكمل طريقو لطنجة بعد مالقاوه هاز صالون كامل فوق طونوبيلتو,0,1,0,0,0,0
darija_5_00118,شكرًا للكاتب',2,0,0,0,0,0
darija_5_00119,hanane hbiba rah redone dar lik follow fe instgram,0,0,0,0,0,0
darija_5_00120,لوبي الدزاير و التنوعير.. بغاو يحطو ملف الصحرا فـ بروكَرام البرلمان الإيطالي,0,0,0,1,0,0
darija_5_00121,الصيادة لا تهمهم سوى مصلحتهم فقط لا حولة ولا قوة إلا بالله ',0,0,1,2,0,0
darija_5_00122,نتما هما حزب شيطان يا المخنتين العلمانين ديال البام كلكوم فساد شو هتصاور لنشر ضد اسلام و تصاور شراب و الزنا و الفساد سيرو اللّٰه يقطع ليكوم جدر,0,0,0,3,0,2
darija_5_00123,جوج أستاذات تهمو مدير وحارس بالتحرش وإحداهن حامل لوكيل الملك: قاليا غير جوج بوسات كيقضيو الغرض,0,0,0,2,0,3
darija_5_00124,عاجل. طونوبيلة دالعسكر تقلبات حدا السمارة وماتو 2 وجوج خراين فالخطار,0,0,2,0,0,0
darija_5_00125,"الاتحاد الاشتراكي دعم رحاب ضد الحملات لي تعرضات ليها وانتخبها مجددا فالمكتب السياسي,",0,0,0,0,0,0
darija_5_00126,لعافية شاعلة ف سمارة : حريق مهول بالغابة و السكان خايفين على ديورهم (صورة حصرية)‏,0,0,2,0,3,0
darija_5_00127,"“إل باييس” : الشركات ف جزر الكناري خايفة من قوة تنافسية الشركات المغربية,",0,0,0,0,2,0
darija_5_00128,جايحة كورونا فالمغرب. هادي سيناريوهات الأيام الجاية.. وها اش خاص يدار باش نرفعو الحجر الصحي: نزيدو من عدد التحاليل وتكون عندنا ابليكاسيون لتعقب الحالات ونبقاو لابسين الكمامات ومحتارمين التباعد الاجتماعي,0,0,0,0,0,0
darija_5_00129,من دابا البرنامج ديال الحكومة المقبلة مسطر !!!!! ماجدوى الانتخابات اذا ؟؟؟؟!!!!!!,0,0,0,2,0,0
darija_5_00130,العز للمغاربة الرجال أو الريافة الأحرار يمشيو العيان يموتو المغرب فيه شعب متحضر,1,0,0,0,0,0
darija_5_00131,الكريساج ديال الطوموبيلات فالمحمدية.. مول الفلعة تشد اليوم وكيدير راسو “متشرد” بلش يشفر,0,1,0,0,0,0
darija_5_00132,النيابة العامة فتطوان هبطات داك دراري اللّي طالبو بإسقاط الجنسية للحبس,0,1,0,0,0,0
darija_5_00133,انشرو هذا كلام والد شهيد محسن فكري رحمة الله عليه [[positiveHOTO]],0,0,3,0,0,0
darija_5_00134,شعب امريكا عنصري وبربري مهما وصلوا من تقدم ولا ننسى كيف استعبدوا الافريقية مئات السنين ',0,0,0,2,0,0
darija_5_00135,أطفال المغاربة كيغتاصبوهم البيدوفيليين الصبليون وكيصورو بيهم افلام ديال البورنو,0,0,2,2,2,3
darija_5_00136,النيابة العامة فتطوان صيفطات مستشارة جماعية للحبس.. حصلات كتدوز الحشيش و القرقوبي لمحابسي كان فالصبيطار,0,2,0,0,0,0
darija_5_00137,الأخبار. مجلس الحسابات: مكتب التسويق والتصدير في شكله الحالي غير قابل للاستمرار,0,0,0,0,0,0
darija_5_00138,آش كان باغي يدير لينا هذا. إسبانيا تعتقل إسباني صنع أسلحة ومتفجرات لا تكشفها أجهزة المراقبة وتحجز بحوزته مخطط مفصل للسياج بين مليلية والناظور,0,2,0,0,2,0
darija_5_00139,مغربي مات فالفيضان لي ضرب مورسيا (فيديو صادم للفيضان),0,0,2,0,0,0
darija_5_00140,وزير الخارجية الاسباني من مليلية. سبتة ومليلية قاعدتين لإرسال الجهاديين إلى العراق وسوريا,0,0,0,0,0,0
darija_5_00141,@user @user bsa7 nti tbarkllah 3lik mrbya mzian ca se voi,2,0,0,0,0,0
darija_5_00142,الياس العمارى يطلق حملة الدعم النفسى من القاهرة لتعذر وصوله الى غزة منذ أسبوعمكتب النائب اشرف جمعة,0,0,0,0,0,0
darija_5_00143,أي رمضان هذا، وأي صيام، بلا لعبة زدي دي دي وعرام التشيش! ويوم انتصر المسك على جيل “ماجي”. أيها الولد الشقي، ليس لك ما تحكيه عن رمضان في المستقبل، وأنت قابع في البيت تلعب كاندي كراش وتحملق في الفيسبوك,0,0,0,3,0,0
darija_5_00144,قصة أخرى ورا اختطاف قاصر فدكالة وطلب فدية 30 ألف درهم لتحريرها,0,2,0,0,0,0
darija_5_00145,كل الفرق التي دربها فشل معها. اقول لسي زاكي سير ترتاح راك شوهتي .حشم شويا',0,0,0,2,0,0
darija_5_00146,جرْجرةٌ فوق النّيل وزُقاق القلق؟!,0,0,0,0,0,0
darija_5_00147,والله حتى دارها.. “ابن عرفة البيجيدي” دشّن ولايته الحكومية بأوعر كذبة في شهر أبريل!,0,2,0,0,0,0
darija_5_00148,hahahah tahowa ghadi idir booom 😪😪,0,0,0,0,0,0
darija_5_00149,خلاف تافه بين جوج جيران فالمحمدية سالا بجريمة قتل,0,1,2,0,0,0
darija_5_00150,عصابة ديال الكريساج بالحجر والسيوفا منوضها رعدة واستنفار بين البوليس,0,0,0,0,2,0
darija_5_00151,بالفيديو. ملتحي طعن ثلاثة فهولندا والبوليس كيقول هذا مسطي ماشي ارهابي,0,0,2,0,2,0
darija_5_00152,dak lwld li lfou9 kan f shra dyal rass l3am yak lol,0,0,0,0,0,0
darija_5_00153,"قيادة العدالة والتنمية هاجمات الحكومة بسباب برنامج “فرصة”: 2.3 مليار سنتيم من المال العام مشات للإشهار والمؤثرين وهادشي سبابو ضعف تواصل الوزرا,",0,0,0,2,0,0
darija_5_00154,بعد أنباء عن سوء معاملة المهاجرين المغاربة في نقاط العبور لجنة استطلاعية برلمانية لتتبع ظروف عودتهم,1,0,1,0,0,0
darija_5_00155,انتحار الشباب بمدينة الخميسات,0,1,2,0,0,0
darija_5_00156,واخا فيها الحرب.. الصبليون والبرتغال عوضو المغرب بأوكرانيا فتنظيم مونديال 2030,0,2,0,0,0,0
darija_5_00157,ضربة أمنية جديدة للبوليس.. ضبط شحنة كبيرة فيها كثر من جوج مليون كينة ديال “Captagonegative” فطنجة,0,2,0,0,0,0
darija_5_00158,الصبليون: خفر السواحل والحرس المدني عتقو 39 حراگ مغربي من بينهم أطفال,1,0,0,0,0,0
darija_5_00159,الله على اخلاق شي مغاربة. فوسط حريق سوق المركب. البوليس شدو ما يقارب 50 شفار فيهم مول محل كيشفر جيرانو,0,0,0,2,0,0
darija_5_00160,ضاحي خلفان سينتحر حزنا على الأموال التي أعطاها للبام ولم تنفع في هزم العدالة والتنمية,0,0,1,0,0,0
darija_5_00161,عدوى الانتحار تنتقل الى السلفيين. محاولة انتحار سلفي بسجن ايت ملول واتهام مدير ورئيس السجن باستفزازه,0,2,2,0,0,0
darija_5_00162,فصل المقال فيما بين التربية والتلقين من انفصال,0,0,0,0,0,0
darija_5_00163,Diali ana lli kbir 3lik ! sic Benkirane .,0,0,0,0,0,0
darija_5_00164,لو كانت فنانة عاهرة لتضامنت معها الدولة.ولكن هدا ليس الا مجاهد من اجل خدمة الوطن.,0,0,0,3,0,0
darija_5_00165,راه دارو تحليل للفيديو لقاو بلي صاحبو قتلو بالخطا بضغط زر الطحن,0,0,2,0,0,0
darija_5_00166,شركة متهمة بالتعامل مع اسرائيل توظف القرآن في اشهارها. اتهامات للهاكا بغض الطرف عن توظيف الرموز الدينية,0,1,0,1,0,0
darija_5_00167,سفارة هولندا فالرباط راسلات إدارة المهرجان الدولي للسنيما باش يرجعو ليها الفلوس اللي عطات,0,0,0,0,0,0
darija_5_00168,ratb9a dima mghribya hadi 9adyat hayat aw mawt bnssba lmgharba,0,0,0,0,0,0
darija_5_00169,@user yalh welad bladi chedou lhema w 7adrou lga3 sfouf w dirou ga3 lmatloub menkoum w sm3ounsaé7 lasatda w ranou ltaoura lmajida,1,0,0,0,0,0
darija_5_00170,اعتقال بيدوفيلي وضيع حقير وموسخ فكازا: اغتصب ولد صغير,0,0,2,3,2,3
darija_5_00171,"لتمويل الاقتصاد الأخضر .. البنك الأوروبي لإعادة الإعمار حط 163 مليون أورو للمغرب,",0,0,0,0,0,0
darija_5_00172,شيفور ف حالة غير طبيعية قتل 3 مواطنين فطنجة,0,0,2,0,0,0
darija_5_00173,لماذا ينتحر المغاربة ؟ هل أصبحنا على قدم وساق مع اليابان و السويد و سقراط و باتريك دوفير و أنطوني بوردان.؟,0,2,2,0,0,0
darija_5_00174,ارتفاع عدد المصابين بفاس إلى 305 حالة ومكناس وصلات لـ102: ها أرقام الجهة كولها,0,0,2,0,2,0
darija_5_00175,شاعلة ف مكناس. اعتداءات وتهديدات بالتصفية الجسدية تطال مرشحين ديال البيجيدي في بوفكران,0,0,0,2,0,0
darija_5_00176,الحموشي يزلزل الأمن فأكادير,0,0,0,0,0,0
darija_5_00177,لانتيرنيت بدلات كلشي.. حتى الطريقة باش كيبيعو الدريات لحمهم,0,0,2,1,0,2
darija_5_00178,sadmati f anis aktar min wasim lboldan kolha mtahda ela lmghreb l3arabi,0,2,0,0,0,0
darija_5_00179,يا ربي صحافة الله يحرقكم',0,0,0,3,0,0
darija_5_00180,قمت الكذب والدجل والرعونه',0,0,0,2,0,0
darija_5_00181,سمعتنا سابقانا للمونديال. ملايين المغاربة تحت أعين الاستخبارات الروسية,0,1,0,0,0,0
darija_5_00182,أخبار على تماسيح خرجو من النيل وخلعو المصريين.. والوزارة ردات,0,2,0,0,3,0
darija_5_00183,الدولة يا أخي هي لتحكم عليه حكم يتناسب مع ماقاله أظن أن الإعدام حكم جيد,0,0,0,0,0,0
darija_5_00184,نريد دوله العداله في ظل محمد السادس الله يحفظو,0,0,0,0,0,0
darija_5_00185,khesso doliprane suppositoire men pharmacie elbaraka hoi li i9dar icalmih chuia,0,0,0,0,0,0
darija_5_00186,اول فنان مغربي عربي تصل اغنيته ل خمسة مئة مليون مشاهدة على يوتيوب',2,0,0,0,0,0
darija_5_00187,hhhhhhhhhhhhh safe fda7ti l moufaj2a d momo et hatim,1,0,0,0,0,0
darija_5_00188,تعطا الضو الاخضر لبيع اوطيلات تابعة لمكتب الخليع,0,0,0,0,0,0
darija_5_00189,"الذبيحة السرية دايرة الروينة ف”صهريح كَناوة” ففاس.. حجز أكثر من 100 كيلو ديال اللحم والبوليس حصلو كَزارة كيوجدو يذبحو جوج بكَرات – تصويرة,",0,1,0,0,0,0
darija_5_00190,المواقع الإلكترونية تخيف السلطة ومالكي الصحف,0,0,0,0,0,0
darija_5_00191,دراسة. السلام القوي كينجيكم من مرض القلب!,0,1,0,0,0,0
darija_5_00192,الداودي لـ”كود”: حكومة بنكيران أنقذت البلاد من الغرق والوضعية المالية تقادات وغانردو 40 مليار درهم ديال كريدي هاد العام,0,0,0,0,0,0
darija_5_00193,sba7ek ward o foll o yasmin,2,0,0,0,0,0
darija_5_00194,شفارة السعودية: دخلو دري صغير وسط الصندوق- فيديو,0,3,2,0,0,0
darija_5_00195,دائرة الغضب على لشكر تتسع.. اتحاديو الحسيمة: ساعتك قريبة تسالي وتصريحاتك على الريف لا تلزمنا,0,0,0,2,0,0
darija_5_00196,#IbtissamTiskat tssawro dak nass lihajro hissabat dyalhom chi mn chhar 12 xhi 1 chi 2...tssawro irej3okamliin o talo 3lina hhhh knhlm bezf,1,0,0,0,0,0
darija_5_00197,هؤلاء ضحايا مناجم الهولدينك الملكي. دواوير مهددة واخطار على الصحة العامة والبيئة وهذه انواع الامراض التي يصاب بها السكان,0,0,2,0,0,0
darija_5_00198,"الكَيرا فأوكرانيا.. قصف روسي جديد طيح عدد من الضحايا ف”خاركيف” والعاصمة “كييف” والرئيس زيلينسكي: تصفية المقاتلين ديالنا غادي تحبس المفاوضات,",0,0,0,1,2,0
darija_5_00199,نجم بوليود أميتاب باتشان محتافل ب46 عام ديال الزواج والحب,2,0,0,0,0,0
darija_5_00200,كورونا كتريب فالعاصمة الاقتصادية ماليا. كتقتل فمقاولات وتؤزم حياة عشرات الأسر بعدما تسببات فخروج معيليها للبطالة,0,0,3,0,0,0
darija_5_00201,https://t.co/cjJsU3La3p Guys ajiw n3awdou nsd3ouu hadii wakha 9alttlina ah ms mahdratch m3a mounir wla zineb #zinaboussamasoon,0,0,0,0,0,0
darija_5_00202,نايضة بين النيابة العامة ودفاع بوعشرين بسباب الصحافي مبارك المرابط,0,0,0,2,0,0
darija_5_00203,الشيكات المحررة بتيفيناغ الامازيغية تمتحن الابناك,0,0,0,0,0,0
darija_5_00204,hbiban caad cv 3lik db librak trnii fa3rsooo chno ydiir blizz jwb ila kan 3ndak chi wa9ttt,0,0,0,0,0,0
darija_5_00205,pas le choix 😭😭 ghadi nmchi bkri w safi ba9yine ka ykhrejou bnadem m3a 18h,0,0,1,0,0,0
darija_5_00206,لن تربح العدالة و التنمية لأن الشعب عاق بهم .,0,0,0,2,0,0
darija_5_00207,الخط الاعلامي للقناة بعيد جدا عن هموم وتوجهات أغلب المغاربة',0,0,0,0,0,0
darija_5_00208,kima nti makatkhali ta 7d ydekhel fi 7yatk ta hiya wdiha fjeneb li derek,0,0,0,2,0,0
darija_5_00209,المغرب يرد عسكريا على استفزازات البوليساريو,0,0,0,2,0,0
darija_5_00210,قريب غادي يتعلن عليه.. حجر صحي و منع التنقل بالليل ف رمضان ومصدر حكومي لـ”كَود”: ها كيفاش غادي يدوز هاد الشهر,0,0,2,0,2,0
darija_5_00211,@user alh yachafih maskin 5asara raydaya3 mawazin nari kant ranmchi lih mab9itch rada 5aft,0,0,2,0,2,0
darija_5_00212,مدججون بالسيوف بفاس نوضوها شفرة,0,0,0,0,2,0
darija_5_00213,الجزائر مابغاتش تعطي الفيزا لمدرب غانا الإسرائيلي تضامنا مع الشعب الفلسطيني,0,0,0,0,0,0
darija_5_00214,عملية مرحبا 2015 تسجل تحول نوعي في تعامل الشرطة مع المهاجرين,0,0,0,0,0,0
darija_5_00215,العيساتي يرغب في الانضمام إلى البارصا,0,0,0,0,0,0
darija_5_00216,dakchi alach hamdoulah mereta7 et en bonne santé 😂,2,0,0,0,0,0
darija_5_00217,“الباشا ولد خويا” ودوك “للي مامسووقينش للانتخابات” ! العزوف السياسي تصرف ماشي إرادي يعني أن للي مامسووقش للانتخابات ماشي كايديرها عن اقتناع سياسي,0,0,0,1,0,0
darija_5_00218,hta ana kanou kayt7ydouli shi 2 jrs hadi wa9ila db la,0,0,0,0,0,0
darija_5_00219,هذا ليس موضوعنا يالصحافة الفساد   #الشارع_هو_الحل  #طحن_مو  #طحنونا_كاملين,0,0,2,3,0,0
darija_5_00220,فهم تتصطا. بوليسي يروج لقرص مخدر منتشر بالبيضاء,0,3,0,0,0,0
darija_5_00221,الجدارمية فمولاي يعقوب حصلوا طوموبيل فيها كميات كبيرة من الحوت الفاسد -تصاور,0,2,0,0,0,0
darija_5_00222,@user @user o tafahat b3ida 3lihoom man ch7al hadi ms bnadm kaystafzzak,0,0,0,2,0,0
darija_5_00223,جلسة ديال الطاسة طاحت فيها روح فمكناس,0,0,2,0,0,0
darija_5_00224,"خاصة بالعمرة.. الفريق الحركي كيطالب من وزير النقل باش يزيد رحلات جوية أخرى للسعودية,",0,0,0,0,0,0
darija_5_00225,الخبيثات للخبيثين',0,0,0,1,0,0
darija_5_00226,"الطاكسيات الحومر ففاس خارجين للاحتجاج عاود بسباب ارتفاع أسعار المحروقات – بلاغ,",0,0,0,2,0,0
darija_5_00227,البام هو المرشح الاول بشراء الاصوات والتحريض بشتى القوالب ضد البيجيدي.,0,0,0,1,0,0
darija_5_00228,يجب على الحكومة ، ان تمنع البنات من الذهاب الى دول الخليج بشكل نهائي ، طيحو من قيمة المغرب الله يخليها سلعة,0,0,0,2,0,0
darija_5_00229,سنتان وأربعة أشهر سجنا في حق العاطلين التسعة بسلا واغماءات في صفوف زملائهم,0,1,0,0,0,0
darija_5_00230,الرجاويين طلعو رجالة وخا خسرو,0,0,0,0,0,0
darija_5_00231,محاكمة معاق فالحسيمة قولب بزاف ديال الخلق وقاليهوم غانصيفطكوم لأوروبا,0,2,0,0,0,0
darija_5_00232,يخطو بثبات هذا اللاعب ♥♥ انا متاكد سيكون له شان كبير .',1,0,0,0,0,0
darija_5_00233,بريطانيا تهتز على وقع فضيحة طبية. التحقيق مع طبيب متهم نقل السيدا لـ 22 ألف مريض,0,3,0,0,2,0
darija_5_00234,هاد تلفونات مغاديش يبقا فيها الواتساب خدام ف 2021,0,0,0,0,0,0
darija_5_00235,قاليك إلا عطاك العاطي لا تحرث لا تواطي! علاش فرانسا ماحاملاش قطر و كاتحسدها؟‎,0,0,0,1,0,0
darija_5_00236,"اللهم و اصلح بطانته وخذ بيده واعنه على عمل الخيرات.""""""""""""""""'",2,0,0,0,0,0
darija_5_00237,آمين نتمنا الحكومة تاخد حق المضلوم مشي تضلام,0,0,0,1,0,0
darija_5_00238,wlah matfro insana tafha ma3ndha hta hadaf f hyatha bghat ghir nas igolo 3liha zwina tfoo,0,0,0,3,0,0
darija_5_00239,منيب ارتكبت خطئا جسيما بدخولها في مهزلة الانتخابات بالمغرب يجب ان تتركها لتجار الدين وقطاع الطرق,0,0,0,2,0,0
darija_5_00240,بونو خلى الـ”ليكَا” شاعلة قبل الكلاسيكو,0,0,0,0,0,0
darija_5_00241,سعودي خطب مغربية في الجبل (فيديو),0,0,0,0,0,0
darija_5_00242,الحسيمة هادئة من يروج هده الصور ويريد اشعال الفتنة,0,0,0,1,0,0
darija_5_00243,عصابة نصبات على مؤسسات قروض استهلاك في عشرات الملايين بتزييف أختام الدولة,0,2,0,0,0,0
darija_5_00244,سائحة من سويسرا دوزات كونجي فالمغرب وغير رجعات لبلادها لقات عقرب حارگ معاها وسط الباگاج ديالها,0,3,0,0,0,0
darija_5_00245,الفرقة الوطنية بدات التحقيق في اتهام رئيس جماعة صفرو باستغلال أملاك عمومية خارج القانون,0,0,0,0,0,0
darija_5_00246,hana hbibt lmaroc rahna farhanin bik okhalik m3a lmaystro dyalna ihab okhalikom m3a haydi ou rafa ou ali ou sohayla ganiw cha3bi,2,0,0,0,0,0
darija_5_00247,wayeeh serbia 9rit kano ki9tlo les muslims hhhhhhhhh mais daba mab9awch o lah o3lem,0,0,0,0,0,0
darija_5_00248,عاجل..الزفزافي يخوض اضراب مفتوح عن الطعام والماء والسكر: ميمكنش نعيش فوطن يحتقرني,0,0,2,1,0,0
darija_5_00249,إيطاليا طردات مغربي داعشي هدد بتفجير فنادق ونوادي سياحية,0,0,0,0,2,0
darija_5_00250,ممثل المملكة عند الأمم المتحدة عمر هلال غادي فوفد أممي لإفريقيا الوسطى,0,0,0,0,0,0
darija_5_00251,hadfou hta cbc rah hiya moulat lbarnamaj hna fans hanan mais walah ghantab3aha ghir man youtube,0,0,0,0,0,0
darija_5_00252,العاصفة ديال الشتا جاية فالطريق والأرصاد الجوية: عنداكم الرياح القوية فهاد المناطق,0,0,0,0,2,0
darija_5_00253,البام هو الرابح الاول من الريال. مؤسسة يرأسها بكوري توقع اتفاقية مع ريال مدريد,0,0,0,0,0,0
darija_5_00254,البام كيساءل وزير الداخلية فالبرلمان على قضية المحامي اللي دارولو الافراغ,0,0,0,0,0,0
darija_5_00255,ها بشحال حكمو على واعظة دينية حصلوها كتاجر في الأطفال في خنيفرة بعد شكاية مجهول,0,0,2,2,2,0
darija_5_00256,Hanona akhlaak hnina driyfaa tayiba kalbaa byat makat3raf ghira o hessed #كلمة_حب_للسلطانة_حنان,2,0,0,0,0,0
darija_5_00257,دواير الزمان وقلة الوفاء. بنعرفة وصحابو فالتحالف: اجيو نجريو على البي بي اس والغلة غادية ياكلها لشگر,0,0,0,1,0,0
darija_5_00258,عايشين الحب.. أشرف حكيمي كيوجد مع صاحبتو هبة أبوك تفاصيل الولادة وخفافيش الظلام كيسبو فيه -تصاور,2,0,0,0,0,0
darija_5_00259,que la vérité bbb lach nekdeb o ana kawni mostami3 kanchuf akhla9 l fanan 9bal men sawt dyalo o nti tjam3u fikk bjuj y,1,0,0,0,0,0
darija_5_00260,dakchi dyal khfif drif p,0,0,0,0,0,0
darija_5_00261,كل سنة شهداء بلا حساب حسبنا الله ونعم الوكيل',0,0,2,2,0,0
darija_5_00262,واحــلم بـــشـمـــس مـــضـــيــئــة فــي غد جــمــيـــــل',1,0,0,0,0,0
darija_5_00263,المهم بنكيران ماكيديرش المرقة,0,0,0,0,0,0
darija_5_00264,كلنا محسن فكري أن لله وانا اليه راجعون,0,0,3,0,0,0
darija_5_00265,12 ألف مرا مغربية معنفة ف 2018,0,0,3,0,0,0
darija_5_00266,salma momkin tkolna fin nkdro nshofok,0,0,0,0,0,0
darija_5_00267,hhhhhhhhhhhhhhhhhhhhhh ana ga3ma sma3tt ach kant kat9oll kanrakazz ghir m3a zineb oyassmin ochirine,2,0,0,0,0,0
darija_5_00268,Ncharek fntikhabate ou nchri chi jama3a ou blassa fel barlamane ou nami flossi. https://t.co/Jcg9oQNSlP,0,0,0,0,0,0
darija_5_00269,فـ خطاب شابع نظرية المؤامرة كيف العادة.. تبون: كاينين بؤر توتر فـ دول الجوار وبغينا نعززو العلاقات مع ميريكان وروسيا والصين,0,0,0,1,0,0
darija_5_00270,10 مناطق في الريف تؤكد خروجها لليوم السابع على التوالي إحتجاجا على الاعتقالات,0,0,0,2,0,0
darija_5_00271,شوهتم الاسلام بأفكاركم والاسلام منكم بريئ ',0,0,0,2,0,0
darija_5_00272,.أنهم تابعون مثل الجار والمجرور ويمشون ذلك انتخابات نزيهة وماهي إلا طبخة جاهزة تنتظر الموافقة فقط . ',0,0,0,2,0,0
darija_5_00273,بالفيديو. شركة طيران نزلات راكب بسيف عليه حقاش بغاو يركبو موظف ديالهوم!!,0,3,0,0,0,0
darija_5_00274,الحرب.. صور أقمار صناعية بينات توسع سريع لمقبرة جنوب أوكرانيا,0,0,2,0,2,0
darija_5_00275,التجمعية تابعمرانت: خاص نحميو ونعززو دور المعهد الملكي للثقافة الامازيغية وخاص ترسيم رأس السنة الاماريغية ويولي عطلة,0,0,0,0,0,0
darija_5_00276,lach katheto tag betyyy pllz messhih nass baghin fach itfarjou,0,0,0,0,0,0
darija_5_00277,لاحول ولا قوة الا بالله دوك لي كايصورو تخايلو خوك ولا فاميلتك كيف غا تحس كما تدين تدان',0,0,1,0,0,0
darija_5_00278,مصيبة هادي.. الحبس لميليارديرة ميريكانية عطات فلوس صحيحة لجماعة متهمة باستعباد العيالات جنسيا,0,0,2,2,2,3
darija_5_00279,يالطيف يالطيف يالطيف .. تفو على هذا المرض المزمن السرطاني الأسرائيلي',0,0,2,3,0,0
darija_5_00280,بنشماش دار أمين جهوي فبني ملال طيحاتو المحكمة من الانتخابات السابقة بسباب سوابقه القضائية,0,0,0,0,0,0
darija_5_00281,aah 5l3toni wach daz li9a2 dyalo fl7ora lyom knt 5arja machftoch,0,0,0,0,2,0
darija_5_00282,shiti had shi kolo li ktabti rada ytssawar w rada ymshi l youssra w nshofha tarabikoum shwyaa tssanay,0,0,0,2,0,0
darija_5_00283,الثلوج تُحرم تلاميذ من الدراسة في جبال الأطلس,0,0,2,0,0,0
darija_5_00284,رسالة إلى محمد السادس,0,0,0,0,0,0
darija_5_00285,ان عنف مثل هدا الفصيلة الافريقية مثل عنف القردة المتوحشة وبهدا التمرد المفتعل الخطير',0,0,0,0,2,0
darija_5_00286,البوليساريو خايفة على بلاصتها فالاتحاد الإفريقي وكتهدد بورقة المنطقة العازلة,0,0,0,0,0,0
darija_5_00287,مدير وكالة المغرب العربي للانباء الشاعر الصحافي خليل الهاشمي: الشعر بالنسبة لي تجاوز لليومي في كل ما هو محبط وغير عادل,0,0,0,0,0,0
darija_5_00288,هادشي كيخلع. مستشفيات المغرب تنتج سنويا أزيد من 6000 طن من النفايات الطبية الخطيرة,0,2,0,0,2,0
darija_5_00289,أين هو أمير المؤمنين و ملك الفقراء ؟؟؟؟ ما حاجتنا لقمر صناعي و لا يزال البلد غارقا في المشاكل الاجتماعية؟؟',0,0,0,2,0,0
darija_5_00290,عاجل. بن عرفة تلف وقصد بنكيران,0,0,0,0,0,0
darija_5_00291,تستحقين كل التقدير والاحترام ولو',2,0,0,0,0,0
darija_5_00292,لا اظن انه توجد مدن في العالم اقبح و ابشع من المدن المغربية.',0,0,0,2,0,2
darija_5_00293,كلنا محسن فكري😢😢😢😢,0,0,3,0,0,0
darija_5_00294,رئيس جهة العيون باغي يخدم يلا خلاّوه.. وها شنو دار,0,0,0,0,0,0
darija_5_00295,قلبي دليلي وقلبي عليكم إنّدل',0,0,0,0,0,0
darija_5_00296,حسبي الله ونعم الوكيل على كل ضالم كاين في هاد الدولة,0,0,2,2,0,0
darija_5_00297,المخزن شبع خبز و زاع تحياتي لكم من تركيا بلد العدالة و التنمية,0,0,0,2,0,0
darija_5_00298,بﻻدي ومنبع أجدادي أفتخر بها أينما دهبت روعة من الجمال وخﻻبة بمناطرها طبيعية',2,0,0,0,0,0
darija_5_00299,الديوانة ديال باب مليلية شدو سائق مهرب 40 ألف أورو,0,0,0,0,0,0
darija_5_00300,سبعيني مات بعدما شدوه بوليس المحمدية,0,0,2,0,0,0
darija_5_00301,مغربي كيواجه الحبس فمليلية بسباب اغتصاب صبليونية,0,0,2,0,0,3
darija_5_00302,الجامعة محيحة بالقرارات التأديبية هاد الأسبوع: ها شحال من فرقة جات فيها الدقة,0,0,0,1,0,0
darija_5_00303,hhhh hardart jomhorha la fi3lan kadahko lach mrakzin m3aha ama kayn bin li kaydir dakchi 3alanan ou li khbit bhal bohila,1,0,0,0,0,0
darija_5_00304,الجنس الجماعي في اكادير. 5 السواعدة و4 المغربيات بغاو يديرو أفلام بورنو,0,0,0,0,0,3
darija_5_00305,بالفيديو. رجال أمن إيطاليين يقتحمون مبنى لإعتقال مغربي متهم بالانتماء لداعش,0,0,0,0,2,0
darija_5_00306,وا الأساتذة : مزيان تبينو مجهوداتكم ف القسم ولكن حذار من تصوير الأطفال و نشر صورهم بلا ترخيص,0,0,0,1,0,0
darija_5_00307,بوليس الصبليون حررو 15 بنت من المغرب ودول افريقية كانت كتستغلهم شبكة دعارة فالميريا,0,0,2,2,0,2
darija_5_00308,فلاّح اقتل مراتُو فقرية با محمد بتاونات,0,0,2,0,0,0
darija_5_00309,لمواكبة الفلاحين وتحديد احتياجاتهم.. مجموعة القرض الفلاحي للمغرب وSOWIT دارو شراكة,2,0,0,0,0,0
darija_5_00310,مرا ناوية على الطلاق بعدما قهرها راجلها بالتفراج فـ الرسوم المتحركة,0,3,0,0,0,0
darija_5_00311,العيون.. الوقاية المدنية عتقات 9 أشخاص كانو غادي يغرقو فـ شاطئ فم الواد,2,0,0,0,0,0
darija_5_00312,العدالة و التنمية إنشاء لله,0,0,0,0,0,0
darija_5_00313,الرمضاني: فين غاديين. ما سوقيش اش كيقول اخنوش ولكن واش الملك كيتسب تحت السمطة عادية؟ وعلاش اللي كلاو الغلة كيسبو اليوم فالملة,0,0,0,1,0,0
darija_5_00314,"بينتر وصلات لفاس. خط جديد من كنارياس للعاصمة العلمية,",0,0,0,0,0,0
darija_5_00315,حميد شباط اكبر مفسد في المغرب و حتا خارجه      كفاكم نفاق,0,0,0,2,0,0
darija_5_00316,لحماق والظلم. اعتقال مسافر مطار القاهرة حقاش باطوز!!,0,1,0,2,0,0
darija_5_00317,واش غايكون شي انفراج فالملف؟. احكام جديدة على حراكيي الريف فيها البراءة والحبس سورسي,0,0,0,0,0,0
darija_5_00318,كيف سمحت لك نفسك ان تقارن اردوغان بالحمار بنكيران للتذكير انا #ممصوتش,0,0,0,2,0,0
darija_5_00319,الله يرحموا 😢 كلنا محسن فكري ✌,0,0,3,0,0,0
darija_5_00320,allah ywaf9ak wysahal 3lik ya rab,2,0,0,0,0,0
darija_5_00321,ntoumma dimane l a9wa ou ghadine tb9aw ntoumal a9wa,0,0,0,0,0,0
darija_5_00322,الجمعية المغربية فرع طانطان كاعية على اعتقال معطلين بالمدينة,0,0,0,2,0,0
darija_5_00323,فيديو فضح قضية كبيرة ديال احتجاز وضرب وجنس ف بوزنيقة,0,0,0,1,2,3
darija_5_00324,hanouna nmout alik nti ou ihab ou sousou,2,0,0,0,0,0
darija_5_00325,البيان الشوهة ديال الاحزاب ب4: ها اللي قلق بنكيران وخرج عقلو: جبدو الملك ودخلوه فالمفاوضات وهاجمو حكومتو اللي كان الاحرار والحركة فيها,0,0,0,2,0,0
darija_5_00326,ها موعد سفر الرجاء إلى النيجر وبروكرام استعدادات الفريق,0,0,0,0,0,0
darija_5_00327,رسميا..بتنسيق بين وهبي وقيوح: الاستقلال دعم مرشحة البام فالانتخابات الجزئية لمجلس المستشارين,0,0,0,0,0,0
darija_5_00328,wakhad 3lik nadra zwina insane rai3a i7ssas bik rhdyi tkon insan jamil 😍😊😊,2,0,0,0,0,0
darija_5_00329,الزفزافي يوجه مدفعيته الثقيلة إلى الدولة. اتهمها بشن حرب عرقية وعنصرية ضد الريف !,0,0,0,2,0,0
darija_5_00330,good luck for ur concert tonight hbib dyalna🙏akid 7atewlaa3ha🔥bas kanet 7atewla3 aktar law kunt ana mawgouda😔💛,2,0,0,0,0,0
darija_5_00331,hhhh y9dar tanchk frasi tangol wach madrtoch,0,0,0,0,0,0
darija_5_00332,يا فرحتي، يا بهجتي، مايسة تذكرني بالاسم، وتتهم موقع كود! من أجلك يا مايسة أقاطع الحليب والماء والوقود والقرنبيط والملفوف,2,0,0,0,0,0
darija_5_00333,الحمد لله ان هده ( القناة ) تعترف برلمان المغرب.,0,0,0,0,0,0
darija_5_00334,علينا وعليك بالصحة والعافية والتألق والمزيد من النجاح للوصول الى العالمية ولو انك قد وصلتها اتمنى لك المزيد',2,0,0,0,0,0
darija_5_00335,salam kidayrin alhbab lyouma sehd oul3jaj f agadir bnisba lohkm 3la aljamila jihan howa anaha dir zif oumtaakd 100 ghayji m3aha,0,0,0,0,0,0
darija_5_00336,مقتل باشا عين السبع داخل سيارته في اعتداء بالحجارة من فوق قنطرة سيدي مومن بكازا (صورة),0,0,2,0,2,0
darija_5_00337,Wliti tz3mi tlbi 3assir a kmart rayb o l7lib b siro,0,0,0,2,0,0
darija_5_00338,مناطق الواحات وشجر اركان غادة وكتحسن والمؤشرات فيها كلها فالخضر: معدل الفقر هبط ب 6.6 نقطة ما بين 2007 و2019 والاستثمارات العمومية وصلو لـ 93.4 مليار درهم ف 2020 وتخلق 92.624 منصب شغل بين 2012 و 2019,2,0,0,0,0,0
darija_5_00339,مظاهرات التلاميذ وتخسار الهدرة فالشعارات ديالهم بينو بلي طالع جيل كيعيش نوع من المساواة الحقيقية بين البنات والدراري,0,0,0,0,0,0
darija_5_00340,الدولة الفاسدة نتمنى يدوم هاد التظاهر تا تجي COpositive22 باش يتفضحو الفاسدين امام العالم,0,0,0,2,0,0
darija_5_00341,بعدما غبرها الزواج على الساحة الفنية.. حنان الخضر كتوجد باش ترجع تغني,0,0,0,0,0,0
darija_5_00342,ychedha lik ywsaa lik said,0,0,0,0,0,0
darija_5_00343,بلجيكا. إمام مغربي ديال أكبر جامع فمولينبيك جابها ف راسو.. حيدو ليه تصريح الإقامة و10 سنين ما يدخلش للبلاد,0,2,0,0,0,0
darija_5_00344,النوري فاق من الغيبوبة,2,0,0,0,0,0
darija_5_00345,صوتوا على الدكتورة نبيلة منيب امرأة عضيمة الرمز الرسالة,0,0,0,0,0,0
darija_5_00346,بعدما قاليهم بنعرفة حنا مع الدولة.. برلمان البي جي دي صوت بالأغلبية على رفض المؤتمر الاستثنائي وتجاهلو التطبيع مع اسرائيل,0,0,0,0,0,0
darija_5_00347,جمعية حقوقية: ها اللي خاصنا نديرو باش ما تبقاش جهة طنجة تطوان اول مشتل للإرهابيين,0,0,0,0,0,0
darija_5_00348,الدم كيوجد لزيارة ابن عرفة العدالة والتنمية للحسيمة. من حزبهم: بشاعة الصور تسائل مغرب حقوق الانسان,0,0,0,2,0,0
darija_5_00349,رسالة إلى المفسدين.. ­راه الحموشي مغاديش يو­قف الحملة عليكم: اعتق­ال بوليسي متهم بالارت­شاء والتزوير,0,0,0,0,0,0
darija_5_00350,أكره كرها شديدا هدا البلد المغرب من اعماقي بسبب غياب الإنسانية عند صيادلة وأطباء المغاربة',0,0,0,3,0,0
darija_5_00351,hhh ana saraha dahkouni ma9dartch nasbar man kalakh dyalhoum safi hadi akhir mara najbdhoum,2,0,0,0,0,0
darija_5_00352,حاملون لـ “السيدا” يزرعون الرعب بالبيضاء ويهددون بحقن دم ملوثة,0,0,0,0,3,0
darija_5_00353,@user li kibghi hanan rah kikon oslobo ra9i f7alha matw93tch mnk tnzl had mostawa??,0,0,0,1,0,0
darija_5_00354,سما المصري دارت شكاية بـ4 ديال البرلمانيين المصريّين وها علاش,0,0,0,0,0,0
darija_5_00355,«الديربي» فهاد الدورة.. والوداد يستهل حملة دفاعه عن اللقب باستقبال هذا الفريق,0,0,0,0,0,0
darija_5_00356,لن يجد المخزن حكومة مطيعة خنوعة منفذة و بالحرف لتعليماته مثل هذه التي يقودها تجار الدين,0,0,0,1,0,0
darija_5_00357,الاسبرين مضاد للالتهابات في محاربة السرطان,0,0,0,0,0,0
darija_5_00358,@user mabrouk 3lina o3liik lay dakhlo 3lina bssaha o salam kanouz,2,0,0,0,0,0
darija_5_00359,كتحمقني والله زويييونة تبركاالله عليك',2,0,0,0,0,0
darija_5_00360,سياسية من الدرجة الاولى,0,0,0,0,0,0
darija_5_00361,ادريس شويكة دخل فرئيس لجنة تحكيم مهرجان طنجة الوطني: باش تفضل ربورطاج تلفزيوني على فيلم سينمائي ما تستحقش مني اي احترام وغادي تبقى وصمة عار فتاريخ السينما,0,0,0,1,0,0
darija_5_00362,اخنوش عزيز رجل المرحلة بإمتياز.. و الرهان عليه  سيكون من اجل المصلحة الوطنية,0,0,0,0,0,0
darija_5_00363,محبي الرجاء البيضاوي: اعتقال هاجر الريسوني تصفية حسابات سياسية,0,1,0,0,0,0
darija_5_00364,الحرب.. الجيش الأوكراني رجّع مناطق جديدة فـ”خيرسون” وكيوجد لمواجهات جديدة فلوغانسك ,0,0,0,0,2,0
darija_5_00365,@user wlad l7aram ga3ma kay39lo 3la lbachar,0,0,0,2,0,0
darija_5_00366,بغاو يلوحهم للشارع بعدما تحكم عليهم بالإفراغ. سكان المركز الجهوي للتلقيح الاصطناعي عين الجمعة ينتفضون,0,0,2,3,0,0
darija_5_00367,"مزال شاعلة فـ”الزيتونة”.. “الحركة التصحيحية” بزعامة شباط: خاص الداخلية ماتقبلش حتى تغيير ضد القانون فأجهزة الحزب والمجلس الأعلى للحسابات خاصو يبحث فالشفرة اللي كاينة,",0,0,0,1,0,0
darija_5_00368,روح طاحت فآيت ملول,0,0,2,0,0,0
darija_5_00369,مسابح جماعية بسيدي رحال الشاطئ كتخرق الحجر الصحي فسهو من السلطة,0,1,0,0,0,0
darija_5_00370,نار الحب تحرق شابا في فاس,0,0,2,0,0,0
darija_5_00371,لا شيء يدعونا للاحتفال ب20 فبراير علينا ان نشطب عليها من ذاكرتنا: كمازوشيين أصيلين نحتفل في كل ذكرى بهذه الخيبة المسماة 20 فبراير,0,0,0,2,0,0
darija_5_00372,كريمة نادر : شاركت في الجزائر بصفتي متعاونة مع منظمة إيرلندية ولا علاقة لي بالجمعية المغربية لحقوق الانسان,0,0,0,0,0,0
darija_5_00373,فرنسا دولة العدالة لا تعترف بالأسماء فما بالك بفنان عربي له سوابق في نفس الموضوع,0,0,0,1,0,0
darija_5_00374,قبل القمة الافريقية. وزير خارجية الدزاير مازال كيروج لأوهام الجنرالات بالمنطقة.. حاول ينسق مواقف بلادو المعادية مع تشاد اللي أصلا سحبات اعترافها بالبوليساريو هادي اكثر من 14 عام,0,0,0,1,0,0
darija_5_00375,متقاعد اهتك عرض قاصرين ف العرايش,0,0,2,2,0,3
darija_5_00376,جورنالات بلادي2. سفارة بدون سفير لمدة ثلاث سنوات في الشقيقة الكويت وشبكة الدجاج الفاسد تكشف ارتشاء مسؤولين والحموشي يعكف على هيكلة عدد الولايات الأمنية وملاءمتها بالجهات المستحدثة,0,0,0,0,0,0
darija_5_00377,شكرا لبنكيران لانه اقتطع من راتبي  ولاية ثانية انشاء الله,0,0,0,2,0,0
darija_5_00378,غوغل يكشف جريمة قتل. دارت بحث على طريقة القتل بدون انكشاف والبوليس حصلها,0,1,0,0,0,0
darija_5_00379,"الجدارمية طيحو واحد من الشفارة اللي كشطو دار فسيدي رحال الشاطي ومزال كيقلبو على صحابو,",0,0,0,0,0,0
darija_5_00380,بوليس تطوان قرقبو على جوج متهمين جداد حتى هوما حرضو الناس للخروج فمسيرات العصيان,0,0,0,0,0,0
darija_5_00381,khes ykoun 3ndk dakchi dyal n7as bech tvalidi dif b 11 ou nta kan 3ndek 225 f controle,0,0,0,0,0,0
darija_5_00382,جاب الله الزفت مايمكنش إعادة استعماله أما تلقى كاع المناطق النائية فيها غير شانطي واحد كيفرشوه الى كان دايز الملك ويجمعوه يصبحوه فبلاصة خرى بحل لي كيديرو مع النخل,0,0,0,2,0,0
darija_5_00383,مأساة. شارجور شعل العافية فدار بفاس وتسبب فمصرع طفل عمره سنتين,0,0,3,0,0,0
darija_5_00384,بغاو ايرجعو الجهة زاوية.. جهة الداخلة خصات 4.5 مليون درهم لجمعية ديال العدالة باش ايسيطرو على المساجد,0,0,0,1,0,0
darija_5_00385,@user ja lhssabi mal9a tahaja galiya 3atyak flouss bach daf3i 3liha ... o makhala ma9al fiya khedmtk khedmat lil ozid o zid...,0,0,0,0,0,0
darija_5_00386,المغربية “روبي” هاربة من دار لإيواء الفتيات المضطربات عقليا في صقلية,0,2,0,0,0,0
darija_5_00387,باش نجحو فرفع الحجر الصحي.. وزارة الصحة غادي دير تقريبا 2 مليون تيست ديال كورونا ف 3 شهور.. وغاتستعمل السكانير للكشف على الفيروس عند الحالات بلا أعراض,0,0,0,0,0,0
darija_5_00388,rah ghalet ghalt f l3onwan yemchi y9elb fjiha khora,0,0,0,1,0,0
darija_5_00389,الله آرحمه كلنا محسن فكري من مدينة تطوان الله يأخذ الحق في الظالمين,0,0,3,0,0,0
darija_5_00390,الله أكبر الله أكبر تقبل الله صيامكم الأصدقاء و بالصحة فطوركم day_8,2,0,0,0,0,0
darija_5_00391,الريف لا يركع   والحق يؤخذ ولا يعطى لاننا لسنا في دولة الحق والقانون,0,0,0,3,0,0
darija_5_00392,لكن للأسف الشديد الرشوة استفحلت في مجتمعنا وأصبحت شيئا عاديا',0,0,2,0,0,0
darija_5_00393,الأمن المغربي غادي يتكلف بتأمين مونديال قطر,0,0,0,0,0,0
darija_5_00394,اسبانيا.. متشرد مغربي مات فظروف غامضة: لقاو الجثة ديالو متفحمة,0,0,2,0,0,0
darija_5_00395,الشاب خالد يفحم الاعلام الجزائري. القانون يسمحلي ب دوبل ناسيوناليطي وأنا درت جنسية ديال لمغاربة خوتي وجيراننا + فيديو,0,0,0,0,0,0
darija_5_00396,300 سنة لزعماء حراك الريف. ازمة ديبلوماسية مغربية هولندية. الخارجية تستدعي سفيرة هولندا. المغرب: الريف موضوع داخلي وما نتلقاو دروس من حد ووزير خارجية هولندا لمغاربة هاد البلد: ردو بالكم,0,0,0,2,0,0
darija_5_00397,الجنرال دوكور دارمي فاروق بلخير فالبنتاغون وها مع من تلاقى,0,0,0,0,0,0
darija_5_00398,العيون.. بحار مات بعدما طاح من باطو ديال الصيد,0,0,2,0,0,0
darija_5_00399,السّيبة. نايضة مضاربات بالسيوفا فحي البطحاء بفاس سالات بإصابات ومطاردات أمنية,0,0,0,2,2,0
darija_5_00400,ضربة جديدة للديستي. شبكة ديال تزوير لفلوس والنصب عبر مواقع التجارة الالكترونية طاحت فيد البوليس,0,2,0,0,0,0
darija_5_00401,khti hiya makadir waloo chno dnbha lakan 3ziz 3liha wktgls m3ah yak galo liha diri hodod darthom had fans fitna,0,0,0,0,0,0
darija_5_00402,هل إدخال السياسة في الذين هذا هو اﻹسﻻم الله إنعل لي ميحشم,0,0,0,2,0,0
darija_5_00403,هذه هي نسبة الشباب المغاربة اللي عانوا من العنصرية ف الخدمة ف اوروبا,0,0,1,0,0,0
darija_5_00404,رئيس جماعة حدا مراكش وبامي دخل فحيط لقصر وتشد,0,2,0,0,0,0
darija_5_00405,مرا وگادة. بالفيديو. تايوانية نقذات راجلها من هجوم مسلح,0,1,0,0,0,0
darija_5_00406,الناس فالناس وصفاء حبيركو فمشيط الراس: صدعوني الناس بسؤال امتى غادي تحملي!,0,2,0,1,0,0
darija_5_00407,الأغلبية تُسائل بنكيران عن التحضيرات الجارية لتنظيم الانتخابات‏,0,0,0,0,0,0
darija_5_00408,انت افتخر بابوك لي طالق واد ديال الفلوس من وزارة الخارجية بحال الى حتى واد من شباب المغرب ما يعرف يقول هاد جوج كلمات,0,0,0,1,0,0
darija_5_00409,العدالة و التنمية إن شاء الله. ههههههههههههه,0,0,0,0,0,0
darija_5_00410,ابن كيران.. سبيطار متنقل يلعب على الكلمات يوجه إشارات ولا يتخلى عن مستملحاته المعهودة,0,0,0,0,0,0
darija_5_00411,تعطيل الحوار الثلاثي ماعاجبش ال”سي دي تي”: غادي نواصلو مواجهة كل التراجعات الحقوقية والاجتماعية,0,0,0,2,0,0
darija_5_00412,حريق في شركة نجارة بمراكش,0,0,0,0,0,0
darija_5_00413,"الكَيرا فأوكرانيا.. تقتلو عشرات الأشخاص وإصابة 100 آخرين فهجوم صاروخي روسي على كَار ديال الترانات,",0,0,3,0,2,0
darija_5_00414,سلام عليكم هنيئا للشعب المغربي بهذا الإنجاز العظيم الذي اتمنى ان لا يقف عند هذا الحد ب',2,0,0,0,0,0
darija_5_00415,"@user rah bayn bli @user """"""""ana o rassi"""""""",iwis ntmazirt waman la ya3rifoh,ghatkoun 7al9a top mli fiha AHMED o MONTASSIR",1,0,0,0,0,0
darija_5_00416,"أزمة “أساتذة الكونطرا”.. بنموسى: حققنا ليهم عدد من المطالب وآخرها الانخراط فال”CMR” وعبرنا ليهم بزاف ديال المرات على استعدادنا لفتح نقاش صريح,",0,0,0,0,0,0
darija_5_00417,العثور على شخص مصاب بطلق ناري بالقرب من مستشفى بتمارة,0,0,2,0,2,0
darija_5_00418,شفارة كشطو جامع في بني ملال وها لي تقادو منو,0,2,0,0,0,0
darija_5_00419,رسالة تهنئة الملك محمد السادس لـ”وهبي” مافيهاش إشادة لبنشماش: واش غضب عليه؟,0,0,0,0,0,0
darija_5_00420,ضبط سائح مغربي يتاجر في الآثار بالوادي الجديد في مصر,0,1,0,0,0,0
darija_5_00421,اش واقع اليوم : حصيلة هاد النهار من الجرائم و الحوادث,0,0,0,0,0,0
darija_5_00422,بوعار كان غادي يحرق إقامة سكنية بإقامة المستقبل في حي سيدي معروف بكازا,0,0,0,0,0,0
darija_5_00423,تعاون تجاري واقتصادي جديد جاي فالطريق بين المغرب والسعودية,0,0,0,0,0,0
darija_5_00424,مافهمتش كيفاش المغاربة أنانيين وكيقدسو الحولي كثر من حياتهم وحياة عائلاتهم.. وهانيا واخا يديرو الكسايد ويموتو بكورونا ويقتلو واليديهم.. المهم هو الشوا وبولفاف,0,0,0,2,0,0
darija_5_00425,المغرب واحد واحنا مغاربة موحدين من طنجة لكويرة أن شاءالله بقيادة ملكنا المحبوب محمد السادس,2,0,0,0,0,0
darija_5_00426,@user @user wakha te3teni lien de instagram dyalo plz,0,0,0,0,0,0
darija_5_00427,ana tyban liya a tarja3 lmaghrib 7amla b 7raymi massi7i mn chamkar raha galt mn 17 3am tat7lam b hadchi,0,0,0,2,0,1
darija_5_00428,بالصـور..حريق كبير يلتهم معملا للنسيج في منطقة لهراويين,0,0,0,0,0,0
darija_5_00429,@user oui hna dayrin tal 6 onbdaw mais rah kikon f trend 3amani o9liil fach kanchfo f trend kuwayti ..,0,0,0,0,0,0
darija_5_00430,هجوم عنيف على غزاوي بسبب تحوله من قراءة القرآن إلى الغناء,0,0,0,2,0,0
darija_5_00431,trans almou nta w zhrak t9dar tti7 f wa7d jdid 7ssan mn ctm c+ o t9dar tti7 f wa7d kfass mn trans kam 7ni9za 😅,0,0,0,0,0,0
darija_5_00432,الأمير مولاي رشيد يحتفل بأول عيد ميلاد “مجردا” من لقب “أشهر عازب” في المملكة,2,0,0,0,0,0
darija_5_00433,اضحك مع “السخافة” الجزائرية. الاكستازي مغربي وكيسبب العقم والجنون,0,0,0,0,0,0
darija_5_00434,@user @user @user @user @user Ta ana 3ziza 3lia dounia bezaf !! ma fhemtch ach wa9e3 men lbare7 !!!!,0,0,0,0,0,0
darija_5_00435,إيطالية بغات تغتصب مغربي في الشارع. السيد عونوه غير برجليه ولكن شبعات فيه عضان,0,0,2,0,2,2
darija_5_00436,ها اللّي طلع ليهوم الجُّوكْ فالمناصب العليا هاد الأسبوع والجنس اللّطيف كالعادة مكاينش,0,0,0,0,0,0
darija_5_00437,الصحافي الشرعي شاف على شخصيات كبيرة بزاف من المخابرات والسياسة والجيش فامريكا واسرائيل وبريطانيا وسنغفورا,0,0,0,0,0,0
darija_5_00438,شنو لي كيخلي سميرة سعيدة تبقا ديما صغيرة؟ -تصاور,0,0,0,0,0,0
darija_5_00439,ach daret 3awod mbc hhhhhhhh daba nedkhol d cava azin kander tlila hna wlhih d belya khayba,0,0,0,0,0,0
darija_5_00440,عصابة «القرود» تهدد زواج ميسي,0,0,0,0,0,0
darija_5_00441,محامي المشتكيات ف ملف بوعشرين.. الحاجي خدموه عند عبيابة,0,0,0,0,0,0
darija_5_00442,مع العدالة و التنمية رغم هذه المسرحيات و إن كان قد أصيب أحد منهم فمنهم هم أنفسهم لإلصاق التهمة بالعدالة و التنمية. هناك فيديوهات بالواتساب.,0,0,0,0,0,0
darija_5_00443,سابقة. محكمة أكادير الإدارية توقف تنفيذ ميزانية مجلس جهة كلميم وادنون,0,2,0,0,0,0
darija_5_00444,hnadaba chi lwahid limabghinahch nchofo hanan m3a lmohrij osafi hanan 3la rasna zwina driyfa mais m3a lkhrin,0,0,0,0,0,0
darija_5_00445,تحية عالية على المستوى العالي والحضاري كلنا مكم كلنا محسن فكري كلنا اخوة,1,0,0,0,0,0
darija_5_00446,لاربيتر ديال ماتش دالكورة تيرا بالقرطاس باش يوقف الروينة وسط التيران – فيديو,0,2,0,0,2,0
darija_5_00447,اسبانيا.. ها شحال ديال الحبس كيتسنا ارهابيين مغاربة متهمين بتجنيد الناس لداعش والتحريض على تنفيذ هجمات إرهابية ف أوروبا,0,0,0,0,2,0
darija_5_00448,بالفيديو. شرين عطاتها للشطيح والرديح مع زوجها بعد القرار النهائي الي صدراتو محكمة مصرية فالقضية ديالها,1,0,0,0,0,0
darija_5_00449,عاجل. الفرقة الوطنية جات للرئيس المعزول لجماعة دار بوعزة عبد الكريم شكري,0,0,0,0,0,0
darija_5_00450,خاصو دكتوراه إجرامية. اختطف واغتصب وضرب الكوك وسالاها بالأرنكة,0,0,0,2,2,3
darija_5_00451,أحسنت قولا، وهذا هو كلام الانسان المثقف الواعي الحر، وليس من سيصوت للعدالة والتنمية الا فقط لأن البام ضدهم، هذا هو الغباء بعينه,0,0,0,2,0,0
darija_5_00452,اختي نحن المغربا نحب الجزائريين أصحاب العقول الرقية اما المغرب شراف الكول دولة عربية,0,0,0,1,0,0
darija_5_00453,سبعيني فوارزازات قتلاتو شهوتو الجنسية. ها كيفاش تقتل فدار ديال الدعارة,0,0,2,0,0,2
darija_5_00454,اختي ليلى الله ينجحك و يسهل عليك كل ماصعاب قولي لي الموضوع العام لي عطاوكوم فمباراة المالية الله يرحم الوالدين هاهي نمرتي فالواتساب ',0,0,0,0,0,0
darija_5_00455,عاجل. الشاب خالد فلت من إرهابيين كانو غادي يديرو عملية إرهابية فمسرح عنابة,0,0,0,0,2,0
darija_5_00456,"بوريل : موقف الحكومة الاسبانية لا يتعارض مع قرارت الامم المتحدة والاتحاد الاوروبي,",0,0,0,0,0,0
darija_5_00457,القضاء كيخفف العقوبات الحبسية فحق معتقلي حراك جرادة,0,0,0,0,0,0
darija_5_00458,كوبل مغربي ففرنسا اضطر يسد الريسطو ديالو بسباب التهديدات والاستفزازات العنصرية,0,1,1,0,0,0
darija_5_00459,رائعة غاليتي كالعادة وفقك الله﻿ ',2,0,0,0,0,0
darija_5_00460,عشرات الالاف يشاركون في تظاهرة مناهضة للتقشف في اسبانيا,0,0,0,1,0,0
darija_5_00461,قدوتي رسولى سيدنا محمد عليه السلام اللهم صل وسلم وبارك عليه',0,0,0,0,0,0
darija_5_00462,من غير الحليف التقليدي فرنسا. ناصر بوريطة فشل يجيب أصوات أوروبية أخرى تدعم مبادرة الحكم الذاتي علانية.. وعلاش غابت إسبانيا لّي هي المستعمر التاريخي للصحرا المغربية ؟,0,0,1,0,0,0
darija_5_00463,هزة ارضية جديدة فالناظور خلعات الناس هاد الصباح,0,0,0,0,3,0
darija_5_00464,واش كيوجد يردو يلعب مع الأسود؟ الركراكي غيسافر للسعودية باش يتلاقى مع حمد الله,0,0,0,0,0,0
darija_5_00465,هذه هي الأغنية التي منحت الشاب خالد الجنسية المغربية ولعصام كمال وساما ملكيا,0,0,0,0,0,0
darija_5_00466,nari kon sar9oh o talbo lfidya kon 97ab lmadlola lobnaniya 5anan rah taytchafa f ihab o sohayla walakin llah kbir 😍😍,0,0,0,0,0,0
darija_5_00467,مشات التأشيرة ومشا مولاها. وفاة الرجل الذي أضرم النار في جسمه أمام القنصلية الفرنسية بأكادير,0,0,2,0,0,0
darija_5_00468,نايضة عند المصريين. شركة إنتاج تعلن عن طلب ممثلين في أفلام بورنو وماشي مشكل يكونو القاصرات! (فيديو),0,0,0,3,0,0
darija_5_00469,Zin li 3tani lah 3emro matel9ah #كليب_انا_الصاحب,1,0,0,0,0,0
darija_5_00470,@user @user Nta ma dakhelech ! Hadak @user li darouri yekhaless,0,0,0,0,0,0
darija_5_00471,sa7afa d l9lawi qui partage la video des enfants avant dakchi li w93 a bouzni9a,0,0,0,3,0,2
darija_5_00472,wlah ya babaha wojat nlemaghrib ya7ta ndiroliha 3aha mosetadima bach nweriwha mgharba chkaysewaw,0,0,0,3,0,0
darija_5_00473,الشطاحة مايا مامفاكاش مع المنتقدين: مغاديش ندخل سوق راسي نهائيا -فيديو,0,0,0,0,0,0
darija_5_00474,ها علاش باقين المتقاعدين والأرامل محرومين من رفع الحد الأدنى للمعاشات لي قرراتها حكومة بنكيران,0,0,0,0,0,0
darija_5_00475,@user hxouma 3lik knt bikhiir hhh off tfou kheliha hta hiya testahel Wllh hta jatni lbekya hh Khra Hada 3awtani lah y3tih mousiba,0,0,2,2,0,0
darija_5_00476,ra hiya a hbiba li dart lih wahad l9alba khayba,0,0,0,0,0,0
darija_5_00477,بابا توندي يغادر الرجاء مجددا,0,0,0,0,0,0
darija_5_00478,عندها قرن وعامين وخذات دكتوراه ف الطب بعد 77 عام من دفاعها عن اطروحتها!,0,2,0,0,0,0
darija_5_00479,رابطة الدفاع عن الوحدة تهاجم حكومة بنعرفة دالبيجيدي بسباب حراك الريف,0,0,0,2,0,0
darija_5_00480,بنعرفة دالبيجيدي يتحدث عن الوفاء!: لا تنصتوا للتشويش فنحن أوفياء وملتزمون بتحالفاتنا خاصة مع التقدم والاشتراكية,0,0,0,0,0,0
darija_5_00481,جديد زواج المغربيات بالسواعدة: خاص السعودي مايكونش عندو سوابق والمرا تكون موافقة !!,0,2,0,0,0,0
darija_5_00482,بسبب زحف المصطافين من المدن الموبوؤة ليها.. السلطات قررات تسد بحورا آسفي والوالدية وسيدي بنور,0,0,0,0,2,0
darija_5_00483,raki f chahal mabantich wla rani ghalta,0,0,0,0,0,0
darija_5_00484,الياس العماري يرفع الحرج عن البي جي دي عبر “كود”: احترم اي موقف ياخدو العدالة والتنمية وراني جيت نساهم فمغرب يسع الجميع وتتسع فيه الحريات الجماعية والفردية,0,0,0,0,0,0
darija_5_00485,تعزينا حر شعب الحسيمة,0,0,3,0,0,0
darija_5_00486,قضية عقار مارشي كريو. العمدة يتجه نحو فك الارتباط مع هولدينغ الشعبي,0,0,0,0,0,0
darija_5_00487,مصائب قوم عند قوم فوائد,0,0,0,0,0,0
darija_5_00488,ها ثمن تجيبو بحالو: باش يكون عندك رئيس حكومة اسمه ابن عرفة قتل حزبو وقتل السياسة يولي الحدث هو يصلي بالقبض,0,0,0,0,0,0
darija_5_00489,"روسيا فطريقها لتغيير مواقفها من قضية الصحرا وتجي فالصف ديال المغرب,",1,0,0,0,0,0
darija_5_00490,يا ربي يطيرك الملك !! راه طلعتيلينا في راسنا ! مابغينا حكومة ولا زعتر خلي الملك يحكم كل شي,0,0,0,3,0,0
darija_5_00491,"الكَيرا فأوكرانيا.. كاينة جوج روايات على انفجار البابور الروسي “ماسكفا” من أسطولهم ديال البحر الأسود وانتكاسة عسكرية جديدة لروسيا,",0,0,0,0,2,0
darija_5_00492,daba nti mghribya bezaf 3lik akhti tgouliha wakha bdehk o had lmra bagha tm3ch9i f habib l9alb diriha mais b3id 3la hanane ok,0,0,0,2,0,0
darija_5_00493,ها بشحال تحكم على شبكة للدعارة المثلية فكازا فيها وسطاء ومرفحين,0,0,0,0,0,0
darija_5_00494,ها آش قال البشير عبدو على اعتقال سعد المجرد للمرة الثانية بسباب تهمة اغتصابو للبنات,0,0,0,0,0,0
darija_5_00495,ان شاء الله الاستقلال لصحراء الغربية لا لاضطهاد شعب مسلم فاالاولى تحرير سبتة ومليلية,0,0,0,0,0,0
darija_5_00496,الحاكم الأوحد في المغرب هو محمد السادس اما البرلمان والاحزاب والانتخابات فهي لزوم ديكور,0,0,0,1,0,0
darija_5_00497,هنيء لنا بامثالك المغرب مازال فيه بنات الناس,2,0,0,0,0,0
darija_5_00498,"منظمة دول شرق بحر الكاريبي فتحات تمثيلية دبلوماسية ليها فالداخلة – تصاور,",0,0,0,0,0,0
darija_5_00499,الحكومة كاااااين لي كيحكمها بن كيران راه غي ادا مسرقش الدولة يكفيييينا وحنا متؤكدين من نزاهتو وياريت كل واحد يقوم بداورو عوض هاد الهجمات والمكاااائد,0,0,0,1,0,0
darija_5_00500,حادث طعن بسكين داخل ملهى ليلي يزرع الرعب فعين الذئاب.. واستنفار أمني لإيقاف الجاني. الضحية امرأة وعدد المعتقلين لحد الآن 4.. وها الجريمة لي دارو,0,0,2,0,3,0
darija_2_00001,hram 3lik hanane tlab menk t3awnha nta mamsawa9ch lawla 7gartoha o tani pff salami ali haydi saho,0,0,2,0,0,0
darija_2_00002,خاص. اعتقال سعودي فمطار محمد الخامس بباسبورات ديبلوماسية مزورة,0,2,0,0,0,0
darija_2_00003,سلطات أسا زاك تمنع الجمعية المغربية لحقوق الإنسان من استغلال فضاء عمومي,0,0,1,0,0,0
darija_2_00004,إحداث منطقة التصدير الحرة فجهة سوس غادي يخلق 24 ألف منصب شغل,2,0,0,0,0,0
darija_2_00005,تمنيت هاد كلمة طحن مو تقال للكريساج,0,0,2,0,0,0
darija_2_00006,"محكمة العدل العليا فمدريد حكمات على عمدة بالحبس بسباب الاعتداء الجنسي على مغربي,",0,0,0,1,0,0
darija_2_00007,بوليس الراشيدية و بتنسيق مع الديستي و الجوندارم حجزو جوج طن و500 كيلو دلحشيش و شدو شخص روشيرشي بعدما تيراو بالقرطاس,0,1,0,0,2,0
darija_2_00008,"شفت هاد """"شوف لخرا"""" ما باين لهم غير البيجيدي ...  صفحة ديال ولاد ..... قولاً وفعلاً  تفوووووووو",0,0,0,3,0,0
darija_2_00009,الحرب الإعلامية المتخيلة بين البام والعدالة والتنمية! ما جدوى تضييع أموالكم في مشاريع إعلامية جديدة وفاشلة، بينما أنتم ناجحون دون حاجة إليها، ودون حاجة إلى جرائد وراديوهات وقنوات,0,0,0,2,0,0
darija_2_00010,كلنا محسن فكري و الله لا يضيع أجر المحسنين,0,0,3,0,0,0
darija_2_00011,تحياتي لك من تمكروت إقليم زاكورة حفظك الله ورعاك',2,0,0,0,0,0
darija_2_00012,baghin tkarho ga3 nas f hanane fans mriid,0,0,0,2,0,0
darija_2_00013,"ضربة خايبة لمرشحة اليمين المتطرف تزامنا مع الانتخابات الرئاسية ففرنسا.. المكتب الأوروبي لمكافحة الاحتيال: مارين لوبان فايت هرفات على 600 ألف أورو,",0,2,0,0,0,0
darija_2_00014,nsite a samira lbare7 kente f paris 😂😂 3nd jada 😷😂😷 w rada ranmchi l souide 🔫🔫💣 w f ljomo3a r nmchi l ksa nzidek wla brak🙇,1,0,0,0,0,0
darija_2_00015,لأنك راجل و ابن راجل و ابن أصول ❤️',2,0,0,0,0,0
darija_2_00016,aygolia nti li majritish mzyan bash tchdi train,0,0,0,0,0,0
darija_2_00017,إن شاء الله .وبالتوفيق له حيث استاهل',3,0,0,0,0,0
darija_2_00018,اكتتاب من أجل تشكيل الحكومة! ما دمنا عاجزين عن تشكيلها. فلنأت بها مطبوخة. لنأت بها ملفوفة في ورق الألمنيوم. لنأت بها مفككة من الخارج. ثم نسخنها في الميكرو أوند. ثم نركبها هنا. في الرباط.,0,0,0,0,0,0
darija_2_00019,واش 3 الاف درهم تشجعك على الزواج؟ كون الدولة قايمة بواجبها اييه ولكن حنا فالمغرب,0,0,0,1,0,0
darija_2_00020,الغرب: الملك جابها فالتسعين,0,0,0,0,0,0
darija_2_00021,وغاتجي وزارة الداخلية وتقول ليك نسبة المشاركة فاقت 80% هههه هذا إستحمار قبل الإستعمار,0,0,0,2,0,0
darija_2_00022,اولى نتائج المؤتمر. اعادة الاعتبار للغلبزوري الامين الجهوي لحزب البام بالشمال,0,0,0,0,0,0
darija_2_00023,الرميد يذكر بالخمسة بضوابط التجمهر. قال بأن حرية ممارسته ماشي مطلقة ومكتعنيش الفوضى,0,0,0,0,0,0
darija_2_00024,"القضية اللي فرشاتها “كود”. اللي طلع متهم بالنصب على المتبرعين هو الدكتور التازي ومراتو . 8 ضحكو على محسنين وعلى الضمان الاجتماعي,",0,0,2,0,0,1
darija_2_00025,"العدول كاعيين على وهبي. .مسودة قانون مهنة التوثيق شعلات الاحتجاج واتهامات للوزير بالاقصاء,",0,0,0,3,0,0
darija_2_00026,ceci dit ramadan sala la saison de tssihib bdate,0,0,0,0,0,0
darija_2_00027,غش في غش كلشي مغشوش بديت نشك الي كان شي حد في المغرب كيخدم بنزاهة وضمير كنضن قليل الي من رحم ربي',0,0,0,3,0,0
darija_2_00028,بنكي فكازا ضرب فلوس صحيحة لكايان,0,2,0,0,0,0
darija_2_00029,وانت احلا سعد واقوى سعد رغم الضروف و رغم الحاقدييين',2,0,0,0,0,0
darija_2_00030,كل عام و انت بألف خيييير يا نبضي 😍😍😍 و ياااارب تبقي سنه هجريه مليئه بالنجاحات كالعاده يا حبي بعشقك و مصر ب',3,0,0,0,0,0
darija_2_00031,hanane taj fo9 rasskom ya l3ahirat dyal bessah #HananeElKhader @user #حنان_الخضر_كايده_العذال,0,0,0,2,0,0
darija_2_00032,عاش الملك محمد السادس اللهم ادم علينا نعمة الامن والامان,2,0,0,0,0,0
darija_2_00033,تعجبني هذه المدينة الى درجة اني اتمنى ان اكمل ما بقي من حياتي فيها قضيت فيها ايام رائعة طيلة دراستي الجامعية هناك',2,0,0,0,0,0
darija_2_00034,كَارْ تقلب ضواحي مراكش.. الحصيلة: إصابة 26 شخص بجروح مختلفة وفيهم حالات خطيرة,0,0,3,0,0,0
darija_2_00035,الرشوة الأمريكية وليس المال الأمريكي، لا تختلف عن جرائم أمريكا. التي لا تعد ولا تحصى.',0,0,0,0,0,2
darija_2_00036,الجديدة ضيعو الرباح فديربي دكالة عبدة ضد آسفي,0,0,1,0,0,0
darija_2_00037,اكادير الان يتم الانزال لقوات القمع بساحة لافونتين قبل بدأ الوقفة التضامنية ..كلنا محسن فكري,0,0,2,0,0,0
darija_2_00038,"Saraha, the poor Messi khesso ichouf chi fqih.",0,0,2,0,0,0
darija_2_00039,الف مبروك و ربنا يوفقك',3,0,0,0,0,0
darija_2_00040,"ماريانو راخوي : خاص المغرب واسبانيا يشرحو للرأي العام وجميع المتدخلين بوضوح تفاصيل الاتفاق اللي توصلو ليه,",0,0,0,0,0,0
darija_2_00041,هاعلاش تعطلات جوج مشاريع ملكية ف مراكش,0,0,0,0,0,0
darija_2_00042,أنا عن نفسي قمت بمسح هذه القناة من برامجي و هذه القناة طال الزمن أو قصر مصيرها إلى ; ',0,0,0,0,0,0
darija_2_00043,تنصيب الوكيل العام الجديد لدى محكمة الاستئناف بالعيون,0,0,0,0,0,0
darija_2_00044,مالوما كمل العطلة ديالو في المغرب. وعبر عن الحزن ديالو وقال: انا متاكد فحياة اخرى كنت مغربي,0,0,1,0,0,0
darija_2_00045,الرئيس الفرنسي ماكرون: ها شحال غادي نزيدو فالأجور,2,0,0,0,0,0
darija_2_00046,@user @user @user pffffffffffffff ache had 3a9liya 9lat tanchkar ga3 jomhori ou maba9ich li taybri hanane taybriha kif kant,0,0,0,1,0,0
darija_2_00047,الاسبان يرفعون درجة الخطر إلى المستوى الرابع في مليلية مع قرب إحتفالات رأس السنة,0,0,0,0,3,0
darija_2_00048,عاش المغرب دولة الدستور الاسلامي هدا هو شعارنا,2,0,0,0,0,0
darija_2_00049,"الأزمة فسبتة غادا وكتزاد والبطالة وصلات لرقم قياسي هو الأعلى فإسبانيا والأمل كلو على حلان معبر باب سبتة ورا العيد,",0,0,2,0,0,0
darija_2_00050,غير هادي خاصو يمشي عليها الحبس، واش هاد الكيدار كان تيهضر بصفتو رئيس حكومة و لا مرشح!!!؟,0,0,0,3,0,0
darija_2_00051,الدزاير.. 197 إصابة جديدة بـ”كورونا” و9 ماتو و128 تشفاو: ها شحال وصلو فالطُوطَالْ,0,0,3,0,2,0
darija_2_00052,ها هو أحسن برنامج لتح­صلي على مؤخرة مشدودة,0,0,0,0,0,0
darija_2_00053,ها آش قال فاسكيز على تدخل بنعطية لي خدا عليه بيلانتي,0,0,0,0,0,0
darija_2_00054,أسلوبك هو المبهر',2,0,0,0,0,0
darija_2_00055,حملات أمنية مكثفة طيحات عصابات إجرامية دارت غزاوة فعباد الله بفاس (صور),0,0,0,0,0,0
darija_2_00056,جدارمية ديال كازا شدو­ 8­ آلاف شيشة مهربة في ­دوار سعدان بضواحي بوس­كورة,0,3,0,0,0,0
darija_2_00057,f al 7a9i9a 3ajbatni kalimat o l 7ikam li ktabti mai eqt ce que tu es lun de mes amis ou quoi,2,0,0,0,0,0
darija_2_00058,السلفيون قادمون. يستعدون لدخول معترك السياسة وتأسيس أحزاب سياسية,0,0,0,0,0,0
darija_2_00059,غير التحت ، الفوق لا 😂,1,0,0,0,0,0
darija_2_00060,الف مبررروك يانجم النجوم 🌟 المغرب الأول العالمي الدوزي💖 يارب من نجاح لنجاح',2,0,0,0,0,0
darija_2_00061,مرحبا را شباب الحسيمة خاصهم مدرب,0,0,0,0,0,0
darija_2_00062,قلق متزايد بالداخلية من استمرار الاحتجاجات في الريف,0,0,0,0,2,0
darija_2_00063,عاش محمد السادس بلة به المغرب مي سوا والو,2,0,0,0,0,0
darija_2_00064,lli bgha yechri taykhaless hadik jou9a dyal les labels,0,0,0,0,0,0
darija_2_00065,الصبليون ضربو مغربي ب12 عام دالحبس حقاش تعدى على مثلي مغربي وكان باغي يقتلو,0,0,2,2,2,0
darija_2_00066,@user @user hhhhh matgolich lia khtha mzwja charf lmdloula galt bli kbir 3liha ghir b 6 ans,0,0,0,0,0,2
darija_2_00067,العين بالعيس و السن بالسن. هدا لي قال طحن مو . بغيناه يتطحن قدام شعب.,0,0,0,3,0,0
darija_2_00068,الإنسان عديم الإنسانية هو من يغتصب الأطفال وغير الأطفال بل يغتصب حتى نفسه. ',0,0,0,3,0,2
darija_2_00069,بؤساء الرفيقة نبيلة منيب! عشرة على عشرة للأيقونة في مادة الإنشاء,0,0,2,0,0,0
darija_2_00070,6 تقاسو بكورونا فجهة كَليميم فيهم جوندارم وتجار وموظف بدائرة حضرية,0,0,3,0,2,0
darija_2_00071,المندبة كبرات فالمغرب بعدما غرق الفيسبوك بصور جثث شباب ماتو فمحاولات حريگ فاشلة,0,0,3,0,0,0
darija_2_00072,😂😂😂😂😂😂 wach kangoliiik mn sbaa7 stolllaaa wsafiiii nariii m3amn 7na kayb9aw ghir kaybazloo lhadra lkhawya bla may9albo w sm ma3ndhach producer asslan homa kaynzal 3lihom lwa7y 😂😂,1,0,0,0,0,0
darija_2_00073,ضبط امرأة تهرّب المخدرات داخل عضوها التناسلي بسجن عين قادوس بفاس,0,3,0,0,0,0
darija_2_00074,لماذا مازالت مستمرة؟ لماذا لم توضع اليد على مكان الخلل؟ لماذا تستمر الادارة الحالة في تسييرها؟ لماذا هي خارج نطاق سلطة الحكومة',0,2,0,2,0,0
darija_2_00075,تبارك الله عليك معلم ف كلشي جاتك زوينة واعرة فيها دلالة امازيغية واصالة مغربية تحياتي لك',2,0,0,0,0,0
darija_2_00076,هادشي عند الميريكان. سيدة توثق عملية إعتقالها غير القانونية داخل منزلها وهي ترتدي منشفة فقط! (فيديو),0,3,0,0,0,0
darija_2_00077,نحن كلنا مغاربة من أساء أساء نفسه لا تقوية لتمييز العنصرية هذه البرلمانية اذانة  نفسها,0,0,0,0,0,0
darija_2_00078,"@user kon makanch baghi gha des amis , nhar lwl f hisa dial bety maygolch bli kaybghi chi whda o mazal kaybghiha l db ola la ?",0,0,0,0,0,0
darija_2_00079,التسامح فأبهى التجليات ديالو.. دبي افتتحات أول معبد هندوسي تقام عليها ب 16 مليون دولار – فيديو,2,0,0,0,0,0
darija_2_00080,عاجل.. ها شنو داز فالاجتماع ديال الاغلبية,0,0,0,0,0,0
darija_2_00081,تبا لمن قال مادمت في المغرب فلا تستغرب. أنا مغربي ومنذ صغري غارق في الاستغراب والعجيب أن وزارة الداخلية تشبهني تماما,0,0,0,1,0,0
darija_2_00082,خلية اولاد نمة الارهابية: من عامين ل4 سنين ل4 اعضاء,0,0,0,0,2,0
darija_2_00083,"@user Jayba lik chi khbar lkhir haka kano y9oulo jdoudna """"""""khbar lkhir a lalla 7lima tagrramt"""""""" raha cherifa 😅",2,0,0,0,0,0
darija_2_00084,رحيل فنان مبدع: حمادي التونسي. كاتب اغنية “يا الغادي فالطونوبيل” دوز حياة فنية زوينة,0,0,2,0,0,0
darija_2_00085,الأمير هاري مامسوقش للقواعد الملكية قبل ما يجي المغرب,0,0,0,0,0,0
darija_2_00086,anti ya annissa ba3ida kolla lbo3d 3an lfahm l7a9i9i w wad3 l omour fi nissabiha,0,0,0,1,0,0
darija_2_00087,nihad goli l betty rah salah dayarlha follow,0,0,0,0,0,0
darija_2_00088,تقرير المخابرات البلجيكية: علاش السلفيين كايشكلو مشكل ف المجتمع؟,0,0,0,0,0,0
darija_2_00089,wwrawni nchofo kifach 3rafto anaha tssajlat,0,0,0,0,0,0
darija_2_00090,جابها فراسو.. الجدارمية حصلو صاحبهم الجدارمي فحضن العشيقة ديالو فأجلموس,0,2,0,0,0,0
darija_2_00091,سلطات الهند هدمات معبد لأشخاص كانو كايعبدو الرئيس الهندي,0,2,0,0,0,0
darija_2_00092,لحبيب المالكي يشكك في ارقام الحكومة في الميزانية ويتهكم عليها: طالب ما نجحش فالاولى اقتصاد ما يمكنش ليه يدير هاد الشي,0,0,0,2,0,0
darija_2_00093,تقنين القنب. ها كيفاش غايتم تحويل وتصنيع القنب الهندي,0,0,0,0,0,0
darija_2_00094,_بيعة محمد السادس ♥,2,0,0,0,0,0
darija_2_00095,كيفاش وصلنا لهاد الشي. البودشيشية والقضاء والبوليس والصحافة التراب وازولاي والابتزاز,0,0,0,1,0,0
darija_2_00096,@user @user Oui ana mojoud khass ghir SiAziz i9ad programme . Twahachnak khouya .,1,0,0,0,0,0
darija_2_00097,✨ one think i do it for me ✨ kan7al 3iny f sba7 ou ntfakar da7kat moyye à hôtel dar eddaya,2,0,0,0,0,0
darija_2_00098,daba ana ktabt lih 9bayla,0,0,0,0,0,0
darija_2_00099,رونالدو يضيف من مراكش إنجازا جديدا يعجز ميسى عن تحقيقه,2,0,0,0,0,0
darija_2_00100,@user hchoma 3lik nta baghi liya lforiyan o ila rditih lakhtek ndih ach ban lik,0,0,1,0,0,0
darija_2_00101,الملك يعلن عن الجهوية اليوم,0,0,0,0,0,0
darija_2_00102,خنيفرة.. الفوريستيا حصلو صيادة مخالفين و حجزو ليهم ستة ديال الجويجات,0,1,0,0,0,0
darija_2_00103,عاجل: سبعينية أولى ضحايا “مِينِي تْسُونَامِي,0,0,3,0,0,0
darija_2_00104,سعد لمجرد كيتفاعل بالقلوبة مع الفنانين وملتزم الصمت تنفيذا لتعليمات المحامي ديالو,1,0,1,0,0,0
darija_2_00105,ها كيفاش عاشو المصريون أجواء الافتتاح,0,0,0,0,0,0
darija_2_00106,ikhlik lili a l7biba dyali,2,0,0,0,0,0
darija_2_00107,سير بلا رجعة. دون المستوى وأي فريق سوف يتعاقد مع هذا الفاشل سيكون في القسم التاني.',0,0,0,2,0,0
darija_2_00108,الفرقة الوطنية وعناصر الديستي بسطات وقفو شخص لاشتباه فيه بالتطرف,0,0,0,0,2,0
darija_2_00109,mezyana fihoum wakha mbs dine 🐕,0,0,0,1,0,0
darija_2_00110,الوردي يوقف مجموعة من الممرضين بسبب احتجاجهم ونقابات الصحية تندد,0,0,0,2,0,0
darija_2_00111,التكناوتي: كنشكر الوداديين على دعمهم وغادي نديرو شي حاجة هاد المرة فالمونديال,2,0,0,0,0,0
darija_2_00112,الكولونيل اياني المتحدث باسم القوات المسلحة الفرنسية: غلق المجال الجوي الجزائري أمام طيارتنا ماغاديش يأثر على العمليات والمهام الاستخباراتية ديالنا,0,0,0,0,0,0
darija_2_00113,حصيلة كورونا فهاد 24 ساعة: 308 تصابو و131 تشافاو.. الطوطال: 15079 حالة منها 11447 تعافاو و242 توفاو و3390 مازال كيتعالجو,0,0,3,0,2,0
darija_2_00114,عاجل: المكتب المركزي للأبحاث القضائية يتنقل إلى الحسيمة وزايو لاقتحام مخازن في ملكية الداعشي الفاسي,0,0,0,0,2,0
darija_2_00115,عاش محمد السادس عاش الشعب,3,0,0,0,0,0
darija_2_00116,ان الله يمهل ولا يهمل الله يجازي كل من كان له السبب في موت محسن فكري,0,0,3,2,0,0
darija_2_00117,: تحت هاد التغريدة كاين مجموعة لثنائيات من المصطلحات بالدارجة المغربية اللي مختالفة بحرف واحد تقريبا. كل واحد يقول لينا كيفاش…,0,0,0,0,0,0
darija_2_00118,فريق طبي بالمستشفى الجامعي ابن رشد ينجح في إجراء عمليات استئصال وزرع متعدد الأعضاء,2,0,0,0,0,0
darija_2_00119,هادي جديدة. مشروع قانون فمصر خاص بمواقع البورنو!!,0,3,0,0,0,0
darija_2_00120,نايضة فمولاي بوسلهام. جمعيات تتهم سياسي بإختطاف مستشارين باش يصوتو عليه ويرجعوه لرئاسة المجلس وها تفاصيل القضية,0,0,0,2,0,0
darija_2_00121,"الدق فالبوليس متواصل من حموشي على اللي كيفرطو فتطبيق القانون فالسربيس.. توقيف مفتش شرطة ممتاز والتحقيق مع أمنيين وها علاش,",0,0,0,2,0,0
darija_2_00122,"سانشيث: طلقنا انا والملك محمد السادس خارطة طريق لمرحلة جديدة من العلاقات بين بلدينا,",2,0,0,0,0,0
darija_2_00123,@user ghanthalaw fiha mzyan balbayd ghir goliha tji dik sa3a une fois ngol lmgharba hadik 9assmat bladna ytal3o yakloha,0,1,0,2,0,0
darija_2_00124,لا اله الا الله. الله ارحم التلميذ شادي . واصبر ميمتو . لي مات ماعمرو إتعوض وخا عطاوك مال دنيا كلها . إنا لله وإنا إليه راجعون .',0,0,3,0,0,0
darija_2_00125,عصابة ديال الكرابة استنفرو بوليس اكادير بالليل وسالات المطاردة ديالهم بحجز طوموبيل فيها 250 لترو د ماحيا و غيرها من أنواع الشراب,0,2,0,0,0,0
darija_2_00126,كلنا بنكيران وكلنا معك,2,0,0,0,0,0
darija_2_00127,المغربي الحسناوي يسجل هدفا جديدا في الدوري الهولندي,1,0,0,0,0,0
darija_2_00128,"فاليوم العالمي لمحاربة الملاريا.. وزارة الصحة كتحذر من إمكانية رجوع هاد المرض لبلادنا وكتوصي على الفحص المبكر,",0,0,0,0,0,0
darija_2_00129,بدر هاري بدل حياة “ريكو”. المقاتل الهولندي باغي يبدلها أكثر على ظهر الفتى الذهبي بنزال جديد,0,0,0,0,0,0
darija_2_00130,"بعدما تحرش بالتوريست وسط ريسطو.. شخص تعدى على مخازني بجنوية فتغازوت نواحي أكَادير,",0,0,0,0,2,0
darija_2_00131,"تصريح السيد النهاري كالتوقف عند """"""""""""""""ويل للمصلين"""""""""""""""". كان على السيد النهاري أن يحرم الكيفية التي يُحْتَفل بها في هذه المناسبة وليس المناسبة نفسها'",0,0,0,1,0,0
darija_2_00132,ازولاي  يهودي  شيء عادي  ان يحضر  جنازة  الرئيس اﻹسرائيلي السابق  لا تخلطو  اﻷمور الشخصية   بالسياسة,0,0,0,0,0,0
darija_2_00133,chehad chi khesskum abssat haja dkhlo fiha btissam w dounia rah bnadam kayntahal chakhssya,0,0,0,2,0,0
darija_2_00134,Wach le chiffre qui est trop présent wala hna li walina radine lbal bezzaf https://t.co/N1M1nhOz6L,0,1,0,0,0,0
darija_2_00135,بوليس العيون شدو 3 أشخاص متورطين فقضية اختطاف وطلب فدية,0,0,0,0,3,0
darija_2_00136,عاش ملكنا الهمام محمد السادس نصره الله وأيده وحفض الله الأسرة الملكية الكريمة بألف خير,3,0,0,0,0,0
darija_2_00137,المغاربة في مقدمة المهاجرين الجدد بالكيبيك,0,0,0,0,0,0
darija_2_00138,لعاب آخر توعت فالرجاء,0,0,2,0,0,0
darija_2_00139,حادث التدافع في منى. سفارة المغرب: لا رقم رسمي ومجموعة من المغاربة اعتبروا في عداد المفقودين التحقوا لمقرات لسكناهم,0,0,2,0,0,0
darija_2_00140,"عاجل. جنايات فاس فرقات 14 لعام ديال الحبس على جدارمية ومخازنية متهمين بالتهريب الدولي للمخدرات,",0,2,0,0,0,0
darija_2_00141,الرشاد البرنوصي كيتحدى الكاف على قبل يوسف روسي,0,0,0,0,0,0
darija_2_00142,وتكوون ايامك مليئه بالنجاح لانك موهبه ممتاازة وبالتوفيق ان شاءالله ف جميع اعمالك ',2,0,0,0,0,0
darija_2_00143,الإتحاد الإشتراكي ربح مقعد المستشارين بفارق هربان على العدالة والتنمية,2,0,0,0,0,0
darija_2_00144,اتمنى صادقا ان لا ارى بعد اليوم صور هذا الشخص على هذا المنبر .كفى معاناة',0,0,2,2,0,0
darija_2_00145,احتجاجات في شوارع الرباط للمطالبة لمحاسبة ناهبي المال العام وعدم الإفلات من العقاب,0,0,0,3,0,0
darija_2_00146,"المشاكل مابغاتش تسالي فهاد المؤسسة.. قضية توقف إجراء العمليات فالصبيطار الإقليمي دالناظور وصلات للبرلمان,",0,0,0,0,0,0
darija_2_00147,"كسيدة خايبة فالداخلة.. جوج ماتو بعدما تقلبات بيهم طوموبيل وسط المدينة,",0,0,3,0,0,0
darija_2_00148,لا دخل السياسة في الرياظة ....الشعب المغربي والجزاءري اخوة....الله اوفق,1,0,0,0,0,0
darija_2_00149,@user zin alah ykahlik khalina fhanan oulm0saba9a daba safi madahkouch na mzyanin m3a ga3 nas rah darni rasi,2,0,0,0,0,0
darija_2_00150,ادانة ربعة ديال القاصرين فحراك الريف,0,0,2,2,0,0
darija_2_00151,رئيس جماعة لقاوه البوليس فحضن عشيقته المتزوجة,0,2,0,0,0,0
darija_2_00152,"“نفاق” الشيخ عويطة لي نشط انطلاقة “فرصة”. آراء متطرفة ضد مؤسسات الدولة واتهم وزارة الأوقاف بخدمة البام فالانتخابات وسب الاحرار وشكك فقدرات الاجهزة الأمنية وشبه اخنوش بالسيسي ودافع على تركيا ضد بلادو,",0,0,0,0,0,1
darija_2_00153,جورنالات بلادي: 200 حافلة مزورة ف المدن المغربية..والتسخينات الانتخابية بدات بين الأحزاب,0,2,0,0,0,2
darija_2_00154,لمغرب العربي تحت رحمة السياسة الفرنسية',0,0,2,0,0,0
darija_2_00155,الميداوي ينبش في ملفات جماعة يرأسها تجمعي. منتمون للبام والتقدم والاشتراكية تحدثوا عن وجود اختلالات في التدبير,0,0,0,0,0,0
darija_2_00156,هذا ما تخطط له حركة 20 فبراير لاستعادة وهجها وهذا برنامجها النضالي في الذكرى الثانية لانطلاقتها,0,0,0,0,0,0
darija_2_00157,مصر بشعبها ورئسها خونة ابناء ألكلب.اكثرهم مشعودين وسحارة وآكبر دولة الفساد باش عايشين المصريين ب الفساد والدعارة',0,0,0,3,0,0
darija_2_00158,اعتداء جديد على البوليس فكازا. عائلة بارون مخدرات فرگعو لبوليسي راسو فمولاي رشيد,0,0,0,0,3,0
darija_2_00159,ax awa hadok mirikan ghir tnso 3lina,0,0,0,2,0,0
darija_2_00160,شوق وتمني بين سلمى رشيد ومراد بوريقي على “تويتر”,1,0,0,0,0,0
darija_2_00161,الحكومة ما بقاتش باغية تصرف عليهم.. الرئيس السابق ديال كوريا الجنوبية بغا يتخلى على الكلاب ديالو,0,0,2,0,0,0
darija_2_00162,لن نقبل بوزراء ليسوا برلمانيين كما لا نريد الفاسدين في حكومتنا المغربية,0,0,0,2,0,0
darija_2_00163,ريزو ديال الحريكَ والاتجار فالبشر طاح فيد البوليس فطانطان,0,0,0,0,3,0
darija_2_00164,@user Kayna chi haja had sata matatfhemch fiha ? Dima hala dergoumha 3la walou,0,0,0,0,0,0
darija_2_00165,ياك حتى مزوار كنت كتقول عليه كذاب ومن بعد تحالفتي معه ..ماشي بعيد تحالف حتى مع البام,0,0,0,0,0,0
darija_2_00166,عاشا معا وماتا معا. رسامة نمساوية رمات راسها فسكة الطران من بعد موت زوجها الرسام السوري,0,0,3,0,0,0
darija_2_00167,ها شحال عطات الوداد فمراد باتنة,0,0,0,0,0,0
darija_2_00168,تضامن واسع مع الزميل عمر راضي..رحاب: تضييق غير مقبول وعمر عبر على رأيو والمفروض يتابع بقانون النشر والصحافة,0,0,2,0,0,0
darija_2_00169,"#IbtissamTiskat mghribiya wa aftakher f toooop (Maroc, jordan, arab) waaaaaw http://t.co/2QviJcKw1b",2,0,0,0,0,0
darija_2_00170,مع الصراع الانتخابي: رئيسة مقاطعة حسان سحبات التفويض من مدير المصالح والموظفين كعاو عليها -وثائق,0,0,0,2,0,0
darija_2_00171,momkin ntleb mnk tliba 3afak,0,0,0,0,0,0
darija_2_00172,مصر توصلت بالڤاكسان الصيني سينوفارم فابور من الامارات..وها علاش المغرب باقي معلنش على الفاكسان,0,0,0,0,0,0
darija_2_00173,تحقيق مع رجال أعمال ومسؤولين كبار متورطين فالنصب على اكتر من 200 واحد فتطوان,0,0,0,0,0,0
darija_2_00174,awiili ra hadik laila hediwi lay3amerha dar ama haway hiya li mkalfa b fa9rat nojouum,0,0,0,0,0,0
darija_2_00175,تطورات جديدة في الاعتداء الوحشي على شاب فكلميم وطلب فدية من عائلته,0,0,0,0,3,0
darija_2_00176,أردوغان. غادي نوريو للخونة اش عقاب الخيانة,0,0,0,3,0,0
darija_2_00177,"بعد اقتحام قهاوي فكازا وشدو دراري ودريات حقاش حاطين كافي مهرسة او كحلة. منتدى الحداثة والديمقراطية: طلقو الدراري ولبنات وباركا من التشهير,",0,0,0,0,1,0
darija_2_00178,تعازينا الحارة الى عائلة الفقيد محسن فكري,0,0,3,0,0,0
darija_2_00179,كلام راااااائع',2,0,0,0,0,0
darija_2_00180,لائحتا “التغيير” و “الوفاء والمسؤولية” محيحين على إنتخابات المجلس الوطني للصحافة,0,0,0,0,0,0
darija_2_00181,حلاااااوة😍😍',2,0,0,0,0,0
darija_2_00182,المغربي عنصري اتجاه بني جلدته من شلح و عزي و عروبي، مابالك عن سلوكه اتجاه الافارقة الذين لهم ثقافة و دين مختلف.',0,0,0,0,0,0
darija_2_00183,واااااااااااو طووووووووب ولاااد بلادي الله يحفضكم سعد انت التواااضع بنفسه ',3,0,0,0,0,0
darija_2_00184,قضية حمزة مون بيبي.. إيمان باطمة كدافع على دنيا وابتسام: ذنب خواتاتي الوحيد أنهم كيدافعو على راسهم وأي واحد فبلاصتهم غادي يدير نفس الشيء وكثر -تدوينات,0,0,0,0,0,0
darija_2_00185,hhhhhhhhhhh fado souk ch7al fikom hadra mktsaloch mani tssalo 3lmoni,1,0,0,0,0,0
darija_2_00186,تبارك الله على سي حكيمي بالتوفيق',2,0,0,0,0,0
darija_2_00187,روسي قتل صاحبو حيت بغى يقتل مش,0,3,3,0,0,0
darija_2_00188,"“ال ناثيونال” : المغرب طرد ناشطين صبليونيين كانو باغين يتلاقاو مع الانفصالية سلطانة خيا,",0,1,0,0,0,0
darija_2_00189,فهاد الوقت با الدات مكاين غير بنكيران وعنصوت على العدالة والتنمية,0,0,0,0,0,0
darija_2_00190,سميرة سعيد تبوح ببعض أسرارها: ساعود للاستقرار بالمغرب واللي يقلقني فالفايس هما دوك التعاليق اللي كذكرني بعذاب القبر,0,0,0,0,0,0
darija_2_00191,nn serieux f had l intikhabat wla ghir kaykhrb9 mcha doni l9dim li kan zuin,0,0,1,0,0,0
darija_2_00192,ما لا يقوله الاسلاميون عن مثلهم الأعلى رجب طيب أردوغان: احترم حقوق المثليين و يجب حمايتهم قانونيا+ فيديو,0,0,0,0,0,0
darija_2_00193,والعماري سيرسلك تبيع الحشيش والقرقوبي,0,2,0,0,0,0
darija_2_00194,الرميد ينظم الحقوق حتى ديال الحيوانات: اصحاب الحمير وكوتشيات احذروا تنتظركم 1200 درهم غرامة وها علاش,0,3,0,0,0,0
darija_2_00195,5ti rah t3atlo bach italbo biha daba rah lassami wat7ato 7na talbna bibtissam mli 5rjat mn lacademy,0,0,0,0,0,0
darija_2_00196,كلشي كيقلب ومزال ملقاو والو، إمكانيات كبيرة للبحث عن الاطفال الخمسة المفقودين والنتيجة لا شيء لحد الساعة,0,0,3,0,0,0
darija_2_00197,وزير الداخلية الجديد...التراكتور ما حرث والو وحصاد ما جمع والو...نقطة رجع لسطر...,0,0,0,0,0,0
darija_2_00198,واش كازا غادة نحو الدخول لمرحلة وبائية خطيرة؟ مقرات مهنية تسدات بعد تسجيل حالات إصابة بالفيروس وسط العاملين بها,0,0,2,0,2,0
darija_2_00199,بسبب تضارب المصالح.. نبيل الدخش المستشار الجماعي قدم استقالتو من مجلس الرباط,0,0,0,0,0,0
darija_2_00200,لافير دموت حسن طاهيري.. المنتدى المغربي لحقوق الإنسان كيطالب بفتح تحقيق: تعرض للضرب والمضايقات وخاص تتعرف ملابسات الوفاة,0,0,2,0,0,0
darija_2_00201,chad lil tfkr f hyatk,0,0,0,0,0,0
darija_2_00202,بدلآ من خبر تافه يدل على أن العرب لا يفكرون الا بغرائزهم الجنسية',0,0,0,2,0,2
darija_2_00203,ها اش ربحات كورونا فيروس الصين. 100 دولة كتعامل مع اليوان ونموو كعملة دولية غادي مزيان,0,0,0,0,0,0
darija_2_00204,"روشيرشي من الأنتربول بقا سالت حتى عيا وطاح فالمغرب,",0,0,0,0,0,0
darija_2_00205,البام بمساعدة الداخلية والاستخبارات,0,0,0,0,0,0
darija_2_00206,الحكم بـ 20 سنة سجنا لأستاذة تسببت في وفاة خادمتها,0,0,2,0,0,0
darija_2_00207,ها جنسيات الربعة لي وقفاتهم البوليساريو فعملية تهريب المخدرات,0,2,0,0,2,0
darija_2_00208,الناس كتريني على راسها وتربح.. وبدر هاري عوال على آية الكرسي باش يربح الكومبا ضد أليستير أوفريم,0,0,0,0,0,0
darija_2_00209,ردو بالكم يا لمغاربة. هاد المضادات الحيوية خاصكم تبعدو منها نهائيا,0,0,0,0,0,0
darija_2_00210,بالفيديو: مشجع يفقد عقله بعد تسليط الكاميرا عليه,0,2,0,0,0,0
darija_2_00211,الله الله عليكم يا مخترعون. هناك فرق شاسع بين هده الكلمة و القنون هده ليست الا كلمة تعبير فقط. أما العنف فهو عنف حتى لو كان يمارس ضظ حيوان ',0,0,0,0,0,0
darija_2_00212,#SOOMPIAWARDS #TeamBTS wache ana bohdi li kansawat bayna bohdi,0,0,0,0,0,0
darija_2_00213,تتويج الجزائر بطلا لكأس أبطال إفريقيا لسنة 2019 بعد مباراة نهائية متعبة أمام السنغال,2,0,0,0,0,0
darija_2_00214,hadak li 3amel follow le btissam tle3 faux compte,0,0,0,0,0,0
darija_2_00215,سيدنا عطى توجيهات باش يتفتحو الجوامع اللي مسدودين بشكل تدريجي,2,0,0,0,0,0
darija_2_00216,شرطي أمريكي يطلق النار على أعزل حاول إزالة قبعته من رأسه (فيديو),0,3,0,0,0,0
darija_2_00217,حسبي الله ونعم الوكيل فيهم اللهم شل أيديهم وارجلهم واخرس السنتهم واجعلهم عبرة لمن لا يعتبر العملاء الخونة',0,0,0,0,0,0
darija_2_00218,لا تيأس يا كريم التازي! تعال نؤسس أنا وأنت حزبا جديدا. ومنك الدعم واللوجستيك . ومني أن أجمع لك اليساريين من كل الأنواع. وبثمن لا مثيل له في السوق,0,0,1,0,0,0
darija_2_00219,فتيات إضافيات في لائحة المدعيات بقضية المغربية روبي التي يتابع فيها الرئيس الإيطالي السابق برلسكوني,0,2,0,0,0,0
darija_2_00220,فجر وحكيمي ماسوقوش للصحافيين المغاربة,0,1,0,0,0,0
darija_2_00221,فضيحة ديال المخدرات ضربات بوليوود الهندية ونجوم كبار فقلب التحقيقات,0,0,0,0,2,0
darija_2_00222,طوشاك مقلق من لاعبي الوداد,0,0,2,0,0,0
darija_2_00223,شباط خلى حتى الحركة تخرج للعار. حزب العنصر: علال الفاسي راه كيتقلب في قبره جراء هجمات شباط,0,0,0,0,0,0
darija_2_00224,هذا مالو حتى هو؟.. رئيس وزراء اليونان بغا يعطي دروس للمغرب فأزمة المهاجرين وبغا يديرنا طريق باش ينتاقد أردوكَان,0,3,0,0,0,0
darija_2_00225,ابناء الحسيمة يشكرونكم على تضامنكم,2,0,0,0,0,0
darija_2_00226,عصابة إجرامية منضية خدمتها. شي كيسرق الطوموبيلات. شي كيزور الاوراق والكاشيات وشي كيرشي وكيبيع,0,0,0,0,2,0
darija_2_00227,@user ana ghanmchi n3ess tsabho 3la khir makrahtch lkn t3atlt hhh,1,0,0,0,0,0
darija_2_00228,قاضي الأحداث يستنطق تفصيل­يا قاصرين شاركوا في مواجهات الطلبة والأمن,0,0,2,0,0,0
darija_2_00229,mohim bnsbaaa nas li tzwjooo ftwitter 3answrlikom fabor,0,0,0,0,0,0
darija_2_00230,بلا بلا بلا .كون كان هو احسن حزب كون مخداش لبام 102 مقعد,0,0,0,2,0,0
darija_2_00231,واهيا لمعفر عفر بشوية: الشيخة ماشي واللي كيشك يقرا تاريخ الشيخة وعلى سبب التسمية و على مكانتها في المجتمع من مساسينيسا حتى اليوم,0,0,0,0,0,0
darija_2_00232,أدعي الله عز وجل ان لا يحرمك من رؤيته هو الملك الحق أما محمد السادس ليس الا بشر مثلك,0,0,0,0,0,0
darija_2_00233,L3am li ja tl9ana ghir kantle9aw lbnadem 3emmerna terna. Ya rebbi chi ghebara lcoombia http://t.co/uBlbB4b3zP,0,0,0,2,0,0
darija_2_00234,دار صفحة فايسبوكية ونشر فيها صور جنسية مفبركة لقاصرات,0,0,0,0,2,3
darija_2_00235,les supporters du zamalik 7taflou w nachttou w far7ou w mchaw yna3ssou w ntouma mazalin tatnb7ou 🤔,0,0,0,0,0,2
darija_2_00236,هدية غالية بزاف من الملك لأوباما,2,0,0,0,0,0
darija_2_00237,المغرب كيعيش مشكلة سياسية والحل خاصو يكون سياسي. انتخابات سابقة لاونها ولا تعيين ولاة وعمال ولا حتى تعديل دستوري غادي يحل المشكلة: خاص الداخلية تبعد على الانتخابات وصوت المواطن باش يتحتارم بلا قوالب,0,0,0,0,0,0
darija_2_00238,حنا لمغاربة كنتقاتلو غير على الهضرة!. مغربي قتل صاحبو المغربي بمقص وطورنوفيس بسباب التفاهة,0,0,2,2,0,0
darija_2_00239,مرا دارت راسها أميرة إماراتية وسرقات مجوهرات بـ1.6 مليون اورو فباريس,0,3,0,0,0,0
darija_2_00240,اقول لك نصيحة شخصيا ايها الفتى الحدادي، دع لقجع والمدرب والمنتخب مركزين في مجموعتهم المتجانسة القوية، ولا تشوش عليهم',0,0,0,0,0,0
darija_2_00241,حزب الاستقلال سيعود مع الوفا مستقبلا,0,0,0,0,0,0
darija_2_00242,wala ihamk ghir khalihoum mnhoum llah,0,0,0,1,0,0
darija_2_00243,بالفيديو. شاب طلع يدير سيلفي فوق تران عبط ميت,0,0,2,0,0,0
darija_2_00244,مجلس جهة العيون دار رقم أخضر ووجد ثلاثة ديال لاومبيلونصات رهن اشارة المواطنين,2,0,0,0,0,0
darija_2_00245,jib chi daif jdid bhal said nassiri oulla mohamed nassib likhrj bouzbal,0,0,0,0,0,0
darija_2_00246,dounia l3az lik bant blade diman wa9fa m3a wlad bladak ou tchaj3ihom 3akss chi hacharat wa9fi m3aha diman hit katbghik,2,0,0,0,0,0
darija_2_00247,@user 3afak imta radi y3lno 3la nata2ij f shorty,0,0,0,0,0,0
darija_2_00248,اعتقال جديد في صفوف أحد نشطاء الحراك البارزين بالحسيمة,0,0,2,0,0,0
darija_2_00249,التران فالمغرب كيقتل 100 دالناس فالعام والمنظمة الديمقراطية للشغل كتتهم المسؤولين بقتل هاد 100 كل عام، والترانات ديال المغرب كيتشراو قدام ماشي جداد,0,0,3,0,0,0
darija_2_00250,defined a khouya dakchi fel library li ma baynach 7it ma katbthach,0,0,0,0,0,0
darija_2_00251,@user kaydor f internet yallah ban lia mpartagé had sba7,0,0,0,0,0,0
darija_2_00252,@user khas lfans li ghadi imchi ibdaw iwajdo lsti9bal ibtissam fi hotel o fi li9a2 sa7afi,0,0,0,0,0,0
darija_2_00253,فزمان كورونا.. المغرب هو ثاني أفضل وجهة عند البلجيكيين,2,0,0,0,0,0
darija_2_00254,تفاصيل جديدة على كارثة تران بوقنادل : 7 قتلى و119 جريح منهم ضابط شرطة وأجنبي,0,0,3,0,0,0
darija_2_00255,حشومة وعيب عار راكم كتقتلوا كازا. علاش تمديد السدان مع التسعود لشهر ثاني واللي فيها كورونا فتراجع,0,0,2,0,0,0
darija_2_00256,khouya douzi momkin dkhel chaîne dyali tsanat ljadid,0,0,0,0,0,0
darija_2_00257,نصبو على خليجي باسم كولونيل مزيف وشركة وهمية وبغاو يبيعو ليه الحوت في البحر,0,3,0,0,0,2
darija_2_00258,شكون اللي خلى الاتحاد الدستوري اللي ما عمرو يحل فمو يحتج ويكول باللي وكيل لائحة سيدي قاسم غطاوه رخصة باش يولي معاهم؟ وعلاش هاد الحزب اللي ما فيه روح كيسكت باش كيديو ليه حتى قيادتو,0,0,0,2,0,0
darija_2_00259,نجاة بلقاسم فالو ذات الأصول المغربية ضمن الوفد الفرنسي بالمغرب,2,0,0,0,0,0
darija_2_00260,ها علاش أغلب الارهابيين ف أوروپا ريافة,0,0,0,0,2,0
darija_2_00261,حتى اجد الشغل و الكرامة و الحرية و...... حينها ا فكر في الصحراء.هدا الامر لا يهمني اطلاقا.و شكر',0,0,0,2,0,0
darija_2_00262,had khatia mo2amara massonia bach ykhrjo 3lya,0,0,0,2,0,0
darija_2_00263,ولينا فشوارع تكساس. عاجل متقاعد خوا القرطاس فأسرة فبركان وقتل الاب والام فحالة خطيرة,0,0,3,0,3,0
darija_2_00264,الجزائر بتواطؤ رئيس موريتانيا باغية الحرب مع المغرب. دفعات البوليساريو دير منطقة حدودية بالكركرات وكاليك باغية تراقب,0,0,0,0,2,0
darija_2_00265,هؤلاء المدعوون إلى عرس مولاي رشيد اليوم,2,0,0,0,0,0
darija_2_00266,باشوات الدار المريضة يتساءلون ..كيف سيطبق البوانتاج على عمل صحافي و فني.؟,0,1,0,0,0,0
darija_2_00267,هذه ليست مؤخرة كيم كاردشيان الخميسات!,0,0,0,0,0,2
darija_2_00268,تحياتي من نضيرة صديقة الفايسبوك  لك عفاف 😍﻿',2,0,0,0,0,0
darija_2_00269,للتاريخ. هكذا تحدث النجم الراحل نور شريف لـ”كود” عن معشوقته مراكش وعن الملك محمد السادس وإسلام تركيا وسلفيي مصر ورئيسها,0,0,0,0,0,0
darija_2_00270,أخرباش: كورونا خلفات بشكل حاد آثار على وسائل الإعلام وهادشي كيطرح مشاكل ديمقراطية,0,0,3,0,0,0
darija_2_00271,وثائق من المحكمة الأوروبية تدين الجمهورية الإيطالية وتلزمها بأداء غرامات كبيرة للإتحاد الأروربي ،حيث تعترف الجمهورية الإيطالية بخطر هذه النفايات على صحة الإنسان والبيئة ،وتدين المحكمة الأوروبية الجمهورية الإيطالية بعدم ٱلتزامها بشروط السلامة والصحة في معالجة هذه النفايات ،وهذه النفايات منذ وهي مخزنة في أماكن خاصة ولم يكن باٌستطاعة أي معمل إيطالي معالجتها ، لماذا اليوم نفايات إيطاليا بالمغرب بالضبط؟‼ بارطاجي يا مواطن وٱفضخ الخونة المفسدون،،',0,0,0,0,0,0
darija_2_00272,بالفيديو. إعتقال ثلاثة مغاربة وإسباني متهمين بالانتماء لداعش في إسبانيا,0,0,0,0,3,0
darija_2_00273,قضية الاتجار في الكمامات المزيفة باقة نايض فيها الصداع,0,0,0,2,0,0
darija_2_00274,"الوزير ميراوي مكانش واضح وصريح.. لبارح قال: انا مجيتيش نوقف مشاريع امزازي.. واليوم: خيارات هاد الوزير مافيدهاش ومصالحاش,",0,2,0,0,0,0
darija_2_00275,قبل راس العام.. اعتقال 25 متطرف كانو كيخططو لهجمات إرهابية فبلادنا,0,0,0,0,3,0
darija_2_00276,تنفرد بنشرها “كود”: سلسلة “كيفاش السلاطين ديال المغرب كايشوفو “ريوسهوم” وكايشوفو السلطة ديالهوم وكايحميوها؟ !” تصور النخبة الإصلاحية المغربية لمفهوم القومية وتماهيه مع المفهوم النازي للقومية. الحلقة 100,0,0,0,0,0,0
darija_2_00277,هده شروط قاسية سيما في حق لعبين اجتهدوا ودافعوا بكل استماتة عن القميص الوطني مثل حمزة منديل و النصيري و بوفال. ',0,0,1,1,0,0
darija_2_00278,"الكَيرا فأوكرانيا.. روسيا كتهدد باستخدام السلاح النووي و وزارة دفاعها : 14 ألف تقتلو و16 ألف تجرحو من الجيش الأوكراني,",0,0,2,0,0,0
darija_2_00279,شارل سان برو: رد الفعل الجزائري على تقرير البنك الدولي كيخفي حالة الإفلاس الشاملة,0,0,2,0,0,0
darija_2_00280,صورة الاسبوع. مغربي حكم عليه بالسجن 20 سنة قبل أيام ببلجيكا ويسخر من القضاء بصورة سيلفي في الشاطئ بطنجة وها قصتو.,0,3,0,0,0,0
darija_2_00281,سكوب: مجلس وزاري 18 في عهد حكومة بنكيران الاثنين وها علاش غادي يصادق,0,0,0,0,0,0
darija_2_00282,"@user oui bsa7 o aham haja makayn l7ssad binathom,hadakchi 3lach homa li mktas7in lyoutube",1,0,0,0,0,0
darija_2_00283,يالمذلولا الذل لي راكم عايشين فيه يكفيكم وزيادة اصبحتم أضحوكة العالم',0,0,0,2,0,3
darija_2_00284,مع نهاية 2016.. أحلام تعتذر وتطلب السماح,0,0,0,0,0,0
darija_2_00285,للأسف سوء التسير و سياسة القناة هما السببان الرئيسيان وراء ما يجري في القناة',0,0,2,0,0,0
darija_2_00286,الجزيرة تخلطو ليها لعرارم. لالة حسناء ولات لالة الحسن (صورة),0,2,0,0,0,0
darija_2_00287,bnadem toxic fhala 3ashe f cartel qwed mn l mexique,0,0,0,1,0,0
darija_2_00288,داكشي لي بقا نتا تولي رئيس حكومة ههههههه والله الى هزلت,0,0,0,0,0,0
darija_2_00289,المغاربة ولاو كيقتلو على أسباب تافهة.. واحد قتل جارو فوزان على والو,0,0,3,0,0,0
darija_2_00290,ها آش قال الصالحي على الطاوسي وموقع الرجاء,0,0,0,0,0,0
darija_2_00291,هاي الوضع الذي الت اليه الامه لما انعيش مع الغرباء في بلادهم ولا ماذا تتوقعين من شعب ليس له تاريخ سكانها الهنود الحمر راحوا وسكنوا فيها لمم اوروبا وعجبي',0,0,0,2,0,0
darija_2_00292,وانتم من ضمن الوسائل التي تسبب الضعف الفكري بمقالاتكم,0,0,0,0,0,0
darija_2_00293,@user @user @user Harb ta7rir ???? Hahahaha dawla lwahida li khrjat mnha fransa ble vote b3d manaktkom o 9tlat 5 mlyoun hhhh 7wala din mkom https://t.co/3SFxo6QY8j,0,0,0,2,0,2
darija_2_00294,@user @user achmn aghlabiya o dok nass likano hadrin machi mgharba ...nass monafi9in tl9ahom kitfarjo o9olo mabaghinoch ..,0,0,0,2,0,0
darija_2_00295,تحياتي لشعب الحسيمة و الله يرحم الشهيد,0,0,3,0,0,0
darija_2_00296,"الحرب على البزناسة متواصلة ففاس.. طاحو 3 بين “الجنانات” و”المسيرة” وحجز كميات كبيرة ديال السيليسيون والحشيش والكيف – تصاور,",0,0,0,0,0,0
darija_2_00297,حافظوا على عبد الواحد الراضي. سينتهي المغرب ذات زمان ويبقى الراضي دليلا على أننا كنا موجودين يوما,2,0,0,0,0,0
darija_2_00298,عفو ملكي عن معتقلي «حراك الريف» يلوح في الأفق. 60 طلب قدم لحد الآن وهذا ما كشفه مصدر من إدارة السجون,1,0,0,0,0,0
darija_2_00299,شوفو لحماق. الوليد بن طلال شرا عشرة كلمات مكتوبة بنصف مليون ريال وها علاش + صورة,0,3,0,0,0,0
darija_2_00300,الافضل في التاربخ اللعب بدون احدية وفي الايادي الهراوات',0,0,0,0,0,0
darija_2_00301,البوليساريو رفعات دعوى قضائية ضد صندوق الإستثمار النيوزلندي بسباب فوسفاط الصحرا,0,2,0,0,0,0
darija_2_00302,باراكا متعلفو فولادكم راه الغلض كيكلخ. دراسة: السمنة فسن مبكرة كتأثر على الذكاء وممزياناش للذاكرة,0,2,0,0,0,0
darija_2_00303,الفايسبوك طيح شبكة لتحريض القاصرات على الدعارة,0,0,0,0,2,0
darija_2_00304,ها رجل الاعمال اللي حصلوه كيتكرفس على ربيبتو وكيمارس عليها الجنس وهابشحال ضربوه,0,0,0,2,2,3
darija_2_00305,رحم الله الفنان العبقري الراحل عبـد الحــليم حافظ الذي قل نظيره في زمن الرداءة والتسيب المقصود والممنهج في وطننا لاكلمات لالحن يشفيان غليل ذوقنا اليتيم، فاقد الشيئ لايعطيه',0,0,2,0,0,0
darija_2_00306,ابتدائية بنسسليمان رفضات تمتيع الفرنساوي اللي قتل غنم الطفل الراعي بالسراح,0,0,0,0,0,0
darija_2_00307,انطلاق أشغال الصيانة فسطاد دونور,0,0,0,0,0,0
darija_2_00308,لشكر مرمد الاتحاد فالأرض.. بعدما رشح ولدو لحسن جاب بنتو لمؤسسة الفقيه التطواني وغالبا غايرشحها للانتخابات,0,0,0,1,0,0
darija_2_00309,كان رهن الحراسة النظرية: واحد فبنكرير دخل فغيبوبة ومات قبل ميوصل لصبيطار,0,0,3,0,0,0
darija_2_00310,و أسكنه فسيــــح جناتــــــــه، إن لله و إن إليــه راجعــون',0,0,3,0,0,0
darija_2_00311,إسرائيل لمواطنيها. غير تكيفو لحشيش والله مانشدوكوم,0,2,0,0,0,0
darija_2_00312,حفل زواج الكلب الكندي “روبي” في طنجة يخلق ضجة. العرس أحيته فرقة موسيقية محلية عريقة,0,3,0,0,0,0
darija_2_00313,النفاق السياسي بين شفيقا عين الشق البرلمانيان المتطاحنان ..لعداوة تابثة و الصواب يكون !,0,0,0,0,0,0
darija_2_00314,@user @user merci beaucoup akiiid bensawet o hiya li rah terbah https://t.co/4zhsem9Geu,1,0,0,0,0,0
darija_2_00315,نحن مع سي بنكيران دائما ليستمر الاصلاح .,1,0,0,0,0,0
darija_2_00316,برافو خطوة موفقة في علوم التكنلوجيا تضاف الي سجل المغرب البطل وستكون له مهام عديدة في استكشاف مايدور علي الارض وردع العدو الطامع',2,0,0,0,0,0
darija_2_00317,هذا الفيلم يقدم مرة أخرى الفارق بين الواقع المرير و القصة الخيالية أو المثالية',0,0,0,0,0,0
darija_2_00318,conane likid3ambety o abdsalam dar bareh hamla 9alek hejmo 3la had siyed bach ibtissam t9dar dir 3ando aflam,0,0,0,0,0,0
darija_2_00319,الادمان والعنف رجع آفة كتعاني منها المدارس المغربية + روبورطاج فيديو,0,0,2,3,0,0
darija_2_00320,إصابة تقنية مختبر فسبيطار الداخلة رون السلطات,0,0,0,0,2,0
darija_2_00321,بناية تابعة لوزارة الأوقاف ضربوها بالحجر.. واش الحادث عندو علاقة بمنع التراويح فرمضان؟,0,2,0,0,0,0
darija_2_00322,حزب “الأحرار” فاز برئاسة غرفة الصناعة التقليدية فـ كازا – تصاور,1,0,0,0,0,0
darija_2_00323,حسبنا الله ونعم الوكيل، أليسوا هؤلاء أولى بالتنمية أولا قبل الكوت ديفوار ؟ ',0,0,3,0,0,0
darija_2_00324,"بوكلاطة نائب الوكيل العام للملك ففاس: الفايق بحالو بحال أي محابسي وكيستافد من رعاية صحية فالحبس وها علاش اعتارضات النيابة العامة على ملتمس السراح,",0,0,0,0,0,0
darija_2_00325,هدف عالمي بكعب القدم في الملاعب الايطالية (فيديو),3,0,0,0,0,0
darija_2_00326,الله إطلق سراح خونا لفنان سعد لمجرد ،و لا ننس الله يرحم خونا محسن فكري  {إن الله و إن  إليه راجعون},0,0,3,0,0,0
darija_2_00327,سلطات العيون تُزيل لافتة ولد الرشيد غير القانونية‎,0,0,0,0,0,0
darija_2_00328,@user tu fais le malin ghir mli makikoun endek matjaoueb.,0,0,0,0,0,0
darija_2_00329,منصوري: 3 د المليون نسمة كتعيش هشاشة مجالية فـ281 جماعة أغلبها فالجبال,0,0,3,0,0,0
darija_2_00330,جورنالات بلادي1: تعليمات للداخلية ومؤسسات الدولة بمقاضاة المسؤولين السياسيين بسبب الانتخابات وفرق الأغلبية والمعارضة تطالب بتشكيل لجنة تقصي الحقائق حول استيراد النفايات الإيطالية,0,0,0,0,0,0
darija_2_00331,iwa hit mosalima kathdar 3la islam b 39al ama sahayina rah moskhin kaysabo fina bla may7aso,0,0,0,1,0,0
darija_2_00332,الدرك الملكي يحجز ازيد من 7 طن من التين المجفف ويعتقل صاحبه,0,2,0,0,0,0
darija_2_00333,السلطات المصرية كتفرق تذاكبر بلا فلوس لمشجعي الجزائر فنهائي الكان أمام السنغال والرئيس بنصالح حاضر للماتش,0,2,0,0,0,0
darija_2_00334,wa m3amne dwi risala wadha ghir libgha yfhmha 3awja,0,0,0,0,0,0
darija_2_00335,soltana mbrouk roujo3ik w inchallah fi ta9adom bn chance w khdemi f leval mzian je taime,2,0,0,0,0,0
darija_2_00336,@user wa hadi ma3roufaa koulchi 3endna a bsmiyaa hhhhh,1,0,0,0,0,0
darija_2_00337,مشروع تقنين الكيف مزال مرون البيجيدي.. شبيبة الحزب: مافهمناش علاش تدار المشروع فهاد الوقت و كنرفضو يدوز ف البرلمان قبل ما يكون عليه نقاش عمومي,0,0,0,0,0,0
darija_2_00338,مورينهو معجب بموهبة مغربية,2,0,0,0,0,0
darija_2_00339,"نظام العسكر فالدزاير : كندينو عمليات القصف اللي كتقوم بيها القوات المغربية ف”المنطقة العازلة”,",0,2,0,0,0,0
darija_2_00340,مدرب الجزائر متخوف من مواجهة أسود الأطلس,0,0,0,0,1,0
darija_2_00341,كلنا محسن فكري الي مات حنت تيبيع بالجملة حوت تاع الباونات توع الحوت,0,0,3,0,0,0
darija_2_00342,@user @user li mabghitich t3amrih kteb none,0,0,0,0,0,0
darija_2_00343,"كَارديان ديال الطوموبيلات فتطوان دار كارثة وصيفط دري صغير للصبيطار فحالة خطيرة,",0,0,0,0,2,0
darija_2_00344,ملكنا محمد السادس انسان متواضع و من  تواضع لله رفعه وحفظه .,2,0,0,0,0,0
darija_2_00345,pllz akhti malki 3la had hadra ma3rafti achnahiya dorofha,0,0,1,0,0,0
darija_2_00346,كيف ندعي أننا ندمج الأفارقة و مواطنون مشردون في وطنهم ',0,0,2,0,0,0
darija_2_00347,yal lkhedra ila smîtk mrra o mok mezzghrta 3liik aji lmghrib ya matshufi mn mn9i khyaro 💩,0,0,0,2,0,0
darija_2_00348,ها آش قال لقجع على اصطدام الأسود بالفيلة,0,0,0,0,0,0
darija_2_00349,جورنالات بلادي1. بنكيران منزعج بعد إحالة قضية “رشوة 70 مليونا” على قاضي التحقيق والقضاء سيوجه استدعاءات للتحقيق مع قياديين في البيجيدي والاستقلال والتجمع والحكومة تتجه إلى الزيادة في أسعار السكر ابتداء من يناير المقبل,0,0,0,0,0,0
darija_2_00350,"النظام الأساسي الجديد الموحد لأطر وزارة التربية الوطنية.. بنموسى: كنخدمو فهاد الإطار لاعتماد ميثاق أخلاقيات بهدف ربط المسؤولية بالمحاسبة فالقطاع,",0,0,0,0,0,0
darija_2_00351,بعد مغادرة زوجته للتراب الوطني رفقة ابنته القاصر، مواطن مراكشي يراسل وزير العدل للتحقيق في تزوير وثائق رسمية,0,2,0,0,0,0
darija_2_00352,hadi ghir rwayd je pense,0,0,0,0,0,0
darija_2_00353,خبر زوين.. أول حالة تشفات من كورونا بجهة العيون وغادي يغادر المستشفى,3,0,0,0,0,0
darija_2_00354,عاجل. ...الأصالة والمعاصرة كيدفعو التراكتور ديالهم مبغاش يديماري هههههه,1,0,0,0,0,0
darija_2_00355,الجزائري بنشيخة مشرفا عاما لفريق فارس البوغاز,0,0,0,0,0,0
darija_2_00356,"ألباريس: كنارياس غيكون عندها ممثل فمفاوضات ترسيم الحدود البحرية مع المغرب,",0,0,0,0,0,0
darija_2_00357,derby catalunya ml3ub 3la goal wahd,0,0,0,0,0,0
darija_2_00358,"موقع “أكسيوس” المريكاني : ها شنو تگال بين بلينكن وبن زايد فالمغرب,",0,0,0,0,0,0
darija_2_00359,Hbiba nbghiwk bzf fmaroc khlik m3a ihab hanan rafa ghniw mghribi goli lihom ighniw lik happy birth day #socialmedianight #souhailabenlachhab,3,0,0,0,0,0
darija_2_00360,جاردينيي دخل موسوعة كَينيس بعدما غرس شجرة فيها 5 أنواع ديال الديسير – تغريدات و تصاور,0,2,0,0,0,0
darija_2_00361,البوصيري شعلها بالغش في البطولة : برشيد مشى للمحكمة,0,1,0,0,0,1
darija_2_00362,بغا يدير اللعاقة دغيا. بوليسي في تمارة حصل في قضية كبيرة ديال النصب والاحتيال,0,3,0,0,0,0
darija_2_00363,"الناموس محيح فالناظور.. ومواطنين لـ”كَود”: كنطالبو المسؤولين باش يديرو الحل قبل ما توقع شي كارثة صحية فالمدينة,",0,0,0,0,2,0
darija_2_00364,أكبر مشكل يواجه المغاربيين هو عدم معرفتهم ماذا يريدون :',0,0,1,0,0,0
darija_2_00365,الزهر لمكفس. مصري شدولو حبيبتو فالحبس وبقا كيستناها سنوات وملي خرجات تشد هو!,0,2,2,0,0,0
darija_2_00366,نبيلة منيب املنا,1,0,0,0,0,0
darija_2_00367,هاذي زوينة. مغاربة يحتجزون مغاربة فوق التراب الإسباني. تعطي الفلوس تمشي فحالك,0,2,0,0,0,0
darija_2_00368,من بعد 11 سيمانة ديال التصوير.. فدوى طالب نشرات تصويرة بانت فيها مبدلة,0,0,0,0,0,0
darija_2_00369,التراكتور أون بان: بنشماش رفض المصالحة مع تيار وهبي,0,0,0,0,0,0
darija_2_00370,مطلوبون في قضايا جنائية خطيرة يتصدرون قائمة المرشحين للانتخابات,0,3,0,0,0,0
darija_2_00371,بالفيديو. هندي سمح فمراتو حقاش يحب الابقار بدل النساء!,0,2,0,0,0,0
darija_2_00372,علاش كاتكذب علاش و تتقتطع الكلام خارج سياقه تدليس و تحريف و استحمار للعقول',0,0,0,3,0,0
darija_2_00373,ها تشكيلة الوفد الدبلوماسي الروسي لي جا للعيون وتلاقى رئيس المينورسو,0,0,0,0,0,0
darija_2_00374,mercii lik wakha ana mn fans bety o daounia hhh,2,0,0,0,0,0
darija_2_00375,37 رجل أعمال كوري بالرباط باش يقويو الاستثمار مع المغرب,2,0,0,0,0,0
darija_2_00376,اللهم ارحمه برحمتك الواسعة واسكنه فسيح جناتك وألهم أهله وذويه الصبر على فراقه.  كلنا محسن فكري,0,0,3,0,0,0
darija_2_00377,@user Ihab 9ari m3aya Howa bac dyalo science physique o 3omro makan science vie et terre,0,0,0,0,0,0
darija_2_00378,عاجل. نقل ربيع الابلق للعناية المركزة واستمراره في الاضراب كيقتل جميع محاولات التهدئة,0,0,0,0,0,0
darija_2_00379,إنفراد.. العثماني داير ضغط كبير على المركزيات النقابية وها علاش,0,0,0,0,0,0
darija_2_00380,الحرب.. استئناف المفاوضات بين روسيا وأوكرانيا وموسكو حطات شرط أساسي قبل العودة لطاولة الحوار,0,0,0,0,0,0
darija_2_00381,بغا ينقد رزقه لي رماواه فالزبل و البوليسي قليهم طحن مو منتحرشي,0,0,3,0,0,2
darija_2_00382,حسبي الله ونعم الوكيل فيهن هاذ شعب بعيش نذل وبموت نذل',0,0,3,0,0,0
darija_2_00383,تفكيك شبكة إجرامية متورطة ف تعدد السرقات وها شنو لقاو عندها,0,0,0,0,2,0
darija_2_00384,بألف صحة و راحة لكن أخي حذاري من المقليات',1,0,0,0,0,0
darija_2_00385,حمد الله محيح فالسعودية. دا احسن لاعب والحذاء الذهبي وقال: هاد الجائزة يستحقها امرابط,1,0,0,0,0,0
darija_2_00386,اخي انا مغربي كيف الريفي والشلح ولعروبي مغاربة فكري الله رحمو,0,0,2,0,0,0
darija_2_00387,نحن دولة بترولية. عندنا مال كتير. لا تقارن نفسك بنا.,0,0,0,0,0,0
darija_2_00388,اليهود اهل الزوايا المظلمه ويحبون جمع المال باي وسيله',0,0,0,0,0,0
darija_2_00389,مغربية داعشية تقتل طفلها و تدفنه في حديقة لانه شيطان,0,0,3,0,2,2
darija_2_00390,"تعيين. هشام رحيل رئيسا لديوان وزير الصحة والحماية الاجتماعية,",1,0,0,0,0,0
darija_2_00391,بسباب المقاطعة.. دانون سنطرال رفضات توزع 148 مليون درهم على المساهمين وغتنقلها ديريكت لحساب الشركة,0,2,0,0,0,0
darija_2_00392,هل تم اكتشاف اول حالة ايبولا في اكادير؟ مصدر طبي: لا يمكن الجزم بان المريض مصاب بايبولا,0,0,0,0,2,0
darija_2_00393,شباط: حزب الاستقلال يشكل “لجنة من الخبراء” لمقاضاة رئيس الحكومة الاسبوع المقبل,0,0,0,0,0,0
darija_2_00394,"جوندارم الداخلة فككو محل لصناعة الفلايك اللي كتستعمل فالحريكَ والطراباندو,",0,0,0,0,3,0
darija_2_00395,أسيري اتقي الله ونوضي تصلي ركي شرفتي أشبغيتي ب شي سياسة,0,0,0,1,0,0
darija_2_00396,من بعد طلاقها الأول.. بشرى أهريش كتعتبر حياتها الخاصة خط أحمر,0,0,0,0,0,0
darija_2_00397,المغربية عزيزة جلال رجعات تغني والارتباك كان حليفها,1,0,0,0,0,0
darija_2_00398,z3ma chkoun li baghi yt3lm l arabe,0,0,0,0,0,0
darija_2_00399,هؤلاء هم السفراء الأجانب الذين قدموا أوراق اعتمادهم للملك في تطوان,0,0,0,0,0,0
darija_2_00400,له يعطيك الصحة والعافية والقوة لا ترهق نفسك 😘',2,0,0,0,0,0
darija_2_00401,قاصر ينتحر شنقا حيث ماجابش نقطة مزيانة في الامتحان',0,0,3,0,0,0
darija_2_00402,المنتخب غادي يشد الطيارة للإمارات ولكن ماشي كاع اللعابا غادي يمشيو,0,0,0,0,0,0
darija_2_00403,الوفا عقد شباط. الامين العام للاستقلال لا يفوت فرصة للهجوم عليه وصفه في اخر هجوم بـ”العبد المطيع لبنكيران,0,0,0,2,0,0
darija_2_00404,جورنالات بلادي1. العثور على مهاجر مغربي مشنوقا وسط فيلا بالهرهورة والمعارضة تجر بنكيران إلى الغرفة الثانية لمساءلته,0,0,2,0,0,0
darija_2_00405,ياله من شرير',0,0,0,2,0,0
darija_2_00406,وثيقة مسربة تزلزل القلعة الخضراء,0,1,0,0,0,0
darija_2_00407,لكم الحق في التصويت وليس لكم الحق في فوسفاط وجوج بحورة هذه هي الديمقراطية في الملكة المغربية,0,0,0,2,0,0
darija_2_00408,فيلم عن الغازات السامة بالريف يدخل منافسة السينما الافريقية بمصر,1,0,0,0,0,0
darija_2_00409,هل ستكون تونس أول دولة عربية تترأسها سيدة. كلثوم من الدفاع على إستقلالية القضاء أيام بنعلي إلى الترشح للرئاسة بعد ثورة الياسمين + فيديو,0,0,0,0,0,0
darija_2_00410,جبل طارق.. البحر لاح جثة واحد من الحراكَة لمغاربة اللي تقلبات بيهم لفلوكة نهار 7 فبراير,0,0,3,0,0,0
darija_2_00411,الوداد واجدين للتواركة,0,0,0,0,0,0
darija_2_00412,منظر رائع جداً.....',2,0,0,0,0,0
darija_2_00413,b7ala chftiha b3eynik hadi wa7d sata kant tadwi fl mosawat w kda w t9et3atsowlat wa7d sat wch 3ndk garro galliha kayn marquise gatlih oh merde,0,2,0,0,0,0
darija_2_00414,ka tfrjou f botola lfer9 mabin lwl o lkhamss 4pts,0,0,0,0,0,0
darija_2_00415,akbar ghalat drt fhyati howa fach chdit lbac kmelt 9rayti flmghrib 🤦🏽‍♂️,0,0,0,1,0,0
darija_2_00416,قواعد صحيحه..وواقعية..ولكن لاتناسب الواقع العربي لانه سيراها اغلبية الشعب العربي عبارة عن قول افك لا قيمة له',0,0,0,0,0,0
darija_2_00417,الأناقة في الأسلوب',2,0,0,0,0,0
darija_2_00418,طنجة. الخضرة دارت لگرون بسباب اضراب الشاحنات,0,0,0,0,0,0
darija_2_00419,بالفيديو. مغربية في التايلاند خرجات عريانة وكملتها فالكوميسارية (+18),0,3,0,0,0,0
darija_2_00420,الخزي والعار لهاته الحكومة التي تغلط العالم والمغاربة عبر تضليل الرأي العام بإنجازات وهمية والشعب يعيش تحتت عتتبة الفقر,0,0,1,3,0,0
darija_2_00421,معطيات حصرية.. الشقة اللّي كان فيها زعيم الخلية المفكّكة اليوم قريبة من 6 فنادق مصنفة وها فوقاش دخلو المتفجرات والأسلحة,0,0,0,0,2,0
darija_2_00422,"رحلات جوية لترحيل الحراگة المغاربة من گران كناريا للمملكة. هاذ المرة الرحلات غادي تشمل كازا وأكادير,",0,0,0,0,0,0
darija_2_00423,أجراس تومليلين: نهاية حزينة لدار الله و المحبة و الثقافات,0,0,2,0,0,0
darija_2_00424,رئيس بلدية كلميم بلفقيه يحمل المسؤولية للداخلية و الوزارات في فاجعة الفيضانات بالوثائق,0,0,2,2,0,0
darija_2_00425,سخيف ههههههههه,2,0,0,0,0,0
darija_2_00426,"نهار قبل وصول وزير خارجية الصبليون للمغرب. افتتاح جوج قنصليات فالداخلة لدول امريكا الجنوبية وافريقية,",2,0,0,0,0,0
darija_2_00427,مكناس : مجرم شرمل ضابط وزاد لجوج بوليس آخرين ومانفع معاه غير القرطاس,0,0,0,0,3,0
darija_2_00428,بلجيكي يربح أكبر جائزة في تاريخ اليانصيب الأوروبي,2,0,0,0,0,0
darija_2_00429,البام حصل فارجاع تعويضات النواب: موقفنا واضح من ارجاعها ومسطرة اعادتها سيتم الحسم فيها اليوم,0,0,0,0,0,0
darija_2_00430,صوتك زوين لكن أظنك تحتاجين ان تمرني صوتك اكثر و حولي ان تضفي طابعك الخاص في اي اغنية على كل صوتك جميل و انت جميلة اتمنى لك التوفيق والنجاح',2,0,0,0,0,0
darija_2_00431,رد فعل الجمهور العام,0,0,0,0,0,0
darija_2_00432,يا لروعه كلامك ...لك تحياتي .....اتمنى من جميع ان يأخذوا كلامك عبر للحياة ....للسير نحو',2,0,0,0,0,0
darija_2_00433,قوات حفتر تقصف داعش في ليبيا وتعيينه وزيرا للدفاع مرتقب خلال ساعات,0,0,0,0,2,0
darija_2_00434,دارو شبكة ديال الابتزاز!. إعتقال أب وإبنه كيبتزوا الناس، الولد كيدير الجرائم والاب كيطلب من الناس لفلوس باش ميورطهومش ولدو وها مشحال كيطلبو,0,2,0,0,2,0
darija_2_00435,كورونا تسببات فانتحار كوبل بعدم تأجيل عرسهم,0,0,3,0,0,0
darija_2_00436,من غير المعقول أن المغرب لي كان سابق الخليج من ناحية الحريات والحقوق باقي فيه وكال رمضان يمشي الحبس ومثلي يتبعو للعزلة وجوج مصاحبين ساكنين يتسمى فساد والطاسة يشربوها المغاربة بلا قانون وغير مدرحة.. وفي نفس الوقت دول الخليج لي منبع التشدد سالات مع هادشي.. راه عيب عيب,0,0,0,1,0,0
darija_2_00437,ﺍﻧﻪ ﺍﻟﻌﺎﻟﻤﻲ ﺍﻟﻌﺎﻟﻤــــــــــــــــــــــــــﻰ ﺍﻟــــــــــﺪﻭﺯﻯ ﻳﺎ',2,0,0,0,0,0
darija_2_00438,شقران المرشح لرئاسة الاتحاد الاشتراكي: أجهزة الحزب ضعافت ومع هاد القيادة فقد بزاف من مصداقيتو,0,0,1,0,0,0
darija_2_00439,كنشوف بزاف ديال التعاليق ان مزال الناس فيهم الخير...را اكتريا ديال المغاربة فيهم الخير وباقي الخير',2,0,0,0,0,0
darija_2_00440,sbah lkhir bety kent kanftar sbah ou tfakartek mazal kantssna f follow dyalek ghadi nktb lik kl nhar,2,0,0,0,0,0
darija_2_00441,السياسة لعبة قدرة...واخا ماينتاخبوش عليهم الشعب تيوصلوا للكراسي بكل سهولة...  مهزلة,0,0,1,0,0,0
darija_2_00442,قبل رئاستها لمجلس الأمن فأبريل. خارجية ألمانيا تلاقات رئيس المينورسو,0,0,0,0,0,0
darija_2_00443,جورنالات بلادي2. 70 في المائة فيهم فيروس السيدا وما فراسهمش واعتقال مثليين يمارسون الجنس الجماعي,0,0,0,0,0,0
darija_2_00444,الحرية للاصدقاء الشهيد محسين فكري,0,0,2,0,0,0
darija_2_00445,nn khass ydaghto 3lihom bach y9alsso lmoda habo baghin ydiro labass 3la dharna,0,0,0,1,0,0
darija_2_00446,قبل مقتله آخر كلمة قالها ...عاش الملك عاش الملك ...اللهم احفظ لنا ملكنا ...رحمة الله على فكري,0,0,3,0,0,0
darija_2_00447,"هادي أجندة وزير خارجية مريكان لي جاي للمغرب وغادي يتلقا محمد بنزايد ويدوز للجزائر,",0,0,0,0,0,0
darija_2_00448,لقد فقدنا العروبة والدين والهوية لا حول ولا قوة الا بالله العلي العظيم',0,0,3,0,0,0
darija_2_00449,chty chwa93 f tanger p,0,0,0,0,0,0
darija_2_00450,ana jdid fi twiteer hal min asdi9ae,1,0,0,0,0,0
darija_2_00451,ou wahed lhaja omggg daba ana je parle pas souvent a aym ou hua kan baghi iakhed dftari while knt kan3red l9or2an ou ou 3iyet,0,0,0,0,0,0
darija_2_00452,طنجة تطفئ اضواء امانديس، ثورة الشموع تطالب برأس الشركة الفرنسية وانخراط كبير في الحملة,0,0,0,2,0,0
darija_2_00453,هنيئا لنا على التخلص من حكيمة الحيطي! مباشرة بعد ذهاب الوزيرة سيُصبِح المغرب نقيا ونظيفا، فالقضية كما يبدو لا تتعلق بالنفايات، بل بشخص هذه المرأة التي جعلنا منها وحشا واتحدنا جميعا من أجل القضاء عليها,0,0,0,0,0,0
darija_2_00454,الفتنة ناءمة لعن الله من ايقضها اتقوا الله لمذا لا نحتج على المخدرات في الحسيمة كلنا مع المرحوم,0,0,3,2,0,0
darija_2_00455,الشباب يموت والا حول ولا قوة الا بالله',0,0,3,0,0,0
darija_2_00456,الاستفتاء هو الحل الوحيد لمعرفة هل الصحراويين هم مع البوليساريو او ضد .',0,0,0,0,0,0
darija_2_00457,تينهينان جدة الطوارق في الصحراء الكبرى  اما جد الامازيغ فهو ماسينيسا مؤسس الدولة النوميدية,0,0,0,0,0,0
darija_2_00458,من الحسيمة تحية خالصة لناس كازا و جميع مناطق المغرب و الله يرحم أخونا محسن   #طحن_مو,0,0,2,0,0,0
darija_2_00459,واقلا هادك البنت لي خدامات في الامانة العامة ماشي بنتك ولا مافي راسكش انها بنتك',0,1,0,0,0,0
darija_2_00460,لفتيت: الحكومة دارت 4 زيارات للريف والمعتقلين يتابعون بجميع الضمانات وكانت ممارسات متطرفة فحق القوات العمومية,0,0,0,0,0,0
darija_2_00461,ها جديد تسونامي الامني دكازا. نائب والي الامن ورئيس الاستعلامات دخلو للرباط لهاد المديرية,0,1,0,0,0,0
darija_2_00462,ماشي كانو قالو في الإعلام راه قدينا على داعش وسالينا هاد الموضوع ؟؟؟',0,0,0,0,0,0
darija_2_00463,لوبي المصحات الخاصة حالف يهلك جيوب المغاربة وف عز أزمة كورونا.. فتحو 44 مصحة جديدة فـ2020 وحتى وحدة مكاينة فالمناطق المهمشة,0,0,0,2,0,0
darija_2_00464,@user AY HAJA TJI M3AKOM WKHOSOUSAN ILA KAN FIHA HARF L9AF :D,1,0,0,0,0,0
darija_2_00465,باينة ف وجهم شريرات',0,0,0,0,0,0
darija_2_00466,واش هاد مول الرابعة اعدادي هو الي غادي يحكم الحكومة القادمة هههههه  إمبراطور المخدرات,0,0,0,0,0,0
darija_2_00467,كان افظل حاكم عربي',1,0,0,0,0,0
darija_2_00468,مع الروكور ديال اليوم فكورونا فيروس. الحكومة زادت هاد الاجراءات لكازا لـ4 سيمانات,0,0,3,0,3,0
darija_2_00469,راية الامازيغ ترمز للهوية وليس للعرق او الدولة اما الراية المغربية فهي ترمز للوطن او الدولة,0,0,0,0,0,0
darija_2_00470,شوهة. زمالك شحاتة تقلب الطاولة على الماص وتتأهل من فاس للدور المقبل من المسابقة الإفريقية (فيديو),1,0,0,0,0,0
darija_2_00471,فخر بلادي الف مليون مبروك يا ابو مكه تستحقها باكتساح لا منافس لك انت فخر مصر والعرب بنحبك بجد ربنا يوفقك ',3,0,0,0,0,0
darija_2_00472,"بدات كتقاقي عاود من الشينوا.. رصدو أول حالة إصابة ب”أنفلونزا الطيور” من سلالة “H3N8”,",0,0,0,0,3,0
darija_2_00473,جورنالات بلادي1: وحش آدمي بالرماني يغتصب طفلين شقيقين وكبار ضباط الجيش يتفقدون الشريط الحدودي,0,0,2,2,2,3
darija_2_00474,نطلب لك التوفيق والنجاح من عند الله. الشيء الذي لا نفهمه هو لماذا الدولة لا تهتم بشؤون أصحاب الاحتياجات الخاصة في النقل ودخل شهري يحفظ لهم كرامتهم ويعوض لهم مكانتهم وحقهم داخل هذا الوطن.',0,0,0,0,0,0
darija_2_00475,@user @user @user @user @user wahed bent ana wejdiya oga3 wjada makihemloch khanza ohiya tgol achndir,0,0,0,1,0,0
darija_2_00476,عاجل. لالة سلمى كتعشى مع عيالات شيراك وواتارا فجامع لفنا,2,0,0,0,0,0
darija_2_00477,كورونا فيروس ديمقراطي كيعادي الحازق والمرفح وعندهم نفس الفرص سواء في الإستشفاء منو أو الموت به ومايقدرش لمرفح يمشي يتداوى برا أو في المصحات الخاصة كيف كيديرو ديما بينما الحازق يبقى يعاني في الخدمات العمومية,0,0,0,0,0,0
darija_2_00478,‎كاتب مقال “الصباح” الذي دفع ببنكيران الى الاعتذار للملك يخص “كود” بمقال”: بنكيران وهوى السلطة‫:‬ هل كان بنكيران مجبرا على تدبيج بيان ناري ضد “الصباح” التي نقلت كلامه بأمانة وغضت الطرف عن حواشي كلامه التي إن سردناها لكان الجلل أعظم…؟,0,0,0,0,0,0
darija_2_00479,الأرصاد الجوية: الحالة الجوية غادي تبقا حارة فهاد المناطق,0,0,0,0,0,0
darija_2_00480,Rai huwa lRnb dlmghrib,0,0,0,0,0,0
darija_2_00481,جورنالات بلادي. قرارات عزل جديدة لرؤساء جماعات ونوابهم والقضاء يحقق في تسعة ملفات لتبييض أموال المخدرات والاختلاس والتزوير,0,2,0,0,1,0
darija_2_00482,7yati kamla o ana kntsena tnud li le7ya kbira bash ndir no shave november mazal kntsena 😭,0,0,2,0,0,0
darija_2_00483,درار يقود كلوب بروج إلى الفوز في الدوري البلجيكي,2,0,0,0,0,0
darija_2_00484,حمام تركي هو سباب القربالة لي نايضة بين حسبان وبدريقة,0,3,0,0,0,0
darija_2_00485,مشكل الحسيمة غادي يزيد يتعقد أكثر بوفاة جديدة. الحداد مات بعد يوم من نقله إلى المستشفى الجامعي بوجدة,0,0,3,0,0,0
darija_2_00486,المشكلة تاواحد محسن من واحد كلهم شفارة بنكيران فايتهم بحاجة وحدة تايتهلا فيريوس لكبيييرة على ضهر المسكين هادشي باش هو زين,0,0,0,2,0,0
darija_2_00487,المؤبد لمغربي قتل مراتو الصبليونية وولدها,0,0,3,0,3,0
darija_2_00488,ماشاء الله على شباب الحسيمة رجال من صلب الرجال,2,0,0,0,0,0
darija_2_00489,"بسباب ارتفاع الأسعار.. العدالة والتنمية: مجلس المنافسة خاصو يخرج تقريرو على سوق المحروقات فأقرب وقت والحكومة ماقدراتش تواجه هاد الغلا اللي كاين,",0,0,0,0,0,0
darija_2_00490,ترمضينة خايبة فاس. مواجهات في حي شعبي تنتهي بإصابة قاصر بجروح خطيرة,0,0,3,0,2,0
darija_2_00491,ضابطي أمن متورطين في قضية ابتزاز وها كيفاش سالات القضية ديالهم,0,2,0,0,0,2
darija_2_00492,ولاية امن طنجة: ما كاين لا احداث شغب لا والو وغاديين نتابعو صحاب الفايك نيوز,0,0,0,0,0,0
darija_2_00493,كارثة صحية.. تناول الطعام في المكتب,0,1,0,0,0,0
darija_2_00494,الناصري: من حقي ندير السياسة وحتى واحد ما من حقو يمنعني,0,0,0,0,0,0
darija_2_00495,هذه القناة هي اصلا قاطعها المغاربة لانحرافها عما هو موكول لها.ففي افلاسها ليس خسارة للمغاربة بل تحررا من البرامج المدمرة',0,0,0,1,0,0
darija_2_00496,"بوليسي تيرا بالقرطاس على شخص نوض روينة بجنوية فحي “معطى الله” فالعيون,",0,0,1,0,3,0
darija_2_00497,أسعار المحروقات شعلات مواجهة كبيرة بين العدالة والتنمية والبام بمجلس النواب,0,0,0,0,0,0
darija_2_00498,إننا في زمن الخرافات وكأن الإنسان الذي يسمع ويرى الهرج المرضي الذي يروجه هذا المتاجر بخزعبلاته استغلالا لسذاجة الكثيرين والذين لا يعرفون مفهوم التدين الا في نسخته الداعشية.',0,0,0,1,0,0
darija_2_00499,ناس جهة العيون فرحو بعدما مشى بوشعاب يحظية وطلبو مايكونش الوالي الجديد بحال لي سبقوه,3,0,0,0,0,0
darija_2_00500,شي نشط وشي ناض كايغوت. مجموعة مخترقين يعرضون فيلم إباحي في تلفزيون بالبرازيل,0,3,0,0,0,0
darija_3_00001,hna kanmoto 3lik kifma nti b9ay m3a rafa wakha kaytkhasem m3ak rah 3ziza 3lih hna likanchofo kolchi slm,2,0,0,0,0,0
darija_3_00002,awili 3la mlahin ra kissawtouuuu ra 178 ta3 far9 o kitzad 3andhom ohna wa9fin,0,2,0,0,0,0
darija_3_00003,ana makanchouf hta 3enza hit bloc howa ssilahi oila derto bhali ghathenaaw,0,0,0,1,0,0
darija_3_00004,استمرار “المواجهة” بين الدولة والعدل والاحسان.. برلماني يراسل وزير الداخلية,0,0,0,0,0,0
darija_3_00005,إغضب...فإن الارض تعشق الثائرين',0,0,0,2,0,0
darija_3_00006,تأجيل محاكمة الناشطة الحقوقية هيلينا مالينو المتهمة بالتورط في التهجير السري بطنجة إلى متم شهر يناير,0,0,0,0,0,0
darija_3_00007,فيديو يكشف تحرش شيخ بفتاة قاصر جنسيا خلف مسجد في كاليفورنيا بالبيضاء,0,0,0,0,1,3
darija_3_00008,أساتذة الكونطرا.. خمس نقابات كتشكا من فقدان الثقة ف الحكومة وكتهدد بالتصعيد,0,0,0,2,0,0
darija_3_00009,عاجل. قربلة بلجنة المالية بين الپام والبيجيدي حول المغربي الاسرائيلي بيريز وقفات الجلسة ومزايدات خاوية,0,1,0,2,0,0
darija_3_00010,عوتني طل علنا مول الكراطة اد المرة عطواه وزارة المالية بش نبقاو على الضس,0,0,0,2,0,0
darija_3_00011,العيون جاهزة لأكبر مسيرة في تاريخها .. الولاية البلدية الأمن جاهزين والمدينة دخلها لحد الان عشرة آلاف,1,2,0,0,0,0
darija_3_00012,السياحة مقابل البيتكوين، فعلا فكرة رائعة و غير مسبوقة. و إشهار مجاني للسياحة بالمغرب كما أشار المقال. أتمنى أن يتدارك المغرب الموقف و يلتحق بالركب. ارحموا هذا البلد السعيد.',2,0,0,0,0,0
darija_3_00013,زواج القاصرات فـ المغرب.. أغلبيتهم من طبقات فقيرة ورئاسة النيابة العامة: نسبة مهمة من رجال التعليم والفقها كيتزوجو بنات صغار,0,0,2,0,0,0
darija_3_00014,معبر مليلية على صفيح ساخن. الأمن الإسباني يطلق عيارات نارية ويصيب مُواطنين مغاربة +صور حصرية,0,0,0,3,0,0
darija_3_00015,متولي شكا الرجاء للجامعة حيث البدراوي سد عليه كاع الأبواب,0,0,0,2,0,0
darija_3_00016,إعتقال مغربي فهولندا بعد مذكرة بحث دولية بتهمة تفجير 17 صراف آلي,0,2,0,0,0,0
darija_3_00017,المخزن تالف. الديوان الملكي قصف بنعبد الله بطريقة غير مسبوقة مع زعماء احزاب ومخزن دوزيم عرض عليه وكرر نفس تصريحاته حول التحكم واستمراره,0,0,0,2,0,0
darija_3_00018,سيري تنعسي قبل مايفيقو العصافير 🐦🐦,1,0,0,0,0,0
darija_3_00019,الزاكي بحالو بحال بن شيخ الجزائري نفس العقلية',0,0,0,1,0,1
darija_3_00020,اش دارو الطوغوليين لحارس المرمى بسبب الهزيمة مع المنتخب المغربي,0,0,0,0,0,0
darija_3_00021,لم يكدب فالملك محمد السادس حفيد الرسول صَل الله عليه و سلم و هو من السلالة  رسول,0,0,0,0,0,0
darija_3_00022,بان ليك غير المغرب والملك يلا معجبك الحال سير عيش فشي دولة عربية احسن من المغرب,0,0,0,3,0,0
darija_3_00023,كورونا خدامة كطحطح فالريسطورات والقهاوي.. رقم معاملات المطاعم والسناكات نقص ب 40 فالمائة والدق كان أشد فالمدن الساحلية بعد سدان البحورة والقهاوي لي مقدراتش تحل وصل لـ9 فالمائة بعد العيد لكبير,0,0,2,0,0,0
darija_3_00024,الصحف ما غادياش تباع كلها غدا. البي دي اف مازال وها علاش,0,0,0,0,0,0
darija_3_00025,المدابزة على الفلوس والتبرعات عطلات الموالين للبوليساريو يسدو الكَركَرات,0,0,0,2,0,0
darija_3_00026,صباح النور والياسمين على أجمل سعدوش',3,0,0,0,0,0
darija_3_00027,سيارة رباعية الدفع تدهس ثلاثينيا بطانطان و السائق لم يكن في حالة طبيعية,0,0,3,3,0,0
darija_3_00028,مفاوضات الضرائب بين المحامين والحكومة رجعات للزيرو. رافضين كولشي: الضرائب ومسودة قانون المهنة,0,0,0,1,0,0
darija_3_00029,"الديوانة فالكركرات حجزات كثر من طون ديال الحشيش فكاميو جاي من كازا وغادي لدولة إفريقية -تصاور,",0,2,0,0,0,0
darija_3_00030,ولد الرشيد خدام فهيمنتو على الاستقلال. رئيس لجنة مؤتمر الشبيبة صحراوي من اتباعه,0,0,0,0,0,0
darija_3_00031,ها علاش نافع السلاح مع المشرملين.. بوليسي فسيدي بنور جبد فردي على مجرم نوض الروعة فشارع محمد الخامس وهو يسلم راسو,0,0,0,1,0,0
darija_3_00032,الوكيل العام يحيل أقارب أكبر منعش عقاري بالشمال على قاضي التحقيق بتهم الاختطاف والاحتجاز ودرك طنجة استداعهم فمسطرة أخرى عندها علاقة بالمخدرات,0,3,0,0,0,0
darija_3_00033,ها شنو قال بنكيران على خطاب الملك بمناسبة الذكرى الاربعين للمسيرة الخضراء,0,0,0,0,0,0
darija_3_00034,لقاه مع مراتو وهو يداويه باش عمرو يقرب لمرات الراجل. موريتاني يقتل زوجته ويبتر العضو الذكري لعشيقها,0,0,0,2,0,3
darija_3_00035,الدزاير مقروصة من المغرب. بوكَادوم مشا لمالي يتلاقى لجنة انقاذ الشعب المالي بعد إشادتها بالملك,0,0,0,2,0,0
darija_3_00036,الناشطة الاسبانية إيلينا مالينو : بوليس المغرب حتارمني اكثر من بوليس الصبليون والحكومة الاسبانية كتكذب,0,0,0,1,0,0
darija_3_00037,سيدنا دوز عاشوراء ف المغرب: رجع من برا لبارح,0,0,0,0,0,0
darija_3_00038,الفيضان اللّي ضرب فاس كان غادي يقتل رجل أعمال معروف وصيفطو للإنعاش ودبا مزال فغيبوبة,0,0,2,0,0,0
darija_3_00039,حرب الامر بالصرف تنتقل الى الصحف. بوعشرين: اخنوش حرمنا من اعلانات بعد نشرنا الخبر وساقاضيه ووزارة الفلاحة: بوعشرين يريد الظهور بمظهر الضعيف وسنقاضيه,0,0,0,2,0,0
darija_3_00040,الملك غادي يترأس غدا السبت إحياء ليلة المولد بجامع حسان فالرباط,1,0,0,0,0,0
darija_3_00041,law kan maw9i3na 3elach rebhou bochoucha o khelaw salma rachid ach had lghaba2 lah yeseberkom mesaken,0,0,0,2,0,0
darija_3_00042,ibtissam i3mil li follow darori,0,0,0,0,0,0
darija_3_00043,ورغم هذا لازلنا نعاني من الغلاء والفلاحة مابغاوش يوعاو ويديرو حد للوسطاء والسماسرية .الله يعفو علينا من هاد الناس ',0,0,2,1,0,0
darija_3_00044,@user chofo li labess ahmarrr,0,2,0,0,0,0
darija_3_00045,“الشهب الاصطناعية” خرجات على شي وحدين ففاس: غادي يدوزو اليوم أمام المحكمة الابتدائية,0,0,0,1,0,0
darija_3_00046,لي ضرب 230 مليون سنتيم من المديرية الجهوية للجمارك فأكادير تشد,0,0,0,0,0,0
darija_3_00047,بالفيديو. مدرب يصاب بذبحة صدرية أثناء مقابلة فريقه,0,0,2,0,0,0
darija_3_00048,ila nti katchofih mo9aziz babah khoto mamah mo3jabih kaychofoh a7san wa7id kima katchofek mamak zwin,0,0,0,2,0,0
darija_3_00049,ها التصطية ديال الانتخابات بدات. مستشار دخل بلدية سوق الاربعاء الغرب وبغى يحرق راسو بليصانص وها علاش,0,2,0,0,0,0
darija_3_00050,بن كيران..دمر آلاف الشباب بإلغاء التوظيف المباشر....و نال في المقابل امتياز الحاق اينته بالامانة العامة للحكومة...و ابنه في الجامعة.',0,0,0,3,0,0
darija_3_00051,hbiba gathaydi hadik photo dyali mn lprophil bla sda3 minoucha 27,0,0,0,2,0,0
darija_3_00052,تعادل سلبي بين النادي المكناسي وضيفه رجاء بني ملال,0,0,0,0,0,0
darija_3_00053,sauf que wella tahowa 3amer bezzaf makaynch fin tstalasioni,0,0,0,0,0,0
darija_3_00054,@user Bonne nuit bassoumaaa . hna wladek o nti bentna hhhhhhhh tisbahi 3la alf khir #IbtissamTiskat #jevousaimelesfilles,2,0,0,0,0,0
darija_3_00055,ميساج مهم من الوينرز للعابا وجمهور الوداد باش الفرقة تربح التواركة,0,0,0,0,0,0
darija_3_00056,بالفيديو. نايضة على مزارع طيور النعام فجنوب افريقيا كيعذبو هاد الطيور بشكل وحشي,0,0,0,2,0,0
darija_3_00057,السلطات غاتبدا فنزع الاراضي لربط الناظور بالاوطوروت,0,0,0,2,0,0
darija_3_00058,رئيس جماعة لوطا دار دعوة للتمرد على قرار الحكومة بحجر صحي فرمضان,0,0,0,2,0,0
darija_3_00059,أبناء مدينتي الحبيبة أسأل الله ان يرحمكم ويصبر اهاليكم . تحية نضالية للساكنة الصامدة',0,0,3,0,0,0
darija_3_00060,"نظام العسكر فالدزاير طلق اللجام لأبواقو للهجوم على وزير خارجية إسبانيا,",0,0,0,2,0,0
darija_3_00061,hhhhhhhhhh a sidi rir siro mn jihty,2,0,0,0,0,0
darija_3_00062,ila kan hada maci hors jeu wlah la 3awdt tfrjt f koora,0,1,0,2,0,0
darija_3_00063,@user chkoun hada tani ? ( sauf lee),0,1,0,0,0,0
darija_3_00064,اللاعب غير مُقيد في لائحة الأساسية للفريق',0,0,0,0,0,0
darija_3_00065,مرات الريسوني ردات على مندوبية السجون عبر “كود”: يخرجو تسجيلات لقاءنا إلى قالو أني ماطلبتوش يوقف إضرابو على الماكلة,0,0,0,2,0,0
darija_3_00066,ستين عام وهوما صحاب وفالاخير طلع خوه ماشي صاحبو,0,3,0,0,0,0
darija_3_00067,الثنائي كريم الأحمدي وسفيان أمرابط يتألق ويساهم في الفوز والتأهل أمام ويليم في كأس هولند',2,0,0,0,0,0
darija_3_00068,انفراد. ها علاش هاديك اللجنة ما صالحة لوالو: بنكيران صاق خبار “منارة المتوسط” فالتلفزيون وما عمر الموضوع تجبد فشي مجلس حكومي اياماتو,0,0,0,1,0,0
darija_3_00069,اسأل الذي جمعنا في دنيا فانية أن يجمعنا ثانية في جنة قطوفها دانية عام هجري سعيد.',3,0,0,0,0,0
darija_3_00070,سلطات مليلية شدات 5 قاصرين بعدما احتجو على مركز إيواء ماخلاهومش يدخلو يباتو,0,0,0,3,0,0
darija_3_00071,"صبيطار الناظور كيعاني من سوء التسيير ونقابة ال”سي دي تي” انتاقدات المديرة – بيان,",0,0,0,2,0,0
darija_3_00072,iwa siri hta tsam3ih mzyan rah 3douya li kayhdar ou yhkam bla mayssma3 ok,0,0,0,2,0,0
darija_3_00073,هل تعلم :أن محمد السادس القائد والملك الوحيد في العالم الذي لا يحتاج الي مترجم في لقائاته الرسمية والغير رسمية ؟',0,2,0,0,0,0
darija_3_00074,عاجل. تجاوز “بلوكاج” تشكيل الحكومة بعد لقاء بين بنكيران ولشكر.. وها باش خرج,0,1,0,0,0,0
darija_3_00075,قررو يحطو تصاورهم فالسوشل ميديا وينشرو الحب والإيجابية.. المثليين المغاربة انتفضو ضد حملة التشهير والسب اللي بداتها ضدهم صوفيا طالوني,0,0,0,2,0,0
darija_3_00076,عصابة تهاجم رجال الشرطة بـ “الكريموجين” والقيادة العليا للهيأة الحضرية تعزز أسطولها لمحاربة تصاعد الجريمة والسرقة بفاس,0,0,0,0,2,0
darija_3_00077,أمير سعودي يتعهد بمنع عرض مسلسل عمر,0,0,0,0,0,0
darija_3_00078,amina hhh benisba les j aimes mashi 3lik ntii hh 3la meriemm mai 3lax saybty liha l twitter,2,0,0,0,0,0
darija_3_00079,لالالا مستحيل ان أقبل بتاجر دين رئيس لحكومة ذئب ملتحي يرتدي لباس حمل وديع,0,0,0,3,0,0
darija_3_00080,pliz akhti khasna kamlin nkhdmo 3la had hachtag f maslhat hanan,0,0,0,0,0,0
darija_3_00081,أغنية جمبلة بتوفيق نجوى',2,0,0,0,0,0
darija_3_00082,تتهمون المحافظين باحتكار الدين والوصاية عليه.لكن انتم تعتبرون انفسكم اوصياء على العلاقات الجنسية ',0,0,0,2,0,2
darija_3_00083,ها علاش صادق المكتب السياسي ديال الحمامة اليوم,0,0,0,0,0,0
darija_3_00084,الجمعية المغربية لحقوق الإنسان: أسر معوزة تقصات من دعم صندوق “كورونا” وكاين عون سلطة بفاس ابتز شي حد,0,0,1,1,0,0
darija_3_00085,لي فان ديال كاري أندروود كيهددو باش يهجمو على حفل جوائز عالمي إلى المغنية ديالهم مربحاتش,0,1,0,2,0,0
darija_3_00086,سامية أقريو تؤدي عيوط جبالة في حفل تكريمها,2,0,0,0,0,0
darija_3_00087,هاعلاش الوكيل العام صيفط زويتن الباطرون السابق د المكتب الوطني للسياحة لقاضي التحقيق,0,0,0,0,0,0
darija_3_00088,تقرير: 6 في المائة من المغربيات تعرضن للعنف الجسدي في حياتهن,0,0,3,2,3,1
darija_3_00089,mais non cest pas vrais 😂😂😂 wa chty kunt dima kanqulk dak lqet katquli raha qteta,2,1,0,0,0,0
darija_3_00090,بالفيديو. الفنان عبد الحق الزروالي. لوكان ماشي المسرح كنت غانخرج حمق ولا حباس ولا فالقبر,0,1,0,0,0,0
darija_3_00091,L'khobz daro jouaa Tlek skhoun #mkaiela #casaport ⚓ 😍😊😄 @user Mquilla Casa Port https://t.co/mIbMG3c0x2,2,0,0,0,0,0
darija_3_00092,"مبعوث الأمم المتحدة للصحرا: غادي ندير جولة إقليمية بالمنطقة,",0,0,0,0,0,0
darija_3_00093,والي العيون يبدع اسلوبا لمحاربة البطالة : أبناء الصحراء يدخلون سوق العمل بقطاع الصيد التقليدي,2,0,0,0,0,0
darija_3_00094,ميريكان مع مغربية الصحرا وها اخر قرار ترامب واللي غادي يطير لفريخ للبوليساريو,3,0,0,0,0,0
darija_3_00095,المغاربة خاصهوم دولة بدون فساد لأن المغاربة شرفاء,0,0,0,2,0,0
darija_3_00096,أنا محسن فكري رحمه الله.,0,0,3,0,0,0
darija_3_00097,المغرب فطوب 10 للدول الأكثر مبيعا لطوموبيلات رونو ف العالم,2,0,0,0,0,0
darija_3_00098,ملكة جمال قطعات رجلها بعدما كتاشفت خلل فالشرايين,0,2,2,0,0,0
darija_3_00099,سامسونج ربحات آبل فال­محكمة العليا الأمريكي­ة ورجعات فلوسها,0,0,0,0,0,0
darija_3_00100,مراسلو إسبانيا بالمغرب تكتموا عن الأمر وراخوي اعتبر إجلاسها جنب خالد مشعل “مقلب” من العدالة والتنمية,0,1,0,0,0,0
darija_3_00101,العضاض سواريز فرتت عظام الملكي. هاتريك للمهاجم الأوروغوياني فكلاسيكو الأرض اللي حسماتو البارصا بخماسية,0,1,0,0,0,0
darija_3_00102,andk face dokheli diri jaime lpage li feface ou diri hta lsfha pllz,0,0,0,0,0,0
darija_3_00103,@user @user hhh machi ana li saybto khti LAH ikhliha lina,2,0,0,0,0,0
darija_3_00104,سعد لمجرد وسميرة سعيد كيتبادلو بيناتهم رسائل الحب. كتب ليها: علمتني كيفاش نتعامل مع مشاكل الدنيا وكنبغيك – تدوينة,2,0,0,0,0,0
darija_3_00105,"خليهن منسق مجموعة “السي دي تي” فمجلس المستشارين لـ”كَود”: الأغلبية الحكومية ماقدراتش على تجيري هاد المرحلة وكاينة روينة فتدبير ملف التعليم,",0,0,0,1,0,1
darija_3_00106,fans salom l maghrebi kayhtafel b3id milad salom,2,0,0,0,0,0
darija_3_00107,بريطانيا ربحات مليار ونص فاليناصيب وقالت ان هادشي دمر حياتها وها علاش,0,0,0,0,0,0
darija_3_00108,واش هذه الأحزاب السياسية كلها عندنا .والناس عندها فقط يمين يسار قاديه الغرض,0,0,0,2,0,0
darija_3_00109,حب صامت يتحدث فقط عندما اراك...',1,0,0,0,0,0
darija_3_00110,و فجأة كايولي بعرور مسوس الضفار يصحاب راسو سميتو ” جاك” عينيه خضرين و شعرو زعر كايغوت “واا مابغيناش الأفارقة ! واا يمشيو علينا فحالاتهم ” ياااك آ بعيرير ! نتا أوروبي نتا ؟,0,0,0,3,0,0
darija_3_00111,@user @user yako ana wlah 7ta baghi lkhir llwatan,1,0,0,0,0,0
darija_3_00112,فلتنا من فاجعة أخرى. تسمم غذائي في وليمة بتازة ينقل 27 شخصاً إلى المستشفى بينهم 15 طفل,0,0,1,0,0,0
darija_3_00113,بريتني سبيرز تعترف بأنها مجبرة على التعري (فيديو),0,0,0,0,0,0
darija_3_00114,الجامعة محيحة بالقرارات التأديبية.. ها شحال من لاعب وفريق جات فيهوم الدقة هاد الأسبوع,0,0,0,1,0,0
darija_3_00115,هادو مريكلين لكن حصلوا. بوليس مكناس يضبط شخصين بالمحطة الطرقية كان يُحاولان تهريب الحشيش داخل علب الحليب الكرتونية,0,2,0,0,0,0
darija_3_00116,حرق حتة قماشة عنف و رعب ؟! لكن الاحتلال و قتل الاطفال و الشباب و اعتقالهم سو كيوت ',0,0,2,0,0,0
darija_3_00117,جنازة مهيبة للشيخ بوخبزة وتجمع غفير وإن دل ذلك فإنما يدل على مدى المحبة و الإحترام اللذان يحظى بهما الفقيد تغمده الله برحمته,0,0,3,0,0,0
darija_3_00118,اجيو نفهمو قضية الكركرات. كيفاش بدات واش نا هي اسباب التوتر,0,0,0,0,0,0
darija_3_00119,قرقبو على بوفال فالصبليون,0,0,0,0,0,0
darija_3_00120,شحال عطاك بنكيران,0,0,0,0,0,0
darija_3_00121,النصر يتخلص من المغربي فوزير,0,0,0,0,0,0
darija_3_00122,تحية نضالية لأهل الحسيمة,1,0,0,0,0,0
darija_3_00123,استبعاد المغربي بلعربي من تشكيلة ألمانيا,0,0,0,0,0,0
darija_3_00124,rah daz min 8h30 7tal 9h,0,0,0,0,0,0
darija_3_00125,غيريتس يكشف عن لائحة الأسود المشاركين في كأس العرب,0,0,0,0,0,0
darija_3_00126,#IbtissamTiskat pllllz sawtou onachro mathawnouch kan far9 ktar mn 200 sawt daba wla 97 yalaah !!,0,0,0,0,0,0
darija_3_00127,7 ديال السواق تسدُّو بسبب عدم احترام التدابير الصحية المطلوبة,0,0,0,0,0,0
darija_3_00128,بالصور. دباز خايب بين مغاربة وشيشانيين فبلجيكا روع حي كامل,0,0,0,0,2,0
darija_3_00129,لكم ألف تحية من قلب الريف..أيها الأحرار,2,0,0,0,0,0
darija_3_00130,واش ديال البي جي دي تقولب ففضيحة المخدرات فاسفي. المخبر يهدد يقلب الطاولة على الدرك في قضية لبزيوي,0,0,0,1,0,0
darija_3_00131,@user @user ghatb9aa mwaarek 3la ssmiyaa dyalha ghaykherjolik des vidéos okatb9a tfarej mais tb9a mwarek,0,0,0,0,0,0
darija_3_00132,"الكَيرا فأوكرانيا.. دول غربية كتوجد لعقوبات جديدة على موسكو بسباب ارتكاب جرائم حرب فبوتشا والرئيس الأوكراني للعالم: عاونونا باش ما كان,",0,0,0,0,0,0
darija_3_00133,هيفاء وهبي على أعتاب القفص الذهبي وها شكون هو لعروس للي دايرة معاه علاقة حميمية منذ سنوات,1,0,0,0,0,0
darija_3_00134,محكمة باكادير حكمات لصالح موالي للبوليساريو ضد مؤسسة الدولة,0,2,0,0,0,0
darija_3_00135,انتخابات البرلمان الأوروبي: تعرف على الأحزاب اليمينية المتطرفة التي حصدت الكراسي,0,0,0,0,0,0
darija_3_00136,الدولة الفقيرة هي المغرب الشعب يعاني من تهميش والبطالة لا حول ولا قوة إلا بالله,0,0,0,2,0,0
darija_3_00137,rabi ykhali alhbiba makayn ghir nachat o chi machat,3,0,0,0,0,0
darija_3_00138,الدرهم فمجلس جهة العيون.. كنرفضوا التصويت على مشروع الميزانية وها أسبابنا,0,0,0,0,0,0
darija_3_00139,ولد الرشيد رد على إضراب طاكسيات المرسى بتوفير حافلات,1,0,0,0,0,0
darija_3_00140,ملايرية فكازا قالو للدولة طز فيك ودارو ما بغاو وجابوها فريوسهم. تقدمو اليوم بعد ما تحداو كلشي,0,0,0,2,0,0
darija_3_00141,حنا المغاربة والله مكنسواو شي ريال في هده الدولة,0,0,0,3,0,0
darija_3_00142,هذا ما يستهل العرب.هذه الا البداية .يتركون المساجد فارغة و يخرجون بالشعارات و والوقفات في الشوارع ',0,0,0,2,0,0
darija_3_00143,mabrouk l marwan o lahel lobnan .. tstahlo kol khir,2,0,0,0,0,0
darija_3_00144,هاااا علاش ماكانبغيوش نصوتوا لي ان الدولة والمسولين نساونا,0,0,2,2,0,0
darija_3_00145,استفتاء الأهرام: تاعرابت أفضل محترف في أوروبا وبرادة أفضل دولي صاعد ولمياغري يحصد جائزة التميز,1,0,0,0,0,0
darija_3_00146,البايرن: ها حالة ساديو ماني,0,0,0,0,0,0
darija_3_00147,الجامعة بدات تبيع تذاكر مباراة الوداد و مازيمبي.. وها فين غادي يلقاهم الجمهور,0,0,0,0,0,0
darija_3_00148,استنفار أمني فطنجة هاد الصباح بعدما لقاو جثة باكستاني وهي فوضعية متقدمة من التحلل,0,0,2,0,0,0
darija_3_00149,مدرب الجزائر ما تسوقش لبوتفليقة. اعلن رسميا انفصاله عن الجزائر وقال: ما مسامحش بعض الصحافة الجزائرية,0,0,0,2,0,0
darija_3_00150,بعد رحيله..بنكيران: أحرضان زعيم حقيقي وجا من رحم الشعب ومنجم للمعلومات وهو ثاني شخص تشاورت معه فاش عيني الملك رئيسا للحكومة,1,0,0,0,0,0
darija_3_00151,هادشي خطير بزاف. كلاشنيكوف تجبد فحرب الجدارمية على عصابات لحشيش فالجنوب,0,0,0,0,3,0
darija_3_00152,واش كيوجدو للغزواني. الحكومة باقي ما دارت والو فمطالب المعارضة بخصوص الرئاسيات ومراقبتها,0,0,0,2,0,0
darija_3_00153,"القوميين الإسبان فجزر كناريا ما عجبهمش الحال من بعد اكتشاف 2 مليار برميل ديال النفط فسواحل أكَادير,",0,0,0,1,0,0
darija_3_00154,نايف أكرد خذا الرسمية فويستهام قبل المونديال,1,0,0,0,0,0
darija_3_00155,نايف أكرد: كنحلم من صغري نلعب كأس العالم وغادي نخليو المغاربة يفتاخرو بنا,3,0,0,0,0,0
darija_3_00156,بعد ترجيح فرضية انتحار مساعد الطيار: شركات عالمية اتخذات هاد الاجراء ولارام مزال ناعسة,0,0,0,2,0,0
darija_3_00157,@user lol howa lli b9a,0,0,0,0,0,0
darija_3_00158,رغم كل المجهودات المبذولة من طرف وزارة الفلاحة فلا زال المواطن المغربي يشكو من الارتفاع الصاروخي للاسعار والسبب الرئيسي السماسرية لي مابغاوش يتقاو الله ',0,0,0,3,0,0
darija_3_00159,ههههع العماري مسكين احسن ليه ينتحر,1,0,0,0,0,0
darija_3_00160,موفق إن شاء الله سبحانه.',2,0,0,0,0,0
darija_3_00161,وزارة النقل علنات على الشروع  في التسجيل باش المهنيين ياخذو دعم إضافي,2,0,0,0,0,0
darija_3_00162,بالصور. رونالدو فالمغرب وصحف إسبانيا تهاجمه مرة أخرى,0,0,0,0,0,0
darija_3_00163,لماذا يغار ماكرون من الإسلام و المسلمين في فرنسا؟! الدين الذي يعتنقه لاعب مراوغ مثل فرانك ريبيري مستحيل أن يكون في أزمة,0,0,0,2,0,0
darija_3_00164,قلة الشي اش كيدير: كلشي تابع مايسة اش كلات مع الزفزافي: ماش المخزن ما عندو ما يدار يرسلها مرسولة,0,0,0,2,0,0
darija_3_00165,يارب تحفظ ملكنا وبلادناعاش الشعب المغربي وعاش ملكنا محمد السادس.الله.الوطن.الملك.,3,0,0,0,0,0
darija_3_00166,“الكورفا سود” كتطالب بحكام أجانب ودخلت طول وعرض فمديرية التحكيم والرياضية,0,0,0,1,0,0
darija_3_00167,كبور ولحبيب 2. ها الفرقة الجديدة وها المخرج وها مول الشكارة =صورة,0,0,0,0,0,0
darija_3_00168,شفار رئيساً لحزب شفارة من نهار تخشا في حكومة و ثروة ديالو غادا و تزيد,0,0,0,3,0,0
darija_3_00169,ها للي كيساهم فالاغتصاب والعنف فكازا. مجلس كازا همش الثقافة. 50 أستاذا للموسيقى خلاوهم بلا عيد وما تخلصوش هادي 3 اشهر,0,0,0,2,0,0
darija_3_00170,العافية ما زال شاعلة في بيت ترك. دنيا بطمة قلات السم لطليقة زوجها في عيد ميلا ابنتها والأخيرة ترد. محمد تبدل بزاف ملي تزوج بالفنانة المغربية,0,0,2,2,0,0
darija_3_00171,"من بعد أكثر من عامين ديال السدان.. التلفزيون الإسباني الرسمي: ها التاريخ اللي غادي تفتح فيه الحدود بين الناظور ومليلية,",2,0,0,0,0,0
darija_3_00172,الصواب : اول دولة في العالم تمنع السجاءر,0,0,0,0,0,0
darija_3_00173,الله انتقم من هاد الحكومة هي ليوصلاتنا لهاذ الحالة .شحال هادي ودعنا القمع ديال السلطة وهاد الخوانجية رجعوه,0,0,0,3,0,0
darija_3_00174,فرانس فوتبول. ها أحسن لاعب وها الثلاثي «الكسول» فاصطدام الأسود بالفيلة,0,0,0,0,0,0
darija_3_00175,"تقرير: مفاوضات إسرائيلية تركية سرية ناقشو فيها يدار أنبوب غاز مشترك لتزويد اوروبا,",0,0,0,0,0,0
darija_3_00176,هادو فهمو الدين بالمقلوب. سكان قرية هندية يعبدون 20 ألف فأر +فيديو,0,1,0,0,0,0
darija_3_00177,hbiba achno kalimat oghniya bghit nssma3 lihaa,1,0,0,0,0,0
darija_3_00178,أساتذة باحثين ومفكرين شاعلين على الصمدي,0,0,0,2,0,0
darija_3_00179,فيسبوكيون ينعون “مي ميلودة” التي توفيت قبل مشاهدة قصتها ببرنامج “الحبيبة مي” على دوزيم,0,0,3,0,0,0
darija_3_00180,oui bassoma hna dima m3ak,2,0,0,0,0,0
darija_3_00181,Sbah lkhir o sbah mbrok o nhar mabrok o jomo3a mobaraka o 3wacher mabroka inchallah bkol matatmanna 😀,3,0,0,0,0,0
darija_3_00182,شاء من شاء وآبى من آبى ..',0,0,0,0,0,0
darija_3_00183,السلفيون يُخلّدون اليوم العالمي لحقوق الإنسان أمام إدارة السّجون,0,0,0,0,0,0
darija_3_00184,الاسلاميون ربحو فانتخابات قاطعوها الدزايريين,0,0,0,0,0,0
darija_3_00185,حصيلة كورونا فالعالم: ميريكان سجلات للمرة الثانية ألفين حالة وفاة ف24 ساعة.. والإصابات ففرانسا رتافعو بزاف وفالشينوا بقاو غير ألف كيتعالجو,0,0,2,0,2,0
darija_3_00186,فضيحة عاود ففاس.. شريط جنسي ديال طالبة داير روينة فالواتساب,0,3,0,0,0,0
darija_3_00187,نتيجة كتفرح : ثلاث ميداليات للشقيقين لمحمدي وتتويج تاريخي مزدوج للمغرب فبطولة العالم للتزلح,3,0,0,0,0,0
darija_3_00188,جورنالات بلادي2. مجلس عزيمان يدخل على خط تحضير النموذج التنموي الجديد وغرق سبعة مغاربة بالكناري واغتصاب تربوي,0,0,0,0,0,0
darija_3_00189,جورنالات بلادي: الأسر المغربية غارقة في ديون تتجاوز 323 مليار درهم..وشركة كتحتكر صفقات المستشارين,0,0,0,0,0,0
darija_3_00190,قضية ثانوية 2 مليار المهددة بالانهيار بالقنيطرة تستنفر لجنة برلمانية لتقصي الحقائق,0,0,0,1,0,0
darija_3_00191,اوجار يقصف البي جي دي من وجدة: ما غاديش نسكتو واستهداف الطالبي العلمي ممارسة ترهيبية لمن يخالف توجهات هذه الجهات,0,0,0,2,0,0
darija_3_00192,ذنوب المتقاعدين اللي زدت عليهم تلات سنوات بلا حق ظلما وعدوانا لن نسامحك',0,0,2,3,0,0
darija_3_00193,مي العيدان شرشمات مريم حسين على قبل بنتها – فيديو,0,0,0,0,0,0
darija_3_00194,تسريبات محاضر البوليس فالقضايا اللي كتستأثر باهتمام الرأي العام تجبدات فندوة الجريمة.. وها آش كال عليها الدخيسي,0,1,0,0,0,0
darija_3_00195,البروفيسور الابراهيمي: اللقاحات كتحمينا من المتحور دلطا.. وهاد السلالة غادي تكون السائدة فالمغرب ومكاينش جرعة ثالثة,0,0,0,0,0,0
darija_3_00196,سعد لمجرد دوز العيد مع عائلتو.. وهذا جديد قضيته,0,0,0,0,0,0
darija_3_00197,هذي هيا حكومة بن كيران حكومة التعنيف و قمع الشعب و توقيف المظاهرات بالقوة وبالضرب و الجرح المتظاهرين,0,0,0,2,0,0
darija_3_00198,@user ghadi nekhssar 3lik ghir ya3333333333333333,0,0,0,1,0,3
darija_3_00199,فالوقت اللي كازا كتسجل إصابات كثيرة يوميا بالفيروس.. بنادم مزال مامسوقش وكثرو الناس اللي كيخرقو حظر التجول بالليل,0,0,2,2,1,0
darija_3_00200,الكولونيل لي مات فحادثة سير كان معاه كومندار وكولونيل آخور حالتهم خطيرة,0,0,3,0,0,0
darija_3_00201,المصارع الروماني غيتا جاهز لمواجهة المقاتل المغربي بدر هاري,0,0,0,0,0,0
darija_3_00202,في الصورة ابتسام تسكت جميلة والكل يشاهد ذتلك',2,0,0,0,0,0
darija_3_00203,الإصابات اليومية طالعين حتى اليوم.. وصلنا لـ951 مصاب.. وغير 2000 اللي خداو الجرعة الثانية من اللقاح,0,0,2,0,0,0
darija_3_00204,واش عندها علاقة بتوجه جديد لـ”ال سعود”.. الأميرة السعودية الي جات للمضيق شكرات بزاف الملك,1,1,0,0,0,0
darija_3_00205,نجم آخر من الدوري المغربي في طريقه للأهلي المصري.. وها شكون,0,0,0,0,0,0
darija_3_00206,الإعلام المصري يقود حربا ضد المغرب بمخطط “الضرب من تحت الحزام”. يقدمه على أنه بلد الدعارة والسحر والشعوذة (فيديو),0,2,0,1,0,0
darija_3_00207,ايام زمان.. فاش الحسن الثاني لغى العيد الكبير 3 مرات,0,0,0,0,0,0
darija_3_00208,سدو 4 وحدات لتجميد الحوت ومستودع بسباب مخالفة تدابير الوقاية من كورونا فالداخلة,0,0,0,0,0,0
darija_3_00209,yalah rapha chad l hima o kolna m3ak yabn l jabbour,2,0,0,0,0,0
darija_3_00210,diha frassk okhli 3lik ihab o soha o rah al mghriib kamlo m3ahom o nta monafi9 o lah ital3ak nominie,0,0,0,2,0,0
darija_3_00211,فرنسا كانت ولا زالت بلد ديمقراطية. ......... عفوا دكتاتورية,0,0,0,0,0,2
darija_3_00212,المغرب غادي يستافد من معدات جديدة لمحاربة الحريگ بتمويل من الاتحاد الأوروبي,1,0,0,0,0,0
darija_3_00213,تشبثي بزوجك يا عواطف! دون شعارات تمكنتِ يا عواطف من إحياء الكتلة الديمقراطية,1,0,0,0,0,0
darija_3_00214,بربك قلي من أنت,0,1,0,0,0,0
darija_3_00215,رسميا.. سلسلة “Squid Game” هي الأكثر مشاهدة فـ تاريخ “نتفليكس”,0,0,0,0,0,0
darija_3_00216,الأزمة الدبلوماسية بين الرباط ومدريد كتهدد تماسك الحكومة الاسبانية وحرب مفتوحة بين مارلاسكا ولايا,0,0,0,0,0,0
darija_3_00217,صادم. فضايح عمالة الناظور غير كيزيدو. أسرة جندي دافع على المغرب عطاهم الملك كريمة بسباب المعاناة ديالهوم ومازال ماشدو والو هادي سنوات طويلة,0,3,0,0,0,0
darija_3_00218,wakha hna kolna mgharba n3tik exempls ana ghir wa9fa kan3ayan fakhti jani wahad haz 9ard gali khodi tsawri,0,1,0,0,0,0
darija_3_00219,مثل هذه الاحداث قد تؤدي الى اخذ البلاد باكملها الى طريق مجهول خصوصا عندا يكون هذا الحدث في الحسيمة,0,0,0,0,0,0
darija_3_00220,"مجموعة طاليس العالمية حلات مركز عملياتي للأمن السيبيراني فالمغرب,",0,0,0,0,0,0
darija_3_00221,مول مكتبة حط نونوسات فبلايص على برا باش يضحك الناس فظروف هاد الجايحة,2,0,0,0,0,0
darija_3_00222,عريس نصاب.. دار العرس بالملايين وخلا مراتو غارقة فالكريديات ومجرجرة فالمحاكم,0,1,0,0,0,0
darija_3_00223,فاش كنا كنخرجو 😂,1,0,0,0,0,0
darija_3_00224,ناس الحسيمة شكرا لكم جميعا,2,0,0,0,0,0
darija_3_00225,بوريطة على امتلاك البوليساريو لدرون كاميكاز: إيران وشي دول بغاو يخربو المنطقة بالإرهاب,0,0,0,1,0,0
darija_3_00226,"فضحاتهم طوموبيل شفروها هادي شهرين.. “لابيجي” دالناظور طيحات عصابة مختصة فشفرة الطوموبيلات والتزوير,",0,1,0,0,0,0
darija_3_00227,اللّي احْصل يودّي مع الحموشي.. كاميرا فض­حات بوليسي شفّر حقيبة من داخل مطار محمد الخامس,0,2,0,0,0,0
darija_3_00228,صحفي مفقوس مسكين',0,0,2,0,0,0
darija_3_00229,في الصورة حمزة منديل وشقيقه الصغير ههههه. حمزة لاعب ضعيف لا يستحق التواجد بالمونديال',0,0,0,0,0,0
darija_3_00230,..اللهم رزقنا الصبر كما رزقته عبادك من قبل وأرنا المفسدين و الضالمين منا وفضحهم يا رحمان سبحانك',0,0,0,0,0,0
darija_3_00231,monkar ntouma li dartouh ya wjah lwil li kathadro f sahra li aslan ma3roufa maghribiya w mali nchart had tweet ya3ni m3tarfa bh,0,0,0,2,0,0
darija_3_00232,la kayn chabah chwiya f had tswira wlah,1,0,0,0,0,0
darija_3_00233,شوهة مغربية في المونديال الافريقي. المغرب منهزم امام الرأس الاخضر بهدف دون رد,0,0,0,2,0,0
darija_3_00234,wach hadchi li kteb mosaab yalah had liyam wla ch7al hada,0,0,0,0,0,0
darija_3_00235,ra malayin kitfarjo f dak barnamaj o ghayakhdo sora khayba 3la ibtissam 9belma y3arfoha,0,0,1,0,0,0
darija_3_00236,ma7bosin tal9ohom ki nas ydoro wla ydakhlo 3ndhom kameratjarna hrab man tamak w 3awd lina ach kayn wkifach rahom 3ychin,0,0,0,0,0,0
darija_3_00237,اليوم مكايناش الخطبة الدينية كاينة خطبة سياسية والسؤال هل المساجد لله أم للسياسة [[positiveHOTO]],0,0,0,2,0,0
darija_3_00238,نايضة في كريان سنطرال بكازا. مواجهات عنيفة بين الأمن والسكان بسبب هدم آخر براريك الكريان واعتقال البعض بتهمة العصيان,0,0,0,3,0,0
darija_3_00239,الصحراء مغربية نجول فيها شمالا وجنوبا ونتمتع بخيراتها البرية والبحرية ونتوما كلسو تقولو غربية ولا شرقية ولا ميركانية ',1,0,0,1,0,0
darija_3_00240,حرب الاستوزار تندلع داخل الاتحاد,0,0,0,2,0,0
darija_3_00241,ماشاء الله زوينة الله يحفظك اختي العزيزة نموت فيك',3,0,0,0,0,0
darija_3_00242,طلبة قاعديون بمكناس يدخلون في إضرابات مفتوحة عن الطعام بسجن تولال تضامناً مع رفاقهم بسجن عين قادوس,0,0,2,0,0,0
darija_3_00243,wbezzaf khorin wlina kan sam3o bihom ghir f tv pffff,0,0,0,0,0,0
darija_3_00244,tbarkaLAH 3La LALLA NOZHA O SDI LBACHIR #SAM_B @user #SaadLamjarred #Lm3allem #سعد_المجرد #لمعلم http://t.co/jIrY2Cl9qX,2,0,0,0,0,0
darija_3_00245,ها مصير معلمة مراكش لي كتبيع بنتها للراغبين في ممارسة الجنس.. وها علاش تجرات معاها حتى ختها في القضية,0,0,0,0,0,2
darija_3_00246,مجلس النواب كيدين القتل الوحشي لعشرات الفسلطيين اليوم,0,0,2,0,0,0
darija_3_00247,شكرا سلمى ❤️❤️,2,0,0,0,0,0
darija_3_00248,طرد مغربي من إيطاليا بتهمة الارهاب ووزير الداخلية يعترف بطرد 64 متهم بالارهاب في 2015,0,0,0,0,0,0
darija_3_00249,chno had tberhich a kheti donia ghadi tefro akid w ibtissam tahia wenti ghatb9ay hna diri ghi fel machakil w galsa f bitek,0,0,0,1,0,0
darija_3_00250,حصيلة كسيدة مغاربة أوكرانيا ارتفعات لـ4 قتلى.. طالبة من الجرحى ماتت اليوم,0,0,2,0,0,0
darija_3_00251,عاجل. منفذا مذبحة شارلي ايبدو يقتلان رهينتين والمدعي العام ينفي,0,0,0,0,0,0
darija_3_00252,@user tana kay3jabni lfa9ra dyal flach,2,0,0,0,0,0
darija_3_00253,قضية معتقلي البي جي دي المتابعين بالارهاب: مصدر من مندوبية التامك لـ«گود»: ما يطلبه المحامي الإدريسي غير قانوني وهاشكون من حقو يزورهم في الحبس,0,0,0,0,0,0
darija_3_00254,وصعيبة حتى التعاويد. 2 من خدام الدولة غاديين يشرفو على تحقيق بخصوص تأجيل مشاريع منارة الحسيمة. وبزاف جيبو وزرا محبوبين ماشي لفتيت وبوسعيد ويرجعو اراضي الدولة بعدا,0,0,0,0,0,0
darija_3_00255,بيان الخارجية لمدريد حرك صحافة الكذوب عندهم عاوتاني: المغرب عبأ عشرات المتعاونين فـ كطالونيا لتحريض الانفصاليين,0,0,0,1,0,0
darija_3_00256,جريمة “إيموزار كندر”.. مول الفعلة شداتو لابيجي وكان سكران,0,0,0,0,0,0
darija_3_00257,طفل عضاتو عقرب فوزان مات فمستشفى سانية الرمل فتطوان,0,0,2,0,0,0
darija_3_00258,ya3tih l3az hit rajal jazayri 9ohh hada howa hna natmanaw yji 3andna n3amlo lih sti9bal wa3ar,3,0,0,0,0,0
darija_3_00259,ماشي غير بيضاوا اللي شرب لمدرح. حملة الأيادي البيضاء وصلات لمراكش: ضبط قراعي د”الشامبانيا” مهربة وشراب آخر بِيرِيمِي ومسيري المطاعم وشي مستودعات مقولبين الديوانة,0,2,0,0,0,0
darija_3_00260,nta li wa3r a khoya,0,0,0,0,0,0
darija_3_00261,واخيرا انزاح راس من رؤوس الخرافات و الاحلام المنمقة و الكلمات الفضفاضة فهو لم يكن يوما صديقا للشعب ولا ودودا به ولا مدافعا غن مسكين بل هو نسخة من فتح الله اولعلو في صورة متسيلم على وزن دون كشوط يحارب الاشباح والتماسيح والعفاريت ...والمساكين والشعب المسحوق بالفاظ لا تمت لرجل سياسة لا من قريب ولا من بعيد فهو دمية مهرجة فقط فلا بارك الله فيك ولا في من صوت عليك',0,0,0,3,0,0
darija_3_00262,@user chiro hbiba twahachnak bzf mstaniyin nchofek fe l maghrib fa9rab wa9t,2,0,0,0,0,0
darija_3_00263,اجراءات جديدة فمديرية الامن بسبب الكورونا,0,0,0,0,0,0
darija_3_00264,rfa3ti rasna w rfa3ti rayat bladna lah yhfdek wykhalik lina jtm ♥♥,3,0,0,0,0,0
darija_3_00265,مدمن على القرقوبي صفّاها للأب ديالو فكازا وداز لختو وللأم ديالو,0,1,0,0,0,0
darija_3_00266,ضبط مغربيات وسوريات وسودانيات يمارسن الدعارة فى فنادق مصرية,0,2,0,0,0,2
darija_3_00267,خاص. وزير الداخلية حصاد يتفقد المسيرة,0,0,0,0,0,0
darija_3_00268,السير الذاتية للمدربين تتقاطر على الرجاء.. وهذا أبرزهم,0,0,0,0,0,0
darija_3_00269,من مدينة بركان نقدم تعازينا الى أهل الفقيد والى اهل الحسيمة إن لله وإن إليه راجعون كلنا محسن فكري,0,0,2,0,0,0
darija_3_00270,الممثلة سناء عكرود كتطلب وتزاوكَ باش المسؤولين يخففو العقوبة على “مي نعيمة” بعدما جابتها فراسها وتحكم عليها بعام ديال الحبس,0,0,2,0,0,0
darija_3_00271,بن الشويخ العاملة ديال بنمسيك طايحة على راسها..بغات تورط الملك فتدشين جردة فيها الويفي. تشد الكونيكسيون يمشي ليك التلفون,0,1,0,0,0,0
darija_3_00272,@user msa2 lkhir momkin motaba3a hna 3afak @user @user https://t.co/ScMwIgt8Nm,0,0,0,0,0,0
darija_3_00273,@user @user @user warah nti li katbrdi 3la rask ahbibti bayna madahafik 7ad albayra 3liha katbri 3la rask,0,0,0,2,0,0
darija_3_00274,@user makaynch mn dik lhedra ga3.. Hna ghir makan3rfuhomch Mzn ..amma rahom bkhbiizthom,0,0,0,1,0,0
darija_3_00275,الله أكبر والعزة لله الله يحميكم وينصركم',2,0,0,0,0,0
darija_3_00276,يارب تنصرو..... وطول في عمرو..... ويخليه للشعب والعائلة الملكية...... شكرا محمد السادس,3,0,0,0,0,0
darija_3_00277,"بيدرو سانشيز فمجلس النواب الإسباني: قرار دعم مبادرة الحكم الذاتي جاي من إرادة إسبانيا ورغبتها فحل ملف الصحرا,",1,0,0,0,0,0
darija_3_00278,ولكن كولشي على الاعلام الي كيصور اوروبا في الافلام على انها ',0,0,0,0,0,1
darija_3_00279,موريتانيا: خبر غرق 52 شاب موريتاني فسواحل المغرب غير كذوب,0,0,0,0,0,0
darija_3_00280,"جثة رضيع مرمية فالخلا استنفرات السلطات فتطوان,",0,0,3,2,0,0
darija_3_00281,ها شحال من محابسي غادي يدوّز امتحانات البَاكْ وها شحال من مركز امتحان تخصص ليهوم,0,0,0,0,0,0
darija_3_00282,ها 2 رجالات القذافي للي خرجو على ساركوزي ووصلوه للاعتقال والمحاكمة. واحد تقتل ولاخر مضروب بجوج قرطاسات فكرشو,0,0,2,0,2,0
darija_3_00283,عاجل : جثة فتاة بالعيون مرمية خلف محكمة الاستئناف وعليها اثار الضرب,0,0,0,0,0,0
darija_3_00284,بشكل رسمي.. المغرب راسل الكاف باش ينظم كأس إفريقيا 2025,0,0,0,0,0,0
darija_3_00285,عامل ورزازات وقف المقدم اللّي بان فشريط جنسي مع العشيقة ديالو,0,2,0,0,0,2
darija_3_00286,واش بغيتوهم يبداو يتكرفسو على العادي والبادي عاد تبقاو أنتما على خاطر خاطركم ',0,0,0,2,0,0
darija_3_00287,ان لله وان اليه راجعون ولا حول ولاقوة الابالله العلي العظيم',0,0,3,0,0,0
darija_3_00288,لا لتخفيف القيود على المطاعم! يتحدثون عن المطاعم وهدفهم هو النبيذ,0,0,0,2,0,0
darija_3_00289,fakertini 3andi wa7ed sa7bi 3roubi en vacances en ce moment 3andek hahaha msawer m3a nejma dial tom cruise 😂😂😂 goultlo tafertih 😂😂😂,2,0,0,0,0,0
darija_3_00290,صاحب مشروع سياحي بالداخلة لا يعترف بالعملة الوطنية الدرهم,0,0,0,1,0,0
darija_3_00291,"تنزيل الحماية والقطع مع التخلويض فبناء السبيطارات.. ايت الطالب: رسلنا وصيات مجلس العدوي لجميع المسؤولين وخصصنا كثر من 6 مليار درهم للصيانة وتجديد التجهيزات,",0,0,0,0,0,0
darija_3_00292,Ana ohiab elisa ana mkrahtx dkon s8ira wnkono ana ohia hhh,2,0,0,0,0,0
darija_3_00293,اعتقال شابة مغربية فإسبانيا قتلات ولدها بموس مباشرة بعد ولادته,0,0,2,0,0,0
darija_3_00294,بعيوي واخا حكمات عليه المحكمة بتبذير المال العام.. داير منتدى دولي باش يلمع صورتو,0,1,0,0,0,0
darija_3_00295,عاجل. شكون قطع الضو على مزوار فالعيون؟ واش ولد الرشيد عندو شي علاقة,0,2,0,0,0,0
darija_3_00296,حبيب الكل يا أبا مكة',3,0,0,0,0,0
darija_3_00297,تأجيل جديد في قضية أنس العلمي المدير العام السابق لصندوق الإيداع والتدبير,0,0,0,0,0,0
darija_3_00298,قدم مبارة رائعة دفاعيا و هجوميا',2,0,0,0,0,0
darija_3_00299,الأرصاد الجوية تزف خبرا سارا للمغاربة,3,0,0,0,0,0
darija_3_00300,3ammou hamza li kidir mosaba9at lbniwtat f dm hhhhhhhh,1,0,0,0,0,0
darija_3_00301,البوليساريو ما خلات حتى الاطفال. شوفو اش كيديرو لوليدات صغار من تندوف فاسبانيا والجزائر. تحرش جنسي وشيشا,0,2,2,2,0,3
darija_3_00302,منيب رئيسة الحكومة,0,0,0,0,0,0
darija_3_00303,ylh lahdt bli bdl tof hhhhhhhhhhhhhhhhhh,2,0,0,0,0,0
darija_3_00304,هههه مسكين حس بالقالب ديال لبام,0,0,0,0,0,0
darija_3_00305,القضية كبرات عائلة السجين المحروق فالعيون دخلات اللجنة الجهوية لحقوق الإنسان على الخط‎,0,2,0,0,0,0
darija_3_00306,ولله أحسن رئيس حكومة فتاريخ المغرب وكل منتقديه أعداء النجاح,2,0,0,1,0,0
darija_3_00307,عبد النباوي يُحيل ملف ثقيل على الوكيل العام بفاس: فجروه المهندسون الطبوغرافيون والقضية فيها التزوير والمحافظة العقارية,0,1,0,0,0,0
darija_3_00308,استمعت لخطاب بنكيران وصل المضمون قام بإصلاحات جوهرية غير ظاهرة للمواطن  في الحقيقة الناس خدامين مع أحزاب أخرى وكيقولو سنصوت للعدالة,0,1,0,0,0,0
darija_3_00309,برنامج سكن الطبقة المتوسطة فشل وبشهادة الحكومة,0,0,2,1,0,0
darija_3_00310,charaff liya khtii abi ikhalikk,2,0,0,0,0,0
darija_3_00311,ديما مشرفينا…ألمانيا رحلات “ملك الشفارة” لي طلع مغربي,0,0,0,2,0,2
darija_3_00312,مساخيط هاذو . شدو مهاجرين من جنوب الصحراء صوبو تبويقة كيطر مولاها,0,2,0,0,0,0
darija_3_00313,باركة علينا بزاف شوفو الناس فين وصلوا واش الامزيغي ممزوجش من العربية واالعربي ممزوجش من الامزغية ادوها في ريوسكم وخدموا بلادكم ',0,0,0,2,0,0
darija_3_00314,مبقاوش يقدو يخدمو مع مبعضايتهم. حجي يغادر طاقم الزاكي,0,0,0,0,0,0
darija_3_00315,تمارة.. مواجهات بين البوليس ومشرملين تستعمل فيها القرطاس بعد تحريض كلب شرس,0,0,0,0,2,0
darija_3_00316,خلى غي الجيران. سمحات فيه صاحبتو.. قتلها هي وصاحبها الجديد وعائلتها,0,0,0,0,2,0
darija_3_00317,راس العام دموي فطنجة: مصرع شخص واصابة خمسة آخرين في حادثة سير وسط طنجة,0,0,2,0,0,0
darija_3_00318,النيابة العامة بإستئنافية الرباط ستدعات حنان باكور بخصوص ملف الهواري,0,0,0,0,0,0
darija_3_00319,نحن نتديل الامم في كل شيء ولن نتقدم ابدا ما دمنا نحافظ على معتقدات وخرافات صحراء الحجاز منذ 1400 سنة ونحاول ان نطبقها في حياتنا اليومية في 2017، فيقو يا البشر راه الدين اللي كتدافعو عليه هو اكبر عدو لكم ',0,0,0,2,0,0
darija_3_00320,مدرب آخر فالبطولة سالات ساعتو,0,0,0,0,0,0
darija_3_00321,الداخلية ترفض منح بطائق المستشارين الـ90 الذين انتهت ولايتهم البرلمانية,0,0,0,0,0,0
darija_3_00322,كيفاش درتي ليها تبا على بلاد',0,0,0,2,0,0
darija_3_00323,قاضي التحقيق المكلف بملفات الارهاب غادي يتصنت تفصيليا للسويسري والمغاربة اللي قتلو السائحتين فشمهاروش,0,0,1,0,0,0
darija_3_00324,"نزار بركة كعا على البرلمانيين لي كينتقدو الحكومة.. وبرلماني لـ”كود”: مايمكنش نسكتو والشعب واكل الدق,",0,0,0,2,0,0
darija_3_00325,نبيلة منيب هي لبيدها الحل [[PHOTO]],0,0,0,0,0,0
darija_3_00326,ناس الحسيمة ما كيتسناو حد يجيب حقهم .. هناك رجال يجيبو حقهم و لو طارت معزة...,0,0,0,1,0,0
darija_3_00327,khasna rabho matchat kamlin daba ana m3awal 3la ziyach 🙏🏻🙏🏻🙏🏻🙏🏻,2,0,0,0,0,0
darija_3_00328,مشرملين سخن ليهم الراس حتى جابو الربحة. قطعو الطريق فالجديدة ويكشطو الناس,0,0,0,0,2,0
darija_3_00329,"مجلس الأمن الدولي غادي يعقد جلسة لمناقشة ملف الصحرا فهاد الشهر,",0,0,0,0,0,0
darija_3_00330,واش جاية موجة جديدة من “كورونا”؟. البروفيسور قنجاع لـ”كود”: مراقبين تطور الحالات,0,0,0,0,2,0
darija_3_00331,مجلس المستشارين في ورطة وبيد الله في وضع حرج وبنكيران يبحث عن حل والداخلية تفضل عدم تجديد الثلث,0,1,0,0,0,0
darija_3_00332,طنجة والزاكي قراب من الفراق,0,0,0,0,0,0
darija_3_00333,كلام عظيم',2,0,0,0,0,0
darija_3_00334,شرذمة اوروبا وامريكا يتطاولون ع اطفال فلسطين العزل ',0,0,2,0,0,3
darija_3_00335,تسريبات تقرير كَوتيريس. الأمم المتحدة خايفة من تهديدات البوليساريو بالحرب,0,0,0,0,2,0
darija_3_00336,انطلاق توسعة “ميناء الجبهة” لصالح 300 صياد وعائلاتهم: المشروع غادي يكلف 330 مليون درهم,2,0,0,0,0,0
darija_3_00337,@user w kol wahd 3ando jamhoro ach had tafkiir ayi haja ydirha zwina rah kaymatal wla jmhoor 3lach mamnh9ooch y3amlha zwiiin ??,0,0,0,2,0,0
darija_3_00338,قانون مالية 2022.. لشكَر: غادي يزيد من تكاليف الكريديات ديال برا وحتى العمومية وغايتسبب فـ مشاكل اجتماعية,0,0,0,1,0,0
darija_3_00339,@user @user @user @user ma rba7nache b 4 mn yamat Ougandaga😀😀😀,2,0,0,0,0,0
darija_3_00340,منورين الشباب',2,0,0,0,0,0
darija_3_00341,الدولة تحارب الارهاب علاش متحاربش هدشي راه الناس كيعانيو بزاف من هاد ...,0,0,0,2,0,0
darija_3_00342,موت الراقصة غزل يكشف موت الضمائر في عالمنا العربي,0,2,3,0,0,0
darija_3_00343,جوج مثليين سالاو الجنس جبدو لمضا على بعضياتهم,0,1,0,0,0,0
darija_3_00344,أحلام هدرات على طلاقها من راجلها القطري,0,0,0,0,0,0
darija_3_00345,الشعب يريد إسقاط الخونة',0,0,0,2,0,0
darija_3_00346,شطط. بدء اعتقالات الطلبة الصحراويين في مراكش بعد مداهمات واقتحامات للبيوت. اعتقال 6 طلبة منتصف الليل,0,0,0,2,0,0
darija_3_00347,الفرزيات حول احتلال الملك العمومي بحي جيليز منوضا الصداع في مراكش,0,0,0,2,0,0
darija_3_00348,هذا افتراء وكلام كاذب المغرب دولة مسلمة سنية وليس بها شيعة هذه بلبلة وإشاعة مفبركة,0,0,0,2,0,0
darija_3_00349,فعلا ويقولون لك الإسلام دين إرهاب وقتل',0,0,0,2,0,0
darija_3_00350,اللعابا ديال آسفي دخلو ديربي دكالة عبدة باش يضامنو مع مشجعين مشدودين,2,0,0,0,0,0
darija_3_00351,قياد يدهسون مواطنين. بعد قائد تاونات: قائد يدهس مواطنا بسيارته ويصيبه بجروح خطيرة,0,0,1,2,0,0
darija_3_00352,عاجل. وكيل الملك فسطات: ها التهم اللي غادي يتحاكم بيهم مول الكاسكيطة,0,0,0,0,0,0
darija_3_00353,رجل بنسلمان مدير الايسيسكو ضد لمغاربة. جرا على 30 ومنعهم من المديريات,0,0,0,0,0,0
darija_3_00354,الفنانة “كونتيشا” الي ربحات مسابقة الأغنية الأوروبية مريضة بالسيدا,0,0,2,0,0,0
darija_3_00355,"Awdi lah ikhrjna mn dar l3ib bla 3ib, makat3rf mnin tbdaha, lah irhmo w isbr walidih w safi",0,0,3,0,0,0
darija_3_00356,"تقرير رسمي: 53 فالمية من المقاولين فقطاع الخدمات التجارية كيتوقعو استقرار فالنشاط ديالهم فهاد الفترة,",0,0,0,0,0,0
darija_3_00357,جرائم عمرانية واقتصادية واجتماعية في حق الشعب.',0,0,2,0,0,0
darija_3_00358,dwi nti b smytk ila bghiti o ana ndwi 3la mghreb ola le grand maghreb ta wahd maso9o c mn compte,0,0,0,2,0,0
darija_3_00359,أبو حفص لـ”كود”: الفكر الإرهابي مزال قائم وخاصنا استراتيجية كبيرة للقضاء عليه عن طريق بناء جيل جديد ومجهودات الأجهزة الأمنية مكافياش بوحدها,0,0,0,0,0,0
darija_3_00360,برافو لسكان مدينة الحسيمة الجميلة على اخلاقكم ووعيكم سكان مدينة وجدة نحبكم كثيرا.,3,0,0,0,0,0
darija_3_00361,الركراكي.. ربحنا الرجاء حينت حنى حسن منها,2,0,0,0,0,0
darija_3_00362,ربحا ولا دبحا.. الأسطورة ميسي غادي يلعب آخر مونديال مع الأرجنتين فقطر,1,0,0,0,0,0
darija_3_00363,“مسيرة بيضاء” إحياء لذكرى الإمام المغربي الذي قتل ببروكسل,0,0,2,0,0,0
darija_3_00364,واقع جهة كلميم بعد انتخاب مباركة بوعيدة..نائبها لـ”كود”: تجاوزنا البلوكاج والمشاريع خدامة وعندنا اشكالات ف تنزيل الجهوية,0,0,0,0,0,0
darija_3_00365,اودي كونما بنكيران والله لا سمعتي الاذان فدوزام هو الاخر,0,0,0,1,0,0
darija_3_00366,مختل عقلي دبح مو بجنوبية نواحي اسفي,0,0,2,0,2,0
darija_3_00367,انعدام “السيولة”فالگيشيات دالبنكات جر بنشعبون للمساءلة البرلمانية,0,0,0,0,0,0
darija_3_00368,الفايسبوك مقلوب بفيديو بان فيه طفل طاح فقادوس بعدما شفرو شخص فحي تابريكت فسلا والبوليس وقفو,0,0,0,0,0,0
darija_3_00369,@user le7wa kayjib f ay w9ita xD,0,0,0,0,0,1
darija_3_00370,"الكَيرا فأوكرانيا غادية وكتطول.. وزير الخارجية الروسي: ماغاديش نوقفو عملياتنا العسكرية دبا من أجل المفاوضات,",0,0,0,0,0,0
darija_3_00371,حنا ما عضنا حنش وخايفين من لحبل. رفس ودهس فمهرجان الناظور بسباب دباز لي الناس سحاب ليهوم داعش هجمات (فيديو),0,0,0,0,2,0
darija_3_00372,بدلا من ان تتحدث عن سعد؟ تحدث عن محسن لي طحنوه وضحى يحياته في سبيل قوت يومه,0,0,0,2,0,0
darija_3_00373,سامسونج هيا التوب ها الاس 6 عندي و شحال من مرة طاح و مزال خدام السلعة د الشينوا منشريهاش و تبقى غا هي',2,0,0,0,0,0
darija_3_00374,gaa3 nass katkon 3andhom machakil howa ila kan kissemi rasso sahafi makhassoch idakhel f nass bhad tari9a,0,0,0,1,0,0
darija_3_00375,عاجل. الحموشي عطى ترقيات استثنائية لـ3 ديال البوليس وفيهوم جوج من ضحايا تران بوقنادل,1,0,0,0,0,0
darija_3_00376,لفتيت دخل فبلوكاج جهة وادي نون وها شكون استدعى,0,0,0,0,0,0
darija_3_00377,2m مع البام الله يمسخكم لأنكم علمانيين,0,0,0,2,0,0
darija_3_00378,@user Ana mojoda lwa9t li bghiti,0,0,0,0,0,0
darija_3_00379,وضع فرنسي من أصل مغربي قيد التحقيق للاشتباه في تخطيطه لتنفيذ هجمات,0,0,0,0,0,0
darija_3_00380,شهيد محسين فكري رحمة الله عليك.,0,0,3,0,0,0
darija_3_00381,منظمة السياحة العالمية: سيدي كاوكي من بين أفضل 44 قرية سياحية فالعالم,0,0,0,0,0,0
darija_3_00382,أحاديث صيفية عن إزدحام طنجة و أصيلة و تلوث نهر الغانج و جلابة مدام بنكيران و تقاشر بوسبرديلة,0,0,0,0,0,2
darija_3_00383,خاص. الداعشيين لي طاحو اليوم كلهم تلاميذ,0,0,0,0,0,0
darija_3_00384,dok rimat li kaylo7 ljassous fkroni f dak dessert w lkhdra li kayb9aw f l3chia dial sou9,1,0,0,0,0,1
darija_3_00385,جزء جديد من رواية Fifty Shades of Grey غايخرج خلال أسابيع,0,0,0,0,0,0
darija_3_00386,موظفي الداخلية طلع ليهوم الجوك. ها شحال رقى حصاد بوزارته,1,0,0,0,0,0
darija_3_00387,أخنوش تلاقى ثاني اليوم في الرباط نقابة التعليم العالي,0,0,0,0,0,0
darija_3_00388,المالكي رد على وهبي: كل القرارات اللي خداتها هياكل مجلس النواب خلال حالة الطوارئ تمت بالاجماع والتصويت الالكتروني غير دستوري,0,0,0,0,0,0
darija_3_00389,ناضت فالريف وها اللي مشعلها. عجلات وطوارو الزبل سط شوارع الدريوش + صور,0,0,0,2,0,0
darija_3_00390,بزاف على التبلحيس..البرلماني المدان بجرائم الأموال كيصبغ فوزير الداخلية: انت سر من أسرار الله,0,0,0,1,0,0
darija_3_00391,tfarji fl vedio walaw ghir mara bach tfahmi ach kayn wana manhmalch chi had ana ba3da manchofoch aslan machi ntab3o n3ayar fih,0,0,0,2,0,0
darija_3_00392,wa nta li pauvré,0,0,0,1,0,0
darija_3_00393,بريطانيا.. نايض الصداع على الطرقان الذكية بعدما مات راجل فيها عمرو دار شي كسيدة فحياتو,0,0,0,2,0,0
darija_3_00394,hada lidar hadchi ollah ta ghayt3deb f l9br hhhhh,0,0,0,0,0,0
darija_3_00395,wa chof sb7an lah yalah dwina 3liha lbare7 ba9a noubet li fbali w had tag ghadi yetna9a mzian hhhhhhhhhhhhh,1,0,0,0,0,0
darija_3_00396,@user Ghir li ma3ndhom chakhssiya kay signaliw f twitt6,0,0,0,1,0,0
darija_3_00397,تعاون كبير بين المغرب ومجلس أوروبا فمجال مكافحة تبييض الفلوس وتمويل الإرهاب والاتجار فالبشر,0,0,0,0,0,0
darija_3_00398,قادة من البيجيدي يرفضون حكومة كفاءات وطنية وهؤلاء وزراء قد يفقدون مناصبهم لان قميص الوزارة اكبر منهم وبنكيران قد يتحول الى الرابح الاكبر,0,0,0,0,0,0
darija_3_00399,@user wa nti t pas vu le message li sefett l hanan fikoum ghir lhedraa tfo,0,0,0,2,0,0
darija_3_00400,سعيد باي فرحان بعائلتو الصغيرة: هي المأوى والحب والآمان -تصاور,2,0,0,0,0,0
darija_3_00401,اصطدام بين الداخلية والإلترات بسبب «الكلاسيكو»,0,0,0,0,0,0
darija_3_00402,"أخنوش: معندناش عصا سحرية باش نحلو جميع المشاكل.. والحكومة مستمرة في إنجاز برنامجها واخا كاينا الأزمة,",0,0,0,0,0,0
darija_3_00403,علاش كاين استقرار في المغرب بلا خبار الشعب ',0,0,0,0,0,0
darija_3_00404,أمريكية مابغاش ينعس معاها صاحبها وهي تسلخو – صورة,0,2,0,0,0,0
darija_3_00405,هادو طلع ليهم الجوك هاد السيمانة: تعيينات جديدة في مناصب سامية صادق عليها بنكيران,0,0,0,0,0,0
darija_3_00406,اخنوش هدر لاول مرة على جوج خوتو اللي تقتلو فالزلزال مع افراد فعائلتو وكيفاش غير زلزال اكادير مسار عائلتو,0,0,2,0,0,0
darija_3_00407,ah larbet weld 9e7ba walakin 7na 7wawna les joueurs dialna bla matb9aw tkedbo 3la rasskom,0,0,0,2,0,2
darija_3_00408,هل طلق المغرب فرنسا نهائيا؟ الملك محمد السادس يؤكد على علاقات المغرب مع دول الخليج وإفريقيا، والولايات المتحدة وروسيا والصين,0,0,0,0,0,0
darija_3_00409,saad good luck👏 inchallah ykon 7afl 🔝 bhal dima😉 akide👌 radi tharasse💣 3lihom stage 😂😘😂😘 all the best,2,0,0,0,0,0
darija_3_00410,القضاء يحجز على مقرات بنجلون بعد مقتل ملياردير على يد مدير بالبنك,0,1,0,0,0,0
darija_3_00411,هاد الحكومة كلشي طالع ليها واقتصادنا بيخير. نسبة النمو في الاشهر الثلاث الاخيرة بلغت 4.6 بالمائة,2,0,0,0,0,0
darija_3_00412,عائلة الدري لي سلخوه البوليس فمليلية كتحتج على السكات دالسلطات,0,0,1,2,0,0
darija_3_00413,@user ila kenti fans li hanane 3mli sourtha f lprofile,0,0,0,0,0,0
darija_3_00414,قصة أربعيني اغتصب إبنة عمّته القاصر بمساعدة أمها,0,0,2,0,0,3
darija_3_00415,البي جي دي على البرلمانيين المستشارين لي تمردو: مبقيتوش معنا ومعندكمش الحق فالتمثيلية باسم الحزب,0,0,0,1,0,0
darija_3_00416,ها وقتاش غادي يقدم بنعرفة للملك طلب إعفاء الوزير الداودي وتعديل حكومي جديد ينتظر الحكومة,0,0,0,0,0,0
darija_3_00417,جورنالات بلادي2: ذبح زوجته بسبب الشك وصفقة الرادار تلغى للمرة الثامنة والبوليساريو تعذب موريتانيا بقندهار,0,0,2,0,2,0
darija_3_00418,ضربة موجعة للحريات الفردية.. القضاء يتابع مثلي بفاس بسبب لباسه,0,0,0,1,0,0
darija_3_00419,نايضة ف محاكم مدريد على صبليونية لاباس عليها عندها عقارات ف المغرب,0,0,0,0,0,0
darija_3_00420,هجوم جديد لمهاجرين أفارقة على باب سبتة..تشدو 300 والقوات العمومية دارت استنفار,0,0,0,0,2,0
darija_3_00421,فرقة محاربة العصابات ففاس حجزات اكثر من 400 كيلو ديال الكيف,0,0,0,0,0,0
darija_3_00422,عنصرية اليمين المتطرف فـ اسبانيا.. كتبو عبارات كتسب المغرب واسرائيل على باب المقبرة اليهودية فـ مدريد,0,0,0,2,0,0
darija_3_00423,wa5a kdob ktjina nfs saraha kayb9a fiya l hal nchouf chiwahd fayt hanane wla rapha wakha tkoun lmosaba9a tafha,0,0,2,0,0,0
darija_3_00424,نور على نور ... ^هل ما زال قلبك موجوع هاها..😁 ؟ ',1,0,0,0,0,0
darija_3_00425,"وزير خارجية اسبانيا : بغينا بلادنا تولي “فاعلة” وماشي “متفرجة” فمسار حل قضية الصحراء,",0,0,0,0,0,0
darija_3_00426,إدانة شخص تشد كيحاول يغتاصب دري داخل مؤسسة تعليمية فرمضان,0,0,0,0,0,2
darija_3_00427,رأيك يحترم لكن أنا ﻻ اتفق معك.مادا سننتضر أدن من العدالة و التنمية إدا كانوا لا يحكمون؟ فليغادروا المشهد السياسي ادا كانوا صادقين مع الشعب.,0,0,0,2,0,0
darija_3_00428,ردو بالكم.. لي دور مع البوليس يتشد.. إيقاف سائق سيارة حاول إرشاء شرطي في مراكش,0,1,0,0,0,0
darija_3_00429,عصابة المقنعين اللي خربتها فثلاثة ديال المدن جابت الربحة فالسطات,0,1,0,0,0,0
darija_3_00430,سؤال يدل على قمة لحقد تجاه المغرب',0,0,0,2,0,0
darija_3_00431,o kayan far9 mabiin hoob l watan o hayat chakhesiya nifa9 jetima3i huwa hada,0,0,0,0,0,0
darija_3_00432,باءع السمك # محسن فكري# يستحق كل الجيمات والرحمات والبركات ..,0,0,2,0,0,0
darija_3_00433,يلا بغيتو نسلفوكوم. هولندا باغيا تسد اربعة سجون بسباب قلة المجرمين,0,0,0,0,0,0
darija_3_00434,chkoun 3endo la vidéo li hadrat fiha fella 3ela ibtissam f la radio plzz,0,0,0,0,0,0
darija_3_00435,مصرية باش ما يشكو فيها جيرانها ستاغلات شهر رمضان وقلبات دارها وكر دعارة بالنهار,0,2,0,0,0,2
darija_3_00436,ديما منيب كلامها في الصميم,1,0,0,0,0,0
darija_3_00437,ها آش كاتجيب السيبة. ركود إقتصادي بفاس وسياح يغادرون المدينة نتيجة حادثة السياح الالمان,0,0,0,2,0,0
darija_3_00438,شرفاء بحال سيدي علي شيخ الكامل سيدي علال البحراوي سبعة رجال لالة منيب ونت نسيتك,0,0,0,0,0,0
darija_3_00439,كُورُونَا” ف الدزاير.. ارتفاع حالة الوفيات وحتى هوما حبسو الصلاة ف الجوامع والرئيس تبون غادي يخطب اليوم,0,0,1,0,0,0
darija_3_00440,اللعابا ديال الوداد كتسناهم مكافأة من بعد ماتش التواركة,2,0,0,0,0,0
darija_3_00441,ما عرفناهم معامن.. محادثة وابتسامة بين رئيسة الحكومة التونسية ورئيس إسرائيل دارت البوز – فيديو,0,1,0,0,0,0
darija_3_00442,ها العنف ضد النساء الحقيقي. إتهام رئيس مقاطعة بني مكادة وشقيقه بالاعتداء على ثلاث سيدات وطفلة قاصر وسحلهن في الشارع العام بسبب نزاع حول عقار + صور الضحايا,0,0,0,3,2,1
darija_3_00443,الحبس ل «زعيم» المتربصين بالملك بتطوان,0,0,0,0,0,0
darija_3_00444,مديرة الفضاء الجمعوي بالعيون، بغات تهرف على بلان و هو يخرج لوالي عينيه و رسل لجنة توقف البناء,0,0,0,1,0,0
darija_3_00445,خسرة للريال',0,0,2,0,0,0
darija_3_00446,الله ينصرك على المفسدين، إن شاء الله انتصار كبير',2,0,0,0,0,0
darija_3_00447,البرلمان وافق على تشكيل لجنة استطلاعية على ضعف جودة الخدمات القنصلية لمغاربة الخارج,0,0,0,0,0,0
darija_3_00448,Ana knssm3 l makayen tahed u kaina f asfi,0,0,0,0,0,0
darija_3_00449,هذه هي طبخة المفسدين باختصار ',0,0,0,1,0,0
darija_3_00450,nn machi hadra ana 3tito num lmara lawla 3ayet liha w 9alet lih mssafra lmasr w 3yet liha lmarra tanya,0,0,0,0,0,0
darija_3_00451,chokraan bzaaaf chahada dialak 3la ibtissam tiskat kan3tazo biha kamaghariiiba we thenk you so mush,2,0,0,0,0,0
darija_3_00452,شكرا ناس الحسيمة ناس اﻻخﻻق والحضارة,2,0,0,0,0,0
darija_3_00453,حسبي الله ونعم الوكيل محاولة خلق أعذار للفشل أعذار تافهة',0,0,2,1,0,0
darija_3_00454,فرنسي يصور أفلاما إباحية في القنيطرة ويتاجر فيها وبطلة أفلامه عشيقته,0,2,0,0,0,2
darija_3_00455,saad lemjered mcha l omra houa o hatim amor,0,0,0,0,0,0
darija_3_00456,"ممكن اسي بن كيران تجي تضرب شي دورة فسلا مورا ولا مع العصر !""""""""""""""""'",0,0,0,2,0,0
darija_3_00457,اليوم خرجتي بإدنو ولا لا هههههههههه,1,0,0,0,0,0
darija_3_00458,مسجد الشعب المغربي المقهور',0,0,1,2,0,0
darija_3_00459,"@user kaydiro des contrats 5 wla 10 ans w ma kaykhedmoch lik l2aghani kif bghiti, w machi w9t li wjedti choghlek tkherjo, l9arar lihom",0,0,0,0,0,0
darija_3_00460,شريط جنسي جديد لفتاة قارورة عطر «rexona» يهز جماعة الحي الحسني بالبيضاء,0,2,0,0,0,0
darija_3_00461,إعتقال مغربي و4 ديال الصبليون خطفوا ألماني جوج سيمانات وسلخوه عصا وكانو غايقتلوه بالجوع,0,0,0,0,1,0
darija_3_00462,انطلاق جولة جديدة من محاكمة رئيس بلدية تارجيست في قضية ارتشاء,0,0,0,0,0,0
darija_3_00463,كلنا محسن فكري 😭😭😭,0,0,3,0,0,0
darija_3_00464,باينا جبدو ليه وذنيه..اودي اودي على العلامة الشيخ بنحمزة.. طلع كذاب وبغا يدوس على الكرامة المهنية للصحافية ايت الكتاوي لي صرح ليها قبل اسابيع بأنه ضد تقنين الكيف ودبا تراجع,0,0,0,2,0,0
darija_3_00465,كنّا نامل في حكومة بنكيران التغيير ولاكن غيرتم جيوبكم من الاسوء الى الأفضل ',0,0,1,0,0,0
darija_3_00466,hhhh mathshmsho ana nbqa blash,1,0,0,0,0,0
darija_3_00467,lllah akbar kabira wallah ajmale khabar sam3to fa hayati ana3lato llah 3la dalime,3,0,0,0,0,0
darija_3_00468,الكتاب المثير الملك المستحود سيترجم إلى الدارجة المغربية والإسبانية,0,0,0,0,0,0
darija_3_00469,هيئات الدفاع عن الراضي والريسوني: محاكماتهم ماشي عادلة وفيها خرق لقانون المسطرة الجنائية.. وكنطالبو بإطلاق سراحهم ودخول الريسوني للإنعاش,0,0,0,1,0,0
darija_3_00470,"Liberland katqelleb 3la lmowatinin o mabaghash le3reb, malna 7na yhoud yhoud???",0,0,0,3,0,0
darija_3_00471,@user yallah diri lina a rti chez 3errassia fa3la tarka Chikhates 3la 7sabi @user,2,0,0,0,0,0
darija_3_00472,نبيلة منيب الامل الوحيد,0,0,0,0,0,0
darija_3_00473,نعم لقد نجح بنكيران في القضاء على البطالة والفقر داخل أسرته,0,0,0,2,0,0
darija_3_00474,@user had nemra kharjatni f Kansas,0,0,0,0,0,0
darija_3_00475,"الأسعار دايرا الگرون فكولشي.. وزير التجهيز: مواد البني تزادت بزاف بسبب تكاليف النقل,",0,0,0,2,0,0
darija_3_00476,هذه خطة رونالدو للفوز بالكرة الذهبية,0,0,0,0,0,0
darija_3_00477,الحب والبضاض.. راجل ومراتو عاشو مع بعضهم 65 عام وماتو في نهار واحد,0,0,0,0,0,0
darija_3_00478,راقي جاب الربحة فكازا. عجباتو كليانة وتعرى عليها باش يجري على الجنون,0,0,0,2,0,3
darija_3_00479,شابة مغربية أصغر برلمانية بمليلية بعد فوزها في الانتخابات الاخيرة,2,0,0,0,0,0
darija_3_00480,koulchi skhef b had sehd wla ghir ana,0,0,0,0,0,0
darija_3_00481,يلعن كرامتك أن بقي منها شيئ اصلآ ذليل قزم ذيل الكلب',0,0,0,3,0,0
darija_3_00482,بنعرفة ما دافعش على منتخبيه مزيان. ما جبدش التصرفيقة اللي عطاها والي الرباط لعمدتها وقلل من الاستقالات: صبرو وصمدو وما طيحوش امام الاستفزاز وراني معتز بيكم,0,0,0,2,0,0
darija_3_00483,جاب الربحة. تايلاندي حكمو عليه ب34 عام بسباب تدوينة فالفايس,0,1,0,0,0,0
darija_3_00484,حكيمي فرحان قبل ما يمشي مع الريال لموندياليتو,2,0,0,0,0,0
darija_3_00485,"أكثر من 180 مدير ديال الليسي و الكوليج دازو فعملية الانتقاء الأولي الخاص بهاد المناصب ف2022,",0,0,0,0,0,0
darija_3_00486,اللهم انصر الاسلام والمسلمين في كل مكان القدس عربيه وستبقى عربيه وعاصمه فلسطين يارب احميها',2,0,0,0,0,0
darija_3_00487,رالي المغرب غايدير سهرة ديال الغنا فالعيون,0,0,0,0,0,0
darija_3_00488,@user Hhhh hadok ysawebo Kolchi. Tarikhe ki katbouh a bi stylo bik hhh,1,0,0,0,0,0
darija_3_00489,تجميد عضوية المنياري بمجلس المستشارين بعد طرده من المركزية النقابية,0,1,0,0,0,0
darija_3_00490,نوال الزغبي غادي تعتازل الغنا وها فوقاش- فيديو,0,1,0,0,0,0
darija_3_00491,عموته أحسن مدرب مغربي',2,0,0,0,0,0
darija_3_00492,بنكيران يزور بلكورة المتهم باختلاس أموال عمومية في مكناس وها علاش,0,0,0,0,0,0
darija_3_00493,شكرا أخي الخبر تم نشره صباح اليوم',1,0,0,0,0,0
darija_3_00494,3la 9bl dik lmraa la plupart d entre vs kanu kiswtuu l dounia w hna swtna l zineb w btissam fstarsonline,0,0,0,0,0,0
darija_3_00495,ن لا ترغب أن تلعب مع الأسود ! الأسبقية و المشاركة لمن له غيرة و قتالية على بلده و لمن شارك في الاقصاءيات و ليس لانتهازي اختار للعب لبلد آخر !!',0,0,0,2,0,0
darija_3_00496,وفقكم الله لما فيه الخير للبلاد و العباد',2,0,0,0,0,0
darija_3_00497,"لشكر بالصحة و الراحة تستحق وسام مخزني بجدارة و استحقاق""""""""""""""""'",2,0,0,0,0,0
darija_3_00498,فيناهيا هاديك مروحية وزارة الصحة؟ مروحية للدرك الملكي تنقذ سيدة بآيت عبدي من الموت,0,0,0,2,0,0
darija_3_00499,الداهي أكاي ل”كود”.ايلى تلاقيت بمحمد السادس فالعيون فزيارتو القادمة ها اش غادي نكول ليه. وها كيفاش نحلو مشكل الصحراء (فيديو),0,0,0,0,0,0
darija_3_00500,لي ماجاهش حب الشباب تشمت. علماء يؤكدون أن الذين عانوا من حب الشباب في الصغر لي يشيخون بسرعة,0,1,0,0,0,0
darija_4_00001,نحن نريد ضبط النفس والحفاظ على بلادنا حتى لا نتفرق ونصبح مثل تونس عاش ملكنا محمد السادس,0,0,0,0,2,0
darija_4_00002,الفيفا بغات تحارب التحيز الجنسي في كرة: طلبات من ناقلي البث التلفزي فالمونديال مايركزوش على المشجعات الزوينات فالتيرانات,0,2,0,0,0,0
darija_4_00003,بوليسي تيرا بالقرطاس ف كازا باش يشدو شخص تعدا على واليديه,0,0,2,2,1,0
darija_4_00004,@user @user ya 5iti 3la ghzala lay7miha 7biba,2,0,0,0,0,0
darija_4_00005,ملكنا العالمي محبوبٌ أينما حلّ و ارتحل...♥',2,0,0,0,0,0
darija_4_00006,: 🎶🎶🎶🎶راه مكاين خير لا تعمل عشير,0,0,0,0,0,0
darija_4_00007,hhh wach kayhdar 3la bloque awili maymknchh akhayy ndirha lik ila ana nta rak 3ziz,1,2,0,0,0,0
darija_4_00008,شاعلة ف جمعية الأعمال الاجتماعية لموظفي مجلس المستشارين ونايضة استقالات,0,2,0,2,0,0
darija_4_00009,"خاص. تفاصيل صادمة على جريمة اغتصاب تلميذة قاصرة من طرف أستاذ ففاس,",0,0,2,2,2,3
darija_4_00010,hhhh chafti tshirts hiya liwakhdahom maktoub fihom manchofouch,1,0,0,0,0,0
darija_4_00011,"وزيرة السياحة محزمة بالمؤثرين والمؤثرات. بغات “فرصة” توصل باهانة الصحافة واقحام المؤثرين,",0,1,0,2,0,0
darija_4_00012,فوطوكوبي.. اليابان اخترعت روبو كيشبه لوزير الرقمنة – فيديو,0,2,0,0,0,0
darija_4_00013,اعتقال التلميذ اللّي شرمل الزميل ديالو بفاس والأكاديمية ديال التعليم: هداك راه ماشي تلميذ راه لص محترف,0,3,2,0,0,0
darija_4_00014,"عمر القادري: الجزائر “منتهك متسلسل” لحقوق الإنسان والقانون الإنساني,",0,0,2,2,0,0
darija_4_00015,@user @user fati plz choufi liya bant marrakech 3endk nkhorjo ndiro hmala lhanan mab9a walo,0,0,0,0,0,0
darija_4_00016,حاميها حراميها. ها شحال خدا البوليسي اللي سطا عـلى وكالتين بنكيتين بآسـفي,0,2,0,2,0,0
darija_4_00017,شكرا اورونج فالا نترنيت تصل الينا حتى البوادي وان لم اقل الجبال فاورنج انهت عزلتنا شكرا مرة اخرى عيد ميلاد سعيد مع المزيد والحرص على العمل ',2,0,0,0,0,0
darija_4_00018,قلوب طيبة',2,0,0,0,0,0
darija_4_00019,تبارك الله ماشاء الله عليه',2,0,0,0,0,0
darija_4_00020,هضر على راسك.....ماتهضرش باسم الشعب.....شكون قالك الشعب باغي بنكيران؟؟؟؟,0,0,0,2,0,0
darija_4_00021,ميسي ونيمار في تحدي من نوع خاص… شكون غلب؟ (فيديو),0,1,0,0,0,0
darija_4_00022,plz hbiba siri mashi msg dyalak daba ydawzouh lhahana baraka 3liha ghir lf9ays li tama,0,0,0,0,0,0
darija_4_00023,وزارة الأوقاف.. هل تضع المدونة الجديدة حدا للريع؟,0,0,0,0,0,0
darija_4_00024,المغرب كيتقوى عسكريا. دبابات «أبرامز» أمريكية إضافية بصياد قاتل في طريقها للمغرب,1,0,0,0,0,0
darija_4_00025,الحمد لله الذي اغاثنا على قدر بنيتنا التحتية. ',1,0,0,0,0,0
darija_4_00026,فاتي جمالي ماجايبة لدنيا خبار.. وخدامة على راسها فعمل جديد,0,0,0,0,0,0
darija_4_00027,ملياردير كيقلب على “حب حياتو”.. ومواعدها برحلة للقمر,0,2,0,0,0,0
darija_4_00028,هجوم طاراغونا اصيب فيه بوليسي صبليوني وست مدنيين,0,0,1,0,2,0
darija_4_00029,حموشي كايضبط تنقلات الجماهير,0,0,0,0,0,0
darija_4_00030,رئيس المجلس البلدي للحسيمة يتهم اطرافا وظفت الاطفال كحطب للنار ويهاجم جهات تريد نسف المصالحة,0,1,0,2,0,0
darija_4_00031,توقيف رجلي أمن في العيون بسبب 20 درهم,0,2,0,0,0,0
darija_4_00032,رئيس الجماعة الاسلامية بريبول يتحدث عن الامام المغربي المفترض انه زعيم خلية كاطالونيا والاخير كان فبروكسيل ببلجيكا معقل ارهابيي مولنبيك,0,0,0,0,1,0
darija_4_00033,ها بشحال تحكم على عناصر فرقة أمنية مزورة نصبات على مواطنين,0,0,0,0,0,0
darija_4_00034,سكوب. الارهابي الرابع شدوه البسيج وهو كيمارس الجنس.. هزوه من فوگ مرتو,0,1,0,0,0,0
darija_4_00035,fhmtkiiii ghadghouda w ahla tahya mn fans tiskatyaaaa muaaaaaaaaaah,2,0,0,0,0,0
darija_4_00036,💞اﻹنسانية محبة وسﻻم وعيش مشترك لجميع',2,0,0,0,0,0
darija_4_00037,خاص. كيفاش استاقل اليوبي وقال لصحابو: استقالتي نهائية الا ايلى دخل القصر,0,0,0,0,0,0
darija_4_00038,ماقدهومش انتحال صفة الامن فالمغرب داروها تا فالطاليان. إعتقال مغربي دار راسو دركي وبدا كيفتش الناس فوسط الطريق,0,1,0,0,0,0
darija_4_00039,حصيلة ثقيلة بزاف ديال شغب ديربي الشمال. ها شحال من طونوبيلة دكدكات وها شحال من واحد تشد,0,1,0,0,0,0
darija_4_00040,daba wach hada tanz oula hna hmir oulz ils nous prennent pour des hmirs 100 000 par mois ou mskine yallah ferech salon bazzaz,0,0,0,2,0,0
darija_4_00041,فدوى طالب قصفات ملكة جمال الإمارات لي قللات من المغربيات: راهم يمحنوك !,0,0,0,2,0,0
darija_4_00042,yemkan ma baghachi sol7 ana hdartlek 3la hadok li ma3andomchi prbl o ana ma3andich mochkil m3a ihab 3andi m3a hadok li,0,0,0,1,0,0
darija_4_00043,سنة هجرية سعيدة.... مليئة بالنجاحات و المسرات و التوفيق من الله عز و جل.... ',2,0,0,0,0,0
darija_4_00044,دفاع بوعشرين. تهمة الاتجار بالبشر ماكايناش فالمشتكيات,0,0,0,0,0,0
darija_4_00045,: قتلى وجرحى في اصطدام مباشر ما بين حافلة للنقل العمومي وشاحنة كبيرة بالقرب من راس أومليل على الطريق الوطنية رقم واحد على ب…,0,0,3,0,0,0
darija_4_00046,"منظمة الصحة العالمية رصدات 170 حالة إصابة بمرض كبدي مجهول المصدر كيقيس الدراري الصغار,",0,0,2,0,2,0
darija_4_00047,هنا بعض المعلقين وصلت بهم الغباء الى حد تجعله يهاجم النصارى',0,0,0,1,0,0
darija_4_00048,حرب الطرق فرمضان. ماتو جوج ديال الشبان كانو راكبين “سي 90” فكسيدة خايبة بزاف,0,0,3,0,0,0
darija_4_00049,@user Hhhhhh awddi ana fin makanu chi joj ftag ydabzo nji nslah Yzidouni tana aww hagrinni Hhhhh,0,0,0,0,0,0
darija_4_00050,علاش السجاد ديال المهرجانات حمر؟ دخلو تعرفو شكون أول لي ستعملو وعلاش,0,0,0,0,0,0
darija_4_00051,مغربية فالطاليان قتلات صاحبها بالسم وبغات تقطعو بالمنشار,0,0,2,0,0,2
darija_4_00052,ردو البال. نوت 7 خطار وحرق دار كاملة وإدارة الطيارن ديال الميريكان قالت للركاب ماتجيبوهش معاكم,0,2,0,0,1,0
darija_4_00053,ها علاش اختار الملك يجي لفاس فهاد الوقت ويكلس فالضعية ديال ضويات فمولاي يعقوب,0,0,0,0,0,0
darija_4_00054,أولا وقبل كل شيء أحبكم في الله وأدعوا لكم ولملكنا وكافة الشعب المغربي بكل الخير كلما دعوت لنفسي و أهلي ',2,0,0,0,0,0
darija_4_00055,"قاضي التحقيق بجنايات سطات هبط جوج ماليين للحبس بتهمة النصب والاحتيال وتزييف اختام الدولة,",0,1,0,0,0,0
darija_4_00056,محكمة في فرانسا صدمات واحد من المشتبه فيهم اللي شفرو الذهب ديال كيم كاردشيان,0,2,0,0,0,0
darija_4_00057,بنكيران ينوه بالحصيلة الإيجابية لغريمه السياسي,2,0,0,0,0,0
darija_4_00058,"كم يؤلمني أن ارى هؤلاء """"""""""""""""الدكاترة على الورق"""""""""""""""" ... لا زين لا مجيب بكري !! فهاؤلاء لا يهمهم إلا راتب الأستاذ الجامعي'",0,0,2,2,0,0
darija_4_00059,@user dounia lehbiba dyali kan7maa9 3lik o kanmouut 3lik rak dima mtfew9a o dima f 9loubna &lt;3,2,0,0,0,0,0
darija_4_00060,رفض السراح المؤقت للمرتضى إعمراشن وتأجيل النطق بالحكم فالقضية ديالو للاربعاء القادم,0,0,0,0,0,0
darija_4_00061,الله يبددل الساعة بما احسن فهاد البلاد ديال الويل. #طحن_مو,0,0,0,3,0,0
darija_4_00062,الزاكي يبدأ جولته الأوروبية ويحاول إقناع سينغالي باللعب للمنتخب,0,0,0,0,0,0
darija_4_00063,wayeh ta ana hadchi li ban li,0,0,0,0,0,0
darija_4_00064,ويستمر التامك في تطهير سجون المملكة. إحالة موظفين بالمندوبية على القضاء بسبب عدم إنجاز محاضر رسمية حول المخدرات المحجوزة بالسجون,0,1,0,0,0,0
darija_4_00065,بالفيديو.. فان دام صدق مسلم وقاليك خاصنا نتبعو سيد النبي فحياتنا,0,1,0,0,0,0
darija_4_00066,هو الباب الوحيد الذي بقي في يد الشعب الذي لايمكن للحكومة أن تتدخل في إغلاقه أو حجزه,0,0,0,0,0,0
darija_4_00067,العدالة والتنمية تُضيء جماعة المشور فاس الجديد,1,0,0,0,0,0
darija_4_00068,ضربة خايبة عند بانون.. غادي يغيب شهر والترويض فالصبح والعشية,0,0,2,0,0,0
darija_4_00069,ماشي شوف تلفزة هاذ القناة الجاهلة الرذيءة أنصح كل للأحرار والحرائر من شطبها والله الغني',0,0,0,3,0,0
darija_4_00070,بعد تحقيق گود.. فريق برلماني كيطالب بالكشف عن حقيقة شراء وزارة الصحة لـ500 جهاز تنفس غير صالح,0,2,0,0,0,0
darija_4_00071,المشاهير والعيد الكبير.. البوزات والشوا والجلالب وصلو لانستكَرام – فيديوهات وتصاور,0,0,0,0,0,0
darija_4_00072,ليسوا أشرارا يا زغلول النجار !,0,0,0,2,0,0
darija_4_00073,machi darori tkhayel m3aya bnek de 5 ans chiyar chi lo3ba jatek nel 3aynina dabezti m3a jara konti kharja men bab we weld l7awma tira fe ballon jak nel 3aynina mohim tzer9atlek l3aynina we sab7a khadama had make up tutorial ye9dar ynef3ek,0,0,0,0,0,0
darija_4_00074,@user hanane khalik ma3a rafayel rah kaybrik bzf ljomhor l3arabi wlmaghribi kaybri tkoni dima bjanbo madirich 3la dok les twiter,1,0,0,0,0,0
darija_4_00075,هل انضم جورج وسوف للمعارضة السورية؟,0,1,0,0,0,0
darija_4_00076,"تفاصيل لقاء أخنوش مع وزير الخارجية ميريكان.. هضرو على الأوضاع العالمية وارتفاع الأسعار والمبادلات التجارية والاستثمار بين البلدين – تصاور,",0,0,0,0,0,0
darija_4_00077,وهادا مقاتل ماشي قائد. اتهام قائد بالعيون بالتسبب بعاهة مستدامة ـ صورة الضحية‎,0,1,1,0,0,0
darija_4_00078,✌✌👍👍👍تحية لسكان الحسيمة,2,0,0,0,0,0
darija_4_00079,رجل أعمال معروف بالرباط تنصب عليه في مبلغ كبير,0,1,0,0,0,0
darija_4_00080,سكوب.. الوزير السابق الداودي لـ”كود”: بنتي مريضة وكتعاجل بين سلا وكازا وكتخرج من الدار بلا خبارنا ولاخور هو (سفيان بحري) اللّي تعدا عليها,0,2,2,0,0,0
darija_4_00081,جوهر عموم الناس في المعاملات',0,0,0,0,0,0
darija_4_00082,بودريقة.. رجعات فيه الروح (فيديو),2,0,0,0,0,0
darija_4_00083,حصيلة كورونا: 51889 خداو الجرعة اللولة من الفاكسان وماتو 4,0,0,2,0,2,0
darija_4_00084,عمليات مكثفة لمراقبة الجودة والأسعار.. ف5 أيام: إتلاف 16 طن من المواد الفاسدة وتسجيل 130 مخالفة,0,1,0,0,0,0
darija_4_00085,hadi li khassha wissam machi dounia batma,0,0,0,2,0,0
darija_4_00086,بعيدا عليك الحكومة بزاف اسي العتماني اومعندكش شخصيتها بحال بنكيران',0,0,0,2,0,0
darija_4_00087,جورنالات بلادي: تهريب أموال من المغرب بفاكتورات تركية والديوانة قرقبو على شبكة دولية كتهرب الأخطبوط,0,1,0,0,0,0
darija_4_00088,@user ana l9it 9 dya louzat ch7al men mrra wkatkoun hadik hiya rabha s7i7a bsse7 daba makal9ach ktar men 1,0,0,0,0,0,0
darija_4_00089,هذشى كاين الاغلبية ديال الشعب  عارف الله  غالب,0,0,2,1,0,0
darija_4_00090,قرب الإعلان عن التقرير النهائي للميثاق الوطني لإصلاح العدالة وفريق البيجيدي يطالب بمناقشة خلاصة الحوار تحت قبة البرلمان,0,0,0,0,0,0
darija_4_00091,استقالة الحكومة الملتحية ضرورة,0,0,0,2,0,0
darija_4_00092,لا خير في قوم لا يحترم علمائه شيخ الإسلام إبن تيمية أشرف منكم وأعلم يا حثالة السياسة الغربية,0,0,0,2,0,0
darija_4_00093,Had liyamat ana mab9itch active f twitter awalan 7it ana f ziyarat ahli + reseau 3ndna 3yan #SAM_B #SaadLamjarred #Lamjarreders #سعد_المجرد,0,0,0,0,0,0
darija_4_00094,مزاد علني فيه رسائل مارسيل بروست فشل.. 16 رسالة مداها فيها حد,0,2,2,0,0,0
darija_4_00095,goli akhti lbnat kamlin khadmo 3la had hachtag pliz,0,0,0,0,0,0
darija_4_00096,بنغلاديشي كيرغب الحكومة باش تقتل ولادو وحفادو!!,0,3,0,0,0,0
darija_4_00097,عشرين عام ديال الحبس فحق الخياطة اللّي قتلات العشيق ديالها,0,0,2,0,0,0
darija_4_00098,اش هد المستوى ديال الويل حشومة وعيب هاشي',0,0,0,2,0,0
darija_4_00099,fach tayji levale o hna 3la a3ssabna otand3iw ya rbi tdiro mzyane,0,0,0,0,1,0
darija_4_00100,اش غايوقع يلا مات البيلوط ديال الطيارة وماكاينش لي يسوقها؟. قرا باش تعرف أش دير,0,0,0,0,0,0
darija_4_00101,القاضي مشقاقة المتهم بتلقي رشوة هبطوه لعكاشة,0,0,0,0,0,0
darija_4_00102,"الدكتور التازي واللي معاه تابعوهم بتهمة “الاتجار فالبشر”.. والقضية عندهم حامضة بزاف,",0,2,0,1,0,0
darija_4_00103,لماذا أحب الدولة؟. خمسة عشرة سببا تجعلني أعشق الدولة وأهيم فيها حبا,2,0,0,0,0,0
darija_4_00104,hhhhhhhhhhhhhhhhh matjawboch hada rah la9itt mne douk dzarin li ness ness lay3fo rah chb3o fih m3yor odb ja andna,0,0,0,0,0,0
darija_4_00105,هاد الرجل الأغنى في العالم.. بفضل «بلاك فرايدي»,0,2,0,0,0,0
darija_4_00106,@user @user khsskum tghaniwlla ughnia dial Ihab bash t7ss blli sa sentiments wessluna,2,0,0,0,0,0
darija_4_00107,hdana hhhhhhhh wa mn chhal hadi chi 5 ans,1,0,0,0,0,0
darija_4_00108,تراجع تدفقات الاستثمارات المباشرة الخارجية بنسبة 23 في المائة خلال النصف الأول من سنة 2016,0,0,0,0,0,0
darija_4_00109,ولد الغزواني موقفو مزال غامض فقضية الصحرا.. وهاشنو دارت موريتانيا والبوليساريو,0,0,0,0,0,0
darija_4_00110,الزمالك مقدرش على صفقة أيوب الكعبي. تراجع بعدما وصل لهاد الثمن,0,0,0,0,0,0
darija_4_00111,حقير وضيع. بقا يقلد افلام البورنو. بيدوفيلي عشريني اغتصب طفلة عندها 12 عام وصور كلشي في البورطابل,0,0,2,3,0,3
darija_4_00112,حنا نفلسو أي جنس بشري. زلزال فالداخلية الايطالية وإعتقال موظفين سامين بعد تورطهم في قضايا رشوة مع مغربي,0,2,0,1,0,0
darija_4_00113,الرميد ينفي إصدار لجنة النزاهة والشفافية بالعدالة والتنمية لأي بلاغ يبرئ عمدة الرباط,0,0,0,0,0,0
darija_4_00114,بعد الشراكة مع جامعة بن كَوريون الاسرائيلية.. جامعة محمد السادس سينات اتفاقية مع الجامعة العبرية فالقدس,0,0,0,0,0,0
darija_4_00115,جد مؤثر..بعد 80 سنة لقاو راسهم عايشين فالزنقة..معاناة ساكنة حي مرشان بطنجة بعد الإفراغ في ليالي البرد القارس',0,0,3,0,0,0
darija_4_00116,جثة أربعيني فأوطيل روبلات بوليس طانطان,0,0,1,0,2,0
darija_4_00117,ديكتاتورية ” المقاطعين” ! آجي لهنا نسولك، واش مامنحقيش مانقاطعش؟ ‎,0,0,0,1,0,0
darija_4_00118,طنجة كتوجد باش تبدا مشروع تحلية الما ديال البحر فمواجهة الخصاص الخطير فالما الصالح للشرب,1,0,0,0,0,0
darija_4_00119,سبحان الله من قلبي مكنحملوش. ماعرفتش علاش !!؟؟؟؟ من نهار دخل للحكومة .,0,0,0,2,0,0
darija_4_00120,حل الدولتين في المغرب! دولة لأصحاب المهن الحرة ودولة للموظفين,0,0,0,1,0,0
darija_4_00121,hadi hiya najma li kharjat men 3endkom wa chokran,0,0,0,0,0,0
darija_4_00122,تطورات جديدة في قضية عصابة القلعية لي تقتل أحد أفرادها برصاص الدرك,0,2,0,0,0,0
darija_4_00123,الأمم المتحدة: 22 مدني منهم أطفال ماتو بسبب القصف الجوي لي دار التحالف السعودي الإماراتي,0,0,3,0,0,0
darija_4_00124,تباركل جتي واعر انت ديما واعر الله ينور طريقك بحال قلبك واخلاقك وجهك',2,0,0,0,0,0
darija_4_00125,سعد لمجرد كشف على التاريخ لي غادي يلوح فيه أغنيتو الجديدة “نجيبك”,1,0,0,0,0,0
darija_4_00126,daba each cest sa cousine ou tante ou ma3reft,0,0,0,0,0,0
darija_4_00127,plz matdwiha 7ta f chi wa7d ila mtaf9in khliwna n3awno wakha hi bretwet,0,0,0,0,0,0
darija_4_00128,إغضب...فأنت لا تسحق أرضك إن بقيت ذليلا و تستلذ دور المظلومين',0,0,0,3,0,0
darija_4_00129,قضية حمزة مون بيبي.. دفاع سكينة “كَلامور” بغاو يعرضوها على طبيب نفساني,0,0,0,0,0,0
darija_4_00130,ماشي غير لبنات. شاب ينشر فيديو تعرضه ل30 حالة تحرش في الشارع العام,0,1,0,0,0,2
darija_4_00131,البغدادي كيجمع الميداليات والمشاهير!. بطل العالم في الملاكمة التايلاندية ينضم لداعش,0,2,0,0,0,0
darija_4_00132,جديد الباركو لي تقلب حدا طرفاية. تعتقو 3 ديال البحارة من الموت والبحث باقي على 7 آخرين مفقودين,0,0,2,0,0,0
darija_4_00133,الإحتقان كيزيد. مجموعة الصم والبكم فالعيون دايرين اعتصام بسطح مبنى محاذي للجهة والوكيل العام فك الجرة(+فيديو وصور),0,0,0,2,0,0
darija_4_00134,بعد الفنيدق. سبتاوة تا هوما غاينوضو يحتجو باش يطالبو بفتح المعابر,0,0,0,2,0,0
darija_4_00135,وزير خارجية موريتانيا: علاقاتنا مع الجزائر مزيانة وحنا خدامين على الطريق بين الزويرات وتندوف,0,0,0,0,0,0
darija_4_00136,الحبس و الخطية لجوج محترفين ف السعاية,0,1,0,0,0,0
darija_4_00137,ga3 li kansoni lih w kanl9ah dayr mzika khalijia kanwli nsift lih ghir appel moi howa isoni lia 😭😭,0,0,0,0,0,0
darija_4_00138,لا بجامل ولا بحب المجاملات',0,0,0,1,0,0
darija_4_00139,الجنرال البرهان هو الرئيس الجديد للسودان,0,0,0,0,0,0
darija_4_00140,فـ عيد ميلادها 32.. الممثلة “پايال كَوش” غاتهدي شعرها للدراري اللي فيهم الكونصير – تغريدة و تصاور,2,0,0,0,0,0
darija_4_00141,اغراس اغراس اخنوش راجل عندو غير نيشان,0,0,0,0,0,0
darija_4_00142,جدارمية برشيد حجزو نص كيلو من الكوكايين والحشيش والقرقوبي فدار بزناز بالدروة,0,0,0,0,0,0
darija_4_00143,أخنوش وبنعبد الله والعنصر معجبهومش بلاغ تهديد المقاطعين الي صدرو المجلس الحكومي,0,0,0,0,0,0
darija_4_00144,@user Oui kola wa7d shkon taish3j mohim hna m3ahom ts les 2 w li ma3jbosh shi candidat bla mai3airou c ts :),0,0,0,0,0,0
darija_4_00145,وما هو دوركم إذن ؟',0,0,0,2,0,0
darija_4_00146,حمد الله مامركاش فقمة إتحاد جدة والنصر ومستواه كان ضعيف,0,0,0,0,0,0
darija_4_00147,نعم، أتفق مع الشيخ النهاري أن أعياد الميلاد ورأس السنة حرام! لكن رجاء اصنع لنا عيدا حلالا. شرط أن تكون فيه بهجة ورقص وغناء. وأن نخرج فيه بعد منتصف الليل,0,0,0,0,0,0
darija_4_00148,اويلي اش هاد العجب ياربي السلامه',0,3,0,0,0,0
darija_4_00149,فيديو صادم لعارضة أزياء تتعرض للعنف من طرف زوجها,0,2,2,0,1,2
darija_4_00150,"جديد قضية تبديد فلوس عمومية اللي كيتحقق فيها مع 8 أشخاص بينهم مسؤولين وأطر أمنية.. كَاع المتهمين هبطو للحبس,",0,0,0,0,0,0
darija_4_00151,بصح كلنا فاسدين شعب و دولة و كلشي نغيروا نفوسنا فالأول,0,0,0,3,0,0
darija_4_00152,@user @user @user habayibna ya fans kanouz zwin bzaf hbaybna ntoma alah ykhalikom lina,2,0,0,0,0,0
darija_4_00153,تقرير گوتييرس على الحالة فالصحرا: دعم اسبانيا للحكم الذاتي كان مستجد مهم فنزاع الصحرا,0,0,0,0,0,0
darija_4_00154,لن ننام مطمئين يا عمر! بدل أن نطالب بالحريات، صرنا كل شهر ننكب على المطالبة ب”تحرير” واحد/ة من أصدقائنا ورفاقنا!,0,0,2,2,0,0
darija_4_00155,@user Baraka m'en lkdoub stp rah 9rb rass l3am,0,0,0,1,0,0
darija_4_00156,"منذ بداية الولاية الحكومية. 8475 منصب شغل مباشر وغير مباشر جديد خرج للوجود.. أخنوش: خاص الحرص على الفعالية فدراسة المشاريع اللي كتدوز فلجنة الاستثمارات,",1,0,0,0,0,0
darija_4_00157,مبارك عواشركم اخوتي المثقفين. تعيدو وتعاودو,2,0,0,0,0,0
darija_4_00158,بعد اليورو البرتغال ربحات اليوروفيزيون,1,0,0,0,0,0
darija_4_00159,بعدما ضعافت.. فاطمة الزهراء بناصر كتبارك رمضان للمغاربة باللوك الجديد -تصاور,2,0,0,0,0,0
darija_4_00160,اقدر جهودكم علي نشر الفيديو شكرا جدااا',2,0,0,0,0,0
darija_4_00161,تفجيرات باريس الارهابية. وثقبة كبيرة فالامن بفرنسا . صلاح عبد السلام داز من 3 حواجز تفتيش ففرنسا وعطى للبوليس عنوانو فلجيكا,0,0,0,0,0,0
darija_4_00162,الله ارحم الاخ محسن فكري,0,0,2,0,0,0
darija_4_00163,قربلة في قطاع التعليم بسبب انتخابات اللجن المتساوية الأعضاء..النقابات مشغولة بالصندوق ولقرايـة والــو !,0,0,0,1,0,0
darija_4_00164,مواطنين شدو عصابة كتسرق الجمال وتبعيها للمجازر فالعيون,0,1,0,0,0,0
darija_4_00165,Oooooooooohhhhhh ou l coupe d'Afriiiiiiiiiiiiiiique Oooooooooohhhhhh ou ch7al sawiiii Oooooooooohhhhhh mebrok 3liiiiiiiik Eeeeeeeeeeehhhhhh ya raajaaawi💚 https://t.co/t4pbAEXSTi https://t.co/2buKMm6JdB,3,0,0,0,0,0
darija_4_00166,"الحقوق المهضومة"""""""""""""""" '",0,0,0,1,0,0
darija_4_00167,"الشفار “ولد العساس” اللي رونها كَريساج ففاس تشد مع صاحبو,",0,0,0,0,2,0
darija_4_00168,إنها عاهرة من العاهرات الكبار',0,0,0,3,0,2
darija_4_00169,"الدكتور التازي مزال غايبقى فعكاشة… طلب تمتيعو بالسراح المؤقت ماتقبلش,",0,0,0,0,0,0
darija_4_00170,الحكومة: عندنا وعي للإشكالية لي ثارتها لجنة المحروقات وها وقتاش غادي ناخدو القرار المناسب,0,0,0,0,0,0
darija_4_00171,شخصيا لا ارى اي منظر خلاب كل ما يظهر قلة التنظيم و عشوائية المكان. اناس همهم هو الربح و الجودة و النظافة في خبر كان. بعض الثلوج فوق التراب في منطقة منكوبة ',0,0,0,1,0,0
darija_4_00172,مسكين انتحر قبل ما يشكل ابن كيران الحكومة كون بقا غير حتى تشكل الحكومة ونديروا انتحار جماعي .,0,0,3,2,0,0
darija_4_00173,الحب ومايدير.. راجل بنا دار كتضور باش مراتو ميجيهاش الملل,2,3,0,0,0,0
darija_4_00174,ach katgoli britiha dir lik hafla heda bab darkom hhh,0,0,0,0,0,0
darija_4_00175,ها التشيع غادي يكثر وبموافقة حكومة بنكيران. بعثات طلابية من المغرب للدراسة في إيران قريبا,0,2,0,1,0,0
darija_4_00176,la fiha jebda aslan f bir kassem hadiha lahh,0,0,0,0,0,0
darija_4_00177,ta ana ma cheftouch ki dayer wessfih lina 3afak 😎,0,0,0,0,0,0
darija_4_00178,أغلبية المكتب السياسي ديال البام ماحضراتش لاجتماع دعا ليه الامين العام وواخا هكاك بنشماش داير الاجتماع,0,1,0,0,0,0
darija_4_00179,مسافرين فرحلة جوية بين كازا وانواكشوط عاشوا لحظات صعيبة والطيارة هبطات اضطراريا بالداخلة,0,0,0,0,2,0
darija_4_00180,موظف سابق فـ الكَروب اللي كان مراقب بريتني سبيرز كشف تفاصيل التجسس عليها,0,1,0,0,0,0
darija_4_00181,رآه كيستاهلو بن كيران سهمهم من سهمو أما منيب بزاف عليهم,0,0,0,2,0,0
darija_4_00182,زلزال يضرب الحركة الشعبية بإفران. أزيد من 100 عضو يقدمون استقالاتهم وها علاش,0,2,0,0,0,0
darija_4_00183,9li lya 9alti chi bnat rayemchiw 3and btissam chno daro,0,0,0,0,0,0
darija_4_00184,كلب عيط لحمارة وانتهت المكالمة',0,0,0,1,0,0
darija_4_00185,إيناس الدغيدي تفجر مفاجأة وتكشف قصة أحمد عز والفنانة دينة (فيديو),0,2,0,0,0,0
darija_4_00186,الأمير مولاي رشيد فرابا اكدال بسباب المناخ,0,0,0,0,0,0
darija_4_00187,استدعاءات امنية جديدة لنشطاء الحراك الاجتماعي بالحسيمة,0,0,0,0,0,0
darija_4_00188,يفرحون بما ليس لهم و ما لا ينتمي لهم ',1,0,0,0,0,0
darija_4_00189,inshalah ya amira ikono mitl said o adil o bmd o hind o ranya jdidi,2,0,0,0,0,0
darija_4_00190,ها 23 لاعب الذين يتنافسون على جائزة أفضل لاعب في العالم,0,0,0,0,0,0
darija_4_00191,عاجل. زعيمة اليمين المتطرف ماري لوبين تجبد المغرب فحربها مع هولاند ومعركتها ضد الاتحاد الاوربي,0,2,0,0,0,0
darija_4_00192,البكاء ليس سمت الرجال ..البكاء سلطة الضعفاء لكسب التعاطف ..انا لست ضد بنكيران وانما الرجل الصالح هو الذي يفعل ما يقول ولا يبكي الا عند النصر,0,0,0,1,0,0
darija_4_00193,هل ينجح بنشماش في إقناع الديوان الملكي باصطحاب رؤساء الفرق,0,0,0,0,0,0
darija_4_00194,صحيفة. اصحاب المليارات خايفين من نهاية العالم وها اش دارو,0,0,0,0,2,0
darija_4_00195,بعد فضيحة عدم أداءه الضرائب. عقد البلجيكي إيريك غريتس غير قانوني,0,1,0,0,0,0
darija_4_00196,chofi homa fach ghadi i7a9o hadak achi li bghaw maghadich tb9ay tchofihim fi ta9 ta3 ihab,0,0,0,0,0,0
darija_4_00197,كم هو ممتع أن نؤمن بسعيد بنجبلي! أتذكر أنه كان يمشي في الأسواق، لكني لم أتوقع حينها أني سأكون أول مصدق له، وأول حوارييه، وأول ناشر لرسالته ولاكتشافه,2,0,0,0,0,0
darija_4_00198,أكبر المنافقين الذين يشهد عنهم تاريخ البشرية هو بنعبدالله  صاحب مصلحة بامتياز كبير ولايمكن أن بنكيران ليس على علم,0,0,0,2,0,0
darija_4_00199,التهريب الدولي للمخدرات.. البوليس و بتنسيق مع الديستي والجدارمية حجزو أكثر من طن ديال الحشيش نواحي الراشيدية,0,1,0,0,0,0
darija_4_00200,hhhh rah ntoma li ghaba2kom yodarass hna daba kantkalmo fi malikat ljamal ach dakhal hadchi fljamal mako 3a9l o0000,0,0,0,2,0,0
darija_4_00201,en plus hna ma3ndna ta haja dad chi hd kolhum mgharba btissam chj3naha o ba9in m3aha o lokhrin lah y3awnhum twfi9,1,0,0,0,0,0
darija_4_00202,"نايضة ف “الگونگريسو” على طرد ناشطين صبليونيين كانو باغين يتلاقاو مع الانفصالية سلطانة خيا,",0,0,0,0,0,0
darija_4_00203,حتى بلجيكا خصم المغرب فالمونديال علنت على لائحة كأس العالم,0,0,0,0,0,0
darija_4_00204,10 سنين نافذة لفرملي اغتاصب مريضة وسط صبيطار فـ ميريكان – فيديو,0,0,2,2,0,3
darija_4_00205,مواجهات عنيفة فعين اللُّوح صيفطات 17 عنصر من القوات العمومية للمستشفى الإقليمي بإفران,0,0,0,2,2,0
darija_4_00206,sif o lbhar wili wili 😆,2,0,0,0,0,0
darija_4_00207,للمرة الثانية ف سيمانة.. خارجية روسيا استقبلات السفير المصري ف موسكو و هضرو على قضايا المنطقة و منها ملف الصحرا,0,0,0,0,0,0
darija_4_00208,حسن ناظر قولب طوشاك والناصري شاعل,0,0,0,1,0,0
darija_4_00209,رئيس النيابة العامة فمنزل الطالب اللّي قتلوه رميا الرصاص فمراكش +صورة حصرية,0,0,2,0,0,0
darija_4_00210,ghir ntssadro rej3o emails lisaybna nssawto bihom i f face bdina hamla kanhelo les emails,0,0,0,0,0,0
darija_4_00211,mal bnadm cha3l tayh ktr mn nayd wach katjch3o bnt bladkom chj3oha obskat madkhloch fhyatha chkhsya bnadm hbel wllh lah y3fo,0,0,0,2,0,0
darija_4_00212,شريط رائع ابدعي غاليتي .. فتطوان تحتاج شبابها ♥﻿ ',2,0,0,0,0,0
darija_4_00213,hhh ana dert liha blok mab9itch kan9raa ac kaktbb mais bayna jatha lala homa m3rofin katjihom lhala,0,0,0,1,0,0
darija_4_00214,الحمرا دارتها فمصر. الوداد قربات من الشامبيانز ليگ بعد ما رجعات بتعادل وواحد لواحد,2,0,0,0,0,0
darija_4_00215,no one ma grand mère rah dak lkhedama dak lmoujrima ma bghatch tb9a tji w zayda talba 1l dzit w 9altek khassek telbi meni sma7a,0,0,0,2,0,0
darija_4_00216,تحية لي مدينة طنجة حي بني مكادة حي العرفان حي صدا حي العرفان من مدينة دخلة ',2,0,0,0,0,0
darija_4_00217,كتبقى أوروبا هي حاضنة و مفرخة الإرهاب الأولى : وجدات ليه البيئة فين ينمو بأموال الخليج ويتحمى بحقوق الإنسان,0,0,0,1,0,0
darija_4_00218,آخر واحد من قبيلة معزولة ف الأمازون مات بسباب كورونا,0,0,2,0,0,0
darija_4_00219,goul wellah witek 3la lkhwinz b9a fik l7al ma dwawch 3la 3niza,0,0,0,0,0,0
darija_4_00220,الوداد كيوجدو 3 اللعابا للبطولة والعصبة,0,0,0,0,0,0
darija_4_00221,مرشح استقلالي اكتسح الانتخابات من داخل الحبس,0,2,0,0,0,0
darija_4_00222,أين الحكومة أين المؤسسات الاجتماعية أين الجمعيات التي أصبحت تسترزق على أبناء الشعب بدون تقديم أي شيء',0,0,0,2,0,0
darija_4_00223,ارموا الأفكار الخامجة عن الجنس والحب والخلوة فيرفع عنكم الحرج ..ثم إنكحوا كما يفعل قرود البونوبو ..,0,0,0,1,0,2
darija_4_00224,المطرب المصري تامر حسني مستعد لإقامة 100 حفل زواج للمغربية بسمة بوسيل. أكد أنه تزوجها منذ 3 أشهر (فيديو),0,0,0,0,0,0
darija_4_00225,نتمنى له كل النجاح والتوفيق.....للانه مدرب كبير....وان الزاكي كان يضلم ويتدخل في اختيارته....هدا مايعكر صفو كل المدربين الكبار في اللعبة',1,0,0,0,0,0
darija_4_00226,حصري. بالفيديو: عسكريين فالبوليساريو لحماية الموالين ليها لي غادي يسدو الكَركرات,0,0,0,0,0,0
darija_4_00227,@user bisou twahachtak bzaf goulina chi khbar zwin,2,0,0,0,0,0
darija_4_00228,"وزيري الدفاع والخارجية المريكانيين وصلو لأوكرانيا,",0,0,0,0,0,0
darija_4_00229,اتهامات خطيرة بالشفرة ضد يوسف أوزيلال بتصاور من كاميرات المراقبة,0,0,0,0,0,0
darija_4_00230,@user hhhhh hadi bayna chi mo3wa9a bent lme3za olm3owa9a messakin weslat fihom le3dem sir alah i3tik chi techtita had nhar,0,0,0,3,0,0
darija_4_00231,@user @user ........https://t.co/sJOnDagYqZ nakhjal ?? aha hada rah lmaghrib ya 3anza !! blad li mat7elmoch tweslo liha wa chokran,0,0,0,2,0,0
darija_4_00232,"@user iwa chofih chno zad 9al daba a bent l7ayawan !! 9al anaho kan kaytfala, w min ma ye3ref Ibtissam ! chokran ^^",0,0,0,3,0,0
darija_4_00233,الله ياخد فيهوم الحق شفارا ديما كنشوفهوم كي تايتعاملو مع المحتجيين حدا البرلمان,0,0,0,3,0,0
darija_4_00234,"ها أول تعليق رسمي من خارجية الصبليون على اكتشاف احتياطات نفطية كبيرة فسواحل أگادير,",0,0,0,0,0,0
darija_4_00235,المغربي بنعطية في التشكيل المثالي في البوندسليغا,0,0,0,0,0,0
darija_4_00236,ها بشحال ديال لحبس ضربو أحد القاصرين الفارين من سجن سلا,0,1,0,0,0,0
darija_4_00237,وفاة سجين نيجيري بسجن عكاشة,0,1,2,0,0,0
darija_4_00238,مدلولات واخا الراجل يكون تيقطر بالزين خص البنت تدير الهمة والشان لراسها ومتتحرش بيهم.,0,0,0,1,0,1
darija_4_00239,إلى غير رجعة انت وحزبك المنافق يا سبب مشاكل هذا البلد',0,0,0,2,0,0
darija_4_00240,أختي نجوى الغالية ربي يحفظها راك غزالة مشاء الله',2,0,0,0,0,0
darija_4_00241,ahah mais khskum thello 3inikuom w ntuma mtab3in l3anz rah baghin ynawdo lfitna,0,0,0,2,0,0
darija_4_00242,كشفو أسرار عادات الملك.. تشارلز ما كيتحركش بلا هاد المونيكة,0,2,0,0,0,0
darija_4_00243,ana nti ma3andich ach ndiirr,0,0,0,0,0,0
darija_4_00244,wa 3aderihom mssakn rah dima khassrin ou homa dima machminha hhhh rah ma3mrhom irbho ila madaroch bhal haka,1,0,0,0,0,0
darija_4_00245,البرشا متعة وميسى ظاهرة لكن تتكرر',2,0,0,0,0,0
darija_4_00246,صاحب ترامب الملياردير المريكاني جيفري إبشتاين انتاحر فالحبس.. كان غيدوز 40 عام بتهمة الاتجار والاسغلال الجنسي ديال القاصيرات,0,0,2,0,0,0
darija_4_00247,الله آرحمه كلنا محسن فكري من مدينة وادي زم الله يأخذ الحق في الظالمين,0,0,3,2,0,0
darija_4_00248,ntoma dokhlo ghir so9 raskom bina wbinhom hna 3andna kolchi bdala2il,0,0,0,2,0,0
darija_4_00249,"مليلية.. رئيس حزب “بوكس” الإسباني اللي كيعادي بلادنا: تأجيل زيارة وزير الخارجية للرباط كييبن بللي المغرب هو المتحكم فكلشي وكيطالب حكومة مدريد تبقى سادة الحدود بين البلدين,",0,0,0,0,0,0
darija_4_00250,"فرقة الصقور فالداخلة فككات ريزو ديال الحريكَ,",0,1,0,0,0,0
darija_4_00251,ها تفاصيل عملية القوات المسلحة لحجز 3200 كيلو دالحشيش حدا الجدار,0,1,0,0,0,0
darija_4_00252,المغرب حطم الروكور فالموت بكورونا اليوم. 43 مغربي ومغربية ماتو و1191 تصابو و1327 تشافاو.. الطوطال 1184 وفاة و63781 مصاب و48922 حالة شفاء. و13675 كيتعالجو منهم 198 فحالة خطيرة,0,0,3,0,3,0
darija_4_00253,La hawla wala qowata ila bellah ☹️ https://t.co/xVmMgx2o0w,0,0,3,0,0,0
darija_4_00254,الحمد الله على كل حال وحنا بخير الى كنتي نتي بخير',2,0,0,0,0,0
darija_4_00255,عمل يليق بالحمامة البيضاء 💕💞💗﻿ ',2,0,0,0,0,0
darija_4_00256,عفاف ❤️❤️عمل موفق حبيبتي﻿ ',2,0,0,0,0,0
darija_4_00257,شاعرة مغربية تدعو مواطناتها الى “التمرد جنسيا” على الرجال بممارسة العادة السرية: كونو فاعلات ماشي مفعول فيه,0,2,0,0,0,0
darija_4_00258,الإعلام حزب الفساد البام,0,0,0,2,0,0
darija_4_00259,@user malkoum 3lcritique hhh yak 7ta wa7d ma3mro tchd f chi 9adya dyal chfra f7al les autres,0,0,0,1,0,0
darija_4_00260,awel haja galina tbib de khedma hya ke les fumeurs i9edo ichedu lvirus kter ikon kdeb 3lina 🤔🤔 o 3awtani rah kan galiya tes depressive o khassk tchufi psy 9bal ma diri fe rassk chi haja 🤷‍♀️🤷‍♀️🤷‍♀️,0,2,0,0,2,0
darija_4_00261,قناة السويس اللي تسدات.. محاولات جديدة باش يفكو بلوكاج باطو “إيفر كَيفن EVER GIVEN” اللي تسبب ف خسائر كبيرة للتجارة العالمية,0,0,0,0,0,0
darija_4_00262,الحبس لـ3 ديال المغاربة متهمين باغتصاب مختلة عقليا فاسبانيا والبراءة لجوج,0,0,2,2,0,3
darija_4_00263,داعش تتغلغل. تلاميذ يكتبون عبارات تمجد لتنظيم “داعش” بفاس قبل أن يعمدوا إلى طمسها,0,0,0,0,2,0
darija_4_00264,ach kayn albnat mafhamt walo,0,1,0,0,0,0
darija_4_00265,نواب البيجيدي بالشرق يطالبون بلجنة تقصي الحقائق حول إحداث جرادة ويساءلون لفتيت,0,0,0,0,0,0
darija_4_00266,حادث مفجع فكازا. أم لاحت ثلاثة ديال ولادها من الشرجم ديال دارها.. حالتهم الصحية خايبة بزاف,0,2,3,0,0,0
darija_4_00267,كنا متعاطفون معكم أما الأن سوف أكون أكبر معارض لكم بعتو الزعيم ابن كيران',0,0,0,2,0,0
darija_4_00268,أرى فقط اصحاب العقول الراقية هي التي تقف وراء هذا الرجل .الله اغلبك عليهم السي بنكيران,1,0,0,0,0,0
darija_4_00269,وزير داخلية اسبانيا : التنسيق الأمني مع المغرب رد قوي على الإرهاب والرباط شريك استراتيجي,0,0,0,0,0,0
darija_4_00270,"بلغاريين وإيرانيين تشدو البارح فمطار محمد الخامس.. عندهم علاقة بريزو ديال الحريكَ والاتجار فالبشر وها التفاصيل,",0,2,0,0,0,0
darija_4_00271,رونالدو على أبواب مغادرة الملكي.. وهذا شرطه للبقاء,0,0,0,0,0,0
darija_4_00272,المغرب ربح تونس فبطولة شمال إفريقيا لأقل من 17 عام المؤهلة لكوب دافريك,2,0,0,0,0,0
darija_4_00273,7ta ntl3 l tanger w njibalk,0,0,0,0,0,0
darija_4_00274,طبيب مغربي من الناجين من مجزرة باريس: جواز سفري انقدني من الموت,0,2,1,0,0,0
darija_4_00275,هدا شئ فاش حدكين يالعرب شوفو الفلسطنين قبل خيول',0,0,0,1,0,0
darija_4_00276,كَاد المالح: ماعنديش الجنسية الفرنسية.. وجراو عليا 8 ديال المدارس فالمغرب!,0,0,0,0,0,0
darija_4_00277,نتما مكتفهمو والو في سياسة أكتهضرو وباز,0,0,0,2,0,0
darija_4_00278,حصري. أخنوش خرج فبنكيران عبر “كود”: همنا ديما ندعمو الفقرا ورئيس الحكومة اللي كيتسنى فتشكيل التحالف وما ضغط عليه حد وراه عارف باللي لمغاربة ما عطاوهش اغلبية مطلقة وخاصو يحتارم ادارة اللي صوتو,0,0,0,1,0,0
darija_4_00279,awili wach kathadri bssa7,0,3,0,0,0,0
darija_4_00280,@user swl swl w jawbna demain rak nta hwa le docteur hhh,1,0,0,0,0,0
darija_4_00281,اوباما سلات ساعتو باقي 3 ايام على الرئيس الجديد,0,0,0,0,0,0
darija_4_00282,مغربي يلقى مصرعه في حرب طاحنة بين الجيش السوري وتنظيم داعش,0,0,3,0,0,0
darija_4_00283,الحكومة نزعات ملكية عمارة بثلاثة طوابق باش دير فيها مقر الشركة الوطنية للإذاعة والتلفزة حدا دار البريهي,0,1,0,0,0,0
darija_4_00284,محمد السادس يتصل هاتفيا بولي العهد السعودي,0,0,0,0,0,0
darija_4_00285,"أرقام كتخلع جابتها مندوبية التخطيط فالعنف الزوجي والأسري.. 52,1 فالمية دالعيالات المزوجات كياكلو العصا.. و56,1 فالمية من العكَوزة والنساب ",0,2,0,0,1,0
darija_4_00286,محاكمة مغربي اخترق النظام المعلوماتي لشركة تجارية خليجية ونصب على الزبناء ديالها في عشرات الملايين,0,1,0,0,0,0
darija_4_00287,بروكَرام مشارجي عند الحكومة هاد السيمانة.. فيه عرض على الخطة الوطنية للديمقراطية وحقوق الإنسان وقوانين الإنتخابات,0,0,0,0,0,0
darija_4_00288,@user Ana hadou aysektouli lqelb manqderch nzid lakhrine hta houma 😢😢,0,0,2,0,0,0
darija_4_00289,و لا تزال الادارة تتماطل في إخراج لوائح التعيينات ،',0,0,0,2,0,0
darija_4_00290,كوثر فال اللي اتهمات بوعشرين باغتصابها واتهمتها السلطات البلجيكية بالتجسس وتبييض الأموال دخلات عالم الاستثمار فالداخلة فهاد المجال,0,2,0,0,0,0
darija_4_00291,الغش في امتحانات البوليس يسقط أستاذا جامعيا في الجديدة,0,1,0,0,0,0
darija_4_00292,الماص تستقبل غداً الفريق الأخضر والحكم اليعقوبي يقود المباراة,0,0,0,0,0,0
darija_4_00293,رئيس ليبيريا: بلادي كتدعم مشروع انبوب الغاز النيجيري المغربي,0,0,0,0,0,0
darija_4_00294,hadchi kayn ghi fel mghrib plutôt ghi fel wydad,0,0,0,0,0,0
darija_4_00295,مبروك على الناس لي ربحوا و سعدات ناس كازا دوزوا معاك وقت زوين',2,0,0,0,0,0
darija_4_00296,@user @user @user ghir b9ay tbani mara mara rah 3andha jawla inchaalah t9dar tjii,0,0,0,0,0,0
darija_4_00297,saraha kay3jboni l aghani romance 3lik kter,1,0,0,0,0,0
darija_4_00298,العرايشي يمر لسرعة قصوى في قضية الصحافي راضي الليلي: حراس مبنى الشركة الوطنية للاذاعة والتلفزة يمنعونه من الدخول,0,1,0,0,0,0
darija_4_00299,أرشيف. وزير دفاع الدزاير السابق خالد نزار: بوضياف كان مع مغربية الصحراء- فيديو,0,0,0,0,0,0
darija_4_00300,ولا ولد الشعب النفاق عقنا بالقالب',0,0,0,2,0,0
darija_4_00301,جميل اختي عفاف  حبيت ♡♡﻿  ',2,0,0,0,0,0
darija_4_00302,عودة الأساليب القديمة: معطل طالب بالشغل فوضعوه بمستشفى الأمراض العقلية,0,0,1,2,0,0
darija_4_00303,"إحالة محامي على النيابة العامة ففاس بسباب تورطو فانتزاع عقار من مولاه,",0,1,0,0,0,0
darija_4_00304,raw3a ana mn lbarh o ana kantfarj fi lvedio wwawww yarit ighanihom fi lpraim,3,0,0,0,0,0
darija_4_00305,بعد 48 ساعة على إختفاءها. مصدر أمني يؤكد أن الفتاة التي قيل أنها إختطفت لا توجد شكاية حول إختطافها والامر يتعلق بفتاة وصديقها تجهل هويتهم لحد الساعة.,0,1,0,0,0,0
darija_4_00306,العلماء يحددون العمر الذي نتواصل فيه أكثر مع أصدقائنا,0,0,0,0,0,0
darija_4_00307,3lach alaghini dyalk matadirihomch vidyou clib,0,0,0,0,0,0
darija_4_00308,يوسف الكناوي: والله ما نزيد مع الرجاء,0,0,0,1,0,0
darija_4_00309,فيديو رائع تبارك الله عليك﻿ ',2,0,0,0,0,0
darija_4_00310,شكون يوقف هاد لفضايح. واش هاد جراح التجميل جسوس كيتحدى القضاء وفين وزارة الصحة. كيفاش بعد ما ماتت وحدة عندو هادي شهر.. عاد خرج كيهدر وعلاش ما خلاهاش فعيادتو وداها لاخرى,0,0,0,3,0,0
darija_4_00311,قناص تارجيست ينفي نيته نشر الأشرطة المتبقية لديه حول رشوة الأمنيين ويشكر الملك بعد العفو عن أخيه,0,0,0,0,0,0
darija_4_00312,لن ترضى عنا اليهود ولا النصارى حتى نتبع ملتهم يا غبي',0,0,0,2,0,0
darija_4_00313,ها المفاجآت لي موجداها المطربة المغربية جنات لضيوفها فعرسها,1,0,0,0,0,0
darija_4_00314,Rani wakha rqiq kanakul bzaf 😢😢 matbqawsh t7egruni,0,0,1,0,0,0
darija_4_00315,بنشعبون: غرضنا من قانون المالية التعديلي ندعمو المقاولات بجميع أنواعها بعد كورونا,0,0,0,0,0,0
darija_4_00316,galt bali rah7na sa7ara 7naya mashi kanjiw kanhadro fshi7ad b7al haka rah hiya lijabdatna 3ayrat lina bladna,0,0,0,1,0,0
darija_4_00317,tfo kon ghir knt lpharamacie 7ala dak nhar,0,0,0,2,0,0
darija_4_00318,الإطاحة بعصابة إجرامية اللّي فرعات التجار بالسرقات,0,1,0,0,0,0
darija_4_00319,اجمل وارجل واشيك شعب فى العالم شعب الشجعان بنت ارجل من العالم العربى كله',2,0,0,0,0,0
darija_4_00320,شايب نصب على قوم فكازا. أوهمه بالعمل فكندا وها شحا لدا من كل واحد,0,1,0,0,0,0
darija_4_00321,استغل ضعفهم الفكري و اشتراااهم بالامواال,0,0,0,0,0,0
darija_4_00322,ولاه تا الناس ديال الحسيمة رجولة 👏👏👍👍,2,0,0,0,0,0
darija_4_00323,لأنـنا نــعيش فوق ترابها ... سنـــــحترم قائدها',1,0,0,0,0,0
darija_4_00324,ف زمن الكورونا..المغاربة توحشو القهوة,0,0,1,0,0,0
darija_4_00325,سوس مركز المغرب.. صراع انتخابي كبير بين الأحرار والبي جي دي,0,0,0,1,0,0
darija_4_00326,الگازوال المزور وصل للبرلمان,0,0,0,0,0,0
darija_4_00327,راه خاصهم زيادة ولبقعة الارضية  .راه هما لي كايخدمو الدولة,0,0,0,1,0,0
darija_4_00328,معقلش عليهم جواد. 12 قاصر رونو طوبيس فكازا وها آش دار ليهم الشيفور,0,1,0,0,0,0
darija_4_00329,والاقتطاعات من اجور الموظفين البسطاء و منحة البرلمانيين لانتهاء العهدة,0,0,0,2,0,0
darija_4_00330,الفضائح بالجملة وبالعملة الصعبة في كل المجالات!!! ',0,0,0,2,0,0
darija_4_00331,آش هاد الجهل لي غارقين فيه ؟ واش هاد الخريف لي كاتعاودو فيه ؟ القايدة من حقها تمنع واحد مصدع عباد الله بالقرآن كيما من حقها تمنعو لاطلق ليهم الليدزيبلين! راه دولة هادي ماشي زريبة لي رشقات ليه شي حاجة يديرها !,0,0,0,3,0,0
darija_4_00332,Kan Ja Galbek kima galbi- Cheb Hasni https://t.co/DeLQPmN7E7,1,0,0,0,0,0
darija_4_00333,أوامر باعتقال 3 أمنيين بفاس عرضوا شابا للتعذيب في المنطقة الأمنية الرابعة,0,0,2,0,0,0
darija_4_00334,avec la canicule rah lwahed tay doub,0,0,0,0,0,0
darija_4_00335,ليس غريبا عن الاخوان في الاردن وابطالها',1,0,0,0,0,0
darija_4_00336,كلنا سعد   لانه يصنع دواء القلب .  لايعلم الحقيقة الا الله   عاش الملك محمد السادس نصره الله,1,0,0,0,0,0
darija_4_00337,وا بوريطة وا فرقتو تعلمو من اسرائيل. وزير الدفاع ديالهم واصل الليلة ومعاه صحافة بلادو وهاداك ناصر وصحاباتو ما على بالهمش: ها الاتفاقيات اللي غاديين يتوقعو,0,0,0,1,0,0
darija_4_00338,الظلام بالنهار فكازا..تلاميذ دخلو لاقسامهم فالعتمة و ساعة الحكومة الإضافية طلعات للمغاربة فالراس,0,0,0,2,0,0
darija_4_00339,rani m3ak f klamek li katbo ghalt w surment ykon sghir f 3a9lo wela habin fitna,0,0,0,1,0,0
darija_4_00340,الحل الحقيقي الوحيد فالقضية ديال الإرث هو تغيير هاد القانون المتخلف لي كيحسب المرأة نص بنادم,0,0,0,2,0,0
darija_4_00341,عصبة ابطال أوروبا.. حكيم زياش ثالث للعاب مغربي كيربح اللقب,2,0,0,0,0,0
darija_4_00342,الوداد علن رسميا على إصابة 5 لعابا آخرين بكورونا,0,0,2,0,0,0
darija_4_00343,الجواهري يعلن الحرب على الشيكات المسروقة والتي بدون رصيد أو الحسابات التي جمدها القضاء,0,0,0,1,0,0
darija_4_00344,la façon bach kayflowi fih dik lfr7a dial lah wa akhiran l9it la rime 😭😭,2,0,0,0,0,0
darija_4_00345,الله يكرمك ويرضي عنك',2,0,0,0,0,0
darija_4_00346,هههههه واش كاين شي دولة اسمها مصر ? هناك دولة العرص واتباعه من الحمير ككاتب هذا المقال ديال النم,0,0,0,2,0,0
darija_4_00347,باش هاد الحكومة فاشلة وغادية تجهل لمغاربة بتصرفاتها. علاش ما دارش احتجاجات كبيرة ضد هاد الحجر الصحي كل نهار بهاد الطريقة,0,0,0,2,0,0
darija_4_00348,جواز السفر المغربي ثامن أقوى جواز في العالم العربي عبر سماحه للمغاربة بالسفر إلى 55 دولة بدون تأشيرة,0,0,0,0,0,0
darija_4_00349,نحن شباب مغاربة في الغربة متعاطفين مع حزب العدالة و التنمية كلنا أمام التلفاز ننتضر بشوق هدا اللقاء التلفزيوني وفقك الله دولة الرئيس',0,0,0,0,0,0
darija_4_00350,"المغرب فقمة مع الناتو لتسليح الجيش الأوكراني..الناطق الرسمي باسم الحكومة لـ”كود”: حل الصراع خصو يكون بالطرق السلمية والدبلوماسية وموقف المملكة مع الوحدة الترابية للدول,",0,0,0,0,0,0
darija_4_00351,فرنسا دفنات كوليبالي بالتخبية وها فين دفناتو,0,2,0,0,0,0
darija_4_00352,البوليساريو شدات 4 طن ديال الحشيش وإعتقال أربعة جوج منهم مجروحين,0,0,0,0,0,0
darija_4_00353,الصبليون شدات عشرين حراك جنوب كَران كناريا,0,1,0,0,0,0
darija_4_00354,@user ana maghadich nsawlakk ms ghadi n9olikk kanhma99 3likk ntmana lik kol tawfi99 yarabb💋 💋,2,0,0,0,0,0
darija_4_00355,ouii kont merra f concert dyalo w ghenaha💃 wow raw3a 😍,2,0,0,0,0,0
darija_4_00356,أطر في حزب الاستقلال تستعين بعون قضائي لمقاضاة اللجنة التنفيذية بعد توقيفهم وتجميد عضويتهم,0,1,0,0,0,0
darija_4_00357,ماذا كان سيخسر بنكيران لو ساند المقاطعة! كان سيصبح بطلا فعلا في نظر المقاطعين. وكانت فرصة ليسترجع وهجه السابق. وكان يمكنه أن يستغلها فرصة للضغط. لكنه لم يفعل,0,0,0,1,0,0
darija_4_00358,حجاب الطفلات أو هذيان الجنسانية السلفية,0,0,2,0,0,0
darija_4_00359,mabrouk 3 l clip samo helo ktir,2,0,0,0,0,0
darija_4_00360,فلوس الخليج كاتنشف البطولة من نجومها.. بعد مالونكَو كاين لعابة آخرين قريب يخويو الشامپيونا,0,1,0,0,0,0
darija_4_00361,العلمانية في خطر. النقاش الدائر في فرنسا خاطئ لانه يشعرنا ان الاسلام وحده ينتج المتطرفين,0,0,0,1,1,0
darija_4_00362,hhhhhhhhhhhh zwina ahdi limchat lforossiya mchat tssayed hhhh ta fikrat clip ra makayna fikra,1,0,0,0,0,0
darija_4_00363,بونو تألق مع إشبيلية ضد سوسيداد وخا خسرات والنصيري لعب وقدم مستوى مزيان,2,0,0,0,0,0
darija_4_00364,@user @user hhhhhh ih maybqach fina l7al fach kaychej3o 3enza rah ghir mkl5iine,0,0,0,2,0,0
darija_4_00365,وش كتغد بي 150ريال وكتفطر بي80ريال وتعش200ريال وحمد الله وشكر سير شي دولة خر وشوف معيش,0,0,0,1,0,0
darija_4_00366,koul fans fih fiaa dyaal nass ki3ayrouu o kissebouu hadi mafihach chek lkn khet fenana,0,0,0,1,0,0
darija_4_00367,من ينتقد بن كران هم خصوم معارضة لى خاصها هي سلطة لا تهتم لوضعية مواطن,0,0,0,1,0,0
darija_4_00368,ها علاش اخطأ المجلس الوطني لحقوق الانسان: كان عليه ان يكون جريئا بنفس جرأة المساواة في الارث في الانتهاكات المتكررة لحقوق الانسان وتراجع الحريات في المغرب,0,0,0,1,0,0
darija_4_00369,@user rabi ikhlik odir bkol farah lik okol jami3 moslim amin,2,0,0,0,0,0
darija_4_00370,الملك ينعي عبد الهادي التازي، وها آش قال عليه,0,0,2,0,0,0
darija_4_00371,@user @user nti b7ali konti tatfargi ana min ktart ma fr7ana bih swart loghnya kamla,2,0,0,0,0,0
darija_4_00372,واش الياس العماري باغي ينتاقم من صعود اخنوش باستغلال المقاطعة,0,1,0,2,0,0
darija_4_00373,الوداد مهدد بفقدان قطبي دفاعه الموسم المقبل,0,0,0,0,0,0
darija_4_00374,جوج تقاسو بكورونا فبوجدور فيهم عون سلطة ومستخدم فشركة للطاقة الريحية,0,0,2,0,0,0
darija_4_00375,dkxi a akhi diro ma li bhalk rjal mam3ahomx t9hbin,0,0,0,0,0,0
darija_4_00376,20 عام ديال الحبس لمغربي كان سباب وفاة 49 مهاجر غرقا,0,1,0,0,0,0
darija_4_00377,اخنوش على اعتراف اميركا بمغربية الصحراء: هدا انجاز تاريخي ونثمن مبادرات المملكة,2,0,0,0,0,0
darija_4_00378,oghniya wa3ra bzaaaaaaaaaaaaaaaaaaaaaaaaaaaafff y3tik saha mn najah ila najah ya 3arosat lmaghrib,3,0,0,0,0,0
darija_4_00379,ماعرفوه واش حراكَ ولا مقتول. البحر ديال المضيق لاح جثة شاب,0,0,3,0,0,0
darija_4_00380,“ما بغيتش نتحمل الخطيئة”.. مغني روسي مشهور انتحر باش ما يشاركش في الحرب ضد أوكرانيا ,0,0,2,0,0,0
darija_4_00381,wa hantouma gha la manghitouch 😂,1,0,0,0,0,0
darija_4_00382,القيمة ديال الدرهم ارتفعات مقابل الدولار وانخفضات مقابل الأورو فهاد الفترة,0,0,0,0,0,0
darija_4_00383,winti hebibebte lhob dial albn a grand bizouu,2,0,0,0,0,0
darija_4_00384,تحاليل كورونا قليلة بحال العادة كل اثنين.. دارو 7828 تيست خرج منهم 473 واحد مصاب بالڤيروس,0,0,2,0,2,0
darija_4_00385,حسبي الله عليهم عساها قامت القيامه ولا هل قهر هذا',0,0,1,2,0,0
darija_4_00386,@user Ketro had lbi kan7tarm ray2 chakhssi walakin i hate bi ppl,0,0,0,3,0,0
darija_4_00387,محكوم بسنتين سجنا نافذا.. علاش محكمة النقض مزال محسمات فـ ملف رئيس الجهة الشرقية وخا داز على هاد الحكم اكثر من عامين.. واش حتى تدوز الانتخابات؟,0,0,0,2,0,0
darija_4_00388,سنصوت للدكتورة نبيلة منيب هي املنا الوحيد,0,0,0,0,0,0
darija_4_00389,هاذي هي الضيفة اللي عرضات عليها للا سلمى في القصر الملكي بمراكش,0,0,0,0,0,0
darija_4_00390,واش إشارة فتغيير كينيا لمواقفها من قضية الصحرا.. ابنة الرئيس الكيني جات للمغرب,1,0,0,0,0,0
darija_4_00391,فهم تحماق فالعيون. محسوب على التيار الانفصالي يشارك فالانتخابات: ابن عم اميناتو حيدار يطمح لاعادة امجاد ازركيين وابعاد الركيبات عن المريسة,0,1,0,0,0,0
darija_4_00392,الأمريكي لي بغا يهتك عرض قاصر فالفقيه بنصالح غادي يتقدم اليوم الوكيل العام للملك ببني ملال,0,0,2,2,0,3
darija_4_00393,رحم الله الفقيد القدافي',0,0,2,0,0,0
darija_4_00394,مروحية الوردي هزات امرأة حالتها خايبة بزاف لمستشفى ابن رشد,0,0,0,0,0,0
darija_4_00395,+126 حالة جديدة +43 حالة شفاء +1 وفاة كورونا_المغرب,0,0,2,0,1,0
darija_4_00396,التنسيق المبكر لـ”قيامة 2021″.. توافق حزبي لتقديم تعديلات مشتركة على القوانين الانتخابية,0,0,0,0,0,0
darija_4_00397,ارتفاع فحصيلة الوفياة والإصابات بكورونا فالصبليون,0,0,2,0,2,0
darija_4_00398,اعتقال ثلاثة مغاربة بسبب الغش في إسبانيا. ولكن ماشي ف الباك ها فاش غشو بأجهزة متطورة,0,0,0,0,0,0
darija_4_00399,بعدما تفارقات مع خطيبها.. جنيفر لوبيز خوات ميامي باش تعيش قريبة من بن أفليك,0,0,0,0,0,0
darija_4_00400,ديما هو آخر من يعلم. العثماني مكانش فراسو إحداث وزارة للشؤون الخارجية,0,0,0,1,0,0
darija_4_00401,الله يحفظها من الزلزال زينة تبارك ألله',1,0,0,0,0,0
darija_4_00402,حراك الريف. جوج معتقلين فالحسيمة كيتسناهوم حكم بعشرين سنة,0,1,0,0,0,0
darija_4_00403,العدالة و التنمية إلى مزبلة التاريخ,0,0,0,2,0,0
darija_4_00404,شباط وحمدي وولد الرشيد وغلاب أول من وصلوا مؤتمر الاستقلال +صور,0,0,0,0,0,0
darija_4_00405,شكرا على المجهودات ....اتمنى لو كانت الترجمة',2,0,0,0,0,0
darija_4_00406,ihab ya ihab fsaraha bravo rak rajel wi nas wi3tmdo 3lih nas onta mchi ghaby ghnily m3a soso,1,0,0,0,0,0
darija_4_00407,الرميد: هناك تغول للقضاة في وجه وزارة العدل واين كان هؤلاء حينما كان يحاكم زملاؤهم خارج المساطر ايام بوزوبع,0,0,0,1,0,0
darija_4_00408,شبكة ترويج مخدرات تتزعمها فتاة في ربيعها العشرين أمام وكيل الملك بابتدائية البيضاء,0,0,0,0,0,0
darija_4_00409,j pense dakchi d charikat mohal tjawb 3lih nsswlo 3la hafalatha o aham haja tour o fo9ach ghada l uae,0,0,0,0,0,0
darija_4_00410,فيديو الاعتداء على المثليين ! راه الشعب هو ديك الآلة الفحشية الوحشية الطوليطارية لي دوا عليها عزوز أما المخزن و الله تا غا داي الشنعة مسكين! وانا ما كرهتوش طويل بوكوص نبوسو ونعنقو,0,0,0,2,0,2
darija_4_00411,حقدكم وتحالفكم الخبيث ضد بنكيران وحزبه العدالة والتنمية يجعل المواطن المغربي بقليل من الوعي يصوت على المصباح,0,0,0,2,0,0
darija_4_00412,ana ghaaaaa tan3awnk o sf and low key baghaha fihom devil mskin 3ya,0,0,1,0,0,0
darija_4_00413,Lfounoun à la prochaine inchalah .. Bon courag ❤ en Menara Mall Marrakech https://t.co/iB4ZwJYcOI,2,0,0,0,0,0
darija_4_00414,ها العسكر آش كيدير ملي كيحكم. بالفيديو تلفزيون مصر قدم التحية لمبارك وهاجم ثوار 25 يناير,0,0,0,0,0,0
darija_4_00415,@user @user raha wahed khor kteb tehtotahowa mn hind,0,0,0,0,0,0
darija_4_00416,كلشي عند المغاربة ناقص حتى الموت.. مصنفين في مرتبة خيبة في “جودة الموت”,0,0,0,0,0,0
darija_4_00417,الاستقلالين مبقاش عنذهم الفلوس ولا ؟؟؟معروفين بشراء الاصوات الان هم من يشتكون,0,0,0,1,0,0
darija_4_00418,محتاجينها مع جايحة كورونا.. كاتي بيري خرجات أغنية جديدة كلها فرحة وحياة زوينة وابتسامة,2,0,0,0,0,0
darija_4_00419,رونار: اللعابة كيشعرو بالحزن واليأس ولكن خاصنا نلومو ريوسنا وكان علينا نلعبو احسن واتحمل المسؤولية,0,0,3,0,0,0
darija_4_00420,مشهد تقشعر له الأبدان شكرا أهل الريف و ناس الحسيمة و لكم كل الاحترام,1,0,0,0,0,0
darija_4_00421,لا للظلم في دولة الحق والقانون وعاش الملك ناصف الضعفاء,1,0,0,0,0,0
darija_4_00422,الملك محمد السادس يشعر بالمرارة من تصرفات فرنسا. غاضب من تصريحات سفير باريس في واشنطن وتصرفات المسؤولين الامنيين بباريس,0,0,0,1,0,0
darija_4_00423,الحسيمة جوهرة المتوسط وأجمل مدن شمال إفريقيا',2,0,0,0,0,0
darija_4_00424,بالصور.. نصّاب بوگوص طاح فتطوان: عندو 12 روشرش وها كيفاش كيقولب المستخدمات فالعيادات والمدارس الخاصة وها شنو لقاو عندو,0,1,0,0,0,0
darija_4_00425,روينة فمجلس جهة الداخلة.. والمعارضة حطات شكاية فبيرو الوالي بسباب تبخيس مجهودات الدولة -وثيقة,0,0,0,2,0,0
darija_4_00426,الزايدي: تجميد لـ15 مليار درهم دفعة أولى من قرارات مالية والحكومة فتحت أبواب السيادة الاقتصادية المغربية أمام المؤسسات الدولية,0,0,0,0,0,0
darija_4_00427,مغربنا وطنـــنــا روحــي فــداه ........... ومـــن يدس حقوقه يـــــــدق رداه',0,0,0,0,0,0
darija_4_00428,ah 3lach mafkhbarkch rah ta3i rah a=9ad a3dara man andar goliha tjarab tji bach ntlagaw liha had bab lmatar blhrawat hawajhi ok,0,0,0,2,0,0
darija_4_00429,المكملات الغذائية كاتهدد الأدوية ومجلس المنافسة دخل على الخط,0,0,0,0,0,0
darija_4_00430,اختراق الموقع الرسمي ديال وزارة التعليم العالي والبحث العلمي والقضية وصلات للقضاء,0,2,0,0,0,0
darija_4_00431,"فضايح امبراطورية الفايق.. ملف الاستيلاء على عقارات وزارة الصحة لي فجراتو “كود” فـ2018 رجع للواجهة وكيتحقق فيه مع “ال الفايق”,",0,1,0,0,0,0
darija_4_00432,ريهانا دخلات لنادي المليارديرات وولات اكثر مغنية مرفحة فالعالم,1,0,0,0,0,0
darija_4_00433,إذا شاركة حزب الإستقلال في الحكومة سيكون بن كيران أكبر خائن لإرادة الشعب ابذي صوت عليه,0,0,0,2,0,0
darija_4_00434,انتشال جثة شاب قضى غرقا قرب مدينة فاس,0,0,2,0,0,0
darija_4_00435,"فيها أكثر من 380 كيلو.. رزامي ديال الحشيش ضبطات فالقنيطرة وجوج بزناسة طاحو – تصويرة,",0,2,0,0,0,0
darija_4_00436,تظلمات القضاة من التعيينات والتنقيلات.. ها وقتاش غادي يبث فيها المجلس الأعلى للسلطة القضائية,0,0,0,0,0,0
darija_4_00437,woww ghadi tefra7 bzzf thank uu aaliaaa,2,0,0,0,0,0
darija_4_00438,لا توجد شفافية ولا ديمقراطية,0,0,0,2,0,0
darija_4_00439,gheda ghadi nrkeb talfaza dakiya jdida lt3,1,0,0,0,0,0
darija_4_00440,@user bravo adil tbarkllah 3lik 7mrti lina lwjh ... the5 homa l x factor f 9loubna bn chnace &lt;3,2,0,0,0,0,0
darija_4_00441,الاشهب سفير المغرب في روسيا في حوار مع “كود”: ها كيفاش عشت ماتش المنتخب مع الكوت ديفوار وها الاجراءات,0,0,0,0,0,0
darija_4_00442,مجهولون سطاو على 2 سطاسيون بحال الأفلام‏,0,2,0,0,0,0
darija_4_00443,alah alah alah 3la ihab ou 3aloch wahdahom bilacademy nchba3 minhom ana farhana wah9 rab,3,0,0,0,0,0
darija_4_00444,المحامي بوعبيد المتهم باحتجاز بوليسي خرج من الحبس لهاذ السبب,0,0,0,0,0,0
darija_4_00445,ihaaab nta tstaleel la9ab o nta charaftii l maghreeb tkp pas hna mftakhriin biiik wlah ila raak charaf l mdint asefi kan7ma9 3lik,2,0,0,0,0,0
darija_4_00446,سعد لمجرد مقصح وكيدوي على المبالغة في الحب!,0,0,2,0,0,0
darija_4_00447,بالفيديو. خبيرة ماكياج كاتماكي للبنات برجليها!,0,2,0,0,0,0
darija_4_00448,كوثر براني خرجات من دارها من بعد 20 يوم ديال الحجر الصحي باش دير الجلبة لبنتها وكتعيش خوف مضاعف,0,0,0,0,2,0
darija_4_00449,الحمد لله أن كوريا الشمالية معنا لإخراس الأحمق أحمر العنق,0,0,0,1,0,0
darija_4_00450,@user HHHHHHH DONIA LA FIN HAD SYEDA,1,0,0,0,0,0
darija_4_00451,3aychin f blad bnadem ki golik ( bghit gher n3ich ) ...,0,0,2,2,0,0
darija_4_00452,أمنيستي كضغط على القضاء باش يبرأ موالي للبوليساريو فالعيون,0,0,0,0,0,0
darija_4_00453,خاص. لفتيت يطير للحسيمة وعندو لقاء فالصباح,0,0,0,0,0,0
darija_4_00454,"تقرير : الجيش المغربي كيفاوض شركات عالمية باش يشري مدرعات عسكرية متطورة,",0,0,0,0,0,0
darija_4_00455,عصابة ضربات ملايين صحيحة لشركات قروض الاستهلاك غير بالكاشيات المزورة,0,2,0,0,0,0
darija_4_00456,فقد ذاكرته وبعد 22 سنة عاد الى عائلته,2,0,0,0,0,0
darija_4_00457,وانا كنgولو سير الله يعطيك العمى وطولان العمر الشفار نعلك الله',0,0,0,2,0,0
darija_4_00458,ميريكان خرجات فينا العين: واش غادي يتطلق الريسوني والراضي؟ وزير خارجيتها جبد حرية الصحافة وحقوق الانسان مع بوريطة,0,0,0,2,0,0
darija_4_00459,akid ya ahla hanooooan mmmmah 3lik khask takoni 9wiya bzaf arifiya dyaliiiiii,2,0,0,0,0,0
darija_4_00460,عقلية اجرامية بامتياز باد الامن الأمان,0,0,0,2,0,0
darija_4_00461,اعتقال مغربي قتل مواطنه بمدينة درسدن الالمانية,0,0,0,0,0,0
darija_4_00462,مخطط التهيئة العمراني­ة لكازا غدي يتراجع وه­ا علاش,0,0,0,0,0,0
darija_4_00463,كضحك عليهم والله العظيم لحسن منك باش ما بغيتي اوجه البطبوطة هادوك رجال مشي بحالك كتساين جيم ديال الناس باش تاكل خبيز وفرماجة ',0,0,0,2,0,0
darija_4_00464,العالم دخل 2015 بالسعادة وهادو دخلوها بالذبيحة. تنفيذ أول حكم بالقتل قصاصا في السعودية في 2015,0,0,0,0,0,0
darija_4_00465,العاهل السعودي يدعو الملك محمد السادس لحضور القمة العربية,0,0,0,0,0,0
darija_4_00466,خاص. وهبي وعبد النباوي والداكي فتعليمات صارمة: الباس سانيتير ضروري فالمحاكم واللي ماعندوش مايدخلش وهاد الإجراء كيهم كلشي حتى القضاة,0,0,0,0,0,0
darija_4_00467,الفقراء يموتون بسبب وسائل النقل.تريبورتور.الحافلات المتلاشية.اصبح الناس يركبون بسطوح الحافلات.ايامكم كحلة زحلة.',0,0,2,2,0,0
darija_4_00468,يا بني ، لقد فاتك القطار ، كونا منتخب بدونك وحتي وإن انهزم فلا بأس. ',0,0,1,1,0,0
darija_4_00469,المغرب ضاع لا أمل للشباب و لامكان للطموح',0,0,3,2,0,0
darija_4_00470,بالفيديو. ترامب سنة 1992 كيهضر مع برهوشة وكيقولها انتصاحب مع هاد البنت بعد 10 سنين!,0,0,0,0,0,3
darija_4_00471,أزمة سياسية غير مسبوقة فتونس.. رئيس الحكومة التونسي الفخفاض حط استقالتو,0,2,0,0,0,0
darija_4_00472,الملك يطير إلى طنجة,0,0,0,0,0,0
darija_4_00473,شكرًا لكم بزاف .. قريت جميع التعاليق و أسعدني تفاعلكم ♥️ أسعدكم الله 🌸﻿',2,0,0,0,0,0
darija_4_00474,الامازيغ اول المعزين للرئيس الفرنسي بعد الملك محمد السادس,0,0,0,0,0,0
darija_4_00475,نقابة الاتحاد تهاجم الخازن العام للمملكة بنسودة وتتهمه بخرق القانون التنظيمي ومرسوم التعيينات في المناصب العليا وتدعو إلى إلغاء تعييناته,0,0,0,2,0,0
darija_4_00476,مطاردة أمنية تنتهي بوفاة جانح سقط عرضياً من فوق قنطرة علوها 6 أمتار بجرسيف,0,0,3,0,0,0
darija_4_00477,داعش كتاكل راسها. تنظيم الدولة الاسلامية يعدم واليه بالموصل بتهمة الخيانة العظمى,0,0,0,1,0,0
darija_4_00478,@user @user lah ihfdek w injik w ikhlina dima khot wjiran wmthabin w ib3ed 3lina lfatanin li baghyin ifr9ona,2,0,0,0,0,0
darija_4_00479,يوميات الحراك: اضراب ما باغينوش وبراح الحكومة قاهرنا غير بالبلا بلا وبي جي دي الشمال قلبات الطابلة على الياس العماري وليل الريف مازال مظلم بزاف,0,0,0,2,0,0
darija_4_00480,bb sawti m3ana hna plz hahya tari9a,0,0,0,0,0,0
darija_4_00481,عارضة الأزياء اللبنانية ميريام كلينيك تتعرى بالكامل + بالصور,0,2,0,0,0,0
darija_4_00482,حقيقة مولات الصاك اللي خلعات الناس فجامع فكازا,0,0,0,0,0,0
darija_4_00483,وفاة رائدة العمل الإنساني فالصحرا مديرة مكتب الهلال الأحمر فالعيون,0,0,2,0,0,0
darija_4_00484,نصائح إلى قيادة جبهة البوليساريو! اكذبوا كي لا يفر سكان المخيمات… لكن لا تبالغوا كثيرا في الكذب,0,0,0,0,0,0
darija_4_00485,siri jam3i rasak wdo5li sou9 mo5ak l7mara kalba chomir barka t3ayri finas nti marabya bent darkom ma5aliti tawa7ad ma3andak madi,0,0,0,3,0,0
darija_4_00486,الشناقة ديال لبام جهلوا وﻻوا غير كينبحو بحال لكﻻب [[positiveHOTO]],0,0,0,3,0,0
darija_4_00487,نايضة في الجامعة.. أعضاء غاضبون من لقجع ويهددون بالاستقالة.. وها علاش,0,0,0,2,0,0
darija_4_00488,الحبيب المالكي متحكمين فيه موظفين كيأثروا على قرارات مكتب مجلس النواب,0,0,0,1,0,0
darija_4_00489,خرج عليه البلاي. محكمة ألمانية تدين شاب دس مادة منومة لصديقته ليستمتع باللعب مع صديقه,0,2,0,0,0,0
darija_4_00490,الاساتذة المتعاقدين مامربينش وتعداو على طاقم القناة الثانية بالسبان.. واخا تكون الحرب الصحافة كتبقا صحافة خصها تحترم وخاص متابعة كل من يتطاول عليها,0,0,0,2,0,0
darija_4_00491,النقابة الوطنية ديال صناعات البترول مزالة محيحة على الحكومة وها باش كتطالب,0,0,0,2,0,0
darija_4_00492,slam azin diyali ana kanibgik,2,0,0,0,0,0
darija_4_00493,عذرا بوصوفة... فالفرحة تأجلت إلى مونديال روسيا.',0,0,2,0,0,0
darija_4_00494,الاحزاب بانت أنها غير زايدة فهاد الجايحة والبلاد يمكن تمشي بلا بيها.. المقدم ديال دوار ولاد بلعيد أثبت أنه أكثر فائدة لدواره من كاع الأحزاب المغربية لي لاباس كون كانت بلا فائدة فقط بل هي في أحيان كثيرة مضرة كاع,0,0,0,2,0,0
darija_4_00495,حسبي الله و نعم الوكيل .اش خصك العريان الامازيغية امولاي.حنا ما مفاهمين حتى بالعربية ',0,0,0,2,0,0
darija_4_00496,ترحيل ابن أخ وزير العدل التونسي عبر مطار محمد الخامس. وجوده في المغرب مخالف للقانون,0,0,0,0,0,0
darija_4_00497,شهادات من الامارات2: وحدة من المغربيات الي عايشين فالخليج توفات! وها التصريحات ديالها لكود قبل ماتموت + صور,0,0,2,0,0,0
darija_4_00498,اسير شفلك شي صنعة من هادك لي تعرف وخليك من شى سياسة,0,0,0,1,0,0
darija_4_00499,أخيرا. سعد لمجرد حر لكن مقابل مبلغ مالي كبير,1,0,0,0,0,0
darija_4_00500,"عاجل. انفجارات مجهدة فالعاصمة الأوكرانية هاد الصباح.. وموسكو: دكَدكَنا وحدة خاصة بإنتاج صواريخ أرض جو فأوزين “فيزار”,",0,0,0,0,2,0
