text_id,text,Anger,Disgust,Sadness,Joy,Fear,Surprise
hausa_1_00001,ku tsoro kukeji ne da kuka fidda kanku zakuce wani inji yan twitter dan uwarku yan bbchausan boro uba,3,1,0,0,0,0
hausa_1_00002,"Ae kamata yayi ma su janye tallafinsu gaba ɗaya a kan Najeriya, kamar yadda Ita ma lanjeriyas bata iya tallafawa ƴaƴanta 👌",1,0,1,0,0,0
hausa_1_00003,APC na da kyakyawar makoma a Kudu maso gabas - Ohanaeze,0,0,0,2,0,0
hausa_1_00004,Dan shekara 78 ya kashe dan'uwansa mai shekaru 94 kan rikicin fili a Ondo,0,2,1,0,2,0
hausa_1_00005,"Obasanjo ya yi addu'ar Allah ya ɗauki ransa: Na ga uku, bana addu'ar ganin Olu na Warri na huɗu",0,0,2,0,0,1
hausa_1_00006,"Very unfortunate! Dama ai mafi yawan su, suna amfani da wannan damar ne domin suci zarafin talaka ! Saboda ni shaida ne akan irin wannan mummunar d'abi'ar ta mafi yawan jami'an tsaron kasar nan, samun damar shigar su aikin tsaro tamkar lasisin cin zarafi ne😡",3,0,0,0,0,0
hausa_1_00007,"Kullu nafsin: Bayan shekaru 70 yana sallah a bayan limamin Ka'aba, Allah ya karbi rayuwarsa",0,0,3,0,0,0
hausa_1_00008,au da shi gogarman ya yarda 😂😂😂 ganduje mai abun mamaki,0,0,0,0,0,2
hausa_1_00009,"Harin makarantar Kebbi abun damuwa ne, barazana ne ga tsaro a arewa maso yamma – El-rufai",0,0,0,0,3,0
hausa_1_00010,"Zancen karya kawai, basa ko jin tsoron Allah yana kallon su.🤔",3,0,0,0,0,0
hausa_1_00011,Gwamnonin Arewa sun yi Allah-wadai da hare-haren da aka kai Kudancin Kaduna,0,2,2,0,0,0
hausa_1_00012,"ba kyau😂😂😂, wai Maza MATSOLAYE. https://t.co/K5ba5SCIi3",0,0,0,1,0,0
hausa_1_00013,Gwamnatin Najeriya Tayi Bayani a Kan Wahalar Abincin Da Ake Cewa Za Ayi a 2023,0,0,0,0,0,0
hausa_1_00014,"Lauyan da yayi murnar mutuwar Kyari da Funtua, da fatan mutuwar Buhari ya rasu",0,0,2,0,0,2
hausa_1_00015,An ƙirƙiri cutar korona saboda a haifar da tsoro da firgici a tsakanin mutane,1,0,1,0,2,0
hausa_1_00016,Allah ya taimakeki ya qara daukaki. Wannan farin cikin arewa ne sosai kuma Alhamdulillahi naga duk caligraphy din masu haskaka zuciya ne gaskiya am happy 😊,0,0,0,3,0,0
hausa_1_00017,Wani Saurayi yayi wa Matan Garin Matazu a Jihar Katsina abin alheri,0,0,0,3,0,0
hausa_1_00018,"Yanzu-yanzu: An saki ASD, 'Dansa, Surukinsa, da Sheikh Murtala Al-Misry",0,0,0,2,0,0
hausa_1_00019,Yanzu-yanzu: Allah ya yiwa mahaifin Ali Nuhu rasuwa,0,0,3,0,0,0
hausa_1_00020,Alamomi 5 dake nuna yawan sukari sosai a jikin dan Adam,0,0,0,0,0,0
hausa_1_00021,Subuhanallah shugavanin nigeria kuji tsoron allah 😭😭,0,0,3,0,0,0
hausa_1_00022,Ali Nuhu da jerin fitattun jarumai da su ka taya Buhari murna,0,0,0,2,0,0
hausa_1_00023,"Allah ya yiwa limamin kasar Ebira, Alhaji Musa Galadima, rasuwa",0,0,3,0,0,0
hausa_1_00024,"An gudanar sa Sallar jana'izar jarumin soja, Manjo MM Hassan",0,0,3,0,0,0
hausa_1_00025,"Da duminsa: Allah ya yiwa Dan Iyan Zazzau, Alhaji Yusuf Ladan, rasuwa",0,0,3,0,0,0
hausa_1_00026,"Janar Babangida na murnar cika shekaru 77 yau, karanta wani bangare na tarihinsa",0,0,0,2,0,0
hausa_1_00027,"Fitacciyar Jarumar Fim, Fatima Sa'id Ta Riga Mu Gidan Gaskiya",0,0,3,0,0,0
hausa_1_00028,‘Yan garin Atiku sun yi murna da titin da gwamnatin Buhari zata yi musu,0,0,0,3,0,0
hausa_1_00029,Tashin hankali: 'Yan ruwa sun kashe budurwa a lokacin da ake yi mata wankan shiga addinin Kirista,0,0,2,0,2,2
hausa_1_00030,wannan ai hine sama murna kasamurna,0,0,0,3,0,0
hausa_1_00031,"Abba Kyari ya sha da kyar, saura kiris masu fushi da shi su hallaka shi a gidan yari",0,0,0,0,2,0
hausa_1_00032,"Allah ya yiwa babban kwamandan Agaji na kungiyar Izala ta kasa, Malam Lawan Sauri, rasuwa",0,0,3,0,0,0
hausa_1_00033,Abeg suyi su dawo abi sai mun hada da protest?🤣,1,0,0,0,0,0
hausa_1_00034,Rahma kina burgeni wllh kuma inason films dinki burina Inganki ido da ido zanyi murna sosai💃💃,0,0,0,3,0,0
hausa_1_00035,Gardin Malamin da ya jawo aka datse hannayen almajirin sa ya gamu da fushin kuliya,2,0,0,0,0,0
hausa_1_00036,"Mu gyara zukatan mu, muso junan mu mu dena raina namu mu dena fifita nasu, muji sune bayin mu da zamu yi musu mu'amala me kyau kaga babu jin tsoro kai magan agaban uban kowa da yaren ka shine cinyewa, namu namu ne bare kuwa can ya karata HAUSA FULANI ASAMAN KOWA✊🏼✊🏼✊🏼✊🏼✊🏼",0,0,0,0,0,0
hausa_1_00037,"Da Ɗuminsa: Allah Ya Yi Wa Ɗan Mai Cibiyar Markaz, Sheikh Adam Abdullahi Rasuwa",0,0,3,0,0,0
hausa_1_00038,Tarihin Mai martaba Sarkin Zazzau Alhaji Shehu Idris,0,0,0,0,0,0
hausa_1_00039,Wannan da gani bashi da wayo🤭,0,0,0,0,0,0
hausa_1_00040,Innalillahi Wa'inna Ilaihi Raji'un: Usman Abubakar yayi luwadi da 'ya'yan uban gidanshi su 10 a jihar Sokoto,0,3,0,0,0,0
hausa_1_00041,Yan maiduguri suna taya kowa murnan shigowa system na rashin wuta 🤗🤗,0,0,0,1,0,0
hausa_1_00042,aslm ya allah ka kawo wa alummar annabi muhammad saw dauki ka sassauta mana ya allah kai mana maganin damuwar mu alfarmar wannan watan na ramadan na annabi yace amin,0,0,2,0,0,0
hausa_1_00043,"😂😂😂 toh Oga Director , muna ma fatan alkhairi, ba mamaki gayyatar na nan tafe",0,0,0,3,0,0
hausa_1_00044,IKON ALLAH! Wata mata mai shekaru 72 ta haihu a wannan jihar ta Arewa,0,0,0,0,0,3
hausa_1_00045,Da Dumi-Dumi: Allah ya yi wa ƙanin Aliko Dangote rasuwa,0,0,3,0,0,0
hausa_1_00046,"Ban San Adadin Mutanen Da Na Kashe Ba, In Ji Aliyu, Dan Shekara 24 Da Ake Zargi Da Fashi",0,2,0,0,2,1
hausa_1_00047,"2023: Mace Guda Da Ke Takarar Shugaban Kasa a APC Ta Janye Wa Tinubu, Ta Bayyana Dalili",0,0,0,1,0,0
hausa_1_00048,Tsarabar juma'a: Abubuwa 5 da ya kamata ku sani game da kabarin Annabi Muhammad SAW,0,0,0,2,0,0
hausa_1_00049,"Alheri danko: Daga kyautar N100, mabaraci ya samu sakayyar N100k nan take",0,0,0,1,0,2
hausa_1_00050,Allah ya yi wa Sanata Munir Muse rasuwa,0,0,2,0,0,0
hausa_1_00051,"""Abun Takaici Ne"": Sylva Ya Caccaki Jonathan Bisa Kalamansa Kan Zaben Gwamnan Bayelsa",1,0,1,0,0,0
hausa_1_00052,Nifa duna rude😂,0,0,0,0,0,0
hausa_1_00053,“@user: An yi wa 'yan adawa bulala a Sudan http://t.co/pXnlTY8mCp” 😄😄,0,0,0,0,0,0
hausa_1_00054,Wani matashi na shirin fara tattaki daga Katsina zuwa Kano a gobe Juma’a don taya Ganduje murna,0,0,0,1,0,2
hausa_1_00055,"Hahaha 😂 😂 😂 za'asha mamaki kam da cabals, Allah yasa musauka Lafiya a jirgin Next Level.",0,0,0,1,0,1
hausa_1_00056,Shehu Sani Ya Yi Allah Wadai Da Ma Su Daukar Mataki Kan Zargin Satar Mazakuta A Abuja,1,2,0,0,0,0
hausa_1_00057,NLC Ta Rufe Hanyar Shiga Kamfanin ’Yan China Saboda Rashin Kulawa Da Kuma Mutuwar Ma’aikaci Dan Najeriya,0,0,2,0,0,0
hausa_1_00058,Labaran Kannywood: Lilin Baba Yana Daf Da Auren Ummi Rahab,0,0,0,2,0,0
hausa_1_00059,Yanzu-Yanzu: Shugaba Buhari ya taya ministansa murnan cika shekaru 70,0,0,0,3,0,0
hausa_1_00060,"Wannan abun yabawane, gwamna Ganduje. Kada kaji tsoron duk wata kungiya ko wadansu munafukkai, ka aiwatar da umurnin Allah.💪",0,0,0,1,0,0
hausa_1_00061,"Daga karshe, Bindow ya taya Ahmad Fintiri murna",0,0,0,2,0,0
hausa_1_00062,Babban dana sanin da Dan Kano yayi shine zabar Buhari a 2015 wannan shine dana sani mafi muni a tarihin siyasar jahar kano 😎,0,0,3,0,0,0
hausa_1_00063,Ina taya ka murna ‘Danuwa na - Mufti Menk ya fadawa Isa Pantami,0,0,0,3,0,0
hausa_1_00064,Muna😂😂farin ciki #film_din_labarina💖yafara dawowa maudu'in da aka katashi #God_bless_you_AMEENU_SAIRA,0,0,0,3,0,0
hausa_1_00065,Zakarar da Allah ya nufa da cara: Wata yarinya ta tsere daga hannun mayakan Boko Haram,0,0,0,2,0,1
hausa_1_00066,"😢 Allah yajikan malam, Allah yakai haske kabarin malam jafar 🙏🏽😢 , DUNIYYA abun tsoro ce, Allah ka rabamu da ilimi mara amfani , wani ilimin dashi kwara jahillci https://t.co/gELKqPWDjR",0,0,3,0,1,0
hausa_1_00067,"Hadda Da Karatun Al-Kurani Mai Girma Yana Taimakawa Gyara Kwakwalwa, Gwamna Abdulrazaq",0,0,0,0,0,0
hausa_1_00068,amma fah na taya shi murna,0,0,0,3,0,0
hausa_1_00069,Allah ya yadda: Hotunan Jarumi kuma mawaki Garzali Miko tare da zukekiyar matarsa,0,0,0,2,0,1
hausa_1_00070,An samu nasarar yi wa Sarki Salman tiyata a mafitsara,0,0,0,2,0,0
hausa_1_00071,Ina tsoron fushin ubangiji – Inji wani babban Fasto da ke neman yan mata da Mata mabiyansa,0,2,0,0,2,0
hausa_1_00072,Wasu da su kayi wa Buhari fatan mutuwa amma su ka riga sa zuwa gidan gaskiya,0,0,0,0,0,2
hausa_1_00073,nabiyo murna da mugun gudu,2,0,0,0,0,0
hausa_1_00074,A fada sunan su da yan uwansu mana in ba tsoro ba. 🙄,1,0,0,0,0,0
hausa_1_00075,Al’ummar gari sun tsere cikin jeji yayin da yan bindiga suka farmaki garuruwan Neja,0,0,1,0,3,0
hausa_1_00076,Allah ya yiwa Malam Musa Mai Shara da kiran Sallar Farko na Asuba a Masallacin Sultan Bello rasuwa,0,0,3,0,0,0
hausa_1_00077,Yan matan yanxu abun tsorone wlh hakafa wata tafara nunamin bakin kishi da tagida ai wlh daga ranar bata kara ganina ba🏃🏻🏃🏻🏃🏻🏃🏻‍♂🦸🏼‍♂🦸🏼‍♂,0,0,0,0,2,0
hausa_1_00078,Zaben 2015: Ni da Adamu Mu’azu mu ka lallashi Goodluck Jonathan – Bala Na’Allah,0,0,0,0,0,0
hausa_1_00079,Yanzu-yanzu: Buhari ya zabi sabbin shugabannin hukumar jin dadin alhazai NAHCON,0,0,0,1,0,0
hausa_1_00080,Kullu Nafsin Za'ikatul Maut: Awanni kadan ya rage a daurawa Fatima aure sai Allah ya karbi rayuwarta,0,0,3,0,0,0
hausa_1_00081,Mutane 5 yan gida daya sun yi mutuwar ban mamaki a jahar Enugu,0,0,2,0,0,2
hausa_1_00082,Bama yi Ayy siyasar ba gado bacce...🙄🙄🙄,2,0,0,0,0,0
hausa_1_00083,Hukumar Hizbah ta kashe auren dole 330 da akayi a jihar Jigawa,0,0,1,0,0,0
hausa_1_00084,Nikam maiye yake damun wanan ganduje 😤🤧 mutum sai jahilci😭😭,2,0,0,0,0,0
hausa_1_00085,"Yayan Maryam Booth yayi soyayya da ita, amma fa a fim, a cewarsa",0,0,0,0,0,2
hausa_1_00086,"Ahmad Gumi: Hakurin Gwamnatin Tarayya Ya Kare, Ta Dauki Mataki Kan Malamin Musulunci",2,0,0,0,0,0
hausa_1_00087,Sai dai karuwar chinhanchi da a kasamu😥😥,0,0,2,0,0,0
hausa_1_00088,"""Na Gode Wa Allah An Kama Mu"", Mai Garkuwa Bayan Yan Sanda Sun Kama Shi",0,0,0,1,0,1
hausa_1_00089,"Hmmmm ku bi dai a hankali, karku buya a bayan wayon ku😏😮!!! Dan wlh idan jamaa suka gane ku daku sha mamakiii!!...😣😣",1,0,1,0,0,0
hausa_1_00090,Bincike ya fallasa yadda masu hakar gwal ta bayan-fage su ke hura wutan rashin tsaro,0,1,0,0,0,0
hausa_1_00091,ae bayan talauci bamusan komai ba tunda muka tashi🤔🤔,1,0,2,0,0,0
hausa_1_00092,inaso inyi wata magana amma ina tsoron zuwa abuja lamme pass,0,0,0,0,2,0
hausa_1_00093,COVID-19: Matar El-Zakzaky ta samu lafiya,0,0,0,2,0,0
hausa_1_00094,Zahra Buhari ta taya mijinta murnar zagayowar ranar haihuwarsa da kalaman soyayya,0,0,0,3,0,0
hausa_1_00095,Adeji tsoron Allah wlh asan miye ake fada Azumi ne🙄,1,0,0,0,0,0
hausa_1_00096,"A kanon akayiwa annabin mu rashin kunya Amma bakace komaiba saida aka cire wani sarki,😩 duk sai Allah yatambayeku wlh kuji tsoron Allah .",2,2,1,0,0,0
hausa_1_00097,Gidan adana kayan tarihi na Turkiyya ya wallafa hotunan wasu kayayyakin da annabi ya yi amfani da su,0,0,0,2,0,0
hausa_1_00098,"Yan bindiga sun farmaki kwaleji, sun hallaka dalibi da wani lakcara a jihar Legas",0,0,2,0,2,0
hausa_1_00099,Sakamakon canji: Atiku ya taya diyarsa murna bayan ta kama sana'a,0,0,0,3,0,0
hausa_1_00100,"Ban yi mamakin sauke ni daga mulki ba, Kwamishinan Borno da Zulum ya kora",0,0,0,0,0,0
hausa_1_00101,Allah Ya Yiwa Na'ibin Limamin Masallacin Sultan Bello Rasuwa,0,0,3,0,0,0
hausa_1_00102,Auren Gata: Kwankwaso Ya Fadawa Ma’aurata Sirrin Yadda Za Su Zauna Lafiya,0,0,0,2,0,0
hausa_1_00103,Yanzu Yanzu: INEC Na Tuhumar Dakataccen Kwashinan Zaben Adamawa Kan Laifuka 6,1,0,0,0,0,1
hausa_1_00104,Ina taya matan nan uni murna👏👏👏👏,0,0,0,3,0,0
hausa_1_00105,Abin haushin na da yawa😞,2,0,0,0,0,0
hausa_1_00106,Hmmm toh gamu ga yan iska 🚶🚶,2,0,0,0,0,0
hausa_1_00107,COVID-19: Jerin kayan tallafin da FG ta tura jihar Kano bayan ta yi alkawari,0,0,0,1,0,0
hausa_1_00108,Nabi haraji da gudu 🤣🤣,1,0,0,0,0,0
hausa_1_00109,"Gwamna Ortom: An yi min tayin APC, gwamnatin Buhari ba ta taimaka min wurin biyan albashi",0,0,1,0,0,0
hausa_1_00110,"Cikin kwanaki 4 ku mika wuya ko ku fuskanci fushin gwamnati, Matawalle ga 'yan bindiga",3,0,0,0,0,0
hausa_1_00111,"Muna taya murna IG, da haka burutai ya Fara🙏",0,0,0,3,0,0
hausa_1_00112,Innalillahi wa inna ilaihi raji’un: Allah Ya yi ma Tafidan Ilori rasuwa,0,0,3,0,0,0
hausa_1_00113,kwankwaso baikai buhari yaji tsoronsaba insha allah kwankwaso batsunsu ba tarko,1,0,0,0,0,0
hausa_1_00114,Kanawa muna cikin farin ciki😂😂sarauta tadawo gdanta na gado..uban Abba muna godia 😂😂,0,0,0,3,0,0
hausa_1_00115,"Agaskiya Mu yan Nigeria Ana Matukar Raina mana Hankali... Ai koh kirge ake koya mana da wannan Kare-karen yawan masu CORONA a Nigeria, Ai yaci Ace kowa ya mallaki kwalin degree a lisaafin Na kirge...😣😡",2,0,2,0,0,0
hausa_1_00116,"Tun muna yara muke wasan ango da amarya, sai gashi Allah ya hada aurenmu yanzu - Amarya ta bada tarihin rayuwarsu",0,0,0,2,0,1
hausa_1_00117,Ali Ƙwara Azare 'mai kama ɓarayi' ya riga mu gidan gaskiya,0,0,3,0,0,0
hausa_1_00118,Alheri gadon barci: Attajiri ya fara rabon kayan Sallah ga gajiyayyu da talakawa a Sakkwato,0,0,0,3,0,0
hausa_1_00119,Allah Ya Yi Mun Gamon Katar: Matar Aure Ta Wallafa Hotunan Mijinta Yana Tayata Girki A Icce,0,0,0,2,0,1
hausa_1_00120,Suma cin Dan uwarsu 🤣,2,0,0,0,0,0
hausa_1_00121,"Allah Yayi wa Tsohon Jakadan Najeriya a Kasar Saudi Arabia, Imam, Rasuwa",0,0,3,0,0,0
hausa_1_00122,Kinga Ni ko rahma nayi matukar bakin ciki😠 da Naga wanan hotun Nan kina jamana zagi a matsayin ki n musulma tun Muna damuwa har mun sallama ki Amma abin takaici shine abin ya tashi daka kanmu ta dalilin ki anyi batanci ga fiyayyen halitta Annabin Muhammad S A W 😭😰😥😢,3,0,2,0,0,0
hausa_1_00123,Dalilin da yasa muka yi Sallar Idi a ranar Asabar – Sheikh Lukuwa,0,0,0,0,0,0
hausa_1_00124,"Adam A Zango Ya Fitar da Sabon Faifan Bidiyo Kan Halin da Ya Ke Ciki, Ya Yi Godiya",0,0,0,2,0,0
hausa_1_00125,Kina iskanci san ranki plx indai zaki burgeni ki curo NONON ki daya 1 plx i wan see somtin ☝,1,1,0,0,0,0
hausa_1_00126,Hmmm Allah Koh 🙄🙄🙄 Sabi da tsoron ku muke to Koh🤯🤯?? Ko Kuma zaman ku mukeyi a duniya?🤯🤯😤😤😤 Akan rayukan musulmai ba rayuka bane Koh?😤😤😤 Naku ne rayukah Koh?? Wlh kusani kifi na ganin ku mai jarkoma😬😬 akwai ranan kin dillanci!!!! I said #freepalastine 🇳🇬🇳🇬,3,0,0,0,0,0
hausa_1_00127,"Ni bazan taba mantawa da ranar da mutu war malam ba,saboda yarona yana kwana shida a duniya aka kashe malam😭😭😭 da safe na fito zani wurin tela sai Na sami labarin Mara dadi wai a Daren jiya ne aka kashe malam jafar Wlh dinkin da ban je karbowa ba kenan na dawo gida Ina ta 😭😭",0,0,3,0,0,0
hausa_1_00128,uwar da ta haifi mutum ba kabarin su daya ba balle kurinqa damun ta ku fara damuwa da xunuban ku tukun,1,0,1,0,0,0
hausa_1_00129,Tabbb wannan ya taro fushin Ubangiji da kansa 🤔,1,0,0,0,2,0
hausa_1_00130,Atiku ya koka kan yadda ake kashe rayukan bayin Allah a Jos,0,0,2,0,0,0
hausa_1_00131,"Kuma Akwai Addu'ar da ANNABI sallallahu Alaihi wa alihi wasallam yayi akan shuwagabanni, yasamu malamai kamar su suyi masa tunatarwa dangane sha'anin mulki. Idan kuma Bahaka ba, to wallahi muna jiye tsoron tsikar azabar ALLAH SWT. ALLAH ya tsare 🤔",0,0,0,0,2,0
hausa_1_00132,"Rikicin Kwankwaso da Ganduje: Allah ya hada mu a Daka Tsalle, Kwankwaso zai yaba ma aya zaki –Abdullahi Abbas",1,0,0,0,0,0
hausa_1_00133,Illoli 6 na lemun tsami ga lafiyar ɗan Adam,0,0,0,0,0,0
hausa_1_00134,"Kawata ta nuna tana son mijina, kuma ta sha alwashin raba ni da shi, dan Allah ina mafita - Mata ta nemi shawarar mutane",0,0,0,0,2,0
hausa_1_00135,Da kotun Da lauya Da lauyan da yatsawa jaɓɓeri Da wanda yaji daɗin hakan Da wanda yayi murna da hakan Your father beat your mummy Norse 👃👃,3,0,0,0,0,0
hausa_1_00136,"Innalillahi wa Innailaihi raji’un: Sarkin Yakin Kazaure, Baba Santali ya rasu",0,0,3,0,0,0
hausa_1_00137,Musulunci ya samu karuwa: Manyan Fastoci guda biyu a jihar Ogun sun dawo addinin Musulunci,0,0,0,3,0,1
hausa_1_00138,😁😁😁wlh buhari dan iska ne,2,0,0,0,0,0
hausa_1_00139,Gamayyar gwamnoni tayi alkawarin tallafawa Makinde a sake gina kasuwar Sasha,0,0,0,2,0,0
hausa_1_00140,"Ai Daman duk Mai hankali yasan hakan zata faru, an barshi ne saboda ayi mana kamfen, abin mamaki Wanda ya fara yin titin tun babu shi ba'a samu irin Wannan tsaikon ba sai a mulkin masu gaskiya aka samu matsala😈",2,0,0,0,0,1
hausa_1_00141,haba wai mutane sun koma kamar dabbobi suma kamar gargin tumaki ne da za a re na ma na wayo wai sata ita gwannatin wai ita an fita wayo ne abin tambaya anfi gwannati wayo wlh Allah sai ya tambebaku domin mu amana ce mu a gareku wlh zaku amsa tambaya😭😭,3,0,2,0,0,0
hausa_1_00142,Bincike ya tabbatar wadanni suna da saurin fushi,0,0,0,0,0,0
hausa_1_00143,Nima ina mika murnar birthday ga sister Halima. 🎈 Happy Birthday! 🔥 🔥 🔥 📍 📍 📍 📍 📍 📍 🎂🎂🎂🎂🎂🎂🎂🎂 🎂🍓🎂🍓🎂🍓🎂🍓 🍓🎂🍓🎂🍓🎂🍓🎂 🎂🎂🎂🎂🎂🎂🎂🎂 🎂🎂🎂🎂🎂🎂🎂🎂,0,0,0,3,0,0
hausa_1_00144,Ka taimake mu da kudin tallafi da cibiyoyin gwajin Coronavirus – gwamnonin Arewa ga Buhari,0,0,1,0,0,0
hausa_1_00145,Za a saukar da Alkur’ani mai tsarki 100 domin Buhari,0,0,0,2,0,0
hausa_1_00146,Zaben Bayelsa: Buhari ya taya zababben gwamnan Bayelsa David Lyon murna,0,0,0,3,0,0
hausa_1_00147,To Ku BBC meye damuwarka idan anyi satar jarabawa😂😂,0,0,0,1,0,0
hausa_1_00148,"Dan Gwamna El-rufai ya wallafa hoton matan mahaifinsa, ya ce auren mata fiye da ɗaya yana da kyau",0,0,0,1,0,0
hausa_1_00149,Wutakam💣💥 ana gasamu sosae har munfara konewa Aji tsoron Allah fa,2,0,0,0,0,0
hausa_1_00150,Innalillahi 🤔wllh kuji tsoron Allah,0,0,2,0,0,0
hausa_1_00151,Allah Ya Yi Wa Shehu Othman Rasuwa Yana Da Shekara 91,0,0,3,0,0,0
hausa_1_00152,Hahahaha abin dariya da mamaki. Saikaga yan 🇳🇬 dagasun fita kasashen waje sai suzama manyanmutane amma anan........ Allah wadaran wagga muguwar qasa 😢,1,0,1,1,0,1
hausa_1_00153,Yanzu-Yanzu: Allah Ya Yi Wa Sarkin Dutse Muhammadu Sanusi Rasuwa,0,0,3,0,0,0
hausa_1_00154,Ganganci: Wani mutum ya mutu yayin gasar cin kwai 50,0,0,0,0,0,2
hausa_1_00155,"Birnin Kebbi: Jama'a sun cika da murna, farincikin zuwan Buhari",0,0,0,3,0,0
hausa_1_00156,Khadija na bukatar taimakon ‘yan Najeriya da gaggawa (Hotuna),0,0,2,0,0,0
hausa_1_00157,Allah Ya Yi Wa Shugaban NUGA Rasuwa Bayan Gajeruwar Rashin Lafiya,0,0,3,0,0,0
hausa_1_00158,"Ma dear whether you’re supporting ganduje or Abba, you must put your life first, zaben nan fa is not do or die, if it’s no longer safe stay at ur parents home, or your matrimonial home 🏡 after all duk candidates din guda biyu ba wanda ya miki alkawarin kawar miki da damuwanki fa",0,0,0,0,0,0
hausa_1_00159,Allah ka raba mu da masifaffan so bala'ein so jarabar so damuwar so nacin so da Kuma maytar so irin na Sumayya 🤒🤒🤒,0,1,0,0,1,0
hausa_1_00160,Yanzu-yanzu: Allah ya yi wa Sheikh Laidi Orunsolu rasuwa,0,0,3,0,0,0
hausa_1_00161,📻 BBC Hausa da sauran ma'aikatan Ku maza da Mata wadanda Duke Nigeria Da birtaniya INA taya Ku murnar Cika shekara @user,0,0,0,3,0,0
hausa_1_00162,Babanki in swahili 😄😄😄,2,0,0,0,0,0
hausa_1_00163,Ni dama abin yabani mamaki wai Su Garuje ansamu mukamin farfesa😄 https://t.co/SviJNulg3B,0,0,1,0,0,2
hausa_1_00164,"‘Dan shekara 18 ya dawo da N20.5m da ya tsinta, ya samu kyautar miliyoyi da abubuwan alheri",0,0,0,3,0,2
hausa_1_00165,"Dan Allah ka je ka huta – Obasanjo ya sake caccakar Buhari, yace shugaban kasar baida lafiya",1,0,0,0,0,0
hausa_1_00166,Allah ya yi wa DG na kungiyar dattawan arewa rasuwa,0,0,3,0,0,0
hausa_1_00167,"Fitaccen Malami Ya Saɓawa Sarkin Musulmi, Ya Yi Sallar Idin Ƙaramar Sallah a Sokoto",0,0,0,0,0,0
hausa_1_00168,Ku roki Allah ya yi min zabi mafi alkhairi - Dalibar Dapchi ta aiko wa mahafiyar ta da wasiyya,0,0,1,0,0,0
hausa_1_00169,Abun al'ajabi: Sunan Allah ya fito a cikin kankana,0,0,0,0,0,3
hausa_1_00170,Minista sukutum da guda ya tare a birnin Abuja saboda tsabar 'tsoron' Gwamnan jiharsa,0,0,0,0,0,2
hausa_1_00171,innalillahi wa inna ilaihi rajiun sarkin rano autan bawo sai yayi allahu ya ƙarbi baƙuncin ka ya gafarta maka da rahma hrh dr tafida abubakar ila ameen ya rahmaan,0,0,3,0,0,0
hausa_1_00172,Rahama Sadau ta ƙaro wulaƙanci: Kalli wasu kyawawan Hotunan ta,0,0,0,1,0,0
hausa_1_00173,BBC ba duwaiwai😜😜,0,0,0,0,0,0
hausa_1_00174,"Allah ya kyauta: 'Yan Bindiga sun hari gidan Sarki a jihar Sokoto, sun kashe dogari sun kuma yi awon gaba da kanin Sarkin",0,0,2,0,3,0
hausa_1_00175,"An yi taron murnar dawowar Tinubu Najeriya, ya magantu kan tafiya da dawowarsa",0,0,0,2,0,0
hausa_1_00176,"Duk wanda Allah Haskashi da aron Lokaci to ni bazan mishi Hassada ba saboda batawa kai lokacine ,Kaiwai saidai Namishi Addu'a ya Kasancewa mai tsoron Allah .Rahama Allah ya Kara Daukaka ,Ya kuma dauraki kan Hanya madai daiciya .stay more blessed😍",0,0,0,1,0,0
hausa_1_00177,abun mamaki takaici da dariya baya karewa a nigeria wannan wane irin labari ne,0,0,0,0,0,2
hausa_1_00178,"Na tayata murna sosai, domin kuwa a dai dai loƙacin da ministan harkokin mata na ƙasata Najeriya mista Pauline Tallen, ke warkewa daga chutar korona, chutar tayi sanadiyyar rasa ran mahaifi ga ɗaya daga cikin abokaina. Allah nake roƙo daya gafarta masa yakuma karemu daga kamuwa😷",0,0,2,3,0,0
hausa_1_00179,pls kuna yada labaran qarya dayawa wlh a wace kasuwar naira tai muguwar faduwa yau kuji tsoron Allah 😷,1,0,1,0,0,0
hausa_1_00180,sun ji tsoro a basu ruwan madaci su sha 😂,0,0,0,2,0,0
hausa_1_00181,"Wllh wannan azzalumi magani guda a harbe shi har lahira domin yazama darasi ga azzalummai irin shi, Ni gaskiya banga alamun yin adalci a gwamnatin Shugaba ba wllh, Wannan ta'asa har ina?😭😭😭😭😭😭😭😭😭😭😭😭😭😭",3,0,0,0,0,0
hausa_1_00182,N-Power: 'Yan Najeriya sun yi gangamin nuna godiya a fadar Aso Villa,0,0,0,3,0,0
hausa_1_00183,"Dogara, da ‘Yan Majalisa 11 da su ka bar Jam’iyyar da ta taimaka masu lashe zaben 2019",0,0,0,0,0,0
hausa_1_00184,inyeee atayamu murna saura kadan kasar mu tazama kmr dubai tunda ga sunan ma kamr na yan biyu,0,0,0,3,0,0
hausa_1_00185,Sadaukarwar da yayi wa Nafisa saboda farin cikin tah 🙏,0,0,0,2,0,0
hausa_1_00186,Wato BBC naga alamar rashin aiki a tattare daku damuwar mutane daban abinda kuke turawa daban 😏😏😏,1,0,1,0,0,0
hausa_1_00187,"Kyakkyawar 'yar Arewa ta kammala jami'a, yan Najeriya sunce kyanta kadai na iya rikitar da Alkali",0,0,0,1,0,1
hausa_1_00188,Sojoji a bariki na farin ciki da shewa yayinda suka samun labarin sallaman Buratai da sauran hafsoshin tsaro,0,0,0,3,0,0
hausa_1_00189,Kasar Larabawa ta kirkiri manhajar soyayya don hada aure daidai da tsarin Muslunci,0,0,0,1,0,0
hausa_1_00190,Nabi London da Dubai da gudu🙄🙄,1,0,0,0,0,0
hausa_1_00191,"Hayaniya, fushi da cece-kuce bayan da aka yiwa soji 200 ritaya",3,0,1,0,0,0
hausa_1_00192,Zaben 2023: Prophet Barnabas Ya Yi Hasashen Yadda Peter Obi Zai Zama Shugaban Kasa,0,0,0,0,0,0
hausa_1_00193,kiji tsoron allah wallahi wannan baabin burgewa bace na rantse da allah sai an tambayeki game da duk abinda kikeyi posting manzo allah saw yace ita mace dukkan jikinta alaurace kiyi hakuri kiyi deleting pictures di nan entirely ni mace kuma ina kishin yar uwata mace,0,0,2,0,0,0
hausa_1_00194,‘Yan bindiga sun sace wani basarake a Jalingo bayan ya bar wurin murnar ranar dimokradiyya,0,0,1,0,3,0
hausa_1_00195,idan ba tsoroba yayi irin ta buhari ya kira zangazangar lumana,0,0,0,0,0,0
hausa_1_00196,"Ana daf da zaben shugabannin APC, Buhari ya hadu Tinubu da wadanda suka kafa jam’iyya",0,0,0,0,0,0
hausa_1_00197,"Shawara: Idan kana taimako, sai Allah Ya kara maka arziki, Inji Aliko Dangote",0,0,0,1,0,0
hausa_1_00198,Yanaga duk basa fara'a ne saikace ba ranar farin ciki ba a gare su😂,0,0,0,0,0,0
hausa_1_00199,Mtsw sai dai ma muyi murna mulkin da ba dadinsa ake ji ba 👿😈,2,0,0,0,0,0
hausa_1_00200,An kashe mutane da dama yayinda sabon rikici ya barke a Jalingo,0,0,3,0,2,0
hausa_1_00201,Angama ranki shi dade 😃renin wayo baiyi ba wlh,0,0,0,0,0,0
hausa_1_00202,Tundafa shuwagabannin su na America sun kashe me kashesu aiko kunga dole suyi murna 😔,0,0,1,0,0,0
hausa_1_00203,nayi mamakin yanda cedi yayi ma naira dukan kawo wuƙa,0,0,0,0,0,3
hausa_1_00204,Bikin murnar cika shekara 50 da fara zuwa duniyar wata (2),0,0,0,2,0,0
hausa_1_00205,Cikin Hotuna: Aisha Buhari ta ƙaddamar da Cibiyar tallafawa Mata a Garin Daura,0,0,0,2,0,0
hausa_1_00206,Wani Mutum ya saki matarsa bayan tayi yunkurin kashe kanta,0,0,1,0,0,1
hausa_1_00207,Yanzu kam fa hassada zai fara shiga al amarin nan. 😬😬😬🤤,0,0,0,0,0,0
hausa_1_00208,"Allah Ne Ya Saka Mun Shiyasa Tinubu Ya Samu Nasara, In Ji Oyetola",0,0,0,2,0,0
hausa_1_00209,Jaruma mai kayanmata ta wallafa wasu bidiyo na taya ma'aikatanta 4 murnar aurensu,0,0,0,2,0,0
hausa_1_00210,Yanzu Yanzu: Allah ya yi wa jarumar Kannywood Fadila Muhammad rasuwa,0,0,3,0,0,0
hausa_1_00211,Naziru sarkin waka ya yiwa Ladin Cima da Fati Slow kyautan miliyoyi naira,0,0,0,1,0,0
hausa_1_00212,Aisha Yesufu ta yi wa Nnamdi Kanu wankin babban bargo a kan Fulani makiyaya,2,0,0,0,0,0
hausa_1_00213,Akwai Allah aie shiyasa basu damuba koda Nigeria zata lalace a shiga yaqi da tashin hankali tunda sunada inda zasuje su huta 😭,1,0,1,0,0,0
hausa_1_00214,"Allah ya tsarkake mani zuciyata, zan iya mutuwa a gobe, matar tsohon shugaban kasa",0,0,1,0,1,0
hausa_1_00215,"Alheri ne ga 'yan Najeriya hana kasuwancin Bitcoin, in ji gwamnan CBN",0,0,0,1,0,0
hausa_1_00216,Yahaya Bello: Marasa godiyan Allah ne kaɗai ba su yi wa Buhari godiya,1,0,0,0,0,0
hausa_1_00217,Gaskiya a matsayina na Dan Nigeria naji Dadi sosai yadda Dubai suka taya kasata murnar cikarta shekara 60 da samun yancin Kai wlhi naji Dadi sosai Allah Allah ya bar zuminchi Dubai🙏,0,0,0,3,0,0
hausa_1_00218,Bincike ya nuna yan Najeriya sun fi damuwa da rashin tsaro da talauci fiye da korona,0,0,1,0,2,0
hausa_1_00219,"Mata mai sana'ar wankau ta gina gidan kanta, 'yan Najeriya sun taya ta murna",0,0,0,3,0,2
hausa_1_00220,Shugaba Buhari ya taya Anthony Joshua murnar lashe wasan dambe da yayi a kan Pulev,0,0,0,2,0,0
hausa_1_00221,Can ta yanka musu 😂,1,0,0,0,0,0
hausa_1_00222,Gsky da Tsuntsun kaduna sokoto yake da karya yake yadinga muzgunawa mutane hakan da sakkwatawa sun tsigeshi kokuwa sukomawarsu suga abunda zaiyi 😂😂 idon kuma yace zai iya acanza adawo dashi sokoto mugani!!! I come in peace ☮️🚶🏻‍♂️🚶🏻‍♂️🚶🏻‍♂️,0,0,0,0,0,0
hausa_1_00223,Ramadan: Gwamna Radda Ya Faranta Ran Ma'aikatan Jihar Katsina,0,0,0,3,0,0
hausa_1_00224,"Matashi ya tura sakon zagi ga hadimin gwamnan Katsina, ya gamu da fushin 'yan sanda",2,0,1,0,0,0
hausa_1_00225,Ina tayata murna mahakurci mawadace 😊😊😊,0,0,0,3,0,0
hausa_1_00226,Shekara 61: Saudiyya da Indiya sun taya Najeriya murna,0,0,0,3,0,0
hausa_1_00227,"Allah ya kiyaye, Saura kiris sabuwar rikici ya barke tsakanin Hausawa da Yarabawa a Ile-Ife",0,0,0,0,3,0
hausa_1_00228,allah ya taya maka jigo a siyasar nijeriya babu fushi gareka baka gaba,0,0,0,1,0,0
hausa_1_00229,Sha'aban Sharada ya taya Kwankwaso murnar cika shekaru 66,0,0,0,2,0,0
hausa_1_00230,Bikin Sallah a Kaduna: Na yi wankan sallah amma babu wurin zuwa – Rahama Sadau ta koka,0,0,2,0,0,0
hausa_1_00231,Kwalliya ta zo da gardama bayan da ciwo ya kama wata budurwa da aka karawa mazaunai a Najeriya,0,0,1,0,0,0
hausa_1_00232,Inna lillahi wa inna lillahi raji'un 😭😭😭 shugabanni kuji tsoron Allah,1,0,2,0,0,0
hausa_1_00233,Allah ya yi wa Sarkin Kauran Namoda rasuwa,0,0,3,0,0,0
hausa_1_00234,"Allah ya yi wa tsohon gwamnan Kaduna, Balarabe Musa rasuwa",0,0,3,0,0,0
hausa_1_00235,and na tayaku murna tunda an maido maku,0,0,0,2,0,0
hausa_1_00236,Ke din girmankin nan kina 25? 🍼 ko kema irin shekarun ana gaba ana baya,0,0,1,0,0,0
hausa_1_00237,Ana buro uba a Nigeria yasin😂😂 Nigeria kasata kana ganin iskanci kala kala wlh😲😲😂 Wai shikenan yaci banza koh?🙄,1,1,0,0,0,0
hausa_1_00238,"Babban Hafsan tsaron Najeriya ya tabbatar da kisan Shugaban ISWAP, Mus'ab Albarnawy",0,0,0,1,0,0
hausa_1_00239,Wallahi nayi farin ciki haka na kalli documentary din da BBC pidgin sukayi dashi with no sign of regret on him Allah ya kara tona masu asiri good job BBC 💪💪,0,0,0,3,0,0
hausa_1_00240,"E munsan da haka, Amma kuji tsoron Allah ku fadawa gwamnati gaskiya, Kamar yadda kuka Yi mata kamfe.😠",1,0,1,0,0,0
hausa_1_00241,Yadda wata mata ta yi wa jami'an PHCN mugun duka da yaje karbar wuta ana kulle (Bidiyo),1,0,0,0,0,2
hausa_1_00242,ba mamaki faruwar hakan tsakanin su domin tun nan nigeria shugaba buhari yasan bakowane zai bashi kwarin guiwar cigaba da mulkiba musamman talakkawa duba da irin halinda mu talakkawa muke ciki fargabarmu a nan itace ya sake darewa kaddara ta auku ya mutu yabar da cizon yats,0,0,0,0,2,0
hausa_1_00243,Wananna maganar banza ce😡,3,0,0,0,0,0
hausa_1_00244,"Yin rowa ga fastonka zai iya sa ka yi mutuwar kuruciya, Fasto ya ja kunnen SMAN",0,0,0,0,0,0
hausa_1_00245,"In kana duniya Abun mamaki sai ishika, Ya Allah kayi maganinsu 🤲🏽",0,0,1,0,0,2
hausa_1_00246,Allah ya haskaka makwanci: An yi jana'izar Muhammad Mursi da safen nan,0,0,3,0,0,0
hausa_1_00247,Wa'adi: Sarkin Tsafe ya riga mu gidan gaskiya,0,0,3,0,0,0
hausa_1_00248,"Allah ya la'anci Najeriya shiyasa komai ya lalace, Tsohon wazirin Katsina ya kafa hujja da Alkur'ani",1,0,1,0,0,0
hausa_1_00249,Yanzu-Yanzu: Allah ya yi wa Sanata Ali Wakili na jihar Bauchi rasuwa,0,0,3,0,0,0
hausa_1_00250,Yajin Aiki: Gwamnatin Tarayya Ta Yi Wa Malaman Makarantun Poly Godiya Saboda Komawa Bakin Aiki,0,0,0,2,0,0
hausa_1_00251,zaman da mukayi da mahaifiyata lokacin dana samu kaina cikin wata damuwa cikin raha da wasa da dariya na samu saukin abubuwan dake damuna da kuma duk lokacin da zanje na tarar mahaifiyata ta hana kowa ni kadai ta ajiyewa wani abu na musamman i love you so much momcy,0,0,0,3,0,0
hausa_1_00252,this corona wallahi tana ban mamaki wai kaji anacewa akwai yuyuwar kara samun sabuwar nau`in chutar indai coronar nan ba kirkirata akayiba chuta ce daga ubangiji yasakoma bayinsa a doron kasa domin yajarrabemu to lallai duk wani hasashe da akeyi nakarya ne,1,0,0,0,0,2
hausa_1_00253,"Hmm, mu ba subsidy ne damuwar mu ba🤷, ya za'a yi a samu sauqin wahalar da talakawa suke ciki🤷",0,0,2,0,0,0
hausa_1_00254,"Misplaced Priorities 😏 Ana nan ana kashe yan uwan ki, masoyan ki a Arewa baki ce komai ba. Kin je kina saka baki a kan harkar da bata shafi yankin ki na Arewa ba. Use this same energy and try to make a change on the problems facing the North.",2,0,1,0,0,0
hausa_1_00255,Yadda yaran masu kudi ke jin dadi,0,0,0,0,0,0
hausa_1_00256,Sheikh Dahiru Bauchi ya yi buda-baki da tawagar fastocin jihohi 19 na arewa,0,0,0,0,0,0
hausa_1_00257,"Mutuminda bashida ikon kanshi sai yadda akaso da shi, mijin Hajiya bawa a karkashin wani attajiri😂😂",0,0,0,0,0,0
hausa_1_00258,Hakimi a Yobe ya hadu da fushin gwamna bayan da ya narkawa gwamnan ashariya,3,0,0,0,0,1
hausa_1_00259,"Kagara: 'Yan bindiga basu tausayi ko tsoro, sun ce alkawarinsu gwamnati ta karya, Hauwa",0,0,0,0,2,0
hausa_1_00260,Allah ya isah Allah ya isah Allah ya isah Wlh wlh wlh............. Sai shuwagabannin mu sun shiga wuta wannan zalinci ne dabbanci ne jahilcine da dakikanta da karanchin ilimin addini wannan yahudanchi me 😠 Allah kanaji kana gani Allah ka saka mana Allah ka dauki ransu basai su,3,0,0,0,0,0
hausa_1_00261,Shugaba Buhari ya tura da saƙon taya murna da shugaban APC na ƙasa,0,0,0,2,0,0
hausa_1_00262,"Ku daina jiran masu arziki, ku auri wanda ya samu kuyi arzikin tare - Anita Joseph ta shawarci 'yan mata",0,0,0,0,0,0
hausa_1_00263,Dalilin da ya sa na daina zuwa yin jaje Zamfara – Yariman Bakura,0,0,0,0,0,0
hausa_1_00264,Allah daya gari banban: Garin da ake daukar kunkuru kamar gwal,0,0,0,0,0,2
hausa_1_00265,Barkonon tsohuwa zaa harba mar😀,0,0,0,1,0,0
hausa_1_00266,innalillahi wainna ilaihirrajiun el~rufai kaine da wannan maganar lallae kun bani mamaki muje zuwa akwai allah wlh bazaku taajin rayuwar duniya ba in har baku sauke nauyin alkawarin da kuka daukawa talakawa ba don tun wuri ku dawo garemu,2,0,2,0,0,2
hausa_1_00267,"Miyetti Allah ya jinjinawa Fadar Shugaban kasa, ta ce makiyaya ba bata gari bane",0,0,0,2,0,0
hausa_1_00268,"Ni 'yar Dirama ce, 'yar Nanaye, ina alfahari da hakan, Maryam Booth",0,0,0,2,0,0
hausa_1_00269,ka ji tsoron allaah,0,0,1,0,0,0
hausa_1_00270,Allah ya yi wa sananniyar mai fassara Al-Qur'ani mai girma rasuwa,0,0,3,0,0,0
hausa_1_00271,Murnar mutuwar Kyari: Kwamishinan da Ganduje ya tube ya yi magana a karo na farko,0,0,0,0,0,1
hausa_1_00272,Allah ya yi wa shugaban ƙaramar hukuma rasuwa,0,0,3,0,0,0
hausa_1_00273,Ku taimake mu kasar Iran na kera makaman kare-dangi suna shirin gamawa da mu - Kasar Isra'ila,0,0,0,0,3,0
hausa_1_00274,🤣🤣🤣 ko kyau bb,0,1,0,0,0,0
hausa_1_00275,"Na san Buhari sosai, mun yi aiki tare, amma yanzu ya sauya",0,0,0,0,0,0
hausa_1_00276,"A mutu ko ayi rai: Jerin taurari 6 da suka dauki makami, su na taya Ukraine yakin Rasha",0,0,0,0,1,1
hausa_1_00277,"Kirsimeti: Musulumi sun ci sun sha a gidan Fasto a Kaduna, hotuna",0,0,0,2,0,0
hausa_1_00278,"Ina Addu’a Kada Allah ya Bani Haihuwa, Yara Dawainiya ne: Budurwa a Bidiyo",0,0,0,0,0,2
hausa_1_00279,Kenan duk taron yuyuyu ne a gidan da basu kula ba 😂😂😂,0,0,0,1,0,0
hausa_1_00280,Babban hafsan Sojan sama ya nishadantar da Sojojin dake yaki da Boko Haram (Hotuna),0,0,0,2,0,0
hausa_1_00281,Ina matukar godiya - Ali Nuhu ya godewa masoya bisa ta'azziyar rashin mahaifinsa,0,0,0,3,0,0
hausa_1_00282,Da alamu Boss Mustapha da Abba Kyari su cigaba da rike mukamansu,0,0,0,0,0,0
hausa_1_00283,Yan bakin ciki sae dae ku mutu sae munci shinkafar waje baxa muci ta gida ba 😕,2,0,0,0,0,0
hausa_1_00284,"Ku Fara Duba Jinjirin Watan Shawwal Ranar Alhamis, Sultan Ya Roki Musulmai",0,0,0,0,0,0
hausa_1_00285,"Allah fa dakanshi yace ya tsinewa Mai karin gashi DA wacce ake karamawa😭😭😭 Amman ynzu ammata shikukasa a gaba,Allah yashiryamu baki daya yasa mu dace,amin",0,2,1,0,0,0
hausa_1_00286,Khadimul Islam: Ganduje ya sanya wa sabuwar gadar sama sunan wani babban malamin Islama,0,0,0,1,0,0
hausa_1_00287,Allah sarki rahma kenan kuma haka dukiya matsayi da daukaka yake karewaba ya kuma barki da halinki mu'allima rahma akoma islamiya kafin azo a fara fadamana falsafa da tajwidi karya😼😼,1,0,1,0,0,0
hausa_1_00288,Qarya uwayensu keyi yasin dakaga anyimin ita toh naga bana motsi ko sedde🤨,2,0,0,0,0,0
hausa_1_00289,"Kaga mutumin nan shi ta golf ma yake, Ya Hayyu Ya Qayyoom karemu daga wannan rashi tsoron na kasa 😭🤲",1,0,0,0,2,0
hausa_1_00290,"Bamu daina tsoron corona ba, munfi tsoron yan ta adda, yanzu bisa ga corona.✍ Ni wallahi nafison corona tazama ajalina, bisa ga na hwada hannun yan ta addannan. 🤷‍♂️🕊🕊🕊✍✍",0,0,1,0,3,0
hausa_1_00291,Wasu maza 2 da suka yiwa wata mace ta'asa da adda sun gamu da fushin kotu,0,2,1,0,0,0
hausa_1_00292,"Idan ku na so, na ba ku: Magidanci ya yi alkawarin ba Iyayen Hanifa kyautar ‘yar da ya haifa",0,0,0,1,0,2
hausa_1_00293,Duk wanda ya iya taka rawar fim din Rariya zai samu kyauta mai girma daga Rahama Sadau,0,0,0,2,0,0
hausa_1_00294,Kalli kyawawan hotunan Aisha Yesufu da mijinta yayin da suke murnar shekaru 21 da aure,0,0,0,3,0,0
hausa_1_00295,"Sosai makowa man u bata tsoro karawa da kowa, man united we stand 💪💪💪💪",0,0,0,2,0,0
hausa_1_00296,"Haramta Twitter: ‘Yan Majalisar PDP sun yi fushi, sun fice daga zauren Majalisa a fusace",3,0,0,0,0,0
hausa_1_00297,Da Dumi-Dumi: Allah Ya Yi Wa Babban Malamin Addini A Najeriya Rasuwa,0,0,3,0,0,0
hausa_1_00298,Nigeria @ 60: Sarauniyar Ingila ta aike wa Buhari da sakon taya murna,0,0,0,3,0,0
hausa_1_00299,Gaskiya ina fatan haka amma dai abin kamar da wuya😢😢😢,0,0,1,0,2,0
hausa_1_00300,"Mutuwar mutane: Lamarin ya na bani tsoro, FG ta yi watsi da Kano - Ganduje ya magantu",0,0,2,0,2,0
hausa_1_00301,Hahhah wannna Stamp duty din Cuta ce kawai wlh..... ai ke sun miki da sauqi ni almost 9k suka cire min 😂😂 wannan ai gwanda a dena free transfer din a dawo tsohon tsari😂😂😂,1,0,0,0,0,0
hausa_1_00302,Subhanallah: Jaridar Charlie Hebdo ta sake buga hotunan batanci ga Annabi Muhammadu (SAW),0,2,0,0,0,0
hausa_1_00303,El-Rufai ya tanadi fushin Ubangiji idan ya rusa cocin Zariya – Abiodun Ogunyemi,3,0,1,0,0,0
hausa_1_00304,"Abin mamaki mutum yadinga girba karya, a,haukan tunaninsa daidai yake yi kaidai kwai surrkududu🦓🦓🦓🐴🐴🐴",2,0,0,0,0,2
hausa_1_00305,Jiga-Jigan Siyasa a Gombe Sun Yi Watsi da Matakin Sanata Ɗanjuma Goje a 2023,1,0,0,0,0,0
hausa_1_00306,Innalillahi wa’inna illaihi raji’un: Allah ya yiwa mahaifiyar Dadiyata rasuwa,0,0,3,0,0,0
hausa_1_00307,Toh su yan majalisa wasu irin muta nai neh sun gama uban da zai biya bashin a kawo sun di ba rabon su😥,3,0,0,0,0,0
hausa_1_00308,wow gsky ne amma yakamata kiiya son mutum domin da mutum zaki zauna har karshen rayuwarki kuma mutum shine farin cikinki kifara gwadawa akaina,0,0,0,1,0,0
hausa_1_00309,Himm yanajin tsoron kayin daza ayi masa ne yagudun kai nai ya fashe 😋😋😋😋😋,0,0,0,0,0,0
hausa_1_00310,"Allah sarki duniya, Dan Adam daban mamaki, Aysha Allah yabaki maiisonki sabida Allah 😭😭😭😭",0,0,2,0,0,1
hausa_1_00311,"Farashin mai ya kai yadda Najeriya ke bukatarsa, dadi kan dadi",0,0,0,3,0,0
hausa_1_00312,A shirye mu ke tsaf mu shiga Kotu da Ganduje – Mawallafin Daily Nigerian Jafar Jafar,1,0,0,0,0,0
hausa_1_00313,Buhari Ya Sabunta Naɗin Garba Abari a Matsayin Shugaban NOA,0,0,0,1,0,0
hausa_1_00314,Kotu Ta Daure Basaraken Gargajiya a Legas Tsawon Shekaru 15 a Gidan Yari,0,0,0,0,0,2
hausa_1_00315,A gidan uwar wah zamu taya su murnar😒😏,3,0,0,0,0,0
hausa_1_00316,Farawa da iyawa! Jaruma Rahma Sadau ta lashe kyauta a masana'antar fina-finan kudu,0,0,0,2,0,1
hausa_1_00317,"Yanzu-yanzu: Allah ya yiwa Tsohon GMD na NNPC, Maikanti Baru, rasuwa",0,0,3,0,0,0
hausa_1_00318,Lallae koma waye a tsakiyar ocean yake tsamo tsamo😅😅,0,0,0,1,0,0
hausa_1_00319,duk sanda naga irin wannan labari ina murna da kokarin irin wanna mutane sannan ina tausayawa shugabanninmu domin yawancin su basa tsoron haduwa da ubangijinmu allah ya isar mana,1,0,2,2,0,0
hausa_1_00320,gaskiya na taya shi murna irin wannan cigaba,0,0,0,3,0,0
hausa_1_00321,"Fyade, kuma mutum 12 har tsawon wata biyu🙄",0,2,0,0,0,0
hausa_1_00322,Dan Allah ku dinga sanya mu a hanya idan munyi abinda ba daidai ba - Sanata Ahmad Lawan ya roki 'yan Najeriya,0,0,0,0,0,0
hausa_1_00323,"“Allah Ya Ba Ku Ikon Sauke Nauyi”, Tinubu Ya Taya Diri, Ododo, Uzodimma Murna",0,0,0,3,0,0
hausa_1_00324,"Kaduna: Ƴan Bindiga Da Suka Kawo Hari Sun Ji Ba Daɗi Hannun Jami’an Tsaro, Guda Cikinsu Ya Baƙunci Lahira",0,0,0,1,0,0
hausa_1_00325,Kaji yan bariki ko?😂😂 Kai ana tsiya a twitter kaji 😂😂,0,0,0,0,0,0
hausa_1_00326,Wasikar Obasanjo zai taimakawa Buhari wajen samun nasara a zaben 2019,0,0,0,0,0,0
hausa_1_00327,Wani shu'umin matsafi da ya kashe 'yan sanda biyu ya gamu da fushin sojojin Najeriya,2,0,0,1,0,0
hausa_1_00328,"Innalillahi wa inna ilaihi raji’un: Miji ya yi ma matarsa yankan rago a Kano, ya binne gawar",0,1,3,0,0,0
hausa_1_00329,"Aiki na Kyau: Dalilin Shugaban kasa Tinubu Na Ware Abba, Ya Jinjina Masa Cikin Gwamnoni",0,0,0,3,0,0
hausa_1_00330,Labari ne mai ban tsoro - Kungiyar tuntuba ta arewa ta yi Allah wadai da kisan Hanifa,0,0,3,0,2,0
hausa_1_00331,Buhari ya yi murnar cikar ‘Danuwansa Malam Mamman Daura shekara 80,0,0,0,3,0,0
hausa_1_00332,Zaki iya samon Namujin kowari 🙏mai tsoron alla 👨Mai hankali ta bangaren moamalasa tare da in Mata 👳Mai tsapta akowane lokaci 😇Mai mormoshi akowane lokaci Saboda mormoshi yakan tsanya zocia fari 😎Alla yabaki she koda ne na,0,0,0,1,0,0
hausa_1_00333,"Surukar marigayi Bilyaminu, Maimuna Aliyu tana kotu bisa tuhumar wawurar dukiyar gwamnati",0,0,0,0,0,0
hausa_1_00334,Kada ku kuskura ku zabi wanda ba shi da takardun kammala karatu - Sanusi ya gargadi 'yan Nigeria,0,0,0,0,0,0
hausa_1_00335,Kadage da cin bashi har a takai bature ya sallama gidanka yace fito nabiya kudinka😂,0,0,0,1,0,0
hausa_1_00336,Dan Allah kaduva wai mutun 50 ynxu Dan Allah ko kaji aka diba masu adadinnan ai dole kai mamaki...kuma wlh va abinda xaai😓😥,2,0,2,0,0,0
hausa_1_00337,"Hotunan tsuleliyar budurwa da ta zama likita sun gigita samari, suna mika kokon bararsu",0,0,0,0,0,2
hausa_1_00338,Kowa yayi fada da damisa... tau bashida hankali 🤧 a garzaya dashi gidan mahaukata,0,0,0,0,0,0
hausa_1_00339,fatan alkairi a duk inda kake mai gida allah ya kare mana kai ya yayemaka damuwa ya kara maka masoya i stand with you saira,0,0,0,2,0,0
hausa_1_00340,Buhari ya taya Obasanjo murnar cika shekaru 83 da haihuwa,0,0,0,2,0,0
hausa_1_00341,Masha Allah muna taya sabbin masarautunmu kamar da kuma murna da fatan Allah ya daga likafarsu. 👍 👑,0,0,0,3,0,0
hausa_1_00342,"Dalibai 5 mata sun yi wa malaminsu a makarantar sakandire fyade, ya suma",1,2,0,0,0,2
hausa_1_00343,Kace baka da niyya dai🙄🙄,1,0,0,0,0,0
hausa_1_00344,Allah ya qara lfya Muma Muna taya kanmu murna cika shekara 14 muna Azumi 30 na Ramadan duk wata🏃🏃🏃,0,0,0,3,0,0
hausa_1_00345,Hotunan Abdulmumin Jubrin da kyakyawar matarsa,0,0,0,2,0,0
hausa_1_00346,bama mamakin maganarka prof saboda kai yanzu kazan dan siyasa,0,0,0,0,0,0
hausa_1_00347,Buhari ya halarci bikin taya Nijar murnar cika shekaru 60 da zama Jamhuriya,0,0,0,3,0,0
hausa_1_00348,Dalla-dalla kan sabon nisabin sadaki tare da Sheikh Khamis Al-Misriy,0,0,0,0,0,0
hausa_1_00349,"Da duminsa: ‘Yan Boko Haram 113 da matansu sun gamu da fushin kuliya, an yanke masu hukunci",1,0,0,0,0,0
hausa_1_00350,Ni abinda ke kara bani mamaki anan shine....Ance wai namijine yayi recorded din bidiyon....How come she take off her clothes agaban namijin da ba maharramintaba sabo Allah.......? To be honest the guy leaked the clip was wrong 👎🏿 But her careless was 85% in the incident 😭,1,0,0,0,0,2
hausa_1_00351,😭😭 duk sanda naga irin wannan labari ina murna da kokarin irin wanna mutane sannan ina tausayawa Shugabanninmu ! Domin yawancin su basa tsoron haduwa da ubangijinmu. Allah ya isar mana!,2,0,2,1,0,0
hausa_1_00352,Mai bada shawara na musamman a fannin lafiya ga gwamnan Kwara ya yi murabus,0,0,1,0,0,1
hausa_1_00353,Ikon Allah: Kofura Bashir Umar wanda ya mayar da kudi N15m ya samu zuwa Hajji,0,0,0,1,0,3
hausa_1_00354,"Ko shakka sai kudin Hajji ya tashi, babu yadda muka iya - NAHCON",0,0,2,0,0,0
hausa_1_00355,Ta rubuta Al-Qur’ani gaba daya da tawadan ruwan Zinari,0,0,0,0,0,2
hausa_1_00356,Dake da ita bakuda bambanci! Gwamma ma rigarta sau dubu akan taki...Wlh muji tsoron Allah mu dinga tuna mutuwa da kwanciar qabari. Rayuwar yahudawa ta daina rudar mu👏🏾Allah ya shirya mu muduka,1,1,1,0,1,0
hausa_1_00357,Annobar Corona: Sultan ya bayyana bacin rai da yadda gwamnoni suka bude wuraren ibada,2,0,0,0,0,0
hausa_1_00358,"Kwarai Taska muna murna, kwana biyu basu kifar da kaibaaa🤣🤣",0,0,0,3,0,0
hausa_1_00359,Babbar Sallah: Wani Gwamnan Arewa Ya Bada Umarnin Biyan Ma'aikatan Jiharsa Albashi Kafin Sallah,0,0,0,3,0,0
hausa_1_00360,Lafiya Uwar Jiki: Anfanin kafar kaza 4 a jikin dan adam da zasu baku mamaki,0,0,0,1,0,1
hausa_1_00361,"Sanata Aliyu Wamako, dan takara Ahmed Aliyu sun taya Tambuwal murna",0,0,0,2,0,0
hausa_1_00362,"Ba mamaki faruwar hakan tsakanin su domin tun nan Nigeria shugaba Buhari yasan bakowane zai bashi kwarin guiwar cigaba da mulkiba musamman talakkawa, duba da irin halinda mu talakkawa muke ciki fargabarmu a nan itace ya sake darewa kaddara ta auku ya mutu yabar da cizon yats😭😭.",2,0,2,0,2,0
hausa_1_00363,Kuna tsoron kar ya kullu ku ne kuma? 😅😅,0,0,0,1,0,0
hausa_1_00364,wata zatayi murna da wannan labarin 😊,0,0,0,2,0,0
hausa_1_00365,Ramadana: Yadda kankara ta zama kamar nama a Kano saboda tsananin zafi,0,0,0,0,0,2
hausa_1_00366,Tafarnuwa Sinadarin soyayya,0,0,0,1,0,0
hausa_1_00367,"An gurfanar da faston da ya nemi mabiyansa su biya N300,000 kudin shiga aljannah",0,0,0,0,0,2
hausa_1_00368,Kalli wata kyakkyawar Amarya tana sumbatar Mahaifiyarta.,0,0,0,2,0,0
hausa_1_00369,Coronavirus: Atiku Abubakar ya yi wa Abba Kyari addu’ar samun lafiya,0,0,2,0,0,0
hausa_1_00370,"Soyayya: Labarin kyauta, sadaukar da kai da Maza su kayi wa Matan Twitter",0,0,0,1,0,0
hausa_1_00371,"Daliban KASU Sunyi Zanga-Zanga, Sun Tare Titin Zuwa Gidan Gwamna",2,0,0,0,0,0
hausa_1_00372,abun mamaki bare taba karewa bah,0,0,0,0,0,2
hausa_1_00373,Dama bayin kanawa ne 🤣,0,0,0,2,0,0
hausa_1_00374,Masha Allah 😊 Na taya su murna,0,0,0,3,0,0
hausa_1_00375,Ba mamaki ana dafa abinci a gefe..😂🤣😁,0,0,0,2,0,0
hausa_1_00376,Tab mu ai manyan mu sun dade Suna bamu mamaki😂😂😂da irin sace sacen da akeyi a lalitar talakawa wani lissafin satar ma sai ta kwancewa mutum lissafi🤣🤣😂😂😂😂🤣🤣🤣,1,0,0,0,0,3
hausa_1_00377,Allahu Akbar: Labarin wani gurgu da ya samu mukami a ofishin Shugaban Majalisa,0,0,0,0,0,3
hausa_1_00378,Allah ya yi wa wani hamshakin dan kasuwar Najeriya rasuwa,0,0,2,0,0,0
hausa_1_00379,Allah yayiwa babbar Yayar Sule Lamido rasuwa,0,0,3,0,0,0
hausa_1_00380,"Kai amman an raina ma talaka wayo wlh, An kasa baka tsaro kuma anzo ana cewa ka daina jin tsoron yan bindiga, """"""""""""""""""""""""""""""""Kai kaji zancen banza"""""""""""""""""""""""""""""""".🤔🤔",3,0,0,0,0,0
hausa_1_00381,Hmmmm Sai yanzu kk dawo Kenan a semifinals Zaa Kara cire ku I am telling you this 😂😂😂😂. @user,0,0,0,2,0,0
hausa_1_00382,😂😂😂Suji inda dadi,0,0,0,2,0,0
hausa_1_00383,Sarkin Ilorin ya yi godiya ga Buhari kan nada dan jihar a matsayin sabon shugaban ma’aikatansa,0,0,0,3,0,0
hausa_1_00384,"Rikicin APC a jihar Kaduna: El-Rufai ya shirya kwashe inasa-inasa daga gidan gwamnati, zanyi takara insha Allahu – Shehu Sani",0,0,0,0,0,0
hausa_1_00385,An kawata birnin Sokoto saboda bikin diyar Sarkin musulmi,0,0,0,2,0,0
hausa_1_00386,"Sojoji sun kashe 'yan bindiga 78, sun kwato bindigu masu yawa a Zamfara",0,0,0,1,0,0
hausa_1_00387,Janye gayyatar da NBA ta yiwa Elrufai: Yan Shi'a mabiya Zakzaky sun yi farin ciki,0,0,0,1,0,0
hausa_1_00388,😠Su zauna ayita kashesu karsu dawo arewa tunda su mayu ne Basu San datajar ransu da mutuncin su ba. Daure su akayi ne ko dole ne Sai sun zauna a kudu,3,0,0,0,0,0
hausa_1_00389,wato banki yan iska neh aswear 🤣🤣🤣 and they don’t take your money sai kinyi niyan ciran wani “special amount” sai ki ji “insufficient funds” 😂😂😂,2,0,0,0,0,0
hausa_1_00390,"Za Ayi Sallah da Aljihu a Cike, Gwamnatin Kano Ta Biya Fansho da Albashi Babu Giɓi",0,0,0,3,0,0
hausa_1_00391,Zama cikin muguwar qasa 😢 ba'a san darajarsuba ahiyassa ko sunzama wani abu basu sanin darajar kowa hakan shike tabarbare lokacinsu,2,0,1,0,0,0
hausa_1_00392,"Yanzu-yanzu: Allah ya yiwa tsohon kwamishanan yan sanda, Abubakar Tsav, rasuwa",0,0,3,0,0,0
hausa_1_00393,Ba fulani bane ke haddasa rikicin kudancin Kaduna - Janar Buratai,0,0,0,0,0,0
hausa_1_00394,Mtssss . Zancan iska .. ...matsiyatan banza kawae .... damuwar sune .. mude talakawa badamuba .. bamumasan anayiba...🤠🤠🤠🤠,3,0,0,0,0,0
hausa_1_00395,Ramadan: Kalli yadda Sarkin Kano yake karatun Al-Qur’ani a Masallacin Annabi (SA.W),0,0,0,0,0,1
hausa_1_00396,Magidanci ya yi wa matarsa mai juna biyu mugun dukan da ya kai ta lahira,1,2,2,0,0,1
hausa_1_00397,Hhhh ka ji acici fa🤔😂 ita abinci ne damuwarta kawai 🤦🏼‍♂️😂,0,0,0,1,0,0
hausa_1_00398,Buhari dai ya lashe zabe 🎊 mu a unguwarmu har munfara murna,0,0,0,3,0,0
hausa_1_00399,hahaha wai dari bisa miliyanjahilci bai yi ba wlhy in ba tsoro ba ya fadi waye tsula mana a tsula masa bulala a cikin birnin kano kuwa,2,0,0,1,0,0
hausa_1_00400,"Fasto Ayodele Ya Bayyana Dalilin Bishop David Oyedepo, Paul Enenche Na Goyon Bayan Peter Obi",0,0,0,0,0,0
hausa_1_00401,"Bahaushe yache """"""""""""""""""""""""""""""""Tsuntsun daya ja ruwa shi ruwa kan doka"""""""""""""""""""""""""""""""" in banda asara irin taku a matsayinku na yayan musulmai hausawa ache wai mace baliga tazo gaban wani da namiji tayi tsirara Innalillahi 😭 wai a haka kuke claiming wai tarbiya kuke bayarwa ga irin tanan munga irin tarbiyar",2,2,2,0,0,0
hausa_1_00402,Bola Tinubu Ne ’Yan Najeriya Suka Fi Neman Bayansa a Kafar Google a Shekarar Nan a 2022,0,0,0,0,0,0
hausa_1_00403,Gsky ne ina ruwan mu da end sars Secure arewa shine damuwar mu Allah yasa su hankalta🤦‍♂️,2,0,1,0,0,0
hausa_1_00404,Muma bazamu daina ba jiki magayi😂wai tsakuwa ya tauna dan aya taji tsoro karyan banza .. daina siyan kayansu da akayi a kasashen musulmai ya mishi zafi dan naji dazu a news ba karamar asara aka tafka ba daman ga corona Wallahi macron sai kaci uwatai😂😂😂😂,2,0,0,0,0,0
hausa_1_00405,Sheikh Dahiru Bauchi ya bayyana babban sirrinsa na haddar Al-Qur'ani,0,0,0,1,0,0
hausa_1_00406,Haka su Kace kina da girman kae idan kikayi post mutum yayi maki comment bakya reply bara naga da gaske suke Kokuma Karya suke 🤔🤔🤔,0,0,0,0,0,0
hausa_1_00407,Ai shi ya janyo hakan😎,0,0,1,0,0,0
hausa_1_00408,Namibia ta fi kowace kasa a nahiyar Afirka tituna masu kyau - Africa Facts Zone,0,0,0,0,0,0
hausa_1_00409,Liverpool da Madrid: Allah ne ya hukunta Salah saboda kin yin azumi - Malamin Islama,1,0,0,0,0,0
hausa_1_00410,"Abin da gwamnatin mu take yi don tabbatar da zaman lafiya ya dawo Zamfara cikin ƙanƙanin lokaci, Buhari",0,0,0,1,0,0
hausa_1_00411,Hamza Al-Mustapha Ya Bayyana Manyan Matsalolin da Za a Fuskanta a Zaben 2023,0,0,0,0,0,0
hausa_1_00412,Musulunci ya samu karuwa: Peter da Joshua sun koma Muhammad da Sulaiman a birnin Jalingo,0,0,0,3,0,0
hausa_1_00413,Nageria da dadi mallam 😂 😂,0,0,0,3,0,0
hausa_1_00414,"Cikin fushi, budurwa ta wallafa bidiyon yadda tela ya canza sitayel din da ta zaba",3,0,0,0,0,0
hausa_1_00415,"Kadan suka fara gani. #IMF ta fara kansu. Dama! In har bakaji bari ba, kaji hoho. 😂",0,0,0,2,0,0
hausa_1_00416,"Innalillahi wa inna ilaihi rajiun! Sarkin Rano, Autan Bawo sa'i yayi 😢😭😭 Allahu ya ƙarbi baƙuncin ka Ya gafarta maka da rahma HRH Dr Tafida Abubakar Ila Ameen ya Rahmaan. https://t.co/iBFDNKhRvh",0,0,3,0,0,0
hausa_1_00417,Dubun wani babban fasto mai tsafi da kananan yara ta cika (Hotuna),0,2,0,1,0,0
hausa_1_00418,Hahaha an 6atar da wasu files Kenan sbd tsoron sabon chairman effcc 😅😂🤣,0,0,0,2,0,0
hausa_1_00419,"Daga Sanarwar Ya Lashe Zabe, Gwamna Ya Bada Umarnin Karawa Ma’aikata Albashi",0,0,0,2,0,2
hausa_1_00420,"Allah ya yiwa na hannun daman Atiku, Adamu Modibbo rasuwa",0,0,3,0,0,0
hausa_1_00421,allah shine mai bayarwa saboda haka babu mamaki in suka samu allah ya basu,0,0,0,0,0,0
hausa_1_00422,Alheri gadon barci: Halayyar kirki da wani mutumi ya nuna ma wata Zakanya ya sa sun shaƙu da juna,0,0,0,1,0,2
hausa_1_00423,"Bidiyo: Matar aure ta bai wa mai kayan miya kyautar N1m, ta bayyana alherin da yayi mata a baya",0,0,0,2,0,2
hausa_1_00424,kai kalli mutanen arewa abun farin ciki yasamu amma kalli like yayi karanci amma da abun sukan shugaban kasa daga likes dayawato allah yasaka da alheri shugaba buhari,0,0,0,0,0,1
hausa_1_00425,Gobnati na tsoron ya mutu a hannun ta ne kawai 👌,0,0,0,0,1,0
hausa_1_00426,"Yan bindiga sun kashe mutum 7 yan gida daya, da wasu mutum 17 a sabon harin jihar Kaduna",1,0,3,0,2,0
hausa_1_00427,"Wani malalacin Maigida ya gamu da fushin Uwargida, ta kwance masa zani cikin kasuwa",2,0,0,0,0,1
hausa_1_00428,Zahra Buhari da Angon ta suna soyewa,0,0,0,2,0,0
hausa_1_00429,"Dandalin Kannywood: Babban buri na shine inyi aure, in zama uwa - Rahma Sadau",0,0,0,1,0,0
hausa_1_00430,Muna taya murnar samun wannan award da akayi Allah yakara baseera da daukaka ameen 🙏🙏,0,0,0,3,0,0
hausa_1_00431,"Son hada kan Najeriya na saka ni hauka, Okorocha ya nuna damuwarsa kan Najeriya",0,0,2,0,0,0
hausa_1_00432,Me tabayyana Dan gutsun uwarta 😠😠,3,0,0,0,0,0
hausa_1_00433,"Ina asibiti, bani da lafiya - Abdulrasheed Maina ya maida martani ga hukuncin Kotu",0,0,1,0,0,0
hausa_1_00434,Hawa'u Sale na neman taimako cikin gaggawa,0,0,2,0,0,0
hausa_1_00435,"Gwamna ya shiga shaukin soyayya, ya zuba kalamai masu ratsa zuciya domin taya matarsa murna",0,0,0,3,0,0
hausa_1_00436,Ana Fargabar da Yawa Sun Mutu a Wani Kazamin Harin Yan Bindiga a Jihar Benue,0,0,1,0,3,0
hausa_1_00437,"Labari da duminsa: Hotunan mummunan fashewar butalin iskar gas a Legas, ana fargabar wasu sun mutu",0,0,1,0,3,0
hausa_1_00438,Ruwan zafi ba wajan wasan kwado bane. Suje 🇹🇩 Chadi mana,1,0,0,0,0,0
hausa_1_00439,"Tau ganiga wane ya ishi wane tsoron Allah. Natabbata she's doing something wrong that's why she was exposed. Am not happy rather than sad 😔 Allah tsayannan, sauran mata kukama kanku",0,0,3,0,0,0
hausa_1_00440,Ali Nuhu ya yi wa abokansa da sauran yan Super Eagles fatan alkhairi,0,0,0,2,0,0
hausa_1_00441,"Innalilahi wainna ilaihi Raji'un gaskiya yanzudai kam nayarda, wannan tsohon ba kaunar talakawa yakeba , ba kaunar cigaban Nigeria yakeba , subahanallah , gaskiya nayi danasanin zabarka 😢",2,0,3,0,0,0
hausa_1_00442,"Ina son Allah ya mun hisabi kan duk abin da harshe na ya faɗa, Sheikh Khalid",0,0,0,0,0,0
hausa_1_00443,"Toh yanzu idan caji ya kare maka kana tsakiyar kan hanya, toh ya mutum zai yi kenan? Ta wani hannun wannan ci gaba ne. Na san aikin Jelani Aliyu ne wannan. 👏👏",0,0,0,0,0,0
hausa_1_00444,Yanzu-yanzu: Ƴan fashi sun kai hari gidan Abiola a Legas,0,0,0,0,3,0
hausa_1_00445,Kotu Ta Kori Dan Takarar Majalisar Tarayya Na PDP a Jihar Imo,0,0,1,0,0,0
hausa_1_00446,Gwamnati ta shawo kan Malaman asibitin da ke shirin bin kwararrun Likitoci zuwa yajin aiki,0,0,0,2,0,0
hausa_1_00447,An shiga halin fargaba a sansanin NYSC da ke Zamfara yayin da ‘yan bindiga suka sace masu yiwa kasa hidima,0,0,0,0,3,0
hausa_1_00448,"Shugaba Buhari, Saraki, Dogara sun halarci daurin auren diyar SGF Boss Mustapha",0,0,0,2,0,0
hausa_1_00449,Mudai kawai abunda Allah yakaimu 2023 za’a ga abun mamaki a Nigeria 🇳🇬 inshallahu,0,0,0,0,0,1
hausa_1_00450,shi yace ya warke bbc kuji tsoron allah,0,0,0,0,0,0
hausa_1_00451,Sir karya takai tun kafin a haife ta nake kallon films dinka 😂 😂 😂,1,0,0,1,0,0
hausa_1_00452,Ai wannan babban abun kunya ne bama agareshi kawai ba harda sauran manyan jarumai da celebrities na arewa basa damuwa wajen bada goyon baya a irin wa'innan zanga zangan daya kamata ace sune kan gaba amma kashhh!!! 😒😤🙄,2,0,1,0,0,0
hausa_1_00453,"Ok shi wannan yaron dan ana lallabashi gani yake kamar tsoronsa akeji, Hmm yaro baisan wuta ba sai ya taka America tafishi hauka yaseen🤒",2,0,0,0,0,0
hausa_1_00454,Innalillahi wainna ilaihi rajiun as a northerner also nothern Muslim acting like dis hasbunallahu wani’imal waqil Allah ya qara shirya muuu wlh duniya babu tabbas kiji tsoron Allah kibar abinda kikeyii Allah ya yafema na kura kuran muu 😫🙏🙏🙏,0,1,2,0,2,0
hausa_1_00455,Mudai muna ruwa 😔 Ba damn kallo,0,0,1,0,0,0
hausa_1_00456,Ki tuba' - Pantami ya yi wa matashiya wa'azi bayan ta kira shi da 'dan aljannah',0,0,0,0,0,0
hausa_1_00457,Wannan labari ne mai ban tsoro gaskiya kuma baimin dadin ji ba🤗,0,0,0,0,2,0
hausa_1_00458,Har yanzu yana cikinmu: APC ta ƙaryata jita jitar fatattakar Oshiomole daga jam'iyyar kwata kwata,0,0,0,0,0,0
hausa_1_00459,ashe Tanko na tsoron Corona virus🤣,0,0,0,0,0,0
hausa_1_00460,Kai abinda mamaki! Shikuma na kaduna sai gashi ya kamu bayan tarin cudedeniyar da sukayi🤔,0,0,0,0,0,3
hausa_1_00461,Dan hakin daka raina: Jam’iyyar PRP ta bada mamaki a jahar Bauchi,0,0,0,0,0,3
hausa_1_00462,"Katobara: Allah-n da ya yi mana maganin mulkin Abacha, shine zai kara taimakon mu a 2019 – Obasanjo",0,0,0,0,0,0
hausa_1_00463,Taya ya wannan ya zama mafita ga damuwan yan Nigeria 🇳🇬,0,0,0,0,0,0
hausa_1_00464,"😂😂😂 kash kaga tsiyar mutanenan ko, badamuwa inya kauce wa hukunckin kotu bai Isa ya kaucewa na ubangiji ba ai. Allah na Nan a madakata.",1,0,1,0,0,0
hausa_1_00465,Bullar cutar Korona ya nuna cewa Allah na fushi da mu - Aisha Buhari,0,0,0,0,2,0
hausa_1_00466,👀Babu yanda za'ai jinin yan uwanmu yana malala🩸kuyi tunanin zamu tayaku murnar Democracy Day🤔 Wallahi karyane 😭 #NorthernLivesMatter,3,0,1,0,0,0
hausa_1_00467,Katsina: 'Yan ta'adda sun halaka mataimakin kwamishinan 'yan sanda tare da jami'i 1,0,0,3,0,2,0
hausa_1_00468,Sabuda wassu kishiyoyin basuda respect 👈👌,1,0,0,0,0,0
hausa_1_00469,Yadda ake bikin murnar rabuwar aure a kasashen Larabawa,0,0,0,0,0,2
hausa_1_00470,"Malam Aminu ataimaka kar wnan abu yazama gaskiya dan yaran before fatiha zasuyi yawa ga murja, sumayya sanan ga Mahmud abun yayi yawa gaskiya. Gara dai acire mana sumayya sbd tsaro badin tsoro ba🙈🙈",0,0,0,0,1,0
hausa_1_00471,Inda ranka! Miji ya taya matar sa murnar ta haifar masa 'shege' (Hotuna),0,0,0,0,0,3
hausa_1_00472,Kano: Bashir Ahmed da Aisha Yesufu Sun Buga Kan Matakin Abba Kabir Game da Haramta Fim,0,0,0,0,0,1
hausa_1_00473,Kace ba a Nigeria kadai bane akwai en iska 😂😂😂,0,0,0,1,0,0
hausa_1_00474,Kudai kashe mu hankalin ku sai yafi kwantawa Da wani charges xamu jii na biyan kudin fansa ko na fargaban tafiya kan hanya. This is madness 😏😏,3,0,0,0,0,0
hausa_1_00475,"Yan aware daga Kamaru sun shigo Najeriya, sun kashe mutane, sun kone gidaje",0,0,2,0,3,0
hausa_1_00476,"Sama da Kashi 75% Na Yan Najeriya Basa Jin Daɗin Gwamnatin Buhari, Sanatan APC",1,0,1,0,0,0
hausa_1_00477,"Shukakken Bam ya tashi da motar Sojoji, yayi sanadiyar mutuwar hafsan Soja, Abdullahi Alhassan",0,0,3,0,1,0
hausa_1_00478,"Innalillahi wa inna ilaihi rajiun.. Rahama kiji tsoron Allah s.w.t ki dena sanya irin wadannan pictures a kafafen sadarwa a matsayinki na musulma, ki tuna da mutuwa, Kuma sam ba alkhairi akan tsinuwarda al'umma ke maki😭😭😭",1,0,2,0,1,0
hausa_1_00479,kudi kenan maganin zaman duniya babu komya babu tsoron allah,0,0,0,0,0,0
hausa_1_00480,"Da ya bai wa mahaifinsa hantarsa, an yi aikin cike da nasara, sun yi hotuna cikin farinciki",0,0,0,3,0,0
hausa_1_00481,Rayuwar abun ban tsoro ce an ma raini yara da soyayya da kauna sun botsare inaga an kuntata masu .Cutar da yaro baya da wani amfani mata da iyaye maza suna yin babban kuskure tunba shi Uba yana gani ana cutar da yayansa idan mahaifiyarsu bata gidan sai ya kauda ido matar uba 😬,0,0,2,0,0,0
hausa_1_00482,"1) Sauna kira mana shasha in kaga wawa ku taho tare, 2) Kwadayi mabudin wahala, 3) Susu da shasha 🤣",0,0,0,0,0,0
hausa_1_00483,Wai me ke damuwar BBC hausa kwanan nan? Who is managing this account please?😏😏,1,0,1,0,0,0
hausa_1_00484,"Satar 'yan makaranta: Sama da dalibai 12m sun firgita, su na tsoron zuwa makaranta, Buhari",0,0,0,0,3,0
hausa_1_00485,"YDG yawan fushi daga kwakwalwa ne ba Ara ake yi ba, domin wani abinda kayi mai duka baya fushi wani kuma cikin sauri yake yi 😆😏😣😥😴",0,0,0,0,0,0
hausa_1_00486,"Haba nifa ba dressing naki ke ban haushi ba sbd naga wanda suka fini iya magana sunyi kuma kina da masoya masu sanki masu fada miki gaskiya,har da fada a kanki sai dai abin da yake ban tsoro da takaici wai akanki ake zagin manzon mu😭😭Rahma kiyi tunani kiwa kanki fada...",3,0,2,0,1,0
hausa_1_00487,allah kara musu fahimtan juna da zaman lafiya na taya su murna,0,0,0,3,0,0
hausa_1_00488,Akwai yiwuwar a fara wahalar man fetur a gidajen man Jihohin Arewa saboda bashin N50bn,0,0,1,0,1,0
hausa_1_00489,Allah Ka Rabumu Da Mugun Miji: Bidiyon Karamar Yarinya Tana Addu’a Ya Ja Hankali,0,0,1,0,0,1
hausa_1_00490,Kotu ta ɗaure wasu mutum biyu saboda 'Sihirin ninka kuɗi' a Sokoto,1,0,0,0,0,0
hausa_1_00491,Wai malam abduljabbar😁kuce tantiri abduljabbar,0,0,0,0,0,0
hausa_1_00492,"Hajiya Zeenat El-Zakzaky ba ta kamu da korona ba, Hukumar gidan gyara hali",0,0,0,0,0,0
hausa_1_00493,Allah mai iko: Wani Kirista da yake zuwa Masallacin Juma'a yana shiryawa masallata takalmansu sannan yayi musu gadi,0,0,0,0,0,3
hausa_1_00494,To kekuma meya kawo ki keda ba yar hausawa bace😂😂 Kefa yar fulani ce ki bari sai ranar fulatanci zamu taya ki murna 😂,0,0,0,2,0,0
hausa_1_00495,Kundin Kannywood: Saura kadan ya rage na auri Nafisa Abdullahi da Fati Washa,0,0,0,0,0,0
hausa_1_00496,COVID-19: Gwamnatin Kano ta soke yin dukkan hawan sallah da shagulgula,0,0,0,0,2,0
hausa_1_00497,An kama Jarumin Nolly wood,0,0,0,0,0,0
hausa_1_00498,Hanyoyi 5 na musamman da Musulmi zai bi ya shirya zuwa watan Ramadan Mai Albarka,0,0,0,1,0,0
hausa_1_00499,Hahahaha 😂😂😂 Kaih jama a masu Shan wiwi zasuyi murna,0,0,0,2,0,0
hausa_1_00500,Ai sun lalace suma😊😆,0,0,0,0,0,0
hausa_6_00001,Mota ta markade wani mutum hanji ya fita.,0,3,1,0,0,0
hausa_6_00002,Amarya ta kwalba majina cikin miya,0,3,0,0,0,0
hausa_6_00003,Tsutsotsi na fita daga ciwon wani matashi.,0,3,0,0,0,0
hausa_6_00004,Jariri yayi tumbudi cikin madara.,0,3,0,0,0,0
hausa_6_00005,Wata mata ta tsotse ruwan ciwon mijinta.,0,3,0,0,0,0
hausa_6_00006,Wani mutum ya shanye fitsari a gorar lemu.,0,3,0,0,0,0
hausa_6_00007,Akuya ta yi zawo a cikin kunun maijego.,0,3,0,0,0,0
hausa_6_00008,Warin ɓera ya hana zaman taro.,0,2,0,0,0,0
hausa_6_00009,Matashi dauke da rubabben tunaturi kamar zawo,0,3,0,0,0,0
hausa_6_00010,Agwagwa ta fallatsa ruwan kwata mai wari a fararen kayan wani mutum,0,3,0,0,0,0
hausa_6_00011,Ƙarar jirgin kasa ya hana magidanta bacci.,1,1,0,0,0,0
hausa_6_00012,Yaro ya tauna busasshen kashi,0,3,0,0,0,0
hausa_6_00013,Da mutumin yazo kusa dani Sai naji jikinsa na warı da ƙari Kamar wanda ya shekara bai wanka ba,0,3,0,0,0,0
hausa_6_00014,"Waken ya lalace, ya cika da kananan tsutsotsi har ya koma kama da zawon jariri",0,3,0,0,0,0
hausa_6_00015,Yaran yayi kashi a cikin dakin duk yabata bangon dakin,0,3,0,0,0,0
hausa_6_00016,Saucikin Bala hamami yake kamar mushe,0,3,0,0,0,0
hausa_6_00017,Taliyar tayi hunhuna yauki takeyi a flask din,0,2,0,0,0,0
hausa_6_00018,baƙi na Shan ruwan rafi da mutanen gari ke wa fitsari,0,3,0,0,0,0
hausa_6_00019,Yaro yayi zawo yana dagula shi da hannu yana sawa a baki,0,3,0,0,0,0
hausa_6_00020,Mutumin yana gogo jikin sa da tawul da aka goge yawun mai ciki,0,3,0,0,0,0
hausa_6_00021,Tana kwance dankwalinta sai ga wasu ɓula ɓulan kwarkwata suna ta yawo a tsakar kan,0,3,0,0,0,0
hausa_6_00022,Yaron ma'kotan mu da ya 'kone a cinya kiyashi sun baibaye 'konuwar suna ta tsatssagar ciwon,0,3,0,0,0,0
hausa_6_00023,baragurbin kwai ya fashe a cikin kasuwa mutane duk sun watse suna toshe hanci,0,3,0,0,0,0
hausa_6_00024,Tsutsosi suna cin rubabben nama.,0,3,0,0,0,0
hausa_6_00025,Jaririn yayi tumbudi a ruwan shayi,0,3,0,0,0,0
hausa_6_00026,"Ai abun sai wanda ya gani, duk sun bata dakin da miyaun goro ba kyawon gani.",0,3,0,0,0,0
hausa_6_00027,"Wani yaro yasamu mangoro acikin shara yanaci, dukda tsusar dake jiki tana mosti",0,3,0,0,0,0
hausa_6_00028,Kanta wari yake yi saboda kurajen kanta sunyi ruwa har sun zama gyambo,0,3,0,0,0,0
hausa_6_00029,Yara suna wasa a ban-daki da kwabebben zawo a moda,0,3,0,0,0,0
hausa_6_00030,Yaron yazo yanata kwakular tasano yana tsotsewa,0,3,0,0,0,0
hausa_6_00031,ɗan'uwa na ya zuba majina locakin da nake Cin abinci,0,3,0,0,0,0
hausa_6_00032,Masai cike da kashin da ba'a Kora ba se wari yakeyi,0,3,0,0,0,0
hausa_6_00033,Ruwan kashi ya cika masai tsutsotsi sai yawo suke,0,3,0,0,0,0
hausa_6_00034,Tushen banɗaki ya toshe kuma yana zubar da kashi cikin bandakin.,0,3,0,0,0,0
hausa_6_00035,kwan data fasa ya lalace dan wari sai da nayi amai.,0,3,0,0,0,0
hausa_6_00036,Tufafin da aka tara a kwandon tsakar gida saboda gumin hammata sun fara wari mai tsanani kamar kayi amai,0,3,0,0,0,0
hausa_6_00037,Jikinta se warrin rana yake mara dadin ji,0,3,0,0,0,0
hausa_6_00038,"Wajen da aka yi hastarin mota jiya, jini kamar a mahauta",0,3,0,0,0,0
hausa_6_00039,Ya taka kashin shanu a kan titi takalmin shi ya baci,0,2,0,0,0,0
hausa_6_00040,Yaro ba Riga da ƙuna a jikin sa yana yawo,0,3,0,0,0,0
hausa_6_00041,Mahaukaci ya tara baki yana shan ruwan kwata.,0,3,0,0,0,0
hausa_6_00042,Yaro mara lafiya yayi amai a cikin abinci matar,0,3,0,0,0,0
hausa_6_00043,"An tara himilin kayan wanke wanke a bakin famfo, ga gansa kuka duk ta mamaye gurin",0,3,0,0,0,0
hausa_6_00044,An fito da kayan Mahaukacin mutumin nan na kan bola bayan anyi masa wanka suna wari wani hamami yana tashi.,0,3,0,0,0,0
hausa_6_00045,Jaririn yayiwa babansa tunbudi a baki yayin wasa dashi,0,3,0,0,0,0
hausa_6_00046,Cikin mataccen jakin ya fashe.,0,3,0,0,0,0
hausa_6_00047,Samari sun hada daba suna shaye shaye duk sun bata wurin da karan sigari,0,3,0,0,0,0
hausa_6_00048,Gyambon gwiwar mutumin yana fitar da tsutsa da ruwa mai wari,0,3,0,0,0,0
hausa_6_00049,koramar duk masu wanka cikinta kyanda ke garesu.,0,3,0,0,0,0
hausa_6_00050,Wata mata ta saka rigar yarta a bokiti bayan tayi kashi,0,2,0,0,0,0
hausa_6_00051,Yaro a zaune dagaje-dagaje da majina a kusa da abinci,0,3,0,0,0,0
hausa_6_00052,Yarinyan na cin abinci cikin kwanon da ke wari kuma cike da tsutsa,0,3,0,0,0,0
hausa_6_00053,Muna tsakiyar cin taliya na tauna wani abu ashe katuwar tsutsa ce,0,3,0,0,0,0
hausa_6_00054,Da Na kai shara bayan an zubar da sharan se naga fari tsutsa manya da ruwa me datti a cikin guga sharan,0,3,0,0,0,0
hausa_6_00055,Rubabben kwanannen abincin ya cika dakin girkin da wari,0,3,0,0,0,0
hausa_6_00056,Mai Gida ya yi kaki ya tofar a jikin garu,0,3,0,0,0,0
hausa_6_00057,Tsutsa suna yawo a cikin kwanuka masu datti.,0,3,0,0,0,0
hausa_6_00058,"Yau aka kwashe masai ta gidan su, a diro diro da bukiti ake fita da kashi",0,3,0,0,0,0
hausa_6_00059,"Ruwan najasa ya fashe daga bututun gidan, ya watsu cikin daki yana wari mai tsanani",0,3,0,0,0,0
hausa_6_00060,Kyankyasu sun yanyame kan dan wak,0,3,0,0,0,0
hausa_6_00061,"Abincin nan ya buga, wari yake kamar baragurbin ƙwai",0,3,0,0,0,0
hausa_6_00062,Bandakin gidansu yayi datti ba'a kora ruwa ba sai qarni da wari ke busowa,0,3,0,0,0,0
hausa_6_00063,Yaro da kashi a jikin sa yana yawo,0,3,0,0,0,0
hausa_6_00064,Yaro yana cin tsutsotsi daga cikin rubabben kwai,0,3,0,0,0,0
hausa_6_00065,Mutumin yana lasar tafin kafarsa mai doyi,0,3,0,0,0,0
hausa_6_00066,"Kaya marasa wanki, sun haɗu sai warin rima suke",0,2,0,0,0,0
hausa_6_00067,An bude shinkafa da waken nan ta shekaran jiya duk tayi tsutsa dakin kamar bodari yayi tusa.,0,3,0,0,0,0
hausa_6_00068,yabar abinci a bude kyankyaso ya hau Kuma yaci be saniba,0,3,0,0,0,0
hausa_6_00069,Bayin ya yi kaca-kaca da Kashi.,0,3,0,0,0,0
hausa_6_00070,Tsakar gida ya cika da kwanukan wanke wanke kudaje suna ta bi,0,3,0,0,0,0
hausa_6_00071,Yaron ya ciro katoton tasono yana ci Kamar tuwo,0,3,0,0,0,0
hausa_6_00072,Ya gama wanke masa rauni wai kuma ya sanya masa kyallen da aka cire daga jikin mai miki.,0,3,0,0,0,0
hausa_6_00073,Yaro yana shan ruwan da bera ya mutu a ciki,0,3,0,0,0,0
hausa_6_00074,Gidan gabadaya ba kyan gani ya baci da gansa kuka,0,3,0,0,0,0
hausa_6_00075,Na zauna a tsakiyan mutane biyu masu wari kamman rubabben qwai,0,3,0,0,0,0
hausa_6_00076,Ina shiga na sulbe da amai abakin kofa,0,3,0,0,0,0
hausa_6_00077,lockacin da nake cin gurasa naji gashi cikin Baki na,0,2,0,0,0,0
hausa_6_00078,Kayan kuturun sunyi dauda hadda annakiya,0,3,0,0,0,0
hausa_6_00079,Yaro ya ƙwaƙwulo tusono ya ciki,0,3,0,0,0,0
hausa_6_00080,Beraye da kuda suna yawo a cikin shara da ta cika a cikin tasha.,0,3,0,0,0,0
hausa_6_00081,Kurjin fuskarta yaja ruwa har mugunya ce take fitowa fara mai kauri,0,3,0,0,0,0
hausa_6_00082,"Tun lokacin da kare ya mutu a bayan gida, wurin ya cika da tsutsosti",0,3,0,0,0,0
hausa_6_00083,Isa ya tauna tsutsa ya na shan fatan waken,0,3,0,0,0,0
hausa_6_00084,"Da jatau ya buɗe Hammatar sa wari, kamar ana dafa kalwa",0,3,0,0,0,0
hausa_6_00085,Ya tara kayan wanki a daki se bashi suke suna tsami,0,3,0,0,0,0
hausa_6_00086,Ma'aurata na cin naman kwaɗo,0,2,0,0,0,0
hausa_6_00087,Yaro yayi amai kuma y sa baki yana shanye kayan sa,0,3,0,0,0,0
hausa_6_00088,Yarinya tana shan ruwan kwata mai wari,0,3,0,0,0,0
hausa_6_00089,"Don jaraba yaro ba ƙashi har a cikin madafi, kana jawo kwabo suna biyo hannunka",0,0,0,0,0,0
hausa_6_00090,Munje siyan awara a gurin cin abinci an bamu wata awara me warin kwata.,0,3,0,0,0,0
hausa_6_00091,Bayan aikin wahala yayi gumi ya shiga cikin mutane se tsami yake,0,2,0,0,0,0
hausa_6_00092,Yaron ya yi Amai a rigar Babansa.,0,3,0,0,0,0
hausa_6_00093,Ruwan hammatar me kosai Yana shiga cikin kullun kosan,0,3,0,0,0,0
hausa_6_00094,"Nifa bazan iya cin wannan biredin ba, masu dafa shi duk katta ne sunayi zufar jikin su na diga cikinsa",0,3,0,0,0,0
hausa_6_00095,Akuyoyi suna shan ruwan da kadangare ya fada a ciki,0,3,0,0,0,0
hausa_6_00096,Tana al'ada ta cire audugar jini tayi kacha-kacha da bandakin,0,3,0,0,0,0
hausa_6_00097,"Kurjin da ke bayansa ya fashe yana zubar da wani ruwa mai kauri, rawaya, kamar man zuma, sai ya lashe",0,3,0,0,0,0
hausa_6_00098,Dazun ta matse ruwan kurjinta da baki kuma ta kurbe abunta,0,3,0,0,0,0
hausa_6_00099,lockacin da muka dawo daga tafiya a da muka shiga kitchen muka ga tsutsa ya cika a cikin kwanuka da ba wanke ba,0,3,0,0,0,0
hausa_6_00100,Dakin ya cika da hamamin warin takalmin mutumin,0,3,0,0,0,0
hausa_6_00101,Yaro na kashi akan fo,0,2,0,0,0,0
hausa_6_00102,Mutumin ya ci abincin da dansa yayi amai a ciki be sani ba.,0,3,0,0,0,0
hausa_6_00103,Madarar har tsutsa take saboda ta lalace.,0,3,0,0,0,0
hausa_6_00104,Na shiga ban daki naci karo da wani gundumemen kashi ba a kora shi ba,0,3,0,0,0,0
hausa_6_00105,Yaran ya watsa kwata cikin ruwan zobo,0,3,0,0,0,0
hausa_6_00106,"Ciwon kafar ɗan talle yazama gulando, sai ruwan ɗiwa yake fitarwa",0,3,0,0,0,0
hausa_6_00107,Kwanuka sun taru a wurin wanke wanke kananun kyankyasai se binsu sukeyi,0,3,0,0,0,0
hausa_6_00108,Mafarauci na lashe jinin dabar da ya kama,0,3,0,0,0,0
hausa_6_00109,Mahaukaci yana shan ruwan kurjin gyambo me wari da ya fashe a kafarsa,0,3,0,0,0,0
hausa_6_00110,An gano gawa wanda yake fitar da tsutsotsi a cikin gidansu,0,3,0,0,0,0
hausa_6_00111,Kayan marmarin nan duk sunyi fumfuna har wani ruwa mai yauƙi suke fitarwa,0,3,0,0,0,0
hausa_6_00112,Tsohuwar matar ta ce mana ita tafi son miyar da aka yi da ru'ba'bben tumatir.,0,3,0,0,0,0
hausa_6_00113,Sun ci mushen akuya me wari a bikin kirisimeti,0,3,0,0,0,0
hausa_6_00114,Matashin ya shigo dakin da riga Mai tsami.,0,3,0,0,0,0
hausa_6_00115,Mutumin kayansa jikinsa sunyi dama dama da bakin mai,0,3,0,0,0,0
hausa_6_00116,Miyar Kuka tayi Kore kalar zawayin jariri,0,3,0,0,0,0
hausa_6_00117,Yarinya tasaka hannunta acikin kashin datai tana jiran babarta ta wankemata a bandaki,0,3,0,0,0,0
hausa_6_00118,Lokacin da annobar ta barke amai da gudawa suka dinga yi a tsaye,0,3,0,0,0,0
hausa_6_00119,Mutumin yayi amai kuma ya lashe,0,3,0,0,0,0
hausa_6_00120,Saboda rowa ta tofa miyo cikin abincin tamotse saboda kada muci,0,3,0,0,0,0
hausa_6_00121,da nake wanke wandan danuwa na ze naga kashi da ya bushe,0,3,0,0,0,0
hausa_6_00122,Yaro yanata Kuka saboda ya cika kunzugun shi da kashi,0,2,0,0,0,0
hausa_6_00123,Almajirai na tsince-tsinci akan bola,0,3,0,0,0,0
hausa_6_00124,Fitsari dake kasan bandakin jirgin kasa ya sa mutumin ya fadi cikin shi,0,3,0,0,0,0
hausa_6_00125,"Yaron yayi kashi a pampas din sa, kuma bata dauke ba, yana nan tsakar ɗaki.",0,3,0,0,0,0
hausa_6_00126,Biredin da ya tsufa da yawa ya fara wari mara dadi har ƙwari na fitowa daga cikin sa,0,3,0,0,0,0
hausa_6_00127,Masan ta cika in an kora ruwa tana dawo da kashi,0,3,0,0,0,0
hausa_6_00128,"Tirken dabbobin su, ɗoyi kamar kara",0,3,0,0,0,0
hausa_6_00129,Kwatar gidansu ta toshe ruwan ya cika gidan se wari yakeyi,0,3,0,0,0,0
hausa_6_00130,Matashi yana yawo da Kai duk amosali,0,2,0,0,0,0
hausa_6_00131,Wata me cikin tana shaƙar warin hammatar mijinta birkila da ya wuni a rana yana aiki,0,3,0,0,0,0
hausa_6_00132,Yan daba sun sa mutane tsoma kafansu cikin masai,0,3,0,0,0,0
hausa_6_00133,"Yarinyar ta chaɓa fenti a fuskarta, ga wasu farata zaƙo zaƙo kamar na zakanya.",0,2,0,0,0,0
hausa_6_00134,Yana shiga cikin gonar ya taka kashin mutun seda ya koma bakin gari ya wanke.,0,2,0,0,0,0
hausa_6_00135,Ya tofa masa kaki a hannu a cikin kasuwa,0,3,0,0,0,0
hausa_6_00136,Kudaje suna bin rubabben mangoron.,0,3,0,0,0,0
hausa_6_00137,Dabbobin duk sunyi kashi a inda take wanke wanke,0,3,0,0,0,0
hausa_6_00138,Mara lafiyan Yaro yayi Koren Amai me yauki,0,3,0,0,0,0
hausa_6_00139,Wata mata tana wanke kaya wanda suka fara tsustsa,0,3,0,0,0,0
hausa_6_00140,Na daga yaron Sama Ina mishi wasa kawai se tunbudi a cikin bakina,0,3,0,0,0,0
hausa_6_00141,Hannun kuturun na fitar da diwa,0,3,0,0,0,0
hausa_6_00142,Ta shekara bata wanke gashintaba ana budewa sega kwarkwata tayi dandazo kamar gidan zuma,0,3,0,0,0,0
hausa_6_00143,na tapa kashin kyankaso lockacin da nake duba litafi a cikin drawer,0,2,0,0,0,0
hausa_6_00144,Yan garin sunata amai da gudawa saboda shan gurɓataccen ruwa,0,3,1,0,0,0
hausa_6_00145,Karnuka na cin mushen akuya,0,2,0,0,0,0
hausa_6_00146,Mutumin yaga matacen kyankyaso a cikin abincin shi,0,3,0,0,0,0
hausa_6_00147,"Yaran suna fitsarin kwance, dan ɗakin baya shigowa sabida warin katifar.",0,3,0,0,0,0
hausa_6_00148,Warin Gumin safarsa da ya horo kamar nayi amai,0,3,0,0,0,0
hausa_6_00149,Bera ya mutu ya fashe a cikin madahuwa,0,3,0,0,0,0
hausa_6_00150,kayan da ya sa tsabar dauɗana sun yi bakin ƙirin kamar zunibi,0,3,0,0,0,0
hausa_6_00151,Ya ji ciwo a kafa wurin ya rube tsutsotsi se yawo suke akai,0,3,0,0,0,0
hausa_6_00152,Yara na Shan ruɓaɓɓen kayan marmari,0,3,0,0,0,0
hausa_6_00153,Mutanen daji sun samo rubabben biri suna ci,0,3,0,0,0,0
hausa_6_00154,Ibrahim ya bata kayan sa da kashin alade,0,3,0,0,0,0
hausa_6_00155,"Magen nan ce ta ciwo kyankyaso, tun jiya duk inda ta samu sai tayi amansa",0,3,0,0,0,0
hausa_6_00156,Rariyar bandakin tana fito da wani ba'kin ruwa me wari.,0,3,0,0,0,0
hausa_6_00157,Yayi wanka da ruwan rafin da Yan gari ke bahaya a ciki,0,3,0,0,0,0
hausa_6_00158,Audugar ta yi caba-caba da jini.,0,3,0,0,0,0
hausa_6_00159,Kwamin wanke wanken duk ya baci da gansa kuka,0,3,0,0,0,0
hausa_6_00160,Matar Bata wanke bakinta hakoranta sunyi Kore Kamar gansa kuka,0,3,0,0,0,0
hausa_6_00161,Wannan shinkafa da waken ta buga har tayi yauki.,0,3,0,0,0,0
hausa_6_00162,Wani yaro yabar ciwonsa yana wari saboda rashin kula har ya fara tsutsa,0,3,0,0,0,0
hausa_6_00163,Yaran sun farfasa kyankyaso suna wasa dashi ga ruwan nan duk ya fito,0,3,0,0,0,0
hausa_6_00164,Uwar gidan sa ta bashi ruwan kashi yasha,0,3,0,0,0,0
hausa_6_00165,Muna cin abinci tazo wuce da kashi cikin poo,0,3,0,0,0,0
hausa_6_00166,Lokacin dana zo kai Danuwa asibitin sa yayi amai akan kayana,0,3,0,0,0,0
hausa_6_00167,Ciwon da yarinyar taji ya ɓata mata kayanta da jini,0,2,0,0,0,0
hausa_6_00168,Yara na cin abinci mai yami,0,3,0,0,0,0
hausa_6_00169,Wari yana fita daga tudun tufafin ƙazantar mutumin.,0,3,0,0,0,0
hausa_6_00170,Ta kwara amaı a jikin sabbin kayan sa.,0,3,0,0,0,0
hausa_6_00171,Gyambon da ke kafar sa yana fitar da ruwa mai wari da ya ja hankalin kwari,0,3,0,0,0,0
hausa_6_00172,Jaririn yayi tunbudi a kan bakin Maimuna,0,3,0,0,0,0
hausa_6_00173,Da barau yamain magana bakin sa wari kamar kwatar mai markaɗe,0,3,0,0,0,0
hausa_6_00174,Sun tara bola a kan titi wurin se wari yake kudaje suna bi,0,3,0,0,0,0
hausa_6_00175,Dattijo na tauna alawa hakoran sa da tsutsa,0,3,0,0,0,0
hausa_6_00176,"Ga wani ban daki da kashi ya kumbura a cikin tukunyar kashin, ga kuma tsutsar tana taaana tanata yawo a kasa saboda rashin wanki",0,3,0,0,0,0
hausa_6_00177,Yaron yana shan maginar sa,0,3,0,0,0,0
hausa_6_00178,"Kujerun nan duk Gara tabi ta cinye katako, yadikan jiki duk sun fashe, kana zama ƙura zata biyo kayanka",0,2,0,0,0,0
hausa_6_00179,Beran da mage ta kashe a daki tsutsa ta baibaye shi tana cin namansa,0,3,0,0,0,0
hausa_6_00180,Sa takalmi sau ciki ya janyo masa cutar kankare kafarsa ta kumbura har tayi gwalando,0,3,0,0,0,0
hausa_6_00181,Dakin bahayan anguwar ta cika tam harta birtsin kashi.,0,3,0,0,0,0
hausa_6_00182,Hanyar duk ta baci da lalatattun kayan itatuwa,0,2,0,0,0,0
hausa_6_00183,Hannun kuturun Yana fitar fa ruwan mugunya,0,3,0,0,0,0
hausa_6_00184,"Matar gidan sai a hankali, haka zata baza kayan wanke wanke tabarsu tsakar gida tumakai na bi abun ba kyawon gani.",0,3,0,0,0,0
hausa_6_00185,Wani Kare yanacin aman da karya tayi,0,3,0,0,0,0
hausa_6_00186,"Basu da tsafta sam, sunbar kwanukan wanke-wanke duk sunyi funfuna",0,3,0,0,0,0
hausa_6_00187,Yaron na tsotsan majinan hancin kanin shi,0,3,0,0,0,0
hausa_6_00188,Batasan yana wurinba tacake mashi ido da allura idon yatsiyaye,0,2,1,0,0,0
hausa_6_00189,da nake garan dakina se ne taka kashin mage me wari,0,3,0,0,0,0
hausa_6_00190,Naman ya ruɓe yana ta fitar da tsutsotsi da wari,0,3,0,0,0,0
hausa_6_00191,Saurayi ya sa riga daƙa-daƙa duk ta yi datti,0,3,0,0,0,0
hausa_6_00192,Yaron ya lashe jinin daya fita daga rauninsa.,0,3,0,0,0,0
hausa_6_00193,Banɗakin asibitin baya shiguwa saboda ko Ina kashi ne a ƙasa yana warin tsiya.,0,3,0,0,0,0
hausa_6_00194,Dafadukan shinkafar din da aka manta da shi a rufe yana fitar da ƙananan tsutsotsi suna motsi,0,3,0,0,0,0
hausa_6_00195,Marurun nasa tafashe wani koren ruwa mekauri ne yake futowa,0,3,0,0,0,0
hausa_6_00196,Banɗakin makarantar su Kabiru kashi har a bakin ƙofa,0,3,0,0,0,0
hausa_6_00197,Bangon gidansu yayi danshi plastar na bare wa wurin duk yayi gansa kuka,0,2,0,0,0,0
hausa_6_00198,Dattijo mara lafiya na bara yana nuna ruɓaɓɓen kafan sa a titi,0,3,0,0,0,0
hausa_6_00199,"Anyi ruwa, kashin shanu ya jike ga yara sun shiga garken suna ta wanka da shi Harda masu ci",0,3,0,0,0,0
hausa_6_00200,"Abincin nan duk yayi yami, kana sa hannu zaka ji wani yauƙi ya biyo ƴan yatsunka",0,3,0,0,0,0
hausa_6_00201,An fito da da sharar dakin bukar 'kwari suna ta bi.,0,3,0,0,0,0
hausa_6_00202,kudaje suna tabinshi saboda yayi Kashi a wando,0,2,0,0,0,0
hausa_6_00203,Ruwan da aka wanke safar yayi tamkar kwata saboda dauda,0,3,0,0,0,0
hausa_6_00204,Abincin ya rube yayi wari har tsutsotsi sun fito akansa,0,3,0,0,0,0
hausa_6_00205,Yaron Baya wanka kafar shi tayi faso tana jini,0,3,0,0,0,0
hausa_6_00206,Wurin da suke girki kai kace bolace saboda rashin tsafta.,0,3,0,0,0,0
hausa_6_00207,Yarinya tayiwa maihaifinta amai a saitin bakinsa baisaniba yana bacci,0,3,0,0,0,0
hausa_6_00208,Bandakin gidan su ya rufta ga tsutsotsi duk sun fito ga ruwan Masai Yana bin bango,0,3,0,0,0,0
hausa_6_00209,Ruwan zufan hammatan mai shayin na shiga cikin tukunyan shayin,0,3,0,0,0,0
hausa_6_00210,Yarinyar taje kai nika bata luraba tana kusada injin yanike mata hannu gaba daya har kafada,0,3,2,0,0,0
hausa_6_00211,da na shiga gidan wanka in wanka se na Zame na fada cikin ruwan fitsari,0,3,0,0,0,0
hausa_6_00212,Kudaje se bin ɓatattun kwanukan suke saboda rasahin wanki,0,3,0,0,0,0
hausa_6_00213,Anyanka dabbobi a kwata jini faca-faca ko ina,0,3,0,0,0,0
hausa_6_00214,Bandagin mutumin yana warin ruwan kurji.,0,3,0,0,0,0
hausa_6_00215,Tabar abincin a bude duk ƙyanƙyasai sun zagaye shi.,0,3,0,0,0,0
hausa_6_00216,Takardan da aka yi amfani da shi wajen goge kashin jariri ya fada a ruwan shayi,0,3,0,0,0,0
hausa_6_00217,Kayan dattin yaran se zarni suke cikin dakin,0,3,0,0,0,0
hausa_6_00218,Dakin ta yayi kackaca kamr ɗakin mahaukaciya,0,3,0,0,0,0
hausa_6_00219,Farfajiyar gidansu tayi datti ciyayi suntaru shuri ya fito a gefe tururuwa sunata yawo akai,0,2,0,0,0,0
hausa_6_00220,Yaro yana Shan ruwan kwatami,0,3,0,0,0,0
hausa_6_00221,"Kyankyaso ya fito daga masai, ya fada kwanon abincin masu gida, mai gida ya haɗa dashi ya cinye",0,3,0,0,0,0
hausa_6_00222,Tsohon firijin ya cika da beraye masu cin lalaceccen nama,0,3,0,0,0,0
hausa_6_00223,"Nazo tsallaka kwatamin, idona ya gano min wasu gundura gunduran bahaya suna iyo a sama",0,3,0,0,0,0
hausa_6_00224,Dazu aka wanke kazamin karen nan me annakiyar daud'a a jiki,0,3,0,0,0,0
hausa_6_00225,Taci alala me zafi tana gudawa duk ta bata bandakin,0,3,0,0,0,0
hausa_6_00226,Gansa kuka ta kwanta a karkashin ruwan Kofin.,0,3,0,0,0,0
hausa_6_00227,Ruwan ya gurbace da fıtsari da kashin mutane,0,3,0,0,0,0
hausa_6_00228,Naman ya rube tsutsa tana fita daga cikin shi,0,3,0,0,0,0
hausa_6_00229,"Nama kam sun dafa shi, amma koda na ganshi kuda ne ke yawon a kansa",0,3,0,0,0,0
hausa_6_00230,Yaro ya dau takardar da aka share majina yasaka a bakinsa,0,3,0,0,0,0
hausa_6_00231,Seda ta gama Shan ruwan sannan taga tautau a ciki,0,3,0,0,0,0
hausa_6_00232,Jaririn yayi tumbudi a cikin ruwan da Maman sa ta sha,0,3,0,0,0,0
hausa_6_00233,Ina zaune wani mahaukaci jikinshi duk kuraje yazo yayiman kaki a fuska,0,3,0,0,0,0
hausa_6_00234,lockacin da hanyar ruwan kitchen ya toshe se ruwa me kallan kashi yana ta zuba daga cikin katako inda ake aje kwanuka,0,3,0,0,0,0
hausa_6_00235,Bandakin makarantar ya cika da zarnin fitsari da warin kashi,0,3,0,0,0,0
hausa_6_00236,Kulin wakar da yake yi itace “Tunbuɗi amai a hada shi da majina dadi kan dadi”,0,3,0,0,0,0
hausa_6_00237,"Tumatur dake daure a cikin leda ya lalacewa, har yayi tsutsa.",0,3,0,0,0,0
hausa_6_00238,Yaran suna wasa a cikin ruwan bolan,0,3,0,0,0,0
hausa_6_00239,"Sun bar Tarin wanke wanke, ƙudaje kuwa kamar sun sami sabon kashi",0,3,0,0,0,0
hausa_6_00240,Mara lafiyar tayi amai da zawo akayanta gurin duk ya cakalkale,0,3,0,0,0,0
hausa_6_00241,Mai gyaran Masai ya lume cikin Kashi,0,3,0,0,0,0
hausa_6_00242,"Anyi mamakon ruwa, bola ta jika mahaukaci ya samu rubabbiyar Pampers ya rufe fuska y kwanta a cikin bolar",0,3,0,0,0,0
hausa_6_00243,Gashin kanta cike yake da kwarkwata,0,3,0,0,0,0
hausa_6_00244,"Da yazo wankin Gyambon nan, yana cire kyallen da aka rufe wurin wasu tsutsotsi suka fara zuba saboda rashin kulawa",0,3,0,0,0,0
hausa_6_00245,Ammar nake jira yazo mu tatse hanjin akuyar.,0,2,0,0,0,0
hausa_6_00246,Gobara ta kama gidansu wuta duk ta Kona musu fata abun dadi gani,0,2,0,0,0,0
hausa_6_00247,Mazurarin Ruwan anguwan ta coshe da kazanta da ledoji,0,3,0,0,0,0
hausa_6_00248,Ciwon ya Zama gyambo har yana fitar da ruwa,0,3,0,0,0,0
hausa_6_00249,Gwalagwajin tumatur Yana fitar da ruwa me doyi,0,3,0,0,0,0
hausa_6_00250,"Kullum wannan yaron sai yayi bahaya ko fitsari akan shimfidarsa, amma a haka sai tayi sati ba'a wankeba.",0,3,0,0,0,0
hausa_6_00251,Wani yaro yanacin abinci a duhu yahada matattace kyankyaso yacinye,0,3,0,0,0,0
hausa_6_00252,"Munje gidan kitso ana yima wata,kwarkwata tayi ta zubowa daga kanta",0,3,0,0,0,0
hausa_6_00253,Bandajin da aka goge ciwon dashi ya cika da jini,0,3,0,0,0,0
hausa_6_00254,Yaro na amai akan rigar sa,0,3,0,0,0,0
hausa_6_00255,Kwarkwata na fadowa daga gashin mahaukachin.,0,3,0,0,0,0
hausa_6_00256,Maman mu tana zuke majina daga hancin Yaro idan yana mura.,0,3,0,0,0,0
hausa_6_00257,Ya tsoma hannayen sa a cikin ruwan sha bayan ya gama kwakular tasono da kazaman Faracinan sa wanda baya yankewa,0,3,0,0,0,0
hausa_6_00258,Lalataccen kwan yana futar da wani koren ruwa mai wari,0,3,0,0,0,0
hausa_6_00259,"Riɓaɓen mushen da ke kan hanya, har ya fara tsutsa",0,3,0,0,0,0
hausa_6_00260,Ruwan padamar kusa da gidan su yayi kore matsattsaku na yawo akai,0,3,0,0,0,0
hausa_6_00261,Matashiya na Shan kunu da majina a hanci ta yana komawa cikin kunun,0,3,0,0,0,0
hausa_6_00262,Yaro ya debo ruwa a cikin tukunyar kashi ta bandanki ya kai ma yayan shi ya shanye,0,3,0,0,0,0
hausa_6_00263,Masan gidan su ya fashe kuma yana fitar da kashi mai doyi,0,3,0,0,0,0
hausa_6_00264,Da ka shigo ajin nan zaka ji warin hammata ya bigi hancinka,0,3,0,0,0,0
hausa_6_00265,Inda ake jimar fata a sharada se 'doyi yake da kyar na iya rike numfashi na.,0,3,0,0,0,0
hausa_6_00266,Ruwan sama ya daki wannan sabon kashin na kasa wucewa ta wajen,0,3,0,0,0,0
hausa_6_00267,Ruwan da aka dafa wake ya gurbata iskar muhallin.,0,3,0,0,0,0
hausa_6_00268,Buredin yayi funfuna,0,2,0,0,0,0
hausa_6_00269,Kyankyasu da kudin cizo Sun baibaye mutumin a Kan gadon shi,0,3,0,0,0,0
hausa_6_00270,Idan tana al'ada sai tayi amfani da auduga daya fiye da sau biyar.,0,3,0,0,0,0
hausa_6_00271,Wata Yarinya tadauki rubabben nama mai wari a shara tanaci,0,3,0,0,0,0
hausa_6_00272,"Kare ya mutu a gefen hanya,kudaje suna ta bin kanshi",0,3,0,0,0,0
hausa_6_00273,Wajen taron ya cika da warin hammatar gardawa,0,3,0,0,0,0
hausa_6_00274,Kuturu ya dama fura da hannu,0,3,0,0,0,0
hausa_6_00275,Ta damalmale jikinta da kashi,0,3,0,0,0,0
hausa_6_00276,Tsutsotsi na fita daga kunnenta,0,3,0,0,0,0
hausa_6_00277,Ya lashe koriyar majinar da ke fita hancinsa,0,3,0,0,0,0
hausa_6_00278,Ta tofa yawu a ruwan shan sa,0,3,0,0,0,0
hausa_6_00279,Jaririn ya lashe kwantsar idon uwarsa,0,3,0,0,0,0
hausa_6_00280,Gyenbonsa na fitar da tsutsotsi,0,3,0,0,0,0
hausa_6_00281,Gumin hammatar ta ya zuba cikin qullin kosai,0,3,0,0,0,0
hausa_6_00282,Ta taka zawon da akai kan hanya,0,3,0,0,0,0
hausa_6_00283,Jaririn ya fetso zawayi cikin faten wake,0,3,0,0,0,0
hausa_6_00284,Qurajen ta na fitar ruwan diwa,0,3,0,0,0,0
hausa_6_00285,Bolar ta cika da tsutsotsi da wari,0,3,0,0,0,0
hausa_6_00286,Ya yi zawo a wandonsa,0,3,0,0,0,0
hausa_6_00287,Miyar da su ke ci kyankyaso ya fada ciki,0,3,0,0,0,0
hausa_6_00288,Kudaje na bin gyenbonsa,0,3,0,0,0,0
hausa_6_00289,An aje dirom din kashi a kofar gidansa,0,3,0,0,0,0
hausa_6_00290,Barau Kuturu ya toshe mai baki da hannu,0,3,0,0,0,0
hausa_6_00291,Yaron ya yi tinbudi a cikin fura,0,2,0,0,0,0
hausa_6_00292,Ya kwaro ma ta amai a baki,0,3,0,0,0,0
hausa_6_00293,Ta kwanbala majina a cikin koko,0,3,0,0,0,0
hausa_6_00294,Ruwan da ka sha da gansakuka ciki,0,3,0,0,0,0
hausa_6_00295,Yara su na wanka da ruwan kwata,0,3,0,0,0,0
hausa_6_00296,Ya fada cikin masai,0,2,0,0,0,0
hausa_6_00297,Bandakin ya gume da warin kashi da zarni,0,3,0,0,0,0
hausa_6_00298,Ya taune tsutsa,0,3,0,0,0,0
hausa_6_00299,Bera ya fada tukunyar farfesu,0,3,0,0,0,0
hausa_6_00300,Bakin shaddar ya damalmale da kashi,0,3,0,0,0,0
hausa_6_00301,Ta lashi ruwan qurjin ta,0,3,0,0,0,0
hausa_6_00302,Ya lashe aman da ya yi,0,3,0,0,0,0
hausa_6_00303,Kudaje sun yanyame abincin sa,0,3,0,0,0,0
hausa_6_00304,Ya ci rubabben kwai,0,3,0,0,0,0
hausa_6_00305,Ya na cin tasono,0,2,0,0,0,0
hausa_5_00001,Kai ka ga yadda kowa ya ba shi wuri.. Ganduje ya zama dodo😀😁😂,0,0,0,0,0,2
hausa_5_00004,Abun nashi yayi yawa mana ga addinin karya ga kuma luwadi 😢😭😭😡,2,3,0,0,0,0
hausa_5_00005,"In kana raye zaka sha kallo😂. Ikon Allah, shi kuma wannan a haka nasa haukan yake!",0,1,0,0,0,3
hausa_5_00007,Mutanena yau kuma wannan shafin aka bude saboda kulalata muna yara a Twitter 🤔,0,0,0,0,0,2
hausa_5_00008,Tab# Dama kin san wannan karatun Amma kike wannan abubuwan?Toh wlhy Kina ruwa 😭,0,0,1,0,0,3
hausa_5_00009,"Tashin Hankali😲 Wannan KO Anya bazata samu tobon Hankali ba kuwa """"""""""""""""""""""""""""""""Shekaru 27 fa a sume"""""""""""""""""""""""""""""""" 😱",0,0,0,0,0,3
hausa_5_00010,Ina maganar noma babu tsaro😭 #EndNorthernBanditry #EndBokoHaram,0,0,2,0,2,0
hausa_5_00011,Ohh🙄 dama duk wan nan bala'in da aka shiga har akwai wata seda giya da ta ragewa mutane. Tab di jam.,0,0,0,0,0,3
hausa_5_00012,Wata sabuwa inji yan caca...!😂😂,0,0,0,0,0,3
hausa_5_00014,Da tsiya sai sun kashe mu 😭😭,0,0,1,0,2,0
hausa_5_00015,Tab di jan😯 wato shi yama manta asalinsa kenan?,0,0,0,0,0,3
hausa_5_00016,😁 Hava BBC wanga ai qazantace ina lefin kunemo haroran jikin close up ai sunfi dadin gani hhh 😅😅,0,2,0,0,0,0
hausa_5_00017,"Lol. Saboda mage da kare suna iya kamuwa da coronavirus din. Idan cutar ta tafi, zasu dawo cin abinsu fa. Harda kyankyaso ma da tsaka da kunama 😂😂",0,2,0,1,0,0
hausa_5_00018,Yanzu meye amfanin wanann labarin 🙄kayan tada zuciya da amai!! Gross 🤢🤮 Toh Allah ya tarwatsa Duk wanda yakeso yayi implementing din wannan bala’in,1,3,0,0,0,0
hausa_5_00019,Banta6a mantawa sanda wasu Yan mata su su hudu sukayi wa wani tsoho Mai gadi fyade😥💔,0,3,1,0,0,0
hausa_5_00020,"🤣😂Dama inba jaraba irin ta dan Adam ba...kai ba dabba ba amma kana yin abinda dabbobi keyi waikuma nan kai mai hankali ne,Ni naga auren da ya mutu wai saboda mijin bai sa bakin a al'aurarta matar,acewar matar """"""""""""""""""""""""""""""""ya bana kyamarsa shikuma yana kyamata""""""""""""""""""""""""""""""""?mane irin masifane haka???",1,3,0,0,0,0
hausa_5_00021,Wata sabuwa ... inji dan chacha🚶🏻‍♂️,0,0,0,0,0,2
hausa_5_00022,Amma dai Ke yar iskace me kammanin karuwai kawai 😏😏,0,3,0,0,0,0
hausa_5_00023,What is Fina finan karuwanci for goodness sake🤦🏿‍♀️,1,2,0,0,0,0
hausa_5_00024,"Ohh!...mu da kullun sai munji Harbin fa a arewa?..yayi dai dai, Suma suji Karan Harbin da talakawa ke fama.😳🤨😠",1,0,0,0,0,1
hausa_5_00025,Yar lesbians rahama sadau 🤔,1,3,0,0,0,0
hausa_5_00026,Kai ahe dai tsohuwa ce shiyasa take painting fuskar ta 😭😭😭,0,0,0,0,0,3
hausa_5_00027,NAN KIKA DAWO NEH KUMA BAYAN NAGA KINAMA LIVERPOOL JAJE TOPA🙄🙄🤣,0,0,0,0,0,2
hausa_5_00028,Ikon Allah? 🤔 Waini abinga naban mamaki komi akayi sai kuce siyasace. Alhalin yanzu buhari baida sauran wata siyasa agabanai da za'a batamai suna don kar azabeshi al'umma fa yanzu sunwaye basa siyasa lokacinda banataba dazarar abu yawuce baya suke bash.,0,0,0,0,0,3
hausa_5_00029,Kalli Yar 20yrs Kamar me shayarwa😲,0,1,0,0,0,2
hausa_5_00031,"karfa itama Salmah abunda yafaru da Al-Ameen itama abunda zefaru da'ita kenan🙄 Maganar gaskiya idan hakan yafaru, toh kam muma zamuje break na kallon shirin because she's one of the reasons somany of us are following the series.",0,0,1,0,1,0
hausa_5_00032,Wata sabuwa Kennan😂,0,0,0,0,0,2
hausa_5_00033,Wata sabuwar colabo ce haka🤔,0,0,0,0,0,3
hausa_5_00034,Daman bata da aure 🤔,0,0,0,0,0,2
hausa_5_00035,Wai dama akwai korona har ynzu ❓,0,0,0,0,0,3
hausa_5_00036,Daman Fati Washa tana nan😁,0,0,0,0,0,2
hausa_5_00037,Kai jama'a ana wata ga wata😂,0,0,0,0,0,3
hausa_5_00038,Ashe an ga wata? 🤔,0,0,0,0,0,3
hausa_5_00039,Wai dama haryanzu ana irga masu corona ne?? Ikon Allah🤔,0,0,0,0,0,3
hausa_5_00040,"In da ranka, ka sha kallo. @user, zo ki yi kallo. 🤭😀",0,0,0,0,0,2
hausa_5_00041,Toh fah!!! Wata sabuwa 🤣🤣🤣,0,0,0,0,0,3
hausa_5_00042,Chaiiiii Ashe dai ba iya Nageria ake abin mamaki ba 🙆🏻‍♂️🤣🤣🤣,0,0,0,0,0,3
hausa_5_00043,Toh! wata sabuwa kuma inji yan chacha 😀,0,0,0,0,0,3
hausa_5_00044,"Ikon Allah 🤔director meh kake nufi,kar dai kace mahmud din take aure dai😲😲",0,0,0,0,0,3
hausa_5_00045,Tab yaushe rabon jilan rakumi da kasa😁,0,0,0,0,0,2
hausa_5_00046,Ta. Wannan katabbata kazami n Shekara biyar ba kwana biyar bane.... Anyakuwa likitane da gaske??? Amma wannan hoton na shekara biyar da suka gabata ne ko? Don nasan kazamin yanxu ko Mubarak black yafishi haske 🚶🚶🚶🚶,0,1,0,0,0,2
hausa_5_00047,Wata sabuwa wato harka bata kare muku dai 🤣,0,0,0,0,0,2
hausa_5_00048,Hmmmmmmmm wata sabuwa kenan🙄🙄🙄,0,0,0,0,0,3
hausa_5_00049,Wata sabuwa trump fa yana so yayi inconclusive🤣🤣,0,0,0,0,0,3
hausa_5_00050,Toooi wata sabuwa kuma 😂,0,0,0,0,0,2
hausa_5_00051,"Subhanallah,yau zanga abun mamaki.🤔",0,0,0,0,0,3
hausa_5_00052,Subhanallahi agarin namu kuma🤔,0,0,0,0,0,3
hausa_5_00053,Dama nasiru salisu zango KATO NE? Wlh jinake Dan siririne😂,0,0,0,0,0,3
hausa_5_00054,Ashe Doguwa ce🤔,0,0,0,0,0,3
hausa_5_00055,"Kai 😳 350? Dayawa gaskiya, Toh Allah Sarki.",0,0,0,0,0,2
hausa_5_00056,Ai kuwa sai a fara da ma aikata masu ɗamara👮; indai da gaske ake.,0,0,0,0,0,0
hausa_5_00057,"Cutar corona???? Ina zaton Aljihun ma'aikatan Yasoma running out of cash, naga kwana biyu sun soma buɗe hanyoyin hada-hadar kasuwancinsu.. 😂😂",0,0,0,0,0,2
hausa_5_00058,"Duk party me """"""""""""""""""""""""""""""""A"""""""""""""""""""""""""""""""" din nan duk na APC ce matsala aka samu 😂😂",0,0,0,0,0,0
hausa_5_00059,"Ai ba takaitawa ba, anbar kawo hare haren ya kamata yace🙏",0,0,1,0,1,0
hausa_5_00060,Agaskiya nima nayi mamaki da jin haka🤔,0,0,0,0,0,3
hausa_5_00061,Ka fara koh😞 toh duk Wanda yace shine wlh ba shi bane,0,1,0,0,0,0
hausa_5_00062,anya kuwa rahama kin damu da abinda akaiwa kuwa ana jimami amma kawaii tallata mati a zazzau kike 😂😂🤣🤣,0,0,0,0,0,2
hausa_5_00063,Gaskiya a Africa zakaji Abu iri-iri 🤔,0,0,0,0,0,3
hausa_5_00064,Duniya idan baka mutu zaka ga abubuwa kala kala😂,0,0,0,0,0,3
hausa_5_00065,inda ake son ki daban inda kike so daban 🤔,0,0,0,0,0,1
hausa_5_00066,Wannan shine wakar daban rawar daban😂🤣,0,0,0,1,0,0
hausa_5_00067,Aisu shuwagaban nin sun san yadda aka sacesu.ta inda aka hau ta nan za sauko🙏,0,0,1,0,0,0
hausa_5_00068,Wasu kau sai selfie da tura Duwawu.👀,0,2,0,0,0,0
hausa_5_00070,😀😀 Dan kwallo mapi tsada da aka saya akan kudi naira dubu biyar,0,0,0,1,0,1
hausa_5_00071,BBC fa abu naku ai. Zabe America. 😡.bakuda damar fadin lbr na cikin gida yanzu ai.....dama america din kuka koma,2,0,0,0,0,0
hausa_5_00072,Wallahy kullum sai famar yawo yake banta Jin angaiyaci buhari baijeba 😏,0,0,1,0,0,0
hausa_5_00073,Laaaaaaa🤔 Ashe shima Ganduje ya zaba😂,0,0,0,0,0,3
hausa_5_00074,Wanan al adace mara ma ana 🤪🤪,0,2,0,0,0,0
hausa_5_00075,Kai ana maganar Bam kana maganar follow bck🙄,1,0,0,0,0,0
hausa_5_00076,Gaskiya y kamata ayi protest akan hakan tun kafi ya gagare mu😓,0,0,2,0,2,0
hausa_5_00077,Innalillahi wa inna iliahirrajiun. Wata sabuwa 🙄,0,0,0,0,2,2
hausa_5_00078,"Wannan jafa'i har ina? Idan ka lashe shekaru, dole a ci tsufa ba makawa 😃",0,0,0,0,0,1
hausa_5_00079,Nidai Ina gargadin kasa ta langeriya da karta kuskura ta saka kanta cicin wannan ricikin turawan domin Nan gaba bazai haifar Mata da Mai ido ba 🤔🤔 Ta koma gefe tayi shiru 😷😷,0,0,0,0,2,0
hausa_5_00080,Tab! Akwai kura fa 😅,0,0,0,0,0,2
hausa_5_00081,Bayaraben da ya ce ya yi gudun hijra don boko haram😂😂😂😂😂..,0,0,0,0,0,0
hausa_5_00082,Zamfara 💭💭sabo da sanyi kankara ke fadowa,0,0,0,0,0,1
hausa_5_00083,Dama munsan sai an sayar da filin nan... Saura maqabartar dake gefe😏,0,0,2,0,0,0
hausa_5_00084,Kuma dai 😲 Ba'a rabu da Bukar ba kuma an haifi habu,0,0,0,0,0,2
hausa_5_00085,Daman Yar langeria ce??🤔😂,0,0,0,0,0,3
hausa_5_00086,Da alaman su Jagaban an fara tsoro! 🤔,0,0,0,0,1,2
hausa_5_00087,"Toooh, wata qullalliya ce akeson qullawa tsakaninmu da yan sanda koh🤔",0,0,0,0,0,2
hausa_5_00088,😲😲 da gaske? yaushe?? a kusa da gidan zoo ne da zama,0,0,0,0,0,3
hausa_5_00089,Miye kuma hahaha? 😕,0,0,0,0,0,1
hausa_5_00090,Waike komai kina saidawa 🤔,0,0,0,0,0,3
hausa_5_00091,Shekara dubu arba'in har da uku fa kuka ce😲?,0,0,0,0,0,3
hausa_5_00092,Ai!? To suwayehhh?😨😨,0,0,0,0,0,2
hausa_5_00093,Se yau kika gani kenan😂🤣,0,0,0,0,0,1
hausa_5_00094,Wannan maganar yabo ce ko kuma Akasin hakan? 🤭🤭🤭,0,0,0,0,0,1
hausa_5_00095,Dama Manya ma suna fada😅,0,0,0,0,0,2
hausa_5_00096,"Hmmmm, wannan wani salo ne na introduction ko mene?🤔",0,0,0,0,0,2
hausa_5_00097,Anya babu siddabaru 🤔,0,0,0,0,0,2
hausa_5_00098,Iyayenshi igbo Amman #hausa rangadau a bakinshi kamar jakin kano😂😂,0,0,0,0,0,1
hausa_5_00099,Allah yana ganinsa 😭,0,0,2,0,0,0
hausa_5_00100,Yayan Sani Bayero ne kenan 🤔,0,0,0,0,0,2
hausa_5_00101,Intanet kalmar Hausa ce? 🤔,0,0,0,0,0,1
hausa_5_00102,Kyauta??? Zasu raba data ne? 😂,0,0,0,0,0,2
hausa_5_00103,Mumu sai speak English. You sef yaushe kika iya English din😏🙄🤨🙄😏🤨🙄😶😏🙄,2,0,0,0,0,1
hausa_5_00104,Kace talaka baiga komai kenan🤣,0,0,0,0,0,1
hausa_5_00105,To waɗannan masu gilashan sune yan takarar 😳,0,0,0,0,0,3
hausa_5_00106,Sabuwar amaryar excellence bawa mai kada 😅😅😅,0,0,0,1,0,0
hausa_5_00107,Kamata yayi ace a fara gwajin akansa tunda shine shugaba🤷🏻‍♀️,0,0,0,0,0,0
hausa_5_00108,Kuna nufin harda su Madina kenan😹,0,0,0,0,0,1
hausa_5_00109,Kin koma aikin gidan radio ne😂😂😂,0,0,0,0,0,1
hausa_5_00110,Hmm waya ga ya masu Borno gabas take?😂😂😂,0,0,0,0,0,0
hausa_5_00111,Idan yanzu bakuyi ba zakuyi nan gaba 😏,0,0,0,0,0,0
hausa_5_00112,To Allah ya kawomana karshen wannan mulki lafiya yabamu shugabanni masu sammu ameen 🤲,0,0,1,0,0,0
hausa_5_00113,Allah ya kawo sauki Dama ana mata kirari Tadabo tunbin giwa Koda mai kazo an fika Bashakka kano zata iya zama ta daya anawa hasashen Allah ya kawomana karshen wannan annoba bar😢😢😢😢😢😢😢😢,0,0,2,0,3,0
hausa_5_00114,Ikon Allah 😳 haka Kaduna ta koma? Toh Allah ya kowa musu zaman Lafia 🙏,0,0,1,0,0,3
hausa_5_00115,Allah ya kawo mana karshen wannan masifa data addabemu Amin.🤲,0,0,1,0,2,0
hausa_5_00116,Hmm Allah ya kawo ma mutan Lagos sauki wannan balla'in. 😭😭😭😭😭😭😭,0,0,2,0,2,0
hausa_5_00117,Inna-lillahi wa Inna-ilaihi Raji'un. Allah kawo mana dauki a wannan jiha tamu ta zamfara dama kasa baki daya 😭😭😭,0,0,2,0,3,0
hausa_5_00118,Sabuwar kungiya is lording Allah yakiya musulman duniya🙏,0,0,0,0,2,0
hausa_5_00119,Fatan mu dai Allah zaunar mana da kasa lafiya. Masu zanga zanga kuma Allah basu hakuri. Tashin hankali baya kawo mafita ko yaushe. 👌🏽,0,0,1,0,2,0
hausa_5_00120,"Wanan abun yafi karfin hukuma kuma muma yafi karfun mu, addu'a ita kadai ce zata mana maganin wanan abun Allah ka kare mu da kariyar ka, Allah ka kawo mana karshen wanan abun🤲🤲🤲",0,0,1,0,3,0
hausa_5_00121,Allah ya kawo muso agajin gaggawa Dan darajar annabi 🤲🤲🤲,0,0,2,0,2,0
hausa_5_00122,Allah y kawo karshen su🤲🤲🤲🤲,0,0,0,0,1,0
hausa_5_00123,Allah yasa karshen sune yazo🤲🙏,0,0,0,0,1,0
hausa_5_00124,Allah muntuba allah mundawo xuwa gareka ya allah kamana tsari da wannan abu ya allah ka nisanta mu da ita ameen 🙏🙏😭😭😭,0,0,2,0,3,0
hausa_5_00125,Babu mai sona A ce cuta tayadu sabida har shi sai ta shafe shi allah stare mu daga wannan annobar Corona 🤲🤲🤲,0,0,1,0,3,0
hausa_5_00126,"Abun ma sai gaba-gaba yake, Allah ya kare.😡",0,0,1,0,2,0
hausa_5_00127,"TO ALLAH SUBHANAHU WATA'ALA YADUBEMU DA IDON RAHMA YAKAWOMANA KARSHEN WANNAN TA'ADDANCIN, YAHAYYU YA QAYYOOM. 👌👏👏👏",0,0,2,0,3,0
hausa_5_00128,Innalillahi wa'inna ilaihi raju'un Allah ya kawo mana karshen wannan masifan🤲🤲,0,0,0,0,3,0
hausa_5_00129,Really baban yarinya amma fa yakamata aboye gashin😎😎,0,0,0,1,0,1
hausa_5_00130,Innalillahi wayyo Allah🙆Dan Allah gwamnati kisa baki adaena kashe su😭😭basuda laifi gara kuyi sasanci tsakaninku da adinga kashesu babu gaira babu dalili..Dan Allah kuyi wani abu akae mutuwa kawae akeyi😭😭,0,0,2,0,3,0
hausa_5_00131,So what Allah yakiyaye hanyan😏,2,0,0,0,0,0
hausa_5_00132,Tohfah SubhanAllah. A kasar tamu mai tsarki 🙆🏽‍♂️?,0,0,0,0,0,3
hausa_5_00133,😭😭😪 Allah ya kawo muna karshen wannan bala'i.,0,0,1,0,3,0
hausa_5_00134,😭😭😭😢allah ya kautarmana da wannan annoba 🤦‍♂️,0,0,1,0,3,0
hausa_5_00135,Ya Allah ka kawo mana karshen wannan masifa albarkacin annabi Muhammad S A W A 💟👋,0,0,0,0,2,0
hausa_5_00136,Ya Salam 😭 Yanzu Kuma wata Hanta Virus ce tafito. Allah kakawomuna mafita.,0,0,1,0,3,1
hausa_5_00137,Ya Ubangiji Allah ka kawo mana karshen wannan musibar 😢😢😢,0,0,0,0,3,0
hausa_5_00138,Muna godiya da sosai akan kokarinka GMB amman yanxun lokachi yayi da muke bukatar adalchi da zage damtse akan wannan taadanchin dayake faruwa svd haka kaji tsoron allah ka mike tsaye domin maganche wannan matsalan 😭😭,0,0,2,0,0,0
hausa_5_00139,"Kiji tsoron allah dai , kuma muna addu ah allah y shirya ki shirin adnin musulunci🙏🙏",0,0,2,0,0,0
hausa_5_00140,"No wonder your the best dancer in kannywood, Ashe deh kallon Bollywood neh sirrin... It took me 14days of practice b4 I learn rariya 💃",0,0,0,0,0,2
hausa_5_00141,Hmhmhm 🤔🤔 kaih jama a Aji tsoron Allah,0,0,0,0,2,2
hausa_5_00142,"Gaskiya shugaban kasa malam Yayi kokari Allah yasaka mai da alkhairi saura minimum wage, yanzu kuma yarage ga police 👮 na Nigeria suji tsoron Allah sudaina ansar chin hanchi.",0,0,0,2,0,0
hausa_5_00143,"Talaka ya waye ynxuu, karyake kallon kowa fah🧐🧐🙂",0,0,0,1,0,0
hausa_5_00144,"Anzo wajan🤔, Ina Gabatar miki da sabon Banki🏦 Dan yayi wato Jaiz Bank, Taken mu shine (Dan kyakkyawar Rayuwa Me Albarka) Ki huta lpia.",0,0,0,0,0,0
hausa_5_00145,"Gyada yar sihiri, a bara aga 2, a murza aga 4, a tauna aji gardi 😀😂😂🤣",0,0,0,1,0,0
hausa_5_00146,Dan Allah Kuyi Kokari Wajen Kare Martabbar Wannan Shirin Shi Da Gidan Badamasi Karku Bari a Hanna Nuna Wadannan Shirye Shiryen Dan Allah 🙏,0,0,0,0,1,0
hausa_5_00147,Akwai damuwa fa😰 Allah shi yaye mana waɗan ga lalura,0,0,2,0,2,0
hausa_5_00148,Allah sarki Allah ya biya kah damuna dah irnka ah Nigeria dah mun huta wasu sai su kashe billions of naira akan ya yan su ✊,0,0,2,1,0,0
hausa_5_00149,Innalillahi wa’inna ilaiheer raju’un. 😳😳 ubangiji Allah ya yaye masa mukuma allah yakaremu da kariyarsa,0,0,0,0,3,0
hausa_5_00150,Innalillahi kenan muma ta shigo mana 😰 Allah ya kiyaye mu,0,0,1,0,3,0
hausa_5_00151,Allah yakiyaye mu Da shiga 🙏🙏🙏🙏,0,0,0,0,2,0
hausa_5_00152,Toh!!! Allah yatsemu da iyalinmu da duk musulmin Allah 🙏🙏,0,0,0,0,2,1
hausa_5_00153,"Gaskiya ni tnda aka haife ban taba ganin shekarar da aka shiga TSANANI ba sama shekarar 2020, dan akwai tarin abubuwa burkitattu kuma rikitattu a cikin ta. Fatan mu shine shekar 2021 ta zamo wadda yan Najeriya zasu dara kuma su samu saukin kuncin rayuwa. Allah yasa mu dace.🙏",0,0,2,0,2,0
hausa_5_00154,"Yayi sallah,sannan yayi dawafi,ya sha zam-zam,bagaruwa da dabino idan ya samu kaza kada ya saurara mata,bayan ya gama sai ya siyi jallabiya ya dawo kasar sa ta haihuwa ya ci gaba da haquri😂😂😂",0,0,0,1,0,0
hausa_5_00155,Nau ga takan fa hadda sarka ga kafanta 🦵 @user,0,0,0,0,0,1
hausa_5_00156,Subahanallahi.. Allah ya yakawo mana karshen wanan masifan 💔,0,0,0,0,3,0
hausa_5_00157,Subhanallahi!!! Allah kamana maganin wannan musiba🙏,0,0,1,0,3,0
hausa_5_00158,"Allah yakyauta, yasa akawo qarshen wannan annobar 🤲",0,0,1,0,2,0
hausa_5_00159,Kaduna Allah yashiga lamarinku😥,0,0,2,0,2,0
hausa_5_00160,"Adunga tunawa da wannan gurin , wlh za a zo shi nan da shekara 50 zuwa 60 wanda wasu sunyi nasu adunga suturta jiki don Allah 🙏🙏🙏🙏 https://t.co/eIwzUNEStT",0,0,1,0,0,0
hausa_5_00161,Ina Mugun yinki Rahama SADAU Allah Yakara Miki Lfy da Nisan Kwana Ameen Summa Ameen By Real Yahaya Muhd From Saudi Arabia Riyadh 😎 🙌 💋 👏 the,0,0,0,3,0,0
hausa_5_00163,"Allah kasa zuwan su shine sanadiyyar kawo karshen COVID-19 a Najeriya, idan ma sharri suka zo dashi yã Allah ka mayar dashi Alkhairi 🤲🤲🤲🤲🤲🤲🤲🤲🤲😢😢😢",0,0,1,0,2,0
hausa_5_00164,"Allah muntuba,Allah kakawo Mana dauki.😭🙏🤲",0,0,1,0,2,0
hausa_5_00165,Daga cin zabe?🤔🤔🤔🤔🤔🤔🤔Allah ya jikan musulmi.,0,0,2,0,0,2
hausa_5_00166,I ko sai Allah to meye dalili🤔,0,0,0,0,0,3
hausa_5_00167,Allah ya kawo mana karshen wannan annoba Ameen🤲🤲🤲🤲,0,0,1,0,3,0
hausa_5_00168,Allah ka karemu katsaremu da wannan cutar🙏,0,0,0,0,3,0
hausa_5_00169,Ya Allah duk Wanda yake Jin dadin abun da ya faru ga Yan uwan mu Yan Najeria a lekki Allah ka tabbatar masa da haka Shima! Jahilcin matasan arewa yayi kamari! Abun ba dadi 😢💔,2,0,2,0,0,0
hausa_5_00170,"Kiji tsoron Allah, Wallahi wannan ba'abin burgewa bace. Na rantse da Allah Sai An tambayeki Game da duk abinda kikeyi posting. Manzo Allah SAW yace: Ita mace Dukkan jikinta Al'aurace: Kiyi hakuri kiyi deleting Pictures di nan entirely. Ni mace kuma ina Kishin yar uwata Mace.😭",0,1,2,0,0,0
hausa_5_00171,Kaga kama karyako 🤔🤔 Bayansu babu wanda yakamasu sanda sukayiwa gomnatin baya 😢 Allah yakawomana daukin wannan zudda jinin da akeyi a yankunanmu na arewa 🙏🙏 https://t.co/05CWw73CTD,0,0,3,0,2,0
hausa_5_00172,Hasbunallahu Wa Ni'imal Wakil! Allah ka muna katangar karfe da wannan cuta ta Corona. Ya Allah ka hana wannan cuta zuwa yankin mu na arewa dake da matukar raunin tasarin kiwon lafiya da kuma yawan matalauta.😭🙏,0,0,2,0,3,0
hausa_5_00173,"Insha allah bko harma tazou karshe insa Allah ai boko harma duk dasahanun eh Nigeria aci ki kuna Allah yatuona asirinsu insha Allah💪☝💪💪 ai a arewa kadai akeyin ta mu en Niger ma abun yazo,kanmu muma saboda ,diffa ,ma muna pama da,ita wlh sedai Allah yayimana magna an n,☝👂",0,0,2,0,2,0
hausa_5_00174,Allah ya kiyaye wannan ba fata bane....😒 Da yardar Allah hakan bazai faru damu a Nigeria ba👈 Allah muke roko ya yaye mana duk wata chunchin rayuwa da muke chiki....🙏🙏🙏😭😭😭😭,0,0,1,0,2,0
hausa_5_00175,Allah ya kyauta ya kawo mana karshen wannan tashin tashinar a africa 🌍 bakidaya,0,0,1,0,2,0
hausa_5_00176,Innalillahi wa inna ilaihi rajiun Hakika dole musulmai musani mu shirya bada dukkan gudumawar da zamuba Allah da addininsa Kada mu mutu yan asara😭😭😭😭😭,0,0,2,0,1,0
hausa_5_00177,Subahanallah Allah kayi Mana maganinmu😏😏,0,0,1,0,2,0
hausa_5_00178,Shine dai dai wlh Allah ya mana tsari da Corona Virus 🦠,0,0,0,0,2,0
hausa_5_00179,Allah mun tuba ka yafemu 🤲🤲🤲 Allah ka kawo mana saukin wannan annoba 🤲🤲 🤲,0,0,0,0,3,0
hausa_5_00180,Allah y kawo mana karshen wannan tashe tashen hankulan d rashin tsaro a kasar nan tamu Najeriya wlh abun Babu dadi Sabo d a aryuwa Duk al'ummar d suka Rasa Zaman lpy sunyi babban Rashi a Fannin al'amuran rayuwarsa t yau d kullum 😱,0,0,2,0,3,0
hausa_5_00181,To mudai anan abunda muke roƙon ubangiji shine yaƙara karemu ya yaye mana wannan musiba afaɗin Duniya 🌏 waɗanda takama ya kuma basu lafiya Ameen 🤲,0,0,1,0,3,0
hausa_5_00182,"Tohhh mudai munga gawar mutum43 a qasa😭😭😭, kuma muna fata ubangiji allah yayi masu rahama yasa aljannah firdausi ce makomarsu. Muna roqon allah ya kawo mana sauqi acikin sha'anin tsaro yazaunar da qasar mu lpy. Ameeen🤲🏻🤲🏻🤲🏻",0,0,2,0,2,0
hausa_5_00183,Pls masu taimakawa kuci gaba da taimakawa Allah zai saka muku.... Allah ya kawomuna karshen wannan taaddanci Allah ya sakawa wayannan mutane😭,0,0,2,0,2,0
hausa_5_00184,Allah ya kawo muna karshen wannan tashe tashen hankula Najeriya 🙏,0,0,0,0,3,0
hausa_5_00185,"Subhanallah, wannan qasa tamu luran kullum qara lalacewa suke😢 Allah ya kawo mana gyara cikin gaggawa Allah ya bamu shuwagabanni masu tausayin al'ummarsu 🙌🙌🙏",0,0,3,0,1,0
hausa_5_00186,Allah kawo mana karshen masifan nan.👏🏻,0,0,0,0,2,0
hausa_5_00187,Allah kayayemana katsinawa mun shiga 3😱😫😱😫,0,0,0,0,3,0
hausa_5_00188,Allah yarabamu da corona kah bamu Corola🙏🏽🚗,0,0,0,0,2,0
hausa_5_00189,"Ana ta abinci waya ke ta wani waka?🙄ai mu ya kamata a bama kudi, ba wai mu zamu bayar ba. Duk wakokin da ka mishi be ishe shi bane? Wasu ma Basu da lokacin jin wakar. soyyayar daya zamu Nuna mishi kawai shine muyi mishi adu'a na Allah ya taimake shi, ya bashi ikon gyara komai🙏",0,0,2,0,0,2
hausa_5_00190,Ya Allah kai mana maganin muta nennan dan Girman ka kafimu sanin ta wacce hanya xaka biyo musu Allah kana gani Allah ka bi mana hiqqin mu Amin 😭😭😭😭😭,0,0,2,0,3,0
hausa_5_00191,Dama tuntuni Shan shayi kawai sukeyi sai yanzu zai Basu umurni. Allah ya kawo muna karshen wanga ta'adanci 🤲🤲🤲,1,0,0,0,2,0
hausa_5_00192,"Ya Allah duk wanda yA zaluncemu duk karfinsa da mulkinsa Ya Allah kada ka barshi Yaji dadin duniya,ka saka mana mu mutanen kano da irin zaluncin da akai mana Ya zuljalalu wal ikhram 🙏🏽😭",0,0,2,0,0,0
hausa_5_00193,😢😢😢Allah sarki Allah kamana maganin wannan masifar,0,0,1,0,3,0
hausa_5_00194,Nifa bazan zageki ba Amma Dan Allah inada tambaya guda daya kinaso kiga annabi muhammad (S.a.w) ? Adalilinki wani kafiri yake kalaman batanci akan annabinmu 😭😭 rahama Allah yashiryeni amiin https://t.co/a4bJ31u9pO,0,2,3,0,0,0
hausa_5_00195,"Allah yasa sun hutah, Nigeria 🇳🇬 Sai Allah. Allah ya kawo mana karshen wanan fitinan",0,0,2,0,2,0
hausa_5_00196,Allah yakawo mana karshen wannan abu 🙏,0,0,0,0,2,0
hausa_5_00197,"Allah ya tsare mu, ya karemu yakuma nisan tamu da ita 🙏🏽",0,0,0,0,3,0
hausa_5_00198,"Allah yakawo mana karshen masifan nan, ameen 🙏",0,0,1,0,2,0
hausa_5_00199,"Su waye matattun Kuma, ya Salam 😳 a fadi alkhairai ko a yi shiru.",0,1,2,0,0,1
hausa_5_00200,Allah yakawo mana mafita arayuwar mu 🙏🙏,0,0,1,0,1,0
hausa_5_00201,An fara saka dankwali😀 Masha Allahu,0,0,0,2,0,2
hausa_5_00202,Allah sarki. Allah ya yaye muku wannan ciwon. Kuma masu yaudaranku sabida wannan ciwon su sani suma ba dabararsu ce tasa suke da lafiya. Allah yasa jinyarku ya zamo muku kaffara. Allah yasa ya zamo sanadin shiganku aljannah😭😭😭,0,0,2,0,2,0
hausa_5_00203,Inna lillahi wa inna ilaihi raji'un 😥 Mudai muna ganin jarabawa a wannan kasa ya Allah ka kawo mana dauki.,0,0,2,0,3,0
hausa_5_00204,Allah ya waddan wanga cikaba babu😭😭😭 Allah ya kara tsarewa,0,1,2,0,1,0
hausa_5_00205,To wanna cuta sai da muce Allah yakaremu da kariyarsa Dan alfarman annabi Muhammad s.a.w ameen 🤲,0,0,0,0,3,0
hausa_5_00206,Allah yakawo Mana zaman lafiya a kasarmu Nigeria 👈👈,0,0,1,0,1,0
hausa_5_00207,"Allah yaji kansa,babu ranar tsayar da lockdown kenan😭😭😭",0,0,3,0,0,0
hausa_5_00208,Ya Allah 🤲🤲 ka kawo karshen wannan kisa da akeyi a duk wani state Allah ameen,0,0,1,0,2,0
hausa_5_00209,Allah ka kawo muna karshensu a doron kasa....shine addu ar mu insunfi karfii hukuma basu fi karfin allah (s.w.a)...😭😭😭 shi zaiyi muna maganinsu...,0,0,1,0,3,0
hausa_5_00210,😂🤣😂🤣😂 Inuwar giginya kenan. Allah yasa mu gama lafiya,0,0,0,0,0,0
hausa_5_00211,Allah ka kawo mana karshen wannan bala'i dake addabar yankunan mu na arewa😥,0,0,1,0,3,0
hausa_5_00212,Allah ya kyauta Allah ya kawo mana karshen wan nan masifan🙏🙏🙏,0,0,1,0,2,0
hausa_5_00213,Allah ya kawo karshen wannan balao'in dake addabar mu a'Najeriya🇳🇬,0,0,1,0,2,0
hausa_5_00214,Allah ka tsare mu daga wannan annobar Coronvirus din🤲,0,0,0,0,3,0
hausa_5_00215,Allah ka ceto kasar mu daga rushewa🙏🙏,0,0,0,0,2,0
hausa_5_00216,Allah Kawo Mana Qarshen Wannan Bala'en 🙏😥,0,0,1,0,3,0
hausa_5_00217,Yayi kyau Allah ya kawo mana karshen wadannan masifu da suka addabe mu🤲,0,0,0,0,3,0
hausa_5_00218,Tir da wannan lamarin gsky jamaa aji tsoran Allah wllh duniya alamun kashen ta sun fara bayya na ra ayil ai Allah kasa mu dace amen 😭,0,2,1,0,2,0
hausa_5_00219,Allah ya kawo mana karshen wan nan masifar Ameen🙏🏽,0,0,0,0,3,0
hausa_5_00220,Ya Allah ka kawomana dauki munaciki damuwa😷😭😭,0,0,3,0,2,0
hausa_5_00221,"Subhan'Allah 😥. Allah Ya bashi lafiya tare da sauran musulmi, Aameen. Allah Ya kawo mana karshen wannan cutar, Aameen.",0,0,2,0,3,0
hausa_5_00222,Allah ya kawo mana sauki wannan al amari Ameen ya Allah 🙏🙏🙏,0,0,2,0,2,0
hausa_5_00223,Subhanallah Allah ka kawo mana dauki 😢,0,0,1,0,2,0
hausa_5_00224,Allah yayi muna maganin wannan tashin hankali 😭🙏,0,0,1,0,3,0
hausa_5_00225,Innalillahi 😭 Allah ya kawo mana karshen abun,0,0,2,0,2,0
hausa_5_00226,Allah ka yaye mana wannan annoba Amin 🤲 🤲,0,0,1,0,3,0
hausa_5_00227,"Subhanallah ya Allah ka kawo mana karshen wadannan masifu,Astaghfirullah wa'atubu ilaik🤲",0,0,1,0,3,0
hausa_5_00228,Allah ya mana maganin dukan cututtukan dake damun mu🙏,0,0,2,0,2,0
hausa_5_00229,"Innalillahi wainailaihirajiun,Ya Allah ka kawo Mana daukih😢😭",0,0,1,0,3,0
hausa_5_00230,Innalillahi wa’inna illaihi raji’un ALLAH yayi mana maganin wannan cutar da gaggawa bada dadewa ba amin ya ALLAH 🙏,0,0,0,0,3,0
hausa_5_00231,Allah yakawo karshen wannan rikici a jihar kano....🤲,0,0,1,0,3,0
hausa_5_00232,Subhanallahi. #Allah ka mana maganin wannan al'amari🙏😰😫,0,0,1,0,3,0
hausa_5_00233,innalillahi wa inna ilaihi raji'un Tohm wallahi tallahi mun gaji 🙌 mun gaji mun gaji Wallahi.. dan Allah kar ka qara rufe mu 🙏 Ya Rabbi mun tuba 😭🙏,0,0,3,0,2,0
hausa_5_00234,Allah ya kawo muna karshen wannan tashe tashen hankula 🇳🇬,0,0,0,0,3,0
hausa_5_00235,Innalillahi Wa Inna Ilaihi Rajiun. Allah yayi mana maganin wannan masifa 🙏.,0,0,1,0,3,0
hausa_5_00236,Allah yakawomu karshen cutar gaba daya🙏,0,0,0,0,2,0
hausa_5_00237,Allah ka kawo karshen tashin hankalin nan😩🙏🏾,0,0,0,0,3,0
hausa_5_00238,"Subhanalli,Allah ya kawo mana dauki🤲",0,0,0,0,2,0
hausa_5_00239,Tofa😲😲😲 Allah Ya kawo mana karshen waɗannan fitintinun. Amiin,0,0,1,0,2,2
hausa_5_00240,"Allah ya kawo mana mafuta a wannan runtsi da muke ciki, Albarkacin wannan watan Mai Alfarma 😰",0,0,1,0,3,0
hausa_5_00241,"Subhanallah,,, Allah Kayaye mana wannan annoba badan halayen mu ba. Allah Mun tuba..🙏🏽🙏🏽🙏🏽",0,0,0,0,3,0
hausa_5_00242,Allah kawo mana saukin wannan musiba🙏🏽,0,0,0,0,2,0
hausa_5_00243,Allah yayaye mana wannan annoba Dan Al Farman wannan wata Mai Al barka(Ameeeeeen).🙏🏾,0,0,0,0,3,0
hausa_5_00244,"Innalillahi wa'inna ilaihirraji'un, Allah Yamana maganin duk wani abunda ya gagaremu🙏",0,0,2,0,2,0
hausa_5_00245,"Toh,Allah ya yaye masu wan nan bala'i Amin🤲",0,0,1,0,2,0
hausa_5_00246,Allah yakawo mana karahen chutarnan a daina wannan rufe rufen Dan Al farmar wannan wata Mai Al barka🙏🏾🙏🏾🙏🏾,0,0,1,0,3,0
hausa_5_00247,Allah ya kawo mana karshen wannan masifun Ameen 🙏,0,0,0,0,3,0
hausa_5_00248,Innalillahi wa Inna ilaihi rajiun 😢😢😢 Allah ya kubutar da su Allah ka kawo Mana karshen masifar nan,0,0,1,0,3,0
hausa_5_00249,Ya allah kakawo karshen wannan masifar da ta addabi Nigeria. 🤲🤲,0,0,1,0,3,0
hausa_5_00250,Allah ya kara kawo muna saukin wannan musiba 🤲,0,0,1,0,3,0
hausa_5_00251,Toh! Allah ka tsare mu daga wannan musibar🤲,0,0,0,0,3,0
hausa_5_00252,Allah ya takaita wannan masifar 😭,0,0,1,0,2,0
hausa_5_00253,Innalillahi wa innallaihi raji'un 😭😭 Allah ya kawo mana karshen wannan ta'addacin dake adabar sassan arewacin Nigeria Baki daya,0,0,2,0,3,0
hausa_5_00254,Ya Allah kakawo mana maganin wannan musibar 🙏🙏🙏🙏,0,0,0,0,2,0
hausa_5_00255,Allah yakawo karshen wannan zanga-zanga Dan darajar annabi 🤲🤲🤲,0,0,0,0,3,0
hausa_5_00256,Subhanallah Allah yakawomuna karshen wannan Annobar akasarmu bakidaya 🙏,0,0,1,0,3,0
hausa_5_00257,allah sauwake irin wannan masifar,0,0,1,0,2,0
hausa_5_00258,allah ubangiji ya kawo mana karshen yan taadda da masu taimaka masu,0,0,1,0,2,0
hausa_5_00259,allah ya kawo mana qarshen wannan annobar,0,0,0,0,3,0
hausa_5_00260,innalillahi wa inna ilaihi rajiun allah ya kawo mana karshe wannna masifa allah mun tuba,0,0,1,0,3,0
hausa_5_00261,allah ya bashi lafiya tare da duk sauran wanda suka kamu da ita allah yayi mana tsari da ita baki daya,0,0,2,0,2,0
hausa_5_00262,allah ya fitar da mu a cikin wannan iftila i albarkacin annabi muhammad s a w,0,0,0,0,3,0
hausa_5_00263,allah katausayamana albarka watanka mai albarka mun tuba ya allah,0,0,2,0,2,0
hausa_5_00264,ya allah ka kawo ma wadannan bayin allah dauki,0,0,2,0,2,0
hausa_5_00265,allah kakawo mana karshen zubarda jinnin musulmea afadin duniya,0,0,1,0,2,0
hausa_5_00266,ya allah kakawo mana qarshen matsalar tsalar rashin tsaro a gida nigeria baki dhaya,0,0,0,0,3,0
hausa_5_00267,allah ka tsare mu daga komawa daga gidan yesterday,0,0,0,0,2,0
hausa_5_00268,allah kagani munyi bakin kokarimmuh ya allah insunfi karfimmu kaikoh kafi karfinsu ya allah kasa muna hannu,0,0,2,0,2,0
hausa_5_00269,allah ya kare mu daga wannan cuta masu ita allah ya basu lafiya,0,0,1,0,3,0
hausa_5_00270,allah ya kawo mana karshin wannan annoba data anbabi duniya ya allah,0,0,0,0,2,0
hausa_5_00271,allah ya toni asirin su ameen tunda rashin imani ne agaban su tsinanu matsiyata yan buro uba sai kissan dan adam thank god kowa zai mutu su tuna duniya allah ya ara musu lokacine,3,1,0,0,0,0
hausa_5_00272,ya allah ya stari musulinchi da musulmi,0,0,0,0,1,0
hausa_5_00273,allah mun tuba allah idan ka ƙaddara mana tsawon rai don tsarkin mulkinka kada ka maimaita mana irin wannan shekarar a rayuwarmu,0,0,2,0,2,0
hausa_5_00274,allah yakawo mana karshen wannan tashin hankali,0,0,0,0,3,0
hausa_5_00275,to allah ya shiga tsakanin nagari da mugu,0,0,0,0,1,0
hausa_5_00276,ya allah muna neman tsarin ka daga sharrin mutum da na aljan ya allah kada ka bari mu cutar da kowa ya allah kada ka bari a cutar da mu muna yiwa kowa fatan alkhairan duniya da lahira ️,0,0,0,0,2,0
hausa_5_00277,innalillahi wainna ilaihirajiu ya allah ka rabamu da sharrin shedan dana zuciya,0,0,1,0,2,0
hausa_5_00278,allah yakare musulman ciki ameeeen,0,0,0,0,2,0
hausa_5_00279,ya allah yayimu gafara ameen,0,0,2,0,0,0
hausa_5_00280,allah subhanahu wataala kawargaxa shirinsu kakawomana qarshensu ya allah kawulakantasu dasuda masu daukar nauyinsu ya arhamarraheemeen ‍️,2,0,1,0,1,0
hausa_5_00281,allah katsare mana musulman mu nacen,0,0,0,0,2,0
hausa_5_00282,allah ya kyau ta ba nigeriya bakenan allah ya kawo muna karshen yan bindiga,0,0,1,0,2,0
hausa_5_00283,subahanallah subahanallah allah yasa mudace,0,0,1,0,2,0
hausa_5_00284,allah ya rabamu da ciwon hassada ameen on dibai,0,0,0,0,0,0
hausa_5_00285,subhanallahi allah ya kawo mana saukin wannan lamarin,0,0,1,0,2,0
hausa_5_00286,allah ka kawo mana karshen wannan boko haram din,0,0,0,0,2,0
hausa_5_00287,allah yayi mana maganin wannan cutar,0,0,0,0,3,0
hausa_5_00288,allah yakawo mana daukin wannar annoba guda ta covid ta cuta data covid ta yunwa,0,0,1,0,3,0
hausa_5_00289,innalillahi wainnah ilaihi rajiun ya rabbi ka temaki musulunci da musulmai duniya,0,0,2,0,2,0
hausa_5_00290,subahanallahi allah yakiyaye gaba ameen,0,0,2,0,0,0
hausa_5_00291,allah ya kawo muna karshen wannan taaddanci a nigeria amin,0,0,2,0,2,0
hausa_5_00292,allah ya kawo mana shugabbani nagari idan da akwai adalci a milkinka ai babu wanda zai sace kayan abinciallah ya iya mama,0,0,1,0,0,0
hausa_5_00293,allah ya qara tsare mu daga sharrin masu sharri bi jahid sayyadil ummah,0,0,1,0,2,0
hausa_5_00294,allah ya kawo muna karshen wannan rikichi na,0,0,0,0,2,0
hausa_5_00295,wata sabuwa kenan muna kirawa alumma dacewar sai munƙara komawa ga allah kana musamu mafita a rayuwa,0,0,1,0,2,1
hausa_5_00296,agaskia kisan yayi yawa sannan abi haushinma shine mininster n tsaro wai daga zamfara yake yayi shiru padan gwamnati ma shiru kakeji shima dai toh shikenan allah yakawo muku dauki amiin,1,0,2,0,2,0
hausa_5_00297,matsalar mu na tareda mu kullum allah yakawo karsten wannan abu,0,0,1,0,2,0
hausa_5_00298,to allah ya rupamana asiri yabamu yadda xamiyi yakuma karemu daga sharrin mugayen bayinsa ameen,0,0,1,0,1,0
hausa_5_00299,allah ya sauwake allah kuma ya kawo mana karshen wannan masifa alfarmar annabi muhammad s a w,0,0,1,0,3,0
hausa_5_00300,allah ya mayar musu da wanda ya fishi alkhairi kuma ya kiyaye nagaba amin summa amin,0,0,2,0,0,0
hausa_5_00301,allah ya karbi addu a ya kawomana karshen wannan balai da masiba a kasarmu nigeria amin summa amin,0,0,0,0,3,0
hausa_5_00302,allah shikawo muna karshen wannan matsala,0,0,0,0,2,0
hausa_5_00303,allah ya sa kar ayi kashe mu raba muna fatan saƙon ya isa ga mabuƙata,0,0,0,0,1,0
hausa_5_00304,allah swa yatsare gaba ina yimiki fatan alheri amin aamsaw,0,0,0,0,0,0
hausa_5_00305,allah yakawo mana qarshen wannan wahalar dan alfarmar annabi ameen ya rabbi,0,0,1,0,2,0
hausa_5_00306,innalillahi wainna ilaihirrajiun ya allah ka kawo mana karshen wannan masifa,0,0,0,0,3,0
hausa_5_00307,taff toh allah ya kiyaye,0,0,1,0,1,1
hausa_5_00308,toh allah ubangiji ya kawo mana karshen wan nan fitintinun ya allah ka tausaya mana don rahamar ka,0,0,0,0,3,0
hausa_5_00309,subhanallah allah ya tsayar haka,0,0,2,0,2,0
hausa_5_00310,allah y kasaukaka mana,0,0,2,0,0,0
hausa_5_00311,allah kubutar da saurar,0,0,0,0,1,0
hausa_5_00312,innalillahi wa inna ilaihi rajiunallah yayimuna maganin masu wannan mugun aiki,0,1,2,0,2,0
hausa_5_00313,ya allah ka kawo mana karshen wannan balain a nigeria,0,0,1,0,2,0
hausa_5_00314,allah ka tsare musilmai baki daya,0,0,0,0,1,0
hausa_5_00315,allah don alfarman annibi ka kawo mana karshin wannan musiban,0,0,0,0,3,0
hausa_5_00316,allah ya dawo masu mafita albarkan wannan wata na ramadan,0,0,1,0,1,0
hausa_5_00317,allah duk wanda yakawoma musulunci wannan allah kayimuna maganin su bakidaya,0,0,0,0,2,0
hausa_5_00318,allah ya taimakekuya dauraku akan su allah yayi mana maganinsu amin ya hayyu yaqayyum,0,0,1,0,2,0
hausa_5_00319,subhanallah allah yai musu mafita,0,0,0,0,3,0
hausa_5_00320,to allah yakawo mana daukinsa amin,0,0,1,0,2,0
hausa_5_00321,allah yakawo karshen rashin zaman lafiya a nigeria dama duniya gabaki daya,0,0,1,0,1,0
hausa_5_00322,allah ya kyauta allah ubangiji ya karemu,0,0,0,0,2,0
hausa_5_00323,zan nima tuba daga allah allah ya femun zubaina da naiu baki daya amin ya allah no mai laifine ka yafemun birahmatika ya arhamar rahimin,0,0,1,0,1,0
hausa_5_00324,ya allahka hada kan dukkanin kasashen musulmin duniyah gabakih dayah sannan allah kakawoh karshen rashin zaman lafiyah akasashen musulmi damah duniyah gabaki dayah,0,0,2,0,1,0
hausa_5_00325,kaiii allah ya sauwake,0,0,1,0,0,1
hausa_5_00326,allah yakara kubutar da sauran dan darajar annabi saw,0,0,0,0,2,0
hausa_5_00327,ya subhanallahi allah yayimana magani matsalanan hakan kakeso bah,0,0,1,0,2,0
hausa_5_00328,allah kakawomana daukiya allah,0,0,0,0,2,0
hausa_5_00329,allah ya kare yan uwa musulmai allah ya kare kasar mu nigeria allah duk wanda keda hannu kan lamarin boko haram allah ya kawar mn dashi allah dan soyyy mu da annabi muhammad da alfarmar wnnn watan,1,0,1,0,2,0
hausa_5_00330,nothing but fact allah ya bamu zaman lafiya ah nigeria,0,0,0,0,1,0
hausa_5_00331,allah ya rabamu da yahudawa duk yahudanchini wllh watakila nadiya ku,0,0,1,0,1,0
hausa_5_00332,to allah ya kyauta amma nigeria ni har na kasa gane kan wannan lamari allah ya kaga halin da yanuwan mu ke ciki,0,0,2,0,1,0
hausa_5_00333,inna lillahi wa inna ilaihi rajiun again kuma daiallah kai kasan dalili allah mun tuba allah ka takaita wadan nan masifu da ka jarrabi kasar mu da su,0,0,1,0,3,0
hausa_5_00334,innalillahi wa innalillahi rajiuun innalillahi wa innalillahi rajiuun rahma kiji tsoron allah all those people advising you wallahi suna sonki ne da rahamar allah wallahi ina tausaya maki ace yau ki wayi gari ki jiki cikin qabari kin koma ma allah a irin wannan yanayi,0,0,3,0,1,0
hausa_5_00335,allah kafimu sanin yarda zakayi da mutanan nan allah kaimana maganinsu ya hayyu ya qayyumu,0,0,1,0,2,0
hausa_5_00336,subhanallah allah yakaremu,0,0,0,0,2,0
hausa_5_00337,allah ya ji kukansu allah yai muku maganin kafiran da suke damunku allah ya kare musulmi da musulunci ameeeen,0,0,2,0,2,0
hausa_5_00338,abun fa da ban tsoro allah ya sa a gano su cikin aminci allah ya tsare su daga dukkan sharri amin,0,0,1,0,2,0
hausa_5_00339,innalillahi wainnailaihir rajiun allah mun tuba kayafe mana allah k tausaya mana badin halin mu ba ya allah ka kawo mana karshan wann masifan,0,0,0,0,3,0
hausa_5_00340,innalillahi wainna ilaihirrajiun ya allah kadubi wannan baayi naka ka sanya musu nutsuwa da kwanciyar hankali a kasar su allah mu bayinka ne mun tuba ka gafarta mana ka jibinci lamuran mu ya waahidul qahhar,0,0,2,0,3,0
hausa_5_00341,ki kiyayi gamuwarki da allah hajiya rahma sadau ki kiyayi lokacin da zaa baki littafinki ace ki karanta ya isheki hisabi اقرأ كتابك كفى بنفسك اليوم عليك حسيبا,0,0,2,0,0,0
hausa_5_00342,alhamdulillah wallahi wannan abun da sukai yayi kyau sosai allah ya kawo mana karshin wannan cutar baxan fade sunan taba dumin na tsani ta,0,0,1,2,2,0
hausa_5_00343,ya allah ya kawo ma alumar jihar katsina dauki allah ya tona asirin duk masu daukan nauyin haddasa kashe kashen da yake faruwa a jihar dama nigeria baki daya ameen allah mun mika kukan mu gareka allah ka share mana hawayen mu cikin gaggawa ameen,0,0,2,0,2,0
hausa_5_00344,ride on hajiya kin chi uwarsu walahi ba kare mai haushi,2,0,0,0,0,0
hausa_5_00345,allah ubangiji ya kawo muna dauki,0,0,1,0,2,0
hausa_5_00346,allah kawo sauqi wannan qasa tamu,0,0,0,0,2,0
hausa_5_00347,innalillahi allah kadubi bayinka salihai,0,0,0,0,2,0
hausa_5_00348,allah yajikan so da raham allah yayafe muso amin somma amin,0,0,3,0,0,0
hausa_5_00349,allah yai musu mafita kuma su sani cewa zasu iya kashe musulmi ko su kulle su amma bazasu iya kashe musulunci ba,1,0,2,0,1,0
hausa_5_00350,maa sha allah allah ya kawo mana karshen wannan annoban,0,0,0,1,2,0
hausa_5_00351,rahamu allah yakawo mana sauki,0,0,0,0,1,0
hausa_5_00352,ya allah ka yaye mana wannan masifa bijahi rasulullah saw,0,0,0,0,3,0
hausa_5_00353,innalillahi waina ilaihim rajiu subhanailla ya allah karka kawo mana wannan balai da wannan mutum yake kawo mn shi ya allah ba zamu iya ba wllh allah ka iya mana,0,0,0,0,3,0
hausa_5_00354,allah kyauta allah mana tsari dasu,0,0,0,0,2,0
hausa_5_00355,allah ya jikan waenda suka rasu yaba marasa lafiyan su lafiya allah kuma ya kawo mana karshen wannan fitina a nigeria ameen,0,0,2,0,2,0
hausa_5_00357,allahuakbar kullin nafsin zaikatul mauti allah yakawo mana karshen wanna annobar,0,0,1,0,3,0
hausa_5_00358,allah shi qara nisantar damu daga wannan muguwa cutar,0,0,0,0,3,0
hausa_5_00359,allah ya kawo mana ƙarshen wannan cuta a duniya baki ɗaya,0,0,0,0,3,0
hausa_5_00360,inna lillahi wa inna ilaihi raajioonya allah ka bamu zaman lafiya aqasarmu najeriya da kuma duniya bakidaya,0,0,2,0,2,0
hausa_5_00361,allah ya kawo mana qarcen wanan masifa,0,0,0,0,3,0
hausa_5_00362,allah mana tsari dashi hajiya,0,0,0,0,2,0
hausa_5_00363,kuma dai allah ya kawo mana karshen wann masifa,0,0,0,0,3,0
hausa_5_00364,innalillahi gaskia bamuji dadiba allah yayi mana maganin wannan annoba a dukkan inda musulmai suke amin,0,0,2,0,2,0
hausa_5_00365,allah yakawomana karshen wanna annoba sannan kuma inakara kira ga jamaa acigaba da sa face mask,0,0,0,0,2,0
hausa_5_00366,allah dan girmanka allah dan darajiar ka allah ka yayiwa al umar ka wannam masifar aduniya allah,0,0,0,0,3,0
hausa_5_00367,hasbunallahu waniimal wakil innalillahi wainna ilaihirrajiun allah ubangiji kawo mana qarshen masifar nan,0,0,1,0,3,0
hausa_5_00368,y subhanallah allah kaji qansu d rahma wannan musiba da suke ta samun mu allah ka dube mu k yaye mn badan halin mu b,0,0,3,0,3,0
hausa_5_00369,allah kashiga tsakanin mu da wannan yariman,0,0,0,0,2,0
hausa_5_00370,allah ya yaye mn musiba amma f n hango wasu en yara,0,0,0,0,2,0
hausa_5_00371,hakane wlh allah ya kawo mana agaji,0,0,0,0,2,0
hausa_5_00372,allah ya gafarta musu mu kuma allah ya kare mu daga sharrin mugaye iri ameen,0,0,3,0,2,0
hausa_5_00373,wayyo allah ya allah ka kawo mana karshen abun nan allah ya kawo mana kwanciyan hankali ameen,0,0,0,0,3,0
hausa_5_00374,allah ya karemu daga wannan cotar ta corona virus,0,0,0,0,3,0
hausa_5_00376,allah ubangiji yabaka lafiya mu kuma allah yakaremu,0,0,2,0,2,0
hausa_5_00377,ubangiji allah kakawo mana karshen wannan fitina data addabi yankina arewa albarkacin dan gatan k fiyayyan halitta annabi muhammad rasulullah sallallahu alaihi wasallam astaghfirullah,0,0,2,0,2,0
hausa_5_00378,allah yakiyaye nagaba rahama adinga kulawa kuma,0,0,0,0,1,0
hausa_5_00379,innalillahi wa inna ilaihirrajiun allah ya kawo mana karshen tashe tashen hankulan nan allah ya ji kan su ya sa mutuwa ta zamo hutu a gare su amn,0,0,2,0,3,0
hausa_5_00380,ya allah allah ya shiga tsakaninmu dasu,0,0,0,0,2,0
hausa_5_00381,innalillahi kai allah yaye musumuma nan allah kawo mana sauki allah ka kawo mana karshen masifa amin ya allah,0,0,1,0,3,0
hausa_5_00382,hhhhh to ko ramos yace yana sonki ne,0,0,0,0,0,1
hausa_5_00383,allah kamana maganin wannan rashin tsaro yunwa da tsadar rayuwa da muke fama da ita a nigeria,0,0,1,0,2,0
hausa_5_00384,allah ya tsare allah ya kare mutanen kasa ta,0,0,0,0,2,0
hausa_5_00385,ya salaam ya allah ka kawo karshen wannan annoba,0,0,0,0,3,0
hausa_5_00386,ajabba allah gamu garekah,0,0,1,0,1,0
hausa_5_00387,muna neman kariya a wurin allah jallah wa ala shi daya ne zai kare bayinsa allah ya dube mu ba dan halinmu ba yayi mana magani dan arzikin manzon allah saw,0,0,0,0,3,0
hausa_5_00388,hasbunallahu wa niimal wakíl allah ya qara tsare muna imanin mu da kuma mutum cinmu allah yayi muna maganin wadan nan alamurrah aâmeen,0,0,0,0,2,0
hausa_5_00389,ya allah ka kawo mana ƙarshen wannan balai,0,0,1,0,2,0
hausa_5_00390,babbar magana yanzu kuwa lallai ga ta nan tana ta sheka gudu ba tuntube allah ya kyauta,0,0,1,0,0,2
hausa_5_00391,too ashe sunada bambanci uhumm,0,0,0,0,0,2
hausa_5_00392,wai kaji dakyar,0,0,0,0,0,1
hausa_5_00393,to a gidan nasu ma anyi masu duka ace sunje gidan wani kuma me zai hana da baza ayi masu duka kuma ba,0,0,0,0,0,1
hausa_5_00394,au ashe ma ganyen shayi ne,0,0,0,0,0,2
hausa_5_00395,wannan ko shine salman khan din,0,0,0,0,0,2
hausa_5_00396,lallai kam akwai sauran kallo,0,0,0,0,0,2
hausa_5_00397,amman basu tsiya ceba ko,0,0,0,0,0,1
hausa_5_00398,tabbbb abun dariya,0,0,0,1,0,1
hausa_5_00399,kuma dai kai jamaa,0,0,0,0,0,2
hausa_5_00400,tabb wani aikin sai dai shuga wasu kasha shan amma banda tawa,0,0,0,0,0,1
hausa_5_00401,to a nawa za a sayar da dambunta,0,0,0,0,0,0
hausa_5_00402,anya babu lauje cikin nadi kuwa,0,0,0,0,0,2
hausa_5_00403,kutttt wai dama bai da aure,0,0,0,0,0,3
hausa_5_00404,taya zaa bamu wuta kyauta,0,0,0,0,0,2
hausa_5_00405,hajiya rahama mu fa bamu gane emojin nan naki ba fa kodai,0,0,0,0,0,1
hausa_5_00406,allah bai haramta ba sai wani kamfani,1,0,0,0,0,1
hausa_5_00407,a haba yaushe,0,0,0,0,0,2
hausa_5_00408,wai dama har yanxu akwai corona najeriya kenan,0,0,0,0,0,3
hausa_5_00409,toh fa kin dawo ambassadorn infinix ne,0,0,0,0,0,2
hausa_5_00410,kai lallai ma mutanen nan,0,0,0,0,0,2
hausa_5_00411,allah daya gari bamban kasar da nake mafarkin zuwa a kullum ita wani yake kokarin kashe kansa a cikinta,0,0,0,0,0,2
hausa_5_00412,haba dai sister fa gaske wai kike,0,0,0,0,0,2
hausa_5_00413,toh farrrr ita kuma wannan ta ina deexel yaxama bro din ta,0,0,0,0,0,2
hausa_5_00414,i ko sai allah to meye dalili,0,0,0,0,0,3
hausa_5_00415,ashe nima zan iya yin waka,0,0,0,0,0,2
hausa_5_00416,kuma shine baa sanar dani ba,0,0,0,0,0,1
hausa_5_00417,ku banda ku,0,0,0,0,0,1
hausa_5_00418,hahaha ni fa abinda yake matukar bani mamaki shine kungiyar miyetti allah tace ita tayi nasarar ceto daliban makarantar kankara rundunar sojojin nigeria tace ita tayi nasarar ceto daliban makarantar kankara rundunar yan sandan lntelligence agencies taceitatayi ceto daliba,0,0,0,0,0,3
hausa_5_00419,duk da takun kumin sa,0,0,0,0,0,1
hausa_5_00420,yana biya mana kallan jikin mai cin bashin kaga,0,0,0,0,0,0
hausa_5_00421,daman wannan bawan allah yana raye,0,0,0,0,0,3
hausa_5_00422,ina ke yar barcelona ce bamu gane ba,0,0,0,0,0,2
hausa_5_00423,daman suna jin hausa,0,0,0,0,0,2
hausa_5_00424,tayaya ta kwance ko da staye ️️️,0,0,0,0,0,2
hausa_5_00425,kai kiniya rubuntun hausa ashe kinje makaranta amma danyi na turanci mugani,0,0,0,0,0,2
hausa_5_00426,first time in history saudiya ta goyi bayan palestine,0,0,0,0,0,2
hausa_5_00427,kin gaji da shafakin da akeyi kenan,0,0,0,0,0,1
hausa_5_00428,garin yaya ko dama dan neman baya ne,0,0,0,0,0,2
hausa_5_00429,toh baida kudin siya masu neh‍️,0,0,0,0,0,1
hausa_5_00430,wai ko nijar mukai,0,0,0,0,0,2
hausa_5_00431,ashe duniya har bango gareta barouba to lahira zasuje kenan,0,0,0,0,0,3
hausa_5_00432,wai product din nan naka kowa siyarmasa kak need,0,0,0,0,0,2
hausa_5_00433,wai aiki ya samu kenan,0,0,0,0,0,2
hausa_5_00434,wannan bincike bai karewa hakaranar ma ance kurawa nonon mce ido yn sa a dade dunia,0,1,0,0,0,1
hausa_5_00435,inya kuwa sadau,0,0,0,0,0,1
hausa_5_00436,ke mace ce pha ko kallon namiji kikeyi mata ne,0,0,0,0,0,2
hausa_5_00437,oga kaima kana crypto ashe,0,0,0,0,0,3
hausa_5_00438,kaikaji wani news dan allah,0,0,0,0,0,1
hausa_5_00439,ni fa inche abun da mamaki wai gondallar da koyarwa a us,0,0,0,0,0,3
hausa_5_00440,daman wanda ba musulmi ba ze iya auren mace musulma,0,0,0,0,0,3
hausa_5_00441,kai wai ina mutanen nigeria xasu saka kansu ne allah mun tuba,0,0,1,0,2,1
hausa_5_00442,nan kuma kunka dawo,0,0,0,0,0,2
hausa_5_00443,dabdalar nuna tsiraici,0,2,0,0,0,0
hausa_5_00444,wai harda baban garzali miko ne a ciki naga mai farin kayan nan suna kama sosai fa,0,0,0,0,0,2
hausa_5_00445,yaushe xa ayi hakan ne,0,0,0,0,0,1
hausa_5_00446,a ina abin ya faru haka,0,0,0,0,0,2
hausa_5_00447,uhmm wata sabuwa kuma,0,0,0,0,0,2
hausa_5_00448,toh fa wata sabuwa kenan,0,0,0,0,0,2
hausa_5_00449,yanzu wai bacci zakiyi da girman ki,0,0,0,0,0,1
hausa_5_00450,anya kina azumi kuwa naga ko almun rama baki d,0,0,0,0,0,3
hausa_5_00451,kaeee anyaa kuwaa akaraa bincikawaa dee domin nan nigeria zamu ganii mukam,0,0,0,0,0,2
hausa_5_00452,yanxu wannan baka ce,0,0,0,0,0,2
hausa_5_00453,dama har yanzu akwao korona,0,0,0,0,0,3
hausa_5_00454,wai dankali kike nufi,0,0,0,0,0,1
hausa_5_00455,tappp ba zasu daina ba knan,0,0,0,0,0,1
hausa_5_00456,shi a abuja akabarshi kenan,0,0,0,0,0,2
hausa_5_00457,shiyasa kikayi sabon saurayi a london,0,0,0,0,0,1
hausa_5_00458,a ina yaushe su waye su ina aka birnesu zaku maimaita da larabci wlh,1,0,0,0,0,0
hausa_5_00459,annabi abubakar kuma,0,0,0,0,0,1
hausa_5_00460,yo mukuma ya zaayi damu,0,0,0,0,0,1
hausa_5_00461,shin wai da gaske hakan ne,0,0,0,0,0,2
hausa_5_00462,haba da gaske,0,0,0,0,0,2
hausa_5_00463,dama nigeria nada ofishin jakadanci a iran,0,0,0,0,0,3
hausa_5_00464,shin waini jamaa miye laifin mahmud duk fa wanda yasamu dama irinta mahmud wallahi i have confidence sai ya dama for that i think mahmud is right,0,0,0,0,0,1
hausa_5_00465,dama ankoma makaranta ne,0,0,0,0,0,3
hausa_5_00466,au wai agent kuke nufi ejanejan kai hausawa,0,0,0,0,0,2
hausa_5_00467,wai har yanzu lokacin shan ruwa baiyyi ba ne,0,0,0,0,0,1
hausa_5_00468,a ss kullum inajin friends dina suna cewa malamar biology dinnan harija ce saboda bata gajiya da koyarwa idan tashigo aji nikuma bansan mesuke nufi da kalmar harija ba saina tambayesu sai sukacemin wai na tambayeta was almost ask her whats the meaning of harija,0,0,0,0,0,0
hausa_5_00469,nifa baa bani ba ko an baka,0,0,0,0,0,1
hausa_5_00470,ashe ma obama zai iya cin zaben shima,0,0,0,0,0,2
hausa_5_00471,abdul zo kaga wani irin kallo da takewa wannan mutumin,0,0,0,0,0,1
hausa_5_00472,wait wai wace kebbi mutum dari naji kuna magana fah haba dai bbc,0,0,0,0,0,3
hausa_5_00473,daga brunei tazo ne,0,0,0,0,0,1
hausa_5_00474,au wai daman basu yafemasa ba ai nazata an wuce wannan maganar sai y kiyayi aisha yasani baba natane ita kadai,0,0,0,0,0,3
hausa_5_00475,ya akai banga sunana bah,0,0,0,0,0,2
hausa_5_00476,ke zakiyi aurene,0,0,0,0,0,1
hausa_5_00477,to daman baa gama waec ba,0,0,0,0,0,2
hausa_5_00478,abun mamaki bata karewah,0,0,0,0,0,3
hausa_5_00479,ashe duk yan kaduna ne suka zo suka cika mana gari daman,0,0,0,0,0,3
hausa_5_00480,idan kuma ka sauka fa,0,0,0,0,0,1
hausa_5_00481,ai ba bayarwan bane shin xai isa inda ake son ya isa shine tambayan,0,0,0,0,0,1
hausa_5_00482,anya kuwa kanance lol,0,0,0,0,0,2
hausa_5_00483,bashi da lapiya ne,0,0,0,0,0,1
hausa_5_00484,hmh me ya yi kuma,0,0,0,0,0,2
hausa_5_00485,wait kunce ta duniya toh duniyar baqaqe kadai kenan kuke nufi,0,0,0,0,0,1
hausa_5_00486,ai tun a karo na farko ya bamu mamakin ynx me ya rage,0,0,0,0,0,2
hausa_5_00487,toh fa yau kuma me ya shiga tsakanin da har yake furta wannan kalamai ba ya fatan sake ganawa da mutum kamar buhari,0,0,0,0,0,2
hausa_5_00488,me ya sa da kano za su fara,0,0,0,0,0,2
hausa_5_00489,to da ame ake daukar mu,0,0,0,0,0,1
hausa_5_00490,duk da anhana su shigowa kano din‍️‍️,0,0,0,0,0,2
hausa_5_00491,to shi kuma ta ina zeyi anfani,0,0,0,0,0,1
hausa_5_00492,to fa anfara,0,0,0,0,0,1
hausa_5_00493,prince dame za a ayi wuff din,0,0,0,0,0,1
hausa_5_00494,toh fa wai har yanzu ma akwai corona,0,0,0,0,0,2
hausa_5_00495,ta nan kuma kuka ɓullo,0,0,0,0,0,2
hausa_5_00496,wai haryanzu baa nada sabon sarki a kano ba,0,0,0,0,0,2
hausa_5_00497,amma amma ai kamar ba bacci suke ba,0,0,0,0,0,1
hausa_5_00498,amman dai yaron yafi haka girma ko,0,0,0,0,0,2
hausa_5_00499,wai ashe ina da budurwa,0,0,0,0,0,3
hausa_5_00500,harda wanda yayi wanan sanarwa koh,0,0,0,0,0,0
hausa_5_00501,yajin aikin cin abinci kuma,0,0,0,0,0,2
hausa_5_00502,wlh nima abun yana kullen kai na rasa inda ya samo wan nan farin jinin haka,0,0,0,0,0,2
hausa_5_00503,tohhhyaushe zasu fara sharan titi,0,0,0,0,0,1
hausa_5_00504,amarya tana zuwa wurin daurin aure need,0,0,0,0,0,2
hausa_5_00505,kunajin azuminnan kuwa,0,0,0,0,0,1
hausa_5_00506,so yanxu dai mutu ba kenan yana nan da ransa ‍️,0,0,0,0,0,2
hausa_5_00507,farfesa ya fara aiki kenan,0,0,0,0,0,1
hausa_5_00508,dama kuduka government na biyankune,0,0,0,0,0,2
hausa_5_00509,no wonder north west mukafi kowa haihuwa,0,0,0,0,0,2
hausa_5_00510,laa dama rahama ke bahaguwa ce,0,0,0,0,0,3
hausa_5_00511,abun mamaki bakamar a ja ba,0,0,0,0,0,2
hausa_5_00512,iko sai lillahi africa kenan abun mamaki baya karewa,0,0,0,0,0,3
hausa_5_00513,da meye zaa tantance yawan yayan nasa,0,0,0,0,0,1
hausa_5_00514,tabdi jam yanzu kana nufin sangaya rs kenan,0,0,0,0,0,2
hausa_5_00515,ashe ba tun yanzu mata ke activism ba,0,0,0,0,0,3
hausa_5_00516,pls a wane kasa ce wannan abun,0,0,0,0,0,1
hausa_5_00517,wai yan boko haram inan basu qarewa ne hakanan,0,0,0,0,0,3
hausa_5_00518,dama ba musulmi bane,0,0,0,0,0,2
hausa_5_00519,to ko yaushe zata gayyaci baba ganduje,0,0,0,0,0,1
hausa_5_00520,pls rahama sadau ina tmby wai shi wnn bakin me yasa indai xaki photo se kin dan budeshi ne,0,0,0,0,0,1
hausa_5_00521,rakumi girman ka na wofi danakuya yafika duwawu,0,1,0,0,0,0
hausa_5_00522,yanzu kinyi hankali kenan ba half naked picture in ur birthday,0,0,0,0,0,2
hausa_5_00523,tir da wannan goyon baya kuwa,0,2,0,0,0,0
hausa_5_00524,tallar da kuke sawa wadda shehu hassan yayi ta corona tana bamu haushi inda yake tambayar yar shi wae taba zuwa lahira kuma ta yi imani like seriously duk musulmin kwara be kamata yayi irin wannan tambayar bakuna hada perfection din annabi with this shit,1,0,2,0,0,0
hausa_5_00525,aikin banza gsjy ana mulkin hauka a nigeria wlh,1,1,1,0,0,0
hausa_5_00526,kunfi kowa iya hege ai a social media ai,0,0,0,0,0,0
hausa_5_00527,wannan dai anyi katon baho marar amfani mace dayan ce zata gagareshi buhun omo kawai,1,1,0,0,0,1
hausa_5_00528,karyar banza kawai idan da gaskene ina kudin suke kullun burinku kutafi rantowa kasar kudin bashi kuna raba daidai da dukiyar kasa,1,1,1,0,0,0
hausa_5_00529,duk abunda kafirae dinan sukayi qaryata ayar qurani da hadisai da kuma xagin musulunci da annabi da sukayi to kisan ke allah zai kama da laifi don kece mufari,1,1,2,0,0,0
hausa_5_00530,ya allah abunda rahama tasa akayiwa wanda kafi qauna duniya da lahira kuma girman kai yahanata ta tuba ta goge abunda tayi ya allah kayi mata dai dai da abunda tayi allah yakara tsine miki albarka shegiya yar asara,3,2,0,0,0,0
hausa_5_00531,mtsww ai gara ana zuwa makarantar wannan irin jahilci dakuke nunawa duniya inda bakwa karatu ba a san me zakoyiba kuma,1,1,1,0,0,0
hausa_5_00532,dan uwarki wane zai sa sai ki canza mai ko tin da kece mr president in wawaiya kawai baki ki shin ka sarki dabba dake mtww,2,2,0,0,0,0
hausa_5_00533,tir da wannan gunki inji pmb,0,2,0,0,0,0
hausa_5_00534,bbc hausa sam babu kishi babu kwarewa a aikin ku wallahi mi yasa duk wani rahoti da zai iya haifar da cikas ko matsala gehen addinin musulunci kunfi raayin kawo shi allah ya waddan naka ya lalace amin,2,2,0,0,0,0
hausa_5_00535,gaskiya rashin sannin irin illar karya take dashi da kuma zununbin makaryaci shiya jawo miki in da ace kinyi islamiyya yadda ya kamata da kin rage wannan sharara karyar,0,1,1,0,0,0
hausa_5_00536,ga cuta ga macuta gakuma masu cutuwa ya allah,1,0,0,0,1,0
hausa_5_00537,kash ‍️ kwankwaso ai ba haka ake kamfen ba kallan kaararran dan siyasa nake maka amma gsky kabani kunya ina laipin ka bari sai kunci zabe san nan ka padi wan nan maganar,0,1,1,0,0,0
hausa_5_00538,hamm koma meye wannan gmb shiya jawa kansa muna nuna masa so amma baya son mu sai yan kudi ‍️‍️,0,0,1,0,0,0
hausa_5_00539,karyan banxa kenan,2,0,0,0,0,0
hausa_5_00540,kude jakunane kawai shine yasaka bakwa fashimta,2,2,0,0,0,0
hausa_5_00541,allah sarki su shekarau anyi faduwar baqar tasa,0,1,2,0,0,0
hausa_5_00542,mitswwwwwww ba abinda yaiya sai jaje,2,0,0,0,0,0
hausa_5_00543,wai wannan kazantace ko kuma rashi iya wanki amma ki canza bai miki makeup saboda kinfara likin,0,2,0,0,0,1
hausa_5_00544,ka dauki salon mulki erinna megidanka firauna,0,0,0,0,0,0
hausa_5_00545,see dis rashin kunya,0,1,0,0,0,1
hausa_5_00546,shege ka fasadan yarinya munjima muna jinka karka fasa kaji,3,0,0,0,0,0
hausa_5_00547,wallahi you have failed usthis not what you promised uskana kallon yanda ake kashe mutane kamar kiyashsuda banxa duk daya suke a wajenka wallahi ko yau ka mutu allah saiya mana hisabi da kai,0,1,3,0,0,0
hausa_5_00548,"Kai, Aradu kiyi kyau har naji kishi😄😄",0,0,0,1,0,2
hausa_5_00549,"Allah mun tuba 👏😢😢... Allah munce se shi, Allah ka barmu dashi, ya Allah ka shiga tsakanin mu da wannan bawa naka.",0,0,2,0,2,0
hausa_5_00550,Tofa 🤔 alamari ya girma Allah ka tsare mu,0,0,0,0,2,2
hausa_5_00551,Kawi dai muyi tayin Addu'ar Allah yayi mana maganin wannan masifar🙏,0,0,1,0,3,0
hausa_5_00552,Subhanallahi Allah muntuba Allah munbarka dasu kayimana maganinsu 🤲,0,0,1,0,2,0
hausa_5_00553,Toooooh😲😲😲😲mu kd mucigaba da addu a,0,0,0,0,2,2
hausa_5_00554,Innalillahi wa'inna'illahir raju'un Allah ka kara karemu gabadaya 🙏,0,0,0,0,3,0
hausa_5_00555,Tirkash🤔 to Allah sa Mahamat yafi karfin zuciyarsa enba hakabaaaa.....Hmm,0,0,0,0,0,2
hausa_5_00556,Allah ya shiryesu shan barasa bashi da wani amfani a tattare da rayuwar dan adam amma dai ni ban wani damuba tunda ba a nigeria bane mu jima da tashin hankalin da muke cimi😢,0,0,2,0,1,0
hausa_5_00557,Abun fa da ban tsoro Allah ya sa a gano su cikin aminci Allah ya tsare su daga dukkan sharri amin 😭😭😭😭,0,0,0,0,3,0
hausa_5_00558,Tohh🤔 Allah ya kyauta,0,0,0,0,0,2
hausa_5_00559,Thou fa En Nigeria Sai dai mura Adu’a Aallah ya fitar damu daga wanan yanayu Ameen 😱,0,0,1,0,3,0
hausa_5_00560,Wai dama haka Baba Sanusi yake da yaya da yawa to ALLAH yasa na tsaga da rabo🤲,0,0,0,0,0,3
hausa_5_00561,"Yanzu jirgin yakoma jigawa kenan🤔, Allah yasa amuku da sauki",0,0,0,0,0,2
hausa_5_00562,Amin Ya Allah. 😭 Allah Ka yaye mana bala'in nan.,0,0,1,0,3,0
hausa_5_00563,"Ya Salam,Allah ya kawo mana karshen wannan tashin hankalin...🙏",0,0,0,0,3,0
hausa_5_00564,Buhari yahau ana murna kuma zae sauka ana murna 🤔🤔🤔,0,0,0,0,0,2
hausa_5_00565,"Abinda ya dace kenan MaiGirma Gwamna yayi. Allah yasa suma wadanda yayi ma'amalla dasu, suyi koyi da shi 😭😭😭 Ya-Allah mun tuba.",0,0,2,0,1,0
hausa_5_00566,Allah yasa dae ba cutarmu za ayi ba🤔,0,0,0,0,1,1
hausa_5_00567,Subhanallah.😭 Allah ubangiji ya kawo mana agaji.🙏,0,0,0,0,2,0
hausa_5_00568,Waga DUNIYA 🌎👈 allah yasa mutashi daga cikinta lafiya zamani kenan 🤔🤔🤔,0,0,0,0,1,0
hausa_5_00569,Allah yayi muna maganin wannan tashin hankali alfarmar wannan wata mai albarka😭🙌🏼,0,0,0,0,2,0
hausa_5_00570,Ashe rahama yar tamu ce😀 up #MUFC,0,0,0,1,0,1
hausa_5_00571,"🙆‍♂️🙆‍♂️🙆‍♂️ kutmelesi , sai kace yau aka haifeki , looking very fresh @user",0,0,0,0,0,3
hausa_5_00572,"Toh fa Allah ya kyauta, wani Abu sai Nigeria🙏",0,0,1,0,0,3
hausa_5_00573,Wai Dan Allah wanna da gsk neh kode wasa neh kan 😑😑😑😑,0,0,0,0,0,2
hausa_5_00574,Toh fa muna mu kallo 🤪🙄 Allah ya kyauta,0,0,0,0,0,2
hausa_5_00575,Allah mun tuba gamu gareka ka jikanmu ka tausaya mana badan halin mu ba kadubemu da rahama taka ka karemu da dukkan alumar annabi Don albarka sa ka tausaya mana mun tuba😭😭😭😭.,0,0,1,0,2,0
hausa_5_00576,Ya Allah ka kawo mana karshen masifar nan ameen😥🤲🏻,0,0,1,0,2,0
hausa_5_00577,Ya Allah ka nuna mana karshen wannan musifa 😢,0,0,0,0,3,0
hausa_5_00578,Yaa Allah Yaa Rabba Yaa Malik Yaa jabbar Yaa Allah kaji qanmu ko muna raye komun mutu ko a qabari ko a dandalin alqiyama.😭😭😭,0,0,1,0,2,0
hausa_5_00579,Ikon Allah. Ko ina ake samo irn jama’ar nan 🤦🏽‍♂️,0,0,0,0,0,3
hausa_5_00580,Allah ka'amsa mana 🙏🙏Allah muntuba badan halayan muba Allah karka kamamu dalefin wawayen cikinmu yah Allah kadubemu da'idon rahama badan halin muba😭😭😭😭😭😭😭,0,0,0,0,2,0
hausa_5_00581,Tab! Sahun Sallah Kuma ya koma kamar ana Assembly a makaranta? 🤔 to Allah ya kawo mana dauki kana wannan bala'i,0,0,0,0,2,2
hausa_5_00582,Lalle kam 🙈🙈. To Allah ya kyauta,0,0,0,0,0,1
hausa_5_00583,Allah yamana tsari da wannan annoba Dan alfarmar annabin rahama s a w🤲🤲,0,0,0,0,3,0
hausa_5_00584,Innalillahi wa'inna illaihir raji'un Ubangiji Allah Muntuba Allah ka gafarta mana Ka kawo mana Dauki daga wannan Annobar Cutur Ya Rabbil Alamin 😭😭😭,0,0,0,0,3,0
hausa_5_00585,Ikon Allah 🤔 Allah ya tsare mana Harsunan mu da lafiyar mu 👏,0,0,0,0,1,2
hausa_5_00586,😭 What an honour! Ya Allah Ka sanya ina da rabon ziyartar Manzon Allah (SAW),0,0,0,2,0,1
hausa_5_00587,😳😳Innalillahi wa inna ilaihirrajiun. Allah yai mana sauki da rangwame Allah ya yafe mana zunubai kurakurai da dukkan gangancin mu 😭😭 amn,0,0,1,0,3,0
hausa_5_00588,hhhh kuma wai dolene mazan sai sunayi suna dariya? 😂,0,0,0,0,0,2
hausa_5_00589,Ranar talauchi kuma?? Allah Ka tsare mu da talauchi Ka kuma yimana katangar larfe da ita. Amiin Ya Allah🤲🤲🤲,0,0,0,0,2,2
hausa_5_00590,Subhanallah. Allah kaimana Maganin Wannan musibar🤲,0,0,0,0,3,0
hausa_5_00591,Daga fadin gaskiya sai kora daga aiki🤔 toh Allah ya kyauta.,0,0,1,0,0,2
hausa_5_00592,"Wai """"""""duk follow train kukayi"""""""" 😂😂",0,0,0,0,0,2
hausa_5_00593,🙄🤣😂toh yanxu wa kuke tsammanin ya baku amsa a matsayinku na iyan jarida?,0,0,0,0,0,2
hausa_5_00594,Tou su wanne suke a qauye basu da account talk less of BVN ya zaayi dasu? 🤔,0,0,0,0,0,2
hausa_5_00595,"Wai me kuka dauke mu ne🙄❗, ta Yaya xaku kwatanta mutumin da ya yi shekaru biyar da doriya da mutumin da ko rantsar da shi ba'a yi ba❗🙄🤔",0,0,0,0,0,2
hausa_5_00596,Iko sae Allah!!!! Ana zatan wuta a makera sai gata a masaka.... Abinda ba ruwan ka dadin kallo ne dashi... 🏃‍♂️🏃‍♂️🏃‍♂️,0,0,0,0,0,2
hausa_5_00597,Au wai dama har gidan chasu ne da su? 😕,0,0,0,0,0,2
hausa_5_00598,Anyya buba galadima yanada lfy kuwa 🤔,0,0,0,0,0,2
hausa_5_00599,Toh mizamu Qarudashi Acikin tarihinnasa🤔🤔🤔,0,0,0,0,0,1
hausa_5_00600,Injiwa kuma a ina😨,0,0,0,0,0,2
hausa_5_00601,Tofah 🤔🤔 Andage dai sai anyi mana abar nanko 🏃🏃🏃🏃🏃,0,0,0,0,0,2
hausa_5_00602,"Toh fah inji 'yan magana suka ce """"""""ana wata ga wata""""""""🤣😂",0,0,0,0,0,2
hausa_5_00603,TAZOOMIJITTA KAJI WANI LBR 🤔🤔🤔,0,0,0,0,0,2
hausa_5_00604,Ko dai auren mutu'a suka yi ne?.😎,0,0,0,0,0,2
hausa_5_00605,BBC me kuma ya faru?? 🙆🙆,0,0,0,0,0,2
hausa_5_00606,Dama kin iya turanci.....🤣😂,0,0,0,0,0,2
hausa_5_00607,Abun haryakai ga haka😂😂,0,0,0,0,0,2
hausa_5_00608,Tau fah😲 Yamaida kanshi or sukamaidashi?,0,0,0,0,0,3
hausa_5_00609,Kae Jama'a ! Wannan wanne irin magani aka basu haka kamar walkiya.🤣🤣🤣,0,0,0,0,0,3
hausa_5_00610,Ashe kinsan waye king 👑,0,0,0,0,0,2
hausa_5_00611,Toh fa! 😯 Akwai sauran aiki kenan.,0,0,0,0,0,3
hausa_5_00612,A wacce Duniyar kuma🤔🤔🤔,0,0,0,0,0,2
hausa_5_00613,Kenan yana nupin sun kusa fara shiga Abuja 🤔 🤔,0,0,0,0,0,2
hausa_5_00614,Anya Mai kula da wannan kafar ta ba dan shi'a bane kuwa🤔,0,0,0,0,0,2
hausa_5_00615,Wai wait. Maganar case din da bai tabbata ba kuwa imagine how she hug at the first pic🤔,0,0,0,0,0,2
hausa_5_00616,Amma Boda ba akulle takeva🤔🤔kodai ta huje ne?,0,0,0,0,0,2
hausa_5_00617,Dama akwai majalisa a Najeriya 🤔 🤣,0,0,0,0,0,3
hausa_5_00618,uhmm lallaima wannan aikin haka 😍😍😍,0,0,0,0,0,2
hausa_5_00619,Iko sai Allah yaushe itama da wadata kanta da wutar lantarkin 🤔,0,0,0,0,0,3
hausa_5_00620,Ayyo! Ashe yasan kunya😂,0,0,0,0,0,2
hausa_5_00621,Jiya naji wannan lbr a fcbook ban yarda ba amma yanzu NA aminta hmm Nigeria kenan kasarmu ta gado🤔🤔,0,0,0,0,0,1
hausa_5_00622,😄 Allah Sarki! Bari da Biba ko ana ina yanzu?,0,0,0,0,0,2
hausa_5_00623,Ohhh sai yanzu suka gano ta dalilin minor thing? 🙄🙄,0,0,0,0,0,2
hausa_5_00624,Amma A Wannan Hoton Ai a Hannun Hagunsa Yake 🤔,0,0,0,0,0,1
hausa_5_00625,"a haka kake cemin nabi., never 😫",0,0,1,0,0,1
hausa_5_00626,🤔 Toh pha Ana wata ga wata 😇,0,0,0,0,0,3
hausa_5_00627,Idan Baka Saketava Mexe Farune?😒,0,0,0,0,0,2
hausa_5_00628,To wai Dan Allah ina ake kai kudin da ake karbowa bashi din ne? 🤔🤔,0,0,0,0,0,2
hausa_5_00629,Wato suka akwai almajirai kenan??? 🤔🤔🤔🤔,0,0,0,0,0,2
hausa_5_00630,Wannan irin lamari na Corona virus kam sai addu'a kawai. Mu namu daban ne dana sauran kasashe. 👌👌,0,0,0,0,2,0
hausa_5_00631,Wata sabuwa. Maaga wannan Almaraa.🙄🤔🤔,0,0,0,0,0,3
hausa_5_00632,Toh fah😂😂 Adei sake dubawa kila kuskure ne.,0,0,0,0,0,2
hausa_5_00633,"🙆🙆 what!! Ba""""""""kin gida😜😜",0,0,0,0,0,2
hausa_5_00634,Mai haka Kuma? Kudai Komai Mai ma Labari me 😠,2,0,0,0,0,2
hausa_5_00635,Ashe tana da aiki 😏,0,0,0,0,0,2
hausa_5_00636,Zamani! Mara aure su keba masu aure shawara😂😂,0,0,0,0,0,2
hausa_5_00637,🙆‍♂️ Shi kuwa trump me yayi zafi hk?,0,0,0,0,0,2
hausa_5_00638,Kai jama a what are u saying ne wai anshamune abun mamaki wlh banida lfy ban kallaba inata kaina what is the answer pls 🙈🙈🙈,0,0,0,0,0,2
hausa_5_00639,Wani irin yaki? Da makami ko dame 🤔?,0,0,0,0,0,2
hausa_5_00640,"Wai dama haryanxu ba,a gama tallan ba ?🤗",0,0,0,0,0,3
hausa_5_00641,Ashe har yanzu a wajen BBC ma sanusi sarki ne ❤️❤️✊🏻,0,0,0,0,0,3
hausa_5_00642,Wai dama kudin ba ako ina suke rana bane?😂,0,0,0,0,0,2
hausa_5_00643,Toh wae 🤔🤔dama KU jira kuke a kula daku,0,0,0,0,0,2
hausa_5_00644,A Nigeria kenan sai azabge ma ministan albashin shi na shekaru 4-5.😅,0,0,0,0,0,1
hausa_5_00645,Ya akayi haka yafaru?? Ikon Allah maisa ayi tuwo ba garri😎😎🙅,0,0,0,0,0,3
hausa_5_00646,Se an hada da aljanu ko? 😳,0,0,0,0,0,2
hausa_5_00647,Haba rahama me akayi akayi 550 keda ynx zaki iya mai da ninki ninkin ta ! Wuyar ta ki bada qofane pha wani ya shiga shikenan 😩,0,1,0,0,0,1
hausa_5_00648,meyasa kikesa chain a kafanki 🤔,0,0,0,0,0,2
hausa_5_00649,Wai kano kullum magana daya 🤔🤔🤔,0,0,0,0,0,1
hausa_5_00650,shekarun mamanta? Sannan nawane shekarun babanta?Kina da damar turawa abokanka ma'abota lissafi don neman amsa🤔🤔🤔?,0,0,0,0,0,2
hausa_5_00651,"Saboda ME, kuma ina kudin 💴💴💴 da aka ware saboda aikin titin???",0,0,0,0,0,2
hausa_5_00652,Nidai plzzz idan mutuwa xamuyi afada mana kawai🥺🥺🥺,0,0,0,0,2,0
hausa_5_00653,Abun yazo kanmu inji mai tsoron wanka😷,0,0,0,0,1,0
hausa_5_00654,Nifa haryan banji suntarkato Dangote da kayansaba Koshima bayeraben ne.😠,0,0,0,0,0,1
hausa_5_00655,"Yo Sau Nawa suke fadar wannan maganar? Haka Ankayi Sakkwato komai yayi shiru, To Shin Kaka harkagga take ta sakkwato Koko itama ta wuce kamar sauran?😂😂",0,0,0,0,0,1
hausa_5_00656,To ko me yake cewa kuma🤔?,0,0,0,0,0,2
hausa_5_00657,Daman Saboda 'yan sanda muke sawa 🥵🥵🙄🙄 a 9ja•,0,0,0,0,0,1
hausa_5_00658,Ta ina ya shigo?🤔,0,0,0,0,0,2
hausa_5_00659,"Naga kowa saya kawai yake, manya da yara 😂",0,0,0,0,0,2
hausa_2_00001,EndSARS: Abdulsalami Abubakar ya bukaci matasa su rungumi zaman lafiya,0,0,0,0,0,0
hausa_2_00002,Ramadan: Amfanin Azumi ga lafiyar dan Adam,0,0,0,1,0,0
hausa_2_00003,UNHCR: A taimakawa yan gudun hijra da iyalansu cikin wannan watan Ramadanan,0,0,0,0,0,0
hausa_2_00004,Suleiman Hunkuyi ya samu tikitin Jam'iyyar PDP na 2019,0,0,0,1,0,0
hausa_2_00005,Kasar Amurka: Mun shirya tsaf domin taimakawa Najeriya kan sace 'yan makaranta,0,0,0,1,0,0
hausa_2_00006,Yan Najeriya sun san na yi iyakan kokari na kan tsaro - Buhari,0,0,1,0,0,0
hausa_2_00007,Sultan ya aike da sako ga sako na musamman ga musulmi a kan watan Dhul Hijjah,0,0,0,0,0,0
hausa_2_00008,"Yajin aiki: Mun cika wa ASUU dukkan alkawurran da muka dauka, FG",0,0,0,1,0,0
hausa_2_00009,Ainahin dalilan da su ka sa na fadi zaben 2015 – Goodluck Jonathan,0,0,0,0,0,0
hausa_2_00010,"Dan Allah ku taya ni da addu’ar samun lafiya, Olisa Metuh ya roki ‘yan Najeriya",0,0,2,0,0,0
hausa_2_00011,"Wata Sabuwa: Ta sake kacamewa a APC, Sanata Adamu ya dakatar da dukkanin daraktocin jam'iyya",0,0,0,0,0,3
hausa_2_00012,Fadar Shugaban Kasa: Buhari bai taba alkawarin mai da Naira daidai da dala ba,0,0,0,0,0,0
hausa_2_00013,"Zuwan COVID-19 wa'azine a garemu, ya kamata mu koma ga Allah - Gwamna Sanwo-Olu",0,0,0,0,1,0
hausa_2_00014,Wata malama ta shiga matsala saboda kyamar masu sa hijabi a kasar Birtaniya,0,0,0,0,0,0
hausa_2_00015,Allah kadai zai sakawa Abacha kan yadda ya sauya Najeriya - Al-Mustapha,0,0,0,0,0,0
hausa_2_00016,"Ku cire ni daga bakinku: Maishadda bai yaudare ni ba, babu komai tsakaninmu – Aisha Humaira",0,0,0,0,0,0
hausa_2_00017,Auren Zahra Buhari: Ku kalli kwalliyar ta a ranar sa-lalle,0,0,0,2,0,0
hausa_2_00018,Yanzu Yanzu: Buhari ya rantsar da Yemi Esan a matsayin sabuwar shugabar ma’aikatan tarayya,0,0,0,2,0,0
hausa_2_00019,Karin kudin Hara: Yan Najeriya zasu fuskancin karin kudin kiran waya da Data - Kamfanonin Sadarwa,0,0,0,0,0,0
hausa_2_00020,"An rusa majalisar dokoki, an rufe iyakoki, an saka dokar ta baci a Chadi",0,0,0,0,2,2
hausa_2_00021,"COVID-19: Kasashe 5 da cutar Korona ta fi tsananta, yawan mace-mace da waraka",0,0,1,0,2,0
hausa_2_00022,Karar kwana: Yan biki su 21 sun gamu da ajalinsu a wani mummunan hatsari akan hanyar zuwa daurin aure,0,0,3,0,0,0
hausa_2_00023,Mutane 2 sun sheka barzahu bayan gamuwa da ajalinsu a cikin ruwan Kano,0,0,3,0,0,0
hausa_2_00024,Kungiyar Kiristoci Ta CAN Ta Taya Musulmai Jimamin Babban Rashi a Lokacin da Masallaci Ya Rushe a Zaria,0,0,3,0,0,0
hausa_2_00025,An tsaurara matakan tsaro a Gombe yayinda aka rantsar da Inuwa Yahaya a matsayin gwamna,0,0,0,0,1,0
hausa_2_00026,"Ribar N1000: Kamfanin BUA ya tona asirin 'yan kasuwa, ya ce sune silar tsadar siminti",0,0,0,0,0,2
hausa_2_00027,Tashin hankali: Kyakkyawar budurwa ta kashe kanta saboda ta rasa masoya a dandalin Instagram,0,0,2,0,2,2
hausa_2_00028,Hakan jahilci ne: Minista Malami ya caccaki lauyan turai da ya kare Nnamdi Kanu,2,0,0,0,0,0
hausa_2_00029,Uwa da 'Ya sun sheka barzahu bayan fasto ya basu jikon magani sun sha,0,0,2,0,1,1
hausa_2_00030,Yanzun nan: An Rasa Rayuka da Yawa Yayin da Yan bindiga Suka Yi Artabu da Jami'an Tsaro,0,0,3,0,1,0
hausa_2_00031,‘Yan bindiga sun kashe wani hamshakin mai kudi a Katsina,0,0,2,0,2,0
hausa_2_00032,Tashin hankali: Wasu matasa sun rabawa yan gidan biki lemu lode da kwaya a Katsina,0,0,0,0,3,2
hausa_2_00033,Barayi sun farwa ma'aikatan NNPC sun gudu da miliyan 16 a Kano,1,0,0,0,1,0
hausa_2_00034,Miyagun Yan Bindiga Sun Halaka Insufektan Yan Sanda a Jihar Delta,0,0,2,0,2,0
hausa_2_00035,Da duminsa: 'Yan bindiga sun sace mutane 60 bayan kona gidaje a Ruwan Tofa a Zamfara,0,0,2,0,3,0
hausa_2_00036,"Hotuna: Cikin hawaye, an gudanar da jana’izar matashin da rikicin ‘yan shi’a ya rutsa da shi",0,0,3,0,0,0
hausa_2_00037,Yan Bindiga Sanye Da Kayan Sojoji Sun Kashe Fitaccen Jigon Jam'iyyar PDP a Bayelsa,0,0,2,0,2,0
hausa_2_00038,"Jawabin Tinubu Bata Lokaci Da Yaudara Ne Kawai, Atiku Ya Caccaki Shugaban Kasa",2,0,2,0,0,0
hausa_2_00039,Emefiele: Za'a Gurfanar da Dakataccen Gwamnan CBN a Gaban Kotu,0,0,0,0,0,0
hausa_2_00040,Rikici: APC da Buhari sun nemi a yi watsi da karar da ke neman tsige Buhari a daura Atiku,0,0,0,0,0,1
hausa_2_00041,Ke duniya: An damke mutumin da ya birne mahaifiyarsa da ranta,2,0,0,0,0,1
hausa_2_00042,"Ba Zan Zauna Gidan da Aka Lullube da Karya Ba, Jigon APC Ya Fice Daga Jam'iyyar",1,0,0,0,0,0
hausa_2_00043,"Yan bindiga sun cika hannu da kansiloli 3 a jahar Zamfara, sun nemi naira miliyan 40",0,0,1,0,3,0
hausa_2_00044,"Katsina: Yan bindiga sun bude wuta a kan wata mota, sun kashe fasinjoji 5",0,0,3,0,2,0
hausa_2_00045,Ana zargin Gwamna Wike da dumbuzar Naira Biliyan 30 a harin zama ‘Dan takaran PDP,0,1,0,0,0,0
hausa_2_00046,"Yanzu Yanzu: Yan bindiga sun kashe jigon PDP, sun yi garkuwa da yayansa mata su 3",0,0,2,0,2,0
hausa_2_00047,Ana Rigima a Jam’iyyar APC Tun da Ministan Buhari Ya Ki Fitowa Ya Goyi Bayan Tinubu,0,0,0,0,0,0
hausa_2_00048,"Tashin hankali: Cikin 'yan tawagar Tinubu ya duri ruwa, yayin da ake ci gaba da tantance 'yan takara",0,0,0,0,3,0
hausa_2_00049,Tashin hankali: Kasar Koriya ta Arewa ta fara kashe mutanen dake dauke da Coronavirus,0,0,1,0,3,1
hausa_2_00050,"A tunanina akuya na kashe, in ji mijin da ya kashe matarsa",0,2,0,0,0,0
hausa_2_00051,Wasu Ƴan Bindiga Sunyi Sanadiyyar Kashe Mutane Da Dama Akan Bazawararsu,0,0,1,0,1,0
hausa_2_00052,"Boko Haram Sun Shigo Shekarar 2024 da Ta’addanci, Sun Yi Kashe Kashe a Kauyukan Chibok",0,0,1,0,3,0
hausa_2_00053,Yadda ‘Dan Majalisar Legas Ya Rasu Wajen Taron Kamfen Bola Tinubu a Garin Jos,0,0,3,0,0,0
hausa_2_00054,Obasanjo ya bayyana irin mawuyacin halin da 'yan Afrika za su shiga bayan COVI-19,0,0,1,0,2,0
hausa_2_00055,Zauren Tattalin Arzikin Arewa Ya Koka Kan Tafka Asarar N13bn da Aka Yi Bayan Rufe Iyakar Najeriya da Nijar,0,0,3,0,0,0
hausa_2_00056,Babbar magana: Matan Kannywood suna bin mazan banza da masu mulki - Tanimu Akawu,0,0,0,0,0,3
hausa_2_00057,"Da alamu gwamnatin Buhari bata fahimci matsalar tsaro a Zamfara ba, in ji gwamna Matawalle",0,0,1,0,0,0
hausa_2_00058,"Tsagerun yan bindiga sun fi sauraron Sheik Ahmad Gumi fiye da gwamnati, Lai Mohammed",0,0,0,0,0,1
hausa_2_00059,Bayani: Me yasa kayayyaki ke ƙara tsada a kasuwanni duk da hauhawar farashi ya sauka,0,0,0,0,0,1
hausa_2_00060,Namiji da raino: Wani magidanci ya lakadawa diyarsa duka har Lahira saboda ya kasa lallashinta,0,2,2,0,0,2
hausa_2_00061,Labarin wata mata da tsutsotsi ke fita daga jikin ta kullum a Najeriya,0,2,0,0,0,0
hausa_2_00062,Kaico: Jaririya tamutu bayan shan nonon uwar da maciji ya sara a Indiya,0,0,3,0,0,0
hausa_2_00063,Kwamishina Ya Musanta Rahoton Masari Ya Cire Kusan Miliyan N500m Don Tarban Buhari,0,0,0,0,0,0
hausa_2_00064,Sabon harin 'yan bindiga: An kashe mutane 19 a Kaduna,1,0,2,0,2,0
hausa_2_00065,"Duk da matsalar Corona, likitoci sun shiga yajin aikin dindindin a Najeriya",0,0,1,0,0,0
hausa_2_00066,Nama ya kare a jihar Kwara sakamakon tsadar farashin shanu a yankin,0,0,0,0,0,2
hausa_2_00067,Yadda Gwamnatin Jihar Kogi Ta Gudanar Da Jana'izar Mutane 130 Da Babu Masu Shi,0,0,2,0,0,0
hausa_2_00068,Neman abinci ya sanya na shiga ta'addancin garkuwa da satar shanu - 'Dan ta'adda,0,0,1,0,0,0
hausa_2_00069,An kashe mutane 300 a garuruwan Plateau,0,0,3,0,1,0
hausa_2_00070,"Kashi 70% na yan makarantun firamare a Najeriya basu fahimtar komai, UNICEF",0,0,1,0,0,0
hausa_2_00071,Al’umman Fulani da mutanen Mumuye sunyi mummunan karo a Taraba (HOTUNA),0,0,1,0,2,0
hausa_2_00072,An kashe mutane 3 a sabon hari da aka kai kauyen Katsina,0,0,2,0,2,0
hausa_2_00073,Zafafan tambayoyin EFCC sun sanya Mataimakin Saraki fara rashin lafiya,0,0,0,0,0,1
hausa_2_00074,Sabon hari a Jos: 'Yan bindiga sun bude wa mazauna wuta a kauyen Durbi,0,0,2,0,3,0
hausa_2_00075,Babu yunkurin sa Gwamna Ganduje ya hana mata tuka mota a Kano inji Dr. Sani Rijiyar Lemu,0,0,0,0,0,0
hausa_2_00076,Babu mamaki ma Buhari ya mutu – Fani-Kayode,0,0,0,0,0,0
hausa_2_00077,"Dalibar Jami’a Ta Sheke Kanta Bayan Ta Rantawa Saurayin Da Suka Hadu a Intanet N500,000",0,0,2,0,0,2
hausa_2_00078,Iran ta bayyana cewa ita ta harbo jirgin Ukraine da yayi sanadiyyar mutuwar mutane 176,0,0,2,0,0,2
hausa_2_00079,"Sabon hari: 'Yan bindiga sun sake kai hari jihar Neja, sun sace mutane sama da 40",0,0,1,0,3,0
hausa_2_00080,Adadin mutanen da ake kashe da wadanda akayi garkuwa dasu a Kaduna cikin watanni 3,0,0,3,0,0,0
hausa_2_00081,Mutane da dama sun hallaka yayin da miyagun yan Bindiga suka farmaki barikin Sojoji a Sokoto,0,0,3,0,2,0
hausa_2_00082,Yanzun nan: 'Yan bindiga da kayan sojoji sun bude wa matafiya wuta a hanyar Benin-Ore,0,0,2,0,3,0
hausa_2_00083,"Wata mata ta haɗa baki da masu garkuwa da mutane don a sace yaron kishiyarta, sai dai ƙaiƙayi ya koma kan masheƙiya",0,0,2,0,0,1
hausa_2_00084,"Tashin Hankali Yayin da Yan Bindiga Suka Yi Wa Jami'an NDLEA Kwanton Bauna, Bidiyo Ya Bayyana",0,0,0,0,3,0
hausa_2_00085,Tirkashi: Dumu-dumu na iske mahaifiyata na zina da limamin mu a cikin gidanmu - Wata budurwa ta koka,0,2,0,0,0,2
hausa_2_00086,"Sabuwar cutar tsutsa ta bulla a gonaki a Kebbi, manoma na fargabar bazuwarta",0,0,0,0,3,0
hausa_2_00087,"Kotu ta bada umurnin cafke tsohon magatakardan majalisar tarayya, Sani Omolori",0,0,0,0,0,1
hausa_2_00088,An sayar mana da 'yancinmu': Wasu sojoji sun yi Allah-wadai da Buratai,2,2,0,0,0,0
hausa_2_00089,Tashin hankali: An kama saurayi da yake zuwa ya kwanta da uwa da kuma 'ya'yanta mata guda biyu,0,2,0,0,0,2
hausa_2_00090,"Dan wani tsohon shugaban kasa ya aikata kuruciyar bera, ya fuskanci fushin alkali",2,0,0,0,0,0
hausa_2_00091,A ƙarshe: Kotu ta garƙame mutane 6 da aka same su da ɗanyen naman mutum,0,2,0,0,0,0
hausa_2_00092,"Jihar Neja: ’Yan Bindiga Sun Hallaka Kodinetan Hukumar FIRS, Sun Sace Mutum 3",0,0,1,0,3,0
hausa_2_00093,"Zamfara: 'Yan bindiga sun sheƙe ƴan sa kai sama da 30 a Bunguɗu, sun sace shanu",0,0,2,0,2,1
hausa_2_00094,"Ana Cikin Barazana a Zamfara, ‘Yan Bindiga Sun Kona Kayan Abinci Duk da Kashe Mutane",0,0,1,0,3,0
hausa_2_00095,Tashin hankali: Wani mutumi ya yiwa direban mota naushi daya kacal ya mutu,0,0,1,0,0,3
hausa_2_00096,"Boko Haram sun kashe wani ango, sun yi amfani da wayarsa wajen sanar cewa ""ni dan wuta ne""",2,0,2,0,1,0
hausa_2_00097,"An sace uwa da 'yar ta a Sokoto, an tsince su a Kaduna",0,0,1,0,2,2
hausa_2_00098,Da duminsa: Yan bindiga sun bankawa mutane 16 yan gida daya wuta har lahira a Kaduna,0,2,2,0,2,0
hausa_2_00099,Yan sanda sun damke wata budurwa da ke yiwa 'yan achaba fashi a Katsina,0,0,0,1,0,0
hausa_2_00100,"Fada a kan budurwa: An kashe mutum 1, jama'a masu yawa sun jigata",1,0,2,0,0,0
hausa_2_00101,Yaron Gida Ya Kashe Uwar Dakinsa da Katako Kwanaki 7 da Fara Zuwansa Aiki a Legas,2,2,1,0,0,0
hausa_2_00102,Tikashi! Kwarto ya ziyarci dakunan kwanan dalibai mata a jami’ar ABU (bidiyo),0,2,0,0,0,1
hausa_2_00103,Wata Mata ta yi ma mijinta dukan tsiya har sai daya fadi matacce a Kano,0,1,2,0,0,2
hausa_2_00104,Gwamnan Delta ya ba Shugaba Buhari zabi 2 game da dukiyar satar Ibori da ya lakume,0,0,0,0,0,0
hausa_2_00105,Da na zauna da kishiya gara na kashe kaina – Inji wata Mata da mijinta zai kara aure,2,0,0,0,0,1
hausa_2_00106,Bidiyo: Budurwa ta tumurmusa saurayinta a kasa bayan ta kama shi yana lalata da wata,2,0,0,0,0,1
hausa_2_00107,"An kama wata mahaukaciya da ke bara dauke da N200,000 a Anambra",0,0,0,0,0,2
hausa_2_00108,Rikicin jihar Kaduna: An banka ma gidajen wani kauye wuta,0,0,2,0,3,0
hausa_2_00109,"Wata Sabuwa: Matsalar Tsaro ta Ta'azzara, An Umarci Bokaye Su Dauki Mataki",0,0,0,0,0,2
hausa_2_00110,"Bidiyon fusataccen dan Najeriya yana tallar ƙodarsa, yana tafe kan titi yana shela",1,0,0,0,0,2
hausa_2_00111,Ministan Buhari Ya Ba Gwamnati Lakanin da Zai Yi Maganin ’Yan Bindiga a Ruwan Sanyi,0,0,0,1,0,0
hausa_2_00112,Tashin hankali: 'Yan sanda sun shiga tsakani yayin da kwarto ya kashe mijin daduronsa,0,0,0,0,2,2
hausa_2_00113,Kisan mutane 6: N500 da abinci ake bani duk lokacin da na kashe mutum - Mai laifi,0,2,2,0,0,0
hausa_2_00114,Jerin sunayen dalibai da malaman da aka sace a makarantar GSC Kagara,0,0,2,0,0,0
hausa_2_00115,Matashi Ya Girgiza Intanet Yayin da Ya Nuna Yadda Ya Makala Ma Kansa Gashin Kanti Ya Zama Gemu,0,0,0,0,0,2
hausa_2_00116,"Yan Bindiga Sun Kai Mummunan Hari Jihohin Arewa 2, Sun Sace Mutum 100 Saboda Dalili 1",0,0,0,0,3,0
hausa_2_00117,"Yan bindiga sun yi ma yayan jam’iyyar APC kwantan bauna, sun kashe 5",0,0,3,0,0,0
hausa_2_00118,Tsaro: An fitar da kididdigar adadin mutanen da aka kashe a Zamfara cikin mako guda,0,0,3,0,0,0
hausa_2_00119,Nauyin bashi ya sanya an tursasa 'yar shekara goma auren wani dattijo dan shekara 50 a duniya,0,0,2,0,0,1
hausa_2_00120,An shiga Kotu da wani Bawan Allah da ake zargi ya kashe matar sa da hannun sa,0,1,0,0,0,0
hausa_2_00121,An kashe wani matashi da ya nuna farin cikinsa da kisan da yan ta’adda suka yi ma janar Alkali a garin Jos,0,0,1,0,0,2
hausa_2_00122,Wani Matashi ya sheme Mahaifiyarsa da Katako a jihar Legas,0,2,0,0,0,1
hausa_2_00123,"Wata Mata ta halaka dan uwanta tsoho dan shekara 75, ta yi basaja cewa kashe kansa ya yi",0,1,2,0,0,1
hausa_2_00124,"Gwanda mu daina yaudarar kanmu, abubuwa sun tabarbare a kasar nan: Sarkin Musulmi",0,0,1,0,0,0
hausa_2_00125,Dalibin Shekarar Ƙarshe a Jami’ar AUA Ya Kashe Abokiyar Karatunsa Akan iPhone,0,2,2,0,0,0
hausa_2_00126,Bidiyo: Galibin matasan Najeriya 'yan ƙwaya ne - Ƴar Majalisar Legas,0,0,1,0,0,0
hausa_2_00127,Dalilin da yasa na kashe dan jaridar Vanguard - Wanda ake zargi,1,0,0,0,0,0
hausa_2_00128,"Barayi sun afka gidan jarumin Kannywood, sun yi awon gaba da sabuwar motarsa da wasu muhimman kayayyaki",0,0,2,0,2,0
hausa_2_00129,‘Yan Hisbah sun kama litoci fiye da 2000 na burkutu da kwalaben giya 96 a Jigawa,0,0,0,0,0,2
hausa_2_00130,Yan bindiga sun kashe mutane 7 a wani samame da suka kai jahar Kaduna,0,0,2,0,2,0
hausa_2_00131,"Da duminsa: 'Yan bindiga sun kashe shahararren mafaraucin Adamawa, Mori",0,0,1,0,2,0
hausa_2_00132,"Yan bindiga sun yi barazanar kashe mu, su soya namar mu su cinye, Ɗalibar Jangebe",0,0,0,0,3,0
hausa_2_00133,Tirkashi: An kama wani fasto da ya yiwa mambobin cocin shi sama da 20 cikin shege,0,2,0,0,0,2
hausa_2_00134,Na kashe masoyiyata ne saboda ta hana ni saduwa da ita - Saurayi,2,3,0,0,0,0
hausa_2_00135,"Sojan Najeriya ya zane budurwa a kan shigar banza, ya aske ladabtar da matashi saboda askin kansa",1,0,0,0,0,0
hausa_2_00136,Tashin hankali: Wani matashi ya cakawa abokinshi kwalba a kahon zuci akan guntuwar giya,1,2,1,0,2,2
hausa_2_00137,Toh ai iyayannaki mah basusan darajan musulinchi ba tun da sukabar ki kinayin halin kafurchi ai bakiyi dana saneba tukun nama😡😡😡,3,0,0,0,0,0
hausa_2_00138,Ai shiyasa naga shi kansa dan rainin wayon yana zama a qasar tasa ana dubashi. May be fa a Jordan din dayace yayi wannan kalaman tunda yasaba qanqantar damu a idon duniya😣😣,3,0,0,0,0,0
hausa_2_00139,Qawar ki tana cikin wani yanayi amman kina IG busy posting pics as if you are under arrest 🙄 https://t.co/vlfqEDHtnY,2,0,1,0,0,0
hausa_2_00140,Subahana babu amana😂,0,0,0,1,0,0
hausa_2_00141,Anci kudin dalibai. Hahahahah😀😂🤣 #mbuhari is working,0,0,0,2,0,0
hausa_2_00142,"Tsakanin Mu da ke Sai Allah ya Isa kawai,Dun da baki Saka Wa ennan Hotunan ba, tun farko, da hakan Bata Faru ba, kuma Ma Kukan Me Zaki Zo nan kinayi, me Yasa Bakiyi tunani, tun Kafin ki Saka su ba, A dole ke kin waye, ke ga Celebrity, A zindir Allah ya isar mana Wlh 😢😢",3,2,0,0,0,0
hausa_2_00143,Bb munfakai NE bayan zabe 🤔,2,0,0,0,0,0
hausa_2_00144,"Daga Baya kenan* """"""""""""""""""""""""""""""""Tusane ya qarewa bodari"""""""""""""""""""""""""""""""" """"""""""""""""""""""""""""""""Kuma babu wata shiga da kunun zaqi zaiyi yabawa koko tsoro"""""""""""""""""""""""""""""""" U can't undo what has happened girl Cuz u created the chance. Emmm sorry bby😟",1,0,0,0,0,0
hausa_2_00145,kugaya mishi buhari be ma San anyimishi mutuwa ba ai haryanzu😂😂😂,0,0,0,0,0,0
hausa_2_00146,Mukan munga Chinji kala kala tunda yakore mana yunwa a kasa 🤐🤐,0,0,0,1,0,0
hausa_2_00147,"Hausan nan tayi muni, wai 'Tutsu'😂",0,0,0,2,0,0
hausa_2_00148,Ya gamu da yan uwansa aljanu ai😂😂,0,0,0,2,0,0
hausa_2_00149,Duk mai son jawo ma Al'ummar Annabi fitina Ubangiji Ka dorata Akanshi🤔,2,0,0,0,0,0
hausa_2_00150,"Wai,,,, wannan sharbeben baki haka😁",0,0,0,0,0,1
hausa_2_00151,Ko kunyar karya bakaji 🤦🏻‍♂️. Mu ka dawo mana da yanda ka ansa nigeria kawai ka barmu haka ma!,2,0,0,0,0,0
hausa_2_00152,Wannan Bushashshiyar Abar.. 🤔😏,1,0,0,0,0,0
hausa_2_00153,Ƙarya kike☹️ You miss abroad dai coz of coro🤣🙄 Zaman gida dole 🇳🇬😜😜,2,0,0,2,0,0
hausa_2_00154,Ka gayawa su Tinubu daman su suka manna mana kai 🤣,0,0,0,0,0,0
hausa_2_00155,Nabi riga kafi da gudu ba wando🏃‍♂️🏃‍♂️,1,0,0,0,0,0
hausa_2_00156,Tashin hankali anyiwa uwar kortoh fyade yace mama rike min wando na yau daga makwafta za'a Fara🤣🤣 #Ranar_hausa,0,0,0,1,0,0
hausa_2_00157,Kaji wata tambayar rainin wayo. Saboda yanaso su zama yan Boko Haram 🙄,3,0,0,0,0,0
hausa_2_00158,Yasin yana kama da Motar😃,0,0,0,1,0,0
hausa_2_00159,Waiyo Allah waiyo Allah mudai munshiga uku kalu innalillashi wa ina ileshir raju'un ilimunne ba'a bukata 😭😭,0,0,1,0,3,0
hausa_2_00160,Shi dai wanga mutum bai gajiya da qarya! 🤔,2,0,0,0,0,0
hausa_2_00161,Gaskiya el rufai yafi buhari mugunta 😟,2,0,0,0,0,0
hausa_2_00162,Tirr! Da wannan canji na qarshe da Arteta yai 😔,3,0,0,0,0,0
hausa_2_00163,"Yaa Allah, yanzu duk bala'n damuke ciki sae an kara jefamu cikin wani bala'in 😓😥",2,0,1,0,2,0
hausa_2_00164,Girman banza yunwatatten mahaukaci amman karamin mai wayau yafishi 🤣,2,0,0,0,0,0
hausa_2_00165,amma dai ke almajira ce yar jagaliya😙,2,0,0,0,0,0
hausa_2_00167,"Innalillahi, wa'inna ilaihirraji'un Wato a gaskiya wannan Batu Abune Mai hadarin gadke matuka Wanda tabbas idan gwamnatin tarayya batai hubbasa ba to falyakul kairan kwai🤐 Batun kuma mace mace a gaskiya Mai girma gwamna kwamitinka basa fada maka gaskiya Dan abin yayi kamarifa.",1,0,0,0,2,0
hausa_2_00168,Ministan Buhari ya ce akwai alheri da yawa a yarjejeniyar Twitter da Najeriya,0,0,0,2,0,0
hausa_2_00169,"Mun yarda ka yi karatu sosai, amma kayi hakuri: Jami'ar East Carolina ta baiwa Ganduje hakuri",0,0,1,0,0,0
hausa_2_00170,An zo gurin: Zan cire duk wani jami'in kwastan da yake samun kudi fiye da albashin sa - Hameed Ali,1,0,0,0,0,0
hausa_2_00171,El-Rufai Ya Yiwa Tinubu Addu’ar Allah Ya Bashi Nasara a Zaben Bana,0,0,0,2,0,0
hausa_2_00172,"Harin Magumeri: Zulum ya kai ziyara, ya bada umarnin gaggauta fara gyaran yankin",0,0,2,1,0,0
hausa_2_00173,"Duk da ‘Dan takararsa bai yi nasara ba, Tinubu ya taya Adamu murnar zama Shugaban APC",0,0,0,2,0,0
hausa_2_00174,Oprah Winfrey ta ba Olufemi kyautar sabuwar wayar salula har gida,0,0,0,2,0,0
hausa_2_00175,Goodluck Jonathan ya yi mana alkawarin N100bn a 2015 - Miyetti Allah,0,0,0,1,0,0
hausa_2_00176,"Cikakken Albashi Da Allawus Din Shugaban Najeriya, Mataimakinsa Da Na Gwamnoni Da Mataimakansu Ya Bayyana",0,0,0,0,0,0
hausa_2_00177,Da taimakon David Mark aka nada ni Ministan Abuja a 2010 inji Bala Mohammed,0,0,0,1,0,0
hausa_2_00178,"Wata karuwa tayi ritaya bayan iyar da ayyuka ga mutane 28,000, ta sami kyautuka",0,0,0,0,0,2
hausa_2_00179,"Sarkin Zazzau ya yi sabbin nade-nadensa na farko, ya yi sauye-sauye (jerinsu)",0,0,0,0,0,0
hausa_2_00180,"Allah Yayi wa Dr Ahmad Yakasai, MD na HML din 'Yan Sandan Najeriya, Rasuwa",0,0,3,0,0,0
hausa_2_00181,Fadar shugaban ta gargadi kungiyar CAN da kakkausar murya,2,0,0,0,0,0
hausa_2_00182,Wani Bawan Allah ya fadawa Zahra Buhari ta gaida Baban ta,0,0,0,0,0,0
hausa_2_00183,Abinda maza ke so a jikin mace mai kyau irina shine su auremu su gama jin dadinmu su sake mu - Inji Fati KK bayan dawowarta fim,1,0,1,0,0,0
hausa_2_00184,"Na cika alkawarin da na dauka wa nakasassun yan Najeriya, shugaba Buhari",0,0,0,1,0,0
hausa_2_00185,Dandalin Kannywood: Fada ya kacame tsakanin Nafisa Abdullahi da Rahma Sadau,2,0,0,0,0,0
hausa_2_00186,Rahama Sadau ta sha da kyar a hannun wasu daliban jami'a,0,0,0,0,1,0
hausa_2_00187,Kifayen ruwa sun yi watanda da baƙaƙen fata masu zuwa ci rani ƙasar Italiya,0,0,1,0,1,2
hausa_2_00188,Allah-daya-gari-banban: An hallata sayar da tabar wiwi a Amurka,0,0,0,0,0,3
hausa_2_00189,Shugaban wurin aiki ya ba na ƙasa da shi da ke tattaki zuwa wurin aiki kyautar mota,0,0,0,1,0,2
hausa_2_00190,Nafisa Abdullahi: Dalilin da ya sa na daina soyayya da Adam A Zango,0,0,0,0,0,0
hausa_2_00191,Allah mai iko: Yadda mai jinyar korona ta haihu a asibitin Najeriya,0,0,0,0,0,3
hausa_2_00192,Mamaki: Yawan Musulmi ya zarce na Kiristoci a Cocina ranar Kirsimeti - Fasto a Kaduna (Hotuna),0,0,0,0,0,3
hausa_2_00193,"Sabuwar shekara na dauke da juna biyun abubuwa masu kyau ga yan Najeriya, gwamna Masari",0,0,0,3,0,0
hausa_2_00194,Amfani 8 na ruman ga lafiyar ɗan Adam,0,0,0,1,0,0
hausa_2_00195,Allah Ya Yafe Miki: Magidanci Ya Yi Wa Budurwa Martani Bayan Ta Roke Shi Ya Zama 'Sugar Daddy' Dinta,0,0,1,0,0,0
hausa_2_00196,"Ku yi rayuwa mai kyau, ko za ku samu makoma kyau - Obasanjo ya shawarci 'yan Najeriya",0,0,0,0,0,0
hausa_2_00197,Wani Saraki da yayi wa mace zigidir a Kasuwa zai shekara a kurkuku,0,2,0,0,0,0
hausa_2_00198,Dandalin Kannywood: Siffofin namijin da zan iya aure - Halima Atete,0,0,0,0,0,0
hausa_2_00199,"ASUU: Mu na kokarin mu yi maza, mu kammala tattaunawa da gwamnati",0,0,0,0,0,0
hausa_2_00200,Allah ya yi min wahayi game da cutar coronavirus – Babban Fasto,0,0,0,0,0,1
hausa_2_00201,Jarumi Sallau na 'Dadin Kowa' ya aikawa da Adam A Zango budaddiyar wasika,0,0,0,0,0,0
hausa_2_00202,"Lokaci yayi da zamu nemi taimako, Saraki ya baiwa shugaba Buhari shawara",0,0,0,0,0,0
hausa_2_00203,Matar da Atiku ke sumbanta mahaifiyata ce - wani bawan Allah yayi bayani,0,0,0,0,0,0
hausa_2_00204,ASUU ta ce za ta zura ido ta ga ko Gwamnatin Tarayya za ta cika duk alkwuran da ta dauka,0,0,0,0,0,0
hausa_2_00205,Lafiya Jari: Amfani 10 na Dabino ga lafiyar bil Adama,0,0,0,0,0,0
hausa_2_00206,Tsaro: Gwamnan Arewa Ya Faɗi Alamun da Ke Nuna Allah SWT Ya Karɓi Addu'o'in Talakawa a Ramadan,0,0,0,0,0,0
hausa_2_00207,Dandalin Kannywood: Saura kadan in aure Nafisa Abdullahi amma na fasa - Adam Zango,0,0,0,0,0,0
hausa_2_00208,Manjo Hamza Al-Mustapha: Ina gaje Buhari zan tare a dajin Sambisa saboda dalilai,0,0,0,0,0,0
hausa_2_00209,Mutanen Arewa fiye da 100 sun tsere daga Imo bayan an hallaka ‘Yanuwansu 'haka-kurum',0,0,1,0,3,0
hausa_2_00210,Tashin Hankali Yayin da Wasu ’Yan Bindiga Suka Yi Kokarin Farmakar Sanatan Neja a Gidansa,0,0,0,0,3,0
hausa_2_00211,Ci da buguzum: An kama su yayin da suke tsaka da yiwa jama’a fashi da bindigar bogi,0,0,0,0,0,0
hausa_2_00212,"Buhari Bai Taɓuka Komai Ba, Bai San Makamar Aiki Ba, Sanata Rufa'i Hanga",2,0,0,0,0,0
hausa_2_00213,Tabargaza: ‘Yan sanda sun rarumi wani likitan bogi bayan ya kashe mutum 2 da sunan tiyata,0,0,0,0,0,2
hausa_2_00214,Tashin hankali: Mai gadi ya yiwa amarya kisan gilla ya binne gawarta ya gudu da motarta,0,1,1,0,2,0
hausa_2_00215,Yadda miji ya kashe matarsa suna tsakiyar saduwa saboda fushin tana haihuwa barkatai,2,2,1,0,0,1
hausa_2_00216,"Bayan harin masallaci, yan Bijilanti sun kashe mutum 9, sun ƙona gidaje a wata rugar Fulani a jihar Neja",0,0,2,0,2,0
hausa_2_00217,"Arewa maso gabashin Nigeria na iya fuskantar matsanancin Fari da yunwa, Majalisar dinkin duniya",0,0,0,0,3,0
hausa_2_00218,Baku isa ku fadawa Buhari abinda zai yi ba - Mai magana da yawunsa,2,0,0,0,0,0
hausa_2_00219,Zamba cikin aminci: wata Mata mai shekaru 39 ta saci jaririyar makwabciyarta,0,2,2,0,0,0
hausa_2_00220,Ganduje: Aikin Ta'addanci a Najeriya Ya Shiga Mataki Na Gaba 'Next Level',0,0,0,0,2,0
hausa_2_00221,"Harin Kuje: Kun Bani Kunya, Buhari Ya Fada Wa Hukumomin Tattara Bayanan Sirri",0,0,1,0,0,0
hausa_2_00222,Jami’an Hisbah Sun Kama Mata Masu Yawan Gaske Saboda Kwankwadar Barasa Da Karuwanci A Wata Jihar Arewa,0,0,0,0,0,0
hausa_2_00223,Trela Ta Markade Mutum 8 Da Ragunan Sallah Masu Yawa A Wani Mummunan Hatsari,0,0,2,0,1,0
hausa_2_00224,Matsalar shaye-shaye 'yan mata da samari a arewa ta kai Innaa-Lillahi,0,0,2,0,2,0
hausa_2_00225,"Shugaban CCT ya suburbudi maigadi a Abuja, ya ce yayi masa 'tsageranci'",2,0,0,0,0,0
hausa_2_00226,Mijina ya kashe diyarmu don yin tsafin samun kudi – Uwargida ga Kotu,0,1,2,0,1,0
hausa_2_00227,"Budurwa ta danna wa tsohon saurayinta wuka har lahira kan kyautar N3,000",0,2,0,0,1,0
hausa_2_00228,"Yan bindiga sun kaddamar da hari a jahar Neja, sun halaka mutane 8",0,0,3,0,2,0
hausa_2_00229,"Mu ne muka kashe kasar nan, ya kamata yanzu ina gidan kurkuku inji Tsohon Ambasada",1,0,0,0,0,0
hausa_2_00230,"Bayan kashe mutum 50, 'Yan bin sun sake sheƙe dandazon mutane a jihar Kaduna",0,0,2,0,3,0
hausa_2_00231,Mutane miliyan 25 na iya rasa abin yi saboda tashin Dala da wahalar kayan abinci inji PAN,0,0,2,0,2,0
hausa_2_00232,Musulunci addini ne mai matukar rinjaye shine yasa mutanen duniya suka tsane shi - Karen Armstrong,0,0,0,0,0,0
hausa_2_00233,Gudun dukan mahaifiyarta ya sanya wata yarinya zabar shan gubar da ta kaita har lahira,0,0,3,0,0,0
hausa_2_00234,"Tashin hankali: 'Yan bindiga sun farmaki jama'ar gari, sun sace amarya tare da hallaka mutum 8 a Neja",0,0,1,0,3,0
hausa_2_00235,Jam'iyya Ta 'Kori' Shahararren Dan Takarar Shugaban Kasarta Gabanin Zaben Shekarar 2023,2,0,0,0,0,0
hausa_2_00236,"Yan bindiga sun kashe matar likitan da suka sace a Kaduna, sun nemi a biya N20m a fanshi yaran ta",0,0,2,0,2,0
hausa_2_00237,"Tirkashi: DPO da wasu 'yan sanda sun lallasa Alkali da lauyoyi a kotu, duba dalili",0,0,0,0,0,2
hausa_2_00238,"An Kara Kashe Bayin Allah a Jihar Arewa Duk da Sa Dokar Kulle, Atiku Ya Maida Martani Mai Zafi",0,0,3,0,0,0
hausa_2_00239,"‘Muna da Ƙarfin Murƙushe Ku’, Buhari Ya Gargaɗi Ƴan Bindiga Kan Kisar Mutum 83 a Zamfara",2,0,2,0,0,0
hausa_2_00240,"Ran maza ya baci: Kauraye da maharba sun bazama dazukan Zamfara domin farutar ‘yan boindiga, hotuna",2,0,0,0,0,0
hausa_2_00241,Hankali ya tashi yayin da wasu da ake zargi 'yan fashi ne suka yi ruwan harsasai a kan sarkin Ekiti,2,0,0,0,3,0
hausa_2_00242,Ka Zo Ka Kula Da Danka”: Matashiya Fashe Da Kuka Bayan Tsohon Saurayinta Ya Rabu Da Ita Da Ciki,0,0,3,0,0,0
hausa_2_00243,Bidiyon yadda aka yiwa dan majalisar Neja ruwan duwatsu da ihun 'Ba ma yi' bayan ya ziyarci mazabarsa,0,0,1,0,0,0
hausa_2_00244,"Ke duniya: Matashi ya kashe mahaifinsa, ya babbaka gawarsa",0,2,1,0,0,3
hausa_2_00245,Yadda fasinjoji 18 suka kone kurmus a wani hatsari da afku a jihar Neja,0,0,3,0,0,0
hausa_2_00246,Matsalar tsaro: 'Yan bindiga sun kai hari jihar Kebbi,0,0,0,0,3,0
hausa_2_00247,Yanzu Yanzu: Matsala ya kunno kai a PDP yayinda Wike ya zame daga lamarin zaben gwamnan Edo,0,0,0,0,1,0
hausa_2_00248,Hotunan Ƴar Yi Wa Kasa Hidima Da Aka Gano Gawarta Cikin Mummunan Yanayi a Abuja Kwanaki Bayan Ɓacewarta,0,0,3,0,0,0
hausa_2_00249,Gwamnatin Jigawa Ta Rufe Makarantu Yayin da Dalibai Ke Rubuta Jarabawa Saboda Fargabar Kai Hari,0,0,0,0,2,0
hausa_2_00250,Daukar Nauyin Ta'addanci: Sheikh Gumi Ya Fadi Yadda Miyagun Ke Samun Kuɗi,1,1,0,0,0,0
hausa_2_00251,Rikicin Makiyaya: An fallasa asirin Gwamnan Jihar Benuwe,0,0,0,0,0,0
hausa_2_00252,"Baku isa ku tilasta mana mu baku shugabancin Najeriya ba, El-Rufa'i ya fadawa Gwamnonin Kudu",2,0,0,0,0,0
hausa_2_00253,Baku isa ba: Shugaba Buhari ya gargadi 'yan bindigan da ke sace dalibai,3,0,0,0,0,0
hausa_2_00254,Yan bindiga sun yi awon gaba da dumbin dalibai a makarantar sakandire a Katsina,0,0,1,0,3,0
hausa_2_00255,Tashin hankali: Tsananin talauci da yunwa yasa na taba cin kashin mutum - In ji wata mawakiya,0,2,2,0,0,0
hausa_2_00256,"Sau 6 kacal na taba lalata da yarinyar, mahaifiyarta ce ke zuzutawa - Wanda ake zargi",0,2,0,0,0,0
hausa_2_00257,Ruwan sama kamar da bakin kwarya ya lalata gidaje 271 a jahar Kaduna,0,0,2,0,0,0
hausa_2_00258,Sojoji 37 aka kashe a harin hanyar Maiduguri zuwa Damboa - Majiyoyi,0,0,3,0,2,0
hausa_2_00259,"Abuja, Katsina, Kano Da Wasu Jihohi 24 Wadanda Zasu Shiga Matsalar Abinci a 2023",0,0,1,0,2,0
hausa_2_00260,"Yanzu-yanzu: Yan Boko Haram sun kai hari Chibok, suna bankawa gidaje wuta",0,0,1,0,3,0
hausa_2_00261,"Da duminsa: Yan ta'addan Boko Haram sun hallaka Soji 7, sun koresu daga barikinsu a Borno",0,0,2,0,2,0
hausa_2_00262,Abin kunya: Kwamishinan jihar Borno ya bayyana dalilinsa na raba ma matasa kayan shushaina,0,1,0,0,0,0
hausa_2_00263,Kwadayi mabudin wahala: Wata karuwa ta yiwa wani dan sanda tofin Allah tsine a cikin jama'a bayan yayi lalata da ita ya hanata kudinta,2,2,0,0,0,0
hausa_2_00264,An rufe bankuna a jihar Ogun bayan 'yan fashi sun yi barazanar kai farmaki,0,0,0,0,3,0
hausa_2_00265,"‘Yan bindiga sun addabi Kaduna, sun kashe mutane 6 a hari na 4 a cikin kwana 2",0,0,1,0,3,0
hausa_2_00266,"Yan ta'adda sun kai farmaki hanyar Maiduguri-Damaturu, sun kashe 9",0,0,1,0,2,0
hausa_2_00267,Makiyaya sun kashe dakarun Soji 4 a wani artabun jihar Filato,2,0,2,0,2,0
hausa_2_00268,"Korona: Mutane 184 sun karu a Najeriya, Jigawa, Bauchi da Katsina sun biyo bayan Legas",0,0,0,0,3,0
hausa_2_00269,Tashin Hankali a Abuja Yayin da Tayar Jirgi Ta Cije Yana Tsaka da Tafiya Bayan Sauka a Tasha,0,0,0,0,3,0
hausa_2_00270,Yan Bindiga Sun Kai Hari Kauyuka Sun Kashe Mutane da Dama Tare da Sace Wasu a Sokoto,0,0,0,0,3,0
hausa_2_00271,"Idan ka ji Dattijon banza, Yaron banza ne: Yadda wani Dattijon biri ke biyan kananan yara N100 yana kwanciya dasu",1,3,0,0,0,0
hausa_2_00272,"Wata mahaukaciyar guguwa tayi sanadiyyar asarar gidaje sama da 1,000 a wata jiha a arewacin Najeriya",0,0,2,0,2,0
hausa_2_00273,Karshen duniya: Ma'aikacin gidan 'Zoo' ya yi wa macen goggon biri ciki,0,2,0,0,0,2
hausa_2_00274,Innalillahi Wa'inna Ilaihi Raji'un: Yaro dan shekara 11 ya yiwa budurwa cikin shege har ta haihu,0,0,0,0,0,2
hausa_2_00275,"Coci ya ruguje kan masu bauta ana cikin ibada a Taraba, ya hallaka mutane biyu",0,0,2,0,0,0
hausa_2_00276,Tashin hankali: Wuta ta babbake wani magidanci a dakin budurwarsa,0,0,2,0,2,0
hausa_2_00277,"Tonon silili: Mijina fitaccen dan luwadi ne, a Legas suke yin iskancin su - Matar aure",0,3,0,0,0,0
hausa_2_00278,"Guguwar iska ta rusa gidaje 1,000 a Kebbi da Zamfara",0,0,2,0,2,0
hausa_2_00279,“Zuciyata”: Matashi Ya Yi Shiga Kamar Mahaukaci Yayin da Yake Nuna Kauna Ga Mahaukaci a Bidiyo,0,0,0,0,0,2
hausa_2_00280,Saurayi ya kashe ya budurwarsa bayan ta raina kwazonsa a gado,2,2,0,0,0,0
hausa_2_00281,"Abin kunya: Magidanci ya dirka ma diyarsa cikin shege, ya zubar da abin sa",0,3,0,0,0,0
hausa_2_00282,"Wallahi zaku zubar da kimar dakuke da ita,yanzu wannan har yakai wani labari.😒😒",2,0,0,0,0,0
hausa_2_00283,"Badai a zaben nan ba, barmu da su 😄",0,0,0,1,0,0
hausa_2_00284,Wlhi Kunji kunya... Ashe dama ku yan madrid ne. Bakomae akwai Allah😧,2,1,1,0,0,0
hausa_2_00285,Wllh akwai kura wai anan xanshiga😢😢,0,0,1,0,0,0
hausa_2_00286,Tir da da wa’enan raunarnun dalilai... Allah ya isa kawai!!😡,3,2,0,0,0,0
hausa_2_00287,Wannan ai cin fuskane akewa Baban wasu😁,2,0,0,0,0,0
hausa_2_00288,Matsiyata Munyi Allaah wadai dah wannan aikin nasu😥😥😥😥,3,0,0,0,0,0
hausa_2_00289,Mu dama wuridi kuke turomana📿 yafi wannan shashancin 😒😒😒,2,0,0,0,0,0
hausa_2_00290,Ta'addaccin zaben Kano kashe kashen kuma hk mure mn zabe tah karfin tuwo Allah ya isa!! dah kuma zarcewar da buhuri yayi🤦🏽‍♂️,3,0,0,0,0,0
hausa_2_00291,Hhhhh wallahi Yan darika basajin kunyar karya😂😂,0,0,0,2,0,0
hausa_2_00292,Shegiya kin shuka tsiya😂😂😂,1,0,0,2,0,0
hausa_2_00293,Jaruman Kannywood 7 da shirin ‘Labarina’ ya haska tauraronsu,0,0,0,1,0,0
hausa_2_00294,Faduwar darajar Naira ta kawo cikas a kasuwancinmu – Alhaji Sulaiman,0,0,2,0,0,0
hausa_2_00295,Harin Mauludi: Tinubu ya ba da umarni a yi cikakken bincike,0,0,2,0,0,0
hausa_2_00296,COVID-19: Likitocin China za su zo Najeriya,0,0,0,1,0,0
hausa_2_00297,‘Gaskiya ita ce kashin bayan samun duk wani alheri’,0,0,0,0,0,0
hausa_2_00298,Kamfanin jirgin Air Peace ya dawo aiki a Kaduna,0,0,0,2,0,0
hausa_2_00299,Matar Aure: Rahama Sadau za ta saki sabon shirin mai dogon zango,0,0,0,0,0,0
hausa_2_00300,Ban taba tunanin zan yi tashe kamar haka ba —Azeema,0,0,0,1,0,2
hausa_2_00301,Ramadan: ’Yan kasuwa sun yi alkawarin daidaita farashin kayan abinci,0,0,0,2,0,0
hausa_2_00302,Jam'iyyar APC ta kara wa'adin rajistar mambobinta,0,0,0,0,0,0
hausa_2_00303,Binne gawa na neman zama alkakai ga ’yan Arewa mazauna Fatakwal,0,0,1,0,0,0
hausa_2_00304,Gombe da Kano sun yi nasara a musabakar Alkur’ani a Abuja,0,0,0,3,0,0
hausa_2_00305,Zulum ya samu tikitin sake tsayawa takara ba hamayya,0,0,0,1,0,0
hausa_2_00306,Allah ya kyauta: Bokan mu ne yace mu yanko masa kayuwan 'yan uwanmu zai bamu maganin samun kudi - Masu laifi,1,2,0,0,0,0
hausa_2_00307,Buhari zai tafi Abu Dhabi don taya sabon Shugaban UAE murna,0,0,0,2,0,0
hausa_2_00308,Yan bindiga sun kashe mutane 5 a sabon harin da aka kai jihar Rivers,0,0,2,0,2,0
hausa_2_00309,Da duminsa: Fusatattun matasa sun kwace jirgin saman 'yan sanda,3,0,0,0,0,0
hausa_2_00310,Bauchi: 'Yan sanda sun kama matashi da ya lalata kaninsa,1,2,0,0,0,0
hausa_2_00311,"Murna Yayin da Dala Ta Karye Zuwa Ƙasa da N1,000 a Najeriya, Hadimin Buhari Ya Magantu",0,0,0,3,0,0
hausa_2_00312,‘Yan bindiga: Mutum 50 ake tsoron an kashe a karamar Hukumar Faskari,0,0,0,0,3,0
hausa_2_00313,Matatar Mai ta Dangote zata kashe kasuwar matatun Turai da muke sayen mai,0,0,0,1,0,0
hausa_2_00314,Gwamnatin tarayya zata fara biyan sabon karancin albashi a watan Satumba,0,0,0,2,0,0
hausa_2_00315,"Buhari, Gwamnonin Arewa sun sa labule a Aso Villa a kan matsalar rashin tsaro",0,0,0,1,0,0
hausa_2_00316,Abu kamar wasa: Zakuna sun cinye mutumin da ya raine su tun suna yara a lokacin da suke wasa da shi,0,0,0,0,0,3
hausa_2_00317,Hukumar Hisbah a Kano ta lalata manyan tireloli 30 da aka cika da barasa,0,0,0,1,0,0
hausa_2_00318,"Sojoji sun kama 'yan bindiga 25, sun kwato makamai masu yawa (Hotuna)",0,0,0,2,0,0
hausa_2_00319,barawon jakar mata ya shiga hannu,0,0,0,2,0,0
hausa_2_00320,Sojoji sun kashe ’yan Boko Haram 16 a Borno,0,0,0,1,0,0
hausa_2_00321,Sojoji sun kashe kwamandojin Boko Haram,0,0,0,1,0,0
hausa_2_00322,Ma'aikatan banki sun hadu da fushin doka bayan sun sace kudin mamaci a bankinsu,2,0,0,0,0,0
hausa_2_00323,Yan Sanda Sun Ceto Matar Da Fusatattun Matasa Ke Zargi Ta Kashe Mijinta Saboda Naci Wurin Kwanciyar Aure,1,0,0,0,0,0
hausa_2_00324,An kama wani kato da ya boye 'yan mata 4 yana lalata da su a Arewa,0,2,0,0,0,0
hausa_2_00325,Aku kuma bakin ku a bude.😂,0,0,0,1,0,0
hausa_2_00326,"😂😂wayyo Allah daga tayi addu'a kawai simple ace """"""""""""""""""""""""""""""""Ameen"""""""""""""""""""""""""""""""" amma ya zama abun kace nace toh Allah yasa mu dace",0,0,0,0,0,1
hausa_2_00327,"Nike da abunda bazan manta dashiba a 2020, har nabar duniya, nabarwa zuciya ta wannan takaicin Allah ya Kara mana imani duniya da lafira Amin.😭😭",1,0,3,0,0,0
hausa_2_00328,Ay fa Kin ga haza😅 Allah ya kyauta,0,0,0,1,0,0
hausa_2_00329,Ina ma aba Baba Ganduje 🥰🥰🥰,0,0,0,2,0,0
hausa_2_00330,fatan alkairi zouwa ga zango ina jine dadi kalon fim kinka😦😦,0,0,0,3,0,0
hausa_2_00331,allah yasa dai wayar bata fashe ba,0,0,0,0,2,0
hausa_2_00332,allah wadaran naka ya lalace wai yanxun abun takaici ne ma ace wannan magana tana fitowa daga bakin musulmanmu wai ace ana roqon bawa da ya yafewa wanda yayi atanci ga ga allah da manzon sa to taya qasa zata zauna lafiya anyi jifa da shariar allah an kama constitution,3,0,0,0,0,0
hausa_2_00333,karyan banza a africa ne fa,2,0,0,0,0,0
hausa_2_00334,karyar banza mtsss,3,0,0,0,0,0
hausa_2_00335,kutumar uwarsu shegu kawaii time in da ake ta kashe mutane a arewachin nigeria wani banza ne yayi uppan ‍️ harda kaima ahmad musa,3,0,0,0,0,0
hausa_2_00336,Waya Taba mana Baba Falalu 💪🏻💪🏻💪🏻💪🏻,0,0,0,0,0,0
hausa_2_00337,"Ka ji shirme ana ta kashe mutane a kauyukan Danmusa, Batsari, kankara da sauran su a jihar Katsina da wasu ma bangarorin na Arewa, amma yana maganan Kudu wannan wane irin abin ban haushi ne da rashin kishi, Allah wadaran naka ya lalace😡😡",3,0,0,0,0,0
hausa_2_00338,"Idan naga mace tana firar ƙwallo sai abun yayi min wani banbarakwai kamar naga 'yar daudun mata, ko ni dinne dan kauye oho!🤷",0,0,0,0,0,2
hausa_2_00339,🤔 abin alajabi be karewa a kasata Nigeria,0,0,0,0,0,3
hausa_2_00340,Dama baya Sawa kenan ❓❓👈,0,0,0,0,0,1
hausa_2_00341,imagine years girl raped by persons over month ayam sorry to asked like how kidnapping dinta sukayi suka daureta daki over month kokuwa plz dan allah inason qarin haske,0,0,0,0,1,2
hausa_2_00342,Wannan yan majalisa dai kau sun wulakanta🤦🏽‍♂️,0,0,1,0,0,0
hausa_4_00001,Sarkin mawaka ko sarkin hauka - Babanchinedu ya yiwa naziru wankin babban bargo kan Nafisa Abdullahi,2,0,0,0,0,0
hausa_4_00002,Da duminsa: Allah ya yiwa matar Sanata Kabir Gaya rasuwa,0,0,3,0,0,0
hausa_4_00003,Kisan kwamandan Sojan Iran: Ayatollahi Khameini ya sanar da sabon babban kwamanda,0,0,2,0,0,0
hausa_4_00004,"Zulum: Allah ke ba da mulki, ba zan roki wani ya dauke ni abokin takarar shugaban kasa ba",0,0,0,0,0,0
hausa_4_00005,Alherin danko ne: Hadisai 9 daga Sheikh Aminu Ibrahim Daurawa Kano,0,0,0,1,0,0
hausa_4_00006,San barka: Manyan kasashen Duniya 11 da suka aiko ma Buhari da sakonnin taya murna,0,0,0,3,0,0
hausa_4_00007,Saraki Ya Garzaya Kasa Mai Tsarki Don Nuna Godiya Ga Allah Yayin da Zai Cika Shekaru 60 a Duniya,0,0,0,2,0,0
hausa_4_00008,"Mun Barwa Allah Ya Mana Zabin Magajin Buhari a 2023, Sarki Ya Fada Wa Atiku",0,0,0,0,0,0
hausa_4_00009,Wata mata ta gwammace bara maimakon nemawa diyarta lafiya,0,1,0,0,0,0
hausa_4_00010,Sheikh Mabera ya yi alwashin kai wani fasto kotu domin danganta Yesu Almasihu da Allah,2,0,0,0,0,0
hausa_4_00011,"Aikinka ya na kyau, Shugaban kasar Faransa, Macron ya fadawa Mai kamfanin BUA",0,0,0,2,0,0
hausa_4_00012,Sarkin Damaturu ga Osinbajo: Muna addua'ar Allah yasa ka gaji Buhari a 2023,0,0,0,0,0,0
hausa_4_00013,"Allah yayi wa Ore Falomo, likitan MKO Abiola rasuwa",0,0,3,0,0,0
hausa_4_00014,Da Ɗumi-Ɗumi: Allah Ya Yi Wa Ɗan Fasto Enoch Adeboye Rasuwa,0,0,3,0,0,0
hausa_4_00015,"Yanzu Yanzu: Allah ya yiwa tsohon Atoni-Janar na Kano, Aliyu Umar rasuwa",0,0,3,0,0,0
hausa_4_00016,Kungiyar Dalibai Ta NANS Ta Nemi Afuwar Aisha Buhari Kan Kama Aminu Mohammed,0,0,1,0,0,0
hausa_4_00017,"Allah Bai Gaya Mun Magajin Buhari Ba, Malamin Addini Ya Magantu Kan Zaben 2023",0,0,0,0,0,0
hausa_4_00018,Ka'abah: Kalolin Kiswa 7 da akayi amfani da su tun zamanin manzon Allahﷺ (Hotuna),0,0,0,0,0,0
hausa_4_00019,"Farfesa Zulum ya shiga aji kwatsam, ya yi wa Malamai gwaji domin ya auna kaifin basirarsu",0,0,0,0,0,3
hausa_4_00020,Buhari ya aika sakon ta'aziyya ga gwamna Ahmed Makarfi,0,0,2,0,0,0
hausa_4_00021,Ayiriri: Shirin Shagalin Auren Rukayya Dawayya da Afakallah Ya Kankama,0,0,0,2,0,0
hausa_4_00022,"Ba ni na raba shinkafa a Kano ba amma ina godiya ga wadanda sukayi, Tinubu",0,0,0,2,0,0
hausa_4_00023,Allah ya yi: 'Yan sanda sun ceto wasu mutane 2 daga hannun ma su garkuwa a Zamfara,0,0,0,3,0,0
hausa_4_00024,Sunan Allah ya bayyana a jikin bishiyar zogale,0,0,0,0,0,2
hausa_4_00025,Muna Godiya: Ganduje Ya Jinjina Wa Sojoji Bisa Kare Dajin Falgore da Jihar Kano,0,0,0,2,0,0
hausa_4_00026,"Shugaba Buhari ya taya shagon dan dambe, Anthony Joshua, murna",0,0,0,2,0,0
hausa_4_00027,Dandalin Kannywood: Jaruma Rahma Sadau ta dawo harkar fim din Hausa da kafar dama (Karanta),0,0,0,2,0,0
hausa_4_00028,Babbar Magana: Jami'ai Sun Cafke Wani Bawan Allah da Ya Ɗirkawa Ɗiyarsa Ciki Har Ta Haihu,0,3,2,0,0,0
hausa_4_00029,Innalillahi wa inna ilaihi raji’un: Allah Ya yi ma yayar Gwamna Yahaya Bello rasuwa,0,0,3,0,0,0
hausa_4_00030,Har yanzu ina tare da Baba Buhari – Inji Minista Aisha Alhassan,0,0,0,0,0,0
hausa_4_00031,Alheran Gwamna Babagana Zulum daga bakin Abdallah Gadon-Kaya,0,0,0,1,0,0
hausa_4_00032,"Nollywood: FFK, Dino, Ezeife sun bayyana a cikin wasan ‘Silent Prejudice’",0,0,0,0,0,0
hausa_4_00033,"Rashin Kudi Ya Jawo Gwamnoni Sun Ce A Kori Ma’aikata, a Tsuke Bakin Aljihu Kyam",0,0,2,0,0,0
hausa_4_00034,"""Godiya Ta Tabbata Ga Tinubu"": Tsohon IGP Ya Bayyana Yadda Tinubu Ya Masa Wata Babban Alfarma",0,0,0,2,0,0
hausa_4_00035,Allah ya yi wa jakadan Saudiyya a Najeriya rasuwa,0,0,3,0,0,0
hausa_4_00036,"Shahrarren Jagoran Fulani, Saleh Bayari, ya rigamu gidan gaskiya",0,0,3,0,0,0
hausa_4_00037,Buhari da sauran shugabannin kasashen duniya sun taya Biden murna,0,0,0,2,0,0
hausa_4_00038,Aure ya kullu: Bidiyoyi da hotuna daga shagalin bikin Lilin Baba da kyakkyawar amaryarsa Ummi Rahab,0,0,0,2,0,0
hausa_4_00039,Yanzu-yanzu: Allah ya yiwa dan'uwan Sheikh Isa Pantami rasuwa,0,0,3,0,0,0
hausa_4_00040,Shuwagabannin Arewa ne matsalar Arewa – Hakeem Baba Ahmad,1,0,2,0,0,0
hausa_4_00041,"Allah ya yiwa mahaifin Sheikh Albany Zaria, Malam Adamu, rasuwa",0,0,3,0,0,0
hausa_4_00042,"Yanzu Yanzu: Allah ya yiwa dan majalisa, Olusegun Popoola, rasuwa",0,0,3,0,0,0
hausa_4_00043,Shugaba Buhari ya hana alfarma wurin daukan aiki a Najeriya - Lai Mohammed,0,0,0,0,0,0
hausa_4_00044,"Bayan dakatar da Abba Kyari, IGP ya gargadi sauran jam'ian 'yan sandan Najeriya",0,0,0,0,1,0
hausa_4_00045,Yanzu-yanzu: Allah ya yi wa Sanata Adebayo Salami rasuwa,0,0,3,0,0,0
hausa_4_00046,Rarara ya gwangwaje jaruman Kannywood da kyautar sabbin motocin alfarma,0,0,0,2,0,0
hausa_4_00047,"Bidiyon kyakyawar budurwa sanye da hijab ta na kwallon kwando, har ta na yanke maza",0,0,0,0,0,1
hausa_4_00048,"Motar 'yan kungiyar Lobi stars ta yi gobara, wasu 'yan wasa sun jikkata",0,0,2,0,1,0
hausa_4_00049,IGP Alkali Baba Yayi Umarnin Gaggauta Bincike da Gurfanar da ‘Dan Sandan da ya Halaka Lauya,0,0,2,0,0,0
hausa_4_00050,"Kano: Gwamna Abba Ya Maida Martani Bayan Kotun Koli Ta Yanke Hukunci, Ya Gode Wa Allah",0,0,0,1,0,0
hausa_4_00051,Allah ya yiwa mahaifiyar Sheikh Dr Bashir Aliyu Umar AlFurqan rasuwa,0,0,3,0,0,0
hausa_4_00052,Atiku ya taya Obasanjo murnar cika shekaru 82 a duniya,0,0,0,2,0,0
hausa_4_00053,Sallamar Yusuf Buhari: Shugaba Buhari ya mika godiyarsa ga yan Najeriya,0,0,0,2,0,0
hausa_4_00054,An yi babban rashi: Allah ya yiwa mai masallacin matafiya da ke hanyar Kaduna-Zariya rasuwa,0,0,3,0,0,0
hausa_4_00055,ABIN AL’AJABI: Sunan Allah ya fito a jikin itatuwan moringa,0,0,0,0,0,3
hausa_4_00056,Shugaba Buhari ya taya Firayim Ministan Ingila murnar warkewa daga COVID-19,0,0,0,2,0,0
hausa_4_00057,Fasto dan luwadi ya bayyana matar shi namiji yana da ciki,0,3,0,0,0,0
hausa_4_00058,"Sheikh Bello Yabo ya yi addu'ar Allah yasa a sace Buhari, El-Rufai da Garba Shehu",2,0,0,0,0,0
hausa_4_00059,"Allah yayi wa zukekiyar jarumar Kannywood, Khadija Mahmud, rasuwa",0,0,3,0,0,0
hausa_4_00060,Ku barni na dauki diyata ta mutu a gabana - Magidanci ya nemi gwamnati ta bashi 'yarshi bayan yaga wajen da ake kula da su bai da kyau,0,0,3,0,0,0
hausa_4_00061,"Allah ya yiwa Diraktan agajin kungiyar Izala na Nasarawa, rasuwa",0,0,3,0,0,0
hausa_4_00062,Duniya ta na taya Aisha Buhari murnar cika shekaru 49 da haihuwa,0,0,0,2,0,0
hausa_4_00063,Karamar Sallah: Ibrahim Babangida da ‘Ya ‘ya da Jikoki su na bikin idi,0,0,0,2,0,0
hausa_4_00064,"Kiwon lafiya: Rundunar sojin sama ta kai daukin gaggawa ga al'umar Zangeru, jihar Niger",0,0,0,1,1,0
hausa_4_00065,Inna lillahi wa inna ilaihi raji’un! Wasu na amfani da Alkur’ani wajen yin wannan abu,0,0,3,0,0,0
hausa_4_00066,Masha Allahu: Gwamnatin Jigawa za ta gina masallacin mata na N57m a Jami’ar Dutse,0,0,0,3,0,0
hausa_4_00067,"Allah ya yiwa mahaifiyar attajiri Dahiru Mangal, rasuwa",0,0,3,0,0,0
hausa_4_00068,Allah tsari kaka ta: Mustapha Atiku ya nuna cewa ba zai bi jirgin yakin Buhari a 2019 ba,0,1,1,0,0,0
hausa_4_00069,Amfani da yadda bankunan taimakon juna ga al'umma,0,0,0,0,0,0
hausa_4_00070,Aisha Yesufu ta bada shawarar 'Yan ta'addan kungiyar IPOB su hada-kai da Jam’iyyar APGA,0,0,0,0,0,0
hausa_4_00071,Azumi ya na taimakawa garkuwar jikin mutum – Babban Likita,0,0,0,0,0,0
hausa_4_00072,"Zuciyata ta daina ƙaunar mijina, Matar Aure ta nemi Kotun Musulunci ta raba auren",1,0,2,0,0,0
hausa_4_00073,"Mahaifiyar Hameed Ali, shugaban kwastam ta riga mu gidan gaskiya",0,0,3,0,0,0
hausa_4_00074,Buhari ya yi alkawarin ci gaba da tallafawa mata a fadin Najeriya,0,0,0,2,0,0
hausa_4_00075,Ina da niyyar yin aure amma lokaci nake jira - Nafisa Abdullahi,0,0,0,0,0,0
hausa_4_00076,Pantami na son maida da Abuja 'smart city',0,0,0,1,0,0
hausa_4_00077,Sanata Ahmed Lawan ya dawo daga aikin Hajji,0,0,0,0,0,0
hausa_4_00078,Rundunar sojin kasar Jamus ta yi alkawarin taimakawa rundunar sojin Najeriya wajen yaki da ta’adanci,0,0,0,1,0,0
hausa_4_00079,"Buratai: Sai godiya, Obasanjo ya kusa sallamata ta daga aiki shekaru 21 da su ka wuce",0,0,0,1,0,0
hausa_4_00081,Allah ya yiwa matar da ta haifi ‘yan hudu a jihar Katsina rasuwa (hoto),0,0,3,0,0,0
hausa_4_00082,Hangen nasara: Magoya bayan PDP sun fara rera waka suna tikar rawar murna,0,0,0,3,0,0
hausa_4_00083,"Jarumin fina-finan India, Amitabh Bachchan ya kamu da korona",0,0,1,0,2,0
hausa_4_00084,"Shin na taba fadi zaben fidda gwani ne?, ina da tabbaci: Atiku ya yi alfahari",0,0,0,1,0,0
hausa_4_00085,"PDP ta fadawa Buhari ya fatattaki shahararren Ministansa, ta fadi zunubin da ya aikata",2,0,0,0,0,0
hausa_4_00086,Bawan Allah ya bayyanawa mata falalar da ke tattare da ayyukan cikin gida,0,0,0,0,0,0
hausa_4_00088,"Dan takarar gwamnan PDP ya amince da shan kaye, ya taya Soludo murna",0,0,0,0,0,0
hausa_4_00089,"Bidiyo: An daura auren Suleiman da Ba-Amurkiyya, Jenine, a Kano cikin annashuwa",0,0,0,3,0,0
hausa_4_00090,"Buhari yana da kudirin alheri ga Najeriya, Bola Tinubu",0,0,0,0,0,0
hausa_4_00091,Hukumar jin dadin alhazai ta yi kira ga maniyyata su dakatad da shirye-shiryen Hajjin bana,0,0,1,0,0,0
hausa_4_00092,"""Allah Ya Kaddara Tinubu Zama Shugaban Kasa"": Oba Na Benin Ya Aika da Muhimmin Sako Ga Yan Najeriya",0,0,0,0,0,0
hausa_4_00093,"Budurwa mai Hijabi, Shatu Garko, ta lashe gasar Mace mafi kyau a Najeriya 'Miss Nigeria' na bana",0,0,0,2,0,0
hausa_4_00094,"Bayan ya yiwa saurayin kanwarsa dukan tsiya, saurayin ya siyo mata sabuwar mota mai tsadar gaske a matsayin godiya",0,0,0,0,0,2
hausa_4_00095,"A baya mun yi soyayya da Adam A. Zango, sai dai yanzu mutunci ne kawai tsakaninmu – Nafisa Abdullahi",0,0,0,0,0,0
hausa_4_00096,Kyawawan hotunan barka da sallah daga gidan ango Lilin Baba da amaryarsa Ummi Rahab,0,0,0,2,0,0
hausa_4_00097,"Da dumi-dumi: Allah ya yi wa Sanata Abdulazeez, dan uwan Mama Taraba, rasuwa",0,0,3,0,0,0
hausa_4_00098,Wata budurwa tayi kyautar al'aurar ta a 'fezbuk' (Hotuna),0,1,0,0,0,0
hausa_4_00099,Shugaba Muhammadu Buhari na kafa tushi mai kyau na cingaba Najeriya – SGF,0,0,0,1,0,0
hausa_4_00100,"Son komawa wasa Turai domin gogayya da manyan 'zakaru' yasa na bar Al Nassr, Ahmed Musa",0,0,0,0,0,0
hausa_4_00101,Allah gwanin kyauta a lokacin da ya so: Wata mata mai shekaru 70 ta haifi danta na fari,0,0,0,2,0,2
hausa_4_00102,"Cikin Hotuna: Daliba ta kammala jami'a da sakamako mai kyau, ta ci lambobin yabo da dama",0,0,0,3,0,0
hausa_4_00103,Allah Ya Yi Wa Mataimakin Shugaban Ƙaramar Hukuma Rasuwa a Kano,0,0,3,0,0,0
hausa_4_00104,"FG Ta Yi Alkawarin Kakaba Yaren China A Tsangayoyin Jami'o'in Najeriya, Ta Bayyana Alfanun Hakan",0,0,0,1,0,0
hausa_4_00105,Fasto ya maka jikansa a kotu bayan yayi wuff da zukekiyar matarsa,0,0,0,0,0,1
hausa_4_00106,"Allah Ya Yiwa Tsohon Ministan Najeriya, Oluwasanmi, Rasuwa",0,0,3,0,0,0
hausa_4_00107,Dandalin Kannywood: Allah bai wajabta mani in yi aure ba - Inji Shehiyar malama Ummee Zee-Zee,0,0,0,0,0,0
hausa_4_00108,A cikin jaruman Kannywood ina son inyi aiki tare da Rahama Sadau - Inji fitacciyar jarumar Nollywood,0,0,0,1,0,0
hausa_4_00109,Rasuwar mahaifiyar Buratai: Kalaman da Zulum ya yi ga babban hafsin sojan,0,0,2,0,0,0
hausa_4_00110,"Babban sarki a Najeriya ya saki matarsa, ya ce ta zama sarauniya mai 'murabus'",0,0,0,0,0,0
hausa_4_00111,“Allah Ya Nuna Mani”: Shin Shugaban Kasa Tinubu Zai Kammala Wa’adinsa a Mulki? Malamin Addini Ya Yi Hasashe,0,0,0,0,0,0
hausa_4_00112,Tikitin shugaban kasa na PDP: Ina addu’a Allah yasa Wike ya kai labari – Okezie Ikpeazu,0,0,0,1,0,0
hausa_4_00113,Rahama Sadau ta sadaukar da dukkan kudin da fim dinta na Nadiya zai kawo ga gidauniyar mabukata,0,0,0,2,0,0
hausa_4_00115,Iko sai Allah: Ku sadu da wata kyakkyawar mata da ke soyayya da fatalwa,0,0,0,0,0,2
hausa_4_00116,"Duk mai rai: Allah yayi wa wani matashin haziki dan baiwa, Lil Ameer rasuwa",0,0,3,0,0,0
hausa_4_00118,"Alhamdulillah na samu lafiya, mun kusa hadari cikin hazo - Aisha Buhari ta yi maganarta na farko",0,0,0,3,0,0
hausa_4_00119,"Wata mai sayar da soyayya ta daba wa wani dan kasuwa kwalba har lahira, bayan ya saya yaki biyanta",0,0,3,0,0,0
hausa_4_00120,"Tarihi: Birgediya Zakariya Maimalari, kwararren jami’in soja na farko a Najeriya",0,0,0,0,0,0
hausa_4_00121,Najeriya da kasar Koriya ta Arewa zasu kulla sabuwar alaka don tabbatar da tsaro da zaman lafiya,0,0,0,1,0,0
hausa_4_00122,"Jam'iyyar ADP Ta Fusata, Ta Dakatar da Shugaban Jam'iyya Na Kaduna",3,0,0,0,0,0
hausa_4_00123,Zabe: RTEAN tayi alkawarin bawa Buhari kuri'u miliyan 16,0,0,0,0,0,0
hausa_4_00124,Mai Tabargaza: Jarumar fim da ta sha tabar wiwi da shafin Bible ta ce a shirye take ta yayyaga Al-Qur'ani idan aka bata,0,2,0,0,0,0
hausa_4_00125,Kannywood: Rahama Sadau ta yi murnar samun yawan mabiya miliyan 1 a Instagram,0,0,0,2,0,0
hausa_4_00126,Ikon Allah: Bidiyon wani ‘dodo’ da ya jagoranci al’umman Musulmi a sallah,0,0,0,0,0,3
hausa_4_00127,An Ankarar da Jami’an Tsaro Kan Shirin ‘Yan Ta’adda na Kai Hare-Hare a Legas,0,0,0,0,2,0
hausa_4_00131,Yanzu-yanzu : Buhari ya gana da Shettima bayan an kaddamar da shi abokin takarar Tinubu,0,0,0,0,0,0
hausa_4_00132,Buhari ya nada Karebo Samson a matsayin mukaddashin kwanturola Janar na hukumar kashe gobara,0,0,0,1,0,0
hausa_4_00133,Gwamna Abiodun ya zare hannunsa daga Kwamishinan da ya zagi Osoba,1,0,0,0,0,0
hausa_4_00134,"Duniya kenan: Matashi mai shekaru 35 ya kashe mahaifiyarsa, ya gamu da fushin alkali",1,2,3,0,0,0
hausa_4_00136,Tsohuwa mai Shekaru 90 ta Kammala Digiri Bayan Shekaru 71 da Shiga Jami’a,0,0,0,1,0,2
hausa_4_00137,"Kasar China ta fasa-kwai, ta ce Amurka ke hura wutar rikicin mutanen Falastina-Isra’ila",0,0,0,0,0,0
hausa_4_00139,"Neja: Jami'an tsaro sun ragargaji 'yan bindiga, sun ƙwato shanu 300",0,0,0,2,0,0
hausa_4_00141,Barayin da suka sace Liman da wasu 10 lokacin sallar Asuba a Neja Sun nemi a lale musu Miliyoyi,0,0,2,0,0,0
hausa_4_00142,Yanzu-yanzu: Adadin matasa maras aikinyi ya tashi daga miliyan 17.6 zuwa miliyan 20.9,0,0,2,0,0,0
hausa_4_00143,Buhari ya yi ta’aziyyar mutuwar Uwargidar sarkin Daura da tsohon kwamishinan shari’a na Kano,0,0,3,0,0,0
hausa_4_00144,"Tufafin Budurwa Ya Kama Da Wuta a Wajen Liyafar Zagayowar Ranar Haihuwarta, Bidiyon Ya Yadu",0,0,0,0,1,0
hausa_4_00145,"""Mun Rantse Ba Zamu Rabu Ba"" Budurwa Ta Kaiwa Saurayinta Da Ya Haukace Abinci, Bidiyo Ya Kayatar",0,0,0,0,0,1
hausa_4_00146,"Ana Fuskantar Barazanar Kwantai, Neman Masu Sayen Danyen Man Najeriya Yayi Wahala",0,0,0,0,2,0
hausa_4_00147,Ministan Sadarwa Isa Pantami ya nesanta kansa da wasu kalmomi da yayi a baya kan Wasu ƙungiyoyin Yan ta'adda,0,0,0,0,0,0
hausa_4_00148,Gwamnan Ribas ya zargi Sojojin sama da dauke masu jiragen yakin da aka saya a kan $10m,0,1,0,0,0,0
hausa_4_00149,Yan mata na kwace mana mazajenmu da shigar banza – Matan aure sun yi zanga-zanga,3,0,0,0,0,0
hausa_4_00151,An kama bakin haure guda 3 da suke shigowa da 'yan ta'addar Najeriya makamai,0,0,0,0,0,0
hausa_4_00152,"Katsina: Yan bindiga sun sake kai kazamin hari Malumfashi jihar Katsina, sun kashe mutane",0,0,3,0,2,0
hausa_4_00156,"Kundin tarihi: Hotunan masarautar Borno da sarakunan ta na shekaranjiya, jiya da yau",0,0,0,0,0,0
hausa_4_00158,Yan bindiga sun budewa kwamandan Soji wuta a Kaduna,0,0,2,0,2,0
hausa_4_00160,Ambaliya a Suleja ya kashe mutum 20 (hotuna),0,0,3,0,0,0
hausa_4_00162,Kiristocin Arewacin Najeriya sun yi wa Kabiru Turaki mubaya’a,0,0,0,1,0,0
hausa_4_00163,Hauka maganinta Allah: Wani mutumi ya hallaka matarsa mai kaunarsa da ɗan da suka haifa,0,2,2,0,0,0
hausa_4_00164,Wani mutum ya yi barazanar kai coci kotu idan bata biya shi kuɗin baikonsa na shekaru 19 ba,0,0,0,0,0,0
hausa_4_00166,Kotun koli ta tafka kuskure a yanke hukuncin kwace kujerar gwamnan Bayelsa - Falana,0,0,1,0,0,0
hausa_4_00167,Kuri’u Marasa Inganci Da Wasu Dalilai Da Suka Sa Kotun Zabe Tsige Gwamnoni 2 Cikin Watanni 5,0,0,0,0,0,0
hausa_4_00168,Kar Kuji Tsoron Fari Ko Rashin Abinci Shekara Mai Zuwa Inji Hukumar Kula Da Filayen Noma,0,0,0,0,0,0
hausa_4_00169,"Keƙe da ƙeƙe: Bayan janye takara, Adamu Garba ya fidda sunayen wadanda suka tara masa N83.2m",0,0,0,0,0,1
hausa_4_00170,Jirgin sama dauke da ‘yan wasan Brazil ya fadi a Colombia,0,0,2,0,0,0
hausa_4_00172,Fusatattun 'yan fansho sun garkame SSG na Ogun kan rike N68bn na garatutinsu,3,0,0,0,0,0
hausa_4_00173,Shekau ya yi izgilanci ga iyayen 'yan matan Chibok a sabon faifan bidiyo,0,0,2,0,0,0
hausa_4_00175,Ma'aikatu 50 na Gwamnatin Tarayya da babu Jagorori,0,0,0,0,0,0
hausa_4_00176,"Za'a Shiga Sabon Wahalar Mai, Kungiyar IPMAN Ta Umurci Mambobinta Su Rufe Dukkan Gidajen Mai A Najeriya",0,0,0,0,2,0
hausa_4_00177,Akpabio Ya Ce Albashin 'Yan Majalisar Dattawa Ba Ya Isarsu Wajen Biyan Bukatunsu,0,0,0,0,0,0
hausa_4_00178,Matashin makiyayi ya kashe yayan sa saboda Saniya,0,2,3,0,0,0
hausa_4_00179,"Da Ɗuminsa: Wasu Yan Bindiga Sun Sake Kai Hari Kaduna, Sun Hallaka Aƙalla Mutum 9",0,0,3,0,1,0
hausa_4_00180,Mummunan Hatsari Ya Laƙume Rayukan Akalla Mutum 10 a Babban Titi a Najeriya,0,0,3,0,2,0
hausa_4_00181,Babbar Magana: Gwamna ya fallasa sunayen mutum 19 a matsayin wadan da ake nema ruwa a jallo,0,0,0,0,0,2
hausa_4_00182,"Bayan Buhari ya gama mulki, APC za ta iya shan kashi a zaben da za ayi a 2023 inji Jigon Jam’iyya",0,0,0,0,1,0
hausa_4_00187,Zasu sa miki hawan jini kau😂😂😂,0,0,0,0,0,0
hausa_4_00189,Wadannan Kamata yayi I.G of police yasa aci UWAR Wadannan jakai 😠😠😠😠,3,0,0,0,0,0
hausa_4_00190,masu manufa mai kyau ba irin su oo ba iyayen baragada😨,1,0,0,0,0,0
hausa_4_00191,Ya dawo kaduna su hade da Su yi ta bankaura😂,0,0,0,0,0,0
hausa_4_00192,"Ya kamata auren na gida,ko baki ci kin sha ba xaki ga uwar ki a kan kari😂😂😂",0,0,0,0,0,0
hausa_4_00193,"Ina goyon bayan jaridar domin babu banbanci tsakanin mulkin Buhari da mulkin Soja wallahi, ta kowane fanni matsaloli ne, duba da irin yadda ake yiwa talakka mulkin mallaka, Babu wani Abu na cigaba ga talaka a Nigeria😭😭",2,0,3,0,0,0
hausa_4_00194,Tabar BBC da bashi 😃😃😃,0,0,0,0,0,0
hausa_4_00195,Kuji dan iska ana sacemu amma wae mawaka yake taya wa murna 😠,3,0,0,0,0,0
hausa_4_00197,Ya tafi da daloli kawai sai a canza sakamakon zaben😂😂,0,0,0,0,0,0
hausa_4_00198,"Wannan abin fa 🤔 Naga alamun dagaske ne, anma su kamfanonin layin da Kuma bakuna zasu Sha wahala",0,0,2,0,1,0
hausa_4_00199,Yau ranar kaza gobe ranar kaza yen yen yen..saimuga yazusuyi idan ranakun suka kare abubuwan yin basu kare ba🤣🤣🤣🤣,1,0,0,0,0,0
hausa_4_00200,Mahari ❌ Dan ta'adda ✔,0,0,0,0,0,0
hausa_4_00201,Tafi tafi mah xa’ace an sace shugaban kasar indae aka cigaba da haka 🤔,1,0,1,0,0,0
hausa_4_00202,Wllh kwamnatimu tachikasun banza🙄😏kaijamaa anbasu sunruki duk dahaka suna niman na bati,2,0,0,0,0,0
hausa_4_00203,Agaskiya baa kyautawa mutanen kano ba.😀😀amma bamusan asalin yanda abin yake ba,0,0,2,0,0,0
hausa_4_00204,Su karbe wayoyinsa su bashi vivo 😡😡😡😡,2,0,0,0,0,0
hausa_4_00205,Dan tana daya daga cikin wanda suka sa albasa yayi tsada?? 😂,0,0,0,0,0,0
hausa_4_00206,Kaji yanda bawan Allah Nan Ke Bayani Kai Kace An Nemi Shawararsa🤔🤔,1,0,0,0,0,0
hausa_4_00207,Yau ga Lalacewa Ni Ameenatu🙆🏻🙆🏻🤣🤣,0,0,1,0,0,0
hausa_4_00209,"Idan har wannan labarin haka yake toh zaman Zina zasu, A haifi Yayan zina kuma..Allah kada ka jarrabemu da Wayewa wadda zata fitine mu cikin addininmu🙏Wannan karshen jahilaci da lalacewa Kenan subhanallah.",1,2,1,0,0,0
hausa_4_00210,RS kina bura uba pah ki tayin sama! sama!! sama!!! bama hassada da yin Allah goooo 🏹🏹,0,0,0,2,0,0
hausa_4_00211,Zance ba a mana adalci dan abin yafara isar mu wlh mun gaji ga petrol sai hawa yake wlh bashi da imani baya tausayin talakawan arewa me yake mna nan yaxo yayi mna kuka😭 azabe amma ga abin da zai saka mana dashi nan,2,0,3,0,0,0
hausa_4_00212,Ihu bayan Hari kenan ku tafa masa👏👏,0,0,0,0,0,0
hausa_4_00213,Kuma dukansu sun dade suna neman mulki kafin suka samu ..... Toh ko amerika ma zasu chi uban su ke Nan kaman yanda Nigeria suke chi 😂,0,0,0,0,0,0
hausa_4_00215,Babu dan air kamar buhari fa a qasar nan. Kume kuke kallon sa haka 🏃🏃🏃🏃,2,0,0,0,0,0
hausa_4_00216,Aa bakuyi bahhh wlhh ko kadan❤️,1,0,0,0,0,0
hausa_4_00217,Tsula ya shiga tsilla tsilla🤭,0,0,0,0,0,0
hausa_4_00218,Kace wahala ta qaru😕,0,0,2,0,0,0
hausa_4_00220,Idan masu sulhun sun tashi suje da Dollars sulhun zaifi yiyuwa ko kuma su bawa gwaggo Dollars din sai ta umarce shi da yabar maganar🤣🤣🤣,0,0,0,0,0,0
hausa_4_00221,Idan wannan ya fadi ai tashi zai masa wuya... 😂,0,0,0,1,0,0
hausa_4_00222,Kullum ba abin daya damu al'umma akeba😏,1,0,1,0,0,0
hausa_4_00223,Wasu yan arewa kenan Jahilci ya mamaye zuqatanmu😭shiyasa nasara bata zuwa mana yakamata a rika girmama celebrities kodan daukakar da Allah yabasu amma mutane koda wasa basa girmamawa suna gani kamar gayan kowace kalan magana ga celerity wani burgewane #Arewaletsunite,2,0,0,0,0,0
hausa_4_00224,A tauna Tsakuwa domin Aya tayi nadama!👍🏿💪🏿👏,0,0,0,0,0,0
hausa_4_00225,"Waya tambeye ku? Giskiya Har yanzu baku waye ba wanan Na iya hadasa rikichi fa! This is not news this is rubbish, tell us who wrote this headlines the person needs to be sacked ✊ @user",3,0,0,0,0,0
hausa_4_00226,"Kai bbc hausa, Gaskiya banyarda ba, Indai na sahihul bukhari aka ruwaito ba bazan yarda ba 🤣🤣",1,0,0,0,0,0
hausa_4_00227,Nidae don Allah abar yan jamia su koma school tunda aka budi kasuwa ae aa iya budi school kasuwa baifi school mutane ba 😡😡 Allah ya isa tsaka nin mu dasu,3,0,0,0,0,0
hausa_4_00228,Makaryata masu aiki wa yahudawa yasin yafi mutum biyar suka kashe 🥺😭,3,0,0,0,0,0
hausa_4_00230,"A'a, ban yarda ba, Kuma bazan yarda ba, na rufe qofar yarda🚪",1,0,0,0,0,0
hausa_4_00231,Tsohuwa fa tace koh alwala fa bayayi😂😂 https://t.co/2lTJGwehp8,0,0,0,0,0,0
hausa_4_00232,Dan Allah jama a Banda cewa Allah maimaita mana Dan wanan 2020 badadi😔,0,0,2,0,0,0
hausa_4_00233,"GASKIYA BAKADA IMANI KOKADAN SAM BA ALLAH ARANKA TIR.... WANNAN XAQEWAR TAKA KAJE KAYIWA YAN KADUNA, KO ANGAYAMAKA KADUNA NIGERIA CE KOKUMA ABINDA KAFADA SHI XA'AI MAGANA MARA TUSHE KAWAI. 👌🚶🚶🚶🙃",3,0,0,0,0,0
hausa_4_00234,Daga baya kenan karya yake yayi yanzu de kwaskwarewa yakeson yayi.....😏,1,0,1,0,0,0
hausa_4_00236,Adaeyi mugani idan tusa zata hura wuta 🙄🙄,0,0,0,0,0,0
hausa_4_00237,Karancin sanin addine yakesa mutum yafadi haka. 🤔😏😏,1,0,1,0,0,0
hausa_4_00238,Bura uba shinkafa heist akai Kenan 😂😂,0,0,0,0,0,0
hausa_4_00240,Hanya ba kyau🙄,0,0,0,0,0,0
hausa_4_00241,Nabi mati dagudu 😎😎😎 kin damai mu mai katon baki,2,0,0,0,0,0
hausa_4_00242,Koma waye Kunkuru ne Yasin 😁,2,0,0,0,0,0
hausa_4_00243,"Babu abinda zasu koya musu daya wuce cin hanci da tashawa, wlh babu wata kwarewa a dansandan Nigeria 🇳🇬 da har zai horar da na wata kasa. Allah ya kyauta",1,0,2,0,0,0
hausa_4_00244,"Labaran da aka ce za,a raba mana kudade aka Sa mukai ta cin bashi sabida rashin Daraja😭😭",0,0,3,0,0,0
hausa_4_00246,"Hajiya Rahamatu wllh bantaba rashin bacci akan siyaba sai jiya abin yayi matukar matamin rai over, A mulkin mai gaskiya anyi wannan inaga na marassa gaskiya?🕺",3,0,0,0,0,0
hausa_4_00247,Wai d'an farka sai gumi ya ke a cikin alkyabba 😂,0,0,0,0,0,0
hausa_4_00248,Duk abun da zakuyi wlh duniyar gaba daya sai kunbarta bama mulkin kadai ba marasa kishi kawai komai baku kirkiraras sai idan wani sha'ani na addininku yazo azzaluman ban da akayi edi dai sai munyi muga aban da zai hana mu☹️☹️☹️☹️ boss mustapha kake ko wa😞,3,0,0,0,0,0
hausa_4_00249,BBC hausa nakasa yadda da wannan shirmen kodai kunhadu da sharrin yan kutsen na'ura me kwakwalwane Wannan ai xalan akuyanci ne ku sauke wannan post din cin xarapine ga mutanen najeriya💔🇳🇬🇳🇬🇳🇬😠😠😠😠,3,0,0,0,0,0
hausa_4_00250,ba kyau😂😂😂 Wai babu mamaki Gwamnan garin ku yaci taliyar karshe👍👍👍 https://t.co/0IytLMiY1X,0,0,0,0,0,0
hausa_4_00251,"Wato shi fa Baba Manjo kamar malamin makarantar allo ne, duk inda yaji anyi tsit, to nan zai tsulawa bulala😂😂😂",0,0,0,0,0,0
hausa_4_00252,To Ina ruwan mu 🌶️🌶️🌶️,1,0,0,0,0,0
hausa_4_00253,"Obasanjo ne matsalar kasar nan.. Da ya ga anfishi jama'a da ayyuka sai ya fara surutai.. Gaskiya, tsufar sa ya taba masa kwakwalwa, yaje yaga likita. Hassada Garai😏",2,0,0,0,0,0
hausa_4_00254,Haba da Allah wlhi duk kunbi kundame mu da wasu kare-karen maganganu haba👌,2,0,0,0,0,0
hausa_4_00255,Tau Allah yasa dai ba larabci akayi ba dn tsohonga ko ma ismuka bai sanni ba🙄🙄,0,0,0,0,0,0
hausa_4_00256,Toh shima yasan baya Kan gaskiyane ai🤷🏻‍♂️,0,0,0,0,0,0
hausa_4_00258,Qarshen rashin kunya kenan da rashin sanin darajar manya 🌚,3,0,0,0,0,0
hausa_4_00259,Karya kayi alade👀,2,0,0,0,0,0
hausa_4_00260,Allah Yasa Yadawo Shekanke in banda tsiya miyake tsinanawa Yan Nigeria🙄🙄🙄,3,0,0,0,0,0
hausa_4_00261,"Kai Anya Kuwa mutanen Nan ba guntuwar Cigarette 🚬 suke jefawa ba,? 🤔🤔",0,0,0,0,0,1
hausa_4_00262,a banza😂😂😂 VPN dey,0,0,0,0,0,0
hausa_4_00263,Metswww 🙄 ayar ce sai anyi wasa kwakwalwa da ita,2,0,0,0,0,0
hausa_4_00264,Allah ya tsinema gwamnatin mtsww 🚶🚶🚶,3,0,0,0,0,0
hausa_4_00265,Shugaban masu gaskiyar jahar kano gaba daya 😢😢😢😢😢 an dai ji kunya wlh ana tsufa ana kara fadawa 🔥🔥🔥🔥,1,1,1,0,0,0
hausa_4_00266,"Kanwa uwar gami. Kai BBC kunga fa kuna wuce ka'ida, ba kuda aiki sai kawo karin maganar da zai gama Baba da Mutanen Nigeria. Ai kune kanwar uwar gami 😏😏😏",2,0,0,0,0,0
hausa_4_00267,Haba suma wai komai sayarwa suke😅😅😅😅 abun seems sick wlh,1,1,0,0,0,0
hausa_4_00268,Ehhh gsky yakamata tunda yatsufa karyaje yayi crashing a sama ya mutu 😂,0,0,0,0,1,0
hausa_4_00270,Angulu take wanka 🤣🤣🤣,0,0,0,0,0,0
hausa_4_00271,Kawai a saka hukuncin kisa ga masu kidnapping domin wannan shine mafitar magance wannanatsalar ku taimaka wa talakkawa da dokar kisa akan masu kidnapping domin talakka kadai ne abin zaifi wahalarwa😭😭😭,2,0,2,0,0,0
hausa_4_00272,Hahahahahahahaha Wai sun fusata akan shafin Twitter.😂😂😂😂,0,0,0,2,0,0
hausa_4_00273,"Daman yana da farin jinine, wannan mara imanin ai daga ganin shi babarsa da bakin jini tayi naqudaersa😏",2,0,0,0,0,0
hausa_4_00274,Da akace bayaji 🤔,0,0,0,0,0,1
hausa_4_00275,Kefah da alama idan aka biye muki na data ma seyayiwa mutun wahala 😂😂nide nagaji da kallon matin ZAZZAU bazan qara kallaba seya shiga gombe 😅😅,0,0,0,0,0,0
hausa_4_00276,Kai amma de kazami ne Yyi amai kuma ya lashe 😒,0,2,0,0,0,0
hausa_4_00277,🤣🤣Wai hauka lallai akwae wawaye haryanxu taya nigeria zatataimaki wasu wajen harkan tsaro damadai rashawace nanmukafi karfi,1,0,1,0,0,0
hausa_4_00279,Gaskiya mun gaji da wanna mulki na buhari 😹😹,1,0,1,0,0,0
hausa_4_00280,pls a sassautawa malam Kamaye mana dukan yayi masa yawa😂,0,0,2,0,0,0
hausa_4_00281,Kai Jama’a gwamnan namu😂😅 wai suma sai da suka wanki gara,0,0,0,1,0,1
hausa_4_00282,Za'a ci kwakwa 🤔🤔🤔,0,0,0,0,1,0
hausa_4_00283,Yarda ya harbe babansa babu abinda zai faru yayima girman Allah ya harbe Manjo kowama ya huta🚶‍♂️🚶‍♂️,2,0,0,0,0,0
hausa_4_00284,😂😂😂 Prostration Ne Yake Damunsa Kawai,0,0,1,0,0,0
hausa_4_00285,Mudai a yankin arewacin najeriya illar da cutar cizon sauro take mana yafi Na corona virus 🦠,0,0,2,0,0,0
hausa_4_00286,Toh rahama anchi uwar su messi din 😂😂😂,1,0,0,0,0,0
hausa_4_00287,Danda nafara shirin yin protest 😂😂,0,0,0,0,0,0
hausa_4_00288,"Dama Ai Kai Burinka kenan Baba, Ta Gambu Yace """""""""""""""""""""""""""""""" Babu Abinci, Babu Mai Ko Sisi, Kaga Kowa Yayi Yankwat!!!"""""""""""""""""""""""""""""""" 😂 😂",1,0,0,0,0,0
hausa_4_00289,What a way to start the tenure 😀😁. Mutanen bauchi kuna cikin hatsari,0,0,0,0,2,0
hausa_4_00290,😃😄 janar buhari mugun tsoho,2,0,0,0,0,0
hausa_4_00291,Yawwa damn ina neman ki fatara mai tada tsohon bashi yau sai kin biyani 50# dana taba a ra miki tun kapin ki zama cele😎😎🏃,0,0,0,0,0,0
hausa_4_00292,Ashe kuwa akwai wahala ga wasu mutanen. 😔,1,0,2,0,0,0
hausa_4_00293,Nifa anawa tunanin yawan barnannan da akeyi wlh da sakacin wasu iyayenma 😞😞,0,0,2,0,0,0
hausa_4_00295,Mutanen 9ja iyayen maula most especially Mutanenmu📵📵📵📵📵,1,0,1,0,0,0
hausa_4_00296,Ashe ma Ba kyawawa a Gana 😂😂😂duk su ado gwanja ne,0,0,0,0,0,0
hausa_4_00297,Allah yayi dare gari ya waye. Wuyarta ace jirgi na tashi. Ko na leda ne sai ya hau🤣 https://t.co/iHa8zrv4tQ,0,0,0,0,0,0
hausa_4_00298,Gaskiya bamuji dadin cire bosho ba wllh. 😔,0,0,3,0,0,0
hausa_4_00299,"🤣🤣🤣🤣🤣😂😂😂🤣🤣🤣🤣 Waton ko ana ruwan kudi sai sun chi bashi dai. Toh kowa ya kwana lafiya - """"""""""""""""""""""""""""""""Shi yaso""""""""""""""""""""""""""""""""",0,0,0,1,0,0
hausa_4_00300,Tabb wai abacha kadai ne yayi sata 😂,0,0,0,0,0,0
hausa_4_00301,Ni na dauka ma ni kadai ne haka takr faruwa dani Ashe muna da yawa to am just silent🤔,0,0,1,0,0,1
hausa_4_00302,Aunty yanzukam sai a kuma Facebook koh tunda twitter was band😂 @user,0,0,0,0,0,0
hausa_4_00305,Suma sunsan ba'ayimusu adalci Kamar lokacin M.Gaddafi😥,0,0,2,0,0,0
hausa_4_00306,Gsky mungaji da mulkin tsohonnan wllhy 😠,2,0,0,0,0,0
hausa_4_00307,Dama shi Wanan shugaban yayi magana yace Idan yaci zabe zai kori baki gaba daya acikin kasar shi 🤔🤔🤔,0,0,1,0,0,0
hausa_4_00308,A fito da su ina? Wai halin da muke ciki bai ishe mu? Sai mun kara jajubo wasu bala'in? A barsu kawai😕😕😕,2,0,0,0,0,0
hausa_4_00309,Toh qarya akai muku?🤔,1,0,0,0,0,0
hausa_4_00310,Ran wa aka faranta mu da muke struggling a cikin rana da buda baki da kunu da qosai ae sai dai hamdallah🥺🥺,0,0,2,0,0,0
hausa_4_00311,Zai dade yana Allah wadai😂😂😂,1,0,0,0,0,0
hausa_4_00312,Kan uwa! Wani course?😂,0,0,0,0,0,1
hausa_4_00313,Bako daya 👌 kawae yakamata a duba iyaye da suke barin kananan yara suna futa babu kaya jikinsu like saikiga yar karamar yarinya da wando jikinta Amman babu riga toh hakan shi yake jawo komae! Toh a haka zata taso batasan illar baiyyana tsaraiciba,0,1,1,0,0,0
hausa_4_00314,Turawan Yamma suna aiki tukurru😢🤔😩 Allah kyauta,0,0,2,0,0,0
hausa_4_00315,", haba Mai girma shugaban kasa, ko a jiya da daddare boma bomai sun fashe fiye da 8 a anan Maiduguri, har mutane na dar dar din fita zuwa tahajjud. 🙄",1,0,1,0,1,0
hausa_4_00317,Ke abida baki yi wanke wanke kika fito😂😂😂,0,0,0,0,0,0
hausa_4_00318,Mallam Nasiru yaja ma Ramatu 😂 https://t.co/xtxHwwAnmk,0,0,0,0,0,0
hausa_4_00320,wae nikam ya ake gane miji nagari ne Ni nabi kudi banga dai dai bah Ke da kika ni soyayyan kina ta kuka Hahahah 💕💔 Wato. Ko bana gajiya da kallon film dinnan yaseen,0,0,0,2,0,0
hausa_4_00321,"😂😂😂9ja🇳🇬 Ba'abiyaka dai kamutu balantana anbiya ka, nidama zasu a mince da zanyimusu uku 100k Harda discount Saina basu",0,0,0,0,0,0
hausa_4_00322,So suka na fadi gasu yan adawa🤗♬♪♫,0,0,0,0,0,0
hausa_4_00323,Kai😮 tsula ya tsulo ta,0,0,0,0,0,0
hausa_4_00324,"Anyi """"""""""""""""""""""""""""""""watsi"""""""""""""""""""""""""""""""" da al'adu 😂😂😂😂",0,0,0,0,0,0
hausa_4_00325,Ku ma baku yadda ba kenan? 😊,0,0,0,0,0,0
hausa_4_00328,Ra a yina shine Allah yaraka taki gona🕺🕺🕺😂😂,1,0,0,0,0,0
hausa_4_00329,Ashe Firmino Dan iska ne shi ma 🤣🤣,0,0,0,0,0,1
hausa_4_00330,Saboda kawai Shugaban ƙasa yaje Kano ya gaisa da sarkin Kanon da ya sani Muhammadu Sanusi ll sun ɗan tattauna shine zai ce wai wasu ƙungiyoyi a Kano sun nemi ya tsige Sarkin Kano a irin sanarwar da ya saba ta tsakar dare to muna jira 😎😎😎,1,0,0,0,0,0
hausa_4_00331,😂🤣😄saura na kare da jaki🙄,0,0,0,0,0,0
hausa_4_00333,"Lol uhmm, ama ba a irin wurinki baaa,😉😉😉",0,0,0,0,0,0
hausa_4_00334,India fah en iska ne😂😂😂,0,0,1,0,0,0
hausa_4_00335,Wato Wannan yana nufin Al’umma su san chewa de Najeriya bazata bunkasa ba a wa’adin mulkin Buhari ba saboda mu cere rai kenan 🧐🧐🧐,0,0,2,0,0,0
hausa_4_00336,A gaskia ba'a mana Adalci! Talaka kam shine a wahale😢,0,0,3,0,0,0
hausa_4_00337,Lazy youth su samu wajan Shan iska mana 🤣😂🤣,0,0,0,1,0,0
hausa_4_00338,🤣🤣 Allah karabamu da jahillan shugabanni.,1,0,1,0,0,0
hausa_4_00339,Da A China Ne Da Tuni Mai Kaddamar Da Wannan Doka Ya Dade Lahira. 😭😭😭,0,0,2,0,0,0
hausa_4_00340,Kadan daga cikin aikin wannan Jaaaaaaaaaa😂😂,1,0,0,0,0,0
hausa_4_00341,Muda ba mayu ba 😂😂😂,0,0,0,0,0,0
hausa_4_00342,Gaskiya trump ya dami mutane a twitter😀,0,0,0,0,0,0
hausa_4_00343,🤣🤣🤣 wanga mutum da son mulkin tsiya shi kuma mulki yayi tutsu,0,0,0,0,0,0
hausa_4_00345,Kunzo zaku damemu da maganan kudin abacha Bayan ko sisi bazaku samu ba aciki May be maganar. Nan da akeyi Angama kasafin kudin 💩💩,2,0,0,0,0,0
hausa_4_00348,Tauraruwa mai wutsiya....jin ki da Ganin ki ba alheri ba 😂,0,0,0,0,0,0
hausa_4_00349,In bai karba ba yasan sauran aii😂😂,0,0,0,0,0,0
hausa_4_00351,Toh wlhy karsu sake subayar wa dan Nigeria domin kuwa wake daya 1 shiyake bata ruwa💧,0,0,0,0,0,0
hausa_4_00352,Hhhhhhhhhhh ji banxa wlh mutane sun mayar da ke karya 🐶 sai haushi kk yi a media 😂😂,1,0,0,1,0,0
hausa_4_00353,"Ganduje yanzu lashe hannu yake, ya gaalma chin tashi taliyar.. 😂",0,0,0,1,0,0
hausa_4_00354,Wannan shine 'daddawa gayawa manda baki.'😁,0,0,0,0,0,0
hausa_4_00356,"A zauna a gida a wanke hannu, idan an kuma jin yunwa a sake wanke hannu. 😂",0,0,0,1,0,0
hausa_4_00357,Suma masu wayoyin sun fadi war-was ai🤣,0,0,1,1,0,0
hausa_4_00358,"Malam yasha giyan tsamiya tana nunamai hauka,😂",0,0,1,0,0,0
hausa_4_00359,Duniya kenan kayi karya a baka $2000😂😂😂 Dix world komai ma ka gani.,0,0,0,0,0,2
hausa_4_00360,end this show kafin alura ya tono galma 😂😂😂😂 wait I’m having a good time sha 😂 amma dai nasan ankusa ayi abun kunya,0,0,0,2,0,0
hausa_4_00361,Akawo Langeriya Ya yadda ake fesha Rashin kunya Yaga takararrun Yan iska 🤪,1,0,0,0,0,0
hausa_4_00362,Hehehe shegiya da Kai Kamar dandali..If u know u know kawai😂😂😂😂😂,0,1,0,0,0,0
hausa_4_00363,😂😂😂😂na dauka ma maganin mutuwa suka samo,0,0,0,0,0,0
hausa_4_00364,Halan suna zuwa da Sabin qafafu ne da Zan saye gwanjon takalmin da tsada Haka🙄,1,0,0,0,0,0
hausa_4_00365,Kakawo mana video inkunaso muyadda da kuma hotunan gawar 😁domin wanan shine Karo kusan na 33 da ake cewa shekau Ya mutu alhalin yana raye,1,0,0,0,0,0
hausa_4_00366,Dole uwar naqi 😂😂😂🤣. Amuruka ta sha wahala,0,0,0,1,0,0
hausa_4_00367,Lallai akwai kura😂,0,0,0,0,0,0
hausa_4_00368,Sorry babe buhari a karbo idan Basu isa ba ma akara karbowa kowa ya mutu🤸🤸🤸🤸🤸,2,0,0,0,0,0
hausa_4_00369,Ni Yasin kowa sai an mai dinnan taban daria over😂 dagaji kasan dan iskane kawai ya rubuta😂,0,0,0,2,0,0
hausa_4_00370,Akwai 'yan ta'adda a cikinta👍👍,0,0,0,0,1,0
hausa_4_00371,Sun gano duk karya ce 😂😂😂,0,0,0,0,0,0
hausa_4_00372,Kutumelesi...Wai dama ba ita aka fara ba?🤥,0,0,0,0,0,2
hausa_4_00373,Yana zaman gida 😂😂😂😂😂😂😂 dole,0,0,0,0,0,0
hausa_4_00374,Hahahaha Nigeria 🇳🇬 duk shekarun da aka dauka Ana saida man fetur babu wani tsari wanda za a dinga tara kudi sai dai yan iska suyita sace kudin.,2,0,1,0,0,0
hausa_4_00375,Kai! Kar zuciyar yawale ta buga fa naji ana maganar wai ya siyar da jiragen ✈️ fadarsa 😁,0,0,0,0,1,0
hausa_4_00376,"Wasan yara kenan, sun gama cin kwallayensu na Q/F 😂",0,0,0,0,0,0
hausa_4_00377,"Wadannan mutanen idan ka basu bindiga toh tabbas karshen najeriya yazo, domin sai sunfi SARS da jami'an customs yin amfani da alburushi akan gejin iska kadai su aika mutum lahira🙏",0,0,0,0,2,0
hausa_4_00378,Ga manyan Yan ta'ada can da Yan bindiga suna holewa abanza Sai wadanda suke kokarin neman yancin kansu😭😭😭,2,0,2,0,0,0
hausa_4_00379,Kannywood for atiku how market nah🤣😂,0,0,0,1,0,0
hausa_4_00380,Ji wannan tsowon dallah🤔,2,0,0,0,0,0
hausa_4_00381,In Corona bata kashemu ba ƙaiƙayin jiki kau ya kashemu....🤓🥴🙄🤣🤪,1,0,1,0,0,0
hausa_4_00382,"Imagine 12 years girl raped by 12 persons over 2month, ayam sorry to asked, like how kidnapping dinta sukayi suka daureta daki over 2month kokuwa. Plz dan Allah inason qarin haske.💔😭",0,0,1,0,0,1
hausa_4_00383,Yar Bala I sai kkace gindin akuya ne da ita 😏😏,2,2,0,0,0,0
hausa_4_00384,Tirqashi! Ance Mu Nisanci Gumaka Keh Kuma Kusantarsu Ma Kike🤮🤢,0,2,0,0,0,0
hausa_4_00385,Massadah sai dai ku mutu Ramatun mu tayi gaba tabarku da gaba.🤣,1,0,0,1,0,0
hausa_4_00386,"Kutt, babbar magana dan sanda yaga gawar soja🤐",0,0,0,0,0,2
hausa_4_00387,Toh😎😎😎😎😎 kema ure one of them kenan 😄😄😄😄😄😄munji dadi ancire yan iska babu dadi kuma kuji abinda mukaji..last year barca...,0,0,0,2,0,0
hausa_4_00388,Kutumar uba yana gudun dare yayi yagano laipinsa😂😂😂,0,0,0,0,0,0
hausa_4_00389,Shi dama wai baida mata? Lallai anyi zabgegen banza🤣,1,0,0,0,0,2
hausa_4_00390,Daama can wannan bashi da seti 😂,0,0,0,0,0,0
hausa_4_00391,Wayyo Allah cikina 🤣🤣🤣,0,0,0,1,0,0
hausa_4_00392,Wato kasar nan yanzu babu Wanda zaka yadda dashi..Dga yan siyasar har malaman sun zama yan amshin shata..Su Niger tunda ba saudiyya suke yiwa ibadah gashi zasu sallah din su.dga gobe idan sunso suce mu kara wani ma😳,1,0,2,0,0,0
hausa_4_00393,Lallai akwai chakwakiya🤣🤣🤣,0,0,0,1,0,0
hausa_4_00395,Duk wani Abu na rashin kan gado a kano ake farawa🤓🤓🤓😒 meye abaya day kuma,2,1,0,0,0,0
hausa_4_00396,kun zama yan iska 😂,1,0,1,0,0,0
hausa_4_00397,Su kam ai basu ki kowa ya mutu ba saboda su samu kudin shiga😁,0,0,2,0,0,0
hausa_4_00398,Wannan wace irin musiba muke fama da ita 🥺,0,0,2,0,1,0
hausa_4_00399,Hanta virus Kuma 🙄 saura zuciya virus har an Fara kirkirar wata cuta Kuma aji tsoran Allah a dinga fadar gaskiya da Kuma yada alkairi,2,0,0,0,0,0
hausa_4_00401,"Bura uba za,ayo wayoyi mashayan wiwi kenan 😂😂",0,0,0,0,0,0
hausa_4_00402,Heheheheheeh 🤣🤣🙈 Akwai tsoro dae,0,0,0,2,0,0
hausa_4_00403,Wannan cuta akwai rashin kunya dai😂😂 @user,0,0,0,0,0,0
hausa_4_00404,Sae Mae Dan wahala🙄 ko ba komae kunena zae huta da jin sunan BUHARI🥰,2,0,0,0,0,0
hausa_4_00405,Haba Adamu dan Allah da girman ka geme geme da kai amma kake karya 🙄 gaskia baka da ta ido wlh 😩😩,0,0,2,0,0,0
hausa_4_00406,Kana kiran kanka malami kana Qarya. SubhanAllah 🙄,1,1,2,0,0,0
hausa_4_00407,Dan wahala ai sai yayi ta rufewa da bakin shi kamar tsohuwa nashan lemon 🍋,2,0,0,0,0,0
hausa_4_00408,Kikace kin daina Sa dan kwali😁😁,0,0,0,0,0,1
hausa_4_00409,Dga baya Kenn bayan psg kk yi 😅😅 no need for ur congrats maam mun gode 🙏 @user,0,0,0,0,0,0
hausa_4_00410,Banda dan iska ne kai ayi shekara 10 ana yimaka fyade sai yanzu zaka fada ka gama shan dadinka 😂😂😂😂🔥🔥,2,0,0,0,0,0
hausa_4_00411,Sun iya rufe wajen ibada amma basu rufe kasuwanni da ma'aikatun gwamnati ba 😒😒😒,2,0,1,0,0,0
hausa_4_00412,BBC kenen Wai aka yaudari zaki🤔🤔🤔,0,0,0,0,0,0
hausa_4_00413,Ai soyayyarka motar haya ce kowa akwai dede inda ze sauka👌,0,0,0,0,0,0
hausa_4_00414,Ya ball din ba iska 🤣🤣🤣,0,0,0,0,0,0
hausa_4_00415,Hay yafara kiba kuwa dan kwal ubah 😂,1,0,0,0,0,0
hausa_4_00416,Abun da kamar wuya wai gurgurwa da aure nisa😃,0,0,0,0,0,0
hausa_4_00417,Mutum tsofai tsofai dashi Amma ya iya sharara Qarya 🤔🤔🤔,1,0,2,0,0,0
hausa_4_00418,🤦‍♂️🤦‍♂️🤦‍♂️🤦‍♂️ mu ina ruwanmu,1,0,0,0,0,0
hausa_4_00419,Mutun nazuwa nan zasu cinyemasa uwaaa wly tabb 🤣🏃‍♂️?,0,0,0,0,0,0
hausa_4_00420,Makale😂😂😂😂 iskace tayi chan dasu Hala?,0,0,0,0,0,0
hausa_4_00421,Naira #50 anya ba dan wiwi Ke tweet din nn ba 😂💔,1,0,0,0,0,1
hausa_4_00422,"Babban Director kenan, nifa ka fara bani tsoro karfa kasa a sace yaran Nan a kwakule masu ido.....🤣🤣",0,0,0,0,2,0
hausa_4_00423,Hhhhh nidai dadi naji dama duk su mutu😁😁,0,0,0,2,0,0
hausa_4_00424,Lala Lala lalalalala ina turai yaradua?ina patience Jonathan? Kai ina Maryamu abatcha? Harda Maryamu Ibb? (Rip) duk sun kama hanyar gidajen su na gado. ........ kema nan da 2/1/2yrs zamu baki visa sai daura😂😂😂😂.,1,0,0,1,0,0
hausa_4_00425,Kaii wlhy qarya kuke 😂 masu cin dadi sunfi kowa yawan jima’i,0,0,0,0,0,0
hausa_4_00426,Nih kam man utd nake goyon bayan suci wannan gasar sannan kokunki koh kunso su zasuci kofi dakune yan city😉,0,0,0,1,0,0
hausa_4_00427,"Dan sanda abokin kowa, Dan sanda yi ba'a saka bah, tururuwa uwar jido, bah fada daku bah taran dangi😎",0,0,0,0,0,0
hausa_4_00428,"Tunda akasaki bidion da akayiwa yaron nan dan boko haram muka fahinci nageri babu tsaro saboda wallahi da Jami,an wata kasace suka samu wannan yaron bawan da yanzu ankare da matsalar yan iskan Mu kawai allah muke roko yabamu kariya da tsari don kuddi sunrufema kowa ido 😭",0,0,3,0,0,0
hausa_4_00429,😄😂 wallayi mutane yan iska ne ko mi suka samu,1,0,0,0,0,0
hausa_4_00430,"Haha 😁😁😋 Nigeria is a joke.. So,mun mata da Allah mahallaci mun koma rokon halittas sa.... Wallahi har naji kunya, Allah wadaran naka ya lalace",1,1,0,0,0,0
hausa_4_00431,naki yaji tsoro 😂😂😂,0,0,0,0,0,0
hausa_4_00432,"Hehehe.. Abun rabo ne """"""""""""""""""""""""""""""""auran mace da ciki"""""""""""""""""""""""""""""""" 😂",0,0,0,1,0,0
hausa_4_00433,"Kauye garin su kare, kare yace a'a garinsu yaya jaki ne, yaya jaki yace kaya na kawo ina saukewa zan koma 😂😂😂",0,0,0,0,0,0
hausa_4_00434,Allura da take tsotse jini Waye xai bayar da kansa a kashe masa rayuwa a kan dubu 40 👌,0,0,0,0,2,0
hausa_4_00435,Allah yasa dai kar a maimaita mana 2009 Zamanin Marigayi Umaru Musa🤦,0,0,0,0,1,0
hausa_4_00436,"Sabida miye zaa kamata Mai tayi 😏 ga kidnappers da ya iskan gari da masu sata baza a kama su ba Sai ita ,ita fa laifin ta kawai shene anyi amfani da pictures dinta anyi batanci ..",2,0,2,0,0,0
hausa_4_00437,Wai Baba Buhari kodai so yake yan bindigar Mali su harbe wannan bawan Allah nan ne?😂,0,0,0,0,0,0
hausa_4_00438,"Ni ai na ma kasa cin abinci sabida na sha wahala yau, ana kiran sallah na sha ruwa yakai lita 2😂",0,0,1,0,0,0
hausa_4_00439,ko ya mutu Sai an daureshi😂,1,0,0,0,0,0
hausa_4_00440,Kai Ɗan najeriya yana ganin rayuwa.. very soon zasuce mu fara biyan haraji akan shan iskar da muke.😂💔,0,0,2,0,0,0
hausa_4_00442,Toh fah!!! 🤔🤔🤔 wannan wane irin hauka ne kuma? Gaskiya yakamata a tabbatar an dauki mataki a kansa,2,0,0,0,0,1
hausa_4_00443,"Maji ma gani, Wai an bisne tsohuwa da rai jam'iyya daya kuke, wanna matsalarku ce daku da tsoho na daura kunci taliyar karshe 🤷🤷🤷",2,0,0,0,0,0
hausa_4_00444,🤣🤣🤣 wato wanda beji bari ba zeji oho,0,0,0,0,0,0
hausa_4_00445,Karya ne yanzu haka muna da wuta😁,1,0,0,0,0,0
hausa_4_00446,Zakuci naman baba lale ko 😂,0,0,0,0,0,0
hausa_4_00447,"Wannan wasan yarane ace yan'nigeria zasuyi rigister a sati biyu,kasar da take da mutum samada 200m 🤔🤔😎",1,0,1,0,0,0
hausa_4_00448,Wen it's rain ☔️ don't think of weather for two think of shinkafa da kaza harda pepsi 😂😂🤣😂yafi shiga,0,0,0,1,0,0
hausa_4_00449,Intenet a masallachi😭😭😭 wani salo ne na karkatar da masu ibada zuwa wani abu daban Amma a raayina Bai da mahimmanchi,0,0,1,0,0,0
hausa_4_00450,"Abun dariya, daman ana sulhu da barayi ne😲🤔 ikon Allah",0,0,0,0,0,2
hausa_4_00451,Auren Sirri? kuna nufin Auren mutu'a kenan 😳,0,0,0,0,0,1
hausa_4_00452,"Jibi-jibin nan zaku dawo kuce sun warke, meye acikine wai. 👌",0,0,0,0,0,0
hausa_4_00453,To ai ba laifi bane domin Duk wanda ya kona rumbun shi yasan inda toka take tsada 😏,0,0,0,0,0,0
hausa_4_00454,Tun da ta fitarda Mai wuta saura Mai zafii🤣🤣,0,0,0,0,0,0
hausa_4_00455,"Hahaha 🤣🤣, toh yanzu da gano Wannan tsuntsun mata-maza yanzu hakan na nufin wannan tsuntsun baza a watsa Mai gishiri da Magi ba Kenan",0,0,0,1,0,0
hausa_4_00456,Yaci guba dai 🤣🤣🤣,0,0,0,0,0,0
hausa_4_00457,Ko ajikina amma du dahaka danmaliyo maliyo kafa uku uku. 🙉🙉😱 Legend,0,0,0,0,0,0
hausa_4_00458,Hikenan ma haihuwa da hanji! Karshen Riga kafi kenan ko WHO iyakaci🤣🤣😁😁 NAIJA😎,0,0,0,0,0,0
hausa_4_00459,Mai twitin rahoto da alamu kai dan Madrid ne damuwan ka Messi yatafi dan kuja iska hahaha ba'inda zashi toh.. zaku cigaba da karban sabga😂😂,0,0,0,1,0,0
hausa_4_00460,@user: 🔴 DA DUMI DUMI - An kame tsohon Firaministan Malaysia,0,0,0,0,0,0
hausa_4_00461,Wayyyo😲😲Allah Dan Allah kufada mana a wani qasar Kuma wace jahar sbd tsaro Don wlh Kar yawon sallah yakai mutum wajen😩😩😩,0,0,0,0,2,0
hausa_4_00462,To fa amarya ta bada umarnin kama uwar gida to taya hakan zai faru 🙄🙄🙄🙄🙄,0,0,0,0,0,2
hausa_4_00463,Ba ance ya mutu ba 🙄,0,0,0,0,0,1
hausa_4_00464,Trump dai yazama Kada🐊,0,0,0,0,0,0
hausa_4_00465,Wandoki ya yage a gwuiwa😂😂😂😂,0,0,0,0,0,0
hausa_4_00466,A satin daya gabata...ana bada tarihin shekaru ashirin da suka wuce sai ga nambar wayar kamfanin etisalat ya bayyana a jikin motar da Rabi'u suka tsaya...😆😭🏃🏃🏃 https://t.co/aiWTHVsze3,0,0,0,0,0,0
hausa_4_00467,Allah kayima duk kan wani tsanani 🤲,1,0,0,0,0,0
hausa_4_00468,"Shawarata ga baba shine Dan Allah a duba talakan Nigeria musamman 'yan arewa wallahi ana cikin mawuyacin hali, yanzu sai kaga magidanci ya koma almajiri sbd kawai bashi da abin yi km ga iyali,yara kanana suna bin gidaje suna barar abin da zasu saka a bakinsu😭😭😭😭",0,0,3,0,0,0
hausa_4_00469,"😭😭ubangiji Allah duk mai hannu a cikin wannan aika aika kasanshi kuma ba qarfinka yafi ba Allah ka hanamasa jin dadi duniya da lahira,Allah qa tozarta rayuwarshi tun kafin ya bar duniya",2,0,2,0,0,0
hausa_4_00470,"Allah yasawake amin yanzuo da,mutane ake kasuonwace Allah yataimaka☝☝☝💪😂",0,0,2,0,0,0
hausa_4_00471,kai masu madafin iko kuji tsoran allah wlh,1,0,0,0,0,0
hausa_4_00472,kai hotonnan ya ban tausayi ana talauci allah ya ciyar damu,0,0,3,0,0,0
hausa_4_00473,tabb wlh guntule musu kai zasuyi,0,0,0,0,2,0
hausa_4_00474,subhanailla innalillahi waina ilaihim rajiu wannan ai ba abubane mai kyau wllh ni dai a matsayina na shiga ace an samu irin wannan abun kunya wllh,0,1,2,0,0,0
hausa_4_00475,the way audience cheered when they heard the gandujes allegation question ganduje ya cuci kanawa wlh‍️‍️,2,0,2,0,0,0
hausa_4_00476,ta kusa fashe wa allah kasa kar ta fashe da balai,0,0,0,0,2,0
hausa_4_00477,nifa da gani nake kamar karya ne da akace mutane dayawa a africa suna da ciwon kwakwalwa amma bayan turama mawakan nan kudi toh yanzu fa na yarda masu ciwon kwakwalwan ma sunfi yawa a nijeriya,0,0,2,0,0,0
hausa_4_00478,washh kashh muna ruwa ko kuma kusa da bakin kada,0,0,2,0,1,0
hausa_4_00479,Cigaba: Mota mai tashi ta kammala shawagin gwaji na minti 35,0,0,0,0,0,0
hausa_4_00480,Yanzu-Yanzu: Allah ya yi wa direban Buhari rasuwa a asibitin Aso Rock,0,0,3,0,0,0
hausa_4_00481,Hadiza El-Rufai na son mace ta gaji Sarkin Zazzau Shehu Idris,0,0,0,0,0,0
hausa_4_00482,"Atiku: Domin ceton kanmu, dole ne mu taimakawa gwamnatin Buhari",0,0,0,0,0,0
hausa_4_00483,Kana taka Allah na tashi: Ango ya mutu kwanaki kadan bayan ya auri kyakkyawar amaryar shi,0,0,3,0,0,0
hausa_4_00484,Dandalin Kannywood: Muhimmiyar wasiyyata ga masu son koyi da ni a duniya - Nafisa Abdullahi,0,0,0,0,0,0
hausa_4_00485,Kaduna: Alƙalin kotun shari'a ya ƙwace wa Ibrahim awarwaron da buduwarsa ta bashi don soyayya,0,0,0,0,0,0
hausa_4_00486,A kaina kawai dokokin Afakallah ke aiki - Adam Zango,1,0,1,0,0,0
hausa_4_00487,Da dumi-dumi: Allah yayi wa mahaifin Janar Buratai rasuwa,0,0,3,0,0,0
hausa_4_00488,"Ban damu da tazarce ba, ko wa'adin nan na karasa Alhamdulillah, amma ba zan yi shiru ba - Zulum",0,0,0,0,0,0
hausa_4_00489,"Alheri danko: Wata kungiyar musulunci ta kawo alheri Kaduna, ta yi aikin jinyar ido kyauta",0,0,0,2,0,0
hausa_4_00490,Wani ya bayyana yadda ya kama kaninsa da matar fasto,0,2,1,0,0,0
hausa_4_00491,Inna lillahi wa inna ilaihi raji’un: Wannan Amarya ta rasu a daren ranan aurenta,0,0,3,0,0,0
hausa_4_00492,Auren Sayyada Sadiya Haruna Da G-Fresh Al-Ameen Bai Mutu Ba,0,0,0,0,0,0
hausa_4_00493,"Mijina ya yi min ƙaryar nice matarsa ta biyu, alhalin nice ta shida - Mata ta shaidawa kotu",1,0,1,0,0,1
hausa_4_00494,Alheri danko: Daliban Kwankwaso da su ka yi aure sun sanyawa diyar su sunan matar sa,0,0,0,2,0,0
hausa_4_00495,"Innalillahi: Fitacciyar Jarumar Fina-finai Ta Tsallake Rijiya Ta Baya, Ta Yi Godiya Ga Allah",0,0,0,2,1,0
hausa_4_00496,Zan goyi bayan duk wani yunkuri da zai inganta tsaro – Shugaba Buhari ya yi alkawari,0,0,0,0,0,0
hausa_4_00497,Khadimul Islam: Kasar Saudiyya ta karrama gwamna Ganduje (Hotuna),0,0,0,2,0,0
hausa_4_00498,Yanzu Yanzu: Allah Ya Yiwa Hadimin Gwamnan Nasarawa Rasuwa,0,0,3,0,0,0
hausa_4_00499,"Umar Farouk ya jinjinawa Buratai, Dakarun Sojoji, ya bada shawara kan sha'anin tsaro",0,0,0,1,0,0
hausa_4_00500,Duk budurwar da ta rasa mijin aure ta zo zan samo mata - Mustapha Soron Dinki,0,0,0,0,0,0
hausa_4_00501,Yadda 'yan kungiyar asiri suka makantar da ni saboda na ki shiga kungiyarsu - Matashi,0,0,3,0,0,0
hausa_4_00502,"Alkawari ya cika, an daura auren Hanan Buhari da Turad Sha'aban (Hotuna)",0,0,0,2,0,0
hausa_4_00503,Dele Momodu: Allah ne ya tanade ni na gaji Buhari a zaben 2023,0,0,0,0,0,0
hausa_4_00504,COVID-19: Boss Mustapha ya sanar da inda aka kwana a yaki da annobar,0,0,0,0,0,0
hausa_4_00505,Innalillahi Wa'inna Illahi Raji'un: Allah Ya Yi Wa Jarumar Kannywood Hannatu Umar Rasuwa,0,0,3,0,0,0
hausa_4_00506,"Tikitin Musulmi-Musulmi: Kiristoci na da kariya saboda matar Tinubu fasto ce, inji Orji Kalu",0,0,0,1,0,0
hausa_4_00507,Ali Sarkin Mota: Allah ya yi wa direban Sardauna rasuwa,0,0,3,0,0,0
hausa_4_00508,"Kiranye: Dino Melaye ya mayar da martani daga gadon asibiti, ya yi godiya",0,0,0,1,0,0
hausa_4_00509,Yar aljanna: Matar aure ta kwarara wa mijinta addu'o'i bayan ya yi wuf da dalleliyar amarya,0,0,0,1,0,0
hausa_4_00510,Alheri kan alheri: Ma’aurata ’yan Najeriya sun samu ’yan biyu shekara 21 suna jiran haihuwa,0,0,0,3,0,1
hausa_4_00511,Alkawarin Allah ya cika: Aure ya dauru tsakanin Furodusa Maishadda da jaruma Hassana,0,0,0,2,0,0
hausa_4_00512,Yanzu-yanzu: Allah ya yi wa tsohon kakakin majalisar jihar Jigawa rasuwa,0,0,3,0,0,0
hausa_4_00513,"Da duminsa: Minista Sadiya ta auri babban hafsan mayakan Sojin sama, Sadiq Baba",0,0,0,2,0,0
hausa_4_00514,"Da duminsa: Allah Yayi wa Jigon APC kuma 'Dan Takarar Kujerar Sanata, Rasuwa",0,0,3,0,0,0
hausa_4_00515,"Don Allah, don soyayyar ma'aiki Sallallahu Alaihi Wa Sallam mu taimaka kan wannan yarinya",0,0,2,0,0,0
hausa_4_00516,Inalillahi wa'inna'ilaihi Raj'iun : Allah ya yi wa mai martaba sarkin Katagum Rasuwa a ranar Asabar,0,0,3,0,0,0
hausa_4_00517,Najeriya ta na cikin karancin na’ura a tsakiyar annobar COVID-19,0,0,1,0,2,0
hausa_4_00518,Allah Ya Yi Wa Tsohon Shugaban Jam'iyyar PDP Na Ƙasa Rasuwa A Canada,0,0,3,0,0,0
hausa_4_00519,Ka zo mu baka nasara a zaben 2019 - Guru Maharaji ya fadawab Buhari,0,0,0,0,0,0
hausa_4_00520,"Kun zabeni, kun karrama ni - Biden ya daukar wa Amurkawa muhimmin alkawari",0,0,0,2,0,0
hausa_4_00521,"Ba zan sake Zina ba sai Allah ya bani miji, Jarumar Nollywood",0,0,0,0,0,0
hausa_4_00522,Ikon Allah! Ayoyin Al-Kur’ani sun bayyana a jikin jariri ( Hotuna),0,0,0,0,0,3
hausa_4_00523,COVID-19: Mai maganin gargajiya zai yi wa majinyata magani kyauta,0,0,0,1,0,0
hausa_4_00524,Aure ya yi albarka: Hotunan magidancin da ya auri mata 2 a rana guda yayin da suke murnar cika shekara 1,0,0,0,3,0,0
hausa_4_00525,Goron Sallah: Muhimman mas’aloli 10 da addinin Musulunci ya kawo a kan biki da sallar idi,0,0,0,0,0,0
hausa_4_00526,"Allah ka bamu mata na gari: Bayan shafe shekara 10 yana wahala da yaron tun yana jariri har ya girma, mahaifin ya gano cewa ashe yaron ba nashi bane",0,0,2,0,0,1
hausa_4_00527,Yana da kyau a yi bikin murnar haihuwa Annabi Isa – Sheikh Abduljabbar Kabara,0,0,0,1,0,0
hausa_4_00528,Allah-daya-gari-ban-ban: Labarin wata tsaliliyar budurwa da ta auri kanta,0,0,0,0,0,3
hausa_4_00529,Labari mai dadin ji: Maganar karin alawus din matasa masu yi wa kasa hidima ta kara tasowa,0,0,0,2,0,0
hausa_4_00530,Yanzu-yanzu: Allah ya yi wa Sarkin Rano rasuwa,0,0,3,0,0,0
hausa_4_00531,"Budurwa ta kalubalanci mutane da su shiga gasar rubutu mai kyau, ta wallafa hoton littafinta",0,0,0,0,0,0
hausa_4_00532,Matar Ahmed Musa ta haifi ɗa namiji,0,0,0,2,0,0
hausa_4_00533,"Allahu Akbar: Yadda tsawa ta faɗa Taraba, ta kashe ƴan gida ɗaya su 3",0,0,3,0,0,0
hausa_4_00534,"Akwai Alheri 1: Shugaba Tinubu Ya Gana da Shugaban UAE, Hotuna da Bayanai Sun Bayyana",0,0,0,1,0,0
hausa_4_00535,"Yanzu Yanzu: Allah ya yiwa Alkalin tarayya, Justis Ibrahim Maikaita Bako rasuwa",0,0,3,0,0,0
hausa_4_00536,"Allah Ya yi, Saitin Farkon ‘Yan Najeriya 350 da Yaki Ya Rutsa da su a Sudan Sun Dawo",0,0,0,2,0,0
hausa_4_00537,"Allahu akbar: Ahmad S. Nuhu ya yi shekaru 13 da rasuwa, Ali Nuhu yayi ta'aziyya",0,0,3,0,0,0
hausa_4_00538,Tirkashi: Wani Dalibin jami'a ya lakadawa malamarsa duka kawo wuka daga neman taimako,0,0,2,0,0,2
hausa_4_00539,Haka Allah ke lamarinsa: Ta samu mijin aure da kyautar kujerar Makkah saboda soyayyar da take yiwa Abba Gida-Gida,0,0,0,2,0,2
hausa_4_00540,‘Yar biloniya Mairama Indimi ta auri mai gidanta a kasar Faransa,0,0,0,2,0,0
hausa_4_00541,"Bola Tinubu Ya Hadu da Sarakuna, Yayi Masu Godiya Amma Ya Roki Taimako 1",0,0,0,2,0,0
hausa_4_00542,‘Yan Zaria sai murna suke yi an fatattaki makarantar Shi’a,0,0,0,3,0,0
hausa_4_00543,"Inna Lillahi wa inna Ilaihi raji’un: Allah ya yi ma Sule Katagum, Wazirin Katagum 95, rasuwa",0,0,3,0,0,0
hausa_4_00544,Yar talakawa ta ci kyautar Naira miliyan 6 a gasar Kimiyya,0,0,0,2,0,1
hausa_4_00545,Kwankwaso yayi bikin babbar sallah a wajen yawon neman shugaban kasa,0,0,0,0,0,0
hausa_4_00546,"Ministan Tinubu Ya Nuna Gwamnan Arewa 1, Ya Bayyana Ayyukan Alherin da Yake Zuba Wa Talakawa",0,0,0,1,0,0
hausa_4_00547,Wata sabuwa: Allah ya haramtawa mace tayi bincike a wayar mijinta - Cewar wani soja,0,0,0,0,0,2
hausa_4_00548,Anyi baikon kyakkyawar yar sarkin Dubai Latifa,0,0,0,2,0,0
hausa_4_00549,“Allah Ka Albarkaci Nemana”: Bidiyo Ya Hasko Kyakkyawar Budurwa Tana Tuwon Siyarwa,0,0,0,1,0,0
hausa_4_00550,"Cikar Kwankwaso shekaru 61: Ina taya ka murna, Allah ya ƙara basira – Inji Ganduje",0,0,0,2,0,0
hausa_4_00551,"Wata mata ta tara N700,000 don taimakawa mai gidanta, shin sana'a ta fara? Ko aure ya karo?",0,0,0,0,0,0
hausa_4_00552,Yadda Mata ke kokarin mu'amalan ta da ni - Dangote,0,0,0,0,0,0
hausa_4_00553,"Allah ya yi wa Kilishin Katsina, Alhaji Iro Sabe rasuwa",0,0,3,0,0,0
hausa_4_00554,"Yadda Allah Ya Taimake Ni Na Haddace Alkur'ani Bayan Na Musulunta, Zainab",0,0,0,2,0,0
hausa_4_00555,Gwamnan APC ya fatattaki jami'an gwamnatinsa 2 a kan kin bin ra'ayinsa,2,0,0,0,0,0
hausa_4_00556,Na yi babban laifi ga Ubangiji idan ban yi wa Wike godiya ba - Obaseki,0,0,0,0,0,0
hausa_4_00557,Sallah: Sarkin Musulmi Ya Bada Umarnin Duba Jinjirin Wata,0,0,0,0,0,0
hausa_4_00558,Sulhu alheri ne: Abdulaziz Yari da Kabiru Mafara sun kama hanyar dinke barakar APC a Zamfara,0,0,0,1,0,0
hausa_4_00559,Yan sanda: Yadda muka kama Fasto mai taimakawa IPOB akai hari kan jami'an 'yan tsaro,1,0,1,0,0,0
hausa_4_00560,Allah mai iko: Makauniya ta rubuta Qur'ani daga Bakara har Nasi,0,0,0,0,0,3
hausa_4_00561,"Bayan soyewa na shekaru 8 babu niyyar aure, budurwa ta maka saurayi a kotu",0,0,0,0,0,1
hausa_4_00562,Babban rashi: Allah ya yiwa mahaifin ministan Buhari rasuwa,0,0,3,0,0,0
hausa_4_00563,Hajiya mai waina ta rabar da wainarta duka albarkacin nasarar Buhari (Hotuna),0,0,0,2,0,0
hausa_4_00564,Allah kare: An rufe babbar hanya a Kano biyo bayan tsagewar gadar kasa,0,0,0,0,2,0
hausa_4_00565,Dandalin Kannywood: Ko na yi aure zan cigaba da harkar fim - Hannatu Bashir,0,0,0,0,0,0
hausa_4_00566,"Murna Yayin da Kotun Daukaka Kara Ta Mayar da Dan Majalisar PDP a Jihar Arewa Kujerarshi, Ya Gode",0,0,0,2,0,0
hausa_4_00567,"Sarauniyar kyau mai Hijabi: An nemi na cire Hijabi don na ci nasara, amma na tubure",0,0,0,0,0,0
hausa_4_00568,Zahra Buhari tayi murnar cikarta wata daya da aure,0,0,0,3,0,0
hausa_4_00569,Dandalin Kannywood: Yadda harkar fim ta maida ni mutunniyar kirki - Jaruma Halima Ibrahim,0,0,0,1,0,0
hausa_4_00570,"Deepika Padukone, Taylor Swift, da sauran Matan da aka sallamawa a kyau",0,0,0,0,0,0
hausa_4_00571,Amfani 15 na ɓaure ga lafiyar dan Adam,0,0,0,0,0,0
hausa_4_00572,"Dandalin Kannywood: Allah yayi wa fitaccen dan fim din Hausa, waragis rasuwa",0,0,3,0,0,0
hausa_4_00573,"Ku rika baiwa mazajenku na aure mama suna sha, Masana kiwon lafiya ga mata",0,0,0,0,0,0
hausa_4_00574,Duk karya ce: Sanata Goje ya yi fata-fata da shirin gwamnatin Buhari,2,0,0,0,0,0
hausa_4_00575,Allah daya gari ban-bam: Rihanna ta maka mahaifinta kotu kan sanya sunansa a kasuwanci,0,0,0,0,0,2
hausa_4_00576,Tuna baya: Hotunan marigayi TB Joshua na aikin alheri sun bar mutane cikin jimami,0,0,2,0,0,0
hausa_4_00577,"Allah ya yiwa babban Malamin addini, Sheikh Saleh Al-Luhaidan, rasuwa",0,0,3,0,0,0
hausa_4_00578,Shugaba Buhari na taya China murnanr cika shekaru 69 da zama gurguzu,0,0,0,2,0,0
hausa_4_00579,Allah ya kyauta: Wani matashi ya roki Rahama Sadau tayi fim din batsa koda guda daya ne,0,3,0,0,0,0
hausa_4_00580,Dandalin Kannywood: Umar M. Shariff yafi kowani mawakin Hausa kyau da daukar wanka (hotuna),0,0,0,0,0,0
hausa_4_00581,"2023: Zan nunka rokon Allah don ka samu nasara, Ɗahiru Bauchi ga Osinbajo",0,0,0,0,0,0
hausa_4_00582,Allah ya kiyaye gaba: Anyi wata mummunar hatsarin shanu a jahar Legas (Hotuna),0,0,2,0,1,0
hausa_4_00583,"Ganduje ya kai ziyara gidan Kwankwaso, ya yiwa iyalin babban alkawari",0,0,0,0,0,0
hausa_4_00584,Allah ya yi ma Dan uwan shahararren dan wasan Najeriya Rashidi Yakini rasuwa,0,0,3,0,0,0
hausa_4_00585,"Ramadan: Saudiyya Ta Tuna da Kano, Ta Yi Mata Goma Na Arziki, Abba Ya Yi Godiya",0,0,0,2,0,0
hausa_4_00586,"Bayan samun nasara a rumfar zabe, mun sake yin nasara a kotu Allah abin godiya, inji Sanata Abbo",0,0,0,3,0,0
hausa_4_00587,"Kano: Allah ya yi wa gogaggen dan siyasa kuma fitaccen dattijo, Dangalan, rasuwa",0,0,3,0,0,0
hausa_4_00588,"NDA: Babban malamin adddini ya aika gagarumin gargadi ga 'yan Najeriya, ya ce karin matsaloli na tafe",0,0,1,0,2,0
hausa_4_00589,"Yanzu Yanzu: Allah yayiwa tsohon gwamnan Gombe, Hashidu rasuwa",0,0,3,0,0,0
hausa_4_00590,Dandalin Kannywood: Allah yayiwa Hauwa Maina rasuwa,0,0,3,0,0,0
hausa_4_00591,Amsar Rahama Sadau game da batun dena fim bayan aure,0,0,0,0,0,0
hausa_4_00592,Allah ya yi wa hadimin Aisha Buhari rasuwa,0,0,3,0,0,0
hausa_4_00593,Babbar Sallah: Farashin tikitin jirgin sama ya ƙaru musamman zuwa jihohin arewa,0,0,0,0,0,0
hausa_4_00594,Gidauniyar Sheikh Gumi ta bawa Kwankwaso kyautar iya jagoranci,0,0,0,2,0,0
hausa_4_00595,"Goron Juma'a: Auren Jari Hujja, Tare da Sheikh Aminu Ibrahim Daurawa",0,0,0,0,0,0
hausa_4_00596,Zan fasa kwai kan kisan Abiola' - Hamza Al-Mustapha,1,0,1,0,0,0
hausa_4_00597,Hanyoyin 6 da Buhari yayi wa ‘yan Najeriya fatar alheri a sakon karamar Sallah,0,0,0,0,0,0
hausa_4_00598,"Yanzu Yanzu: Allah ya yi wa jarumin Kannywood, Ahmad Tage rasuwa",0,0,3,0,0,0
hausa_4_00599,Shugaba Buhari ya aikawa 'yan Najeriya sakon barka da Sallah,0,0,0,2,0,0
hausa_4_00600,"Ministar Tinubu Ta Bayyana Malamin Addinin da Ya Mata Addu’a Ta Samu Mukami, Ta Yi Godiya",0,0,0,2,0,0
hausa_4_00601,Kungiyar Jama'atu Nasril Islam tayi kira da a zauna lafiya kan batun adan kabilanci,0,0,0,0,0,0
hausa_4_00602,Idan Allah ya so sabon Kamfanin jirgin Najeriya ba zai kai labari ba – Oby Ezekwesili,1,0,0,0,0,0
hausa_4_00603,Shugaba Buhari ya rokawa ‘Yan kasuwar Kano Allah ya maida alheri,0,0,1,0,0,0
hausa_4_00604,2019: Buhari kainuwa ne dashen Allah – Kungiya,0,0,0,0,0,0
hausa_4_00605,Allahu Akbar: Kasar Saudiyya ta shirya gasar kiran sallah da karatun Al’kur’ani,0,0,0,2,0,0
hausa_4_00606,Albishir ga 'yan Nigeria: Mutane miliyan daya za su ci gajiyar shirin N-Power - Osinbajo,0,0,0,2,0,0
hausa_4_00607,Dan siyasa a kasar Tanzania ya angwance da kyakkyawar mata,0,0,0,2,0,0
hausa_4_00608,Bikin aure: Wata amarya ta zabi yi wa marasa lafiya galihu maimakon shagulgula a Bauchi,0,0,0,1,0,1
hausa_4_00609,Allahu Akbar: Anyi rabon gadon dukiyar marigayi Rabilu Musa Ibro,0,0,3,0,0,0
hausa_4_00610,Allah baya tare da kai': Wani mutum ya faɗa wa Fafaroma a cikin taron mutane,0,0,0,0,0,0
hausa_4_00611,Kiristoci su daina saki inji Fasto Crist,0,0,0,0,0,0
hausa_4_00612,“Ina Mutunta Kudi”: Kyakkyawar Mata Ta Nunawa Duniya Mijinta Dan Dattijo a Bidiyo,0,0,0,1,0,0
hausa_4_00613,"Bidiyo: Masu garkuwa da mutane sun cafke Jaruma Maryam KK, amma daga bisani tasha dakyar",0,0,1,0,2,0
hausa_4_00614,Allah ya kyauta: 'Yan daukar amarya sun kashe wani yaro a wajen neman abincin shi a jihar Kano,0,0,3,0,0,0
hausa_4_00615,Zina yake da kanwata shine ma abinda yasa ya gyara musu gidansu - Budurwa ta tonawa Fasto asiri,0,3,0,0,0,0
hausa_4_00616,"Akidar Fulani: Obasanjo yayi gaskiya, ku daina caccakarsa – Soyinka ga gwamnatin tarayya",0,0,0,0,0,0
hausa_4_00617,"Attajiri, Alhaji Hussaini Bokane, ya taimakawa jihar Bauchi da kayayyakin asibiti na kimanin N250m",0,0,0,1,0,0
hausa_4_00618,"Allah ya yiwa mai kula da masallacin Manzon Allah, Agha Habeeb Muhammad al-Afari, rasuwa",0,0,3,0,0,0
hausa_4_00619,"Wike: Tsohon Gwamnan Ribas Ya Bayyana Dalilin Da Ya Kamata APC Ta Yi Godiya Ga Allah, Ya Kuma Caccaki PDP",1,0,0,0,0,0
hausa_4_00620,"Daga zuwa zaman jego, siriki ya dirkawa mahaifiyar matarsa ciki",0,2,0,0,0,1
hausa_4_00621,YANZU-YANZU: Mukaddshin shugaban kasa na ganawa da Jama’atu Nasril Islam da Kungiyar C.A.N,0,0,0,0,0,0
hausa_4_00622,"Da Ɗumi-Ɗumi: A karo na biyu, Saudiyya ta kara wa'adin jigilar Alhazai zuwa kasa mai tsarki",0,0,0,2,0,0
hausa_4_00623,"A raba mu, duka take lakaɗa min har da damƙar mazakuta na, Magidanci ya yi ƙarar matarsa Fatima",0,0,2,0,1,0
hausa_4_00624,Katsina: Allah ya yi wa matar marigayi Sarki Kabir Usman rasuwa,0,0,3,0,0,0
hausa_4_00625,Allah ya jikan ‘Danuwanka Dangaladima – Bola Tinubu ga Wammako,0,0,2,0,0,0
hausa_4_00626,"Sabbin zafafan hotunan Shatu Garko, sarauniyar kyau ta Najeriya da suka girgiza Instagram",0,0,0,1,0,0
hausa_4_00627,"Allah ya yi diyata za tayi sanadiyar kubuta na daga hannun yan bindiga, Mahaifin Daya Daga daliban Jangebe",0,0,2,2,0,0
hausa_4_00628,"Allah ya nuna mu'ujizarsa yayin kubutar da ni daga hannun yan bindiga, Kwamishina ya magantu",0,0,0,0,0,0
hausa_4_00629,Ka yarda da ikon Allah - Sarakunan gargajiya sun shawarci Atiku,0,0,0,0,0,0
hausa_4_00630,Allah ya tsare: Yadda aka yi garkuwa da wasu masu kasuwancin gawayi a Kaduna,0,0,2,0,1,0
hausa_4_00631,Allahu Akbar: Mutumin da yafi kowa gajarta a duniya ya rasu,0,0,3,0,0,0
hausa_4_00632,Sunnah leka gidan kowa: kungiyar Izala ta bude ofis a birnin Makkah,0,0,0,2,0,0
hausa_4_00633,Kyakkyawar Matar Aure Ta Nunawa Duniya Mijinta Mai Nakasa a Bidiyo Mai Daukar Hankali,0,0,0,0,0,1
hausa_4_00634,"Buhari ya dira Makkah domin gabatar da Ibadar Umrah, ya samu kyakkyawan tarba (Bidiyo)",0,0,0,2,0,0
hausa_4_00635,"Rigimar Larai da Farsi: Muna iya kaca-kaca da dukkan biranen Saudiyya in mun so, cikin awanni'",1,0,0,0,0,0
hausa_4_00636,Yar shekara 14 ta ci kyautar wacce ta kera mutum-mutumin dake taimakawa wajen kiwon lafiya,0,0,0,2,0,0
hausa_4_00637,Allah yayiwa Sheikh Abubakar Babantune Zaria rasuwa,0,0,3,0,0,0
hausa_4_00638,"Sultan Hassanal Bolkiah: Hamshakin mai arzikin da ya mallaki Rolls Royce 500, N7m kudin askinsa",0,0,0,0,0,1
hausa_4_00639,"Allah ya yi wa tsohuwar jarumar Kannywood, Zainab Booth rasuwa",0,0,3,0,0,0
hausa_4_00640,Zababben gwamnan Borno ya dauki alkawarin cigaba da ayyukan alherin Kashim,0,0,0,2,0,0
hausa_4_00641,Allah Ya kiyaye gaba: Wata wuta da ta tashi a wata kasuwar jihar Kano ta babbaka shaguna 22,0,0,3,0,1,0
hausa_4_00642,Hanyoyi 5 da azumin sa'o'i 72 ke taimakon garkuwar jikin dan Adam,0,0,0,0,0,0
hausa_4_00643,Kyakkyawan bikin Halima Buhari a 2012,0,0,0,2,0,0
hausa_4_00644,Allah ya yi wa ƙanin Sarkin Daura rasuwa sakamakon hatsarin mota,0,0,3,0,0,0
hausa_4_00645,"Allah ya amince jam'iyyar APC ta gudanar da babban taro na ƙasa, Gwamna ya faɗi wani sirri",0,0,0,1,0,0
hausa_4_00646,AMAA: Jaruma Maryam Booth ta samu gagarumar lambar yabo,0,0,0,2,0,0
hausa_4_00647,Kona coci da sansanin sojoji a Nigeria: Ƙungiyar ISWAP ta ɗauki alhakin kai hari,0,0,1,0,0,0
hausa_4_00648,Allah ya baka lafiya – Zahra Buhari ga dan uwanta,0,0,2,0,0,0
hausa_4_00649,"Bayan ɗirka mata ciki ta haifi jariri, Saurayi ya lakaɗawa budurwarsa dukan tsiya har ta koma ga Allah",0,1,3,0,0,0
hausa_4_00650,"Cike da tawakkali, Sanata Na'Allah ya magantu kan kisan babban ɗansa",0,0,3,0,0,0
hausa_4_00651,"Ladduban da ake bi Allah ya amsa addu'a, Sheikh Aminu Daurawa",0,0,0,0,0,0
hausa_4_00652,Da yardar Allah ni zan gaje Buhari a 2023: Dan takaran PDP ya lashi takobi,0,0,0,0,0,0
hausa_4_00653,Dandalin Kannywood: Allah ya yi wa mahaifin shahararren mawaki Ali Jita rasuwa,0,0,3,0,0,0
hausa_4_00654,"Ba zai taba zama shugaban kasa ba, Fasto ya yiwa gwamnan wata jiha baki",2,0,0,0,0,0
hausa_4_00655,Allah Mai Iko: Jerin Sunayen Ƙasashen Duniya 6 da Rana Ba Ta Faɗuwa Na Tsawon Lokaci Ba Dare,0,0,0,0,0,3
hausa_4_00656,Allah Ya Yiwa Wani Tsohon Mataimakin Gwamna A Najeriya Rasuwa,0,0,3,0,0,0
hausa_4_00657,"Kisan Fatima da 'yayanta: Muna binciken bidiyon don sanin sihhancinsa, Buhari",0,0,2,0,0,0
hausa_4_00658,"Munyi Nadamar Goyon Bayan Buhari, Muna Roƙon Allah Ya Yafe Mana, Tsohon Gwamna",2,0,2,0,0,0
hausa_4_00659,Fatima Ganduje da mijinta Idris sun yiwa wata mai shafin sadarwa na Hausa wankin babban bargo,2,0,0,0,0,0
hausa_4_00660,Wata kyakkyawar budurwa ta mutu bayan aminiyarta ta saka mata guba a abinci saboda ta samu karin girma a wajen aiki,0,1,3,0,0,0
hausa_4_00661,Rashin Godiyar Allah: Uwa Ta Kwace Motar Da Ta Ba Diyarta Mai Shekaru 16 Kyauta a Bidiyo,1,0,0,0,0,0
hausa_4_00662,Allah Ya Yi Wa Ohinoyi na Kasar Ebira Ado Ibrahim Rasuwa a Asibitin Abuja,0,0,3,0,0,0
hausa_4_00663,Bai dace da addini da dabi'a ba - Dr Hakeem ya caccaki shigar sirikar Atiku a ranar aurenta,2,0,0,0,0,0
hausa_4_00664,"Innalillahi: Allah ya yiwa hamshakin attajiri a Kano, Tahir Fadlullah rasuwa",0,0,3,0,0,0
hausa_4_00665,Allah ya yi wa ƴar Sanata Wamakko rasuwa a Sokoto,0,0,3,0,0,0
hausa_4_00666,Bidiyon fitaccen Faston Najeriya yana karanta ayoyin Alkur'ani mai girma,0,0,0,0,0,1
hausa_4_00667,APC ta dage babban taron jam’iyyar na kasa har ila masha Allah,0,0,0,0,0,0
hausa_4_00668,Sunan Muhammad ya zama suna mafi farin jini a kasar Birtaniya,0,0,0,2,0,0
hausa_4_00669,Amfanin Goruba 10 ga lafiyar jikin dan Adam,0,0,0,0,0,0
hausa_4_00670,Gwamna Nasir El-Rufai yayi alkawarin taimakawa Makauniyar da ta zama Lauya,0,0,0,2,0,0
hausa_4_00671,"So Gamon Jini: Daga Yanke Mata Farce, Kyakkyawar Budurwa Ta Fada Soyayya da Mai Yankan Kumba",0,0,0,2,0,1
hausa_4_00672,"Allah ya yiwa uwargidar Sarkin Muradun rasuwa, Buhari ya aika sakon ta'aziyya",0,0,3,0,0,0
hausa_4_00673,"Yar musulma ta samu tallafin fasto, mahaifiyarta ta durkusa a coci domin nuna godiya",0,0,0,2,0,1
hausa_4_00674,Magajin Sarkin Ningi ya riga mu gidan gaskiya,0,0,3,0,0,0
hausa_4_00675,"Okorocha ga Buhari: Ka fatattaki dukkan masu mukami da hadimanka, sun gaza",3,0,0,0,0,0
hausa_4_00676,"Yadda aka je har gida, aka maƙure babban ‘Dan Sanata Na Allah inji Gwamnatin Kaduna",0,0,3,0,0,0
hausa_4_00677,Iko-sai-Allah: Wata tsaleliyar budurwa ta auri kanta-da-kanta,0,0,0,0,0,3
hausa_4_00678,Allah mai iko: Yadda mata ta haihu bayan shekaru 10 da daukar ciki,0,0,0,0,0,3
hausa_4_00679,Masoyina ne ya yi min ciki ba mijina ba – wata matar aure ta shaidawa kotu cikin alfahari,0,2,1,0,0,0
hausa_4_00680,Ka fada wa jama'a malaman da ke son kudi ko ka rufe mana baki - Fasto ya caccaki El-Rufai,2,0,0,0,0,0
hausa_4_00681,Kyakkyawar budurwa ta gina gidanta kuma ta yi shafe da kanta,0,0,0,1,0,2
hausa_4_00682,Allah mai iko akuya ta haifi dodo bayan an yi mata tiyata,0,0,0,0,0,3
hausa_4_00683,Yar Aljannah: Kofa a bude take ga kishiya - Martanin amaryar Adam A Zango ga wata budurwa da ta bayyana tana son mijinta,0,0,0,0,0,0
hausa_4_00684,"Ya kamata a duba kwakwalwarka, kada Allah ya maimaita mana irin Buhari: Wike ga Umahi",2,0,0,0,0,0
hausa_4_00685,“Allah Ya Kiyaye Hanya Hajiya”: Bidiyon Matashiya Sanye Da Hijabi Tana Tuka Babbar Mota Ya Dauka Hankali,0,0,0,1,0,2
hausa_4_00686,"Fasto Ya Yi Ɓatanci Ga Annabi (SAW) Da Al-Kur'ani a Osun Cikin Bidiyo, MURIC Ta Yi Martani",2,0,0,0,0,0
hausa_4_00687,Dalillai 5 da kimiyya ta tabbatar na cewa cin naman Alade bashi da kyau bayan Musulunci da ya haramta,0,0,0,0,0,0
hausa_4_00688,Matar da ta rubuta jarrabawa awanni kadan bayan ta haihu ta fita da sakamako mai kyau,0,0,0,2,0,2
hausa_4_00689,“Kana Da Kyau”: Wata Uwa Ta Roki Kyakkyawan Saurayi Da Ya Taimaka Ya Auri Diyarta,0,0,0,0,0,1
hausa_4_00690,Sharik Tobar: Kyakkyawar budurwar da take shafe wata biyu cur tana bacci ba tare da ta tashi ba,0,0,0,0,0,2
hausa_4_00691,"Neman izinin aure: Yarinya ta kai Ubanta kotu, ta nemi a hukunta shi",0,0,0,0,0,1
hausa_4_00692,Zaben 2019: Manjo Al-Mustapha yayi wa Shugaba Buhari wankin babban bargo,2,0,0,0,0,0
hausa_4_00693,"Bidiyon Yadda Mai Kwalliya Ya Maida Tsohuwa Zuwa Zukekiyar, Farar, Matashiyar Budurwa",0,0,0,0,0,1
hausa_4_00694,Allah ya kyauta: Uba ya yi ya ‘yar cikinsa cikin a Yobe,0,3,0,0,0,0
hausa_4_00695,Allah ya kare: Mummunar gobara ta yi barna a garin Bogocho,0,0,3,0,2,0
hausa_4_00696,Allahu Akbar: Wata Kirista kenan da ta Musulunta ta kuma Musuluntar da danginta gaba daya da kuma abokanan ta sama da 30,0,0,0,2,0,0
hausa_4_00697,Ni ba cikakkiyar budurwa ba ce amma ban taba aure ba – Rahama Sadau,0,0,0,0,0,0
hausa_4_00698,Allah mai iko: Likitoci sun cire cajar waya daga mafitsarar majinyaci,0,0,0,0,0,2
hausa_4_00699,Rashin godiyar Allah: Asirin wata hamshakiyar attajirar almajira ya tonu,0,0,0,0,0,1
hausa_4_00700,"Na matsu sosai, zan biya sadaki kuma zan ɗau nauyin komai, Wata kyakkyawar budurwa na neman mijin Aure",0,0,1,0,0,0
hausa_4_00701,"Allah mai iko: Bayan shekara 7 da aure, wata mata ta haifi 'yan 5 a Arewa",0,0,0,1,0,3
hausa_4_00702,"Asirin fasto ya tonu, bayan wani mutumi ya bayyana yadda ya kama shi yana kwanciya da matarshi da kuma 'yarshi",0,3,1,0,0,0
hausa_4_00703,Allah ya kare masifa: Tankar dakon man fetur ta fado daga gadar Odetola a Legas,2,0,0,0,2,0
hausa_4_00704,Gawa ta ki rami: Matashi Mohammed ya mike zumbur bayan an haka kabarun binne shi,0,0,0,0,0,2
hausa_4_00705,Basu da alkawari: Ina rokon Allah ya hana dan siyasa zama magajin Buhari – Mai neman takarar shugaban kasa,2,0,0,0,0,0
hausa_4_00706,"Dandutse: Ƴan Bindiga Sun Kashe Babban Soja da Wasu Jami'ai Biyu, Sun Tafka Ɓarna Kan Bayin Allah",0,0,3,0,0,0
hausa_4_00707,An jefar da wani kyakkyawan jariri a cikin kungurmin daji (Hotuna),0,0,2,0,0,0
hausa_4_00708,Mutum 15 sun tsira yayin da gini ya ruso a Kano,0,0,2,1,0,0
hausa_4_00709,Ambaliyan ruwa ya karya gadar da ta shiga tsakanin jahar Adamawa da Boko Haram,0,0,0,0,0,0
hausa_4_00710,Shugaban Majalisa ya ce manyan dillalan miyagun ƙwayoyi ke ɗaukan nauyin ƴan bindiga,0,1,2,0,0,0
hausa_4_00711,Sai da na sake kashe wata mata bayan tserewar da na yi daga hannun ‘yan sanda – Kwararren makashi Shodipe,0,2,1,0,0,0
hausa_4_00712,Tashin Hankali: 'Yan Ta'adda Sun Sace Mutune 50 A Jihar Neja,0,0,0,0,3,0
hausa_4_00713,"Jirgin Sama Dauke da Mayan Mutane 10 Ya Yi Saukar Gaggawa Tare da Fantsama Daji, Bayanai Sun Fito",0,0,0,0,2,0
hausa_4_00714,Kishin namiji: Ya bindige budurwarsa har lahira saboda akan zargin cin amana,0,2,2,0,0,0
hausa_4_00715,"Zamfara: Yan bindiga sun kai wani mummunan har kauyuka huɗu, sun halaka aƙalla mutum 17",0,0,3,0,3,0
hausa_4_00716,Kungiyar Yarbawa ta yi Allah wadai da ziyara da kuma gudunmawar da Tinubu ya bayar a jihar Katsina,2,1,0,0,0,0
hausa_4_00717,Kwastoma da abokansa sun kashe Karuwa Musulma don sun ga Al-Qur'ani cikin dakinta,0,0,3,0,0,0
hausa_4_00718,Gida bai koshi ba: Manyan ayyuka 69 Buhari ke malalawa a kudancin Najeriya,0,0,1,0,0,0
hausa_4_00719,Hotunan takardun da ƴan ISWAP suka raba wa mutane a Borno suna gargaɗinsu game da kai wa sojoji tsegumi,0,0,0,0,2,0
hausa_4_00720,Mata ta sheke mijinta kwanaki bayan 'yar uwarta ta kashe nata,0,2,3,0,0,0
hausa_4_00721,ASUU ta yi Allah wadai da korar malaman jami’a da gwamnatin Kaduna ta yi,0,1,1,0,0,0
hausa_4_00722,Kasar Faransa Ta Haramta Dalibai Sanya Hijabi a Makarantun Gwamnati,0,0,0,0,0,0
hausa_4_00723,"""Akwai miyagu da ke zagaye da Buhari da sun fi Osinbajo karfin iko, su ke juya gwamnatin nan""",1,0,1,0,0,0
hausa_4_00724,Yanzu-yanzu: Rikici ya barke tsakanin Hausawa da Yarbawa a Iju-Ishaga,0,0,0,0,3,0
hausa_4_00725,Yanzu-yanzu: An kashe jami'in wutan lantarki yayinda yake kokarin yanke wuta a Abuja,0,0,3,0,0,0
hausa_4_00726,Farashin Iskar Gas Ya Tashi Da Kaso 9 Yayin Da Ake Tsaka Da Shan Wahalar Tsadar Man Fetur,0,0,2,0,0,0
hausa_4_00727,Masu garkuwa da mutane sun aike wa wani dan majalisa wasika ta barazana,0,0,0,0,3,0
hausa_4_00728,Haramta Shan Barasa a Qatar Na Taimakawa Mata Su Yi Kallon Kwallo Cikin Aminci,0,0,0,0,0,0
hausa_4_00729,Yan bindiga sun sace wani hamshaƙin ɗan kasuwa a jihar Abia,0,0,2,0,2,0
hausa_4_00730,"An koma gidan jiya, sabbin mutane 550 sun kamu da cutar Korona a Najeriya",0,0,1,0,2,0
hausa_4_00731,"Yan bindiga sun farmaki garuruwan Kaduna, sun kashe mutane 7, sun sace mutane masu yawan gaske",0,0,3,0,2,0
hausa_4_00732,Bincike: Kashi 63 na daliban jami'a ana lalata da su saboda shigar banzar da suke yi,0,1,0,0,0,0
hausa_4_00733,"Kashi 70% na matasan Najeriya yan zaman kashe wando ne, Inji NOA",0,0,2,0,0,0
hausa_4_00734,Kishi! Wata mata ta kashe mijin ta don zai kara aure,0,2,2,0,0,0
hausa_4_00735,Kududdufi ya hadiye yaro a Kano garin wanka,0,0,3,0,0,0
hausa_4_00736,"Babbar magana: Sayar da wiwi a jinina ne, dan haka babu wanda ya isa ya hanani - Wani dilan wiwi ya fadawa hukumar NDLEA",0,0,0,0,0,0
hausa_4_00737,"Na Kashe Mutane Sama Da 15 A Katsina Amma Ina Neman Afuwa, Ɗan Ta'adda Mai Shekaru 28 Da Dubunsa Ta Cika",0,0,2,0,0,0
hausa_4_00738,Benue: Ɗan shekaru 44 ya cire ƴaƴan marainansa da kansa don daƙile tsabar sha'awarsa,0,1,0,0,0,1
hausa_4_00739,"Kwarto da farkarsa sun shiga hannu, bayan da makwabta suka sanya kwado ta waje suka kulle su kwana daya",0,2,0,1,0,0
hausa_4_00740,Tirkashi: Boka ya dirkawa matar fasto cikin shege,0,2,0,0,0,2
hausa_4_00741,Da duminsa: Sabbin mutane 136 sun kamu cutar Coronavirus yau,0,0,1,0,2,0
hausa_4_00742,Magidanci ya kashe matarsa saboda ta raina bajintarsa wurin kwanciyar aure,0,1,3,0,0,0
hausa_4_00743,"Kamar a jahiliyya: Uba ya kashe 'ya'yansa tagwaye, za a rataye shi har sai ya mutu",0,1,2,0,0,0
hausa_4_00744,Tsanantar harin 'yan bindiga: Hotunan mazauna kauyukan Zamfara suna kaura daga gidajensu,0,0,2,0,2,0
hausa_4_00745,Dadina daku kun Iya karya.😆,0,0,1,0,0,0
hausa_4_00746,Wannan rashin mutuncine da eskanci kubar mutane sujida kansu mana 😟🤧😖🤒,3,0,0,0,0,0
hausa_4_00747,"Toh mu ina ruwan mu da rashin baccinka, abin da muka sani shine mutuwa tana kan duk wani abu mai Rai, a ingaiwa mutane adalci Malam Nasiru👍",2,0,0,0,0,0
hausa_4_00748,Shi sugaban kasa vaima kamata ya fadi hakaba don koshi yayi fita kasar waje shan magani 🤣 🤣,1,0,0,0,0,0
hausa_4_00749,Kude full news zakuga illar dakeci bawai katsaya a headline bah👈🏻,0,0,0,0,0,0
hausa_4_00750,Karya ne kuje ku tambaya ko ya yake a jihar Yobe dagana sai ku hada da bayani sah ku gani in shi kadai ne a Nigeria 😎,1,0,0,0,0,0
hausa_4_00751,"Hmm, giyar kafurci ce take janshi... Wallahi summa tallahi qaryarka tasha qarya! 😤 Duk wanda yacce ya ɗarmi anniyar yaqi da addinin Allah tho wallahi qarshen Alewa qasaa! Saboda da ALLAH ne yake faɗa! Kuma babu Shegen da zai iya jayayya da ALLAH ya samu nasara! 🤯",2,0,0,0,0,0
hausa_4_00752,"A very sad news💔🥺 This is the reason I don’t like watching series, sai mutum ya fara jindadi za’a tsaya kaii😣",1,0,2,0,0,0
hausa_4_00753,Saboda duhun dare na cikin dadin tsire 😋#RanarHausa,0,0,0,1,0,0
hausa_4_00754,"Wlh tlh BBC hausa bakwa Neman zaman lafia,wato Yan arewa da suka dage sai baba buhari gashinan sunfi kowa ji ajikinsu ko..?? Ay dai ko banza shi yayi kiba,fatarsa Tayi kyau ko anan mun karu tunda Shima Dan arewane😏😏😏😎😎😎",2,0,0,0,0,0
hausa_4_00755,Munyi Allah wadai da wannan Jinjinar😋,2,0,0,0,0,0
hausa_4_00756,"Ai muddun kanaso kaga shugaba Buhari ya ɗauki matakin gaggawa ayi batu akan wani abu da zai nemi taɓa lafiyarsa ya rabashi da fadar gwamnati (Villa) koda na kwana ɗaya ne kuwa, wallahi da ace Buhari na son al'ummar Najeriya kwatan kwacin yadda yakeson fadar gwamɓati da an huta.🚶",1,0,2,0,0,0
hausa_4_00757,"Ya gama fuffukarsa, tabbas lokaci na zuwa da za'a cire shi daga kujerarsa ta riƙon ƙwarya. In ya yi Sa'a a bashi dagacin Ganduje, ko ya karba ko kar Allah Ya sa ya karba, amma ba zai koma hakimi ba.🤣🤣",0,0,1,0,0,0
hausa_4_00758,Mtsw kunfiso ayita bibiyanku tOh ba'ayinace!!😎,2,0,0,0,0,0
hausa_4_00759,Allah sarki Tani su yaya Dan Kwambo sun kassara ta😭,0,0,2,0,0,0
hausa_4_00760,🤣🤣tirkashi Kasuwar madamfara zata mutu,0,0,0,0,0,2
hausa_4_00761,Kut 10k wallahi ni ko kyauta bazan zauna na kalleta ba. Kuma mgn charity to help poor muma muna dasu a unguwan mu ba sai na bayar ta hannun ta ba. Shashanci kawai😠😠😠,3,0,0,0,0,0
hausa_4_00762,Tho ku inba bura’uba ba inde xaa bani kuddi mey xanyi da aiki 👊🏻,2,0,0,0,0,0
hausa_4_00763,Su yaki boko haram tukun kafun wannan ya biyo baya🤦🏻‍♀️,1,0,0,0,0,0
hausa_4_00764,"Kwarankwasa Tabar Wawa Da Bashin Shadda,Wasukuma Ta Abaya Yasin😎😂",0,0,0,1,0,0
hausa_4_00765,Toh ina ruwanmu da Corona 😠,2,0,0,0,0,0
hausa_4_00766,😂😂 Har da hararanshi ko? Bari ya cireka wlhi,0,0,0,0,0,0
hausa_4_00767,Aikin banza karya kara jawabin har ya gama banje yayiwa wayan da suka rasu ta'aziyaba ko su ba mutane bane ko kuma bai koya a zaman sa a gida ba mutuwace Shima xai yita wlh sai munyi bikin mutuwar ma 😏😏😏😏😏,3,0,0,0,0,0
hausa_4_00768,Allah wadae d aekin zalunci na siyasa😏,2,0,0,0,0,0
hausa_4_00769,Wannan sune barayin asali🤔,2,0,0,0,0,0
hausa_4_00770,Kai kaji yan iska mtsewww 😌😌,3,0,0,0,0,0
hausa_4_00771,"TO MENENE ACIKIN WANNAN GWAMNATI INBANDA XALINCI DA KARYA DAKUMA YAUDARA, HAKIKA WANNAN GWAMNATIN AXXAKIMAICE MAKIYA ALLAH KAI TIR.... DAWANNAN BAQAR GWAMNATI. 🚶🚶🚶",3,2,0,0,0,0
hausa_4_00772,Allah ka watsa su mugaye kawai😭,3,0,0,0,0,0
hausa_4_00773,Ya ballamusu doka! Dole su goge! Yayi accepting dokokinsu kafin ya bude shafin! Babu am fanin iko da gwamnati a hanashi aiki! Su ba corrupt mutane ne kamar mu ba kowa yayi sai ammasa! An da katar da trump ma🤦🏼‍♂️,1,0,0,0,0,0
hausa_4_00774,Gaskiya biki birge bah 🤗 tunda bikije Santiago Bernabau... had nailed it 🙌🏽,0,0,1,0,0,0
hausa_4_00775,Ran maza ya maci 😡😡,2,0,0,0,0,0
hausa_4_00776,Hhhhhhh kuna wuta yanzu naija 🇳🇬 🇳🇬,0,0,0,2,0,0
hausa_4_00777,Toh sai meh! Uban kowa ya tsaya a gida mu karasa tare🙄,3,0,0,0,0,0
hausa_4_00778,Kaji wani tambayar rainin wayo ko Wama zai hada balangu da tsire 😂,1,0,0,0,0,0
hausa_4_00779,Nayarda yazu ni ina dibi haukanashi da wasane ashe da gaske ne 🤕,0,0,1,0,0,0
hausa_4_00781,"Allah Sarki, har helicopter Gwamnan jihar yake yawo da ita wai don tsaro. Talakawa kuma ko oho 😔",0,0,3,0,0,0
hausa_4_00782,Duk zantukan baya yaudarace kenan🤔,0,0,2,0,0,0
hausa_4_00783,Mutane na son gulma😂,0,0,0,0,0,0
hausa_4_00784,Shiga wuta direct 🙅🏻‍♂️,1,0,0,0,0,0
hausa_4_00785,Kai ba za'a karasa ba din kun fara isar mufa🙄,2,0,0,0,0,0
hausa_4_00786,Wlh wannan batu karyane. 👺,2,0,0,0,0,0
hausa_4_00787,Sunsha kashi jiya lalasa wa na karshe 😂😂😂😁💔🚶🚶🚶🚶,0,0,0,2,0,0
hausa_4_00788,Dan uwarsa yaga munyi kama da yan nigeria ne😁😁😁😁,2,0,0,0,0,0
hausa_4_00789,Yo doka nawa aka karya a Nigeria Yanzu hakama ita nake sha 😏 Catch me if you can....,2,0,0,0,0,0
hausa_4_00790,Wanga diya bakida kirki aradu🤣🤣,0,0,1,0,0,0
hausa_4_00791,Gaskiya ne musamman a Nigeria😭😭😭 mudai muna cikin jarafta,0,0,3,0,0,0
hausa_4_00792,😂😂😂 ana hege a kasar nan,0,0,0,1,0,0
hausa_4_00793,Kina Ruwa 😂😂 Masu gidan 8,0,0,0,1,0,0
hausa_4_00794,Banza irinki wawuya bokon ki na banza ne🙄🙄,3,0,0,0,0,0
hausa_4_00795,Da wuri haka?😯 Amma bata kyauta ba domin kuwa yin hakan zai karkatar da hankalin masu rike da madafin iko daga yin abinda ya kamata.,0,0,2,0,0,0
hausa_4_00796,Uban wa kuke tambaya.....Dan uwarku😡😡😡???,3,0,0,0,0,0
hausa_4_00797,"hhhhhhhhhh😁😁😁 Allah yasa asacemu Don matsayin watan Ramadan, tsakaninmu da mutanen nan nikam sede Allah ya'isarmana",3,0,0,0,0,0
hausa_4_00798,Allah ya tsinewa makaryata 😂😂🤣🤣,2,1,0,0,0,0
hausa_4_00799,Ga mutane birjik na ta yi ba daedae ba amma an tsaya biyewa JAKUNA 🧐,2,0,0,0,0,0
hausa_4_00800,Nabi ladama da 🏃🏃🏃🏃🏃 ladama fada ake ko aikine yake nuna anyita kixo kina raina Allah da manxansa kixo kina wani kuka a duniya kowa na gani idan k yi ladama gaba dayan k xaki canxa dabi'unk kamar yanda wayanda suka gabace k suka aikata ko n kk wa wannan ladamar baxan karba b,2,0,0,0,0,0
hausa_4_00801,Koh waya cema barawo nada amana dama shirme kawai🤦‍♂️,2,0,1,0,0,0
hausa_4_00802,🤣🤣🤣 wae dan Allah ina ruwan ku,1,0,0,0,0,0
hausa_4_00803,"Na bi karya kafa da gudu ba wando, ko a gidan uwar wa ya karya kafar🤔",3,0,0,0,0,0
hausa_4_00804,Ai be kyauta ba....mutanen Zamfara be daukesu a bakin komi ba....kodan next level ne....expect the unexpected😎.....Allah yakawo mana karshen wannan musibar a koina🙏,0,0,3,0,0,0
hausa_4_00805,Wlh hemunci uwarsu 😡😡,3,0,0,0,0,0
hausa_4_00806,"Anyi ba'a yi ba kenan shugaba Buhari ya ce ayi noma anyi noma, tattalin Arziki bata karu ba yunwa bata ragu ba, yanxu kuma yace a rufe iyakokin kasar a Dena shiga shinkafa, ya sake saka haraji kan kudaden talakawa da suke ajiya a banki domin dai ya karya talaka kawai 😭😭😭😭😭😭",1,0,2,0,0,0
hausa_4_00807,Akatambayi buzu ko ya Iya sallah Sai yace ah ah Sai akace to ko kokasan rasulullah Sai yace 😄😄😄😄😄😄😄😄😄m Kun Kara badda ni.,0,0,0,2,0,0
hausa_4_00808,Wlh Ganduje baya kaunar talaka yazo yarage albashi ya tafi wata gada wai mutannen kano Gada zasu ci🤔,2,0,2,0,0,0
hausa_4_00809,Pls ku dena hada su Dan gote da wannan ba kauyen.... Koni ba tsaran sa bane bare kuma manyan mutanen da kuke hada sa dasu masu mutunci a idon duniya.... Haba zaku bani kunya wlh🙄,1,0,0,0,0,0
hausa_4_00810,Ashe dai Matan Ghana basuda kyau🤔,0,1,0,0,0,1
hausa_4_00811,Manjo bbu mgn wlh 😂😂😂 ya qware wajan yin Allah wadae😂😂😂,0,0,0,0,0,0
hausa_4_00812,Tsula ya shiga Tsillah-Tsillah 😂😂,0,0,0,1,0,0
hausa_4_00813,A uwarsa dan uwarku kuda kuka sa😎😏🙄,3,0,0,0,0,0
hausa_4_00814,"Wato da yake kudu ne ba,mu mai yasa Yan ta'addan da ke damun arewa ba a nuna musu tashin hankalin ba wannan ai rainin wayau ne🙄",2,0,2,0,0,0
hausa_4_00815,🤣🤣Kalan Dangi🏃‍♂️🏃‍♂️ Kina Baqa Yar Africa amma Sai Shegen Hange~Hangen Qyalqyalin Yahudu da Nasara🤔🤔 Gashi ko Reply dinnan Babu daga wurinsa!🚶‍♂️🚶‍♂️🚶‍♂️,2,0,0,0,0,0
hausa_4_00816,Inafatan majalisar dinkin duniya tana kallan irin yadda yansanda ke musgunawa masu zanga-zangar lumana a kasar America 🇺🇸,0,0,2,0,0,0
hausa_4_00817,Dan ubanku bazaku iya ba Trump babanki ne 🤣🤣,3,0,0,0,0,0
hausa_4_00818,What took her to Dubai for long time up-to 6Months Shegiya tajeee Adamawa a Bata na gargajiya mana 😏😏,3,0,0,0,0,0
hausa_4_00819,Kaji shegiya 😳to Dame zeyi maki........🙊🙊🙊🙊,3,0,0,0,0,0
hausa_4_00820,Wallahi wasu lokutan a nigeria kowayan mutum baya cika balinta na a ce ankera mota mai amfa na da wuta 😂,0,0,1,0,0,0
hausa_4_00821,"Dama ai su obasanjo ai sune masu zanga zangar😒,#munsankomai",1,0,0,0,0,0
hausa_4_00822,Wannan hoton batayi dai dai da labarin ku ba.. Wannan batanci ne ga hijabi..ku cire kusaka hoton coci don Allah 😡😡😡,2,0,0,0,0,0
hausa_4_00823,Durin uwarsu har petur din😡😡,3,0,0,0,0,0
hausa_4_00824,Allah ya kara hada su fada har sai sun kare tas!!!😣😣😣,2,0,0,0,0,0
hausa_4_00825,Kawai ka ran taba akashe hege 🤐🤐 muga wanda zaiyi maga,3,0,0,0,0,0
hausa_4_00826,"Wow!!! Bros/sis an sake wani zazzafan film fa.. Kai!!!! I want to watch that film woo!!! Ai film dinnan yayi kyau... It's when u watch the film, that u will see nothing but full of rubbisheshesheshes😃... Dat hausa fim 4 will wooo😏😏😏",0,0,1,1,0,0
hausa_4_00827,"Shin har yanzu a ƙarƙashin mulkin mallaka muke, da sai mun nemi iznin hakan???. Idan an kashemu kaɗai sai suyi Allah wadai!!! """"""""""""""""""""""""""""""""Daukar mataki aka zabi Buhari yayi ba Allah wadai ba, idan ya gaza ya sauka."""""""""""""""""""""""""""""""" Sheikh Muhammad Nuru Khalid Abuja-Nig. 👍🏻👍🏻👍🏻",2,0,1,0,0,0
hausa_4_00828,Kanku akeji.mahaukata sun fada rijiya😏😏,1,0,1,0,0,0
hausa_4_00829,Kuma shugaba Buhari yakasa yin komai akan wannan Al'amarin tir gsky Akwai Matsala wlh 😓😓🚶🚶🚶,2,0,2,0,0,0
hausa_4_00830,Toh qaramar Barauniya😂,1,0,0,0,0,0
hausa_4_00831,Allah ya Kara hadasu Su tarwatsawa kansu🤲,3,0,0,0,0,0
hausa_4_00832,Ku dai yi a hankali kar fir’auna ya kwace 🤕,1,0,0,0,0,0
hausa_4_00833,Ku kuma yan tsulku ina ruwanku da abinda kee faruwa Shikenan bakuda aikinyi sai yada bala'i😂😂,2,0,0,0,0,0
hausa_4_00834,Matsalar wiwi kenan pha inji ubanwa yace umurnin Buhari ne 😏,2,0,0,0,0,0
hausa_4_00835,Wai ya hada yan sanda da sojoji fada🤣 https://t.co/UX1TkMiPym,0,0,0,0,0,1
hausa_4_00836,Kajimin masana ilimin taurari da shisshigi 🤔🤨Aimu masana ilimin yunwa da qishirwa mun tabbatar 29 za'ayi🙄😥,2,0,0,0,0,0
hausa_4_00837,😁😁hhahaha ina tausaya miki randa mulki ya bar hannunku. Karki manta kafin ya yabi ubanki saida ya yabi shekarau kuma shi ya para nuna shi a gwamnati amma da yabar gwamnati bbu irin zagin da beyi mai ba... Balle k da ubanki yapi kowa kayan zagi ..muje zuwa indai rarara ne,2,0,1,0,0,0
hausa_4_00838,Hmmmm qaryan banxa kawae sbd sunji nigeria ta para qera motae ampani d wutan lantarki koh 😳,2,0,1,0,0,0
hausa_4_00839,Gidan ubanwa ta ciyo bashin?😄,2,0,0,0,0,0
hausa_4_00840,Wannan babban shirme da rashin sa ni addini ko dama ai ba musulmai bane amma a addinin su ba bai yarda da haka ba duniya ta kusan tashi gaskiya banji dadin irin wannan lafazi ba daga Abdul Aziz muhammad Jihar Bauchi a karamar hukumar Darazo Najeriya 😭,2,0,0,0,0,0
hausa_4_00841,😀😀😀😀😀lefinkune ay saida mukace karku bari yayi magana,0,0,1,0,0,0
hausa_4_00842,Mtwsss meh aka min ☹️ ba wani independence ah koma school kawai,2,0,0,0,0,0
hausa_4_00843,"Babu wani batun CeCe kuce, Lafiyar buhari kalau kawai iskanci ne 🤣🤣🤣",2,0,0,0,0,0
hausa_4_00844,🙆🙆 Hegge masu kuruciyar Bera,2,0,0,0,0,0
hausa_4_00845,Ashe ba najeriya kadai yan'ta'ada suka raina ba😢😢😢,0,0,1,0,0,2
hausa_4_00846,-sadau amma kinsha kwaya 💊 kika dauki pic nan😎😎,1,1,0,0,0,0
hausa_4_00847,Idan ta samu uwarku xatayii da su🤫🤫,3,0,0,0,0,0
hausa_4_00848,Karyan banza kawaii 😅,2,0,0,0,0,0
hausa_4_00849,Abun dai babu dadin ji Walahi 🤦‍♂️. Casu fa 😭,1,1,1,0,0,0
hausa_4_00850,Mtwss qaryar banza 🙄🙄,2,0,0,0,0,0
hausa_4_00851,Kai dan Allah ji kayan sa Ko Gaye bai iya ba Wlh 😃😀😀,0,1,0,0,0,0
hausa_4_00852,Trump ya tsaya cak sai kace an dorawa kwado tanki 😂😂😂😂😂 Trump most to go,0,0,0,0,0,0
hausa_4_00853,A saki masu result wannan ai buwa uba ce 🤷‍♂️,3,0,0,0,0,0
hausa_4_00854,Aikin Banza Aikin Hofi. mtswwwww 🚶🚶🚶,3,0,0,0,0,0
hausa_4_00855,"Haka wata rana a kasuwa nazo wucewa wurin masu tallan magani sai kawai ya fara tallan maganin fitsarin kwance,Mara mutunci yana kallona wai “sai kaga shantalelliyar budurwa San kowa Amman abun mamaki ta tsula amalala a shinfidarta 😥,bakin ciki sai naji kaman Dani yake.",2,0,1,0,0,0
hausa_4_00856,Subhanallahi to sabo dame jamaa mudai bazaa kyalemu ba ke nan...😭😭😭,0,0,2,0,0,0
hausa_4_00857,Gaskiya Nigeria baza ta taba gyaruwa indai har Yan siya sar mu baza su cire son zuciya a ransu wlh.🙈 What a shame,0,0,3,0,0,0
hausa_4_00858,Wannan ba sabgar ki bace tsohuwa dan haka keep ur m*ther f**king mouth🤫,3,0,0,0,0,0
hausa_4_00859,Sabida a kano talakawa ke yanke hukunci ranar zabe da bulala😂,0,0,0,0,0,0
hausa_4_00860,Allah ya isa kudina😡,3,0,0,0,0,0
hausa_4_00861,Wuta bal bal 🔥 🔥 🔥,3,0,0,0,0,0
hausa_4_00862,Mu in anka hana Hijab 🧕🏻 kasarmu ai sai tashin duniya 😂😂😂,0,0,0,0,0,0
hausa_4_00863,Ashe shegen mijin hajiya ne 🤔🤔🤔,2,0,0,0,0,0
hausa_4_00864,"Yan kutumar uba., akwai guba a cikineh na yau din...😏",2,0,0,0,0,0
hausa_4_00865,Aikin banza dama sun barmata don ba amfanin karbowan 😡😠😡,2,0,0,0,0,0
hausa_4_00866,A tsigeshi yasin muna goyan baya 🙏🏻🙏🏻,2,0,0,0,0,0
hausa_4_00867,"Ya yi amai ya lashe...🐕 Chan da su gada, Allah ya raka taki gona....",2,1,0,0,0,0
hausa_4_00868,ALLAH ya kiyaye Abun yayi yawa Dawanne zasuji 😀😀😀,0,0,2,0,0,0
hausa_4_00869,Kaji mugu wato yinwa ta kashemu koh 😎,2,0,0,0,0,0
hausa_4_00870,"Ah tab wani ra'ayi yarage ansake shine yaje yamutu acan ba ahannun gomnat, R.I.P el-zazzaky😒😓",0,0,2,0,0,0
hausa_4_00871,tab Allah shi wadaran naka ya lalace! 😂,0,0,1,0,0,0
hausa_4_00872,Kunfi kowa iya hege ai a social media ai 👌🙄😏,1,0,0,0,0,0
hausa_4_00873,Yarike mukaminsa ba'aso ai sunusi yafi karfinshi shi kansa yasani. dan haka bamason matsayin🤷‍♀️ muza'a rainawa hankali ya nada yayan matarsa......🙄🙄🙄,2,0,0,0,0,0
hausa_4_00874,Uban kuturu yayi kadan su basu da raine saimu😠 mtwssss,3,0,0,0,0,0
hausa_4_00875,Kaji barawo ko ai idon magya ya waye babu wanda zai sake daukar kudinsa ya bayar saboda wani wanda bai damu da mutane kai allah wadae da wannan next level 🦍🦍🦍,2,0,0,0,0,0
hausa_4_00876,"Kuje majami’ai ko masallatai za’agayamaku gaskiya... Kude kunriqe hannunku kunbari anata cutar al’ummah, anata kashe marasa galihu, anata sacesu, Tundade ku idonku 👀 da kwalli. Amma Allah nanan ai Oppressors",0,0,3,0,0,0
hausa_4_00877,A naijeria meye ma bey lalace ba🤔,0,0,1,0,0,0
hausa_4_00878,Baba wanka kawai kake diba a Villa amma bai san ma abin da ke faruwa a Nigeria 🇳🇬 ba ko kadan 🤔,1,0,1,0,0,0
hausa_4_00879,Suna takura masa fa🤣,0,0,1,0,0,0
hausa_4_00880,Wannan Matsalar Su ce! Mu minti nan 🚀🚀🚀,0,0,1,0,0,0
hausa_4_00881,Waye wannan zai yi min kwacen Rahama 🤔💪,0,0,0,0,0,0
hausa_4_00882,Ke dan gidanku👊 bakasan yiwa mutane Reply ko🙄 @user,2,0,0,0,0,0
hausa_4_00883,Toh Kai garuje dama haka ake bada professor din Kai taste Kaida baka cikin system din ma🤔🤔🤔Allah yakyauta,0,1,0,0,0,0
hausa_4_00884,Ni wlh na tsani sakarci ☹️,2,0,0,0,0,0
hausa_4_00885,Gaskia baxa ayi sak ba wake da shinkafa za ayii na zabe nigeria 🇳🇬,0,0,0,0,0,0
hausa_4_00886,Kud tsiyarki bazai taba sanin kii ba🤪🤪 @user,0,0,0,0,0,0
hausa_4_00887,Kumai tsiyar Buhari 😂,0,0,0,0,0,0
hausa_4_00888,Saidai ranar mulkin Kama karya a Nigeria badai Democrat ba 😂,0,0,1,0,0,0
hausa_4_00889,Kodae axumin ne?😂😂,0,0,0,0,0,0
hausa_4_00890,Hegu suna washe baki😒 sun samu dollar,2,0,0,0,0,0
hausa_4_00891,Baza ayi aikinba kuma kudi an chinye 😂😂😂,2,0,0,0,0,0
hausa_4_00892,Ji gemun shege....shege dan gidan abun kwari.😾😾,2,2,0,0,0,0
hausa_4_00893,"Bubu yana sakin yan boko haram, amma yaqi sakin Zakzaky da dasuki😳 https://t.co/Us0zAZvNoG",0,0,1,0,0,0
hausa_4_00894,Mafi yawancin su basu shirya zaman auren ba chart da bacci yake kaisu gidaden auren ba raya sunna ba 👆,1,0,1,0,0,0
hausa_4_00895,mae girmaGov.kabarshi y karaso kawae kaci ubanshi😂😂,1,0,0,0,0,0
hausa_4_00896,So ake amaida Mata zindirawa 🤣😂🤣,0,0,0,0,0,0
hausa_4_00897,Ran maza ya bace🙆🏻‍♂️,1,0,0,0,1,0
hausa_4_00898,Da maganan guy din nan da haqin sigari duk daya suke sbd duk iska zasu bi 😏,2,0,0,0,0,0
hausa_4_00899,Dan Allah kazama nuclear😎,1,0,0,0,0,0
hausa_4_00900,😆😆ai shima dan siyasa ne kamar kowanne saboda haka babu wani laifi don anyi masa ihu kamawa tayi,1,0,0,1,0,0
hausa_4_00901,🇳🇬🇳🇬uwa Mai kashe ya'yan ta🇳🇬🇳🇬🇳🇬,0,0,1,0,0,0
hausa_4_00902,ku kun fiye jan bala.i BBC 🙄😷,1,0,0,0,0,0
hausa_4_00903,kuci Uwar mutumin nan kawai Babaa! Ya matsa maku 😭 https://t.co/0wQCYqed1N,3,0,0,0,0,0
hausa_4_00904,😂😂😂“@user: Arsenal ta doke Matsiyata a bayan gidansu 2-1 http://t.co/mbfHaBOyqu”,0,0,0,1,0,0
hausa_4_00905,Tashin hankalin da iyalan mu ke shiga fah meza kuce 🙂,2,0,1,0,0,0
hausa_4_00906,"Yayi ta banzar , abin daya kamata yayi ne dashi da duk wasu musulmin yan kwallon kafa, amma sun kasa, anyi mishi kuma wai zai kai kara..kaji shashasha😒",2,0,0,0,0,0
hausa_4_00907,Kunji yan gatan liti mugu arewa kuma su mutu ko 😭,2,0,2,0,0,0
hausa_4_00908,Wai nikam mene damuwan kuh da tafiye tafiyen tsohon nan neh kun ishe muh fah😏,2,0,0,0,0,0
hausa_4_00909,😂😂 haba sai kace ana hauka shine wallai Nigeria an raina matasa yoh dan shekara 71 daya kamata ace yana jiran mutuwarsa come n see😩😂,2,0,0,0,0,0
hausa_4_00910,Wlh a harkan nan kamar akwai baqin ciki the way these girls insulting kai kace su saboda rufe jiki ma da hijab suke bacci. Ku Kuma guys Sai kun gamma Kalle tsiraicin mace Sai kuzo Kuna wani surutun banza idan gaskia ne kowa yaje ya fara hana qanwar sa shigan banza.😠,1,1,1,0,0,0
hausa_4_00911,"Badai barayin,shanuoba awoi wata akasa wlh, mutum 100,kuma duok barayi ok toh shanu nawa zasuo satane 😎😎😎😎👂",0,0,1,0,0,0
hausa_4_00912,Shiyassa haryanxu bariki ke aurenkie😏,2,0,1,0,0,0
hausa_4_00913,Dan wahala allah ya la.ance ka🙄,3,1,0,0,0,0
hausa_4_00914,Wallahi ni Na tabbata shinkafar nan da wake ina cinye kwano 3 - N300 wallahi☝ Ni wai mutane suna bani mamaki ya za'ace shugaba da sunkai da son zuciya wajan fadar magana? Haba ko yaro karami an cewa wai shinkafar #30 ta kwassai?,0,0,1,0,0,1
hausa_4_00915,Which red LIPS🙄 Ke kaurama abu jan baki Wallahi labbanki kamat smeagol😂,1,0,0,0,0,0
hausa_4_00916,Shi kika yo ashe hanci kamar an naushi pura 🤫,2,0,0,0,0,0
hausa_4_00917,"Kadan suka miki wallahi ni 2,000 suka zare min ji nake kamar nae jumping din yau Gobe Na dira a bankin na musu Tijara Kuma yasin na Daen aeki Dasu😂😂😂😂",1,0,1,0,0,0
hausa_4_00918,Ɗan wahalan gwamna kenan😓,2,0,0,0,0,0
hausa_4_00919,Jaki kuma🤔 Injina jakunan garesu daza'a kaiwa tawagar gwamna hari akansu❓ Wannan ma ai zancen banzane😣,2,0,0,0,0,1
hausa_4_00920,Ko da kuturu ne👌🥰,0,0,0,0,0,0
hausa_4_00921,Wlh dazara kaga wanann kaga shaidan sak babu banbanci no wonder he has evil 👿 face wlh. Look at him very well,2,2,0,0,0,0
hausa_4_00922,"Ashema ghana basuda matamasu kyau, yanxu wagga ce kure adakar su 😏",0,1,0,0,0,0
hausa_4_00923,"Da kudinmu ma an hanamu wutar,balle ace za'a bamu kyauta😂",0,0,1,0,0,0
hausa_4_00924,Insha Allah hasashen su na qarya ne.✌,0,0,1,0,0,0
hausa_4_00925,Mugu dan masara 😀,1,0,0,0,0,0
hausa_4_00926,Real Madrid basu iya komai ba duk zasu buga Final sai sun hada da hassada 😏 Up @user,2,0,0,0,0,0
hausa_4_00927,Ke Hajiya u are disturbing us fa😏haba kullum Mati Mati mu bama kallon nanaye kiyi mana hakuri plz kar nasake gani 😏,2,0,0,0,0,0
hausa_4_00928,Menene kuma 'bam'🙄 wlh natsani abun haushi,2,0,0,0,0,0
hausa_4_00929,Kai mufa bamucin haram🤐🤐🤐,1,0,0,0,0,0
hausa_4_00930,hakan baxai hana aci gaba da cin ubansu ba!!! 👌,2,0,0,0,0,0
hausa_4_00931,Dasu da Arsenal duk ɗaya ne gwarama Arsenal ta karya da kofi😂,0,0,0,0,0,0
hausa_4_00932,Kowa yaci zomo yaci gudu ko ubansa ne sarkin daji🏃🏃,0,0,0,0,0,0
hausa_4_00933,Gaskiya jiya naji dadi da naga damuwa a fuskan mugunnan 😁😁🙄🙄,0,0,0,3,0,0
hausa_4_00934,Ta kwantowa Gwamnatin Ruwa!😅,0,0,0,0,0,0
hausa_4_00935,Kulu Allah wadai shi kene kawai 🤔,0,0,1,0,0,0
hausa_4_00936,Gaskiya fa akwai rawan kai sosai 😂,0,0,0,0,0,0
hausa_4_00937,Gaskiyane kuma duk wanda kaji baya goyan bayan malam akan wannan maganar cikin uku dolene asamu daya kodai munafikine ko kuma shima barawanne ko kuma bandits basu taba kashe wani nashiba ni sunkasheman 4 brother's da Sister daya😭😭 ina goyan bayanka 💯 Malam daga Birnin Gwari🙏,0,0,3,0,0,0
hausa_4_00938,Nigeria ta fara rikice ma baba yanzin zai fara gane yana mulki nigeria 😂😂😂,0,0,0,1,0,0
hausa_4_00939,Shi kuma fyaden wuri da zinar fa ya za'a magance shi 'ah?? Our ex king 😂😂,0,0,0,0,0,0
hausa_4_00940,Yar gidan cabal jairar yarinya marar kunya 😏,0,2,0,0,0,0
hausa_4_00941,Kai da kace addu'ar talaka Bata karbuwa???😎,1,0,0,0,0,0
hausa_4_00942,Shegu bbc!! 🤣 Wai beji dadi ba ko uban waye ya gayamuku haka?,2,0,0,0,0,0
hausa_4_00943,Gaskiya dai yin hakan akwai zalinci sosai 😏,1,0,2,0,0,0
hausa_4_00944,Ana iya shege a lanjeriya😂😂,0,0,0,0,0,0
hausa_4_00945,Ashe har kafi dangote ma suna a duniya........ Tramadol in action 🤣🤣🤣🤣🤣 https://t.co/dS90d9muV0,1,0,0,0,0,1
hausa_4_00946,"Ai sungama damu yasin.🙄 To Ina aka Baro Batun su Kwadi, kunama da Kuma su bera da jaba.",2,0,0,0,0,0
hausa_4_00947,🤣🤣🤣🤣🤣🤣 Kai abun ya fara isarka kenan kaida kace gwanda yan kasuwar ka suyi bara da korona ta kamasu,0,0,1,0,0,0
hausa_4_00948,Amma mu talakawa har yau bamuga amfanin sa ba 😢😭,0,0,2,0,0,0
hausa_4_00949,Muma munaji da satar mutane da fashi da makami😏suje chan su magancewa kansu matsalar su gwara ma su sunada tsaro kuma ba yunwa😏😏😏,1,0,2,0,0,0
hausa_4_00950,Haba ko Atiku aka tambaya yasan bazai iya cin ko jaha 1 ba🤣🤣😜,0,0,0,0,0,0
hausa_4_00951,Ammande wannan anyi dan akuya ☹️,2,0,0,0,0,0
hausa_4_00952,Sunu na mana wa dan da aka kashe kan nan mu yarda😒,1,0,1,0,0,0
hausa_4_00953,An bar wawa da biyan baashi😂,0,0,0,0,0,0
hausa_4_00954,"Kai Subhanallah 😥 Allah ya tona asirin Wanda yayi mata,Allah ka hanashi nutsuwar zuciya da kwanciyar hankali",2,0,2,0,0,0
hausa_4_00955,Baya fahimta kuma baya daganewa😣😔,0,0,2,0,0,0
hausa_4_00956,Wahala Tallar icce😂,0,0,0,0,0,0
hausa_4_00957,Tabar wawa da bahi🤣,0,0,0,0,0,0
hausa_4_00958,"Wa'iyazu billahi, ama dai wannan ba boko haram ne ba taadanci ne da rishin addini indai boko haram ne ya mutane suna cikin ibada kuma ana takura nusu, ya Allah ka kawoma bayunka dawki🤲 Amin",1,0,2,0,0,0
hausa_4_00959,Wannan Ai shashancine Kuma Wai a gonar baby kowa 😈😈😈😈,2,0,0,0,0,0
hausa_4_00960,CI UWARSU BABAH TSULA MUSU KEBIL😂😂😂😂😂,2,1,0,0,0,0
hausa_4_00961,"Mi kake yi da hoton mata a dakin ka? Karuwai nane.. Cut form the movie #TsalleDaya wallahi you give me laugh sir, the way you looked her 😂😂",0,0,0,2,0,0
hausa_4_00962,"Jama'a shikenan mu yan North East haka banza a ka barmu. Wallahi Cutar tayi yawa, yanzu wannan maƙudan kuɗaɗen wai aikin hanyar mota za'a yi a kudancin Najeriya. Tou Allah shine gatanmu😭",0,0,3,0,0,0
hausa_4_00963,Kwado ya fada ruwan Xafi😂,0,0,0,0,0,0
hausa_4_00964,Amma fa gaskiya scriptwriters basu kyautawa Nasiru Dan Malam ba 😂,0,0,1,0,0,0
hausa_4_00965,Amma ina tausaya masa Ya kashe rai Ya kashe kansa Tamb!!!🤔🤔,0,0,3,0,0,0
hausa_4_00966,Wallahi abunda ka iya kenan sae yawo da gajeran wando acikin yan cikin ka wae kai anan kana koya musu rawa 😎😎 mtswww Allah ya wadaran naka ya lalace #SecureTheNorth #SecureNorthNow #SecureTheNorth #SecureTheNorth #SecureTheNorth #SecureTheNorth https://t.co/jqlhOp0C1G,2,0,0,0,0,0
hausa_4_00967,Allah Sarki 😥 Dan Arewa Shine Ya Jawa Dan Arewa Har Ake Kallonmu Kamar Cirani Mukazo Kasar,0,0,3,0,0,0
hausa_4_00968,"😁 Ai matsalar duniya kenan, lokacin da wani ya bar abu a lokacinne wani kuma ke sha'awar shiga ko ke shigowa.",0,0,0,0,0,0
hausa_4_00969,To Yaya ranku yan baqin ciki 😂😂😂😂😂😂 messix,1,0,0,0,0,0
hausa_4_00970,Dai daga cikin abin da aikin ki ya jawo addini musulunci kenan.. Kin yi shigar banza anyi amfani da ita wajen aibanta mana fiyayyen halitta.. ALLAH ya kyauta.. ya kuma shiryi duk mai hali irin naku..😢,1,0,2,0,0,0
hausa_4_00971,Sudai kullun barakaji abun cigaba bah koh abunda zai amfani talaka bah sedai abunda zai amfani kansu idan babu tsaro a kasa yaushe hankalin mutum zai kwanta har yatuna da wani shayi balle yasha aikin banza kawai ☹️😎,2,0,1,0,0,0
hausa_4_00972,"Ashe ba iya mu yake yaudara ba har da matarsa , toh kishiya xaiyo maki kike wage baki 😁😁😁",0,0,0,0,0,1
hausa_4_00973,To Ana damfaran manya to Ina ga kuma Yara! 💪,0,0,0,0,0,0
hausa_4_00974,"Koyan diban kudin Qasa akai qasashen waje, tareda tarawa magada dukiyar qasa don gudin idan anbar duniya iyali suyu talauci 🙏 I’m sorry for saying that, I can’t be control of my tongue 🙏",0,0,2,0,0,0
hausa_4_00975,Ya za ku saka hoton dan sandan nan kuma ? 😂 Wasu sai suyi tunanin shine ya aikata fyaden ai,0,0,0,0,0,0
hausa_4_00976,"#InaaMatasaa? #InaaMatasaa? #AbbaZamanGidaDole. 🎶🎶🎶 Ayye Abba Ayye Abba Mamaye iyye. Ayye Abba an tafi kenan, Mamaye iyye. 🎶🎶🎶",0,0,0,2,0,0
hausa_4_00977,Ko yanzu ya sauka ae ya cucemu ya zalincemu allah ya isa 😭,2,0,2,0,0,0
hausa_4_00978,"Toh,🤦 muda bamu yarda d itaba mah",0,0,0,0,0,0
hausa_4_00980,Wanda suke shirin wargazaku dea wargaza Nigeria ai sai Allah amma inshaa Allah karshen gwamnatin zalunci yazo 😎,1,0,0,0,0,0
hausa_4_00981,Wannan maganar tayi mana zafi fiye da kayen da mukasha😭,2,0,1,0,0,0
hausa_4_00982,Ga koshi ga kwanan YINWA. 😂😂😂😂💵💴💶💵💴 #GidanBadamasiSeason2 #Episode7 Gobe Alhamis 8:00 na dare in sha Allah. Maimaicn #GidanBadamasiSeason2 ranar Juma'a da Lahadi da karfe 9:00am na safe. Only on #Arerewa24channel / #Arewa24OnDemand,0,0,0,0,0,0
hausa_4_00983,"Munga Gawar manoma 43, meyasa har yanzu ba'a ganin Gawar 'yan Boko Haram da ake kashe wa. Don ALLAH a dena wannan wasan karyan😥",0,0,3,0,0,0
hausa_4_00984,I talk am wolleh. Allah dai ya isan mana bamu yafe ba wuta bal bal 🔥 🔥,3,0,0,0,0,0
hausa_4_00985,Da sauran mu acikin Kashi Shida(6) a ce daya su ka warke Muna Ruwa😱😱,0,0,0,0,3,0
hausa_4_00986,Mu dai munga ta kanmu 😟,0,0,2,0,0,0
hausa_4_00987,Haaaa🤣 yau ga iskanci... Ai ba kashe gaban ya ke ba... Kara Mar karfi kawai yake,0,0,0,1,0,0
hausa_4_00988,"👉Wani Sabon #MugunLabari Ga PDP, maqiya Buhari da Nigeria 👉&amp; zasu ce Buhari ya kaisu yawon bude Ido gurin yan Taadda 👉So kuwa &amp; zasu Yi koqarin alakanta abin da yan #BokoHaram 👉Mu masoya Muna Murna ba a Rasa Rai ba",1,0,0,2,0,0
hausa_4_00989,Gsky Mal. tun da aka fara shirin #Labarina ba'a taba marar ma'ana irin na wannan satin ba.. Haka zalika yana bude hanyar barna ga masoyan da iyayen su suka hana su.. Kuma ta yaya mutanen da ya neme ta zai zamo abin mamaki don yayi wa wata ciki.. ya saɓawa hankali.😊,0,0,2,0,0,0
hausa_4_00990,Nidai kam da sauqi. Amma abokina fah da ya hadu dashi baiji da dadi ba. Don sati guda yayi da jallabiya daya jikinshi kuma yana saman bene bai sauqo ba😂😂😂,0,0,1,0,0,0
hausa_4_00991,Fitsararru dai👊 Yan iska marasa daraja😙,3,0,0,0,0,0
hausa_4_00992,Gaskiya wan nan alamari ya kazanta domin babu shi a hadisi kuma babu a Qur'an 😣😞,0,2,0,0,0,0
hausa_4_00993,Wannan kuma gwamnatin kano qarya take domin iya jiya nasan anyi mutuwa a cikin gari kawai ta kai 40 🤔,1,0,2,0,0,0
hausa_4_00994,Ku kunkoma ga Allan ne? Yanzu Kali abunda Jingir yace jiya Buhari Yana yin daidai duk da matsalar Tsaro 😭😭😭 na Dade da fuskantar Malam mu kune matsalar mu Bakwai iya fadawa gwamanti gaskiya Saboda abunda kuke samu daga wajen Gwamnati to Amma Allah na nan zaiyi alkalanci,1,0,2,0,0,0
hausa_4_00995,"Ya bazai Hana ba daman, tunda baya samun kudin revenue ta gurin su 🤷‍♂️",0,0,1,0,0,0
hausa_4_00996,Allah wadaran naka ya lalace🚷 wai sarkin musulmai 😳 Sai dai sakin munafukan musulinci,3,0,0,0,0,0
hausa_4_00997,Da sunyi maguɗi zamu hana masu VISA😎,0,0,0,0,0,0
hausa_4_00998,Duk duniya Najeriya tafi ko ina iskan da raina hankalin mutane🙄,1,0,1,0,0,0
hausa_4_00999,Kash! Kuma sai da aski ya zo dai-dai gaban goshi😏 Maraya baya shakkar mutuwar uban wani🙃,1,0,0,0,0,0
hausa_4_01000,Daji bakida kyaure saidai ga mahaukacin kafinta🤣🤣,0,0,0,0,0,0
hausa_4_01001,Allah yasa a cikin barbarar da tai an samu karuwa ba tafiar banza tai ba😂💔,0,0,0,0,0,0
hausa_4_01002,"Kutuma🤔‼️, toh alamu suna nuna cewa akwai lauje cikin nadi.",1,0,0,0,0,1
hausa_4_01003,Ko banza dai Covid_19 ta hana clubing da sauran aikin banza😂,0,0,0,2,0,0
hausa_4_01004,PDP &amp; APC duk. Munafukai ne. Mun Rasa. Na kwarae 😢😥😢,1,0,1,0,0,0
hausa_4_01005,Ko baka fada ba dolenmu muyi tunda ba ganinka zamuyi ba balle mu nuna maka fushinmu.😀,0,0,1,0,0,0
hausa_4_01006,Idan ba'a bamu ba ALLAH ya isa haqqi na😭😭,2,0,1,0,0,0
hausa_4_01007,Kai wannan tachi kai da yawa😨Dan Allah kusan irin mutanan da zakuna fira dasu,1,0,1,0,0,0
hausa_4_01008,Bazata Iya ba fah malam kawai dai fada take 😀😀😀,0,0,0,0,0,0
hausa_4_01009,Ayye Messi antafi kenan Messi ye iye Da losing yana raka losing Messi ye iye Da na bika mun tafi tare Messi ye iye 😂😂😂😂😂,0,0,0,2,0,0
hausa_4_01010,"Wai dan Allah dagaske shiyafada ko kuma sharri akaimai, to indai shiyafada yazama dole amiqashi asibitin mahaukata, indai kaga APC tacigaba da mulkin Nigeria to saidai inda bakin bindiga zata kwata, inkuma kuria za,a jefa aci za6e wlh anyi nafarko anyi naqarshe 🙅🙅🙅",2,0,0,0,0,0
hausa_4_01011,😂to meye na nemanta...? Tunda ba kaza ba ce ko rago da za'ayi gaba da ita akai gida🏃 kawai aje daji a bincika,0,0,0,0,0,0
hausa_4_01012,Duk zakunan da ya gama saki amman har dubu goma😩Allahumma ajirni fi musibati....,0,0,2,0,0,0
hausa_4_01013,"Hmmm wai hauka, Kamar Qasa Mai Mutum Sama da 200m ake maganar wai wannan shine jaririn farko? Wllh ba gaskiya bane shidai suka fada kawai🤔",1,0,1,0,0,0
hausa_4_01014,Kuna nufin akwai qura a ministirin A〽️ar♈a kenan?,0,0,0,0,0,0
hausa_4_01015,Karka kuke Manya banza manyan wofi marasa kishin Al'umma kuna Girma kuna karya🥴🥴🥴🥴,3,0,0,0,0,0
hausa_4_01016,Dan kuka maijawa uwarshi nifa🤣,0,0,0,0,0,0
hausa_4_01017,"🤣🤣🤣 yana ruwa, inconclusive.",0,0,0,0,0,0
hausa_4_01018,"Matsalana daku Kuna da gulma wlh, Ina ruwanku ba jikinsa bane ya Kona Mana 😂",2,0,0,0,0,0
hausa_4_01019,"#YauDaGobe babu Shakka matsalar da ake samu kenan yanxu baza a bar mace ta zaba ma kan ta, uban yayan ta nagari ba, koh me yasa🙊🙊🙊",0,0,2,0,0,0
hausa_4_01020,Matan yanzu ma ƙauyanci yayi musu waya tun canda akayi yayin abaya . Ama suje su tambayi Elders. Nikam bazan ƙauyantarda masoyiyata bah wollah🤪,0,0,0,0,0,0
hausa_4_01021,"Shifa ba kauye koyaje birni sai ya shekara 40 kafin ya waye, gidadawa KD sai a kara jiran lokaci 😂🤣😂😂",0,0,0,1,0,0
hausa_4_01022,Funny ....Wai Ya ciji bargo...😹 This one weaken me wlh.... Wato Sai dai kaji Ana cewa El~Muaz ya ciji bargo 😂😹,0,0,0,2,0,0
hausa_4_01023,Allah kajanyewa duk Wanda ya janye mana tallafi🤲🤲🤲🤲🤲,2,0,0,0,0,0
hausa_4_01024,Tsabar rashin Imani da bakin zuciya ne ... Tun da aljanun basu taba tashi ta yanki tsohuwar ta da Adda ba ko tsohonta sai da za’a mata kishiya bayin Allah basu ji ba basu gani ba ta sassarasu da Adda🤔,2,0,0,0,0,0
hausa_4_01025,"Gaskia akwai lauje cikin nadi, Wannan duk Bazai wuce politics ba, Kuma bazai rasa alaqa da tallafin kudi da gwamnatin kano ta nema ba ga gwamnatin garayya!!, Nidai ban tabajin inda aka fara gwajin covid ba Kuma aka dakatar Sai a kano. 😭😭😭This is very bad wallahi",0,0,3,0,0,0
hausa_4_01026,And so fucking what if you insulted and don’t you knows that it’s said “in baba baiji kunyar hawa jaki ba to jaki ma bazai ji kunyar kada shiba” We move✊🇳🇬,3,0,0,0,0,0
hausa_4_01027,"Makaryatan banza da wofi! Kudai wlh bakuda kunya, tsiya da talauci ya kare a gindinku 😎",3,0,0,0,0,0
hausa_4_01028,Kai jama’a kaga tako.......cikin taye ake son a bar kaman yan wiwi 🤣🤣.......I ringa saida a kwali Kamar taba sigari 🤣......to ai hekenan🤐,0,0,0,1,0,0
hausa_4_01029,Buhari yanxu zaiji yanda mukaji.....zai tabbatar da yaudara ba dadi😂,0,0,0,1,0,0
hausa_4_01030,Kai gaskia wannan masifar tana daga hankali wai mutum yazama kamar dabba a kasuwa😳,1,0,1,0,0,0
hausa_4_01031,Idan bakada asali da kauye to kashiga ukku domin kuwa kai dan tasha ne☝️,0,0,0,0,0,0
hausa_4_01032,"Zaria birnin ilmi,Zaria kowa malam. Ku kanawa kunsan ku bayin mune.Akwai wata Kofa a Kano ana ce mata kofan mata,Ko kunsan tarihin kofan.Da Queen 👸Amina ta zaria taci Kano da yaki sai tace duk mata suzo su wuce ta wannan kofan sai sarki zamanin yayi shigan mata yazo ya wuce 🤣🤣",0,0,0,1,0,0
hausa_4_01033,Gaskiya kefa baki da kunya saboda hka nace kinyi girman banxa fah shekara sama da 30 amma babu hankali tare dake 😎,2,1,1,0,0,0
hausa_4_01034,"Kutmelesi yanzu wadan nan wai mata neh 😾😂...Kuma Wai suna da wadanda suke san su,koh dayake na money be fine bobo🤣",0,0,0,0,0,2
hausa_4_01035,Kutt ashi dai muma zamurafa saka ishirin ka maraya ba ruwammu 😅😅😆🤣,0,0,0,0,0,0
hausa_4_01036,🤣🤣🤣 kai issoufou din ga wallahi yama raina muna da hankali toh girmamawar mi che A kabashi ???,1,0,0,0,0,0
hausa_4_01037,"Kai wannan matan ta kwashi kudi, rai da kwadayi knan ina zataje da kuddi kuma na haram ma haka 🤔🤔",0,0,0,0,0,0
hausa_4_01038,"Even waƴanda basu da aure yana kawo saɓani tsakanin masoya 😊, yanuwa ana kiyayewa 🙏🏻",0,0,0,0,0,0
hausa_4_01040,Me Yasa Kake Kwapsawa Don Girman Allah 😭😭,0,0,2,0,0,0
hausa_4_01041,"Wan nan batu haka yake, ace kana tsohon soja kuma mai muqamin #_GEN fah amma ace harkar tsaro ta gaza samuwa. Tur da shugaba irin kah wallhi 😭. Allah ka shiryi yan bindiga/garkuwa da mutane/ Boko Haram in suna da rabo, in Kuma basu da rabo Allah kai mana maganin su...😭🙏",1,0,3,0,0,0
hausa_4_01042,Ana wahalar damu😭,0,0,3,0,0,0
hausa_4_01043,Haiwuwan farko horon gindi 😂... Ngla... Muje zuwa mahaukaci ya hau kura,0,0,0,0,0,0
hausa_4_01044,Bara kuje kuyi aure bah kuntsaya shirme this is and advice take it or leave it 😕,1,0,2,0,0,0
hausa_4_01045,Mu dai a Kaduna ana Mulkin Hauka 😭😭,1,0,2,0,0,0
hausa_4_01046,Wahala for who dey single Wallahi 🤗🤗,0,0,0,0,0,0
hausa_4_01047,Rana bata karya Aimaka rana kaiwa mutundare Damar save kubarshi U😋😋😋,0,0,0,0,0,0
hausa_4_01048,Kichanza tailor. Ask me why? Pic 1 &amp; 2 is quite okay Pic 3&amp;4 breast cub din ya loose ciki ND ya nuna chiko kikayi 😂🤣😂😂🤣😂,0,0,0,1,0,0
hausa_4_01049,Kai wannan rashin son zaman lpy ne! 🤫,0,0,1,0,0,0
hausa_4_01050,"Talauci Talauchi To shin Ku minene naku kun kwashe kudin talakka kunkai kasashen waje kun danne kuzo kuna maganar talauchi? Ai Ku kun kubuta kubari mu talakkawa Allah shi yimana mafita tunda bamuda amfani a wajan ku sai ranar zabe ta dawo muje muyi muku bauta, wllh Allah Ya'isa😭",2,0,3,0,0,0
hausa_4_01051,"😭😭😭😭😭😭 ya arewa Babu abin dazamuce saidai Allah ya,isa Allah ya isa Allah ya isa",2,0,2,0,0,0
hausa_4_01052,Gskya ne Amma kaso mai yawa ma'aikatan Jaridune Sboda duk mai hankali bazai ga gidansa naci da wuta yakasa ihun neman taimako ba😎,0,0,2,0,0,0
hausa_4_01053,Hope wannan guy din bai min kapa ba abin naki dear harda yaudara kuma... Inada kishi pa on u anything can happen 😂😂😂,0,0,1,0,0,0
hausa_4_01054,Hmhmhm 🤔🤔 kaih jama a yanzu wait ace buhari baidamu halin da Yan kasa kaiciki,0,0,2,0,0,0
hausa_4_01055,Kai kaji wata hauka shi buhari Allah ne Allah bai yafe hakkin wani ba da kansa shine shikuma bil'adama tsabar ya tabbata bai da hankali sai ya yafe ma bawa dan uwansa hakkin da ya kasance na ubangiji sa ne? 🤔 🤔 Sai kace ba a kasar musulunci muke ba,2,0,0,0,0,0
hausa_4_01056,"Gaskiya buhari yaji kunya inhar ya santa, ace gudan shugaban kasa a gidansa ma ba zaman lafiya 😏",0,0,2,0,0,0
hausa_4_01057,"Buhari yayi ikirarin cewa duk wasu abubuwa dake faruwa dayawansu baema san suna faruwa ba, me hakan ke nunawa ga talakawan nigeria kenan🥺🥺 @user",0,0,1,0,0,0
hausa_4_01058,Gaskiya wannan lamarin maiyi dadi bah wlh 🙄🙄🙄,0,0,3,0,0,0
hausa_4_01059,Allah ubangigi yasa gawan sa za a dawo dashi nigeria 🙌,2,0,1,0,0,0
hausa_4_01060,Aka ce an dauke majigin cinema din gaba daya Amma wai an Kama barawon Yana kwalli polis teshen...👈👈👈👈,0,0,0,0,0,0
hausa_4_01061,Ana yaudarar mutanen da wannan zancen dama😶,1,0,1,0,0,0
hausa_4_01062,Ka daukaka kara konine bazan yardaba.😂😂😂,1,0,0,0,0,0
hausa_4_01063,Mai Yasa Bakuyi Kira Akan Tallafawa Talakawa Ba Akan Abinda Zasuci Idan Sun Zauna A Gida🤔.....?,1,0,0,0,0,0
hausa_4_01064,Hhhhhh 😂 Allah sarki yana ruwa gsky,0,0,0,1,0,0
hausa_4_01065,😂😂😂 chabbbbbbbbbbbb babbar magana Allah yasa Buhari ma ya '6ata' 🙏🙏,0,0,0,0,0,2
hausa_4_01066,Wai shikam dan jarida baya mutuwa ne 😂,0,0,0,0,0,0
hausa_4_01067,Anshiga Uku wannan wane irin mulkine wai 😪🤔??,0,0,2,0,0,0
hausa_4_01068,Ina ga Nigeria nan gaba Dan north Korea 🇰🇷 zamu je mu dauko yazo ya mulke kawai musha wahalan kowa ya gyaru,1,0,1,0,0,0
hausa_4_01069,Banga laifin suba Dan yan damfara sunyi yawa a Nigeria 🇳🇬 Amma 99% duk yan kudan chin Nigeria ne,0,0,1,0,0,0
hausa_4_01070,to yau ko kashe mutane da akeyi yayi shuru ballantana wanga abu 😭,0,0,3,0,0,0
hausa_4_01071,"Amma gaskiyaaa🤔 binciken ya fara xama hauka, kawai sai ta kwanta xuma su ringa harbinta da ke ta xama irinku. Mtsewww",2,0,0,0,0,0
hausa_4_01072,Abin kunya mata tafi miji sanin yakamata 😏,0,0,2,0,0,0
hausa_4_01073,"Hmm, suma yan Nigeria 🇳🇬, ku zauna a qasar ku, kun ki? Gashi yanzu ana ta kashe ku 😞",0,0,3,0,0,0
hausa_4_01074,To wai meyasa bazasu gwada a sauran kasashenda sukafi afirka wannan annoba bane. Akwai lauje chikin nadifa🤔🤔,0,0,1,0,1,0
hausa_4_01075,Kaji yan Kutumar uba ai kuwa akwai dadi ka Dannama mutum ashar Musamman kayimai irin mai steps dinnan like uban babanka🤨,3,0,0,0,0,0
hausa_4_01076,Rakumi girman ka na banza dan akuya ya fika duwaiwai. 😅,1,0,0,0,0,0
hausa_4_01077,Kaji wata karya me rudarwa🤣🤣🤓,0,0,0,0,0,0
hausa_4_01078,Ni wai yan katsina dama haka suke Akwai kofar kwaya 😄😂,0,0,0,0,0,2
hausa_4_01079,Banji ba Kwartanci ko me 🙄,0,0,0,0,0,0
hausa_4_01080,"Kai ka ji renin wayo, hatta shi Wanda ya kamanma in ka bibiya shi ya fi kowa iya sata a lokacin da ya xana tashi WAEC din. Mtsewww 😗 ku bar yara su huce fushinsu na Corona, don kuwa kwakwalwarsu ta riga ta yi sanyyi.",2,0,0,0,0,0
hausa_4_01081,Abin kunya ba ya karewa a Nigeria 😱,0,0,2,0,0,0
hausa_4_01082,"Ba labari me dadi a Nigeria, yan ta'adda na yaqarmu, shuwagabanni na mana izgili😢",0,0,3,0,0,0
hausa_4_01083,"Allah ya tsinewa kalaman garba shehu makaryaci wawa marassa kisin yankinsu , idan hakane meyasa akanemi kuri'ar su a 2015 da kuma 2019 ?, wlh Allah wadai da kai DA buhari Allah , ya isa kuncin Amanar mu wlh zakuga karshinku,😭",3,0,0,0,0,0
hausa_4_01084,Subhanailla 😢 😢 Innalillahi wa'ina ilaihim raji'u 😭 Wannan ai ba abubane Mai kyau wllh Ni dai a matsayina na shiga ace an samu irin wannan Abun kunya wllh,0,0,2,0,0,0
hausa_4_01085,Lalle wannan kurtun dan iskane wato har yasamu daman posting da wayarta. 🤔🤔🤔🤔,2,0,0,0,0,0
hausa_4_01086,😢😢😢😥munaji munagani an rabamu da kannenmu acikin wanyanda yan bindiga suka sace akwai yan garina amma shiru kakeyi allah ka isarmana mana 😭😭,2,0,2,0,0,0
hausa_4_01087,Suhanallah😢😢😭😭😭 @user: Harin bama bamai ya kashe mutane 44 a Jos. http://t.co/UcHYu7hlux,0,0,3,0,1,0
hausa_4_01088,Wannan tsohon nikam wai meh neh damuwar sa yin karya neh! Fisabillahi 🤔🤨😐,2,0,1,0,0,0
hausa_4_01089,Dama ana tilasta yin Ibada babu niyya? 🤔,0,0,0,0,0,1
hausa_4_01090,“@user: An sace 'yan kasar China a Nigeria http://t.co/Cb7mdeyOgF”again? tf dis country is turning into?😭😂😭,0,0,2,0,0,0
hausa_4_01091,a matsayinshi na me digiri ya rasa darasin da zai nunawa matasa sai na tuyar kosai. kodai kodai 😂,0,0,0,0,0,0
hausa_4_01092,"Kai Cho 🤔🤔 wannan karin maganar shine dai dai da irin salon mulkin Manjo mu Al, ummar arewacin Nigeria mun zabe shi yana cin uban mu yan kudu suna cin moriyar mulkin sa shine inuwar giginya na nesa kan shaki buhari",1,0,2,0,0,0
hausa_4_01093,Ke ba ko kyau gareki ba sai tsabar iskanci shashasha kawae😠😠😠,3,0,0,0,0,0
hausa_4_01094,Hmm kai jama'a 😂 wai talaka ma baza a kyaleshi ya sararawa rayuwar sa ba knn,0,0,2,0,0,0
hausa_4_01095,Wai shi wannan yaushe zai daina wannan mummunan halin😏 https://t.co/0RPGo3DGqF,1,0,2,0,0,0
hausa_4_01096,"waima tab!! Wani Atiku, Alqur'an Kano, Katsina, Kebbi sunfi karfina sa 😁😀 https://t.co/hwtdl7dbGj",0,0,0,0,0,0
hausa_4_01097,"Dama bayida wani anfani, sai dai kawai yan kudun Nigeria dasuke koyawa yan arewacin Nigeria iskanci👌🏻. Eg Zina!",1,0,0,0,0,0
hausa_4_01098,Kutumar uba! Sai ka ce gwanja 😅,0,0,0,0,0,0
hausa_4_01100,Wai Shi'a tafi Sunnah.🤔 Lallai ka koma Karatu Kuma Kamaida hankali Nonsense..😏,2,0,0,0,0,0
hausa_4_01101,Ashe kaima kana Dana KARYA. 😂🤣😂,0,0,0,0,0,1
hausa_4_01102,Amma Kuma mai lalata tarbiya da watsa ingancin macen aure ne!!👌,0,1,1,0,0,0
hausa_4_01103,Tatsuniya kenan 😂😂🤣🤣😘😘 wai kayan yan kasuwa Allah dea wadaran naka ya lalace wato kai kaine baka tsoran Allah shiyasa suka turoka kayi bayani,1,0,1,0,0,0
hausa_4_01104,"Innalilahi ji karya dan Allah, wallahi basu tsoron mutuwa mutanen nan😭😭😭😭",1,0,2,0,0,0
hausa_4_01105,Tinda nake ban taba ganin hoton dan ta’adda dan lukuti ba Sedai sirara Meyasa🤔?,0,0,0,0,0,1
hausa_4_01106,Allah ya wadaran naka ya lalace Na wani ya gyaru Amma wanga kan ku bincike shi dun ya fara zarewa kana musulmi Amma baka da tunani ah matsayin ka na malami ko da yake dan PDP ne kuma lashe money 💰,2,0,0,0,0,0
hausa_4_01107,Innalillahi wa Inna'ilaihi raju'un Hakan ba shegar islama bane Kuma ba burgewa bane Kuma ba addini neba hakan Kuma ba adalce bane hakan Is bad dress 👗❌❌❌❌,0,1,2,0,0,0
hausa_4_01108,Kun bamu kunya gaskiya 💔😂,0,0,1,0,0,0
hausa_4_01109,Lolz Baku hango wani rikici ba 😂😂 Ga lukman ga sumayya ga hajiya Daso😅ga Kuma Yar kasan waje toh Wai kallo y koma sama🙄,0,0,0,0,0,0
hausa_4_01110,kenan ke fizaran riyace rahama💔😭😂,0,0,1,0,0,0
hausa_4_01111,"Ah, wai a hakan akwai tallafi kenan? 🤔😀 Idan kun janye ai bazaku janyewa talaka oxygen din da zai shaka ba.",2,0,0,0,0,1
hausa_4_01112,"Kai; wannan gomnanma barawone dashi ake hada baki, koma ince yaransane -lntelligent 😎",1,1,0,0,0,0
hausa_4_01113,Labarin tada hankali bbc mungaji haka🤫🤫🤫,0,0,0,0,0,0
hausa_4_01114,Amma dai Yaya Babba anji kunya...🙄,0,1,0,0,0,0
hausa_4_01115,Toh fa wata sabuwa yanzu ba a samu 15BN ba Kanawa zakuji a jikin ku Allah 🤣,0,0,0,0,0,1
hausa_4_01116,tab lallai akwai ƙura 🤔 ya ɓata? sai kace wata kaza',0,0,0,0,0,1
hausa_4_01117,Subhanallah! Wai iyayen nashine basuda imani😳 kaji hege.,2,0,1,0,0,1
hausa_4_01119,"Ya Rabbul Alamin, ka kawo mana karshen wannan annobar dake damun mu. Amin.🤲",0,0,0,0,2,0
hausa_4_01123,Subhanallah! Ya allah ka cecemu😢,0,0,1,0,2,0
hausa_4_01124,Inna lillahi wa inna ilaihi raji'un. Again kuma dai...Allah kai kasan dalili Allah mun tuba Allah ka takaita wadan nan masifu da ka jarrabi kasar mu da su😭😭,0,0,2,0,1,0
hausa_4_01126,😭😭😭wa Inna ilaihirraji'un allah kaine gatan bawa allah kaduba bayinka allahumma ajirni fi musibati,0,0,3,0,0,0
hausa_4_01127,Allah yayi muna maganin waɗanan fitintunu😥🙏,0,0,2,0,0,0
hausa_4_01129,💞 ALLAH 💞 yay mana maganin wannan musiba,0,0,2,0,0,0
hausa_4_01132,Innalillahi wa'inna ilaihirrajiuun😢 Allah muntuba ka tausayamana.,0,0,2,0,0,0
hausa_4_01133,LGBT 🏳️‍🌈 Wa’iyazubillah Allah ya shiryeki shirin addini 😢😢,0,1,0,0,0,0
hausa_4_01136,"Ya Allah ka kawo mana sauki wannan Al'amari. Kai kadai Ka isa da haka, Ya Allah ka bamu basira da fahimta ta yadda za'a magance wannan annoba da ta bullo a duniya. Amin Allah muntuba 👐🏽👐🏽🙏🏽🙏🏽. Astagfirillah wa'atubu 'illaika.",0,0,2,0,2,0
hausa_4_01137,Inna lillahi wa'inna ilaihi raji'un Allah kamana tsari da yan luwadi da madigo 👏,0,2,0,0,0,0
hausa_4_01138,Ubangijin rahama Allah ya kawomana karshen wannan lamari 😭😭Dan arzikin manzan Allah (S. A. W.) 👏👏👏🤦,0,0,2,0,0,0
hausa_4_01139,Allah Ubangiji yakara Karewa daii 🙏 🙏,0,0,2,0,0,0
hausa_4_01140,Allah yyi mna mgnin cutar nan dea 😷,0,0,1,0,1,0
hausa_4_01142,Kaduna dai kuma😰. Allah ya kawo muku zaman lafiya da ragowar jahohin arewa da suke fama da wannan masifa. Amin,0,0,3,0,0,0
hausa_4_01143,"Allah mun tuba ka Mana gafara , Dukkanmu masu laifi ne, Amma fiyayen mai laifi shine inyayi laifin sai ya tuba ga Allah, shi Kuma Allah mai karbar tuba ne👋",0,0,1,0,1,0
hausa_4_01144,"Subahanallah, Allah kah kawomana sauki cikin gagawa. Ameen🙏🙏",0,0,2,0,0,0
hausa_4_01145,Subhanallahi Allah ya Maryar musu da alkairi wa'inda sukayi asara sakamakon wannan gobarar Muna Addu'ar ubangiji Allah ya Maryar musu Alkhairi 🙏🏽🙏🏽,0,0,3,0,0,0
hausa_4_01146,Subhanallah Mugun ji mugun gani Allah ka tsare mu🙏🏻,0,0,0,0,1,0
hausa_4_01147,Allah Ka tsare mu da auren makasan mu 🙏🙏,0,0,1,0,1,0
hausa_4_01148,Allah sarki Sudan Suma zasu shiga sahun Libya Allah yajikanku Sudan 😢😥,0,0,3,0,0,0
hausa_4_01149,"Innalillahi wa'inna ilaihi raju'un, Ya Allah ka kawo mana karshen wannan masifan ya Rabbi 🤲🤲",0,0,2,0,2,0
hausa_4_01150,Innalillahi wa innailaihi rajuun wannan wace irin mashifa ce yau ayi nan gobe ayi can Allah yakawo mana dauki🙏,0,0,3,0,0,0
hausa_4_01151,"😣 Innalillahi wa'inna ilaihirraj'un. Ya kamata Hankalin me yankan Kaba ya koma kan runa, mutane su gyara halayya da dabu'u su kuma yawaita. """"""""""""""""""""""""""""""""Astagfirullah wa atubu ilaih""""""""""""""""""""""""""""""""",0,0,2,0,0,0
hausa_4_01153,Allah ka kawomana qarshen wannan bala'in😭😭😭😢😢😢,0,0,3,0,1,0
hausa_4_01155,"Allah ka kawo Mana karshen wanan jarrabawan🙏 ka karemu daga sharrin wadan Nan mugayen mutanen nan. Allah ka bayyana Wanda suka kama, Kuma ka tona musu asiri duniya da lahira. Ameeeeeeen",0,0,2,0,2,0
hausa_4_01156,Ya subhanallah 😭💔 Ya Allah ya kawo mana qarshen wannan anobar kafin azumin watan ramadan 🙏,0,0,2,0,2,0
hausa_4_01157,Rabbana laa taj'alna fitnatallillazina amanu👏,0,0,0,0,0,0
hausa_4_01158,Subbuhanallah. ya allah ka kawo mana karshen Wanan masifar a kasarmu Nigeria 🇳🇬,0,0,2,0,0,0
hausa_4_01159,INNALILLAHI WA INNA ALLAEHIM RAJU UM ALLAH yakawomuna karshen wannan masifan AMEEN 😭😭,0,0,2,0,1,0
hausa_4_01160,Innalillahi Wainna Ilaihir Raji'un 😭😭😭😭😭😭😭😭 Ya Allah Forgive Us And Bring Peace In Our Country.Amin #ZabarmariMassacre https://t.co/J8R9PeMg8q,0,0,2,0,2,0
hausa_4_01161,Innalillahi wa'ina ilaihim raji'u 😭😭😭 subhanailla 😭 Ya Allah karka kawo Mana wannan bala'i da wannan mutum yake kawo mn shi Ya Allah ba zamu iya ba wllh Allah ka iya Mana,0,0,2,0,2,0
hausa_4_01162,Allah ya tsaremu ya karemu da tsafi koh wane iri ne da kuma sharrin mutum koh aljani🤲,0,0,0,0,2,0
hausa_4_01163,Inna lillahy... Allah ya kawo mana saukin wannan mummunar yanayi🤲,0,0,2,0,0,0
hausa_4_01164,"Soyayya gamon jini: Saurayin ɗiyar Gwamna Ganduje, Fatima, ya sanya mata zoben neman aure",0,0,0,2,0,0
hausa_4_01165,Na yi farin cikin jin muryan diyata – Mahaifin Leah Sharibu,0,0,0,3,0,0
hausa_4_01166,"Allahu Akbar: Shekaru 14 da rasuwar Sheikh Jafar Adam, Yaronsa ya sa wa ‘Dansa suna Jafar",0,0,3,0,0,0
hausa_4_01167,"Kanwar Gwamnan Gombe, Hajiya Aisha Yahaya, Ta Rasu, Shugaba Buhari YA Yi Ta'aziyya",0,0,3,0,0,0
hausa_4_01168,Allah daya gari bamban: Yadda wani mahaifi ya yanka diyarsa don shayar da dodonsa jini,0,2,1,0,0,2
hausa_4_01169,Yan da zaka sarrafa bolar gidanka ta dinga kawo maka kudi,0,0,0,0,0,1
hausa_4_01170,"Yanzu-yanzu: Allah ya yi wa Dan Iyan Kano, Alhaji Yusuf Bayero rasuwa",0,0,3,0,0,0
hausa_4_01171,Allah ya yi wa mahaifiyar Gwamna Fintiri rasuwa,0,0,3,0,0,0
hausa_4_01172,Innalillahi wa inna ilaihir raji'un: Allah ya yi wa mahaifiyar Halima Atete rasuwa,0,0,3,0,0,0
hausa_4_01173,Allah ya yiwa babban malamin Izala a Kaduna rasuwa,0,0,3,0,0,0
hausa_4_01174,Aisha Buhari ta taya mata 2 da suka samu nasara a zaben fitar da gwani na takarar Sanata murna,0,0,0,2,0,0
hausa_4_01175,Yanzu-yanzu: Allah ya yiwa mahaifin Makarfi rasuwa,0,0,3,0,0,0
hausa_4_01176,Matar jajirtaccen soja da ya rasu Abu Ali tayi alkawari,0,0,2,0,0,0
hausa_4_01177,Garabasa: Hadiman Marafa a APC sun samu kyautar motoci 41,0,0,0,2,0,0
hausa_4_01178,Da duminsa: Allah ya yiwa babban limamin Masallacin Quba rasuwa,0,0,3,0,0,0
hausa_4_01179,Allah ya yiwa Farfesa Shehu Dalhatu na Jami'ar BUK rasuwa,0,0,3,0,0,0
hausa_4_01180,"Bidiyo da Hotuna: Ƴar Indimi ta auri biloniyan ɗan sarki, Malik Ado-Ibrahim",0,0,0,2,0,0
hausa_4_01181,Innalillahi: Allah ya yi wa mahaifiyar Aminu Alan Waƙa rasuwa,0,0,3,0,0,0
hausa_4_01182,"Sarkin Hausawan Legas, HRH Alhaji Muhammadu Sani Kabir, ya rasu",0,0,3,0,0,0
hausa_4_01183,Shika-shikan soyayya masu kyautata zamantakewa,0,0,0,0,0,0
hausa_4_01184,Da dumi-dumi: Allah Ya Yiwa Dan Sanata David Mark Rasuwa,0,0,3,0,0,0
hausa_4_01185,Zaben Ekiti: Kalli hotunan murnar magoya bayan Fayose bayan sun yi ikirarin hango kyallin nasara,0,0,0,2,0,0
hausa_4_01186,Masha Allah: NUC ta amince wa BUK ta fara yin digiri a fannin Shari'ar Musulunci,0,0,0,2,0,0
hausa_4_01187,Da duminsa: Allah ya yiwa Wazirin masarautar Hadejia rasuwa,0,0,3,0,0,0
hausa_4_01188,Allah ya yi wa jigo a jam'iyyar PDP rasuwa,0,0,3,0,0,0
hausa_4_01189,Obanikoro ya yi murnar sauya sheƙa ta ɗan sa zuwa APC,0,0,0,0,0,0
hausa_4_01190,"Allah Sarki: Ta kwankwaɗa ma yaronta kalanzir, ca take ruwa ne",0,0,3,0,0,0
hausa_4_01191,Gwamnatin Zamfara ta yi murnan cika makonni biyu babu mai Korona a jihar,0,0,0,3,0,0
hausa_4_01192,Buhari da Aisha na murnar shekara 30 da aure,0,0,0,2,0,0
hausa_4_01193,Bikin gasar sarauniyar kyau ta duniya ya samu cikas,0,0,2,0,0,0
hausa_4_01194,Ahmed Musa ya taya Kano Pillars murna,0,0,0,3,0,0
hausa_4_01195,Shekara 60: Daular Larabawa ta taya Najeriya murna,0,0,0,2,0,0
hausa_4_01196,KEDCO ya taya sabon Sarkin Dutse murnar darewa kan karaga,0,0,0,2,0,0
hausa_4_01197,EU ta gargadi China kan taimaka wa Rasha,0,0,0,0,0,0
hausa_4_01198,Faransa na kokarin afka mana da yaki - Sojojin Nijar,0,0,0,0,2,0
hausa_4_01199,Zulum ya shammaci wasu malaman Firamare da jarabawar ba-zata,0,0,0,0,0,3
hausa_4_01200,Malami ya bai wa dalibansa nasarar jarabawa saboda murnar baiko,0,0,0,2,0,0
hausa_4_01201,Gwamnonin APC sun taya Buhari murnar cika shekara 77,0,0,0,3,0,0
hausa_4_01202,Gidauniyar Rasuulul Aazam ta taya Shugaba Buhari murna,0,0,0,3,0,0
hausa_4_01203,kungiyar ASALLIN ta nemi gwamnati ta rika damawa da ita,0,0,0,0,0,0
hausa_4_01204,Japanawa na murnar samun daukar nauyin gasar Olamfik ta 2020,0,0,0,2,0,0
hausa_4_01205,Dalilin da nake neman na kaina duk da arzikin mahaifina —Yayar Davido,0,0,0,0,0,0
hausa_4_01206,Allah Ya yi wa Ahmed Aja Gwarzo rasuwa,0,0,3,0,0,0
hausa_4_01207,‘Don taya Fintiri murnar cin zabe muke tattaki daga Kaduna zuwa Yola’,0,0,0,2,0,0
hausa_4_01208,Mutumin da ya bai wa matar da yake so kodarsa ta ki aurensa,0,0,2,0,0,0
hausa_4_01209,Dalilin da ya sa nake fitar da albam biyu duk shekara - Nura M Inuwa,0,0,0,0,0,0
hausa_4_01210,Allah Ya yi wa Sani Gwarzo rasuwa,0,0,3,0,0,0
hausa_4_01211,Tarihi da rayuwar ’yan Afirka da ke kula Kabarin Manzon Allah (SAW),0,0,0,0,0,0
hausa_4_01212,Zaben 2019: Baba kar a yi SAK!,0,0,0,0,0,0
hausa_4_01213,Dakarun Rasha na daf da mamaye babban birnin Ukraine,0,0,0,0,2,0
hausa_4_01214,Hamza Al-Mustapha ya kai wa Wike ziyara a Fatakwal,0,0,0,0,0,0
hausa_4_01215,Fashewar gas ta jefa garin Ilorin cikin zullumi,0,0,0,0,3,0
hausa_4_01216,Yadda nake kuka a fim- Nafisa Abdullahi,0,0,0,0,0,0
hausa_4_01217,Ayyuka da alfarmar Fira Ministan Birtaniya,0,0,0,0,0,0
hausa_4_01218,Mutumin da ya yi shekara biyar yana shan fitsarinsa a birnin Landan,0,2,0,0,0,0
hausa_4_01219,Birtaniya ta kara kudin bizar dalibai da masu yawon bude ido,0,0,0,0,0,0
hausa_4_01220,Kwankwaso ya gina makaranta don murnar cika shekaru 64 da haihuwarsa,0,0,0,2,0,0
hausa_4_01221,Gwamnonin APC sun taya Buhari murnar cika shekaru 78 a duniya,0,0,0,2,0,0
hausa_4_01222,"An yi wa mutum 1,600 aikin ido kyauta a Jigawa",0,0,0,2,0,0
hausa_4_01223,Ya sa an yanke kafafunsa don samun kuɗin inshora,0,1,0,0,0,1
hausa_4_01224,Maulidi da Kirsimeti: Shugabanni sun taya al’umma murna,0,0,0,2,0,0
hausa_4_01225,‘Yan takarar shugaban kasa 12 sun taya Buhari murna,0,0,0,2,0,0
hausa_4_01226,Hotuna: Yadda bikin karamar Sallah ya gudana a birnin Zazzau,0,0,0,2,0,0
hausa_4_01227,Ya kirkiri gida mai juyawa don ya burge matarsa,0,0,0,0,0,1
hausa_4_01228,Garin da ake saya wa birrai gonaki,0,0,0,0,0,1
hausa_4_01229,Ya boye hodar koken cikin gasassun kaji,0,1,0,0,0,0
hausa_4_01230,Buhari zai yi wa 'yan Najeriya jawabi ranar Alhamis,0,0,0,0,0,0
hausa_4_01231,Bikin murnar cika shekara 50 da fara zuwa duniyar wata (7),0,0,0,2,0,0
hausa_4_01232,Gwamnan Kano ya raba wa alhazan Jihar miliyan 65 na ‘Barka da Sallah’,0,0,0,2,0,0
hausa_4_01233,A daina kwatanta ayyukana da na sauran gwamnoni —Zulum,0,0,0,0,0,0
hausa_4_01234,Kasuwanci yana bukatar hakuri da juriya – Alhaji Iliyasu,0,0,0,0,0,0
hausa_4_01235,Yadda ambaliya ta yi fata-fata da birnin Houston,0,0,2,0,1,0
hausa_4_01236,Al-Mustapha ya ziyarci Dokta Ahmad Gumi,0,0,0,0,0,0
hausa_4_01237,kungiyar ASALLIN ta nemi gwamnati ta rika damawa da ita(5),0,0,0,0,0,0
hausa_4_01238,Barka da Sallah!,0,0,0,2,0,0
hausa_4_01239,Dalilin da ya sa nake boye wasu abubuwa da suka shafe ni – Nafisa Abdullahi,0,0,0,0,0,0
hausa_4_01240,Lilin Baba zai angwance da Ummi Rahab,0,0,0,1,0,0
hausa_4_01241,kungiyar direbobi a Jihar Nasarawa ta samu daukaka - Kwamared Hamza,0,0,0,2,0,0
hausa_4_01242,Kotun Musulunci ta tsare boka kan sace motar jaruma Fati Muhammad,0,0,0,0,0,0
hausa_4_01243,Yadda Sheikh Dahiru Bauchi ya yi bude-baki tare da fastoci,0,0,0,0,0,0
hausa_4_01244,Za mu tallafa wa Ukraine da jiragen yaki —Birtaniya,0,0,0,0,1,0
hausa_4_01245,Makarantar Ma’ahad Zumratul-Rahamayat ta yi bikin sauka,0,0,0,1,0,0
hausa_4_01246,An karrama Sarkin Hayin Malam Bello kan zaman lafiya,0,0,0,2,0,0
hausa_4_01247,Ganduje ya taya Kwankwaso murnar cika shekara 64,0,0,0,2,0,0
hausa_4_01248,Yadda da ya yi wa matar mahaifinsa ciki a Nasarawa,0,2,0,0,0,0
hausa_4_01249,Mutanen Sanga sun taya ’yarsu murnar takarar Mataimakiyar dan takarar Gwamna,0,0,0,3,0,0
hausa_4_01250,Jaruma Zainab Idris ta amarce,0,0,0,2,0,0
hausa_4_01251,Akin Hajji: kungiyoyi sun nuna rashin jin dadinsu ga gwamnatin Kalaba,0,0,2,0,0,0
hausa_4_01252,Halin taskun da Musulmin Rohingya ke ciki a Bangladesh,0,0,2,0,0,0
hausa_4_01253,Gasar Alkur’ani: An sami gwarzo da gwarzuwa a Jigawa,0,0,0,2,0,0
hausa_4_01254,Allah Ya yi wa Sarkin Tafa rasuwa,0,0,3,0,0,0
hausa_4_01255,Amfanin tafarnuwa ga lafiyar dan Adam,0,0,0,0,0,0
hausa_4_01256,AMINTACCIYAR JARIDARKU ta wannan mako,0,0,0,0,0,0
hausa_4_01257,Sokari ya sanya wa kulob din Esperence hannu,0,0,0,0,0,0
hausa_4_01258,Mu taimaki kanmu da kanmu,0,0,0,0,0,0
hausa_4_01259,Bikin murnar cika shekara 50 da fara zuwa duniyar wata (3),0,0,0,2,0,0
hausa_4_01260,Taliban ta murkushe gyauron masu yi mata tawaye,0,0,0,0,0,0
hausa_4_01261,Saudiyya: Sarki Salman ya sa a kara wa'adin zaman baki kyauta,0,0,0,2,0,0
hausa_4_01262,Atiku ya taya Gwarzuwar Hikayata ta 2020 murna,0,0,0,2,0,0
hausa_4_01263,Alhaji Shehu Shagari (1924 zuwa 2018),0,0,0,0,0,0
hausa_4_01264,Rasha ta yi harbin gargadi kan jirgin yakin Birtaniya,0,0,0,0,1,0
hausa_4_01265,Saraki ya taya Atiku murnar lashe zaben fitar da gwanin PDP,0,0,0,2,0,0
hausa_4_01266,Na gode Allah da na fadi zaben Gwamna na 2015 – Akala,0,0,0,2,0,0
hausa_4_01267,Mufti Menk ya taya Argentina murnar lashe Kofin Duniya,0,0,0,3,0,0
hausa_4_01268,Na yi da-na-sanin soyayya da Timaya – Ummi Zee Zee,0,0,2,0,0,0
hausa_4_01269,Bikin murnar cika shekara 50 da fara zuwa duniyar wata (9),0,0,0,2,0,0
hausa_4_01270,Ya yi garkuwa da ’yar cikinsa yana neman kudin fansa daga matarsa,0,2,0,0,0,0
hausa_4_01271,Halimah Yacof ta zama Shugabar kasar Singapore mace ta farko,0,0,0,1,0,0
hausa_4_01272,Ambaliya: Kungiyar Likitoci na fargabar barkewar annoba a Najeriya,0,0,0,0,3,0
hausa_4_01273,Allah Ya yi wa jarumi Abdulwahab Awarwasa rasuwa,0,0,3,0,0,0
hausa_4_01274,"22,40,Allah Ya yi wa Sarkin Nufawan Benin rasuwa",0,0,3,0,0,0
hausa_4_01275,Irin Alherin da Muke Samu A Sana'ar Bola,0,0,0,1,0,0
hausa_4_01276,Fasto ya sha da kyar yana kokarin lalata da matar da yake wa addu'a,0,3,0,0,0,0
hausa_4_01277,Na sadaukar da kyautar Grammy ga matan Afirka - Mawakiya Kidjo,0,0,0,2,0,0
hausa_4_01278,Makarantar Hidayatul Muslimin ta Akim Kalaba ta yaye dalibanta,0,0,0,0,0,0
hausa_4_01279,Buhari ya aike wa Sarkin Jordan wasikar son barka,0,0,0,2,0,0
hausa_4_01280,Na samu alheri a sana’ar gwangwan – Aminu Tinka,0,0,0,2,0,0
hausa_4_01281,Kasuwarmu ta samu bunkasar tattalin arziki sosai – Alhaji Abdallah,0,0,0,2,0,0
hausa_4_01282,Da igiya aka yi wa dan Sanata Na'Allah kisan-gilla —Gwamnatin Kaduna,0,0,3,0,0,0
hausa_4_01283,Allah Ya yi wa dankashi Mai Kukuma rasuwa,0,0,3,0,0,0
hausa_4_01284,Fulani da Berom sun yi bikin zaman lafiya a Filato,0,0,0,2,0,0
hausa_4_01285,Mata ta nema wa mijinta amarya lokacin da ta dauki ciki,0,0,0,0,0,1
hausa_4_01286,Amsoshin tambayoyi: Barka da Sallah!,0,0,0,0,0,0
hausa_4_01287,Shugaba Buhari ya zabi mai magana da yawun kungiyar yakin neman zabensa,0,0,0,0,0,0
hausa_4_01288,dalibai 12 sun yi saukar Alkur’ani a Madarasatu Nuril kur’an ta Dungurawa,0,0,0,1,0,0
hausa_4_01289,Mawaka mu rika amfani da kalamai masu kyau – Lil-Teemarh,0,0,0,0,0,0
hausa_4_01290,Ba ma jin dadin zolayar da ake mana a kafafen sada zumunta - ‘Kwamarawa’,1,0,1,0,0,0
hausa_4_01291,Abin da ya hada ni da Adam A. Zango —Ummi Rahab,0,0,0,0,0,0
hausa_4_01292,Atiku ya taya Davido murnar zagayowar ranar haihuwarsa,0,0,0,2,0,0
hausa_4_01293,’Yan sanda sun kama wanda ya yi garkuwa da jikansa,0,0,0,0,0,0
hausa_4_01294,Allah Ya yi wa matar Farfesa Yadudu rasuwa,0,0,3,0,0,0
hausa_4_01295,Mata ta kai mijinta kotu saboda yana sa ta yin sallah da jinin al’ada,0,2,0,0,0,0
hausa_4_01296,Ranar Yara Mata ta Duniya Tare da Zulaihat Muhammad,0,0,0,0,0,0
hausa_4_01297,Allah Ya yi wa dan fim Cinnaka rasuwa,0,0,3,0,0,0
hausa_4_01298,Dan Gwamnan Nasarawa ya riga mu gidan gaskiya,0,0,3,0,0,0
hausa_4_01299,Kwamishinan da ya yi wa Buhari fatan mutuwa ya rasu,0,0,3,0,0,0
hausa_4_01300,"Firaiministan Sudan, Abdalla Hamdok ya yi murabus",0,0,0,0,0,0
hausa_4_01301,Allah Ya yi wa Turakin Saminaka rasuwa,0,0,3,0,0,0
hausa_4_01302,Sweden ta amince a ƙona Alƙur'ani ranar Sallah,0,2,0,0,0,0
hausa_4_01303,Jana'izar Sarkin Zazzau Alhaji Shehu Idris (1936-2020),0,0,2,0,0,0
hausa_4_01304,Abin da ke kawo matsala a Kannywood – Fatima Maina,0,0,0,0,0,0
hausa_4_01305,Allah Ya yi wa Mamman Kankiya rasuwa,0,0,3,0,0,0
hausa_4_01306,Likita ya yi wa matarsa dukan kawo wuka a Kalaba a kan yi wa ’yarsu kaciya,1,0,3,0,0,0
hausa_4_01307,Bikin murnar cika shekara 50 da fara zuwa duniyar wata (6),0,0,0,2,0,0
hausa_4_01308,Bikin murnar cika shekara 50 da fara zuwa duniyar wata (8),0,0,0,2,0,0
hausa_4_01309,Ya kamata gwamnati da kamfanoni su zuba jari a Kannywood- Darakta Kamal,0,0,0,0,0,0
hausa_4_01310,Yadda za a kula da lafiyar fata a lokacin sanyi,0,0,0,0,0,0
hausa_4_01311,"Ba ni ba siyasa – Jarumin Indiya, Salman Khan",0,0,0,0,0,0
hausa_4_01312,Wata Sabuwa: Auren G-Fresh Al-Ameen da Sadiya Haruna na nan daram,0,0,0,0,0,1
hausa_4_01313,Tsohon shugaban kasar Sudan Al-Dahab ya rasu,0,0,3,0,0,0
hausa_4_01314,Makarantar Al’ameen ta yaye dalibai 15 da suka sauke Alkur’ani,0,0,0,2,0,0
hausa_4_01315,Bello Muhammed Bello zai yi kwal-kwabo domin cika alkawari,0,0,0,0,0,0
hausa_4_01316,Sharhi da nazari kan fim din The Lord of the Ring,0,0,0,0,0,0
hausa_4_01317,Ya rasu lokacin da yake dinka kayan Sallah,0,0,3,0,0,0
hausa_4_01318,Fasto ya yi wa mataimakiyarsa fyade,0,3,0,0,0,0
hausa_4_01319,Gwamnatin Abia ta yi wa al’ummar Gombe ta’aziya kan kisan Fataken Shanu,0,0,2,0,0,0
hausa_4_01320,Ali Nuhu ya yi murnar cika shekara 16 da aure,0,0,0,2,0,0
hausa_4_01321,Allah Ya yi wa Hajiya Rabi Hardawa rasuwa,0,0,3,0,0,0
hausa_4_01322,Harin bom: Mijin Mataimakiyar Shugaban Amurka ya sha da kyar,0,0,1,0,2,0
hausa_4_01323,Buhari ya taya Amurka murnar cika shekara 245 da samun ’yanci,0,0,0,2,0,0
hausa_4_01324,Sau uku mahaifina na yi min ciki —Diyar fasto,0,3,0,0,0,0
hausa_4_01325,Geidam ya nad-a masu ba shi shawara,0,0,0,0,0,0
hausa_4_01326,A tallafi tashar lantarki,0,0,0,0,0,0
hausa_4_01327,Fadar Shugaban kasa ba za ta iya murkushe gwamnoni ba –Gwamna Babangida,0,0,0,0,0,0
hausa_4_01328,kabilar Amish: Amurkawan da ba ruwansu da kayan kere-kere na zamani,0,0,0,0,0,1
hausa_4_01329,Allah ya yi wa Sarkin Bwari rasuwa,0,0,3,0,0,0
hausa_4_01330,Dalilin da PDP ta fadi zabe – Godknows Igali,0,0,0,0,0,0
hausa_4_01331,Yanzu Yanzu: Buhari yayi ta’aziyya ga kasar Algeria kan hatsarin jirgin sama da ya kashe mutane 257,0,0,3,0,0,0
hausa_4_01332,Wani matashi ya rasa ransa a yayin da fulani makiyaya da manoma su ka cakusa a Nassarawa,0,0,3,0,0,0
hausa_4_01333,"Motar Gidan Yari Ta Haddasa Hatsari, Matasa Sun Fusata a Jihar Osun",2,0,0,0,0,0
hausa_4_01334,Ina jin mutuwa zanyi - 'Yar aiki a kasar Saudiyya ta bayyana yadda ubangidanta yake cin zarafinta a wani bidiyo,0,0,3,0,0,0
hausa_4_01335,Fasinjoji 13 Sun Kone Kurmus a Wani Hadarin Mota da Ya Rutsa da Su a Enugu,0,0,3,0,0,0
hausa_4_01336,Fusatattun matasa sun kone motar 'yan sanda kurmus a Jigawa,2,0,0,0,0,0
hausa_4_01337,An Kama Wani Mutum Kan Kashe Matarsa Saboda Ta Ki Dafa Abincin da Ya Fi So,0,2,2,0,0,0
hausa_4_01338,"Dakarun sojoji sun yi artabu da yan bindiga a Filato, sun kashe mutum daya",0,0,0,0,0,0
hausa_4_01339,Yadda wani matashi ya kashe kansa saboda faduwa caca,0,1,3,0,0,0
hausa_4_01340,"Dan Sadau: Kwamiti ya fusata, ya kori Sheikh Nuru Khalid daga limancin masallacin Abuja gaba daya",2,0,0,0,0,0
hausa_4_01341,Amurka ta bayyana tsoronta ga makomar Najeriya saboda karuwar zafin ra'ayi da ta'addanci a kasar,0,0,0,0,3,0
hausa_4_01342,"Zamfara: An yi batakashi tsakanin sojoji da 'yan bindiga, ba a san adadin wadanda suka mutu ba",0,0,3,0,1,0
hausa_4_01343,"Abin Duniya Abin Banza Ne, Ku Rike Amana: Shugaba Buhari",0,0,0,0,0,0
hausa_4_01344,"Babbar magana: Gwamnan APC ya fusata, ya kori kwamishinansa na kudi saboda dalilai",2,0,0,0,0,0
hausa_4_01345,Tashin Hankali Yayin da Wasu ’Yan Bindiga Suka Kona Wata Babbar Kotu a Jihar Ebonyi,0,0,0,0,3,0
hausa_4_01346,"Rikicin Shugabanci: Fusatattun Matasa Sun Fara Zanga-Zanga a Harabar Majalisa, Sun Fadi Dalilinsu",1,0,0,0,2,0
hausa_4_01347,Ganduje: Hukuncin Kisa Ko Daurin Rai Da Rai Za a Zartar Wa Makiyaya Masu Tada Rikici a Kano,2,0,0,0,0,0
hausa_4_01348,"Ba zata saɓu ba,' Shugaba Buhari ya yi Allah wadai da kisan Kwamishina a jihar Katsina",0,0,2,0,0,0
hausa_4_01349,Kisan mutane uku: Dan majalisar wakilai daga Kano ya shiga tsaka mai wuya,0,0,2,0,0,0
hausa_4_01350,"Matawalle Ya Fusata Kan Tsaro, Ya Tura Zazzafan Gargadi Ga Sabbin Sojin da Suka Samu Karin Girma",2,0,0,0,0,0
hausa_4_01351,"Da dumi-dumi: Yan sanda sun kashe yan bindiga 4, sun gano bama-bamai 5 da ba a tayar ba",0,0,0,1,0,0
hausa_4_01352,"""Ba a Kyauta Mana"": Soja Ya Fusata Kan Kyautar da Tinubu Ya Yi Wa 'Yan Wasan Super Eagles",3,0,0,0,0,0
hausa_4_01353,"Matashi Ya Rabu Da Budurwarsa Bayan Ta Yi Masa Girki Da Lalataccen Tumatir, Hirarsu Ta Yadu",0,0,0,0,0,1
hausa_4_01354,"Yan siyasa duk suka lalata Malaman addini, shi yasa basu iya fadin gaskiya: Sheikh Gumi",1,0,2,0,0,0
hausa_4_01355,"Yanzu-Yanzu: Yan bindiga sun sake kai hari jami'ar Arewa, Sun yi awon gaba da dalibai",0,0,2,0,2,0
hausa_4_01356,"Buhari Yayi Allah Wadai da Sabon Harin da Wasu Yan Bindiga Suka Kai Benuwai, Ya Faɗi Matakin da Zai Ɗauka",1,0,2,0,0,0
hausa_4_01357,"Jihohi 35 da aka samu bullar cutar korona yayin da adadin masu cutar ya kai 7, 016 a Najeriya",0,0,0,0,1,0
hausa_4_01358,Yanzu-yanzu: Yan Boko Haram sun yiwa Soja da dan sanda kisan wulakanci a sabon faifan bidiyo,1,2,3,0,0,0
hausa_4_01359,Abin tsoro: Mahaukaci ya kashe Basarake ta hanyar soka mashi wuka a wuya,0,0,2,0,2,0
hausa_4_01360,"Buhari ya soke zuwa Zamfara ne saboda tsoron yan ta'adda, PDP ta magantu",0,0,0,0,1,0
hausa_4_01361,Mummunan kisa: Uwargida ta tuntsuro Maigidanta daga gidan sama a jahar Kano,0,2,3,0,0,0
hausa_4_01362,Babbar Magana: Ministan Buhari Ya Fallasa Yadda Ake Sata Ta Karkashin Kasa a Mulkin Shugaba Buhari,0,0,2,0,0,0
hausa_4_01363,"Ana Fargabar Mutane 30 Sun Mutu Yayin Fada Tsakanin Sojoji da 'Yan Bindiga a Arewa, Bayanai Sun Fito",0,0,2,0,2,0
hausa_4_01364,"Matashin da ya yi wuf da wayoyin karuwai 2 bayan ya kai su otal yin lalata, an damkeshi",0,0,1,1,0,0
hausa_4_01365,"Majalisa Ta Bukaci Tinubu Ya Dakatar da Turo Kudaden Kananan Hukumomi Kan Dalili 1 Tak, Ta Fusata",2,0,0,0,0,0
hausa_4_01366,Da Dumi-Dumi: Fusatattun Mutanen gari sun hallaka tawagar yan fashi da suka kai hari,0,0,0,0,0,0
hausa_4_01367,Wasu Fusatattun Ɗalibai Sun Yi Fata-Fata da Cibiyar Zana Jarabawar JAMB CBT,2,0,0,0,0,0
hausa_4_01368,"Duk jarumar fim da Daraktoci ba sa nemanta da lalata to ta binciki kanta, akwai matsala a tare da ita - Jaruma Vicky",0,1,0,0,0,0
hausa_4_01369,Tsohon direkta ya tsallake rijiya da baya yayinda 'yan bindiga suka afka musu a Abuja,0,0,1,0,2,0
hausa_4_01370,Sauya Sheka: Fusatattun Sanatocin APC Sun Gana da Buhari a Aso Rock,0,0,0,0,0,0
hausa_4_01371,Yadda dan sanda ya dinga lalata da ni tun dare har asuba - Matar da ta take doka,0,3,0,0,0,0
hausa_4_01372,Sabbin sarakunan yanka: Jerin kananan hukumomin da zasu kasance a karkashin sarki Sanusi II,0,0,0,0,0,0
hausa_4_01373,An Shiga Tashin Hankali a Wata Jami'a Yayin da Malamai Uku Suka Mutu Rana Daya,0,0,3,0,2,0
hausa_4_01374,"Magidanci ya zargi matarsa da maita, yace zata kashe shi",0,0,0,0,0,0
hausa_4_01375,"Mahaukaciya Ta Haifi Jariri a Gaban Shagon Wata Mata, Jama’a Sun Shiga Mamaki",0,0,0,0,0,3
hausa_4_01376,Jerin Koci 8 da aka sallama daga aiki yayin da Cristiano Ronaldo ke taka leda a karkashinsu,0,0,0,0,0,0
hausa_4_01377,"Uba Ya Fusata, Ya Garkame Shagon Diyarsa da Ta Ki Tafiya Italiya Yawon Karuwanci",1,2,0,0,0,0
hausa_4_01378,"Duk da komawa APC, da alamu Fani-Kayode zai fuskanci fushin kotu saboda badakala",1,0,0,0,0,0
hausa_4_01379,Bayan 'sa hannun' Ganduje: Jerin kananan hukumomin dake karkashin masarautun Kano 5,0,0,0,0,0,0
hausa_4_01380,Sanatocin Najeriya sun nuna fushi kan naira miliyan 2 da aka basu a matsayin goron Kirsimeti,2,0,1,0,0,0
hausa_4_01381,Matar da ta bugawa 'yar ta guduma a goshi ta fuskanci fushin kotu,0,0,2,0,0,0
hausa_4_01382,Yanzu-yanzu: Fusatattun matasa sun kone ofishin Yan sanda a Katsina (Hotuna),2,0,0,0,0,0
hausa_4_01383,"Matasa sun fusata, sun hallaka dan sanda",1,0,2,0,0,0
hausa_4_01384,"An Kama Yan Sanda Da Ke Ba Wa Rarara Tsaro, Za Su Gamu Da Fushin Hukuma",0,0,0,0,0,0
hausa_4_01385,"Abun mamaki, an haifo jariri tare da mahaifarsa.",0,0,0,0,0,3
hausa_4_01386,"Rainin wayo: Mai laifi ya zama mahaukacin karya, ya tsula fitsari cikin kotu",0,2,0,0,0,0
hausa_4_01387,Tsohon shugaban kasar Gambia zai fuskanci fushin doka saboda kashe wasu 'yan Najeriya,2,0,0,0,0,0
hausa_4_01388,"Fani-Kayode Ya Yi Martani Kan Juyin Mulkin Gabon, Ya Ce Bai Kamata A Yi Mamakin Hakan Ba",0,0,0,0,0,0
hausa_4_01389,Wani Basaraken Kasar Mexico Ya Angwance Da Kada a Wani Kasaitaccen Biki Da Aka Gudanar,0,0,0,2,0,0
hausa_4_01390,Toh fah: An kashe mutum 9 yayinda jihar Kaduna ta sake daukan zafi,0,0,3,0,0,0
hausa_4_01391,Musulunci yana samun barazana a kasar Faransa,0,0,1,0,1,0
hausa_4_01392,"Daga karshe: Shugaban kasar Ethiopia, Mulatu ya yi murabus",0,0,0,0,0,0
hausa_4_01393,Fusatattun matasa sun banka wa hedikwatar PDP wuta,2,0,1,0,0,0
hausa_4_01394,Aguero ya bayyana fushin Messi bayan wasa,2,0,0,0,0,0
hausa_4_01395,"Bayan lalata yara maza 3, kotun Kano ta yankewa Katon dan luwadi daurin shekaru 2 kacal",0,2,0,0,0,0
hausa_4_01396,Muguwar cuta ta kama samari 15 da suka yi lalata da jaki,0,3,0,0,0,0
hausa_4_01397,Mata 'yan siyasa sun bayyana yadda maza ke neman yin lalata da su kafin su zabe su,0,3,0,0,0,0
hausa_4_01398,"Sojojin Najeriya sun murkushe wasu yan bindiga a Benuwe, sun lalata mafakarsu",0,0,0,1,0,0
hausa_4_01399,Akwai Matsala: Basarake Ya Ga Abun Mamaki Yayin da Ya Je Bankin Neman Sabbin Kuɗi,0,0,0,0,0,2
hausa_4_01400,An Rufe Makarantar Sakandare Ta Mata Saboda Tsoron 'Iskokai' a Kwara,0,0,0,0,2,0
hausa_4_01401,An kantarawa Naziru Sarkin Waka karya ta ban mamaki da ta sanya shi nuna fushin sa,0,0,0,0,0,0
hausa_4_01402,Wani dan acaba da aka kama ya yi luwadi da yara 6 ya hadu da fushin kotu,0,3,0,0,0,0
hausa_4_01403,"Yan bindiga sun yi barazanar lalata da diyarmu idan bamu kai kudi ba, Iyayen budurwa",0,0,1,0,3,0
hausa_4_01404,An gurfanar da dan shekara 70 da ya lalata yar shekara 16,0,3,0,0,0,0
hausa_4_01405,"Wani matashi ya hau dokin zuciya ya caka ma wani mutumi wuka, ya gamu da fushin Kotu",1,0,2,0,0,0
hausa_4_01406,"Gwamna Zulum Ya Kai Ziyarar Bazata Wasu Asibitoci, Ya Ɗauki Mataki Kan Abinda Ya Gano",0,0,0,0,0,2
hausa_4_01407,Yajin aiki: Ma'aikatan jiragen sama zasu rufe filayen jirage don taya ASUU nuna fushi,0,0,1,0,0,0
hausa_4_01408,"‘Yan bindiga da ba a san ko su wanene ba sun sake kai hari, sun kashe makiyayi watanni bayan kisan ɗan'uwansa",0,0,2,0,1,0
hausa_4_01409,Innalillahi: 'Yan bindiga sun yiwa diyar sarauta a Ibadan kisan gilla sun tsere,0,0,3,0,0,0
hausa_4_01410,An Samu Asarar Rai Yayin Gwamnatin Jihar Imo Ta Lalata Matsugunan Hausawa,0,0,3,0,0,0
hausa_4_01411,Kisan mutane 47 a Katsina: Buhari ya yi alkawarin ramuwar gayya a kan yan bindiga,1,0,2,0,0,0
hausa_4_01412,"Yan bindiga sun afka ofishin ƴan sandan Zamfara, sunyi kisa, sun sace bindigu AK-47 masu yawa",0,0,3,0,0,0
hausa_4_01413,"Sojoji sun sheke 'yan bindiga 4, sun samu miyagun makamai a Katsina",0,0,0,1,0,0
hausa_4_01414,"Karamin Yaro Ya Yiwa Likita Kallon Uku Saura Kwata Bayan Ya Tsira Masa Allura, Bidiyon Ya Ba Da Mamaki",0,0,0,0,0,2
hausa_4_01415,"Da duminsa: An nemi fitaccen mai garkuwa da mutane, dillalin makamai an rasa a kurkukun Kuje",0,0,0,0,0,1
hausa_4_01416,Miji Ya Shiga Mamaki Yayin da Ya Tarar Matarsa Na Wankin Bargo da Darduma a Kasar Waje,0,0,0,0,0,3
hausa_4_01417,An shiga halin fargaba yayinda wata bakuwar cuta ta kashe mutane 15 a Jihar Delta,0,0,0,0,3,0
hausa_4_01418,"Bayan kashe abokinsa da yayi don tsafin yayi kudi, yana mamakin wai har yanzu yana cikin talauci",0,2,0,0,0,1
hausa_4_01419,An shiga fargaba a majalisar dokokin Jigawa kan yunkurin tsige kakakin majalisa,0,0,0,0,3,0
hausa_4_01420,Bidiyo: Yadda aka kama wata fitsararriyar Balarabiya 'yar kasar Saudiyya tana rawar iskanci da Hijabi cikin bainar jama'a,0,2,0,0,0,0
hausa_4_01421,"Harin 'yan bindiga a Plateau: Ya zuwa yanzu mun binne mutane 106, inji shugaban karamar hukuma",0,0,3,0,0,0
hausa_4_01422,"Tirkashi: Yadda Matukan Jirgi Biyu Suka Ba Hammata Iska Ana Tsaka Da Tafiya A Sama, Sai Da Aka Shiga Tsakani",0,0,0,0,0,1
hausa_4_01423,Kotun shari'a ta raba aure a Zamfara saboda tsabar girman mazakutar miji,0,0,0,0,0,0
hausa_4_01424,An yankewa wani mutumi mai coronavirus hukuncin kisa a Saudiyya bayan ya tofa yawu a jikin kofa dan wani ya taba ya dauki cutar,0,2,0,0,0,0
hausa_4_01425,"Sabon rikici ya barke a Kogi: An kashe mutane 7, an kona gidaje",0,0,3,0,2,0
hausa_4_01426,Bakuwar cuta: An birne mutum 68 a Potiskum cikin kwanaki uku,0,0,3,0,2,0
hausa_4_01427,"Yara, da Mata Sun Mutu Yayin Jirgin Ruwa Ya Kife a Rafin Niger",0,0,3,0,0,0
hausa_4_01428,Bidiyon matasan da suka shiga hannu yayin da suke kokarin yin asirin kudi da wata budurwa,0,2,0,0,0,0
hausa_4_01429,Saudia tayi Allah-wadai da Tir din da majalisar dattijan kasar Amurka tayi mata kan kisan Khashoggi,2,2,0,0,0,0
hausa_4_01430,Yanzu-yanzu: Sabbin mutane 543 sun kamu da cutar COVID-19 a Nigeria,0,0,1,0,2,0
hausa_4_01431,Matakai Uku Da Zaku Bi Wajen Maida Tsoffin Naira Banki Duk da Wa'adi Ya Cika,0,0,0,0,0,0
hausa_4_01432,Yadda wani masanin magunguna ya mutu yayin gasar lalata da karuwa a otel,0,3,2,0,0,0
hausa_4_01433,An yiwa Lakcara korar kare bayan ya nemi lalata da dalibar shi,0,2,0,0,0,0
hausa_4_01434,Da dumi-dumi: 'Yan Boko Haram sun kashe mutane 14 akan iyakar Najeriya da Kamaru,0,0,3,0,0,0
hausa_4_01435,Shahararren Farfesa a Najeriya Ya Riga Mu Gidan Gaskiya Ya Na Shekaru 94 a Duniya,0,0,3,0,0,0
hausa_4_01436,"Tashin Hankali Yayin da Mahara Suka Yi Garkuwa da Farfesa a Jami'a, 'Yan Sanda Sun Yi Martani",0,0,0,0,3,0
hausa_4_01437,Innalillahi Wa'inna Ilaihi Raji'un: Tsananin talauci yasa mutanen kasar Haiti suna cin tuwon kasa don su samu su rayu,0,0,3,0,0,0
hausa_4_01438,Cutar korona ta hallaka mutum 654 a Najeriya - NCDC,0,0,3,0,1,0
hausa_4_01439,"Yan bindiga sun sake kai wani mummunan hari Kaduna, sun aikata babbar ɓarna kan mutane",0,0,3,0,1,0
hausa_4_01440,Zamfara: 'Yan bindiga sun tayar da wani ƙauye bayan sun yi wa mutum 7 kisar gilla,0,0,3,0,0,0
hausa_4_01441,Yan Bindiga Sun Kashe Hadimin Shugaban Karamar Hukuma a Legas,0,0,3,0,0,0
hausa_4_01442,Tashin hankali: Matar aure ta kama mijinta dumu-dumu yana lalata da mahaifiyarshi,0,3,0,0,0,0
hausa_4_01443,Rikicin Makiyaya: An kashe mutane biyu tare da kai hari gidan Manjo-Janar Malu a jihar Plateau,0,0,3,0,0,0
hausa_4_01444,An samu wani Likita da ya kamu da cutar COVID-19 a Ekiti - Kwamishinar lafiya,0,0,1,0,0,0
hausa_4_01445,"Uwargida Ta Siyawa Mai Gida Mota Kirar Ferraru, Martaninsa Ya Ba Jama’a Mamaki",0,0,0,0,0,3
hausa_4_01446,Annobar Corona: Bankin Access ta garkame ofishinta a Legas bayan bullar cutar,0,0,0,0,0,0
hausa_4_01447,"Bana bukatar aure don mahaifina yana lalata dani, bana dana-sani - Budurwa",0,2,0,0,0,0
hausa_4_01448,"Tirkashi: 'Yan daba sun sake tarwatsa wani taron APC a Kwara, sun lalata motoci",0,0,1,0,1,0
hausa_4_01449,"Wata sabuwar Annoba ta hallaka daliban sakandari guda 8 a jihar Katsina, an kulle makarantu",0,0,2,0,2,0
hausa_4_01450,"Barawon tukunyar farfesun nama ya gamu da fushin kotu, ya sha bulalai!",1,0,0,0,0,0
hausa_4_01451,“Ana Ruwa Amma Duk Da Haka Akwai Wuta”: Matashi Dan Najeriya Da Ke Turai Ya Cika Da Mamaki,0,0,0,0,0,3
hausa_4_01452,Tirkashi: Karamar yarinya ta sanar da mahaifinta yadda mahaifiyarta ke lalata da makwabcinsu idan baya nan,0,3,0,0,0,0
hausa_4_01453,An Fargabar Da Yawa Sun Mutu Yayin da Yan Bindiga Suka Bude Wuta a Shingen Yan Sanda,0,0,3,0,3,0
hausa_4_01454,Bidiyon Shugaban Kasan South Sudan Yana Fitsari A Wando Ana Tsakiyar Taro,0,2,0,0,0,0
hausa_4_01455,"Bayan shekaru 21 a tare, kotu ta raba ma'aurata saboda uwargida ta lashi takobin ba zata sake yiwa miji girki ba",0,0,0,0,0,1
hausa_4_01456,"Yan daba sun kai wa 'yan kwana-kwana hari a Kogi, sun raunata wasu sun lalata motar kashe gobara",0,0,2,0,2,0
hausa_4_01457,An kama matsafi da kayuwan mutane uku a Ilorin,0,0,1,0,2,0
hausa_4_01458,Masari ya baiwa masu garkuwa sa’o’i 48 su saki mutanen da suka sace ko su fuskanci fushin sa,2,0,0,0,0,0
hausa_4_01459,Bacin zuciya: Kotu ta yankewa malamin addini hukuncin kisa bayan ya kashe amininsa,0,1,2,0,0,0
hausa_4_01460,Matashi Ya Gamu da Fushin Alkali Bayan Watsawa Budurwar da Abokin Nemansa ‘Acid’,2,0,2,0,0,0
hausa_4_01461,An damke matasa 41 da ake zargi luwadi a taron banbadewa a jihar Bauchi,0,2,0,1,0,0
hausa_4_01462,"Mahaukaciyar guguwa ta lalata gidaje 1,000 ta kashe mutane 3 a Sokoto",0,0,3,0,1,0
hausa_4_01463,ISIS na fushi da Boko Haram bayan sun gaza kafa daular musulunci a Najeriya,1,0,0,0,0,0
hausa_4_01464,Rai banza: Sama da yayan kungiyar matsafa 20 aka halaka a jahar Edo,0,0,3,0,0,0
hausa_4_01465,"A garin neman gira: Matashi ya dirki kwayoyin karin kuzari, ya mutu yana lalata da budurwa",0,3,2,0,0,0
hausa_4_01466,Yan sanda sun kama shugaban makarantar firamare akan lalata yara 4 a Enugu,0,3,0,0,0,0
hausa_4_01467,"An kama ja'iri yana lalata da mata kanana a tare, N50-N50 kuwa ya basu shegen",1,3,0,0,0,0
hausa_4_01468,Wata sabuwa: Matan Najeriya sun zo na 15 a jerin matan da suka fi iskanci a duniya a kasashen duniya,0,0,1,0,0,0
hausa_4_01469,"Yanzu yan bindiga gida-gida suke bi suna diban mutane, Sarkin Musulmi",0,0,0,0,2,0
hausa_4_01470,Yanzu Yanzu: Gwamnatin Zamfara ta tabbatar da sace dalibai mata da yan bindiga suka yi,0,0,3,0,0,0
hausa_4_01471,"Da Dumi-Dumi: Yan bindiga sun kai hari kauyen su gwamna, sun buɗe wa yan sanda wuta",0,0,1,0,2,0
hausa_4_01472,Yan sanda a Dubai za su yiwa karuwan Najeriya kwasar kaji bayan sun samu gawar wani Balarabe da ya mutu a yayin da yake lalata da wata karuwa,0,2,1,0,0,0
hausa_4_01473,"Kotu Ta Yi Hukunci Kan Shari'ar Zaben Dan Majalisar PDP, Ta Yi Hukuncin Bazata",0,0,0,0,0,2
hausa_4_01474,Uba ya kashe ɗansa saboda fitsarin kwance,0,1,3,0,0,0
hausa_4_01475,"Sojoji sun kashe 'yan bindiga 3, sun kwato makamai a Taraba",0,0,0,1,0,0
hausa_4_01476,Ambaliyar ruwa ta lalata gidaje sama da 200 a Taraba,0,0,3,0,0,0
hausa_4_01477,Yadda mahaifinsu ya shekara bakwai yana lalata da su,0,3,0,0,0,0
hausa_4_01478,Masu garkuwa da mutane sun sace Bajamushe a Kano,0,0,2,0,2,0
hausa_4_01479,’Yan fashi sun sake bayyana a wasu titunan Legas,0,0,0,0,3,0
hausa_4_01480,Mazauna Abuja sun fadi ra'ayoyinsu akan rashin bude makarantu a Birnin Tarayya,0,0,0,0,0,0
hausa_4_01481,Ukraine ta lalata wa Rasha makamai masu linzami biyar,0,0,0,0,0,0
hausa_4_01482,Ya kashe matarsa kan zargin yin lalata da maza,0,1,2,0,0,0
hausa_4_01483,Ana zargin wani maigadi da yin lalata da mata ‘yan firamare 54,0,3,0,0,0,0
hausa_4_01484,Kotu ta aike da mutumin da ya sayar da mahaifinsa ga matsafa kan N1.8m kurkuku,0,0,0,0,0,0
hausa_4_01485,Ya yi yunkurin lalata da kanwar matarsa,0,2,0,0,0,0
hausa_4_01486,Yadda ’yan bindiga suka yi wa hakimi kisan gilla a Sakkwato,0,0,3,0,0,0
hausa_4_01487,Kotu ta daure magidanci  rai-da-rai saboda yin lalata da jikarsa,0,3,0,0,0,0
hausa_4_01488,"An kashe fararen hula sama da 300,000 a rikicin Siriya — Rahoto",0,0,3,0,0,0
hausa_4_01489,An kama majinyaci kan zargin yin fyade ga ’yar wata 16 a gadon asibiti,0,3,0,0,0,0
hausa_4_01490,Ana tuhumar tsohon Sufeta Janar da yin damfara,1,0,1,0,0,0
hausa_4_01491,Sojoji sun kashe wani babban kwamandan Boko Haram da wasu mayaka 14 a Borno,0,0,0,1,0,0
hausa_4_01492,Yan bindiga sun tsere da bindigar soja bayan kashe shi,0,0,2,0,0,0
hausa_4_01493,Kashe-kashe a makarantun Yobe,0,0,1,0,1,0
hausa_4_01494,’Yan bindiga sun kashe Basarake a Zamfara,0,0,3,0,0,0
hausa_4_01495,‘Duk wanda ya ce ina neman mukamin Mataimakin Shugaban kasa Allah Ya isa’,3,0,0,0,0,0
hausa_4_01496,JAMB: Akwai yiwuwar sauya lokacin jarabawar UTME,0,0,0,0,0,0
hausa_4_01497,’Yan bindiga sun kashe manoma 2 suna shuka a gonarsu,0,0,3,0,0,0
hausa_4_01498,Zargin tsare dalibi: Aisha Buhari ta kulle shafinta na Twitter,0,0,0,0,0,0
hausa_4_01499,An kashe matashi an binne shi a dakinsa,0,0,3,0,0,0
hausa_4_01500,An bukaci ’yan fim su mayar da hankali kan fina-finan bayanai,0,0,0,0,0,0
hausa_4_01501,Jami'ar OAU ta dakatar da malami kan lalata da daliba,0,3,0,0,0,0
hausa_4_01502,Yadda mahari ya hallaka mutum 5 da kibiya a Norway,0,0,3,0,0,0
hausa_4_01503,’Yan bindiga sun sake kashe mutum 10 a kauyen Birnin Gwari,0,0,3,0,0,0
hausa_4_01504,Ya kamata gwamnati ta tallafa wa bangaren kiwon kaji – Mista Etah,0,0,0,0,0,0
hausa_4_01505,Kashi 63 na abun wanke hannu a Abuja jabu ne,0,0,1,0,0,0
hausa_4_01506,Ambaliya ta kashe mutum 37 a Adamawa,0,0,3,0,0,0
hausa_4_01507,Adadin al’ummar duniya ya kai biliyan takwas —MDD,0,0,0,0,0,0
hausa_4_01508,Boko Haram ta kashe mutum 10 a yankin da ISWAP ta mamaye a Borno,0,0,3,0,0,0
hausa_4_01509,Dalalinmu na tursasa dokokin gudanar da kamfanonin waya – NCC,0,0,0,0,0,0
hausa_4_01510,Matasa sun ƙona gidan gona saboda kashe mai gadi a Jos,2,0,2,0,0,0
hausa_4_01511,Kotu ta daure mutumin da ya saci jar miya wata 1,0,0,0,0,0,0
hausa_4_01512,Mutumin da ya fi kowa fama da kadaici a duniya ya mutu,0,0,3,0,0,0
hausa_4_01513,Mazauna sun fusata bayan dakatar da Hakimi kan zargin rungumar baki a Abuja,2,0,0,0,0,0
hausa_4_01514,Sojoji sun yi wa ’yan bindiga ruwan wuta a Kaduna,0,0,0,1,0,0
hausa_4_01515,Cutar Diphtheria ta kashe yara 117 a Yobe,0,0,3,0,1,0
hausa_4_01516,Ana zargin kyanwa da yunkurin kashe tsohuwa,0,0,0,0,0,1
hausa_4_01517,An cafke mutun 6 kan lalata kananan yara a Kebbi,0,3,0,0,0,0
hausa_4_01518,dan kasuwa ya boye almajiri tsawon wata 2 yana lalata da shi a Suleja,0,3,0,0,0,0
hausa_4_01519,Jonathan ya fusata saboda rashin daukar nauyin Kiristoci masu ziyara a Arewa,2,0,0,0,0,0
hausa_4_01520,Kotu ta daure wanda ya lalata karamar yarinya shekara bakwai,0,3,0,0,0,0
hausa_4_01521,Mutum Miliyan 25 Ke Dauke Da Cutar AIDS A Afirka —WHO,0,0,1,0,0,0
hausa_4_01522,‘Yakowa ya hango mutuwarsa’,0,0,0,0,0,0
hausa_4_01523,Ta kona ’yar aikinta da ruwan zafi,0,0,2,0,0,0
hausa_4_01524,Matashi ya mutu lokacin da yake lalata da budurwa a otal,0,3,0,0,0,0
hausa_4_01525,’Yan bindiga sun sace dalibai 100 da firinsifal a Kaduna,0,0,2,0,2,0
hausa_4_01526,"Mahara sun kashe matashi, sun dauke mahaifiyarsa a Jigawa",0,0,3,0,0,0
hausa_4_01527,’Yan sanda sun kama matasa bakwai kan lalata da qananan yara a Jigawa,0,3,0,0,0,0
hausa_4_01528,Qatar 2022: Masu tsaron gidan Faransa sun kamu da rashin lafiya,0,0,2,0,0,0
hausa_4_01529,An kashe almajiri an kwakule idonsa a Jigawa,0,0,3,0,0,0
hausa_4_01530,Kwalara ta kashe 20 wasu 322 sun harbu a Bauchi,0,0,2,0,2,0
hausa_4_01531,Matasa sun kashe wani mutum bisa zargin yana garkuwa da mutane,0,0,2,0,0,0
hausa_4_01532,Kungiyar matasan Arewa ta yi Allah wadai da kiran a saki Sowore,1,0,0,0,0,0
hausa_4_01533,Saudiya ta kori manyan jami’anta saboda cuwacuwa,0,0,0,0,0,0
hausa_4_01534,An kama tsoho mai shekara 60 da yin lalata da ‘yar shekara 10,0,3,0,0,0,0
hausa_4_01535,Wata Sabuwa Kashi Na Uku (3),0,0,0,0,0,0
hausa_4_01536,Nan da shekarar 2020 kashi 80% na al’ummar Najeriya za su kasance masu mu’amala da bankuna,0,0,0,0,0,0
hausa_4_01537,Kashi 90 na shinkafar da ke Najeriya 'yar gida ce -RIFAN ,0,0,0,0,0,0
hausa_4_01538,I like ur beauty and Extraordinary performance in #UZIRI gaskiya ina kaunarki dayawa kina burgeni aduk film dinki.. love u💋💋💋,0,0,0,3,0,0
hausa_4_01539,Àllah yasa kaffara ne Kuma kibar kuka 😭 ki lizamchi istigifari,0,0,3,0,0,0
hausa_4_01540,"Alhamdulillah, Masha Allah, muna mika godiya ga yan uwa da Abokan arziki, wanda suka taimaka akan wannan al-amari da ya faru. Allah ya saka da alkhairi, Allah yabar zumunci 🙏❤️ https://t.co/gRO9HYNYwZ",0,0,0,3,0,0
hausa_4_01541,"Kano ta dabo ci gari kodame kazo anfika, wannan ma wata nasararce🤣",0,0,0,2,0,0
hausa_4_01542,"Ahayye💃💃💃dolene baban director dole kace wnan episode yafi burge ka sbd anyi show sosai. Allah yasaka mah rukayya dan tafadi gaskia dan Mahmud bashida liver na saka mace ta so shi, itakuma sumayya ta zirma da yawa sosai. Allah dai yabiya ka director💃💃",0,0,0,2,0,0
hausa_4_01543,Mu gode BBC Hausa😂😂😂😂,0,0,0,2,0,0
hausa_4_01544,Lokacin sane watarana sai labari kuma mutum yanaso idan yamutu ace Allah yajikansa da rahama mutane suna tuna aikin ka me kyu da Mara kyu da shine xasu yabeka ko aksin haka Allah yasa mugane ameen🙏,0,0,2,0,0,0
hausa_4_01545,Masha Allah Congratulations Allah yataya riko Sabon Sarki AMBASSADOR AHMED NUHU BAMALLI 🎊🎉🙏,0,0,0,3,0,0
hausa_4_01546,Akwai bara zana ga tsaro a kasata Nigeria 🤔 ALLAH ka kawo mana dauki. Ya Hayyu Yaa Qayyum 🤲,0,0,0,0,3,0
hausa_4_01547,Wuta 🔥 muka shaa Dai,0,0,0,0,0,0
hausa_4_01548,Mai gaskia yana tare da Allah 👌🏻,0,0,0,1,0,0
hausa_4_01549,"Kai Jama’a 🥺. Allah kawo mana karshen wagga masifa, Allah tona asirin sponsors nasu amen 🙏🏾",0,0,2,0,1,0
hausa_4_01550,Subhanallah Allah ya kubutar da su🤲,0,0,2,0,1,0
hausa_4_01551,True talk jaruma💯💯,0,0,0,0,0,0
hausa_4_01552,Allah ya kawo ciniki 💰,0,0,0,0,0,0
hausa_4_01553,Allah yajiqanshi da rahmarshi 🤲,0,0,2,0,0,0
hausa_4_01554,😭😭😭 Innalillahi Wa inna’ilaihir Raji’un!!! 😭😭🙏🏻 Allah katsare mutanenmu Da Yan uwanmu Da dukkan Al-Ummar ANNABI صل الله عليه وسلم,0,0,2,0,2,0
hausa_4_01555,Subhanallah wannan abin tausayi da yawa yake 🤦 Allah ya tsare bayin shi ya bayya nasu da qarfin ikwan shi.... Allah ka toni asirin duk wan da kee da hannu cikin wannan lamari.. Allah badan halin muba...ka bamu xaman lpia a wannan qasa tamu da kwanciyar hankali,0,0,3,0,0,0
hausa_4_01556,"Muna yimusu fatan alkhairi, Allah yasa akare lafiya 🙏",0,0,0,2,0,0
hausa_4_01557,Addu’ar Neman Ganin ANNABI صل الله عليه وسلم 😭😭😭📿,0,0,0,0,0,0
hausa_4_01558,Mu daurawa tun qarfe dayan dare muka fara.aha😂😁😀😋 https://t.co/FZpesa3nSg,0,0,0,0,0,0
hausa_4_01559,Rariya the blockbuster in Kannywood BoxOffice Insha Allah🙏🏻🙏🏻 #6daystogo #RariyaInCinemas,0,0,0,2,0,0
hausa_4_01560,"Kalubale 😂😂😂😂 Allah ya sa mu dace, Al'amarin Corona yana da firgitarwa. Allah s Ami dace",0,0,0,0,2,0
hausa_4_01561,😂😂😅. Akwai Har ƙallah. Allah ya Kaimu 8pm lafiya,0,0,0,1,0,0
hausa_4_01562,Dan Allah bbc abinda yadace yakamata a dunga fada 🙏🏽,0,0,0,0,0,0
hausa_4_01563,Allahumma ya kyauta 😂😂😂,0,0,0,0,0,0
hausa_4_01566,"Allah s.w yasa kwanciya hutawa, Ina yiwa jama'ar zazzau ta'aziyya😭😭",0,0,3,0,0,0
hausa_4_01568,innalillahi wa'inna ilaihiraji'un Allah ya gafarta masa mu kuma ALLAH ka rabamu da mummunan karshe🤲,0,0,3,0,0,0
hausa_4_01569,"Hasbunallahu wani'imal wakil, Allah kayi mna tsari ga wannan cutar 😭🙏",0,0,1,0,2,0
hausa_4_01570,Shirun dai yafi masaa 👌alokacin guraren bautama tsoron zuwa akeyii Allah ya kyautaa yakawo mana qarshen wannan matsalolin Ameeen🙏,0,0,2,0,0,0
hausa_4_01571,Dattijon Arziki Ni Bari In Kari Bakin Talkawan Nigeria 🇳🇬 Ingode Ma Talawan Nigeria Suna Godiya Tare Dayima Fatan Alkhairi Ubangiji Allah Yaja Kwana Yakarama Lafiya Da Tsawon Rai.,0,0,0,2,0,0
hausa_4_01572,Allah ya jikanta☹️😢,0,0,3,0,0,0
hausa_4_01573,Allah yakubutar dashi. 🙏🏻,0,0,1,0,2,0
hausa_4_01574,"This one weak me, Rahma na nema ma wani gafara 😂, well it's good to have hope sha...",0,0,0,1,0,0
hausa_4_01575,"Hakane duk dai ne, amma sai ayi yanda mutane suka sabaji, kalmar mutuwa batada dadi dan haka bahaushe ya asirtata, Allah ubangiji yamashi rahama yasa aljannace makomarsa amin ya hayyu ya qayum 🙏",0,0,2,0,0,0
hausa_4_01576,Allah ya haskaka kabarinsa yasa mutuwa hutune agareshi 😭😭😭😭😭 Allah yasada shi da Rahamarsa,0,0,3,0,0,0
hausa_4_01577,"Na makara amma bazai hanani tofa albarkacin mouth dina ba, Saida naga post dinka kana tambayar matsayin Pressido wajensu sannan nayi sha'awar fara kallon Labarina. Amma abin Dana gani ya bani mamaki, ban taba ganin wasan Hausa dake da dialog irin shiba. Allah ya Kara basira MAS👍",0,0,0,2,0,0
hausa_4_01578,"Abun babu dadi , ya Allah ka kawo mana agaji 😷",0,0,2,0,0,0
hausa_4_01579,- Happy birthday to ABDALLAH ❤️ Allah ya raya ka cikin amince 🎁😀 https://t.co/5PWGmVv8dX,0,0,0,3,0,0
hausa_4_01580,😂😂😂😂WALLAHI YAU FARIN CIKI FAL CIKINA😂😂😂😂😂,0,0,0,3,0,0
hausa_4_01581,Allah ya gafartawa #Majidadin_Kano da iyayenmu baki daya🙏,0,0,3,0,0,0
hausa_4_01582,Tir'kashi Allah ya kyauta gaba Gaskiya ta zama qari 😥😥😥,0,0,2,0,0,0
hausa_4_01583,Ina tayaku farin ciki! 💃💃,0,0,0,2,0,0
hausa_4_01584,barka da sallah 🕌❤️🤲,0,0,0,1,0,0
hausa_4_01585,"Yau bazzen manjo talakawa suna murna da samunka a duniya , alherin Allah shi kaima ka baba sarkin tausayin talaka 😂😂",0,0,0,2,0,0
hausa_4_01586,Allahu Akbar! Allahu Akbar!! Allahu Akbar!!! Ina mai mika sakon ta'aziyya ga ma mallakin wannan dattijon kunkuru. A hannu daya kuma ina mai mika sakon yabo da jin-jina ga likitan da yayi masa aiki (surgery) tare da wanda suka tayashi yin aikin.. Allah ya basu lada 🙏,0,0,3,0,0,0
hausa_4_01587,Oga yakasai barka da yamma Ina maka fatan Alheri Allah ya taimaka 🙏,0,0,0,1,0,0
hausa_4_01588,"Yes hkn MALAM Aminu, so zamu hada karfi da karfe da kuma rokon Allah ya kawo mana karshen#End Boko haram banditry#End Corruption in 🇳🇬, Jama'a gaaa zabe n 2023 yana tunkaro mu mu kula da kanmu da laafiyar gudun kar ayi amfani da Kuri'un mu wajen zaben Azzalumin shugaban,",0,0,0,0,0,0
hausa_4_01589,Alhmdlh muyi farin ciki kamar yadda kuka kammala wannan shiri mae dogon xango lpy allah yabamu ikon kala lpy allah yasa muna cikin masu rayuwa kuma munawa kowa da yabada gudun muwa acikin wannan fatan alkhairi daga mal.aminu saira harxuwa ma aikatan shirin🙏,0,0,0,3,0,0
hausa_4_01590,gsky hirar nan tae dadi Allah ya taemaka🙌🙌,0,0,0,2,0,0
hausa_4_01591,Ya subhanallahi 😭💔Allah ya jiqansu ya gafarta musu ameen,0,0,3,0,0,0
hausa_4_01593,muna taya mutanen garin farin ciki,0,0,0,3,0,0
hausa_4_01594,ameen amma dai yaka mata mu canja halinmu ko allah zai tausaya mana ya yaye mana wannan annobah,0,0,2,0,0,0
hausa_4_01595,woow gsky rahma wakar tayi dadi sosai nima nasha rawa sosai,0,0,0,3,0,0
hausa_4_01596,allah yajikansa da rahama yasa mutuwa hutuce agareshi,0,0,3,0,0,0
hausa_4_01597,darektan darectoci kenan allah ya kara lafiawadata da basira munajin dadin yadda kake caza mana kai a labarinaseries always unpredictable,0,0,0,2,0,0
hausa_4_01598,congrats ina taya murna,0,0,0,2,0,0
hausa_4_01599,alheri insha allah,0,0,0,2,0,0
hausa_4_01600,dan allah ku sake dubawa da kyau,0,0,0,0,0,0
hausa_4_01601,allah yai musu rahama ameen,0,0,2,0,0,0
hausa_4_01602,alheri ne gareku da kuma iyalan ku,0,0,0,1,0,0
hausa_4_01603,allah ya kawomana karshen wannan masifakuma muna fatan gwamnati zatayi duk mai yuwuwa gorin kamo masu hannu awannandakuma hukuntasudomin kaucewa faruwan haka a gaba allah ya kyauta,0,0,3,0,0,0
hausa_4_01604,oga alamari yana dadi fa allah ya bamu saa boss,0,0,0,3,0,0
hausa_4_01605,duniya sabowa babykamaye kahuta,0,0,0,0,0,0
hausa_4_01606,dan allah a saya mana makamai da kuɗinnan abawa maaikatanmu na staru bama sturon kurona kidnapping muke sturo da kuma bandits,0,0,2,0,0,0
hausa_4_01607,innalillahi wainna ilaihirajiun allah ya kawo mana dauki,0,0,2,0,2,0
hausa_4_01608,allah yakaremu daga sharrinta ameen,0,0,0,0,2,0
hausa_4_01609,inna lillahi wainna ilaihi rajiun ya gafartamusu mu kuma allah ya bamu kyakkyawon karshe,0,0,3,0,0,0
hausa_4_01610,mutuwar big sister aunty zahrau nayi kuka kamar baxan dai naba addua ta a ko da yaushe allah swt ya jadda da rahma kabarin ta ya albarkanci abin data bari astagfirullah,0,0,3,0,0,0
hausa_4_01611,kai jamaa allah kayi mana maganin masifa,0,0,2,0,1,0
hausa_4_01612,gaskiya ne wannan dattijon kirki buba galadima,0,0,0,1,0,0
hausa_4_01613,gsky ne wanan daman temakon allah muke so kuma atiku shine ze zama sila allah yasaka da alheri atiku up up atiku️️,0,0,0,2,0,0
hausa_4_01614,allah yakawomuna karshen tashin tashin a kasarmu,0,0,2,0,1,0
hausa_4_01615,allah yajikan she darahama,0,0,3,0,0,0
hausa_4_01616,ina lillahi wa inna ilaihi raajiun allah ya jikan shi allah ya yafe masa zunuban shiallah ya karbi bakwancin shiallah yasa iyakar wahalar kenan,0,0,3,0,0,0
hausa_4_01617,alhmdlh allah ya tabbatar mana da alheri wannan niyyar da kika sa azuciya kik,0,0,0,2,0,0
hausa_4_01618,allah ka tausayawa kasa ta nigeria ka kawo mata karshen wannan masifar da dake faruwa a ciki ta badan halin mutanen da ke cikin ta ba,0,0,3,0,0,0
hausa_4_01620,lallai wannan waka tayi dadi ina yinki rahma,0,0,0,2,0,0
hausa_4_01621,aminu a gaskiya nakan jidadin wakokinka musamman aisha kamar ni kaiwa saka makon sunan mahaifiya tane aisha da kuma baba ina zakane allah ya kara basira,0,0,0,2,0,0
hausa_4_01622,gyada me sihiri a bare aga biyu a murje aga hudu a bushe a ci dadi,0,0,0,1,0,0
hausa_4_01623,ina gwanin wani ga nawa legend ️,0,0,0,1,0,0
hausa_4_01624,jiki magayi anayi muna jin dadi,0,0,0,2,0,0
hausa_4_01625,kai wallahi naji dadi sosai wallahi cant wait to see dear allah yakara ilimi da basira ameen,0,0,0,3,0,0
hausa_4_01626,har ma ji kamshin soyensa,0,0,0,0,0,0
hausa_4_01627,munyi farin ciki da dawowansa,0,0,0,3,0,0
hausa_4_01629,allah ya basu zaman lfyallah yasa wannan aure ya zama alkhairi a garesu,0,0,0,2,0,0
hausa_4_01633,da zaman banza ay gara aikin kishiya,0,0,0,0,0,0
hausa_4_01634,allah subhanahu wataàla yajikansu yakuma gafartamusumukuma allah yakyautata karshenmu ya rabbalalameen,0,0,3,0,0,0
hausa_4_01636,gaskiya yaya aminu kayi don kasani cikin farin ciki sosai,0,0,0,3,0,0
hausa_4_01637,inanillahi wainna ilaihi rajiun allah ya jikan su da rahamar sa yasa aljannace makomar su dan alfarmar annabi muhammad s a w,0,0,3,0,0,0
hausa_4_01639,allah yajikan gogarman zakii,0,0,2,0,0,0
hausa_4_01640,aslm fatima douboun gaisuwa dafatan alhéri dafatan kin wini lfy gaskiya mouna jindadin akuchi da rufi sosai allah ya kara basira sunana hassan,0,0,0,3,0,0
hausa_4_01641,allah yah jikanshi,0,0,2,0,0,0
hausa_4_01644,abu zeyi dadi sosai gaskiya,0,0,0,2,0,0
hausa_4_01645,allah yajikanshi da rahama yasa aljance makoma ameen,0,0,3,0,0,0
hausa_4_01647,allahu akbar allah ya jikanta da rahama za ki wanzu a cikin zuciyoyin mu tare da yi miki addua a ko da yaushe allah kyautata makwanci allah sa da ki da shugaban halitta annabi muhammad saw,0,0,3,0,0,0
hausa_4_01648,allah kaine mai rahama ka jikan sarkin kayi masa rahama,0,0,3,0,0,0
hausa_4_01649,s a w allah ya jaddada rahama ah qabarinki,0,0,3,0,0,0
hausa_4_01650,alhamdulillah wlh nafi jin kowa dadi because dama sometimes sabo sukeyi,0,0,0,2,0,0
hausa_4_01651,allah yajikan uwar sarakuna,0,0,2,0,0,0
hausa_4_01652,allahu akbar allah ya jikansa da rahamarsa allah ya yafe masa kurakuransa summa ameen,0,0,3,0,0,0
hausa_4_01653,gimbiyar mata eid mubarak,0,0,0,1,0,0
hausa_4_01654,allah ya jikan sa da rahama allah yasa aljannah ce makomar sa allah ya jadaddah rahama allah gareshi muma idan tamu tazo allah yasa mu cika da kyau imani albarkacin annabi muhammad saw,0,0,3,0,0,0
hausa_4_01655,allah ya jikanshi da rahama ga ramadan ga kuma jumaa allah ya sadashi da annabi,0,0,3,0,0,0
hausa_4_01656,allah yajikanshi allah yagafarta mashi allah yasa karshen wahalar kenan dasauran musulmi,0,0,3,0,0,0
hausa_4_01659,ina mika sakon gaisuwa agareka sarki bisa rashi da akayi maka na mahaifinka allah ya baku hakurin rashi,0,0,3,0,0,0
hausa_4_01662,allah yajikansa yasa aljannah ce makoma,0,0,3,0,0,0
hausa_4_01663,allah ya rufa asiri ya tsaremu yakuma wakar da wayanda suka kamu ameen,0,0,1,0,2,0
hausa_4_01666,allah yajikan musulmi da rahama dan darajar annabi saw,0,0,3,0,0,0
hausa_4_01667,allah ya gafartawa mallam allah ya saada shi da annabin rahama,0,0,2,0,0,0
hausa_4_01668,masha allah masha allah allah yasanya alheri,0,0,0,2,0,0
hausa_4_01669,alhamdullilah albarkan dake ciki allah ya hada mu dashi allah yayi mana jagora yayi riko da hannayenmu wajen aikata alheri allah ya karbi ibadunmu ya yafe mana zunubanmu ya bamu hakuri da juriya wajen yin ibada ameen,0,0,0,0,0,0
hausa_4_01670,muna yimaka fatan alheri baba buhari,0,0,0,2,0,0
hausa_4_01671,allah ya jikanshu da rahama,0,0,3,0,0,0
hausa_4_01674,yan bura uba zaku gane shayi ruwa ne sai munci durin uwarku idan allah ya kaimu shaggu matsiyata nayi nadamar zaben wannan azzalumin har sau biyu,3,0,0,0,0,0
hausa_4_01675,wallahi karyar banzaace,2,0,0,0,0,0
hausa_4_01676,dan allah ku daina kawo mana irin wadannan labarun haushin shi buharin duk kashe kashe da ake yi a arewa yataba yin wata maganar,2,0,1,0,0,0
hausa_4_01677,zancan banxa zancan isakamudai kawai allah ya isa zamuce,3,0,0,0,0,0
hausa_4_01678,tabbas kuna ruwa tsundun,0,0,0,0,0,0
hausa_4_01679,karya take fitsararriya maras kunya,2,1,0,0,0,0
hausa_4_01680,allah ya isaaaaaaaa bbchausa,3,0,0,0,0,0
hausa_4_01681,ashe yasan muna jin yunwa iskancine daman hmm su buhari kenan,2,0,0,0,0,0
hausa_4_01682,wannan zancen banzane yakeyi ️️️,2,0,0,0,0,0
hausa_4_01683,aikin banza a banza wawayen mutane yan majalisar kasata wallahì aikin soja guda yafi na duk taronku mi kuke barkatawa talaka a nigeriar kashi cikin dari naku bakuda amfani ga talakawanku wawaye kawai allah shi sakawa talakawa akanku,3,0,2,0,0,0
hausa_4_01684,cab muna ruwa,0,0,0,0,1,0
hausa_4_01685,kaji jahila dole ne mu fada maki kika mutu haka wuta kikai saboda kina saida mutuncinki kan titi fuck u bitch,3,0,0,0,0,0
hausa_4_01686,dirkashi lallai ana hege,0,0,0,0,0,0
hausa_4_01687,kuna ruwa indai barca che,0,0,1,0,0,0
hausa_4_01688,talakawa ma sunyi tir da ɓoye abincin su da aka yi,0,2,1,0,0,0
hausa_4_01689,wai su sharri kawai suke nema da mu ko kuma ya ga america can sai mutuwa suke amma mu kadai suka sa ma ido munafukai kawaii,2,0,0,0,0,0
hausa_4_01690,wae har ynxu arsenal na ruwa,0,0,0,0,0,0
hausa_4_01691,bayada amfani jahilla kawai wan nan girman kaine kuma shine jahilcin as from nun u have change to jahila shidaniya kawai fitsarraliya allah ya isah da sport dinki danayi abaya kuma duk kikabar musulunci bamu yafeba domin akwai alamun hakan,3,0,0,0,0,0
hausa_4_01692,ya gama shasshafesu a waje ya game rungumesu sannan zai yi mana wani maganar sunnah munafukin banza munafukin wofi hian,3,0,1,0,0,0
hausa_4_01693,karyar banza tun yaushe mukejin wannan tatsuniyar,3,0,0,0,0,0
hausa_4_01694,allah ya walakanta su kafiran banza,3,0,0,0,0,0
hausa_4_01695,zakaci kutumar ubanka wallahi idan lawakiri ya kama ka,3,1,0,0,0,0
hausa_4_01696,kai jamaa wai ran dan najeria yazama banza yan taada su kashe yan sanda ma su kashe,1,0,3,0,0,0
hausa_4_01697,en kutumar uba ne wlh wai hanta virusshegu yaran mace,3,1,0,0,0,0
hausa_4_01698,kaji dan hegiya munafikin allah a a uwar babbar korona ce mtswwww,3,0,0,0,0,0
hausa_4_01699,allah ya isa data ta‍️,3,0,0,0,0,0
hausa_4_01700,yan bura ubaaa ku dabbobi ne suka dameku,3,0,0,0,0,0
hausa_4_01701,mits abin ban takaici wai sallah ce akeyi a haka shin ni abinda ban fahimtaba a nan shine shin shi buharin baya sujuda ne domin naga kujerarsa dai dai mazauninsa,2,0,1,0,0,0
hausa_4_01702,allah ya isa tsakaninmu da ku sai musifa ta faru zaku je jaje mutanan banza marasa kishi allah ya isa,3,0,0,0,0,0
hausa_4_01703,amma renawa alumma wallahi abun haushi da takaici acikin kasanan ya ishi talaka mutane wai ku sai doledole kun kai kanku ga wuta haba jamaa,3,0,0,0,0,0
hausa_4_01704,mganan banza a kasannan mun dauki tsananin yarda mun bawa gomnati amma karshe dame suka saka mana an wawushe mana dukiyan kasa ba ruwa ba titi ba kiwon lapiya mai inganci kai abin takai takawo ranmuma bamu tsira dashi ba mun yanke kauna akan kasarnan wlhy️,2,0,2,0,0,0
hausa_4_01705,allah ka tsinewa ganduje ka tsinewa duk wani da yakeda hannu da duk wani dayaji dadin cire sarki da duk wani dayaji haushi domin na tsinewa ganduje shege dan karya allah ka yada cutar corona virus a gidan gwamnatin jihar kano da kano state house of assembly,3,0,0,0,0,0
hausa_4_01706,mtsww karyar banza,2,0,0,0,0,0
hausa_4_01707,idan fitsari banza ne kaza tayi adai bar kaza cikin gashinta kadda garin tone tone kaza ta tono wukar yankata ka tambaye ni hanyar rafi kaza nake,0,0,0,0,0,0
hausa_4_01708,kaji shirmen banza suje sambisa mana da dajin birnin gwari,2,0,0,0,0,0
hausa_4_01709,stofin banza kawai shi babban jimakin musan bazaije ba ai tunda ba yarbawa ko inyamurai aka yanka ba,3,0,0,0,0,0
hausa_4_01710,kaji ƴan iskan banza da wofi kun je kunyi iskancin ku zaku rainawa mutane hankali abin ɓoye ne ya fito fili allah ya sawwaƙe amin,3,0,0,0,0,0
hausa_4_01711,abin da mamaki a ce yan ta adda sun ga gari government a nigeria kullum abin kara gaba yake tunnuna sa ran za sanu sauki da sassauci har mun fara cire rai allah ka yi mana maganin wanan masifa ya tona asirin duk wani mai hannu çıkın kashe bayin sa,1,0,3,0,0,1
hausa_4_01712,abun haushi saboda pizza da shawarma sai a wuni ana yawo dake a mota kamar ragon layya da sunan chilling️ ba dai aji,3,0,0,0,0,0
hausa_4_01713,innalillahi wainna ilaihi rajiun kaii sai kace shirin fim kullum satar mutane kamar satar kiyashi allah kayi mana maganin wannan masifa,0,0,3,0,2,0
hausa_4_01714,allah ya isa barayin banza,3,0,0,0,0,0
hausa_4_01715,jaka wawuya kawai nidai kawai abinda zance miki ki daina ikirarin ke musulmace dan gara kawai ki koma arnancin kawai dan yafi miki kyau allah ya shiryeki in daki shiryu in badaki shiryuba kuma allah ya mana maganinki idiot,3,0,0,0,0,0
hausa_4_01716,sheganta kawai aikin banza kawai,3,0,0,0,0,0
hausa_4_01717,ya yabawa banza dai,2,0,0,0,0,0
hausa_4_01718,duk wanda ya yarda da corona virus banza ne dan uwarsa,2,0,0,0,0,0
hausa_4_01719,taab har na tausayawa masu yin zaben don zasu sha rana a banza,0,0,2,0,0,0
hausa_4_01720,shegu tsinannu masu ci da addini kaji fa wai masu hana badala a doran kasa karshe su ake kamawa da matan mutane a hotelallah ya wadaran naka ya lalace️️️,3,0,0,0,0,0
hausa_4_01721,karyar banza tun yaushe ake fadan hakan,2,0,0,0,0,0
hausa_4_01722,amma ina mamaki matuqa akan aikata laifin da matar nan tayi na kashe yayanta biyu dubi da yadda uwa take son yayanta tayaya kuma zata kashesu har lahira anya kuwa batada tabin hankali,0,0,2,0,0,3
hausa_4_01723,karyar banza karyar woofi,3,0,0,0,0,0
hausa_4_01724,mahaukaci ne ama,0,0,0,0,0,0
hausa_4_01725,hajiya go carry gun fight bandit kinji,1,0,0,0,0,0
hausa_4_01726,karya yake dan uwarsa,3,0,0,0,0,0
hausa_4_01727,lallai wann abun haushi ne sulhu d dan taadda koa finafinan india baa wann,2,0,1,0,0,0
hausa_4_01728,hegiya bazata iya amsa ko daya ba,3,0,0,0,0,0
hausa_4_01729,nabi kulle da gudu‍️‍️,1,0,0,0,0,0
hausa_4_01730,buhari faaa yaci kai wollah,1,0,0,0,0,0
hausa_4_01731,uban wayache karsu kama kawunansu meyake circulating banda nanayen yada rashin kunya da rugurguza hanyar addini da aladun arewa,3,0,0,0,0,0
hausa_4_01732,ni ko kadan hakan bai bani mamaki ba domin kuwa vazu dauki rayukan yankin arewa a baki komai ba hakan ya kara tabbatar mana da mulkin kama karya ake yi mana allah ya kaimu lokacin zabe maga shegen da zai zo mana arewa campaign,2,0,2,0,0,0
hausa_4_01733,Allahu Akbar harda dankwali under the scarf 😅 Gaskiya bags abun mamaki this Ramadan in particular 🤔😅 https://t.co/ApRM01UZGJ,0,0,0,0,0,2
hausa_4_01734,😩Ya Allah 🤲🏽Allah kai mana Dauki da iyawarka✨✨🌠,0,0,2,0,1,0
hausa_4_01735,Allah ya kawo mana karshen koh ameen ya rabbil kuwati wal jabarud 😭🤲,0,0,2,0,0,0
hausa_4_01736,Innalillahi wa’inna ilaihi raji’un. Allah ya kawo muna saukin wannan masifa 🙏😭,0,0,2,0,1,0
hausa_4_01737,Allah ya kawo mana dauki a kasa ta nigeria da sauran kasashen musulman duniya baki daya. 🙊🙊🙊🙊🙊🙊,0,0,1,0,0,0
hausa_4_01738,"Innalillahi Wa’inna Ilaihi Raji’un. Allah Ya Jikan sa da Rahma, Allah Yasa Aljannah Firdaus ce makomar sa. Ameen Yaa Rabbal Alamein. 💔😭",0,0,3,0,0,0
hausa_4_01739,Allah ya sadamu da farin ciki duniya da lahira.. Good morning prince 👑,0,0,0,1,0,0
hausa_4_01740,Ansamu gawar ne Allah yajikansu da rahama 🤲🏾,0,0,3,0,0,0
hausa_4_01741,Ana yi muna jin dadi 😂😂🤣🤣,0,0,0,2,0,0
hausa_4_01742,"Gaskia naji dadin abunda ya faru da Mahmud don anuna masa cewa komai sai Allah ya yarda, yake faruwa, wannan ma babban darasi ne ga masu hali irin nashi, KUDOS Mal. Aminu saira ✌",0,0,0,2,0,0
hausa_4_01743,Wish you more success Ahead dear🥰 Allah ya taimaka ya bada sa'a 🙏ya kawo rabo mafi Alheri 🙏keep smiling my star ⭐ ✌️,0,0,0,3,0,0
hausa_4_01744,Muna fatar alheri.💟💟💟,0,0,0,1,0,0
hausa_4_01745,Naji dadin wannan labarin🤣🕺🏾muna godiya bbc hausa.,0,0,0,3,0,0
hausa_4_01746,uwar dakinka ta na mana fatan alheri.😂😂 Amadadinka muna godiya @user,0,0,0,2,0,0
hausa_4_01747,Congrats muna masa fatan Alheri 🤗,0,0,0,2,0,0
hausa_4_01749,😭Allah yasa mugama da dunia lfy. Kai kuma Allah kara lfy,0,0,2,0,0,0
hausa_4_01750,Allah ya haskaka kabarinsa yasa aljanna ce makoma👏🙏🙏🙏,0,0,3,0,0,0
hausa_4_01751,Malam Allah yasaka da Alheri 🙏,0,0,0,2,0,0
hausa_4_01752,"Allahu Akbar.... Allah ya jikanta da Rahama, za ki wanzu a cikin zuciyoyin mu tare da yi miki addu'a a ko da yaushe... Allah kyautata makwanci Allah sa da ki da shugaban Halitta Annabi Muhammad SAW... 😭😭😭",0,0,3,0,0,0
hausa_4_01753,Allah sarki Allah yabaku hankuri Ya sa aljannan makoma 🙏🙏,0,0,2,0,0,0
hausa_4_01754,Hahahaha Allah ya taimaki honorable gudaji kazaure fatan alheri😂😂😂,0,0,0,2,0,0
hausa_4_01756,ina miki fatan alheri ako da Yaushe hakika ni masoyiyarki ce ta Gaskiya ILYSM 💗,0,0,0,2,0,0
hausa_4_01757,Allah Akbar kabiran Allah ya gafarta ma ibro ya haskka kabin ka yasa mu cika da imani 😭😭😭😭,0,0,3,0,0,0
hausa_4_01758,Allah ubangiji ya ji qansu gabadaya ya kuma yi musu rahma 😖😭😭 sun manta da za’a je lahira dukkan rai zai dan dani mutuwa 😭😭😭😭😭😭😭😭😭😭😭😭😭#ZabarmariMassacre #SackTheServiceChiefs @user,0,0,3,0,0,0
hausa_4_01760,"Allah ya jikan malam, Allah ya kai haske kabarin sa, Allah ya hada fuskokin mu a jannatul Firdaus 🤲🏻🤲🏻🤲🏻🤲🏻",0,0,3,0,0,0
hausa_4_01761,"ALLAH ya gafarta wa Baban mu Ali Kwara Amin, kasa aljannah makomah. Baushe an kwanta dama ALLAH kasa can tafi nan Amin 🤲🤲🤲",0,0,3,0,0,0
hausa_4_01762,Allah ya jikan ta yasa aljanna makoma agare ta...Allah ka jikan iyayen mu da yan uwan mu baki daya...idan tamu tazo kasa mu cika da kyau da imani...Ameen ya Allah 🤲🤲🤲,0,0,3,0,0,0
hausa_4_01763,"Masha Allah Yayi dai dai, A masayina dan Borno nai farin ciki, Allah ya karbi Adu'armu,🤲🤲",0,0,0,3,0,0
hausa_4_01764,😂😂😂 gaskia nayi farin ciki da hankan,0,0,0,3,0,0
hausa_4_01765,Fatan alheri zuwa gareki😍,0,0,0,2,0,0
hausa_4_01766,Allah yabiya soyaya zamani🔫😂😂😂😂😂😂😂😎😈,0,0,0,1,0,0
hausa_4_01767,Hakaa Allah yakee abinsah 🙏,0,0,0,0,0,0
hausa_4_01768,Sadau film na mati azazzau ya na a rai ki to allah tabata da alkairi🤲,0,0,0,0,0,0
hausa_4_01769,😂😂😂😂🤣🤣haba oga yan daban lafiya,0,0,0,0,0,0
hausa_4_01770,"Malam aminu Saira mu Munyi predicting abinda ze faru nan gaba aiii,dama kowa yasan Mahmoud Dan Shege neh Toh cewa Zakuyi baban Laila shine babanshi Kaga Mahmoud zeiyi 2-0 babu Sumayya babu Laila 😂 😂 😂 my prediction is soo accurate. isn't it?",0,0,0,0,0,0
hausa_4_01772,Da kwado ya fada ruwan zafi ♨️🐸,0,0,0,0,0,0
hausa_4_01773,Kaji gidan yayi tsit saboda da alura ta tono garma...Amma ba Dan hakaba da yanxu kaji gidan kaman zai tsage..sai BABA. 👇 https://t.co/FiRsUKdXBj,0,0,0,0,0,0
hausa_4_01774,Harna Tina da great Wall🤧🌚😂😂,0,0,0,0,0,0
hausa_4_01775,"Tambaya ☝ Shi usman dake karkara kumafa miye matsayin sa? Domin Alamu dari bisa dari sun bayyanawa duniya cewa yanada wata boyayyer manufa, dan bazaiyi wannan zaƙewar abanza ba",0,0,0,0,0,0
hausa_4_01776,....tohm shikuma dan zango daya koma lagos da zama waye zae karasa mana #basajagadaga ..... Abeg help me ask hiim kodae mu cire rai neh kawae😢 @user,0,0,1,0,0,0
hausa_4_01777,Ina gaiyatarsu ranan daurin aurena 😂,0,0,0,1,0,0
hausa_4_01778,Koh dai Dan Nigeria yaje chan😂😂,0,0,0,0,0,0
hausa_4_01779,Ki shekara 2500 aunty 💕,0,0,0,0,0,0
hausa_4_01780,Dan ALLAH wajen daukar azimi wace irin addua kukayi inajin dai kowa cewa yayi salasina yauman au tis a wa ishrina yauman 😄😄😄😄😄so let's achieve it kawai,0,0,0,1,0,0
hausa_4_01782,Akawai kunyar katshe 😂,0,0,0,0,0,0
hausa_4_01783,"Tabdi. 😭😭 Bacellona, Gaskiya Akwai sake your Excellency.",1,0,0,0,0,0
hausa_4_01784,Ku kirashi a waya mana. 🤔,0,0,0,0,0,0
hausa_4_01785,"Wane darasi shugabannin wannan zamani za su koya daga marigayi Janar Sani Abacha, wanda a yau Asabar yake cika shekara 21 da rasuwa? 😭 Tsohon shugaban mulkin sojan Najeriyan ya rasu ne a ranar 8 ga watan Yunin shekarar 1998. https://t.co/oZJOdxa6Sm",0,0,2,0,0,0
hausa_4_01786,"YDG dama idon kaji saurayin da yace ma budurwa ta turo Mai da tsiraicin ta, toh ba auran ta zai yi ba lalata kawai yake so yayi 😭😭",0,1,1,0,0,0
hausa_4_01787,What an insecure country 😭 Allah ya kare mu Allah ya kubutar dasu daga hannun azzaluman nn,0,0,2,0,2,0
hausa_4_01788,"Wannan babban abin kunya ne wlh.kuda qasar take hannunku,kuna da ikon sawa ayi,kuna da ikon hanawa ayi.Tirrr da wannan abin ban haushi😔",3,0,0,0,0,0
hausa_4_01789,Kowa yaci zomo Sai yaci gudu koda ubansa Sarkin daji ne 😂,0,0,0,0,0,0
hausa_4_01790,Wai tsit kakeji uwar gulma tayi ciki😀 up England,0,0,0,0,0,0
hausa_4_01791,Allah ya isa bamu yahe bah Ana mulkin hauka a nigeria diyan banxa an😥,3,0,0,0,0,0
hausa_4_01792,Nigeria ta haukace saboda corrona😭,0,0,0,0,2,0
hausa_4_01793,Aikin banza idan mun fada din bamu zakuyi?🤔,2,0,0,0,0,0
hausa_4_01794,"""""""""yan bura uba zaku gane shayi ruwa ne sai munci durin uwarku idan allah ya kaimu 2023, shaggu matsiyata nayi nadamar zaben wannan azzalumin har sau biyu 😭😭",3,0,0,0,0,0
hausa_4_01795,"Wasu yan Mata a body schools sun Kira wani mai alewa da nufin xasu masa juyel ya shiga cikin hostel suka tseyi alewan gaba daya, sukace sai ya musu wani Abu, yace me, sukace jimai , yace aa, suka rufe kofa suka danneci, suka masa fyade, sabida yawansu sai da ya mutu😪😪",0,1,3,0,0,0
hausa_4_01796,Zasuci broubansune 😡😢😡😢 jahilai na asara,3,0,0,0,0,0
hausa_4_01797,1)idan fitsari banzane kaza tayi😀 2)Kallom hadarin kaji😀 Tabb wllh na manta ragowa😀😀🙈🙈,0,0,0,0,0,0
hausa_4_01798,"Dan Allah ku daina kawo mana irin wadannan labarun haushin..😢😢, Shi buharin duk kashe- kashe da ake yi a AREWA yataba yin wata maganar, ??",2,0,0,0,0,0
hausa_4_01799,Mtswwww meye abun gwaninta anan ?? Sun Sha wahala a aikin banxa da zuwa sukayi suka siyo wata dabbar ba shikenan ba 🙄😎,2,0,0,0,0,0
hausa_4_01800,😂😂 Yasin munpi tsoron talauci akan corona🥴🥴,0,0,0,0,1,0
hausa_4_01801,Allah ya isa wlh 😭😭😭 Ana cikin yanayi matuka amman sukuwa babu tausayi d imani a Zukatansu .,3,0,0,0,0,0
hausa_4_01802,"Kowa anan zai nuna shi he is pure while he isa devil himself wasunku masu zagin anan shahararrun yen iskane wasuma yen luwadi ne wasu kawalai ne kannanku wasu karuwai ne irin shigar dasukeyi ma ya baci sune zuwa party,club amma kunaku ba iskanci sukeba idiots😠😠😠",3,1,1,0,0,0
hausa_4_01803,Ku duba matar nan da ɗanta. Abin tausayi. Zamu ji da matsalar rashin ingantaccen ilimi ne ko rashin abinci? Ko rashin ingantaccen kiwon lafiya? ko rashin zaman lfya? 😭😭😭 https://t.co/EWz3q5d90w,0,0,3,0,0,0
hausa_4_01804,Devils. Su fuskanci hukunci mai tsanani. Yaro dan shekara 5 😭😭.,2,0,2,0,0,0
hausa_4_01805,"Almubazzaranci tsantsa, wannan kwalliya Baata wuce awa bakwai (7) an wanke ta an koma Kama(look) na asali. 😂. Abun mamaki kuma shine Kashi tamanin (80%) na maza irin wannan kwalliya ta (make up) Bata burgesu.",2,0,0,0,0,1
hausa_4_01806,"Hmmmmmm yaukuma tir yayi ba Allah wadaiba kayy! Mudaimuna ganin mulki mecikeda tsantsar kiyayya wayankinmu na arewa, amma bakomai watara sai labari Allah yakaimu 2023 da rai da lafiya yakuma karemu da kariyarsa amin, Badai kullum ganisukeyi talaka bayada hankaliba hmmmmm. 😭🙏",1,0,3,0,0,0
hausa_4_01807,wai Fati washa ce virgin😄😄😄😄,0,0,0,0,0,2
hausa_4_01808,"Kai😥 Allah ya sawaqe amma Ana zalunci a kasar nan wlh, saikaga nasama kokarinsa ya cuci na kasa dashi, shi bai taimaka mai ba sannan kuma anbashi yabayar kokari yake ya danne😭, Ohh Allah.🙆",1,0,3,0,0,0
hausa_4_01809,🤣🤣🤣tirr gwamnati na hukunci,1,2,0,0,0,0
hausa_4_01810,Kut sata kiri kiri wannan fah ake kira next level 😂😂😂🤣🤣🤣,0,0,0,0,0,1
hausa_4_01812,Zade su sha mamaki neh🤔,0,0,0,0,0,0
hausa_4_01813,Makirkira Corona virus suna mamaki saboda wanda ya kirkiro mu baki daya yayi nasa hukuncin! 😆☝️,0,0,0,0,0,2
hausa_4_01815,BBC Hausa sunkoma tallan maganin ma aurata 😂,0,0,0,1,0,0
hausa_4_01816,Tohhh faaa 🤔 Wannan Sabon zancen faa?,0,0,0,0,0,1
hausa_4_01817,Abun ya baki mamakiyos kenan🤣🤣🤣 @user,0,0,0,0,0,1
hausa_4_01820,Zaka kwana kana mamaki😂,0,0,0,1,0,0
hausa_4_01821,Nigeria qasarmu mai abin mamaki 🤣🤣,0,0,0,0,0,1
hausa_4_01823,🤣🤣🤣🤣wannan ai abin mamaki ne tayaya,0,0,0,0,0,3
hausa_4_01824,Tab zakuga mamaki daganin idoh ku😹,0,0,0,0,0,0
hausa_4_01825,Babbar Magana TIRKASHE🤣😂,0,0,0,0,0,2
hausa_4_01826,Wallahi abun mamaki baya karewa a nigeria 😂 amma dan allah yawace hanya yakashe kudin?please,0,0,0,0,0,2
hausa_4_01828,Toh fah! Babban Magana 😮😮😮,0,0,0,0,0,2
hausa_4_01829,Duk shekarun dazatayi bazata Tara cholesterol a jikintaba😂😂😂😂,0,0,0,1,0,0
hausa_4_01830,Abun mamaki Dama manya suna fitsarin kwance😂😂,0,0,0,0,0,2
hausa_4_01831,Lol!! Toh abun mamaki 😂😂😂,0,0,0,1,0,2
hausa_4_01832,"Uhmm, Barcelone mai abun mamaki. Gida bai ƙoshi ba ana kaiwa daji.😲",0,0,0,0,0,2
hausa_4_01833,Zan sha mamaki mana😂,0,0,0,0,0,1
hausa_4_01834,Abun mamaki har yanzun a 2021 akwai masu sauraran jawabin Buhari. 🤣,0,0,0,0,0,2
hausa_4_01835,Zamu bawa duniya mamaki kuma zamuci Barcelona daren yau ina fatan duniya ta shaida 😎,0,0,0,1,0,0
hausa_4_01836,Tooh yanzu kuna nufin Kano pillars players duk sun samu kunnen doki kenan? Tabdi Jan palalu 😂😂😂,0,0,0,0,0,1
hausa_4_01837,Karasa wake rubuta Mai abun nan🤔 wani abun dakajishi sai Kai mamakin wai Anya kuwa anyi bincike kan fadin shi,1,0,0,0,0,2
hausa_4_01838,Lalle zamu baka mamaki yau 😂😂🤣🤣,0,0,0,0,0,0
hausa_4_01839,Ashe ma yana dariya 😂😂😂,0,0,0,1,0,1
hausa_4_01841,ashe dai an kusa a daura auren da gaske,0,0,0,0,0,2
hausa_4_01842,allah ya kyauta wai a aikata mugun laifi irin wannanamma wai abun haushi abin takaici abun ciwo ake kuma neman sulhu da wanda ya aikata laifinkuma abun kona rai shine laifin ya tafi a banza allah ka bamu zaman lafiyaka kare mu ka yaye wa bayin ka amin,3,1,2,0,0,0
hausa_4_01844,gasar premier southampton ta bai wa mamaki da ci cc,0,0,0,0,0,1
hausa_4_01847,a gaskiya yakamata kungiyar kare hakkin dan adam ta duniya takama kungiyar kwallon kafa ta beyern munich domin abinda sukayiwa fcb tozartawa ce,1,0,1,0,0,0
hausa_4_01852,kaiii bbc kun iya kawo abin alajabi,0,0,0,0,0,2
hausa_4_01853,sai a kai mata sammaci kabarinta ai,1,0,0,0,0,0
hausa_4_01854,wasu yan takarar pdp na kyamar hoto da jonathan,0,0,0,0,0,0
hausa_4_01855,tirkashi wani kaya sai amale ‍️,0,0,0,0,0,2
hausa_4_01856,first lady kuma yau kan garba shehu ta dira kenan,0,0,0,0,0,0
hausa_4_01857,toohhh ai na zata sun gama tuntuni ayi bincike lahia,0,0,1,0,0,0
hausa_4_01858,chan ta matse musu daman duk yan taadda ne,3,0,0,0,0,0
hausa_4_01859,da wannan kazamin bakin naka wai kai har wani sumbata kakeyi ko ai dayake banan kadae ake xama ba akwae ranar tantancewaranar da allah xaici uban wasuai dama ci gaba kayi baka daina ba dinshakarai wai wacce ba maharramarka ba amma har wani cewa kake yen yen yen yen,3,1,0,0,0,0
hausa_4_01860,gaskiya ana tsiya a twitter,0,0,0,0,0,0
hausa_4_01861,wllh wannan azzalumi magani guda a harbe shi har lahira domin yazama darasi ga azzalummai irin shi ni gaskiya banga alamun yin adalci a gwamnatin shugaba ba wllh wannan taasa har ina,3,0,0,0,0,0
hausa_4_01862,ɗan tsuntsu bayada tarbiya he deserve to inpeach,2,0,0,0,0,0
hausa_4_01863,sai dai abinda mike xargi akan tun parkon na dashi daman siyasa kawai amma irin wannan ai cima masarauta hakki ne,1,0,1,0,0,0
hausa_4_01866,ba doleba tunda ba akashe danka ko matarkava da ananne xaaga tashin hankalinka kakasa komai kagaxa kare rayukan alumna tir,2,1,0,0,0,0
hausa_4_01867,mayan mulkin ai bazai sauka ba incompetence kawai‍️,3,0,0,0,0,0
hausa_4_01868,allah raka taki gona dan asara dama farin jinin dayayi na kwankwasiyya ne yanzu yayi babun badulahu,3,0,0,0,0,0
hausa_4_01869,ae koda an fara dauka ba talaka aciki daga su sai yayan ministoci in sun dawo daga england ko america mu kuma sun kasa biyan malamai albashi saboda ba yayansu a university din nigeria azzalumai,2,0,2,0,0,0
hausa_4_01870,ita dai wannan taga kanta duk pictures din da nike gani nata duk babu na dabia wani na ganta dana miji wani kuma kaya neh a jikinta amma kamar tsirara please wai wacece wannan,0,2,0,0,0,0
hausa_4_01872,bansan meh yasa baamma duk lokacin da naga hoton mutumin nan seh zuciyata ta tsinke,0,0,1,0,0,0
hausa_4_01873,can ta matse muku mugaye,3,0,0,0,0,0
hausa_4_01874,allah bbc bai kamata kusa wannan hoton ba to wai har yanzu bai farka ba,0,0,1,0,0,0
hausa_4_01875,kuut see mugunta,0,0,0,0,0,0
hausa_4_01876,a wane jaha badai kano bah chab wallahi zai sha mamaki,0,0,0,0,0,2
hausa_4_01877,baajin labari na alheri sede sharri awajenku tirr daku,2,2,0,0,0,0
hausa_4_01878,wlh wnn batun ganin wata a nigeria yana bani mamaki wlh ‍️ace almst every year mu wlh ana zaluntarmu idan kuwa angani a niger why not ayi sallah ‍️koh niger ba time zone dinmu daya ba amma sabida lalaci d son nuna a bayan saudiyya muke don a turo kudin ace araba su cinye,1,0,1,0,0,2
hausa_4_01879,ya salaaam ji mugunta,0,0,2,0,0,0
hausa_4_01880,inaga bukhari allah wadae kadae yasani yanxu a kalmar shugabanci,1,0,1,0,0,0
hausa_4_01881,ae zamance baa addinance ba basu da laifin komai tunda sun ga har ƴan maɗigo da luwaɗi suma sun fito fili suna neman a basu ƴanci yin abin da suke so kuma wasu manyan ƙasashe sun nuna suna goyon bayansu,0,0,0,0,0,0
hausa_4_01882,how is it okay to romanticize an abusive relationship it was so uneasy to tolerate kabir singh behavior yarinya tana ta rokonshi kamar ta bauta mishi amma ya gaura mata mari,1,0,2,0,0,0
hausa_4_01883,wai daman hakan ne hakuri ana kisan alumma shine shugabanci tir da irin wanga hali na ko in kulaa,2,1,2,0,0,0
hausa_4_01884,shifa elrufai kallon bagidaje yake ma ganduje bai san kar yake kallon sa ba,0,0,0,0,0,0
hausa_4_01885,ai ba abun burgewa bane,1,0,1,0,0,0
hausa_4_01886,imagine none muslim is doing muslims job where our masu kudi ina su aminu dogo suke sede kwarewa wajen toshe wa talakawa hanyar cin abinci,1,1,2,0,0,0
hausa_4_01887,tohmunji abunda yafi wannanwasu ma sun kashesun sace mutanesun yi fyadesun kona dukiyan alumasai ga wata kalmaamnesty,0,0,2,0,0,0
hausa_4_01888,wai daman malami ne amma tir da wannan maluntakar,2,2,0,0,0,0
hausa_4_01889,ai ba abun mamaki bane a najeriya ma beraye sun hana shugaban kasa shiga office,1,0,0,0,0,0
hausa_4_01890,kaji mahaukaci sai ka kawo hujjar ta nuna cewa murdiyar zabe khadimul islam yaje ai ganduje aikin jamiyyarsa yaje kamar yanda jamiyya ce ta zabeshi matsayin mai saka ido akan wannan daga bangarenta banda mahaukaci kwankwaso da yaje can din wani yace murdiyar zabe yaje,3,0,0,0,0,0
hausa_4_01891,Tooo Fati kuma🤔🤔🤔 Yadee haka da sunan mata,0,0,0,0,0,2
hausa_4_01892,"Wato mutanenan basu rabu da abin mamaki 🤣🤣 next level Alhaji, jamaa kudaina walahar dakanku a kansu gani dai ya koriji🤣🤣",0,0,0,0,0,1
hausa_4_01893,"Wato ni abunda yake bani mamaki, kullun ƙara samo wasu kuɗi ake wajan 'yan ƙasa, wanda wannan kuɗin sun kasance mallakin ƙasa. Amma kuma kullun ƙara ciwoma ƙasa bashi ake yi. Shin ko mi ye takamai-man zance??? Sannan kuma bamuga hanyar da ake bi da wannan kuɗin ba.👌👌👌",1,0,1,0,0,2
hausa_4_01894,Malam idan zakayi Hausa kayi fah dan mu wannan ba burgemu zaiyi ba🙄,2,0,0,0,0,0
hausa_4_01895,Kaga yarinyar da kake bin bayanta a layi na 🏧 ko wajen screening ko registration kake manne mata don kawar da sha'awarka? OGA NA LAYI KAIMA MAI FYADE NE.,0,0,0,0,0,0
hausa_4_01896,Kaga garinda suka maida karuwanci sana’a 😂🤣🤣,0,0,0,0,0,1
hausa_4_01897,Mutumin da yaci mutuncin addinin ne zai jinjina wa shuwagabannin ta☹️lallai akwae tuka da warwara💯,1,0,1,0,0,0
hausa_4_01898,Amma ba'a gargadi GANDUJE ba har yanzu 🤔 Zalunci baya dorewa a kula dai!,2,0,0,0,0,0
