text_id,text,Anger,Disgust,Sadness,Joy,Fear,Surprise
orm_train_track2_1,"Guyyaa arraa waan bareedaa yoon argin Gazzaa ( palestine ) keessatti barsiisaan qabxii joollee osoo kaayaa jiruu mucaa tokko ka zaalimni ajjeese shahiideedhaaf akkas jechuun qabxii isaa kaaye . Jannatul firdows ol aanaa tahe san"" Rabinii haramatuu URL",0,0,0,1,0,0
orm_train_track2_2,Oromoo maqaa balleessuuf jecha dhagaa isaan kaasanii hin buufne hin jiru . Uummata abaaramaa kana! URL,0,2,0,0,0,0
orm_train_track2_3,@USER Yaada gaariidha garuu namni hundi ykn dhaabni hundi mariitti amana jechuun wan hin danda'amnef lubbu lammiilee mootummaan itti gafatamummaa fudhatte eguu qaba xaxaa siyaasattin namoonni du'uu hin qabne waan du'a jiraaniif kessattuu qaamni nageenya biyya eguuf gahee qabu,0,0,1,0,0,0
orm_train_track2_4,. sareen mana nama dhuftee ambaa(firfaarii) mi'oftuu nyaatee hin deemtuu yoo wari hariee malee . kunoo Waayyaaneen amma saree tti yoo umman Oromo Oromiyaa keessa har'ee malee jiru Oromo waan mi'eefatee fuu biyya kenya (Oromiyaa) dhifteetti deemittin soba .,0,3,0,0,0,0
orm_train_track2_5,nafxanyaan oromiyaa gad lakkkisee bahuu qaba,0,3,0,0,0,0
orm_train_track2_6,P2:Dubbiin akkas namni bu'aa ba'ii hedduu arge sodaa hin qabu abadan.lubbuun harka rabbiiti!yoo warra waa maxa'uuf rakkattu ta'es dhiisi!ofumaa bukeessuudha.Itoophiyaa!!!,2,0,0,0,0,0
orm_train_track2_7,Booji'amtoota waraana itoophiyaa humnaa addaa tigraayin kan booji'aman graa maqalee geefamu vedioURL,0,0,0,0,0,0
orm_train_track2_8,Putiin biyyi kamiyyu waraana Yukireen gidduu gallaan deebii hamaan akka isa eeggatu akeekkachiise URL,0,0,0,0,0,0
orm_train_track2_9,Media haqaaa fi filatamaaa omn,0,0,0,2,0,0
orm_train_track2_10,Hubannoon nam-tolchee dhala namaa balleessa jechuun ogeeyyiin akeekkachiisan,0,0,0,0,0,0
orm_train_track2_11,'Hundee koon yaadadha. Osoo seenaan koo durii hin jiraannee har'a aniyyuu hin jiru' -Guutuu Abarraa,0,0,0,0,0,0
orm_train_track2_12,RIP Torbee tokko gidduutti cidhaa fi du'a wal faana simachuun baay'ee cima dhugaa dubbachuuf immoo amanuuf illee baay'e namatti ulfaata . Nagaan boqodhu maatii fi firootan Gammees Waaqayyoo isiin haa jabeessukka URL,0,0,3,0,0,0
orm_train_track2_13,"osoo kanaa Agaruu garaa kamtuu nu callisaa Yaa Oromoo kooMee Rakkoo ummani keenyaa ""keessaa jiruu sirritti nuuf Hubadhaa""Ammalee""Sagaleen ummata keenyaa hangaa barbaachisaa tahee dhagahamaa hin jirtuu kanaafuu""Sagaleen""keenyaa haa dhagahamuu! IlmaaSabaati URL",3,0,0,0,0,0
orm_train_track2_14,"Waaqayyo gooftaan kee sii wajjin jira inni oolchuudhaaf aango-qabeessa inni of irraa bu'ee sitti in gammada jaalala isaatiin gabii siif in kenna akka warra guyyaa ayyaana beekamaatti gammadanii sitti gammaduu isaas sagalee isaa ol fuudhee in dhageessisa"" in jedhu . Sef . 3:17",0,0,0,0,0,0
orm_train_track2_15,Namichi Uumatasa Akkasii Jiraachisa Uumata Alagaatiif BadhaasaaSeenaaf Ol kaayaa! URL,2,0,0,0,0,0
orm_train_track2_16,Mililik akkka due hin dhageeenye maaaf ekeraaa sodaaattta,3,0,0,0,0,0
orm_train_track2_17,Koootttuuu Maaatiii Naaaf Taaaa Hundikeeesssanuuu,0,0,0,0,0,0
orm_train_track2_18,#JawarMohammed jechuun nama osoo qawwee hin hidhatiin diina qalamaan kuffisee nutti agarsiise.-Nama osoo Aangoo hin argatiin biyya nagaadhan bulchee nutti agarsiise.-Nama mul’ata guddaa qabuu.-Nama fakkeenyummaa guddaaa qabuu.-Nama kutataa sabati.URL URL,0,0,0,3,0,0
orm_train_track2_19,@USER yerroo hunda roorroo hassawuu fi minilik jechaa afaan banu irra dalagdee jijjiramu yookaan ammoo jeeyna taatee diina offiirra ittisuu male boyichii oromoof bu'aa hin qabuu . diiqaalticha woyyaannee,3,2,0,0,0,0
orm_train_track2_20,Balaaagubaaan raaareeedhaaa   hodhooojanaaan diiideeetiii   olkeeenyaaan hateeejachuuujiraaa namniii   namaraaa jiiiruuuciiiseeenamadhiiita   waheeeduuunyaaatan maleee waleeedubataniii   niiibeeekajateee jartiiin kiiitaaabadhiiiyxeee dubiiigafaqabdiii   dhiiibeeebekeee   waaalaaansaaaf   dorgooomiiijiraaa walquuunmtiii ksraaamaraaatiii ,0,0,0,0,0,0
orm_train_track2_21,''Ka hate ka wayaa ka qorqoran ka harsamaa.''jedhe namichikan silaa shororkeessaa ta'utu shororkeessaa namaan jedha.,2,0,0,0,0,0
orm_train_track2_22,Waraana waliinii Itoophiyaa: 'Iyyuun gatii hin qabu ture',0,0,0,0,0,0
orm_train_track2_23,Barumsaaa bayyye gaaariiidha yero video nama irrraaati hojjjaaatanuf,0,0,0,2,0,0
orm_train_track2_24,Bilisummaa Oromoo waliin akka qabu fakkeessun kenne hundinuu soba hamaa akka ta’e hubatamuu qaba.Namni dhunfaa kun miidiyaa irratti mul’ate waliin ta’uun soboota kana durse fi karoorsee akka rawwate hubachuun barbaachisaadha.,0,2,0,0,0,0
orm_train_track2_25,Nuttti waaan tokkko dhagggenu yooo tasasa isiiin hordofne maaaleee,0,0,0,0,0,0
orm_train_track2_26,walumaa galatti nafxanyaan hoomaa hin beektu,0,3,0,0,0,0
orm_train_track2_27,irreecha hora finfinneefi hora harsadii bara kabajamuuf qophiin xumuramuu gamtaan tokkkummaa abbootii gadaa oromoo beeksise,0,0,0,0,0,0
orm_train_track2_28,Nagammmastaaartuuu Hojiiinkeeesssaaan booonsadhaaa Haaalumaaa kanaaan itttiii mudddaaa,0,0,0,2,0,0
orm_train_track2_29,Dubartiin jaalalleenshee durii haaloon suuraa qullaashee mul'isu beenyaan dolaara bil. 1.2 murtaa'ef,0,0,0,0,0,0
orm_train_track2_30,kaan naagaluu dhaadhaabuu.Obbo Baqaalanii . suusii akamiituu siirnaafii impaaierii Amaanu'eel Wandimmuu ajjeeftee diiguu irraa gaargaarii hiinbaanuu waajiin jiiraangaa kaanjeechiisiiseenii? Amaantii soodhaa jaalaalaa taitaa barbaachuudhaa diigaa Oromoo kaan itticaalee? URL URL,3,0,0,0,0,0
orm_train_track2_31,dhiiri hiv qabuufii durbi durbummaa hin qabne gowwaadha dubbiin siiriiin,0,3,0,0,0,0
orm_train_track2_32,Oromoo akka bineensaatti ajjeesaa biyyaa ariyaa hiraarsaa mootummaa keeti jedhanii gowwoomsuun hin hojjatu . Oromoo dammaqi.Ilmaan kee garaashii hidhattee dhagaa boraafattee siif duutu WBO faana dhaabbadhu . Hidhadhuu biyya abbaa keetii bilisoomsi . #OromoVoice #OromoIsStarving,2,0,0,0,0,0
orm_train_track2_33,Yeroo addunyaan qaroome kana keessa Ummanni Addunyaa kana Jaarroota dheeraaf hoogganaa ture MUSLIMOONNI Yaada du'aa Abbaa irree tahuu kan mootonni hedduun jibbanii dhiisan isaaniin hamatamuun SALPHINNARabbiin irraa nu haa baraaru,0,0,1,0,0,0
orm_train_track2_34,.Nafixaanyaan waan sodaate bochuu fi eessa dhooksaa tti hojjaatan akka ifaa hin baane fi(nama dhuufuun qabee hin utaalu ) yoo ifaa ba'ee Nafixaanyaan rakkoo gudda irraatti kuftii,0,2,0,0,0,0
orm_train_track2_35,@USER Du'a #TesfayeGebreab dhalataa fi lammii Ormaa kan garuu jaalalaa fi quuqama saba keenyaaf qabu gadda ibsuurraa of qusachuun keessan hangam takka Amaaraaf akka gabroomtan agarsiisa#OPDO|n tuffatamtuu saree saree gadiiti,2,2,0,0,0,0
orm_train_track2_36,@USER Filannoon du'a sodaa si filatamu filannoo miti hin gowwoomin sirratti barame jira yaa gadhee yaa gantuu Abiyyi ati Abbaa Irreeti,0,3,0,0,0,0
orm_train_track2_37,ustaaz qaalii gaarii namaa waaqain ija hamtuu qabu waaqain haftee umurii keessani barakaa kaa'u,0,0,0,2,0,0
orm_train_track2_38,Galma dhugaaa nuf jirrradhuuu hamtu fi hamaaaruuun sin argin jaaaba kiya,0,0,0,3,0,0
orm_train_track2_39,Taaadddeee fi Habteee Isin jaaalannna Bara hojiii gaaariii isiniiif haaa tau,0,0,0,3,0,0
orm_train_track2_40,uummanni kiristaanaa yesuusin hordofan hin seexana hordofu,0,3,0,0,0,0
orm_train_track2_41,GABRUMMAA GABRUMMATTI Ummanni Oromoo Raayyaa Alaamaaxaa Gabrummaa TPLF Jalaa gara gabrummaa eenyummaa Ilmaan Minilikitti dabruu isaatiif baay'ee gadda Gabrummaa phase 2 Isa hamatti ce'uu guyyaa OBN Alaamaaxaa manguddoo tokko haasofsiise fb maxxanse,0,0,3,0,0,0
orm_train_track2_42,BAGAAA AYAAANA IREEECHAAA GASNIII OROMOOO KOOO ,0,0,0,3,0,0
orm_train_track2_43,Ebarhim mattti naf taiii sanyi kooo kabajan si gafadhaaa,0,0,0,0,0,0
orm_train_track2_44,fiqaaduu tasammaatii mannaa harroota hin wayyuu,0,3,0,0,0,0
orm_train_track2_45,DIRREE FI FANJII SIYAASAA WAYYAANEE.Dirree Dhawaa tana wanti rakkoo hamtuu fi gaaga'ama hamaa fidaa jiruu fi fuula duraas balaa addaa dhaluuf jiraatu botolikaa sobaa bulchinsa cubbuu kan Wayyaaneen . URL,1,0,0,0,0,0
orm_train_track2_46,Seenaa Israa'el: Hundeeffamarraa hanga har'aatti taateewwan ijoo,0,0,0,0,0,0
orm_train_track2_47,Alaabaa mana hidhaati si baasee kabajaan nama dura si dhaabe dhorkuun qaanii hamaadha . Kan kana godhu ilmaan haraamuudha.,2,2,0,0,0,0
orm_train_track2_48,Taammiraat Tolaa rikkardii haaraa bakka sanaa galmeessuun Maraatoonii Niiw Yoork mo'ate,0,0,0,2,0,0
orm_train_track2_49,Ani innni na hin rifachiiiseee dhiiiraaa hidhamaaa haaadha warrraaa isaaa saniiifi dubbbiii mana kiraaa santu na rifachiiise,0,0,0,0,2,0
orm_train_track2_50,Isin akkka miiidiyaaattti dhiheeesssuuu qabdu maleee qeeequuuf karaaa banuuun isinirrraaa hin bareeedu,2,0,0,0,0,0
orm_train_track2_51,oromiyaa broodkaastingi neetwoork   ayyaanni daamaraa bulchiinsa magaalaa walisootti sirnoota adda addaan kabajamaa jira,0,0,0,0,0,0
orm_train_track2_52,Itttiiiqaaa baga siiin gahe sirba bareeedaaa warrri irrrattti hirmaaatan hunduuu waaaw daaareeektar ifaaa waaaw jennne,0,0,0,2,0,2
orm_train_track2_53,Duris yoo ta'e barnoonni Bilisummaa booda.Yaa barataa Oromoo erga M/B irra ittifamte barachuu dhorkamte mana teessee guyyaa du'a kee hin eeggattin . W2O bira deemii baradhu!!Yaa barsiisaa Oromoo erga miindaan sirra dhaabbatee mana teesse hin gaddin.,2,0,0,0,0,0
orm_train_track2_54,Bataskaanonni Ortodoksii Yukireen hambaa seenaa ta'an sababa waraanan balaarra jiru- UNESCO,0,0,0,0,0,0
orm_train_track2_55,Warri godina Iluu Abbaa Boor Dorgomaa dhuunfaa kata'e Dr kaamil Shamsuu tiif sagalee keessaan hin qusatiinaa carraa filatamuu siif hawwa ustaaz keenya kabajamaa URL,0,0,0,3,0,0
orm_train_track2_56,media keeesssan hooo maaal hojjjecha jira waaaqa hin sodaaatttaniiioromia keeesssattti namni gorrraama hin jiru,1,0,2,0,0,0
orm_train_track2_57,Garaaakiiiyaaa amataaalama gutuuun guyaaatokkko osooodadhabeee takkkaaa osonhiiinjaiiin deeemajiraaa haaangaaan beeekuuun biiiyaaafquuuqamuuu   dhiiiseeebeeekuuu namuuunadheeeyseee   dhukateeeyaduuu maleeedhiiisaniiima,0,0,0,0,0,0
orm_train_track2_58,Jajjabeen dhuugaa isii kan dhabde debbiifchuuf enyuuyu hin sodaatu kukufiisuf diina issa qaphiidha dandiin WBO xurree sadi qaba innii duraa - sabboonumaa dhuugaa - walabummaa biyyaa - Dimokraasi haqaa Kana galmaan gahuuf yoommiyyu qophiidha URL,1,0,0,0,0,0
orm_train_track2_59,Rakkoo Fi dararriin ummata oromoo yoom dhaabbata.! Sagalee haa taanuufii.!@USER@USER URL,0,0,2,0,0,0
orm_train_track2_60,Yaa Rabbii waan hundumaa kessattii obsaa fi sodaa kee nuuf kennii Yaa Allaah URL,0,0,0,0,0,0
orm_train_track2_61,@USER Yeroo ummati oromoo sagalee dhabee akka bineensaatti hadheefamu ati immoo maqaa oromoo battee ragaa tokko malee soba isaanii afuuftaa.I just feel bad for the time the oromo wasted to advocate for having this media.maal abaarsii hama kana gahuu.,2,0,0,0,0,0
orm_train_track2_62,Namni maqaa uumaa karaa qaroodhaan fayyadamu akkamitti na aarsa,3,0,0,0,0,0
orm_train_track2_63,Gooototaaaf muziyeeemiii ykn siiidaaa hojjjechuuun gaaariii taeee garuuu Uummmannni keeenya ashaaangullliiitiii ekeraaa Minilikiiin hingowwwooomu OPDOn madaaa uuummmata keeenyaaa osooo xuxxxuquuu dhiiifteee gaaariiidha Uummmannni keeenya dammmaqinaaan hordofuuu qaba,3,0,0,0,0,0
orm_train_track2_64,Dukkanni dukkana caalu garbummaa keessaati sirnaa garbomsaf waaqesuudha.,0,0,0,0,0,0
orm_train_track2_65,WBO'n hoggansa siyaasaa jalaa akka if baase fi mootummaa aangoorra jiru humnaan aangoorraa buusuuf akka murteeyfate ibse . Hubachiisa: WBO jechuun waraana bilisummaa oromooti . Akkasuma mootummaan aangoorra jiru mootummaa oromooti . Carraa gaarii malee waan jennuun hn qabnu.,0,0,0,2,0,0
orm_train_track2_66,amaarri oromoof diina,0,3,0,0,0,0
orm_train_track2_67,Kan akka namittii kanaa gidiraa Itoophiyaan gootu dhoksuuf wixxifatu hin jiru . Yeroo Haacaalun du'u rakkoo hunda dirtee uummata keenyarra keesse . Siyaasa nafxanyaatin bitamtee dhiibbaa addunyaan taasisaa jiru hunda soba taasisuuf dhakaan isheen hin dhiibne hin jiru . garuu waayyu! URL,2,2,0,0,0,0
orm_train_track2_68,| Waan Abiy fi diinonni saba Oromoo irratti hojjachaa jiran yoo xiinxallinu balaan saba keenyatti as deemu hedduu hamaa dha . Kanaafuu sabni Oromoo tokkummaa fi humnasaa cimsatee badii irraa of-ittisuuf WBO faana hiriiree nagaasaa eeggachuu qaba . #OromoVoice #InvestigateAbiy,0,0,0,0,1,0
orm_train_track2_69,Baaayeee gaaariiidha 1000,0,0,0,2,0,0
orm_train_track2_70,Sittti maleee yasuuus maaalin obsuuuEbbbifami,0,0,0,2,0,0
orm_train_track2_71,bagaaa rbni gudani dinaaa nafxanyaaa jalaaa si baseee bor abooo mameee,0,0,0,2,0,0
orm_train_track2_72,Viva #Egypt Biyyi misir waraana Itoophiyaa irratti bantee jirti . Kunis Karaa sudaan akka ta'e himamaa jira . Abiyoot rakkoo keessaa otoo hin furiin nafxanyaa duukaa utaalee boolla bu'aa jira . Itti haa cabsan,0,3,0,0,0,0
orm_train_track2_73,JAWWEEF MARROON abdii sabaa tahu beeki Mandeela kee jaaladhuti ulfeessiGoota kanke qawwee bitii hidhachiisiWallalaa kee barsiifadhu helaan gorsiTokummaa ke jabeefadhu kunuunsiGandaan yaduun roko qabdii firraa dhiisiTokko tahii diina kanke qalbi cabsi!!!,2,0,0,0,0,0
orm_train_track2_74,Caamsaa 06/2022Oduu GaddaaAmbooOna Haaruu xirrootti Manguddoo kabajamaa jaarsaa biyyaa OBBO NAGAASAA TOLASAA jedhaman waraana pp ajjeefamanii jiru . See more URL,0,0,3,0,0,0
orm_train_track2_75,Umanni dammaqe umanni barate umanni hidhate yeroo hunda diina isaa ni injifata Dr Hayilee Fidaaumannni Oromoo amma dammaqeera barateera nafxanyaa ofirraa buqqisuuf kan isa hafu hidhachuu qofa . kanaaf roorroo manatti itti dhufte Oromoon hidhatee ofirraa deebisuun dirqama . URL,2,0,0,0,0,0
orm_train_track2_76,@USER Sobaam bar wallaalaa homaa hin beeku jechuufi . Akka barbaanne nuu ta'a jechuu isaaniiti . Its racist!,0,2,0,0,0,0
orm_train_track2_77,fulbaana 21/2019) kaayyoon shiraa yoomuu hin milkaayu . Maqaa #ABO galmaahuuf jecha jibba darbe shira mootummaan qindeeffameen namootni Amman dura waan qabsoon gaafattu wareegama baasuu dadhabuun ABO irraa . URL,2,0,0,0,0,0
orm_train_track2_78,Kaabinee Abiy Ahimad keessatti filatamuun Ministira Daa’imman Dubartootaa fi Dargaggoota Itoophiyaa taatee hojjetaa kan turteefi Baatii Fulbaanaa darbe murtoo isheetiin aangoo gadi lakkisuu kan ibsite Filson Abdii waraana kaaba Itoophiyaan walqabatee URL URL,0,0,0,0,0,0
orm_train_track2_79,Tegest mattti naf taiii sanyi kooo kabajan si gafadhaaa,0,0,0,0,0,0
orm_train_track2_80,paastaroonni pheenxee kijibdoonni warri suuraa islaamaa balleessuuf sochootan dhugaa qabaattaniif kottaa waltajjii irratti waliin mari'annuu,1,3,0,0,0,0
orm_train_track2_81,Hin beeeksifne sirbaaa YouTube gubbbaaa tasaaa agarrre,0,0,0,0,0,3
orm_train_track2_82,Baga geessan Ayyana sooma hiikka Kan Bara 1443 ayyaana gaarii.,0,0,0,2,0,0
orm_train_track2_83,''Kan nama dhibu Abbaa Gammachiis yeroo macaafa qulqulluu hiiku qubee gi’iizi fayyadamuun isaa gidiraa hamaa fi adamsamuu jalaa isa hin baasne . Qubee Afaan Oromoo kalaquuf kan yaale Sheek Bakirii Shaaphalos ni adamsame boodarras godaansarra osoo jiru.URL,0,0,2,0,0,0
orm_train_track2_84,Badiii asiii diqaaala haaadharaw dhiiigi qulqullluuu jeta qulqullluma esati bektaaa dhala gidira opdo kaleee ppp hardhati miti kan oromooo dhiiiga qulqullluuu jiksaaa ture lubbbuuu qerrrooo oromooo badiii asiii nafxanyuma yooo lafe qabate deeemi media nafxanyaaa lali,0,3,0,0,0,0
orm_train_track2_85,Konya wallagga baha Ona Adaree fi Qassootti leenchichi diina saba oromoo kan taatee waraana bilxiginnaa akka baalaa harcaasaa jira.Magaalaattiin WBO marfamtee jirti amma.Injifannoon walitti daachana#OromoLiberationArmy URL,0,0,0,2,0,0
orm_train_track2_86,.Okkoo Waayyaanee (Opdo) cabsinee akka dhadhaabi (waan qabatuu) dhabduu gona . sanaa boodee lachuu kufsuun rakkoo hin ta'uu . Opdon muka muka irratti margee tuultii(Opdo) Inqooxxo (Waayyaanee) gubbatti margee irraa fotooksuun nama hin rakkisuu .,0,3,0,0,0,0
orm_train_track2_87,Mootummaan Itiyoophiyaa Torbaan Projektii itti eebbisu labsee jira . kun Bu'a jijjiirama kana keessatti dhufeedha kan jalqabamee xumuruun badhaadhina waloo biyyaatif deemsi eegalame itti fufa wanti nudhaabu hin jiru . kana immoo baandaan keessaa fi alaa beekuun abdii kutachu qabu,0,0,0,2,0,0
orm_train_track2_88,dhiirri gurraachi seexana jinnii namatti fakkaata,0,3,0,0,0,0
orm_train_track2_89,Qondaalli ABO jaal Gadaa Gabbisaa dhibee isa mudateen yaala dhabuun haala yaaddessaa keessa jiraachuun dhagaa’ame . URL,0,0,0,0,1,0
orm_train_track2_90,Yaaa rabbbiii yaaa Alha attti dandadhaaa baraaa harawaaa kana baraaa oromooon ittti bilisome qeye ofi irattti kabaja jirtu nuuuf tasisi yaaa Alha attti dandadhaaa Amiiin,0,0,2,0,0,0
orm_train_track2_91,@USER Dhigni ilmaan oromoo summii siti haa tatuu badaa bulguu,0,3,0,0,0,0
orm_train_track2_92,Nama kana oromoonis beekaafi him turree rakkoo isaa rakkoo hedduu keessatti obsaan dhugaa oromoof waan danda'u gochaa jira garuu shiraan gareen irratti ijaaramee ija hamtuun ilaallama jira waan dhugaa oromoof quuqame qofaaf Isa Bira dhaabbachuun dirqama oromoo hundaati! Jabaadhaa URL,0,0,0,0,0,0
orm_train_track2_93,WoW Hojiii ajaaaibaaa aaartiii Oromooo tarkaaanfiii lama fuuuldurattti butu hojjjechaaa jirtu Jabaaadhaaa qaaaliiiwwwan keeenya Keeesssumaaa kolfa Hirkooon aaariiidhaaan walmakeee kolfe ajaaaiba Akkkasi taaatooo jechuuun,0,0,0,3,0,0
orm_train_track2_94,Hayyuu Angafa Aartii Oromoo guddaa kabajaamaa barsiisaa dhala namaa biyyeen sitti hasalphatu lubbuu keessan kan jannataa nuuf haagodhu . Artis Nuhoo Gobanaa.RIP . URL,0,0,3,0,0,0
orm_train_track2_95,shamarran durbummaa eeggatte heerumte abbaa manaa isheetiif amanamtuu taatee jiraatti ,0,0,0,0,0,0
orm_train_track2_96,Maqaaa kabajaaa Ishiii maaaliiif biraaa hambifte,1,0,0,0,0,0
orm_train_track2_97,Haal-dureewwan fayyaa Doonaald Tiraampiif yaaddoo uuman maal fa'i?,0,0,0,0,0,0
orm_train_track2_98,YAA SABAKOOMaalif Oromoon harka waliraa qaba odoo gantuufii ayyaana lalatuu irratti tarkaanfin madalu fudhatamee qabsoon bilsummaa oromoo galma ga'ee ture . Hammas oromoo gantuun gantuu jedhii sinbirroo halkanii hinta’iin!!,0,2,0,0,0,0
orm_train_track2_99,Jarri OPDO/PP ergamtuun nafxanyaa waan fuutee waan buustu wallaalteetti.Itti aanaan ajajaa WBO zoonii giddu galeessaa Oromoon beeku Jaal Jireenyaa Rabbummaati . @USER fi @USER isuma kana egaa kan hirriba isin dhorkaa jiru! URL URL,0,0,0,2,0,0
orm_train_track2_100,Balaaan kuuunhudiii dhabadhuuunahubadha balaaadulaaa samuuunamaratiii banameeejachuuun hubatuuuqabnaaa mataaan weeeyraramuuusatiii miiiliii jalaaabadeee lafaraaagangalataaa jiraaa mataaasamiiigaleee miiiliiidachiiigaleee miiisooomniii qiiileeesakoreee humniiitiii namaaalashaaaweee maaaltuuufalaaa,3,0,0,0,0,0
orm_train_track2_101,ODUU Hatattama Abiy Gadda irra oto jiru mulate Erga WBO bar harawa fi warra Oromo gane URL,0,0,0,0,0,0
orm_train_track2_102,@USER Laga Waaroo Ummataa Keenya waggaa dheeraaf dararaa ture irratti Riqichi M130@ hojjatamee ebbaaf qophaa'e . URL,0,0,0,3,0,0
orm_train_track2_103,Filannoo Yugaandaa booda Boobii Waayin lubbuusaaf akka sodaatu ibse,0,0,0,0,0,0
orm_train_track2_104,Yeroo baayyee Oromoon amhaara waliin jiraachuu hin danda’u . Yaada jedhutu deddebi’a . Maddi yaada kanaa sodaa (Oromoon amhara waliin wal-qixa/ olaantummaa isaa kabachifatee bulchee buluu akka hin dandeenye calaqisiisa.) kun ammoo ilaalcha gad antummaa qabaachuu fakkaata.,3,0,0,0,0,0
orm_train_track2_105,Jirra Hiddoo Barbaachisaa Ta'e Hundaa Tabatooni Keenya Tabachuu Qofa Osoo Hin Taane Ergaa Ofiin Boonuu Dabarsaa Jiru Bakka Jirru Kamituu Waan Keenyaan Boonuun Akkanumati Itti Fufuu Qaba Tabattoota Keenyaan hedduu Galatoomaa URL,0,0,0,2,0,0
orm_train_track2_106,Addunyaan osoo guddattootaan hogganamte caalaa gaarii taatii laata?,0,0,0,0,0,0
orm_train_track2_107,Qaammee 3/2013 guyyaa gaarummaatti . Gaarii hojjechuu fi gaarii ta'uun ofii fi biyyaaf . Baga geessani URL,0,0,0,3,0,0
orm_train_track2_108,Lamiii kooo ijaraaa hafiii gotaaa kenya ,0,0,0,2,0,0
orm_train_track2_109,waaan   daaangeeen godheee gaaarrri akkkaaa hin taeeen beeekamaaadhawaaan uuumataaa orommmooo shakiii ittti uuumumitttiwaaanumu hayooon orommmooo hojeeeteee jaaal daaangeeenkanafuuu irrraaat waaacun gatiii waaan hin qabnnnef birrraaa kutun gaaariiidha galaaatooommmaaa,1,0,0,0,0,0
orm_train_track2_110,Oromoon du'a fi gidiraa biyya keessaa baqqattus du'arraa hafuu dhadhabde . Gooftaa furmaatakee buusi . Hanga biyyakeenya irratti abbaa biyyummaa mirkaneeffannutti kun itti fufa.,0,0,3,0,0,0
orm_train_track2_111,gurbaaan waaayeee sirbaaa ilaaalchiseee waaan gaaariii tokkko dubbbate ani ija amantiii koootiiitin sirbi sirrriiidha jachuuu barbaaadeee miti garuuu haqa innni dubbbate tokkkotu nattti tole Sirbituuun moootummmaaa waaaqayyyooo hin dhaaaltu kan jadhe phaaawulooosiiidha maleee Waaaqa miti jadhe ittti aaanse,0,0,0,0,0,0
orm_train_track2_112,Sirna wal harkaaa fudhiiinsi baliii Gadaaa Gujiii 75fffaaa irrrattti ittti gaaafatamummmaaa fi hogggansi Abbbaaa Gadaaa ittti aaanuuuf dabarfamaaa jira Walharka fudhiiinsiii baliii kana ittti fufiiinsa bulchiiinsa aaadaaa fi ogummmaaa beeekumsa fi hogggansi dhalooota tokkko irrraaa gara dhalooota ittti aaanuttti darbuuu agarsiiisa Sagantaaan kun hambaaaleee aaadaaa badhaaadhaaa fi duuudhaaaleee hawaaasa Oromooo Gujjjiii kan of keeesssattti hammmate yooo tau kabaja duuudhaaa baroootaaa fi sirnaaan walduraaa duuubaaan gaheee hogggansa hawaaasa keeesssattti mulisa Ceumsa aaangooo seeenaaa qabeeesaaa tae kana aaadaaan akkka eeegamu fi tokkkummmaaa fi waldandaiiinsi hawaaasa keeesssattti akkka gudddatu kan agarsiiisudha,0,0,0,2,0,0
orm_train_track2_113,of eeegi akkka sin raaasne qillleeensi sobaaa yooo bubbbisu,0,0,0,0,2,0
orm_train_track2_114,@USER Ashama akkam nagayaa fayyaa keeti kabajamtuuf qaalii nama yaada fi qeeqa namootaf tokko tokkoof deebii kennu kee kun otoo dhiiste nati tolaa . Xiyyeeffannoo kee hinbitnesiin,0,0,0,0,0,0
orm_train_track2_115,Rabbiin nagaa nuuf haa argamsiisu Biyya keessatti duti baay'ateera barii keenya kun baay'e nama sodaachisa garuu Du'ayi godha!,0,0,0,0,3,0
orm_train_track2_116,@USER Amma ati nama jabaa miti maaf akkana taata . Garaagarumman yaada bar waanuma jiruudha dirqama yaada ati ooftu waliin walfakkachuu hin qabu . Ati mee Oromoof maal dalagdee yeroo boqonnaa keesaani dhiftani Live seenuun oolmaa akka sitti hin fakkaanne.Walkabajaa!!,2,0,0,0,0,0
orm_train_track2_117,@USER Aannan fi garbuudhaan guddanne aabbee . akkamittiree dhadhaa gubbeerra buufannee bar,0,0,0,3,0,0
orm_train_track2_118,Oso namichiii kun jiru abiiiyotiii kasa e hin qajela jechuuun ebjuuu sobattti haga namtitin kun duuti oromiya fayyya argatu,0,2,0,0,0,0
orm_train_track2_119,Oromoofi Oromiyaan dukkanaa keessaa jiran!sabni koo dukkana keessaa jira du'aa hidhamaa saamamaa biyya abbaa isa irraa arihamaa fi nagahaan biyya abbaa isa irraa jiraachuuf mirgi isa irraa mulqamee jira!mirga nurraa mulqamee qabsoo keenyan deebifanna!Twitter koo follow godha! URL,0,0,0,0,0,0
orm_train_track2_120,namni dhiigaan oromoo taatee tplf deeggartu boossuuf diinaa oromoota hundaati,0,3,0,0,0,0
orm_train_track2_121,Tulluu sobaa mannaadachaa haqaa wayyaFardi qalbii hin qabnenama buusa hallayyaaDiina gaarii mannaafirri hamaan caalaHangam hammaatulleegaaf rakkoo si laala! Duuniyaa sobaarrahiyyeesuma wayyaKaraa sobaan buluudhiis yaa ilma aayyaa!,2,0,0,0,0,0
orm_train_track2_122,Getaacho Kiisii fi Gannat Birriiti . Abbaa warraa fi haadha warraati.Getaachoon bsrsiisa qiphaa'inaa yoo ta'u gannat barsiistu sadarkaa 1ffaati . Gannat ulfa Ji'a torbaati.Guyyaa har’aa waraana mootummaatiin ajjeefaman Maatii isaaniif waanti hafe hin jiru URL,0,0,3,0,0,0
orm_train_track2_123,Ayyaanaa sabaaf sablammii kabajaa gaafa maqaa Abbaa gaafatan irradiation gosummaan nattintolu jechuun oftuffachuudha.,0,2,0,0,0,0
orm_train_track2_124,@USER Jabaadhu leenca Oromoo . Abbaan biyyaa WBO dha . Qeerroo gooticha kaleessa harka duwwaa Woyyaanee jilbiiffachiisetu hardha ammoo hidhatee Maafiyaa saamtuu Abiy Ahmad hoogganu raasaa jira . WBO POWER!,0,0,0,2,0,0
orm_train_track2_125,amaara oromiyaa jiraatan ajjeesuun gumaa baasuun dirqama,0,3,0,0,0,0
orm_train_track2_126,Saree uleen arii'anii biyyaa baasu Leencammoo otuma qawwee baatanii baqatu!Via @USER,0,0,0,0,0,0
orm_train_track2_127,Galooo kenyaaa dhugaaa namniii qabuuu homaaa hin tau hamaaa isiniraaa ha qabuuu galooo kenyaaa,0,0,0,2,0,0
orm_train_track2_128,shamarran agawu akkkuma dhiirotaa fardeensaanii miidhagsanii uffata aadaa jaanoon faayamanii yaadannoo goototasaanii darbaniif dorgommii gombisa fardaa taasisu,0,0,0,0,0,0
orm_train_track2_129,Jajjabee Walloo-Boojii fi injifannoon kaabatti ta'uu warra Tigireen qofa miti.Korommiin Warqiitu diina akka harbuutti harcaasaa jirti.Kana hospitaala walloo deema ilaala . Bakkii yaala dhibameeyaala dhabuun qofa diina sadiitu du'ee . Abiy duwwaataateetti . URL,0,1,0,2,0,0
orm_train_track2_130,@USER #You_racist you will be paid back . Kan akka keeii Oromoof dhiisiitii ifiifuu omaa hinfayyadu . Du'uu siif wayya . Ati sammuunkee dukkana okay?!,0,3,0,0,0,0
orm_train_track2_131,Baaayeee bareeeda Nattti toleeera garuuu bakkka abbbaaa murtiii san irrrattti hirkooon dursa hoji dhabaaa ture Abbbaaa murtiii tauuu isaaa taaateeen muraaasni osooo jiraaateee gaaariiidha Dabalataaanis ulaaagaaaleeeprotokol mana murtiii osooo eeegggateee gaaariii ture jedheeen yaaada galatooomaaa baaayeee,0,0,0,3,0,0
orm_train_track2_132,Omn yoooyyyaaa harkaaa funeee bagaaa dhuftaaan lammmiiiwwwaaan Kenya umuriii nuuu dheeeraaadha bayyyeee isiiin jalanaaa lammmiii kooo gariii nama ,0,0,0,3,0,0
orm_train_track2_133,waraanni adda bilisummaa oromoo waraana abbaan barbaade yeroo barbaadetti dhimma maataasaatiif jecha maqaa balleessuu mitii waraana bilisummaa oromoo jecha lubbuusaa qalii ummatasaaf kennee bosona jirudha.,0,0,0,1,0,0
orm_train_track2_134,Hatiii gotaaa   kana umataaa oromooo   badhaaafateee bayeee bayeee   gataaa gudaaa   oromooo   bira qabadaaa ati itiiiqaaa   kenyaaa   ani bayeee bayeee   onnneee   kooo keeesaaa sijalaaadhaaa ijaaa dinaraaa hafiii ,0,0,0,3,0,0
orm_train_track2_135,Qaaama Dhimmmiii ilaaaluuu cufaaa biraaan nuuu gaa Nageeellleee Boooranaaa Dhimmmi Dhabamuuu Tiraaakteraaa Qonnnaaa isanittti himuuu Beeeksiiisuuu taa Godiniii Boooranaaa bahaaa Oromiyaaa kheeesaaa Godina Oomishaaa fi Oomishtttuuummma gosaaa Midhaaan garaaagaraaatiiin beeekkkamu Godina ammmallleee lafaaa qonnnaaaf mijoooftuuu hektaaara miiiliyooonaaan hedamtuuu Lakkkaamtuuu qabuuu Akkkasumas Wabiii midhaaan nyaaataaa mirkaneeesssuuuf hiyyyummmaaa ballleeesssuuun kheeesaaattti gaheee gudddaaa qabu Aanaaaleee Godinicha kheeesaaa Aanaaa Liiibaniiifi Aanaaa Gumiii Eeldalllooo Gudddina fi maqaaa gaaariii biyyyaaa tana ijaaaruuu kheeesssattti gaheee gudddooo qaba qamadiii Oomishuuun Biyyyitttiiin Teeen khadhaaa Qamadiii keeesssaaa baaaseee Oomishaaan of dandettteee Qamadiii gara biyyya alaaattti erguuu fi jijjjirama Diiinagdeee keeesssattti Utubaaa gudddaaa biyyyaaa tana taaateee akkkaaa jirtu barooota dabraaan Qamadiii kuntaaala miiiliyooona lakkkaaawamu Oomisheee alattti erge jira Akkka biyyyatttiii Moootummmaaan hiyyyummmaaa dhabamsiiisuuuf tarsiiimooo misoooma qonnna jajjjabeeessseee akkkatuma barbaaadameeen hojiiirrra Oolchaaa akkkaaa jiruuu inumaaa agarrra Ha tauuu maleee haaala qabatamaaa Aanaaa Liiibaniiifi Aanaaa Gumiii Eeldalllooo yooo ilaaallluuu sababaaa dhabamuuu makhiiinaaa Qonnnaaatiiin laftiii bara dabreee qamadiii irrrattti qonnneee AMEEERIKAAA ergineeef taaan parsentiii 30 gargalteee qonnnaaaf qophaaauuu hin dandennne Baaayyyinnna Lafaaa Qonnnaaatiiif makhiiinaaa Qonnnaaa kha walhin madaaallleee yooo tauuu Tiraaakteriiin muraaasni akkkaaa tasa argamuyyyuuu sababaaa dhabamuuu Beeenzilaaa irrraaa kan kaeee gatiiin hektaaara tokkkooo qarshiii 65000 oliii Khanaaaf qaaamiii dhimmmi ilaaaluuu rakkkooo tanaaaf furmaaata akkkaaa barbadddan khabajaaan isan gaaafannna Hubachiiisa Makhiiinaaa Qonnnaaa yerooon hin dhaqqqabuuu taaanan Oomishaaafi omishtummmaaa qonnnaaan bulaaa akkkataaa barbadddameeen dabaluuu hin dandau Khanaaaf Qophiii Qonnnaaa Gannnaaa irrrattti gadi fageeenyaaan nuuu mariataniii diiinagdeee Aanaaa keeenya Qonnnaaan akkkaaa milkeeesitaaan ulfina gudddaaan isan gaaafachuuu feeena Nagaaa Waliiin GG Muuummmeee Ministry Dr Abiy Ahamad Aliiitiiif Presidantiii Moootummmaaa Naaannnooo Oromiyaaa Aabbba Shimalis Abdiiisaaatiiif Biiirooo Qonnnaaa Oromiyaaatiiif Qaaamaaa Dhimmma ilaaaluuu cufaaafi,2,0,0,0,0,0
orm_train_track2_136,Gammmeee waaan gaaariiittti jirtaaa jabaaadhu garuuu yerooo gaaafffiii tokkko gaaafattte osooo keeesssummmaaan keee dubbbiii hin fixin gaaafffiii kaaanittti hin darbin kanaaan ala gaaariii jabaaadhu,0,0,0,3,0,0
orm_train_track2_137,"Watch ""ODUU Hatattama WBO kibba waraana hedduu Eebbisiise lola Ambo wbon injfano argacha hime |Moha Oromo"" on YouTube URL",0,0,0,0,0,0
orm_train_track2_138,Koroonaavaayiras: 'Obbooleettiin kiyya wayita du'aa turte 'akkan faanashee hordofu natti himte',0,0,2,0,0,0
orm_train_track2_139,Masha alllaaah caaaltuuu atile bagaaa nagaaan dhufteee hayyyoni keeenyaaale bagaaa nagaaan nuf baan isn jabadhaaa   rabbbiiin isn biraaa hajiratan ilmo hadhaaafi abbbaaafi ajajjjamtuuu ha sif tatuuu caltuuu teeenyaaa   rabbbiiin qabsaotaaa keeenyaaa hafanileee dafe nuf habasuuu insha alllaaah tate guyyyaaa hara ga,0,0,0,3,0,0
orm_train_track2_140,shamarran biyya arabaa daawwitiidha ilaalta ,0,0,0,0,0,0
orm_train_track2_141,mana hidhaa nafxanyaa!seerri mana murtii ammallee akkuma bara dabre sanaati . @USER nama isaaf ta'u qofa muudee ajaja mana murtiitti kennaa jiru ka!safuu kan murteessu qaama biraadha kanaafuu abbaa alangaa ajaja qaama biraa dalagu irra waa gaarii eeguun gowwummaadha! URL,2,0,0,0,0,0
orm_train_track2_142,Ulfaafi dhiphina sammuu: 'Waan natti dhaga'amu himnaan mucaakoo na jalaa fudhatu',0,0,0,0,0,0
orm_train_track2_143,@USER Akkam abbaa isaniitii midhaguu ittii fuffaa imalaa gara Handhuraa Oromiyaati,0,0,0,3,0,0
orm_train_track2_144,Fageeenya na dhooogeeef maleee si yaaaduuu hin dhiiisne harmeeetooo Oromiyaaa tiyyya Yooomumalaaata guyyyaaan nuti oromooon bilisooome keeesssa jiraaatu Yaaa RABBBI nuuuf birmadhu biyyyaaaf biyyyooo teeennna irrrattti jiraaachuuu nuuuf Godhi Qommmooowwwan Kooo qaqaaaliii naaaf jiraaadhaaa galatoooma Galllannni keeesssan bil,1,0,0,1,0,0
orm_train_track2_145,erbeee shaneeen kan wagggaaa 60 qophaeee magaaalaaa takkka toate beeekaaa Faaanooon garu erga gurmaaae jia 9 fffaaa keeesssa jira   sobaaa oromooon soba maleee waaan biraaa hin beeektu,0,3,0,0,0,0
orm_train_track2_146,Wowww hojjjiii gaaariiidha jabadha   ,0,0,0,0,0,2
orm_train_track2_147,@USER Carraa hin arganne malee ituun isinii waliin deemee lole natti tola ture akka tasaa tahee biyya ormaa kibba sudaan Ture dhufuuf gaffi dhiyessinu illee carraa argachuu hin dandeenye Baga irra anttan waaqni isin waaqni ithiopia baga isin gargaare baga nugargaare konistabil,0,0,0,3,0,0
orm_train_track2_148,Seeran ala hidhaman . Hidhaa irra osoo jiranii reebicha irra gaheen miidhaan qaama irra gahee . KMNI . Kanaaf fakkeessumaaf warri duubaan ta'anii gocha kana rawwatan maaliif seera soba sananuu hin himatamnee ree? URL,3,0,0,0,0,0
orm_train_track2_149,Yamanitti gartuun walwaraanaa turan hidhamtoota hedduu wal jijjiraa jiru,0,0,0,0,0,0
orm_train_track2_150,Atileetiin Itoophiyaa Shuraa Qixxaataa osoo eenyuyyu hin eegiin Maraatoonii Landan injifachuun hedduu ajaa'ibsiise,0,0,0,0,0,3
orm_train_track2_151,Kkkk kolfan nu fixan ittti fufaaa baaayyyeee namati tola jabaaadhaaa sanyiiiwwwan kooo,0,0,0,2,0,0
orm_train_track2_152,Salphina gudda taakala nafxanyooni dhala itti ergani walin bulte video warabani saniin sodaachisa la URL,0,3,0,0,0,0
orm_train_track2_153,Humnoonni nageenyaa miidhaa saalaa yoo raawwatan adabbiin itti cimaa?,0,0,0,0,0,0
orm_train_track2_154,#mana gubataa bule citaa hin Argan hiika sanyii gabanna daccee mana saree Teepha hin Argan URL,0,2,0,0,0,0
orm_train_track2_155,"Koroonaavaayiras: Ispeen sodaa Covid-19f bineensota 'mink' jedhaman 100,000tti siqan ajjeesuuf",0,0,0,0,2,0
orm_train_track2_156,Kan sabaaf hin taane mataarratti nu bahee nutti hin fincaanu jechuun haala kanaan salphisanii dirree keessaa baasan Dr Abiy Fi Leencoo Baati walumaan dhukkee tahanii salphinarratti salphina dabalatuun taphaa ala of godhan waliif dabarsaa URL,0,0,0,1,0,0
orm_train_track2_157,Sagaleee kiloooleee yeeedalllooo bareeeda qindooominnni meeeshaaa muuuziqaaa hundisaaaniii gurrraaaf akkka toluttti waaan nuuuf qopheeesssiteeef galannni siiif mala ati yooomuuu goootagooota ija barbadaaa,0,0,0,2,0,0
orm_train_track2_158,@USER Dogoggorteetta! Hubannoo kee guddifachuu qabda . Waraana kuma soddoma kan fixe eenyu? Kan ficcisise sila beekta . Qabsoo Oromoof kan dhiige ilma Oromoo qofa.,2,0,0,0,0,0
orm_train_track2_159,abooo ofkoli abdaaariiin si haaa eeegu,0,0,0,1,0,0
orm_train_track2_160,Ofumaaa waaan gaaariii hojjjatan taruuu irrraaa   warrraaa lafaaa dhufuuu jajabeeesssan   oliii baaasuuun waaan barbachisudha,1,0,0,0,0,0
orm_train_track2_161,Woyyyooo kolfaaan dhumnehirko hojiii keee,0,0,0,2,0,0
orm_train_track2_162,Sirni koloneefata Afrika hunda kesati baddee amma kan jiru empayera Xobiya kessati . Oromon kanati dammaqe ka'u qaba . Aka saba guddaati abbaa biyyumma isa mirkaneesu afansafi aadnisa kabaja argate biyyaa abbaasa bilisummaan bulche jirachu dandahu qaba . #StopHRAbusesAgainstOromo,2,0,0,0,0,0
orm_train_track2_163,@USER Adii koo Akka tasaa miseeji kana Yoo dubifte baay'ee rakadhe jiraa qaxarametan yojachaa jira kafaltiin koo mana kiraa fi qalabaaf naaf gahuu him dandengee waan na gergaartu Yoo jiraate? Hojii hojechuun barbaada Kan ebifamee Electrical and computer engineering 2007,0,0,2,0,0,0
orm_train_track2_164,Sabbbakooo jabadhuuu,0,0,0,1,0,0
orm_train_track2_165,harreedha gumaa nyaattuu caalaa bultumee,0,3,0,0,0,0
orm_train_track2_166,Jabadhaodddeeesssa gaaariiidha,0,0,0,2,0,0
orm_train_track2_167,gareen interneetii shamarraniif waadaa hedduu seenuun gowwoomsu waqtii weerara koronaavaayirasii carraatti fayyadamuun hojjetaa ture jedha poolisiin,0,0,0,0,0,0
orm_train_track2_168,Yoooyyyaaa OMN harka fuuune Abrahim baga nghn dhufte qaaaliii keeenya  jawaaariiin kan hidhe OPDO tauuu eeenyullleee hin wolllaaalu jawwweee kooo anaaan haaadhooo kooo bakkka keee anattti,0,0,0,2,0,0
orm_train_track2_169,Qeerroon Bilisummaa Oromoo tooftaa qabsoo kee jabeessi of tumsi sirna kana hundeen buqqisi biyya mataa keenyaa fi Mootummaa mataa keenyaa hundeeffachuuf akka jirrutti of qopheessi.Du’a sodaa xurree Qabsaa’ota Oromoo Oromiyaaf jecha wareegaman irraa hin maqnu.,2,0,0,0,0,0
orm_train_track2_170,Warra aangoorratti isaan baase lafa jalatti hidhanii humnaan Oromoo bulchuun ni dandeenya jedhee warri yaadu wallaalaa doofaa haala addunyaa hin hubatin qofa! Kun arrabaa miti . Abiy dhugumatti doofaa irraa dhumaati!,0,3,0,0,0,0
orm_train_track2_171,Baaayyyeee gaaariiidha  Maaalooo akkkamittti akkka isin argatan lakkkooofsa keeesssan nuuuf maxxxansaaa please   Ani sinan barbaaada Ammmaaaf Dubai jira  Adaraaa akkkamittti akkkan isin argadhu natttimaaa,0,0,0,2,0,0
orm_train_track2_172,Gaaariiidha jabaaadhu,0,0,0,2,0,0
orm_train_track2_173,Barattuu waraqaa qormaataarratti amantii Islaamaa arrabsite jedhamuun himatamte,0,0,0,0,0,0
orm_train_track2_174,Itttiiiqaaa Tafariii baga milkooofte ,0,0,0,2,0,0
orm_train_track2_175,Ebadeee dhugumaaa hadhaaa akanaaa hinadhaaa,0,0,0,0,0,2
orm_train_track2_176,@USER Kabajamoo ambassador imbaasiin Ethiopia kan biyyaa UAE cufamuu isaatiin lammilee heddu passport bakka itti haarefannu dhabnee rakkodhaaf saaxilamnee jirra ofiifi maatiin keenyas rakkoo keessa gallee jirra maalo fala nuuf barbaada akka itti harefannu mijeessa,0,0,2,0,0,0
orm_train_track2_177,T﻿iwiitara dolaara bil. 44n kan bite dureessi addunyaa Elon Mask eenyu?,0,0,0,0,0,0
orm_train_track2_178,Ijaaa fi gurrra ummmataaa Omn sagaleeeni keeesssaniii badaaa hidhagamuuu sirrresaaa bodaaafiii ijooollleee qaliii,0,0,0,1,0,0
orm_train_track2_179,@USER Ja ati ija Oromoo ti!! Ijji immoo haalaan hubattee hin ilaaltu taanaan bala heddu fiddi!! Biyya akka malee Oromoo jibbitu Jawaariin balaaleffattu biyya abdii hin qabne mootummaa hin amanamne amantee lamuu itti seenuun kun gatii hin malle waanu kanfalchiisaa??,0,0,0,0,1,0
orm_train_track2_180,Magaalaa Jimmaatti ijoolleen lama akkamiin du'anii argaman?,0,0,0,0,0,0
orm_train_track2_181,YIHUUUN YIHUUUN akkkamitan sanbata   duraaa gahaaaga maloooga malaaan isiiin balllessse YIHUUUN kan najalaaa   hambistaaan,0,0,2,0,0,0
orm_train_track2_182,"Yoo abdii keenyaaf qabsoofne nutu irratti moo'a . Dilbata kana hundi keenya waldanda'uufi waliin ta'uun akka moo'u haa kadhannu . Egereen keenya ifa akka ta'ummoo baanee biqiltuuwwan haa dhaabnu . Rakkoon moo'amaan dhaalame nudhukkubsuu malee numoo'achuu hin danda'u.""Dr . Abiy Ahmed",0,0,0,0,0,0
orm_train_track2_183,Oduu gaariiZoonii kibbaaGuyyaa 31/07/2021WAAMICHA ISAAF GODHAME AWWAACHUUN MAHAMMAD ABBAA BADHAASOO miseensa poolisii kan ture gara waamicha isaaf godhame qaqqabee jira . URL,0,0,0,1,0,0
orm_train_track2_184,Omn ijaf gurrra ummmata cunqurfamtota baga gassseee waggga 8 nuuuf waaariii,0,0,0,3,0,0
orm_train_track2_185,#Gaafiin Uummata Oromoo maaf deebii hin arganne ?#Hamma yoom hidhamaa Ajjeesamaa Saamamaa Abbaa biyyummaa isaa sarbamaa jiraata? # Sababni yeroo hunda Oromoon maqaa ABOn hidhamuuf maali?#Sababni warroonni Oromoo bitan ABO jibbanii Oromoo jaalataniif maali URL,2,0,0,0,0,0
orm_train_track2_186,Wayyyooo hirkooo,0,0,2,0,0,0
orm_train_track2_187,Galatomaaa obleyannn tiyaaa jajjjabadaaa kesssumaaa guyo wario ABA JIRMA JR,0,0,0,3,0,0
orm_train_track2_188,ajaawaa nafxanyaa dhiiga ilmaan oromoo dhugde akkanatti hin haftu atis dhiiga keetu gadi naqamaa,0,3,0,0,0,0
orm_train_track2_189,durba kaballaan miti jaalalaan gorsanii deebisu yaa buchee koo,0,0,0,0,0,0
orm_train_track2_190,Ajaa'iba iccitiin baye namichi yakka heddu hojjate birhaanu waliin hojja . URL via @USER,0,0,0,0,0,2
orm_train_track2_191,Aanaa Mi'eessoo Asaboot iddoo jajjaba jedhamtutti loola guyyaa har'aa gooticha waraana bilisummaa oromoo WBO fi humna Adda jidduutti taheen WBO'n Humna adda kudhanii(10) ool du'aan adaabe meesha afurii ool hikkate jira hedduus maddoo tasisee jira reefka ambulansiin gurracha jiran,0,0,0,3,0,0
orm_train_track2_192,Walitti bu'iinsa naannoo kibbaatti uumameen shakkamtoonni to'annoo jala oolaniiru.,0,0,0,0,0,0
orm_train_track2_193,Dr.Gammachuu Magarsaa Ergaa Ajaa'ibaa Ummata Oromootiif dabarsan URL via @USER URL,0,0,0,0,0,2
orm_train_track2_194,Vidiyoon Walleen Galana garomsaa ergaa baay'ee qabdi 1.dhuugaaandabuu2.gadda keessaa jiraachuusaa3.murtee dhabuu haqaa4 . Waantii inni osoo beeku dhoksee jiraachuu fi galgalli cuubbuu badii ta'uu,0,0,0,0,0,0
orm_train_track2_195,Haaala gaaariii keeesssaaa jirtan baaayyyeee baaayyyeee nuttti toleeera garuuu saaaaaatiii xiqqqooo dheeeresssaaa,0,0,0,3,0,0
orm_train_track2_196,Kan namni keenya irratti wal lolu yommuu argan takka takka abdii nama kutachiisa . Garu akkaata uummanii keenya kan biyyaa miidhamaa jiran agartu immoo dirqii si keessati hora . Waan fedhe haa dhufu akkasiti hafuu hin qaban.,2,0,0,0,0,0
orm_train_track2_197,doofaan addunyaa hin jiru lachuu dhabe siyaasa amantiitinillee dubbatu hin beekne,0,3,0,0,0,0
orm_train_track2_198,.Jechii Waayyaanee quufteeBiyya namaa baaleessaTullu namaa qaarrsissakuyyuu namaa dhaansissaMullluu namaa nyaachissaRakoo namaa baayiissaSaree namaa taasissaBiyya namaa faageessauddu namaa dhaabsissa(du'aa),0,2,0,0,0,0
orm_train_track2_199,waaqeffataan mukatti dhadhaa dibuu miti,2,0,0,0,0,0
orm_train_track2_200,Jaarraalee tokkoo fi walakkaa oliif Kuusaan ilmaan naf nyaa taatee akka miraasaatti tajaajilaa kan turte magaalaan guddoon handhuura Oromiyaa Finfinneen arraas abbaa dhugaatiif hin abboomne.Tahus kan durirra wayyaadha jenneetuma kan fuula duraa qajeelchuuf tattaaffiirra jirra URL,0,3,0,0,0,0
orm_train_track2_201,KOLFA DHUMNE BARANA Gadheen takka takka nyaara nutti guurti yeroo gaafii mirgaa gaafannu akka waan nuti sodas nyaaraa qabnuu nyaaraa miti maa kilaashii hin gurre osoo sodaa nyaaraa qaabannee isnaayparii wayyaanee dura hin dhaabbannu ture !!!,0,0,0,0,0,2
orm_train_track2_202,Harargeee lixaaa anaaa miaeso magalaaa asabooot bishaaan dhabameee hawaaasni rakachaaa jiraaa nuuuflalabaaa hadary oromooo kabajamooo aboootiii omn,0,0,3,0,0,0
orm_train_track2_203,#Kan du'u Oromoo kan geeraruu fi boo'icha saamu Orma: Dr.Gammachuu MagarsaaSeenaan Oromoo/Kuush sirraa'ee barreeffamuu qaba URL via @USER,0,0,0,0,0,0
orm_train_track2_204,waaan gaaariiidha jabaaadha jajjjabdooota keeenya,0,0,0,3,0,0
orm_train_track2_205,@USER SafuuSihe maaltu sigalche ??Kan itti guuree dhalchatu sihii ??Akkuma mallasaa San du'a kee #Rabbii nuhaa dhageessisuDhiigni ilmaan oromoo akka dhagalaetti hin hafu hojii keetis ni argatta gantuun gantuudha @USER nama Ajjeesa nama nyaata @USER nama qala URL,3,3,0,0,0,0
orm_train_track2_206,Prezidantiin Yunaayitid Isteetis Joo Baayiden kaleessa waaree booda dhimma Raashiyaan Yukireeniin weeraruu maltu ilaalchisee yaaddoo jiru mari’achuuf jecha hoogganoota gamtaa Awrooppaa ijoo waliin gama viidiyoon marii geggeessanii jiran.URL,0,0,0,0,0,0
orm_train_track2_207,yaa saree galata hin beekne,0,3,0,0,0,0
orm_train_track2_208,Bagaaa nagahaaa dhuftaaan ummmaaata qashtiii ,0,0,0,2,0,0
orm_train_track2_209,Nan du'a malee otoo Oromoon salphina kana keessa jiruu hin nyaadhu! Jawar M,0,0,0,0,0,0
orm_train_track2_210,Yerooon heddduuu TVn afaaan Oromia humnaaan butaniii durba fuuudhuuu butttaaa jedhu Butttaaa jechuuun garuuu Kan sirna gadaaa keeesssattti bar sadddeeetiiin qalameee kabajamu dha Jechi Kun lamaaan waaan wal rukutuuuf Isa humnaaan durba fuuudhan sana butiii yooo jetttan gaaariiidha,0,0,0,0,0,0
orm_train_track2_211,Hateeebareeediii hiiibeeekuuu egiiikaraaakanadhuftiii atuuugarteee adaaanbafataaa hiiinjarjaaariiiniii   hiiinjarjaaariiiniii dhiiibaaaniiibiiiteee,0,0,0,0,0,0
orm_train_track2_212,Of qusannaa sodaa fi rifaanna tokko malee lolani lolchiisu . Qaamaan dirree lolaatti lixanii harka mirgaan dhukaasaa harka bitaatiin gabaasu dirree lolaa keessa deemanii sagalee isaanii olkaasanii bifa midhaagaa fi hawwataa ta'een sochii oolmaa injifannoo fi tarkaanfii,0,0,0,3,0,0
orm_train_track2_213,Qamar kana mara bilchaaata nattti hin fakkkaaatu ture kabajami dear,0,0,0,3,0,0
orm_train_track2_214,weedduu kana dhagahee hin beeku! Ajaa'iba!,0,0,0,0,0,3
orm_train_track2_215,Galooo mataaa dhiraaa baga ittti cabsite,0,0,0,3,0,0
orm_train_track2_216,Oromon tu yooomuma rakkko fi gadadooo keeesssa bati ,0,0,2,0,0,0
orm_train_track2_217,Ee dhugaaadha Galgala hin tolu namni sobaaaf duuule goootakooo ilma hayyyichaaa ,0,0,0,2,0,0
orm_train_track2_218,Rabiii sihaaa eguuu sibiraaa nufiii hadhabatuuu ijaaa hamaaa siraaa haqabuuu ,0,0,0,0,0,0
orm_train_track2_219,Ani hordoftuuu amantaaa Protestant miti garuuummmooo sia baaayeeen irrra dedddeeebeee caqase oromummmaaa fiii cunqursaaatu walittti nu fide ,0,0,0,0,0,0
orm_train_track2_220,Maqaaa Namooota abbbata keeenya 3n 1Ebbbifamoootaaa abbba Gabriel walittti qaba sinooodooosiii Oromiyaaa fi miseeensaaa sinooodooosiii Oromiyaaa 2Ebbbifamoootaaa abbba iyyyaaasuuu miseeensaaa sinooodooosiii Oromiyaaa 3Ebbbifamoootaaa abbba barsuma miseeensaaa sinooodooosiii Oromiyaaa wajiiin Toatamaniii    1DN Ayyyaleee,0,0,2,0,0,0
orm_train_track2_221,Yaaa oromooo hagaaa ammmaaa sirbaaa kanaaa fakkkatuuu kanaaa 1m galachuuu dadhabadaaanmaaafi garuuu,2,0,0,0,0,0
orm_train_track2_222,OPDOn jechooota akkka shaaayiiishooorbaaashimalllisshuuummmoooshamarrranni sodaaatu shaneeedhan wal fakkkaaata jechooonnni kunkan biraaallleee haaa tahu shimalllis maqaaa jijjjiiirrradhu,0,3,0,0,0,0
orm_train_track2_223,kana gubba tti leencii Oromo wali galtee irraa ga'an ruu yoomi akka ta'uu rabbi beeka . amma du'aa tti waan hafu mitti kakaadha . sareen mana nama dhuftee ambaa(firfaarii) mi'oftuu nyaatee hin deemtuu yoo wari hariee malee . kunoo Waayyaaneen amma saree tti yoo umman,0,3,0,0,0,0
orm_train_track2_224,Hyiii hirkon kolfan nuuu fixe baga araramtan tiyyya fi hirko kooo,0,0,0,3,0,0
orm_train_track2_225,@USER Mootummaan amantaas sabaas hin qabu . Garuu kaabinee Ni qaba . Abiy amantaa fedhe qabachuu Ni dandaha . Garuu oromoo tahuu rabbitu Isa uume homaa gochuu dandahu jijjiruus hin dandahu . Kaabinee Isaa tahus dhiisus Mirga qabda kanaaf immoo maqaa biroo sii baasu dandeenyuu,0,2,0,0,0,0
orm_train_track2_226,Artiisti Nuhoo Gobanaa fi Artiiisti Zarihuun Wadaajoo yeroo dhukkubsatanii jiranitti gaaree tumsa barbaaddame guuruf namoota odeeffannoo dhaqabsiisuuf Feesbuukii fayyadame keessaa Masarat Dhaaabaa dubbisne . #QophiiLabataa #LabataURL,0,0,0,0,0,0
orm_train_track2_227,Dhukaaafiii lafeee garteeebeeeytaaa wagaaashanaaan kanaaa hojaaatahuuu   darajaaa hidaaafiiifooon   biraaadarbuuu hiiinqabaniii dhiiibeee labiraaatoriiin   laaalteee dafteeehubatuuun dandahamuuu jariii abiiiyiiibiradhaquuunu isaaanwalbeeekaniii walsodaaatan,0,0,0,0,0,0
orm_train_track2_228,Jabaaadhu dhirsa dhiiira haaacaaalun dueee jedhe galaaanaaan sodaaataaareee,0,0,0,3,0,0
orm_train_track2_229,Welcome Bety Baga hojii keetti Deebite URL,0,0,0,2,0,0
orm_train_track2_230,ummanni tigraayi waraana hin gale eef rifateera eesaarrayyis baqateera hojiin hafe ummata deebisanii qubsiisuufi hamilee jaraa ijaaruutti deebihameera,0,0,0,0,0,0
orm_train_track2_231,Jireeenya kiyyya keeesssaaattti hardhan booone irkooo vs tiyyyawhat generation,0,0,0,3,0,0
orm_train_track2_232,Jawar maaliif habashoota maqaa kee xureessitu fi hojii gaarii ati hojjette cilee dibdu oromoo irratti olola sobaa guyyaa guyyaatti afuuftu lola nurratti labsite callistee ilaalta? Seerri biyya keessa fi adunyaa waca sarootaa kana nurraa cal jechisiisu hin jiruu? URL,2,2,0,0,0,0
orm_train_track2_233,Nama qorrraaa hin sodaaaneaniii ragadhaaa,0,0,0,0,0,0
orm_train_track2_234,Shira xaxuun jibbuun ajjeesuun hidhuun saamuun hojii habashootaa kan waggoota 150 ol muuxannoo itti qabani . Oromoo haxxummaanis nibarbaachisa . Hunda caalaa garuu amala (behaviors) nyaaphaa hubachuufi dagachuu dhiisuun feesisaadha,0,3,0,0,0,0
orm_train_track2_235,Isin qabaaachuuutu hamileee nuttti hora Ijarrraaa nuuuf hafaaa jajjjabeeewwwan sabaaa Jiraaadhu Itttiiiqaaa Tafariii Hinuma bubbbultillleee maleee akkka sobamnettti hin hafnu,0,0,0,3,0,0
orm_train_track2_236,Oromiyaaa akkkanati bulchuuuf yaaada qabdu laaata Kun Oromooo fi Oromiyaaaf filannnoooti osooo hin dhiyaaatuuu tae gaaariii dha,2,0,0,0,0,0
orm_train_track2_237,Bàga milkooofte Gooota keeenya Nuuuf jiraaadha  oromummmaaa  oromiyaaa tiyyyaaa kabaja Siiif maaala,0,0,0,2,0,0
orm_train_track2_238,Baga geessan/geenye! Araarsummaa fi eegumsi ergamaa qulqulluu Mikaa el nu waliin haa ta u . Oolmaa Gaarii qabaadhaa Ayyaana Gaarii! URL,0,0,0,3,0,0
orm_train_track2_239,Munad mattti naf taiii sanyi kooo kabajan si gafadhaaa,0,0,0,0,0,0
orm_train_track2_240,Abdii fi gachaannii ummata oromoo waraannii bilisummaa oromoo zoonii lixaa guyyaa har'aa jechuu Ebila 19_2021 humnaa abiiddaa safaa kumaatamaa leenjisuun garaa goolee oromiyaa hedduuttii bobbase jira . URL,0,0,0,2,0,0
orm_train_track2_241,@USER Maqaa abbaa keetii jecha oromoo Gabbisaa jedhu kana osoon sirraa mulquun naaf taatee gammachuun kiyya daangaa hin qabu.,0,3,0,0,0,0
orm_train_track2_242,Masiriin yeroo filannoof qophaa'aa jirtutti balaan abiddaa hamaan waajjira poolisii qabate,0,0,0,0,0,0
orm_train_track2_243,Hattoonni Qabsoo ilmaan oromoo kumni 5n itti wareegamee kumni 20 qaama itti hir'ate isin ceesifna jettee nafxanyattiin heerumtee ergatamuu waggaa 27 barattetti deebitee diina oromoo dhaabbataa wajjiin oromoo fi oromiyaa balleesuuf halkaniif guyyaa mul'ata diinaa baatte gadi baate,0,3,0,0,0,0
orm_train_track2_244,3/3 10: mangistuu Nurgii11: Caalaa Tufaa12: Bokii Dirribaa13: Didhaa kabbadaa14:-Katamaa Tufaa15: Asheetuu Fayyisaa Guyyaa tokkotti nama 15 dhabuun gadda gadda caalu . Baay'ee sammuun nu dhukkube.#NoMoreNaziAmharas #NoMoreNaziNeftegna on Oromoo land! @USER URL,0,0,3,0,0,0
orm_train_track2_245,Ati lenca biyyyaaa kanaaa kan akkkake adunyatiii beksise hin jiru duri ati jirta tanan biyyyiii kenyaaa warqeee qabdiii atileti akkkake bara sani rabiii nuf halatuuu sif badhasiii nobel sif malaaa,0,0,0,3,0,0
orm_train_track2_246,Bareeddun kun #Qiddist_Birhaan Jedhamti.Dhengadduma Kana Kabaja Sirna Ayyaana #Gugsii_Fardaa Ummata #Agawurrati Muul’attee Simbo Bareedina Ishetin Jajama Turte.Guyya Har'aa Bulchinsi Godina Agaaw Ambasaddara Bareedina Godinicha’Godhe Wagga Tokkof Mudera URL,0,0,0,3,0,0
orm_train_track2_247,Dhifama wolii kan goonef ykn sodaa fi mitti anan hexosa anaa gosti hedduu kessatti argamuu gosti tokkoo tokkoon wolitti sodoome hiriyyaa wol kessaa jira gosa gadda fi gammachuu wojjin dabarsee kanaf amantiin wojjin jirra kanaf.,0,0,0,0,0,0
orm_train_track2_248,ABO fi KFO n akka lakkuutti ilaalamu jedhan jaal Jabeessaa Gabbisaa.Kora sabaa 2ffaa KFO irratti kan hirmaatan Miseensi Shanee Gumii Gumii Sabaa ABO jaal jabeessaan haasawa taasisaniin haala hamaafi rakkisaa kana keessatti nama kora sabaa gegeeffatu baga taatan jechuun.,0,0,0,0,0,0
orm_train_track2_249,Gochaa sukanneessaa Jaarraa 21ffaa keessa tasa dhala namaa mitii bineensa irraattuu hin raawwatamneedha kuni!.Badii ykn yakka akka fedheellee dalagee argu seerrii bifa kanaa akka adabamu ajeju hin jiru!.#Galmee_Seenaaf dhiisna URL,2,0,3,0,0,0
orm_train_track2_250,Breaking: Waraanni mootummaa manneen barnoota irratti summii biifuudhan barattoonni hedduun akka miidhaman maddeen nu gaabasaniiru : URL,0,0,3,0,0,0
orm_train_track2_251,"kadhannaan jabaadha,Yeroon hamaadha tarii waraana 3ffaa ta'u danda'a",0,0,0,0,3,0
orm_train_track2_252,Ajjeechaa Abbootii Gadaa Karrayyuu maqaa Jaarsummaan fixuu jedhuun sochiin taasifamu gaafatamni akka hin jiraanne danquu mala jechuun komishiniin mirga namoomaa Itoophiyaa yaaddoo qabu ibsate . | KELLO MEDIA (Bitootessa 24 2022) URL,0,0,0,0,0,0
orm_train_track2_253,Oromiyaan Ixoophiyaarraa abdii murachuu qabdi . Ajjeefamaa Gudeedamaa Jumlaan hidhaatti guuramaa Xoophiyaa jedhamanii waamamuun salphina . #OromiaShallbeFree,2,0,0,0,0,0
orm_train_track2_254,Mana hidhaa saudarabia keessatti rakkoo qabbanaa fi dhukkuba adda addaatiin du'aaf kan saaxilamaa jiranu heddummaataa dhufeera maaloo adaraa waaqaa sagalee mootummaa ethiopia biraan gahaHeddumminni warra hidhaa jiranuus yoo xiqqaate 200 000 gadi hintahu URL,0,0,2,0,2,0
orm_train_track2_255,Guyyyooon esssa bade,0,0,0,0,0,0
orm_train_track2_256,Kana gaa Oromoo taanee teenyee laalla taanaan salphina . Gaafa sin ajjeesa hablee san natti kenni siin jedhu hablee san itti kennita yoo tahe cubbuu dha.,2,0,0,0,0,0
orm_train_track2_257,Uunmanni oromoo Baga Gammaddan Guyyaa 27/07/2021WBO 'n zoonii kibbaa Hojii magaalaa eegalee jira URL,0,0,0,2,0,0
orm_train_track2_258,Dhiiira ija barbadaaa,0,0,0,2,0,0
orm_train_track2_259,Hi buyyyitumani dhumine barana dhirooo oromooo ficile motumaaa hamaaa kanaaa balesssa nuraaa ,2,0,0,0,0,0
orm_train_track2_260,Gooticha waraana bilisummaa Oromoo WBO yeroo amma kanatti safisa bali'ina lafa isaaf bayyina ummatasan kan wal gituu danda'u humnna waraanaa jabaa leenjisee gara lolaati bobaasu itti fufe jira . URL,0,0,0,2,0,0
orm_train_track2_261,waaqain dachii samii uume addaamii haawaa uume hin nyaatu hin dhugu hin rafu hin libsatu nama qofa hin jinnii malaakota hundas waaqaitu uume,0,0,0,0,0,0
orm_train_track2_262,maddi dabaluun halkan dawoo godhachuunis haawwolii shamarran babbareedoo tahan afaan qawweetin sodaachisanii dirqisiisun lakkkoofsa bilbilaa fuudhanii iddoo waamnetti koottu doorsisaa jiran namni odeeffanne addeessera,0,0,0,0,0,0
orm_train_track2_263,uummata nafxanyaa wajjiin jiraachuun baayyee jabaata,0,3,0,0,0,0
orm_train_track2_264,@USER biyya mootummaa qabdu keeyissatti torbaan tokkotti Lubbuun Ilmaan namaa dhibbaantamaan wareegamuun Ummanni buqq’ee qabeenyi Biliyoonaan shallagamu gubatuun salphina . Qaamooleen yakka kana rawwatan seeratti dhihaatu qaban . Umrii isaani hidhamuu qaban shifttooni kun.,3,0,0,0,0,0
orm_train_track2_265,yesuusin hafuurri hamaan baha,0,0,0,0,0,0
orm_train_track2_266,Yaa umataa oromoodha gafii tokkon isinif qabaa gafiin kiyaas maliif oromumaa isatif qofa du'aa umanii oromoodha?,0,0,2,0,0,0
orm_train_track2_267,gaaga'umsi siyaasaa kamuu akka hin dhalanneef ammarraa of eeggannoo fi qophiin barbaachisaa godhamaa adeemuu qaba . Qophii barbaachisaan xumuramuu dhabuu irraan kan ka'e duubarra kasaraa siyaasaa fi gaaga'umsi siyaasaa hin eegamne akka hin dhalanneef ammarraa qabee of eeggannoon,0,0,0,0,2,0
orm_train_track2_268,Galatooomi galooo keeenyaaa waaaqayyyooo nafxanyaaa haceee nurrraaa nyaaattte sirrraaa haqabu,0,2,0,2,1,0
orm_train_track2_269,#URGENT!Waraanni PP guyyaa har'aa konkolaataani hedduun gara Lixa Oromiyaatti imalaa akka jiru gabaafamaa oolee jira waraana imalaa turte keessaa konkolaattoon 20 ol W/A/Waayyu Tuqaa Magaalaa Guutee dhaabbattee haftee jirti shakkiin jiru,0,0,0,0,3,0
orm_train_track2_270,Namni Amala itti ta’ee biyya ofii abaaru yoo gaafa rakkateef du’e biyyoo biyya isaatti akka galu yaadachuun Abaarsa daangaa dabre irraa of qusachuun gaarii taati.,0,0,0,0,0,0
orm_train_track2_271,@USER Ashaagreen(jalla demtuuwan sirna Nafxanyaa) offif issa dhabamsisseti shaneetu ajjeesse jedha of eganaa gudaa godhachuu qaba . Waruuma inni degaruutuu issa galaafatee maqabaleessi Oromo irratii jalqaban fixaan baasuuf yaaluu sodaa jedhuun qaba.,0,3,0,0,0,0
orm_train_track2_272,Dureen olaanaa Iraan Tiraamp wayita golfii taphatutti haleella jechuun sodaachisan,0,0,0,0,0,0
orm_train_track2_273,Sodaa Habashootaatiif OPDOn akka Alaabaan Ayyaana Irreechaa irratti qabatamee hin bahamne dhowwite Hanguma yoomiitti hundaaf Sagadaa jiraatti laata? Wayyaaneen darbee amma ammoo Nafxenyaadha dabareen Uggummmm!Ummaanni Waan jaalatu irratti du'a male Sodaa namaaf hin dhiisu.,2,2,0,0,0,0
orm_train_track2_274,Yaa Rabbi shabaaba Keenya jaartii gaarii kenniif Shamarran keenyaaf jaarsa gaarii kenniDhukkuba Keenya hunda nuuf fayyisiKan nurraa Aakhirame hundaaf Rahmata Nuuf godhiiYaa Rabbii keenya si kadhannee nuuf qeebaliTun nurraa irratte atummaan itti nuuf guutii URL,0,0,0,0,0,0
orm_train_track2_275,LIVE:Sagantan Galatooma Tour’ qabsaa’aa Oromoo #Jawar_Mohammed gara biyyota Awuropatti godhame akkuma kalesa biyya Jarmaniti egalame amman tana biyya Faransayi magaala Parisiti gaggefama jira-Mari bal’aa dhamsa Ajaa'iba qabutu Gama #OMN kallattin LIVE darbaa Wan jiruuf hordofaa URL,0,0,0,0,0,2
orm_train_track2_276,Hedu nuf jiradhu qaliii nama ulfaaadhuuu bro wan gudadha nuf dhamaaa jirtaaa ,0,0,0,2,0,0
orm_train_track2_277,@USER Tattaaffii isin gootan baay'ee gaarii dha . Haala nama bohaarsuun ergaa ciccimoo dabarsaa jirtu . Jabaadhaa!,0,0,0,3,0,0
orm_train_track2_278,Welcomeoromia media network Nuuuf jiraaadhaaa qashtooota kiyyya sagaleee ummmata OROethio RIP    hayyyooota keeenya rabbbiiin isaaan haaa eeegu abiyyyi duuuullleee ni dide nama badaaa ardiiinillleee in didddi,0,1,0,2,0,0
orm_train_track2_279,@USER Gaarii godhe Du'aa isaani baga gudhatee,0,0,0,2,0,0
orm_train_track2_280,Ammmaaa seeeraniiin video laaala jaraaa keeenyaaa duraaa view dhamaaaan ture  Proud to reach 3045777 we did it,0,0,0,0,0,0
orm_train_track2_281,Naannooleettis ta'ee bulchiisa magaalotaa keessatti namoonni filatamtanii muudamtan baga gammaddan bara hojii gaarii isiniif haa ta'u jechaa rakkoolee amma biyyi keenya keessa jirtu kana heeraa fi seera biyyaattii eeguun akka hojjatan hawwii kiyyaa ibsa.,0,0,0,3,0,0
orm_train_track2_282,Rabbbi isin haaabasu harka nafxanyaaati,0,0,3,0,0,0
orm_train_track2_283,Namni bakakkkaaa beeeku dibbbeeedhaaan ni nahaaareee,0,0,0,0,0,0
orm_train_track2_284,@USER 2/3 warruma tuffattan kanatu itti dhiigee hidhamee jibbamee achi isin kaa'e . Kabaja maluuf yoo hin kennine yoo hin mariisifne hojiitti hin galchine rakkoo hamaatu dhufa waldaan dargaggoo Oromoo finfinnee waraqaa jiraataallee kennisiisuufii hin dandeenye !!!,2,0,0,0,3,0
orm_train_track2_285,Minilik Oromiyaa gara Xoopiyaatti erga jijjiiree Oromoon dhiigaa fannifamaa qalamaa hidhamaa ari’atamaa salpachaa fi beela’aa jira! Oromiyaa diina harkaa baafnu malee rakkoon Oromoo ittuma fufa! Kanaaf WBO jabeessuun #dirqama . URL #OromoIsStarving,3,0,0,0,0,0
orm_train_track2_286,Bayyyeee gaaariiidhaaa Tokkkummmaaan humnaaa,0,0,0,2,0,0
orm_train_track2_287,Walllahi yerooo isin ufffatttu akkka bareeedu oso beyteee akkkasittti qulllaaa hen teeesssu sanuuu human hair kan rabbbiiin abbbaaare godhattteee Hundafuuu rabbbiiin isiii ha qajeeelchu,2,0,0,0,0,0
orm_train_track2_288,Baaayyyeee gaaariiidha akkkanumatttiii ttti fufaaa,0,0,0,3,0,0
orm_train_track2_289,Maaalooo eeesssuma dhaqeeen kolfaaa Hirkooottti,0,0,0,3,0,0
orm_train_track2_290,Oromoon qe'ee fi lafa isaa irratti OPDO fi finxaaleyyii Amaaraan (Faannoo shororkeessaan) ajjeefamaa jira.,2,0,2,0,0,0
orm_train_track2_291,Obsi Baay'ate sodaa fakkaatee diinatti lubbuu hora ! Waa'ee #Nafxantootaa kanatti mala haa malluu.akkam jettan ?,2,0,0,0,0,0
orm_train_track2_292,Mootummaan nafxanyaa( itoophiyaa) yeroo lammaffaaf uummata biyyattii irratti waraana labsee jira!,3,0,0,0,0,0
orm_train_track2_293,Ijoooleee oromo jabadaaa artist wani kenyaaa kaaa gudisnuuu Sher like itttiii robbbaaa wali maleee homaaa hin qabnuuu,0,0,0,0,0,0
orm_train_track2_294,@USER Sababa warri habashaa injifannoo sana kan dhuunfaa isaanii fakkeessuuf yaalaniif namni keenya bifa mufachuutiin jibba malee weerara Itaalii ofirraa qolachuun waan salphaa sitti hin fakkaatin . Minilikiif ergamtoota isaa yeroo Adwaa jala dahaatanii jajan arguun hin fedhu malee.,1,3,0,0,0,0
orm_train_track2_295,MM Sudaan humnoota waraanaan to'atamanii bakka hin beekamne geeffamuun himame,0,0,0,0,0,0
orm_train_track2_296,Qoricha hattuu-qoricha gantuuFarra Aramaa-Sanyii FilatamaaIlma namaa dhugaa-#JAWAR_MOHAMMED! URL,0,0,0,1,0,0
orm_train_track2_297,Waadaa Duwwaa 3ffaa Paartii Biltsiginnaa EPPn @USER waadaa duwwaan ummata soba jirti . Mee erga aangoo mootummaa dhuunfatanii Gaafii Oromoo kam deebistan? Warra Ummata hiraarsaa bahe seeratti dhiyeessitanii? Hoji Dhabdummaa hir’istaniiQaala’a Jireenyaa fooyyeesitanii? URL,2,0,0,0,0,0
orm_train_track2_298,bareeeddduuu kooo sagaleee keee   akkkam bareeeda bravo waaan ofiii,0,0,0,3,0,0
orm_train_track2_299,Inni suuraa irratti argitan kun Dallawa majliisa Naannoo Amahar irratti bal'aa qaqabee Ayyaanni amantaa Yeroo kabajamuu haala nagaa fi tasgabbiin taasifamu qaba Gochaa bodatti hafa akkana kana namoota rawwatan irratti tarkanfiin seeraa hatatamaan fudhatamu qaba . URL,3,0,0,0,0,0
orm_train_track2_300,Qophiiin keeesssan baaayeee gaaariiidha,0,0,0,3,0,0
orm_train_track2_301,waggoota kunneen lakkkoofsi dubartoota filattootaa dhibbantaa rraa titti guddateera jedhan,0,0,0,0,0,0
orm_train_track2_302,Harki   abbbatu tiiikfata kurrreeejilbaaatiii bira darbiiin haqa yooosef gammmachuuu beeekta dhangaaa mana haaadha dacheee ilmaaan oromooo jigeee hafuuu rabbbiiifi goootasabaaatu dhuka lafaaafi lafeeetiii ciqileeedha ummmataaaf lafaaan nifalmannna freeeBilisummmaaa,3,0,0,0,0,0
orm_train_track2_303,Itttiqaaa baeeey sejaldhaaa biyattt yooon galu qosssartiii keeet lalun barbbbadaaa jabaaadhu obolessso ,0,0,0,3,0,0
orm_train_track2_304,Biyyi waan gaarii hojjettu waan yaraa hin abdattu.,0,0,0,0,0,0
orm_train_track2_305,@USER ppn ummata kana akka ajaa'ibati itti taphataa jirti . maqaa #WBO jedhuun suraa ykn vidio draman hojjatame tokko itti gadi dhiifti . achiin kan waa hubatuu hin dandeenye hoo jedhe lafaan dhiphisa . #TDF lafa bilisa baasa #WBOn imala gara finfinnee gara olola phototi jijjiire . #Enough,0,0,0,0,0,2
orm_train_track2_306,"Komii Livarpuul, 'salphina' Yunaayitiid fi 'bilchina' Arsenaal",0,0,0,0,0,0
orm_train_track2_307,Sittti maleee si maleee enyuuu ittti obsuuu yesusi kooo uuufffiii,0,0,0,0,0,0
orm_train_track2_308,Dukkanii haaccee nyaatte jawaariin nuttii hin deebi'iin yaa oromo Dukkaniis dukkana qaba kunii garuu oromoodhaf kan isaa dhumaatii . URL,0,0,0,0,3,0
orm_train_track2_309,Olola sobaa fi maqaa balleesiin kabajamoo fi jaallatamoo Eng.Taakele Uuma bantii irratti oofama jiru amuma hatattamaan dhaabbachu qaba.,3,0,0,0,0,0
orm_train_track2_310,As wr wb obboleewwan muslimaa hundinuu baga rabbiin iida al ad-haa tanbara 1443 tanaan isin gahe iiddi iida milkii tan gammachuu isiniif haataatu.Iid mubaarak . URL,0,0,0,3,0,0
orm_train_track2_311,seenaa aanolee calanqoo akkana fakkaata nafxanyaan hunda diina oromooti nafxanyaan diinaa oromoo ta'uu oromoon hunduu sammuu ofitti himuu qabuu,0,3,0,0,0,0
orm_train_track2_312,Waltajjiin Badhaasa Oskaarii kan bara 2021 Kan Sanyii Adda Addaa Irraa Ta’an Kan Irratti Mul’ate Ture URL,0,0,0,0,0,0
orm_train_track2_313,wayyaanee nafxanyaan baruma baraan diina oromooti,0,3,0,0,0,0
orm_train_track2_314,hordoftoonni amantichaa oromiyaa broodkaastingi neetwoork dubbise bultii kaasee nagayaafi bifa tasgabbii ayyaanni cuuphaa kabajataa jiraachuuu himaniiru,0,0,0,0,0,0
orm_train_track2_315,cafffeeemedia8291 galata argadhu,0,0,0,2,0,0
orm_train_track2_316,Galaaana hamaaas daballliii sirbiinjifannnooon ummmataaa Oromoootiiif Hatahuuu,0,0,0,1,0,0
orm_train_track2_317,@USER diqaala hadhaa keeti himii ilmaa guddiisa saree sodaata jawaari fi baqqala garbaa hitee baartii siyasa waliin mariyadhee jeeta,0,3,0,0,0,0
orm_train_track2_318,Haadha ijoollee lamaa dorgommii waldhaansoon ijibbaachiste,0,0,0,0,0,0
orm_train_track2_319,dhiira miidhamtu hunda dubara gantuutu jira,0,2,0,0,0,0
orm_train_track2_320,Koronaavaayiras: Weerara koronaavaayirasiifi yaaddoo Iccitii dhuunfaa,0,0,0,0,0,0
orm_train_track2_321,Raaayyyaaa abbbaaa Macccaaa Hayyyuuu OROMOOO gamna namaaa ti  Nama namoooma qabu  sabbooonummmaaa gudddaaa qaba Rabbbi sodaaa ta Nuuuf jiraaadhu  Risaaa multimedia galatooomaaa,0,0,0,2,0,0
orm_train_track2_322,Duuullli oromooo fi oromiyaaa qofarrrattti biyyyattti tana keeesssattt irrrattti deeemaaa jiru qaaamni bulchiiinsa oromiyaaa olaaanooo fi qaaamni hidhateee nageeenya oromiyaaa tiksu kan moootummmaaa naaannnooo oromiyaaahooo maaaliiif calllisuErgamiiidhamiiinsi akkka ammmaaan dura buqaiiinsaaa fi miiidhamnnni hamaaan dhiii,3,0,0,0,0,0
orm_train_track2_323,Koronaavaayiras: 'Namoonni Covid-19n qabamusaanii baruun miliqan yaaddoo uumaa jiru',0,0,0,0,1,0
orm_train_track2_324,OMN waaan innni dalagaaa ture eeenyumtuuu hin irrraaanfatu Akkka bakkka kana geeenyuf sababa gudddaaa dha Garuuu an kan na ajaaaibeeefiii aaariiittti na naqe sababa maaaliiin miiidiyaaan hangana gayuuu fi seeenan yaaadatu kun jibbbameee balaaalefffatame jedheee of ilaaaleee jiraaa Hooogantooonnni isaaa maaal hojjj,2,0,0,0,0,0
orm_train_track2_325,@USER Najjootii dhufee kan sikadhatu yoo argattee ni hamaarta baqqaa jabaadhu . Ykn @USER tti aantee ishee xinnoo yoo ni taata tahemmoo anuu sinfuudha .,0,0,0,0,0,0
orm_train_track2_326,Baga ayyanaa irreechaa nagayaan geessan.Ayyanni kan milkii kan jaalalaa kan gammachuu fi badhaadhinaa isiinif yaa ta'uu URL,0,0,0,3,0,0
orm_train_track2_327,Godina Q/Wallaggaa Aanaa #Saayyoo.Adol . 15 2022Guyyaa har'aa irree fi gaachanni uummata Oromoo WBOn ganda Riphaa Guutee Sooyyamaa bakka addaa #Gabaa_Kamisaa jedhamuttj diina humna guddaan bobbaate itti marsuun hedduu ishee du'aa fi madoo dandammii hin qabneen adabee jira . URL,0,0,0,2,0,0
orm_train_track2_328,Sobuuun moru dha Osooo hin qululeeefatin qiliiinsa irrra uuulchuuun ammmantummmaaa dhaaaban gadiii buuusa Gabaaasa sobaaa TPLF fudhataniii akkka dhugaaattti dabarsun keeesssan sirrri mit Aanaaa akkka carrraaa naaannnooo sanaaan jira gabaaasin keeesssan dhugaaa mit sirrreeefadha,3,0,0,0,0,0
orm_train_track2_329,Qerooo kooo Jabadaaa,0,0,0,1,0,0
orm_train_track2_330,2020 Ethiopia Ana Fakkaatu Eenyummaa tiyya ibsitu Malee maqaa ethiopia ja’u ifirraa jijjiirra . From Ethiopia To KushLand Maqaa Ethiopia Ja’u Yeroon Yaadadhu Roorroo hedduu dabarsine osoo lammummaa Ethiopia deemmannuun akka lammii 2ffaatti ilaalamaa turre san hundi gehe.,0,2,0,0,0,0
orm_train_track2_331,oromooon wal maleee hin qabu jabaaadhaaa osooo moootummmaaan kun akkka naaannnooo tigiraaay sana saba keeenya hin salphisin iyyyaaafi,3,0,0,0,0,0
orm_train_track2_332,Seeenaaa mattti naf taiii sanyi kooo kabajan si gafadhaaa,0,0,0,0,0,0
orm_train_track2_333,Yaaa Rabbbiii namicha kan nura kasiii nafxanyaaa hidan nura buqisi hayotaaa kenya nuf basiii yaaa Alllah dhugaaa niii motiii Rabbbiiin wojiiin inshaaa Alllah ,0,3,0,0,0,0
orm_train_track2_334,maal yaa adaamaa keessa namuma maaskii kaawwatee adeemuutu hin jiru!maal ya namni maal ta'e sa??ganda keessas ta'e magaalaa gidduus jiraataa hedduun maaski of irraa hin qabu!dhugaa namni sodaa koorana dhiisee jira!aboo rabbi nurraa haa kaasu maal jennaa miti,0,0,0,0,0,0
orm_train_track2_335,#EthiopianDay Itiyoophiyummaan afuura tokkummaafi sab-daneessummaan kan walitti hidhate kabaja keenyaafi eenyummaa keenyadha! #Guyyaa_Itiyoophiyaanotaa! #EthiopianDay @USER,0,0,0,3,0,0
orm_train_track2_336,WWW   LEEECAAA KEEENYAAA   NUUUF JIRAAADHU   baaayeee baaareeeda sirbiii keee,0,0,0,3,0,0
orm_train_track2_337,Loliii haxayeee bira gaheee soba bilxginati kara qoriii baka jedhamtu darbeee Ani itiii dhiyenyan quba qaba,0,2,0,0,0,0
orm_train_track2_338,@USER Baga gammade jabadu koo siifis bara hojii gaari,0,0,0,3,0,0
orm_train_track2_339,Waraana Kaaba Itoophiyaa: Haleellaa qilleensarraa Allaamaaxaatti gaggeeffameen namoonni ajjeefamuun gabaafameSuuraalee namoota haleellaa kanaan ajjeefamaniiti jechuun reeffa namoota daandiirratti ajjeefamanii hedduu TV naannichaa agarsiiseera.URL URL,0,0,0,0,0,0
orm_train_track2_340,amaaraa godina addaa oromoo haleellaan hidhattoonni naannichaa saba oromoo irratti raawwataniin lammiileen nagayaa danuun ajjeefaman qabeenyi guddaanis saamichaa gubataaf saaxilameera,0,0,2,0,0,0
orm_train_track2_341,Huutiin haleellaa doonirratti raawwatu akka dhaabu akeekkachiifame,0,0,0,0,0,0
orm_train_track2_342,. dura Abiy Ahmed Tigree jalaa waggaa 27 kaate hambbaa nyaate afaan eessan barree gaafa Tigreen kuftuu arsaasaa fi beelaan fixa jira . kana kani Abiy Ahmed saree abba wajjiin duultee kani eessa fakkeessu . Oromiyaa yookani du'aa,0,3,0,0,0,0
orm_train_track2_343,@USER hojii import and export irrattii hojatamuuf karoorfamee lammilee itoophiyaa hiyumaa keessaa baasuu akka daanda'uu abdii guddaa qaba keessummatuu imaammaata magaariisaa irrattii osoo hojatamee jabadhaa,0,0,0,0,0,0
orm_train_track2_344,Dursa Mootummaa Waaqayyo biraa barbaadi qajeelummaan isaa fi wanti kun hundi siif ni kennama.Kanaaf hin sodaatinaa yaa hoolota xinnoo Mootummicha isiniif kennuun isaa Abbaan keessan gaarii waan ta'eef.,0,0,0,0,0,0
orm_train_track2_345,YOOO WAAALIII GALANIII KAN ALAAA GALAAAN WAAALIII GALUUUN ULFINAAA Fafacaaauuun salphinaaa  ,0,0,0,0,0,0
orm_train_track2_346,Mal fidaaan itophian tokkko tateee jirti isiiin qarshiii Egyptian oduuu sobaaa kesssan enyuuu illleee hindhagauuu isiiin shorokesssaaa waaan tataniiif,0,2,0,0,0,0
orm_train_track2_347,Yeroon callisan dhumeera oroomotni hundi hoggantootasaa badiimalee hidhamuunsaani osoojiruu lubbuunsaani du'aaf yoolaatamu taa'ee laaluun fafa . Abbotii amantaa abbaagadaaf jaarsolii biyyaati maali jechaaf callistani.duunaan awaalchasaanii miidhagsuufii?,3,0,0,0,0,0
orm_train_track2_348,@USER Miidiyaa dhuunfaa fi aktiviistotta jala fiiguun ammaas kufaatii waggootta 3'n darban nu mudate nutti fida . Biyya kana keessatti kabaja argachuudhaaf humna siyaasaa fi waraana cimaa qabaachuun dirqama eenyu iyyuu beeku qabudha . Of hin gowwoomsin Oromokoo,0,0,0,0,2,0
orm_train_track2_349,Duu'aa keesaa kan baanuu Oromiyaa biiyaa kengaa o duunfanee duuwaa dhaaItopiyaa warii suupuu fiigdhanii . duutii Oromoo issiniitii hiidhaagaa'amuu?hangofii horiidhaa jeetanii . umrii OPDO/PP dheereesuunii guuyaa guuyanii du'aa Oromoo deegaruu dhaa URL URL,2,0,0,0,0,0
orm_train_track2_350,Waraana bilisummaa Oromoo jechuun Qoraan Bilisummaa OromootiKan Isa jaalatuu Fi Kan Isa jibuufiis qixuma Wareegama Qorraa Fi ho'a Roobaa Fi qilleensa Beelaa Fi dheebuu Yaaddoo Fi dhiphina Summii Bofaatiin iddamaa Diinaa Fi firaaniis gidirfamaa WBOn haa waaru URL,2,0,1,0,0,0
orm_train_track2_351,@USER Amarri Shanee dhalchu hin dandeessu soba adiidha.,0,2,0,0,0,0
orm_train_track2_352,hubadhu yesuus ilma waaqayyooti ilma namaa miti ergama abbaa raawwachuuf biyya lafaatti gadi bu'eera innis cubbuu keenyaf foon uffatee gadi deebisee du'ee du'a moo'ee ka'eera,0,0,0,0,0,0
orm_train_track2_353,-Ajjeechaa Abbootii Gadaa Oromoota Karrayyuu - Hidhamtoota siyaasaa hanga ammaa dukkana jiranii.-Gubachuu manneenii fi qabeenya qonnaan bulaa Oromoo - Balaa hongee Booranaa isa lubbuu beeyladoota manaa gara kuma dhibbaa gaaga’e kan hanga ammaa birrmannaa dhabe! URL,3,0,0,0,0,0
orm_train_track2_354,Eeee akkkanaaa jae caaammmaaa nuuur,0,0,0,0,0,0
orm_train_track2_355,Galgala hintolu namni sobaaaf duuule Dhuuugaaadha jabaaakeeenya,0,0,0,1,0,0
orm_train_track2_356,Kissiin #Jawar itti himatame keessaa siidaa aanoolee biratti suura ka’uudhaan social media irratti gadhiosuudha kan ijaare mootummaa naannoo Oromiyaati maaliif isaaniin hin hidhaniiree?? Ofii hojjatanii suura biratti ka’uun nama kasasuuy salphina kun #oromoprotest,2,0,0,0,0,0
orm_train_track2_357,#Jireenyi al-tokko wal-qixxaatteeAl-tokko wal-dabartiiKanaaf #mataakee gadi hin qabin Bor guyyaa biraatii Guyaa tokko yoo sif taatee Guyyaa biraa #diina keetii Isayyuu gabaabduudhaa Akka #fixeensa ganamaatiiDaba namatti hin yaadinii Waan gaarii hojjedhuu .,0,0,0,0,0,0
orm_train_track2_358,fanjiii nafxanyaaa   Omn,0,2,0,0,0,0
orm_train_track2_359,Bagaaa gammmaaadddaaan bagaaa waaalumaniii gamaaaneee Oromooo kiyaaa qallliii jaweee Keeenyaaa bagaaa nubaheee Alahmdulilaaah galataaa rabbbiii ,0,0,0,3,0,0
orm_train_track2_360,#Oromoo: Waan kana caqasuu yaalee sirriitti naaf hin galle (I couldn’t exactly connect the dots) . Dhageeffadhaati naaf ibsuu yaalaa waan ta’uutti jiru . AM - Jaal Amaan Fileefi Jeneral Faqqadaa Abdiisaa Haasaa Bareedaa Waliin . URL via @USER,0,0,0,0,0,0
orm_train_track2_361,@USER Murni weerartuu kun aarii W3On naannessee tumeef mana ummataa 4 gubuun daa'ima kichuu 1/tokko ajjeesaniiru.Yeroodhuma sanatti W3On magaala Ona Ammayyaa kan taate #_Gindootti dhukaasa itti baneen kaabinee fi waraanni magaalattii keessaa baqaaf oliif gadi fiigaa turani.,0,0,2,0,0,0
orm_train_track2_362,Uuuufff hundinu hojiii waqayyyoti kolfuuu mitiii   dhugaaa ,0,0,2,0,0,0
orm_train_track2_363,Ibiddi kun samii bu'ee mana kana gubutti jira jedhu jiraattoonni naannichaa.ajaa'iba dalagaa rabbii rabbiin nu haa tiiksu balaa isaa irraa . URL,0,0,0,0,0,2
orm_train_track2_364,Yaaa rabbbiii nuuuf birmadhu alaaaf keeesaaa miiidhaaan nu bayattteee yaaa abbbaaa malaaa Mala nuuuf dhayi,0,0,3,0,0,0
orm_train_track2_365,@USER Gatiin du'a namahoo harka meeqan dabalee jira? Keessumaa oromiyaatti.,0,0,2,0,0,0
orm_train_track2_366,Kkkk ergamtuuu isaaaniii agareee akkka godheee isaaan baseee argiteee miti abichu abbba malaaa kkk shaneee ergamatuuu wayaneee   isiiin yomiyuuu hin bosan,0,3,0,0,0,0
orm_train_track2_367,Naayijeeriyaa bakka boba'aan seeraan alaa itti oomishamutti namoonni hedduu du'an,0,0,2,0,0,0
orm_train_track2_368,Maaatiii hirkooo jabadha    galata guddda qabdu ,0,0,0,2,0,0
orm_train_track2_369,Waliif kan jiraatuWaliin qooddata gammachuu Gaafa gaddaas walumaaniiWalirraa hin lagatu lachuuKan dhaban waliin dhabaniiKan argatan waliin argachuuKan kanarra si gammachiisuMaali mee yaa michuu URL,0,0,0,3,0,0
orm_train_track2_370,itiiiqaaa waqayo hamaaa siraaa haaa fagesu egadhu sareni gotaaa kolfati nyatiii otooo hedhuma dhutiii hini jireee si dhofaneee siii dhiraaa dhugadha dhalate galmaaa dhugaaa kenyaaa Nufiii jiradhu umuri dheradhu,0,0,0,2,0,0
orm_train_track2_371,Oduu GaddaaUniversity Debra MarqosMuummee seeraWaggaa 4ffaaBarataa Galaasaa Ejjetaa guyyaa har'a waraanamee lubbuun darbee jira.Oromoo teenyee du'a lakkaa'uu qofa taatee kaa jiruun keenya.Gumaa kee waaqni haa baasu wanaan jedhu hin qabu . URL,0,0,2,0,0,0
orm_train_track2_372,Filannoon du'a sodaa si filatamu filannoo miti hin gowwoomin sirratti barame jira yaa gadhee yaa gantuu Abiyyi ati Abbaa Irreeti,0,3,0,0,0,0
orm_train_track2_373,Kibba Oromiyaa Godina Gujii Lixaa keessatti nama tokko konkolaataatti hidhuun lafarra harkisanii ajjeesuun dhagaa’ame Qeerroo Bilisummaa Oromoo URL,0,0,0,0,0,0
orm_train_track2_374,Kanneen garee shororkeessaa ABUT waliin hiriiraan hundi karaa nagaan akka harka kennatan MM Abiy waamicha dhiyeessan.,0,0,0,0,0,0
orm_train_track2_375,Silaaa sagantaaan keeeysan bareeedddumaaa haaatauuu garuuu haaala yerooorrrattti maaalif DrItttaaanaaa habteee fi DrTsagayeee araaarsaaa fiii prHizqiyel gabbbisa fiii k k f haaala qabsooo ummmata oromooo akkka gaaafaaa fincila qeyrooo sanittti   Maaalif ummmata kanaaaf kalllatttiii hinkeeenye Galatooomaaa,1,0,0,0,0,0
orm_train_track2_376,Yeroo hedduu jecha jabaa namni nu bira jiru dubbatee nu jijjiiruuf nu jabeessuu danda'u caalaa jecha nama fagoofi jechoota warra adii isaan tasa dubbatan filanna.Kun ilaalchaafi bakka nuti waliif qabnudha malee jechi warra adii kan warra gurraacha ykn keenya caalee miti.,1,0,0,0,0,0
orm_train_track2_377,Qubattoonni 'Amaara' jedhamuun daldala siyaasaaf Oromiyaa bakka garagaraatti ajjeffaman irra caalaan isaanii Oromootuma Walloo Yajjuu fi Raayyaa sirna nafxanyaatiin aadaa fi afaan Oromoo akka dagataniif dhiibbaa fi cunqursaan jaarraa 12ffaa - 21ffaa irra gahaa tureedha.,1,0,0,0,0,0
orm_train_track2_378,Amma waan nama qaanfachiisu Faannoo Amaarallee ofirraa dhoorguu dadhabnee Faannotu nu fixe jennee boonya . Dhugumatti kun Oromoof salphina . Guddaa taane xiqqaanne . Baay'ee namatti dhagahama . Nuti yoo akka dhiiraa hidhannee dhukaasne meeshatu nu ciniinaa laata? Of haa gaafannu.,0,0,2,0,0,0
orm_train_track2_379,Share gochuun hawaasa addunyaa biraan gahaa.Gochi suukaneessaan kun kan waraana mootumaan goodina booranaatti raawateedha URL,0,0,3,0,0,0
orm_train_track2_380,Fayyaa: Maareen-jaldeessaan Itoophiyaaf hangam yaaddoodhaa?,0,0,0,0,0,0
orm_train_track2_381,Wal agaraaa wal arguuuf jira yaaa gantuuu ,3,0,0,0,0,0
orm_train_track2_382,Badhaasa Ballon d'Or si'a 6ffaaf kan mo'ate Meesin lakkoofsaan,0,0,0,0,0,0
orm_train_track2_383,nafxanyaan afaan ballaa sammuu ballaa hin qabdu,0,3,0,0,0,0
orm_train_track2_384,Abiyyi Ahimad irraa kan baranne daangaa cabsisisuu fi dubartoota gudeedchisiisudha . Ajaa'iba kuni URL,0,2,0,0,0,0
orm_train_track2_385,jaalatamaafi gootichi oromoo artisti haacaaluu hundeessaa ajjeefamuun maatiifi ummatasaarraa addaan bahee kunoo guyyoonni  lakkaa'amaniiru,0,0,2,0,0,0
orm_train_track2_386,qur'aanni seexanaati,0,3,0,0,0,0
orm_train_track2_387,Muummichi ministeeraa Sudaan Abdallaa Hamdook ce’umsa nagaa gara dimokraasiitti geessutti milkaa’uu hin dandeenye jechuudhaan aangoo gadi dhiisuu isaanitti aansee biyyattiin Dilbata kaleessaa jeeqama siyaasaa hamaa keessa seenitee jirti.URL,0,0,0,0,0,0
orm_train_track2_388,Dhiphina sammuu balaa tasaa boodaan mudatuf Namoota yaada of miidhuu ykn of ajjeesuu qabaniif Yaada otoo hin barbaadin daddeebi'ee gara sammuu dhufuun nama jeequuf Rakkoo wantoota ykn haaloota garmalee sodaachuuf,0,0,0,0,2,0
orm_train_track2_389,badhaadhinni diina oromoo hundaati,0,3,0,0,0,0
orm_train_track2_390,Atumtuuu kotttu gooondar Gali jala deeemtuuu Nafxanyaaa Kan Ati hasawaaa jirtu Kun maaali walllalaaa Akkka Keee kana jala gurrraaa qabuuun dooofaaa nama goooti deeem Walllalaaa sobaaan burjaaajesssa gadheee saba Ofiii Wal nyaaachisuuuf kayyyefffate,0,3,0,0,0,0
orm_train_track2_391,Dhiiiraaa bar ati Guyyyooojechooonnni keee baaayyyeee nattti tolaaake uqet netsa jettteeekkk tana sirrri argite abbbooo,0,0,0,2,0,0
orm_train_track2_392,As wr wb qomoo koo oromoo baga ittin singeheen waggaa haaraa Amajjii 2022 bara gaarii bara gamnachu bara bilisummafi walabumma nuuf haateehuu! URL,0,0,0,2,0,0
orm_train_track2_393,Akkkasittti ittti himi abooo isheeen gantuuun immmooo sirrraaa haaabaratttu wish u   your future bright,0,0,0,2,0,0
orm_train_track2_394,dhugaa jette caaliyyee jiraadhu leenca,0,0,0,2,0,0
orm_train_track2_395,Aadaa Oromoo: 'Qanafni kabajaafi gaachana dubartiiti',0,0,0,0,0,0
orm_train_track2_396,MaaashaaaAlllah mudannnooo diiinattti mandisni kolfaaan dhumneee bultiiinis waraaana Eegumsaaa dhoksaaa aswrwb,0,0,0,3,0,0
orm_train_track2_397,Zinnnaaash olaaaniii kabajamtuuu fi jaaalllatamtuuu teeenya qaaaliii ani harargeeedha ummmata oromooo harargeee bakkka bueee dubbbachuuu niiindandaa heddduuu sijaaalannna  Gammmadaaa atis akkka isheeettti jaaalatamuuu fi kabajamuuu yooo barbaaaddde dhaaamsa kana biraaannaaagahi,0,0,0,2,0,0
orm_train_track2_398,@USER Waaqayyo inni osoo diinonni keenya salphina keenya eeganii mo'ichaa mo'ichatti nu dabarse ulfinaaf galata haa argatu!Karaatti hafe yaadni diinni qopheesse!,0,0,0,3,0,0
orm_train_track2_399,Qaqqaaliiwwan koo ilmaan biyyaa rabbiin furmaata siniif haa fidu Hanga gaafa isin biyyaa keessanitti galtanii sin agarrutti rafnee hin bullu Ajoollee keenya mana hidhaa jahannama adunyaa kana keessaa akka nuuf ba'an halkaniif guyyaa du'aa'ii fi sagalee ta'uu hin dagatinaa! URL,1,0,1,0,0,0
orm_train_track2_400,Ilaaalchi isaaan ABO WBOf qaban kan ABOf qabaniiin tokkko tahuuun sirrriii miti Qaaama ammma isaaanin mormu miti MMM kan Asmaraaa irrraaa galchan Kan isaaan Asmara fidan gariiin aaangooo gariiin gulllallleee jira,2,0,0,0,0,0
orm_train_track2_401,194 - aduu jireenya koo waan taateef galatoomaa . Sin jaalladha,0,0,0,2,0,0
orm_train_track2_402,isaaa dhugaaa dubachudhaf wanta jedhuuu hin qabuuu jechotaaa hin qabuuu waqayyyo umuriii kesssan yaaa dheresuuu hamaaan isiiin hin argin waqayyyon isiiin yaaa ebisuuu ebifamaaa kanumaaan ittti fufaaa,0,0,0,3,0,0
orm_train_track2_403,Gareen deeggartoonnisaa sanyummaan nama arrabsan foorfeen akka adabamuuf pirezidantiin FIFA gaafatan,0,0,0,0,0,0
orm_train_track2_404,Itoophiyaan arras akkuma dur biyya beelafii waraana taatee akka itti fuftu kan godhaa jiru sababni ijoon siyaasa abbootiin irree hordofani . Haga ammaa siyaasa: duubatti hafaa jibbaafii qoodinsaa Kan tahe siyaasa Nft anyaatu biyya kana walnyaachisaa jira . Isa awwaaludha . 2/2,0,3,0,0,0,0
orm_train_track2_405,maltuuu siii dhamaaaseee waaaqefffata siiif hin wayyyuuumaf jiddduuu kaaatttaaa obbbolesssa ibidddiii dhufaaa jiram,2,2,0,0,0,0
orm_train_track2_406,Akka Waaqqayyoof jirra!Abiyiif Fanoon Oromiyaa shororkeessaa jirti! URL,2,0,0,0,0,0
orm_train_track2_407,Yaaa haccceee ko osooo jirateee silaaayaaa galooo ko galatomi nufjiraaadhu ijaaa nafxanyaaairaaa nuf hafiii sanyiii kiyaaa,0,0,0,2,0,0
orm_train_track2_408,Waaaqayyyooon keeenya galata gudddaaa haaa argatu Nuti waaan namaaatif hin booonyewaaan nuuuf maluuufiii haqa keeenya qofaaa gaaafannneisuma barbaaannnes Kunooo hara waaan fakkkaaannnuhammma geeenyufiii warrra nagaaa barbaaannnu tauuu keeenyas adddunyaaan ragaaa nuuuf baaaterti Qaaamonnni milkaaaina irrreeecha bar,0,0,0,3,0,0
orm_train_track2_409,Duula Shira Mootummaa Itoophiyaa Saaxiluu fi Saalphisuu Yeroo ammaa mootummaan Abiyyi Ahimad hoggantoota Orommoo kadhimamtoota filannoo gaazexeessitoota fi rogeeyyii hunda mana hidhaatti ugguree filannoo sobaa geggeessuuf dhama'aa jira . URL,2,0,0,0,0,0
orm_train_track2_410,Oromiyaan dukkana keessa jirti . Abiy fi Shimallis madda dukkanati! W2On dukkana sana balleessaa jira,0,2,0,0,0,0
orm_train_track2_411,Yoo OPDO fudhanee Oromodha Opdon gayyoo itti calliitee maali fi yoo jedhee Tigree tti faagaarra gataateetti oromo daara gootee . lammi fakkaateetti jiru Oromo saamisiftee ajjeeftee mana hidhaa tti darbatee . Oromo hawaalteetti tigree guddftee . Tigree beekaa oromo raatuu gotee,3,2,0,0,0,0
orm_train_track2_412,"@USER ""Hawwisoon(Muuziqaan) waraana laga feete ceetiTabba feete baati!""Kan jedhe Umar Suleeyman . Jaala qabsooti onnachiiftuu Fageessituu gaddaa ti.Xiiqessituu dha . Ba'aa gabrummaa jalaa bahuuf fedhii fi hawwii qabnu ittiin ibsanna.",0,0,0,0,0,0
orm_train_track2_413,Anaaa dhuuufuuu wel come Yaaa saaabaaa ofiii,0,0,0,2,0,0
orm_train_track2_414,Kan madaaa ummmata madaaaeee yooomiyyyuuu kabaja isaaaf malu argatakun immmooo sittti xiqqqaaata,0,0,0,2,0,0
orm_train_track2_415,leenca sodaa hin beekne cabsi diinni ilaale nama aduu ilaale,0,0,0,0,0,0
orm_train_track2_416,#Yaayyaa_Gullallee Dani'eel Sabsibee jedhama hooggansa Aanaa Yaayyaa Gullalleeti . W-B-O qabne jedheeti namoota kana aanaatti dararaa jira . Ofiifu H-I-V baattoo dha guyyaa duutu hin beektu nama nagaa hin dararin . BubbeeSalaalee URL,0,2,0,0,0,0
orm_train_track2_417,dhuguma si'oolii jira oromoon,0,3,0,0,0,0
orm_train_track2_418,Oromoyaaa tiyyya kabajamtuuu biyyyaaa biyaaa Abaaa kiyaaa jedheee sin himaaa galatooomi King Etikaaa kenyaaa,0,0,0,2,0,0
orm_train_track2_419,Ilmi Namaaa yerooo Gadameeesssa keeesssaaa baeee Adddunyaaa kanattti makamuuu eeegaleee dhuguma dirqama qaba Egaaa rakkkooo Hawwwaaasa Oromooo isa hamaaatu tiyaaatira kanaaan ifa taus Seeenaaan Jaaalala qaba Jaaalallli Aarsaaa qaba Aarsaaan qabsooo qaba Qabsooon ammmooo Uummmata cunqurfamaaa kana tajaaajila e,0,0,0,0,0,0
orm_train_track2_420,Roorroo daangaa dabarte Bara oromoon itti akka mukaa gubachaa jirtu keessa jirra ilaalaa . taateen kunMATAKKAL Ona DibaaxeeAraddaa caancootti humna waraana shiftaa pp kana fi humna faannoon kan raawwataa jirudhaHaadha fi ilmoo mana keessa gubattee suurri armaan gadii . URL,3,0,2,0,0,0
orm_train_track2_421,@USER Qilxuu Dhimma qabdamoo waan beektu qabda? Waan qabatamaa hin qabne soba afarsuun qaanii dha . Haajaa nafxanyaa irraa qabnu fixannee?,2,0,0,0,0,0
orm_train_track2_422,#Oduu_Ammee 12-9-2021 Abdiif Gaachanni Saba Oromoo WBOn Z/K Cibraa 30Boorro Galgala kana Sa'aati 01:15 irratti Godina Gujii Bahaa Aanaa Liiban Ganda Lagguulaa keesatti Lukkeelee waraana pp irratti tarkaanfi fudhateen hedduu du'aaf madoon adabuun Guggussee M - N - B ti naqeeraa!!! URL,0,0,0,2,0,0
orm_train_track2_423,Baga gammadan gammachuun keessan gammachuu keenya URL,0,0,0,2,0,0
orm_train_track2_424,Yerooo amaaa mirgi naaanooo Oromiyaaa fi Amhara jiru walqixa mitiOsooo hiriiirrriii fi mormiiin akkkasiii oromiyaaa keeesssattti gegggeeefffame OPDOn ykn ergamtoooni nafxanyaaa rasaaasa uuummmata irrrattti rooobsiti ykn hidhaaattti guuurti,3,0,0,0,0,0
orm_train_track2_425,Beeellli waaa hamaaadha,0,0,0,0,0,0
orm_train_track2_426,obbo maammoo gadaa uummanni oromoo irreecha baranaa akkkuma baroota darbanitti irreeffachuu qabu oromiyaa miidiyaa neetwoork himanii jiru,0,0,0,0,0,0
orm_train_track2_427,isin namooota kabaja hin qabne qwwwe baaata oso beytan seeera beeeku irrra barbadan,0,2,0,0,0,0
orm_train_track2_428,Hayyuu Seeraafi Hoogganaa Olaanaa KFO kan ta’an obboo Dajanee Xaafaa Rakkoo Oromoo fi Oromiyaa kallattii Sadiin Ibsan: URL URL,0,0,0,0,0,0
orm_train_track2_429,Usume mattti naf taiii sanyi kooo kabajan si gafadhaaa,0,0,0,0,0,0
orm_train_track2_430,Ashamaaa Ashamaaa Ijooollleee keeenya isin waliiin jirrra Meee Maaatiii naaaf taaaa   nu gargaaaraaa ,0,0,0,0,0,0
orm_train_track2_431,Guyyaa har'aa Hooggantoota KFO kan mana hidhaa irraa hiikamaniif simannaan ajaa'iba taasifameefi jirraHooggantoota waajjiraalee KFO olaanoo fi kan Godinaalee dabalateeQondaalonni paartichaatis sagantaa simannaa kana irratti argamani jiru!! URL,0,0,0,3,0,0
orm_train_track2_432, qoliii qolumaaa baaareeesssaaa,0,0,0,0,0,0
orm_train_track2_433,muuuziqaaa gaaariiidha,0,0,0,2,0,0
orm_train_track2_434,Mirga keef yeroo falmattu Shanee fi Girrisa jedhanii sitti qoosuun maqaa si balleessu shororkeessaa jechuun . Yeroo waraana sin ilaallannetti si ergan immoo Qeerroo fi Qarree eegduu biyyaa siin jedhu.Jaal Marrootu jedhe!!,2,0,0,0,0,0
orm_train_track2_435,#Eeyyen Oromia First# Bilisummaan Haqaa harka ilmaan Oromoo kan haqaa qofa jira . Aarsaan fi wareegamni Qeerroofi Gootonni Oromoo kafalan bilisummaa Ummata Oromootiif malee dhiigni tasa jige tokkollee hin jiru . Oromoon Ni bilisooma . Hiree ofiis ni Murteeffata kuni Shakkii hin qabu,2,0,0,0,0,0
orm_train_track2_436,Namichi 'You Tube' irratti daawwattoota hedduu argachuuf xiyyaara balaliisaa ture beekaa caccabse hidhaan adabame,0,0,0,0,0,0
orm_train_track2_437,Bara 2013 Eebbaa Proojektii Godina Gujii waan Eebbisan dhabnaan Diichii lolaa Eebbisan . Gudii gujiin keessaa jiru Ardaan Gujii waan Oromoo dubbachuu dande'u sababille Gahumsa Amantii fi Godina Ulaagaa qoodinsa angoo seenu hi qabu.Ajaa'iba @USER furmaata kam kennitu?,0,0,0,0,0,2
orm_train_track2_438,Wayooo kolfaaa nu fixaaa hoji garidhaaa jabadhaaa,0,0,0,3,0,0
orm_train_track2_439,guyyaa dhiisii halkan abjuudhanuu horii taatee namatti mul'atta bar,0,2,0,0,0,0
orm_train_track2_440,#Abiyi basaa nuu basee waraa sodaa nuu bobasee !!! #OromoProtests2020,2,0,0,0,0,0
orm_train_track2_441,"@USER Amboon magaalaa dha malee biyya miti Qaama Oromiyaa taatee kallattii lixa shaggaritti argamti.Gaafa namichi kashalabbeen bashaashaa sun angoo qabate dursee kan ""bilisomneera qabsoon bilisummaan golabameera . Kana booda qabsoon hin barbaachisu"" ka jedha isaanuma.",2,0,0,0,0,0
orm_train_track2_442,. kunoo Waayyaaneen qoree gamoojii nutti taatee ofi irraa buqisuun rakkoo dha . Oromon haa bilisommu Qabsoon itti fufa Waayyaaneen hin kufa . miidhan keessa gayyoo namaa keessa Opdo haa badu.,0,3,0,0,0,0
orm_train_track2_443,.Hawwiin koo (Gutema)Referendum gageessu bilisummaa argachuu kana boodeeMagaali guddan kani siyaasaa (polotikaa) FinfinneeMagaali guddan kani dinaiygdeen AdamaaMagaali guddan kani adaa AmboBilisummaa yookani du'aaOromiyaa yookani du'aa diini daara haa taatu,0,2,0,0,0,0
orm_train_track2_444,Yeroonsaa amma jedhan dhugaadha yeroonsaa amma hundaafuu of qoppeessuutu baasa ilmaan oromoo hidhamuurra darbanii yeroo itti hidhamtootasaanii gaafachuun yakka taate keessa jira,1,0,2,0,0,0
orm_train_track2_445,Guyyaa 30/04/2022AMBOO Waddeessaaleenchichi diina ilmaan Oromoo ka taatee waraana pp adaba tolchaa jira . Kaan harkanqabee jira booda walitti dachaanaa injifannoo guutuun . URL,0,0,0,2,0,0
orm_train_track2_446,Nuuutu kolfaaa Isin hin kolfisiiisinaaa duuubarrraaan,0,0,0,1,0,0
orm_train_track2_447,magaalaa dirree dhawaa ilmaan oromoo nama biyya ormaa jiraatutti hidhamaa saamamaa ajjeefamaa jiru,3,0,0,0,0,0
orm_train_track2_448,Utuu inni dukkana isinitti hin fidin miilli keessanis gaarota warra dukkanaa'oo irratti utuu hin gufatin Waaqayyo gooftaa keessaniif ulfina kennaa! Isin ifa in abdattu inni garuu dukkana limixii isa quba hin keessifnetti in geddara.,0,0,0,0,0,0
orm_train_track2_449,Ahagiree-maal jarattiin akkan yaade miti harka keennuu didde waa hedduu nu jala fixxee.eenyutu sodaa malee dhaqee haasofsiisee walitti nu araarsaa jedhaa maraataa jira gar tokkoon nafxanyaan na rakkisa yenna an nagaa buuse jechaa jira @USER maal na wayya si affeerera,0,0,0,0,0,0
orm_train_track2_450,Kana akkkaaa uuummmani orooomooo hundiii mormuuu gooodhuuu qabbbasobaaa kun,1,0,0,0,0,0
orm_train_track2_451,Dhugaaa keeeti gooota kooo namni bakakkkaaa beeeku dibbbeeedhaaan hin nahaaareee,0,0,0,2,0,0
orm_train_track2_452,wandumazgabu7252   sareee hadhaaa keeeti ilmaaa diqalaaa,0,3,0,0,0,0
orm_train_track2_453,Morookoon qopheessituu Waancaa Afrikaa- Ayivoorii Koostiif tola ooltee salphina oolchite,0,0,0,2,0,0
orm_train_track2_454,Faannikees ni gufataKaraa sin adeemsisuRiqichis sumaan kufaLagicha sin ceesisuuHar'a lafti dukkanaaBakakkaan sitti bu'aaBubbeefi yandoo hamaanSi fideet dhufa du'aaNyaattes ganteertas qaaliiHar'aa Mee of ilaalii.#@USER jibbaa#,0,2,0,0,0,0
orm_train_track2_455,egaa waaqatti amantee hin sagadne eenyuuf sagaddaree,1,0,0,0,0,0
orm_train_track2_456,#Alihamdulillah Finally the king is Out! Warri dukkana keessa taa'ee fagootti ifa argaa ture baye! URL,0,0,0,3,0,0
orm_train_track2_457,Suurri godina wallagga lixaa Aanaa Hoomaattidha . Taateen kun ajaa'iba ture WBOn tasa qumsuma ergamtuutti marsuun walirra tulee yeroo naannicha to'ate uummanni gammachuun bahee nagaa gaafate! URL,0,0,0,2,0,2
orm_train_track2_458,Namuu bakka jirutti waan humnasaatiin dhiibbaa uumuu danda’u qaba . Miidiyaaleen sabaahimaa Miidiyaaleen hawaasaa dhimma hidhamtoota Siyaasa Oromoo irra deddeebiin dubbachuu qabu . Erga rakkoon dhalatee bo'uurra dursinee yaaduun gaarii natti fakkaata . Lalisa Indiris Adam URL,1,0,0,0,0,0
orm_train_track2_459,Ajjeechan oromoo irra gaha jiru kan Tigiray gadi miti garu kan addunyaa birati dhageeti qabu kanuma Tigiray qofa . Wan jarri of irra falmataa jirtufi.oromoon falmachu dhabu isa qofaf qabeenya fi biyya isa irrati du'a.,3,0,3,0,0,0
orm_train_track2_460,amaarri beela'ee dhufe harra quuffee abbaa qe'eeti waraana banee godaansisuu eegale,2,0,0,0,0,0
orm_train_track2_461,Galooo Sanyiii gotaaa nuf jiradhuuu Waggga kuma Gotaaa onnneee Barbadaaa Sittti Obsineee Haceee,0,0,0,2,0,0
orm_train_track2_462,Ijoollee kana adda qofaa waraanaatti eeganii akka baalaatti harcaasuu irra naannawaa isaan itti guddatanitti.baadiyyaas ta'u magaalaa rakkoo jireenyaa fi wallaalummaan dhufe hambisuu irratti osoo hojjetamee gaariidha jedheen amana.,0,0,0,0,0,0
orm_train_track2_463,Waaaeee qubeee aniiis niiin mormaaa garuuu akkkataaan isiiin itiiin Mastar hasssan ittti ibsiiitan isiniraaa hin malu fakeeenyaaaf yeeerooo maqaaa isaaa wamtaaan Namiiichiii kun namichaaa jataaani ibsiiitu maliiif kabajaaa isaaaf dhaaabdan,3,0,0,0,0,0
orm_train_track2_464,Baaay eee hojjjiii bareeedadhaaa jabaaadha carrraaa gaaariii bro kooo,0,0,0,3,0,0
orm_train_track2_465,Galuuu bakkka buaaa dhiiiraaa Akkkuma maqaaa keee uuummmata galaaana kana dambaliii isaaa dammmaqsuuu dandeeessseeettta Baga Oromooo irrraaa dhalattte kana caaalaaa waaan baaayyyeee sirrraaa eeegna Ammmas kana caaalaaa seeenaaa dubbbisaaa xiiinxalaaatiii garaaa Oromooo gammmachudhaaan raaasaaa garaaa diiinaaa aaariiidhaaan g,0,0,0,2,0,0
orm_train_track2_466,#WBO_OLA Sirna eebba jajjabee waraana bilisummaa oromoo W30 zoonii giddu galaa baha shaggar!Sitti leenjisuun Siin doorsisuuf osoo hin taane siin geggeessuufi! URL,0,0,0,2,0,0
orm_train_track2_467,WBO koo My Hero My king abdii saba naf jecha siif jedha nuuf jechaa akkana taatee mooting koo URL,0,0,0,2,0,0
orm_train_track2_468,Itttiqaaa Tafariii keeenyaaa nuuuf jiraaadhu bagaaa kan Oromooo tateee,0,0,0,3,0,0
orm_train_track2_469,Jaaal Maaammmeee Jaaagamaaa Keeelllooo qabsaaayaaa sabaaatiii miti kan diiinaaati maleee dacheee Arsiii Baaaleee nama gubsiiiseeedha gantuuudha seeenaaa rimmmi hin nyaaatu akkkuma Haaaceeen jedhe Gooonnni gooota hin jibbbu yooo lunnna taaate maleee jedhe jeneral Umar suleeeyman Ibsaaa daaandiii qabsooo keeennna Wonnni orom,2,3,0,0,0,0
orm_train_track2_470,Bulee Horaatti Poolisiin Oromiyaa Seenaa Addaa dalage.Miseensi Poolisii Oromiyaa Cunqursaafi daguuggaan Mootummaan pp Uummatasarran gahu ilaaluu waan dadhabeef Waraanuma Waliin jirutti qawweesa garagalchuun Waraana 6 lubbuun galaafatee WBOtti ganama kana harka kennateera.,0,0,0,1,0,0
orm_train_track2_471,Imala gara du'aa: Godaantota Itoophiyaa gammoojjii hamaa Jibuutii keessatti,0,0,2,0,0,0
orm_train_track2_472,Ulafadhaaa kabajaaa gudaaa ummmata oromooo birrraaa qabdaaa gazixeeesssotaaa OMN,0,0,0,3,0,0
orm_train_track2_473,Waraannii Wayyaanee halkan 2tti bollii isaan liqimse dhabamee Abiy fi waahiloonnii isaa yaaddoo hamtuu keessa jiru . Barbaachisaa jiraataniis hin argatan . Namnii jara agarre jedhu dhibameera . Abiy bakka wayyaaneen gadhiftee baate nannayee suuraa ka'aa dhaadataa ola.,0,0,0,2,0,0
orm_train_track2_474,@USER Abbaan biyyaa WBO dha . Dhaloota Qubee gamna (hayyuu) sodaa hin beekneen Oromiyaan biyya bilisoomte akka taatu beekkamaa dha . WBO POWER!,0,0,0,0,0,0
orm_train_track2_475,Yaaa uwwwistuuu hambaaa daaare Galatnikeee hammmanaaareeeoooh Oromiyaaa biyyyatooo Oromummmaaa dhiiigakooo Yooomuuu siiif dhaaabbbannna Waaardiyyyaaa Mataaa Dhiiiraaa Kalllachaaan gahi ,0,0,0,2,0,0
orm_train_track2_476,'Dhala koo hin Awwaallanne' Daa'imni Ganna 12 Carraa Eliyaas waraana pp'n ajjeefame | KELLO MEDIA (Caamsaa 1 2022) URL,0,0,3,0,0,0
orm_train_track2_477,Mashaaalllaaa sanyiii oromo siiiraaajiii sabaaa,0,0,0,3,0,0
orm_train_track2_478,@USER Baga walinnin genye garuu ijolle obbolaa ke mana idhaa saudi Arabi kessa jiran akka jarri gara biyya galan gochu in erranfatina kabajamo minstera kenya adara,0,0,0,2,0,0
orm_train_track2_479,Maaarrreee rakkkooo maaaliii qaba reee tigireeen yooo seeexana itttiiin jedhe Daniel dhugaaadha hoooti  Isaaan mitiii kan Ethiopia jigsuuuf yooo tahe hanga siol ni deeemna jedhan badaaa harka hin rukutinaaafiii tigireeedhaaaf isaaan mil 5 duwwwaaa akkka tahan hin irrraaanfatin dhihooottti   haxaaamani booollla,0,3,0,0,0,0
orm_train_track2_480,We love you daraaartu kabajamtuuu  maqaaa Ethiopia  Adunyaaarati waaamsifte,0,0,0,3,0,0
orm_train_track2_481,WOWWWSirbaaa bayyyeee baaaredadhaaa jabadhuuu ammmas Oromiyadhaf kana caaala sirbamuuu qaba,0,0,0,3,0,0
orm_train_track2_482,Kkkk yooom siiin jaladhumaaa kijbiii kesssaaan isaaan karayuuu abbbaaan ajessse shaneeedha ergamtuuu wayaneee,0,2,0,0,0,0
orm_train_track2_483,Jiradhuuuijahamaaairrrahafitokkkofaaanatulaleee,0,0,0,2,0,0
orm_train_track2_484,oromoon beela duwwaa hin quufas danda buluu danda garmalee quufuufi sirbuun hin barbaachisu,2,0,0,0,0,0
orm_train_track2_485,Yaaa raaabbbiii yaaa alllahaaa nuuuf biramaaadhuuu illlaaahiii yaaa rahamaaaniii dandaaaa isaaamaaa ,0,0,3,0,0,0
orm_train_track2_486,QOPHII ADDAA sirna kabaja Ayyaana EID AL-ADHA fi wal'aansoo Oromoo fi sa . URL via @USER,0,0,0,0,0,0
orm_train_track2_487,Dhugaaakeeetiii   silaaa osooo hunduuu akkka ketiii kanaaa yadeee gaaariii dhaaa,0,0,0,1,0,0
orm_train_track2_488,Stupid and narrow-minded people express their desire for Finfine . Thank you Commercial Bank.Jibbi isin oromoof baayyatee muldhata lafa keenyaa gubbaa jiraataa saniinii keenna jedhaa ummata rakkattuu nafaxanyaa hattuudha ilmaan kabaja hin beekne arguuf teessan ajaa'iba URL,0,2,0,0,0,0
orm_train_track2_489,Baga gammaddan baga gammadne Bobbaa Milkii bara hojii gaarii haa ta’u!WBO URL,0,0,0,2,0,0
orm_train_track2_490,Bagaa nagaan garaa biyyaa deebitan Abbaa siyaasaa Prof Mararaa guddiina URL,0,0,0,2,0,0
orm_train_track2_491,Irra Deebii Kuutaa Xumuraa: Ummata keessaa bahan deebi’anii dandeettii/Ogummaa fii qabeenyaan bira dhaabbachuun maal akka ta’e Dr . Ibrahim Elemo MD MPH FACP irraa waan Baay’ee baranne Itti dhihaadhaa URL via @USER,0,0,0,0,0,0
orm_train_track2_492,@USER Maal jettasaa? ABO ati eegee raaftuuf waggaa 20 caaluuf Asmaraa tureem bakka kaan hundaa ari'amee! Why u lie and denie always?,0,3,0,0,0,0
orm_train_track2_493,Waraana Raashiyaa-Yukireen: Doonii waraanaa Raashiyaa dhidhimte duuba maaltu jira?,0,0,0,0,0,0
orm_train_track2_494,''[Morkattootaaf] sodaa uuma kanadha kan barbaadaa turre.Bakka hundaaf tola tahus garuu iddoon akka inni taphatuubarbaadnu [lakkoofsa 9] irratti.''Leenjisaan Mikeel Arteettaan erga kilabni isaatapha michummaa Everton wajjiin taasisan 2fi 0n injifatanURL,0,0,0,0,0,0
orm_train_track2_495,Erga jettanii deema . Jajjabeen oromiafi oromoo hangaan jiru diinaaf dabarsee hillaadhu jedhee jira . Yoon du'ees kaayyoon qaba oromoo fi oromiafi du'a seenaaqabdu . URL,2,0,0,0,0,0
orm_train_track2_496,Biyyoonni Baha Afrikaa Kongootti loltoota bobbaasuufi,0,0,0,0,0,0
orm_train_track2_497,Baankiin Misoomaa Afrikaa hojjetootasaa Itoophiyaa baasee ture deebisuuf akka jiru hime,0,0,0,0,0,0
orm_train_track2_498,Ilma Oromoo taatee sirna Nafxa nyaaf kan qawwee battu ati diina Oromoodha.kanaatuu sideegataa.WBO tii galii lubukee olfaaduudu'aa saree hin duiinii URL,2,3,0,0,0,0
orm_train_track2_499,Poolisiin Keeniyaa Waqtii Ayyaana Qillee kabajamu Kana lakkoofsa Naga Kabachiistotaa akka Dabalu BeeksiseURL,0,0,0,0,0,0
orm_train_track2_500,Mootummaa federaalaa haaraa ijaaruun ni danda’ama garuu #Ethiopian dursa diigamuu qabdi erga #Oromia biyya taatee booda tasgabbiidhaan yaadnee karaa nuuf mijatu filanna . dursa BILISA ta'i . #Oromo #OromoLiberationArmy,2,0,0,0,0,0
orm_train_track2_501,dhugaaa dhaaa Miiirgaaa dubartooota kabajaaa mu qabaaa,0,0,0,0,0,0
orm_train_track2_502,Haftaaamuuunis ulfaaadhuuu kabajaaamiii,0,0,0,3,0,0
orm_train_track2_503,Hey Heddduuun sin kabajaaa jeddduuu sin jaaaladha Haaa tauuu garuuu jechooota filadhaaa Nama bohaaarsuuuf yooo taeyyyuuu namooonnni sin dhagggeeefffatan namooota sadarkaaa garaaagaraaa Doctors Engineeers Managers Abbboootiii gadaaa fi haaadha siiinkeee warrra biyyya bulchan namooota amantiii  akkkasumas ,2,0,0,2,0,0
orm_train_track2_504,Gota Oromooo sanyi lenca jabadhu ijiii bulguuu siii argiiini siii jaaalana ,0,0,0,2,0,0
orm_train_track2_505,oromokooo jabahadhaaa,0,0,0,1,0,0
orm_train_track2_506,Warra Jaarsootti namichi dhukkubsataa 'nan fayyisa' jechuun birrii kuma 200tti siqu fudhate to’atame,0,0,0,0,0,0
orm_train_track2_507,Ergaa Baga Geessani Bulchaa Bulchiinsaa Godina Shawaa Bahaa Obbo Abbaabbuu Waaqoo Ayyaana Irreechaa Bara 2014 kan gammachuu jaalalaa Tokkummaa Guddinaa Kan waan karoorfattan hundaa irraa milkooftanii fi kan Badhaadhina akka isiniiff ta'un hawwa!! URL,0,0,0,3,0,0
orm_train_track2_508,'Hamaasiinan balleessa jettee uummata hin sobin'- Qondaala waraana Israa'el Netaaniyaahuu dura dhaabbatan,0,0,0,0,0,0
orm_train_track2_509,Du’a #HaacaaluuHundeessaa ilaalchisee waa sadiitu natti dhagaahamee . Gadda aarii fi qaanii Jaal Marroo URL,2,0,2,0,0,0
orm_train_track2_510,Awustiraaliyaan sodaa Chaayinaarraa kan ka'e humna ittisaashee akka haaraatti ammayyeessuuf,0,0,0,0,0,0
orm_train_track2_511,Waaaeeen dhimmma keeenyaaaOromooo kuni oromotumaaan osooo dhumeee gaaariii dhaAmerica1000Nafxanyaaa1000 jechaaa oooluuuluuunyerooo 1000 hiriiiraaa bahuuunis jijjjiiirama fida jedheee hin yaaadubeeektonnnooromooo walittti funaaanamaaatirakkkooo oromooon qabumaaal akkka barbaaaduakkkamittti akkka buluuu barbaaa,2,0,0,0,0,0
orm_train_track2_512,Warrri dislike gotan rabbbiii harkaaa keeesssanitiii habida barbara haaa naqu,2,0,0,0,0,0
orm_train_track2_513,Galooo galiniii keee bilisumaaa siiifaaa tauuu siii jalanaaa oromooon maratiii shaniii godanusiii shantamaaa dhufaaa oromooon galanaaa gantuuuniii loladhaaa godeee badiii galiniii galanaaa galanumaaa burqeee gutaaa ituuu ,0,0,0,2,0,0
orm_train_track2_514,Goota muhachuuf qofa uumamte wasn taateef saree gara garaan duttuuf dhimma hin qabduu!! URL,0,3,0,0,0,0
orm_train_track2_515,polisiin oromiyaa diina uummata oromooti,0,2,0,0,0,0
orm_train_track2_516,Madddaaa kolfaaa kooo,0,0,0,2,0,0
orm_train_track2_517,Awwaallaa Dargaggoo Gammachiis Malaakuu diigsiisaanii reeffa isaa akka baafamu maatii isaa dirqisiisuun isaa Moottummaan kun tuffii Ummata Oromootif Aadaa isaatif qabu muldhisa . Diina jalatti jilbiifatanii bulu irra lolatani dhabamu yookin mooyachu woyya.URL,3,0,0,0,0,0
orm_train_track2_518,Wowow galooo   bagaaan nagaaan dhufteee   jechaaan itttiiin siii hin qabuuu   waqayooo umuriii ke haaa dheresuuu hamaaan siiin arginiii gariiin siiin darbiniii gotaaa kenyaaa ,0,0,0,3,0,0
orm_train_track2_519,hhh kolfaaan nuuu fixan gamtaaan hojiii tonkoliii maleee hin hojjjetuuu jabadhaaa namati tolaaa,0,0,0,2,0,0
orm_train_track2_520,shamarran oromoo jaalala barti laata,0,0,0,0,0,0
orm_train_track2_521,Waaaqayyyooo dhugaaa isin haaadubbbisu Silas Waaaqayyyooo ija isaaan ilaaala Bsaaa isa abbbaaa biyyyaaa taeee barsiiisuf kabajatu malaaaf,0,0,1,0,0,0
orm_train_track2_522,Ani gantuman jibaAbbaa fedhees ha tahuuoromos amaras tigres tahuAni gantumaan jibba jedheLencichi oromo URL,0,0,0,0,0,0
orm_train_track2_523,qeerransa baddaa harquu hamaaf waaqa hin kennin,0,0,0,0,0,0
orm_train_track2_524,Galatooomaaa garu jabaaadhaaa baradhaaa   hadaraaa hadaraaa akkka halagaaa garaaan gubatuttti kijibdufi gadddhe hinlaaalinaaa fakkkenya biyyya dur gabrummmaaa jala turte akkkamittti ifbilisomsite jedhani qoratun babaaachisaaadha kanaaafu jabaaadhaaa baradhaaa   Galatooomaaa   halkan gaaariii qabaaadhaaa,1,0,0,2,0,0
orm_train_track2_525,Amooo nuuu fixeee kolfan,0,0,0,3,0,0
orm_train_track2_526,Yaa saba Oromoo diini kee enyuu? Ofi sobunii boddeen salphina kan mana qabeenya ummaata guba jiru enyu ofi sobu dhiisa gantuuf galtun isiin tufate bara baraan isiiniti taphata jirtii sabaf qabsofna jedhati akkanati qabeenya ummaata Oromoo guba diinuma dha damaaqii Oromoo !!! URL,2,0,0,0,0,0
orm_train_track2_527,Kuni nama hin kofalchiiisu dhugaaa ergaaa gudddaaa ofi keeesssaaa qabaaa lixa walllagaaa irrraaati ilalaaa meee oromiyaaa gutu yoooni jedheeeyu sobaaa mitttiii ,1,0,0,0,0,0
orm_train_track2_528,Ana malee warri faallaa koo deeman gowwota jedhanii yaaduun ofii madaala akkamii ofiif laataniitii? Gorsa didduun du'a hin didduu Mammaaksa oromooti Free all Oromo's political prisoner,1,0,0,0,0,0
orm_train_track2_529,Rom . 12 Waa dhimma baasuudhaaf hin dhibaa'inaa! Hafuura gubaa qabaadhaa! Gooftichaafis of irraa bu'aa hojjedhaa! Abdii qabdanitti gammadaa rakkina obsaa Waaqayyoon kadhachuuttis cimaa! URL,0,0,0,0,0,0
orm_train_track2_530,Barattoonni Oromoo Yuun . Dabra Taabor rakkoo hamaa keessa jiraachuu URL via @USER,0,0,0,0,0,0
orm_train_track2_531,Salphinni kana caalu hin jiru!!.Ijoollee abbaa gadaattu biyyaa bulcha jecha Abbootti Gadaa ajjeesun salphina qofa osoo hin taane gantummaadha . Abbootti Gadaa jibbuu fi ajjeesun kaayyoo guddaa sirnaa nafxaanyatti . Sirni amma biyyaa bulcha jiru immoo farfaattota Sirna kanatti . URL,3,0,0,0,0,0
orm_train_track2_532,Instructoriiin kolfa na ajjjeeese,0,0,0,2,0,0
orm_train_track2_533,Warra yakka malee hidhame dabalannee qabsoo keenyatti cichinee itti fufuun jaallan keenya ABO illee hiiksifachuun haga biyyi keenya oromiyaan biyya taatee miila lamaan dhaabbattutti falaam itti fufa!Our struggle continues till the day we will free oromia!,2,0,0,0,0,0
orm_train_track2_534,@USER Namni Finfinnes ta'e Namni Itoopiyaa sodaa dhaan biyya isaa jigsa jedheni yaaduun gowummaa dha . Humanni keenya biyya isaaf du'a malee biyya isaa waraabessaf latuun adaa isaa mitti!! Injjifannoo ummata Itoopiyaaf!! salpiin dina itoopiyaaf haa ta'u!!,1,0,0,2,0,0
orm_train_track2_535,Ni yaaadadha bara 19996 yunversitiy Hawasa Dabubiii yunversithjedhamaaa wagggaaa 2fffaaa ani dhugumaaa qubeee jeneeereshiiin jechun ibsun keeesssan bara 1985 kutaaa 3fffaaa Afaaan oromooon jalqabeee Mana Barumsa Aana cirooo Aradddaaa Arbarakattteee kutaaa keeeyisatttiii namiii 7barannneee guyyyaaa 5niiif qophaaa ,0,0,0,0,0,0
orm_train_track2_536,@USER Du'aain du'aa kaasa jedhu dur abbooliin keenya,0,0,0,0,0,0
orm_train_track2_537,Ummmannni walllooo rakkkooo hamaaa keeesssa jiran Rakkkooo isaaani kana ummmatni Oromooo tokkkummmaaan bira dhaaabachudha qabna kutaaa walllooo guuutuuun bilisa bahuuudha qaban,0,0,1,0,0,0
orm_train_track2_538,Baga rabiin guyaa araantanaa tiin sigahe mumee ministeera Dr abiy ahmed guyaan kuni guyyaa kabajamaa akkaan good luck our Prime Minister bihar module of you,0,0,0,2,0,0
orm_train_track2_539,Saliya keeenya weeelllu kanke kan ati kadir martu faaana taphattte baaayyyeeen dhagggefffadha turekan na aaarsu garu ijaaan si arge si beeeku dhabuuu kiyyyaJaaarrraaa restaurant sanuuu gaaarummman keee of hin gudddistujiraaadhu dhuma keee siiif hatolchu numa hunda dhuma keeenya nuuuf Haaa tolchu,0,0,0,2,0,0
orm_train_track2_540,leeenca oromooo dagaaagi hamtuuun sin argin gaaariiin sindarbi lalise,0,0,0,2,0,0
orm_train_track2_541,Amalli kee gaarii bareedduu carcarii hundaa siif dheebotaa bareedduu . URL,0,0,0,2,0,0
orm_train_track2_542,Duuli warana abiyin wallaagati labsee kan dugugaa sanyiti kanaf akka sabati oromon waraana bilisumma oromo waliin hiriree of irraa qolaachu qaba osoo akka tigraati hin midhamin daafa dammaqa oromon akka sabati Hojii kamu qabaadhu akka sabati sirraa gaha jira akka sabati URL,1,0,0,0,0,0
orm_train_track2_543,yaadni gaariidha nafxanyaan maal beekti teessee kadhachuu afaan amaaraa miti amaaruma hundee buqqisuun baasuun dirqamaa taha,0,3,0,0,0,0
orm_train_track2_544,waliin galabbaxxami ilma fincaan nafxanyaan dhalate,0,3,0,0,0,0
orm_train_track2_545,Naaa kolfaaasi naaa araaasi uuufff hireee oromooo maliii laaata waaaqayyyo,0,0,1,0,0,0
orm_train_track2_546,Itaaliitti ChatGPT yaaddoo iccitii dhuunfaa irraa kan ka'e dhorkame,0,0,0,0,0,0
orm_train_track2_547,Nu mataa keenyaatu rakkoo qaba malee Alagaan humaa hin taane Abbummaa Magaalaa Finfinnee falmmachuurratti Bara 90taa eegalee Oromoo hedduutu wareegame Oromiyaan Faayidaa addaa Finfibneerraa arkatti jannaan . URL,3,0,0,0,0,0
orm_train_track2_548,Mali kabajaaa kenitanifi dubatani jetani dubate jedha,0,0,0,0,0,0
orm_train_track2_549,ayyaanni qillee hordoftoota amantaa kiristaanaa biratti dhaloota kiristoos yaadachuf ayyaana kabajamuufi hawwii guddaan eegamuudha,0,0,0,0,0,0
orm_train_track2_550,#Soora Sammuu taatii dubbisii share godhi Sammuun waan gaarii hin sooranne beela'uu hin ooltu.Waan dandeenneen sammuu wolii sooruu nu barbaachisa.Sammuun beela'e summii maddisiisa.Kanaaf namoonni waan . URL,0,0,0,0,0,0
orm_train_track2_551,Baha African kessati sabaa badhaa haqa dhabe kitabaa toka irratii argee ofii tajabee baduu badee malee malee sare ijaa hin dhiqan lamaa du.un nufi oso hin tane dhalaa kenyafi salphina,3,0,0,0,0,0
orm_train_track2_552,Kaayyoof dhalattee kaayyoof jiraattee kaayyoof wareegamte! Ati deemtus hojiin kee galataan utubamee jiraata . Baga dhalatte goota koo! URL,0,0,1,2,0,0
orm_train_track2_553,Sanyiii dhiiiraaa sodaaan si bira hin jiru,0,0,0,1,0,0
orm_train_track2_554,Qoyyya garuuu caltu muslima tatemo duruma isin muslima turte mo ji a ramadanaf kabaja kennnuf sharbi ufffate,0,0,0,0,0,1
orm_train_track2_555,Siiiin maleeesittti maleee Yesuuus maaaliiin obsuuulapheee koootu Aannnan dhuge galatooomiAbdiii Citeee Jabeeessse dhaaabu,0,0,0,2,0,0
orm_train_track2_556,Xalayaan jaalalaa waggoota 250 dura ergame yeroo jalqabaaf baname,0,0,0,0,0,0
orm_train_track2_557,#AyyaanaFaasikaa2021: Maatiin firoottan akkasumas hiriyoon koo hundi baga ittiin isin gahe . Ayyaana gaarii!,0,0,0,3,0,0
orm_train_track2_558,#SaveOurLeadersQeerroon Oromoo Hoggantoota keenyaaf sagalee tahuuf galgala kana qalamaafi Xalayaa dhabnaan hanga bari'utti obsuu dadhabuun bifa kanaan duulatti galan . Ajaa'iba! URL,0,0,0,2,0,1
orm_train_track2_559,Jabduu tiyyaa baga gammade hadhaa oromoo fi hadhaa bulloo keenyaa saboontuu tiyyaa jabd u teenyaa hadhaa oromoo bagaa bulloo keetin wal argitee hundaa dandessuu koo URL,0,0,0,3,0,0
orm_train_track2_560,@USER Dhaabiin wan qabsayuuf hin banne booda akkuma ABO/WBO kana murnoota gandaati hafe hanaaf samichaati booda anaa . Ijoolleen gandaan ijaramitte seenaa sobaatiin burjajii umitte oliantumaa ganda tokkoof qabsayuu oromoo ufumaa ajjeesa . Qawwee hiikadhaa kanumaa !,3,0,0,0,0,0
orm_train_track2_561,oromiya goodina harargee keesatii humna waraana mootumaatii fii nafxanyaani haali hamaan sukaneesan kuunii kuunii huundi raawatamee #OROMOPROTESTS2020#Abiyisakiller#FreeJawarMohammed#FreeBekeleGerba#FreeAlloromoPoliticalPrisoners URL,0,2,3,0,0,0
orm_train_track2_562,Gazixeeesssan kabajamooo abraham birrruuu maaal tae boooda kana baaayyyeee yaaada keeesssa badaaa jira,0,0,0,0,2,0
orm_train_track2_563,Olman keeesssan dachadhaaa,0,0,0,2,0,0
orm_train_track2_564,Manage mattti naf taiii sanyi kooo kabajan si gafadhaaa,0,0,0,0,0,0
orm_train_track2_565,Abbaan saree kanaa TTaye Dendea AredoDTaye Dendea AredoATaye Dendea Aredonurraa hidhadhaa URL,2,2,0,0,0,0
orm_train_track2_566,seexanatti aansee durba sodaadhu,0,3,0,0,0,0
orm_train_track2_567,Pirezdaantii Rippabiliikii Dimokraatik Koongoo Fiiliiksi Siishekeedii Dura Taa'aa Gamtaa Afrikaa ta'uun filatamuu keessaniif baga gammaddani . Bara hojii gaarii isiniif haa ta'u . URL,0,0,0,2,0,0
orm_train_track2_568,Baga nagaaan dhiyaaatttan,0,0,0,2,0,0
orm_train_track2_569,Ammma sammmuuu namaaaf of eeegggachuuun gaaariii mitiii Iyyyeeen ooolekaaa,0,0,0,0,0,2
orm_train_track2_570,Nuuuf jiraaadhu qacaleee sanyiii oromooo kan jechamaaan diiinaaanyaaapha lafeee cabsiteee gab nugooote nubooonsiteeerta ammmas kabajaaa fi hawwwiiin si eeegna,0,0,0,3,0,0
orm_train_track2_571,tortoraa gadhee haadha salu ilma haadha godhu doofadha maalitti beektaa waayee amantaa du'aa,0,3,0,0,0,0
orm_train_track2_572,Baga ittti cabsite galano kiyaaa Dhugaaa irrraaa maaaltu nadhowa Esssattti kufe namni dhugaaaf bule galgala hin tolu namni sobaf dule ,0,0,0,3,0,0
orm_train_track2_573,wayyyiii kolfaaan nuuu fixan bagaaa geeesssaaan Irrreeechaaa,0,0,0,2,0,0
orm_train_track2_574,Baga Gammaddan MM keenyaa @USER barri dukkanaa darbee gara ifaatti erga fullaanee woggaa sadiin dabarsinee jirra . Ta'ullee gareen hannaaf shiraa worroonni dhara ulfaa'an jijjiiramaf qoree dhoqqee keessaa ta'aa turan . Amma immoo uummanni Ethiopia mo'atee jira . URL,0,0,0,3,0,0
orm_train_track2_575,Baaayeee gaaariiidha Obbboleeesssa kooo Jebaaadhu jebaaadhu Its incredeable Work በጣም ምርጥ ሙዚቃ ነው,0,0,0,3,0,0
orm_train_track2_576,Ajjeechaan Karrayyuu irratti godhame ergaa guddaa dabarsa . Tuffii sirni kun nuuf qabu ifatti calaqqusa kana callisnee gadda qofaan dabruun fafa . #KarrayyuMassacre,3,0,3,0,0,0
orm_train_track2_577,Wari akkka koti Isaaa Jalatanf kabajan ,0,0,0,2,0,0
orm_train_track2_578,@USER Ummata miidhame rakkoo isaa furuun qaroominaa fi boqonnaa sammuuti.,0,0,0,2,0,0
orm_train_track2_579,Aartii: Barreessaan tiyaatira 'Abbaa Jifaar Lammaffoo' waa'ee tiyaatirichaa maal hima?,0,0,0,0,0,0
orm_train_track2_580,Shaggar bahaa ona boosat keessaa gootichi diina ari'uun guyyaa harraa bifa kanaan alabaa bilisummaa olkaaseera . URL,0,0,0,3,0,0
orm_train_track2_581,Waanta Oromoon tokko barreessu keessumaammoo hayyoottan keenya kamuu yoo barreessan arginu 'retweet' gochuu 'comment' gochuu ykn mormuu diinarrattimmoo olola hoofuu sodaachuu hin qabnu . That is all . Baayyinni keenya kan addunyaa raasuu danda'u yoo kana goone kophaadha!,1,0,0,0,0,0
orm_train_track2_582,Gocha Abdii murannaa!Hidhamaa dirqiin duulchisuu?Bakka heddutti hidhamtoota Mana hidharraa baasanii lolatti erguuf dirqisiisutti Jiran . Kanaaf Ummatni manneen hidhaa Naannawa keessan jiru sirritti hordofaa jenna!,0,0,0,0,3,0
orm_train_track2_583,Biyyyaaa ala demaaa jettte hirkooo oliiin baheee jettteee farfachuuun ammma kaaa,0,0,0,2,0,0
orm_train_track2_584,Ragaan yakka waraanaa Itoophiyaa barbadeeffame jedhan jiraattotni ijaan argan.Ragaa yakka sanyii balleessuu Lixa Tigraay keessatti raawwatame dhabamsiisuuf jecha duulli reeffa namoota dhibbaan lakkaawamanii.URL URL,0,0,0,0,0,0
orm_train_track2_585,Hayati mattti naf taiii sanyi kooo kabajan si gafadhaaa,0,0,0,0,0,0
orm_train_track2_586,harrrammmooo deeegggartooota hamas taaatani ugum,0,0,0,0,0,2
orm_train_track2_587,Bayyyeee bareeedadhaf hoji gaaariiidha,0,0,0,2,0,0
orm_train_track2_588,Wish you happy Irecha Oromo Thanksgiving Festivity!!Baga Ayyaana Dhibaayyu ykn Ireechatin isan gahee! Baraa araaraa fi gammachuu nuu haa tahuu! URL,0,0,0,3,0,0
orm_train_track2_589,Barataan Oromoo tokko ajjeefamuun hiriyaan'saa reeffa baachifame URL,0,0,3,0,0,0
orm_train_track2_590,Akkkasi goootni sodaaa hin beeeku Kondhollleees miti ati leeencuma Ittti mudddi Galooo kooo ,0,0,0,3,0,0
orm_train_track2_591,Saayinsiifi uumama: Aduun samii Wallagga Bahaa Naqamteetti sadii taatee’ mul’atte maali? URL,0,0,0,0,0,2
orm_train_track2_592,ajaa'iba taateedhan torbaan kana guyyoon akkasiin xiinxalle URL via @USER,0,0,0,0,0,2
orm_train_track2_593,Jariiisadeeen tokkkumaaanageeenyaratiii araaas boruuusanuuumaaa serabaaafnaaa jachuuun fediiiralizmiii afaaaniii diiinagdeee adaaa amantiii waheeeduuudhufaaa tanaaafbekuuudhaaan afaaan jiiiruuumalaaadhugataniii nyadhuuunyadhuuu waragowaaa alaaadhagahaniii,3,2,0,0,0,0
orm_train_track2_594,@USER Lakki lakki . OMN midiyaa ummataaf hojjetu ta'uunsaa shakkii hin qabu . Garuu 'Yeroo rakkinaa kana keessa' nu gargaaraa jedhamee qarshiin walitti qabame yeroo rakkinaa kana hunda caalaa warra miidhamanis gargaaruu qaba . Uummataaf oo'uun kana irraa eegala.,0,0,0,0,0,0
orm_train_track2_595,Amaaraa fi Tigray yoo fudhanne diina isaanii waraanu malee of hin waraanan . Tigray ta'ee kan Tigrayitti dhukaasu hin jiru . Warri kaanis akkasuma . Kan keenya garuu bay'inaan kan Oromoo waraanu isuma nukeessaa dhalate . Kan mana Oromoo gubu gaaf tokko tokko dhalataadhuma gandaati.,3,0,0,0,0,0
orm_train_track2_596,Ohoo Yaa shaggituu - Taayyee Tasammaa (Baandii Muziqaa waraana #Motummaa #Ethiopia kan bara Dargiitiin dabaalame sirbee) Amazing #Oromo MusicURL,0,0,0,0,0,2
orm_train_track2_597,Isiiin waliiin jirrraaa jabaaadhaaa Baaayyyeee gaaariiidha,0,0,0,3,0,0
orm_train_track2_598,Kkkk kolfaaan dhumbeee,0,0,0,2,0,0
orm_train_track2_599,. kunoo Waayyaaneen qoree gamoojii nutti taatee ofi irraa buqisuun rakkoo dha . Oromon haa bilisommu Qabsoon itti fufa Waayyaaneen hin kufa . miidhan keessa gayyoo namaa keessa Opdo haa badu,2,0,0,0,0,0
orm_train_track2_600,Injifannoo WBO zoonii lixaa 04/07/2021Gaara abbaa seenaa Waraanni shiftaan uumnata dararuuf baate gootichi WBO'n diina saba oromoo kan taatee daaraa godhee injifannoo adda galmeessee jira . Ishee kaan harkaan qabee jira Gama meeshaatiin gosa meeshaa baayyee galii godhe ! URL,0,0,0,3,0,0
orm_train_track2_601,yaaa Rabbbiii Yaaa Rahamaaan Nufìi Diramadhu,0,0,3,0,0,0
orm_train_track2_602,ayyaanni irreechaa bara  fulbaana   bara  kabajamu tahuu gumii abbootii gadaa oromoo beeksise,0,0,0,0,0,0
orm_train_track2_603,Waan jarri hojjetanii fi Shira Guyyaa Guyyaa Xaxaa oolan jala bu'anii Hordofuun gaarii ta'ee osoo jiruu Hojii isaanii tokko lamaan isaaniif beeksisuun garuu Caba Keenyadha!!,2,0,0,0,0,0
orm_train_track2_604,"Humni shororkeessituu oromiyaa keessatti saamicha itti fufteetti jirti . Qoonqooshee lola #Weerara #DhihaTigraayiif ittiin cufachuuf midhaan callaa #Oromiyaa keessa military uniform fayyadaman.Watch ""Oduu Waaree ONM - ABO Caamsaa 16 2022"" on YouTube URL",0,2,0,0,0,0
orm_train_track2_605,Hawwiin koo (Gutema)Referendum gageessu bilisummaa argachuu kana boodeeMagaali guddan kani polotikaa (siyaasaa) FinfinneeMagaali guddan kani dinagdeen AdamaaMagaali guddan kani adaa AmboBilisummaa yookani du'aaOromiyaa yookani du'aa diini daara haa taatu,0,0,0,1,0,0
orm_train_track2_606,Gujii Bahaa aanaa Liibanitti gootichi Waraana Bilisummaa Oromoo tarkaanfii waraana pp irratti fudhateen 47 battalatti ajjeesee hedduu ammoo madoo cimaadhaan adabeera.Hospitaalli Nageellee Booranaa madoo fi reeffaan guutameera . URL,0,0,0,2,0,0
orm_train_track2_607,Attti dubara maaaliiif jibuuumaaan gutttamteee  Annni yerooo hunda na ajjjaibsiiisa  meee guyaaa tokkko waaan gaaariii namaaaf dabarsiii,0,0,0,0,0,2
orm_train_track2_608,@USER Waljabeessaa deemuun gaariidha . Baa'ee gaariidha wanti itti jirru kun arraaf xinnoo fakkata malee boruuf bu'aa guddaa buusa jirra.,0,0,0,2,0,0
orm_train_track2_609,Hidhaas tahee hidhannoo du'uu fii ajjeesuun amala qabsooti kana hin sodaannu arras borus qabsoon itti fufa OLA,3,0,0,0,0,0
orm_train_track2_610,Dhugaaa irrraaa maaaltu nadhooowwwa  eeesssati kufeee namni dhugaaaf bule  galgala hin tolu namni sobaaaf duuule Galatooomi,0,0,0,2,0,0
orm_train_track2_611,Sobduuu sobaaan budddeeen nyaaachuuufi,0,2,0,0,0,0
orm_train_track2_612,-GOOD-NEWS: Obboleessi keenya qabsaa’an sagalee Oromoo Nabiil Suufiyaan hidhaa fi dararaa ji’oota hedduu booda guyyaa har’aa amma daqiiqaa shan dura mana hidhaatirraa gad lakkifamee jira! ! Obboleessakoo baga nagaan baatee maatii fi saba keetti makamte!! URL,0,0,0,3,0,0
orm_train_track2_613,@USER Nu dhibe keetiif kan Abiyyi kun! Mee bubbullee laalla yoo jiraanne . Silaa ati xinxalaa siyaasa addunyaa waan taateef siqeequun nama dhibus . Kan ani akka nama tokkootti siif dhaamu yeroma kamuu diina uummata oromoo waliin hin dhaabbatin.,2,0,0,0,0,0
orm_train_track2_614,dhiira gurraacha ijaan argaa nan sodaadha,0,0,0,0,3,0
orm_train_track2_615,Ramadaan Karim!Muslimtootni addunyaarra jirtan hundi baga baatii: - araarama - tan barakaa fi - tan toowbaatiin isin gahe . URL,0,0,0,3,0,0
orm_train_track2_616,Dhisa maleee  Qurixumiii balesuf Galana gogisuuu Hin   janeee Abagara Sareee Qeeerooo fi   Qaaareeennn   esa sidhufa   kan ajefitaniii   kan mana hidhatiii guritaniii  Kan imooo baka dhira jajabeee jiruuu    Rabin   isin hakasu Jara garaaa kana  Namichi kun yero Masitar pilanis machawa amas sanumaaa ,2,2,0,0,0,0
orm_train_track2_617,xoomii labsii komaandi postii nyaataan oromoo agabsanii hongeessuu jechuudha,2,0,0,0,0,0
orm_train_track2_618,xiyyyaaa kompitaraaa kana akkkamittti irrra finnneee daleeeynan rabiii sodaaadhuuu nuuu himi saaaa 1kkkoti dafi,0,0,0,0,0,0
orm_train_track2_619,gantuu nafxanyaan kabaja hin jaallatu,0,3,0,0,0,0
orm_train_track2_620,Oromooo tooo qali galatooomaaa Subscrbe naf godhaaa kabajaaan isin gafadhaaa Subscrbe Subscrbe Subscrbe Subscrbe Subscrbe Subscrbe ,0,0,0,0,0,0
orm_train_track2_621,Akkuma qeerroon du'a sodaa cabsite nutis sodaa waljala hiriruu sodaa yaada walii jaallachuu sodaa yaada walii dabarsuu fi sodaa wal hordofuu cabsinee haadhugoomsinu . URL,0,0,0,2,0,0
orm_train_track2_622,@USER Baga walin geenyee galatoomaa galatoomaa bara hojii gaarii isiniif hata'uu,0,0,0,2,0,0
orm_train_track2_623,@USER yaa Oromoo adii Itoophiyaan ala jiraattuu fi Oromiyaa guutuu keessatti jeequmsa kaasaa jirta . Waan hin taane keessan dhiisaa . Jibba lallabda . ummata hiyyeessaaf ba’aa taatee jirta.,2,0,0,0,0,0
orm_train_track2_624,WowwwOrommmo   Onnneee ko meee waaariii Orommmo   tau keeesssanit   gammmadddani like nafiii godhaaa,0,0,0,3,0,0
orm_train_track2_625,Ammee Wallagga Bahaa Ukkeetti W B On tarkaanfii weerartuu fi finxaaleyyii irratti fudhataa jira!,0,0,0,2,0,0
orm_train_track2_626,Pilaastikii xixiqqoon somba namaa keessatti argame - Qorannoo,0,0,0,0,0,0
orm_train_track2_627,Ati garuuu yerooo hundumaaa namaf ooota humnaaa lafeee abdiii qalateeef dukkkana ibsita gaaafa guyyyaaan gaddda dheeerateee nama bosssisu situ jira jireeenya hadhaaayeee namaf eeebbbisu   eeebbbisami Ebbbaaakooo,0,0,0,3,0,0
orm_train_track2_628,Yaadaa fi yaaddoo keetiin halkan ciisa dhabuuWaanuma kee yaaduutti maafa hirriba dhabaa@USER,0,0,0,0,0,0
orm_train_track2_629,@USER Na ajaa'iba yeroo hunda . Uummati Mil50 harka nama akkasiitti kufuu caalaa kan nama gaddisiisu hin jiru . Way bara! Yaa Abaloo meeqan gubadha jette jaartin,3,0,2,0,0,2
orm_train_track2_630,Lolli magaalaa seena-qabeettii Laalibalaatti cimuun hambaaleef yaaddoo uume,0,0,0,0,2,0
orm_train_track2_631,Odooo sobaaa hin gabaaasinaaa umraaaf deeeman umannni,1,0,0,0,0,0
orm_train_track2_632,durba haadha haadha manaati obboleettii kabajatu malaaf,0,0,0,2,0,0
orm_train_track2_633,.2)waggaa lamman kana keessa tti Oromo baay'ee ajjeessan3)Mootni Opdo yoo waa dubbatuu hin bitinooftuu jedhe nu sodaachiissa .,0,0,2,0,2,0
orm_train_track2_634,Konkolaataan Nasa 'Perseverance' erga Maarsiirra qubatte booda 'haala gaariirra' jirti,0,0,0,0,0,0
orm_train_track2_635,@USER Abbichuu abbaa malaaHomtuu hin baatuu jalaa,0,0,0,0,0,0
orm_train_track2_636,Uummanni sodaa malee akka jiraatuuf aarsaa poolisoonni kanfalaa jiraniif ministirri muummee Dr.Abiyyi galateeffatan.OBN Realy?Dhugaan jiru ammoo Uummanni Oromoo galgalaa ganama soda hammaa keesa akka jiru mudhisa . Afaan maalitiin yoo sitti himnee sii gala dadhabaa? Abiyi Ahmad?,0,2,0,0,0,0
orm_train_track2_637,ija hamaa hafi ilma sabaaf dhaabbatu,0,0,0,1,0,0
orm_train_track2_638,abbootin qabeenyaa nafxanyaa  du'anii jiru,0,3,0,0,0,0
orm_train_track2_639,Dhiiga dhiiga nyaatuHarree habasha ta'eeKan qomoon taphatuuGumaan kee hin haftuuGuyyaan haa bariitu.Oromoon Orma jalatti kabaja hin qabdu URL,2,2,0,0,0,0
orm_train_track2_640,Oromoon biyya alaa jirtan maraaf!!Nafxanyooti hiriira mormii ol'aantummaa Oromoo jettee biyyoota hedduu keessatti ba'uuf qophii xumurtee jirti . Nuti Oromoon ammoo tuffii fi jibbiinsa nafxanyooti uummata . URL,0,3,0,0,0,0
orm_train_track2_641,Waaayeee lubbbuuu namaaa ta guyyyaaa irrra badaaa jirtu dubbbaaachuuu dhiiisani akkka waaan biyyyi nagaaa qabduuu waaayeee barnooota haaasayu maaaltu fide jechi dammmaramuuu jedhu kun gara dararamuuu  kun biyyya waliti buuusu Masaaajida rabbbiii guuubuuu biyyya teeesan keeesati Afaaan keeesaniiin hinbarta jechuuu oromo,2,0,0,0,0,0
orm_train_track2_642,Warrri nafxanyaaa deeegggaru hunduuu ammmayyyuuu Kuuulllooodha Kuuulllooon waaabiraaa jechuuu miti warrra Faaalllaaa Oromooo taaniiifi warrra Jabbba hamaaa Oromooof qaban deeegggaranidha,0,2,0,0,0,0
orm_train_track2_643,Jaal qeerroo Bareedaa ilmaa Mirgaan galii URL,0,0,0,0,0,0
orm_train_track2_644,Ambo diina gombisuuf Wolloodha qawwe bitna Jimma buna facaasnee Finfinneetti qalaa dhugna Oromoodhaf hin maluTokko kolfee tokko bo’aa Cirre wol hin facaasnu Oromoon gurmuun mo’aa,0,0,0,0,0,0
orm_train_track2_645,Baaayyyeee gaaariiidha jabaaadhu,0,0,0,3,0,0
orm_train_track2_646,"@USER WBO POWER! Jabaadhaa shammarran keenya gootota . Abbaan biyyaa WBO dha . Dhaloota Qubee kan harka duwwaa Woyyaanee jilbiiffachiise eenyus dubbatti deebisuu hin danda'u . Waraana qaroo (hayyuu) ""mataan bilisoome"" kanaan akka Oromiyaan bilisoomtu beekkamaadha.",0,0,0,2,0,0
orm_train_track2_647,Hayyuun rakkoo hiika malee rakkoo biyyatti hin fidu . Qorannoo dhimma federaalizimii fi rakkoo isaa irratti fulleffate finfinnettii dhihaatee ture . Waltajjii kanarratti qorannoo otoo hin taane jette jettee fi boohicha sodaatu dhihaataa ture . URL,2,0,0,0,2,0
orm_train_track2_648,Namichi Baqqalaa Garbaa Konkolaataa Eessaa Fidde Jedhee Gaafate Sun Abbaa Seeraa Osoo Hintaane Baalagee Tuffii Oromootiin Guutamteedha.,0,3,0,0,0,0
orm_train_track2_649,@USER Abbichuu abbaa biyya Abbichuu abba malaa abbichuu ilma gobana dacee ilma general taddesse ilma garasuu ilma balchaa ilma jagam keello ilma mammoo mazammir ilma balaay zallaqaa ilma oromon biyyaa ijaaraa biyya guddisa biyya neggaa eegsisuuf du'a viva itiyoopiyaa URL,0,0,0,3,0,0
orm_train_track2_650,yesuus abbaa hafuuran maariyamii dhalate fannifame gubame dhugaa himuu hedduu dararamaa ture ammaatti lubbuun jira,0,3,0,0,0,0
orm_train_track2_651,Ossso sagaleee akkkaaan qabduuu gantuuu sannniii sirba jira jiraaa jedhuuu kennnitafiii,0,2,0,0,0,0
orm_train_track2_652,Jabaaadhaaa Beeekaaa Eegumsa   maleee hojiii qabeeenyaaa walansaaa dhoksaaa Dubbbisi deeemsis Beeekumsiii Eegumsaaa kolfaaan dhufneee jkl,0,0,0,2,0,0
orm_train_track2_653,Bayyyeee namatiii tolaaa garuuu waniii naaa hin galeee jiraaa mucaaaniii kuuuniii dhugaaamani hojjjaaatadha mooo niii qaldaaa aniii kolfaaani dueee mamiiiyyyeee kenyaaa jabaaadhuuu itttiii fuuufi anaaafiiis akaaa rabbbiiini bekuuumsaaa akaaa keeeti kaaana naaafiii kenuuu rabbbiiin naaafiii kadhuuu   ok sanyiii kooo,0,0,0,2,0,0
orm_train_track2_654,@USER hoggansa tokko tokko sadarkaa Godinaa Fi aanaa jiru kan komii ummataa deebisuu hin dandeenye kan osoo gaggeessa tahee jiru ummanni mootummaa jadhee hanqina gama hojii isaatiin mul'ate komatu ummata tasgabeessu dhiisee sa'aa dura malee sa'aa booda hojii hin seenne kana ilaalaa,3,0,0,0,0,0
orm_train_track2_655,Maaalooo kolfatu garaaa na dhukkkubse,0,0,0,3,0,0
orm_train_track2_656,hubadhaa dhiibbaa balleessiin amantii pheenxee irratti adeemsifamaa jiru jalqabe hin se'inaa akkkuma amantichi biyya seenuu eegaleen dhiibbaan irratti godhamaa ture,2,0,0,0,0,0
orm_train_track2_657,Oromoo taane dhalachuun qooda waaqni nu kenne oromoo taane jiraacuuf ammoo falmachuun dirqama . Of dhabne matuma hin jraannu . Kan eenymma keenya jibbu irra ni aanna.,2,0,0,0,0,0
orm_train_track2_658,walumaagalatti warri dhalachuu iyyasuus kabajjan dhalachuu gabrummaa oromoo oromiyaa kabajaa jirtaniidha,0,3,0,0,0,0
orm_train_track2_659,Ajaaajaaa waraaanaaa wbo olaaanaaa   Jaaal Gammmachuuu dhamooo Jaaal Marrrooodha Karaaa keeesssa akkka nuuu ibsitan kabajana isin gaaafannna Qeeerrrooo Amboti,0,0,0,0,0,0
orm_train_track2_660,Artiiistiii cimaaa Itttiiiqaaa Tafariii yoooyyyaaa baga deeebite kaaa Hojiii gaaariii hojjjachaaa jirtaaa jabaaadhuuu,0,0,0,3,0,0
orm_train_track2_661,Waan Gooftaan waaqummaa jedhu sammuu keenya keessatti akka gaariitti haa bocnu: obsa keenyaan lubbuu keenya ni qabaanna . (Abbaa Piyoo kan Piyetrelcina) URL,0,0,0,0,0,0
orm_train_track2_662,Hirkooo kolfaaan nu fixeee,0,0,0,2,0,0
orm_train_track2_663,Dhugaaa qabumana murtiii fedeeeralaaa osooo hin taaanemana murtiii nafxanyaaatiDuras Oromooon mana murtiii kana irrraaa homaaa eeegaaa hin turrreturusWaaaqayyyooo lubbbuuu Haaacaaaluuu haaa barbaaadu,0,2,0,0,0,0
orm_train_track2_664,guyyaan dubartoota idil addunya addunyatti ffaaf itiyoophiyaatti ffaaf dhaaddannoo “ hawaasa mirgaa dubartoota hundaan kabajan ijaarru ” jedhuun guutu mirga dubartootaf xiyyeeffannoo kennuun hubannoo hawaasa jijjiruuf haala danda amu irratti hojilee hubannoo uumuufi sosochiin kabajama jira jedhame,0,0,0,0,0,0
orm_train_track2_665,Mul'anni maddaafi abdii jireenyaati . Kennaan kennaa caalu dhala namaaf kennaame kennaa mil'achuu osoo hintaane kennaa mul'achuuti . Mil'achuu yookaan ilaaluun dalagaa ijaati mul'anni garuu dalagaa onneeti . Ijji ilaalu hedduudha kan argu garuu muraasa . URL,0,0,0,0,0,0
orm_train_track2_666,Jabadhaaanuuutisisssuingbiraaajiraaawaaariiionoduuubareduuubiraaahahahajirtaaaniiigalllatooomaaa,0,0,0,1,0,0
orm_train_track2_667,amaarri qabsoo oromoo dabarsuuf araara kadhachuu jalqabdee jirti,0,2,0,0,0,0
orm_train_track2_668,Ummata oromoo hunda baga waaqni guyyaa yaadannoo goototaatiin isin gahe bara itti aanu warra bilisummaa argatee gammachuun ayyaana kabajatullee nu haa taasisu,0,0,0,2,0,0
orm_train_track2_669,16 September 2017 at 15:20 amma gogaa irraa fuunee foon qircaa addan hiree gargaarri deemuun baay'ee gaarii dha yoo Oromon bilisummaa argatee namni rakkoo gubbatti kufuu Waayyaanee dha kanaafuu ummata Oromo meeshaan ukaamsitee bittu itti fufuu yaadi bilisummaa yookaan du'aa,0,3,0,0,0,0
orm_train_track2_670,Lencaaa ilma oromooo waaal agaraaa,0,0,0,2,0,0
orm_train_track2_671,Akkkana kaaa galooo Kooo Nuuuf jiraaadhu yooomillleee falmataaa Kooo ija nafxanyaaa sirrraaa haaa qabuuu,0,0,0,3,0,0
orm_train_track2_672,OMN - Marii himata Shororkeessaa fi Kabaja Irreechaa 2020 URL via @USER,0,0,0,0,0,0
orm_train_track2_673,@USER Mootii haqaafi injifannoof qabsaa'ee injifatee galu baga nagaan galte yaaddoo fi daafichoo hamaa keessaa nu baaftee rafiitii torban lamaa oliif dhabnee turre nu raffifte jenna noooruuuu!!!!!!!! Jenneerra.,0,0,0,2,0,0
orm_train_track2_674,Covid-19: Ameerikaatti lakkoofsi namoota Covid-19n du'anii kuma 800 caale,0,0,1,0,0,0
orm_train_track2_675,Maaalooo jarana waaaqumallleee hin sodaaatttaniii maaal gara jabinnni akkkanaaa dhiiirrri dhiiira akkkana godhu  Seeenan isinaaa gaaafatu,0,0,2,0,0,0
orm_train_track2_676,Waan ofitti qullaa ka'uu . Oromiyaa bilissa baafnee taarikii eessa soba mitti eessa dhugaa kataabnee nagaan Nafixaanyaa wajjiin biyya tokko keessa otoo hin taane ollaa taane nagaan jiraachuu ttu caalaa . bilisummaa yookani du'aa Oromiyaan haa laalifttu diini ofaa dhagaa tti.,0,3,0,0,0,0
orm_train_track2_677,Nafxanyaan akka Sareeti yoo jalaa Usan sodaa itti fakkaata Nama Arrabsuun akkuma Nafxanyaaf mirga tahetti Oromoofiis mirga yeroo Nafxanyaan Jawar Durarmtti baatee Duttu ustananii daawwachuu fi yeroo isin . URL,2,2,0,0,0,0
orm_train_track2_678,Sabni kee Diina koo naaf Loli Jedhee adaraa waliin Gaachana fi farda si badhaaseera.Gootni Adaraa hin nyaatu atis goota waan taateef addaggee loltee lolchisuuf fuulduratti baate.#Mirgaan_gali . #Sanyii_Gootaa#MyPrimeMinister@USER URL,0,0,0,1,0,0
orm_train_track2_679,Nuf warrii kaabaa lamanuu firaa keenya mitii garuu diina keenya!Humnaa keenyan hangootti dhufuu fi dachee keenyaf nutti rarraati booda numa Sanyii duguugdi osoo jarrii lamaan faayidaadhaaf marattuu kun wal-nyaatte!,0,2,0,0,0,0
orm_train_track2_680,Media odeeefannnooo sirrriii tahe fi filatamaaa ummmtaaa oro,0,0,0,0,0,0
orm_train_track2_681,@USER Kabajammoo muumee Minister Dr Abiyi Ahmed yeroo amma godini boorana rakkoo bona ykn ongee ammattu keessa waan jiruf xiyyeefannoo Akka itti nu kennitan kabajaa guddan isaan gaafanaHoraa bulaa URL,0,0,0,0,0,0
orm_train_track2_682,Dhugaa dubachuuf ummanni itoophiyaa amana sitti kennine nyaatee haqaa dabsite jedhu yoo jiraate dubbin ifaa bilisa kan sodaa hin qabnee kan adunyaan hunduu argitu wol galfachuun rakkoo qabuu.,2,0,0,0,0,0
orm_train_track2_683,Qarqara Somaaliyaatti wanbadoonni doonii butnaan Hindiin humna galaanaa bobbaaste,0,0,0,0,0,0
orm_train_track2_684,@USER abyoota kasahee akkam dhugiin ilmaan oromoo sii gabbisee . Kiloo meeqa tate Mee posti godhi . Attii xiriinyiidha shira hangaa barbadee xaxii garuu umrii bakkad teessun hin qabduu gadii sii gargalchiina baran ilmaa hadhaa ree sarree ilmaa hadhaa jalaa dhuftee URL,0,3,0,0,0,0
orm_train_track2_685,waaan gaaariii dha babaaadhaaa,0,0,0,1,0,0
orm_train_track2_686,Marii Biyyooleessaa Lalchisee Abdii fi Yaaddoo Dargaggootaa URL,0,0,0,0,0,0
orm_train_track2_687,@USER Kolfee du'ee wayyoo sabaa koo wayyii Haabsha,0,0,0,3,0,0
orm_train_track2_688,hafuuurrri hamaaan gamtaaa keeesssa jiru bauuu qaba,0,0,0,0,0,0
orm_train_track2_689,Dhummmaaa bilsiiiginatuuu akkkaaan fakkkaaataadddeeemsiii dargiii bilsiiigina waluuummma fakkkaaatakaaana hin sodaaanu,3,0,0,0,0,0
orm_train_track2_690,Wayyyo Oromoookooo Galooo you are an amazing artist Wannna nuti himaaamu qabu  nuttti dhaaamte Oromooo dhaaageeeseee  Duraaanuuu sabaaabni miiidhamaaa keeenya wol dhabu keeenyaaa Ittti haaa beeeknuuu Oromoookooo daaammmaqi Tokkkomaaa keeenyaaa haaa jabeeesinuuu,0,0,0,2,0,0
orm_train_track2_691,Sodaa ati ummata oromoo irraatti gocha jirtu gochaa gara jabeenyaa fi ummata kanaf kabaja ati qabdu gad aanaa taahuu isaa sirritti mul'ata jira.Ummanni oromoo ni si moohata!,2,0,0,0,0,0
orm_train_track2_692,yaa dhala namaa erga gurri ijaa fi sammuu si ta'ee eessa jira namummaankee? safartuun madaallikeetii sammuu namoomaa rabbi sii kenne osoo hin taane'waanta dgageessee fi dhagahuu barbaaddu qofa ta'a.Ajaa'iba rabbii of ta'uu kabaja namoomaa maa dhabe namni?,0,0,0,0,0,1
orm_train_track2_693,hojiiin keee gaaariiidha akkkanumaaan itttiii fuuufiii,0,0,0,1,0,0
orm_train_track2_694,@USER Galanni kee hin badin obboleessa koo Ummata keenna gamaa fi gamanatti wal hubachiisutti jirta.Oromoon ni bilisoomti !#Orma#OromoProtests,0,0,0,2,0,0
orm_train_track2_695,Itoophiyaa waliin biyyoonni Ayyaana Dhaloota Yesuus Kiristoos har'a kabajan kam fa'i? Maaliif adda ta'e?,0,0,0,0,0,0
orm_train_track2_696,Akka beeknu Oromon hori ofi eeboon eegata garu yoo rakkoo ta'ee malee qawwee hin leelisuu . qawwee irraa gindibaaratoo(eeboo) jaalata kanaafuu diina akka Nafixaanyaa kana eeboon dhibuu jedha . akka diini eeboo tti dirrmuu . Oromon haa bilisommu diini daara haa taatu,0,2,0,0,0,0
orm_train_track2_697,Jireenyi rabbiin umamaan nu badhaase biyyatti Ethiopia jedhamtu kessatti yakka taatee,3,0,0,0,0,0
orm_train_track2_698,amaaroonni aanaa limmuu ganda jiraatan ilmaan oromoo saddeet  ajjeesuun hoomisha qonnaa abbaa qabeenyaa guutummaatti gubbuun barbaadeessanii jiru,3,0,0,0,0,0
orm_train_track2_699,Badhaasa lotorii $ biliyoona 1.3 Ameerikaatti bahe eenyutu injifate?,0,0,0,0,0,0
orm_train_track2_700,Obbloonniifii maatiinkoo Musliimotaa hundaaf:ID MUBAARAK Baga geessan . Rabbi nagaa dachiifi saba keenyaas yaa buusu jechaa yeroo gaarii boqonnaa gaarii isiniif yaa ta'u jedha.@USER,0,0,0,3,0,0
orm_train_track2_701,hinjifanno ajaa'iba WBO aanota heddu bilisoomsun wal qabate ummani akka . URL via @USER,0,0,0,0,0,2
orm_train_track2_702,Lencaaa fakiii namaaa galooo kooo ijaaa   hamaaa siraaa haaa qabuuu,0,0,0,3,0,0
orm_train_track2_703,Guyyaa Bitooteessa 8 Guyyaa Dubartoota Addunyaa kanattii kabaja guddaa kan qabdan dubartoota Oromoo fi dubartoota addunyaa maraaf waggaa wal-qixxummaa bilisummaa fi gammachu isiniif hawwiinaa . Baga geessan!,0,0,0,3,0,0
orm_train_track2_704,Waaasalphaaadhaaa gosaaa elmiiiteee itttiiichiiiteee raaafteeedhadhaaa   baaaftaaa amaaantiii   elmiiiteee itttiiichiiiteee   raaafteeebaaaftaaa   siiiyaaasaaa elmiiiteee Itttiiichiiiteee   raaafteeedhadhaaa   baaaftaaa   diiinagdeee elmiiiteeerafteee   dhadhaaa   baaaftaaa Xumuuurteee,0,0,0,0,0,0
orm_train_track2_705,Dachiitu samiidhaa namarraa fagaataa Bishaantu dhiiga dhuguuf hirmiitaa nyaatatu dhagaa dhaa liqimsuuf ulfaataaKolfatu boo’icha seequu sodaattaa Boo’ichatu kolfa tahee kolfaan hirmii baafta Bara faalloo suphaan jiraatanii URL,0,0,2,0,0,0
orm_train_track2_706,kolfan garaaan nu dhukkkube  heddduuu namattti toltan ,0,0,0,2,0,0
orm_train_track2_707,Kkkk rabbbiii sodaaadha,0,0,0,0,0,2
orm_train_track2_708,yaa shamarran dhugaan jedha bultii gaarii ijaarachuu barbaaddan dhiira maccaa tulumaa heerumaa ,0,0,0,0,0,0
orm_train_track2_709,Nageeenyaaa maaariii Godhaaa,0,0,0,0,0,0
orm_train_track2_710,saree haadharaawu badi maallaqaaf jaalala oromoon qabu keessaa baafte natu fannise gantuu dubbiin duraatuu dhugaadha yaada mormaa turree,0,2,0,0,0,0
orm_train_track2_711,akkka ittti hirkooon mastikaaa nyatttu ilaaalame maaalo kolfan dueeeka hadhako,0,0,0,2,0,2
orm_train_track2_712,@USER Marroo waliin alaabaa ABO kirreeffattee ilmaan Oromoo gurguruuf deemnan Oromoonni isiniif hajaa hin qabu.Duriyyuu abdii paartii tokkoo hin jiraannee of danda'eeti malee,2,0,0,0,0,0
orm_train_track2_713,Anis commment kana argeeen kolfa tureee l from India  maqaaansaaa fayyyeee studio jedha jsb hxrw ,0,0,0,2,0,0
orm_train_track2_714,Boru ayyana #Irreessati.irreessi immo nagaa jaalala galateffaan fi kabaja akkasumas ayyaana #ummaatati.gaaru yeroo ayyaanni ummaata kabajamuf jedhuti sirni #Itoophiya shororka'a jira.sababni itoophiya keessati sirni #Oromoo sirna miti.gadi antuma kana kan amanne fudhate Oromoma . URL,2,0,0,0,0,0
orm_train_track2_715,Rabbbi nu birmadhu,0,0,2,0,0,0
orm_train_track2_716,Bagaaa dhuftaaan sanyiwaaan kooo gagaaariii,0,0,0,2,0,0
orm_train_track2_717,Salaaleetti WBO’n Waraana Mootummaa Hidhamaa Hidhaatii baasee ajjeesu irratti tarkaanfii fudhachuun himame.URL URL,0,0,0,0,0,0
orm_train_track2_718,Abdataa ani amanuu hin dandeenye jabaa saba isaaf quuqamu ajechaa kee gafan dhaga'u baayyen gadde.lubbuun kee boqonnaa bara baraa ha qabatu kan si ajjesef umurii isaa gutuu hirriiba hin argatin URL,0,0,3,0,0,0
orm_train_track2_719,Biyya kan raasaa jiru rakkina #Qarshii osoo hintaae rakkoo Siyaasaati.#freeourhero #FreeAlloromoPoliticalPrisoners URL,0,0,0,0,0,0
orm_train_track2_720,Welcomeomnkabajamtota Kenyayihunkabajamaoromooo Nufjiradhusagalesabaaa,0,0,0,2,0,0
orm_train_track2_721,fiigicha siifan rikkkardii addunyaa fiigicha fageenya  m dubartootaa atileet almaaz ayyaanaatiin qabamee ture sekondii  oliin foyyeessuun dursituu taatee jirti,0,0,0,1,0,0
orm_train_track2_722,@USER Abbichuu hojiin asharaa kun gaariidha garuu itti hafufu Jenna . Garuu garuu hidda biqiltuu lafa qabachisaa hidda namaa lafarraa numataa jiruuf fala dhabuun kun bara bulchiinsa keessanii rakkoon furamuu dhabuun yaaddessadha.rakkoo kana nuuf fururuurratti qajeelcha nuuf kennaa adara,0,0,0,0,2,0
orm_train_track2_723,deeggarsa barnoota fedhii addaafi namuusaa taasifmaa jirus daawwataniiru pireezidaanti saahlawarqi zawdee gumiin dubartoota mana baruumsicha jiru hojiilee miidhamaa ittisuuf hojjechaa jiru gaarii himuun gumiichi hojii jalqabee cimsee fufu qaba jedhaniiru,0,0,0,0,0,0
orm_train_track2_724,Osoo ati haadhookoo miti taatee yoona nin hinaafa mitii? Baga dhalatte Qaaliikoo!By Boontuu Baqqlaa URL,0,0,0,3,0,0
orm_train_track2_725,Oduu Ammee Ariifachiisaa 20/2/2022 ofeggannoo waraana bilisummaa oromo WBO zoonii baha anaa malka ballootif guyyaa har'aa toora sa'ati 12:00 irraatii milishaan anaa malka balloo fi polisiin humna gaddaa oromiyaa WBO irraatii lola banuuf qophiirraa waan jiraaniif jeechaa,0,0,0,0,2,0
orm_train_track2_726,addaggee diqaalaa haadha waayee amantaa harra argitee afaan bantu bara mootummaa mallas jirtaayyu salamtu,0,3,0,0,0,0
orm_train_track2_727,Bagaaa nagaaa nuf dhufteee qaliii kenyaaa ,0,0,0,2,0,0
orm_train_track2_728,murnoota finxaaleyyii oromootti hin maxxansuuf yaalaniif jilbeeffachuu hinqabneefi qabsichi ittifufu himaniiru obbo fiqaaduu tasammaa,0,0,0,0,0,0
orm_train_track2_729,Daaani eeel San rabbbi lafa irrraaa Isa haaa dabarsu maqaaa bareeedaaa kana bateee waaan badaaa dalaga rabbbi Isa ballleeesssu,0,3,0,0,0,0
orm_train_track2_730,Girrrisaaan kiyyyaaa baaayyyeee    Waaan gaaariii goooneee   3000k ittti xiqaaata   guyyyaaa lamattti ykn boru   1M ni geeenyaaa,0,0,0,2,0,0
orm_train_track2_731,Ani barataaadha   Doktora fayyyaaa namaaa wagggaaa 4fffaaa Dirrreee Dhawaaa yuniiivarsiiiti irrraaa Komiiin qaba Obbboleeesssa kooo karaaa Oromummmaaa kan taaate Siraaaj Sabaaa dabalateee hojjjetooonnni OMN keeesssa hojjjetttan hundi komiii ani isin irrraaa qabu kana akkka dubbbistan nan amana Ani fi saaahibonnni kooo,1,0,0,0,0,0
orm_train_track2_732,namani waa'ee haadha #hinbeeknee osoo waa'ee #haadha haasayuu baate maal qaba . yoo waraanii waraana akka ofii ajjeessee sanif jechaa #dubartiin gudeedamuu qabdii jechuudha ??? bayyee nama gaddisiisaa pm Ethiopia URL,0,0,3,0,0,0
orm_train_track2_733,Kaansarii dhuka lafee: Gosa kaansarii mallattoonsaa dhukkubbii dugdaa ta’e beektuu?,0,0,0,0,0,0
orm_train_track2_734,Simbooo qabeti kooo mattti naf taiii sanyi kooo kabajan si gafadhaaa,0,0,0,2,0,0
orm_train_track2_735,Woggoota 20 olii booda qabrii abbaa kiyyaa zayare iddo hin beeku ture.,0,0,0,0,0,0
orm_train_track2_736,#Injifannoo_Lixaa_Beegii . Qashmaandootti farreen Oromoo fi Oromummaa akka ajaa'ibaatti unkuramaa oolte hedduu wanneessee jira allaattiiniis quufte jirti . Amma Ambulaansiin 6 wannooshee riiferiyaala Hospiitaala Naqamtee fiddee jirti.,0,0,0,3,0,0
orm_train_track2_737,#Oduu Boonsaa#ABO'n guraandhala 3 2014 Godina shawaa Lixaa Aanaa Calliyaa fi Aanaa Liiban Jaawwii gidduutti #Waraana ppp paatrooliin 2' waliin booji'uun gara Ganda Tulluu Jaldeessaatti naanneffataniiru . URL,0,0,0,2,0,0
orm_train_track2_738,Wawo Galatooomi mataaa dhiiiraaa Galanaaa Rabbbiii hamtuuu fi ija bulguuu irrraaa sihaaa tiksu Hojiii booonsaaadha dhugaaa Galata gudddaaa qabda ,0,0,0,3,0,0
orm_train_track2_739,Yaaa instructor Galatooomi yaaada gaaariii kaaaste,0,0,0,3,0,0
orm_train_track2_740,Baga geessan ilmaan oromoo hundi keessan Waggaan haaraan kun Kan bilisimmaa nuuf haaTa u Ayyaana gaarii,0,0,0,2,0,0
orm_train_track2_741,akkkuma gooftaan geenya yesus kiristoos cubbuu hin qabaatiin fannoorratti dhiigasaa lolaasuun jaalala dhala namaatiif qabu agarsiise itiyoophiyaanotnis wal jaalachuu waldanda uufi waliif abboomamuutiin misoomaafi guddinaatti tarkaanfachuu qabna dhaamaniiru,0,0,0,0,0,0
orm_train_track2_742,Dhugaaa maleee sobaaa hin dubataniii,0,0,0,0,0,0
orm_train_track2_743,Dhiibbaa diinagdee weerara koroonaa hir’isuuf dhiifama idaa mootummaan murteess.URL,0,0,0,0,0,0
orm_train_track2_744,Anaaadhufu dooofota keeenya Xiiinxala sobaaa fi buuuura hin   qabne shilingiiif sumuniii diiinnni sittti darbateeen biyyya diiiguuuf ofiii ala teeessseee jiruuu mijeeefffattteee ummmata jeeequuun kun sittti hin dhagahamuuu Rabbbi siyaaa qajeeelchu Waaan biyyyi keeesssa jirtu eeenyu akkka biyyya diiigaaaru eeenyu akkk,3,0,0,0,0,0
orm_train_track2_745,Si jaaalannna beeekaaa kooo  Sooortuuu haaadha iyyyeeesssaaa Yaaa uwistuuu habaaa daaareee Galannni keee hammmanaaareee,0,0,0,3,0,0
orm_train_track2_746,Jawaar yeroof to'achuu danda'u garuu nu'i waraana jawaar qeerroo fi qarree to'achuu hin danda'an! Ijjannoo qeerroo fi qarree oromiyaati #OromoProtests #FreeJawarMohammed #FreeBeqeleGerba #HacaaluuHundeessaa #AbiyMustGo #FreeOromia #FreeAllPoliticalPrisoners #FreeOMNJournalis,2,0,0,0,0,0
orm_train_track2_747,Ankolfaaangaraaannnadhukkkubebaaayeeenamaaajaaaibda,0,0,0,2,0,2
orm_train_track2_748,Magaalaa fooliin du'aa ammallee fagoodhaa nama jeequ,0,0,0,0,0,0
orm_train_track2_749,Oromooon Wagggaaa Hunda Booohuuu Qofaaareee   ,0,0,1,0,0,0
orm_train_track2_750,dhiigni hacaaluu hundeessaa summii sitti haa tahu diqaala nafxanyaa URL URL,0,3,0,0,0,0
orm_train_track2_751,#StopOromoGenocide . karrayyuu is bleeding #Oromia is bleedingNamoota lamaan waraannni Bilxiginnaa Aanaa Fantaalletti ajjeese . 1 . Dhaddachoo Quluu Burruxee fi2 . Roobaa Godoo Roobaa Ethiopia keessatti Oromummaa yakka taateetti URL,0,0,3,0,0,0
orm_train_track2_752,shamarran kallattiin jaalallee qabdaa sodaatan… jedhi nagaatti haatii warraa garte ajjeesti jedhu ,0,0,0,0,0,0
orm_train_track2_753,the first one commment me wowow   dr kabajaaamooo jabaaa ilmaaa sabaaa   abbbaaa cabasaaa abbbaaa wa maraaa  dhugaaa dubachuuuf barnotaaa gamaaa fayan sabaaa isatif gumachaaa jiruuu namaaa fayidaFi sadarkaaa isaaa bekeee biratiii wan gudadhaaa bagumaaa oromiyaaan oromooof isin late isin lachuuu nuf jiradhaaa  g,0,0,0,3,0,0
orm_train_track2_754,Wow gafaaa hisiiin hinjireee nutiii qoooraaa Goootoootaaa kooo,0,0,0,0,0,2
orm_train_track2_755,@USER Baayi'ee namatti tola . Kuni hojii ajaa'ibaati gaggeessummaan keessan seenaa haaraa nama boonsu hedduu galmeessisaa jira . Yeroo margi horiif rakkisaa ta'e jirutti bona gogaa keessaa Gamadii Omishuu danda'amee nu'agarsistaniittu.,0,0,0,2,0,2
orm_train_track2_756,"#AfaanOromo Fuuli fesbuukii hordooftoota kuma 24 ol qabu barruu ""Loltuu Ooneeg shanee du'a irraa hafee leencoota Faannoo shawattiin qabame"" jedhu maxxanseera . Haata'u malee HaqCheck loltuu ooneeg shanee humna adda oromiyaatin qabame tu'u isaa mirkaneesseraURL",0,0,0,0,0,0
orm_train_track2_757,Intaaala kolfi qabaaaram dhoksite kofaltiii,0,0,0,0,0,0
orm_train_track2_758,Quubee ammaa jeetan kaanaa ] akkaa salpaatii barrataaniiwaareegamaa fii diigaa Oroomoodhaanii haaraa gaa'eeCiimsaa qaabaa malee diinii boodhaatii deebiisee nuugaabroomsuufii taataafatii.Dr.Gammachuu Ergaa Ajaa'ibaa Oromootiif dabarsan URL via @USER,0,0,0,0,0,1
orm_train_track2_759,Ana na kolfisisuuu kolfaaa Inistirasteriti ,0,0,0,3,0,0
orm_train_track2_760,INJIFANNOO WBOShawaa lixaaOna Midaa QanyiiLeenchichi diina saba oromoo kan taatee waraana weerartuu adaba tolchee jira Halkaan edaa irraa jalqabee lola jabaa geggeesseen injifannoo addaa galmeessee jira . Gama meeshaan:1 . dishqaa tokko 2.Bireenii tokko 3.kilaashii 11 URL,0,0,0,2,0,0
orm_train_track2_761,wae dua male oduuu hin jiru,3,0,2,0,0,0
orm_train_track2_762,"Godaantonni Tigraay Sa'udii Arabiyaarraa deebi'an, Itoophiyaatti hidhaa fi dararaaf saaxilamaa jiru - HRW",0,0,2,0,0,0
orm_train_track2_763,Amajjii 7 2022 ONM-ABOGootichii Waraana Bilisummaa Oromoo Zoonii Kibbaa Cibraan Soddom booroo lola jajjabaa Amajjii 5 6/2022 loltoota leelliftuu sirna nafxanyaa Pp waliin Geggeessen Loltoota Diinaa 68 ol ijjeessun 159 madoon Yoo Adabuu bifuma Walfakkaatun WBOn Zoon,0,0,0,2,0,0
orm_train_track2_764,Arsiii bahaaa keeesssattti kan ummmata dararaaa jiru WBO dha jedhan safuuu,0,0,0,0,0,2
orm_train_track2_765,@USER Gowaa wayii osoo dutee siif wayya saree . Arginem oromia ijartee ummata lafara fixaa #gantuuuuuuuu,0,3,0,0,0,0
orm_train_track2_766,Pls itiqaaa futeee mo akkkami ykn jaaalale qabda mucaaayyyon tokkko heduuu si jaaalati me ifaaa godhiii ykn jartiii ke  as basiii nuti  Mudhiii ke garu anayuuu qalbiii na fudheee Jiraaa abbbaaa fedheee caaalataaa dhugaaa  Shamaaaranif furmtaaa godhiii nama heduuu sif midhaaama jiraaa osooo hin bekkkin,0,0,0,0,0,0
orm_train_track2_767,Gaafa rakkoo kan sicinaa dhaabbate hin irraanfattu Ethiopia kheeysatti sagaleen islaama laayyoo miti humna Qabdi . paartile siyaasaa biyyatti fi namootni bebekamoon tokko tokko cal jechuun isaani jibba ykn tuffii islaamaf Qaban agarsiisa.,2,0,0,0,0,0
orm_train_track2_768,@USER Ilma haadharaaw maal jechaa jirtaa?tortoraa!Amma ati hayyuudhaa?doofaadha malee diqaalaa,3,3,0,0,0,0
orm_train_track2_769,Gammmeee jabaaadhu waaan gaaariii hojjjechaaa jirtaaa,0,0,0,2,0,0
orm_train_track2_770,Ummani keenya rakkoo beelaa hamaa keessa jira jakka jirruu waan dandeene gochuudhaan uummata keenya cinaa haa dhabbannuu #galatoomaa URL,0,0,1,0,0,0
orm_train_track2_771,#Oromo Gaggeessaan ati SICHI jala hiriiruu qabdu kijibduu fi afuuftuu si’a hedduu dhaabbii jijjirtu otoo hin taane nama Seeraan (principle) gaggeeffamu ta’uu qaba . Leencoo Lataa kan akka isaa dantaa #Oromoo gurguru #Jawar bakka buufate . Kana irraa yoo hin baratiin rakkisaa dha.,0,2,0,0,3,0
orm_train_track2_772,Biyya kenyaatis as deebine akka sabatis akkuma sanii amantiinis wolitti bu'uu hin barbachisu dina wolii kessanin wol isin balessu dhufaa jira inni biraa al-shabaab gareen jedhamus namoota hedduu ajese wonti jedhamus jira isaninis diinni kenya diina kessani maaloo ta.a.,2,0,0,0,0,0
orm_train_track2_773,Yaaa raaabbbiii yaaa alllahaaa yaaa rahamaaaniii nuuuf biramaaadhuuu illlaaahiii yaaa rahamaaaniii dandaaaa isaaamaaa ,0,0,3,0,0,0
orm_train_track2_781,Yaaa raaabbbiii yaaa alllahaaa yaaa rahamaaaniii nuuuf biramaaadhuuu illlaaahiii yaaa rahamaaaniii dandaaaa isaaamaaa ,0,0,3,0,0,0
orm_train_track2_1915,Yaaa raaabbbiii yaaa alllahaaa yaaa rahamaaaniii nuuuf biramaaadhuuu illlaaahiii yaaa rahamaaaniii dandaaaa isaaamaaa ,0,0,3,0,0,0
orm_train_track2_2142,Yaaa raaabbbiii yaaa alllahaaa yaaa rahamaaaniii nuuuf biramaaadhuuu illlaaahiii yaaa rahamaaaniii dandaaaa isaaamaaa ,0,0,3,0,0,0
orm_train_track2_3340,Yaaa raaabbbiii yaaa alllahaaa yaaa rahamaaaniii nuuuf biramaaadhuuu illlaaahiii yaaa rahamaaaniii dandaaaa isaaamaaa ,0,0,3,0,0,0
orm_train_track2_774,"Humnoonni mootummaa Oromiyaa keessatti namoota nagaa ajjeesaa, hidhaafi dararaa jiru - Gabaasa UN",0,0,0,0,0,0
orm_train_track2_775,Namichi diqaaalaaa nafxanyaaati osooo hin qoratin aaango iti kennnan,0,3,0,0,0,0
orm_train_track2_776,Jibba jaalalaan bakka buuse!Hoggansi ilma Abbaa muummeen Ministeera biyyattii Dr . Abiy Ahmed!,0,0,0,3,0,0
orm_train_track2_777,Artistiii keeenya jaaalatamaaa fi kabajamaaa Galaaanaaa Gaaaromsaaa baga oromooo taaate baga keeenya taaate nuuuf jiraaadhu,0,0,0,2,0,0
orm_train_track2_778,Ustaaaza keeenyaaa kabajamaaa fi jalatamaaa Rayyyaaa Abbbaaa macccaaa Rabbbiiin Umriii keeesssan nuf haaa dheeeresuuu Inshaaa alllah ,0,0,0,2,0,0
orm_train_track2_779,Aboo rabbi yoo sodaattaan (Waaqatti) yoo kan amantan tahe soba kijiba dhara . nurraa dhiisaa! Qabsoon dhugaan malee dhagaan dhuftu kana booda hin jirtuu . Gaafa warri nuti Oromo jannuun kaan Esraa'elitti . URL,2,0,0,0,0,0
orm_train_track2_780,jinnii maaf waamtaree ilma kosii,0,3,0,0,0,0
orm_train_track2_782,Diaspora Oromoo taatee kan WBO n hin tumsine ani Oromoodha ofiin jechuuf amilee hin qabdu . WBO dirqama seenaa ba'aachaa jira . WBO tumsuun Oromoo fi Oromiyaa tumsudha . WBO tumsite jechuun Oromoo fi Oromiyaa tumsite jechuudha! Dabaree seenaa keef WBO tumsi!,2,0,0,0,0,0
orm_train_track2_783,Oromiyaaa Aayyyooo  Galannnikeee hammmanaaareee   Galatooomi Itttiiiqaaa Tafariii,0,0,0,3,0,0
orm_train_track2_784,PPn abdii kutattee badaa jirtu Qarshii baankii saamtee badaa waan jirtuuf guutuu Oromiyaati atattamaan Baankiin humna QBO fi WBOn akka hordofamuufi bakkoota isheen buqqistee baatuu karaattis akka irraa butan dhaamsa kana ariitiin wal qaqqabsiisaa! #OromoLiberationArmy #OLA #WBO,0,3,0,0,0,0
orm_train_track2_785,"@USER Lakki Abduu Oromoon yoomi diina isaa fi fira isaa adda baafatee beeka? ""Kan nu nyaatu nu keessa jiraa"" Jecha Haacaaluu Gataniim.",2,0,0,0,3,0
orm_train_track2_786,Bobbaa #Laggasaa_WagiiGuyyaa 19/08/2021WBOn G/G Lixa shagar ona ilfataa ganda ittisaa bakka yadal jedhamtutti waraana PP gaafa 18/08)2021 sa'aa 11:00 hanga halkan sa'aati 2:00tti haleeluun 22 battalatti yoo ol ergu 15 madoon adabee jira.WBO hedduu said we shall meet in Finfine URL,0,0,0,2,0,0
orm_train_track2_787,hordoftoonni amantaa islaamaa waaqain sodaachuufi safeeffachuun dhala namaafi uumamaaf yaaduufi birmachuu waliin walitti hidhata guddaa qabaachuu lallabu,0,0,0,0,0,0
orm_train_track2_788,shamarran durbummaan tasa fedhii jalaa bade abshir homaa miti gaddi gadda wajjiin jirra,0,0,2,0,0,0
orm_train_track2_789,Ana dhufuuu omn ijaaa fi guraaa umataaa Ana dhufuuu guyooo Abrhamaaa fi yihuniii ingida yaaa rabbbiii umataaa qulquluuu dhuma jiru kana birmadhuuuf,0,0,2,3,0,0
orm_train_track2_790,Haleellaa 9/11: Ameerikaan maqaa namoota haleellaa 9/11 keessatti hirmaatanii himannaa Sawudiirratti ifa baasuuf jetti,0,0,0,0,0,0
orm_train_track2_791,Jabaaadhaaa hojiiin keeesssan baaayyyeee jaaalatamaaadhaaa fi filatamaaadha barnooota baaayyyeee kan ofkeeesssaaa qabuuu fi kan nama buhaaarsuuudha ykn nama bashannnansiiisuuudha,0,0,0,3,0,0
orm_train_track2_792,Abbaan warraa barsiistuu haleellaa Teksaasiin ajjeefamtee ‘gaddaan’ lubbuunsaa darbe,0,0,1,0,0,0
orm_train_track2_793,"#Breaking Albumni Artist Hacaaluu Hundeessaa #Maal_Mallisaa jedhu Bara 2022tti Qaadhimamaa Badhaasa Giraamii tahe . Maxxansi Billboard garee ""Best Global Music Album "" jalatti baaseen badhaasa 2022tiif Qaadhimee dhiheeyseera.#HachaluHundessa URL",0,0,0,0,0,0
orm_train_track2_794,Zeina mattti naf taiii sanyi kooo kabajan si gafadhaaa,0,0,0,2,0,0
orm_train_track2_795,Baaayyyeeen si jaaallladha si kabajaaas ustaaaz keeenya,0,0,0,3,0,0
orm_train_track2_796,Masha alllha   Saba kooo ilmaaan oromiyaaa jiradha falmadha lmumaaa adaaan oromiyaaa adaaa kabajamadha Saba kooo bayeeee gamadeee,0,0,0,3,0,0
orm_train_track2_797,Covid-19: Indiyaatti oksijiinii gara alaatti dhangala'uun dhukkubsattoonni Covid 22 du'an,0,0,0,0,0,0
orm_train_track2_798,Manni Maree Ministeerotaa Naannoo Tigiraayi irratti labsii yeroo muddamaa ji'a jahaaf turu labse,0,0,0,0,0,0
orm_train_track2_799,Manni murtii namootni sadii haleellaa Gariisaa raawwachuu mirkaneesse,0,0,0,0,0,0
orm_train_track2_800,Dacheeen sun goootota heddduuu horatttefixuuuf dhamaanis dhumuuu diddde,3,0,0,0,0,0
orm_train_track2_801,akkkuma barsiisaafi duudhaa amantaa kiristaanaa deddeebiin lallabamu jibba balfuun jaalala filachuun nagaafi araara buusuun beela nyaachisuun daare uwwisuun gadde jajjabeessuufi rakkateef qaqqabuun aadaa uummata keenyaa cimee qabuu,0,0,0,0,0,0
orm_train_track2_802,Dr Amir Amaan: 'Kanin dalage caalaa kanin baradhe hedduu akka ta'en hubadhe',0,0,0,0,0,0
orm_train_track2_803,Namicha ijoollee dhiiraa hedduu gudeedetti hidhaan umurii guutuu 12 murtaa'e,0,0,0,0,0,0
orm_train_track2_804,Akka dhiheetti hin hafu inuma bari'a Dukkana kana irratti ifti sun ni baha Lafti gara barii dukkana jabaataIfti gara barii abdii danuu baataLammiin boritti obsu Homti isa hin cabsu,2,0,0,0,0,0
orm_train_track2_805,#Share Sanyii Duguugga Oduu_gaddaaWaraanni mootummaa abbaa irree Abiyyi hidhamtoota Siyaasaa Oromoo bakkoota gara garaa irraa walitti qabuun Magaalaa Bishooftuu geessanii halkan tokko bulchanii Namoota 16 Lubbuu dabarsuun Magaalaa irraa baasanii URL,0,0,2,0,0,0
orm_train_track2_806,barmaatiileen miidhaa geessisaan kanneen umurii heerumsiisuu kiittaannaa ijoollee dubara huuba qonqoo muruu kanneen biroo godina harargee lixaatti ammas jiraachuun yaaddessaadha jedhameera,0,0,0,0,2,0
orm_train_track2_807,Dhohiinsa mana nyaataa Chaayinaatti mudateen namoonni 31 du'an,0,0,2,0,0,0
orm_train_track2_808,@USER An waa naa gootanifs miti garuu jabaadhaa erga isin dhufttanii fooliin oromummaa urgaawe kessumaa finffinnee keessatti sobni maal godha Taaksii keessa Teesse afaan oromoo yoo hasoftte gara galanii si ilaalu sodaa irra kan kahe wajjira deemtu Hunda Tplf hojjeta hanga,0,0,0,1,0,0
orm_train_track2_809,@USER J.Marroo Qabsoo hidhannootti cichoominni murteeffatte uummata Oromoo salphina guddaa keessaa baaftee lubbuu itti horte . Abdii uummat hamileen caphxetti horte . Seenaan 1991 akka hindhugoomne falmitee Oromummaan injifachuu akka danda’u diinaa fi firaaf mirkaneesite . Jiraadhu.,0,0,0,2,0,0
orm_train_track2_810,Siiin maleee sittti maleee yesuuus maaaliiin obsuuu,0,0,1,0,0,0
orm_train_track2_811,"@USER Maaltu dhugaa maaltu soba ?mee dubbadhaa yaa nugusa Aradaa !mo isinis ""qinee "" kana bartan Aradaatti erga galtanii.",2,0,0,0,0,0
orm_train_track2_812,'Loltuun US kan biyyashee seenee jibba sanyummaa baqateeti' jette Kooriyaan Kaabaa,0,0,0,0,0,0
orm_train_track2_813,Umaniiimaqaaa sadiiidabaleee lalaaajiiiraaa malaaas haylamaaaram abiiiyiiin dhugaaabiiifakanaaan hubaneee laluuugariiidhaaa ilmaaawagaaa shaniiitiii wariii umriii abiiiyiiin angoooqabateeen yaduuunhaqiiinaaa gadiiifageeenyaaan wahubadhaaameee sadeeenwaliiira dhalaniiijachuuudhafiii fakkkiiingodheeemaleee waaanbiiiraaatiiimiiiti,0,0,0,0,0,0
orm_train_track2_814,Erga walga’iin jeneraalotaa gaggeeffamee Jeneraal Gatwech bakka Aab Machaar bu’uun akka aangoo qabatan yaadi dhiyaatee booda ture taateen kun kan ibsame.,0,0,0,0,0,0
orm_train_track2_815,Biyyya dhiiigaaaf lafeeen  goootan ijaaaramte  Biyyya ofkabachiftu  kan diiinaaa gamteee  Faaajjjiii keee ol kaaafnaaa  kan itttiiin beeekkkamtu  Diiina keee mancaaafnaaa  kan sittti dheeekkkamtu  Walabummmaaa keee hawwwinaaa Oromiyaaa tiyyyaaa kabajamtuuu biyyyaaa,2,0,0,0,0,0
orm_train_track2_816,Bara TPLF Qubeee gara LGMttti jijjjiruuuf yaaadddeee turte OPDOn dulllatttiiin garaaaf bitamte Haras dhoksaaan Qubeee keeenya gara Saaabaaattti jijjjiiiruuuf yaaaliii gochaaa jirti Ergamtuuun nafxanyaaa PPPn seeenaaa hin beeekna,0,2,0,0,0,0
orm_train_track2_817,dhuga keeti abiyyiy diina oromooti ilmi nafxaanya diqaalaa,0,3,0,0,0,0
orm_train_track2_818,Har’as militian amaraa ijoollee obbolaa lama Aanaa Amuruti ajjeefte ummata reeffa ijoollee fidee gara magaala dhufe irratti immoo poolisin federaala dhukaasa banani gochi kun hundi yeroo rawwaatu kabinnoonni Godina H/G/Wallagaa 7 aanaa sana keessa jiru baayyee nama gaddisisa,0,0,3,0,0,0
orm_train_track2_819,Kaayyoo dhokataa imala Kol . Abiyi gara D/Doollootti taasise duuba jiru URL Kol . Abiyyi ganna lamaan dura Gara Lixa Oromiyaa yoon deeme na ajjeesu jedhee sodaa qabu afaan ofiin dubbachaa ture Sambata kaleessaa (Gurr . 13 2021) gara Magaalaa Dambii Doollootti,0,0,0,0,0,0
orm_train_track2_820,Kkkk wayyyooo jarannna kolfaniii nuuu fixaniii,0,0,0,3,0,0
orm_train_track2_821,OMN akkkuma maqaaasaaa tahaaa jira Ijooollleee sadan 4n Caltu Abrish Guyyyooo fi Yihun baaayyyeee bareeechitan jiraaadhaaa ijjji hamaaan isin hin argiiin,0,0,0,3,0,0
orm_train_track2_822,Qophii Addaa || Viidiyoo Ajaa'iba Eebba Injifannoo WBO Agarsiisu Daawwadhaa URL via @USER,0,0,0,0,0,3
orm_train_track2_823,Baga Gammaddan Baga gammanne Leenjifamtoota haaraan mooraa 4ffaa leenjii isaanii xumuratanii dirqama itti aanuuf fudhatanii jiru . URL,0,0,0,3,0,0
orm_train_track2_824,Pooland kana booda Yukireeniif meeshaa waraanaa hin ergu jette,0,0,0,0,0,0
orm_train_track2_825,Abdiii birrraaatuuun jedhama wolllooo unibersiiitiiirrra oduuun keeesssan baaayeee gaaariiidha OMN ijaaaf gurrra Uummmataaa,0,0,0,3,0,0
orm_train_track2_826,Dhiyeenya kana ofii kiyyaafis maatii kiyyaafis sodaa kessaa jira kanafuu worri dhimmi ilaalu fala ittii haa kennu.,0,0,0,0,3,0
orm_train_track2_827,Afrikaan jijjiirama qilleensaa qolachuuf gibirri akka citu yaada dhiheessite,0,0,0,0,0,0
orm_train_track2_828,Qooosaaan ilaaalaaa ture keeesssaaa qooosaaa ergaaa gudddaaa qabu akkkasiii argeee hin   beeeku Dhugaaan isiniiin jedhaaa taaatonnni diraaamaaa kanaaa Oromooo mara biraaa galata qabdu,0,0,0,2,0,0
orm_train_track2_829,Galaaanaaa   aniii   Bayyyeee   Siiinajaaaldhaaa   maqaaa   Kiiiyyyaaa   Naaahili   jaaadhamaaa,0,0,0,3,0,0
orm_train_track2_830,waarii kaaraa naagaa jeetanii dhagaa'aafeedii Oromoo hiinkaabajeenuu jeechuunii borriis waaraa biiliisuumaa jeedeefii aajeesuu hiindiisaniiDhaamsa Obbo Jamaal Ganamoo URL via @USER,0,0,0,0,0,0
orm_train_track2_831,Hoogganaan waajjira paartii bilxiginnaa fi kominikeeshiinii aanaa Gooroo Doolaa Obbo Nuguzeen harka jajjabee lixee jira hin barbaadinaa Dabaree dabareedhaan kanneen yakka ummata keenya irratti dalagaa bahan mana murtii WBO'tti ni dhihaatu Warra hafeef kuni fakkeenya gaariidha URL,0,0,0,2,0,0
orm_train_track2_832,Isiiin garuuu maaaliiif yerooo hin kabajan warrriii kayirooo malooo waqa Ani Yihuuun kiyyya yaaade,0,0,0,0,0,0
orm_train_track2_833,Baaayyyeee Gaaariiidha Jabaaadhu HIRKOOO nama Boruuu keeenyaaaf Abdiii Dhalooota ittti aaanuuu kan oromoooti ati,0,0,0,3,0,0
orm_train_track2_834,Gamtan akkkamumaaa diiigamuuu   jaaalala hirkooo barbadaaa ,0,0,0,0,0,0
orm_train_track2_835,HabibaaaSiraaaji   nafa eeegggadhu abbbattti hin fidaniii barnoootaaa   funyaaanin   welcomeFib qophiiidha obnsagaleee ijaaafi gurrra ummmataaa walqixxxummmaaa sabaaafi sab lammmoootaaa hin diiiguuu eeegiii hin dhiiisuuu beeekiii seeeraaafi heeeraaanis ibiddda garaaa kaaayiii kayyyooofi karooora mulata qabsooo goootasabaaa n,0,0,0,0,0,0
orm_train_track2_836,#WBOn akkanatti irreeffata jira Kabaja ayyaana irreecha malkaa warqee ona ada'aa bargaa keessati guyyaa har'aa qurxumicha fi galaanichi haala suuraa irratti muldhatu kanaan kabajachaa oolan URL,0,0,0,2,0,0
orm_train_track2_837,Xoophiyaan beekaa Oromoof taatee hin beektu . Dhiiga fi lafee Oromoo nyaachaa as geesse . Lubbuu ijoollee Oromoo meeqa nyaatte jirti . Hanga har'attis nyaachaa jirti . Bor kan biraa akka hin nyaanneef ofirra diiguu qabna!! URL,0,2,0,0,1,0
orm_train_track2_838,Abbichuu abbaa malaa goota jaarraa 21ffaa URL,0,0,0,3,0,0
orm_train_track2_839,Dhugaaa jettteee galga hin tolu namni sobaaaf duuulu gooota keeenyaaa nuf jiraaadhu hamtuuun sin argiiin ,0,0,0,3,0,0
orm_train_track2_840,Ilaaa warrri OMN Aduwaaa ilaaalchiseee akkkaaataaan itttiiin ilaaaltan nattti toleeera Meee waaan gaaariiin   goood job jechuuu kana itttuma fufaaa,0,0,0,2,0,0
orm_train_track2_841,Maaal garuuu mucichi Tiyyyaaa Hirkooo irrraaa fudhachuuu jedhu kun nama hin aaarsuuu,2,0,0,0,0,0
orm_train_track2_842,pheenxonni wangeela hin dhageenye caalaa waaqayyoon hin beekne caalaa,0,3,0,0,0,0
orm_train_track2_843,qindeeesssitooota filmiiiAmaaana hundumakesssanifu galata guddda qabdamaaarrre Ammmallle kana caaalaaa waaan baaayeee isinirrra eeegna galannni keeesssan bilisummma haaata u Yaaa Rabbbi si kadhannna nubilisomsi ,0,0,0,2,0,0
orm_train_track2_844,amaarri oromiyaa keessaa yartuu taateef ajjeefamte dhumtu beekti,0,3,0,0,0,0
orm_train_track2_845,hay hanicho sirbi keee heddduuu namattti tola uuuphaaa,0,0,0,2,0,0
orm_train_track2_846,Ajaa'iba Rabbii nama Dinqisiisa jedhe Artisti Fayyisaa Furii!Kanneen Suuraa isaanii argitan kun PP'n Aanaa Kuyyuutti shanee to'atame jettee sobaan ummata burjaajessaa jiru!Qonnaan Bultoota walitti qabanii Meeshaa waraanaa Wajjira Poolisiitirraa baasii itti hidhanii akka waan URL,0,0,0,0,0,1
orm_train_track2_847,@USER Abbichuu koo maali yon sin jedheen qufaa lata ilma kolle Abbiy jedhee mogafadhe gasaan hin quffu maqaa kee uttuun guyyaa guttun wamaa olle ilmaa koo sifii kenuu nii guddifaata hamaa akkumaa kee ganaa afuuri daribee jirraa URL,0,0,0,3,0,0
orm_train_track2_848,Araaaramni hin jiru,3,0,0,0,0,0
orm_train_track2_849,@USER Baga Ayyaana Qilleetin si gahe.Kan milkii kan gammachuu . sif haa ta'u.,0,0,0,3,0,0
orm_train_track2_850,Odaaa Bultum kanuma Caaalaaa ittti fufna hojiii akkka ogeeesssattti ittti dhamaaane akkkanattti nuuuf mulachuuu isaaatiiin baaayeee ittti gammmannneee galatooomaaa kabprezidaaanti i keeenya,0,0,0,3,0,0
orm_train_track2_851,Fiqaaduu Tasammaa kan dura waan jedhe kana maaltu irraanfataa? Qaanii kan hinbeekne kun har’a Qeerroo fi Qarreen naaf wareegamaa barcuma najalatti qaba jedhaa jira . Dhaqii gowwaa kee barbaadi jedhiin! URL,0,3,0,0,0,0
orm_train_track2_852,Warra hubannoo faallaa qabuuf!AB0-WB0n amantii tokkoollee hin maxxanfatu hin moggaafatu hin baabsuufamantiin Kan abbaati abbaan waan barbaade waaqessuu danda'aa kanaafi qabsoo keessatti soomee xoomee irreefatee uumaa isaaf galata galchuu hunduu mirga qabaa! URL,0,0,0,0,0,0
orm_train_track2_853,Yaaa Rabbbaaan yaaa alllahaaa yaaa rahamaaaniii nuuuf biramaaadhuuu illlaaahiii yaaa rahamaaaniii dandaaaa isaaamaaa ,0,0,3,0,0,0
orm_train_track2_854,Whoevers dislike those song we know they are nafxanyaaa ppp  Yaaa Qeeerrrooo and qaaarrreee sirbitooottta keeenya jajjjaaabefachuuu qabnaaa ,0,3,0,0,0,0
orm_train_track2_855,jireenya koo keessatti waan akka taatee amma addunyaa tana irratti uumame kana argees dhagahees hin beeku! dubbiin vareessii coronaatun dubbii akkaan jabdutu garuu hawaasni keenya hubannoo gahaa argachuu baannaan rakkoo cimaaf saaxilamuun keenya hin oolu! rabbi keenya haakadhannu,0,0,0,0,2,0
orm_train_track2_856,ummati oromoo bara hedduuf jeeqamaa turuu namuutu beeka gaafa jijjiirami dhufu oromiyaa oromoon nagaya argatu jennee guddoo abdanne,0,0,0,0,0,0
orm_train_track2_857,maal jette yaa faltii raammoo,0,3,0,0,0,0
orm_train_track2_858,Soba wanta har'aa jarri kun gootu fi salphina ishii eggatuu gafaan yaadu Akkasiin kolfaa,0,0,0,3,0,0
orm_train_track2_859,qur'aanni xonqolaa falfalaa miti qur'aanni haasawa waaqaiti,0,0,0,0,0,0
orm_train_track2_860,"Another sad day ""Jiruun biyya orma maal jireenya jedhu denda'uudha malee obsuudha lachittuu maal godhu yoo qananii feetee rekkoof harka hin kennuutu si baase biyya anaan anaan yaa lammii tiyya anaan nyaatuu yaa qomoo tiyya anaan anaan yaa saba tiyya anaan anaan yaa lammi tiyya""",0,0,2,0,0,0
orm_train_track2_861,paartiileen siyaasaa oromoo gurguddaafi gameeyyiin lamaan jechuunis abo kfo'n ibsa haala ilaalchisuun baasaniin uummatni hooggantootasaa du'a jalaa oolfatuuf waamicha dhiheessan,0,0,0,0,0,0
orm_train_track2_862,Warra foon ajjeesan garuu lubbuu ajjeesuu hin dandeenye hin sodaatinaa . ( Mat 10 24-33 ) Dhugaa dubbachuuf lubbuu irratti jechuunis Waaqayyoo wajjin walitti dhufeenya qabaachuu irratti homaa gochuu hin danda an . (Phaaphaasii Firaansiiskoo) URL,0,0,0,0,0,0
orm_train_track2_863,Erga Du'a Haceetii Boo'ee hin beeku! Garuu Seenaan kun imimmaan akka . URL via @USER,0,0,0,0,0,0
orm_train_track2_864,Waraana Israa'elifi Hamaas irratti nama du'e fakkeessanii 'ashaangulliitii' fi ragaa sobaa dhiyeessun dabalaa dhufe,0,0,0,0,0,0
orm_train_track2_865,Doofaa wallaalummaan macheessitee karaarratti gatteen hayyuu qaalii jedhu Hayyuu qaalii sabaa fi biyyaaf ija ta’e kan adii fi gurraachi saayinsiin addunyaa ragaa ba’eefin yakkamaa shororkeessaa’ jedhu! Ayii sammuu jara xiruu xoophiyaanotaa! URL,0,2,0,0,0,0
orm_train_track2_866,"@USER Hojii gaariidha!!!!!Garuu akka biyya keenyaatti dhanggaggaa'umman biyyee rakkoo hammaataa ta'a dhufeera . Kanarratti hogganttoonis ogeessonnis hojii cimaatu nu eeggata.""Soil is life""",0,0,0,0,1,0
orm_train_track2_867,J.sanyii fi jaallan hunduu baga ayyaan irreecha bara2021tiin isin gahe.ayyaan bilisummaa oromiyaa habbuuqqadhaa.dhandhamaa URL,0,0,0,3,0,0
orm_train_track2_868,tokkkummaan oromoo gimboot tiif salphina,0,0,0,1,0,0
orm_train_track2_869,gaaariiidha garuuu Amaaanueeel hafuuun hin turrre,1,0,0,2,0,0
orm_train_track2_870,Ergaaansaaa baaayeee gaaariiidha namattti tolas garuuu nama tokkkooofi ergaaa tokkko qofaaarrra daqiiiqaaa 10 fi isaaa ol turuuun seeera fiiilmiiitiii,0,0,0,2,0,0
orm_train_track2_871,OPDOn aangoo jette firfaarii itti kennan saniif burraaxxi.,0,2,0,0,0,0
orm_train_track2_872,Wooow   qophiii dansaaadha   akkka gaaariiittti   email lamaaan isi hordofaaajira ,0,0,0,0,0,2
orm_train_track2_873,Kufaaatiii hamaaan sodaaadhaaaf ani,0,0,0,0,3,0
orm_train_track2_874,Jalqabbbiii gaaariiidha   gammmeee  no more habesha shows,0,0,0,3,0,0
orm_train_track2_875,Barattoonni kenna rakkoo isaanii achumaan dhadhaa abidda bu’ee taateem!,0,0,1,0,0,0
orm_train_track2_876,Oromoo sirna nafxanyaa jijjiiruudhaaf malee yomii birrii jijjiiruu sii gafte yaa namicha hadhaa malee abbaa hin beynee saree Minilik . Na sobee oromoo koo #AbiyMustGo #AbiyMustGo #AbiyMustGo#AbiyMustGo URL,0,3,0,0,0,0
orm_train_track2_877,Australia irrran ilaaaluuuttti jira akkka Oromottti waaan haaaraaadha   jalqaba gaaariiidha jabaaadhu foyyyesssa deeemi  Bakkka irrra hirrrate tolchaaa,0,0,0,2,0,0
orm_train_track2_878,Guyyaa 07/02/2022Qellem wallagga Ona sayyootti leenchichi diina saba oromoo kan taatee waraana bilxiginnaa akka baalaa harcaasaa jira.#OromoLiberationArmy URL,0,0,0,2,0,0
orm_train_track2_879,Guyyyooo bayyyeee siyaaannneee turrreee bagaaa deeebite gara dalagaaa keeeti,0,0,0,2,0,0
orm_train_track2_880,Waraanni Bilisummaa Oromoo Zoonii hunda keessa socho'u tarkaanfii waraana Bilxiginnaa irratti fudhachaa jiru cimsee itti fufe . URL URL,0,0,0,0,0,0
orm_train_track2_881,baaayeee baaayeee gaaariiidhaaa ,0,0,0,3,0,0
orm_train_track2_882,@USER Kana kan diina keessaa fi alaa nurraa mulqu Galanni kan Dhaloota Qubeeti Waan barbaachisu hundaan WBO keenya wajjin jirra URL,0,0,0,2,0,0
orm_train_track2_883,@USER lolli Tigiraay irratti lallabame kun lola saboota hundarrattilallabameedhalafa Amaara deebisuufolaantummaa Amaara mirkaneessuufbara hunda oromoon oromoo cabsan kan dabre irraa baradhaa namaaf ergamuun salphina,1,0,0,0,0,0
orm_train_track2_884,Olola amma deemaa jiru kan duuba taa’ee oofu Ambaasaaddar Fitsum kana . Warra ABIN hiriira dheengadda baate isa galateeffateef dhiifama gaafadhu jedhee uummati gaafannaan as deebi’ee Dr . Birhanemeskel Abebe . URL,1,0,0,0,0,0
orm_train_track2_885,Ummmatuma Biyyya Tooophiyaaatu Moootummmaaa jeeee yaaama Dhallli isaaaniiitu gaaafa gareee maqaaa moootummmaaa jaamuuun if gurmeeesssani yakkkooota daaangaaa hin qabne raaawwwatumaaaltu malaaafalaaan wal gaaafatani tarkaaanfiii barbaaachiftu fudhachuuun barbaaachisaaadha,2,0,0,0,0,0
orm_train_track2_886,Gaaariiin gadheee   si hin gau   hamaaan isheee immmooo si hin hanqatu   Jedhan Makmaaaksa Abraham Birrru jechuuu fedhe,0,0,0,0,0,0
orm_train_track2_887,Ittigaafataamaa paartii badhaadhinaa fi koomineekshiinii aanaa gooroo doolaa kanta'e Nugusee Waaqoo harka waraana bilisummaa oromoo nagayaan dhaqqabeejiraa carraa gaarii . warri akka bineensaa nuseetan mararfannaa inni oromoof qabu namuu nuu hubadha . #ola #OromoLiberationArmy URL,0,0,0,2,0,0
orm_train_track2_888,Maqaaan kooo Naaanbon jedhamaaa Finfineee jiradhaaa   barataaa kutaaa 8tiiitiii   channnalaaa kooo Malooo subscribe naaaf godhaaa isiiin jaaaladhaisiiin kabajaaa one love oromo ,0,0,0,0,0,0
orm_train_track2_889,Bayeee Gaaariiidhajabaaadhuijooollleee shubbbisan sana osooo fayyyadamuuu baaattteee akkka kooottti more gaaariii ture jedheee yaaada Sababni isaaa waaaeee jaaalallleee isa gattteee deeemteee yaaadaaan nu dawwwachisa weeellleeen kun jechuuun kooo   fakkkiiin sirbichi sammmuuu keeenya kesssattti uuumu shubbbisa waaan gaaafat,0,0,0,2,0,0
orm_train_track2_890,Meee waaan gaaariii hojjjedha wanti isini hojjjeta kun hommmaaa hiiika Hin qabu maaalidha Kuni,2,0,0,0,0,0
orm_train_track2_891,@USER Wayine oromo Omg Omg Omg Uuuuuuuuuuuuuuufffffffff wayyoo wayyooo Lammii koo Anaa nyatukaaa,0,0,3,0,0,0
orm_train_track2_892,waaqayyo baayyisee bayyisee yaa eebbisu,0,0,0,2,0,0
orm_train_track2_893,Akkkuma adiii ufffatttan adiii hojjjadha Garuuu dura osooo qeeeeee ofiiittti araaaraaa fi nageeenya waaaraaa busaaan wayyya kabajamooo Make peace with OLF make Oromia peace,2,0,0,0,0,0
orm_train_track2_894,Madaa daa'imman Gaazaa maatiin irraa du'anii,0,0,2,0,0,0
orm_train_track2_895,WDhKMAD[Fulbaana 07/2014]Godina Wallaggaa Bahaa Aanaa Diggaatti duulli Talaalliin Covid - 19 haala gaariin jalqabee jiraachuu Waajjirri Eegumsa Fayyaa Aanichaa gabaaseera.Talaalliin Covid - 19 Vaccination dhukkubaafi du'a gama vaayiresii kanaan dhufu hambisuuf URL,0,0,0,0,0,0
orm_train_track2_896,Dr kabajama kenyaaa ,0,0,0,2,0,0
orm_train_track2_897,Jaaalatani jibbbiiitaniii fannnooo Amhara bakkkaaa buan  Oromo OPDO AKA PPP kan akkkaaa abiyyyiii fi sareee isaaa wajjjiii jirtu kanaaaf ganaaama galgala Oromo ajjjeeesan fakkkeeenya sodaaa Oromi fannnooo amaaaratttif qabdan waaan beeekanif Ammmaaa isiiin oso jetaaannni fannnooo Amaaara miti nu jetttaniii,0,3,0,0,0,0
orm_train_track2_898,@USER Bagaa guyyaa dubartootta jedhaanin isinn gahee irraa caalatti immoo guyyan hundii kaa dubartoota akka tahees beekun qamna Guyyaan hundii guyyaa dubartoota abbaa haadhaa jaalaleewwani ijoollee ttii gootowwaan teenna kabajaama malaa kabajamaa bilisummaan kaa ummata Oromootti,0,0,0,3,0,0
orm_train_track2_899,Waaaqooon kolfaaan nu fixe,0,0,0,2,0,0
orm_train_track2_900,Dhugaaa dubbbachuuuf Haaaceee gaaafa dhabnu Aartiii oromooof sodaaa gudddaaatu narrra ture hara garuuu Haaaceeen waaan due nattti fakkkaaachaaa hin jiru galatooomi,0,0,0,2,0,0
orm_train_track2_901,Oromiyaaa ko kabajamtu,0,0,0,1,0,0
orm_train_track2_902,namoonni jaarsaa jartii dhiiraa dubrartii qaama miidhamaa hin jedhiin hundii bahee ganamaan filachuu eegaleera,0,0,0,0,0,0
orm_train_track2_903,Jigjigaatti abbaan mucayyoo ganna 11 gudeedamuun haala suukaneessaan ajjeefamtee maal himan?,0,0,0,0,0,0
orm_train_track2_904,Gidiraafi yaaddoo godaantota Itoophiyaa Afrikaa Kibbaatti hammaate,0,0,0,0,2,0
orm_train_track2_905,Habashaan Oromoo konyaa Wallaggaa jiraatu akka malee jibba . Osoo danda'ameefii duguugee balleesse gammachuu isaa hin danda'u . Oromoon Wallaggaa jiraatu Oromoota biroo irra waa isaan godhee miti . Garuu waraana . URL,2,3,0,0,0,0
orm_train_track2_906,@USER Orma sossobuu amala godhanne harka qullaatti hafne obbolee.,2,0,2,0,0,0
orm_train_track2_907,gantuu keessanii jiru sabni rakkatus diduun ittuma fufa atis tuulama himattaa gosaan shamaa,0,3,0,0,0,0
orm_train_track2_908,Gandummaa kee osoo hin jibbiin Itoophiyummaa keetiin boonuu hin dandeessu,2,0,0,0,0,0
orm_train_track2_909,Waraana Tigraay: Finfineetti namoonni kuma hedduutti lakkaa'aman mootummaa deeggaruun hiriira bahan,0,0,0,0,0,0
orm_train_track2_910,Nufiii jiradhuuu jalatamaaa ko dhugaaa jeteee sirbi keee rakooo sabaaa kenyaaa haqaaa dubataaa osumani edhooo dutiii hin jireee si dhofadheee ofiii hin dagatin egadhuuu dini kolfati nama galafatiii,0,0,0,1,1,0
orm_train_track2_911,Rakkoo Baqattota Itiyoophiyaa . Mootummaa Itiyoophiyaa fi hoogganoota ABUT gidduutti waraansi ka’ee fi rakkoon namoomaa sanaan wal-qabatee dhufe Gaanfa Afrikaa akka rakkoo wal-xaxaa keessa hin buusne sodaatamaa jira.Gabaasa Addaa:URL URL,0,0,0,0,0,0
orm_train_track2_912,Shamarran faranjii kun qaanii hin beekani jarana Afaanuma guuttattee post me on instagram hin jettu seetanii Shimalumaan ol-kaasee manaa ar’ie kaa ani Leencichi kee URL,0,0,0,0,0,2
orm_train_track2_913,Koronaavaayiras: Xaaliyaanitti guyyaa tokkotti namootni 475 COVID-19'n du'an,0,0,0,0,0,0
orm_train_track2_914,obbo jawaar isaanitiin adeemsa qabsoo oromoorratti barreeffama gabaabaa dhiyeessuun kallattii fuula duraa akeekaniiru,0,0,0,0,0,0
orm_train_track2_915,Hirkkkooo kolfan nu fixeee ,0,0,0,3,0,0
orm_train_track2_916,gaafatamaan waajjira preezdaantii bulchiinsa mootummaa oromiyaa obbo geetuu gammachuu waltajjiin marii gumii balal marsaa marsaan geggeeffamaa jiru jijjiirama hawaas diinagdee uummata oromootiif shoora guddaa qaba jedhaniiru,0,0,0,0,0,0
orm_train_track2_917,zeynabaaabdulahi24777 ati uka keee olgaragalchiteee kennnuuu male maaalbeeettta ati donqoooro naaan jedhaaa kansifuuudhu zariii hundumaaarrraaa yi otuuu sareeen gaaariiin bidddeeena koootiiin baaateee hundatu sittti olbaha,0,3,0,0,0,0
orm_train_track2_918,Mashaaaaaalllahbagaaaraaabbbiiisifayiiiseeeyaoboleeesaaakiiiyaaa,0,0,0,3,0,0
orm_train_track2_919,Abbaa malee hadhaa malee Akkamin jiraatti ilmaan worraa pptiniiQe.een nudhalaame ya rabbii ati gumaa kenyaa baasi URL,2,0,3,0,0,0
orm_train_track2_920,Yaalle hamma dandeenyu kana caala maal goonuuf xinnaas gabbarre guddaa akka wajjin bubbulluufobsuun waanuma jiruobsine hamma obsaaerga sodaa fakkaateka’een ishiitti cabsa yaa ijoollee biyya kootiihundumtuu haadhoo kooti #HacaaluuHundeessaa #OromoProtest URL,3,0,0,0,0,0
orm_train_track2_921,Cubbbuuu hamaaadha,0,0,0,0,0,0
orm_train_track2_922,Umer mattti naf taiii sanyi kooo kabajan si gafadhaaa,0,0,0,0,0,0
orm_train_track2_923,Ulfaaadhaaa kabajamooo pr Barrreeefffama kana dubbbiseee fixeeera dhuguma barrreeesssitan Garuuu ummmannni Gujiii afaaan keeesssaniiif hojiii barbaaada dhugaaa barbaaada Dabeeera Ittti shirameeera Ummmannni achittti bahe sun 14 ummmata Gujiiiti maleee Gujiiin hundi baheee hin jiru Ummmannni Kun Qabeeenya qaba kanaaaf nami daba ittti barbaaada innni garuuu waaaqa qaba Kanaaaf ummmata kana ittti hiiiqaaa meee,2,0,0,1,0,0
orm_train_track2_924,"Dhaabbanni Doktoroota daangaa Maleeyyii (#MSF) Itophiyaa hojjettota isaa bittimsuudhaan Waajjira isaa cufee jira . Hojjettoota dhabbatichaa 3 Waraana mootummatiin Ajjeefamuu @USER Dhiyeenya gabaasuu hordofee Dhadannoon ""Ganaa isin fixna"" jedhu Amaaran irratti gaggeffameeti.",0,1,0,0,0,0
orm_train_track2_925,Wayyya jetttereee Barumsa irrraaa agannnu qabnamooo akkkam Nama dhaloootaaaf fakkkeeenya gaaariii tau osooo keeesssummmaaa godhattteee gaaariii nattti fakkkaaata   gara fuuula duraaattti Yooon dogogore dhiiifama,2,0,0,0,0,0
orm_train_track2_926,Koronaavaayiras: 'Sochiin sababa weerara Covid-19f dhorkame namoota jimaa qama’aniif yaaddoo uume',0,0,0,0,0,0
orm_train_track2_927,Gammmaaada show jabeeesssi jabaaa yaaada gaaariii,0,0,0,2,0,0
orm_train_track2_928,Yaaa Rabbbi biyyya teeennnaaaf nagaya buuusi dhuma moootummmaaa kanaaas salphina isaaa nugarsiiisidhiiiga ummmata miskiiina ati baaasi yaaa Alllaaah,0,0,1,0,0,0
orm_train_track2_929,umuriii nuuuf dheeeradhu Leeenca sodaaa hin beeekne bakkka Haceee atumti sagaleee uuummmata Oromooo nuuuf tai,0,0,0,1,0,0
orm_train_track2_930,HBD ma Hero Baga Dhalattan Jaal Dr Injiiner Lencho LetaBarri keessan inni hafe kan gammachuuf nagaa isiniif haa ta'u!#79 URL,0,0,0,3,0,0
orm_train_track2_931,Oromiyaaa ,0,0,0,0,0,0
orm_train_track2_932,ajjeechaan amaaraa dhaabbatu,2,0,0,0,0,0
orm_train_track2_933,Rahman mattti naf taiii sanyi kooo kabajan si gafadhaaa,0,0,0,0,0,0
orm_train_track2_934,Kananiii keeenya  Jabaaa namaaa kabajatu malaaaf,0,0,0,1,0,0
orm_train_track2_935,Gaardiyoolaafi haati warraasaa jaalala waggaa 27 booda walfuudhan,0,0,0,0,0,0
orm_train_track2_936,yaaarabbbi yaaa alllah attti nuf garigari yaaarabbbi   wbo kooo dhugaf ciqama jirta dhugaf dhabattte dhuga dubbbattta yaaarabbbi attti gargaru yaaarabbbi harka kenya sittti dirifane attti nusalfachisin yaaarabbbi yaaakarimu,0,0,1,0,0,0
orm_train_track2_937,fj73332  Oromooon soba hin jaaalllatu bar,1,0,0,0,0,0
orm_train_track2_938,Afrikaa Kibbaa beeksisuuf Tireevar Nohaaf doolaarri mil 1.7 kaffalamuufi jedhamuun dheekkamsa kaase,0,0,0,0,0,0
orm_train_track2_939,@USER Akaanaa kunoo qeroo oromiyaa kanii sodaa tokkoo hin qabaanee,0,0,0,2,0,0
orm_train_track2_940,baye namati tola baromsa gari qaba,0,0,0,3,0,0
orm_train_track2_941,Raashiyaan waraana Niikuleera fayyadamuu akka maltu himuun muddama uume,0,0,0,0,0,0
orm_train_track2_942,Addunyaa guutuutti namoota meeqatu talaallii amana?,0,0,0,0,0,0
orm_train_track2_943,"Watch ""ODUU Hatattama Gootichi WBO waraana PP irraatti haleellaa fudhachaa jiraachuu |MOHAMEDIA"" on YouTube URL",0,0,0,0,0,0
orm_train_track2_944,baaayeee gaaariii Tafariii salaleee jabaaadhuuu fuuulduriii keeenya ifaaa jabadhuuu,0,0,0,3,0,0
orm_train_track2_945,sagantaaan keeesssan gaaariiidha garuuu ol gudddiftttu osooo jennnuuu daqiiiqaaa 10 nittti gadi buuusaaatttu foyyyesssaaa,0,0,0,1,0,0
orm_train_track2_946,Biyya kennaaf naga barbannaa lubbuun namoota baay'ee sababa tokko malee badaa jira inni biyya faranjii jirran kan biyya keessa jirtanis sababa dhuunfaa keessanitif lubbuu namoota qulquluu hin miidhinaa biyya teennas haa deggarruu,0,0,1,0,0,0
orm_train_track2_947,Arrraaa sutttaaa kolfaaa,0,0,0,1,0,0
orm_train_track2_948,Oromoon gaalana irra dhangalaana jedhee waggaa sadan har'aa akkuma Jaal Marroon Gidaamiitti uummata waamee dhaadate WB0n golee Oromiyaa keessa dhangala'ee har'a osoonni Oromiyaa cufa keessa diina hurgufee lolaa jiruu qabatamaatti ijaan argine!,0,0,0,3,0,0
orm_train_track2_949,Waaan hundaaanuuu osooo qooophooofnnneee akkka Maleee gaaariiidha warrra Kooo kana ittti fayyyadamuuu banana akkka Maleee ulfaaatadha abdiiis hin qabnu kana beeekaaa ,0,0,0,0,2,0
orm_train_track2_950,Haaala gaaariiin dhiheeesssaaa jirtuuu ittti fufaaa,0,0,0,2,0,0
orm_train_track2_951,Tolaaa Bariiiso   mataaan   isaaa   asxaaa   BBBO   taeee   jira,0,2,0,0,0,0
orm_train_track2_952,@USER Four abiyyii sii haa gahuu qilleensa irran atii oromoodha oromo yoo taate oromoon maal barbada ree nafxanyaan hoo maal barbad isaa kamatuu saballamiif diina isaa kamatu firaa sabalammif yoo oromoo taate hubadhu nafxanya taatu gubadhuu nafxanyaa wojjin hin bullu,2,3,0,0,0,0
orm_train_track2_953,nafxanyaa uummata nama du'es kophatti filatee gadduudha,0,3,0,0,0,0
orm_train_track2_954,#SalaaleeDheengadda #Ada’aa Bargaatti kaleessa Salaalee aanaa Warra #Jaarsootti qaamni mootummaa qonnaan bultootaafi dargaggoota nagaa walitti qabanii bakka tokkotti fixan . Baay’ee nama gaddisiisa! Uummanni nagaan manaafi bakka hojiisaarraa qabamee jumlaan yoo ajjeefamu,0,0,3,0,0,0
orm_train_track2_955,Sorsa Hori hiyyeessa guddissu malee nama hiyyeessa hin guddissan yoo horii hiyyeessa guddiftee gaafa guddatee qalteetti foon eessa nyaata yookani gatti gaarii tti gurguurrtee birriii baay'ee argataa yoo Nama hiyyeessa guddiftee gaafa guddatee nama baaleessa,2,0,0,0,0,0
orm_train_track2_956,Ajaa'iba dhugaan mul'ataa deemti . Dhugaan dhugummaa isheen mulatti . URL,0,0,0,0,0,3
orm_train_track2_957,Godaantonni Itoophiyaa dhibbaan lakkaawwaman weerara vaayrasii koronaatiin wal-qabate gara ji’a jahaa dura humnoota Saawduii Arabiyaatin biyyatti deebifamtan jedhamanii mana hidhaatti galfaman rakkoo hamaa keessa jiraachuu himatan.URL,0,0,1,0,0,0
orm_train_track2_958,Iraaqitti balaa abiddaa cidharratti mudateen yoo xiqqaate namoonni 100 du'an,0,0,2,0,0,0
orm_train_track2_959,Impaayerrii Itiyophiyaa Siyaasa sobaa sadoo dhuunfaa fi Fakkeessan tiksamtu hin jiru . - Impaayera Abbaa sirraa nyaatu Ilmatu gumaa baasuf Falmatti jira.-Impaayera dhalakee sijalatti ajjeestu Abbaan Gumaa dhala isaa baasuf Qabsoo Hidhannoo tti jira . Oromiyaan Biyya! URL,0,2,0,0,0,0
orm_train_track2_960,Nuf Gammachuu Gammachuu caaleedha diinaaf gaddaa guddaadha baga gammaddaan ummaata koo URL,0,0,0,3,0,0
orm_train_track2_961,Jabadha sagaleee ummmataaa cunqurifaaa fi midhamaaa,0,0,0,0,0,0
orm_train_track2_962,Wayiii gara ko kolfan   Nuuu fixe ,0,0,0,2,0,0
orm_train_track2_963,Humaamiti kan guyyaan gahe akka itti du'uufi bakka itti du'u hin beeku hundaafuu falmachaa du'uun gaariidha du'a hin oolanii Gumaa saanii Rabbiin bilisummaan haa galchuuf URL,0,0,2,0,0,0
orm_train_track2_964,www jabadhu leeencaaa ko like ittti robsaaa wol gudddisaaa ilman oromo ,0,0,0,3,0,0
orm_train_track2_965,Ustaz kabajamaaaf jaaalatamaaa keeenya fiduuu kanaaaf atuuu kabaja qabda dhugaaa,0,0,0,2,0,0
orm_train_track2_966,Mootummaan Keeniyaa rakkoo nageenyaa Bulchiinsa Marsabiit furuuf humna addaa bobbaase,0,0,0,0,0,0
orm_train_track2_967,Finfinnneeen soba maleee taaaa amarati bar oromooon maqaaafi maleee oromooon yaaadddaaa ifajiii bara baraaan kun niii duaaa kun achiii buteee isaaa dhabbbaaan kaaa oromo kuni baaayeee nuuu rakkkiseee yaaa sabaaa kooo yomummmaaa dararaaa irrraaa bilisaaa bataaarabbbiiin isini haaa birmaaatuuu baraaa dhugaaan dhokkkateee s,3,0,3,0,0,0
orm_train_track2_968,@USER Nafxanyaan isa osoo hin tain sihi kan kiisii uraa maal akka hojjactee siif hime fakkaata . Ilma abbaa gadaati dogongorus itti dubbannee sirreeffanna,0,3,0,0,0,0
orm_train_track2_969,salphooota niiitiii wayyyaaaneee ergamtuuu wayyyaaaneee hin barbaaannnu,0,3,0,0,0,0
orm_train_track2_970,Mana hidhaa Saudi keessatti isin worra badhaadhina deeggaru jechuun Girrisaan ijoollee keenya Dararaa hamaa irratti raawwataa jira . maaloo maaloo Warri mana hidhaa saudi guute irra guddaan shororkeessaa dha . DeeggartootaTPLF qoratamuu qabu . #AbiyAhmedAli URL,2,0,2,0,0,0
orm_train_track2_971,Walagarrra  Nan geeerara aaariiikooo kan na keeesssaaa booobauuu Yooo gaaaleee taeee maleee supheeen gaaachana hin tauuu Leeenca taeee dhaladheeen kodhollleeemmmooo taaaareee Namni bakakkkaaa beeeku dibbbeee dhaaanan naaaareee Mufiii keeettti na aaareee sessseeeratttu na aaareee Ijooollleee biyyya,2,0,0,0,0,0
orm_train_track2_972,Waaan jetttu hin dhabin biyyya Ethiopia keeesssa qaaamni waaan gaaariii godhu hin jiru Ani kanan jedhu video argiteee gadddite kan qaaamaaan bira jiraaateee kan kanaaa oliii argemmmooo heddduuudha Yooo dhuguma Oromooo keeesssaaa baaataniii Oromooof afaaan taaataniii kan dubbbatttan tae gocha waraaana moootummmaaan,2,0,0,0,0,0
orm_train_track2_973,Jaarii: Sirna kadhataafi galataa aadaa Oromoo,0,0,0,0,0,0
orm_train_track2_974,@USER Soba dhisii kijibaa . Kelessaa #tplf naf diinaa jechaa turtee ardhaa ammoo hajanda #tplfn nuf dhuftaa,3,2,0,0,0,0
orm_train_track2_975,@USER Kan of dagatee orma jala kaatu kufaatii ofii saffisiisa malee gama lachuufuu bu'aa hin buusu.Badhaasa Noobeeliitis yoo taate yeroon itti deebisanii kennan fagoo mitiOf eeggataa sirbaa,0,0,0,0,1,0
orm_train_track2_976,.Abiy Ahmed jecha kana mirkaanssa . dura Abiy Ahmed Tigree jalaa waggaa 27 kaate hambbaa nyaate afaan eessan barree gaafa Tigreen kuftuu arsaasaa fi beelaan fixa jira . kana kani Abiy Ahmed saree abba wajjiin duultee kani eessa fakkeessu . Oromiyaa yookani du'aa,0,2,0,0,0,0
orm_train_track2_977,Wow Galooo Hojiii gaaariiidha Jabadhu leeenca kooo ,0,0,0,3,0,0
orm_train_track2_978,Waan 'gammachuu nuu kennu' soomuun qaama keenyaaf faayidaa qabaa?,0,0,0,0,0,0
orm_train_track2_979,OPDO-PP Abiy Ahmedi karaan Uummata Oromoo gargar qooduu irratti nubaasa jedhanii 1 . KFO fi ABO akka wolli hin galle godhuu 2 . Jawaariin gad isiini dhiifne jechuun Arsii gowwomsu Abiyiin wolli galeera jedhani olola oofu . 3.Wollaggaan akka diinatti akka ilaalaman olola oofu fi kkf,2,0,0,0,0,0
orm_train_track2_980,Afgaanistaan: Hidhattoonni sirba cidharratti dhagahamaa ture dhaabsiisuuf haleellaa raawwatan,0,0,0,0,0,0
orm_train_track2_981,Miidiyaan hawaasaa hedduun jalaa kan cufame Donaald Tiraamp marsariiti haaraa banatan,0,0,0,0,0,0
orm_train_track2_982,Amaleee quqaaagaraaaqabuuu jiiibaaandaraniii sodaaan bayaaateee   builchiiinsaaan Waaanshanyiiinqophaheeen arkaaajiiiraaa   godiiinaaakana   shanyiiitakkkaaan bulchaaajiiiraaatuuun hubadheee dubbbiiitana namajaaabatuuu duuubajiiiraaa wallluuumanuuu buleeegaraaa yadaaa tokkkumaaandemuuu caaalaaanamaaa harkaaawalmiiiciiiruuunarkaaa,1,0,0,0,0,0
orm_train_track2_983,Maqaaa Gudddaaa qabdu garuuu hiraaariiin sammmuuu nun jeeeqinaaa haaasaaan keeesssan madaaala kaaasuuu dhiiiseeera,1,0,0,0,0,0
orm_train_track2_984,Kunis seenaa ta’e jira waraana seenaa beeku qofaf guyyaa ijibbaata oso jedhanu diinaaf jilbifaatani.WBO qormaata kana hundaa darbuun har’a Oromiyaa bilisoomsuuf jedha.Buli WBO waggaa miliyoona . URL,2,0,0,0,0,0
orm_train_track2_985,Guyyaa gootota oromoo kabajuu qofa osoo hin taane qabsoo isaan wareegamaniif san galmaan gahuuf hojjatuu qabna . Hundaafuu baga geessan garuu komii takkan qaba yeroo gootota Oromoo yaadattan mara maaf Goota oromoo walloo takkumallee keessa fiduu diddan ? Gaaffi natti tahe.,1,0,0,1,0,0
orm_train_track2_986,Waraanni Bilxiginnaa Horroo Guduruu Wallaggaatti hojjettoota mootummaa dirqamsiisuun sakatta’a Waraana Bilisummaa Oromoof bobbaasa jiraachuun dhaga’aame . URL,2,0,0,0,0,0
orm_train_track2_987,Dhugaaa   ani   Daimmmaaa   nati   fakkkateee ,0,0,0,0,0,0
orm_train_track2_988,Shaggar Lixaa Meettaa Walqixxee Minaareetti WBOnbl waraana pp akka baala mukaatti harcaasaa oole.,0,0,0,3,0,0
orm_train_track2_989,Akka odeeffannoon madda adda addaa himtutii barattoota Oromoo Yunibarsiitii Waldiyaa jiran irratti rakkoo gahaa jiraa jetti waan taateef qaamii dhimmii kun ilaalu HATATTAMAAN akka qabbaneessu.,0,0,0,0,3,0
orm_train_track2_990,nafxanyaan mataa cinii oromoo walloo yaaddessaa jirti,0,3,0,0,0,0
orm_train_track2_991,leellistoota sirna nafxanyaa,0,3,0,0,0,0
orm_train_track2_992,Oromoon akkuma hawaasa kamiiyyuu aangomuuf dhaabni OPDO jiguu qaba . Dhaaba waggaa 30f namni gaariin yoo hidhamuu fi ajjeefamu namni gadheen du’aa fi dararaa uummataatiif hin rifanne itti wal guuraa baheedha . Dhaabni akkanaa Oromoof qofa osoo hin taane hawaasa kamiifuu hin malu . URL,3,3,0,0,0,0
orm_train_track2_993,.Akka beeknu Habeshan ofi tulltii afaan Oromo hin barratuu maaloo afaan kenyan gargaarramaa kunoo harkan rakkoo ofitti finee guyya guyyan nu ajjeeftii kenyumaa fiafaan Oromottin gargaaramnee Habesha ofi irraa buqifnee du'aa jalaa ofi baassu barbaachiissa,0,2,0,0,0,0
orm_train_track2_994,@USER Oromoon 50mil ta'ee hoogganaa tokko irratti qofa hirkachuun matumaayyuu qaaniidha . Akkuma ilmi abbaa dhaalu yeroo hamaattis ta'e gaariitti nama hooggantoota keenya bakka bu'an horachuun jajjabeessuun dirqama Saba kanaadha,1,0,0,0,0,0
orm_train_track2_995,Abiyot milnik jadhamaaa,0,3,0,0,0,0
orm_train_track2_996,maalitti beekta doofaa jazbaa,0,3,0,0,0,0
orm_train_track2_997,Kkkk kkk waaan orma barbadun salphinaaa gudaaa namati fidaaa humna ofitiiin hojete kaaan argetu immmooo bayeee siii gemechisa waqqqayooon harkaaa ormaaa nuuu hin ilalchisiiin itttiii fufaaa leee baredadhaaa,0,0,0,2,0,0
orm_train_track2_998,Hordoftoonni Amantaa Kiristiyaanaa hundi Baga Ayyaana Kataraa fi Ayyaana Cuuphaa nagaan geessan . Ayyaanichi Ayyaana guddinaa badhaadhinaa fayyaa milkii gammachuu fi nageenyaa akka isiniif ta'u hawwii guddaa qabna . URL,0,0,0,2,0,0
orm_train_track2_999,ustaaazonnni keeenya ummmannni keeeniyaaa ummmata kuuush kan gaaarommminaaa fi gara laaafina oromooorrraaa barate maleee oromooorrra gaaariii taheee miti garuuu wagggaaa 150 ol gabrummmaaan irrra turuuun jibbbinsa oromooof qabanirrraaa kan kae akkka oromooon wal jibbbu godhaaa turan kanaaaf rakkkooon oromooon qabu ga,1,0,0,0,0,0
orm_train_track2_1000,@USER Qabsoon oromoo hayyoonni keenyi heexoo dhugani har'an gahan karaatti hin hafuu.Oromoonis Abbaa isaa ni arga.obsi hadhaa oromoo.guyyan dhufa jiraa.,1,0,0,0,0,0
orm_train_track2_1001,Oromoon tokko taatee hojii WBO gargaaruun achi filannoo biraa hin qabdu . Osoo Paartileen Oromoo #ABO fi #KFOn filannootti hirmaatan ta'ee al tokko kan abdii horatu hin dhibu ture . Amma garuu it is too late to think of election anymore . The only option is to support #WBO.,1,0,0,0,0,0
orm_train_track2_1002,Bareedaaf Asheeta bira hin darban! jedhu mitiiree? Irreecha sababeeffachuun Bareedina waggaa guutuu dhokatee turee amma mul'ataatti jiru caalmaatti mul'isuuf jenna!!#oromo_girls_for_oromo_boys #oromo_boys_for_oromo_girls URL,0,0,0,0,0,0
orm_train_track2_1003,Qarshiin afaan baasee dubbachuu baatus humna soba dhugaa fakkeessuu qaba . (South Africa )CC: Abiy OPDO/PP stop doing this!!,0,0,0,0,0,0
orm_train_track2_1004,Artiiin muuuziqaaa keeetiiin hammma Oromooon gahu fi qabu waaan ibsiteeef galata dachaaa qabda Sirba kanaaan qeeeen warrra masaaanuuu fi gantuuu akkka raaafamu nan amana Keeenya oluma Galatooomi Galanaaa keeenyaaa,0,1,0,2,0,0
orm_train_track2_1005,@USER Namni Ethiopia lolaa fi waraana jalattii waan gaarii maal itti agarsiista ? Wal hin ynaatinaa kana ynaadhaa jeettee agarsiisun kee rabbi irraa argatta.,2,0,0,0,0,0
orm_train_track2_1006,@USER gaafii hin qabu.oromiyaa keessatti jeequmsa kaasani dirree waraanaa gochuuf ifaajaa jiru.saree,2,3,0,0,0,0
orm_train_track2_1007,Jarri nafxanyaa/ppn akka saree maraatuu ta'uushee kan mirkaneeffannu raashiyaan imbaasiitti peestaalii guurtee gaafa yaatu . Garuu waraana raashiyaa deeggaruufimoo gargaarsa nyaataa kadhachuufi?Ajab!,0,3,0,0,0,0
orm_train_track2_1008,@USER Na caqasi waan isin taatan ilmaan zinaa gowwaalee akka hori lencaa sodattani magarraja jalaan ittiragsiisuuf deemtan leenci hajaa keessan hin qabu qerroon isaaf jirti salphina keessan arguuf jirtan shokotuu fardeen nafxanyaaa hin argattan gatii keessan !!!!,0,2,0,0,0,0
orm_train_track2_1009,Diraaama keeesssan yero hunda kolfaf lalu hindandau jabadha sanyi ko hedddu nama buarsa,0,0,0,3,0,0
orm_train_track2_1010,Poolisiin Loos Anjeles akkaawuntii sobaan fayyadamtoota basaasu akka dhaabu gaafatame,0,0,0,0,0,0
orm_train_track2_1011,Dhimmoota ijoo marii nagaarratti mootummaafi humnoota Tigraay waldhabsiisuu danda’an,0,0,0,0,1,0
orm_train_track2_1012,All muslim As.wr.wb dhaamsa rasuula rabbi s.w . a.namni guyyaa tokko rabbi sodaaf waan heera rabbitin faallaa dhiise rabbin waan sanirra caalu jiruu isaa keessati bakka buusaaf jedhan,0,0,0,0,0,0
orm_train_track2_1013,Lalistu mattti naf taiii sanyi kooo kabajan si gafadhaaa,0,0,0,0,0,0
orm_train_track2_1014,Nagaaa fayyyaaa keeenya jira galata waqayyyooo Yihuuun Ingidaaa lubbbuuu kiyyya atiiimeee akkkam naf jirta Lubbbu nagaaadhamiti Ilove U so many ,0,0,0,3,0,0
orm_train_track2_1015,Mashaa Allah baay'ee bareeda jabaadhaa hojadhaa Isiin hojii gaarii fi seenaan boruu Isiin yaadatuu hojachaa jirtuu . URL,0,0,0,2,0,0
orm_train_track2_1016,Jimmatti qeesiin qalamee fi manni amantaa gubate hin jiru . Baanaarii kana hundi keessan ragaaf kaawwadhaa! Rakkoo Mana Amantaa Tawaadoo Ortodoksii keessatti uumame mootummaan . URL,2,0,0,0,0,0
orm_train_track2_1017,@USER Keep shining bro . I'm fan of ur daily work on KMN &amp Keelloo . You've a great future . Keessumaa sagantaan ati akka documentary tti seenaa waliin wal simsiisuun dhiyeessitu ajaa'iba . Jabaadhu!,0,0,0,2,0,3
orm_train_track2_1018,Ummata Jawwaariin hiiksisuu dhiisii yaala argachuu akka danda'u Twitter fi Feesbuukii qofa abdatuti bilisoomaa? . tu.Oggansakee kadhaan mana yaalaa geessisuu akka hinjifannootti fudhattee manatti deebiteem . Muu.,3,0,0,0,0,0
orm_train_track2_1019,addaggee shallee jaarsummaa keetuu hin beektu akkkuma eegee bonobbontee kijiba hafarsita,0,3,0,0,0,0
orm_train_track2_1020,Baga geessan Ayyaanni kan milkii jalalaa fi badhaadhina isiniif haa ta'u Ayyaana gaarii!! URL,0,0,0,2,0,0
orm_train_track2_1021,#Guyyaan Ayyaanaa guyyaan cidhaa guyyaan gammachuu isaanii birmadummaa biyya isaanii kabachiisuu kan ta'eef kabajamtoota Gootota keenya RIB keenyaaf kabajatu malaaf!Bakkuma jiranitti baga geessan haa jennuun! URL,0,0,0,2,0,0
orm_train_track2_1022,Daawwattootaa fi Dhaggeeffattoota keenya kabajamoo qophii addaa dhimma impaayeera Itoophiyaa Oromoo fi Oromiyaa akkasumas gooticha Waraana Bilisummaa Oromoo ilaalchisuun turtii Jaal Jireenyaa Guddataa waliin taasisne bor galgala qabannee isiniif dhiyaanna Jedbuu hordofaa URL,0,0,0,0,0,0
orm_train_track2_1023,Hirko kolfaaan muxux nugoooteka,0,0,0,3,0,0
orm_train_track2_1024,Ijoolleen Oromoo lola kanatti lubbuushee dhabaa jirtuu salphina salphina caalu keessa galaniiru! Harka kennatanii ofi olchuuf fiiguun akkuma jiru lubbuu ofiis dhabuun ni jira #WBO cina hiriiraa lammii keessan oromoo tiksaa! URL,2,0,0,0,0,0
orm_train_track2_1025,Waggaa 150 dura biyya abbaa keenyaa sibiilaan nurraa fudhatan . Biyya keenya deebifachuunis sibiilaan malee harka duwwaan ni dadhabame . Oromoon nageenya jibbee odoo hinta'in gabrummaa jibbee qabsaawa . Kanaaf miliyoonaan WBO deeggarra . WBOn haa waaru #OromoVoice,2,0,0,0,0,0
orm_train_track2_1026,Jechoota Maanguddicha Ajaa'ibaa kana keessaa qabadhe Miinoo san hiinu maleeHoo'ee finiinu maleeKaan irratti laalee jiilu maleeIlma namaa Afaan kudhaniiAkkamitti Wajjiin bulanii?,0,0,0,0,0,0
orm_train_track2_1027,@USER Obbolessa koo hunduu tokkuma ( ilma nama ) sidaamaa jatte oromoo jatte hunduu du'a jiraa atii maalif woyane wajjin biyyaa oromo dhiga fi lafee kenne ijaree iratti kattaa ?,2,0,0,0,0,0
orm_train_track2_1028,Bara Mootummaa Males sanatti Lammiin keenya kabaja qaba!Abbaa jibban haqa hin jibbu Oromoon . Malls yeroo tokko koottu abiy nurr fudhuu please nu rakkisewoo.,0,2,0,0,0,0
orm_train_track2_1029,@USER That is your dream ! Wanuma dhageessaan hunda dhugeefatuu !Bilisummaan faranjii irra sifi dhufu hin jiru.hameenya sabaaf biyyaa kettitti yaada hin milkoofitu Wan amma isiin itti jirtan siyasaa osoo hin tane hinaffa gandummaa jibba bolola aangoo malee dhima saba mitti !!,3,0,0,0,0,0
orm_train_track2_1030,Utuu #Ethiopia isin suphuuf maraattan kun biyya abbaa qabuuf seerri keessatti hojjetu taatee ajjeechaan Uummata nagaa irratti loltuu #AbiyAhmedin raawwatameef ittigaafatamummaatu mulata ture . Garuu #Ethiopian erga diigamtte waggaa 3 ol ta’eera . #WBO #OLA #Oromia #AbiyMustGo! URL,3,0,0,0,0,0
orm_train_track2_1031, jabaaadhu hin sodaaatiiin dhugaaa saxili,0,0,0,2,0,0
orm_train_track2_1032,Namni akka ati sabaan wal bartan isin godhe mana hidhaa jira.Isin garuu gantoota xannacha maqaa qabsoo oromootiin qabsoo burjaajessaa tura dhugaan keessa keessani baga ifa baate.Dhugaa ummataa dubbachuu fi soba hafarsuun walqixa yoo sitti mi'aawe nagatti ka URL,2,0,0,0,0,0
orm_train_track2_1033,@USER Yooya yooyaa nageenyi baadhadhaa baga nagaan dhuftaani Dr,0,0,0,2,0,0
orm_train_track2_1034,hordoftoota amantii islaamaa guyyaa gaarii oromummaan jaalala oromummaan kabaja,0,0,0,2,0,0
orm_train_track2_1035,Pireezidantiin Raashiyaa Vilaadmir Puutiin kan amma Yukireen irratti waraana bane eenyu?,0,0,0,0,0,0
orm_train_track2_1036,Uummati Wallaggaa waraana WBO fi Badhaadhinaa gidduutti dhumaa jira . Namni hojjetee jiraachuu nagaan bahee galuu dadhabaa jira . Kuun WBO deggerta nyaata dhiyyeessitaaf jedhamee ajjeefama . Kaan immoo waraana Badhaadhinaaf ergamtuudha odeeffannoo dabarsitaaf jedhamee ajjeefama.,0,0,2,0,0,0
orm_train_track2_1037,Yaaa Raaabbbiiin yaaa alllahaaa nuuuf biraaamadhuuu illlaaahiii yaaa rahamaaaniii ,0,0,1,0,0,0
orm_train_track2_1038,obsuuuf dhoksuuu sobuma seeeteee  Galaaanaaa gaaaromsaaa  ni caaalta abbbaaa feeeteee   ulfaaadhu si jaaalannna gudddooo,0,0,0,2,0,0
orm_train_track2_1039,fedhiii male nama kolfachisuuu,0,0,0,2,0,0
orm_train_track2_1040,Haaayeee nuuufi jirrraaadhaaa,0,0,0,3,0,0
orm_train_track2_1041,@USER Kun jazban jerana afaan guutete akkas jedha xiqqpmase hin saalfatuSilaa nama sodaa hafee waaqa si uume hin sodattu bor ni duuta bar yoo dhuga dubbatte duute maal lafa kanarra hangam jiraatta me yaa obolesso waaqayyo sitti haa faradu,0,3,0,0,0,0
orm_train_track2_1042,Ammma dubbbin gara galeee yerooon yerooo boqonnna tahuuu arginerrra isin omn immmooo galata gudddaaa uuummmata oromooo biraaa qabdu nuuu jiradha,0,0,0,2,0,0
orm_train_track2_1043,dhiira ta'ee dubartii ijoollee pheenxee afaan qulqulluu hamaa hin dubbanne warri waaqa sodaatu jiraa,0,0,0,0,0,0
orm_train_track2_1044,#Baga_gammaddan!Bulchiinsa Aanaa Baateetti Piroojeektiin Misooma Jallisii MalkaaLuugoo Eebbifame!Bulchiinsi Aanaa Baatee baajata kaappitaalaa seeftineetitii qarshii2 070 519.52 baasii gochuun piroojektii jallisii malkaa luugoo meetira800 dheeratu hojjachiise eebbisiise jira URL,0,0,0,3,0,0
orm_train_track2_1045,PLEASE   STOP    Qopheee keeesssan heddduuun I Isin   hordofa  Aaddde Caaaltu sitttan booona Afaaan Oromooo qulqullluuu dabarsita Uummmatni   Oromooo balaaan   Afaaan Ingliziii hin beeeku   Afaaan Amaaaraaas ittti hin maktu Ummmatni Oromooo cufti Si Hubata galata gudddaaa qabda   Obbbo Abraham Birrruuu f,0,0,0,2,0,0
orm_train_track2_1046,Qeeyroo Harargee hundaaf . - Gochi ilmaan Nafxanyaa Oromoo Dirree Dgawaarratti Raawwataa jirtu tuffii Ummata Harargee hunda Magaalaan Dirree Dhawaa Magaalaa guddittii . URL,2,3,0,0,0,0
orm_train_track2_1047,soba dhiiifneee ofitttis ummmata biyyyaaatttis dhgaaa himneee yooo fala barbaaannneeen ala haaala ammma ittti jirrru kanaaan biyyyatttiiin kuni garrri isiiin    ittti deeemaaa jirtu tilmaaamuuun heddduuu ulfaaataaadha,0,0,0,0,3,0
orm_train_track2_1048,@USER Dadhabaa ta’uuf deemuu jirtaa . Gaarii miti,0,0,0,0,2,0
orm_train_track2_1049,Yaaa Dammmalaaashiii jalqabdemooo ሽለላshiii Booobiiin booombiiin gaaara hin bau kan bokoke yaaa ፈነደuuu It is tooo hot over here Music is on fire ,0,0,0,2,0,0
orm_train_track2_1050,Bara qabsoof qabsayan woliin hidhaman kallatti qabso nagahaa Kan haawasa hunda hirmachisu cuufame garri itti demnu fi bakkaa demtu addaa bahu dide Bara dukkana kessaa jirra.,0,0,3,0,0,0
orm_train_track2_1051,Qabsoo bilisummaa Oromoo waltajjii addunyaa gubbaatti dhimma goonee qabsiifannee jirra . Har'a Itoophiyaa keesatti taatee ta'u keessaa tokko taatee naannoo Oromiyaa keesatti ta'u addunyaa guututu gurraan ijaan caqasuutti jira . Jaal Marroole (Ajajaa Ol-aanaa ABO-WBO) URL,0,0,0,1,0,0
orm_train_track2_1052,Guyooon esssaaa demeee hadhaaa maaalo   ,0,0,0,0,0,0
orm_train_track2_1053,Gaafa ati Rakkoo keessa jirtuufi gaafa ati dute Ilmi nama akka daafee si dagaatu osoo beektee Rabbiin malee nama ofjaalachisuuf hin cinqamtuu turteNaa amaani addunyaa taanarraa jaalalli qulqulluun jaalala Rabbiin kan caalee hin jiru kan cinqaa keessa nama baasuullee Rabbiinqofa URL,0,0,0,0,0,0
orm_train_track2_1054,Itiqako jabadhuraaabiiidiiinaaasirahaqabuuu oblesaaakiiiyaaa,0,0,0,3,0,0
orm_train_track2_1055,@USER Wow muumicha ministeera biyya tiyyaa hedduu isin jaalanna jabaadha abdii hegeree guddaa sirraa qabnaa,0,0,0,3,0,0
orm_train_track2_1056,Ajjeechaan abbootii gadaa Karrayyuu kuni osooaddunyaa gara biraatti raawwateera taatee silaawaraana addunyaa 3ffaa kaasaan ture! Hay Oromoo!!Salphanneerra!! URL,2,0,0,0,0,0
orm_train_track2_1057,Hordoftootni amantaa kiristaanaa baga ayyaana Faasikaan isin gahe . Ayyaana gaarii!,0,0,0,3,0,0
orm_train_track2_1058,Qubeee Giiiziii otuuu fayyyadamne gaaariii dha,0,0,0,0,0,0
orm_train_track2_1059,Addeessa - URL Rabbii keennaa laakkofnee fixuu hin dandeennu . Rabbiin hawaa kana haala ajaa’ibaatiin uumee jira . Uumamni isaa hir’ina takkallee hin qabu . Hunduu tartiiba isaa eegee karaa ofii keessa yaa’a . Barruu tana keessatti wantoota yoo gara sam . URL,0,0,0,0,0,3
orm_train_track2_1060,Agggaaammmiiin Qubeee Afaaan Oromooorrrattti godhamaaa jiru kun kan sana Oromooorrrattti agggaaamamuuun alattti kan ilaaalamuuu qabu miti,0,0,0,0,3,0
orm_train_track2_1061,Hojiiin keeesssan gaaariiidha namattti hin tola jabaaadhaaa garuuu wal dhagggeeefffadha aaasaaa taraaa waliiif kennnaaa,0,0,0,2,0,0
orm_train_track2_1062,Jireenya kiyyaattis taphachuuti jirtuu saamu koo boqonnaa dhabe wonta itti ifajees bu'a tokkollee hin arginee gaafii gaafadhef deebiin hin jirru kuni abdi namaa kuchisisudha umri namatti taphachuu maaliif ta'aa?,2,0,3,0,0,0
orm_train_track2_1063,Wannniiin arkeeemataaakiiiyaaafjartiiikeeesaaanharkaaaheeeduuu namiiiciiiruuuf dhiiibeee bayyyeeegudaaatiii ciiinachaaadadhabaaa kenyaaanudaraaanxiiilaaatakkkenyaaatuuunurabeeekaaadursannniii iiisaaantuuu iiitttiiifayadamaaa gowaaakenyaaa kanjartiiibuluuudafanaaawajiiin liiiqiiifamneeejiraaa,0,0,0,0,0,0
orm_train_track2_1064,Major Jeneral Jamal guyyaa kaleechaa @USER waraana Naannoo kaaba/ tigraay /haa ajajuuf gara maqalee ergee ture.Akkuma buufata xayyaara Alula Abba Nagga /maqalee/ gaheen Poolisiin Naannoo tigraay gara finfinneetti akka deebi'uu goote jirti . URL,0,0,0,0,0,0
orm_train_track2_1065, darbaniif oromoo amaarri adurree hantuutaa wal sodaataa turan abiddaa cidiis jedhamaa turan,0,0,0,0,0,0
orm_train_track2_1066,jaalalli dhiira bara bajaajiin daandii walakkatti nama gatu,0,0,0,0,0,0
orm_train_track2_1067,Promo dararaaa jiruuu ajeeesasa jiruuu wariii amara wobofanaaa hidhataaa qabduuu jedhaniii promo ajeeesaaa jiruuu maaalooo sagaleee nuuutaaaa,0,0,2,0,0,0
orm_train_track2_1068,nafxanyaa wayyaaneen jabbiloota ilmaan isiitis kalees harra boruus diina oromooti,0,3,0,0,0,0
orm_train_track2_1069,harreen dhudhuuftemmoo,0,3,0,0,0,0
orm_train_track2_1070,Hojiii gaaariii yooo hojjjatankarooorfatan rabbbiiin nama gargaaara jechuuun isa kana Rabbbiiin sababa keeetiiin lubbbuuu isiii ooolchuuun gammmachuuu gudddaaadha Rbbbiiin rakkkataaa hunda sababa gaaariii akkkanaaa kanaaan haaabaraaaru dhibamaaa hhhunda rabbbiiin akkkuma isiiittti haaa fayyyisu Dr atis rabbbiiin umri,0,0,0,2,0,0
orm_train_track2_1071,oromoon saba guddaa duudhaa gabbataa qabudha,0,0,0,1,0,0
orm_train_track2_1072,Jireenya nama tokkollee hin jibbinu!Kan nu ajjeessuuf dhufe ajjeesne hiikkaa du'aa barsiisuun cubbuu miti . URL,2,0,0,0,0,0
orm_train_track2_1073,Maqaleetti kan argamu warshaan MasfinIndustiriyaalii mankuusaa fi suphaa meeshaalee waraanaa shororkeessaa ABUT kan ta'e gooticha Humna qilleensaattin barbaddeffamera . URL,0,0,0,3,0,0
orm_train_track2_1074,Kim Jong-un Kooriyaa Kaabaatti hir'inni nyaataa jiraachuu amane,0,0,0,0,0,0
orm_train_track2_1075,Galaaanaaa garooomsaaa qorichaaa   galtuuufi gantuuu fayyyaaa tahi,0,0,0,2,0,0
orm_train_track2_1076,"Itoophiyaan, Seeraaliyoon waliin hurrii dukkanaa'e keessa taphachuushee Fifaatti iyyatte",0,0,0,0,0,0
orm_train_track2_1077,tiruuu uuufff dubiii sobaaa akkkatiii namaaa dibaaa edaaa,0,0,2,0,0,0
orm_train_track2_1078,Yuunivarsiitii paradise valley irraatti wanti hojjetamaa jiruu waan gaarii mitii yeroo barattootni seeraan barachuuf dheebuu baruumsa qabanitti rakkoo siyaasa gidduu makuudhaan barattoottni jeeqaa jiruu kanaafuu motummaan gama kamiin akka ilaau baayyee nama rakkisa.,1,0,0,0,0,0
orm_train_track2_1079,@USER Saba keenya sodaa irraa bilisa baafneerra . Namoota keenya tokko tokko garuu jaalala garaa irraa bilisa baasuu dadhabne #ProfessorMararaaGuddinaa,0,0,0,0,0,0
orm_train_track2_1080,Sooortuuu ambaaa daaareee  Galannnikeee amanaaareeehojiii bareeedaaagalatooomi,0,0,0,3,0,0
orm_train_track2_1081,"Ramaddiin Shaampiyoons Liigii ifoome, eenyuti eenyu waliin  ramadame?",0,0,0,0,0,0
orm_train_track2_1082,ammaa haalli oromoonni walloo jiran baayyee yaaddessaa tahuu hime,0,0,0,0,3,0
orm_train_track2_1083,Woyi hirkooo kolfan dhumneee ,0,0,0,3,0,0
orm_train_track2_1084,"@USER Tortoraa akka keetif deebii kennuun mataansaa gad ofdeebisuu ta'us ""Harreen harree"" yoo jedhan malee Farda ofseeti . Siif galee",0,3,0,0,0,0
orm_train_track2_1085,Waqqqayyyooo sit haaa araramuuu dantaaa umataaa si rakkkiseee osooo tannneee fedhiii Mata ketuuu si rakkkiseee hundafuuu Gammmeee Ebifamiii kabajamiii waqqqayyyooon sodachuuun keee Gudddaaa na bonseraaa,3,0,0,2,0,0
orm_train_track2_1086,hirko hucccuuu keee dhabde tiyaaa dhabde biyyya Alllaaa hin baneee kolfan garaaa nuuu fixe ,0,0,0,3,0,0
orm_train_track2_1087,@USER WBO waliin fuuldurrii Oromoo ifaadha (bright) . Dhaloonni haarofne sodaa hin beekne kan harka duwwaa Woyyaanee jilbiiffachiise akka garee Maafiyaa kan Abiy Ahmad mootomse dhabamsiisu beekkamaadha . WBO POWER!,0,0,0,2,0,0
orm_train_track2_1088,Obsu ketttis mufiii hin qabnu erga obsite obisi keee sodaaa fakkkate baga ittti cabisite,0,0,0,2,0,0
orm_train_track2_1089,Oromooon OPDO irrraaa waaan gaaariii eeega jechuuun sareee muka jala teeessseee fooon muka irrra jiru eeeguuu jechuuu dha,0,3,0,0,0,0
orm_train_track2_1090,Itoophiyaan mulluu alaa’e dhadhaa samaa aannan qammanaa muuzii toortoraa fi raqa ajawaa nati fakkaati . Wanta yeroon itti dabarte tokko taate nati mul’ati . On a different note aaddee Aster kun immoo maal qaba akka fuula qajeela qabdu kana otoo yaada qajeelaa qabaateeyii? URL,0,3,0,0,0,0
orm_train_track2_1091,OMN yaaannniii keeesssan gaaariiidhaaa garuuu Akkkamiiitttiii akkka faaannnooon ummmata keeenyarrraaa dhaaabamuuu nuf gudhaaa ulfaaadhaaa hoooraaa bulaaa,0,0,0,2,0,0
orm_train_track2_1092,Ijooollleee kana maaal wayyya kolfa nu fixachiiisani,0,0,0,2,0,0
orm_train_track2_1093,K﻿ariim Benzeemaa miidhamaan Waancaa Addunyaa ala ta'e,0,0,0,0,0,0
orm_train_track2_1094,Walaaalooon diraaama  fidaaan hojiii hamaaa,0,0,0,0,0,0
orm_train_track2_1095,Oromiyaaa tiyyya kabajamtuuu biyyya,0,0,0,2,0,0
orm_train_track2_1096,amaarri fedhe qabsawee qeerroo tahus fedhee utaalus siyaasa oromoo keessati kaasaraa fayida takka hin qabu gaarii hojjetu caala rakkkoo uumutu caalaa,0,2,0,0,0,0
orm_train_track2_1097,Filmi gaaariiidha baaayyyeee nama gadddisisaaa Garuuu filmiiin kun hin xumuramneee xumuramuuu qaba dua mucayyyooo irrrittti dhabachuuu hin qabu ture Mucaaan hafeee gara biyyyaaa debie harmeee isaaas barbaaaduuu qaba kana booodaaan wantooota addda adddaaa dizayiniii kahuuu dadneeetttu akkka parti lammmafaaattt,0,0,2,0,0,0
orm_train_track2_1098,#OBN - Gareen shororkeessaa TPLF duula tarkaanfii seera kabachiisuu irratti miseensota hirmaatan of cinaa hiriirsisuuf dhibbaa taasisaa akka ture Hoggansi Shaalaqaa nagaa kabachiistoota Motoorayizidii 25ffaafi miseensonnisaanii ibsan . URL,0,0,0,0,0,0
orm_train_track2_1099,Dhugaaadha kofiiiyaaan diiimtuuu namasadiiiqabdiii guraaatiiin sadiiiqabdiii adiiiniiis sadiiiqabdiii   qubeeemiiitiii namniiisadiiihiii biiiyaaajir   biiiyaaanjiiir iiifffiiinjiiiriii bakkkasadeeenuuu waaankuuunjiruuufiii biiiyiiituuun Ciiiqamaaajirtiii   badaaan gosaaaqabuuu   shanyiiiqabuuu   ifiiinjiiirsaniii,0,0,0,0,0,0
orm_train_track2_1100,@USER Moo! Kan firaaf eelee hindhaabne halagaaf eegee dhaabdi jedhe Oromoon . Gooti keenya Haacaaluun yeroo ajjeefane kabajaa dhowwattanii Oromoo gaddisiiftan ormaaf garuu eegee dhaabaa jirtu . Rabbi salphina keessan nu agarsiisuuf jira.,2,2,0,0,0,0
orm_train_track2_1101,Ilma nama gudddaaa Baga kan keeenya taaate,0,0,0,3,0,0
orm_train_track2_1102,Itoophiyaan sagantaa Ashaaraa Magariisaatiin ganna 4 keessatti biqiltuu Bil . 25 dhaabuu dandeessee jirti . Kun waan ajaa'ibaati! URL,0,0,0,0,0,3
orm_train_track2_1103,Ammma maaali oromooo salphina keeesssa jira hidhaaamtoooni siyaaasa maqaaa kiyyya maqaaa kankeee maqaaa oromooo mana hidhattti darbataman akkka ummmni keeena waaa tokkko godhu hin dandeeeneee bareee dinnni,1,0,0,0,0,0
orm_train_track2_1104,Dhugaatiin shukkaara hedduu qabu kaansariif nama saaxilaa?,0,0,0,0,0,0
orm_train_track2_1105,Ajaa'iba bara kana Dhiiroo Ulaagaa Muudamaatiif1 . Amantii yaa ilaalame2 . Godinni Oromiyaa ilaalame3 . Gahumsi ilaalameGujii hoo Amantii hi qabu? Oromiyaa keessatti lakka'amu?Gahumsa hi qabu?Moo akkuma bara Mootummaa ce'umsaa san.@USER @USER,1,0,0,0,0,2
orm_train_track2_1106,Kan lubbuun jiru waluma argaa.Wabi keenya baga Rabbiin si baasee leencoota keenya waliin wal si agarsiisee si gammachiisee nuus gammachiise . Hoggantoota Oromo kaan hafaniis waal nuhaa garsisuu URL,0,0,0,3,0,0
orm_train_track2_1107,As wr wb ashama sinin jennna ustaaaz kenya jalatamafi kabajama ahmadin jabal meee ati motummman namanyata kun ija oromo mzna hidha kahani acaluuu ajjjesani   jawarfi hamza fi baqqqala garba mana hìdhakahe akkkamittti milkaha atiho akkkamittti abdate,2,0,0,0,0,0
orm_train_track2_1108,.Gurba harree deebiissu hin dandeenye fi bittan Nobel badhaassan Oromiyaa baaleessu dha Itoophiyaa eeshii mormi citee jabeessu dha har'a kanee biyya kenya diina irraa eeguu yoo boru kanee akka hedda warraabeessi darbee saree dutii(barking) akka hin taane.,0,0,0,0,3,0
orm_train_track2_1109,Welcome  Galllo sanyi haceee   ijaaa hamaaa siraaa haaa qabuuu  Masha Alllah  jabadhaaa,0,0,0,3,0,0
orm_train_track2_1110,@USER Akka seenaan akkaakkolee Keenyaa himttutti Gaafa abbaa irree #Menilik Ummanni ballaan Ilmaan isaa barsiisun dhorkkaa dha ammaas wanti tahaa jiru imaammanni paartti badhaadhinaa heera saniin buluu dha heera san keessa wantti jiru tokko Ummata wallaalaa godhanii gabromfatuu dha.,0,2,0,0,0,0
orm_train_track2_1111,@USER 'Manni gogaa harree irraa ijaarame gaafa waraabessi yuusu jiga' jedha Oromoon . Yeroon keessan geessa.Oromoo salphiftanii salphina waan ooltan sinitti fakkaatee ture.#Oromo,0,0,0,3,0,0
orm_train_track2_1112,Hadarahadhaaamanaaahaaaluuufidiii,0,0,0,0,0,0
orm_train_track2_1113,Yeroo hamtuu tana keessatti duula sagalee hoggantoota keenya hidhaa jiraniif tahuu irratti hifachuu dadhabuu abdii murachuu hin qabnu . Humna fi yeroo qabnutti fayyadamne warra kaleessa sagalee nuuf tahaa turaniif sagalee tahuun yeroon amma.#FreeAllOromoPoliticalPrisoners URL,0,0,0,0,0,0
orm_train_track2_1114,maaf akkana soba tuulaa oolta sobduu,0,2,0,0,0,0
orm_train_track2_1115,@USER Lammicho dhuguma sabaafi yadda yoo ta.e yadda ke midiya fi ibsi yoo sodaa tokkoo ofi keessa qabi ne ta.e nuti si jalana dura si si amma ne abiy Cala ani fi abiy tokko wanni jete fi bahi ummata ti yoo peg kun ke ta.e,1,0,0,0,0,0
orm_train_track2_1116,Deggeruun keessan baayyee gaariidha . Maaloo ammas itti fufaa deggeraa . Garuu qeeqa keessan Twitter irratti osoo hin taane Karuma caasa deggeraa jirtan sana yoo dabarfattan gaariidha . URL,0,0,0,2,0,0
orm_train_track2_1117,#Jaallummaa sirriin hanga du'a lubbuuttidha.Nuuf jiraadhaa Jaallan haqaa! URL,0,0,0,3,0,0
orm_train_track2_1118,Urgeeesssa isheeetuuu jabaaa sabaaa jabaaadhu hojiii gaaariiidha,0,0,0,2,0,0
orm_train_track2_1119,oromoon nafxanyaadhan du'aa ayyaana nafxanyaa kabajuu hin qabu,2,3,0,0,0,0
orm_train_track2_1120,Baaayeee gaaariiidha jabaaadha kabajamooo,0,0,0,3,0,0
orm_train_track2_1121,Wolfakkeenna dictator lamaanii Fi biyyoota lamaanii yoo xinxallu na ajaa'ibaa@USER VS #Bashir_Alasad #Ethiopia VS #Syria URL,0,0,0,0,0,1
orm_train_track2_1122,Kkkk kamiii hayiii salphina ofumaaa demeee debieee,0,0,0,1,0,0
orm_train_track2_1123,Guyyaa har'a Manguddoo argaa dhageettii fi pirezidaantii #WMT Obboo Darribee Damisee Bokkuu mana HD ABO bulanii yeroo gara mana isaaniitti galuuf bahan namoota isaan Waliin jiran walii waraana Mootummaan hidhamanii jiru.#Free Daribe Damise Boku URL,0,0,0,0,0,0
orm_train_track2_1124,Adanechi ergantuuu nafxanyaaa fi abbbiyyyiti,0,3,0,0,0,0
orm_train_track2_1125,Ergaaa bareeedaaa kan qindooome akkka gaaariiittti Bravo,0,0,0,3,0,0
orm_train_track2_1126,Pirezidaantiin Afriikaa Kibbaa dhorkaan imalaa sababii COVID ka'ame akka kaafamu gaafatan,0,0,0,0,0,0
orm_train_track2_1127,Etika Teferi gooota Oromo ammmas nugammmachiste Rabi gudddan sifana hatau ebbbifami kan yaddde hunduuu sif hatau Ammmas nubooonsite Ennna   hunda Haccceee nuyadachiiifta Gooota ija barbadaaa sirbi kun diiina hunda iyisiiisa Galatooomi,0,0,0,2,0,0
orm_train_track2_1128,Firummaa - URL namaa ammaan tana dachii tanarra jiru kun akkuma tasaa kan argamee miti . Hundi isaatuu bakka irraa dhufe qaba . Rabbiin sababaa godhee haadhaa fi Abbaa irraa argame . Akkasumas obboleessaa fi obboleettii waliin dhalanne qabna . Abbaa fi ha . URL,0,0,0,0,0,0
orm_train_track2_1129,minilikii nafxanyaan kalees arraas borrullee diina oromootii,0,3,0,0,0,0
orm_train_track2_1130,"Jireenya kee keessatti jijjiiramni ajaa'ibaa kan uumamu yeroo ati waan ati hin qabne to'achuuf hawwuu dhiistee waan ati aangoo qabdu to'achuuf murteessitedha - Steve Maraboli Jireenya Dhugaa fi Bilisa Ta'uu"".",0,0,0,0,0,0
orm_train_track2_1131,Walllahi mahammmed bayyye gooota ilma oromooo sodaaan ala waaan akkkana hojjjate umriiin dhiiira akkkana nuuuf haaa turtu,0,0,0,3,0,0
orm_train_track2_1132,ilmaan mililik dhifatee biraa du e oromiyaa irraatii abbaa tahuu yalanii isiinf hintatuu donkey nafxanyaa gatuu saree Robba URL,0,3,0,0,0,0
orm_train_track2_1133,Biyyoo birootti waa hunda irra qaaliin ilma namaati.Biyya teenyatti waan hunda irra wanti gatii hin qabne ilma namaati.baga namuu arke addunyaan lubbuu nama tokkoodu'a irraa oolchuuf gatii isaan kafalan.keenya osoo boolli itti guuran jiraatteehuu itti guuruu hin oolan.,2,0,0,0,0,0
orm_train_track2_1134,@USER jalqabumayyuu utuu specialityn harka lama dirqiin hin gaafanne jiruu utuu beekanii murtoo akkanaa keennuun isaanii hedduu nama dhiba!gochaa kana booda waan dhokataa meeqatu ture.,2,0,1,0,0,0
orm_train_track2_1135,Saafiin akka keetii hin jiru #Jawar kiyya shira hattootaa kana jalaa numa baataMootummaa haqaas numa ijaarta URL,2,0,0,0,0,0
orm_train_track2_1136,Qophiiin keeesssan baaayeee gaaariiidha Sagantaaa keeesssan hordofuuu hin dandeeenye,0,0,0,3,0,0
orm_train_track2_1137,Oduu InjifannooKaaba Lixa shaggar aanaa Yaayyaa Gullallee magaalaa Fintaallee seenuun gootichi abdii sabaa weerartuu hedduu gaggalafachuun konkolaattota hedduu booji'ee jira . Lolichi itti fufeera gabaasa dabalataa boodarra qabannee dhiyaanna!,0,0,0,2,0,0
orm_train_track2_1138,Yaaa Rabbbiii bulguuu kanaaa meee nuraaa kaaasiii dadafiii atiii,0,2,0,0,0,0
orm_train_track2_1139,galatooma tourkan jedhuu sun diyaspoora wajjiin gaggeessan qeerroon biyyaaf akkasumaas yeroo kammiyyuu goota kiyya kan jedhe dukaa dhabaata tureti galataa dhabee . Hundinuu haa hafu laammiin keenya hongeen dhuma jiru itti mul'achuu dide moo maal? diyaspoora malee kun sabaa miti,3,0,0,0,0,0
orm_train_track2_1140,@USER Kadhachuu miti kuni obboleettii Weerara mo'achuuf deeggarsa gaafachuudha malee Hojii gaariidhaDont think as tight mind be expanded @USER,1,0,0,0,0,0
orm_train_track2_1141,Rafin   naaa    tasaaa dhufteee   halakni   walakaaa,0,0,0,0,0,0
orm_train_track2_1142, Nan siiirba seeeteee  Siiirnan ijaaara SIRNA Gadaaa bade yaaa deeebsinu meee,1,0,0,0,0,0
orm_train_track2_1143,harra amaarri sodaatamaa kabajamaa,2,0,0,0,0,0
orm_train_track2_1144,oromiyaa broodkaastingi neetwoork   irreechi araara waaqarraa barbaadamuu galata uumaaf galchan taheef oromoon wal dhabdee wal shakkkii qabu kamuu furachuun irreecha baranaa irratti hirmaachuu qabu abbootiin gadaa abbootiin amantaa jaarsoliin biyyaa dhaaman,0,0,0,0,0,0
orm_train_track2_1145,gaafiin deebii argatutti hin sorannu jedhan hidhamtoonni siyaasaa oromoo “jiraannee salphina ummata keenyaa arguu dhumnee dhokachuu wayya ejjannoo jedhutti cichanii diddaa sirna bulchiinsa biltsginnaa irratti argisiisuu fufani jiru,0,0,0,0,0,0
orm_train_track2_1146,Galgalaaa hin toluuu namniii sobaf duleee galooo kooo,0,0,0,1,0,0
orm_train_track2_1147,Abbaa Gadaa GujiiJiloo Maandhoo.Gadaan Quufa gabbinna.Barri misaa quufaa Halkan nageyaa Bulaa ILMAAN Oromoo hunduu . @USER URL,0,0,0,2,0,0
orm_train_track2_1148,Weelluu Vidiyoo Bareedaa Walaloof Yeedaloon Ajaa'ibaan Qindaa'e #Gurraalee kan weellisaa Qaxalee Hachalu Chala Geleta Yeroo Dhiyootti Gadi dhifama! Qulqullina Sadarkaa isaa eeggaten hojjatame . Sirba Bareedaa Kumkummee warra Keessa Gamaatiin Dhichisuuf qophaa'aa . URL,0,0,0,0,0,2
orm_train_track2_1149,Gatii dhabneerra homaaLubbuun tapha taateeNamaa miti Abbaa kooBulguutu isin nyaate! . URL,0,0,3,0,0,0
orm_train_track2_1150,Salaalee Warra JaarsooNamtchi suuraa argitan kun namoota 18ttan warra jaarsotti jumlaan rashanaman keessa ture Yeroo namoota hiriira galchanii harka duubatti hidhanii rasaasan tumanii qileekeessa buusuu eegalan gangalatee hallayyaatti of gate.Kunoo har'a ummata bira gahe jira URL,0,0,3,0,0,0
orm_train_track2_1151,nafxanyaan tuffii hooggansa oromootiif qabu uummata oromoof qabu ka'e kunoo hojii raawwachaa jiru,3,0,0,0,0,0
orm_train_track2_1152,Guyyaa 30/04/2022AMBOOMeetii tti leenchichi saba Oromoof dhaabbate diina saba Oromoo ka taatee waraana pp adaba tolchaa jira . Mirgaan gala ilmaan haqa #OromoLiberationArmy URL,0,0,0,2,0,0
orm_train_track2_1153,Falaaa hin argatu namani sobafi duleee dhugaaa keeeti,0,0,0,0,0,0
orm_train_track2_1154,dibbeen gaafa aanolee nurratti dhahamaa ture hardha taabota ajjaba,0,0,0,0,0,0
orm_train_track2_1155,Dhugaamasaa yoo wal gaafanne Oromoon:1) Siyaasa tarkaanfachiisuu moo2) Badii irraa of oolchuutu sirriidha?Akkan hubadhutti ammatti Oromoon ajandaa siyaasaa kamuu hin qabu . Badii sirna nafxanyaatiin isatti aggaamame jalaa of oolchuuf garuu dirqama qaba.,3,0,0,0,0,0
orm_train_track2_1156,Yooo Nama siyasa tahan aka jawar    Mahamad  Yomooo hidhanon lulitu tahan akkka jali marooo  Yooo Aritisiti tahaniii akkka hacalu hundesaaa  Yomooo gazitasa tahan akkka gazitesota OMN tahudha kesayuuu  Akaaa guyooo wariyooo  Hunda kesanuuu nan jaladha dhugaaa wan dubatanuf,0,0,0,3,0,0
orm_train_track2_1157,nafxanyaan yoomiyyuu gaarii hin yaaddu fallisaa juuntatti xaraguudhan likkkiitti galchuudha jiraadhu anduu,0,3,0,0,0,0
orm_train_track2_1158,please warroota qabeenya uummataa saamanii uummata hidhan uummanni baayyeen siyaasa irraa bilisa ta'anii utuu jiranii waraana keetiin saamamaa jiruu hidhamaa jiruu ijoolleen abbaaf haadha malee hafaa jirtii poolisii keetiif humna waraanaa tiraafikii sakatta'i adaraakee URL,0,0,2,0,2,0
orm_train_track2_1159,WBOn paartii siyaasaa miti . waraana uummata oromooti.fedhii isaa ykn fedhii paartii siyaasaa galmaan ga'uuf osoo hin taane FEDHII UUMMATA OROMOO guutuuf bilisummaa sabaaf biyya isaaf qabsaa'a.OROMOO taatee paartii siyaasaa feete keessa jiraadhu WBOn gaachana kooti jedhii URL,0,0,0,0,0,0
orm_train_track2_1160,Garbummaan hin filatamu jedheen amana garuu akka biyya kanaa harka nama hin barannee fi hiyyeessa gadadamaatti cunqurfamuun immoo baay'ee nama jibbisiisa . They're fvcking merciless about everything!,0,0,3,0,0,0
orm_train_track2_1161,Fungaaa fiqaduuu tasama rabbbiii siii haaa baleeesssu yaaa wasakaaa situuu bada male oromooo fi wbon hin badu yaaa bada jazbaaa kolkollleee,0,3,0,0,0,0
orm_train_track2_1162,'Dubartii horsiisee bulaa ta'ee akkasitti bahee hojjechuu kootiin baay'ee natti gammadu' - Kiiboordist Xummee,0,0,0,0,0,0
orm_train_track2_1163,Helen sitti haa tolu  fiilmii baayyee bareeda  waggaa guutu osoo ilaalani itti hir'ata,0,0,0,3,0,0
orm_train_track2_1164,warri ollaa oromoo oromoo sodaatus tuffatus jedhu obbo leencoon,0,0,0,0,0,0
orm_train_track2_1165,Naayijeeriyaa: Pirezidant Buhaariin ministiroota isaanii filannoo dorgomuuf jiraniin aangoo gadhiisaa jedhan,0,0,0,0,0,0
orm_train_track2_1166,Bayyyeee Gaaariiidha,0,0,0,2,0,0
orm_train_track2_1167,Dursee unmani Oromo Abiyi Ahmed presidenti Oromiyaa tahee if muude san booda maqaa Oromotiin muumicha ministera kiyyo ethiopia ammas if muude . Shimalis itti aanaa abiyiti . Oromiyaan maqaa fillee Oromon bulaa hin jirtu akka saboota biraati . Oromiya Amhara tu bulchaa jira . Hubadha URL,0,3,0,0,0,0
orm_train_track2_1168,Gammachuun kee gammachuu kooti baga gammadde siifan hassan kuftee Baga achitti hin hafini . URL,0,0,0,3,0,0
orm_train_track2_1169,Bakkka gudddaaa akkka geeetttan abdiii gudddaaa qaba hanqina nuti fiiilmi afaaan keeenyarrrattti qabnu hunda jijjjiiira jirtan galatooomaaa kabaja gudddaaa isiniiif qaba,0,0,0,2,0,0
orm_train_track2_1170,Abdii kuttee kan teessuBarri sitti hammaateeFirri ati hundaaf abdattuHaalaan imaanaa nyaatee! Dukkana lafaa ilaalteeYoo roqome faannikeeHirkoof birmataa dhabdeeYoo si gube yaanni kee! Ulaagaan ala taateeYoo hafte teellaa namaaRiqichi kee dhidhimeeYo chuck dhabe URL,0,0,2,0,0,0
orm_train_track2_1171,Gurbaaa waaayeee wadddeeesssaaa esssatttiii beeekta Garuuu kooomtiii kooo seeeniii ilaaaliii waaayeee OPDO   yaaadan qabu Atiii Abiyyyiiif jecha shanan gibeee xuqxa taaanaaan garuuu gaaariii hin tau  Abiyyyiii diiina oromoootiii nan beeeka  Garuuu oromooon shan gibeee oromooodha  Yooo dhimmma abiyyyiii qofaaaf shanan gibeee,2,0,0,0,0,0
orm_train_track2_1172,Yoooyyyaaa jennneee jirrra omn   isin   irrraaa akkka muslimaaattti   komiii   isinirrraaa qabna innniii namichiii   Ameeerika taaa eee   Nabiyyyiii keeenya arrrabsuuu isaaatiiin   guuutuuun adunyaaa dalllansuuu keeesssa galeee ture isin garuuu   waaa eee kana tokkko irrraaa hindubbbannne maaaliiif nama muslima oromo fi oromooo,3,0,0,0,0,0
orm_train_track2_1173,muntimusa4204 lakkkiii ani ekeraaa dhiiisitiii nama lubbbuuun jiruyyyuuu nan kabajamaleee hinsodaaadhu waaaqa uuumaaa maleee namni hin sodaaatamu eeenyun faaarsa gurbaaankun jedheeetaniii beeettta,3,0,0,0,0,0
orm_train_track2_1174,daa imman dirree waraanaatti hiriirsuun duudhaa itiyoophiyummaarraa maqee amantiinis gocha balaaleeffatamudha jedhan hordooftoonni amantaa islaamaa,0,0,0,0,0,0
orm_train_track2_1175,Aniii Kaaan   Jeeedhuuu Jewar Gara Omn Dhuuufeee Saaagaleee Umaaata Tauuu Qabaaa Isaaa Maaaleee Kaaan Umaaaniii Dhagaaauuu Hin Jiiiruuu As Keeesssaaa Taaa eee Dubaaachuuuf Akkka Hin Dandaaamneee Beeekuuu Qabaaa Yoooniii Caaaliiiseee Immmooo Jaaariii Nuuu Saaama Jiiirtiii,1,0,0,0,0,0
orm_train_track2_1176,Tolawaaq Waarii - Dubbisa gaarii : Salphina ABO’n haguuggateefi haala har’aa URL,0,2,0,0,0,0
orm_train_track2_1177,Caltu tufa waeyem kabaja qabadhu Ramadanan akkkanati midhaguketi hedu hedu galatomi,0,0,0,3,0,0
orm_train_track2_1178,Baga Ayyaana Du'aa Ka'uu Iyyaasuus Kiristoos Geessan!Wajjirri Pirezidaantii Mootummaa Naannoo Oromiyaa hordoftoota amantaa kiristaanaa hundaan baga ayyaana du'aa ka'uu Iyyasuus Kiristoos bara 2014tiin isin gahee jedha . URL,0,0,0,3,0,0
orm_train_track2_1179,Murannee kaanee Biyyaafi lollaa Diina sodaannee Hin usnuu jalaa Dhugaa dhokattee Tan yeroo dheeraa Dirreetti baasuuf Bobbaanee jirraa!@USER URL,2,0,0,0,0,0
orm_train_track2_1180,Dhaamsa maatiin Artist Gooticha Haacaaluu dhimma Badhaasa Hacaaluu Hundeessaa irratti boru ganama akka biyyaatti sa’aa 4 irraa jalqabee ibsi miidiyaaleef ni kennuu Guutuu ibsichaa gama fuula midiyaa hawaasaa isa sirrii irratti hordofuu dandeessu . URL,0,0,0,0,0,0
orm_train_track2_1181,baga jiraatte leenca caalaa waliin jirraa sodaa diinaa hin qabnu,0,0,0,2,0,0
orm_train_track2_1182,Deeemtaniii deeemtani Yaaada warrra nafxanyaaa wajjjin wal fakkkaaatu calaqisiiisuuuttti kaaataniii Waraaannni Adwaaa kan eeegale   utuuu Minilik biyyyattti guuutummmattti of jala hin galchin ture Waaan kana taeeef yerooo sana ummmati Oromooof saboooti kibbbaaa biyyyi etiophiyaaa jedhamtuuu biyyya koooti jedhani h,0,2,0,0,0,0
orm_train_track2_1183,du'aa'ii godhaa aammiin jedhi,0,0,0,0,0,0
orm_train_track2_1184,Galooo keeenya harrra Haceeen si keeesssattti argeedddo bueee Haceee keeenyaaa sittti obsina jabaaadhuwaaaqayyyo hamaaa irrraaa si haaa eeegu walalooof yeeedalooo adddaaati ,0,0,0,3,0,0
orm_train_track2_1185,Diiinnni keeenya fagoootiii hin dhufuuumisuma fira fakkkaaateee cina keeenya jirutu nu awwwaaaluuuf buleee kaeee ijibbbaaata booollla nuuuf soqa  Jabaaadhu ati Moootiiikooo,1,0,0,0,0,0
orm_train_track2_1186,Hayyyuuuf gameeesssa kooo Baga Milkooofteee wel come,0,0,0,3,0,0
orm_train_track2_1187,Abaaakiiiyaaatuuu kaniiisaaa ulaaatuuujiraaa abaaan deeeymaaanyateeef ilmaaa afaaanhin miii 0fneee gororiiikeee deeemaaa jachuuujiraaa enyuuutuuu gataeeesiwajiiin dhugaaadubataaa,0,0,0,2,0,0
orm_train_track2_1188,#Injifannoo_Lixaa_Beegii . Qashmaandootti farreen Oromoo fi Oromummaa akka ajaa'ibaatti hunkura oole heedduu wanneessee jira allaattiiniis quufte . Amaa Ambulaansiin 6 wannooshee rifeeraala Hospiitaala Naqamtee fiddee Jirti hajo oftuun URL,0,3,0,3,0,0
orm_train_track2_1189,Magaalaa Naqamtee keessatti aduun Sadi taatee mullate . Ogeessi Waldaa Spees Saayinsii Kibrat Atsbahaa Taateen kun yeroo aduun baatuufi haalli qilleensaa qorraa tahe jiraatu ifni aduu cabbie keessa galuun deebi’ee calaqqisu uumama jedhan . VOA/Nakoor Malkaa URL,0,0,0,0,0,0
orm_train_track2_1190,Diinnii diina kiyyaa fira kiyya . Oromoo hin gowwoommannu bineensa hamaa amma ummata keenna nyaataa jiru . Kan worraa sabaa fi sabi-lammii itti haa kaafnuu . Miidiyaa Oromoo irrati affeeruun.,0,2,0,0,0,0
orm_train_track2_1191,Waraana Tigiraay: Magaalaa Dabre Taaboritti haleellaa meeshaa guddaan gaggeeffameen miseensa maatii tokkoo keessaa shan ajjeefaman,0,0,3,0,0,0
orm_train_track2_1192,Hayyyuuun maqaaanis ilmaaaniiif lubbbuuun waaameee art waaareee kurrreeejilbaaatiii art acaluuukurrreee jilbaaatiii hayyyoootaaa Artiiin rasaaasa ElemoooQilxuuu   waaan ofiii ijaaarsa goootaaaf ciqileeedha ummmataaaf irkooodha teeesssuma lafaaa fi lafeeen barnooota nuralhudatv beeelllama didiii guuuza Saud offficials Alllahuak,0,0,0,0,0,0
orm_train_track2_1193,"Suuraa bareedaa Guyyaa kanaa Daa'ima Abbaa wajjiin waan danda'uun Tola Ooltummaa irratti bobba'e.""Jibichi Korma ta'u gooranatti beekisan""kana . URL",0,0,0,2,0,0
orm_train_track2_1194,Walitti bu'insa daangaa naannolee Somaalii fi Afaariin namooti 50 ol ajjeefaman,0,0,2,0,0,0
orm_train_track2_1195,@USER Biyya hogganuun kutannoo mataa ofii gaafata . #Rabbiin sodaachuu gaafata . Amantaa qabaachuu gaafata . Ati hattoota walakkaa teesse biyya hogganu goonkuma hin dandeessu . Hattoota bobaa kee jalaa baafte uummata waliin araara buufachu qabda.,3,0,0,0,0,0
orm_train_track2_1196,#HubachiisaIjoolleen Oromoo Taatee Manjaaritti ta'e jedhamee hafarfamu dhugaa seetanii jara wajjin hafarsaa jirtan hubadhaa! WBO n Manjaar hin dhaqne dhaqees hin duune.Dubbichi soba!Wanni isaan feestaalatti hidhanii agarsiisan reeffa Faannoo Karrayyuutti dhumteeti!,2,0,0,0,0,0
orm_train_track2_1197,@USER Embarrassing #Safuu OPDO kan qaanii hinbeyine afuuftuu,0,2,0,0,0,0
orm_train_track2_1198,Bagaaa nagadhan nuf dhufteee galooo kenyaaarabbbin goftaaa gudddan hamaaa siraaa yaaa qabuuu qeresssaaa abbba ketiii   qersssaaa oromtichaaa fayyyaaa nuf ta iii,0,0,0,2,0,0
orm_train_track2_1199,Galooo baaayyyeee midhaaaga nuuu jiradhu aaadaaa keeenya waliiin guuudddisna bagaaa ittti himteee ergaaa haceee dua hin sodaaanu,0,0,0,3,0,0
orm_train_track2_1200,Tokkummaani qabsaayotaa Oromoo hundduu barbaachisa . Ammo baayyee lafa irra harkifate . Ammas abdiif shakkii ofi keessa qaba . Milkii gaarii haa godhu . Taani bullee ilaalla.,0,0,0,0,1,0
orm_train_track2_1201,Baga gammaddan kabajamoo Kantiibaa!!Bara hojii gaarii isiniif haa tahu!,0,0,0,3,0,0
orm_train_track2_1202,Namni Oromoo taatee Qawwee ormaa baatteSi gaafata seenaan Yoo saba kee waraanteWaraana baatte ummataan eegi Oromiyaa dha alagaan hin bulchu!Nu Oromoo dha alagaan nu hin bulchu!!! A-B-A-D-A-N #OromoProtests #FreeOromia,1,0,0,0,0,0
orm_train_track2_1203,@USER Lubbuu isaaniif sodaatani isaan Ummata keenya keessa fira fi diina adda baasuun ulfaataa dha.,0,0,0,0,0,0
orm_train_track2_1204,"Abiy Itoophiyaaf furmaata osoo hin taane yaaddoodha #Lidatuu_Ayyaaloo OMN irratti!""Abiyi Aangoo akka riistii ofitti ilaalee 4-Kiiloo taa'ee biyya diiguu fi dhala namaa wal nyaachisuu dhiisee aangoo gadi lakkisuu qaba.Abiyi Masaraan ala jireenyis akka jiru hubachuu qaba . URL",0,2,0,0,0,0
orm_train_track2_1205,@USER Baga gammaddee . Kuniis seenaa mataa isaa danda'e,0,0,0,2,0,0
orm_train_track2_1206,Hojiii gaaariii jabaaadhaaa kabajamooo preeezidantiii keeenya,0,0,0,2,0,0
orm_train_track2_1207,Fooon abbbaaa kooo hojjjatameeera gantuuu nama huba,2,0,0,0,0,0
orm_train_track2_1208,wallaahi baayyee yaade jira ustaaz waaqai umurii dheersu ,0,0,0,2,0,0
orm_train_track2_1209,Namni oromoo taateeQawwee ormaa baatteSi gaafata seenaan Yoo saba kee waraantee Musxafaa Huseen ta’i ofiin beeki Waraana baattee ummataan eegii,1,0,0,0,0,0
orm_train_track2_1210,1709 tiyyyaaa  kolfaaan dueee,0,0,0,3,0,0
orm_train_track2_1211,@USER WBOn wabii Oromiyaati . Dhaloonni Qubee sodaa hin beeku . Janni gaachenaa fi jireenya biyyaati . Saba ofiitiif jecha agabuu fi dheebuun jiraachuun ganna bacaqiin dhoqqee keessa buluun biyya bilisoomte ijaaruuf jecha wareegama kafaluu kan caale lafa kana irra hin jiru . WBO POWER!,0,0,0,2,0,0
orm_train_track2_1212,Biyyonni Afrikaa bahaa weerara Hawwaaniisa Gammojjii hamaa waggootii darban 25 keessatti yeroo duraaf isaan mudatee jira.URL,0,0,0,0,0,1
orm_train_track2_1213,Hojiii gaaariii asumaaan garakos kota ijole kenya,0,0,0,1,0,0
orm_train_track2_1214,Addunyaa kana irraati wanti baayyee Nama gaddisiisaan du'a miti . Jireenya Kayyoo hin qabnedha.,0,0,3,0,0,0
orm_train_track2_1215,@USER Qumbiin biyyaa haadha keetii waan taateef hanga lubuun jirtu bulchiinsa gaarii fi badhaadhina keessatti abuuruuf duubatti hin deebi'in.,0,0,0,2,0,0
orm_train_track2_1216,Raayyaan aduu tokko gaaddidduu hedduu ari'uuf gahaadha (San Francisco de Asis) . URL,0,0,0,0,0,0
orm_train_track2_1217,du'uun yesuus oolchuu dhadhabee hin jalqabaayyuu dhufe lubbuu laatee dhala namaa gabrummaa seexanaa cubbuu jalaa firii gochuu ture,0,0,0,0,0,0
orm_train_track2_1218,Maaalllooo ofiii egaaa rabbbin isssin ha eguuu saaaren ppp ijiii hamtuuuni isssin hin argiiin Guyo and abraham and yihun,0,2,0,0,1,0
orm_train_track2_1219,Beekaan doofummaa wallaalaatiin Gootni sodaa gadheetiin kaayyoo isaa irraa hin maqu . Oromummaan kennaa Waaqaati ofi ta'uun mallattoo Qaroomaati . #I'mOROMOOFIRST4EVER#,0,0,0,0,0,0
orm_train_track2_1220,Baga geessan! Akka Oromootti kabajachuuf haallisaa rakkisaa ta'ullee barri gaddaa fi gadadoo kun ni darba! Oromookoo haa jabaannu! URL,0,0,2,1,0,0
orm_train_track2_1221,Bixiginaniii dinaaa oromooo waaan tatefiii ololaaa soba ofatiii hin milakofanefiii,0,3,0,0,0,0
orm_train_track2_1222,jaalatamaa oromoo hamtuun hin argin gaariin hin darbin mirgaan gali gadaan quufaf gabbina,0,0,0,2,0,0
orm_train_track2_1223,Update Ambo 2lola magaala Amboo jala bakka addaa Boxootti ta'een konkolaata tokko daaressuun 15 biyyeetti dabalee 4 madeessuu odeessi gamasii ni mul'isa!lolli Walabummaa itti fufa!#Oromiyyan_Biyya #OromiaIsACountry #WeSupportOLA #IUOf @USER @USER,0,0,0,2,0,0
orm_train_track2_1224,Omn jabbbadhaaa isin illleee ummmataaa oromo kanaaa wajin rakkkatani silaaa ummmani keeenyaaas callliseeedhuma dhumuuu filateee utuuu nafxanyaaa hammmaaa fuuunyaaaniti hidhateee jirtuuu argani yerooo motuman maqaaa wboti irrrati waran labsuuu calisani tauuu,3,0,0,0,0,0
orm_train_track2_1225,Lola Naannoo Amaaraa keessatti qooda fudhataa ijoo kan tahe Faannoon kaayyoonsaa maali?,0,0,0,0,0,0
orm_train_track2_1226,@USER Dhiisi mee kan keenya kun adda . Amaara 5 daree tokko keessa teessee Oromoo 35 mooti jedhan . Sanuu amaariffan malee nu barsiisuu dide jedhanii hiyyu . College dhuunfaa qarshii isaaniitiin baratan keessatti ijoolle 5niin barataan 35 mo'amuun salphina.,2,0,0,0,0,0
orm_train_track2_1227,Iluu Abbaa Booraa OromiyaaFinca'aa Soor URL,0,0,0,0,0,0
orm_train_track2_1228,Hojiii Gaaariii Dha Waaan Ofiii,0,0,0,2,0,0
orm_train_track2_1229,Waraanni Bilisummaa Oromoo gammachuu diinaas gaddatti jijjiiree diina abdii kutachiisuu fi godaansisaa jiraachuu hojiidhaan agarsiisaa jira.,0,0,0,2,0,0
orm_train_track2_1230,@USER Waan harawaa nu maxansaa deemi hamilee ummataaf kenna skkasummasi diina kenna abdii kutachisaa injifannoo WBO update nu godhi . Galatoomaa,0,0,0,1,0,0
orm_train_track2_1231,amaara saba jedhamu wajjiin itoophiyaawwii jedhamanii yaamamuun nama jibbisiisa,0,3,0,0,0,0
orm_train_track2_1232,Iccitii Masaraa: Masaraa keessatti gamaggamni kabajaa Ayyaana Aduwaa gaggeeffamaa jira . - URL URL,0,0,0,0,0,0
orm_train_track2_1233,Gazexeeesssitooonnni OMN hundinuuu mashaaa alllah heddduuu miiidhagu jabaaadhaaa caaaltuyyyeee dammmatooo hijaaaba ufffachuuu eeegalte heddduuu sirrraaa bareeeda,0,0,0,3,0,0
orm_train_track2_1234,Uuuufffeee ijooolllitttiii qaxalooota kana waaaqayyyo umuriii keeesssan haaa dheeeresssu hamaaaf jalllinnni kamiyyyuuu isin hin argiiinargus isin hin dandaiiineeebbbifamtooota qomooo goooftaaa,0,0,0,2,0,0
orm_train_track2_1235,Namittiin kun #mekonen_Abede jedhama Minnesota keessatti #Jawar_Mohammed itti Shugguxii Itti Baafachuun Ajjeessuu Malee Jedhee Nama Dadhabsiisaa Tureedha Dhiyoo Tanaa Waraana Naannoo Amaaraa Seenee Turee Guyyaa Kaleessa Humna TDF'n Qabamee Galii Ta'eeraa Jedhamaa Jiraa!! URL,0,1,0,2,0,0
orm_train_track2_1236,aanaa Boosoti ganda Qaawwaa jedhamutti ajjeechaa jimlaa irratti raawwatan.Haga ammatti reeffa 14 duwwaa tu argame . Nama 40 Gabalaa irraa sassaabanii qabanii dabran . Kana keessaa 2 duwwaatu dheessee lubbuun gale.38 keessaa reeffi nama14 qofaatu argame,0,0,2,0,0,0
orm_train_track2_1237,Sirbooota Oromooo sadakaaa duraaattti kan nuuuf fidaaa jiran Artistooota Oromooo kan akkka Galaaanaaa Gaaaromsaaa   Anduaaalem Gosaaa warqituuu jirtaniii fi   daaarektara jabaaa akkka Amansiiisaaa ifaaa Qabaaachuuu keeenyattti bayyyeee ittti booona,0,0,0,3,0,0
orm_train_track2_1238,Yaada mataa kooti #share naaf godhaa yeroo ammaa kana ummanni keenna Abbaafedhe wajjiin qabsaaye sirna nama nyaata kana yoo ufirraa buuse maal rakkoo qaba gaayaa yoo danda’amee jinnii wajjiinu mormannee mootummaa URL URL,2,0,0,0,0,0
orm_train_track2_1239,Biyyya taaaddde birrru kan gagaaa deeeno tirrra marmaaare ,0,0,0,0,0,0
orm_train_track2_1240,Jarana dubbbiiin salphaaadha Namich Malas gudddo gargaaare kuni jibbbiiinsi ini Oromooof qabu eeesssaaa dhufe yooo jetan jibbbiiinsuma worrri atseee Hailesilaseeen fa qaban irrraaa maddde,1,0,0,0,0,0
orm_train_track2_1241,@USER kan hojjetu hin kabajamuu warra ta'uun madaalama kun immoo abbaa seera malee murtii dabrsuudha.warri hojjetan hinkufanii jabadhu,0,0,0,1,0,0
orm_train_track2_1242,Dhugaaa dubbbachuuuf Filannnooon kan abbbaaatiwaaan isaaaf tau bbbaaatu beeeka  Ani Kafyalew Tufa Yadata baaayyyeeen jaaaladhanan kabajaaan anaaaf gooota gooota caaaluuudhawaaaeee amantiii wajjjin wal qabsiiisaniii namoootni baaayeeen babarrreeesssaniiiruani dhimmma amantiii keeesssa seeenuuu hin barbaaaduAkkka S,0,0,0,1,0,0
orm_train_track2_1243,abbaa hedduun jaalanna  jiraadhu ,0,0,0,2,0,0
orm_train_track2_1244,Abdi Baalee#Araarasa Mardaasaa!! Police Comissioner jedhamaa beekkamta garuu samuun fayyaa qabdaa??? WBO waraana ummata oromoo hundattii.Yoo atti Ilmii oromoo waraannii Ummata oromoo WBOn diina keenya hunda jetuu eennuu akka diinatyii atti laalaa jirtu ummata oromoo hundabeeki.,3,0,0,0,0,0
orm_train_track2_1245,#MatakkalGodina matakkal Aanaa Dibaatee ganda galasaa keessatti humni faashitii Amaaraa guyyaa ha'aa namoota civilii heedduu ajjeesanii kaan immoo madeessanOromoon Lixa Oromiyaa Matakkaal fi Kiraamu rakkoo hamaata keessa jiru lolaa sirni itti bannen midhama jiru . URL,0,0,3,0,0,0
orm_train_track2_1246,Qeeerrrooo fi qarrreeen oromooo artistooota kan ummmatasaaaniiif falmatan bira dhabbbachuuun ha jajjjabeeesssinu,0,0,0,0,0,0
orm_train_track2_1247,@USER abbaa hooji hojeedhu ijji hamaam si hin argin,0,0,0,0,0,0
orm_train_track2_1248,Ijjjis olllaaa yaaadachisiii gurrriiis Eegumsaaa Christ church and muslims tokkkummmaaa Nageeenyaaa ifaaa ashamaaa yaaannnis waraaanaaa qabeeenyaaa,0,0,0,0,0,0
orm_train_track2_1249,Garagarummaan FIB fi Cooperative Bank of Oromia maali?isaan lachuu kan oromooti oromoo tajaajiluuf dhaabatan!FIB n dogongora isaatif komii ummanni itti kaase dhaggeeffachuun sa'aatiwwaan muraasa keessatti darbin deebii gahaa ummata deebise!COOP n garuu tuffii akka nuuf qabu ibse! URL URL,2,0,0,0,0,0
orm_train_track2_1250,Waraana Biyyoota Alaa Waammachuun Maaf Barbaachisee? UBC (30/01/2021) . URL via @USER,2,0,0,0,0,0
orm_train_track2_1251,Jawar faa beellamaan alatti mana murtii geessanii himannaa shororkeessummaa irratti bananii jiru . Oromoon hundi shororkeessaa jedhame jechuudha . Bakka haqni jallate nageenyi hin jiru.,0,3,0,0,0,0
orm_train_track2_1252,Dubbiin waa'ee kabajamo obbo Lammaa Magersa fi Ashagire araaramaniiru jedhamu 100 soba akka ummatni keenya baru akka qabu akeekkachiisu barbanna,1,0,0,0,0,0
orm_train_track2_1253,oromoon akkkuma bara dheengaddaa baranas irreecha finfinnee hora har sadillee deemee irreeffatu abdanna jedhan perezedaantiin waldaa maccaa tuulamaa obbo dirribii damisee,0,0,0,0,0,0
orm_train_track2_1254,Maasaan gamaa lafa hin baatuu Talbaa facaafata taati 2Tokko du'e tokko hin taa'uuwal gaggalaafata taatii 2Eemulee yaa garba ciisaa waan ofii maaltu gadhiisaKana gadii Xaaffi calleessaIlma namaa Qeerroo jabeessaniOduu soba maaf odeessanSaba qulqulluu maa xuureessani,2,0,0,0,0,0
orm_train_track2_1255,Dhugaaa wantiii akkkanaaa kun   oromooo hirisuf yooo taheee maleee fullle konkolataaa gatiii   lubbbuuu namaaa mitiii gatiii lukkkuuu tokkkooo yooo taheee maleee lubbbu kan doctora keeenyaaa galafate dinaaa oromoootiii maleee kun balaaa tasaaa miti kan ittti yaaadddameee natttiii fakkkataaa,3,0,2,0,0,0
orm_train_track2_1256,bayyye gaaariii dha,0,0,0,3,0,0
orm_train_track2_1257,Baaayeee hojiii namattti toludha jabaaadha kabajamo,0,0,0,3,0,0
orm_train_track2_1258,warri pheenxee kijibaan uummata dhamaase,0,3,0,0,0,0
orm_train_track2_1259,Ayyaana gaarii Jaalalaafi tokkummaa . #Irreecha #WaaqaGuraacha URL,0,0,0,3,0,0
orm_train_track2_1260,"Doktarri atiletoota dhibbaan lakkaa’aman gudeedee hidhaa bu'e, meeshaa qara qabuun waraaname",0,0,0,0,0,0
orm_train_track2_1261,Osooo birbirsi jiruuu micireee faaarsu Dhugaaadha,2,0,0,0,0,0
orm_train_track2_1262,Artist Sa'ad Awwal du'a abbaa isaatiif Wallo Baatee akkuma dhaqeen hidhame jechuun kun hangam takka dhuga? Dhimma kana Oromoonni Walloo addaan baasaati nuuf himaa . Yoo dhimmi kun dhugaa tahe Oromoon Oromiyaa waan godhu ni beeka . URL,2,0,0,0,0,0
orm_train_track2_1263,As wr wb jaalalaa fi hadooddiin isi mana khanaaf qabdan rakkoo mana khanaa furuuf gahaadha hamiileen obbaleeyyan kiyya hedduu namatti tola inshaaAllh buaas arkuuf teenya manni kun nu malee nama biraa hin qabu!! URL,0,0,0,2,0,0
orm_train_track2_1264,Baaayeee Gaaariiidha Carrraaa kanattti fayyyadamuuun dilbiiiwwwan Biyyyiii teeenya Itooopiyaaan qabduuu Aaduuunyaaati beeeksisuuuf hojiii booonastu hojjjatama jira jabaaadha,0,0,0,2,0,0
orm_train_track2_1265,Waliin haa yaanu jibba lakkifneeWaliif quudhuun wal jaalanneeShira dheeysaa waan nu muraaGad jabeeysaa waan nu jaaraa!Tokko tahaa wal dhagayaaWajjiin yaa'aa wal dandayaaDhugaa irratti waliif galaaAn xumuree nagayaan bulaa!,0,0,0,0,0,0
orm_train_track2_1266,pheenxeen seexanaan guuttedha,0,3,0,0,0,0
orm_train_track2_1267,abbbaaa qabuyiii abbbaaa qabaaachuuun mooo abbbaaa qabaaachuuun gaaariiidhainsr moootummmaaa harmeee ayyyuuu abbbaaa ayyyuuun taa jedhanka instructer uuu hirkooo instructer maaal isiniiin jettte harrruuuma kottta dhaaagamtaaa  maaa saba fixxxuuu,0,0,0,1,0,0
orm_train_track2_1268,Kkkkolfan dhumneee,0,0,0,2,0,0
orm_train_track2_1269,Dubartiii akkkam cimtuuudha maaalo Waaan gaaariii akkkasiii haaala rakkkisaaa sana hundumaaa keeesssa teeessseee eeenyummmaaakeeef hojiii akkkasiii hojjjechuuunkeee nama ajaaaiba Kutatttuuu intala Oromooo Nuuuf buli,0,0,0,3,0,0
orm_train_track2_1270,Eesssattti kufeee namni dhugaaaf guuule galgala hin toluuu namni sobaaaf duuule Galaaanaaa Gaaaromsaaa jabaaadhu jabaaa sabaaa,0,0,0,3,0,0
orm_train_track2_1271,Taphattoonni Vaaleensiyaa jibba sanyummaa mormuun dirree dhiisanii bahan,0,0,0,0,0,0
orm_train_track2_1272,Abiy Ahmed waan qabu hunda harkaa bahera Amma kana booda kan hafe hundi ka'ee waraana milkeessuuf ciisuu hin qabuDeemsa namtichi dhiphinaaf jecha qamadiif boqqolloo keessa deemu ilaaltee jiraataa kanaaf amma dammaqii of qopheessi . Hireen Abiyii fi itoopiyaa dhumatteetti!,2,0,0,0,0,0
orm_train_track2_1273,Umaaata oromo ani kolfani dueee baaayeee namaaa kolfisisata   waqayooo umuriii   nufi ha dheeersu momadi,0,0,0,3,0,0
orm_train_track2_1274,Wayo kolfa due wlh ayi hirko namni hirko jalatani like godha,0,0,0,3,0,0
orm_train_track2_1275,J/Daawit Abdataa Dhukkubsatee yaalii dhoorkatamuu isaattu dhagahamaa jira . Dararaa dhuma hinqabne!#OromoVoice URL,0,0,3,0,0,0
orm_train_track2_1276,Yeroo tokkoo tokkoo anumayu na ajaa'iba ofuma woliin haasawa sagaleen kiyyaa alaa na jala baya yeroo sanii rifadhee waan namnni na dhagayee nati fakkaata yoomuu mira kessaa seenuu akkasati na hubadhaa.,0,0,0,0,0,1
orm_train_track2_1277,Dechasa mattti naf taiii sanyi kooo kabajan si gafadhaaa,0,0,0,0,0,0
orm_train_track2_1278,Baaayeee   baaareeedaaa   jabbbaaadhu ,0,0,0,3,0,0
orm_train_track2_1279,@USER Eyye waanii bareedaa dubbaate biyyaa bahuni ishee hin oluu kanafii hordofuni bareedaa.,0,0,0,2,0,0
orm_train_track2_1280,tokkkummmaaa dhabbbatuuu nuuu midheee oromooo Kooo tokkkooo dhugaaa barbadaaa tokkkooo mooo dhugaaa awalifi kataaa Lammmiii Kooo jabadhaaa meee tokkkooo taaaa,0,0,1,0,0,0
orm_train_track2_1281,Marroo lameessoof baga gammadee Bara hojii gaarii URL,0,0,0,3,0,0
orm_train_track2_1282,@USER Please my brother make Ethiopian people stable and live in harmony . Yoo xiqqate sagalee Waaqayyoo dubbistee lallabdees beekta . Garuu hammeenyi ija hojii foonii ta'uu isaa beekuun gaariidha . Har'a aangoo waan qabnuuf waan barbaanne gochuu dandeenya . Garuu guyyaa nuti isa.,3,0,0,0,0,0
orm_train_track2_1283,Hojiii booonsaaa hojjjechaaa jirtu Jabaaadhaaa kabajamooo keeenya,0,0,0,3,0,0
orm_train_track2_1284,Yaaa Hirkooo kooo Abbbaaan malaaa keee Kun hin taaanebbbooo ammma jedheee jedheee Maqaaa sirrraaa jijjjiiiruuu jammmareee boru garuuu atumti matuma keeetiyyyuuu gara nama biraaattti si jijjjiiiruuun isaaa hin hafu,0,0,0,0,3,0
orm_train_track2_1285,Mililik maaali hojjjate waaani gaaariii Gafiii kottti,0,2,0,0,0,0
orm_train_track2_1286,Hojiii Onlineiiitin Dureeesssa tauuu ni Barbaaaddduuu Yooo Xiqqqaaate Jiaaan loooo Ol Hojjjachuuu Ni Dandeeesssa Karaaaleee Maaalllaqa Hojjjachuuuf Hanga Ammma Jiran Irrraaa Baaayeee Salphaaa Kan Taeeedha Apppilikeeeshiniii Kun Haaaradha uf Beeeksisuuuttti Jira Yooo Xiqqqaaate Jedhame Jiattti loooo Ol Hojjjachuuu Ni Dandeeesssa Erga Hojjjattteee boooda Maaalllaqa Keee karaaa feeeteeen Baaafachu Ni Dandeeesssa Apppilikeeeshiniii Kana Ammmuma Download Godhadhaaa Ittti Fayyyadamaaa Link isaaa Kunoooti htttpsbitly 3vnzt8p htttpsbitly 3vnzt8p,0,0,0,0,0,0
orm_train_track2_1287,namichaaa kolfan nuuu fixeee kaaa hirko kooo ,0,0,0,3,0,0
orm_train_track2_1288,P2Fedhetti seera dahoo godhachuun tajaajila ummata ballaa dagatee ofii kaleessu kan dalagaa dhabee dheebuu hojii fi ummata tajaajiluu qabu akkanuma ta'u maal jedhama?.yoo namaa hin gaddiin hin sodaatiin rabbiin ofirratti sodachuun maa dhabame?,1,0,0,0,0,0
orm_train_track2_1289,Hhhh guyyyaaa kooo kolfaaan nuuu fixxxeee dhugaaa kolkoleee maqaaa oromotiiin oromooo fixaaa jiraaan,3,0,0,2,0,0
orm_train_track2_1290,Nafxanyaaan nuajjjeeese lafakeeenya gubeeeyyyuuu jibbbaaansaaa waaanquuufuuu natttihinfakkkaaatu Sababni isaaas nafxanyaaan jibbbaaarrrattti waaan uuumameeef ilmi namaaa miiira jibbbaaaf jaaalala jedhamu qaba nafxanyaaan maleee jarrri oromooo mitiii woluuu badaaasahinjaaalatanu sababni isaaas siyaaasni jeraaa faaayidaaar,0,2,0,0,0,0
orm_train_track2_1291,Ekeraan jaraa MM rakkisaa jira afuurri hamaan morticha isa gorsurra jirummoo ittuu badduu isa baasaa jira . Sanaaf akka irbaata ibbiddaa bakka badii barbaadee oola.Koottaatoo afuura hamaa kana irraa baasaa mee! #Garagalcha: Qees Balaay Pastor Yonataan Sheek,0,3,0,0,0,0
orm_train_track2_1292,OSA-n waldaa qorannoo Oromooti . Waldaa siyaasaa miti . Maaliif murna polotikaa tokko jala galee achii gangalata? Silaa waldaan qorannoo tokko murna siyaasaa kamiin irraayyuu bilisa! Silaa waldaan qorannoo tokko loogummaa ilaalcha siyaasaa kam irraayyuu bilisa . Ajaa'iba! Babsa T URL,2,0,0,0,0,3
orm_train_track2_1293,Ijoollee Abbaa caalii Warra Oromiyaa ijaaruuf Halkaanii guyyaa joortee immiyyee xoobiyaatti mata dhukkubbii taate URL,0,0,0,1,0,0
orm_train_track2_1294,Jabadhu gotaaa kenyaaa ija hamtuuu sira yaaa qabuuu sabona,0,0,0,2,0,0
orm_train_track2_1295,Wannniiibiiiyaaatana waniiiciiiqeee namakeeesa Jiruuubeeekaaa waraaasiiiriiibiyaaa gurguruuubayateee   amaaantana   fakkkeeenyaaaf   xayaaara korteeejalaaa   dhiiisaaa obsaaa namajabaaa harkaaaseeete Shiiifeeeruuumaaan   samiiiramaleee lafaraaa humaaajiraniii   niiidubataaan maleeesodaaatu iraaagudataaa,3,0,0,0,0,0
orm_train_track2_1296,Lakkki inafani galman siii hin gahu gantuuu inafa dhisiiiQomceee wayiii,0,3,0,0,0,0
orm_train_track2_1297,BBC News Afaan Oromoo - Badhaasa Noobeelii: MM Abiy Ahimad miidiyaatti dubbachuu diduun 'rakkoo guddaadha' URL,0,0,0,0,0,0
orm_train_track2_1298,Bara Taayyee fi harreen Twitter gubbaa baate Oromoon duula gana irraa hafuu salphina! URL,0,3,0,0,0,0
orm_train_track2_1299,Dr.Gammachuu Magarsaa Ergaa Ajaa'ibaa Ummata Oromootiif dabarsan URL via @USER,0,0,0,0,0,2
orm_train_track2_1300,Inumaayyuu gowwaa Oromoo keessaas kan dibbee isheef reebu hedduu argattee jirti . Ummanni weerara isheen itti bantes Abiy itti banes qixuma qawweesaa kaasee WBO waliin ta’ee ofirraa qolataa jira . Isaan garuu soba danda’u ummanni nu simatee waliin hiriirree lolaa jirra jettee,2,0,0,0,0,0
orm_train_track2_1301,Sababan gabbara mormeef dhiironni hedduun narraa dheessan- Dubartii Indiyaa,0,0,0,0,0,0
orm_train_track2_1302,horteen oromoo bakka jiruu wal barbaaduun gaariif tolus dhaamani gaafatamaan waldaa fannoo diimaa damee shawaa lixaa obbo katamaa habtaamu,0,0,0,0,0,0
orm_train_track2_1303,dhaadannoon ilmaan nafxanyaa ergamtootaa daqiiqaa tokkkoof nun deebisu,2,0,0,0,0,0
orm_train_track2_1304,Hojiii   ajaaaibatttiii    Guggguuuftuuun haaa guggguuuftu eeesssaaa abbbasheeettti si argatiii offfummma dhamaaatttiii ,0,0,0,0,0,2
orm_train_track2_1305,Raashiyaatti namoonni torba saanitaayizara harkaa dhuganii du'an,0,0,2,0,0,0
orm_train_track2_1306,Ormaa fi firaOrma jechuun baangeedhaKan gaafa kolfaa fiiguLammii jechuun dhiigaKan gaafa golfaa dhiigu! URL,0,0,0,0,0,0
orm_train_track2_1307,Warra kaayyoo tokko galma tokko jaalala jaallummaa irraa hanga miiltoo luubbuutti Miiltoo lubboo!!!!Baga nagan wal agartan URL,0,0,0,3,0,0
orm_train_track2_1308,Baga bacaqii gannaa baatanii booqaa birraa geessan! Nuti dursinee biyya Sweden magaalaa Kristanstad keessatti kabajanne . Isin warri biyyaas ittiin isin haa gahu! Hawaasni Oromoo Sk ne sagantaa kana qopheessitanii fi miidhagsitan galata qabdu!!Bagga Geessee #Yaya_Beshir Sweden URL,0,0,0,3,0,0
orm_train_track2_1309,Godinaa Jimmaa Aanaa Noonnoo Beenjaatti Haatii garaatti battu da'imaa waliin sababaa dandii nuu harkaatti du'aa jirti!,0,0,3,0,0,0
orm_train_track2_1310,@USER Oh Ajaa'iba . Insha Allah!!!!! Abbaanis yoo du'e ilma jira hinbadu maqaan.,0,0,0,0,0,3
orm_train_track2_1311,Badhaasni kun itti hir'ata malee nama badhaasni kun itti hin baay'annedha ,0,0,0,2,0,0
orm_train_track2_1312,Bareedaa Kamisee Ilmaa Oromtichaa #Wallo #Kamisee #Oromo #Ethiopia #OromoChromatics URL,0,0,0,2,0,0
orm_train_track2_1313,OPDOn Wayyyaaaneee jalattti gudddattte waaan taaateeef draaamaaa fi soba uuumteee nama akkka ballleeesssitu adddunyaaan kan beeekudha OPDOn dubbbiii sobaaa nama irrrattti xaxuuu waliiin   uuumamte waaan taeeef waaan gaaariiin irrraaa hineeegamu,0,3,0,0,0,0
orm_train_track2_1314,Kkkk rabbbiiin isiii haaa fashalesssu oromooon tolchern filattti warrra sodaaatan keeeysa dhiiisu   eee bada oromo gowwwa,0,3,0,0,0,0
orm_train_track2_1315,Hhhh mindaaa 53k tasa hin dhageeenye Ethiopian keeesssattti,0,0,0,0,0,2
orm_train_track2_1316,Harargee lixaa aanaa doobbaatti taatee raawwateedha Faaxumaa Ussoo jedhamti Abbaa warraa isii Obbo Abdurahmaan Abdullaa qaama saalaa isaa billawaan erga irraa murtee booddee inniis morma ishii irraa mure jedha maddi . URL,0,0,0,0,0,0
orm_train_track2_1317,#WALLOO!!Hawaasni keenya Oromoo Walloo lolli eenyummaa lafaa fi lafee isaanii duguuguu erga irratti labsamee kaasee boqonnaa takka malee sa’aa namaan dararaa fi hiraaraa hamaatti jiru . Lola qindaawaa gidduu kana bifa addaatin irratti gaggeeffameen namni hedduun miidhamee URL,0,0,2,0,0,0
orm_train_track2_1318,Habashaan fala nutti baate! Kun qaaniidha! Miiliyoona 60 jennee dhiichifna isayyuu Maqaa Wareegamtoota namoota 38 ganda #Lalistuu_Somboo ona Kiiramuu Godina Wallaga Bahaa humna weerartuu Amaaraa fi waraana goolessituu Abiyyiitiin,3,0,0,0,0,0
orm_train_track2_1319, komiiin Dr Naaaf yaaadi osooo yaaannniii argineee Beeekumsiii Eegumsaaa lola tayeee mudannno,0,0,0,0,0,0
orm_train_track2_1320,"W﻿allagga Bahaa, Kiiramuutti namoonni nagaa hedduun ajjeefamanii kaan qe'eerraa buqqa'uun rakkoo hamaa keessa jiru -Jiraattota",0,0,2,0,0,0
orm_train_track2_1321,Yoyayoyaaa dhihadhaaa,0,0,0,0,0,0
orm_train_track2_1322,#JawarMohammed fi hidhamtoonni siyaasaa hundi shororkeessaa taanaan Anis #Shororkeessaadha URL,0,3,0,0,0,0
orm_train_track2_1323,Wow baaayeee gaaariii dha   Goootaaa keeenya,0,0,0,3,0,2
orm_train_track2_1324,Oromon kan nutttiii beeeknuuu sefuuu bekkka isiiin oromofa dubataniii ummmataaa kenyaaan daldaluuu barbadaaan yo illleee hatau biyyyeee jequuundhan kayyyooo sherorkeeesumaaa kesssan hin milkauuu juwwwaaar yo diqateee wagaaa gutuuu isaaa mana hidhaaa kesaaa dabarsaaa juntaaan immmooo kanaaan bodaaa suraaa qofa tae d,3,2,0,0,0,0
orm_train_track2_1325,W30n dhala namaa qofa osoo hin taane bineensa bosonaa waliinillee walii galee jiraachuu danda'a!kanarra warrii waa hubachuu URL waa nihubatu WBON jireenya isaa keessati.jaalala namaafi.bineesaaf qabu bushman lagaa yaa.u hin dhumu jaalalli gooticha waraana adda URL,0,0,0,3,0,0
orm_train_track2_1326,seenessa kitaaba amantaa guddicha kitaaba qulqulluu kanatti hayyoonni hoggansaa hedduun fayyadamu,0,0,0,0,0,0
orm_train_track2_1327,shamarran jabdu qabnu mooneet badhaasaa tokkkoodha hedduu kabajaaf jaalala oromummaa isheef qaba,0,0,0,2,0,0
orm_train_track2_1328,@USER Oduu ajaa’ibaatu jiraa hubadhu oduun kuniis shira Abiy Ahmed fii Alamu Simee xaxaa jirani shirri kuniis WBO sossobnnee bosonaa galchinee hidhannoo irraa hiikuudha Jaal’ataa Marroos angoo wa’ii Yoo ittilaanee waan kana fakkaatuun sossobnnee Qeerroo Magaalatti galchu,0,0,0,0,0,2
orm_train_track2_1329,userxc9gd2el6v sharmuxaaa hadhaaa keeeti demiii harrren hadhaaa keee haaa saluuu duraaa oromifffaaa barrresssu bariii sanyiii namaaa nyatuuu dhalaaa qomaxaaa kadhatttu ,0,3,0,0,0,0
orm_train_track2_1330,Haqa biyya keeysaa deemaa jiru akka adunyaan hin barreef . Kuni hundi sodaa daangaa dabrerraa dhufa . Sodaan ummatarraa ati qabdu as geenyaan guyyaa fonqoltu lakkaawachuu qofa.#OromoProtests itti fufa internet banamuu banamuu baatus.,3,0,0,0,0,0
orm_train_track2_1331,Hirkooo kolfaaan dhumne kaaa,0,0,0,3,0,0
orm_train_track2_1332,Dhaamsa Dr . Abiy AhmadiifHaylamaariyam Dassaalany aangoo irraa kan bu'e wallaala qofaanii miti . Deeggarsa bu'uraa waan hin qabneefi . Mallasaan waggaa hedduu kan bulche beekomsa qofaan miti Tokkummaa Tigraay . URL,0,0,0,0,0,0
orm_train_track2_1333,Obolummmaaa sabdaneeesssummmaaa ti tokkkomne imalaaa Badhaaadhina Roga Hunda galeeesssaaa milkeeesssuuuf buuuuraaa waaan taeeef baaayeee waaan jajabeeefffamu qabudha jabaaadha kabajamooo,0,0,0,2,0,0
orm_train_track2_1334,Jiradhaaa kolfaaan dhunnne,0,0,0,3,0,0
orm_train_track2_1335,Suluultaatti amma Naannoo wajjiraa poolis duubatti tiknii Alaamuu jedhamuu xalafaamee jira! Humna risaa Gujeetti galgala kana Seefuu Hayaat kan jedhamu waxalamee jiraa risaan ni kuffisaa WBOn diina buqqisaa! waliin Oromiyaa Walabaa ijaarra! URL,0,0,0,2,0,0
orm_train_track2_1336,Mormii farra-sanyummaa: Mormitoonniifi poolisoonni magaaloota Landaniifi Paaris keessatti walitti bu'an,0,0,0,0,0,0
orm_train_track2_1337,Abiyi hin sobaaa waaa takkka hojirrraaa hin olchuuu niiiti sodaaata rakkko gudddaaan zinnnashi yaaa jaranaaa kanaaaf amaaara jala kaaata ilmi haaadha maleee abbbaaa hin himannne  gaaazixesssota dhugaaa keeesssa kiyyyaaa jirtuuu nuuuf jiraaadha  guyyyooo habibi haaasan keee na boharsa ,1,2,0,0,0,0
orm_train_track2_1338,wooow wayyyooo kolfan mucuqi,0,0,0,0,0,2
orm_train_track2_1339,wayi salphina pheenxee,0,3,0,0,0,0
orm_train_track2_1340,umurii dheertuu fayyaa gaarii kennu waaqain ustaaz raayyaa,0,0,0,0,0,0
orm_train_track2_1341,Ilaaallleee qufuuu dadhaaabe ani galooo   kenyaaa nuuuf jiraaadhu umuriii dheraaa siiif hawaaa,0,0,0,2,0,0
orm_train_track2_1342,K.Gammachuu Ayyanaa Sirna nama nyaataa kanan ugguramanii baatii hedduu dabarsanii jiru.Himaatni isaanii yaalii fonqolcha mootummaa jechuun murtoo haqaa dhorkachuun rakkoo hamaa keessaa jira . URL,0,2,0,0,0,0
orm_train_track2_1343,Dhigniii haaa caluuu ityophiya harqeee calaaa macheseee Dhugaaan jawar Muhammmad akkka bubeee hobonboletiiit isaaan rafteee sodaaan wabooo isaaan albafteee wiliii akkka burcuqotiii cacabuuuf tesiii Kaaan oromooo midhu tokumaaa dhabudhaaa yaaa raaabbbiii nu tokomsiii,2,0,0,0,0,0
orm_train_track2_1344,@USER kalesaa Arasii demete rabii sodaa jetaa atii rabbii sodata jiraa egaa rabbin sodatee mafii hacaaluu ajesite mafii jawariifaa shiran hitee osoo dhugaa arigituu mafii soban hitee agoo boruu rabin iraa sii fudhuu du'aa fii jirun atii hagam rabbii sodata mafii kijibaa dubata,2,0,0,0,0,0
orm_train_track2_1345,Odeeesssaaaleeen keeesssan baaayeee gaaariiidhaCaaaltuuutiiifis dabareee kennna,0,0,0,2,0,0
orm_train_track2_1346,#EthiopiaCheck Scam Alert Odeeffannoon sagantaa carraa hanga birrii Miliyoona 20 argamsiisu’ jechuun naanna’aa jiru soba ta’uu Bulchiinsi Lotorii Biyyaalessaa beeksise . For more: URL URL,0,0,0,0,0,0
orm_train_track2_1347,Haras2014 dimokraaasiii hayyyuuu yaaadan si eeegu arganiii eeeganiii   HabibaaaSiraaaji omn garaaanis qabsooodha ni dubbbiii Eegiii dhugaaa onnneeettti nifalmannna sodaaa lubbbuuufi kabeeekuuu dagaleee jireeenyatiii Drilillliii freeeBaqqqalaaa garbaaa freeedajaneee FREEEHAMZA freeejoharmuhamad freeeBaqqqalaaa garaaa,1,0,0,0,0,0
orm_train_track2_1348,Hogganaa akkasii arguu dhabuun eebbaadha badii kee nuu hin agarasiisin!,0,0,0,2,0,0
orm_train_track2_1349,Ani Abrahaaam yoO OBN irrraaatttiii isaaa beeekaaa yerooo sanaaa waaanumaaa gaaazexarrraaa jiruuufi sagaleee sodaaachisaaa tokkkonan beeeka ture ammma sagaleee abdiiin irrraaa dhagahaaa,0,0,0,3,0,0
orm_train_track2_1350,Dabbaloonni PP akkuma gumaa Haacaaluu Hundeessa balleessuuf shira hedduu dalagan gumaa abbootii gadaa Karrayyuu balleessuuf shira dabalataa qindeessaa jiru . Ummanni dhugaa jiru bareechee waan beekuuf gumaa Hacaaluus ta'ee kan abbootii gadaa dhokatee hin hafu . URL,1,0,0,0,0,0
orm_train_track2_1351,Wagggaaa 10 keeesat   namooota hagami   ajassseeetan,2,0,0,0,0,0
orm_train_track2_1352,Nato'n sodaa humna waraanaa Chaayinaa arbeessuu akka dhaabu Beejing gaafatte - BBC News Afaan Oromoo URL URL,0,0,0,0,0,0
orm_train_track2_1353,nafxanyaa waliin jiraachurra uummata afaansa hin beekamne bosona amaazon keessaa waliin jiraachutu galata qaba,0,3,0,0,0,0
orm_train_track2_1354,Raashiyaan Yukireen wajjin waraanatti seenaa jiruu fi gaaffilee kaan,0,0,0,0,0,0
orm_train_track2_1355,Yaa wallaala mootummaa xoophiyaa jedhe amma kursiraa dubbatu akka waan jiru of seeha bu’ee lafa jira oso Rabbi qabnu yommiyuu hin rakkannu obsii yaa ummaata koo guyyaa xiqqo hafeef salphinni Abiyii wayi dhugaa dubaata yoomu immaa soba inni filanno maal faarsa amma yeroo dhumatin,2,2,0,0,0,0
orm_train_track2_1356,@USER Afuufaa afaan damma dibatee qaroon qarichoon malaan nu Seene rabbi sin jiraachisin aboo kana tortoraa.,0,3,0,0,0,0
orm_train_track2_1357,Ibsaaan nama jabaaadha  seeenaaa dr kokob dadar taheee namni hin beeekne hin jiru Dr kokob nama hospitaaala dadariiif buaaa gudddaaa buuuseeedha waaaeeen hospitaaala dadar yerooo kau dr kokob hin hafu nama yerooo sanittti operation godhuuun hawaaasa baaayyyeee tajaaajileeedha kabajaaatu malaaaf,0,0,0,2,0,0
orm_train_track2_1358,Baaayyyeee gaaariiidha jabaaadhaaa,0,0,0,2,0,0
orm_train_track2_1359,Yaaada gaaariiidha,0,0,0,3,0,0
orm_train_track2_1360,Nan qalinaaa na ajjeesaa malee jedheen Waraana Bilisummaa Oromootti himadhe yeroon rukutamee booji’ame isaan garuu nuti waan akkasii hin beeknu jedhanii yaala fayyaa naa godhanii kunuunsa gaarii naa gochaa jiru jedhe booji’amaan loltuu Itiyoophiyaa dhalootaan Tigiree ta’e ku,0,0,0,0,0,0
orm_train_track2_1361,Kubbaa Miilaa Addunyaa 2022 - Sagantaa fi Qabxiiwwan taphawwanii,0,0,0,0,0,0
orm_train_track2_1362,bitamaa fookkkisaa atumti oromoo hin dhahin doofaa wayii,0,3,0,0,0,0
orm_train_track2_1363,Paartileen Oromoo rakkoo nageenyaa baha Oromiyaa keessatti tumsa paartii bilginnaatiifi nafxanyootaan uumamaa jiru kana maaliif midiyaatti gadi bahanii hin balaaleffanne?? Callisuun kun naaf hin taane . Orma osoo taatee qaata waan meeqa dubbatan.,1,0,0,0,0,0
orm_train_track2_1364,@USER Mucaanna hojii ajaa'ibaa hojjataa jirta Rabbi si haa gargaaru .,0,0,0,0,0,3
orm_train_track2_1365,Siiiin maleee Sittti maleee Yesuuus maaaliiin Obsu  sanyiiin facau ija meeeqa akkka godhatu isa funaaannnatutu beeeka Waaaqayyyo innni akkka ati sanyiiikeee facaaaftuuuf si gargaaare haaa galatooomu Sanyiii facae funaaannnadheeen eeebbbikooo dachaaan dabale Baga nuuuf faaarsite Ebbbooo sanyiii namaaa,0,0,0,2,0,0
orm_train_track2_1366,Oromoo: Worra ilmaan kee ajjeesee reeffa akka hin awwaalane si dorge ka si keessa baye si soobe diinati garaa ofii kennee gola kee diinaf bane manaaf qabeenna kee gube maqaa mootummaa jedhun si fixaa jiru of irraa lol . WBO jalatti hiriiri gargaar falli tanuma.,3,0,0,0,0,0
orm_train_track2_1367,@USER Namichii asiif achii waliitii qabee waan bareesse falaasama jedhee kitiliiyoota isaatii himee dhuguma jedhanii qaanii tokko malee midiyaatii gadi bahaani oloolla isaanii afuufaa olluu . ajaa'iba kan baranaa kun salphinii illee dangaa qaba .,0,2,0,0,0,2
orm_train_track2_1368,Haleellaa Gambeelaatiin namoonni 40 ajjeefamanii hedduun madaa’an,0,0,2,0,0,0
orm_train_track2_1369,Naaa nyaratule Hin nahu gonka dhugaaa irrraaa malatu naaa dhorka esssattti kufe Namani dhugafi bule galgala Hin tolu namani sobafi duleee   Dhugaaa keti gudddisa haceee nufi jiradhu esssa nuuu yadachidate   Sibilale sibalatu qara dhugani namagalgala Gaaalaaa,0,0,0,2,0,0
orm_train_track2_1370,Yaaa Rabbbiii yaaa Alllaaah dafi birmadhuuuf ka yaaa motiii arshiraaa furmataaa ke fidiiif dadafiii yaaa Rahamaaan ,0,0,1,0,0,0
orm_train_track2_1371,@USER Dhiisi dhugaa sirraa fokkisaam waggaa digdami torba guutuu ergamaa baatee amma atis afaan guutee akkas naan jettaa?,1,2,0,0,0,0
orm_train_track2_1372,Computer science baradhe jira kabajamooo coc dhiyeeefffadha hundaaa Ragaaa original wajjjiiin,0,0,0,0,0,0
orm_train_track2_1373,baaayeee sirrriba gaaariiigha jabaaadhu leeencaaa Oromooo kooo,0,0,0,3,0,0
orm_train_track2_1374,Oromooo   kooo akkkan sigaaafadheee sirrraaa hin dhabne beeeka   maaatiii naaaf taun   Video   heddduuu dhima addda adddaaa akkkasumaaas waaaeee Teknolojiii bilbilaaa fi Tiktokin hojjjadhuuu naaaf ilalaaa isiiin jaaaladhaaa isiiin kabaja One love OROMO,0,0,0,0,0,0
orm_train_track2_1375,.Jechii Opdo quufteeJechii Waayyaanee quufteeBiyya namaa baaleessaTullu namaa qaarrsissakuyyuu namaa dhaansissaMullluu namaa nyaachissaRakoo namaa baayiissaSaree namaa taasissaBiyya namaa faageessauddu namaa dhaabsissa(du'aa),0,3,0,0,0,0
orm_train_track2_1376,Goootni sabaaaf dhalatasabaaaf jiraaata duus jannnata seeena,0,0,0,0,0,0
orm_train_track2_1377,"Hayyu dureen duraanii ABO, miseensi Paarlaamaa Itoophiyaa Obbo Galaasaa Dilboo du'aan boqotan",0,0,1,0,0,0
orm_train_track2_1378,Wow barumsa gudaaa qaba kan nekate marcunaf jechaaa ummmaaata hacucuuu ofiii bari amalaaa keee tolfadhiu,2,0,0,0,0,0
orm_train_track2_1379,Yeroon Lammeechaa Girmaa  Itoophiyaaf warqee argamsiisu ammaa?,0,0,0,0,0,0
orm_train_track2_1380,Humni Addaa Oromiyaa fi Milishaan Oromiyaa ergamtuu sirna naf xany aaf hin ergamiina . Ofii keessanis maatii keessanis hin gaga'iina . WBOromootti harka kennadha . Isaan waliin saba Oromoof diina Oromiyaa weerartaa jirtu Oromoo irra qoladha . Adaaraa!! URL,3,0,0,0,0,0
orm_train_track2_1381,Nufixan yaaa jamaaaa ka manattti hafanis sodaaan hiraaarrre Rabbbiiin nuuuf kadhaaa,0,0,3,0,3,0
orm_train_track2_1382,Gudaaa galatomiii guuuyooo wariyooo dhugaaa jirtuuu dubateee sodaaa tokkko maaaleee jiradhuuu fayaaa siiif haaa kenuuu rabbbiii ,0,0,0,3,0,0
orm_train_track2_1383,Koronaa itoophiyaa keessaafuu koronaa oromiyaa keessaa WBOn dawaa dhukkuba kana dhabamsiisu waan argatee hojiirra oolchaa jiruuf harrootaa fi sangoota oromiyaa keessaa yaaddoo cimaa keessa galuun gabaafame,0,2,0,0,0,0
orm_train_track2_1384,maal jechuu dha yaa Oromoo kunii ajaa'iba nafxanyaan qabduu argaa mee manii amantii kunii Imbaasii siyaasaa shira fi burjaajii tahuu asumaan hubadhaa gara Mana Lubummaa Oromiyaatti fulaa achii deebii'uu qabduu kanaaf MLO jabeefachu qabduu URL,0,3,0,0,0,0
orm_train_track2_1385,Wayyyooo hadhaaa gudddaaaAdddeZinashi Namaaa akkkamiii   jalaaanufi kabaaanyudha galatooomaaa nuuu fiduuu keeesaaanif,0,0,0,3,0,0
orm_train_track2_1386,Eesssati kufa namni dhuuugaf duuule  Galgalisaaa hin tulu namni sobaf duuule Gaaalooo amba Haaaceeekoooti,0,0,0,3,0,0
orm_train_track2_1387,fokkkuu nama saba garaaf gurgure fakkkeessituu kijibduu wayii oromoo qulqulluu taatee oromoo irratti hin duultu turte yaa gadhee,0,3,0,0,0,0
orm_train_track2_1388,Kahadhaabahiqabineenyuisahime,0,0,0,0,0,0
orm_train_track2_1389,TPLF fi Sareen amala tokko qabani . dandamatan oo'ani sirritti irratti roobsuudha . #jaldeeyyiTPLF .,0,3,0,0,0,0
orm_train_track2_1390,Dhugaaa sabni keeenyaaa keeesssa jiru wajjjin wal fakkkaaata taeeen kun Hojiii gaaariiidha Araaara Waaaqayyyooo ni jaaalllata,0,0,0,1,0,0
orm_train_track2_1391,Hidhamtoota siyaasaa kannneen mana hidhaa PP’ keessatti dararaa fi gidiraa hamaa argaa jiran dagatanii atakaaroo waanxixiqqaa irratti yeroo gubuun barbachiisaa natti hinfakkaatu.,2,0,0,0,0,0
orm_train_track2_1392,Jecha Ergaa Cimaa Qabu Saba keenya sodaa irraa bilisa baafneerra . Namoota keenya tokko tokko garuu jaalala garaa irraa bilisa baasuu dadhabneProfessor Mararaa Guddinaa URL,0,0,0,0,0,0
orm_train_track2_1393,hayyuu fi barreessaa ilma oromoo maqaa isaa gadaa jedhu guddifachaan argachuu danda’ee fi nama dhugaa waliin dhaabbatu nama dhiigan oromoo hin taane garuu ilaalcha oromummaa qabu!Maatii isaa fi uummata oromoo hundaaf jajjabinan hawwa RIP URL,0,0,3,0,0,0
orm_train_track2_1394,Baayidan pirezidantii Chaayinaa 'abbaa irree' ittiin jedhan,0,0,0,0,0,0
orm_train_track2_1395,Aaaa waaayyyooo lammmiii kooo   Seeenaaa gaaariii hojaaacha jirtuuu jabdhaaa of dubbbaaa hin deeebbbiinaaa,0,0,0,3,0,0
orm_train_track2_1396,Baga gammadde lammii koo,0,0,0,3,0,0
orm_train_track2_1397,alatomaa @USER fi @USER! Hojii ajaa'iba hojjechaa jirtan cimsaa itti fufaa! Akkasumas warri gumaachitan @USER galatoomaa! #OromoLiberationArmy#OromoVoice URL,0,0,0,3,0,0
orm_train_track2_1398,Baga geesse warra baranaa kan bara hegeree si haa taasisu z our iron lady . URL,0,0,0,2,0,0
orm_train_track2_1399,ortodoksiin yoomitti soba dubbatti safuu,0,2,0,0,0,0
orm_train_track2_1400,#SaudiArabia miidhaa hammii isaa hin beekkamnee ummataa itoophiyaa gahuu jirtii furmaatnii isaa itti barbadamuutu bareedaa,0,0,3,0,0,0
orm_train_track2_1401,OMN bu’aa bahii hedduu dabaree waggaa 8 lakkoofsisee jira . baga dhalatte sagalee ijaa fi gurra ummataa . URL,0,0,0,3,0,0
orm_train_track2_1402,''X'' shororkeessitoota irraa kaffaltii fudhataa jedhan duultonni iftooma teeknoloojii,0,0,0,0,0,0
orm_train_track2_1403,Shira xaxxoonni sirna Habasha B.G . Taaddasaa Birruu irratti kan murtii du'aa dabarsan Taaddasaan yakkamaa taanan osoo hin taanee Oromoo haa baratu waan jedheef . Ijoolleen isaa sadan(3) Xoophiyaaf wareegaman . Innis miilli isaa rasaasaan.Xoophiyaa kana . URL,3,0,0,0,0,0
orm_train_track2_1404,biyyyeeefi biyyyaaafis yaaa goootasabaaa   dhugaaa barbaaada freeeshamsadddin freeeBaqqqalaaa garbaaa freeegammmachuuu to kkkummmaaa freeealllpoliticalprisoners freeejoharmuhamad justicefor acaluuu freeeBaqqqalaaa garbaaa freeegammmachuuu to kkkummmaaa freeealllpoliticalprisoners,0,0,2,0,0,0
orm_train_track2_1405,Hiryaaadhuga gantuuun nama guba Akkkas akkkas oromticha kooo jabaaadhu Jajabe,0,0,0,2,0,0
orm_train_track2_1406,ummatni oromoo amaaraaf yaaddoo hintaane manasaati ummatni amaaraas oromoof dooktar ambaachoo mokonnin,0,0,0,0,0,0
orm_train_track2_1407,Wontiiihadhaaagudaaaaniiisiii ,0,0,0,0,0,0
orm_train_track2_1408,allahamdulillah galata waaqai kiyya,0,0,0,2,0,0
orm_train_track2_1409,shamarri gowwaa lafti magaalaa abbaa qabeenyati,0,2,0,0,0,0
orm_train_track2_1410,Yadatuuu guyaaagalmaaa abagadaaa ebiiisaaan aboootiiingada malaaas fardaaabadhaaasan maaalbaleeesan,0,0,0,0,0,0
orm_train_track2_1411,"dhadhaa sanakeessa baasna jechuudha raasnee baasuufammoo humnaa fi gahumsa itti qabnaajechuudha"" Ajajaa Waraana Bilisummaa oromooZoonii lixaa Jaal Marroo URL",0,0,0,0,0,0
orm_train_track2_1412,Yartuuun gaaafa nama nyaaartu galtuuu fi gantuuun gaaafa baaayatttuuu qamooon fi goootni ammmooo xiiiqiiidhaaan shan taeee dhalata Gadheeen garaaa udaaaniii biyyya gurgurattte horiiittti Of beeekti isheeen maqaaa ishiii hin gaaafatinaaa Nuti hin dhiiisnu ha badan waaan yaaadne fiiixaaan baaasna Dibata waaan q,0,2,0,0,0,0
orm_train_track2_1413,Koroonaavaayiras: 'Gaafa guyyaan haadholii kabajamu harmee koon awwaale',0,0,2,0,0,0
orm_train_track2_1414,Yaaadannnooon sirba kana jawaaariiif haaa tauwaaan jawaaariiif bayeee nattti fakkkaaata yooon irrra dedddebie dhagau,0,0,0,0,0,0
orm_train_track2_1415,PPn nama nagaa Abbaa fi Haadha biratti bakka namoonni hedduun jiranitti rasaasa itti roobsitee galaafatte woyyoo yaa Oromoo hidhadhuu mirga kee falmadhu URL,2,0,2,0,0,0
orm_train_track2_1416,Ummanni keenna Gujii woraanna tasa irratti banameen baay'ee nurraa midhame . Akka hawaasaatti gurmaa'u dhabuun akkana nama midha . Gurmaa'ii hidhadhuu lolaadhu! URL,1,0,2,0,0,0
orm_train_track2_1417,Jaallan Shaashoo Anbassaa fi Bojaa Girmaa yeroo ammaa mana hidhaa dukkana keessaa gara kutaa ifaatti deebi'aniru jedhu maddeen . Kun bu'aa sagalee Uummata keenyati . Ammallee Maatii fi Uummanni keenya namoota mana hidhaa jiran yeroo yeroon hordofuu barbaachisa . URL,0,0,0,2,0,0
orm_train_track2_1418,@USER Ayyaana dhaloota gaarii siif haa ta'uu Galatoomi,0,0,0,3,0,0
orm_train_track2_1419,bayeee gaaariii dha,0,0,0,2,0,0
orm_train_track2_1420,#HordoffiiErgamtoonni Abiyot konkolaataa Odaa Baasii fi TATA hedduun magaalaa Walisoo keessa qaxxamuruun galgala kana gara Ammayyaa fi Gindotti kutaa jiru quba qabaadhaa toorri sun!Qeerroon Naannoo Sanaa Jirtaan Hordoffii Tolchaa,0,0,0,0,2,0
orm_train_track2_1421,Barsiiisaaan wal jala darbem herrrega keeesssattti waaaeee Bakar Waaareee Abdiiisaaa Aagaaa Waaaqooof,0,0,0,0,0,0
orm_train_track2_1422,Bushaa Hiikaa: Narsii baadiyyaa duraanii Oromiyaa miseensa waraanaa US hanga Neurosurgeon ta'uutti,0,0,0,0,0,0
orm_train_track2_1423,@USER Gaariidha keessattiyyuu dhaloota abdii boruu ta'an irratti xiyyeeffachuun gaariidha!! jaalalaf gammachuu Aadaa waliin jiraachuufii wal danda'uu wal kabajuufii waliif obsuu barsiisaa guddisuun dirqama lammii maraati Presdantii keenya nuuf jabaadhu rabbii wajjin si duukaa jirra!!,0,0,0,2,0,0
orm_train_track2_1424,#Ekeraa boollaa baasanii nurratti goobsanii ammaas akka qotiyyoo looniitti #waanjoo nutti fe'uu barbaadu! Laalaa mee salphina jeraa #GUMAA keenya immo isiniif kafalla jettee akka loonii maallaqaan nubituu illee barbaadu(#Maanguddoota_Karraayyuu) . URL,3,0,0,0,0,0
orm_train_track2_1425,Taphataan Weest Haam adurree isaa yeroo dhiitun erga viidiyoon argamee adurreen isaa harkaa fuudhamte,0,0,0,0,0,0
orm_train_track2_1426,Ilmaaan Oromooo ilmaaan Gafa rakooo Jirtuuu htttpsyoutubecomchannnelUCJ7nlUBtY8D1EKD35WqK34w Dhiiirooo Annni IrrraDiiiba Osooo hin taiiin Subscribe Naaa Barbachiiisa Maaareee Qeeerooof Qaaareeern Oromooo channnaliii kooo SUBSCRIBE Naaaf godhaaa yerooo Dhihooo keeesssati Viiidiiiyo haaala fayadama kompiii,0,0,0,0,0,0
orm_train_track2_1427,shira harcaatuun nafxanyaan xaxxe biyya dirree jeequmsaa taassisuuf wixxifataa jirtu kanas dhabamsiisnee biyya olaantummaan seeraa guutumaa guutuutti mirkanaa'e ijaarra,3,2,0,0,0,0
orm_train_track2_1428,Jiruu Aggaammii Adii Kuun yeroo isaa dabaree jiraa . BIYYA ofii Abbatu Egaata Ergaamtuu Juunta fi shanee .,0,2,0,0,0,0
orm_train_track2_1429,Dhugaaa irrraaa maaaltu na dhooowwwa eeesssati kufe namni dhugaaaf bule galgalan tolu namni sobaaaf duuule waaaw galooo ko umriii nuf dheeeradhu,0,0,0,3,0,0
orm_train_track2_1430,Ashamaaa ummmataaa jalalaaa  Video ajjjaibaaa kanaaa dawwwadha achuuunmaaan maaatiii keeenyaaa taaaa htttpsyoutubeM5eYwDvY6fw Galatooomaaa,0,0,0,2,0,0
orm_train_track2_1431,dubartoonni siyaasaatiin milka biyyaafi ummatasaaniif bu buusaa jiran dubartoota kaaniif fakkkeenya ciminaa jiru,0,0,0,0,0,0
orm_train_track2_1432,Kan rakkoo argetu rakkoo namaaf arga! Akkaataa itti fiilmii #Waan_koo itti eebbisnetu jira . Kun Adaamaa galma Oliyaadi . #Sayyoon dhugumaan ajaa'iba dubbata! Seenaa ijoo bal'ina isaaf gara #Sayyoo deemuun . URL,0,0,0,0,0,2
orm_train_track2_1433,Hordoftootni Amantaa Kiristaanaa hundi baga Ayyaana Du’aa Ka’uu Gooftaa Keenya Iyyesuus Kiristoosiin nagaan isin gahe ! Ayyaana Gaarii ! URL,0,0,0,3,0,0
orm_train_track2_1434,humni nafxanyaa finfinnee mandheffatee jiru weellisaa ittiiqaa tafarii irrattis yaalii ajjeechaa raawwatee ture,3,0,0,0,0,0
orm_train_track2_1435,Carraa yeroo meeqa sidarbe.1974 . 1991 2018 . hanga feete dhugaa qabaattee yoo humna qawwee hin qabne isuma qawwee qabutu sirratti wolkora . harkikee duwwaa hin ta'in yoo rigaa ykn suwaaka ta'ellee.,2,0,0,0,0,0
orm_train_track2_1436,jiraadhu jabaa goota ija barbadaa,0,0,0,2,0,0
orm_train_track2_1437,dubartooonni ulfaa haalli sirna qaamasaanii namoota kaanirraa adda taheef taateewwan baay kessummeessuu danda,0,0,0,0,0,0
orm_train_track2_1438,Media odefannnooo sirrriii taheee fi filatamaaa ummmta oro,0,0,0,2,0,0
orm_train_track2_1439,Baga nagahaan nuuf baatan hidhamtooti oromoo hunddi keessanuu fuula durri ifa arguuf isinuma qabnna gammachuun haadabaluu! URL,0,0,0,3,0,0
orm_train_track2_1440,kitaabni qorannoo ‘sirna gadaafi mirgoota dubartootaa jedhu yunivarsitii mattuutti gargaaraa pirofeesara seeraafi yunivarsitii finfinneetti wiirtuu mirgoota namoomaatiin digirii sadaffaa barachaa jiran muluqan kaasaahuuniin barreeffame wiixata darbe finfinneetti eebbifameera,0,0,0,0,0,0
orm_train_track2_1441,Ashaaamaaa harkaaa fuuune Yaaa warrraaa IJAAAFI gurrra ummmataaa bagaaa nagaaa taaataniii hamaaan isiiin hin argiiineee djinnni isiiin hin dadhaaaban Yihuuun gara mana isaaa jalqabaaatttiii deeebineeeu isaaattti gudddooon gammmade gaaafffi in kooo deeebiiisaaa argaaate Galatooomaaa,0,0,0,3,0,0
orm_train_track2_1442,Ummati oromoo karaa2n gatii kafalaa jira kafaltii gatii inni kafalaa jiru ammoo badii fi cubbuu inni ofii hojjeteen osoo hin taane gartuu keessaa fi alaan maqaasaatiin daldalanitiin.Kaan ammoo nyaaphi qaawwa kana argate caarraa lola kaabarratti taheen hidhannoo meeshaa waranaa,2,0,0,0,0,0
orm_train_track2_1443,#ATM n Shiraa Moofatee Diigamuu isaa isa dhumaa hardhaifatti labse.Maashiniin Oromoo Diigaa bahe ofiif diigame.Galanni kan Rabbiiti.CCto @USER @USER'aato @USER URL,0,0,0,2,0,0
orm_train_track2_1444,nuraaarsiiiboqojjjiii3693 abbbiyitttu nuuu ajjjessse ilma nafxanya haaati isaaas hati manaaa isaaas nafxanya kanaaaf nafxanyaaaf bitame,0,3,0,0,0,0
orm_train_track2_1445,Haleellaa galgala kaleessa Waraana Bilisuummaa Oromoon magaala #Naqamteetti raawwateen ajajaan Duula addaa federaala kan ta'e #Kom_Getinnet_Mulugeetaa jedhamu eegdota isaa lama wajji ajjeefameera.Gowwaan bosona barbaada leencichi magaala keessatti du'aaf madoon adaaba jira URL,0,0,0,2,0,0
orm_train_track2_1446,@USER Akka Risaatti Rakkoo Kamu Ol taatee waan tajaajilaa jirtuuf Waaqni si waliin jira.ati mo'ataa dha . URL,0,0,0,2,0,0
orm_train_track2_1447,Oromoo akka bineensaatti ajjeesaa biyyaa ariyaa hiraarsaa mootummaa keeti jedhanii gowwoomsuun hin hojjatu . Oromoo dammaqi . Ilmaan kee garaashii hidhattee dhagaa boraafattee siif duutu WBO faana dhaabbadhu . Hidhadhuu biyya abbaa keetii bilisoomsi . #OromoVoice #OromoIsStarving,3,0,0,0,0,0
orm_train_track2_1448,Sirnaaa simaaana motummmaaa kaleeesssaaa yooo tureee haraaa yooo calqabeee maaal rakkkooo qabakunis analysis jedhamaaakaaamirgaaa ofitttiii mormuuuni namummmaaadha garuuu dhugaaa ofiii lafa godhaaan gandaaa jalaaa figuuu fi waaan hin fakkkaneee irrratttiii yerooo gubuuun maratummmaaa fi safuuun alaaa tahuuudha,3,0,0,0,0,0
orm_train_track2_1449,@USER Baga gammadee jabadhu.karoora kee fayyadamii qabxii gaarii galmeessi,0,0,0,3,0,0
orm_train_track2_1450,Baga Ayyaana Cuuphaan isin gahe!Ayaana Gaarii! URL,0,0,0,3,0,0
orm_train_track2_1451,@USER Ajaa'ibaa abbooFookkorsii pp kanuuma edaa,0,0,0,0,0,2
orm_train_track2_1452,Maaal taaatan jarana Fardi erga gaaariiif hin ooollle qalaaa nyaaadhaaaka oduuu dhabdaniii,2,0,0,0,0,0
orm_train_track2_1453,Abbee_Abbaabiyyaa Baga rabbi Harka diinaatii sibaaseeMaatii keetti galte! URL,0,0,0,3,0,0
orm_train_track2_1454,Osssooo qabsooo midhamaaa sabaf dhabateee hidhameee senaaa gariii dalageee jennnaaa hamaaa garuuu waaa lamaaa dhabduuu jenaaa kaaa   garuuu waqayyyooo isaaa yaaa gargaruuu,2,0,0,0,2,0
orm_train_track2_1455,Fet.H/Goorgis Diinagdee ykn Abbaa Malaa warra kaleessa seenaa gaarii hojjatanii waan gaarii isaan hojjataniin dhaloonni harra'aa mataa olqabannee akka deemnu nugodhan keessaa isaan tokko nutillee dhaloonni boruu seenaa jara kanaa nugaafata utuu hintaane seenaa nuti hojjanneedha . URL,0,0,0,0,0,0
orm_train_track2_1456,Qabsaaayaaaf sabbbooonaaa keeennna gaaazexeeesssaaa Siraji Sabaaa waaan kennna Rabbbi siiif kennneeeniiif Saba miiidhamaaa Oromoootiiif sagaleee OMN irrrattti taaateeef EEEBBBIFAM Jabaaadhuuu ittti fufi HAQAAAF FALMMMANNNA shakkkiii tokkko maleee hin BILISOOOMNNNA Jabaaadhaaa Isin woliiin jirrra,0,0,0,2,0,0
orm_train_track2_1457,Galooo kooo hamaaa keee nun dhagesisiii   nuf jiradhuuu ,0,0,0,1,1,0
orm_train_track2_1458,Hogganaan humna waraanaa Ameerikaa yaaliif hospitaala galuun yaaddoo uume,0,0,0,0,2,0
orm_train_track2_1459,Guyyaa 22/01/2022 Gujii bahaa Ona Harqallootti Ganamaan diina saba oromoo kan taatee waraana bilxiginnaa akka baalaa harcaasaa jira . Walitti daachana . URL,0,0,0,3,0,0
orm_train_track2_1460,Yaaa Rabbbiii ummmata keeenya kan Oromummmaaa fi jecha miiidhamaaa jiraniii  Furmaaannni harka keee jiraaa  ,0,0,3,0,0,0
orm_train_track2_1461,'Turkiin humna lafoo nutti bobbaafti taanaan ISIS mana hidhaatii gadi lakkifna' - humnoota Kurdootaa,0,0,0,0,0,0
orm_train_track2_1462,hiriirri dhaadannoowwan eenyummaa saba oromoofi oromummaa balaaleffachuun bahamaa jiru falaasama finxaaleeyyiifi calaqqee finxaalessummaati,2,0,0,0,0,0
orm_train_track2_1463,Fuad Yaasin hidhanni isaa mootummaa Turkii waliin hariiroo cimaa kan qabuu fi dureessa akka ta'etu himama . Namni kun ajjeefamuu Jeneeral Se'are Mekonnen waliinis yeroo maqaan isaa ka'u nii dhaga'ama . Basaastonni amma bobbaafaman kunneen caasaa diina akka isaan jedhanitti shanee,0,0,0,0,0,0
orm_train_track2_1464,Kabajamtooota hordoftooota YouTube kanaaa video kaaan durseee naaa like godhe waaan tahef maaatiii naaa godhadhaaa naaa jajjjabeeesa,0,0,0,0,0,0
orm_train_track2_1465,Araas boruus nafxanyaan diina oromooti #Oromo,0,3,0,0,0,0
orm_train_track2_1466,@USER #WBOCinaaDhaabbanna #Eenyuyyuu ummata guddaa gaanfa Afriikaa balleessuu hindandayu . Garuu rakkoo cimaa ofittuu waamuu taha.,0,0,0,0,0,0
orm_train_track2_1467,Yooo wal taaaneee Birrraaa wal agarrra,0,0,0,0,0,0
orm_train_track2_1468,Oromooon ka quuufe ka beeelayeee hin beeeku jedheee mammmaaake ta gantuuullle akkkasuma,3,2,0,0,0,0
orm_train_track2_1469,"“Taankiin na bira jira. Baayyeen soddaadhe, dhuftee na fudhattaa?""- Daa'ima ganna 6 waraana Gaazaa keessatti danqamte",0,0,3,0,0,0
orm_train_track2_1470,wolayiii Kadir Martuuu leeenca keeenya ani heddduuu heddduuu si jaaaladha onnneeera waaan jedhe sif himu hin qabu jechaaatu naf hanqaaata dheeebbbuuu bilisummmaaa kana rabbbiiin hundaaa keeenya haaa basu ni dandaa oromooo tau koootin booona uuumphaaa,0,0,0,3,0,0
orm_train_track2_1471,Oromoon kan finfinnee irraa faaydaa hin arganne Ethiopia dhaaf lubbuun oromo baduun jaarraa hunda salphina,0,0,2,0,0,0
orm_train_track2_1472,Saaqi Saanqaa Ittiiqaa Tafarii Goota Gaafa Rakkoo URL,0,0,0,0,0,0
orm_train_track2_1473,Galaaana Gaaaromsaaa dhiiira duuubattti hin jennne kan onnneeen barbadaaa goootummmaaankeee kanuma Hacaaaluuuti ibiddda giddduuu teeessseee sirba dhaaamsa gudddaaa qabu kanaaan quuuqama Oromooo muliste Ammmallleee jabaaadhu aaartiii Oromooo irrriba dhabdeee gudddisaaa jirta umriii dheeeradhu Adaraaakeeemmmooo w,0,0,0,2,0,0
orm_train_track2_1474,Wwww Galooo kooo Rabbbiii ijjja diiinaaa irrraaa siii haaa eguuu Oromtichaaa kenyaaa kumaaa nuf jiradhuuu ,0,0,0,2,0,2
orm_train_track2_1475,Anatu duraaa laaaleee,0,0,0,1,0,0
orm_train_track2_1476,#Tigraay . Mani amantaa ortodoksi Tigraay tarkaafi Afaan immiyeerati fudhatejira . Manni amantichaa barnoota faan Amaaratin kennaa ture dhaabu isaa labseejira . URL,0,3,0,0,0,0
orm_train_track2_1477,Sagantaalee addaa addaaf tajaajila kenna jedheera Cidha Geejiba Bashannana fi kkfBaay'ee nama gammachiisa . Gurbaa kana jabeessinee hamilee yoo itti horre waan kana caalu baay'ee arguu dandeenya . Jabaadhu jedhaa! 3/3-Leta k.,0,0,0,2,0,0
orm_train_track2_1478,Galooo kooo nuuuf jiraaadhuuu jabaaa kooo hamtuuun sin argiiin gaaariiin sin darbiiin galannniii keee biliiisuuummmaaa haaa tauuu qaxaleee kooo aceee dhabnuuus ditttiii obsiiineee qaxaleee kooo,0,0,0,3,0,0
orm_train_track2_1479,gurbattii nafxanyaa diina oromoo andu'aalem bafikaaduu dammalasha  ofiin jettee hin hordofne gochuun soba ofirra dhaaba,2,3,0,0,0,0
orm_train_track2_1480,Yakki walfakkaatan TPLFn irra gahaa ture ammas deebi'ee kan irratti dalagamu yoo tahe ummanni maalif na jibba maalif narratti fincila maalif hidhannoo narratti kaasa jechuu ni dandeenyaa? 5),0,0,0,0,0,0
orm_train_track2_1481,Waraanni pp hedduun Shaggar Lixaa aanaa Gindabarat magaalaa Kaachis weeraree ummata shororkeessaa jirti.Qeerroon naanawa anii sochii fi bobbaa ishii hordofuudhaan WBOf eeruu kennuu qabdu.,2,0,0,0,0,0
orm_train_track2_1482,Paartii Badhaadhinaa Paartii Abdii sabaa sablamootaa Wabii Biyya keenyaa Burqaa Hoogansaa Haa Filannuu Mallattoon Isio Ampooliidha.Ampooliin Dukana Dhabamsa . URL,0,0,0,0,0,0
orm_train_track2_1483,Buusaa Gonofaa!Wabii rakkoo hawaasummaa Oromoon Oromoof ittiin dirmatu . Duudhaa keenya ganamaatiin kaayaa yeroo rakkoo kaawwanna . Buusaa Gonofaa! URL,0,0,0,0,0,0
orm_train_track2_1484,Bara Wayyaanees akkanaan shororkeessaa jedhame bara pp irra deebiin shororkeessaa jedhame @USER URL,3,0,1,0,0,0
orm_train_track2_1485,Baga kabaja ayyaana irreecha kan bara Kanaa geenye! kan Nagaa badhaadhinaa fi tokkummaa Nuuf haa ta'u Siku njema ya shukrani ya Oromo! Bonne journ e de Thanksgiving Oromo! URL,0,0,0,3,0,0
orm_train_track2_1486,paastarii pheenxee raajuu raaguudhaaf sobdee afuuftu dhugaa taatee maalif waayee qormaata kutaa ffaa raaguu dhabde,0,2,0,0,0,0
orm_train_track2_1487,alhmduliaaa alhmaduliiilaaa galataaa keee yaaa rabbbiii masha alllah siroookeeenya bagaaa rabbbiiin kooo siii fayyyiiiseee sanyiii ofiii,0,0,0,2,0,0
orm_train_track2_1488,Itoophiyaatti lakkoofsi oggeessoota fayyaa Covid-19 qabaman dabaluun yaaddoo uumeera,0,0,0,0,2,0
orm_train_track2_1489,WBOn diina hiriirsee harkaa guuraa oola Ambootti hojiitti jirra oloolaaf bakka hinlaannu . URL,0,0,0,2,0,0
orm_train_track2_1490,"Duula Maqaa Riphee loltoota balleessuuttiin#GodinaShawaaBahaa #AanaaFantaallee #GandaGaaraDiimaatti bobba’een Maanguddoo dhukkubsataa sireerra ciisu dabalatee #NamniSadiDu_uu #HedduunMadaa_uufi akkasumas #HedduunImmooDhabamsiifamuu maddeen @USER""URL",0,0,3,0,0,0
orm_train_track2_1491,Ummanni Wallaggaa dhihaa keessumatti naannoon Beegii Muggii fi Cawwaaqaafan rakkoo hamaa keessa jiru qaamni uummata nagaa ajjeesuu fi reebuyyu adda ba'aa hin jiru . Uummanni kun badii maalii qabaayyu ba'aan akkasii akka itti fe'ame namaa hin galu.,0,3,2,0,0,0
orm_train_track2_1492,dubarri durbummaa hin qabne dallaa balbala hin qabannedha abbuma argetu seene baha,0,3,0,0,0,0
orm_train_track2_1493,Attti gudadhuuu sanyiii dhiràa uuuf garaaa nama badaaa,0,0,0,2,0,0
orm_train_track2_1494,#SaveOurLeadersAni hidhamaa siyasatiDararaan anarra geessisaa jirtan dararaa oromoo kaminu adda miti.Garummoo dararamni koo qabso bilisummaa oromoo daranu fininsa Kumatama dhiga danfise qabsoti sensisa isa jirus ni jabeesa jedhe Jaal #Abdi_Ragasa#FreeAllOromoPoliticalPrisoners URL,0,0,0,0,0,0
orm_train_track2_1495,Qondaalli ABO Yaasoo Kabbabaa turtii mana hidhaa fi waa'ee himatasaa maal jedhe?,0,0,0,0,0,0
orm_train_track2_1496,Abbbaaa dhugaaa  Gaaalooo keeenyaaa,0,0,0,2,0,0
orm_train_track2_1497,Aster Badhaane Finnfinnee keessa baane galuuf sodaa qabna nageenyummaan natti hin dhaga'amu jette kan jettu . Afaan ishee tortoraa kana keessa waan ba'aa jiru of duuba deebite kan hin ilaalle isheen nama utuu hin ta'een sareedha sareen immoo warra irraa dhalatteef utuu hin ta'in,0,3,0,0,0,0
orm_train_track2_1498,Qeeqa sodaadhee balaaleffannaa sodaadhee waan uummata kana qilee hamaatti galchu hin lallabu ani.@USER,0,0,0,0,0,0
orm_train_track2_1499,Bagaaa Rabbbisaaa fayyyiseee leeencaaa sabaaa,0,0,0,2,0,0
orm_train_track2_1500,waaaq sodaaadhaaa Afgaaafiii jechuuun dogogggora kabajaaa Afaaan Oromoootiiif lamuuu ittti hin deeebiinaaa,3,0,0,0,0,0
orm_train_track2_1501,#OromoProtests dhimmi imbaasii nafxanyaa kan ummata keenya irratti shira dalaguuf ijaaramte biyya adunyaa maratti cufuun barbaachisaa dha . Hojiin isaanii dhugaa fi haqa ummata keenyaa awwaaluu irratti fuullefatanii halkanii guyyaa hojjetaa jiran waan ta’eef cufamuu qabu . URL,3,0,0,0,0,0
orm_train_track2_1502,@USER #rabiin kee isa isi uume sodaadhu kan dhumaa jirtu kun lammii keeti #ethiophiadha URL,0,2,0,0,0,0
orm_train_track2_1503,Asumanuuu Mattti Na agodhadhaaa,0,0,0,0,0,0
orm_train_track2_1504, Namniii bakkkaaakaaa beeekkkuuu diiibeee dhaaahaaan nahaaareee ,0,0,0,0,0,0
orm_train_track2_1505,@USER Soba! Magaaloota nannoo Finfinnee kessa geejjiba/taxi’lee kuttan nama uffata aadaan deemu poolisiin akka qabdu ajajaan kessummaa maqa Oromo qabu hoteela kessaa baasa gatuu Oromon Waaqa’lee kadhachuuf hayyama nutuu kena jetu jabaa keenya hunda hitaan.isin maal Oromo ijaartu?,2,0,0,0,0,0
orm_train_track2_1506,"'Balfa keessaa na kaasan, gammachuun akkasii anaaf ''isa jalqabaatis, isa dhumaatis'",0,0,0,2,0,0
orm_train_track2_1507,OMN jabaaadhaaa media uuummmtaaa Galata gudddaaa qabdu oromooo biraaa kabajamooo keeenya ,0,0,0,2,0,0
orm_train_track2_1508,@USER Malaxaa ammuma yoomittis SOBDAA? Eega dukkana jalqabanii na amanii Loltuun Itoophiyaa daaraa taateetti #TEGARU winner,0,2,0,0,0,0
orm_train_track2_1509,Wowowo barumsa gudadhaaa dhugaaa jabadhaaa ,0,0,0,0,0,2
orm_train_track2_1510,Ajaa'iba rabbiiMaal dhageenyaa #Ethiopia #profet URL,0,0,0,0,0,2
orm_train_track2_1511,@USER Soddee barana Baban State House akka seenu shakkii him qabu.,0,0,0,0,0,0
orm_train_track2_1512,Gotaaa kenyaaa jabadhuuu   lecaaa kooo,0,0,0,3,0,0
orm_train_track2_1513,@USER Caasaa OPDO qabdu Oromiyaa lixaa irra ammaan tana caccabeera . Galannii #WBO'f haata'u . Nama nagaa ajjeesaa fi baankii hataa qubashee kallattii WBO qabaa jirtu diina ummata Oromoo kan taatee OPDO dha . Soba dhisaa mee . There is always two sides to a story . #Oromia #Qeerroo,0,3,0,0,0,0
orm_train_track2_1514,Galatomaaa obleyannn tiyaaa jabadaaa dthamaqaaa lafaaa ,0,0,0,2,0,0
orm_train_track2_1515,Baga gammanne Ummanni Oromoo! Bittaan manaa kan Artist keenya #Nuuhoo_Goobanaa Jalqabamee ture Kaffaltii guutuu raawwachuun xumurameera! Qaamoonni milkaa'ina kanaaf dhamaatan hundi keessanuu ulfaadhaa! URL,0,0,0,3,0,0
orm_train_track2_1516,Dhalataa Itoophiyaa yeroo boqonnaa taphattoota beekamoof haala mijeessu,0,0,0,0,0,0
orm_train_track2_1517,H﻿aleellaa rokkeetii konkolaataa deeggarsa fe'erratti raawwateen namoonni hedduun ajjeeffaman,0,0,2,0,0,0
orm_train_track2_1518,Biyyyaaa Sanaaa keeesaaa seeeriii hin jiruuu kani kan godhuuu abbbiyyyiiidha Ummmani Oromooo ganaaa fixxxaaa   Dinnnaaa fanaaa hiriruuuraaa otttooo tokkkooo tannneee dinnnaaa ofiraaa fincileee gaaariiidha,1,0,0,0,0,0
orm_train_track2_1519,#Alert!Yeroo ammaa kana mooraan Yunivarsiitii finfinnee kiiloo 6 humna Poolisii federaalaafi hidhattoota poolisii magaalaa Finfinneen doormiin barattootaa sakattaa'amaa jira . Barattootni Oromoo yaaddoo fi sodaa nageenyaa guddaa keessa jiraachuu dhaammachaa jiru!,0,0,0,0,3,0
orm_train_track2_1520,#OBN: Ministirri Muummee Dr.Abiyyi Ahimad haala 'COVID-19' rakkoo hamaa diinagdee maakroo irraan gahu qolachuuf Pireezidaantii Baankii Addunyaa Deeviid Maalpaas waliin mari'achuusaanii himan . URL,0,0,0,0,0,0
orm_train_track2_1521,#Waraanni_bilisumma_oromooBu'ureeffama isa irraati eegale kan oromoo hundaatiif loluudhaOromoo salphina keessa baasuf kan gadi ba'e oromiyaa harka nyaaphati baasuuf kuffise kufa jira . Kanaaf tumsa isa barabachisu gochuun dirqama nu hundaati.,0,0,0,1,0,0
orm_train_track2_1522,Galatomaaa obleyannn tiyaaa jajjjabadaaa,0,0,0,2,0,0
orm_train_track2_1523,Galatomiii baaayeee jaladheee rabbbiiin isssiii haaa eggguuu,0,0,0,1,0,0
orm_train_track2_1524,Nuuu jabaaadha warrra omn karaaa gaaariii irrraaa jirtu,0,0,0,2,0,0
orm_train_track2_1525,dubartiin tokkko jettetti barattuudha miseensa saba hazaraa ajjeechaan irratti raawwate keessaati bbcti himtetti abdiin hundinuu sodaatiin bakka bu eera kunis aduu guyyoota muraasaa keessattidha,0,0,0,0,0,0
orm_train_track2_1526,"Oduu Injifannoo Boonsaa! 21/6/2021 Guutummaa Godina Gujii Bahaatti Filannoon Sobaa PPn godhaa jirtu osoo hin Eegalin maqaa ""Sodaa Nageenyaatiif Guyya hin beekkamnetti darbeera""jedhuun hanqattee jirtii WBOn Beellame hafeen beekuu! URL URL",0,0,0,3,0,0
orm_train_track2_1527,Waan ofitti qullaa ka'uu . Oromiyaa bilissa baafnee taarikii eessa soba mitti eessa dhugaa kataabnee nagaan Nafixaanyaa wajjiin biyya tokko keessa otoo hin taane ollaa taane nagaan jiraachuu ttu caalaa . bilisummaa yookani du'aa Oromiyaan haa laalifttu diini ofaa dhagaa tti,0,2,0,0,0,0
orm_train_track2_1528,Hiddasaa ulaa Gaazaan alatti diriirsee kan jiru Hamaas meeshaa waraanaafi maallaqa ittiin of ijaaru eessaa argata?,0,0,0,0,0,0
orm_train_track2_1529,Jirrra bar galata Rabbbiii,0,0,0,2,0,0
orm_train_track2_1530,Gazexeessaa: Sodaafii abdiin ummanni godina keessanii qabu maalidha?Abdiin isaanii guddaan ummata oromoo miliyoona 50 oli oromiyaa keessa jiraatuudha.Ummanni keenya wanni akkas akkasii nurra gaha jedhanii yaaddoo keessa ni galan malee sodaa hin qaban jedhe . Dhugaan jirtu tanuma URL,0,0,0,2,0,0
orm_train_track2_1531,#Ilmaan oromoo gaddaaf gadadoo hamaa/akkaan ulfataa ta'e keessa jirra #Kanafuu lola Raashiyaa fi Yukreen irratti xiyyeefannee isaan horfofuu osoo hin taane Wal ijaarre waraana keenya cinaa haa dhaabbannu of ta'uf tataaffi haa goonu!,3,0,0,0,0,0
orm_train_track2_1532,2Xim 3  ¹⁶ Caaafffannni qulqulllaaaaaan hundinuuu gegggeeesssaaa hafuuura Waaaqayyyoootiiin caaafame barsiiisuuuf ballleeesssaaa hubachiiisuuuf qajeeelchuuuf qajeeelummmaaatttis leeejjjisuuudhaaaf dhimmma in baaasa ¹⁷ Namni Waaaqayyyooo waaa gochuuuf kan dandae hojiii gaaariii hundumaaafis kan qophaaae akkk,0,0,0,0,0,0
orm_train_track2_1533,Fiinfinneef maal boonya Adaamaa Bishooftuu Mojoo fi Dirree Dhawaanuu harka Nafxanyaa jirtii . Way salphina keenya . Baahir Daaritti Oromoon dhaqee Amaara ajjeese odoo jedhamee mee amma maal fakkaata? Yaa Oromoo . URL,2,2,0,0,0,0
orm_train_track2_1534,Your joke is very prettty  and i love your jokes very much thank you for do jokejirrra jirtuuu diraaamaaa keeesssaaan baaayyyeee jaaalannneeerakesssaaanuuu kan hirkooo  tiyyyaaa fi instructor moootummmaaa warrreeen hafanis gaaariiidhagaruuu diraaamaaa keeesssan kana torbettti lama osooo goootaniii baaayyyeee nu,0,0,0,3,0,0
orm_train_track2_1535,2 . Gama biroon warri soddaa ammallee Fano kan jedhan suni fedhin #ENDF makamuu diddee jirti . Kanarraa kan ka'e sodaa hamaa keessa galanii jiru . @USER Qeerroon 40k leenjii gaafa ba'u nuuf dhumata jedhe jedhan . #AbiyAhmedAli fi @USER akkasumas @USER.,0,0,0,0,0,0
orm_train_track2_1536,Waaaeee dhalooota boriii yaaaduuun gaaariiidha garuuu dhalooota boriii kan fidu warrra haraaa dhiiitaniii osooo hin taaane kunuuunsaniiiti,0,0,0,0,0,0
orm_train_track2_1537,Umriii isin haaa dheeereeesssu dhugaaa maaal jannneee akkka isiniiif galata keeesssan galchinu hin qabnu,0,0,0,2,0,0
orm_train_track2_1538,@USER akkam nagaa maal lammiin keenyaa biyyaa araabaattii dhumuu akkamittii isiinittii dhagahamuun rakkoo taatee ummanni biyyaa isaanii irrattii nurrakkisaa maal hojjataa embaasiin asii rakkoo nama keenyaa kan hin furree biyyaa keenyaattii nagaan nu galchaa,0,0,2,0,0,0
orm_train_track2_1539,Jaaarsummmaaan hirkooo dubbbiiidhaaan xumurame,0,0,0,0,0,0
orm_train_track2_1540,Eebbaa Waraana Bilisummaa Oromoo Kaaba Lixa Shaggar Keessatti Guyyaa Dheegaddaa Irratti Eebbifamtoonni Waraana Bilisummaa Oromoo Dhiichisaan Gammachuu isaanii Yoo Ibsatan Baga Gammaddan WBO keenyaa! URL,0,0,0,2,0,0
orm_train_track2_1541,Nama kabajuun sodaa miti sodaatuun kabajuu miti . cubbuun gooba baafte addunyaa gubatti . jedhe EA,0,0,0,0,0,0
orm_train_track2_1542,finfinnee faanaa broodkaastingi korporeet ayyaana irreechaa hora finfinneetti kabajamuuf kutaalee biyyattii addunyaa adda addaa oromoonni keessumoonni biroon finfinnee seenaa jiru,0,0,0,0,0,0
orm_train_track2_1543,Waaan gaaariiidha Jajjjabaaadhaaa,0,0,0,2,0,0
orm_train_track2_1544,Galooo kooo jiradhuuu meee lecaaa kooo garaaa kooo naqabanesiteee ijaaa amaturaaa nufiii afiii jajabeee kooo ,0,0,0,3,0,0
orm_train_track2_1545,taayyee ilma nafxanyaa waaqain du'a dhageessisu,0,3,0,0,0,0
orm_train_track2_1546,Takele uma motumaan kun hin kufaa shakiin hin jiruu wayyanenuu hin kufttee sodaa lubbutiif jetee umataa kee baldhaa hin ganiin dhugaa irraa dhabadhuu dinaa wajiin harkaa hin dhahiin URL,2,0,0,0,0,0
orm_train_track2_1547,Gabayo mattti naf taiii sanyi kooo kabajan si gafadhaaa,0,0,0,0,0,0
orm_train_track2_1548,amantii namaa xuquun gaarii miti obboleettii jaaladha atis jaalattee miti waaqayyo xiqqeessu sodaadhe,1,0,0,0,0,0
orm_train_track2_1549,"Nuhoo Goobaana ""Adabatte hin teessu""Sirba ajaa'iba kana dhageeffadhaa.URL",0,0,0,0,0,3
orm_train_track2_1550,Akkkuma dhaaaba Oromooo tokkko ture bakkka heddduuuttti diiigame warrri gudddinnni Qubeee afaaan Oromooo sodaaa keeesssa isaaan galche akkka deeemsigudddinnni hanga haraaa mulate gara booodaaattti deeebiuf  Oromooon burjaaajaeee abdiii kuteee gara qubeee saaabaaattti deeebiuuu fedhiii warrra qabantu ajandaaa akkkas,1,0,0,0,0,0
orm_train_track2_1551,Waraana Kaaba Itoophiyaa: Raayyaan Itoophiyaa Maqaleedhaa bahuu 'waan nuti hin eegne ture' - Pirezidant Isaayyaas Afawarqii,0,0,0,0,0,0
orm_train_track2_1552,Leeenca sodaaa hin beeekne Galooo sanyiii torban kutttaaayeee,0,0,0,3,0,0
orm_train_track2_1553,Gorsi qeerroon isaaniif gochaa tures tuffatameera . Wal gorfachuun sodaa erga ta'ee #wal_qaluun Qabsoo Bilisummaa Oromoo daandii sirrii irra buusuudha!,2,0,0,0,0,0
orm_train_track2_1554,@USER Abiy Suudaan deemee Pompeo waliin suuraa ka’ee mul’ifachuuf ture . Pompeo’n dubbisuu dide . Akka dubbisuu hin dandeenye itti himan . Akka suuraa irratti mul’atu kanatti gaddee taa’aa ture jedhan . Salphatee gale . Siyaasaa suuraa addunyaan itti bartee jirti.salphina mootii suuraa kkkk URL,0,2,0,0,0,0
orm_train_track2_1555,Haala Baqattootni Saud Arabiyaa keessa jiran akkan yaaddessaadha jedhan ilmaan Oromoo hidhamanii dararamaa jiran URL,0,0,0,0,3,0
orm_train_track2_1556,Qaaaliwwwaaan oromooo jabaaadha,0,0,0,0,0,0
orm_train_track2_1557,Ofiiif jedhetan siiiwaliiin ture waaan oduuu nuf dhiheeesssiteeef kabajamiii jaaarsa kiyyya,0,0,0,1,0,0
orm_train_track2_1558,Ajaa'iba Guddaa! Dubbii Addaa Hayyichi Oromoo Jawar Muhammad Dubbatte Tan Alagaan Immoo Rifate URL,0,0,0,0,0,3
orm_train_track2_1559,waaqai sodaattan dubartii oromoo hin fuudhinaa maaloo,0,3,0,0,0,0
orm_train_track2_1560,Ji'a Seenaa warra Gurraachaa: Manni Boob Maarlee faaya cuquliisaan faayame,0,0,0,0,0,0
orm_train_track2_1561,Sudaaniitti gareewwan riphee loltootaa lama waraanaa biyyaa waliin hiriiranii loluuf waliigalan,0,0,0,0,0,0
orm_train_track2_1562,Bareedu koo baga gamadee! Akka urjii iffa taatee midhagina Aadaa Seenaa fi dhugaa Oromoo akka calqiistuu akkasumas Hojjii jalqabdee kanaan milkooftee akka nuboonsituu shakii tokko hinqabuu! Congratulations! Jabadhuu! Ps:Waa’ee Qubeen koo is work in progress URL,0,0,0,3,0,0
orm_train_track2_1563,"Magaalaan naannoo Oromiyaa tokko nama fardaan gaarii harkise birri 60,000 adabuuf",0,0,0,0,0,0
orm_train_track2_1564,keeentya xaaafi dhangala e meee salaleeef walllaga akkkam ooole bule,0,0,0,0,0,0
orm_train_track2_1565,Welcomeoromia media network Gaaazexeeesssonnni OMN galata gudddaaa saba keeesssan biraaa qabdan wlh OLA and TDF Abiyooot baga booollla nuuuf qotttettti tarte diqaaalllan nu fixaaa baaateee ammma mudddamnaaan WBO jelattti galte,0,2,0,2,0,0
orm_train_track2_1566,Baga jiraaatttan professsor Izqeeel yoooyyya OMN jabadhaaa  qabsooo cunqurfamtooota sirna nafxanyaaa ni buqqqaaasa hundeeen,0,2,0,2,0,0
orm_train_track2_1567,Hirkooo    Halaaa gaaariii Keeesssas halaaa hamtuuu   Keeesssas Tesssaaani   Aadaaaf duuudhaaa Sabaaa keeenya Calaqqqisisssuf hagam akkka Nu Bonsitaaan jechaaa qabuuu ,0,0,0,3,0,0
orm_train_track2_1568,Gagggeeesssaaan abbboootiii dhimmmaaa furmaaata dhowwwateee wagggooota heddduuuf dhamaaasu meeeqatu jira yooo ilaaalan hojiiin kaaabineee Oromiyaaa biyyyicha keeesssa akkka hin jiraaannne nama taaasisa,3,0,0,0,0,0
orm_train_track2_1569,Gadaaa maleee gadooo hin faaarsuuu Obsuuufi obsuuu kooo soda seeete Boooka ittti dhugiii maleee maaal siiin jedhareee qeeerrranso,0,0,0,3,0,0
orm_train_track2_1570,Guyyyon kolfaaan nuuu fixeee Kornaaa mukaaattti hidhani mooojedheee  ,0,0,0,3,0,0
orm_train_track2_1571,Silaa Osuma carraa argatanuu Oromoodhan maal jechuuf qophaayan Alamuu Simee fi Awwaluu Abdii?Salphinni nama saba miidhuu hundi akkuma isaanii kana.Jaleen tuunis irraa baradhaa jenna.Qeerron Osoo isaan afaan addaan hin banatin salphinaan isaan geggeessite.Buli Qeerroo!!,0,2,0,2,0,0
orm_train_track2_1572,Badhaasa kan sa atii Euro dolaara 900badhaafame obbo jawar mohaammad URL,0,0,0,2,0,0
orm_train_track2_1573,Ass wr wb yaa ummata Muhammad(S.A.W)Bareedinni qalbii:sodaa RabbiitiiniBareedinni arrabaa:zikrii RabbiitiiniBareedinni ruuhee:Rabbi galata galchuuniBareedinni fuulaa:ibaadaa Rabbiitiini . URL,0,0,0,0,0,0
orm_train_track2_1574,OPDO'n quuqama saba Oromoo qabdi jedhee kan eegufi amanuu Gobantoota warra identity crisis qabanidha.Aangoo Oromoo harkaa qaba jatanii ree? Oromoo harka qullaa ayyaana isaa kabajachuuf deemu sodaa wan irraa qabaniif akkuma nama lola cimaaf demtuu Itti qophaa’aan! URL,0,2,0,0,0,0
orm_train_track2_1575,Waaan soba hin dubatina,0,0,0,0,0,0
orm_train_track2_1576,Abte Wonti hojjjecha jirtu waaan gaaariiidha jabaaadhu,0,0,0,3,0,0
orm_train_track2_1577,Uuuufffeee dhugaaa imimaaantuuu naaa qabe uuufff hamaaan sin argiiin   galooo jiraaadhuuu   dhiraaa oneeen sibilaaa,0,0,0,2,0,0
orm_train_track2_1578,Gooota ija barbadaaa Baga ittti cabsite atis,0,0,0,2,0,0
orm_train_track2_1579,Ijoolleen morkii du'aaf isaan saaxilu maaliif TikTok irratti dalagu?,0,0,0,0,0,0
orm_train_track2_1580,@USER Bay'ee nu boonsitan . Mootumman allayya lixuuf jedha . Abba Gadaa keessan diinarra eeggacha caffee isaa loltuu isaa eegu waliin kan Kamisee akka ijaaru hojjadha . Bilisummaa ijoolle keenyaf dhaallu bulchiinsaf ittisa waliin dhaaba . Kan waraana fedhe Abba Gadaa keessan haa tuqu.,0,0,0,3,0,0
orm_train_track2_1581,Maali Opdon Oromo lafa irraa baaleesitii ?Opdon Oromo keessa tti fuudha fi heeruma hin qabduu kanaafuu Oromo hin jaalatani haaloo ba'uu dha eergamtuu Tigree bandits ta'aan Qeerroo fi Qarree waggaa 27 tti baay'ee ajjeessan,3,2,0,0,0,0
orm_train_track2_1582,"Isin namoota xuraa'oodha, mootummaan yoo ajjeesu du'e hin jedhamu gabaasa du'a  lolaan gahee qofa gabaastu mitii?",0,2,0,0,0,0
orm_train_track2_1583,"PPn paartiin nafxanyaa maalaqqa nafxanyoota irraa iyyuu gurttee kana gochuuf boodattii hindeebituu WBOn akka jaarmiyaattii miseensootii WBO immoo akka dhunfaattii ofieeguun barbaachisaa dha.""Garaan /qoonqqoon dabarttuu maqaa hindabarree namarraa keessii"" URL",0,2,0,0,1,0
orm_train_track2_1584,Kolfaa koo Qaallicha OromooJawwee Abbaa BiyyaaAmmas Waaqaa gadittiSuma Abdiin Kiyya! Dubbatuus CallisnaanKumaatama CaaltaBareedaa Abbaa kooAkkam na mararta! URL URL,0,0,0,2,0,0
orm_train_track2_1585,Dhugaa du'a injifate.Mucaan suurasaa argitan kun namoota 18ttan warra jaarsotti J/dhuman keessa ture . Yeroo namoota hiriira galchanii harka duubatti hidhanii rasaasan tumanii qilee keessa buusuu eegalan gangalatee hallayyaatti of gate . Kunoo har'a ragaaf ummatasaa bira gahee jira URL,0,0,3,0,0,0
orm_train_track2_1586,Naannoo Oromiyaatti barattoonni miiliyoonni 9.6 barachaa jiraachuu Biiroon Barnootaa Oromiyaa beeksise . Bara barnootaa 2013 barattoota miiliyoona 11 . 2 simatee barsiisuuf karoorfate keessaa barattoonni miiliyoona 9.6 qofti sodaa COVID_19n barnoota eegaluu Biirichi beeksiseera . URL,0,0,0,0,0,0
orm_train_track2_1587,MDhO:Hagayyaa 24/2021 Weerara Lafaa fi lola Oromoo Karrayyuurratti labsame URL via @USER,0,0,0,0,0,0
orm_train_track2_1588,nama rakkkoo ummatasaatii furuuf halkanii guyyaa carraaqu nama araaraa nama amantiifi duudhaa oromoo ganamaa hojiisaanii hunda keessaa mul atu nama jabaa abdii sabaa luba balaay mokonnin,0,0,0,0,0,0
orm_train_track2_1589,Hunduuu namattti tolta ishaaalllah jartiii rabbbin sodaaatu sif haaa basuuu,0,0,0,2,0,0
orm_train_track2_1590,kabajamaaa namaaa baga nagaaan dhufte OROMIYAAAN Biyyya,0,0,0,2,0,0
orm_train_track2_1591,Gaaffiin Abbaa Biyyummaa Oromoon Gaaffacha ture otto hin Debifamin Gaaffiin Amhari ji'otan Dura Gaffate Debitef.,2,2,0,0,0,0
orm_train_track2_1592,"Naannoo Amaaraatti intarneetiin adda citee badii dhokse, hedduutti carraa cufe",0,0,1,0,0,0
orm_train_track2_1593,.Oromoo Malkaa irraa ugguruu hin dandeenyu.dhimma nageenya warraa nagaa eegutti kennine.waa'ee dibee ogeessa fayyaattif dhiifna . Abbaan gadaa nama irreenfachuu qabuu fi hin qabnee jedhee adda hin basuu.Abbaan gadaaa lakkoofsa nama irreenfatuu hammana jechuun safuudhajedhan URL,0,0,0,0,0,1
orm_train_track2_1594,Rakkoo hamaa amma MM fi #ODP mudatee kana akka salphaatti hiikuu danda’u:1.Namoota walaloo uummatoota biyyaatti arabsu kan qopheesan sana adda baasee hidhatti naquu dhifama uummata gaafachuu 2.Walaloo ofiif barreessite yoo ta’e aangoo gadi dhiisi . Lammaa bakka busi @USER,2,0,0,0,0,0
orm_train_track2_1595,Lammiileen Oromiyaa ordoftoonni amantii Kiristana biyya keessaa fi alaa mana hidhaa dhiiphoo fi bal'oo akkasumas warri falmiif dirree irra jirtan baga Ayyaanaa du'aa ka'uu Iyyeessus Kiristoosii nagaan geessan! Ayyaana Gaarii!!,0,0,0,3,0,0
orm_train_track2_1596,Nananarraa kan irra gowwaa nama eega imala dheeraa deemee manadhihaate booda . karaarraa badee Ja'an . Imaamu Ibnu Qayyim,0,0,0,0,0,0
orm_train_track2_1597,Biyyoota maqaa jijjiiratan - URL namaa seera uumamaa dhiisee seera ofii baaseen eega of bulchuu jalqabee booda nageenyi addunyaa tanaa boorawaa dhufe . Biyyoonni yeroo ammaa jiran kunniin hedduun isaanii Fedhii namoota dhuunfaa humna qabaniin jaaraman . URL,0,0,0,0,0,0
orm_train_track2_1598,Dhugaaan Nama galgala Galaaa    Sangaaan usnan iyyyiteee qaccceeen  Egaaa hacaluuu luuubbbun naaa hin marartuuu ,2,0,0,0,0,0
orm_train_track2_1599,dhugaaa keti Lenca faaakiii nam,0,0,0,2,0,0
orm_train_track2_1600,Yaaada kennnuuuf hojiii keee xiqqqeeesssuuu nattti taya kabajami keeesssatttuuu clipin yerooo dalagamu siiikkkooo mandooon   fakkkeeesssun keee nu ulfeeessse ulfaaadhu,0,0,0,3,0,0
orm_train_track2_1601,BBCn maaf Hamaas 'shororkeessadha' jedhee waamuu dide?,0,0,0,0,0,0
orm_train_track2_1602,Hordoftoota amanti Kiristaanaa hundaa baga ayyaana Qilleetiin isin gaheAyyaana Gaarii !!,0,0,0,3,0,0
orm_train_track2_1603,HAQAYuniversiitiitti barataan oromoo rakkoo hamaa keeysa jiraa dirmadhaaf Oromoon Dirree Dhawaatti miidhamaa jiraa dhaqqabaaf Bataskaanni gubachaa jiraa dirmadhaaf Barataa tokko RIB ajjeefamee hospitaala . URL,0,0,3,0,0,0
orm_train_track2_1604,Rehobooot mattti naf taiii sanyi kooo kabajan si gafadhaaa,0,0,0,0,0,0
orm_train_track2_1605,Furmaaannni Itooophyaaa ammmas Dimokiraaasiiif harka kennnachuuun araaara buuusuuudha Hayyyooota akkka Johaaariiifi Eskndir fai bitaaa mirgaaa funaaananiii hidhaaa keeesssa tursiiisuuu irrra abbbaaa furmaaataaa gochuuutu fala,1,0,0,0,0,0
orm_train_track2_1606,Qophii lolaa gochaa kan ture waraanni Sudaan yeroo ammaa loltoota Itoophiyaa waliin lola jabaatti seenuun beekameera . Haleellaan Sudan galgala kanaa jeettiwwan waraana fi helekooptarotaan kan deeggarames jedhameera . #Sudan #Sudan URL,0,0,0,0,0,0
orm_train_track2_1607,Nama gara angootti sifide grantee jawar mana hidhaa dukkanaa Kessa geessitee haccaalu ajjeeftee Qeerroo Oromoo kaan mana hidhaatti ajjeeftee kaan gaara geessiite rasaasan gattee akaroo reeffa mililik filtte anggoota oromoo hijiirtaa ariitteeAkka Hijii keetittii sitti xiqqaata URL,3,2,0,0,0,0
orm_train_track2_1608,qabsoo hadhaa dargaggoonni taasisan kanaanis keessumaa qeerroofi qarreen oromoo kumaatamatti lakkaa aman wareegamuun dooktar abiyyi aangootti fiduunsaanii seenaa yerooti,0,0,0,0,0,0
orm_train_track2_1609,Jajjjabooo   ilmaaan oromooo dhugaaa dubbbachuuuf   waaan jedheee isin ibsu hin qabu   keeesssatttuuu guyyyooon   kalllatttimaaan haaaceee nuyaaadachiiisa   jabaaadhaaa ittti fufaaa     ani sagantaaa kana qodhiii gudddaaan eeegaaa   oromooo biraaa galata qabdu,0,0,0,2,0,0
orm_train_track2_1610,Wayyoo yaa sanga dhabuu gasoo gurgudda nama bachiisa.Wayyoo yaa orommoo tokkummaa dhabuu garbummaan nujiraachisaa.Kana jechuun koo warri waligalee fillannoo adeemsifachaa jiruu Nutti balaa gantuutiif nafxanya wajjiin mormii gocha jira.Gantuu fi hantuuta dadhabnee,0,2,3,0,0,0
orm_train_track2_1611,Kabajamooo peresdaaantiii MNaaannnooo oromiyaaa barrreeefama keeesssan hanga dhumattti dubbbiseee nuttta toleeera Barrreeefama Gaaariii barrreeesiteee ergaaa yerooon barbaaaddduuu barrreeesiteee garuuu miiira ummmata gujiii dhufteee ija keeetiiin ilaaalteee jirta atuuu irrraaa deeebineee hin dubbbannnuuu gaaafffi qabuuuf waaan sittta himachuuu barbaaadneee Abbbaaa gadaaa Hoookkkuuu laaayyyuuu dubbbateee atillleeen akkkuma barrreeefama balaaa ergaaa gudddaaa qabuuu nuuuf barrreeesiteee waaan gudddooo tokkkooo sirrraaa eeegggara sunis atuuu ni beeekta galma_gudddaaa_mieee_bokkkooo,0,0,0,2,0,0
orm_train_track2_1612,OPDOMoggaasni kun moggaasa fokkuu dha.Namaa fi saba ittiin of-yaamu sanaan tasa akka waliif galuu hin dandeenyeetti bocame dhandhoolame . Leenjiin isaanii leenjisa saree suuftuu (trained dogs) sanaan haalaan wal fakkaata . Sareen biqqiloota adoochaa suufaniif (drugs) leenji'an.,0,3,0,0,0,0
orm_train_track2_1613,Baga Ayyaana Faasikaa kan bara 2022 nagaan isin gahe . Ayyaana Gaarii!,0,0,0,2,0,0
orm_train_track2_1614,Galaanaa Gaaromsaa ragaan inni Jawar fii Baqalaa irratti bahu hin jiru . Jarjarree olola diinaan sobamnee wal moggeeysuun gaarii miti . Du'een bada malee rakkoo yeroof ummata kiyya hin xiqqeeysu jechaa jira . Hanga isaa ragaa itti bahu garruu jarjaruun gaarii miti.,0,0,0,0,0,0
orm_train_track2_1615,Guyyyooon jarjartiiin dubbbachuuu waaan fedhuuuf jechi afaaan oromooo jalaaa miliqeee   jecha afaaan amaaarattti   deeema  Kana utuuu sirrreeefffateee gaaariii dha 2fffaaa dabareee waliii kennnaaatiii haaasaa,0,0,0,0,0,0
orm_train_track2_1616,Liyuu haayiliin naannoo amaaraa kan dhiyeenya kana godina wallootti buufamee ture osoo achi keessaa ta'ee ummata keenya dararaa jiru ammas humni dabalataa liyuu haayiliin baay'inaan kamiseetti buufamaa jira guyyaa har'a kana!kaabinoonni itti gaafatamaa jala hin baatan!,3,0,0,0,0,0
orm_train_track2_1617,haleeli jaanjoo dhiiraa tortoraan rooba hin sodaatuu,0,3,0,0,0,0
orm_train_track2_1618,OMN Ijafi Gurrra Ummmataaa Nuuuf Jiraaadhaaa Urjiiiwwwan Kooo Ana Dhufu Harka Fuuuneee Baga Nagayaaan Dhuftan Dhugaaa Sabaaa Kana Dubbbachuuun Gaaariiidha,0,0,0,3,0,0
orm_train_track2_1619,Osoo sabaaf yaaddanii warra saba ganee waraana 5 fi qawwee 5 qabattee ummata nagaa daheeffachuun waraana mootummaa taankii fi baankii gahaa qabu itti waameen dhaabadhaa jettu ture . San jechuun sodaa taanaan . URL,1,0,0,0,0,0
orm_train_track2_1620,dhokataan Islaamaas taatee kiristaanaa ykn Waaqeeffataa kan duutii sirrattii murta'ee Sababa Oromummaa waan ta'eef callifttee hinciisiin Ykn WBO ta'ii Ykn humna kee fi dandeettii guutuun WBO tumsiitii Du'aa sirrattii labsamee ofirraa qolaadhu.,2,0,0,0,0,0
orm_train_track2_1621,Galaaanaaa dhuguma ati Gooota kan akkka keee kun bara kuma yaaa jiratu,0,0,0,2,0,0
orm_train_track2_1622,Bakka hedduu Ibsaan akkuma dhaametti jira.Sababa hin beekamneen tasa Guutuu biyya dhaamun nama hedduu ajaa’ibaa jira . Kutaalee magaalaa Finfinnnee tokko dhufus ammas magaalota fi gandoota biyyaa adda addaa akkuma dhaametti Jira.Sababa ???,0,0,0,0,0,0
orm_train_track2_1623,Addunyaa oduu sodaachisuu fi nama dhiphisuun guutamte keessatti ilmi Abbaatti of gate hin sodaatu kan isa harkaa qabu abbaasaa ta'uu beeka . Atis Waaqayyo Abbaa keetti of gati malee hin sodaatin! Filiph . 4:6 Maat.6:25 1Pheexr.5:7 Yoh . 14:1 URL,0,0,0,0,0,0
orm_train_track2_1624,@USER Haga.u Nagan koo kabajamoof jallatamoo obboleessa koo Muummee Ministeeraa Abiyyi Ahimediif Bakka jirtanitt Nagaaf Gammachuuf umrii Dheerttuu Siif Hawwa Maaloo Sagalee kee Nudhageesisii Diina Nasis !,0,0,0,2,0,0
orm_train_track2_1625,Baga nuuuf araaaramtan kaaa nutooo jaaarsummmaaa dhufuuuf jechaaa jirrraaa Jaaalallli jalqabaaa baaayeee nama miti what generation,0,0,0,2,0,0
orm_train_track2_1626,Ada'aa BargaaLammiileen nagaa 40 ol guyyaa tokkotti ajjeefamuunbaay'ee nama dhukkubsa URL,0,0,3,0,0,0
orm_train_track2_1627,Jaranaaa hidhadhaaa gototaaa taaaa meee oneee horaaa isniii laleee sabiniii woliii shakaaa jiraaa meee sinuuu sodaaa dhisaaa oromo dadamasaaa yaaa jaraniii yooo dhugaaa oromof dhabatiii bariii barumatiii nuuu kenaaa jiraaa lakaaa dhalotaaa borutisiii sodataaa godhaaa jirituuu meee gototaaa akaaa guyaaa duratiii karor,3,0,0,0,0,0
orm_train_track2_1628,yaa waaqai birmadhuuf uummanni hoomaa hin qabu yaa allaah,0,0,2,0,0,0
orm_train_track2_1629,Ergaaa gaaariii dhaaa,0,0,0,2,0,0
orm_train_track2_1630,Waljalaaahadeeemnuuu nutiiihayooongaaada joloootakeeenya gargaaara jachuuun bakkkakakuuu qofaaanuuufkanaaa jachuuunnnugafadhaaa nutttiiiwalhiiiqonuuu dhamaaaf   wahiiibaranaaa barsiiifnaaa garsiiifnaaa qoranaaajoleeen Adaaanhiiibanuuu Waliiifgachiiinanutiii tanuuumadhamnaaaf,0,0,0,0,0,0
orm_train_track2_1631,Oduu: Lammileen Itoophiyaa Mana Hidhaa Saawud Arabiyaa keessa jiran rakkoo hamaa keessa jirraa birmannaa barbaanna jedhu URL #AddisStandard #Ethiopia,0,0,2,0,0,0
orm_train_track2_1632,sbaitysbaity946 Isinnniii Tunnni Namaaa Ajibdiii Namaaa Natiii Kolfaaa hin Jetuuu Commments Qofa itttiii Mudiii Akkkaaa Gaaariii Jirtaaa,0,0,0,1,0,0
orm_train_track2_1633,Im from Seatttle WA Sirba lafeee seeeneee diiina gubu fira gammmachisu Bohaaarsu Gelanagara,0,0,0,2,0,0
orm_train_track2_1634,mee argaa xoobiyaan dhigaa ummataa waliin dhahuun ittiin proopogaandaa isaan ittiin ummataa Oromoo irratti banuu barbaadan Warrii Xoobiyaa kunii hanna sagaagalummaa fakkeessuu weeraran fi sosobaan Sagalee ummataa ukkaamsuuf yaaluu barbaduu arga URL,2,0,0,0,0,0
orm_train_track2_1635,Lafeen loltoota waraana 'Waterloo' irratti ganna 200 dura ajjeefamanii argame,0,0,0,0,0,0
orm_train_track2_1636,Irbuun seenaa waadaa kanarraa Yoon maqee Lafeen goototaa waraana bilisummaa oromoof wareegamaani na haa waraanuu durattii jajjabeen URL,0,0,0,0,0,0
orm_train_track2_1637,@USER Jaanja'aa wayii! Atis amma PhD qabattee jedhamaa?Tortoraa wayii,0,3,0,0,0,0
orm_train_track2_1638,Oromoo yeroo Mamakuu akka jedhee Ofii jedhii Ana Dhugii jedhee jedhan Dhadhaan siif Daawa Qabaa Dubiin shira Ativistii Oromoo Obboo jawar mohammed irraati Mottummaa Xoophiyyaatin ykn mottummaa immiyyetiin . URL,0,0,0,0,0,0
orm_train_track2_1639,oromoon ortodoksii taatee qabsoo farra olaantummaa amaaraa mana amantii ortodoksii keessaa oromiyaa cabsuuf qabsoo fufuu qaba,2,0,0,0,0,0
orm_train_track2_1640,Yaa gabroottan Rabbii guyyaa isa keessa gara Rabbii deebitan sodaa dhaa duuba eega gara Rabbii keessanii deebitanii namuu waan dalage ni argata kan waan gaarii inni dalage duraa ir isu uun hin miidhamne kan dilii inni hin dalagni irra kaayudhan hin miidhamne . Al baqara:281,0,0,0,0,0,0
orm_train_track2_1641,Ilaali #Amaaraa JECHUUN doofaa kotte duudaadha . Mayi Kaadiraa fi bakkeewwan HEDDUU UMMATA #Tigraayi itti ajjeesanirraa later soqanii baasuudhaan dhoksuutti jiru . Osoo laden ILMAAN NAMAA KUNI kan #Amaaraa TAHEE jiraatee URL,0,3,0,0,0,0
orm_train_track2_1642,Gargaarsa Itoophiyaatti adda kutne itti fufuuf fedhii guddaa qabna - Hooggantuu USAID,0,0,0,0,0,0
orm_train_track2_1643,Dr   Maaatiyaaas   Baga   gammmadaniii   ijooolummmaaa   kaseee   qabsooo   hadhoooftuuu   oromooo kanaaa kesssaaa qodaaa fudhachaaa turtaniiitiii galataaa kesssan Bilisummmaaa   athuuu jachaaa   media   OMN buersuuu   jalqabeeef hanga   haraaa   Hojachaaa jirtaniiif   galatoooma jachaaa   qabsooon   ofiii kesssan gotanifsiii nama,0,0,0,2,0,0
orm_train_track2_1644,macaafni qulqulluu jibba amantii musliimaa barsiisa waayee jaalala waaqayyoo hin barsiisu,0,3,0,0,0,0
orm_train_track2_1645,Rakkinni gaarumabullaan dhibdi maleeIcciitinsaa garuunama meeqaf gale? Uleedhaan reebamaayoo ta'anis raatuuAbbaan shiraa dhoksusdhugaan seenaan nyaatu! Hunduu seenaa ta'arakkoof dhibeen har'aa . URL,2,0,0,0,0,0
orm_train_track2_1646,Rabbbiiin tokkkiiichi hamaaa fi hamtuuu sirrraaa haaa qabu waaan offfiii kooo nuuuf jiraaadhuuu ,0,0,0,2,0,0
orm_train_track2_1647,Oduu Gaddaa Artist Nuhoo Goobanaa Addunyaa tana irraa du’aan boqote.Abbaa tokkummaa abbaa jaalalaa nagaan boqodhu! RIP URL,0,0,3,0,0,0
orm_train_track2_1648,Taaayyyeeen jagna sodaaataaadha Utuuudhugaaa falmuuubarbaaadu rakkkooo errragau sodaaate errrakeeesssa haaasaaaara Yooodhugaaa jirudhooose innnis dhooohuuufi kanaaafu daaari daaariii haaasaaaara dhugaaabaaayeee beeeka kanaqofamiti Yooodhugaaa dubbbadhe taaayitaaa kooon dhabajedheee yaaade Ykn immmooo faaayidaaa biraaa,2,0,0,0,0,0
orm_train_track2_1649,"P2:Seera baaftuu hiiktuu hojii raawwachiiftuu hunduu waliin fedhinnaa fi kaka'umsaa tokkoon kaayyoo fi galma tokkoof wal bukkee dhaabbachuun kan mana ijaarame diiguu dhufes ta'e dhufu faccisuu fi haleeluun dirqama.""waliigalan alaa galan.""makmaaksa abbootiiti.Itoophiyaa",0,0,0,0,0,0
orm_train_track2_1650,M a l k a a l a f a m i l k i i !Malkaan lafa milkiitiBakka duudhaa fi safuuHunduu mimmiidhageeIddoo seenaa hin hafuKallattii hundumaanBurqinee akka maddaaKolfinee garaadhaanQilee buufna gaddaIrreecha irreeffannaSafuudha deeffanna! URL,0,0,0,3,0,0
orm_train_track2_1651,Dhaaloon luugamaa caalaa nama harkissa . Abiy Ahmed gantu dha . ijoollee Oromo qabso gageessan Oromo dha jedhan aangoo tti eessa fidan kani ajjeesse wara hafee mana hidhaatti darbaate mana hidhaatti beelaan dhumaa jiru . kuni kani ibsuu gurban amantii hin qabu iddoo quufee bula,2,0,0,0,0,0
orm_train_track2_1652,new diramaa lotorii afaan oromoo Ajaa'iba 2022G.c URL #Oromo #Ethiopia URL,0,0,0,0,0,2
orm_train_track2_1653,amaarri bifa qindaa'een oromoo walloorratti lola banuudhaan jeequmsi hamaan banamee jira,3,0,0,0,0,0
orm_train_track2_1654, kolfan dhumne ayi mandeeelllaaa,0,0,0,3,0,0
orm_train_track2_1655,@USER Filannoo gaarii! Hordofaanii! Jajjabeessaa! Waltumsuun barbaachisaa dha!,0,0,0,0,0,0
orm_train_track2_1656,malooo lammmiwwwaaan kooo   soba dhugaaa fakkkeeesita garaaa naaa gubbbateee nama bochisssaseeenaaan isaaa garuuu dhalooota barsisaaa wayyyineee lammmiii kooo hin dabartiii bari biftuuu dhiteee hin hafaaatu,0,0,3,0,0,0
orm_train_track2_1657,Nafxanyaa halkan sodaa irraa kan ka'e Xaasaa fi Baaldii manatti galfattee fincaantuutu guyyaa gad bahee nu sodaachisuu barbaada . Ajab!,0,3,0,0,0,0
orm_train_track2_1658,Kuniii maratumadhaaa seriii hin jiruuu seraaa jalaaa oluuu qabaaa,3,2,2,0,0,0
orm_train_track2_1659,Nutis si jalannna si kabajanaaa   fuldurrri kennna ifa abdi inuma hin kunnnu,0,0,0,3,0,0
orm_train_track2_1660,oromiyaa broodkaastingi neetwoork hagayya   ministirri muummee dr abiyyi ahimad olompikii tokiyoo irratti itoophiyaan fiigicha meetira   dubaraatiin atileet lattasanbat gideeyiin medaaliyaa naasaa argachuusheetiin baga gammanne jedhan fuula feesbuukiisaanirratti,0,0,0,2,0,0
orm_train_track2_1661,Amajjii 1 1973 Guyyaa #Elemoo_Qilxuu rasaasa jalqabaa dhukaasee qabsoo Hidhannoo Oromoof xurree dhoose . Baga Guyyaa Waraana Bilisummaa Oromoo kabaja 49'ssoo Geessan . Barri bara milkii fi Injifannoo nuuf haa ta'u . AYYAANA GAARII URL,0,0,0,3,0,0
orm_train_track2_1662,Warri har’a kabajaa jirtanis baga guyyaa yadannoo dhalachu gooftaa keenya yesuus tiin isin ga’e Baga baga geessan hundumtuu #merrychristmas #ola URL,0,0,0,3,0,0
orm_train_track2_1663,Itttiqaaa jabduuu kooo maaalooo waaan haaaraaa wayyyiii nuuun jedhiii Yaaa shimalaaa yaaa ibidaaa lafa marguuu Guuubaaa kesssaaa ormiii namaaa hin arguuu,0,0,0,1,0,0
orm_train_track2_1664,#Oduu #gaddaa Mootummaan pp ummata nagahaa isin Shanee jedhee warraa mana hidhaatti dararaa turee rashanun ittii fuufee jira Muddee 17/2021 Walloo aanaa dawwee harawaa mana hidhaa booraatii baasanii nama 17 bakka kaarriphoo jedhamutti rashanuun dhagahame daguuggaan Haadhaabbatu . URL,0,0,2,0,0,0
orm_train_track2_1665,Gosootni nyaataa shan yeroo hedduu nyaachuu hin qabne isaan kami?,0,0,0,0,0,0
orm_train_track2_1666,dulloota nafxanyaa arraba safuu hin beekne maal godhu,0,3,0,0,0,0
orm_train_track2_1667,Namoota hojiif gara biyyoota alaa imalaniif maaltu yaadame? Yaaddoon jiru maali?,0,0,0,0,0,0
orm_train_track2_1668,Bacha mattti naf taiii sanyi kooo kabajan si gafadhaaa,0,0,0,0,0,0
orm_train_track2_1669,Awustiraaliyaatti magaalli tokko hantuutan weeraramtee jiraattonni yaaddoo keessa galan,0,0,0,0,3,0
orm_train_track2_1670,Namoota akka kanaa waliin #Oromoo ofiin jechuun baay’ee nama jibbisiisa.,0,1,2,0,0,0
orm_train_track2_1671,Magaalaa Baatuu: Haleellaa haaloo ba'umsaa guyyaa ayyaanaa gaddatti jijjiire,0,0,2,0,0,0
orm_train_track2_1672,Wowowo goootaaa keeenyaaa nuf buliii sanyiii goootaaa obsineraaa   obsineraaa dhugaaa keeetiii ,0,0,0,0,0,2
orm_train_track2_1673,Waaan gariii walif dhamuuu amalaaa nuuuf Yaaa godhuuu Waqayyyooon nuttti walif dawaaadhaaa,0,0,0,0,0,0
orm_train_track2_1674,Yeroowwan dabran namoonni nama du'aan enyummaa namoota sanini yoo himame icciitii isaani waan jala ba'uuf dhoksaa akka turani ni beekamaa garu ammaan booda akka hin dhoksine.,0,0,0,0,0,0
orm_train_track2_1675,Baaayeee namattti tola sagantaaan Gammmadaaa show Dr Nahom nama jabaaa fi fakkkeeenya gaaariii tahe dhiheeesssuuu keeef galatooomi Jabaaadhu sagantaaan keee heddduuu jaaalatamaaa akkka tahuuuf akkkasumaaan ittti fufi,0,0,0,3,0,0
orm_train_track2_1676,Baaayyyeee gaaariiidha,0,0,0,2,0,0
orm_train_track2_2334,Baaayyyeee gaaariiidha,0,0,0,2,0,0
orm_train_track2_1677,Ayyyaaannni Cuuuphaaa barana haaala foooyyyaaaa taheeen kabajamuuun isaaa bayyyeee gammmachiiisa dha Akkka ittti fufuuuf ciminan haaa hojjjatamuuu,0,0,1,2,0,0
orm_train_track2_1678,Itoophiyaa maal  gidiraan kee baay'atee,0,0,2,0,0,0
orm_train_track2_1679,Pilootikaan Ashagiree @USER bishaan jala nyaate Gaafa quufaa . Oromo yemibal group ale.Gaafa rakkoo . ani Jimma taanaan jibbame jadhee Oromoo qoqoduu barbadaa namichii ergamtuun Naftanyaa kun!,0,3,0,0,0,0
orm_train_track2_1680,jireenyi islaamummaan alaa du'aan wal hin caalu ta'eef,0,0,0,0,0,0
orm_train_track2_1681,Ati goootaaa lubbbuuu hin sodaaan ,0,0,0,3,0,0
orm_train_track2_1682,Walga'iin ministiroota dhimma alaa gamtaa Awurooppaa iftaan adeemsifamu Mootummaafi Ummata Itiyoophiyaatiif murtee abdii qabeessa dabarsa jedhamee eegama.Hundumaafuu nuti of malee orma hin abdannu.#Ethiopia URL,0,0,0,0,0,0
orm_train_track2_1683,Yaaa rabbbi nafxanyaaa nurrra tiksiii hunda dandesssa,0,3,0,0,0,0
orm_train_track2_1684,@USER Kuni waraana mootummaa baqarra jirudha malee WBO miti.,1,0,0,0,0,0
orm_train_track2_1685,Meye mattti naf taiii sanyi kooo kabajan si gafadhaaa,0,0,0,0,0,0
orm_train_track2_1686,waaarrri direwoood dislike goootan of kabajaaa,2,0,0,0,0,0
orm_train_track2_1687,.dura Abiy Ahmed Tigree jalaa waggaa 27 kaate hambbaa nyaate afaan eessan barree gaafa Tigreen kuftuu arsaasaa fi beelaan fixa jira . kana kani Abiy Ahmed saree abba wajjiin duultee kani eessa fakkeessu . Oromiyaa yookani du'aa lafti Oromo iddoo itti Nafixaanyaan hawaalamtuu male.,0,3,0,0,0,0
orm_train_track2_1688,@USER Tish Nama biyya bahe faarsuun qabsoo qancarsuu dha.Jawar baqqalaa gemachuu bineensa jal'a dhiisne baga baate jechuun fafa,2,0,0,0,0,0
orm_train_track2_1689,"Baaroo Ajaa'ibaa Jawaar Muhaammad fi Baqqalaa Garbaatiif ""Birmataniin ak . URL via @USER",0,0,0,0,0,2
orm_train_track2_1690,DrAtl Qananiiisan akkkuma innni jedheee nama heduuu nama gammmachiiinama dubbbiiin isaaa hedddu miawaaa of eganaaan haaasau fi kabaja gudddaaa qabuuudha galatooomi gameee ,0,0,0,2,0,0
orm_train_track2_1691,#OLA #WBO naannoo finfinneeti diina kan Aleela jiru . Gootichi waraana bilisummaa oromoo injifannoo boonsa guyya guyyan galmeessa jira . URL,0,0,0,3,0,0
orm_train_track2_1692,userxc9gd2el6v ati dhigaaa haaa dhugduuu beqeee hadhaaa keeeti sanyiii qomceee sareee oromia irrraaa mal qabdaaa xiroftu diqalaaa dhalaaa harrreee,0,3,0,0,0,0
orm_train_track2_1693,"Haloo dheengadda Muslimoota san Hayyuu amantii ""lubaa Balaayi ""angoo irraa kaasanii . safuu jara kanaa.Jarri Olaantummaa ""naafxanyaa ""deebisuuf amantaa Muslimaa irratti yaalanii turan garuu tattaaffii hayyootaatiin kufee.Garuu mana amantaa ortodoksii keessatti baay'inaan argamu",0,3,0,0,0,0
orm_train_track2_1694,Gammachuu Ayyaanaa Abdii Raggaasaa Battee Urgeessaa fi Kan hafan hunduu hanga bahanitti gammachuun keenya walakkaadha!Jumlaan hidhaman Jumlaan haa hiikaman!Free them all URL,3,0,0,0,0,0
orm_train_track2_1695,Hiciii osooo duraaa laliii badheee ebadeee hadhaaa ufiii,0,2,0,0,0,0
orm_train_track2_1696,Gammmeee jabaaadhu hojiiin keee gaaariiidha Miiinda maleee qacarameee hin jedhamu Miiindaaa maleee hojjjetaaa turte jedhama,0,0,0,2,0,0
orm_train_track2_1697,Facebook'n osoo rasaasa ta'e silaa nama hedduutu wal fixa ture baguma hin ta'iin isa!Wayyoo! Wayyoo!,0,0,0,0,0,0
orm_train_track2_1698,Lenccan biyyaa ketii hin nyaa tiin hin Ajjeesin saree Alagaatuu sinyaataa si Ajjesaa,0,0,0,0,2,0
orm_train_track2_1699,gaaariiidha garuuu ammmas nu hafa akkka eeebbbisaaa fi haaacaaaluuu muratooo barbaaannna,0,0,0,1,0,0
orm_train_track2_1700,ALDUOduu Gaddaa Abrahaam Badhaadhaa barataa yuunivarsiitii Miizan Teeppii waggaa 1ffaa yoo ta'u barumsa xumuree boqonnaaf bakka dhaloota isaa Aanaa Jalduu ganda Osolee jedhamutti maatii bira galee torbanitti waraana Mootummaan har’a ajjeefame . URL,0,0,3,0,0,0
orm_train_track2_1701,Itoophiyaa: Mootummaan yaaddoo miidiyaa hawaasummaa dhaabsisuu danda'aa?,0,0,0,0,0,0
orm_train_track2_1702,Matiii naaaf taiii sanyiii ufiii,0,0,0,0,0,0
orm_train_track2_1703,Sagantaaan keeesssan baaayeee gaaariiidha haaaluma kanan ittti fufaaa isin jaaalllannnaaa,0,0,0,3,0,0
orm_train_track2_1704,Baatii kabajamaa Ramadaanaa kana keessatti lammiiwwan keenya shira diinaatiin buqqa'anii bakkeewwan gara garaa jiraniif waan dandeenyuun haa dirmannuuf.,0,0,3,0,0,0
orm_train_track2_1705,durbi furdoon biyyaafis dhiiraafis ba'aadha taateef dhiironni eegaa,0,3,0,0,0,0
orm_train_track2_1706,shamarri dheertuun rifeensa mataa hin qabne hanqaassee seexanaa fakkaatti,0,3,0,0,0,0
orm_train_track2_1707,wal agara dhugaaa nama soban demmmuuu wal agara,2,0,0,0,0,0
orm_train_track2_1708,# Darartu tulluu konkolaata ajaa'ibaabadhafamte baga gammadde bagagammannee jabdu teenya.Saba keenya boonsite Waggaa 1000nuuf jiradhu URL,0,0,0,3,0,0
orm_train_track2_1709,Buaaa qeeerrrooo fi qarrreeeCeeeuuumsaaan wal agareee fafacaaati ammmaaaf immmooo leeencaaa Afaaa yaaaiii Qeeerrrooo fi Qarrreee ammmaaa Haaa Caaaluuu Hundeeesssa ittti gabbbaaareee,0,0,2,0,0,0
orm_train_track2_1710,Fiiigicha run Gammmadaaa show kana gara Risaaa Miiidiyaaattti jijjjiiirrradhu  Nama gudddaaa yerooo haaasoftu maqaaa Waaaqa kabajaaa haaasofti Rabbbiiin nu gargaaareee moannne,0,0,0,3,0,0
orm_train_track2_1711,salaaa hadhaaa keee dhalaaa sareee,0,3,0,0,0,0
orm_train_track2_1712,@USER Waa hedduu keeysaa muraasa - my favorites: - Fuula Waaqatu namaa midhaassa . Deemsa garuu abbumatti midhaaffata ’ jedhe jaldeechi gaaraa . - Waan dhufu hin beekani saree tana akaayii barsiisaa ’ jedhe jaarsi . Itti fufa tsabaayiin kee laalamee.,0,0,0,0,0,0
orm_train_track2_1713,Humna adddaaa Oromiyaaa jechuuu dhiiisaaa Humna adddaaa OPDO diiina Oromooo ergamtuuu nafxanyaaa jedhaaa waaamaaa  Humnnni adddaaa Oromiyaaa WBO qofaaa tauuu ummmata Hubachiiisaaa,0,2,0,0,0,0
orm_train_track2_1714,Sagantaaa gaaariii akkka kanaaa gabaaabsuuun gaaariii hin turrre Atleast kutaaa lama sadiii qabaaachuuu qaba ture Yerooo biraaa yaaadota akkka kanaaa balisuuuf yaaadaaa,2,0,0,2,0,0
orm_train_track2_1715,Yeroo amma kana gootich Abdii Sanaa Magaala Minaareetti Seenuun Mooraa Waraana Weerartuu Haleela Jira.,0,0,0,2,0,0
orm_train_track2_1716,Biyyya tana keeesssaTooophiyaaa jechuuu kotiDhaaabbbannni mirga ilmaaan namaaa jaamu hin jiruka ilmaaan nafxanyaaa yooo tahe malesabni ofirrrattti hin lollleee inuma dhuma lafarrraaaRooorrrooo ormi namaaaf hin dhooorku abbbaaatu dhooowwwata malehaaallli ummmannni keeenya yerooo ammmaaan tanaaa keeesssa jiru kan ,2,0,0,0,0,0
orm_train_track2_1717,Asoosamni barreessituu Naayijeeriyaa waggoota 25 keessatti filatamaa tahuun badhaasa mo’ate,0,0,0,0,0,0
orm_train_track2_1718,Gudaaa galatomiii Meee akkkamitttiii si argadhaaa keeesssan si dubisuuun barbadaaa,0,0,0,3,0,0
orm_train_track2_1719,Eebba Jajjabee!Caamsa 15/2022Waraanni Bilisummaa Oromoo Zoonii Lixaa Cibraan Odaa Bulluq Miseensoota Madaqaa Barumsa Siyaasaafi Hidhannoon qaraa ture humna guddaa Eebbisiisee dirqama itti Aanuuf bobbaaseera.,0,0,0,2,0,0
orm_train_track2_1720,"homaan taanu!Dhagahi siifan himaaDubbii haqaaf qulqulluuOsoo rabbiin hin qabaanneeGuyyaa tokkon bulluuAkka nyaata dhabeefNamni silaa ni du'aaAkka ilma namaafAfaan boollaa bu'aaGaruu murtiin sirraatiMurtiin sirriif haqaaNu osoo sin qabaannee ""inshaallaah"" URL",0,0,0,2,0,0
orm_train_track2_1721,Obbo Abbabee Abraham abbaa Yohannis Abraham kan Pirezindantii filatamaa Jo’ii Baaydeniin National Security Council ta’uun fo’atame akaakilii Jootee Tulluu kan ta’e abbaa isaa yeroo dhihootti (January 20) booda #KelloMedia irratti qabadheen isiniif dhihaadha . URL,0,0,0,0,0,0
orm_train_track2_1722,"WBOn Qeerroodhaan ijaarame siyaasaa booddetti hafaa jijjiiruudhan ""siyaasaa ammayyaa"" kan dhaloota hayyuu ""mataan bilisoomeen"" gaggeeffamu eegaleera . Seenaa qabsoo Oromoo keessatti taateen kun kan duraati . Yakkamtoota Finfinnetti maandheffatan gaggeessuun fagoo hin fakkaatu.",2,0,0,0,0,0
orm_train_track2_1723,GALOOO galatooomiii   leeenca taeee dhaladheeen kondhooollleeemmmooo taaaareee  hin tauuu,0,0,0,2,0,0
orm_train_track2_1724,#KARRAYYUUKarrayyuu kaarruu finna gootaa Kuusaa ayyaantuu fi hayyootaa Abbaa Baasofi Dullachaa Abbaa ulfaa fi KallachaaKarrayyuu dhugaan waaruu Amba jaalalaan wal jala hiriiruAbbaa duudhaan fi aadaa Wiirtuu seeraa fi Gadaa . URL,0,0,0,0,0,0
orm_train_track2_1725,Goota qixxe dhibba biyya isaaf lubbusa hin maaraarfanne qabaachuu keenyan ni boonna ati ganaa wagga kuma bulchiita ilma abbaa gadaa #March4Ethiopia #Ethiopia Prevails @USER @USER,0,0,0,2,0,0
orm_train_track2_1726,Vetnaam sodaa gosa Covid haaraaf jecha magaalaa Ho Chi Minh guutuu qorachuuf,0,0,0,0,0,0
orm_train_track2_1727,Mootummaan rakkoolee tasa mudatanii biyya burjaajessan taasgabbeessuuf Interneeta dabalatee tajaajiloota biroo yeroodhaaf cufuu danda'a Cufanii olkaayuun garuu Sagalee Ummataa Ukkaamsuufi burjaajiifi kisaaraa biraatiif biyya saaxila . URL,0,0,0,0,2,0
orm_train_track2_1728,tortoraa buqqee mataa duwwaa qondaala mootummaati aktivistii miti uummata nyaatee bulu hin qabne dhiisii biyyoonni guddatan iyyuu sodaa jiru isinoo covid  faalaman biyyaatti galchaa jirtu uummata hiyyeessa ficcisiisuudhaf gochuu qabdan hin godhin eeggannoo barsiistu yaa buqqee airport cufsiisaa eeggannoon duraa achi,0,3,0,0,0,0
orm_train_track2_1729,Galaaa jabaaadhu,0,0,0,1,0,0
orm_train_track2_1730,Oromiyaaa galannnikeee hammmanaaareee,2,0,0,0,0,0
orm_train_track2_1731,Baqattoonni duraan Naayroobitti Irreecha kabajuun rakkisaa akka ture himanii amma garuu walabummaan ayyaana kana kabajuuf ganna darbee as gaarii tahuu dubbatu.URL,0,0,0,2,0,0
orm_train_track2_1732,Ulllfaaadha ija fi guuura uuumaaata   OMN,0,0,0,3,0,0
orm_train_track2_1733,Asiii badi budaaa nafxanyaaa,0,3,0,0,0,0
orm_train_track2_1734,Balaa xiyyaara waraanaa Ameerkaa Nooriweeyitti mudateen namoonni afur du'an,0,0,2,0,0,0
orm_train_track2_1735,Welcome omn end sirjaaa sabaaaf yaaa rabbbiii yaaa Alha Umataaa Umataaa orooomottti birmadhuuuf attti dandadha furmataaa furmataaa fidiii Umataaa qulquluuu dhumaaa jiruuu,0,0,3,0,0,0
orm_train_track2_1736,ABO irraatti shirri dalagamee karaa obbo Taayyee Danda’aa ifa ba’ee . Osoo mortuun mortuu hin hora abban horuu . Bilxiginnan saree maratee taatee jirti yaa ummaata oromoo of eeggaannoo chimsa . URL,0,2,0,0,0,0
orm_train_track2_1737,Mariiin rakkkooo furuuuf idddooo olaaanaaa waaan qabuuuf hojiii gaaariii eeegalameee jiruuudha Tokkkummmaaa sabdaneeesssuuummma a hojiii qabatamaaan kana,0,0,0,1,0,0
orm_train_track2_1738,Yihuudaa . 1:12-13 Jarri kun irbaata jaalalaa isa walii wajjin qabdan yeelloo malee isinii wajjin nyaachuun isaanii xurii isinitti in ta'a . Isaan garaa isaanii duwwaadhaaf in yaadu isaan akka duumessa bokkaa of keessaa hin qabnee isa qilleensaan oofamuu ti,0,0,0,0,0,0
orm_train_track2_1739,W3On Kallattii hundaan itti marsee gogombisaa jira . Lixaan Bahaan Kibbaan J.Galaan kibba Bahaan Kaabaan fi kan kana fakkatanitti diina Urgafaa Oole ammas ittuma jira . IUOf,0,0,0,2,0,0
orm_train_track2_1740,Reeffatu reeffa baataa jira . Xoosaa ABO-WBO haabaatu isiin ta odoo jirtuu duute . URL,0,0,0,0,0,0
orm_train_track2_1741,Itoophiyaa har'a Nagaa isiin Beeknuu olitti argine Biyya jaalalaa fi Nagaa Baga Gammadan Perz.Usma'e Gelee jabuutii URL,0,0,0,2,0,0
orm_train_track2_1742,shamarran durbummaa qaban gowwaadha,0,3,0,0,0,0
orm_train_track2_1743,"Haasaa Ajaa'ibaati . ""Namni boru Muummee Ministeraa ta'uuf pireezidaantii ta'uuf karoora qabu har'a qabsa'aa ta'uu hin danda'u . Nuti Muummee Ministeraa ykn Pireezidaantii ta'uuf miti kan qabsa'aa jiruuf . Nuti kan qabsa'aa jiruuf Sirna Oromoon hiree isaa itti murteeffatufi URL",0,0,0,0,0,2
orm_train_track2_1744,"WBO malee Hidhannoo malee EWO hin beeknu baruus hin feenu hin taatullee! _____ ______ _____ Akkuma ""Koree teekinikaa"" jedhanii Qabsoo Bilisummaa Oromoo shororkeessaa turan har'as bifa . URL",2,0,0,0,0,0
orm_train_track2_1745,koronaan fuudhe harka hamaan beektota oromoo fixu dhokatee jira harka nafxanyaa dhokataas hin dagatina,0,3,0,0,0,0
orm_train_track2_1746,taaayyyeeen gantuuudha baga hidhame gaaafa lammmaaan ariyamu eysa ture arrrabsooon innni hayyyooota oromooo girrrisa jedheee arrrabsaaa ture gantummmaaa isaaa agarsiiisa,0,3,0,0,0,0
orm_train_track2_1747,shamarri bareedduun jaalala hin beektu,0,2,0,0,0,0
orm_train_track2_1748,@USER Kana booda dubartoota caalmatti aangessuu malee duubatti deebi'uun hinta'u . Karaa biraa rakkoo malaammaltummaa Oromiyaa dhuunfate kanaafillee furmaata gaarii ta'a.,0,0,0,0,0,0
orm_train_track2_1749,Galaniii keeee dachadhaaa sanyiii lencaaa,0,0,0,3,0,0
orm_train_track2_1750,Dhugaaa kolfaaan dhumneee,0,0,0,2,0,0
orm_train_track2_1751,Waaan boru nuuuf hedan baga ifa baaasan nafxanyaaan,0,2,0,0,0,0
orm_train_track2_1752,Kijibaaa  abaaa sobaaa,0,2,0,0,0,0
orm_train_track2_1753,Abiy Ahmed jechan eergamtuu Nafixaanyaa diina Oromo diina saba fi sabi lammoota tti kani morma muraan - mula'atuu sinzirroo taakku tokkee waan garaa ofi malee waan gurra hin yaadnee yaartuu nama Oromon eessa duukka deemtuu saree dha Oromiyaa yookani du'aa,0,2,0,0,0,0
orm_train_track2_1754,"Qeeraan harree, harroota Itoophiyaa fixuuf deemaa?",0,0,0,0,0,0
orm_train_track2_1755,@USER Isa wayya! Seenaan ni yaadata Isaan har'aa du'a saree du'aa jiru!,0,2,0,0,0,0
orm_train_track2_1756,tortoraa gurbaa bulguu wayiidha,0,3,0,0,0,0
orm_train_track2_1757,Kenyaaa mooo mana hadhaaa hiyetttiii mana wallli gubbba kuni rabbbiii biraaattti jibamadhaaa,0,0,1,0,0,0
orm_train_track2_1758,Sabboontota Qeerroo OromooIlmaan Jaarraa Abbaa GadaaOllmaa'a keenya kan guyyaa har'aa mana obboo Hamza Boorana haala ajaa'ibatin hayyoota keenya waliin dabarsine!! URL,0,0,0,2,0,0
orm_train_track2_1759,U﻿S dhimma waraana Yuukireen irratti Raashiyaa waliin wal qunnamtii gochaa jiraachuu amante,0,0,0,0,0,0
orm_train_track2_1760,Karaaan sobaaan darban gala nama dhiba,0,0,0,0,0,0
orm_train_track2_1761,warri shamarranii dhiira qabaman gaafachuu maaliif sodaatu,0,0,0,0,0,0
orm_train_track2_1762,#InboxQellem-Wallaggaa iddoo hundatti uummanni dararamaa jira . Manaa fuudhamee ajjeefamaa jira uummanni keenya kufee nama lafaa kaasu dhabee irbaata saree fi bineensaa ta’aa jira . ABO shanee gargaartu jechuun . URL,0,0,2,0,0,0
orm_train_track2_1763,OF eeggannoo!#OromoVoice Loltootni waraana fashistii yeroo ammaa sa'aa 2:50 irratti konkolaataa Ooraalii torbaa izuzuu waraaba baatu tokkoo fi konkolaataa tasaabii reeshina baatu lama waliin magaalaa Gimbii keessa qaxxaamuranii gara kallattii lixaatti imalaa jiru.,0,0,0,0,3,0
orm_train_track2_1764,@USER Ameen Ameen Ameen Yah Hayyu Yah Qayyumu,0,0,0,3,0,0
orm_train_track2_1765,WBO'n meeshaa binocular fayyadamuun fageenya dheeraa irratti diina siniyperiidhaan funaanaa jira . #oromiatimes #ola #OromoLiberationArmy URL,0,0,0,2,0,0
orm_train_track2_1766,Qorichi humna namaaf kennu maali? Yaaddoo egeree ispoortii Itoophiyaa,0,0,0,0,0,0
orm_train_track2_1767,Olmaan akkami? Ehiopian immoo waraana shaabiyaatin weraramtee ADAWAA kabajatti!!,0,0,0,0,0,2
orm_train_track2_1768,Uummata kan isaaf du’u caalaa kan afaanin isa sobu - arrab-qareessaf sagadu keessatti aduutu dukkana taha Kanaaf guyyuu hirriba hin dhumne keessaa kurruufa!,0,3,0,0,0,0
orm_train_track2_1769,Yaaa Rabbbi ummmata oromooof dubbbadhu eeenyuuun filachuuuf kaaardiii filannnooo fudhaaa jedhu mormitooonnni siyaaasaaa hidhaaa keeesssattti miiidhamaaa jiru   Abiyyyiiin Zayitiiif sukkkaaara isaaa fudhateee haaa badu biyyya keeenya keeesssaaa   argaaa isaaa bbbooo,0,2,0,0,0,0
orm_train_track2_1770,Hogganaan duraanii Burkinafaasoo ajjeechaa Toomaas Sanakaaraaf dhiifama gaafatan,0,0,0,0,0,0
orm_train_track2_1771,Sagaaantaaa baaayeee gaaariiidha   Jabaaadha,0,0,0,3,0,0
orm_train_track2_1772,.Uummanni Oromoo guutuu Oromiyaa irratti hirira ba'ee waan safuu isaa hin fakkaanne waan godhamaa jiru kana mormuu qaba.Ilmi namaa naannoo keenya keessatti du'aa jiru aadaa seenaa duudhaa fi safuu Oromoo kan hin madaalleedha.!,2,0,0,0,0,0
orm_train_track2_1773,Komishinii poolisii Oromiyaa komaander Tamasgeen Waagjiraa M/Murtii waliigala Oromiyaa irratti Bilbilaanin waamamee dhufe jechuun waakkatan URL,0,0,0,0,0,0
orm_train_track2_1774,Ergaaa gaaariii dha Jabaaadhaaa qaxaaaleeewwwaaan kooo,0,0,0,2,0,0
orm_train_track2_1775,Dhiyeenya kana hadhaa mana tiyyaa fi hadhaa tiyyaa giddu xiqqoo wolii bu.insa jira kuni wonta dura yaadame nurratti hojjatamee waan ta'ef rakkoo kenya maarin xumura rakkoo qabu.,0,0,0,0,0,0
orm_train_track2_1776,ummanni oromoo amaaraa lakkkoofsanis hedduu ta'uu ibsanii waltumsaan hojjetan jijjiirrama fiduu danda'an garaagarteen bu'aa hin qabaatin eeran dooktar abiyyi,0,0,0,0,0,0
orm_train_track2_1777,Duuti hunda keenyaafuu hin hafu . Alaabaa gabrionfataatiin marfamee awwaalamuun Galaasaa garuu lama du’uu dha! Kun Oromoo hundaaf qaanii guddaa dha! Hedduu nama dhukkubsa!! Quuroo gara duutetti awwaalu jedhanii waanti godhan hin jiru!Ekeraan kee haa boqotu! Rest In Peace! URL,0,0,2,0,0,0
orm_train_track2_1778,#Salaalee_Aanaa_Kuyyuu_Garba_Gurraacha Namni gaditti suuran reeffa isaa mull'atu kun maqaan isaa #Addunnee_Daadhii jedhama . Bakki dhalootaa fi jireenyaa isaa Aanaa Kuyyuu ganda #Karkareessaa_Cabareeti . ( ) URL,0,0,0,0,0,0
orm_train_track2_1779,Biyya Diigamte Osoo hin jaaramin jijjiirama jedhanii Saree maraatte galakkisuun balaa guddaa akka qabu waan har'a Uumame kanarraa hubachuun salphaadha Osoo Rakkoon akkanaa Finfinnee keessatti hin Uumamne . URL,0,0,0,0,2,0
orm_train_track2_1780,Gochi Naannoo Amaaratti mana Amantaa Masjiida irratti haleellaa gaggeeffame har'ammoo daseetti uummata masjidatti ol galee keesssa jirutti haleella guddan gaggeeffaneera . Dhugaa akaa jara kanatti amantii nama tuffate hin jiru! URL,2,2,0,0,0,0
orm_train_track2_1781,@USER Tarkaanfiin olaantummaa seeraa qaamolee shororkeessaa irratti fudhatamuu eegale cimee itti fufuu qaba!!,0,0,0,0,0,0
orm_train_track2_1782,tafari keeenya welcome leeenca kiyyya waaan ajaaaibaaatiiin gadi dhufte nu qabbbaneeesite   waliii galuuun ulfina adddaaan facauuun salphina,0,0,0,3,0,0
orm_train_track2_1783,"Bidiruun godaantota feete daangaa Xaaliyaanitti dhidhimtee 13 du'an, 44 dhabaman",0,0,2,0,0,0
orm_train_track2_1784,Namoonni lama ajjeechaa godaantota 39'n yakkamtoota jedhaman,0,0,0,0,0,0
orm_train_track2_1785,@USER Ittimuddi leenca Oromoo . Dhaloota sodaachuu hin beekne Waaqatu Oromoodhaaf badhaasa kenne . WBOn eebba qaba . Gootni eebba qabu gootni dhugaa irratti falmatu yoomillee kufee hin beeku . WBO POWER!,0,0,0,2,0,0
orm_train_track2_1786,Sirba bara durii ykn jecha kana yaadadhu mee argee humaa x2 Egaa fedhii (Aangoo qarshii gurra)taatee Kayyoon ilma nama Kayyoo ABO W3O malee hunduu nijijjiirama!! Yaa namaa yeroof jettee kayyoo kee hin ganin kan irbuu nyaate ofkalee hin beekuu!,3,0,0,0,0,0
orm_train_track2_1787,Saba tokkkumaaa hinqabneee Fi walnyaaatttuuuf   salphinatu mala kanaaaf   mataaa abbbaaa amantiiisaaa salphisan bara baraaan gadadooo wayiii duuuteee hindhumtu wayiii   kabajamteee hinjiraaatttu,3,0,0,0,0,0
orm_train_track2_1788,Osoon isin ta'ee.#2Maqaa namaa nyaadheesoba hin afarsuYoo gaaridhaan maleeshamaan nama hin faarsuHaadhoo garaa tokkoowalitti hin buusuOsoon isin ta'eefaayidaaf hin yuusu!! Osoon hin ta'ee.! . URL,2,0,0,0,0,0
orm_train_track2_1789,Kabajaaf barcuma Abbaatuu of jalatti tifkata Foloqsanii Badduu basaan malee jarri Obsi sodaa itti fakkaate.Geggeessitoonni keenya jaarsolii waliin mari'atanii jiru Waan gaarii fi kan yeroo hunda iyyinuuf Action politics jalqabuuf jedha.,1,0,0,0,0,0
orm_train_track2_1790,warri oromoo taatee paarlamaa mana maree teessu guyya tokkko du'a uummata oromootif dhukkkubsattee hin beektu,3,0,0,0,0,0
orm_train_track2_1791,#Marroo_Fi_ErgamtootasaatiifBy Abbaa Seenaa Amma booda yoon du'eyyuu nan du'e hin jedhu . Tokkoffaa diinni nama ajjeesu barameera gumaa malee hin hafu . Lammaffaa dhugaan ifa baheera . Haqi . URL,1,0,0,0,0,0
orm_train_track2_1792,Merry Christmas Bsga guyyaa yaadannoo dhaloota gooftaa keenya yesuusin isin gahe #ayyaana gaarii,0,0,0,3,0,0
orm_train_track2_1793,Gabaasa @USER URL taatee #Summii irratti hojjete . #Oromo #Oromia,0,0,0,0,0,0
orm_train_track2_1794,gaaffii pheenxee harreetu caala caqasa waliin deebisaa kitaaba qulqulluu,0,3,0,0,0,0
orm_train_track2_1795,"Watch ""ODUU Hatattama WBO Ambootii waraana hedduu fixe kuno |Moha Oromo"" on YouTube URL",0,0,0,0,0,0
orm_train_track2_1796,Guyyaa 30/10/2021 Konya wallagga lixaa Ona BEGIILEENCHICHI ganamaan KAAMBII diinaa naannoo sana keessaa diina saba oromoo kan taatee qulqulleessaa jira#oromoliberationarmy URL,0,0,0,1,0,0
orm_train_track2_1797,Hordoftoota Amantaa Muslimaa hundaan baga Ayyaana Arafaa waggaa 1443ffaan isin gahee!!!Ayyaanichi kan Nagaa Gammachuu fi Badhaadhinaa hundaa keenyaaf haa ta'u !!!Ayyaana Gaarii !!! URL,0,0,0,3,0,0
orm_train_track2_1798,Oromoon gadi bayee kadhachuu hin beeku beelaan manati dhumaa jira . Arsii lixaa Siraaro’o Haga Addaabba’t namni akka gadi ciiseti hafa’ara.OMN: Sagantaa Deeggarsa wolitti qabuu Lammillee Hoongeen miidhamanii URL via @USER,0,0,3,0,0,0
orm_train_track2_1799,The best of you life.O yaa Allah gammachisa Rizqii isiin barbaacha mana baate tan sodaa Rabbii isii hin dhorkin tana . URL,0,0,2,0,0,0
orm_train_track2_1800,Zabibaaa mattti naf taiii subecarb naf godhi kabajan si gafadhaaa,0,0,0,0,0,0
orm_train_track2_1801,Fincilli ammaa magaalota 300 ol keessatti kan karoorfameedha . Kunis tooftaa Bilxiginnaan waraana hagoo/xiqqaa magaalota irra asiif achi oofuun waraana baay'ee fakkeessitee ummata shororkeessitu fashalsuufi.,2,0,0,0,0,0
orm_train_track2_1802,Humni shiraan guddate shiraan jiraachuu filata . Haata'uutii shirri qaama biraa irratti hojjatamu qaamuma shiricha hojjate balleessa . Warri ODP amala badaa . URL,0,2,0,0,0,0
orm_train_track2_1803,Waleee hin dhagefaneee dhifamaaa gudaaa yooo xiqateee mobayili   6tin layik godheraaa galatomaaa oromokooo wal haaa gudisnuuu wariii waleee dhagefachuuu dhiftanileee layik itiii robsaaa,0,0,0,2,0,0
orm_train_track2_1804,Balballi karaa nagaa yoo cuufamu balballi fincila banaamun sirridha.Margaan diidu ulleen hin diidu.Mirgan galii Jaalo!!!! URL,2,0,0,0,0,0
orm_train_track2_1805,@USER Soban sihii dhugaa oromo awwaluf demtan isiinif hin tahu eshii soba atu badi asi,0,2,0,0,0,0
orm_train_track2_1806,Mootummaan hundeef kaayyoo hin qabne mootummaa saba isaatti dugda galaan kun Yeroo hundumaa warra dhihaa hadheessuuf arrabni isaa boqonnaa hin qabu magaalaa marfamtee jirtu keessa jiraachuun dirqama miti URL,0,2,0,0,0,0
orm_train_track2_1807,Kannisni akka itti socho'an beeku gurmuun isaani jabaadha . Ni sodatamu Titisni garuu waliin hin kaattu gurmuu hin qabdu tuffatamtu xurii Bayyinni ilma namalle yoo hidhata gaari hin qabne akkuma titisa kabaja hin qabu faca'ee hafa.,2,0,0,0,0,0
orm_train_track2_1808,Sirni duula Minilik bifa har’aan waraana maqaa Shanee jedhuun Uummata nagaa Oromoo irratti banuuf deema . Kanaaf immoo furmaatni Oromoo hundi bakka jiruu hunda walii ta’uun diinaa isaa kani ta'e sirna Bilxiginnaa kana ofirraa kufisuu qaba jena . #Oromiyaan ni bilisoomti . URL,3,0,0,0,2,0
orm_train_track2_1809,@USER Duula gara malee irraa osoo uf qusannee sabaa fi waraana keenya jabeessinee irra bu’aa qaba natti fakkaata . Yaaduma kiyya,0,0,0,0,0,0
orm_train_track2_1810,Qabsoon Oromoo yeroo hunda boba’aa (fuel) hin dhabdu . Kun carraa (advantage) guddaadha . Duulli Nafxanyootni nurratti jalqaban kun gaariidha . Duulli bu’ura dhugaa hin qabne kan soba irratti hundaa’e kun eessaa . URL,0,0,0,2,0,0
orm_train_track2_1811,Bitamtuu jolee shawa taa amataa dhufaf dabraa gotaa ofii nyatuu yaa saree ilmaa hadhaa salee bodee ke si haa fokkissuu URL,0,3,0,0,0,0
orm_train_track2_1812,Taaayyyeeen qawwweee hin sodaaatuuu innni goootaaa,0,0,0,1,0,0
orm_train_track2_1813,Maashaa Allah hedduu Sirraa bareda URL via @USER,0,0,0,2,0,0
orm_train_track2_1814,@USER Takkalaa uumaa wanni ani siif dhaamu #goobana daaccceenis numa dabre wanni hin dabrine hin jiru sodaa motummaaf jettanii fedhii lubbuu teessaniif jettani dhugaa oromoo kan dabsitan yoo tahe rabbiin oromoo isin arga Jawaar hidhaa garuu qeerrotu hiikkata isa isin boolla seentan.,2,0,0,0,0,0
orm_train_track2_1815,paartiin izeemaa mootummaa biyya bulchu waliin walitti dhuffeenya gaarii qabu magaalaa finfinnee handhuura oromiyaa taatee tajaajilli afaan oromoo kennamuu hin qabu jechuunsaa mufachiise dhalattoonni oromoo finfinnee oromiyaa miidiyaa neetwoork himaniiru,2,0,0,0,0,0
orm_train_track2_1816,Kabajamaaa kabamooo waliiinjachuuun hujiiidhaaaniiimaleee afaniiin jachuuunfaydaaamitiii obooojadhameee maaalqameee kabamaaamanamariii jachaaagochaaan walsaphiiisaaa maaaliiikabajaaan kartooonaaa maqaaafiiira maqaaa abaaafiiikabajuuucalaaa,1,0,0,0,0,0
orm_train_track2_1817,Kan barate Eebbisu fi isa GammachisuunSammuu dhaloota Lafa dhufaa jiruu keessati Abdii Guddaa Horuudha URL,0,0,0,3,0,0
orm_train_track2_1818,Raashiyaatti hiriira mormii deeggartootni Navaalnii bahanirratti hedduun hidhaman,0,0,0,0,0,0
orm_train_track2_1819,marrrooo qabaaa yooo barbadaaan maleee miskiiiniii ayiii,0,0,2,0,0,0
orm_train_track2_1820,TMsc1lt  shareee tiyyya akkkuam barate kaaani habasha sodaaateeetiii Hinsodaaatiiin Afaaanuma feeenen jennnu a coward  a coward Same OK ይሄን ሁሉ ቅዘን የሞላውን እበታምና ሆዳም ጎበና ይዞ ኦሮሞ እንዴት አድርጎ ነፃ ይወጣል DAAAFANAAA AJAA HAAADHANI WOLLLIIINWOJJJIN BUDEEENA DHAAABU NAGAAATTTI,0,3,0,0,0,0
orm_train_track2_1821,SiirbaYaa Leelloo Tiyya yaa Leelloo TiyyaBeelaa mitti roorro naa baasse biyyaBilisummaa hawweetan sabona tti iyyaSanyii qeransaa Oromotaa kiyyaNutti saree(Opdo) mitti diina hin biriifaannu yaa Ijoollee biyyadiina bira hin darbini bofa mataa du'aa.,0,1,0,0,0,0
orm_train_track2_1822, hirkooo bira olaaa lata jaaarsi kooo tokkkooo gabbbara na gargaaariii jedheee tureee kkk hin gabbbaruuu ani,0,0,0,2,0,0
orm_train_track2_1823,Imalaan foddaa banuun koochoo xiyyaaraarra deeme hidhame,0,0,0,0,0,0
orm_train_track2_1824,Sanyiii gotaaa gotumaaa nu jiradhaaa artiston keeeyi qaqaliii hamaaan isin argiiin ,0,0,0,2,0,0
orm_train_track2_1825,Yeroon booda guufuun guddaan 1 ni buqqa'a.Gafaas galataan fuula goftichaa dhabbanaa.Boqonnaan nuf ta'a,0,0,0,3,0,0
orm_train_track2_1826,Baga Guyya kabajama Ayyaana Eid Al Fixrii Tiin Isin Gahe warra baranaa kan bara hedduuu hordofto Kiyya.,0,0,0,2,0,0
orm_train_track2_1827,Waaan nafxanyaaan hojjjatu expose gochuuu jaaaluuu qabdan,0,2,0,0,0,0
orm_train_track2_1828,Akkam bultan hiriyoottan twitter gubbaaRabbii olmaa keessan haa tolchugadhee sin irraa haa qabuhamtun sin argatinnagaan ba'a nagaan galaashira najasa nafxanyaaf walee isaanii irra rabbi sin haa eeguOlmaa gaarii siniif haa ta'u,0,0,0,2,0,0
orm_train_track2_1829,Barattoonni Oromoo Yuunivarsiitii Waldiyaa rakkoo hamaa keessa jiraachuu: URL,0,0,2,0,0,0
orm_train_track2_1830,Jawaar :Garee duuriyyee hidhatee nama ajjeesuu fi saamuutuu jira.Hangaasaa:Shimaliis Abdissaa Faqaaduu Tasamaa Araarsaa Mardaasaa fa'atu Shanee foorjidii Ijaaranii hidhachisaanii Uumata nagaa Oromiyaa keessa juumulaan fixaa jiru.Jawaar osoo kana beekuu dubbii dhugaa haqaaqqa.,2,0,0,0,0,0
orm_train_track2_1831,Harmeee hadhaaa oromooo WOB kooo ,0,0,0,2,0,0
orm_train_track2_1832,Gaafatamaa ABO Godina Baaleef miseensa Gumii Sabaa ABO kan ta'e Jaal Hundee Daraaraa waraana mootummaan qabamee hidhame URL,0,0,0,0,0,0
orm_train_track2_1833,Baankiin Misooma Afrikaa hojjettootasaa Itoophiyaatii baasuufi,0,0,0,0,0,0
orm_train_track2_1834,Atileetii waraanaafi yaaddoo keessa ta'uun Shaampiyoonaa Addunyaa ta'uu ishee hin dhowwine,0,0,0,0,0,0
orm_train_track2_1835,galatoomi @USER !ayyaana gaarii maatiikee waliin siif haa ta'u!ulfaadhu!stay safe!,0,0,0,2,0,0
orm_train_track2_1836,Jabaaadhu jabaaa namaaa Artistiii saba ofiii booonsu tai,0,0,0,2,0,0
orm_train_track2_1837,shamarran oromoo washington dc jiraatan hidhamaa siyaasaa oromoo maraaf wal qixatti sagalee ta'uufii fufan ta'uu duula sochii haalluu keelloo tibbana gaggeeffamaa jiru irratti hirmaannaa taasisaniin ibsan,0,0,0,0,0,0
orm_train_track2_1838,Dhugaaan galgalaaa Namniii soban dullleee galgalaaa hin gallluuu Sirbaaa Ajaibaaa Galanaaa garomsaaa Galatomiii,0,0,0,1,0,0
orm_train_track2_1839,Hubadhaa:Facebook irratti namni maqaa kiyyatti fayyadamee burjaajii uumaa akka jiru dhaga'eera . Ani Facebook akkaawuntii ykn peejii tokko illee hin qabu . Peejiin maqaa koo fayyadamu kamiyyuu soba.,0,0,0,0,0,0
orm_train_track2_1840,Badhaasnii Preesii Wallaba adduunyaa kan bara 2021 Gaazexesootaf kenname haala presii adduunyaa saaxilamnii rakkinaa dabalaa deemu keesaa akka jiru agarsiisutu himame.URL,0,0,0,0,2,0
orm_train_track2_1841,Sababa ibidda tasa gabaa Sholaatti mudateen manneen daldalaa kunneen miidhaan irra gaheera,0,0,0,0,0,2
orm_train_track2_1842,Kaayyoon keenya mirga saba #Oromoo osoo hin sharafin saba bilisa Oromiyaa walaba mootummaa birmaduu ijaarrachuu dha . WBO jabeessinu malee mirgi keenya kun hin kabajamu . WBO jabeessaa . Dantaa alagaa guutuuf jecha mirga Oromoo hin sharafnu . #OromoVoice #InvestigateAbiy,0,0,0,3,0,0
orm_train_track2_1843,Haasaa ulaa galaanaa MM Abiy muddama hammeessaa jiru,0,0,0,0,0,0
orm_train_track2_1844,Dhiiibeeemadawara hiiinjiiireeedhaaa   dhiiibeeemana murtiii teeeyfiiidhaaa wayaaaleee gachiiinasiiiriii   dhiiibeeetukaaana   bulchooota dhiiibeee balbaaalaaa hadhaaasiiiqeeetuuu egaaabaradhuuu   warafajaaaleee mangudooodahan   maqaaamogafnaaa,0,0,0,0,0,0
orm_train_track2_1845,Duulli lagannaa nyaataa barattoota Yunivarsiitii Ameerikaa Filisxeem deeggaranii torban caale,0,0,0,0,0,0
orm_train_track2_1846,wayyyooo kolfa nu fixxxe ijooollleeen kun barana,0,0,0,3,0,0
orm_train_track2_1847,Dhira Mohammmed Deksiso  Baga bate Gazexeeesssa omn birooon utu godhame garu gaaariii ture,0,0,0,2,0,0
orm_train_track2_1848,Jawar Mohammed paartii haaraan gadi ba'uun Oromoof Injifannoo habashootaafi gantootaaf kufaatii hamaadha! Jajjabeessaa nutis nideggarraani! Oromiyaan qaana'uu hinqabdu . Kan Habshtichi sun Habashaan walitti . URL,0,0,0,2,0,0
orm_train_track2_1849,Bara dabaa - bara fafeeBara cabaa - caba lafeeTakka gaddaa - takka seequTakka utubaa - takka qeequMiidhama dhidhiibbatu malee ogeessaanNama dhukkuba - yoo odeessan,0,0,2,0,0,0
orm_train_track2_1850,'Quunnamtiin saalaa gaariin madda gammachuu nagaa ta'u danda'a' - qorattoota WHO,0,0,0,0,0,0
orm_train_track2_1851,nafxanyaan kaleessas harra diina sabaa sablammoota biyya kanaati,0,3,0,0,0,0
orm_train_track2_1852,Jira hamaan koo haa baduu . Yeroo dhiyootti walagarra.,0,0,0,2,0,0
orm_train_track2_1853,Fedhii mootummaa qofaan filannoon hin geggeeffamu . Waliigaltee biyyaa fedha . Rakkoon filannoo danqu koroonaa qofa utuu hin taane rakkoo bal'aatu jira . Dhiibbaan dhaabbachuu qaba hidhaan dhaabbachuu qaba . Filannoon geggeeffame qofaaf nagaan hin bu'uProf . Mararaa Guddinaa,0,0,0,0,0,0
orm_train_track2_1854,Adddeee zinaaashhaaadha Gudddaaakabajamtuuu Baga Nagan nu jiraaate,0,0,0,2,0,0
orm_train_track2_1855,Do you remember when you joined Twitter? I do! #MyTwitterAnniversary OMG! It's Unbelievable and Amazing Solid Nine Years! Amanuutu Narakkise Dhugaa Ajaa'iba Hojii Waaqaa! Maalumaafuu Galatni Waaqaa Gaditti Kan Teeknooloojii ti.#Stay_Safe_Stay_Blessed#Haqni_Kan_Waaqayyoo ti URL,0,0,0,0,0,3
orm_train_track2_1856,#Breaking Waraanni Bilisummaa Oromoo guyyaa har'aa waraana mootummaa wajjiin lola taasiseen injifannoo galmeesisuu isaa beeksise . Wallaga naannoo Mandii fi Kibba Oromiyaatti taasifame kanaan Poolisiin Humna Addaa federaalaa fi Oromiyaa hedduun ajjeefamuu fi booji'amuun beekameera URL,0,0,0,3,0,0
orm_train_track2_1857,Dhugaaa irrraaa maaaltu nadhowwwa eeesssattti kufe namni dhugaaaf bule galgala hin tolu namni sobaaaf duuule Galatooomi Galllo,0,0,0,3,0,0
orm_train_track2_1858,komiii fudhachuuun dirqama guyyyooo  isin kan keeenya waaan tataniiifan isin komannna orma kadhachuuun faaayida waaan hin qabneeef,2,0,0,0,0,0
orm_train_track2_1859,Itiyophiyaan Baqqalaa Garbaa umriisaa guutuu mana hidhaatti deddeebistee dararaa baatee har’as du’asaa dheebottu Oromoo dhaf hin taatu.Oromoonni Itiyophiyaa dhaaf akka gaariitti ergamaa turan tokkoon isaaniituu abbaa biyyaa hin taane.,1,0,0,0,0,0
orm_train_track2_1860,Dargaggoonni meeshaa waraanaa sobaatiin hawaasa sodaachisuun saamaa turan hidhaan adabaman,0,0,0,1,0,0
orm_train_track2_1861,Warrii nu arrabsaa jiru Jabaataniitii miti nu sodaataniitii . Tuffii isinitti hin fakkaatin . Osoo isaan lafatti nu eegan mukarra baanee gadi laalle . Kanaafuu muka nu jalatti muruu barbaadu . dhengadda yeroo aggammiin anarratti yaadame 1/2#Ethiopia #Oromia URL,2,0,0,0,0,0
orm_train_track2_1862,Biyyoota Afrikaan maaliif guddinni dhibe? 1 . Bulchiinsi gaariin dhabamuu . Mootummootni Afrikaa qabeenya jiru hunda aangoo ofii ittiin eeguuf akkasumas mormitoota ittiin dhabamsiisuuf (waraanaan dabalatee) fi olola miidiyaaleef fayyadamu . 2 . Malaammaltummaan humnaa olii 1/2,0,0,0,0,0,0
orm_train_track2_1863,"@USER Dhugaa dha . Garuu waan Koloneel Gammachuu Ayyaanaa jedhe yaadadhe . ""Gufuun baay'achuun kun gaarii dha"" jedhe . ""Suudan Kibbaa ilaalaa osoo sirritti hin bilcheeffanne(hin qophoofne) addunyaan bilisummaa badhaafte . Amma rakkoo isaan keessa jiran ilaalaa."" Jongarang(?) fa'a dhabde",0,0,0,0,0,0
orm_train_track2_1864,Namni dhiphisee yaadu carraa isaaf dhufe keessatti rakkoo isa mudachuu danda'u arga namni ilaalcha gaarii qabu garuu mudannoo booda isatti dhufu hunduma keessa iyyuu carraa jiru ilaala.,0,0,0,0,0,0
orm_train_track2_1865,Tigraayi olaantummaa ishee kabachiifattee jiraachudha kaayyon ishee . Amarri ammoo daangaa babaldhifachuu fi sirna nafxanyaa diriirsudha kaayyon isaanii ummata biyya kanaa irratti . Oromoon ammoo waraana kaayyoo malee keessaatti waan hirmaatuf gaaffii natti ta'e????,2,0,0,0,0,0
orm_train_track2_1866,@USER Tortoraa! Waggaa maalii kabajjaa? Arabsamaa utuma jala gugguuftuu tuffatamaa baate? Sabi kee ajjeefamaa dhiitamaa beekaan kee hidhamaa ba’e! Utuu beettee teessee boossa abbaa garaa taate malee! #OromoProtests #AbiyMustGo,0,3,0,0,0,0
orm_train_track2_1867,"Obboo Dajanee Xaafaa!""Ani mana hidhaa yeroo 14ffaaf seene . Kan ammaa Sababni hidhameef hin beekne gaafa du'aa Haacaaluu sana hidhame . Namni akka Haacaaluu tasa hin du'u waan itti yaadamee dalagameedha . Nuti hidhamnee baane jirra garuu duuti Haacaaluu yoomuu ummata keessaa hin . URL",0,0,0,0,0,0
orm_train_track2_1868,oromiyaa broodkaastingi neetwoork ebla   ‘ ummanni keenyas wayita ayyaana faasigaa kabaju mallattoo ayyaanichaa ta'e araaraafi dhiifamaan aadaa walgargaaruu boonsaa qabuun harka qalleeyyiifi daa'imman maatii hin qabne gargaaruun jaalalaafi tokkkummaan wal ta'ee ayyaana galataa waliin kabajuuf barsiifanni qabu ammas daran cimee fufuu qaba caffee oromiyaa aadde loomii badhoo,0,0,0,0,0,0
orm_train_track2_1869,Itttiiiqaaa Sabbbooonticha ilma Tuuulamaaa Tuuulamni   bara malaaan gowwwooomfameee   Abbbaaan biyyyummmaaa fi eeenyummmaaan danqame jaaarrraaa tokkko bira darbe ammmaaas Finfinnneee cinaaa malaaan artamaaa iyyyummmaaa baratame caaaluttti saaaxilamaaa jira Meee Sirba keee Kiiiloleee saniiin nu dhaqqqabi Akkkam namattti tol,0,0,0,2,0,0
orm_train_track2_1870,@USER Gonii qamaan du'aa malee maqaan isaani hin du'uu kanaf jareeni kanaf galataa guddaan galchaa rabbiin janata isaan yaa dhalchiisu nuttii itiyoophiyaawiidha yaaduma gantuu addaan nuu qodduu barbadi malee i stand with our country i love ethiopia i am ethiopian in any where.,2,0,2,0,0,0
orm_train_track2_1871,'Namoonni ijoollee fi dargaggoota dhukkuba sukkaaraa isa gosa 1( Type 1 Diabetes Mellitus) qaban beektan keessaan na quunnamaa!,0,0,0,0,0,0
orm_train_track2_1872,Dhaaamsa hawaaasakeeenyaaaf   dhamuuu   hiiinjiiireee hucuuuhodhateee hiiingareee   teeeyfiiikubula biiitateeedhageeenyeee   balbaaala qadaaada qabduuudhagenyeee   tuuukaaana manajaaareeedhagenyeee,0,0,0,0,0,0
orm_train_track2_1873,@USER Haye baga nagayan dhuftee ittii mudii sanyii ko,0,0,0,3,0,0
orm_train_track2_1874,Ethiopia C irrraaa gara D D fiduuu isiiit na ajaaaibe  ammma achiii F F F malaaaf ,0,2,0,0,0,1
orm_train_track2_1875,Amajjii 1 seena qabeessa guyyaa itti rasaasni Waraana Bilisuummaa Oromoo yeroo jalqabaatiif eegdota impaayerattii habashaatti dhuka’edha . Har’as gootni kaayyoo ganamaa sana bakkaan ga'uuf dafqa dhiigaan makaa xuruurfataa as gahe amma illee imalaa jiru kanaan maatii warra kaayyoo URL,0,0,0,1,0,0
orm_train_track2_1876,I stand with #Dinku_Deyas We stand with him b/c he is the father of people! Dubbiin oromoo Hammachaa dhufeera . Dhimi kun gara rakkoo hamaa akka American amma keessa seente jirtu kanatti nuu hofuu danda’aa . Kanaf oromoo cabsuu irraa of qusachuu barbachiisa . URL,0,0,0,0,3,0
orm_train_track2_1877,#AbbaaHaqaa! @USER Ololaaf sobni #Nafxanyaa qabsoo Oromootiif sodaa akka hin taane dursee raagee ture . @USER URL,0,2,0,0,0,0
orm_train_track2_1878,Pirezidantiin Somaaliyaa daawwannaa jalqabaa isaanitiif Finfinnee galan,0,0,0,0,0,0
orm_train_track2_1879,2nd well know Oromo lawyer killed by #FascistAbiy her body in Holotaa 6/10-21#Gadda Gaddaa Godina Shawaa Lixaatti Abbaa Seeraa Mana Murtii Aanaa Ejeree kan ta'an Aadde Wayinisheet Abbabaa humna hinbeekamneen ajjeefaman.Ad Wayinisheet torban darbe mana kireeffatanii galan 1/3 URL,0,0,3,0,0,0
orm_train_track2_1880,Hidhannoo malee bilisummaa hin yaadin! yoo qawwee hin hidhattu ta'e hidhannoo sammuu hidhadhu . WBO deeggari tumsi yaadaan utubi diina irraa qoladhu . Oromoo taatee dhalattee orma waliin taatee WBO hin basaasin hin balaaleffatin! WBO deeggaruu yoo baatte diina itti hin ta in! URL,3,0,0,0,0,0
orm_train_track2_1881,Akkkanajanaaa sodaaanqabaaamiiit kaleeeraaa waaabaraaaneee boruuuf galaaagodhaneee araaaf kaaameeeraaa qulquuuluuu qabaneee hiiiraaaguuudaaa yaaadakeeenyaaa maaaltuuu umataaakenyaaaf caaalaaayaduuu deeemuuuqabnaaa,0,0,0,0,0,0
orm_train_track2_1882,Ijarrraaa hafi Of eeegggataaa sirbaaa warrri quuuqamooon nafxanyaaan numan taaate,0,0,0,2,2,0
orm_train_track2_1883,Kan rakkkooo gudddaaa keeesssa jiru Uummmata keeenya Qaaamni meeeshaaa baaatu hundi uuummmata keeenya irrrattti rakkkooo uuumaaa jira Kanaaafuuu uuummmata keeenyaaaf dursa laaachuuun gaaariii ture,2,0,1,0,0,0
orm_train_track2_1884,"@USER ""Salphoon salphina hin beektu"" . Osoo tahee obbolaasaaniiti . Safuu!",2,0,0,0,0,0
orm_train_track2_1885,Namni bakkkaaaka beeeku dibbbeee dhaan naaaareee  Gadaaa maleee hin faaarsu gadddo  Eesssattti kufe namni dhugaaaf dulller,0,0,0,0,0,0
orm_train_track2_1886,Abshaala tahuun gaariidha . Garuu abshaalummaa kee goowwomsaaf kan itti fayyadamtu taanaan gaafa sirratti barame kufaatii hamaa kufta . URL,0,0,0,0,0,0
orm_train_track2_1887,Maaaliyaaa gurbaaan kun waaanuma irrraaa fokkkisu walllaaaleeera hiriyyyaaa hin qabuyiii ittti hin hinaniii,2,0,0,0,0,0
orm_train_track2_1888,Ani yaaa dhufu omn kooo ijaaa adddunya naaa hafi jene waraaa dhugaaa maleee sobaaa hin dubane sanyiii leeencaaa oromiyaaa kooo,0,0,0,2,0,0
orm_train_track2_1889,Gonkumaa kan mo'atamee hin beeknee fi hin mo'atamnes addunyaa kanarraa dhugaa qofa . Inni dhugaa qabate hin mo'a malee hin mo'amu Guyyaa gaarii qabaadhaa waraana dhugaa jajjabee haqaa kan mataan diimaa yoo isin argu albaati magan yaa diina . W O B #SHER #follow #oromoo URL,0,0,0,0,0,0
orm_train_track2_1890,@USER Baga milkoofte leenca namaa.bara hojii gaarii siif yaa ta'u.,0,0,0,3,0,0
orm_train_track2_1891,Jabbbaaadhu waaan gaaariiidha,0,0,0,2,0,0
orm_train_track2_1892,Kadiro shimalastu jedheeen Maaal godha jeeeteti   Zayiti fi sukaran   soba Filatttamu barbada,3,0,0,0,0,0
orm_train_track2_1893,Baaayyyeee Gaaariii Jabaaadhaaa,0,0,0,3,0,0
orm_train_track2_1894,Namni gaagura OPDO jedhamu amane irbaatni isaa salphina!,0,3,0,0,0,0
orm_train_track2_1895,Weliiisa kabajamaaa itttiqa jaaabadhuuu   jajabeee qarooo ummmata oromiyaaa ,0,0,0,2,0,0
orm_train_track2_1896,Ergamtooota nafxanyaaaf  ykn   OPDOf dhifama gochuuun qoratameee tauuu qaba kan uuummmata keeenya ajjjeeesaaa ture akkka gochaaa isaaattti gatiii isaaa argachuuu qaba Yooom iyyyuuu taaanaaan kan uuummmata keeenya ajjjeeese ajjjeeefamuuu qaba Yakkkamaaa taeee lafa WBOn bilisa baaase irrra jiraaachuuu hinqabu,0,2,0,0,0,0
orm_train_track2_1897,#Breaking_News|TDFHoggantoota Olaanoo Rayya ittisa biyyaa fi humna adda naannoo Amaara waraana Gaashaana iratti dhumatan . Har’a Magaala Gondar Kaampii rayyaa ittisa biyyaa Azazoo jedhamutti sirni awwaalcha isaani raawwatame . Akka gabaasa ammaa kanatti TDF Lolaa HAR'AA kanaan URL,0,0,0,0,0,0
orm_train_track2_1898,.kana kani Abiy Ahmed saree abba wajjiin duultee kani eessa fakkeessu . Oromiyaa yookani du'aa lafti Oromo iddoo itti Nafixaanyaan hawaalamtuu malee irraa jiraatu mitti,0,3,0,0,0,0
orm_train_track2_1899,Midaa QanyiiGuyyaa 17/09/2021 Kaabineen KOMINISTEE araarama tokko malee addunyaa kanatti nagaa dhaammatee jira.Qeerroon amma hojii bareedaa hojjechaa jira bakka hundaa.Jabaadhu qeerroo koo . URL,0,0,0,3,0,0
orm_train_track2_1900,Koroonaavaayiras: 'Nu Baraari' - sirna Waaqa araara kadhachuu Oromoo,0,0,0,0,0,0
orm_train_track2_1901,Gujiitti Sababa beelaatiin Haadha beelli ajjeesee bule daa’imni ganama reeffa harma osoo hootu argamte . URL,0,0,3,0,0,0
orm_train_track2_1902,WBO keessa nama akka Abbaa Cabsaa sadan tokko itti makannee gaarii tureem.,0,0,0,0,0,0
orm_train_track2_1903,Oromon akka jedhu horii hiyyeessa guddissu malee nama hiyyeessa hin guddissan jedha . Yoo horii hiyyeessa guddiftee gaafa guddatee qalteetti foon gaarii nyaata yookani gatti gaarii tti gurguurrtee birriii baay'ee argataa,0,0,0,0,0,0
orm_train_track2_1904,Bara dubartiiin kabajaaa Rabbbiiin ishiiif kennne dhooowamte Yàa Rabbbi ,0,0,1,0,0,0
orm_train_track2_1905,PPn mirga dhunfaatiif ijaarame qeerroon mirga gareetiif qabsaa'e Abiy maaf soba?,0,2,0,0,0,0
orm_train_track2_1906,Abduraman mattti naf taiii sanyi kooo kabajan si gafadhaaa,0,0,0,0,0,0
orm_train_track2_1907,Ameerikaan deeggarsi midhaan nyaataa Itoophiyaaf kennitu 'gara darbaa jira' jechuun adda kutte,0,0,0,0,0,0
orm_train_track2_1908,Countries Not Building without Army's!We Love our Army's!Biyyi Waraana Gahaa Hin qabne Biyya taatee hin ijaaramttu.kanaaf Waraanaa cimaa Leenjifannee Biyya keenya Diina Alaa Fi Keessaa irraa Eegganna.Gootota keenya RIB Ni Jaallanna! URL,0,0,0,2,0,0
orm_train_track2_1909,@USER Shime sabona Kenya jalalaa fi kabaja guddaa sif qabna umrii nuf dheeradhu ilma baga,0,0,0,2,0,0
orm_train_track2_1910,Ilkaan Saree Lafeerraa ilkaan gadhee Lammiirraa hin dhaban jedha Oromoon yoo Mammaaku! Haamilee Obboo Lammaa ittiin Diqqeessinu hin qabna natti hin fakkaane! Kanuma halkan gaarii! URL,2,0,0,0,0,0
orm_train_track2_1911,Oromooo tooo qali galatooomaaa Subscrbe naf godhaaa kabajaaan isin gafadhaaa Subscrbe Subscrbe Subscrbe Subscrbe Subscrbe,0,0,0,1,0,0
orm_train_track2_1912,jinniidhaf sagaduu mohammaditu barsiise,0,3,0,0,0,0
orm_train_track2_1913,Akka addunyaatti sababa roorroo walitti bu’iinsa jeequmsaa fi dhiittaa mirgaatiin namoota miliyoonaan lakkaawwamanitu qehee isaaniirraa buqahee jira jedha Tokkuummaan Mootummootaa . #refugeeday2022 #refugees #refugeestories URL,0,0,0,0,0,0
orm_train_track2_1914,Vaayrasiin haaraa argamee Omiikroon jedhamu waan nama yaaddeessuu qabu malee kan sodaa uumuu ta’uURL,0,0,0,0,2,0
orm_train_track2_1916,"@USER Dhiiroo otuma jennuummoo afaan oromoo kana dhukkubsaa jirra.Erga garee jajjabee taatee afaankees haalaan katabi.""Abbaa Biyyaa."" ""Finfinnee qoqophaa'e"" . Dhiifama haamlee si tuquuf miti anillee jajjabuma.",1,0,0,0,0,0
orm_train_track2_1917,@USER Waaqni ifaafi jaalala namummaaf qabuu mara siif kennee ati garuu dukkana enyumaa kessa dhokachuu filatte .,2,0,0,0,0,0
orm_train_track2_1918,Kkkk   isaaayas afaaan worqiii jedhe guyyyooon lol,0,0,0,0,0,0
orm_train_track2_1919,gamtaaa maaaf sobaaa itttiii dabaltaaa,2,0,0,0,0,0
orm_train_track2_1920,Namni xiyya dhahuu beeyne fitti dhawa ja'an namni biyya hoogganuu hin daddeenye kallattii hunddaan waraana biyyatti bana ajaa'iba!!!!!,2,0,0,0,0,2
orm_train_track2_1921,Mahamd mattti naf taiii subecarb naf godhi kabajan si gafadhaaa sanyi kooo,0,0,0,0,0,0
orm_train_track2_1922,wajjiin sobanitti himadhu warshaa sobaa,0,2,0,0,0,0
orm_train_track2_1923,uuufff wayyyo garaaa kooo malaaa godhaaa,0,0,0,2,0,0
orm_train_track2_1924,Dhugadhaaa akkkabiiiyatanaaatiii caraaagariiidha wannniiidhufeeeti fayadamuuu yodandeeenyeee yaaadawaraaaniii itttiiiwahubatuuufi umaniiiwa iiitttiiihubatuuu wallliiisiiilahubataniii   caragaaariiidha walquuubaqabduuu   walduuubalagadheeeyxiii,0,0,0,2,0,0
orm_train_track2_1925,Ani akka nama tokkotti guyyaa Adeemsi Dr Abiy anaf hin tahiin ni balaleeffadha ni qeeqa sababni Mummicha ministera kiyya waan taeef garuu jibbaa hin qabuuf! Namni maaliif balaleeffatamaa jedhu aangoo akka . URL,0,0,0,0,0,0
orm_train_track2_1926,Hamaaan gariiidhaaa ifsiiibarsiiisaaa   meeelalaaa amaaan hamaaadha lencaaa dhiiideeefiii amaaaqofatuuu leeencaaa firaaadhowaaa lafaaatanaraaa,0,0,0,1,0,0
orm_train_track2_1927,Dhugaaa baaasuuu isaaati ni gammmade   garuuu nageeenya isaaatiiif sodaaadha,0,0,0,2,3,0
orm_train_track2_1928,Saayikiliin Olompikiif dorgomuu irraa saayikiliin gara saamicha baankiitti dargaggoo ce'e,0,0,0,0,0,0
orm_train_track2_1929,"""Dhiigni yuunitii tokkoo hanga qarshii kuma shaniitti yeroon itti gurturame ture""",0,0,0,0,0,0
orm_train_track2_1930,Daandiin Aspaaltii Guddichi Godina Wallaggaa Lixaa keessa qaxaamuruun #Finfinnee fi #Asoosaa walquunnamsiisu caccaabuun Aanaa #Najjoo fi #Boojjii_Dirmajjii gidduu bakka addaa #Biqiltuu_Dillaa jedhamutti addaan cituun rakkoo hamaaf imaltoota saaxilaa jira . URL,0,0,0,0,3,0
orm_train_track2_1931,Rakkoo beelaa godina Baaleetti mudate waliin walqabatee waanti miidiyaalee hawaasaa irratti hafarfamaa jiru taatee qabatamaa dhugaa hawaasni keenya keessa jiru waliin gonkumaa wal hin fudhatu . Rakkoon uumamuun . URL,1,0,0,0,0,0
orm_train_track2_1932,Umriii nuuuf dheeeradhaaa leeenca fakiii namaaa Rabbbiiin keeeyriii keeesssattti umriii nuuuf haaa dheeeresssu ustaaazunaaa kabajamooo fi jaaalatamooo,0,0,0,2,0,0
orm_train_track2_1933,leenca ija barbadaa jiraadhu,0,0,0,2,0,0
orm_train_track2_1934,Tokkootu mootichi keenya arra ajaja haarawa baase . Dhiirti hundi jaartii lammaffaa akka fuudhan ajaje nama seera haarawa kana didu ni ajjeesa . Seeraa hamaa nutti bahe je’eJaartiin maal jetteen ni beeyta? Baga gammadde wareegamaa taata shahidee kiyya taata jetteenKalaas!,0,0,0,0,0,0
orm_train_track2_1935,Dhugaa Ajaa'ibaa Kana Beektuu laata?Nomofoobiyaa (Nomophobia) jedhamu Sodaa (Fear) Bilbila Harkaa (Mobile) keetin Adda Bahuu sodaachurraa ykn Networkiitu (Signal) Najalaa Bada jedhanii . URL,0,0,0,0,0,2
orm_train_track2_1936,RaajiidhMiseensonni raayyaa ittisa biyyaa Itoophiyaa kunneen lameen dhalattoota Tigiraay dha . Maqaan isaanii #Abdii_Usmaael fi #Mangistee_Alefoom jedhamu . Mana hidhaa Aarbaaminch irraa humnaan fuudhamuun waraanaaf gara kibba Oromiyaatti bobbaafamani . URL,0,0,0,0,0,2
orm_train_track2_1937,#dullii #fanno oromia kessatti geggeessaa jira gaariidha meshaa waraana Abiy oromiya kessa fe'ee gara kaabatti erge amma #jajjabeen #WBO fanno akka gaaritti hikkachisa jira Amma booda qerron(jajjabeen)mesha ammayawa qofa hidhatti . fanno hikkachisuun itti fufa . URL,0,0,0,1,0,0
orm_train_track2_1938,Wow leeencaaa tokiiicha qixeee kumaaa,0,0,0,3,0,0
orm_train_track2_1939,Hacuuu kooo oromooo garaaan madaeee yooomumaaa fayyyaaareee silaaa atigaltuuuennnuti siiih obsinaaa reee jaaawarisnuuurahiiidhaaan ,0,0,3,0,0,0
orm_train_track2_1940,amaarri yoomuu diina gumaan hin hafu inshaa allaah,0,3,0,0,0,0
orm_train_track2_1941,Maaalooo maaalooo ummmata walllaggga kanaf birmaaadha waaaqni hamaaa keeesssan ana hin dhageeesisiiin heddduuun isiiin jalaaadha lammmiii kooo,0,0,3,0,0,0
orm_train_track2_1942,Ilmaan Walloo Xiyyaaran dhahamaanii du'an keessa warra kana faatu jira.Biyya abbaa isaanii irratti Xiyyaaran dhumaa jiru!#StopBombingWalloo! URL,0,0,3,0,0,0
orm_train_track2_1943,mootummaan tigraayi nageenya ummata eegaa jira tigreen ajjeefamaa hin jirtu,0,0,0,0,0,0
orm_train_track2_1944,.harka irraa ofi buqisuu yoo jette arraba sii waraantti kunoo Nafixaanyaan qoree gamoojii nutti taatee ofi irraa buqisuun rakkoo dha . Oromon haa bilisommu Qabson itti fufa Nafixaanyaan hin kufa . miidhan keessa gayyoo namaa keessa Opdo haa badu,0,3,0,0,0,0
orm_train_track2_1945,@USER Baga dhalate Guyyaa dhaloota gaarii,0,0,0,3,0,0
orm_train_track2_1946,Wbooo abdiii sabaaa ittti mudddiii nafxanyaaa jabadhuuu moho   galatomiii lecccaaa kenaaa,0,0,0,2,0,0
orm_train_track2_1947,Seenaa Walfakkaataa || Namni Hundinuu ilaaluu kan qabu Seenaa Ajaa'ibsii . URL via @USER,0,0,0,0,0,2
orm_train_track2_1948,Odeessa Galma mootummaa irraa nu qaqqabe . Waanti haaraan jiru hedduu dha isaan keessaa kan ammaaf itti jiran:1 . Dokter Abiyyiin waraana qofaatti amanamaa kan isaaf tahan filuu eegaleera . Dhalootaan Oromoonni . URL,0,0,0,0,0,0
orm_train_track2_1949,sababoota ijoo taalibaan aangoo qabachuun yaaddoo uume keessaa tokkko dhimma dubartootaati,0,0,0,0,0,0
orm_train_track2_1950,Barcuma aangoo sobaaFakkeessee kan irra taa'u Eenyullee dursee isumaKan komboleenii gaaga'u Nama fakkaatee taa'uusInni namaa miti barcuma Namummaaf hin yaaduYaaddoon isaa qochuma Barcuma irratti saseetiBarcumoomee haqa dhima Aangoon barcumaa mitiJa'ee eenyumaatu ittih URL,0,3,0,0,0,0
orm_train_track2_1951,Kaleessa University finffinneerraa eebbifamee Mooraa diinaa tiksaa ture!Qabxii gaarii galmeessuudhaanis badhaasa warqees argatee ture! Har'ammoo WBOtti dabalameeWalabummaa Oromiyaaf hidhatee qabsa'aa jira! (Moibon Barke) URL,0,0,0,1,0,0
orm_train_track2_1952,Jiraaadhu ergaaa gaaariii sagaleee miiidhagaaatiiin nuuudabarsite waaaq maaatiiikeee waliiin nagaaan saaaeeegu,0,0,0,2,0,0
orm_train_track2_1953,Worrra Afaaan Oromooo ballleeesssuuuf ganamaaa galgala dhamaantu kana godhaaa jira,2,0,0,0,0,0
orm_train_track2_1954,@USER Warra qaanii hin qabne bashanana hin fixannee? Maalta'a uummata beela'ef nyaata bittanii geessitan.,2,0,0,0,0,0
orm_train_track2_1955,Waliii galuuun ulfina addda facauuun salphina dhugaaan jirtu kanuma ilmi dhugaaa siiif haaa dhalatu taaariii ķenya,0,0,0,1,0,0
orm_train_track2_1956,yesuus bineensa hamaadha,0,3,0,0,0,0
orm_train_track2_1957,Baayidan haleellaa Jordaanitti loltoota US galaafateef deebii kennuuf murteessuu ibsan,0,0,0,0,0,0
orm_train_track2_1958,Jawaar Siraaj Muhammad / Hagayya 2011Barnoonni hawaasa kamiifuu bu’ura guddinaati . Hireen barnootaatis mirga namoomaa kan bu’uraa waan taateef namayyuu hiree tana argachuu qaba . Ija tanaan haalagara barnootaatiin kurneelee lameen dabran kanaURL URL,0,0,0,0,0,0
orm_train_track2_1959,Wooow hujiii booonsaaadha jabaaa keeenya nuuuf jiraaadhu rabbbi sihaaa tiiiysu shira bulguuutirrraaa,0,0,0,3,0,0
orm_train_track2_1960,Jaal Marroo Warra goodaa Essaatti bekna sodaa.,0,0,0,3,0,0
orm_train_track2_1961,Faarftuu Rahel Tefera sagalee ajaa'iba ta'e qabdii . Dhugumaan Waaqayoo ishee eebbisse jirra . afuuri osso waliraa hincicitiin akaataan itti faarfatuu baayee nama dinqa . URL URL,0,0,0,0,0,3
orm_train_track2_1962,Galma dhugaa kan Sabboonnumaa irraa ijaarame Onnee Ummata keeti keessa qabdaYoomiyyuu taanan seenaan kee hin baduu URL,0,0,0,0,0,0
orm_train_track2_1963,Nama kaayyoo taanansin dhaabu gufuun tokkooKuftus kaatee deemtahin sodaattu rakkooGufuun si jabeessadiina kee ni caaltaDanqaa har'aa mitigalma kee ilaaltaGeesses injifatteegeeba kee ni kaasta URL,0,0,0,2,0,0
orm_train_track2_1964,Jabaaadhaaa baaayeee namattti tola Aartiii keeenya gudddisuuudhaaaf dhamaaaa jirtu galatooomaaa,0,0,0,2,0,0
orm_train_track2_1965,Atileee nufi jabaaadhu nutileee baaay eee jalaaalne,0,0,0,2,0,0
orm_train_track2_1966,: Sirni koloneefata Afrika hunda kesati baddee amma kan jiru empayera Xobiya kessati . Oromon kanati dammaqe ka'u qaba . Aka saba guddaati abbaa biyyumma isa mirkaneesu afansafi aadnisa kabaja argate biyyaa abbaasa bilisummaan bulche jirachu dandahu qaba . #StopHRAbusesAgainstOromo,2,0,0,0,0,0
orm_train_track2_1967,Wow nafxanyaaa garaaan gubateee ,0,0,0,0,0,2
orm_train_track2_1968,jiraadhu ustaaz hamtuun sinargin gaariin sindarbin,0,0,0,2,0,0
orm_train_track2_1969,"@USER "" Ametalew belo Joro Tiltil Bere Coomman gebto qerree ye Gojam Gebere"" jedhanii isanumtuu? Kottee.Duudaa kana nutti duulchisanii booji'amtee ba'aa nutti taatee teessi.",0,3,0,0,0,0
orm_train_track2_1970,.amma Opdon maa raatu taatee yoo jeene akkakayyuu kenya ttu raatuu tti koolfee ta'aa kanaafuu Opdon jaanjoo taate . Opdon dhabachisoo salphaachuu mana ummata ofi bukee dhaabachun diina rukkkuchuu tuu irraa jiraa malee hafaa Waayyaanee taate,2,0,0,0,0,0
orm_train_track2_1971,Baaleetti dhibeen 'hin beekamne beeyladaafi namarraan miidhaa geessisaa jira,0,0,2,0,0,0
orm_train_track2_1972,@USER Yoo Impaayerittiin mirga keen siif kabaja jette Amiin/Ameen/Leel jedhee buliifiim.Falli jiru BIYYA OROMIYAA ijaarrachuudha!,0,1,0,0,0,0
orm_train_track2_1973,@USER Du’a sodaata . Karaa biraa ammoo jarri tokkuma,0,2,0,0,0,0
orm_train_track2_1974,@USER Dhugaa keeti.Rabbi itti haa tolu.garuu gargaarsi kuni hammam dhgummaan maatii isaa bira ga'a kan jedhu shakkii qabna.saamtonni maqaa goota kanaan saamuu feetu hedduu dha.adda nuu baasaa akka maatii ijoollee isaa gargaaraman haa godhamuu,0,0,0,0,3,0
orm_train_track2_1975,Paarisitti dorgommii Olompikii dursee weerarri geergoo yaaddoo guddaa uume,0,0,0,0,0,0
orm_train_track2_1976,@USER Yaadoofaa sodaataa hiriyaateetu ummata ofii qabatee ofduratti tarkaanfata Ati sodaa Abiyyi jecha ummata kee fixxaa?,3,0,0,0,0,0
orm_train_track2_1977,Galooo bayeee baredaaa erga   oromooon barbaduuu waaan nuuuf dabarsiteeef galatooomiii hadhokooo bayeeen Siii kabajaaa ijaraaa nuuu hafiii,0,0,0,2,0,0
orm_train_track2_1978,itttiiiqaaa Entertainment  yerooo bayeeee sirbooota afaaan oromo maqaaa sirbatiiin yo search godhamuuu bakkka heddduttti fafacaaaaniii argamuuumaaaliiif copywritepatent right akkka kabajamuuu hin godhamu abbban barbaaade akkka barbadeeettti page abbba qabeeenyaaa irrra copy godhe bakkka barbadeeettt,0,0,0,0,0,0
orm_train_track2_1979,5/5 torban sadii duradha . Isaanis immoo jaldeessi yoo rukutamte gatanii hin deeman irratti wareegamanii reeffa jaldeessaa fudhatu Walumaa galatti impaayerri kun kan durii irra hojii seexanaatiin badhaadheera.Uummanni keenya akka amantaa keessaniitti saba keessaniif kadhadhaa #BCa URL,0,2,0,0,3,0
orm_train_track2_1980,Mootummoonni Biyya alaa akkuma tigray keessaa waraana baasa jedhanii iyyaan Seenaa Nageenya tasgabbeessa jedhanii wawwaachuun isaani Hin oolu . URL,0,0,0,0,2,0
orm_train_track2_1981,irrra dibbba irrra dibbbaaaulfaaadhu goootakooo,0,0,0,2,0,0
orm_train_track2_1982,Sababni Abiy ajjeesaa jedhee ajajeef akka ummatni yoo baane nu ajjeesan jedhuuf akka tahe odeeffannoo qabatamaan qaba . Ummata sodaa keessatti uumee jilbiiffachiisuurratti hojjataa jira . Hamma fedhe yoo ajjeese yoo hidhe nuti Oromummaa keenya ofirraa mulqinee bitamuuf qophii 3/4,3,0,0,0,0,0
orm_train_track2_1983,Dhuga jetttani jiradha barumsa Cima dabarsitan titoki irti bayyye isini hordofna urmi dheradha ,0,0,0,2,0,0
orm_train_track2_1984,uuu waaaeeen dhumaaatiii ilmaaan Oromooo gatiii maleee kun gurrra keeenya duuuche onnneee keeenya nu madeeeche Waaaqayyyooo maleee kan birmaaatuuuf hinjiru Dua gafuuu kanas kan irrraaatiii dhaaabu in argamu Yaaa Waaaqi nu furi meee,0,0,2,0,0,0
orm_train_track2_1985,tigree nafxanyaanis diinuma,0,3,0,0,0,0
orm_train_track2_1986,Eebba Kitaaba #Finfinnee:Bor waaree booda sa'a 8 ijasheetti sagantaa guddaatu qophaa'ee jira . Barreessaa keenya hangafticha #Dhaba_Wayessatu kitaabota ajaa'ibaa lama wal faana eebbisiisa . Galma Giddu Gala Aadaa Oromoo Finfinneetti . Warri Finfinnee Giddu Gala Aadaa URL,0,0,0,0,0,3
orm_train_track2_1987,Jarrriii nuti waliii hin balllesssinuuu jedhaniii maaaltuuu aaarieee isan geeessse ilman oromooo Qoricha isaaani argatan lafa oromooo   samamuuu irrrattti osooo duaniii kabaja qabu,3,0,0,0,0,0
orm_train_track2_1988,Amma wayita Oromoon salphina keessa jiru kanatti ejjennoo kiyya jijjiiruu mannaa du’akoo gammachuunan simadha . Jawaar Mohaammed,2,0,0,0,0,0
orm_train_track2_1989,Diinni Ummata oromoo eenyuu akka tahe ummanni oromootu ni beeka itti himuu malee barsiisu hin barbaachisu kan kun diina keessani nun jedhuu sun eenyuu ture kan isin diina keessani nun jettan kun hoo eenyuu ture hanga nuti diina keenya jennuunitti turaa mee,2,0,0,0,0,0
orm_train_track2_1990,OMN fi kabajaaamtota keeenyaaa Ibrahim birrrufi guuuyyy waaariyyyooo fi hundumtiii keeesssaaan nu jiraaadha baaayeee isin jaaalaaana Sagaaaleee haqaaa,0,0,0,3,0,0
orm_train_track2_1991,Feeenet mattti naf taiii sanyi kooo kabajan si gafadhaaa,0,0,0,0,0,0
orm_train_track2_1992,Waltajjiin marii sadarkaa biyyatti qopheessuun gaarii.Garuu moo madda rakkoo tuqan fala barbaduun yoo qaama karoora marii kana ta'ee haaldureewwaan guutuuchuu qabu guutaachuun ejjata tokko kaayyoo waltaajjiicha nagaa buusuuf kan akeekate ta'a sanin achii saneen sanuma.,0,0,0,0,0,0
orm_train_track2_1993,Oromoo dhumati Walloorati gageefamu yoo dagaate fiixa eebooke karaa kaabatu dooma akasumaati Oromuummaanis badaa adeemti . Goota Oromo Walloo bara 500 ool kophaasa Oromuummaaf du'a bahe hindagatin ciina dhabbadhu . #StopWolloMassacre #OromoVoice,1,0,0,0,2,0
orm_train_track2_1994,Manneen barumsaa Welegas iddoo barattoonni keenya itti baratan ta'uurra darbee iddoo itti wabiiwwan bilisummaa welega koratan ta'eera.Bu'aa lama!Manneen barumsaa Welega galata qabdu! #FreeWelega #WelegaIndependence @USER,0,0,0,2,0,0
orm_train_track2_1995,Awustiraaliyaatti qurxummiin miiliyoonaan lakkaa'aman du'anii argaman,0,0,0,0,0,0
orm_train_track2_1996,Ittti mudddaaa jabadhaaa halkaaan hadhaaa milllion galchaaa,0,0,0,2,0,0
orm_train_track2_1997,Hojiii gaaariiidha,0,0,0,2,0,0
orm_train_track2_1998,jaalalli jiraannaan waayeen durbummaa hin dhamaasin warri dhiirotaa,0,0,0,0,0,0
orm_train_track2_1999,@USER Nama gowan Oromo mitii Atii garuu Oromo ofin hin jadhin malifii kana akaa ketii Oromo tuu hin qabuu karaa waraa sodaa ketii galii malee Oromo jachuu qabduu? Tanafuu sifi gaa,0,3,0,0,0,0
orm_train_track2_2000,Mataa dhiraa jabadhuu biyyittiin Aabbaa malee Aberee hin qabduu Abbaa biyyaa numaadhaa URL,0,0,0,2,0,0
orm_train_track2_2001,Ilmi Joo Baayidan dubartoota hedduu wajjin ejjuu dabalatee waan sadiin himatame,0,0,0,0,0,0
orm_train_track2_2002,@USER Gadheen diinaaf duulti OROMOO dura warri nyaatamu isaanuma diina jala kurkuraa jiru kana !! Of gurguranii sabas gurguruutti jiruu!!,2,0,0,0,0,0
orm_train_track2_2003,arabaattin heeruma jedheen qeerroo sodaadhee dhiise,0,0,0,0,3,0
orm_train_track2_2004,Ummanni musliimaa kan adunyaa Kana hunda irraa jirtaanBaga ayaana sooma hiikaa nagaan geessaanAyaana gaarii kan milkii kan gammachuuIsiniif haa ta'u Eid Mubarak al muslim URL,0,0,0,3,0,0
orm_train_track2_2005,Tishiii dhamaa maaaliii jedha kuni,0,3,0,0,0,0
orm_train_track2_2006,@USER Abbaan Murtii Rabbii Tokkicha Qofa.Dhimma Dhuunfaa Keetii Qofa Irratti Osoo xiyyeeffatte gaariidha.Kan namaa raaguuf kan keetuu hin beektuu.Akka dubbii eegee saree san hin ta'ini obbolee,2,0,0,0,0,0
orm_train_track2_2007,@USER Gurmuun cubbuun haacaaluu galaafatee fi qabsaa'ota gameeyii yakka takka malee hidhe oromoo kumaatamaan hidhee Ajjeesee ramadaan kariim joo jedhu hedduu na aarsa . B/c gurmuu jiraachuu kee hin barbaanne baga geesse yoo siin jedhe si guba . Anyway haqa keenya rabbi haa baasu,3,0,0,0,0,0
orm_train_track2_2008,Pireezidantiin Senegaal Maakii Saal mootummaa diigan,0,0,0,0,0,0
orm_train_track2_2009,finfinnee bitootessa   faanaa broodkaastingi korporeet mootummaan amaaraa walitti bu'iinsa bulchiinsa godina addaa oromoo walloo shawaa kaabaatti mudateen miidhaa qaqqabeef gadda dhaga'ame ibse,0,0,2,0,0,0
orm_train_track2_2010,Shawaa lixaaOna GindabaratittiLeenchichi diina saba oromoo kan taatee waraana weerartuu sirna kufaa kaasuuf wixxifattu iyyisiisaa jira ganamaa jalqabee#OromoLiberationArmy URL,0,0,0,1,0,0
orm_train_track2_2011,Please namooota akkka zinnnaaash olaaaniii dhalooota dhufaaa jiruuuf fakkkeeenya gaaariii tauuu dandaan garuuu   hireee dhabuuu irrraaa dhokatan nuuuf diyeeesssaaa  Galatooomaaa Gammmadaaa show,0,0,0,2,0,0
orm_train_track2_2012,Oduu Media Ko:// Humni waraana mootummaa oromiyaatti namoota hedduu ajje . URL via @USER,0,0,2,0,0,0
orm_train_track2_2013,Yaw akkuma isinuu beektan barri nuti keessa jirru kun bara dhumaati . Bara dhumaa keessa rakkoo hedduutu jira . Rakkoo kanammoo dandeettii nama dhuunfaatiin keessa darbuun hin danda'amu . Gargaarsa waaqaatiin malee . Atii fi maatiin kee taateewwan hammeenyaa garaagaraa jala dabartani URL,0,0,0,0,1,0
orm_train_track2_2014,Daniel Kibirit dandeeeti hinqabdu Afuuuftuuu sobduuudha Afaaan nafxanyaaa  Amahaaaraaa waaan akkka gaaariiittti dubbbatuuuf dandeeetiii waaan qabu isinittti hinfakkkaaatin Namtitttiiin zeeerooodha,0,3,0,0,0,0
orm_train_track2_2015,Wow MashaAlllah Rabi irrraaa galata argadhi,0,0,0,2,0,0
orm_train_track2_2016,itoophiyaa diigu amaaraa ilaalcha hamaa nafxanyaati,0,3,0,0,0,0
orm_train_track2_2017,#Oromoo wol nyaachuu dhiisii #damaaqii namtiin kun #woraanaa biraati labsaajirtii #nafxanyaan xiiroftuun kun #amantii dahoo godhaatee biyaa #shororkeessaa jirtii URL,0,3,0,0,0,0
orm_train_track2_2018,Fanttti teee haaa badddu badaaa diqalaaa,0,3,0,0,0,0
orm_train_track2_2019,Gaaffii kanaa kan humna ta'e hojii Jawaar Baahir Dar dhaqee orma gammachuusuuf waliin dhahee deebe sana ture . URL,1,0,0,0,0,0
orm_train_track2_2020,gosoota afoolaa oromoon ittiin beekamu keessaa sirboota aadaa kanneen hellee hellemmaa mirrigaa geerarsa daragsii shaggooyyeefaan quuqqaa gammachuufi mudannoosaa ibsata,0,0,0,0,0,0
orm_train_track2_2021,.Nafixaanyaan sodaa guddina lafa wareerraa jirti . Yoo qootee bullaan . qawwee qabatee reebanitti harka fudhaatu . Oromon klaashii tokko harka hin qabu kuni wanti ibsuu akka Nafixaanyaan ilma Oromo sodaatu . uleen daboorro dheeraa fi .,0,3,0,0,0,0
orm_train_track2_2022,Lola waraanaa Tigraay: Wal'aansoo ogeeyyii fayyaa namoota miidhaan saal-qunnamtii irra gahe yaalan,0,0,0,0,0,0
orm_train_track2_2023,rakkkoo hin qabaatin atis gaafa tokkko cidhaan xabbasanii nyaachisuu dhalticha saree gandaa nanna,0,3,0,0,0,0
orm_train_track2_2024,irreecha sirna kadhaa galata waaqaf godhamuudha,0,0,0,0,0,0
orm_train_track2_2025,US xiyyaara waraanaa haaraa raadaariin ala balali'uu fi boombii nikularaa darbatu omishte,0,0,0,0,0,0
orm_train_track2_2026,Namni Oromoo taatee Qawwee Ormaa baate Si gaafata seenaan Yoo saba keen waraanteMusxafaa Huseen ta'i ufiin beekiiWaraana baatte Ummataan eegiDhaamsaa Artist Keekiyya Badhaadhaa Poolisoota Oromoo dhame hin dagatina jechaaf! URL,0,0,0,0,0,0
orm_train_track2_2027,Taaauuun dhorkaaadha goootasabaaa furtuuudhaaa dhiiirrriii masara moootummmaaaf haqa keeenyaaaf nifalmannna freeeBilisummmaaa oromoprotest freeejoharmuhamad freeehamza justicefor acaluuu aaarsaaa barbaaachisu nikafallla,3,0,0,0,0,0
orm_train_track2_2028,Nuti amma boodas nyaachuuf hin jirru salphina akkanaaOromoon erga ilmaan isaa 5000 itti dhabee kumni 20 ol ittimadaa'ee jijjiirama fidee booda hiree akkanaa mudachuusaaarguu caalaa # du'uu filanna . Jawar Mohammed URL,0,0,0,0,0,0
orm_train_track2_2029,Abbootiin Amantaa Itiyoophyaa guyyaa 5 sooma kadhana Waaqaafi godha jechuun akkuma baratame Jewaariin nuu ajjeesi TDFfi WBO laafis ka jedhu ta’a . Worana dugugga sanyii warra gargarandha The same religious leaders who were/are supporting genocidal war Against Tigray&amp Oromo people URL,0,2,0,0,0,0
orm_train_track2_2030,Wellluuu baaareeeda jabaaa namaaa jabaaadhu,0,0,0,2,0,0
orm_train_track2_2031,Dargaggoota Magaalaa Amboo hawaasa magaalatti harka dhiqsiisuun weerara Vaayirasii Kooroonaa ittisuuf hojjachaa jiran . VOA/Naakoor Malkaa URL,0,0,0,0,0,0
orm_train_track2_2032,meee ilaaalaaa abbbaaa qaaabeeenyaaa Amharaaa Fanooo hidhaaachiiisaaa Abbbaaa qaaabeeenyaaa oromooo Boyeee hadhaaasheee Qerrrooo hidhaaachisuuuraaa qaaabeeenyaaasheee dhiiisteee dhummmaaa jiiirtiii Abbbaaa qaaabeeenyaaa Oromooo Abiyiii yooo deeegerteeesiii fanooo dhan Ajeeefaaamunkeee inaaafuuu meee illlaaa Aboootiii qaaabeeenyaaa wolllagaaa,3,0,0,0,0,0
orm_train_track2_2033,Sodaadhaa hojjedhaa . Qilxuu keessaa kee wajjin hojjedhu akkasitti guddatta . Yoo kufte ammas ol deebi'i . Sodaa gidduutti tarkaanfii fudhachuun ofitti amanamummaa uuma hamma sodaan sun badutti eeguu miti.,0,0,0,0,0,0
orm_train_track2_2034,@USER Baga Gammaddan gammanneera . Bara hojii gaarii,0,0,0,3,0,0
orm_train_track2_2035,Akkkamiti argachuuu dadaama pls dhalaaa barbadaaa,0,0,0,0,0,0
orm_train_track2_2036, Nattti sirbuuudhaaaf haaadddattte nyaaara Nan sirbaaareee galman ijaaara,0,0,0,0,0,0
orm_train_track2_2037,Jawar mohmmed Biltsiginnaa du'a irraa oolchuuf jedhee qabsoo Oromoon lafee itti caphe hin ajjeesu jechuun manguddummaa Abiyyi itti erge biyyetti laaqe . #Jawaar URL,0,0,0,2,0,0
orm_train_track2_2038,.Koolfii dubii baaleessaJechii Opdo quufteeJechii Waayyaanee quufteeBiyya namaa baaleessaTullu namaa qaarrsissakuyyuu namaa dhaansissaMullluu namaa nyaachissaRakkoo namaa baayiissaSaree namaa taasissaBiyya namaa faageessauddu namaa dhaabsissa(du'aa),0,2,0,0,0,0
orm_train_track2_2039,Biyyoota meeqatu adabbii du'aa hojiirra oolchaa jira? Namoota meeqatu ajjeefame?,0,0,0,0,0,0
orm_train_track2_2040,gochaan qeesonni nurraan geesse bara minilik duraa jira,0,2,0,0,0,0
orm_train_track2_2041,Gazeeexesitooonnniii oromooo hundiii keeesssaaan rakkkinaaa cimaaa qabduuu gafffiii nama gafatttaaan ilaaalllaaadha   sirbaaa isaaaf sirbaaameee hundaaa kabaja innniii nama beeekaaadha jalllaaatamaaadhas kamiiin akkkaaa filatuuu barbadddeee Ati namichi gammmaaada jedhamtuuu kun guyyyooo wariyyyooo hin tahin,3,0,0,0,0,0
orm_train_track2_2042,"@USER Maqaa dhamoo oromoo kabajaa Jaraa sodaa dhisii Atii Anaa""jiruu jimma naxuu bekii",2,0,0,0,0,0
orm_train_track2_2043,Finallly our beloved artistes   are breaking their silence that is what we neeed at this time GALANA GAROMSA dhigni HACAAALUUU HUNDESSSAAA siiin dheeekkkama hin calllisin lubu maaal abbbashe bokenu nama ajjjesti Hidhaaa maaal abbbasheee mandelllanuuu yerooo 7 hidhame maaal sodaaannnareee qeeerrro JAMB,1,0,0,2,0,0
orm_train_track2_2044,What generation hhh dhugaaa namattti tola jabaaadhaaa Garuuu ijooollleeen hatttuuu taaateee hojjjetttu sun osooo foooyyyesssani gaaariiidha Sababni isaaa fiiilmiiin tokkko yerooo argamsiiifamu taaaaniii argamuuu qabu isaaanimmmooo xiqqqooomallleee fakkkeeesssuuun ittti ulfaaacha jira Leeenjiii gaaaa osooo qabaaataniii ka,0,0,0,2,0,0
orm_train_track2_2045,ustaaz raayya jaalala qabu akkamitti akkan ibsadhun wallaale baayyee baayyeen jaaladha wallaahi yaa ustaaz raayyaa lubbuu fidaa taatu onnee jirtani ,0,0,0,3,0,0
orm_train_track2_2046,Koronaavaayiras: Qaamooleen gareen yakka raawwatan weerara Covid-19'tti fayyadamuun hawaasa hawwataa jiru URL URL,0,0,0,0,0,0
orm_train_track2_2047,@USER i fear ayyaana irreecha kana ille covid sababa gochuun akka dabre dirqiin nurraa dhaabu mala!gaafa kan jara covid rakkina miti gaafa keenya garuu.mee rabbi ittiin nu haa ga'u!,0,0,0,0,3,0
orm_train_track2_2048,Ergan dhaladhee ofbeekee hinuman boo'a yoo xiqaate waggaa 25 boo'era . Boo'chaafan dhaladhe natti fakaata gabrummaatu naboochisa . Anni kanan jedhu waqumittii Maqalee ji'a 8tti abbaaf deebisee finfinnee akkamitti waggaa 150 abbaa deebisuu dhabe laata?,0,0,3,0,0,0
orm_train_track2_2049,Abbbooo GUYYYOOO Hara irrra caaalaaa kolfaaan naqolte akaaakayyyuuun kiyyya Booorattti Looon tikfataaa jiru sunuuu ,0,0,0,2,0,0
orm_train_track2_2050,ergamtuu seexanaati doomaa wanna sammuu qafoo maraattuu nama hidhu dhabde,0,2,0,0,0,0
orm_train_track2_2051,mootummaa hin barcuma sagaxee ilma miniliki argaa keetuu jibbine  harree sammuu duwwaa maalitti beekta waayee irreechaa du'aa bara dhufu du'a taskaara keetii malkaan abaarre deebisin waaqni oromoo  hin barbaannu galtuu abiyyi must go ,0,3,0,0,0,0
orm_train_track2_2052,Oromon nama dubbatuf dhabeeMalee yoom du'u dhiiseWalloo koo reeffi bineessi nyaateWallagga koo waan ilmaa nama irratti hin rawwatamin irratti raawwatame Shawan koo afaan qabame akka hin duubne osoo du'aa jiru osoo qabeenya saniiSamamu #justicesForOromiaURL,0,0,3,0,0,0
orm_train_track2_2053,. dura Abiy Ahmed Tigree jalaa waggaa 27 kaate hambbaa nyaate afaan eessan barree gaafa Tigreen kuftuu arsaasaa fi beelaan fixa jira . kana kani Abiy Ahmed saree abba wajjiin duultee kani eessa fakkeessu . Oromiyaa yookani du'aa lafti Oromo iddoo,0,3,0,0,0,0
orm_train_track2_2054,Waaan gaaariii hijjjachaaa jirta kana caaala akkka jabaaattte hojjjatuuu sirrraaa eeegna,0,0,0,2,0,0
orm_train_track2_2055,@USER Hojii gaarii yoo hojjetan jajjabeessuun hojii yaraa yoo hojjetan qeequun dirqama bari,0,0,0,0,0,0
orm_train_track2_2056,Wantoota ajaa'ibaafi hin dagatamne yaa'ii UN irratti mudatan,0,0,0,0,0,2
orm_train_track2_2057,Oromo dhifama amara jechun uddduuu jechudha galata hin qabdu,0,2,0,0,0,0
orm_train_track2_2058,AfrikaaaAwwwala Rooobart mugaaabe yerooo 3fffa irrrattti waliii gala ufffata adiii meeetira 2 qofan yotae kun gaaatiii hin qabu salphinaaa moootummmata hundati Aniii kan sadafffan filadha,0,0,0,0,0,0
orm_train_track2_2059,Adddeee Aisha Gobana intallla goootasaaanyiii gooota yommmu goootummmaAbbba keeetu gooota goooticha badddaaa Baaaleee We love you Ayyyooo teeenya ,0,0,0,3,0,0
orm_train_track2_2060,@USER Du'a Oromoo irratti baacaa jiru malee du'uun waan jiru du'anii dhugaa dhabuun ammoo gadadoo salphinaati . &gt Carraan Oromoon qabdu qawwee qofaan falmachuu dha . Kanas diinaatu godhe haa galatoomanii.,2,0,0,0,0,0
orm_train_track2_2061,Wow qulqulllina hedddu bareeedadha,0,0,0,3,0,0
orm_train_track2_2062,@USER Namni shira Abiy osoo inni lafa hin ga’iin hubate Dawud Ibsaa fi Jaal Marroo qofa . Warri kaan haga inni dhufee manaa isaan funaanuu calqabutti homaa hin fidu jechaa turan . Amma gootota hidhaman hunda afaan nafxanyaa irraa haga baasnutti fincila itti cimsuu qabna . Karaa hundaan!,2,0,0,0,0,0
orm_train_track2_2063,Ajaa'iba abiyyi kana addunyaanu jibbite yaa Rabbi haqa hidhamtoota keenyaa nuuf baasi #FREE JAWAR MOHAMMED #FREE BEKELA GERBA # JUSTICE FOR HACHALU HUNDESA#FREE ALL POLITICAL PRISONERS,0,2,0,0,0,2
orm_train_track2_2064,@USER Baga walumaan geenye Biyya keenya Oromiyaa irratti haala ajaa'ibaan kabajanna bara dhufu bilxiginnaa ofirraa qilee buufnee,0,0,0,2,0,0
orm_train_track2_2065,Salaalee!Tolii Lammaa dhalootaan godina Salaalee aanaa warra Jaarsootti dhalate dhiisi jennaan dide herregni bu'eera! Amma reeffa isaallee fudhuu sodaatan . URL,0,0,0,2,0,0
orm_train_track2_2066,Aanichuma jala aanaa Warra Jaarsoo magaalaa Ooseetti tarkaanfii laalessaa fudhateen weerartuu waraana PP 17 ol du'aan adabuun 7 madeessuun meeshaa hedduu booji'uus gabaasee jira.,0,0,0,2,0,0
orm_train_track2_2067,Eertiraanis amma biyya taatee akka 'mercenary'tti Itoophiyaa biyya abbaa hin qabnetti duulte.,2,0,0,0,0,0
orm_train_track2_2068,Injifannoo WBO Lixa shawaaOna JIBAATARADDAA MOLUU FALLEETTI leenchichi diina saba oromoo kan taatee waraana bilxiginnaa akka baalaa harcaasee jira koloneela tokko dabalatee . #OromoLiberationArmy URL,0,0,0,2,0,0
orm_train_track2_2069,@USER Siifana jira Dr jaalala Abbaa Afrikaanoota,0,0,0,2,0,0
orm_train_track2_2070,Talaalliin Covid-19 bu'aa sobaa mul'isu akka hafu taasifame,0,0,0,0,0,0
orm_train_track2_2071,@USER Ahaa soba maalii qaba kun ilmaan haadha . kadhattuuu duwwaa kana:mee aariikoo ginfil hin godhin,0,3,0,0,0,0
orm_train_track2_2072,Amiin Husseen sirbaa bayyee bareedaa qabatee dhufee jiraa simadhaa LikeShareSsubscriber Godhaa,0,0,0,0,0,1
orm_train_track2_2073,Ummanni rakkoo Hoggansaatiifii bulchinsa gaarii isa mudatu kamuu saaxiluun tarkaanfiin sirreeffamaa akka fudhatamu gochaa mirgasaa kabachiifachaa itti fufuu qaba . Taayyee Danda'aa Dubbi himaa waajjira ODP Jiddugalaa!,0,0,0,0,0,0
orm_train_track2_2074,Garuuu kan nadhibu yooom   baratttoootaaafi Ummmata oromooo dua irrraaa hanbisuuu dandeeesssu Ani bara 19992 irrraaa eeegaleee hanga 2016 akkka   ALIttti Nama maqaaa ABOtiiin Miiidhamaaa tureeedhaAmmmas barsiiisaaa qophaaainaaatiGaruuu ciminnniiifi dandeeetttiiin waaaqayyyo naaaf kennneeen buaaa tokkkoooyyyuuu argac,3,0,0,0,0,0
orm_train_track2_2075,Leeenca taeee dhaladheeen Kodhooollleeemmmooo taaaareee Namni bakakkkaaa beeeku Dibbbeee dhaaannnaaan naaaareee Na nyaaartullleee hin nau gonka Dhugaaa irrraaa maaaltu na dhorka Eesssattti kufe namni dhugaaaf guuule Galgala hin tolu namni sobaaaf duuule  Obsi daaangaaa darbu qaba Harki bokkkuuu qab,0,0,0,0,0,0
orm_train_track2_2076,Warraaqsi Diddaa Weerara Minjlik jabaatee itti fufe!.har'a Godina harargee Onoota akkaCinaksan Qobboo haromaya karra millee Qarsaa fi calanqootti Uummanniif QBO'n itti muddamaa jira jedhame . URL,0,0,0,0,0,0
orm_train_track2_2077,@USER Jechi Ayyaana jechu hiika baay'ee qabaachuu danda'a . 1 eebba 2 kabaja sagantaa/yeroo addaa 3 carraa-qabeessa,0,0,0,0,0,0
orm_train_track2_2078,Namaaamiiidiiiyarat gaduuumaleeebahuuun hiiinfeeesiiifneeejira wahiii ifbeeeytaaaniii namakofalchiiisuuuf   takkkaaabashaaanansiiisuuuf   gabahuuuqabdaaaniiin iiisiiiniiidhamaaa,2,0,0,0,0,0
orm_train_track2_2079,oromoon tigroota jibbuu hin qabnu,0,0,0,0,0,0
orm_train_track2_2080,bara nafxanyaan oromoon shororkeessaadha jedhame jirra,2,0,0,0,0,0
orm_train_track2_2081,Oromoon bakka jiruuttii akka bineensaattii humna PPn dhumaa jir.kuun gabaasaa BBCti.Godina Shawaa Lixaa Aanaa Daannoo ganda Adilaa Daallee jedhamtu keessatti haleellaa hidhattoonni jalqaba torban kanaa raawwataniin namoonni 13 yoo ajjeefaman manneen 97 gubachuu bulchiinsi Aanaa,0,0,2,0,0,0
orm_train_track2_2082,Oromooon amaaantan adddan qodu warrriii bare yaaado hamaaa keeesssa galani jiru,0,0,0,2,0,0
orm_train_track2_2083,Gad bahaa Dhagaa darbadhaa jechuufiis dullaa mootummaa sodaanna Lakkii mootummaa kana bira dhaabbadhaa jechuufiis rakkoo keessa jirra #Prof_mararaa,0,0,0,0,2,0
orm_train_track2_2084,diina amaara haga sodaa dhiisnu haqni abbaaf hin deebi'u,2,2,0,0,0,0
orm_train_track2_2085,Hambaan bineensa durii guddaafi sodaachisaa ta'e Arjantiinaatti qotamee bahe,0,0,0,0,0,0
orm_train_track2_2086,.Manni Kiristaanaa Ortodoksii Amaaraa akkamitti luboota baay’ee sodaachisoo fi jibbaa ta’an oomishuuf dandeesse? URL,2,3,0,0,0,0
orm_train_track2_2087,Oromiyaaan Gaddda Lapheee Nama cabsu Kan yooomuuu Argiteee hin beeekne keeesssa erga galteee Wagggooota Lakkkooofsifteeettti Ilmooon ishiii sababa gaaaa tokkko maleee Ajjjeeefamuuun hin awwwaaaltan jechuuun Bineeensi fuuuldusaaattti nyaaatasalphinnni kanaaa oliii maaaltu jirareee Daaangaaan Oromiyaaa kan bara Mooot,3,0,3,0,0,0
orm_train_track2_2088,@USER baga gammaddan maatiin hundu! @USER nutis hedduu gammanne!ija hamtuu sirraa haa qabu @USER,0,0,0,3,0,0
orm_train_track2_2089,Konkolataan shiftoota battee gara Lixatti imalaa jirtu kun sodaa guddiina afaan qawwee karaa foddaa konkolataa gara alaatti yaastee imalaa jirti . URL,0,2,0,0,0,0
orm_train_track2_2090,allahamdulillah galata waaqa,0,0,0,2,0,0
orm_train_track2_2091,"Duruu ""Dheedhiif salphina hin quufani"" jedha Oromoon . Ammallee salphadhaa nama keessaa . URL",0,3,0,0,0,0
orm_train_track2_2092,Yaaadni keeesssan gaaariii dhaGaruuu barsiiisaaan yerooo qabxiiin gadi bue koootttu jechuuun isaaa baaayeee namattti tolaBarsiiisotni ooolmaaa gaaariii osooo isiniiif ooolan isin immmooo waaan xixiqqqooo akkkasiii diduuun safuuu dha Garuuu barsiiisota hunda haaala wal fakkkaaatuuun ibsuuun sirrriii miti,1,0,0,1,0,0
orm_train_track2_2093,"Dubbii baayyee nama gaddisiisudha.Dubbiin Oromoo kun gara tokkotti raawwii argachuu qaba.""Gara-jabinni kana caalu jiraa garuu?Uummanni Godina Horroo Guduruu Wallaggaa aanaa Amuruufi Jaartee Jaardagaa yeroo ammaa rakkoo hamaa keessa jiru . Qe'ee isaaniirraa ari'amuuniiru! URL",0,0,2,0,0,0
orm_train_track2_2094,@USER Abbaa gadaa kan nuti filanne bara darbe nujalaa ajjeesaniiran garuu gaafasuma gumaan isaa baheera innis waraana baayyee kuffisee kufe ergasiihis ummanni gumaa baasee jira . Gumaafii haqni hin du'uu hin dulloomu jedha walloon.,3,0,2,0,0,0
orm_train_track2_2095,@USER taateen aduu har'aa jijjiirama sirnaa yoo kan akeeku taate Rabbi waan gaarii nu haa dhageessisu.,0,0,0,0,1,0
orm_train_track2_2096,Raashiyaan miseensota Nato maallaqa hin kaffalle akka haleeltuuf 'nan jajjabeessa' jedhe Tiraamp,0,0,0,0,0,0
orm_train_track2_2097,Raajiin Raajii hojjate gosa barnoota 60n A charjii fiduun Yuuniversitii ASTU irraa guyyaa har'aa Badhaasa Laptop Birrii Kuma Shantamaa medaliyaafi Wancaa Ministera Detaa Ministera Mallaqaa Dr.Eyob Tekalenyi irraa fudhate URL,0,0,0,0,0,2
orm_train_track2_2098,Koronaavaayiras: Itoophiyaatti qorannoon Covid-19 reeffarrattii taasifamu dhiifamuun ibsame,0,0,0,0,0,0
orm_train_track2_2099,safuu atis nama taatee jawaariin qeeqxa mitii ayii,0,3,0,0,0,0
orm_train_track2_2100,Hoggaansi olaanaan paartii Baaldaraas kan ta'an obbo Iskindir Naggaa dabalatee namoonni galmee isaaniin waamaman afur mana murtii olaanaa federaalaa lidataa dhaddacha farra shororkeessaa fi dhimmoota heera mootummaa ramaddii 1ffaatti har'a dhiyaataniiru.URL,0,0,0,0,0,0
orm_train_track2_2101,Hiriyyaa hiree gaarii Bohaarsituu guyyaa aarii Birmattuu gaafa lolaa Sifaarsuun natti tolaa,0,0,0,2,0,0
orm_train_track2_2102,Ilmaan bofaa ilmaan Oromoo mana irratti gubde . Ishoo baga! Ilmaan bofaa ilmaan Oromoo qalte . Kunis ishoo baga! Oromoon kan Magaalaa keessa ciisee boo'ee boossisu malee kan lolee lolchiisaa jiru muraasa qofa qabdi . Boo'ichaaf taanaan dunkaana bitadhu.,3,2,0,0,0,0
orm_train_track2_2103,Ashamaaa jiraaa jirtuuu   isiiin qaqaaaliwan   namaaa   ijaf guraaa   umaaataaa   omn   ,0,0,0,2,0,0
orm_train_track2_2104,addi biliisummaa oromoo ibsa baaseen badhaadhinaan abdii kutateef daa imman waraana bu hin qabneef bobbaasee yakka hamaa raawwachaa jira jira qeeqe,0,0,0,0,0,0
orm_train_track2_2105,Galata Waaqaa Nimoonaan Urgeessaa erga Abiy dhufees yeroo baay'ee hidhamee waan tureef hidhanii achi buutee dhabamsiisanii se'een gaddaa ture Edaa Kormeen Jajjabee tahee kokkee diinaa qabaa jira.Mirgaan nuuf galaa URL,0,0,0,3,0,0
orm_train_track2_2106,Aanga'oonni mootummaa ajjeechaa abbootii Gadaa Karrayyuurratti 'wal saaxilan',0,0,0,0,0,0
orm_train_track2_2107,Hiriyyyaaan badaaan namaaa ballleeesssaaa ,0,0,0,0,0,0
orm_train_track2_2108,Xiroooftu Abiyyyi kaaasuuuttti ofiii badaaartu abaaaramtu ammma nafxenyaaa hin geeesssu,0,3,0,0,0,0
orm_train_track2_2109,Omn  Kabajaaa dhabaaa dhufa jira  Nama tokkko kan Ogummmaaa qabu as baaase  Bifa tufffiii ykn maqaaa kabajaaa dhawwwatttaniii yerooo isiiin haaala kanan waaamtan   Heduuu akkka beeekaaa Oromooof bakkka hin qabne arga jirrra,2,0,0,0,0,0
orm_train_track2_2110,Dhalonni Abiyyin Ajjeessa jiruu Dironii hojjate Addunyaa birati bekkamti argachuu qaba.Motummaan Ethiopia dhaaloota Beekkamti Qabuu fi dandeyti waa kalaquu danda'u irbata rasasa godhee fixee . kun argamuun waan guddadhaa . URL,2,0,2,0,0,0
orm_train_track2_2111,Manni Leenjii sportii L-lianje chinese wushuu jimma guyya hadhaa leenjifamtoota hedduu sadaraka hidhannoo beeltii adda addatiin eebisiiseera . Eebifatoota keessaa jaallewwan akka Tamikiin Muhidinii fi Masuud Saadaam viidioon isaanii kana baga ittiin isingahe! Congratulation! URL,0,0,0,3,0,0
orm_train_track2_2112,qinxiirii harreen salu xirooftu wayiidha,0,3,0,0,0,0
orm_train_track2_2113,Jawar OSAn akka hin argamne dhorke.Jawwee ni sodaatti Shaneen OSAn ammoo dhaabbata Shaneeti waggaa 30 research rakkoo uummata Oromoo hin furre hojjechaa turan Shaneenis waggaa 40 qabsoo bu'aa hin fidne irra turteJawween ammoo nama waggaa 3tti jijjiramaaf karaa tolche,2,0,0,0,0,0
orm_train_track2_2114,Kaaana ajjjeeesssani gantuuu amara lolu,0,3,0,0,0,0
orm_train_track2_2115,Jaleleeenkooo akaaa yerooo hamaaatiii dartuuu jedhamtiii kanafi malijeeetuuu,0,0,0,0,0,0
orm_train_track2_2116,Duuuuma oromooo dhagahuuu namaracheee hossso oromooo ajjjeeechaaa isaaarati rawatuuu inisi ajjjeeechaaa waaala fakkkatu rawateee akkkanati hinsalphatu ni kabajamaaa tureee ajesssu nisodaaata tureee dinnni,0,0,3,0,0,0
orm_train_track2_2117,saree maraattu kosiin waayee amantaa maalitti beekti,0,3,0,0,0,0
orm_train_track2_2118,Mariiin rakkkooo furuuuf gaaariii Tokkkummmaaa sabdaneeesssuuummma a hojiii qabatamaaan kana,0,0,0,0,0,0
orm_train_track2_2119,Galii godhanii jiru ijoollee Abbaa Caaliitti . Asuma guuraa taankiillee taatu jennee waamicha dhiyeessineefii jirra warra hafaniifis . URL,0,0,0,2,0,0
orm_train_track2_2120,mee oromoon intarneetii jirtan haacee waliif qooda roobsa nafxanyaa garaa gubaa,0,3,0,0,0,0
orm_train_track2_2121,Barataan Oromoo tokko ajjeefamuun hiriyaan’saa reeffa baachifame URL URL,0,2,0,0,0,0
orm_train_track2_2122,Ashamaaa jajjjabeee   oromo ,0,0,0,1,0,0
orm_train_track2_2123,galgala hin toltu namni sobaaaf duuule waaay yaaa jiru teeenya keeep going bro sangaaan usnaaan iyyyite qacccen  beeekaaa riphnaaan dhaaadattti dawwwen,0,0,0,2,0,0
orm_train_track2_2124,@USER Enyuu filamaa enyuu filataa oromon hoo karaa keettin Ajefammaa jira moo war ummata sodaa kee walin dhaa,3,0,0,0,0,0
orm_train_track2_2125,Dhumne kolfan,0,0,0,3,0,0
orm_train_track2_2126,Oromooo tiiiyaaa ngaaa keeesssaaaniii,0,0,0,0,0,0
orm_train_track2_2127,#OBN Hiriirri garee shororkeessaa TPLF fi Shanee balaaleffatuu fi Raayyaa Ittisa biyyaa deeggaru Magaalaa Harar Istaadiyeemii Imaam Ahmaditti bahameera . URL,0,0,0,0,0,0
orm_train_track2_2128,Bollaa keessan dadhii haa guutu . Yaa du'a . URL,0,0,3,0,0,0
orm_train_track2_2129,Ummata baroota dheeraaf Waliin jiraataa turee fi waliin jiraataa jiruudha.haaluma kanaan Humni shoororkeessaa TPLF kun Saboota Obbolaa waliin jiraataa jiran kan diina walitti godhuudhaaf halkanii fi guyyaa Ajjeechaan Jumlaa Saba Amaaraa Affaarii fi Oromoo walloo irratti raaw'ataa,2,0,2,0,0,0
orm_train_track2_2130,Maanguddoon ganna 90 gosa Covid-19 lamaan al takkaatti qabamuun du'an,0,0,0,0,0,0
orm_train_track2_2131,kana booda gonkumaa hojii hin qabaattan ani mirkaneeffadha isin barreessitoota gowwaa URL,0,2,0,0,0,0
orm_train_track2_2132,hhh hojiii keeesssaaan nyaaadhaaa kolfaaan garaaa nu dhukkkubeee jabadhaaa heddduuu namatttiii tolaaa ,0,0,0,3,0,0
orm_train_track2_2133,qeesii basaastuu nafxanyaa ilaalaa uummata musliimaa waayee amantaa mari'achaa jiru kumaan lakkaa'amu seenee basaasuu qabame,0,3,0,0,0,0
orm_train_track2_2134,Hama #summiin maqaa tokkumaa itoophiyatin biifamu buqqa'e baduti itoophiya fi ummani itoophiya nagaan jirachun rakkisadha.wanti eenyule bekku qabu itoophiya fi ummatota itoophiyati #summii nagenya fi tokkuma biifaa kan jiruu warra maqaa tokkumma itoophiyatin daldalu#AbiyMustGo URL,0,2,0,0,0,0
orm_train_track2_2135,Nuf jirrradhu hadhaaa looonnniii,0,0,0,1,0,0
orm_train_track2_2136,Seenaa keessatti Oromoo gootuummaan kan mohe hinjiru . Diinonni keenya kana waan beekaniif Oromoon Oromoo cabsuuf hedduu tattaafatu . Oromoonni waraana Itoophiyaa keessa jirtan shira diinaa kana hubadhaa . Saba keessan ajjeesuu dhiisaa . WBO gargaaraa.#OromoVoice #StopOromoGenocide URL,2,0,0,0,0,0
orm_train_track2_2137,uuufff garan obsuuu na dhabeee xumuruf,0,0,1,0,0,0
orm_train_track2_2138,Dinqidha Yaaa lammmiii Kooo waqayyyooo hamaaa irrraaa galooo haaa eguuu,0,0,0,0,0,3
orm_train_track2_2139,Mariii kana yerooo hunda akkkas taaaneee dadhabneee utuuu hintain humna ijaaarrrannne   qabsottti jiraaachu keeenya ibsaaa Haaamile walbusuuun gaaariii miti Waaaeee OPDO wagggaaa heddduuu irrraaa dubbbachaaa turrre Wannna harrra waaan irrraaa jijjjirama hinagarrre   Tufffatttani bira dabartani toftaaa biraaan utuuu,1,1,0,0,0,0
orm_train_track2_2140,kolfaaa nuuu fixeee hirkooo dhugaaa rabbbi,0,0,0,2,0,0
orm_train_track2_2141,Daqiiiqaaan 2 dhumachuuu dideee kaaa ,0,0,0,0,0,0
orm_train_track2_2143,Garuu bakka of eegdetti yoo of arguu dide/siif ta'uu yoo dide,0,0,0,0,0,0
orm_train_track2_2144,my name Nanbooon jedhamaaa barataaa kutaaa 8titi   kan jiradhuuu finfinedhaaa youtube channnali qabaaa subscribeeenaaa tasisaaa malooo subscribe naaaf godhaaa isiiin jaaaladhaisiiin kabajaaa one love oromo,0,0,0,0,0,0
orm_train_track2_2145,Jabduu intala oromoo Amane Badhaasof carra gaariihawwineEebbi keenya si walin jira abdii Rabbiitin ni injifatta URL,0,0,0,2,0,0
orm_train_track2_2146,Jajabadhuuu gooota kooo,0,0,0,1,0,0
orm_train_track2_2147,Namni oromoo taatee qawwee ormaa baatteSeenaan sigaafataa beeki yoo Saba keen waraanteAkka Musxafaa Huseen ta'i ofiin beeki waraana baatte ummataan eegi via Kekiya.,2,0,0,0,0,0
orm_train_track2_2148,Amantiin Islaamaa amaanaa guddaa ta'uu yaadataa jirtuu?Rabbiin ni jedhe:Nuti amaanaa samii dachiifi gaarreen irra (bifa filannootiin) fidnaan isii baadhachuu didanii irraas sodaatan . Namni immoo isii baadhate . Dhugumatti inni akkaan of miidhaa wallaalaa ta’ee jira . URL,0,0,0,0,0,0
orm_train_track2_2149,Maalifi Abiy Ahmed filaanoo soba gageessu haarifata? akka Waayyaaneen waggaa 27 filaanoo moone 100 arganee jechuu fi . kuni kani ibsuu akka jabbiin (Abiy Ahmed) harree(Waayyaanee) wajjiin oltee dhuufuu barrtii . badhaadhaajedhan kuni akka badi tti ta'ee.,0,2,0,0,0,0
orm_train_track2_2150,Adoolessa 26/2013ABUT/Juntaan Dargaggoota dirqisiisanii Leenjii tokkoo malee waraanaatti Ergaa jiru keeysaa Naannoo Affaar Ada waraana Iwa jedhamutti warren harka keennu dhaan/ Booji'amuu dhaan Du'a iraa if olchanidha URL,0,0,0,0,0,0
orm_train_track2_2151,Oduu Gaddaa Hagayya 16 2021 Barsiisaa Moosisaa Lammaa magaalaa Finfinnee bakka Atoobis Taraa jedhamutti har'a waraana mootummaan qabamee Lixa Shaggan Gindabarat geeffamuun ajjeefamuu isaa Keelloof gabaasni ergameMaddi #KelloMedia URL,0,0,3,0,0,0
orm_train_track2_2152,Sirni nafxanyaa Abiyyiin hoogganamu Oromoo karaa hunda lamshessuuf dhama'aa jira . Amma rakkoon kokkee isa qabnaan Oromoo gowwoomsee qabsoo bilisummaa qorrisiisuun Hacee qeerroo fi qotee bulaa kumaataman dhuman nu dagaachiisuu yaala jira . Dinnee didaa! #OromoVoice #AidForOromia,0,2,0,0,0,0
orm_train_track2_2153,Gareen ykn qaamni tokko gaafa Aadaa #Oromoo cabsuu Afaan Oromoo dhiigan as gahe iratti qoosu safuu Oromoo cabsu qaamni dhimmichi ilaalatu osoo dogoggora umameef ibsa gaafate akka sirreeffamu gaafate dhunfaan fb irratti wacuun nurraa hin jiru ture.Fkn gaafa U.S Embassy URL,2,0,0,0,0,0
orm_train_track2_2154,#BARRI 2013 A.L.H #DARBUUF_JEDHA YOO WAAQNI JEDHE!Dhihee nuuf Bari'ee Uumaaf Galanni haa Ta'uuSiin ceene laga kaleessaaSumaan baana gaara isa boruuDukkana har'aa ilaallee yaadan tasa hin joorru.Haala kam keessattuu inni nu waliin ta'e haa ulfaatu! URL,0,0,0,2,0,0
orm_train_track2_2155,Dhugaan lamaa yoo woli biraa dhuftee rakkoodha . Ilmaa abbaan jaalatuuf ilmaa haatii jaalattu taatee.Kan haadhaa jalalaa malee womaa hin gooneef . Kan abbaa nyaphaa galee abaramaa bakka abbaan yaadu gayee . Dhadhaa nyacha dhagaa hawwu irra hadhaa qonnee hhadha haminnaa irra yadu,0,2,0,0,0,0
orm_train_track2_2156,Rakkoo yeroo baay'ee ba'achuu hin dadhabinii.Hangummaa rakkinii baayatuu irreen tee cimsaadhu obsaa kee baayifaadhu.Olee bulee rakkinnii kee ijifatamee gammachuun kee dabalaa deema.Rakkin rakkinaa tahee kan hafuu yoo ati rakkinaa amantee ofitii fudhatee qofaa,0,0,0,0,0,0
orm_train_track2_2157,"Naannoo Amaaraatti haleellaa dirooniin baayyeen ajjeefaman, kaan madaa'an- Jiraattota",0,0,0,0,0,0
orm_train_track2_2158,Nama deegaaf dhalate Lukkuutuu jalaa maseena jedhe #Oromoon yoo makmaaku . Waan ajaa'ibaati kan keenya kun . Waanuma #Gabrummaaf dhalanne wayii natti fakkaataa jira.,0,0,0,0,0,3
orm_train_track2_2159,Hojiii dhabduman ilalchaaa nuti hojiiif qabnutu fidaaa  Whats generation   Arabaaa dhadhaaa diiibaaateee  Fandiii,0,0,0,0,0,0
orm_train_track2_2160,Gootichi waraana Bilisummaa Oromoo Shawaa keessatti akka malee diina haleela jira.finfinne galuun baranuma.,0,0,0,2,0,0
orm_train_track2_2161,Jalqabbbiii gaaariiidha Gammmeee sagaleeen Hirphaaa akkka kan keee hin dhagahamuuu plus mute  taeee jira,0,0,0,2,0,0
orm_train_track2_2162,Sababniii miiidhamaaa keeenyaaa miiidhagaaa keeenyaaa,0,0,2,0,0,0
orm_train_track2_2163,I love you leeencooo fooon hadhaaa kooo ,0,0,0,2,0,0
orm_train_track2_2164,Dhageeffadhaa waan ajaa'iba Oromoon jettu kana . URL,0,0,0,0,0,3
orm_train_track2_2165,Guyyaa kaleessaa Hagayyaa 04 2022 Godina Wallagga Bahaa Ona Kiiramuutti barataan kutaa 8ffaa Addisuu Tafarraa jedhamu oggaa inni lafa qonnaa irraa galu waraanni pp bal’eessaa tokko malee karaatti qabanii ajjeesuun reeffa isaa lagatti gatan . URL,0,0,3,0,0,0
orm_train_track2_2166,Galgalllisaaa hin tolu namni sobaaaf duuuleerga haceee lubbbuuun na marartu,3,0,0,0,0,0
orm_train_track2_2167,Anaafi Gooticha Oromoo Elemoo Qilxuu kan walfakkeessu inni dhukaasa jalqabaa ani dhukaasa ajaa'ibaa(Taajjabbii)kan jalqabaa sodaa malee dhodhoosuu keenyadha . Oromoon Elemoo jaarraa 21ffaa (Beekan Erena) waan qabuuf gammaduu qaba!,0,0,0,2,0,0
orm_train_track2_2168,Yooo ethiopian   sobadutate isin sobdudha   shaaannna lammmi biyyya alaaa gaaadiii laaakkkifite maaalifi   namaaa afaaan oromooo dubaaataaa maaalifi ajeeefiti   hin soban isi hunduuu   jaaaqaaa kaaannna oromooo   casuuu jalabe shannnadha atooo dimokiraaasiii fiduuu dimitaaa maaali namaaa   waaan barbade   degarun mirga   ,3,2,0,0,0,0
orm_train_track2_2169,Talaalliin Covid-19 yaaliirra ture adda cituun hagam yaaddessaadha?,0,0,0,0,1,0
orm_train_track2_2170,Oromon handhuura isaa Finfiinnee alaga harkati dhiise wayee bilisummaa hasahu hindandahu . Handhuura kenyarrati waga 150 dura naqaarsa dhaabani Oromuummaa manchaasa bahaani . Kun amma dhabbachu qaba . Kana mirkaneesuf WBO hajabeessinu ciina hadhaabbannu! #HungerInOromia URL,1,0,0,0,0,0
orm_train_track2_2171,Malaqaaatiii amanuuun malaqaaaf hojatuuun rabbbiiif hojatuuujachuuun dhugaaaf dhabatuuudha sobajiiibudhuuu waraaasobooo nyataaaf amantaaadahooogodhatudha jachuuutiiibeeeynaaa,0,0,0,0,0,0
orm_train_track2_2172,Falkaale qabsoo guutuuf Diqqaaf guddaan hiriirree Qabsiicha duraatti darbee Kichuun qabsoo finiinsee Wal’irra hafnuu waadaa Waliin horsadee buuna Orma hin gabbarru tasa Lollee wal irrattii duuna Abdii A Qeerraammssoo URL,0,0,0,0,0,0
orm_train_track2_2173,Ulfaaadhu Etika Teferiheddduuun si jaaaladha,0,0,0,2,0,0
orm_train_track2_2174,'Dhiibbaa dhiigaa dhiphinaan dhufuuf callisaan of-dubbii taasisuun furmaata',0,0,0,0,0,0
orm_train_track2_2175,Naf nyaan sareedha biyya mulqitee saree sigooti biyya mulqamtee saree ta'uu mannaa saree ajjeesii biyya kee irraatti kabajamii jiraadhu! . @USER Nan sobee? Kuni murtii kooti murtii Oromoo ta'uu qabaas . @USER,0,3,0,0,0,0
orm_train_track2_2176,Mashaaalllah ilmaaa saba sagaleee isaaa hacaluuu fakkkata dhugaaa jabadhu baga rabbbiii mana hidhaaa saaa si baseee haraaa si gaheee,0,0,0,3,0,0
orm_train_track2_2177,Kanaafis shira badiif ajjeechaa hedduu raawwataa oola.Akkuma yeroo Abbootii Gadaa Karrayyuu ajjeesan Waraana Bilisummaa Oromoo maqaa balleessuuf yaalan ammas dabballoonnii PP yeelloo malee humnoota keenyatti quba qabuu eegalanii jiru.,2,0,0,0,0,0
orm_train_track2_2178,siidaan nafxanyaa finfinnee ba'utti oromoon manatti galuu hin qabu,0,3,0,0,0,0
orm_train_track2_2179,Sudaan diina guddaa ummata #Itoophiyaa taatee jirti.Shororkeessaa hidhachiisuun lubbuu lammiilee heedduu balleessa kan jirtu #Sudaan ta’uun beekamee jira . 1/3 URL,1,0,0,0,0,0
orm_train_track2_2180,KeellooAnas na ilaallataAkkuma beekamu qaaliiwwan Oromoon qabdu baay'ee lubbuu isaanii dhabneerra . Qaaliwwaniif beektonni keenya baay'een kan lubbuun jiran kan silaa Rakkoo siyaasaaf diinagdee biyya keenya mudachaa jiruuf Furmaata tahan hedduun mana hidhaa keessatti hiraarfama,0,0,2,0,0,0
orm_train_track2_2181,Gaazaa: 'Ijoolleen suuraa maatiikoo keessa jiran hedduun du’aniiru',0,0,2,0,0,0
orm_train_track2_2182,Yaa waaqayyoo biyya Ethiopia kanaaf ati nagaa buusi . Ummatni beelaa fi waraanaan dhumaa jira . Ati nama biyya kana bulchu nuu kaasi ani sittan amana.,0,0,2,0,0,0
orm_train_track2_2183,Salaata giddi sodaa shilingii nama meeqatu beeka,0,0,0,0,0,0
orm_train_track2_2184,@USER Jabaadhu Abbaa cabana nuuf taatee jirta fakkeenya Rabbi isn't wajjin Haa jiraatu jabaadhaa jabaadhaa Jabaadhaa.,0,0,0,0,0,0
orm_train_track2_2185,Amaariffa wallaaluu natti hin fakkatu kan namoota gaddisiise . 1 . Raafamuu isaa (Lack of confidence) . Miira sodaa tu irraa mul'ata.2 . Maaliifuu dhaqe? HDn marfamee hoogganoonni hidhaa utuu jiranii.3 . Daba ABO irra ga'aa jiruu akkaataan itti gaafate kadhaa fakkaata . Submissive . URL,0,0,0,0,0,0
orm_train_track2_2186,Breaking News!! Waraanni Raashiyaa fi Yuukireen gidduutti eegale gara waraana Addunyaatti 3ffaatti cee'aa jira . - URL URL,0,0,0,0,0,0
orm_train_track2_2187,Yaaannni waraaana icccitiiin lafattti dhiiisiii eeegumsaaaf yaaaduuun eeegi imalaijaaarsa SAW SAW SAW SAW SAW hadhaaafiabbbaaa barnoootaaa akkka beeekan waliiin yaaadiii argiii beeekiii Eegiii dhugaaa onnneeettti freeejoharmuhamad kurrreeejilbaaatiii waraaannniiis iccciiitidha duuula beeekneee barnoootaaa dhiiiga lubbbuuu gooo,2,0,0,0,0,0
orm_train_track2_2188,Adabasaaaniii wahiiibeeeytaaa beeelaaan   wal adabaaatuuujiiira dantaaatanaaan walsodaaachiiisan   hanaaasaniiin siiinhiiimaaa jachuuunuuu adabaaaciiimadhaaa,1,0,0,0,0,0
orm_train_track2_2189,Godina Lixa Shaggar ona Amboo keessatti waraanni bilxiginnaa namoota nagaa ajjeesuun yoo saamu ona Cobii keessatti ammoo kaabinoonni isaanii sodaan aangoo wal jijjiiraa jiru Qeerroo Bilisummaa Oromoo URL,0,0,3,0,0,0
orm_train_track2_2190,Hayyoota Siyaasaa Oggeessota waraanaa Cireessota lolaa Rooggeessota Oromoo Ajajoota Ol'anoo ABO-WBO.Baga Hunddeefa Arraata Biyyooleessaa Oromiyaa qooqa ABO-WBO waggaa 2ffaa geessan . URL,0,0,0,2,0,0
orm_train_track2_2191,Umuriii nufiii dherdhaaa barsisa kenya dawwwa woraaa dinaaa kenyaaa gotaaa ijaaa barbadaaa   Jabani waqayyyooo,0,0,0,1,0,0
orm_train_track2_2192,sodaa tokko malee bakka hunda demtee ilaluukef . bayyee galattoom . sii waalin jira hanga dhumaatti . URL,0,0,0,2,0,0
orm_train_track2_2193,Argaaa keee namchananaaa malifiii hamaaa namtiii yataaa,1,0,0,0,0,0
orm_train_track2_2194,Galooo hojiii gaaariiidha,0,0,0,2,0,0
orm_train_track2_2195,yaa oromoo dhuguma nafxanyaan diina,0,3,0,0,0,0
orm_train_track2_2196,Namoota hedduu dubbin jala waan wol dhayef addan baasun dirqama osoo fudhinin durati hiriyyaa keyru jedhamtu woggaa 4 dura hiriyyaa tiyyaa turte bilbilaan qofa male wonta bira woliin hin qabnu isin biyya alaa demnan ani jarti fudhe isinis heerumte jirti dubbin kanuma.,0,0,0,0,0,0
orm_train_track2_2197,Jaal Leencoo Moosisaa fi Jaal Abdii Elemoo xurree Goototaa irratti kutuun qabsoo Irbuu itti seenaniif seenaa hojjetan.URL #Rip# URL,0,0,0,0,0,0
orm_train_track2_2198,Xayyaarri Keeniyaa sababa yaaddoo nageenyan bakka biraa akka qubatuuf humni qiileensaa UK dirqisiise,0,0,0,0,0,0
orm_train_track2_2199,Dr abiyi ahimad wonta gochu qabuurati sodaa tokkoo male ijjannoo qabachuun dirqamaa.,0,0,0,0,0,0
orm_train_track2_2200,“bareedduu ilkaan aannanii” jedhu shamarran sulula qiinxamaa riftivaalii tiif faarsuu hintaane arrabsuu fakkaata,0,0,0,0,0,0
orm_train_track2_2201,Amaziggg Ulfaaadhu Galooo keeenya Bilisummmaaan galata haaa tau Birrraaa Wal agarrra,0,0,0,0,0,2
orm_train_track2_2202,Olompikii Tokiyoo irratti Itoophiyaan fiigicha meetira 10 000 warra dubaraatiin atileet Lattasanbat Gideeyiin medaaliyaa naasaa argachuusheetiin baga gammanne jechuun barbaada . Dorgoomtoota maaraatooniiwarra dhiiraa hafaniif carraa gaariin hawwa . URL,0,0,0,3,0,0
orm_train_track2_2203,Qomoo koo! Ijaarsi keenya sirnaan ilaalamaa deema . Irra caalatti yeroon itti jabaannee wal qabannu ammadha akka deebinee gargar hin baanetti . Dacheen Oromiyaa bakki Oromoon jiru hundi diinatti abidda ramacii akka tahutti tolfama . Dhaloota diina isaa beekuu fi hadheeffatu uumna.,1,0,0,0,0,0
orm_train_track2_2204,gantuu durumaayyuu qabsaa'aa hin turre,0,3,0,0,0,0
orm_train_track2_2205,OdeessaDirooniin gara Lixa Shaggaritti ergameera . Diroonii kanneen duubaan Elekoopterri waraanaa akka deemuuf qophaa'ee jiru dhaga'amaa jira . Waraana Ertiraa fi PP waliin ta'anii WBO lolaa jiran tumsuuf kan deemanidha.,0,0,0,0,1,0
orm_train_track2_2206,@USER ATI olola sobaa dhiisi.Ragaan kee meerre Akkasuman afuufaniif ta'aa?yoo dhugaa ta'e ashuu gammachuu dha.,2,0,0,0,0,0
orm_train_track2_2207,Faanaa Biroodkaasting: 'Min Littaazaz boqonnaarra jira malee adda hin citne',0,0,0,0,0,0
orm_train_track2_2208,Heduuu galatomaaa isniii lachuuu gudadhaaa muldhadhaaa ,0,0,0,2,0,0
orm_train_track2_2209,Oromooo   taphi kun ittti shubbbisuuuf hintaphatamne   keeesssooo isaaa hubadhaaa eeergaaa jabaaa ofkesssaaa qaba      Hubataaan annnan kesssaaa rifeeensa adiii baaasa    Qerrrensa dagggalaaa right side  Yeyyyiii gantuuu abbbaaa dabreee leftside  Naaacha   sirna nama nyaaataaa,2,0,0,0,0,0
orm_train_track2_2210,Ana dhufu ONM ija fi Gurrraaa ummmaaata  Jaaalatamtooota fi kabajamooo hordoftoootaaa ONM maaalooo maaatiii naaaf taa ,0,0,0,1,0,0
orm_train_track2_2211,dangaa biyyoota ollaa waliin qabdu kan hin sararre mana fincaanii qotatee kan hin xumurin bishaani fi humna ibsaa ga'aa fi qonna ammayyaa kan hin qabne aadaa dimokraasii kan hin beekne Itiyoophiyaan seenaa waggaa kuma 3 qabdi jedhee kan oftuulu madda rakkoo biyyattiiti.,2,2,0,0,0,0
orm_train_track2_2212,Jawar Mohammed #Muslima Muslima qofa miti Obboleyyan isaa Amantii biraa hordofan Akkasiin jaalala isaa Ibsatani Rabbi kadhataniif osoo inni iddoo Amantaa isaa jiru.Wanti isaati hinaafanif yoo jiraate Jaalala fi Kabaja inni Ummata isaa biraa qabu qofa URL,2,0,0,2,0,0
orm_train_track2_2213,Baga ayyanaa irreecha bara 2014 nagan geessaan ummanii oromoo biyyaa keessaa fi alaa jirtan hundii keessaan ayyanaa gaarii URL,0,0,0,2,0,0
orm_train_track2_2214,Hubadhaa:1 . Oromoon sirna nafxanyaa malee saba irraa rakkoo hin qabu.2 . Oromoon roorroo alagaa ufirraa qolachaa jira malee alagatti roorrisuuf kaayyoos ta’ee karoora hin qabu . 2 . Falmiin Oromoo falmii haqaa fi biyya isaati malee falmii saba biroo lafarraa haquutii miti.,0,2,0,0,0,0
orm_train_track2_2215,Magaalaa turistoonni maqaa jaalalaan sossobamanii waamamuun itti ajjeeffaman,0,0,2,0,0,0
orm_train_track2_2216,"Abiy Ahmad ""lammii Eritreati."" Warri namicha diina ta'e kana waliin ""lola sanyii"" (Racial War) Oromoo irratti gaggeessitan isa dhumaatiif osoo ittiyaaddanii gaariidha . Ammaan booda WBO cimsanii ""Oromiyaa bilisoomte"" ijaarachuudha . Impaayerri Nafxanyaa du'eera.",0,3,0,0,0,0
orm_train_track2_2217,Dubbbiiin waaaqayyyooo hunduuu gagggeeesssaaa hafuuura qulqullluuun barrrefffameati garuuu ammmumaaa eeegalteee barumsa sobaaa eeegalteee jirta warrri waaaqayyyottti qooosan gatiii isaaaniii ni argatu be not deceive to the God God is not mocked,2,0,0,0,0,0
orm_train_track2_2218,Godina arsiii baha shirkaaa gobeeesa keeesssa guyaaa hadhaaa ijooole lenjiii gachaaana sirnaaa jechuuun lenjiiisa tureee guyaaa hadhaaa garaaa ristiii amara debisuuuf ofaaani jiruuu makinaaa afur4,2,0,0,0,0,0
orm_train_track2_2219,Barsiiistu kana TikTok irrrattti argeeen ture Caaaltuuu tauuu isheee garuuu reeefuuun bare Kabajatu malaaaf barsiiiftuuu Caaaltuuudhaaaf,0,0,0,2,0,1
orm_train_track2_2220,Dhugaaa kesssaaani instructor barsiiisa kana ummmaaaninu qubaaa hin qabuuu galataaadhabneee bar,0,0,0,2,0,0
orm_train_track2_2221,Hadhaa mana tiyyaan bar abbaa mana kee woliinis hin buluuni salatale hin salatini ykn abbaa mana kee ajefna sunis yoo tanee hadhaa fi abbaa kee obboleeyyan kee jechuun sodaachisa hin turre.,0,0,0,0,2,0
orm_train_track2_2222,Bayyyeee si jaladhaaa hadhaaa kenyaaa galatomiii hojiii ammmaaa yonaaa oromooof hojatef garuuu isa kardiii gutaaa jetuuu sana maliiif tollla naf hin bilbiltuuu ,0,0,0,2,0,0
orm_train_track2_2223,Gaafa WBO'n qabsoodhan diina Lubbu qabeFM magaalaa Finfinnee music oromoo itti nuuf banaa jiraa!!!,0,0,0,2,0,0
orm_train_track2_2224,Irreecha fi PP . !! PP'n sodaa irraa kan ka'e daba hedduu karoorsitee hojiittis hiikaa jirti . - URL URL,0,0,0,0,3,0
orm_train_track2_2225,Wallo Kaaba Oromiyaa Wallo keessatti taateen ilmaan Oromoo irratti ta'aa tureefi ammallee ta'aa jiru waan ilma namaatiif hin malledha . Ilma namaa ajjeesuufi dararuun rakkoo hammeessa malee hin furu . Gochaa fokkisaan akka kanaa dhaabbachuu qaba . URL,0,0,3,0,0,0
orm_train_track2_2226,Abiy Ahmed &amp Oromo PP have openly declared war on WollegaAbiyyi Ahimad fi Oromoo PP ifatti Wollega irratti waraana labsite,0,0,0,0,0,0
orm_train_track2_2227,Normal life of lixa walllagggaaa ladies jaaarsummmaaa biyyya alaaati ergameee ,0,0,0,0,0,0
orm_train_track2_2228,Odeessa Haala Lola #Oromiyaa_LixaaOdeessi Oromiyaa Lixaa irraa darbaa dabarsaan dhufaa jiru yaaddessaa dha . Lolli bifa adda ta’een guyyoota shanaffaaf WBO fi waraana mootummaa gidduutti deemaa akka jiru . URL,0,0,0,0,2,0
orm_train_track2_2229,phaaphaasii sheekii paastarii alaabaa lumuxxiis tahe urjii qabu masjiida bataskaana irratti fannisanii hamaamota waraana deeggaruu irratti hirmaatan jabeessen balaaleffadha,3,0,0,0,0,0
orm_train_track2_2230,Wosakaaa hareee zari bulgu wora imiyeee badiii asi sareee hadhaaa keeetiii,0,3,0,0,0,0
orm_train_track2_2231,Beegiitti faannoo sirni faashistiin kun ergate gootichi waraana bilisummaa oromoo qacam taasise kaa Jajjabeen duratti OROMIYAAN BIYYA URL,0,0,0,2,0,0
orm_train_track2_2232,"Koronaavaayiras: Ispeenitti lakkoofsi namoota du'anii xiqqataa dhufeera, sochii dhorkuus laaffisaa jirti",0,0,0,0,0,0
orm_train_track2_2233,Hamtuuun sin argiiin gaaariiin sin darbin,0,0,0,1,0,0
orm_train_track2_2234,Ilmaan oromoo biyyaa saudi Arabia magaala Riyadh keessaatti rakkacha jiraani sagaleen tahaa oromoo waali maale waani biraa hin qabduu ijjoollee biyyaa keessaa jirtuu dadhabdee biyyaa ormaati rakkoo fi du'aa saxilaamaa jiruu URL,0,0,3,0,0,0
orm_train_track2_2235,Korma lammmiiin jalayaaatu kadiiinnni gurrra sodaaatu,0,0,0,0,0,0
orm_train_track2_2236,"Xaaliyaanitti taphataa Arsenaal dabalatee hedduun waraanaman, namni tokko du'e",0,0,0,0,0,0
orm_train_track2_2237,gaaariiidha jabaaadha kana caaalaaa nuuuf cimi jajjjabeee,0,0,0,2,0,0
orm_train_track2_2238,Joolleen keenya Gondar jirtus sodaa guddaa keessa jiraachuu himataa jiru . Humni federaalaa akka hatattamaan birmatuuf gaafachaa jiru . Qaamni dhimmi ilaalu yeroodhaan haa dhagahu . Liyyuu hayilii Asaamminoo . URL,0,0,0,0,3,0
orm_train_track2_2239,Ashamaaa harka waliiin deeemaniii kurrreeejilbaaatiii waraaaniiisgzx Abraham Linco ln center waraaannniii fayyyaaan faaayaaa ummmataaatiii eeeguuu dhaloootaaaf congratulations to Dr ilillliii lubbbuuu ummmataaatiii sirna hargansuuun barnoootaaa congratulations johar Muhammmad,0,0,0,3,0,0
orm_train_track2_2240,Eesssattti kufeee namni dhugaaaf duuule galgallli hin toluuu namni sobaaaf duuulu,0,0,0,0,0,0
orm_train_track2_2241,Jabaaadhaaa hogggantoootaaa keeenyaaa kabajamooo hojiii fakkkeeenyummmaaa qabu hojjjaaachaaa jirtani,0,0,0,2,0,0
orm_train_track2_2242,Hiwote mattti naf taiii sanyi kooo kabajan si gafadhaaa,0,0,0,0,0,0
orm_train_track2_2243,@USER Otoo #OPDO|n akka ati yaaddutti yaaddee hinbadu ture . Otoo akkas ta'e silaa ajjeechaa fi dararaan bara 2018 nurraa dhaabata ture . Sun hintaanee bira darbee yakka gurri namaa dhagawuuf hintolletu hojjetamaa jira . Kanaafan #Oromo fi #OPDO|n gaafa #Haceen gale waliti araaramu jedhe.,3,0,0,0,0,0
orm_train_track2_2244,Akka akkana dubbin kee akka  nama bultii qabu ta'i malee,0,0,0,0,0,0
orm_train_track2_2245,Gameee Jabadhu bayeee siii kabajaaa,0,0,0,3,0,0
orm_train_track2_2246,maaloo maaloo pheenxee dhaabatatti si'ool gale jechuudha,0,3,0,0,0,0
orm_train_track2_2247,Qaxaleee akkkanaaa qabdeee gadi nuuuf baaasuuu keeetiiif galata gudddaaa qabda moootiii rooobaleee,0,0,0,3,0,0
orm_train_track2_2248,"@USER Sololiyaa ykn sololi'aa jechuun (literally) allaattii bifa cuquliisaa takka . Bifa Bareedduu fii qaama simboo qabdi . Kanaaf sololi'aa ittiin wallifama.Fakk.wallisaan tokko akkas jedhee walisa:""Sololi'aan dhalee gaara gamaa iyyaa yoo falamaa taatee hidhaa Gadi tiyya"" jedha.",0,0,0,0,0,0
orm_train_track2_2249,#breakingnews Eebbaa waraana bilisumaa oromoo zoonii kibbaa kan guyyaa har'aa bifa ajaa'ibaatin taasifame kana fakkaataOromiya insider #WBOFORCE URL,0,0,0,3,0,0
orm_train_track2_2250,'Maaloo na dhiisaa': yaaddoo lammiilee odeeffannoo kennuufi qormaata miidiyaalee,0,0,0,0,2,0
orm_train_track2_2251,@USER Kees arginee qadaadi mootii keerra kabaja uummata keef qabaadhu dhigaaf du'i qabeenyi inni qabduu si gaya abbaa garaa!!,0,3,0,0,0,0
orm_train_track2_2252,haalli hidhamtoota siyaasaa oromoo mana hidhaa qaallittii hedduu yaaddessaafi yaachisaa ta'uu himan qeerroowwan godinaalee oromiyaa garaa garaa uummatni oromoo golee arfanirraan jiru dammaqaa ta'uun hayyootasaa waliin tokummaatiin qabsaa'uu qaba dhaamsa wal fakkaataa dabarsaniiru,0,0,0,0,2,0
orm_train_track2_2253,taayyee dandanaa fi qaamolee mootummaa dabalatee qeeqni ykn hololli adda addaa KFO irratti ofamaa jiru kun gaarii miti rakkoo hedduu fiduu mala.,0,0,0,0,3,0
orm_train_track2_2254,OMN jabadhaaa  qabsooo cunqurfamtooota sirna nafxanyaaan bututaaan Hunda dhiheeeysaaa Carrraaan Oromooon gabrooomuuu inshalllah ni raaawwwata,0,0,0,1,0,0
orm_train_track2_2255,@USER Ittii muddii jawwee sodaa wawwee hin qabnuu jedhinii jedhiinii x2,0,0,0,3,0,0
orm_train_track2_2256,dhiirri durii mana ijaaree fudhaa ammaa manas hin qabu hojiisaa feesbuukii bahee xibaaru qofa ,3,0,0,0,0,0
orm_train_track2_2257,Diina Kee hogga argitu Seeqii bira dabri cimina kee itti agarsiisa waan taheef.Nama gammachuun kee isa aarsu biratti gonkumaa rakkina kee hin dubbatin sababnis Diinni sun kan barbaadutu sani.,0,0,0,0,0,0
orm_train_track2_2258,Yihun Engida baga afaan diinaa keessaa si baase . - OMN guyyuma guyyaan surraa fi simboo isaa isa duriittideebi'aa jira - Kanaaf gammachuunkoo dachaa dha# FreeJawarMohammed# FreeBekeleGerba# FreeHamzaBorana# FreeGemechuAyana# FreeAllPoliticalPrisonersinEthiopia URL,0,0,0,3,0,0
orm_train_track2_2259,Baganagaaan nuuufdhuftan dhugahimtoootasabaaa,0,0,0,2,0,0
orm_train_track2_2260,Gachanni koo waraana Bilisummaa Oromoo dha . Kan haadha ajjeesee mucaa haadha malee hanbisu kan morma muree lafarra harkisu kan reeffa waraabeessa nyaachisu RIB kol @USER Gaachana Oromoo ta’uu hin danda’u! URL,2,2,0,0,0,0
orm_train_track2_2261,Maaareee bayyye gaaariiidha Galatoooma hundiii keeesssan,0,0,0,3,0,0
orm_train_track2_2262,hafuura hamaa garbummaa seexanaa taa'anii eenyummaa yesuus beekun ulfaata,0,0,0,0,0,0
orm_train_track2_2263,Jabadhu jaba nama nama midaya fayyyadamu kesssa yo sitate male nama bira   hingare jabadhu itiii galatooomi galatatu siiif mala Abbba enyu jedhu,0,0,0,2,0,0
orm_train_track2_2264,Halkan bosona keessa deemee diina lolee guyyaa immoo saba isaa tajaajila guyyaa tokko ijoollee keenya seenaa kabajamaa waraana kanaa manneen barnootaa fi yuunivarsitii keessatti ni barsiifna . #Oromo #OromoVoice #Oromia #OromoLiberationArmy URL,0,0,0,2,0,0
orm_train_track2_2265,Imbaasiin Itoophiyaa Landan jiru 'miidhaan narra gahe' jedhe,0,0,0,0,0,0
orm_train_track2_2266,@USER Abjuu nafxanyaa fashaleessuuf qaama kamuu waliin hojjechuun dirqama.,0,0,0,0,0,0
orm_train_track2_2267,Lammiilee Itoophiyaa dabalatee godaantonni biyyootaAfrikaa garagaraa Liibiyaa jiran dararaan hamaa nurragahaa jira jechuun torban tokko oliif mormii dhageessisaajiru.Baqataan BBC'f yaada kenne rakkoo baqattootni Liibiyaakeessatti argaa jiran himeera.URL,0,0,0,0,0,0
orm_train_track2_2268,Koroonaavaayiras: Himannaan Tiraamp WHO irratti kaasan sirruma turee?,0,0,0,0,0,0
orm_train_track2_2269,dhiira oromoo taatee dubartii habashaa hin fuudhin,0,3,0,0,0,0
orm_train_track2_2270,Galooo kooo nuuuf jiraaadhuuu leeencaaa oromooodha ,0,0,0,2,0,0
orm_train_track2_2271,@USER Rakkoon Oromoota baayyee sinsinniidha . Kan keenya dhiifne kan namaatti eegee raasaa oolla . Kan namaa nullaaallatu jechuukoo miti garuu.,0,0,0,0,0,0
orm_train_track2_2272,harree haadha keetii shamarran biyya arabaa dheebottee beeloftee ija hamaan ilaalamteetu gadi qabdee dalagatti,0,2,0,0,0,0
orm_train_track2_2273,lafa yartuuu fi gantuuun jirtuttti dhugaaan akkka rirmati,0,3,0,0,0,0
orm_train_track2_2274,Guyyyooo Leeencaaa keeenyaaa nuuuf jiradhu sanyiii kooo,0,0,0,2,0,0
orm_train_track2_2275,Afrikaa Kibbaatti balaa ibiddaa gamoo baqattootni keessa jiraatan  mudateen namootni 73 ol du'an,0,0,2,0,0,0
orm_train_track2_2276,Kkkk wayooo dhisiii siiiritiii kkk yerooo dubartiii galteee nyatuuu akkkanaaa hin seeeneee,0,0,0,1,0,0
orm_train_track2_2277,assalaamu'aleykum warahmatullahi wabarakaatuhu ustaaz kabajamaa waaqain,0,0,0,0,0,0
orm_train_track2_2278,Yaaa oromooo rabbbi sodaaadha maaati guyyyo gara naaahirobi nuuuf baaasa tasa dhugaaa dubbbachu isaaa kana laaalani isaaan miiidhu oromooo hadaraaa guyyyooo keeesssan dubbbisa maaalo  hin soba humna maaali qaba cufa hatttun diiinagden duruuu kofe silaaayi,0,0,0,0,3,0
orm_train_track2_2279,fidi waan fiddu jedhiin kaa! amma bareedaa jira dubbiin dhugaa! URL,0,0,0,2,0,0
orm_train_track2_2280,Dhaamsa jaarraa abbaa gadaaQawwee haa tolfannu Qabaannu ha bitannu Dadhabnu diinarra ha hiikkannu URL,0,0,0,0,0,0
orm_train_track2_2281,Tokko tokkotti Xoophiyaa diiguu jechuun akkoo isaanii warra gojjam wajjiin adda baasuu ykn Xoophiyama sana gubuu itti fakkaata.kanaaf garaan isa roorrahee naasuudhaan boohuuf jedha.garuu kan jedhamaa jiru Xoophiyama sana ofirraa balleessanii ofiin of bulchuudha.#OromoVoice,3,0,0,0,0,0
orm_train_track2_2282,Jabaaadha gaaariiidha Durattti,0,0,0,2,0,0
orm_train_track2_2283,Oduu Belbeltuu WBO lola addaa gaggeessaa jiruun loltoota Mootummaa 40 fixe URL,0,0,0,2,0,0
orm_train_track2_2284,@USER dhugaa dha jabooko.kan hedduu na aarsu kiristaanuma orthodoxii ayyaanuma irratti jibba hordoftooti amantaa agarsiisan kana isaanuma keessaa namni mormu ykn barsiisaan amantii isaan qeequ dhabamuu isaati!nama tuqan malee ayyaanni isaaniif hin tolu moo?Rabbi qalbi itti haa laatu,2,0,1,0,0,0
orm_train_track2_2285,Haaala yerooo ammma naaannnooon keeenya hojiiin misooomaaa ittti qabateee jiru ajaaaibsiiisaaa dha Seeekterooonnni sadarkaaan jiran haaala walfakkkaaataaan osooo sochuuuf dhamaaniii ammmooo heddduuu gaaariii dha Heddduuu namattti tola Dhimmmi nageeenyaaa ammmooo hojiii yerooo maraaa taeee Oromooon gara tokkkummmaaattti dhufeee gaaariii dha,0,0,0,2,0,0
orm_train_track2_2286,lammmiiiwwwan kooo isin nuuuf jiraaadhaaa filmichi cunqursaaa ilmaaan oromooo irrra gahaaa jiru ifaaan ifattti kan ibsuuudha   KANA CAAALAAA hojechuuuf lammmiii keeesssan barsiiisuuuf sirrriiittti ittti dhamauuu qabdu dhamaaatiii keeesssan uuumaaan  ardiiif samiii isiniiif haaa kafalu  GALANNNI KEEESSSAN BILISUMMM,0,0,0,3,0,0
orm_train_track2_2287,Medien Oromooo gara hundaaanuuu nuuuf bayyyatuuu qabaaa   gammmdaaa Show atis nuuuf jabaaadhu waaan gaaariii dalagaaa jirta   Galatooomi Thank you ,0,0,0,2,0,0
orm_train_track2_2288,#Bulgaa_Boruu Goota Karrayyuu urjii lola dangaa kan ta'e waraana mootummaatin ajjeeffame . URL,0,0,2,0,0,0
orm_train_track2_2289,sabontusanyijawarmuhamad33324  Maaal ballleeessse reee innni maaaf arrrabsita nafxanyaaaf woyyyaaaneeenillleee diiina keeenya dhugaaa jedheee,0,3,0,0,0,0
orm_train_track2_2290,'Hamman du'utti haqa koof falmachuu hin dhiisu'- Hojjattuu manaa dararaan cimaan irra gahe,0,0,0,0,0,0
orm_train_track2_2291,@USER Why Abbaa Duulaa mr?Silaa Oromoon walumaa Goota!!!Ajaa'iba,0,0,0,0,0,2
orm_train_track2_2292,Shimeee Galma ummmannni Gujiiiyyyuuu ijaaarrrachuuu dandaa Gaaafiiin Gujiii yeeerooo ammmaaa kana innni gudddaaan Gaaafffiii Manaaa osooo hin tain Gaaafffiii Lafaaati Waaaqa yooo sodaaatttu tae Ardaaa Gujiii kan dabaaan Gujiiirrraaa fuuuteee Boooranaaaf kennnite Rabbbi sodaaadhuuu Gujiiiif deeebisi Hadaraaa buliii kanattti,2,0,0,0,0,0
orm_train_track2_2293,Humni Addaa Poolisii Oromiyaa golee Oromiyaa hedduu keessatti saba keenyatti hin dhukaafnu jedhanii akkuma fincilanitti jiru . Saba keenya keeysa baane ni tiksina malee hin ajjeefnu jechuun Magaalota hedduu keeysa waraana Abiy nutoo gahaadha jedhanii baasani jiru . #OromoProtests,0,0,0,2,0,0
orm_train_track2_2294,.Jechan waan hundaa kani Oromo qabu saaman lafa gurgurra jiru . Opdon doofa walaaltu waan taatee fi Waayyaaneen rakkoo malee jiru ummata Oromo saama jiru . Opdon yerroo waamaan hoowachuu yerroo eergani eessa jechu malee waan tokko gati hin qabduu .,2,2,0,0,0,0
orm_train_track2_2295,Xinxallli keee gaaariii ture Garuuu Obbbo guyyyo Jimaaa qaaamtaniii sakraaantaniii maaal maaal kan jetttu Namni qubeee kana boce Nama qarooomaaafi hayyyummmaaan Nama fagooo Sabira tareeedha hubattteee Keeesssooottti Xuxxxuqaaakeeenya osooo dhiiiftaniii wayyya waaaheee jimaaattti harkan galfatinaaa ,2,0,0,0,0,0
orm_train_track2_2296,Tekala uumaa duraan takkitti Oromoo hunda biratti Jaalatamaa kabajamaa fii abdatamaa turte . Yaa boo Waraabessa akkatuu si nyaate?,2,0,0,0,0,0
orm_train_track2_2297,dhugaa jette goota ijji diinaa hin argin,0,0,0,2,0,0
orm_train_track2_2298,Abbaan qabeenyaa UAE maaliif kilabii Israa'el sanyummaa leellisu bituuf filatan?,0,0,0,0,0,0
orm_train_track2_2299,Ronaaldoon garee Waancaa Addunyaa keessaa akka bahu dhaadate oduun jedhu soba - Porchugaal,0,0,0,0,0,0
orm_train_track2_2300,Fayyyiii maqaaa yesusin,0,0,0,0,0,0
orm_train_track2_2301,Odaan warra Afran Qalloo inni biroo aab . Ibsaan abbaan obboleessa keenyaa Elias Ibsa’lleen har’a boqotusaa dhageenye . Lubbuu gameettii abbaa keenya kanaaf Rabbi Qananii isaa haa badhaasu . Elias Ibsa dabalatee ijoolleef dhalasaa akms firoottanisaa cufa Rabbi jajjabina kennuufi URL,0,0,3,0,0,0
orm_train_track2_2302,Kkkkkkk! Maali ijoo hammanuma nutti taphatuu? Waan hundaafuu wanti gandatti wal guuruu tuni dhukkuba darbaa waan taateef irraa of haa eegnu . URL,0,0,0,0,2,0
orm_train_track2_2303,@USER hooggantootuma isin har’a daba irratti hojjettanii ykn dhugaa isaanii garaatti hambifattanii mana hidhaatti dararaa jirtantu uummataa waliin harka isin irra fi isin jala qabee asiin isin gahe borus salphina isin oolcha . Tanumallee godhaatii rafaa bulaa . URL,2,0,0,0,0,0
orm_train_track2_2304,phaaphaasiin bataskaana kaatolikii itiyoophiyaa kaardinaal birhaanayasus suraafeel ergaa dabarsaniin jedhanitti waggoota lamaan yesuus kiristoos cubbuu dhala namaafi ture tarsaasuutiin walitti araarsuuf gidiraafi dhiphina arge yaadannee ichaan jiraannuuf wagguma waggaan kabajamuudha,0,0,0,0,0,0
orm_train_track2_2305,yaaa uwwwistuuu ambaaa daaareee oromiyaaa tiyyyaaa galannni Keee hammmanaaare Galatooomi dhugaaa nuuuf jiradhuuu,0,0,0,2,0,0
orm_train_track2_2306,Ani hordofaaa amantaaa prtestant miti garuuummmooo sia baaayeee irrra dedddeeebieee caqaseOromummmaaatu fi cunqursaaatu walittti nu fide Faaarfannnaaa  Waaaqni ati amantu si wajjjiiin haaatau,0,0,0,2,0,0
orm_train_track2_2307,Meeedhiiisameeemakkkalakiyyyanjetttangaraaanamichabulguuukanaqaba,0,2,0,0,0,0
orm_train_track2_2308,Teeesumati nafxanyaaa jibbbineee kaaateee nuttti sirbitiii uuuf,0,3,0,0,0,0
orm_train_track2_2309,Walllagggaaa keeesssaaa qaaamni abiyyyi ahmad gad baeee hin deeemuyooo karaaa irrrattti namaaa nagaaa arge loltuuun bilxigina ni ajjjeeesagaruuu magaaalaaa keeesssaaa deeemu baaayeee sodaaatuamarrri fi kiraaamun wal daaangesssuuubakkka WBOn hin jirrreeettti jarrri qomceee deeemani oromooo nagaaarrrattti ajjjeeesaaa geggges,0,2,0,0,0,0
orm_train_track2_2310,Sini maleee yesuuus maaalin obsuuu uuuf,0,0,0,0,0,0
orm_train_track2_2311,"Tulluu #Oromoo ammas dhabne! Urjii gama bahaa kan ta'e Ibraahim Hajjii Ali . ""As koottu asiin jira""-n sirba baay'ee keenya weeddu Afaan Oromoo wajjiin jaalalaan akka kufnu kan nu godhee dha . Dhaloota dhufuun ni yaadatamaa.Nagaan boqodhu . Another giant has fallen! URL",0,0,3,0,0,0
orm_train_track2_2312,Galata gudddaaa qabda oromooo biraaa Galooo  Eersati kufe namni dhugaaaf   guuulu galgalan tolu namni sobaaaf fiiigu,0,0,0,2,0,0
orm_train_track2_2313,Taa'anii du'a eeggachuun dhaabbachuu qaba URL,2,0,0,0,0,0
orm_train_track2_2314,Maaliin godheef jadhii Of gaafadhu ammallee WBOn siif jooraa Hidhatee hardhallee.#Diina faana taatee Itti hin taiin gufuu !Sakaaluuf hin kaatin Goota siif kufuu! #Yookaan duraa turii Danddeesu jabeesii Yeroos qabsoon keenya Galma ishee geessan URL,1,0,0,0,0,0
orm_train_track2_2315,@USER Nuti amma wanni nubarbachisuu qabsoon keenya jechuu mudhii hidhanee tokko fi tokko taanee karaa hunddaanu BADHAADHINA arggamsiisuu . inni kanadura dhabachuuf carraaqu hinbarakatuu hinsodaatin.,0,0,0,0,0,0
orm_train_track2_2316,Major Jeneraaal Habtamu Lamu Dur duriii Oromooo taaniii kaaameraaa qabataniii adddana seeenaniii suuuraaa kauuu miti yerooo karaaa sana dabartuyyyuuu suuuta dhokattteee ijaaan quuuqxeee balbalicha dabarta Jijjjiiiramni inuma jirti yooo jennnu akkkanumattti lafaaa kaaaneeetiii miti Haaatau maleee jijjjiiirama akkkaaa fi bakkka abdatame sanas tae miti namooota haqa qabeeeyyyiii aaarsaaa gudddaaa ittti kafalan mogggeeessseee ayyyaaanlaaalllattt oootaaaf xawalwaaalllota gooobse kan waaadaaaleee ummmataaa liqimseee kalllatttiii gara malaaanmaltummmaaa deeebifate afaaaniiin balaaalefffachaaa gochaaan korrrabshiiina samittti ol kuchisiiise dachiii Oromooo gurgurtaaan haxaaayeee kira sasssaaabdummmaaa samittti oldhaye walumaaa galattti sirna bilicliciii hojiiin isaaa tapha ijooollleee fakkkaaatu taeee nu balfisiiiseee maleee osooo sirna gidiraaa ummmataaa dhagahu taeee maaal abbbeee waaa farrrifna mooo ni falfallla osooo jechi jaraaa gochattti jijjjiiirame taeee Akkki sabni abdateee fi waaadaaan galame kanaaa ol ture Oromummmaaa faaarseee Oromooo ajjjeeesu Jaaarmayooota Oromooo alagooomseee kannneeen irrrattti gooobsu ka Baqqqalaaa Garbaaa goooftaaa wayyyaaaneee mogggeeessseee Birhanu Nagggaaa shiftaaa barahaaa Ertiraaa irrraaa gale shuuumu Jawar motora Jijjjiiiramaaa hidheee agabseee Daaaqon Daniel aaangomsu Lammmaaa buqqqiseee Lamlamiiin bakkka buuusu Baaaxxxaqaaalaaay maaal gooota Sirna hofofffeee bakkka hedatame hanqate kanuma siiidaaa ekeraaa duplicate gochaaa ooolu halkaniii guyyyaaa Itephyaaa Itephyaaa jechaaa biyyya gosqaaalllaaa faaarsaaa ooolu ka ilillliii dhaaabu ammmooo ilmaaan biyyyaaa kichuuu kuchisiiisu Artiii gudddifna jechaaa Artistooota dhabamsiiisu Sirna Gadaaa faaarsaaa Abbboootiii Gadaaa kuchisiiisu Sirna acbarbaaariii arrraba 2n bulu taaanaaan afaaan walllaaallleee tabsaaa irrraaa khunnne Kanatu danqeee nu danqare Gaaanfureee warrra Kobordaaangaaa lafaaa Over to the public Rukesssa Boru Hambecha jaaarsana eeecha jirta,3,0,0,0,0,0
orm_train_track2_2317,@USER Kuftus numarratti kufti gaarii goote haxee koo . Yoo bimtinooftes manya diina keebyaa taati . Sudan kufterra kanuma jirtu wayya garuu immoo kan too'annaa keenyan ala hin taane ta'u qabdi . Filanuma kee kanumatu fala dubbiiti . Jabaadhuu Gootaa koo si faana jiraa.,0,0,0,2,0,0
orm_train_track2_2318,Oromooo kooo lafa guuutaaa kolfa ammmayyyu,0,0,0,3,0,0
orm_train_track2_2319,Haqa: Itoophiyaatti nama hidhuun daldala taatee?’ URL,2,0,0,0,0,0
orm_train_track2_2320,Baga ayyaana yaadano guyyaa dhaloota gooftaa keenya Iyyasuus Kiristoosiin isin gahe.Ayyaana Gaarii!,0,0,0,3,0,0
orm_train_track2_2321,Baga nagaan bara haaraa bara araaraa 2021 hunda keessan ga'e . Barri 2021 bara eebbaa kana nagaafi tasgabbii kan gammachuufi badhaadhinaa hunda keenyaaf akka ta'u hawwa . Eebbifamaa,0,0,0,3,0,0
orm_train_track2_2322,Biyyi diigamuun maali? Itoophiyaa keessa yaaddoon biyyi diigamuu ni jiraa?,0,0,0,0,0,0
orm_train_track2_2323,Siree keessa lixaniifHirriiba gaarii rafuuOsoo tokko reebanuu Waa baay’en nama hin hafuuGufuun nama rukutteefRifaatun qoma cabuu Xiiqiin jabaatu malee Laayyot haamilee dhabuu?,3,0,0,0,0,0
orm_train_track2_2324,Taaauuun dhorkaaadha goootasabaaa furtuuudhaaa dhiiirrriii haqa keeenyaaaf looomiiibadhooo waraaana,0,0,0,0,0,0
orm_train_track2_2325,Namooti akkasii faallaa qabsoo oromootii!! Ofii buutee hin qabsooftu as deebitee afaan banti oromoon artiistootasaa kabajuurra ergachuufi kaayyoo mataasaaf oolchuu barbaada . Garaa nama gubdi waan loojikiirraa fagaate haasa’uun kun bu’aa hin qabu.Ergaa warra OPDO ti kun URL,2,1,0,0,0,0
orm_train_track2_2326,Maqa tufifi jibba wagga 50 dura itin nu waman san ifati nu debisa jiru.Arrabso sadarka kana gahu kan nu arabsise isuma sila kenya jedhamu male halaga miti.Kan halagaa komatutu na ajaa'iba . Sa'a aban ganfa cabse olaan ija jaamsa jedhu mitire? Qabson murtesan ilman muratudhan itti.,2,0,0,0,0,0
orm_train_track2_2327,Dubbbiii barbaaada sareeen gabaaa bateee   jedhan Abiyi gaaafa quuufni isa qabu obbboloootasa diiinomfateee hara kitat zimat mitat ofyaaa,0,3,0,0,0,0
orm_train_track2_2328,Oromoon shawaa qe'ee keettira ari.amte osoo hin tanee kabajamtee jiraata amman booda wanti akkasii hinjiru.,2,0,0,0,0,0
orm_train_track2_2329,seenne uggure baqsanii gara zayita dhangala'aatti jijjiiruun gabaaf dhiyeessu . Kunumti hafee jibbiinsa ykn diinummaa hamaa warri kotte duudaan isiniifi Oromoo bakka biroo jiru irraa qaban irraa kan ka'e summii lafa irraa nu duguugu itti naqanii tolaan raabsuuf (1/4),0,3,0,0,0,0
orm_train_track2_2330,Pireezidaantiin MNO haaraa filataman Obbo Shimallis Abdiisaa haasaa taasisan keessaa Ummanni Oromoo Saba guddaa Gaanfa Afriikaa qabsoo hadhaawaa taasiseen dukkana keessa ture keessaa bahuun qaanqee bilisummaa arguutti jira jedhan . URL,0,0,0,0,0,0
orm_train_track2_2331,haacaaluun amaarri hardhas kaleessas oromoof diina,0,1,0,0,0,0
orm_train_track2_2332,warreen mana xonqolaa ooltanii kudhaama qoloo tamaarii xonqaayii bobaa jalatti awwaaltanii jiraattan feesbuukii maraadhaa,0,3,0,0,0,0
orm_train_track2_2333,Dhugaaa irrraaa maaaltuuu nadhowwwa eeesssati kufeee namni dhugaaafi bule galgala hin tolu namni sobaaaf duuule galooo madaaa garaaa keeeti nuuuf ibsite akasitiii si beeena dhiraaa Oromooo namiii akaaa kooo Galooo jalatuuu Likiii godhi ,0,0,0,3,0,0
orm_train_track2_2335,Bye the way . hiddi dhala oromoo abba torbaa . daadhii waaqoo xabboo irra dabree ilma kormaa ykn ilma tokkicha oromo irraa lakkooysa eegale . Amma ammaa oromoon yeroo qaalluu keeyssa Abbaa muudaa filattuYeroo hedduu haalli kun ni mul'ata.,0,0,0,0,0,0
orm_train_track2_2336,dubartiin amanamummaa amalaa naamusa qabeektin gaaddisa manaa biyyaati kabajaan isheef mala,0,0,0,0,0,0
orm_train_track2_2337,Taayyen dhibdee isa mudate dubbatee jira . Inni akka mootummaan kun isa amanuuf akka faarfamuuf dhagaa fi jirmatti of buusee Oromoo fi jabaa oromoo hunda arrabsaa fi xiqqeessaa tureeara . Garuu namni saba ofii tuffatu jabaa ofii xuqqeessu kabajaa fi amantaa hin qabuu URL,0,2,0,0,0,0
orm_train_track2_2338,Oromoo akka bineensaatti ajjeesaa biyyaa ariyaa hiraarsaa mootummaa keeti jedhanii gowwoomsuun hin hojjatu . Oromoo dammaqi . Ilmaan kee garaashii hidhattee dhagaa boraafattee siif duutu WBO faana dhaabbadhu . Hidhadhuu biyya abbaa keetii bilisoomsi . #OromoVoice #OromoIsStarving#,2,0,0,0,0,0
orm_train_track2_2339,Kan galuuuf qaaata galeee Worrra taaargaaa quxuriii hin beeekne maleee Baga ittti cabsite,0,0,0,3,0,0
orm_train_track2_2340,Waaan gaaariii jalqabdan dhugaaaHabtish hojiiin keee yooomuuu   akkkuma saba keeenya booonsettti,0,0,0,3,0,0
orm_train_track2_2341,Wallagga bahaa fi wallagga lixaatti akka ajaa'ibaatti ishee wawwaachisaa jira! URL,0,0,0,3,0,3
orm_train_track2_2342,Bara darbes waraanni Assaminow Xiggee yeroo ummata walloo shororkeessuuf/duguuggaa sanyii irratti raawwatuuf yaalu dura aanaa dawwee harawa qubate booda yeroo lama injifatamee salphate abiyyis amma karama saniin dhufee kunoo dawween waraana isaa qofaa taatee jirti quba qabaadha,0,3,0,0,0,0
orm_train_track2_2343,Injifannoo 16/1/2022 Magaalaa Siree fi Naqamtee gidduutti leenchichi diina saba oromoo kan taatee waraana bilxiginnaa akka baalaa harcaasaa jira . IUOf #Oromia @USER #OromoLiberationArmy URL,0,0,0,2,0,0
orm_train_track2_2344,Shamarran WBO Warra qawwee isaanii tasa diinatti hin laanne . Qabsoo bilisummaa Oromoo keessatti shamarran WBO seenaa addaa qabu Amajjii 1Guyyaa WBO baga geessan URL,0,0,0,3,0,0
orm_train_track2_2345,Maqaaa oromooo faaarsaaa oromooo saba gudddaaa ashaaangulittti faranjiii gooochuuu barbaaadddu ajabUSA ykn biyyyi biraaa waaaeee biyyya keeenyaaa nuuuf hin murteeesssuuu hin dandeeesssusaatiiin 72 ittti baaayyyate 24 ture Abbbichuuuttti omaaa gooochuuun hin dandaaamu tasuuuma dhamahuuudhaAbbbichuuu abbbaaa malaaa,2,0,0,1,0,0
orm_train_track2_2346,Gocha gara jabbeena bilixiginaan nama nagayaa mana hidha keessa bastee haala kananii lubbuu isa dararaa jirti! URL,0,0,3,0,0,0
orm_train_track2_2347,Unvarsitiin iddoo dhaloonni jijjiramaaf itti baratu malee iddoo jeequmsaa fi siyaasni keessatti dalagamu ta'uu hin qabaatu.mootummaan Itoophiyaa nageenyaa fi tasgabbii manneen barnoota olaanoof kennee nageenya barataa keenyaa eeguu qaba.barataan keenyas abbaa furmaata rakkoo ta'a,0,0,0,0,0,0
orm_train_track2_2348,"Itoophiyaatti re’een 'ajaa'ibaa' tokko Birrii 98,000n gurgurame",0,0,0,0,0,3
orm_train_track2_2349,miidiyaaleen oromoo biyya hambaa tamsa'an odeeffannoo oromiyaa keessaa bu'uun yeroodhaan loogii sodaa tokkko gabaasuu qaba,0,0,0,0,0,0
orm_train_track2_2350,Guyyaa 24/04/2022 BEGIIleenchichi diina ilmaan Oromoo ka taatee waraana pp akka baalaa harcaaseejira.Amma Ekekoopteeriin reeffa guurtee dhufaa jirti.Hoo bishaan kee jedhiin #OromoLiberationArmy URL,0,0,0,2,0,0
orm_train_track2_2351,yaa sheekii sobaa hattuu akkana taatee kkk,0,3,0,0,0,0
orm_train_track2_2352,Oduuun hinlakaaahamu Kanaaafu oduuun odeeesaaaleee tasa hinjedhamu News kan jedhamu plural mittti oduuu jechuuudha maleee   Maaalo jarana muka kooolfaaa nu hingooodhinaaa jarana,2,0,0,0,0,0
orm_train_track2_2353,Oduuu keee baaayeee nun fisiiise jirajetu woma jawar xeeebda OMN NISbiyyyattti deeebiati waaaeee qabdi fi boqooolooo ituuu odedsssitaniii isinf waya moralummma itttiiin WBO itttin qeeeqxantuuu nadhibe ofi keeesssani Gadddisa tesssadisa tesssan nyaaata barbaaadan filatani nyaaachaaa sireeegaaariiira rafa  afa,3,0,0,0,0,0
orm_train_track2_2354,kabajaa maalii bada garbicha,0,3,0,0,0,0
orm_train_track2_2355,Buusee baasaan oolaOlqabee gadqabeeImalee imala yaadaaKeessa deebii dhabeeRakkoo keefan aada Dhibdee keen laaladhaSaba guddaa biyyaaOromoo warra GadaaNu suma nuuf wayya Akkuma bifaaf fuulaaUuman namaa gargaraTokko fedhii maatasaafAlagaa jala sasaggaara1) URL,2,0,0,0,0,0
orm_train_track2_2356,obbo bulchaa dammaqsaa ogeessa diinagdeeti jalqabaaf nama paarlaamaa afaan oromootiin dubbataniidha,0,0,0,0,0,0
orm_train_track2_2357,Alabaa Oromoo ibsitu dukkana guyyaa sii dhabbane Gabrummaara banaWbo yoo utubne Gabrummaara bana URL,0,0,0,0,0,0
orm_train_track2_2358,kabajama nama,0,0,0,1,0,0
orm_train_track2_2359,Nuuuf jiraaadhuuu umuriii dheeeraaa leeenca keeenya,0,0,0,3,0,0
orm_train_track2_2360,7thWallaggi alagaa qubsiisee keessummeessee nyaachisee-obaasee galata dhabee iti duulamaa jira . Harka Oromoorraa nyaatanii Oromoo ciniinaati jiru . Qorichi isaa biyya abbaa keenyaa bilisoomsuu qofa . Kana mirkaneessuuf WBO cinaa haa dhaabbanu . IUOF! #OromoVoice #OromoIsStarving,2,0,0,0,0,0
orm_train_track2_2361,Hima didduun du'a hin diddu jedha oromoon Hin deemiin jennaan didde deemte harka waraana Tigrai Galtee ija babafti harroonni shimallis . Warri kun warra booji'amaniidha kan irbaata biyyoo taatee danuu.Boolla isaanii beenzilli haa guutuu . URL,2,0,0,0,0,0
orm_train_track2_2362,saree nafxanyaa Abyii walin gadali galii URL,0,3,0,0,0,0
orm_train_track2_2363,#HaachaaluuSurree jilbarraan dhumte abbaatu waraannata:Roorroo qe'ee uffitti dhuftee abbaatuu tattaafataa.Yoo yartuun nama nyaattee maal isaa taa'anii laaluNyaara dhoowwatumalee . akka ishiin lamuu nyaarreeBiyyee nyaachisuu malee . yoos yartuu irra aananiGaafas sodaatamani.,3,0,0,0,0,0
orm_train_track2_2364,Kan nama aarsu garuu uummanni godinaalee Gujii Booranaa Baalee Harargee caalu beelaan dhumaa jira . Akkuma NGOn hin gargaarrellee beela dhoksuun uummata fixaa jiru.Oromoonillee akka waliif hin dirmanne dhorkamaa jira.,3,0,0,0,0,0
orm_train_track2_2365,. Hoggansi olaanaa ABO jaal Abdi Raggaasaa hidhaatii hiikamaniiru jedhamaa jira . Baga Gammadine!#free the rest also URL,0,0,0,3,0,0
orm_train_track2_2366,Baga jala bultii sirna kabajaa Ayyaana Masqalaan isin gahe/nu gahe . URL,0,0,0,2,0,0
orm_train_track2_2367,#OLAWBOn lola cimaa diina oromoo irratti godhaa jiruun irra aanaa jiraachu himeejira . Konkolaata sirnichi ittiin bobbaatus booji'eera . URL,0,0,0,3,0,0
orm_train_track2_2368,Oduu injifannoo#WBOn_Giddu_galaa_Aanaa_Coobiittii_diina_heeddu_fixuun heedduu madeessee jira meeshaas heedduu hiikeera#Baazuqaan_2_galii_taatee konkolaatan 10n daaraa taateetti Injifannoo cobiitti! URL,0,0,0,2,0,0
orm_train_track2_2369,subscribe godhaaa yaaa saba   kafaltiii isin hin gaaafadhu toluma,0,0,0,0,0,0
orm_train_track2_2370,Dhugaan soba hin jaallatuDidee dura dhaabataaGoonni umurii hin qabuGadheetu galaafataa.2xMadaa nutti taateeHacee madaa hin qoorree#HaacaaluuHundeessaa #OromoProtests URL,0,0,3,0,0,0
orm_train_track2_2371,Bara darbe quuqamtoonni eegumsa naannoo hedduun ajjeefamaniiru,0,0,2,0,0,0
orm_train_track2_2372,abiyyi diina oromoo dhugaadha,0,2,0,0,0,0
orm_train_track2_2373,Kaaba oromiyaa godina walloo keessatti ilmaan oromoo kabajaa bineensi qabu dhabuu irraan kan ka'i kinoo bira suuraa irratti agartan kanaan halkaniif guyyaa dararamaa jiru.Kaan manni jalaa gubatuun kaan ilmaan isaa hidhamee halkaniif guyyaa uleen tumamuun dukkana keessatti argam URL,2,0,0,0,0,0
orm_train_track2_2374,Oromoon akkuma uummata kamiiyyuu aangomuuf OPDOn kufuu qabdi . Dhaaba waggaa 30f namni gaariin yoo hidhamuu fi ajjeefamu namni gadheen du’aa fi dararaa uummataatiif hin rifanne itti wal guuraa baheedha . Dhaabni akkanaa Oromoof qofa osoo hin taane hawaasa kamiifuu hin malu.,0,2,0,0,0,0
orm_train_track2_2375,Oromooo kooo jajjjabadhu ifatttiii nuf bahati jira galataaa waqayyyooo,0,0,0,1,0,0
orm_train_track2_2376,Biyyi walitti bu'iinsaan tokkoffaa baate hinjirtu . Lolaan tadiigamte malee . #Ethiopianis araara buusu qabdi . Tahuu baannan garuu hala kanarra hamaatti cehaa jirti.,2,0,0,0,0,0
orm_train_track2_2377,oromoon liqimfama jedhanii yaaddoon rakkachuun bilaasha,0,0,0,0,0,0
orm_train_track2_2378,.@USER Haacaaluu Hundessaa kan ajjeesisteef qoofa Waaqayoo guyaakee sitti hadukaneessu akka saba gadisiteet attis gadda kessaa hin bahiin barii haaraan 2021 kuun sodaa kan sitti baay'isuu hata'u . Maqaa warra gadaniif cunqurfamtootaatin.Amen URL,3,0,3,0,0,0
orm_train_track2_2379,Join this #challenge with Mr @USER Oromoo taatee wamichaa WBO guyaa 6/26/21 irraa hafnan gabrummaa filatte jechuu dha #Anis_WBO_Dha #FREEDOM_IS_NOT_FREE WBO/Qeerroo/Qarree n lubbuu isaanii kennu ireenyaa rakkisaa jiraatu.1/2,0,0,0,0,0,0
orm_train_track2_2380,Diina akka lamuu hin kaanetti cabsuuf Ergamaa osoon taane ergataa haleeli.Ergamtuun akkuma dur ergamte siifis ergamti.Ergataa jijjiirran ergamaan ergamuma . Kanuma dhufeef kophee taatee tajaajilti.,2,2,0,0,0,0
orm_train_track2_2381,Galllooo kooo nufi jiradhuuu hamaaa siraaa haaa qabuuu,0,0,0,2,0,0
orm_train_track2_2382,Yeroo hedduu balessa namnni tokkoo baleesen osoo abbichuu hin salfatin anatu jala salfata.,2,0,0,0,0,0
orm_train_track2_2383,Guyyyisha sodachisa diiini ittti himi akkkasittti   soba innni dhiiisi namicha soba kan Abiyi eeesssa seeentare ammma,1,2,0,0,0,0
orm_train_track2_2384,Gosoonni sabxiqqaaleen ennaa hedduu dhiibbaan irra ga’u kan Maaynamaar har’a hiriira mormii waraana biyyattii mootummaa siivilii aangoo irraa fonqolche kan guyyaa ja’affaa qabatetti makamanii jiran.URL,0,0,0,0,0,0
orm_train_track2_2385,gurbitttiii hacabarbariii kana ija keeenyaaa dura badiii,3,2,0,0,0,0
orm_train_track2_2386,Rabbbiii jedha Oduuu Daqiiiqa 3hiii himuuuf dhuftaaa,2,0,0,0,0,0
orm_train_track2_2387,Ashamaaa harkaaa funeee,0,0,0,0,0,0
orm_train_track2_2388,Wonti isaaa nati toleee harmeee ofiii jalaaata ajaaaibaaa rabbbiiittti akkkaaati hadhaaa jalaaatu,0,0,0,3,0,0
orm_train_track2_2389,Poolisiin magaalaa Finfinnee jeequmsa kabaja ayyaana Iid al-Faxir har'aa irratti mudateen qabeenyi manca'uu beeksise.URL,0,0,0,0,0,0
orm_train_track2_2390,Wallisaa Galaana Gaaromsaa sodaa qawwee hin qabnu jechuun qabsoo Qeerroon geggeeffamaa ture keessatti artistoota gahee olaanaa gumaachan keessaa isa tokko . Bu’aa bahii hedduu booda Albaama guutuu wallee 14 of . URL,0,0,0,1,0,0
orm_train_track2_2391,Tolli Nagaan jibbamee Garee tplf n jalqabame Ummata gaaga'ama hamaa keessa galchuu ni mala,0,0,0,0,2,0
orm_train_track2_2392,Galatooomiii galaaanaaa garomosaaa ilmaaa sabaaa isaaaf jiraaatuuu kabajaaa ummmataaa oromooo biraaa qabdaaa  wal agaaaraaa,0,0,0,2,0,0
orm_train_track2_2393,Omn fffiii hojjjatooonnni omn onnneee keeennna keeesssaaa jirtaaandhifama walin ilmmman oromo dugugggaaa snyiii irattti Rawatama jiran kana sirrrittti maqaaa Galmmmeeesssa ol Gayyyaaa Akkkasumattti Gaaafa tokkko oduuu irattti hojjjatani warrra hidhamaaa jirullleee Galmmmeeesssaaa umannni tigray umata isani ka dueeefi k,2,0,0,2,0,0
orm_train_track2_2394,Wowww gooota ija barbadaaa bagaaa nagaaa dhufteee ,0,0,0,0,0,3
orm_train_track2_2395,musliimni shororkeessaa miti hubadhaa,1,0,0,0,0,0
orm_train_track2_2396,Afaan oromoo gudeedun hadhabbatu . Yakka gudeeddi afaan oromoo irratti #BiraanuNagaatin godhamaajiruuf Tolaa bariiso ittigaafatama . URL,2,0,0,0,0,0
orm_train_track2_2397,Eenyuu namni WBO Oromo shanee jedhe waamuu? Diina Ummata Oromo tti dhaali eessa haa badu saree gurratii haa dhaalu hin guddatni guddatuu jilbbaa hin darbni haa foqooqqu duddan haa deemu . Jireenyii eessa kani kadhaa haa ta'uu . Oromiyaa yookani du'aa,2,2,0,0,0,0
orm_train_track2_2398,Mana poolisii malaammaltumman shakkameetti manni fincaanii warqeen faayame argame,0,0,0,0,0,3
orm_train_track2_2399,WBO Koo [New Oromo Music-Ilfinesh Qannoo 2021] Sirba Baay'ee Bareedaa WB . URL via @USER,0,0,0,3,0,0
orm_train_track2_2400,Bulgaa Boruu Yakka malee si galaafatan.Duulli maqaa Opireeshiniitin Aanaa Fantaalletti bobbaafame hawaasa nagayaa lafarraa duguugaa jira . lubbuu nama 7 galaafateera.Yaa Oromoo Karrayyuun dirmannaa barbaada.Aanaa Fantaallee irraa Netwoorkin erga badee guyyaan 5 darbeera . URL,0,0,3,0,0,0
orm_train_track2_2401,Namootni akka #Battee_Urgeessaa abbaa ijoollee 3 ta’ee otoo jiru dalagaa bareedaa gad lakkisee tu Qabsoo saba kanaatti bobba’ee . #ILBIISOTNI hospitaala riferaala Naqamtee garuu jal’ina irraan kan ka’e QE’EE mucaa Oromoo diigu maatii bakkeetti hambisu mucaa abbaa malee hambisu,3,3,0,0,0,0
orm_train_track2_2402,Abadan TPLF Aduwwii Islaamaa guddaa! Isaan waliin hiriiruun of dagachuu qoshashummaa salphina.,0,3,0,0,0,0
orm_train_track2_2403,Jalinnni Instructor kun hammmam hamaaadha Hirkooo,0,0,0,0,0,0
orm_train_track2_2404,lakkkoofsi shamarran afgaanistaan barnoota barataa jiranii harka keessaa tokkko waggoota n taalibaan aangoorraa buufame asitti addaan kutuu barnootaa barattoota hedduu mul iseera,0,0,0,0,0,0
orm_train_track2_2405,dhiironni bara waanuma gaarii hin hojjatu,2,0,0,0,0,0
orm_train_track2_2406,Raayyaan raayyumaRaayyaan Oromoodha Kaarruwwaa biyyoon darasaadhaa kaarruuwwa Nobilii fii Raayyaa kaarruuwwa wal wallaaluu dhukkuubaa kaarruuwwaa wal baruu wayyaa bakka hundatti mirgi ilmaan oromoo haa kabajamuu URL,0,0,0,0,0,0
orm_train_track2_2407,Welcome Ustaaaz keeenya jaaalatamaaa fi kabajamaaa Raaayyyaaa Abbbaaa Macccaaa ,0,0,0,3,0,0
orm_train_track2_2408,uuu Hawiiin lubuuun darbuuun   dogongoraTauuu hin qabu uuufff maaaliiif garaaa nu gubdan   yaaa lamiii kenya   hundaaafuuu Hawiiin Duuuu qofatu dogongora maleee kuuuwan Baaayeee gaaariiidha,0,0,2,1,0,0
orm_train_track2_2409,Humnoonni mootummaan Waraana Bilisummaa Oromoo fakkeessee bobbaase uummata saamaa ajjeesaa fi hiraarsaa jiraachuun himame . URL,0,0,0,0,0,0
orm_train_track2_2410,Namni oromoo taatee as irraa jirtuu wal arrabsuu fi wal tuffachuu haa dhifnuu Utubaa biyyaa itoopiyaa kan oromoo fi oromiyaadha Obsii yaa oromoo Abdii tee Bilisuummaa Abbaa biyyummaa Afaan kee Afaan federalaa tahu Bilisuummaan dhiigaan Qabsoo karaa naga hin jirtu,2,0,0,0,0,0
orm_train_track2_2411,Durii akkaakayyuun kenya raatuu tti koolfaan ta'aa (kani arrabni dhaalchuu kormuu yaabee hin dhaalchuu)kanaafuu Opdo eergamtuun diina kani garaa malee gurra hin qabnee raatun nu keessatti dhaalatee rakkaana.,0,3,0,0,0,0
orm_train_track2_2412,Vidiyooon sirba hin madaaalu Audio dhagaheee yooon vidiyooo buuuseee ilaaalu na jalaaa gadi bue Gara fuuulduraaa ittti nuuu yaaadi Walalooon yeeedalooon qindeeesssuuun baaayeee gaaariiidha,1,0,0,1,0,0
orm_train_track2_2413,@USER Leel leel leel rabbi dukkana otti haa huwwisu . Maal jenna kana?,0,0,0,0,0,2
orm_train_track2_2414,Bulchiinsa magaalaa Hoolataatti ayyaanni cuuphaa haala bareedaa fi nagaan kabajameera . Sirna kabaja ayyaana cuuphaa faarfattoonni faarfannaan hirmaattoonni immoo sirbaan miidhaginaa gonfachiisaniiru.Ayyaana Gaarii! URL,0,0,0,3,0,0
orm_train_track2_2415,@USER lammiin kee dhumaa jira . Bakka lamma sadii taatee maraatti sagalee Ta'iif . Dirqama Oromummaa kee ba'i . @USER # _ _ @ _ . URL,2,0,0,0,0,0
orm_train_track2_2416,@USER Addunyaanu si beeyti akka ati shororkeessaa gudda taatee tplf fi abon shororkeessaa mitii,0,3,0,0,0,0
orm_train_track2_2417,Hordoftootni amantaa Kiristaanaa baga Ayyana Qilleetiin isin gahe . Kanneen alaa fi manattis osoo Maatii fi Firoottan keessan wajjiin kabajachuu dandeettanii Kabajachuu hanqattan akka itti jirtanii fi bakka jirrtanitti baga isiniin gahe baga walumaanuu nuun gahe!,0,0,0,3,0,0
orm_train_track2_2418,galataaa gudddaaa oromo biraaa qabdaaa umuriii dheraaa nuuu jiradhuuu,0,0,0,2,0,0
orm_train_track2_2419,Mii'aa (qodaa)ta'aan fanniissan dhaabatan buusuun nama hin dhibu.amma Opdon maa raatu taatee yoo jeene akkakayyuu kenya ttu raatuu tti koolfee ta'aa kanaafuu Opdon jaanjoo taati,0,2,0,0,0,0
orm_train_track2_2420,@USER Baga gammanne warra hafanis rabbiin nuuf haa baasu,0,0,0,2,0,0
orm_train_track2_2421,"@USER Abbaa Muuxee B.Leenjisoo itti fufuunis ergaa ""Oromoon tokko ta'ee osoo deemuu qabuu shira walitti xaxuu wal irraa diina ittisuu akka rakkate ibsu barreesse . Birhaanuu Leenjisoo akkuma loltoota Abiyyi Ahimed fi Isaayaas daa'immaan guddee sanaaf gatii kee akka argattu abdii qaba.",0,2,0,0,0,0
orm_train_track2_2422,j/n nagayaan jaalummaa haa duursu rakkoo qabsoon qabdu bu'aa bahii gaddaa fi gammachuu gufuu fi guufaata qabsoon qbdu hundarra aantanii injifannoo arra irra jirtan tana baga geeysan !!! nullee boonsitan galanni keeysan galma bilisumma haa tahu isiniin jechuun barbaada . Akkuma,0,0,0,3,0,0
orm_train_track2_2423,@USER Garii hiikanii garii mana hidhaatti dhiisuun rakkoo of keessaa qaba ammas Oromoon waan kana qalbiin hordofuu qaba miira gammachuu gaddan dabaalamee kanaan deemun daranuu Oromoo miidhuu mala abbatu of mara jedhe bofni,3,0,0,0,0,0
orm_train_track2_2424,Baga bacaqii gannaa irraaBooqaa birraa geessan Ayyaana gaarii! URL,0,0,0,2,0,0
orm_train_track2_2425,@USER Abbaa jaalala nuuf jiraadhu Abbichuu kko,0,0,0,2,0,0
orm_train_track2_2426,Mat . 5 Yesus '''Fira kee jaalladhu diina kees jibbi!' jedhamee akka himame dhageessaniittu . Ani garuu isinittan hima diinota keessan jaalladhaa warra is in ari’ataniifis kadhadhaa! Kana yoo gootan ijoollee abbaa keessanii isa waaqa irraa in taatu,0,0,0,0,0,0
orm_train_track2_2427,Dhiiifama waliiin caaaltuuu akkkuma duraaanittti ufffata matarrrattti akkka nuuuf ufffatttu kabajaaan isin gaaafannna qabsoooftuuu teeennna si qeeequuu osooo hin tahin akkkuma nasihaaattti siiif dhaaamuuu barbaaada,0,0,0,0,0,0
orm_train_track2_2428,Hayyuukoo Qarookoo Wayyoo!Guutaakoo NGO hedduu keessaatti hojjetaa jabaa jedhamtee jajamaa turte . Oromiyaa keessa lafa miillikee hingeenye hinjiru . Marii ji'a lama dura waliin goone keessaatti Guutaakoo olii . URL,0,0,3,0,0,0
orm_train_track2_2429,Abban fedhehu Amanta ifiiratti du'a Filataa garuu Namnii kamu nama gadii mitti Abban ifii of kabajuu namnii nama kabaja jedhanimi I.m muslim Alhamduliy namnii Amanta muslima tuqe Tokkkolen najan bahu kana qofa bekka oromummafi Amantii maaltu walii fidde yaa Oromoo Akkana egaltani URL,2,0,0,0,0,0
orm_train_track2_2430,@USER Ameen ya Rabbi ya Hayyu ya Qayyum,0,0,0,3,0,0
orm_train_track2_2431,Jalatamitotaaa fi kabajamitotaijoleee oromo ko asumani mati naf tayaaa ,0,0,0,0,0,0
orm_train_track2_2432,Waarii barrreffama yaadootaa kana qopheesitani fi hirmatoonnillee gammachuun keessaan addunyaa akiraa haa tahu jedhaa galatoomma ammas galatoomaa jallan abdii biyyaa !,0,0,0,2,0,0
orm_train_track2_2433,TPLF Amaan booda abdiin isaa maali? Abjuu abjoocha turee hawwinsaa nama dukkana keessa qaroon isaa bade ta'ee jiraa . Kanaafu warrii TPLF waliin firomtanis soddumaan keessan umurii gabaa ta'a jira . Maqaa Ummata oromootiin hindaldalinaa . Dhiga ilamaan oromoo isin balleesaa!!!,3,3,0,0,0,0
orm_train_track2_2434,@USER Ormi illee Orma ati hoo Maal taatee Gaafii Sabaf Hin Qabsoofneree?,2,0,0,0,0,0
orm_train_track2_2435,garee shamarranii roobootii tolchan afgaanistaanii baasuuf muddama guyyaa baayyeef taasifameen nagaan kaataar galaniiru dhaabbanni hime,0,0,0,0,0,0
orm_train_track2_2436,oromiyakiya30222 ooops calm down  yooom ani Egypt irrrattti sin jadhe otooo taes maaalif hamaaa dubbbattta safuuu,0,0,0,0,0,1
orm_train_track2_2437,@USER Gorsu hundu inuma gorsa garuu baayyee Assimilated ta'eera . Ega Jawar hidhame koompaasii Hayyoota harkaa badeera . Hayyoonni baayyeen saayikolojiin ummata Oromoo tasa hin gallef yoon jedhe soba miti . Kana sirreessuun yoo barfateyyuu ammas karaatti deebisuun ni danda'ama.,2,0,0,0,0,0
orm_train_track2_2438,Keeniyaan harree qalanii foon gurgurtaaf dhiyeessuu dhorkitee turte deebistee eeyyamte,0,0,0,0,0,0
orm_train_track2_2439,Dhimmmi qubeee afaaan oromooo dhimmma   dhiiiga buaaa qabsooo oromooo ti Khuni ergamtuuu diiinaaa opdo fiii diiinnni oromooo willliiin bocani Hin fudhatinaaa didaaa didaaa,2,0,0,0,0,0
orm_train_track2_2440,Hojiii Gaaariiidha Jabaaadhu,0,0,0,2,0,0
orm_train_track2_2441,Galgala gaafa sanaa erga lubbuun kee bahee hin dhageenyee hace waan Oromiyaan ta'e Oromiyaan biyyi kee ofii dhama dhugaa kaaniif aannan baatee harras dhiiga boossi qe'ee gaddaa taatee . URL,0,0,3,0,0,0
orm_train_track2_2442,Dishta ginan ittti cabseee akkka gaaariii hàa jiraaatu innni,0,0,0,3,0,0
orm_train_track2_2443,Shamarree Salaamaawwiit miidhaa asiidiirraa lubbuun ooltus ammas yaaddoo qabaachuu himti,0,0,0,0,2,0
orm_train_track2_2444,Seifun ammma engilifaaan interview in godhaaareee  Thanks Gammmeee,0,0,0,1,0,0
orm_train_track2_2445,Mormiiin guyaaakanaaa adaaafkufnaaan kasaaareee   guyaaakanaaa   amantiiikufnaaan Guyaaaseeeriiimotuuuma   kufeeejaneeeyamnaaa   duaaabadhaaadhiiinaaatiii   jachuuutuuu   hudhaaaciiimtuuu walqabeeehubadhuuu,0,0,0,0,0,0
orm_train_track2_2446,Ummaata kana waliin biyya takkarra hanga har'a jiraachun keenyayuu heddu na ajaa'iba! URL,0,0,0,0,0,2
orm_train_track2_2447,Jirrra jirrratu ijaaafi gurrra ummmata baga jiraaatttan nutis galata isaaa,0,0,0,3,0,0
orm_train_track2_2448,erga fixee booda akka reeffa hin kaafne dhoorkee hallayyaarran gadi gatuun reeffa bineensa nyaachisaa jira . Aanaa H/Abootee Dagamis rakkuma walfakkaatutu jira . Dargaggoonni asii gaditti argaman hundi jumlaan bakka tokkotti ajjeefamanii jiru . URL,0,0,3,0,0,0
orm_train_track2_2449,Malooo Altilet Faxuma Roba nuuuf dhiyesssi  maaali irrra akkka isheee jirtuuu baruuu barbadaaa ,0,0,1,0,0,0
orm_train_track2_2450,Abdo kenyaaa uzatasi kenyaaa nuf dhiyeeesssu keti galatomiii Garuuu bakkka ati illleee jettti saniii sirrriii mit atis isaaanis jetttuuu malllaaaf uzatotaaa kenyaaa kabajaaa isaaani jedhe male ati jechuuuni dubbbiii Naxalaaa hin bareeeduuuatisisaaanis,1,0,0,1,0,0
orm_train_track2_2451,Injifannoo Dabalataa!Madoo PP Ampulaansi shaniin Nageelle Boorana irra gara Hawaasaatti Deema turtes Cibraa Odaa Adoolaatiin daara botoroo taateertii.Leenca Rafee ciisu reeffa seete Adurreen afaan fuunfattii,0,0,0,3,0,0
orm_train_track2_2452,Wow Atuuu gotaaa wayi fakataaa Dhabaniii keee akkka ullleee shimalaaa Sagalen keee kiloleee bayyyeee namati tolaaa ,0,0,0,3,0,0
orm_train_track2_2453,@USER baay'ee gaarii jabaadha gootoota keenya ilmaan abbaa gadaa hojii boonsaa hojjachaa jirtan galatoomaa.,0,0,0,3,0,0
orm_train_track2_2454,@USER Baga Walumaan geenye! Ayyaana Gaarii!,0,0,0,2,0,0
orm_train_track2_2455,maddeen keenya Sudaan irraa nuuf himanii jiru.Yeroo ammaa koree olaanaan ajejoota waraanaa Sudaan Dirree Waraanakan gahe yoo tahu waraanni guddaan eegalamuu danda'a yaaddoon jedhudabalee jira.,0,0,0,0,3,0
orm_train_track2_2456,Woyyyooo kolfaaan dhumannneee baranaaa ,0,0,0,2,0,0
orm_train_track2_2457,Guutuu Suur-sagalee kabaja Guyyaa WBO fi jijjiirra bara Haaraa rakkoo in . URL via @USER,0,0,0,0,0,0
orm_train_track2_2458,Naaanooon Amhara Amharrri sochiii ABOn WBOn naaanooo oromiyaaa keeesssattti gochaaa jiru argiteee  sodaaa irrraaan kan kae wacaaa jirti,0,0,0,2,0,0
orm_train_track2_2459,@USER Arfasse baga gammadee Alhamdulillaah Alhamdulillaah jedhii haa oromoo haa Namaa hudaa,0,0,0,2,0,0
orm_train_track2_2460,@USER Meeqan du'aa atimoo . Achii naa dabaare jennaan isiin ilaalun dhufee maale,0,0,2,0,0,0
orm_train_track2_2461,dhiironni naayijeeriyaa shamarraniif baasiii baasuu irratti maaliif fincilan,0,0,0,0,0,0
orm_train_track2_2462,Waraniii biliiisummmaaa oromia angooo mitttiii kan barbaaaduuu dhugaaa fi mirga abbba biyyyuuummmaaa fi dhidhamaaan siyaaasa galkisaaa partiiileeen jiraaan debbbianiii yadhabatu kan jedheee waraniii WBO,0,0,0,0,0,0
orm_train_track2_2463,'Xayyaarri Itoophiyaa obomboleettii cimaa keessa qubate kan jedhu soba'- Daandii Qilleensa Itoophiyaa,0,0,0,0,0,0
orm_train_track2_2464,An gama koootiiin lammmi Ethiopia jedheee uf waaamuuun akkka waaan   tasa   jawwweeen nattti marameee   na ciniiinuuuf deeemuuuttti   nattti dhagahama   osooo lammmikooo   taheee yooom   lafeee keeenya nu cacccabsu,0,2,0,0,0,0
orm_train_track2_2465,Ilma Oromoo taatee sirna Nafxa nyaaf kan qawwee battu ati diina Oromoodha . URL,0,3,0,0,0,0
orm_train_track2_2466,@USER Gota yoo jedhan si.i malee kan soba!!!!,0,2,0,0,0,0
orm_train_track2_2467,"Naannoo Somaaleetti namoonni 24 lolaan du'anii, abbaan warra 23,000 buqqa'an",0,0,2,0,0,0
orm_train_track2_2468,Guyyaa 25/10/2021 Konya shawaa kaabaaOna salaaleettiAraddaa warra jaarsoottiLeenchichi diina saba oromoo kan taatee waraana weerartuu sirna dulloomaa utubuuf baatee daaraa godhee jira.Ammas marroo lammaffaaf waa jira waaqni haqaa si waliin haa ta'u.Abba haqaa.#Oromo_is_OLA URL,0,0,0,3,0,0
orm_train_track2_2469,dubartoonni mimmiidhagoon baayyeen abbaa nama sodaachisu qaban maaliifii,0,0,0,0,0,0
orm_train_track2_2470,Jajjabee mudhii rasaasaa halkaniif guyyaa diina watwaachisee raasa wbo koo galatooma URL,0,0,0,3,0,0
orm_train_track2_2471,Ashamaaa Baga Ngn dhuftan,0,0,0,2,0,0
orm_train_track2_2472,Amantiin baay'ee barbaachisaadha . #Amantii ati waan gaariif itti fayyadamuu baannaan kan siin mormu sun hamtuuf itti fayyadama.Jawaar Mohaammad,0,0,0,0,0,0
orm_train_track2_2473,Dalagaaa keee siii debisteee titan irko,0,0,0,0,0,0
orm_train_track2_2474,".baarccumaa ulfinaa Oromiyaa kenya ""waan ofitti qullaa ka'uu"" kani kee waan ta'ee fu qullaa kaatullee namni sii dhowuu hin jiru . kani Orma uffatee yoo bareede namni sii keenu hin jiruOromon waggaa dhibba baarccumaa salphinaa gubba ta'ee kunoo amma gaye jechuu ttu irraa jira .",2,0,0,0,0,0
orm_train_track2_2475,Jabaaadhu sirbaaa gaaariii dha,0,0,0,2,0,0
orm_train_track2_2476,Dudhaaan seeenaaaqabdiii   safuuun   Sheeenaaaqabdiii   seeeriiikabajaaaqabaaa siiinxaaaleeesuuumaaan balaguuumadha   namniii waaansodaaatuuuqabneee maaataaansatuuu sodaaadhaaa dhabadhaaayadaaa,3,0,0,0,0,0
orm_train_track2_2477,OMN: Lammaa Magarsaa ni fonqolchan Jawaariin ammoo.Qondaala ODP duraanii Milkeessaa Miidhagaa(PhD) URL,0,0,0,0,0,0
orm_train_track2_2478,@USER Rakkoo fayyaa furuun waan dansaati . Garuu immoo rakkoo nageenya biyya keenyaa furuun waan hundurra gaarii ture.,0,0,0,1,0,0
orm_train_track2_2479,Gameda Hojjjiii gaaariii irrra jirta Jabbbaaadhuuu ,0,0,0,3,0,0
orm_train_track2_2480,Loltuun Sabaaf dhaabbate Akkasitti nageenya saba ofii tiksa.Uummatichis sodaa tokko malee bitatee gurguratee nagayaan bahee nagayaan gala.Qabsoo uummataawaa jechuun akkasi.Qabsoo akkasii ammoo humni jilbeeffachiisu tokkollee hin jiru.W B O n sadarkaa kanarra jira @USER URL,0,0,0,2,0,0
orm_train_track2_2481,Ajaa'iba Qur'aanaa - URL’aanni nuti guyyuu qaraanu kun kitaaba amantii kan Masjiida qofa keessatti qara’anii achitti dhiisanii biraa bahan qofa osoo hin taane qajeelfama addunyaa cufaati . Sochiin teenya hundi tan Qur’aana bu’uurfatte tahuu qabdi . Qur . URL,0,0,0,0,0,0
orm_train_track2_2482,eeenyu siiin jedhugalooo kooomaqaaa si madaaaluuun dhabe hamaaan si hin argiiin,0,0,0,3,0,0
orm_train_track2_2483,Pirezidaaanti moootummmaaa naaannnooo oromiyaaa Obbbooo shimalis Abdiiisaaatiiif Abiyyy Ahamediiif BJ Dhimmmi Rakkkooo Caaasefffama GBBB tiiin wolqabateee Aanaaa Gooorooo Dooolaaa irrra gahaaa jiruuu fi qaaama Akkka rakkkooo Kun hin hiiikamne taaasisuuun moootummmaaa fi Uummmata adddaaan fageeesssuuun gabaaasa sobaaa gara keeesssan ergu Akkka furmaaatni sirrriiin kennnamuuuf isin beeeksisuuu taa 1Gama Gabasaaatiiin Bulchaaan GBBB Obbbooo Abdurazaaaqi Huseeen hanga hardhaaattti osooo mariii tokkkollle Uummmata waliiin hin gagggeeesin osooo tajaaajillli mannneeen hojiii moootummmaaa hin jiraaatin osooo mannneeen barnooota 81 tokkkollle hin saaaqamin osooo Ummmatni mormiii caaasefffama GBBB hanga dhumaaattti hanga lubbbuuun jirrruttti hin fudhannnu Gadina Gujiii teeesssooon isaaa Magaaala Adooola tae jalattti bullla jedheee ittti fufaaa jiru Bulchaaan GBBB Obbbooo Abdurazaaaqi Huseeen gabaaasa sobaaa kan angooo ofiii itttiiin dheeerefatu kan gara biraaatiiin rakkkooon Akkka hin hiiikamne taaasisu moootummmaaa fi Uummmatallle awwwaaale gara keeesssan ergaaa jira waaan taeeef Akkka sirrraaau gaaafannna 2Gama barnoootaaatiiin Akkkuma asiiin dura gabafamaaa turettti hanga hardha gaaafa 21022016 ttti mannneeen barnooota Aanaaa Gooorooo Dooolaaa jalattti argaman 81 tokkkollleeen kan hin saaaqamin jira Baratoootni Kuma 52 ol kan Aanicha keeesssattti argaman barachuuu dhiiisiii hanga hardhaaattti osooo hin galmaaahin jiru Gama kanaaan jireeenyi dhalooota egereee waaan dukkkannnaaaeeef dargagggeeesssi Aanicha hundi Akkka jiruuun fuuula isaaa gara adeeemsa hin mallleeettti deeefffateee waaan jiruuuf Akkka moootummmaaan deeebiii fedhiii hawaaasa gidddu galeeesssa godhate deeebise Uummmata kana tasigabbbeeesssu gaaafannna Gama Mana barumsaaa Aanaaa liiiban Wolqabatuuun Ganda Gujiii 6 keeesssattti barataaan 8000 oli haga ammmaaattti barachuuu dhiiisiii Galmauuu dhabuuun Gudddooo nama gadddiiisa 3 Gama qonnnaaatiiin Yerooo ammmaaa Kun Akkka woqtiii naaannnooo gammmooojjjiiittti hennnaaa rooobaaa fi midhaaan garaaa garaaa ittti Oomishamu waaan taeeef Uummmatni Aanichaaa sanyiii filatamaaa fi Calllaaa gudddistuuu dhabuuun hegereeen Uummmata Aanicha gara fuuulduraaattti osooo waaaqi Roooba kennneee jiru sababa rakkkooo kanaaatiiin kan beeelaaaf saaaxilame tau Gama fayyyaaa beeeyladaaatiiin wolqabate tajaaajillli hojiii moootummmaaa tokkkollle waaan hin jirrreeef qorichi beeeyladooola waaan dhabameeef beeeyladoootni kumaaatamaaan laaakkkaaman Uummmatarrra dhukkkubaaan kan dhumachaaa jiran waaan taeee fi moootummmaaan furmaaata hatatttamaaa akkka nuuuf kennnu gaaafannna 4 Gama Fayyyaaa namaaatiiin Aanaaan Gooorooo Dooola buuufata fayyyaaa 6 keeelllaaa fayyyaaa 38 qabdi Kun hundi sababa mormiii caaasefffa GBBB tiiin waaan cufameeef keeesumatttuuu haaadholiii fi Daaaimmmaaan baaayeeen dahumsarrrattti lubbbuuun darbaaa jiraaachuuun daraaan hammmaaachaaa dhufeee jira Sababa Tajaaajillli fayyyaaa Haaadholiii fi Daaaimmmaaaniiif kennnamu hundinuuu dhaaabbbateee fi daaaimmmaaan hanqina nyaaata qaban torbaaaniiin hordofaman baaaynnnaaan 150 oli taan Tajaaajillli Isaaaniii Waaan adddaaa citeeef Miiidhaaa hammmaaataaa keeesssaaa jira jedhani Namoootttan dhibeeewwwan dadddarbooo hin taaane kannneeen akkka Dhiiibbbaaa dhiiigaaa Dhukkkuba sukkkaaaraaaDMHT N Epilepsyfi kkkf qoricha dedddeeebianiii fudhatan waaan dhabaniiif lubbbuuun namooota heddduuu darbaaa jira Kan jedhani Ogeeeyyyiii fayyyaaa Aanichaaati Gama biraaatiiin namooonnni dhibeee HIVAIDS woliiin jiraaatan dedddeeebianiii Viral Load ykn baaayina vaaayirasiii isaaaniii laaalllamaaa qoricha lubbbuuun dheeerefffatan fudhataaa jiraaatan bakkka tajaaajila kana argatanuuuf dhabaniii dua balbalarrrattti caqafataaa jiran heddduuu jiraaachuuun Gama sarbama Mirgaaa dubartoootaaa tiiin Wolqabatuuun Haga Rakkkooon Caaasefama Godina Booorana Baha jedhamuuu Kun dhufeee as magaaalaaa haraqalllooo qofa keeesssattti dubartooonnni 35 Dirqiii dhaaan deeedamaniii jiru Haaaluma Caaasefama Godina BBB jedhuuun Wolqabatuuun taaasifameee as Ampuuulaaansiiin Dubartoootaaa Deeetttuuuf bitameee Jia sadddeeetiiif Guyyyaaa tokkkollleee dubartoootaaa Tajaaajileee hin beeeku Worrra Godina booorana tiiif Qaaamoleee woraaana tiiin fudhatameee jira waaan kanaaafuuu Nuuuti Gujiii jedhameee waaamamna male hanga lubbbuuun lafarrra jiru booorana jedhamne hin waaamamnu Godina Boooranaaa jalattti hin bulllu waaan taeeef moootummmaaan kana nuuuf hubateee caaasefffama Aanaaa Gooorooo Dooola Godina Gujiii jalattti deeebiseee Uummmata Aanaaa Gooorooo Dooola sekendiii tokkkottti gara nageyaaa misooomaaa fi Tajaaajila garaaagaraaa Akkka argatuuu Deeebiii hatatttamaaa akkka nuuuf kennnu gaaafannna Hora bulaaa,2,0,0,0,0,0
orm_train_track2_2484,Tafaaariii Kenya lencaaa oromooo nuuuf jiraaadhu sanyiii ofiii ,0,0,0,2,0,0
orm_train_track2_2485,muddi jedhiin ima baddi nafxanyaan,0,3,0,0,0,0
orm_train_track2_2486,Arra dukkana keessa jiraattusNi hubatta guyyaan boruu ifa Calaqqee ganama arraa tanaBaha biiftuutu duubaan dhufa Akka yartuun haasooytuu mitiKeessi kee Oromoof barraaqa Sammuu Oromoof yaadduunSiitu qulqulleessa balfaaf raqa Rabbiin hidhaa cubbuu irraaSi baasee URL,0,0,2,0,0,0
orm_train_track2_2487,Daraartuu Bulloo jedhamti Magaalaa walisootti hojjettuu manaa taatee utuu hojjechaa jirtuu hidhaa [mana sareetti]reebicha dararaa hamtuu hojjechiiftuu ishiitiin iidhaan hamaa irra gahaa tureera . Dhugaatti haqni ishii namoonni quba qabdan haa bahuuf . URL,2,0,0,0,0,0
orm_train_track2_2488,Yeroo amma haalli biyyi keenya keessa jirtu baay'ee nama yaaddeesa.waraanni amma deema jiru kun oomisha sassabbamuuf gahee jiru qotee bulaa jalaa balleessa jira.haalli.yeroo gabaabdu keessatti walloon guutumma guutuutti beelaaf saaxilamu hin oolu hedduu nama yaaddeessa.,0,0,0,0,3,0
orm_train_track2_2489,"@USER Kadir ""Bokoka hinjajiin quufa jajii"" jedha Oromon . Kankee jajuun gaarii tahee kan ati jajju kun orma jajuurra darbee itti galuun maali?",2,0,0,0,0,0
orm_train_track2_2490,Baayidan dhorkaa viizaa biyyoota Musliima hedduu qaban irra ture kaasan,0,0,0,0,0,0
orm_train_track2_2491,shamarran teenna bultii hin ijaarratin bultii gaarii ufii jaalatte qabi hiree bareeda baasiif rahmanni,0,0,0,0,0,0
orm_train_track2_2492,Heddduuu bareeedadha  Baga Rabbbiii si gargaaare,0,0,0,3,0,0
orm_train_track2_2493,Akkoo Manooyyeetu lafaa olitti Waaqaa gaditti mana naaf ijaara jettee yeroo jarsoolii biyyaa ajajjuu Jarsooliin immoo utubaa abbaatu dhaabbata koottu dongoradhu jedhaniin jedhama . Warri aangoo eenyummaa siyaasaa da'oo godhatanii Akkoo Manooyyee nutti ta'an hedduudha.,3,0,0,0,0,0
orm_train_track2_2494,Oduu Injifannoo Adda waraana Raayyaan B/janaraal Hayyaloom Kaasayee biyyoo nyaateera.Hoogganaan waraana juntaa adda waraanichaatti osoo lolchiisaa jiruu yoo haleelamu loltoonni isa jala turan hedduun harka laatanii jiru.Injifannoon itti fufa juuntan ni kufa.,0,0,0,2,0,0
orm_train_track2_2495,Itoophiyaatti namoota sababa COVID'n du'an kuma jaha ta'an keessaa kan talaalame tokko qofa,0,0,0,0,0,0
orm_train_track2_2496,Malllo kolfan dhumne,0,0,0,2,0,0
orm_train_track2_2497,Leeenca Sabaaa Leeenca sodaaateee dhugaaa hin dhoksine jiraaadhu dhugaaankeee akkka aduuu saaafaaattti ifteee siiif haaa mulatttu Sijaaalllannna,0,0,0,2,0,0
orm_train_track2_2498,dubara amanuun seexanatti kennuudha,0,3,0,0,0,0
orm_train_track2_2499,Itti Dhihadhaa Hubaanna Qeerroo Bilisummaa Oromoo Qarree Bilisummaa Oromoof uummata oromoo hundaaf Kutannoof akeekni Ajajoota Waraana Bilisummaa Oromoo qabatan sochiirra jiran.1 Bilisummaa Jaallan hedduu . URL,0,0,0,1,0,0
orm_train_track2_2500,OPDOn   nikaya woyyyaaane   ofirrraaa   hiiikteee   nafxanyaaattti   heeerumte  garaaan   nu   gubateee,0,3,0,0,0,0
orm_train_track2_2501,fatutiya2875   abo innni fudheee jiraaa usiii jarsaaa asiii siii barbadaaa obsiii,0,0,0,0,0,0
orm_train_track2_2502,Ya carra namoota kana bayyeen gadda . rakkoo kan keessa bahu qabu! URL,0,0,3,0,0,0
orm_train_track2_2503,#OROMONWALIIFDIINAAMITIhayyoonni oromoo alaa fii keeysaa yeroo gabaabdutti walitti dhufnee siyaasaa teenya tan diinni diige tana walitti deebifnee jaaruu qabna . tokkummaa hayyootaa nu feesisa malee tokkummaa sabaa qabna arraas . tokkummaa dhabuu hayyootaa fii dhaaboota nu'facaase,2,0,0,0,0,0
orm_train_track2_2504,WBO Marooo Qeeerrrooo Qaaareee Kegaaa Oromumaaa Forever ,0,0,0,2,0,0
orm_train_track2_2505,2022 Baga nagaan geessan 2022 bara hidhamaan keenya itti hiikamu2022 bara bilisummaa nuuf haa ta'u URL,0,0,0,3,0,0
orm_train_track2_2506,Miseensonni humna addaa Oromiyaa 40nni guyyaa arraa hidhannoo guutuu waliin Waraana Bilisummaa Oromootti harka kennatanii jiru . Simaannaan gaariin godhameefii mooraa leenjii qabsoon Oromoo galanii jiru . Rasasa firii 567 boombii 18 Girnoob 3 fi maallaqa Qarshiin 40000 isaan waliin URL,0,0,0,3,0,0
orm_train_track2_2507,kkk guyyyooo   goootota sobaaa opdo,0,2,0,0,0,0
orm_train_track2_2508,Halaala taa'anii Gaazaa ilaaluun baayyee nama dhukkubsa - Gaazexeessaa BBC,0,0,0,0,0,0
orm_train_track2_2509,Caamsaa 7 2022 galgala 6:00 (12ALH) magaalaa Dambii Doolloo karaa gaaraa Halaqaa ganda 04 seenuun waraana PP haleelee jira balaa qaqqabee jiru adda baasuun ulfaata dha jedhu oduun naannoo sana maddu . #OromoLiberationArmy #Oromiyaa URL,0,0,0,0,0,0
orm_train_track2_2510,'Bineensonni sagalee leencaarra kan namaa sodaatu' - Qorannoo,0,0,0,0,0,0
orm_train_track2_2511,Waggaa lama dura ture kan isaan wayyaa Gaddaa uffattanii Oromummaaf quuqama qabdan mul'iftan jechuun hiriyoota isaa waliin Haromaayyaa Yuniversiitii irraa ari'amanii rakkoo hedduu keessa turan . Roorroon yeroo hammaatu sibiila nama kaasisuun dirqama.Mirgaan gali qaxaleeko milkaa'i URL,0,0,1,0,0,0
orm_train_track2_2512,namni tokkko erga haaasae yaaada ofiii geeefffateee boooda   namni biraaa hasauuun aaadaaa haaasawaaati Podkasticha irrrattti yerooo heddduuu tokkko osooo yaaada ofi hin fixatin ka bira hasawu jalqaba kun immmooo miiidhagina podkastichaaa ballleeesssa kanaaaf osooo wal dhagefffataaa deeemtaniii gaaariiidha,1,0,0,0,0,0
orm_train_track2_2513,TPLF Juntaan dhaloota badee injifatame . Ilmi guddatuufi hin guddanne dhalootasaarraa barama! kan jedhamu sun dhugaa mammaaksa bira darbuudha . Kahumsi injifatamuu Juntaa fincilaafi qabsoo ummataatiin olitti haalaafi amala dhalootasaarraa kan madduudha.URL URL,0,2,0,0,0,0
orm_train_track2_2514,Alhamdulilah Galanni kan Rabbiiti.Jaal Battee Urgeessaa fi Jawar Mohammed waliin isaan arguun adawwiif dhukkubbii mataa yeroo tahu nuuf immoo gammachuu addaati . Baga Rabbiin Jaal Battee Urgeessaa isa fayyisee Bulloon wal agarsiise Hoggantoota keenya hidhaa jiraaniis Rabbiin haa . URL,0,0,0,3,0,0
orm_train_track2_2515,Abbbaaa Gadaaa Boranaaa   Safuuu innniii hojjjateeen ummmannniii midhamaaa,1,0,0,0,0,0
orm_train_track2_2516,Chaayinaan hongeen itti hammaannaan rookkeettii samiitti ergitee bokkaa roobsuuf yaalaa jirti,0,0,0,0,0,0
orm_train_track2_2517,Nagaa biyya keenya fiduuf namni hundumtuu itti gaafatamummaa qaba haa ta'u malee garuu moo hundumtuu anatuu beeka malee dogoggora ofii hubachuu hin barbaadu sabni maal barbaada maal jedha jedhe dhageeffachuu hin barbaadu bilisummaan ummata koof haa ta’u,2,0,0,0,0,0
orm_train_track2_2518,ODUU GADDAA #KARRAYYUU Akka naannoo Oromiyaatti iddoo lubbuun namaa ittii gatii dhaabee kaan taatee #Fantaallee irraa har’as goota galafatee . Waan kaan hubbatta qabdu Oromoon martuu beekuun dirqama . #Karrayyuun sababa malee du’aa jiruu dirmachuun dirqama URL,0,0,3,0,0,0
orm_train_track2_2519,raayyaa abbaa maccaas ta'e hudduu yaa banu barbaade takka sodaatu hin jiru,0,3,0,0,0,0
orm_train_track2_2520,musliima miti ortodoksii miti pirootestaantii miti kaatolikii miti du'a nama fayyisu iyyasuus qofa,0,0,0,0,0,0
orm_train_track2_2521,@USER ok garam jirta hin dhufnaa waamicha hafuun salphina waan ta'eef,0,0,0,0,1,0
orm_train_track2_2522,Yeroo Oromoon salphina keessa jiru kanatti ejjennoo kiyya jijjiiruu mannaa du’a koo gammachuun simadha . Jawar Mohammed!,0,0,0,0,0,0
orm_train_track2_2523,Yerooo kamiyyyuuu caaalaaa kabaja gudddaaa isiniiif qaban ofi egggadha lammmiii kooo,0,0,0,2,0,0
orm_train_track2_2524,Worrri jimmmaaan kuuulllooo jechaaa turtan hardha maaal jetttu reee wlh ani guyyyaaa takkka ummmata jimmmaaa kana qeeeqeee hin beeeku gantuuun bakkkuma mara jirti,2,0,0,0,0,0
orm_train_track2_2525,As wr wb abduuul  Akamittti youtube bilbilaaa wajin nu jalaaa badeee akkkamiti defana please naaaf debisiii galataomiii,0,0,0,0,0,0
orm_train_track2_2526,Galooo kooo   ijaaa dinaaa irrraaa waqayyyooo saaa eguuu Gotaaa kooo jabadhu,0,0,0,3,0,0
orm_train_track2_2527,Pirimiyeer Liigii Itoophiyaa: Kilabiin Walqixxee Kanamaa 'taphni waliin dhahameera' jechuun komii dhiyeesse,0,0,0,0,0,0
orm_train_track2_2528,jaalalaa kabajaa guddaa argachuu feenan dubara fokkkottuu fuudhi,0,0,0,0,0,0
orm_train_track2_2529,Hujiii guyo baaayyyeee gaaariiidha baga hojjjattte baga jirrraaattte waaa meeeqa barannne gaaafiii fi dddeeebiii kabajamooo Dr m irrraaa,0,0,0,2,0,0
orm_train_track2_2530,Rabbbiiin humna Oromooo irrrooomseee Irrreeecha isa bilisaaan akkka kabajatu hagodhu Ufff hinbeeeyneeen bara baraaan silmi ittt tattteee jeqxu nurrra habuqiiisu,3,0,0,0,0,0
orm_train_track2_2531,Warra garaaf bulee Sirnna Gadaa diina waliin xureesse (Seenaaf kaawwadhaa) VII URL,2,0,0,0,0,0
orm_train_track2_2532,nafxanyaa pp oromiyaa keessaa baasuun dirqama ummatati,0,3,0,0,0,0
orm_train_track2_2533,@USER Jawar Arsichaa gotaatii . Atii maalii? Aduree manaa . don't come for my Arsicha konkaa saree,0,3,0,0,0,0
orm_train_track2_2534,Maaalo meee warrriii dhageeettti qabdaaan kun uuummmata keeenya walllooo dhumaaata jiruuuf sagaaale taa Yaaa orooomo rabbbiiin sodaaadha maaatiiin keeenya walllooo dhuuumaaa jiruuuf iyyyaaa iyyyaaa waliiif dabaaarsa adara,0,0,3,0,0,0
orm_train_track2_2535,WOW Best Music Artist Qaxaleee kenyaaa jabadhu,0,0,0,2,0,0
orm_train_track2_2536,miidiyaalee diinaa dadhabsiisuu ilaalchisee miidiyaaleen diinaa uummata oromoo irratti duguuggaa sanyii labsan kanneen ebc walta abbay media esat mereja tube ethio tube fana fakkaatan uummatni hin daawwanne,3,2,0,0,0,0
orm_train_track2_2537,hin sodaatin waaqayyo,0,0,0,0,0,0
orm_train_track2_2538,Dhugaan haali adeemsa isaani baayyee nama qaanessa!,0,0,3,0,0,0
orm_train_track2_2539,Mucaaan kolfaniii nuuu fixeee,0,0,0,3,0,0
orm_train_track2_2540,Baga bara haaraa nagaan geessan barri haaran kun kan bilisummaa haa tahu . URL,0,0,0,2,0,0
orm_train_track2_2541,Robbii yassir umuuri istajib du'a iii . birahmatika yaa arhamarroohimiin.,0,0,0,0,0,0
orm_train_track2_2542,Ws wr wb akkam nagy jirtuu obboleewwan koo marti keessan kan fuula adduniyaa gubbaarra jirtan baga nagayaan naaf jiraattan ramadaana kana keessa nama kheerii baayyee hojjatu rabbiin nuhaa taasisu sodaa rabbi nuuf haa keennu Aamiin Aamiin jedhaa follow godhaa Galatoomaa,0,0,0,0,0,0
orm_train_track2_2543,Maaariiin jalqaaabe jiruuu kun karaaa nagaaa fi mirgaaa ummmaaata oromooo kan giddduuugaleeefate tau qaba,0,0,0,0,0,0
orm_train_track2_2544,leenca onnee barbadaa dhugaa keeti jiraadhu,0,0,0,3,0,0
orm_train_track2_2545,Oromooon kan mirgiii isa kabajamu yooo OPDO duriiiPPP ammma yooo bade qofa,0,3,0,0,0,0
orm_train_track2_2546,Warri tokkummaa Oromoo raasu irratti hojjetan diina Oromoo ti . Diinni Oromoo qaawwa tokkummaa Oromoo ittiin raasan keessaa tokkoo fi inni guddaan amantii dha . Kanamoo hayyootnii qabsaawonni Oromoo Iirbuu Dheeraa fi Irbuu Shinniigaan cabsaniiru . Kana haa yaadannu.,2,0,0,0,0,0
orm_train_track2_2547,Wowww mukiiich   finfineee baheee gafaaa bakkkaaa dhalotasaaatttiii nagaaan galuuu nuuu gabasaaa,0,0,0,3,0,0
orm_train_track2_2548,Kan keee Ofuma Ogummmaaan ofiii faaayaaa Aswrwb Johar Muhammmad  Garuuu Moootummmaaan yerooo Sadiii mana murtiii ni Seeenaaa osooo beeekneee Mandisni kolfaaan dhumneee  1 Minister fayyyaaatiiin mana murtiii ni seeenaaa 2 Ministeeera Nageeenyaaawaraqnan Freee Taaayyyeee Dandayaaa   3 Amantiiin seeenaaan Income   Fal,0,0,0,0,0,0
orm_train_track2_2549,US misaa'ela fageenyaa dheeraa daangaa adda waraanaa darbee Raashiyaa rukutu Yukireeniif kennuuf,0,0,0,0,0,0
orm_train_track2_2550,amantiin walqoduun gaafa dhufe oromoon afaan walitti garagaluun hin hafneef qabsoon nama hunda amantii sabummaa bilisaa gaggeessaan ta'ee gaariidha,0,0,0,0,0,0
orm_train_track2_2551,Walaloo sirba Kiyyaa Bantii keessaa kan fudhatame!#Wallee_ajaa'ibaa! Lookoo fardaan yaabsinii Gaangonni maseena!Reettii mo Qeeransa kan si keessa jiru yaa Gaara abbaa seenaa?!Yaa daldaltuu jimmaa maaliin Gibee ceetey?!Goota biyyaaf aadu Gadhee Dhibee seete! URL,0,0,0,0,0,2
orm_train_track2_2552,Warrra araboootaaatu kana gochaaa jira kafffaltiii itttiiin kitaaabni kun maxxxanfamu kan godhu isaaani kaaayyyooon isaaaniii immmooo amantiii isaaaniii itttiiin nama dhaaalchisuuudha   Warrri amantiii kirirstaaanaaa hordofan ammma dhimmma kana keeesssa jiran qarshiii ittti fudhatan Kanaaaf ragaaan manattti kan qubeee,3,0,0,0,0,0
orm_train_track2_2553,@USER baga gammaddee Obboleyti teennaa hojii guddatu si fuundura jira . jabaadhu . hin sodaatin . cimi waaqayyoo si wajiin jira,0,0,0,3,0,0
orm_train_track2_2554,Wallaggaa bahaa naannoo Siree fi Aannootti lola jabaa taasifameen WBOn injifannoo boonsaan galmeesseera.yeroo ammaa PPn konkolaataa 8n reeffa guurrataa jirti . URL,0,0,0,2,0,0
orm_train_track2_2555,Hirkooo kolfaaan nuuu fixe,0,0,0,3,0,0
orm_train_track2_2556,warri nafxanyaa oromoo wal nyaachisanii oromiyaa miidiyaa neetwoork cufsiisanii jawaar hiisisanii hoggansa oromoo hafe wal nyaachisuudhaaf sochii aanaa taasisaa jiru,2,0,0,0,0,0
orm_train_track2_2557,muddii jedhiin inuma baddii nafxanyaan,0,3,0,0,0,0
orm_train_track2_2558,Haaayyyooonnni teeena warrriii Qubeee afaaan orrromooo bocaaani dhiiigaaa fi laaafeee ittti dhangaaalasssani ittti laaafeee isaaani cacabsani Qubeee tana   nuf qooophessse nuf dhiyyyeeessse akkkasuma sababa Qubeee tana orrromooon   kumaaatamani ittti waaaregammme ,0,0,0,0,0,0
orm_train_track2_2559,Documentari dr abiy ahmed waaan jedheee sobaaa ture walittti qabaaati documentariii dalagaaa Caljetttaniii xinxalaaa hin ooolinaaa,3,0,0,0,0,0
orm_train_track2_2560,harree gurraattii seexana nama hin fakkaanne,0,3,0,0,0,0
orm_train_track2_2561,yaaani Hiriii kooo siridha Gabaaariii hafuuu qaaabaaa ,0,0,0,0,0,0
orm_train_track2_2562,@USER Jibbaa fi sodaa Oromotiin nama guutameera waan gaarii enyuutu egga goowaa akka ishee nama ta'e malee?,0,2,0,0,0,0
orm_train_track2_2563,Yeroo baayyee booyyichaan onneen nucaba garuu kan abdii nuuf kennu qabu Oromoon yoomu kana booda mataa gadi hinqabatu taateen akkanaa ragaa isa tokko #Irreecha #HoraBaaroo URL,0,0,1,0,0,0
orm_train_track2_2564,Akkkamin Ibsaaa waeee keee Jawwwar Garuuu hin madalamtuuu atiii dhuga kabajami abooo sitiii haaa toluuu,0,0,0,3,0,0
orm_train_track2_2565,Page kanaan waantota ijoo barbaachisa ta'an sirreeffama Kan barbaadan qeeqa muddannoo fi yaadawwan adda addaa irratti yeroo dhiyootti qabadheen dhufa . Qaamni Dhimmi ilaalatus furmaata fi hordoffi barbaachisa Akka godhu hawii koodha .,0,0,0,0,0,0
orm_train_track2_2566,Heeerrriiif seeerrri oromooof tasa hin hojjjetu Empaira sana jalattti  Oromooon waaan tokkkorrrattti mirga hin qabu qabaaateees hin beeeku kanaaaf calisaniii gadoooduuurrra dammmaqaniii tarkaaanfffiiin barbaaachisaaadha,3,0,0,0,0,0
orm_train_track2_2567,Joorji Filooyid: Walitti bu'insa Miniyaapolis hordofee humni eegumsa biyyaalessaa bobbaafame,0,0,0,0,0,0
orm_train_track2_2568,Oduuun gocha hin taaatuGujiiin komiii sirrraaa qaba,2,0,0,0,0,0
orm_train_track2_2569,Haati daa'ima 3 kan dheengadda waraana mootummaan gudeedamtee duute har'a daa'imni ishee waa hootu dhabdee duute nuun jedhanGujii Lixa Aanaa Abbayyaa Ganda Biyyoo keessatti yakka gudeeddaan haati daa'ima 3 duutee qe'een Oromoo boo'ichaan ooluu gabaasnee turre . Gabaasichi !,0,0,2,0,0,0
orm_train_track2_2570,pheenxonni ammaa biyya chaanalii tv baayyee banuudhan hojii xummurri salphina ta'e lallabaa jiru,0,2,0,0,0,0
orm_train_track2_2571,gaafatamaan bulchiinsaa nageenya magaalaa naqamtee obbo misgaanuu waqgaarii ajjeechaa gammachiis moosisaa waliin wal qabatu beeknu hin jiru jedhan,0,0,0,0,0,0
orm_train_track2_2572,Namon YouTube maqaaa leeencooo banantiiin wal hakabajanuuu ,1,0,0,0,0,0
orm_train_track2_2573,Galgala hin tolu namni sobaaaf duuule  jabaaadhuuu gaaalana Kenyaaa best song ,0,0,0,2,0,0
orm_train_track2_2574,Jabaaa keeenya baga ngan nuuuf dhufte baaayyyeee si jaaalannna baaayyyeees si kabaja long live Itika,0,0,0,2,0,0
orm_train_track2_2575,caalaa dhiira yeroon rakkkoo rasaasa diinaa abdii saba a,0,0,0,2,0,0
orm_train_track2_2576,Yaaa Gadhee nama Amaana umaata oromo nyaate nutii hin iyyiinKkkk jawariin ajeefte qabsoo umaata oromo demsuu kajeltee moo??San hin yaadiin kaa jawariin caluu heduu dubaa jiraa Dhiiyni imaan oromo summii sitti haa tayuu yaa gurguramaa namaa URL,3,2,0,0,0,0
orm_train_track2_2577,Ajjeesuun moo'amuudha!jechii ja'uun dhadannoo taatee hafte . Ayyaana Gaarii isiniif haa tahu . URL,0,0,0,2,0,0
orm_train_track2_2578,Namni oromoo taateeQawwee diinaa ba'atteSi gaafata seenaan yoo Saba kee waraantteMustafaa huseen tahii ofiin beekiWaraana ba'atte ummataan eegi . - Keekiyyaa Badhaadhaa,0,0,0,0,0,0
orm_train_track2_2579,@USER Shakkine shakki ati eenyu ati eenyuu?Saba qoqqoodda ati eenyuu ?Shakkine shakkiiShakkinee shakkii.jedhee sirbee.@USER sagantaa kana akkuma waraabbateetti qilleensarra oolchate . Haa ta'u malee har'a ganamaa kaasee videon ijoollee kanaa marsariitii hawaasummaa irratti,0,0,0,0,0,0
orm_train_track2_2580,muuuxxxannnooo gaaariii nuuuf qooodeee Zinaaash nuuuf jiraaadha,0,0,0,2,0,0
orm_train_track2_2581,Galooo keeenya gudddaaa galatooomiammman eeege tauuu baaatus sirba gaaariii fi ergaaa cimaaa qabudhakanaaa ol hojjjatuuu dandeeesssaaayyyu,0,0,0,2,0,0
orm_train_track2_2582,nafxanyaan diina oromooti akkamin fira taatee waliin dhaabbatu araaramni hin jiru gantuun gantuudha,0,3,0,0,0,0
orm_train_track2_2583,Saree dhigaa ilmaan oromo dhugaa jiruu u are killer must go URL,0,3,0,0,0,0
orm_train_track2_2584,@USER Galata guddaa qabda . Waan soba akkanaa sheerii gochuurraa ofi qusachuun keenya gaariidha . Waan dhugaa keenyayyuu dubbannee yoom fixnaa?,0,0,0,2,0,0
orm_train_track2_2585,Qeeee warrraaa abbbaaa gadaaa direee dhigaaa gooote gantuuun dubbbiiin akkkaaa isiiin ittti odddeeesssitaaan kana miti ani ofi koooti matiii kooo dabaaalateee harmeeen kooo rakkkooo cimaaa keeesssa jirtiWarrri shaaaneee jedhaaamu kun lafa irrraaa dhuuufte gaaammmooojjjiii ertirati yooo nurrra galan maleee oromooo nagaaa hin a,3,0,0,0,0,0
orm_train_track2_2586,Uuuu   wayyyooo wayyyooo   wayyyiii hadhaaa,0,0,3,0,0,0
orm_train_track2_2587,Guyyyohabiramyihuuunbaga nagaaan dhuftan odeeesssaleeen baaayeee gaaariiidha,0,0,0,3,0,0
orm_train_track2_2588,shamarran wallaggaa gootummaan beekkkamti shamarran shawaa jaalala dhugaa beekti,0,0,0,0,0,0
orm_train_track2_2589,Wqyooo goftaaa umriii keee hadherasuuu waqooo hamaaan siiin argiiin jiradhuuu baraaa qofiii,0,0,0,3,0,0
orm_train_track2_2590,OMN ijaaa fi gurrraaa Ummmaaata wan taaaheeef gantuuun waaan taaaka hin fiddduuu Abshir inshaaa Alllaaah,1,0,0,0,0,0
orm_train_track2_2591,Nafixaanyaa cinii gurra jalaan ya'ee turee . Ciniin mataa eessan gubba abaaboo masqalaa fakkaata amma jirru Oromo saaman akka okkotee dhadhaa calaqiissu . garaa saani irraatti injiirran ajjeessu danda'ammaa,1,0,0,0,0,0
orm_train_track2_2592,Ajaa'iba!eerga waggaa 150 asi guyyaa dheengaddaa iddoon irrecha eerga beekkamee asi suura kana fidani achitti maxxansani jiru . Kun itti yaadameeti godhame kanaaf waldhabdeen hamaan akka uumamuuf oromoon ayyaana ofii nagayaan ayyaaneffate akka hin galle shira xaxama jiruudha . URL,0,0,0,0,3,2
orm_train_track2_2593,Ajaa'iba@@ worra ristii soquu##Of tuultonni guyyaa 4 dura birgeediin tokko nu gaha hanga kartumitti ari'uuf jetti.har'a immoo suudan iddoo baayyee qabate jetti.maaltu achi ari'uu dhoorkere . URL,0,2,0,0,0,2
orm_train_track2_2594,Strength your own is the only solutions . Oromoon waraana isaa cimsachuun bira dhaabbachuun dirqama tahee jira . Carraan gara nagaan mirgi oromoo kabajama jedhu yaalamee bu'aa fiduu dadhabeera . Carraan hafe tokkoo fi tokko qofa . Kunis qabsoo hindhannoo cimsuudha . Falli keenya WBO . URL,2,0,0,0,0,0
orm_train_track2_2595,Guyyaa arraantanaa(25/9/2014 eth balaa tasaa ibiddii sababa ibsaatiin tahee magaala sulultaa ganda 01 dabalataan makiinaan binzila fe'atee jiru eda halkan gubatee sababa saniin manneen nanawa sanii gubatan torbee tokko duras makinaan gaazaan deemtu halkan gubate manenis gubatan! URL,0,0,0,0,0,2
orm_train_track2_2596,Jaaarsummmaaa jechuuun kan akkka harmeee Ayyyuuu kana maleee kana akkka Gamtaaaf gareee isaaa mitiGalatooomaaa maaatiii HIRKOOO ,0,0,0,3,0,0
orm_train_track2_2597,Lammiin Senegaal Saadiyoo Maanen hedduu biyyaaf galchuun rikoordii haaraa galmeesse,0,0,0,1,0,0
orm_train_track2_2598,ODUU Gamachisaa Alaabaan Kan Ummataati Ibsa Ajajaa Olaanaa Waboo Gabaasa . URL via @USER,0,0,0,2,0,0
orm_train_track2_2599,Tokko fi namitchi fayyan eessa gaafi jalaatti kufee eessa galgala dubbatee gannama deebisee hin dubbatu pathological liar dha eessa hin dubbatu keessa harki 90 soba kanaafuu mani yaali geessan akka ilaallamuu haa ta'uu namitchi taakku tokkeen tokko biyyan qootee qoonforee mitti,0,0,0,0,0,0
orm_train_track2_2600,#WBO zooniin kibbaa diina irraa dhukkee kaasaa jira URL,0,0,0,2,0,0
orm_train_track2_2601,Namticha kana maaluma irraa balleessine yaaboo kabajadhaan ifii itti dhumnee itti wareegamnee aangoo isaaf kanninee maa nu ynaata abshiir lammii koo humaa miti ni bariitii inshaa allaah,0,0,2,0,0,0
orm_train_track2_2602,Misirroon cidhasaarratti misirrittii dabalatee namoota afur ajjeesuun booda ofis ajjeese,0,0,2,0,0,0
orm_train_track2_2603,Guyyaa 25/09/2021Konya wallaggaa bahaOna SIBUU SIREEARADDAA BUJJURAA FI KUWEETTI diina saba kan taatee pp daaraa godhee jira injifannoon goolabee jira . Injifannoo ummata oromoof.#oromoliberationarmy URL,0,2,0,2,0,0
orm_train_track2_2604,.NafixaanyaanTplf sodaatan tti Tplf kudhan qabu dha Raayyaa ittisa biyya gara miliyooni tokko oli Tigray tti eergan kuni kani ibsuu akka Nafixaanyaan sodaatu albaatii taate Nafixaanyaan sodaa guddina gadiddu ofi wareerrti Oromiyaa yookani du'aa,0,2,0,0,0,0
orm_train_track2_2605,Soorreessii Jaarraa Abbaa Gadaa amalaa ilmaan nafxanya kan yoomu hin jijjiiramnee haalaa ajaa'ibaatiin nuuf himee turee . Dhaamsa Jaarraa kanarraa barachu dadhabnee har'as Itoophiyaa dimokraatessuuf waliin dhama'a jira . URL,2,0,0,0,0,0
orm_train_track2_2606,sobduwwwaaan haaadha keeesssaniii dhaqiii Tigirettti gali gantuuu,0,3,0,0,0,0
orm_train_track2_2607,Gogaan hiyyuumma ethiopia irra haqamee mul'achuun yeroon gababduutti arguuf waan shakisiisu miti.Biyyaa teenya dhaloota qabatama fi dinaagdee ishee omishtee fuldurattii akka laalistu dinni ishetu ragaa bahaaf . Diinnii shee dhadhaa ibidda bu'ee tahee hafa .,0,0,0,0,0,0
orm_train_track2_2608,Eebbbifami haaadhokooocommment gaaariiin jabaaadhuuun akkka jiru isa akkka kan keeetiii kanas fudhachuuuf qophidha anyaaadakeeef gudddaaa galatooomiwaaan ati biraaa hambifte ega akkkas qorattteee medical radiology baradherabusinesss managementis barachaaan jira Dhugaaa dubbbachuuuf wanti a,0,0,0,2,0,0
orm_train_track2_2609,Caaaltuuu Dammmaaa tiyyyaaa Ilove you Guyyyooo Leeencaaa kooo Ilove you Ibrahim Birrruuu,0,0,0,3,0,0
orm_train_track2_2610,Salphina! Kan wallaggaa fi Gujii mee haa turu . Duguggaan torban kana Giddu galeessa Oromyaa aanaa Noonnoo fi Karrayyuutti ta'e maalummaa Orommummaa eenyummaa 'mootummaa naanno Oromiyaa' fi egreen Oromoo maal akka ta'e gaaffi natti ta'e.Biyyeen Isinitti yaa salphatu . #Karrayyu,0,0,3,0,0,0
orm_train_track2_2611,Gaaariiidha jabaaadhaaa,0,0,0,2,0,0
orm_train_track2_2612,lyrics walalooo isaaa Nan geeerara aaariiikooo  Kan na keeesssaaa bobauuu Yooo gaaaleee taeee maleee  Supheeen gaaachana hin tauuu Leeenca taeee dhaladheeen Kodhooollleeemmmooo taaaareee Namni bakakkkaaa beeeku Dibbbeee dhaaannnaaan naaaareee Ijooollleee biyyya koootiii Gugurrraaa mataaan furaaa Eenyutu eee,0,0,0,0,0,0
orm_train_track2_2613,@USER deemi abboo homa argite tweet hin godhin fashioni waraanan nama sodaachisa qaata hafee biyyi si caala waa e waraana beeku waan akkana tweet hin godhu kunuu gowwumma keeti,0,2,0,0,0,0
orm_train_track2_2614,Raashiyaan erga Yukireen namoota 20 duraa ajjeesuu himatte booda haleellaan muddite,0,0,0,0,0,0
orm_train_track2_2615,Wbooo Abdi saba dhiraaa gafaaa xiqiii mirgan galiii goootaaa kenyaaa qali oromooo wbooo,0,0,0,3,0,0
orm_train_track2_2616,OPDO/PP/ nafxaanyani Haa iyyan abbaan lafaa dhufaa jira sana booda haasofna wayii Finfine!!!URL,0,2,0,0,0,0
orm_train_track2_2617,Jabaaadhaaa yadddaaa Kooo qilllensaaa irrraaa nafi olchaaa akkkumaaa beeekamuuu motuuummmaaa soba Ethiopian bara kan filaaannno jedheee gesssusuuu isaaa hin beeekama garuuu dhabbbataaa University baratttooonnni kardiii filaaannno osooo fudhatttin hafneee,3,0,0,0,0,0
orm_train_track2_2618,Tafariii salaaaleee waaariii jaaalatan hundiii keeesssanuuu subscribe like share godhaaa Oromooon hundinuuu galaniii keeesssan bilisummmaaa yaaatuuu surrraaa kooo tuquuun,0,0,0,2,0,0
orm_train_track2_2619,Baay'ee laphee nama tuqa Akkamitti isin gargaaruu dandeenya?,0,0,3,0,0,0
orm_train_track2_2620,Gujii keessa aanaaleen horsiise bultootaa Hongeen baay'ee miidhamaa jiru.Deeggarsuma hawaasa keenna kanatiif account banamee irratti hojjatamutti jira . Adola Chuluke|Caaltuu Butoo | &gt 1000459423595 Sharu Huluka_| &gt Baankii Daldala Eth . URL,0,0,2,0,0,0
orm_train_track2_2621,Namichamataaaqulfiiiisaaanijetttanimaqakabajahinkeninaaafidiqaaalankabajahinbeeektuuu,0,2,0,0,0,0
orm_train_track2_2622,Waan fadhe yoo dhageenye Abbaa fedherraa yoo dhageenye dura waan san sirritti addaan haa baafannuJarjarriamalasheeyxaanaati kanaafuujarjaraanosooWaa hedduuballeessineewalitti hin laaqnewaandhageenyehunda amanuu osoo hintahin tasgabbiin xiinxalanii gadi lallaaluun bilchoomina . URL,0,0,0,0,0,0
orm_train_track2_2623,hiriira deeggarsaa gammachuu magaalaa mattuutti harra gaggeeffame danquuf nafxanyaan magaalaa mattuu keessaa hedduu dhama'aa turte,0,2,0,0,0,0
orm_train_track2_2624,Hirko abbbaaa kolfaaa nujiradhu sijalnaaa ,0,0,0,3,0,0
orm_train_track2_2625,Safi mattti naf taiii sanyi kooo kabajan si gafadhaaa,0,0,0,0,0,0
orm_train_track2_2626,@USER Dr Hangasa har'aa lubbuun sitti dhufnani malee kaleessa wajjiin dhudhufa turtan miti kijiba kana immoo mootummaa feederalatu gad ba'ii asa'ii sin jedhe malee osoo sabbootota oromoo akkasiin gad gingilchuu miti gaaffii jaba mootumma gaafatani du'a yks mana hidhatu eggata,2,0,0,0,0,0
orm_train_track2_2627,Nuuuf jiradha nama gaaariii ,0,0,0,3,0,0
orm_train_track2_2628,Sarooota ilmaaan haaadha sale diqaaalaaa ilmaaan nafxanyaaa yoookiiin gooobanaaa daaaceee yaaa ilmaaan farshooodhaaan salan sirba GOOOTA OROMOOO ITTTIIIQAAA TAFARIII UNLIKEHINFEDHUUU  GOOOTAN WARAAABESSSI GUYYYAAADHAAAN ISIN HAAA NYAAATTTU,0,3,0,0,0,0
orm_train_track2_2629,Galgala ajaa'ibaa Addis keessatti Ethio-jazz dhaggeeffachuu @USER irratti Melaku waliin - muuziqaa gaarii vibe guddaa! Lovin’ aadaa Itoophiyaa . URL Akkasiti Adunyaan dhugaa ethiopia himaa jirttii!! URL,0,0,0,2,0,0
orm_train_track2_2630,Oromoon waardiyaa Impayeera Ixoopiyaa miti! Dibichi keessa bahuuf yaalu sawwa sana waliin du'anis soba dubbiti . Konkoltaa qilee seenuf deemu keessa abbaan dhimma jirachu maltu garuu Oromoon keessa hin jiru . Humni wal waranu heddummachu mala garuu kuni Oromoo hin sodaachisu.,1,0,0,0,0,0
orm_train_track2_2631,Dhiiira onnneeen barbadaaa Dhugumattti ulfaaadhu dhiiirooo,0,0,0,3,0,0
orm_train_track2_2632,Namattti toltttu garuuu waaan sobaaa irrrattti maqaaa waaaqayyyooon hin kakatinaaa please,1,0,0,2,0,0
orm_train_track2_2633,Har'a PPn jiraattota nagaa godina horroo guduru wallaggaa keessatti magaalaa daduutti ummata nagaa meeshaa waraana gurguddatii battalumatti namoota 30 ol yeroo du'an kan reeffi hin argamne immoo hedduudha.,0,0,3,0,0,0
orm_train_track2_2634,"Hayyuu tokkootu jecha ajaa'ibaa wahii jedhe beektanii akki jedhi: ""Leenca biyya keessanii hin ajjeesinaa saree algaatu isin nyaata !!"" Jedhe.",0,0,0,0,0,2
orm_train_track2_2635,Suutuma suuta adaduma adadaan bubbulleetuma waa argaa dhagayaas jirra . Ajaa'iba ijaaf gurraa!,0,0,0,0,0,3
orm_train_track2_2636,Baaayeee Galatooomi obbbo Jabir Sheki Smihel keeesumatu qaaama ummmata ajjjeeesaaa tureee fi jiru adddaaan baaafteee kitaaabicha irrrattti ibsuuun keee gaaariii dha Qaaamni nama ajjjeeesu kun   guyyyaaa tokkko gatiii cimaaa kafffalu,2,0,0,3,0,0
orm_train_track2_2637, nufixxxani kolfaaan Jara keeenyaaa,0,0,0,2,0,0
orm_train_track2_2638,Maareen Jaldeessaa baadiyaarraa gara magaalotaatti dhufaa jira - WHO,0,0,0,0,0,0
orm_train_track2_2639,Jawar Mohammed has been the preacher of nonviolent struggle and the crime Abiy accused him with is bogus . Namni kun Shororkeessaa taanaan Oromoon guutuun shororkeessaa dha . Hiikkaan isaas nama eenyuummaa isaatiif saba isaa ijaaru jechuu dha . Akkasitti hubadhaa.,2,0,0,0,0,0
orm_train_track2_2640,Maqaaan kooo Naaanbon jedhamaaa Finfineee   jiradhaaa   barataaa kutaaa 8tiiitiii   channnalaaa kooo Malooo subscribe naaaf godhaaa isiiin jaaaladhaisiiin kabajaaa one love oromo ,0,0,0,0,0,0
orm_train_track2_2641,Ijooollleee biyyya kooo jabaaadhaaa tokkkos taaaa hojedhaaa isintu Haceee bakkka nuuuf bua gadaaa maleee hin faaarsinu gadadooo galooo kooo jabaaadhu of eeegis,0,0,0,2,0,0
orm_train_track2_2642,oromoo taatee indiyaa hin fuudhin hin heerumin,0,2,0,0,0,0
orm_train_track2_2643,@USER Eenyutu nyaate taakkee isin malee Akkuma ijjoollee hacee abbaa malee hambiftan sanyiin teessan hundi abbaa malee rabbii haa hambisuu dhugaan keessan haa dabdu salphina malee kabajaa hin argatinaa.,3,2,0,0,0,0
orm_train_track2_2644,"Makmaaksa Haarawa.""Namni abaarsa qabu OPDO tahee dhalatee Bilxiginnaa tahee du'a""_____Eebbi Abbaa koo nama kana tahurraa na oolche jedha tokko",0,3,0,0,0,0
orm_train_track2_2645,Nuuuttti oromooo hagummmaaa bonuuu garrraaa hidhaaane bosona seeene gummmaaa maaa hin bafaneee baraaa dhufaaa darabaaa boyuuu ajjjeeesssamu   tishi gaaadi guraaani hin fixani nafaxanyaaa nuuu fixaaa jirtuuu yerooo saaana oromooo ajjjeeesssu sodaaati nafaxanyaaa boyuuu duuuu,3,2,0,0,0,0
orm_train_track2_2646,Ethiopia Garamitti deemaajirti? Milishaan amaaraa duula waraana tif bobba'aa jira . URL,0,0,0,0,2,0
orm_train_track2_2647,Hojatttooota media OMN Cuftttiii keeesssan Uummmata keeesssan irrra galata gudddaaa qabdu Uummmaaaniii oromooo kabaaaja gudddaaa isiniiif qaba Galaaatoooma,0,0,0,2,0,0
orm_train_track2_2648,Wbo inkifano galmese jetani odu soba nutiii hin robsinaaa salale fi ambo humna motumatiiin rebamaaa jirtiii wobn bosona kesatiii cuqalame taaaa sobduwan hadharawo,0,2,0,0,0,0
orm_train_track2_2649,#Facebook niis jaruma wajji nutti jira sa'aa 18 na ugguree jira ajaa'iba URL,2,0,0,0,0,2
orm_train_track2_2650,Uummatni keenya Gammoojjii Baalee keessa jiraatu Hongee hamaan rukkutamee rakkoo hamaaf saaxilamaa jira . Kanaaf Uummanni keenya Baalee jiraatu deggarsa Oromummaa nurraa barbaada . Uummata keenya Gammoojjii Baalee keessa jiraatu bira haa dhaabannu.URL URL,0,0,2,0,0,0
orm_train_track2_2651,Namni namaaf qorsalle summille Ajaa'iba dhalli nama URL,0,0,0,0,0,0
orm_train_track2_2652,wayaanenii nurraa katee Gobananii du'aa nutii kayee Dhaloota Qubee Abdii Boruu! URL via @USER,0,3,2,0,0,0
orm_train_track2_2653,Kantiibaan Dirree Dhawaa duudhaa jaalalaafi waliin jireenyaa magaalattii dagaagsuun himamu Obbo Kadir Jawaar eenyu?,0,0,0,0,0,0
orm_train_track2_2654,Hojiii gaaariiidha garuuu haaala tesssuma akkkatan taumsa mayikiii   hojaaadhan wal qixaaa   lightn fulaaati balaqesssa   sound   xiqqqo sirrrachu qaba utu sofaaa galchitani atract nmaaa godha dhifama   waaan qabnu sirrrefachu wayyya jedhen akkka oromo 1t   na ofkalcha,0,0,0,1,0,0
orm_train_track2_2655,Itoophiyaan waayiloota ishee dhimmamuudhaan sodaa jaraa dhageessisaa jiran ni galateeffatti . Hojiin olaantummaa seeraa kabachiisuu keenya lammiilee hundaaf nagaa fi tasgabbii mirkaneessuu . URL,0,0,0,0,0,0
orm_train_track2_2656,Yaa Saba kooYeroo kamiyyuu caalaa tokkumaa kee eeggadhu dubbii tuffadhu akka funyootti walitti fo’ami akka Irbuu Shinniggaa sana wal ta’i kana ta’uu baannaan garuu dukkana guddaatu fuulakee dura jira . Dest Hisarmu,0,0,0,0,3,0
orm_train_track2_2657,Inni Networkiin biyya kanaa daqiiqaa 3 dalagee daqiiqaa 5fammoo boqonnaa fudhatee dhufuu kuni hoo maaljedhama? Biyya tanatti Networkii fayyadamuuf dabareedhanwayta tokko rafu tokko dammaquu qabna fakkaata ammarafnee halkan wadhakkaa booda kaana kaa ),2,0,0,0,0,0
orm_train_track2_2658,Kanarraa ka'uun barii hardhaa walitti bu'iinsa taasifameen namoota harka duwwaa irratti milishaa Fi Poolisiin dhukkaasa bananiin nama hedduu miidhanii jiru kana keessaa lubbuun nama lamaa baay'ee sodaachisadha.,0,0,3,0,0,0
orm_train_track2_2659,Lelisa mattti naf taiii sanyi kooo kabajan si gafadhaaa,0,0,0,0,0,0
orm_train_track2_2660,Sirbaaan sirba baaaye nama bohaaarsu dhaaamsan kan garaaa nama gahu aaadadhaaan kan sirrrittti bareeedu fi dudhaaa Oromooo kan calaqqqisu baaaye galatooomi jabaaa keeenya kabaja gudddaaan siiif qaba,0,0,0,3,0,0
orm_train_track2_2661,Malooo kolfaaa dhumneee  anis isumaaa wajjjiiin macheeeye kolfaaa tureee ,0,0,0,2,0,0
orm_train_track2_2662,Qabsoon waggaa 50 oliif geggeefamaa bayame fi ilmaan Oromoo miliiyoonotaan itti wareegaman barana Goolaba argachuun isaa dirqama Oromoo hundaati keessattuu kan WBO Qeerroo fi Qarreeti Muramte . URL,2,0,0,0,0,0
orm_train_track2_2663,buddeena nama quubsu eeleerratti beeku hamaa qabu waaqain,1,0,0,0,0,0
orm_train_track2_2664,@USER Namni bishaan boresuu odoo jiru bishaan qulquluu hin dhuganii . Warri soba dubatuu odo jiru biyye nagaa hinargatuu . Soba kessan dhiisa.biitamttu Wayaane hin ta'eena!Kun Oromoof safuudha!,0,2,0,0,0,0
orm_train_track2_2665,Ummanni #Oromoo WBO gargaaruu qofa otoo hin taane akka dhala-namaatti kabajamuuf lafa jiraatu maratti ofumasaa WBO ta’uun dirqama filannoo hin qabneedha . Yaa Oromoo ka'i . Hidhadhu . Wal-hidhachiisi! WBO ta'i . IUOF! #OromoVoice #OromoIsStarving,1,0,0,0,0,0
orm_train_track2_2666,Gallloooko uuumphaaa dhiraaa dhugaaa yaaarabi ijaaa dinaaara nuuuf egiii gotaaa kannnaaa uuufff offf egiiime galllooo gantuuun haceee nyateee akkkaaa siiin agareee ishaaa alllaaah yarabbbiiiko waaani aniii siii kadhuuu dinnniii akkkaaa argineeesa yaaa alllaaah,0,0,0,2,1,0
orm_train_track2_2667,Sirbi kuni osooo haceeen hin duin waaan sirbaaame fi wani isaaa fi sirbaaame natiii fakkkaaata,0,0,0,0,0,0
orm_train_track2_2668,maqalee dubartoonni hedduun gudeedamuu peresedaantii tigiraay duraanii dabartsiyoon ibsa tibbanaan ifoomse,0,0,0,0,0,0
orm_train_track2_2669,Saba keenya sodaa irraa bilisa baafneerra . Namoota keenya tokko tokko garuu jaalala garaa irraa bilisa baasuu dadhabne.Professor Mararaa Guddinaa,0,0,0,0,0,0
orm_train_track2_2670,qorannnooo haaaraaadha uuummmannni irrrattti haaariiiyatu,0,0,0,0,0,0
orm_train_track2_2671,Wbof wabiin isaa tokkooffatii ummatasaa yoo ta'uu lammeessoon ammoo qawwee isaati!!Abdii qabnaa walqabannee ni moonaa!! URL,0,0,0,3,0,0
orm_train_track2_2672,dubraa qalloo dheertuu gaafa arguu saandaallii se'ee aarsuuf deema ,0,2,0,0,0,0
orm_train_track2_2673,WBOn mirga hiree murteeffannaa saba Oromoo mirkaneessuuf mootummaa shororkeessaa Itoophiyaa waliin falmata malee sabaaf-sab-lammoota waliin diina miti . Sabaaf-sab-lammoota mirga ofii kabajchisuuf falmatan’illee ni deeggara . WBO jabeessaa . #OromoVoice #InvestigateAbiy ##,0,0,0,1,0,0
orm_train_track2_2674,"Addunyaan rakkoo Covid, maaree-jaldeessaafi waraanaa keessa jirti - WHO",0,0,0,0,0,0
orm_train_track2_2675,Hayyuu koo dukkana booda ifaatu jira hin yaadin murtee kees rabbi harka jira oromoon dhuga yoo jiraate Rabbiin kadhaafi #Sher walif #godhaa #follow !! URL,0,0,2,0,0,0
orm_train_track2_2676,Jabaa addunyaan ajaa'ibsiifate Abbichuu ilma oromoo baguma si qabaanne #GERD2ndFillDone #AbiyAhmedHasDoneIt @USER URL,0,0,0,2,0,0
orm_train_track2_2677,Baga guyyaa kabajama eid alfatrin isinin gahe.Warra baranaa kan bara heddu nu haa godhu Eid mubarak URL,0,0,0,2,0,0
orm_train_track2_2678,#QeellamKaayyoo Badhaadhinaatti (@USER) amanuu yoo dhiiste dhaaba biraa yoo deggarte diinaaf yoo jilbeenfachuu didde akka aanoleef gandoota Godina #Qeellam_Wallaggaa ibsaafi bishaan ji'a tokkoo oli dhabuudhaan adabamta.,0,0,0,0,3,0
orm_train_track2_2679,Artistoootni Oromo nu gammmachiiisuuuf alkaniii guyyyaaa dhamaaatan galata gudddaaa qabdu Yaaa saba keeenya  namni keeenya baaayyyuma youtube irrrattti music hin ilaaalu fakkkaaata kan warrra kaaani 45 mil yomuuu gau keeenya kan view count 10 mil gaellleee hinjiru Kanaaaf warrri carrraaa qabdan utuuu dow,1,0,0,1,0,0
orm_train_track2_2680,Isa kana gonfachuuf ammoo Oromoon akka sabaatti diina tokko kan eenyummaa isaa irratti duula hamaa taasisaa jiru sirna nama nyaataa nafxanyaa irratti afaan qawween qabsoo taasisuu qaba.Horaa bulaa deebanaa,0,3,0,0,0,0
orm_train_track2_2681,Ejjjaaannnooon dhunfaaa keee mediaaa gudddaaa irrraaa kophaaa achi bahuuu qaba,1,0,0,0,0,0
orm_train_track2_2682,Dabre-Taboritti walitti bu'insa tureen namootaafi hospitaalarra miidhaan gahuun himame,0,0,0,0,0,0
orm_train_track2_2683,dhiira furdaa nan sodaadha,0,0,0,0,3,0
orm_train_track2_2684,Mancaatii dahoo Arbaa Baabbileerratti hayyoonni MM Abiy'f xalayaa barreessan,0,0,0,0,0,0
orm_train_track2_2685,Oromoo akka bineensaatti ajjeesaa biyyaa ariyaa hiraarsaa mootummaa keeti jedhanii gowwoomsuun hin hojjatu . Oromoo dammaqi . Ilmaan kee garaashii hidhattee dhagaa boraafattee siif duutu WBO faana dhaabbadhu . Hidhadhuu biyya abbaa keetii bilisoomsi.#OromoVoice #OromoIsStarving,3,0,0,0,0,0
orm_train_track2_2686,@USER Itiyoophiyummaan afuura tokkummaafi sab-daneessummaan kan walitti hidhate kabaja keenyaafi eenyummaa keenyadha! #Guyyaa_Itiyoophiyaanotaa! #EthiopianDay @USER URL,0,0,0,2,0,0
orm_train_track2_2687,wan gaaariii jirtaaani jabadha htttpsyoutube_ZDos5QL9ngt30 subscribe naaa godha channnel kiyyyan kun harawa,0,0,0,2,0,0
orm_train_track2_2688,ijoolleen durbaa durbummaa hin qabne guyyaa qaama miidhamtootaa yaadadhaatii kabajaa,0,3,0,0,0,0
orm_train_track2_2689,Mucaaa kun esssaaa jiraaa saaareee marateee kun akkka sin nyaaaneee qommmoko,0,3,0,0,0,0
orm_train_track2_2690,Akeekkachiisa malee ta'uun isaa daran hammaataadha,0,0,0,0,2,0
orm_train_track2_2691,Yaaa warrra OMN   gurbaaa mahammmad faltalaaa  falfalaaa kana   oduuu dubbbisuuu irrraaa nuuujiiijjjiraaa,2,3,0,0,0,0
orm_train_track2_2692,"Amin Hussen(B.B) REEBII LOLI New Oromo Ethiopia Music October 12 2021 URL via @USER ""Reebii Loli diinni firaa miti diinahin rafinaa gumaa dhiigan baasi taa'anii baayun salphinaa"" #AminHussen",0,0,0,0,0,0
orm_train_track2_2693,Haati warraa poolisii hojjettuu manaa ishee lammii Miyaamnaar dararuun ajjeesuu amante,0,0,0,0,0,0
orm_train_track2_2694,Nuuuf jiraaadhuuu Gaaalooo keeenyaaamaaaniii dhugaaa galgalaaa baaaredaaa,0,0,0,2,0,0
orm_train_track2_2695,ajjeechaan haacaaluurratti raawwatames hamilee ummata oromoo cabsuuf yaadamee eeran,0,0,2,0,0,0
orm_train_track2_2696,US dhiyeessii deeggarsa nyaataa Itoophiyaatti adda kuttee ture deebistee eegaluuf,0,0,0,0,0,0
orm_train_track2_2697,@USER Mootummaan waraana guddoo konkolaataa gurguddooo 60 ol ta'an halkan edaaa dabarseera . Kutaan #Wallaggaa qophiifi of eeggannoo guddoo taasisaa! Waraanni hedduun gadi bu'es gala dhabaa jira . Waraana kuma 300 oltu gara sanatti ramadameera . #Haaromsaafi Jijjiirama,0,0,0,0,2,0
orm_train_track2_2698,PiPin guutuu Oromiyaatti saree bataskaana seente ta'aa jirti jedhamaa jira.BULI QEERROO!!,0,0,0,2,0,0
orm_train_track2_2699,Erga qillleeensa irrra oooleee kaaaseee hanga ammmattti osooon wal iraaa hin kutin jechuuun waaan biraaa osooon giduuu hin galchiiin dhageeefffatan jira isanuuu ammmayyyuuu waaanan takkkaaa caaalaaa ilaaale nattti fakkkaaata hin jiru Galooo keeenyaaa gooota akkka Haceee nuuuf jiraaadhu dhoksuuuf obsuuukooo dabummmaaa s,0,0,0,2,0,0
orm_train_track2_2700,Abiy amma intarneeta cufuu hin danda’u . Mootummaan rakkoo diinagdee hamaa keessa seenee jira sababa lagannaa fi uggura diinagdeetiin . Guyyoota lamaan kana qofatti kisaaraan isaan mudattu birrii bilyoona 20 tti tilmaamama . Buli Qeerroo! #FreeJawaarMohammed URL,0,0,0,0,0,0
orm_train_track2_2701,UKtti barumsa 'falfalaan' digriin lammaffaa kennamuufi,0,0,0,0,0,0
orm_train_track2_2702,Essarraa Eessatti Baqatuu??Gaafa Oroomoofi Oroomiyaan Bilisoomte ijoolleenshee waan hedduu keessa darban keessaa muraasa in dhiisan.Waan baay'ee dhiisna garuu in irraanfannu! URL,2,0,0,0,0,0
orm_train_track2_2703,Dhugaaa duraaa aaara sirrra qaba baga saaaliya saaami afffeeerte Kan dura sittti aaarefis kanaaan dura waaan ishe fogggortef ture ammma hedddu isinirrraaa gammmade,0,0,0,3,0,0
orm_train_track2_2704,#OromoProtests #AbiyMustGo Lolli Nafxanyaan Oromoo irratti deemsisaa jirtu qabsoo Oromoo gidduu-galeessa keessaa baasuufi dha . Innis hoggansa hidhuu biyyaa baasuu ykn ajjeesuu dha . Garuu Oromoon sodaa akkasii bira darbeera.WE WILL NOT GIVE UP OR SURRENDER . NOT NOW . NEVER!,2,0,0,0,0,0
orm_train_track2_2705,Pegin kn ka dugaaa ka xiqaaa tafari yooo taye subscribi nan godhaaa ka sobaaa yooo taheee nin kaaasaaa yaaa ixiqaaa,0,0,0,0,0,0
orm_train_track2_2706,albaatii haadha obsi harkaan qabamuuf teessaa addaggee,0,3,0,0,0,0
orm_train_track2_2707,jabaaadha Akkkuma hawaaasa hongeeen miiidhame akkka deeegggaraman irrrattti hojjjetamaaa jiru hawaaasa keeenya walllagaaa manaaa fi qabeeenya isaaa irrraaa buqqqaes uuummmannni keeenya akkka deeegggaru irrrattti hojjjechuuun gaaariiidha Haaala hamaaa keeesssattti waaan argamaniiif haaa birmannnuuuf,0,0,2,0,0,0
orm_train_track2_2708,Holola diinaatiin abdii hin kutatinaaHolola gantuutiin abdii hin kutatinaaJabaadhaa Oromoo WBO keenya wajjin ni moonaJabaadhaa Oromoo ABO dha qabna ni moona ni moona,0,0,0,1,0,0
orm_train_track2_2709,duuuraaaifiiibiiilisumsuuukabajaaafitiiigodjuuu,1,0,0,0,0,0
orm_train_track2_2710, irkooo garan nadhukubeee kolfaaa gudinaaa,0,0,0,3,0,0
orm_train_track2_2711,Ni sodaatteeyii?Ati tulluu guddaan dheer'n akka killa-man-jaaroo hin sodaatta hin se'um gabroomsaafi roorroo.Ati sodaattaree goonni hin sodaatuu Kan si sodaachiisaa tasayyuun jiraatuu.duuti dhuftu dhibe at boraatteet darbitaa akka balaseedhaa cinaa'n gamasitt afuftaa . URL,1,0,0,0,0,0
orm_train_track2_2712,Malooo kolfa dhumneee,0,0,0,2,0,0
orm_train_track2_2713,Yaaa Dr duriii sittti kolfan tureee yooo atiii waaaeee abbbaaa mana fi haaadha mana haaasoftuuu ammma   garuuu gahe argeee  gailaaa keeesssaaati rakkko gudddan iftooominaaa dhabbbudha waaanti ati duuubacha turte hundiii gariiidha,0,0,0,2,0,0
orm_train_track2_2714,The art from today's graduation!#OLA_RULES #Oromia4Ever Ammallee irra deebinee Baga gammaddan baga guyyaa kabajamaa Kan geessan jenna . URL @USER URL,0,0,0,3,0,0
orm_train_track2_2715,Yaaa Rabbbiii kan Uumeee Nyaaachiseee tiksuuu SumaaaKanaaaf Diiinaaaf Hinargineee Tigrai   gadddaaa bc seeera jigeee Kaaaneee  Laftis Irkooodha  Rabbbiiin duraaa fi duuubaaa ketsana haaatiksuuu Kan Darbeee Rabbbiiin Qubsumaaa gaaariii haaa tasiiisuuuf Biyyyeeetttis deeemsis Firaaafi seeeraaan bareeeddduuu dhuka lafeee laft,0,0,1,0,0,0
orm_train_track2_2716,Waaaqayyyooo haaafaraduuu kaaa saba isaaaf  Nama gaaadisisaaa   dhugaaa jetttannni  Otooo oromooon hundu toookkko taaaeee baaalefaaateee gaaariii tureee,0,0,3,0,0,0
orm_train_track2_2717,Biyyaa abbaa qabdutti garmmaamuun sirriidhamoo yaa fira??Inni kaan km 300 qaxxamuruun iddoo ati dhalattetti waraqaa eenyummaa fudhachuun dhalataa asii gaafa ofiin jedhu maaltu sitti dhagahamaa??Dhugaan injifatadha!,2,0,0,0,0,0
orm_train_track2_2718,Guyyaan Irreechaa mootummaaf sodaa lubbuuti diinni Oromoos ni raafama URL,0,0,0,2,0,0
orm_train_track2_2719,ALLLAHHojiiin dhala nama tokkko kan jalqaba si gabbbaruuufi hojiii gaaariii hojjjachu akkka tae ati nugargariii,0,0,0,0,0,0
orm_train_track2_2720,galooo kooo jabaaadhu ati gantuuuf galtuuun gurrra hin beeektu bakkka deeemtuuuf waaan goootu of eeeganonnno godhiii,0,0,0,2,0,0
orm_train_track2_2721,Dhimma Itoophiyaa dimokiraatessu jedhurratti namoonni baay'een ibsa gahaa argachuu dhabuun haa ta'u ykn yaada waraana malee hin bilisoomnu jedhutti dunuunfatanii cichuu haa ta'u hubachuu dadhabuun isaanii naaf hin galu.,3,0,0,0,0,0
orm_train_track2_2722,Guddaa gaanfa afrikaa Akka fi bakki keessa jirtu goda seenaa jaarraa kanaati! Dhugaan ati lallabdu jeequmsa biyya kana keessa jiru kan tasgabbeessuudha!#Jawar_Mohammed! Baga nuuf dhalatte haaji milkaa'i! URL,0,0,0,3,0,0
orm_train_track2_2723,Tokkoo in du'a tokkoo in ajjesisaaDhufaa darbaa numa numaan cabsaKenyaa dubbiin sanuma saneen isaaMaal mallisaa,0,0,3,0,0,0
orm_train_track2_2724,ABO’n dhaaba ija taatee guyyaa borii ilaaluu danda’u qabudha! URL,0,0,0,0,0,0
orm_train_track2_2725,Wayyyo Hirkooo Halkan Kiyyya baaarechiteee Jabadha Dhugaaa ,0,0,0,3,0,0
orm_train_track2_2726,Wawooo hojiii gaaariii dhaaajabaaadhu,0,0,0,0,0,2
orm_train_track2_2727,Omn hundddaaa bayyyeee bayyyeee jalllaaan guyyyooo faaa kkk isumaaa lallluuu dhufnaaa kolfaaa fiii hasayyyaaa keee mashalllaaah hin qufffan kkk,0,0,0,3,0,0
orm_train_track2_2728,Uduuun ati dhiyeeesssitu sirrriii dha garuuu idddooo qabatamaaa toataman waliiin utuuu dhiyeeesssite caaalattti amanama,0,0,0,0,0,0
orm_train_track2_2729,Mindaaa irrraaa kan hirifamu osooo nuuu liqeeessseee,0,0,0,0,0,0
orm_train_track2_2730,waqqqayyyooo umriii hadhaaa keeeti haaa dheeereeesu ebbbifammmi,0,0,0,1,0,0
orm_train_track2_2731,Baga ngy   dhufte   jalawwwan kenya,0,0,0,2,0,0
orm_train_track2_2732,Hayyyooota oromooo ka hidhadhaaa   baaasu dandauuu WBO Qofadha abiy ulfinaaan isan baaasu hin barbaaaduuu ,2,0,0,0,0,0
orm_train_track2_2733,Namakooo carrraaa gaaariii,0,0,0,2,0,0
orm_train_track2_2734,Koronaavaayirasii: Ilmi mootii Chaarlas COVID-19 qabame garuu 'haala gaariirra' jira,0,0,0,0,0,0
orm_train_track2_2735,@USER Lukkuun haatee haatee haaduu ittin qalan baafte jedhan! #Abiy gantuu fi of-tuultuu baga rabbi salphina kee nu agarsiise . Oromo ganee kan darbeef hin jiru jedhe beekaan!,0,3,0,3,0,0
orm_train_track2_2736,Abiy waraana harkaa hin qabuu mata ufitifuu warana ertera irraa kadhatee ufegaa jira inni umama isatuu debessa bayyee gurra itti godhina Abiy mustgo,0,2,0,0,0,0
orm_train_track2_2737,Baga gaaafattte guyyyooo keeenya dhuga bayeee argannne qarallleee ima argaaa dhagayyyaaarrra kana caaalaaa haaa baaatu dhugaaan oromooo garuuu oromottti aaare miiidhamara maaaliiif gabarummmaaa osooo argu calllisa,3,0,0,0,0,0
orm_train_track2_2738,motuummaa haaraa bara gaarii nuuf haa goodhuu biyyaa keenya biyyii abbaa qabdii,0,0,0,2,0,0
orm_train_track2_2739,Osooo Oromo maaal eeegdu sabniii Amaaara diqaaala sodaaatttu ajjjoooytu tun isiiin fiiixe Yooo debiiistaniii diqaaala Amaaara yooo hin ajjjeeefne Afaaanillle Amaaara nu ajjjeeese hin jedhiiina,3,3,0,0,0,0
orm_train_track2_2740,Gammmadaaa waaan akkkasi gaaariiidha jabaaadhu Gudddadhu,0,0,0,3,0,0
orm_train_track2_2741,Jiradhuuu umiriii dheeeraaa ijiii hamaaa isiii arginiii,0,0,0,3,0,0
orm_train_track2_2742,"Yukireen yakkoota waraanaa 21,000 qorachaa jiraachuu himte",0,0,0,0,0,0
orm_train_track2_2743,Waraanni bilisummmaa oromoo zoonii giddu galeessaa guyyaa kaleessaa 5 2022 weerartuu hedduu ajjeesuu ibse!WBOn kaabaaf kaaba lixa shaggar aanaa kuyyuu ganda Darroo Daannisaa magaalaa Daannisaa seenuun kaampii weerartuu haleeluun 20 biyyoo ishee nyaachisee jira #freeoromia,0,0,0,3,0,0
orm_train_track2_2744,Bunaafi ashaboo fayyadamuun fakkii kan kaastu Galiilaa Raddaa,0,0,0,0,0,0
orm_train_track2_2745,Ayyaana gaarii hordoftoota amantaa kiristaanaa maraan,0,0,0,2,0,0
orm_train_track2_2746,Baay'ee gaarii dha jabaadha gootoota keenya ilmaan abbaa gadaa . ijarraa nuuf hafaa . isin waliin jirra . URL,0,0,0,2,0,0
orm_train_track2_2747,Yesusi fayisadhaaa kaaaraaadhaaa jiiireeenyadhaaa dhugaaadhaaa dhufuuun iyasusiii dhiiiyateeeraaa,0,0,0,0,0,0
orm_train_track2_2748,wowww baaayyyeee gaaariii dha itttiii fufiii qaxaleee kooo,0,0,0,0,0,2
orm_train_track2_2749,ani kolfan mucccuqiii,0,0,0,2,0,0
orm_train_track2_2750,Yuunivarsiitii Wachaamoo keessatti walitti bu'iinsa barattoota Oromoo fi Amaaraa irratti poolisoonni federaalaa barattoota Oromoo hedduu rasaasaan rukutan.Barataan Abduubaa Tanii Tandhoo rasaasaan mataan isaa dhawamee du'aa fi jireenya gidduu jira.Kan ajjeefamanis jiran jedhu.,0,0,2,0,0,0
orm_train_track2_2751,Isalmummmaaan dhugaaa dubacuuudhagaru isin dhugaaa jiru hin dubbbannne Abiyi erga dhufe ilma namaaa heddduuu fixesheeekoootiiidergagggoooifiii dhalaaa gudeeeduikana maleees biti   ethiopia kan orthotoxiti jettti amaaariii Ati kijibduuudha haqa hin dubbbannne,0,3,0,0,0,0
orm_train_track2_2752,Ibsa Waajjira Kongireesii Federaalawaa Oromoo (KFO) Irraa KennameYeroo ammaa kana rakkoo hedduun Itoophiyaa keessa akka jiru nibeekama . Kanneen keessaa ONGEE/BONA HAMAA naannoo Oromiyaa godina Booranaa keessatti beeylada fixee lubbuu namaatti darbaa jirudha . @USER URL,0,0,0,0,0,0
orm_train_track2_2753,Ajaa'iba!!Lixa qofa irratti Waraana kuma 100 000 qaba nuun jachaa ture Yoo Jawar Mohammed dabalatee Qabsa'oonni Oromoo hidhamnaan guyyaa tokkotti Finfinnee marsinee qabna nuun jacha ture har'aa garuu Kan Ummaatni Oromoo Ajaja Abiyyiin lafa irraa dhumaa kumaatamaan mana hidhaa,0,0,0,0,0,2
orm_train_track2_2754,@USER Hiriyaa jaallatamaa - Oduu gammachiisaa &amp baga gammaddan.,0,0,0,3,0,0
orm_train_track2_2755,gabaabumatti waaqeffataadha maalif hin jenne maalif sodaatta,0,0,0,0,0,0
orm_train_track2_2756,Hojiii Gaaariiidha Jabaaadhaaa,0,0,0,3,0,0
orm_train_track2_2757,Obbbo Galaaasaaa Dilbbbooo   hojiii   hojjjechaaa turaniiif   Oromooo irrraaa galata gudddooo qabu Biyyyeeen isaaanittti hasalphatu   jechaaa maaatiii fi firoootttan isaaaniiif   jajjjabina hawwwina    Qabsaan   ni kufa qabsooon   Ummmata Oromooo itttuma fufa,0,0,2,0,0,0
orm_train_track2_2758,Malo kan irrra Mali barnaaa nuf dhiyeste Kan barumsa isa irrra barchufi mit dhuma isa argu fin mudhame,0,0,0,3,0,0
orm_train_track2_2759,Oromoon du'aa ka'aa jiraDr.Gammachuu Magarsaa sirna Badhaasa'Gaaddisaa . URL via @USER,0,0,0,0,0,0
orm_train_track2_2760,Video   guuutuuu isaaa waraaabdaniii akkka gaaariiittti qindeeesssitaniii dhiheeesssuuu qabdu turtangaruuu kun calllistaniii waaanuma gatiii hin qabne asirrra keeesssanmucaaan kun nama cimaaa fi namni heddduuun irrraaa barachuuu dandaudha,3,0,0,0,0,0
orm_train_track2_2761,ODUU MOHA Gootichi WBO waraana Abiyyi Ahmed daaraa godhuu |MOHAMEDIA Midiaa Oromoo subscribii gochunii jabessaa URL via @USER,0,0,0,2,0,0
orm_train_track2_2762,Hamaas meeshaalee waraanaa akkamiin Israa'el lolaa jira?,0,0,0,0,0,0
orm_train_track2_2763,Chaayinaan haleellaa saayibarii Microsoft irraatti raawwachuun himatamte,0,0,0,0,0,0
orm_train_track2_2764,Himala Gara Finfinnnee! Maqaa Oromoo Baafata Ammoo Nu Uggura! Meettaa? URL via @USER . FB jaalala Nafxanyaa hin qabu jaalala horii malee . Falli hidda rakkoo diina Oromoofi Oromiyyaa uff keessaa yoo buqqifne qofa ka FB biratti dhageetti argannu.OS Free!! URL,0,3,0,0,0,0
orm_train_track2_2765,M﻿etan ykn feesbuukiin maaliif qabiyyee oduu US haquuf dhaadate?,0,0,0,0,0,0
orm_train_track2_2766,wowww galooo keeenyaaa gorichaaa nafxanyaaa qorichaaa budaaa nuf jiradhuuu wogggaaa 1000 Leeencccaaa kenyaaagalooo,0,0,0,3,0,0
orm_train_track2_2767,OMN jabaaadha itttiii fufaaa sagaaantan keeesssan bayyyeee gaaariii dha,0,0,0,2,0,0
orm_train_track2_2768,Gareen ilmaan Minilik sobaan addunyaan akka waan beellihamaan mudateetti beeksifna gargaarsi addaa nuufgodhamuu qaba jettee miidiyaa ishee kan sobaa #100 oliiniyyitee dadhabdee gara # twiteriitti gaafa soba geessitu# BBCn akka sitti saaxileen!! URL,0,2,0,0,0,0
orm_train_track2_2769,Kkkk dhugaaa sagaleee ol kaaaseeen kolfaaa ooole jiraaadhaaa,0,0,0,2,0,0
orm_train_track2_2770,@USER Oduu Gadda Godina wallaggaa bahaa Aanaa giddaa Ayyaanaa kiiraamuu limmuu eebantuu haleellaa xiyyaaraaf dirooni irratti taasiseen lubbuu namoota (100) akka du'a dubbii himaan WBO idila addunyaa odaa tarbiitu gabaase.! URL,0,0,3,0,0,0
orm_train_track2_2771,Omn midiiiyaaa sobaaan ijaaarameee,0,3,0,0,0,0
orm_train_track2_2772,Dhugaan ilmoo Waqaati . Oromoon dhugaa qaba . Biyya nama deemee hin weerarre . Biyya abbaa isaa irratti dhugaa isaaf falmachaa jira . Hidhaadhu wal hidhachiisi . WBO kee jabeesi! Saba guddaa taatee hamma yoomitti akka lammii 2ffatti ilaalamta? #InvestigateAbiy,3,0,0,0,0,0
orm_train_track2_2773,Hirkooo dhugaaa kolfaaan nuuu fiiixeee Baaayeee siiin jalanaaa ,0,0,0,2,0,0
orm_train_track2_2774,yaa uummata musliimaa jinniin funyaan bultu bishaanin baati jettanii funyaan bishaanin miiccituu,0,2,0,0,0,0
orm_train_track2_2775,Galgala toluuu namni sobaaaf dullleee you my hero,0,0,0,2,0,0
orm_train_track2_2776,galaaba nafxanyaa keessaa baasuf wbo duuka hiriruu akkasiin qopheessi,0,3,0,0,0,0
orm_train_track2_2777,diinni nafxanyaa finfinnee teessee gaallaan booranaa hacaaluu ajjeefnee jawartu hafa jette,2,3,0,0,0,0
orm_train_track2_2778,Ayyaana GaariiGaarii hunduma keenyaaf hawwa URL,0,0,0,3,0,0
orm_train_track2_2779,"Namtittiin kuun Diinaa Oromooti.kaleessaa immoo Diyaaspooraan ""gargaarsii keessan kan biyya ijaaruu malee kan biyya diiguu ta'uu hinqabu jedhee eergaa Abyi Ahmed sirrattii dabarfateera.kana jechuun WBO hingargaariinaa calumaa jedhaattii nafxanyaan isiin haafixuu jechuudha . URL",2,2,0,0,0,0
orm_train_track2_2780,Ethiopian ergaa Oromoof hintanee enyuuf taatii? Oromoon haanga yoom Ethiopian hidhamaa du’aa qabeenya isaa samamaa jirata? Ethiopian yoo nutti haftee maltuu nutti hirdhata? Eyyeen Ethiopia diguun barbaachisaadha Ethiopia bittinnoofte tanaan oromiyaan nagaan jiraachuu jalqabdi.,0,0,2,0,0,0
orm_train_track2_2781,Guyyaa garii fi torban bareedaa siif hata'u #EverydayEthiopia,0,0,0,2,0,0
orm_train_track2_2782,Oduun akka waan jaarsummaaf JAWAR faa bira H/Gabra Sillaasee faan dhaqanitti deddeemaa Jirtu Soba!Namni maqaa jaarsummaatin dhaqee @USER faa dubbise hin Jiru.Kanaaf olola San achumatti Dhaabaa!Hidhamtootni keenya kan bahan qabsoo qofaani.@USER,1,0,0,0,0,0
orm_train_track2_2783,Galatooomaaa ,0,0,0,2,0,0
orm_train_track2_2784,Fedhiiin barnoootaaa qabsooo gooototaaa oromummmaaatiiiisin haaabulfatuuujustice for acaluuudhiiignisaaa jigeee hafuuu rabbbiiifi goootasabaaatu dhuka lafaaafi lafeeetiii wirtuuu lafeee duuugdaaatiii dubartooonnni jirtuuu jirrraaa ammmas jirrraaa dhugaaa laaalan arguuu fedhiiin keee koootiii ati ogeeetttiii yaaannniiis hin,0,0,0,0,0,0
orm_train_track2_2785,#Oduu_Injifannoo WBO zoonii Harargee bahaa! Bahaa keessa socho'u aanna cinaaksan Aradda koora Daawwee iddoo buubbee ja'amtutti Lola har'aan irreefi gachanni ummata oromoo wbo diina gubee barbadesse 7 ajjeesse 12 Madoon adabee boojun AKM 6 Boonbii F1 2fi k 5 Rasaasa 400 gal URL,0,0,0,2,0,0
orm_train_track2_2786,Rom . 12 Waa dhimma baasuudhaaf hin dhibaa'inaa! Hafuura gubaa qabaadhaa! Gooftichaafis of irraa bu'aa hojjedhaa! Abdii qabdanitti gammadaa rakkina obsaa Waaqayyoon kadhachuuttis cimaa!,0,0,0,0,0,0
orm_train_track2_2787,Wwww jabaaadhaaa karaaa gaaariiirrra jirtu dhugaaa,0,0,0,0,0,2
orm_train_track2_2788,@USER Gaarii godhekaa . Waraana barbaanna jettan mitii taphadhaa malee hin bo'inaa.,0,0,0,2,0,0
orm_train_track2_2789,galata qabda jiraaadhu,0,0,0,1,0,0
orm_train_track2_2790,Yooo moootummmaaan aaangooo qoooduuu hin dandeeenye tae akkkamiiin profff Birhaaanuuun fi namooonnni heeeddduuun paaartiii warrra kaaabaaa fi ABO irrraaa aaangooon kennnameeef Mooo isaaan biyyya kamittti dorgomaniii moooatan Waaanuma sobaaa dubbbachuuun namooota akkkasiiirrraaa akkkam foookkkisa garuuu Nu haaa baraaaru,3,0,0,0,0,0
orm_train_track2_2791,Koronaavaayiras: Itoophiyaatti guyyaatti lakkoofsi namoota Covid-19 qabanii guddaan galmaa'uu yaaddoo haaraa uume,0,0,0,0,2,0
orm_train_track2_2792,Dhugaaa irrraaa maaaltu nadhooowwwa eeesssati kufeee namni dhugaaaf bule galgala hin tolu namni sobaaaf duuule  galooo madaaa garaaa keeeti nuuuf ibsite jirta baga ittti cabsite girrrisooochi guyyya 2 keeesssati miliyooona guuutu qabna yo rabbbi jedhe Jabadhaaa itiii mudaaa Girrrisaaa kooo 1000  ,0,0,0,3,0,0
orm_train_track2_2793,Yaaabiii oromiyaaa keeesssattti nagayaaa busiii,0,0,3,0,0,0
orm_train_track2_2794,Obbbo Gammmada    Namooota gagggaaariii nuti irrraaa barannnu nuuu fidaaa jirta Show   ati jalqabde kun akkka biyyyaaa irrra darbeee akkka Afrikaaattti   Afrikaaa bira darbeee   akkka Adddunyaaattti   siiif haaa gudddatu   Nama jabaaadha   ati   jabaaadhu  Olumabbbooo,0,0,0,2,0,0
orm_train_track2_2795,gammmeagonafir3526 maaalif hamaaa tatuuu garuuu isiiin,2,0,0,0,0,0
orm_train_track2_2796,#AmmeeTDF waraana bilxiginnaa urgeessaa fi wucaalee qubatee jiru guutuu barbadeesse!,0,0,0,0,0,0
orm_train_track2_2797,Aadaa fi alaabaa abbaa Gadaattii qoosaa kanshee akka kabajamuuf feeti raatuun dawween kunoo Finfinnee Fi Kaayiiroo gargar baasii qomcee . URL,0,3,0,0,0,0
orm_train_track2_2798,waltajjiin marii jalqabaa mataduree “boqonnaa qabsoo oromoofi tarkaanfii jijjiiramaa“ jedhuun jimaata ebila  bara  eegalameera,0,0,0,0,0,0
orm_train_track2_2799,injifannoowwan boqonnaa jijjiiramaa galmaa'an oromoo qofa hin lammiilee itoophiyaa hundaaf dirree aara galfii uumaa jiru,0,0,0,1,0,0
orm_train_track2_2800,#Eida bareedaa fi miidhagaa ture Alhamdulillaah! Lafuma jirrutti waliin waliif kabajna! URL,0,0,0,3,0,0
orm_train_track2_2801,Badhaasa RabbiiAlhamdulillaahJawar MohammadiiSabni Hayyuu Qabu HayyuudhaOromoon Jalqabumaahuu Hayyu Hayyummaa Irratti Hayyummaa Nuuf Dabale Khaaliqni UumaaAbshir Hayyoota Koo Injifataan Isinumaa Haqni Ni Injifatti,0,0,0,2,0,0
orm_train_track2_2802,tortoraa namaa diqaalaa ilmoo amaaraa,0,3,0,0,0,0
orm_train_track2_2803,Biyyonni Afrikaa martinuu sodaa vaayrasii Koronaaf jecha qorannaan gaggeessan jabeessaa yeroo jiran kanatti namnii yeroo jalqabaaf vaayrasii kanaan ardii Afrikaa keessatti qabame labsamuuf jira.URL,0,0,0,0,0,0
orm_train_track2_2804,Rakkoo hidhamuu namootaa: Miseensonni dhaabbilee siyaasaa dorgomtootaa waan hidhamaa jiraniif isiniif galee? Tokkoffaa EPRDFn injifatanii hin galle 2ffaa seera EPRDF hin kabajne . Furmaanni jiru EPRDFn injifachuu ykn seera EPRDF kabajuu dha.,2,0,0,0,0,0
orm_train_track2_2805,@USER Rabbiin kun ajaa'iba.Kukkuuleetuma si khaayee @USER.,0,0,0,0,0,3
orm_train_track2_2806,Waan ta'eefu Abiyoot jaalate Osoo hin taane dirqame Kaameera irraa fagaate Abiyoot lixuu batuus lixuufQophii irraa jira na amani Guyyaa muraasa booda Waan ajaa'iba dhagaa'uuf teenna URL URL,0,0,0,2,0,0
orm_train_track2_2807,Yaaa rabbbiii galataaa Keee Alllhamduliha,0,0,0,3,0,0
orm_train_track2_2808,Sababiiin midhamaaa kenyaaa midhagaaa kenyaaa galooo qaliii kooo nuuu jiradhuuu,0,0,0,2,0,0
orm_train_track2_2809,Galooo galata guda qabda saba oromo biraaa dhigaaa kooo,0,0,0,2,0,0
orm_train_track2_2810,Miiiliiilikiiijachuuun miiimiiiliqiiijachudhaaa ikraaajachuuun dhiiihaaajachuuudha waradhiiihatiiidemsiiikenyajachuuudha o o o wantoootasadeeeniiira biiillliiisatahaaa logiiiraaa biiilisatahaaa fiiinxaleeesumara qenxuuumaraaa kanuuuma nafakkkatiii,0,3,0,0,0,0
orm_train_track2_2811,paatriyaarkiin ortodooksii itiyoophiyaa qulqulluu abuna maatiyaas dureen phaaphaasii kaatoliikii itiyoophiyaa kaardinaal birihaana iyyasuus suraafeel pireezidaantiin makaana iyyasuusii itiyoophiyaa luba yoonaas yiggazuu pireezidaantiin gamtaa wangeelaa itiyoophiyaa paastar tsaadiquu abdoo ayyaanno du'aa ka'uu bara  ilaalchisuun ergaa dabarsaniiru,0,0,0,0,0,0
orm_train_track2_2812,MM Awustiraaliyaa umurii 60 erga naqatanii booda 'jaalalli waan bareedaadha' jedhan,0,0,0,0,0,0
orm_train_track2_2813,Amma teessee post gootu Maalif fiigdee biyyaa baatu Kan akkakee hin dhalatiin Dhalatummoo hin guddatiinKan saba isaaf hin taane qomosaatiif tasa hin naane Gadhee garaa dhagaa Ati hin argatiin nagaa!!! . URL,0,3,0,0,0,0
orm_train_track2_2814,Ashuuqi tana nyaachuun gaariidha.Yoo nyaatan ofiti guddisuun rakkoo fida rakkoo teeknikaa . Motora qabun ni ulfaata . Dhuufuu aja’ibaa qabdi Hafuura namati kuti Garaa nama bokoksiti,0,0,0,0,2,0
orm_train_track2_2815,Welll come to media OMN malif ajanddda nafxanyaaa dhisssattti kan addda billlisssummma WBO irrraaa malif bayyyinan hasssawa caaaltuuu  guyyyooo  yihun ,1,0,0,0,0,0
orm_train_track2_2816,Duri shaneee harkaaa keeesssa qabaaa jedhuuu yooo waaa badaaan kkk amaaa biyyyaaa olatiii,2,0,0,0,0,0
orm_train_track2_2817,'Namoota Liibiyaatti balaa lolaan du'an keessaa %10 baqattoota' - IOM,0,0,0,0,0,0
orm_train_track2_2818,Ya hayyu ya qayyum bi rahmatika astagheeth . #ameen,0,0,0,0,0,0
orm_train_track2_2819,Qaxaleee kooo baguma Waaaqayyyo lubbbuuu keee nuuuf baraaare Haaacaaaluuutu keeesssaaan nattti mulata Qeeerrrensa ija barbadaaa nuuuf jiraaadhu ammmallleee,0,0,0,2,0,0
orm_train_track2_2820,Bilo Waayyuu Esmael Kelil Sahibuu Abdulqaadir duraan dursee dhamaatiin keessan woggaa 1 fi ji’a 8 darbe shira Abiy Ahmed Ali beeksisuuf godhaa turtan bakka milkaa’en jechuu barbaadaa . Gaafa namticha kana woliin . URL,0,0,0,2,0,0
orm_train_track2_2821,Qamisiii hadhaaa keee jala tate barrresssun salphadhaaa garuuu uuummmannni keeenyaaa mirgaaa lubbbuuun jirachuyuuu dhabeee jiraaa,3,0,0,0,0,0
orm_train_track2_2822,Welcome OMN ustaz ahmid jabel bagaaa dideee lencaaa keeenyaaa Ammma waaan gaaariii goteee galatomiii,0,0,0,2,0,0
orm_train_track2_2823,Itti muddiin expired gootee jirti . Isii nuutu biyyaan bilisoomse gaafa isin namaaf ergamaa turtan jechuu kiyya . Gaafa isin sodaa MILISHAATIIF nama maqaan JAWAR yaamuu sodaattan . Gaafas itti muddiin diina lafaan . URL,2,0,0,0,0,0
orm_train_track2_2824,Breaking news biyyya kana sobadha dhiiisi hin dhamain,0,2,0,0,0,0
orm_train_track2_2825,dhiira diinatti summii taatee leenca abdii sabaa oromoon qaba,0,0,0,2,0,0
orm_train_track2_2826,Umriii nuuu dheradhuoja nafxanyaaa sirrraaa haaa qabu,0,2,0,0,0,0
orm_train_track2_2827,'Kataar waa hedduun moote' - Waancaa Addunyaa lammiilee Itoophiyaa achi jiraniin,0,0,0,0,0,0
orm_train_track2_2828,"#Qonnaan_bultoota Dr Biraanuun qonnaan bultoota kanniin irraa lafa kaaree meetirii 122 856 saame . Maqaan dhaabbatichaa ""#Addis_Village_Real_Estate"" jedhama . #Obboleettiin Dr Biraanuu #Masarat_Naggaafi #haati_manaa Dr Biraanuu Dr #NaardoosMinaasee miseensa dhaabbatichaati.",2,0,0,0,0,0
orm_train_track2_2829,Jiradhu jabaaa namaaa,0,0,0,2,0,0
orm_train_track2_2830,Uummata Birmadummaa dheebotee watwaatutti humnaan bahanii itti dhaadachuuf sibiilaan doorsisuu akkasumas lubbuu baasuun sodaa guddaa keessaa bahuu hindandeenye keessatti kufanii jiraachuudha mul'isa!,0,3,0,0,0,0
orm_train_track2_2831,Lixa shaggar aanaa baabbichaa keessatti #Addee_Alamituu_Nagaasaa kan jedhamttu maanguddoo ganna 55 kan taate nama harka qalleettii taateedha . Ilmi keessan bosona taa'ee nu lolaa jira jechuun ergaa hidhanii booda asii dhabamsiisanii jiru.Sagalee waliif haa taanu!! URL,0,0,3,0,0,0
orm_train_track2_2832,Welll com bro barnooota baaayyyeee gaaariiidha nuuuf jiraaadhuuu,0,0,0,2,0,0
orm_train_track2_2833,Eyeeen dhugaaa ketiii dhugaaan manaaa rabiiitiii ijaaa hamaaa siraaa Haaa qabuuu gotaaa kooo hamaaan siii hiiin argiiin Gariiin siii hiiin darbiiin ,0,0,0,3,0,0
orm_train_track2_2834,Wayyaanee qawwee tokko malee Qeerroon Oromoo aangoo irraa buuse . Mootummaan biltsiginnaa kunimmoo sanaayyuu gadi . Nutu tokkummaa dhabe malee qabsoo karaa nagayaan geggeeffamu harka 1000x qabsoo waraanaa caalaa filatamaadhas furmaata yeroo dheeraa qabatee dhufas.,1,0,0,0,0,0
orm_train_track2_2835,Hundi isaaaniii dhugaaa dubbbatuuu hin dandaan malif yojetan ufiiif maleee sabaaaf waaan hin jiraaaneeef dhiiigni ilma namaaa summmiii isaaanittti taeee waaan jiruuuf dhamaaniiiru kanaaa fuuu dhugaaa dubbbatuuu hin dandaan,3,0,0,0,0,0
orm_train_track2_2836,Hojjettoonni mootummaa Godina Qeellamiitii 'lubbuuf sodaatanii' Finfinneetti baqatan rakkoo himatan URL URL,0,0,0,0,0,0
orm_train_track2_2837,#WallooLolli humnoota fi nxaaleeyyii amaaraatiin waaree booda kana ummata keenya jiillee irratti baname hanga haalkan kanaa itti fufeera . Namni keenya tokko wareegamee sadi madaaheera . Ummatni keenya waliif dirmadhaa maaloo!#OromoVoice URL,2,0,0,0,2,0
orm_train_track2_2838,Gaazexeessaan OMN duraanii Abdulsalaam Hasan baatii hedduuf mana hidhaa ture hardha hiikameera.baga baate!!kan hafanis hiikaa!! URL,0,0,0,2,0,0
orm_train_track2_2839,nafxanyaa waliin biyya tokkko jiraachuu miti waaqa waliin kadhachuuniyyuu ulfaata,0,3,0,0,0,0
orm_train_track2_2840,Wel come gammmeee  Ustaaaz keeenya kabajaaamafi jaaalatama Ustaaaz Raaayyyaaa Abbbaaa Mancaaa Baga nuuuf fidddeee Hawwwiii gudddadhan live Seeene isssin Eeguti jirrra  Gammmadaaa Show ,0,0,0,2,0,0
orm_train_track2_2841,fakkaatutti opdo'n ummata oromoo habashaa sodaattufi,0,3,0,0,0,0
orm_train_track2_2842,Galaaanaaa Galaaa Sabaaa hojiii gaaariii yerooo isaaa eeegggate waaan taeeef sittti booonnnerrra,0,0,0,2,0,0
orm_train_track2_2843,Galaaanaaa gaaarooomsaaa Albama isaaa kan baheeen hanga ammmaaa albamni isa caaaluuu hin dhufne ammma ammmooo hojiii vidiyooo bareeedaaa addda tahe qabateee dhufeee waaaw  Qindeeesssaaa muuuziqaaa Daaawit Taaadddasaaa irrraaa egaleee Namni vidiyooo kana waraaabeees editiii hojjjateees baaayyyeee baaareeeda daaayrektarrri sila,0,0,0,3,0,0
orm_train_track2_2844,Yoyaaa   amasiii   yoyaaa   ijaaa   fi guraaa umataaa   oromooo   OmN   hamaaa   isin   dhagefadhuuutiii fayaaa arakadhuuu,0,0,0,2,0,0
orm_train_track2_2845,Gamaaagama gaaariii ture,0,0,0,2,0,0
orm_train_track2_2846,lencaaa kenaaa damaqiii oromo tokomiii ,2,0,0,0,0,0
orm_train_track2_2847,saba amaaraatti obsinaan obsi sodaa fakkaatee gajeraa eeboo fin mancaadhan cagadaa,0,3,0,0,0,0
orm_train_track2_2848,@ Dr . Abiy Ahim(PM) Shimelis Abdisa Adanech Abebe Yeroo amma kana hawaasi Horsiise bulaa bonaa cimaadhan qabeenya qabu hundaa irraa manca'u qofaa osoo hin taane rakkoo hamaata keessa waan jiruuf ariitin akka dhaqqabdan isan gaaffana! @USER,0,0,2,0,0,0
orm_train_track2_2849,Ammaaf waanti hunduu gara sarara tokkootti wal sassaabaa jira shakkiifi sodaa hedduun jiraatus ijaarsichatti cimsuuniifi ariifachuun murtee kooti URL,0,0,0,0,2,0
orm_train_track2_2850,Magaalaa naqamteetti ilmaan Oromoo afur 1 Nimoonaa Ijjiguu 2 Abubakar Nuuree 3 Amanu'eel Habtaamuu 4 Sanyii iddoo isaan jiranii qabanii erga ajjeesanii booda reeffa isaanii laga harreetti gatan! Dacheen dhiiga bartee kichuu meeqa dhabne . URL,0,0,3,0,0,0
orm_train_track2_2851,Obsuun waanuma jiruObsinee hamma obsaaErga sodaa fakkaateeKa'een ishiitti cabsa!Jettee kalee nuuf falmiteeMan'ee diinaa barbadeessiteOl nu qabuuf ofii kufteNuuf jiraattee nuuf duuteeKaraa keerra nutu hiriiraHACEE yaa mootii dhiiraa!Abbaan feete haa gantuAbbaan feete URL,0,0,0,0,0,0
orm_train_track2_2852,"Obsa Abdisa#Karrayyuu""Namni kun Hawaas Bulgaa Roobaa jedhama . Sirni qaroo Oromoo lafarraa balleessuu amaleeffate haftee Karrayyuu kana galgala har'aa galaafateera . Kun tuffii Oromoof qaban ifatti agarsiisuufi."" URL",2,0,0,0,0,0
orm_train_track2_2853,@USER Waaqnii guddaa si bira waan jiruuf sodaa fi shakki tokkoollee hin qabu . Waan atii yaaddee hunduu ni raawwatama . A Man of God dear brother #Abiy! Ituuma moortuun moortuu ni hoora abbaan hooruu.lapheen kee qulqquullun quluqquullinni isaa seekkoondiif illee hin hirrattiin!,0,0,0,2,0,0
orm_train_track2_2854,Amma moo hinni darbee xinnaate amma sii Nafixaanyaan warana Tigree kana waan yaadee fu Tigree warranu calqaban (Nafixaanyaan akka seexxanaa baassoo hirru fakkaati abba argeen loluu kuni kani ibsuu akka Nafixaanyaan rakkoo darbee irraa hin barratan . Oromiyaa yookani du'aa,0,3,0,0,0,0
orm_train_track2_2855,Mattti naf taiii sanyi kooo muccca biyyya kooo kabajan si gafadhaaa,0,0,0,0,0,0
orm_train_track2_2856,innoo aduu isaa warra hamootaa fi warra gaggaariidhaaf in baasa bokkaa isaas warra qajeelotaa fi warra jal'ootaaf in roobsa . Warra isin jaallatan duwwaa yoo jaallattan gatii maalii argattu ree? Warri sodaa Waaqayyoo hin qabne iyyuu akkanuma in godhu mitii ree?,0,0,0,0,0,0
orm_train_track2_2857,Hibbbooo Bifaaan gurrraaatttiii amalaaan giiiftiii htttpsyoutubecomshortsnxFFF2v7FdbAfeatureshare deeebiii link oliii irrraaa argatttu,0,0,0,0,0,0
orm_train_track2_2858,26 2018 . 20:55 Mii'aa (qodaa)ta'aan fanniissan dhaabatan buusuun nama hin dhibu . KunooNafixaanyaanaangoo gubba hedda baatee waggaa 3 ta'ee Yerroo amma kana keessa tti gaaffi yerroo tokkollee namni filee hin beeku . Soba fi huumnan teessi malee.,3,3,0,0,0,0
orm_train_track2_2859,Gammmeee Qananiiisaaa Dubbbisuuu keee baaayeee waaan gaaariii gooote,0,0,0,2,0,0
orm_train_track2_2860,@USER sagalee uummata keennaa naanoo wallaggaa Shawaafi Booranatti mootummaa nafxanyaan dhumaa jiruuf sagalee haa taanu . yoo dandahames beektotaan mariyadhaa haa hidhachiifnu . iyyaa qaama dandahamuttil,0,0,0,0,1,0
orm_train_track2_2861,Yaa Rabbii bakka kamituu warra tikaa kee jala jiru nu taasisi.Yaa Rabbii onnee sodaa keetin guutamtee nuf kenni . URL,0,0,0,0,1,0
orm_train_track2_2862,Wowow Jabaaa keeenya bakkka buhaaa haceeekooo galooo kooo gooota keeenya ija buuuda fi gantuuu sirrraaa nuuuf haaa qabuuu waaaqni oromo koooti nuuuf buliii ,0,0,0,3,0,0
orm_train_track2_2863,Kan gurrakee sodaattuAlagaan akka qawweeMaandisa qabsoo sabaaBaga nuuf baate #JawweeAarsaa kaffalaa turreTarsiimookee dharraaneeGidduu jiruutiif du'aaWalakkaatti rarraane!Si kuffisuu dadhabdeHumni alagaafi shirriQaroo agartuu sabaaHedduu siin boona firri!1/2 URL,0,0,0,3,0,0
orm_train_track2_2864,BAGA AYYAANAA IRREECHAA BARA 2014 NAGAAN GEETTAN!! // Irreessi Araaraa fi Nagaa Irreessi Tokkummaadha Irreessi Obbolummaadha Irreessi Jaalala Irreessi Galata Kanaaf Nagaan Baanee irreeffannee Nagaan Mana keenyatti haa deebinu!,0,0,0,3,0,0
orm_train_track2_2865,Baaayyyeee gaaariii dha ittti mudaaa,0,0,0,3,0,0
orm_train_track2_2866,Guyyyaaa haaacaaaluuun due san namni akkka kooo rifate ni jira jedheee hin yaaadu  Rabbbin haqa keee haaabaaasu haceee kooo,0,0,2,0,0,0
orm_train_track2_2867,Waraana Yukireen: Raashiyaan akkamiin Yuukireen keessatti taankiin hedduu jalaa barbadaa'e?,0,0,0,0,0,0
orm_train_track2_2868,Yaaa Oromooo jedhe namichi Hojiiidhuma gaaariii gadi teeesssaniii barrreeesssitaniii sirnaaan hojjjechuuu yooomuma bartu Dur sponsor dhabne TV nuuuf dabarsu dhabne jetttu ammmammmooo akkka ijooollleee taphatttu Script barrreeefffatttaniii hojjjetttuuu ofiii Nattti hin fakkkaaatu,3,0,0,0,0,0
orm_train_track2_2869,WBOf ergaaa kan nuuuf dabarsitan ergamtuuu PPP irrraaa of eeegaaa,0,3,0,0,0,0
orm_train_track2_2870,Nafxanyaan shira amma xaxaa jirtuun Oromoo tuttuquu baayyisaa jirti . Naannoo finfinneetti wanti jarri godhaa jirtu lola hamaa keessa nu naquuf deemaa jira . Waa hundaafuu qophaawuun gaariidha!,2,0,0,0,0,0
orm_train_track2_2871,WBOn diina ergamtuu fi hattuu qulqulleessaa jira biyya abbaa isaa walaboomsaa fi saba isaa bilisoomsaa jira . IUOf Oromiyaan Biyya . URL,0,0,0,2,0,0
orm_train_track2_2872,Galooo bagaaa ittti cabsiteee gotaaa oneee sibilaaa gamesaaa oromof oromiyaaa waaal Agaraaa waaal Agares jiraaa waaalis Arguuuf jiraaa wawowowowow dhugaaa Afaaan keee kanatiii Dammma nyadhuuu ijaaa dinaaa siraaa haaa qabuuu   esaaatiii kufeee namni dhugaaaf duleee galgalaaa toluuu namni sobaaan ,0,0,0,2,0,2
orm_train_track2_2873,Dhiheenya kana Mootummaan Manguddoota Dhadhaabbata malee deemuu hin dandeenye Farra Riphee lolaa Jechuun Hojii Qonnaa Dhorkuun Uffata Gabaarra Naannoftu ergi itti uffisee booda Gara WBOti Bobbaase ammas Dhumaa Fi Harkaan Qabaa jirti.WBOn Hojiitti jira Ati olola Oofi URL,2,0,0,2,0,0
orm_train_track2_2874,Addunyaan warra du'anii fi du'an deddeebi'an ni kabajti nuti garuu isa du'a injifate kabajna egaa! Qaama Mootummaa haaraa isa biraa dhufu waan taateef gammadi . shalom jedhama,0,0,0,2,0,0
orm_train_track2_2875,Gochi sanyii duguggaa Oromoo walloo irratti deemaa osoo jiru warri waa'ee injifannoo dubbatan #Wly rabbiinis ta'e seenaan sin gaafata.Ummata miidiyaa hin qabneUmmata humna gahaa hin qabne kana gaafa inni diina ofirraa deebisu injifannoo jettaniit abidda itti dabaltan.,2,0,1,0,0,0
orm_train_track2_2876,sababniii isaaan mana namaaa akkka gubaaan gooodheee enyuuu shannneee miiitiii dheeengadaaa namoootaaa gara jalduuura kaaniii gara finfinnneee immmalaaa turaaan kokolataaa tokkkooo guuutuuu fiiixaaaniii tureee ummmataaa oromo  wbon jeeetan kun waaaqayyyooo yaaa faraduuu lubbbuuu yaaakkka tokkkooo maleee dabarteee ,2,0,3,0,0,0
orm_train_track2_2877,@USER Soba kan oomishu mootummaa sobaa fi jibba uummata Oromoo irratti ijaarame umurii isaa dheereffachuuf Oromoo kutaa fi gandaan qooduuf halkanii fi guyyaa hojjetu kan akka PPti . Dhugaan nii mooti . Dhugaan ilmoo Waaqaati.,3,0,0,0,0,0
orm_train_track2_2878,"#Godina Arsii baha Ona Heexosaa ganda Sibuu Abaadir keessatti guyyaa kaleessaa dilbata Ebla 3/2022 Waraanni Mootummaa ummata nagaa ""shaneetu"" isin keessa jiraa baasaa jechuun ummata nagaa dararaa jirti . Maanguddoo umrii 70 dabalatee namoota hedduu hidhuun dararaa jiru.",0,0,2,0,0,0
orm_train_track2_2879,Wayyyiii tayyyeee an lubbbu keeetifi sodaaa qaba,0,0,0,0,3,0
orm_train_track2_2880,Maaaliiif badaaaniii dafaaa dafaaa kotttaaa,0,0,0,0,0,0
orm_train_track2_2881,Labsiin yeroo muddamaa dheerachuun na yaaddessa - KMNI,0,0,0,0,0,0
orm_train_track2_2882,Wantiii OPDON booochuuu guuutuuun waaan oromo xiqqqeeesssuuu  ilmaaan adddagggeeetttiii OPDON guuutun 89warrraaa oromiiiyaaa keeesssatttiii dhalattteee afaaan oromooo barteee kanaaafuuu hanga OPDOn angooo irrra jirtuuutttiii oromiiiyaaa taaateee itiyooophiiiyaaa kesssa rakkkooo qofa maleee wantiii gaaariiin hin umamuuu,0,2,0,0,0,0
orm_train_track2_2883,Jabadhaaa ittti fuuufa   ortodoksiii Oromiyaaa Aashiii krrra nafxanyaaa jalaaa Bayyyaaa   Translate to English,0,3,0,0,0,0
orm_train_track2_2884,Nuf jiraaadha gooototaaa ija barbadaaa,0,0,0,2,0,0
orm_train_track2_2885,Link kana banaa daawwadha me waan nama dinqisiisu kan ajaa'ibaa argitu dhugaa rabbii . URL,0,0,0,0,0,3
orm_train_track2_2886,@USER Dhugaadhaa? Akkuma jette sobni soba dhugaanis dhugaadha . Amma garuu wanti isin irraa dhageenyuu fi argaa jirru sobaan dhugaa dhaagadhaan soba jechaa jirtu! Nama ajaa'iba waanuma dura TPLF irraa bartani har'as isuma raawwachaa jirtu! Waan achi teessanii dubbatta tokkoyyuu nu,3,0,0,0,0,0
orm_train_track2_2887,“shororkeessaa abut murna afaan mana hidhaa afaan oromoo taasiseedha” obbo damillawu taaddalaa,0,0,0,0,0,0
orm_train_track2_2888,diqaalaa hadhaa guyyaa eegadhuu alabateetii hin hafatuu,0,3,0,0,0,0
orm_train_track2_2889,Hummanni Itiyoophiyaa hund Baga gammaddan Hidhich Guubaa Guutee dhangala'ee jira nuuf gammachuu inaaftotaa keenyaaf gadda . Baandaaf immoo abdii kutannaadha . URL,0,0,0,3,0,0
orm_train_track2_2890,Raaayyyaaan nama cimaaa tauuusaaa waaaeeelllan Usumaaayyyuuu MusaaaEebbbisaaa AdddunyaaaBiqilaaa Guyyyoootaaa fi hiriyooota heddduuu waliiin hiraaarfameee dabarse kanaaaf jecha waaan lammmiii nyaaachuuuf miti tasa hin yaaadu Kanaaaf hatttooota ni dhiyeeenya dhagae Asumaaan maaatiii naaaf taaaan dhaaamsa koooti,0,0,0,2,0,0
orm_train_track2_2891,gantuu hattuun sobdu muddamatan kadhaaf oliif gadi hin fiiginaa inuma kuftan yaa bilxiginnaa,0,3,0,0,0,0
orm_train_track2_2892,Gorsa: MM Etophiyaaf dhalonni Oromoo ka ammaa Qeerroo fi Qarreen sodaachisoo hidhaa ajjechaa hin sodaatan waan ta’eef humnaan aangoo irra akkuma Isaayas Afeearqii nan turaan salphina sitti biyyatti fida . Kanaaf gaafii uummataa deebisi dhadachuu Oromoo hidhuu dhiisi!!,2,0,0,0,0,0
orm_train_track2_2893,Waldaan barnoota sadarkaa olaanaa konfedereshinii addunyaa kan waa’ee qonnaa fi saayinsii jireenyaa badhaasa kabajaa Profeessar Mitikkuu Haaylee Yunivarsitii Maqalee irraa kan badhaasuu ta’u labsee jira . #science #agricultureURL,0,0,0,0,0,0
orm_train_track2_2894,Abiy du'a anga'oota Amaaraa J.Sahra'fi Jawaar irratti yaaliin ajjeechaa yeroo godhamu biyya alaa turre.Ammas lolan deema jedhee qabsaawota Oromoo hidhaa keessa jiran irratti shira qindeessee deemuun oolu waan ta'eef Oromoon qabsaawota hidhaa jiraniif eeggannoo cimaa gochuu qaba . URL,0,0,0,0,3,0
orm_train_track2_2895,GHO maree Gur . 12 2022 tasiseen hayyootni qorannoo isaaniin seenaa addunyaa keessatti Impaayyerrii dimokraatofte hin jiruu jedhanii jala muranii . Kana irratti dhaabbii qabachuu dhabuu Gamitichatti areen ture . Galatoomi GG . ttps://URL,2,0,0,0,0,0
orm_train_track2_2896,@USER Akka biyyatti nuu boonsuu danda’a . Garuu akka biyya kessatti shirri godhamaa jirru salphina dha.,0,0,2,0,0,0
orm_train_track2_2897,@USER Tooftaa diinaa kana kuffisuun hamma kana ture garuu galtuu amaaraa fi gantuu oromoo baay'ee waan qabnuuf girristee deemteett akka isheen dhumtu shakkii hin qabnu,2,2,0,0,0,0
orm_train_track2_2898,@USER Soorgoo fi sookoo kan jedhan sana hin barannee ati bareedduu koo? Soorgoo isaa qofa fudhattee aariin fuulli kee akkana bareedu kun akka 'lamaxaawu' hin fedhu ishii,0,0,0,0,0,0
orm_train_track2_2899,Alhamdulilllaaah baga walumaaan  Gammmannneee   galata   rabbbiiif   galchuuu baaayisaaa oromooon hindi,0,0,0,3,0,0
orm_train_track2_2900,AGM:Oduu Injifannoo-Qeerron Sodaa Du'aa Mooyate . Yunivaristii Jimmatti Seenaa Hojjete FreeJawar - URL URL,0,0,0,2,0,3
orm_train_track2_2901,Oromooon jabateee dhimmmi oromooon fuuundurattti deeema kabaja ufffi Abbbatttu egaaata ummmni millliooona 7 akkka ufffi kabajiiisisan Arga jira ummmni keeena millliooona 50 ammmooo barummma hunda biiicha maaale murmata irrrattti waaanti marinu hin jiru kun rakkkooo guddda qabnu,3,0,0,0,0,0
orm_train_track2_2902,Gaaalooo jabadhuuu   wali hagaraaa,0,0,0,2,0,0
orm_train_track2_2903,@USER Sodaa isaa ibsaa jira @USER.Isa inni dubbatu miti maalif akkani dubbatu malee.Nafxanyaanis ta'e Abiy waa'ee WBO gaaf tokko officially gaafa haasa'an akka namni jabaachaa deemuusaa baru hin barbaadani.Kun sykoloojii/qalbii sodaarra madda.Deebii gaarii laatteef . Buck stopper,0,0,0,2,0,0
orm_train_track2_2904,Yaa Rabbi dhiira Sodaa Rabbii malee tan Waan biraa tokkollee hin sodaanne tan akka sheikh Mahamud nuuf heddumeeysi.Akkanatti Deebisa cimaa godhe Muumee Faransaatif . URL,0,0,0,3,0,0
orm_train_track2_2905,@USER osoo suuran oromoo bilisa baasa taatee sila warra kanatu . olola suuraatin oromoo burjaajessun yeroon irra darbe . OlA must be eliminated from oromia land.,1,0,0,0,0,0
orm_train_track2_2906,Namni bakakkkaaa beeeku dibbbeeef nannnahaaareee Kun dhugaaa lafa jiru,0,0,0,0,0,0
orm_train_track2_2907,Kanaaf namoonni galtuun ilaalchaa gaarii saba keenyaaf hin qabne dhuftee aangoo gandaa hanga naannootti naannoo hanga federaalaatti dhuunfattee jirti . Karaa mana amantaallee yoo ilaalle Oromoon 'resource' dhiyeessa malee caasaa aangoo fi murteessummaa keessaa gahee hin qabu.,0,3,0,0,0,0
orm_train_track2_2908,Madda rakkoo ta'uurra warra rakkkoo furuu danda'an osoo taanee gaariidha . Yeroo amma kanatti waraanni Facebook cimee jira . Osoon mootummaa kana ta'e biyya kana keessaa Facebook bittim godheen ajjeesa.,2,0,0,0,0,0
orm_train_track2_2909,Kkkk kolfaaan nuuu fixani,0,0,0,3,0,0
orm_train_track2_2910,Gama tokkoon Rakkoon Abiyyi jiraattuus gama tokkoon Nuutu rakkoo qaba rakkoon nuti qabnu Nafxanyaa Oromiyaa keessa jiraturra Kibkobbii kaayuu dadhabuudha 1 Nafxanyaa hedduutu Dukkaana/ Suuqii / Oromiyaa . URL,0,2,0,0,0,0
orm_train_track2_2911,Cibiraan odaa Adoolaa Cibiraan odaa Adoolaa bakkoota shanitti(5) diina ilmaan oromoo ka taatee waraana pp akka baalaa harcaasaa oole URL,0,0,0,3,0,0
orm_train_track2_2912,Galatooomi Galatooomiii Galoookooo ilma nama rabbbiiin hamaaa sittti fidiiin dhufeee siii hin dandaiiin Kumaaa jiraaadhu,0,0,0,2,0,0
orm_train_track2_2913,Hanga abiyyyi aaangooo irrra jiruttti oromooon kabaja hin argatu,0,3,0,0,0,0
orm_train_track2_2914,Daa'imni suuraa fi viidiyoo kana keessatti argamu kan namoota hedduu kanaa waliin iddicha kanatti kuufame dheengee dhihana gaarii fi dawaa yeroo barbaachisutti argachuu dhabuu irraa kan ka'een lubbuun isaa akkuma viidiyoo agarsiiso baatee jirti . URL,0,0,2,0,0,0
orm_train_track2_2915,Mashaaalalllaaah Mashaaalalllaaah Mashaaalalllaaah Mashaaalalllaaah Mashaaalalllaaah Rabbbiiin Idddooo Ofin jalaaate si haaa dhaaabu Hayyyuuu Oromooo kooo Obbbollleeesssa kooo qaaaliii Rabbbiiif jecha si jaaaladha Rabbbiiin Ana caaalattti si haaa jaaalatu idddooo Seeenaaan dhugaaa ittti argamtu kana Seeenaaa gaaariii Sab,0,0,0,2,0,0
orm_train_track2_2916,Oromiyaaan nama akkkanaaa kana nuuuf haaa baaayistu kan akkkattti aaadaaa duuudhaaa fi safuuu   kabajaaa oromooon namaaaf qabdu baliseee ittti himu  Heddduuu nuuuf galatooomi,0,0,0,2,0,0
orm_train_track2_2917,Jifataan Aljeeriyaa jibba amantii kakasuun himatame ji’a 8’f  tapharraa dhorkame,0,0,0,0,0,0
orm_train_track2_2918,@USER Yaa goowwaa afaan cumaa ajaawaa reeffa minilik baasne sinyachisuu teenya ati anumaatu siajjesuftaa,0,3,0,0,0,0
orm_train_track2_2919,@USER akka #Oromootti nurra jiruu furuuf waraana bilisummaa Oromoo deggeruun furmaata isaa dura taa’u qaba.@USER nafxanyaa dhaaga'anitti Abdi kutuun hin barbaachisu.&amp Garuu nutti da'oo waliif taa'u qaban ! @USER URL,2,0,0,0,0,0
orm_train_track2_2920,Jara iyyatuuf adunyaan dhagahaafii jirti oromoon garuu utuma manasaatti du'uu nama iyyuuf dhabee duutisaa du'a saree ta'e,3,0,0,0,0,0
orm_train_track2_2921,Gaafa michuu gaarii argattee diina yaaddessitu maqaa hedduu sitti baasuu malu . Kan namittiin kun munaagdu dharadha.WB0 fi ABUG michummaa gaarii uumanii daangaa Amaaraa cabsuun weerartuu rukkutaa jiru . Kanammoo tikni OPDO hin jaallattu . URL,0,2,0,0,0,0
orm_train_track2_2922,@USER Warri OPDOn Oromoodha jettanii jala hiiriirtan mee yakka Poolisoonni naannoo Oromiyaa hojjatan laalaa . Heddu nama ajaa'iba . Addunyaa keessatti wanti akkanaa ta'ee hin beeku . MIIDIYAAN OROMOO wanti kun akka addunyaatti gadi bayu (ba'u) ciminaan irratti hojjadhaa.,2,0,1,0,0,0
orm_train_track2_2923,hin qanoftuuu hadhaaa hijollleee hammma ksna tateee irsaaa namaaa wajjjinin ciftaaa kkk hin qanoftuuu xiqqqishuuu,0,2,0,0,0,0
orm_train_track2_2924,Mariya mattti naf taiii sanyi kooo kabajan si gafadhaaa,0,0,0,0,0,0
orm_train_track2_2925,Mootummaan Bilixiginna ajaa’iibuma baasee:-Obboleeyyan waan wal ajjeesisee/ajjeesisaa jiruuf jecha madaaliyaafi gaachana kan wal-badhaasu booji’aamtoota waranaa kumaatama hedduu facaasee Kan dagate Ummataf dantaa kan hinqabne waraan dhuma hinqabne qabsiisee kan qaqqaammatu kkf URL,0,0,0,0,0,2
orm_train_track2_2926,Abo malo ijjjollle oromo kolfan nuuu fixen  ,0,0,0,3,0,0
orm_train_track2_2927,Minilik Oromiyaa gara Xoopiyaatti erga jijjiiree Oromoon dhiigaa fannifamaa qalamaa hidhamaa ari’atamaa salpachaa fi beela’aa jira! Oromiyaa diina harkaa baafnu malee rakkoon Oromoo ittuma fufa! Kanaaf WBO jabeessuun dirqama . URL #OromoIsStarving#,2,0,0,0,0,0
orm_train_track2_2928,Olompikii Tookiyoo: Garee atileetiksii Itoophiyaa Tookiyootti qabxii 'gaarii' galmeessuuf kaayyeeffate,0,0,0,0,0,0
orm_train_track2_2929,Magalaa Hasaasaa keessatti woraanni shororkeessaa Abiy Ahmed sanyii duguuggaa ummata irratti geggeessaa jira . Hanga ammaa namni shan ajjeefameetiin jira . Maqaan woreegamtoota: URL,0,0,2,0,0,0
orm_train_track2_2930,#WBO_WalloofLiyyu Hayiliin Ama ra Halleella WBO'n Harcaatuu waraana pp irratti rawwateen dirmannaaf gara Jiillee imalaa jirti Ammaan tana Haxaayyee keessa darbaa jirti.Atuu beektagaa Haaxxee tolchii simadhu Leenca koo!! URL,0,2,0,0,0,0
orm_train_track2_2931,Ulfi osoo hin bilchaatin dhalate: dafee du'a! Firiin dura bilchaatte soora shinbirroo taati . Wanti turu ni tola! RABBIIN siif qindeessaa jira siif bilcheessaa jira malee . Rakkoo tee waan dagate sittin fakkaatin Hin jarjarin!,2,0,0,0,0,0
orm_train_track2_2932,oromoon jaarraa  afrikaa keessaa saba sodaatamaa ture,0,0,0,0,0,0
orm_train_track2_2933,@USER Aangoo mataa Keenyaa dhiifnee aangoo ummata keenyaaf carraaquun keenya hayyoota Keenya aangeysuu waan taheef kan ummata maqaadha keysanumaa jabaadhaa nama ummata isaatiif ufkenne aangoon isumaan malte,2,0,0,0,0,0
orm_train_track2_2934,ilmaan nafxanyaa hararghee guutuu gadi dhiisanii hatattamaan bahuu qaban,0,3,0,0,0,0
orm_train_track2_2935,juuntonni kunniin fincila diddaa gabrummaa qeerroofi qarreen oromoo gaggeesseen hundeedhaa buqqifamanis raacitiin hannaafi gooltummaa bulee keessaa haxaa amee bahuu dhabuusaatiin badiisaaniirraa deebihuu hindandeeenye,0,2,0,0,0,0
orm_train_track2_2936,Yogggu hamooon addda adddaaa akkka Sibhaaat Nagggaaafaaa hikaman Jaaal Daaawudiiifi qondaaalotni ABO ballleeesssaaa maleee mana hidhaaa keeesssattti darara heddduuu argaaa jiru Kan naaaf hingallle Uummmatni Oromooo maaal eeegaaa Karrrayyyuuun ammmooo bakkka ayyyaaan ofiii kabajachaaa jiruttti funaaanamaniii rashanamuuu  ku,2,0,0,0,0,0
orm_train_track2_2937,abut oromoo ummatoonni cunuqurfamoon biyyattii ofiitti kabaja dhabanii eefi qabeenyasaaniirraa buqqa lammiilee ollaa waliihingalleef afaan waldabarsee walitti buusuun guyyaan ittidukkkanaa jireenya hadhaa gochaa ture,2,0,0,0,0,0
orm_train_track2_2938,Jajjjabaaadha galataaa gudddaaa qabdaaani ummmataaa oromooo Bira hayyyooota teeenyaaa,0,0,0,2,0,0
orm_train_track2_2939,Ayyaana Irreechaa gaarii isiniif haa tahu.,0,0,0,2,0,0
orm_train_track2_2940,Mootummaan balleesse badaa @USER fi @USER sirna du'aa fi boodatti hafa wagga dhibba farsuun ajjeechaa sukaneessa ummata #Oromo irratti rawwaacha jiruf hundeen buqqa'uu fi fuldurattis saroota akkasii ofi keessaa basuun dirqama.#HumanRightsForOromo #OromoVoice,0,2,0,0,0,0
orm_train_track2_2941,'Amantii duudhaa ganamaa bu’uureffate galmaafi bakka awwaalchaa dhowwachuun qaaniidha',2,0,0,0,0,0
orm_train_track2_2942,@USER Har'a awwalchisaanii gaggeeffamaa jiru . Oromoon mana hidhaa nafxanyaa keessa taahee du'a akkasiif qophayaa jira falmatanii wareegama kaffalanii ilmaan oromoo hafaniif dungoo tahuu? yookaas balleessinee waliin dhumuu! Filannoo keenya yaa agarsiifnu . Lubbuu isaanii haaqananiisu,3,0,3,0,0,0
orm_train_track2_2943,Isaaa beeekaaa kamuuu afaaaniiin ibsuuuf rakkkatuuu walalooof yeeedalooo ittti dabalteee sirbiteayyyaaana artiii namaaaf kennnameeettti beeekumsa yooo ittti dabalataaan akkkasumanuuuf jiraaadhuuu galooo kooohamaaan si hin arginyerooo takkkaaafileee miiillli Keee dandiii haqarrraaa hin gorinjabaaadhuuu sifaaana jira lam,0,0,0,3,0,0
orm_train_track2_2944,namni quufe damma in balfa nama beela'aatti garuu wanti hadhaa'aan iyyuu in minyaa'a . URL,2,0,0,0,0,0
orm_train_track2_2945,dhugaaadha qophiii gaaariiidha  jabaaadhaaa gara fuuulduraaatttillleee,0,0,0,2,0,0
orm_train_track2_2946,Giddu galeessa lixa shaggaritti guyyaa har'aa #Jaal_bobbaas jajjabee kumaatamaan itti leenjisaa ture har'a eebbisuun dhagahame.Baga gammadan!Baga gammanneMaatiin WBO URL,0,0,0,3,0,0
orm_train_track2_2947,Wel come back hayyyota keeenyaaa qaqaliii fi gagaaariii Umriii nuuuf dheeeradhaaa ,0,0,0,2,0,0
orm_train_track2_2948,Namni Oromoo taatee Qawwee ormaa baatte Si gaafata seenaan Yoo saba kee waraante Musxafaa Huseen ta’ii Ofiin beeki Waraana baate Ummataan eegi . URL,1,0,0,0,0,0
orm_train_track2_2949,An caliseee jaraaa wolin kolfaaa   ,0,0,0,3,0,0
orm_train_track2_2950,"U﻿huruu Keeniyaataa 'jaarsummaa keessaa hafan', mariin nagaa dhuma-torbeetti gaggeeffamus 'dheereeffame'",0,0,0,0,0,0
orm_train_track2_2951,Obboloonnii fi abboonni keenya hundi amantii Kristaanaa hordoftan warri Oromummaadhan yakkamtanii maatii fi hiriyoota jaalattanirraa dukkanatti guyyaa kana dabarsaa jirtan Baga geessan! URL,0,0,0,2,0,0
orm_train_track2_2952,Galala tolu namni sobaaaf duuule yes ,0,0,0,0,0,0
orm_train_track2_2953,Jajjabeef hin hafne . Hiikee hidhatee ittiin ariyee . Diina jajjabeen ariyee Oromoon mana itti cufachuu dhiisee lafa boqonnaa ta'eefii . Koottaa jajjabee waliin nagaa mirkaneessina.@USER URL,1,0,0,0,0,0
orm_train_track2_2954,Indiyaatti abbaafi ilmi to'annaa poolisii jalatti ajjeefamuun dheekkamsa kaase,0,0,0,0,0,0
orm_train_track2_2955,Baga waggaa haarawaan isin gaye gootota keenya . Waggaan haarofnis kan gammachuu fi kan bilisummaa isiniif haata'u . #WBO_POWER#OlaFightsForMe URL,0,0,0,3,0,0
orm_train_track2_2956,Nuuf Minilikiifii Xaaliyaan garaagarummaa hin qaban . Anaaf gootonni keenya warra koloneeffataa gurraccha tumsanii koloneeffataa adii lolan osoo hin taane warra saba ofirra goranii koloneeffataa qolaa wareegamani . Anaaf goonni jaalattoota Itoophiyaa tiksuuf du'an miti . URL,2,2,0,0,0,0
orm_train_track2_2957,hatattamaan akka gadi dhaabbatu hojiin hojjatamu bilchinaa fi saffisaan deemuu qaba.3 . Leeccalloon walitti qabamuu qaba (resources and logistics mobilization) . Sirritti humna cimsachuuf qabeenyi haalaan barbaachisaa dha.4 . Amma Oromoon foollee isa salphina keessaa baaftu jaaruu,2,0,0,0,0,0
orm_train_track2_2958,raafamuu qabdi yoo raafamuu baatte aannan qammane taati #marroo,0,0,0,0,0,0
orm_train_track2_2959,Oromo beredotetaaa nemaaa jebadaaa oromokooo  ,0,0,0,2,0,0
orm_train_track2_2960,.Jiddu galli mootummaa sultanet shawaa tegulat ture.kun ossoo Atse Amda tsion tagulat hin weerariin dura jachuudha.Warri shawaa sultanet booda lafa oromoo weeraree warri sultanet ifaat lafa hedduu maqaa arabaatiin jijjiree.fkn:-shawaa menz tegulat ifaat fatagar daloo daroo.,0,0,0,0,0,0
orm_train_track2_2961,Galatoomi Jaal Jireenyaa Rabbummaa . Kelloon sagalee waraana Bilisummaa Oromoo ta’uu keenya isa durii caala jaabanne hojenna . URL irraa . URL,0,0,0,2,0,0
orm_train_track2_2962,Wooow baaayeee gaaariiidhaaa jabadhuuu,0,0,0,0,0,2
orm_train_track2_2963,Yaaadni ishiii aaartistooota waaan bareeeddduuun hin dhufne akkka waaan bareeedddun dhufaniiif kan qeeequ yooo tahe bareeedadhaaa Garuuu akkkaaataaan ishiiin ittti ibsaaa jirtu sagantaaa kana nama jibbbisiiisa waaan taheeef osooo akkka malaaa nurrraaa goooteee habteee,2,0,0,0,0,0
orm_train_track2_2964,Nun dandeessan jenneenii turree . Kunoo biyyi qorraa jirti median akka ayyaana hoo'isuu yaala . Garuu homaa hin dandeenye . Hoolaan lukkuun fi dhadhaan waanti hundi mi'aa dha . Jireenyi mi'aawuu irraa kan ka'e namni hundi ofitti haasawaa deema.,2,0,0,0,0,0
orm_train_track2_2965, gurbayyyooo akkkaaan si jalaaadha Waaan gaaariiin as nuuu baaate hawwwiiin keee Waaaqni Oromooo   walumaaan nu haaa milkeeesssu ,0,0,0,1,0,0
orm_train_track2_2966,Nuti wonni beekuu qabnu amantii osoo hintanee akka sabaati sabaati ajjechaan duula motummaan nurrati banamee akka sabaati yoo ofirraa hindhorkine ammaas du'a saree du'uuti jirta isaata namaa keessaa hinjirtuu bakka jirtu of ilaalin dhamsa kiyya yoo sabumaan jiraatee amantiin jira,0,0,2,0,0,0
orm_train_track2_2967,Kan nama nyaatu dukkana osoo hin taane wanta dukkana keessa jiruudha! URL,0,0,0,0,0,0
orm_train_track2_2968,Namicha qubeee khuuullleee nuti fide kana dhuga qaba goba ilmo sareee wari duhe galata nura qabu dadhabi baaayyyeeedhan akkkas afaaan bareda kana akkka dubanu isaaatu godhe,0,2,0,0,0,0
orm_train_track2_2969,@USER Kanaaf isaan ni araaramu haa jennu silaas nuti barbaachisan . Atimmoo mootummaa abbaa irree kana kuffisuuf akkamitti WBO gargaarta? Waan beekuu qabdu #WBOn garaa hidhatee nyaata malee oolee bulee yoo argate hidda mukaa nyaatee kan loleef ati waan ofirra raftuu taateefi.,2,0,0,0,0,0
orm_train_track2_2970,Keekiyya Waan galgala abban eegatu Yoo beekatan guyaa beekatuGoonii diinan girre bu'aaGaafa xiiqi saba fi du'aa Gaafa roorroo biyyaa fi du'aaIlmii dhiiraa,0,0,0,0,0,0
orm_train_track2_2971,Doorigomii Pireezidaantummaa Keeniyaa Ilmi Abbaa Gadaa Wiiliyyaam Ruutoo hangaa ammati 51 dursaa jira!!Carraa gaarii!!!!!! URL,0,0,0,2,0,0
orm_train_track2_2972,Obbo Araggaa Kabbadaa pirezidaantii haaraa Naannoo Amaaraa tahuun muudaman,0,0,0,0,0,0
orm_train_track2_2973,Yoyyyaaa yoyyya omn nufi jiraaadhu ijaaafi gurrra umaaata oromooo   ok,0,0,0,2,0,0
orm_train_track2_2974,seexanni duranuu waayee wangeelaa dhaga'u hin barbaadu meeshaa seexanaa taateef barbaaddetti gagaragalchee haasofsiisa,2,0,0,0,0,0
orm_train_track2_2975,Waancaa Pirimiyeer liigii biraa galleerra jedhan Gaardiyoolaan,0,0,0,0,0,0
orm_train_track2_2976,"@USER namoota nagaa barbaadan odoo ta'anii obboleeyyan isaanii ""#Shanee"" jedhanii hin adamsan turan.Jarri Arraba Dhadhaa Garaan Cuubeedha.",2,2,0,0,0,0
orm_train_track2_2977,Meee hojiii gaaariii mililik hojjjate keeesssaaa tokkko nuuuf himi,0,0,0,0,0,0
orm_train_track2_2978,Jilbeeemfattteee tokkkosaaa turtemooo jilbeeefachiiisaniii sittti tokkkosaaa turan saliyaaa nama meeeqatu sittti tokkkose garuuu Baga irrraaa hafte,0,0,0,2,0,0
orm_train_track2_2979,Dr.Gammachuu Magarsaa Ergaa Ajaa'ibaa Ummata Oromootiif dabarsan - YouTube URL,0,0,0,0,0,3
orm_train_track2_2980,dhukkkee kaasa habashaan eessatii likkkii oromoo beekti nafxanyaan,0,3,0,0,0,0
orm_train_track2_2981,oromiyaa broodkaastingi neetwoork durba hin amanin maaliif beekta soba baay'isuu ,0,3,0,0,0,0
orm_train_track2_2982,Walitti-bu'iinsa Shira Diinaatiin Oromoota Karrayyuufi Arsii gidduutti Uumamee jiru | RSWO URL,2,0,0,0,0,0
orm_train_track2_2983,sobaaan Garaaa nu gubate akkka waaan dhugaaattti   filima akkkanaaa nurrraaa dhiiisaaa,2,0,0,0,0,0
orm_train_track2_2984,baredaaa jabadhaaa kolfaaan nuuu fixan maleee,0,0,0,2,0,0
orm_train_track2_2985,Waraana Eritraa Oromiyaa keessatti dhiisee Walqaayitiin naannoo Amaaraaf deebisa jedhee humni deemaa jiru kun salphate Shimallis ergamtuu nafxanyaa ijoollee gowwoomsanii ficcisiisuuf deemuu adaraa ijoollee Oromo dammaksaa,0,2,0,0,0,0
orm_train_track2_2986,atuu mataan keetu seexana maaliif seexana namaa jinnii jedhamee iddoo lamatti qoodama,0,3,0,0,0,0
orm_train_track2_2987,Galatooomaaa Hojiii gaaariii hojjjatttan,0,0,0,2,0,0
orm_train_track2_2988,@USER Kan amanati uduu keessaa sidhitee finfinnee sibaassuu reefaa hacaaluu hundeessaa saree gotee Finfinnee keessaa baftee gadhiichaa waggaa 1000 bulchaa seetteee duraa???Deemiitii zayitiikee charachaarii,2,2,0,0,0,0
orm_train_track2_2989,#WBOn_Giddu_galaa_Aanaa_Coobiittii_diina_heeddu_fixuun heedduu madeessee jira meeshaas heedduu hiikeera#Baazuqaan_2_galii_taatee konkolaatan 10n daaraa taateetti Injifannoo cobiitti! URL,0,0,0,2,0,0
orm_train_track2_2990,#Beekaa irraa barachuun gaarii dha . Baga goota Oromo Dr.Taaddee (Ambo university president) irraa barattan.Garuu TAAYYEEN (#Harrichi) farda gootaa jala dhaabbachuun nama gaddisiisa . @USER URL,0,2,0,2,0,0
orm_train_track2_2991,Jarri hin qaanfatan Immiyyeen isaanii 'Imiyyee' Minilik ammayyaa'uu keessa yeroo sanitti yeroo jalqaba biyya tana weeraran san 'Computer' fayyadamaa turan jechaa jiran fakkaatan . Ajaa'iba! yaa dubbii warra siyaasaa haftuun deemuu? URL,0,0,0,0,0,3
orm_train_track2_2992,Sagaleeekeeen Dhagaaa Dhangaaa taaasifteee nu sooorte   galata gudddaaa qabda Galooo,0,0,0,3,0,0
orm_train_track2_2993,@USER iyaaah muk kayak gituu ajaa biar lebih baikk,0,0,0,0,0,0
orm_train_track2_2994,Haaala gaaariii hojateee jabaaadhu ammmaleee nurrraaa turin,0,0,0,3,0,0
orm_train_track2_2995,@USER 20/05/2022VIVA WBO Guyya har'a waraanii Biilliisuumma oromoo Shaggar bahaa Onaa Bissatiiti diina ummata oromoo kaan taatee waaraana pp haleeluun Haalaa kanaan Alaaba ABO olkaasee jiraa nu miilkeessii yaa Raabii URL,0,0,0,3,0,0
orm_train_track2_2996,Ministeerri Barnootaa gosa barnootaa qormaata kutaa 12 irratti dhiyaataniifi hafan haaraa ifoomse,0,0,0,0,0,0
orm_train_track2_2997,Wayyyooo garakooo kolfaaan mucuruq ,0,0,0,2,0,0
orm_train_track2_2998,GUYYAA 23/09/2021QURXUMMII FI GALAANICHA Maree gara fuul duraa waliin mari'achaa oolaan.WBO arguuf dheebuu qaba gammachuu isaa mullifatee sabichis URL,0,0,0,0,0,0
orm_train_track2_2999,Sooortuuu haaadha hiyyyeeesssaaa yaaa uwwwistuuu amba daaareee oromiyaaa galannni keee hammmanare oromiyaaa tiyaaa galllatomiii goootaaa kooo,0,0,0,2,0,0
orm_train_track2_3000,Japaanitti xiyyaarri walitti bu'ee namootni du'an,0,0,1,0,0,0
orm_train_track2_3001,@USER Nafxanyichi ija ashaboon dhiqatee Irreechi Irree dha jedhe Ani Abbaa Irree dha osoo jedhe isaaf wayya.,0,3,0,0,0,0
orm_train_track2_3002,Atiii nama kabajaaa ilmmma oromooo dhugaaadha,0,0,0,2,0,0
orm_train_track2_3003,Yerooon kun ummmata tokkkummmaaa qabu qofa male kannneeen tokkkummmaaa hin qabne qormaaata ykn   kufaaati hamaaa keeesssa akkka seeenaaan nattti mulaaata,0,0,0,0,2,0
orm_train_track2_3004,Yakka Waraanni PP dargaggoota Oromoo irratti dalagaa jiru.Impaayerri oromoo biratti kan jibbameef sababa guutuu waliinidha . Gochi jaraa dhaabbataan kana.Nama gaddisiisa URL,0,0,3,0,0,0
orm_train_track2_3005,Feestivaala korma sangaa fiigsuu Ispeen irratti namoonni sadi du'an,0,0,0,0,0,0
orm_train_track2_3006,@USER Aboo nu hoffolchi Baga guyyaa kanaan si gahe Obblee . Ammallee hayyuu mataa qara heddu baasi . Though late happy teacher's day bro.,0,0,0,3,0,0
orm_train_track2_3007,Jalqabaaa Ammma dhumaaattti kolfaaa ilaaalaaa xummmure Bashansiiisaaa barsiiisa,0,0,0,3,0,0
orm_train_track2_3008,Ani garuu waa'ee aangoo kee nan faarfadha gaarummaa keetiifis ganama ganama sagalee gammachuu nan dhageessisa . ati anaaf da'oo taateetta guyyaa rakkinni ana irra ga'ettis iddoo baqannaa anaaf taateetta.MACAAFA FAARFANNAA 59:16 MACQULURL,0,0,0,0,0,0
orm_train_track2_3009,Baahardaar magaalaa Bahardaarii ka'uun Oromoo ittiin duguuguuf humnoota finxaaleyyii Amaaraaf fe'amaa isoo jiruu sakatta'insa WBO tarsiers to'annoo waraana bilisummaa oromoo jala oolfamee jira.Konkolaataa kana qaruuxeen bahardaarii hanga Oromiyaatti hordoffii taasisuun eeruu,0,0,0,2,0,0
orm_train_track2_3010,Ofiseroonni tokko tokko Heera Mootummaa Hindii fi seera biroo cabsuun hojjettoota fayyadamuuf tarkaanfii hin fudhanne . Biyya koo nan jaalladha kanaaf Farra Sabaa waan ta'aniif hanga du'a kootti mormii isaaniin bana.@USER URL,1,0,0,0,0,0
orm_train_track2_3011,Miseensi waraana bilxiginnaa tokko baha Shaggar ona Adaamii Tulluu fi Jiddoo Kombolchaa keessatti WBOtti harka kennate.Hagayya 26 2022 Ilmaan Oromoo miseensa waraana murna bilxiginnaa ta'an mooraa sirna cubbuu fi dabaa kana gananii WBOtti harka kennachuu itti fufanii jiru . URL,0,0,0,0,0,0
orm_train_track2_3012,Motuuumaaa gaaarbooofaaata kaaana Raaabiii nuraaa haaakasuuu Agooodheeerefaaachuuuf raaakkkata isaaa umaaaniii oromooo akkka isaaa faaarsuuu gooochaaa jiraaa,0,3,0,0,0,0
orm_train_track2_3013,WBOn mirga hiree murteeffannaa saba Oromoo mirkaneessuuf mootummaa shororkeessaa Itoophiyaa waliin falmata malee sabaaf-sab-lammoota waliin diina miti . Sabaaf-sab-lammoota mirga ofii kabajchisuuf falmatan’illee ni deeggara . WBO jabeessaa . #OromoVoice #InvestigateAbiy ###,0,0,0,2,0,0
orm_train_track2_3014,Godina Wallaggaa Lixaa Aanaa Hoomaa Ganda Hoomaa Goorgisi bakka addaa gabaa facaasee jedhamuu waraanni mootummaa Qeerroo Eebbisaa Tarreessaa fudhanii deemuun bakka Suphaa jedhamutti ajjeesuun reeffa illee maatii dhowwatan@USER URL,0,0,3,0,0,0
orm_train_track2_3015,Maatii Gaazaa du'a warrasaanii daa'imman haleellaa misaa'ela Israa'elirraa hafanitti himuuf siqiqan,0,0,0,0,0,0
orm_train_track2_3016,Galooo keeenya nuuuf jiraaadhu ati jabaaadhu shubbbistooota urjiii waliiin sirba baaayeee baredaaa fi ergaaa gaaariii qabu qabattteee nuuuf dhiyaaate si jaaalannna,0,0,0,2,0,0
orm_train_track2_3017,Ummanni Oromoof kibbaa ummatoota waraana jala jiraniif ummatoota duguuggaan sanyii gosa gara garaa irratti gegeeffamaa as gaheefi jiru . Waraana jala harka duwwaa qabsaa’uun miidhaa guddaa qaba.,3,0,0,0,0,0
orm_train_track2_3018,Ilma gaafa roorroo kan funyaan diinaa jalaa bokkisu calisuun kee nuuf dhukkubbiidhaam!!,0,0,2,0,0,0
orm_train_track2_3019,Jabaaa dessseeen oromooo dessseee nuf buli Galooo kooo   Sirbi kun hin qufamuuu guyyyaaa tokkkoooti meeeqa ittti deeebie dhageeefffaaachaaa jiraaa wal jabeeesssaaa sabaaa kooo,0,0,0,2,0,0
orm_train_track2_3020,@USER Warree kaan ani durumayyuu hin beeku . Jiraatanis dhiisanis waan dabalan hin jiru . Sirba Sinnishaw sana duruu shakkii guddaanin ilaalaa ture . Jireenyaa garuu expect hin goone.Anyways kana booda maaltu deebi'a? Waanti gaariin tokko diinaa fi firri adda baa'uudha.,2,0,0,1,0,0
orm_train_track2_3021,Namichi reeffa waggaa 600 - 800 ture ‘jaalalleekoo hafuuraati jechuun mana kaa’aa ture qabame,0,0,0,0,0,0
orm_train_track2_3022,woraniiidhabachungafaaajaaariiikaaajiraaanuuubahaniiiharkkkaaakenaaataaanqofaaadhaaa,0,0,0,0,0,0
orm_train_track2_3023,Sii ganee abbatti hin himan qaxarroo irraa hafu . Abiy Ahmed Qeerroo fi Qarreen ashkaaruma Tigree jalaa eessa baassan aangoo tti fidan ganeeti . dhaaloni luugamaa caalaa nama harkissa Nafixaanyaatti faggaara gataatee Ummata Oromo lafa irraa goonofaa jira . Oromiyaa yookani du'aa,0,3,0,0,0,0
orm_train_track2_3024,Booranni badhaadhina keessaa) jira . Waggaa sadii as ganna malee bona hin argine . Jiruun isaa asheeda taatee jirti . kanaaf badhaadhinaa waliin fuul-durri keenna ifa jettee karaa Addisuu Araggaatiin fuula feesibuukii isaa irratti maxxansuun nurraati qooste . URL,2,0,0,0,0,0
orm_train_track2_3025,#Cruel_ActionAbbaa fedhes haa ta'u saba fedhes haa ta'u viidiyoon sun nama sammuu qulqulluu qabu akka sammuu tuqu shakkii hin qabu.ol jedhanii deemuun qofti nama nama hin taasisu.yaa dhala namaa! Silaa namni akkas Godhan kun Amaara tahee amma sodaa isanii tahee gadda midia URL,0,3,3,0,0,0
orm_train_track2_3026,Volkaanoo Odola Kaanaarii: Manni tokkittiin laavaa odolarra jige keessaa hafuun raajii uume,0,0,0,0,0,2
orm_train_track2_3027,hedduu galatoomii ieenca hati teesso ulfaadhu,0,0,0,3,0,0
orm_train_track2_3028,"qabataniif qofa Keella irratti waraana Amaaraatiinajjeefamniiru jedhan.Itti dabaluunis prof.maraaraan Sirna jibba guddaa akkasiiUmmata Oromoof qabu takkaa hin argine . Sirni kun asi irrattidhaabbachuu qaba kan jennus sababa gahaa waanqabnuufi"" jechuun Walgahii OSA irratti",0,0,0,0,0,0
orm_train_track2_3029,Yuunevarsiitii Haramayaatti humni waraana Mootummaa barattoota shororkeessaa jiraGuyyaa har'aa barattoonni uummata lixa Oromiyaaf sagalee ta'uu sababeeffachuun Humni nageenyaa mootummaa barattoot Oromoo hedduu . URL,0,0,3,0,0,0
orm_train_track2_3030,Oromo yooo jabaaateee jabaaa taaataaa yoookiiin akkkuma Jaaal marrrooo jadheee allla ammma Arbaaa mana nu jachiiisiiisiiinaaa hidhadhaaa lola WBO faaana nu gahaaa Gabrummmaaan saba kooo,2,0,0,0,0,0
orm_train_track2_3031,Baaluniin Itoophiyaa keessatti bashannanuu,0,0,0,0,0,0
orm_train_track2_3032,Asatu mattti naf taiii subecarb naf godhi kabajan si gafadhaaa,0,0,0,0,0,0
orm_train_track2_3033,wooow sabontotaaa tennna dhugan hin dhokatu abshir,0,0,0,2,0,0
orm_train_track2_3034,Hubachisa: Gaaffii Shimallis Caaffee keessatti dheengadda gaafateef humni naannoolee hundi gara Oromiyaatti akka duulan har'a waliigalanii jiru . Kana beektanii Oromoo hundi waraana Oromiyaa bira akka dhaabbattan waliif dhaamna . Injifannoon ummata Oromoof!,0,0,0,0,2,0
orm_train_track2_3035,BBO Imaammatasaaf Dookumentii jiran hunda dhoksaa tokko malee fuudhee uummata duratti gadi jigsuu qaba . Wanti dhoksaan hojjetan yeroo hunda rakkoo qabdi rakkoo fiddis,3,0,0,0,0,0
orm_train_track2_3036,wayyeene arrabsanii bixiginnaa nafxanyaa faana cooma muruun wuskii dhuguun garaa jiraachisufi,2,3,0,0,0,0
orm_train_track2_3037,@USER Baga gamadeen siinjedha! Garuu afuuftuu jara HABESHAA taatee hafuu keetifi sitti hatolu.,0,3,0,0,0,0
orm_train_track2_3038,#OLA golee Oromiyaa cufa keessatti tarkaanfii Albuudni Oromiyaa akka hin saamamne ittisuu itti fufe . Dhagaa cilee Dhagaa Adii Warqii fi sibiilota kanneen biroo Oromiyaa keessaa yaafamaa turan cufa tarkaanfii WBOn fudhachaa jiruun golee Oromiyaa cufa URL,0,0,0,1,0,0
orm_train_track2_3039,Baaayyyeee gaaariii dhaaa jabaaadhu,0,0,0,2,0,0
orm_train_track2_3040,Maqaa sodaa fonqoolcha mootummaa jedhun humna waraanaa Jigjigaa qubsiifamaa jiru kun diraamaa yeroo darbee fashistoonni Amaraa Jigjigaa keessatti akka tooftaaf itti fayyadamuuf waliigalanidha malee dhuguma akka jedhan sana hin fakkatu!! URL,0,0,0,0,1,0
orm_train_track2_3041,@USER Abiyi Ahmed Akkuma hacaaluu Ajjeesetti nugusa tahee taa'ee Ethiopia bulcha yoo jettee yaaddee Ati dhuguma wallaalaa wallaalaa caalu jechuun sihi.Ilma barandaa jalatti dhalate,0,3,0,0,0,0
orm_train_track2_3042,Lubbbuuukooon kennnaaaf jechaaa Plan C Gamtaaa siiif wayyya turehhh,0,0,0,0,0,0
orm_train_track2_3043,Baaayyyeee gaaariiidha Sijaaalannnaaa sanyiii wan kooo Habteee garuuu han dubbbatuuu utuuu itttiii xiyyyefattteee gariiidha Keeesaaatttuuu dubbbiii yerooo darbeee tayyyeee irrratttiii dubbbateee baaayyyeee wan sirrriii eeegamuuu miti,0,0,0,2,0,0
orm_train_track2_3044,Biyyi lafaa Yesuusif jedhee yoo si jibbe rakkoo hin qabu garuu sababa keetiin Yesuusin yoo jibban rakkoo dha Nick Vujicic,0,0,0,0,0,0
orm_train_track2_3045,uummanni oromoo gowwaa miti,0,0,0,0,0,0
orm_train_track2_3046,Quba tokkko gafa namarrrattti qabnu innni hafeee gara keeenya tauuu dagaaatuuu hin qabnu ture obbbo Tayeeen gafa jawar faaa hidhaaaman irrraaattti qooosssa tureee ammma garuuu ofiii isaaatif idddooo sana Jira Kanaf waaan facaaasan hamaaatuuu Oromo kooosaba baldha,1,0,0,0,0,0
orm_train_track2_3047,Horroo Guduruu shororkeessaa kan jiru garee shororkeessaa Faannoo Amaaraati meeshaan kunis yoo dhuguma qabeme ta’e jarumaaf fe’amaa jiraachuu isaa konkolaataan ittiin fe’ame nii ifoomsa . @USER meeshaa ololaati . URL,0,2,0,0,0,0
orm_train_track2_3048,"@USER kaleessa ajab nu jechisiise!""Lakki ani aangoo hin barbaadu maraaraa waliinis hindorgomu Sagalee kankootis Prof maraaraaf kenneera"" jechuun carraafilamuu baldhaa dabarsee maraaraaf laate . Akkasumajaalala kabajaa fi ergaa guddoo namuu irraa baratudabarfate!",0,0,0,0,0,2
orm_train_track2_3049,Akka kooviid addunyaa waliin ga'a jedhamee kan sodaatamu 'Weerarri X' maali?,0,0,0,0,0,0
orm_train_track2_3050,@USER Waa'ee Finfinnee yemmuu kasinuu.Jala murree kan Bekkamu Akkanuma dadhabuu hin Barbaachisuu Finfinnee kan Oromotti gaaffii kamiyyuu hin barbaachisu kanaafu warrii miti jechuun falimitan Oromoo hin jiru jechaa akka jirtan Bekka.,3,0,0,0,0,0
orm_train_track2_3051,Uuuu kolfaaan duuune   ayiii abbbaaa lataaa,0,0,0,2,0,0
orm_train_track2_3052,nooruu jenneerra ustaaz kabajamaa baga nagaan dhuftan jaallanna,0,0,0,2,0,0
orm_train_track2_3053,Farsooo mana Buzeee dhugdeeetttaaareee,0,0,0,0,0,0
orm_train_track2_3054,Sagaleeen sadeeentokkko callliiisuuun masaratafoqiiitiii mormuuun manatokkkofaaatiii degarsiiimanasadafaaatiii foqiiikutaaasadiiijachuuudha tanamaleee tanbiiiraaa seraqayaruyfetiii obsaaantuuuriii siiifdhamaaa,0,0,0,0,0,0
orm_train_track2_3055,Wanti garaa keenya baay'ee nu gubaa jiru gantuun akka Abii Ahimad dhiiga Oromootiin aangootti ol bahee halkaniif guyyaa nu fixaa jira . Waldhabdee fi wal qoqqooduun jiraatus sabni #Oromo hundinuu bineensa kana aangoorraa kaasuuf walii galle jira . #Oromia #OromoLiberationArmy,3,2,0,0,0,0
orm_train_track2_3056,@USER Fedhiin Oromoo jibbiinsa Sabaa ykn nama dhuunfaa miti . Fedhiin Oromoo Sirnaa fi duudhaa ofiitiin buluudha . Oromoon kan mormaa fi ofirraa faccisaa jiru Sirna Habashaa isa Oromoo taateef si adamsee si ajjeessu buqqisee Biyya Abbaa isaatti mirga dhalootaan qabu gonfachuudha . Kanuma URL,2,0,0,0,0,0
orm_train_track2_3057,itiiiQaaa Tafaaariii leeencaaa kooo leeencaaa kooo jabaaadhuuu sanyiii haceee dhabaaaneee jiraaa,0,0,0,2,0,0
orm_train_track2_3058,Dubaaartiiin hadhaaa tajaaajjjiiiluuu guzaaatiii maleeemanajaaartuuu malaaajartiii iiishiiin qalaaamamanaaatiii guuutuuunqalamaaa iiisaaantuuuwashaaaqabaaa Warshaaa ilmaaanamaaatiii achiiitiiileee qalaaamniii isaaaniiibekaaa,0,0,0,0,0,0
orm_train_track2_3059,Dhuga dubbbachuf hayyyommmas hin qabu ani dhiiifama garu bakkka amantttin fi biyyyummman hin kabajamneeeti ethiopa ijaaaruuu yaaadun hin dandamau kanaaaf innni gudddan abbboti amanattta fi hayyyota oromooo akkkasumas   abbboti seeeran walin dhuga biyyya yooo hin hiiikin bayyye biyyyi gadi deeema jirti ammmattt,0,0,0,0,1,0
orm_train_track2_3060,doomaa fuulli bineensa fakkaatu ,0,3,0,0,0,0
orm_train_track2_3061,Ayiii hirkooo   hojiii keee mooo gamataaan maaaf sittti taphataaa Torbanitiii yerooo lama yooo taeee gaaariiidha,0,0,0,1,0,0
orm_train_track2_3062,@USER Jawar maaliif habashoota maqaa kee xureessitu fi hojii gaarii ati hojjette cilee dibdu sirratti akkasumas sabboontota oromoo irratti olola sobaa guyyaa guyyaatti afuuftu lola sirratti saba oromoo irratti bante callistee ilaalta?,3,0,0,0,0,0
orm_train_track2_3063,Dureewwan biyyoota Baha Afrikaa afur al-Shabaabiin 'adamsuufi balleessuuf' walta'an,0,0,0,0,0,0
orm_train_track2_3064,Ani sodaadhee ture achumaan gara haadha manaa tiyyaa fiige na ari'aa jira na mammari na dhoksijedheni KADIIDHJAAN nabiyyichi gaafa jibriil itti dhufe.haadha manaa itti fiignu ofitti nu qabdee rakkoo hunda jalaa itti baqannu gadda nurraa balleessitu filachuu qabna.,0,0,0,0,2,0
orm_train_track2_3065,@USER baguma amante kuulloo ta'uke!akka saree maraatuu twit nama jala fiigdee hin miriixamin!bakka kee bari!sila quufa nyaataa keenyatu sin barsiisee!kuulloo,0,3,0,0,0,0
orm_train_track2_3066,Dhamaaatiii jara kanaaatif kabajaaatu mala maleee arrrabsooo hammmanaaa isaaan arrrabsuuun isinirrraaa hin eeegamu ture Dhugaaa rabbbiii dubbbachuuuf jibbba hamaaa nama ibsachaaa jiru fakkkaaatttan Keeesssaaafuuu Abraham birrruuu daaangaaa maleee master hasssan   arrrabsaaaxiqqqeeesssaaa ture nama gadddisiiisa Qeeeqqquuus ,3,0,3,0,0,0
orm_train_track2_3067,Hhhh  wayooo irkooo kolfaaan   dhumneee Gara na dhukkkuuubeee wayooo,0,0,0,2,0,0
orm_train_track2_3068,guyyyooo i was their in heaven  kan jedhamu yooo namni tokkko jiruuu isaaa keeesssattti waaan gaaariii hojjjate darbeeedha maleee he willl remain in fire for ever no paradise willl awarded for him lafatttis waaaqatttis kanuma ibidddaaati,1,0,0,0,0,0
orm_train_track2_3069,Micaa kootif maaqaa dubartii bareedaa Oromiffa ta'ee naaf baasaa me.,0,0,0,0,0,0
orm_train_track2_3070,Dubbiin Gabbara Humnaa Olii Tun Minnesota Seentee Jirti Rakkoo Tahaa jirti!Abdi Mude Maal Eeyda??,0,0,0,0,2,0
orm_train_track2_3071,Keeniyaatti namoonni shan haala suukaneessaan 'hidhattoota al-Shabaabiin' ajjeefaman,0,0,3,0,0,0
orm_train_track2_3072,ashaagiree dhiiga oromoo dhugdaa ilmoo nafxanyaa,0,3,0,0,0,0
orm_train_track2_3073,.Siidaa Hacaaluu tti akka abdaarri itti irreenfatan akka qoorichaa kudhamatan kaayyoo eessa galmaan gawwu nurra jira yoo kana gochuu banee nutti jira dunee jechaadha yaa ayyaana Oromo salphinaa jalaa nu baassi qabso itti akka nama tokko tti haa kaanu.,2,0,0,0,0,0
orm_train_track2_3074,Sirreeffamtoota Halaabaatti poolisootarratti mimmixa naquun miliquuf yaalan keessaa tokko ajjeefame,0,0,0,0,0,0
orm_train_track2_3075,Akkkam namattti toltu ,0,0,0,3,0,0
orm_train_track2_3076,Abiy muddama cimaa keessa seenee jira . #Ambulance akka konkolaataa waraanaatti itti fayyadamuu ni danda'a . Karaan hundi waan cufamuuf tarii waraana isaa Uffata doktoraa itti uffisee ummata irratti bobbaasuu ni danda'a . #Ambulance dhaaf xiyyeeffannoon cimaan kennamuufii qaba . URL,0,0,0,0,3,0
orm_train_track2_3077,Wow Baaayeee   gaaariii dha ,0,0,0,3,0,0
orm_train_track2_3078,Hegereeen keeenya qophiiin isaaa fi kayyyooon innni Art Oromooo keeesssattti qabaaateee As bahaaa jiruuu nama booonsaaa garuuu   akkka ija kiyyyaaattti muldhatettti Taaajjjabdooonnni keeesssaaan keeesssumaaa karaaa shamarrraniii hanqina qabu  Halmeee ijooollleee akkkas cabsuuun hin barbachisu rifachuuun  Jajjjabeeesssu fi han,2,0,0,2,0,0
orm_train_track2_3079,Prezidaant Baayiden erga taatee tajaajila hawaasaa kana raawwatanii booda bakka yeroo boqonnaa ayyaana waggaa itti dabarsan gara kutaa biiyyaa Maasachuseets deemuun isaanii gabaasameeraa.URL,0,0,0,0,0,0
orm_train_track2_3080,Yoyyyaaa OMN berchilen caltuuukooo,0,0,0,2,0,0
orm_train_track2_3081,Goootiti Oromiya hadhaaa jalaaala fi wal qixxxuuummma,0,0,0,1,0,0
orm_train_track2_3082,#Odduu GaddaaHeart broken news.Onneen keenya guyyaa har'a gaddaa guddaan guutamtee jirti . Turaa Kadiir jedhama dhalaata Godiina Arsii aannaa Muunessaati . Guyyaa har'a 16/4/13 galgala kana du'an addunyaa kana irra booqate jira . Dabbaaltootni PP turtii ji'a lama oli mana hiidha k URL,0,0,3,0,0,0
orm_train_track2_3083,Sirba gaaariii namattti tolu baaafte akkka kan birooo qabattte dhuftu shakkkiii hin qabnu Jajjjabadhu si bira jirrraaa,0,0,0,3,0,0
orm_train_track2_3084,Adaada kiyyaa irraa Jaalalli na qabe _ seenaa ajaa'iba . URL via @USER,0,0,0,0,0,3
orm_train_track2_3085,Baaayeee gaaariiidha Jabduuu oromooon qabduuu dha,0,0,0,3,0,0
orm_train_track2_3086,Naajeeriyaan qaala'insa gatii nyaataa tasgabbeessuuf labsii yeroo muddamaa labsite,0,0,0,0,0,0
orm_train_track2_3087,Hooggantoonni ABO kanneen akka Koloonel Gammachuu Ayyaana . Jaal Battee Urgeessaa Jaal Lammii Beenyaa Jaal Daawwit Abdataa Dr . Gadaa Oljirraa fi Jaal Gadaa Gabbisaa Jaal Waaqoo Noolee Jaal Ibsaa Gaaddisaa fa'a kan yeroo darbe mooraa leenjii waraana Awaash Malkaa dhufa guyyoota,0,0,0,0,0,0
orm_train_track2_3088,@USER Gabaabduu waantaateef guutuu mullachuu dide,0,0,0,0,0,0
orm_train_track2_3089,Lixa Shaggar Afaan finfinnee jalatti jajjabeen abdii sabaa Waraanni bilisummaa Oromoo weerartuu hedduu barbadeessee mudhii waraana koloneeffattuu irraas meeshaalee armaan gaditti argaman hiikkate!! URL,0,0,0,2,0,0
orm_train_track2_3090,Dhuga qaba oromon niii mona inshaaalllaaah abshiiiriii rabbbile nuuu gargara jabadha WBO kooo isiiinsi guyyyooofi abirahamif yuhun isiiin sadinu galata guda ummmata oromo irrra qabdan galan keeesssan bilisummmaaa haaa ta u inshaaalllaaah,0,0,0,3,0,0
orm_train_track2_3091,oromiyaa broodkaastingi neetwoork diina oromooti,0,3,0,0,0,0
orm_train_track2_3092,Tarkaanfiin fulduratti Waraanni Oromoo/WBO/ gageesamaajiru diinaaf dhukkuba laphee firaaf immoo maddagammachuu ta'aa jira.Guyyoota muraasaa as deeman keessatti waan raajii arginajedhamee eegama.WBOn tasa bakka diinni Oromoo eegutti argamaa hin jiru.,0,0,0,0,0,3
orm_train_track2_3093,Warra Opdo turan keessaa namni akka kan kee beekumsaa fi aantumma ummata oromoo qabu waan jiru nati hin fakkaatu ture . Yeroo kumaatamaan umanni oromoo hidhamaa jiru fi dacheen heeraa fi seera oromiyaan dirree waraana faakate kanati baga geessan jechuun hin ulfaatuu Take? URL,2,0,0,0,0,0
orm_train_track2_3094,Ashraf Ghani: Pirezidaantiin duraanii Afgaanistaan taatee yeroo itti Taaliibaaniin baqatanii akkasiin ibsan,0,0,0,0,0,0
orm_train_track2_3095,Uumaaaniii keeenyaaa Wamiiichaaa Waranaaa biiiliiisuuumaaa kabajaniii diiinaaa Ofiiiraaa deeebiiisuuu Qabbbaaa,1,0,0,0,0,0
orm_train_track2_3096,#Intala Intalooma Qabdu akkasii baay'ee barbaadna.#Hojiin kabajaadha . # Kabajamtuun bareedduunakkasii kabajaa argachuu qabdi.#RespectWomen # Respectyourwork URL,0,0,0,0,0,0
orm_train_track2_3097,Miiidhamaaa qofaaa ciiiseee gadoooduuuf garaaan isaaa kan gadddu dhugumayyyuuu Yesus kiyyya Ulfaaadhu Eebbbooo kooo itttiiin eeebbbifameeera,0,0,0,2,0,0
orm_train_track2_3098,RIP English Wayyoo danfaa baqaa Ingiliffaan fayyisaa leellisaa cabsee cabsee kiranchii dhabee!!URL,0,2,0,0,0,0
orm_train_track2_3099,amaarri kadhachuu aadaa afaan eenyuu beektee dhugaa dubbatti duras,0,3,0,0,0,0
orm_train_track2_3100,Tapha Riyaal Maadriid waliin taphatanirratti taateewwan mudatan akka qorataman Liivarpuul gaafate,0,0,0,0,0,0
orm_train_track2_3101,Ajaa'iba - WBO n Waraana Haarawa Kumaatamaan Lakkaa'amu Leenjisee bobbaase URL via @USER,0,0,0,0,0,2
orm_train_track2_3102,@USER Akkana yoo ta'e inni dhoksaatti dukkana yaadame ofumaaf ifa guyyaatti bahaa jira jechuudha.Itiyoophiyaa keessa amantaa hedduu fi Afaan hedduun akka jiru dagachuun ofumaa dagachuudha.Juuntaa 2ffaa ta'uu hin oolan natti fakkaata.,0,2,0,0,0,0
orm_train_track2_3103,Kķkkk waaan   ati   galmeee   irrra   hin   j irrrefi,0,0,0,1,0,0
orm_train_track2_3104,Humna naannoo Amaaraa gara Oromiyaatti bobbaasanii ummata Oromoo irratti waraana banuun cinaatti Oromoo Walloo irrattis duulli deebi'ee haaromuu dhagahaa jirra . Aanaa Jiillee Dhummuugaa keessatti humnoonni mootummaa Bilxiginnaa humnoota naannoo Amaaraa waliin qindeeffatanii,0,0,0,0,0,0
orm_train_track2_3105,@USER Bar sodaan kee na ajaa'iba jawaar kan hiitee waan si caaluuf miti Filannoo haqaa jettee enyuu gowomsuu yaalta nuti Oromoon sirna kee hin jaalannu,0,3,0,0,0,0
orm_train_track2_3106,@USER Dhira siin waliin dhabbattu kan yeroo matii dubbisuf dhufellee mul'ata milka'ina ummata isaa fi jijjiramaaf tattaffii kessa jirun dawachaa maqaa Mummicha Kenya ilma abbaa gadaatin dhadachaa qonnan bulaa irra dhalate jajjabessa . URL,0,0,0,0,0,0
orm_train_track2_3107,Appii jaalalleewwan walitti fidaniifi yaaddoo nageenya dubartootaa,0,0,0,0,2,0
orm_train_track2_3108,akkkam bareeeduuu bayyyeee galatoooma galata  1  Abbba cameratif 2 idddooo kana kan filateeef 3hunduma keeesssaniii bayyyeee bareeedna ,0,0,0,2,0,0
orm_train_track2_3109,Leeenca dha ati nuuuf Gudddaaa si jaaalllata si kabajas Oromooonkeee Haaala gaaariiif simbooo keeetu Oromummmaaa ibsaaam,0,0,0,3,0,0
orm_train_track2_3110,Dhorkaaadha moootiii jilbaaa jabaaa ofiii hin barrreee taaauuun   haqa bulchinsa lafaaatin fedhiiinis onnneeefi hidhiiin to hamiltantv Lafaaafi nafa lafeee dugdaaatiii joharmuhamad komiiidha adddaaan hin baaanuuuiccciiitiiin bulchiiinsa lafaaafi ummmataaatiii eeega xiiiqiiifi yaaannniii mulatuuu to ethioforrrum gola ,3,0,0,0,0,0
orm_train_track2_3111,soba pheenxeetiin dachiin badde,0,3,0,0,0,0
orm_train_track2_3112,Wallle baaakakkkaaa adiii dhugaaa waaaregameee dhandhameee has basuuu keeef horiii Buliii deeebniii sanyiii gooota hacaluuu Hundesssaaa bonsaaa kibbbaaa oromiyaaa waregamtooota dangaaaf,0,0,0,2,0,0
orm_train_track2_3113,Kanatu garaa isin gubataanan Isinis waan gaarii dalagaa ni badhaafamtu . Summii facaasu dhiisa waliin dhaabadha . URL,0,0,0,0,0,0
orm_train_track2_3114,itiiiqayeee   nafiii   jiradhuuu,0,0,0,2,0,0
orm_train_track2_3115,Jabadhuuu lencaaa Kenya umuriii nuuuf dheradhuuu hamaaan siii hin argiiin qorichaaa dinaaa ,0,0,0,2,0,0
orm_train_track2_3116,Jabadhu   Lenca kenya,0,0,0,1,0,0
orm_train_track2_3117,yadaaa gaaariiidha,0,0,0,1,0,0
orm_train_track2_3118,Balaa Tiraafikaa: Daandiiwwan gurguddoo balaan du'aa irraa hin fagaanne,0,0,0,0,0,0
orm_train_track2_3119,"Watch ""ODUU Hatattama TPLF waraana kuma 500 0000 lolaf Qophesu wbon lola itti fufu"" on YouTube URL",0,0,0,0,0,0
orm_train_track2_3120,Hhhh Bayyye namat   hojjjata moootumaaa Nama koflchiiifta ittti fufta  Mr chaneli keee gaaariii kiyyyas subscribers naaaf godhiii,0,0,0,2,0,0
orm_train_track2_3121,@USER Lolasaa beekanis walaalanis isaan ilaalchi isaanii tokkuma Jibbinsa tuffii fi yaddoo dha . Isaaniin barsiifna jechuutti qubee isaanii olkaasaafii jirra . Dhaloota qubeettis fe'uu taha . Bu'aa isarra miidhaa isaatu caala jedheeni.,0,3,0,0,0,0
orm_train_track2_3122,Jabaaadhu Gammmadaaa keeenyaaa sagantaaa baaayyyeee gaaariii eeegalteee jirtaaa,0,0,0,2,0,0
orm_train_track2_3123,dhiirri shamarran harma guddaa heddu jaalatu ,0,0,0,0,0,0
orm_train_track2_3124,Muddama tibbanaa waraana Itiiyoo -Somaaliyaa darbe Moqaadishoo yaadachiise,0,0,0,0,0,0
orm_train_track2_3125,Qabsaawota kaleessa yeroo namni dhabame sanitti Oromoof gatii hangas mara ulfaataa tahe kafalanii jijjirrama Fidan san hirraanfachuun nuuf salphina! URL,2,0,2,0,0,0
orm_train_track2_3126,oromiyakooo sortuuu hadhaaa iyesaaa kuni sifiii malareee gara lafetikooo,0,0,3,0,0,0
orm_train_track2_3127,Oromoon #Ertiraan saamamuu hin feene #WBO cina dhaabbadhuutii diina gogombisi! Araarri hinjiru! Oromiyaadha manni keenya! Oromiyaa yookaas du'a! URL,2,0,0,0,0,0
orm_train_track2_3128,Abebe mattti naf taiii sanyi kooo kabajan si gafadhaaa,0,0,0,0,0,0
orm_train_track2_3129,''Qormaata booda injifannoon dukkana booda Ifa kufaatii booda ka'uun waanuma jiru'' @USER URL,0,0,0,0,0,0
orm_train_track2_3130,Yaaa waqayyyooo isa saba kenyaaa dagugu nuti hin dhisin midiyaaati bahani afufu isaaatu ABO ajese jechun OBN midiyaaa soba gabasa jiru nuf jiradha warrri OMN,0,0,1,0,0,0
orm_train_track2_3131,"Calanqoo galmee seenaa irra.""Fulbaana 6 bara 1886 waraana guyyaa tokko qofaf geggeefame irratti Oromootni 12 000 dhumaniru . Weerara bal'aa bara 1881-1887 geeggeefame keessatti Oromoota 100 000 dhumaniru"" Ilman Sahlesilasee: #Minilik fi #Dargee URL URL",0,0,2,0,0,0
orm_train_track2_3132,Awaash 40: 'Bineensa ‘morma dheera’ reeffa baasa jedhamu ari’aa bulla ture’,0,0,0,0,0,0
orm_train_track2_3133,Esssaaa turteee haga hadhaaa jabadhuuu,0,0,0,2,0,0
orm_train_track2_3134,Lolanis mana ta'aanis duuti kan irra hin oolle oromo qofa . Kanaafuu falmadhu du'a qabsaa'ota du'i . URL,2,0,0,0,0,0
orm_train_track2_3135,Abbboootiiin keeenya waaanti isaaan dabarsssan gaaariii dha,0,0,0,1,0,0
orm_train_track2_3136,Akkam jirtan fayyaa itoophiyaanonni fuula durri ifaa abdadhaa . Garuu jaalala malee jibba dhiisaa . Wal mararfadhaa waliin jiraadhaa . Diina cabsaa daaraa nyaachisaa . Fageeysaa biyyarraa baasaa . Daangaa biyyaa waliin qulqulleessaa . Guddina biyyaa itti fufsiisaa.,0,0,0,0,0,0
orm_train_track2_3137,Dubbbiii jajalllisuuun ummmata oromooo wal nyaaachisuuuf deeemuuun gaaariii mitihubannnooo fi beeekumsaaan dubbbiii hiiikuuu barbaaachisa,1,0,0,0,0,0
orm_train_track2_3138,Gzx qaaamaaafilubbbuuun   hangafaaa Abukaaatooo geeejjjibni nageeenyaaa ummmataaatiii naaaf yaaadi argiii beeekiii Eegiii dhugaaa onnneeettti nifalmannna sodaaa lubbbuuufi siyaaasni lubbbuuu dhabe eeeyidiiireee Zinnnash ofifuuu hin barrreee taaauuun dhorkaaadha nafa keeesssa beeekaniiin deeemaniii joharmuhamad ogummmaaan ofiiit,2,0,0,0,0,0
orm_train_track2_3139,Yaala araada adda addaa Dhugaatiif Tamboof Hashishiif Jimaa fi kkf Dhukkuba miiraa garmalee gadduu aaruu ykn gammaduu( Bipolar disorders) Rakkoo yaadaa ykn wantoota hin jirree hubachuu( sagalee hin jirree dhagahuu waan hin jirree arguu),0,0,0,0,0,0
orm_train_track2_3140,kolfaaan nu fixxxan dhugaaadha,0,0,0,3,0,0
orm_train_track2_3141,Maaltu akka jirru beektani abiyi fi jawar lama fa'a garee isaani kanarraati gareen woyii qumara siyaasa taphatani jirru amma kan jirru wonti hedduu bade jirra sirridha kottaa ararama jennani isin maal jettu?,0,0,0,0,0,0
orm_train_track2_3142,Injifannoo WBO Gujii Bahaa-Saabbaa boruuIddoo addaa Qilxa Bayii jedhamutti fi-shaakkisoo fi buukkoo gidduutti leenchichi diina saba oromoo kan taatee waraana bilxiginnaa akka baalaa harcaasee jira #OromoLiberationArmy URL,0,0,0,2,0,0
orm_train_track2_3143,amaarri harree duutee sirni durii abadan hin deebi'u,0,3,0,0,0,0
orm_train_track2_3144,Lataaa kooo oromon sijaaalattti,0,0,0,1,0,0
orm_train_track2_3145,Bagumaaan oromooo taeee galata keee yaaa waaaqayyyo oromooo tauuu koooti yerooo hundaaan gammmada naaaf jiraaadha oromooo kooo ,0,0,0,3,0,0
orm_train_track2_3146,ILMA HORTEEE JABAAA  Itttiiiqaaa leeenca keeenya Ilma horteee jabaaa Anooo waaaeee keee ibsuuuf  Silaaa jechan dhabaaa  Sirba qofa miti Kitaaaba weeeddduuun keee Kan oromooofi Oromummmaaa Walittti taliiige  Rooobni ture rooobu  Bakakkkaaa makata Galaaa gumaaachiteeef  Argadhu galata  Umuriii keee,0,0,0,3,0,0
orm_train_track2_3147,uuufeee ittti cabisiii dhimaaa hadhaaasheee kormaaa kooo barooodiii babarooochisssiii barooodaaa akkkaaa lenchaaa,0,0,0,2,0,0
orm_train_track2_3148,ilma haadha hordofi abbaa jennata galuu abbaa si'oolii galu uumetu beeka hin galchine galtee hin borcin,0,2,0,0,0,0
orm_train_track2_3149,AJJANNOO HAA QABAANNUUNageenya Jaalattee kadhatteef hin ArgattuNAGEENYI jaalachuun Osoo ArgameeOsoo kadhachuun ArgameeKan Hanga Harra'aa lallabaa turre ni gahaaOsoo Ajjeefamtuu Harka duwwaa Nageenya barbaaduun maraatuu fakkeenya hin qabneedhaa@USER Tu Jadhe URL,1,2,0,0,0,0
orm_train_track2_3150,Namootni Amantaa kana hordoftan mee sirnaan waan amantaa keessan keessa dhokatee saba kana abaaraa jiru seecca'aa baasaa . Dhimmi kuni dhimma hamaadha . Kan kana godhaa jirus eenyu akka tahe beekamaadha . Amantiin kitaaba Qulqulluu keessa jiruu fi wantootni akkanaa adda bahuu qabu . URL,1,0,0,0,0,0
orm_train_track2_3151,Ayovoooriii Kostiii mitiKoootidivuwaaariiidha   Baga Milkaaaanbiyyya sana carrraaa waliii fixiiinsa waliii waliiin irrraaa kan isaaan araaarse Kubbbaaa Miiilllaaati DDirooogibaaan gareee isaaa waliiin Moootummmaaafi Finciltooota walittti araaarseee ammma nageeenya argattteee jirti Kan keeenya garuuuHUCCCUUU GURRRAAAC,0,0,0,1,0,0
orm_train_track2_3152,Saba koo: Wanta hundaa sududaan taasisuu fi xumura bareedaa qabaachuu barbaachisa jedheen amana . Kanaaf immoo wanta adeemaa jiru hunda ogummaa fi bilchinaan hordofuu nu barbaachisa . Wanti barbadaa'uu qabu hundi wanta adeensa keenyaa fi nageenya uummata keenyatti gufuu tahuudha.,1,0,0,0,0,0
orm_train_track2_3153,bulchiinsi dr abiy ummata oromoo irratti jibba crating jira . ajjeechaa to'annoo jalaatiin raawwateef oromoo komachuu . waraana kakaasuu fi jibba ijaaruu . nuti oromoon nama hunda wal qixa jaallanna Itoophiyaa keessa nama hunda waliin nagaan jiraachuu barbaanna.,0,2,0,0,0,0
orm_train_track2_3154,Itttiiiqaaa Tafariii ilma Sabaaaf jiraaatu ilma sabaaa akkkas kunooo yaaa nama Ofiii Hamtuuu fi hamaaan biyyya Sana keeesssa taaaeee ilmaaan keeenya qaqqqaaaliii nyaaatu si hin argin ijisheee ha badu,0,0,0,2,0,0
orm_train_track2_3155,Dhugaaa irrraaa maaaltu nadhooowwwa eeesssati kufeee namni dhugaaaf bule galgala hin tolu namni sobaaaf duuule  galooo madaaa garaaa keeeti nuuuf ibsite jirta baga ittti cabsite girrrisooochi guyyya 2 keeesssati miliyooona guuutu qabna yo rabbbi jedhe,0,0,0,3,0,0
orm_train_track2_3156,guyyaan jimaataa guyyaatti iyyesuus kiristoos addabaabaayii qaraaniyootti fannifame guyyaan hordoftoota amantaa kiristaanaa maraa biratti kabajama,0,0,0,0,0,0
orm_train_track2_3157,Si'ool afaan banee si eegaa jira itti deemi,0,0,0,0,0,0
orm_train_track2_3158,Naannoo Gambeellaatti godaantonni 30 ta'an beelaafi haleellaa irra ga'uun du'an- Komishinii,0,0,0,0,0,0
orm_train_track2_3159,olollliii   sosoba dhiiiraaaf hintayuuu welcome   Onnnobnsagaleee nuralhudatv iftoooma kurrreeejilbaaatiii bira darbiiin ani abdiii ragggaaasaaafilammmiiibeeenyàa faaa afaaan funyaaan malllasadirbsa,0,0,0,2,0,0
orm_train_track2_3160,Pireezidaantiin Yungaandaa 'dinnicha nyaachuun kg30 akka hir'isuu na gargaare' jedhan,0,0,0,0,0,0
orm_train_track2_3161,Humni weerartuu finxaaleyyii amaaraa kallattii hedduun Oromoo xuxxuquu itti fuftee jirti.Oromiyaa lixaa wallagga bahaa aanaalee addaa addaa keessatti saba keenya waraanaa jirti.Walloofi Fantaalleettis waraana walfakkaatu bantee jirti.,0,3,0,0,0,0
orm_train_track2_3162,Iraanitti yoo xinnaate namoonni 210 koronaavaayirasiitiin du'an,0,0,1,0,0,0
orm_train_track2_3163,Congratulations Kiya Segni! Halkanii fi guyyaa waan qabduu fi dandeessu hundaan saba keetti utuu waakkatin hojjechaa ofirrattis hojjettee sadarkaa kana irra ga’uu keetiif hedduun siin boona . Baga ittiin si gahe ilma sabaa! URL,0,0,0,3,0,0
orm_train_track2_3164,Baratttooota university Finfinnneee qofattti daaangauuun irrra hin tureee maratttuuu gaaariiidha,2,0,0,1,0,0
orm_train_track2_3165,Galagalan toluuu namni sobaaaf duuule,0,0,0,0,0,0
orm_train_track2_3166,Horiiiwaaan waliiiti dutuuu erbeee hadhaaa keeesan,0,3,0,0,0,0
orm_train_track2_3167,@USER Nin dhufaa anis gaf rabbi jedhee tokko kaayyoon keesantu ofitti nama dabala malee namuma miti namni hundi nama gaafa sabaaf waan gadhee fi kaayyo diina galmaan gahuuf kaate sabboonummaa fi namumman keetis ni jibbamtaa Kaayyoon WBO quqama sabaa oromoo fi moora diina cabsuu URL,0,0,0,0,0,0
orm_train_track2_3168,Pireezidantiin Raashiyaa Vilaadmir Puutiin kan amma Yukireen irratti waraana bane eenyu? URL,0,0,0,0,0,0
orm_train_track2_3169,Kun dhalooota ofituuu beeekneee anaaaf nageeenyaaa ummmataaatiii eeegi gamnummmaaaka to Malllasiiizenawiii yerooo cufaaa hojiiif furtuuudhaaa dubbbiiin gurrraaaf dubbbiii Eegiii dhugaaa onnneeettti nifalmannna sodaaa,3,0,0,0,0,0
orm_train_track2_3170,Wu ergamtuuu moootummmaaa dha,0,2,0,0,0,0
orm_train_track2_3171,dhiigni jaal daawud nafxanyaa finfinnee oromiyaa keessaa haxaayee akkan balleessu badhaadhinni beeku qabda,0,2,0,0,0,0
orm_train_track2_3172,ADAAMAA Onkololeessa 28/2014 (EShC)-Hiriirri mormii garee shororkeessaa TPLF balaaleffatuufi Raayyaa Ittisaa Biyyaa deeggaru Aanaalee fi bulchiinsa Magaalota Godina Shawaa Bahaa Keessatti gaggeeffamee . URL,0,0,0,0,0,0
orm_train_track2_3173,Kabajamtoota hiriyoota koo har'a maal akkan ta'e osoon hin beekin baay'ee gaddeen jira ,0,0,2,0,0,0
orm_train_track2_3174,bareedaa ijarraa hafi,0,0,0,2,0,0
orm_train_track2_3175,Ajaa'iba akkanaan imalan baadiyyaa keessaa mee furmaanni maali ? URL,0,0,0,0,0,2
orm_train_track2_3176,nafxanyoota minilik deeggartu anaallen diina,0,3,0,0,0,0
orm_train_track2_3177,Ilmmma saba miiidhamaaa oromooo Siraj sabaaaf waaaqayyyo ol si haaa kaaasu AAADAAA SABA KEEENNNAAA AKKKA ADHUNYAAAF NU HUNDAAAF GAMMMACHUUU KENNNUTTTI QOPHEEESSSITEEE WAAAN NUUUF DHIYEEESSSITEEEF EEEBBBIFAM SEEENAAA OROMOOO KEEESSSATTTI BAKKKA GUDDDAAA QABDDDA RABBBI OL SI HAAA GUDDDISU JABAAADHU NUTI OROMOOODHA OROMIYA,0,0,0,2,0,0
orm_train_track2_3178,@USER Haqa dubbatanii bakka itti dhiite buluu woyya.Maali qaba siyaasa biyyaa PP sodaatee . Mee rakkoo kana akkamitti furra jedhanii ifaatti mari'achuun bareeda . Akka fedhan utaaluun wobii nama dhoorka yaa PP!,2,0,0,0,0,0
orm_train_track2_3179,Subscrbe naf godhiii galatooomiii gottta kooo qali,0,0,0,2,0,0
orm_train_track2_3180,@USER tibbana uumameen walqabatee shira xaxaa diinaan ilaalchota dogongoraafacaa'aa tureen akka tasaa iddoowwan muraasattiwalittibu'iinsauumameenlubbuubaduufiqabeenyimanca'uuisaattibaayyeenugaddisiise yerooammaahirmaannaamootummaafiummatatiintasgabiinamansiisaan umamejira.,0,0,3,0,0,0
orm_train_track2_3181,Oromoon buqqa'uu fi reeffa lakkaa'uu #RIP barreessuu fi kan gaaffa wayyanerra qalamuun qe'ee keenyaaf soorata dhaabbataa taate jirti! #WalagaafiGujjii,0,0,2,0,0,0
orm_train_track2_3182,Dr.#Dima_NaggooTokkummaa keenyaa Miidhima jannee Soba hedduu akka nama hin agarree bira dabraa turre ammaas bira dabraa jirra garuu Oromoo akka Nafxanyaatti Seenaa Oromoo saamtu bira dabruun Seenaa Sobaa . URL,3,3,0,0,0,0
orm_train_track2_3183,Jollleee teeenya Jabbbadhaaa waaanuuumafeeeteee yoootaeeele niiibilllisooomina hinnnshaaakiiinaaa yaaa oromooo,0,0,0,1,0,0
orm_train_track2_3184,Tigistu mattti naf taiii sanyi kooo kabajan si gafadhaaa,0,0,0,0,0,0
orm_train_track2_3185,paastarii pheenxee dhaggeeffadhaa mee salphina pheenxee,0,3,0,0,0,0
orm_train_track2_3186,Waliii galuuun ulfina wal dhabuuun salphina,0,0,0,0,0,0
orm_train_track2_3187,Paastar Daani'eel: Lallabaan kiristaanaa humna leencota madaqsuu qaba jechuun soba ta'e,0,0,0,0,0,0
orm_train_track2_3188,@USER NADHII GAMMADAA baay'ee garaa nama nyaata,0,0,2,0,0,0
orm_train_track2_3189,jireenya gaarii jiraachuu feeta taanan dubara shawaa fuudhi ,0,0,0,0,0,0
orm_train_track2_3190,Guyyyaaa isiiin Oduuu himtan inuma dhageeenya  Kheeesssatttu oduuu Waeee Ummmata Falasxiiin osooo guyyya guyyyaaan nuf himtaaaniii gaaariiidha jadhen yaaada   Galtooomaaa,0,0,0,0,0,0
orm_train_track2_3191,Abbaa Maatiyaas nafxanyaa Amaaraa iyyisiise! Baguma iyyisiisee seexana keechaa yaase!,0,0,0,3,0,0
orm_train_track2_3192,Jalqabbbiii gaaariiidha jabaaadhu Gammmeee takkka jedhaniii lama jedhu sagaleee hin qabu wanti Hirphaaan jedhu heddduuu hin dhagahamu gara ofduraaattti keeesssummmaaa biraaa irrrattti akkka sirrraaayu abdiii qaba,0,0,0,2,0,0
orm_train_track2_3193,Warri gaafa Tigray waa sochoofte gurri keessan isin dhadhaabatu yookiin kaaba malee isin hin dhaggeeffanne gurraa keessan gadi qabadhaa!sababiin isaatis isuma jalqaba sana irratti isiniif galuu qaba wanti hirkatummaan hojjetan bu'aa isa irra miidhaa isaatu caala!of tahuu wayya!,0,3,0,0,0,0
orm_train_track2_3194,Gammmeeekooo Heddduuu Namatiii tola podcast keeesssaaan jabaaadhuuu Hojiii Gaaariii hojjjeeechuuu irrraaa yommmillleee dubattti hin jedhiiin kun dhamsaaakooo isaaa kabajaaadha,0,0,0,3,0,0
orm_train_track2_3195,Hojiii gaaariii dha Jabaaadhaaa kabajamooo,0,0,0,3,0,0
orm_train_track2_3196,Ilaalchaan ilmaan Goobanaa Daacee kan taatee dabballoonni Bilxiginnaa wal fixuuf jirti . Shira xaxaa oltee sanatuu deebi'ee ishee duguguuf Jedhaa . Rest in pieces jenneerra . #Oromia #Qeerroo #WaaqBless #WBO #RIPBilxigina #RIPTaye #RIPAbiy #RIPShimelis,0,2,0,2,0,0
orm_train_track2_3197,Lolli Tigraay deebi’ee jabaachuu irraa kan ka’e ummatni gara Suudaanitti baqate lakkoofsi guyyoota muraasa dura 54 411 ture amma saffisaan dabalee 63 000 gahe jechuun Sudan Tribune gabaasee jira . Itoophiyaan waraana dabalataa bobbaasuun akka ummatni Tigraay gara Suudaan hin baq,0,0,0,0,0,0
orm_train_track2_3198,#AMMEE Ona Dagam Yaayyaa harootti W3O'n injifannoon ajaa'ibati galmeesse.,0,0,0,3,0,2
orm_train_track2_3199,Miiira kabajaaaf gad of qabuuu gudddaaatu irrraaa mulata nama gudddaaa kanarrraaa Of jajuuun bira hin jiru,0,0,0,0,0,0
orm_train_track2_3200,Wanti wallaga Kiiraamutti Wallo fi Karayuti Oromoo iratii raawwataama jiru akka malee nama meelalcha.nama Sukaneysaa Nama gaddisiisa illee.Elaa Oromookoo Habashaan Abiyyi jala hudduu suuqxee ilmaan kee irratti waraana banteetti . Oromoo ka'i WBO'tii makamii biya ke dhunfadhuu.,0,2,3,0,0,0
orm_train_track2_3201,Yerooo 20 laleee dhisuuu hin dandenyeee mal naf woyyyaaa malaaa naaaf himaaa yaaa firaaa yaaa rabbbiii aniii kafareee ,0,0,2,0,0,0
orm_train_track2_3202,itoophiyaan vayraasii lolaa jabutiiti daabarsiite.magaala jabutiiti goosti issaatifi affaar Waal waraana jiraan.ibbiidi nafxanyaan qabsiiftee gaanfa afriika guuba jira,0,2,0,0,0,0
orm_train_track2_3203,@USER Baay'ee bareeda Sa'aadu suuraa hedduu nama hawwatudha . Paagii tiwitarii kanattis baga makamte.,0,0,0,2,0,0
orm_train_track2_3204,Ona Fantallee Giddu gala bahaa shaggar ona fantallee ganda ilaalaa bakka gara garaa keessatti weerartu diinaa waliin haleella deema jira W3On fantallee irraa bilxiginnaa boochisaa ooleem kottuu reeffa kaafadhu yaa PP W3On haa waaru,0,0,0,2,0,0
orm_train_track2_3205,Dhugaaf dhaabachuun shororkeessaa nama taasisa taanan anis shororkeessaadha!,0,2,0,0,0,0
orm_train_track2_3206,Dhiigaan siif facaasaa lafeen siif bobeessaa Oromiyaa irraatti gadsumman dhaabsiisaaAsxaa sirna haarayaa abdii walabummaaDhiigaan gad si dhaabnaa yaa faajjii tokkummaaBalali’uuf teessaa atis tarree galteeMallattoo mootummaa Oromootaa taatee 2/3,0,0,0,2,0,0
orm_train_track2_3207,Biyyoota Afrikaatti harree hatuun akkaan dabale,0,0,0,0,0,0
orm_train_track2_3208,Dhaabbata Aviyeeshinii bobbaa namaa irraa boba’aa xiyyaaraa oomishe,0,0,0,0,0,0
orm_train_track2_3209,shamarriif harreen dullaa jaalatti,0,3,0,0,0,0
orm_train_track2_3210,Nama kabajuun sodaa osoo hin taane bilchina sammuu fi dandeettii fageessanii waa yaaduuti . Nama kabajaa qabutu nama kabaja jedha OROMOON!,0,0,0,0,0,0
orm_train_track2_3211,Guyyaa dukkanaati . Ol adeemoo hayyoota 14 battalatti dhabne . Yunivarsiitiin Wallaggaa dhaqii reeffa ijoollee kanaa nyaadhu!!,0,3,3,0,0,0
orm_train_track2_3212,Akka sabaafi sablamootaatiis akka sirnattiis tokkummaa sab-daneessaa filannoon mirkaneeffanne juntaa barbadeessinee badhaadhina itti fufsiisuu qabna.,0,2,0,0,0,0
orm_train_track2_3213,Haraaarrri godhamuuuf yaaalamu kun haraaara sobaaa waaan taeee WBO fi Uummmannni keeenya akkka hingowwwooomne qabsooon ittti fufuuu qaba duddduuubattti deeebihuuun hinjiru,2,0,0,0,0,0
orm_train_track2_3214,@USER Galatoomi tokkichaa akka kumaa atillee halkani guyyaa biyya teetif jattee roorroo keessaafi alaa sirratti walgeyse osoo homaatti hin lakkaawin gara badhaadhinaatti nuun cehaa jiraachuu keetiif galata guddaa sabarraahis biyyarraahis qabda.,0,0,0,2,0,0
orm_train_track2_3215,Phaaphaasonni Teessoo Abuna Pheexiroos hundeessuun to’ataman jeequmsa kakaasuun himataman,0,0,0,0,0,0
orm_train_track2_3216,Barana kolfaaan dhumneeem ,0,0,0,2,0,0
orm_train_track2_3217,"'Doolaarri 436,000 lafaa argee abbaaf deebise jaalalaa fi jibba natti fide'",0,0,0,0,0,0
orm_train_track2_3218,Jaallaan onaa boosat ergamtuu Pp Magaalotaa isheen keessatti argamtuu hundaa keessatti harkaan dachee qabsiisa garaan immoo waaqaa laalchisa jiru.Must we are support WBO force.B/c WBO is needed to Oromoo and Oromia.WBO deeggaruunakka Oromootti dirqama nutti haa ta'u! URL,0,0,0,2,0,0
orm_train_track2_3219,Amaaaleee dhiiibeee hidaaabuqaaaftuuu tanjiiirmaaatuuu nuuu afataaa duraaanuuu mixiiiraaa baheeetuuu gaaatiiigudaaa nukafalchiiiseee hubachuuun fedhiiin ilmaaanamaaa hinguuutamtuuu jarjaaaruuun hinfeeesiiisuuun dhamaaa,1,0,0,0,0,0
orm_train_track2_3220,Koronaavaayiras: Saayintistiiin 'Vaayirasiirratti osoo qabsaa'uu' maaginatiin funyaan isaa galte,0,0,0,0,0,0
orm_train_track2_3221,4/yeroo waraabissi isa biraa du'u reeffa waraabessaa fudhatee deema . Reeffa achitti hin gatu boodarra waraabessichi du'ee dhumuu didnaan ijoolleen keenya bakkicha gadhiisan! Wallagga Bahaa Nuunnuuttis waraanni mootummaa jaldeessaa qabatee lola irratti hirmaateera . Inni immoo URL,0,0,2,0,0,0
orm_train_track2_3222,ERA . Ummanni keenya kunoo rakkoo hammaataa keessa jira . Isin ummata kana keessaa mitii kan baatan? URL,2,0,0,0,0,0
orm_train_track2_3223,Gootichi W3O Zoonii Giddu Galaa Konyaa Kibba Lixa Shaggar Roggee fi Jibaat irraa walitti dhufuun har'a (17/06/2022) ganama Waraana PP murna garboomfattuu magaala #_Kamsii_Biloo mandheeffattee jirtu haleeluun qawwee turkey 7 irraa hiikuun 15 ol ajjeesuun hedduu madeesseera.,0,0,0,2,0,0
orm_train_track2_3224,@USER Oromoo ta'uukee shakkii sirraa qabna sababni Osoo oromoo taatee Naafxanyaa ilmaan oromootitti bobbaaftee bakka maratti akka sareetti oromoo ajjeesiftaa?,2,0,0,0,0,0
orm_train_track2_3225,Oromoon oromoo irratti dhukaasuu arkuu caalaa du'a wayya jadhe Haceen URL,0,0,0,0,0,0
orm_train_track2_3226,Rakkoon ummata walloo rakkoo ummata Itiyoophiyaa hundaati,2,0,0,0,0,0
orm_train_track2_3227,’Lubbuu kiyyaaf sodaadhee ergan manaa bahee amma waggaa sadii taheera’ - Abbaa Gadaa Jiloo Maondhoo,0,0,0,0,0,0
orm_train_track2_3228,hundeen amantii pheenxee oduu asoosama namootaa hin kiristoosii wangeela,0,2,0,0,0,0
orm_train_track2_3229,Muxanaaa waliiiqoduuuf waraboranaaatif maaaltuuujiraaa oduuunharahaaa   namahuuudu wajiiihasahuuu hiiindhiiisiii ilmiiinama hamaaaqabuuu hareeeleee afaaanwaliiiqabuuu jachuuujiraaa namniii manatokkkojaruuu ciiitaaawalhiiinsamuuu   tenyatuuun   yaaadaaahuuu walsaaamuuugartaaa   maaaliiidhiiibeeen walaaalumadhaaa,3,0,0,0,0,0
orm_train_track2_3230,Gaafii Badhaasa qabdu Quraana keessatti nabi Muhammad SAW maqaan isaa bakka meeqatti dubbatame.Bakka 4 sura 3:144 33:40 47:2 48:29GaruuBadhaasni Maastikaadha.Hancoo na badhaasanii jennaan irraa kafaladhe anis URL,0,0,0,0,0,0
orm_train_track2_3231,"Bocni Ayifil Taawor muka kibriitii 700,000 ol irraa tolfame rekardii addunyaa qabate",0,0,0,0,0,0
orm_train_track2_3232,#OBN:Qorichi vaayirasii koroonaa lubbuu baraaruu danda’u argame.Qorichi baay'ee rakasa ta'eefi salphaatti argamuu danda'u 'dexamethasone' jedhamu dhukkubsattoota Covid-19 haala yaaddessaa keessa jiran lubbuu baraaruu danda'a . URL,0,0,0,0,0,0
orm_train_track2_3233,Gammme hojiii gaaariiidha jabaaadhu,0,0,0,2,0,0
orm_train_track2_3234,@USER Dhugaa keeti qarree koo . Sababni isas tokkummaan oromoo shiraaf kijibaan akka hin cabnne waan beekaniif sodaa jireenya gara fuuldduraa waan qabaniif jiraachuu dhumaaf tattaafatu,0,0,0,0,0,0
orm_train_track2_3235,Leenjisaan Maanchister Yuunaayitid boqonnaa irratti taphattootaan maal jennaan abidda tahanii deebi'uun duubaa ka'anii mo'atan?,0,0,0,0,0,0
orm_train_track2_3236,"Abeet Qeerroo""Nu Ajjeestanis Haacaaluu Bira nu hiitanis Jawaaar bira deemna malee sodaa humna poolisii hin qabnu""#OromoProtests URL",0,0,0,0,0,2
orm_train_track2_3237,Qabsoon weerara Dhivako-19(Dhibee vaayrasii Koronaa - 19) irratti ta'aaru bareeda ta'us haalli dhukkubsattoota idlee itti tajaajillu waan baay'ee irratti hojjatame natti hin fakkaatu . Kunimmoo du'aatii hin barbaachifne (unnecessary &amp prevetable death) baay'isa waan jedhu qaba.,0,0,0,0,3,0
orm_train_track2_3238,#HachaluHundessa #OromoProtests #OromoRevolution sabni ijaarame ni sodaatama . naannoo tigray namticha barbaadama ture san wanti qabuu sodaataniif wan ijaaramaniif . oromoon ijaaramuu dhabuun salphina guddaa kana fide . ijaaramuu!ijaaramuu !ijaaramuu ! qofatu furmaata.,2,0,0,0,0,0
orm_train_track2_3239,TPLF har’aa borus diina Oromooti! Jala kaachuu dhiisaa! #Qeerroof_Qarree URL,0,3,0,0,0,0
orm_train_track2_3240,Dr kabajamaaa nu jiradhaaa ,0,0,0,3,0,0
orm_train_track2_3241,DR Koongoo: Weerara gifiraa addunyaatti isa hamaa jedhameen namoonni 5 000 du'an URL URL,0,0,0,0,0,0
orm_train_track2_3242,guyooo yaro farsooo dhuydeee midiya ira hin dhufiiin atiii umataaa arbsita,0,3,0,0,0,0
orm_train_track2_3243,uuufff yaaa Rabbbiii namaaa bayeee qabadaaa garaaa jabataaa kkk,0,0,2,0,0,0
orm_train_track2_3244,Ashamaaa inmates qaaaliii nageeenyiii rabbbi bakkkaaa isiiin jirtaaanittti isiiinif haaa bayyyaaatuuu jechaaa video ajjjaibaaa kanaaa dawwwaaachaaa asumaaan maaatiii keeenyaaa taaaa htttpsyoutubeM5eYwDvY6fw Galatooomaaa,0,0,0,0,0,0
orm_train_track2_3245,"Imalli isaan eegalan hamma kaayyoon isaanii galma geessutti ittuma fufa.""Kaayyoo inni umrii isaa guutuu aarsaa itti godhe galmaan gahuuf waadaa keenya haaromsina! ""Abbaa keenya Nuhoof jannata maatiifi Saba isaaf jajjabina hawwina."" @USER",0,0,2,0,0,0
orm_train_track2_3246,@USER Hoggantoota siyaasaa Oromoo sababa garagaraatiin mana hidhaa tursiisuun sodaa PP irraa madde malee balleessaa tokkollee hin qaban . Dhugaan falmanna ni moona!,2,0,0,0,0,0
orm_train_track2_3247,@USER Aboo Galatoomi baga jiraattee ragaa baate.Bar jarri Oromoo kana sirriitti beekti.Waa'ee Gadaallee waan isaan hin beekne hin jiru.Warrumti Jewish jechuukooti.Akkaataa wixinee sirna Gadaa waggaa hedduuf qo'atani.Oromoo kanaaf sodaatu.Icciitiilee hedduutu jira,0,0,0,2,0,0
orm_train_track2_3248,My art#Raayyaa_abbaa_maccaa abbaa jaalalati namajabaa nuti qabnu keessas isa URL worriiakkako jaallattanimmo like comment#share yoo gootanis ani isinitti hin qabamu URL,0,0,0,3,0,0
orm_train_track2_3249,maal fakkaata harreen,0,3,0,0,0,0
orm_train_track2_3250,Sirrriii jetttan QUBEEEFI MALLLATTTOOON AFAAAN OROMOOO SAGALOOOTAAAFI HAAALDUBBBIII UUUMMMATA OROMOOOTIIIF daran mijataaadha Mijatummmaaan isaaaniiis dorgomaaa hinqaban Sababni isaaas seeera uuumamaaa natural rule kan Afaaan Oromooo kabajaniii kan kalaqaman   waaan taeeefi Akkka hubannnaaa kiyyyaaattti kan Ga,0,0,0,1,0,0
orm_train_track2_3251,wan nama hajaibu tokkko public service hosooon hoji gallla jiru wan takkka dhagayeeen kafeee konkolaticha irrra bueee   inis kuno akkkan jedha tayen Eergamtuuu shannneti mana isssa keeesssati alllaba abo fi shuguxi kilashi fiii wantota garrragar kuno motuuuman keeenya arigeee jedhani yeguuu odeeesan b,0,0,0,0,0,2
orm_train_track2_3252,@USER Sodaattuu . Ummata ofii ajjeesuuf onnee qabduu alagaa alaa dhufee biyya weeraru ni sodaattumii,2,2,0,0,0,0
orm_train_track2_3253,Chaayinaan biyya gaazexeessitoota hedduu hiitu ta'uu gabaasni mul'ise,0,0,0,0,0,0
orm_train_track2_3254,@USER Maqaa gooftatiin . namichi kun garu akaam soba maaloo?,0,0,0,0,0,3
orm_train_track2_3255,Warrii qaalii keenyaan du'aaniiruu jettan salphataniittu Yeroo kam caalaa hardhaa jiruu firoottan qabsoof gammachuu diinootaaf garuu salphina . URL,2,0,0,0,0,0
orm_train_track2_3256,Uummmata kooo hunda dursa nagaaanisiniiif haaatau sirbakana jaaalataniii sagaleee jabaaa fi hamileee naaaf tauuu keeesaniiif umuriii fi kabaja gudddaaan isiiini hawwwa nuti yooo waliiif gallle kan nucaaalu hin jiru uuummmani oromooo ofiii isaaarrra darbbbeee adunyaaadhafuuu hangafa saba sirna gadaaa kalaqeee a,0,0,0,3,0,0
orm_train_track2_3257,Kkkk dhugaaa keeeti Qaaali kooo WBOn kabajamaaan biyyyeti dabalaaa jira WBO ,0,0,0,2,0,0
orm_train_track2_3258,Mishinarooti Ameerikaa 12 Haytiitti butamanii turan miliqanii bahan,0,0,0,0,0,0
orm_train_track2_3259,"Balaa bidiruu Giriikiin yoo xinnaate godaantonni 79 du'an, dhibbaan kan lakkaa'aman dhabaman",0,0,2,0,0,0
orm_train_track2_3260,@USER dhugaa jette.kan na aarsu garuu dalaga jarrii oromoo tuulama amantaan qoodani sammuu faalani oromoo bakka lamatti qooduf godhantu nama aarsa.bakka jirrutti wal eeguun shira isaani balleessuu qabna,3,0,0,0,0,0
orm_train_track2_3261,Oromo walllooo kaleeesssaaa nafxanyaaan Akkka goooteee him irrranfannneee mukaaan sheeekhoootaaa Fi hayyyooota ajjjeeesssan hin irrranfannneee,0,3,0,0,0,0
orm_train_track2_3262,Faaakeeenyaaa ameeerkaaan iraaaq itttiiicaaabseee jachuuudhaaa fulduuuraaas deeemsaaa mataaakeeetiiiqabaaatuuu gaaariiidhaaa,0,0,0,0,0,0
orm_train_track2_3263,Dhugaaa irrraaa maaaltu nadhooowwwa eeesssati kufeee namni dhugaaaf bule galgala hin tolu namni sobaaaf duuule   dhugaaan gaaadddisa tirattti akkka argite hin deeemtu karaaadha filattti gaaafa ol baaate tullluuudha mulattti galatooomi galooo kooo,0,0,0,1,0,0
orm_train_track2_3264,Oromoo dhumati Walloorati gageefamu yoo dagaate fiixa eebooke karaa kaabatu dooma akasumaati Oromuummaanis badaa adeemti . Goota Oromo Walloo bara 500 ool kophaasa Oromuummaaf du'a bahe hindagatin ciina dhabbadhu . #StopWolloMassacre #,2,0,0,0,0,0
orm_train_track2_3265,Muceee ahmed muceee gooota sodaaa hin qabne  Bakhar waaareee gooota gaaafa dukkkanaaa  wadaaay galmooo khormooosooo gooota gaaafa caliii calanqooo kan yooomiyyyuuu hin dagatamneeehtttpsyoutubeeV4gggiStBJ8,0,0,0,3,0,0
orm_train_track2_3266, seexanni gurraachi gaafa dhiira balleessuu yaadu dubartoota arabaa shooshilsiisa ,0,2,0,0,0,0
orm_train_track2_3267,mana murti nafxanyaati wanti gaariin dhageessu hin jiru,0,2,0,0,0,0
orm_train_track2_3268,Weeellleee baaayyyeee gaaariii fi ergaaa cimaaa qabuuu dha Fayyyaaa tai Namni Taaadddeeettti hin baaane hafuuu wayyyaaa maaaf   dhalataNamni Haaacaaaluuuttti hin baaane hafuuu wayyyaaa maaaf dhalata ,0,0,0,2,0,0
orm_train_track2_3269,Galooo_galaaa sabaaaAkkkas maleee yooo weeelllisssaaanittti cabsi akkkasittti Jabaaa oromoooWallleee bayeeee ajaibaaadhaogeeeyyyooonnniii milkainsa wallleee kanaaaf tumsa taaasistan ogeeeyyyiii camera irrraaa hanga Darikterattti gochuuuttti jirta   cufti keeesssan galata gudddaaa   qabuulfaaadhaaa,0,0,0,3,0,0
orm_train_track2_3270,Qopheeeysitoootaaa fiii Hirmaaatttonnni Sagantaaa ulfaaadhaaa Galatooomaaa jechaaaKeeesssatttuuu Medialeee   duriii duriii maqaaa kaaasuuun keeesssan heddduuu gaaariiidha Radio Harar hooo maaaliiif dagatttu Gaaazixeeesssota yarooo saniii Abubakar Musssaaa fi Ayyyuuub Abubakar faaa yooomillleee hin dagatinaaa,0,0,0,2,0,0
orm_train_track2_3271,@USER Hundumaa Hojiinsaanii bay'een bareedaadha kunimoo baay'ee waan ajaa'ibaatii,0,0,0,2,0,2
orm_train_track2_3272,Ilmi namaa ni doofe malee jiruu lafa gubbaa tana irratti kan ajjeesus du'aa kan du'us du'aa waan yerooti malee . Osoo beeknee silaa wal hin miinu wal hin ajjeefnu wal hin balleessinu ture.,0,0,2,0,0,0
orm_train_track2_3273,Thank you guys you guys hero  Gaaalaaatooomaaa amhaaaraaa saaamiiituuu hin ammmaaaninaaa hin gaaabbbaaariiinaaa haaatuuutaaa maaashaaa fiiixuuu gaaaraaa daaamaaani waaalaaalaaani ufiiiduuubbbaaalaaa daaabbbaaaniii daaadaaabbbaaaniii taaajjjaaaraaa ufuuumaaa waaalaaafixuuu laaamaaa ummmaaan oromo waaaraaanaaa isssaaa jjjaaalllaaa yaaauuu kuuunuuufaaat,0,2,0,2,0,0
orm_train_track2_3274,guyyaa dubartootaa addunyaatti faf biyya keenyaatti faf godina jimmaa aanaa geeraatti sirna dungoo qabsiisuutiin eegalamee haala aadhaan kabajamaa jira,0,0,0,0,0,0
orm_train_track2_3275,nama gaaariii taeee Keeenyaaa jedhuuu warrraaa sodaaa Keeenyaaa kkk,0,0,0,0,0,0
orm_train_track2_3276,Abdiii Oromooo WBO Marooo Qeeerrrooo Qaaareee Kegaaa Oromumaaa Forever ,0,0,0,3,0,0
orm_train_track2_3277,Dhugumarabbbittti waaan salphinaaa keeesssa jirrra,0,0,3,0,0,0
orm_train_track2_3278,@USER Yaa taayyee horii orma fittin kofolchiisin,3,0,0,0,0,0
orm_train_track2_3279,oromoon tun harreedha fe'an hunda baatti,0,3,0,0,0,0
orm_train_track2_3280,@USER Hin diigamiin . Ta'ullee Oromoon namatti mitii bineensattuu garaa hin jabaatu du'i uummata keenyaafillee sagalee ta'uu yaali.,2,0,0,0,0,0
orm_train_track2_3281,Qaaaliii nama namni akkka keee dhamaaa sirbaaa beeekuuu haaa sirbuuu,0,0,0,2,0,0
orm_train_track2_3282,Kan seexanni Itiyoophiyimmaa itti galee keessaa bahuu dide shirri Abiy Ahmed xaxaa oolu yeroo dhiyootti tasa itti mul’achuu hin danda’u . Garuu hundi ishii akka gaabitu shakkiin hin jiru . Yeroo gabaabduu keessatti seexanichi ni manca’a ummanni ni bilisooma,0,2,0,0,0,0
orm_train_track2_3283,@USER Ummata oromo fi sab-lammiin cuunqurfaamaturan waan xiiqoonin soba jete yoo yaadee nyaadhamte akka sii argaa jiruti waara sodaa keetti nafxanyoota afaan isaani nuurati fayuuf oliif gada jecha jirta yoo sii baassee ittii fufiii,0,2,0,0,0,0
orm_train_track2_3284,Irrra dibaaan ka Abiyyyi gubbbaaa irrraaan qofa nuttti kolfaaa nu fixaaaru kana dhugaaa Rabbbiii Abiyyyi kolfaaatuma nu Ajjjeeesaaara ABIYYYI IRRRA DIBAAADHA,0,3,0,0,0,0
orm_train_track2_3285,Waraana Itoophiyaa: 'Lubbuu namaa waraana kanaan darbeef yeroo hundaan gadda' - Obbo Getaachaw Radaa Dubbii Himaan TPLF Obbo Getaachaw Radaa turtii BBC Focus on Africa waliin taasisaniin humnoonni kana dura badii nurratti raawwatan DhiyaadhaaURL,0,0,0,0,0,0
orm_train_track2_3286,Gujii lixaa aanaa Galaanaa ganda calbeessaatti waraanni pp abdii kutachuun ollaa ummataa meeshaa gurguddaan kanneen akka moorteraan haleellaa raawwateen miidhaan namaa fi qabenyaa irra dhaqqabera . Namoota hedduu ijoollee fi dubartoota mana keessatti madeessera . URL,0,0,3,0,0,0
orm_train_track2_3287,RT @USER: Baga guyyaa goototaa Oromotiin isin gahe yaa saba Oromo . Dhuga dubbachuuf baayyee deemne . Ammas baayyeetuu nu hafa . Garuu waregama ilmaan Oromotiin hardha geenne . Galataaf kabajaan isaaniif haa ta’uu . Hardha mataa ol qabannee deemaa jirra . URL,0,0,0,2,0,0
orm_train_track2_3288,Wallaggaan xiyyaaran dhumaa jiran sagalee tahaafii saba koo URL,0,0,3,0,0,0
orm_train_track2_3289,Jajjjaaabbbeee qomooo kooo Jabadhaaa galataaa qabduuu,0,0,0,2,0,0
orm_train_track2_3290,‘ dubartoonni akkaataa qajeelfama keenyaan barataniifi hojjetan eeyyamna hawaasa dubartoonni hirmaannaa dammaqaa qabaatu jedhan dubartootni afgaanistaan yaaddoo guddaa qabu,0,0,0,0,0,0
orm_train_track2_3291,yaaarabbbi nurrra xumri hidhanooon furnaaata,0,0,3,0,0,0
orm_train_track2_3292,allahamdulillah ustaaz asumaan du'aa'ii dhaammadha,0,0,0,0,0,0
orm_train_track2_3293,Galooo kutataaa ilmaaa yartuuu gantuuu fi gadheeen haceeekooo nurrraaa nyaaatttus baguma ati nuuuf hafte leeencakooo kutataaa ilaaa ammmallleee nuuuf jiraaadhu mataaa dhiiiraaa,0,0,0,2,0,0
orm_train_track2_3294,@USER Dukkana gel cabuukkk ! Cabuk dukkana gel !,0,0,0,0,0,0
orm_train_track2_3295,@USER Lubbuun keessan nuuf qaaliidha hundaafu baga beela guyyaa 40 irraa nuuf haftan isin qabaachun keenya nuuf gammachuudha oolman isin ummata keessaniif ooltan galmee seenaa keessatti isiniif tarraa ee jira Galtoomaa . URL,0,0,0,3,0,0
orm_train_track2_3296,Oromummaafi Islaamummaa: Bakka jirtu hundatti Rabbiin sodaadhu . Yoo badii hojjatte toltuu hordofsiisi isii haqxi waan ta'eef . Amala gaariidhaan namootaa wajjin jiraadhu.Rasuul s a w,0,0,0,0,0,0
orm_train_track2_3297,Hardha oromoon qabsoo xumura itti godhuuf deema jira siyaasni habashoota wbon fashala'aa jira mee laala akka oromotti waraana bosonaa qabachuun hangam akka nu kabachiise akka ummatattis qophii jabaa gonee wbo bira dhabachu qabna!!!,0,0,0,2,0,0
orm_train_track2_3298,NaaannnooonAmaaaraaaoromoookibbbaaafibahaaaoromiyaaaqarshiiimeeeqagargaaareummmataaafifahaaatau,0,0,0,0,0,0
orm_train_track2_3299,@USER Badaa saree diqaala nafxanyaa dhiiga ilmaan oromoo dhugde akkanatti hin haftu ilmaa ziinaa murtaddi,0,3,0,0,0,0
orm_train_track2_3300,Ajaaaiba kolfaaan dhumne ijooollleee kana harkattti,0,0,0,3,0,0
orm_train_track2_3301,Barri 2023 biyyoota Lixaaf bara gaarii hin turre,0,0,0,0,0,0
orm_train_track2_3302,Akka tahuu feetu san taatee argamuuf akka amma itti Jirtu kana jijjiirun dirqama taha.Akka amma jirturraa osoon ofin jijjiirin akka tahuu feetu san tahuun hin dandahamu waan taheef dursa of jijjiiri San booda haalli siif jijjiirama.Kanuma!,0,0,0,0,0,0
orm_train_track2_3303,Humni waraana nafxanyaa erga dhaabbii isaa cimsatee booda karaa foddaa TV fi media garaagaraan MEESHAA WARAANAA hidhachuun filannoo amaaraa isa dhumaa akka ta'e karaa dammaqaa mokonnon beeksisa.,0,2,0,0,0,0
orm_train_track2_3304,Gareen shororkeessaa TPLF wayita Qobboofi Cinaa to’atee turetti yakka waraanaa olaanaa raawwachuu gabaasni Aministii Intarnaashinaal mirkaneesse.,0,0,0,0,0,0
orm_train_track2_3305,Mirgi lammiin Itiyoophiyaa kamuu godinaalee Itiyoophiyaa hunda keessa deemuu fi hojjechuuf qabu yoo hin mirkanoofne rakkoo kana daran hammeessa,0,0,0,0,3,0
orm_train_track2_3306,Oromoonis waraana isaa WBO kanaaf kabaja fi kunuinsa malu gochuufi qabaata . Yoo xinnaate diinarraa Da'oo ta'uu gufuu itti ta'uu dhiisuu galaa fi rasaasa isaa itti guutuu fi kennuu bobbaa WBOf haala mijeessuu diinagdee fi humnaan WBO tinnisuudha.,2,0,0,0,0,0
orm_train_track2_3307,Qondaaltonni siyaasaa Naannoo Amaaraa labsii yeroo muddamaan hidhaman nyaata lagachuu maatiin himan,0,0,0,0,0,0
orm_train_track2_3308,WBO dhanii kaabajaa argaaneeWBOni abdii OromoWBO jabessaa URL,0,0,0,3,0,0
orm_train_track2_3309,Duuubiiintun namadantaaan waljaaare lalteeetuuu numaaabeeeyta sanuuuma nafakkkatiii miiiladheeeraaa qabdiii booonaleeeqabdiii dhiiigaaantaphatiii,0,0,0,0,0,0
orm_train_track2_3310,Zeinu mattti naf taiii sanyi kooo kabajan si gafadhaaa,0,0,0,0,0,0
orm_train_track2_3311,@USER Guyyaan gaariin tokko inumaa dhuftiii.! Jajjaabadhaa yaa sabaa koo . Yakka ummata Oromoo irraatti hojeetan kanaaf gatii isanii argaachuf jiru.,2,0,2,0,0,0
orm_train_track2_3312,@USER Adeemsi jiru gaarii ta'ee walitti bu'insi saba Amaaraa hidhatee ummataoromoo harka duwwaa jiru irratti duguuggaan sanyii Godina wallaga bahaa(giddaa Ayyanaa kiiramuu Guttin fi Ho/gu/wallaggaa Agamsa Tulluu ganaa . )keessatti adeemaa jiru hamaadha itti yaadamuu qaba.,0,0,2,0,0,0
orm_train_track2_3313,Hiriyaaa gadheeen  fake friend hojiii hamaaattti na jajjjabeeesssa Hiriyaaa gaaariiin garuuu irrraaa nama deeebisa Meee ija sirrriiidhaaan uuumaaakeee ilaaali,0,0,0,0,0,0
orm_train_track2_3314,Radio garaaan Oromia Biyyyaaaf Immmediately annnounced biyyyeeetttiiis jaaalalaaa fi gargaaarsa Rabbbiiin isaaan haaa tiksuuu lFa    Lafa Beeellliii jiruuu yaaannnis waraaanaaa qabeeenyaaa walansaaa dhugaaa OMN Continues deeemsis   Qabsooo Ogeeeyyyiiin Fayyyaaan   yoooyyyaaa ashamaaa jirrraaa,0,0,0,2,0,0
orm_train_track2_3315,Hirkooo eee Baaayeee gaaariiidha ittti fufaaa,0,0,0,3,0,0
orm_train_track2_3316,Koronaavaayiras: Qorichoonni du'aatii sababii Covid-19n dhufan hir'isu jedhaman lama dabalataan argaman,0,0,0,0,0,0
orm_train_track2_3317,N UNNUU QUMBAA leenchichi diina saba oromoo kan taatee waraana bilxiginnaa akka baalaa harcaasaa jira.IUOF #Oromia #OromoLiberationArmy URL,0,0,0,3,0,0
orm_train_track2_3318,Jabaaadhu Hannna sirbu keee gaaariiidha garuuu kannni keees yaaali sagaleee keee Tokkkofffadha ,0,0,0,2,0,0
orm_train_track2_3319,hhh waaayyyiii dhugaaa kolfaaan nuuu fixan jabadhaaa dhugaaa gaaariiidhaaa,0,0,0,3,0,0
orm_train_track2_3320,Ji'i diimtuu fi guddoo taatee har'aafi bor samiirraa mul'atti,0,0,0,0,0,0
orm_train_track2_3321,Duraa ofi ta ii ofii ijarii achii booda alla kee ijarii kana ta uu banaan jabaa feete yoo tate diina kee ofii irraa ittiisu hin dandeetu irraa caallaa ofii hin sobiin dhugaa irraati irkadhu guyaa tokko ni milkoofita.Diini xiiqo hin qabdu.Diini firuuma hin beekku kabaja hin qqban,2,0,0,0,0,0
orm_train_track2_3322,@USER Kan bochisa kanin thank you Ethiopia yo jetuu shemin sin qabu diqalticha hadhaa malee Abbaa benee kana dhama rabbin sihaa godhuu dhigii biyyaati sanirati bu.aa jiruu kunii sihaa fidatu inshaa Allah,0,3,0,0,0,0
orm_train_track2_3323,Gaaariiidhagaruuu dua irrrattti haaala kanaaan hin qooosamu Sirrreeesssaaa sichiiifHaaallli instructor akaaawwwiii ittti nyaaate namattti tola Qooosaaa isa akkka dhiiirummmaaa kooo fudhateee sirrraaauuu qaba jedheeen yaaada,2,0,0,1,0,0
orm_train_track2_3324,galata nurrraaa qabda qobsooo oromooo irrra darbeee sammmuuu keeenyaf yerooo dhiphannne kan itttiiin nu bohaaarsu kennnaaa ati nuuuf kennniteeef akkka kennnaaattti ilaaala,0,0,0,3,0,0
orm_train_track2_3325,jedhu . Yaadni akkanaa akka ummatni abdii kutatu godha . Qabsoo keessatti kaayyoo qabsooftuuf hanga galmaan geessutti waan dandeessuun sosso’uudha . Yoo haalli ati keessa jirtu qawwee hidhattee akka loltuuf sii mijata tahe inni ammoo kan irra filatamaati . Gaafa qawwee hidhachuuf,0,0,0,0,2,0
orm_train_track2_3326,Qabsoon Oromoo abbaa irree ofitti jijijjiiru taatee hafte.,2,0,2,0,0,0
orm_train_track2_3327,barattoonni oromoo kanneen yuunivarsiitiwwan amaaraa argamanitti baratanii haleellaan hamaan gahe baranas achi deebi barachuu qabu seerri bahe barattoota oromootiin mormamuu fuffee jira,2,0,0,0,0,0
orm_train_track2_3328,maal inni garuu namootni tiwiitarii irratti hedduu beekamo ta'ani hordoftoota 10000 ol qaban maalif yaada isaan katabaniif faallaa yaada isaani keessummeessu manna of irraa nama faccisan?maalif dhugaa baqatu garuu? @USER @USER,2,0,0,0,0,0
orm_train_track2_3329,Guyyaa 16/01/2022Konya wallagga baha Ona waayyuu Tuqaa Ganama walitti daachana jennee adda yaane leenchichi kaambii diinaa itti seenuun diina saba oromoo kan taatee waraana bilxiginnaa akka baalaa harcaasee injifannoon goolabee jira . #OromoLiberationArmy #ola #Oromia URL,0,0,0,2,0,0
orm_train_track2_3330,Jabaaadha Yerooo Dukkkanaaa Kana Keeesssattti Ummmata Kenyaaaf Sagaleee Taaataniii Midhaaa Kenyaaa Adddunyaaati Mulisuuuf Baaayeee Ulfaaadha,0,0,0,1,0,0
orm_train_track2_3331,Peresedaantiin Ameerikaa hogganoota NATO waliin mariitti jiru jedhan URL,0,0,0,0,0,0
orm_train_track2_3332,Jabadhuuu ammmaleee jabaaa kennna hojiiin keee nu boseee siii jalannna,0,0,0,2,0,0
orm_train_track2_3333,Lubbuun gaafa dhalatte duute du'a sodaa haqarraa hin dabin.Haji Aadam Saaddoo! @USER @USER,0,0,0,0,0,0
orm_train_track2_3334,Wly bilh isiiin laaalu hojiii hojaaadhu balese  Yaaa kolfannnuuu fixeee  Jaaabadha hedu nama tola,0,0,0,2,0,0
orm_train_track2_3335,Ebla 15 2021Baga Geessanii Guyyaa Gotoota Oromoo#GGO#ABO #WBO #OLF#Oromia#OromoProtests #Free_jawar_Mohamed#Free_Hamza_boorana#Free_bekele_garba URL,0,0,0,2,0,0
orm_train_track2_3336,Galooo kooo ilma sabaaa hamaaan si hin argin nuuu jiraaadhu qaxaleee kooo Dhugaaaf duuubattti hin jedhin ittti cabsi,0,0,0,3,0,0
orm_train_track2_3337,Akkam jirtu nagumaa?#Finfinnee:Bor waaree booda sa'a 8 ijasheetti sagantaa guddaatu qophaa'ee jira . Barreessaa keenya hangafticha #Dhaba_Wayessatu kitaabota ajaa'ibaa lama wal faana eebbisiisa . Galma Giddu Gala Aadaa Oromoo Finfinneetti . URL,0,0,0,2,0,0
orm_train_track2_3338,Namtitiii Fiqaaaduuu jedhamtu kanaaan yerooo keee eeegadhu jedhiiin Helll pay big price sooon Nama nafxanyaaa aaakkkasiiiti maqaaa oromoootiiin daldalteee haaangooo irrra baaateee oromooo irrrattti murteeesssiti,0,2,0,0,0,0
orm_train_track2_3339,Goootichakooo Etika Teferi  Jooobirticha saba gudddaaa Leeenca sagaleee rasaaasaaa Qeeerrrensan qabne sodaaa Baaataaa waaadaaa goootichaaa  Waaadaaa Ebbbisaaa Adddunyaaa  Ifiii muladhu akkka biiiftuuuttti  Jooobiran qabne fakkkeeenya ,0,0,0,3,0,0
orm_train_track2_3341,Ethiopia Oduu hatatama Naannoo Oromiyaa irraa Ammaa nu gahee August URL via @USER . ODF /WBO kalees hardhas borus GACHENA Oromooti . Worri Nafxanyaa jala fiiddan ABDII MURADHAA!! URL,0,2,0,0,0,0
orm_train_track2_3342,Dhiyeenya kana G/Gujii Aanaa Sabbaa Boruutti namootni 12 sababa beelaatiin lubbuun isaanii darbuu kan yaadachiise KFOn hoongeen taatee uumamaa yoo ta’u gara beelaatti jijjiiramuu fi sadarkaa lubbuu namaa galaafachuu ga’uun balaa nam-tolchee fi hanqina itti gaafatamummaatiin URL,0,0,0,0,0,0
orm_train_track2_3343,Gaa'ila keessan dhufnee taphachuuEeruma gaarii fuudhaa gammachuuBaga walfuutan isin lachuu#Meseret_Daba_Kene gaa'ila milkii siif haa ta'u! Ilmaanbarakaa jireenya gaarii isiniif hawwina . URL,0,0,0,3,0,0
orm_train_track2_3344,MM Moodii balaa baaburaa lubbuu hedduu galaafateef 'adabbii cimaa' dhaadatan,0,0,0,0,0,0
orm_train_track2_3345,fi dippiloomaatota waliin akka mari'atan Ministeera Dhimma Alaa Ameerikaa beeksise . Daawwannaan kun carraaqqii Ameerikaan waraana dhaabsisuu karaa gargaarsa namoomaa bansiisu sarbiinsa mirga namoomaa fi badii qaama hundaan godhame irratti qorannoo ifaa akka taasifamu,0,0,0,0,0,0
orm_train_track2_3346,"Warri Jechoota ""Oromoon abaarsa qaba fi Oromoo ta'uu kootti gadde"" jechuun Uummata Oromoo yakkuun fudhatama hin qabu . Diina Uummati Oromoo fixaa jiru dhiistee uummata Oromoo dhumaa jiru yakkuun diina irra goranii uummata miidhamaa jiru irratti duuluu dha.",3,0,0,0,0,0
orm_train_track2_3347,Wanta hunda caalaa baay'ee kan nagammachiisu biqiltootaa yeroon argudha haal guddina koo waanan yaadadhuuf!!!!!!! URL,0,0,0,3,0,0
orm_train_track2_3348,Galatooomi itttiqaaa kiyyya yerooo 15n laaale walllah laaaleeen quuufuuu dadhabe Galatooomi oromia teeenya wanti nuuuf gahuuu hin jiru jiraaadhu itttiquuu tiyyya waaanuman jedheee si gabateeedhan walllaaale dhugaaa rabbbi ubriiidhaaan nu Kesssa si Haaa bulchu rabbbiiin kiyyya galata rabbbi oromian kan morma isiiin,0,0,0,2,0,0
orm_train_track2_3349,Yaa ummata oromoo dubbii hangafticha keenya artist nuuhoo gobanaatiin wal qabatee dhibamaa fii rakkataa nama ofii osoo lubbuun jiruu gargaarsaan dhaqqabnee lubbuu isaa du'arraa baraaruun osoo jirtuu erga du'e booda booyanii deega qalachuun salphina.dubbiin teenya akkas taatee URL,2,0,0,0,0,0
orm_train_track2_3350,Nama lubbbuuun jiruuu faaarsuuun nama rakkkisa jedheee haceeen,1,0,0,0,0,0
orm_train_track2_3351,Mallattoon Sodaattummaaf Gantummaa Kanaa Olii Hin Jiru . Gaafa sodaatan nama doorsisuuf Motumman nama nyaata hundii Uniform Waraana ufataani ummata sodaachisuuf yalu . Itti fakkaate malee abadan Oromoo cabsuu hin danada'u namichii gadheen kun!#AbiyLied #AbiyMustGo URL,3,2,0,0,0,0
orm_train_track2_3352,@USER Abyif dhamsa dhamaaf humnaa waraana abddatte ilman oromo lafaa irra hin dugugin jennan . Akki kuni isaa hin baasu yeroof itti fakatu malaa . Garuu long term kessatti midhan ummata dhagefachu dhabuu byee gatii isaa kafalchisa.,0,0,0,0,2,0
orm_train_track2_3353,Oromoon amala qoshaashaa akka gandummaa fi fakkeessitummaa hanga dhiistutti diinni adda isii qoodee itti fayyadamuu hin dhiisu!!,2,0,0,0,0,0
orm_train_track2_3354,abbaa manaa bareedan haadha manaatti diina hora,0,0,0,0,0,0
orm_train_track2_3355,obsuuu fi dhoksuuu kooo dabumaaa seeeteee waaaw,0,0,0,0,0,2
orm_train_track2_3356,Gaarii Liniker erga tamsaasa kubba miilaa 'Match of the Day' irraa dhorkame deebi'uuf waliigale,0,0,0,0,0,0
orm_train_track2_3357,Daandiin Geedoo Fincaawaa gidduu WBO n cufame.Guyyaa 17/08/2021 irraa eegalee daandiin magaalaaGeedoo gara Fincaawaa kan geessu WBOtiin kan cufameyoo ta'u guyyaa 18/08/2021 naannoo magaalaa Goobanjedhamutti lolli cimaan waraana pp gadi ergitee fi WBOgidduutti godhamaa olera URL,0,0,0,0,0,0
orm_train_track2_3358,Ummmata kabajamtoootaf jaaalllatamtota Hordoftooota   channnel kana nagaaa akkkam jirtan   adaraaa maaati naaaf taa   video kos naaaf laaala plzzz,0,0,0,0,0,0
orm_train_track2_3359,Kijibni waan babal'atee fi namni hedduun dubbateef Dhugaa hin tahu Dhugaaniis waan dhokatee fi namoonni dubbachuu dhabaniif Soba(Kijiba) hin tahu.,1,0,0,0,0,0
orm_train_track2_3360,amaarri yoomuu diina oromooti jennu qabatamaa dhani,0,3,0,0,0,0
orm_train_track2_3361,Tigraayirraa yoo tasa deebi’an Oromiyaatti deebi’uu beekaa . Oromiyaan weerara dhufu qolachuuf qophii qabidi?,0,0,0,0,3,0
orm_train_track2_3362,Galooo kooo Galatooomi hoji keee Gaaariii kanaaaf,0,0,0,2,0,0
orm_train_track2_3363,@USER Mee soba si jalaa taatee itti salphattaa dhiisi.Dr lammaa mataa isaarrayyuu qulqulleessuuf yaaltuyyuu sa'aa kanatti waan sitti himu miti . Amanamummaan kee.xiqqoo.waan ta'eef.,0,2,0,0,0,0
orm_train_track2_3364,Sudaanitti daa'imman 300  maatii hin qabne waraanaan danqamanii turan baraaraman,0,0,0,0,0,0
orm_train_track2_3365,Imala guyyyooota 1000 shimalllis PMNO jetttatani Oduuun OBNn afuuufamu gaaariii mitianaaan nattti hintollleeeHooogggantooota waldhabsiiisuuuf deeemaaajirtuObbbo Lammmaaa fi Obbbo Shimalisiiin dorgomsiiisaaa jirtu yooo dogogggorabarbaaachisas miti dhiyaaachuuunsaaaObbbo Lammmaaa yooo tae hunda isaaaniiitiiif kan ,3,0,0,0,0,0
orm_train_track2_3366,Dhugaaa irrra maaaltu nadhooowa esssati kufeee namni dhugaaaf bule galgala hin tolu namni sobaaaf duuule eeegaaa haaaceee ,3,0,0,0,0,0
orm_train_track2_3367,Itoophiyaan talaallii Covid-19 kennuu eegalte,0,0,0,0,0,0
orm_train_track2_3368,@USER Enyufin kabaja kenaa mee diqalaa festalan karara kafmtee gudatee tanaa ati URL nama of gotee nati dubataa mee buhatee qonqof jiratuu akka tetii tanatu Mata Oromoo gadii qaba jiraa saree nala abuk yaa zifxii,0,3,0,0,0,0
orm_train_track2_3369,Oduuu wal hin saaaminaaa Dabareee waliii keeennnaaa suuuta mariiihadhaaa,1,0,0,0,0,0
orm_train_track2_3370,Welcome OMN IJAAAF GURAAA UMMMATAAA OROMO Galaaatooomaaa Abiyiii ardiii samiiin isaaa haaa gantuuu Salphateee inuuu rabbbiii isaaa haaa salphisssuuu,0,3,0,0,0,0
orm_train_track2_3371,Kolfa nu ajjjeeesaaa jirtuuum dhugaaa rabbbiii isin jaaalllana nuuuf jiraaadha,0,0,0,2,0,0
orm_train_track2_3372,@USER Waaqayyo HIRREE GUDDAA kan dadhabbiin IRRA HINJIRRE SI HAA gonfachiisu . Miidhamaa koo . MAAL JEDHEE SIFAARSAA ? Dhugaan SIFAANA JIRTI YAA ABBAA haqaa.,0,0,0,2,0,0
orm_train_track2_3373,Gaaariii dha jabaaa dha,0,0,0,2,0,0
orm_train_track2_3374,Maaalooo kolfaaan dhumne,0,0,0,2,0,0
orm_train_track2_3375,oromoo ta'ee wareegama hacaaluu hundeessaatti hin aariin hinjiru,2,0,0,0,0,0
orm_train_track2_3376,Kadir Ushee kan godina Qellem Wallaggaa aanaa Hawwaa Galaanitti waraana mootummaan Amajji 29 2020 ajjeefamee reeffa isaa bineensaan nyaatame . URL,0,0,0,0,0,0
orm_train_track2_3377,Badhaasa Odaa baranaa maaltu adda godha?,0,0,0,0,0,0
orm_train_track2_3378,Galgala hin tolu namni soban duleee dhuga jete,0,0,0,2,0,0
orm_train_track2_3379,"Keeniyaa, Marsabeetiifi Taanaa Riivaritti horsiise-bultoonni ongee dheerateen hedduu miidhamaa jirra jedhan",0,0,0,0,0,0
orm_train_track2_3380,#Oromia ODP'n ce'umsa kana ceesisuu miti muca xinnoo laga hin ceesisu kana bara 2012 oromoon hin barre jira taanan salphina affeerran irbaataa masaraa mummicha ministeeraatti godhame kanuma agarsiisa.,0,2,0,0,0,0
orm_train_track2_3381,Yaa afuuftuu eessa abbaa kee lixxa egaa amma? Kabjanaan obsinaan sodaa seete . URL,0,3,0,0,0,0
orm_train_track2_3382,Konkolataan raashinii waraana maafi'aa PP dabarsuu fi kan yeroo hedduu kaabinoota dabarsaa ture kunniin WBO zoonii kibbaa Cibraa soddom boorootiin galii moonaa qabsoo bilisummaa Oromoo ta'eera.WBOn haa waaruu #booreeboraatiimiti URL,0,0,0,2,0,0
orm_train_track2_3383,akkaata barmaatiilee miidhaa geessisan hanbisuun danda amu irraatti waajjirri dhimma dubartii daa immaan dargaggoo godina harargee lixaa abbooti amantii abbooti gadaa haadhoolii siinqee qaamoolee dhimmi ilaallatu biroo waliin magaalaa cirootti mari,0,0,0,0,0,0
orm_train_track2_3384,Naasir A.diggaa kolfaati diina hidda::matammaa yuhaannis: kookit: shehedi Matammaa: gandawuhaa: naggaadeBahar: tulluu torban hin dagatin cilgaa woradaa abbaawonbaruu nugus qimaanti michuu TPLF aykel katamaa jabduu akka shayxanaa naasirtu irra aanaa jabaadhu tokkicha jimmaa URL,0,0,0,2,0,0
orm_train_track2_3385,Akkkuma duuula Minilik duuullli nafxanyaaa arrras Walllaggga irrraaa calqabeeera Ummmannni Oromooo akkkuma duriii sana taaaeee capha eeegggata mooo waliiif birmata bullleee argina,0,2,0,0,0,0
orm_train_track2_3386,Du'a sodaa Dhugaarraa hin dheessinu!!Lubbuun gaafa rabbiin baase baati!Lubbuu du'a hin oolleef haqa hin jaallisnu!!Dhugaa dubbannee bakka nutti dhiite bulla!!,2,0,0,0,0,0
orm_train_track2_3387,Channel kana subscribe gochuun odeeffannoo barsiisoofi bashannansiisoo hedduu argachuu dndeessu . URL,0,0,0,0,0,0
orm_train_track2_3388,Kan sabaaf falmatuNurraa hintuttuqinaaRakkoo sabaat argaQuuqaa lammii kanaaAkka Oliiqaatti sabaaf dhukkubsataYoo diddee tuttuqte sabaan walitti buutaDhaabi ofeeggadhuDhiyootti buqqaataaUmmata siif sirbetuGaragalee sinyaataa,2,0,0,0,0,0
orm_train_track2_3389,"Arsenaal ammas mo'amee carraa liigii dursuu dhabe, morkattoonnisaa injifatan",0,0,0,0,0,0
orm_train_track2_3390,Ajaa'iba hojii dhala namaa!!!Yeroo dhalannu ni gammadu yeroo doonu ni boohu garuu jireenya fiixee lamman kana jidduu jiru ni irraanfatu,0,0,0,0,0,2
orm_train_track2_3391,Bagaaa nagaaan dhuftaaan   waraniii bilisumaaa oromooo osooo angooo barbaaadeee maaal barbadaaa bosonaaa oromiyaaa keeesssaaa   waraniii bilisumaaa oromooo waraaa digiriiif barnoootaaa qabaniii  jechaaa angooo nuuuf kenaaa jedheee waraniii bilisumaaa oromooo kan jedhuuu sobaaa,0,0,0,2,0,0
orm_train_track2_3392,Masjiidni beekamaa Iraan hojii suphaa irratti miidhaan irra gahe,0,0,2,0,0,0
orm_train_track2_3393,Yaalle hamma dandeenyu kana caala maal goonuuf xinnaas gabbarre guddaa akka wajjin bubbulluufobsuun waanuma jiruobsine hamma obsaaerga sodaa fakkaateka’een ishiitti cabsa yaa ijoollee biyya kootiihundumtuu haadhoo kooti URL,2,0,0,0,0,0
orm_train_track2_3394,hayyyiii ati maaa sobadaaa akanaaa hin jedhiniii,2,0,0,0,0,0
orm_train_track2_3395,Yukireen guyyaa Ayyaana Dhaloota Yasuus Kiristoos akka Raashiyaatti dhiiftee yeroo jalqabaaf Mudde 25 kabajaa jirti,0,0,0,0,0,0
orm_train_track2_3396,Hogganootaa fi qeerroo/qarree Oromoo mana hidhaatti galchitee dukkanaa fi qorra keessatti hiitee midiyaa Oromoo cuftee Oromummaa irratti saalfii tuffii guddaadhaa fi saalfii tokko malee Nafxanyoota waliin duultee Itophiyaa ijaartaa kee ni ilaalla!,2,3,0,0,0,0
orm_train_track2_3397,Warri Ayyaana kana Celebrate Goonu1 . Uummata wallaggaa shiftaan dhume dhumaa jiruuf buqqa'ee bakka malee jiru2 . Uummata Baalee Hongeen Beelaaf isa qaqqabsiise yaadachaa haa Ayyaaneffannu!#Ayyaana_Gaarii!!,0,1,0,2,0,0
orm_train_track2_3398,namni hubatu jiraatef toorri musliimummaan deemaa dhufe bitaadha waaqayyo amantiin musliimaa soba ta'uu milikkkita gochuu,0,2,0,0,0,0
orm_train_track2_3399,Beelaafi Hongee ummata keenya dararaa jiru murni aangorra jiru hiikaa siyaasaa itti kennee daranuu akka ummanni gidirfamu godhaa jira.Nama Gaddisiisa!! Dhugaa keeti @USER,0,0,3,0,0,0
orm_train_track2_3400,Tokkummaan Mootummootaa kunuunsi fayyummaa sammuu uummata miliyoonaan laka’man sababaa COVID - 19'n kanneen soda qofummaa rakkoo dinagdee fi hookkara maatii keessaan dhiphina yaada sammuuf saaxilamaniif akka godhamu waamicha dabarse.URL,0,0,0,0,0,0
orm_train_track2_3401,Diqaaala demi asi buchila Amaraaa gantuuu wayiii demit Amarama San gafadhu omn malti siiif beka hareee wayiii,0,3,0,0,0,0
orm_train_track2_3402,Gala galata kenya woga kuma nuf jiradhu garonsa kenya baka bua aceee kenyaaa dhuke irrra kasi akkkas male galokooo,0,0,0,2,0,0
orm_train_track2_3403,Ayyaana Iid Alfaxir magaalaa Finfinneetti barana kabajame jeeqan jedhamuun namoota shakkaman qabuuf barbaadaa ka jiru tahuu Poolisiin beeksise.URL,0,0,0,0,0,0
orm_train_track2_3404,Fayyaa: Pirootiniin Algee qaro-dhabeessi akka argu gargaare,0,0,0,0,0,0
orm_train_track2_3405,Akka at Harree boojitee galtu yeroma ganama dhudhuufaa manaa baatu sibare jette jaartiin abbaa manaatiin akkuma at waggaa sadan darban afuura kee dhabne dhimma Oromo gateeCaalaa bultumee fi Abdii Fiixee sagalee taliila malee Sammuu xaliila akka hin qabne Oromoon isin bare URL,0,3,0,0,0,0
orm_train_track2_3406,sobduun pheenxee hin ta'in musliimadha ergamaa jinnii ergamaa waaqai jedhee duuka adeemu,0,3,0,0,0,0
orm_train_track2_3407,Ana dhufuuu omn ija fi guraaa umataaa oromooo fi umataaa baladha tobota maltu samiii bue hin sobani jaratiiin umatuma oromooo kana gowomasin maqaaa amntitin Lafaaa isanitira buqisani ittti taphachu barbadana male taboni bue wayiti hin jiruuu umannni oromooo gowomu hin qabu Lafa ufiii qabachu ,2,0,0,1,0,0
orm_train_track2_3408,Qomookoo! Ijji addunyaa gaafa humna cimaa taanee baanu dirqamtee nu ilaalti malee dadhabina keenyatti jaamadha . Kanaafuu humna guutuun kaanee diina keenya nafxanyaa balleessuu qabna . Qaamni sirna nafxanyaa jiraachisu hundi gatii argachui qaba . Addumaan mataan irraa cituu qaba.,0,3,0,0,0,0
orm_train_track2_3409,Anaan na ajjeesu garuu biyyattiin nagaa hin argattu ta'uus lamaan isheen wal irra naqee du'a malee qofaa hin du'uu naan jettee turte!!!Faantuu Damissee!A'aaaa! URL,0,0,3,0,0,0
orm_train_track2_3410,niitiii pp wanta gaarii egdanii,0,3,0,0,0,0
orm_train_track2_3411,'Liivarpuul dhufuukootti baay'ee gammadeera',0,0,0,0,0,0
orm_train_track2_3412,Diqqaaf guddaan qawwee kaasuun jaallannee osoo hin taanee dirqama ta'ee jennaanii.Kan dirqamaan itti seenne ammoo gammachuun geggeessaa kan nu dirqamsiise gubnaa . URL,2,0,0,0,0,0
orm_train_track2_3413,Ani geeegsssitoootaaa waltajjjin jaaaladheee tasa taaatoootaaa hin muuufachiiisan,0,0,0,2,0,0
orm_train_track2_3414,WBO’n aleellaa ganama kanaatiin Magaala Daarimuu to’ate Oduu Waaree ONM-ABO Hagayya 20 2022 Qeerroo Bilisummaa Oromoo URL,0,0,0,0,0,0
orm_train_track2_3415,@USER Yoom bari'eefi beeka ilmi haadha walaatte dukkana keessa jirti duruu!,0,3,0,0,0,0
orm_train_track2_3416,@USER PP'n Hudhamtee qabamuu qabdi #Oromoon #WBO tumsuun qabeenyasaa itti dhangalaasee #MaqaaItoophiyaa jedhamtu #Nafxanyaa waliin qilee buusee jara Humnoota #Federaalaatti amananu waliin biyya #HOAtti waliin ijaarratee sirna gadaatiin yoo fedhe ummatasaa bulfachuu qaba! #MCBNO #WBO,2,0,0,0,0,0
orm_train_track2_3417,maashaa allaah ustaaz hedduun jaalaladha wallaahi waaqain umurii dheeressu,0,0,0,2,0,0
orm_train_track2_3418,qamariii jechuni adesssa adesiii afani arbatttin qamariii jedhamaaa maqani qamariii quranaaa kesssa jiraaa hikkkani isaaa adesssa,0,0,0,0,0,0
orm_train_track2_3419,Oromoon ammayyuu osoo dhugumaan Ethiopia diiguu barbaade lola ji'a tokkootiin Ethiopia diiguu dandaha! kanaafi kan oromoon Ethiopia diiguu caalaa aangoo siyaasatiifi jenna!duulli amma Jawar irratti gaggeeffamaa jirus kanuman wal qabata!sodaadhafi akkanatti maqaa balleessaa jiru!,2,0,0,0,0,0
orm_train_track2_3420,Yommuu jireenyi sitti ulfaattu milkaa'inni dhugaa dukkana rakkoo keessatti akka awwaalame hin dagatin . Milkaa'inna dhugaa haala salphaan akka dhufu hin eegin . Yommuu ati sarara ulfaataa darbitu ifni milkaa'inna sirratti ifu jalqaba.,0,0,0,0,0,0
orm_train_track2_3421,Ashamaaa hirkooo and instiraktaaar,0,0,0,0,0,0
orm_train_track2_3422,Namichi kaasseettii teeppii kalaqe Luu Ootens du'aan boqote,0,0,0,0,0,0
orm_train_track2_3423,allahamdulillah yaa waaqa galata keeti,0,0,0,2,0,0
orm_train_track2_3424,Hima Diddeen du'a hin didduu jedhaa Oromoon Geechoo,2,0,0,0,0,0
orm_train_track2_3425,@USER Namoonni 14 du'anii jiruu Abba gadaa ykn Abbaa Bokkuu dabalaatee,0,0,0,0,0,0
orm_train_track2_3426,Dareee si jaaallladha si kabaja,0,0,0,3,0,0
orm_train_track2_3427,Ilkaaniin Kokkolfaa keessi keenyi Madaa . sagantaa Ajaa'ibaa namni karaa muziqaan madaa keessa Dubbatata . Galatoomaa warri sagantaa kana qopheessitan.URL,0,0,0,0,0,3
orm_train_track2_3428,Wallleee otooo hin taaane kun faaarrruuu alaaabati galata gudddaaa qabda Itttiqaaa,0,0,0,2,0,0
orm_train_track2_3429,#INJIFANNOO WBO ZOONII KIBBAA KONYAA GUJII LIXAA Ebla 15/2022 cibraan Madda Albuudaa Aanaa birbirsa kojowaatti sa aatii 11: 30 irraa diinaa oromoo kan taatee Nama 12 battalatti yommuu ajjeesuu 9 immoo madoo dandammii hin qamneen adabee jira qawwee AKM 5 hiikeera . URL,0,0,0,3,0,0
orm_train_track2_3430,Cibraan Laga Dambii fi Cibraan Odaa Adoolaa waliin ta'uun har'uma Waxabajjii 16 2022 aanaa Gooroo Doolaa keessatti waraana PP kan aanaa irraa kaatee gara ganda Jiddoolaa fi Dhuqqootti galaa geessuuf deemaa turte irratti iddoo addaa Maazooraa Qalqachaa jedhamutti lola yeroo lama,0,0,0,2,0,0
orm_train_track2_3431,Risa midiya   midiya hawaaasa baldhaaa waaan gaaariii irrra jirtaniii jabaaadhaaa,0,0,0,3,0,0
orm_train_track2_3432,rabbbiii ittti gafata,0,0,0,0,0,0
orm_train_track2_3433,Dhugaaa dubbbachuuuf ergaaa yerooo waliiin deeemudha jabadha fakkkeeenya gaaariii dha,0,0,0,3,0,0
orm_train_track2_3434,warreen pheenxee ta'anii yesuus amanan gabbara guyyaa guutuu waamaa ooluutin sodaa yaaddoon jiraatan godhan,0,3,0,0,0,0
orm_train_track2_3435,Ashamaaa Ummmataaa jalaaalaaa video ajjjaibaaa kana dawwwaaachudhan achumaaan maaatiii keeenyaaa taaaa htttpsyoutube7uUWHE5L_O0,0,0,0,0,0,2
orm_train_track2_3436,qabsaa'aan mirga ummata oromoo sochii qabsaa'ota baalee gurra jabaa horate koloneel siraaj haaji isaaq sanbata darbe adol baale raayitutti du'aan addunyarraa boqatuun dhagahame,0,0,2,0,0,0
orm_train_track2_3437,gaaffiin ummata oromoo deebii argachuun sabaa sablammoota biroofis gammachuudha jedhan goobanaa hoolaa,0,0,0,0,0,0
orm_train_track2_3438,Who is Bala gize Sagantaaan keeesssan baaayeee gaaariiidha Miiidiyaaan ijaaa fi gurrra ummmataaati Isinis waaanuma kana ummmataaaf ibsitu Garuuu Nama tokkko ykn qaaama tokkko badiii ykn gaaarummmaaa isaaa irrraaa dubbbachuuun dirqama ogummmaaa keeesssani Namni tokkko Oromooo taeee yooo waaan gadheee dalage go,2,0,0,2,0,0
orm_train_track2_3439,Anaaf Oromiyaan Biyya . Diina ykn Murna hedduutu akka Oromiyaan bittinnooftu barbaada . Oromiyaa diiguu irrattis walii galaniiru . Akkaataa itti diiganirratti mari'achaa jiru . Kana Oromoo taanee teenyee ilaalla taanaan cubbuu dha . - Artist Taaddalaa Gammachuu! URL,0,0,0,0,0,0
orm_train_track2_3440,Saree mana cidhaatti rukutu dhiisaIsheenis akkuma keessaan nyaataaf Dhuftee mirgii isheenis haa eegu URL,0,0,0,0,0,0
orm_train_track2_3441,Taanzaaniyaatti godaantonni Itoophiyaa sagal balaa konkolaataan du'anii torba miidhaan irra gahe,0,0,2,0,0,0
orm_train_track2_3442,namnii kayyoo qabuu daadhabii jirenyaa irraattii abdii hin kutuu hojateet i biikaa yadee gaha malee,0,0,0,0,0,0
