text_id,text,Anger,Disgust,Fear,Joy,Sadness,Surprise
mozambique_3_00001,Ministro sul-africano da Justiça vai enfrentar pedido americano de rever extradição de Manuel Chang,0,0,0,0,0,0
mozambique_3_00002,"Cientistas egípcios revelam o segredo da ""múmia que grita""",0,0,0,0,0,2
mozambique_3_00003,Ano de 2014 foi o mais quente desde 1880,0,0,0,0,0,2
mozambique_3_00004,Brasil exibe novela de Angola pela primeira vez,0,0,0,0,0,2
mozambique_3_00005,Polícia em Sofala anuncia fim de escoltas militares no troço Muxúnguè-Save,0,0,0,0,0,0
mozambique_3_00006,Cazaquistão adotará o alfabeto latino após mais de 70 anos,0,0,0,0,0,2
mozambique_3_00007,Moçambique e Tanzânia terão operações conjuntas contra os insurgentes de Cabo Delgado,0,0,0,2,0,0
mozambique_3_00008,"Cores, ritmos e arte mostram a cara do Brasil",0,0,0,1,0,0
mozambique_3_00009,"Governo deve investigar “urgentemente” os crimes de guerra em Cabo Delgado, Amnistia Internacional",0,0,0,0,0,0
mozambique_3_00010,Coligação cívica prepara acção contra instituições moçambicanas por não ceder informações,0,0,0,0,0,0
mozambique_3_00011,Interpol emite alerta contra dirigentes de futebol e executivos,0,0,0,0,0,0
mozambique_3_00012,"Com o colapso da paz e da subsistência, Ásia Central se prepara para mais casos de trabalho forçado e escravidão sexual",0,3,0,0,0,0
mozambique_3_00013,Defesa pede libertação imediata de filho e antiga secretária do antigo Presidente Guebuza,0,0,0,0,0,0
mozambique_3_00014,Moçambicanos recorrem a escolas privadas por falta de vagas no ensino público,0,0,0,0,0,0
mozambique_3_00015,Guineenses pedem a demissão do Presidente da República,0,0,0,0,0,0
mozambique_3_00016,19 de Agosto: Mundo homenageia milhares de trabalhadores humanitários,0,0,0,2,0,0
mozambique_3_00017,Antigo ministro da Justiça de Moçambique condenado a dois anos de prisão,0,0,0,0,0,0
mozambique_3_00018,Oficina de lâmpada a óleo de 1.700 anos é encontrada em Israel,0,0,0,0,0,2
mozambique_3_00019,Grupo extremista brasileiro jura lealdade ao Estado Islâmico,0,0,0,0,0,0
mozambique_3_00020,Republicano é eleito nos EUA depois de morto,0,0,0,0,0,2
mozambique_3_00021,Moçambique: Manica continua corredor de imigrantes ilegais,0,0,0,0,0,0
mozambique_3_00022,Brasil cria clone de vaca ameaçada de extinção,0,0,0,0,0,2
mozambique_3_00023,"“Quero ajudar a colocar a música de Moçambique no mundo”, Chico Matada",0,0,0,1,0,0
mozambique_3_00024,COVID-19/ Brasil: São Paulo vai desenterrar ossadas para criar espaço em cemitérios,0,0,0,0,0,0
mozambique_3_00025,Embate Mourinho vs Guardiola dá vantagem ao treinador espanhol,0,0,0,0,0,0
mozambique_3_00026,Polícia desaconselha espectáculo na ponta da Restinga,0,0,2,0,0,0
mozambique_3_00027,Há músicas proibidas e vozes desaparecidas em Angola,0,0,0,0,2,0
mozambique_3_00028,"Com a tragédia de Ayotzinapa, estará a história a repetir-se no México?",0,0,0,0,0,0
mozambique_3_00029,O cometa do século fascina ao passar perto da Terra,0,0,0,0,0,2
mozambique_3_00030,"Revivendo o Bokator, antiga arte marcial do Camboja",0,0,0,0,0,0
mozambique_3_00031,As causas do declínio econômico em Madagascar,0,0,0,0,0,0
mozambique_3_00032,Procuradores retiram queixas contra actor Jussie Smollett,0,0,0,0,0,0
mozambique_3_00033,Jornalista e activista angolano Rafael Marques volta ao banco dos réus por investigar corrupção,2,0,0,0,0,0
mozambique_3_00034,Proprietários de creches e jardins de infância declaram falência na Huíla,0,0,0,0,2,0
mozambique_3_00035,Moçambicanos retaliam sul-africanos,2,0,0,0,0,0
mozambique_3_00036,Fundo do mar Negro esconde cidade submersa de 6.000 anos,0,0,0,0,0,2
mozambique_3_00037,Mineiros moçambicanos não confiam nos passaportes biométricos,0,0,0,0,0,0
mozambique_3_00038,Seis policias detidos por extorsão em Manica,0,0,0,0,0,0
mozambique_3_00039,"MDM suspeita de ""perseguição política"" ataque contra seu membro na Zambézia",0,0,0,0,0,0
mozambique_3_00040,Juiz do Tribunal Supremo de Moçambique pede protecção mais sofisticada para magistrados e familiares,0,0,2,0,0,0
mozambique_3_00041,Líderes do G7 anunciam nesta sexta-feira doação de mais de mil milhões de doses de vacinas,0,0,0,3,0,0
mozambique_3_00042,Liberdade de expressão sob risco após Venezuela tirar CNN em espanhol do ar,0,0,0,0,0,0
mozambique_3_00043,E se um ataque de drones atingisse Watertown?,0,0,0,0,0,0
mozambique_3_00044,Governo moçambicano afrouxa medidas para facilitar circulação e serviços,0,0,0,0,0,0
mozambique_3_00045,Netizen Report: Temor de ‘Fake News’ faz legisladores de França e Brasil querer limitar liberdade de expressão antes das eleições,0,0,0,0,0,0
mozambique_3_00046,"Morreu José Mário Branco, referência da canção portuguesa e da luta anti-fascista",0,0,0,0,3,0
mozambique_3_00047,"Inconformado, Manuel de Araújo deixa liderança do Município de Quelimane",0,0,0,0,2,0
mozambique_3_00048,Fundo Global denuncia corrupção na gestão de financiamentos a Angola,0,0,0,0,0,0
mozambique_3_00049,Governo moçambicano cria agência anti-doping,0,0,0,1,0,0
mozambique_3_00050,Um terceiro paciente com HIV parece ter sido curado de AIDS,0,0,0,0,0,2
mozambique_3_00051,A minha verdade: a dor de ser silenciado em Cuba,0,0,0,0,0,0
mozambique_3_00052,Encontradas tumbas de crianças da elite do Império Inca de 500 anos no Peru,0,0,0,0,0,2
mozambique_3_00053,Ladrão rouba cartola de mágico com coelho dentro,0,0,0,0,0,2
mozambique_3_00054,Dilma e Lula ausentes na abertura dos Jogos Olímpicos,0,0,0,0,0,0
mozambique_3_00055,Barack Obama e Raul Castro anunciam mudanças nas relações entre os dois países,0,0,0,0,0,0
mozambique_3_00056,Moçambique: Vida de Samora Machel em banda desenhada,0,0,0,2,0,0
mozambique_3_00057,Nova lei na Uganda prevê pena de prisão para homossexuais,0,0,0,0,0,0
mozambique_3_00058,Governo moçambicano aumenta preço do pão só em 2017,0,0,0,0,0,0
mozambique_3_00059,Covid19: Aumenta pressão para Presidente moçambicano decretar estado de emergência,0,0,0,0,0,0
mozambique_3_00060,Palmas elege primeiro estrangeiro a governar uma capital brasileira,0,0,0,0,0,2
mozambique_3_00061,"Do sofrimento para as estrelas: para estas crianças latino-americanas, o lixo não ficará no caminho da música",0,0,0,0,0,0
mozambique_3_00062,A reação mais desesperada ao bloqueio da COVID-19 na China: “Somos a última geração.”,0,0,0,0,0,0
mozambique_3_00063,Dirigente condenado por corrupção em Moçambique volta a ocupar antigo cargo após sair da prisão,0,0,0,0,0,0
mozambique_3_00064,Músicas de protesto poderosas no Quênia e África do Sul,0,0,0,0,0,0
mozambique_3_00065,"Líbia: Número de mortos aumenta para 6.000, EUA estuda intervenção",0,0,0,0,3,0
mozambique_3_00066,Governador de Cabo Delgado cria grupos de vigilância para enfrentar ataques,0,0,0,0,0,0
mozambique_3_00067,O regresso de Luís Bernardo Honwana,0,0,0,0,0,0
mozambique_3_00068,Despenha-se no Pacífico a sonda russa que falhou missão a Marte,0,0,0,0,0,2
mozambique_3_00069,Mega-Sena e Lotofácil podem pagar prêmios milionários neste sábado,0,0,0,0,0,2
mozambique_3_00070,Resultados dos exames a bebida que matou 73 pessoas em Tete anunciados esta sexta-feira,0,0,0,0,3,0
mozambique_3_00071,MDM reunido com secretário-geral na mira,0,0,0,0,0,0
mozambique_3_00072,Morador dos EUA comprou 20 bilhetes de loteria e ganhou 20 vezes,0,0,0,0,0,2
mozambique_3_00073,Actor Will Smith renuncia à Academia de Hollywood,0,0,0,0,2,0
mozambique_3_00074,Cabo da Polícia Militar é o primeiro condenado pelos “Crimes de Maio”,0,0,0,1,0,0
mozambique_3_00075,Moçambique colaborou com a África do Sul para a prisão de cidadãos com dinheiro vivo,0,0,0,0,0,0
mozambique_3_00076,"Moçambique: Depreciação do metical é excessiva, diz FMI",0,0,0,0,0,0
mozambique_3_00077,COVID-19: Nyusi ameaça tomar medidas mais duras contra o coronavirus,0,0,2,0,0,0
mozambique_3_00078,Mundial 2014: Governo aposta na hospitalidade brasileira para compensar falhas,0,0,0,0,0,0
mozambique_3_00079,ANP anuncia descoberta de campo que pode ser o terceiro maior do mundo,0,0,0,0,0,2
mozambique_3_00080,A vida em uma colônia para leprosos em Myanmar,0,0,0,0,0,0
mozambique_3_00081,Kim Kardashian é roubada com 10 milhões de euros,0,0,0,0,0,2
mozambique_3_00082,Nyusi confirmado vencedor das eleições presidenciais,0,0,0,0,0,0
mozambique_3_00083,De #BlackLivesMatter até #VidasNegrasImportam: um apelo contra o legado colonial da violência policial,0,0,0,0,0,0
mozambique_3_00084,"Trending: Lakers conquistam 17º título, LeBron é MVP 2020",0,0,0,3,0,0
mozambique_3_00085,Croácia: A “Feral Tribune” fecha as portas,0,0,0,0,0,0
mozambique_3_00086,Juiz determina paragem nos jogos da Copa em que a temperatura atingir os 32 graus,0,0,0,0,0,0
mozambique_3_00087,Mega-Sena acumulada sorteia hoje prêmio de R$ 100 milhões,0,0,0,0,0,2
mozambique_3_00088,EUA cancelam viagem de Blinken à China após misterioso balão sobre Montana,0,0,0,0,0,2
mozambique_3_00089,Tribunal moçambicano condena autor material do assassinato de procurador,0,0,0,0,0,0
mozambique_3_00090,Comércio informal sustenta jovens de Nampula,0,0,0,0,0,0
mozambique_3_00091,Mexicanos exigem regresso em segurança dos estudantes desaparecidos,0,0,0,0,0,0
mozambique_3_00092,Novo estudo da OMS revela que uma em três mulheres sofre violência física ou sexual,0,0,0,0,0,0
mozambique_3_00093,"Timor-Leste quer fazer exploração ""onshore"" no país com parceiros da CPLP",0,0,0,0,0,0
mozambique_3_00094,Jornal desaparece das bancas depois de denunciar um caso de corrupção em Moçambique,0,2,0,0,0,0
mozambique_3_00095,"Economia Mundial: Mulheres a Braços com a Pobreza, o Trabalho e as Dívidas",0,0,0,0,2,0
mozambique_3_00096,Presidente de Moçambique volta a apelar à união,0,0,0,1,0,0
mozambique_3_00097,Maputo acolhe Conferência Mundial pela Paz,0,0,0,2,0,0
mozambique_3_00098,Medo e controle em Angola: A Central 7311,0,0,3,0,0,0
mozambique_3_00099,Nampula sem luz há 18 dias,0,0,0,0,0,0
mozambique_3_00100,Festival de Mariscos atrai atenções em Vilanculos,0,0,0,1,0,0
mozambique_3_00101,Moçambique: Buracos na estrada criam novas oportunidades para pobres,0,0,0,0,0,0
mozambique_3_00102,Ataque de homens armados provoca morte de um bebé em Gorongosa,0,0,0,0,0,0
mozambique_3_00103,Médica que admitiu caso positivo do novo coronavírus detida em Benguela,0,0,0,0,0,0
mozambique_3_00104,Olimpíadas de Tóquio 2020 entram para a história por ter mais atletas que se declaram LGBTQIA,0,0,0,0,0,2
mozambique_3_00105,As mudanças climáticas continuaram a mostrar a sua face horrenda em 2015,0,0,0,0,0,0
mozambique_3_00106,Mídia: Kim Jong-un será substituído por sua irmã,0,0,0,0,0,2
mozambique_3_00107,Nampula: Familiares dos amotinados criticam serviços prisionais,0,0,0,0,0,0
mozambique_3_00108,Comércio entre França e Moçambique pode atingir 600 milhões de euros,0,0,0,2,0,0
mozambique_3_00109,Media e estereótipos raciais na perspectiva de afrodescendentes nascidas em Lisboa,0,0,0,0,0,0
mozambique_3_00110,Mali vive pior crise desde independência,0,0,0,0,2,0
mozambique_3_00111,Líbano: Blogosfera movimentada após ataque israelense à flotilha de Gaza,0,0,0,0,0,0
mozambique_3_00112,"Nyusi receou que ""os camaradas"" o impedissem de se encontrar com Dhlakama",0,0,0,0,0,0
mozambique_3_00113,Geólogos chineses descobrem substância orgânica em meteorito de Marte,0,0,0,0,0,2
mozambique_3_00114,Moçambique: Fotos de Bicicletas Táxi em Quelimane,0,0,0,0,0,0
mozambique_3_00115,Fundação Wikimedia acusa NSA por seu programa de vigilância em massa,0,0,0,0,0,2
mozambique_3_00116,Moçambique: Polícias suspeitos de corrupção na Ponta de Ouro,0,0,0,0,0,0
mozambique_3_00117,"Em vídeo do YouTube, mães expõem terrível situação em hospital infantil da Venezuela",0,0,0,0,2,0
mozambique_3_00118,Estado de emergência entra em vigor no domingo em Cabo Verde,0,0,2,0,0,0
mozambique_3_00119,Corrupção ameaça instituições moçambicanas de justiça,0,0,2,0,0,0
mozambique_3_00120,OMS tenta desvendar mistério de bactéria em São Tomé e Príncipe,0,0,0,0,0,0
mozambique_3_00121,NASA anuncia o descobrimento do planeta habitável,0,0,0,0,0,2
mozambique_3_00122,Moçambique alerta contra clonagem de cartões ATM,0,0,2,0,0,0
mozambique_3_00123,"Trending: Jeff Bezos, o mais rico do mundo, fez 13 biliões de dólares em um dia!",0,0,0,0,0,0
mozambique_3_00124,Mantém-se o clima de tensão política em São Tomé e Príncipe a dois dias da segunda volta das presidenciais,0,0,0,0,0,0
mozambique_3_00125,Meghan Markle revela ter tido aborto espontâneo,0,0,0,0,2,0
mozambique_3_00126,Assentamento mais antigo do mundo pode estar sendo descoberto na Turquia,0,0,0,0,0,2
mozambique_3_00127,Das ruas de Maputo para os vídeos de Beyoncé,0,0,0,2,0,0
mozambique_3_00128,Violência doméstica preocupa diversos sectores em Moçambique,0,0,0,0,0,0
mozambique_3_00129,"No Rio de Janeiro, favela ao lado do estádio do Maracanã sofre com remoções para as Olimpíadas de 2016",0,0,0,0,0,0
mozambique_3_00130,Covid19: Sistemas sanitários precários colocam países africanos em alerta,0,0,0,0,2,0
mozambique_3_00131,Presidente sul-africano apela à calma e ao fim da violência xenófoba,0,0,0,0,0,0
mozambique_3_00132,Moçambique: continua a saga de assassinatos por esclarecer,0,0,0,0,0,0
mozambique_3_00133,Sociedade civil moçambicana manifesta-se “Pelo direito à esperança”,0,0,0,0,0,0
mozambique_3_00134,Canadá: O “desaparecimento” de mulheres indígenas,0,0,0,0,3,0
mozambique_3_00135,Índia: Blogueiro é silenciado por emissora de TV,0,0,0,0,0,0
mozambique_3_00136,Rainha Elizabeth torna Bill Gates cavaleiro,0,0,0,0,0,2
mozambique_3_00137,Moçambicanos necessitam de passaporte biométrico para entrar na África do Sul,0,0,0,0,0,0
mozambique_3_00138,Angola desce no índice da Freedom House,0,0,0,0,0,2
mozambique_3_00139,Neymar ansioso por ver um atleta no Rio,0,0,0,0,0,0
mozambique_3_00140,"Gastos da Feira Internacional de Maputo podem não ser sustentáveis, dizem analistas",0,0,0,0,0,0
mozambique_3_00141,Perdido na tradução: Por que o Google Tradutor costuma errar com o iorubá e outros idiomas,0,0,0,0,0,0
mozambique_3_00142,Vulcão Calbuco entra em erupção no Chile depois de 43 anos,0,0,0,0,0,2
mozambique_3_00143,"BM congratula-se com responsabilização financeira dos gestores envolvidos do caso das ""dívidas ocultas""",0,0,0,0,0,0
mozambique_3_00144,"Efeito do desmatamento crescente no Brasil, incêndios na Amazônia se tornam crise mundial",0,0,0,0,0,0
mozambique_3_00145,"Reino Unido investiga bancos que concederam ""empréstimos secretos"" a Moçambique",0,0,2,0,0,0
mozambique_3_00146,"No Peru, jovens indígenas cantam rap contra a violência sexual",0,0,0,0,0,0
mozambique_3_00147,Por que tantos ativistas ambientais estão sendo assassinados?,0,0,0,0,0,0
mozambique_3_00148,Trump ataca livro de seu ex-assessor Bolton,0,0,0,0,0,2
mozambique_3_00149,Bebidas energéticas atacam esmaltes dos dentes,0,0,0,0,0,2
mozambique_3_00150,Recusada liberdade provisória a Manuel Chang,0,0,0,0,0,0
mozambique_3_00151,Final de campeonato Sul-Americano de futebol termina com violência,0,0,0,0,0,0
mozambique_3_00152,Neve em Lisboa depois de 50 anos,0,0,0,0,0,2
mozambique_3_00153,Polícia italiana investiga grandes clubes de futebol por suspeita de evasão fiscal,0,0,0,0,0,0
mozambique_3_00154,Moçambique julga o maior escândalo financeiro da sua história,0,0,0,0,0,0
mozambique_3_00155,"Da simpatia à ""exploração"" da comida",0,0,0,0,0,0
mozambique_3_00156,Mais de 29 mil pessoas passam fome em Manica,0,0,0,0,2,0
mozambique_3_00157,Venâncio Mondlane fora das “Autárquicas” em Moçambique,0,0,0,0,2,0
mozambique_3_00158,Moçambique: Dádiva de 688 milhões para orçamento de 2012,0,0,0,0,0,0
mozambique_3_00159,Moçambique: Rapper Azagaia aguarda julgamento em liberdade,0,0,0,0,2,0
mozambique_3_00160,Nadadora Ana Marcela Cunha conquista ouro para o Brasil em Tóquio,0,0,0,0,0,2
mozambique_3_00161,Messi em tribunal por fraude fiscal em Barcelona,0,0,0,0,0,0
mozambique_3_00162,Situação caótica na fronteira entre Moçambique e a África do Sul,0,0,0,0,0,0
mozambique_3_00163,Governo e Renamo preparam negociações sem mediadores,0,0,0,2,0,0
mozambique_3_00164,Wikinotícias em português ultrapassa Wikinotícias em espanhol,0,0,0,0,0,2
mozambique_3_00165,Morre o presidente Hugo Chávez,0,0,0,0,0,2
mozambique_3_00166,Por quê o governo do Senegal gosta de protestos anti-homossexuais,0,0,0,0,0,0
mozambique_3_00167,A mentalidade suicida na iminência da guerra no nordeste da Ásia,0,0,3,0,0,0
mozambique_3_00168,"Riqueza faunística moçambicana está a saque, dizem analistas",0,0,0,0,0,0
mozambique_3_00169,Queda provoca fratura no pulso do Papa Bento XVI,0,0,0,0,0,2
mozambique_3_00170,Libéria: Projeto de Lei “Mate os Gays” se Espalha,0,2,0,0,0,0
mozambique_3_00171,Entenda o projeto que pode virar lei e cria “caça às bruxas” aos professores de todo Brasil,0,0,0,0,0,0
mozambique_3_00172,Autoridades de Moçambique acusam jornalistas que investigam caça ilegal,0,0,0,0,0,0
mozambique_3_00173,"Tribunal britânico retoma caso ""dívidas ocultas""",0,0,0,2,0,0
mozambique_3_00174,Mentalidade Afro Moda quer corrigir injustiças nos eventos em Angola,0,0,0,0,0,0
mozambique_3_00175,"Futebol: Rodri, o melhor do mundo",0,0,0,0,0,2
mozambique_3_00176,Chan Hol 3: o esqueleto desfigurado de 10 mil anos,0,0,0,0,0,2
mozambique_3_00177,Alice Mabota é candidata presidencial em Moçambique,0,0,0,0,0,0
mozambique_3_00178,"Governo de Cabo Verde suspende voos da Europa, EUA, Brasil, Nigéria e Senegal",0,0,0,0,0,0
mozambique_3_00179,Presidente do Supremo Tribunal Federal critica vaias a Dilma Roussef,0,0,0,0,0,0
mozambique_3_00180,"Na Jamaica, paciente zero da varíola dos macacos foge da quarentena estadual",0,0,0,0,0,0
mozambique_3_00181,Moçambique/Brasil: Críticas à “Diplomacia do Etanol”,0,0,0,0,0,0
mozambique_3_00182,Moçambique: Ataque a comboio fere maquinista em Sofala,0,0,0,0,0,0
mozambique_3_00183,Projetos independentes de ecologia solidária florescem em Porto Rico,0,0,0,2,0,0
mozambique_3_00184,"""Não há desculpas para não se vacinar"", diz Biden ante expansão da Covid-19 no país",0,0,0,0,0,0
mozambique_3_00185,Quênia: O Iminente Conflito de Classes,0,0,0,0,0,0
mozambique_3_00186,Guiné-Bissau: Caldeirão de sentimentos após assassinato duplo,0,0,0,0,2,0
mozambique_3_00187,"Enquanto alguns brasileiros tentaram ensinar aos alemães sobre o nazismo, outros se desculparam envergonhados",0,0,0,0,0,0
mozambique_3_00188,"No Paraguai, pobreza cria um ciclo de mulheres que cuidam dos filhos de outras mulheres",0,0,0,0,1,0
mozambique_3_00189,Para breve fim do monopólio da LAM,0,0,0,0,0,0
mozambique_3_00190,FUNAI anuncia descoberta de nova tribo no Acre,0,0,0,0,0,2
mozambique_3_00191,Notário suspende reconhecimento de assinaturas dos apoiantes de Dhlakama,0,0,0,0,0,0
mozambique_3_00192,"Meio ambiente: 14 elefantes assassinados em Amboseli, Quênia",0,0,0,0,0,0
mozambique_3_00193,Acordo de 20 bilhões de dólares entre China e Guiné gera preocupações,0,0,2,0,0,0
mozambique_3_00194,África: Pintando retratos culturais com rádio e vídeo remixados,0,0,0,0,0,0
mozambique_3_00195,"Ondas e ventos de sacolas plásticas atingem a Península de Paraguaná, Venezuela",0,0,0,0,2,0
mozambique_3_00196,"Em centro de isolamento para repatriados em Angola, falta triagem, espaço, e até papel higiênico",0,0,0,0,0,0
mozambique_3_00197,Tribunal italiano decidirá se Jesus Cristo existiu,0,0,0,0,0,2
mozambique_3_00198,México: Um discurso presidencial tardio e insatisfatório,0,0,0,0,0,0
mozambique_3_00199,China: Apelos Para Livrar Ativista Cego São Recebidos Com Violência,0,3,0,0,0,0
mozambique_3_00200,"No Brasil, 30 milhões de pessoas vivem em ‘quase desertos’ de notícias",0,0,0,0,0,0
mozambique_3_00201,Moçambique: Avicultores de Boane em dificuldades após vendaval,0,0,0,0,1,0
mozambique_3_00202,Rinoceronte congelado pelo permafrost há 50 mil anos é descoberto na Rússia,0,0,0,0,0,2
mozambique_3_00203,Governo quer excluir dívida da Proindicus da responsabilidade do Estado,0,0,0,0,0,0
mozambique_3_00204,“Pornô de revanche” leva a morte trágica de duas garotas no Brasil,0,0,0,0,2,0
mozambique_3_00205,Inep vai corrigir prova de candidato que esquecer frase do caderno do Enem,0,0,0,0,0,2
mozambique_3_00206,Projeto de fotomontagem incentiva mexicanos a recordar a impunidade dos crimes no país,0,0,0,0,0,0
mozambique_3_00207,Projeto de Lei Estadunidense pode Ameaçar a Internet Mundial,0,0,2,0,0,0
mozambique_3_00208,Moçambique: Delegação de Erdogan poderá pressionar medidas contra escolas turcas,2,0,0,0,0,0
mozambique_3_00209,Governo vai introduzir combustível menos poluente em Moçambique,0,0,0,2,0,0
mozambique_3_00210,Migrantes venezuelanos enfrentam preconceito e burocracia no Norte do Brasil,0,0,0,0,3,0
mozambique_3_00211,"Autoridades moçambicanas detêm suspeito envenenador de Phombe, em Chitima",0,0,0,1,0,0
mozambique_3_00212,Moçambique: Seis mil somalis e etíopes abandonam campo de refugiados,0,0,0,0,0,0
mozambique_3_00213,NBA anunciou a nova NBA África,0,0,0,2,0,0
mozambique_3_00214,Juiz sul-africano legaliza prisão de Manuel Chang,0,0,0,2,0,0
mozambique_3_00215,Julgamento em Moçambique desencadeia vaga de solidariedade,0,0,0,0,0,0
mozambique_3_00216,Estados Unidos atacam base de milícia apoiada pelo Irão na fronteira entre a Síria e o Iraque,0,0,0,0,0,0
mozambique_3_00217,"Moçambique: Profissionais médicos encerram greve, sem sucesso",0,0,0,0,0,0
mozambique_3_00218,Lojas de moçambicanos atacadas na África do Sul,0,0,0,0,0,0
mozambique_3_00219,"Moçambique pode vir a ter ""autocarros-escolas""",0,0,0,2,0,0
mozambique_3_00220,Moçambicana Isabel Novela concorre a melhor artista africana nos SAMA,0,0,0,2,0,0
mozambique_3_00221,Uruguai afasta Itália do Mundial e Suárez volta a morder,0,0,0,0,0,0
mozambique_3_00222,"Em Moçambique, Presidente acusa imprensa de ‘agir em vantagem dos terroristas’ em Cabo Delgado",0,0,0,0,0,0
mozambique_3_00223,COVID-19: Suspeita de fraude sobre 30 biliões de dólares do pacote de ajuda da África do Sul,0,0,0,0,0,0
mozambique_3_00224,‘Luanda Leaks': mulher mais rica de África acusada de corrupção e enriquecimento ilícito,0,0,0,0,0,0
mozambique_3_00225,Brasil: Cinco projetos de lei que ameaçam a Amazônia podem voltar à pauta no legislativo em 2015,0,0,0,0,0,0
mozambique_3_00226,"Decisão judicial muda termo, mas continua favorecendo a intolerância às religiões afro-brasileiras",0,0,0,0,0,0
mozambique_3_00227,"Medicamentos doados vão para negócios privados, denúncia líder sindical angolano",0,2,0,0,0,0
mozambique_3_00228,Moçambique: Líder da Renamo escapa ileso a um ataque à comitiva em que seguia,0,0,0,0,0,0
mozambique_3_00229,Guiné Bissau: Ditadura do Consenso e a Tentação de Aly pela Denúncia,0,0,0,0,0,0
mozambique_3_00230,Guiné-Bissau: Blogger Preso e Espancado Depois de Golpe de Estado,0,0,0,0,0,0
mozambique_3_00231,COVID-19: FMI aprova 309 milhões de dólares para Moçambique combater a pandemia,0,0,0,3,0,0
mozambique_3_00232,Moçambique teria tentado expulsar jornalista estrangeiro após revogar sua acreditação,2,0,0,0,0,0
mozambique_3_00233,"Netizen Report: Em meio a ataques no WhatsApp, ativistas processam empresa israelense criadora de software espião",2,0,0,0,0,0
mozambique_3_00234,"Acusado de Molestar Crianças, Diplomata Iraniano Deixa o Brasil",0,2,0,0,0,0
mozambique_3_00235,Manchester City conquista Liga Inglesa,0,0,0,2,0,0
mozambique_3_00236,Costa do Marfim:3 Jornalistas Presos por Publicarem Documentos Secretos,0,0,0,0,0,0
mozambique_3_00237,"COVID-19: ""Alô Vida"", linha telefónica em Moçambique tira dúvidas sobre doença",0,0,0,0,0,0
mozambique_3_00238,Comissão Nacional de Eleições confirma vitória de Paulo Vanhale em Nampula,0,0,0,0,0,0
mozambique_3_00239,Bunker alemão da Segunda Guerra é encontrado por acaso na Bélgica,0,0,0,0,0,2
mozambique_3_00240,As mulheres guatemaltecas cantam sem medo contra o feminicídio,0,0,0,0,0,0
mozambique_3_00241,Cabo Verde: Contar Histórias e Fomentar a Escrita Criativa,0,0,0,0,0,0
mozambique_3_00242,Mulher de 102 anos posa nua para calendário de time de futebol,0,0,0,0,0,2
mozambique_3_00243,"Vozes começam a defender a legalização da ""suruma"" em Moçambique",0,0,0,0,3,0
mozambique_3_00244,Governo de Moçambique quer criminalizar mensagens telefónicas e publicações “insultuosas” na Internet,0,0,0,0,0,0
mozambique_3_00245,"Envenenamento ilegal da vida selvagem prejudica biodiversidade nos Bálcãs, mas apenas 1% dos casos chegam ao tribunal",0,0,0,0,0,0
mozambique_3_00246,Conselho de Direitos Humanos da ONU vai debater violações relacionadas com a Covid-19,0,0,0,0,0,0
mozambique_3_00247,Moçambique: Competência de nova Governadora posta em causa por machismo,0,0,0,0,0,0
mozambique_3_00248,Netizen Report: Investigadores revelam spyware em telefones de 60 países,0,0,0,0,0,0
mozambique_3_00249,Moçambique: Doadores exigem relatorio sobre gastos na saúde,0,0,0,0,0,0
mozambique_3_00250,Madagáscar: blogueiros malgaxes na França criticam política de imigração de Sarkozys,1,0,0,0,0,0
mozambique_3_00251,México: Imagens da Marcha contra a Violência,0,0,0,0,0,0
mozambique_3_00252,"Dançar com a Copa... tem samba, forró, axé e sertanejo",0,0,0,1,0,0
mozambique_3_00253,"Moçambique, pior lusófono no Índice de Desenvolvimento Humano",0,0,0,0,2,0
mozambique_3_00254,Moçambique pode ter a dívida pública mais alta da África Subsariana,0,0,0,0,0,0
mozambique_3_00255,Quatro mortos em novos ataques no norte de Moçambique,0,0,0,0,2,0
mozambique_3_00256,Amar não é matar: Uma campanha contra o femicídio na Colômbia,0,0,0,0,0,0
mozambique_3_00257,Neymar castigado mas sem prémio,0,0,0,0,1,0
mozambique_3_00258,Madagáscar: e se 75% das cidades fossem privadas de electricidade de propósito?,0,0,0,0,0,0
mozambique_3_00259,Quarta-feira Vermelha: onda de protestos no Benim,0,0,0,0,0,0
mozambique_3_00260,Centenas de chilenos contra programa de TV que retrata a ditadura Pinochet,0,2,0,0,0,0
mozambique_3_00261,Moçambique é o PALOP com mais mortes de COVID-19 mas Angola tem maior percentagem de mortalidade,0,0,0,0,3,0
mozambique_3_00262,Presidente do Município de Quelimane acusa Polícia de furar pneus da sua viatura,0,2,0,0,0,0
mozambique_3_00263,Laos: Festival da Corrida de Barcos,0,0,0,0,0,0
mozambique_3_00264,Desnutrição crónica em crianças continua alta em Moçambique,0,0,0,0,2,0
mozambique_3_00265,Jovem poeta moçambicano trabalha para lançar seu primeiro livro,0,0,0,1,0,0
mozambique_3_00266,Governo e Renamo acusam-se mutuamente do fracasso do diálogo nacional,0,0,0,0,0,0
mozambique_3_00267,"Segundo o jornalista Ivan Georgiev, o combate às informações falsas na Bulgária praticamente não existe",0,0,0,0,0,0
mozambique_3_00268,Asteroide do tamanho de um arranha-céu passará perto da Terra,0,0,0,0,0,2
mozambique_3_00269,Geneticistas produzem camundongos assassinos ativados por laser,0,0,0,0,0,2
mozambique_3_00270,Fraca cultura jurídica e pobreza determinam fraco respeito pelos direitos humanos em Moçambique,0,0,0,0,1,0
mozambique_3_00271,Zurique: Congelados milhões de francos suíços relacionados à Fifa,0,0,0,0,2,0
mozambique_3_00272,"COVID-19: Rússia ""lança"" Sputnik V - Putin garante sucesso da vacina",0,0,0,2,0,0
mozambique_3_00273,COVID-19: Igrejas em Angola têm que cumprir medidas ou serão encerradas,0,0,0,0,0,0
mozambique_3_00274,"COVID-19: Com 30 infetados, Governo angolano evacua plataformas de petróleo no Soyo",0,0,0,0,0,0
mozambique_3_00275,Togo: Protestos por Direitos Humanos Reprimidos com Violência,0,2,0,0,0,0
mozambique_3_00276,"Irã: As vítimas do Gonu, a crise na Palestina, e a suspensão de um apedrejamento",0,0,0,0,0,0
mozambique_3_00277,Manuel de Araújo perde mandato em Quelimane,0,0,0,0,0,0
mozambique_3_00278,Moradores de favela de São Paulo protestam depois das mortes de nove jovens pela polícia,0,0,0,0,0,0
mozambique_3_00279,Moçambique: Oito pessoas acusadas pelo assassinato de observador eleitoral,0,0,0,0,0,0
mozambique_3_00280,COVID-19: EUA já vacinaram 100 milhões; Europa enfrenta novo encerramento,0,0,0,0,0,0
mozambique_3_00281,Óscares – os vencedores da grande noite de Hollywood,0,0,0,0,0,0
mozambique_3_00282,Madagascar: A muito pública prisão de um líder da oposição em um mercado público,0,0,0,0,0,0
mozambique_3_00283,Jogador de futebol Jakub Jankto revela que é gay,0,0,0,0,0,2
mozambique_3_00284,Cristiano Ronaldo ganha troféu jogador do século,0,0,0,0,0,0
mozambique_3_00285,Em direção a um futuro ciberfeminista: novo estudo põe mulheres africanas como protagonistas on-line,0,0,0,0,0,0
mozambique_3_00286,Incidente com avião da LAM deveu-se a anomalia numa peça,0,0,0,0,2,0
mozambique_3_00287,Nepal: Não aos Refugiados Políticos do Sri Lanka,0,0,0,0,0,0
mozambique_3_00288,China é o primeiro país do mundo a colher amostras do lado oculto da Lua,0,0,0,0,0,2
mozambique_3_00289,Violência contra mulheres aumentou com medidas de combate à Covid-19 em Moçambique,0,0,0,0,0,0
mozambique_3_00290,Cerca de 200 adeptos ganeses pedem asilo no Brasil,0,0,2,0,0,0
mozambique_3_00291,“Morri na Maré”: documentário mostra o cotidiano da favela em meio a violência policial,0,0,0,0,0,0
mozambique_3_00292,China: Muito tempo online? Você tem uma psicose.,0,0,0,0,0,0
mozambique_3_00293,"No Paraguai, as meninas mais pobres enfrentam trabalhos forçados para ter acesso à educação",0,0,0,0,0,0
mozambique_3_00294,EU se tornam primeiro país a registrar mais de 100 mil novos casos num único dia,0,0,0,0,0,2
mozambique_3_00295,"Enquanto os números da COVID-19 aumentam, Japão lança campanha de subsídios para viagens",0,0,0,0,0,0
mozambique_3_00296,Director de jornal turco que revelou envio de armamentos para islamitas é preso,0,0,0,1,0,0
mozambique_3_00297,Xingamentos à Dilma Rousseff na abertura do Mundial revelam um país dividido,2,0,0,0,0,0
mozambique_3_00298,Ministro do Interior confirma ataques à Anadarko mas não cita morto revelado pela empresa,0,0,0,0,0,0
mozambique_3_00299,"Sem dó, nem canudo - estudantes angolanos na Ucrânia em risco de deportação",0,0,2,0,0,0
mozambique_3_00300,"Meena, uma personagem de desenho animado que muda a atitude com relação às meninas no sul da Ásia",0,0,0,2,0,0
mozambique_3_00301,União Europeia concede apoio de 734 milhões de euros a Moçambique,0,0,0,2,0,0
mozambique_3_00302,Poupança interna muito limitada em Mocambique,0,0,0,0,2,0
mozambique_3_00303,Governo angolano quer criar fundo de apoio aos artistas,0,0,0,2,0,0
mozambique_3_00304,ONU apela a 254 milh?es para ajuda humanitária a Moçambique,0,0,0,2,0,0
mozambique_3_00305,MDM diz que contestar eleições moçambicanas é perda de tempo,0,0,0,0,0,0
mozambique_3_00306,Vicente Ramaya morto dentro da sua viatura hoje em Maputo,0,0,0,0,3,0
mozambique_3_00307,Reino Unido pode abandonar tanques por armas cibernéticas,0,0,0,0,0,2
mozambique_3_00308,Espanha: Doze detidos em conexão com o tráfico de três toneladas de cocaína,0,0,0,0,0,0
mozambique_3_00309,"Estimativa de 13 assassinatos diários de jovens de 2006 a 2012 causa surpresa, diz subsecretária",0,0,0,0,0,2
mozambique_3_00310,Nasa descobre décimo planeta do sistema solar,0,0,0,0,0,2
mozambique_3_00311,Amazônia passou a emitir mais carbono do que absorver,0,0,0,0,0,2
mozambique_3_00312,Acadêmica e ativista social é indiciada criminalmente por “mau uso da Internet”,0,0,0,0,0,0
mozambique_3_00313,Violência contra mulheres em Moçambique continua a ser preocupante,0,2,0,0,0,0
mozambique_3_00314,"Navalny, líder da oposição russa, clama por resistência contínua após sentença de nove anos",1,0,0,0,0,0
mozambique_3_00315,Eslovênia anuncia a abolição da COVID-19,0,0,0,0,0,2
mozambique_3_00316,Mais de 3 toneladas de marfim de Moçambique apreendidas no Cambodja,0,0,0,0,0,0
mozambique_3_00317,Cuba está tentando banir a mídia independente? Um novo decreto proibirá a hospedagem estrangeira na web,0,0,0,0,0,0
mozambique_3_00318,"Timbuktu: “Justiça aos monumentos, mas não às mulheres violentadas”",0,0,0,0,0,0
mozambique_3_00319,Moçambique promete vacinar mais de 16 milhões de pessoas contra a Covid-19,0,0,0,3,0,0
mozambique_3_00320,Benguela: dirigente municipal da UNITA espancado,0,0,0,0,0,2
mozambique_3_00321,Artista angolano Hildebrando de Melo em luta pela biodiversidade,0,0,0,2,0,0
mozambique_3_00322,Zeca Pagodinho condenado por fraude em contratação de shows,0,0,0,0,2,0
mozambique_3_00323,O time jamaicano de futebol Reggae Girlz ‘ataca com força’ para fazer história,0,0,0,1,0,0
mozambique_3_00324,Esquerda vence eleição presidencial em El Salvador,0,0,0,0,0,2
mozambique_3_00325,Pai rapta e tenta vender filho albino em Moçambique,0,3,0,0,0,0
mozambique_3_00326,Balconista expulsa ladrão com gargalhadas,0,0,0,0,0,2
mozambique_3_00327,Moçambique: Maputo em Alerta com Revolta,0,0,0,0,0,0
mozambique_3_00328,Kuwait: Mostrando as compras nas Olimpíadas,0,0,0,0,0,0
mozambique_3_00329,Mundial 2014: Brasileiros criticam falta de preparação do país,2,0,0,0,0,0
mozambique_3_00330,COVID-19: Oposição moçambicana diz que as medidas do Estado de Emergência aumentaram a pobreza,0,0,0,0,0,0
mozambique_3_00331,Ameaça às orquídeas em risco de extinção no Nepal,0,0,3,0,0,0
mozambique_3_00332,COVID-19: Mais de cinco mil reclusos moçambicanos em liberdade para evitar a propagação,0,0,0,0,0,0
mozambique_3_00333,Cabo Verde: José Joaquim Cabral ganha Prémio Literário Arnaldo França,0,0,0,2,0,0
mozambique_3_00334,Governo do México usa guerra contra o narcotráfico como pretexto para espionar jornalistas,0,2,0,0,0,0
mozambique_3_00335,Descoberta vala comum em Moçambique,0,0,0,0,0,0
mozambique_3_00336,Constitucionalista assassinado em plena avenida da Capital de Moçambique,0,3,0,0,0,0
mozambique_3_00337,Ministro moçambicano do Interior admite dificuldades na luta contra insurgentes em Cabo Delgado,0,0,0,0,3,0
mozambique_3_00338,Selecção brasileira é favorita nas casas de apostas,0,0,0,0,0,0
mozambique_3_00339,Caos: o transporte público de Lima,0,0,0,0,0,0
mozambique_3_00340,Madagáscar: Uma resolução para a crise política que assola o país há um mês?,0,0,0,0,0,0
mozambique_3_00341,O impacto das medidas para conter a COVID-19 nos direitos humanos e nas liberdades civis na região MENA,0,0,0,0,0,0
mozambique_3_00342,Novos documentos secretos são encontrados na casa de Biden,0,0,0,0,0,2
mozambique_3_00343,Marrocos: A morte do Carniceiro Basri,0,0,0,0,2,0
mozambique_3_00344,Madagáscar: Mais de 25 mortos em marcha ao Palácio Presidencial,0,0,0,0,0,0
mozambique_3_00345,"Em ano de eleições no Brasil, mulheres na política denunciam ameaças recorrentes",0,0,0,0,0,0
mozambique_3_00346,Página oficial da Prefeitura de São Paulo bloqueia usuários que criticam o prefeito,2,0,0,0,0,0
mozambique_3_00347,Madagascar: Irrompe a Violência Entre o Exército e Unidades Dissidentes de Polícia,0,0,0,0,0,0
mozambique_3_00348,Polícia invade casa de Afonso Dhlakama na Beira,2,0,0,0,0,0
mozambique_3_00349,Namíbia: por que os direitos das mulheres e os direitos digitais andam de mãos dadas no Twitter,0,0,0,0,0,0
mozambique_3_00350,Indianos e paquistaneses esperam que seus países sejam amigos,0,0,0,1,0,0
mozambique_3_00351,"O adeus às lendas Chadwick Boseman, Kobe Bryant e Jorge Neto",0,0,0,0,2,0
mozambique_3_00352,"Para russos que vivem fora da Rússia e denunciam invasão da Ucrânia, nova bandeira simboliza oposição a Putin",0,0,0,0,0,0
mozambique_3_00353,Metade de todas as mortes de crianças está ligada à desnutrição,0,0,0,0,0,2
mozambique_3_00354,China: Vários Sítios de Blogs em Língua Tibetana São Fechados,0,0,0,0,2,0
mozambique_3_00355,A ativista saudita Loujain al-Hathloul é liberada da prisão e volta ao Twitter,0,0,0,2,0,0
mozambique_3_00356,Acusações a Morgan Freeman surgem depois de investigação da CNN,0,0,0,0,0,0
mozambique_3_00357,"Kuatro Ases lançará em março álbum ""Marcas do Tempo""",0,0,0,1,0,0
mozambique_3_00358,Moçambicanos organizam protesto contra as regalias dos ex-governantes,2,0,0,0,0,0
mozambique_3_00359,Descoberta inédita de múmia de barro revela método desconhecido de sepultamento no Egito,0,0,0,0,0,2
mozambique_3_00360,Instituto norte-americano apoia Parque da Gorongosa com dois milhões de euros,0,0,0,3,0,0
mozambique_3_00361,Antigo médico da selecção americana de ginástica condenado a 175 anos de prisão,0,0,0,0,2,0
mozambique_3_00362,"Netizen Report: Impostos sobre a internet tomam conta da África subsaariana, silenciando os cidadãos",0,0,0,0,0,0
mozambique_3_00363,México vence Camarões e iguala Brasil na liderança do Grupo A,0,0,0,2,0,0
mozambique_3_00364,Aumento de mortes e infecções de Covid 19 causa alarme na Huíla,0,0,3,0,0,0
mozambique_3_00365,Presidente do Haiti é morto a tiros dentro de casa,0,0,0,0,0,2
mozambique_3_00366,Preço do Petróleo bate novo recorde,0,0,0,0,0,2
mozambique_3_00367,Ministério Público angolano quer o jornalista Rafael Marques na prisão,2,0,0,0,0,0
mozambique_3_00368,Nani é jogador do ano do Manchester United,0,0,0,2,0,0
mozambique_3_00369,Índice de seroprevalência em Moçambique aumentou cerca de dois por cento,0,0,0,0,2,0
mozambique_3_00370,Jovem de 14 anos sobreviveu à queda de avião no Índico,0,0,0,0,0,2
mozambique_3_00371,"""Mundial na Baía"" vai levar milhares à rua",0,0,0,0,0,0
mozambique_3_00372,Guiné Bissau: Comércio Injusto Promove Pobreza,0,0,0,0,2,0
mozambique_3_00373,"Governo com notórias dificuldades em controlar a violência armada em Cabo Delgado, diz OMR",0,0,0,0,0,0
mozambique_3_00374,"Moçambique ""embrulhado"" no pesado fardo da dívida pública",0,0,0,0,3,0
mozambique_3_00375,Governo moçambicano desdramatiza alarme frente a coronavírus e diz estar atento,0,0,2,0,0,0
mozambique_3_00376,Moçambique: Polícia prende rede de raptores,0,0,0,3,0,0
mozambique_3_00377,Moçambique: Desmobilizados voltam às manifestações,2,0,0,0,0,0
mozambique_3_00378,Nova espécie de centopeia é descoberta na Romênia,0,0,0,0,0,2
mozambique_3_00379,Bin Laden está vivo segundo chefe da CIA,0,0,0,0,0,2
mozambique_3_00380,Cientistas descobrem segredo de 'primo' alemão de Stonehenge,0,0,0,0,0,2
mozambique_3_00381,Ativista preso diz: “Estou sendo alvo de uma grande e suja perseguição política”,0,2,0,0,0,0
mozambique_3_00382,Moçambique: Pemba com dificuldades em obter receitas fiscais,0,0,0,0,0,0
mozambique_3_00383,"CAN 2021: Por culpa da Covid-19, Comores sem guarda-redes para enfrentar Camarões",0,0,0,0,0,0
mozambique_3_00384,Filho de Bolsonaro rebate primeira-dama e defende que sua mãe use sobrenome,0,0,0,0,0,2
mozambique_3_00385,Guiné-Bissau: Dia Internacional da Criança Africana,0,0,0,2,0,0
mozambique_3_00386,"Malanje: Governo não paga contas, hospital fica sem fornecedores",0,0,0,0,0,0
mozambique_3_00387,"Mesmo com lei, cidades em São Paulo descumprem direito do cidadão de acesso à informação",0,0,0,0,0,0
mozambique_3_00388,Novo trabalho de Banksy foi vendido em leilão em 10 minutos,0,0,0,0,0,2
mozambique_3_00389,Queniano Kipchoge bate recorde mundial da maratona em Berlim,0,0,0,3,0,0
mozambique_3_00390,Raro tesouro viking de mil anos é encontrado em ilha remota,0,0,0,0,0,2
mozambique_3_00391,"Para opositores, candidato a diretor-geral da OMS Tedros Adhanom representa o regime repressivo da Etiópia",0,0,0,0,0,0
mozambique_3_00392,"Sul-africanos são os mais xenófobos em África, revela sondagem",0,2,0,0,0,0
mozambique_3_00393,Escritor angolano lamenta desinteresse da juventude pelos livros,0,0,0,0,0,0
mozambique_3_00394,Globo noticia a morte do mesmo homem em duas versões diferentes,0,0,0,0,0,2
mozambique_3_00395,Profissionais de Angola e Moçambique com vistos facilitados,0,0,0,3,0,0
mozambique_3_00396,Angolanos querem transformar contentores em obras de arte,0,0,0,1,0,0
mozambique_3_00397,"Carne brasileira é a melhor do mundo, diz Temer",0,0,0,0,0,2
mozambique_3_00398,Medo e incerteza: a vida dos georgianos em Gali,0,0,3,0,0,0
mozambique_3_00399,Rebelião deixa três mortos e quatro feridos numa prisão de Nampula,0,0,0,0,3,0
mozambique_3_00400,Meios de comunicação atacados em Tete,0,0,0,0,0,0
mozambique_3_00401,"Saúde de Luaty Beirão, ativista angolano em greve de fome, muito debilitada depois de três semanas sem comer",0,0,0,0,2,0
mozambique_3_00402,N´tumbuluku limpa praia da Catembe,0,0,0,2,0,0
mozambique_3_00403,"Moçambicanos protestam contra medida dos ""três mil randes"" para entrar na África do Sul",0,0,0,0,0,0
mozambique_3_00404,Burger King de costela também não tem costela; entenda,0,0,0,0,0,2
mozambique_3_00405,Porta-voz do líder da Renamo é detido e acusado de incitar a violência,2,0,0,0,0,0
mozambique_3_00406,Mistério continua a envolver envenenamentos em Moçambique,0,0,3,0,0,0
mozambique_3_00407,Nigéria: Centenas de mortes em tumultos pós-eleitoral,0,0,0,0,2,0
mozambique_3_00408,Dois mortos em tiroteio na Universidade da Califórnia,0,0,0,0,3,0
mozambique_3_00409,Quênia proíbe moeda social e detém seus idealizadores,0,0,0,0,0,0
mozambique_3_00410,"Novo recorde: Cartucho de Super Mario 64 vende por 1,56 milhão de dólares",0,0,0,0,0,2
mozambique_3_00411,Pessoas viviam na América do Norte há 26.500 anos,0,0,0,0,0,2
mozambique_3_00412,Hospital diz que rapper e activista guineense não morreu por falta de oxigénio,0,0,0,0,0,0
mozambique_3_00413,Massukos: Música que mata a fome espiritual,0,0,0,0,0,0
mozambique_3_00414,Vídeo anti-Lula faz sucesso depois de proibido,0,0,0,0,0,2
mozambique_3_00415,"Pesquisadores de ciências humanas se tornaram ‘inimigos da nação’ no Brasil, diz antropóloga",0,0,0,0,0,0
mozambique_3_00416,Governo tcheco recorre à poesia para convencer população a se vacinar contra a COVID-19,0,0,0,0,0,0
mozambique_3_00417,Xiaomi ultrapassa Apple no mercado mundial de smartphones,0,0,0,0,0,2
mozambique_3_00418,Promotor do trágico festival de música volta aos palcos em Benguela,0,0,0,0,0,0
mozambique_3_00419,Quinze milhões de moçambicanos vivem em pobreza extrema,0,0,0,0,3,0
mozambique_3_00420,Contagem paralela do Observatório Eleitoral dá vitória a Nyusi e Frelimo,0,0,0,2,0,0
mozambique_3_00421,Moçambique: Mina de carvão bloqueada em protesto,0,0,0,0,0,0
mozambique_3_00422,Trilhões de cigarras descem sobre partes dos EUA,0,0,0,0,0,2
mozambique_3_00423,Russos e americanos usam a Internet para salvar cães vadios de Sochi,0,0,0,0,0,0
mozambique_3_00424,Moçambique: Rapper Azagaia operado a tumor no cérebro,0,0,0,0,0,0
mozambique_3_00425,Morte de presidente do Malawi pode alterar relações com Moçambique,0,0,0,0,2,0
mozambique_3_00426,Supervisão bancária em causa em Moçambique,0,0,0,0,0,0
mozambique_3_00427,Brasileira condenada a 17 anos de prisão por tráfico de droga em Moçambique,0,2,0,0,0,0
mozambique_3_00428,Gato russo prevê resultado do jogo inaugural,0,0,0,0,0,0
mozambique_3_00429,Caso Chang de novo nas mãos de Ronald Lamola,0,0,0,0,0,0
mozambique_3_00430,COVID-19: Polícia retém 28 crianças por violação do estado de emergência em Manica,0,0,0,0,0,0
mozambique_3_00431,União Africana promete ajudar Moçambique a combater insurgentes de Cabo Delgado,0,0,0,2,0,0
mozambique_3_00432,Messi é Bola de Ouro pela sétima vez,0,0,0,3,0,0
mozambique_3_00433,Bolsonaro garante que a Amazónia está protegida e diz a Biden que sente a soberania do Brasil ameaçada,0,0,0,0,0,0
mozambique_3_00434,Civilização Maia ocupava um espaço muito maior do que pensávamos,0,0,0,0,0,2
mozambique_3_00435,Activistas e governo divergem quanto à situação da SIDA em Angola,0,0,0,0,2,0
mozambique_3_00436,"Trending: PSG vai à semi-final da ""Champions"" após 25 anos de ausência",0,0,0,1,0,0
mozambique_3_00437,Polícia moçambicana revela aumento de tráfico de marfim,0,0,0,0,0,0
mozambique_3_00438,Malásia: Campanha de boicote a produtos americanos,0,0,0,0,0,0
mozambique_3_00439,"Madagáscar: Após tempestade tropical, vem o furacão político",0,0,2,0,0,0
mozambique_3_00440,Governo angolano decreta quarentena a todos que regressarem da China,0,0,0,0,0,0
mozambique_3_00441,Pugilista transgénero faz história vencendo primeiro combate profissional,0,0,0,0,0,2
mozambique_3_00442,"Girão diz que impeachment de Alexandre de Moraes, do STF, tem 3 milhões de assinaturas de apoio",0,0,0,0,0,2
mozambique_3_00443,Não atribuição do prémio Mo Ibrahim “é uma mancha” para a governação em África,0,0,0,0,0,0
mozambique_3_00444,"Egito anuncia descoberta de 14 sarcófagos de 2,5 mil anos",0,0,0,0,0,2
mozambique_3_00445,Guiné-Bissau: frustração dos cidadãos e desobediência em meio à desordem,0,0,0,0,0,0
mozambique_3_00446,Governo e panificadores procuram acordo sobre o preço do pão,0,0,0,1,0,0
mozambique_3_00447,Por que Cuba decidiu retirar 8000 médicos do Brasil,0,0,0,0,0,0
mozambique_3_00448,"As ""músicas do ADN"" de Paulo Flores já estão na Apple Music",0,0,0,1,0,0
mozambique_3_00449,Prova de vida para acabar com pensionistas fantasmas,0,0,0,1,0,0
mozambique_3_00450,Moçambique: Xai-Xai sob ameaça de inundações,0,0,3,0,0,0
mozambique_3_00451,Rússia: setembro de 2020 foi o mais quente dos últimos 130 anos,0,0,0,0,0,2
mozambique_3_00452,Moçambique regista ligeira queda no Índice Ibrahim,0,0,0,0,0,0
mozambique_3_00453,Amnistia Internacional pede investigação à morte de Mahamudo Amurane,0,0,0,2,0,0
mozambique_3_00454,Espie como os Estados Unidos: “Falso Twitter” viola os direitos de privacidade dos cubanos,0,0,0,0,0,0
mozambique_3_00455,Top Ten Música na América: Beyoncé é a favorita nos Grammy,0,0,0,1,0,0
mozambique_3_00456,Jovem moçambicano fica cego após ter olhos arrancados por traficantes de órgãos,0,0,0,0,3,0
mozambique_3_00457,Menina de 3 anos está à beira da morte na Rússia porque mãe não acredita que a AIDS existe,0,0,0,0,0,0
mozambique_3_00458,Messi condenado a 21 meses de prisão com pena suspensa,0,0,0,0,0,0
mozambique_3_00459,Moçambique é o Estado africano com situação mais crítica em termos de excesso de dívida pública,0,0,0,0,2,0
mozambique_3_00460,Moçambique: Médicos suspendem greve,0,0,0,3,0,0
mozambique_3_00461,China bloqueia o acesso do Google em partes do país,0,0,0,0,0,2
mozambique_3_00462,FIFA admite ter errado no golo do Fred contra os Camarões,0,0,0,0,0,0
mozambique_3_00463,Etiópia: Serão os Contratos de “Apropriação de Terra” um Caminho para a Segurança Alimentar?,0,0,0,0,0,0
mozambique_3_00464,Como a Covid-19 está intensificando as falhas da moderação de conteúdo,0,0,0,0,0,0
mozambique_3_00465,Momentos importantes na ascensão e queda de Muamar Kadhafi,0,0,0,0,0,0
mozambique_3_00466,Moçambique: Reações a uma Tragédia Urbana do Dia-a-Dia,0,0,0,0,0,0
mozambique_3_00467,Guiné-Bissau: Militares Atacam Cidadãos em Manifestação,3,0,0,0,0,0
mozambique_3_00468,Pica-pau raro descoberto nos EUA,0,0,0,0,0,2
mozambique_3_00469,Obama pressiona Congresso para fechar prisão de Guantánamo,0,0,0,0,0,0
mozambique_3_00470,Moçambique vacina 700 mil crianças contra a pólio,0,0,0,3,0,0
mozambique_3_00471,"Prémio da ONU para Aldo Marchesini, médico e padre ""moçambicano""",0,0,0,2,0,0
mozambique_3_00472,Apresentadora de televisão moçambicana criticada nas redes sociais após comentários alegadamente “racistas”,2,0,0,0,0,0
mozambique_3_00473,"No México, cadastro de usuários de telefonia móvel gera preocupações",0,0,0,0,0,0
mozambique_3_00474,Corrupção incentiva a caça furtiva em Moçambique,0,0,0,0,0,0
mozambique_3_00475,Pedem medidas para combater violência no Brasil,0,2,0,0,0,0
mozambique_3_00476,Cientistas revelam existência de bactérias e DNA humano em pinturas de Leonardo da Vinci,0,0,0,0,0,2
mozambique_3_00477,"Queda do preço do petróleo ""obriga"" Governo angolano a rever o Orçamento de Estado",0,0,0,0,0,0
mozambique_3_00478,Conheça cinco brasileiras que amam o que fazem e fazem o que amam,0,0,0,2,0,0
mozambique_3_00479,Optimismo e ceptcismo no lançamento do Metrobus em Maputo,0,0,0,2,0,0
mozambique_3_00480,Nasce no Barcelona uma nova estrela de raízes na Guiné-Bissau,0,0,0,1,0,0
mozambique_3_00481,Revisão constitucional: Renamo e MDM em desacordo,0,0,0,0,0,0
mozambique_3_00482,Cabo Delgado: Aldeias atacadas por insurgentes com deficiente recenseamento eleitoral,2,0,0,0,0,0
mozambique_3_00483,Água potável continua a ser miragem em Nampula,0,0,0,0,2,0
mozambique_3_00484,A violência contra mulheres cresceu no México. Qual é a percepção dos mexicanos?,0,0,0,0,0,0
mozambique_3_00485,"COVID-19: Implementar o Estado de Emergência será um desafio, dizem analistas",0,0,2,0,0,0
mozambique_3_00486,Jornalista italiano alega conspiração entre o MFA e a Frelimo,0,0,0,0,0,0
mozambique_3_00487,"Geórgia, Rússia: Governos são incapazes de socorrer cidadãos",0,0,0,0,0,0
mozambique_3_00488,Kuwait: Lucrando com o Colapso dos Mercados dos EUA,0,0,0,0,0,0
mozambique_3_00489,"Moçambique perde anualmente 500 milhões de dólares por causa da corrupção, diz o CIP",0,0,0,0,0,0
mozambique_3_00490,Polícias de Manica acusados de pedofilia e violações sexuais,0,2,0,0,0,0
mozambique_3_00491,Porquê que as mulheres não podem conduzir? Clérigo saudita revela descoberta científica inédita,0,0,0,0,0,0
mozambique_3_00492,Segurança durante o Mundial de Futebol é preocupante,0,0,3,0,0,0
mozambique_3_00493,Maputo: Lançada primeira pedra para hospital focado em pacientes com HIV,0,0,0,3,0,0
mozambique_3_00494,"Trending: Morreu Malik B, dos The Roots",0,0,0,0,2,0
mozambique_3_00495,Protestos indígenas e pregação online: panorama dos países de língua portuguesa em 2012,0,0,0,0,0,0
mozambique_3_00496,Jogos Olímpicos podem ser adiados para o final do ano,0,0,0,0,1,0
mozambique_3_00497,Analistas dizem haver falta de transparência no orçamento moçambicano,0,0,0,0,0,0
mozambique_3_00498,O mundo árabe tripudia a derrota do Brasil na copa do mundo,0,0,0,0,0,0
mozambique_3_00499,Presidente de sindicato vaiado em Benguela por defender posição do Governo,0,0,0,0,0,0
mozambique_3_00500,Lula se compara a Jesus Cristo e diz que vencerá a eleição,0,0,0,0,0,2
mozambique_3_00501,Lady Gaga oferece meio milhão de dólares de resgate pelos seus cães,0,0,0,0,0,0
mozambique_3_00502,Chókwè continua vulnerável a inundações,0,0,0,0,2,0
mozambique_3_00503,"Coração mecânico ""vive"" no peito de pacientes",0,0,0,0,0,0
mozambique_3_00504,"Xangai prossegue com confinamento em toda a cidade apesar do clamor público, escassez de alimentos e caos",0,0,3,0,0,0
mozambique_3_00505,Taciana Lima perde na sua primeira participação no Rio-2016,0,0,0,0,2,0
mozambique_3_00506,KarmaTube: promovendo mudanças pelo compartilhamento de vídeos,0,0,0,0,0,0
mozambique_3_00507,Cientistas descobrem genes que protegem crianças africanas da malária,0,0,0,2,0,0
mozambique_3_00508,Joe Biden diz estar pronto para restaurar a América,0,0,0,2,0,0
mozambique_3_00509,Feminista espanhola expulsa de Moçambique por participar numa manifestação,0,0,0,0,0,0
mozambique_3_00510,Messi é o futebolista mais bem pago de 2020 e entra para o clube de bilionários,0,0,0,0,0,0
mozambique_3_00511,Plano “vazado” gera temor de apropriação de terras em Moçambique,0,0,2,0,0,0
mozambique_3_00512,Empresárias moçambicanas queixam-se de falta de acesso ao crédito,0,0,0,0,2,0
mozambique_3_00513,Futebol: Nasce uma super estrela com sabor da Guiné Bissau,0,0,0,2,0,0
mozambique_3_00514,Moçambicanos não terão mais acesso à saúde negado por conta de sua vestimenta,0,0,0,0,2,0
mozambique_3_00515,Turquia: Banimento do partido DTP inicia protestos em massa no Curdistão Turco,2,0,0,0,0,0
mozambique_3_00516,O ativista de oposição franco-russo Koblyakov foi preso na Bulgária,0,0,0,0,0,0
mozambique_3_00517,Moçambique: Ciclone Irina atinge a costa sul no sábado,0,0,0,0,0,0
mozambique_3_00518,Admiráveis palavras do futebolista italiano Giorgio Chiellini após ser mordido,0,0,0,0,0,0
mozambique_3_00519,Moçambique: procurador-geral contra excesso de zelo da Polícia,0,0,0,0,0,0
mozambique_3_00520,CPI da Covid acredita já ter elementos para indiciar Bolsonaro,0,0,0,0,0,2
mozambique_3_00521,PIB de Moçambique cresce menos do que no ano passado,0,0,0,0,2,0
mozambique_3_00522,Assassinato de jornalista reacende debate sobre liberdade de expressão em Moçambique,0,0,0,0,0,0
mozambique_3_00523,Avaria de equipamento prejudica o registo eleitoral em Nampula,0,0,0,0,2,0
mozambique_3_00524,Angola: Marcha Pacífica no Cazenga Reprimida Pela Polícia,0,0,0,0,0,0
mozambique_3_00525,Mudanças climáticas no Pacífico: “A hora é agora” para evitarmos uma catástrofe,0,0,0,0,0,0
mozambique_3_00526,Chefe de inteligência da Ucrânia diz que Putin tem câncer,0,0,0,0,0,2
mozambique_3_00527,"Pesquisadores descobrem poço de 1,5 mil anos destinado a deus grego em ilha na Bulgária",0,0,0,0,0,2
mozambique_3_00528,Washington Redskins abandona nome devido a conotações racistas,0,0,0,0,0,2
mozambique_3_00529,Lima vai sediar Jogos Pan-americanos de 2019,0,0,0,2,0,0
mozambique_3_00530,Mauritânia: Forças de Segurança Atacam Manifestação Pacífica da Oposição,0,2,0,0,0,0
mozambique_3_00531,"Moçambicanos refugiam-se no Malawi para escapar da violência das forças governamentais, diz a Freedom House",0,0,0,0,0,0
mozambique_3_00532,França: Le Pen ultrapassa rival Fillon devido escândalo,0,0,0,0,0,2
mozambique_3_00533,Ninguém acerta as seis dezenas da Mega-Sena e prêmio acumula em R$ 30 milhões,0,0,0,0,0,2
mozambique_3_00534,"Equipa de andebol angolana começa com ""mão direita"" no Rio-2016",0,0,0,2,0,0
mozambique_3_00535,"""Roubo à mão desarmada"" nos complexos olímpicos",0,0,0,0,0,0
mozambique_3_00536,Caso Emídio Macie: Tribunal Supremo de Pretória absolve acusado,0,0,0,0,0,0
mozambique_3_00537,Madagáscar: De participantes de fóruns a blogueiros,0,0,0,0,0,0
mozambique_3_00538,Candidatura de Lula à reeleição é oficializada,0,0,0,0,0,2
mozambique_3_00539,Centenas de pessoas em quarentena em Moçambique por precaução ao coronavírus,0,0,2,0,0,0
mozambique_3_00540,Madagáscar: Blogueiros reagem ao sangrento Sábado Vermelho,0,0,0,0,0,0
mozambique_3_00541,Polícia acusada de receber suborno para não fazer respeitar cerca sanitária a Luanda,0,2,0,0,0,0
mozambique_3_00542,Jogos Olímpicos de Inverno: Seis atletas africanos competem em Pequim,0,0,0,0,0,0
mozambique_3_00543,Rio de Janeiro luta contra a poluição,0,0,0,0,0,0
mozambique_3_00544,"Com saúde das contas públicas ameaçada, Moçambique aprova compra de carros luxuosos para deputados",0,0,0,0,0,0
mozambique_3_00545,Polícia moçambicana apreende 76 quilos de cornos de rinoceronte,0,0,0,0,0,0
mozambique_3_00546,Megaprojectos continuam a dividir opiniões em Moçambique,0,0,0,0,0,0
mozambique_3_00547,Jogador dos Bafana Bafana morto a tiro,0,0,0,0,3,0
mozambique_3_00548,Microsoft novamente surpreende com o Windows 365!,0,0,0,0,0,2
mozambique_3_00549,ONU alerta para crise em Moçambique e pede 254 milhões de dólares para ajuda humanitária,0,0,0,2,0,0
mozambique_3_00550,Espanha pode ter primeira pista de aterrissagem circular do mundo,0,0,0,0,0,2
mozambique_3_00551,Mega-Sena não tem vencedores e acumula prêmio para o próximo sorteio,0,0,0,0,0,2
mozambique_3_00552,Moçambique: CIP diz que falta transparência no sector dos combustíveis,0,0,0,0,0,0
mozambique_3_00553,Mortalidade infantil é um dos grandes desafios de Moçambique,0,0,0,0,2,0
mozambique_3_00554,Sul-africano relata assassinato do moçambicano Emmanuel Sithole,0,0,0,0,0,0
mozambique_3_00555,Jogadores de futebol protestam contra decisão do campeonato europeu sub-21 ser jogado em Israel,0,0,0,0,0,0
mozambique_3_00556,Corpos encontrados em três localidades mexicanas não são dos estudantes desaparecidos,0,0,0,0,3,0
mozambique_3_00557,"Messi diz que ""não dá mais"" na selecção",0,0,0,0,2,0
mozambique_3_00558,Moçambicanos expulsos da África do Sul por roubo de ouro,0,2,0,0,0,0
mozambique_3_00559,Relações Estados Unidos / África; Africanos questionam gestão Obama,0,0,0,0,0,0
mozambique_3_00560,Moçambique reabilita Parque Nacional de Arquipélago de Bazaruto,0,0,0,2,0,0
mozambique_3_00561,Grupo indígena brasileiro Univaja exige investigação sobre assassinatos de Dom Phillips e Bruno Pereira,2,0,0,0,0,0
mozambique_3_00562,Ex-político indiano é morto a tiros ao vivo na TV,0,0,0,0,0,2
mozambique_3_00563,Polícias sul-africanos condenados a 15 anos de prisão por morte de moçambicano,0,0,0,3,0,0
mozambique_3_00564,Jornalista e defensor dos direitos humanos Luis Carlos Díaz é detido por forças de segurança na Venezuela,0,0,0,0,0,0
mozambique_3_00565,Aumento do vírus de Chikungunya nas Caraíbas,0,0,0,0,2,0
mozambique_3_00566,Campeonato Mundial de Futebol: Brasileiros questionam gastos,0,0,0,0,0,0
mozambique_3_00567,"Emerge a lenda, cai por doping",0,0,0,0,0,0
mozambique_3_00568,Proposta de senador ressuscita ideias restritivas à lei do aborto,0,0,0,0,0,0
mozambique_3_00569,"Com falta de recursos, Moçambicanos improvisam no combate à COVID-19",0,0,0,0,0,0
mozambique_3_00570,"EUA, Singapura: A respeito da compra de noivas com cartões de crédito",0,0,0,0,0,0
mozambique_3_00571,Interrompido transporte ferroviário de passageiros entre Moçambique e África do Sul,0,0,0,0,2,0
mozambique_3_00572,"Caso""dívidas ocultas"" atrasa Empresa Nacional de Hidrocarbonetos",0,0,0,0,1,0
mozambique_3_00573,Plantas medicinais e “estórias curtas” de São Tomé & Príncipe,0,0,0,0,0,0
mozambique_3_00574,Guiné-Bissau: Seis Mortos em Ataque a Base Militar,0,0,0,0,3,0
mozambique_3_00575,"Na Amazônia brasileira, combinação de queimadas e pandemia projeta cenário de desastre",0,0,2,0,0,0
mozambique_3_00576,"Maputo identifica parceiro para salvar a LAM, analista diz que é solução “aspirina”",0,0,0,0,0,0
mozambique_3_00577,"Golo mexicano provoca ""terremoto artificial"" no país",0,0,0,0,0,0
mozambique_3_00578,"Como salvadorenha, os EUA simbolizavam segurança para mim. Agora, isso se desmorona",0,0,0,0,0,0
mozambique_3_00579,Chefe da Fifa quer mais dois lugares para África no Mundial de Futebol,0,0,0,0,0,0
mozambique_3_00580,Governo de Moçambique suspende aumento do preço do pão,0,0,0,2,0,0
mozambique_3_00581,Federação do Gana acusada de manipular resultados,0,0,0,0,0,0
mozambique_3_00582,Diplomatas americanos pedem ataques contra Presidente Sírio,0,0,0,0,0,0
mozambique_3_00583,"Leonel Messi, o melhor do mundo pela quinta vez",0,0,0,3,0,0
mozambique_3_00584,"COVID-19: Maioria dos infetados nos EUA são negros, hispânicos, asiáticos e nativo-americanos",0,0,0,0,2,0
mozambique_3_00585,Antigos trabalhadores da Texmoque bloqueiam instalações e ameaçam com protestos,2,0,0,0,0,0
mozambique_3_00586,Médicos do Hospital de Malanje debatem a má qualidade de serviços,0,0,0,0,0,0
mozambique_3_00587,Diego Armando Maradona: da Villa Fiorito à glória de um génio,0,0,0,0,0,0
mozambique_3_00588,Gana desbanca República Tcheca e embola Grupo E,0,0,0,0,0,2
mozambique_3_00589,Dinamarca descobre que morte da indústria de visons é 'boa notícia' para natureza,0,0,0,0,0,2
mozambique_3_00590,Coréia do Sul e China: Mistério sobre a morte de diplomata coreano,0,0,0,0,2,0
mozambique_3_00591,"Guerra, palavras e preocupações na Ásia Central",0,0,0,0,0,0
mozambique_3_00592,"Moçambique alarga licença de maternidade, mas não beneficia o sector privado",0,0,0,0,0,0
mozambique_3_00593,Bancos internacionais de olho nos projectos de gás em Moçambique,0,0,0,0,0,0
mozambique_3_00594,O homem que ganhou uma viagem ao espaço mas que não tem liberdade de movimento na Terra,0,0,0,0,0,0
mozambique_3_00595,"Procuradoria manda exumar corpo de Sofrimento Matequenha, ex-deputado da Renamo",0,0,0,0,0,0
mozambique_3_00596,Governo e Renamo podem assinar hoje novo acordo de paz,0,0,0,2,0,0
mozambique_3_00597,Velhos ódios machistas motivam um massacre no Ano Novo no Brasil,0,0,0,0,0,0
mozambique_3_00598,Como bloggers foram parar à prisão por escreverem sobre direitos humanos na Etiópia,0,0,0,0,0,0
mozambique_3_00599,"Pela primeira vez, fósseis de dinossauros bico de pato são encontrados na África",0,0,0,0,0,2
mozambique_3_00600,ONU quer ajudar Maputo a ser uma cidade segura para as mulheres,0,0,0,2,0,0
mozambique_3_00601,Como uma disputa sobre pagamento da premiação quase impediu Camarões de jogar na Copa,0,0,0,0,1,0
mozambique_3_00602,Morte a sangue-frio de bebé indígena passa despercebida no Brasil,0,0,0,0,2,0
mozambique_3_00603,Órgãos de comunicação chineses calam tragédia em escola local,0,0,0,0,0,0
mozambique_3_00604,Encontradas chupa-cabras nos Estados Unidos,0,0,0,0,0,2
mozambique_3_00605,Moçambique apresenta vacina certificada contra a malária,0,0,0,3,0,0
mozambique_3_00606,"No Iêmen, guerra, má gestão e mudança climática são responsáveis ??pela escassez de água",0,0,0,0,2,0
mozambique_3_00607,Moçambique: Sem muito o que celebrar em Primeiro de Maio,0,0,0,0,1,0
mozambique_3_00608,Violação brutal de mulher moçambicana gera polémica,2,0,0,0,0,0
mozambique_3_00609,Protestos e Lei Marcial no Brooklyn em razão do assassinato de Kimani Gray,0,0,0,0,0,0
mozambique_3_00610,"Indústria de açúcar em crescimento, mas desafios são enormes, dizem analistas",0,0,0,1,0,0
mozambique_3_00611,COVID-19: Moçambique reabre escolas em fases e autoriza determinados voos,0,0,0,1,0,0
mozambique_3_00612,Arábias: Blogueiro marroquino ataca o Golfo Pérsico,0,0,0,0,0,0
mozambique_3_00613,PCC lucra 511% em 2 anos e meio,0,0,0,0,0,2
mozambique_3_00614,Poluição mineira provoca 15 mortes em Tete,0,0,0,0,2,0
mozambique_3_00615,Moçambique: Mergulhar e Defender a Vida Marinha,0,0,0,2,0,0
mozambique_3_00616,Farmácia de centro de saúde em Manica atacada à mão armada,0,0,0,0,0,0
mozambique_3_00617,Massacre de Marikana: Jacob Zuma promete investigação profunda à acção da polícia,0,0,0,0,0,0
mozambique_3_00618,Cheias ameaçam agora sul de Moçambique,0,0,3,0,0,0
mozambique_3_00619,"Caravana de refugiados da América Central vai até a fronteira dos Estados Unidos pedir asilo, mas maioria não será atendida",0,0,0,0,2,0
mozambique_3_00620,Ilhas de Goa e Sena encerradas ao turismo depois de naufrágio,0,0,0,0,1,0
mozambique_3_00621,Avião de combate americano voa sem piloto,0,0,0,0,0,2
mozambique_3_00622,Filho de Pelé condenado a 33 anos de prisão,0,0,0,0,0,0
mozambique_3_00623,Obama nomeia primeira latina para o Supremo dos Estados Unidos,0,0,0,0,0,2
mozambique_3_00624,Agencia Nacional de Petróleo descobre novo reservatório,0,0,0,0,0,2
mozambique_3_00625,Companhias aéreas moçambicanas podem voar para a União Europeia,0,0,0,3,0,0
mozambique_3_00626,Discurso transfóbico é o verdadeiro “cavalo de Troia” do feminismo mexicano,0,0,0,0,0,0
mozambique_3_00627,Festejos de empate no CAN fazem 3 mortos na Guiné-Bissau,0,0,0,0,3,0
mozambique_3_00628,Os direitos de todos em risco: alcance mundial dos programas de vigilância dos Estados Unidos,0,0,0,0,0,0
mozambique_3_00629,Moçambique vai ter lei sobre transplantes de orgãos,0,2,0,0,0,0
mozambique_3_00630,Já só restam 20 rinocerontes em Moçambique,0,0,0,0,1,0
mozambique_3_00631,Falta de transparência e debate marcam a ratificação da Convenção de Budapeste pelo Brasil,0,0,0,0,0,0
mozambique_3_00632,Fotos da NASA sugerem água fluindo em Marte,0,0,0,0,0,2
mozambique_3_00633,Jacaré enorme invade campo de golfe na Flórida,0,0,0,0,0,2
mozambique_3_00634,Ataque à comitiva da RENAMO gera controvérsia informativa em Moçambique,0,0,0,0,0,0
mozambique_3_00635,"Encontro Nyusi e Dhlakama reduz a incerteza, mas há questões por resolver",0,0,0,1,0,0
mozambique_3_00636,Artista denuncia e recria abusos de “clínicas de cura gay” em ensaio fotográfico,2,0,0,0,0,0
mozambique_3_00637,Dívida de 50 meticais leva à morte de quatro pessoas em Moçambique,0,0,0,0,0,0
mozambique_3_00638,Escritor angolano Ondjaki vence prémio de literatura em França,0,0,0,2,0,0
mozambique_3_00639,Menino sírio afogado acorda o povo peruano para as suas próprias crianças moribundas,0,0,0,0,0,0
mozambique_3_00640,"Angolanas protestam contra novo código penal, que proíbe aborto sem excepções",0,0,0,0,0,0
mozambique_3_00641,Guatemala: ex-Presidente Portillo condenado a cinco anos de prisão,0,0,0,0,0,0
mozambique_3_00642,"Netizen Report: de Porto Rico a Bangladesh, apagões digitais exacerbam a crise humanitária",0,0,0,0,2,0
mozambique_3_00643,Sindicato dos Médicos lamenta falta de resposta do Governo angolano e mantém greve,0,0,0,0,3,0
mozambique_3_00644,Google demite engenheiro que diz que Inteligência Artificial tem consciência,0,0,0,0,0,2
mozambique_3_00645,"Indígenas estão ameaçados de despejo em Dourados, no Mato Grosso do Sul",3,0,0,0,0,0
mozambique_3_00646,"Com apoio de fãs, Azagaia consegue fundos para operar tumor na Índia",0,0,0,3,0,0
mozambique_3_00647,Um quinto das raparigas moçambicanas dá à luz antes dos 15 anos,0,0,0,0,2,0
mozambique_3_00648,"Governo moçambicano e credores internacionais com ""negociações difíceis"" em Londres",0,0,0,0,0,0
mozambique_3_00649,Riquezas naturais cercadas pelo terror: o que explica os ataques no norte de Moçambique?,0,0,0,0,0,0
mozambique_3_00650,Moçambique: ONU precisa de 30 milhões de dólares para apoiar vitimas de inundações,0,0,0,0,2,0
mozambique_3_00651,Pesquisadores de Israel descobrem rara tinta bíblica em pedaço de tecido,0,0,0,0,0,2
mozambique_3_00652,Pobreza e exploração de crianças em Angola retratadas em livro,0,0,0,0,0,0
mozambique_3_00653,Nampula: MISA condena intimidação de jornalistas da Rádio Encontro,2,0,0,0,0,0
mozambique_3_00654,Netizen Report: Empresas de tecnologia norte-americanas excluem acesso de grupo supremacista branco por considerá-lo “babaca”,1,0,0,0,0,0
mozambique_3_00655,Madagascar: Vídeo de Conflitos Armados Entre forças Armadas Rivais,0,0,0,0,0,0
mozambique_3_00656,Candidato presidencial queixa-se de não ter recebido compartipação do Estado para a sua campanha,0,0,0,0,0,0
mozambique_3_00657,Republicanos aprovam lei para impedir decreto de Obama sobre imigração,2,0,0,0,0,0
mozambique_3_00658,"Líbano: Onze Membros do Gabinete Renunciam, Derrubando Governo",2,0,0,0,0,0
mozambique_3_00659,As Eleições em África Não São Democráticas -- D. Jaime Gonçalves à VOA,0,0,0,0,0,0
mozambique_3_00660,COVID-19: UNITA insta Governo a declarar fase comunitária de transmissão da doença,0,0,3,0,0,0
mozambique_3_00661,Supremo Tribunal americano bloqueia obrigatoriedade de vacinas a empresas,0,0,0,0,0,0
mozambique_3_00662,Papa Bento XVI anuncia renúncia,0,0,0,0,0,2
mozambique_3_00663,Nyusi reconhece ser difícil conhecer motivações dos ataques em Cabo Delgado,0,0,0,0,2,0
mozambique_3_00664,Grupo extremista somali al-Shabaab pode estar por trás de ataques em Moçambique,0,0,0,0,0,0
mozambique_3_00665,Angola Ano Zero chega ao famoso Festival de Cannes,0,0,0,2,0,0
mozambique_3_00666,Moçambique: taxas de acesso à ponte com maior vão suspenso de África causam ruído,0,0,0,0,0,0
mozambique_3_00667,Abraço de Fidel Castro mudou a vida de um moçambicano,0,0,0,0,0,0
mozambique_3_00668,Organizações querem reformar os ritos de iniciação para reduzir casamentos prematuros,0,0,0,3,0,0
mozambique_3_00669,Japoneses dão lição de boas maneiras no Brasil,0,0,0,0,0,0
mozambique_3_00670,Avaí vence com um gol de goleiro.,0,0,0,0,0,2
mozambique_3_00671,Governo suspende mina de ouro em Manica para travar poluição,0,0,0,0,0,0
mozambique_3_00672,COVID-19: OMS consegue aliança de oito mil milhões de dólares para vacina contra doença,0,0,0,2,0,0
mozambique_3_00673,Suíça: Mais dirigentes da Fifa detidos por suspeita de corrupção,0,2,0,0,0,0
mozambique_3_00674,Global Voices Podcast: Tecnologia que Empodera!,0,0,0,0,0,0
mozambique_3_00675,Quatro ex-ministros do STF declaram voto em Lula,0,0,0,0,0,2
mozambique_3_00676,Massa de ar polar derruba temperaturas em oito capitais,0,0,0,0,0,2
mozambique_3_00677,Moçambique poderá estar nos Oscars pela primeira vez,0,0,0,2,0,0
mozambique_3_00678,Falecido actor Chadwick Boseman recebe Globo de Ouro,0,0,0,0,0,0
mozambique_3_00679,"CVMA: Nélson Freitas, artista cabo-verdiano do ano",0,0,0,0,0,0
mozambique_3_00680,Porta-bandeira da Namíbia preso por tentar beijar hospedeira,0,0,0,0,0,0
mozambique_3_00681,Post no Facebook criticando a ocupação da Crimea causa demissão de jornalista russo,0,0,0,0,0,0
mozambique_3_00682,Africanos ‘dão lição’ de boa governança ao presidente dos EUA após indignação mundial com comentário ‘racista’,0,0,0,0,0,0
mozambique_3_00683,Queda de prédio na Índia mata 4,0,0,0,0,0,2
mozambique_3_00684,Pintora cabo-verdiana Sandra Lopes leva seus sentimentos em tela à Expo Dubai-2020,0,0,0,0,0,0
mozambique_3_00685,Como o massacre de Tlatelolco fez de Raúl Álvarez Garín um herói mexicano dos tempos modernos,0,0,0,0,0,0
mozambique_3_00686,"‘O Rio é doce, a Vale é amarga': lama tóxica despejada por mineradora no Brasil chega ao Oceano Atlântico",0,0,0,0,0,0
mozambique_3_00687,Organizações não governamentais acusam Presidente moçambicano de falta de transparência,0,0,0,0,0,0
mozambique_3_00688,Moçambique afectado pela Covid-19 e ataques no norte e centro do país,0,0,0,0,3,0
mozambique_3_00689,Dois australianos ganham o Nobel de Medicina,0,0,0,0,0,2
mozambique_3_00690,COVID-19: Governo são-tomense lança programa de apoio a privados e PR pede transparência,0,0,0,1,0,0
mozambique_3_00691,Ouvinte moçambicano cria time de futebol para oferecer uma opção gratuita e saudável de entretenimento para jovens,0,0,0,1,0,0
mozambique_3_00692,Comité Olímpico proíbe espectadores estrangeiros nos Jogos de Tóquio,0,0,0,0,0,0
mozambique_3_00693,Novas ameaças à liberdade de expressão no Sul da Ásia em 2017,0,0,2,0,0,0
mozambique_3_00694,Cantora do Leste Africano conquista fãs em todo o mundo e através de seu blog,0,0,0,0,0,0
mozambique_3_00695,Saúde concentra atenção dos partidos políticos,0,0,0,0,0,0
mozambique_3_00696,Novos contornos da crise política em São Tomé & Príncipe,0,0,0,0,0,0
mozambique_3_00697,Yaya Touré eleito melhor jogador africano de 2013,0,0,0,3,0,0
mozambique_3_00698,Sul-africano Mbongeni Ngema afastado do musical “Sarafina” por assédio sexual,0,0,0,0,0,0
mozambique_3_00699,NASA lançará canção dos Beatles no espaço,0,0,0,0,0,2
mozambique_3_00700,Autoridades moçambicanas sancionam 23 empresas por recrutar estrangeiros ilegais,0,0,0,0,0,0
mozambique_3_00701,Netizen Report: A censura continua enquanto os protestos se tornam violentos na Venezuela,0,0,0,0,0,0
mozambique_3_00702,Polémica em Moçambique: Sojogo recusa pagar prémios de jogo,0,0,0,0,0,0
mozambique_3_00703,Cruz Vermelha precisa de 700 mil dólares para os desalojados das cheias em Moçambique,0,0,0,0,2,0
mozambique_3_00704,"Para afro-colombianos, racismo institucional é uma realidade do dia a dia",0,2,0,0,0,0
mozambique_3_00705,Guinness: brasileira conquista recorde de travessia de lago de lava,0,0,0,0,0,2
mozambique_3_00706,COVID-19: Cabo Verde regista número mais elevado num só dia e restantes lusófonos têm mais casos,0,0,0,0,3,0
mozambique_3_00707,Dia Internacional da Mulher comemorado com apelo ao fim do tráfico humano,0,0,0,2,0,0
mozambique_3_00708,ONG moçambicana acusa poderosos de atrasarem participação de empresas nacionais em negócios,0,2,0,0,0,0
mozambique_3_00709,Empoderamento de mulheres agricultoras: quesito chave para a erradicação da fome?,0,0,0,0,0,0
mozambique_3_00710,Menor preso a poste: barbárie racial exposta em zona nobre do Rio de Janeiro,0,3,0,0,0,0
mozambique_3_00711,Paradas de ônibus sem teto e manutenção revelam as desigualdades entre bairros de São Paulo,0,0,0,0,2,0
mozambique_3_00712,Marinha francesa detecta sinais da caixa negra da Egyptair,0,0,0,0,0,0
mozambique_3_00713,Economia moçambicana cresce menos do que o esperado,0,0,0,0,2,0
mozambique_3_00714,COVID-19: Médicos moçambicanos zangados com o sistema por não se sentirem protegidos,0,0,2,0,0,0
mozambique_3_00715,Cientistas descobriram uma maneira totalmente nova das cobras se moverem,0,0,0,0,0,2
mozambique_3_00716,Espanhóis fazem referendo para escolher sistema universal de saúde,0,0,0,0,0,0
mozambique_3_00717,Américas: A saída de bola das eliminatórias da copa,0,0,0,0,1,0
mozambique_3_00718,Nyusi e Dhlakama reúnem-se pela segunda vez em dois dias,0,0,0,2,0,0
mozambique_3_00719,A retórica anti-China de Bolsonaro estaria alimentando o ódio contra asiáticos no Brasil?,0,0,0,0,0,0
mozambique_3_00720,Huíla: Hospital católico espera há três anos por autorização para abrir,0,0,0,0,0,0
mozambique_3_00721,Chefe do Instituto Nacional de Segurança Social detido por suspeita de corrupção,0,0,0,0,0,0
mozambique_3_00722,COVID-19: OMS ajuda Moçambique a fortalecer a prevenção para evitar o pior,0,0,0,0,0,0
mozambique_3_00723,Guiné - Bissau: Manifestantes exigem controlo dos preços,0,0,0,0,0,0
mozambique_3_00724,"Sem oxigênio, pacientes com COVID-19 morrem asfixiados em Manaus, capital brasileira no coração da Amazônia",0,0,0,0,0,0
mozambique_3_00725,Guiné-Bissau: Hospital Sofre “Danos Colaterais” do Golpe de Estado,0,0,0,0,2,0
mozambique_3_00726,Trending: Messi quer jogar nos Estados Unidos da América,0,0,0,0,0,0
mozambique_3_00727,Moçambique: Presidente Nyusi apela ao empenho efectivo pela paz,0,0,0,2,0,0
mozambique_3_00728,Moçambique: Antigo ministro condenado por corrupção,0,0,0,0,0,0
mozambique_3_00729,Luanda promove diálogo e cultura da paz,0,0,0,2,0,0
mozambique_3_00730,Neymar pede perdão aos colegas e deixa a selecção no Chile,0,0,0,0,0,0
mozambique_3_00731,Mundo Árabe: Onde Alguns estão de Luto por Osama Bin Laden,0,0,0,0,2,0
mozambique_3_00732,Romário é flagrado no antidoping,0,0,0,0,0,2
mozambique_3_00733,Menos de 10% dos habitantes da África subsahariana tem eletricidade. O que está sendo feito para mudar isso?,0,0,0,0,2,0
mozambique_3_00734,Coronavírus: 16 estudantes cabo-verdianos vivem na zona da epidemia mas estão bem,0,0,0,0,0,0
mozambique_3_00735,Moçambique: Mutumbela Gogo repõe a peça “As Mãos dos Pretos” para denunciar a injustiça,0,0,0,0,0,0
mozambique_3_00736,"Por dentro do #SOSVenezuela: “Pessoas do mundo, ajudem-nos!”",0,0,0,0,0,0
mozambique_3_00737,Presidente interino de Nampula condenado por desobedência,0,0,0,0,0,0
mozambique_3_00738,Primeiro-Ministro português visita Angola e é alvo de críticas nas redes sociais,2,0,0,0,0,0
mozambique_3_00739,Moçambique: Bispo anglicano Dom Carlos Matsinhe eleito presidente da CNE,0,0,0,0,0,0
mozambique_3_00740,Terão a violência e a corrupção no México atingido um ponto de ruptura com o ataque de Ayotzinapa?,0,0,0,0,0,0
mozambique_3_00741,Ibrahimovic vence golo do ano,0,0,0,2,0,0
mozambique_3_00742,Covid19: Moradores de Luanda e Sumbe ignoram medidas de combate à pandemia,0,0,0,0,2,0
mozambique_3_00743,Maradona oferecer-se para treinar a Argentina de graça,0,0,0,0,0,0
mozambique_3_00744,Americanas conquistam quarto Mundial de Futebol,0,0,0,2,0,0
mozambique_3_00745,Jornalista guineense desaparece misteriosamente de Angola,0,0,3,0,0,0
mozambique_3_00746,Moçambique: Jornalista vai recorrer da sentença por calúnia,0,0,0,0,0,0
mozambique_3_00747,Marco Civil aprovado: Brasil marca gol na “Copa do Mundo da Internet”,0,0,0,2,0,0
mozambique_3_00748,Fósseis de dinossauro achados na Argentina poderiam pertencer ao maior animal da história da Terra,0,0,0,0,0,2
mozambique_3_00749,Fidel Castro entra no livro Guinness com maior recorde de atentados contra ele mesmo,0,0,0,0,0,2
mozambique_3_00750,Conheça 9 projetos de lei que ameaçam direitos socioambientais no Brasil,0,0,2,0,0,0
mozambique_3_00751,Líbia: Qaradawi lança decreto pedindo pena de morte a Gaddafi,0,0,0,0,0,0
mozambique_3_00752,Governo moçambicano fecha mesquistas frequentadas por elementos que atacaram Mocímboa da Praia,0,0,0,0,2,0
mozambique_3_00753,"Após envio de top model para o hospício, são-vicentinos temem que política e patriarcado estejam em jogo",0,0,2,0,0,0
mozambique_3_00754,MDM pede inquérito à polícia por bloquear marcha no Dia do Trabalhador,0,0,0,0,0,0
mozambique_3_00755,Presidente Jokowi estimula indonésios a reprovarem Donald Trump após declaração sobre Jerusalém,0,0,0,0,0,0
mozambique_3_00756,Juíz sul-africano adia julgamento de assassinato de moçambicano,2,0,0,0,0,0
mozambique_3_00757,Por que é que não chove na Guiné-Bissau como antigamente?,0,0,0,0,0,0
mozambique_3_00758,México: Machismo e homofobia nos partidos políticos,0,2,0,0,0,0
mozambique_3_00759,UEFA avisa que poderá suspender Rússia e Inglaterra do Euro 2016,0,0,0,0,0,0
mozambique_3_00760,Moçambique discorda de imposições da UE para venda de pescado,0,0,0,0,0,0
mozambique_3_00761,Alto comissário da ONU para os Direitos Humanos quer justiça em Moçambique,0,0,0,0,0,0
mozambique_3_00762,Mundial 2014: Nos muros do Brasil o descontentamento do Mundial,0,0,0,0,2,0
mozambique_3_00763,Maputo com falta de gás de cozinha,0,0,0,0,2,0
mozambique_3_00764,Moçambique: Autoridades violam os direitos dos reclusos,0,3,0,0,0,0
mozambique_3_00765,COVID-19: Moçambique regista mais uma morte e Cabo Verde tem novos casos,0,0,0,0,2,0
mozambique_3_00766,Feiticeiro do Gana diz que é responsável por lesão de Ronaldo,0,0,0,0,0,0
mozambique_3_00767,Moçambique: Governadora sugere que os mais desfavorecidos comam patas de galinha na ceia de Natal,0,0,0,0,0,0
mozambique_3_00768,Pessoas brancas deixam de dublar personagens negros de Os Simpsons,0,0,0,0,0,2
mozambique_3_00769,Chile manda Espanha para casa com uma derrota deslumbrante,0,0,0,0,0,0
mozambique_3_00770,Um ex-guerrilheiro agora está no comando de El Salvador. Será que ele consegue parar a matança?,0,0,0,0,0,0
mozambique_3_00771,"Dinheiro destinado às calamidades pode ser desviado, alerta o CIP",0,0,0,0,0,0
mozambique_3_00772,Elo perdido na árvore genealógica dos pterossauros foi descoberto,0,0,0,0,0,2
mozambique_3_00773,Moçambique e Portugal estudam cooperação energética,0,0,0,2,0,0
mozambique_3_00774,São Paulo tem mais de mil favelas enfrentando dificuldades com pandemia,0,0,0,0,2,0
mozambique_3_00775,MDM pede suspensão de programa eleitoral da TVM,0,0,0,0,0,0
mozambique_3_00776,Ronda Rousey nocauteia Bethe Correia em 34 segundos,0,0,0,0,0,2
mozambique_3_00777,Patrões e Governo procuram saídas à crise económica em Moçambique,0,0,0,0,0,0
mozambique_3_00778,Presidente de associação médica grevista detido em Moçambique,0,0,0,0,0,0
mozambique_3_00779,"Moçambique: Albano Carige, novo edil da cidade da Beira, toma posse amanhã",0,0,0,2,0,0
mozambique_3_00780,Cabo Verde perde com o Gana,0,0,0,0,0,0
mozambique_3_00781,Brasil: Massa Crítica: Acidente ou Homicídio?,0,0,0,0,0,0
mozambique_3_00782,Embaixadora americana na ONU confiante numa solução para situação em Moçambique,0,0,0,0,0,0
mozambique_3_00783,Código penal moçambicano viola direitos humanos das mulheres e crianças,2,0,0,0,0,0
mozambique_3_00784,Combate ao SIDA em Moçambique exige adopção urgente de novas políticas,0,0,0,0,0,0
mozambique_3_00785,PM de Cabo Verde pede tratamento igual para África frente ao terrrorismo,0,0,0,0,0,0
mozambique_3_00786,Joanesburgo: Jornalista Simião Pongoane forçado a oferecer “um refresco” a um polícia,0,2,0,0,0,0
mozambique_3_00787,Trending: Donald Trump e Barack Obama são os mais populares hoje,0,0,0,0,0,0
mozambique_3_00788,Mulheres moçambicanas querem maior protagonismo no diálogo de reconciliação,0,0,0,0,0,0
mozambique_3_00789,Mugabe reitera parceira com a África do Sul,0,0,0,0,0,0
mozambique_3_00790,Macedônia: Blogueiros Celebram a Vitória Sobre os Fascistas em 1945,0,0,0,2,0,0
mozambique_3_00791,Crescente insegurança na Guiné-Bissau preocupa ONU e CEDAO,0,0,2,0,0,0
mozambique_3_00792,Moçambique recebe novos membros do Corpo da Paz,0,0,0,0,0,0
mozambique_3_00793,Myanmar: Catástrofe sem Precedentes Provocada por Ciclone,0,0,0,0,3,0
mozambique_3_00794,Polícia ataca manifestantes e impede passeata contra a tarifa em São Paulo,2,0,0,0,0,0
mozambique_3_00795,Donald Trump intensifica campanha em semana de convenção democrata,0,0,0,0,0,0
mozambique_3_00796,Organizações pedem reconhecimento de conselheiros de saúde em Moçambique,0,0,0,0,0,0
mozambique_3_00797,Meio Ambiente: Conflito continua na República Democrática do Congo,0,0,2,0,0,0
mozambique_3_00798,Nini Satar chega a Moçambique esta semana,0,0,0,0,0,0
mozambique_3_00799,"Blinken participa da reunião do G-7 em meio a tensões crescentes com a Rússia, China e Irão",0,0,0,0,0,0
mozambique_3_00800,"Moçambique: ""Inclusão"" foi tema comum na recta final da campanha",0,0,0,0,0,0
mozambique_3_00801,Ferroviário de Maputo lutou mas caiu diante do Zamalek na estreia da BAL,0,0,0,0,1,0
mozambique_3_00802,"Morre Nadine Gordimer, Prémio Nobel de Literatura",0,0,0,0,2,0
mozambique_3_00803,Filipe Nyusi pede aos ministros defesa do interesse público,0,0,0,0,0,0
mozambique_3_00804,Moçambique perdeu 200 milhões de Meticais em corrupção,2,0,0,0,0,0
mozambique_3_00805,"Mulheres morrem de parto na Índia rural, onde faltam médicos nos hospitais",0,0,0,0,2,0
mozambique_3_00806,Junta Militar recusa negociar com a Renamo,0,0,2,0,0,0
mozambique_3_00807,BAL: Quem é o GNBC de Madagáscar,0,0,0,0,0,0
mozambique_3_00808,"Zeca Caliato lança ""Odisseia de um guerrilheiro""",0,0,0,0,0,0
mozambique_3_00809,África do Sul: Definições de “Vuvuzela”,0,0,0,0,0,0
mozambique_3_00810,"Ascensão de populistas ameaça os direitos humanos, denuncia a HRW",0,0,2,0,0,0
mozambique_3_00811,Joe Biden vai apresentar primeira parte do seu programa económico,0,0,0,0,0,0
mozambique_3_00812,COVID-19: Moçambique dá sinais para a retomada de cultos religiosos,0,0,0,2,0,0
mozambique_3_00813,Hungria: Proposta de Lei de Imprensa Ameaça a Liberdade de Expressão,0,0,2,0,0,0
mozambique_3_00814,Secretário-geral da Renamo transferido para clínica na África do Sul,0,0,0,0,2,0
mozambique_3_00815,UNITA diz não ter recebido resultados dos testes às ossadas de Jonas Savimbi,0,0,0,0,0,0
mozambique_3_00816,"Drogba, Toure e Mikel apontados para o Melhor Jogador Africano de 2013",0,0,0,2,0,0
mozambique_3_00817,"Na Nicarágua, as pessoas aparentemente morrem de “pneumonia”, não de Covid-19",0,0,0,0,3,0
mozambique_3_00818,Banco Mundial financia OGE de Moçambique,0,0,0,0,0,0
mozambique_3_00819,Festival de Bubaque marca a tradição em versão online,0,0,0,0,0,0
mozambique_3_00820,Líderes religiosos continuam à espera da reabertura dos templos em Moçambique,0,0,0,0,0,0
mozambique_3_00821,Cadetes de Angola e Cabo Verde na Academia Militar de Nampula,0,0,0,0,0,0
mozambique_3_00822,Biden pede ao Congresso legislação para um maior controlo das vendas de armas,0,0,0,0,0,0
mozambique_3_00823,A Comissão de Verdade da Gâmbia continua a enfrentar os abusos ocorridos no governo do antigo presidente,2,0,0,0,0,0
mozambique_3_00824,Federação dos Sindicatos da Educação e Cultura dá crédito à greve dos professores,0,0,0,0,0,0
mozambique_3_00825,32% das moçambicanas foram alvo de violência doméstica,0,0,0,0,2,0
mozambique_3_00826,Morreu o cantor cabo-verdiano Jorge Neto,0,0,0,0,2,0
mozambique_3_00827,Religiosos pedem análise profunda da insurgência de Cabo Delgado,0,0,0,0,0,0
mozambique_3_00828,Moçambique: A mais baixa expectativa de vida,0,0,0,0,2,0
mozambique_3_00829,Vítimas do ciclone Idai passam fome em Manica,0,0,0,0,2,0
mozambique_3_00830,Madeira moçambicana para o mercado da República Popular da China,3,0,0,0,0,0
mozambique_3_00831,Comandante da polícia de Moçambique debaixo de fogo,0,0,2,0,0,0
mozambique_3_00832,"Trending: Adeus lendas do rock e do reggae, Eddie Van Halen e Johnny Nash",0,0,0,0,0,0
mozambique_3_00833,Top Ten Americano: Banda Sonora de Black Panther é sucesso de tabelas,0,0,0,1,0,0
mozambique_3_00834,"Ameaça de guerra civil volta a Moçambique, a população refugia-se",0,0,2,0,0,0
mozambique_3_00835,Jovem é assassinada por motorista do Cabify no México,0,2,0,0,0,0
mozambique_3_00836,Moçambique: Nacaroa apoia os seus padres,0,0,0,0,0,0
mozambique_3_00837,"Moçambicano sonha com bom emprego, educação superior e moradia",0,0,0,0,0,0
mozambique_3_00838,Renamo insiste na nomeação de seus governadores,0,0,0,0,0,0
mozambique_3_00839,"“Délestron”, o supervilão dos apagões da Costa do Marfim",0,0,0,0,0,0
mozambique_3_00840,Eliminação do Brasil do Mundial termina em tumultos,0,0,0,0,2,0
mozambique_3_00841,SIDA diminuiu entre jovens moçambicanas,0,0,0,2,0,0
mozambique_3_00842,Explosões simultâneas contra igrejas e hotéis provocam terror no Sri Lanka,0,0,3,0,0,0
mozambique_3_00843,"O Governo de Moçambique “está a espiar os seus cidadãos”, avança jornal",0,0,3,0,0,0
mozambique_3_00844,"Trinidad e Tobago, Guiana: O plano “terrorista” do JFK",0,0,2,0,0,0
mozambique_3_00845,Menino de 10 anos é morto pela polícia em favela do Rio de Janeiro,0,3,0,0,0,0
mozambique_3_00846,Biblioteca digital de práticas tradicionais de cura é lançada nas Filipinas,0,0,0,2,0,0
mozambique_3_00847,Trending: Portland; Juventus; Man United,0,0,0,0,0,0
mozambique_3_00848,"Zé Du, presidente angolano que permaneceu no poder por 38 anos, falece na Espanha",0,0,0,0,3,0
mozambique_3_00849,Teatro moçambicano de luto: Morreu o escritor e dramaturgo Henning Mankell,0,0,0,0,2,0
mozambique_3_00850,Moçambique: Por quê nossos dirigentes nunca usam nossos hospitais?,2,0,0,0,0,0
mozambique_3_00851,"De Santiago para o Utah, nada pára Alisha Moreira",0,0,0,0,0,0
mozambique_3_00852,Vahanle enfrenta críticas na gestão de Nampula,0,0,0,0,0,0
mozambique_3_00853,África: Celebrando a humanidade através de fotos e vídeos,0,0,0,0,0,0
mozambique_3_00854,ONU alerta que conflito agrava-se em Moçambique e as ajudas são insuficientes,0,0,2,0,0,0
mozambique_3_00855,Parlamento moçambicano aprova lei do estatuto de líder da oposição,0,0,0,0,0,0
mozambique_3_00856,Maputo acolhe bienal de negócios África-Estados Unidos em 2019,0,0,0,0,0,0
mozambique_3_00857,África: A União Africana se tornou um grupo de piadistas?,0,0,0,0,2,0
mozambique_3_00858,Salários e subsídios de deputados em tempo de pandemia chocam angolanos e moçambicanos,2,0,0,0,0,0
mozambique_3_00859,"China e Hong Kong deveriam ser ‘um país, dois sistemas'; alguém lembre a China disso",0,0,0,0,0,0
mozambique_3_00860,FMI quer melhor gestão nas empresas do Estado em Moçambique,0,0,0,0,0,0
mozambique_3_00861,Cabo Delgado: Insurgentes atacam e ocupam a vila sede de Macomia,0,0,2,0,0,0
mozambique_3_00862,PRISM infecta a Rússia com receio de uma guerra cibernética,0,0,2,0,0,0
mozambique_3_00863,Moçambique evita falar de resgate pelo pesqueiro Vega 5,0,0,0,0,0,0
mozambique_3_00864,Primeira-dama de Cabo Verde recebe prémio internacional de liderança,0,0,0,2,0,0
mozambique_3_00865,África: Mais adolescentes infectados por HIV,0,0,0,0,3,0
mozambique_3_00866,A mascote da Copa tem um nome hilário com significados sutis,0,0,0,0,0,0
mozambique_3_00867,"Power List: Os 100 mais influentes da Lusofonia, by Bantumen!",0,0,0,0,0,0
mozambique_3_00868,Bilhetes do Mundial 2014 vendidos na Huíla,0,0,0,0,0,0
mozambique_3_00869,África do Sul: Mais uma trapalhada da ministra Manto,0,0,0,0,0,0
mozambique_3_00870,Agenda Africana: Iniciativa Jovens Líderes Africanos tem aplicações práticas?,0,0,0,0,0,0
mozambique_3_00871,Egipto: Sugestão de advogada para que se violem mulheres israelitas causa tumulto,0,2,0,0,0,0
mozambique_3_00872,Antigos trabalhadores da Avícola de Nampula sentem-se enganados pelo Governo,2,0,0,0,0,0
mozambique_3_00873,Escutas telefónicas passam a ser legais em Moçambique,0,0,3,0,0,0
mozambique_3_00874,Especialistas da OMS analisam combate ao ébola na Guiné-Bissau,0,0,0,0,0,0
mozambique_3_00875,Desnutrição afecta cerca de metade de crianças moçambicanas,0,0,0,0,2,0
mozambique_3_00876,Filipe Nyusi exonera Chefe de Estado-Maior General e director do SISE,0,0,0,0,0,0
mozambique_3_00877,Moçambique: Por Trás da Detenção do Rapper Azagaia,2,0,0,0,0,0
mozambique_3_00878,Governadora de Gaza denuncia movimentações de homens da Renamo,0,0,3,0,0,0
mozambique_3_00880,Mães Yanomami lutam pelo direito de enterrar filhos em meio à pandemia no Brasil,0,0,0,0,2,0
mozambique_3_00881,Coronavírus alastra-se em redor do mundo colocando alguns serviços hospitalares em crise,0,0,3,0,0,0
mozambique_3_00882,HIV/SIDA: Estados Unidos e Moçambique assinam acordo de financiamento,0,0,0,0,0,0
mozambique_3_00883,Brasil: Vitória contra a Espanha não acaba com descontentamento popular,0,0,0,0,0,0
mozambique_3_00884,Angola Fala Só - “É preciso pensar no plural” - Phathar Mak,0,0,0,0,0,0
mozambique_3_00885,Trending: Ataque às Torres Gémeas foi há 19 anos,0,0,0,0,0,0
mozambique_3_00886,"Angola aguarda oficialização de ""medidas"" de Israel",0,0,0,0,0,0
mozambique_3_00887,Como a COVID-19 intensificou hostilidade latente entre Brasil e China,0,0,2,0,0,0
mozambique_3_00888,As verdadeiras razões porque pessoas estão fugindo de Honduras,0,0,2,0,0,0
mozambique_3_00889,Província moçambicana de Cabo Delgado promove negócios em Joanesburgo,0,0,0,0,0,0
mozambique_3_00890,América Latina: “Onde vão parar os desaparecidos?”,0,0,0,0,2,0
mozambique_3_00891,Floresta maia no México é referência em gerenciamento de recursos naturais graças à aliança florestal,0,0,0,2,0,0
mozambique_3_00892,Moçambique necessita de radares para melhor resposta a desastres naturais,0,0,0,0,0,0
mozambique_3_00893,Manteiga de Amendoim ajuda a salvar pacientes seropositivos em Moçambique,0,0,0,0,0,3
mozambique_3_00894,Curandeiros moçambicanos nada podem fazer ao novo coronavirus,0,0,0,0,0,0
mozambique_3_00895,"Sahle-Work Zewde, nomeada primeira mulher Presidente da Etiópia",0,0,0,2,0,0
mozambique_3_00896,Falta de médicos dificulta controlo da cólera em Nampula,0,0,2,0,0,0
mozambique_3_00897,Japão: Tsunami atinge litoral e arrasta tudo,0,0,0,0,3,0
mozambique_3_00898,Português vai ser língua franca no CAN 2021,0,0,0,0,0,0
mozambique_3_00899,Hospital do Lubango adia cirurgias por falta de água,2,0,0,0,0,0
mozambique_3_00900,Angola: Jornalista Assassinado por Motivo Desconhecido,0,0,0,0,2,0
mozambique_3_00901,Mundial do Brasil beneficia turismo em Cabo Verde,0,0,0,2,0,0
mozambique_3_00902,Línguas tradicionais em queda livre em São Tomé e Príncipe,0,0,0,0,2,0
mozambique_3_00903,Ungulani Ba Ka Khosa: Precisamos de mais bibliotecas e da experiência do Brasil,0,0,0,0,0,0
mozambique_3_00904,Rapper angolano MCK impedido de sair de Angola,2,0,0,0,0,0
mozambique_3_00905,Países africanos divergem sobre saída do TPI,0,0,0,0,0,0
mozambique_3_00906,Morreu Eusébio,0,0,0,0,2,0
mozambique_3_00907,"Palestina: Boicotando Israel, excluindo Handala e mais",0,0,0,0,0,0
mozambique_3_00908,Barack Obama : Má governação conduziu ao desastre económico no Zimbabué,0,0,0,0,2,0
mozambique_3_00909,Apresentando o “novo herói” do Brasil: o Japonês da Federal,0,0,0,0,0,0
mozambique_3_00910,Moçambique: “Quem vai querer dar a luz aqui?”,3,0,0,0,0,0
mozambique_3_00911,Analistas angolanos fazem balanço do sector da cultura e apelam à sua despartidarização,0,0,0,0,0,0
mozambique_3_00912,Efeito dominó Meghan Markle - Piers Morgan abandona Good Morning Britain,0,0,0,0,0,0
mozambique_3_00913,Esposa de sul-africano acusado de terrorismo em Moçambique diz que o marido é inocente,0,0,0,0,0,0
mozambique_3_00914,A instabilidade política agrava a crise alimentar em Burundi,0,0,0,0,3,0
mozambique_3_00915,As fronteiras do Euro2012,0,0,0,0,0,0
mozambique_3_00916,Erdogan pode ter pressionado pelo encerramento de escola turca em Luanda,0,0,0,0,0,2
mozambique_3_00917,Mostra em S. Paulo sobre conhecimento científico português e relação com Brasil e África,0,0,0,0,0,0
mozambique_3_00918,ONG resgata mais de 100 raparigas de casamentos prematuros em Manica,0,0,0,3,0,0
mozambique_3_00919,Liberdade de expressão em debate em Maputo,0,0,0,0,0,0
mozambique_3_00920,50 anos de ditadura no Brasil: Os informes oficiais do torturador francês Paul Aussaresses,2,0,0,0,0,0
mozambique_3_00921,Mudança Climática: Aumentando a Propagação de Doenças?,0,0,0,0,0,2
mozambique_3_00922,Joe Biden é pré-candidato presidencial,0,0,0,0,0,0
mozambique_3_00923,Meio ambiente: Arborizando Nairobi e uma possível apropriação indevida de terras no Monte Quênia,0,0,0,0,0,0
mozambique_3_00924,"Brasil: vítima de racismo em escola, menina é obrigada a pedir desculpas aos agressores",0,2,0,0,0,0
mozambique_3_00925,"Celebridades da internet, estudantes de origem somali arrecadam mais de 80 mil dólares para combater fome na África",0,0,0,2,0,0
mozambique_3_00926,Trending: 50 Cent abandona Biden para votar em Trump,0,0,0,0,0,0
mozambique_3_00927,Nações Unidas fazem alerta sobre evolução do HIV/SIDA em Angola,0,0,2,0,0,0
mozambique_3_00928,"África: Mulheres com SIDA esterilizadas, discriminadas e estigmatizadas",0,0,0,0,3,0
mozambique_3_00929,OMS promete ajudar Moçambique a mobilizar 40 milhões de dólares,0,0,0,2,0,0
mozambique_3_00930,Estudo alerta sobre os riscos da prevalência de gravidezes na adolescência em Moçambique,0,0,0,0,2,0
mozambique_3_00931,Níger: 12 mortos e 27.000 desalojados por causa das cheias,0,0,0,0,2,0
mozambique_3_00932,PMA precisa de mais de 600 milhões de dólares para aliviar a fome na África Austral,0,0,0,0,0,0
mozambique_3_00933,Sociedade civil denuncia prisão de 18 delegados políticos em Moçambique,0,0,0,0,2,0
mozambique_3_00934,"Osvaldo Kaholo lança ""K 654, a realidade na selva humana”",0,0,0,0,0,0
mozambique_3_00935,"Moçambique: Líderes da oposição ""carregam os partidos às costas"" - Egídio Raposo",0,0,0,0,0,0
mozambique_3_00936,Uma garota gritou “macaco” durante uma partida de futebol. E o Brasil foi lançado outra vez ao debate online do racismo.,0,3,0,0,0,0
mozambique_3_00937,"Cabo Verde espera bons resultados dos ""Tubarões Azuis""",0,0,0,0,0,0
mozambique_3_00938,Timor Leste: Celebrando a Solidariedade Global pela Liberdade,0,0,0,0,0,0
mozambique_3_00939,Jovens moçambicanos fazem a diferença na vida das crianças orfãs da Beira,0,0,0,2,0,0
mozambique_3_00940,Refugiados burundineses enfrentam difícil dilema: ficar em campos superlotados ou retornar para incerteza,0,0,0,0,2,0
mozambique_3_00941,Uíge: Tragédia no estádio deveu-se a negligência de diversas entidades,3,0,0,0,0,0
mozambique_3_00942,Mais um ataque no norte de Moçambique - três mortos e vários bem queimados,0,0,3,0,0,0
mozambique_3_00943,Uruguai: Lembrando a Copa de 30,0,0,0,0,0,0
mozambique_3_00944,Lendo o planeta no Blog Action Day 2009,0,0,0,0,0,0
mozambique_3_00945,Moçambique atenta a mudanças climáticas,0,0,0,1,0,0
mozambique_3_00946,Vladimir Putin aceita grupo de contacto proposto por Angela Merkel,0,0,0,0,0,0
mozambique_3_00947,Os 35 Melhores Futebolistas Moçambicanos,0,0,0,0,0,0
mozambique_3_00948,Quando um político francês e uma miss congolesa são criticados na internet por declarações sobre a colonização,2,0,0,0,0,0
mozambique_3_00949,Renamo exige que a polícia se pronuncie sobre alegado rapto de antigo deputado,0,0,0,0,0,0
mozambique_3_00950,Governo de Moçambique quer pagar metade da dívida,0,0,0,0,0,0
mozambique_3_00951,Inundações provocam cinco mortes e desalojam mais de 1800 pessoas em Tete,0,0,0,0,2,0
mozambique_3_00952,Netizen Report: turcos protestam contra lei da censura e retiram popularidade ao Twitter do presidente,2,0,0,0,0,0
mozambique_3_00953,HIV/SIDA: Pacientes em Moçambique vêem esperança de vida longa no tratamento,0,0,0,2,0,0
mozambique_3_00954,Cabora Bassa sem medo da concorrência,0,0,0,0,0,0
mozambique_3_00955,"A FIFA é uma entidade formada por ""filhos da p....""",2,0,0,0,0,0
mozambique_3_00956,Palestina: Raiva frente aos Papéis Palestinos,2,0,0,0,0,0
mozambique_3_00957,Top Ten Americano: Música latina aquece verão,0,0,0,0,0,0
mozambique_3_00958,Morreu Bra Hugh Masekela,0,0,0,0,2,0
mozambique_3_00959,Moçambique terá lei para a recuperação de ativos resultantes da corrupção,0,0,0,2,0,0
mozambique_3_00960,Brasil: Sobre a condenação do Vaticano no caso de aborto da menina estuprada,0,2,0,0,0,0
mozambique_3_00961,Moçambique: riqueza gera dilema,0,0,0,0,0,0
mozambique_3_00962,Moçambique: 50% de crianças com menos de 5 anos malnutridas,0,0,0,0,2,0
mozambique_3_00963,Israel em dia de eleições apertadas,0,0,0,0,0,0
mozambique_3_00964,Renamo e MDM querem debater lei sobre corrupção,0,0,0,0,0,0
mozambique_3_00965,Governo moçambicano quer acabar com crianças de rua,0,0,0,2,0,0
mozambique_3_00966,OMS refuta acusações do Presidente americano sobre financiamento da agência,0,0,0,0,0,0
mozambique_3_00967,"Audição parlamentar do antigo ministro das Finanças de Moçambique pode esclarecer ""dívidas ocultas""",0,0,0,0,0,0
mozambique_3_00968,A fracassada integração regional da Cúpula das Américas,0,0,0,0,0,0
mozambique_3_00969,"“A melhor forma de render homenagem ao Kueno é dar continuidade à sua obra”, Dom Caetano",0,0,0,0,0,0
mozambique_3_00970,Desabamento de terra mata oito garimpeiros em Manica,0,0,0,0,3,0
mozambique_3_00971,"""O boxe me fez quem eu sou"", diz Cristiano Ndombassy",0,0,0,0,0,0
mozambique_3_00972,Marcha de estudantes contra regalias de funcionários do Parlamento reprimida em Maputo,2,0,0,0,0,0
mozambique_3_00973,Conflito no Iêmen afeta seriamente as crianças do país,0,0,0,0,2,0
mozambique_3_00974,"Caçadores furtivos ""profissionalizam"" suas acções em Moçambique",0,2,0,0,0,0
mozambique_3_00975,Encerrada empresa clandestina que contratava moçambicanos para trabalhar na Nigéria,0,0,0,0,0,0
mozambique_3_00976,Militares em Nampula acusados de agressões e violações,0,2,0,0,0,0
mozambique_3_00977,Ébola: São Tomé ordena patrulhas marítimas,0,0,0,0,0,0
mozambique_3_00978,"Frelimo e Renamo aprovam eleições nas províncias, MDM critica",0,0,0,0,0,0
mozambique_3_00979,Ucrânia: Projeto de lei homofóbico levado à pauta antes da eleição,0,2,0,0,0,0
mozambique_3_00980,"“Sei que o povo gosta de mim”, Dulce Neves, cantora guineense",0,0,0,0,0,0
mozambique_3_00981,“Ponta Gea” de João Paulo Borges Coelho sai hoje,0,0,0,0,0,0
mozambique_3_00982,Grande parte do México sofre com os efeitos de dois terremotos em um mês,0,0,0,0,2,0
mozambique_3_00983,Cheias em Nampula afectam milhares de pessoas,0,0,0,0,2,0
mozambique_3_00984,Primeiro-ministro australiano minimiza alegações de tortura no Sri Lanka,1,0,0,0,0,0
mozambique_3_00985,Drogba entra e dá sentido ao jogo da Costa do Marfim,0,0,0,0,0,0
mozambique_3_00986,Corrupção em Moçambique sem alteração,2,0,0,0,0,0
mozambique_3_00987,P.W. lança novo EP “Welcome”,0,0,0,0,0,0
mozambique_3_00988,“Quem policia a polícia” e outras músicas brasileiras que denunciam a violência policial,0,0,0,0,0,0
mozambique_3_00989,"Em música e videoclipe, refugiados agradecem ao Brasil por acolhê-los",0,0,0,2,0,0
mozambique_3_00990,Juízes moçambicanos pedem mais protecção,0,0,0,0,0,0
mozambique_3_00991,São Tome & Principe: Meio Ambiente em Perigo pela Exploração Petrolífera,0,0,2,0,0,0
mozambique_3_00992,A escritora best-seller do século XIX que foi excluída da Academia Brasileira de Letras,2,0,0,0,0,0
mozambique_3_00993,Venezuela: rainha da beleza morre do tiro que levou durante os protestos,0,0,0,0,3,0
mozambique_3_00994,Mosquito denuncia corrupção no futebol angolano e demite-se,0,0,0,0,0,0
mozambique_3_00995,Festival da Lusofonia em Nova Iorque: Uma oportunidade para a interacção,0,0,0,0,0,0
mozambique_3_00996,Angola: Presos e desaparecidos por “pensarem diferente”,2,0,0,0,0,0
mozambique_3_00997,Trending: The Rock anuncia que ele e família têm Covid-19,0,0,0,0,2,0
mozambique_3_00998,Hospitais de Malanje sem dinheiro para pagar contratados,0,0,0,0,2,0
mozambique_3_00999,Moçambique: Metade dos bebés nascidos com SIDA morrem antes dos dois anos,0,0,0,0,3,0
mozambique_3_01000,Messi fala em sorte e agradece a Deus,0,0,0,1,0,0
mozambique_3_01001,Turquia: Refugiados sírios são alvejados após as explosões de Reyhanl?,0,0,0,0,2,0
mozambique_3_01002,Filipe Nyusi desafia moçambicanos a viverem sem medo,0,0,0,0,0,0
mozambique_3_01003,"Estereótipos persistentes, preconceitos latentes: negros e histórias em quadrinhos no Brasil",0,0,0,0,0,0
mozambique_3_01004,Bob Dylan envia discurso para cerimónia de Nobel de que estará ausente,0,0,0,0,0,0
mozambique_3_01005,"Filho do presidente angolano gasta 500 mil euros em leilão, expondo riqueza extrema da família Dos Santos",2,0,0,0,0,0
mozambique_3_01006,Artes & Entretenimento: Eduardo White,0,0,0,0,0,0
mozambique_3_01007,O que colocou o Brasil de volta ao Mapa da Fome da ONU depois de oito anos fora,0,0,0,0,2,0
mozambique_3_01008,Michael Schumacher sai do coma,0,0,0,2,0,0
mozambique_3_01009,Congresso de mulheres católicas em Nampula,0,0,0,0,0,0
mozambique_3_01010,Incêndio destrói depósito de medicamentos de Manica,0,0,0,0,3,0
mozambique_3_01011,FAP dos Camarões vende cara a derrota diante do Petro de Luanda,0,0,0,0,0,0
mozambique_3_01012,Mulheres de cinco continentes recebem prêmio por contribuição para o esporte,0,0,0,2,0,0
mozambique_3_01013,Naufrágio deixa seis mortos no Rio Zambeze,0,0,0,0,2,0
mozambique_3_01014,Blogueira cubana tem visto negado para entrar nos EUA,2,0,0,0,0,0
mozambique_3_01015,Presidente do Santa Rita rejeita relatório sobre mortes no seu estádio,0,0,0,0,0,0
mozambique_3_01016,São Tomé e Príncipe pede apoio de Angola para desenvolver desporto,0,0,0,0,0,0
mozambique_3_01017,Confira fotos dos quartos de final do Campeonato Africano das Nações,0,0,0,0,0,0
mozambique_3_01018,ASF: No combate ao HIV-SIDA a prevenção ainda é o melhor remédio - Dra. Nádia Camate,0,0,0,0,0,0
mozambique_3_01019,CS da ONU exige nomeação de novo primeiro-ministro e Governo na Guiné-Bissau,0,0,0,0,0,0
mozambique_3_01020,"África do Sul pode deparar-se com ""violência catastrófica""",0,0,2,0,0,0
mozambique_3_01021,"Assim como os EUA, Trinidad e Tobago não irá à Copa do Mundo de 2018, mas um deles tem algo para comemorar",0,0,0,0,0,0
mozambique_3_01022,CBF pede esclarecimentos à FIFA sobre lances do jogo com a Suíça,0,0,0,0,0,0
mozambique_3_01023,Palestina: Contagem regressiva para guerra contra o Irã,0,0,2,0,0,0
mozambique_3_01024,Malária provoca dois mil óbitos no primeiro trimestre deste ano em Angola,0,0,0,0,2,0
mozambique_3_01025,Brasil: Líder Indígena Critica Políticas “Desenvolvimentistas”,0,0,0,0,0,0
mozambique_3_01026,Movimentos da libertação de países da África Austral reiteram necessidade de união,0,0,0,0,0,0
mozambique_3_01027,O presidente Jair Bolsonaro não é o único a defender o trabalho infantil – os brasileiros ricos também não veem problemas,0,2,0,0,0,0
mozambique_3_01028,Guiné Equatorial: Escritor em Greve de Fome,2,0,0,0,0,0
mozambique_3_01029,Daviz Simango evacuado para a África do Sul,0,0,0,0,2,0
mozambique_3_01030,"Resultados cômicos e não desejados da visita oficial do presidente da Turquia, Recep Erdogan, à Sérvia",0,0,0,0,0,0
mozambique_3_01031,"Líderes africanos não dominam questões de mudanças climáticas, diz Manuel de Araújo",0,0,0,0,0,0
mozambique_3_01032,Mali: O Rio Níger em Imagens,0,0,0,0,0,0
mozambique_3_01033,Analistas dizem ser normal posição de Angola sobre a embaixada americana em Jerusalém,0,0,0,0,0,0
mozambique_3_01034,"Morreu Neno, guarda-redes cabo-verdiano que fez carreira em Portugal",0,0,0,0,2,0
mozambique_3_01035,O jornalista e ativista digital Luis Carlos Díaz está desaparecido na Venezuela,0,0,2,0,0,0
mozambique_3_01036,Empresa de Mateus Zimba facilitou o suborno da Embraer na venda de aviões à LAM,2,0,0,0,0,0
mozambique_3_01037,China promete ajudar estudantes moçambicanos em Wuhan,0,0,0,2,0,0
mozambique_3_01038,"Alice Machado: ""Modiano é um escritor de fácil leitura e que cativa a todos"".",0,0,0,0,0,0
mozambique_3_01039,"""Cidade Velha"", em Cabo Verde, vai geminar-se com ilha de Moçambique",0,0,0,0,0,0
mozambique_3_01040,Manifestantes brasileiros convocam protestos contra Mundial pela Internet,0,0,0,0,0,0
mozambique_3_01041,Moçambique: embaixador de Angola termina comissão,0,0,0,0,0,0
mozambique_3_01042,As mil vozes de Gabriela Langa,0,0,0,0,0,0
mozambique_3_01043,Corrida para o negócio afecta o rigor jornalístico em Moçambique,0,0,0,0,2,0
mozambique_3_01044,Policia angolana dispersa protesto das mães dos activistas com violência,2,0,0,0,0,0
mozambique_3_01045,São Tomé e Príncipe: Memórias de um Navegante Solitário,0,0,0,0,0,0
mozambique_3_01046,Alerta para quem levar electrónicos à Rússia: podem ser hackeados,0,0,2,0,0,0
mozambique_3_01047,Paraguai: Medo da febre amarela provoca longas filas,0,0,2,0,0,0
mozambique_3_01048,A música de Cabo Verde através da obra do compositor Manel d´Novas em livro,0,0,0,0,0,0
mozambique_3_01049,Cristiano Ronaldo visita Angola em 2014,0,0,0,0,0,0
mozambique_3_01050,Angola Fala Só: Bilhete de Identidade Caló Pascoal,0,0,0,0,0,0
mozambique_3_01051,Justiça suspende assembleia da Federação São-tomense de Futebol,0,0,0,0,0,0
mozambique_3_01052,"Violência, mais Phelps e cubano desertor",0,0,0,0,0,0
mozambique_3_01053,Ocupação de venezuelanos sofre com ameaça de despejo no Brasil,0,0,2,0,0,0
mozambique_3_01054,Zimbábue: Faces da crise e um grito por ajuda,0,0,0,0,2,0
mozambique_3_01055,COVID-19: Moçambique e Cabo Verde registam novos casos da doença,0,0,2,0,0,0
mozambique_3_01056,Sudeste da Ásia: Crise dos Preços do Arroz e Outros Alimentos,0,0,0,0,2,0
mozambique_3_01057,Fim iminente do último espaço de dinamismo cultural em Luanda,0,0,0,0,2,0
mozambique_3_01058,"COVID-19: Autarca de Chimoio não remove túneis de desinfeção, mas promete adaptá-los",0,0,0,0,0,0
mozambique_3_01059,"Matemática argentina Dr. Dickenstein, vencedora do Prêmio Mulheres na Ciência: “siga sua paixão”",0,0,0,2,0,0
mozambique_3_01060,ONU suspende acções no Malawi devido ao vampirismo,0,0,2,0,0,0
mozambique_3_01061,Isabel Novella: Albúm de estreia previsto para finais de 2012,0,0,0,0,0,0
mozambique_3_01062,Trending: Drake quer rir agora e chorar mais tarde,0,0,0,0,0,0
mozambique_3_01063,Quirguistão: Locais protestam contra as forças policiais da OSCE,2,0,0,0,0,0
mozambique_3_01064,Mortos no Nepal ultrapassam os 2.500,0,0,0,0,2,0
mozambique_3_01065,"Energia verde na África: megaprojetos, distribuição fora da rede ou um meio-termo?",0,0,0,0,0,0
mozambique_3_01066,Angola: Catequistas de Cabinda acusam o Governo de perseguição religiosa,0,2,0,0,0,0
mozambique_3_01067,Brasil: Estação Central de ônibus Reflete a Precariedade dos Direitos Humanos,0,0,0,0,2,0
mozambique_3_01068,Hong Kong: como deter o fluxo de turistas que vem da China Continental para dar à luz?,0,0,0,0,0,0
mozambique_3_01069,Embaixador suiço espera acordo de paz em Moçambique até Abril,0,0,0,0,0,0
mozambique_3_01070,Destaques da Lusofonia Online em 2011,0,0,0,0,0,0
mozambique_3_01071,Refugiados chegam a Maputo em ambiente mais calmo,0,0,0,0,0,0
mozambique_3_01072,Desnutrição afecta 40 por cento de crianças moçambicanas,0,0,0,0,2,0
mozambique_3_01073,Dirigentes africanos fugidos de Portugal em 1961 reúnem-se em Cabo Verde,0,0,0,0,0,0
mozambique_3_01074,Há algo especial no 5 de Fevereiro - Ronaldo e Neymar celebram aniversário,0,0,0,0,0,2
mozambique_3_01075,Terrorista de Paris preso na Bélgica,0,0,0,2,0,0
mozambique_3_01076,"Notas ""não maravilhosas”",0,0,0,0,0,0
mozambique_3_01077,EUA: Ativistas furiosos após disparos fatais da polícia,2,0,0,0,0,0
mozambique_3_01078,Padre José Luzia lança o debate sobre a fé religiosa em Moçambique,0,0,0,0,0,0
mozambique_3_01079,Angola Fala Só: Bilhete de Identidade MCK,0,0,0,0,0,0
mozambique_3_01080,ONU: Síria tem a maior crise de refugiados do mundo,0,0,0,0,3,0
mozambique_3_01081,"Dois meses após Brumadinho, população de bairro de São Paulo ainda aguarda resposta sobre barragens da região",0,0,0,0,0,0
mozambique_3_01082,ONU indica que cerca de um milhão de pessoas enfrentam escassez de alimentos em Moçambique,0,0,0,0,2,0
mozambique_3_01083,Marrocos: Região de Tânger enfrenta graves enchentes,0,0,0,0,1,0
mozambique_3_01084,Jornalistas alertam para atentado contra a liberdade de imprensa,0,0,2,0,0,0
mozambique_3_01085,"Remessas de trabalhadores moçambicanos na África do Sul atingem 416,2 mil euros",0,0,0,0,0,0
mozambique_3_01086,Inventor de 23 anos criou sinal de rádio e televisão recorrendo a aparelhos atirados no lixo,0,0,0,2,0,0
mozambique_3_01087,Jornalistas e activistas moçambicanos são alvo de ameaças em ano eleitoral,0,0,2,0,0,0
mozambique_3_01088,"Eusébio, a lenda que desaparece",0,0,0,0,2,0
mozambique_3_01089,Melhor kizombeiro do Mundo escolhido domingo em Lisboa,0,0,0,0,0,0
mozambique_3_01090,João Lourenço exorta países africanos de língua portuguesa a concertarem posições,0,0,0,0,0,0
mozambique_3_01091,Escândalo do “Cimentaço” deixa rastros de corrupção na campanha presidencial da Costa Rica,2,0,0,0,0,0
mozambique_3_01092,Governo de Moçambique defende regresso dos refugiados no Malawi,0,0,0,0,0,0
mozambique_3_01093,"No Sul e Centro, 500 mil pessoas enfrentam insegurança alimentar",0,0,0,0,2,0
mozambique_3_01094,Alarmante falta de medicamentos nos hospitais moçambicanos,0,0,0,0,3,0
mozambique_3_01095,Subida da taxa do lixo exalta os ânimos em Nampula,2,0,0,0,0,0
mozambique_3_01096,"""Só vou conseguir absorver o Yali quando chegar a Moçambique"", Fernanda Lobato",0,0,0,0,0,0
mozambique_3_01097,Especialistas de todo o mundo debatem desenvolvimento local em Cabo Verde,0,0,0,0,0,0
mozambique_3_01098,"Aumenta para 25 o número de mortos em Uíge, diz fonte hospitalar",0,0,0,0,3,0
mozambique_3_01099,Filipe Nyusi inicia hoje visita aos Estados Unidos,0,0,0,0,0,0
mozambique_3_01100,2017: mais um ano de empoderamento feminino na América Latina,0,0,0,1,0,0
mozambique_3_01101,Michael Schumacher permanece em coma,0,0,0,0,2,0
mozambique_3_01102,Mundial custa 4 mil milhões de dólares em estádios e 8 mil milhões em outras obras,0,0,0,0,0,0
mozambique_3_01103,Muchanga defende força conjunta para proteger Afonso Dhlakama,0,0,0,0,0,0
mozambique_3_01104,Ausências de dos Santos ainda sem explicação,0,0,0,0,0,0
mozambique_3_01105,Direitos humanos em Moçambique com leituras diferentes,0,0,0,0,0,0
mozambique_3_01106,"Mayra Andrade, da cabo-vedianidade à universalidade",0,0,0,0,0,0
mozambique_3_01107,"""Legado de uma mentalidade colonial que deve acabar"", diz diretor-geral da OMS sobre testes em África",0,0,0,0,0,0
mozambique_3_01108,China: Convidem o Dalai Lama para as Olimpíadas,0,0,0,0,0,0
mozambique_3_01109,"Na Copa do Mundo do Brasil, brutalidade policial atinge manifestantes e jornalistas",2,0,0,0,0,0
mozambique_3_01110,Pedro Pimenta na Academia de Hollywood,0,0,0,0,0,0
mozambique_3_01111,Mr. Brazuca lança primeira EP da carreira solo,0,0,0,0,0,0
mozambique_3_01112,"Lil Nas X lança ""ténis do satanás"" - Nike responde com processo legal",0,0,0,0,0,0
mozambique_3_01113,"Meio-Ambiente: Bali, energia nuclear e opiniões verdes na África",0,0,0,0,0,0
mozambique_3_01114,Grécia: Projeto Comunitário defende “Alimentação Autêntica Natural”,0,0,0,0,0,0
mozambique_3_01115,Índia proíbe TikTok e outros 58 aplicativos em meio a crescente sentimento anti-China e conflitos na fronteira,0,0,2,0,0,0
mozambique_3_01116,COVID-19: Moçambique chega a 606 mortos e São Tomé e Príncipe tem quatro vítimas mortais num dia,0,0,0,0,2,0
mozambique_3_01117,50 anos da ditadura no Brasil: Um torturador francês na América do Sul,0,0,0,0,0,0
mozambique_3_01118,Incentivos fiscais suscitam dúvidas em Moçambique,0,0,0,0,0,0
mozambique_3_01119,"Suspensão de apoio ao Estado prejudica os mais pobres, diz Grupo Moçambicano da Dívida",0,0,0,0,2,0
mozambique_3_01120,"CAN 2021: Infectado com a covid-19, técnico guineense espera ter ""sorte"" contra o Egipto",0,0,0,0,0,0
mozambique_3_01121,Morre Diego Maradona,0,0,0,0,3,0
mozambique_3_01122,“Enquanto o trem não passa”: filme denuncia os caminhos tortos da mineração no Brasil,0,0,0,0,0,0
mozambique_3_01123,"No Quênia, caos na vacinação contra Covid-19 evidencia a lacuna entre ricos e pobres",2,0,0,0,0,0
mozambique_3_01124,Trending: Meghan Markle celebra 39 anos,0,0,0,0,0,0
mozambique_3_01125,Imprensa: Jornalistas moçambicanos querem mais acesso às fontes,0,0,0,0,0,0
mozambique_3_01126,Governo moçambicano aprova novos salários mínimos,0,0,0,0,0,0
mozambique_3_01127,Obama reitera urgência em reduzir a violência armada,0,0,0,0,0,0
mozambique_3_01128,"""Super Terça-Feira"": Joe Biden sai na frente e lidera corrida à nomeação democrata",0,0,0,0,0,0
mozambique_3_01129,Polícia moçambicana detém 23 etíopes indocumentados a caminho da África do Sul,0,0,0,0,0,0
mozambique_3_01130,PR de Cabo Verde vê com naturalidade adiamento da cimeira da CPLP,0,0,0,0,0,0
mozambique_3_01131,Brasil: Queda de dois ministros mancha Dilma Rousseff,0,0,0,0,0,0
mozambique_3_01132,Sia Tolno - A sua vida em música,0,0,0,0,0,0
mozambique_3_01133,Luta contra a Sida em Cabo Verde tem resultados positivos,0,0,0,2,0,0
mozambique_3_01134,"Israelitas, libaneses e smartphones",0,0,0,0,0,0
mozambique_3_01135,Corrupção ganha contornos alarmantes em Moçambique,2,0,0,0,0,0
mozambique_3_01136,Obama pressiona Raul Castro para respeitar direitos humanos,0,0,0,0,0,0
mozambique_3_01137,Delegação empresarial japonesa inicia visita de dois dias a Moçambique,0,0,0,0,0,0
mozambique_3_01138,Clima: Moçambique pede ajuda à ONU,0,0,0,0,0,0
mozambique_3_01139,Top Ten Americano: Nova música no mercado liderado por Cardi B e Drake,0,0,0,0,0,0
mozambique_3_01140,"Detectadas novas e mais perigosas ""superinfecções"" do HIV",0,0,3,0,0,0
mozambique_3_01141,Visita papal ofusca campanha eleitoral,0,0,0,0,0,0
mozambique_3_01142,Ciclone Idai: sistema de abastecimento de água restaurado na Beira,0,0,0,2,0,0
mozambique_3_01143,Cólera alastra-se em Moçambique,0,0,3,0,0,0
mozambique_3_01144,Museus em Angola: Caminhos para a sua gestão e auto-sustentabilidade,0,0,0,0,0,0
mozambique_3_01145,Novo surto de cólera em Nampula,0,0,3,0,0,0
mozambique_3_01146,Amazônia Extrema: Queimadas e cheias afetam saúde dos ribeirinhos,0,0,0,0,2,0
mozambique_3_01147,Cantor P.W. fala sobre kizomba e a letra das suas músicas,0,0,0,0,0,0
mozambique_3_01148,Exportadores americanos exploram mercado africano,0,0,0,0,0,0
mozambique_3_01149,Pelé sai hoje do hospital,0,0,0,2,0,0
mozambique_3_01150,"Diplomata americano na Ucrânia confirma ""quid pro quo""",0,0,0,0,0,0
mozambique_3_01151,"Teta Lágrimas: Um artista “fechado, tímido, acima do seu tempo”",0,0,0,0,0,0
mozambique_3_01152,"Kremlin entende de propaganda, mas não de photoshop: imagens falsas do MH17 fazem sucesso na internet",0,0,0,0,0,0
mozambique_3_01153,Economista questiona o destino dos activos da extinta Correios de Moçambique,0,0,0,0,0,0
mozambique_3_01154,Pirataria: Barco moçambicano já está na Somália,0,0,2,0,0,0
mozambique_3_01155,Caça furtiva movimenta cerca de 72 mil milhões de dólares,0,0,0,0,0,2
mozambique_3_01156,Cimeira sobre florestas começa em Durban,0,0,0,0,0,0
mozambique_3_01157,Morreu Shimon Peres,0,0,0,0,2,0
mozambique_3_01158,Líderes do G7 anunciam boicote ao ouro russo e 600 mil milhões para países em desenvolvimento,0,0,0,0,0,0
mozambique_3_01159,Quem matou Fabiane: como um boato na internet assassinou uma dona de casa no Brasil,0,0,0,0,2,0
mozambique_3_01160,Programa Mundial de Alimentos alerta que Angola vive pior seca desde 1981,0,0,0,0,2,0
mozambique_3_01161,Colombia: Resgate de Reféns Causa Preocupações,0,0,2,0,0,0
mozambique_3_01162,Frelimo reconhece papel de Dhlakama no processo de paz,0,0,0,0,0,0
mozambique_3_01163,Governo e empresas dos EUA exploram parcerias comerciais com Moçambique,0,0,0,0,0,0
mozambique_3_01164,Angola: Investigadores americanos apelam a OMS um comité de emergência para febre amarela,0,0,0,0,0,0
mozambique_3_01165,"""Morreu o Rei"": reacções à morte de Kobe Bryant e filha Gigi",0,0,0,0,2,0
mozambique_3_01166,Angola: Celebrando o mês da mulher angolana com poesia,0,0,0,2,0,0
mozambique_3_01167,Revista The Postcolonialist abre para submissões de artigos com tema ‘Locais de Casa’,0,0,0,0,0,0
mozambique_3_01168,"""Viver de música em Moçambique é complicado,"" diz Mentor Carismático",0,0,0,0,1,0
mozambique_3_01169,Dhlakama defende Governo integrado por partidos com assento parlamentar,0,0,0,0,0,0
mozambique_3_01170,Enfermeiros da Papua-Nova Guiné entram em greve devido à falta de proteção contra a COVID-19,2,0,0,0,0,0
mozambique_3_01171,Tensão ressurge no Kosovo após governo impor sanções sobre a Rússia,0,0,2,0,0,0
mozambique_3_01172,Moçambique: Tensão política está a afectar investimentos,0,0,2,0,0,0
mozambique_3_01173,Cancro da mama lidera lista de doenças cancerígenas em Cabo Verde,0,0,0,0,2,0
mozambique_3_01174,Guebuza vai estar presente no funeral de Kok Nam,0,0,0,0,0,0
mozambique_3_01175,Rússia: Combinação Mortal de Alcoolismo e Calor,0,0,0,0,2,0
mozambique_3_01176,Evan Claver mostra “Folk Tales - Contos populares” em Luanda,0,0,0,0,0,0
mozambique_3_01177,Cinco estrangeiros detidos em Moçambique na posse de material de guerra,0,0,2,0,0,0
mozambique_3_01178,"Top Ten Americano: Christina Aguilera deixa cair música de Kanye; Super J Cole ""rouba"" 3 lugares do top!",0,0,0,0,0,0
mozambique_3_01179,Morreu Augusto Matine,0,0,0,0,2,0
mozambique_3_01180,Marcelo é o capitão da canarinha,0,0,0,0,0,0
mozambique_3_01181,COVID-19: Casos da doença em Moçambique ascendem a 409 com mais 55 nas últimas 24 horas,0,0,2,0,0,0
mozambique_3_01182,Quênia: Uma ferramenta para denunciar atos de violência,0,0,0,2,0,0
mozambique_3_01183,Mudanças na constituição e desconfianças marcam o anúncio de eleições em Angola,2,0,0,0,0,0
mozambique_3_01184,‘Senti essa felicidade bem no fundo da minha alma': futebol nacional empolga o Afeganistão,0,0,0,2,0,0
mozambique_3_01185,Livro de Nuno Dala será lançado em Lisboa,0,0,0,0,0,0
mozambique_3_01186,Avião da LAM que fazia ligação entre Maputo e Luanda desaparece,0,0,2,0,0,0
mozambique_3_01187,"Moçambique, a hora de rever as infraestruturas",0,0,0,0,0,0
mozambique_3_01188,"Em meio a chuvas e inundações, Peru resiste como #UnaSolaFuerza",0,0,0,0,2,0
mozambique_3_01189,Maputo e Matola em calma com entrada das novas tarifas dos transportes colectivos,0,0,0,0,0,0
mozambique_3_01190,Malária mata 600 mil pessoas todos os anos,0,0,0,0,3,0
mozambique_3_01191,Livro de Emanuel Kunzika aborda contexto da luta de libertação em Angola,0,0,0,0,0,0
mozambique_3_01192,Alerta: subnutrição afecta maior parte das moçambicanas,0,0,0,0,2,0
mozambique_3_01193,Cantor gospel angolano quer afastar jovens da bebida alcoólica e aproximá-los de Deus,0,0,0,2,0,0
mozambique_3_01194,Direitos das crianças continuam a ser violados em Moçambique,0,0,0,0,2,0
mozambique_3_01195,Paquistão: Mais de 20 mortos em explosão de carro-bomba em Peshawar.,0,0,0,0,2,0
mozambique_3_01196,Moçambicanos saúdam trégua mas querem debate célere sobre questões económicas,0,0,0,0,0,0
mozambique_3_01197,Alemanha quer manter tradição de vencer jogo inaugural,0,0,0,0,0,0
mozambique_3_01198,Incentivos fiscais em Moçambique: prós e contras,0,0,0,0,0,0
mozambique_3_01199,"Ar Condicionado: Uma aventura introspetiva pelos sonhos, traumas e missões",0,0,0,0,0,0
mozambique_3_01200,Dhlakama explica viragem de Guebuza,0,0,0,0,0,0
mozambique_3_01201,"""Tubarões Azuis"" podem qualificar-se hoje para a fase seguinte do CAN",0,0,0,0,0,0
mozambique_3_01202,Autoridades investigam incêndio em barragem que fornece água a Maputo,0,0,0,0,0,0
mozambique_3_01203,Moçambique: Internautas desconfiam do verdadeiro propósito da nova “Lei sobre Transações Eletrónicas”,0,0,0,0,0,0
mozambique_3_01204,Senegal sai na frente,0,0,0,0,0,0
mozambique_3_01205,Quelimane: MDM em processo de consolidação,0,0,0,0,0,0
mozambique_3_01206,Ferroviário de Maputo Campeão Africano de Basquetebol Feminino,0,0,0,2,0,0
mozambique_3_01207,África procura as suas soluç?es para a crise COVID-19,0,0,0,0,0,0
mozambique_3_01208,EUA satisfeitos com apoio a doentes de sida em Moçambique,0,0,0,2,0,0
mozambique_3_01209,"Atacantes de Mocímboa da Praia estão activos, reconhece governador",0,0,2,0,0,0
mozambique_3_01210,Agricultura familiar no Paraguai enfrenta crise e camponeses exigem que o governo encontre soluções,0,0,0,0,1,0
mozambique_3_01211,CAN 2021: Cabo Verde estreia-se na prova com vitória sobre a Etiópia,0,0,0,0,0,0
mozambique_3_01212,"Kuatro Ases e See Man lançam single ""Sufoco""",0,0,0,0,0,0
mozambique_3_01213,Mia Couto finalista do Prémio São Paulo de Literatura,0,0,0,2,0,0
mozambique_3_01214,Pessoas com HIV podem ter uma vida normal e saudável se aderirem ao tratamento,0,0,0,2,0,0
mozambique_3_01215,Moçambique: tolerância zero ao abuso sexual contra crianças,0,0,0,0,0,0
mozambique_3_01216,Programa social beneficia viúvas em Nampula,0,0,0,2,0,0
mozambique_3_01217,Parque Nacional de Gorongosa quer travar casamentos prematuros,0,0,0,2,0,0
mozambique_3_01218,Ataque em Manica deixa dois mortos e três feridos,0,0,3,0,0,0
mozambique_3_01219,África procura atrair investimento dos EUA,0,0,0,0,0,0
mozambique_3_01220,Analistas questionam anúncio de doações de deputados do MPLA e da UNITA para combater a Covid-19,0,0,0,0,0,0
mozambique_3_01221,Cineasta moçambicano Licínio Azevedo ganha dois prémios em Marrocos,0,0,0,2,0,0
mozambique_3_01222,El-Nino baixou produção de 25 milhões de camponeses na Africa Austral,0,0,0,0,2,0
mozambique_3_01223,FIFA diz que secretário-geral não está envolvido em corrupção,0,0,0,0,0,0
mozambique_3_01224,China: Escândalos Recentes Mostram Batalha em Curso por Alimentos Seguros,0,0,0,0,0,0
mozambique_3_01225,Jovem angolano sonha ser artista,0,0,0,0,0,0
mozambique_3_01226,Criminalidade aumenta em Chimoio,0,0,2,0,0,0
mozambique_3_01227,COVID-19: Médico moçambicano infectado na Espanha,0,0,0,0,2,0
mozambique_3_01228,Últimas declarações de Dhlakama causam preocupação,0,0,2,0,0,0
mozambique_3_01229,Forças segurança nigerianas resgatam mais de 300 estudantes raptados,0,0,0,2,0,0
mozambique_3_01230,Joseph Blatter é reeleito presidente da FIFA,0,0,0,0,0,2
mozambique_3_01231,"Moçambique: Malária mata mais de 400 pessoas em oitos meses, revela o ministro da Saúde",0,0,0,0,2,0
mozambique_3_01232,Morreu o político moçambicano Máximo Dias,0,0,0,0,3,0
mozambique_3_01233,Queda de viaduto em Belo Horizonte causa dois mortos,0,0,0,0,2,0
mozambique_3_01234,BAL: Quem é o US Monastir da Tunísia,0,0,0,0,0,0
mozambique_3_01235,Torturador da ditadura militar é encontrado morto no Brasil,0,0,0,0,2,0
mozambique_3_01236,Ambientalista quer maior envolvimento das forças de segurança no combate à caça furtiva,0,0,0,0,0,0
mozambique_3_01237,Stewart Sukuma defende maior intercâmbio cultural entre Maputo e Luanda,0,0,0,0,0,0
mozambique_3_01238,Brasileiros analisam legado da Copa do Mundo,0,0,0,0,0,0
mozambique_3_01239,"Biden diz que condenação de Derek Chauvin é ""um passo em frente"", mas falta muito por fazer",0,0,0,0,0,0
mozambique_3_01240,Pesquisas indicam que maioria dos americanos aprova desempenho de Joe Biden,0,0,0,0,0,0
mozambique_3_01241,Global: Chances time a time na Copa do Mundo 2010,0,0,0,0,0,0
mozambique_3_01242,"Durante pandemia do novo coronavírus, adeus a familiares em velórios fica restrito no Brasil",0,0,0,0,2,0
mozambique_3_01243,Moçambique: Férias judiciais dividem opiniões,0,0,0,0,0,0
mozambique_3_01244,Nova associação de defesa dos direitos humanos surge em Cabinda,0,0,0,1,0,0
mozambique_3_01245,Os perigos de um confronto militar com a Coreia do Norte,0,0,2,0,0,0
mozambique_3_01246,Trending: Beyoncé lança edição Deluxe de “The Lion King: The Gift”,0,0,0,0,0,0
mozambique_3_01247,NEPAD criou apenas expectativas - diz historiador e diplomata moçambicano,0,0,0,0,0,0
mozambique_3_01248,Uruguai: A Celeste é recebida por uma multidão em Montevideu,0,0,0,2,0,0
mozambique_3_01249,COVID-19: Explosão da quarta vaga deixa estruturas de saúde com menos pessoal e mais casos,0,0,2,0,0,0
mozambique_3_01250,Moçambique repatria 17 etíopes,0,0,0,0,0,0
mozambique_3_01251,"A rejeição do “voto de condenação” à prisão dos ativistas em Angola “envergonha a todos”, dizem manifestantes",3,0,0,0,0,0
mozambique_3_01252,Renamo formaliza hoje a candidatura de Dhlakama à presidência da República,0,0,0,0,0,0
mozambique_3_01253,Angola esgotou reservas da vacina da febre amarela,0,0,2,0,0,0
mozambique_3_01254,"Quem é o melhor avançado em África. Drogba (Costa do Marfim), Eto’o (Camarões), Manucho (Angola), Gervinho (Costa do Marfim), Katongo (Zâmbia) ou Moses (Nigéria)? Envie nome do jogador para +12022671867. Obrigado.",0,0,0,0,0,0
mozambique_3_01255,Sudão: Sobrevivendo sem a ajuda das ONGs,0,0,0,0,1,0
mozambique_3_01256,EUA querem mais exportações de Moçambique,0,0,0,0,0,0
mozambique_3_01257,"""Uma familia pode trocar a sua filha, menor de idade, por um litro de óleo"" em Moçambique",0,2,0,0,0,0
mozambique_3_01258,Reputação da China é desafiada por percepções de produtos e projetos de baixa qualidade na Etiópia,0,0,0,0,0,0
mozambique_3_01259,Vacina da dengue ameaça a saúde de milhares de crianças nas Filipinas,0,0,2,0,0,0
mozambique_3_01260,Japão: Preocupações sobre a propagação do HIV/AIDS,0,0,2,0,0,0
mozambique_3_01261,"Trending: Michelle Obama, Cardi B, Shemar Moore ocupam top da popularidade",0,0,0,0,0,0
mozambique_3_01262,Por que o povo indígena pemón posicionou-se contra o governo de Nicolás Maduro?,2,0,0,0,0,0
mozambique_3_01263,Top Ten Americano: Edição Especial Natal - os Melhores Álbuns do Ano,0,0,0,0,0,0
mozambique_3_01264,Animadores africanos resgatam seus idiomas maternos com desenhos animados,0,0,0,2,0,0
mozambique_3_01265,Seca mata em Manica,0,0,0,0,2,0
mozambique_3_01266,Governo moçambicano promete colaborar com a ONU no caso Coreia do Norte,0,0,0,0,0,0
mozambique_3_01267,As eleições intercalares em Inhambane vão decorrer no dia 18 de Abril,0,0,0,0,0,0
mozambique_3_01268,João Lourenço apela em Nova Iorque aos investimentos americanos,0,0,0,0,0,0
mozambique_3_01269,Indignação no México por cruel assassinato de três estudantes de Cinema,3,0,0,0,0,0
mozambique_3_01270,"""Cancro violento do extremismo tem que terminar"" - Barack Obama",0,0,0,0,0,0
mozambique_3_01271,Médicos e soldados moçambicanos recebem formação sobre assistência em campo de batalha,0,0,0,0,0,0
mozambique_3_01272,Vitória LGBT em Angola: única associação do país é legalizada após cinco anos,0,0,0,0,0,2
mozambique_3_01273,"""Código de Processo Penal deve ser aprovado rapidamente"", dizem juristas moçambicanos",0,0,0,0,0,0
mozambique_3_01274,Bispos fazem apelo à paz em Moçambique,0,0,0,0,0,0
mozambique_3_01275,"Morre Celina Pereira, uma das maiores cantoras cabo-verdianas",0,0,0,0,2,0
mozambique_3_01276,Polícia moçambicana ativa alerta sobre tráfico humano em Manica,0,0,2,0,0,0
mozambique_3_01277,"A dois dias da eleição, Trump e Biden voltam aos estados de batalha",0,0,0,0,0,0
mozambique_3_01278,Morte de cinegrafista em protesto acende debate sobre legislação de “mão dura” no Brasil,3,0,0,0,0,0
mozambique_3_01279,"Vaticano diz que ""Spotlight"" é um filme emocionante e não anticatólico",0,0,0,0,0,0
mozambique_3_01280,Netizen Report: governo brasileiro quer ajuda do Google para manipular a opinião pública,0,3,0,0,0,0
mozambique_3_01281,Imigrantes de países africanos em Israel ficam por agora,0,0,0,0,0,0
mozambique_3_01282,Casos de cólera diminuem em Maputo,0,0,0,2,0,0
mozambique_3_01283,"Coréia: Morre o Ditador Norte-coreano, Kim Jong Il",0,0,0,0,2,0
mozambique_3_01284,Schumacher reage bem à saída do coma,0,0,0,2,0,0
mozambique_3_01285,"Índia: Veredito da Tragédia de Bhopal: Muito Pouco, Muito Tarde?",0,0,0,0,0,0
mozambique_3_01286,Nigéria: Campanha #Bringourgirlsback exige libertação de meninas raptadas,0,0,0,0,0,0
mozambique_3_01287,"Moçambique precisa de reinventar a educação, sugere o académico António Cipriano Gonçalves",0,0,0,0,0,0
mozambique_3_01288,Moçambique em alerta devido a ébola,0,0,3,0,0,0
mozambique_3_01289,"Morreu, o ""Capita "" do tri canarinho",0,0,0,0,2,0
mozambique_3_01290,"Ossufo Momade, presidente da Renamo",0,0,0,0,0,0
mozambique_3_01291,Palestina: Blogueiros em Gaza relatam o terror,0,0,2,0,0,0
mozambique_3_01292,Ameaças à liberdade de imprensa na luta contra o ébola na Libéria,0,2,0,0,0,0
mozambique_3_01293,Ignorância contribui para aumento de infecções de HIV na Huíla,0,0,0,0,3,0
mozambique_3_01294,Mulheres trans na indústria do sexo do Azerbaijão: Uma escolha livre ou apenas uma ilusão de escolha?,0,2,0,0,0,0
mozambique_3_01295,Noruega aconselha Moçambique a criar fundos de poupança e estabilização,0,0,0,0,0,0
mozambique_3_01296,Coronavírus «ameaça» reserva alimentar em Angola,0,0,2,0,0,0
mozambique_3_01297,Chuvas torrenciais matam em Nampula,0,0,0,0,3,0
mozambique_3_01298,COVID-19: Eventual retorno às aulas preocupa os pais em Moçambique,0,0,2,0,0,0
mozambique_3_01299,"“A ciência evoluiu, mas o estigma contra o HIV permanece”, afirma médico brasileiro",0,2,0,0,0,0
mozambique_3_01300,EUA: Morre o Lendário Cientista da Computação Dennis Ritchie,0,0,0,0,3,0
mozambique_3_01301,Pondo fim à brutalidade policial na Nigéria: festival de luzes em homenagem aos mortos,0,0,0,2,0,0
mozambique_3_01302,Campanha eleitoral renhida aproxima-se do fim em Moçambique,0,0,0,0,0,0
mozambique_3_01303,Artista Liene Bosquê faz três exposições em Nova York,0,0,0,0,0,0
mozambique_3_01304,Joe Biden promulga Plano de Resgate Americano e injecta biliões na economia,0,0,0,0,0,0
mozambique_3_01305,Cabo Verde: autor busca apoio financeiro para publicar livros,0,0,0,0,0,0
mozambique_3_01306,"Biden felicita Papa pela sua luta a favor dos pobres e Francisco diz que o Presidente é um ""bom católico""",0,0,0,2,0,0
mozambique_3_01307,Jornalista é agredido pela Polícia Militar após jogo de futebol no Brasil,3,0,0,0,0,0
mozambique_3_01308,Panorama da Mídia Cidadã dos Países Lusófonos em 2010,0,0,0,0,0,0
mozambique_3_01309,"Para mulheres da periferia de São Paulo, direito ao parto humanizado é mais difícil de alcançar",0,0,0,0,2,0
mozambique_3_01310,Moçambique recebe mais 484 mil vacinas contra a Covid-19,0,0,0,2,0,0
mozambique_3_01311,“Pergunte à Dra. Nídia”: Tuberculose,0,0,0,0,0,0
mozambique_3_01312,Sociedade civil moçambicana lança campanha de apoio às vítimas das cheias,0,0,0,2,0,0
mozambique_3_01313,Prevenção de SIDA em grupos de alto risco na província de Nampula,0,0,0,0,0,0
mozambique_3_01314,"Mundial 2014: ""Podemos ser bons no futebol, mas não na organização""",0,0,0,0,0,0
mozambique_3_01315,Rádios comunitárias moçambicanas combatem casamentos prematuros,0,0,0,2,0,0
mozambique_3_01316,"""Ar Condicionado"", de Aline Frazão, ""passeia"" por festivais internacionais",0,0,0,0,0,0
mozambique_3_01317,"Angola Fala Só - Armando Machado: ""A selecção devia e podia ter feito mais""",0,0,0,0,0,0
mozambique_3_01318,Moçambicanos preparam passagem de ano modesta devido à crise,0,0,0,0,0,0
mozambique_3_01319,África: O BOBs e outros prêmios,0,0,0,0,0,0
mozambique_3_01320,FDA aprova medicamento anticâncer jamaicano à base de maconha,0,0,0,0,0,2
mozambique_3_01321,BAL: Quem é o Rivers Hoopers da Nigéria,0,0,0,0,0,0
mozambique_3_01322,"A dança colombiana ""embalou"" a Costa do Marfim.",0,0,0,0,0,0
mozambique_3_01323,"Angola Fala Só – “A polícia não cumpre a lei, cumpre ordens” – Osvaldo Caholo",2,0,0,0,0,0
mozambique_3_01324,Uganda: O Projeto de Lei Anti-Gay Está de Volta,0,3,0,0,0,0
mozambique_3_01325,"Unindo fotógrafos dos dois países, exposição “Cartas de Amor do Brasil ao Iraque” quer trazer mensagem de paz",0,0,0,2,0,0
mozambique_3_01326,Esta família de refugiados Sírios foi separada pelas novas regras de viagem dos EUA,0,0,0,0,0,0
mozambique_3_01327,Sede de querer viver num mundo melhor motiva empreendedora moçambicana a fazer o bem,0,0,0,1,0,0
mozambique_3_01328,Ativistas brasileiros relembram escândalos da Copa de 2014 em meio à prisão de chefões da FIFA,0,0,0,0,0,0
mozambique_3_01329,Novo ataque provoca pânico em multinacionais no norte de Moçambique,0,0,3,0,0,0
mozambique_3_01330,Top Ten Americano: Um fenómeno chamado Childish Gambino,0,0,0,0,0,0
mozambique_3_01331,Ismael Mussá não vai demitir-se de deputado,0,0,0,0,0,0
mozambique_3_01332,Inaugurada Casa de Acolhimento de vítimas da violência em Maputo,0,0,0,2,0,0
mozambique_3_01333,Victoria é o primeiro estado da Austrália a sancionar Lei sobre Morte Assistida,0,0,0,1,0,0
mozambique_3_01334,Moçambique diz que precisa de 100 milhões de dólares anuais para combater a malária,0,0,0,0,0,0
mozambique_3_01335,"Liga Africana de Basquetebol, afiliada à NBA, começa a 16 de Maio em Kigali",0,0,0,0,0,0
mozambique_3_01336,"COVID-19: Estado de Calamidade em Angola é ""perigoso"", dizem especialistas",0,0,2,0,0,0
mozambique_3_01337,Unicef revela que 700 mil crianças moçambicanas estão abandonadas à fome e delinquência,0,0,0,0,2,0
mozambique_3_01338,Frelimo acusa Renamo de incitar à desobediência civil e violência,0,0,0,0,0,0
mozambique_3_01339,Blogueiro testemunha encalhe em massa de golfinhos,0,0,0,0,0,0
mozambique_3_01340,Como leis ambientais podem beneficiar comunidades de baixa renda na Califórnia,0,0,0,2,0,0
mozambique_3_01341,Polônia: Reações iniciais à morte do Presidente Kaczy?ski,0,0,0,0,2,0
mozambique_3_01342,Sobrados - Uma herança histórica de Cabo Verde,0,0,0,0,0,0
mozambique_3_01343,Portugal e Espanha protagonizam primeiro “clássico”,0,0,0,0,0,0
mozambique_3_01344,Especialistas advertem para nova crise em Moçambique,0,0,2,0,0,0
mozambique_3_01345,Carcaças de ônibus como salas de aula? A internet moçambicana é contra essa ideia,0,1,0,0,0,0
mozambique_3_01346,Políticos chamados a evitar a violência na caça ao voto em Moçambique,0,0,0,0,0,0
mozambique_3_01347,EUA: Persiste o bloqueio político apesar do início dos cortes orçamentais,0,0,0,0,0,0
mozambique_3_01348,Trending: Alicia Keys lança novo álbum,0,0,0,0,0,0
mozambique_3_01349,CPLP debate livre circulação de pessoas,0,0,0,0,0,0
mozambique_3_01350,Adiamento da revisão constitucional em debate em Moçambique,0,0,0,0,0,0
mozambique_3_01351,"Acabou ""folhetim"" Barcelona - Real Madrid",0,0,0,0,0,0
mozambique_3_01352,"Freedom House: Cabo Verde, o melhor, e Angola, o pior",0,0,0,0,0,0
mozambique_3_01353,"A nepalesa Sapana Roka Magar, que oferece ritos funerários hindus para corpos não identificados, entra para a lista das 100 Mulheres de 2020 da BBC",0,0,0,0,0,2
mozambique_3_01354,"Moçambique precisa de 11,6 mil milhões de dólares para obras públicas",0,0,0,0,0,0
mozambique_3_01355,Bloqueios de internet em 2019: Índia continua entre os países que mais bloqueiam a internet,0,0,0,0,0,1
mozambique_3_01356,Coronavírus na RDC causa alarme no Uíge,0,0,2,0,0,0
mozambique_3_01357,Moçambique é o país mais arriscado do mundo para investir,0,0,0,0,3,0
mozambique_3_01358,Trending: Eleições nos EUA são o tema mais popular de hoje,0,0,0,0,0,0
mozambique_3_01359,"Bissau não deve ser ""caixote do lixo de ditadores"" - Liga dos Direitos Humanos",0,0,0,0,0,0
mozambique_3_01360,Estados Unidos repensam a sua presença em missões de paz da ONU em África,0,0,0,0,0,0
mozambique_3_01361,Oposição moçambicana exige prorrogação do recenseamento eleitoral,0,0,0,0,0,0
mozambique_3_01362,"FIFA baniu Chuck Blazer, o americano que aceitou 11 milhões de dólares em subornos",0,0,0,0,0,0
mozambique_3_01363,Moçambique: Governo estuda proposta lei da nacionalidade,0,0,0,0,0,0
mozambique_3_01364,Colisão de comboios deixa dois mortos e 70 feridos na Carolina do Sul,0,0,0,0,3,0
mozambique_3_01365,Moçambique: Jornalista Matias Guente absolvido do caso de difamação,0,0,0,0,0,0
mozambique_3_01366,"Amazônia Extrema: Como secas, queimadas e desmatamento afetam a vida dos ribeirinhos do Tapajós",0,0,0,0,2,0
mozambique_3_01367,Milhares de rohingyas fogem da violência e acabam abandonados na fronteira entre Bangladesh e Myanmar,0,0,0,0,2,0
mozambique_3_01368,Polícia censura exibição de filme em bairro brasileiro,0,0,0,0,0,2
mozambique_3_01369,Mães dos activistas presos em Angola proibidas de protestar,2,0,0,0,0,0
mozambique_3_01370,O primeiro satélite angolano perdeu sinal após lançamento — e a internet não perdoou,0,0,0,0,0,2
mozambique_3_01371,Universidade Georgetown debate democracia na Africa Lusófona,0,0,0,0,0,0
mozambique_3_01372,"Na celebração do 8 de Março, Mulher exige espaço para libertar o seu potencial",0,0,0,0,0,0
mozambique_3_01373,BM investe no combate à pobreza e preservacao dos recursos naturais em Mocambique,0,0,0,0,0,0
mozambique_3_01374,Brasil: Mural com a “Seleção dos Sonhos” para a Copa do Mundo,0,0,0,1,0,0
mozambique_3_01375,COVID-19: Brasil entra na lista dos seis países com mais mortes e projeções não são boas,0,0,2,0,0,0
mozambique_3_01376,Trending: Fãs são expulsos de jogo depois de discussão com LeBron James,0,0,0,0,0,0
mozambique_3_01377,"Guebuza e Dhlakama destacam diálogo, paz e boa governação",0,0,0,0,0,0
mozambique_3_01378,TV russa volta atrás depois de chamar um herói armênio de ‘colaborador fascista’,0,0,0,0,0,0
mozambique_3_01379,Jornalista publica livro sobre a história da rádio internacional,0,0,0,0,0,0
mozambique_3_01380,Trabalhador do megaprojecto de gás em Cabo Delgado morto por desconhecidos,0,0,0,0,2,0
mozambique_3_01381,Moçambique: Exportação ilegal de madeira continua a ser problema,0,0,0,0,2,0
mozambique_3_01382,"“Status Quo”, a crise moçambicana nas telas de Nelsa Guambe",0,0,0,0,0,0
mozambique_3_01383,Alemanha ameaça sanções à Rússia por envenenamento de Navalny,0,0,2,0,0,0
mozambique_3_01384,Os melhores anúncios do Mundial,0,0,0,0,0,0
mozambique_3_01385,"Ainda é cedo para pedir perdão da dívida, considera Joaquim Chissano",0,0,0,0,0,0
mozambique_3_01386,Estados Unidos ajudam a iluminar 92 unidades sanitárias em Sofala,0,0,0,2,0,0
mozambique_3_01387,Porta-voz de antigos combatentes posto em liberdade,0,0,0,0,0,0
mozambique_3_01388,Governo e partidos cabo-verdianos destacam papel de Dhlakama no desenvolvimento de Moçambique,0,0,0,0,0,2
mozambique_3_01389,Moçambique aposta na investigação científica,0,0,0,2,0,0
mozambique_3_01390,"Falta água em São Paulo, mas autoridades negam necessidade de racionamento",2,0,0,0,0,0
mozambique_3_01391,“Caso Embraer” remetido ao tribunal de Maputo,0,0,0,0,0,0
mozambique_3_01392,EUA: Colégio Eleitoral reúne segunda-feira para confirmar vitória de Joe Biden,0,0,0,0,0,0
mozambique_3_01393,Eduardo dos Santos de novo em Barcelona,0,0,0,0,0,0
mozambique_3_01394,Filipe Nyusi reconhece pressões contra diálogo com Dhlakama,0,0,0,0,0,0
mozambique_3_01395,Biden diz estar convencido que Putin decidiu atacar a Ucrânia,0,0,0,0,0,0
mozambique_3_01396,O estado da tortura no mundo em 2013,0,0,0,0,0,0
mozambique_3_01397,Angola: Similaridades entre Cabinda e Timor Leste,0,0,0,0,0,0
mozambique_3_01398,Dez pessoas morrem em Moçambique durante tumulto em comício da FRELIMO,0,0,0,0,3,0
mozambique_3_01399,Fonteira de Ressano Garcia aberta 24 horas por dia até 6 de Maio,0,0,0,2,0,0
mozambique_3_01400,Brasil: Altos Índices de Estresse no Trabalho,0,0,0,0,0,0
mozambique_3_01401,Friagem atinge a amazônia peruana: consequência da mudança climática,0,0,0,0,0,0
mozambique_3_01402,Ouvinte moçambicana fala sobre as preocupações de uma mãe com criança pequena em Maputo,0,0,0,0,0,0
mozambique_3_01403,Família Frelimo Reúne-se em Nampula,0,0,0,0,0,0
mozambique_3_01404,"“Talvez o Brasil não seja uma ditadura, mas muito menos é uma democracia”, afirma Mário Magalhães",0,0,0,0,0,0
mozambique_3_01405,BAL: Quem é o AS Salé de Marrocos,0,0,0,0,0,0
mozambique_3_01406,Moçambique: Destacado constitucionalista opõe-se a emenda da lei fundamental,0,0,0,0,0,0
mozambique_3_01407,COVID-19 na Palestina: vivendo entre a esperança e o medo,0,0,2,0,0,0
mozambique_3_01408,Barcelona sob tensão: Sagrada Família evacuada devido a ameaça terrorista,0,0,3,0,0,0
mozambique_3_01409,"Trending: Lizzo, Meek Mill, Keanu Reeves, DACA",0,0,0,0,0,0
mozambique_3_01410,CAN 2021: Cabo Verde sem treinador prepara jogo contra a Etiópia no domingo,0,0,0,0,0,0
mozambique_3_01411,As muitas faces da violência cotidiana contra as mulheres,0,0,0,0,2,0
mozambique_3_01412,Avião da LAM forçado a interromper o voo após quebra de vidro frontal,0,0,2,0,0,0
mozambique_3_01413,Pároco da Sé Catedral de Pemba apela ao calar das armas e pela paz,0,0,0,0,0,0
mozambique_3_01414,HRW pede ajuda e respeito pelos refugiados em Cabo Delgado,0,0,0,0,0,0
mozambique_3_01415,Museu sobre a escravatura inaugurado no Algarve “para que não se apague a memória”,0,0,0,2,0,0
mozambique_3_01416,Trending: Russell Westbrook sai dos Rockets para os Wizards,0,0,0,0,0,0
mozambique_3_01417,Vaga de deslocados chega a Mocímboa da Praia,0,0,0,0,2,0
mozambique_3_01418,Estados Unidos: Cinco anos depois da espiral económica descendente,0,0,0,0,0,0
mozambique_3_01419,COVID-19: Moçambique recebe vítimas mortais vindas da África do Sul,0,0,0,0,2,0
mozambique_3_01420,"O uso desregrado do álcool provoca anualmente 2,5 milhões de mortes",0,0,0,0,3,0
mozambique_3_01421,Nampula tem 55 por cento de índice de desnutrição crónica,0,0,0,0,2,0
mozambique_3_01422,Milhares de bebés continuam a nascer contaminados com HIV em Moçambique,0,0,0,0,3,0
mozambique_3_01423,Senegal conquista seu primeiro Campeonato Africano das Nações em futebol,0,0,0,2,0,0
mozambique_3_01424,Presidente moçambicano diz que insurgentes executaram cinco dos seus membros em Lumbo,0,0,3,0,0,0
mozambique_3_01425,Crise financeira poderá afectar o tratamento da Sida em Moçambique,0,0,2,0,0,0
mozambique_3_01426,Trump toma medidas executivas sobre o pacote de alívio económico,0,0,0,0,0,0
mozambique_3_01427,Mário Coluna em coma estacionário,0,0,0,0,2,0
mozambique_3_01428,Desporto: Angolano Carlos Morais nomeado a melhor atleta do ano,0,0,0,2,0,0
mozambique_3_01429,Angola: Polícia a Ferro e Fogo Contra Manifestação Por Eleições Justas,0,0,0,0,0,0
mozambique_3_01430,"Luanda: ""Ponte Cultural"" aproxima Angola e Brasil",0,0,0,0,0,0
mozambique_3_01431,Incêndio no Museu Nacional destrói parte importante da história brasileira,0,0,0,0,2,0
mozambique_3_01432,Moçambicanos perdem emprego nas minas da África do Sul,0,0,0,0,2,0
mozambique_3_01433,"COVID-19: Mega-operação milionária nos EUA ""ataca"" vacina antes do fim do ano",0,0,2,0,0,0
mozambique_3_01434,Onda de ataques contra taxistas limita serviço em Nampula,0,0,2,0,0,0
mozambique_3_01435,Mauritânia: A Face da Escravidão Moderna,2,0,0,0,0,0
mozambique_3_01436,Antigo futebolista francês Lilian Thuram lança livro em Luanda,0,0,0,0,0,0
mozambique_3_01437,Ucrânia: O Sofrimento dos Tártaros da Criméia,0,0,0,0,1,0
mozambique_3_01438,Advogados moçambicanos desafiam a polícia a encontrar os mandantes de raptos,0,0,0,0,0,0
mozambique_3_01439,Ameaça de bomba em hotel de Rostov-on-Don,0,0,2,0,0,0
mozambique_3_01440,"Insurgentes em Cabo Delgado fazem ""razias"" com sequestro de raparigas, diz Save the Children",0,0,2,0,0,0
mozambique_3_01441,"Top Ten Americano: LL Cool J é o rei, todos querem Beyoncé e Cardi B do strip para os grandes palcos",0,0,0,0,0,0
mozambique_3_01442,O presidente da Google faz visita surpresa à Cuba para promover a liberdade na Internet,0,0,0,2,0,0
mozambique_3_01443,Meio Ambiente: Como será implementada a Green Tax na África do Sul?,0,0,0,0,0,0
mozambique_3_01444,Líbano: Capitão do barco com nitrato de amónio confirma que o destino era Moçambique,0,0,0,0,0,0
mozambique_3_01445,Jovens reúnem-se na China para conter perda da biodiversidade e promover harmonia com a natureza,0,0,0,2,0,0
mozambique_3_01446,Moçambicanos dizem “basta” ao clima de guerra e à crise económica que se abate sobre o país,2,0,0,0,0,0
mozambique_3_01447,Vacina contra a malária pode oferecer alívio ao maior flagelo de saúde pública na África,0,0,0,2,0,0
mozambique_3_01448,"Brasil diz adeus à Copa do Mundo, com derrota pesada",0,0,0,0,2,0
mozambique_3_01449,"Obama apela a luta contra a corrupção e pela liberdade numa África ""pujante""",0,0,0,0,0,0
mozambique_3_01450,"Dois irmãos, um sonho e uma trágica morte em um trailer nos EUA",0,0,0,0,3,0
mozambique_3_01451,"Trending: Debate vice-presidencial e reunião entre Sergio Ramos, Ronaldo e Pepe dominam redes sociais",0,0,0,0,0,0
mozambique_3_01452,Moçambique: Insurgentes continuam a ocupar Macomia e içaram a bandeira do Estado Islâmico,0,0,3,0,0,0
mozambique_3_01453,Egito: Mubarak castiga povo com fechamento de bancos e falta de comida,2,0,0,0,0,0
mozambique_3_01454,Organização de telecomunicações liderada por indígenas vence histórica batalha jurídica no México,0,0,0,2,0,0
mozambique_3_01455,Intervenção militar no Mali pode demorar ainda meses ou mesmo um ano,0,0,0,0,0,0
mozambique_3_01456,Time de futebol brasileiro lança campanha contra o racismo,0,0,0,2,0,0
mozambique_3_01457,Repórteres espancados por elementos da Renamo,0,2,0,0,0,0
mozambique_3_01458,Milhares aguardam tratamento de fístula obstétrica,0,0,0,0,0,0
mozambique_3_01459,Filipe Nyusi em Londres para Cimeira da Commonwealth,0,0,0,0,0,0
mozambique_3_01460,25 de Abril: um património de todos,0,0,0,0,0,0
mozambique_3_01461,Hip Hop conquista Moçambique,0,0,0,0,0,0
mozambique_3_01462,Estados Unidos intensificam combate ao Ébola,0,0,0,2,0,0
mozambique_3_01463,CIP exige publicação de contratos dos recursos naturais de Moçambique,0,0,0,0,0,0
mozambique_3_01464,Moçambique: Mais uma grande descoberta de gás na bacia do Rovuma,0,0,0,2,0,0
mozambique_3_01465,"Jornalista moçambicano desaparecido: ""Sem rasto"", Polícia pede ajuda",0,0,0,0,2,0
mozambique_3_01466,Quando foi sua primeira experiência de assédio sexual? Brasileiras reagem à violência online,0,0,0,0,2,0
mozambique_3_01467,Dhlakama acusa Governo moçambicano de reactivar esquadrões da morte,0,0,2,0,0,0
mozambique_3_01468,Encontro entre Nyusi e Dhlakama sem data marcada,0,0,0,0,0,0
mozambique_3_01469,Moçambique precisa de melhorar a qualidade de educação,2,0,0,0,0,0
mozambique_3_01470,Eduardo dos Santos é o líder menos popular de África,0,0,0,0,0,0
mozambique_3_01471,BAL: Quem é o AS Police do Mali,0,0,0,0,0,0
mozambique_3_01472,Procurador suíço vai interrogar Joseph Blatter,0,0,0,0,0,0
mozambique_3_01473,Protestos invadem cidades brasileiras antes da abertura do Mundial,0,0,0,0,0,2
mozambique_3_01474,Orlando Venhereque: Música para Unir Povos,0,0,0,0,0,0
mozambique_3_01475,Angola: Quando as mulheres vão ser tratadas com respeito e igualdade?,2,0,0,0,0,0
mozambique_3_01476,2011: Sonhos e Desafios,0,0,0,0,0,0
mozambique_3_01477,Uma discussão na Suprema Corte pode colocar em risco terras e direitos indígenas no Brasil,2,0,0,0,0,0
mozambique_3_01478,Índia e países africanos procuram novos relacionamentos,0,0,0,0,0,0
mozambique_3_01479,Os Efeitos da Recessão na Maternidade,0,0,0,0,0,0
mozambique_3_01480,Lokua Kanza: “O mundo precisa de amor”,0,0,0,0,0,0
mozambique_3_01481,Quelimane precisa de 59 milhões de dólares para reabilitar pontes,0,0,0,0,0,0
mozambique_3_01482,Mesmo com novas leis o Brasil tem dificuldade em proteger mulheres e feminicídio aumenta,0,0,0,0,2,0
mozambique_3_01483,"""Escritores que se deixam corromper pela ligação com o poder não perduram no tempo""",0,0,0,0,0,0
mozambique_3_01484,#FreeAmade: detenção de jornalista gera indignação em Moçambique,2,0,0,0,0,0
mozambique_3_01485,América Latina de bicicleta: Planeta pede pedal,0,0,0,0,0,0
mozambique_3_01486,‘Fui assaltada três vezes': Medo da criminalidade desencoraja inscrições universitárias em El Salvador,0,0,3,0,0,0
mozambique_3_01487,Sons do Atlântico: Show na Baía de Luanda juntou energia angolana à moçambicana e à brasileira,0,0,0,0,0,0
mozambique_3_01488,Mulheres continuam desfavorecidas no acesso ao emprego,0,0,0,0,1,0
mozambique_3_01489,EUA rejeitam alegação russa sobre ataque químico na Síria,0,0,0,0,0,0
mozambique_3_01490,Nampula: Portadores de deficiência sem oportunidades de emprego,0,0,0,0,3,0
mozambique_3_01491,Apesar de novas tecnologias o livro não morreu,0,0,0,0,0,0
mozambique_3_01492,Petro de Luanda é medalha de bronze da Basketball Africa League,0,0,0,0,0,0
mozambique_3_01493,Dez antigos guerrilheiros da Renamo integrados na Polícia de Moçambique,0,0,0,1,0,0
mozambique_3_01494,Dhlakama volta a ameaçar,0,0,2,0,0,0
mozambique_3_01495,Cerca de 20 por cento dos potenciais eleitores moçambicanos podem ficar sem se recensear,2,0,0,0,0,0
mozambique_3_01496,"Joaquim Chissano: Africanos estão mais unidos, mas devem erradicar conflitos e apostar na educação",0,0,0,0,0,0
mozambique_3_01497,Antony Blinken e Sergei Lavrov reúnem-se em Genebra na sexta-feira com Ucrânia na agenda,0,0,0,0,0,0
mozambique_3_01498,Cresce a apreensão na Uganda sobre casos de febre gerada por vírus mortal,0,0,2,0,0,0
mozambique_3_01499,"CAN arranca este Sábado, 17 de Janeiro",0,0,0,0,0,0
mozambique_3_01500,"Livro ""Mafalala:memórias e espaços de um lugar"" no mercado próximo domingo",0,0,0,0,0,0
mozambique_3_01501,‘Basta de remoções forçadas!': Anistia Internacional denuncia Copa do Mundo no Brasil,1,0,0,0,0,0
mozambique_3_01502,Moody´s desce rating de Moçambique e primeiro-ministro viaja de urgência para Washington,0,0,0,0,0,2
mozambique_3_01503,Guiné-Bissau: Impacto do Turismo no Arquipélago dos Bijagós,0,0,0,0,0,0
mozambique_3_01504,Falhas no plano de segurança na origem da tragédia do Uíge,0,0,0,0,2,0
mozambique_3_01505,Trending: Donald Trump e Will Smith dominam os tópicos populares,0,0,0,0,0,0
mozambique_3_01506,Rússia bate record de percurso da Tocha Olímpica,0,0,0,0,0,0
mozambique_3_01507,Ossufo quer desmilitarização digna e humanizada dos homens da Renamo,0,0,0,0,0,0
mozambique_3_01508,Arabeyes: Comos os palestinos foram derrotados por si mesmos!,0,0,0,0,0,1
mozambique_3_01509,Alguns apontam que a recente tempestade de granizo é um sinal das mudanças climáticas no Quênia,0,0,0,0,0,0
mozambique_3_01510,Ramos Horta diz que eleições na Guiné-Bissau não podem ser adiadas,0,0,0,0,0,2
mozambique_3_01511,"Meio-Ambiente: Mapas, comunidades e calculadores de carbono",0,0,0,0,0,0
mozambique_3_01512,Professores universitários moçambicanos contra regime de exclusividade,0,0,0,0,0,0
mozambique_3_01513,"Candidato à Presidência do Brasil, Eduardo Campos morre em um acidente de avião",0,0,0,0,3,0
mozambique_3_01514,Estará a LAM em condições de voltar ao espaço aéreo europeu?,0,0,0,0,0,0
mozambique_3_01515,Filipe Nyusi e Daviz Simango retomam contactos regulares,0,0,0,0,0,0
mozambique_3_01516,"Embaixadora americana na ONU defende ""dois Estados"" como solução para crise entre israelitas e palestinianos",0,0,0,0,0,0
mozambique_3_01517,Vozes Globais: Ronda geral ao som da lusofonia,0,0,0,0,0,0
mozambique_3_01518,"Renamo exige comissão de inquérito para avaliar ""provocações""",0,0,0,0,0,0
mozambique_3_01519,Michael Schumacher continua estável mas em estado crítico,0,0,0,0,1,0
mozambique_3_01520,"Covid 19: Governo angolano deve melhorar estratégia de comunicação, dizem especialistas",0,0,0,0,0,0
mozambique_3_01521,"CAN 2021: Guiné-Bissau ""apura"" Cabo Verde para a fase seguinte",0,0,0,0,0,0
mozambique_3_01522,Egito: Gravação de Iara Lee do Ataque à Flotilha,0,0,0,0,0,0
mozambique_3_01523,Brasil: Governo corta salários de médicos do sistema público de saúde,2,0,0,0,0,0
mozambique_3_01524,Cancro: “Assassino silencioso” que ameaça o desenvolvimento de África,0,0,2,0,0,0
mozambique_3_01525,Espanha: Líder catalão apela à calma,0,0,0,0,0,0
mozambique_3_01526,"Revelação do spyware Pegasus indica que a Índia está espionando jornalistas, ativistas e políticos",0,0,2,0,0,0
mozambique_3_01527,"Joaquim Chissano fala em falta de cultura democrática em Moçambique, analistas contradizem",0,0,0,0,0,0
mozambique_3_01528,"Tailândia, Camboja: Conflito fronteiriço se intensifica",0,0,2,0,0,0
mozambique_3_01529,"Trending: iPhone 12 é tudo e mais alguma coisa, segundo a Apple",0,0,0,0,0,0
mozambique_3_01530,"Três ativistas anti-Copa acusam o Brasil de perseguição política e, em vão, procuraram asilo no Consulado do Uruguai",0,0,2,0,0,0
mozambique_3_01531,"""EUA podem ser parte da solução da crise brasileira"", diz director do Instituto Brasil",0,0,0,0,0,0
mozambique_3_01532,"Angola Fala Só - Caló Pascoal: ""É necessário lutar contra o materialismo""",0,0,0,0,0,0
mozambique_3_01533,Equador: Rompendo laços dilomáticos com a Colômbia,0,0,0,0,0,2
mozambique_3_01534,Polícia moçambicana envolvida no desaparecimento de cornos de rinoceronte,2,0,0,0,0,0
mozambique_3_01535,"Brasil: A Morte de Sócrates, Um Ídolo Brasileiro",0,0,0,0,2,0
mozambique_3_01536,Moçambique entre os países mais afectados pelo VIH,0,0,2,0,0,0
mozambique_3_01537,Moçambique: Diminui tortura nas prisões,0,0,0,2,0,0
mozambique_3_01538,Fome na África Incentiva o Debate sobre Biotecnologia,0,0,0,0,0,0
mozambique_3_01539,Beira: Centenas de pessoas tentam resgatar uma baleia na Praia dos Biques,0,0,0,0,0,0
mozambique_3_01540,Moçambique: Clips de Música com Perspectiva Regional,0,0,0,0,0,0
mozambique_3_01541,BAL: Quem é o FAP dos Camar?es,0,0,0,0,0,0
mozambique_3_01542,"Mãe confessa assassinato da própria filha em Trindade e Tobago, gerando discussões sobre violência, depressão, pobreza e saúde mental",0,3,0,0,0,0
mozambique_3_01543,"Em dia de tomada de posse, comunidade internacional pede estabilidade em Moçambique",0,0,0,0,0,0
mozambique_3_01544,Teresa Silva lança livro sobre migração como fenómeno global,0,0,0,0,0,0
mozambique_3_01545,"Moçambique: Parlamentares ""receiam acesso a fontes de informação""",0,0,0,0,0,0
mozambique_3_01546,Músicos etíopes acusados de terrorismo por suas letras ‘incitadoras’,0,2,0,0,0,0
mozambique_3_01547,"Enquanto o Paquistão combate a Covid-19, enxame de gafanhotos devasta suprimentos alimentares",0,0,0,0,2,0
mozambique_3_01548,Moçambique: Aumenta número de mortes da tempestade Chalane,0,0,0,0,2,0
mozambique_3_01549,"Paraolimpíadas 2012: Início Bem-Sucedido, Histórias Únicas",0,0,0,0,0,0
mozambique_3_01550,Ciclone Kenneth entrou em Macomia e Mocímboa da Praia e começou a provocar estragos,0,0,0,0,2,0
mozambique_3_01551,Brasil chora vendo seus mais antigos tesouros se transformarem em cinzas no incêndio do Museu Nacional,0,0,0,0,2,0
mozambique_3_01552,"Onda de violência no Brasil depois de derrota, Dilma manifesta tristeza no Twitter",0,0,3,0,0,0
mozambique_3_01553,Lixo plástico: um problema sério em Uganda,0,0,0,0,2,0
mozambique_3_01554,Chuvas intensas matam duas crianças na Beira,0,0,0,0,2,0
mozambique_3_01555,"Conheça a história de Kerry Galhos, a próxima “Serena Williams timorense” do ténis mundial",0,0,0,0,0,0
mozambique_3_01556,Tribunal sul-africano adia julgamento de moçambicanos presos com milhões de dólares,0,0,0,0,0,0
mozambique_3_01557,Moçambique: Crise política na cidade central de Beira,0,0,2,0,0,0
mozambique_3_01558,Cabo Verde vai defrontar o Gana nos Quartos de Final do CAN 2013,0,0,0,0,0,0
mozambique_3_01559,Dívidas Ocultas: Jean Boustani aguarda na prisão decisão sobre a liberdade sob fiança,0,0,0,0,0,0
mozambique_3_01560,"Outra vez, disparo de um policial militar acaba provocando morte “acidental” no Brasil",0,0,0,0,2,0
mozambique_3_01561,Angola: Manifestação Recebida com Tiros e Confrontos,2,0,0,0,0,0
mozambique_3_01562,Os Estados Unidos nas pisadas da FIFA,0,0,0,0,0,0
mozambique_3_01563,"""O mérito foi dos jogadores"" - Lúcio Antunes treinador dos ""Tubarões Azuis"".",0,0,0,0,0,0
mozambique_3_01564,Por que a neve artificial dos Jogos de Inverno de 2022 está gerando polêmica?,0,0,0,0,0,2
mozambique_3_01565,"Moçambique é um ""grande corredor"" de heroína",0,2,0,0,0,0
mozambique_3_01566,Afonso Dhlakama fixa residência em Nampula,0,0,0,0,0,0
mozambique_3_01567,Há vida para além do sofrimento,0,0,0,0,0,0
mozambique_3_01568,Evento de moda em Luanda promete gerar debates e investimentos no sector têxtil do país,0,0,0,0,0,0
mozambique_3_01569,A lei de crimes sexuais serviu para condenar moçambicana,0,0,0,0,0,0
mozambique_3_01570,O pesadelo de comprar ingressos para os jogos da Copa 2014,0,0,0,0,2,0
mozambique_3_01571,Programa de acesso ao mercado tira quatro mil camponeses do ciclo da pobreza em Manica,0,0,0,2,0,0
mozambique_3_01572,Chungui: desenterrando o horror do terrorismo no Peru,0,0,2,0,0,0
mozambique_3_01573,"Líderes da ONU conversam com o Global Voices sobre Trump, mudanças climáticas, imigração e recursos hídricos",0,0,0,0,0,0
mozambique_3_01574,"Ana Azevedo, uma cantora romântica na era da modernidade da morna",0,0,0,0,0,0
mozambique_3_01575,Instituições moçambicanas debatem penas não privativas de liberdade,0,0,0,0,0,0
mozambique_3_01576,COVID-19: OMS alerta para aumento de casos em África e economia espera piores dias em 25 anos,0,0,2,0,0,0
mozambique_3_01577,Polícia angolana reprime manifestação no Dia da Independência,2,0,0,0,0,0
mozambique_3_01578,Iraque: Parem o massacre na Cidade de Sadr…,0,2,0,0,0,0
mozambique_3_01579,Crise do carvão lança no desemprego quase mil pessoas em Tete,0,0,0,0,2,0
mozambique_3_01580,"Legado artístico angolano está a ser esquecido, dizem destacados músicos",0,0,0,0,2,0
mozambique_3_01581,Tailândia: crise nos aeroportos prejudica as pessoas comuns,0,0,0,0,2,0
mozambique_3_01582,Psiquiatras colombianos e chilenos pedem que as pessoas cuidem da saúde mental e evitem exposição excessiva às notícias falsas da COVID-19,0,0,0,0,0,0
mozambique_3_01583,Prossegue julgamento de dirigentes do hospital materno-infantil de Malanje,0,0,0,0,0,0
mozambique_3_01584,"Livro de jornalista francesa adentra-se no ""clã dos Santos""",0,0,0,0,0,0
mozambique_3_01585,Curdistão: A Hipocrisia de Defender a Turquia,0,0,0,0,0,0
mozambique_3_01586,Produtores de vinho do Fogo querem adegas em Chã das Caldeiras,0,0,0,0,0,0
mozambique_3_01587,"Gaza, Egito, Israel e a estupidez de um boicote",0,0,0,0,0,0
mozambique_3_01588,Dhlakama admite que a paz está próxima,0,0,0,2,0,0
mozambique_3_01589,"Apesar de sobressaltos, 2016 foi uma boa temporada nas artes e letras",0,0,0,2,0,0
mozambique_3_01590,Chanceler alemã sofre acidente de esqui na Suíça,0,0,0,0,2,0
mozambique_3_01591,"Recordar Luanda, os seus hábitos e figuras",0,0,0,0,0,0
mozambique_3_01592,Kenneth deixa um morto centenas de casas destruídas e pelo pelo menos 15 sem tecto em Moçambique,0,0,0,0,3,0
mozambique_3_01593,Guebuza na Cimeira da Comunidade Britânica,0,0,0,0,0,0
mozambique_3_01594,Veículo da FAO atacado em Sofala,0,0,3,0,0,0
mozambique_3_01595,"Mory Kanté, o ""senhor do kora"" morreu",0,0,0,0,2,0
mozambique_3_01596,Estados Unidos entregam 125 toneladas de ajuda a Moçambique em duas semanas,0,0,0,1,0,0
mozambique_3_01597,"Moçambique: ""Cesta básica"" em dúvida",0,0,0,0,2,0
mozambique_3_01598,“Com vandalismo”: documentário mostra lado das ruas nos protestos do Brasil,0,0,0,0,0,0
mozambique_3_01599,Temporal mata cinco pessoas em Manica,0,0,0,0,2,0
mozambique_3_01600,Paraquedistas morrem quando tentavam fazer o anel olímpico,0,0,0,0,2,0
mozambique_3_01601,Mundo Árabe: As lágrimas derramadas sobre o desmembramento do Sudão,0,0,0,0,2,0
mozambique_3_01602,O primeiro sismo registado este ano em território moçambicano,0,0,2,0,0,0
mozambique_3_01603,Dezenas de milhares de pessoas afectadas pelas chuvas em Moçambique,0,0,0,0,3,0
mozambique_3_01604,"Sucesso de vídeo que mostra neve na Rússia inspira kudurista a compor a música ""Estou a ver neve""",0,0,0,0,0,0
mozambique_3_01605,Maradona diz que técnico não regressa à Argentina se equipa não mudar,0,0,0,0,0,0
mozambique_3_01606,?Ativista Leonardo Sakamoto recebe ameaças de morte após publicação de entrevista falsa?,0,0,2,0,0,0
mozambique_3_01607,O governo venezuelano apresenta projeto de lei para regular as redes sociais e sancionar “crimes de ódio”,0,0,0,2,0,0
mozambique_3_01608,"Brasil: Terceiro protesto contra o preço da passagem foi pacífico, mas terminou com bombas no metrô",2,0,0,0,0,0
mozambique_3_01609,Trending: Taylor Swift; Patrice Evra; Donald Trump dominam as redes,0,0,0,0,0,0
mozambique_3_01610,Cientistas internacionais debatem saúde pública em Maputo,0,0,0,0,0,0
mozambique_3_01611,Fome afecta mais de um milhão de moçambicanos,0,0,0,0,2,0
mozambique_3_01612,"Manecas Costa: ""A música tem que ser vista""",0,0,0,0,0,0
mozambique_3_01613,"""Nomadland"" conquista BAFTA",0,0,0,0,0,0
mozambique_3_01614,Subiu para 16 o número de mortos do ataque na Catalunha,0,0,0,0,3,0
mozambique_3_01615,Tailândia: Magnata de Las Vegas no boxe tailandês tradicional,0,0,0,0,0,0
mozambique_3_01616,Governo e Renamo prorrogam missão de observadores de paz,0,0,0,0,0,0
mozambique_3_01617,Brasil: Bispo aponta o estupro de mulheres como desculpa para o aborto,0,2,0,0,0,0
mozambique_3_01618,Queimadas 99 árvores da famosa Avenida dos Baobás de Madagascar,0,0,0,0,2,0
mozambique_3_01619,HRW denuncia discriminação de albinos em Moçambique,0,0,0,0,2,0
mozambique_3_01620,Filme moçambicano “Avó Dezanove e o Segredo do Soviético” ganha prémios no Quénia,0,0,0,2,0,0
mozambique_3_01621,Estados Unidos formam fuzileiros moçambicanos para prevenir o terrorismo,0,0,0,1,0,0
mozambique_3_01622,Tete: Explosão de camião cisterna provoca 43 mortes,0,0,0,0,3,0
mozambique_3_01623,"Nas periferias de São Paulo, crianças imigrantes ficam sem acesso à escola durante pandemia",0,0,0,0,2,0
mozambique_3_01624,Trending: Cardi B e Megan The Stallion causam sensação com WAP!,0,0,0,0,0,0
mozambique_3_01625,"Radar Magrebe Lusófono : A ""Cultura do Soba""",0,0,0,0,0,0
mozambique_3_01626,Republicanos convidam líder israelita para discursar no Congresso e esfria relações com Obama,0,0,0,0,0,0
mozambique_3_01627,"Sol de Carvalho e ""Caminhos da Paz""",0,0,0,0,0,0
mozambique_3_01628,Representante da ONU em São Tomé para medir tensão política,0,0,0,0,0,0
mozambique_3_01629,Moçambicano hospitalizado após brutal ataque racista em Moscovo,3,0,0,0,0,0
mozambique_3_01630,Guiné-Bissau: Presidente Falece Durante Agitação Política,0,0,0,0,2,0
mozambique_3_01631,"FMI ""louva"" Moçambique",0,0,0,2,0,0
mozambique_3_01632,Dilma Roussef garante Olimpíadas e defende Lula da Silva,0,0,0,0,0,0
mozambique_3_01633,CAN 2021: Cabo Verde perde e atrasa objectivo de passar à segunda fase,0,0,0,0,0,0
mozambique_3_01634,Embaixador israelita Oren Rozenblat manifesta decepção e indignação ao Governo angolano.,0,0,0,0,0,0
mozambique_3_01635,Top Ten Americano: Banda Sonora de Black Panther prova talento de Kendrick Lamar,0,0,0,0,0,0
mozambique_3_01636,"Peru: Da prisão, com todo o coração",0,0,0,0,0,0
mozambique_3_01637,Brasil: Delegado de polícia ataca homem em cadeira de rodas,2,0,0,0,0,0
mozambique_3_01638,"""Os Silêncios da Guerra Colonial"" um livro para evitar o apagar da história",0,0,0,0,0,0
mozambique_3_01639,Sons do Atlântico puseram Luanda a dançar,0,0,0,0,0,0
mozambique_3_01640,Morreu George Michael,0,0,0,0,3,0
mozambique_3_01641,Angola: Presos políticos continuam a lutar pela vida,0,0,0,0,2,0
mozambique_3_01642,Moçambique conquista a sua primeira medalha nos jogos paralímpicos,0,0,0,3,0,0
mozambique_3_01643,Diplomata americano vai a Maputo discutir terrorismo do Estado Islâmico em Cabo Delgado,0,0,0,0,0,0
mozambique_3_01644,Frelimo prepara sucessão de Guebuza,0,0,0,0,0,0
mozambique_3_01645,Aumento de casos de cancro preocupa autoridades moçambicanas,0,0,0,0,2,0
mozambique_3_01646,"No Chile, o ano escolar ainda está na metade e os professores têm dificuldades",0,0,0,0,2,0
mozambique_3_01647,Tunisianos são abandonados à própria sorte na luta contra a COVID-19,0,0,0,0,2,0
mozambique_3_01648,"Tráfico de orgãos humanos é realidade em Moçambique, diz Cemirde",0,0,3,0,0,0
mozambique_3_01649,Moçambique: Rebeldes cortam estradas para Palma. Estância turística de Vamisse destruída,0,0,2,0,0,0
mozambique_3_01650,"COVID-19: Gaza, no sul de Moçambique, em alerta",0,0,2,0,0,0
mozambique_3_01651,Conselho Islâmico apela Afonso Dhlakama a comprometer-se com a paz,0,0,0,0,0,0
mozambique_3_01652,Renamo propõe Jacob Zuma para mediar a crise moçambicana,0,0,0,0,0,0
mozambique_3_01653,Vírus zika provoca terror nas grávidas no Brasil,0,0,3,0,0,0
mozambique_3_01654,Jamaica anuncia seu primeiro caso de varíola dos macacos,0,0,2,0,0,0
mozambique_3_01655,Justin Bieber detido por conduzir embriagado,0,0,0,0,0,2
mozambique_3_01656,"""Literatura guineense continua a ser apenas de intervencionismo"", diz Flaviano Mindela dos Santos",0,0,0,0,0,0
mozambique_3_01657,Fome leva centenas de crianças para a pediatria do Hospital de Benguela,0,0,0,0,2,0
mozambique_3_01658,Sucesso da vacinação contra Covid-19 no Butão é “raio de esperança” para o sul da Ásia,0,0,0,3,0,0
mozambique_3_01659,Terremoto atinge a Tanzânia e nova lei proíbe cidadãos de comentar sobre o assunto on-line,2,0,0,0,0,0
mozambique_3_01660,2017: Moçambique em perspectiva,0,0,0,0,0,0
mozambique_3_01661,Instituto África-América distingue Nyusi e moçambicanos pela edificação da paz,0,0,0,0,0,0
mozambique_3_01662,Invisuais da África lusófona debatem inserção e programa conjuntos,0,0,0,0,0,0
mozambique_3_01663,Mulher de Schumacher e Associação de Jornalistas fazem apelo à imprensa,0,0,0,0,0,0
mozambique_3_01664,Závora vai ter sala de cirurgia,0,0,0,2,0,0
mozambique_3_01665,Novo álbum de Deodato Siquir,0,0,0,0,0,0
mozambique_3_01666,"Tonecas Prazeres, a voz de Príncipe",0,0,0,0,0,0
mozambique_3_01667,Cabo Verde e Guiné Bissau com resultados diferentes na Taça das Nações Africanas,0,0,0,0,0,0
mozambique_3_01668,Polícia moçambicana pede ajuda para neutralizar sequestradores,0,0,0,0,0,0
mozambique_3_01669,"Chris Christie, o novo candidato republicano",0,0,0,0,0,0
mozambique_3_01670,Quadrilha de assaltantes desmantelada em Nampula,0,0,0,3,0,0
mozambique_3_01671,"Moçambique: Morreu João Domingos, ícone da marrabenta",0,0,0,0,2,0
mozambique_3_01672,Uganda: Blog expõe genocídio em Uganda,0,2,0,0,0,0
mozambique_3_01673,Luanda 2016 com agenda cultural bem recheada,0,0,0,0,0,0
mozambique_3_01674,"EUA: Luto pela perda do Americano Furkan Dogan, morto na Flotilha",0,0,0,0,3,0
mozambique_3_01675,"Conceição Queiroz: ""A África está sempre presente em mim""",0,0,0,0,0,0
mozambique_3_01676,Butão: “Khuru” e o surgimento de movimentos feministas,0,0,0,0,0,0
mozambique_3_01677,Liga Guineense dos Direitos Humanos lança livro,0,0,0,0,0,0
mozambique_3_01678,"Moçambique: Morreu Zeca Tcheco, baterista mais popular do país",0,0,0,0,2,0
mozambique_3_01679,Ministra da Saúde da África do Sul sob fogo cruzado,0,0,0,0,0,2
mozambique_3_01680,"Morreu Kirk Douglas, um dos ""mitos"" do cinema americano",0,0,0,0,2,0
mozambique_3_01681,"Usar receitas de gás para pagar dívidas é hipotecar o bem-estar dos moçambicanos, diz o CIP",2,0,0,0,0,0
mozambique_3_01682,México: Epidemia de gripe suína deixa país em alerta,0,0,3,0,0,0
mozambique_3_01683,Crise de medicamentos ameaça saúde pública em Angola,0,0,2,0,0,0
mozambique_3_01684,Inundações afectam 90 mil pessoas em Moçambique,0,0,0,0,2,0
mozambique_3_01685,Moçambique quer melhorar o registo de crianças,0,0,0,0,0,0
mozambique_3_01686,Polícia moçambicana procura corpo de jogador morto por crocodilo,0,0,0,0,2,0
mozambique_3_01687,Morreu o cantor Kenny Rogers,0,0,0,0,2,0
mozambique_3_01688,Coluna internado em estado crítico,0,0,0,0,2,0
mozambique_3_01689,Primeiro-ministro português visita Moçambique,0,0,0,0,0,0
mozambique_3_01690,"Trending: Lakers de LeBron perdem primeiro jogo; PSG de Neymar na final da ""Champions""",0,0,0,0,0,0
mozambique_3_01691,Aumenta número de mortes por Sida em Malanje,0,0,0,0,2,0
mozambique_3_01692,Angola desiste da Bienal de Veneza,0,0,0,0,0,0
mozambique_3_01693,20-40% dos recursos do setor de água são perdidos devido à corrupção na África,2,0,0,0,0,0
mozambique_3_01694,Naufrágio deixa pelo menos quatro mortes e muitos desaparecidos em Moçambique,0,0,0,0,2,0
mozambique_3_01695,Centenas de fãs de Schumacher prestam homenagem em Spa,0,0,0,0,0,0
mozambique_3_01696,Ciclone Eloise: Número de mortos sobre para oito na Beira,0,0,0,0,2,0
mozambique_3_01697,“Arroz Podre” leva povo às ruas e sai de circulação em São Tomé,2,0,0,0,0,0
mozambique_3_01698,Zico reitera candidatura à FIFA,0,0,0,0,0,0
mozambique_3_01699,Bebida caseira provoca mortes em Moçambique,0,0,0,0,3,0
mozambique_3_01700,Resumo de 2020: como a tragédia da Covid-19 se tornou uma caso de sucesso para o modelo da China,0,0,0,0,0,0
mozambique_3_01701,Nota positiva para o governo angolano no combate ao Coronavírus,0,0,0,2,0,0
mozambique_3_01702,"Muçulmanos em Moçambique ""tristes"" com a morte de Osama bin Laden",0,0,0,0,2,0
mozambique_3_01703,COVID-19: Alerta no Kwanza Norte com três casos importados de Luanda,0,0,2,0,0,0
mozambique_3_01704,Imigrantes moçambicanos na África do Sul vão ter bilhete de identidade,0,0,0,2,0,0
mozambique_3_01705,Testes de Covid-19 na candonga em Maputo,0,0,0,0,0,0
mozambique_3_01706,COVID-19: Donald Trump apresenta plano para retoma da economia dos estados,0,0,0,0,0,0
mozambique_3_01707,BAL: Quem é o AS Douanes do Senegal,0,0,0,0,0,0
mozambique_3_01708,A história de um projecto que destruiu a vida de uma aldeia em Angola,0,0,0,0,2,0
mozambique_3_01709,"Top Ten Americano: Depois do susto, Rick Ross está de volta; God's Plan de Drake é a música mais ouvida do momento",0,0,0,0,0,0
mozambique_3_01710,Aumenta oposição ao pagamento pelo Estado moçambicana das dívidas ocultas,0,0,0,0,0,0
mozambique_3_01711,Luanda: Festival “Nzoji ya monandengue” destaca talento de crianças com necessidades especiais,0,0,0,2,0,0
mozambique_3_01712,CAN 2021: Guiné-Bissau pode ter hipotecado passagem à fase final ao perder frente ao Egipto,0,0,0,0,0,0
mozambique_3_01713,Toi Pinto: “Sinto-me bem em todo o mundo”,0,0,0,0,0,0
mozambique_3_01714,Organizadora latina: a palavra que necessitamos é “florescer” e não “sobreviver”,0,0,0,0,0,0
mozambique_3_01715,Brasil: Campanha de prevenção de AIDS para público LGBT excluído da TV,0,0,0,0,0,2
mozambique_3_01716,"Em meio à seca e crise climática, o estado mexicano de Querétaro enfrenta possível privatização de água",2,0,0,0,0,0
mozambique_3_01717,Guiné-Bissau pronta para defrontar o Gabão,0,0,0,0,0,0
mozambique_3_01718,Nyusi institui auditoria às ajudas enviadas a Moçambique,0,0,0,0,0,0
mozambique_3_01719,"Top Ten Americano: Adeus Diva e Rainha, Aretha Franklin",0,0,0,0,0,0
mozambique_3_01720,Especialista defende reforço do combate à Sida em Angola,0,0,0,0,0,0
mozambique_3_01721,Israel e Irão trocam acusações sobre ataques,0,0,0,0,0,0
mozambique_3_01722,Um terço das mulheres têm acesso à internet em Moçambique,0,0,0,2,0,0
mozambique_3_01723,"Declaração de amor à língua portuguesa, na sua multiplicidade de falares",0,0,0,0,0,0
mozambique_3_01724,"Pensamento de Eduardo Mondlane continua atual, diz o académico Silvério Ronguane",0,0,0,0,0,0
mozambique_3_01725,República Democrática do Congo: Blogando da Zona de Guerra,0,0,0,0,0,0
mozambique_3_01726,Caso Rússia-Afeganistão: Democratas dizem não estar convencidos com informações da Casa Branca,0,0,0,0,0,0
mozambique_3_01727,Biden visita tropas na Polónia e diz que não vai financiar arma de guerra de Putin,0,0,0,0,0,0
mozambique_3_01728,Mistério rodeia nova saída de dos Santos para Barcelona,0,0,0,0,0,0
mozambique_3_01729,Atleta pede mais investimento no desporto são-tomense,0,0,0,0,0,0
mozambique_3_01730,"Hope Solo prepara-se para ""defender"" o mosquito que transmite o zika",0,0,0,0,0,2
mozambique_3_01731,COVID-19: Estado de emergência “é mais um momento de sofrimento para as pessoas de baixa renda”,0,0,0,0,2,0
mozambique_3_01732,Kim Daniel Bengui fala sobre projetos angolanos na Itália,0,0,0,0,0,0
mozambique_3_01733,"Forças armadas devem aprimorar a prontidão combativa em Cabo Delgado, diz ministro da Defesa",0,0,0,0,0,0
mozambique_3_01734,A privacidade do seu celular está ameaçada por espiões dos EUA e do Reino Unido,0,0,2,0,0,0
mozambique_3_01735,Ministro considera crime se se confirmar que FMF não justificou verbas da Fifa,0,0,0,0,0,0
mozambique_3_01736,"Devido à pandemia, mais de 34 mil migrantes venezuelanos são forçados a voltar à sua terra",0,0,0,0,2,0
mozambique_3_01737,"As mulheres moçambicanas carregam o país nas costas, diz a historiadora americana Jeanne Marie Penvenne",0,0,0,0,0,0
mozambique_3_01738,"Lenda da NBA, Kobe Bryant, morreu em acidente de helicóptero",0,0,0,0,2,0
mozambique_3_01739,África do Sul: A Libertação do Afrikaans,0,0,0,2,0,0
mozambique_3_01740,Chance de classificação para Copa do Mundo gera entusiasmo entre os peruanos,0,0,0,2,0,0
mozambique_3_01741,"Barack Obama ""cauteloso"" em Dallas",0,0,0,0,0,0
mozambique_3_01742,Medicina tradicional moçambicana quer regulamentação,0,0,0,0,0,0
mozambique_3_01743,Saxofonista moçambicano Ivan Mazuze lança “Ndzuti”,0,0,0,0,0,0
mozambique_3_01744,Vídeo: moradores da periferia de São Paulo sofrem diariamente com a falta d'água,0,0,0,0,2,0
mozambique_3_01745,Receiam-se ataques de piratas em Moçambique,0,0,3,0,0,0
mozambique_3_01746,Guatemala lamenta morte de dezenas de meninas após incêndio em abrigo juvenil,0,0,0,0,3,0
mozambique_3_01747,Joe Biden assume compromisso de reduzir para metade as emissões de gases numa década,0,0,0,0,0,0
mozambique_3_01748,Cabo Verde: Uma História de Acessibilidade,0,0,0,0,0,0
mozambique_3_01749,Brasil: Governo Moçambicano Cede Terras a Latifundiários,2,0,0,0,0,0
mozambique_3_01750,Schumacher vai permanecer em coma,0,0,0,0,2,0
mozambique_3_01751,Moçambique lança campanha contra casamentos prematuros,0,0,0,2,0,0
mozambique_3_01752,COVID-19 leva famílias armênias à pobreza,0,0,0,0,2,0
mozambique_3_01753,Brasil: Vovó centenária realiza sonho de saltar de paraquedas,0,0,0,2,0,0
mozambique_3_01754,Conheça o padre brasileiro que ajuda quem vive nas ruas – e sofre ataques e ameaças por isso,0,0,0,0,0,2
mozambique_3_01755,COVID-19: Angola recebe quinto lote da vacina Pfizer doado pelos EUA,0,0,0,2,0,0
mozambique_3_01756,"Em iniciativa inédita, polícia vai à Maré dar explicações sobre a chacina de junho de 2013",0,0,0,0,0,2
mozambique_3_01757,"Jamaica, Barbados, Haiti: Defendendo os Haitianos",0,0,0,0,0,0
mozambique_3_01758,"Trending: Snoop Dogg ""verzus"" DMX",0,0,0,0,0,0
mozambique_3_01759,"Mário Machungo, antigo primeiro-ministro moçambicano, morre aos 79 anos",0,0,0,0,2,0
mozambique_3_01760,Documentário sobre lixo plástico provoca discussão sobre a crise ambiental na China,0,0,0,0,0,0
mozambique_3_01761,Presos do Malawi nomeados aos Grammy 2015,0,0,0,0,0,2
mozambique_3_01762,Mais um socioambientalista é assassinado na Amazônia,0,0,0,0,2,0
mozambique_3_01763,Grupos de dança americano e angolano trocam experiências em Luanda,0,0,0,0,0,0
mozambique_3_01764,Guiné-Bissau cai diante dos Camarões,0,0,0,0,0,0
mozambique_3_01765,Blogueiros árabes lutam contra a “judaização” de Jerusalém,0,0,0,0,0,0
mozambique_3_01766,Painel Independente pressiona Obama a encerrar Agência de Segurança Nacional,0,0,0,0,0,0
mozambique_3_01767,Mukuru: Uma solução zimbabueana para moçambicanos a viver na África do Sul,0,0,0,0,0,0
mozambique_3_01768,Vera Duarte lança “A Matriarca” para resgatar a mestiçagem ancestral dos crioulos,0,0,0,0,0,0
mozambique_3_01769,Autocarro de jornalistas alvejado no Rio de Janeiro,0,0,2,0,0,0
mozambique_3_01770,Rádio independente liderada por jovens promove sustentabilidade na Amazônia brasileira,0,0,0,2,0,0
mozambique_3_01771,"Trending: Jefferson Davis, Nascar, Isabel dos Santos",0,0,0,0,0,0
mozambique_3_01772,BAL: Quem é o GSP da Argélia,0,0,0,0,0,0
mozambique_3_01773,Governo sul-africano pede desculpas por violência contra estrangeiros,3,0,0,0,0,0
mozambique_3_01774,"Clinton: China e o ""novo Colonialismo"" em Africa",2,0,0,0,0,0
mozambique_3_01775,"Namibenses mobilizam-se à volta do “escrete""",0,0,0,0,0,0
mozambique_3_01776,Shortcutz na agenda do Rio de Janeiro,0,0,0,0,0,0
mozambique_3_01777,Barack Obama desafia jovens africanos a mudar o mundo,0,0,0,0,0,0
mozambique_3_01778,"Morreu João de Sousa, uma referência do jornalismo moçambicano",0,0,0,0,2,0
mozambique_3_01779,Uíge: boas e más notícias sobre a situação das ravinas e do hospital municipal do Quimbele,0,0,0,0,0,0
mozambique_3_01780,Mulheres no Chile criam comunidade próspera através da rádio,0,0,0,2,0,0
mozambique_3_01781,Índia: Perspectivas sobre Crescer na Índia,0,0,0,0,0,0
mozambique_3_01782,Timor-Leste vence na Mongólia e confirma passagem à segunda fase de qualificação para o Mundial de 2018,0,0,0,2,0,0
mozambique_3_01783,Nações Unidas apoiam a eliminação de casamentos prematuros,0,0,0,2,0,0
mozambique_3_01784,Crianças na prisão: adultos de El Salvador não conseguem evitar que jovens se envolvam com gangues,0,0,0,0,2,0
mozambique_3_01785,Maya Cool prepara o regresso com “O invicto”.,0,0,0,0,0,0
mozambique_3_01786,Governo de Jair Bolsonaro chama indicada ao Oscar de militante anti-Brasil,0,0,0,0,0,2
mozambique_3_01787,Subsecretária geral da ONU Amina Mohammed e líderes mundiais juntam-se a favor de Moçambique,0,0,0,0,0,0
mozambique_3_01788,"No Brasil, transporte público fica mais caro e protestos são reprimidos pela polícia",2,0,0,0,0,0
mozambique_3_01789,Nito Alves e Arante Kivuvu dizem ter recusado asilo na Noruega,0,0,0,0,0,0
mozambique_3_01790,Lewis Hamilton e Toto Wolff não vão à gala de prémios da FIA,0,0,0,0,0,0
mozambique_3_01791,"Uganda: mental, intelectual e criativamente carente?",0,0,0,0,0,0
mozambique_3_01792,Moçambique adere à Aliança para uma Internet Acessível,0,0,0,1,0,0
mozambique_3_01793,Duas a três crianças morrem por dia no Hospital Municipal de Benguela,0,0,0,0,2,0
mozambique_3_01794,Especialista defende legislação para derrame de petróleo em Moçambique,0,0,0,0,0,0
mozambique_3_01795,Estados Unidos reconhecem Jerusalém como capital de Israel,0,0,0,0,0,0
mozambique_3_01796,Cruz Vermelha lança programa contra a xenofobia,0,0,0,2,0,0
mozambique_3_01797,Desastres naturais em debate em Moçambique,0,0,0,0,0,0
mozambique_3_01798,"UEFA abre inquérito às federações de Portugal, Bélgica e Hungria",0,0,0,0,0,0
mozambique_3_01799,"Arrastamento do caso “dívidas ocultas” pode frustrar mocambicanos, alerta jurista",0,0,0,0,0,0
mozambique_3_01800,Ciclone Idai e fome afastam mais de 250 crianças da escola em Manica,0,0,0,0,2,0
mozambique_3_01801,Brasil: Um livro sobre privatizações fraudulentas,0,0,0,0,0,3
mozambique_3_01802,Líderes Europeus procuram solução para a crise migratória,0,0,0,0,0,0
mozambique_3_01803,Financiamento de pesquisa enfrenta desafios na França e nos países africanos,0,0,0,0,2,0
mozambique_3_01804,Sochi nas Redes Sociais - reportagem na primeira pessoa,0,0,0,0,0,0
mozambique_3_01805,Pirataria cresce e preocupa África Ocidental,0,0,2,0,0,0
mozambique_3_01806,"Barack Obama: ""há um trabalho inacabado para a paz"" entre israelitas e palestinianos",0,0,0,0,0,0
mozambique_3_01807,Inglaterra: Helicóptero onde seguia dono do Leicester explodiu,0,0,0,0,3,0
mozambique_3_01808,Embaixada dos EUA em Moçambique incentiva eleitores a recensearem-se,0,0,0,0,0,0
mozambique_3_01809,Mohamad Salah melhora da lesão,0,0,0,1,0,0
mozambique_3_01810,Espanha desarticula rede que recrutava mulheres para o Estado Islâmico,0,0,0,1,0,0
mozambique_3_01811,“Contra o roubo legalizado”: regalias dos governantes moçambicanos levam cidadãos às ruas,2,0,0,0,0,0
mozambique_3_01812,Mundial 2014: Homenagem a Nelson Mandela marca a cerimónia do sorteio,0,0,0,0,0,0
mozambique_3_01813,Fístula obstétrica é problema de saúde pública em Nampula,0,0,0,0,3,0
mozambique_3_01814,Blog Action Day: Vozes da África e diáspora,0,0,0,0,0,0
mozambique_3_01815,Governo e Renamo alcançam consensos parciais,0,0,0,2,0,0
mozambique_3_01816,Projecto de governação ambiental lançado em Maputo,0,0,0,0,0,0
mozambique_3_01817,“Somos Todos”: Memórias do Massacre do Pinheirinho,0,0,0,0,2,0
mozambique_3_01818,Renamo ameaça acabar com o cessar-fogo,0,0,2,0,0,0
mozambique_3_01819,Estados Unidos da América pretendem reforçar cooperação com governo de Malanje,0,0,0,0,0,0
mozambique_3_01820,África Criticada pela Falta de Ajuda à Somália,0,0,0,0,0,0
mozambique_3_01821,"Conforme a Guerra no Afeganistão continua, os transtornos mentais aumentam",0,0,0,0,2,0
mozambique_3_01822,"Frelimo, único partido com candidato a deputado na diáspora africana",0,0,0,0,0,0
mozambique_3_01823,"Cabo Verde é o melhor lusófono em África para fazer negócios, diz o Banco Mundial",0,0,0,0,0,2
mozambique_3_01824,Aeroportos de Moçambique diversifica actividades,0,0,0,0,0,0
mozambique_3_01825,"Índia: Imprensa, Mumbai e ataques terroristas",0,0,2,0,0,0
mozambique_3_01826,Cabo Verde: Antiga ministra refuta acusação da PGR e acredita que justiça será feita,0,0,0,0,0,0
mozambique_3_01827,INE contraria números de eleitores apresentados no recenseamento em Gaza,2,0,0,0,0,0
mozambique_3_01828,Jack Warner denuncia implicação da FIFA nas eleições de Trindade e Tobago,0,0,0,0,0,0
mozambique_3_01829,"Élida Almeida: A minha inspiração é a minha vida, os amigos e a família",0,0,0,0,0,0
mozambique_3_01830,Chineses em quarentena num hotel de Maputo geram rumores sobre o coronavírus,0,0,2,0,0,0
mozambique_3_01831,Petroleiro venezuelano ancorado no mar do Caribe segue sendo uma ameaça ao meio ambiente?,0,0,2,0,0,0
mozambique_3_01832,Estados Unidos saúdam trégua e desejam paz duradoura em Maputo,0,0,0,0,0,0
mozambique_3_01833,Por que os governos africanos estão criminalizando a liberdade de expressão on-line? Porque temem seu poder,0,2,0,0,0,0
mozambique_3_01834,Derrames de petróleo no Delta do Níger atingiram proporções catastróficas,0,0,3,0,0,0
mozambique_3_01835,Brasil será julgado na Corte Interamericana de Direitos Humanos por um caso de violência policial,0,2,0,0,0,0
mozambique_3_01836,Trinidad e Tobago: Crianças com HIV,0,0,0,0,2,0
mozambique_3_01837,Corrupção na polícia moçambicana atribuída à falta de valorização da classe,0,0,0,0,2,0
mozambique_3_01838,Crianças pescam para alimentar famílias desalojadas em Sofala,0,0,0,0,2,0
mozambique_3_01839,"Claudia Silva Ferreira: morta em ação policial, tornada invisível pela mídia",0,0,0,0,2,0
mozambique_3_01840,Petro defronta AS Salé e Ferroviário joga com Patriots BBC nos quartos-de-final da BAL,0,0,0,0,0,0
mozambique_3_01841,"Com álbum de figurinhas em alta, peruanos comemoram classificação para Copa do Mundo após 36 anos de ausência",0,0,0,3,0,0
mozambique_3_01842,CAN 2013: Angola 0 - Marrocos 0,0,0,0,0,0,0
mozambique_3_01843,Quase 250 milhões de africanos serão infectados com o coronavírus - OMS,0,0,3,0,0,0
mozambique_3_01844,O difícil recomeço dos refugiados moçambicanos no regresso à casa,0,0,0,0,2,0
mozambique_3_01845,Salários mínimos vão aumentar em Moçambique,0,0,0,2,0,0
mozambique_3_01846,Brasil: Tráfico de pessoas pode aumentar durante Copa do Mundo,0,0,2,0,0,0
mozambique_3_01847,Sérvia: A Guerra da Mídia contra Angelina Jolie,0,0,0,0,0,0
mozambique_3_01848,Mães sem dinheiro para comprar medicamentos para os filhos num hospital de Malanje,0,0,0,0,2,0
mozambique_3_01849,Butão: A caminho de se tornar 100% orgânico,0,0,0,0,0,0
mozambique_3_01850,"Little Richard, ""o arquiteto do rock, morreu",0,0,0,0,2,0
mozambique_3_01851,Recursos Naturais: Analistas moçambicanos defendem revisão de contratos,0,0,0,0,0,0
mozambique_3_01852,"Estados Unidos, Canadá e México organizam Mundial de 2026",0,0,0,0,0,0
mozambique_3_01853,Partidos extraparlamentares prometem combater a corrupção em Moçambique,0,0,0,0,0,0
mozambique_3_01854,"Os mais velhos, os melhores e os maiores do CAN",0,0,0,0,0,0
mozambique_3_01855,"Amílcar, o outro lado de Cabral nas cartas à Lena",0,0,0,0,0,0
mozambique_3_01856,Haiti: Encontrando soluções para a fome das crianças,0,0,0,2,0,0
mozambique_3_01857,Covid19: Especialistas angolanos divididos em relação à resposta do Governo,0,0,0,0,0,0
mozambique_3_01858,Holanda: Duas mulheres presas na Copa do Mundo por promover a cerveja errada,0,0,0,0,0,2
mozambique_3_01859,Simão Mendes:Um hospital que carece de tudo,0,0,0,0,2,0
mozambique_3_01860,Planta rara em Moçambique inibe células do cancro do rim,0,0,0,2,0,0
mozambique_3_01861,Ano lectivo arranca com velhos problemas por resolver,2,0,0,0,0,0
mozambique_3_01862,Trending: Black is King de Beyoncé faz sucesso no fim-de-semana de estreia,0,0,0,0,0,0
mozambique_3_01863,Brasil: Cineasta Desaparecida Depois de Ataque à Flotilla,0,0,0,0,2,0
mozambique_3_01864,"Em Moçambique, skate é sinónimo de educação, empoderamento e capacitação",0,0,0,0,0,0
mozambique_3_01865,"Trending: BTS com Jimmy Fallon e The Roots dá ""Funk Dynamite""",0,0,0,0,0,0
mozambique_3_01866,Manuel Francisco anseia pelo seminário de três dias com Barack Obama,0,0,0,0,0,0
mozambique_3_01867,Tempestades desalojaram 120 mil moçambicanos e mataram 44,0,0,0,0,2,0
mozambique_3_01868,Guineense morre enquanto assistia por televisão jogo Portugal-Irão,0,0,0,0,2,0
mozambique_3_01869,Cristiano Ronaldo testa positivo para Covid-19,0,0,0,0,2,0
mozambique_3_01870,Jovem angolano viaja pelo Brasil dando palestras para ensinar sobre África,0,0,0,0,0,0
mozambique_3_01871,Moçambique restringe lucros na venda de produtos básicos,0,0,0,0,0,0
mozambique_3_01872,"Avião da Vueling aterra de emergência em Barcelona devido a ""cheiro a queimado""",0,0,2,0,0,0
mozambique_3_01873,Oscar 2016: Brasil tem uma nomeação,0,0,0,0,0,0
mozambique_3_01874,Cuba: Canal do Youtube do Cubadebate Tirado do Ar,0,0,0,0,0,0
mozambique_3_01875,"Concorrentes das ""Autárquicas"" caçam o voto na periferia de Maputo",0,0,0,0,0,0
mozambique_3_01876,Aumento da população pode levar a crise económica em Moçambique,0,0,2,0,0,0
mozambique_3_01877,Maradona: O caixa 2,0,0,0,0,0,0
mozambique_3_01878,O julgamento de Harvey Weinstein demonstra como é difícil alcançar justiça para casos de abuso sexual,0,0,0,0,2,0
mozambique_3_01879,"Angola Fala Só - Toto: ""Sem liberdade não há manifestações culturais""",0,0,0,0,0,0
mozambique_3_01880,SIDA no Japão: culpem os gays?,2,0,0,0,0,0
mozambique_3_01881,Etiópia: Ministro dos Negócios Estrangeiros acolhe críticas de Obama,0,0,0,0,0,0
mozambique_3_01882,"Matias Guente, do Canal de Moçambique, vence Prémio Internacional de Liberdade de Imprensa",0,0,0,1,0,0
mozambique_3_01883,CAN a caminho do grande título,0,0,0,0,0,0
mozambique_3_01884,IX Mostra de Ciência e Tecnologia de Moçambique,0,0,0,0,0,0
mozambique_3_01885,"“Acabar com a pandemia na África é essencial para acabar com ela em todo o mundo”, defende Guterres",0,0,0,0,0,0
mozambique_3_01886,Brasil: Repressão durante Copa das Confederações no Rio,2,0,0,0,0,0
mozambique_3_01887,"Casos de tráfico de pessoas aumentam, mas são pouco reportados, diz jurista",0,2,0,0,0,0
mozambique_3_01888,Top Ten Americano: Jermaine Dupri no Passeio da Fama; Drake comanda tabela e Spice Girls querem segunda chance,0,0,0,0,0,0
mozambique_3_01889,São as mulheres as que mais sofrem na crise da Venezuela,0,0,0,0,2,0
mozambique_3_01890,Interpol investiga burladores de moçambicanos na internet,0,0,0,1,0,0
mozambique_3_01891,Caçadores furtivos abatem 200 rinocerontes em Moçambique,0,2,0,0,0,0
mozambique_3_01892,Empresários moçambicanos pedem medidas para tornar a agircultura competitiva,0,0,0,0,0,0
mozambique_3_01893,Pequim acolhe Jogos Olímpicos de Inverno em 2022,0,0,0,0,0,0
mozambique_3_01894,Brasil/Palestina: Jogador de futebol removido do Facebook e cortado da seleção por apoiar Palestina,0,2,0,0,0,0
mozambique_3_01895,BAL: BBC Patriots do Ruanda,0,0,0,0,0,0
mozambique_3_01896,Moçambique: projeto Skate e Educação empodera crianças e jovens,0,0,0,2,0,0
mozambique_3_01897,Analistas apontam corrupção como impedimento à luta contra as drogas em Moçambique,0,0,0,0,2,0
mozambique_3_01898,"COVID-19: Anthony Faucy diz que número de mortes é superior ao anunciado e ""o pior ainda não passou""",0,0,2,0,0,0
mozambique_3_01899,Top Ten Americano: As 10 mais quentes do ano tocam aqui (com vídeos),0,0,0,0,0,0
mozambique_3_01900,Aumenta para mais 290 o número de vítimas do Idai em Moçambique,0,0,0,0,3,0
mozambique_3_01901,Michelle Obama em África encontra-se com Nelson Mandela,0,0,0,0,0,0
mozambique_3_01902,Moçambique: Governo anuncia abertura de Bolsa de Mercadorias para Dezembro,0,0,0,0,0,0
mozambique_3_01903,"Albinos continuam com medo, mas número de ataques caiu em Nampula",0,0,2,0,0,0
mozambique_3_01904,Guiné-Bissau: Assassinato do presidente traz risco de instabilidade,0,0,2,0,0,0
mozambique_3_01905,Escândalo de espionagem leva a demissão do director executivo do Credit Suisse,0,0,0,0,0,2
mozambique_3_01906,Vacina contra malária candidata à certificação,0,0,0,2,0,0
mozambique_3_01907,CAN 2021: Tunísia surpreende e elimina e favorita Nigéria,0,0,0,0,0,0
mozambique_3_01908,"Da Suécia ao México, indígenas explicam por que seus idiomas estão desaparecendo",0,0,0,0,2,0
mozambique_3_01909,"É preciso saber agarrar as oportunidades que a América oferece, diz Fantcha",0,0,0,0,0,0
mozambique_3_01910,Suspeitos de envolvimento no ataque de Barcelona comparecem a tribunal de Madrid,0,0,0,0,0,0
mozambique_3_01911,Moçambicanos escolhem amanhã os seus líderes autárquicos,0,0,0,0,0,0
mozambique_3_01912,Startup empodera pequenos agricultores via SMS,0,0,0,2,0,0
mozambique_3_01913,Governo e Renamo mantêm impasse no diálogo político,2,0,0,0,0,0
mozambique_3_01914,Morreu Mário Coluna,0,0,0,0,2,0
mozambique_3_01915,‘Estádio de exceção': Polícia brasileira prende ativistas anti-Copa,2,0,0,0,0,0
mozambique_3_01916,"Cinco pensadores modernos africanos que tratam de identidade, língua e regionalismo",0,0,0,2,0,0
mozambique_3_01917,"Na boa governação, analistas falam em muito discurso e pouca prática em Moçambique",2,0,0,0,0,0
mozambique_3_01918,Cadeias de fast-food internacionais envolvidas no escândalo do frango na China,0,0,0,0,0,0
mozambique_3_01919,"Itália: Já morreram mais padres do que médicos, vítimas do coronavírus",0,0,0,0,3,0
mozambique_3_01920,Libertem Nganang: escritor camaronês detido em prisão de segurança máxima em Iaundé,2,0,0,0,0,0
mozambique_3_01921,Macron diz que recentes ataques em Moçambique mostram ameaça de terrorismo islâmico,0,0,2,0,0,0
mozambique_3_01922,China: 750.000 mortes anuais causadas pela poluição,0,0,0,0,2,0
mozambique_3_01923,Cólera mata 108 pessoas em 2017 em Moçambique,0,0,0,0,3,0
mozambique_3_01924,"Russos ficam eufóricos com o início da Copa do Mundo, apesar das iminentes reformas previdenciária e tributária",0,0,0,2,0,0
mozambique_3_01925,Nampula: Festejos de fim-de-ano sem incidentes de maior,0,0,0,0,0,0
mozambique_3_01926,Carlos Queiroz pede fim do VAR,0,0,0,0,0,0
mozambique_3_01927,FIFA entrega prémio honorário a Pelé,0,0,0,2,0,0
mozambique_3_01928,África lusófona segue as eleições americanas,0,0,0,0,0,0
mozambique_3_01929,"Trending: Charlize Theron, Jimmy Kimmel, Shaun King, México",0,0,0,0,0,0
mozambique_3_01930,Futebol europeu em rebuliço com Super Liga,0,0,0,0,0,0
mozambique_3_01931,"Ciclone Idai em Moçambique: Cidade da Beira, de 500 mil habitantes, foi quase toda submersa",0,0,0,0,3,0
mozambique_3_01932,Gaza: Insegurança alimentar ameaça 250 mil pessoas,0,0,0,0,3,0
mozambique_3_01933,As contas do Mundial: quem fica e quem passa,0,0,0,0,0,0
mozambique_3_01934,"Grã-Bretanha adverte seus cidadãos a não viajarem para Palma, Macomia, Mocímboa da Praia e Macomia",0,0,3,0,0,0
mozambique_3_01935,"Jack Nkanga: artista em constante mutação, sonhador perseverante",0,0,0,0,0,0
mozambique_3_01936,Beira celebra 113 anos tentando se reeguer depois do ciclone Idai,0,0,0,0,0,0
mozambique_3_01937,"Após invasão da Ucrânia, Rússia declara guerra a seus cidadãos",0,0,2,0,0,0
mozambique_3_01938,Crianças africanas com deficiente tratamento da SIDA,0,0,0,0,3,0
mozambique_3_01939,"Boy Gé Mendes: ""Minha música é universal""",0,0,0,0,0,0
mozambique_3_01940,"Taiwan: A nação mais feliz na Ásia Oriental, segundo o Relatório Mundial da Felicidade de 2022",0,0,0,2,0,0
mozambique_3_01941,Crise leva à falência 2900 empresas moçambicanas,0,0,0,0,2,0
mozambique_3_01942,Activistas esperam melhoria dos direitos humanos em Angola,0,0,0,0,0,0
mozambique_3_01943,Treino militar conjunto fortalece relações Moçambique-Estados Unidos,0,0,0,0,0,0
mozambique_3_01944,Sentença do caso do assassinato do procurador Vilanculos será conhecida este mês,0,0,0,0,0,0
mozambique_3_01945,Álcool continua a matar em Manica,0,0,0,0,2,0
mozambique_3_01946,Mendicidade e trabalho infantil preocupam em Nampula,0,0,0,0,3,0
mozambique_3_01947,COVID-19: Quinhentas famílias num bairro nos arredores de Luanda clamam por ajuda,0,0,0,0,2,0
mozambique_3_01948,Dlhakama ameaça colocar Frelimo fora do poder em 24 horas,0,0,3,0,0,0
mozambique_3_01949,Afonso Dhlakama fala ao país nesta terça-feira,0,0,0,0,0,0
mozambique_3_01950,Pequenos fazendeiros de Madagascar se dizem forçados por investidores chineses a vender suas terras por valores irrisórios,2,0,0,0,0,0
mozambique_3_01951,Jogos Olímpicos de Inverno: Atleta canadense acusado de roubo de carro na Coreia do Sul,0,0,0,0,0,2
mozambique_3_01952,Asia: Zona de defesa aérea vai dominar a digressão de Joe Biden,0,0,0,0,0,0
mozambique_3_01953,Cancro não deve ser sentença de morte,0,0,0,0,0,0
mozambique_3_01954,Venezuela: Polícia confisca telefones dos manifestantes,2,0,0,0,0,0
mozambique_3_01955,Quem é responsável pela avalanche de lixo que matou 16 em Moçambique?,2,0,0,0,0,0
mozambique_3_01956,"Mandela Washington Fellowship: “Não se deixem intimidar, aproveitem a próxima oportunidade”",0,0,0,0,0,0
mozambique_3_01957,Trending: WizKid lança Made in Lagos,0,0,0,0,0,0
mozambique_3_01958,CAN 2021 – “Djurtus” querem passar à segunda fase,0,0,0,0,0,0
mozambique_3_01959,Trending: A origem sombria da Black Friday,0,0,0,0,0,0
mozambique_3_01960,Personalidades moçambicanas alertam para ameaças à democracia,0,0,2,0,0,0
mozambique_3_01961,Grupo mercenário recusa acusações de racismo no resgate de vítimas de ataques em Palma,0,0,0,0,0,0
mozambique_3_01962,Camarões encerra escolas devido a ataques do Boko Haram,0,0,3,0,0,0
mozambique_3_01963,Ex-ministro Paulo Zucula novamente nas teias da corrupção,2,0,0,0,0,0
mozambique_3_01964,"""Nós não somos unidimensionais - a cor não é um fator determinante"" - Welket Bungué",0,0,0,0,0,0
mozambique_3_01965,Proposta de orçamento em Moçambique criticada por falta de transparência,0,0,0,0,0,0
mozambique_3_01966,Pela Saúde de Moçambique: Cancro cervical mata 4 mil todos os anos,0,0,0,0,3,0
mozambique_3_01967,Sociedade civil debate partilha de benefícios dos recursos naturais em Nampula,0,0,0,0,0,0
mozambique_3_01968,"Kami Rita, do Nepal, estabelece novo recorde ao escalar 22 vezes o monte Everest",0,0,0,2,0,0
mozambique_3_01969,Nampula quer parceria com Cidade do Cabo,0,0,0,0,0,0
mozambique_3_01970,Pouca possibilidade de justiça para jornalistas assassinados na Colômbia,2,0,0,0,0,0
mozambique_3_01971,COVID-19: Moçambique regista mais um dia mortal,0,0,2,0,0,0
mozambique_3_01972,Ameaça de bomba na sede da Fifa,0,0,3,0,0,0
mozambique_3_01973,Chefe da diplomacia brasileira visita Moçambique,0,0,0,0,0,0
mozambique_3_01974,Moçambique prepara festival “Hip Hop e Poesia da Governação”,0,0,0,0,0,0
mozambique_3_01975,Arnaldo Santos: A poesia será a minha solução final,0,0,0,0,0,0
mozambique_3_01976,Cartunista Latuff ameaçado de morte por criticar polícia militar,0,0,2,0,0,0
mozambique_3_01977,R. D. do Congo: O Assassinato do Ativista de Direitos Humanos Floribert Chebeya,0,0,0,0,3,0
mozambique_3_01978,"""Tubarões Azuis"" são os melhores lusófonos em África",0,0,0,0,0,0
mozambique_3_01979,Funcionários da educação em Nampula acusados de desvio de fundos,2,0,0,0,0,0
mozambique_3_01980,CAN 2021: Prémio monetário aumenta mas ainda muito longe do EURO,0,0,0,0,0,0
mozambique_3_01981,"Juristas questionam ""batalhas"" entre Tribunal Supremo e Parlamento em relação a Manuel Chang",0,0,0,0,0,0
mozambique_3_01982,"Casada aos 15, Margarida gostaria de voltar a estudar",0,0,0,0,2,0
mozambique_3_01983,"Shaq chorou, ténis de Kobe esgotado, Vanessa agradece o apoio de milhões de pessoas",0,0,0,0,0,0
mozambique_3_01984,"Reacções à morte de Mandela: Eduardo dos Santos ""profundamente consternado""",0,0,0,0,2,0
mozambique_3_01985,5 relatos de presas políticas para não duvidar que houve tortura na ditadura militar do Brasil,2,0,0,0,0,0
mozambique_3_01986,Momento político conturbado coloca em risco direito de protesto nas universidades brasileiras,0,0,2,0,0,0
mozambique_3_01987,Nato projecta reformas e anuncia redução da contribuição dos Estados Unidos,0,0,0,0,0,0
mozambique_3_01988,Jogos Olímpicos: COVID-19 amplia abismo entre América Latina e nações mais ricas,0,0,0,0,2,0
mozambique_3_01989,EUA pedem voto de São Tomé e Príncipe contra a Coreia do Norte,0,0,0,0,0,0
mozambique_3_01990,Meio ambiente: Visão global de blogs ambientais,0,0,0,0,0,0
mozambique_3_01991,"Rapper moçambicano lança primeiro EP, intitulado “Não Paro Nunca”",0,0,0,0,0,0
mozambique_3_01992,Anche Cabral é a primeira mulher Timorense no Cross Country Olímpico do Rio de Janeiro,0,0,0,2,0,0
mozambique_3_01993,Deputados da Renamo convocados pela PGR sobre ataques atribuídos ao seu partido,0,0,0,0,0,0
mozambique_3_01994,Comediante angolano queixa-se de estereótipos e custo de vida,0,0,0,0,0,0
mozambique_3_01995,Guterres pede combate urgente às mudanças climáticas,0,0,0,0,0,0
mozambique_3_01996,África: África marca um gol na luta do HIV,0,0,0,2,0,0
mozambique_3_01997,"Moçambicanos lamentam a morte de um grande futebolista, Mário Coluna",0,0,0,0,2,0
mozambique_3_01998,São Tomé & Príncipe: Desflorestação Ameaça Biodiversidade,0,0,2,0,0,0
mozambique_3_01999,Joaquim Chissano diz que reivindicações da Junta Militar da Renamo precisam de análise profunda,0,0,0,0,0,0
mozambique_3_02000,"Ramadani Momade, a nova voz de Metangula",0,0,0,0,0,0
mozambique_3_02001,Abrir rotas marítimas da Ucrânia não é o suficiente para diminuir a pressão sobre produtos e alimentos no Oriente Médio e Norte da África,0,0,0,0,0,0
mozambique_4_00001,Vídeo revela métodos violentos usados pelas forças governamentais no combate aos ataques no norte do Moçambique,0,2,0,0,0,0
mozambique_4_00002,África do Sul retira rinocerontes do Parque Kruger por causa de caçadores furtivos moçambicanos,0,0,0,0,1,0
mozambique_4_00003,"Órgãos de indivíduos com albinismo não têm poderes mágicos, recorda o chefe da ONU",0,0,0,0,0,0
mozambique_4_00004,Autoridades cabo-verdianas investigam causas de epidemia de malária,0,0,0,2,0,0
mozambique_4_00005,Revolta em Angola após assassinato de protestantes na Lunda Norte,3,0,0,0,0,0
mozambique_4_00006,Epidemia de cólera em Moçambique,0,0,0,0,0,0
mozambique_4_00007,‘American Hustle’ e ‘12 Anos Escravo’ levam os melhores dos Globos de Ouro,0,0,0,0,0,0
mozambique_4_00008,Jovens canadianos são voluntários em Moçambique,0,0,0,0,0,0
mozambique_4_00009,Doença tabú das mulheres é finalmente falada em público,0,0,0,1,0,0
mozambique_4_00010,Quênia: Ódio tribal faz primeiras vítimas na internet,0,1,0,0,0,0
mozambique_4_00011,Biden responde a apelo de Zelenskyy e anuncia mais 800 milhões de dólares em assistência militar,0,0,0,2,0,0
mozambique_4_00012,Profissionais de saúde em greve em Moçambique,3,0,0,0,3,0
mozambique_4_00013,"Renamo pede fim dos ""ataques do Governo""",0,0,0,2,0,0
mozambique_4_00014,Artistas levam música através do mundo a partir do sofá,0,0,0,0,0,0
mozambique_4_00015,África lusófona marca presença no Mundial,0,0,0,2,0,0
mozambique_4_00016,Angola: Campanha eleitoral não anima os eleitores,0,0,0,0,0,0
mozambique_4_00017,“Ninguém sabe o que vem a seguir”: Venezuelanos vão às ruas no maior desafio de Maduro até agora,0,0,0,0,0,0
mozambique_4_00019,Congressistas americanos prometem apoio na área de conservação em Moçambique,0,0,0,3,0,0
mozambique_4_00020,"""O Brasil está tendo alguns problemas, não há dúvida sobre isso""",0,0,0,0,1,0
mozambique_4_00021,Estados Unidos apostam em parceria estratégica com África,0,0,0,2,0,0
mozambique_4_00022,Acidente que matou ativista pela democracia em Cuba segue envolto em mistério,0,0,0,0,0,0
mozambique_4_00024,"Comunidades quilombolas reclamam de impactos industriais em Porto de Aratu, na Bahia",2,0,0,0,0,0
mozambique_4_00025,Balotelli quer um beijo da rainha da Inglaterra se a Itália ganhar a Costa Rica,0,0,0,0,0,0
mozambique_4_00026,Amnistia Internacional alerta para violações de direitos no Rio-2016,0,2,0,0,1,0
mozambique_4_00027,Geórgia queria muito acordo de isenção de vistos com UE e agora já há motivo para festejar,0,0,0,2,0,0
mozambique_4_00028,"Jupp Heynckes, Treinador do Ano",0,0,0,1,0,0
mozambique_4_00029,"Bonga é mais que um cantor, é um combatente da liberdade - autor guineense",0,0,0,1,0,0
mozambique_4_00030,Pacientes com dificuldades a acesso de medicamentos no sul de Angola,0,0,0,0,2,0
mozambique_4_00031,"CR7 supera Pelé e Maradona, juntos, em golos pelas selecções",0,0,0,3,0,0
mozambique_4_00032,Equador: Conseqüências da crise na fronteira,0,0,0,0,0,0
mozambique_4_00033,África enfrenta desafios para empoderar mulheres,0,0,0,0,0,0
mozambique_4_00034,"Em país hostil a travestis, brasileira faz arte a partir de sua identidade e denuncia transfobia",0,2,0,0,0,0
mozambique_4_00035,África do Sul lança campanha contra tráfico humano,0,0,0,2,0,0
mozambique_4_00036,25 manifestantes são investigados com base em lei da ditadura no Brasil,0,1,0,0,0,0
mozambique_4_00037,Fundação Fernando Leite Couto nasce em Maputo,0,0,0,2,0,0
mozambique_4_00038,"Idris Elba apresenta concerto online com grandes cantores africanos, entre eles o angolano C4 Pedro",0,0,0,1,0,0
mozambique_4_00039,Presidente dos Jogos Olímpicos homenageia as vítimas de Volvogrado,0,0,0,0,0,0
mozambique_4_00040,África: Carregador de Bicicleta para a África Rural,0,0,0,0,0,0
mozambique_4_00041,Número de candidatos democratas à presidência dos EUA passa para 20,0,0,0,0,0,0
mozambique_4_00042,Chuva devasta norte de Moçambique,0,0,0,0,2,0
mozambique_4_00043,Joseph Blatter e Michel Platini suspensos do futebol por oito anos,0,0,0,0,2,0
mozambique_4_00044,Vítimas de esterilizações forçadas no Peru seguem em busca de justiça,2,0,0,0,0,0
mozambique_4_00045,"""Toma os meus braços para abraçares o mundo"", Amílcar Cabral",0,0,0,0,0,0
mozambique_4_00046,Angola Fala Só – “Os meus filhos não vão à escola” – Dr. Adriano Manuel,0,0,0,0,2,0
mozambique_4_00047,População jovem africana cresce sem precedentes,0,0,0,0,0,2
mozambique_4_00048,Blatter e Plantini suspensos,0,0,0,0,2,0
mozambique_4_00049,Hospital em Pemba proíbe entrada de pessoas com burka,0,0,0,0,0,0
mozambique_4_00050,Lixo continua nas ruas de Nampula apesar das promessas,0,0,0,0,1,0
mozambique_4_00052,"Angola Fala Só - ""Hospitais deixaram de ser lugar de acolhimento"", diz ouvinte de Luanda",0,0,0,0,2,0
mozambique_4_00053,"""Quando, em nome de Deus, vamos enfrentar o lobby das armas?"", perguntou Biden depois de mais um massacre",0,0,0,0,0,0
mozambique_4_00054,"""Caso Macie"": PGR pede condenação dos polícias",0,0,0,0,0,0
mozambique_4_00055,Igrejas protestam contra onda de raptos no Maputo,2,0,0,0,0,0
mozambique_4_00056,"Unidade do hospital de Benguela ""privatizada""",0,0,0,0,0,0
mozambique_4_00057,Notícias da Mentoria do Global Voices: Conheça os Ativistas!,0,0,0,0,0,0
mozambique_4_00058,Jornalistas da Bósnia exigem justiça no caso de jornalista ameaçado e agredido por Hooligans,0,2,2,0,0,0
mozambique_4_00059,Activistas guineenses alertam que há cada vez mais adolescentes e jovens a consumir drogas,0,0,0,0,2,0
mozambique_4_00060,"Fundo Empresarial da Cooperação Portuguesa disponibiliza 10,6 milhões de euros para empresas moçambicanas",0,0,0,2,0,0
mozambique_4_00061,Viagem de Beyoncé e Jay-Z a Cuba ofende blogueiros na diáspora,0,0,0,0,0,0
mozambique_4_00062,"EUA vão desembolsar 1,2 mil milhões de dólares a Moçambique até 2018",0,0,0,3,0,0
mozambique_4_00063,Revista de saúde masculina do Cazaquistão brinca com a saúde da mulher,0,0,0,0,0,0
mozambique_4_00064,"Holanda vence Chile e ""foge"" ao Brasil",0,0,0,2,0,0
mozambique_4_00065,"Angola, Cabo Verde e Moçambique entre os que mais cresceram em PIB per capita",0,0,0,0,0,0
mozambique_4_00067,Estão as ‘vespas assassinas’ japonesas invadindo a América do Norte?,0,0,0,0,0,2
mozambique_4_00068,EUA e UE condenam decisão da Nigéria de suspender acesso ao Twitter,0,2,0,0,0,0
mozambique_4_00069,Angola: Calando a boca da Mídia – de novo?,0,0,0,0,0,0
mozambique_4_00070,"Angola Fala Só - Maria Encarnação Pimenta: ""O medo faz parte da estrutura mental dos angolanos """,0,0,0,0,1,0
mozambique_4_00071,Nigerianas são a presa fácil da prostituição africana na Europa,0,0,0,0,2,0
mozambique_4_00072,"Irã: Sanções Apertam, e Moeda Iraniana Cai",0,0,0,0,1,0
mozambique_4_00073,"‘Tem gente que evita chegar perto por achar que estamos contaminados’, diz sepultador da periferia de São Paulo",0,0,0,0,0,0
mozambique_4_00074,Visão Mundial e parceiros levam água a zonas rurais de Nampula,0,0,0,2,0,0
mozambique_4_00075,Campanha “Onde está o Amarildo?” Contra a violência policial nas favelas,0,0,0,0,0,0
mozambique_4_00076,"A América Latina é a região da Terra em que mais se mata, e esta série do YouTube quer saber por quê",0,0,0,0,0,0
mozambique_4_00077,Elas falam: Latinas com deficiência sobrevivem à pandemia,0,0,0,0,0,1
mozambique_4_00078,"Trabalhadores da indústria têxtil no Camboja pressionam H&M, Walmart e Zara por um salário digno",2,0,0,0,0,0
mozambique_4_00079,Analistas moçambicanos defendem reformas profundas e fim do conflito armado,0,0,0,2,0,0
mozambique_4_00080,Noruega irá ter base naval em Moçambique para combater pirataria,0,0,0,1,0,0
mozambique_4_00081,África do Sul realiza campanha contra malária para mineiros e turistas que viajam a Moçambique,0,0,0,2,0,0
mozambique_4_00082,Adepto que atirou banana na Espanha em maus lençóis,0,1,0,0,0,0
mozambique_4_00083,Mãe de travesti assassinada no Brasil transforma luto em bandeira de luta,0,0,0,0,2,0
mozambique_4_00084,"Moçambique esforça-se, mas não atinge padrões mínimos para eliminar o tráfico humano",0,0,0,0,2,0
mozambique_4_00085,“Estamos mais viv@s que nunca”: Coral Herrera e a luta pela igualdade de género,0,0,0,2,0,0
mozambique_4_00086,Moradores do Rio de Janeiro se mobilizam contra alto custo de vida na cidade,2,0,0,0,0,0
mozambique_4_00087,"""Perdemos um combatente e um pai"", afirma Daviz Simango",0,0,0,0,2,0
mozambique_4_00088,Camião mata 11 pessoas em Moçambique e motorista está a monte,0,0,0,0,3,0
mozambique_4_00090,Estados Unidos reforçam sanções contra a Rússia devido a intervenção na Ucrânia,0,0,0,0,0,0
mozambique_4_00091,"CR7 leva Portugal às costas e com ""hack-trick""",0,0,0,2,0,0
mozambique_4_00092,"Impunidade em Moçambique, denuncia Relatório sobre Direitos Humanos no Mundo",0,2,0,0,0,0
mozambique_4_00093,Mortalidade infantil cai na África Subsaariana,0,0,0,0,2,0
mozambique_4_00094,Egito: Morte de adolescente em delegacia de polícia,0,3,0,0,0,0
mozambique_4_00095,Comité Olímpico americano autoriza atletas a recusarem ir ao Rio-2016,0,0,0,0,0,0
mozambique_4_00096,Campanha #TakeDownJulienBlanc repercute no Brasil; governo anuncia veto ao visto do “instrutor”,0,0,0,0,0,0
mozambique_4_00097,Dos Santos novamente em Espanha,0,0,0,0,0,0
mozambique_4_00098,Donald Trump deverá assinar ordem que bloqueia imigração para os EUA,0,0,0,0,2,0
mozambique_4_00099,Angola: O alto custo de vida em Luanda,0,0,0,0,0,0
mozambique_4_00100,Antigos embaixador e adido financeiro moçambicanos na Rússia condenados por peculato,0,2,0,0,0,0
mozambique_4_00101,Departamento de Defesa dos EUA reitera apoio ao Governo de Moçambique em meio a combates em Palma,0,0,0,2,0,0
mozambique_4_00102,"Roley vai lançar álbum ""Pensamentos"" no dia 31 de outubro",0,0,0,0,0,0
mozambique_4_00103,"CR7, o mais seguido nas redes sociais",0,0,0,0,0,0
mozambique_4_00104,Justiça brasileira apreende passaportes de nadadores americanos,0,0,0,0,0,0
mozambique_4_00105,Cambridge University Press retira 300 artigos acadêmicos de seu site na China,0,0,0,0,0,0
mozambique_4_00106,"“A esperança já se esgota de tanto esperar,” o desabafo de Alfa Thulana",0,0,0,0,1,0
mozambique_4_00107,Sindika Dokolo: uma vida na defesa da arte africana,0,0,0,0,0,0
mozambique_4_00108,Ataque a camiões deixa quatro feridos em Moçambique,0,0,0,0,2,0
mozambique_4_00109,Uma rua em Bangladesh colorida para a Copa do Mundo,0,0,0,2,0,0
mozambique_4_00110,"“Poemas de Neto atraíram muitos artistas para o canto”, afirma o sociólogo Analtino Santos",0,0,0,0,0,0
mozambique_4_00111,Crônicas de uma venezuelana preocupada: O cenário de um terror diário,0,0,0,0,2,0
mozambique_4_00112,"""A terra é do Estado quando o dono é pobre"", professor moçambicano Yussuf Adam",2,0,0,0,0,0
mozambique_4_00114,França é campeã mundial de futebol,0,0,0,3,0,0
mozambique_4_00115,Pesquisadores do mundo todo estão aprendendo com o conhecimento de comunidades indígenas. Entenda o porquê isso é importante.,0,0,0,2,0,0
mozambique_4_00116,Observatório Eleitoral dá vitória à Frelimo em Cuamba,0,0,0,2,0,0
mozambique_4_00117,ONG guineense critica multinacionais que cultivam organismos geneticamente modificados,0,1,0,0,0,0
mozambique_4_00118,"Insurgência em Cabo Delgado já preocupa o mundo, dizem analistas",0,0,2,0,0,0
mozambique_4_00119,Filme chinês “A Batalha do Lago Changjin” transforma a dolorosa história da Guerra da Coreia em vitória gloriosa,0,0,0,2,0,0
mozambique_4_00120,"Brexit, trabalhadores Timorenses preocupados com o seu futuro no Reino Unido",0,0,2,0,2,0
mozambique_4_00121,Houston: Moçambicanos procuram oportunidades de cooperação na área de petróleo,0,0,0,2,0,0
mozambique_4_00122,Brasil recusou fornecer dados sobre actividades da Odebrecht em Moçambique,0,0,0,0,2,0
mozambique_4_00123,Filipe Nyusi alarga estado de emergência em Moçambique até 30 de maio,0,0,0,0,0,0
mozambique_4_00124,Francisco prega o perdão e defende luta contra a corrupção,0,0,0,2,0,0
mozambique_4_00125,"Menores moçambicanos ""clamam"" por protecção",0,0,0,0,2,0
mozambique_4_00126,O maior jornal do Brasil deixa o Facebook e o acusa de propagar ‘fake news’,0,2,0,0,0,0
mozambique_4_00127,Irã: Dois importantes médicos ativistas contra a AIDS continuam na prisão,0,0,0,0,1,0
mozambique_4_00128,FOTOS: Showmício do principal partido opositor é atacado por polícia em Moçambique,0,0,0,0,0,0
mozambique_4_00130,"Fifa investiga drone ""espião"" no treino da França",0,0,0,0,0,0
mozambique_4_00131,Blatter acusa os EUA de terem querido infuenciar a eleição na FIFA,2,0,0,0,0,0
mozambique_4_00132,Etiópia acusada de limpeza étnica por expulsão em massa dos Amhara,0,2,0,0,0,0
mozambique_4_00133,Assassinado jornalista que denunciou corrupção no futebol africano,0,2,0,0,0,0
mozambique_4_00134,Estados Unidos dizem-se desapontados com extradição de Manuel Chang para Moçambique,0,0,0,0,0,0
mozambique_4_00135,"Impunidade, a maior ameaça à liberdade de expressão na América Latina",0,0,2,0,0,0
mozambique_4_00136,"Voluntários da Eslovénia, Macedónia e Sérvia unem esforços de reconstrução depois de inundações catastróficas",0,0,0,3,0,0
mozambique_4_00137,África do Sul poderá perder benefícios da AGOA se não permitir a entrada de produtos avícolas americanos,0,0,0,0,0,0
mozambique_4_00138,Hezbollah tem presença em Moçambique,0,0,0,0,0,0
mozambique_4_00139,Guiné-Bissau: Mandado Internacional de Captura contra Jornalista do Blog “Ditadura do Consenso”,0,0,0,0,0,0
mozambique_4_00140,"Angola Fala Só - Fernando Kawendimba receia o dilema ""morrer de fome ou morrer de coronavírus""",0,0,3,0,0,0
mozambique_4_00141,"Frank Paco: “Sempre que oiço as más notícias sobre guerras, o meu pensamento e orações vão para o povo de Moçambique",0,0,0,0,2,0
mozambique_4_00142,Doenças preveníveis matam 320 crianças por dia em Moçambique,0,0,0,0,3,0
mozambique_4_00143,"Cabo Delgado: Morreu Andre Hanekom, empresário sul-africano acusado de terrorismo",0,0,0,0,2,0
mozambique_4_00144,Documentário expõe a ameaça da vigilância por reconhecimento facial na Sérvia,0,0,0,0,0,0
mozambique_4_00145,COVID-19: Organizações da sociedade civil engajam-se na luta contra a pandemia na Huíla,0,0,0,1,0,0
mozambique_4_00146,Jovem moçambicana trabalha com perseverança para transformar em realidade o sonho de ser uma grande estilista,0,0,0,2,0,0
mozambique_4_00147,Milhares protestam em Barcelona contra independência da Catalunha,1,0,0,0,0,0
mozambique_4_00148,"FMI quer saber ""exactamente"" os destinos das dívidas secretas de Moçambique",0,0,0,0,0,0
mozambique_4_00149,"Com pouca repercussão nacional, escolas de Goiás são desocupadas com violência",0,0,0,0,0,0
mozambique_4_00150,Esses jornalistas colombianos querem que as pessoas saibam que Pablo Escobar não foi um herói,0,0,0,0,0,0
mozambique_4_00151,ATMs voltam a dar dinheiro em Moçambique,0,0,0,2,0,0
mozambique_4_00152,Afonso Dhlakama fala com antigo mediador italiano,0,0,0,0,0,0
mozambique_4_00153,"Arpilleras: Usando agulha e linha, mulheres costuram histórias de abusos em construções de barragens no Brasil",0,1,0,0,0,0
mozambique_4_00154,Amnistia Internacional denúncia violência policial no Rio de Janeiro,0,2,0,0,0,0
mozambique_4_00155,CAN 2021: Covid-19 manda para casa metade da delegação da Guiné-Bissau,0,0,0,0,2,0
mozambique_4_00156,"Angola: Após morte de médico, governo acaba com uso de máscara em viaturas privadas",0,0,0,0,2,0
mozambique_4_00157,Sul de Moçambique terá falta de água e energia durante um ano,0,0,0,0,2,0
mozambique_4_00158,COVID-19: Mercado de Xipamanine e outros de Maputo vão encerrar temporariamente,0,0,0,0,2,0
mozambique_4_00159,Rapper Cardi B ajudou a impulsionar a economia do Gana - mas como?,0,0,0,0,0,2
mozambique_4_00160,Ataques cibernéticos derrubam site do @Verdade no dia da eleição em Moçambique,0,2,0,0,0,0
mozambique_4_00161,"Países pobres estão cada vez mais pobres, revela relatório sobre Países Menos Avançados",0,0,0,0,2,0
mozambique_4_00162,Redes informais de WiFi são desmanteladas em Havana,0,0,0,0,1,0
mozambique_4_00163,EUA garantem ajuda a Moçambique,0,0,0,1,0,0
mozambique_4_00164,Representantes do ACNUR reconhecem situação dramática de deslocados em Moçambique,0,0,0,0,0,0
mozambique_4_00165,Agência suspende evento pré-Oscar em protesto contra decreto imigratório do Presidente americano,0,0,0,0,0,0
mozambique_4_00166,Nova iniciativa para lutar contra o Sida em Nampula,0,0,0,2,0,0
mozambique_4_00167,Joe Biden e Vladimir Putin discutem amanhã situação na fronteira entre Rússia e Ucrânia,0,0,0,0,0,0
mozambique_4_00168,A luta contra a COVID-19 anda de mãos dadas com a proibição de jornais no Oriente Médio,0,0,0,0,0,0
mozambique_4_00169,Despachos ucranianos 1: Fugindo de Kiev com familiares e animais de estimação,0,0,0,0,0,0
mozambique_4_00170,"Dos Santos não está internado e está de boa saúde, diz governo angolano",0,0,0,2,0,0
mozambique_4_00171,Madeireiros de Nampula acusam fiscais de aplicarem multas acima da lei,0,0,0,0,0,0
mozambique_4_00172,AI acusa Governo moçambicano de violar direitos humanos de 16 estrangeiros detidos há 18 meses,0,1,0,0,0,0
mozambique_4_00173,Coordenador-adjunto do programa contra a malária em Angola refuta acusação em tribunal,0,1,0,0,0,0
mozambique_4_00174,Dhlakama diz que detenção de Muchanga é um acto de intimidação e provocação,0,0,0,0,0,0
mozambique_4_00175,Zamalek do Egipto vence primeira edição da Basketball Africa League,0,0,0,2,0,0
mozambique_4_00176,"""Fidel Castro era um homem de bem"", diz Joaquim Chissano",0,0,0,0,0,0
mozambique_4_00177,"Irã: Mulheres Ativistas Detidas, Professores nas Ruas e Sussurros sobre a Guerra",0,0,0,0,0,0
mozambique_4_00178,Al Shabaab explode restaurante e mata dez pessoas na Somália,0,0,0,0,2,0
mozambique_4_00179,Kerry pede apoio militar para derrotar a Síria e diz que EUA não fecharão os olhos ao Irão,0,0,0,0,0,0
mozambique_4_00180,Presos colocados em liberdade durante a pandemia acusados de duplo homicídio em Benguela,0,0,0,0,0,0
mozambique_4_00181,Estados Unidos apoiam agricultura e transporte rural em Moçambique,0,0,0,1,0,0
mozambique_4_00182,Turistas aprovam a Copa no Brasil,0,0,0,1,0,0
mozambique_4_00183,Parlamento moçambicano aprova Acordo de Paz,0,0,0,2,0,0
mozambique_4_00184,"Jornalistas enfrentam empecilhos para cobrir eleições em Moçambique, diz entidade",0,0,0,0,2,0
mozambique_4_00185,"“O racismo é uma trava à nossa República”, diz a antropóloga brasileira Lilia Moritz Schwarcz",0,0,0,0,0,0
mozambique_4_00186,Apagão na Venezuela: Quanto tempo vai durar?,0,0,0,0,2,0
mozambique_4_00187,"Angola tem ""desafios a vencer"" nos direitos humanos, diz responsável da ONU",0,0,0,0,0,0
mozambique_4_00188,Ferroviário de Maputo perde com Patriots do Ruanda e falha apuramento para as meias-finais,0,0,0,0,2,0
mozambique_4_00189,Manifestantes exigem evacuação das crianças de Fukushima,0,0,0,0,0,0
mozambique_4_00190,Frelimo acusa a Renamo de continuar a matar e a negociar,0,0,0,0,0,0
mozambique_4_00191,Gana: Fotografia como ferramenta de conscientização ambiental,0,0,0,1,0,0
mozambique_4_00192,Frelimo analisa derrota na votação intercalar de Nampula,0,0,0,1,0,0
mozambique_4_00193,A comunidade LGBTI continua sendo castigada 20 anos após a descriminalização da homossexualidade no Equador,0,1,0,0,0,0
mozambique_4_00194,Famílias das vítimas da tragédia do Uíge clamam por justiça,0,0,0,0,2,0
mozambique_4_00195,"Liberdade académica e pesquisa, utopia ou realidade?",0,0,0,0,0,0
mozambique_4_00196,Contos sombrios do Uruguai: como mães e avós buscam por vítimas da Guerra Fria,0,0,0,0,0,0
mozambique_4_00197,Bill Cosby condenado a pena entre 3 e 10 anos na prisão por agressão sexual,0,2,0,0,0,0
mozambique_4_00198,Camboja: preservativo obrigatório e repressão à prostituição,0,0,0,0,0,0
mozambique_4_00199,"""Pobreza vai aumentar ainda mais em Moçambique"", adverte Observatório do Meio Rural",0,0,0,0,2,0
mozambique_4_00200,Imigrantes ilegais morrem afogados em Moçambique,0,0,0,0,2,0
mozambique_4_00201,"Gianni Infantino, o nome homem-forte do futebol mundial",0,0,0,0,0,0
mozambique_4_00203,"VÍDEO: Energia hidrelétrica no Rio Uruguai: “Nem tão limpa, nem tão barata”",0,0,0,0,0,0
mozambique_4_00204,"Há ou não jihadistas em Cabo Delgado? É preciso investigar mais, adverte a professora Liazzat Bonate",0,0,0,0,0,0
mozambique_4_00205,Josina Machel entre as 100 mulheres mais influentes de 2020,0,0,0,1,0,0
mozambique_4_00206,Jovens moçambicanos continuam a ser os mais afectados pelo desemprego,0,0,0,0,2,0
mozambique_4_00207,"""Não traga negros aos meus jogos"", disse Sterling",2,0,0,0,0,0
mozambique_4_00208,Dhlakama reitera que vai governar as províncias em Março,0,0,2,0,0,0
mozambique_4_00209,Sindicato de professores moçambicanos reticente quanto ao retorno às aulas em Nampula,0,0,2,0,0,0
mozambique_4_00210,Dhlakama recusa convite de Filipe Nyusi,0,0,0,0,0,0
mozambique_4_00211,Tribunal de Cabo Delgado diz ter identificado autores de ataques em Mocímboa,0,0,0,2,0,0
mozambique_4_00212,Senegalesa Fatma Samba Diouf Samoura indicada para secretária-geral da Fifa,0,0,0,0,0,0
mozambique_4_00213,EUA disponiveis para ajudar na pacificação de Moçambique,0,0,0,1,0,0
mozambique_4_00214,Aumenta número de crimes passionais em Manica,0,0,0,0,3,0
mozambique_4_00215,População de Daca protesta contra prefeito por surto de chikungunya,2,0,0,0,0,0
mozambique_4_00216,"""Portugal respira a música cabo-verdiana"", diz Celina Pereira",0,0,0,0,0,0
mozambique_4_00217,Tecnologia Celular para o Ativismo Ambiental,0,0,0,0,0,0
mozambique_4_00218,Assassinado coordenador que investigava desaparecimento dos estudantes de Ayotzinapa,0,0,0,0,2,0
mozambique_4_00219,Joe Biden insta Congresso a apertar o controlo nas vendas de armas,0,0,0,0,0,0
mozambique_4_00220,COVID-19: Parlamento moçambicano ratifica nova fase do Estado de Emergência,0,0,2,0,0,0
mozambique_4_00221,Imprensa europeia saúda regresso de CR7,0,0,0,2,0,0
mozambique_4_00222,Autoridades moçambicanas detêm 20 pessoas por porte ilegal de madeira,0,0,0,0,0,0
mozambique_4_00223,Os civis mortos nos ataques aéreos recentes foram vítimas da nova estratégia de Trump no Afeganistão?,0,0,0,0,2,0
mozambique_4_00224,Bahrein: Protestos Irrompem no Hospital Salmaniya,2,0,0,0,0,0
mozambique_4_00225,Antony Blinken autoriza países bálticos a enviar armas dos EUA para a Ucrânia,0,0,0,0,0,0
mozambique_4_00226,Polícia pode ter sido um dos assaltantes na avenida Mao Tsé Tung,0,0,0,0,0,0
mozambique_4_00227,Mateus Esteita tem organizado e participado de vários webinars para levar conhecimento e motivar jovens,0,0,0,2,0,0
mozambique_4_00228,Irã: Blogueiros descontentes com oferta da Rússia,0,0,0,0,0,0
mozambique_4_00229,Indígenas denunciam extrações de gigante petrolífera chinesa na Amazônia peruana,0,0,0,0,0,0
mozambique_4_00230,Igreja católica moçambicana reflecte sobre tráfico humano,0,0,0,0,0,0
mozambique_4_00231,Cinco jovens moçambicanos assassinados em Joanesburgo,0,0,0,0,3,0
mozambique_4_00232,EUA congratulam-se com anúncio de que Moçambique está livre de armas,0,0,0,2,0,0
mozambique_4_00233,Dois mortos vários feridos em confrontos na Guiné-Bissau.,0,0,0,0,3,0
mozambique_4_00234,Ex-combatentes ameaçam com violência se não forem recebidos por Guebuza,0,0,2,0,0,0
mozambique_4_00236,50 anos da ditadura no Brasil: As mãos e olhos franceses na tortura brasileira,0,2,0,0,0,0
mozambique_4_00237,Como podemos trazer eletricidade para 620 milhões de pessoas?,0,0,0,0,0,0
mozambique_4_00238,Angola Fala Só - A vinda de médicos cubanos “é um negócio”,0,0,0,0,2,0
mozambique_4_00239,"Cristiano Ronaldo, the Best 2016",0,0,0,2,0,0
mozambique_4_00240,Agricultores sem mercado garantido para o feijão boer,0,0,0,0,1,0
mozambique_4_00241,São Tomé e Príncipe despede-se de José Aragão,0,0,0,0,0,0
mozambique_4_00242,Brasileiros aprovam protestos durante a Copa,2,0,0,0,0,0
mozambique_4_00243,Hacker invade website do Conselho Nacional de Eleições em Moçambique,0,0,0,0,0,0
mozambique_4_00244,Egito: O terrorismo na visão de uma criança,0,0,0,0,0,0
mozambique_4_00245,Estados Unidos e Turquia acordam pausa na ofensiva de Ancara na Síria,0,0,0,1,0,0
mozambique_4_00246,Jovens estão longe dos centros de decisão em África,0,0,0,0,2,0
mozambique_4_00247,BAL: Quem é o Ferroviário de Maputo,0,0,0,0,0,0
mozambique_4_00248,Europa e o dilema dos imigrantes: entre contrabandistas e refugiados,0,0,0,0,0,0
mozambique_4_00249,Milhares de salvadorenhos enfrentam a COVID-19 sem água corrente para lavar as mãos,0,0,0,0,2,0
mozambique_4_00250,Antigo namorado de Josina Machel condenado por violência doméstica,0,0,0,0,2,0
mozambique_4_00251,Angola vai enviar quase dois mil soldados para a República Centro-Africana,0,0,0,0,0,0
mozambique_4_00252,Metro de São Paulo continua em greve e polícia enfrenta grevistas,0,0,0,0,0,0
mozambique_4_00253,Furacão alemã arrasa Portugal,0,0,0,0,1,0
mozambique_4_00254,Autores do Global Voices falam contra a Censura,0,0,0,0,0,0
mozambique_4_00255,Benjamin Netanyahu acusado de cometer crimes de guerra,0,1,0,0,0,0
mozambique_4_00256,"Aniano Tamele: Apesar de mágoas e pobreza, as mulheres moçambicanas tomam conta dos filhos",0,0,0,0,0,0
mozambique_4_00257,COVID-19: Mais mortes e casos em Moçambique e Angola,0,0,0,0,3,0
mozambique_4_00258,"A morna, género musical cabo-verdiano, torna-se Património da Humanidade",0,0,0,2,0,0
mozambique_4_00259,Filipe Nyusi quer encontrar-se com Dhlakama mas quer resultados,0,0,0,2,0,0
mozambique_4_00260,"A ‘guerra às drogas’ enfrenta um revés, com a recusa das Filipinas de se juntar ao TPI",0,0,0,0,0,0
mozambique_4_00261,Garrincha: Vídeo-homenagem nos 25 anos de ausência,0,0,0,0,0,0
mozambique_4_00262,Dhlakama escapa ileso em nova cena de tiroteio,0,0,0,0,0,2
mozambique_4_00263,Diego Armando Maradona: das reacções à morte ao enterro de Estado na Casa Rosada,0,0,0,0,0,0
mozambique_4_00264,FOTOS: Drone leva vacinas a ilha remota em Vanuatu,0,0,0,2,0,0
mozambique_4_00265,O terremoto que revelou a força e a solidariedade do México,0,0,0,0,0,0
mozambique_4_00266,"Diego Maradona: ""A FIFA é um recreio para corruptos""",0,0,0,0,0,0
mozambique_4_00267,Estudantes de Goiás presos após ocupar sede da Secretaria de Educação,0,0,0,0,2,0
mozambique_4_00268,Portadores do visto H4 são impedidos de conseguir emprego nos EUA,0,0,0,0,3,0
mozambique_4_00269,Militantes abandonam MDM,0,0,0,0,0,0
mozambique_4_00270,Estado Islâmico diz ter morto militares em Cabo Delgado,0,3,0,0,3,0
mozambique_4_00271,Estados Unidos abandonam Pacto Mundial para Refugiados e Migração,0,0,0,0,0,0
mozambique_4_00272,E.U.A. Preocupados com as ligações da Armênia com o Irã,0,0,0,0,0,0
mozambique_4_00273,Angola e Moçambique vão ficar ligados por caminhos-de-ferro,0,0,0,2,0,0
mozambique_4_00274,Estados Unidos e Cuba aproximam-se,0,0,0,2,0,0
mozambique_4_00275,Aumenta violência nos campos de futebol de Nampula,0,0,0,0,2,0
mozambique_4_00276,"Com a Presidente sujeita a Impeachment, a ‘Família Real’ quer fazer um ‘Game of Thrones’ pra valer",0,0,0,0,0,0
mozambique_4_00277,"""Não somos uma família racista"", Príncipe William",0,0,0,0,0,2
mozambique_4_00278,Equador: Aborto é um Tema Controverso na Nova Constituição,0,0,0,0,0,0
mozambique_4_00279,Medalhista etíope diz ter medo de regressar ao seu país,0,0,0,0,2,0
mozambique_4_00280,Pandemia de COVID-19 afeta negativamente direitos digitais nos Bálcãs,0,0,0,0,1,0
mozambique_4_00281,Cabo Verde: Acordo de Pesca com a União Europeia,0,0,0,1,0,0
mozambique_4_00282,Isto aconteceu depois que uma atriz famosa foi assediada no transporte público no Peru,0,2,0,0,0,0
mozambique_4_00283,Metade dos brasileiros está contra as Olimpíadas,0,0,0,0,2,0
mozambique_4_00284,"Cristiano Ronaldo, melhor do Mundo pela terceira vez",0,0,0,2,0,0
mozambique_4_00285,Economistas moçambicanos defendem criação de Fundo Soberano,0,0,0,0,0,0
mozambique_4_00286,Angolanos preocupados com possível ruptura dos stocks alimentares,0,0,2,0,2,0
mozambique_4_00287,"Músicos angolanos pedem ""travão"" em canções sexualizadas",2,0,0,0,0,0
mozambique_4_00288,Tradições culinárias búlgaras como forma de restaurar memória cultural: os pratos esquecidos da vovó na aldeia de Antimovo,0,0,0,1,0,0
mozambique_4_00289,"Cristiano Ronaldo, Bola de Ouro 2013",0,0,0,3,0,0
mozambique_4_00290,"Jovens deverão assumir a liderança em África, diz o músico zimbabweano Thomas Mapfumo",0,0,0,2,0,0
mozambique_4_00291,Ataque contra trabalhadores de saúde preocupa a Embaixada dos EUA em Moçambique,0,0,0,0,2,0
mozambique_4_00292,Covid19: Nyusi declara de estado de emergência em Moçambique,0,0,0,0,2,0
mozambique_4_00293,Trending: Bobby Bonilla; Canadá; Donald Trump; Kylie Jenner,0,0,0,0,0,0
mozambique_4_00294,Mulheres denunciam corrupção nas maternidades de Nampula,0,0,0,0,2,0
mozambique_4_00295,Personalidades mundiais assistem ao funeral de Kofi Annan,0,0,0,0,0,0
mozambique_4_00296,Angola: Zungueiras enfrentam vida dura com dignidade e coragem,0,0,0,0,0,0
mozambique_4_00297,Irã: Embaixada Britânica em Teerã Atacada,0,0,0,0,2,0
mozambique_4_00298,Angola e Moçambique acusados de violar sanções à Coreia do Norte,0,0,0,0,2,0
mozambique_4_00299,Crise económica europeia – Quando a solução é na verdade o problema,0,0,0,0,0,0
mozambique_4_00300,Amnistia Internacional pede protecção a Nyusi de pesquisadora ameaçada,0,0,2,0,0,0
mozambique_4_00301,Metade da populacão do planeta vai acompanhar os jogos do Mundial,0,0,0,2,0,0
mozambique_4_00302,"Angolana Fernanda Samuel é finalista do prémio ""Jovens Campeões da Terra 2020""",0,0,0,0,0,0
mozambique_4_00303,Frelimo não mexe em lideranças do tempo de Guebuza,0,0,0,0,0,0
mozambique_4_00304,Cine Holliúdy: comédia em “cearês” é fenômeno de bilheteria no Brasil,0,0,0,1,0,0
mozambique_4_00305,China sai a ganhar no relacionmento com Moçambique,0,0,0,0,0,0
mozambique_4_00306,Hospitais angolanos gritam por socorro,0,0,0,0,2,0
mozambique_4_00307,Equipas africanas começam mal o Mundial 2018,0,0,0,0,2,0
mozambique_4_00308,A internet da Ucrânia pode suportar ataques em longo prazo e destruição pela Rússia?,0,0,0,0,0,0
mozambique_4_00309,Interpol investiga possível manipulação de resultados no Mundial,0,0,0,0,0,0
mozambique_4_00310,Embargo dos Estados Unidos invade as vidas íntimas dos cubanos,0,2,0,0,2,0
mozambique_4_00311,Analistas contrariam visão positiva da polícia moçambicana sobre segurança em Cabo Delgado,0,0,0,0,0,0
mozambique_4_00312,Familiares buscam preservar memória de operário morto durante a ditadura no Brasil,0,0,0,0,3,0
mozambique_4_00313,"Dívida pública insustentável eleva custo de vida, dizem especialistas",0,0,0,0,0,0
mozambique_4_00314,Greta Thunberg chega a Madrid e prepara mensagem crítica contra líderes mundiais,0,0,0,0,0,0
mozambique_4_00315,COVID-19: Presidente do Brasil multado por não usar máscara,0,0,0,0,0,2
mozambique_4_00316,Insurgência em Cabo Delgado na agenda de Macron de visita à Africa do Sul,0,0,0,0,0,0
mozambique_4_00317,Cabo Verde: Combustíveis continuam aumentando. Por quê?,0,0,0,0,0,0
mozambique_4_00318,Espanha reitera disponibilidade de ajuda militar na luta contra o terrorismo em Moçambique,0,0,0,2,0,0
mozambique_4_00319,Primeiro banco de leite de Bangladesh enfrenta dificuldades antes da inauguração,0,0,0,0,1,0
mozambique_4_00320,"Fuminho, perigoso traficante brasileiro de drogas detido em Maputo",0,0,0,0,0,0
mozambique_4_00321,“Lua de mel” entre Uber e seus usuários chega ao fim no México,0,0,0,0,0,0
mozambique_4_00322,Guiné-Bissau: Golpe de Estado e a Missão Militar de Angola,0,0,0,0,0,0
mozambique_4_00324,Filipinas: Mapa de vigilância de vetores de transmissão da dengue,0,0,0,0,0,0
mozambique_4_00325,Cristiano Ronaldo sob investigação devido a infeção de coronavírus,0,0,0,0,0,0
mozambique_4_00326,Carlos Agostinho do Rosário é novamente primeiro-ministro,0,0,0,0,0,2
mozambique_4_00327,Guiné Bissau: Conexões entre as Forças Armadas e o Narcotráfico?,0,0,0,0,0,0
mozambique_4_00328,"""A morte é uma garantia para todos, mas viver o resto do teu dia não é"", Vanessa Bryant",0,0,0,0,2,0
mozambique_4_00329,Jogos Olímpicos de Tóquio: um símbolo que divide a sociedade japonesa,0,0,0,0,0,0
mozambique_4_00330,"O meu segredo é a persistência e a coerência, afirma o saxofonista moçambicano Otis",0,0,0,1,0,0
mozambique_4_00331,"Cristiano Ronaldo, Bola de Ouro 2016 da France Football",0,0,0,3,0,0
mozambique_4_00332,"Activistas Angolanos continuam privados da sua liberdade, até quando vai durar o pesadelo?",2,0,0,0,2,0
mozambique_4_00333,Famílias moçambicanas fazem contas depois do aumento do preço do gás,0,0,0,0,0,0
mozambique_4_00334,Índia: Caxemira: Das Pedras atiradas até os Protestos no Facebook,0,1,0,0,0,0
mozambique_4_00335,Egito: Cinco mortos na Praça Tahrir; protestos entram no 10º dia,0,0,0,0,0,0
mozambique_4_00336,Trabalhadores do metro de São Paulo iniciam greve ilimitada,0,0,0,0,0,0
mozambique_4_00337,Daviz Simango pede referendo sobre divisão da segunda maior cidade do país,0,0,0,0,0,0
mozambique_4_00338,Japão: Oito línguas ameaçadas no arquipélago japonês,0,0,2,0,0,0
mozambique_4_00339,Meninas grávidas duplamente penalizadas,0,0,0,0,0,2
mozambique_4_00340,Emigrantes moçambicanos na África do Sul debaixo do espectro da deportação,0,0,0,0,2,0
mozambique_4_00341,Angola: Deputada do partido no poder é assassinada,0,0,0,0,2,0
mozambique_4_00342,Especialistas alertam que ambicioso canal de Istambul destruirá o meio ambiente e abrirá caixa de Pandora da geopolítica,0,0,2,0,0,0
mozambique_4_00343,Albinos na mira dos traficantes de órgãos,0,0,2,0,0,0
mozambique_4_00344,CAN arranca hoje nos Camarões com Cabo Verde em acção,0,0,0,0,0,0
mozambique_4_00345,"Situação dos direitos humanos em Moçambique está um caos, diz Alice Mabota",0,0,0,0,0,0
mozambique_4_00346,Angola: Ativistas Espancados às Vésperas de Manifestação,0,0,0,0,2,0
mozambique_4_00347,Autoridades judiciais “asseguram” julgamento do escândalo das dívidas ocultas,0,0,0,1,0,0
mozambique_4_00348,Biden proíbe importações de petróleo e gás da Rússia,0,0,0,0,0,0
mozambique_4_00349,"Governos não querem ser fiscalizados, dizem deputados pan-africanos",0,0,2,0,0,0
mozambique_4_00350,Alemanha: Campanha “Eu Quero a Europa” é Criticada nas Mídias Sociais,0,0,0,0,0,0
mozambique_4_00351,Obra de escultor brasileiro ergue-se em praça de Maputo,0,0,0,2,0,0
mozambique_4_00352,Azagaia: Polémico rapper moçambicano afasta-se dos palcos após escândalo na televisão,0,0,0,0,2,0
mozambique_4_00353,Texas pede ao Supremo Tribunal que bloqueie votos de quatro Estados,0,0,0,0,0,0
mozambique_4_00354,Livro de Ungulani Ba Ka Khosa é um dos 100 melhores romances africanos do sec. XX,0,0,0,3,0,0
mozambique_4_00355,"Mais de 350 mil crianças precisam de apoio urgente em Cabo Delgado, revela a Save the Children",0,0,0,0,2,0
mozambique_4_00356,Moradores reclamam de desalojamentos no Rio de Janeiro,2,0,0,0,0,0
mozambique_4_00357,Paraguai: Preconceito na Mídia Internacional Durante a Copa do Mundo,0,2,0,0,0,0
mozambique_4_00358,EUA lança inoculações COVID após autorizar vacina para uso de emergência,0,0,0,1,0,0
mozambique_4_00359,Venezuela: fotos bloqueadas no Twitter enquanto os protestos continuam,0,1,0,0,0,0
mozambique_4_00360,Irã: “Governo dos EUA encorajando o separatismo”,0,0,0,0,0,0
mozambique_4_00361,Funcionários moçambicanos detidos por contrabando de pedras preciosas,0,2,0,0,0,0
mozambique_4_00362,Sentença de atacante de Paris será divulgada em Abril,0,0,0,0,0,0
mozambique_4_00363,COVID-19: Presidente de Câmara de Nova Iorque soa alarme sobre síndrome raro ligado ao vírus,0,0,2,0,0,0
mozambique_4_00364,“Khanimambo” - O novo som de Moreira Chonguiça,0,0,0,0,0,0
mozambique_4_00365,Moçambicanos na África do Sul desesperam-se por passaportes,0,0,0,0,2,0
mozambique_4_00366,Novo projeto portuário impulsionado pela China enfrenta oposição de moradores locais e ecologistas no Peru,0,0,0,0,0,0
mozambique_4_00367,Tensão afecta sector do turismo em Moçambique,0,0,0,0,0,0
mozambique_4_00368,América Latina: Mulheres recorrem a pílulas abortivas por medo do vírus da Zika,0,0,0,0,0,0
mozambique_4_00369,Geórgia: Guerra na Ossétia do Sul,0,0,0,0,0,0
mozambique_4_00370,"Angola: Músicos a favor dos ""golpistas""",0,0,0,0,0,0
mozambique_4_00371,"Best Blogs Brasil: Campeões eleitos pelo júri, publico e hackers",0,0,0,0,0,0
mozambique_4_00372,"Trending: ""Nigéria"" entre as palavras mais pesquisadas no Google",0,0,0,0,0,0
mozambique_4_00373,COVID-19: Seis mil crianças podem morrer por dia nos próximos seis meses,0,0,2,0,3,0
mozambique_4_00374,Preços aumentam em Inhambane,0,0,0,0,0,1
mozambique_4_00375,Crianças “invisíveis” morrem sob a tutela do Estado chileno,0,0,0,0,3,0
mozambique_4_00376,"Camionistas angolanos isentos do pagamento de teste da Covid-19 ""obrigados"" a pagar seis mil kwanzas",0,2,0,0,0,0
mozambique_4_00377,Guterres em Moçambique com reconstrução pós-ciclones na agenda,0,0,0,2,0,0
mozambique_4_00378,"VÍDEO: “Eles trabalham para morrer”, doença misteriosa mata nos canaviais da América Central",0,0,0,0,3,0
mozambique_4_00379,‘As mulheres deveriam ser submissas’ e outras sugestões que o Google autocompleta,0,0,0,0,0,0
mozambique_4_00380,Etiópia: Pai do Jazz Etíope é Homenageado,0,0,0,2,0,0
mozambique_4_00381,França: Ratos Alimentados com Milho Transgênico Desenvolvem Mais Tumores,0,0,0,0,1,0
mozambique_4_00382,Uma coruja sobe na árvore: Líder indígena resiste a invasão da polícia no Rio de Janeiro,0,0,0,0,0,0
mozambique_4_00383,FIFA e UEFA suspendem a Rússia de todas as provas de futebol,0,0,0,0,0,0
mozambique_4_00384,Analistas dizem que Governo de Moçambique tem de esclarecer as dívidas ocultas,0,0,0,0,0,0
mozambique_4_00385,"Um século depois, Namíbia exige justiça à Alemanha pelo seu primeiro holocausto",2,0,0,0,0,0
mozambique_4_00386,"Moçambique, Costa do Marfim e Zâmbia com mais milionários",0,0,0,0,0,0
mozambique_4_00387,Guterres pede reformas na ONU e que os líderes ouçam o clamor dos povos,0,0,0,2,0,0
mozambique_4_00388,"Francofonia: Como um vinho fino, a experiência do Twitter fica melhor com o tempo",0,0,0,1,0,0
mozambique_4_00389,Doença rara ataca em São Tomé e Príncipe,0,0,0,0,2,0
mozambique_4_00390,Estudantes universitários mexicanos em greve devido à tragédia de Ayotzinapa,2,0,0,0,0,0
mozambique_4_00391,Angola: Novos aeroportos trazem contradições e polêmica,0,0,0,0,0,0
mozambique_4_00392,Parlamento moçambicano debate pacote eleitoral na próxima semana,0,0,0,0,0,0
mozambique_4_00393,Imagem de substância proíbida em bebida energética cria debate em Moçambique,0,0,2,0,0,0
mozambique_4_00394,ADI inicia contactos para formar Governo de unidade nacional,0,0,0,0,0,0
mozambique_4_00395,"Trending: Billie Eilish, Kamala Harris, Jennifer Hudson",0,0,0,0,0,0
mozambique_4_00396,Rapper incentiva jovens moçambicanos para que deixem de consumir álcool e drogas,0,0,0,2,0,0
mozambique_4_00397,"Quarentena afetará o direito ao aborto na Colômbia, afirma advogada de direitos humanos",0,0,0,0,0,0
mozambique_4_00398,"""Perdemos parte da banda sonora das nossas vidas"", músicos choram Carlos Burity",0,0,0,0,2,0
mozambique_4_00399,Investigadores do Centro Internacional da Batata ganham Prémio da Alimentação Mundial,0,0,0,1,0,0
mozambique_4_00400,Papa Francisco visita Moçambique este ano,0,0,0,2,0,0
mozambique_4_00401,Autoridades “encobrem” a devastação e o número de mortos em Porto Rico,0,0,0,0,3,0
mozambique_4_00402,Copa do Mundo: Anistia Internacional lança campanha condenando repressão durante protestos no Brasil,0,0,0,0,0,0
mozambique_4_00403,Angola internacionalizou a Kizomba,0,0,0,2,0,0
mozambique_4_00404,Joseph Blatter e Michel Platini suspensos por oito anos pela Fifa,0,0,0,0,1,0
mozambique_4_00405,Tribunal moçambicano iliba jornalistas estrangeiros que investigam caça ilegal,0,0,0,0,0,0
mozambique_4_00406,Fábrica de processamento de tomates muda a vida de produtores em Tica,0,0,0,2,0,0
mozambique_4_00407,Trending: Mark Zuckerberg; Paulo Flores; Donald Trump; Kardashians,0,0,0,0,0,0
mozambique_4_00408,Angola: saiba como é que uma medida do Governo pode estar a criar desempregados,0,0,0,0,0,0
mozambique_4_00409,Crise política estala em São Tomé e Príncipe,0,0,0,0,0,0
mozambique_4_00410,"""Niveis de corrupção em Moçambique ainda são elevados"", diz Centro de Integridade Pública",0,2,0,0,0,0
mozambique_4_00411,"Covid-19 é ""ameaça nacional"" alerta governante angolano",0,0,3,0,0,0
mozambique_4_00412,Fórmula 1: Alemão Sebastian Vettel vence Grande Prémio de Mónaco,0,0,0,2,0,0
mozambique_4_00413,CAN 2021: Guiné-Bissau falha grande penalidade e empata com o Sudão,0,0,0,0,0,0
mozambique_4_00414,Estados Unidos restabelecem todas as sanções contra o Irão,0,0,0,0,0,0
mozambique_4_00415,CAN 2021: Cinco jogadores da Guiné-Bissau com Covid-19 ficam de fora do primeiro jogo na prova,0,0,0,0,3,0
mozambique_4_00416,Escritores de língua portuguesa homenageiam Jaime de Figueiredo,0,0,0,1,0,0
mozambique_4_00417,Guerra da Geórgia: Números de Mortos em Tshkhinvali,0,0,0,0,3,0
mozambique_4_00418,Banco de Moçambique aumenta taxa de juros,0,0,0,0,0,1
mozambique_4_00419,Cristiano Ronaldo ganha Bola de Ouro 2013,0,0,0,2,0,0
mozambique_4_00420,Americano Rowan Moore Gerety publica livro sobre Moçambique,0,0,0,0,0,0
mozambique_4_00421,‘Mulher-cervo: uma antologia’ releva a violência contra a mulher indígena norte-americana,0,2,0,0,0,0
mozambique_4_00422,"""Falsos soldados"" detidos em Quelimane",0,0,0,0,0,0
mozambique_4_00423,África: Clamor por Transparência Diante do Aumento Significativo da Venda de Terras,1,0,0,0,0,0
mozambique_4_00424,"Congresso inicia ""fim da era Obama""",0,0,0,0,1,0
mozambique_4_00425,Comércio não vence nos Jogos Africanos,0,0,0,0,1,0
mozambique_4_00426,Ministério público sul-africano pede prisão perpétua para assassino de moçambicanos,0,0,0,2,0,0
mozambique_4_00427,EUA financiam projectos agrícolas no valor de 30 milhões de dólares,0,0,0,2,0,0
mozambique_4_00428,Operadores turísticos do Bilene responsabilizam Governo moçambicano de queda nos negócios,0,0,0,0,0,0
mozambique_4_00429,"""Terra Sonâmbula"" de Mia Couto no mercado chinês",0,0,0,2,0,0
mozambique_4_00430,Bloco de carnaval quer celebrar tortura praticada pelo regime militar no Brasil,0,0,0,0,0,0
mozambique_4_00431,CAN 2021: Guiné-Bissau e Mauritânia foram as únicas das 24 equipas que não marcaram golos,0,0,0,0,1,0
mozambique_4_00432,FMI aprova reajuste de preços de combustível em Moçambique,0,0,0,1,0,0
mozambique_4_00433,Afonso Dhlakama diz que Renamo foi prejudicado nas eleições em Nampula,1,0,0,0,0,0
mozambique_4_00434,"Projeto social vai ajudar a alfabetizar pessoas mais velhas em comunidade cabo-verdiana, Almada, Portugal",0,0,0,2,0,0
mozambique_4_00435,"""No que depender de mim haverá Copa América no Brasil"", diz Bolsonaro e oposição vai ao Supremo",0,0,0,0,0,0
mozambique_4_00436,Boom imobiliário em Los Angeles ameaça o direito de moradia de imigrantes idosos de baixa renda,0,0,2,0,0,0
mozambique_4_00437,"Jorge Soares Silva, vencedor do Prémio Literário Arnaldo França e uma carreira nas letras",0,0,0,2,0,0
mozambique_4_00438,Destinos de praia na Albânia enfrentam temporada turística de verão atípica,0,0,0,0,1,0
mozambique_4_00439,Trending: Happy Kobe Bryant Day!,0,0,0,0,0,0
mozambique_4_00440,"Dunga demitido, Tite deve assumir escrete",0,0,0,0,0,0
mozambique_4_00441,Autoridades moçambicanas detêm jornalistas em Cabo Delgado,0,1,0,0,0,0
mozambique_4_00442,CAN 2021: Favoritos ganham por vantagem mínima na segunda jornada,0,0,0,0,0,0
mozambique_4_00443,Drones americanos atacaram o Iêmen no dia da posse presidencial,0,0,0,0,2,0
mozambique_4_00444,Rosa Roque: Artistas unidos podem colocar a cultura de Angola entre as potências do mundo,0,0,0,2,0,0
mozambique_4_00445,As cidades-fantasma da desindustrialização de Cuba,0,0,0,0,0,0
mozambique_4_00446,Os rostos da seca em Cuba,0,0,0,0,0,0
mozambique_4_00447,Caça furtiva preocupa procuradores africanos em Angola,0,0,1,0,0,0
mozambique_4_00448,Vídeo denuncia maus tratos policiais na Venezuela (ou será na Colômbia?),0,2,0,0,0,0
mozambique_4_00449,Notícias falsas sobre a vida de Marielle Franco abundam na internet após seu assassinato,0,2,0,0,0,0
mozambique_4_00450,Crise de legitimidade política da Venezuela abala a Wikipédia — e pode até ter levado a bloqueio,0,0,0,0,0,0
mozambique_4_00451,Marcha contra tráfico de seres humanos em Moçambique,1,0,0,0,0,0
mozambique_4_00452,Blatter demite-se,0,0,0,0,1,0
mozambique_4_00453,França: Premiação do Festival de Cinema em Direitos Humanos,0,0,0,0,0,0
mozambique_4_00454,Tribunal guineense prende sete polícias suspeitos de assassinar um preso,0,0,0,0,0,0
mozambique_4_00455,Banco VTB diz que foi enganado por Moçambique no caso das dívidas escondidas,0,0,0,0,0,0
mozambique_4_00456,Segurança rodoviária em Moçambique clama por fiscalização,0,0,0,0,0,0
mozambique_4_00457,Estados Unidos e ONU pedem provas do paradeira da tenista chinesa Peng Shuai,0,0,0,0,0,0
mozambique_4_00458,"África precisa de melhorar a produção do livro escolar, recomenda relatório da Unesco",2,0,0,0,0,0
mozambique_4_00459,Líderes africanos criam organização de comércio livre,0,0,0,1,0,0
mozambique_4_00460,Ministério Público descarta ligação de ataques em Cabo Delgado ao grupo Al-Shabab,0,0,0,0,0,0
mozambique_4_00461,Especialistas dizem que o “terrorismo” em Cabo Delgado deve ser melhor estudado,0,0,0,0,0,0
mozambique_4_00462,"A um ano da eleição para prefeituras, Grande São Paulo tem mais de 500 obras paradas ou atrasadas",0,0,0,0,0,0
mozambique_4_00463,República Democrática do Congo: Guerra prejudica esforços para proteger gorilas,0,0,0,0,0,0
mozambique_4_00464,Mediadores chegam na segunda-feira para encontro entre Nyusi e Dhlakama,0,0,0,3,0,0
mozambique_4_00465,Chikoti reconhece que negligência tem emperrado cooperação com Moçambique,0,0,0,0,0,0
mozambique_4_00466,Preço do pão sobe em Moçambique a partir de amanhã,0,0,0,0,0,0
mozambique_4_00467,Amazônia extrema: Barcos encalhados e muita areia no Rio Tapajós,0,0,0,0,0,0
mozambique_4_00468,Vida selvagem em Moçambique cada vez mais preocupante,0,0,2,0,0,0
mozambique_4_00469,"Japão: Para o Haiti pode ser demasiado pouco, demasiado tarde",0,0,0,0,0,0
mozambique_4_00470,Incêndio de grandes proporções atinge Museu da Língua Portuguesa em São Paulo,0,0,0,0,2,0
mozambique_4_00471,Agenda Africana: Prostituição embrulhada em papel de prenda,0,2,0,0,2,0
mozambique_4_00472,Zona Euro em Crise: Reações na Mídia Cidadã em 2011,0,0,0,0,1,0
mozambique_4_00473,"Universidade brasileira não quer matricular estudante de Guiné-Bissau, mesmo ela tendo cumprido todos os requerimentos",0,0,0,0,3,0
mozambique_4_00474,"Artistas prestam homenagem a Cláudia, morta e arrastada no asfalto pela polícia",0,2,0,0,0,0
mozambique_4_00475,"Trending: Shake Shack, Toyin Salau, Tupac Shakur",0,0,0,0,0,0
mozambique_4_00476,Vídeo retrata terna amizade entre um brasileiro e um beija-flor,0,0,0,0,0,0
mozambique_4_00477,"Islândia, de pais mais amigável para com os estrangeiros à grande ""atracção"" do Mundial",0,0,0,2,0,0
mozambique_4_00478,"Exército de Moçambique afirma número ""significativo"" de militantes mortos na batalha de Palma",0,0,0,0,2,0
mozambique_4_00479,Ferroviário de Maputo vence AS Douanes e espreita qualificação à segunda fase da BAL,0,0,0,2,0,0
mozambique_4_00480,Afeganistão: Morre fundador da rede terrorista Haqqani,0,0,0,0,3,0
mozambique_4_00481,Angola: Vestígios da Guerra Tornam-se Brinquedos,0,0,0,0,0,0
mozambique_4_00482,Angola Fala Só: Bilhete de Identidade Tony Caldas,0,0,0,0,0,0
mozambique_4_00483,A luta dos Bayaka para salvar as florestas da bacia do Congo,0,0,0,0,0,0
mozambique_4_00484,Vídeo faz retrospectiva da violação dos direitos humanos em 2013,0,0,0,0,0,0
mozambique_4_00485,Orfãos moçambicanos enfrentam o drama de serem ilegais na África do Sul,0,0,0,0,2,0
mozambique_4_00486,‘Uma repressão perturbadora à liberdade de imprensa': Paquistão bloqueia arbitrariamente o site Slate.com,0,0,0,0,2,0
mozambique_4_00487,Caos nos transportes urbanos moçambicanos,0,0,0,0,2,0
mozambique_4_00488,"""Polícia do Rio mata muito"", diz porta-voz da Amnistia Internacional no Brasil",0,2,0,0,0,0
mozambique_4_00489,O país que destruirá todos os outros: Rússia contra Ucrânia,0,0,0,0,0,0
mozambique_4_00490,"Filipe Nyusi e Ussufo Momade reúnem-se para ""desencalhar"" o impasse político",0,0,0,2,0,0
mozambique_4_00491,COVID-19: Los Angeles emite ordem de confinamento obrigatório,0,0,0,0,0,0
mozambique_4_00492,#DesafioAnita: Uma favela desafiou o campeão da Copa para um jogo,0,0,0,0,0,0
mozambique_4_00493,Egito: parlamento ameaça cortar relações com o Parlamento Europeu,0,0,0,0,2,0
mozambique_4_00494,Michael Schumacher regista ligeiras melhorias,0,0,0,2,0,0
mozambique_4_00495,"“Línguas não morrem, elas são mortas”: o que se enconde por trás da extinção das línguas nativas do México",0,0,0,0,0,0
mozambique_4_00496,Centenas de moçambicanos manifestam-se em Maputo,2,0,0,0,0,0
mozambique_4_00497,Facebook comemora 10 anos com cerca de mil milhões de utilizadores,0,0,0,2,0,0
mozambique_4_00498,Moçambicano Hélder Muteia chefia a FAO na África Central,0,0,0,2,0,0
mozambique_4_00499,"Angola anula concurso público após suspeita de fraude, sugerindo divergências dentro do Governo",0,0,0,0,0,0
mozambique_4_00500,Novas Frequências para escutar a emissão em Português da VOA,0,0,0,1,0,0
mozambique_4_00501,"Filme “Abominável”, da DreamWorks é banido no Vietnã, Malásia e Filipinas por questões marítimas",0,0,0,0,0,0
mozambique_4_00502,"África com maior risco de doenças transmissíveis, diz a OMS",0,0,2,0,2,0
mozambique_4_00503,"Nada pode parar a Revolta do Vinagre no Brasil, nem mesmo a FIFA",2,0,0,0,0,0
mozambique_4_00504,“Primos” de São Tomé e Príncipe unem diáspora através de rádio online,0,0,0,2,0,0
mozambique_4_00505,Camboja: Blogues criticam duramente encontros com doadores.,0,0,0,0,0,0
mozambique_4_00506,"Igualdade para transgêneros ucranianos: um longo caminho a percorrer, agora complicado pela guerra",0,0,0,0,0,0
mozambique_4_00507,COVID-19: Estados Unidos isentam alguns atletas estrangeiros de proibições de entrada,0,0,0,2,0,0
mozambique_4_00508,Custo de portagens aumentou em Maputo,0,0,0,0,2,0
mozambique_4_00509,"Angola: Com ébola bem do lado, as fronteiras foram fechadas",0,0,0,0,2,0
mozambique_4_00510,Juízes moçambicanos prometem penas duras aos traficantes de seres humanos,0,0,0,2,0,0
mozambique_4_00511,‘Acaba de me matar': a brincadeira da internet angolana que desafia o Governo,0,2,0,0,0,0
mozambique_4_00512,Cólera faz cinco vítimas mortais em Moçambique,0,0,0,0,2,0
mozambique_4_00513,Especialistas apontam falta de valores e crenças populares na origem de abusos sexuais em Angola,0,0,0,0,3,0
mozambique_4_00514,Vídeo: índios Munduruku protestam contra construção de hidrelétrica na Amazônia,2,0,0,0,0,0
mozambique_4_00515,Vacina anti-SIDA testada em Moçambique,0,0,0,3,0,0
mozambique_4_00516,Seis caçadores furtivos moçambicanos mortos na África do Sul,0,0,0,0,2,0
mozambique_4_00517,Inflação e juros disparam em Moçambique,0,0,0,0,2,0
mozambique_4_00518,Angola: Manifestação de Jovens Contra Alcoolismo Reprimida Com Violência,0,0,0,0,2,0
mozambique_4_00519,Beijo leva duas jovens à prisão durante culto religioso no Brasil,0,1,0,0,0,0
mozambique_4_00520,"Activistas angolanos são condenados à prisão, acusados de conspirar contra o governo",0,0,0,0,0,0
mozambique_4_00521,Dois novos casos de coronavírus iniciam “momento crucial” para os enfermeiros angolanos,0,0,0,0,3,0
mozambique_4_00522,"Autoridade americana duvida da ""limpeza"" da selecção russa no Mundial",0,0,0,0,0,0
mozambique_4_00523,Angola: Organizador de protesto contra pobreza preso às vésperas,0,0,0,0,2,0
mozambique_4_00524,Desastre em mineradora no Brasil mostra que promessa de Bolsonaro de flexibilizar a regulamentação do setor é totalmente inadequada,2,0,0,0,0,0
mozambique_4_00525,#NiñasNoMadres: argentinos protestam contra gravidez forçada de meninas,2,0,0,0,0,0
mozambique_4_00526,"""Está o Rio de Janeiro preparado para as Olimpíadas?",0,0,0,0,0,0
mozambique_4_00527,Mortes sobem para 19 em ataque a museu de Tunis,0,0,0,0,3,0
mozambique_4_00528,Estados Unidos e Eslovénia assinam declaração conjunta sobre tecnologia 5G,0,0,0,2,0,0
mozambique_4_00529,Espanha: Alarme falso em Barcelona,0,0,0,0,0,0
mozambique_4_00530,Regime sírio trava guerra de documentos contra seus próprios cidadãos,0,0,0,0,2,0
mozambique_4_00531,"“Parem as ruas, prendam os livros”: perseguição aos movimentos sociais em Porto Alegre",0,0,0,0,0,0
mozambique_4_00532,"Geórgia e Rússia: bullying on-line, ressentimentos históricos e regulamentação de vistos marcam desentendimento",0,0,0,0,0,0
mozambique_4_00533,Nova vacina contra a malária testada no Burkina Faso,0,0,0,3,0,0
mozambique_4_00534,"Com músicas, redes sociais e greves de fome, artistas cubanos lutam contra a repressão",0,2,0,0,0,0
mozambique_4_00535,#WithSyria quer acabar com o bombardeio indiscriminado da população síria,0,0,0,2,0,0
mozambique_4_00536,Forças Sírias matam 34 pessoas desde sexta-feira,0,0,0,0,3,0
mozambique_4_00537,Japão repreende oficialmente a Ucrânia por comparar imperador da guerra a Hitler e Mussolini,0,2,0,0,0,0
mozambique_4_00538,Analistas moçambicanos dizem que Justiça anda a reboque do poder político,2,0,0,0,0,0
mozambique_4_00539,Egito: médicos gravam vídeo de blecaute em emergência de hospital,0,0,0,0,2,0
mozambique_4_00540,"Embaixada americana considera assassinato de Amurane de ""acto brutal e detestável”",0,0,0,0,0,0
mozambique_4_00541,Irão impede que famílias completas assistam jogos em estádios e parques,0,0,0,0,2,0
mozambique_4_00542,Retrato do poeta Pablo Neruda levanta debate sobre a cultura de estupro no Chile,0,0,0,0,0,0
mozambique_4_00543,Trágica morte de adolescente em escola de Baku provoca ira contra falido sistema do Azerbaijão,3,0,0,0,0,0
mozambique_4_00544,Empresários moçambicanos pedem flexibillização no acesso à terra,0,0,0,0,0,0
mozambique_4_00545,Filme sobre a Gorongosa estreia na capital americana,0,0,0,0,0,0
mozambique_4_00546,Voluntários da Cruz Vermelha atacados em Nampula,0,0,0,0,3,0
mozambique_4_00547,"""Chupa sangue"" causa revolta em Nampula",2,0,0,0,0,0
mozambique_4_00548,"Tuitando direto de Madagáscar: Antananarivo em chamas, rumores de fuga do presidente",0,0,0,0,2,0
mozambique_4_00549,Banco Mundial vai apoiar Moçambique na reconstrução depois das cheias,0,0,0,2,0,0
mozambique_4_00550,"Angola: Falta água, luz, paciência? Buzina Só!",2,0,0,0,0,0
mozambique_4_00551,“Ninguém será esquecido”: condenado por carregar desinfetante durante protestos de junho no Brasil,0,0,0,0,0,0
mozambique_4_00552,"""Tirar Quelimane do buraco em que se encontra"" - diz o novo edil",0,0,0,2,0,0
mozambique_4_00553,Angola: Manifestantes e jornalistas presos em Luanda,0,0,0,0,3,0
mozambique_4_00554,Sentença de Bradley Manning pode coagir jornalismo investigativo,0,0,0,0,0,0
mozambique_4_00555,Alemanha: Protestos #Blockupy Contra Austeridade Pan-Europeia,0,0,0,0,0,0
mozambique_4_00556,Defensores do Marco Civil comemoram a aprovação da “Constituição da Internet”,0,0,0,2,0,0
mozambique_4_00557,"Diego Maradona voltou a atacar Pelé, para variar.",0,0,0,0,0,0
mozambique_4_00558,"Angola: Teatro Elinga, da Glória ao Esquecimento",0,0,0,0,0,0
mozambique_4_00559,Amnistia Internacional dá cartão amarelo à polícia no Brasil,0,0,0,0,0,0
mozambique_4_00560,Um avião com sete indígenas desaparece na Floresta Amazônica e o Brasil não fala sobre isso,0,0,0,0,2,0
mozambique_4_00561,Armazém sul-africano que entregou produtos deteriorados é encerrado em Moçambique,0,0,0,2,0,0
mozambique_4_00562,"Usinas hidrelétricas no Panamá: “Prometeram desenvolvimento, mas criaram um desastre”",0,0,0,0,2,0
mozambique_4_00563,COVID-19: Estudo aponta para 435 mortes em Cabo Verde e conclui que confinamento impediu cenário catastrófico,0,0,0,0,2,0
mozambique_4_00564,Procuradoria espanhola quer dois anos de prisão para Neymar,0,0,0,0,0,0
mozambique_4_00565,Tubarões Azuis em banho de multidão,0,0,0,0,0,0
mozambique_4_00566,Indonésios analisam a pena de morte ante as execuções por tráfico de drogas,0,2,0,0,0,0
mozambique_4_00567,Angola: José Eduardo dos Santos é acusado de delapidar o Estado pelo seu sucessor,0,0,0,0,2,0
mozambique_4_00568,Como as mulheres pagam pela guerra sem fim da esterilização forçada na Índia,0,0,0,0,2,0
mozambique_4_00569,Exército moçambicano deixa a Gorongosa,0,0,0,0,0,0
mozambique_4_00570,Doentes com tuberculose abandonam tratamento em Moçambique,0,0,0,0,2,0
mozambique_4_00571,Etíope Almaz Ayana é ouro nos 10 mil metros e Angola perde mas passa à fase seguinte em andebol,0,0,0,1,0,0
mozambique_4_00572,"Estados Unidos acusam Rússia de ""barbárie"" na Síria",0,1,0,0,0,0
mozambique_4_00573,África: O escândalo dos “bens mal-adquiridos”,1,0,0,0,0,0
mozambique_4_00574,Amnistia Internacional: ‘Espiral de violência é uma ameaça ao Estado de Direito na Venezuela’,0,0,1,0,0,0
mozambique_4_00575,Desconhecidos mantêm controlo de esquadra policial em Macímboa da Praia,0,0,0,0,0,0
mozambique_4_00576,Europa: Crise Económica Desperta Políticas Anti-Imigração,0,0,0,0,2,0
mozambique_4_00577,Paulina Chiziane questiona liberdades dos moçambicanos,0,0,0,0,0,0
mozambique_4_00578,Tribunais moçambicanos chumbam recursos contra resultados das eleições,2,0,0,0,0,0
mozambique_4_00579,Angola: Moradias de luxo para ricos e mais caras para pobres,0,0,0,0,2,0
mozambique_4_00580,"Mulheres ""postam"" mais do que homens no Facebook",0,0,0,0,0,0
mozambique_4_00581,Trabalhadores moçambicanos na África do Sul em risco de perder empregos,0,0,2,0,1,0
mozambique_4_00582,Fábio Capello é o seleccionador mais bem pago,0,0,0,0,0,0
mozambique_4_00583,Video: Metroviários em greve são agredidos pela Polícia Militar de São Paulo,0,2,0,0,0,0
mozambique_4_00584,"Legisladores tentam usar leis para barrar educação sobre gênero e sexualidade no Brasil, diz HRW",2,0,0,0,0,0
mozambique_4_00585,Eleitores de Nampula questionam promessas de partidos políticos,0,0,0,0,0,0
mozambique_4_00586,‘Leilão da Resistência’ é realizado por ruralistas para financiar ações contra indígenas,0,2,0,0,0,0
mozambique_4_00587,A guerra da Síria pode ser a mais documentada da história — e ainda assim sabemos muito pouco sobre ela,0,0,0,0,2,0
mozambique_4_00588,Eleições equatorianas marcadas por ataques em websites e suspensões de contas no Twitter,0,0,0,0,0,0
mozambique_4_00589,Japão oferece medicamento experimental contra o ébola,0,0,0,2,0,0
