text_id,text,Anger,Disgust,Sadness,Joy,Fear,Surprise
som_train_track2_1,Intaaan kusooo ordayay barnaaamijkan Hosow intaaa dawanayyy😓Aabahayyy ooo soman khamiiista maaanta anooo afur usameynaya😓eeerfono dhaga igu jiro 3:47 qosolkaaan us dhahayyy ayaaaba mobilkiii iyo suuugadiiiba dhulka Ku dhaceeen😓wlllhi omg 😱 1hr iyo 30minute Ka hadhayyy dib mud kal,0,0,0,2,0,0
som_train_track2_2,Faaaiza Ahmed Izzze hdaaanba arkeee iga daba geee fbga mxaaa dhacay,0,0,0,0,0,0
som_train_track2_3,Waxaaan ogaaaday geeeri murugo leh o u geeeriyoday Ibraaahim Hadraaawi o ka mid ahaaa abwaaannnada caaanka ah eee SomalidaWaxan u rajaynaya abwanka inu allle naxariiistiii jano ka warabiyo ehelki u ka tagay iyo dhammmaaan shacabka Somaliyeeedna waxan uga tacsiyeynayaaa geeerida ku timid abwaaanka URL,0,0,2,0,0,0
som_train_track2_4,Walal cumar inshar waxa jira hadal usheeegay ibnu taymiyah ooo dayax madobaaadka waxaudhaca 14   bisha hijriga,0,0,0,0,0,0
som_train_track2_5,Wlhi xogtan 1000% waaa sax sidiii aaan horay ugu daaawaday dhacdadan thnks bro taxanaha xiga waxad noooga dhigtaaa isku daygiii CIA eee dilkiii GEn. Caydiiid eee zomalia,0,0,0,1,0,0
som_train_track2_6,"Runtiii waaa Jilaaa majaaajiliiiste ah, iyada kaliya ayaaaba jili karta Ruwaaayada waaaba dhowr qof, Maaashaaa Alllah Horay usoco Naciiima, Alllah Yaxfidak, isku filan ayaaanba dhihi lahaaa!!!.",0,0,0,2,0,0
som_train_track2_7,USER Dadka qaaarkoood ma Kala garanayaaan doooda iyo caydaMarka hala yaaabin hadaaad aragto qofka Iska ka caynaaayo  Fakar kala duwnanshuhu kama dhigno in personal atttack laysku sameeeyo iyadooo la adeeegsanayo erayo xadgudub ah  Thanks,0,0,0,0,0,0
som_train_track2_8,Daaacadnimada madaxda Qaranku waxay sababtay in dalka qeybo badan ooo muhiiim ah wax kayar 5 biloood loooga xoreeeyo Khawaaarijta ooo in mudddo ah ka macaaashayay dhiiiggga iyo dhaqaaalaha dadkeeennnaMadaxwayne USER iyo USER waaa dal xoreeeyayaaal  URL,0,0,0,0,0,0
som_train_track2_9,Abiy Ahmed: 'Ma rabo inaan la dagaalo Soomaaliya',0,0,0,0,0,0
som_train_track2_10,Wlll nooo sooogudbi abu dauuudkiii ku jiray aaamina al mufti   dhawr jeeerna waaan kaaadal baday mahadsanid,0,0,0,0,0,0
som_train_track2_11,Walahay aaad ayaaan ula dhacay mansha ALLLAAAH,0,0,0,2,0,0
som_train_track2_12,sxb fadlan haaad aragtid   qoralkan hah kajeysenan fudlan subscribe   isar   mahadsanid,0,0,0,0,0,0
som_train_track2_13,Maxaaa ka qurux badan in aaad aaamusnaaatid marka uuu qofi u maleynayo in aaad u careysan tahay maxaaase ka qurux badan in aaad qososhid marka uuu qofi u maleynayo in aaad ilmada ceshan ladahay  Mohamud DarwishDuluc Maxaaa ka qurux badan in aaad tahay mid aaan la maleyn karin,0,0,0,0,0,0
som_train_track2_14,Videoga qofkiii duuubay hadiyad ayuuu leeeyahay wlahi Qurux saaaida weeeye,0,0,0,2,0,2
som_train_track2_15,Ck walashisaaa kufsi udhimate nin walashiiis u aaari waaaye inuuu rag lahadlo ma banaaano magdhawgiii walashiiis buuu kusooo tahriiibe waaaku aqaaan ck rer madina isla ahen eee kaxishow raga naaag batahaye,2,2,0,0,0,0
som_train_track2_16,Marka xilka iyo qofka u qalma ay is helaaan maxsuuulkan ayaaa ka dhasha  Illlahay waxan ka baryayaaa inay fusho  Si dadka reeer Somalia ay ugu yaraaan uga baaaqsadaaan abaaaro dabadheeeraaada xalkuna usooo dhawaaado  URL,0,0,0,0,0,0
som_train_track2_17,"Gabadha 5 ta sana jirto waxaaad dhahdaaa uuurkan waaa ilmo ku mataaansanaaa markeee calooosha hoooyadeeed ku jirtay isla markaaana gudaheeed Kusiii abuuurmay, si kale Macquuul uma ahan",0,0,0,0,0,0
som_train_track2_18,Ninyow meeeshan iga shid wan ku caaajisne   buuudhi madhan ayaaad naga kirayse 24 sac dacwo ayaaan ahay wlllkay kaftan ayay iga tahay   macnaha dhiri galin hore usoco from hargaysa,0,0,0,0,0,0
som_train_track2_19,Oo kaaaley shaqada iyo ragaaa qadartu ku dhacday maxaaa isku xidhay,0,0,0,0,0,0
som_train_track2_20,USER In runta laga hadlo sooomalidu ceeeb bey u aragtaaa marka wlshy ha u bixin waxaaad ka hadashay waaa xaqiiiq balse xooogaaa in la maldaho bay ku habooon yihiiin,0,0,0,0,0,0
som_train_track2_21,Cudur halis ah ooo ka dilaaacay Tansaaaniya iyo warar kasooo kordhay  URL URL,0,0,0,0,3,0
som_train_track2_22,Walaaal USER waaa hadal xaq ah hadalkaaan laaakiiin waxaaad mooodaaa inuuu ku dhacayo dhago awdan  URL,0,0,0,0,0,0
som_train_track2_23,Queeen Elizabeth III ooo ahayd boqoradiii ugu xukunka dheeerayd eee Ingiriiis ooo xukunkeeedu socday todobaaatan sano ayaaa dhimatay khamiiistiii iyada ooo 96 jir ah Buckingham Palace ayaaa ku dhawaaaqdaymoreURL URL,0,0,0,0,0,0
som_train_track2_24,"Waleee inaaadan caloool nugayl la oooyaynin,,, ninkiii kula dareeenu wuuugaran waxa ku nugleeeyyy,,,alllow ,,,ogaaaden ninkiii u dagaaalmow gunimadaaasaaa kuuudanbaysa",0,0,2,0,0,0
som_train_track2_25,Xaaska hoggaamiye Muslim ah oo loo heysto inay sixir miciin bidday,0,0,0,0,0,1
som_train_track2_26,Mahadsanid Tanaaad sxb mcne wxn ka codsanaaaya in aaad Xayawaaanada dalkeeena guuud ahaaan 5ta sooomaliya barnaaamish noooga sooo diyaaariso waaayo xayawaaano badan ayaaa Dabar go'ay ooo aaan war laga heeeynin mrkle mahadsanid mudane,0,0,0,0,0,0
som_train_track2_27,Maxay tahay fariinta Qarsoon ee Maraykanku u diray Iran ka dib weerarkii saldhigyada Xuutiyiinta?,0,0,0,0,1,0
som_train_track2_28,Hhhh nio xaliiimo aaawey maxaaa ku dhacay😂😂😂,0,0,0,0,0,0
som_train_track2_29,Waxaaan uga goleyahay gilgilka konfur uuun ka dhacay somalida wadaaa gembiyaaay  Alllo somali u gargar ooo dulmiga ka qabo URL,0,0,2,0,1,0
som_train_track2_30,Waxaaan daaacad laga ahayn dabada ayeeey ka qurmaaan eee yaaan wax kasto aaan sameyneyno dan gaaar ah laga yeeelaninJune 3 2017,0,0,0,0,0,0
som_train_track2_31,Aqalka Cad oo soo saaray go’aan sigaarka ku saabsan oo muran dhaliyay,0,0,0,0,0,0
som_train_track2_32,Jimco November 4 20222 HOL  Madaxweynaha Somaliland Muuuse Biiixi Cabdi ayaaa sharci daro ku tilmaaamay goaaamadiii kasooo baxay shir beeeleeedkiii Dalwanaaaje eee dhawaaan Burco ka dhacay  URL,0,0,0,0,0,0
som_train_track2_33,Dhamaaantoood Alllah ha u naxariiisto inti dhaaawacyada sooo gaaareeen caaafimaaad sariiic ah Alllah ha siiiyo waxaaan dhiiirrra gelinaynaaa in laga gaaashaaanto dhagarta cadowga lana siii wado howl galllada lagu sifaynayo argagaxisada  22,0,0,2,0,0,0
som_train_track2_34,Sisters midki hore kooo ka fcn inaaa hshid laga yabaaa sidas dhan ha u niyad jabin,0,0,2,0,0,0
som_train_track2_35,Midawga yurub ma hoyadooodba somalaia xukunta nacala afkiiina qadhmuuun kuyaaala,2,0,0,0,0,0
som_train_track2_36,Qurux ku dhigle zxp editing skillls aaad taqanid mad no faideysid adigo rali ah inad aqbaleysid wan hubnaaa ✔️✔️✔️,0,0,0,0,0,0
som_train_track2_37,Sxb hal su aaal ah red bulll maxad ku jeceshahy mahadsanid,0,0,0,0,0,0
som_train_track2_38,RASMI  Iskuaaadka wareeeggga 8dhamaaadka eee tartanka Kubbbaddda cagta Jaaamacadaha 2022223Maxaaa u rajeynaysaaa jaaamacadaaada URL,0,0,0,0,0,0
som_train_track2_39,USER SAWIRRRO Madaxweyne USER ooo u sheeegay ciiidamada General Gordan eee Muqdisho ooo dhawaaan ka sooo laaabtay tababarkiii Eritrea inay u diyaaar garooobaaan in la geeeyo furimaha hore iyo dagaaalka ka dhanka ah AlShabaaab eee Somalia  URL,0,0,0,0,0,0
som_train_track2_40,Masha Alllah illlahay Ayaaa Mahad leh ka sokowna dowlada iyo shacabka garabka wayn ka gestay dhamaaantiiinba guuulaysta qoftaaas hoooyada qalbigeeeda dhaaawacdayna waaa in xabsi Daaa in ah lagu xukumaaa magdhowna loga qaaado hoooyada miskiiinta ah masiiibo haku dhacdeee,0,0,0,1,0,0
som_train_track2_41,USER Dowladdda ha la wareeego ha looogu shaqeeeyo shacabka Deeegaaanka,0,0,0,0,0,0
som_train_track2_42,Kkkk Jiliiinka gabadha ayaaa fashilisay,0,0,0,0,0,1
som_train_track2_43,Maxkamaddda Ciiidamada amp Taliska Boooliska ooo War kasooo saaaray dilal ka dhacay Muqdisho  URL URL,0,0,0,0,2,0
som_train_track2_44,Somaliland Somaliland waxay u baaahan tahay shacab caaafimaaad qaba iyo sharciMarka aynu qabyaaalad ka dooorano inaynu ku dhaqano sharciyadiii aynu ku ahayn heshiiiska waaa qeyb kamiddda dastuuur jabinta uuu sameeeyey Mudane Madaxweyne USER  Ilaaa gooorma ayeynu sharciggga baraneynaaa URL,0,0,0,0,0,0
som_train_track2_45,Afar sano kadib ayuuu dib iiiso wacay markaaas buuu igudhahay hambalyo jaceeel cusub ayaaan helay anigana waxaaan ku iri codkaaaga hooos u dhig ilmo baaa iii hurdeee aaanba is hafreee ninka waaan iska dhiciyay maaaha,0,0,0,0,0,0
som_train_track2_46,Lkn ina ader c/laaaHi yow aaad Baaad iiiGa QosliSaY lkn ruuux xanuuun zan ama macaaan ama Dhiiikar baaad ku zamayn wuuuna u dhiman karaaa intuuu naxo ama cadhooodo barnaaamij aaad umacaaan weyeee lkn midna ku darzo aDiga aguuu wax yeeelo ku gaaadh ziiinkaraaa dad ku ina ader,0,0,0,0,2,0
som_train_track2_47,Ugu yaraaan 3 qof ooo rayid ah ooo ay ku jirto haweeeney ayaaa ku dhintay qarax miiino ooo maaanta ooo Axad ah ka dhacay wadada isku xirta Buuurane iyo Mahadaaay eee gobolka Sh Dhexe koooxda AlShabaaab ooo haaatan laga saaaray Sh Dhexe ayaaa inta badan weeeraro dhabagal ah ku qaaada ciiidamada URL,0,0,2,0,2,0
som_train_track2_48,USER Awal waxay ahayd dhulku ma guuure dadka guuura  Hadana dhulka waaa lawada dagaaa  Maaantana wax ma bartaaanooo inagaaa xukumayna  Siyaaasad ku dhisan nacayb iyo mirqaaan waaa sidanooo kale  Lugahay rafashadiii uga hadhay laaakiiin ha ilooobina khatartoooda iyo in ICFGS la shaqeynayaaan,0,0,2,0,0,0
som_train_track2_49,mahadsanidiiin chanelka ogaaansho nooo sooo gudbiya 10 dal eee ugu yar qaaarada afrika,0,0,0,1,0,0
som_train_track2_50,Sxb mahadsanid wankugu faaana ilahay garabkaaaga hagalo eee ino so badi sirdonkeyni sharafta laha,0,0,0,1,0,0
som_train_track2_51,mahadsanid ogaaansho   marka ugu horeyse first view aaan noqdo😂😂😂,0,0,0,2,0,0
som_train_track2_52,USER in xilka laga qaaado waxa uuu uyaqaaan ugaaarsi beeel gaaar ah URL,0,0,0,0,0,0
som_train_track2_53,Wallleee mageeeda magelin... Aniga hadaaad ahaaani lahaaa   Marna xukun nocaaas masiiiyeeen...,0,0,0,0,0,0
som_train_track2_54,"Oo ma jaboooti ba looogu mahad -celinayaaa inay shir lacag iyo sumcad Ku heshay ooo dalkeeeda ka dhacay noooga dhigaysaaa inay nooo gashay abaaal, aaaway anaga midaaan anagu ugalnay, ka so bilawo markay qadanaysay xoriyadeeed ilaaa midiii ugu danbaysay ooo ahay kurisga amniga A",2,0,0,0,0,0
som_train_track2_55,"Maxaa dhacaya haddii cirbixiyeen ama dalxiise uu ku dhinto hawada sare, sidee ayaase loo aasayaa?",0,0,0,0,0,2
som_train_track2_56,USER Congratulations USER Waxaaan kaaaga fadhinaaa shaqadaaada in aaad sidaaacad ah ugudatid somaaali isusooo dhawaysid Tuhunka shacabka sooomaaaliyeeed qabaaan ooo ah in shesheeeye kuwataaan in aaad iska bariyeeeshid ooo aaad sooomaaalinimo kushaqaysid baaan kaaacod sanayaaa xaqa alaaah idin,0,0,0,0,0,0
som_train_track2_57,mànsha alllha gabar aya naaaguso biiirtay so dhawooow wannna mahad sanadtihiiin,0,0,0,0,0,0
som_train_track2_58,So gaaar ah ayaaan ula oooyay nin oday ah sargaaal hore ah waxa ka keeenay ilmaha Ma yara Laaakin la ogaaa Nina nin kama ooog badna eee shacab baaa looo turaaa inta badan  Freeedom is not freee Dhiiig iyo naf baaa ku baxda waaana wax la ogyahay ooo la hubo URL,0,0,2,0,0,0
som_train_track2_59,Dagalka sedaxaaad waaan so dhaweynaya,0,0,0,0,0,0
som_train_track2_60,USER Suldaaan Waaa runtaaa sawir qurux badan horeyna uma aheyn maaanta kaba siii xag jirta iyadooo meyd iyo xasuuuq taaagan tahay la sooo bandhigo Waaa Mid Subaxanalllah leh Suldaaanow sawirkani Waaa saaamiga iyo sumada SOMALILANDta imika ka jirta Balse wax yar baaa u dhiman hadeeed,0,0,3,0,0,0
som_train_track2_61,Maxay dawladdu ugu qasabtay dhaqtarkaan in uu qori qaato oo la dagaalamo kooxda jihaad doonka ah?,0,0,0,0,0,1
som_train_track2_62,CELCELI 1010   hoooyada somaliya wastay ilmo faqaaash,0,2,0,0,0,0
som_train_track2_63,Shan faa'ido oo cajiib ah oo laga helo cuntooyinka kasoo go'a dhirta,0,0,0,0,0,0
som_train_track2_64,USER Asc  RW  Waaan ku salaaamay  RW waxaaan KAAA codsanaynaaa in ciiidamada reeer jabuuuti eee fadhigooodu yahay Hiiiraaan kala xisaaabtamo XISAAABTAN DHAB AH OOO DEG DEG AH  Waaayo suuurto gal maaaha inay GOOOBAHA dawlada ku filan waaayaaan,2,0,0,0,0,0
som_train_track2_65,I.a way helaysaaa hoyadaaas ilmaheeeda xaq bani aaadam isma qariyo allla haka sooo if bixiyo dadka waliba si fudud aynan filaynin tugadaaas umada kale ayeeeyba halis ku thay,0,0,2,0,0,0
som_train_track2_66,Intiii horooo dhan #hitlller iyo #Musssolini zxpo aaad isagu dhaw bay ahaaayeeen waxayna ahaaayeeen labo kalidoood taliye balse #Hitler baaa ka baxay saaaxiptinimadi wxuuuna duuulaaan aaan la iclaaamin ku qaaaday Russsia. #hitlller jabkiiisiii halkaaasuuu ka bilaaabmay .markiii u,0,0,0,0,0,0
som_train_track2_67,Madaxda sare eee dowladdda waxaaan ku ammmaaanayaaa mawqifka istaraaatjiga ah eee ku qotoma danaha qaranka iyo sida ay ugu baraaarugsan yihiiin in Taiwan ku xadgudubtay midnimada Sooomaaaliya,0,0,0,1,0,0
som_train_track2_68,Tusaaale ku filan kuwa alllah caaasiyay meeeshey ku danben donan rabiyow nahadhig kuwa ka badbaaado jaxiiimo amiiin,0,0,0,0,0,0
som_train_track2_69,Ilahay naxariiistiii jano hageeeyo marxunkaaas cidiii dulmiga kagashayna ilahay hasooo saaaro Lakin waxaaan layaaabay. Nin shalay adooo noool ku carysabayay maaanta inuuu maydkaaagiii sooo dhaweeeyo ooo safaf Dheeer looogalo,0,0,2,0,0,0
som_train_track2_70,Qaybtiii sadexaaad dilkiii wariyaha gooorme so galinaysaaa 👍🏽 like saaara qofkiii sugaya,0,0,0,0,0,0
som_train_track2_71,USER Idinkaaa gurigiiina lagu sooo dhaweeeyaaa ooo sooo aruuursada argagixisada aduuunka ooo dhan Marka waxiii aaan fahmo wayno xagasanu usooo diraynaaa eee sooo dhaweya ooo wasiiir ka djigta waliba Ileeen dalkan rag aya ilashanaya ooo cadaw dhama dhex gali kareee Amisomland,0,0,0,0,0,0
som_train_track2_72,dirisle sxb adigu samarooon baaad tahay saw maaaha qofbaaan ku muraneee adooon iga xanaaaqayn,0,0,0,0,0,0
som_train_track2_73,1 in 13 Nov ooo u dhamaaanayo Mudddo xileeedka Biiixi ay ku dhawaaaqi dooonaaan Xukuuumad gaaar ah ooo ah markiii u horeysay eee SL ay ka dhacdo2 Shir wadatashi ah ummmadeeed ah ayay ku dhawaaaqi dooonaaan kaaas ooo ka dhici dooona magaaalada Burco eee hore loooga aaasasay Somaliland URL,0,0,0,0,0,0
som_train_track2_74,Waaakan USER xaqiii baaa feeeraha ka dilaaacay hadaaan bern la isu sheeegeeeyn waxaaan aheeeyn qaran jira ooo isku filan ooo aaan looo talin ooon deeeq ku noooleeeyn 1  Bar kacayal ma jirin2  Qaxoooti ma jirin3  Nabadgalyo xumo majirin4  Paaabooorkeeena ixtiraaam Alllaha u naxariiisto  URL URL,0,0,0,0,0,0
som_train_track2_75,TACSI JOGTO AHwaxaaan utacsiyeynaya dsdkiii ayago hurda hobiyaha hab lagusiiiyey allle intiii dhimatay ha unaxariiisto intiii dhawac ahna allle habogsiiiyo ayanLamaha amaaankana waxaaan karejeyneynaaa inay talaaabo kaqaaadi dooonaaan dadka umadan dhibataynaya ,0,0,3,0,0,0
som_train_track2_76,Shirsanadeeedka Garsooorka Dalka 2023 ayaaa hada furmaya  Shirkan ooo sanadkiiisa shanaaad ooo xiriiir ah dhacaya ayaaa sanadkan looogu hadlayaaa federaaaleynta GarsooorkaFederaaaleyntaGarsooorkaSanadlaha GarsooorkaConfrence2023FederaaaleyntaGarsooorkaShirkagarsooorka2023 URL,0,0,0,0,0,0
som_train_track2_77,Waaa bil ramadan ilahay miyaaad ka baqdan mayirku ma isagaaa gadhiga waday ninka waday baaa looo haystaaa dilkas waxba yaaan la siyasadeeen ninkiii dilay uuun baaa danbiga leh lkn adigu ku shaqeeeya gormay xukun noqotay ama danbi war ilahay u nqoda reeernimo idin wadi mayse ordoo,2,0,0,0,0,0
som_train_track2_78,Waxaaa iiigu naxdinbad nayd markiii markay ukhudbadaynaysay eee ay oooyaysay iyaguna ooo yayeeen habaaar qabtadu aaad ayaaan markaaana umurugoooday,0,0,2,0,0,0
som_train_track2_79,Masha alah wad mahadsantahay maracade runti waaa arindaren leeeh dinta iyo dalkaba   wanadhacdo   layableh,0,0,0,0,0,2
som_train_track2_80,USER Maaalin dhawayto asagooo cadhaysan uuu hadlayay ayuuu sir sarbeeeban Kashifay  in uuu MS asagu wax sooo baray xubnaha dawladdda eee kalana uuu asagu ka fiiicanyahay marka waxay ka hortagayaaan uuun in siro dheeeraaad ah cadho darteeed banaaanka u keeeno,0,0,0,0,0,0
som_train_track2_81,OGAAANSHO insha alllaaah waaan kusugaynaaa mahadsanid zxp,0,0,0,1,0,0
som_train_track2_82,Hayadaha nabadsugida iyo sirdooonka u qaaabilsan dowladaha Somaliya iyo Itooobiya ayaaa magaaalada Muqdisho ku gaaaray heshiiis wada shaqeyn tooos ah ooo ay yeeeshaaan sidiii loooga hortagi lahaaa khataraha koooxda Al Shabaaab iyo arimo kale ooo badan  URL,0,0,0,0,0,0
som_train_track2_83,QM ooo dalbatay in laga hortago xadgudubyada Haweeenka looogu geysto Sooomaaaliya  URL URL,0,0,0,0,0,0
som_train_track2_84,Mayir iska dulqaaado umad markaaad xil uhayso wax waydhacayaaan markasta haday noqoto dhimasho iyo dhaaawac intuba markaaa markaaa qadartu waydhacdaaa allle halaga cabsado ooo yaaan wax siyaaasada laga dhex baaadhin allle hawnaxariiisto marxuuumada samir iyo iiimaaan allle hakasi,0,0,2,0,0,0
som_train_track2_85,000:41 😂😂😂Lukguguwaty hanatusin KKK 😂 😂😅😅😅 😅😅😅 😅 wlhi qosolka adunka darisle nolow tagero Mar wlpo wankudhirigiliyaaa horay usoco wlllky Ina weeen,0,0,0,2,0,0
som_train_track2_86,23 4 gudniiinka gabdhaha waaa caaado naxariiisdarrro iyo xaqiraaad u dhiganta jirdil  gudniiinka gabdhaha waaa reeeban yahay  URL,0,0,0,0,0,0
som_train_track2_87,mahadsanid abti mudo badan waaan sugayey taaarikhad,0,0,0,1,0,0
som_train_track2_88,Jiiigjiga maydka siiido waaa sideee,0,0,0,0,0,0
som_train_track2_89,​@@@abdirahmanomar7505 waaa wiiil😂😅,0,0,0,0,0,0
som_train_track2_90,Aqooontu agteeennna waaa ku qaloooday  Marka aaad fiiiriso dhibaaatoooyinka jira iyo qaaababka looo maaareeeyo aqooonyahanku dooor kuma leh  marka qof jirrrado marka laba qof isdagaaasho marka ay dhibaaato dhacdo dooorka kooobaaad cid kale ayaaa leh  nololmaaalmeeedka unbaaan ku fushannnaaa aqooonta,0,0,1,0,0,0
som_train_track2_91,Fadlan Kadaaa walaaal ha sawirin walaaalkeeena baaahane kadaaa Marar badan waxaaan baraha bulshada ku arjaysaaa qof daranyaysan baaahan ama buka ooo shilimo yar inta looo geeeyo sawir laga sooo qaaadayo ooo wajigiiisiii baraha bulshada lagu sooo dhex tuuurayo  Waaa dhaqan xumo URL,0,0,2,0,0,0
som_train_track2_92,USER Xadhiga yaaa leh marka horekeeeni maydhaxda laga sooohay eee dabarka geeela loga dhigi jiray awey,0,0,0,0,0,0
som_train_track2_93,Ugu dambeyntiii kala baro dadka waxaaad arki dooontaaa cida saxda ama beeenta ah kan khatarta u gelin kara naftiiisa adiga dartaaa igu kalsooonow dadka qaaarkiiisne aaad ayeeey kuuula yaaabi dooonaaan,0,0,0,0,0,0
som_train_track2_94,Shalay iyo Maaanta isu ekaaa Cali Wajiiis warkiiisa culimadiii Sooomaaaliyeeed waxa looo laaayey shir ka dhacay Maraykanka 1972diii ooo Kooontada Haweeenka meeel looogu raaadinaaayey si Kitaaabka Ilaaahey looogu bedddelo mid gacan ku samays ah ooo ay ayagu samaysteeenMuqdisho Somalia USER URL,0,2,0,0,0,0
som_train_track2_95,farmaaajo waxa uuu ku jiraaa guri kiradiiisu ay tahay 25 milyan sanadki waxa loooga gon leeeyahay waaa maqaaar saaar 5 sano iyo musuqmaaasug dadka barakacayaaal ahi qabowga iyo gaaajo la ildranyihiiin  Waaa olole dhaqaaale lagu guranqyaaan kooox dhiiig miiirato ah  Fadlan ha ku kadsooominina  URL,0,2,0,0,0,0
som_train_track2_96,USER Duuufaaanaaada ka dhacaya Florida kasooo waran eee aduuunka ka siii qaylinayo,0,0,0,0,0,0
som_train_track2_97,Alllaha unaxariiisteee Taliye Xasssan Maxamed Cismaaan wuxuuu arooosay dhammmaaadkiii sannnadkiii lasooo dhaaafay 16 Nov 20222Taliye Hasssan asagooo arooos ah Mushaaar ku filan Qaaata ayuuu Halista u bareeeray waliba asagooo ku jiray guri Qabooow iyo gabar Qurxooon laaahay ha u naxariiisto aaamin URL,0,0,3,0,0,0
som_train_track2_98,Cadnaaan Cadceeed Odowaaa ayaaa Bandhiggga Buuugaaagta Booorama kusooo dhaweynay  Cadnaaan waxa uuu kasooo safray magaaalada Hargeysa waxaaanu sooo gaaadhay Booorama si uuu ugasooo qayb galo Bandhiggga Buuugaaagta Booorama isaga ooo isticmaaalaya Baaaskiiillladiiisa  DawladnimoBBBF20222 URL,0,0,0,2,0,0
som_train_track2_99,Golaha Wakiiiladdda Somaliland Oo Ansixiyay In Isku Mar La Qabto Dooorashoooyinka URL,0,0,0,0,0,0
som_train_track2_100,Shafie A  Hasssan ooo ah Madaxa qeybta culuuumta sheybaaarka kullliyaddda daaawada iyo culuuumta caaafimaaadka eee Jaaamacaddda Jamhuuuriya ayaaa ka qeyb galay isla markaaana ka jeeediyay cilmi baaaris shirka caaalamiga Caaafimadka guuud eee Afrika ooo ka dhacay kigaaali dalka RuwandaJUST CPHIA URL,0,0,0,0,0,0
som_train_track2_101,hore usoco waxi ka xun waxba kuma yelayan haw jabin dirisle abdi,0,0,0,0,0,0
som_train_track2_102,Wadankaaan wxaaa kapuuuxo   شعر (abwaaano) ooo gabayadoooda aaad ufiiicnaaayeeen waxAna kamid ah abwaaanka casriga cusub ooo cunsuriyada ladagaaalamo ooo madowga ah dhalanyaradana ah انيس شوشان (Aniiis shuuushaaan),0,0,0,0,0,0
som_train_track2_103,Sadex saaac baaad nagu tiri sxb waaana ku waaayey sadex saaac seee cml mise daqiiiqado kadib ayaaad sooo galisY any way mahadsanid wlllkey,1,0,0,0,0,0
som_train_track2_104,Madaxweynaha Ukraine Zelenzky ayaaa sheeegay in aysan gorgortan la geli dooonin Ruuushka ilaaa iyo inta uuu Putin xukunka hayo  URL,0,0,0,0,0,0
som_train_track2_105,waxaaad ahayd daxay kaaas ooo aaanku tashan jiray inuuu noloshayda ka ifiyomugdiga murugada waxan so wada qadanaymaaalmo ay adag tahy in magac lo bixiyo iyo farxad an lahayn ereyo lagu kooobobalse waxaaan ka xumahay hada kadib inay noqon donan kaliya xasuuus iyo sheeeko lasooo dhafay,0,0,2,0,0,0
som_train_track2_106,Shaqadiiisa nin wata la daba socdaaa wuuu taaaganyahay wuuu daaalay biyo qabow ayuuu hada cabay Sarwaaal tuuute ah ayuuu hada gashtay eeeh eeeh eeeh wuuu neeefsadayWaryaaada ninkaaan asaaa waxaaan sooo dooontay shaqdiiina qabsada sooo sheeeg shabaaab ka aaad taqaaaniiin Ee magaaalka jooogaUSER,0,0,0,0,0,1
som_train_track2_107,Faaah faaahin dheeerad ah ayaaa kasooo baxaya dilay ka dhacay degmada Buuulaburte URL via USER Halgan,0,0,0,0,2,0
som_train_track2_108,Mnsha alllaha wlll aaad iyo aaad ayaaan isfaaahnkaga ka fahamynaaa share iyo commments   wlll hore uuusoco alllaha ha ku dhawro   ogansho   🥰🥰🥰💯💯💯❤❤❤🥰🥰🥰💯💯💯❤❤❤,0,0,0,2,0,0
som_train_track2_109,Dareeen masuuuliyadeeed Hadiii shalay shirarka iyo kulmada muhiiimka ah laga dhuuuman jiray ama la iska qarin jiray maaanta waxaaan heeesanaaa USER o gacana ku gurmanayo gacana cadawga ku gumaaadayo Madaxweeeyne mahadsanid waxaaad nooo keeentay shaqsi zaciiim ah  URL,0,0,0,0,0,0
som_train_track2_110,Aadbaaan usooo dhawaynaynaaa aragtida xisbiyada ooo ah mid sax marka looo eeego xaaalada dalku ku jiro,0,0,0,2,0,0
som_train_track2_111,Huuuno maxaaa kgu dhacay Video ka Dib waxa Video mad so galin chanalkaga,0,0,0,0,0,1
som_train_track2_112,Sooomaaaliya wa ay ka guuuleysaneysaaa cadawga AS Dowladdda iyo Shacabkuna isma dhiiibi dooonaaan ilaaa laga helayo in uuu dalka noqdo mid ka caaagan argagaxisada in yooolkaaas la gaaarana waxa ay u baaahan tahay Adkaysi Nafhurnimo iyo Geeesinimo Madaxweyne Xasan SheeekhSomalia URL,0,0,0,0,0,0
som_train_track2_113,USER Jabhadihi sooo dagaaalllamay waaa looo diiiday in aaay xukunka qabtaaan ooo waxaaa la yiri askari dambe marrrabno  Kollleyba aniga waxaaan qabaaa in Somali habaaar ku dhacay maaalinti Culumadi Suuuratu Nisaaa darteeed looo dilay aaan looo hilllinin ooo aaan dowladdda lagu mudaaaharaaadin,2,0,0,0,0,0
som_train_track2_114,Sooo dhawow wlll😍,0,0,0,0,0,0
som_train_track2_115,sxb maracade waaad ku mahadsantahah dhamaystirka sheeekadiii basaaasadi weyned eee carbeeed .Aamina al mufti in aaad nooo dhamayeso . Wax dhamaaana makala dhacdo laaakillln waxaaa igu yaaab badnaaa markay Amina tashkiiilisay Askarigiii waaardiyahahaaa eee ay kadhamausey in aya ka,0,0,0,2,0,2
som_train_track2_116,Astaamaha cudurka halista ah ee Ebola ee ay ka digtay dowladda Soomaaliya iyo sida lagu kala qaado,0,0,0,0,1,0
som_train_track2_117,Bismilllahi Waxaaan tacsi u dirayaaa ehelka dadkiii ku naf waaayay weeerarka Villla Rose  Inti ku dhimatay Alllah SWT ha u naxariiisto kuwa ku dhaaawacmay Rabbbi ha siiiyo caaafimaaad deg deg ah  Koxaha argagaxisada aaan dagalka adag kula jirno malmahooodiii ugu danbese ayay ku jiraaan,0,0,3,0,0,0
som_train_track2_118,Asc wlll aniga fikirkayga waxa ila fiiican 2: xogaha dahsooon   mahadsanid,0,0,0,0,0,0
som_train_track2_119,ASC dhamantin wxn manta idin hayna war farxadle ooo ah waxan hayna Visa Colombia/ Suriname/ Brazil/ Panama/ Venezuela ayaaan haynaaa hada 🔥🔥🔥 Ila USA WA laga cawina,0,0,0,1,0,0
som_train_track2_120,USER Ma aragtay taaarikh gacan ku sameeeska ahHantidiii dadka yeeed laga dhacay dilkiii iyo dhibkiii looo geeestay iyadana sideee lo qarin dooonaaaNot to mention sidiii Qamaaan Bulxan Xaaaskiiisiii Barni oooga qaaadan rabay ninka la la leeeyahay wuuu na islamiyey dadkaURL,2,0,0,0,0,0
som_train_track2_121,Qof walba wuxuuu yahay ayuuu ku mooodaaa hadddiii adigu wax dad Masaaakiiinta looogu talay galay aaad ka taaajirtay macnaheeedu maaahan in qof kasta adigooo kale yahay  URL,2,2,0,0,0,0
som_train_track2_122,USER Waqti qabow ah baaad timid Edmonton  Haddda ooo kale ayay ahayd in aaad timaaado  Barafkiii ayaaa biyo nooo noqday ooo beeerihiii baaa nooo baxay,0,0,0,0,0,0
som_train_track2_123,USER Odeyga madooobe ayaaa shabaq udhigay waxaaan xasuuustaaa hadadlki fahad puntland inay kuqasaaartay daba istaaagi iyo tageeeradi jubaland wax baaa kadhacay,0,0,0,0,0,0
som_train_track2_124,Tunisia 01 AustraliaDuke ayaaa u hibeeeyay xulkiiisa gooolkiii guuusha eee Tunisia ay ka gaaareeen iyadooo dabaaal deg farxadeeed ay sameeeyeeen taaageeereyaaasha Australia eee gooolka ka dambeeeyay kuwaaas ooo mudddo yar aaamusiyay taaageeeradiii cadaaawaddda iyo hagar laaaanta ahayd eee Tunisia URL,0,0,0,0,0,0
som_train_track2_125,USER Aad ayaaan u dhaweeeyey jawaaabta aaadka bixisay waxa looogu yeeedho 26juen 196p indepent somaliland,0,0,0,0,0,0
som_train_track2_126,Dadka jahilinta ooo wada qosolka sarayo marxumka may bukaaan 😳🤔,0,2,0,0,0,0
som_train_track2_127,Gabdhahaaa qurux badanaaa noyow,0,0,0,0,0,0
som_train_track2_128,Kani waaa madaxweyne xun USER wuxuuu rabaaa inuuu dalka u kala qaybiyo laba qayboood ooo kala ah USC iyo SNM ma dhacayso laaakiiin wuuu ku riyoooday  Markiii aaad aaad ka mid ahayd USC SNA 19991kiii eee dagaaal ooogayaaashiii dalka burburinayeeen Xisaaabtiii aaad isu geyseeen maaanta maaaha  URL,2,0,0,0,0,0
som_train_track2_129,USER Mowlid isooo dhaweee wlllky aniga waxaaan ahay nin dayar ooo xogogaaal ah barnaaamujyadaaadana ku xidhan,0,0,0,0,0,0
som_train_track2_130,Munaaafiqiiin intay iyagu dileeen bay ooohin beeen ah laba weeek la sooo tagan yihiiin,1,0,0,0,0,0
som_train_track2_131,Sxp inaaa yeeelato waaa ma hiiim farxado waaa jcl,0,0,0,2,0,0
som_train_track2_132,Abdirahman A Othman Adile hagu tagnato ani waka dhacay,0,0,0,0,0,0
som_train_track2_133,Caaalamka ayaaa si isku mid ah cambaaareeeyeyxukun dil ah ooo ay dowladdda Militariga Myanmar ku fulisay dad u ololeeeynayay Dimuqraaadiyaddda URL via USER DALKA URL,0,0,0,0,0,0
som_train_track2_134,USER Asc in aaad meeel walba ka radino dhibco siyasadeeed waaa laga fiiicanyaha  Moroccco iyo somalia xalada iyo durufaha dawladnimo iyo qalabka la isticmalayo waaa kala duwanyihiiin dal burburay iyo mid dhisan isku mid maha,0,0,0,0,0,0
som_train_track2_135,Ilahay hakuuugargaaaro wlllo wlhi waaanlaoooyay arimaha and kasheeekaynayso eale waxaaankaaagabaryi inuuudulmiga kaaaqabto,0,0,2,0,0,0
som_train_track2_136,Maxaa ka jira hadalka Adna Aadan ee ah in '375 qarax' ay ka dhaceen Soomaaliya laba bil gudahood,0,0,0,0,2,0
som_train_track2_137,Asc sxb qaaaliya muuuqaaalkan ka ku xiga wxd inooogu sooo gudbisaaa   sxb   magaaaloooyinka gaygiga sooomaliyeeed ku yaaala eee ilbaxnimada laga sooo gaaaray adigooo mahasan,0,0,0,0,0,0
som_train_track2_138,Sxb mahadsanid aaad baaan ooogu frxsanahay sooo laaabashada channnelka tanaaad I.A guuul ayaaan kuuu   rajeeeynayaaa,0,0,0,2,0,0
som_train_track2_139,waaad kumahad santahay walaaalkay maxamed sheeekoooyinka Geeeska Afrika iyo burburkiii kadib siday ugu milmeeen sirdooonada Ethip and kenya   imaaaraaadka iwm kasooodiyaaariya inshaaa.alaaah taaas ayaaa aaad looo gubaaahan yahay in lafahmo dhibka ay kuhayaaal dalkeeena hoooyo,0,0,0,1,0,0
som_train_track2_140,USER Caruuurtiiina khatar ayey ku jirtaaa waxaaan ooo kale ayaaa looo sooo diray inay anshaxiii umaddda burburiyaaanHoooyoooyinka halaga qabto URL,0,0,0,0,2,0
som_train_track2_141,"Wooow! Sabcaaan/samcaaan kaaadsiiinyaha iyo dulqaaadka ka muuuqda waxay ku tusinaysaaa, khatarta uuu sirdooonku leeeyahay! Waaa nin aqli, karti iyo geeesinimo isku darsaday!",0,0,0,0,0,2
som_train_track2_142,1Magaaalada Beledweyne eee Gobolka Hiiiraaan ayaaa maaanta waxaaa ka dhacay fal dil ah ka dib markiii 2 nin ooo Farsamo yaqaaaniiin ah muran dhaxmarLabada nin mid koood ayaaa wadnaha Toooray loooga dhuftay gooobta ayuuu ku nafbaxayKiii wax dilay ayaaa fakaday balse Ciiidanka Police B weyne Q2  URL,0,0,0,0,2,0
som_train_track2_143,USER Maxuma balse cadayn baaa ka horaysa maxkamadu wax iskama xukunto cadaybta keeena kadibna hala xukumo,0,0,0,0,0,0
som_train_track2_144,Sxb mahadsanid   Lkn waxaaan Ku sooo dirayaaa sawir waxaaana kaaaga sooo dirayaaa Instagram keyga wiiilka.reeer.barbar. OK bro lkn isooo jabaaab waxey iiitahay farxad qaaas ah salaaaman bro,0,0,0,2,0,0
som_train_track2_145,Waxaaan dhashay anooo xora sida xaaashidaaa u cad cidana xarig an ugu jirin xasad iyo nacayb iyo xooog la isu sheeegtiyo xumaaan aaadmi looo qabo anigooo xalaaal ka ah ka xariman dunuuubtooo malag yadiii xisaaabaha xaaalkayga looo diray wali xarafna IGA qorin  URL,0,0,0,0,0,0
som_train_track2_146,Dadka Africa yaaa habaaaray musiiibo ooo dhan waxa sooo maray ama hada aaay haysato waaa africa 90% marki lisu geeeya dhacdoooyinka dunida,0,0,2,0,0,0
som_train_track2_147,Rabi hawsooo dhaweeeyo hoooyda dhibtysan,0,0,2,0,0,0
som_train_track2_148,OGAAANSHO emailkaga iiisooo qor wlllo mahadsanid,0,0,0,0,0,0
som_train_track2_149,Somaaaliya ooon federaaal ahayn intaaan isla jooogi lahayn ooon isku dilu lahayn waaan jaaaga tagaaa ka warrran heeeFEDERAAALKU WAAA AHAAADEY URL,0,0,0,0,0,0
som_train_track2_150,War hadal wax matare meeesha amaaa dhashiiikayal iyo shilke la imaneysan. Mohamed Aamiiin Kayse bada Baladweyne kalaya walayal,2,0,0,0,0,0
som_train_track2_151,"Maaamada weyn caaado wareeer baaa ku dhacay, waxaaan rajeeenaynaaa habeeen dambe inay daaahirsato insha alllah 😃🥱",0,2,0,0,0,0
som_train_track2_152,mahadsanid pro warbixinta kafa ideysiga mudan,0,0,0,1,0,0
som_train_track2_153,Marooodigu sooo kiii geeedka kasooo dhacay 😂😂😂,0,0,0,1,0,0
som_train_track2_154,Walaaalayal aaan idinla qaybsado xaqiiiq aaannnu ognahay idinkanan Somalida inta ku abtirsada niyaddda udhista si’aaadan u niyad jabin oood uga fooojignaaataaan cadowgeeena hadaaad iii ogolaaataaan siiiba yutuberka qofkan iskaleh InshaAlllah! Kaliyaaata aaan kusooo kooobi somaliy,0,0,0,0,0,0
som_train_track2_155,Hanbalyo Sooo dhawooow mudane madaxwayne heeegadiii waaa kuuu diyaaar,0,0,0,2,0,0
som_train_track2_156,"maaasha,alllah alllaha ku barakeeeyo wlll sare",0,0,0,1,0,0
som_train_track2_157,Ma ku faani kartid Itoobiyaannimadaada adigoon cunsurinimadaada nacayn,0,0,0,0,0,0
som_train_track2_158,Marish iyada film kasta ma ooohin iyo silic bay kujirta naaa bal wax xun hasaaadsan😂,0,0,0,1,0,0
som_train_track2_159,Waaa murug walllhi ad uwayn . Mida kle ninka LA yiri 14 Sano ba lagu xukumay taaa xukun mhn Waaa in ay racfan ka qataaan wayooo mesha dhibane Ayaaa joga ooo ubahan naftiii uuu dhibateyay in ay mag dhaw hesho . Nin ka danbi waxuuu geysta ladhaho : الاعتداء علي حرمة بدن الإنسان,0,0,2,0,0,0
som_train_track2_160,Ku mahadsanid bro sidaaad taaarikhda nooola wadaaagto💙,0,0,0,2,0,0
som_train_track2_161,14 Dooorashoooyinka isku murgey eee Somaliland Hargeisa iyo xeeerkan halista ah eee dadkiii wareeeriyey muxuuu yahay Waxan eeegay Xeeer Lr  1420111 waxaaanan ku arkay  URL,0,0,0,0,0,0
som_train_track2_162,Faaafaaahino dheeeraaad ah ayaaa kasooo baxaya weeeraro ismiiidaaamin ah ooo ka dhacay magaaalada Baladweyne eee xarunta gobolka HiiiraaanLabo baaabuuur ooo ah noooca xamuuulka qaaada ayaaa lagusooo waramayaaa in lagu weeeraray xerada Lama galaaay ooo ah halka ugu badan ooo ay daganyihiiin masuuuliyiiinta,0,0,0,0,2,0
som_train_track2_163,riwayda timetable usameya si an ula jan qadno mala ogan karo xiliga ay so dhaceyso si kadisa le ku arke marka gadwalll lagula socdo usameya i.n,0,0,0,0,0,0
som_train_track2_164,Ismaaaciiil cumar geeele waaa shaqaynaya sidiii toooridu adhaxda uga dhacday,0,1,0,0,0,0
som_train_track2_165,jacaylka xamar in ay burburto wixiii jacel allle umaddda hakaqabto,0,0,0,0,0,0
som_train_track2_166,15 October 1969 kaliya lama dilin Madaxweynihiii wadanka eee waxa god ku dhacay dimuqraaadiyadiii iyo xoriyadiii shaqsi eee dadka Sooomaaaliyeeed ilaaa hada 53 sano laga joooga waxa aaan raaadinaynaaa dawladnimo iyo dimuqraaadiyad,0,0,2,0,0,0
som_train_track2_167,Inalilaaahi wa inaylhi rajacuuun Waaa dhacdo xanuuun badan walhi Gooormey dadk Xooolihi ka qiiimo badteeen,0,0,2,0,0,0
som_train_track2_168,Axax😭😭😭 allle hawsooo dhaweeeyo mamada😭😭😭🤣,0,0,2,0,0,0
som_train_track2_169,Taliska Boooliska ooo War kasooo saaaray dilal siyaaabo kal duwan ugu dhacay Muqdisho URL,0,0,0,0,2,0
som_train_track2_170,USER Dumarka waaa laga dhawri jiray Sooomaaaliyeeed in ay dilaaan kuwa ay dihdeeen  Waaayo  Xanuuunka ilmo la dihdo ayaga ayaaa garanaya  Maaahayn hoooyo qori in looo dhiiibo waxay ahayd in lagu yiraaahdo xafiiisyada ka shaqeeeya iyo halka dhalinta wanaaagsan lagu barbaaariyo,0,0,2,0,0,0
som_train_track2_171,USER Waxa aynu u baaahannnahay siyaaasad ku dhisan xurmo xikmad xannnaaano xulasho sax ah iyo xeeer ilaaalin  Laaakiiin hadddiii ay innnaga noqoto xasarad xaqdhawr laaaan xooog xatoooyo iyo xaaasidnimo waxa laga dhaxlayaaa xumaaanMudane Raiiisulwasaaare USER Unity is powerful,0,0,0,0,0,0
som_train_track2_172,@@@ismailmohamedyusufalonepoi3190 afgaaal maxaaa uga jeeeday? gooormuuu af diiin noqday???🙄,1,0,0,0,0,0
som_train_track2_173,Lkn qurux ku dhiiigle marwalbe qaybta murugada iyo kala dhimanaaanshaha maxaaa ujishaaa,0,0,0,0,0,0
som_train_track2_174,USER Cadowgaaane waaa in aaan anaga sameysanaaa ma ahan in nalooo sameeeyo sharafka iyo qiyamka dowladnimada somalia ayeeey meeelka dhac ku tahay in aaan ku dhex luno dowlada ayaga danooohoooda isku haaayo waaa lagama maaarmaaan in aaan taaariiiqda wax ka barano,1,0,0,0,0,0
som_train_track2_175,USER Kenyanku somalidiii NFD iyo somalidi kale eee u sooo qaxday burburkiii kadib wey israaaciyaaan ooo refugeeeska somalida bey ugu yeeeraaan hada waaa dadkaaa dhan eee gobolka ka haystaaan  Marka faaarax wuxuuu leeeyahay kenyan baaan nahay maaadama gobolkayagiii NFD uuu kenya kamid yahay,0,0,0,0,0,2
som_train_track2_176,Cetirizine waaa kiniiin aaan sababin in si deg deg aha sonkorta qofka hooos ooogu dhacdo eee bal daraaasaaad ama baaadhis kale isku sameee waxa sababey hooos udhaca heeerka sonkorta jidhka ku jirta.,0,0,0,0,0,0
som_train_track2_177,Faaahfaaahin kasooo baxeysa qaraxyo ka dhacay caaasimaddda Ukraine  URL URL,0,0,0,0,2,0
som_train_track2_178,Somalia way kufashilantay shatigiii dawladnimada eee dad dawladnimada bara ooo systemka dawlad nimo udhisa haka raaadsadaaan wadamada caaalamka,1,0,0,0,0,1
som_train_track2_179,Qolkaaad kalidaaa ad jiiiftoKolay ku kifaaaxi maysidAwlaaada jacaylka keeensoKurbada kaligaaa kuhaysaKolkiii aaad dhaaafi waydoJimcuhu waaa kuuu khamiiisXisakaaagan kiraynsan uuunBeeentuuu isku kiiishayaaa Hadhaw waaa karaaamo beeelUSER URL,0,0,0,0,0,0
som_train_track2_180,Quraaanka music-ga kala saaar sxb mahadsanid,0,0,0,0,0,0
som_train_track2_181,anigu waxan ahay camaro manki sawiray wanan ka xumahay inay dib u dhacdo 😥😥😥,0,0,1,0,0,0
som_train_track2_182,USER War waxaaan ooohin Waaa dhaaaftay madaxweyne barooor bey mareeesaaa,0,0,0,0,0,2
som_train_track2_183,Marka aaad tahay maaayar caaasimadeeed ooo horu socod ah ooo ku dhac leh ooo ay ka go an tahay inuuu raaad wax qabad ka tago waxaaa hubaaal ah in shacbigu ku odhanayan maaayar karti fulineeed leh ayay hargeysi heshay  URL,0,0,0,0,0,0
som_train_track2_184,USER Warkaaaga nacaybku ka buuuxo war reeer koooshin waaa u egyahay  Waxba booor ha isku qarin,2,1,0,0,0,0
som_train_track2_185,104 maaalmoood kahor man city ayaaa labo u kala goooysay man UnitedLaaakiiin manta ayay United aaargooosatay  URL,0,0,0,0,0,0
som_train_track2_186,Nafta ku dhibesa kulaha inanta dhiga boqolka ka tagay 😂,1,0,0,0,0,0
som_train_track2_187,USER qofka wanaaagsan wuxuuu nasiiiyaaa farxadqofka xuna waxaaan kala kulanaaa inaaan kucibro qaaadano URL,0,0,0,0,0,0
som_train_track2_188,Dhiiigshiiil asagu muxuuu ku falayaaa dhul dadka danyarta ah degggan yihiiin. Dhul ku filan waaa uuu haystaaa hadana weli barakicintiii danta ayuuu wadaaa. Maxaaa dhiiigshiiil u diiidey inuuu maaal gashto beeeraha iyo warshadaha wadddanka intiii uuu dhulka qaaali ka dhigi lahaaa.,2,0,0,0,0,0
som_train_track2_189,Aqooon baaad nooo siyaaadisay walaaal mahadsanid,0,0,0,1,0,0
som_train_track2_190,Congratulation congratulation sxb horey usoco waaanku taaagera wana kujeclhy 😘😘😘💝💝💝💖💗🌹🌹🌹 farxad ku nolow inta nolashada kadhiman,0,0,0,2,0,0
som_train_track2_191,Saddex Soomaali ah oo xuddun u ahaa  seddax doorasho oo Kenya ka dhacday,0,0,0,0,0,0
som_train_track2_192,Maaanta   waaa farxad,0,0,0,2,0,0
som_train_track2_193,Reeer xamar cabsi cabsi waye,0,0,0,0,1,0
som_train_track2_194,Lix dabeecadood oo ay ka siman yihiin hoggaamiyeyaasha wanaagsan,0,0,0,0,0,0
som_train_track2_195,Waxaaan ka baryaynaaa Rabigayaga in uuu dhawro dawladeeena Itooobiya ooo uuu cadawgeeeda burburiyoBoqorooow warqadiii aaad nooo sooo gudbisay waaa nalagu wargaliyey waxana si farxad leh aaan ku sugaynaaa imaaanshahaaagaWax jawaaab ah kama aynaaan helin warqadiii aaan kuuu sooo dirnay,0,0,0,0,2,0
som_train_track2_196,Farxad Jecel   nama matalaaan labadan nafoood eee iska aaamu doqonyahay,0,2,0,0,0,0
som_train_track2_197,"Waxaaan ka mid ahaaa kooox xaaafadddaaan deganaaa Dirdhaba dhaqanka ciyaaarta, waxaaan ciyaaari jirnay Wilwilo ooo saylicida u yaraha dhaw, dhaaanto iyo jaaandheeerta ooo iyaduna noooc dhaaantada ka mida ah. Inkastoooy intoooda badani isu dhawyihiiin ciyaaar dhaqameeedyada Soooma",0,0,0,0,0,0
som_train_track2_198,Trump oo sheegay in Biden oo ku fashilmay hogaaminta Maraykanka,0,0,0,0,0,0
som_train_track2_199,Hhhh waryaaa abdilahi akuni fokradan waxa ku arkay youteber caaanka ah eee reeer england Niko omilano waaa ninyahwo khatara tahay,0,0,0,2,0,0
som_train_track2_200,zxp codsi manatusikartaaa zxp sawirkaga ama video mahadsanid zxp,0,0,0,0,0,0
som_train_track2_201,Hadddiii aaan aragno labo walaaal ooo isdilaaayo ama dhaxdoooda muran qoys jiro waxaaan dhahnaaa qoyskaaan waaa la isku imtixaaamay Haddda dhaxdeeena Sooomaaali Wayn waaa nagula isku keeen imtixaaanay eee dhaxdeeena jaceyl iyo biyo qabooob alllh haku shubo Faraj kheyr qabo alllh ha inooo furo Ia,0,0,2,0,0,0
som_train_track2_202,maskiiin waaa ku cayaaareeen   ilmo camaleeeti 😂😂😂,0,0,1,0,0,0
som_train_track2_203,Waxy ila tahy in lagu deg degay xukunkaaa ooo ugu yaraaan xadhig lagu xukumi karay waaayo waxa jira sobobo dhab ah ooo meeesha yaaala,0,0,0,0,0,0
som_train_track2_204,Hhhh. Guuur hadaaan maqalo dayab baha igu dhacdaaa kulaaahaaa aaar ninkaaanaaa waaab. Qosol qalaladka ruwaydaaa sugaaa,0,0,0,1,0,0
som_train_track2_205,BNSomalia Muxuuu ahaaa isku daygiii uuu ku fashilmay darawalkiii Mursal intiii uuu jooogay Muqdisho URL Somalia,0,0,0,0,0,0
som_train_track2_206,Wl arintan yaaan ilahyvkuuugu cadhooon ka gudub baaan kubodhanblahaaa.,0,0,0,0,0,0
som_train_track2_207,Kaliye taliye kornayl muuuse biiixi ooo somaliland gelin kara dagaaal sokeeeye ka dib markiii la maraystay gudiga isku dhaf ah eee golahiii guuurtida iyo culumada iyo madax dhaqameeedka is xilqaaamay isagooo ka marmaraya In la kulmo hadiii burburto ergadaaas somaliland burbur weyan,0,0,0,0,2,0
som_train_track2_208,Bismilah xaqa aya so burqaday balse halis dhageysto xukunka inti lagarin belo dulman aya jiro cid ka hadleyso miya jirto,0,0,0,0,1,0
som_train_track2_209,USER Si loooga cararo Somalinimada ayaaa sidaaa looo qorsheeeyay miyaaa  Magaca aaad sidataaa waaa Adal Kingdom ooo kasooo degtay IFAT Kingdom  Waaanu ku fahanay ooo waxaaa kuuu qarsooon jnaaad tahay njn dagaaal kula jinsiga Somalida  Somaliland waaa dal ay dadku yihiiin Somali AfSomali URL,2,0,0,0,0,0
som_train_track2_210,Sikkim: Ciidamada Hindiya iyo Shiinaha 'oo dagaal uu ku dhex maray xadka',0,0,0,0,1,0
som_train_track2_211,Ha isku dayin in aaad ka raaadiso farxada isla meeesha aaad ku weyday  URL,0,0,0,0,0,0
som_train_track2_212,"Wlll marka hore aaad baaad u Mahadsantahy ilaaahayna hakaaa jasaaai siiiyo wax qabadkan , mida labaaad waxan ka codsanaya inaaad noso gudbiso arrrimaha ku saaabsan usama bin laaadin dilkiiisi iyo qaaabkiii ay uso qabteeen maraykanku . WABILLLAAAHI TAWFIIIQ",0,0,0,0,0,0
som_train_track2_213,USER Shicibka Somaliland qaaar ba si xun u fahmey freeedom of speeech ka madaxweynahoooga MBiiihi iska caaaya difffamation ku Sameeeya marka hadhow gacanta la saaarana ku cabaaada xaquqal insaaanki meeey liiin qadhaaadhba laysiiiye iyo dhawr saaac ban fooorareyQui sy frottte sy pique,2,0,0,0,0,0
som_train_track2_214,Br  Abdirashid xiligiii Siyad ayaaan maqli jiray Towradu waaa tariiin qofkiii ka daaaha waaa dibu socod kiii ka dheeereeeyana surkaaa lasooo qaban kiii xawaaaraha tariiinku ku socda la qabsada un baaa kacaaan ah Marka hadal culus ooo bash jug cirka ka sooo dhacay ayaaad tiriye fadlan nooo jilci URL,0,0,0,0,0,0
som_train_track2_215,USER Waaa dhab waaa umushay waaayo ilmo qubsiiinyo ah baaa ku jiray 32 sano marka dawlada somaliyeeed waxay lajirtaaa muuuse munaaafaq juuudaaana ooo airport berbera wayaaa xasssan dhiiiqo u saxiiixay,0,2,0,0,0,0
som_train_track2_216,Saadaam Xuseen oo dhiiggiisa Qur'aan  ku qoray iyo afar arrimood oo kale oo la yaab leh,0,0,0,0,0,2
som_train_track2_217,Isku qor linkigan hooose waxaaad ku guuulaysataaa 10 dolllar aniguna waxaaan helay 1 dolllar kadibna u sooo dir saaaxiiibadaaa linkigaga ooo ka shaqayso nolosha mahadsanidiiin asxaaabtaURL,0,0,0,0,0,0
som_train_track2_218,waaan sooo dhaweynaaayaaa,0,0,0,0,0,0
som_train_track2_219,Maaalmaha ardeydu ay qalin Jabinayaaam waaa maaalmaha ugu badan ay u baaahanyihiiin qarash ku filan  Qoysaskuna inta badan ma oga arrrintaaas ooo kaliya waxa ay yaqaaanaaan qarashka waxbarashada  Marka qof ku fahma in aaad hesho ayaaa wax aaan la heli karin ah,0,0,0,0,0,0
som_train_track2_220,@@@mowliiidmacaaanecawil9305 iga daaa wlll waaa cabsi eee 😭😂,0,0,0,0,1,0
som_train_track2_221,Waxa Inaaadeeerkey ah kiii hadal iyo ficil wanaaagsan balse waxba iskuma nihin ninka hadalka iyo ficilka xunXaaaji Cabdi Waraaabe AHUN  URL,0,0,0,0,0,0
som_train_track2_222,kkk Fuaaad falaq falaq haye kabax magaaac ba kugu dhacay,0,2,0,0,0,0
som_train_track2_223,Ifiyaha   Bulshada wlllo SUBSCRIBE igu cawi mahadsanid,0,0,0,0,0,0
som_train_track2_224,Ha niyad jabin ooo ha isdhiiipin mar kasta ooo aaad kufto kac mar kasta ooo aaad khalad sameyso sax mar kasta ooo aaad guuuldareysato isku day si kasta ooo ay maaalmuhu kuuugu adkaaadaaan isku day in aaad u dhooola cadeeeso una muuuji rabitaaankaaaga dib u cusbooonaysiii yooolkaaaga DhaxalGal URL,0,0,0,0,0,0
som_train_track2_225,waaan sooo dhawaynayanaaa jilayaaash kalamaaan,0,0,0,2,0,0
som_train_track2_226,USER Soool iyo Sanaaag waaarun ooo waaa Somaliland laaakiiin dadka meeesha degani sidiii ay dooonaaan ayay ugu tashan karaaan dhulkoooda  Si la mid ah sidiii aynu u diiidnay Somaliya eee aynu keligeeen ugu dhawaaaqnay inaynu somaliya ka nahay xor,0,0,0,0,0,0
som_train_track2_227,Sheeekadan dad badan ayaaa u haysta wax run ah runtiii waxaaan qirayaaa inay beeen iyo khiyaaali tahay sababtooo ah albaaabka qolkiiisa waxa kusooo jabiyay ninkiii xiiirnaaa eee la dilay kadibna wuxuuu inooo sheeegay maracade inay mini sooo garaaacday wixiii meeesha ka dhacayna w,0,0,0,0,0,0
som_train_track2_228,Shir ka dhacay Muqdisho ooo loooga hadlay waxkqabashada dhibaaatada ka dhalatay abaaarta  URL via USER Sanguuuni,0,0,0,0,0,0
som_train_track2_229,Sheeekada waxaaan u malaynaaa waxaaa warbixinta laga keeeney buuuga qoraaa   Kama axamd Cali xigasho la'aaan iyo xaqdhawr la aaan in la gudbiyo waaa   dambi.,0,0,0,0,0,0
som_train_track2_230,Waaan midobaynaaa gooordhaw I.a balse waxaaa nasiiibdaraaa Ruuushka iyo dhamaaan wadamadiii dhabarka naga jabiyay naguna riday dib udhaca iyo kala gooogo'a inay dhalinteeeni ay utahariiiban badahana isugu shubaaan si ay uhooos fariiistaaan amarna uga qaaatan 🤔 waxay ahaaataba waa,0,0,2,0,0,0
som_train_track2_231,hodaneeey isku xishoood intaaas ooo kale ayaaad ku haysay dadka sooomaaaliyeeed iyo dawladiii hore adooon kala saaarin dalka iyo dadka markaaas xukunka hayay  URL,0,1,0,0,0,0
som_train_track2_232,USER Sumxaaan AlllahInta aaan weeedhahaaas maqlaynosomaaaliya rajadeeedu ma dhawa,0,0,2,0,0,0
som_train_track2_233,Maxay dhalinyaradani deegaankaan u bilaabeen inay dameeraha qashaan?,0,0,0,0,0,2
som_train_track2_234,Gabdha diiidey in horteda qof lagu bahdilo nolol qurux badan urajeynaaa insha Alllah 💯👸,0,0,0,1,0,0
som_train_track2_235,@@@ismailmohamedadan1638 cajiiib waxaaad inkireysaaan jiritaaanka dad allle uuu awooodo inuuu abuuuro,0,0,0,0,0,0
som_train_track2_236,Shicibka Somaliland yeyna iscoleysan ooo ushiii biyaha la isaga eeegayey noqon waaad aragtaaan wada qosolka iyo gacan qaaadka ka dhacay waaa Pres USER ooo sanad io badh looogu biiirshey iyo mucaaaradka ooo ku faraxsan 15 sanad looo biiirsheyCirculer il ya rien voir Somaliland URL,0,0,0,0,0,0
som_train_track2_237,Subxanalh waaa dhacdo xanuuun leh😭😭😭 allle hawnaxriiisto,0,0,2,0,0,0
som_train_track2_238,USER Maaashaaa Alllah  Alxamdulilaaah  Sooomaaali waaa muslim mid ah  Sidiii Alllah swt na amray waaa midnimo iyo isjacayl,0,0,0,2,0,0
som_train_track2_239,waxay muuujinaysa kala qoqobka nagu dhacay😢,0,0,2,0,0,0
som_train_track2_240,Guryahan laga samaynayo caaaga aynu biyaha ka cabno kadib dariiiqa ku tuuurno sidaaas ayey Umaduhu uga faaaidaystaaan  hadddiii aaan looo helin meeel dib looogu celiyo Caaaga biyaha laga cabo kadib wadoooyina lagu tuuuro ooo sababaya nabaaadguuurka dhirta iyo wasakhda waxaaa ka imaaan marta halis  URL,0,0,0,0,2,0
som_train_track2_241,dooodaaay insha alllah wax yar ayaaa dhiman nasriga allle wuuu dhaw yahay   somali waaa la arka iyado wadamada hor maray dhafeso   ha qusan dhinacada hosha ka wad,0,0,0,0,0,0
som_train_track2_242,USER Kudarso madaxwayne siiilaaanyo wakiii xilka haye muxu gobolada burco udhisi wayay labada Airport kiii bu xidhay iska dhaaaf inu wax uqabto bariga dhawe marka de habar awal haday area dooodi dhisatay way ku amaaanan yihiiin,0,0,0,0,0,0
som_train_track2_243,Ilahay gabadha yar cafimad Tama hasiyo runti waaa dhacdo xanunkeeeda leh,0,0,2,0,0,0
som_train_track2_244,USER Somaliland dawladeda iyo shicibkedu ogalanmayan in haltako gobalka soool ay Mafiyada dhashay alshabab e majerteniya iyo walweynta korsatay argaixisada SSSCinay shacabka Soool isku dhexqarxiyanXukumadu umadeda ayey dhawraysa  Somaliland ilgara ayey ku haysa cadawga Laaascanod neceb,2,0,0,0,0,0
som_train_track2_245,USER Caloshis ushaqeysete calowshis ushaqeysete qabyadesan koxesan dowladaha xubnaha ka ah dowlada dhexeweli dhawaqas umada somaliyeeed mafahmin mana fahmayan ila MW qaranka si wasa low tusiya Inu yahay G gobaled dadka caqligoda aye kuciyaren balse halisaha ay dalka uhorsedayan mayaro,0,2,0,0,0,0
som_train_track2_246,USER Waxay ilatahay ninka kan kaxun ayuuu miiiska sooo saaartaaa ilaaa wuxuuu dooonayo qof damiiirleh ma ogalanaaayo Waxaaan ka naxsanahay reeer Mogadisho,0,0,2,0,0,0
som_train_track2_247,USER Sooomali cadowgoooda waaa iska celllin Karanwaxaaase cajaaa ib ah in rag ciiidanka qaranka ku jiray la shaqeyn jireeen walooow aaanan hada hubin Ama kalsoooni buuuxda ah ku qabin inay ciiidanka ka nadiiifsan yihiiin la shaqeynta cadowga  Nin aaan rabin noloshada sideeed u rabtaaa inuuu nooolaaado,0,0,0,0,0,2
som_train_track2_248,Maaanta waxaaan sooo iiibsaday baaaquli bibimbap ooo guriga ku cunay  Jabbbaaanku sidooo kale waaa noool yihiiin  Boooliiisku ma xiri dooonaaan dambiiilaha sababtooo ah qof ayaaa sanbabada iga goooyay sanado badan  Fadlan siii faaafi xogta maaadaaama uuusan cadowgu is difaaacin,0,0,0,0,0,0
som_train_track2_249,thanks wlll aaad iyo aaad baaan kugu mahad celinayaaa   waxaaa iiigu yaaabadnaaa   qaaabkiii ay casaaaf iyomanuwaaal khadiiijo ay ugu xeragalisay   waxaaa iiigu naxdinbadneeed markay ciiidamada ukhudbeeenaysay   waxaaa iiigu farxad badneeed markiii laqabtay iyo   silica qabsaday,0,0,0,2,0,0
som_train_track2_250,Wlh dadka   somaaaliyeeed waaa dad muslimiiin ah ooo   xalaaala ah siday uga falceliyeeen ayaaa iwada qancisay wlh   Waxaaan aaad iyo aaad ulasiii dhacay wiiilka Lagu magacaaabo sakiye kuuukay aaad iyo aaad buuu u dagaaalamay xataaa hadu baaastolad wato ninka cadaaanka ah waaan d,0,0,0,2,0,0
som_train_track2_251,Adiga miyaaa jabini mise ...,0,0,0,0,0,0
som_train_track2_252,Bakoool  Duleeedka degmada Xudur howlgal gaaar ah ooo ka dhacay ayay rag hubeysan ooo katirsan AlShabaaab waxay ku khaaarijiyeeen Cabdilllaaahi_Maxamed_Nuuur Cabdilllaaahi Shiiishiii ooo ahaaa askari katirsan DF,0,0,0,0,0,0
som_train_track2_253,Waxba kadhacay 👍❤️❤️,0,0,0,0,0,0
som_train_track2_254,Waxaaan aaad u ayidsanahay qadiyaddda SSSC  Waxaaan rumaysnahay in deeegaaan walba dadkiiisu u taliyaaan lana wadaaago dawlad midaysa Sooomaaalidiii Jamhuuuriyadddiii Sooomaaaliyeeed  Waxaaan aaad u diiidanahay qabyaaalad iyo nacayb in lagu kala dhex beeero shacabka  gaaar ahaaan da yarta  URL,0,0,0,0,0,0
som_train_track2_255,Hirta xasanow aaan ku saxeee qabiiil iyo qaran meeel ma wada galaaan ogow xasanow somalia waaa hal qosy ooo is dhalay mida kale anaga waxan dagnaaa raaascasayr ilaaa raaaskanboooni taaas ogow laaakiiin waxa aaad ka shaqaynayso eee qabiiilka aaad dawladnimada ku burburinayso maaaha wax sax ah URL,0,1,0,0,0,0
som_train_track2_256,Dhirbaaaxadi Mahad kawaaanle miyaaad isku dhaaafin sharaftada iyo awooodada sharci adooo dhawraya iska dulqaaad bahdilka iyo xurmad la aaanta kugu haysata villla Somalia URL,2,0,0,0,0,0
som_train_track2_257,Man United bar baro ayey gashay Xili kabiiirka uuu ciyaaaray balse shabaqa ma gaaarinKaaalinteee ayey ku dhameysan dooonaaan xagaaagan URL,0,0,0,0,0,0
som_train_track2_258,Tababaraha koox ka dheesha horyaalka Premier League oo laga helay Fayraska Corona,0,0,0,0,0,0
som_train_track2_259,@@@wadanisomali9675 waaa ogahay lkn nabiga muxamed kama fcnidiiin reeerkisa waaa cawi jiray xaga naxariiista laga hadla   ani reeer aya leeeyahay ninkeyga hadiii aaan xanuuunsaneyn jiko uma quuuro lkn markaaa xanuuunsato ama uuur leeedahay dumar bdn arkay nimankoda ka cabana soma,0,0,0,0,0,0
som_train_track2_260,Wararka ka imaaanaya magaaalada Xarardheeere eee gobolka Mudug ayaaa sheeegaya in saaakay deeegaaannno hooostaga magaaaladaaasi ka dhaceeen duqeymo culus ooo ay geeesteeen diyaaaradaha dagaaalka dowladdda Mareykanka halkaaas ooo la sheeegay in ay isku aruuursanayeeen dagaaalyahano katirsan Al Shabaaab  URL,0,0,0,0,2,0
som_train_track2_261,Mudo 3 biloood gudaheeeda waxan markiii labaaad la tacalaya xanuuunka Xumada waxaaase midhka iga xanuuun badan imisa qof ayaaa maaanta Hargeisa awoooda inu isku daweeeyo 50  Bal kawaran qoys 4 qof kaga dhacday  Dhakhtarka weyn eee Hargeisa xata wax bilaaasha ma jiro Somaliland URL,0,0,3,0,0,0
som_train_track2_262,asc maracadddr saaaxiiib maaalin dhaweyd ayaaan kusooo biiiray chanelkaaaga wuuu wanaaagsanyahay aaadna waaad u mahadsantay lkn wlll taxanaha ay ku qorantahay afgambigiii dhicisooobay eee turkiga waaan daaawadey lkn qaybe ayaaa iga maqan markaaa plylist kuma wada jiraaan eee wlll,0,0,0,2,0,0
som_train_track2_263,Laxanka iyo heeestaba uuu yaqaaan markaaas isagaaa isku filan  URL,0,0,0,0,0,0
som_train_track2_264,USER Cadayn miyaaad u haysataaa taaasMida kale dal intaaad lacag kasooo qaaadato caqaligaaagu ma noqonayaaa dadkaaaga burburiAnagu waaanu ka sharaf waynahay kursi dhiiig ku daaatay in aaanu ku fadhiiisano imikana waaanu kuuugu celinaynaaa,2,0,0,0,0,0
som_train_track2_265,"i.a markaaan xukunka la wareeegno gaaalada iyo Dhagartooodaba waaan isla buuufinaynaaa, Muslimka alllaha quweeeyo",2,2,0,0,0,0
som_train_track2_266,Maaalintiii aaan Dajinaynay Calanka Gumaystaha waxa ugu wayn ooo Wajiyada Sooomalida farxad gashay waxay ahayd Inaaan yeeelan calan xor ah iyo dal xor ah  URL,0,0,0,2,0,0
som_train_track2_267,USER Calooolay in la cuno ma xuma balse midan mid aaan si fiiican looo nadiiifin ooo wali xaaarka uuu ka muuuqdo ayay u egtahay,0,2,0,0,0,0
som_train_track2_268,War adakan fadaraaalku waxa umaqabanayaaane way arkaaan waxa dhacaya kama qarsoooneee deeegaaankasooomaaalida inacagjar qoryo uqaybidhadha adaydaaan wax kacelinayn waxa hayskaceliyaaane wlhy sidani waaadulmiye wax iska dhiciyadhaha niywo,1,0,0,0,0,0
som_train_track2_269,USER Waxaaad ku xukuntay inayna dhexdhexaaad ahayn Balse waxaynu ogsooonahay siday wax u arkaysay inay u sheeegtayMida kale in xirsi la beeegsanayo deee cadayn tooosa wali uma hayno adiguna muhmal ayaaad abuuuraysa markaaa bahashu yayna meeelkasta inaga galin,0,1,0,0,0,0
som_train_track2_270,USER Waxaaan maqli jirey tiro badana ooo tayo xumaaa  Jubaland ma haysato geeesiga JEYTE ooo kale  Marka waxba ha ka sugin,0,1,0,0,0,0
som_train_track2_271,Waxaaan rajaynayaaa in kooonfur galbeeed dooorasho hufan ooo looo dhanyahay ka dhacdo si dalka ooo idil cadaaalada iyo dimuqraaadiyadu uga shaqayso waxaaana lafta gareeen kula talinaya inuuu ka waaantooobo wadada uuu kusocdo eee u dhaw tiii farmaaajo ku fashilmay,0,0,0,0,2,0
som_train_track2_272,Besha calamka wan sodhawey neyna In ay kasi wadan dadalka meshoda o ay umada kabad badiyan madaxweynihiii hore e waqtigisa dhamaday asaga o kuyimid dastuuurkiii somali ku heshesay o sinabad ah xukun ka iyo wadanka logu warejiyay o hada isku bedelay dagal oge o raba awoood iyo mal,0,0,0,1,0,0
som_train_track2_273,USER Garooonka ay haaatan ku ciyaaarayaaan Brazil vs South Korea ayaaa la burburin dooonaaa marka ay ciyaaartu dhamaaato,0,0,0,0,0,0
som_train_track2_274,USER Naga deee xaliiimow qeybta farxada hanaga qaraaacine walaley  Aniga xataaa waxaaan iri gudooomiyaha diiidan aaa  Hadana Gorgortan,0,0,0,0,0,0
som_train_track2_275,CBBB warbaaa u yaaala mahadsanid mudane sidaaad bulshadada ugu danqaty eee aaad u diiiday ninka maaatida ku dhex dagaaalamya eee magaladisiii iyo inaderkiii la sooo heshiiiyay🙏😍 from burco somaliland,0,0,0,2,0,0
som_train_track2_276,USER DR Ahmed wagi farmajo kuwi vilada yiri kabax ayuuu nas nujin u sameyn jirayjubland hawadi ayuuu kaxiray cunoqabaten adag wuuusaaaray cidamana wu ku hubeeeyeyPL wuuu isku dayey in uuu dagal galiyeyo wana dhacay dagaaalWuxuuu dhib ka geystayKG HSH iyo GM wana ogtahay waxi dhacay,2,0,0,0,0,0
som_train_track2_277,Aad iyo aaad walaaal mahadsanid,0,0,0,1,0,0
som_train_track2_278,USER Furaha 252 waaa astaaan Qaran mana ahin in shirkad seeey rabto ugu shaqeysato  Somalia kaliya burbur kuma dhicin CAAALAMKA dal kastana furihi lagu sooo gali jiray telefonkoooda lama wareeegin ooo dalki ooo burbursan ayaaa la isticmalayay  Waaa maxaaay sababta looogu darsaday lamb  6aaad,2,0,0,0,0,0
som_train_track2_279,Nin hal kalluun ah ku iibsaday ku dhawaad 2 milyan oo doolar,0,0,0,0,0,2
som_train_track2_280,Waxkaaasi raaaligalin uma aragno waxaaad gashay waaad gashay adigooo is og waxaaad estv kadhahaysay mantana tan nooogu dartay wallle kaaama saaarto waaa inooo dagaaal,2,0,0,0,0,0
som_train_track2_281,USER Mohamud xaaashi makuwiii isfuuulay eee uuu lacagta ku qaaatay ururka uuu ku samaystay ayuuu u dooodaya ilayn qaniiis waaa qaniiis haba waynado ooo magac halahado eee bal eeega odayga nacdashu ku dhacday eee LGPT lacag ku qaaatay,0,3,0,0,0,0
som_train_track2_282,USER Masha alllaaah waaad qurux badan tahay,0,0,0,1,0,0
som_train_track2_283,Waxaaan hambalyo u dirayaaa walaaal Seynab Claaahi Cali ooo 30ka jus eee Quraaanka Kariiimka ah amp tafsiiirkiiisa ku guuuleysatay iyada ooo kaaalinta kowaaad ka gashay tartan ka dhacay Muqdisho lllaaahey cilmigaaaga hakugu anfaco mabruuuk URL,0,0,0,3,0,0
som_train_track2_284,Innnaaa Lilllaaahi Waaa Inaaa Ilaaahi RaaajicuuunWaxaaan murugada iyo xanuuunka la qeybsanayaaa ehelka iyo qaraaabada uuu ka geeeriyoooday Abwaaan Maxamed Ibraaahim Warsame  Hadraaawi ooo maaanta ku geeeriyoooday Magaaalada HargeysaAqooonyahan iyo xeeeldheeere Afka Sooomaaaliga ah ayaaa geeeriyoooday URL,0,0,2,0,0,0
som_train_track2_285,USER Aargooosigiii ugu horeeeyey eee dadka laga tirada badan yahay ooo ka dhacay muqdisho nin aaan dambi cad lagu heysan ooo somali ah ayaaa gurigiiisiii in la weeeraro madaxweynaha JFS eee cusub amar ku siiiyey in ogolansho la aaan la weeeraro ninka weeerarayaaa waxay isku qabiiil yihiiin AAAW,0,0,0,0,0,3
som_train_track2_286,Waxaaan hambalyo udirayaaa farxadana laqeybsanayaaa Abayo iguqaaali ah Khadra Abukar Hajjji ooo manta kaqelinbadalatay heeerka kooowad e jaaamacada wadanka Turkeyga Waxaaad gartay mid kamid Guuulahadiii aaad mudddo ku taaameysay alx abyo mcn horay uga siiiwad wxaaan ku Rajeynaya guuul wacan URL,0,0,0,2,0,0
som_train_track2_287,war vedioyadiii chanalkaga mxaaa ku dhacay   kiii u dambeeeyay waaa kane,0,0,0,0,0,0
som_train_track2_288,Mudo kordhintaaan xaaaraaanta eh aduuunka meeel aaan laga ogeeen ma jirto dhaqan xumada somalida ayay kow ka tahay waxaaana ugu dhaqan xun mareeexaaan somali waaa dadka ugu xun subaxaaanalaaah dalkaaan iyaga dartoooda buuu u burburay war somaliyeeey dib isugu noqda eee dadkaaan j,1,3,0,0,0,0
som_train_track2_289,Senegal 🇸🇳 waaa wadanka Dadkisa is jecel yihiiin wlllhi Europe ayaaa jooogaaa Qarada African dad ka Qalbi wanaaagsan majiro Senegal #tanaaad mahadsanid sxp la jiclow walalkaaa hormarka #Senegal waaa jecelahay inaaa guri ka Gato insha alllah and #thegambia Wlllhi waxa oganeysaaa m,0,0,0,2,0,0
som_train_track2_290,Masha Alllah saxiiib waaan ku jecelahay ❤️❤️ mahadsanid,0,0,0,2,0,0
som_train_track2_291,Maaatidiii uuu madfaca la dhacayay ma dadnibaaa ma diiin baaa wuxu caqli xumaaa muuuse qamuuunyo,2,1,0,0,0,0
som_train_track2_292,Kani prank maaaha waaa fashil zhb 😅 waaanu kaaa fahanay midaaas.,0,0,0,0,0,0
som_train_track2_293,Horay ayay udhacday beeenatan ooo kale waxaaana ay kadhacday wadanka masar ooo wiiil ayaaa sidaaan usheeegay inuuu kudhacay cancer kadibna waaa Lagu ogaaaday .,0,0,0,0,0,0
som_train_track2_294,Waxaaa suaaal leyska weydiiiyey in ay saxsan tahay in cadeynta group yar ooo dhaqaaatiiir ah ooo qaldami kara lagu xukumi karo dad aaan wax dhibsan  Waxa dhacay waxaaa lagu tilmaaamey Miscarrriage of Justice  Wariyihiiina wuxuuu ku guuuleystey billlad sharafta ugu sareysa eee la siiiyo wariye,0,0,0,0,0,0
som_train_track2_295,Qaraxa marka ka dhacay eee lala beeegsaday ciiidaaada Amison ayaaa ah nuqul ka mid ah howlgalo dhowr ah ooo ay ku keceeen argagixisada Alshabab taaasooo la xaqiiijiyay inay gacan saaar ku lahaaayeeen Farmaaajo iyo fahad yaaasiiin  URL,0,1,0,0,2,0
som_train_track2_296,ogaaansho saxib waxbaaad kharinaysaaa eee anigaaa kuuu saxaaayo   seychellles macnaheeedu waaa (siii shilin ) waxaaa maaamulijiray   shiiikh Madhibe eee somalida maaanta utaqaaan qabiiil ladhaho madhibaaan shiiikh madhibe waxuuu ka yihin jaziiirada ku dhaw degan jilib ama kismaaa,1,0,0,0,0,0
som_train_track2_297,Isaga dantiiisa aaakhiro ayaaa ku jirta in ladilo waaayo aaakhiro dilkiii uuu inanta u gaystay mar hadiii isagana ladilay wuuu ka baaaba'ayaaa kaliya camalkiiisiii kale ayaaa laga xisaaabinayaaa ilahayna (S.W.T) haduuu dooono wuuu ka cafinayaaa danbiyadiiisa kale,0,0,0,0,0,0
som_train_track2_298,Waxaaan canbaaaraynayaaa falalka guracan eee kudhisan cabudhinta jirdilka eee lagu hayo saxafiyiiinta uuuna ku hayaaa mamulka taaagta daran e Mr Guuurgurte kenyati usujuuude USER waxa lagu haysto saxafiyinta ooo qura wa in an laso bandhigin fashilka Damulqushaaash FreeeSaxafada URL,2,2,0,0,0,0
som_train_track2_299,USER Waxaaan xasuuustay carrruuurta Cadan ku korta ayaaa la oran jirey qabyaaaladdda ma yaqaaannniiin laaakiiinse koooda qabyaaaladdda barta meeel aaad u xun bay la gaaadhi jirtey  Qabyaaaladdda iyo toljacaylku waaa kala laba  Carrruuurta debeddda ku kortaaa xuduuuddda qabiiilinnnimada ayaaa ka maqan,0,1,0,0,0,0
som_train_track2_300,cali xasssan waxooow ahaaay hal yaaay ilaaah raaali galiyay cadawga ilaaah cara iyo cabsi ku galiyay dalkisa iyo dadkiiisa u hagar baxay waaa mujahiiid shahiiid ah,0,0,0,1,0,0
som_train_track2_301,Maaanta igu horeysay inaaan ku sooo biri kanaaalkaaan wlh clipka kooowad marka dawaday baaa ilmo iga timid howsha aaad umada somaliyed u heysid alaha kula garab galo mahadsanid💓❤💖,0,0,0,2,0,0
som_train_track2_302,Ku wani waaa Munaaafiqiiinta caaadaystey isku dirka dadka waaalalaha ah hurinta colaaadaha naxliga qabyaaalada iyo nacaybkaAllle haydinka qabto munaaafaqada aaad dadka kula wareeegeysaaan  URL,0,2,0,0,0,0
som_train_track2_303,Waxan kuuu hayaaa dareeen jacayl ooo aaan horey cidna u qaaadin jacayl aaan murugo lahayn waxan kula jeclahay wanaaag uuu qof aaadane ah ooo kasta la jacelyahay qofka noloshisa uguqaaalisan waxan jeclahay inan dhinacaga ahado marwalba ilaaa inta dhulku taganyahayeee aynololi jirtoI LOVE U  URL,0,0,0,3,0,0
som_train_track2_304,USER Mashay Alllah Marka gabdhaheeen saaas u asturan yihiiin qurux badanaaa,0,0,0,2,0,0
som_train_track2_305,Allle ka cabsi waxbaro.,0,0,0,0,0,0
som_train_track2_306,Dareeemada ugu farxada iyo Xasilooonida badan Noloshaaada waaa marka aaad Allle weydisato shay aaad si aaad ah ugu bahiqabtey Alllena uuu ka aqbalo ducadada URL,0,0,0,0,0,0
som_train_track2_307,USER Intaaanan dagaaalka sokeeeya dhicin wadanka hiiigsi buuulaha Dhaqaaala yarida jirta Awgeeed waxa hooos udhac kuyimid wax sooosaaarki Markiii la isku daro wax sooo saaarka dalka waxuuu gaaaraya 130 000 Tan  Miiisaaaniyada Wasarada Beeeraha Waaa tan Ugu yar dhamaaan Wasaaardddaha kale URL,0,0,1,0,0,0
som_train_track2_308,mahadsanid wlll waxan ka codsanynaaa in aaad nooo sooo gudbiso qisoooyin diiini ah sidaaa socdaaalkiii dheeera eee uuu islaaamnimada uuu sooo maray salmaaan alfaris,0,0,0,0,0,0
som_train_track2_309,Hadddiii lagu weydiiiyo suaaashan Yaaa tahay Waaa maxay waxa ugu horeeeya eee maskaxdaaada ku sooo dhacaya Maxaaase u sabab ah in aaad sidaaa u fekertid Muhiiim ma aha in aaad ila qeybsatid jawaaabtaaada balse waaa muhiiim in aaad si daaacad ah adiga isugu jawaaabtid  Maaalin Wanaaagsan,0,0,0,0,0,0
som_train_track2_310,USER Shacabka Somaliyeeed farxad guuusha Ay sooohoysheeen General Qaliiif Cumar Macalin NuuurIyo Ciiidanka Dowlada Somalia Hogaaaminaaayo Nuuur Dugle guuuleysta Iyo dhalinyarada isxilqaaantay ciiidanka takuleyey guuuleysta Shabab jabiseeen waxaaan rajeyneynaaa guuul deganka,0,0,0,3,0,0
som_train_track2_311,Waxaaa jira wax dhasha ooo hadana dhinta balse majiraaan wax ka qurux badan xasuuusta maaalmaheeeniii tagay  URL,0,0,0,2,0,0
som_train_track2_312,Anago kasoconey wasaaaraddda Arimaha Dibaddda Ayaaan kulan la yeeelanay midowga bangiyada sooomaaaliyeeed waxaaana kawada hadalnay sidiii bangiyadu dooorkoooda oga qadanlahaaayen shirweynaha qurbajooogta dalka kusooo laaabtay ooo dhawaaan nagusooo foooleh waxaaan agasime USER URL,0,0,0,0,0,0
som_train_track2_313,Muuuse fashil cida dhagaysata eee rajo ka qabta ayaaa iga yabiyey,0,1,0,0,0,0
som_train_track2_314,aqyaaareeey qisadaaan wadankeee ka dhacaday waaaba fahmi la ahy,0,0,0,0,0,1
som_train_track2_315,Xaggee ayay ku dambeeyeen diyaaradihii dagaalka ee Soomaaliya?,0,0,0,0,0,0
som_train_track2_316,Muxuu ku salaysan yahay dagaalka cusub ee Shiinuhu ku qaaday masaajidda?,0,0,0,0,2,0
som_train_track2_317,Weerar lagu geystay mindi oo ka dhacay UK,0,0,0,0,2,0
som_train_track2_318,maaanta ayaaan ku raaadinaaayey ooo aaan dhahaaayey tanaaad maaalmahan video ma uuusan sooo gelin eee mxaaa ku dhacay   hadana hada marka aaan sidaaa usooo galay youtube ka videokan ayaaan arkay wlllhi waaan farxay   brother mar walba waaan jecelahay inaaan daaawado video yaaasha,0,0,0,2,0,0
som_train_track2_319,"Alllaaah swt ha u naxariiisto wiiilkaaa yar, intay gaaadhi jiiidhsiiiyeeen ayay xabbbadna ku siii dhaaawac tireeen. May qaaadin ooo maydkiiisiii halkaaas aaad aragtaaan bay kaga dhaqaaaqeeen. Falkaaa argagaxa leh waxa sameeeyey wiiilka Muuuse Biiixi dhalay iyo sirdooonkiiisa",0,0,2,0,0,0
som_train_track2_320,USER Maaalinta lacag madaxiiisa lasaaaro ama doqmahan dawlad isku Sheeega maxkamad isagooo maqan dilkiiisa xalaaaleysa ayuuun baaan arimahan idinka dhageysan dooonaaa  Inta kale marba fuley ha idinka yaaabiyo,2,1,0,0,0,0
som_train_track2_321,😥😥😥wan ka xumahy hada adan kula murugonaya sahal   Qaybti horena inanta,0,0,2,0,0,0
som_train_track2_322,Daraasadda kafeega: Bunka oo la ogaaday in uu yareyn karo halista cudurrada ku dhaca beerka,0,0,0,0,0,0
som_train_track2_323,USER Meeesha eeey maaanta jooogto waaa meeel karkaaar ah halka labada odey eee spacyada sooomaaali ugu dusha wacan danqisey alllow sahal amuuuraha xaaalkane mantane xaq haleeelsiii adaaa ku fulilan aaamin,0,0,0,0,2,0
som_train_track2_324,Akanu zxb melha halista iska dhaf wlhi wn Cabsssady 😢😢😢,0,0,0,0,1,0
som_train_track2_325,Walhi ninka waxa ku dhacay ma howl yara allle ka bedbaaadiyey alxmdulilaaah iminka farmasiyadan dukan ahaaanba looo isticmala halayska ilaaaliyo inan aaan eeedo u ahay iminka waxay u dhimatey kinin khaladan ooo lasiyey waxna siii moootantahay iminka 40 casho,0,0,1,0,2,0
som_train_track2_326,alaaah uuu naxaristo inta dhimatay inta dhawacana alaaah cafiya,0,0,3,0,0,0
som_train_track2_327,Kan yar ooohin ayaaa kadhow . War ninku muxuuu kugu sameeeyay aaad qarin ?,0,0,0,0,0,0
som_train_track2_328,USER xageee buuu maaamulaaaya marka kaaaran kaliya miyaaa,0,0,0,0,0,0
som_train_track2_329, Waxaaan utacsiyeeeynaaayaaa ooo aaan murugadana laqeybsanaaayaaa Walaaalkey Madaxweynihiii hore Mudane Sheikh Sharif ooo hoooyadiiisa kugeeeriyoootey magaaalada Abu Dhabi ,0,0,2,0,0,0
som_train_track2_330,Lkkk waxbaaa ka dhacay,0,0,0,0,0,1
som_train_track2_331,Naclda ha ku dhacdo galo meeelkasta jooogan 😡,2,0,0,0,0,0
som_train_track2_332,Aad iyo aaad mudane mahadsanid,0,0,0,0,0,0
som_train_track2_333,Suaaal jacaylka lamaaanaha ka dhaxeeeyaaayaaa mid farxad abuuura iyo mid farxdlooo abuuura adiga keee tahay,0,0,0,0,0,0
som_train_track2_334,Tiii aaan august dhacday ayaaa ka dhacday maaanta garooonka berbera kkk,0,0,0,0,0,1
som_train_track2_335,Walaaal sooo dhawaaaw❤️❤️❤️❤️,0,0,0,1,0,0
som_train_track2_336,Marka aaan kaligeyga meeel fadhiiista dadka waxa ay imooodayan In aaan murugeysanahy Iakiiin waaa Daqiiiqad nasasho ah ooo ka fog faragelinta adanaha RETWEEET URL,0,0,0,1,0,0
som_train_track2_337,USER Adeeero waaa somaliyo waxan ku tusaya qofku cadawqiiisa marka uuu uga dhawaaado waxa uuu aysameeeyan buuuq Badan marka imka inagu waxba inooogamay Hadhin guuushi waaa birin ayaqana dhuuunta cadaaatay qayladooodi  Waaa fascist badan kooodu,0,2,0,0,0,0
som_train_track2_338,USER Reysalwasaaarihiii hore eee farmaaajo miyaaa tacsiyeeeyey eee dhacay mise reysalwasaaaraha cusub eee madaxweynaha JFS isku xishoooda qodobka 103 ixtiraaama shacabkana ka xishoooda waxa aaad samaysaaan waxay ceeeb ku tahay sharafta somaliyeeed ilahay ka cabsada unuka safiiirada waaan ka xorownay,0,2,0,0,0,0
som_train_track2_339,Sawta wasiiirkeeediiiba la eryey yaaa ku dhawaaaqaya waaa la arkaye anagu waaanu sooomaynaaa in shaaa Alllah.,0,0,0,0,0,1
som_train_track2_340,Ar maxaaan kugu duceeeya kan meeel inaga saaar balayada nacalad allle ayaba ku dhacdeee,0,2,0,0,0,0
som_train_track2_341,Maxaa ka dhexeeya nimanka kamid ah maalqabeennada caalamka?,0,0,0,0,0,0
som_train_track2_342,Mareykanka ooo sheeegay inuuu duqayn ku dilay 27 ka tirsan Shabaaabka hubeysanMareykanku waxa uuu siii wadi dooonnnaaa taaageeerada uuu siiiyo saaaxiiibada Somaliya iyo ATMIS si loooga adkaaado argagixisada Al Shabaaab eee khatarta ku ah nabaddda amp xasilllooonida Somaliya URL URL,0,0,0,0,2,0
som_train_track2_343,Tanaaad sxb dadki sobe ku dhintay   Kalmada halag ha uso qadan   Wayo halag waxa laso qata dadka galada ah eee cadho allle ku dhacday lkn dadka wa majahidiiin allle ha u naxariiisto dhamantoood amiiin,0,0,2,0,0,0
som_train_track2_344,Abu flah wuxuuu sooomaaalinimada u qarinayaaa waaa carabtaaan yaysan taaageeero kala laaaban waaa cunsuriyiiin,0,1,0,0,0,0
som_train_track2_345,USER Waxaaan waaa cawaaan dad lama dhihi karo teeeda kale xukunka eeey dowladdda Rwanda ku riday gabadhaaas weeey ku saxanyihiiin,0,2,0,0,0,0
som_train_track2_346,Bahal ayuuu ahaaa ninkaaas waaa insharciga lagu dhaweeeyo,0,1,0,0,0,0
som_train_track2_347,Jimicsiga oo la ogaaday in uu daweeyo xanuun dadka ku dhaca,0,0,0,0,0,0
som_train_track2_348,Dalka Uganda nin waaardiye ka ahaaa meeel maydka lagu keydiyo ayaaa labo qof ooo mayd ah qaaatay kadib markiii lasiiin waaayay mushaaarkiiisa ilaaa lacagteyda la iga siiinaaayo labadaaan mayd ayaaan uhaysanaaa ayuuu taaagan yahay xariiifkiii URL,0,0,0,0,0,3
som_train_track2_349,Kanooocaaasa halaga qabto masaaakiiinta alllaaahayow kaqabo dafldka kibirsan,1,0,0,0,0,0
som_train_track2_350,"Mashalllah, waxan xasuuustaaa 4 sannno ooo aaan dhiganayey Jaaamacada Hargeisa ooo uuu iiimaaam nooo ahaaa in qalinjabintiiisiii uuu khudbad masaaajidka Jaaamacada nooogu galay ooo uuu yidhi iska kay cafiya maaadaaama aaan salaaada idinku dheeerayn jiray. Runtiii Sheeekh Cabdif",0,0,0,0,0,0
som_train_track2_351,USER Waaa kiii dili lahaaa ama afgambiyi lahaaa haduuu aaaminay tuuugan Hackers la shaqaysta war hoooy acccount nadiiina adkaysta intuuu kuuu qoslo daaahir calasow ayuuu acccount kaga u dhacayaaa Cypersecurity kulahaaa meeeday shahadada jaaamaceeed Ee uuu haysta ilkuhu iska samayn laha  IskaJir,0,2,0,0,0,0
som_train_track2_352,USER cilmi baaaristiii Aheyd 3qof eee sooomaaali ah 2pa waaalan Waxbaaa ka jira wcade haddda Maxaaa Farmaaajo ka khuseeeya Arimahaaan dhacaya,0,0,0,0,0,2
som_train_track2_353,😭😭😭 Ilaaahow Ilmahooode uso dhaweee ooo qalbiga u qaboji,0,0,3,0,0,0
som_train_track2_354,Inteee ku burbureeen,0,0,0,0,0,0
som_train_track2_355,Somalia wa dal burbursan halka jarkiiisa horumar ka socdo military iyo mid waxbarasho somali qabyalad Ku fooorartaaa markaaa dadkeeedu wu hurdaaa dawladaha kalena way isku diraaan si ayweligeeed sidaaa u ahaaato ooo maskaxda uga mamulan ilahay ayan ka baryayna inu dalka no   haga,0,1,0,0,0,0
som_train_track2_356,Niyada kaaa dabani huma diiirnaxdeee dib isku qabo hadal ha na daaalinooo hadal yuuu ku dilin URL,0,0,0,0,0,0
som_train_track2_357,Beeenaaale yaaashe waxaaa edin Fashilay ooo hadlay QATARAIRWEYS BBBC DA So Dhageysta ama So Aqrista ama So Daaawada🤣,0,2,0,0,0,0
som_train_track2_358,Mana fashileee marka😄,0,0,0,0,0,0
som_train_track2_359,Abwaaan ARMAAAJO dariqtosane ado qaraxa iyo silica ka tahriiibay in laguuu jawabo wa khalad,2,0,0,0,0,0
som_train_track2_360,Wiiilkaaan ha iska siii daaayo qofkaaas iiimaaanka la' ooo dhashiii fircooon la mooodo dhaqankiiisa iyo xukunkiiisa qaaabka daran majecliye lkin waxa mas'uuuliyada leh kuwa madaxweyne uyaqaaan qofka sidas ah,0,2,0,0,0,0
som_train_track2_361,Waaa arrrin aaad looogu xumaaado in muwaaadddiniiinta KGalbeeed xarrrig iyo jirdil looo gaysto maaalin walba xataaa masuuullliyiiintiii gobolka u sooo shaqaysay aaan looo aaabbbayeeelin ooo laga xishooon waaayay URL,0,0,2,0,0,0
som_train_track2_362,Gami maaayo jeeeroooy xornimo u gasho LaaaskiiiyeWaxaaan gumac rasaaaseeed ahayn nabaddda goyn waaayeNoqon maaayo reeer garab isbiday dawlad geeed adageGarashaduuu ka tiray kibirkiyooo waaa galooof madhaneGunta laaaya waaan hannnanay guuul gobi ku faaantaaaye Cabdijalil,0,0,0,0,0,0
som_train_track2_363,Dil ka dhacay magaaalda Burco amp faaah faaahin kasooo baxeysa  URL URL,0,0,0,0,2,0
som_train_track2_364,Aad ayaaan u oooyay,0,0,1,0,0,0
som_train_track2_365,Dadkeyga Aan jeclahay like dhac dhac iiigu Siiiya,0,0,0,0,0,0
som_train_track2_366,Hadu garanayo yarantiii wixi dhacay inu soradiyo so uma surtogalayn🤔Allle hoyada qalbigedu sanado badan gubanayyy qabojiyay aya mahadleh,0,0,0,0,0,0
som_train_track2_367,istaqfurlaaaha waxaba ka dhacay meeesha inanka sulwalka hablaha 😂😂😂,0,0,0,0,0,2
som_train_track2_368,Ck magaciiisa Marka ku dhawaqeysid afka iska sooo rumey ure... shaaati Iskama badale Ck❤ ka dhamaw,2,3,0,0,0,0
som_train_track2_369,War doqonow meeel walba calan aaa sana mid kalaaa sana ma ku jireee war feysal warabe iyo kheyre cid wax ku tareysa ma jirto eee dantada ka fakar fecen waaa kuwa Lamborghini ku socda acccountkodana u buuuxo anagane sidaaa doqon siyaaasi ah ooo dhigena dadanaya ilmo ku korsada ugu,2,2,0,0,0,0
som_train_track2_370,USER  indha iska tir  Shabaaab ma dhamaaana yaaan qof dilayaaa majirta lshaqsi dhorayo sharafta qaranka  Dagaaal haduuu dhaco xanuuun iyo dhib waaa Leee yahay Lakin badin xeeer ma ahan Wana guuul daro guuusha waaa in qiiimo lugu bixiyo,0,0,0,0,0,0
som_train_track2_371,Wixiii naaas dhacay   dhan social media la keeenaaa mareee maro noqdeeen hadiiiba la fiiirsado eee ku faraxsan yihiiin😂😂😂,0,1,0,0,0,0
som_train_track2_372,Mar hadddiii dugggaaagiii la mirayDiiirtay shacabkeyga Darbiyada hadddiii loooga dhacayDacar la leeefsiiiyay Darsigiii la Baray xalay SNM Baaan kuDiiirsadaye Daba gala dhulbahantow ilaaa dagalka siiiDhaaafsha mujaaahid Jamaaal Axmed CaliGobonimo inadera URL,0,0,0,2,0,0
som_train_track2_373,USER Kuma jirto magaaaladi aaan doooran lahaaa,0,0,0,0,0,0
som_train_track2_374,USER Marka hore adigu AlShabaaab ma u aqooonsantahay urur argagixiso ooo xidhiiidh la leh Al Qaeda Xubno AlShabaaab ahba waxay kuuu fadhiyan xafiiisyada Somalia laga xukumo Somalilanders waxba kama sheeegi kartid,0,0,0,0,0,2
som_train_track2_375,kkk Somaliland ha nooolaaato... waaad ka xuntahay Somaliland in ay horumar gaaadhay cunsuri foqol cunsuri,2,2,0,1,0,0
som_train_track2_376,USER Marka xaaafadiiisu eee tuuurayay Shanigq 00005 Internetku Somaliland kama goin Waaa maxay sababta cabsida Marka  URL,0,0,0,0,0,0
som_train_track2_377,Channnel kaaan waaan kuxiranay eee chanalka Tanaaad qofka lahooow icaaawi channnel keyga na iii kala kici mahadsanid,0,0,0,0,0,0
som_train_track2_378,Gabar Soomaali ah oo la guday 16 sano ka hor oo hadda muran ka taagan tahay,0,0,0,0,0,1
som_train_track2_379,Hurmuz waxuuu ahaaa boqor kamid aha boqoradiii faaariyiiinta waxaaa lasooo qabtay khilaaafadiii cumar kadib wuuu muslimay waxaaana lagu eee deeeyay   dilkiii cumar ragiii kadanbeeeyay waaana looo dilay,0,0,0,0,0,0
som_train_track2_380,Hala togto nacalad ku dhacdo 😭😭😭,0,2,0,0,0,0
som_train_track2_381,USER Mowqfikana Xoriyada eeey maaa cunay Musasalkiii waxuuu ku gabagabooobay in xukunkiii la isku qabsado dhul booob la galo  2ba qolaba meeel isku garaaacaaan  30 yrs ka dib wax la aaasaso ayagina mid dhuuunto iyo mid dhinto noqdo  Dafiraaad maleh inuuu mowqifkooodu ahaaa xukun afgambi,0,2,0,0,0,0
som_train_track2_382,MAAATANA GEEED KALE OOO HARWEYN AYAAA LIIICAYAlllaha u naxariiisto Gudooomoyaha degmada marka Cabdulahai Axmed cali waaafow ooo KU geeeriyoooday qarax ka dhacay magalada marka wuxuuu safka hore kaga jirey aqooon yahanka iyo indheeergaradka gobalka shabelaha hooose alllha u anxriiisto URL,0,0,2,0,0,0
som_train_track2_383,Inay khamri qabteeenban moooday walhi waaar sawnagiii mirqanland ahayn maxa dhacay,0,0,0,0,0,1
som_train_track2_384,@@@AhmedAli-hq6hs walllhi waaa naxdin,0,0,0,0,2,0
som_train_track2_385,xisbigiii wadani dabada kasiii xumanayah qof kasooo horjeeeda dawladnimada Somaliland miya laso dhaweeeyaaa ooo meeelo kale laga maaamulo . xukuuumada waaa lagasooo horjeeesan kartaaa lkn dawlada Somaliland lagamaso hor jeeesan karrrOh .,0,0,0,0,0,0
som_train_track2_386,keeeyow mahadsanid heees iyo bar waaaye,0,0,0,1,0,0
som_train_track2_387,Muskan Khan: Gabadhii uu hoggaamiyaha Al-Qaacida soo amaanay aabeheed oo jawaab yaab leh bixiyay,0,0,0,0,0,2
som_train_track2_388,MARACADDDE waxaaan kugu garanaynin sooo gudbinta dhacdoooyin sooo dhici jiray   Hadana waxaaad inooogu dartay Arimaha hada taaagan eee xaqiiiqoooyin wata   MAHADSANID SXP MARACADDDE,0,0,0,1,0,0
som_train_track2_389,Hhhh waxaaa uegtahy shambuuu dhacay qofku maydhay waaa qoslay,0,0,0,1,0,0
som_train_track2_390,Sxb mahadsanid. Lkn ma fahmin sida lagu garanayo inay run sheeegayso. Fadlan qofki fahansan ha iso sheeego,0,0,0,0,0,0
som_train_track2_391,Ismail Burgabo waaa qaaadatay taladiii sxp alllh kubarakeyo wuuu isu eeegyahay wuuu kaqaldamay khalad baaa kadhacay isagana waaa qàdar rabi lkn wx fcnbaaa samaysay cafiskaaa wxwaliba kafcn hadeeeto iska akhriya drugs ka,0,0,0,0,0,0
som_train_track2_392,Sxb dadkaaan fashil ooo bananka keeen. Sidey dadka kale uwano qaaatan.,1,0,0,0,0,0
som_train_track2_393,Hadiii aaad xanuuun dareeento waxaaa tahay qof noool balse markiii aaad dareeento xanuuunka dadka kale waxaaa tahay biniaaadam qalbi leh DarenkaAamusan URL,0,0,0,0,0,0
som_train_track2_394,Saynisyahanka Itoobiyaanka ah ee biyaha ka baadigoobaya dayaxa,0,0,0,0,0,0
som_train_track2_395,manshaAlh walalkey cumar waaan ku tagera nolow nolal farxad leh,0,0,0,2,0,0
som_train_track2_396,Inti xalayba faceboook left ka qaaadaty markay maqashy siday samaysay yaaara 😂😂😂anu telefooonkiii ayan badaly 😂wayo marabo sidan inay dhacdo marna.,0,1,0,2,0,0
som_train_track2_397,Aad iyo aaad baaan ula dhacay ustaaad cumar,0,0,0,2,0,0
som_train_track2_398,2badiiinaba baramijyo qurux badan masooo daysan dumar un daba dhigataaan lkn ck Ku dhama ooo fananinta iyaga is qawiyo uuu sooo ban dhigaaa lkn adi dumarka xuntoooda aaa gobta anyway inaaa hishiiisan ooo waxaaan iska deysan wax kafican maleh Somali layahey hormarkiiina kashaqeeey,2,1,0,0,0,0
som_train_track2_399,waaa runtaaa zxp horay usoco sooomalidu waaa dad hormarka isku quuudhin zxp taaageeero ayaaan kuuu ahay shiiine culay ooo ku aflagadeeeyay xitaaa subscribe   wn kala laaamay horay usoco hawjabin zxp,0,0,0,2,0,0
som_train_track2_400,"Waxaaan ku amaaanaya inusan sheeegan inu somali yahay wax lashegto ma ahan aniga inaaan somali ahay nasiiib darrro ayaaan u arkaaa balse waxaaan ugu sabraya anigu madoooran inaaan noqdo somali inaaan kabaxana waaan ku rajo waynnnahay inshaaa Alllah waaa dad dulmiga,xiqdiga,xaaasi",0,1,0,0,0,0
som_train_track2_401,Alllaaa innna nasra Alllaaahi qariiibWaxaaan murugada la qaybsanayaaa ummmada sooomaaaliyeeed eee cabsida qaraxa iyo dhawaqa rasaaastu daaashatay mudddo sanawaaad ah waaa hubaaal in dhiiigiiina midka daaadiyay in uuu khaaatumo xumo kaga tagi aduuunkan aaakharana naaarta uhoyan  URL,0,0,3,0,1,0
som_train_track2_402,Waxa nasib dsro ah dadki lasobarakiciyay eee mal iyo hantiba laga dhacay ina hadana deganka dhaxdisa lagu layo walahi waaa nasibdaro,0,0,2,0,0,0
som_train_track2_403,WAR DEG DEGA Japan ba ku dhawaaaqey arin deg dega waaayo waxaaa ku dhacay bilaaa dad shaqeeen karaJapan ba 40kiii sano eee igu dambeeeysay dadkiiisiii ka caaajiseeen in eeey wax dhalaaan  Japan ooo eeey dadkiiisi wada indhayar yihiiin ba raba iiin uuu qaxoooti qaaato URL,0,0,0,0,0,1
som_train_track2_404,Alaha fashiliyo cadawaga caruuurteeei qaaatay,2,0,0,0,0,0
som_train_track2_405,USER Oo hore maxaaad u ahayd Ma xooolo,0,2,0,0,0,0
som_train_track2_406,1mid qadiiid la dhoho qayila2  mid shiiiq baxsado kufsi ku edeysan 3  mid prof isku shego tuuug ah is af dubtay su roooble lalush uga helo4  islan walan kanisad ka xogsataintaaaso dad wada CV xun dadka dhageysana aya ka walan URL,0,2,0,0,0,0
som_train_track2_407,Wax yar bey ka mid ahayd 1989 bey ka hooos baxdey inteyna sofiyedka burburin,0,0,0,0,0,0
som_train_track2_408,Dhab ahantiii waaan ladhacay sheeekadan,0,0,0,2,0,0
som_train_track2_409,Hdddad haysan lacag inaaan qiiimo lagu yeeelayn laguna niyad jabinaaayo 😢😢😢,0,0,1,0,0,0
som_train_track2_410,USER Waaa dhab mushkilada sooo billlaaabatay 21 oktober 1969 iyo burburkiii heyadaha dastuuuriga iyo dimoqraaadiyadiii jirtaye afrikada ugu horeyney laguna bedelay 21 sano xukun ahaaay kalitalis qabyaaalad musuqmaaasuq dil dhaca xasuuuqa iyo caburinta Waaa in leysku cadeeeyo si loooga bogsado,2,0,0,0,0,0
som_train_track2_411,Sxb waxaaad ka sooo hadashaaa ninkiii la sumeeeyay eee u shaqayn jiray   ruuushka iyo ingiriiiska   eee maaalin dhawayd london lagu sumeeeyay eee muranka badan dhaliyay,0,0,0,0,0,0
som_train_track2_412,USER Taliso ma lagu qabaInkasto nina kugu so dhacayn ooo uuu isleeeyhy mrkad isku dhacdan armad saldhiga liiin ku cabta,0,0,0,0,1,0
som_train_track2_413,USER GO faaaiiido maleh laaakiiin markay inala wadagaaan wax dhab ah waaa inaynu ka damqanau damqanaaa dadkeeena dalkiii joooga eee uuu dhibkooodu saaameeeynayo  Waxa madaxda Somalida waliba kuwa Puntland ay waxay rabaaan u yeeelaaan waaa ka aaamusnaaanta ileeen waaa dad aaan Allle kacabsi lahayne 12,0,2,0,0,0,0
som_train_track2_414,"Somalidu say awoood isku wada bideyen bahalay noqden ,bal eeeg gooormaynu xooolihi ladhaqanayey xuman u aragnay ooo magalada laga fogaynaya",0,2,0,0,0,0
som_train_track2_415,USER Sodhawow walal mcn Hibo Waxaaan kaxumahay cilada kutimid Ciwankaaakiii hore,0,0,1,0,0,0
som_train_track2_416,Sooodhawaaada bogeeenq cuscub please waxaaan kaaacodsanaaa inaaad folllow iiisaaartid mahadsanid URL,0,0,0,0,0,0
som_train_track2_417,Waaa xukun Cadaaalad ku Sugan Alllah ayaaa faaajiyay maxkamada inay cadaaalad kiiiska ku qaaado,0,0,0,0,0,0
som_train_track2_418,anaaaba aaad   uga cadhoooday sheeekadan,3,0,0,0,0,0
som_train_track2_419,Waaa musiiibo marka maskax bisil iyo qalbi jacayl ka buuuxo isku jiiidh yihiiin Nizar qabbbani  buuugiiisa Gabayadiii Jacaylka  URL,0,0,0,0,0,0
som_train_track2_420,Dal ku guuleystay daweynta dhammaan bukaanadii uu ku dhacay fayraska corona,0,0,0,0,0,0
som_train_track2_421,Willliam Ruto ayaaa looogu dhawaaaqay inuuu ku guuulaystay dooorashadiii madaxtinimada dalka Kenya isagooo helay codad dhan 7 176 141 ooo cod una dhigma 509 iyadooo Musharaxiii ay dawladddu watay eee Raila Odinga uuu isna helay 6 942 930 ooo u dhiganta 4885   URL,0,0,0,0,0,0
som_train_track2_422,Hosow dad youtube mawaxay sogalan markajawi degan ku jiran macanaha faraxsan yihiiin keliya jawi sida Daaal iyo murugada waqti noooce asbuuuc halmar 2 asbuuuc iyo malin kasta,0,0,0,0,0,0
som_train_track2_423,Walllahay wa murugo iyo Tiiiranyo,0,0,3,0,0,0
som_train_track2_424,Hhhh ala beeerka waxaaa maxawaye ku sooo dhawey kamirada hhh Gabdhihiii as xabad qati ka tagan ayagana wey sameysanayan yaaab hhh tlllhi,0,0,0,0,0,1
som_train_track2_425,Mashruuca BBI: Guul darradii ugu waynayd oo maanta ku dhacday Uhuru Kenyatta iyo kooxda Mucaaradka,0,0,0,0,0,0
som_train_track2_426,Hooosow san leskuma ogayn maxa waaaye ninkan dheeer muranka bdn eee aaa nooo keeentay 🤣🤣🤣 muqlka dhanba intasa iga gadan ani   Mhdsanidiiin cizi io karaaamo korkiiina ha ahaaato 😍,0,0,0,2,0,0
som_train_track2_427,Musow ilaaa labo dayuuuradod isku dhacan wrkaaa rumaysamayno,0,0,0,0,0,0
som_train_track2_428,Ala xusssen shukriyow wlll kadaaa ooohinta meyna oooyeynine gabadhiii qofkiii warerstay waxay ku tiri wax ooohin ah ma jirtey tiri wxy tiri wakhti fiiid ah ano anagooo qolka ku jira isna uuu qayilayo waxan ku idhi wa kuleyle banaaankan ubixi baaan idhi wuuu iiidiiiday wn ka sooo,0,0,0,0,0,0
som_train_track2_429,USER Kani beri hore ayuuu ka dhacay NoloshaAdeeer dadkiii u dhashay baaa meeesha Joooga eee hadaaad Xiniiinyo leeedahayKalaaayo deeegaaankooodaKula Dagaaalan19991 tiii dhacday ayuuun baaad arki dooontaaa,2,0,0,0,0,0
som_train_track2_430,Munaaafaq ayaaa tahay Shalay Hawiye ayaaa ahayd maaanta ma Sooomaaaliyeeey ayaaa leeedahay you are Hypocrisy you are clan minded war hawiye futamadooobe ooo dhan ayaaa moooryaaan gaaajaysan waaaye Allla ma caaafiyo Hasssan dhiiiqo isagaaa ka dambeeeyay Somalia in ay burburto ooo halkaaa gaaarsiiiyay URL,2,2,0,0,0,0
som_train_track2_431,Qurux ku dhiiigle farxada badi caaadi matihid👀👀👀🗣💪,0,0,0,0,0,0
som_train_track2_432,"Abdilaaahi suldaaan tima cade abwaaan weyn allle ha u naxariiisto   ""Dhashaaaday sugtaaa buuu yidhi xaaajadaaad dhawrtaaa abid""",0,0,1,0,0,0
som_train_track2_433,Xil ka qaadista Trump: Maxaa ku dhaca marka madaxweyneyaasha laga gudbiyo xil ka qaadista?,0,0,0,0,0,0
som_train_track2_434,Waaa muuuqal naxdin leh waaa Tahriiibiyaaal ooo dadkayna ah waxay ka kooobanyin 111 ruuux waxay ku dhibaaataysanyihin Buuuraha Giriga Haraaad iyo gaaajo ayuuu isku biiirsatay Eebbbow ugargaaar wlhi waaa calolxumo iyo ciiil meeel walbo anaga ku rafaaadsan  URL,0,0,2,0,2,0
som_train_track2_435,@@@ramaaadrays88849 iran waaa dad islam ah waaana jeclahay... carab warkoooda iga daaa... geopolitica sooo baro... reeer galbeeedka iyo Israele waxeeey islamka u adeeegsadaaan carab... Turkiga in la burburiyo carab ayaaa looo adagsanayaaa...waliba wahabiga iyo salafiga... quraaan,2,0,0,0,0,0
som_train_track2_436,Ha habaaarin waaayoaragnimo xun ama masiiibo ku dhacday noloshaaada  Xusuuusnow wax walba waxaaa naqshadeeeyay Ilaaaha Qaaadirka ah si aaad u baran karto duruuus nololeeed ooo aaad hore ugu socotid si diyaaar ah  Waxa ugu fiiican eee aaad samayn karto waaa in aaad isku duuubto ooo aaad si,0,0,0,0,0,0
som_train_track2_437,Waxaaan USER ugu hambalyaynayaaa 65guuuradeeeda  Runtiii BBBCda gaaar ahaaan laaanta af Sooomaaaliga waxay kaaalin wayn ka qaaadatay inaaan yeeesho hammmi ah inaaan noqdo saxafi,0,0,0,2,0,0
som_train_track2_438,Umul behal ahaaan ban ilmaha uga cabsiya dad maaa shiq uyaqanba ala maxay hogeeen,0,2,0,0,0,0
som_train_track2_439,Maaareeeyaha Hayaddda Dekedaha Jamhuuuriyaddda Somaliland Mudane Siciiid Xasssan Cabdilllaaahi ayaaa sooo kormeeeray Dekeddda Maydh Maydh Jettty ooo dhismaheeedu dhammmaaad ku dhawyahay  Dekedddan yar ooo marka la dhamaystiro noqon dooonta mid lagu sooo xidho dooonyaha qaaada badeeecadaha kala duwan  URL,0,0,0,0,0,0
som_train_track2_440,"wlll albaaab walbooo kaaaxiran allle hakuuu furo murugada farxad hakugu badalo culeys kasta oooidin heysta alllah idinka qaaado( ,wlll) 1000 subscribe iiisaaara xabibayal)aaamin ya alaaah 🙏❤️🖐",0,0,0,0,0,0
som_train_track2_441,Waaa sababta eee beeesha shanaaad u aaaminsan yihiiin daaaroood hawiyaha waaa eeey sooo dhaweeeyaaan dadka dhulkiiisa jooogo lkn daaarooodka dhulkiiisa waxajooogo madaxa ayuuu kaga istaaagaaa saaas eee tahay reeeraha laga tirata badan yahay daaarooodkaaayeee dhankasta ka raaacs,0,1,0,0,0,0
som_train_track2_442,USER Mudane cali maxamed geledi marka hore wxn kugu salamaya salanta islamka Asc salan kadib mudane cali maxamed gedi Runtiiil Aqooon kale kuma lihi keliya wxy tarikhdu i bartey in aaad ahayd Risal wasare hore sasey tahaynah keliya wxn kugu jecladey wadddaninimada alllaha ku dhawro,0,0,0,0,0,0
som_train_track2_443,Premier League: Cristiano Ronaldo aad buu 'u naxsanaa' inta aysan bilaabanin ciyaartii Manchester,0,0,0,0,0,0
som_train_track2_444,USER Ayaaanle waxaaan u haystay dhedhexaaad  Sooo dhawooow Garaaad  I enjoy your programs,0,0,0,1,0,0
som_train_track2_445,Tani maaaha sheeeko lkn waaa qisoooyinka ugu yaaabka badan dunida waxan bilaaabay dhagysigeeed 9subaxnimo ilaaa 7:19 waxan ka faaaidy wax badan waxana ka arky wax badan ooo la yaaab leh waxana ka arky murugo badan aaad iyo aaad ban kaga mahadcelin marcade dadaaalka iyo juhdiga aa,0,0,0,1,0,0
som_train_track2_446,Cumar inshaaar allle Haku dhawro,0,0,0,1,0,0
som_train_track2_447,ODAGIII AAAD FARMAJO DARTIII UDISHAY XAQIIISA SIII ADER Cudur somali naceyb ayaaa kugu dhacay ooo kuduleeeyay,0,2,0,0,0,0
som_train_track2_448,Filimka ay soo jileen Mithun iyo Aw Baska ee muranka ka dhex abuuray shacabka Hindiya,0,0,0,0,0,0
som_train_track2_449,Alllah uso celiyo hoyadan cuniged wlhi xanun waye ilmo inu ka dhumo 😭😭😭,0,0,2,0,0,0
som_train_track2_450,Midnimada qiiimaheeeda hadddaaad rabto inaaad aragto tusaaale waxaaa kuuugu filan bahwadaaagta NNN  Ilaaa haddda Jamaaahiiirta NNN sifiiican ayay u wadaaan Ololaha mahadsanid madaxweyne  URL,0,0,0,2,0,0
som_train_track2_451,ninka lacagta idinka dhacay isaaaq yuuu ka ahaaa anaaa ka dooonayeee mise dhulbahantihiii naga gooostay ayu ahaaaba 😄,0,0,0,2,0,0
som_train_track2_452,Madaxweyne ku Xigeeenka Dowlad Goboleeedka Hirshabellle Yuuusuf Dabageeed ooo shaaaciyey in guuulaha laga gaaaray Alshabaaab aysan aheyn sida la mooodo URL via USER,0,0,0,0,0,0
som_train_track2_453,Hoooyadaaas alaha usooo dhaweeeyo ilmaheeeda,0,0,1,0,0,0
som_train_track2_454,Ax ilahay hakusodhaweyo.,0,0,2,0,0,0
som_train_track2_455,mahadsanid Wlllkey 👍👍👍❤️❤️👀,0,0,0,0,0,0
som_train_track2_456,Go’aan noocee ah ayay Maxkammadda ICJ ka gaari doonta kiiska Xasuuqa Koonfur Afrika ee ka dhanka ah Israa’iil ee maanta lagu dhawaaqayo?,0,0,0,0,0,0
som_train_track2_457,Noqo qof adag nolosha ma ixtiraaamto ilaaa mahane qofka xogan ama ad adag kuwaso aaan kujabin waaayo aragnimada fashilantay taso mudo u dhisayey URL,0,0,0,0,0,0
som_train_track2_458,USER Daaahir Cabdullle Calasow 5 sano wixiii ka horeeeyey doqon aaan ku moooday war maxaaa ka qaldan aaan isdhihi jiray ina adeeerkaaa ooo laqeyliyaaa lkn waxaaan ogaaaday markiii tolkey Hawiye amp madaxdoooda kaliya ay beeegsadeeen ReeerJaaalllehebel  Maaanta waxaaa tahay geeesi mudan in taaalo aaan u dhisno,0,0,0,0,0,0
som_train_track2_459,"Waa ayo Islaamic Jihaad, kooxda kaalinta ugu weyn ku leh dagaalka Xamaas iyo Israel?",0,0,0,0,2,0
som_train_track2_460,Maaaha dhacdo sidan ooo kale ah Oo ku dhacda shacabka Deeegaaanka sooomaaalida Taaasina waxay daba socotey Caaadaysiga iyo arxan darada lagu Hayo dadka Sooomaaaliyeeed Iyadooo looogusooo Gabanaaayo Nidaaam dawladaysan,1,0,0,0,0,0
som_train_track2_461,Waxaaan amiiiN   zanay malinta uuu qraxy ka dhacay labada foooq eee matNa   In ka danbeyay mareeeknku   Wayo malinta   uuu qaraxu dhacaY mesha waxa ka shaqeya   intaaas ooo qof ooo MilyaaaN   iyo waxa Talay intaaas o lacaga Malinta   uuu qaeaxu dhacay Cid may jooogiN lacagi may o,0,0,0,0,0,0
som_train_track2_462,Xasuuusaha qaaar iyako aaad uqurux badan ka sheeekentoooda ayeee hadana murug isku bedelaaan aqirka markiii ad kali ku noqoto fiiican laheeeda hadiii weligeeed la isla jooogi lahaaa URL,0,0,1,0,0,0
som_train_track2_463,Sideen ugu dhawaaqaa magaca Bikela? ,0,0,0,0,0,0
som_train_track2_464,Inuuu Madaxweyne USER dalkeeena daaacad u ahaaa waxaaa marqaaati noooga ah inuuu dad aqooon leh u magacaaabay xarumaha dowlada si umada sooomaaaliyeeed si wanaaagsan looogu shaqeeeyo Waxaaa cadeyn idiiinku filan USER URL,0,0,0,0,0,0
som_train_track2_465,Waaa sheeeko marna leh farxad   Marna leh cabsi   Balse aaad ayaaad umahadsantihiiin adiga iyo walalkiii tarjumay,0,0,0,0,0,0
som_train_track2_466,3:000 waaali cad 😂😂😂ma runbay u oooyay waban garan waaayeee,0,0,0,2,0,0
som_train_track2_467,Asc markaaad sooo qoreysid cinwanka mawduuuca haduuu kujira magac. Fadlan kadhig ama kabilow xaraf weyn waaa iga talo mahadsanid.,0,0,0,0,0,0
som_train_track2_468,Marka jacaylku aaanu waaalid ahayn jacayl maaaha URL,0,0,0,0,0,0
som_train_track2_469,USER Maaan ayaaa waxaaa bilaaabmi dooona muran siyaaasadeeed ooo cusub marka laydin kala Reeebok mar la waaayo xeeer dooorasho ooo yaqaaana dooorasho tooosa marka uuu idinka dhoco warqado warqada ogolaaansha lixda biloood eee aaad tartanka ku galaysaaan maxaaa xala markaaa,0,0,0,0,1,0
som_train_track2_470,Salaaamu Alllaikum walaaalaha Sooomaaaliyeeed Waxaaan goaaansaday in aaan akhriyo hindise sharciyeeedka dembiyada jinsiga laaakiiin waxaaan ku wareeeray hab isticmaaalka ereyga jinsiga  Fadlan iii sharxa ereygaaan jinsiga ilana qaybsada haday jiraaan erayo la mid ahMahadsanidiiin,0,0,0,0,0,0
som_train_track2_471,Dirsle waaan cusubhay iso dhaweee 😂😂😂,0,0,0,0,0,0
som_train_track2_472,Gabadhas caaafimaaad alahaaa siiiyo waaa wax laga xumaaado in qof shacaba dhibaaatada looo gaysto kiii dulmiga u gaystayna uuu jooogo waaa khalad dawladiii askarigaaa ushaqaynayayna aaan wali waxba lagama hayo waaa dhibsato laaakiiin waxaaa imaaan dooont,0,0,2,0,0,0
som_train_track2_473,Madaxweyne Dr Hasssan shiiikh Mohamuuud Hadalkaaagiii Allle Ayaaa rumeeeyay waaa inooo Balankiii iyo Xarardheeere Khawaaarij Gabalkooodiii baaa dhacay  URL,0,0,0,0,0,0
som_train_track2_474,"Maracadow sideee ku dhaman kartaaa mesha ugu halista badneyd ayeee mareysaaa kumuuuna ahaaa qofka lahadlaaaye , dark marow se maka badbaaayay",0,0,0,0,0,0
som_train_track2_475,😂😂😂lacag kulahaaa dadgaaan ooo dhan lacag ku filan maba heeesid seee lacag ku siiineeesaaa intiii lacag ubaaahan leee waxaaas sameeeneeeso😂😂😂,2,0,0,0,0,0
som_train_track2_476,Aahey duf ku baxayaaasha dullligaaas ay ku noool yihiiin iyo mugdigaaa ayey ummmada ooo dhan la doooneeen  Ilahay mid idinkama reeebo wuxuuushta URL,0,3,0,0,0,0
som_train_track2_477,@tanaaad sxp mxaaa kugu dhacay,0,0,0,0,0,0
som_train_track2_478,USER Waxaaan Ustaaadh umaleynayaaa wuxu in uuu iska yahay anooo oyni raba ayaaa sac seeenta indhaha iiiga dhuftay mise waaa ooohinta orgiga kaweynFMS thrive in anarchy stability democratic elections and a constitution is not their interestThey want PresHSM to play to their whims,0,0,0,0,0,0
som_train_track2_479,USER Gudooomiye Waaa talaaabo wanaaagsan in lala isaaabtamo Golaha fulintaWaxaaan kuuusooo jeeedinayaaa gudooomiye in Hanti dhawrka qaranka xeeerkiiisa dib looo eeego haaani gun ayay ka tolantaaaye  Halka dalku ka liiitaaa waaa Xafiiiskaaa hanti dhawrka,0,1,0,0,0,0
som_train_track2_480,Ninka jeclada dumar badan waaa ninka fahmay dumarka Balse ninka jeclada hal gabaraWaaa nin fahmay jacaylka,0,0,0,0,0,0
som_train_track2_481,Muuuqaaal ku saaabdan ayaaa ku tala jiraaa in aaan sameeeyo iii dulqaaado sxb mahadsanid,0,0,0,0,0,0
som_train_track2_482,Alx wlhi waaa war farxad🥰,0,0,0,2,0,0
som_train_track2_483,USER Eebe wayne swt waxaaan aniga ahaaan kuuu waydiiinaya caaafimaaad farxad cimri barako leh nacabka jin iyo insi ooo Allle haaa qabto Wal walka iyo walaaaca waswaaaska in eeebe kaaa dul qaaado adna aaad badiso istiqfaaarta ducoooyinka iyo la jirka quraaanka BiidniLlaaah waaad caaafmaaadi,0,0,1,0,0,0
som_train_track2_484,Madaxwayne Mudane Musdafe Muxumed Cumar hogaaankiiisa fiiican waxaaa fashilinaya kuwiii xilka uuu ku aaaminay inaaay umada uuu adeeegan.,0,2,0,0,0,0
som_train_track2_485,Atariisho iyadoo filim jilaysa dhimasho ka badbaadday markii dambena dhashay atoore caan ah,0,0,0,0,0,2
som_train_track2_486,Kkkk sxb hawada ay xukunto sooomaaaliya waaa teee Catooosa dadka beeenta kadaaa ilaaa iyo laaascanod ayaaad sooowaday midane waaanu kulasoconaaa,2,0,0,0,0,0
som_train_track2_487,Wlhi gabdha heeena weee qurux badan yihiiin💪💪💪,0,0,0,2,0,0
som_train_track2_488,USER Wixiii kadhacay hotel hayat lagama hayo warbixin marka hore warbixin nagasiii taaas,0,0,0,0,0,0
som_train_track2_489,Wiiilka reeer hargeys ugu qosolka badan 😂😂😂,0,0,0,1,0,0
som_train_track2_490,"Hadii aan la dammaanad qaadin xaqa uu muwaadin kasta oo Ethiopian ah u leeyahay in uu u safro kana shaqeeyo dhamaan gobolada Itoobiya, waa mid sii kordhinaysaa dhibaatada. ",0,0,0,0,0,0
som_train_track2_491,Meeelaha kale somalia haday ka dhacdo reeer baaa la gaystaaa la odhan lahaaa athiopia way boganayaaan,0,0,0,0,0,0
som_train_track2_492,ogeysiiis ma tahay qof jacel inuuu barta luuuqada English-ka & carabi aaad ku baraneyso qaaab fudud kuso biiir channnelkeeena inooo sara subscribe mahadsanid,0,0,0,0,0,0
som_train_track2_493,Awalba nacas feeedho waynbad ahayd URL,0,2,0,0,0,0
som_train_track2_494,Waxaaa maaanta ka qaybgalnay kulan ka dhacay Safaaaraddda Sweden eee Nairobi ooo ay kasooo qaybgaleeen dalalka Sweden Norway Denmark Switzerland UK iyo EU waxaaan la wadaaagaynay warbixin dhamastiraaan ooo ku Saaabsan qorshaha wacyigelinta qalabka diiiwaaangelinta amp talaaaboooyinka xiga  URL,0,0,0,0,0,0
som_train_track2_495,Innnaaalilllaaahi waaa innnaaa ilayhi raaajicuuun. Allle Weyne ha u naxariiisto. Runtiii waaa dhacdo Murugo leh!,0,0,2,0,0,0
som_train_track2_496,USER Hadaaan Somaaali nahay kan waxtarka nooo leh waaa xaaasidnaaa waaan la dagaaalnaaa sumcadiiisa ku cayaaarnaaa  Kan duliga ah wax mataraha ahna qabiiil baaan ku tageeernaaa waaan sooo dhawaysanaaa waaan amanaaa  Dad nocaaas ah sideee dowladnimo looo bari karaaa  Umad waxaaan qabiiil ahayn aaan aaaminsanayn,0,1,2,0,0,0
som_train_track2_497,Quluuubta dadka caaarifiiinta ahi indho ayey leeedahay ka aragti dheeer indhaha daaahirka ah eee muuuqda Ma yaqaaanaaan kuwa haddda jooogaaa caaarifiiinta iyo waliga lkn mugdiga halkuuu inoooga bilaaabmay waaa khilaaaf diiimeeed iyo madaaahib kala duwan ooo kala qaybiyey bulshada,0,0,0,0,0,0
som_train_track2_498,Muuuqaaal 3sano kahor ahaaa lkn weli kahadlaya dhacdo taaagan hada   mahadsanid wlll omar,0,0,0,0,0,0
som_train_track2_499,beeeshinka marka orayshan lagalinayo waxay ka qaaadaaan saxeeen inaaan looo raaacin wixiii waxyeeelo ah eee ka yimaaada operation ka laaakiiin majiraaa xeeer iyaga qabanayaaa marka ay sidani dhacdo,0,0,0,0,0,0
som_train_track2_500,@@@burburcade7908 wlllo hadiii ay maquuul tahy ma jirtaaa meeel an kaso wad xidhiiino si ad xog dheeerda iii siiiso,0,0,0,0,0,0
som_train_track2_501,Walaaahi Waaan oooyay 😢,0,0,2,0,0,0
som_train_track2_502,Wayahe shekda aaaba dalno xarfaney Hawiye iyo Darod aku bodno somalida inteda kale an badax weyne ku tijabino bal yalagu banaaan baxa an arkne hdn isku adkeneno anaga 😂😂😂 fikirkas kawarama,0,0,0,2,0,0
som_train_track2_503,Asc asaxabta mahadsanid kkkķkkk🥰😍🤩,0,0,0,1,0,0
som_train_track2_504,Abayo adaba wadan kada burbur San yahay eee wadan kale iska dhaaaf,2,0,0,0,0,0
som_train_track2_505,Xillli kasta ooo xun waaaxa raaaci dooonaaa xillliyo cajaaaib leh daqiiiqad kasta ooo murugo ahna waxay ka tagi dooontaaa daqiiiqado farxad iyo raynrayn leh  Ma murugooon dooontid inta Eebbbe yahay abaaabulka noloshaaada  URL,0,0,0,1,0,0
som_train_track2_506,Shan dhacdo oo horay uga dhacay xerada Janaraal Gordan ee xalay saraakiisha lagu laayay,0,0,0,0,1,0
som_train_track2_507,DAAAWO SAWIRADA Xukun Dil ah ooo gooordhaw lagu fuliyay Nin dil aaad loooga naxay ka geeestay Baydhabo URL,0,0,2,0,0,0
som_train_track2_508,USER Maskiiin  Somalia xitaaa haday dooorosho ka jirteyMa ahayn  Democracy Ee waxay ahayd is Faham dhex maray reeero taaasi waaa mid1969 inuuu dhacay Afgembi dhaliyey xukun military Oo hal urur ooo siyaaasadeeed leh shaki kuma jiro Wuxuuu qabtay iyo wixiii uuu xumeeeyeyna way cadahay,0,0,0,0,0,0
som_train_track2_509,Alllow ilmahaaa hoooyadiii u sooo nabad celi alllow hoooyadaaa murugada ka dulqaaad ooo farxadeeeda u sooo celi,0,0,3,0,0,0
som_train_track2_510,Afar qodob ka ogow weerarkii lagu qaaday kulliyadda Jaalle Siyaad ee askarta lagu laayay,0,0,0,0,2,0
som_train_track2_511,Iran iyo Israa'iil: Maxaa xiga ka dib weerarka lagu qaaday xarunt nukliyeerka Iran?,0,0,0,0,2,0
som_train_track2_512,Waaaw abooowe mahadsanid 💕❤️💞😍🥰👍,0,0,0,1,0,0
som_train_track2_513,Walkay cadawga ha u jabin,0,0,0,0,0,0
som_train_track2_514,Ustaaad macliiimaaad dhacdoooyin iyo muuuqalo cabsi ah nosooo daaa,0,0,0,0,0,0
som_train_track2_515,USER Taaas waaa xaqiiiq la wada ogyahay lakin dhibka waaa somalia ooo burbur ku jirta ilaaa 91 amp Dadka deeegaaankaaas ooo ay ka maqantahay xisaaabtu ONLF ooon u Arkayay Niman Isbadal Raba Ma Aqaaan halgankooodiii wax ay ku sarifteeen xataaa intaaa Amxaaarku dhahay kama hayno,0,0,0,0,0,1
som_train_track2_516,CIDLADUWaaa astaaan ugoooniya dadka la dhaaawacay waxayna ka radiyan nafis si ay u dareman xasiloooni iyo farxad,0,0,0,0,0,0
som_train_track2_517,Waxba inooo tari mayso inaynu isku maaawelino wixi hore u dhacay iyo waxaynu ahayn waaagi hore. Kaliya waxay dantu inooogu jirta manta maxaynu nahay ooo caaalamku inaga aaaminsan yahy? Maxaaase inooo qorshaysan mustaqbalka dhaw iyo kan fogba?. Ramadaaan Mubaaarak,0,0,0,0,0,0
som_train_track2_518,Marka laga tago in somaliland ay hadaba maqan tahay gabadhana hadiii maaanta ay hargausa ku noqoto ay dil ku xukuman tahay iyadooo xubnaha u bareeera xukunkaaas ay yihiiin kuwa mabda ahaaan qaba midowga hadana waxba kuma jabna in xubin aaaminsan gosashadu ku jiro barlamankaSomalia URL,0,0,0,0,0,0
som_train_track2_519,dirisle ka rooonow waaayo way caday inaaad ka caaasantahay cumar krish eee hadalkiiisa iska dhaaaf   cadho kulama jecli dirisle abdi,0,0,0,0,0,0
som_train_track2_520,waxaaan hayaaa sidiii ay u baaaqatay ama looo burburiyey biyo-xireeenkiii ay Ethiopia ka waday gobolka shabeeele gaaar ahaaan magaaalada qalllaaafe ooo ujeeedadiiisu ahaaa in wabiga shabeeellle laga xiro Somalia anigooo ku sugnaaa G/hiiiraaan gaaar ahaaan magaaalada Balad-weyne 1,0,0,0,0,0,0
som_train_track2_521,USER Hakala xareeedowdeee daaaHaddda haka faaalooon walow aaad tahey indheeer garad halka haaajadu ka askuntey iyo halka biya dhaceeedu yaheyba aaan aaamin sanahay inaaatahey nin fahansan hadddana wakhti ku habbbooon lasug insha alllahuMahad sanid darwiiish,0,0,0,0,0,0
som_train_track2_522,"War reee muqdishow Ma waxaaad uxiiisa qabtaaan qax, barakac, qaxoootinimo, iyo dhimasho ay idinka un idinku egtahay ooo aaad 30 kiii sano eee lasooo dhaaafay aaad ku jirteeen, Kuwan gala dagaaalka idin leh hal maaalin xabad ridi ma hayaaan e cid ku dhamaaan e guryahoooda iyo na",0,1,0,0,0,0
som_train_track2_523,wlll albaaab walbooo kaaaxiran allle hakuuu furo murugada farxad hakugu badalo culeys kasta oooidin heysta alllah idinka qaaado wlll 1000 subscribe iiisaaara xabibayal🙏🙏🙏🇸🇴🇸🇴🇸🇴❤️‍🔥❤️‍🔥❤️‍🔥❤️❤️❤️🤲🤲🤲,0,0,0,0,0,0
som_train_track2_524,Waaayahay ma jooogtidooo abooow waji kuuukuuusan ooo feeer la la dhacay kama kacneee😂😂😂abtiyaaalow inankan faragfaragdiiisaaa badateee fadhiiisiya🤣😂bal magaaaloooyinka kale tag akanuuu sida burco hargeysa seee cml caaawo barnaaajimka ma iyagaaaba faro taaataaagiii lagu yaqiiin ma,2,0,0,0,0,0
som_train_track2_525,Aroooskan wuuu dhacay wins dhamatay eee Dogra sooo sax,0,0,0,0,0,0
som_train_track2_526,USER Anigu guuud ahaaan ayaaan u hadlay  O kuli MXW uuu mujiyey ila sanadkiii 1960 marki ey Hawiye Siyasiiin qaaateeen taghut xukun ooo ka hor imaaadho xukunka Alllahy  Marka Siyaaasi walbo cadaaab ayu ku jiraaa shaydaaana ayey la shaqeeeyaaan  Marka ha difaaacin ku Qabiiil ahaaan  Taaasi waaa halaaag,1,0,0,0,0,0
som_train_track2_527,😂😂😂 wan hubaaa wiiilka u dambeeeya inuuu yahay Reeer mudug . No cabsi for reeer mudug. 😂😂😂,0,0,0,0,0,0
som_train_track2_528,kkk fashiluuu karbaaash   Xarankaaas codkiiisa aaanbo necbeheee,0,2,0,0,0,0
som_train_track2_529,Haywadin warkoda 8kun dolllar nalaga dhacay baridhaway yaaabka itobya uga amu,0,0,0,0,0,0
som_train_track2_530,Waa naxariis in la arko hogaamiye noocan ah. ,0,0,0,3,0,0
som_train_track2_531,dawladdda Itooobiya ooo sheeegtay in haddda jadwalkeeedu u buuuxo sida ay xaqiiijinayaaan warar hordhac ahSafarkiii 6aaad ayuuu noqon lahaaa eee Madaxweyne Xasan Sheeekh kutagi lahaaa dalka dibadiiisa tan iyo markiii la dooortay 60 cisho kahor wuxuuuna shalay isku maray Kenya iyo Jabuuuti,0,0,0,0,0,0
som_train_track2_532,Waxa adiga iyo India aaa burcad uguyeeeraysan waaa kaluuumeysato Somali ooo dhul koooda lagu dul maaayo,2,0,0,0,0,0
som_train_track2_533,USER Beri marka la isku dhacana ceeebaha amp cayda meshan la isku waydaaarsana Jaceylka dhabta ah e liiibanta wato ma ahan midka dad waynaha la tuso eee waaa kan guriga mrka lagu noool yahay la isku maaamulo lagu kala dambeyo dulqaaad quuudin iyo ixtiraaamna wato  Nooocan yan la idinka gadin,0,2,0,0,0,0
som_train_track2_534,Waxba ha fiiirin dhawaaanshaha ay sooomaliya udhawdahay meeesha deeegaaan ahaaan waxaaa daga yemen yemen baaana ilaaa waaagay jirtay daganayd.,0,0,0,0,0,0
som_train_track2_535,Xiliyada qaaar waxaaad dareeemi dontaaa murugo saaaid ah kaliya waxaaa kuuugu filan mar walba in aaad dhahdid YAAA ALLLAAAH ooo aaadan ka xishooon inaaad gacmahaaaga kor utaaagtid mar kalana Aad dhahdid Yaaa Alllaaah waxad markaaasi dareeemi dooonta farxad URL,0,0,0,0,0,0
som_train_track2_536,Ha Nita’s jabin alllaaah kuuu maqan alllaaah iska dhiiib,0,0,0,0,0,0
som_train_track2_537,Cadakibir Laba Askari ooo ka tirsan ciiidamada Alshabaaab ayaaa isku sooo dhiiibay ciiidamada xoreynta deeegaaanka beeesha Saleeebaaan xoga horudhac ah ayaaa sheeegaya in labada nin ay kasooo baxsadeeen ciiidamada Alshabaaab eee ku sugan aaaggga deeegaaanka Baaalaldheeer eee gobolka Galgaduuud,0,0,0,0,0,0
som_train_track2_538,Saxiiib   wax wacan   ayaaad   sooo   bandhigtay   lakiiin   maogtahay in   maskaxda   laynaga   bedelay   walahay   waaa   dhib   adu   waaad   dadalaysa   lakiiin   waxani   inaga inoooma   yalaaan waaa   tariiikh   dakale   leeeyihiiin   inaga   dilkiii   ugu xuma   waaa   tii,0,0,2,0,0,0
som_train_track2_539,sxb omar wax badan aaan kaaa faaa iday mahadsanid,0,0,0,2,0,0
som_train_track2_540,"aaad bn ula dhacay mowduuuca ,waaa Arrrin looo baaahnaaa in dadka dalkoooda iyo jiritaaankoooda loooga sheeekeeeyo si dadkeeennnu ugu baraaarugaaan una bartaaan waxa ay dhab ahaaan yihiiin ,mahadi hakaaa gaaadho #ogaaansho daljir karkaaarrro goooyay baaa tahay🇸🇴 👏👏👏👍👍👍",0,0,0,2,0,0
som_train_track2_541,USER Umada yaaanan la sumeynin ganacsi iyo maaal inta aaad raaadineysaaan umada ha baaabinina aqooon iyo sheybaaaro xukuuumad iyo heyad idin xakameyso ooo idin baaarto wadanka maba lahan sidiii tukaaan bagaaashle ah in aaad iska furataaan waaa gaf,2,0,0,0,2,0
som_train_track2_542,Sxb waxan dadka kadhaaaf dad xanunsan baaa jiro udhiman karaaan dhiiig kar iyo sonkor qawaaan waaa halis please🥺,0,1,0,0,0,0
som_train_track2_543,Tariiikhdana ku sooo gali wlllo mahadsanid,0,0,0,0,0,0
som_train_track2_544,USER Hahahaha waxaaa looo dabaaal degayaaa xornimada Sooomaaaliya not yaaa madaxweyne ah marka niyada booorka ka jaf istaaag dhinacaaaga farxada ka gal maaadaaama aaad niyad jab santahay,0,1,0,0,0,0
som_train_track2_545,Dagaalka Ukraine:  Heshiisyada maxaabiista Ruushka lagu dagaal galiyo oo aad u adkaaday,0,0,0,0,2,0
som_train_track2_546,Maaanta dalka ethiopia waxaaa ka socda dagaaal u dhaxeeeyo tigre ooo 27 years itooobiya sooo xukumayey oroma iyo axmaaaro ooo hada itooobiya xukunta midkasta ooo sooo guuulaystana iniga ka sooomali ahaaan isku mid unbaaan u nahay cadow unbaaan u nahay  Markaaa aaan isgu ducayno in ay is rogan insh,0,0,0,0,2,0
som_train_track2_547,Nolosha Fursado way ka buuuxan balse hadiii aaadan wax ficila samayn macna ma yeeelanayso  Habka u wanaaagsan eee ixtiraaam looo helo waaa in aaad adigu dadka Ixtiraaamtaaa Macnaha guuuldarada waaa in aaad baratay Cashir kale ooo qiiima badan kaaasooo hal tilaaab kuuu dhawaynaya guuusha  URL,0,0,0,0,0,0
som_train_track2_548,USER Cali Jeyte ooo qandaraaas ku qaaatay reeer tolkiiisa inuuu geliyo dagaaal aaan koooda ahayn iyo dabkiii ay ku halaaagsami lahaaayeeenKadeeedkoooda iyo kurbadiii ay u yeeedheeen ayey haddda kakabanayaaan bartooodiii xooolaaad amp beeerahooodi cabsi darteeed ayey u baayaaan godadki ay kasooo sakaaa lagu gubay,0,0,0,0,2,0
som_train_track2_549,is cajabinta Badan ma fiiicna Kkkk dhooocishaaas xuntaaa Way iska Bad badisay qurux Hadad Ledahay Wad Asturnan Lahayd like i sar Qofki igu raaacsan...,0,2,0,0,0,0
som_train_track2_550,USER Waxan xasuuustaaa asaga General Dhegabadan ooo 20111 magaaalada mugdisho ka xoreeeyey khawaaarijta guri guri  ilaaa ugu dambeyn ka saaarey caaasimada AUN  General Ibrahim Yarow Halyey Qaran,0,0,0,0,0,0
som_train_track2_551,"maaalinta 17 waxaaa la sooo duleeeliyay dushoooda waxeyna qaaadatay in godka laga sooo bixiyo 69 maaalin,waaa dhacdo caaan ah waaad baaari kartaaa mahadsanid",0,0,0,0,0,0
som_train_track2_552,Dr Abdul Qadeer Khan: Ninkii ugu halista badnaa adduunka,0,0,0,0,1,0
som_train_track2_553,Waaad mahad santahay war bixitaaada ayaaa la dhacay mahadsanid,0,0,0,3,0,0
som_train_track2_554,Arrrinta laaascaaano waaa arrrin ku cusub Sooomaaaliyada xorta ah waaa arrrin dhaaawac weyn ku ah sooomaaalida ka sooo kabanaysa burburka  Midnimadiii iyo sooomaaalinimadiii sooo jireeenka ahayd ayey wax weyn u geystaysaaaWaxaaan ku baaaqayaaa nabaddda iyo xasilonida dalka in la ilaaaliyoPuntland,0,0,0,0,2,0
som_train_track2_555,Candhuuuf dhul ku dhacdey dhul ma noqoto,0,0,0,0,0,0
som_train_track2_556,Noloshu waaa halgan  Qof karti badan ooo isku filan noqo  Inta aaad iska taqaaan cid kaaa taqaaano ma jirto inta aaad isla rabtana cid kula rabto ma jirto  Hortaaada haaay dantaaada aqooonso caqligaaaga miiisaaan ogow halka aaad u socto ,0,0,0,0,0,0
som_train_track2_557,Shulamid kooohin waaaxaaaba ka qatarsan ooo ka dhib iyo dhibaaato badneeed amina al mufti,0,0,0,0,0,0
som_train_track2_558,Hadiyad maaaheee raaali galinta ku dadaaal walaaal cabdala mahadsanid wlll,0,0,0,1,0,0
som_train_track2_559,mahadsanid sxb sare sida aaad maskaxda noooga qudisid   jimco mubarak,0,0,0,0,0,0
som_train_track2_560,Saaaxiiibku maaaha kan ku garab taaagan xiliga farxada iyo badhaaadhaha balse waaa midka garabkaaaga istaaaga xillliyada adag kulana dareeema dhibka aaad dareeemayso  URL,0,0,0,0,0,0
som_train_track2_561,Maxaa ka jira in Khilaaf ka dhashay dagaalkii Laascaanood uu kala geeyay fanaaniin da'yar?,0,0,0,0,0,0
som_train_track2_562,asc walaaal waqtigaaaga qeeer uga faaa ideyso waqtigaaaga waaa qaaali,0,0,0,0,0,0
som_train_track2_563,Anigu yabaye talow foooshan aaan arkay xanuuunkeeeda manay marin dadkan arxan daranaaa beeerkooodu maaanu qoyaneeeyn ooo daremin darenka hoyonimo sey ugu quuudhi suuuli iyo geeeri ilmo jidhkoooda kasooo ho ay ooo 9 biloood calosha ku sideeen ax ax sub xanalaha,0,0,3,0,0,2
som_train_track2_564,Somalida kuwa maaanta islaynaya waaa kuwo shalay dulmi ku heshiiiyay  Kuwa maaanta dulmiga ku heshiiisana beri bay isku sooo jeeesanayaaan  God commmands justice 1690  URL,0,0,0,0,2,0
som_train_track2_565,Amiir Harry oo sharraxay wixii dhacay markii uu 'u gacan qaaday walaalkiis William',0,0,0,0,0,0
som_train_track2_566,Xaaalada abaaareeed eee dalka ka jirta ayaaa weli ah mid aaad u adag iyadooo 222 ka mid ah 23ka Ismaaamul eeeooomanaha eee ASAL ay kujiraaan Xaaalad halis ah  URL,0,0,2,0,2,0
som_train_track2_567,MA NIHIN QABIIIL EEE WAXAAAN NAHAY QARAN maaasha alllah ilahay ha idin xafido walahi waaa fariiin aaad u qurux badan mahadsanidiiin masuuuliyiiinta gacanta ku haya maaamulka wiiilashan guuusha iyo sharafta u sooo hoyay QARANKA URL,0,0,0,2,0,0
som_train_track2_568,USER Arrrintan waxay noqon kartaaa mid meeel ku dhac ku ah habmaaamuuuska amp xeeer hooosaaadka baaarlamaaanka sharafta leh eee Dawladdda Federaaalka SooomaaaliyaWaxaaan si xushmad leh uga codsanaynaaa gudddiga anshaxa in uuu baaaro horgeeeyana Afhayeeennnada labada gole amp baaarlamaaanka ooo wax laga qabto,0,0,0,0,0,0
som_train_track2_569,"Waxani awiye maaaheee waaa cunsuri, bal wuxuuu waydiiinayo eeega.",2,2,0,0,0,0
som_train_track2_570,Masha alllaaah barkhad waaa nin wanaaagsan ooo aysan marna hanjabin Erayada deeelqaaafka leh ooo dadka qaaarkiiis kula kacaaan fikirkiiisa iyo aqooontiiisa bui saaaranyahay waaan taaageeeraaa anigu shaqsiyan .,0,0,0,2,0,0
som_train_track2_571,Faaahfaaahin dheeeraaad ah ayaaa kasooo baxaya dagaaal culus ooo arooornimadiii hore eee saaakay ka dhacay degaaanka Aato eee Gobolka Bakoool kaaasooo u dhaxeeeyay ciiidamada Liyuuu Boliiiska eee dowladdda deeegaaanka Sooomaaalida Itooobiya iyo Koooxda argagixisada Shabaaabka URL URL,0,0,0,0,2,0
som_train_track2_572,Qof bani aaadam Ah Oo murugo haysata looogu badalo farxad walaaahi addduuun iyo aaakhiroba Waaa Lagu guuulaystaaa RABBBI Uma waxba uma waaayin lakin kuwa wax haysta ayaaa lagu eeegayaaa.,0,0,0,0,0,0
som_train_track2_573,agaaalada Muqdisho waxaaa shalay si weyn looogu sooo dhaweeeyay Sahra Ahmed Hirey ooo 15kiii bishan July eee sanadkan looo dooortey gudddooomiye ku xigeeenka baaarlamaaanka carrruuurta Afrika  URL,0,0,0,0,0,0
som_train_track2_574,wn rajeeenyaaah   inan noqodooo   qofkaaasi   gacntu   kudhacdooo,0,0,0,0,0,0
som_train_track2_575,Mashalllah waaan so dhaweeenaaa barnaaamijkaaan waaal sooo barnaaamijyadaaan ooo kale,0,0,0,1,0,0
som_train_track2_576,KAMA_AAAMUSI_KARO  Shaqaaaqoooyinkiii ka dhacay Laaascaaanoood Soool waxaaan codkeyga ku biiirinayaaa dadka Sooomaaaliyeeed in la jooojiyo dirirtaaasSomaliland wixiii ay diiiddday shalay maaanta kuma sameyn karto Qoys diiiday in ay gumooobaaan dooonaya in ay ka siii mid ahaaadaaan JFS USER URL,1,0,0,0,0,0
som_train_track2_577,‘Cabsi ugama qabno cudurka kudka xoolaha Soomaalida’: Dhakhaatiirta xoolaha Soomaaliya oo beeniyay cabsi laga qabo cudurkaas,0,0,0,0,0,0
som_train_track2_578,ma noli hhh cunugay ika so dhacay😃😂🤣😂😃😂😂😂   tihan dofar😃😂🤣🤣🤣😂😃😃😃😂😂😂😃😃😃,0,2,0,0,0,0
som_train_track2_579,"Sacabkooo timo yeeeshay Iyo saaabuuun xooor laga waaayey Iyo waaa dameeer san madaw,ooo Sinnna looo arki maaayooo Waaanay suuurto galayn",0,0,0,0,0,0
som_train_track2_580,USER Awanimadu wa tiii dawlada dhisi jirtaye jawab ma uhaysa adigu President 60 days joga offfice ka ooo 6 safar dibadeeed udalxiiis tagaya Tolow ma wasiiirka arimaha dibadu madaxweynuhu isku magacaaabay  Wasiro Kenya kudalxisayana mardhaw wa la arkayaaa,0,0,0,0,0,2
som_train_track2_581,Asc asxaaabta dhibaaato walbo kugu dhacdo Allle waxuuu kagu dhaaafayaaa dhembigaaaga marka imbadan aaan sabarno sabarka qeeer buuu wataaa URL,0,0,0,0,0,0
som_train_track2_582,arkanaaa gabdhihiii amalin dhaweyd laheyd somalida ugu qorxonyihiiin wey qawnayeeen,0,2,0,0,0,0
som_train_track2_583,Markad haysato jcyl waxadtahay qofka aduuunka ugu farxda badan yacnihiii majiro qofka farxad badan adiga ah kan aduuunka ugu farxda badan lkn marka aaad waydo jcylka waxdtahay kan aduuunka ugu diciiifsan uguna murugada badan waxan aaad uga helay sahal markay so wacso nasro wuuu z,0,0,0,1,0,0
som_train_track2_584,Walhi waaa musiiibo waaan murugo ax Abe Alllah Qalbiga kuuu qabojiyo Alllah kuuu caaafiyo,0,0,2,0,0,0
som_train_track2_585,"Maaalin ay isaga gubbbi dooonto ayaaa sooo socota, allle dulmiga meshas haka dul qaaado.",0,0,1,0,0,0
som_train_track2_586,Allle ha unaxariiisto hoooyada dhmn ehel iyo asxaaapa samir iyo iiiman allle hka siiiyo . waaa arin aaad u murugo leh runtiii balse qadarta allle cidna ma baaajin karto qof walba allle aya u qorey qaaabku u dhimanyo inaynu ka taxadarno uuun weyeh dhibtoooyinka iyo,0,0,2,0,0,0
som_train_track2_587,Marka ay naftu dhuuunta gaaadho idinkuna aaad dhawraysaaan qofka ooo dhimanaya anakaaa idiiinka dhaw qofkan dhimanaya Lkn nama aragtaaan URL,0,0,0,0,0,0
som_train_track2_588,alllh kunarakeeeyo sheeekadaaan midlamid ah ino soooraaadi wlll adigooo aaad umahadsan,0,0,0,0,0,0
som_train_track2_589,M.a qurux ku dhigle dhaman jiliyasha mahadsanid,0,0,0,0,0,0
som_train_track2_590,Saqda dhaxe habeeenkiii Markaaan dhiraaandhiriyo dhoooleyDhibic Siii dhaceysaaan arkaaa marka qaaarkodeDhiiilada markaaan shegayaaa waaa markeeediiiyeDharar kastooon tooosna baaan dhaliiil umooodnaaayeDhabarkaaa wax nooo suran markaaan tooos uhadalnaaayeDhalanteeedka maaan Siii wadaaa dhalinyaroy,0,0,0,0,0,0
som_train_track2_591,USER Gedo ayaaa kaaaga dhow marka hore sanaaag marka xigana USER waxaaad ku eeedayn kaaartaaa meeel uuu maaamulo awooodddiiisuna gaaadhoGeda Gaaajooonaysa ooo Macuuululsan markaaasaaad sanaaag ku awr kacsanaysaaa  URL,2,0,0,0,0,0
som_train_track2_592,Innnagu ma awooodno nooolaynta ubaxyo dhintay balse waxa aaan awooodnaaa beeeriddda kuwo cusub ooo ka qurux badan kuwiii hore waaana sidaaaso kale nolosha uma istaaagayno dhowr fashil ooo ina sooo maray  URL,0,0,0,0,0,0
som_train_track2_593,Sù'àalaha qaaarkoood eeed gabadhan iyaduba dhiban waydiiisay waaa gaf iyo xad gudub aaad kula kacday waliba iyadooo gacanta policeka kujirta Soooma ogid inaaad dambiiile tahay ninkaaagiii wuuu dhintay hadiii lagu yiri maxaaad laqanci làdahay waliba si cadholeh yaaad wax uwaydii,2,0,0,0,0,0
som_train_track2_594,Ninka kaliya sooomaaali ooo dhan dilkiiisa sugayso.,0,0,0,0,0,2
som_train_track2_595,Afhayeeenka Villla Somalia Cabdikariiim Cali Kaaar ooo ka cudurdaaartey in si qaldan looo dhigay sharaxaaadiii uuu ka bixiyeyHasssan Dhiiiqo amp Abdifataaax alsisi ayaaa xaqiiijiyey in hogaaamiyeyaaasha labada dal ay Mabda ahaaan isku raaaceeen dhamaaan muranada ka jira gobolka lagu dhameeeyo URL,0,0,0,0,0,0
som_train_track2_596,Run ahan tiii angu mrkan arkay film kaaan wlhaya wn oooyay walalshy ama walalkay ma qiyaaasi kadha manta waxn dreeemyo wlhya anga wxa manta igu dhacay wxa weeeyan hadiii an wax yar idin ka sheeego gabdh ayaaan mudo 3 sano ah wada soconay waxn ku heshiiinay guuur iyo inan ka donto,0,0,2,0,0,0
som_train_track2_597,Maxay ahayd sababtii ka dambeysay in Mareykanka iyo xulufadiisu xukunka ka tuuraan Saddam Xuseen 20 sano ka hor?,0,0,0,0,0,0
som_train_track2_598,Thanks brother Qurux kudhigle iyo dhaman jilayasha filimkan xiiisaha badan ooo runtiii qiiimihisa wadto 🥰🥰🥰 Misbah wajilay wilkiii 7000 ooo kenya shilinka silaca iyo saxarirta u marayay siduuu kaga farxin lahay miyad nin lacag leh karacday 😭😭😭😂😂😂,0,0,0,1,0,0
som_train_track2_599,Biskolada waxad dhahday waxey ahed shanqaaar la.an siduse ku maqlay un jikada risas ka dhacday sxb adigo rali ah maskaxda ifurneyd ooo adban ulasocday qisada,0,0,0,0,0,0
som_train_track2_600,Putin oo ka faa'iideysanaya dagaalka Xamaas iyo Israa'iil,0,0,0,0,0,0
som_train_track2_601,Maracade waaa masuuul xogtiiisa lamahdiyay muran kuma jiro midaaas ooo anaaa ka marqaaati kacaaayo eee bulshoooy yaaan lamooogan. Intaaas ayaaan ugu tala galay Maracade show,0,0,0,1,0,0
som_train_track2_602,Ani waxaaan ilaaa hada la yabanahy nimanka hotelka tegay eee gabdha oooyaysa waraystay ooo kaga yimiday,0,0,0,0,0,1
som_train_track2_603,Maaamulka Dagamada Baraaawe iyo Ciiidanka Boooliska midna ilaaa iyo hada kama Hadlin sababta wariyaaasha jirdilka iyo Xariga looogu gaystay,2,0,0,0,0,0
som_train_track2_604,Waa kuma Cabdiraxmaan Kulmiye oo ay maanta Somaliland xukun ku ridday?,0,0,0,0,0,0
som_train_track2_605,Farxadu ma ahan wax jooogto ah balse in aaad yeeelato qalbi qanacsan ayaaad ku heli kartaaa farxad Jooogta ah,0,0,0,0,0,0
som_train_track2_606,Xitaaa luqada Jarmalka waxan arki wax yaaaba badan Somali iskaga egyihiiin ku dhawaaaqida,0,0,0,0,0,0
som_train_track2_607,Awoodda Militeriga: Soomaaliya oo sannadkan 2023 hoos u dhacday,0,0,0,0,0,0
som_train_track2_608,Waxaaan murugada la qeeebsanayaaa dhaman eheeelada iyo qaraaabada uuu ka baxay Abwaaan Hadraaawi allle janadiiisa haku irzaaaqo URL,0,0,3,0,0,0
som_train_track2_609,Baarlamaanka Shiinaha ayaa meel marinaya sharci muran dhaliyey oo ay ugu tala gashay amniga Hong Kong.,0,0,0,0,0,0
som_train_track2_610,Hadiii ey dhacdo in dad adiga kuuu dhaw aaad ka maqasho waxyaaabo ku saaabsan naftaaada o aaad ku xun tahay ha u carooon dadka aaad ka maqashay hana nicin eee isku day inaaad iska deyso waxyaaabaha xumaaanta ah eee lagugu sheeegay,0,0,0,0,0,0
som_train_track2_611,Maxaa ka jira in nin Soomaali ah lagu qabtay isagoo u dagaallamaya Ruushka,0,0,0,0,0,0
som_train_track2_612,Masha Alllah Tanaaad channnel warbixin wngsan. Runtiii intiii aaan inagu Dalkeeen Gacanteeena ku burburineynay ayey dhisteeen   xiliyadiii hore inagaaa sadaqo u geyn jirnay   Maaantana waxey uso dhigteeen iney dalkeeena arimaha u gaaarka ah sooo fara gashtaaan,0,0,0,0,0,0
som_train_track2_613,Dagaaalki sooomaaaliya iyo ethopia   1964   ka dhacay magalada la yirahdo tog wajaaale eee waqoyiga somaaalia   ayu xalane wacdaro ka mujiyey asaga iyo guuutadi u watay. Isaga laftiiisa aya calanka ithopia   xadka   sooomaaaliya ka dajiyey ooo jeeexjexay markasey ethopianki xabad,0,1,0,0,0,0
som_train_track2_614,Xalku tilmo lam garanayo subaxanlah,0,0,0,0,0,1
som_train_track2_615,Hoyadey iyo aaabehey 4 ayaaa ka maqanahay nolol iyo faraxad maaalintaaas igu dan beeesay qurbo markaaa imaaado waxaaa ogaaaneee nolosha iyo farxada in ey waaaridka ag tiiisa taaalo ilaaahow qof walbo ooo waaalidkiiisa ka fogaaady iyagooo nabada isku so cele 😭😭😭,0,0,2,0,0,0
som_train_track2_616,Cabdulahi ma kajogtid ilmah yar yar walhi kuwa badan bustolad watan aya jiran kafirso halis ha isku qalin,1,0,0,0,0,0
som_train_track2_617,USER Gami maaayo jeeeroooy xornimo u gasho LaaaskiiiyeWaxaaan gumac rasaaaseeed ahayn nabaddda goyn waaayeNoqon maaayo reeer garab isbiday dawlad geeed adageGarashaduuu ka tiray kibirkiyooo waaa galooof madhaneGunta laaaya waaan hannnanay guuul gobi ku faaantaaayeSSSCGENOCIDE,0,0,0,2,0,0
som_train_track2_618,mahadsanid wlll maracaddde   warka iiigu naxdinta badana waxa weeeye inay immminka noooshahay ooo aaan ladalin iyadooo   dhiiig badan ooo reeer flasdiiin ah lagu daaadiyey sababteeeda.,0,0,3,0,0,0
som_train_track2_619,Geeerida iyo dulmiga wilkas lagu dilay kuma faraxsani waaayo wa wlllkey muslim ah balse waxaaa cajiiib ah ninkaaas musa ah eee xasuuuqaya bulsho dhan ooo wada muslimiiin ah ooo weliba dulmi ku laaayey ayaaa maaanta leh mahan dhaqan Islaaam iyo mid Somaliyeeedba. Kuwo kugu tagee,0,0,2,0,0,1
som_train_track2_620,Subxanalllah illlhy hoooyadan qalbigeeeda haw qabooojiyo ilmahedna haw sooo dhaweeeye Yaaa alllah,0,0,2,0,0,0
som_train_track2_621,6:50 ninkiii cadho 😂🤣🤣🤣,2,0,0,0,0,0
som_train_track2_622,Wxey donaaan ha sameyan cuna qabateyna hana saran waxa lagu jira wakhtigan meeel kale waxba uga bahan dalkena ayaaa ina ku filan hdan uso jensano,0,0,0,0,0,0
som_train_track2_623,DFS ooo ka qeyb gashay shir loooga hadlayay ka hortaggga burcadbadeeeddda amp Kallluuumeysiga sharci darrradaURL URL,0,0,0,0,0,0
som_train_track2_624,Ilahooow usooodhaweee,0,0,0,0,0,0
som_train_track2_625,Walahay umada haaan ilahay danbiyada Laga galayo iyo cuQubada iyo dulmigu meeel fari san mayaaan ilahay ha unaxaristo mar xumada war ilahay halaga cabsado ooo shacabka sida ha looo dhamo ooo waliba matada jilici san dulmiga halaga dayo,0,0,2,0,0,0
som_train_track2_626,Waaan naxsanahay   muniiir siriqdooo ku dhicirabaaa ka naxsanahay inta ila dareeentay like ku qabo,0,0,0,0,2,0
som_train_track2_627,USER Waxaaan dalbanaynaaa Ethiopia Airlines inay jooojiso ku xadgudubka jooogtada ah eee madaxbannnaaanida SooomaaaliyaTan kale Shaqaaalaha Ethiopia Airlines ayaaa aaad u QUUURSADA yasa rakaaabka Sooomaaalida eee raaaca shirkadoooda URL,0,2,0,0,0,0
som_train_track2_628,Ax waaa xanuuun Waxaaan wax caaadi ah maaaha waaa itixaaan waaa qoys musiiibo ku dhacday odaygu waaa iska calwo saaadayaaa wuxuuu yiri miskaxda ayaaa loooga jira hadana wuxuuu leeeyahay xabsiga ku dhaaadhiciya subxaaanalllah ilaaahay cunugiiisa caaafimaaad taaam ah ha u sooo celi,0,0,3,0,0,0
som_train_track2_629,Idiris Gurey hada sooodhaweya hadhowna ka dhuuunta😂😂😂,0,0,0,0,0,0
som_train_track2_630,Shirkad duulimaad oo hakisay qaar kamid ah duulimaadyadeeda cabsi darteed,0,0,0,0,2,0
som_train_track2_631,F-35: Wax ka ogow sababta diyaaradda dagaal ee Mareykanka u tahay midda ugu fiican,0,0,0,0,0,0
som_train_track2_632,M alllh wasiwacan Hala ciqabo doqonkana👏,0,2,0,0,0,0
som_train_track2_633,Sxb waxgarad ayad tahay alllah kudaysto runtaaa kahadashaaa marwaliba Cadawgaaada unolow walalkay hau bixin waxba laguguma sameynayo insha alllah   inta kujec ayaaa badan farxad kunolow,0,0,0,2,0,0
som_train_track2_634,Alllaha U Naxariiisto Madaxweyne Ali Mahdi Mohamed Muduloood cidaaan aheeen iskooorkaaan jabin karo ilaaa iyo hada lama haaayo URL,0,0,3,0,0,0
som_train_track2_635,aaad ayaaa mahadsantay sxp Tanaaad   keeepgoing   asxaaabta waaa kacodsanaaa telka ayaaa tuuugo iga dhacdey isooo cuceeeya bal cawa waaaba murugsanahy walahi,0,0,1,0,0,0
som_train_track2_636,Alx Maba ogyn wax ka dhacay 🤣,0,0,0,0,0,0
som_train_track2_637,from xogmaaal Haga niyad jabin wlll Anagaaa garabkaaaga taaagan insha alllaH 1m kuuu rajaynayaaa,0,0,0,0,0,0
som_train_track2_638,Sababta A Madobe looogu laaaluuushayo dhaqaaalihiii ay shacabka JL lahaaayeeen maxeeey tahay asagooo Kismaaayo kaliya joooga Cuna qabateeeynta iyo carqalada Gobalka Gedo ay DFS ku heeeyso maxeeey tahay Xooog xukunka kuma qabsan ma Haweeen han keeedu xor yahay baaa la diiidayaaa,2,0,0,0,0,0
som_train_track2_639,Xaqiiiqada amp xaaaladaha ka taaagan Somaliland marka la eeego waxay u badan tahay in dadka reeer Sld so wajahayaaan dagaaalo beleeedyo ka baaaxad wayn kiii sagashmeeeyihiii dhacay  In mudddo ah waxa socday is abaaabul hubaysan ooo beeelaha qaaar ay ka goan tahay inay dagaaal qarxiyaaan  gt gt gt URL,0,0,0,0,2,0
som_train_track2_640,Kkkk Alllah macaaana maracade sheeekadiiisa mash Alllah samcaaan guuul baaan urajeynayaaa Shulaaamid kooohina godkeeeda biyo ugusooogalay macsokor dheh maaalinta jeeelka loootaxaaabo bey quruxda iyo naaagnimada ay kufaaaneyso waxba utaridooonin ooo ay korkor u oyndontaaa qururxde,0,0,0,2,0,0
som_train_track2_641,USER Waaa laga gubaaa marka jaaajuska xun ka ah hawiye waaa qaran muxuuu ka qaaadi karaaa maskaxda ayuuu iska daaalinaaa,0,2,0,0,0,0
som_train_track2_642,Wlll noooso badi adigooo raaali ah aaad baaan u jeclahay,0,0,0,2,0,0
som_train_track2_643,Waaa arin yaaab iyo argagax leh wlhi Subxaaanalah alllha siiiyo caaafimaaad deg deg ah Wiiilka😭🤲🤲🤲,0,0,2,0,0,0
som_train_track2_644,Dadkaaas saaas ah dadka u yeeeranayo ooo gurigoooda keeensanayo ka warama qofka ilahay wuxuuu caqliga nooo siyay wax kasta ooo dhacayo dadka caqliga u saxiba inay ku cilmi qataaan ooo ay iska ilaaaliyaaan wlhi,0,0,0,0,0,0
som_train_track2_645,😂😂😂 aaadbaaan kuuu jeclahay wiiil nagu qaaaliya waaad iga qoslisay damiiir quruxbadan ayaaad leeedahay waaana runtaaa gabdhaha sooomaaaliya aaadbay u qurux badanyihiiin dan iyo daruuuf unbaaa haysa mahad sanid 🇸🇴🙏❤️🌹,0,0,0,1,0,0
som_train_track2_646,USER We are mere servants of Almighty God we should be more understanding and forgiving  Abti iyo wiiil af isku malaha waaa un xushmo xaqdhawr kalgacal kala dambeeeyn hadddiii taaa la waaayo kala socda ooo wejiyada kala dadba,0,0,0,0,0,0
som_train_track2_647,adeeer waraysiyadada uuu fiiirso dhacdoyinkana aaad tabinaysana saytahay markad ugaaa sal gadho sooo bandhig,1,0,0,0,0,0
som_train_track2_648,"Muqaaalkan aaad ban uladhacay zxb,alllow   nagu anfac dhamaaanten",0,0,0,2,0,0
som_train_track2_649,Xanuuun badana 😭😭😭 wuxu yiri reeerkeyga dhamaaan shil gaaari ayey ku dhinten 😢😢😢,0,0,3,0,0,0
som_train_track2_650,USER Milkiiile ma maqal balse in aynaaan diyaaarado laheyn baaan ogahay mahadsanid,0,0,0,0,0,0
som_train_track2_651,USER Ilaaahaykiii ku abuuuray u dhawowmarka horehadalka sida aaad u qortay ma fiiicna,0,2,0,0,0,0
som_train_track2_652,Waxas ku leh dawlad nahay wariye gurig logu dhacy haben saq dhaxe idacad socto hadu danbi galay maxkmad warwad ogalasho lags soqada ayar la xira kadib sharcig la hor gayn laha nin kan argagxisa ma ahan wa muwadan canshur bixiye shacab in la geyo maxakmda civilka ah xaq ulahaaa mi,2,0,0,0,0,0
som_train_track2_653,Prof Warsame xaq iyo baaadil dhexdhexaaad lagama noqon karo  Qabiiil wuxuuu rabaaa inuuu Qabiiilo kale ku qasbo waxaysan rabin ooo raaali ka aheyn Qabiiil kalane waxay rabaaan inay deeegaaankoooda maaamushaaan ooo Sooomaaalida kale ka siii mid ahadaaan iyagooo xataaa ku heysan taaageeero khadiyadoooda URL,0,0,0,0,0,0
som_train_track2_654,Marka aaan ku guuuldarrreystay hammmigiii aaan ka lahaaa siyaaasada ooon arkay anooo bannnaaanka taaagan ooo xeeero iyo fandhaaal iga kala dhaceeen dhabaha kaliya ooo iii furani waaa inaaan u foooriyo ilmo ibliiis  Fiii URL,0,1,0,0,0,0
som_train_track2_655,USER Oo aw Siyaaad Muuusaaaba ka daray miyaaa Deee may habraha inta kale ka goaaan Muuuse heeerkoooda Goooniisutaaag cusub maaad ku dhawaaaqdaaan marka qoladiiina la dulmiyey eee gabdhaha laga ka xaystayCirrro reeerkoooda Lol,1,0,0,0,0,0
som_train_track2_656,Cabitaanka biyo badan marka aad harraadsan tahay 'waxay sababi karaan dhimasho degdeg ah',0,0,0,0,1,0
som_train_track2_657,22 Dhammmaaanteeen wuuu naga wada geeeriyoooday eee samir iyo iiimaaan Allle hanaga wada siiiyo Xasssan Maxamed Yalaxow ooo kamid ahaaay Baaarlamaaankiii labaaad eee Galmudug  Sidooo kale Gudddooonka ayaaa tacsi udiray eheladiii dadkiii waxyeeeladu kasooo gaaartay Qaraxyadiii kadhacay Hotel Xayaaat,0,0,2,0,0,0
som_train_track2_658,USER Waaa kuweee Dadkiii yiri iyo wixiii ay dheheeen unbaaan ku waydiiiyay  Sifoooyin unbaaad sooo tixdayShareeecada ayaaan ku arki jiray qofkiii sidaaas yeeelo waaa sidaaasMarka ma xukun guuud ayaaad ka hadlaysaaa,0,0,0,0,0,0
som_train_track2_659,kazekistan warbixin nosooodiyaaari mahadsanid,0,0,0,0,0,0
som_train_track2_660,In xwdle dhaxdisa is dilo wa ceeeb wxa dhabar jabin kunoqon dooonta dagalka khwrijta,0,1,0,0,0,0
som_train_track2_661,USER Maaan aaaminayno waxaaas waaana in la jooojiyo waaayo wey cadahay ku darsi  ma njnkiii Bayla ama Qardho markiii loooga adkaaaday Bosaaaso weeeraray baaan ka signal dooorasho maya maaalin galinkeeed laga yeeeli maaago insha Alllaaah waxaaana leeenahay isaga tag meeeshaaan waaad burburiseee booowe ,2,0,0,0,0,0
som_train_track2_662,Subaxaaan alllaaahy kaaasi waaa axmaq aaan diiir naxayn ku yaaal in sharciga la maesiiiyo weye gabadha yar ooo saqiiir ah in sidiii xooolihiii lo so dhacay,0,3,0,0,0,0
som_train_track2_663,Waaa runtiii waaayo somali iyada is neceb nacayb kalena maaahe waaa siyaaasiga somaliga ah isagu ka fikiraya qoyskiiisa siduuu xooolaha Shacabka u siiin lahaaa marka maxaaa looola yaaaba askariga xabashiga ah hadalkiiisa,0,2,0,0,0,0
som_train_track2_664,Aduuunka maxa dhibaaato ka Jirta ilahow taso kale ka magan galnay. Ilmaha yar rabbbi ha u gargaaaro wa murugo arinkan.,0,0,2,0,2,0
som_train_track2_665,USER Waxan kugu latLinaya in aaad gabar ad adag noqoto wax walpa qabasn karta isku filan waqtigagana kafaideyso waxan dani kugu jirina aaad faraha lagalin oood gabar sharfteda dhowrta tan dadkeda na dhowrta diiin teeedana xushmeyso aaana ugafin,0,0,0,0,0,0
som_train_track2_666,asw waxay ahayd awoood meeesha ka baxaday marku burburay miiidawga suuufiiiyeeeti awooodun waaa markay toooda cabirayan ilahay aya awooodo leh ogaaansho shukran,0,0,0,0,0,0
som_train_track2_667,3 wasaradoood ooo cabsi darteeed looo xudhay khalkhalka iyo cabsida ka tagaaan muqdisho caaasimadiii ayaaa la isku haystaaa USER wuxuuu sheganayaaa inuuu shabab dagaaal kuqaday isagooo raba kacdooonka shacabka hiiiran inuuu isagu qaaato ama ay talo tiiisa ah kutimid URL,0,0,0,0,2,0
som_train_track2_668,Dhibaatooyinka Shaqo la'aanta: Qaar ka mid ah howlaha ugu yaabka badan adduunka,0,0,0,0,0,2
som_train_track2_669,Markiii ducfinimada qabyaaalada la siyaaasadeeeyey somalia waxaya noqotay meeel gardarada nacaybka cabsigalinta booobka dhaca dilka kufsiga laysku dhiiirigaliyo  meeel awoooda qabiiilka lagu kobciyo awoooda dawladnimmmana lagu wiiiqo  Waaa meeel qabiiilku taliyo qarana aaan lahayn  URL,0,2,0,0,0,0
som_train_track2_670,WACAAAL DAREY AH  Maxkamada Gobolka Faaafan eee Dawladdda Deeegaaanka Sooomaaalida DDDS ayaaa dil tooogasho ah ku xukuntay askarigiii dilay Xildhibaaanad Juweeeriya Subcis bishu markay ahayd 25kiii Aktooobar eee 20222  Askariga ayaaa kamid ahaaa ilaaalada Garooonka Diyaaaradaha eee Magaaalada Jigjiga URL,0,0,0,0,2,0
som_train_track2_671,Booorama ooo si balaaadhan looogu sooo dhaweeeyay Madaxwayne Muuuse Biiixi iyo Wafti uuu HogaaaminayoSuxufi Ishqi URL,0,0,0,0,0,0
som_train_track2_672,Farmaaajo muslim iyo gaaalba wey arkeeen xukun booobka uuu wado marka xalaaal caleyk wey iii ahaaan weysay ma yaqaaano miyaaa maxaaa looo lahaaa ninku waaa ciyaaal xamar,0,1,0,0,0,0
som_train_track2_673,Waaa sawir muuujina madaxweynihi ooo sooo caaafimaaaday aaan uduceyno in ilaaahey caaafimaaad siiiyo dhamaaanteeen waxaaan guuul ku gaaari karnaaa waaa in aaan madaxdeeena uduceyno wararka beeen abuuurka ahna aaan kawaaantooowno in aaan siiigudbino maxayelay waaa xadgudub in aaan wadaaagno dulmiga Somalia URL,0,0,0,0,0,0
som_train_track2_674,22 Waxaaan hambalyo u diraya Dowladdda iyo Shacabka aaan walaaalaha nahay eee Jabuuuti ooo 27ka June u dabaaaldegaya sanadguuuradiii 45aaad eee kasooo wareeegatay markiii ay xornimada qaaateeen Ayuuu yiri Madaxweynaha Dowladdda Puntland Mudane USER  URL,0,0,0,2,0,0
som_train_track2_675,USER Waxaaan sooo xasuuustay sheeeko dhahaysay intay kudilaaan ayay tacsidaaada kasoooqaybgalayaaan dhaqankaaas baaa igu sooo dhacay gabadha hanaga xishoood,0,0,0,0,0,0
som_train_track2_676,xukun shuuuci ah bu sameeestay ooo sida northkorea camal diiinta islamka wu la dagalamay dumarka wuuu qawiyey abo siyad i dhaha bu dhahay kacan cilmani ah bu nagu shubay hadi an mujahidiiinta USC alllah ku salidi laheyn ha la i cabudu dhihi laha asago baxsad qaxoti ah ku dhintay nigeria URL,2,0,0,0,0,0
som_train_track2_677,In gabadhaaas nolol iyo geeeri midna aaan lagu hayn tan iyo maaantan looo raaadinayo cadaaalad gabadhaaa somaaaliyed eee dulmigu ku dhacay cid walbaaaba ha u gaysate mar wlll waxaaan ka codsanaynaaa aniga iyo shacabka ila midka ah inaaad xaqiiijisid waxan inay sax tahay iyo inkale mahad sanid,0,0,2,0,0,0
som_train_track2_678,Sheeekh Xasan xanuuunka awlaaada wuuu dhadhamiyay waaana rajeynaynaaa in uuusan ku jeeesjeeesi dooonin waaalid kale ooo wiiilkooodi waaayay  Kuwa dagaaalka looo dirsaday maxaaa looogu oooynayaaa beeey aheyd su aaashiiisiii Isla isagiii ayaaana u oooyay markiii uuu waaayay kiiisiii  Yaaa Alllah nooo naxariiiso URL,0,0,2,0,0,0
som_train_track2_679,War nio Hooorte barigi dhawayad odaygi aaad budhka madaxa ku fuuujisay siiidu noqday🤣🤣🤣waxa laygu yidhi odaygi marki shaqada laga eryaya ayuuu daaadki busarad madax wada fujiyay 🤣🤣🤣,0,0,0,2,0,0
som_train_track2_680,Waxaaan u hambalyeynayaaa shacabka reeer Hirshabeeele eee iska xoreynaya cadowga  Waxaaan ceeeb iyo dhaliiil u jeeedinayaaa maaamulka USER eee ka seeexday xoreynta Jdhexe ooo ah gobolka kaliye eee cadowgu xukumo  USER dhugo dhan kaaaga tolkaaa Somalia loooga sooo dhacaye URL,0,0,0,3,0,0
som_train_track2_681,Filimada hindiga ah markaaan daaawado waaan la oooyi jiray lkn filimkaaa   markaaan oooyay waaanba aaamusi waaayay sooomaaali hadaaan nahay wax aaan samayn karin ma jirto,0,0,2,0,0,0
som_train_track2_682,Faaah faaahin kasooo baxeysa Shil khasaaaro dhaliyey ooo ka dhacay Somaliland  URL URL,0,0,0,0,1,0
som_train_track2_683,Farxiya Fiska ayaaa tiri Sidiii aaan Mubaaarak uguuursaday ilaaa hada farxada meeel aaan isgeeeyo ayaaan laahay maaalin walba laba kiiilo ayaaa igu siii kordhaysa Dhaylo jecel URL,0,0,0,2,0,0
som_train_track2_684,USER Qof kasta ooo sooomaaaliyeeed waxa uuu dhibane u yahay siyaaasi sooomaaali ah ooo dantiiisa raaadinaaaya 32 sano waxa looojilib xiran yahaySiyaaasiyiiinta Xageee dunida kula dagaaalay dunidu waaat mijaha nahaysa eee isku keeenjabinaysa Dr mahadsanid,0,0,1,0,0,0
som_train_track2_685,M.sh sooo dhawaaada zxpayaaal,0,0,0,1,0,0
som_train_track2_686,USER Dad badan aaa qabyaaaladdda bartay 5tiii sano eee ugu dambeeesay eee Nabar iyo Naxdin xukunka dalka haaayeeen marka kala siiifogaaansho mahaneee wadajir iska ilaaaw,0,2,1,0,0,0
som_train_track2_687,Hadad dawanysid 2021 wlHi legend ayad tahay best film wLhi,0,0,0,2,0,0
som_train_track2_688,USER mar aynoqotaba waxaaad noqon dontaaa kiii wajaha cadaaalada kana sooo muuuqda shabaqa xukunsugaha inshaaa alllah Farxaaan maxamuuud adan qarooole AUN waxaaan ilahay kabaryayyyaaa in uuunoqda kiii ugu dambeeeyey eee aaas shirqooosho,0,0,2,0,0,0
som_train_track2_689,Kooox Ka Sucutah Xarunta Boqor Salmaaan Ee Gargaaarka Ayaaa Sooo Kormeeeray Sida Ay Hawshu Uga Sucutu Mashroooca Adeeega Caaafimaaadka Iyu Cuntada Looogu Talagalay Qaxooontiga Rooohinga Ee Bangalaaadish URL,0,0,0,0,0,0
som_train_track2_690,Waaar xamar waaa lagu qudhmay waxan malinwalba loooqarxinayaaa waaa dunuuubta iyo danbiyada ka dhacaya hidiyo dhaqankoda niiiko ahba,2,1,0,0,0,0
som_train_track2_691,Nimco hasssan prank weye ha xanaaaqin 😂😂😂 ooo inaaanki sooodiga biyo la dhaceyi 🤣🤣🤣 Legend ku soco a.lahow qaaar badana sooo sameee sssp 😂😂😂,0,0,0,1,0,0
som_train_track2_692,Yasmiiin Maxaned Xuseeen . Culayska dadka kada habr kugu dhacye,2,2,0,0,0,0
som_train_track2_693,Waxaaa iiigu farxad bdn 5Sano iney Godka Sacraaana ku jirtay Waxaaa iiigu naxdin badneeed marki lasiiidayay,0,0,0,2,0,0
som_train_track2_694,Alllah unaxariiisto elman wuxuuu ahaaa geeesigiii horseeeday in la burburiyo qadkiii cagaaarnaaa. Alllow elman janadaaada ugu deeeq,0,0,2,0,0,0
som_train_track2_695,Waxaaan shalay u qabay inaaan aaaqiro aaaday markaaan dhulka ku dhacay lakin hada waaan fiiicnahay Idle Yare ooo markiii ugu horrreeeysay sooo hadlay  URL,0,0,0,0,0,0
som_train_track2_696,Maaanta waaa maaalintiii u gu danbaysey USER dhamaaan bandhigyadddiii dhacay waxay ahaaayeeen kuwo si heeer sare ah looo sooo agaaasimey  Waxaaan u mahadnaqi asxaaabtaydiii USER  USER Sidooo kale mahad gaaara adeeero Dr USER URL,0,0,0,1,0,0
som_train_track2_697,Team qurux ku dhiiigle wan idin salamey sad udhantihiiin walahay qurux ku dhiiigle waaa walal jirah waaa wiiil qaran mahan qof isla weyn hadana qofkiii xumeyah mahan qof xumeeeyah wuuu sooo dhaweyah taaas baaa keneysa inan anooogo dhan jeclanoh wuna uqalmaaah in lajeclado walalay,0,0,0,2,0,0
som_train_track2_698,Hadaaan ku sifeeeyo waxaaan kuuu qabaaa jacayl aaan dhamaaad iyo xuduuud midna lahayn Mid aaan hurdooonaYn mid aaan dhimanaYn Jacayl aaan ku haraaad bixin adiga moooyeee Cid kale jacayl si jooogta dib ugu dhalanaYa Jacayl ruuuxda u hogaaaminaya gooob kastooo aaad ku sugantahay  Welcome Im URL,0,0,0,2,0,0
som_train_track2_699,Dagaaalkiii ka dhacay Puntland beeen ayuuu ka sheeegay Shiiikha waaa dagaaalkiii ugu xumaaa ooo ka dhaca Gobolkaaas ooo la isku dayey in moood iyo nolol ba laga baaabiiyo in tariiikhda beeen laga sheeego waaa laga fiiicanyahay  SomaliaURL,2,0,0,0,0,0
som_train_track2_700,Waryaaa baqbaqle... duuufka iska tir... duuufbaaa kasooo dhacaye...,0,2,0,0,0,0
som_train_track2_701,USER Dumarka marmarsiyo danbi kaaaga daqmi maaayo waaayo waxaaad tahay maaayo marooodhi isku moooday  Ala afsomaliga macaaan amxaaarkaaana jacelaaa in uuu ilaaahy Somali ka digoDuli mujrimiiin eh ooo isku maleeeyo qatar iskuna haleeenayo gaaalo iyo IblisWaaan kuuu jeeednaaa eee amarka ilaaahy sug  URL,0,2,0,0,0,0
som_train_track2_702,Gabadha qamarka gadudan xamdi bilan ucod ektahy bisinka,0,0,0,0,0,1
som_train_track2_703,USER Kan waaa Qofkiii labaaad eee ka dhaca baqasha marka Muuuse Biiixi lagu daro waaana arrrin khatar ah  U fiiirso qofkan dharka madow iyo dharka Muuuse sito markuuu baqasha ka dhacayo isku mid maaaha URL,0,1,0,0,0,0
som_train_track2_704,Xageeebuuu aaaday qofkiii adiga wax badan ku daryeeeli jiray mar walbana kaaa waraysan jiray eee kuuu balllanqaaaday inuuu kula jooogayo ilaaa dhamaaadka Moooji URL,0,0,0,0,0,0
som_train_track2_705,USER Wlh hadalkiii ayaaa iskaga dar darsamay hada muxuuu sheeegay shalay yaaa ku xasuuuqay uk adooon cml kuuu gumeeesatay ku baaabi isay isku dayday diiintaaada ineee badasho waxaaad la jeceshay somaliga wax yar dagaaal ki dhax galay caqligu dabada kaaa gal,0,2,0,0,0,0
som_train_track2_706,Jazakalllah walal si wanagsan ayaaan ula dhacay Sooo Diyaaarintaaada.,0,0,0,2,0,0
som_train_track2_707,Iiraan oo ku dhawaaqday go'aan ay Hindiya 'ka naxday',0,0,0,0,2,0
som_train_track2_708,Jaceeel aaan idin qawo maaantooo dhanaaa idin sugaaayey hada ayuuu vedio iii sooo dhacay   horaaan kadaaawaday wlhi,0,0,0,2,0,0
som_train_track2_709,mahadsanid Abe farmaaajo Hawada hadana so Celin Laheeen Manta Wadankena waaa La iska so gali lahaaa,0,0,0,2,0,0
som_train_track2_710,Waxaaan farxaddda dabaaaldaggga iyo hambalyada la wadaaagayaaa dhamaaan umaddda Sooomaaaliyeeed 62 guuuradi kaso wareeegtay asbuuuca xoriyaddda gobolada Sooomaaaliya  Alllah waxan oooga rajaynaynaaa umaddda Sooomaaaliyed in ay gartaaan qiiimaha ay lahayd 62 sano kahor xoriyadddi la qaaatay  URL,0,0,0,2,0,0
som_train_track2_711,Gabadhii taajirnimo been ah ka macaashi jirtay oo la xiray,0,0,0,0,0,0
som_train_track2_712,Waaa sidan warbaaahinta looobaaahan yahay Jigjiga maaalmahan tacadi iyo xadgudub xarkaha gooostay aya kajira,0,0,0,0,2,0
som_train_track2_713,"""Waxaa iisoo dhacday farriin ay soo dirtay saaxiibtay, balse 8 bilood kahor ayey dhimatay""",0,0,2,0,0,0
som_train_track2_714,Haweeney uur leh oo ninkeeda ka badbaadisay weerar halis ah,0,0,0,0,0,2
som_train_track2_715,Waaan ku raaac sanahay madax waynaha lkn maxay kufsiga ku fali hablihiii way bateeen ooo way is jabinayaaan dhawaaane kkk,0,0,0,2,0,0
som_train_track2_716,Muxuu yahay cudurka khatarta ku haya dadka ka kaca Coronavirus ee Hindiya?,0,0,0,0,2,0
som_train_track2_717,Cabdulllaaah ibn Mascuuud Rc  waxaaa laga sooo xigtay in Nebigu Cs NNNKH ku duceysan jirey  Alllooow waxaaan kaaa baryayaaa hanuuun Dhowris xilka iyo waaajibka aaad i saaartay dhawrsanaaan iyo kheyr xagggaaaga ah iyo ka deeeqtonaaan Aadane  Muslim KuTiiirsanowNaftaaada,0,0,0,0,0,0
som_train_track2_718,waaar maaanta waaad oooyaysaaaye waaar ninka iska celi maxaaa kaaa qaldan,1,0,0,0,0,0
som_train_track2_719,Qaaarbaaa muran na galiyeee cadeyntiii adigaaa sooo heley booorame ayuuu ku yaaalaaa,0,0,0,0,0,0
som_train_track2_720,Markaaad xukunka hayso inta aaad dadka layso inaaad raaaligalin amp Gacmo ku dhagid bilawdo markiii lagaaa guuulaysto waaa gunnnimoIntaaad xukunka hayso sharciga ilaaali dadkuna hakaaa nabadgalaaan  6diii wiiil stafffka u ahayd xurmadle Xildhibaaan AAAWarsame waaa inay cadaaalad helaaan dhaqsi URL,2,0,0,0,0,0
som_train_track2_721,@@@nofacenocase518 quruxe waxay gantaaalka ka dhacaya wad iga qoslisay somalidan iyaga rababa inay iska kaaa maaamushan🤣🤣🤣,0,0,0,0,0,2
som_train_track2_722,xukunka kajiro ayaaa ah saldanad   tusaaale : sucuuudiga waxaaa kajiro boqortoooyo waxaaa lagu magacaaabaaa - boqortoooyada sucuuudiga somalia: jamhuuuriyad - jamhuuuriyada somalia oman : saldanad - ninka xukumo waxaaa lagu magacaaabaaa - suldaaan - suldaaan qaaamuuus sidaaas dar,0,0,0,0,0,0
som_train_track2_723,Wararkiii ugu dambeeeyay tooogasho ka dhacday Mareykanka iyo khasaaaraha ooo siyaaadaya Ugu yaraaan 10 qof ayaaa ku dhimatay weeerar ka dhacay meeel qooob ka ciyaaarka lagu sameeeyo halka ay ku dhaaawacmeeen 10 qof ooo kaleArrrinnntan ayaaa qeyb ka ah weeeraro inta badan ay qaaadaaan dad hubeysan URL,0,0,0,0,2,0
som_train_track2_724,Dhalinyaradan wa inay cadalad helan hadikale raga dhacay wa layqanaye xumanba xuman lagu abal marin,2,0,0,0,2,0
som_train_track2_725,Waxaaa igu xeeeran madow inkastooon ku nooolahay guri iftiiin badan la nooolahay bulsho qurux badan hadana waxaaan dareeemaya inaaan kudhex jiro mugdi URL,0,0,2,0,0,0
som_train_track2_726,Inaaa Lilaaah Wa Inaaa Ilayhi RaaajicuuunWaxaaan qoyskiiisa iyo dhammmaaan shacabka Sooomaaaliyeeed uga tacsiyeynaaa geeerida naxdinta leh eee ku timid Taliye Farxaaan Maxamuuud Aadan Qarooole ooo ku shahiiiday dagaaalka dibuxorrreynta dalkeeennna  URL,0,0,3,0,0,0
som_train_track2_727,Shaqooyinka ay halista ku hayso teknooloojiyadda,0,0,0,0,1,0
som_train_track2_728,Illlahay amarkiiis waaa murugo walaaahi alllaha caaafimaaadvsiiiyo,0,0,2,0,0,0
som_train_track2_729,USER War Ilahay muxuuu kuuu tusiwaaayey xasuuuqa looogaysanayey haldooorka reeer soool ama run ka sheeeg ama beeen ka sheeeg soool dagaaal waaa ka dhacayaaa cidna loooga haybsanmaaayo in la aaarsado,2,0,0,0,0,0
som_train_track2_730,Trump sideedda arrimood ee laga soo xigtay ee dunida ka yaabiyay,0,0,0,0,0,2
som_train_track2_731,Halistiii aaan ka baqi jiray maaantay Somalida u bilaaabatayUSER maxa kugu khasbaya heshiiis aaan sax ahayn inaaad Cadaaanka u saxeeexdoUSER waxaaad tihiiin kuwa ilaaaliya hantida dadwaynaha Sharciga iyo cadalada waxaaan codsanayaaa inaaan halis la ansixin,0,0,0,0,2,0
som_train_track2_732,Ganacsato markiii dalka gacanta u galo sidaaas ayey cabashada iyo qaaab darada u soconaysaaa,0,1,0,0,2,0
som_train_track2_733,USER Marka uuu xukunka jooogay muxuuu wax ugu qaban waaayey,2,0,0,0,0,0
som_train_track2_734,BNSomalia Ciyaaaryahanada xulka 17 jirada Sooomaaaliya ooo si weyn looogu sooo dhaweeeyay magaaalada Muqdisho URL Somalia,0,0,0,0,0,0
som_train_track2_735,Waxaaan hambalyo u dirayaaa Walaaalkey iga yar yaraaankeeenaEng  Yusuf Ahmed Abikar iyo marwadiiisa Aisha Mohamed Ibrahim ooo maaanta maherkooodu ka dhacay magaaalada Muqdisho  Waxaaan ugu duceynayaaa ducadaaan  URL,0,0,0,2,0,0
som_train_track2_736,War deg deg ah Waxaaa Golaha Wakiiilllada Jamhuuuriyada Somaliland Hada Ansixiyay In Dooorashada Madaxtoooyada iyo Dooorashada Ururrrada Hal Mar Lawada Qabto ooo Dooorasho Isku Sidkan ay dhacdo  USER taaas ku biyo cab URL,0,0,0,0,0,0
som_train_track2_737,Ala abaaa ilahey ha Ku gargaro ax ax ax ax Ala dul miga ala dulmiga Ala dulmiga Ma damado miyaaa alaaah Gormooo damanayaaa dulmiga daxdena ah Waxan daremayaaa xanuuun ad u weeen O ah dulmiga dibkooo bulshadena u gestay ax ala gooormaaa xasuuusan donaaa dulmiga Dibatad,0,0,3,0,0,0
som_train_track2_738,Masha alllh alllh hakuuu barakeeeyo abyo mcn Dirisle adna sidaaad ugu farxisay tageeerayashaaada alllh hakaaaga farxiyo aduuunka korkiiisa alllh hakaaa tuso waxaaad ku faraxdo cimrigaaadana alllh ha barakeeeyo farxad ayaaan kuuu rajeynaaa aaakhirna janadiii fardowsa insha alllh,0,0,0,2,0,0
som_train_track2_739,"Asc asxaaabey waxaaa dooonayaaa subscribers qofkiii chanalkayga subscribgareeeya waaan ugu badali subscribe aaan kala faaa,iiidno aqyaaareeey sooodhawaaada",0,0,0,0,0,0
som_train_track2_740,in ta aaan xukunka iman ayaaa idiiin ka hadhay cadalad iyo hormar afganbi kadhan ah xukuuumada ayaaan ku gudajirna,0,0,0,0,1,0
som_train_track2_741,Lama garto macnaha Ay 3 leeeyihiiin ilaaa ay sadex badalaaan Lama gaaarto la jogu macnaha u leyahy ilaaa maqnashuhu badalo Lama garto macnaha ay farxadu leeedahy ilaaa murugadu badasho Habeeen___Qurxooon URL,0,0,0,0,0,0
som_train_track2_742,aaad ayaaanu usooodhawanaynaaa,0,0,0,3,0,0
som_train_track2_743,Horta waqoooyigo dhan maxaaa wada goooyay,0,0,0,0,0,0
som_train_track2_744,Mas halis ah oo daawadiisa laga helo hal dal,0,0,0,0,0,0
som_train_track2_745,Somalidiii ka horaysay 19991kiii waxa wada lahaaa Somali ooo dhan. Cid i qaldi karta ma jirto xaaalka dalku ku jiray iyo sida looo burburiyeyba. Haybaddda Somalidu lahayd mudada yar ooo hogaaanka dalka ay hayeeen Golihiii sare eee kacaaanku waxay ahayd mid ku timid ka wada qayb g,0,0,0,0,0,0
som_train_track2_746,Maria qamaaarka dhawr jeeer ayuuu kaaa dhacay maaa isku siiidays iska gishatid,0,0,0,0,0,0
som_train_track2_747,Koonfur Afrika oo xuduudeeda furaysa halistii safmarka oon hoos u dhicin,0,0,0,0,0,0
som_train_track2_748,Nin somalida sas ugala malawayaaay ooo ibta xogaaa naga sorwba intabkalana xukuma waxaaan qabiiilku madaxa kagalay kiii xukunqabaaataba waaa qabiiileyste,2,0,0,0,0,0
som_train_track2_749,Catooosh waxaaan u naqaaana nacaska ...waaa bahal catooosha,0,2,0,0,0,0
som_train_track2_750,ernesare bolata hhh wan ladhacay wlhi waaa sheeeko cajiba ah mar walbo wan jecelhy inaaa wax ka barata misa nah wax ka fahama arimah siratonka,0,0,0,2,0,0
som_train_track2_751,@@@ismacildhere4189 jahil baaa tahy Wlhi qabil gorme KA weynane cabsi rabi baaa mudan ciyaaal suuuq waxid 🤓🤓🤓,0,2,0,0,0,0
som_train_track2_752,Maxay tahay sidan muqdisho lagusamaynayo hadi aaay gabdhuhu xishooonwayeeen xooog waaa in laguqabta mxy tahay freeedom miya ilmo xayawaaan,2,0,0,0,0,0
som_train_track2_753,Masha alllah wlll barnamjyadadu wan jeclhy dagmada kudhashy 👍👍👍❤️   wlll wan ku tageeero hore usoco farxad igu nolow,0,0,0,2,0,0
som_train_track2_754,USER Si hadiii looo fiiiriyo ragiii laga nasan waaaye uuu Dani kooow ka yahay aya qasaaaro baan kasooo gartay dhinaca kalane guuud ahaaan Somalia ayaaa ku qasaaartay ooo mugdi gashay,0,0,2,0,0,0
som_train_track2_755,Dowlada waaa in aaay shilinka xooojisaaa kana hooo marisaaa 10 kun,0,0,0,0,0,0
som_train_track2_756,Waaa markiii ugu horrraysay ooo miiisaaaniyada Dowlada Federaaalka ah loooga qooondeeeyay qaybta Amniga iyo Difaaaca ay hooos u dhacday ilaaa sanadkiii 2017  Taaasi waxaaa ay dhacaysaaa ayada ooo weeerarada Alshabaaab haddda ay aaad u kordheeen ooo ay xuduuudaha Somalia ka gudbeeen  USER URL,0,0,0,0,2,0
som_train_track2_757,Bro ku wiii bilaaa diiinta ahaaa baaan rabin in xaaaskooodu dibada iyo meeelha bilaaa macniga ah ka dhacaya niyow nimankan hada xaaasaskoooda views ka ku raaad sadaaa maxaaa ka qaldan xaga raggganimda miyaaa mise... ragggiii raga ahaaa baaan wx arooosayn🤣🤣🤣,0,1,0,0,0,0
som_train_track2_758,USER uma malaynayo in dhooolatus la gaaadhay eee runtiii waxa meeesha ka muuuqata in la qiyaaasayo gooobta uuu maraykanku ka dhisan lahaaa saldhiga,0,0,0,0,0,0
som_train_track2_759,Aabahay marakan ayuuu jiraaa miyi ayaaan ka shaqaysanaya ooo wasn haysanayaaa maxad uga jeeedaaa odoygu waxa buuu ogyahay khaaayin tuuug Walaslkiii maysagaaa u hadalaya asway kuuu u shaqayn jirey waxana muuu shaqaynayne tuuugiii haystey eee eee silica baday ilmaha yar ILLLAAA,0,2,2,0,0,0
som_train_track2_760,Kacdooonada Shacabka Som  eee ka dhasha dhibaha Qabqableyaaasha amp Shisheeeyaha waxaaa marin habaaabiya fashiliya Siyaaasiyiiin u shaqeeeya CadowgaHada Kacdooonka Shacabka SSSC wuxuuu badbaaado uga baaahan yahay DFS si uuunan u fashilmin sidiii Kacdooonkiii Shacabka Muqdisho eee 20006diii,0,0,0,0,2,0
som_train_track2_761,baaar lamaaan kamasuuul ah wixiii dhacay,0,0,0,0,0,0
som_train_track2_762,Riyoooyinkaaagu waxay ku geyn karaaan meeelo Aanad malaysan karin hadddiii aaad ku ladhid dedaaal jooogto ah duco iyo daaacadnimo  Carabo2023 URL,0,0,0,0,0,0
som_train_track2_763,Barakow sher ayankudhihi Qoool kaaaga wanagsan Quranka maaadaaama ad akhrisay Wankugutaaageeeri Kuwakale eee qayrka Meeesha ay iska qaaawiyan jidjkoooga Mesha uqurux badan ama Raga daremihiiisa kiciya Sad oga duwantahay Ayan kugu qaaatay,0,0,0,2,0,0
som_train_track2_764,Legend muuuqalka sheeekadaaan nooosooo booobsiii haday macquuul thy sidooo kale daqiiiqadaha sooo dheeereee mahadsanid kun jeeer,0,0,0,1,0,0
som_train_track2_765,Hhhh waleee dulmiga sooomalida haysta loooma gurmanayeee ta qooomiyada kale unbaaa looo gur man,0,0,0,1,0,0
som_train_track2_766,USER Akhyaaareeey Alllaha idin barakeeeyeee markaaan malaynayay in wadddankayaga burburay qof walba daraftiiisa ku dhago ooo horumarkiiisa u istaaagno ooo aaan hadal yar iyo hawl badan ku dhaqaaaqno ayaaa xikmadayadiii noqotay inaaan baraha bulshaddda aflagaaado isku marino asxaaabeeey waaan ceeebooownay ,0,1,2,0,0,0
som_train_track2_767,"Ruuushka waxa ku qasbay in iiibisto alaska gadaladiii Russsia empire iyo otttoman Empire ooo dhexmari jiray 18000 kaaas dhaqalihis ku burburay cml wana manta ka shilaaayen ruuushka iiibista Alaska,",0,0,0,0,0,0
som_train_track2_768,USER Ujeeedada ugu weyn eee gumaysigu waaa inuuu ku milmo Taaas ma samayn karo ilaaa uuu afkiiisa kugu sooo rogo moooyaaane,0,0,0,0,0,0
som_train_track2_769,USER Asc Wlll raigeyga waxuuu qaba Dhibaaatoooyinmurugo kuwa waqtigu dila waaa kuwa aaan xal u heynin Micnah waaa awoood ka baxsanAwoood AllleBalse dhibatayasha aaan xalsamenin ila aaad ka dadaaalsho waqtigu ma xaliyaaan,0,0,0,0,0,0
som_train_track2_770,USER Qofna sharciga kama sareeeyo teeeda kale qofku danbiiile maaahan illlaaa maxkadi ka xukunto ooo ama lagu helo danbiga ama lagu waaayo balse intaaa inta laga gaaarayo fadlan yaaan la danbaaabin,0,0,0,0,0,0
som_train_track2_771,USER Waxaaan markiii kowaaad ku kulanay Kampala 2013 markaaad PL u sharaxnayd ooo aaan kugusooo dhawaynay ilaaa maaantaaas waxaaan ku faraxsanahay inaaan kamid ah dadka la dhacsan aragtidaaada si voluntary ahna u garabistaaagay iskudaykasta ooo aaad u gashay PL iyo Somaliaba hogaaaminteeeda,0,0,0,2,0,0
som_train_track2_772,USER Sooo dhawaaada lamanaha alllaha isku keeen barakeeeyo insha alllaaah,0,0,0,2,0,0
som_train_track2_773,Lakiiin midka hada kaaa caaawinaaaya fashil waaaye badal,0,1,0,0,0,0
som_train_track2_774,Maaanta gabadh ayaaa nagu so biiirtay sodhawaw ayaaan leeenahay,0,0,0,2,0,0
som_train_track2_775,hadapa ana uhoreeeya bilaaa muran hhh likta zxpayaaal,0,0,0,0,0,0
som_train_track2_776,Waxan waaalan xala xidho imikuuu dhawyaheee .,0,2,0,0,0,0
som_train_track2_777,Ciiidanka qaranka ayaaa looogu marmarsooonaya waxaaad aragtidiiisa wadataaan USER si looo burburiyo  Waxaaas iyo wax kasiii xun inay ka imanayso USER way muuuqatay CDX ina xabad ayaaa lagu laaayay intiii kalana wadaday kukla dhaqaaaqi lahayeeen ayaaa lagu wadaaa  URL,0,0,0,0,2,0
som_train_track2_778,Farmaaajo Tuuug dalkan iyo dadkan isaga dooonaya inuuu gacantiiisa ku burburiyo!,0,3,0,0,0,0
som_train_track2_779,USER Haaa waaa waxaaan uqaaatay cidiii qandaraaaska qaaadatay inay jiiingadiii qaaateeen ooo aynaba saaarin saaasbaaan ufahmay  Dadka iyagaaa looo sameeeyay barkadaaaha waaa inay ilaaashadaaan  dhab ahaaan waaa wax ceeeba inay saaas udhacdo sharcigaaa markaaas ooo kale laga shaqqqeysiiiyaaa,2,0,0,0,0,0
som_train_track2_780,Gabayga Guuubaaabo wuxuuu sooo baxay 2012023 wuxuuuna ku saaabsanyahay marxaladdda cusub eee uuu galay halgankiii jooogtada ahaaa eee u dhaxeeeyay dulmiga duuulllaaanka ah iyo xaqa difaaaca ah,0,0,0,0,0,0
som_train_track2_781,"Alllah cafiyo waaa xalad murugo leh,",0,0,2,0,0,0
som_train_track2_782,Runti aaad ban ula dhacay barnamij yada qiiimaha badan eee nooo sooo diyaaariso mahad sanid 💚💚💚💙❤,0,0,0,2,0,0
som_train_track2_783,Baadigoobka loogu jiro xalka sababta aad marwalba u daalan tahay xitaa hurdada kadib iyo waxay dhakhaatiirtu ka tiri,0,0,0,0,0,0
som_train_track2_784,Keeep up the goood work Maaansha Alllah he was the best finance minister ever in Somalia history Wasiiirkiii hore we Wasaaarada Maaaliyada Sooomaaaliya Mr Abdirahman Beyle ooo si heeersare ah Looogu sooo dhaweeeyay dalka maraykanka amp Jaaaliyaddda Sooomaaaliyeeed ooo si URL,0,0,0,3,0,0
som_train_track2_785,Wixi igu farxada badnayd waxay ahyd markiii gacanta laguso dhigay amiiina almufti   E ayso qabteeen ururka u dagalanka falastiniyinta.   Wixi igu naxdinta badnaydna waxay ahyd markiii ninkiii amina ilaaalinayay ay ku heshiiiyeeen in ay baxsadaaan o u u fududeeeyo baxsadkeda Lkn g,0,0,0,2,0,0
som_train_track2_786,mahadsanid walaaalkiiis lkn iniga ugu yaraaan salaaanta kama tago - waxay ahayd in commmentigaaad aaad salaaanta ku bilwodo ugu yaraaan .!,0,0,0,0,0,0
som_train_track2_787,Rabbbi ha u Naxariiisto saraaakiiishiii ku naf weysay Qaraxiii saaakay ka dhacay Degmada Maxaaas eee Gobolka HiiiraaanWaxaaan tacsida la wadaaagayaaa qoysaskooodiii CXDS USER Iyo dhamaaan Ummmaddda somaliyeeed ooo ay si guuud uga wadabaxeeen URL,0,0,2,0,0,0
som_train_track2_788,"Iimaaanka beeel xaaasdnima hawsha inteee leeeg ku galisay, hadaaad nin tahay ka hadal weeerarkiii xamar ka dhacay taaas baaa lagu qarinayaaa arintan Abiy Axmed inaaad dadka ka caqli badan tihiiin baaad u haysataaa.",2,2,0,0,0,0
som_train_track2_789,Magaca waaan ladhacay waaan kaaa copy yeeenayaaa iska dulqaaado,0,0,0,0,0,0
som_train_track2_790,MAAASHALLL   wiiilkaaan   👍👍👍,0,0,0,0,0,0
som_train_track2_791,Alllah ha u Sooo dhaweeeyo,0,0,1,0,0,0
som_train_track2_792,Meeesha wax baaa ka dhacay wlahi,0,0,0,0,0,0
som_train_track2_793,Ma 'khalad istaraatiiji ah' ayuu Maraykanku dhexda ka galay markii uu bilaabay dagaalka kooxaha Bariga-dhexe?,0,0,0,0,0,0
som_train_track2_794,Nolosha wey lasooo halgantay iyadooo ciiil la badey kufsiyo dhawr ahna looo gaystay hadddana nolosha kamay dhicin.,0,0,0,0,0,0
som_train_track2_795,USER Brother sax waye lkn aniga qabiiil ahan waxan Ka so jeeeda xaskul hawiye waxan dagna gobolka baaabil i iyo iiimey marka hore ogaaadeeen aye hooos imaaan jireeen waxan ka wada ismaaamulka Somali galbeeed markasna hal qabiiil aya xukunka hayay ooo ah ogadeeen sida ay no cadaaaben ilaaah ogaaa,0,2,0,0,0,0
som_train_track2_796,Waxaaan haystaaa xasuuus igu filan ooo aaan kaligay ku cabbbo kooob kafeee ah meeel kafateeeriyo ah ooo qof kastaaa u malaynayo inay madhan tahay laaakiiin ay la ciiirciiirayso dad maqan  Maxamuuud Darwiiish URL,0,0,1,0,0,0
som_train_track2_797,"Ninka hadlayaaa wuxuuu rabaaa in buuuga la iiibsado. Wuxuuu dhawr jeeer yidhi, ma xusuuusto magaca qofka uuu la kulmay, sida wasiiirka   🇸🇴 eee uuu Xalane kula kulmay. Sidooo kale wuxuuu qariyay dhamaaan NGO yada diraaasadaha dalka ka sameeeyay eee ajinabiga ah iyo kuwa gudaha. U",0,0,0,0,0,0
som_train_track2_798,Inta lagu jiro waqtigan eee sugitaaanka waaa marka jirrrabaaaddda ugu weyn eee shaki H ku dhacdaaa  Hal suaaals Hwaaa sababaynta iyo yaaab s waxa He samaynayso  Sida hal walwal yahy ooo ka walwalsan samaynaya fikradaha saxda ah sida ma Ilaaah,0,0,0,0,0,0
som_train_track2_799,HabeeenKa SanaDka CusUb waXan RaBaaa inAaN Ku HadiyeeeYo NaLashaYda Oo idiL McnEYy WaXaN DuNiDa u CadaYnaYaaa JaceyLkeeeNa inUusaN DhamaaaN DoooNin inTa DuniDa Ka HarTaY Oo dHaN,0,0,0,3,0,0
som_train_track2_800,Sidee buu sixiroolahan gacan uga gaystay in laga guulaysto Naasiyiinta,0,0,0,0,2,1
som_train_track2_801,Walal aaan kaaa Saxo qaybra Mohamed Abdullle Halane ooo aaan la ahay qaraaabo   Mohamed Abdullle Halllane wa sax ciiidankiii xabashida   wa ay dileeen lakin waxa dhacday in ciiidankiii sooomaaaliya e waqtigaaas dhufeeeyska kaga jiray tog wajaaale lasooo weeeraro dagaaalkaaas waxa,0,0,0,0,0,0
som_train_track2_802,Magaaaladddan Burco waxaaan ku qaaatay waqtiyo qurux badan dhamaaantoood ma hilmaaamin saaacad iyo daqiiiqad kamid ah  Burco URL,0,0,0,2,0,0
som_train_track2_803,ok saxib ax san hes anladhacay,0,0,0,2,0,0
som_train_track2_804,Buugga Peril: Janaraal cabsi ka qabay inuu Trump amro weerar niyukliyeer oo ka dhan ah Shiinaha,0,0,0,0,2,0
som_train_track2_805,Ma sha Alllah waaa war farxadle,0,0,0,2,0,0
som_train_track2_806,Hargaysi waxay caaan ku thy develop iyo dad walaaaltinimada deeeqsinimada isjeclaaanshaha iyo sooo dhawaynta,0,0,0,0,0,0
som_train_track2_807,Pro gabdhaha waaad iska ilaaalisa mxd iyaga kudhacay,0,0,0,0,0,0
som_train_track2_808,Hahahah waaad iga qoslisay jaaahilnimada iska dhaaaf meeeshay dhacdo dhagayso sooomaaaliland maaaheee dhagayso,0,0,0,1,0,0
som_train_track2_809,farxadle kadhacaysa,0,0,0,1,0,0
som_train_track2_810,USER Today in history 21st October 1969 dawlad wax iska celisa shisheeeyaha iyo afrikanka gumsystaha ushaqeeeya ayay ahaydKhalad waaa ka dhacay dawladiii dadkiii ka shaqeeeynayay ayaaa ummmada kala dilaySaraaakishiii baaa sirdooon ajnabi la shaqeeeystay qabyaaalad wax laga tusay,0,2,0,0,0,0
som_train_track2_811,Sharciga baraha bulshada: Waxa aad baraha bulshada soo dhigeyso ma laga yaaba in xabsi ay kuu horseedaan?,0,0,0,0,0,0
som_train_track2_812,Sanaaag ciyaaar ugaaara ooo ceeerigaaabo ladhaho ayaaa jirta taaas baaana said loooga ciyaaaraaa jaaandheeertana hawdka ooo dhanbaaa laga ciyaaaraaa xitaaa gobolo Ethiopia xukunto ay Ku jiraaan,0,0,0,0,0,0
som_train_track2_813,Qaaar ka mid ah bulshada Kismaaayo ayaaa ka aragti dhiiibtay dooorka burburinta Khawaaarijta ay ka qaaadan karaaan ciiidanka Tababarka sooo dhammmeystay  P3 USER URL,0,0,0,0,0,0
som_train_track2_814,3 daaas wasan hada wey burbureeen mawanagsana dadka islaaamka ah ineeey is qalafaaan,0,0,0,0,0,0
som_train_track2_815,Roooma 58 Kitaaabka Quduuuska ah eee Yuhuuuddda ooo dhamaystiran8  Laaakiiinse Ilaaah wuxuuu nooo muuujinayaaa jacaylkiiisa inooo gaaar ah in taaas ooo ah in Kansiyaaah ku dhintay on our ooo wakiiil ahaaan intiii aynu weli ahaaayeeen dembilayaaal3  Yaaa inooo dhintay sida aaayadddan ay tahay,0,0,0,0,0,0
som_train_track2_816,Iiraan oo weerartay dal heysta hubka nukliyeerka,0,0,0,0,1,0
som_train_track2_817,Waxyaaabo badan ayaaad ka tagtay mahadsanid,0,0,0,0,0,0
som_train_track2_818,Waaa sheeeko   aaad xiiiso badan dhawan ayaaan bilaaabay hada wax yar iga hadhay 🌹🌹🌹thanks you very much wlll,0,0,0,3,0,0
som_train_track2_819,USER Qorshada aheyd inu beri aaado maxaaas si meeeshaaas dagaaalka wabxo ila ceeelbuuur lagu xoreynaaayo looo bilowo be shabab u maleyaaan in dilkiiisa lagu jooojinaaayo boooskiiisa qof kale ba qaaadi dooono waaana la si wada xoreynta IA,0,0,0,0,0,0
som_train_track2_820,"Shiinaha, Kuuriya, Falastiin, Kashmiir: 4 meelood oo khatar ku haya nabadda caalamka muran xadka la xiriira awgiis",0,0,0,0,2,0
som_train_track2_821,waaar faraaacin ma jabine dawladiii mamaaalikta aya jabisay,0,0,0,0,0,0
som_train_track2_822,Jek sxb qabkat dhawalka u kadan kahelay,0,0,0,0,0,0
som_train_track2_823,George Floyd: 11-ka dil ee sababay mudaharaadyo waa weyn oo ka dhacay Mareykanka,0,0,0,0,1,0
som_train_track2_824,Koooxdi caaanka ka ahayd Somalia eee DurDur ayaaa maaalinka jimcaha iA nagu maaaweeelin dooonta USER Stockholm Sooo dhawaaadaURL,0,0,0,0,0,0
som_train_track2_825,USER Marka ay xaaaskaaagu kuuu ogolaaato mid 2 3 iyo 4 jacaylka ay kuuu qabto dartiiis waxaaasaaa jacayl dhab ah lagaaa dhahaaa,0,0,0,2,0,0
som_train_track2_826,"Prank somali hadaaa aaamino kibili alllaha iga dhigo, video-gaaan dhowr siyaaaboood ayaaa ku diiiday inuuu run yahay,   1) in gabar gurigeeeda jooogto ooo kaligeeed ah ay garbasaaar iska wadato,   2) xata hadey dhacdo ineysan garbasaaarta iska dhigin ooo iska wadato... ok waaan y",0,1,0,0,0,0
som_train_track2_827,Waxa ka socda dalalka Scandinavia waaa argagax bahalnimo cunsuriyad iyo naceyb tiii ugu darneyd muslimiiinta maaanta xaaalkooodu waaa sidiii Abdi Mudalib ooo kale markiii Abraha so weeeraray kacbada ooo yiri alllaha iska leh ayaaa ka ceshanayo SwedenisTerrrorCountry Quran_burning Denmark,0,0,2,0,1,0
som_train_track2_828,Subxanalllah Alllhaaa qalbiga u qabooojiyo abahaaa wilka saqirkana cafimaaad Alllhaaa siiiyo wa dhacdo naxdin badan,0,0,2,0,0,0
som_train_track2_829,Caaawa waaa iiimurugo,0,0,2,0,0,0
som_train_track2_830,Mr maracade sheeekada ooo dhan baaa xiiisa gaaar ah iiilahayd. Balse waxaaa kasiii xiiise badan codka hibada ah eee alllah kuuusiiiyey inaaad ku akhrido qisoooyinka . Iyo sida farshaxanka leh eee markaaad sheeegayso ciddda sheeekadu khusayso aaad codka laba dhacaya ugu dooortay .,0,0,0,2,0,0
som_train_track2_831,Kulahaaa wey cabsadeeen naaagahan inaaa talefnka kajabinayo eee umaleeeyan🤣🤣🤣,0,0,0,0,0,2
som_train_track2_832,Dagaaalka hiiiraaan Canbaaar iyo xajiiin ayaaa iskuuugu daraynaaa Ramadan baaa lgu jiraaa maaatida ladaaala dhacaysa fatahaaado iyo macluuul dagaaalka ka daaaya. Maliiibaaaniyaaasha lgu liiibaaano,0,1,0,0,0,0
som_train_track2_833,TACSIDA shacabka ayaaa ku filan dowlada Guuus ahaaan laaamaha amniga gaaar ahaaan shaqo ka hortag iyo ka demba tag miro muuuqta leh ayaaa loooga bahanyahay  Qof kaaan dagaaal foool ka foool ah lagu dilin dilkiiisa baaaritaaan qoto dheeer waaa in lagu sameeeya,0,0,0,0,0,0
som_train_track2_834,Ugu dammmayn wuuu so dhacay waxan sugnaba thanks bro,0,0,0,1,0,0
som_train_track2_835,Sooomaaalinimadu hajirtoIsku dayaddda lagu dooonayo in lagu tirtiro Isir ama ab sheeegasho qooomiyadeeed ooo sooo jirtey waaa aragti ay curiyeeen dadkiii ka ag dhawaaa kalitalisyadiii sooomarey duniddda haba u badnaaadaaan reeer yurub balse si weyn ayey ugu fashilmeeen inay aragtidaaasi hirgasho,0,0,0,0,0,0
som_train_track2_836,sooomaaali nimo lagu sooo dhaweeeyey   wa ku naxriiisteeen laaakiiin turkida maxaaa u aaadi wadey wa kula dagaaalmi laheyn xabsi ba lagu dhigi laha wa kugu ciyaaarayey kama yeeelayan,1,0,0,0,0,0
som_train_track2_837,Akanuuu pri taliphonka markaaat jabineyso sooo badi pro,0,0,0,0,0,0
som_train_track2_838,Dalkaynu wuxuuu kasooo kabanayaaa qaranburburSiyaaasadddaynnna Arimaha Dibaddda waxey ku dhisantahay in aaan lala colooobin dowladaha kale xiriiir fiiican iyo iskaaashina lala yeeesho dowladaha danaha gaaarka ah naga dhexeeeyaaanKhilaaafka biyaha Niiilka eee Itooobya iyo Masar daraf kama nihin,0,0,0,0,0,0
som_train_track2_839,Ciddda ugu daran eee aaan uga cabsi qabo PM USER inay curyaaamiso madaxweynahana ay ka horkeeento waaa Mahad Salaaad iyo haaayaddda NISA ooo mudddo ahayd  Waxaaan filayaaa in PMka ooo lagala hordhacay magacaaabista Mahad uuu xal degdega uheloWaaa khatar dhab ah  URL,0,0,0,0,2,0
som_train_track2_840,"Ninyahooow ninkaaan sheeekadiiis hadaaad tixraaac u heyso nala wadaaag, waxay u egtahay qiso la alifay , sawirka shaaashada saaarana waaa Jonathan Polllard ooo israeli ahaaa ooo USA 30 sana ku xukuntay ooo wali noool.",0,0,0,0,0,0
som_train_track2_841,Tabtiii beyna tahooo caqligu waaa taaaxad qabyaaaliya Aqooon ruuux sooo tabco qaaalin ku tayeysan miiigan Caaaqil baaa tiiir loooga dhiiiga qoys ku talo geeeya Arimahan tiftaaafyada leheee taaariiikhdu waaarineyso dhacdaaadiyo tusaaalaha u hadhi wixiii dunida siii taaagan,0,0,0,0,0,0
som_train_track2_842,Wlll ha niyad jabin horay u soco respect ku haya lpx🙏⚡️🙅‍♂️,0,0,0,1,0,0
som_train_track2_843,mar dhaw qilaaaf kaaas aaad ka u xooogan ooo hale ayaaa somalia kusooo fooodleh maaadama dowlada fadaralka somalia eeey aaamin santhy qatar somaliland iyo dowlad goboleeed yadana ey aaamin san yihiiin kholoooyin kale   alllaha naga qabto dhibaaatata nagu sooo socoto hadaaan somal,0,0,0,0,3,0
som_train_track2_844,mahadsanid #cumar inshar# sxb waxaaatahy qof noloshayda waxbadan kabadalay,0,0,0,2,0,0
som_train_track2_845,USER Waaa teliyaha nabadsugida iyo sirdooonka qaranka ciiidamadiii qolyihiii faaashilka ahaaa ey dabka ku shubeeen ayuuu qeyb kasooo badbaaadinayaMa intaaas in leyskaga haraaayo ayaaad ku fekertay Maya  malaheyga xisaaab iyo xarig ayaaa xigta,2,0,0,0,0,0
som_train_track2_846,USER Asc xasan shiiikh ma fikiro safar aaan muhiiim aheeen qarashaaadkaaad sida maaalaaayacniga xasan shiiikh diyaaarad ayuuu ciiil qabay dadka sooomaaaliyeeed abaaaraha heyso maxaaa looogu caaawin waaayay dadka danyarka xasan shiiikh dalkeeena Dan kamalaha wuxuuu rabaaan in uuu burburiyo somaliya waaa cadow URL,2,2,0,0,0,0
som_train_track2_847,"Mohamed Yusuf   wlllhi haddda dhegaysanayey markuuu yidhi hoooyo aya tidhi ""allla-hooogey"" illlaaa haddda ilmo ayaaa ku taaagan indhahayga hoooyo wax looogu abaaal gudo lama heli karo tix iyo tiraaabbba lkn Abu-hadra waaa dhaweeeyay",0,0,2,0,0,0
som_train_track2_848,Aad baaan u xiiiseeeyaaa arimaha sirdònka dunida ooo si dhaba somaliya ooo burburtay hadana sidiii lola shaqayn laha danaha qaranimadeeenuna siday u noqon lahayd mid dhidibo adag isku taaagta   hadiii eeebe idmo dunidana ula jan qaaadi lagayn markale ... Balse .odayal 60 ilaaa 80,0,0,0,1,0,0
som_train_track2_849,Ax maaamo allle haku so dhaweeeyo wa xnuuun ilmahaaaga hla dafo 😢,0,0,3,0,0,0
som_train_track2_850,USER Mudan waaan idiiin mahad celin hayaaa adiga iyo ciyar toooyda somaaaliyed ba eee waxad timid Ethiopia nidaaamka laguuu qabilay iyo sooodhawayn taaadana Somali ma farax galin runtiii ooo waaa mid aaad u hoooseeeya lin midan hada waydhacdeee waxaaan kudhihi lahaaa mid danbe,0,0,1,0,0,0
som_train_track2_851,Horey usocod wanagsan bro alll of you inta filmkan ka qeyb qaaadatay in laso saaaro guuul wacan aya idin rajeyna iyo filmo nooocan ooo kale ah alll the best,0,0,0,2,0,0
som_train_track2_852,Godka ale hukugu cadabo anigaba gacan ayu igajabiyaaay ooo mel cidlo ah ayu igumagay gadhi ayu watay ana gadhi ayan watay jig jiga dhaxden gobashinka horti ayu istagaaay waxuna igudhahay warya gadhiga maxad igusodhaweysay iyo fedh iyo lad dhulka aya la igusoturay gacanta midig ay,2,0,0,0,0,0
som_train_track2_853,Sheeekh Mustafe Qofba qofka uuu ka sali badan yahay ayuuu Akhiro Nabiga uga dhaw yahay Aan badino saliga nabiga  URL,0,0,0,0,0,0
som_train_track2_854,Gurigaaagu waaa badbaaado marka ay bulshadu maaamushoTolkeyga Hawiye 2023 waxaaan kula talinaaa iney amniga deeegaaankoooddda aysan ku aaaminin Sooomaaali kale waaa iney ka taxadaraaan Sooomaaalinimo beeen ahWaxa Hawiye ku dhacay waaa iney wax ka bartaaan siay u bad baaadaaan barito,0,1,0,0,0,0
som_train_track2_855,USER marka ismi halis mi,0,0,0,0,0,0
som_train_track2_856,Waxaaa sooo dhaweynay saaaxiiibkeeen Dr  Mahdi Muse ooo PhD Political Science ka sooo laaabtay kuna sooo biiiray USER sidooo kale waxaaan sagoootinay USER ooo PhD dooonanaaaya  URL,0,0,0,0,0,0
som_train_track2_857,Wlll thanks tanaaad 🙏 Chanel a   jeclahay,0,0,0,2,0,0
som_train_track2_858,Iqro hoooyadeeed qaraxi kowaaad ayay ku dhimatay balse Iqra iyadooo Hoooyadeeed ka wardoooni rabta ayay Qaraxiii labaaad ku geeeriyoday iyadaneWa Hoooyo iyo gabadheda o labo qarax ooo isku xiga ku geeeriyoden maaanta  Wa dhacdo murugo amp xanun leh 14 Oct 2017 Zooobe 1 29 Oct 20222 Zooobe 2 URL,0,0,3,0,0,0
som_train_track2_859,USER Waaad mahadsan tahay mudane in badan balse dooodeeeda ma ahan sharxida farqiga waqoooyi eee waaa in hadraaawi uuu yahay muwaaadin sooomaaaliyeeed rabi janadiiisa ha ka abaaal mariyeee mahadsanid,0,0,0,0,0,0
som_train_track2_860,USER Lol war reeer burco Ha isku dirin wey gacan fudud yihiiin iyagooo ooodohooodiii iyo budhkiii ilaaa toooreydiii sita ayey inala sooo galayaaane Burcoy magladiii somaliland lagaga dhawaqay halka boooramana tahay magaladiii lagu dhisey dawlada maaanta 32 jirsatay iyo heeesti calankiiiba leh,0,0,0,0,2,0
som_train_track2_861,Taliska Ciiidanka xoooggga dalka ooo War kasooo saaaray dagaaalka ka dhacay Gobolka Hiiiraaan  URL,0,0,0,0,0,0
som_train_track2_862,Ciiidankiii shalay Droneska lagu geeeyey Galcad Ceeeldheeer iyo Xarardheeere eee saaaka looo dabo maray Xawaaadleeey ooo Muqdisho 60Km u jirtay ayada ooo looo gurman karin askartiii Xawaaaley lagu gumaaaday saaakaWaxay muuujinaysaaa strategyda AS eee ay dagalkan udhigtay in ay najaxay Somalia URL,0,0,0,0,2,0
som_train_track2_863,Hambalyo huno hadad ku farxsantahay inay inan qaday like sara dirislaw cida sodhawe 150 ha ila dhafin janada alllehaku geye,0,0,0,1,0,0
som_train_track2_864,USER Sacadiya hadiii looo diiidey iney kasooo degto Bosaso waxey aheyd iney ku noqoto meeeshiii ay ka timi maxaaa yeeeley dhibka dhici lahaaa ayey baaajin laheyd lkn ma aysan qaaadan amarkiii waxeyna sababtey inuuu dagaaal dhaco dhimasho iyo dhaaawacba leh ayadaaana u sabab aheyd,0,1,0,0,0,0
som_train_track2_865,Waaa runtaaa xasuuuq naxdin leh ayaaa ka dhaxay dalkan 1975 illlaaa 1979,0,0,2,0,0,0
som_train_track2_866,Muxuu yahay Mashiinka dadka waaweyn u wanaagsan carruutana looga digay?,0,0,0,0,0,0
som_train_track2_867,USER Adaaa malaaa cuqdad qaba ma SNA keliya shabab hala dagalameeen ooo maleshiyo beeeled yaaan la sameyn miya cuqdad ah  Maleshiyo beeeledku sooo hadhow isku sooo jeeesan mayaaan shabab kadib sidi malinti dhoweyd dhacday ooo jifo hooose ooo abgaaal ooo maleshiyadi xasan hubeyey ka mid ah is xasuqeeen,0,2,0,0,1,0
som_train_track2_868,Ilahay haku ka mooodobeeeyo wlll,0,0,0,0,0,0
som_train_track2_869,Sooomaaalida waaa sida nin sokormacaaan qaba misena maaalin walba macaaan cuna kuna faaana  Qabiiil aaa dalka burburiyey ooo faceeena dunida naga reeebay misena waaa isugu facaaanaaa  Marka ladgahaaao majority Sooomaaalida weee waaalanyihiiin waxbaaa kajira  Mental illlnesss  jahli failed state URL,0,2,0,0,0,0
som_train_track2_870,Sxb cumar geeele waxa uuu kutaaagantahy dowladiiisa waaa somalia ooo burbursan hadiii somalia is raaacda isla markaaana caga heeeda ku istaaagta jabuuuti waaa u dhamaaatay sidaaas darteeed way ku qasban yihiiin in ay kataliyaaan burburka dalkeeena lkn ayaga iyo daba dhilif taaaba,0,1,0,0,0,0
som_train_track2_871,USER War cadaaadey Diiinta waaa lawada yaqaaanaaa Waziiir khadiiija wey isku filantahay horey ayay Rag meeel isaga saaartay  Dabeeecada iyo kartidana waaa looo dhashaaa eee Nasteeexadeeeda hala qaaato  Qayladana hala jooojiyo,0,0,0,0,0,0
som_train_track2_872,Nin looga shakisanyahay inuu qorsheynayay weerar oo lagu qabtay Jarmalka,0,0,0,0,2,0
som_train_track2_873,Muxuu dhaqaalaha Turkiga aad hoos ugu dhacay?,0,0,0,0,0,0
som_train_track2_874,Maxaa Israa’iil ka hortaagan inay dagaal dhulka ah ku gasho Qasa?,0,0,0,0,0,0
som_train_track2_875,Biniadanka in badan ka gaaabso hubal wey ku ixtiraaamayaaan Kaftanka ka yareee hadddiii kale dadnimadada ayuuu hos u dhigayaaa  Qancintoooda wakhti badan ha gelin aysan aheyn weligaaa murugo iyo welwel ayaaad ku nooolaaaneysa Sirtadana cidna ha uga shekeyn berrri ayay kugu dhibaaateyn karaaan URL,0,0,0,0,0,0
som_train_track2_876,Bro adigo mhdsan waxa noso gudbisa   Basaaasadiii masaaarida eee mosssas u shaqeyn jirty Habi abdirahman amir,0,0,0,0,0,0
som_train_track2_877,USER Cumarooow Dawladaha Islaaamku ma baraaarugsana horta ha baraaarugaaan dhab ahaaantiii waxay ku jiraaan riyo aaad u dheeer ooo qarow badan,0,2,0,0,0,0
som_train_track2_878,Wale adkatey caruuurah hala illlashado hoooyadana illlah ha usooo dhaweyo ilmaheda,0,0,1,0,0,0
som_train_track2_879,Muuuqaaalkan wuxuuu ka turjumayaaa xaaalad xaqiiiq ah ooo dhacday😊,0,0,0,0,0,0
som_train_track2_880,Anay gacanta igu dhacday😂😂😂iska sabra😂😂😂,0,0,0,2,0,0
som_train_track2_881,Weeerar ayaaa lagu qaaaday saldhigyo ay ciiidamada Somaliland ku leeeyihiiin duleeedka magaaalada Laaascaaanoood sidooo kale rasaaas xooogggan ayaaa laga maqlayaaa gudaha magaaalada  Gooobjooogayaaal ayaaa kusooo warrramaya in dhawaqa rasaaasta laga maqlayo inta badan magaaalada,0,0,0,0,2,0
som_train_track2_882,Burgabo waxa tahay nin garanaya dulmiga iyo ku xadgudubka sharafta bani adamka waaanda uso jooogtay tacadiyada runtiii wakugu hambalyaynaya talabadaaas aaad qaday eeed bulshada garab ugu siiinayso bravo ...,0,0,0,2,0,0
som_train_track2_883,Haniyeeeta heeestu kaga xaaaray 😂😂😂,0,2,0,0,0,0
som_train_track2_884,Calawi Caydaruuus hadalkiii markiii dhawayd ayaaan xasuuustay.,0,0,0,0,0,0
som_train_track2_885,"Guuul daradiii ku dhacday isra,il iyo badbaaadintiii khaaalid mashcal thanks wlll",0,0,0,0,0,0
som_train_track2_886,Waxaaan aaanminsahay ineee tahay taaas propagaaanda weyn ooo madax weynihiii hore isticmaaalayo si uuu uga jeeediyo bulshada xamaaasada siyaaasadeeed eee ka taaagan muda korarsiya uuu ku dhawaaaqay. Lacag hadiii la rabo in looo dhiiibo mugadisho waxaaa ku filan ganacsatada runtii,2,0,0,0,0,0
som_train_track2_887,Ax ax ilahay inti dhimatay haunaxaristo inti kudhawacan tan haubogadhayo,0,0,2,0,0,0
som_train_track2_888,Daaawo Dooorasho danbe ooo Sland ka dhacaysaaa ma jirto inta Muuuse Biiixi kursiga Fadhiyo Reeer Awdalna waxaaan leeeyahay Exwasiiir Abgaaal URL,0,0,0,0,2,0
som_train_track2_889,Hada jeceshahy inad quran karimka bartit rabti waaan kusodhoweyna...kalamka Allle waaax kaqurux badan majirte.,0,0,0,0,0,0
som_train_track2_890,Dirizle zxp ku taaageeeRa hore uzoco pro manzha alllaH wxn ahay mid kamida taaageeerayaaazhada alxm mnta anaaaba ugu horeeeya liketa una horeeeya commment pro hore utalabzo farxad kuuu rajaynayaaa,0,0,0,0,0,0
som_train_track2_891,USER sxb waxaaan rajeynaaa in ay asxaaabtaaada cashir kugu dhigeeen tweeetkaaan ooo aysan mardambe afkaaada In Ethopia kasooo bixi dooonin waaa hadddiii aaad si kama ah usooo qortay lkn hadddiiiba marki hore lagusooo dhiiibay ooo aaad wax kubedelatay kollley waaa waxaaad sugeysay mahadsanid,1,0,0,0,0,0
som_train_track2_892,USER dhac caaadiya waaaye waxaaan,1,0,0,0,0,0
som_train_track2_893,USER Waaa waxaaan ka hadlayaba deeegaaanka SSSC lagama rabo isaaaq iyo jabhadoooda SNM  Shinbir baaan qooor qabad biyo ku siiin nin leh waaa walan yahay  Isaaaq somaliya ma rabo umad kale ooo dhulkooodiii jooogana ila goa ooo khasab igu raaaca buuu leeeyahay ader Marka dhaqanxumada la iska yeeeli maaayo,1,1,0,0,0,0
som_train_track2_894,Kkkk kuwa ugu danbeeeya caaadi ma ahan 😂😂😂.mahadsanid yaqey sxb,0,0,0,2,0,0
som_train_track2_895,Ujeeedka argagixisadu waaa cabsi galin hanjabin in la is eeedeeeyo amp in gun iyaga looo noqdo  Qof kasta waxaaa laga raba in uuu dhaho maya kan aaad dishay aniga ayuuu ahaaan kari lahaaa  Waaa in la isku duuubto shacab amp dowlad qarashka laga jaro lagu mudaaaharaaado la iskana dhicino,0,0,0,0,2,0
som_train_track2_896,walllahi dadka qaaar maxay dadka ooo dhan sidas u noqon wayeeen gobanimadoooda   kuwa qaaarne waaa bahalo   gun waye,0,2,0,0,0,0
som_train_track2_897,USER Somaliland way midowday inkasto cadowgeeedu lacag iyo waqti ku lumiye hadana way fashilmeeenbeeelaha bariga iyo galbeeedka waxay markiii ugu horaysay ka qayb qaaateeen Siyaaasada sida Muuuse bari iyo galbeeed looogu sooo dhaweeeye waaa markhaaati kale inay Somaliland midaysatahay,0,0,0,0,0,0
som_train_track2_898,USER Fadlan u sheeeg adeeerkaaa rukuuucaaaye inuuu dhiso dhismayaaashiii dowlada eee aaad bililiqeysateeen burburiseeen ilaaa hadddana aaad ku dhex saxaroootaaan  URL,0,2,0,0,0,0
som_train_track2_899,Indhacade ooo ka mid ahaaa hogaaamiye koooxeeedydiii hore eee somalia ayaaa taaageeeray goooni isutaaaga somaliland  URL,0,0,0,0,0,0
som_train_track2_900,USER Wixiii dani helaaa layaaabay doqoneeey dabkaaa ba Marxuuumka hasan ayuuu jilbaha qabsaday,0,1,0,0,0,2
som_train_track2_901,Afhayenka afsomaliga masaaasad waliba Afhayeeen ku tahay wax yahooow Qudhmay eee Nolosha ka dhacay 🤨🤫,2,2,0,0,0,0
som_train_track2_902,Dawlada fedaralka Somalia waxay haysa dhabbbihi hore eee xukunki formaaajo balse waxaaanu leeenahay dawlada cusub eee xamar ka jirtaXasanow ka jooog dhiiiqada lugaha hala galine,0,0,0,0,0,0
som_train_track2_903,Film kiii dajiya caaawa sooo dhacay qeybta kalena wan sugenaaa,0,0,0,0,0,0
som_train_track2_904,Bro adaaa mudan horay usoco hadafkaaada haka moraaal jabin waxwalba ooo uuu qof bini adam ah ku dhaho,0,0,0,0,0,0
som_train_track2_905,Kulahaaa wali ma guuursane bidaaar maaa iiiyeeelaysaaa bidaaar qofka qabo ma guuursan karo miyaaa aaar niyada hanaga jabin,0,0,0,0,0,1
som_train_track2_906,Maaasha alllaaah meeeshu galkacyo miyaaa muqdisho baaan mooodaye dabaqyo qurux badan baaan arkaaa alllaha idin dhowro reeer tolkeeey 🥰,0,0,0,1,0,0
som_train_track2_907,USER Bisinka awooowayaaasheeen xitaaa maqixi jirin faracna uma lihin inaaan ka qaxno deeegaaankeeena barakeysan eee Kooonfurta Galkacyo Galgaduuud Hiiiraaan Shabeeelllaha dhexe Banaaadir ilaaa Shabeeelllaha hooose  Ibnu balad aaan ahay markiii aaad kibirtaaane waaa idin qixineynaaa  Reeer dudeeeye waaaxidiiin,0,2,0,0,0,0
som_train_track2_908,#aaad baaan ula dhacay   Wa filim laga shaqeeeye👀👌,0,0,0,0,0,3
som_train_track2_909,Asc wlllo abdirisaaaq farxad ku nolow somalideeenuna ma jcla qofka wax cusub keeena eee waliga yan lagu niyad jabin wax walba ooo nafsadada sharaf daro u ahayn eee ad go.ansato ku dhaqaq guuul wlllkay,0,0,0,1,0,0
som_train_track2_910,Coronavirus: Saddex arrimood oo uu Joe Biden dhabarka uga jabinayo Donald Trump,0,0,0,0,0,0
som_train_track2_911,Zxp waxaaa uxiiisay prank kiii mobil ka aaad jabinaysay nooososameee please,0,0,0,0,0,0
som_train_track2_912,carabta sirdooonkoooda waaa khatar lkn ogow mar waliba mosssad waxaaa garab taaagan CIA and MI6,0,0,0,0,0,0
som_train_track2_913,Maxay ku muteysatay Qorsho Xasan inay noqoto macallinka ugu wanaagsan Minnesota?,0,0,0,0,0,0
som_train_track2_914,"Waa kuma Yitzhak Rabin, ninkii dilkiisu burburiyay rajadii nabad waarta oo dhaxmarta Falastin iyo Israel",0,0,0,0,0,0
som_train_track2_915,Qurux kudhiiigle suuu ?aaal waxaaa kaaarabaaa hadiyadiii mariiish abshir faaarax 150k subscribers eee hadiii lagaaa waaayey   hadiyadiii xaflad ooo kal iyo laaab ah ayaaa kaaarabnaaa sxb sre jawaaab,0,0,0,0,0,0
som_train_track2_916,Awr iyo cambar maxaaa kala haysta balse baladu waxay ka dhacdey markey Haliiimo maseeerto URL,0,0,0,0,0,0
som_train_track2_917,La aaanta wa mugdi iyo madaw 😢😢😢,0,0,1,0,0,0
som_train_track2_918,Intiii aaan noqon laheeen burburiyaaal waaaxan noqonaynaaa badbadiyaaal,0,0,0,0,0,0
som_train_track2_919,Qoyska boqortooyada si ay murugo iyo bani aadaminimo ku jirta uga qayb galeen aaska Amiir Philip,0,0,2,0,0,0
som_train_track2_920,Mid isaaaqo mac cunay baaa xooolaha dhacay eee wadada wajaaale halo siii furo😂,0,1,0,2,0,0
som_train_track2_921,"Abaalmarintani waa tan ugu yar, taas oon ku haboonayn qofkan ugu wanaagsan. ",0,0,0,0,0,0
som_train_track2_922,Sxb caaawa waaadgaaabisay,0,0,0,0,0,0
som_train_track2_923,In awaaamiiir daqli ay wasaaarad gaaar ah ay sooo rogeto in shirkad gaaar ahna lagu shubo amarto waaa fashil iyo musuq aaan geeed logu sooo gaban ooo wasaaaradaaas iyo guuud ahaaan dowladaba fadeeexo ku ah. Ladagaaalankiii musuqa eee masajidada loga aaadamayay away.,0,2,0,0,0,0
som_train_track2_924,Nin la maaagay aaan miro yaraaan lagu malaynaynnninIn madhooodho looo sooo diraaa waaa macne laaaaneWaxan uuubateeeyaba tolkey oooddda sooo jabi  CaliDhuuux Ma jirto farxad ka weyn ooo aaan arki lahaaa  Midnimada Dhulbahante USER Goooni gooosidkiii Hargeysa war naga siii URL,0,0,0,2,0,0
som_train_track2_925,Faaahfaaahino kasooo baxaya dagaaal Maaanta ka dhacay deeegaaanka Xalfoooleeey eee gobolka Hiiiraaan URL,0,0,0,0,2,0
som_train_track2_926,Waxaaa loooga yeeerey Safaaarada Mareykanka eee Muqdisho si suaaalo loooga warsado Fadeeexada Tayodhawrka URL URL,0,0,0,0,0,0
som_train_track2_927,"Maaantaaad ba""day dirislow waleee hadooo shaaatiggga xumeee ku caaan baxday kaaa gubaaa",2,2,0,0,0,0
som_train_track2_928,Sxp shekadaaan aaad ayeeey iiigu Socotaaa   waxaaana rawaaa inaaan ogaaado shilqolada mooosad eeekafulisay dhulka   falastiiin keeep going,0,0,0,2,0,0
som_train_track2_929,Muxuu yahay xanuunka halista ah ee ku dhacaya askarta Israa'iil ee Qasa kula dagaallamaysa Xamaas?,0,0,0,0,2,0
som_train_track2_930,Islaaantiii 1972 diii xukuntay yuhuuuda Golda Meir markay kayaaabtay ninkan iyo siduuu ula dagaaalamayo iyaguna ayna waxba uga qaban karin ayaaa waxay ubixisay Amiiirka cas,0,0,0,0,0,0
som_train_track2_931,Asc sxb sare waxaaan kaaa codsan laheeen in aaad noooga dhigto barnaaamijkan ah dadka guuusha gaaaray taxaneyaaa mahadsanid.,0,0,0,0,0,0
som_train_track2_932,mahadsanid wlllo omer magaranayo wax kalooo aaan ku dhaho walhi   casharkaaan waaa kiii iiigu saaamaynta badnaaa nololashyda   shukran shukran shukran alfa marah wlllo,0,0,0,2,0,0
som_train_track2_933,Mac sokor toookadaaan gabartooo xanaaaqeeeninaaa ku heshay abooow🤣kaftan😊😂14:32 adigaaa aaad iyo aaad uqurux badan sister dhanwalba ماشاءاللله hablaheeena qaaar isuma quuurno intaaas aaad dhahdey adi alllah ku dhowr abaaayo🥰♥️7:59 akanuuu run run miyaaad unaxdey🤣🤣🤣wax badaaan gab,0,0,0,2,0,0
som_train_track2_934,Zxb Cabdi qaaadir qayska Somali hero Kevin De bruyne nagu caaawi taaariiikhdiiisa mahadsanid,0,0,0,0,0,0
som_train_track2_935,alllıw iga madooobe aaadbaaan udaaawadaaa wlhi lkn maaanta wixiii kadnbeeeyo waxaaa goaaan ku gaaadhay inaaa iska daaato ooo markeee niyadeeeda kusooo dhacdo ba aaan lapa ragco iska tukado ooo ilaaah baryo 😭wlll adna hadaaa qoraaalka aragtid isooo duceee 😢😢😢,0,0,2,0,0,0
som_train_track2_936,wlhi xnun waye wdmda masakinta ah in lagu tunto lkn farxada wexey tahy in adunka lagu wareynin that is the happpines 💪,0,0,1,0,0,0
som_train_track2_937,Kkkk queeen Rita ritaaasha iyadaba dhar madow wa watada maxa dhacay,0,0,0,0,0,0
som_train_track2_938,Dooorasho dhacaysah miyaaah ileeedihiiin hadah 😅,0,0,0,2,0,0
som_train_track2_939,Sxp hooosow barnaaamjikan dad ku fashilmay ma jiraaan ooo lacagta waaayay   Means that answer is false❎!!! mala dhahay,0,0,0,0,0,0
som_train_track2_940,kani maaanu ahayn kiii baddda sooomalia ka gaday kenya ooo dirqi iyo ooohin lagaga sooo celiyey,0,0,0,0,0,0
som_train_track2_941,USER Salaaan qaaali ah salaaan ka dib Mudane Ducaaale sanadkan wuxuuu u ekaaaday willl dhalinyaro ah ooo fresh ah ma laha sida sanadku u cusub yahay ayuuu u cusub yahay isna Maaanshaaa Alllah Alllah waxaaan dhamaaanteeen inaga iyo ummmada shucuuubta Africa meeel kasta ay jooogaaan uga baryeaaa barwaaaqo,0,0,0,2,0,0
som_train_track2_942,In uuu weli xukunka rabo,0,0,0,0,0,0
som_train_track2_943,Xanuunka Furuqa Daanyeerka oo walaac hor leh ka abuuray UK,0,0,0,0,2,0
som_train_track2_944,Sideee xukunka dilka loooga fuliyaaa Itooobiya URL,0,0,0,0,0,0
som_train_track2_945,Muwaaadinkanwiiilka ooo ah Agooon iyo Rajey Hoooyo iyo aaabe laaaan ooo kamid ahaaa dadkiii waxyeeelada darani kasooo gaaartay weeerarkiii Bahalnimo eee Zooobe2 ayaaa loooga tagey garooonka Aaden Caddde iyadooo laga reeebay dhaaawacyadiii looo qaaadayay dalka dibadiiisaDhibaaatada dhacaysa waaa tan  URL,0,0,2,0,0,0
som_train_track2_946,Dalalkiii yaryaraaa eee qaaaraddda Yurub ooo isku shubaya NATO cabsi ay kaqabaaan in Ruuush qabsado sida Yukrayn Sweden Finland ooo awal dhexdhexaaad ahaaa ayaaa ugu dambeeeyay ooo maaanta codsigoooda la aqbalayWeydiiintu waxay tahay haddduuu dagaaal weyn qarxo maka badbaaadi dooonaaan URL,0,0,0,0,2,0
som_train_track2_947,Suxufi bogaaadan mudan ayaaa tahay wariye Buuugaaabo waxaaana rajaynaya inaaad dhacdo walpa caaawinteeeda kaaalinta kaaaga baaahan aaad ka qaaadan dooonto,0,0,0,1,0,0
som_train_track2_948,Calaamadaha lagu garto kansarka ku dhaca xubinta taranka ee ragga,0,0,0,0,1,0
som_train_track2_949,Muddo intee la'eg ayuu qofka badbaaday ku sii hoos jiri kaa burburka dhismaha?,0,0,0,0,0,0
som_train_track2_950,4 sano kadib madaxwayne USER kama sugayno tareeen isagu darawal kayahay ooo cid kasta ooo danaysato ah fuuulayso eee waxaaan ka sugaynaaa XisbiSiyaaasadeeed ay kamid noqon karaaan dad laaragti iyo mabaaadi ah kaaasooo xukunkna kula tartamaya axsaaab siyaaasadeeed kale  Somalia,0,0,0,0,0,0
som_train_track2_951,masha alllah wlllkey marna macalinkeyga wax badan baaan kaaa bartey jazakalaaah aaad baaan ujeclahey chanalkaaaga OGAAANSHO Masha Alllah hambalyo 20k subscribeska aaad gaaartey insha Alllah ka sareyso waaan kuuu rajeynaya ugu danbeyn codsi plz nooo so daaa dalalka burbursanaaa lk,0,0,0,2,0,0
som_train_track2_952,USER Kkkk Waxaaas ooo cabaaad ah ma cadho xadhiga tuke ka kacday baaa waaa looo dhashaaa dilka iyo dulmiga iyo xumaaanta  Anagu dagaaal iyo sida wax laysaga celiyo Haaa lkn xasuuuq dumar iyo caruuur ilaaahayba noooma dhalin  Kuligiiin isku wada mid baaa tihiiin dhashiii faqash,0,2,0,0,0,0
som_train_track2_953,Daqiiiqad kasta ooo maaalintiii ah waxay leeedahay qiiimo u gaaar ah Subaxdiii waxay keeentaaa Nyadsami Galabta waxay keeentaaa iiimaaan Fiiidku wuxuuu keeenaaa jacayl Habeeenku wuxuuu keeenaaa nasashoWaxaaan ku rajeynayaaa inaaad maaanta intaba hesho  URL,0,0,0,1,0,0
som_train_track2_954,USER ciiidankiii dawlada uuu ka saaaray daynuuunay waxa ujawaaabay ciiidanka darawiiishta kooonfur galbeeed ooo cadowgiii xasan ubaneeeyay furinta ka saaaray kooonfur galbeeed maaanta wey isku filan tahay USER wuxuuu dhisay ciiidan difaaaci kara dawladnimada kooonfur galbeeed URL,0,0,0,0,0,0
som_train_track2_955,Waaa Run waaa   wax Qudhun Ah ooo Lagu Fashilmo Alllah mahad leh inaga Dhexsaaarey kuwa Daaawada,0,2,0,0,0,0
som_train_track2_956,"Culeys walpo ooo ku heysto alllaha kaaa qaaado hadiii aaad iii tabato folllow,,,da mahadsanid 💓🙏",0,0,0,0,0,0
som_train_track2_957,Zxp akanuuu madaxa isaran thy big fan ayan ku ahey zxp si uuu barnamijku uqurxooonado waxad ku dartaaa ooohin Markey kugu adkeyso gabadhu sidey u felceliso thanks pro one love,0,0,0,2,0,0
som_train_track2_958,Cilmi baaris: Shimbiro Soomaaliya ay caan ku tahay oo laga cabsi qabo in Afrika ay dabar go'aan,0,0,0,0,1,0
som_train_track2_959,Sidiii qarax dhacay cml ayan u sugaaay mahadsanid ugaaas,0,0,0,2,0,0
som_train_track2_960,USER Marwalbo iska dhooola cadeee waaayo waaad ku qurux badanthy,0,0,0,2,0,0
som_train_track2_961,Buuudhi madhan maydaaan ka ilbixinba ogaaadeeenooow? Hahaha,0,2,0,0,0,0
som_train_track2_962,Mr madaaale dhalinta xamar amni jidad ayey ubaaahan yihiiin ayagaaa shaqeysta 999 canshuuurta dalka bixiyay xuquuuq doooda usooo dhici Mr cumar finish waxaaan dhihi karaaa aqayaaar ogol inuuu dalka horey usocdo mahadsanid URL,0,0,0,0,0,0
som_train_track2_963,Kabihiii iyo Shaaadhkiii uuu xidhnaaa Ninkaygu ayaaan ka sooo helay ZOOOBE Maydkiiisiii ilaaa imika waaan laahay Hoooyo Aamina Aweys Maxamed ooo maaalintiii 2AAAD ku sugan Zooobe ayaaa sheeegtay inay baaadi gooobeyso Seygeeeda ooo lagu waaayey qaraxyadiii ka dhacay halkaaasi  URL,0,0,2,0,2,0
som_train_track2_964,Zxp video hore eee ninka walan iska dhigeysey iyo talefonka kajabineysa wanaaagsan INAGA DAAA KUWAN,0,0,0,0,0,0
som_train_track2_965,Adooomadaydu haday ikaaa waydiiiyan waxaaan ahay mid u dhaw Alllah SWT URL,0,0,0,0,0,0
som_train_track2_966,Guuushada waaa farxadena dear   bro Dirisle,0,0,0,1,0,0
som_train_track2_967,Qiiimo gaaara Ayuuu yeeesha waxkasto waqti fiiican Lasiiiyo xidhiiidhku xitaaa qiiimo weeeyn ayuuu yeeesha marka lamaaanuhu isu huraaan waqti ku filan marwalba qofkaga daryeeel ooo jawi dagan la qaaado si aaad U dareeensiiiso wehelkaaaga Naf_wadaaag URL,0,0,0,0,0,0
som_train_track2_968,Dhacdoyinka nocaaan ooo kala wa dhib badan yihiiin fadlan gabdha laftigeda baritaaan xogle ku sameeeya ooo ku Sabsan dhanka maskaxiyan ah 1 in laweydiyo sualo iska fud fud In loookeeeno ilmo family keda ay dhaleeen ooo kale ayado maskaxdeda lagu tijabinaaayo,0,0,0,0,0,0
som_train_track2_969,Maaan sha alaaah aaa dbaaad ugu mahadsantahay tabintaaada aaadka uquruxdabadan,0,0,0,2,0,0
som_train_track2_970,USER 32 sannno kadib hadddiii Bare laga fiiicnaaan lahaaa xaq bay ahaaan laheeed in wax laga sheeego Laaakiiin waaa laga siii daray mumaaasuq dhac dil dib u dhac dal laaaan Marka Maxaaa la faaaiiiday,0,0,2,0,0,0
som_train_track2_971,Ummmaddd dhan   ooo 15M ah .   Laga waddda helimayo dad dhawrsan   Lkn Adiguba Views Raaadis baaa tahay Video kasta maxaaa ku tusay. Subscribe taydiii waaan kaaala noqday.,1,0,0,0,0,0
som_train_track2_972,Maxakamadu waaa inay dil togasho ah ku xukuntaaa anigu waaanba layaaabanahay waxay maxkamadu raaadinayso inku filan way haysataaa looona sheeeg si kastooo wax u dhaceeene,2,0,0,0,0,0
som_train_track2_973,Jasiiiradan inagaaa leh lkn waxan garanwaaayay dawladiii Siyaaad Bare waxay usheeegan weysay xataaa waaayo Yemen waxay sheeegatay 19997 xiligaaas dalkeeenu wuuu burbursanaaa,1,0,0,0,0,0
som_train_track2_974,Waaa yaaabneee ma argagaxisaaa lala dagaaalaaa mise mucaaarad?.,0,0,0,0,0,3
som_train_track2_975,USER Atmis waaa in dalka loooga saaaraaa mudddadiii loooqabtay,2,0,0,0,0,0
som_train_track2_976,jack bro si dhawalka ukaceso iyo dagalka iga gadan 😂😂😂😘,0,0,0,2,0,0
som_train_track2_977,Wanoci xaranta😅waxba ka dhacei😅,0,2,0,0,0,0
som_train_track2_978,USER Maxkamada Ciiidamada Qalabka Sida ooo Maaanta xukun ku riday dhalinyaro duuubtay Muqaaal Pranki ahaaa,0,0,0,0,0,0
som_train_track2_979,asc umada sooomaliyeeed sooodhawaaada waxaaan umaleynayaaa iney ceeelku dhacday 15my lkn wey tooosidooontaaa,0,0,1,0,0,0
som_train_track2_980,Hedgehog AfGuri Caaano_qub ama Xidig_dhullleeed dadku waxay odhan jireeen Samaday kasooo dhacdaaa  URL URL,0,0,0,0,0,0
som_train_track2_981,asc maryacade sooo dhawooow nooo sooo gudbi warar hufan ooo dhexdhexaaadnimo ah sooomaaaliya ooo dhan iyo caaalamka lkn waxad iska ilaaalisa inad cid gaaara dhinaca saaarto sooomaaali haku sinaaadeeen somaliland buntaland banadir jubaland galmudug kgalbeeed si aaan kala jeclaysi ,0,0,0,0,0,0
som_train_track2_982,Inti abuuurka illlaaahey sareeeye bedeshahay nacaladiiisa haku dhacdo,2,0,0,0,0,0
som_train_track2_983,USER Eebooow waxaaan ka faaaiiidnay burbur iyo baaaba hooog iyo halaaag dhimasho iyo dhaaawac aaan dhamaaan,0,0,3,0,0,0
som_train_track2_984,LATEST Faaahfaaahino kasooo baxaya dagaaal Maaanta ka dhacay deeegaaanka Xalfoooleeey eee gobolka Hiiiraaan URL URL,0,0,0,0,0,0
som_train_track2_985,Wl Waxan Ku waydiiinlaha Magaca Tanaaad Macnihiiisa mahadsanid.,0,0,0,0,0,0
som_train_track2_986,Maxaaa shatiga qoooyay mise surwalka aaad ka waaad.lol,0,0,0,0,0,0
som_train_track2_987,Khilaaaf yar dartiii haw burburin xidhiiidh dhab ah  Aduuunka ma jiro ruuux dhamaystiran balse waxaaa jira xal xumaaanta lagagag gudbo iyo xaqiiiqo xubbbiga lagu xooojiyo,0,0,0,0,0,0
som_train_track2_988,Nio barnaaaminkiii dhaweeeyaha sooo sameee waaa asale sxb,0,0,0,0,0,0
som_train_track2_989,Reeer burco maxay culumada yaryar sifican uguso dhawayn waaayeeen?,0,0,0,0,0,0
som_train_track2_990,Nabi Muxammad (NNKH) hadal laga sheegay oo sababay dhimasho iyo dhaawac,0,0,0,0,2,0
som_train_track2_991,Estonia waxa ay ku dhawaaaqday in ay u wareeejin dooonto hubka firaaaro Ukrain sida uuu sheeegay wasiiirka gaaashaaandhiga Estonia  Hadddiii Ukraine ay hesho hubfiraaaro tani waaa horumar weyn waxayna u horseeedi dooontaaa khasaaare weyn ciiidamada Ruuushka  URL,0,0,0,0,2,0
som_train_track2_992,USER Goood Conduct go high when they go low Hala caytamin CBBB waxa kaliya ay aaamineeen in ay arsaaaqdaaan waaaye  Kasooo qaaad tuuugo ku xaddday kadibna baxsatey  Danahaaaga yaaad ka raaacaneee inta uuu kasooo gacan galaaayo Talo ma leh ay ka dhacayso  Lol,0,0,0,0,0,0
som_train_track2_993,Waxyaaabaha aaan leeeyahay waxaaa kamid ah mida iiigu daran qarixiii sooobe wuxuuu kadhacay meeel iiidhow allle ayaaa ega badbaaadiyey hadana manixin wlllaaahi waxaaan layaaabanaaa dadka or orodkoooda😭😭😭,0,0,2,0,0,0
som_train_track2_994,Isku xidhka golayaaasha France iyo Somaliland wanu siii wadi donaaa dhawaaana wefti kale ayaaa GWkiiilada France lakumidooona inshaAlllaaah  URL,0,0,0,0,0,0
som_train_track2_995,Halyeyad abwaaanad USER ooo tix yar ku Cabirtay dulmiga lagula dhaqmay iyo siyaaasada dalkayna sida ay isku badashay URL,0,0,1,0,0,0
som_train_track2_996,Caaawa anooo cadhooonaya waaad iga qosliseeen,0,0,0,1,0,0
som_train_track2_997,Intaaan taaangiga Kenya Kismaaayo sooo gelin 13 sano ka hor wuxuuu lahaaa anigu xukun ma rabo ooo waxaaan ka ganacsan dooonaya Arrragosto  Jooogista ninkani waaa habayn madow iyo Ragaaad ooo aaan baryayn iyo guuul darrrada Jubbbaland URL,0,2,0,0,0,0
som_train_track2_998,Cawankaaas gabadha sidan bahalnimada ah udilllay waaa in talllabo ku hobooon ooo tusaaale unoqota shaqsi kasta ooo ficilkan ooo kaso fuli karo. Hadiii kallle dhawaaan yanan maqalin ninkiii shaaadh reeer hebele ayuuu ku baxsaday waxan ooo kallle waaa ceeeb!!!,2,2,0,0,0,0
som_train_track2_999,War lagu faraxa noooga baxay lkn adi kuma farxad galenyasa wayo Qabyaldesatad tahay Waxa ku Caden axmad madoba markad xuseysid mwx dowld goboledka juba lnd dhada mwxd farama Ooma qudhid inta,0,2,0,0,0,0
som_train_track2_1000,Cabdulahi adi karta sucta aya tahay bahi haday kuqabato lacag in ad bixiso marabtid lacagtada wat ku arorta .maho wa in tijabiye wixi kadhacayo ha kadhacane,0,0,0,0,0,0
som_train_track2_1001,Arsenal ayaaa SIDEEED dhibcoood ooo nadiiif ah ku qabatay hogaaanka Premier League ka dib markiii ay deriskoooda ay neceb yihiiin eee Totttenham ay ku garaaaceeen 20 ciyaaar xiiiso badneyd ooo ka dhacday garooonka Totttenham Hotspur Stadium  URL,0,0,0,2,0,0
som_train_track2_1002,USER Maaah maaah sooomaliyeeed baaa ahayd ilmo hoooyadoood tuuugo thy caaano kama dhargaaan xasan gurguuurte iyo musuqmasuqana wa walalo,0,2,0,0,0,0
som_train_track2_1003,Ciddda qaylineysa waaa la yaqaaanaaa sheeekhoooduna waaa Siyaaad Barrre hadddana waxay arkaaan kacdooonkiii abooorkiii Siyaaad iyo wixi uuu watay eee wadddanka xaaaraaanta ku cunaaayey saaaray inuuu billlowday marka xaaarkay ceshan layihiiine meeela ha iska qayliyaaan URL,2,2,0,0,0,0
som_train_track2_1004,Innnaaa Lilllaaahi Wa Innnaaa Ileyhi RaaajicuuunWaxaaan tacsi tiiiraaanyo leh u dirayaaa dhammmaaan ummmaddda Sooomaaaliyeeed si gaaar ah ehelada shacabkiii birimageydada ahaaa eee ku shahiiiday qaraxiii argagixiso eee ay maaanta koooxaha arxanlaaaweyaaasha ahi ka gaysteeen magaaalada Muqdisho  URL,0,0,3,0,0,0
som_train_track2_1005,USER Zakariyooow ayaaantaaan arin Qosol iyo Xaqiiiqo isku karis ah baaad bilowday  Wali waxaaan la dhacsanaaa sidiii aaad ugashay maaalin dhawayd USER,0,0,0,0,0,0
som_train_track2_1006,Dadalka   Dacada   Baryada Alllah maxaaa yelay Alllah wuuu ka xishoda cid gacmaha kor utagtay inuuu iyado madhan dib ugu soceliyo,0,0,0,0,0,0
som_train_track2_1007,Dirisle adi qofki ku amana iyo kiii ku cayaba kama aman heln 😂 lkn I liked sidadddn u xanaqin qof wngsn ba tahay pro hore uso Sooomaaali wuxunby shegan lkn qof adigo kle ah ayunba kaso bixi kara Alll the best,0,0,0,2,0,0
som_train_track2_1008,Wa ilmo adeeeradi wlhi sido u hdlayo laga garnaya uuuf nacas ilmo wasaq jahil ah qaaab xun,0,2,0,0,0,0
som_train_track2_1009,USER Hambalyo 26 janaaayo 19991 waaa maaalintiii ururada USC SNM iyo SPM ka tuuureeen xukunka kaligiiis taliyihiii dhiiigyacabka ahaaay M Siyaaad barrre dalkana laga saaaray URL,0,0,0,2,0,0
som_train_track2_1010,Anigooo ah USER waxaaan kugu sooo dhawaynayaaa walaaal nimo iyo wanaaag URL,0,0,0,0,0,0
som_train_track2_1011,Muuqaalka Hitler oo qoslaya ay xaaskiisa ka duubtay ee dadka ka yaabiyay,0,0,0,0,0,1
som_train_track2_1012,USER Kaligi talis waaa eray looo adeeegsado qofka xukunka isku sooo koooba ama awoooda gacantiiisa kaliya galiya  hadan qaldanayn saaan ban filayaaa inay tahay,0,0,0,0,0,0
som_train_track2_1013,Gudoomiyihii Maxkamaddii xukuntay dilka Jeneraladii uu ka midka ahaa Salaad Gabayre oo geeriyooday,0,0,2,0,0,0
som_train_track2_1014,wlllo marka ku dhawaaaqdey magceyga jirkooo idil ayaaa damqadey anaba ismooodey,0,0,1,0,0,0
som_train_track2_1015,Saraaakisha boooliska eee dalka ayaaa gacanta ku dhigay nin burcad ah ooo ay baaadi gooobayeeen in mudddo ahEedeysanahan ooo lagu Magacaaabo Abdiqafar Abdirashid Abey ayaaa Malaaayiiin shilin ka dhacay shacabka  URL,0,0,0,0,1,0
som_train_track2_1016,@@@dalmarmohamed51000   Somalia waaa wadddan 30 sano burbursanaaa hasssan sheikh hadddiii uuu sirdooonka imaaaraaatka iyo jabuuuti aheeeyn muxuuu ukala diray ciiidamada qaranka eee iriteriya lagu sooo taba baray???,2,0,0,0,0,0
som_train_track2_1017,Qofku waxa uuu mooodaaa in shaqadu ay farxad gelinayso markaaas hadana waxa uuu u malaynayaaa in guuurku farxad gelinayo hadana waxa uuu u malaynayaaa in caruuurtu ka farxin dooonaaan waxana uuu siii wadi dooonaaa khiyaaaliga iyo dhalanteeedka ilaaa uuu ka dhinto  Cali Alwardi URL,0,0,0,0,0,0
som_train_track2_1018,Basasiiinti barika hore carabta way dili jirtey ninkan waxaaa uuu sameyey ayaaa qabsadey arintas ooo kale xukunkan ooo kale ku fiiican   maracade show waxaaad hada nooo deysaaa kuwa sanadahan hada ninkan xili hore ayuuu ahaaa hada basasiiinta carabta lagu qabtaaa ayar ayey u dhii,0,0,0,0,0,0
som_train_track2_1019,Ma xooolaha umada inay dhacaaan bay keeenen iyana 😁aaar meeesha haku madhaninaaa waxa waaa la isku fahmey iminka eee Marka busaaaradiii ku heshoba hadad xooolo umadeeed cunto marka danbe wad u dhimanay Aar is jira Buntland ooo ku rogaaal celisey inay xooolaha umahada kale c,0,2,0,0,0,0
som_train_track2_1020,55 Marka ha ka labolabeyn waxaaad noqon kartaaa qofka nasiiibka badan Waxaaa sidooo kale hadiyad looo diyaaariyey ka qeybgalayaaasha  URL,0,0,0,0,0,0
som_train_track2_1021,Goday waaa magaaalo taaariiikheeed mug wayn leh lkn magaaaladu aaad ayay u kulushahay wlhi xili qabow ay tahy wali ma aragba🙄,0,0,0,0,0,0
som_train_track2_1022,"Sidee ayay ku dhacay in nin aan haysan baasaboor, dal ku gal iyo tikid uu diyaarad ku tago Mareykanka?",0,0,0,0,0,0
som_train_track2_1023,@@@mohamet35 abyayoooy dhaqtar ma aday ileeen adigo xaaarka ceshan karinaaa ogayeee,0,2,0,0,0,0
som_train_track2_1024,Ogaaansho mahadsanid in kastooo aaanan magacaaada garaneeeynin   ku taxnadhaha barnamish ya daaada . Su.aaal .jawaaabteeeda ka helay ooo markaaas laga jawaaabi waaayey   thanks bro,0,0,0,0,0,0
som_train_track2_1025,USER Hogaaamiyeyaaashu waxay dadkooodu ku hogaaamiyaaan hiiigsi sinnnaaan daaacad iyo cadddaaalad mana raaadiyaaan cudur daaar ama marmarsiyo haddduuu khalad ama gaaabis xil gudasho dhankoooda ka yimaaado  Taaa bedddelkeeeda waxay si buuuxda u qaaataaan masuuuliyaddda fashilkoooda xalna u raaadiyaaan shacabka,0,0,0,0,0,0
som_train_track2_1026,Wlll   qurux ku dhigle waxan ahayn Willl reee Jigjiga marki asxabtada kamana tirsanayan lakin   waxan channnle kaga ka dawaday fimlka nabsi iyo naxdin magartay ninka raga libintisa waaa la siyaaa keeep going   adiga iyo gabdhaha ku jilayaya eee huno filmku maaa intasu ku dhamaday,0,0,0,1,0,0
som_train_track2_1027,wlll albaaab walbooo kaaaxiran allle hakuuu furo murugada farxad hakugu badalo culeyska allle hakaaa qaaado wlllyal 1000 subscribe iiisara xabibayal,0,0,0,0,0,0
som_train_track2_1028,Bin dhac igu siii caaanow🙏,0,0,0,0,0,0
som_train_track2_1029,USER Xildh  Kooodbuuur yare dilalkaaa uuu sheeegayo inay dhaceeen waxa habooonayd inuuu si qoto dheeer usooo baaadho sababta keeentay iyo cida sooo abaaabushay kadibna sooo bandhigo cadayntoooda ayay ahayd laaakiiin iska dheh uuun Wixiii xunba xaaawa ayaaa leh waaa xilkas daro weyn,1,1,0,0,0,0
som_train_track2_1030,USER Hadal jaaahi yidhi iska dheh dadka maindhahaaad qaban yaaa cunsuri benaleah,2,2,0,0,0,0
som_train_track2_1031,USER Waaad  Qurxooon tahay  Balse  Isqabo  Waaad cayishaye thanks,0,1,0,0,0,0
som_train_track2_1032,Barnaaaminlaaan sidooo filimka ah yaaa Fashil markiii danbe,0,0,0,0,0,0
som_train_track2_1033,BNSomalia Khamiiis Dec 8 20222Faaahfaaahino kasooo baxaya dagaaal culus ooo ka dhacay deeegaaanka Beeerxaaano eee gobolka Hiiiraaan URL Somalia,0,0,0,0,0,0
som_train_track2_1034,Adigo Noloshada ku faraxsan ayey kuso dhawanayan waxa Anay kusinayan jacayl iyo farxad ku dhisan benMarka aaad qabatinto eee Aad u bahanato ayey ka fogaaanayan  Waxay kugu sagotinayan hadal xun ooo xanaf leh  Waxay kugu berayan dhawac Aan dhaymo lahayn  Naaafada caaashaqeee aduuunka URL,0,0,2,0,0,0
som_train_track2_1035,Hhhh ar kanaaa caaay badanaaa weee sooo dhawar weynyihiiin kulahaaa,0,1,0,0,0,0
som_train_track2_1036,waxaaa farxad weyn inooo ah maaanta inaaan aragno ciiidan somaliyeeed ooo intaaa leeg in tababar looo soooxiray waaa mahadsan yahay madaxweynihiii hore USER waxaaan hadana kafilaynaaa maxadweyne USER in uuu dhisi dooono ciiidan intaaas kabadan kana tayo sareyso mahadsnid URL,0,0,0,2,0,0
som_train_track2_1037,🤔🤯🙄 maracade walaaal shekadan waaa sheko layskasooo handisay dad sirdooon ah wadamo kale ayjogan ooo dhacdoyin qatar ah sidiii film hindi jilayaaan 😀waaa sheko Beeen xogaaa utartiiibi Bro 🤯❓,0,1,0,0,0,0
som_train_track2_1038,Iqro hoooyadeeed qaraxiii kooowaaad ayay ku dhimatay balse nasiiib darrro iyadooo Hoooyadeeed ka wardoooni rabta ayay Qaraxiii labaaad ku geeeriyoday iyadaneWaaa gabar iyo Hoooyadeeed ooo labo qarax ooo isku xiga ku geeeriyodeeen maaanta  Waaa dhacdo murugo iyo xanuuun leh runtiii URL,0,0,2,0,1,0
som_train_track2_1039,Alxamdulilllah 🤲 allle mahadooodhan iskaleh hoooyada qalbigeeeda farxada ugu deeeqey ooo ilmaheeeda u sooo celiyey intiii kaqeyb qaaatey allle haka abaaal mariyo.,0,0,0,2,0,0
som_train_track2_1040,"Waaa muuuqaaalka igu qosolka badnaaa hadana igu waxtarka badnaaa inbadan waaan Hurdaaayay Hada jiiifka waaan ka kacay alxamdulilllahi, waaadna mahadsantahay Inbadan aaan lasoookooobi karin Cumar Walaaalkay Horay Usoco Anooo Kugu Dhiiirigalinaaayo Wax qabadkaaada Mahadsanid Janaaa",0,0,0,3,0,0
som_train_track2_1041,"Mwende Mutiso ""Hal naas oo la iga gooyay micnaheeda ma aha in aan ka tagay dumarnimadii""",0,0,0,0,0,0
som_train_track2_1042,Marka aaad siday rabaaan u yeeesho ooo waxay kaaa rabaaan aaad u fuliso ooo lagaaa dhigto wadadiii hooojinta dadkaaada amp dalkaaada looo mari lahaaa ayey hadhow magacyo kuuu bixiyaaan iskana kaaa fogeeeyaaan illleeen dantiii lagaaa lahaaa waaa lagugu gaaarayAaway maaanta kuwiii shalay burburiyay dalkeeennna,0,1,0,0,0,0
som_train_track2_1043,waaa dhacdo qatar ah,0,0,0,0,0,2
som_train_track2_1044,Haniyad jabin abayo wd caaafimaaadeee i.a😥🤲🤲🤲,0,0,0,0,0,0
som_train_track2_1045,Waaa sababta ay North Korean ay lay rarka ugu yaryihin marka dayax gacmedyada lagusawiro sawirada hawasa sare lagu qado North Korean wa mugdi bc waxay qarinayan hubka iyo awododa ciiidan,0,0,0,0,0,0
som_train_track2_1046,USER Waxa mar walba niyada ku heysaaan ragana ino joooga hogaaanka iney horey u sameeeyeeen arinkan kana waaa copygiiisiii marka ilama aha waxa aaad fileysay iney kula noqdaaan mardhac eee fisha waxaaan iyo wax ka xun eee dhawaaaqa yaaan laga daaalin,0,0,0,0,0,0
som_train_track2_1047,Waayaha Muslimad dharka xayeysiisa oo aan walaac ka qabin,0,0,0,0,0,0
som_train_track2_1048,Alllah ha sharafeeeyo alllah ha karameeeyo magicisa iyo muuuqisa ha jiro mahamed abadulahi farmaaajo isha cadow alllah haka qabto kuli uuuka qurux badan yahy waaa xalalcun Mashaaaاللله,0,0,0,2,0,0
som_train_track2_1049,Wcswrw wlll mahadsanid,0,0,0,0,0,0
som_train_track2_1050,Walllaaahi waaa mowduuuc murugo leh,0,0,2,0,0,0
som_train_track2_1051,oursheeekoJUXA ayaaa khamiiiskiiisji meeel ka sooo dhacayKadib waxaaa looo sheeegay inuuu khamiiiskiiisiii meeel ka sooo dhacay Kadib uuu oooyay Juxa Kadib waxaaa La waydiiiyay maxaaad la oyday Asiga kulahaaa lacalaaa hadaaan xirnaaan lahaaa khamiiiskaaa sow masooo dheceeen ooo ma dhinteeen,0,0,0,0,0,0
som_train_track2_1052,asc magacaygu waaa axmed shaaafi ooo ku noool magaaalada burco runtiii sheeekada waaan la socday bilow ila dhamaaad runtiii qiso naxdin badan iyo murugo badan bay ahd ooo ku cimro qaaadasho badan runtiii sxb maxamed ciiise maxamuuud aaad baaad ugu mahadsnidtahay sida aaad nooogu ,0,0,2,0,0,0
som_train_track2_1053,Qalad weyn ayey ahayd xukuuumaddda Somaliland inay Yusuf Garad u ogolaaato kasooo qayb galka aaaskiii Alllah ha u naxariiisteee Abwaaan HadraaawiCadaaawaddda Y Garaaad u hayo Qarankan ma jiro qof Somaliya ooo u hayaaa  Madaxa BBBCSomali wakhtiguuu ahaaa wuxuuu si walba iskugu dayey burburka SL  URL URL,2,0,0,0,0,0
som_train_track2_1054,Waaa wax dhicikaro Abdikheyr Muhumed lanafilaaayo in aydhacdo ama kudhawaqn barito,0,0,0,0,0,0
som_train_track2_1055,"Mansha-Alllah Guuul Iyo Goboniiimo Iyo Horumar Jamuriiiyada Barakaysan Ee Somaliland 4 Ever Insha-Alllah Amiiin Horalooo-Socooonaya,,, Waleee Ilaaahay Swt Baaa Horey Inooogu Sheeegay Al-Argaaagiiixiiiso Iyo Al-Munaaafaq Iyo Al-Khain Iyo Al-Kadiiib Iyo Al-Xaaasid Weliiigoood Ma Gu",0,0,0,2,0,0
som_train_track2_1056,Dr.Sadiq Sarkaaal Cade rabi hakaaa abaaal mariyo sida wangsaaan eee aaad udeeegayso bulshadaaada mahadsanid,0,0,0,2,0,0
som_train_track2_1057,Fuleysana ooo xooog weyna jareeerta walllahi cunsuri nimo igama ahan waaa wax aaan arkay😂,0,2,0,0,0,0
som_train_track2_1058,Kkkk waaan fiiiriyey balse markaaan tiri argagixiso kumaba siii dhifan sababtooo ah qof xanaaaqsan baaad tahay qof xanaaaqsannna waaa marfuuucul qalam hadaba markaaad cid taaariiikh ka samayneysid lama caytamo ooo dhexdhexaaad ayaaa lanoqdaaa,2,0,0,0,0,0
som_train_track2_1059,Dagaalamayaal loo maleynayo Al Shabaab oo weeraray deegaan katirsan Gaarisa,0,0,0,0,2,0
som_train_track2_1060,Maaanta Jaaanacadiii Golis Ardaydiii Ka Qalin jabinaysay Iyo Gud Faisal Ali Xuseeen Maxaaa Kala Qabsaday Eng Faysal Ayaaa Qudbadiiisiii Ku Waydiiiyay Ardayda Miyaynu Diktayrnimada Ka Aqbalaaa MW Muuuse Iyo Jawaaabtiii Ardayda Oo Ahayd Haaa Haaa Haaa Haaa Haaa Faaaladu Waaa Xagiiina URL,0,0,0,0,0,0
som_train_track2_1061,USER Waaa wada siyaaasiyin nolosha ka dhacayCiiiri sida uga gambanayso Damshab  Rooobow say uga gabanayso fiiiriShib ayeeey ka tahayXisaaabtay isku dhufsatay xasan sh u iljabinaysa reeer galbeeedka u iljabinaysaWaaa wax wada dhintay gooor hore,0,2,0,0,0,0
som_train_track2_1062,USER Mareykanka ooo ah wadan weyn 52 gobol ka koooban hadi sanadki ku dhintaaan 1000 qof sidaaasna amni fara uga baxay aduuun wa kala tegay wlh wxan kaso guuuray wadan afrika kuyaaal 9 gobol ah laguna dilo 8640 qof sanadki dhimasho crime sababsato mrka idinkaba jannno ku jira,0,0,2,0,2,0
som_train_track2_1063,Sanadkiii 2020ki ayaaa twittterka NISA lagu baaahiyey muuuqaaalka Abshir Gaaarane ooo qiranayo inuuu 13 sano ka tirsanaaa AlShabaaab balse waxa looo gaystay jirdil ilaaa uuu naftisa ku badbaaadiyey Alshabab ayaaan ahay waaana siyaaasaddda dadka ka sooo horjeeeda ay kula kacaysay dawladaaasi  URL,0,0,2,0,0,0
som_train_track2_1064,Aan salaaamo ummmaddda Hambalyo wanagsan iyo farxada maaalinta Xoriyada Ku faaana in aaad tahay Sooomaaali maaalinta xorrriyaddda waaa in ay noqotaaa mid kor u qaaadaysa wadddaniyad iyo dhiiirigelin horumarka dalkeeenu waxay ku xidhan tahay sidiii aynu u dhisi lahayn iskuxidhnaaan bulsho iyo URL,0,0,0,2,0,0
som_train_track2_1065,Ar waaa Qaraciiiyara Ee Reee Jigjiga youtube ayaaa kugu cusube bari dhaw waaa laga xiiisa dhacaya walahi ana ku idhi Ee ha ismooodin inaaad ku shidan yahay,0,1,0,0,0,0
som_train_track2_1066,Taliyaha ciiidanka xoooggga dalka Odowaaa Yuuusuf Raaage ayaaa sheeegay in howlgal ay iska kaaashadeeen ciiidanka xoooggga iyo kuwa ATMIS ooo ka dhacay deeegaaanka Danow eee gobolka ShHooose lagu dilay 23dagaaalyahan ooo katirsan Al Shabaaab  URL,0,0,0,0,2,0
som_train_track2_1067,"Waxan bilaaabay shaaakadan dhegaysigeeeda 9/1/2023 - waxaaanan dhameeeyay 111/1/2023 waaa sheeeko aaad uxiiiso badan, dhanka kale murugo/farxad/cawaaaqib -xumo wada socda ku salaysan, qofkuna haduuu sharaftiiisa iyo diiintiiisa iyo dalkiiisa iiibsado inuuu nolol xun ku danbaynaaa",0,0,0,2,0,0
som_train_track2_1068,masha alllah thnks wlll waxbdan ayaaa kaaa faaaidnay alllha ku dhawro❤,0,0,0,0,0,0
som_train_track2_1069,Xitaaa 5tiii madaxweyne eee Sooomaaaliya 2000 2021 eee Abdiqasim Abdulllahi Yusuf Sheikh Shariiif Xasan Sheeekh amp Farmaaajo xukuuumadahooodiii dhalasho kadddib waxay mareeen saxariiirta kacaaanada ooo kale Hogggaaankiii ooo iskhilaaafay Iskudhac yimid Fashil xigey47 URL,0,0,0,0,0,0
som_train_track2_1070,Aniga la yabey israil sooo nabi muuuse ma ka dhalanin sooo nabi yacquuub ka dhalin   dhulkaaan waaa giii fircooon dag naaayeeen waaana ilmo nabi yacquuub marka maxuuu ka hadlayaaa ninkaaan,0,0,0,0,0,1
som_train_track2_1071,USER DrShafici ethics caaafimadka meeel bu kaga dhacay misinformation badan baaa bukanada la siiinayaaaWaxaaan isheeeyda saaaray dad dhib Ka sooo gaaaray qaliiimo unnnecesssary ah ooo lagu sameeeyayBurada Ay sheeegayaaa waaan benign tumor or sometime lipoma,1,0,2,0,0,0
som_train_track2_1072,Ninkii uu dilkiisa sababay isku dhicii Spain iyo Mexico,0,0,0,0,0,1
som_train_track2_1073,Wakhti ayay ahayd Aan hormar gaaadhnay wlllhi ilmo Ku qabanayza farxada dalkeeena iyo arimaha sirdooon inzha alllah wakhtigiii INA dhaaafay wuuu zooo laaaban,0,0,0,2,0,0
som_train_track2_1074,Sida uu u dhacay weerar loo geystay masjid ku yaalla Minnesota,0,0,0,0,2,0
som_train_track2_1075,Hadddan Reeer burco nhy dulmiga nalaga galo lagumasi jooogo,0,0,0,0,0,0
som_train_track2_1076,Sida Senatorkan Soomaaliyeed lacag looga dhacay markii 'la sixray',0,0,0,0,0,0
som_train_track2_1077,Waxaaan rabnaaa inaaan xaqiiiqada ku nooolaaano inaaan Alllah la nooolaaano SWT ooo wax kasta uuu yiraaahdo aaan ka rumayno ma aha inaaan iiiman sheeegannno misana rumayn wayno rumayn laaaantuna khasab ma aha in looo qasdo ama lagu dhawaaaqe waxaaa ku filan in sheeegashada iyo dhaqanku is buriyan,0,0,0,0,0,0
som_train_track2_1078,Waxaaan kusiyeeey jacayl waxaaan ku hurey daryeeeL waxaaan ku hadyadeyey naftayda waxan kula dhaqmay si waaanag ku jiro Laaakin maxaaad is isisay adigu waxanan ilaaawi karin kasooo qalpigayga kureeebay mahadho weyn ooon ka masaxmeyn hadddan wax walba sameeeYo kaaaso ah dhawac,0,0,3,0,0,0
som_train_track2_1079,Oromadu Ethiopia 🇪🇹 iyadaaa maaamusha ooo xukunkeeeda haysa Masuuuliyiiinta Somalida kililka eee Ethiopia 🇪🇹 kuma dhacaaan islaaanta orormada ah İNAY xooog u adeeegsadaaan ama ilmaha baaadhaaan abey Ahmed ayey la hadlaysa Gumaysi xumaaa Aim From Somalıland 🇭🇺 alxmdlh Haday So,0,1,0,0,0,0
som_train_track2_1080,Wuxuuu ku tusaya barmamujkani inay gaaaladu iman lahayn   Nidaaamkiii qoskuna burburay   Hablihiii somali manta waxay ku dooodayan sidiii aaanay guriga uga shaqayseeen wa nala gumaysanaya .hadawadaaan naaagta cad iyo nolasha rer qalbeeed ka qosyku siduuu u burburay,0,1,0,0,0,0
som_train_track2_1081,Waxa hadda ka dhacaya fadhiga baarlamaanka ee qasbay in madaxweyne Xasan Sheekh uu su'aal ka keeno,0,0,0,0,0,0
som_train_track2_1082,Yaaahuuu😂ha oooyin cabdallle akm shabalaaaza ha oooyin plz brnmij leee wye ha oooyin calooosha hana hurin😢ka hari wayseee waaa ku heystaaa abooow😂lkn akanuuu plz ma fiiicno saaan dadka inaaa qaaab xooog iyo askar ama dil iwm abooow joooji plz subxaaanalllah cabsiiintu cuqubo wye ,0,0,0,1,0,0
som_train_track2_1083,Wixiii xakhiiijin ah adigan kaaasugeyna ooo RW la ilmo adeeer ah dhegtaaa inoi taaagan manta wan hurdikaraaa,0,0,0,0,0,0
som_train_track2_1084,Guuud ahaaan muslimiiinta caaalamka gaaar ahaaan ummmada sooomaaaliyeeed meeel walba ooo ay jooogaaan waxaaan ugu hambalyaynayaaa munaaasibaddda ciiidul fidriga Waxaaan leeeyahay ciiid wanaaagsan ku ciiida farxad iyo caaafimaaad Eebana sanadka sanadkiiisa ha inagu gaaadhsiiiyo nabad bash bash iyo badhaaadhe URL,0,0,0,3,0,0
som_train_track2_1085,Si kaste wan iskuku dhacna aniga io xupigygu lkn mkla fogaaano alllow hnkla fogeeen ameeen inta jcylka aaamizan like igu qabo🙏🙏🙏,0,0,0,2,0,0
som_train_track2_1086,Walllhi waaa ilmo xalaaal wiiilkaaasi waaan ilaaaway inay pranki thy runleee moooday wlahi 😢😢😢,0,0,1,0,0,0
som_train_track2_1087,USER Wataaa afrika sidaaa looogu dawarsanayo meeeh dadkiii lahaaa URL,0,0,1,0,0,0
som_train_track2_1088,NewProfilePic Marnaba ma Fahmi Dooontid waxyeeelada Aad qof u geysatid ilaaa inta ay kugu dhacayaaan wax Lamid ah URL,0,0,0,0,0,0
som_train_track2_1089,Hees aanan weligay maqal! Waa yaab! ,0,0,0,0,0,3
som_train_track2_1090,nasra love nosooo sawir hno allla haku dhawreee,0,0,0,0,0,0
som_train_track2_1091,Mahadsanid wlllo qali hore u soco .   Wlll ma helaysaaa dad kula turjuma codadka sida qof dumar ah iyo rag waaayo sheeekadu waxay kusiii wacan tahay dhawr qof ooo turjuma . Mhdsanid,0,0,0,0,0,0
som_train_track2_1092,USER Runti wuxuuu salka ku haaaya kala goa Sooomaaaliya markiii XORRRIYADA ooo aaan cadddaaalad xukunki looo qeybsanin  Waxaaa dhacday dawladddiii 1960kiii la dhisay in ay Kooonfur ay wada qaaadatay Madaxweynihi iyo Raiiisul Wasaaarihi meeeshi la kala qaaadan lahaaay labadi gobol ooo isku yimid,0,0,0,0,0,0
som_train_track2_1093,Halkan waxa ku nooolDumar aaad u qurxonDhab ahanti waaan la dhacay waxaaan idiiin le yahayMe welcome,0,0,0,3,0,0
som_train_track2_1094,USER Kkkk news miyaaa laga dhigaaa marka,0,0,0,0,0,1
som_train_track2_1095,Ani waxan isleyhy dilaga ubaxa gududan inathy yara gabadhiii amirada udhaweyd ooo dilaga soqabese🧐🤔🤔🤔,0,0,0,0,0,0
som_train_track2_1096,Hadaaan sidiii futo ari looo feydin ma fayooobaaato Hurdo waaa dhamaaatay laaakiiin waxaaan aaad ugu xumahay kuwa fashil koooda u sacbinaya waxay ahayd iney tumaaan koooxda muuusikada ciiidanka Buliiisku muuusikadiii ahayd nin lagu seeexdow haseeexan nasiiib darose waaa ka hooos baxday URL,0,0,1,0,0,0
som_train_track2_1097,USER Isaaaq baaad necebtahay hadddana deee niiicdaaas aaad halkan kaga dhareeerisidna waaa itaaalkaaaga adigiyo xaaaroood ooo dhan  Inta qiyamuhu ka dhacayo sidaaasad u ciyaysaaane Ilaaahay dad idin dhaaama tolkiiin ha siiiyo,2,2,0,0,0,0
som_train_track2_1098,Kan yare xaga danbe joga   wuuu dhawakhy walhi waaad igaaa   qoslisay 😁😁😁,0,0,0,2,0,0
som_train_track2_1099,Maxaa ku dhacaya jirkaaga markaad joojiso cabista qaxwaha ama aad yareyso,0,0,0,0,0,0
som_train_track2_1100,Waaar ninkan Haday ogadeeen Qabasan wayan waxa ku dhaca somalibay samaydonta Hadiiikale umada sicadiya ooo dhex dhexad Aha ha u waraysto xageeebu odayga Afkisa waxa xuman Ah uga badhaya Walhi ninkan waxa Haysa Qabilaysinomo eee wariye dhexAh mah Wayo ciyalku wayshaqaysataaa,0,2,0,0,0,0
som_train_track2_1101,Marar badan ayaaan is weydiiin jiray marka aaan seeexdo habeeenki sababtu waqtigu ugu yaryahay maaalintiii . Mararka qaaar markiii leeey kacsho waxaaan dhahaaa war mar dhaw leeenba seeexday . Waqtiga waaa cajiiib,0,0,0,0,0,0
som_train_track2_1102,Waxaaan kuwada riyooonay ani io adi riyo aaad uqurux badan palse manta wxaaa daremayaaa ama aaan arkayaaa in ay riyadas siii burbureyso,0,0,2,0,0,0
som_train_track2_1103,Mash alah koooxda qurxdabadana waxaaa idin leyahay keeep going,0,0,0,1,0,0
som_train_track2_1104,Masha alllah farxad ku nooolow,0,0,0,1,0,0
som_train_track2_1105,Alllah ku caaafiyo haniyad jabin walaaashayda wax waliba allle tarasaaaro,0,0,0,0,0,0
som_train_track2_1106,Dalka kuuuba dunida ayaaan ugu necbahay waaayo waxaaay ahayd awooodi burburisey somaliya 777 iyado itopiya garap sinaysa 😡😡😡👊👊👊,0,2,0,0,0,0
som_train_track2_1107,Afar arrimood oo saameyn doona dagaalka Ukraine 2024,0,0,0,0,0,0
som_train_track2_1108,Wiiilashi dhan abooo salaxow aaa ka kentay 🤣🤣🤣. Faaaraxyasha hanaga jajabin 😀,0,0,0,2,0,0
som_train_track2_1109,Wlllow alah kucaaafiyeee ha iskugu dhawaaanin mardabe,0,0,0,0,0,0
som_train_track2_1110,Ethiopia sida aaad ku sheeegayso   Way ka duwan tahay boqolkiiiba 40 ayaaa muslim ah   Gooobaha amxaaaro unbaaad faaan kala dul dhacday   Gooobo muslim ooo qadiiimi ah ayaaa jira   Sida qasriga jima Iyo masjiiid najashi   Dalki ugu horeyay eee boqor ka sooo jeeedai muslimo gudaha,0,0,0,0,0,0
som_train_track2_1111,Dadkan sida muuuqata waxa lagu dhacay ooo ay aaamineeen muuuqaaalka qofka labiskiiisss iyo qaaabka uuu muuuqdo waaana qaladka ugu weyn ay galeeen. Waliga qofna adooon baran muuuqaaalkiiisa hakuso dhowayn hana ku fogayn.,0,0,0,0,0,0
som_train_track2_1112,Waxaaan tacsi uc dirayaaa dadkiii lagu laaayay rabshadiii ka dhacay gobolada sooomali land gaaar ahaaan hargaysa burco iyo ceeerigabo ooops maaanta qaaar ka mid lagu aaasay hargaysa ilaaahay qabriga ha uc nuuuro Amiiin,0,0,2,0,0,0
som_train_track2_1113,Ilhow usooodhaweee hoooyadaaa miskiiintaaa rabiyow murugada kaqaaad ooo bbbe geeeda usooo dhaweee,0,0,2,0,0,0
som_train_track2_1114,USER Waxba maqli waaayo walaaale  HSM hadddal laga daaalaaay 20122017  Jidka furan ooo keliya waaa in laaays ka qabto HSM iyo koooxdiiisa ooo ku daaaban UAE iyo Kenya  Dhibaaatoooyinkale Waaa la xalinkaraaa  Laaakiiin kuwaaan jirtaaanka dadka iyo dalka ayaaay khatar ku yihiiin,0,0,0,0,1,0
som_train_track2_1115,Alllha usooo dhaweeeyo,0,0,2,0,0,0
som_train_track2_1116,Sedeee aaay ku dhacaysaaa inay hastaaan talafooonka alada wax duuubta 1958,0,0,0,0,0,2
som_train_track2_1117,Isku dayga dil eee saaaka ka dhacay guriga musharax Cirrro waxay ka turjamaysa in Durbaaan ka looo tumaaayo habar Habarti taaasi haday bilaaabmatana ciddda ay ku xuntahay waaa la garanaya waaana la arki dooona  URL,0,0,0,0,2,0
som_train_track2_1118,USER Hhhh labbbadaba waaa isku mid,0,0,0,0,0,0
som_train_track2_1119,Garaaad Abdilaaahi garaaad salebaaan Oo si diiiran Looogu sooodhaweyey Laaascaaanoood URL,0,0,0,2,0,0
som_train_track2_1120,Muslimiinta Hindiya: Hadal-heyn xoog leh oo ka dhalatay nin Salaad ku xirtay meel aan loo oggolayn?,0,0,0,0,0,0
som_train_track2_1121,BNSomalia Maxaaa ka dhacay Magaaalada Muqdisho 14 sano ka hor maaanta ooo kale 15kiii January URL Somalia,0,0,0,0,0,0
som_train_track2_1122,Sawirka marki kor laga eeego wexey umuuuqdaaan in ay isku dhawaaadeeen Lkn jooog ahaaan 4000m wax Ka badan ayaaa u dhexeeeyay,0,0,0,0,0,0
som_train_track2_1123,Waxaaan hanbalyo u dirayaaa cabdiraxmaaan shoootali iyo dadaaalka uuu ugu jiro Sidiii uuu caaalamka ugu sooo bandhigay musuqmaaasuqa xukuuumaddda MBiiixi iyo booobka iyo dhaca hantidiii qaranka iyo eeexda iyo qabyaaaladdda uuu dadkiii dalka u kala qeybiyay Iyo cadaaalad darada ka jirta dalka,0,0,0,1,0,0
som_train_track2_1124,Dadka muslimka ah qaaarkoood waxay u baaahanyihiiin in ay wanaaa jiyaaan Muslim nimadoooda  Waxaaan arkay wiiil Sooomali ah ooo tuuug damcay in uuu xado garaaacay illlaaa uuu dhulka ku dhacay ama miyir dorsomay  Muyusan ogayn misan in la sarayo dhibta uuu gaystay aaakhiro,0,0,2,0,0,0
som_train_track2_1125,10 baneeeye qof ayaaa isku dayey adiga hortaaa iney gacanta igu sooo dhigaaan wayney ku fashilmeeen adiguna waxba kama duwanid dadkaaas,0,1,0,0,0,0
som_train_track2_1126,Kolay dhacdadaaa filun cajiiib ah ayay shirkada bolllywoood eee hindiya kasooo samayn dooontaaa,0,0,0,0,0,0
som_train_track2_1127,War somali hadan nahanay qoftan ooo kale Waaa an faceeesa Waaa sooo dhaweeen lahen isbaaaro yar ayaaa losamen laha ooo lacag ku heeesho,0,0,0,0,0,0
som_train_track2_1128,😂😂😂 Alllah 😂😂😂 qosolka Istaqfurulllah kan sobadiii 😂😂😂,0,0,0,2,0,0
som_train_track2_1129,Iskal ilaaasha sinada iyo   siiigada xuman alllah halaga baqo cfimaaad adad rabtaaan iska jira   Anigu waxan la dadaaal dhacay cudurka hepeatis b ooo an qaday   Dhamaaantiiin iso ducaya wlllayaaal in ilahay i cafiyo,0,0,2,0,0,0
som_train_track2_1130,USER Taaariiilhda dalku 19991 waaa kawayntahay oday saaa ulosoco Tusaaale kallle caydid iyo cali mahdi maxaaa dhex maray xitaaa waxay garanwaaayeeen war dakiii kallle baxeee eee bal xukunka kuheshiiiya ooo sooomaaali utashta 20 years kabacdi waaa lagggu sooo laaabtay ooo dib looogu garnaqay,0,0,1,0,0,0
som_train_track2_1131,Allla maxa barooor kadhacaysa qoladiii,0,1,0,0,0,0
som_train_track2_1132,Anigo dharka ku xiday ooo afff somaliga ku barAy ooo dabada dheeer ka jaraY miYad ila Hadli karta garam garamkiyaw Here Is one of yoru own laying it down without hesitation  Adooonkaygi ayad tahaye wellliga ha Ilooobin in dulka inta lagu seeexiyo talyanigu kuGu dul soCon Jireeen URL URL,0,2,0,0,0,0
som_train_track2_1133,Dadkaaan waaa another level gcna utaaagay marna hiraaan state ku dhawaqa marna hir shabeeele gar iyo gardaro waaa idin wataaa reeer abe,0,0,0,1,0,0
som_train_track2_1134,Tolkiii isaaaq ahaaa cawa in ay kooomo wada galaaan ayaaan ka cabsi qabaaa warkaaan waaa mid ka nahiyey,0,0,0,0,1,0
som_train_track2_1135,Masha alaaah wlllkey maracade   alaha ku daaayo waaan la dhacay wlllhi   waxan   arkaaa wax aaan   tuhunsanaaa   ooo hal hal aaad u xaqiiijinayso alah ku daaayo iftiiimiye   hambalyo,0,0,0,2,0,0
som_train_track2_1136,Weerar ka dhacay dalka Nigeria oo ay askar ku dhinteen,0,0,0,0,2,0
som_train_track2_1137,USER Garashada garaaadka iyo aqooontu waaa waxa kaliyaaata eee baniaaadmigu isku dhaaafay Msss Zam zam Eebe ha ku dhawro  Sumadaaan aaad nala wadaaagtay waaa mid Cajiiib ah,0,0,0,2,0,0
som_train_track2_1138,Waa maxay feyraska laga cabsi qabo in uu dunida ku faafo?,0,0,0,0,2,0
som_train_track2_1139,Waaa qiso mudan ku dayasho somaliyeeey gelaaad naga dhacdeeen noso celiya sidiii bilaaa geeel uneee 😂,0,0,0,1,0,0
som_train_track2_1140,wlll albaaab walbooo kaaaxiran allle hakuuu furo murugada farxad hakugu badalo culeys kasta oooidin heysta alllah idinka qaaado wlll 1000 subscribe iiisaaara xabibayal🇸🇴🇸🇴🇸🇴🙏🙏🙏,0,0,0,0,0,0
som_train_track2_1141,USER Qof wayn ooo madhan malin kasta 1000 sawir caaadi iska dhig ooo nolol iyo horumar sameee yakhey,0,2,0,0,0,0
som_train_track2_1142,Laaascanoood Garaaad Abdirisak Garaaad Sooofe iyo wefti uuu hogggaaaminayo ayaaa haddda sooo gaaadhay  Dadweyne shucuuur farxadeeed ka muuuqato ooo lulaya calankoooda cirka u eg ayaaa sooo dhoweeeyay  URL,0,0,0,1,0,0
som_train_track2_1143,War wiiilka may sixreeen say wax ujireeen waaaba khatar inoooqarsooonayde,0,0,0,0,0,1
som_train_track2_1144,Antoine Griezmannn Afar sano ka hor ka dib semifinalkiii Belgium waaan oooyay haddda waxaaan diiirada saaarayaaa axada intiii aaan u dabaaaldegi lahaaa guuushaaan waaa inaaan si wanaaagsan u sooo kabsano ooo aaan isku diyaaarinaaa finalka  URL,0,0,0,2,0,0
som_train_track2_1145,@@@abdulllaaahigmail90888 Nin raggga thy xooolahagana nin faaacaya la ooorday waaa isk deeeyna caqli mia shb xaqaaaga sida looo dhacsaaado baaaro 😊,0,1,0,0,0,0
som_train_track2_1146,Madaxweyne HSM haddda waaa in uuu u kala Dab QAAADO Eritrea Itooobiya iyo Tigreee si looo DHAMEEEYO dhibaaata keeentay burbur NAF iyo Hanti  Mida kale Itooobiya waaa in ay Somalia kala dhiciso ayadana iska dhiciso si xasiloooni looogu helo Geeeska Afrika  USER,0,0,0,0,0,0
som_train_track2_1147,Saxib waaad nagala habsantay malmahan barnaaamika malmahan mahadsanid,0,0,0,0,0,0
som_train_track2_1148,Ruwaydi naxdin iyo naaasiiib away moooso daya jawab,0,0,0,0,0,0
som_train_track2_1149,LOGANSuuurtagal ma tahay inaaad ku jirto dadka aaanan weli daaawan flimaka Mid ka mid ah filimada Actionka ah eee ugu awoooddda badan sannnadihiii la sooo dhaaafay ooo ku saaabsan nin gacanta ku leh awoood dheeerad ah ooo isku dayaya inuuu ilaaaliyo ilmo looogu hanjabay dil URL,0,0,0,0,0,0
som_train_track2_1150,Dhaktar ciyaartoyda dhiig siin jiray oo xukun lagu riday,0,0,0,0,0,1
som_train_track2_1151,Sooomaaaliyeeey arintaaan waaa burburin qoys,0,0,0,0,1,0
som_train_track2_1152,Waaa warkiii iiigu farxada badnaaa eee maqlo sanadkaaan,0,0,0,2,0,0
som_train_track2_1153,Kanye West: Fannaanka u tartamaya xilka madaxweynaha Mareykanka ee laga yaaban yahay,0,0,0,0,0,1
som_train_track2_1154,Weerarkii Dar Es Salaam: Ma Soomaali baa ninka weerarka ka geystay Tanzania?,0,0,0,0,0,0
som_train_track2_1155,Maraykanka iyo wadamo kale oo ka digaya weeraro argagixiso oo ay qaado al Shabaab,0,0,0,0,2,0
som_train_track2_1156,qalbijqcayl inaaan ahay waxaaan isku kadareeemay naaagta codkeeeda markuuu dhagaysanayay waaan oooyay🤣,0,0,0,2,0,0
som_train_track2_1157,"AUN maaamada. Meeel walba dilalka arxandarada ah waaa ay ka dhacaaan, ka dhacayaaan ama ka dhicidooonaaan xataaa Hargeisa.",0,0,1,0,0,0
som_train_track2_1158,USER Mustafa Omars statement is nothing round alshabaaab waxay halis kutahay meeel kasta ooo ay nabad kajirto marka hadi lasameyo bufffer zone waxba uma dhibayso somaliya waaayo domali malaha cidan kufilan ooo xududaha ilaliya mar haday sas tahay we must protect somali_Ogaden terrritory,0,0,0,0,2,0
som_train_track2_1159,War nio taleeefanka la jabinaaayo sooo celi,0,0,0,0,0,0
som_train_track2_1160,Saaan leee barnaaamijkan saaanleee iskugu sooodhawey 👌,0,0,0,0,0,0
som_train_track2_1161,Gudddi Madaxbannnaaan ha looo saaaro cabashada dadkiii Lagu Dhaaawacay Mudaharaaadkiii Hargeysa Garyaqaaan Guuuleeed Axmed Jaaamac USER URL,0,0,0,0,1,0
som_train_track2_1162,Kadib 85 sano waxaaa si abid ah looo damiyay idaaacada BBBC laaanta afka carabiga waaa laaantiii ugu caaansanayd BBBCda  Sawirka  Xusaaam shiblaaaq raggga ugu caaansan dhinaca codka iyo Cismaaan Ay farax ooo haddda aljazeeera ka shaqeeeyo URL,0,0,0,0,0,0
som_train_track2_1163,USER Mukhtar Alaska adiga iyo asxaaabta waxaaan idinka sooo salaaamaya sooomaaaliya eee igu sooo dhaweeeya space ka,0,0,0,0,0,0
som_train_track2_1164,Caaawa habeeen murugo ayay u tahay cid kasta ooo Maaamo Khadra Daaahir Cige jeclayd ha jeclaaato shakhsiyadeeediii gobta ahayd amaba fankeeediii hodanka ahaaa iyo luuuqdeeediii malabka ahayd Weynuhu ha u raxmado Maaamo Khadra Fardawsana haka waraaabiyo Aameeen URL,0,0,3,0,0,0
som_train_track2_1165,Hhhh adaaaban ka shakiyyy inaaad dilkiiisa ka danbysay nio,0,0,0,1,0,0
som_train_track2_1166,Maaaxa ku dhacay boooliska jigjiga waxay ahayd in ay xiraaan dhamaaan wadoooyinka iyo gaaadiiidka ka baxo jigjiga iyo gabadhiii la scoooter naaagta xaday wiiilkaaas waaayo dumaaashida qayb ayay ka tahay Farkas xun waaan fadeeexad ku ah dawlada goboleeeda sooomaaalia maaamulkiiisa,0,1,0,0,0,0
som_train_track2_1167,Shanta sooomaliyeeed sharukhankoooda io dhamaaan teamka mahadsanidiiin go ahead ♥❤👌,0,0,0,2,0,0
som_train_track2_1168,USER Inti dhimatay Alllaha unaxariiisto inta dhawacane Alllaha caaafiyo,0,0,2,0,0,0
som_train_track2_1169,USER Qofkaaas ooo xukunkiii Kacaaanka dadka baaabiiyey asaga iyo aaabihiiis sideee shaqo loooga siiinkaraaa dowlada wuxuuu mudan yahay in maxkamad la sooosaaaro,0,2,0,0,0,0
som_train_track2_1170,USER Waxa itahy walll anan aqon balse an ka jeclahy walllha an aqan,0,0,0,2,0,0
som_train_track2_1171,USER Wasiiirada Golaha wasiiirada shaqo adag ayaaa nooo heysaaa mahadsanid walashey,0,0,0,0,0,0
som_train_track2_1172,Haniyad jabin abyo ilahey ba kula jira aduuun iyo akhiro Alllah hakubarakeyo,0,0,0,0,0,0
som_train_track2_1173,Muhiiimada waxa ay ahayd in Qolada reeerka la Bartilmaaameeed sado lkn mahayn in Hantida la burburiyo Khasaaare intaaa ka yar ayaaa la samayn karay Ciiidanka amaaanka waxa ay ahayd in ay naf hurid badan Sameeeyaaan waaayo shacab ayaaa meeesha lagu laynayey lkn bananka Duqayn ah qalad weye,1,0,0,0,0,0
som_train_track2_1174,Alshabaaab Waxa lagu qaaaday Kacdooonka dadweyne ooo degaaannno loooga xoreeeyay wuxuna yimid kadib markiii uuu shacabku u dulqaaadan waaayay tacadddiyada jooogtada ah eee dilka iyo xadgudubyada kale eee Koooxdu caaanka waligeeed caaanka ku ahaydWaaa wakhtigiii Alshabab laga takhalusi lahaaa  URL,2,0,0,0,0,0
som_train_track2_1175,Falalka Islaam nacaybka ah ee ay Muslimiinta Mareykanka wajahaan,0,0,0,0,1,0
som_train_track2_1176,Sxp dawladaha burburrray maxaaa somaliya ugu so dari waysay,0,0,0,0,0,0
som_train_track2_1177,Bismilahi rahmaaan   runbaaan Monday waaan la oooyay   eeesh calaaa   Akteeer,0,0,0,0,0,2
som_train_track2_1178,Si xorrriyad amp nabad ay ugu nooolaaadan Ubadkeeennna Dadkeeennna loooga korqaaado heeeryada cadowga argagixisada waxaaa dhiiig u shuba Geeesiyaaal Qaran uuu kamid yahay walalkay Shahiiid Gen USER Waxaaan murugada la qaybsanayaaa ehelka ciiidamada qaranka dhalllinyarada amp U  Sooomaaaliyed URL,0,0,2,0,0,0
som_train_track2_1179,Argagaxisada iyo ilmo shaydaaan cbbb Sidaaan ayaaa u dambayso ama suuuqa bakaaaro guba ama meeel weeerara insha alllah waaa lasooo afjaraaa URL,0,0,0,0,0,0
som_train_track2_1180,Markan dawanayay hhh waxa iguso dhacay naaago badan ooo reeer tiktoka ooo queeen canab iyo queeen qawan u horeyan,0,0,0,1,0,0
som_train_track2_1181,Weeerarka koooxda argagaxisada ah eee Hotel Tawakal waxuuu noqon dooonaaa mid ay dib uga shalayn dooonaaan insha alllah tesxigiii haaad haaad badsha marbow fuuud kulayl ah dalag yiraaah marka waxba kama waaabanayaaan derbiyada ayay madaxa ku garaaacayaaan,0,0,0,0,3,0
som_train_track2_1182,Waaa dhacdo xanuuun bdn xaqiiiqatan allle haw naxariiisto caruuurta tirade bdn eee ay ka tagtayna allle badal khayr qaba ha ugu badalllo,0,0,2,0,0,0
som_train_track2_1183,Kacdooonkaaan Dhulbahante waxa ka baxay laba qodob ooo aaan loooga baqayn  Oday dabamarteeeya  IyoLacag Sooomaaalilaaand sooo rarto  Xataaa hadddiii ay jiraaannna socon mahayaaan waaayo suuuragalba ma aha in ay taaasi dhacdoOday xalaaal ah iyo wiiilkaaasaaa talinaya  URL,0,0,0,0,0,0
som_train_track2_1184,Waxaaa iiila murugo badnayd markay lubnaaan siiidaysay. Waxaaana iiila xiiiso badnayd marka gabadhiii faran siiiska ay u warantay . Waxaaana iiila naxdin badnayd markay isku dayeeen iyada iyo askarigiii falastiniga ahaaa inay baxsadaaan. Wlhy waaa sheko aaad iyo aaad aaan ula dha,0,0,0,2,0,2
som_train_track2_1185,Wannna usoooducaynay inbadan umada islaaamkooo dhan way Ku farxeeen arintaaan wa farxad wayn,0,0,0,2,0,0
som_train_track2_1186,Intaaas ooo hub ah Hargeisa Burco iyo berbera ayaaa lagu wada burburiyay markay ku kibreeen dadkiii lahaaa dhulkaaas diyaaaradihiii xitaaa dhulkaaa lasooo dhigay qadaaadweyneeey weli ragiiibaaa noool adeeerkiiin xabada dabada kala dhacay beribaaan wax ahayn maaanta waxpa ma nihin,2,0,0,0,0,0
som_train_track2_1187,Tanu waaa layliga   taxanahaaaga lkn   dhacdo tariiiq iyo timaaan muuuqatale leh ayaaan kaaa sugeyney   mahadsanid,0,0,0,0,0,0
som_train_track2_1188,Somali sow kiii madaxweynahoda xasan sheeekh dhulka iyo xooolaha umada dhacayay ma kuwasa wax la sheeegto ah eee waliba looo sacbinayay,2,0,0,0,0,0
som_train_track2_1189,Waaano qiiimo badan weeeye wlll mahadsanid.,0,0,0,1,0,0
som_train_track2_1190,Mar hadddiii jacaylkuba Yahay jiiirka igu yaaalAma juuuska caaanahaAma jamashadaydaaanAma jeynaf liqidddaaanJirku diiidi karahaynWaaan kula jalbeeebineUSER maaan jumlaynaaaEreyada wax kala jiraJiiiraaaya maaankanaUSER,0,0,0,3,0,0
som_train_track2_1191,USER Taaas na si kale laguma helo ilaaa Allla kacabsi moyeee,0,0,0,0,0,0
som_train_track2_1192,Tan iyo markiii uuu xukunka qabtay wuxuuu nagu baaabiiyay naxariiis laaaan sidaaas darteeed wax walba ayaaa looo isticmaaali dooonaaa si uuu si cad ugu fahmo in aaan si dhab ah looogu sooo dhaweynayn wadddankeeena  URL,0,2,2,0,0,0
som_train_track2_1193,Safarkiii guuusha SSSCMadaxweyne kuxigeeenka Puntland Axmed Karaaash ooo wata gawaaari dagaaal ayaaa u ruqaaansaday jiiida hore eee tukaraq balse weli ma jiro wax dagaaala ooo ka dhacay aaagaaasiKadib khilaaaf sooo kala dhex galay Deni iyo Karaaash ayaaa sababay safarka USER URL,0,0,0,0,0,0
som_train_track2_1194,Waxaaa iiigu murugo badan   diiinta islaaamka ayka baxday   balse   waxan ilaaahay ubaryahayaaa iiimaaankeeediii   inuuu usoooceliyo   dambi   kasta ooo   ay gasho   wuuu   dhibyaryahay   markiii looofiiiriyo   diiinta   ayka baxday   qisadan markiii   aaan dhagaystay inkastooo  ,0,0,1,0,0,0
som_train_track2_1195,Hadana waxaaa ku dhacaya xanuuun roooble ladhoho,0,1,0,0,0,0
som_train_track2_1196,Khatarta xanuunada beerka ee uu sababo miisaanka jirkaaga iyo sida aad uga badbaadi karto,0,0,0,0,2,0
som_train_track2_1197,aaad ayaaa hormar looogu tilaaabsadaydhanka igu sawarta URL,0,0,0,0,0,0
som_train_track2_1198,War Tuuugan labisan tkaaan jaaarkeyga ahana caaano ayuuu ka dhacey,0,2,0,0,0,0
som_train_track2_1199,Mash alaaah ustaaad allle ha ku sharfo xoga badan baaad nooo iftiiimisay allle haku dhawro ...warbixin kusaaabsan philipin iyo peru no so diyaaari mid mahad sanid,0,0,0,2,0,0
som_train_track2_1200,waaa qof an caqli ku filan laheeen,0,2,0,0,0,0
som_train_track2_1201,"Lkin zxp ma ogid dhibka laga maro duuubiztiiiza Iyo edddite garayn tiiiza, xataaa dhawr magalo ooo kala duwan aya filmka lagu duuubay🙏",0,0,0,0,0,0
som_train_track2_1202,Nin fashilmay ooo aaan talo heyn,0,1,0,0,0,0
som_train_track2_1203,Waxaaan ka tacsiyaynayaaa geeeriddda xaqa ah eee kutimid Nabadooon Cilmi Hagar Guuure ooo maaanta ku shihiiiday dagaaal ka dhacay jiiiddda hore eee dagalka eee deeegaaanka Ceeel Qoooxle eee gobolka HiiiraaanMujaaahid Cilmi wuxuuu kamid ahaaa odayaaashiii ugu horrreeeyay eee diiiday gumeysiga iyo dhibaaatada  URL,0,0,2,0,0,0
som_train_track2_1204,Badda Koonfurta Shiinaha: Maxaa ku dhacay markabka Mareykanka ee nuclear-ka xambaarsan?,0,0,0,0,0,0
som_train_track2_1205,1= Wixiii igu farxada badnaaa waaa fashilkiii anima al mufti iyo ciqaaabteeediii... 2 = wixiii igu yaaabka badnaaa wuxuuu ahaaa sida aysan dadka carabta ahi u aheyn wadaniyiiin ooo ay mar kasta ugu wacad furaaan dalkodi iyo dadkooodiii... 3= wixi igu naxdinta badnaaa waaa Markiii,0,0,0,2,0,2
som_train_track2_1206,Shekadaaan waaa cajiiib ani ahaaa haddda ahay salkalka daaacada ah shuuula pasport   ayaaan u samayn lahaaa   Malinkay timaaadana waaa sooo dhawey lahaaa janisna waaa siii lahaaa wali   Illla aaan ka ogaaada meeelaha sirta ku gudbin jirtay iyo waxyaaabaha ay adeeegsata si weeeyn ,0,0,0,0,0,0
som_train_track2_1207,"waligiiinba ereryada diyaaaradaha hawada maryaha somaaaliland waaa somaaaliland cidna kama faaaiiido ooo waaa ta diyaaaradihi hawada marayay sooo daaadanayaaan waxa ba arkayseeen tiii maaanta sooo dhacday eee xamuuulka ahayd eee shil kugashay magaaalada Ceeelberde, eee duuuliyi",1,0,0,0,0,0
som_train_track2_1208,20 bari ilmo mqan umalayn maaayo inu hda jooogo dowlad dganka marki la xday bay ahayd in lmaha amanka la xarirto wixi mglada ka banayana isha lagu hyo hagrasha iii muqata,0,0,0,0,0,0
som_train_track2_1209,Maxay kalinimadu u noqotay mid ka mid ah dhibaatooyinka caafimaad ee qarnigan 21-aad?,0,0,0,0,2,0
som_train_track2_1210,"Kkkk saaaxib haaa qaldamin taaas waaa ujeeedadaaada waaaye, laaakin ani Itobiya uuudhashtay ma kudhihin waaalidkiiis Waaa Itooobiyaaan woyaaane. Wiiilkiii wuxuuu udhashtay wadddan Kuweeet. Midakale qof sooomale eheeen xarfaha Carabiga sitooos uguma dhawaaaqi karaaan waaa beeen   ",0,0,0,1,0,0
som_train_track2_1211,Hadaaa ado dhamaysan Commment kuso rortay like dhac igusiu❤🥰,0,0,0,0,0,0
som_train_track2_1212,Walaaahi run aaan u oooyay waaa gabar qalbi wanaaagsan ooo naxariiis badan markay tiri hoooyo aaan   ahay emotional aaa noqday 😢😢😢😘😘😘,0,0,0,2,0,0
som_train_track2_1213,Hubka Casriga ah: Maxaad ka taqaanna diyaaradaha dagaalka ee Jiilka lixaad oo Mareykanka iyo Shiinaha ay ku tartamayaan?,0,0,0,0,0,0
som_train_track2_1214,Perfect wlhi waaaba idinla oooyay😭😭😭,0,0,0,1,0,0
som_train_track2_1215,Runta in lashego ayaaa wacan nidamka dowlad nimadane wa qori isku dhiiib sidiii shaley ad ku timid in ad ku baxdid wax dhawac ku ah KG  Tirada dadka abaaarta heysa ooo sare u kacaya xooolihiii ooo dadka ka siii maranayo dadkiii ooo u Bara baxayo Muqdisho amp tacliiin laaaanta baaahdey isbadel URL URL,0,0,2,0,0,0
som_train_track2_1216,Fulll video Nuxurka khudbad Xasan Sheikh Maxamuuud uuu ka jeeediyey ka jeeediyey munaaasabad sooo dhaweyn ah ooo looogu sameeeyey dhuuusamareeeb Galmudug URL URL,0,0,0,0,0,0
som_train_track2_1217,19888 waaa lay xasuuuqay waaa lay dulmiyey ana 2023 baaan xasuuuq sameeenayaaa ooo umad ila mid ah dulminayaaa war caqligaaasi waaa kiii shalay dawladiii africa ugu xoooga wayneeed eee somalia ku burburtay War isaaaqaw waxaaan idinleeeyahay  Ilaaahaw ma la taliyey URL,0,1,0,0,0,0
som_train_track2_1218,waxan ad ula dhacay banamijya ad noga war bixiso fadlan taxane noga dhig,0,0,0,2,0,0
som_train_track2_1219,Cs mahadsanid wlll. Halkaaa kasiii wad dadaaalkaaaga,0,0,0,2,0,0
som_train_track2_1220,Wilka kowad m.a ixtiraaam+aqlaq allle ha barakeeeyo gabdha sidu u ixtiraaamay la dhacay🥰🤴💗,0,0,0,1,0,0
som_train_track2_1221,Waxaad qabi kartaa ‘xanuunkan’ haddii aad habeenkii usoo toostid suuliga,0,0,0,0,2,0
som_train_track2_1222,Waaa war farxad leh.,0,0,0,2,0,0
som_train_track2_1223,Waaad u qalantay nolol tan ka qurux badan laaakiiin dhacdoooyinka noloshu maaaha wax biniaaadamku maaamuloAllle ha ku dhawro marwalba iyo nolol walba  URL,0,0,0,0,0,0
som_train_track2_1224,Sida qisadan haasaawaha ee 50 sano ka hor dhacday ay wali u tahay mid Soomaalida caan ka dhex ah.,0,0,0,0,0,0
som_train_track2_1225,Cudurka cusub ee halka qof dilay balse laga cabsi qabo in uu dad badan galaafto,0,0,0,0,2,0
som_train_track2_1226,"""Ma doonayno in dumarkeena ay dhallaan ilmo muslimiin ah""",0,0,0,0,0,2
som_train_track2_1227,"waaa dhacdo xanuuun badan illlaaahay ha u naxariiisto marxuuumada, Dawladdda Hooose eee Caaasimaddda Hargeisa shaqaaalaheeeda sidaaa malaha umada ugu siii adeeegi maaayaaan.",0,0,2,0,0,0
som_train_track2_1228,USER Ninkan doqon maaaha laaakiiin waaa nin ay ilmoadeeeraday Reeer Xaaaji Saleeebaaan marba misssion usooo dhiiibaaan si looogu ogaaado waxa suuuqa ka socda  Ku kahaaa dictator Xasan Sheeekh iyo Qowlaaawe Xamsa Cabdi Barrre Dhibta keliya eee haysata waaa nin ay luuuqada AfSooomaaaliga ku adag tahay,0,2,0,0,0,0
som_train_track2_1229,USER Maxaaa sababay inagooon ka tagayn qadarka ma lacag jacaylbaaa dabeeecad xumo baaa isla weyn miyaaa mise aqooontaaa kula dheeeratay,0,0,0,0,0,2
som_train_track2_1230,Maalintii uu Hrithik Roshan qolkiisa ku dhex ooyay,0,0,0,0,0,2
som_train_track2_1231,bal qiyaaas jacaylkaaan kuuu qabo intuuu leeegyhy waxaaan kugu riyooodaaanooo sooojeda,0,0,0,2,0,0
som_train_track2_1232,😢darisle marka arko ooohina isooo istaaagta wlhi walllkay ooo dhintay aaa isu eeegtihiiin   hore usoco inder,0,0,2,0,0,0
som_train_track2_1233,Madaxweyne HSh Kuwa lacaga baaaddda ah siiiya Khawaaarijta cudurdaaar malahan  Dowladddu dhawaaan waxa ay sooo bandhigi Xisaaabaaad badan ooo Khawaaarijta dhaqaaale looogu dirayay Taleeefannno badan ooo lacag loooga xawilay iyo Talllaaaboooyin quseeeya dagaaalka Dhaqaaalaha Khawaaarijta USER URL,0,0,0,0,0,0
som_train_track2_1234,USER Somalidu waaa dad jecel conflict policy ama siyaaasad marka kasta xararad leh sida raysalwasaaare madaxweynahiii sooo cugtay aaay is haystaaan muran siyasadeeed Hada ogow ooo dalkooodu waaa dal dhibaaatoooyin ragadiyeeen ooo Hada kabkab ah feeeri Hada raysakwasaraha bisha jooogay ayay naqdiyayaaan,0,2,0,0,0,0
som_train_track2_1235,Qalabkan iyo waxan ay burburinayaaan yaaa usheeega inay iyagu leeeyihiiin!!! Cawaaan hadaaad maqasho meeelfog hakadooondooonin,0,1,0,0,0,0
som_train_track2_1236,Maxaaa turkiga iga galay wadan kaygiii baaaba burbursane maaan kayga u duceeeyo in taaan mid kale u ordaaayo. Abwaaanba wuxuuu yidhi :-{iglan baaa gubaneysa maxaaa iiiga ki dhiiisha } Maracade show madanaynayo wadankiiisa kaliya wuxuuu urooon yahay in uuu sooo daaayo wax dadku u ,2,0,0,0,0,0
som_train_track2_1237,Alllaaahu Akbar waaa Dhismo burburay ooo dhulka la simay balse waxa ka sooo haray ooo kaliya waaa magaca Allle   URL,0,0,0,2,0,0
som_train_track2_1238,Faaahfaaahino kasooo baxaya dagaaal ka dhacay duuuleeedka magaaalada Kismaaayo URL,0,0,0,0,2,0
som_train_track2_1239,🖐🖑🖐🖑🖐🖑🖐🖑🖐🖑 #maaanta waxan noqday qofkiii 10aaad.mahadsanid mara cade.,0,0,0,2,0,0
som_train_track2_1240,Dofaaarkaaan ma wuxuuu ka harey haraaadigiii Fircooonkiii Cabi Ileeey bal eeega jirdilka gabadhaaas looo geystay & raga kale.,0,2,0,0,0,0
som_train_track2_1241,"mashaaa alllah wlll qaliya horumarkaga waaan ku faraxsanahay waxan kuleyahay da,daaalkaga halkaga kaaai wad mahadsanid madama aaad noso bandhigtay arimahaga si aaan farxada kula qebsano",0,0,0,2,0,0
som_train_track2_1242,Hhhh War xaytahay umul waaa dhamaaadaye maxa ku dhacay?,0,0,0,1,0,0
som_train_track2_1243,Koooxda argagixisada ah eee Alshabab waxay isku dayayaaan inay qalalaaase ka abuuuraaan xuduuudka Ethiopia si ay fawdada u balaaadhiyaaan ka dib markiii ciiidamada qalabka sida ay guuulo ka gaaareeen howlgallladoooda tan iyo markiii uuu xukunka la wareeegay Madaxweyne Sheeekh Maxamuuud  URL,0,0,0,0,1,0
som_train_track2_1244,Fadlan nooo sooo booobsiii mahadsanid🙏,0,0,0,1,0,0
som_train_track2_1245,Norway: Muxuu yahay dhagaxa iftiimaya ee hawada ka soo dhacaya?,0,0,0,0,0,1
som_train_track2_1246,shalay daaarihiii dumay waxaaa maaantay kaga daranNabaaad guuurka Diiinti kaga dhacay damiiirkooo Dal waxaaan ku noooshihiiinSadex diii dalaaaqoood Lagu furay Dad nimadiii Haday Dunida ceeebtahay Dusduskiyo qiyaaamadu Nooo dabeeecad weeeyaaan Sidaaad isku dooorisaaan Ayaaad is ku dooorataaan,0,0,1,0,0,0
som_train_track2_1247,"Waxa iga galay baaananba garanayn inaaan uhalaaahalo xabashi ilmo iska xaday iyadooo aaan ogahay inay dalkaygiii xooog kuhaystaaan,illlahayse ajar hakaaasiiiyo",0,1,0,0,0,0
som_train_track2_1248,Kasaaa laiga dhacay ana isaga halaiiiradiyo somali iswada xaaasidaysa,0,1,0,0,0,0
som_train_track2_1249,USER JINNNOOOW HADAL KA DHIGO  Masawirrro laiska qaaadaya miyaaa xaaajiga meeesha ka muuuqda badalaya noooca uuu yahay  Xitaaa Carabtiii baaa la yaaabtay markuuu yiri waxaaan rabaaa in laigu taaageeero dooorashada 4sano kadib  The man is a botttomlesss pit,0,2,0,0,0,0
som_train_track2_1250,Ala axey murugo weynaaa😭😭😭,0,0,2,0,0,0
som_train_track2_1251,Maxamuuud Ibraaahin waxaaan alllah uwaydiiinayyyaaa inu caaafimaaad taaam ah siiiyo dhamaaantoood aaad baaan umurugoooday wlllhi Alllah miiirkoooda ha Usooo celiyo Waaa bil ramadaaane inantana Alllah ha sooo dhaweeeyyyo 🤲😭,0,0,3,0,0,0
som_train_track2_1252,Sxib fashili dadka duliga,0,1,0,0,0,0
som_train_track2_1253,Dal waba dad xun şyo dad wanaaagsan wuuu leeeyahay❤️‍🔥❤️‍🔥❤️‍🔥❤️‍🔥,0,0,0,0,0,0
som_train_track2_1254,Ku xadgudubka baraha bulshada dowladdda waaa faldambiyeeed maaadaaama ay yihiiin hanti qaran  Qofkiii kasooo dhex hadla amp qofkiii u fudeeeyay labaduna waxay galeeen dambi ciqaaab lagu muto  HSM Farmaaajo amp Sh  Shariiif midkooodna malahan baraha bulshada eee Villlalada waxaaa iska leh qaran,1,0,0,0,0,0
som_train_track2_1255,Askarnimadu waaa iska xirfad uuun moooye ma jirto cid doooneyso in ay dhimato siddda in halyeeey geeesi ah uuu yahay ooo kale wuuu awooodaaa in qori iyo lebiska tuuutaha sawiro qurux badan in uuu ku galo shaqadu marka ay noqoto qofka dib ayuuu u noqonayaaa majirto cid doooneyso in ay dhimato,0,0,0,0,0,0
som_train_track2_1256,USER Ani farxad ban dareeemaaa si fican aaana u hurdaaa marka aaan heystase waxba maba qabsado ma aqriyo mana dhaaafo,0,0,0,3,0,0
som_train_track2_1257,USER Waaa xishmad iyo waaalid Jacayl marka uuu xuso Hoooyadiii ooo bartay diiin iyo Maaadiba maxaaad ka wadaaaWaaa wax canuuun badan Qofka ay hoooyo korin baaa Rajay ah ilmo hoooyo leh Ilaaah baaa nimca siiiyey WERIYE MA TIHID EEE BARO SIDA WAX LOOO QORO IYO WAXA LA SHEEEGI KARO,2,0,2,0,0,0
som_train_track2_1258,Ma waxaaad raaadineysaaa wuxuuu Alllah kuuu qoray Wax ka badanSow ma ogid in aaad candhuuuf ka timid Halka aaad u socotana ay tahay God aaakhiroMaxaaad u urur saneysaaa inta laguuu qoray ka badan adigooo og in aaadan Cuneyn hadana laguuugu cadaaabayo,0,0,1,0,0,0
som_train_track2_1259,war sxb maxaaa ku dhacay   wali jawab mahaaayo,0,0,0,0,0,0
som_train_track2_1260,Mararka qaaar waxaaan daba cararnaaa shey aaan umaleyneyno inuuu farxadeeena ku jiro lakin ma ogin waxa gadashisa ahaaaday Xigasho Moha Ahmed URL,0,0,0,0,0,0
som_train_track2_1261,Sida ay Xamaas u dhistay ciidamada  3-da sano u diyaar garoobayay weerarkii ugu khasaaraha badnaa ee lagu qaado Israa'iil,0,0,0,0,1,0
som_train_track2_1262,USER Gadooomiye waaa farxad xasan shiiiq maxamuuud inooow wax dhaqaaajin waaayo waaa midaaan ku farxaaayo waaayo asugaaa horay loooga waaayay kadaaa Dawladdda lugoooyada,0,0,0,2,0,0
som_train_track2_1263,Xaaashi Cumar ooo Maaanta ugeeeriyoooday dhaaawac kasooo gaaaray Qarax looogu xiray GaaarigiiisaXaaashi ayaaa Wadanka Talyaaaniga kusooo qaaatay Xabsi 18Sano ah kadib markiii lagu eeedeeeyay Dilka Gabar Wariye Talyaaani aheyd ooo Sanadkiii 19994tiii ka dhacay Muqdisho balse Xaaashi ayaaa markiii danbe URL,0,0,2,0,0,0
som_train_track2_1264,dulmiga ka jira hargeysa ayay la gubanaysaaa,0,0,0,0,2,0
som_train_track2_1265,Waxaaan halkaaan tacsi uga dirayaaa guuud ahaaan Shacabka iyo Dawladdda Hirshabellle Qaraxiii fuleynimada ahaaa eee maaanta ka dhacay Magaaalada Jowhar  Alllaaah ha u naxariiisto dadkiii halkaaas dhintay intiii ku dhawaaacantayna caaafimaaad deg deg ah baaan alllaaah uga baryayaaa  URL,0,0,3,0,0,0
som_train_track2_1266,Asc umada somali   ku sooodhawada youtube kayga ooo ka dawan karto cunto Karin xiiise leh   walaaal subscribe Ii dhaha.   htttps:///m.youtube.com/channnel/UCwILSV29OuaXduaFBq_CCCqw,0,0,0,0,0,0
som_train_track2_1267,USER Baryahaaan tweterka waaan ka dhacsanahay  Icon kor saaarnaaa ayaaan waaayeyWayna igu adkaaatay halkoi aaan ka sooo saran lahaaaWaaan arkay in ay icon yar sameeeyeeen  Adiga ma isku aragtay saaan ooo kale maxaaa sameysayThanks,0,0,0,0,0,0
som_train_track2_1268,USER War Heeedhe Farmaaajo si fiiican ayaaan u aqaaan waaana sooo dhoweeeyay eee wuxuuuse hooos uga dhacay rajadi aaan ka qabnay  Waxaaan bartay asooo Safaaarada Somalia eee Washington DC joooga,0,0,0,0,0,0
som_train_track2_1269,Da da lagu qaaangaaaro wa doooda ugu adag eee shale hadiii ladhoho 18 kwrn hadu ruuux 17jir qaaangaaar ah qof si kas ah udilo ma waxa la dhahaya wa ilmo yar 18 ma gaaarin sida re Galbeeedka se hadi gabar 17 jir ku qaaangaaarto damacdana ine guuursaro ma waxa ladhahaya 18 sooo gaa,0,0,0,0,0,1
som_train_track2_1270,Waaa ikanaaa sxb sare qofi iga ma horeeeyo saaan usugahayay ayay iso dhacday   hambalyo sxb,0,0,0,1,0,0
som_train_track2_1271,Waxaaan ku raaacsanahay Jaaamacada Admas in ardayda laga daaayo Arrrimaha Siyaaasada sanado faro badan ooo inaga tagay ayaaa Ardayda Dushoooda la isku haystay ooo muran ka dhacayay ooo hadalo aaanay jeclaysan dushoooda laga odhanaaayay  URL,0,0,0,2,0,0
som_train_track2_1272,Marku bukaaank talada dhaqtarka iyo dawada sida looogu tala galay uuu u qaaato waxaaa sooo baxdo natiiijo qurxbadan ooo dhaqtarka iyo bukaaanka farxad galida Waaa iii farxad inaaan arko bukaaan kayga ooo bogsaday isla markaaana kalsooonidiiisi dib u helay  URL,0,0,0,2,0,0
som_train_track2_1273,Ma Durba cabaaadku isku Gaaadhay yaaa is gaaadheyba suga Suga wey iska sooo daba dhacayaaane Qolyihiii rarka xumaaa URL,0,2,0,0,0,0
som_train_track2_1274,Shan waxyaabood oo aad sameyn karto haddii telefoonka lagaa xado,0,0,0,0,0,0
som_train_track2_1275,Buuugaaabo waaanku wataaa sxb mahadsanid kun jeeer,0,0,0,2,0,0
som_train_track2_1276,Allla nimanka musssat layiraaahdo dhagar badana ooo misana fulaysanaaa. Waaad kumahadsantahay maclumaaadkaaan wlll #maracadhow   #ESG #Khartoum #sudan,0,1,0,0,0,0
som_train_track2_1277,Lamaane habeenkoodii aqal galka seexday goobtii ay xafladda ka dhaceysay,0,0,0,0,0,2
som_train_track2_1278,USER Habaaar ma ahan waxay ka jeeesten diiinta ooo waxay isku gar gaaaren dulmiga  Umad dulmi raaali iskuga ah wiligoooda waxbo uma hagaaagayan,0,0,0,0,0,0
som_train_track2_1279,USER waxaaan ubaaahanahay boqol siyaaasi ooo adiga ooo kale ah si dalkaaan uuu Hormar ugaaaro mahadsanid adeeer ilaaahow cimrigaaaga barakeee  URL,0,0,0,2,0,0
som_train_track2_1280,USER Hanadooow isku dhajinta dad aaanan kujecleyn iska joooji Kenya Amni iyo nolol waaanu kuqabnaaa lkn dadkan aaanu dhexjooogo waaa kuwo cunsuriyiiin ah si walbaaa ula jooogto mise ulasaaaxibto maaalintaaa isqabatiiin waxeeey kaaaga bilaaabayaaan we msomali nenda kwenu dalka noooga bax,0,2,0,0,0,0
som_train_track2_1281,dadka'afmaaaya'raaadi'karaaadi'isha'baydhawo,0,0,0,0,0,0
som_train_track2_1282,USER Walaaal Gen  Maxamed Siyaaad Barrre AUN xukunka ayuuu ku daaahay  Maxaaa laga yeeelaaa 21ki sannno eee Kacaaanka dalka xakumaaayay Ma indhaha ayaaa laga qabsanaaa ooo waxaaan jirin ayaaa laga sooo qaaadaaa mise waaa laga hadlaaa wanaaag iyo xummmaaan wixiii laga dhaxlay dugsiyadana waaa laga dhigaaa,0,0,0,0,0,0
som_train_track2_1283,"Dexamethasone iyo cudurka Corona: Maxay tahay dawadan, sideyse ula dagaalantaa cudurka corona?",0,0,0,0,0,0
som_train_track2_1284,War ninkan sow giridhi ma Ahan maxaaa ku dhacay farmaaajo cuqubo Maaa ku dhacadey 😂😁,0,2,0,0,0,0
som_train_track2_1285,Waxaaa farxad ah in kutubta Afka Somaaaliga lagu qorayo sooo badanayaaanWaxaaa sooo kordhaya tarjumaaaddda kutubta afafka qalaaad ku qoran eee Afka SomaaaligaWaxaaa habooonaaan laheeed in la sameeeyo ururka qorayaaasha iyo turjumayaaasha Yaaa isku xilsaaaraya ooo aaan duco iyo taaageeero ugu darnaaa,0,0,0,2,0,0
som_train_track2_1286,Alx Alx waaa hadal farxad leh hoyadiii haday heshay ilmahiii yaraaa,0,0,0,2,0,0
som_train_track2_1287,Waaa sax hadalka fadxulahi guleeen   erdogan waaa Nin nafsiyan xanuuusanaya waxaaad ku garan kartaaa Ninkaaas ma qaaato dulmiga mana yeeelo juuujuuub iyo cadaaadis cos wuuuba kusooo bar baaaray dhibaaatada juuu juuubka iyo cadaaadiska wuxuuu wax sooo bartay iyadooo wadan uuu hays,0,0,0,0,0,0
som_train_track2_1288,somali ugu kalaaay kursi laysku dhajinaaayo marka uuu wakhtigu ka dhamaaado dhaqan aaad u xun ooo ah xaqiraaad caaadiya Ugu damabaystana taaas baaa keeenta isku dhac qax silic,1,0,0,0,1,0
som_train_track2_1289,Taliye ubaxa gaduuudan   waaa qof caaadi sheeekesanay wuuu ku jiraaa lkn wxuuu udhimana cancer kadibana hoshiiisa waxaaa badaleeeso yaaara ooo ciiil u qabto boqortoooyada sababtooo ah iyada mar aya lagadooonsiiiye abaaalmarin ooo wax ahayd xidigta wadanka kadib amiiirada ayeee is,0,0,0,0,0,0
som_train_track2_1290,videogan murugo ayuuu igaliyay runtiii wan kanaxay dhibatada somalia kudhacday midi kudhacday mida kusooo socota ayaaa kadaran   Alllow ugargar   dhibatada somalia haysata,0,0,2,0,0,0
som_train_track2_1291,Maxay tahay arrinta ay heesta dhexdeeda ku sameeyeen Shah Rukh Khan iyo Deepika ee carada weyn dhalisay?,0,0,0,0,0,0
som_train_track2_1292,Hadiii aaad dhinacayga jooogilahayd hada Waxaaan kuuu hibayn lahaaa habsiiinWaxaaan kadhigi lahaaaInaaad kala saaari waydoGaraaaca wadnahayga iyo garaaaca wadnahaaaga Waaa erayada qalbiga jacaylka taaabta,0,0,0,2,0,0
som_train_track2_1293,Tarezzza cadey wlllo SUBSCRIBE igu cawi mahadsanid,0,0,0,0,0,0
som_train_track2_1294,Imaaam nabawi raximulllah waxaaa la yiri waligis miro qudaaar ah ooo suqa lagu gaaadayo ma gadanin ma na cunin Wuxuuu dhihi jiray ISHA baniiidamka ayaaa ku dhacday Inkaaastooo shiekha uuu yaraaa wax cundiiisa hadana waxaaa lagu sooo wariyay inuuu miraha beraha kasooo ibsan jiray URL,0,0,0,0,0,0
som_train_track2_1295,Garaaad Jaaamac Garaaad Ali Garaaadka guuud eee dhulbahante waxay uuu maaanta dhahay Shirka magaaalada Laaascaaanoood ka furmaya waxa ka sooo baxaya nin rag ah waaa ogyahay doqon loooba sheeegi maaayo Ina warcaddde waxa uuu ka dhacay ooo macnaheeedu yahay ma dooonaynayo iiidooor wagaaash futaxume URL,2,0,0,0,0,0
som_train_track2_1296,Farmajo waaa astaaan waran mahan mid doood ka tagan tahay qofkiii daba jogow ogow bari baaa ogaaan dooonta marka so marto xilka ugu sareyo wadanka USER wuxu mudan yahay adna sharaf ku ah ina sharaftisa dhorto waaa adooo sharaftada dhowrey USER cadow ha u jabin walalka ,0,0,0,0,0,0
som_train_track2_1297,Wlll mahadsanid waxaaa kaaa sugayaaa muqaaal ku saaabsan dalka Sweden plz wlll inooo sooo diyaaari mahadsanid waaadna iii bln qaaaday wlll,0,0,0,0,0,0
som_train_track2_1298,USER Oo Xamar ma idinkaaa ma ka xiga   Morrryaaanino waaa gaaar laaakiiin ummmaddda yaaan looogu hanjabin dilka ayaaan ku xeeeldheeeraynaaa  Waaan ognahay ciddda Xamar sida xaqa u leh,2,0,0,0,0,0
som_train_track2_1299,Derisle sxp caaawa waaad cadhotaye bisinka 😂😂😂,0,0,0,0,0,1
som_train_track2_1300,adeeer wadamada hormaray noooso gudbi dad baaahi diloootay hanoooso gudbine... somali unba buuun buuuniso hindida mase oga iney cunsuriyiiin yihiiin... dad dowlad leh mise gaaajo diloootay... wxyabaha indhaha u rooon ba dadka lalawadaaaga baaahi io wasaq anaga iskgu filane,1,0,0,0,0,0
som_train_track2_1301,Waligaaa CannnaaantiyoIskadaaa ColaaadoCuyuuub waxaaad u argtanaAdigooo ka caban karaHa ka dhigin cir sooo dumayIsku sooo celceliyoooHa saluuugin calafkiyoWuxuuu Caaadil keeenoCiddda Maaalka haysiyoYaaanu cuuudku ku talinNin calaaamad baaas lihi,0,0,0,0,0,0
som_train_track2_1302,Maxkamaddda Ciiidamada amp Taliska Boooliska ooo War kasooo saaaray dilal ka dhacay Muqdisho URL,0,0,0,0,0,0
som_train_track2_1303,Wax burburayo malahane isgaaa bixi,0,0,0,0,0,0
som_train_track2_1304,USER Inaaad luuuqadada ku qorto ayay ahayd mahadsanid,0,0,0,0,0,0
som_train_track2_1305,hadana heeerka cabbbirka wabiyada ayaaa ah mid hoooseeeyo xiligaaan  Waaana mid marba marka ka dambaysa hooos u sudhacayaAbaaarta daran eee dalka ka jirto heeerkulka ooo aaad u sareeeyo iyo guuudahaaan biyaha o gabaaabsi kujiro 23,0,0,0,0,0,0
som_train_track2_1306,Waaa hordhac buuuga  Sirahayaga iyo waxa la xidhiiidha nolosha qoyskeeena laga yaaabeee inaaanan sir daaaha aaan ka qaaadin hadddiii aaan idhaaahdo iswaaafajinta dhaqanka bulshada iyo dhibaaataynta dareeenka buuugaaan ah waxay igu qaaadatay waqti dheeer URL,0,0,0,0,0,0
som_train_track2_1307,Bahashan lacagta la dhaha cadaaabta iyo janadaba waaa u haysa ninka haysta ninkaaas uuunbaaad arkaysa ooo qaaar masaaakiiina ooo bakhtigu u xalaaal yahay kaga ooohinaya,0,2,0,0,0,0
som_train_track2_1308,Sxb Taaariiikh Kusaaabsan 5ta somaliyed iyo Qaaabka looo kala Goooyay Inooosooo Gudbi adigooo Raaali ah sxb Waaanad mahadsantahay,0,0,0,1,0,0
som_train_track2_1309,Som  waxay guuuleysaneysaaa markay hesho Siyaaasiyiiin Xor ah leh aragti amp hadafyo wadaniyadeeedSiyaaasiyiiinta hada jira waaa Shaqaaale Ciiidan Qandaraaasleyaaal amp Adooon Shisheeeye amp Cadow fuliya Shirqooolo halis ku ah jiritaaanka dadkoooda dalkoooda amp diiintoooda hungurixumo awgeeed,1,0,0,0,0,0
som_train_track2_1310,USER Waaa suaaalo mudan jawaaabo run ah  Marka aaan fiiiriyay soooyaaalka siyaaasadeeed eee Dalka waxay ila tahay in alifka siyaaasaddda aaan u fahansannnahay in la is khiyaaano ooo qoloba qolada ay xooogi karto ay xooogto  Soooyaaalkaaas waaa in aaan ka wada shaqeynaaa sidiii looo bedddeli lahaaa,0,0,0,0,0,0
som_train_track2_1311,Xavi ayaaa isku dhacay Gerard Pique ooo ku saaabsan mustaqbalkiiisa Barcelona isagooo ku dhiiirigelinaya daaafaca inuuu baxo URL,0,0,0,0,0,0
som_train_track2_1312,Maaahan duleeedka jigjiga eee waaa degmada shabeeelllay aaaga buuurta ayuuuna shilku ka dhacay rabbbi ha u naxariiisto intiii ku dhimatay inta dhaaawaca ahna allle ha u boooga dhayo Aamiiin 🤲,0,0,2,0,0,0
som_train_track2_1313,Waxaaa ka fahmay Waxkasta waaa calaf balse wax sahlan mahan in niman kala duwan aaad guuursato adiga ooo ilmo heeeysta waaan dareeemi karaaa,0,0,1,0,0,0
som_train_track2_1314,😢 😭 😿 Alllaaah cafimaaadkaga hakuso celiyo wlshy Kuma aqaaano hada igu ka horaysa lkn haniyad jabin waaad cafimadisa,0,0,2,0,0,0
som_train_track2_1315,Lafta gareeen wuxu isku dayayaaa in uuu xukunka kooonfur galbeeed uuu siii jooogo qaaabkiii uuu ku fashilmay mudddo kororsiga uuu Farmajo sameystay ooo shacabka iyo siyaaasiyiiinta ka diiideeen wuxuna bilaaabay in shacabka kg ku noool uuu jir dilo xirxiro si uuu u cabsi geliyo shacabka URL,0,0,0,0,2,0
som_train_track2_1316,Faahfaahinta digniin ay dhakhaatiirta kasoo saareen khatarta ay leedahay in aad hindhisada isku celisid kadib bukaan khatar galay,0,0,0,0,2,0
som_train_track2_1317,Rugta Caaalamiga ah eee Maraaakiiibta ayaaa isku raaacday in xeeebaha Sooomaaaliya laga saaaro gooob halis ah ka dib sanado badan ooo lagu guuuleystay howlgalllada ka dhanka ah burcad badeeeda  URL,0,0,0,0,0,0
som_train_track2_1318,USER waxaaan maqlay in ay USER qiiima jaban kula wareeegtay USER  Halka USER aaay ku mashquuulsantahay baaadigooobka badalka laaacibkooodi hore,0,0,0,0,0,0
som_train_track2_1319,Nabad baaa naaas la nuuugo leh USER iyo USER Waxaaan u sheeegayaaa in ay xal iyo heshiiis degdega gaaadhan umada ay madaxda u yihiiina u tudhaaan maaanta labadoooduba waaa ka masuuul wixiii dhacay dhiiig jooohin ku sameeeyan xaaaladanALLLE_xaqa_ha_idin_waaafajiyoNabad URL,0,0,2,0,0,0
som_train_track2_1320,Anagu cafis kaaagama baaahnine gabadha aaad dulmiga ka gashay ayaaa cafis kaaaga baaahan Xoooleyahow,0,2,0,0,0,0
som_train_track2_1321,USER Aniga waxaaan diiidanahay xalaaaleynta midka ethiopia iyo xaaarantimeynta kan keeenya  In lagu doooda ayeee aheyd khaaadooo dhan dalka halaga jooojiyo,1,0,0,0,0,0
som_train_track2_1322,wan ka helaaa dhacdoyinkan okale,0,0,0,1,0,0
som_train_track2_1323,Ohhh wan ka murugoday wlhi hablo badan buuu dhibkan   hestaaa😢 ilahow qalbiga no qaboji wax na xumeyana naga ilaaali,0,0,2,0,0,0
som_train_track2_1324,USER Madaxwayne muuuseamp isagu hadiyaaariyo kala reeebWaaar ninkani maaaha madaxweeeyne Waaa budhcad loooga tudhayo dalkaamp dalka inuuu burburiyo maaaha madaxweeeyne dheh tuuuga wakhtigiiisiii dhamaaaday eee bilaaa sharciga ku fadhiya,2,2,0,0,0,0
som_train_track2_1325,USER Waaa dad maryaha tuuurtay CBBB  Qofka marka damiiir celiyo lahayn Allle ka cabsigana ka tago waaa tanooo kale  Qof caaadi ah maaalin kasta shaqo kama dhigan karo beeen iyo aflagaaadddo  Waaa ila doqonnnimo  Doqon xin keliya ayeeey taqaaan eee marna ma xisaaabtanto,2,1,0,0,0,0
som_train_track2_1326,Arsenal ayaaa ku guuuleysan dooonta intaaa iga qora. Hadddiii final Wembley ka dhacayo nasiiib bay ku leeedahay garooonka hadddiii final timaaado,0,0,0,0,0,0
som_train_track2_1327,Jurgen Kloppp ooo ka hadlaya Lionel Messsi Ciyaaaryahankiii ugu fiiicnaaa noloshayda waaa Lionel Messsi farxad ayay iii ahayd inaaan daaawado isaga  URL,0,0,0,0,0,0
som_train_track2_1328,dagaaalki somaaaliya iyo ithopia 1964 eee ka dhacay xadka togwajaaale   ayu ka mid ahaaa XALANE   sarakishi dagaaalka ku jirtay   Calanki ethiopia ayu ka dajiyey xadka sooomaaaliya .markasey xabado ku dhufteeen .markasu askartisi ku yiri CADAWGU BIR MA AHAE BURBURIYA. BILAD GEEES,0,0,0,0,0,0
som_train_track2_1329,Welcome duqa Kusooo dhawooow Dad kaaada dalkaaada iyo diiin taaata Welcome Welcome welcome Ramadan kariiim,0,0,0,1,0,0
som_train_track2_1330,Xasan sheeekh iyo madaxdiii ka horaysay waxa laga saxeeexay dhulka lagu bada lagu muransan yahy farmaaajo iyo khayre waxaaa laga saxeeexayaaa dhulka Somali kooonfureeed,0,0,0,0,0,0
som_train_track2_1331,USER Thanks horfadhi media hori uwad howshan Waxaaan codsanayna ina ka qeyb qadano mahadsanid,0,0,0,1,0,0
som_train_track2_1332,USER Waaad la heshay waxaaan ku daraaa kuwiii dalka lagu burburiyay wali safkiii ay ku jiraaan nin walba markuuu dooorkiiisiii dhamaaado spent ayaaa la yiraaah ama jismi ahaaan ayaaal a sifeyeyaaa Tuuuloooyinkiii looo xeeendaaabay xitaaa kama taliyaaan iska daaaye guryahoooda kama taliyaaan,0,1,0,0,0,0
som_train_track2_1333,3 malin ka hor twittterka liverpoool ayaaa laso dhigaye asigane cawa ayuuu wx weyn noooga dhigaaa ama news hada sooo dhacaye wlhi dadka kugu xiran waaa dambeyeeen YNwa,0,1,0,0,0,0
som_train_track2_1334,USER AS waxaaa lagu qiyaaasaaa 50001000  Shan kun ilaaa taban kun  Gorgor bas ah baaa ku filan lkn daaacad lagama aha,0,0,0,0,0,0
som_train_track2_1335,Dagaaalka 3 eee aduuunka waxa lagu dagaaalami dooonaaa wadddamada burbursan,0,0,0,0,0,0
som_train_track2_1336,Weeerar Qarax ku bilowday ooo ka kadhacay xarunta maaamulka gobalka banaaadir iyo dagaaal kasocda shabab waaan cidhib tiray inay waxaaas kadanbaynayaaan waaan arkaynay USER Rooobow dadka ka daaaya hooosaaasinta iyo beeenta URL,2,0,0,0,0,0
som_train_track2_1337,YaaasinFarey wuxuuu yiri Ikraaan waxay ahayd xubin firfircon ooo Nisa Ka tirsanAbuuuCamaaar wuxuuu yiri Ikraaan Nisa kama tirsaneynWaaa sheeekoyinka qosolka leh eee la diiiwaaan geliyaya eee ku jirta beeenta dhagar qabe Fahadyasin,0,1,0,0,0,2
som_train_track2_1338,subxaaanalllaaah ilaaahay ha unaxariiisto inta dhimatay inta dhawaca ah ilaaahay ha uboooga dhayo🤲🤲🤲😢😢😢 waleee gaaaragas waxa ladhahay naqasku kushaqaya inkasto qadarta anla baaajin karin hadana garigan dadka halaga qabto walaaaji marku iga sohorbaxo san uga baqo😢,0,0,2,0,0,0
som_train_track2_1339,Taaasna waxaaa ku siii dheeer in Villla Somalia gudaheeeda masaaajidka Alshabab ka dhex dagaaalantey markiii aaad jooogtey xukunka 2012  2016 iska daaa magaaalada inteeeda kale Lix biloood waaa jooogtaaa maha Muqdisho waaa lagu kale cararey intiii wax garaneysey guryaha isku sooo xireeen amni daro URL,0,0,0,0,0,0
som_train_track2_1340,saaan u qoslayey ooohintiii ayaaa iga dhamatey😂😂😂,0,0,0,2,0,0
som_train_track2_1341,USER Ader harti keliya ayaaa ku filan jabahada Naziga ah eee SNM awoood baaan jirine SNM isir dhan bey rabtaaa iney tirtirto  Marka muse lafo site waxaaan leeeyahay shanta madaxweyne eee aaad sheeegtay maxay isaga kaaa lugeynayaaan,1,0,0,0,0,0
som_train_track2_1342,Lamaaanayaaasha Waxaaan leeeyahay noqda dad jacaylka iyo wanaaagiiisa ku dhiiiragaliya inta iskaaabulada ah ooo aaan wali guuursan,0,0,0,0,0,0
som_train_track2_1343,Walaaal hadeeertaaan aaad had layso ayuuu qarax dhacay,0,0,0,0,1,0
som_train_track2_1344,USER Qatar waaaye ba hadiii dara ciiidan aaan jirin qof iska dhex shaqeeen karo ciiidanka dhexdiiisa midaaas ooo halis ah,0,0,0,0,2,0
som_train_track2_1345,Waxaaan Ka baqeeeynay ineeey dhacaaan ayaaan aragnaaa ooo Marqaaati u nahay  URL,0,0,0,0,2,0
som_train_track2_1346,Dalka pakistan waxaaan jeclahay midowgiiina iyo wada jirkiiina ilaaashada dawladiiinaIlaaaliya madaxdiiina wadaniyiiinta ah ha u jabinina cadaaawaha waaayo way ku farxayaaan dadweeenah reeer pakistan ilaaaliya libaaaxyadiiina hadiiikale waxaaa cunaaaya ayda cadwgiiina pakistan guuul guuul URL,0,0,0,0,0,0
som_train_track2_1347,Inuuu waxwalbo uuusan xelad ku sameyn ooo cabsi aaawged usameye,0,0,0,0,0,0
som_train_track2_1348,Noloshu waaa halgan Qof karti badan ooo isku filan noqo Inta aaad iska taqaaan Cidi kaaama taqaaannno inta Aad isla rabtana Qofna kulama rabo Hortaaada U haaay dantada Garo halka Aad u Socto Hadiii aaad Maaalin 1 tilaaabo Gadaaal Uga dhacday Maaalinta xigta labo tilaaabo Hore u QaaadKeeep Going URL,0,0,0,0,0,0
som_train_track2_1349,Ilkahaaa markad sooo xidhato haynooo ahaaato Khaaalid Fooodhaaadhiyow hadaaan kuuu sooo qori waaayo “dhawr iyo labaaatansano ka dib khaaalid fooodhaaadhi ooo ka baxay abaaartiii fanaxada wayn ku haysay”. Maaad wax dhaaama “abaaar” nooo sooo qortid. Indr halkaaa “Abaaarta” nooogu,0,2,0,0,0,0
som_train_track2_1350,Qofka aaad is cugataaan Ama ceeesh wadaaagtan Marka Kala cadhotaaan Wuxuuu ceeebo leeeyay Cidna hawga sheeekaynXathiiis URL,0,0,0,0,0,0
som_train_track2_1351,akh maxay cadhada nagatusty,2,0,0,0,0,0
som_train_track2_1352,Filimkam cabsi cabsida yaaa u daaaray Muuuse  Iska daaa katiiinade waxay ahayd in maxkamaddda USER Hague mar hore la geeeyo  40 sano eee noloshiiisa u dambaysay waxaaan dil dhac hanti iyo isku dir beeelo ahayn kama shaqaynaynin  Somaliland Somalia URL,2,1,0,0,0,0
som_train_track2_1353,Mushar nabixin wadanka a hormar uuu gaaar siiin sidiii caruuur saboool ah abahoood waaa hore udhintay cidna ay u maq nen ooo hoooyadiii dhashay intey waxay siso weydey gisi iney habeeenkiii dabka usaaar to ay caruuurto kuseeex daaan habeeenkiii gajadiiina ay ku ilowaaan marka xasan sheeeq alshabab ay,0,0,2,0,0,0
som_train_track2_1354,Miskan Khan: Gabadhii ku qeylineysay 'Allahu Akbar' oo sheegtay sabab layaab leh,0,0,0,0,0,2
som_train_track2_1355,mahadsanid wlllkey igayar lkn iga caqliga badan maxaaayelay waxa awkahadlaaayo aney iheystaaan hadana saaas ugama fikirin wiligey mahadsanid sxb,0,0,0,0,0,0
som_train_track2_1356,Waxaaan ka mid ahay suuuriyaaanka suuuriyaaankuna anigay iga mid yihiiinXornimo iyo nolol qurux badan baaan eeebe uga baryay walaaalaha suuuriya eee cadowgu ku habsadayasadmustgoSyria  URL,0,0,0,0,0,0
som_train_track2_1357,Argagexisada gabalkooodu waaa dhacay xadkiii ay jiri lahaaayeeennna waaa gaaareeen shacabkiiina way ka cabsi daaayeeen Dawladdduna la dirirkooodey diyaaar u tahay waxaaase muhiiim ah marxaladdda xigta iyo sideee guuusha lagu maaarayn karo Walwalkaaas waxaaa keeenaya in ay ina sooo mareeen guuulo badan,0,0,0,0,1,0
som_train_track2_1358,so basicallly that makes you the empire of truth  Marka macnahaaago waaa wareeerneee yaaa warnaaa  sxb bring your scale  meeeshaaan africa ayaaa la dhahaaa magac miskiiin kama aha URL,0,0,0,0,0,0
som_train_track2_1359,Warar kala duwan ayaaa kasooo baxaya khasaaaraha ka dhashay qaraxyo is xigxigay ooo gooordhow ka dhacay qaybo ka mid ah magaaalada Muqdisho eee caaasimada Sooomaaaliya  URL,0,0,0,0,2,0
som_train_track2_1360,Shittt wlhi intaaan vediogan dawanayay only waxan aaad IGA xumaday hoooyada lagu zooo dhexdaray xifaltanka idinka dhexeya xataaa damerkayga isbedelay kani ragatinimadu melkaga dhacay,0,0,2,0,0,0
som_train_track2_1361,USER Waaa geeesi qarankeeena ka badbaaadiyey maaafiyadddiii lagu qaldamay amp xukunkiii Dictatorkiii curdunka ahaaa eee uuu hogggaaaminaaayey Madaxweyne hore USER  Roooble waaa madaxweynaha mustaqbalka waxaaan u rajeynaaa guuul amp horumar raiiisul wasaaare hore Mudane USER amp familkiiisa,0,0,0,3,0,0
som_train_track2_1362,Ma akhlaaaqdiii iyo dhawrsanaaantiii iyo ilaaalinta hablaha somaliland sharaftoooda ayaaa cunsuriyad noqotay laaa xawla walaaa quwata ilaaa bilaaah  hadal aaan maaanka sooo marin dheh  URL,0,0,0,0,0,2
som_train_track2_1363,Ax abayo.ifti runti.adban uganaxay.dhibkagugudhacay alllh qalllbigahakuuuqabojiyo,0,0,2,0,0,0
som_train_track2_1364,Dadki Maaatida ahaye eee Dumar iyo Caruuur degeeen laaascanoood dictaaaterku Ciiidamadisu wax waaa layeeey qaaarna waaa dhawacaye qaaar jeeelasha ayuuu ku guuuraye iyo intiii hadhsanayd uuu qaxiyeeeyBulshadi caaabsi buuu ku hayaaan ooo colaaad baaa ka dhex guuuxaysa maaankoood,0,0,2,0,2,0
som_train_track2_1365,Hidddiyo dhaqanka waaa dareeen qurux badan markaaad tahay qof jecel dhaqankiiisa inuuu waxabadan Inuuu Ka barto URL,0,0,0,0,0,0
som_train_track2_1366,USER Qabyaaaladu markay ku indho tirto waaa saaan ooo kale sawtay meeel walba ka qaylinayeeeyn ooo shirarka ka dhaaaranayeeen yaaa xageeed ku maqnayd cabashada waxay ku dari jireeen dhaaar adooo kale in uuu isku sheeego wariye ma ah waxay ahayd in aaad ahaaatid kuwa qabiiilka u qayliya,2,0,0,0,0,0
som_train_track2_1367,War wlllo bisinkeee heshiiiya dadku waaa isku qaldamaaan wayna ka heshiiiyaaan   Hala Kala rooonaaado wlllo   Wlllo ayaaa tihiiin adna Dirisle Cabdi wlll haduuu inanku kaaa   qaldamay ooo xataaa aaad leeedahay   wuuu i dhabar jabinayaaa   Dar allle iskaga cafi wlllo   Kana rooono,0,0,0,0,0,0
som_train_track2_1368,Maxa Ku dhacay codkaaaga,0,0,0,0,0,0
som_train_track2_1369,Wlhi waaan oooyay,0,0,2,0,0,0
som_train_track2_1370,Gudddooomiyaha amaaanka eee Ismaaamulka Baringo Abdirisaaaq Jaldesa aaaya sheeegay in Dawladdda ayaaa wado qorshe ay deeegaaanka Tiaty eee baaaxaddda weyn leh ugu samaynayso degaaanhosaaad sadddexaaad si dadka looogu sooo dhaweeeyo adeeegyada looogana hortago burcada Xooolaha dhaca  URL,0,0,0,0,0,0
som_train_track2_1371,Byby qisaaas jacyl wuuu sooo dhacay 😂😂😂,0,0,0,2,0,0
som_train_track2_1372,Wiiilkaaan waaan la murugoooday Dhib badan buuu maray Alllah waxaaan uga baryayaaa nolishiiisa inta ka harsan inuuu farxad ku nolaysiiiyo murugadana ka qaaado,0,0,2,0,0,0
som_train_track2_1373,Ku darso nin gaaajeysan gob maaaha ilmo rajo ahi marka aaad kafakareyso wa iska sidaaan .😢😢😢,0,0,1,0,0,0
som_train_track2_1374,Ma ahan dhimashada masiiibadu ugu weyn eee nolosha balse waaa jid ay nolosha ka dambeeeya ooo ay siii marto  laaakiiin masiiibada ugu weyn waaa qalbigaaaga ooo ay ka dhimato cabsida ilaaahey adigooo ku tiiirsan nolosha keliya  URL,0,0,0,0,0,0
som_train_track2_1375,Farmaaajo vilada kategidiii farxad Bay unoqotay,0,0,0,0,0,0
som_train_track2_1376,Jareeer waaa jareeer uuun faqash uuunva igusi dhacda markan maqlo jareeer,0,2,0,0,0,0
som_train_track2_1377,Lkn su aaal ayan hada jecelahay inan kula wadaaago hadiii aaad akhriso comentigan wlll dad badan ayaaa wxy ku muran san yihiiin in cilmiga yaaala africa ama dalkeeena somalia ay waxba ka jirin meeelna lagu gaaadhi karin eee sooo raaadiya cilmiga sax ayaaa isku qancinay hada adna ,0,0,0,0,0,0
som_train_track2_1378,Waaa mag dhaw maxkabatuuu ixukuntay wereye dadka hawareeerin,1,0,0,0,0,0
som_train_track2_1379,Sweden ha ogaaato in kitaaabja Quranka ah gubistiiisu aaanay wax fudud ahayn cunsurigaaana ha ogaaado in muslimiiintu diyaaar uuu yihiiin ilaaalinta diiinta islaaamka  Illlahaybaaana kaaa jari dooona intaaad samaysay illlahay haku sooo hadeeeyo intaaanad gaaalnimo ku dhiman  URL,3,0,0,0,0,0
som_train_track2_1380,Waxaaad sooo kordhiyey sxp kay ismaaaciiil ooo aaan ku sooo xidhay maracade show mahadsanid mr maracade show,0,0,0,0,0,0
som_train_track2_1381,Markaaad qabiiil idil kaligaaa waxka baratay  eee aaad aqooonyahan u tahay waaa sidan ooo kalehadddaaad xildhibaaan iii dhiiibataaan xuquuuqda idinka maqan ooo dhan waaan idiiin sooo dhicine minaaaminMid kaligiii qabiiilkiiisa waxbartay ooo dhawaaan jaaamacada kasooo qalin jabiyeysiyaaasiga maaanta URL,0,0,0,0,0,0
som_train_track2_1382,USER Sooomalidu siyaaasad ayaaa kala fogaysay insha alllahu dhalashaaa isku sooo dhawayn,0,0,0,0,0,0
som_train_track2_1383,Mahadsanid zxb qaybta kale kaaasugaynaaa in kastooo dhibadantahay si aaad nooofarxad galisiiin waxwalpa waaa d usamaysay m.a zxb caaawa iga farxisay anooo Iska murugsan ilaaahada Iska dhooola cadaynoooyaaa thanks,0,0,0,2,0,0
som_train_track2_1384,Mahadsanid jaaale Anigu mar dhaw baaan ku sooo biiirey bartaaadan YouTube ka Xogtiii aaan hada dhameystay Teeeda kale waaa gooorme mudane Mahadsanid In badan jaaale dadaaal wacan,0,0,0,0,0,0
som_train_track2_1385,Ninka ninka xooolihiiisa wata miyaaanu tolow ogeyn ina iley halku maaanta ku jiro waaar dulmiga iska ilaaaliya waligiiin,2,0,0,0,0,0
som_train_track2_1386,USER Eedo ilaaa at maxkamad xukunto dadkan ayeeey udhexeysaaa URL,0,0,0,0,0,0
som_train_track2_1387,Xasuuusnow mar walba ooo aaad ka hadasho noloshaaada inteeeda xun waxyaaabaha aaanan kuuu hagaaagin waaa mar walba ooo aaad farxaddda kala fogaaataaan keli ahna xaaaladdda ayaaad isku siii cuslaynaysaaa  Naftaaada bar in ay eeegto inta kuuu hagaaagto bedddelka inta aaad waysay Alllena ku mahdi,0,0,0,0,0,0
som_train_track2_1388,ilmo yar ooo darilahay iyo darxumo uuu dhintay bay beeen nogu shegayan,0,1,0,0,0,0
som_train_track2_1389,Qofka daaawanayo waaa qof allle kacabsigu ku yaryahay waaayo qofku haduuu xasuuusan yahay   inuuu ilaaahay arkayo waxyeladas kuma dhaqaaaqayo marka waxan kula talin laha dadkas ugu horeyn inay towbo keeenan ayna badiyaaan qur aaanka aqriskisa waaayo allle cabsi ayaaaku siyadayo q,0,0,0,0,0,0
som_train_track2_1390,Awalan Alllah ayaaa mahad iska leh maaanta iii suuurta galiyay inaaan farxada la qabsado Awlaaadeeeda Caisho Cabdinasir iyo Khaaali Cabdinasir ooo maaanta ka qalinjabiyay Quraaanka kariiimkaaa  Waxaaan u mahad celinaaa Maaamulaha Madarasada Mucaaad Binu Jamal Macalin Duraaan Ciiise URL,0,0,0,3,0,0
som_train_track2_1391,Thank you guys ❤️ noooso wada filmka qaybihisa kale hanaga niyad jabina 🙏🏽,0,0,0,0,0,0
som_train_track2_1392,Real Madrid ayaaa doooneysa inay lasooo saxiiixato weeeraryahanka reeer England Harrry Kane xillli ciyaaareeedka sooo socda  29sano jirkaaan ayaaa qandaraaaskiiisa haaatan eee Totttenham waxa uuu dhacayaaa ilaaa 2024 waxaaana uuu ku kici karaaa ilaaa 1000m euros  8883m  URL,0,0,0,0,0,0
som_train_track2_1393,USER Xalay waxa aaan oxooogaaa dhagaystay qolo Tigray ah ooo ku oooyaysa in Oromo Sooomaaali iyo Canfar is wadataaa ay Xabashidiii isku jabiyeeen ,0,0,0,0,0,0
som_train_track2_1394,Mnsha Alllah sooodhawaaada dhariiinyaro,0,0,0,0,0,0
som_train_track2_1395,Waaa sax eee mahadsanid...juhdiga aaad gelisay xaqiiijinta arrrinkaaas ...laga sheeegay beeenta,0,0,0,0,0,0
som_train_track2_1396,Hadddiiiba qof kuuu jeclaaan karo si xaddhaaaf ah ogooow in qofkaaasi si aaad ah kuuu nici karo  Muuuraaayaddduba waxay isku bedddeshaaa hub aaad u halis badan marka ay burburto ka dibBy professsional personMagacaaan ka ahay Qani Casar wanaaagsan URL,0,0,0,0,0,0
som_train_track2_1397,Waxaaan halkan hambalyo uga dirayaaa boqrka abdirahman ahmed mohamed iyo marwadiiisa USER ooo meherkooodu ka dhacayo 28080222 rays hotel borama waxaaan ugu ducaynayaaa ducadiii rasuuulka URL,0,0,0,2,0,0
som_train_track2_1398,Gus cirooobay laydinla dhac😅😅😅,0,1,0,0,0,0
som_train_track2_1399,Karan aroooska kadhacaya tuuulada wujuwaaaji,0,0,0,0,0,0
som_train_track2_1400,Waaar maxa kugu dhacay sxb.waaar   naxay bisinka,0,0,0,0,2,0
som_train_track2_1401,Kuwa galada haday midoban mxaaa dhacaya,0,0,0,0,0,0
som_train_track2_1402,In laqisaaaso dhib uma arakno balse nidamki saxda ahaaay loooma marin 7cisha gudaheeed baaa lagu sooo kobay xarig baaarid iyo dilkiiisabaEhelkiiina loma so sheeegin  Waaa iska sidaaan marka ina aderka maxakamada kuuu fadhiya  Aun walalken Anagane maaalinkena sugeyna URL,0,0,2,0,0,0
som_train_track2_1403,Haweeney da' oo sameysay arrin cajiib ah si ay u badbaadiso seygeeda,0,0,0,0,0,1
som_train_track2_1404,Wa marki ugu horesey an commment bixiyo loveta igu so dhaweya,0,0,0,0,0,0
som_train_track2_1405,Aqooonyahan rasmiya ooo aaan jacayl iyo nacayb tooona wax kudhisin weeeyey guuuleeed runbuuuna sheeegay.,0,0,0,0,0,0
som_train_track2_1406,Saxib next markaaad gabdhaha markad goyso amaaan eee ku dheeeh waaad qurux badan tahay uma qalantid in aaad earphones istacmasho,0,0,0,0,0,0
som_train_track2_1407,Waaar kuwa ka xamaaasha eee gobolada ka yimow naga baxa kuleyl ayaaad nooola timaaadeeen iyo sixir barare,0,2,0,0,0,0
som_train_track2_1408,USER Arintaaan Waaa ku talo gal sida howshu u socoto marka la fiiiriyo waxaaa dhacayaaa marka,2,0,0,0,0,0
som_train_track2_1409,Dimuquraaadiyadddu waaa aaalad si aaan hubeysneyn looogu maaareeeyo colaaad aaan la is bariiineynin ooo u dhaxeysa dad isku haya kursiga xukunka halka nidaaamka shuuurada eee islaaamku uuu yahay hab dad walaaalo ah ooo is jecel ay danohoooda Kara tashadaaan iyaga ooo aaan kala cabsaneynin,0,0,0,0,0,0
som_train_track2_1410,USER Ya alllah Mohamed yare sooo badbaaadi wa murugo walllahi aaawey kuwi dawlada isku sheeegaaayey maaalinti labaaad imaneeen meeeshan Mexey tahay shaqadooodu,0,0,2,0,0,0
som_train_track2_1411,AbdirashiiidBilaaale7 AbdirashiiidBilaaale7   dhanka jacaylka amiiina badanaaa waxuuu ku salaysana dano gaaara iyo ineeey shaqadeeeda gudato heeer waxay gaaare dumarka xataaa ay u galmoooto 🤣 waaad ka bogon dooontan inbadan,0,0,0,1,0,0
som_train_track2_1412,maracade show sxb barnamijyadada waxan ku xiranahay wakhti dheeer wana xiiiseeeya sxb hal codsi hadad awooodo waxad nooogu sooo darta barnamij kahadlaya dagalkiii 20006 eee yuhuuuda iyo xisbulllah mahadsanid sxb,0,0,0,0,0,0
som_train_track2_1413,USER MAREEEXAAAN XOOOLO XOOOLO DHALAYWAXBA QIIIQA HA ISKU QARIN DHIIIGIII ISAAAQ AYAAA GACMAHAAA KA DA AYAWaaanu ognahay cadowgiii dadka yaga iyo dalkayaga burburiyayMuse Bixi waaa Muj xooolihiii dadka dalka ka xoreeeyeyXooolihiii reeer Somalia eee SL ku sooo duuulay  SL WAAA XOROOO SNM BAAA NADIIIFIYEY,2,2,0,0,0,0
som_train_track2_1414,Falal dembiyeedka Koonfur Afrika oo hoos u dhacay xayiraadda korona awgeed,0,0,0,0,0,0
som_train_track2_1415,Sooo dhawaaaw❤️❤️❤️💪🏾,0,0,0,1,0,0
som_train_track2_1416,Maaamulka wakhtigiiisiii dhamadaaay wali wuxu hayaaa amaradiii gurucnaaa Balse maaalin dhaw waaa laga baxaaayaaa URL,0,1,0,0,0,0
som_train_track2_1417,Aad ayey uqaldantahay gabar ajaaanib aka ah. In aaad saaas ugu dhawataaan. Walk isku tour turtaaan.   Dabcan tabataaan. Aad buy uqaldan yahay clip is Gabdha.   Wxaaas wax ficn ma than ogow gabdhaha ain't camera is dubtaaan. Aad. Hadana isku tour turtaaan.   Awal wan is heli jiray,2,0,0,0,0,0
som_train_track2_1418,Sidaaa magaca dhaweeeye ugu dhawaaaqeeesid ayaaa funnny,0,0,0,0,0,0
som_train_track2_1419,Guuul farmaaajo waxaaa nahay dal isku filan wadanka maraykan uma talsho catooosh wariye ajnabi aaa tahay,0,2,0,0,0,0
som_train_track2_1420,Maxay basasha qaarkeed ceeb ula noqotay Facebook?,0,0,0,0,0,0
som_train_track2_1421,Muqaaalkiii igu horeeeyay eee aaan HeadPhone igu shaqeyn waaayay lol cabaaar baaan yaaabana codka maxaaa ku dhacay lakin dhagaystay markiii dambe,0,0,0,0,0,2
som_train_track2_1422,Ninka Calanka diiidan ninka xaqiraya xoriyada shacabka Somaliland ninka raba in ay burburto Somaliland nin kasta ooo jiritaaankeeeda ka sooo horjeeeda waaa cadawga maaaha saaaxiiib maaaha walaaalkaaa Walaaalkaaa Abaaah dhalayba mar ayuuu cadaw kugu noqda marka dhaxalka Aabo aaad isku qabatan  URL,0,1,0,0,0,0
som_train_track2_1423,Darisle brother gabar ma kula dhalatay aaan kaaa sooo ag dhawadeee... asaxaaabta like isiiiya inan xiriiirno ayan jeclaaaday dirisle,0,0,0,1,0,0
som_train_track2_1424,USER Waaa caqli badnaaa in aaad 50 000 ooo wiiilal ah iska dileysaaan buuu qiyaaasayey ooo Aad xooolo tihiiin wax isbedel ahna aydan keeeni karin  7 biloood baaa xukunkiii mar labaaad la idinku imtixaaamey isla Maxamed kala idiiinka tagey  Durbaba Gabdho dhooofin ayaaad bilowdeeen,1,2,0,0,0,0
som_train_track2_1425,Xog caaafimaaadSiraha midabada ku jira daaawadacadaygaXog caaafimaaad ooo faaaiiido leh Dhammmaaanteeen waxaaan isticmaaalnaaa daaawada cadayga laaakiiin qaaar badan ooo naga mid ah ayaaan garanaynin dooorashada maaadaaama ay jiraaan arrrimo caaafimaaad ooo ay tahay in aaan fiiiro gaaar ah u yeeelannno  URL,0,0,0,0,0,0
som_train_track2_1426,War dalkayaga anagaaa leh maraykan maxa naga quseeeya Baaarlamaaanka somaliya waaa sharci dejintiii dalka isla markaaana ah hayada ugu awoooda sareysa wadanka waxay isku raaaceeen uuun baaa shaqaynaya.,1,0,0,0,0,0
som_train_track2_1427,USER Hogaaamiyaha Hirshabeeellle ooo war kasooo saaaray weeerarkiii dadka badan lagu laaayay eee ka dhacay deeegaaanka Afar irdoood URL Sabti September 3 20222 AX  Hogaaam,0,0,0,0,2,0
som_train_track2_1428,USER Adigaba waxaaa doooneysay kursi beeeled ooo sharaf leh in lagu siiiyo adigooo nin asaaagaaa ah cunto kariye u ahaaa marka waxad taliyaha cusub wax kaga sheeegto meeesha ma taaal,2,0,0,0,0,0
som_train_track2_1429,"Mr. Maracaddde, aaad ayan ugu faraxsanahay taxanaha cusub aaa bilawday...Wana so dhaweynaya inad macluuumadka sirdoooneeed Naga haqab tirto...waxan ka dawanaya Nairobi... Ramadan Mubarak",0,0,0,2,0,0
som_train_track2_1430,Xanuunka halista leh ee ay soo dadajiyaan waxyaabo ay Soomaalidu Isticmaasho,0,0,0,0,1,0
som_train_track2_1431,Waaar idrs shirkada youtube tag ooo ka dacwooo waaanu jabinaynaaa anaguye,0,0,0,0,0,0
som_train_track2_1432,Ugu yaran 18qof aya dhintay habenimadi Jimcaha kadib marki dad badan ay isku dayen in ay u gudban gobolka Melillla eee dalka Spain eee waqoyiga MorocccoDowlada Spain aya shegtay in in ka badan2 000 ooo qof ay u so dhawaden Melila iyado5000 ooo qof ay u surtagashay in ay ka gudban xadka URL,0,0,0,0,2,0
som_train_track2_1433,Labalabuuuf NacalaD allle hakugu dhacdo 😠 Dirisle Heeer sareH walaloH❤,2,2,0,0,0,0
som_train_track2_1434,Hadddiii qof aaad is jecleeedeeen kaaa taaago ha murugooon ha matagin ha is gubin cuntada ha ka sooomin heeeso badan ha isku maaaweeelin  Fiiiri naftaaada in aaad noooshahay ooo neeefsaneyso ka dibna horay u wado noloshaaada  U sheeeg qalbigaaaga in qof kaaa tagay eee aysan ruuuxdaaadi kaaa tegin,0,0,0,0,0,0
som_train_track2_1435,Oo cashuuurta manin baaa lasiiiyaaa aaan wlllhi caaawaaa iiigu horaysa magiciiisa wax uuudifaaacana ma maqal tamaaadhada hoooyada kaaaryooonka kuriiixayseee maaalinwalba laga daaadinayo kun ka shillling eee laga qaaado ayaaa la siiiyaaa dad qurbaaa ku faaakihaysta way kudaysay ta,2,0,2,0,0,0
som_train_track2_1436,Maaanta sicirbararku wuxuuu marayaaa meeel aaad u xun ooo uuu saaameeeyay dhamaaan qaybaha noloshaWaxaaan u sooo jeeedinaynaaa shirkadaha laydhka inay isku noqdaaan ooo u naxaaan dadkeeena ay ka dhex ganacasanayaaan ooo ah dad awooodoooda dhaqaaale aaad hooos ugu siii dhacayso  Xoghayaha WADDDANI URL,0,0,2,0,0,0
som_train_track2_1437,Nin sheegtay dhakhtar dadka Soomaaliya caawiya oo dumar uu shukaansaday lacag ka dhacay,0,0,0,0,0,1
som_train_track2_1438,USER Uma maleeenayo 2024 in askari shisheeeye uuudalkayga jooogi karo waaayo waxaaan arkaaa CXDS ooo kobcaya shacabkana in ay fahmeeen in askari shiyeeeye uuu san faaaido ulahayn No More askari shiyeeeye EAC Faaaido badan baaan ka heleynaaa ia No more dib udhac,0,0,0,0,0,0
som_train_track2_1439,Alllaha hanaga tagin bro wan murugsanaaa lkn.waaa.iga farxiseee😭   😁😁😁,0,0,0,2,0,0
som_train_track2_1440,SNM waaa kooox argagaxiso ah iyaga iyo shabaaab waxayna ka simanyihiiin dabargoynta dadka Sooomaaaliyeeed eee kasooo horjeeeda fikradahoooda khaldan waxana maaal galiyay dawlado shisheeeye waaa mashruuuc ajanabi labaduba waaa inan hal meeel uga wada sooohorjeeed sanaaa argagxisadas USER URL,2,0,0,0,0,0
som_train_track2_1441,M.a wlll mahadsanid,0,0,0,0,0,0
som_train_track2_1442,Music ooo hordhacaaa waaan u xiiisay runtiii,0,0,0,1,0,0
som_train_track2_1443,waxad kashooo hada shaaa Honkok iyo chiyna moxowka rabaaa rabshado ayaaa ka jiro,0,0,0,0,1,0
som_train_track2_1444,Wlh farxad la oooyay thnx abwe,0,0,0,3,0,0
som_train_track2_1445,Sxb halmid manooo sameyn kartaaa adigooo mahadsan filimka bilow ilaaa dhamaaad halmar sooo gali asagooo hal muuuqaaal ah hadey macquuul tahay igu sharaf   wlaaalkey,0,0,0,0,0,0
som_train_track2_1446,Mawduuucyadan sooo badi dhiiiri galin ayay no tahay mahadsanid👏👏👏,0,0,0,2,0,0
som_train_track2_1447,USER In baraaarug laga saaameeeyo suaaalo layska weydiiiyo Cilmibaaadhis laga sameeeyo uma baaahnaIllleeen No Research without Problem hadddana dhib baaan haynaynaaa waaa in aaan cilmibaaadhis ku samaynayaaa Marka suaaalo ku saaabsan maxaaa sababa Maxaaa badinaya dhacdoooyinkan,0,0,0,0,0,0
som_train_track2_1448,USER balaaayo kula yaraaatay dheh iney waxbarashadeeeda ku dedaaasho weeeyi intay waxaaan dani ugu jirin ku mashquuulayso,2,1,0,0,0,0
som_train_track2_1449,USER Tani digniiin maaaha eee waaa qalqal gelin dadweyne  Hadddiiiba aaad ogtihiiin in ay weeerarrro la maleeegayo maaad ka hor tagtaaan ooo fashilisaaan mise marka ay dhacaaan kadddib ayaaad baaaritaaan sameyn dooontaaan,0,0,0,0,2,0
som_train_track2_1450,Guuul insha alh farxad ayey la laaaban,0,0,0,2,0,0
som_train_track2_1451,Nolashu waxa Ay qurux badan Marka Aad Lamaaane Heysato,0,0,0,2,0,0
som_train_track2_1452,USER Hurta Waaax kale waaan dhagaysan lakin maaa gaaar iyo gaaardaro baaad isku racaysiiin Marka maaa uruuur baaa mise waaa fidmo siyaaasad Waaax kamaaa taqan xataaa diiinta ayay kuuu gaftay uuu Misha wixi laaa timid dhaxalka 5050 lab iyo dhedig walal bilow ayay fashilantay wexi uuu socoto,0,1,0,0,0,0
som_train_track2_1453,USER Taaariiikh mahayn wixi mesha kadhacaye ceeeb ayey ahayd xasan sheeekh reeerkisi aya laga kicin kariwayey kuraaastiii martidu fariiisan lahaydShame on you,1,2,0,0,0,0
som_train_track2_1454,Waaa sheeeko suuuqa lagalinayo ethio ma aha Cid waxa ay mar isku qufusho ka tanaaazusha ilaaa dhagay fareeey ka dhacdo waaa dad jilicsan damacoooduna xunyahay,0,2,0,0,0,0
som_train_track2_1455,Amiiin guuuled ooo ahaaa nin dhalinyaro ah ooo astaaan u ahaaa ifinta dulmiga qarsooon eee puntland ka jira ayaaa xabsiga looo taxaaabay waxan ku baaaqaya in si deg deg ah looogu sooo celiyo xoriyadiiisa  URL,0,0,0,0,0,0
som_train_track2_1456,Xanuunnada halista ah ee laga yaabo inuu wax ka taro subagga ay Soomaalidu isticmaasho,0,0,0,0,0,0
som_train_track2_1457,Nin waxyaaabaha qarxa jirkiiisa kusooo xiray ayaaa xalay isku qarxiyay afaaafka hore eee xerada Nacnaca eee kutaaallla degmada Wadajir waxaaana qaraxan ka dhashay khasaaaro isugu jira dhimasho iyo dhaaawac  URL,0,0,2,0,2,0
som_train_track2_1458,BNSomalia Jimco Aug 12 20222Madaxweynaha Sooomaaaliya ooo Caaawa war kasooo saaaray rabashadahiii ka dhacay magaaaloooyin ka mid ah Somaliland URL Somalia,0,0,0,0,0,0
som_train_track2_1459,USER Waxaaan u malaynayaaa in xanuuun Farmaaajo layidhaaahdo kugu dhacay  Xasan dhiiiqo waxba ma dhaqaaajin waaayayNin aaan xilba ahayn haku qadhaaadhinXasan  Odowaaayooow wiiilkaygiiiyooow Dhiiiqaaa lugaha laguuu gelihaaa Bal noooga waran,0,2,0,0,0,0
som_train_track2_1460,"Culeys walpo ooo ku heysto alllaha kaaa qaaado hadiii aaad iii tabato folllow,,,da mahadsanid 💓🙏 htttps:///www.faceboook.com/ustaaad.cabdiraxman.bile/videos/9403617306333987/?mibextid=rS40aB7S9Ucbxw6v",0,0,0,0,0,0
som_train_track2_1461,Rwanda oo hoggaamineysa dagaalka lagula jiro kansarka minka ee Afrika,0,0,0,0,0,0
som_train_track2_1462,BNSomalia Webiga Niiil waxa uuu ku jiraaa khatar dhimasho ah laga bilaaabo isha uuu ka sooo jeeedo ilaaa baddda URL Somalia,0,0,0,0,2,0
som_train_track2_1463,Fursad ayay sooomaaalidu maaanta haystaaan ay shabaaab iska dhiciyaaan kuna cidhib tiraaan  Liyuuu police DDDS hala garab siiiyo ma cabsadaaan ma baqaaan  Waxayna fashiliyeeen Beeentooodiii ahayd inaysan xabadddu karin AlshaaabNin Holaaa Libinta Hela  URL,0,0,0,0,0,0
som_train_track2_1464,Afar siyaabood oo uu Facebook nolosheenna u beddelay kaddib 20 sano,0,0,0,0,0,0
som_train_track2_1465,Aad baaan oga helay mahadsanid walaaal maracadeee wax badan ayan kabaranay .qiyanada yahuda basaaasinta .shukran brother,0,0,0,2,0,0
som_train_track2_1466,Alllah baaa mahadleh dib u kulmiyay Qoyskiiisa lkn Da'da 5 sano eee uuu jiray markuuu lumay aniga da'daaas 4 sano ilaaa 5 sano markaaan jiray xasuuustayda Hoooyo markaaan uga sheeekeeeyo dhacdoooyin xiligaaas ah kuwa sax ah iyo kuwa dhansaaar ahba waaan islafahanaaa way jir,0,0,0,2,0,0
som_train_track2_1467,"#Mamulgoboledka somaliland , Taiwan waxba uma qabankarto ,tobabar kasta ooo la siiiyo dhigoood dhulbahante baaa ka jabinaya😂🤣😃",0,0,0,2,0,0
som_train_track2_1468,Shacabka JL waxaaan ka waaaninayaaa in aaan qabiiil la is kaga hor keeenin  Kala qeeeybi ooo xukun beeey aheeeyd wuxuuu A Madobe ku sooo shaqeeeynayay hada ooo uuu waqtikiiisiii dhamaaaday qilaaaf buuu rabaaa in uuu dadka ku mashquuuliyo  Xalka JL waaa DFS ooo xaqiiijisa in A Madobe waqtikisiii dhamaaaday,0,0,0,0,2,0
som_train_track2_1469,Nio wariye aya ahed lkn wayahan dabe itobiya ayad nagu walosa MA qadiyadi aaa adne ka gashey itobiyan airline somali wey ogthy itobiya qor shahey wadato Wana in somaliya mamulida hawada lagala tabta dowladuna burburta si ey somali danaheda uga fushato adne rer kagi ayaba itobiya,2,1,0,0,0,0
som_train_track2_1470,Silsilada Isku tirsananta noloshaWaaa Taswir bixinaya micnoyaaal badan hadba dhinaca ka eeegtid Maxa kugu sooo dhacay maskaxdada marka aragtay sawirkan  URL,0,0,0,0,0,0
som_train_track2_1471,murugada kama qadi karto farxadafarxaduna cidna kaaama qadi karto ilaaa inad ogolaaato adiga moyeee kafarxinaftada ifinoloshada,0,0,0,0,0,0
som_train_track2_1472,Ducadaaal Mar hore bay ahayd alllana waaa aqbalay ooo farmaaajo baaa xukunka qabtay,0,0,0,1,0,0
som_train_track2_1473,Quruxku dhiiigle hore usoco wlll hana ujabin DadKa xasadka ah inantana yaaan layskukiiin dirin,0,0,0,0,0,0
som_train_track2_1474,Wadan walba wax uuu dadka kuso jiiito ooo lagu jecladu leyhy somaliyey mxaynu leeenahay? Ma cunsuriyad iyo dhiiig ayn Ku faaana?!,0,0,2,0,0,0
som_train_track2_1475,Muqdisho berigiii hore waxay ahayd mid aaad u qurux badan URL,0,0,0,0,0,0
som_train_track2_1476,Somalidan wlh jahiljimo iyo doqonimo bey isku darsaden hesta wXa lolo jedo xita ma yaqanan qarkod wa la iska dhela yab,2,2,0,0,0,0
som_train_track2_1477,Twku ma wuxuuu noqday hoyga ay qadaaadwayntu ku barooorato ala meeeshu fooolxuma waynaaa waaar ilmada iska tirade miyaaan la idiiin sheeegin in ay ooohintu raga xaraaan ka tahay marxaladha qar sida tano kale ilaaahay rag buuu I siii aaamusan ooo ficil leh nolada raga Somaliland guuul iyo gobanimo,0,2,0,0,0,0
som_train_track2_1478,Brazil dadka xukunka heysto waxay u badan yihiiin carab sida   lubnan. Syria   falastin. Aad ayeyna dadka lo gumeystaaa siiiba dadka ugu badab eee madowga ah xitaaa loooma ogola in ay jamacad galaaan   dadka madow.,0,2,0,0,0,0
som_train_track2_1479,Aan hal mid isku waaafaqno marka laga tago cida dishay ikraaanfarmaaajo dalka waxa ka dhacaya ooo kiiisas ah waxba kama ogaynTaaas ooo micnaheeedu tahay in madaxweynuhu uuusan haba yaraaateee wax masuuuliyad ah iska saaarin xaaalada amni eee dalka iyo ilaaalinta muwaaadiniiinta  URL,0,1,0,0,0,0
som_train_track2_1480,Xiiisada kataaagan mucaaaradka iyo xisbiga talllada dalka haya somaaaliland eee kulmiye ooo ahada meeelll xaaasaaasi ah maraysa taaas ooo dhawaaan madaxwaynaha jamuuuriyad somaaaliland ooo go aaan kasooo saaaray sidokle madaxwaynaha ayaaa ku dhawaaaqi dooona in xisbiyo LaFrance dooono,0,0,0,0,0,0
som_train_track2_1481,Bilowgiii qurxooonaaa wuxuuu isku badalay dhamaaad murugo Leh midba midka kale eeedeynaaayo,0,0,2,0,0,0
som_train_track2_1482,USER fouwziyooow arimaha gobolada waqoooyi maxaaad kusalaynaysaaa Kow teeegaaamo badan ooo Togdheeer ah Soool ah Sanaaag ah ma xukunto SL inta ay xukuntana deeegamo badan ooo ay xukuntana lagama rabo dadkuna ekhyaaar malaha tusaaale CabdiIsmaciiilSamatar mategi karo Booorame,0,0,0,0,0,0
som_train_track2_1483,"video gaaan markaaan daaawaday waaan xanaaaqay? runtiii? dulmiga intaaa le eg? in bulshadu iska daaawato maaahan? ooo gabadhaaas yartaaa xaqeeeda looo raaadsho? jigjiga waaa magaaaladeydiii aaan jeclahay? ninkaaan dhin bil umad badan ayaaa ka cabaneysa, cid waxka qabaneysa majirt",2,0,0,0,0,0
som_train_track2_1484,Lasodaqso part 4😘...Een hal yar ooo fikrad ayan qabaaa waxeyna kuadantahay Mariiish. Abayo waxan jecleystay inaaad   markad jileysid aaad serious ujishid micnaha kalataga athigaaa iyo Qurux kudigle waxaaa lagaaabahnaaa inad murugooo tid balse Jack bas ayey kamuqatay mana lagutilm,0,0,0,0,0,0
som_train_track2_1485,Sxp makahadlikadhaaa dilkiii   yaaasir carafaaad,0,0,0,0,0,0
som_train_track2_1486,is adkeeey caaajiska iska dhaaaf kkk,0,0,0,0,0,0
som_train_track2_1487,Sirta iyo Kalgaceylka: Basaasiintii jacaylka ku badeshay siraha qarankooda,0,0,0,0,0,1
som_train_track2_1488,Hoooyo sooomaliyeeed ooo tusbax rogaysa maaa sooon jabin wiiilka ugu horeeeya suuu u qoslay ayn ka helay msha alllh dhmntoood,0,0,0,2,0,0
som_train_track2_1489,Gaban jilinkeda masha alah waye hurey may usamaysay filin jecel ah iyado iskol dhigato talow 20008 miya malahas ayan fila lakin cadi mahan waxba kahelay marki ladhay asdad Nulashan makusamaykara iyo jawabta ay bixisay asad iya ladha waxaba kadhacay saxibow xasos aya igilisay cawa,0,0,0,1,0,0
som_train_track2_1490,waaa farrrin ku socoto wadan walbo o mmmuslim ah inta hada burbursaaan somlia kuw ka tahay alllow sahal amuuurahaaa,0,0,0,0,0,0
som_train_track2_1491,Wlllhi waaa la yaaabay aniga xataaa ani hadaaan ahaaan lahaaa ma sameeen laheeen prankiyadan oookle qosolka maba isku celin karo,0,0,0,0,0,2
som_train_track2_1492,like dhac dhac usiii,0,0,0,0,0,0
som_train_track2_1493,team dirisle Bruder malinti dhawayeeed ayaaan ka sooo badniy deee magaldu Austria ku qaaabishay Salzburg 0:3 volerbarg guuusha inaga mar wlba ka leh,0,0,0,0,0,0
som_train_track2_1494,Horumarka weah Waxay dhiiiragelin uthy dad bdn ooo afrikaaan ah marka mahadsanid Tanaaad wax bdn ayaaad nooo faaaiiideysay,0,0,0,2,0,0
som_train_track2_1495,Ciiid wanaaagsanwaxaaan ugu baaaqeyaaa bulshada sooomaaaliyeeed in ay garab istaaagaaan qoysaska la ila daran abaaaraha ka jira dalkafarxaddda Ciiiddda si ay u noqoto mid dhammmaaan dadkeeennnu wada dareeemaaan waaa in danyarta agooonta iyo bulshada qaybaheeeda taaagta daran laga farxiyo  URL,0,0,0,2,0,0
som_train_track2_1496,Gabal dhacay mala soooceli karaaa waaa maya farmaaajo iyo mursal gabal kooodu waaa dhacay eee ka nasta,0,0,0,0,0,0
som_train_track2_1497,Dhammmaaan deeegaaanada Bari ka xiga wabiga Shabellle dowlad goboleeedka Hirshabellle waaa laga saaaray Khawaaarijta waxyar ayaaana ka haray waxaaana aaan dhawaaan bilaaabaynaaa hawlgalo ka dhan ah Khawaaarijta ooo loooga saaarayo dhinaca Galbeeed eee Hirshabellle URL,0,0,0,0,2,0
som_train_track2_1498,Ana u horeeeya   Imika ayaaan video ga Daaawanayey wlhi waaan garanayey inaaad ka sooo hadlayso video gan markiiiba adaaa niyadayda ku sooo dhacay Pin Me,0,0,0,0,0,0
som_train_track2_1499,asc sxb   talo iga hooo kaga timid wlll ku tageeera codsi : fadlan iska dhaaaf muran ka faaa ido mlaha ado rali ah sooo gali vedios wax tar leh   iyo waaano kusalay san diiinta   Mahadsanid,0,0,0,0,0,0
som_train_track2_1500,I am new like igu sooo dhaweeeya,0,0,0,0,0,0
som_train_track2_1501,USER Xurmadle agaaasimeyaaashaaan aaad wax u dirsanayso waaa waraaabe dareeerin lagu raray  Shaqaaalaha heshiiiska dawladdda la galay se ka sooo dhalaaalin maxkamad ha looo gudbiyo  Qaaan inay bixiyaaan ha xukunto  Shaqada ha ka eryido  Mardambena inaaan dadwaynaha wax looogu dhiiibannna ha xukunto,2,1,0,0,0,0
som_train_track2_1502,Washeko welwel badan xita aniga naxdin dareeemay,0,0,0,0,2,0
som_train_track2_1503,diiir igama saaarneeehana noqon mid iii diranooo layu diri karomarka dumarku sheeekadadan wadaaag u yeeeshaaandakhar igu lafooobiyodogtiii jacaylkaaamadaxayga damaqdooo,0,0,0,0,0,0
som_train_track2_1504,USER Balaaayo kula tuuugsi badnaaataywar Somalida ayaaa isku filan haduuu caqliga shaqeeeyo,0,2,0,0,0,0
som_train_track2_1505,Sxp Malaysia iyo Indonesia waaahal luqad wax makala dubna only dhawaaaqa sida Somalia iyo hargeysia,0,0,0,0,0,0
som_train_track2_1506,Dirisle guuulayso walal wa mrki ugu horeysay eeen coment kuso qoro ninkan wayn eh madhani waligina waxba kuam gaaarsinayoH   xaqaaa ku socooo naftada difaaac haduuu nin raga yahay bal hakuso dooonteee fulayda aya dhabarka dadka ka tatooomeeeH ooof cleeek dhe wxaN dirisle hore uso,0,1,0,0,0,0
som_train_track2_1507,USER Waaa looo baaahanyahay in ay sidaaan u qeyliyaaan  Allla jecliyaaa marka waxay jano u maleeenayeeen eee laga celcelinaaayay ooo ay ugu hayeeen farmaaajo waaa mareeexaaan uuu isla lix biloood gudaheeed xaaar uuu ku noqday ooo maaanta amni daro sicir barar dhimasho musuq iyo kala carar ay ku jiraaan,0,1,0,0,0,0
som_train_track2_1508,USER waxaaan maqli jiray ilawsho dhawaaa ma umulba,0,0,0,0,0,0
som_train_track2_1509,USER Oo hada aqlaaaqdaaada sax ma dooodba teeeda kale reeer Muqdisho ma waxy wada leeeyihin hal arakti  Intaaan is leeenahay maxaaa dadkaaas wax looogu sheeegi waaayay nabad naga dheeerWaxaaa ku filan in ay garato sheikha waxa u ka hadlaaayo mid ku wanaaagsan ma tahay mise siii qaldan ayuuu ku magay,0,0,0,0,0,1
som_train_track2_1510,Biographer wayn baaad tahay mashalllah wlal ilaaahay hakuuu barakeeeyo cilmiga iyo caqligaba. Bal watsab hadad isticmaaasho iiisooo qor aaan taaariiikho iyo dhacdoooyin intan ka badan kaaa korodhsadeee,0,0,0,2,0,0
som_train_track2_1511,USER ina adeeerow mahadsanid hadalka aaad tiri laaakiiin duxusha kama jirto gobolada soool sanaaag iyo cayn waxaaa laisticmaaala karonto ama gaaas eee ogow  2023 ayaaanu kujirnaaa,0,0,0,0,0,0
som_train_track2_1512,USER Xamse wuxuuu sheeegay in Jilib loooga yeeero ganacsatada Muqdisho sidaaan ognahay Jilib waxay Kismaaayo u jirtaaa 120 ooo keliya markaaas ma iswaydiiisay sababta axmed madooobe ooo aaad ilmo adeeertiiin u diiiday in shacabka la hubeeeyo isla markaaasna u leeeyahay waxaaan haystaaa ciiidan igu filan,0,0,0,0,0,0
som_train_track2_1513,Cilmi-baadhis Koongo laga wado oo dhalisay rajo ah in HIV la dawayn karo,0,0,0,0,0,0
som_train_track2_1514,falaq falaqdan ad nasooo galinayso video viewga daaawada danbigisa idirisle ayaaa laqaybsanaya marka dadka naaaso dhacay ha usooo galine wx khyrleh daaawadsiii,2,2,0,0,0,0
som_train_track2_1515,Adiga caaawa wa farxadada bunbabad duban,0,0,0,0,0,0
som_train_track2_1516,USER waaan sooo dhaweyneynaaa in Madaxweynaha Dalka HSM furo Gogosha shirka dib heshiiinta KG balse ma ila quruxbadna qaaab uuu ku socdo geeedi sacodka shirka waxaaa iga talo ah inuuu u kuuuragalo jilicsanaaanta Gudooomiye Sheeekh Aadan Madooowe iyo Faragelinta Lantagareeen ku wado shirka,0,0,0,0,0,0
som_train_track2_1517,Waaa qaaabka ugu quruxda badan eee aaad udiyaaarsan karto CV gaaaga taaas ooo kaaa caaawinaysa in uuu si qurux badan u aqristo qofka aaad shaqada kasooo dooonanayso hadana waxa ka cawinaya inaaad sidan ooo kle u qorto CV gaaaga Apppka la gu magacaaabo CANVA waxadna ku diyarsan karta mobile kaaaga URL,0,0,0,0,0,0
som_train_track2_1518,Sorrry Wlll ilahay wax khayrle haku siiiyo wariye adna mahadsanid,0,0,2,0,0,0
som_train_track2_1519,Nin 'fal argagax leh' geystay oo loo qalqaalinayo in deg deg lagu daldalo,0,0,0,0,2,0
som_train_track2_1520,Mahad zanid maracade waaad nadhex geysay turkeyga iyo qaaabkiii afganbigu u dhacay,0,0,0,1,0,0
som_train_track2_1521,Madaxweyne Xasan ooo si heeer sare looogu sooo dhaweeeyay Ankara iyo Kulan u socda isaga iyo Erdo an URL,0,0,0,2,0,0
som_train_track2_1522,*Subscribe saaar halaguuu saaareee mahadsanid*,0,0,0,0,0,0
som_train_track2_1523,Waxaaan shacabka reeer Jabuuuti ugu hambalyeynayaaa farxaddda iyo dabaaaldeggga 45guuuradiii kasooo wareeegatay maaalintiii ay xornimada qaaateeen HapppyIndependenceDay URL,0,0,0,2,0,0
som_train_track2_1524,USER Isbahaysi buuu karaaadinayaaa meeel khaldan ooo uuu kuwaaayi shacbiyaddda amp jacaylkiii ay umaddda somaaaliyeeed u haysey  Waxaaan kulataliyey in uuu isbahaysi karaaadiyo gudaha halkiii uuu karaaadiniyo XabashaDhulbey haystaaa muxuuu ooogu dari Bay Bakoool amp ShabdhexeFulay weeeye,0,2,0,0,0,0
som_train_track2_1525,Madowgi sufiyedka barnamij kaso diyari iyo sababta ow u burburey yase burburiyey hadi aaad awooodo,0,0,0,0,0,0
som_train_track2_1526,Sodhawow kulahaaa magaca ilaaahey iyo saliga nabiga❤,0,0,0,0,0,0
som_train_track2_1527,Muqdisho hargeysa iyo garawo wayka lami qurux badan tahay qabridahar 🥰,0,0,0,0,0,0
som_train_track2_1528,USER Khayaaaligiii iyo dhalanteeedkiii beeenta ahaaa ayuuu dhinac iska riiixay waxaaan ku sooo dhawaaaday dhabta iyo xaqiiiqda ,0,0,0,0,0,0
som_train_track2_1529,Waxay tiri Maaalin maaalmaha ka mid ah waxaaan sooo iiibsaday cunto waxaaan siiiyay ilmo darbijiiif ah ooo wadddada taaagan ooo iga codsaday  kadibna waaan daba galay wuxuuuna aaaday buuundada hooosteeeda si uuu u siiiyo cuntadiii walaaashiii ooo ka yarWALAAALTINIMO XasuuusnowSalaaada URL,0,0,2,0,0,0
som_train_track2_1530,98Aangalo 999TogYar 1000 Maygaaag Jiiifa101 Sariiiraaale 102 bali Yuuusuf 103 Qooolgadare 104Qudhac dheeer105 GalooolXagale 106 Aw bustaaale 108Isku dhooon wayne109 madheeedhle 1110Candha dhexe laba111 Madheeedhley1112 Dhidare 1113 Dhubbbad 1114Hira,0,0,0,0,0,0
som_train_track2_1531,"Nio horta mxaaa inaga galay wxuuu yhy wxuuu sheeegto isagay jidhaaa ani fikir ilama qumana inuuu sheeegto sooomaaalinimo waaayo haduuu sheeegto isla markaaaba qudhmuuun baaa lugaha looo galin sidaaa qabyaaalad, siyaaasad iyo muran iwm. Marka waaan ku raaacsanahay nagana daaa nio ",0,1,0,0,0,0
som_train_track2_1532,Luuuqad kaliya ha isku kooobin  It Mid sixties I was wardheeer elementary schoool  I was listening to Tilahun Gesese  Fiqir kaaa shanafe min taaadargi walaaashay  Translation hadddiii jacaylku guuuleysto naaayaaa maxaaa Samayn kartaaa,0,0,0,0,0,0
som_train_track2_1533,waxa igu yabka badnayd kitabki quranka ahaaa eee siraha af garashada logu so qoray iyo sida damirkedu siyay dintada ka bax   waxa igu murugada   badnayd marki lupnan siii daysay   waxa igu xisa badna marki lays dhafsanayay maxabista si aaan cadi ahyn ayay u dhacday   waxa igu nax,0,0,0,0,0,2
som_train_track2_1534,Mujaaahid   ayuuu ahaaa ninkaaasi lkn   hadalkiiisiii ah   gacan waxan kuhaystaaa   quri aaaka ah gacana waxaaan kuhaysa midho saytuuuna   al mujaaahid   yaaasal carafad waxaaa dilkiiisa fudadayey. Sucudi arabia   iyo UAE IYO ISRAEL   AMEEERICA TAAASINA WAXAY SABABTAY IN LADILO  ,1,0,0,0,0,0
som_train_track2_1535,USER waxa uuu isku dayey markale inuuu ka hirgaliyo xukun dictator ah waxaaana cadeyn uah extensionkiii uuu isku dayey amp daqanka guuulwadeynta ooo nooo keeenay eee CBBBCBBB wali waxey wadaaan guuulwadeyn ayaga ooo hilmaaamsan inuuu dalka maaamul cusub yimid Madaxweyne USER,0,2,0,0,0,0
som_train_track2_1536,USER Diplomatic privilege marka aynu ka eeegno Maraykanku si uuun buuu isbadalkiii Muqdisho ka dhacay ugu so hilooobey beeerka jecli xaydha jecli ayu Somaliland kula macaaamilay shirka misaaankaaas leh marnaba kumu casuuumen durufaha iyo Madaxda midowga Africa on ogoleyn,0,0,0,0,0,0
som_train_track2_1537,"Wa lagu geyn ... Walgu so dhaweyn , kortad diyartahay.",0,0,0,0,0,0
som_train_track2_1538,Adiga kaliya haka niyad jabin,0,0,0,0,0,0
som_train_track2_1539,Hadaaan dhawr arimoood ku idhaaahdo 1. Waxay ahayd inaaad ka hadasho tariiikhda dadka iyo dalka somaliyeeed 2.dadka islamka itopia waaa in kabadan 70% 3. Gobaha   tarikhiga ah ed kashekaysay waaa gobo kiristan maxa kudiday gobihiii ay asxaaab tiii rasuuulku( scw )usooo hijrooodee,2,0,0,0,0,0
som_train_track2_1540,Marish wa la dhacay🤕🤒,0,0,0,0,0,0
som_train_track2_1541,Sida ay ku warrramayso wakaaaladdda wararka eee Anadolus qarax ayaaa ka dhacay magaaalada IstanbulWararku waxay sheeegayaaan in ay jiraaan dhaaawac iyo dhimasho  Balse ilaaa haddda faaahfaaahin lagama sooo saaarin xaaaladdda  URL,0,0,0,0,2,0
som_train_track2_1542,Xeeerarka jacaylka waxaaa ka mid ah subixiii aaadan ka maqal subax wanaaagsan gacalkaaaga in subaxaaasi uuu iskasiii ahaaan dooono habbbeeen ilaaa dareeen kale uuu yimaaado Maxamuuud Darwiiish URL,0,0,0,0,0,0
som_train_track2_1543,USER Waaan ku salamayBaryahaaan space waaan ka dhacasanahay waaayo icon kor saaarnaaa ayaaa iga baxay na aqaaan sabta  Baryahaaan lama socdo waxa ja socdawaaan isku dayey in aaan soooceliyo icon hadana way isura fali weysayMataqaaan sida lagu xaliyo,0,0,0,0,0,0
som_train_track2_1544,USER Rashid dib ugu laaabo 20003 marka Abdilahi yusuf qabsaday riyaaale bilo dhan bu laha ciiidanki ooog baaan ku diyaaariyey waxan sugaynay shan sano gooorma lagu ruqaaansanaya laaakin amarku waxuuu yimid marka Abdilahi xukunka laga xayuuubiyey 20007 ka dib Cade muuuse ba bilaaabay laaaska,0,0,0,0,0,0
som_train_track2_1545,"Heeerkulka ooo qudha maaaha waxa la cabiro waxa kale ooo lala cabiraaa uuumiga iyo dabaysha(humidity and wind) hada berbera uuumigeeedu wuxuuu marayaaa 75 halka hargaysa uuu ka marayo 28 markaaa dabayl qabow baaa hargaysa ka jirta cimiladu haba kululaaateee,balse berbera uuumigaa",0,0,0,0,0,0
som_train_track2_1546,Dagaaalka 3 ad e aduuunka wa musiiib qof kasta ka naxsantahy,0,0,0,0,2,0
som_train_track2_1547,Ma jiro wax farqiya ooo u dhaxeya carab iyo cajami cadaaan iyo madow ilaaa cabsida allle moyeee  Muslimiiin khaaalis Alllaha naga dhigo  deeeqrabbbi URL,0,0,0,0,0,0
som_train_track2_1548,OUT FATHERDocumentaryga cusub eee Netflix aaad ayan uga naxay isaga ooo sheeegay dhacdoooyin dhab ah ooo gilgilay dawlad Maraykanka In ka badan 90 qof ooo aaan is aqooon balse dhammmaaantoood isku DNA ah sheeeko naxdin leh ooo suaaalo badan ay ka buuuxaaan  URL,0,0,0,0,2,0
som_train_track2_1549,Mar danbe KG xamar ayaaan wax ka leeenahay ama dagnaaa yaaan laga maqlin waaayo hadiii eee dagaaan ama wax ka leeeyihiiin waxey la xisaaabtami lahaaayeeen kuwiii masuuuliyada dhibki dhacay lahaaa eee ma carareeen sidi itooobiyaaan ineeey yihiiin ooo kale,2,2,0,0,0,0
som_train_track2_1550,Tartanka Quruxda: Boqoradda quruxda ee Sri Lanka oo ku dhaawacantay dagaal ka dhacay masraxa dushiisa,0,0,0,0,0,0
som_train_track2_1551,Ceeeb waxa ay ku dhacday Aabaha ooo dagaaal oooge qabyaaalad u dagaaalamaya ka dibna qori markiii looo sooo qaaatay qaxay ooo Hollland Qaxoooti isku dhiiibay waaa la i sooo kufsaday URL URL,0,2,0,0,0,0
som_train_track2_1552,Zxp maracade manooo sheeegi krtaaa ciligiii ay dhacday sheeekadaaan aaadam sabri,0,0,0,0,0,0
som_train_track2_1553,Sida muuqaal duubahan uu u mareeyay in ay is fahmaan gorillaha ka dib dagaal adag,0,0,0,0,2,0
som_train_track2_1554,@@@naaajmasalah44436 horta adi mxaaa ika daba dhigay dhawr gooor horanaaa waaa ku arkeee mad I eeegataaa😂,0,0,0,2,0,0
som_train_track2_1555,UPDATE Raiiisulwasaaaraha Sooomaaaliya Xamse Cabdi Barrre ayaaa maaalmaha nagu sooo wajahan u socdaaalaya dalka Masar isagooo halkaaas u tagaya maaalmo nasasho inta uuu jooogo wuxuuu la kulmi dooonaaa qaaar kamid ah madaxda dalkaaas ooo ay wada hadalo yeeelan dooonaaan,0,0,0,0,0,0
som_train_track2_1556,"Asia Mohamed, Shame on you yaaa sharmuuuto adigooo naaag ah baaad fuck nin raga ku leeedahay naaa duuuflahan ilkaha dheeer eee ooomaaar miyuuu ku qabaaa maxaaa adiga kaaa galey waaa laba rag cirkana hayskala sooo dhacaaan.",2,3,0,0,0,0
som_train_track2_1557,Aduuunka intaaanjogay wixi iiigu qosolka badnaaa ayeeey aheeed,0,0,0,2,0,0
som_train_track2_1558,Dadka qaaar ma aaaminsana mana rumaysan karaaan in aynu leeenahay wadne sidaaa wax udareeema waliba qofkiii doookhu ina raaaciyey aynu ku jeclaaan karno wajiyo isku faraxsan iyo qalbiyo jacayl iska waraaabiyey isu qaaaday kalsoooni qoto dheeer URL,0,0,0,0,0,0
som_train_track2_1559,Sooo dhacyeeey barnaaamijkiii la sugayey.,0,0,0,0,0,0
som_train_track2_1560,Meheri Ismaaaciiil Iyo Daaaroood ismaaaciiil Labadan Waaa Walaaalo Hadaaad Carabnimo kusiiisay Meheribaaa Kunooo Somaliyaba Walalkoood ayaaaku noool Ee Ku siii kkk   Dhulkan Waaa Dhul Somali mahadsanid.,0,0,0,0,0,0
som_train_track2_1561,USER Waaa beeentaaa damaca reeer puntland weynaaa horta 1000 1000 ceeerigaaabo waxaaa iskala hal beeel dadka kale sharci darrro ay kudagan yihiiin magaaaladawaaana laraaafayaaa gooor dhaw,2,0,0,0,0,0
som_train_track2_1562,#ogaaansho wax badan ayaaan kabartay horay u soco shaqada aaad hayso wey adagtaya ha kaniyad jabin waligaaa. garabkaaagaaan nahay ilaaahey ha kula garab galo shaqadaaan.,0,0,0,1,0,0
som_train_track2_1563,zaxip waaa ku salamay horta salan ka dib waxaaa ku leyahay waxyabahan qaaar halis weye sabab dhimasho ha yelan iska ilali walal ilahay dartiii ban kuuu waninayaaa❤ GULESO WAR WALIBA✊,0,0,0,0,2,0
som_train_track2_1564,Kani waaa Laaami lagah hirgaliyey magalada Garowe Waaa wax aaad loooguh Farxo inay shaqaduh aysanba marnaba kala istaaagin Waxana Makhraaati ka ahay ina la dayactiray buuundoooyin 45 ah ooo kala iyo wadada isku xirta Nugal iyo Mudug ooo iyadana la dayactirayo WAAAN BOGAAADINAYNA MNSHA ALLLAH URL,0,0,0,2,0,0
som_train_track2_1565,USER Madaxdaaadi aaaway waryaaa xasan duuufle marka u qaraxa dhacay safarada turkiga ayuuu qaxwe ku cabayay,3,0,0,0,0,0
som_train_track2_1566,Waaa war farxad leh somalinimada ha waaarto🇸🇴💪,0,0,0,2,0,0
som_train_track2_1567,Madaaama aynu hayno cadddayn ku filan inuuu sameeeyay Khiyaaano Qaran  Si dalka iyo diiinta loooga badbaaadiyo koooxda Khiyaaano Qaran  Waxaynu haysanaaa tirada xubnaha Xildhibaaano kabadan aqlabiyad si fudud xilka qaaadis lagu sameeeyn karo laguna ansixin karo  23 URL,0,2,0,0,0,0
som_train_track2_1568,Shacabka reeer muqdisho waxa ay ku nooolayeeen saaacado adag waxana si arxan darrro ah looogu laaayey hotel hayaaat ayaaa waxay noqotay gooob ay ku daaadanayeeen dhiiig dadka aaan waxba galabsan argigixisada ayaaa siii kordhiyey weeerarkoooda taaasooo ka dhigtay in ay burburiyaaan hantida shacabka URL,0,0,0,0,2,0
som_train_track2_1569,isu sooo duuub duuubooo somalida guuud ahaaan waxaaa Noqoneysaaa xawayaaano. dhacdoooyinka laga diwaaan geliyey,0,3,0,0,0,0
som_train_track2_1570,Walal Baladwiene dhib ayaaa ka jira   Fataaahad daran ka jirto   Marka hadaaad awooodo ka diyaaari barnaaamij xaaaladaha dalka ka jira adigooo Ku wacyi gelinaaaya in leeesku gurmado .   Mhdsnid,0,0,2,0,0,0
som_train_track2_1571,USER Edo Zahra way qalbi fiiicantay way se ilawsan tahay midnimadiii hore aaanu u keeenay iyo wixiii looogu abaaal celiyay  Theres no going back,0,0,0,0,0,0
som_train_track2_1572,Degmada Cadaaado eee Gobolka Galgaduuud waxaaa ka dhacay kulamo xal looogu raaadinayay xal ka gaaarista khilaaafka ka dhashay dhismaha Golaha Deeegaaanka Magaaaladaaas ooo ugu dambeyn la xaliyay murankaaas  URL,0,0,0,0,0,0
som_train_track2_1573,Taaasi waxay ahayd mid marba derbi ku dhacaysa ooo si xun loooga FAAA'iiidaystay belo kugu dhacday. Thnks bro.,0,1,0,0,0,0
som_train_track2_1574,"Isticmaalka Telefoonka: Maxaad u ""argagaxdaa"" marka mobile-ka lagaa qaado?",0,0,0,0,0,0
som_train_track2_1575,BREAKING NEWSDegamada Yagooori ooo siweyn hada looogu sooo dhaweeeyey garaaad cabdilahi ahmed ducale iyo wefti uuu hogaaaminayo ooo ka yimid Buuuhooodle  URL,0,0,0,0,0,0
som_train_track2_1576,Arda Turan: Ciyaaryahan ka tirsan Barcelona oo xukun ku muteystay ka dib markuu Isbitaal xabad ku dhex riday,0,0,0,0,0,0
som_train_track2_1577,New post in Warki Islaaamka Dagaaalllo Askar Badan Loooga Dilay DF Oo Ka Dhacay ShdhexeKhasaaare culus ooo isugu dhimasho iyo dhaaawac ayaaa maleeeshiyaaadka dowladdda federaaalka lagu gaaarsiiiyay dagaaalllo culus ooo maaanta ka dhacay deeegaaan ka tirsan wilaaayada Sh URL,0,0,0,0,2,0
som_train_track2_1578,"Kuso dhawaaada casharka nolosha:   Subscribe walal walpa ""Si walba ooo aaad uhaysato qalbi ku jecel marna haisku dayin inaaad dhaaawacdo Maxaaa yeeelay maaanta waaa jira qalbiyo dhaaawacan kuwaaasi ooo ku noool murugo ha ogolaaanin inaaad farxadaaada ku xirtid qof kale""",0,0,0,0,0,0
som_train_track2_1579,Mosssad waaan ka cabsan jiray lkn markaaan maqlay in sirdooonka baaakistaaan ka hor marsan yahay cabsidiii waaa idaysay,0,0,0,0,1,0
som_train_track2_1580,Maracaddde iyo cabdiraxman. Aad iyoaaad ayad u mahad santihin... Dadaaalka iyo wakhtiga nooo galiseeen... Ninkiii fred big na. Waxan ka fahmay in la qabtay ooo la xidhay. Markiii ay awioda saaareeen MADAXWAYNE. (FUAD) IYO DHAMAN SHAQAAALIHI sirsooonka wadanka... Inay burburiyan. ,0,0,0,1,0,0
som_train_track2_1581,Agaaasimaha Dhaxalreeeb Cabdi Baaafo Dhaxalreeeb afar sano ka hor waxa ay ahayd riyo maaanta waxaaan leeenahay jidka ayaaan ku dhacday  Afartaaan sano hal dooolar shisheeeye nagama sooo gaaarin balse waxa aaan ku jooognay deeeqaha ay na siiiyaaan dadkeyna Dhaxalreeeb Shirweyne_Maaandoooriyaha URL,0,0,0,0,0,0
som_train_track2_1582,Waxaaan Hambalyo leeeyahay Maryama Omar Ali iyo Seygeeeda Ibrahim ooo Meherkooodu Muqdisho ka dhacay isku waaara ubad Kheyr qaba kala hela URL,0,0,0,2,0,0
som_train_track2_1583,USER Dhibmalahan Jaaallleheblaaayo kor ugu adin qabiiilkaaada xaaa iga galay kuleeel iyo qabow iguma haaayo  Lkn adinka marka aaad maqashaaan magaca Hawiye maryihiiina aaad ka kudaaan filimadiii 19991 wey kuuu daaarmaaan  Maskiiin cabsi lanoool ah nagu sooo biiir  Hawiye iska naqo sxbey,0,1,0,0,0,0
som_train_track2_1584,Illlhayow u so dhawe yaaa rabi,0,0,2,0,0,0
som_train_track2_1585,Allle hawsooo dhaweeeyo ilmaheeeda,0,0,0,0,0,0
som_train_track2_1586,Sidiiisa ayuuu mooodayaaa in umadu dhiiiga ya cab yihiiin qaranka uuu leeeyahay ha la difaaaco miyaaanu Kiii uuu sagu burburiyay ahayn,2,2,0,0,0,0
som_train_track2_1587,Gobooodfalllodiii aaad sheeegeysid soooma aha kuwa ilaaa Maaanta la idinka sugahayo inaaad markaaad xukunka qabsadeeen cadeyntoooda keeentaaan  Ikraaan amp Xildh  Aamino AUN ama Ciiidamadiii Tigreeey ka Dagaaalamay Caburinta shacabka Mogadishu jidadka xiran awgeeed iwlSomalia Puntland Galmudug URL,2,0,0,0,0,0
som_train_track2_1588,USER Adigalay ha isku dhufan,0,0,0,0,0,0
som_train_track2_1589,Weeerar 7 Askari loooga dilay ciiidanka dowladdda ooo ka dhacay duleeedka AfgoooyeSomaliaURL URL,0,0,0,0,2,0
som_train_track2_1590,Jacaylkii ku billowday farriinta Facebook iyo qisadii cajiibka ahayd ee ka dambeysay,0,0,0,0,0,2
som_train_track2_1591,USER Somaliyeeey waaa taaa qadaaad wayn  Mid 5 shilin lagu dilo mid reeer lagu dilo mid layska dilo  Maye kuwiii xanuuunku hayey eee qofka wax yar gaaadhaaan somaliland qaylinayey,0,2,0,0,0,0
som_train_track2_1592,Balaaayo dabo laqabtay leeedahaye daaan laqabto malah  Dhibtaaada wiiilbaaa ku dhinta eee wiiil kuma dhasho  Waxaaan aaad usooo dhawaynaynaaa baaaqa iyo dhawaaaqa ku aaadan nabadaynta looona jeeedinayo dadka reeerlascanoood intiii dhimatay Eebe ha unaxariiisto intanoool hala badbaaadiyo nabad halaqato URL URL,0,0,1,0,0,0
som_train_track2_1593,Gabadhaaa meeesha waxlooogu gaystey gooobjooogbaaan ka ahaaa Ninkiii uhoreyey eeelahadlayna Waaa ahaaa koronayl cabdi dhinbiiil ooo ninka 20ka qabaleee Ee jigjiga haysta buuuna ahaaa Ciiidan koooda wixiii meeesha kadhacayna markhaaati hadiii lanoooga baaahdo diyaaar baaan u ahay,0,0,1,0,0,0
som_train_track2_1594,Nin baaa xaaaskiiisa ku yiri: “Addduuunka intiii aaan ku nooolaaa weligay gabar kaaa qurux badan ma aaanan arag”. Waxay ku tiri: “Aad baaan u jeclaaan lahaaa in aaad adiguna qurux badan tahay ooo aaan intaaas ooo kale ku dhihi karo”. Ninkiii kulahaaa: “Maaad beeen iska sheeeg,0,0,0,0,0,2
som_train_track2_1595,Wuuu mudan yahay naxariiista hoooyo ninki dareeemi waaayay tana ku dhacayso fadeeexo,0,1,0,0,0,0
som_train_track2_1596,ManUnited 21 Man CityKoooxda Manchester United ayaaa guuul sooo laaabasho ah ka gaaartay koooxda Manchester City kulan ka dhacay garooonka Old Traffford iyadooo City ay raaadineeeysay sidiii ay u sooo yareeeyn lahayd farqiga dhibcaha eee iyaga iyo hogaaamiyayaaasha Premier League eee Arsenal URL,0,0,0,0,0,0
som_train_track2_1597,Somali Galbeeed way so dhaweeeyen yaguna,0,0,0,0,0,0
som_train_track2_1598,Wlllhi waaan oooyay dhmaaadka qisda 😭😭😭,0,0,2,0,0,0
som_train_track2_1599,USER Ma waaaye sxp lkn marka hore dadka dhis kadib wax walba wey hagaaagi dooonan wax micno ah sooo gordhin maysi dhisida Daaaro Iyo Wadoooyin Qurxooon hadaysan dadiii dadku maskaxda ka baaahanyahay baaahanyah,0,0,0,0,0,0
som_train_track2_1600,Hhhh cadi ma ahan aaad ayn uqoslay wlllhi lkin zxp qurux kudhiiigle away Amiiin malmahan hoyadiiis nirobi imadeee shaftada ku adkatay miyaaa ninka caaawi niyow wxaaa dhihi jirtay markiii batula keee y iyo sharmaboy   iskudhacoood aaad shegeysay   Halki saaac 20 dolar ayn kushaqey,0,0,0,2,0,0
som_train_track2_1601,Hoooyadeeed wey dhimatay meeedkeeeda ayan kasooo akqaaaday  Qofkiii yaqaaan hanooo yimaaado Muuuqaaal Naxdin leh Gabar yar ooo hoooyadeeed kudhimatay qaraxyadiii Muqdisho Siii faaafi walaaal si dadkeeeda u arkaaan Alllaha u Naxariiisto inta ku dhimatay sidooo kale Alllaha u boooga dhayo inta dhawaca URL,0,0,2,0,2,0
som_train_track2_1602,Masha Alllah wlllkey baramishkan bidka kuxiga kadhig mid ku saaabsan dalka iiiran mahadsanid,0,0,0,0,0,0
som_train_track2_1603,Waxyaabaha loo isticmaalo jirdhiska ma waxay saameeyaan ragannimada?,0,0,0,0,2,0
som_train_track2_1604,USER Taaas aaa sheeegtay aaa Sax ah dadka laaakin ma oga,0,0,0,0,0,0
som_train_track2_1605,"Xisbullah ma waxay dagaal la galeysaa Israa'iil, muxuuse yiri hugaamiyaheedii la wada sugayay?",0,0,0,0,2,0
som_train_track2_1606,USER Waxaaan u maleeeynayaaa 1960yadi ama 1970yadi 1978 ka hor inta aaanu burburka dalka billlaaabannnin,0,0,0,0,0,0
som_train_track2_1607,Hambalyo ummmaddda sooomaaaliyeeed waxaaan laqaybsanayaaa farxaddda todobaaadka xorrriyaddda URL,0,0,0,2,0,0
som_train_track2_1608,Thread Beeesha Hawiye gaaar ahaaan Raggga  Madax iyo shacab Waxaaan Idin leyahay Xeeer dhaqan iyo diiin midna idinma xidhoSharafna Ma lihdiiin AdeeeryalWaaad Xun tihiiin ooo walllahi ah Nasabna ma gashaaanWaaa marki 1 Aad Aan afkayga sooo mariyo Magac Qabiiil 12 URL,0,3,0,0,0,0
som_train_track2_1609,Tobankiii sano ciiid eee ugu dambeysey waxay ahayeeen kuwa kala duwan mid kastooo ka mid ah waxaaan luminay dadkiii inooo sameyn jiray farxada USER URL,0,0,2,0,0,0
som_train_track2_1610,BNSomalia Weeerar Khasaaaro geeestay ooo ka dhacay Muqdisho iyo Faaahfaaahino kasooo baxaya URL Somalia,0,0,0,0,2,0
som_train_track2_1611,CECAFA CUP: Soomaaliya oo barbardhac la gashay Eritrea,0,0,0,0,0,0
som_train_track2_1612,Alaaabtaaan waaagiii la adeeegsan jiray hadddiii aaanad qof jira ahayn ama sooo isticmaaalin ilmo yar baaad tahay eee iii ogolooow inaaan Eedo ama Habaryar ku dhaho hhhWaxaaan xasuuustaaa inaaan galab kasta mid habaryartay dhashay lacag siiin jiray si ay iii barto lkn way ila gooogoi jirtay URL,0,0,0,0,0,0
som_train_track2_1613,USER Mudane wasiiir Afsooomaligiii maxaaa ku dhacay mise qolyo ingiriiis ku hadasha ayuuu wadankiii isku badalay,0,0,0,0,0,1
som_train_track2_1614,USER Tips iyo methods koooda meeel loooga baaahan yahay ha la tagaaan,0,0,0,0,0,0
som_train_track2_1615,BNSomalia Axmed Madooobe ooo si heeer sare ah looogu sooo dhaweeeyay Dhooobley Sawirrro URL Somalia,0,0,0,0,0,0
som_train_track2_1616,USER Taliye USER mahadsanid  Waxaaan rajeynayaaa in cod aqlabiyad aaay Barlamaaanka ku ansixiyaaan sharciga Hayaddda NISA iyo dhammmaaan shuruuucda aaay gudbisay Dan Qaran  Dan Qaran Guuul iyo Gobannnimo,0,0,0,2,0,0
som_train_track2_1617,Waxaaan si weyn usooo dhaweynayaaa urursiyaaasadeeedka cusub eee kaaah Waxaaan ku faraxsanahy in maaanta uuu joookerku tijaaabiyo jalfis siyaaasadeeed ooo an hubo in uuu libinteeeda sooo hoyn dooonoWaxaaan markale ugu baaaqayaaa shacabka somaliland in ay taaageraaan ururkan cusub eee dheeemanka ah  URL,0,0,0,2,0,0
som_train_track2_1618,asc AAADBA U MAHAD SANTANY wlll wlhi waxan ka faiday aniga ahaaan waxyalo badan sida daaal jecelka misne dadka ibsanay wadankoda iyago islamaaa heeer ka nacaybka yuhuuuda waxanan ka sugynaaa ina kasi badiso sheeekoyinka intan oood ramadan kaliya ku kooobin waxanan ka bartay saaa ,0,0,0,2,0,0
som_train_track2_1619,Dhul TullliGuuuleeed ku yaaal ooo ay Oromo qaaadatay majiro  Isku dhac moooye xasuuuq meeesha ka dhacay majiro  Afti Diridhabe qowmiyad kale lagu siiinayo majiro  Jigjiga ay cid kale qaaadanayso majirto cid kale se way ku nooolaaan maaanta iyo barrriba intay magaaalo tahay USER URL,0,0,0,0,0,0
som_train_track2_1620,Mareykanka oo soo jeediyay in wadahadal lagu dhameeyo muranka badda ee Kenya iyo Soomaaliya,0,0,0,0,0,0
som_train_track2_1621,"Ma qabtaa cudurkan ""ku dhacay inta badan dadka Soomaaliya?""",0,0,0,0,1,0
som_train_track2_1622, internet blackout  Cuttting offf electricity water and basic human neeeds  Social media hate and deeep enmity on mainstream mediaReeer soool wey xoraysan dooonaaan dhulkoooda taaariiikhda burcada kasooo duuushay hargeisa iyo burco way kadin dooonaaanSSSC SSSCGENOCIDE Mogadishu,0,0,0,0,0,0
som_train_track2_1623,Ragggiii Sooomaaaliyeeed eee xogta iyo siraha qoyskoooda qarin jiray maxaaa helay  Arrrimaha hooose eee qoyska waxay ahayeeen kuwo ugu mudan eee la ilaaaliyo  Sideee ku dhacday in Nin inta TV sooo fariiisto ka sheeekeyo wixiii dhexmaray isaga amp xaaaskiiisiii xalaaasha ahayd Waaa dhacdo haddda taaagan,0,2,1,0,0,2
som_train_track2_1624,Intiii Arimaha sirdooonka taaageeerto like dhac iiigu siiiya,0,0,0,0,0,0
som_train_track2_1625,Ma badali kartid tagtada balse waxa aaad burburin kartaaa jooogtada adiga ooo ka walwalaya timaaadada,0,0,0,0,0,0
som_train_track2_1626,hadhaw hay dhihina #maaariiish# ayaaa shirkada iska leh hadiii kale film ayaaad siii xadeeen,0,0,0,0,0,0
som_train_track2_1627,Farxaddii arooska ee murugada isku beddeshay iyo saygii oo BBC la hadlay,0,0,0,0,0,1
som_train_track2_1628,Waaanku faraxsanahay waaanan sooo dhawaynayaaa,0,0,0,2,0,0
som_train_track2_1629,Mahadsanid ogaaansho gaaaladu waxay ku dadaaalayan burburka islaaamka,0,0,0,0,0,0
som_train_track2_1630,"Buuuga aniga wan Akhriyay   Waxa kaliya aaan ku farxay wuxuuu noqday in gaaalda ay aaad ugu cabsi qabaaan in Sooomlida wali diiintoooda aya ku dhaganyihiiin   Waliba waxaaa ku qoran in ay aaad uga walwal qaban dadka Akhriya Saliga Nabiga SCW, iyk Tasbiiixda , Ducada , Bisinka Int",0,0,0,1,0,0
som_train_track2_1631,Xaqiiqdii bilaa diginin in ay dhacdo ayaaba ka sii daran. ,0,0,2,0,0,3
som_train_track2_1632,"Waaan sooodhawaynaya,,,waaa taxane aaan kutixnan dooono ilaaayo dhamadka inshalllah,,, from Cape town...",0,0,0,1,0,0
som_train_track2_1633,Suuuqa cusub eee Somaliada laga furi dooono dhawaaan 🤣🤣🤣😅🤣🤣🤣😅🤣🤣🤣😅🤣🤣🤣,0,0,0,0,0,0
som_train_track2_1634,Wa in wax laga barto sawirka hose wayo hal il ayu qof walba iska dabolay lknse ayagu ma laa il balse waxa ey ku mujinayan iney didan yihin dulmiga ku dhacay Hoooyo Layla Maxamed uuu nin Turki ah u laaad kala dhacay wejiga ayado qaxoti ku ah dalkoda Turkiga jugna ka gartay isha  URL,0,0,2,0,0,0
som_train_track2_1635,Wlh waaa wax jira ilhayow naga madobeee adaaa weyno waaaxide waaa halis lagula dagaaalamayo dhalinta hanaqadeyso   ilahayow nooo gargaaar,0,0,2,0,0,0
som_train_track2_1636,Mattt bryden ooo ah dambiiile Xaday sirta xoooga dalka iyo ta amniga guuud sidooo kale dalka ka baxsaday ooo aaan sooo xaaadirin markiii maxkamada sare u yeeedhay qofka la kulma maxaaan ugu yeeedhi karnaaa,2,0,0,0,0,0
som_train_track2_1637,sxb maxa iiidinku dhacay salad ayan lagugu kor adimay hadana lagugu qor aqimay adiga video aya iska dubanesa kula sheeey bacda salaaad please,2,0,0,0,0,0
som_train_track2_1638,Dagaalkii Labaad ee Adduunka: Maxay ahaayeen ciidankii 'aan la garaneynin' ee u dagaallamayay Hitler?,0,0,0,0,0,0
som_train_track2_1639,Waxaaad moooday in aaan Qalad ku lahaaa wax   hore iiigu dhacay   Waxaaan mar waliba ku fakaraaa in aaan mar kale sameeen wixi igu dhacay ooo kale Waxa ka turjunray xaqiiiqada bur buriso jaceeeylka,0,0,1,0,0,0
som_train_track2_1640,Shaqsiyaddda biniaaadamka waxaaa si cad loooga fahmaaa mawqifyada mabdaa ku saleysan uuu shaqsigu qaaato marka ay caqabado waaaweyn ama arrrimo halis leh sooo wajahaaan  Mawqifyadaaas mabdaa leh ayaaa cadeeeya wanaaaggga laga fili karo ama kalsooonida lagu qabi karo shaqsigaaasi,0,0,0,0,0,0
som_train_track2_1641,USER Waxa hore looo yidhi doqontu 12 indhoood ayay leeeday 111 waxay ku eeegta sokeeeye 1na shisheeeye  Heeego 111 indhoood ayay Garxajis ku eeegta 1 inta kale ooo dhan  Which is why Somaliland is failing,0,2,0,0,0,0
som_train_track2_1642,"Tacaddiga Haweenka Masar: Safaa: ""Ninkeyga ayaa i kufsaday, habeenkii ugu horreeyay ee aqal galkeena""",0,0,1,0,0,1
som_train_track2_1643,Waaa geeel tolkeeen ciiidagale laga dhacay 65 sano kahor taaariiikh da hala sooo baaaro. Kkkk.,0,0,0,2,0,0
som_train_track2_1644,Inta badan irsaaaqaddda ayaynu ka cabannnaaa lakiiin hadaaan si fudud u fahannno in qof walba wixiii uuu liqi iyo tabci lahaaa dhalashadaaada kahor lasiii jaaangoooyay wax laga baqaba majirto  URL,0,0,0,0,0,0
som_train_track2_1645,USER Burco ayaaa aaan imika jooogaaa  Halka ugu dhaw eee aaan ka helaaayo ama ka iiibsan karo bal haddda iii sheeeg wlaaal,0,0,0,0,0,0
som_train_track2_1646,naima mararka qaaar waxaynu donaaa melo aynu ku nafisno ooo aynu stresss iskaga baaa bino mararka qaaarna waxa dhacda ina aynu dono nabar damqasho leh si aynu u ilowno mid aaan damqasho alahayn ooo dhinaca niyada ah hadaba niyadadu saaafi maxay ku noqonaysaaa kow isku xidhka allleh,0,0,0,0,0,0
som_train_track2_1647,AAAd ayaaad u mahadsantahay maracade maxaaa Ku dhacay qaybahiii xigay,0,0,0,0,0,0
som_train_track2_1648,Madaxda xunxun maaamulka xun iyo dadka yar eee xunxun way iska sooo dhamaaaniyaaan balse waxaaa hara waaa aragtidiii xumayd ooo cadow kasta ayaaa kuuu sooo raaaci kara aragtidaaasHadaba marwalbaaa adiga aragtidaaada waaa muhiiim xooog badnooow ama ha lagu hayto aragtidaaada ka dhig dhaxal,0,0,0,0,0,0
som_train_track2_1649,Inkasta ooo aaanad xakamayn karin wax kasta ooo dhacaya waxaaad xakamayn kartaaa dabeeecadaaada iyo hab dhaqankaaaga Ma isku racne mida,0,0,0,0,0,0
som_train_track2_1650,Waxaaan murugada iyo tiiiraaanyada la qaybsanayaaa guuud ahaaan bulshada Sooomaaaliyeeed gaaar ahaaan dadkiii dhibtu kasooo gaaartay weeeraradiii maleeeshiyada Shabaaab ay ku beeegsadeeen shacabka aaan waxba galabsan  14,0,0,3,0,0,0
som_train_track2_1651,Qofkiii IRAN laga sooo biiilo ama dhawr jeeer wax loooga sooo diray ha taaageeero Maya Somahan walaaalaheeen Marekan maaa iska wada taaageeerno England taaageeeradeeeda ayada waaa iska waaajib somahan ,0,0,0,0,0,0
som_train_track2_1652,😰😰😰jacaylka walaaal nimada ka horrreysa,0,0,0,0,0,0
som_train_track2_1653,Illlahow isodhaweee cuqubadaaa illlahow ugaso reeeb mamadaaa miskiiinta ah ilemaheeeda,0,0,1,0,0,0
som_train_track2_1654,Aniga ooo cabdi suuuleeey gacamey kuna sugan Mogadishu sooomaaaliya runtiii sheeekadaaan waaa murugo fara badan laga dheeehan karo   waxana iiigula yaaab badnaaa in ay aheyd markiii ugu danbeysay qof ka tooobad keeeni raby dambiyadiii ay walaaalaheeeda ama islaaamka   ay ka gasha,0,0,2,0,0,0
som_train_track2_1655,Kama warhaaayi iga dabageeeya bal Faceboook maxa ku dhacay hada so galeee😂,0,0,0,0,0,0
som_train_track2_1656,"Waxba warka Kama jiran , mar dhawayd ayay yimadeeen waftiga Ethiopian ka ahi hargaysa, Airport kana way ka so dageeen",2,0,0,0,0,0
som_train_track2_1657,Adigooo xaaaskaga la socda marka bahal neeefiya ah ku yiraaahdo war hebel gabadhiii xalay aaad dhexda haysatay gabadhan miyey ahayd horta minaaamin USER URL,0,0,0,0,0,0
som_train_track2_1658,4 arrimood oo kaa caawin kara in aad caafimaad iyo farxad ku noolaato,0,0,0,0,0,0
som_train_track2_1659,"Waxaaan layaaabay , israaail   sida ay runta usheeegeeen iyo sida ay u fashilantay daaawadiii sunta , waxyaaabihiii laga sameeeyay",0,0,0,0,0,2
som_train_track2_1660,Ax ax ax waaan oooyay wlh😢😢😢,0,0,2,0,0,0
som_train_track2_1661,Kamid noqo ardeyda nagu xiran YouTube-keyga ooo baro qaaabka looogu dhawaaaqo ereyada English-ka ah mahadsanid ❤,0,0,0,0,0,0
som_train_track2_1662,Sponsored by USER  ka dib fashilkiiisiii siyaaasaddda Somaliland iyo isku haynta dadka Wada degggan  Kolba meeel isku qaaad  URL,0,1,0,0,0,0
som_train_track2_1663,Waxaaan idiiin rajeyneynaaa sanad cusub ooo farxad leh ooo ay ka buuuxaaan rajo caaafimaaad iyo farxad Sannnadka sooo socdaaa ha kuuu sooo dhawaaado yooolalkaaaga ooo ku siii jiiido heeerka ugu sarrreeeya eee guuusha sanad2023,0,0,0,2,0,0
som_train_track2_1664,abayooo marish beauti markey oysa wahay ilanoqotay ruuun abayo mcn   wan oooyay   filinka aya ruuun ilanoqotay ❤️🥰,0,0,2,0,0,0
som_train_track2_1665,Run sheeeg haben wanagsan Kacdonka hiiiraaan ka bilowdayMeeeqa kooox ayaaa diiidan mediaDowlo ayaaa diiidan ku bixinayo Dhaqaaale in kacdonka la jooojiyo Ma ku jiraaan dadka diiidan dowladaDhaxdeeeda aaan waqti siiino koooxahanOo dhan isku xeran ayagaaa sooo bixi Dooono halgan diiidka shabab URL,0,0,0,0,0,0
som_train_track2_1666,War lacagta iso dir tagere wayn ban ku ahe dahabshil so dhig hada hana ilawin😍,0,0,0,0,0,0
som_train_track2_1667,Way qaldameeen jimcihi dhawaaa ayuuu sheeekhu lahaaa ha la iska ilaaaliyo in la afuro iyadooo dadku wada soooman yihiiin iyo iyadooo la iiidayo yaaan la sooomin waaa dambi markaaa maaamulka putoland haku noqdaaan,0,0,0,0,0,0
som_train_track2_1668,Mudo kordhinta madxweynaha iyo madaxweyne ku xigenka wa Go an Distori ah ooo waaajib kaga dhigaya Gurtida balse sadexda xisbi eee dorashadodu ku mudaysan 26ka Nofemper 20222 sharciguna kaga dhacayo 26ka Desemper 20222 ma jiro Distor xisbiyada mudada u kordhinaya URL,0,0,0,0,0,0
som_train_track2_1669,Waxaaan tacsi tiiiranyo leh udireyna qoyski qaraaabadi iyo dhamaaan umaddda Somaliyed Geeeridi ku timid marxuuum Cabdulllahi Maxamed Shirwac  12 URL,0,0,3,0,0,0
som_train_track2_1670,USER Mid aaa la aqooonin Miya marka,0,0,0,0,0,0
som_train_track2_1671,C/ saaaq abdi maygaaag   Zxb qali waxad samaysay hormarfiiican   Masha alllah   video gani waaa 4 sano kahor iyo cabsaqooo yar   manta markaaad dib u milicsato malmahan maxad dareeemay saaa?   Kolay waaa farxad waxad dareeemaysaaa   Waaan kugu hanbal yanayaaa horumarkaaad samaysa,0,0,0,2,0,0
som_train_track2_1672,USER kuwaaan ooo kale Ma ahan inay shaqo idiiin qabtaaan mana Ahan in ay sooomali matalaaan  Bal waxaaan ba u malaynayaaa in ay shabaaab u hadlayaaan  Xildhibaaankiii aaan aqooon confidential salary danbe yiiisan dhadhamin  Erya URL,2,0,0,0,0,0
som_train_track2_1673,Waaa markiii iiigu horaysay e an arko mogadishu wixiii ugu horeeeyay an arkayna waxay ahayd QAAAD laga dajinayo garooonka  Waxaaa iii xigay dad wada ordaya ooo maaalin nololedkoooda si xalaaal iyo xooogsi ku jirto u dhacsanaya  Waxaaa iii xigay Lo Laaamiyada laaafyonaysa,0,0,0,0,0,0
som_train_track2_1674,mashiiinka waaaba xariiif haduuuba xadgudubka waaalidka ilaaalinaaayo,0,0,0,0,0,0
som_train_track2_1675,Daraasad cusub oo khatar ku tilmaantay isticmaalka Baraha Bulshada,0,0,0,0,1,0
som_train_track2_1676,Waaa tiii igu dhacdooo kale taaariiikhuhu isu ekaaa 😁😁😁,0,0,0,0,0,0
som_train_track2_1677,USER Lol laaanagaaabbb Dhulbahante reeer Hiiiraaan Alshabaaab bay ku quraaacdaaan  Adigana askari maskiiin ah ooo la dilaaayo ayaaad ku faaanaysaaa faaataaale  Reeer springo sida springka ayaaa lagugu istaaagiya  MJ iyo isaaaq Iska celi ilmo xarrranow,2,2,0,0,0,0
som_train_track2_1678,Abdirahman Hasssan Macquuul Ader maxaaa dhacay kkk,0,0,0,0,0,0
som_train_track2_1679,USER Waxa sababay dalka burbursan  Marka dalku hooos u dhaco waxa la dhacaya dhaqanka diiinta anshaxa afka iyo edaaabta  Tusale qof darbi jiiif ah iyo qof hoy degen ooo qoys leh isku anshax iyo barbaaarin maha  Dad dalkooodu burnursan yahay waaa la mid,0,0,2,0,0,0
som_train_track2_1680,Dhulka inuuu nala rogmado inyar baaan u jirnaaa bal fiiiri dulmiga heeerka uuu gaaaray askarigiii ninkeda dalay intu wacay ayuuu kuyidhi ninkada aniga dilay eee kalay sooodooono subhanalllah muqdisho waxa ku sooobatay moooriyaaantiii isbarada u taaali jirtay inay shar dowladed ummmada ku dhibatayan URL,2,0,0,0,2,0
som_train_track2_1681,Orodyahanka Caaanka eee Mo Farah ayaaa sheeegay in magaciiisa dhabta ah uuu yahay Xuseeen Cabdi Kaaahin balse uuu sifo sharci darrro ah ku galay dalka UK isagooo la siiiyay magac qof kale wakhtigaaas ooo uuu ahaaa ilmo yarMagaca Maxamed Faaarax ayaaa laga sooo xaday ilmo kale URL,0,0,0,0,0,2
som_train_track2_1682,Shalay waxaaan dawaday muqaaal laga siii daaayey TV somaliland taliyaha ciiidanka nuuux taaani ka hadlya hadalka nuuux taaani aniga waxan ku so kobay  11  in warka ku hadlay ahay mid muuuse u so dhibay eee awsan u madaxbananay 12 fashilka heysta maaamulka SNM weji kabax kala kulmay URL,2,0,0,0,0,0
som_train_track2_1683,Aad baaan ula dhacay sxb qorshaha aaad udajiseeen sooo gudbinta barnaaamijyada   arimaha sirdooonka iyo siyaaasaddda   . aaada umahadsan tahay ustaaad. Mogadishu-somalia 🇸🇴,0,0,0,3,0,0
som_train_track2_1684,Wuxuba brobagando marki hore la agaaasimaybay ahayd diyaaaradaaa isku dhacay iyo waxaaasi mar marsiiiyo ay hawada kaga weeecdaaanbay raben wayna heleeen,0,1,0,0,0,0
som_train_track2_1685,Odaygan qaaabkiii aaad u wataysanaysay taaali galin kama.bixinaysid miyaaa waxa kaaa muuuqatay cadho iyo qabyalad Waxa lagu mooodayay dambi baaadhe iyo loooyar isku jira ma wariyaaa tahay mise wax kale. Bal.nio sheeeg dad ku tageeeri jiray ayaaa kugu nice dooona hadaaad qaaabka,2,1,0,0,0,0
som_train_track2_1686,Askari nin rayid ah u dilay shan kun ooo shilin Sooomaaali ah ooo dil lagu xukumay URL Somali URL,0,0,0,0,2,2
som_train_track2_1687,Jagadiii Daaahir Alasow Netherland loooga keeenay 3030 baaa looo dhiiibey  Waleee Daaahir waaa la sooo lugoooyayUSER,0,0,0,0,0,0
som_train_track2_1688,USER Asc asxaaab ooo dhan dowladdda talyaaaniga waxay ku xadgudubday madax banaaanida sooomaliya waaa Dalka Laga ceeeriya maahan meeesha ay jooogaaan wadankoooda waaa delkeeena sooomaaaliya calankeeena kama muuuqdo waxaaan wax aaan aqbali Karno qalbi madooobe waaa shisheeeye kalkaaal waaa in xilka laka xayub,2,0,0,0,0,0
som_train_track2_1689,USER Waxaaan aaad kaga mahad celineeena hadan umada somaliyeeed nahne hoshiii adkeeed aaad qawate sanad ka hor waxaaan wal wal ka qabne in dalka dorasho ka dhacdo lkn 15 May ayaaad sooo afjarte wal walkiii mantane waaad so qatinte wxaaan ku leyahay mudane reysuil wasaaare so dhawaaaw so dhawaaaw,0,0,0,2,0,0
som_train_track2_1690,Waaan sooo dhawaynayaaa taxanaha sheeekadan iyo LA bilaaabashada qaybta kowaaad eee sheeekadan shuuula Cohen,0,0,0,1,0,0
som_train_track2_1691,USER Xaqiiiqdiii waaa murugo in 4349 qof ooo shaqaaalaha dowlada ka tirsan aysan shaqeeeyn hadana ay qaaataaan lacagtiii shacabka laga sooo aruuuriyey ooo ku jirto hoooyo maskiiin ah  Kadibna ay iska raaaxaysanayaaan  In 43 Oo shaqaaalaha rayidka aysan si xaq ah u shaqeeeyn waaa dulmi  URL,0,0,3,0,0,0
som_train_track2_1692,"Dhawr arrrin ooo iii ga muuuqanaya waraysigan: Ugu horrrayn, saxafigan waxan bartay dhawaaan. Dedaaalllo waxtar leh ayuuu wadaaa, waaana aaan ku bogaaadinayaaa. Waraysiga hore eee markiii Khaaalid la helay waaan daaawaday. Warasigan se, waxa iii muuuqda: 1. Oday aaad macquuul",0,0,0,1,0,0
som_train_track2_1693,mudane burgabo wlll waaad kumahadsantahay tabinka barnaaamijyada nuuucanooo kle ah nin waxaaad tahay shacabka waxbadan lawadaaaga gabadhaaas ilmaha laga xadayna waxaaan ilaaahay ugabaryaynaaa inuuu ilmeheeegiii usooo dhaweeeyo waaa hoyo wax dhashay ooo beeerkeeediii baaa kmaqan a,0,0,1,1,0,0
som_train_track2_1694,Waxan san looo luxayo madhacayn miya hada war nagtu naso adka😳😂,0,0,0,0,0,1
som_train_track2_1695,Habeeen hore Bajaaaj hub lagu waday iyo ragggiii la socday ayaaa ciiidamada NISA ay qabteeen xillli ay mareysay meeel ku dhaw Isgoyska Howlwadaaag shacabka ayaaa looogu baaaqay inay la shaqeeeyaaan ciiidamada si iskaaashi udhexmaro  URL,0,0,0,0,2,0
som_train_track2_1696,Abdulahi akanuuu wlll nooo sooo badi prank yadan.kuwa nooocan ah fadlaj waaan ku taaageeeraaa zhp akanuuu prank yadada waaa kuwa khatar ah wlllhi❣️♥️♥️♥️♥️♥️♥️♥️♥️♥️,0,0,0,2,0,0
som_train_track2_1697,M.a. wlllhi. Markuuu isooo dhacay. Wn farxay. Horey usoda. Brothes.,0,0,0,2,0,0
som_train_track2_1698,Waxaaa farxad ino ah maaanta in nagula casuuumay madasha USER  Madasha ooo socon dooonta 2 days ah ayaaa waxaaa loooga hadli Arimaha Deeegaaanka iyadooo lagu gorfeeeye Caqabadaha haysta Deeegaaanka iyo isbadalka Cimilada eee Dalkeeena ka jira iyo sidiii xal waaara looogu heli lahaaaUSER URL,0,0,0,3,0,0
som_train_track2_1699,Tanaaad channnel   wxaaa   ka   hada zhaaa   sooomaaaliya   eeegooortiii   aydhazhay   xukunka   farmaaajo   madaxweynaha,0,0,0,0,0,0
som_train_track2_1700,Hal Milyan ooo Xujey ah ayaaa ku sugan buuurta Carrrafo halkaaaso ay ku gudanayaaan rukniga ugu weyn eee Xajka waxa ay buuurtaaas saaarnaaanayeeen ilaaa gabbbalka uuu ka dhacoAlllaha ka aqbalo xujeyda aaamin hadafyeeeloretweeet Aamiiin URL,0,0,0,3,0,0
som_train_track2_1701,Kuwa Muuuse Biiixi Ku Haysta Wixiii Soool Kadhacay Ee Ina Moooge U Diiidan Inuuu Masuuul Ka Yahay Qaladka Shaqaaalaha Dawlada Hooose Waaa Kuwo Aan Aragti Lahayn” Runtiii Ina Moooge Wuuu Is Mahadiyay Wuuuna Kasiii Darayaaa Oo Waaaba Isu Bogay Meeel Walba Wuxuuu La Taaagan Yahay,2,0,0,0,0,0
som_train_track2_1702,Dil ka dhacay magaaalda Burco amp faaah faaahin kasooo baxeysa URL,0,0,0,0,2,0
som_train_track2_1703,Walllhi waaan ilmeeeyey😭🥹 Hoooyo hadiyad ka qalisan ooo aduuunka dusheeeda saran ma jirto ilaaahay abaaal keeeda hano haka dhigo runtiii waaa qiso xanuuun badan ilaaahay ayaaa ku mahadsan usooo nabad celiyay wiiilkeeeda,0,0,2,0,0,0
som_train_track2_1704,Waxbadan baaan sugaba waaa sooodhacay,0,0,0,1,0,0
som_train_track2_1705,Fatxiya kaba yare may oooyaysa imika mise way heeesaysaaa😂😂😂,0,1,0,0,0,0
som_train_track2_1706,Waxay umadan dhane mayirka ku naxsani mayirku ma isaga dilay gabdha Misa ninba dilayo lagu sababay o malinteeedi bay ahyd war ka fuqa muskinka markasad musakinta baaacsatane qofka idin kululeeeya sida muse ayad ka heshane Somali waliga la iskuma qabojiyo,2,0,0,0,0,0
som_train_track2_1707,Adale Alale   sxb reeer konfur afkaga ka bixi waaa dad ficane inyar oooxun dadka haku aflagaaaden   waxyahooo iska hadla ooona ka fiiirsan doqon baaa tahay runti nacasyahow,2,0,0,0,0,0
som_train_track2_1708,Waaa fashilanty Akanuuu Awal Video Yaaa shaaada way igu socon jiraaan lkn Hda Waaa fashil ilaaahaw Hdaaan kaaa yeeelo mxaaa ifartaaa dhooocishaaa Waaa tiii bilaaa laaa aqlaqda ahyd ooo yaxye hunter Bar naaa Mish kiiisa ka qayb Galysy wxaaa isla ogtihiiiN nosooo samysy Axsan qof A,0,1,0,0,0,0
som_train_track2_1709,USER Aakhirkiii wuxuuu dhintay beeeralaydiii ooo Ethiopia xukunta  Aas qaran ayaaa looogu dhigay Adddis Ababa ilaaa Raysal wasarihiii wadanku ka qayb galay  Halganka dhalinyaro ayuuu ku bilaaabay ugu da bayn nin guuulaystay buuu ahaaa,0,0,0,0,0,0
som_train_track2_1710,Illlaaahay ha usooo dhaweeeyo,0,0,0,0,0,0
som_train_track2_1711,USER Wadanka dictator ayaaa naga burburiyay  Waaa run in uuu qabyaaalad adeeegaaaday ooo uuu dadkiii is nacsiiiyay laaakin waaa laga gudbayHSM Alshabab ayuuu la diriraaayaaa eee ma Shabaaabkiii ayaaa beeel noqday,1,0,1,0,0,0
som_train_track2_1712,USER Waxaaan filaya RW Xamza in uuu dowladdda u qaaabilsanyahay qaybta Sooodhaweynta Markaaa luuuqadaha qalaaad dooor muhiiim ah ayay ku leeeyihiiin shaqoooyinka nooocaaas ah,0,0,0,0,0,0
som_train_track2_1713,Alllaha u sooo dhaweeeyo,0,0,0,0,0,0
som_train_track2_1714,USER Waxaaan uqaaanaaa ilmo xaaaraaan lagu dhalay,2,2,0,0,0,0
som_train_track2_1715,"Xildhibaan Lauren Boebert oo Ilhan Cumar ku tilmaantay ""argagixiso""",0,2,0,0,0,0
som_train_track2_1716,Hambalyo Hambalyo Arooos Wacan  Waxaaan Halkan uga Hambalyeeeynaaa Ustadkeyga Eng Liban Aden Omar Alcadaaala Iyo marwadiiisa Drs Ilhaaan Abdi Salad ooo aroooskoooda ka dhacay Magaaalada BELEDWEYNEIsku wara abid  URL,0,0,0,2,0,0
som_train_track2_1717,Seeecamal wax cusub maaadan sheeegin maaanta   Sheeekada maaanta fashil waaaye ugaaas 😂😂😂,0,1,0,2,0,0
som_train_track2_1718,Wlll Qali somalinimo igu saaar folllow mahadsanid ❤️❤️❤️🙏,0,0,0,0,0,0
som_train_track2_1719,Har gab baaa igu dhacay Gift 🎁 ba lygu kenaya subxana alllah🙈🤣Yuhuuuda iskuma kenan #Joker tartiiib🤣🤣🤣🙈,0,0,0,0,0,2
som_train_track2_1720,Walaaal waaa magaca rasmiga ah eee dalkaaas waaa jamhuuuriyada islaaamiga eee iiiraaan sida ay   sooomaaaliya u tahay jamhuuuriyada federaaalka Sooomaaaliya mahadsanid,0,0,0,0,0,0
som_train_track2_1721,Mohamed mahadsanid wlll,0,0,0,0,0,0
som_train_track2_1722,Hhhh walhi qosol ladhacay 🤣🤣🤣,0,0,0,1,0,0
som_train_track2_1723,Taliye Xijaaar Waxaaan burburinay Maxkamad Alshabaaab  URL URL,0,0,0,0,0,0
som_train_track2_1724,Jimci xoogan oo todobaadkii mar ahi wuxu u dhigmaa mid maalin le ah,0,0,0,0,0,0
som_train_track2_1725,Ninkaaan yaaa sooo mal galiyay koxdiii hore eee fashilantay miyaaa,0,1,0,0,0,0
som_train_track2_1726,walhi caaawa kaliya ayaaan ka cadhoday sidiii caaadiga ahyd shekadu halky maraysy maaad ka bilawdid,2,0,0,0,0,0
som_train_track2_1727,Shaqadad nooo haysana waaan ognahy wanan kugu mahad celinaynaaa...mahadsanid...🍉🌮🍞🍌🍔...AFTURKANA abalmarin uqaaado😂😂😂,0,0,0,1,0,0
som_train_track2_1728,Woooh waaar barnamijkan waaa halaaagba😂😂😂noloshadu burburinyaba,0,0,0,0,1,0
som_train_track2_1729,Waaa natijada inad marka la yaso gabadh cagli bdan layskuna dayo in jaceylkeda lga faideysto lagna burburiyo riyoooyinkeeeda😁😍,0,0,0,0,0,0
som_train_track2_1730,waaa fariiin sax ah hadiii sida wanaaagsan looo fiiiriyo waxayna ka tarjumaysaaa wax aaadan aqrin ha isku saxiiixin hadiiikale waxaaad noqon dooontaaa ninkiii hada ka hor gurigiiisa saxiiixay asigooon aqooon u lahayn lagana qaaatay mahadsanid akanuuu,0,0,0,1,0,0
som_train_track2_1731,USER Jahli iyo doqon nimo ayaaad isku darsatay madaxweyne hasssan sheikh idinko muxaaafad ah sidaaan u caaayi jirteeen maaanta amaaan idinka sugi maaayo,0,2,0,0,0,0
som_train_track2_1732,Niyadjabka loooma jeeedin in lagu burburiyo  Waxaaa looogu talagalay inay ku xooojiyaaan ooo ay ku siiiyaaan adkeysi si aaad u gaaarto qadddarka Allle ku siiiyay,0,0,0,0,0,0
som_train_track2_1733,Ilaaahay haku naxariiisto adeeer janatul fardawsana ha kugu arsaaaqo marti la jecel yahayna rabbbi haka yeeelo😭🤲,0,0,2,0,0,0
som_train_track2_1734,Sxp cadaw gaaaga ha ujabin aniga aaad ban Ku tageraaa iiinolow brother,0,0,0,1,0,0
som_train_track2_1735,Xaqiqdiii internetka fa'idadiiisa waxaaa ku hos dugan halis,0,0,0,0,2,0
som_train_track2_1736,Kac amaaalaeY waaa qurux badantaHe😅beeenti aduuuNka😂😂😂,0,2,0,0,0,0
som_train_track2_1737,Kangana Ranaut: Xiddigta dagaalka kula jirta Bollywood,0,0,0,0,0,0
som_train_track2_1738,USER Maaashaaa alllaaah waaa mashruuuc aaad looogu baaahanaaa waxaaadna ka mid noqotey dadka tirada yer eee aqooontoooda laga faaaidey mahadsanid ,0,0,0,1,0,0
som_train_track2_1739,USER 1  Xuuunsho baaa la waydiiiyey gooorta ay wax karato  Waxay tiri waxaaan wax garta marka dhaguxu igu dhaco 2  Tuke baaa isna la waydiiiyey gooorma ayaaad wax garataaa  Wuxu ku jawaaabay marka laba qof iseeegto Waxa looo baaahan yahay in aaan sidiii tukaha u fekerno,0,0,0,0,0,0
som_train_track2_1740,Nio ayatan sheeekoyinkiii maxaaa ku dhacey,0,0,0,0,0,0
som_train_track2_1741,Nolashu waaa halgan waaa inan yar ooo fariiid ah farxadu waaa inaaad ku qanacsan tahay waxa aaad haysato URL,0,0,0,1,0,0
som_train_track2_1742,Tanaaad zxp marka hore waaad ku mahadsan tahay macluuumaaadka aaad bulshadaaada usooo gudbinayso. Marka labaaad waxaaan jeclahay inaaan   wax yar ku xasuuusiyo waaad ogtahay cidkastaaana way ogtahay dawladiii lagu bahooobay 1960 giii eee la odhan jiray SOMALI Republic inay burbur,0,0,0,1,0,0
som_train_track2_1743,Waaa farxad walaaahi🥰,0,0,0,2,0,0
som_train_track2_1744,Somaaalida maskax ahaaan dad fiyow maha maaalinkasta waxay ku kacayaaan dhacdo argagax leh waaa dad qalbigu dhagax noqday siduuu u awoooday inuuu saaas u galo subxanalllaaah alllow u gargar canuga yar yaaa rabi nooo naxariiiso ooo hanagu halaaagin dulmiga somalidu geysanayso,0,2,0,0,2,0
som_train_track2_1745,Bilcantiii shisheeeya ahNinka beeegsanaaayowWaxaaan kaaaga baqayaaaInaaad baaadi noqoteeeCidla baylah keligaaaYaaanu bahalku kaaa helinHadraaawi,0,0,0,0,2,0
som_train_track2_1746,Safar yar ayaaan galay mahadsanid,0,0,0,0,0,0
som_train_track2_1747,Wlll sooo gali qaybta xigta mahadsanid,0,0,0,0,0,0
som_train_track2_1748,Qudheda ayan jcladay aniga gobolka texs kabadi gobaya an ad isugu dhawnhay,0,0,0,2,0,0
som_train_track2_1749,USER Waxa dhacaya w a looo jeeedaaa balse waqti bay leeeyihinnne halooo samro hana la dulqaaato,0,0,0,0,0,0
som_train_track2_1750,Guuul weeeny ayay noootahay.in dalkayaga xadgudub Laguna sameeeyk mayeeelayno.,0,0,0,2,0,0
som_train_track2_1751,Fanaan la sheegay in uu aflagaadeeyay Nebiga NNKH oo xukun dil ah lagu riday,0,0,0,2,0,0
som_train_track2_1752,Ciidamadii Afrikanka ahaa ee hoggaanka u qabtay iska hor imaad aan waxbadan laga ogeyn ee dagaalkii labaad?,0,0,0,0,0,2
som_train_track2_1753,USER Ridwaaan walaaalkey waaa kaaas QQQ hambalyo u diraaayo Ruto  Meeel uuu ku fiiican yahay bal sheeeg maxaaa GM looogu haaayaaa qof saaan ah  URL,0,0,0,2,0,0
som_train_track2_1754,Ma isku day afgambi ayaa ka dhacay dowlad deegaanka Soomaalida?,0,0,0,0,0,0
som_train_track2_1755,Wan ku salaaamay mr maracade si kal iyo laaab ah. Waxaaan jclaaan lahaaa inaaad 2ba 2ba qeeeyb isku sooo raaaciso mahadsanid.,0,0,0,2,0,0
som_train_track2_1756,Kolay catooosh waaa cunsuri lkn dhawaaan isagooo oooyaya ayaaa la arki dooonaaa ishaaa alllah,0,2,0,0,0,0
som_train_track2_1757,Soool Sanaaag iyo Cayn SSSC dowladdda FGS ma aqooonsana Somaliland na ma aqooonsana beeesha caaalamkuna maba taqaaan  Dalkaaan waaa Somalia amp Somaliland ooo ay Waqoooyi ku dhawaaaqday goooni isku taaag iyo ictiraaam Dowladdda FGS mowqifkeeedu yahay midnimada iyo wadajir in laga wada hadlo  URL,2,0,0,0,0,0
som_train_track2_1758,Jaceylku wuuu abuuurmaaa balse wuxuuu u baaahan yahay in la koriyo  korinta Jaceylka waxaaa lafdhabar u ah farxad galinta sheeeyada kadiskaaa oood qofka kaga farxiso waxay abuuuraaan xiiise goooniya URL,0,0,0,0,0,0
som_train_track2_1759,FalCelinta laga bixiyay talaaabada koooxda Shabaaab loooga saaaray degmoooyinka Ceeeldheeer amp Xarardheeere eee Maaamulgoboleeedka GalMudug ayaaa ka yimid madax hore iyo maaamul goboleeed Sida Kheyre Siciiid Dani amp USER kuwaaas ooo dhamaaantoood sooo dhaweeeyay guuulaha ciiidamada dowlada URL,0,0,0,0,0,0
som_train_track2_1760,Ma yuuusuf garaaad ayaaa ku so canaaatay Waxay ooohintu😅,0,0,0,2,0,0
som_train_track2_1761,Cambo geeed kaso dhacay madobaday u egtahay kulaha yasir allle manoooli😂😃😂😃😂😃,0,0,0,2,0,0
som_train_track2_1762,Adimaaa xurnimo sheeegayo ooo aaan ognahay waxa Mogadisho iyo dadkeda ku sameysay 20006 ilaaa 20008 xasuuuqi dhacay shacabka somaliyed USER Danbiiile URL URL,2,2,0,0,0,0
som_train_track2_1763,Ilmahaaa yar waxa ku dhacay waxa ka masula aqooon daro wan ka xumahayyy ilamahas yar dhibta sooo gaaadhey allleee walidki dhalaaay qalbiga ha u dajjjiyo .,0,0,2,0,0,0
som_train_track2_1764,USER Waaa laga yaaaba lakin Dadka isku si wax uma wada arkaaan,0,0,0,0,0,0
som_train_track2_1765,Waaa naaag doqon eh 😐,0,2,0,0,0,0
som_train_track2_1766,Oohintaaada cajaib waku ooohin quruxdaaas,0,0,0,0,0,1
som_train_track2_1767,Mar haduuu number kaaa sooo wacay waaa la heli karaaa Ethio telecom tag numberkan cida ku qoran ha laguuu baaadho macal dadkiii ay is wici jireeen eee ugu danbeeeyay kuwaaas baaa macal sooo dhawayn kara,0,0,0,0,0,0
som_train_track2_1768,USER Ismanu aragba eee cuqdad maxaaa keeenay waxan garaaadsaday burburka sababtiiisa Kacaaanka Dhisme iyo Burburba Isagaaa Isku Darsaday,1,0,0,0,0,0
som_train_track2_1769,wlll anigu kuma   aqane   lkn imika dhawr clip Aad leeeday imika dawady iska qosol annnigah ku fasaxy   wlll mid ayan raaaba inan ku darsdo umad horta Anigu wxn ahy mid ka mid ah masakinta shacabka reeer hargesai eee runti badn vedio kasta ooo ledy ooo aaan dawado waxa igu sooo n,0,0,0,0,0,0
som_train_track2_1770,BNSomalia Burcad dhac ku geysaneysay bastooolado caaag ah ooo gacanta lagu dhigay Sawirrro URL Somalia,0,0,0,0,0,3
som_train_track2_1771,Waxaaan hubaaa in ay tahay in Carabtu ay jirdil ama kufsanayan ilmo da yar ku jira mid ka mid ah guryaha ay degggan yihiiin Dubai ama Abu Dhabi ooo sida caaadada ah ay iska duuubayan kadibna URL,0,2,0,0,0,0
som_train_track2_1772,Waxa aynu u baaahannnahay siyaaasad ku dhisan xurmo xikmad xannnaaano xulasho sax ah iyo xeeer ilaaalin  Laaakiiin hadddiii ay innnaga noqoto xasarad xaqdhawr laaaan xooog xatoooyo iyo xaaasidnimo waxa laga dhaxlayaaa xumaaan URL,0,0,0,0,0,0
som_train_track2_1773,Balllamuhu waxa ay ka dhigan yihiiin wax kasta laaakiiin marka la burburiyo ka dib raaallli galintu waxa ay ka dhigan tahay waxba  URL,0,0,0,0,0,0
som_train_track2_1774,Shugri Cabdirisaq wlhi cabsi cabsi 🤣,0,0,0,0,2,0
som_train_track2_1775,Ani qosol iyo ooohin iskudaray walllhi,0,0,0,2,0,0
som_train_track2_1776,USER Xasssan sheeekh baaa kuuu soooran ooo Adeeerkaaa ah Puntland iyo daaarooodna waaad necebtahay kuwaaasooo Kula leh wadan Somalia la dhihi jiray ooo Ku burburay Adigooo kale ooo maskaxdiiisu gadaaal gadaaal u shaqeyso  Mushtamucu horumar ma gaaafo ilaaa inta qof walba xuquuuqdiiisa la siiiyo,2,0,0,0,0,0
som_train_track2_1777,nolosha dhabta waxay u bahanthy farxad iyo.dacadnimo jceylka ka dhaxeya nolosha faqirnimo wuuu ka dacadsanyhy wax kaste wayo qofka adiga bas u muuuqda saaa dooontan u murugoooda lkn inta yar aaad Isla.jogtan frxd dhameustiran heleysan ooo aaad ku ilowdan second Ina dhib aragten f,0,0,0,0,0,0
som_train_track2_1778,Allla qurxow caw murugo igu dishy oh my god😭😭😭,0,0,2,0,0,0
som_train_track2_1779,waaa arin naxdin badan leh allle ha unaxariiisto hoooyadaaa geeeriyoootay meeeshan sland inkaaaro baaa kasocda,0,0,3,0,0,0
som_train_track2_1780,USER Lacag jacayla naaagaha somaaalidu meeel kasta ooo xun ayu galayaaa,1,3,0,0,0,0
som_train_track2_1781,Zxp darisle wx an la yaaabo ayaaan arkay wlllo eee face boook ga wlllo wx aniga ayuuu igu dhacaaay,0,0,0,0,0,1
som_train_track2_1782,Waxaaan ku nooolnahay addduuun madow iyo jaceyl iyo murugo leh URL,0,0,2,0,0,0
som_train_track2_1783,"Waxay ahayd qiso murugo leh ooo mudan in wax lagu qaaato,,, waaad ku maha santhy sida quruda badan eeed mar walba nogu so gudbiso qisoooyin...",0,0,2,0,0,0
som_train_track2_1784,USER Waaa runta ninku wuuu jili karaaa jacayl isagooo adeeegsanaya ereyo macaaan balse dumarka iyaga ayaaa ugu daran ooo way jili karaaan jacayl waliba iyago ku dhahaya inaaad i leeedahay bal fiiiri sidan wax kuuu way diiisanaaayo eee 5 galiya rabaaa manta isodir  Maxaaa ka suge ninkiii waaa shubay,0,0,0,0,0,0
som_train_track2_1785,USER Mustafe Cagjar maaaha Cabdi Iley Cabdi Ileyna maaaha Mustafe Cagjar laaakiiin suaaasha isweydiiinta mudan baaa ah Maaamulka DDDS eee haddda jira ma wuxuuu weli ku socdaaa wadadiii taliskiii TPLF amp Ina Iley eee fashilmay mise wax buuu ka bartay hagardaaamoooyinkooodiii ooo jidkooodiii wuuu ka weeecday,0,0,0,0,1,0
som_train_track2_1786,Hadiii xorbaaan ahay shaqeyneyso NFD iyo DDDS ayaaa 60 kiii badax banaaani heli lahaaa  Takale Soool iyo Sanaaag qabiiil qudhaaato ma dagana  Garaaad Djamac na Laaasqaaanoood permisssion ayuuu ku jooogaaa waaa looo fasaxay in uuu dhawr cisho dadka u qudbafeeeyo marku shirkaaasi uuu iska noqon,0,0,0,0,0,0
som_train_track2_1787,Madaxweyne Xasan Sheeekh Iyo dhiiiqadiii Erataria Kasooo Gaaartayshorts URL via USER,0,0,0,0,0,0
som_train_track2_1788,Amiir William: ‘Boqoradda waxay ila joogtay wakhtiyadii ugu farxadda iyo murugada badnaa’,0,0,0,0,0,0
som_train_track2_1789,Guuuleeeyso Sxb Hadiii Aad Iga Caaawin karto kor u qaaadida Channnelkeygan waaan jeclaaan lahaaa mahadsanid,0,0,0,0,0,0
som_train_track2_1790,Ragan bajajka wan jabinayan doqonimo,0,1,0,0,0,0
som_train_track2_1791,Saaa San qaba malaha xooogaga aduuunka eee kibrey ba burburi,2,0,0,0,0,0
som_train_track2_1792,USER Isaaaq ha sooo weeerareeen magaaalada Waleee iyagaaa ku jabi Waxaaa iii muuuqda iyagooo hubka dhigis lagu sameeeyay ooo Hargeisa oooyayso,0,2,0,0,0,0
som_train_track2_1793,Waleee iiidooorkiii waxbaaa kudhacay,0,2,0,0,0,0
som_train_track2_1794,Karan Johar oo jawaab lama filaan ah siiyay qof ku caayay filimkii Netflix,0,0,0,0,0,1
som_train_track2_1795,AAASAAASIHIII JABHADAHIII DHIIIGA MENGISTU HAILE MARIAMKullliyada Hiiirad ooo qaban dooonta barnaaamij gaaara ooo aaan kaga hadli dooono Jabhadihiii MENGISTU HAILE MARIAM uuu Sooomaaaliya ku burburiyayWaxaaan si gaaara u taaaban dooonaaa siday ku bilowdeeen wixiii ay geysteeen iyo Geeeridooodiii  URL,0,0,0,0,0,0
som_train_track2_1796,@@@faysalabdulahi9451 hhh maxaaa dhacaya?,0,0,0,1,0,0
som_train_track2_1797,BNSomalia Khamiiis July 28 20222Boooliiiska Somaliland ooo gacanta ku dhigay xayawaaan si sharci daro ah loooga ganacsanayay URL Somalia,0,0,0,0,0,0
som_train_track2_1798,😂😂😂Astaaantiii qarankooo naxaysa haday kenya nagu aragto maxaaa dhacayoe♥️😂😂😂🇸🇴🇸🇴🇸🇴July 1♥️♥️♥️🇸🇴💖💗💞💓💕💕💕,0,0,0,2,0,0
som_train_track2_1799,Haweeney labo ilmo galeen leh oo laba maalmood labo ilmood  kala dhashay,0,0,0,0,0,2
som_train_track2_1800,Ciiidanka baddda somalia sidiii looo dilaY General siciiid mariiino hooos u dhac aaad iyo aaad u wayn ayaaa sooo wajaha sida hda muuuqata nin dhulalkiii ciiidanka baddda dabaqyoH laga dhistoH alllaha u naxariiisto General siciiid mariiino,0,0,2,0,0,0
som_train_track2_1801,Ma garanayo sidaaan kugu sharaxo jacaylka aaan ku qabo balse markaaad iga maqan tahay wax walba way iga maqan yihin,0,0,0,2,0,0
som_train_track2_1802,waaan   kaga mahad-celinaya   omar inshar waaa #mawduuuc_an_dhawantan_sugaynay allle dartiii ban ku jeclahay #mr_inshar thnks,0,0,0,1,0,0
som_train_track2_1803,Hadddaaad tahay dhiiigya cab sida Alshabaaab u dhaqmayo qof qori dhabarka loooga hayo dilkiiisa rabo ama haddda u siii cagjuglenayo balaaayo ku aragteee naga dhex bax markaaan shabaaab kasooo noqono baaa adiga kuuu so jeeesanaynaye  Xaq buuu leeeyhay shacabka afduuuban kaaadana ka yareeenSomalia URL,2,0,0,0,0,0
som_train_track2_1804,Waaa war farxad leh khawarijtiii kirshabele hadeeey magalada laga saaaray,0,0,0,2,0,0
som_train_track2_1805,Wax noqon donta yaaar waaayo cod baaahiy yaaal baaa ku xidhan qolkay fadhiyan any iyagu ogeeen bay ila tahy sidaaasay yaaar ku fashilmaysa,0,0,0,0,0,0
som_train_track2_1806,Diyaaar ma ihi hada waaa waxyaaabaha markasta dib ino dhiga hadaynu hawsha amaba waxyanu rabno inan marka qabano aynaaan dib udhigin islamarkiiibana qabano waxay hadhaw meeesha kasaraysa inad kaqomamayso mardanbe hawlaaaga weliga dub hawdhigin hadiii kale waxad noqon qof aaan hadaf lahayn URL,0,0,0,0,0,0
som_train_track2_1807,Corona Fayras; Maxaa ka jira in dhimasho uusan sababin Corona Fayras ay aad ugu badatay Nigeria?,0,0,0,0,0,0
som_train_track2_1808,orad baaa ka dhacay naftaaada la oradkkk,0,0,0,2,0,0
som_train_track2_1809,The True Definition of a naaagnoool Gabar Reeerguuuraaa ah ooo Isku filansomalipastoralist somali cayna somaliland somalibeauty somaligirls somaliphotographer URL,0,0,0,2,0,0
som_train_track2_1810,"Sxb halkan ayaaan rabaaa inaaan horumar kasameyo fadlan igu taaager Culeys walpo ooo ku heysto alllaha kaaa qaaado waaa Bil Ramadan hadiii aaad iii tabato folllow,,,da mahadsanid 💓🙏",0,0,0,0,0,0
som_train_track2_1811,Ramadaaanka fadligiiisa culays walba ooo kuhaysta allle hakaaa dulqaaado wlll halmar #falllow nooo taaabo mahadsanid wlll 👍,0,0,0,0,0,0
som_train_track2_1812,Burcad Koonfur Afrikaan ah oo u dhacay goob aan laga fileyn,0,0,0,0,0,0
som_train_track2_1813,Addduuunka   waaa laysku maqan yahay Somaliduna iyagaaa isku maqan bal aaan aragno meeesha ay iskala dhacdo🤭🤭🤭.,0,0,0,0,0,0
som_train_track2_1814,War akanuuu inantu iyadaaaba jaceyl ku dhacay wlllgi,0,0,0,0,0,0
som_train_track2_1815,USER Aniga waxay ila tahay Xasan Shiiikh qofkiii uuu ku badali lahaaa in uuu diyaaarinayo xasan ma rabo nin karti badan mana fiiiriyo wadaniyad iyo dal jacayl  Maaalmaha sooo socdana hadaaan maqlo xilkiii baaa laga qaaaday ma la yaaabayo  Haduuu ka badbaaado in uuusan dilin buuuba nasiiib leeeyahay,0,1,0,0,0,0
som_train_track2_1816,Maxaa ku dhacay Facebook iyo WhatsApp?,0,0,0,0,0,0
som_train_track2_1817,USER Ilaaah ayaaa mahad leh adigana nakaaa dhaaafiyayAlxmdlllah  Hadddaaan ka badbaaadnay dhagartaaadi iyo doqonimadaaadi baaahida badnayd waxaaan aaaminsanahay inaaan ka badbaaadayno wax walba ooo na qabsada meeel dheeer aaan sooo laga sooo noqon aaan kuuu rajeeeyay USER,0,2,0,1,0,0
som_train_track2_1818,Mahamed Maydhane shacabkiii Borama waaa looo midooobay monopoly electric company waaa halis,0,0,0,0,1,0
som_train_track2_1819,USER Jaaarso la barakiciyay heees miyuuu u sameeeyay Akisho dhulkooodiii laga riiixayo miyuuu heees u sameeeyay Karanle jinsiyadiii laga saaarayo miyuuu heees u sameeeyayLiyuuu police halka beeel ah miyuuu heees u sameeeyay Intaaas ba waaa maya balse dulmiga Dds wuuu ku faaanaaaSomaliland ds ha bartan,0,1,0,0,0,0
som_train_track2_1820,Yarabi subxanalah illlahow iiimanka nageli...waxnku nolnahay adun gabagab illlahow towbada Iyo towxiiidka nagudil aaamiiin yarabi,0,0,0,0,2,0
som_train_track2_1821,USER faqrigu waaa cadaw cadawga kooowaaad eee jacaylka waaana deriska kooowaaad eee shaydaaanku kasooo galo lamaaanaha is jecel,0,0,0,0,0,0
som_train_track2_1822,"Nin agooon ku xaday qalin, Qaaaxo kama fogaaato waleee inaaan masaaakiiinta shilimada cashuuurta lagaga qaaaday cunisteeeda caaafimaaad laga helayn.",0,0,0,0,0,0
som_train_track2_1823,Qaylo dhaaa kasooo baxday dawlada ooo ku aaadan shilalka gaaadiiidka ooo halkiii usaraysay gaaadhay sanadkan  URL,0,0,0,0,2,0
som_train_track2_1824,Maaalmuhu waaa isku mid balse dhacdoooyinka kala duwan,0,0,0,0,0,0
som_train_track2_1825,USER Xasanow dhiiiqo xilalkisa kuwa kamid Ah waxaaa laaa Isku siiinayaaa yaaa qaaaqle ahaaa Oo haray,0,2,0,0,0,0
som_train_track2_1826,Xaqiiqdu waxay tahay in habkoodu uu yahay mid cabsi badan. ,0,0,0,0,3,0
som_train_track2_1827,Yahye bwe adban ula dhacay barnaaamijkaaan dadka ajaaanibta baaan.ku arki jiray halkas kasi wad saxaaaf nooogu xeji kamaaal,0,0,0,1,0,0
som_train_track2_1828,waxaaan sugnaaaba waaanatija kudhawaaaqeeeda URL,0,0,0,0,0,0
som_train_track2_1829,Sideen kuu caawin karnaa? ,0,0,0,0,0,0
som_train_track2_1830,Subax wanaaagsan Ugu horrrayn waxaaan u mahadcelinayaaa qof kasta ooo sooomaaali ah unatagan xuriyada iyo ladagalanka isticmaaarka si niyadsami ah waxaaan ku faraxsanahay dhammmaaan qof walba wuxuuu sooo diraya ixtiraaam iyo qadddarin  Aan u gu dabaaal degno jacaylka NoloshaXuriyada,0,0,0,2,0,0
som_train_track2_1831,Qufkiii u horey ayaaan ahay fadlan like haaa ila dhaaafin mahadsanid,0,0,0,0,0,0
som_train_track2_1832,Hhhh calaaalcalka iyo ooohinta waaa maxay barooorta orgiga ka weyn wardeee ninka waaa facaaa ooohinta nagala kor tag bisinkeee ilmaaaba kusooo dhaaafi rabta awooodaaada lagu tusay haye Hadaaa Arko yuotupekeyga ooo hooos u dhacaya Adaaa ka masuuul ah ku ye jecliyaaa jabkaaas ooo a,1,0,0,0,0,0
som_train_track2_1833,Sxb   dalkaaaga kusooodhawow   kwrn   qabooow malahan   kuleeel malahan   waaa sideee nafta rabtay,0,0,0,1,0,0
som_train_track2_1834,Mahadsanid Qoraaa USER way isooo gaaadhay hadyadiii qaaaliga ahayd saxiiib  Waxaaa kale ooo farxad gaaara eee ah in buuuga uuu ku jiro qoraaalka barnaaamij aaan Hadraaawi ka sameeeyay 2017 ooo muqaaal ahaaaHeeersare amp Hadraaawi couldnt imagine any bettter option for the weeekend URL,0,0,0,2,0,0
som_train_track2_1835,Waxaaad igu yaaab badnaaa gabar Muslim ah ooo uhuuud u basas u ah o waliba basaseso walalaha musliminta waxaaa igu naxdin badnaaa markey ay rabey inay disho nin ayada aminsanaaa waxaaan ku tilmami karaaa amino inay ahèd shaydhan o axmaqad ah hadey noshahey ilahay nolasha haku dhi,0,2,0,0,0,0
som_train_track2_1836,"Hooobalkiii caaan baxay fu,aaad cumar yare allla Ha ku dhawro.",0,0,0,1,0,0
som_train_track2_1837,Sida uuu umuslimay ayaaan aaad ula dhacay,0,0,0,1,0,0
som_train_track2_1838,Inta somaliya jogta hayla dhaaafina like mahadsanid,0,0,0,0,0,0
som_train_track2_1839,Madaxwaynaha JFS Mudane USER iyo wafdi uuu Hogaaaminaaayo ayaaa gaaaray dalka Uganda halkaaas ooo si diiiran Looogu sooo dhaweeeyay  Madaxwaynaha ayaaa intuuu jooogo Dalka Uganda waxuuu ka qayb Gali dooonaaa Xuska Sanguuurada 60aaad eee Ka sooo wareeegatay Maaalinta Xornimada Dalka Uganda URL,0,0,0,0,0,0
som_train_track2_1840,Ismaaaciiil mahadsanid Saxb lkiiin kamarada intaaa miyaaan lagasodhawayn karin,0,0,0,0,0,0
som_train_track2_1841,Cunsuri cunsuri dhaly fanxwayne abti ragsi arinbay u xiran yihiiin,2,2,0,0,0,0
som_train_track2_1842,Runtiii inta ay sooo dhacayso waaansugi waaayaaa sheeekadaaan sirdooonka,0,0,0,2,0,0
som_train_track2_1843,hagaaag waxbaaa ka dhacay anaga lafteeena markaaan shekada dhageysaneyney wadnaha ayaaa dhag dhag ku hayey xisaha ay lahayd shekadu,0,0,0,2,0,0
som_train_track2_1844,Shalay way iska faraxsaneyd Habeeen hore waxay barteeeda sooo dhigtay Imtixaaanka natiiijo aaan ku faraxno illlaaah hanagala kulmiyo maaantana waaan sooo aaasnayfarxadiii murugada isku badashay eee Marxuuum Hibo Qaaasim URL,0,0,3,0,0,0
som_train_track2_1845,War gooordhaweyd galabta ah kusooo dhacay warqabadka warqaaad ayaaa sheeegaya in dagaaal xooogggan uuu ka socdo deeegaaanka qarfo ooo katirsan gobolka hiiiraaan iyadooo la isku adeeegsanayo hubka kala duwan  URL,0,0,0,0,0,0
som_train_track2_1846,Maaantana waaayo aragnimadeeeyda iyo garashadeeeyda waxa ay i tustay ooo aaan matqaaati ka ahay in Mw HShM Madaxweynihiii dalka qabiiil dardiii iyo caro uuu u qabo Farmaaajo uuu igu weeerarayo anooo shalay Farmajo kasooo horjeeeday  Ma calaaacalayo eee dibu dhaca dalka ku yimid baaan ka naxsanahay,0,0,0,0,1,0
som_train_track2_1847,Khachaturyan sisters: Dacwad dil oo argagax ka abuurtay dalka Ruushka,0,0,0,0,2,0
som_train_track2_1848,USER Roooble iyo Xasssan Shiiikh ayaaa dooonaya in ay beeeshoooda ku wareeejiyaaan dhulbeeereeedka qaniga ah Afgoooye ilaaa Jilib isla markaaasna ka saaaraaan Digil iyo Mirifle iyagooo adeeegsanaya wasiiirka gaaashaaandhiga Rooobow ilmo Xaaabsade iyo Shariiif Sakiiin iyo Adam Madooobe ooo labo wajiiile ah,0,2,0,0,0,0
som_train_track2_1849,Dad an jaclahay hor usocda farxadiiina ha jito waligiiin,0,0,0,2,0,0
som_train_track2_1850,Yaxye cabdirixmaaan xareeed ooo ahaaa ardey ayaaa haddda kismaaayo lagu dila waxaaana marxuuunka dilkiiisa gaystay askari katirsan ilaaalada madaxweyne axmed madooobe sida la iii sheeegay  URL,0,0,0,0,0,0
som_train_track2_1851,qaaabjilinkina aaad ayaaan ula dhacay   kaliya waxaaa idinka qaldan hadalada niyada ah waxa lamoda inu qofka sheko kashekenayo ma lamodo inu isla hadalayo   waxaaa huba ina badali dontan Guleeesta dhamantin horumar wayn aya idin rajayna,0,1,0,2,0,0
som_train_track2_1852,Haday isku duba dhacday,0,0,0,0,0,0
som_train_track2_1853,Waxa jiro Ubaxyo qurux badan balse aaan lahahyn wax udgooon ah sidaaasi si lamida waxa jiro Qalbiyo wanaaagsan balse aaan lahayn nasiiib wanagsan YaaaRabiii URL,0,0,0,0,0,0
som_train_track2_1854,Ha niyad jabinHaday Dadku diiidan Inay Ku caaawiyaaan Ee xasuuuso hadalkiii Einstein Waxaaan u mahadcelinayaaa dhamaaan Kuwiii yidhi MAYA Maxa yeeelay iyaga Ka danbeeeyey Inaaan Anigu sameeeyo  Naftaydu URL,0,0,0,0,0,0
som_train_track2_1855,Gaaal Cad waaa nijaaas kuwa aaan isla shaqeyno futada aaan ugu jeclahay ay dhahaaan marka maskiiintaaan jaaahiladdda ah mar dhow diaper ayey sidiii ilmo dhashay futada ku xiran eee iska daaa URL,0,2,0,0,0,0
som_train_track2_1856,USER Onlf sooo ma ahayn kuwiii aaad Garowe kasooo qaban jirteeen ooo tigrey ka gadan jirteeen waliba walalkaaa Abdirahman farole ku sheeegay argagixiso,2,0,0,0,0,0
som_train_track2_1857,Xasuuuqa masaaakiiin safara looogu geeestay gobolka Hiiiraaan waaa mid murugo iyo argagax leh  Waxaaan murugada la qeybsanaaayaaa dhamaaan ehelka dadkiii ku shahiiiday dhacdadaaas fooosha xun,0,0,2,0,2,0
som_train_track2_1858,Waxa dhacayii waa arin qariib ah. ,0,0,0,0,0,3
som_train_track2_1859,Asc Walaaal Waxaaad nugu cawisa Tariiiqdiii 1979 markiii Hajjj ka La qabsaday tariiiqdiii madoooweeed mahadsanid,0,0,0,0,0,0
som_train_track2_1860,USER Sxb wa runta way jiran dad ajnabi guuursaday O hadhow Kala tagen balse guuurku wa farxad gabadha walashen ah magaca iyo somalinimada Nala wadagta waxy naga mudan tahy inaynu uduceyno wa aragtidayda,0,0,0,0,0,0
som_train_track2_1861,mahadsanid sxb waxan taaageeeraaa libaaaxa wana magacayga labad ama naaanaystayda ay hoooyaday iii bixisay (Asad),0,0,0,1,0,0
som_train_track2_1862,Geeela waxa dhacay ogaaaden Maxamad subeeer rer isaaaq rercali guled alllamagan Rer fiqicigal waliba Rermagan waxana laga dhacay Habar awal waliba Rermahad waxana lagu wareeejiyay Manta,0,0,0,0,0,0
som_train_track2_1863,Nacalad haku dhacdo cajuuuska😡,0,2,0,0,0,0
som_train_track2_1864,Wakhtiga aynu bixinayno natiiijadiiisa marka aynu ognahay ayuuu qurux badan yahay,0,0,0,0,0,0
som_train_track2_1865,Madaxweynihiii Zimbabwe Ropert Mogabe ayaaa laga sheeegay inuuu xiray labo wiiil ooo sheeegtay inay isqabaaan  Wuxuuu ku xukumay in aysan xabsiga ka bixin ilaaa ay ilmo iska dhalaaanMadaxweynaha cusub eee Kenya Willliam Ruto ayaaa isagana laga sheeegay inuuu yiri boqolaaal kun ooo dhalinyaro ah,0,0,0,0,0,2
som_train_track2_1866,Khaaalid waxbaaa Ku dhacay ooo ah meeeshiii uuu wax Ka baran jiray. Wax uuu qarinaaayo baaa Jira EEE si fiiican ha looo baaaro. Nin qaaangaaar ah ma dhumo. Waaalidku ilmihisa ma baaaraaan markey dugsiga diiidaaana waaa la siii dilaaa. Macalimka baaa waaalidka la weyn. Kha,0,0,0,0,0,0
som_train_track2_1867,Musiiiboooyinka Sooomaliya ku habsaday ayay ka mid yihiiin. Black list waaa in la geliyaaa 149 kiii marxal eee Muqdisho inuuu dagaaal ka dhaco sababay.,2,0,0,0,0,0
som_train_track2_1868,Intaaan noqonlahaaa burburiye waxaaan noqon bad baaadiye,0,0,0,0,0,0
som_train_track2_1869,Thanks dhaman jilayaaasha filimka dhamantoood aniga bilow ila dhamad wan la socdey qebtaaan ugu murugo badneeeyd kamaaal uuu geeeriyooodey keeep going qurux ku dhiiigle iyo marish iyo dhaman asxbta,0,0,2,0,0,0
som_train_track2_1870,Muuuse is casil waaad fashilanteee,1,0,0,0,0,0
som_train_track2_1871,murugada jaceylka iyo xanunkeda ana daremi karo marku qofkad nolashada aha aaad weso ayaaad daremi cidlo ma ilaaabi dooono qofkan jacladay wan sugi malin un in uuu iso labanayo,0,0,2,0,0,0
som_train_track2_1872,USER Walahi maaanta aya ka fekerayey sababta ay suuuqyada waweyn Hargeisa Bakaaaro iyo hader tan maaalmo ka hor dhacday o isku dhaw  Alllah willl expose them sooon inshaAlllah whoever is behind alll this,1,0,0,0,0,0
som_train_track2_1873,Hurdo la aaan ayaaa igu dhacday sidaaan kusugayaaa teeendhada ayaaa lagu noqonayaaa ayaaan ka gartay,0,0,0,0,0,0
som_train_track2_1874,Walaaashay maaanta ayey u baxday Stanbul Turkey si inta ka dhiman xaaaladeeeda caaafimaaad halkaaas ugu sooo dhamaystirato  Waxaaan Rabbbi ka baryayaaa magana uuuga nahay USER ooo caaafimaaad qabta ka fayow wax walba inay dalka dib ugu sooo laaabato is aragnnno Inshaaa Alllaaah  URL,0,0,2,0,0,0
som_train_track2_1875,Caaalamka dadka wax qora markeeey ka hadlayaaan burbur xasarad kala danbeeeyn laaaan jahli iyo musuq waxaaa ugu horeeeysa Sooomaaaliya Waxaaan noqonay qooom dunidu tusaaale u sooo qaaadato markeeey dooonayaaan ineeey dadkoooda uga digaaan dhibaaatoooyinka  Somalia USER URL,0,0,2,0,0,0
som_train_track2_1876,Allle ha usooodhaweeeyo mama daaa ciiilin waaa maaalin jumca ah ax ax ax,0,0,2,0,0,0
som_train_track2_1877,Ku sooo dhawow fursad shaqo abuuur ooo   dad koooban la qadany ka faaaiiidaysa fursad shaqi hadio aaad diyaaar tahay nagal sooo xidhidh linkagan htttps:///chat.whatsappp.com/ESZR333qDnbZDpKhRuPT0H1,0,0,0,0,0,0
som_train_track2_1878,Teamkaaan xukunka haaayo wax cunow leee miyaaa xukun koooda,0,1,0,0,0,0
som_train_track2_1879,hiiirigelinay waxaaanan kala hadalnay muhiiimaddda ay leeedahay midnimada rajada iyo hogggaaaminta  Waxaaan aaad iyo aaad uga mahadcelineynaaa sida wanaaagsaneee walalken Abdulahi Kanu uuu ogashaqeye goronka ciiiyarta kadhacaysay iyo maaamulaha barnaaamijka Siraj Axmed,0,0,0,1,0,0
som_train_track2_1880,Mudane wasiiir USER Shaqo wanagsan qabteeen mashruuuca loyacade Ilaaa wajaaale Waaa mashruuuc wadamada jaaarka ah wax ma badali dooona Isku socodka iyo kaaabayaaasha dhaqaaalaha Djabouti SOMALILAND Ethiopia Xukummmad kaste Iyo dawlad kaste cid kastooo waaan Sooo dhaweynayaaa anigu URL,0,0,0,2,0,0
som_train_track2_1881,Masha Alllah film kaaan qisaaas jacayl aaadaaan ula dhacay rintiii,0,0,0,2,0,0
som_train_track2_1882,Wlll marka hore waaad mahadsan thy ka bacdi wlll horey inooogu sooo wada duuub video yada hadhay mahadsanid ramadaaan kariiim ayaaan ku leeeyhy hno mcn,0,0,0,0,0,0
som_train_track2_1883,wow sxb muuuqaaalada ayadooon la dawanin xukunka wuuu ku dhaca thnks nooo sooo badi sxb isbuuuci labo mar kadhiv,0,0,0,0,0,0
som_train_track2_1884,D﻿haqaatiirta oo ka walaacsan xaaladda caafimad ee boqorad Elizabeth,0,0,0,0,2,0
som_train_track2_1885,Allle ha usooo dhaweeeyo ax ax way xanuuun badantahay,0,0,2,0,0,0
som_train_track2_1886,Alllow yanan kudayanin nagahas   nolosha kadhacay wixiii kudayda nah waaa wax ayado kale ah,0,2,0,0,0,0
som_train_track2_1887,Suaaasha la rabo in la is weydiiiyo waaa dhismayaaasha bulsho eee la sheeeganaaa qabiiilka sow maaaheyn kuwiii shalay ku burburiyay dowladi 21 sano jirtay 26 berimaaanta maxay 15 sano Shabaaab u wajihi la yihiiin Kiii isku dayana uuu u takooormaaa URL,2,0,0,0,0,0
som_train_track2_1888,Fahad yaaasiiin intiii aaan xamar jooogay gurigayga way haweeesan waaayeeen inay galaaanIsagu intiii uuu xamar jooogay muxuuu udhihi waaayay nimankan ayaaa gabadha dilay or argagaxiso ahaaaba waaa isaga marka uuu tagay turkiga Afka furtaye  URL,2,0,0,0,0,0
som_train_track2_1889,Kaliya afar sano ka hor arrrimuhu aaad bay u xumaaadeeen waxaaan ku aragnay gadoood ka dhacay Kooobka Addduuunka eee FIFA abuuurista shaqo qofna ma raboWaxaaa looo dhiiibay 40 jir aaan khibrad eber ah lahaynDiego Maradona ayaaa ka naxay  Sida qaldan ayaaa looo cadddeeeyey URL,0,0,0,0,0,0
som_train_track2_1890,Waaa dacifsana dolar iyo wadan burbursaney jecladen koryeri iyo shilinkoda mashaqeyo   anigo ah alkuliste la aqonsanyahay   bilis naaaga ladhahaaa carab mahid afrikan maaahid   midibkeyga ledahay sankagana carabtuuu   ushanbaha   wujabanyahay mabalarno kamas carab maleh   nin mel,0,0,0,0,0,0
som_train_track2_1891,Cakuye marka aaad dulmiga arkayso hadddana aaadan waxba ka qaban karin Odayaaashu waaa awooowayaaal balse xitaaa hadddaaanan afka ka habaaar dulmiga Allle waaa arkaaa  URL,0,0,2,0,0,0
som_train_track2_1892,Qofka gabar qurux badan yiraaahda Waaan ku jeclahay waaa beeentiiis sababta ooo ah maskaxdiiisa kalama saaari karto in jacaylkiiisu indhaha yahay iyo inuuu qalbiga yahay Laaakiiin jacaylka dhabta ah waaa midka yimaaada marka lamaaanaha mid ka mid ah uuu xanuuunsado ama miyir beeelo URL,0,0,0,0,0,0
som_train_track2_1893,"Fu,aaad cumar.cabdi raxmaaan waligiiiba same Fale.naxariiis.badan ayuuu ahaaa ilaaa yarantiiisi Dadka.dadka jilicsan u murugoooda ayuuu ahaaa",0,0,0,1,0,0
som_train_track2_1894,Maleeeshiyada Alshabaaab ayaaa loooga adkaaaday dagaaal ka dhacay aaaga Dhuuumooodle ooo hooostaga degmada Baxdo Dadka deeegaaanka ooo dagaaal culus la galay ururka Alshabaaab ayaaa galabtay la wareeegay gooobihiii lagu dagaaalamay waxaaana la sheeegay in maleeeshiyaaadka Alshabaaab ay firxadeeen deeegankaaa,0,0,0,0,0,0
som_train_track2_1895,Tanaaad sooo dhawooow,0,0,0,0,0,0
som_train_track2_1896,Faaah Faaahin Kasooo Baxaya Qaraxa sababay dhimasho iyo dhawackhasaaare kala duwan ooo isugu jira dhimasho iyo dhaaawac ayaaa jira iyadooona hatan xaladddu ay tahay mid kacsanwararka aya shegaya in khasaaaraha ugu badan uuu sooo garay dad rayid ah ooo ka agdhowa meeesha uuu qaraxa ka dhacay URL,0,0,0,0,2,0
som_train_track2_1897,Cmc welcome madaxwayne so dhawaw,0,0,0,2,0,0
som_train_track2_1898,Jooog jooog waxaaas waaa maxay ku Sooo dhaweee 😂😂😂,0,0,0,0,0,0
som_train_track2_1899,Yuhuda ha dhacdo like it,0,1,0,0,0,0
som_train_track2_1900,Xanuuun badana ilahayow usooo dhaweee,0,0,2,0,0,0
som_train_track2_1901,"Waaa ceeeb waxani, cashuuurtaaan ognahay cid laga qaaado hoooyada bacadka fadhida iyo ninka nolol maaalmeeedkiiisa dhacsanaya lagu dhibay. In qof laydh qabow hayso aaadyar looo miiisaaa waaa musiiibo Miyey YouTube u furaaan haday wax la jecelyiiin haka xooogsadeee views---na si",2,1,0,0,0,0
som_train_track2_1902,Asc siyasiga somali ah nin wax xeriya ma oho dantiiisa aya wax kasto ukahormariya waaa gafane gafanaha sida uuu dhiiiga udhuuuqayo ayuuu marka danbe qarxa marka allle umadan hakasogaro mahadsanidiiin,0,2,0,0,0,0
som_train_track2_1903,Saaaxiiibadeydiii hore ayaaa igu tiri Waxaaan aaad uga cabsani jiray oraaahda ah Ilaaahay meeel walba wuuu jooogaaa wuuuna ku arkaaa waxaaan raaadiyay xaqa kadibna waaan ka baxay diiinta waxaaan ku nooolahay raaaxo iyo cabsi laaaan  markaaasay gacmahayga ku gamaday ayado sheeekadi i dhameystirin  URL,0,0,0,0,0,0
som_train_track2_1904,"Dowlada dariiiskina ah (Kenya) waxay ku dhawaaaqday in visa dadyowga kale freee looogi dhigi dooona wadanka sooo galaaayo , adinkana dadka shacabka gudaha iska goooshayey ayaaad canshur dheeeri si sareysan waleee waxaaa sooo wadaaan iyo wagi yaaa wayn!",2,0,0,0,0,0
som_train_track2_1905,Subxanalllah waaa dhacdo aaad u xanun badan ilmaha yar eeen Waxba gaysan lagu sameyay 🥲🥲🥲,0,0,2,0,0,0
som_train_track2_1906,Wax ka ogow shan waxyaabood oo sababa dhalmo la'aanta ragga,0,0,0,0,0,0
som_train_track2_1907,ShAbuuu Muscab ooo war kasooo saaaray dagaaalkiii cuslaaa eee ka dhacay deeegaaanka Hilowle Gaaab Shdhexe SomaliaURL URL,0,0,0,0,2,0
som_train_track2_1908,Farmaaajo ayaaa bilaaabay inuuu adeeegsado qorshe lagu magacaaabo beeen xalaaaleyn lacag Money Laundering kasooo daaah loooga dhigayo malaaayiiinka uuu dhacayay intuuu xilka hayay  URL,0,1,0,0,0,0
som_train_track2_1909,Zaaadaaam Rasta bro SUBSCRIBE igu cawi mahadsanid,0,0,0,0,0,0
som_train_track2_1910,USER Mahadsanid Shooodhadayda qaliya in aaad intaaas garabkayga sooo ahayd waaa iii farxad mahadsanid walaaal qaaaliya,0,0,0,2,0,0
som_train_track2_1911,war sxb halkeeed kabaxday dhawanahan waxba lagamahayeee. manabad qabta?!!!,0,0,0,0,1,0
som_train_track2_1912,DEGDEG Mudaharaaad xooogggan ayaaa haddda ka bilowday magaaalada Garowe guriga madaxweyne ku xigeeenka Puntland Axmed_karaaash hortiiisa ayuuuna ka dhacayaaa  URL,0,0,0,0,0,0
som_train_track2_1913,"Maracaddde waaad mahadsan tahay walaaalkiiis warbixinta aaad na siiisssay ooo aaad Muhiiim u ah Laaakiiin Ninka aaad ka sheeekaynayso waxaaa tiri SAR DABAQ AH buuu ka sooo dhacay ,laaakiiin ma aaadan sheeegin inuuu dhintay iyo in kale , kow , ta kale Maaadaaama uuu ahaaa wiiilkii",0,0,0,1,0,0
som_train_track2_1914,USER Walaaal Fikirka wasaaaradaha iyo Xarumaha umada leeeyihin eee 30ka sano burbursana dib looogu dhisaaayo lana magac baxay Isxilqaaan ma ahaaa barnaaamij kudayasho mudan Haaa mise MayaHadeee Haaa tahay Xasssan muxuuu ujooojiyay simple,0,0,0,0,0,0
som_train_track2_1915,wlllhi   ooo bilaaahi   waaan oooyay waqtiga aaan hada soqoraaayo   wlllhi   waaan ooonoyaaa   wlll   badi   plz   siiibo kan hoooyo   no badi   Hoooyo   wlllhi   waaan ku jeclhy   🥺🥺🥺,0,0,2,0,0,0
som_train_track2_1916,"Kadib dagaaal, dhimasho, dhaaawac iyo qax, xukuuumaddda federaaalka Sooomaaaliya eee wakhtigeeediii dhammmaaaday ayaaa lagu khasbay inay ka laaabto mudddo kordhin si wayn loooga sooo horjeeestay, taaasi ooo taaariiikh xun ku reeebtay maaamulka madaxwayne Farmaaajo.",2,2,0,0,0,0
som_train_track2_1917,khaniiisku waaa ilmo xaaaraaan wlhi dirislooow,0,2,0,0,0,0
som_train_track2_1918,Wlhi wan ladhacay masugi karo qeybta 5 Naga so dadaji director's,0,0,0,2,0,0
som_train_track2_1919,"Nin Mareykan ah oo dacweeyay Faalalowgii ka ""saari waayay sixirka saaxiibtiisii hore""",0,0,0,0,0,2
som_train_track2_1920,Aduuunku micno badan maleh ooo Shalay kiii madhnaaa maaanta wuuu buuuxa kiii Shalay buuuxanayna Maaanta wuuu madhan yhy lkn Meeesha Dadaaal inoooga baaahan iyo inaynu u shaqaysano Waaa Aakhiro Ee walaaal adunka waxba haysku mashquuulinina inta Allle kaaaga qoray waaad helaysaaaye,0,0,0,0,0,0
som_train_track2_1921,roooble diiiriye jr keeeyow maxu kawada xaranyahow makufaraxsan tahay in gawar somaliyeeed intu nin meeel sodigo kashekeyo,2,0,0,0,0,0
som_train_track2_1922,Hada la jooogo sirdooono badan ooo shisheeeye ayaaa wasiiiro iyo xildhibaaano ah ama jagoooyin sare kahaya somaliya wlh waaa burburnay,0,0,1,0,0,0
som_train_track2_1923,Taliyaha militeriga Suuudaaan Janaraaal Cabdel Fataaax Al Burhaaan ayaaa sheeegay in ciiidanka ay wadddada u xaaari dooonaaan sidiii looogu dhawaaaqi lahaaa dowlad rayid ah  URL,0,0,0,0,0,0
som_train_track2_1924,Cajiiib walhy qisadani way i cabsi galisay gabarta france ka ah waaa mucjiso,0,0,0,0,0,2
som_train_track2_1925,USER malha dhig lo aaad ayaaa lagu durey dadka muqdishu degan nolosha isku duuuga intaaad ku nooolaaa daheeen foooxmo giryahooodi aaa laburburinaaaya dadkooodaaa ladilaaa wey daaawa nayaaan sida coooshi iyo enta dooor jooogtiii xooolaha,1,0,3,0,0,1
som_train_track2_1926,Dumarkeeena ayaaa kaqurux badan,0,0,0,0,0,0
som_train_track2_1927,walahay waaan oooyay sabab tooo ah waxan ahay   qof kusi fay san in taaa ad sheg tayba qayeeeb ka mida walahay macalin kiii nola shaaatay,0,0,0,1,0,0
som_train_track2_1928,USER Hadddusan Farmaja tuuug ahayn 96 milllion e dowladisu lunsatay e hanti dhawraha qaranku shegay ya lunsaday Adiga miya lunsaday umadddu 2016 ma jooogto e 2023 ayay jogta Dadka wax ma garatada beeenta ka daaaya,2,0,0,0,0,0
som_train_track2_1929,USER Dadka Low incomeka ah eee dhaqaaalaha yar sooo galo waxaaa wanaaagsan in Freee looogu dhigo waxbarashaddda ooo dhan burburka ka dib dhibaaato aaad u wayn baaa haysata Qoysaska Danyarta ah aaad ayaaa looo taway Waxbarashadiii looo waddda sinaaan eee Freeega ahayd Public sector FreeeEdution,0,0,0,0,0,0
som_train_track2_1930,BNSomalia Ciyaaartoydiii reeer France eee kala ah Aurelien Tchouameni Kingsley Coman iyo Randal Kolo Muani ooo aflagaaado cunsuriyad ah looogu geystay baraha bulshada URL Somalia,0,0,0,0,0,0
som_train_track2_1931,Hal sual uuun baaad Ku sooo cel cesay ooo weli. Si cadho Ka muuuqato eee waxay ahayd inaaad si degan uwareysto ooo wixiii qoldiii hore kugu warmer iyo wuxuuu odayvubkugu warmo is bar bar dhigtid Ka bacdina wixi Kala duwanasho ah suali Ka weydisi Kolay waxaaa Ku qaaaday waaa,2,0,0,0,0,0
som_train_track2_1932,Cadawgaaaka haaa u jabin my brother,0,0,0,0,0,0
som_train_track2_1933,Shaqa wacan brother,0,0,0,0,0,0
som_train_track2_1934,Yaaan laga beeen badanida tooos ah😂😭 Nin baaa xaaaskiiisa ku yiri: “Addduuunka intiii aaan ku nooolaaa weligay gabar kaaa qurux badan ma aaanan arag”. Waxay ku tiri: “Aad baaan u jeclaaan lahaaa in aaad adiguna qurux badan tahay ooo aaan intaaas ooo kale ku dhihi karo”. Nin,0,0,0,2,0,0
som_train_track2_1935,Wu oooyayaaaye😹😹😹,0,0,0,0,0,0
som_train_track2_1936,MeeelCrime Sc neuuu ka dhacay dhibhomicide ooo Marka hore cid walba dhex mushaaaxwyso ooo misana isla wakhtigiii xigey la leeeyahay Ha la nadiiifiyoMA FAHMIN,0,0,0,0,0,0
som_train_track2_1937,Ha iLaaawiN wiXiH laGuH abuuuraY❤🤙😟😶,0,0,0,0,0,0
som_train_track2_1938,Madmadaw waaa jiraaa lkn dawladu intiii taaagteeeda ahayd way wadaaa muran kuma jiro inay jiraaan dad maqaaam siyaaasadeeed iyo hunguri ka raaadinaya dagaaalka Alshabaaab balse waxa muhiiima inay isku duuubnaaadaaan shacabka somaliyeeed ooo aaanay is dhiiibin  URL,0,0,0,0,0,0
som_train_track2_1939,nagtu miyeysan ilmo lehen xagey canaha jirkeeeda ugu dhex lumine hhh canuga cano la.an ha dhigin 😂😂😂,0,0,0,2,0,0
som_train_track2_1940,Par 5 wiiil noooga zooodhig naaagaha fashiwaye wax eazy ah ayey lacgtiii kuburburiyen😂😂😂,0,0,0,1,0,0
som_train_track2_1941,Dulmiga iyo gunnnimada waaa waxa ay tahay waaajib tahay in laga dagaaalllamo  Dadku hadddiii ay mudddo u adkaysanayeeen dulmiga uuu ku hayo maaamulka Isaaaq haddda waxa ay u diyaaarsan yihiiin in ay wixiii dulmi lagu hayay iska ridaaan  Gubanimada iyo xorrriyadddana dhiiigoooda u huraaan  URL,0,0,0,0,0,0
som_train_track2_1942,waaaxaaan la dhacay saaa u waaanisa masha alllah wlllo anigana wlow aaan talllo kale kaaa raby?,0,0,0,1,0,0
som_train_track2_1943,war berbera ayad tariiikh ka dhigeysaaa ingriiiski ayah dhisey marku saylac burburshey hadad tariiikh ubahanthy saylac xeeeb ka tariiikh dheeer somaliya kumah nooolah,2,0,0,0,0,0
som_train_track2_1944,Pran kiga telephone aaad yabooohinysay part 2 kasooo sameee,0,0,0,0,0,0
som_train_track2_1945,hada tahay qof dadkiiisa wax lajecel subscribe igu qabo 😅😅😅 hada cunsuri tahayna imoood😅😅😅,0,0,0,0,0,0
som_train_track2_1946,USER Afar xabk English oood beeel kasooo bowsatay hasooo xarxariiiqin adigooo okay Somali ah ooo beeenaaale ah difaaacayo,0,1,0,0,0,0
som_train_track2_1947,Somalia kuma jirteee !!! Walal wanba iska dareeemay   inanu so galayn kalina vedio ku saaabsan kuwa ugu badka yar inoso gali wa intasay somalia so gasha afaaafka ugu horrreya   Macluuumadyo an horay uga war hayn bad noso gudbisa   ku mahadsanid Halkas kaga siii hay,0,0,0,0,0,0
som_train_track2_1948,Muse sababtuuu xeeerkan uuu ufasaxay waxa weeeye plan B giiisa ayuuu diyaaariyay ooo ah in komishanku murmaaan isna yidhaaa aniga way iga madax banaaan yihiiin hadiii xubnaha komishanka hawshoooda dhamaysan waaayaaan ooo shanta kale is casilaaan muran kale udiyaaar garoooba,0,0,0,0,2,0
som_train_track2_1949,Aamin alaha nooo xafidoh wilashena lkn abayo adiHindi maaa thy 😂🤣😂🤣oooyin dhawidaaa😂😋😂,0,0,0,2,0,0
som_train_track2_1950,Shukran walll lkn duuuliyahana waaa La dilayaaa baaan filayaaa Marka looo eeego diiinteeena Waaa naxdin wlhi qawani iyo khamri baaa looo adeeegsadaaa daaaxi sorrry,0,0,2,0,0,0
som_train_track2_1951,Jeeekada iska jar sxp waaa halis,0,0,0,0,2,0
som_train_track2_1952,"Sheeekadi waaa mid aaan caaadi ahayn, runtiiina marnaba lagama xiiisa dhigayo. Kumahadsanid mudane maracaddde",0,0,0,1,0,0
som_train_track2_1953,Dirisle wxd ku fcn thy inaaad ka shaqayso xumaaan reeebista allle haku dhawro huno.   Suaaalna an ku waydiiiye ma reeer jabuti ayad thy,0,0,0,0,0,0
som_train_track2_1954,USER Qabiiilka la isma waydiiiyo ad leeedahay dadka hantidooodiii l ga dhacay baaa looogu daraaa dil ha oranin qabiiil la isma waydiiiyo gobolllada kale dilkaaa kama jiro wa lagu wada nooolyahay marka sheeekada sidaaad u dhigtay ma aha ,0,0,0,0,0,0
som_train_track2_1955,Jar baaan ka lushaaa khatara ayaaa kooo shidey😂,0,0,0,2,0,0
som_train_track2_1956,Habeenkii yaabka lahaa ee Osama Bin Laden cashada soo doontay isaga oo aan la filayn,0,0,0,0,0,3
som_train_track2_1957,Dadkooo dhan shalay ilaaa maaanta waxay hambalyo u dirayeeen ardayda dhamaystay dugsiyada sare laaakiiin hal qof kama murugooon kuwa dhacayMaxaaa dhacy waaaba yaaabeee URL,0,0,0,0,0,2
som_train_track2_1958,Waaa arin welwelkeeeda leh in muuuse Biiixi uuu burburiyo wadahaladiii mucaaarad iyo muxaaafidka Somaliland waxa ay ahayd mesha keli ah eee Dimuqraaadiyada iyo Dowlad wanag somalida kale kaga dayan jirtay lkn hada muuuse ayaaa bananka dhigay waxas ooo dhan USER,0,1,0,0,0,0
som_train_track2_1959,USER Inad gabar walasha ooo kale ah ooo somaliyed ad caysa waaa kugu daficnimo meshay donta ay kadageysaaa somalia hargisa iskadaye mogdisha ayyyna kunolanysa cunsuri somali isku ekeysanayo ay thy qalbiga laga gumeystay closhad kabuktaaa Alllah kucafyo,1,2,0,0,0,0
som_train_track2_1960,Xildhibaaannnada ayaaa isku raaaciyay in la dhaaariyo Madaxweynihiii hore Maxamed Clllaaahi Farmaaajo kadddib markiii cod la geliyay moooshinkiii uuu sooo gudbiyay Craxmaaan Cshakuuur ooo ahaaa in aaan la dhaaarin maaadaaama uuu xadgudub looo geystay intiii uuu xukunka haaayay  URL,0,0,0,0,0,0
som_train_track2_1961,"Ciiidaaankaaan geeela waxaaa usooo iiibiyay nimankiii dagaaalka geliyay eee xukun dooonka ahaaa, eee ma jirto beeel geeel iyo raaashin u geysay niman falllaaago ah ooo ummmadddiii barakiciyay!",0,2,0,0,0,0
som_train_track2_1962,Koooxda Manchester City iyo Borusssia Dortmund ayaaa kasooo baxay Group G kadddib markiii ay barbarrro gooolal laaaan ah ku kala baxeeen kulan ka dhacay Jarmalka ooo Man City ay isbedddelllo badan samaysay  URL,0,0,0,0,0,0
som_train_track2_1963,Muuu sooomanaaa horta markuuu falku dhacayay kkk,0,0,0,0,0,0
som_train_track2_1964,@@@hooodohasssanaxmed2525 Farmaaajo waaa kan kuuutaliya adiga iyo hoooyada iyo muuuse handaraaab asaaa iniii taliyo walhi 😂😂😂haduuuna iniii talin amarkiiisa diyarduhu kuyimadaaan markaaa duuulaysaaan barbir somlia ah qadataaan eee adeeer ilmo yarbaaa taheee kaseeexo magalka gabar,2,0,0,0,0,0
som_train_track2_1965,Waxaaan Haddda Wali Dhex Fadhiyaaa Qasriga Madaxtoyada Jabuti Oo Maherka Ka dhacayo URL,0,0,0,0,0,0
som_train_track2_1966,"waaa la ogyahay ciday ahayeeen kuwa itobiya ubasayey moooryanta iyo dabadhilif yada dalkanaga burburiyey, alow unaxariiisto xafid alsad iyo duyad",0,2,0,0,0,0
som_train_track2_1967,USER Horta aaadbaaan idiiin salaaamayaaa labadiiinaba  Sawdiiina intaaa aaad sheeegtayba waaa run  Ciyaaartiii Liv eee carabao cupka marka laga yimaaado KDB wax ku dhacay ma garanayo  Cancelona inuuu xanuuun hayo ayaaad mooodaaa markaaad eeegto wajigiiisa iyo body languagekiiisa,0,0,1,0,0,0
som_train_track2_1968,😭😭😭hoyo mcn Uma qalalantid ooohin wlhi eee Alllah ilmahaaaga hakuuu sooo sahlo🤲,0,0,2,0,0,0
som_train_track2_1969,ooo nin yahaw ilay reeer yurub dad iyo dhul tona meeesha kuma hayaaan waxaaan islaha kalma hore Ayay sooo gelayaaan eee mahadsanid macalin,0,0,0,0,0,0
som_train_track2_1970,Wlhi waxyaaabo aaan so maray ayuuu flimkani ka hadlayaaa Inanta aaan Wada socono imisaaa jeeer ayan qalbiga ka jabiyay shakhi awgiii   Waxbadan wan isla sooo jabnay   Lkn ugu dambayn guuushiii ayan ku dhawnay shakigiiina wan ka bogsaday dhawaaana wan guuursan rabaaa iyadiii alx Q,0,0,0,2,0,0
som_train_track2_1971,USER Iyadooo aaan dhacdada la baaarin inaaad kiii dulmanaaa siii dulmisid waaa talllaaabo xaq duuudis ah zxb Ee inta investigation la samaynayo inaaad sugmay ahayd,0,1,0,0,0,0
som_train_track2_1972,Ayanle Gurta   hhh yurub bd jogta hhh qarac niyadad karabta yurub noca yurubta afka kuhaya ayanba garanaya umada kale maxa kasooodhax saray ooo hadalsisay mel bn kusaray hhh maxa sa ku diiiday isdhiiib awalba Ada hadalka bilabay ooo nasooodontay adigo lagulahadal tas ha ilawin ha,0,1,0,0,0,0
som_train_track2_1973,War farxad leh Xalay 26 Jan 2023 wuxuuu ahaaa habeeenweyn ooo farxad leh in hawada Sooomaaaliya looo aqooonsaday heeerka Classs A ooo ah darajada ugu sareeeysa eee bad qabka iyo maaamulka ammmniga hawada Sooomaaaliya,0,0,0,2,0,0
som_train_track2_1974,Subxaaannnaaalllaaah walllaaahay waaa murugo aaad uwayn muxuuu saqiiirka yar dhib ugaystay masiiibo kugu dhacday 😭😭😭,0,0,2,0,0,0
som_train_track2_1975,Ii LIKE gareee hadddaaad neceb tahay wixiii ALLLE SWT cadho galinaaaya,0,0,0,0,0,0
som_train_track2_1976,Xalay maba dhagaysan hada ayan dhagestay wlhi waxa ay ehed shakadi ugu xisaha badned eee aaan ebid dhagesto aaad ayay iii cajabisay waxa an ladhacay qaaabka aya falastiniyiiinta sirta uga sooo sareeen Aamina almufti iyo qorshaha ay u dagen in ay ku helan halyeyadodiii eee labada ,0,0,0,2,0,0
som_train_track2_1977,USER M a alllah waaa guuul lagaaadhay midaaasi wan wax lagu faaano,0,0,0,2,0,0
som_train_track2_1978,dirisle taaagero wynban Ku ahy qofkan Wayne madhan adu ka ronow,0,1,0,0,0,0
som_train_track2_1979,Marka adigooo shiiid xayraaan ah ooon shilin lacaga haysan aaad rabtid in aaad gabadh qalbigeeeda hannnato Inkastooo dumarka ay u muuuqdaaan in badankoood aaanan laga ag waaayin raga taaajiriiinta ah hadddana raga shiiidka ah ayaaa sidooo kale dhankoooda heysta awoood ay kusooo jiiitaaan dumarka  URL,0,0,0,0,0,0
som_train_track2_1980,Fiiidyagan ma daaawan kaliya Waxaaan usooo galay inaaan kuuu sooo jawaaabo mahadsanid maracade show goood ku leeeyahay marwalba thanks na ku darso maaanta maaad mudane,0,0,0,1,0,0
som_train_track2_1981,USER Waxaaa yaaableh marka Hargeysa Booosaaaso amp Baydhabo wax ka dhaceyn dowladdda FGS war ayay kasooo saaartay laaakin Laaascaaanoood waaa ka aaamustay  Siyaaasadiii Farmajo eee ka aaamusnaaanta arimaha sssc ayaaa wali socota sida muuuqata  Siyaaasiiinta kasooo jeeeda sssc eee FGS ayaaa laga rabaaa la xisabtan,0,0,0,0,0,2
som_train_track2_1982,BIYAHA ROOOBKA Waxaaa sannnadkasta dhaca abaaaro halaaajiya xooolaha iyo reeer miyyyiga sidooo kale waxaaa daa rooobab waaawayn ooo laga faaaiiideysan karoWaxaaa aaad ufiiicnaaan lahaaa in rooobka biyahiiisa lakaydiyo sida abaaarha sannnadka kuxigo loooga badbaaado somaliyey waaa xal ogaaada,0,0,0,0,0,0
som_train_track2_1983,"Inaaanu ahayn waaan ogahay lkn in xataaa prank laga dhigo ayaaa qalad ah! Qofka muslimka ah maaaha waxyaaabaha nooocaaas ooo kale ah inuuu xataaa ku kaftamo, view like iyo commment ayaaa dad   badan lugoooyay",2,0,0,0,0,0
som_train_track2_1984,Waaa la filaaayey hasssan inuuu fashilmayo,0,1,0,0,0,0
som_train_track2_1985,USER Warkaaasa i gala Dheeegaha ugu rida in aaanay dhacayn gobolada soool eee jamhuriyaddda Somaliland in ay cid gaaarihiii sheeegato  Calaaan Blue ah ooo Soool laga taaago lagu rali galin mayo villla somalia iyo Garooowe  JSL DHULKEEEDA REEER GAAARIHIII KUMA GORGORTAMI KARO,2,0,0,0,0,0
som_train_track2_1986,Isniiin October 31 20222 HOL  Raiiisul Wasaaaraha xukuuumada Sooomaaaliya Xamse Cabdi Barrre ayaaa ku dhawaaaqay inay dowladddu lacag dhan hal milllion ooo dolllar ugu deeeqday sanduuuqa gurmadka wax looogu qabanayo dadkiii ku waxyeeelooobay qaraxyadiii Sooobbbe  URL,0,0,0,0,0,0
som_train_track2_1987,Wuxu 4 sano kusooo tacab beeelay ayaaa manta si fudud looo burburiyay ooo inta lakala qaybiyay beeelahooodi lagu kala daray hada waxay leeeyihiiin muxu ugusooo hambalyayn waaayay mesha qabiiil aya dagalamaya maaaha ciiidan qaran iyaga wa kuwo an xishooon damiiirna lahayn USER tacab khasar URL,0,2,0,0,0,0
som_train_track2_1988,Yaaa wlh daaacad aaa tahay niiiko   kadib ay nasasho timadaaa waaa ku qasbanyahay   view siduuu u hallleeeyo,0,0,0,0,0,0
som_train_track2_1989,Waxa uuu Ahaaa Faqiiir lkn jacayl ayaaa Hayay 50 Dooolar Kaliya ayuuu igu Mehersaday Ninkeyga Balse waxa ka heley Jaceyl  Kalsoooni amp Farxad Jooogta ahNajma Nashaaad  URL,0,0,0,3,0,0
som_train_track2_1990,"""Ninka 5 Lira i weydiiinayey maaa hadiyad iii siiinoyo"" 😂 shaaafto miiiran inad tahay aaa u sawirantay gabadha 🏃",0,1,0,0,0,0
som_train_track2_1991,Qaraxyo lagu dhamaaaday ayaaa gobalka Hiiiraaan ka socdo  Dhaaawac iyo dhimasho badan ayaaa jiro  Waxaaan dowlada iyo Umada Islam laga codsanayaaa in ay gacan la gaaaraaanSomalia URL,0,0,0,0,2,0
som_train_track2_1992,USER Qorshe Aya laga leeeyahay eee maaaha Dan Aya laga leeeyahay sidi sooomalida looo kala go gayn Laha ooo dawlado yar yar loooga kala dhigi laha arintaaana waxa wada reeer galbeeed ooo kuwa Aaaad so dhawaynayso Ay ka mid yihin mudane,0,0,0,0,0,0
som_train_track2_1993,Dhacdadaaani waaa dhacdo waaayo araknimo leh balse waaa dhibteeeniii   Islaaamka la'gumaaadayo waaatan inaga inaheeesata sida diasbarada sooomalida ooo aaan u'arko basaaasiiin ajanabi ah waaa qaaar kamida,0,1,0,0,0,0
som_train_track2_1994,USER Mararka Qaaar Si aaad lacag u hesho waaa inaaa oydaaa masuuul hhhMarka ayada unbaaa ooohin malaha wax ku raaadin jirtay hoooyoooyinkana saaasay u haysataaa,0,0,0,0,0,0
som_train_track2_1995,Barnaaamijkan qosol ku gal ooohin kubax weeeye🤣🤣🤣,0,0,0,0,0,1
som_train_track2_1996,Allla haka badbaaadiyo shacabkan waxba galabsan wa bil barakaysane hadhawbay so qori dooonan wa isaaaq war isaaaq ma aha qof dhiiig islam xalaaashaday,0,0,0,0,0,0
som_train_track2_1997,Haday ayey   Shabaqiii   Kuuu sooo dhacay   907,0,0,0,0,0,0
som_train_track2_1998,Kkkk bur gabo ilmo aya dhashay mid wa la wayay miyad la timid tug tug dhalay o qabilku ku wayn yahay ayad tahay,2,3,0,0,0,0
som_train_track2_1999,Raiiisul Wasaaaraha Hamza Abdi Barrre iyo wafdigiii uuu hogggaaaminayay ayaaa saaaka si diiirrran looogu sooo dhaweeeyay magaaalada Dhagaxbuuur URL,0,0,0,2,0,0
som_train_track2_2000,Deee waaa runtod hawada buuuqi manta ka dhacay wuxuuu aha tan dawlada somaliland waaa inay somaliland diyaradaha hawadoda maraya ay bad qabkoda ka war hayan waaa runtoood dawlada fedaralku wayo wakuwa nooo cadeyay wixiii aaanu maqlaynay eee labada diyaradod ia dhafsanYen dhahay m,0,0,0,0,0,0
som_train_track2_2001,Caydiiid lakin Wey u suuurto gali weysay  Wuxuuuna noqday Hooolgal fashilmayJanaral Maxamed Faaarax Caydiiid wuxuuu horay u sheeegay inuuu iska diiiday inuuu Madaxweyne noqdo  U jeeedadiiisa kaliya ahayd inuuu dalka ka xoreeeyo xukunka Kaligiii taliyenimada,0,0,0,0,0,0
som_train_track2_2002,Waxaaan maaanta kala qeyb galay Hogaaanka Suxufiyiiinta eee Ururka USER Barnaaamij kusaaabsan wada hadal Qaran ooo diiirada lagu saaarayo sharcidejin ka dhan ah xadgudubyada ku saleysan Jinsiga waxaaana ka faaaideysanaya Suxufiyiiinta ka howlgala Magaaalada Muqdisho Somalia URL,0,0,0,0,0,0
som_train_track2_2003,Afar qof oo ku dhintay weerarkii xarunta Kongareeska Mareykanka,0,0,0,0,2,0
som_train_track2_2004,Somalidu hore waxay u ahayd WSLF waxay ku burburtay mudddo koooban ka dib markiii u jeeedadeeediii ay madaxbanaaani u waydayTaaariiikhdeeediiina waxa lumisay SomaliyaONLF halgan bay gashay waxana ay mudan tahay in looo tixgaliyo taaariiikhda DDDS lagu daroHaddda waaa in dhan looo wada socdaaa URL,0,0,0,0,0,0
som_train_track2_2005,Xaley sheeekada xaaa ku dhacay 😂,0,0,0,0,0,0
som_train_track2_2006,Palestinianka wxy ahayen kuwo god madow kasobaxya.Iyaduna wxy ahyd mid hda iyo kow godka yuhuda glaysa.Wa yaaab walahi hday Alllah so xasusanysaaa,0,0,0,0,0,2
som_train_track2_2007,USER Indeeed very interesting  Nin Addduuunyo lagu magaaacbo ooo kismayo jooogi jirey ooo maskaxda waaaxooogaaa loooga jirey balse xigmad badnaaa ayaaa waxa uuu ka yaaabo oran jirey Hig sooo go micno ayaaa ku jira ,0,0,0,0,0,0
som_train_track2_2008,USER Lkn Hadddiii ay mid un ay kuuugu kaaalmayso ka waranTan kale guuurku labada qof ba waaa u xasil waaa u hantihadddi ilmo la siiiyoQofka waaa laga ammmaaan helaaa ooo waaa laga raystaaa hadddiii uuu qofkaaas macalaaa lakad ahaaa I think its the best medicine marka laga soooreeebo cibaaadadq,0,0,0,0,0,0
som_train_track2_2009,USER Odaygan iyo inta ku hareeersan Dawladnimo waxay u haystaaan igu sawir cadaaanka iyo istaraaajadoooda boooli cunooow dhulka Dawlada iyo shicibka aaan hubeeeysnen ooo la booobo Dalka iyo ciiidanka ooo la gado iyo inkalooo badan HandsOfffSomalia,1,1,0,0,0,0
som_train_track2_2010,Poatigan mid caaaq ku ahaaa sodohdiii ooo ila fadhiyay wlhi markuuu arkay way anfacday eeen ana Tusay mahadsanid wlllky Abdirizak Atosh,0,2,0,0,0,0
som_train_track2_2011,Fircooonka Somalia muuuse juuudaaan joooji ilmada yaxaaaska munaaafaqyahaw dad aaad ayagooo waaaran ujartay ooo caydhisay maydkooodu munaaafaqad kaaagama baaahneee,2,0,0,0,0,0
som_train_track2_2012,Dadka hadalada negativka sooo Qoraya idinka hadiii laydin odhan Laha ku duuula *ethiopia* 1 *minute* ayaaa la idinku jabin lahaaa . U mahad celiya daaadihiyaha   *Barnaaamijka*,2,0,0,0,0,0
som_train_track2_2013,USER Inkastooon ka xumahay inaaan kasooo qaybgalin qalin jabintaaada aniga ooo Kenya joooga hadddana Hambalyo mudane Wasiiir,0,0,0,2,0,0
som_train_track2_2014,Zxp hampalyo hampalyo horey usoco iskuna day inaaa naxiiisa galisid   sharafta chenelkeeenana dhawr sikastoood uxnaqdid cay majirto zxp cafwan xadkaaan dhaaafay sbbbto ah wankula farxsanahy,0,0,0,2,0,0
som_train_track2_2015,Hagaji guriga Lamiga si qurux badan am dhulka am Bridge ha ahado meleaha buuuraha leh waaa inuuu Bridge lahadaaa dhinacas Ethiopia xuduuudkega in tareeen macaaan ilaaa jabuuuti la sooo mariYa ama Bridge ha ahado ama dhulka technologiyadana waxaaad ka helaysa turkiga  be smart is hagaji URL,0,0,0,0,0,0
som_train_track2_2016,Sxb waaa qalad inaaad tidhaaahdo Somalia waxaaad isticmaaasha magaca ah Somaliland ooo micnahedu yahay dhulka somalida   ilayn taaariiikh somalia kahoraysay ayaaad kawramaysaaa   mahadsanid,0,1,0,0,0,0
som_train_track2_2017,BNSomalia Dibad bax loooga sooo horjeeeday Madaxweyne Laftagareeen ooo maaanta ka dhacay Muqdisho URL Somalia,0,0,0,0,0,0
som_train_track2_2018,Soomaaliya: Kenya waxaan ka sugaynaa jawaab ku aadan xadgudubka hawada,0,0,0,0,0,0
som_train_track2_2019,Galmudug ooo War kasooo saaartay dagaaalkiii ka dhacay degaaanka Qaaayib URL via USER Halgan,0,0,0,0,0,0
som_train_track2_2020,USER Sawirkan in Dunida laga gado awgeeed ba malayiiin looogu bixiyay walina ma quruxbadna waxba ka dhiman,0,0,0,0,0,0
som_train_track2_2021,Seynisyahan Soomaali ah oo uu ku dhacay Coronavirus,0,0,0,0,1,0
som_train_track2_2022,Waxan kafahmay in uuu asagu yahay qaswade barakiciyaha iyo sharwadaha ooo sheeegayna waaa isla asaga sababtuna wexeeey tahay dooorasho qof ya coda wuuu kufashilmay mid dadbana sidoookale wu kufashilmay erayga tanaaazul sharafta ayu uga ciyaaaray mahadsandin,0,2,0,0,0,0
som_train_track2_2023,"Ku xirnaaanshah Alllah ayaaa nolosheeennna farxad uyeeeli karta, iftiiinnna sin karta",0,0,0,0,0,0
som_train_track2_2024,Kuwan dabadaaa laga sooo riiixiyaaa Xamarbaaa kadambaysa Laaakin somaliland Horumarbay usocotaye lama dhageysanaYo kooofiyad bacle xamar sooo riiixayso cid madhageysanYso Liiintay jaqayaaan,0,1,0,0,0,0
som_train_track2_2025,@@@saaacidomar8752 kkk sxb nooocaaas ooo kale nacnacda ayaaa ka dhameeeyaaa carabtu waaa cadowga somalida waaana cunsuriyiiin sxb markaaa   maxaaa dulmigoooda anaga galay diiintaaas islaaamka ayaaanu wada aaaminsanahay markaaa iyaguna dhinacoooda haka aaaminsanaaadaaan anagu dhic,2,1,0,0,0,0
som_train_track2_2026,USER Alaaah raxmadiiisa haku dabooolo janaaatul firdowsa Al aclaaa ilaaaheeen ha geeeyo Waaa sax iney sooo dhawahay saaacadiii qiyaaamaha BAL waxaaan Oran karna wey na dul taaaganahayilaaahey ha inaga dhigo kuwo diyaaar u ah ooo xasuuusnaaada mar walba,0,0,0,0,2,0
som_train_track2_2027,Waxaaan ummmaddda Sooomaaaliyeeed la wadaaagayaaa farxaddda iyo dabaaaldeggga munaaasabaddda qiiimaha badan eee 26ka June ooo ah maaalintiii ugu horrraysay eee Calan Sooomaaaliyeeed laga taaagay ciiidddeeena  26ka June waxay astaaan u tahay jiritaaanka dal dad iyo dhul Sooomaaaliyeeed ooo ay Sooomaaali xukunto  URL,0,0,0,2,0,0
som_train_track2_2028,Daaahir Walaaal waxaaa tahay xalaaal quuute ooo waaatan dahabshiiil burburtay ,0,0,0,0,0,0
som_train_track2_2029,Alhamdulilaaah marka hore ismaaaciiil Burgabo Media alaha ku barakeeeyo waxaaad qabatay howl alaaah looogu dhawaaado Gabadh masaaakiiin ah eee si badheeedh looo dulmiyay ayaaa dulmigiii ka qaaaday . Dunida xooolo la kala xaqo waaan maqlay lkn waaa markiii iiigu hiraysay Dad la,0,0,0,1,0,0
som_train_track2_2030,Marka la rabo Bulsho dhan in la burburiyo waxaaa Qasab ah in Culimada sumcadoooda la xumeeeyo Dumarkana Xishooodka lagala dagaaalamo,2,0,0,0,0,0
som_train_track2_2031,Waxan la qeybsanayaaa dhaman Shacabka Somaliyed mel walba ay dunida ka jogan farxada dabal dega malinta xuriyada Gobalada waqoyi Somali eee ku asteysan 26da June  Waxan ilah ka baryaya in sanadkan kisa xiga in nagu garsiyo wadanka o aman ah iyo qulubta somaliyed o isku so dhowata  URL,0,0,0,2,0,0
som_train_track2_2032,Ilhy aya bayanshay gabadha agonta ah eee la jirdilay cadaladna way helin,0,0,2,0,0,0
som_train_track2_2033,"hada kahor mida walalo qaraaabo nahay   qol isla jooofnay... maaalin jooog ayu nooogu yimid, habeeenki saaan u jiiifnay ayaaa halmar   ur iyo bodboood ka warhelay,   markasan is dhahay tuuugan qolka dhax bodbodayo haranti kagarsiii,   kadibna haraaanti aaan ku dhuftay sariiirtisa",0,0,0,0,0,0
som_train_track2_2034,Nimco joookar balaya kudhufsatay qosolka ayey iga dhameeesay actresss’s aaan caaadi ahayn waaaye,0,0,0,1,0,0
som_train_track2_2035,"Sida ninkan ku dhawaad nus qarni ugu xirnaa dambi uusan galin, muxuuse ka sheegay adkaysigiisii dheeraa",0,0,0,0,0,0
som_train_track2_2036,Farmaaajo dalka Duuulaaan ku waaaye yaaa ka qabanaaayo inta uuusan burburin,0,0,0,0,2,0
som_train_track2_2037,Ilmaha yarka kala jabine 😂 111:06,0,0,0,1,0,0
som_train_track2_2038,Wa la dhacay fulimka,0,0,0,0,0,0
som_train_track2_2039,Xasan buste waaa fashilmay baaad kariweydeye Anagu makuuu dhahnaaa intaaa,0,2,0,0,0,0
som_train_track2_2040,Rejadii kooxda Manchester City ee Champions League oo burburtay,0,0,1,0,0,0
som_train_track2_2041,Bosaaaso iyo xamarna maaanta bosaaasa qabow,0,0,0,0,0,0
som_train_track2_2042,Sooomaaali tashatay cirka way toli kartaaa Yoool keeenu Sooomaaali wayn wuuu dhaaafay waxaaan rabnaaa inaaan xukuno bariga Africa Garacadport URL,0,0,0,2,0,0
som_train_track2_2043,Intiii dilkiii dhacay loooga dan lahaaa waaala gaaadhay reeer laaascanodow sooo kala dhamaaada URL,0,0,0,0,1,0
som_train_track2_2044,USER Xasan Beeesha uuu sheeeganayo dib ha u baaarto sababtooo ah wuxuuu aaad uga naxaaa bakhtiga reeer galbeeedka iyo dhibka gaaara bedelkeeeda wax dan ah kama laha dhibka sooomaaalida sooo gaaara  wuxuuu isku darsaday damiiir xumo diiin la aaan iyo dolllar jacayl,2,2,0,0,0,0
som_train_track2_2045,Boooliska Sooomaaaliya ayaaa shaaaca ka qaaaday in ay gacanta ku dhigeeen in ka badan 50ruuux ooo burcad ah ooo loooga shakisan yahay dhac hubeysan iyo isticmaaalka waxyaaabaha maaanka doooriya kadib howlgal ay ciiidamada ammmaaanka ka sameeeyeeen magaaalada Muqdisho  URL,0,0,0,0,0,0
som_train_track2_2046,medical Ethics kiii ayuuu meeel kaga dhacay bukaaanku ku lahaaa.🥺,2,1,0,0,0,0
som_train_track2_2047,Ciiidamada Dowlada Sooomaaaliya amp Ciiidanka Deeegaaanka Ayaaa Gooordhaw La Wareeegay Dagmada Ceeel dheeer Ee Gobolka Galguduuud,0,0,0,0,0,0
som_train_track2_2048,Alllahayow Qof haduuu welwelsan yahay farxad siii haddduuu buko caaafimaaad siiiyo haddduuu jabo xooog siii haddduuu baaahan yahayna qof aaan adiga ahayni baaahi bixin mayso ilaaali ka wax jecel iyo ka la jecel yahayba URL,0,0,0,0,0,0
som_train_track2_2049,War Tanaaadooow Maxaaa laguuu waaayay ku dhawaaad 3biloood...,0,0,0,0,0,0
som_train_track2_2050,USER Ismail Omar Gele Amal ow nooo gudo iska daye xitaaa diyaradihiii TPLF iyo USA eee looo adeeegsadey xasuuuqiii umada somaliyeeed garooomadiiisa ayey kasooo kici jiren si eeey ubabiiyan dadkena waxaaad ogtihiii inowasn waligiiis kadanqan dhibatadiii nagu dhaceysey marka laga inow nooo so xawilo hub,2,0,0,0,0,0
som_train_track2_2051,USER Qalbi dhagax halis ayuuu ku ahaaa dalka dadka in dalkiiisa looo celiyo Dowladiii waqti jirtey way ku saxnayd sabatooo ah waxuuu ahaaa shaqsiga ugu halista badnaaa eee TPLF iyo Abdi iley dalka ku sooo dhex tuuureeen si danahoooda gaaarka ah u fuliyo balse arrrintaaas dad ogaaa la socday aya qabtey,0,1,0,0,0,0
som_train_track2_2052,Tababaraha koooxda Totttenham Antonio Conte ayaaa aaaminsan in aysan masuuuliyad kaligiiis ku ahayn in uuu sharaxo xaaalada koooxda isla markaaana ay tahay in lagu xisaaabtamo qaaab ciyaaareeedka liiita eee koooxda kadib kulankiii axada dhacay ooo 20 ay ku garaaacaday Arsenal URL,0,0,0,0,0,0
som_train_track2_2053,USER Somaliland 2023 waaa inay bixisaaa qiiimaha ugu sareeeyo si ay nabad gelyadeeeda xaga xaduuudaha u sugato uguna badbaaado khatarta uga imanaysa agooonihiii Kacaaanka CBBB ReeerKoraaad amp ReeerDudaaaye  Somaliland waxaaan u rajeynaaa guuul horumar amp nabad waaarta  Somaliland4Peace,0,2,0,0,0,0
som_train_track2_2054,Faaashil USER waxaaa uuu CXDS u qeybiyey qabiiil ragggiii Muqdisho ilaaa Baraaawe ka xoreeeyay Argagaxisada Alshabaaab ayuuu raaashinka amp mushaaarka ka jaray isaga ooo isir naceyb dartiiis ku sababeeeyay  Faaashil USER waxaaa uuu dumiyey CXDS waxaaa uuu kobciyey Argagaxisada Alshabaaab URL URL,0,2,0,0,0,0
som_train_track2_2055,Sheko sheko sheko xariiir makubara haaa haaa haidhihin makudhaha makudhaha shaqeynoqotay ciyalka loga ooohinsiya hadey shib dhahana shuban daradar inukudhacaya loooshegaaa,0,0,0,0,0,0
som_train_track2_2056,Sooomaaaliya dibuheshiiisiiin ayey rabtaaa wixiii dhacay 19991 iyo siday u dhaceeen in laga hadlo ayey u baaahan tahay waxa khalad weyn ah in reeer ku faaano wixiii dhacay kuwa kalena ku CABSI geliyo marka intaaa la isla meeel dhigo  Sooomaaaliya magaaalo madax ay wada leeedahay ayey rabtaaa,0,0,0,0,0,0
som_train_track2_2057,81 ayaaan caaawa ahay dib baaan u dhacay,0,0,0,0,0,0
som_train_track2_2058,Waxaaa dabka inooo saaaran ooo aaan dhawaaan muuuqaaal aynu ku faaahfaaahineyno Xeeerkiii muranka badan dhaliyey kasooo diyaaarineynaaa  ia  Inbadan aaad iyo aaad ayaaa loooga hadlay xeeerkan ay mashruuucyada badani daba tixan yihiiin waxeynu lafa guri  Waxa uuu yahaya iyo cida dabada ka riiixeysa,0,0,0,0,0,0
som_train_track2_2059,"Wixiii hanti ahaaa gudaha iyo dibada ka sooo xarooon jirrray. qof tuuur midkale keeen, iyo ilmo Faceboook dadka ka caaaya ayaaa lagu dhameeeyay markasaaa xishoood darrro la tuuugsanayaaa.",0,1,0,0,0,0
som_train_track2_2060,ulhy wuuu ujeeeda i. a. isagaaan kawar sugayna. dhawaaan. abaaalkoooda ooo intan ka khasaaare bdn wey heliye,2,0,0,0,0,0
som_train_track2_2061,Buundada London: Qofka weerrarka gaystay horaa loogu xukumay falal argagixiso,0,0,0,0,2,0
som_train_track2_2062,Dhinacayga maaalin farxadeeed ayay ahayd saaaxiiibkayna masuuuliyad ayuuu la wareeegay USER bata ooo barakoooba adiyo marwadaaaduba  URL,0,0,0,3,0,0
som_train_track2_2063,Maleeeshiyo hubeysan ayaaa weeerar ku qaaaday xarun maxkamad u ah AS taaasi ooo kutaaal deeegaaanka Boooco ooo dhaca 40KM dhanka Kooonfurta BweynLama xaqiiijin khasaaaraha ka dhashay weeerarka balse maleeeshiyada ayaaa la sheeegay in gurmad ka heleeen ciiidamddda DF ooo ka sooo baxay Bweyn,0,0,0,0,2,0
som_train_track2_2064,Wuxuuu ahaaa nin Sooomaaali ah balse maxaaa dhacay markiii uuu HAAASHIMI sheeegtay isagooo joooga dalka Urdun URL via USER Media,0,0,0,0,0,2
som_train_track2_2065,Waxa aaan farxaddda la wadagayaaa dadkayga Sooomaaaliyeeed waxa aaan leeeyahay hambalyo munaaasibaddda 26ka juuunWaaa la kala aragti iyo siyaaasad duwanaaan karaaa balse waxaaa biyo kama dhibcaaan ah in qofkasta ooo Sooomaaaliyeeed dareeemo diiirrrimaaadka xornimadiii ugu horrraysay eee aaan hantinay  URL,0,0,0,2,0,0
som_train_track2_2066,USER Walahi qalbi jab iyo murugo ka weeen ma jirto dhalinta waxbaratay eee hadana aaamintay ineee wadankoooda ka shaqeeestaaan ooo eee san ka tahriiibin in maaalin kasta koooxda UGUS iyo Ciiidamada dowlada iska leeenayaaan bilaaa macno la aaan,0,0,3,0,0,0
som_train_track2_2067,Alxamdulilllaaah maaanta ayaaa Ceeelkiii kooowaaad laga billlaaabay magaaalada Badhan Allle waxaaan ka baryayaaa inuuu noqdo mid Biyo ku filan ka hesho magaaaladu AamiiinBadhan Sanaaag Puntland Somalia URL URL,0,0,0,2,0,0
som_train_track2_2068,Muwaaadin u dhashay dalka Chile ooo u shaqaynayey shirkad gaaar looo leeeyahay ayaaa si qaldan acccount kiiisa looogu shubay lacagtiii mushaharka shaqaaalaha shirkaddda ooo dhan taaas ooo tiradeeedu dhammmayd 180 kun ooo dolllar markiii la yiri lacagta sooo celi ninkiii shaqada waaa ka tagay URL,0,0,0,0,0,2
som_train_track2_2069,Wlhi wa murugo ax wanka xumahy wlllo waxa kugu dhacay allle kahu sodhaweyo,0,0,1,0,0,0
som_train_track2_2070,Abdi Fataaah Alaaagiiin Weriye Luqmaaan Maxamed FaaaraxxxHamza Abdi Dhimbiiil Abdikarim Ahmed MooogeeeEng Husssein OmerrrXasan Daaahir - Weeedhsame wlhi aniga ooo aaan dhamaysan baaan dareeemay inay iiidheh tahay waliba waxa uuu bilaaabay iska ooohintiii iyo bihin bihinta b,0,1,0,0,0,0
som_train_track2_2071,Caleeen kasta ooo sooo baxda waxay ku odhanaysaaaWixiii aaad beeerato ayaaa dhalaya midho  Marka hadiii aaad wax caqli ah leeedahay waxaaan jacayl ahayn ha beeer an  URL,0,0,0,0,0,0
som_train_track2_2072,Quruxda lamaaanayaaashu waaa kalsoooni jacaylkuna waaa kalsoooni Kalsoooniduna waaa jacayl jacaylkuna waaa naxariiis marka sidaaas ula socda ciyaaalka xaaafadow  AxmedTry URL,0,0,0,0,0,0
som_train_track2_2073,Turkiga jgaaa hduuu aaan ku arki wxi kgu dhaca adaaa isgrsiyyy,2,0,0,0,0,0
som_train_track2_2074,"Tacabka fooormaaajo wakaaas cadyooow AMA ku cunay AMA ku ciiideeeyay muqdishoooy AMA ku xukumay AMA kusiii dumiyay, fooormaaajo iiigeee wuxuuu ugu bedelay AMA sacabka iii tun AMA qax iyo dhimasho iyo burbur isu diyaaari, hadddaaan magggafe ahayn wuxuuu odhan lahaaa dartay leona d",0,2,0,0,0,0
som_train_track2_2075,Waxaaan ku dhaw nahay 1000 kun,0,0,0,0,0,0
som_train_track2_2076,Sxb waxaaan kaaa codsan lahaaa inaaad inoooga sooo warbixiso taaariiikhda turkiga mahadsanid,0,0,0,0,0,0
som_train_track2_2077,Somalidu iyadaaa dhibta siii hurisa xukun xumada kuwiii riday Aabaha saqiiirka dhalay iyo ninkiii qashay qoladiiisa way isku halaaagayaaan Dhacdadaaan waxay isu badali kartaaa dakanoooyin iyo dad in looo laaayo sida somalida caaadada u ah,0,0,0,0,2,0
som_train_track2_2078,USER 5000 waxaaa looogu deeeqay Eritrea Hoooyo iyo aaabe u booohinaya ma jiro,0,0,0,0,0,0
som_train_track2_2079,Gudooomiyaha Baaarlamaaanka Aaden Madooobe ayaaa ku amray gudddiga Arrrimaha Amniga gudaha iyo Maaamuladu in ay kasooo talobixiyaaan xaaalka Amniga eee dalka kadib markiii ay Xildhibaaanadu dhawaaan cadeeeyeeen in lagu fashilmay Amniga dalka  URL,0,0,0,0,0,0
som_train_track2_2080,Canfariga iyo oromada ayaaa nooogu dhaw afsomali iyo sawahiliga ayaaa sooo raaaca,0,0,0,0,0,0
som_train_track2_2081,FG Nolol ka madhan xuska Allle waaa Nolol aaan macne lahayn 2 Marka uuu hadalku ka sooo baxo qalbigaaaga saaamayn ayuuu ku yeeeshaaa cida aaad u sheeegayso ka hadal qalbiga si laguuu dhagaysto laguna fahmo,0,0,0,0,0,0
som_train_track2_2082,Qaaab Aad u qurux badan ayuuu ku bilawday filimka si lamid qaaab Aad uqurx badan ayu kuso dhamady horay usoco walalkey 😍😍😍,0,0,0,2,0,0
som_train_track2_2083,"Najma Makena: ""Dadka waxay u maleeyaan in qurxinta aan sameeyo ay tahay ‘wax laga argagaxo'”",0,0,0,0,0,2
som_train_track2_2084,Waxaaan ku faraxsanahay inaaan ka qaybgalo anigooo kamid ah shirkaddda USER Hormuuud20yrsguuulsooomaaaliyeeed URL,0,0,0,2,0,0
som_train_track2_2085,Nasiiib wanaaag ka talaaal qaaar badan ooo guuuldarrroooyinka amp fashilka ooo ka hortag adigooo la imaaanaya qorshe ganacsi ooo cad halabuuurnimo geeesinimo fulin dhiiirrranaaan dhabar adayg kana feeejignaaada sababaha ugu waaaweyn eee fashilka ganacsi cusub 24 URL,0,0,0,0,0,0
som_train_track2_2086,Mahad sanid macade iyo sxb key anteeeno farxad aya idirajena iyo shego kale ooo xiiisoleh ina noso sartaaan insha Alh,0,0,0,2,0,0
som_train_track2_2087,Hoooyo alllooow nooodaaa waaa nuuurkiii dunida iyo waxkasta ooon u baaahan tahay hoooyo ifka farxad nooogu nooolooow aaakhirana jannnatu fardowsa alllah haysku keeen tussso,0,0,0,1,0,0
som_train_track2_2088,USER Waxaaan sooo ceshanay dowladnimadiii naga dhuntay shan sano ka hor  URL,0,0,0,0,0,0
som_train_track2_2089,Ilaaa ay ooohintu ka dhamato somalidu kuma danaynayaaan ilahay mad ka baqdaaan ooo isooo boooqtan dadkaygiiiyooow😢😢😢😥😥😥😭,0,0,2,0,0,0
som_train_track2_2090,Magaaalada Laaasqoray waxa lagu tiriyaaa inay safka hore kaga jirto Magaaaloooyinka Taaariiikhiga ah eee dalka Somaliya iyada ooo ah Maaagaaalo Caaan ah ooo guuud ahaaan laga yaqaaan Caaalamka Laaasqoray waxa ku nooola Dad lagu qiyaaasay ku dhawaaad ilaaa 50 000 ilaaa iyo 555 000 ooo RuuuxWqcaaarif URL,0,0,0,0,0,0
som_train_track2_2091,Instagram: Dadka da'dooda ka beensheega oo dhowaan la ogaan doono,0,0,0,0,0,0
som_train_track2_2092,OGAAANSHO mahdsanid lkn dadka aaan garanyn tataaarka ha dhagystaaan sh. Mustafa haaaruuun asiga ayaaa bilaaaw iyo dhamaaad iyo ugu danbeeen meeesha ay ku jabayaaan iyo cida jabinayso ooo ah ciiidanka   masar ayuuu ka hadlayaaa halqado aaad u fara badane way ka kooobantahye ooo aa,0,0,0,0,0,0
som_train_track2_2093,Wlh Omar waaan ku aminsanahy lkn aqooon NEH kuma liiihi   Masha Alllah wax Badan ayan ka faiday xitaaa heeer aaan ku dhawaday faceboook iyo instagram iska dhaaafo thanks 😘,0,0,0,2,0,0
som_train_track2_2094,Digtooorkiii lagu magacaaabi jiray Roooble ayaaa i afduuubtay USER bal waxa ku dhacay eeega  Maqaaal uuu qoray ayaaa wargeeeyskaaan daaabacay dib ayeeey ka ogaaadeeen in nin CBBBda ah uuu beeen ka qoray madaxweeeynaha somalia Dr USER iyo dowladdda uuu hogaaamiyo  URL,0,0,0,0,0,1
som_train_track2_2095,Urur Siyaaasadeeedka Waaabari ooo munaaasibad sooo dhaweyn ah Burco looogu qabtay   URL URL,0,0,0,0,0,0
som_train_track2_2096,Salma iyo Latesh: Gabadhii uu la haasaawi jiray oo nin kale guursatay ayuu bambo hadiyad uga dhigay,0,0,0,0,2,0
som_train_track2_2097,USER Hotel kaaa ku jirtaaa kaso dubtey hsbeeenimo marka wadoooyinkane waaa cabsi waqtigaaas mr moalimow,0,0,0,0,2,0
som_train_track2_2098,USER waxaaan abgaaal u isticmaaalnaaa in aaan Hawiye intiiisa kale jabino ha dareeemin guuul,0,2,0,0,0,0
som_train_track2_2099,Illlaaahaaa boqoraaa eee waxaaad dhahdaaa rufiyaaankiii ugu weynaaa adigooo mahadsan fadlan gaaarsiiiya saxbtaaa,0,0,0,0,0,0
som_train_track2_2100,In lagu daro Mukhtaaar Rooobow Golaha Wasiiirada waaa khatar amni ooo weyn  Bal ka warrran Rooobooow ooo dhex fadhiya shirka Golaha Wasiiirada ooo loooga hadlayo amniga qaranka  Xogaha amnigu waxa uuu u gudbinayaaa saaaxiiibadiiis  URL,0,1,0,0,3,0
som_train_track2_2101,Wooow waxasa Asxaba sxbayaaal hore usocada farxaday ku noloada team waaayaaab salan sare jacka iyo marish Amiiin,0,0,0,1,0,0
som_train_track2_2102,Dagmadeyda karaaan waku fanaaa   Karaaan karbuuuno mugdi ah waaa ukaaah   Karaaana dadkeyda waaa ukeyd,0,0,0,1,0,0
som_train_track2_2103,Dadka xunxun badankod ma dareeeman inayxunyihin Dhabcaaalkuwuxu isu arka inuuu yahaynin qunyarsocodah Ka edebtadaranawuxu isu arka inuuu yahyqofdhawrsonKa xanta badan wuxu isu arka inu yahy la taliye Kuwa islaweynuna waxy isu arkayaaan inu isku kalsonyahyAdigu Maxaaad isu Aragtaaa URL,0,0,0,0,0,0
som_train_track2_2104,USER hada ka hor ayaaan maqli jiray reeerahaaasi caqli ku filan ma laha waxaaan dhihi jiray umad dhan macquuul maaaha  walahi baaan ku dhaaartaye hada ayaaan yaqiiin saday ooo xaqiiiq ahaaan u arkay dad isku wada camiraya mid mid ka kale dhaaama aaanu jirin waaa wada ZERO yar iyo wayn,1,2,0,0,0,0
som_train_track2_2105,"Nahaaab wayn baaa tay, waxay dawladuhu Kala qarsanayaaan adigooo Shaqsi yarooo daciiifiii sideeed ku heshay",0,2,0,0,0,0
som_train_track2_2106,Si uuu Nooo Fashilin Faraha ka qaaad kkk waaa raftay wlhi,0,0,0,0,0,0
som_train_track2_2107,Naxdin kawayni ma jiro allle hawso dhaweeeyo hoooyada dhiban,0,0,2,0,0,0
som_train_track2_2108,Odaynimo dad isku hayn dulqaaad iyo dabeeecad wanaaag buuu astaaan u yahay madaxweyne USER  dalkaaan waqtiga dheeer burburka ku jiray wuxuuu ubaaahanyahay madaxweyne ummmadaaas kala irdhowday isku hayn kara  URL,0,0,0,0,0,0
som_train_track2_2109,MBBB iyo xaraaash qaran fadlan dhimashada iyo qaraxyada iska xisaaabiya 6 biloood iyo 1000 qarax iyo 2 kun dhimasho 6 bil kale hadaaa nasiii hogaaamisaaan waxaaan ka cabsanaaa in wadanka lagu kalacararo,0,0,0,0,2,0
som_train_track2_2110,33 ilbiriqsi ee uu ka bilowday dagaalkii qaboobaa ee adduunka,0,0,0,0,1,0
som_train_track2_2111,Haday sidaaasi dhacdo waaa guuul daro cusub ooo wadani ku dhacday.🤔,0,0,0,0,0,0
som_train_track2_2112,Beeen alllaaa caaayey eee madaxweyne USER waaa nabadooon waaana aqooonyahan aaad baaan ugu bogaaadinayaaa guuulaha waaaweyn eee uuu kasooo hoooyey cirib tirka argagixisada sidooo kale ku mahadsanid madaxweyne arintiii KGS inaaad nabad ku xalisay  Thank you madaxweyne URL,0,0,0,1,0,0
som_train_track2_2113,USER Marka aaad dadnimadada dhaqankada taaariiikhdada nasabiyadada iyo xoriyadada shilimo siiisatoqabiiil kula mid ahna aaad isu dhiiibto tanooo kale ayaaa ku sugaysa  Yaaa wax ka qaban kara,0,2,0,0,0,0
som_train_track2_2114,masha alaaah Alllaha ku dhawro Abwaaane Maxamed Ibrahim Warsame Hadraaawiwaaa run walhi Hoooyo ma ahan wax dheeel dheeel ah waaa magac markad maqashid ay tahry inaaad ilmeysid wlhi Alllow udambi dhaaaf Hoooyoooyinkeeena.,0,0,0,2,0,0
som_train_track2_2115,Hadan cusbuhay hala iso dhaweyo hosow pro keeep going,0,0,0,0,0,0
som_train_track2_2116,"Waan kuu riyaaqay, Helen waa ay qurux badan tahay. Waana filimka ugu wanaagsan hadii aad sanad wax kabadan daawato. ",0,0,0,2,0,0
som_train_track2_2117,Morocco: Muxuu yahay filimka muranka dhaliyay ee laga mamnuucay shaleemooyinka?,0,0,0,0,0,1
som_train_track2_2118,Maxkamaddda gobolka Faaafan ayaaa dil tooogasho ah ku xukuntay ninkan ooo dhawaaan Xildhibaaanad Juweeeriya Subcis ku dilay Garooonka Jigjiga dhexdiiisaXildhibaaanada ayaaa isla Garooonka dhexdiiisa ku dhimatay sidooo kale waxa uuu dhaaawacay dadkale maaalintaaa  URL,0,0,0,0,1,0
som_train_track2_2119,Wan sooo dhaweeenya sxb barnamijka ad heeesid,0,0,0,1,0,0
som_train_track2_2120,heeestu waxeeey aaad u tilmaaameee sifaha daaahir calasow si tooos ayuuu naftiiisa uga hadlay dhamaaan sifoooyinkaaa isgaaa le xaqa ayaaa ka hadashiiiyay daaahir yare stn waaad ku fashilantay heeestan ninyaw mida kale duqda maxaaad kusooo qabataty furaheeeda ayaaad heshay ibliiis,0,2,0,0,0,0
som_train_track2_2121,Bishiii barakeysned eee ramadan ayaaa sooo dhaw marka dadkan allle ayaaa la xisabtamayo eee iska daaa,0,0,0,0,0,0
som_train_track2_2122,Warar dheeeraaad ah ayaaa ka sooo baxaya khasaaaraha ka dhashay labo qarax ooo ismiiidaaamin ah ooo maaanta ka dhacay xerada Lama galaaay eee magaaalada Beledweyne eee GHiiiraaanInta la ogyahay ilaaa iyo haddda 5 qof ayaaa ku geeeriyoootay halka tiro intaaa ka badana ay ku dhaaawacmeeen  URL,0,0,0,0,2,0
som_train_track2_2123,Waxaaan sooo dhaweynayaaa kulanka hordhaca ah wasiiirka magacaaaban eee wasiiir Mudane Abdinur Fiiidow uuu la yeeeshay dhalinta uuu ku matalo kursiga uuu ku fadhiyoWasiiir Abdinur Fiiidow ooo ah nin Dhalinyaro waxa uuuna mudan yahy in lagu garabsiiiyo gudashada waaajibaaadka iyo shaqada culus URL,0,0,0,2,0,0
som_train_track2_2124,Bollywood: Filimkii sababay in 'Mujaahidiinta Afghanistan' ay joojiyaan dagaalka,0,0,0,0,0,1
som_train_track2_2125,Muxuu yahay walaaca lasoo dersay Muslimiinta ay Soomaalida ka mid yihiin ee Sweden?,0,0,0,0,2,0
som_train_track2_2126,Go'aan naxdin leh oo ay qaadatay haweeney gabdho-dhalis badan lagu dhaliilay,0,0,0,0,2,0
som_train_track2_2127,Arrrinkaaa fooolxumada iyo naxdinta badan waxa masuuul ka ah Masuuuliyiiinta Dawladdda Hooose waaa in falkuuu gaystay sidiii yahay loooga jawaaabo weeerar ay wadaaan dad damiiirkooodu dhintay,0,1,0,0,2,0
som_train_track2_2128,RSV: Fayraska aan wax badan laga aqoon ee carruurta ku dhaca,0,0,0,0,2,0
som_train_track2_2129,USER Waxaaan maqlay shir ka dhacay jabuuuti siiilanyo xasan sh ba la saxeeexay inan la siyaaasadayn arimaha maaalgashiga marka xita inaaad og tahay moooye heshiiis ka la saxeeexay ila hada cidi ma arag somaliland iyo somalia tooona waaa sir,0,0,0,0,0,0
som_train_track2_2130,"Cali Xarbi: ""Xildhibaanka aan dilay ee Sir David Amess waxa uu dhibaato ku ahaa Muslimiinta""",0,0,0,0,1,0
som_train_track2_2131,"FARMAJO XALKA QAYB KAMA NOQON KARO Madaxweyne Farmajo wuxuuu ku suntan yahay ninkiii Dawladnimada Somalia ku burburiyey Gabaaadka Wadaniyaddda beeenta ah. 4 sano gudahoood ayuuu xilka uga tuuuray si sharci darrro ah Madaxweyneyaaasha 3 Maaamul-Goboleeed, Gudooomiyihiii Golaha",2,2,0,0,0,0
som_train_track2_2132,Rabi hanaga dhigo dadka maaalinta qiyaaame jannnada lagu casuuumo aaamiiin aaamiiin folllow sooo dheh page kan mahadsanid wlll❤🙏,0,0,0,0,0,0
som_train_track2_2133,Maaanta waxaaan la kulmay gudddiga shirkadaha diyaaaradaha Dalka si xal looogu helo cabashada bulshada waxaaan isla gaaarnay in talllaaabo degdeg ah iyo ganaaax la kulmi dooonto diyaaaradddiii kadib dhacda waqtiga duuulimaaadka iyo in masuuuliyaddda iyo adeeeggga ay u gutaaan si hufan  12 URL,0,0,0,0,0,0
som_train_track2_2134,Mararka qaaarkoood waxaaan is weydiiiyaaa jacaylku ma mudan yahay in looo dagaaalllamo  Hadddiii looo dagaaalllamo  Waxaaan diyaaar u ahay dagaaal,0,0,0,0,0,0
som_train_track2_2135,USER Dhalinyaradu waaa faraxsan yihiiin waaayo waxey sooo arkeeen qorbo iyo waxa uuu yahay laaakiiin aaaweheee shacabkiii maaanta caleeemaha qoyan u ruxi lahaaa ooo Darrren siiilahaaa in ay halyeeeyo qaran yihiiin waxaaas waxaaa sabah u ah kuwa hada xukunka joooga eee dudumin qaran yaaahuj Alllaha idin ceeebe,0,2,0,0,0,0
som_train_track2_2136,Ilahayow ugargar nolol ad umurugo bdan waaaye wlhi Ilahayow waaa bil ramadane qoyska caaawi adiga awode wlhi vedio iiiga murugo bdan ma arag hda mnty awodi lha ina noloshoda wax ka badalo waaa usamyn lha 😭🤲Ilahayow ugaaar gaaar,0,0,3,0,0,0
som_train_track2_2137,Barcelona ayaaa haysata qodddob ka caaawinaya inay kansali karto heshiiiska uuu koooxdeeeda ku jooogo difaaaca dhexe eee ruuugcadddaaaga ah eee Gerard PiqueHeshiiiska Pique eee Barcelona ayay laba sano ka hadheeen ooo dhacaya sanadka 2024 balse Barca ayaaa dooorbidaysa inuuu wakhtigaaas ka hor tago URL,0,0,0,0,0,0
som_train_track2_2138,USER Waxaaan la yaaabanahay midkaaan ladhaho abdisalam Aato xooogaaa dhiman dhiman miyaaa mase waxu waaa ilmooo waxa Ka buuuxa waaa xaaaraaantiii moooryaaanta,0,2,0,0,0,2
som_train_track2_2139,Burgabo Media mahadsanid saxafi sarrre,0,0,0,2,0,0
som_train_track2_2140,Hhhh sxb maracade nin top ah baaahatay wllle isku filan baaatahay   Labada codba adaaa waaa adiga,0,0,0,1,0,0
som_train_track2_2141,Zhp waxad samay zaaa hadad rabtid inad iska daysid 7aaad iska joooji malinta 8aaad ku dhac hadaaad dooontid hadana 7aaad kale iskadaaa mlinta 8aaad ku dhac hdaaad dooontid hdana 8cisho iska ilaaali bas markuuu kuuu dhamaaado adigaaa nici dooonaba   Ilaaahayna talo saaaro,0,0,0,0,0,0
som_train_track2_2142,Farmashigi ugu horeyay taaarikhda waxa la sameyay 1250 sano ka hor wuxuna ku yilay magalada Baqdaaad xilig dowldi cabsiyintaBaqdaaad xiligas waxa ay ahayd astanta xadaaarada iyo horumarka calamkaIyado dadka ugu iman jiren ila galbedka siay ugu bartan cilmiga ugu dambeyay  URL,0,0,0,0,0,0
som_train_track2_2143,"""Dadkeeena qaaar waxa ay noloshoooda u burburiyaaan in aysan lumin saaaxiiibadoooda darteeed wa khaladka ugu weyn eee nolosha la galo haunooolaaan qancinta ama ilaaalinta danaha dadka kale"" Nagu so biiir wlll thnks❣🌷🙏",0,0,0,0,0,0
som_train_track2_2144,Waxbaaa ku dhacay show daaarshadiii Mr trump eee lagu haystay Waxbaaa kajira. Horay u soco sxb,0,0,0,0,0,2
som_train_track2_2145,Hayadaaani ma qaban shaqo wacan  Garowe ayaaa arintu ka dhacday ooo ah halka ay ka hawl gasho  Laaakiiin ma boooqan dadka la barakiciyey ma hayso tiradoooda ma oga duruuufta dhabta ah eee ay ku suganyihiiin iwm  Waxaaa habooon in danaynta dadaaal lagu daro  Wax qabad waaa inuuu bedelaaa hadal URL,0,0,1,0,0,0
som_train_track2_2146,USER Sooomaaalida haddda si fiiican u fahmaaa  Ookiyaaalaha wax ku fiiiriyaaan aaa la qaaatay  Qabiiilada maaanta uuu taaageeerayo berrri ma taaagerayo  Waxey qabiiilkiiisa tabanayaaan ma sheeegaaayo  Inteee lagaaa haaayaaa Inyow  Sooomaaalida waxey noqdeeen ilmo yar ooo marna oooya  Hdl xaaa rabtaaa wabaaa,0,1,0,0,0,0
som_train_track2_2147,Mahadsanid dilkiii yaaasir carafaaad masooogudbin kartaaa wlll,0,0,0,0,0,0
som_train_track2_2148,USER aaan ku darsado hadiii dad xiriiir hore jiray kal tagay ooo isku sooo laaabtay labao aaan u kala qadayaaa 1  xiriiir guuur ooo sax ah la wada dhaqmay caruuur la isku dhalay  2  xiriiir sxb nimo ooo loooga gol lahaaay in lagu gaaaro guuur iyo mustaqbal balse aaan la dhameystirin eee burburay ,0,0,0,0,0,0
som_train_track2_2149,Waxaaa ka sugenaaa dadki ka dambeeeyay burburka somaliya insha alllaaah waaa hadiii la heli karo,0,0,0,0,0,0
som_train_track2_2150,Tasi waaa hawl YouTuberka uqasa madama challlenge kadhaxeeeyo waaa sogoban wana uwaaas mafahantay in aysan sheeegin wadankey kadhacday iyo tariqdeda waqtiyadi laqoray wasidaaa qof walbana tobigisu waaa sikired,0,0,0,0,0,0
som_train_track2_2151,Dacwad lagu soo oogay dad u badan Soomaali oo dowladda Mareykanka lacag ka dhacay,0,0,0,0,0,1
som_train_track2_2152,Maxaaad ka qabanaysaaa markaaa haday cunsuriyiiin yihiiin,1,0,0,0,0,0
som_train_track2_2153,Weeerar Naf Hurnimo ayaaa saaaka arooortiii hore ka dhacay saldhig ciiidan ooo kuyaaal deeeganka Halgan eee gobolka HiiiraaanSomalia,0,0,0,0,2,0
som_train_track2_2154,Asxaaabey qeybta 8aaad Waaan la ahy maxaaa ku dhacay,0,0,0,0,0,0
som_train_track2_2155,Waxa ay tahay nooca cusub ee diyaarada halista ah ee dagaal ee ay Itoobiya soo bandhigtay iyo qiimaha lagu iibsan karo,0,0,0,0,0,2
som_train_track2_2156,waaa riwayad cajiiib ah waxeyna ka sheeekeeeneee wax dhacay iyo wax dhici dooono,0,0,0,2,0,0
som_train_track2_2157,Allle hawsooo dhaweeeyo hoooyadaaas dhiban wiiilkeeeddda,0,0,2,0,0,0
som_train_track2_2158,USER Weligowod kama murugooone waxa ay samayeeen ila marka ugu danbaysa eee dilua lagu fulinayoImago la dilatoire ayeeey qosol farxad iyo salaaan ku jirai waaad iska hesaysa miya Fikirka ay amisan yihin wax cabsi ah kama qabaaan gerrridawaaa warankiii islamka ooo jano leeeyihin,0,0,0,0,0,1
som_train_track2_2159,Muqbil ibnu Haaadi Al Waaadici waxuuu leeehahay Hadiii gabadha goaaanka furiiinka gacanta looo galin lahaaa waxay ninkeeeda maaalintiiiba furi lahayd 20 jeeer marka aycadhada ka qabowdana way oooyi lahayd mana jacaylaysanayso inay ehelkeeeda u tagto iyadooo haddda ninkeeeda furtay 20 jeeer,0,0,0,0,0,0
som_train_track2_2160,Sooomaliland waxa kudhacay wax lagu qoslo waaaye😁😆,0,0,0,2,0,0
som_train_track2_2161,maracaddde zxbooo runtiii waxaaad ku wacan tahay xggga sheeekoooyinka iyo dhacdoooyinka . balse xaggga wararka No aragtidayda,0,0,0,0,0,0
som_train_track2_2162,Hindiya: Haweeneydii ka dambeysay soo saaridda qalabkii ugu horreeyay ee baaritaanka xanuunka Coronavirus,0,0,0,0,0,0
som_train_track2_2163,USER Waxaaad mooodddaaa dadka qaaar eee ka qeybgakaya doooddda dagaaalkiii loooga sooo horjeeeday Argagaxisada eee ka dhacay dalka Ciraaaq ay ciiidamada dalkaaasi gacan ka heleeen markiii ay Qabaaailka ku sooo biiireeen dagaaalkaaasi,0,0,0,0,0,0
som_train_track2_2164,"Ninkan qof kale ayuuu fikradiiisa sheeegtay hadaaad ka warheyso, wana wax uuu marwalba *inkiro*. Sax miyaaa inaaa inahas San dirada saaarno waaa Maya lkn waxa muhim inaaa fahano in ninkaaan abaldhaca qarniga uuu sameeeyey.*mahadsanid*",0,0,0,0,0,0
som_train_track2_2165,"jazaaakalllaaahu khayraaa walaaal, mahadsanid",0,0,0,2,0,0
som_train_track2_2166,midabaaa waxooow idhahay shabaaabka maxaaa ugu sheeekeysaaamarkaaa waxaaan kudhahay ninyahow shabaaab wax raga nimo iyo diiin kudhaaamo waaaba waaayetusaaale NfD waxaaa dhula sooomaliyeeet oooaaan muranleheyn ooo keynyo xooog noooga heysato qof maaanta kugorgortami koro,0,0,0,0,0,0
som_train_track2_2167,USER Xagaaad hor u marka SSSC kaga shaqaysayMa nooo sheeegi kartaaa waxaaad SSSC u qabatay Waxaaad SSSC u qabatid ooo lagaaala shaqeeeyoGabadha faraha ka qaaad,2,0,0,0,0,0
som_train_track2_2168,USER ooo kaaalaya yaaatuseysaaan dalkiiina haduuu sidaaan uyaaalo ma ajnabi maaatuseysaaan maaad wax kaqabatiiin waaa adinka qey qeylinayeee caqli miyaaan jirin mise dalkiiina ayaaa cadaw kutihiiin wadoooyinka mugdisho dhiiiqoooyinka yaaala hadiii aaan muuuqaaalo kasooo duuubo maxaaan faaaiiiday wax qabo ama aaamus,2,0,0,0,0,0
som_train_track2_2169,Hargeysa 1 waaa magaaalo dad xun jogaaan 2waaa cunsuriyiiin 3 liiin baaa lagu siiinayaaa 4 xabsiga 5 Somali nacayb 6 jabka xamar   7 xushmad la’anta fanaaaniiinta waaa dad xun 😡😢,0,2,0,0,0,0
som_train_track2_2170,Ma ogtahay akhriste in somaliland hadiii ay dorasho ka dhacdo aaanu muse awoood u lahayn inuuu ciro ka ilaaashado kursiga,0,0,0,0,0,0
som_train_track2_2171,in lagu sooo dhawayn dooono xulka maaamuuus gaaar ah iyada ooo la filayo in marka ay sooo dagaaan kadib uuu qaaabilo boqorka dalkaaas ,0,0,0,2,0,0
som_train_track2_2172,USER Xubnaha maxkamada dastuuuriga ah eee PL haku adkaaadaaan dhaqan galin sharuuucda dalka hana noqdaaan kooox lagula xisaaabtami karo jabinta shuruuucda eee aysan noqon u adeeegayaaal danaha siyaaasiiin gaaar ahWasiiir geeediga ruuun nagaaansho leh ku fur,0,0,0,0,0,0
som_train_track2_2173,Xillligiii uuu xukunka hayey wixiii dhacay ooo dhan miyaaa la iska ilaway tolow.,0,0,0,0,0,1
som_train_track2_2174,Daraasad war farxad leh u sheegtay dadka dhafra,0,0,0,2,0,0
som_train_track2_2175,Sawirahaaan waxay muuujinayaaan saaacadaha eee khadka furanyahay caaawinta eee mashruuuca SAVIOR Mashruuuca Nolol maaalmeeedka wanaaagsan eee qoysaska Sooomalida Finland furrriiinka kadddib  Fadlan sameyso balllan ooo kulan adigooo isticmaaalaya lambarada hooose  URL,0,0,0,0,0,0
som_train_track2_2176,sawirka ugu dhaw eee lagu garankaraaa waaa kaaas fadlan marlabad inta lagu noqdo ccc camerada halagudaro liftiiinka si looo aqonsado,0,0,0,0,0,0
som_train_track2_2177,Shaydaaan Cali Dhere wuxuuu kusugan yahay xaaalad tiii ugu cabsida badneeed Intaaas waxaaa laga dhuuumanoooyaaa dhuqaymaha cirka ka imaaanaaaya URL,0,0,0,0,1,0
som_train_track2_2178,Adigo rali ah codkgi wan maqnaaa wjigagi mala arki kraaa,0,0,0,0,0,0
som_train_track2_2179,Hakan Ayik: Ninka xuduudunta u ahaa xeeladda FBI-da ee basaasidda burcadda daroogada,0,0,0,0,0,0
som_train_track2_2180,Waxaaan caaawa kulan sooo dhawayn iyo xog waraysi ah la qaaatay Maaamulka iyo Shacabka Degmada Carmo eee Gobolka BariPuntland GeeedddiCaaanoLeh Somalia QofIyoCod OnePersonOneVote URL,0,0,0,0,0,0
som_train_track2_2181,Nacalad ha kudhacdo putin 😠,2,0,0,0,0,0
som_train_track2_2182,Waaa imtixaaan waxaaa wax lagu tusinaysaaa dadka qaaarkiii eee Allla ka cabsiga ka fogaaatay eee har iyo habeeen u taaagan dulmiga Reeerkan Alllah raxmaaanka waxan ugu barinayaaa caaafimaaad taaam ah,0,0,0,0,0,0
som_train_track2_2183,Faaah faaahin kasooo baxeysa Dil ka dhacay Magaaalada Jowhar  URL,0,0,0,0,2,0
som_train_track2_2184,USER Faysalow adeeer khayr hele 21sano ayaaad xisbiga ucid dhana ugu talin wayday waxad ahayd gudomiye xisbiga iyo murashaxa xisbiga intaaaso sano manta markiii la yidhi ururudu way furan yihiiin in qayladadu meeel kasta gadha waaa doqonimo eee chance siii dadka kale runtiii digtaytor waxaaa,0,1,0,0,0,0
som_train_track2_2185,Maaashaaa alllaaah allle haku barakeyo walalahaga lkn markale hadalkan meeel kale haku qorin dad baaa jira wiiil iyo gabar midna ladhalanin isha bini aaadamka waaa halis wlllo,0,0,0,0,1,0
som_train_track2_2186,Wlllo ilaaahay dartiii subscribe III gu saaar mahadsanid igaaadhsi 150 Aamiiin👐👐👐,0,0,0,0,0,0
som_train_track2_2187,Waaan ku faraxsanahay in aaan maaanta Moqdisho uga qaybgalo kulan wadatashi ah ooo loooga arrrinsanayey u diyaaargarowga iyo farsamada dooorashada madaxweynaha Dowlad Goboleeedka KGS eee 19 December ayaaa maaanta ka dhacay magaaalada Muqdisho  URL,0,0,0,3,0,0
som_train_track2_2188,Muhiiim waxaaa u ahaaa ilmohoooda helitaaankisa ax ilhy ayaaa usooo sahley dadkaaasna ilhyba laxisaaabtami dooona,0,0,0,0,0,0
som_train_track2_2189,Ax illlaaahooow usooodhaweee,0,0,2,0,0,0
som_train_track2_2190,USER Mahaysa sharci islaaam ama mid gaaal wax kufsiga iyo dulmiga loooga ilaliyo,0,0,0,0,0,0
som_train_track2_2191,USER walaaalo dalka kaliya ma burburin anagooo badan baynu burburney  Hanala yaaabin horey uga soco  Kaaasi waxuuu dhaaamaaa mid magaca diiinta caruuur iyo hoooyoooyin isku qarxinaaayo dhane ka qabyaaaladsan  Cajiiib,0,0,0,0,0,2
som_train_track2_2192,Sxb wali madawan balse sugayay intiii ila mid ah love 💘dhac kusiii,0,0,0,0,0,0
som_train_track2_2193,Xamse muhzin baaan xalka ka arka wan ku salamey bro 😎Chanel ka maaalin dhawyad ban kus biiireyw,0,0,0,0,0,0
som_train_track2_2194,Waxa uu salka-ku-hayo dagaalka labada wasiir ee Facebook ka qarxay,0,0,0,0,0,0
som_train_track2_2195,USER Saxib quuule waxaaa aaad loooga yaqanaaa gobolllada dhexe,0,0,0,0,0,0
som_train_track2_2196,Aay shekada qosolka 🫠🙄tan Mia mise wan sodhigi rawaaa batiri🙃🤣,0,0,0,1,0,0
som_train_track2_2197,illlahayow uso dhaweee ada Wayne yarabi hoooyda dhibataysan kurbada kadulqaaad,0,0,2,0,0,0
som_train_track2_2198,Waxaaa isku kay qaban la Ugus halala dagaaalo hana laga fogado imuuu USER na dhaho Sidooo kalena USER na hayaddda USER madax ka yahayMisana dhacdo kastooo qorshaysan ooo dalka ka dhacdana aaan baaaris lamarinALLLOW dalka iyo dadkaba inooo bad baaadi,0,0,0,0,2,0
som_train_track2_2199,Alaska dhawaqa halka magalo 😂😂😂,0,0,0,0,0,0
som_train_track2_2200,Waaa sheeeko murugo iyo farxad leh laaakin murugteeeda ayaaa aaad ubadsn,0,0,2,0,0,0
som_train_track2_2201,Cilada ugu daran eee dumarka noloshoooda burburisa waxay tahay raggga daaacada ah ooo jecel way ka cararaaan ooo diiidaaan waxayna daba cararaaan ooo raaadiyaaan ayna aqbalaaan waliba ay isku dhiiibaaan raggga bahalada ah ooo bahdilaaan dumarka ixtiraaamaynin khiyaaamaaayo ooona ka oooysiiinayaaan,0,0,1,0,0,0
som_train_track2_2202,Adaaa nabaray todobaaadkiiiba heees eee sooo day kama caaajisayne bro Sharma ninwayn sooo soooco ma adaaa dhawba😂,0,0,0,1,0,0
som_train_track2_2203,Farmajo waaa fashilmay siyasad xumidiiisa ayaaa halkas garsiiisay,0,2,0,0,0,0
som_train_track2_2204,Mahadsanid wlllo lkn wlll sida Internet waxloga barto noso gudbi mahadsanid,0,0,0,0,0,0
som_train_track2_2205,Muhiiim ma ahan in aaad leeedahay muuuqaaal qurux badan balse waxaaa muhiiim ah inaaad leeedahay Caqli wanaaagsan iyo Qalpi saaafi ah ooo ka fog cuqdad iyo xumaaan,0,0,0,0,0,0
som_train_track2_2206,Dalkiii saaado cali indooor ooodahab shilll ka mid yahay iyo d adkale ooo awrkiraaalayaaala   ayaaa kadabeeeyay taaasi waaa cadaaan   classsic beeen ma sheeego sooomaaali land   waaayuhuuud yuhuuudina muslin uma   naxdo,2,0,0,0,0,0
som_train_track2_2207,USER Waaa war fiiican itooobiya waaa walaaalaheeen Sida kenya cml weeeye Ilaaa Baraaawe Ilaaa Kismaaayo baaa la geynayaaa Gedo sifiiican ha lagu sooo dhaweeeyo itooobiya waaa walal Jira sida Masar ooo kale,0,0,0,0,0,0
som_train_track2_2208,Cabdigoood ayuuu dirisle isku badalay,0,0,0,0,0,0
som_train_track2_2209,Chelsea ayaaa laga yaaabaaa inay weeeraryahanka France Marcus Thuram kula sooo saxiiixato wax ka yar 10 milyan euro  886m bishaaan iyadooo 25 sannno jirkaaan qandaraaaskiiisa Borusssia Monchengladbach uuu dhacayo dhamaaadka xillli ciyaaareeedkan  URL,0,0,0,0,0,0
som_train_track2_2210,Maxaa dhacay markii Shah Rukh Khan  uu Xaramka ku arkay nin yaraantiisii daawan jiray aflaantiisa?,0,0,0,0,0,0
som_train_track2_2211,USER Nin moooday inu dadka dhan caqli iyo cilmi dheeeryahay iyo nin moooday inu dadka dhan karti iyo raganimo dheeeryahay hadey isqabtaaan maxaaa kaso baxaya Way isku burburayaaan,0,0,0,0,0,0
som_train_track2_2212,dirisele qof qaliya ooo aaan utageeero ayaaatahay eee aleee haku dhawaro,0,0,0,2,0,0
som_train_track2_2213,Walal wa ku duceeeyay ilaaahay haku sooo hadeyo anagana hana dhawro,0,0,0,0,0,0
som_train_track2_2214,Waxaaan Daaawaday Mid Kamid Ah Maxaaabiiisti Laga Qabtay Alshabaaab Dagaaalkiii Maaanta Ee Degmada Baxdo Kadhacay Waxaaa Wareysi Ka Duuubaaayay Taliyaha Degmada Cadaaado Mohamed Cadceeed Maxbuuuska Suaaalaha Lawaydiiinaaayay Waxaaa Kamid Ahayd Matukata Salaaada  Wuxuuu Ku Jawaaabay Maya ,0,0,0,0,0,2
som_train_track2_2215,Nio filimkan markaaa daaawaday aaa waxaaa dib usooo daaawaday filimki labi xaaasle waxaaa igu sooo dhacay maaarish iyo sucaaad ninka iska guuursanaaayo waaa nin diyadiiisi horay looo shubay calashan haday Ku xanaaaqan waaa looo yaaaba,0,0,0,0,0,0
som_train_track2_2216,Marka kursigiii Xildhibaaan nimo eee aaad dartiiis dad u laysay laguuu diiido waaa caaadi inaaad ninkiii kuuu diiiday dambigiii laguuu heystay dusha ka saaarto waxaaanse caaadi aheyn Ikraaan ooo la ogyahay in dilkeeeda uuu la xiriiiro dilkiii Eng Yariiisow aaad dusha u saaarto nin aaan madaxba aheyn waaagaaa,2,0,0,0,0,0
som_train_track2_2217,Marna ma la kulantay Xeeeb Labaaad ooo qalalan laguna dul sheeekeysanayo iyadooo ay adag tahay in dabaaal lagu tago  dhacdo naaadir ah iyo xeeeba liiido aaan dib u jileeecnoHasssan Laki Salad Hasssan ayaaa ka waramaya USER Muqdisho Xeeebta Liiido P2 URL,0,0,0,0,0,2
som_train_track2_2218,Kan adiga social media ka caya eee 10ka sano ad iskaga xukunto ma kufsi buuu geysty isagu ?,1,2,0,0,0,0
som_train_track2_2219,Talyaaaniga ooo Masar kala hadlaya xakamaynta tahriiibka iyo gaaasta ay Yurub u baaahan tahay URL,0,0,0,0,0,0
som_train_track2_2220,Filim jacayl ooo aaad iii qiiiro galiyay waaaye filimkaaan,0,0,2,0,0,0
som_train_track2_2221,Ciiid Mubarak dhammman ummmaddda Islaaamka Ummmaddda Sooomaaaliyeeed iyo Shacabka Reeer HirShabellle  Waxaaan Ilaaaheeey ka baryaaayaaa inuuu Abaaarta naga dulqaaado quluuubteeenana burcad isu mariyo  Sannnadkaaan kiiisa kale Khayr Inshalllah  URL,0,0,0,3,0,0
som_train_track2_2222,USER Daruuufo way jiraaan lakin mid ha ilaaawin dunidan an jooogno qof diiidayo malahan gabar qurux badan ooo ad nolasha la qaaadato iyo gaaari guri Iwm Marka iska fahan meeesha ay wax ka jiraaan ama problem ka jiro,0,0,0,0,0,0
som_train_track2_2223,Dhamaaan inta ka qeyb qaaadaneyso mahadsanidiiin  URL,0,0,0,0,0,0
som_train_track2_2224,Illlahow usooo dhaweee ilmahediii,0,0,2,0,0,0
som_train_track2_2225,Sooomaaalidiii hore waxay ahaaayeeen dad qadiyad leh ooo wax iska dhiciya. Laaakiiin maaanta sooomaaalidu waaa : 1. Mid ciyaaal siiiye ah ama ciyaaal yoooyooo ooo sida gaaalada u xiiirta surwaaalkuna uuu ka dhacayo ooo futa qaaawan. 2. Siyaaasi beeenaaale ah jaaajuuus ah tuuug ah,0,2,0,0,0,0
som_train_track2_2226,Ax allle hau so dhaweeeyo ilmaha yaaar hoooyo waaa dareeemya xanuuunakye leeedaye calamao haka ifiiiyo,0,0,2,0,0,0
som_train_track2_2227,USER SL waaa dawanaysaaa si fiiican waaa ogtihiiin in awoooda qudha eee jooogtaaa ay tahay iyaddda  Mushxarada moooyeee dhuludhacaga danbe hubso,0,0,0,0,0,0
som_train_track2_2228,USER PL iyo RerPL ba waxeeey wax kuyihiiin isgarabqabasho iskusamar istaaageeer ayuga ooo naceeeb moyeee wax kale looo haynin ayey isku tashadeeen marka caqliga saliiim ka ah ayaaa diiidaya nin rerPL ah FahadFarmajo kuyirahdaaan kacooo dalkaaadi sooo dumiIlaaawi mayno wixiii Bosaso kadhacay,0,0,0,0,0,0
som_train_track2_2229,Mnzha alllah aniga waaan kugu rac sanahay wlll ilahey kheeer ha ku siyo wax badan ooo gulestayaaal iyo fashilpa inooo sodiyaaari cashar ayana ka qada neynaaa wlll eee nosooo badi,0,0,0,1,0,0
som_train_track2_2230,Xubin Ka Tirsana Urur Siyaaasadeeedka Siyaaasada ku Fashilmay eee Wadani  Anigu inaaan dagaaalka galo Hargeisa ayaaan uga imid Qorina waaan sooo iiibsadey Dagaaalka waaan ugu horeyno eee aynu Iidooorka iska xoreyno Aayatulllaaah CQaaadir Hagar URL,0,2,0,0,0,0
som_train_track2_2231,Sorrry hoooyadaaas muragad farxad allle ha ugu bdal,0,0,2,0,0,0
som_train_track2_2232,Ax xanun badna Alllah ha uso dhaweyo hoyadas beeerkedi laxady😭😭😭,0,0,3,0,0,0
som_train_track2_2233,Masha alllah sxb hore u soco waxaaan ka codsanaaa inaaa barnamij noga sooo diyaaariso gobolka kashmiiir ooo u dhaxeeeyo India iyo Pakistan   mahadsanid bro,0,0,0,0,0,0
som_train_track2_2234,Waaa mid ka waxyaaalaha ula kaca ah eee lagu wiiiqayo awoooddda dowladdda dhexe lana weyneynayo maaamul goboleeedyada  Sow kama fiiicneyn inuuu James Swan uuu sooo qoro Madaxweyne maaamul goboleeed  Dal baaw horta yaaa ku leh  Sovereignty tiga Somalia ayaaa meeel loooga dhacay  Maxaaase xiga URL,0,0,0,0,0,0
som_train_track2_2235,Muhiiimada waaa Qisada haduuu dooono haddda ayuuu heli karaaa lacag badan amaba dhiman karaaa nuxurka aaan noloshiiisa ugu baaahanahay muuuqaaalkuna ku saaabsan yahay waaa godka uuu ku dhacay iyo sababta uuu ugu dhacay mahadsanid.,0,0,0,0,0,0
som_train_track2_2236,Itoobiya maxaa dhib ah ood kala kulantay? ,0,0,0,0,0,0
som_train_track2_2237,cabsi cabsi waaaye😂😂😂,0,0,0,0,1,0
som_train_track2_2238,Haddde ogaaada labadaaas dhacdo waxaaa dhib badan tan caaawa balse oookiyaaalaha u xiran Xildhibaaan Odowaaa caaawa iyo kiii u xirnaaa habeeenkaaas waaa kala duwan yihiiin  24saaac kadddib Xayaaat hotel dad iyo hanti ayaaa burburtay walina waaa sidiii,0,0,0,0,2,0
som_train_track2_2239,Beri danbe eee dhihi dooontaaa waaa la iga jabsaday barnaaamij kiii aaan ku isticmaaali jiray mobilkeyga ilmo edab daran awoootadoooda eee u il jabshaaan maqli jiray,0,2,0,0,0,0
som_train_track2_2240,Zxp isaga ayan rabaaa inan si tooos ah ula xidhiiidho wayo qofka nocan ooo kale ah waaa in laga agdhowaaada inkastooo aaan kala fognahy qofkiii iga cawin karaaa wan so dhawaynayaaa zxp adna thanks,0,0,0,0,0,0
som_train_track2_2241,Waxaaan halkan oooga tacsiyeeenayaaa mudane USER ooo walaaalkiiis maaanta ku shiiiday qaraxa Muqdishu ka dhacay ilaaahay naxariiistiii jannno haka waraaabiyeee marxuuum Sayid Cali Cabdi Wardheee inta ku dhaaawacan tahay na Alllah ha shaaafiyo,0,0,2,0,0,0
som_train_track2_2242,sooomaliya ha burburto idam allle wa bil ramadaaane amiiin amiiin amiiin,2,3,0,0,0,0
som_train_track2_2243,Saraaakiiil sar sare eee Militariga dalka Ethiopia ooo maaanta kasooo dagay Garooowe international Airport kuwaaaso kulamo laba geeesoood ah la lahaaan dooona Dowlada Puntland Somalia Somalie URL,0,0,0,0,0,0
som_train_track2_2244,"Maxamed Cabdi Alto: ""Waxaan dib usoo nooleeyaa heesaha fannaaniintii dhintay""",0,0,0,0,0,0
som_train_track2_2245,Ma iga jabin rabtaaa hhh,0,0,0,0,0,0
som_train_track2_2246,Kuwasina wa abahay anaguna waxay ka tagen ayan leeenahay waxba walllal ha niyad jabin dhalinyarda,0,0,2,0,0,0
som_train_track2_2247,Shalay ayuuu isku dayay isaga ooo wata Id  Card waqtigiiisa dhacay in uuu ku sooo galo Villla SomaliaKoooxaha ku shaqada leh amaaanka Villla Somalia ayaaa u sheeegay in IDCardkaaan uuu dhacsan yahay isla markaaasna uuuna ku gali karin Villla Somalia  URL,0,0,0,0,0,0
som_train_track2_2248,Balantu waaa sideeediii dhawaaan ayaaana sooo gelin dooonaaa,0,0,0,0,0,0
som_train_track2_2249,USER Asc wlll waxa aaan ahay Inan dhaliyaro ah waxa aaan YouTube channnel kaaaga kusooobiiiray bilaygiiisiii  Wlll waxa aaan rabaaa in aaan wax akhriska bilaaabo ilatali wlll waxa Jira video aaad kaga waramaysay talobixinta buuuga ismalure si daaac ah wax igu sheeeg wlll mahadsanid,0,0,0,0,0,0
som_train_track2_2250,Ciiidamada XSHM ayaaa tiro madaaafiiic ah ku weeerartay xarunta Madxtoooyada eee Villla Somalia  9 Madfac ayaaa ku dhacay xarunta Madxtoooyada ooo 3 kamid ah ay ku dhaceeen guriga Garguuurte halka Inta kale ay ku dhaceeen wasaaarada Warfaaafinta iyo xarunta Baaarlamaaanka DF,0,0,0,0,2,0
som_train_track2_2251,Sideebaad uur ku yeelataa sidii lagu qabo? ,0,0,0,0,0,2
som_train_track2_2252,USER Waxaaan kuuu sooo jeeedinayaaa IN HSQIn ANIGOOO kamida malaaayiiinta dhinyatada sooomalilyeeed dunida daaafeheeega kala joooga islamarkaaana saluuugsan durba nidaaamkaaaga Aargooosiga kudhisan Ayna Gadhwadeeeno KAYIHIIIN ABBB da qoyskaga hooose ooo cadhaysan,0,2,0,0,0,0
som_train_track2_2253,46Marka duraha Jiiilaaal dhaceee doooggga la idleysto Duuurkiyo dayada Hawd markay Debec ku sooo ooonto Laaaskuuu ku DALANDOOOLI jirey looogu degi waaaye Cali Aadan Calidhuuux Debec waaa hal ama geeel URL,0,0,0,0,0,0
som_train_track2_2254,Doooda odhanaysa Federal inaguma cusba waaase waxaaan looojooogin kuwiii hore ulashiryimina waaa loooquuusgoooyay kuwakalena lagadhagaysan maaayo Mashruuucna Qaranimada SOMALILAND waxba kama bedelayo  Hanooolaaato SOMALILAND URL,0,0,0,0,0,0
som_train_track2_2255,"Waa kuma Cabdiqaadir Ikrima, ninka xashiishka cabi jiray ee noqday hoggaamiyaha halista badan ee al-Shabaab?",0,0,0,0,2,0
som_train_track2_2256,"Wlhi waxaaan run ah In aaan 2 wax meshaaan uga Jeeedo tan 1aaad   ilmo yar yar ooo chanelll.furtay ooo dhagaha Waxa looogu shubay iyo Daruuuf Qabiiil heyso , iyo 2aaad ooo ah tariiiqyo Qabiiil Oo aaanaynayo ooo Sal iyo Raaad kula Jirto Qabiiil , marka Qabiiil qaran Ma noqdo 🙏🙏🙏",0,0,0,0,0,0
som_train_track2_2257,mahadsanid macalin alaha ku ogaysiiiyo aaanay dadka badidoooda garanaynin,0,0,0,1,0,0
som_train_track2_2258,MUDANE maxa dhacay malmahani   qaybti 25 iyo 27 manu heline,0,0,0,0,0,0
som_train_track2_2259,Shacbiga Baydhabo eee la rabo in la maaamulo qayb wayn ooo ka mid ahi waaa kuwaaas ay sooo barokicisay abaaartu iyo argagaxisadu  Dadkaaas duruuufaysan xaaalkoooda sidiii wax loooga qaban lahaaa eee looo gacan qaban lahaaa in siyaaasiyintu ka fekeraaan ahayd  Nasiiib xumo  URL,0,0,2,0,0,0
som_train_track2_2260,USER Waaan kuuu ogahay in aaan isku mid kuuu nahay balse Hasssan aaad taaageeero u tahay in uuu sharaflaaawe yahay ooo caaawa beeentiii uuu sheeegay lasooo dhamaaatay ayaaan kuuu ogahay wixiii uuu wadayna waxay ahayd qabyaaalad iyo cunsurinimo,0,2,0,0,0,0
som_train_track2_2261,USER Madaxweyne USER waxa aaan ka mid ahay dhalinyarta reeer somaliland sidaaan ka daaawanayo aaaladaha la isticmaaalo ama si khaaasba Faceboook amp twittter waxa jirtay in aaad gebilay dhexe orday sidaaaso kle waxa naga codsi ah in aaad burco nala orodo marka aaad timaaado qala jabinta ardeyda,0,0,0,0,0,0
som_train_track2_2262,Maxaaa dhacay wlll,0,0,0,0,0,0
som_train_track2_2263,Ninka galay Israel eee Sooomaaaliga ah? Hadaaan dhihi lahaaa malaha waaa barwaaanina waxaaad dhahday Faaarax Xiiiray. Waaa Maryooolay. Isma qabato.   Waxaaa igaga siii daran kuwa u oooyaya NSSS-tiii Siyaaad Barrre! Waxay ahaaayeeen institution bar wasakh ah ku ahaaa taaariiikhda ,0,2,0,0,0,0
som_train_track2_2264,War niyo halaha ugu qosolka badan waaaye wlhi 😂😂😂,0,0,0,1,0,0
som_train_track2_2265,Markabka dagaal ee USS Coll oo mar kale dib ugu soo laabmay Khaliijka,0,0,0,0,0,0
som_train_track2_2266,USER Rooobooow mahad salaaad geeel qal iyo fiqi 19991 waaa isku mid  Mahad salaaad geeel qal iyo fiqi 19991 ooo xilal looo magacaaabay maxaaa u diiidaaayo in Rooobooow xil looo magacaaabo kuligoood waaa argagixiso,1,2,0,0,0,0
som_train_track2_2267,"Wasiir caafimaad oo ku faantay ""dawo dhireedka Korona"" oo uu hadda cudurkaasi ku dhacay",0,0,0,0,0,0
som_train_track2_2268,suaaal markaaa ma muslim ayuuu ahaaa antoni quen? mahadsanidin...,0,0,0,0,0,0
som_train_track2_2269,Lambarkayga waxa uuu noqday sida policeka ooo kale kaliya waxa lasooo wacaaa marka ay dhibaaato dhacdo,0,0,0,0,0,0
som_train_track2_2270,22Waaayahay su aaashu waxay Tahay  koooxada shabab ma yihiiin khawaaarijSida muuuqata Jawaaabtu waaa maya sabab waxa uSooomaaaliya kama jirto dowlad 1000 ka talisa dadlka iyo koooxada shabaaab iyo wixiii la mid ahOo jiritaaankooodu ka dhashay dowlad la aaantaIyo burburka ka dhacay,0,0,0,0,0,0
som_train_track2_2271,Illlaaahaow waaa saaacatul ijaaabe dulmigaaa ka fayd ooo guuusha siii,0,0,1,0,0,0
som_train_track2_2272,wlhi wxn aqaaana family dadkodi ethopia layeeen sido kale family hubiye kuso dul dhacay e hal quf kaliya ka bad baaaday war mahesaaan somali 28ka sano o aaad nabad aheden.malinti wxa dhimanesay dad ka bdn 5000 o quf adeeer somali we is dishay wana ladilay war idin naqo mayo hada ,0,0,2,0,0,0
som_train_track2_2273,Noloshu dhawr jeeer ayay i riddday  Waxay i tustay waxyaaabo aaanan waligay rabin inaaan arko  Waxaaan la kulmay murugo iyo guuul darrroooyin  Laaakiiin hal shay ooo hubaaal ah mar walba waaan kacaaa  URL,0,0,0,0,0,0
som_train_track2_2274,Jack maba qoslo ma xa   ku dhacay😇😇😇,0,0,0,0,0,1
som_train_track2_2275,Jimco Juuun 3 20222 HOL  Warar dheeeraaad ah ayaaa kasooo baxaya dagaaal geystay khasaaare kala duwan ooo ka dhacay duuuleeedka magaaalada Kismaaayo eee xarunta gobolka Jubbbada Hooose  URL,0,0,0,0,1,0
som_train_track2_2276,Wlhi waaa wax laga xishooodo inuuu gabadha iska dhigo nacaladi Ku dhacday,0,2,0,0,0,0
som_train_track2_2277,Ax ax sorrry abaaayo haniyo jabin naxariiista eeebe way furantahay marka abayo insha alllah wad heli cafumad kagiii😥😥😥,0,0,2,0,0,0
som_train_track2_2278,Maxaaa ka jira in AMadooobe uuu Yurub u tegay doood ku saaabsan dadka isku jinsiga ah URL,0,0,0,0,0,0
som_train_track2_2279,Maamulaha Twitter: Mamnuucidda Trump waa 'sax' balse waa 'halis',0,0,0,0,2,0
som_train_track2_2280,Dhibaaatada ay leeedahay ummmi nimada heysata laaamaha amniga Somalia waaa ayadooon jirin tixraaac cilmiyeysan ooo qoran ooo ku saaabsan sida loooga hortagikaro dhacdoooyinka amnidarrro iyo sida looo maaareeeyo marka ay dhacaaan,0,2,0,0,0,0
som_train_track2_2281,Ganacsiga Dahabka: Waxyaabaha muhiimka ah ee la eego marka dahabka la iibsanayo,0,0,0,0,0,0
som_train_track2_2282,Subxanalaaah wlllhi xubin aaad u muhiiim ah ayuuu ka jaray Alllow cungas nolasha u farxad gali siduuu dib ugu heli lahaaa Xuwintiiisa,0,0,3,0,0,0
som_train_track2_2283,Faaahfaaahin dheeeraaad ah ayaaa ka sooo baxaysa qarax ismiiidaaamin ah ooo Caaawa ka dhacay albaaabka hore eee Xero lagu tababaro Ciiidamada ooo ku taaallla magaaalada Muqdisho  Qof is miiidaaamiyay ayaaa sida wararku sheeegayaaan isku dhexqarxiyey Xerada looo yaqaaan MAC NACA halkaaas ooo nd Post URL,0,0,0,0,2,0
som_train_track2_2284,USER Wasiiir midabkan baaa malahayga qummman  Muuunadddiii calanka burburkiii baaa qayiray eee in la ilaaaliyo ayay rabtaaa  Magan Allla  URL,0,0,0,0,0,0
som_train_track2_2285,Mareykanka iyo Soomaaliya: Ma laga yaabaa in Biden uu ciidamadii Trump uu la baxay dib ugu celiyo?,0,0,0,0,0,0
som_train_track2_2286,Dadka ayaaad ku dhawe lahayd,0,0,0,0,0,0
som_train_track2_2287,LATEST Faaahfaaahino kasooo baxaya dagaaal xooogan ooo Xalay ka dhacay deeegaaanka Bacda eee gobolka Hiiiraaan URL URL,0,0,0,0,3,0
som_train_track2_2288,"""Haweeney masiixiyad ah ayaan u ekeysiiyay gabar Soomaali ah oo xanuunsan""",0,0,0,0,0,0
som_train_track2_2289,TACSIWaxaaan murugada la qeybsanayaaa Shacabka ooo shalay Tr ahayd 291020222 ku dhamaaaday Qaraxiii Zobe  Inta dhimatay Alllah ha u naxariiisto dhaaawaca ha caaafiyo dadka la layahay ayaga ooo nabad qabo ha ku sooo celiyo reeerahoooda dadka ku hanti beeelay bedel kheyr leh ha siiiyo,0,0,3,0,0,0
som_train_track2_2290,Walaaashay walaaahi haniyad jabin qadar ayaaa kudhacday Alllah waaa kubogsiiinayaaa waxaskasta ooo kugu dhaca waaa wax qoran ducayso alllana Bari Alllah hakuuu gargaaaro hadaaad caaafimaaad hesho waxkasta samaynkartaaa insha Alllah ilaaahay caaafimaaad dag-dag hakusiiiyo,0,0,2,0,0,0
som_train_track2_2291,USER Khawaaarij amp Moooryaaan waaa isku mid  Maxaaad Somali u qabatay waaa adiga iska dhigaaaya nin wax u qabtay Halanecartels ayaaa wadan ka maaamusha odey Somali waxba ma oga  URL,2,0,0,0,0,0
som_train_track2_2292,Asc bro omar waxan jeclan lahaaa si shaqsiyan inaaan kuuula sooo xariiiro wiiil ayaaan ahay si dhaw inuuu kula xariiiro jecel waxna ka faaaideysto meeel an kaaala sooo xariiirio plz isheg???,0,0,0,0,0,0
som_train_track2_2293,Nacalaaa abaheeed ku yaaasha khanidaaa qaylada naga daaa dhe oromo wax laso dhawaysto maaahe wax laga xaday ma jidheee,2,0,0,0,0,0
som_train_track2_2294,"Waxay ahayd qiso aaad u xiiiso badnayd, mana ahayn mid lagu caaajisi karo,   Qiso la yaaab leh ayaaa ay ahayd casharrro badana ku duuugnaaayeeen kuuuna xiiiso galinaysa in aaad wadankaaaga u hurto nafta iyo maaalkaba mahadsanid mar kale wlll",0,0,0,2,0,0
som_train_track2_2295,"Covid-19: Dhibaatada ""been abuurka qosolka leh"" ee laga sameyay tallaalka Coronavirus",0,0,0,0,0,2
som_train_track2_2296,Dadbaaa daydayaya ilmo😔,0,0,0,0,0,0
som_train_track2_2297,USER Waaa in dowladu xayirtaaa acount yada looofuray in lacagaha sida afminshaaar nimada ah looogu dhacayo  Waaa in laga hortagaaa ooo lasooo xirxiraaa kuwa nasuuulka ka ah mashruuucaaan,2,1,0,0,0,0
som_train_track2_2298,Runtiii hal malin anigo kudhawan maba jooogi karaaaye,0,0,0,2,0,0
som_train_track2_2299,Mashlllah gabar qalbi ficne illlaaahy ku dhawro abaaayo ❤i❤❤❤,0,0,0,0,0,0
som_train_track2_2300,Maxaa ka jira in burcad badeedda Soomaalida ay ka faa'iideen weerarrada Xuutiyiinta,0,0,0,0,0,0
som_train_track2_2301,Wax ka ogow meelaha ugu halista badan ee ay tahriibayaashu maraan,0,0,0,0,2,0
som_train_track2_2302,USER Qosolka iyo farxada marbaaa kagu dambaaabaaa waxaaa farxi kara shaqsigi jannna looogu bishaaareyo,0,0,0,0,0,0
som_train_track2_2303,Maxaa ku dhacay Jaajumoow markii uu is yiri u hiili nin ajnabi ah oo askar ku dhaganayd balse uu ku tilmaamay 'xafaayadiisa'?,0,0,0,0,0,0
som_train_track2_2304,funanadu   shilin zomali🤭,0,0,0,0,0,0
som_train_track2_2305,Bbbb wan ladhacay qaaabkaaad bistooolada ugu tooortay abliiink jeeek laaakiiin meeeting waxaaa larabay in ay sameyso dhaq dhaqaaaq markay aragtay wiiilka matelayo xaaajigeeeda asxby wad keeenteeen jiliiinka hori usocda.,0,0,0,0,0,0
som_train_track2_2306,mahadsanid sxb alllaaah haku barakeeeyo wlll,0,0,0,2,0,0
som_train_track2_2307,Ha isku dayin in aaad noqoto biniaaadam aaan khaldamin taaasi waaa mid aaan suuurto gal ahayn balse noqo biniaaadam yaqaaana khaladaaadkiiisa taaas ayaaa ah wax weyn  Inad khaladkaaada taqan ma aha doqonimo eee wa awod aysan cidwalbahi KU dhiranNafyar DarenkaAamusan,0,0,0,0,0,0
som_train_track2_2308,Madaxweynaha Jamhuuuriyaddda DR Xasan Sheeekh ayaaa gaaaray magaaalada Riyadh eee dalka Sacuuudiga halkaaas ooo si diiiran looogu sooo dhaweeeyayMadaxweynaha ayaaa ka qeyb galaya shirka dalalka Carabta iyo Shiiinaha kaaas ooo loooga hadli dooono iskaaashiga iyo horumarka URL,0,0,0,0,0,0
som_train_track2_2309,Xolahago kamaqan gacanqad lamasameyo ooo waaa kasifoganayan yaaaiskahorkenay ooodalbay   iskudhac kenya dad dilmiya mase dad tooosin cabdiwaligas turki utAgan kenya kulaniyay iyo sudaneys qarson,0,0,0,0,0,0
som_train_track2_2310,Wan ku faraxasanahy lacag waxaba ma ah dad badan aya ku faraxasana dhibka ku dhacay family xasan shiiiq insha alllha wa guuul,0,0,0,2,0,0
som_train_track2_2311,Madaxweyne USER ooo kormeeeray deeegaaanka MasaaajidCaliGuduuud eee Shabeeelaha dhexe ayaaa bogaaadiyay ciiidamada iyo saraaakiiisha guuulaha kasooo hoooyay dagaaalka Khawaaarijta waxuuuna adkeeeyay in looo guntado criribtirka koooxaha argagixisada ahSomalia URL,0,0,0,0,0,0
som_train_track2_2312,USER bahashiii doqoniiimo ahayd eee sida darrran sooomalidu u cayday ma aaayar baaa la kala qaaadayaaa,0,1,0,0,0,0
som_train_track2_2313,War dadkan waxey raban iney somaliya burburto moye nabad maraban ha biqleso meshey ka qaldan dahay bahasha walo jedaye go an ha ka qataaan somalilan wlhi wax ino dhimenina inoga ronate kuwan,0,1,0,0,0,0
som_train_track2_2314,Runtiii waaa arij cajiiiba ooo tuuugo qudha maaahe waaa bahalnimo cad dawladu wa inay si degdeg ah uga hawl gasha arinka ilmaha yarna looogu raaadiya illlahyow so dhaweee illlahyow so dhawe,0,2,0,0,0,0
som_train_track2_2315,Daawo: Heesta hadal haynta dhalisay ee Oomaar Barbar ee ku saabsan guurka Marooko iyo haweenka Soomaalida,0,0,0,0,0,0
som_train_track2_2316,Hesow pro waxan jecelahay filmo inaaan sooo saaaro lkn ma helllo qof iga caaawiya YouTube waaakan 2k   ayaaan haystaaa balse hadi aaan wadan kula jooogi lahaaa waaan kula sameyn lahaaa filmo ruwaaayado aaad ukla kacsan keeep going pro,0,0,0,0,0,0
som_train_track2_2317,USER Dhulbahantena iyo Warsangali wax tuuunka lagu qaaato aaad iyo aaad ayeeey uga badan yihin,0,0,0,0,0,0
som_train_track2_2318,"Mamnuuca xarafka ""xanuun baabi'iye"" si dadka ay isaga yareeyaan dawada",0,0,0,0,0,0
som_train_track2_2319,Madaxwyane Xasan sheeekh marka uuu ertrea jooogay wuuu qoslayay waliba si aaad ah markiii muqdisho yimidna waaa oooyayaaa sababtu maxay tahay  Ma waxay ahayd marku wilasha la jogay inu oooyo mise marku ka yimid URL,0,0,0,0,0,2
som_train_track2_2320,Axad November 27 20222 HOL  Nin kasooo jeeeda qooomiyada Oromada ayaaa xalay feeedh jilib ku dilay wiiil 222 sannno jir ah dilka ayaaa ka dhacay afaaafka hore eee Guuuleeed Hotel eee magaaalada Hargaysa  URL,0,0,0,0,2,0
som_train_track2_2321,USER Horta Samarooon ma Somaliland keliya ayay cadddaaalad darrro ku haystaaanBal is waydiiiya sida Dds Samarooon xaqqqooodiii deeegaaan iyo wadan ba looogu diiidayDaaarooodkan idin nacam laynayaaa way og yihiiin balse Somaliland inay burburiyaaan kaliya idinku jiiibinayaaanURL,2,1,0,0,0,0
som_train_track2_2322,Sawir Cusub ooo Laga Sooo Qaaaday Fanaaanadiii Caaanka ahayd eee Hibo Maxamad Hudooon  Hibo Nuuura Heeesaheeediii Maxaaad ka xasuuusataaa  URL,0,0,0,0,0,0
som_train_track2_2323,Waad ku mahadsan tahay ixtiraamkaaga. ,0,0,0,2,0,0
som_train_track2_2324,irida lamaglaaay waxa isku qarxiyay shaqsiga hadane gaaariga dheynaw aya ku xigsaday qasaaaro dhimasho dhawac intaba wa jira alow yasir beledwayne,0,0,2,0,2,0
som_train_track2_2325,Waxaaan dhibka iyo murugada la qeybsanaya Walaaalaha Muqdisho Dhimashada Dhaaawaca iyo Hantidu kaga burbureeen weeerarkiii Hayat Hotel Eebe Nabadwaaarta iyo xasiloooni siyaaasaded ayaaan rajaynayna Mogadishu Somalia URL,0,0,2,0,0,0
som_train_track2_2326,Farmaaajo iyo laftagreeen waaa laba dhinac ooo isku mid ah isku daygiii mudddo kordhinta Farmaaajo eee fashilmay ayuuu isku dayaya in uuu sooo celiyo Madaxweynaha Kooonfur Galbeeed isku daygaaan uuu wado waxa uuu hor seeedi dooonaaa dhiiig in uuu ku daaato Kooonfur Galbeeed URL,0,0,0,0,2,0
som_train_track2_2327, Si kasta ooo aaad naaagta u tusiso rabitaaankaaaga macna saaas ah lama laha hadiii aysan rabitaaan kuuu haynin ninka ay rabto sharci kasta way u jabinaysaaa adiga marka aaad iyada rabto xujoooyin aaabeheeed xataaa awooowdin Bay wadataaa  Joooji daba oradka awooowDR XALIYE ALI,0,0,0,0,0,0
som_train_track2_2328,Anaga waxaaan Taganahay Saaan lkn sxb keeey Waaan jeclahay iga dhaaaf Arsenal Waaan ku xajiiimooodaaa Adeeerkaaa ilaaaheeey Cafis ha waydiiisto Lkn Wali Maryland Waaa nin rag ah  URL URL,0,0,0,0,0,0
som_train_track2_2329,Malyun ayadha garooob eeeh rerke burburine hahah,0,2,0,0,0,0
som_train_track2_2330,macalin mahadsanid   adooo iga raaali ah waxaaan kaaa dalban lahaaa   inaaad nooo sooo dayso taaariiikhda   halyeygiii islaaamka   seeeftiii ilaaahay waaana mudanihiii khaaalid binu waliiid {RC},0,0,0,1,0,0
som_train_track2_2331,Sidee loo fashiliyey 'weerarro ay Xamaas ka gaysan lahayd Yurub',0,0,0,0,2,0
som_train_track2_2332,Somalidu doqon Sana 1000$ miyad sharaftina ugadan haysan Wuxu raba in lawada share gareyo kadib uuu view badan Helo 😛😅😄,0,2,0,0,0,0
som_train_track2_2333,Rabi waxaynu uga baryeynaaa inuuu dadkaaa dulmiga wada lagoooyo dulmiga 🇵🇸🤍🖤💚❤️🤲🏻🤲🏻☝🏻,2,0,0,0,0,0
som_train_track2_2334,Gabadhan muna ooohinta ma indhahe ka saaarsaaarantahay tan kale walaaaleeey wlhi daaan badan iska dhaaaf,0,0,0,0,0,1
som_train_track2_2335,Sarkaaalka horta nin jaaahil weyn ah meeesha maaamul ayaaa ka jira gabdhihiii hadiii dariiiqa sidaaan lagu bahdilayo qofkiii xaqa ka hadlana lasiii dilayo maaamulka hadiii raaali ka noqdo dulmigaaas bulshada lagu sameynayo aduuun iyo aaakhiraba ilaaahey uma dhaaafi dooono d,2,2,0,0,0,0
som_train_track2_2336,"Caaawa waxan moooday inay wax waliba agtayda ka dhacayaaan. Waxanan dhagaystay labo jeeer, lkn waxan sugu dooonaaa xaaalada kale eee xigi dooonta.",0,0,0,0,1,0
som_train_track2_2337,USER Waaa runtaaa Jabhadaha waxaaa ay keeeneeen burbur balse kacaaanka wuxuuu sooo kordhiye dhaqan xumo ah in xooog wax lagu maaamulo taaas ayaaana dhalisay in xooog lagu maquuuniyaaa  Aasaaaskaaa Dowladnimo eee shibilka ayuuu dilay,0,1,0,0,0,0
som_train_track2_2338,abo falah wuuu ku saxan yahy iNaaanu sheeegin dadka uuu kaso Jeeedddo mxaaa Yeeelllay hadddey dhacdo inuuu somali yahay qabiiil ayey la galayaaaN😂😂😂,0,0,0,0,0,0
som_train_track2_2339,Sxb sare taxanaha waqtiga aaad sooo galenesid yey dhaaafin 9habenimo geeeska africa mahadsanid,0,0,0,0,0,0
som_train_track2_2340,Xildhibaaano iyo Askar ayaaa saaaka isku dhacay Xil  Mubaaarak Muuuse Ismaaaciiil URL URL,0,0,0,0,0,2
som_train_track2_2341,Walaaalo macaaan saw ma ogid in catooosh laga eryey idaaacada BBBC da qabyaaalad jacayl iyo nin jacayl baaa lllga cayriyey dooofaaarka,0,2,0,0,0,0
som_train_track2_2342,Wariyaha qaaaliga ah eee codkiiisa iyo warkiiisuba ladhacay waxaaa iiigu naxdinbadnayd markiii ayqudbadaynaysay eee iyaguna dacada mooodayeeen,0,0,0,0,1,0
som_train_track2_2343,Safaaaradaha Mareykanka iyo UK eee Sooomaaaliya ayaaa si kulul u cambaaareeeyay weeerarkiii Argagixiso eee Arbacadiii ka dhacay magaaalada Marka eee lagu dilay 10 qof ooo uuu ku jiray gudddooomiyihiii degmada Clllaaahi Cali Waaafow  Sooomaaaliya URL,0,0,2,0,0,0
som_train_track2_2344,Waryaaa Dabaaalkaaan OOO filimka dhan fashiliyay maxaaa waaaye 😂😂😂,2,2,0,0,0,0
som_train_track2_2345,Argagaxisada lama jiro ninyahow sida loooga reyn karo mar walbo qoraaa balse walaaalooow Ciiidan Beleeed hub sita in laga dhigo maaaheee macquuul maaaha in la hubeeeyo 20222 ku filan SNA amp Maaamul Gobaleeedyada ciiidankoooda  Sooomaaaliya jabhad iyo wadaaadxume 32 ku filan barasho intaaa weeeye URL,1,0,0,0,0,0
som_train_track2_2346,Maxaa wali looga daba dhacsan yahay  Shah Rukh Khan 30 sano kadib?,0,0,0,0,0,0
som_train_track2_2347,Asc wlll faceboook page aaa samestay 1000 folllowers waaa dhaaafay eee lacag maka sameeen karaaa sideee looogu furtaaa lcgta please isooo jawaaab?,0,0,0,0,0,0
som_train_track2_2348,Waaan kula qabaaa in macalin shuceyb uuu helo cadaaalad iyo Magdhaw sidooo kale waxaaan jeclaaan lahaaa In labaaaro dhacdoooyinka Macalimiiinta Dugsi Quraaanka eee kufsiga lagu eeedeeeyay ooo dhan  URL,0,0,0,0,0,0
som_train_track2_2349,@@@SamiiirPoi23 🤣dadka ayaaa lagu madadaaalina only qof murugsan inuuu kufarxaaa laga yaaaba,0,0,0,0,0,0
som_train_track2_2350,Fariiin kawanaaagsan tan maaanta aaad sooo qortay waligay ma akhrin mahadsanid wariye,0,0,0,2,0,0
som_train_track2_2351,Ninkn le qosolka iga dhameyo youtuperka kaliya an dawado noso badi balaaayo dhip badane🤣🤣🤣,0,0,0,2,0,0
som_train_track2_2352,USER Ninba dahab lumay si u dooon dooon  Wixiii ay ila ahayd ooo daaacad iga ah ban ka hadlay  Oo ah inan necbahay in meeel ka mid ah degaaan somaliyed in warxun iga sooo yeeero  Tas ayan anigu ka digay  Muse bihi inu jogo weligiii ba ka kheyr rooon in qof somaliyed xabadi ku dhacdo,0,0,0,0,0,0
som_train_track2_2353,Waxey mudned in cirka lugu burburiyo 🔥🔥🔥,2,0,0,0,0,0
som_train_track2_2354,Waaa hadal biyo kama dhibcaaan ah runtiii Barkhad iyo bulshada uuu kasooo jeeedana waxaaan leeeyahay ha niyad jabina walaaalayaaal eee kor isu qaaada noqda bulsho isku xidhan ooo iska caaawisa waxyaaabaha bulshada hormariya sida waxbarashada iyo xirfadaha shaqo Somalida idinka,0,0,0,0,0,0
som_train_track2_2355,Pep Guardiola Shaaaca ka Qaaaday Sababti uuu u kordhiyay qandaraskisa man city ilaaa 2025 miyey ka aheyd lacag jacayl URL,0,0,0,0,0,0
som_train_track2_2356,Kuwiii magaca Irir Samaaale ku qaraaaban jidhay bay hada kadhex dilaaacday  Waxay isku caynayaaan xagan kuma sooo qori karo sooo baaadh  Sidooo kalana Namp N iyo D Inc baaa iyaguna is eryanaya  Anigana sifiiican baaan ugu raaaxeeeysanayaaa maaadama aaan necbay dadka dulmiga ku hishiiiya,0,2,0,0,0,0
som_train_track2_2357,Sanjay Dutt: Waan ku guuleystay dagaalkii adkaa ee aan ku jiray,0,0,0,1,0,0
som_train_track2_2358,USER Wasaaaradaha Qorshaynta amp Maaaliyaduba Sare u kac wayn ayey sameeeyeeen 34 tiii sano eee lasooo dhaaafay  Waxaaan ku kalsooonahay in Qorshayntu horumar wayn ay sameyn dooonto InshaAlllah laaakin dibudhac ayaaan maaaliyada uga cabsi qabaaa  URL,0,0,0,0,2,0
som_train_track2_2359,"Aniga   run ahaaantiii sheeekad waxyaaabo badan ayaaan ka faaa,iiidaysta ( waxaaan iiigu naxdin iyo layaaaba badanayda gabdhiii faransiiiska ahayd eee   maleeegay si xog looogo helo   iyo sidiii ay   gabdhaaasi farnsiiisku u la   talisay eee   saaamaynta Ku yeeelatay nafteeediii)",0,0,0,0,0,2
som_train_track2_2360,Waxaaa rabto miyaaa dadka u sheeegayzaaa   Germany 🇩🇪 afkodu waaa adag yhye   Somalina iskuma dhawa,0,0,0,0,0,0
som_train_track2_2361,Geeesiyaaasha Mucaaaradka Somaliland ayaaa ku dhawaaaqay mudaaaharaaadyo xooogan ooo loooga sooo horjeeedo Duli Muuuse BiiixiWaxaaana suuurtagal ah in maleeeshiyaaadka Muuuse Biiixi xabadeeeyaaan geeesiyaaasha banaaanbaxa dhigayaSomaliland Somalia URL,0,2,0,0,2,0
som_train_track2_2362,Inta ay Carabi kujirto ooo Cunsuriyiiin ahi waligeeed madhacayso dadka kale waaacaaadi,0,1,0,0,0,0
som_train_track2_2363,USER Ebow Mashaaa Alllah waaa rag Culus  Hadddaba dagaaalka AlShabaaab ayaaa la idinka rabaaa in aaad gacan ka Geystaaan ooo aaad dejisaaan kaaartadi Somalia loooga ciribtiri lahaaay  Waaari meeeysiiineee war hadin ka haro,0,0,0,0,0,0
som_train_track2_2364,Alllow naga naga sooo saaar mugdigaaa   Wlll layaaal iii sooo duceeeya illlahy inuuu wada xun iga duwo,0,0,2,0,0,0
som_train_track2_2365,Sida madaxweynuhu ba nooo sheeegay sannnadkan dal iyo dad xor ah ayaaa nooo balllan ah  In badan ayaaannnu ciiilka hooos u la oynay ooo fooolasheeennna murugo qarisay  In badan ayaaa waaalidkeeen iyo walaaaleheeenba dhiiiggga laga daaadiyey haddda se waxa naga quban dooona illlin farxadeeed  URL,0,0,0,2,0,0
som_train_track2_2366,Sidee qofku u fahmi karaa xilli hore calaamadaha wadno xanuunka?,0,0,0,0,0,0
som_train_track2_2367,Maaamulada Degmoooyinka Balanballle iyo shilaaabo ooo ay wehlinayaaan Saraaakiiisha new Boliska iyo Taliska Boooliiiska Balanballle ayaaa kulan loooga hadlaaayo Degaaaladiii Shalay ka dhacay Deeegaaanka Qurax shire eee qabalaha fadhigaraaadllle ku yeeeshay kana sooo Saaaray Qodobo Nabadayta URL,0,0,0,0,0,0
som_train_track2_2368,Waaar meeeshaaasi waaa bahalo galeeen! ma’aha meeel u qalanta in lagu nooolaaado. Allla ha u naxariiisto marxuuunka,0,0,2,0,2,0
som_train_track2_2369,Warye nagada sheeeko shaiiidan ka wax aaad bunbunisa sheeeko   wax ayaaa ku hooos jire   dad ka bilaaa imaaan ka   wax ka dhadhaci alllah ayaaa wax dhacay iyo wax sooo sosocoda   og sheeeko shayiiidan nagalataaag,2,2,0,0,0,0
som_train_track2_2370,insha alllah iskooorka ayaaan ka jabinayaaa ayaga dhan insha alllah,0,0,0,0,0,0
som_train_track2_2371,Subxaaanalllah damiiir xumaaa naaagta hoooyadaaa ka ooohisay ooo ilmiheeediii kala baxsatay waaa murugo wayn teeeda kale waxay muuujinay in wadankasi dawlad wax baaadhaaa jooogin waaayo meeel leh ccc-camera bay arintu ka dhacday in la baaadhaaa way fududahay,0,0,2,0,0,0
som_train_track2_2372,USER Dumar dhalmo ilmoood bay reeer ku noqotaaa Nina xooolo bixin marwo ku hantiyaaaOraaah baaa ahayd ma bariiis baaan gurigana ka waaayay,0,0,0,0,0,0
som_train_track2_2373,mahadsanid sxb macluuumad ku saaabsan wadanka austria nooo sooo gudbi wan kaaa sugayaaa,0,0,0,0,0,0
som_train_track2_2374,USER Cirifyadu waaa xalka kaliya eee noool eee baaadigooobi karaaa dowladnimada aynu raaadinayno balse waynu ka daaalney shaqsi la badalo Somaliland waxay u baaahan tahay system la badalo dad isu abti iyo adeeer ah aaanse looo kala abtirineyn   muuuse badal ooo ataaash keeen maaaha xalku,0,0,0,0,0,0
som_train_track2_2375,24 sano Nolol qurux badan Waxbarasho dhameystiran iyo Xasiloooni ayaaan Dhismaha Dowladnimada Puntland ka dhaxleyWaxaaan Rajaynayaaa Hormarka ooo siii kordha midnimada ooo si xooogggeysata iyo Puntland ooo Hormuuud u noqota Dhismaha Dowlad sooomaaaliyed ooo Milgo iyo Sharaf leh  URL,0,0,0,2,0,0
som_train_track2_2376,Runti filmkan wuxu ka hadlaya dhacdoyinka dhaco iyo saxibka xun qurux kudhigle best actor,0,0,0,2,0,0
som_train_track2_2377,Kobla dagooowi ya la siiin ka allle waxaaa laga wadaaa waaa qurux badan tihiiin ku lahaaa😂😂😂,0,0,0,0,0,0
som_train_track2_2378,Rabi waxan kaaaga barya sacadaha sooo socda inaaad maqashid warkiii ugu farhada badnaaa noloshaaada hadddi aaad itabto folllow.da mahadsanid I 🙏,0,0,0,0,0,0
som_train_track2_2379,USER Bihi iyo handlers kiiisuna Somaliland muhiiimad gaaaray u leeeday qolada ICda ooo waaa meeesha lagu sooo karkariyo burburinta Somalia way idin tijaaabiyeeen ogyihiiina in waxiiinuba taaayadho lagubo kusooo kooobmayaaan  Marka anu waxaaan idin odhan lahaaa u naxa dadkiiina iyo dalkiiina 2,0,1,0,0,0,0
som_train_track2_2380,Abdi hal waaan kugu raaacsanahay carabta waaa dad xun aaan naxariiis lahayn laaakiiin runti masjidul aqsa ayaaan ka murugooodaaa sida runta   carab dalkeeena ayey burburiyeeen ooo hadana nagu siii wadaaan ayagana waxan jeclaaan lahaaa inay burburan somalida badan koooda waxay dha,0,0,2,0,0,0
som_train_track2_2381,USER Sooo dhawooow walaaal waaannna nooo farxad in mar kale Akooonkaaagiii sooo noqdo,0,0,0,1,0,0
som_train_track2_2382,NISA amp Boooliska Haramcad ayaaa si buuuxda ula wareeegay deeegaaannnada Gandarshe iyo Jilib Marka ooo ay horay ugu sugnaaayeeen Khawaaarijta AS  Argagaxisada ooo laga dul dhacey ayaaa la gaaarsiiiyey Khasaaaro badan ooo isugu jira dhimasho iyo dhaaawac  Mahad Salaaad mahadkiii la mahdiyey URL,0,0,0,3,0,0
som_train_track2_2383,Aadyo aaad wuuu mudanyahay Ninkan waaan ladhacay ilaaah hadaaayo   Philosoph💘👈👔,0,0,0,2,0,0
som_train_track2_2384,Marka uuu qofku ku dhaco khayaaali ama mala awaaal waxa looo yaqaaannnaaa waaaliMarka kooox dad ah ay ku dhacdo khayaaali ama mala awaaal waxaaa la yiraaahdaaa diiin  URL,0,0,0,0,0,0
som_train_track2_2385,Hosow pro sxbow barnamijkan wanu ka helnay hadanu nahay asxaaabtaaada fadlan nooo sooo badi mahadsanid.,0,0,0,1,0,0
som_train_track2_2386,Hhhh wlky funnny bad tahay wlhi videoyadaaada aaad baaan ugu qoslaaa yara ad adeeeg cml😄😄😄,0,0,0,2,0,0
som_train_track2_2387,Aabe Axmed Faaarax Cawaaale ooo lahaaa inta Badan xooolihiii xalay Khawaaarijtu ku laysay Gobolka Hiiiraaan ayaaa Warbaaahinta Qaranka uga waramay dhacdadaaas fooosha xun  P2 URL,0,0,2,0,0,0
som_train_track2_2388,Xasbiyaaalaaah wanibca wakiiil nafteeedeyo iyo jirkeeediii   ilaaahy seeeyey   ayey rag qaran kuburburisey   wa mahadsantahy   maxmd ise,0,2,0,0,0,0
som_train_track2_2389,Maaanta leee qoslay mudo halsanu ku dhaw😂,0,0,0,2,0,0
som_train_track2_2390,Waaa waxn si fudud u dhacayn walhi   mana dhici dooonto Inuuu mar dambe *dulmi* dhaccco adeeer *Allle* dulmiga ma taaageeero Maaanta halkaaanu taaaganahy meeel noooga wanagsani ma jirto ...,0,0,0,0,0,0
som_train_track2_2391,Ma ogtahay in wali aaan la sheeegin qof u dhintay jacaylka Hoooyo Aabo iyo Caruuurta balse looo dhinto jacaylka qofka aaad jeceshahay mase ogtahay qofka la hubo hadddiii aaad rag tahay in uuu addduuunka kuuugu jecelyahay ay tahay walaaashaaaMmusa,0,0,0,0,0,0
som_train_track2_2392,"Kenya: Soomaaliya ""waxay isku dayaysaa in ay naga xirto suuqa jaadka oo shuruud uga dhigto muranka badda""",0,0,0,0,0,0
som_train_track2_2393,azc mahadsanid maracaddde aaad ban ugu hela arimaha sirdonka somaliya yaaa rabo ino ka qeeeb qato dib uso celinta awodeeena,0,0,0,1,0,0
som_train_track2_2394,Boooliska Sweden ooo Digniiin kasooo saaaray Dilalka ka dhaca Dalka ooo siii kordhaya URL,0,0,0,0,2,0
som_train_track2_2395,Xabash beeen isku sheeegay waaaye itooobiya somaliya waxeee jooogta and laba gobol waaana baaay iyo gedo iyagane heshiiis beee kujooogan walaaaga saaaraya mardhaw,0,2,0,0,0,0
som_train_track2_2396,USER Wadad bay ku gabanayan alshababka Mabada kaga faidaystay shacabka e horumarka gobalka Soool dhibay e lagaso ababulay Galgala o ah saldhiga alshabab e Puntland ku koriso carurteda alshababka  Xukumada Somaliland ba fashilisay dilkiii Umada lascanod e isku rogay burburka ganacsiga,0,0,0,0,0,0
som_train_track2_2397,HabLahiii yaryaraaa futadiii cuncunbaaa kaga dhacay😃,0,2,0,0,0,0
som_train_track2_2398,Cunto yarida iyo nafaqadarrrada ka jirta Sooomaaaliya ayaaa laga cabsiqabaaa inay horseeedddo macaluuul dalka ka dilaaacda xillli markale uuusan si wanaaagan u diin rooobkiii la filayay  Dhanka kale waxaaa cirka isku shareeeray qiiimaha la kala siiisto raaashinka halka dedaaalllada gargaaarka URL,0,0,0,0,2,0
som_train_track2_2399,Kasooo hadal jasiiirada siiishilis,0,0,0,0,0,0
som_train_track2_2400,USER Dowladdda ayaaa laga dooonayaaa inay xirto dembiiilaha ay maxkamaddda xukuntay ooo xabsi looo diro hadddiii ehelada ay cafiyaaan ama MagDiyo ka qaaataaan waaa in looo xiro sharciga uuu jebiyey dembiiilaha ooo xabsi looo diro  Sida ay ila tahay,0,0,0,0,0,0
som_train_track2_2401,bishar xiligi uuu xukunka qabtay   maxamed siyad   ayaaa kasiii horeyay   eee iskasooo sax taaariiikh   siyad iyo bishar iskuma sooo gaaarin   xiligas eee sooo sax wax lawadad og yahay ha qaldin dadka taaariiikhad wey qoran tahay mahadsanid,0,1,0,0,0,0
som_train_track2_2402,Masiiibo kugu dhacday ilhow ilmaha kaso bad badi,0,2,0,0,0,0
som_train_track2_2403,Somalia hadeysan burburi laheeen saaan kadaran ahaaan leheeed waaalhi,0,0,0,0,0,0
som_train_track2_2404,USER Dhul qurux badan ooo kheyraaad badan lehDhul bannnaaan ooo dadku gaaajaysan yahay,0,0,0,0,0,0
som_train_track2_2405,Garyaqaaan waxaaad fasirtaaa xukunkiii qisaaasta eeed tidhi xuquuuqdaaa meeel laga dhacay,0,0,0,0,0,0
som_train_track2_2406,BNSomalia Antonio Guterrres ooo Shaaaciyay in Dunnnida ay halis ugu jirto dagaaal Nukliyeeer la isku adeeegsado URL Somalia,0,0,0,0,2,0
som_train_track2_2407,USER war magaca la oran jiri nabad iyo nololrag baaa mu ciyaaarey afwryne siyaaad barrre iyo haraaagiii barrre oooxabsiga abuuuja ku dhinti iyo farmaaajo ooo madaaafiiic ladhacey muqdishu xitaaa gado ooo kasooo jeeedo afweyne N oloshiii wuuu diley nabadiiina wuuu dumiyo,0,2,0,0,0,0
som_train_track2_2408,Hoteeelka lagu jiro eee magaaalada Kismaaayo odayaaal ayaaa ku shiraaayey laaakiiin inta badan dadka hoteeelka jooogey qeybta gadaaal ooo isla hoteeelka ah ayey kasooo bexeeen markiii dhacay qaraxa inta aysan gelin koooxda hubeysan,0,0,0,0,2,0
som_train_track2_2409,Hhhh ninka markaaan cadhaysanahay aaan dhagaysto🤣🤣🤣,0,0,0,1,0,0
som_train_track2_2410,Wa Garan Waaa qof walba tuuuladas ku cusub marks bay jirdili jireeeb bay oron jireeen wa garan waaa Liyuuu bolis ooo aha cidan abdi ilay aaad u akhlaaaq xumaaan waliba naxariiis darana koooda ugu sareye shaaaliqo bay u yaqaaan,2,2,0,0,0,0
som_train_track2_2411,USER Lax walba shilalkay is dhigto ayaaa lagu qalaaa madax siyaaasi aqooon yahan xildhibaaan badan ooo aaan waxar iyo waliba xabad mooos ah aaan lagu aaamini karin ooo aduuun iyo aaakhiro seeegay ayaaa wax isku haysta shacabkuse barte beeen danbe looo sheeegi maaayo,2,1,0,0,0,0
som_train_track2_2412,belaaayo idinku dhacday shan Naaagoood ooo walaaalaaa miyuuu kuwada akhriyi jiray😂😂😂wuxu waaa waxaaan dhaqan lahayn,0,2,0,0,0,0
som_train_track2_2413,USER Kuwa difaaacaya baaahane waxaaan leeeyahay hadddaaa tol u tihiiin wax ku filan u ururiya xooolihiii aaad ummmaddda ka bililiqaysateeen baryada ha iska daaaye,0,2,0,0,0,0
som_train_track2_2414,Si kasta ooo aynu u jilno in aynu leeenahay awoood qofeeed Waxa aynu u baaahanahay gacan daryeeel leh ooo inooo qalbiqabooojisa Waxaaan u baaahannnahay laaab diiirrran ooo aynu ka buuuxno Ma jiro qof inaga mid ah ooo aaan waligiii dareeemin ilmo ku taaagan indhahiiisa Nafyaralonegirl URL,0,0,0,0,0,0
som_train_track2_2415,Waxaaan halkan hambalyo uga dirayaaa wlllky iga wayn Mukhtar Suldan Husssein iyo marwadiiisa Muna Ismail Aadam  URL,0,0,0,2,0,0
som_train_track2_2416,Ani waxaaa hdaaa igula imaaatid madaxa kaaaga jabin lahaaa😆😆😆,2,0,0,0,0,0
som_train_track2_2417,USER Madax isku kalsooonan waaaysey Shaqadoooda way cad tahay,0,2,0,0,0,0
som_train_track2_2418,USER Aragti ganacsi hadiii aaad haysatid haka sheeegin space waaa lagaaa xadayaaa sida tan la iiiga xaday kkk lkn wax wanaaagsanba ma ahayn ha iska xadeeen hana iska wada oooyeeen cuqdadaaa keeenaysa ooohinta badane,0,0,0,0,0,0
som_train_track2_2419,Ani Kan waka yabi dan maka dhacdo miyaaa 🤔,0,0,0,0,0,2
som_train_track2_2420,Garacow hargeyser maaa tagtey🤣🤣🤣,0,2,0,0,0,0
som_train_track2_2421,Maaalmo kadib wuxuuu qorshihiiisa uuu ahaaa inuuu guuursado ooo uuu ka dhabeeeyo hamigiiisa mustaqbalka nasiiib daro shalay ayuuu ku geeeriyoday qarax ka dhacay magaaalada markaAlllaha unaxariiisteee Cabdulllahi isbuuucan waxaaa socotay qaban qaaabada xaflada aroooskiiisa Aan uducayno kuligen URL,0,0,3,0,0,0
som_train_track2_2422,Wuuu awoooda inuuu isku mashquliyo kooobka aduuunka iyo hadba taaageeerida dal aaanan hormarka Somalia waxba ka gelin lagana yaaabo inuuu dhibaaatada Somalia ku jirto qeyb kayahay hase yeeesheee waxaaa isaga guuul iyo farxad u ah mid kamid ah argagixisada ooo ku baxa gacanta CXDS  URL,0,1,0,0,0,0
som_train_track2_2423,mar   ka aaad is leeeday wax awyn dhacso waaa inaaad si wayn u faaanto hadhawna kaaash kabash kaaa dhamnysa,0,0,0,0,0,0
som_train_track2_2424,Catooosh cawa farxad ayu iscelin la'yahay 😅 ma musharax bu aha isna 🤣,0,0,0,1,0,0
som_train_track2_2425,"Covid-19: Ninkii sameeyay ""daawadii riyada uu ku arkay ee coronavirus"" oo xanuunka u geeriyooday",0,0,0,0,0,0
som_train_track2_2426,Cancerka Siyaaasaddda Sooomaaaliya Kudhacay Daaawadiiisa wakhti dhaw ayey Dhakhaaatiiirtu Sooo Saaari Dooontaaa Dawladuna Way Kasooo Bogsan Dooontaaa  waaa Erey Bixin Ku Habooon,0,0,0,0,0,0
som_train_track2_2427,Rag dumar u doontay dal dibadda ah oo dabin ku dhacay kadibna la dilay,0,0,0,0,2,0
som_train_track2_2428,USER iyo USER waxa aaad Khadar ku haysataaan lack of right criticism to Muse and logic  Hadddana ma arag idinka ooo ka hadlaya Muse sidiii uuu uga feldeliyey xaaaladdda Laska heeer uuu yidhi Si kedis ah bay xabaduhu ugu dhaceeen Maxaaa sababay,0,0,1,0,0,0
som_train_track2_2429,Waaaw waaan la dhacay hori usocoda team waaayaaab guuul wacan,0,0,0,1,0,0
som_train_track2_2430,Sxp tan xito waaan sugi la ahay waaan ladhacay sheeekadaaan,0,0,0,1,0,0
som_train_track2_2431,Robot baaa wax kufsadayna maaalin dhaw baynu maqli dooona😂,0,0,0,0,0,2
som_train_track2_2432,Waxaaan rajeynayaaa in noloshu ku xasuuusin dooonto maaalin maaalmaha ka mid ah sidaaad u diiiddday jacayl aaadan weligaaa heli dooonin  URL,0,0,2,0,0,0
som_train_track2_2433,Subxanalah waaa aduuunyo macankiii ka dhamadey ax side ilmo aaad dhashey suuuli ugu ridi,0,0,2,0,0,0
som_train_track2_2434,"Ala qaybtiii hore markaaan dawaday indhaha kalatagay warkiba igu kala go,ay cml mahadsanid wlllo qli hormar wacan",0,0,0,2,0,0
som_train_track2_2435,Qabatinka Internet-ka: Ma dhibaato sii kordheysaa oo saameyn ku leh dunida?,0,0,0,0,0,0
som_train_track2_2436,USER Naqdigan loooma meeel dayanSida lawada ogson yahay mdaxda Turkiye majiraaan meeel ka dhac ay u geysteeen Mdaxdena iyo shacabka SomaliyedMudada boqashada wax ay raaad ku leeedahay bahdilid majiraaan waxaaan ognahay in shirkiii NATO iyo culayska saaarnaaa Turkiye ay ku sooo aaaday boqashada,0,0,0,0,0,0
som_train_track2_2437,Sanadkaaan billlowgiiisa wuxuuu ahaaa sanad wareeer iyo isku dhex yaaac ah niyad jab  Wax aaan qorshaha kugu jirin balllan adag ooo aaad qaaaday ooo aaad ka baxdaydhamaaadkiiisa waxaaan rajeynaaa inuuu ka duwanaaado farxadna ku bilowno sanadka cusub iyo kalsoooni  Iyo niyad sami uuu noqdo,0,0,0,0,0,0
som_train_track2_2438,Haweeenay kasooo jeeeda siriya ooo loooga shakiyay inay kulug lahayd qaraxiii kadhacay turkga istanbuuul URL,0,0,0,0,0,0
som_train_track2_2439,USER CADAAALADIII AFWAYNE waaa Sababta ay Somaliya u burburtay  Kuwiii lagu naaasnuuujiyey sadbursigaaas Waxay u yaqanaaan BARISAMAAADKIII  URL,0,0,0,0,0,0
som_train_track2_2440,USER ciiidankiii difaaacaye eee SNA wasiiir in aaad ilaaahey uga baqdo hadalka aaad sheeegtay ayaaa fiiicneyd xaqiiiqada hadiiiaskarta sna eee abgaaal ay gadodaaan Hiraaan dagaaalkiiisa in uuu fashilmo waaa sooo dag dageysa waxaaan ku leyahay kalabo ciiidanka qaranka eee aaad beeeleysay adigooowasiiirqaran ah,2,1,0,0,0,0
som_train_track2_2441,USER Halka Qabiiile Wadanka Sheeeganaya Lacago laaa luuush ah iyo Gabdhoba Gaaal weeey u Dhigeeen ictiraaaf si aaay u helaaanIlaaa aaay Sidiii Cawaaantiii Dharkaba DhigtaaanWaxeyse ku sooo dhamaaatay Fashil iyo Ceeeb iyo poverty iyo Naaago Dhoqdoooda ilaaa iminka Dhegaha heeeysta with no ictiraaaf  URL,0,2,0,0,0,0
som_train_track2_2442,xaaaraaami beeenaaale waxaaa tiri qof igama   duuubaaayo camerada bal eeega   r unta a an   sooo fashiliyey 5:18,0,2,0,0,0,0
som_train_track2_2443,Wan so dhaweyneyna Arinkas Waxan Codseyna Inlaxayiro Iiyaka Dhan,0,0,0,0,0,0
som_train_track2_2444,10:12 qosolka iga dhamaaaday,0,0,0,2,0,0
som_train_track2_2445,Wlh ilinaaa iga timid markeee telllka kuwada hadlayeeen😢anooo daqiiiqad murugo iyo jawi jcyl ku jiro waxaaa iga qosolsiiiye wlllkiiisa ooo sahal haraaantiga ka aaarsaday best film wlh❤❤❤🔥,0,0,2,2,0,0
som_train_track2_2446,Isku day inaaad marksta la socotaaa Dhaqdhaqaaaqa cadowgaaaga Markaaa waxaaa kuuu dhib yaraaanaya inaaad markasta isku daygiiisa fashilisoOod ka hortagto Cadowgaaaga ha dhayalsan hadad dhayalsato waaa ujabi sidan ooogu jabin fajignooow,0,0,0,0,0,0
som_train_track2_2447,Inkastooo dhiiig ethiopian igu jiro hadana ciiideyda shilllin masiiisteeen daciiif waaaye kan wadankiiisa gatay,2,0,0,0,0,0
som_train_track2_2448,Wlhi sxbke qali ahy iyo walshy nasro run ahnti waxaey cadeyan in jirin dada somali ahy o hadana yaaaqano qeeebka filn somali ahy lo digow wan kahely sheeekadan mash alha hore usocod wa midan raba Ana arke anig,0,0,0,0,0,0
som_train_track2_2449,Allle xukunka dajiyay eee waxa kale ka hadal jahilyaw,0,2,0,0,0,0
som_train_track2_2450,Jomo Kenyatta iyo Idi Amin: Kenya iyo Uganda oo ku sigtay inuu dagaal u dhex maro hal gabar darteed,0,0,0,0,2,0
som_train_track2_2451,ilahay ha usooo dhaweeeyo wlhi waaa qiso xanuuun badan 😭😭😭,0,0,2,0,0,0
som_train_track2_2452,Ilahay hawsooo dhaweeeyo ilmaheeedi kan kalena alllah ha gargaaaro walhi wa murugo wayn,0,0,2,0,0,0
som_train_track2_2453,USER Sola baaahane 2 miyaaa dhawaaan Marka Laga jooojiyo shilimaaada ayuuu mucaaarad dooonaaa Sooo fiiirsha,0,2,0,0,0,0
som_train_track2_2454,"War farxadleh waaaye ha dhaho ilaaa 10,000 uuukatagaaayo",0,0,0,2,0,0
som_train_track2_2455,Shirweynaha Culimada Sooomaaaliyeeed ooo maaalintiii Labaaad ku qabsooomay Muqdisho ayaaa Culimadu waxa ay ku sooo bandhigeeen sharciyaddda diiimeeed eee dagaaalka ka dhanka ah khawaaarijta Alshabaaab muhiiimaddda uuu leeeyahay iyo dabargoynta sababaha keeena xagjirnimada  URL,0,0,0,0,0,0
som_train_track2_2456,Waaata ugu shidanba wlllahi zxp dirisle waaa qudhac kuwa kale mida kale maaaha meeeshani. Wadankiii eee waaa kenya,0,1,0,0,0,0
som_train_track2_2457,"Waxaaa jiray Nini culimada ka mid ahaaa, ooo uuu wiiilkiiisi qaaari cod maaannna lahaaa, xillliga ramadaaanka ayaaa waxay sooo wada aaadi jireeen misjidka weyn eee magaaaladoooda. Wiiilka ayaaa salaaada tarawiiixda imaaam ka ahaaa, qiraaa adiiisa jamaaacada ooohin ayey ladhici ji",0,0,0,0,0,0
som_train_track2_2458,Sababta uuu dalkena u burbursan yahay waaa tan ooo kale  Qof aaan aqooon laheeen ayaaa xil loooga magacabaya qabiiil hebal baaa keeensaday  Madaxweeene USER Qaran kena ka ilaaali dadka nooocas ah  Waxaaa rajeeena in Madaxweeene Xasan in dadka xilka u dhiiibayo in uuu ku dooorto aqooon  URL URL,1,2,0,0,0,0
som_train_track2_2459,Waxaan u malaynayaa inaatahay axmaq. ,1,3,0,0,0,0
som_train_track2_2460,Waaaw maracade mahadsanid horumar wanaaagsan sxb yaaa ila sugaaayo afurka ismuuujiya ramadaaan mubarak,0,0,0,1,0,0
som_train_track2_2461,In dalkeeena laga wariyo maaalin kasta dhacdoooyinka xanuuunka badan waxay cadddayn u tahay xaaaladdda xalista leh eee inagu sooo foood leh  Dowladdda waxaaa laga rabaaa inay la timaaado Agenda deg deg ah ooo wax loooga qaban karo ammmaaan dalka  Allle ha u raxmado inta ku dhimatay xasuuuqan  URL,0,0,0,0,2,0
som_train_track2_2462,"Cawa waaa ooohin miyaaa ku bilaaaban tay ,🔙🔜🔙🔜🔙🔜🔙🔜🔙🔛🔛🔛",0,0,2,0,0,0
som_train_track2_2463,Ale hasooo hadeeeyo sanadka waxaaad modaaa isku faaanto lagadhiga naaayo dabada lalulayo,0,0,2,0,0,0
som_train_track2_2464,BNSomalia Raiiisalwasaaarihiii hore Pakistan Cimraaan Khaaan ooo sheeegay in dalkiiisa uuu wajihi dooono dhaqaaale burbur la mid ah kan ku dhacay dalka Sri Lanka URL Somalia,0,0,0,0,0,0
som_train_track2_2465,Sxb shekadu malimihi hore weymacaned lakin inti dane waxalagudaray beeen si shekadu anay udhamanin ooo dadkuna ay ugubatan kkk sxb tani waxay ilamuqata inay fashil kudhamatay,0,1,0,0,0,0
som_train_track2_2466,USER Isbadal baaa dhacaya waaa bugSadddexdiii xisbi eee laynulagu cayuuuqay waaa sidooodiiiHantigooosi qayaxan lama subkinDadkiii sidiiibay siyaaasada dibada uga jooogaaanAfar qof taladiii isku kooobeeen,0,1,0,0,0,0
som_train_track2_2467,Maaansha alllaaah mahadsanid sxbka janalka jasakalaaahu khayran,0,0,0,1,0,0
som_train_track2_2468,USER Xamsa waaa suaaal muhiiim  Waxa aaan isleeehay dawladaha Somalia siyaaasadahoooda ku aaadan Somaliland wax baaan kala socdaaa  Dadkiii Turkiye u tegey isku sooo dhaweyntana mar baaan ka mid ahaaa  Waxa aaan arkaaa dad inooo sooo jeeeda  Mar kale ayay haddda midnimadu gacanteeena ku jirtaaa,0,0,0,0,0,0
som_train_track2_2469,Abdallla jidka haku sameyn waaayo qofka waaa intaso gawadhida dhankeda u cararayeee halis weeeye,0,0,0,0,2,0
som_train_track2_2470,Sooomaaali halkeee ka caaafimaaadayaaan meeelkasta ay jooogaaan dhibkaaas baaa dhaxdoooda ka dhacaya kiii arakay iyo kiii maqlaba utun beeey ku reeebeysaaa key ku dhacaday iyo faaamiligana xanuuun dhaqtar u baaahan ayeeey ku,0,0,0,0,0,0
som_train_track2_2471,Maxay diyaaradda dagaalka ee F-16 wali u tahay mid la jecel yahay 50 sano ka dib?,0,0,0,0,0,0
som_train_track2_2472,Ii saxiix Pizza isbuucle ah: Sheekada maadeysiga dhalisay ee Pizza-da iyo nikaaxa la yaabka leh ee ka dhacay Hindiya,0,0,0,0,0,2
som_train_track2_2473,USER Waxan jecel nahay shirar ka sawirada aaan ku DAWARSANEYNOTUUUGSANEYNO si shilimaaad aaan oga helno NGO ka dibna aaan isku sawirno dad ka tabaaaleysan  Xirano oversize suit NairobiIstanbul aaan lacagtiii tuuugsi Guryo oga gadano Bal adba,0,1,0,0,0,0
som_train_track2_2474,Waaa kuma Abdi Faaarah Juxa Juha Sintinow waaa jabhad hore ooo ka tirsanaaa jabhadiii Abdulllahi Yuuusuf Ahmed eee SSSDF eee xabashida Ethiopia u samaystay burburinta Somalia sanadihiii 1978 markiii laga sooo naqday dagaaalkiii Ogaden War 19777 kaaas ooo dhulka sooomaaaligalbeeed loooga xoreeeyay Eth URL,0,0,0,0,0,0
som_train_track2_2475,USER Wlshy waaad qurux badan tahay balse quruxdu ma ahan ina dhar have lasooo gashto eee qutuxdu waaa qalbiga,0,0,0,0,0,0
som_train_track2_2476,Qaaar ka mida gooobaha waxa lagu cuno eee ku yaaallla dalka Masar ayaaa lagu eeedeeeyey in ay Cameradaha muuuqaaalllada qarsooon duuuba ku xidheeen musqulaha ay dumarku adeeegsadaaan  Tan ayaaa doood badan ka dhex dhalisay baraha bulshada eee Masaaarida iyada ooo hablaha looogu baaaqay inaysan galin URL,0,0,0,0,2,0
som_train_track2_2477,USER Madaxweyne xasan sheeekh maxmuuud Shoqo aaad u culus development iyo Dhaqaaale raaadis ama argagixiso la dirirWaaa shoqo adag waxaaan idiiin rajeynaaaAlll the best succceses iyo barwaaaqoKu waaaraaan shacabka somaliyeeed,0,0,0,1,0,0
som_train_track2_2478,😀😀😀 your funnny boy Qof adiga kulajira ooo amuran lawaaa,0,0,0,1,0,0
som_train_track2_2479,meeeshu bala faaanta wxay ragggan laga isladhacayaaa lol,0,2,0,0,0,0
som_train_track2_2480,USER Waxa kasto dhaca waxba kama badalayan awoooda JSLND,0,0,0,0,0,0
som_train_track2_2481,USER Carabtu waaa dad geeesiyeeen dhiiiran sooo ahaaa jiray taaariiikh wanaaagsan leh lkn madaxdaaan lacagta kaliya umuuuqato ayaaa ku ciyaaaraaayo sharafta dadkiii seeef iyo waran ku qabsaday aduuunkooo dhan marka yaaan lamooodin in carabtu ayna iiimaaan lahayn waaa shaqsiyaaad gaaar ah ooo aaan iiimaaan lahayn,0,2,0,0,0,0
som_train_track2_2482,@@@ayaaanmohamed1862 may wlllo laaasgeeel horta si caaadiya ayay uhooos timaaadaaa hargeysa ooo muran kama taaagna ooo goooglka xitaaa uuu kuuu sheeegayaaa laaakiiin ceeelsheeekh ayaaa marna dhanka saaaxil lagu daraaa marna dhankan kale,0,0,0,0,0,0
som_train_track2_2483,Shacabka Somaliyeeed dhib aaad u wayn ayey kuqabeeen wadada isku xirta GaroweGalkayo ooo burbursan balse hada waxaaa muuuqata rajo aaad u wayn waaana kumahadsan yahay Madaxwayne USER URL,0,0,0,0,0,0
som_train_track2_2484,mahadasanid sxb walaaahi waxaaan dareeemay dareeen aaad u adag sababtooo ah waxan   u maleeeyaaa inad aniga itaqaaano ama dhabtiii aaad   iiiga hadleyso   hala shaqeeesto waryaaada dhalinyaro   odayaaashiii   waxey na dhaxashiiiyeeen burbur iyo qabiiil marka ununka   aaan ka ilaa,0,0,1,0,0,0
som_train_track2_2485,Somaliland Mahadsanid GoleSharcigu ma yaqaaano qabiiil hadddiii aynu dooonayno inaynu helno masuuuliyiiin kasooo baxa shaqaddda qaranka waaa inaynu meeel iska dhigno qabyaaaladdda eeexddda iyo sharci jabinta waaan taaageeersanahay goaaanka golaha shacabku ay muuujiyeeen saaaka  URL,0,0,0,1,0,0
som_train_track2_2486,Thanks bro maracade waaa qisa cajiiiba waxan ahay mid lasocda qisooo yinka nuuucaaan ah thanks,0,0,0,2,0,0
som_train_track2_2487,Filmka isbarsho inlaga bilaaabo fcn kistooo iyadooo la isku dhacayo cml😁   Hore ma isaga yaaaci rabtiiin jah🥰 Markan idin arko aaaba jecel dareeemaaa💋💋💋,0,0,0,1,0,0
som_train_track2_2488,bulshoyahay Isku haynta dalka iyo dadka ayaaa ino balan ah iyo somaliland ooo ku shaqaysa siyaaasad ka hufan cunfi iyo qabyaaalad kuna dhisan aragti fog iyo hilaaadin mustaqbal qurux badan ooo dalkeeenu yeeesho  U code Dr Cabdiraxmaaan CirrroUSER URL,0,0,0,0,0,0
som_train_track2_2489,Jeff Bezos: Maxay maalqabeennada adduunka u daneynayaan inay tagaan hawada sare?,0,0,0,0,0,0
som_train_track2_2490,Maxay Xukuuumadaha_Som  ugu fashilmaaan wax ka qabadka dhibaha haysta ShacabkaDaneysi amp QabyaaaladWaxay Madaxdu isku hawlaaan inay dusha wax ka dhayaaan iyagooo booogta aaan hooos kasooo daaaweyneynSida UNka ayey Xuk  Som  Dhibka ka dhigtaaa Mashruuuc Caaalami ooo dhaqaaale sooo saaar,0,1,0,0,0,0
som_train_track2_2491,"Waxan kamid aha dadka cadaystay cadadan xun cadab adunyo weye kalsoni daro ,cabsi,isla hadal,iyo dhibatoyin kale ooo badan waxan noqday qof cabsi la noool xita hadal an gartisa ku dhiban karin 23 feb 2024 ayan go an ka qatay ilahow ika dawe ooo imankayga quwe",0,0,2,0,0,0
som_train_track2_2492,Wlshy alllaha cafimadkadiii hakuuu soceliyo mida kale waligaaa haniyad jabin,0,0,0,0,0,0
som_train_track2_2493,Maaashaaa alaaah big bro maracade wacade bahal waaatahay eee midkaaad katahay ayaaan aqooonin horay usoco inshaaa alaaah dhulkeeenan nabad ilaaahi hainooogadhigo aaamiiin,0,0,0,2,0,0
som_train_track2_2494,fadlan nooo sooo gudbi jabkooodi adigooo raaaliya,0,0,0,0,0,0
som_train_track2_2495,Sooomali weyn ooo isku tagta isklaaashataaa waaa ku filan tahay wax ka qabashada Abaaaraha Dalkeeennna ka jira  USER,0,0,0,0,0,0
som_train_track2_2496,Abdikareeem waaa nin qiiimo badan eee qadarta dhacdey In looo caaayo maaaha,0,0,0,0,0,0
som_train_track2_2497,Ugaaas cali Nasir isu haboni darana mantana ma reeer wayteeen aya Ugas donaya Away saydki kumade ay kaligod haysteeen rer walba sadkisa ha haysto hadi kallle shilal badan aya dhacaya,2,0,0,0,0,0
som_train_track2_2498,Akannnuuu cabsi cabsi noqotey wlhi 😅😅😅,0,0,0,0,1,0
som_train_track2_2499,Walllhi waaan sameya markan pilowi jiray muda laga joooga hadan araga saaarapa dareeenkeyga dagdag ayuuu ku kici jiray lkn hada waqti ayey igu qadata wax yapaha isku arky waxa kamida markey igu sodhacdo waxn kafogda dadka ooo dhan marka aaan samenayo waxan darema naxdin walal fak,0,0,2,0,0,0
som_train_track2_2500,Wax kaga dareeen badan kaga farxad badan Marka Aad Nolaysay Rajo Iyo iftin Qof walba uuu ka aaaminay dhanka xun rajo belna kamujiyay ed intad u istagtay Aad ubixiii dalka midba Mel ka kensatay hadana mudddo Asbucyo ah ay manta awododa sooo mujiyen waaa farxad aaan laqiyasikrn mclnNooor URL,0,0,0,2,0,0
som_train_track2_2501,War waxan waaa dhaqan xumo wlhi doqon baaad tahay iiimaaan la,0,2,0,0,0,0
som_train_track2_2502,flimka wa dhameyso qosolka IGA dhamaday,0,0,0,2,0,0
som_train_track2_2503,Qof wlba wxu mutaystay unbu heli adun iyo akhiraba Ninkan way iska cadayd inu gabdha si badhedh ah u gubay xukunka maxkamduna wa mid ayvku saxntahy Qof walbo falal nocas ooo kle ah ku kacna in mida lagu ciqaby mudan yihin si ay u yardan falalkas fosha xun,0,0,2,0,0,0
som_train_track2_2504,Waxaaan kula nooolaaa markiii ugu horeysay Noloshayda waaana ku filan tahay inaaan mar walba ku xasuuusto  URL,0,0,0,3,0,0
som_train_track2_2505,Maxamuuud Darwiiish baaa wuxuuu yidhi odhaaah macnaheeedu ahaaa Jacaylka ugu horeeeyaaa ma dhinto Balse jacaylka dhabta ah ayaaa yimaaada isaga dabadiii dabadeeedna isagooo noool aaasa URL,0,0,0,0,0,0
som_train_track2_2506,USER Rayiga waynu isku diiidi karnaaa laaakiiin caydu ma furna  Anigu ma caaayo dadka  Xaaalkaaagi waxa uuu noqday igu raaac tayda hadddiii kale qalad ayaaad tahay  Jawaaab dambe ooo aaan kuuu sooo dirayaaa ma dhacayso hadddiii xanaaaqday,2,0,0,0,0,0
som_train_track2_2507,War anaka jooogno Dubai magalada ninka ugu cunsurisan aduuunka ayaaa heysto xitaaa gabadhiiisa weyn xaaaskisa iyo 3 caruuur yar yar uuu dhalay ayaaa qaxoooti ku kala ah wadamada Ireland iyo Germany iyado ka baxsatay dhibka lagu haaayo wala xowla dhiiigmirato carab ah waaaye kuwaa,0,1,0,0,0,0
som_train_track2_2508,USER Sooomaaali ayadaaa isburburisay  Runta maaan isku sheeegno walaaala yaaalooow,0,0,0,0,0,0
som_train_track2_2509,USER Walaaashey hada ooo kale marnaba lacag kuma gorgortaman badankoda aniga waxan xisaaabiye ka aha isbitaaal mudo badan qarax iska dhafe kiii jug sooo gaaartay xitaaa daryeeelkisa aya ka horesay qarashadkaDhiiirageli isbitaaalada ooo aaan qorno qoraaalo togan ooo aaan bulshadenu isku noooleyneyno,0,0,0,0,0,0
som_train_track2_2510,USER Nin kaaan maaahan nin hogaaaminta ay Ku cusub tahay hore ayuuu usooo hogaaamiyay dalka wax uuu qabtayna waaa cad yihiiin maaanta Intiii iyo kabadan ayaaa Ka rajeyneynaaa in ilaaahay waaafajiyo cabsina kama qabo in uuu sidiii farmaaajo kaligiii talis noqodo xilka isku dhajiya Markiii uuu fashilmo,0,1,0,0,0,0
som_train_track2_2511,Ilaaahooow hana waaalin kanaaa akanuuuwooow xageeen maaa galnaaa sxbooow😂😂😂anigooo kanaaalka dhaqtar ku jiruuu hada notification ku isooo dhacay🤣😂naga tag qosolaaa beeerka na cadeeeyeee🥰👍👍👍♥️thanks for laughing me bro,0,0,0,2,0,0
som_train_track2_2512,Marka aqooonsi kaliye looo qaaato Islaaamka dhaxalku waaa burbur iyo hooog sida hadddaba heysata dunida Islaaamka Somaaaliya ugu horrreyso  Ku dhaqankiiisa iyo baraaarahaaa matttaaano ah URL,0,0,0,0,2,0
som_train_track2_2513,Aawe ciiidmadiii xududka inta xaaafadaha dhexdoooda is eryanaysan in ka badan 1000km ayuuu sooo socday ooo anay cidi qaban waaa in idinka laydin maxkamadeeeya. ciiidan fashilmay,2,2,0,0,0,0
som_train_track2_2514,Siiigada sameyn teda si dhakhso ah loooga so kabsan kara lkn tan maskaxdey burburinaysa,0,0,0,0,0,0
som_train_track2_2515,Waxaaan aaad ula oooyay isagooo dhibtaaasi la kulmay in maaanta dhib tiii ku dhacday tu kala xanuuun badan la kulmay mar kale wax walba waaa qadar iyo imtixaaane alllow ku baaaga dhay walal 😭,0,0,2,0,0,0
som_train_track2_2516,USER Meeeyeeen munaaafiqinta Somaliland marka Coldooon la xidho laba cisho na wareeeriyay  Masakinta Somalia 5000 shilin lagu dilayo maxay uga hadli waaayeeen Munaaafiqin Munaaafiqin,0,2,0,0,0,0
som_train_track2_2517,Runtiii WA halis 20-30 Magarin Lkn faceboook wan xiseya Badana xaqaqdiii,0,0,0,0,2,0
som_train_track2_2518,"Alxamdulllilaaah, ila meeerayso dheeer iyo muran badan ka dib, kaaadhadhka cod bixinta hala sooo dhawaysto. Dalku jidkiii doooroshoooyinka iyo isbedelka ayuuu cagta saaarey",0,0,0,2,0,0
som_train_track2_2519,Inaaa lacagta kasooo qaaadato bey eheeed ooo aaadna u sheeegto sida dadka ay ula dhawmeeen looo bandhigi fooono umada,0,0,1,0,0,0
som_train_track2_2520,Nin isku dayay inuu dad ka badbaadiyo diyaaraddii Tanzania ku burburtay oo is arkay isagoo isbitaalka jiifa,0,0,0,0,0,1
som_train_track2_2521,Maxa rerka gurigoda iyo ilmaha dhexdoda afar nin o shaqalah geyay mida kale sebu abaha gabadha dhalay u oganwayay kufsiga ilmaha yar ilen afar nin ilmayar o ay kufsaden wax la oganwayo mahane o wa dhawac wayn iyo dhigbaxe ilahay u unaxaristo ilmaha yar samir iyo imana haka si,0,0,2,0,0,0
som_train_track2_2522,ilaaahey ha burburiyo sahyuuuniyada yuhuuuda iyo dhiiigmiiiratada ingiriiis,3,0,0,0,0,0
som_train_track2_2523,Hambalyo sanad guuurada 62aaad eee kasooo wareeegtay xuriyada gobolada Kooofureeed iyo midowga labada gobol eee Waqoooyi iyo Kooofur  Xafiiiska Dhiiiragelinta Maaalgashiga wuxuuu u rajaynayaaa Umada Sooomaaaliyeeed nabad waaarta iyo baraaare  URL,0,0,0,3,0,0
som_train_track2_2524,asc sxb Italy barnaaamij kusooo diyaaari hadiii aaad awooodo mahadsanid wlll,0,0,0,0,0,0
som_train_track2_2525,BNSomalia Sheeekada macalllinkiii warqad imtixaaan ah uuu sameeeyay darteeed gacanta loooga goooyay URL Somalia,0,0,0,0,0,2
som_train_track2_2526,CBBB hadana hasooo cabaaadaaan ooo ha dhahaaan xukunkaaan cadaaalad ma ahan sida iney shaqa ku leeeyihiiin😂,2,0,0,0,0,0
som_train_track2_2527,mahadsanid wlll wax wanagsan baaa noso gudbisay,0,0,0,2,0,0
som_train_track2_2528,Jacaylku waaa u riyo iyo farxad kuwa qalbiga ka hodanka ah eee wax jecel se aaan iyaga hore looo jeclaaan balse waaa u ciyaaar kuwa qalbiga engegan leh eee la jecelyahay iyaguse aaan wax jeclaaan waxna nici karayn,0,0,0,1,0,0
som_train_track2_2529,USER Naciiimaaay ha isku qaldan dad qabyaaalad iyo qurun kusooo koray iyo qof sida aaabahaaa qaran iyo dal jacayl kusooo koray,0,0,0,0,0,0
som_train_track2_2530,Kkkk pranki ugu qosolka badna 🤣🤣🤣,0,0,0,2,0,0
som_train_track2_2531,Shacabka Kenya oo dhibaato ku qaba ceebeynta dadka deenta laga qaato,0,0,0,0,2,0
som_train_track2_2532,Rabbbi haw gargaaaro falastiiin sidaaa ay guriga allle uburburiyeeena allle haw burburiyo.,0,0,2,0,0,0
som_train_track2_2533,Sidee buu qof magaca khaaliqa si xariiftinimo ah u adeegsadii iiga xanaajin karaa. ,3,0,0,0,0,2
som_train_track2_2534,Ilaaa hada masooo bixin magacaaabista Raysulwasaaaraha hambalyada hordhaca ah eee social media ah dhigeeen dad fara badan malaga yabaaa in wax iska badalaaan ooo Xamze Bare uuu noqon waaayo RW cusub URL,0,0,0,0,1,0
som_train_track2_2535,USER Waaa sidaaa Mudane banan baxu waaa sharci cid is hortaaagta sharciga wadankan u dhigan ayaaa khalkhal iyo digtatooorid wada mana laga yeeelaaayo  1000 mudaharaaad ayaaa dhacaaaya ilaaa inta dowladani la imanayso war cad ooo ay dastuuurka dalka ku ixtiramayan ama ka badheeedhayan jabintiiisa,0,1,0,0,0,0
som_train_track2_2536,Mashalah nin lajacelyhay so dhawow,0,0,0,1,0,0
som_train_track2_2537,Kibirka intaaas leeeg muxuuu ahaaa eee miskiiintaaas lagu jiiidhey sow xaqdaro maaaha,2,0,0,0,0,0
som_train_track2_2538,Meeel xasaaasi ayeee mareysaaa lkn wax wlba waaa gabo gabo aniga sidaaan u fahmay dilaaaga dhabta ah waaayo yaaara sbbbto 1 waxeee qeeeb ka aheeed dilkiii kowad in la fashilyo   2 waaa gabar eee madax maratay caaan nimo   3 waxeee qeb ka ahed guriga amiiirada   Ma jirin wax cadey,0,0,0,0,0,0
som_train_track2_2539,USER Abdirashid Hashiyow adigu maxaaa ku daba dhigay NNN Sooo ma ogid inay xukunkiii kadageeen ooo hada ay shacab yihiiin mise suuuq laaaan ayaaa kugu dhacday anigu waxaaan ogaaaday in NNN ahaaayeeen dhadhanka siyaaasada Somalia tankale NNN makala jecla Kenyaaanka eee kuwaaan is haynay in la lagdo,0,2,0,0,0,0
som_train_track2_2540,Cabsi cabsi miyey durba dareeemeeen xabashida Dalka jooogta Caloooshoooday ushaqaystaaan Wax Aan dhib Ahayn Kama Faaaiiidno.,0,0,0,0,2,0
som_train_track2_2541,Xali dad badan ayaaa oooyay 😭 waxay dhaheeen Faceboook waaa liiiga jabsaday,0,0,0,0,0,0
som_train_track2_2542,Mashalllh walllalka nolosha alllaha ku dhawro macalin,0,0,0,2,0,0
som_train_track2_2543,USER jacayl jacayl sidi looo jilayay meeel nin kale si bilaaash ku macaaashay lacag cadadkaaas ah ka dhiiibi maaayo  Gabadhi lacagtaaas rabta in laga baxsho haddda ha is asturto hamigeeeduna ha ahaaado guuur iyo nolol  Jacaylka khayaaaliga halaga baxo jacayl maaaha kaaasi waaa la isku danaysanayaaa,0,0,0,0,0,0
som_train_track2_2544,Xaqiiiqatan prank yadada wx lisla ogyahy aye noqden after muqdisho sida u timid sbbbto ah wa ogtahy muqdisho prank nucan io kuwa kle ku samea hda dhahdo dhibato ka so gareyso😂,0,0,0,0,2,0
som_train_track2_2545,"Maaanta miyaaa ogaaatay ina la iiibsado Views ilmo thy adi xtaaa😂🖕🏾 1,2,3 Milllions wa la gadhi kra lkn deg deg ayaaa Fake ah   Somali waaa Jaaahiliiin ma OGA ina la samaysO Views Fake ah",0,1,0,0,0,0
som_train_track2_2546,666 waaa cadadka aaayadaha quraaanka kariiimkaMarka laga hadlayo dadka aaan kuuufiyiiinta ahayn  abwaaan sangub AUNRiwaaayadi qabrigiii jacaylka  URL,0,0,0,0,0,2
som_train_track2_2547,hadddiii ay kugu adkaaato arrrimahaaaga sadaqo la bax Alllah na ka cabso  Alllah wuxuuu yiri ruuuxiii bixiya xaquuuddda  Alllah ka dhawrsada  Waxaaan u fudddudeynaaa wanaaag iyo jid fiiican Alllah Ammmuuuraha ha ino sahlo Aamiiin  URL,0,0,0,0,0,0
som_train_track2_2548,Wiiilasha sooomaaalidu waaa GOB wlhy baL kwrn uuu naxsan yhy 🥺❤️ kuma aaamini karo gabadha,0,0,0,0,0,0
som_train_track2_2549,wlllo waxad barnaaamij   noooga sooo diyaaarisa sadex xagalka barmuda mahadsanid !...,0,0,0,0,0,0
som_train_track2_2550,Yaaa u sheeega USER inuuu wasiiiradiiisa isticmaaalo mise heshiiis walba share buuu ka rabaaa marka waaa inuj gorgortamaaa Dowlad xume Dabajadiiid waaa un qabyo dhameeeystir  Wax dan guuud ah ooo Somaliyeeed ma dooonayo wadadiii 19991 buuu cagta u saaaray wadanka  URL URL,1,0,0,0,0,0
som_train_track2_2551,Gabdhaha Soomaalidu ma waxay jacayl ka raadinayaan internetka iyaga oon waalidku ogayn?,0,0,0,0,0,0
som_train_track2_2552,Abdikarim Mahamed wadanka qas dhibaaato iyo burbur ayay usooo jiiidayan nimankan mucaaaradka ah,0,1,0,0,1,0
som_train_track2_2553,Tallaalka Corona ee jaamacadda Oxford oo hakad la galiyay iyo dad lagu tijaabiyay oo ku xanuunsaday,0,0,0,0,2,0
som_train_track2_2554,Dagaaal aba diyaaar utahay miya war yaaa lafaha lagaaa jabin ninkaaas muruqiiisa ma arkin miya😊,0,0,0,0,2,0
som_train_track2_2555,Sooomaaalida waaa inay isku tashato oooy iska ilawdo waxa gacan kale ay ka sugto waaayo waxa laydinku guuumaysanayo hadiii aaad isku filantihiiin cidina sidaaa idinma isticmaaarteeen maskax ka guuumaysiga ah idinkooo xora waaa dhaqaaalaha waxa laydinku guuumaysanayo iyo halka dol,2,0,0,0,0,0
som_train_track2_2556,Atosh kenyatiyow sidaaad larabtay somalia way dhacday sooo uma jedid jawasiiisow maaanta farxad kuuuma dhina,0,2,0,0,0,0
som_train_track2_2557,Asaaa hargeysa kasoracdey hadane dilkiiisu asow ku cadyahay maxkamada kalasocda mardhaw,0,0,0,0,0,0
som_train_track2_2558,Codadka hordhaca eee ilaaa hada la hubo kooonfurta wajeeer iyo dhadhaaab waxaaa codad badan ku hogaaaminaya Hon Farah Maaalim Dawara iyo Mohammmed Adow URL,0,0,0,0,0,0
som_train_track2_2559,Hal mar leee lacagtaaas ha I sooo dhacdo!,2,0,0,0,0,0
som_train_track2_2560,Inuuu gaaal yahy shako miyaaa kugu jiro muuuse waaayo xukun ilaaahay baaa garabmarey,0,2,0,0,0,0
som_train_track2_2561,Fashil weye prankigani ta yari mabay odhan nin baaa ubursanayo 😃,0,1,0,0,0,0
som_train_track2_2562,"ilmo aysoooxaday ayay haysataye ilmaha halabaaafiyo, oromo halaiskaqabto inay ciyaaalkiii yaryaraaa ay xadan ayay bilaaabeeen",2,1,0,0,0,0
som_train_track2_2563,Welll come back🙏zhp nosooo badi muqaaalada mahadsanid,0,0,0,1,0,0
som_train_track2_2564,Shaheen Bagh: Ayeeyada u doodeysay muslimiinta ee lagu soo daray liiska lama filaanka ah,0,0,0,0,0,1
som_train_track2_2565,dirisle guuulayso waaa cabdigoood kiii labaaad,0,0,0,1,0,0
som_train_track2_2566,Jacaylku aaad buuu u adag yahay ma fududa laaakiiin dadka badankiiisu waxay u haystaaan jacaylku inuuu aaad u fudud yahay laaakiiin marka aaad kufto aaad buuu kuuu adkeeeyaaa waxaaana rabaaa inaaan dadka u sheeego jacaylku waaa nolosha  URL,0,0,0,2,0,0
som_train_track2_2567,USER Dad unacsiiiyaya dowladnimadiii iyo dal ku burburay gacatiiisa ayuuu ka tagay  ALLLAAAH HOWNAXARIIISTO SOOOMAAALI HALAAAG AYUUU UGA TAGAY,0,2,0,0,0,0
som_train_track2_2568,Hhhh abi iyo ilmo isku   magac ah hadana abayashu kala nuuuca waba wada kiiim hhh,0,0,0,1,0,0
som_train_track2_2569,USER UK Somalia adinkaaa kala qeeebiyay sideee wax qabad idin kaga rajeeeneeena marka,2,0,0,0,0,0
som_train_track2_2570,Mucaaaradka qabyaaaladeeeysan iyo kuwa cuqdadeeeysan ooo Twittterka iskugu sooo aruuuray maaalmahaaan sideee shan sano ooo dhan ay ku nooolaaan rabaaan haddda ooo dowladddiii 3 biloood gaaarin ayaaa wixiii oooyin habaaar iyo calaaacal ahaaa ka dhamaaadeee Wax yar isku reeebta 5 sano ma dhaweee,1,1,0,0,0,0
som_train_track2_2571,USER Ma fiiicna in dadka tooosh lagu ifiyo imagekooodana la faaafiyo iyaga ooo raaali ka ahayn  Waxay ahayd inaaad ninkan caaawiso hadiii uuu caaawimaaad u baaahanyahay  Siiiriyaaanku waaa dad naxariiis badan Sooomaaalidiii qaxdayna waaa ogyihiiin sida wanaaagsan ooo ay u sooo dhaweeeyeeen,0,0,2,0,0,0
som_train_track2_2572,Ala hoooyo meeel mari Afka wayay uuu macanto Ala wadanakayayka hoooyo dhawara,0,0,0,0,0,0
som_train_track2_2573,USER Waxaaan ku faraxsanahay annno murugooonayaaa inaaad tahay mudanaha keliya eee afkiiisiii ugu tacsiyadeeeyeeey hadraaawi inaaad tahay mahadsanid AHUN hadraaawi,0,0,2,0,0,0
som_train_track2_2574,Wallleee waxbaaa ka dhacay   Dunida lacag ayaaa xakunto hada iyo damiiir xumo,0,1,0,0,0,0
som_train_track2_2575,Inanyahay dhambaaalkiyo Dhawaqa iyo heeesaha Waxba ha dhasiiigine Hadalkayga dhuuuxooo Dhabeeel dumar inaaad tahayWaaa waxaaan la dhuuubtooo Dhakafaaar jacayl iyo Igu reeebay dhaaawaca USER,0,0,0,2,0,0
som_train_track2_2576,Macalinki wa naxsanyahay cawa lkn waaa eeeday shilimadki qadaty,0,0,0,0,1,0
som_train_track2_2577,Aniga ooo aaan mucaaarad ku ahayn USER amp USER kana sooo horjeeedin siyaaasadahoooda laaakiiin at the same time Miraaa wax important trade naloooga dhigo ma ahayn ooo waliba willl booost trade in Miraaa codka kor looogu qaaado ceeeb bay ku tahay USER  URL,0,2,0,0,0,0
som_train_track2_2578,Jirka dheeer eee isku xidha Gaaalkacyo iyo Garooowe waaa inta ugu xun eee ay wadadu ka burbursan tahay waxaaa iiigu danbaysay 30 December eee 2021 dhib badan ayay ku qabaaan shacabka iyo gaaadiiidleyduba Waxaaan ka digaynaaa in mashruuucaaan markale la hagardaaameeeyo  URL,0,0,0,0,2,0
som_train_track2_2579,USER Ilaaa hada jacaylkaaa uuu madaxweynaha u qaaaday diktooorku waaan fahmi la ahay balse waxaaan filayaaa in jacaylku dhinaca Gabooose ooo qudha ka yimi dhinaca kale jacaylka ma la qabaaan,0,0,0,0,0,0
som_train_track2_2580,USER Way igu dhacdaaa ani marka qaaar saaaxiiib,0,0,0,0,0,0
som_train_track2_2581,Faaahfaaahin kasooo baxaysa weeerar Alshabaaab ay ku qaaadeeen hotel madaxtoooyada ku dhow URL,0,0,0,0,1,0
som_train_track2_2582,"😂😂😂Warya hay ceeebayn, waxna haraaali galin ooo raggga ka difacayay hay jabin 😿💔😂 Anaz",1,0,0,0,0,0
som_train_track2_2583,Ninkagan ladhoho hebal buuurgaaabo nin xun ayaaad tahay maxaaad dad xukunka katagay maxaaad kahaysata uf,0,1,0,0,0,0
som_train_track2_2584,Hambalyo dear sis USER waxaaan kuuu rajeynayaaa maaalmo kale ooo qurux badan inshaaa alllah Kun jeeer qosol maaalintaaada xabiiibatiii URL,0,0,0,2,0,0
som_train_track2_2585,"Dhanka kale, aad ayaan ugu riyaaqay waqtiga aan ku bixinayo barashada Amxaariga, sababtoo ah waxay iga caawisay in luuqada kasakow aan barto cilmi nafsiga walaalada itoobiyaaninta ah. ",0,0,0,3,0,0
som_train_track2_2586,Taaallladan waxaaa lagu tusaaaleeeyey hoooyadu marka ay ilmo ay dhashay weydo  Aabbbe wiiilkiii uuu dhalay ka tahriiibay isna wuxuuu yiri Maqane joooge baaan ahaaa ooo mararka qaaar gawaaari baaa i mari gaaadhay Waxaaa sooo badanaya caaadeysiga burburka qoysaska ooo dad aqooon lihi hormuuud u yihiiin  URL,0,0,2,0,0,0
som_train_track2_2587,Wixiii shalay ka dhacay Muqdisho waaa in lagu tilmaaamaaa masiiibo Inta dhaaawaca ah waxaaan Allle uga baryayaaa inuuu caaafimaaad siiiyo,0,0,2,0,0,0
som_train_track2_2588,Casarkiii sideee tahayCawayskiii ma nabadbaaaMa cashaysay dabadayCaaafimaaad kusooo tooosAllla waaao cidlooodayeCodkaaagiii i maqashiii Weeedhahan caqiiibka ahLaaabahay culaaanoooCaqligay u rooonyiiin Cindigay sifeeeyaaanLammmanaha colllooobayIsku sooo ceshaaanoooWaaa caaado dhaqameeed URL,0,0,0,0,0,0
som_train_track2_2589,Sxb adaaa cayr qaaateee xage lacagta ka keeenaysaaa ma bangi baaad dhacaysa hhh yaaab,0,0,0,0,0,2
som_train_track2_2590,"mahadsanid, bro",0,0,0,0,0,0
som_train_track2_2591,22 Siyaaasiga maxumo lkn waxaaa Bulshaddda ka hor keeena umaddd yar ooo isku xeeerta qofka masuuulka ah waxayna iska dhigaaan inay isaga leeeyihiiin waxa dhacaaana asagu war kama hayo,0,0,0,0,0,0
som_train_track2_2592,Todobo qof ooo ku dhintay shil ka dhacay wadada isku xirta BometNarok  URL,0,0,0,0,2,0
som_train_track2_2593,Wlll fadalan wlaha beeen hagu dharanin eee iska ilali arnkaaa waaa khatar dharta wlhi inad mar kasta ad igu dharato waaa khatar Wlll   kitabkaaad ku dhartay xitaaa Wlll,0,0,0,0,0,0
som_train_track2_2594,3Xaqiiiqo 1qofka aaad inta ugu badan jeceshahay wa ka inta ugu badan ku dhaaawaca 2runtu way fududahay laaakin marka aaad is tiraaahdo sharax ayay noqota mid adag3marka aaad faraxsantahay waxaaad ku raxaysata musica marka aaad murugaysantahayna waxaaad fahanta miraha,0,0,0,0,0,0
som_train_track2_2595,asxabay subscribe iii saaara mahadsanidiiin,0,0,0,0,0,0
som_train_track2_2596,USER Jamaaal maxay arrrintan Somalia u sooo kordhisey Maxay eeedihiii HSM looo jeeedinatey ay ka badddelaysaaa Qabow iyo qabow laaaanba dadkiii uma iman sidiii la rabey  Saw kama fiiicnayn in aaad inta sooo dhaweysaaan u sheeegtaaan in uuu iska daaayo waxyaaabaha ay dadku maaamulkiiisa ka tabanayaaan,0,0,0,0,0,0
som_train_track2_2597,USER Wow qof aaad u qurux badan ayaaa thy runtiii in aaad xilikan aaad guuursan waxa u sabab ah quruxda ooo qof kasta marka uuu ku arko is dhahayey qoftan waaa meleysan thy  You are so,0,0,0,0,0,0
som_train_track2_2598,USER Failmaguire ooo ku fikiraaaye booobka dooorashada 2 sano shaaafatduuu isku qabtay waaaye,0,0,0,0,0,0
som_train_track2_2599,Arsenal ayaaa ku dhawaaaqday inay 21 milyan ginnni kula sooo wareeegtay daaafaca reeer Poland Jakub Kiwior ooo ay kala sooo wareeegeeen Spezia URL,0,0,0,0,0,0
som_train_track2_2600,Waaa nin wayn madhan ck walllahi,0,2,0,0,0,0
som_train_track2_2601,USER sxb Si kasto o shabab Mel ey u qarxiyan low ma joooinayo hosha u tal Madaxweynaha Sakay iyado Daaal mesha ka socdo xabada la maqlayo Ayaaa Tiyaaatarka Qalin jabin ka socotay sxb Dalkan Isma dhiiibi Downa ilaaa laga laaayo Shabaaabka Haraaadiga jogo Dalka wan guleysa downa  URL,0,0,0,0,0,0
som_train_track2_2602,Talaaabada uuu Rooobley ku kala diray gudddiyada dooorashada waaa talaaabo ay dhamaaan shacbaka sooomaaaliyeeed ay sooo dhaweeeyeeen waaane mid loooga hortagey in musuqmaaasuq lagu fasoxo kursiga hop 86 URL,0,0,0,0,0,0
som_train_track2_2603,USER Madax jacaylka uma istaaagteee ayadooo indhaha isku hayso ayay horay ugashaaa ileeen taliye jaleeec malaheee,0,0,0,0,0,0
som_train_track2_2604,Sida dadka saamaynta ku leh baraha bulshada ay lacag uga sameeyeen dagaalka Israa'iil iyo Xamaas,0,0,0,0,0,2
som_train_track2_2605,"Somalinimada qurux badanaaa, Tani waaa tiii aaay somali ku midooobi lahayeeen",0,0,0,2,0,0
som_train_track2_2606,Maaamulka Gobolka Shabeeelllaha Dhexe ooo War kasooo saaaray dagaaal Beeeleeedka ka dhacay degmada Cadallle  URL URL,0,0,0,0,0,0
som_train_track2_2607,Inuuu kor usiii socdo ayay ahayd. Waaa wax laga xumaaado inu Hal mar intaaas Oo dhan hooos ugu dhaco.,0,0,2,0,0,0
som_train_track2_2608,Difaaaca xulka qaranka Faransiiiska eee Rapha l Varane ayaaa uga digay asxaaabtiiisa inay ku dhacaaan dabinka xulka qaranka Moroccco ka hor kulanka ay isku wajahayaaan labada xul wareeega afar dhammmaaadka Kooobka Addduuunka 20222 eee Qadar  habeeen dambe eee Arbacada ah  URL,0,0,0,0,0,0
som_train_track2_2609,DOQON BAAA TAHAY OOO QABYAAALDI DILOOOTAY WAAA ADIGA MAAALIN WALBA FUAD KU DHAGANE MAAAD KA HADASHID QANIIISKIII REEER HARGEYSA EEEY WASEEEN MISE KAAA WAAA REEER SOMALILAND   XAAARAAAN XAAARAAAN DHALAY WLHI FUAD ANIGA AQOOON umalihi lkn majecli dulmiga,2,2,0,0,0,0
som_train_track2_2610,USER Imisa idin ka ah ooo dhalasho iyo calamaaan kale wata hadana ubdurbaaan na tumaya qabiiil burbur Somaliyeeed maba arki kartiiin Somali Heshiiis ah,0,1,0,0,0,0
som_train_track2_2611,USER Fikradaha ku saaabsan isku sooo dhaweynta dadkaaaga ma aha fikrad wanaaagsan addduuunka casriga ah  Jarmalku way isku dayeeen ooo horey ayaaan isku daynay balse waaan guuul daraysanay  Isku sooo dhaweynta goboladeeena ma aha arrrin kowaaad  Waxaaa hore looo qabaaa inaaan isku sooo nooolaaano,0,0,0,0,0,0
som_train_track2_2612,USER Aniga waxa ila qurux badan marka iskabulada laga baxo ayaaa wax kuuu kala cadaaanayaaan,0,0,0,0,0,0
som_train_track2_2613,Allle haka burburiyo xiriiir kastooo ay gasho xaaaskeyga mustaqbalka ilaaa aaan aniga uga imaaanaaayo,0,0,0,0,0,0
som_train_track2_2614,Maaalmuhu ayaga ayaaa ku baraya farxada iyo murugada balse waxaaa qasaaare kan isku dhiiibo waqti yar ooo ciqaaab ah URL,0,0,0,0,0,0
som_train_track2_2615,Qalbiga Waxan ka murugo Marka aaan eeego Xaaalka muslimiiinta iyo baytal Maqdas,0,0,2,0,0,0
som_train_track2_2616,USER Waaa umad intiii xumeyd madax loooga dhigay USER,0,3,0,0,0,0
som_train_track2_2617,Yaaa Alllah Qalbigaaa u qaboooji ilmahediii uso celi waaa Hoooyo murugo weyn Haysato,0,0,2,0,0,0
som_train_track2_2618,Ilahow usahal murugadana farxad. Ugu bedel,0,0,1,0,0,0
som_train_track2_2619,Quranka waaa dawada qalbiga MarkaCiriiiri dareeento waaa waxa kaliyo ooo Ku farxad galin karo URL,0,0,0,0,0,0
som_train_track2_2620,SAWIRO Muqdisho Beeesha Reeer Fiqishini ooo taaageeertay goaaamadiii kasooo baxay Shirkiii Aayo ka tashiga Fiqishini iyo Dhulbahante eee ka dhacay Magaaalada Laaascaaanoood URL,0,0,0,0,0,0
som_train_track2_2621,Waxad   ogaaataaan in hayadaha   wadankeeena buuux dhaaafiyay   eee aaan waxa ay qabtaaan la arag eee reeer galbeeedka ay yihiiin   basaaasiiin/ jaaajuuus xogaha   wadankeeena si   yar ooo fudud ku hela ka dibna qabiiil qabiiil isugu meeel dira si aynu isugu   madhano.,2,0,0,0,0,0
som_train_track2_2622,Horta aaad ayaaad u mahad san tahay run ahaaan tiii waxaaad ka hadashay mid kamida dhibatoyinka hays ta bini adamka qofka midaaa ku dhaqma waaa qof ale uuu uga dhaw yahay qofkasta,0,0,0,0,0,0
som_train_track2_2623,Abowe waxan kaaa codsanayaaa inaaad sooo samayso video aaad Ku oranayso qofka jacayl ma ledahay kadibna nooo inuuu daaacad kuuu yahay ayaaan ogaaanaynaaa kadibna qofkiii waxaaad waydiiisaaa jacaylkaaaga magiciiisa nooo sheeeg qof Ku jecel ayaaa ila jooogeee💓,0,0,0,0,0,0
som_train_track2_2624,Carruurta UK oo la ogaaday khatarta uu ku hayo telefoonka,0,0,0,0,1,0
som_train_track2_2625,USER Way saaaraaan ooo xadka Somaliland iyo Online ba way ku bixiyaaan waxaaase jira in qof meeesha degan ooo dhalashadoooda haystaaa ku dammmiiinto  Middda kale xadka marka la jooogo adigooo line u horrreeeya hadddiii kuwa Jabuuutiyaaan ahi sooo galaaan way kaaa horrraynayaaan  Cunsiriyiiin weeeye,0,2,0,0,0,0
som_train_track2_2626,Wadahadaladiii u dhexeeeyey mucaaaridka iyo xukuuumada waxey ku dhowyiiin iney burburaaan Hadddiii ay arintaaasi dhacdo waxa loooga baaahanyey xisbiyada mucaaaridka ah goaaan kama danbeysa iney gaaadhaaan,0,0,0,0,2,0
som_train_track2_2627,USER Waaa tilaaabo fiiican ooo hore looo qaaaday in dalkeeena la sooo aaamino ooo la maaalgashtolkn fursadaha maaalgalinta u baaahan waaa beeeraha iyo kaluuumeysiga kuwaaas ooo shaqa abuuur koooda hoooseeeyo  marka wax sooo saaarka gudaha hmalgalintoooda hala dhiiiri galiyo shaqalaaanta hooos ugu dhacdo,0,0,0,0,0,0
som_train_track2_2628,Wiiilkan waaa somali sababto sida uuu ugu dhawaaaqayo kalmada (somali)waaa sida aaan ugu dhawaaaqno hadaaa nahay somali Anu wan u malayn in uuu sooomali wayahay,0,0,0,0,0,0
som_train_track2_2629,Shegada tanbe sixir mahan waaa xirfad uuu sameyey,0,0,0,0,0,0
som_train_track2_2630,Faaahfaaahino kasooo baxaya ganacsade caaan ahaaa ooo gooordhaw lagu dilay gooobtiiisa ganacsi ooo ku taaala Muqdisho URL,0,0,0,0,2,0
som_train_track2_2631,USER Ader dhacdo tariiikh ah ooo laga hadlayo uma jedo waxan arka dad maxamed Siyad bare iyo familkasa nacayb u qaba ooo isu yimid iyo xasan shiiiq o indha calamka ama somalida ka jedinayo Kacdonka Qaaatumo iyo in ka caraysan qatumo sebay manta isu racday eee wata howshu Nina,1,0,0,0,0,0
som_train_track2_2632,'Xaaskeyga Aishwarya iyo hooyadey jabkeyga ayey u midoobeen',0,0,0,0,1,0
som_train_track2_2633,Habeeen wanaaagsan dumarka si sahlan wax kuma jecladan balse hadaaad adiga nasiiib u yeeelatid jceylkeda waxaaa tahay ruuux nasiiib badan eee ilaaali qalbigeda kana fogeee murugada dareeensiii jceylkaaad u qabtid si ey kuuugu noqoto boqorada farxadada Dumarka naxariiis bey wax ku leeeyihin URL,0,0,0,0,0,0
som_train_track2_2634,Waaan sugayay mahadsanid OSMAN,0,0,0,1,0,0
som_train_track2_2635,Sxbow hor dhaha woxooo dilaaa xiiisaha looo haaayo clip-ka fadlan naga daaa yaaaqe anagaaa daaawaneeeno clip-ka 30% hor dhac ayaaa ka dhigtaaa waaana qabyo qabyo naga qurxi yaaaqe,0,1,0,0,0,0
som_train_track2_2636,Qofka ugu daaacadsan barnaaamijka inta qof kaso muuuqatay ❤Qof isxakameynkaro ilaaa xad dabecad wanaaag ayuuu ugu baxay barnaaamijka 😍 dadooow dulmiga daaaya damiiir xumada io wx aaad shegeysaaan wxa ka muhiiimsan dacadnimda io dagananta io qalbi nadiiifnimda ka muuuqato jareeer ,2,0,0,0,0,0
som_train_track2_2637,Si aaan kuuu fashilinin faraha ka qaaad qosol badanaaa hhh,0,0,0,1,0,0
som_train_track2_2638,"istad mahadsanid laaaki su'aaal ayan raba inan ku way diiiyo , yaaa dhisay masjid al aqsaaa?.thanks",0,0,0,0,0,0
som_train_track2_2639,Abo fcn waye abayasha ilmahoda saaas ha ula bashalaaan farxad ayey u tahay ya laga faaanin ilmaha abayasha qaaar URL,0,0,0,0,0,0
som_train_track2_2640,Cawa 43 qof iga horayso,0,0,0,0,0,0
som_train_track2_2641,Maalqabeenkii muddo kooban ku khasaaray 2 bilyan oo doolar,0,0,0,0,0,2
som_train_track2_2642,waaa in aaan muuujinaaa waji iyo qalbi midaysan marka ay timaaado dhacdadan naxdinta leh Somalia USER URL,0,0,2,0,0,0
som_train_track2_2643,New post in Warki Islaaamka Barnaaamijka Dhacdoooyinka Dunida 2011120222Barnaaamijka Dhacdoooyinka Dunida waaa barnaaamij maaalinle ah ooo ka baxa Idaaacaddda islaaamiga ah eee AlFurqaaan marka laga reeebo maaalinta Jimcaha waxaaana lagu sooo gudbiyaaa dhacdoooyin URL,0,0,0,0,0,0
som_train_track2_2644,K(kkk aaawaya dhaqaaalihiii wuuu sooonoqday lalahaaa iyo hormar kiii lasheeegi jiray nabar iyo naxdin beeen tiii wey sooo af jarantay isooo gaaaraaay by mareysaaa iyo cawaaad,2,2,0,0,0,0
som_train_track2_2645,Faahfaahinta waxay dowladda Turkiga ka tiri shilka baabuur ee uu qeybta ka ahaa wiilka madaxweyne Xasan Sheekh?,0,0,0,0,0,0
som_train_track2_2646,Naaagaha qaaar waxay ku fanaaana naaaska taaagan kuwaaannna naaas dhacay ayaaa lagu fanoyaaa!🤣🤣🤣😂😂😂Yaaab nadanaaa,0,0,0,0,0,2
som_train_track2_2647,Inta reeer waaaberi ah love dhac kusiiiya❤❤❤🙏🏻,0,0,0,0,0,0
som_train_track2_2648,Heees ooohin nooo sooo qaaad tan waaa tiii quface 🙄🤣,0,0,0,1,0,0
som_train_track2_2649,Waaa sheeekoooyin aaan la dhacay runtiii ifka iyo aaakhiraba Alllah kaaa abaaaliyo mahadsanid 1 ilaaa 18 waaan dhameystay waxbadan waaanka bartay alxd mahadsanid,0,0,0,3,0,0
som_train_track2_2650,Somalia aaad ayay u qurux badan tahay eee cid ku faaanta ayuuu waaayey URL,0,0,0,0,0,0
som_train_track2_2651,Quruxda villlada eee uuu layaaaba mw  Ismaaaciiil waaa tiii ay burburiyeeen diyaaaradihiii dagaaalka Mareykanka bishiii jun 19993 diyaaaradahaaas kasooo duuulayey dalka Jabuuuti villladana dadkiii lahaaa ayaaa dib u dhistay URL,0,0,0,0,0,0
som_train_track2_2652,Waligaaa ha ujabinCadawgaaaga adooo iska Tiiiriya moooyeee marnabaHa isku dayin in aaad ka dhaqaaaqdoAdooon iska ridin URL,0,0,0,0,0,0
som_train_track2_2653,USER Odaygu qaaabka dhaqaaale aruuurinta ayuuu saluuugsanyahay waxaaa kale ooo uuu rabaaa in Xawaaadle laga badbaaadiyo burburka dhaqaaale eee uuu ka dhaxlay dagaaalka ka dhanka ah argagaxisada URL,0,0,0,0,0,0
som_train_track2_2654,Qof wliba ooo muuuqalkan daaawanayow waxa Alllehi ku abuuuray owgiiis kaaaga codsanaya ina iso boooqato like iyo sharena igu caaawisid mahadsanid. 😭😭😭,0,0,0,0,0,0
som_train_track2_2655,USER hdddiii an isku sooo dhawaaano amaaa wax badan halaynaaa,0,0,0,0,0,0
som_train_track2_2656,30 sano ayuuu jacayl keeeda uwaaalna balse maaanta ayey kulmeeen wayna is cafiyeeen URL,0,0,0,0,0,0
som_train_track2_2657,Dirisle sxb waliga haniyad jabin sxb kept going bro horo usoco sxb hadalka umateeedka ufur 😀😀😀,0,0,0,0,0,0
som_train_track2_2658,Wlh daaacad u qoslay😂😂😂 yaaa ilamida,0,0,0,2,0,0
som_train_track2_2659,Acuuudkooo Sabaxatada dhacaysa waaa yaaabaysa,0,0,0,0,0,2
som_train_track2_2660,madaxwayne dalkiiisa iyo dadkiiisaba jecel kuna fahmay mucaaaradku iyo burburkay wadeeen,0,0,0,0,0,0
som_train_track2_2661,kkk british sooomaaali land isnot sooomaaaliya itali kkkmmm hiuuurada madhan beeenwadayaaasha horafadhi reeer xaaarmaaajo kaaalay kudhuuus,2,0,0,0,0,0
som_train_track2_2662,rabi ajar iyo xasanad hakaaa siiiyo waaad ugurmateeen miskiiintas aaabaaan ula murugoooday,0,0,2,0,0,0
som_train_track2_2663,USER Abdikarim xagaaas kuma fiiicnayn markiii hore ilaaa nabsi uuu balaaayo badayQisadiii jacayl eee uuu gabadh jeclatay balaaayada ku dhigey ma ogtahay kkk,0,0,0,0,0,0
som_train_track2_2664,Kenya: Askar loo qoray ciidanka booliska oo farxad awgeed u yiri hadallo xun xun oo caro weyn dhaliyay,0,0,0,0,0,2
som_train_track2_2665,Xogtaaa dalkeniii aaan burburinay sxb dadalbadan ayad kubixisay arimahan gulban kurajaynayaaa gulaysooo,0,0,0,1,0,0
som_train_track2_2666,Qeeebta gabdhaha waxlooogusheeegaaa marish wala oooyay runti,0,0,1,0,0,0
som_train_track2_2667,Fannaanka jiidda hore ee dagaalka ku jira ee marna qoriga qaata marna guubaabiya askarta,0,0,0,0,0,0
som_train_track2_2668,Rabshadaha ayaaa dhacay maaalintiii labaaad ooo ay socdaaan mudaaaharaaadyo loooga sooo horjeeedo howlgalka nabad ilaaalinta Qaramada Midooobay eee MONUSCO ooo ku guuuldareystay inay difaaacdaaan dadka rayidka ah eee ku noool gobol ay hareeeyeeen rabshado tobanaaan sano ah URL,0,0,0,0,1,0
som_train_track2_2669,Muqdisho dhalinyaro farabadan ayaaa si qasab ooo qafaaal ah loooga qaaadi rabo amp walidintiii dhalay dhalintas ooo afka furtayn iiibsashadiii ooo run ah USER Tiii hore beeen iga dheh runtiii baaa timid hoooyoyinkan waxay kullleyihin ilmo lagato mahayno jallle hasssan u siiida caruuurtoda  URL,2,0,0,0,0,0
som_train_track2_2670,Maxay tahay cabsida ay wajahayaan caawa TikTookleyda Soomaaliya?,0,0,0,0,2,1
som_train_track2_2671,@@@rooodailkacase2726 mahadsanid abooowe,0,0,0,0,0,0
som_train_track2_2672,Qof qurbo degan ooo passsport kale heysto waxa shaqoooyinka dowlada ooo looogu talagaley dhalinyarada jooogta gudaha dalka in shaqoooyin ka helaaan ayaaad wada siiiseeen dad dhergan ooo jiiifkoooda isaga dhacda mushaaarka aaaqiro waraaa yaaaleee,1,0,0,0,0,0
som_train_track2_2673,USER Waxa uuu tiktoga ku taaageeeri jiray SL isaga iyo dhawr qof ooo kale ooo isla tiktoga caaan ka ahaaa waxa ay u guuureeen Moqdishu waaa sad,0,0,0,0,0,0
som_train_track2_2674,Dowladdda Mareykanka USA ayaaa sheeegtay in ay xannnibaaad Safarka ah saaari dooonto qoysaska iyo shakhsiyaaadka caqabaddda ku ah Dimoqoraaadiyaddda dalka NigeriaDalka Nigeria ooo ah dalka ugu dadka badan Africa ayaaa lagu wadaaa inay Dooorashada Madaxweynaha ka dhacdo 25 February 2023  URL,0,0,0,0,0,0
som_train_track2_2675,USER Inta wax kufsatay eee wali magaaalada iskaga xaragoooda marka kuwaaasaaa xukun u baaahene xukuma,2,0,0,0,0,0
som_train_track2_2676,USER Ader mel qurux bdn iyo fadhiiisi micno bdn ma samynayso farmaaajana ilaaahaybaaa umada kasooo gaaadhay waligedna way jirtay qof marka afka looobuuuxiyo in uuu iska nacamleeeyo marka adeeer gabadhey dumar baaa tahay tartiiib hadad ilmo leeedahay uxiiirxiiiro,1,0,0,0,0,0
som_train_track2_2677,Hadddiii aaad rabto inaaad ku hooos nooolaaato xukunka Ilaaah waxaaad raaacdaaa Erayga Ciiise eee xaggga Aabbbaha adooo dooondooonaya Boqortoooyada Ilaaah marka hore iyo xaqnimadiiisa  Hadddaba rumaysad laaaanteeed Ilaaah wax walba ha kuuugu daro,0,1,0,0,0,0
som_train_track2_2678,USER Minyaradu qalisanaydaaa Milyanaaa maqan baaa laleeeyahaye Kaliya Waxaaan ku idhi shakhsi ku xukun falkuuu gaystay haday ku cadaaato adigooon reeerka uuu ka dhashay carabaaabin,0,0,0,0,0,0
som_train_track2_2679,USER 3  Awbare kolay xarshin iyo dulcad la isku daray iyada ka weyn ka timi adigu 4  rer Awdal hadyadiii dhiseeen bad dheeefsatay 30 sano sidi gonafaha ugu naaaxdey lkn shilin baaad noqon dooontaaa 5  Hana kugu celiyeee snm goooni gooosad iyo dib u ula sooo noqosho uma dagaaalllamin JSL,2,0,0,0,0,0
som_train_track2_2680,Khaladka aaad raaali galinta ka bixisay kumahadsanid Wixi aaad qabatayna ku mahadsanid,0,0,0,2,0,0
som_train_track2_2681,puntland Job Centre waxay kuuu diyaaarisay shaqaaalayaaal u carbisan shaqo kastooo u dirsato waaana shaqalayaaal lasooo siiiyay tababar ku filan ooo ay ku shaqayn karaaanmarka mudane shaqo bixiye sooo boooqo xarunteeena puntland job centre URL,0,0,0,0,0,0
som_train_track2_2682,DEGDEG Fagaaare ku yaaallla degmada Jammmaaame eee gobolka Jubbbada_Hooose ayaaa maaanta lagu tooogtay laba askari ooo kala tirsanaaa ciiidamada PIS eee Puntland iyo Boooliska DF kadib xukun dil ah ooo ay maxkamad ku riday,0,0,0,0,2,0
som_train_track2_2683,Waxaaan dhammmaaan ummmaddda Sooomaaaliyeeed ugu hambalyeynayaaa sanadguuurada 62aaad eee kasooo wareeegtay maaalintiii ay midooobeeen labadiii gobol eee Sooomaaaliyeeed lagu dhawaaaqay curashada Jumhuuuriyaddda xorta ah eee Sooomaaaliya  URL,0,0,0,2,0,0
som_train_track2_2684,Ballon d'Or: Lionel Messi oo markii toddobaad ku guuleystay abaalmarinta ciyaaryahanka ugu wanaagsan caalamka,0,0,0,0,0,0
som_train_track2_2685,kkk codsibaaa kusooo dhacaya   kulahaaa fariiid hore usoco baaalaha ka rifi dadkan,0,0,0,1,0,0
som_train_track2_2686,Baaadhis unbaaan la samayne magaaalada Dad badan Unbaaa inta waxaaas looo miiiso Deeeto intay dhintaaan subaxdiii laga sooo Qari Alllah how naxariiisto hebel Xalay isagooo cafimaaad Ah Ayuuu seeexdau Saaakana waaa mayd 🥲 Alllah Hayna dhawreee taxadar badan haaan samayno Aad bay,0,0,0,0,2,0
som_train_track2_2687,Dhamada murugo leee,0,0,2,0,0,0
som_train_track2_2688,Somaliland intay aqooonsi sugeyso qiyaaamahaaaba dhacaya😬😬😬❤❤❤,0,0,0,0,2,0
som_train_track2_2689,Mashalllh dadal wacan aaad ban ula dhacay,0,0,0,3,0,0
som_train_track2_2690,Ma Geeellli indha badanaaa eee Muuuse biiixi tolkiii laga dhacay,0,0,0,0,0,0
som_train_track2_2691,Waaa sheeeko xiiisa badan mahadsanid maracade,0,0,0,2,0,0
som_train_track2_2692,Zuheip Yarrre casimdi way nimcyste uso dhere ad dhawr sawira kusi gashide😂😂😂,0,0,0,1,0,0
som_train_track2_2693,habaaarkiii magaaalada bukhaaara ayaaa kudhacday,0,0,0,0,0,0
som_train_track2_2694,Itooobiya ayaaa ku dhawaaaqday qorshe iftiiiminaya in Damac weyn kaga jiro baddda Somalia kadib markiii ay asbuuucan sheeegtay inay kaaalin weyn ooo dhinaca hogggaaaminta ah ay kaga qayb geayso waxa looogu yeeero Hindisaha Baddda Cas ooo lagula dagaaalamayo burcadbadeeeddda gobolka Bariga Afrika  URL,0,0,0,0,2,0
som_train_track2_2695,Mareykanka oo wacad ku maray inuu weerarayo haddii Iiraan yeelato hubka Niyukliyeerka,0,0,0,0,2,0
som_train_track2_2696,"😂😂😂😍😍😍 waw inagana #Somalistan baaa inooo qurux badan waaayo #inta yare #lia waaa erey ay gaaaladu inagu dareeen ooo aaan micno lahayn , balse #stan waaa dhul , marka #Somalistan baaa qurux badan , dhulka somalida 🇸🇴💙🇸🇴💙🇸🇴💙🇸🇴💙",0,0,0,1,0,0
som_train_track2_2697,USER Adeeer waxba kuma raaacin eee balse sida ay u shaqshaq leeeyihiiin baaan ku qoslay kolkaaa qosolka ha diiidin eee Qosol caaafimaaad baaa ku jireee,0,0,0,0,0,0
som_train_track2_2698,xooogiii sooomaliya ilahay ayuuunbuuu uauhaaaday markiii siyaaadbare beeeniyay kitaaabkiii ilahay ayay cadho ale Ku hsacday afwayne waydi dibna looo arkimayo tiiiyooo kale waaayo sooomaaalooo isjecelbuuu qabyaaalad keeenay Salina way wadaaan maxa lagaga farxi bariba waaan lumiye,2,1,0,0,0,0
som_train_track2_2699,"Carabta iyo Israa'iil: Heshiisyadii Trump ee ""halisuhu ku gadaaman yihiin"" ee Bariga Dhexe",0,0,0,0,2,0
som_train_track2_2700,Hhhh wale wan qoslay malmahan wan ka maqnaaa qosolka,0,0,0,2,0,0
som_train_track2_2701,Ilmahan ilmo ka garacsan waaan wayey idrisle garac,0,2,0,0,0,0
som_train_track2_2702,Ogaaansho mahadsanid,0,0,0,0,0,0
som_train_track2_2703,​@@@adna-qv4bn ha wlhi inta burbur sanen ooo qabyalad iyo qurun ku mashqul sanen aya nala dhacey,0,0,1,0,0,0
som_train_track2_2704,Maxay la oooyi iyada aya qaladka lahayde wayo duruf kasta ooo haysa in ay ka yeeesho ma ahayn Allle ha kuuu sodhawayo ilmahaga,0,1,0,0,0,0
som_train_track2_2705,Fanaanada caanka ah ee hees qabsatay TikTok ku soo ammaantay gabdhaha Soomaalida,0,0,0,2,0,0
som_train_track2_2706,Waxaaan aaad iyo aaad ula tacajubayMasuuul aaan islaaam ahayn ooo kacadhaysan musuqa shacabkiiisaLagu sameeeyey iyo masuuul muslim ah ooo xilka u qaban haya si uuu shacabkiiisa maaalkoooda u cunoAlaaah ha ina Samata bixiyo,0,0,0,0,0,2
som_train_track2_2707,Thanks bro sojedintaaada iyo waqtigelintaaada mahadsanid fadlan waqtiga nodhereee,0,0,0,0,0,0
som_train_track2_2708,Amiiinaw xaaasid dadka dhawacoda lagama faidaysto,2,0,0,0,0,0
som_train_track2_2709,Asxaaab fiiican siyaaasad iyo qabiiil ka madhan baaad ahydeeen lakin qudhun baaad faraha la gasheeen team kiii na dhan unsubscribed dhamaaan asxaaabta reeer Somaliland 🇭🇺,0,1,0,0,0,0
som_train_track2_2710,Sacadna farxad sacadna naxdin waqti waaayeh🥰🥰🥰,0,0,0,0,0,2
som_train_track2_2711,Adiga taaala Ka hadal ima cajabin dheh lkn anaga hanagu darin namu cajibin kulha 😂 teda kle marwalba waino mooodoc cusub ka hadla mise wxa rabtay sheeeko caruuured ino ku aqriyo,0,0,0,1,0,0
som_train_track2_2712,Marka waqtigeeena dhulkan la dhammmeeeyo lacag iyo maaadddi waxba ma yeeelayaaan  Laaakiiin jacaylka wakhtiga iyo naxariiista aynu dadka kale siiinay way ifi dooontaaa ooo waaari dooontaaa weligeeed URL,0,0,0,2,0,0
som_train_track2_2713,Absher Omar JammmehKulanka ooo ka dhacay magaaalada Abu Dhabi ayaaa waxaaa loooga hadlay sidiii kor looogu qaaadi lahaaa xiriiirka labada dal si loooga shaqeeeyo danaha guuud eee labada dal,0,0,0,0,0,0
som_train_track2_2714,Dawada COVID-19: Tani ma laga yaabaa inay noqoto dawada fayraska Korona?,0,0,0,0,0,0
som_train_track2_2715,USER Madaxda xukunkoooda isku heysata maxay kaleeeyihiiin alllow unaxriiis,0,0,0,0,0,0
som_train_track2_2716,USER Nacas ha noqon eee CBBB iyo aniggga kala dheeer  Isku day innnaaad si weyn iiigula hadashoNin walba ooo diiidan adeeerkaaa HSM ma aha cbbbAnigggu ficiliiisaaad diiidanahay adiguna qabiiil unbaaa kuuu cad  is ilaaali,0,1,0,0,0,0
som_train_track2_2717,Afrika: Sheekooyinka been abuurka ah ee coronavirus laga sameeyay,0,0,0,0,0,0
som_train_track2_2718,Anigu 20008 ilmo yar baaan ahaaa Inaaan ilmo yar ahaaa waxaaan ku gartay  dhamaaadka 20008diii ayaaan ogaaaday in wax Somaliland la yidhaaahdaaa jirto Kadib markay sooo baxday heees ay Maryan Mursal Somaliland u qaaaday Ka hor meeel la isla marayaba ma ogaynCaruuur Cagweyn baaan iska ahay URL,0,0,0,0,0,0
som_train_track2_2719,Subxaaana lllaaah diiinta inaku filan illlaaahow nawaaafaji inaaan isku xkuno diiinra islaaamka,0,0,0,0,0,0
som_train_track2_2720,USER Qof haduuu qabiiil ku qandhooodo adigaaa weli ku qandhaysan qof hadiii burburkiii xanuuun qabiiil kaga tageyna adiguuu kaaaga tagey ooo la daaala dhacaya dhibtiiisiii hadaba tolkaaa Hawiye weydiiiso caaawimo iney dhakhtar waxaaa lagu daweeeyo ku geeeyaaan umadana kaaa qabtaaan waxaaad u talise daaaye,0,2,0,0,0,0
som_train_track2_2721,USER Mahadsanidddiii ma la noqotay Haddde anaaa Ilaaahay ku harayeee marka adigu mahadsanid,1,0,0,0,0,0
som_train_track2_2722,Viva Fanaaanka weyn eee laga daba dhacay   MURSAL   FALAFAGAN.,0,0,0,2,0,0
som_train_track2_2723,Warshadiii sibidhka magaaalada berbera eee mudada 31ka sanadoood eee ka sooo wareeegtay xiligi ku dhawaqista goooni isku taga madax banaaanida 18ka mey 91ki bur bur sani ma aqooonsiga somaliland bay u cadilan tahay mise warshada ceeelna uma qodna cidina uma maqna URL,2,0,0,0,0,0
som_train_track2_2724,Wh aniga Marka hore isma lahen wad iska Dan donta lkn waxan isku dayay inan markay igu so dhacdo aaan ismash quuuliyo Ayan bilaway waleys ka Dan karaaa adiga hadad go aaan ka gaaarto marwalbana ale ka bari inad iska daysid wlh wad iska day neysa YouTube markad gasho ha isku dayin,0,0,0,0,0,0
som_train_track2_2725,Heeestaaas indhahayga wlhi gaaadhiba igula dhacay iyado I baxaysa mrka aniga dareeenkay igu lahaydba qacdi danbe gabagabaysay imika wax la dhagaysto iyadan ugu necebay,0,2,0,0,0,0
som_train_track2_2726,Waxaaa farxad iyo maaamus iii ah inan kamid noqdo xubnaha usareya ururka saxaaafinta deeeganka sooomalida USER URL,0,0,0,2,0,0
som_train_track2_2727,"""Waxaa kaliya ee aan u dagaallamayo ayaa ah in aan ku badbaado Rwanda""",0,0,0,0,1,0
som_train_track2_2728,"Waaa barnaaamij aaad aaan oga helay. Hasow pro, sxb barnaaamij yadan iyo kuwo kalooo xiso leh inoso qabqabo. mahadsanid👏👏👏",0,0,0,2,0,0
som_train_track2_2729,Wlllhi prankigi ugu qosolka BadNa Daaawado 😂😂😂,0,0,0,2,0,0
som_train_track2_2730,USER wuxuuu ka tacsiyadeeeyey maaalin horrr Laaascaaanoood dadkiii ku dhintay mudaharaaatka sidaaas la adligeeed waaajibkiii qaran waaa ka dhacay,0,0,2,0,0,0
som_train_track2_2731,ROOOBLE alllaha na dhaaafiyo waxu Rabo ha magacaaabo Xasssan sheeekh ROOOBLE alllow na dhaaafi waxu isku darsaday Booob Khiyanooole iyo Qabiiil iyo tuuugo uuu la shaqeysto alllaha na dhaaafiyo kan hada la keeenay Moooshin ayaaa ku filan eee ROOOBLE alllaha na dhaaafiyo,0,2,0,0,0,0
som_train_track2_2732,Maaamada ilmuhu ka maqan yahay ilahay ha usooo dhaweeeyo ilahay suxaaana qaaadir weeeye Maaamada kale eee waaayeeelka ah ilmaha halaga qaaado iyadaaa teeediii la daaala dhacayse ilmo yar ooo biyo ah qorax iyo dabayl iyo gaaajo makaraye Naaas buuu ubaaahan yahay hadiii laway,0,0,2,0,0,0
som_train_track2_2733,Waxaaa igu naxdin badnaaa markiii ey ka baxday diiintediii islamka waxana igu farxad badnaaa markiii uuu askarigiii godka kasooo wadayay uuu dhiri galaliyay ay sooo xasusatay dhagartiii musad iyo qaladkiii ay gashay👏waaan kaga mahadcelineynaaa sooo jediye maracade show🙏,0,0,0,2,0,0
som_train_track2_2734,USER waxaaad ula jeeeday waaan fahmaya indr inaaan ku dooori jiray miyaaanad ogeyn welina aaan ku doooro sidaaad isleeedahay nin ku dooora ayay ka caqli sarayn kartacagjar mar danbe khalad ha galin apologigiiina markan waaa aqbalay,0,0,0,0,0,0
som_train_track2_2735,USER sawirka isticmaleyso ba laga garanayaaa inaaad ciiilantahay o cuqdad aaad matagtay  wax isku dhaaan ninaaa taaageeeri jiraaa taheee,2,0,0,0,0,0
som_train_track2_2736,Sidooo kale waxaaa jiray sheeeko ku saaabsan fashilintiii nukliyeeerka Suuuriya ooo ay burburiyeeen Mosssad.,0,0,0,0,0,0
som_train_track2_2737,Ma rabtaaa inaaad barato xiftiga qur.aaanka kariiimka hab online ah markiz daaarul Islam Ku sooo dhawaw. Walaaal nagala sooo xidhiiidh Whatsapka +25263334842225,0,0,0,0,0,0
som_train_track2_2738,Asc sxb cumar Sxb allle hakaaa abaaal mariyo runtiii wax fiiican baaad nooo wadaaa Kaliyata wax kaliya kaaa cod sanayaaa inaaad jamacadihiii nooo siii wadid adigooo raaali ah,0,0,0,2,0,0
som_train_track2_2739,War waaan murugody baaa cawa sxb 😮‍💨,0,0,2,0,0,0
som_train_track2_2740,Maaanta waxaaa farxad iii ahaaan lahayd isaga ooo la iyidhaaahdo waaa dhintay,0,0,0,2,0,0
som_train_track2_2741,Garaaad Maxamed Garaaad Abshir Saaalax ayaaa aaad looogu dhaweeeyey magaaalada Laaascaaanoood  Sooo gaaadhista Garaaadka eee magaaalada ayaaa kadhignaaanaysa in guuud ahaaanba 14ka Isim eee reeer SSSC ay madasha kudhanyihiiin  Kulanka aaaya katashiga SSSC ayaaa lafilayaaa inuuu dhawaaan furmo  URL,0,0,0,2,0,0
som_train_track2_2742,Sida xiddiga Kansarka ku waayay xiniintiisa uu guusha lama filaanka ah ugu horseeday Ivory Coast,0,0,0,0,0,2
som_train_track2_2743,fadlan adigooo mahadsan nooo sooo gudbi taaariiikhda Ali Hasssan Salama ooo ahaaa xubin muhiiim ah ooo ka shaqayn jirey sirdooonka falastiiin waaan ku salamaya saaaxib Waaad ku mahadsantahay dedaaalka aaad nooogu jirto sooo gudbinta wixiii war iyo aqooon ahba thx,0,0,0,0,0,0
som_train_track2_2744,USER DANI WAXAAA HAYA NABSI ASAGA IYO XASAN SHEEEKH WAXAY ISKU HAYAAAN DANO SHAKHSI OOO KUQOTOMA MUSUQ MAAASUQ WAAANA LABO TUUUG,0,2,0,0,0,0
som_train_track2_2745,Dadki jooogay xiligi 19994 ki eee Habar habartiEe maaanta noool sadex shay ayey is waydiiinayan1 Muuuse iyo deeegan kiiisu yey isku halay nayan 2 Yaaa sooo raaaci dooona qabiiilke hadiii ay dunto 13ka NOV3 Majiri dooona is bahaysi jeeegamaysan iyada ooo ay ogyihiiin wixi ku dhacay 94ki URL,0,0,0,0,0,0
som_train_track2_2746,Raiiisul Wasaaaraha Xukuuumaddda Federaaalka Sooomaaaliya Mudane USER iyo wafdigiii uuu hogggaaaminayay ayaaa caaawa sooo gaaaray magaaalada Qaaahira eee caaasimaddda dalka Masar ooo si diiirrran looogu sooo dhaweeeyay  URL,0,0,0,0,0,0
som_train_track2_2747,Warka gaaalada yuuu idin cajabin qalab marku sooo kordho waxaaa so kordha cudur eee ka dhaga la aaada ruwaaayada farsamo eee abuuurta allle la damcay in wax lagu saaaidiyo yaaahu dhe,0,2,0,0,0,0
som_train_track2_2748,Rali galinbaaan kaaa sinaynaaa ooof wareeen iyo koooxdsibaaa hadalkaaa. Ofwareeen waaa mujahiiid diiiday xukun booobka iyo kaligiii talisnimada. Kulmiye iyo koxdisu dhagax dhigaaa beeenta ah 15 sano dul dhigayan odwayne halasooo dhafaaan iyo fajidaaa.,0,2,0,0,0,0
som_train_track2_2749,"Jaceylka iyo feyraska Korona: ""Waxaa raaligelin lama filaan ah ii soo diray saaxibkeygii hore""",0,0,0,0,0,0
som_train_track2_2750,Haniyad jabin sxb hamigaaadu hasareyo Malin ayan garayna qaran awooodleh,0,0,0,0,0,0
som_train_track2_2751,Duqeymo aaan kala jooogsi laheyn ooo xalay ilaaa saaaka ka dhacay deeegaaanka Cali Gaduuud iyo Ciiidamada ooo dib ugu wajahan halkaaasWeriyaheeena Abuuukar Dayax ooo ku sugan Burdacaaar ayaaa kasooo waramay  USER URL,0,0,0,0,3,0
som_train_track2_2752,USER Mudane Madaxweyne Hasssan dalkeeenu xaaalad adag ayow kujiraaa waxaaan dhihi lahaaa safarkaaan kabacdi ilaaa xaaaladuhu intaay dhinac u dhacayaaa wadanka gudihiiisa haahadaaan Safaradaaadu InshaAlllah,0,0,0,0,0,0
som_train_track2_2753,Nin qaliin caloosha ah lagu samaynayay oo ay arrin kale ku dhacday,0,0,0,0,0,1
som_train_track2_2754,Ilaaahay waxaba uma waaayin eee innnaga laynagu eeegaya imtixaaanka inaynu kaso baxno iyo inaynu ku fashilmannno Ilaaahow ummmadada u gargaaar Inta wax haystana adigu waaafaji inay u gargaaaran walalahoda baaahan😓🤲,0,0,2,0,0,0
som_train_track2_2755,Dhamaaan Daaarooodism iyo cbbb ha noqdaaan kuwa ugu horeeeya eee banaaadir laga saaarayo waaayo waxaaa hubaaal ah wixiii dhib ka dhacay intiii farmaaajo jooogay in ay iyagu gaysteeen u fiiirsada eygiii yaraaa eee fahad Yaaasiiin waraysigiiisa wuxuuu dooonayey inuuu hawiye isku diro isaga ooo dhib gaysty URL,0,2,0,0,0,0
som_train_track2_2756,Qisaaas   . Qiiirada runaaan umalaynaya   Qurux kudhiiile ooo jacayl kudhacaaa bil cuntayn maaayo,0,1,0,0,0,0
som_train_track2_2757,Sxb beeela ayaaa tahay waaan ku tageeeraaa lkn dad dharkaaaba ka jajabineee eee halahaaas ka reeeb cml,0,0,0,2,0,0
som_train_track2_2758,USER Maaamadan daaacad maaaha dadku uuu isku sooo dhuuumanayaaa siyaaasiyiiin waaa khaaayiniiin waaa run laaakiiin hargaysa ganacsiga dadka ayaaa dhisay way qurux badan tahay ooo dhisantahay Garooowe meeel ka liiidata Ana ma sooo arag walahi sufur biyo ah baaa la iga iiibiyey maqaaakhi aaa ka cuntaynayey,0,2,0,0,0,0
som_train_track2_2759,USER Aad baaan Ooga Xumahay waxa ku dhacaya Shacabka Laaascaaanoood waxaaan rajaynayaaa xili ay aaa_yahoooda oooga tashadaaan si madax banaaan inay Helaaan idam Ale,0,0,3,0,0,0
som_train_track2_2760,Fannaanad caan ah oo dhacdo aan la fileyn ku geeriyootay iyadoo masraxa toos uga heeseysa,0,0,0,0,2,0
som_train_track2_2761,Faa’iidada cajiibka ah ee geedka aysan Soomaalidu ka illaabin shaaha,0,0,0,0,0,2
som_train_track2_2762,asc   wlll mahadsanid lkn ayamahaaan wad naga so raaagtay,0,0,0,0,0,0
som_train_track2_2763,Waxaaas ooo meeeraysi ah waxaaa dhaaanta isagooo habeeen Ka Sooo muuuqda television Ka dowlada kuna dhawaaaqa in wax dooorasho madaxweyne ooo uuu qabanayaaa aysan jirin haba yaraaateee! Dalkana uuu yahay nidaaam boqortoooyo boqorkiiisuna yahay isaga Muuuse ah Wixiii dhacayaaa ha,1,1,0,0,0,0
som_train_track2_2764,Goood job francios waaa dhacdo cajiiib ah,0,0,0,0,0,2
som_train_track2_2765,Maxad is kaga dhaftay filimadhan camal,0,0,0,0,0,0
som_train_track2_2766,daqiiiqadaha so badi walalo khayr allle ha Ku siyeee. mahadsanid,0,0,0,0,0,0
som_train_track2_2767,Jijiga sakadaaad martaba axmaaarad baaa bun ku karinaysa askari somali ahina kuma dhaco inuuu la hadlo inuuu u camiro ooo bun ka cabo moooyaaane. Somalidu iyadaaa isku xooog badan sorrry bro allle hakula garab galo ganacsigaaaga,0,0,2,0,0,0
som_train_track2_2768,Alllxamdulilaaah marhadiii lahelay ilmiii ooo nabadqaba .hoooyadaaa waxa kutaaagnaaa dareeen hoooyonimo ooo xanuuunbadan lkn Alllxamdulilaaah kolhaday heshay imikana waxa ka ooohinaya dareeen farxadeeed ...rabbbiyow hoooyoooyinka nooo xafid addduuun iyo aaakhiraba. Naaa inkaaar,0,0,0,2,0,0
som_train_track2_2769,Ugu horrayn Eebbe wuxuu abuuray samooyinka iyo dhulka. Dhulkuna qaab ma lahayn oo wuu madhannaa. Madaw ayaa qariyey dhulka moolkiisii ​​oo dhan,0,0,0,0,0,0
som_train_track2_2770,Imaam u dhintay la dagaallanka cunsuriyad,0,0,0,0,0,2
som_train_track2_2771,SOMALIA  Maxkamaddda Ciiidamada qalabka sida ooo dil ku xukuntay Dhaqtar beeen abuuur ah ooo Shabaaab katirsanaaa By Abdiwahab Ahmed URL URL,0,0,0,0,2,0
som_train_track2_2772,waxaaan jiraaa 222 jaaamcadna waaan dhameeeyay ilmona waaan ahystaaa alxmdulialah shaqo wanagsan waaan haystaaa allle sokadi waxaaas ooo dhan rafaaad iyo tacab iyo nolol adag bay ku imaaaden waligaaa hays odhan waaad yartay   nolosha ciyaaaliga ka bax eee ah wali waaan yaray shuk,0,0,0,0,0,0
som_train_track2_2773,USER Fooolxumo tuuugnimo doqonnnimo  Protocol xumo iyo gaaal u sajuuudid markiii aaad isku darsatid mw iiima ihiddde ogooow,1,3,0,0,0,0
som_train_track2_2774,USER Wa nacas in case aaan fooolxumahey ama qofkasto ooo foooxun is not hisher choice marka qof nooocaaas abuuurka Allle wax ka sheeegayo aya Dowlad ka hadlaaayo reeer oooyaye Caqli ma jiro LOL,1,2,0,0,0,0
som_train_track2_2775,Saaaka subaxdiii hore waxaaan ka qaybgalay Olilihiii nadaaafada eee billlaha ahaaa kadib waxaaa ka qaybgalney daaahfurka Dalllad khayri ah ooo midayn dooonta taburacaaadka bisha Ramadaaan eee magaaalada DhagaxbuuurMagaaaladayda waxaaa u rajaynayaaa sannnad rayrayn leh  URL,0,0,0,0,0,0
som_train_track2_2776,Waaa war farxad Leh lkn ilaaahy Ayaaa xaqiiiqda og,0,0,0,2,0,0
som_train_track2_2777,Ilaaa iyo maaalintiii Fahad Yasiiin wareysigiiisa bilaaabmay ma jiro wariye ka socda USER ooo weydiiiyey eeedaha looo jeeediyey USER amp USER Suaaashu waxay tahay sabab Mise idaaacadahas 1 dhinac in ay wareeestan ayey shaq tahay,1,0,0,0,0,0
som_train_track2_2778,USER Xabashi iyo axmaaaro jacaylka ilyn Waaa u dhalasho ku wan ilma farmaaajo isma waydiiiyaaan axmaaaradu Maxay ku jeceshahy farmaaajo iyo mustafe  Kiii ismaaamul I ogolaaaday ilyn iyagu awoooda iyo caqligaaa malehe ayaaa loooga taaag laayahy kiii 70 sano guuumaysanayayna Waaa ku Waaa u asooolaya,0,2,0,0,0,0
som_train_track2_2779,Abti kaaa xiiiso dhacayba beeen leee nagu wadaaaye 😂,0,1,0,2,0,0
som_train_track2_2780,USER Horta yaaad la hadleysaaa arimahaaan aaad ka hadleyso Dadka ay quseyso Luuuqadddaaan uma hadlaaan eee afkoooda wax ugu sheeeg_ Ama kahadal wadamada luuuqadddaaan loooga hadlo waxa ka dhacay,0,0,0,0,0,2
som_train_track2_2781,Cesc Fabregas ayaaa yidhi ka dib guuushiii ay Arsenal ka gaaadhay United caaawa Waxaaan dareeemayaaa in wax gaaar ah ay ka dhacayaaan koooxda kubada cagta Arsenal aaad ayaaan caaawa ugu hanweynahay koooxdan URL,0,0,0,0,0,0
som_train_track2_2782,USER Khaladka qaloooca Hore Hadddiii xitaaa mar kale isku noqdaaan way burburaysaaa  Siddda kaliya lagu saaari karo qalooocaaasi Waaa Laba Jamhuuuriyadoood ooo walaaalo in la helo,0,0,0,0,0,0
som_train_track2_2783,LATEST Faaahfaaahino kasooo baxaya qarax lagu dilay Taliye ciiidan ooo ka dhacay gobolka Hiiiraaan URL URL,0,0,0,0,2,0
som_train_track2_2784,Nio adaaa soooman beeen hasheeegin sooomka yuuu kaaajabin,0,1,0,0,0,0
som_train_track2_2785,Beeenta marka ay dhaqan kuuu noqoto ooo aaad ku dhalatay beeen laguuu sooo koriyey guri beeen dhibaaato ayey leeedahay  Wasiiir Cabdulllaaahi Ciiilmoooge ayaaa saxiiixay heshiiiska hawada loooga sooo celinaaayey USER 30 April 2013 Dowladddiii Madaxweyne Xasan Sheeekh  Qof xaqiran inaaad tahay muuuqataaa URL URL,1,1,0,0,0,0
som_train_track2_2786,USER Xitaaa Gooobaha shaqada ma aha kuwa ay ku wada shaqeyn karaaan shaqaaalaha sidooo kale shaqada ma daaa dagsana ooo wasiiirka agaaasimaha masooo dhaaafto marka shaqalaha iney cofffeee xafiiisyada kudhex cabaaan ooo qabowga AC ku dhaco ayey ka carayayaaan,2,0,0,0,0,0
som_train_track2_2787,"Ciyaaraha Olimbikada: ""Kuma dhacdid inaad i tiraahdo hadda dumar ma tihid""",0,0,0,0,0,0
som_train_track2_2788,Waaad ku sax sanaydeeen naaagta ilmo arbaciiinka kujirta xaday somalidu waaa qabiiil yaqaaan xq yaqaaan maaaha naaag oramaaa ooo nag somaliyada ooo daaaroooda seee looogu ceeebeeeyay weye wixiii qaladaaa rali galin laga baxshaaa,0,1,0,0,0,0
som_train_track2_2789,waxbaaa ka dhacay Labeeeb weye is idhi😂,0,0,0,0,0,2
som_train_track2_2790,USER c naaasir qof weeeyn aaa tahaye isku xishooosub xana alllah cimrigaaas jirtaaa markaaas gabdhaha yar yar laga cel celinaaa yaaahuuuwar qabkiii raggganimo eee somaliyeeed maxaaa ku dhacay mase waxaaan somali maaaha ilahooow hana waaalin,0,2,0,0,0,0
som_train_track2_2791,5 cunto oo halis ah oo sababi kara xanuun ama dhimasho,0,0,0,0,2,0
som_train_track2_2792,Zhp wan kugu raaacsaney inad meeeshi mugdiga ahyd ka bxday sanad ku shidnthy,0,0,0,0,0,0
som_train_track2_2793,"ASC zxp aaadbaaad ugu mahadsantahy warbixinaha heeerka sare ah eee aaad nala wadaaagto, lkn waxaaan kaaa codsanayaaa inaaad nooogu darto website yada lacagta laga sameeeyo macluuumaaad kooodooo dhamaystiran, mahadsanid zxp Maracade show",0,0,0,1,0,0
som_train_track2_2794,Naxariiistiii jannno Allle ha siiiyo Amb  AxmedDaaahir Ckariiin Nuuur  Waaa geeeri naxdin leh  Shaqo badan buuu qabtey  Waxaaan tacsi u dirayaaa dhammmaaan ummmaddda Sooomaaaliyeeed qoyskiiisiii amp asxaaabtiii aaan ka mid ahaaa  Allle danbigiiisa dhaaafo qabrigana ha u waaasiciyo  URL,0,0,2,0,0,0
som_train_track2_2795,Is qurxinta: Sidee ayay u dhacaan qalliinada wejiga ee aan sharciga ahayn?,0,0,0,0,1,0
som_train_track2_2796,Muuusa Biiixi awowgiii geeeliii laga dhacay weeeye.,0,1,0,0,0,0
som_train_track2_2797,kaaalay doqonti Ku dhashsy wase gabdhaha somaliyed. ceeebtoooda inaaad faaafiso shaqo mey kuuu noqotay. jaaahil Ku dhalay wase... teeeda kale xaaa kaaa galay   jirkeeedi jirka maaad la wadataaa. garac yahow garacu dhalay   dan iyo. camal hakaaa dhacaaan... naaag yahow naaagu dhal,0,2,0,0,0,0
som_train_track2_2798,sxb ajansiga kugu dhaw weydiii waaa heleee,0,0,0,0,0,0
som_train_track2_2799,Aragti gaar ah: Maxaa kala socotaan markii ay midoobeen Hinduuga iyo Muslimiinta,0,0,0,0,0,0
som_train_track2_2800,USER Adiga waaa ogahay inaaad tahay kuwaaan isku dhacsanayne yaaa ku yiri reply my commment,2,0,0,0,0,0
som_train_track2_2801,Sxbooow maxaaa ku heley maxaaa dhacay,0,0,0,0,0,0
som_train_track2_2802,Waxa lagama maaarmaaan ah inuuu Laftagareeen u hogaaansamo rabitaaanka shacabka eee ah in la qabto dooorasho xalaaal ah ooo dhacda wakhtigeeediii Aanuna isku dayin inuuu Mudo kordhin samaysto si aaanu Kooonfur galbeeed u burburin wuuuna og yahay halka Saxibkiii farmajo ku danbeye  URL,0,0,0,0,1,0
som_train_track2_2803,"Sidaaan maqlay ma tartamayo eee ina kaaahin ayuuu ku wareeejinayaaa Codka subeeer awal iyo Hj badi xaggga madaxwaynaha waaa ina kahin Xaga Ururadana waaa ina xaaashi dooorshaduna xillligeeeday ku dhacaysaaa diyaaar ma tihiiin reeer wadani,,, Waaar wan kaftamayaaa",0,0,0,0,0,0
som_train_track2_2804,USER ninkani wa Eydiii Farmaaajo beryahana Somaliland ayuuu wax ka sheeegayay xitaaa ha la isku qarxiyo ooo argagixiso ha laga sameeeyo ayuuu lagaaa waaa in deg deg way loooga qabtaaa inta aaanu isagu is qarxin URL,0,1,0,0,0,0
som_train_track2_2805,USER Haaa jacaylkayga waxaaan jeclahay kamarada fiiidyowga ah  Ma ku baran karnaaa wax badan,0,0,0,2,0,0
som_train_track2_2806,"yahuuud allle dhibaaato idin ku rid dhibaaato badan ayey, ugaysteeen   muslimiiinta allle argagax idin gali",2,0,0,0,0,0
som_train_track2_2807,Fahad Ahmed doqon yaaa ku dhahy somalia ayuuu hda qiyaaamuhu udhacay,0,2,0,0,0,0
som_train_track2_2808,Wlllhy waaan kahelaaa channnelkaga sidaaa awgeeed ma arag wajigaga fadlan nooosooo bandhig mahadsanid,0,0,0,2,0,0
som_train_track2_2809,kolba maaalmihiii danbe waaan nasiii b badnah balseh magaranayoh in haddda aaan nasiiib xumahay   war bal alllah ayahciduuu uqory siiinayah mahadsanid,0,0,0,0,0,0
som_train_track2_2810,Bollywood Salman Khan: Xaas iyo ilmo qarsoon miyaa Salman Khan u jooga Dubai?,0,0,0,0,0,0
som_train_track2_2811,Waaa kolkay burburi lahayd.,0,0,0,0,2,0
som_train_track2_2812,"Walaaal aaad ban ula dhacay sooo jeeedintaaada iyo sooo gudbintaaada Barnaaamijyadan wax badan aN ka faaa,iiido ayaaad sooo gudbisaaa allle ha ku xifdiyo",0,0,0,2,0,0
som_train_track2_2813,Ninkani waxna wuuu inooo sheeegay waaanona wuuu ina siiiyay anigu waxaaan la yaaabay ka wariyaha su'aaalo badan ma waydiiinayo ninka waaayo wuuu baqayaaaba kuwa qosolka saaarayana waaa laga dhex qoslayaaa,0,0,0,0,0,0
som_train_track2_2814,Inta muqalka dawanay ban islaha wax fashilma malahn miyaaa jow Duqaaan baaa ku dhamaystay fashil🤣🤣🤣 Xarfo nimankaba waaa qashi jiry tasna nu haaa iska dhaho🤣🤣🤣 Aar gaaala cilmi badana,0,0,0,0,0,0
som_train_track2_2815,Deee xasan shiiih wlll naga dhac hadaba Dadku wa is yar magaaane Mxd naga karbaaashi Ileeen reeer xamar u jab ba ugu daran 😂,2,0,0,0,0,0
som_train_track2_2816,Oh oksa zxp dhawda ayaaad kasaaartaaa zxp,0,0,0,0,0,0
som_train_track2_2817,Waxaaan farxad inooo ah in aaan aragno wajiga kooobad eee dhismaha garooonka Dr ayuuub stadium eee magaaalada baydhabo Waxaaan booogadinaaa hormarka uuu sameeeyay madaxweyne laftagareeen URL,0,0,0,2,0,0
som_train_track2_2818,USER Beeenta iyo beeen a uuurka daaaya  USC waxay Saban u ahayd burburkiii Somalia,2,0,0,0,0,0
som_train_track2_2819,@@@mimi-ahmed555   Saaaxib muran dheeer makula Galo ani hadiii Ahligiiisa isnaqano inkale maxaaad kataqaaanaaa? Inu Itobiyan uyahay xita asaga naftirkiiisa wareeeysiga 111 biloood ka hor sameeeyay wuuu sheeegay lkn idinka ama’aqaaani waxaaad wodiiin xoooga wiiilka sooomaaali kadh,2,0,0,0,0,0
som_train_track2_2820,Freee hawiyo caqli dameeer Xamar cuqub ku dhacy ilmo Amisom iyo Alshabab 😁,0,2,0,0,0,0
som_train_track2_2821,Masha alllah labada qof eee lugu sameeey prankiga wanaaag badanaaa alllaha idiiin dhawro,0,0,0,1,0,0
som_train_track2_2822,Kkkk anigaaa rabeee prankiyadaaas ilasooo wadaaag wlll adigooo raaali ah,0,0,0,2,0,0
som_train_track2_2823,Somalia   aya mooodaaa inay wadadaaa ku. Sucoto   Waliba si ka fudud sidi ay ku burbureeen wayo qaaar   ka awod badana aya jira lkn Somalia I think inay iyaga   sufud isaga sarayaaan   tarikhda,0,0,0,0,0,0
som_train_track2_2824,Manta qilaf ki uku weynaya dhacay,0,0,0,0,1,0
som_train_track2_2825,sahal sal fudeeed aaa qaaaday 😂 dulucda filimka waaa hubsiiimo halbaaa la siiista. please dhalinyaro   qof ku ❤ ha niyad jabin,0,0,0,0,0,0
som_train_track2_2826,Bal xusuuuso intaaad jooogtay addduuunka iyo amuuurihiii aaad sooo aragtay kadddib isku dey inaaad kusooo kooobto dhawr tuduc  Run ahaaantiii waaa laylis adag,0,0,0,0,0,0
som_train_track2_2827,Hg Cida moryanta so dhacay le ha idhihina 🤣🥹,0,0,0,2,0,0
som_train_track2_2828,Ahmed Yasin kaaasi intuuu magalada hargeisa jooogo qabow ka dheeer axmato🤣🤣🤣,0,0,0,2,0,0
som_train_track2_2829,30 km Aya saf looogu jiraaa Sooo dhawaynd garaaadka guuud eee SSSC URL,0,0,0,2,0,0
som_train_track2_2830,Sababo weeeye inay reeer galbeeedku kala xigsadaaan Ethiopia iyo somaliya... Tan ugu weeeyn waaa dhaqaaale... Ethiopia waaa qowmid qadiiim ah xiriiir Siyaaasadeeed la lahayd reeer galbeeedka waaa Christian orthodox xukunka iskubedddelayeeen inta la ogyahay laaakiiin muslimku bada,1,0,0,0,0,0
som_train_track2_2831,MA HORUMAR BAAA BOOOSAAASO KA SOCDA MISE HAGRASHO Madaxweyne Deni ooo gooobjooog u ahaaa dhagaxdhigis ka dhacday garooonka diyaaaradaha Booosaaaso  URL,0,0,0,2,0,0
som_train_track2_2832,Dilaaag ubaxa guduuudan waxay ka dhacday wadamada carabta,0,0,0,0,0,0
som_train_track2_2833,USER Wa sual fudud  Askariga wax ilaaaleynaya hadi aaan lo hurin awoood iyo aqooon ku filan u marka hore naftisa ku badbaaadin karo la fili maaayo inuuu cid kale badbaaadin karo  Ruuuxna ma jecla inuuu nafsadiiisa si dhib yar ku huro xata askari ahaw  Maxan u dhimanaya wa sual ku hor tagan,0,0,0,0,1,0
som_train_track2_2834,Walaaal KIIIS waxaaan nahay qooom jabey Dan baaa Na badey qurbaha   Hadiii wadan keeeni ooo ahaaa wadan ka aduuun ka oooga qeeemaha badan markiii laga eeego hawada iyo kheeeyraaad ka uuu leeeyahay aaan ku burburney gacmaheeena aaan Na diiidney qaran nimo ooo aaan ka doooraney qab,0,0,1,0,0,0
som_train_track2_2835,Asc waxaaan jooogaaa gaaarisa kenya magacaygu waaa xasan caaaqib daaahir Gorod Reeer caliwanaaag Qisadan ayaaan daaawaday Runtiii kilibkan intiii aaan dawanayey waaan oooyay ilaaa hadana waaan oooyaya waaana arin xanuuun badan waaana arin ilaaah shigriyo,0,0,2,0,0,0
som_train_track2_2836,Ciiid mubarik maracaddde sxb ku mahadsanid muuuqaaalada faaaiiidada leh eee aaad nooo sooo gudbiso,0,0,0,1,0,0
som_train_track2_2837,Ma sooo dhacay m.a,0,0,0,0,0,0
som_train_track2_2838,USER Sujuuu gumeysi ku hooos noooli caqligeee ayuuu kaga hadli karaaa dad Somali ah ooo Somali wax laleh ooo isku yar dhacay sxb uuugaaalidaaada iska cun haday xiniiinyo kugu jiraaan Xasuuuqiii Waqoooyi bari eee Ciiidamada Kenya maaalin kaliya ka hadal,2,2,0,0,0,0
som_train_track2_2839,USER Kkkk  wax walba ooo dhacay way duuubanyihiiin  Marka baaadhitaaanku dhamaaado ayaaana la ogaaanayaaa xaqiiiqada jirta  Heeegoy dalku dooorasho ayuuu adaaayaaa eee isdajiya,0,0,0,1,0,0
som_train_track2_2840,Muxuu yahay jacaylka xad dhaafka ah ee ay farshaxanka u qaaday Jilaa Waris Diiriye?,0,0,0,1,0,0
som_train_track2_2841,Waaa sheeeko murugo badan,0,0,2,0,0,0
som_train_track2_2842,Awoodda Ciidamada: Wax ka ogow shan diyaarad militari oo ah kuwa ugu halista badan adduunka,0,0,0,0,0,0
som_train_track2_2843,Wlhi wan ku xisnay runti.   Lkn ma aqna coronaha baraaamij yadada dib udhac ayuuu kugu yeshay sidan filayo in kasto kaliga ahayn lkn rabi hanaga dulqado,0,0,2,0,0,0
som_train_track2_2844,Cuqdada iyo cunsurinimada hhh,0,1,0,0,0,0
som_train_track2_2845,@@@quruxkudhiiigle waxaaa dhawal kufsi waaaye pro,0,0,0,0,0,0
som_train_track2_2846,Wlhi waaan naxsanahay waxaaanba umaleeeyaaa QURUX KUDHIIIGLE inuuu dhintay   mardambane uuusan video nooosooo samen dooonin 😭😭😭 Best Somali movie   qeyb walba ayado daqiiiqado raaal ayan daaawaday   hore usocda dhamntin   ACTOR + DIRECTOR Jack wan ku aminznhy sxb🙏,0,0,0,0,2,0
som_train_track2_2847,Allle hakuuu sooo dhaweeeyo,0,0,2,0,0,0
som_train_track2_2848,Mashalllah mahadsanid dhamaaantiiin,0,0,0,0,0,0
som_train_track2_2849,In bad buuu dhagahayga kusooo dhacay   imikaaad iiicadaysay waaad mhadsantsyzxb,0,0,0,0,0,0
som_train_track2_2850,Waa kuma ninka lagu eedeeyay in uu ka dambeeyay dilkii Tupac Shakur ee gacanta lagu soo dhigay?,0,0,0,0,0,0
som_train_track2_2851,Xanuuunka ugu wayni waaa in aaan lala xisaaabtamahayn cidna aaanay is waydiiinahayn qofkiii dhibaaatada intaaa leeeg u gaystay ilmahaaa yar! Waaa dal iyo dawlad si walba dadkeeediii ay darxumo iyo dayac ula nooolyihiiin.,2,0,2,0,0,0
som_train_track2_2852,5 sano kadib Askarigiii dilay Wasiiir Cabaaas Siraaaji ooo saaaka Mogadishu lagu tooogtay marar badan ayay maxkamadaha dowladdda dib udhigeeen fulinta xukunkan sababa laxiriiira beeesha uuu gacan ku dhiiigluh kasooo jeeedo ooo aaad uhubaysanSomalia URL,0,0,0,0,2,0
som_train_track2_2853,USER Somaaali kuma kalsooono  Sidiii Mahadsanid Madaxweeeyne looo aruuuriyey meeey ka bartaaan Waxeeey ku tuseeeysaaa ineeey somaaali isku filantahay hadiii laga dhaaadhiciyo,0,0,0,0,0,0
som_train_track2_2854,Xidhiiidh guuur marka u ka burburo anaba xidhiiidh odhan waxaaad u bahantahay inta anad xidhiiidh galin inaaad kiii hore ka cafimaaado  Qiiimayso naftaaada barato sababaha keeenay dhibka kugu dhacayWaxaaad u baaahantahay inaaad ka cafimaaado dhawacyadiii kuso gaaadhay amp inaaad dhaymo hesho 23,0,0,0,0,0,0
som_train_track2_2855,Wlhi jeceeel aaa dareeemay... saaaxibky aaan isku kacsannnhy... ilaaahay inu iso celiyo farxadeeeni iiigu so duceeeya plz hada aragto codsigayga ha dhaaafin plz,0,0,2,0,0,0
som_train_track2_2856,Israel-Xamaas: Xog cusub oo laga helay qorshaha Masar ay ku xalineyso xiisadda dagaal ee Qasa,0,0,0,0,0,0
som_train_track2_2857,qiyamihiii wa so dhawadey dirislooow,0,0,0,0,0,0
som_train_track2_2858,Hindiya: Aabbe qabiil dartii gabadhiisa u dilay oo xukun maxkamadeed sugaya,0,0,0,0,0,2
som_train_track2_2859,Abdulllah Aknuuu sxb wa ku tagera hal hadiyad iso dhiiib galkcya joga wa ku baryaaa pro,0,0,0,0,0,0
som_train_track2_2860,Qofku marka uuu qalinjabiyo waxa uuu u baaahanyahay qorshe mawduuuc arrrintaaas ku saaabsan  Qorshaha Qalinjabinta ka dib ayaaan maqaaal ka qoray muuuqaaalna ka sameeeyay Muuuqaaalka halkan ayaaad ka daaawan kartaaa URL Asxaaabtaaada sannnadka qalinjabisay la wadaaag,0,0,0,0,0,0
som_train_track2_2861,farxadu waaa waxa ugu muhiiim san Nolosha hadiii aaad farxad hesho waxaaad heshy nolol aaad uqiiimo leh URL,0,0,0,2,0,0
som_train_track2_2862,Tacsida Mohamed Salah ee Boqoraddii Ingiriiska oo dhalisay dood adag,0,0,0,0,0,0
som_train_track2_2863,Cadaaaladu waxay burburtaaa maaalintaaad Qaaadiga iiibsatid Dawladnimaduna waxay burburtaaa maaalinteeey cadaaalad dari dhaco  FatihsultanmehmetShey walbo waxaaa ugu horeeeyo cadaaalad darida  Aan isku cadaaalad falno  SooomaaalaaayMahadsanidiiin,0,0,0,0,0,0
som_train_track2_2864,Waxaaan Wakhti nasasho wada qaaadanay saaaxiiibkay Dr Bishaaar URL,0,0,0,0,0,0
som_train_track2_2865,Ereyada wanaagsan: Sidee ku noqon kartaa qof codkiisu soo jiidasho leeyahay?,0,0,0,0,0,0
som_train_track2_2866,Asc saxiiib odayaaal ku xiran banaaamijkaaaga way kaaa cawdeeen waxay ku leeeyihiiin sheeekada bargoynta kadaaa 20 ilaaa 25 daqiiiqo kadhig mahadsanid,0,0,0,0,0,0
som_train_track2_2867,Lama qaaawan isma qaaado ma maqashay wlll e canshuuurta yar shacabkan laga gurbiyo yay idinka dhamayn inta idin dhahaaan waxban idin dhisaynaaa ciiidan iyo wax la mid ah maxa yelay goja cade taw idinku dhigay baaa dan weligiiin kaso kabsaneyn dulmiga aaad la gasheeen ayana idinku,2,1,0,0,0,0
som_train_track2_2868,Asc walakay cabdle   su al. An ku waydiiiyo wlll   muqaaalada   wan da wada wlll lakiiin mid ayaaan kuuufaaa idaynaya   wlll wayo wlll horta lama   wax ciyaaarod   jilaysid   hakudhaaaran wlll iska ilaaali wlll dhartu waaa halis wlll iska jira wlll qli   allle haku barakeeeyo wll,0,0,0,0,0,0
som_train_track2_2869,Maxamed xasan kayd OOOF WAREEEN WALI wuuu noool yahay iyo qaaar kalooo badani Buuurtiii gacan libaaaxna waaa halkeeediii malaha Odgaygu wuuu ilaaabaye ilowsho dhawaaa ma Umulbaaa,0,1,0,0,0,0
som_train_track2_2870,masha alllah wlky waaan kusalamay taaasba xaqiiiqo ah mahadsanid wlllo cilmigaaad baratay alllah haku siyaaadiyo aaamiiin,0,0,0,1,0,0
som_train_track2_2871,Somaliya isku dhadhajin badana man beri hore la bikro jabin mise wali gashanti ayay isku haysata,0,3,0,0,0,0
som_train_track2_2872,Waxaaad kudhahdaaa gabadha codkeeedha kor hauqaaadho ama makorofooonka haudhawaaato micnaha codkeeeda ayaaa naxuuus ah,0,1,0,0,0,0
som_train_track2_2873,USER Laaa xawla walaaa quwatin ilaaa bilaaah Walaaahi dulmiga socdaaaba wuuu dumin tanInanta dadkeeediii mayeWaleee inaaanay aduuunka dib ugu raaaxasateeen naaagahaaasuDadkiii maxaaa ku dhacay eee baraq jabiyey,0,0,1,0,0,0
som_train_track2_2874,Bannnaaanbax ka dhacay Muqdisho iyo waaalidiiinta dhalllinyarada tababarka looogu qaaaday Erateria ooo hadlay URL Somalia URL,0,0,0,0,0,0
som_train_track2_2875,Ilaaa inta ay JSL rabto inay hawsha SSSC kala arrrinsato waziiirada degaaan ahaaan ka sojeeeda SSSC Shacabka SSSC u yaqanaaan Horgalayaaal waxaaa Godmadow ku si dhacaya masiiirka wadajirka JSL  Waxaaa cadayn ugu filan labadan sawir  URL,0,0,0,0,2,0
som_train_track2_2876,Hhhh aaabihi aaa dhawaaa ku sooocile,0,0,0,2,0,0
som_train_track2_2877,Fuad shaf maleH fuad cambaskolad 😂😂😂 Walhi waxan qaniiiskaH gabdh nimdiii buuu meeel kaga dhacay   #darisleH #nin #culuz #karif balha #marshanad banu sugaybyeH   #like 😂igu cawi #abaha la janeye,1,2,0,0,0,0
som_train_track2_2878,Madaxweyne Xasan Sheekh oo ka hadlay kiiska shilka baabuur ee la sheegay in wiilkiisu baxsad ka yahay,0,0,0,0,1,0
som_train_track2_2879,USER Qofta mesha Somalia jogto ayada sabab u ah  Inaaa wadankaga ka so cararto ayada usabab ah  Madama African tahay waxay ku hesata ina utahay adooon ama xooolo  Meqo wadan aye ku duuushay qabsatay burburisay kheyradkisa booobtayWaaa iska sidan marka dantada ka hormariso danta guuud,0,2,0,0,0,0
som_train_track2_2880,USER Roooble dalkaaan ayuuu badbaaadiyay waxaaan leeenahay mahadsanid Mudane  Dalka iyo Dadka Somaliyeeed baaal dahab ayaaa ka gashay,0,0,0,2,0,0
som_train_track2_2881,Ma jaclaaan lahayed inaaad kasooo qayb gasho bandhigan boook wahal jacayel ilso xidhiiidh khaaastan lamaaanaha aaad ayaaan usooodhawynaya URL,0,0,0,0,0,0
som_train_track2_2882,#ogaaansho isku daya inaaad kasooo hadashiiin dhulka #persia ama taaariiiqda dhulalka LA isku yiraaahdo #faaarisiiinta mahadsanid macalin,0,0,0,0,0,0
som_train_track2_2883,Anooo exam qaybaya ayu iso dhacy waaan jooojiyay aaad ayaaan ku taaagera gulayso wlllo Mohamed issse,0,0,0,2,0,0
som_train_track2_2884,USER Xijaaabka zaaaid ugu qurux badan tahay Masha Alllah,0,0,0,2,0,0
som_train_track2_2885,Maaashaaa Alllah umayma qurux waaayo badan farxad ku qaaado eeedo,0,0,0,1,0,0
som_train_track2_2886,Cidna jileeeca qalbigayga ma tusayo  Hadddiii nabar jacayl i hayo cidna daaawo u waydiiisan maaayo  Haddduuu wax i yeeelana cidna ku eeedayn maaayo  Waaan qalbi adkahay  Waxaaan ahay reeerguuuraaa  Buuuggga Qab iyo Quuursi,0,0,0,0,0,0
som_train_track2_2887,Hadaaanan dhabta la isku qaban jacayl dhaba la isku qiran Ilmada dhakhsa la iska tirin is dheeeli tirkaaa lumooo Dhexdiiina khilaaafka yaaal is faham lagu sooo dhameeen Waxa lagu kala dhintaaa wax aaan nuxur dheeer lahayn Jacaylada ixtiraaama URL,0,0,0,0,0,0
som_train_track2_2888,Masibo ka harimayso dhaqan io aqlaqba waaa ka dhinteeen,0,2,0,0,0,0
som_train_track2_2889,USER Farxiyoooy gabadha aaad eeedo macaaanta u tahay iyo adiga in la idiiin kala goooyay baaad mooodaaa  Hadiii nin qaaaif ah looo keeeno adiga iyo iyada wuxuuu ku sigan lahaaa inuuu yiraaahdo waaa gabadh iyo hoooyadeeed Farxiyoooy muqdisho ayaaan kaaa sooo salaaamayaaa waxaaan ahay beeesha degta eee ugu badan,0,0,0,0,0,0
som_train_track2_2890,Qofkiii jecel dhawacaygaWanaaa gayguna dhibayoAnuuu madhantaaalo tiiisaDhigiiisana uma xumeeeyoMadheho cadowgayga weyeWaxaaan kadhigtaaa sokeeeye URL,0,0,0,0,0,0
som_train_track2_2891,Fulll video Nuxurka khudbad Xasan Sheikh Maxamuuud uuu ka jeeediyey ka jeeediyey munaaasabad sooo dhaweyn ah ooo looogu sameeeyey dhuuusamareeeb Galmudug  URL URL,0,0,0,0,0,0
som_train_track2_2892,Doodda ku saabsan ilmo iska soo rididda ee sida weyn u kala qeybisay Mareykanka,0,0,0,0,0,0
som_train_track2_2893,Sida ay BBC-du u badbaadisay dumar la tahriibinayey oo halis galay,0,0,0,0,1,0
som_train_track2_2894,inaaad ciyaaal qaxisoh ma ooo madafiiic la dhacdoh ma diiin baaa ma islaaanimo baaa ma sooo maaalinimo baaa waaa aduuun la leeeyahy taydaaa saxan akhiro war yaaal duqa,0,2,0,0,0,0
som_train_track2_2895,Maracade sxp wakhtiga no kordhi mahadsanid,0,0,0,0,0,0
som_train_track2_2896,"Ck dhagihisa iyo afkiiisa isma maqlaaan. Adigana qofkiii caqli u sxb ah ayaaa ku fahmaaayo, dhamaaan waxa ku hadashay waxaaa la dhacay caqliga allle kaaama qaaado Aaaamiiin",0,0,0,2,0,0
som_train_track2_2897,Wax ka ogow Kooxda Falastiin ee diyaarada la qafaashay ka dejisay Soomaaliya iyo ciidamada gaarka ah ee ka barbar dagaalamaya Xamaas,0,0,0,0,0,0
som_train_track2_2898,Magalada shilabo eee dalka Ethiopian   kulahaaa dhul somali weeeye dhulku adeeer Ethiopian male halkaaas iskasax,2,0,0,0,0,0
som_train_track2_2899,Xasan.sheeekh haddda miya uuu sooo bartay xukunka madaxweyne miyaaa,0,0,0,0,0,0
som_train_track2_2900,Waxaaan caaawa Cusbitaaalka Erdogan eee Muqdisho ku boooqday dadkiii kusooo dhaaawacmay qaraxdiii argagixiso eee shalay ka dhacay Magaaalada Beledweyne iyo ciiidamadiii geeesiyaaasha ahaaa eee u istaaagay la dagaaalanka cadowga eee kusooo dhaaawacmay deeegaaanka ceeelqoooxle eee Gobolka Hiiiraaan URL,0,0,1,0,0,0
som_train_track2_2901,Story nimco majeclaysan inaaad dareeentid murugada dreeenkaaaga waxaaa dareeemikara   qof waaayay lamaaanihiiisa balse nolushu way soconaysa qofna uma istaaagoto qaaacidadaaas isticmaaal,0,0,2,0,0,0
som_train_track2_2902,USER Ma fahamsana Sooomaaalidu aramaha Qaaarkoood iyo dadyowga kale sida ay u FekeraaanArinta Moroccco ka dhacaday waxay ahayd arin huwan Go siyaaasadeeed meeel kastaCagaha lalama,0,0,0,0,0,0
som_train_track2_2903,USER Teeeda kale cadaaalada hormuuud dhaxdeeeda ka bilaaaba shaley ayaaa hormuuud timid 19995 dadki lagu aaasaaasey waxaaa ka mid ah nin la yiraaah cabdulaaahi jegaxiiir ooo madiiino u jooogi jirey barakaaat inta lacgta xawaaalada isku sooo miiineyo  Oo noloshiiisa halis galsho,0,0,0,0,0,0
som_train_track2_2904,xabsiga ugu wayn ay dadka ku nooolaaadan waaa cabsida iyo ka walwalida waxa dadka kale aaaminsa yihiiin,0,0,0,0,0,0
som_train_track2_2905,As dhawaaan ka eeega meeesha ooo madaxtoooyada ka talinaysa,0,0,0,0,2,0
som_train_track2_2906,Abaaaraha Sooomaaaliya ooo wasiiir Ingiriiisi qaylo dhaaan kasooo saaaray iyadooo madaxda Sooomaaaliduna hawalahoooda si fiiican u wataaan u badnaaa muranka siyasadeeed iyo qabyaladeeed USER URL,0,0,0,0,0,0
som_train_track2_2907,Maxaa u roon dhabar xanuunka?: Sida ay soo jeedisay Hay’adda Caafimaadka Aduunka ee WHO,0,0,0,0,0,0
som_train_track2_2908,Msss world iyaga ooo faraxsan ayay Hargeysa tagtay waliba ayada ooo wajaaale ka talowday balse somaliland baaa mar dhaw xabsiga utaxowdayReeer Somalilandnow waaa gunimo inaaad xirtaaan gabadh marti idiiin ah URL,0,1,0,0,0,0
som_train_track2_2909,9:50   sxb akaaanu dadka aaad wax ka cuntay cuntada qiiimo ma jooogto qiiimaheeeda   u celi please si sharaf leh dhawr liiiro leee waaaye   sxb .   siiiba dhalinyaradan sxb iyagooo problemsan ooo isku wareeersan baaa siii qastey inaaa saaas uga tagto ma aheyn sxb...,0,0,1,0,0,0
som_train_track2_2910,Wcs Maracaddde 🙋‍♂️ Sxb waxaaan ku weydiiinaaa adooo Mahadsan Xageee ku dambeeeyay Afgambigiii Fashilmay eee Turkeyga Muuu dhamaaaday ? 🤔,0,0,0,0,0,0
som_train_track2_2911,masha alllh sxb waxa tahy nin aftan ah waxana ka sugena taloyin fican inad ka siso   dolada hada jirta inad talo ka siso sida ay uga ad kan   karto ar gaga xisada hada ka jirta wadan ka   sida ey   wadamada kale   ey uga sife yen sida srilankan cml jabhadi ka jirtay tygars mahads,0,0,0,2,0,0
som_train_track2_2912,ilaaahow waxaaan ku waydiiisanayaaa fudayd aaan dhib ka danbeyn hodantimo aaan faqri ahayn iyo amaaan aaan cabsida qaaarkoood ahayn iyo farxad aaan ka dib rafaaad ahayn  amine ya raby URL,0,0,0,0,0,0
som_train_track2_2913,sxp turkida ankara kunoool waaa cunsuriyiiin,0,1,0,0,0,0
som_train_track2_2914,Imisa shacab ah ayaaad hooobiye la dhacday taaas ma dhaqan Islam iyo wanaaagbaaa,2,0,0,0,0,0
som_train_track2_2915,Waraysiiigan haaabku dhacay iyo sheeegsigan ooo Waxaxu uuu eeeg yahay dumar . NO Ee Disleee Walal iska hubi aqarana waaa lama huuurankiyeee Lab iyo dheeediiig keeeban ku tilmana Abdirisak1? Waxaaan miyusan fahmiiin lawadag faaafahintiiisa,0,0,0,0,0,0
som_train_track2_2916,TacsiWartabiso iyo adeeege bulsho Marxuuumad Safiya Cali Yuuusuf ooo ku geeeriyoootay magaaaladdda hargeysa  Ilaaahay haw naxariiisto janoooyinkiiisana hawgu deeeqo waxay ahayd halgamaaa taaariiikh qurux badan inoooga tagtey waxay ahayd inantiii kaliya eee ka hadli jirtey ilaaacadiii Halgan eee SNM URL,0,0,3,0,0,0
som_train_track2_2917,Hadiii aaan mar uuun murugiyo   Ku badaye muran iyo isjiiid Waxaaan ahay makhluuuq   Mar khaldami kareee mcn raaali noqo isooo noqo isooo noqo isooo noqo Isooo noqo kaaama maaarmi karaaaye   Nolashaaad muhiiim u ahayd malyuuun La aaanta madooow iyo waaa mugdiyooo Mar hadaaad indh,0,0,2,0,0,0
som_train_track2_2918,Ninkaaaga dal dhan kufsaday xukunkaaagu muxuuu noqonayaaa,0,1,0,0,0,0
som_train_track2_2919,farxada dadka lagama jiiidho nio,1,0,0,0,0,0
som_train_track2_2920,Dawladxumida waxaaa Somalia u dheeer qabjabka ku dhacay  Waxaaa sooo maray maaalin danjire shisheeeye weydiiin ku mergatey darteeed dalka loooga eryey  Kulanku wuxuuu ka dhacay xafiiiska wasiiirkiii weydiiinta lahaaa  URL,0,1,2,0,0,0
som_train_track2_2921,Alshabaaab ooo si adag u beeenisay hadal kasooo yeeeray madaxweynaha Sooomaaaliya URL,0,0,0,0,0,0
som_train_track2_2922,USER Waxay lamid tahay 30 sano barkadaaas ayaaan isku dilaynay ooo aaan garanwaynay in lawada cabo ama midkale laqoto  Qabyaaaladddu waaa tan maaanta halkaaas na dhigtay,0,0,2,0,0,0
som_train_track2_2923,iyo dibeda Denmark jooogey ooo si cad uga sooo hor jeeestey in cadeynta lagu saleeeyey xukunku ay tahay mid qaldan sidaaas ooo ay tahayna maxkamadihiii wey ku siii adkeysteeen  Gabdhihiii yaryaraaa eee dulmiga laga galay markiii ay weynaaadeeen waxay isku dayeeen si kastaba in runtu cadaaato,0,0,0,0,0,0
som_train_track2_2924,Somaliland Shacabka Reeer Laaascaaanoood waxay u baaahan yihiiin Qorshe Nabadgelyo ooo dhaba  Ilaaahay haw naxariiisto janoooyinkiiisana hawgu deeeqo shacabka ku dhintay banaaanbixiii ka dhacay Magaaaladdda Laaascaaanoood inta dhaaawaca ahna ilaaahay caaafimaaad sareeeca ha siiiyo  URL,0,0,2,0,2,0
som_train_track2_2925,"Scw Xataaa haduuu farmaaajo iyo barlamaaanku qaldanyihiii. Ma magaaaladan gubnaaa, qaxnaaa, dhimana. Mise Waaa u sabirnaaa, ooo afkan ka mucaaaradnaaa. Waligeeen hadiii dhibi jirto, ma waxaaan ku xalinaaa highest cost( dhimasho, dil, qax, burbur) Shukran Waaa fikrkayga",0,0,0,0,0,0
som_train_track2_2926,Ma ninkiii xukunka booobay eee Sooomaaali colaaada dhex dhigay ayaaa ugu fiiicnaaa Waaa taaas marka qabyaaaladi hadlayso URL,1,0,0,0,0,0
som_train_track2_2927,Somalia somali baaa leh itobiya kuma dhacdo in ay somali la wareeegto❌❌❌,2,0,0,0,0,0
som_train_track2_2928,Daaanyeeerku waaa marka uuu jacaylkiiisa u qaaado casho jacayl ah URL,0,0,0,0,0,0
som_train_track2_2929,USER Haye iska celi heee  Inta lagu khasbo ayaaa weliba dhegaha lagaaa jafayaaa  Yaaa la dagaaalamay ooo xukunka ka qaaaday Madaxweyne Farmaaajo waaa wadamo ajnabiya ooo uuu danhoooda diiiday inuuu fuliyoHadiii Itooobiya loooga sooo qulqulo Sooomaaaliya dabcan iyaduna waaa kugu sooo qulqulaysaaa,0,1,0,0,0,0
som_train_track2_2930,Umada rer puntiland an garab istagno xurmadle mudane madaxweyne HE Said Abdulllahi Deni manta cid loga shekaynayo ma jirto xalada somalia mesha ay marayso iyo damaca damuljadiiid eee ku Adan burburka puntiland iyo isku dirka rer puntiland an isgarabsano URL,0,0,0,0,0,0
som_train_track2_2931,SOMALIA  Wasiiirka Juxa Puntland kama goin Sooomaaaliya mana dudsana laaakiiin qadddiyadddeeeda ayay miiiska sooo saaartay By Abdiwahab Ahmed URL URL,0,0,0,0,0,0
som_train_track2_2932,Hamablyo walshey nimco iyo seygeeeda cabdi qadir ooo maherkoda dhacay saaaka isku wara Owlaaad barakeysana Alllaha idinsiiiyo  URL,0,0,0,2,0,0
som_train_track2_2933,Mararka qaaar iyadooo isku kaaa aaadddantahay ayaaa laga yaaabaaa in si kedis ah ay wax kugu dhacaaan muhiiimaddda waaa in aaad fursad ka dhax abuuurataaa dhibka kugu dhacay ooo aaadan is dhiiibin maxaaa yeeelay Qlnk marku jabo lama turo ooo inta la qoro ayaaa midna la isticmala midna keeed laga dhigta URL,0,0,0,0,0,0
som_train_track2_2934,Nin laga raaligaliyay cunsurinimo lagu sameeyay 40 sano ka hor,0,0,0,0,0,0
som_train_track2_2935,ASC dhamaaan bulshada sooomaaaliyeeed jimce mubaaarik meeel kasta ooo aydun dunida ka jooogtaaanSaaaka waxaaan rabaaa inaaan idinla wadaaago suaaashanGooorma ayuuu qofka indhaha qabaaa indho beeelaaaFadlan ka sooo jawaaab bixi mahadsanid,0,0,0,0,0,0
som_train_track2_2936,Yaaab carab dhul koooda waxay siiis teeen naaag qurux badan lacag iyo xukun jacayl,0,0,0,0,0,2
som_train_track2_2937,Waxaaan kuuu rajeynayaaa nolol qurux badan sida aaad u doratay in aaad iiiga fogaaatid ayaaan ane u adkeeesan donaaa maqnaaan shahaaaga,0,0,2,0,0,0
som_train_track2_2938,mahadsanid ogaaansho,0,0,0,0,0,0
som_train_track2_2939,Maxay yihiin diyaaradaha dagaalka ee Iiraan ay ka iibsaneyso Ruushka?,0,0,0,0,0,0
som_train_track2_2940,Innnaka daaaya! Sheeekoooyinka nooocan ooo kale ah qof wal ooo muwaaadin ah waxa uuu ka qaaadayaaa qiiiro iyo murugo.,0,0,2,0,0,0
som_train_track2_2941,Maxkamaddda ciiidamada qalabka sida ooo dil ku xukuntay labo katirsan Alshabaaab URL,0,0,0,0,0,0
som_train_track2_2942,murugo caaadi ah weeeye yaaah,0,0,2,0,0,0
som_train_track2_2943,USER Ilaaahay ha naxariiisto Geeesiyaaashiii SNM Iyo USC eee ka xoreeeyey Afwayne xukunkiiisiii Somali Sooo na celiyey Milgihiii iyo Qabkiii umadoooda eee uuu rabay inuuu aaaso  G  Caydiiid Baaa ka mudan inaaar sooo dhigaton URL,0,0,1,0,0,0
som_train_track2_2944,saxib mahsanid wan la dhacay brnamijkaaaka,0,0,0,1,0,0
som_train_track2_2945,Wale waxpaaa Ku dhacey duqiii muse ayaaa Qac kale ooo farxadeda wadato😂,0,0,0,2,0,0
som_train_track2_2946,Saaas liverpoool kuma taaageeeraaaye   lkn waaa sooo dhaweyna mr cabdi sharif,0,0,0,0,0,0
som_train_track2_2947,Weeerarkiii bahalnimada ahaaa Ee koooxda arxanlaaawayaaasha AS ay u geeesteeen umaddda somaliyeeed waxaaan halkaaan tacsi tiiiraaanyo leh uga dirayaaa umaddda somaliyeeed eee qaraaabadoooda ku waaayay weeerarkaaas waxaaan baaaq uga dirayaaa madaxda iyo shacabka in ay isku duuubnaaada ooo ay iska dhaciyaaan AS,0,0,3,0,2,0
som_train_track2_2948,Hadiii aaad rabto inaaad kunooolaaato nolol farxad leh wa inaaad yeeelaraaa hadaf yoool meeel dheeer o aaad tigsanayso waligaaana ha istaaagin xitaaa hadiii indhaha dharbaaaxsho lagaga dhufto ilaaa aaad ka gaaarto hadafkaaaga haku xirin hadafka dadka kale ama wax liiitaDhiri_galinDhagacade  URL,0,0,0,0,0,0
som_train_track2_2949,Puntland iyo reeer mudugu haka qayb qaaateeen dagaaalka argagaxisada loooga sifeynayo gobolada dhexe  Argagaxisadu intay Xaradheeere ama Galmudug meeel mid ah haysto Puntland nabad ahaaan meyso  Mideeeda kale hiiiladu kalsoooni bay abuuurtaaa iyo walaaalnimo USER,0,0,0,0,0,0
som_train_track2_2950,USER Waaa god fog ooo istaraaatiiiji ah ooo dadkan Somalida dad aaan gacal u haynin ay u qodeeen  Sida kaliya eee loooga bixi karana at tahay in laga takhaluso heshiiiskaaasi dulmiga iyo gadaaal usocodka ku dhisan  Laaakiiin umad qalbi quman ayaaa wax fahmi karta eee rabbbi wax ha fahamsiiiyo,0,0,2,0,0,0
som_train_track2_2951,USER Hasocoto labadiii sir uheshiiisaaa saqaaay kudiriraaa damojadiii haburburaaan iyo xaraaash qaran iyadooon sanad gaaaribey burbur bilawda maxaaan filankarnaaa waxaaan iyo waxkadan,0,0,0,0,1,0
som_train_track2_2952,USER Waaa la gumaaadaya Cadowga khawanada ah eee isku sooo baheystay la dagaaalanka islaaamka iyo muslimiiinta hada qasaaarihiiinu waaa 87 dhimasho ah iyo 130 dhaaawac ah intaaas kabadan ayaaad sugeysan inta aaad gaaalo hooos fadhisan,0,0,0,0,0,0
som_train_track2_2953,Wara farxadale weeeye,0,0,0,2,0,0
som_train_track2_2954,Maracadooow marada kaaama dhacdo ... Markasto meeel kamac meeeshiii hore leee Ku baaakimaysaaa   Alllahu idin   dhawro,0,0,0,1,0,0
som_train_track2_2955,USER Meeel uuu jacayl jiro isku dhacu armuna jirinba ama aaad uyaryahay,0,0,0,0,0,0
som_train_track2_2956,Maaa shaaa Alllah in badan baaan ninkan macluuumaaad kiiisa raaadinayay mahadsanid wlll,0,0,0,2,0,0
som_train_track2_2957,USER Waligey marna qalbigeyga kama bixin inay mucaaaradka ku lug leeeyihiiin dilkiii ikraaan maxaaa yeeelay sidey u buuunbuuuyeeen ayaaan caaadi ahayn why kaligeeed muhiiim ugu ahayd ayadooo dad badan ooo xil haaaya ladilay,0,1,0,0,0,0
som_train_track2_2958,waxan ku silyay jacayl aaan qofna ku riyooon karin balse adigu waxaaad ligu badashay xanuuun aaan qofna xamili karin,0,0,3,0,0,0
som_train_track2_2959,"Muuuqaaalkan waxaaa daaawanayaaa 2sano kadib , waaan xasuuustaaa 2sano kahor buuu iii sooodhacay kadibna waaan iska laaabay 😭 lkn dhibkiii hadaaan helay .   1: makacsankaro. 2: ilow badan ayaaanleeeyahay. 3: jacayl dumar waaan leeeyahay lkn awoood majirto😭.   Mar waxaaan kusiktay",0,0,3,0,0,0
som_train_track2_2960,Waxaaan murugooodaaa marka aaan dareeemo in ay igu hareeeraysan yihiiin dad ay duruuufuhu igu qasbayaaan in aaan la jooogo URL,0,0,3,0,0,0
som_train_track2_2961,USER Mudane marka hore sooo dhawaaaw alllh hana gaaarsiiiyo xiligaaas laaakin ogaaaw maaalintaaa sidaaas dhahdo in 24saaac nasaneeen ilaaa aaad xaaalka dumarka xaliso,0,0,0,0,0,0
som_train_track2_2962,Maxaaa ka dhururuq leh maaad dhuuuseysaaa mise calooosha ku dhawaaaqeysa🤨🤔,0,2,0,0,0,0
som_train_track2_2963,Mnshalah ilahay ma u sooo dhaweeeyey,0,0,0,2,0,0
som_train_track2_2964,Alll waxbaaa ka dhacay meeesha galabta haday halkaaas la gaaadheyba,0,0,0,0,0,2
som_train_track2_2965,Gacmuhu iyagaaa iska dhaqdhaqaaaqaysa   Waxaaad ka daba qaday   Prank iii aaad ku samyasay ninkiii caaanaha dooofaaarka siiinaysay eee dhirbaaaxada kula dhacay,0,0,0,0,0,0
som_train_track2_2966,"sucuuudigu   waaa   Gaaal   waxayna   gacan siiiyaaan ReeeR   galbeeedka   ...   dalaaalkiii   muslimiiinta   ooodhan   iyagaaa burburiyay   sida   Libiya, Yeman   ,   iRaaaq   ,   siiiriYa ,   iLaaahooow   iyagana burburi",2,0,0,0,0,0
som_train_track2_2967,In mudddo ah waxaaa waxaaa taaagnaaa muran xooogan ooo u dhaxeeeya Ganacsatada Qaaadka ka keeena Ethiopia iyo Qeybaha Canshuuuraha Dalkaaasi kadib markiii ay ku eeedeeeyeeen Dowladdda Ethiopia iney ka baxday heshiiis ay horey u wada gaaareeen isla markaaasna kordhiyeeen CanshuURL URL,0,0,0,0,0,0
som_train_track2_2968,Abdikarim Ahmed Moooge mayor miyaaad kula socotaaa kibirka inamada yaryar eee dhawr askari intay sooo kaxaystaaan xaaafadaha waxay dooonaaan ka samaynaya! Mayor arinta maaanta dhacday sidiii la isaga qancin lahaaa ayaaa la dooonayaaa. Hadiii kale inan yar ooo danbe ooo dawlada,2,0,0,0,0,0
som_train_track2_2969,USER Meeel aaan Marhore ka imaaanay uma laaabaneeeno horey ayaaan usoconeeenaaa InshaAlllah mustaqbalka dhaw waxaaan rajeyneyna Sooomaaaliya ooo ka xorooowda Alsheydaaan iyo saaaxibadoood baraha ka difaaaca alCBBB,0,1,0,0,0,0
som_train_track2_2970,@@@guuusha96555 ma xuma lkn sababta ma aaadan iii sheeegin wxd sidaaas ku tiri ma sababeeen kartaaa mase niyad jabin io xaaasidnimo kaaa tahy?,0,1,0,0,0,0
som_train_track2_2971,Shirki maaanta dhacay iyoShalay warkiii lasheee gabaAnaaa shaaa cinaaa yeeeShacabow wax dhagan sadaShabaaab meeeshi lagu arkoShib inaaan la dhihin ooolooo sheeego dowlada Ayow shirku go aaamiyayHadraaawi yare,0,0,0,0,0,0
som_train_track2_2972,Akanuuu sxb gabadha heart broken ayaaa galisay💔💔💔 I'm very sorrry gabadha sinaiyad ayey kuuuso dhaweysay lkn ugu danbeeen dhiiiga dhaxdhigta aniga xataaa waaakanaxay gabadha seeey uxumaaatay,0,0,2,0,0,0
som_train_track2_2973,Dadkaaan ayaaa mudan dadka lacagta bixinaaayooow eee sooo caaawiya masaaakiiinta ku dhibaaateeeysan dalka gudihiiisa  Intaaad naga deeeysan sheeekada booor isku qariska ah eee lacagaha la dhacay lagu qarinaaayo  URL,2,0,0,0,0,0
som_train_track2_2974,USER Yusufow Ethiopia waaa ammmaaan illlaaa iyo inta Somaliland madaxbanaaan tahay  Halka keliya eee amniga itooobiya si dhaw loooga weeerari karaaa ooo khatar laga gelin karaaa waaa Somaliland  Ethiopia in maaanta khatar Somalia eee geeeska ku tooosto weeeyaaanSomalia waaa ku khatar geeeska,0,0,0,0,2,0
som_train_track2_2975,USER Qoladan tidhaaa wixiii aaan iyaga ahayn maxay dawladnimada ku darsadeeen iyagu ma isweydiiiyeeen inaaanay iyagu waxaba ku darsan ka ahayn dhac iyo booob qarxis iyo bamboooyin la isku xidho,2,0,0,0,0,0
som_train_track2_2976,Cabdulaaahi wlhi so funnny tahay ku sooo dhawooow hargeysa from hargeysa,0,0,0,1,0,0
som_train_track2_2977,Waxan bartayda faceboook an ku leyahay tacsi tiiiraaanyo leh uga diraya saxibkay marna walaky Zack Husssein ooo shalay galab wakaaashiiis ku dhimatay shil gaaadhi gooobtuna waxay ahayd magalada laaascaaanoood run ahaaanti waxay ahayd geeeri aaad iyo aaad u naxdin badan alllaaah haw naxariiisto URL,0,0,2,0,0,0
som_train_track2_2978,Ha murugon   walllo nolosha marba waaa si iska dulqaaado,0,0,2,0,0,0
som_train_track2_2979,BNSomalia Shir loooga hadlay qorshaha dagaaal ka dhan ah Alshabaaab ooo Kismaaayo ka dhacay URL Somalia,0,0,0,0,0,0
som_train_track2_2980,Dadkaaa kugu hareeersan waaa dadkaaa kugu dhaw balse ilaaah nogama dhigo cadddaw URL,0,0,0,0,0,0
som_train_track2_2981,Hogaaamiyaheyga Sanbaloooshow ka xaaab xaaabe heee wixiii gabar Xamar jooogtay caaawa gaaari eee lawada xiiimayaaan kuwaaa bajaaaj dhagta hayo xataaa wixiii shil dhaco adaaa laguuu heystaaa  Bari ka daran kuwaaa Jazeeera isku siii deyn rabo adkaaarta hala badiyo,0,0,0,0,0,0
som_train_track2_2982,Inta laga sooo af jarayo dagalka alshabab waaa in mahad salad waaa in shaqada iyo hooolaha amniga uuu ooonlen ugu shaqeya gurigisa ilaaa iyo amar danbe in ta xaladisa meeel ay udhacay sooo istaaaf kiiisana laga badalo ooo is taaaf cusub looosameyo,0,0,0,0,0,0
som_train_track2_2983,Anigu hdan maqlo Uruguay wxa igu so dhacay luiz Suarez iyo Edison cavani 👏,0,0,0,0,0,0
som_train_track2_2984,Adi horta gooorta lagu   garaaacayaaa madheeera naftaaada halis marar badan   ayaaad gelisaaa   si aaad usooo galiso muuuqaaalo lagu farxo   si waaad usaxanatahay sina waaad uqaldantahay❤,0,0,0,0,1,0
som_train_track2_2985,Majeeerteeenow guuulaysta idinkaaa iii dhaw'e boooweyaaal. Hindidiii lawska iiibi jirtey maaa idiiin boootaynayaaa.,0,2,0,0,0,0
som_train_track2_2986,USER Gabar noool iga dheh waxaaan xasuuusanaya kolkaaan dhihi jirnay Kenya waxaaan u direyna hadiii aaay digaaal noqota Haweeen ka naga Mashalllah sister,0,0,0,2,0,0
som_train_track2_2987,USER Anaaa diyaaara kaaalinta actor igu daaa adna qeyta atariiishada kasooo bax,0,0,0,0,0,0
som_train_track2_2988,Askar Yugaandhees ah oo maxkamad ay shaqada uga ceyrisay fulaynimo ah inay Al Shabaab ka carareen,0,0,0,0,0,2
som_train_track2_2989,mahadsanid lakiiin afsomaliga adeeegso inta aaad wax qoreysid amaUSER turjumwysid  Sifaaadkaaan leh ku bedel tilmamahaaan lehsifaaad waaa carabi erygaaan ayeyna barabixineysaaa URL,0,0,0,0,0,0
som_train_track2_2990,Noloshu waaa halgan qof karti badan ooo isku filan noqo inta aaad iska taqaaan cid kaaa taqaaano ma jirto inta aaad isla rabtana cid kula rabto ma jirto  URL,0,0,0,0,0,0
som_train_track2_2991,Aad baaan u Cambaaareynayaaa Weeerarkiii ka dhacay Baidoa waxaaa leeeyahay Baidhaba uma baaahna xiligaaan Dagaaal iyo Qalalaaase siyaaasadeeed Baydhaba waaa magaaalo ay ku nooolyihiiin shacab nabada jecel dadka siyaaasada isku haaaya waaa in ay Raaadiyaaan Xal aaan Xabad aheyn Love BaydoaJanaaay URL URL,0,0,2,0,1,0
som_train_track2_2992,Ogaaansho haaa wlll wad mahadsantahay lkn waaa IGA codsi marxaladihiii jermalka iyo burburkiii hitler iyo qodobo kale ooo kusaaabsan jermlaka ayaaa kaga fahdina IGA codsi,0,0,0,0,0,0
som_train_track2_2993,Alx waaa farxad runtiii qof dhimasho laku tiriye ooo noool koley qoyskiiisa farxad aye darèmayan,0,0,0,1,0,0
som_train_track2_2994,Amsha alah wan ladhacay ham balyada,0,0,0,1,0,0
som_train_track2_2995,Muwduuucyadan ayaaad ayeee muhiiim oyahiiin heee nooowad walaaal mahadsanid,0,0,0,2,0,0
som_train_track2_2996,Fankii ka bilowday inay fuusto ku heesto ee ay xalay isaga baxday iyada oo waayeel ah,0,0,0,0,0,0
som_train_track2_2997,Legend legend legend legend legend legend legend lanta hawada kabax walhy wan gartay War niyow af somaligag ayaaan ka gartay niyow mar ad caynaysay ninki nagta iska dhigayay is isku filan cml,0,0,0,0,0,0
som_train_track2_2998,Mj mxaaa ku dhacay waxa ay iska dhigaaayeeen dad wax afduuuban karaaa 😂😂😂,0,0,0,2,0,0
som_train_track2_2999,Maxay Dayaaradaha dagaalka ee UK Khasab ugu leexiyeen Kenya Airways,0,0,0,0,0,0
som_train_track2_3000,Allla yacizak yahye hantar hore Usoco mcne Fikerkaaagaaa waaan sooodhaweyninaaa,0,0,0,2,0,0
som_train_track2_3001,Ax wlhy 😢 ilintiii farxad baaa ku xigty ka hely filimka wlhy,0,0,0,2,0,0
som_train_track2_3002,Runtuuu ogaaan dulmigana wuuu dhici xaquna wuuu nooolaaan maaalintuna dadkay ku dhax wareeegtaaa,0,0,0,0,0,0
som_train_track2_3003,Sabar halka ugu sareysa wa inaaad aaamusto adigooo qalbikagu ku jiro dhawac hadlaya Awooodna halka ugu sareysa wa inad dholacadeyso adigo indhahagu ku jiran kun ilmoood URL,0,0,0,0,0,0
som_train_track2_3004,Jahanabaa ku sugaysee orod ku dhacay. ,1,3,0,0,0,0
som_train_track2_3005,Ciiidul Adxa mubaaarak  Waxaaan idiiin rajeynaaa ciiid wanaaagsan ooo farxad iyo raynrayn leh salaaan kal iyo laaab ah ayaaan idiiin haaayaaa dhamaaantiiin illlaaahaaay ha idiiin barakeeeyo caaafimaaadka iyo farxada ,0,0,0,3,0,0
som_train_track2_3006,mahadsanid walal halkada kasiii wad camalka aaad uheeesid bulshada,0,0,0,1,0,0
som_train_track2_3007,"Somalia waxeeey kuso cotaaa wadada kurdida,   qaaar lasiiiyo xabashida markale, qaaarkale na lasiiiyo kenyatiga markale, qaaarna unchr ta xukunto dhul iyo bari ba.",2,0,0,0,0,0
som_train_track2_3008,Masar iyo dalalka Muslimiinta ah ee  ku kala aragti duwan weerarka Israa'iil,0,0,0,0,0,0
som_train_track2_3009,Ciiidanka XDS ayaaa ka qeeeyb qaaadanaya bixinta dhiiiga ay ubaaahnaaayeeen shacabkiii lagu xasuuuqay Sooobe shalay29 USER mahadsanidiiin waxaaan idinka sugeeeynaaa inaaad shacabka usooo aaartaaan  URL,0,0,0,2,0,0
som_train_track2_3010,Ugu horeeeyn waxan u mahad celinayaaa Alllah SW marka xigtana waaalidinteyda ooo qeyb lixaaad leh ka qaaatay garab qabashadeyda marka kale walalaheeey iyo asxabta an shaqo wadaga nahay runti farxad gaaara ayay iii tahay inan dhameyo heeerkayga labaaad eee waxbarashada Master of Public Health  URL,0,0,0,3,0,0
som_train_track2_3011,Wariyaha Al Jazeera ee ilmahiisii iyo xaaskiisii lagu dilay dagaal uu tabinayay,0,0,0,0,2,0
som_train_track2_3012,BNSomalia Isniiin Sept 26 20222Faaahfaaahino kasooo baxaya ganacsade caaan ahaaa ooo gooordhaw lagu dilay gooobtiiisa ganacsi ooo ku taaala Muqdisho URL Somalia,0,0,0,0,2,0
som_train_track2_3013,Wlhi waaa farxad aaan ku caaafimaaado marka aaan arko dad jaceylka wadanka dadka iyo diiintuba ka dhab tahay sida odayaaasha CBBB eee USER USER Ilaaahay ayaaan abaaal idiiin waydiiinayaaa  I wish if we had just 5 of your likes in our ummmah URL,0,0,0,3,0,0
som_train_track2_3014,Waxaaa mudddo 30 maaalmoood ku dhaw ka sooo wareeegtey dooorashadiii taaariiikhiga ahayd eee ka dhacdey dalka eee lagu dooortey Mudane Xasan Sheeekh Maxamuuud ooo horey dalka Madaxweyne uga sooo noqdey waxaaa maaalintiii Khamiiista eee 9 Juuun lagu guuuleystey xafladdda caleeema saaarka Madaxweynaha URL,0,0,0,2,0,0
som_train_track2_3015,15 jir seee haroooray looogu haynkaraaa hadiii uuuna wax kale iyo sixir haynin,0,0,0,0,0,1
som_train_track2_3016,Wasiiirka Maaaliyada Sooomaaaliya Craxmaaan Ducaaale Beyle ooo qoraaal sooo saaaray ayaaa diiiday in uuu beri tago Xafiiiska Xeeerilaaaliyaha guuud ooo dhawaaan loooga yeeeray isaga ooo sababeeeyay waxa uuu ku diiiday  URL,0,0,0,0,0,0
som_train_track2_3017,USER Ilaaa hada sharci ayuuu ku fadhiyaaa mudane waxaaa gobogabo ah sharcigiii 3 xisbi  Xalka dalkyna waaa dooorashada ururada cusub inshalllah asc,0,0,0,0,0,0
som_train_track2_3018,USER Somalidu Waaa dad masaaakiiin ah Oo caaadifiyiiin ah Waxkasta ooo looosheeego waaa iska qaaadanayaaa si deg deg ah mid qabiiily kuqaaata mid group kuqaaata mid Hebal kumeytiiisa kuqaaata 1 Coveri19 Ayaaa igu dhacay 14 casho leymakarantiiili Leykanasooocelin Waxaaan lakulmey Amiiirka Emanatedka ,0,0,0,0,0,0
som_train_track2_3019,Wlhi waaa xanuuun ilahooow uso dhawe,0,0,2,0,0,0
som_train_track2_3020,Lu s Su rez ayaaa haddda ku dhawaaaqay inuuu heshiiis horudhac ah la gaaaray koooxda reeer Uruguay eee Nacional  Waxaaan la gaaaray heshiiis horudhac ah koooxda Nacional si aaan ugu biiiro iyaga iiima suuurooobi karto in aaan fursadaaan diiido ayuuu yiri weeeraryayankiii hore eee koooxda Barcelona  URL,0,0,0,0,0,0
som_train_track2_3021,Marka kaliya eee dagaaalka lagula jiro Shabaaab aaan u aqooosan dooono inuuu yahay jihaaad waaa marka culimada warkaaan xariiiqay ay iska xaaadiriyaaan safka hore eee dagaaalka iyo jihaaadku waaa fursad dahabiya ooo lagu jannno galeee inta ka horaysa taaas dagaaalku waaa xukun lagu kala qaaadnayo  URL,0,0,0,0,0,0
som_train_track2_3022,Boooqashadeeeyda xeeebta Humbaaal eee duleeedka Muqdisho  Xaqiiiqdiii inta meeel aaan tagay waxey iii ahayd meeeshiii ugu fiiicneyd aaan boooqdo waliba si qurux badan ayaaa nalooo sooo dhoweeeyay inagooo badan  Thank you reeer Kaaaraaan iyo teamkiii sooo agaaasimay  URL,0,0,0,2,0,0
som_train_track2_3023,Somalidu dhamaaantoood waaadad ku noool lolol khiyaaaliya ooo kafooog xaqiiiqada aaadna u jecel caaanimada iyo xukunka inay qabtan ayagooo uga goleh inuuu sooo muuuqdo ama sooo muqato waxaaa ku yaaar waxaqabadka muwaaadinimada looo qabto ama looo qabsado hadaba dhamaaan dalkan loooga hadlo luqada URL,0,2,0,0,0,0
som_train_track2_3024,Marka qof uuu ku dhaliiilo ama ku khilaaafo waxa qalbigaaaga ku dhalanaysa qudhaaanjo yar ooo nacayb iyo cadaaawad ah  Hadddiii aaanad isla markaba dhirbaaaxin qudhaaanjada waxa laga yaaabaaa inay isu rogto mas Subax___Qurxooon URL,0,0,0,0,0,0
som_train_track2_3025,mr abdulahi ma dooonaysa talo ka qurux badan shekadan sun ugu darid. runti waxad aburaysa in dad xun daaawadan suntan aaad dadka ugu darayso cabitanka. nooo ogolow inan ku siiino talo barnamijyo ka fiiican suntan. fadlan isbedel la imow ooo aaan dhib ka so gaaarin,0,1,0,0,0,0
som_train_track2_3026,"sooomaaali, ayaaan moooqif lahayne , oromo waxay lacag kaheshaba waaa sooomali uuun eee balwakaaase dhawr Cisho jaaadkeeeda halooodaaayo ,iyo khudaaarteeedaba",0,1,0,0,0,0
som_train_track2_3027,Sheeekadani waaa fake wakhitgan galiyay waaan ka qooomamaynaya. Waaayo ma ahayn sheeeko wax laga faaaidayo sidokale maha sheeeko dhacdo tagto ama timaaado midna ka anfacaysa almuhim sheeeko aaan sal iyo raaad tooona lahayn ayu wakhti inagaga lumay. Sxbkay mara cade waxan ka cccod,0,0,2,0,0,0
som_train_track2_3028,Waaa sheeekoooyin aaad uxiiisa badan indhaha ayaaad nooo furtay wlll mahadsanid,0,0,0,2,0,0
som_train_track2_3029,Allle haw naxaristo waaa geeeri naxdin leh ooo murugo badan waaa in deg deg looo horkena nimanka falkaaa gaystey sharciga cadaaaladna hesha Allle agtisa uuunbey cadaaalad tala 🥹🥹🥹😭😭😭,0,0,2,0,0,0
som_train_track2_3030,"Film qeybta ugu dambesa Ama Qeybaha dambe   Aan Yara qoro waaa sida uuu udhici dooono Arjun iyo Saki Zomali waaa raga kugulesan dooona guuushoda Qayanada mizbah ay sameysay iyo dulmiga Jack na Wey hooos imaaan dooonan arjun   Film ka waaa Two Team   Team Arjun ,Zaki somali ,   3 ",0,0,0,0,0,0
som_train_track2_3031,Hoooyo ayaaa kaaalintaaa aaan manta iyo role ka aaan bulshada ku leyahay iso gaaadhsiiisay waxaaan xusuuustaaa inay agooonimo igu sooo korisay silica iyo darxumo iyp dhib bay ila sooo martay ma hilmaaami karo abaaalka hoooyaday ilahay ayaaan u waydiiiyaaa jano fardawsa inuuu ka w,0,0,0,2,0,0
som_train_track2_3032,Adigu Qeeebteeed kumaid ahayd ilaaa waxaaad tiri dumi diiide farmaaajo ka dib maxaaa la faaa iday ayadana URL,0,0,0,0,0,0
som_train_track2_3033,Inkastooo ay yaaabeeen ooo ay u qaaadan waaayeeen hadana binaaadanku wuxuuu qiiimeeeyaaa waxad xidhantahay iyo lacag markay arkeeen lacagta way ku sooo dhaweeeyeeen,0,0,0,0,0,0
som_train_track2_3034,Ooy intaaa meeel cidlo tagto ama habeeenkiii ayadooo qof kuuu jeeedin barkintaaada ku ooohin dhameyso ilaaa aaad ka darrreeento nafis kadib sooo bax waysqaaado 2rakaco suno dugo kooob biyo caaadi cab culeyska dhan ilinta ayay raceysaaa eee tijaaabi intaaa ku waaalan lahayd xanuuunka aaad qarsaneyso URL,0,0,0,0,0,0
som_train_track2_3035,👏👏👏 wow! Bro waaad ka baxsaten waliba hab jalin kina aya la dhacay fadlan part 2 aya sugi la ahy eee so sameya💓💓💓,0,0,0,2,0,0
som_train_track2_3036,Wacan ooo wanaaagsan Aamiiin Mashalllah wlll mahadsanid Ramadaaan kariiim guuuleyso,0,0,0,1,0,0
som_train_track2_3037,Haddda miyuuu fahmay markiii uuu xilka waaayay markiii uuu xillla hayay waaakiii dadka xabaddda la dhacaaayeee.,2,0,0,0,0,0
som_train_track2_3038,Watch Hargeysa dhacdo naxdin leh  Wiiil kasooo jeeeda qoys danyar ah ooo Geeeriyoooday on YouTube URL,0,0,0,0,2,0
som_train_track2_3039,Odayaaasha dhaqanka laaascaaanoood ayaaa Ku gacanseeeyray go aaano Wasiiiro Somaliland ka tirsan ay ka sooo saaareeen xalinta qalalaaasihiii ka dhacay magaaaladaaas URL,0,0,0,0,0,0
som_train_track2_3040,"Sow rasuuulka scw kama sugnaaan in aragti lagu sooomo aragtina lagu furo, mida kala aaaladahan ay isticmaaalayaaan qolyahan sacuuudiga eee casarnimo qoraxdooo sooo jeeeda ay ku dhawaaaqayaaan in bishiii la arkay sharcigu muxuuu ka qabaaa",0,0,0,0,0,0
som_train_track2_3041,Xooolo yar ba thy nooo da aaan ku siiigaysane xooolaha YouTube noqdaqa weeeyane yartu,0,2,0,0,0,0
som_train_track2_3042,USER dad shacab ah ooo ka xun guuusha waaa weyn ooo ka farxisay shacabka Somaliyeeed in ay ka naxaaan CBBB ooo habeeen iyo maaalin murugo iyo niyad jab lasooo taaagan yihiiin koley waxa kaliya lagu micneeen karo waaa in ay qaluuubta kala jiraaan AS aysan wax guuul la rabin USER,0,1,0,0,0,0
som_train_track2_3043,USER Asc ciiid mubarak kula caaab wa antum bilkhayr hamza abdi barrre waxad tahay RW waaana sax qoralkan inaaad so qorto madama aaadan magacabin W arima D balse waxa dadku kala hadalaya maqal una dhaga nulow kana qado wanada ay ku sinaya inta wanagsan mahadsanid,0,0,0,3,0,0
som_train_track2_3044,Balse markiii ay gabadhiii taleeefankiii aragtay ayay si deg deg ah boooliska u wacday markey yimaaadeeena waxay ku tiri Waaa kanaaa tuuugiii taleeefankeyga iga xaday fariiintaaan hada xabsiga ayaaan kasooo dirayaaa eee ragow isku badnaaadaWaaa dhacdo dhab ah eee bal kawaramaUSER,0,0,2,0,0,0
som_train_track2_3045,Madaxwayne mustaf maxamuuud doooda ooo keeenay qof shaaahiiisa iska cabaaaya waxaaan u arkaaa qalad qofna ma oran karo argagaxisada yaaam qabiiil lagula dagaaalamin  Wax walba ooo la sameeeyo saaameyn ayay leeeyihiiin waaana la maaarayn dooonaaa URL,1,1,0,0,0,0
som_train_track2_3046,Maxay tahay cabsida cusub ee lasoo deristay Ilhaan Cumar?,0,0,0,0,2,0
som_train_track2_3047,todaaadki noooga dhig sxb asigooo mahadsanid,0,0,0,0,0,0
som_train_track2_3048,Xalaaadddiii banaaadanimo eee ka dhalatay dagaaaladiii sokeeeye ayaaa keeentay in dalal badan ooo caaalamka ah ay ku dhawaaaqaaan hawgal looogu magac daray hawgalka nabad ilaaalinta Qaramada Midooobay taaas ooo keeentay in ciiidammmada hawalka Qaramad Midiooobay looo diro Sooomaaaliya  URL,0,0,0,0,0,0
som_train_track2_3049,"Galp dhaweyto anooo suuuqa joooga baaa 2gabdhodo yaryari sooo istaaageeen agtyda ooo farokaciyaren marksa mamo agtoooda jooogtey waxay ku tidhi nayada ciyrta jooojiya ordaya energy gaaas ku shaqeysta kulha hblihi yaryara anaga ma midgaaannno nooo moday ,second kma sooo wareeegin",0,0,0,0,0,1
som_train_track2_3050,Ma murugeysni balse waxaaan dhibsaday safarkaaan dher eee Aan lahyn gooob lagu nasto Safarkaqs ooo ah safarkiii baaadi gooobka farxada Nafyar DarenkaAamusan URL,0,0,0,0,0,0
som_train_track2_3051,USER Way dhacdaaa midan ooo kale dhawaca dhawaca ugu wayna wuxu kaga yimada dadka aaad jclshahay weliba si lama filana50 ka badan ha jclan qof hadiii aaad rabto qalbigaga jnuuusan dhawacmin inkasto qalbigu kula tashayn isku day jnaaa xakamayso darenkaga,0,0,1,0,0,0
som_train_track2_3052,USER Dal baaas ma ahan eee siyaaasi isku sheeega xun aaan iska qabano ooo aaan dadkeeena iyo dalkeeena duliga iyo dulmiga ka dulqaaadno,1,2,0,0,0,0
som_train_track2_3053,Jazakalllah wlll cumar waxaaan jeclaaan laheyn inaaa barnaaamijyada nocaaan ooo kale ah ooo wax ku ooolka iyo dhiiirigalinta   ah inaaa nooo badiso shaqsiyada guuulaha gaaaray   iyo dalalka   burburay ooo hadana   guuulaha waaaweyn xaqiiijiyay mahad sanid,0,0,0,2,0,0
som_train_track2_3054,Sheydan ali dheeere dhaaartada ino dhar ahCiiidanka xoooga dalka ok Hada shacabka nahay waxa lenahay Argagaxiiisoy ha cararina hada wax isku heysan kalaya barxada dagalka fulayahy URL,0,2,0,0,0,0
som_train_track2_3055,Waxaaa igu naxdin badnaaan diiinta marke kabaxday ay waaalidkeeedi musiiibada ay ukeeentay waxaaa ku farxay markeee qaladkedi qiratay magafe waaa ale waaana dambi dhaaafe anyway waaa sheeeko si fican loga shaqeyay qasatay codkaaada iyo waqtiga a gilisay lkn noooma sheeegi imisa a,0,0,0,0,0,1
som_train_track2_3056,Diiinta hoooyada garo❌ Nabigaaada garo❌ Inta wali lacaynayo diiinta iyo nabiga gabdhahana lajidhdilayo 1 kufsi 2dhac jidhdil 3 handadaaad 4 hanjabaaad 5 cabsi galin iyo qaaabal 6 diiin LA aaan Mudane madax weyne mustafe hanoooga sheeekeyn isbadal baaadhacay wali,2,0,0,0,0,0
som_train_track2_3057,Illlhay haw sooo dhaweeeyo miskiiinta,0,0,1,0,0,0
som_train_track2_3058,"May ustaaad lkn dadka balooodhada dhacaya ma dhaqan ba ma diiin islaaam baaa, ma dadnimadaaa, xagggeee waxas ooo kale lagu arkay",2,2,0,0,0,0
som_train_track2_3059,Waaa siyaaasada dowlada somalia iyo argagaxisada qaaabkay u shaqaysanayaaan reallly horay u soco sxp,0,0,0,0,0,0
som_train_track2_3060,Pranki camerada zooom la sooo dhahaaayo mooobilka uuu jabinaaayo lagu aaadinayo ayagiiina kor taganyihiiin😃,0,0,0,0,0,2
som_train_track2_3061,Galgaduuud waaa markiii ugu horeyseee shirkada USER hanti eee ledahay eee burbuuuriyaaan al shabab Waaa tusale wanagsan in shabab iyo kuwa dhaqalahaaa laaa daba socda eee Isku dhacan,0,0,0,0,0,1
som_train_track2_3062,wada dembaaabeeen ADONAI ma caaawin karto  Roooma 623 Kitaaabka Quduuuska Ah eee Yuhuuuddda ooo Dhamaystiran23 Waaayo waxa qofku dembiga ka sooo kasbadaaa waaa dhimasho Laaakiiin nolosha weligeeed ah waaa ta uuu qofku ka helo hadiyaddda Ilaaah isagooo kaaashanaya Rabbbigeeennna Ciiise Yasuuuca,0,0,0,0,0,0
som_train_track2_3063,Inaaalalaaah wlhi wa dhacdo foool xun Alllaha u naxariiisto wiiilkasi,0,0,2,0,0,0
som_train_track2_3064,USER hambalyada dhalinta sooomaaaliyeeed kasokow waxaaan isbarbar dhig ku sameeeyey Mweyne HM iyo exMweyne Farmajo arrrinta hambalyada iyo inta qof eee labada ciwaaan ka coment gareysay halkaaa waxa marwalba kaaaga cad sida Hasssan iyo Farmajo shacabku u kala jecel yihiiin xata ma isku dhawo,0,0,0,2,0,0
som_train_track2_3065,Hooyaday waxay u dhimatay naxdintii ay ka qaadday dilkii walaalkay Yuosef,0,0,3,0,0,0
som_train_track2_3066,Ax anaaaba oooyay😭✋,0,0,2,0,0,0
som_train_track2_3067,Wlllhi maaayar mòge waaa nin ka weyn inta uuu yahay waxa nasiiib darrro ah nin dhan ooo cildhibaaan sheeeganaya ooo ka tirsan golaha eeedeysan jnuuu makarafooon jacayl la sooo istaaago waaa lasiii daaayay isago mucaaardad ka eeegaya meeesha ilaaahay ha u naxariiisto maaamada ani,2,0,1,0,0,0
som_train_track2_3068,In shacabka banaaan baxaya sida cadow sooo duuulay ooo kale looola dhaqmaaa waaa bahalnimo iyo wax nusqaaan ku ah dawladnimadeeena  Anigu aragti ahaaan mudaharadada waaan kasooo hor_jeeeda lkn qof mudaharadaya in sidaaa looola dhaqmaaa waaa bahalnimoSo sad URL,2,0,0,0,0,0
som_train_track2_3069,USER Dil amp dulmiWaxaaa muuuqato in hoooyada dhibbban loooga faaa iiidaystay dano siyaaasadeeedIyadana ay awooodi wayday inay kala sooocdo danbiga dhacay iyo danaha gaaarka ahIyada ooo isu diyaaarinayso inay ka qayb noqoto gulufka mucaaaradnimo inuuu kiiiskaaan ku sooo beeegmay ayaaad mooodddaaa,0,0,2,0,0,0
som_train_track2_3070,Waxan hubaaa inu yahay doqon xukun jecel ooo hadana fulay aha,0,2,0,0,0,0
som_train_track2_3071,USER Guuulayso madaxwayne waxaaan kaaa sugaynaaa inaaad si dagdag ah is badddal ugu samayso safaaaraddda somalia eee turkey gaWaaa mid kamid ah safaaaradaha ugu xun eee somalia ay aduuunka ku leeedahay mudane shacabka waaaku jecelyihiiine bahaladdda meeesha u fadhiyo ka badal,0,1,0,0,0,0
som_train_track2_3072,"Mar kale ku mahadsanid barnaaamijkan cusub , beeen baaan sheeegay hadddaaan idhaaahdo ogaaansho channnelkeeeda ma furo illlaaa... waxbaaan ka faaaidaaa. Mahad badan cumar",0,0,0,2,0,0
som_train_track2_3073,Gacmaha ka qeyr badan tusbaxa ma fiiicna xiligi nabiga nin isagooo dhagax ku tasbiiixsanaya buuu ka burburiyyy ka turay ma fiiicna inta badan tusbaxa gacmaha lagu tasbiiixsada iyaga kuuu fadli badano ku shafeeeco qaaadiye mana fiiicna,0,0,0,0,0,0
som_train_track2_3074,maxaaa ku dhacay qaybta kooowaaad eee sheeekada aaamina almufti,1,0,0,0,0,0
som_train_track2_3075,USER Koooxaha nooocaaan walaaal waxay markiii sidaaan ooo kale looogu xooog sheeegtou wareeegaaan ku dhufo ooo ka dhaqaaaq waaana markay khatar badanyihiiin marka duuurka bay galeeen waxaaana dowladdda laaag rabaaa habkiii ay ku siii burburin lahayd si aaanay dib isugu abaaabulin,0,0,0,0,2,0
som_train_track2_3076,"Alllaha samir ha kaaa siiiyo waaa geeeri naxdin,leh",0,0,2,0,0,0
som_train_track2_3077,asc Mohamed isa walal qisadan wan lasocday bilow ila dhamad   waxa igu naxdin badna sida gabar Muslim ah u aqbashay inay iskugu dhiiibto wiiil yahudi ah   waxa igu yaaab badneyd sida fudud eee u fasahaday gabadhi carbeeed eee tarbiyada islama ka kuso kortay ila ay gaaarto fasahaa,0,0,2,0,0,1
som_train_track2_3078,Wlll mahadsanid wlll waaad iii bln   qaaaday maduuuc dalka Sweden wali madaaan sooo galin,0,0,0,1,0,0
som_train_track2_3079,USER Alllaw naga qabo cadowga Ciiidan iyo shacab iyo masuuuliyiiin Isku duuuban baaan nahay Alllow adaaa awoood badane cidiii dulmiga wada naga qabo,0,0,0,0,2,0
som_train_track2_3080,Hardhaca leeen kuqoslaaa 🤣🤣🤣yaaaiga horeeeya,0,0,0,1,0,0
som_train_track2_3081,Barmameshan somalida ow kufiiicna maxa fashil dhici lahaaa 🤣🤣🤣,0,0,0,2,0,0
som_train_track2_3082,Waxaaa si weyne magaaalada Garooowe eee xarunta Puntland looogu sooo dhaweeeyay Senator USER ooo ka tirsan Congressska MareykanMasuuuliyiiin uuu ka tirsan Puntland iyo shacabka Garooowe ayaaa garooonka diyaaaradaha Garooowe  URL,0,0,0,0,0,0
som_train_track2_3083,Videogan anigooo shaqo ku jiro ayuuu iso dhacy kadibna wan iska ilooobay hda ayn dawady   eee ha inooo imaaan dheh bada io bariga ayyyba naga xaraaashaneee balo kula beeen badnady,2,0,0,0,0,0
som_train_track2_3084,Dhulmahantaaa igu sooo dhacay wlhi zubxnlllh 😀😀😀,0,0,0,2,0,0
som_train_track2_3085,Walahay ilmo ayan is celin waaayay rabo hoooyo kasta dhowor intay nooosha hay inta hoooyo dhimatayna jana fardowsa igu deeeq,0,0,2,0,0,0
som_train_track2_3086,Laacibiinta caalamka: Tobanka ciyaartooy ee ugu wanaagsan xilli ciyaareedkan guud ahaan dunida,0,0,0,0,0,0
som_train_track2_3087,Marka aaad nolosha heeer sare ka gaaartid waxa ay ku bartaaa saaaxiiibadaaaBalse marka ay noloshaaada hooos u dhac ku yitimaaado adiga ayaaa barta saaaxiiibadaaa,0,0,0,0,0,0
som_train_track2_3088,Waxaaan Cabsi Ka qabaaa CBBB Bil adkaysan la afarsano Sideee Ku Adkaysan dooonanamp kistiii dheeeraaad Ka Ahayd Wale Ummmada badan ooo Stresss Ku dhacay Arki La donaaa Madaxwaynihi Away danta Qaranka Leee Hayaaa  Xogta USER tiii hore Mahan,0,0,0,0,2,0
som_train_track2_3089,Hambalyo wadankeygiiyow. ,0,0,0,3,0,0
som_train_track2_3090,Hadaaabad kan xukunten waaad dadashen wajigi ha gubte,0,1,0,0,0,0
som_train_track2_3091,Maaanta Muqdisho madhexJooogi balse Ilaaahay Uun baaa og farxadayda Halkaaan ayaaan Hambalyo mug Iyo miiisan leh ugu sooo sooodirayaaa Dhiiig baaa Somalia usooo baxay Somalia Somali baaa leh USER oceanStar CefacaU1720222CaaawiDrXabeeeb DrXabeeebNeeedsHelp URL,0,0,0,3,0,0
som_train_track2_3092,Nolosha mar waxey kusisaaa farxad marna murugo nolosha dhan ooo laguuu shegayo waaa lawadaaas noooc Taliye zeeeko URL,0,0,0,0,0,0
som_train_track2_3093,USER Waaa ninki laha yar yarkiiiba so galay soool ooo waxay cawinayan somaliland malin dhawayd beeeni raaad ma leh wax kale ka kaaalay somaliland midh kaga qadi maysid afe,2,0,0,0,0,0
som_train_track2_3094,Ruushka oo malaayiin ku bixiyay si uusan Putin ugu dhicin cudur halis ah,0,0,0,0,2,0
som_train_track2_3095,runtiii sheeekadan qaybta ciraaaq ku saaabsani waaa mid murugo leh waaayo waxay ahayd shirqoool umad dhan lugu dumiyey lkn waxaaan aaad uga helay qaybta germany ka dhacday eee uuu ku jiro jacaylka qalafsani.shukran wlll maracade,0,0,0,0,0,0
som_train_track2_3096,Maxaa sabab u ah hoos u dhaca kiisaska Coronavirus ee dalalka Afrika?,0,0,0,0,0,0
som_train_track2_3097,Hadddan Dareeemo inaaan ahay goooni jooog waxaaan wehel iii noqda  Qalinka Markaaan qabsado Qalinka  Waxaaa hawl qabta Caqlika isaguna wuxuuu abuuura fikirkaNolol ka Hufffan fikir iyo Aqooon waaa mid ka madhan Horomar      URL,0,0,0,0,0,0
som_train_track2_3098,"Inankaaaga, hablaha kufsada eee ragana af duuubta sooo xidh ooo ku xukun",0,2,0,0,0,0
som_train_track2_3099,USER Bro ilmo morgankan aaad faaaninaysid adi failed state Somalia ku yaqaaanan lakiiin ani majeeertenia ayay iiiyaqaaan markaaa garowe 1000 mile ujiraaan afmaaaha Abahoood morgan aaa garowe joooga anyway SSSC is in dhulbahante hands today haday run sheeegayan let them start a war in SSSC,1,1,0,0,0,0
som_train_track2_3100,Sidooo kale SOMINVEST waxa ay mahadcelin sare u direysa dhammmaaan isku duweyaaasha dhiiirigelinta maaalgashiga eee heeer Dowlad Goboleeed iyo Gobolka Banadir ooo runtiii gacan ku siiiyay SOMINVEST daaadejinta maaalgashiga iyo fulllinta talllaaabbbo horumar u horseeedi karta dalka,0,0,0,2,0,0
som_train_track2_3101,Ebbbe hau gar gaaaro walaaalaha reeer falastin runtiii waaa arin tabatay qalbigeyga qof dhan ooo manta sonaaa in uuu afurkisa sidas noqdo dulmiga lagu hayo masiii wari dono,0,0,2,0,0,0
som_train_track2_3102,USER Waaa run  Aniga markiii aaan daaawaday waxa i sooo jiiidatay kalsooonideeeda iyo ku dhaceeeda  English waaa luuuqad ooo marka ay weynaaato ba way baran balse kalsooonida ayaaa ah wax aaan si fudud lagu helin eee u baaahan ku dhac iyo dhiiirrranaaan  Yartaaas waaan hambalyeynayaaa,0,0,0,2,0,0
som_train_track2_3103,M.a Cajiiib Sooomalida koooda yarka ooo suuuradas marayah masjidka ku jirah xitaaa samadu ka dhawaaaqayah imanku hadu hakad yar galiyo yab🤣,0,0,0,0,0,2
som_train_track2_3104,Waaaw waaa Jiliiin qurux badan the one an only qurux ku dhiiigle horey usoco my bro,0,0,0,0,0,0
som_train_track2_3105,Walaaahay wan Ooyay 😪😪😪Ninkaaa la Leeeyahay Raganimuuu Leeeyahay Waxa 1000% ka Dadnimo iyo Qofnimo Wacan inantaaa Sooomaaaliyeeed C/lahi akanuuu waxan Leeeyahay inantaaas Waaa inaaad AbaaaLmarin Ay ku Faraxdo hadiyad uga dhigtaaa Waqti kastana Aad xidhiiidhisaaa Allle Ha Shafo ha,0,0,2,0,0,0
som_train_track2_3106,Amaaa Ethopia lagu Canbaaareyay shirka hadiii aysan taaas dhicin sheeekada ma dhawa Somaaaliyey ogaaada,1,0,0,0,0,0
som_train_track2_3107,Faaahfaaahino kasooo baxaya khasaaaraha ka dhashay Qaraxyo culus ooo Maaanta ka dhacay magaaalada Baledweyne URL,0,0,0,0,2,0
som_train_track2_3108,Godkaaan somalia inuuu iga sameysan yaha beeela aheeed Dadka wadankeyna sooo bur buriyey iyo kuwa ka qeeeb qaaatay buuug an mustaqbalka sooo bandhigi dono ayey igu qoran yahin Godkan dhamantod wan ku ridi lahaaay hadan xukunka militariga qabsado,2,1,0,0,0,0
som_train_track2_3109,Masha Alllah aaad ayuuu u qurux badan yahay,0,0,0,2,0,0
som_train_track2_3110,USER Instgram ma mooodey meeeshani waaa gooob siyaaasad aqooon iyo dad waaaweym looogu yimaaadeee,0,0,0,0,0,0
som_train_track2_3111,Walal maracade ha naga ilaaawin in aaad barnaaamijyo noooga sooo diyaaariso sixirka nekromansiga sida uuu u shaqeyo iyo internetka madooow waliba waxaaad nooo raaacisaaa sida ay nacquuul utahay in ibnuaaadam ah uuu qofkale iskugubadalikaro,0,0,0,0,0,0
som_train_track2_3112,Eygu wuxuuu dhahay hoooyo aaabe waxaaan sugayaaa jacaylkaaaga Waxaaan qalbiyadiiinnna siiin karaaa aaaminnnimo farxad iyo farxad badan,0,0,0,1,0,0
som_train_track2_3113,Asc Brother AniGu Naaa aaaD Baaan kutageeera ooo markasTa Waaanku dhawada wanaaa jacelahay sidhaaa aaaD uwaniiisid Gabadh Haaa ilaaahey haaa ku xafiiido aaameeen Yaaa Alllah,0,0,0,2,0,0
som_train_track2_3114,Inaaa lilaaahi wa inaaa ileyhi raaajicuuunWaxaaan qoysaska saaaxiiibada iyo guuud ahaaan qaranka somaliyed ugatacsiyeynayaaa guuud ahan dadki shacabka ahay e maaanta kudhamaday qaraxiii kadhacay magalada USER 031020222DrAbdirizack kooofi,0,0,2,0,0,0
som_train_track2_3115,Waaan jeclaaaday iyaduna way i diiiday marka jacaylku wuxuuu igu riiixay inaaan akhriyo sheeekoooyinka qaaarkoood ka dib waxaaan bilaaabay inaaan qoro magaceeedana waaan ilaaaway  George Bernard Shaw URL,0,0,0,0,0,0
som_train_track2_3116,saaaxibtinimo Saaaxiiibkayow heeedheSafar baaan ka imi dheeereMarka hore salaaan diiirrranMarka xiga samow heeedheHa ka nixin sidalagtaydaSacab faramadhnaaantaydaSuuugaaanta yaaabkeeedaSalka iyo fadhaaa keeenaMarka xiga sugnaaanteeedaSocodkiyo falkaaa sheeegaXeeerkeeedu waaa saaase  URL,0,0,0,0,0,0
som_train_track2_3117,Waaar yaman haday iyadiii burbur santaheee,0,0,0,0,0,0
som_train_track2_3118,Wlll waaan ka xunnnahay waxa kugu dhacay 7 sano iska daaaye 50 sano hadaaad ka maqnaaato dadkan deeeganka kunoooli dabeeecadiiisu waaa maguuuraaan... Ilaaahay haku garab galo dulmigaaas ooo miiidh ah ayaaa tif ah.,0,0,2,0,0,0
som_train_track2_3119,Diyaaarad Rakaaab ooo ay la socdeeen 72 qof ayaaa saaakayto ku burburtay Galbeeedka caaasimada dalka Nepal eee Kathmandu  URL,0,0,0,0,2,0
som_train_track2_3120,Sahala igu dhaaawaceee sahala qalbiga iiiga jabine sahalaaa iiigu qeyline ooo ma waxaaa rabta wax walba in ay sahal kugu sooo noqdaaan. I’m sorrry abooowe ma sameyn karo midddaaa gabadha waaa wax kaleysay,0,0,0,0,0,0
som_train_track2_3121,horta Farmaaaje muxu kaga duwan yahay kuwa kale??? Bal waaa La arki dona inay somalidu isku filan karto😂😂😂,1,0,0,0,0,0
som_train_track2_3122,"Wwww shaaaruqanka shanta somalia ina tahay wn ku qiray lkn Hhhh marish 90 qeybta murugta le maaa,udhiiibe ooohinta ayey daris latahy miya Kkkk gar io gardara wd nashaaafiseee my team marnaba no hooos from USA💯❤",0,0,0,2,0,0
som_train_track2_3123,USER Gudooomiye Abdiqani maxamuuud jiiidhe Halyeeey qaran ooo kulansaday hiboooyin dhawr ahHogaaamiye dhaliiinyarada u ah astaaan ay meeel fog kasooo eeegtaaan ama tusaaale noool,0,0,0,2,0,0
som_train_track2_3124,Somalidan hada jirta wa somali labadalay somalidena hore   welka galada eee wax kucaban waaan turi kirnay hada waba sooo dhawesana xuman wlabo ganacsi ayaaa kafuranay wlahi sorrry😭😭😭💯,0,0,2,0,0,0
som_train_track2_3125,Messsi haduuu aaaday psg bartaaan anaaa dhaxal u ah Iwaydiii kista   ila sheeekayso xabada numbarkaaada iii sheeek Xooolahaaada waaa shar shil aaan kalaaa bes intaaa ika badan Iiii sheeekeee ani iii sheeeke   Coming leee waaaye😂,0,0,0,0,0,0
som_train_track2_3126,Chanelkan waxaaan ku jeclahay waaa bilaaa music barnaaamijyada aaad soootabisaaan mahadsanidin sifiiican ayaaan udhagaystaaa maaadaaama music aaana maqlayn,0,0,0,2,0,0
som_train_track2_3127,Maaansha alllh waaanso dhawaynaynaaa Allle haw siyaaadiyo dagaaalka somalia Alllah burburiyo ooo haysku jabiyo😄,0,0,0,2,0,0
som_train_track2_3128,Waxaaad igu abuuurtay dareeen Kasooo lamagac baxay jaceyl Waxaaad itustay kalgaceyl Kaaasooo igaliyay farxad URL,0,0,0,2,0,0
som_train_track2_3129,Alx ilhy hadu so dhaweeeyay ilmihiii,0,0,0,2,0,0
som_train_track2_3130,Prince Philip: Nin cajiib ahaa oo noloshiisuna ay cajiib ahayd,0,0,0,0,0,1
som_train_track2_3131,Maxaa dhacay markii ay NFD isku dayday inay la midowdo Soomaaliya?,0,0,0,0,0,0
som_train_track2_3132,Tani waaa waxa aaan ugu yeeerno hogaaaminta dhabta ah mahadsanid mudane URL,0,0,0,2,0,0
som_train_track2_3133,Ciyaartoy geeriyooday kaddib markii uu istaagga ka dhacay isagoo garoonka ku jira,0,0,0,0,1,0
som_train_track2_3134,Itooobiya waaa cadawga somaliya   Wataaan dunida kaga yaaabiyay malintaaan kaqabsaday dhulkaygiii s/galbeeed Waaa jilkiii ugu horeeeyay eeen tababaray lajabin kariwaaa waxaaa yidhi tababare ruuushka ah,0,1,0,0,0,0
som_train_track2_3135,Fadlan adigooo mahadsan luuuqada Spain nooo sooo diyaaari,0,0,0,0,0,0
som_train_track2_3136,Weee kugu dhacdy wlhi,0,0,0,0,0,0
som_train_track2_3137,Walllhi aaadbaaan ula dhacy quruxow mahadsanid inbdn wlllaha qalbiga,0,0,0,2,0,0
som_train_track2_3138,Scam calll iska ilaaaliyo reeer USA ani scam ayaaa idhacay 36000 ooo dolllars ika dhacay,0,0,0,0,1,0
som_train_track2_3139,Waxaaan murugada la qeeebsanayaaa walalaheeen reeer Jowhar  Alllaha u naxaristo inta dhimatay inta dhawaca na Alllaha caaafiyo  Ilaaa gooormeee ayaaa ku jireeena in aaan tacsi dirno Dadkeeena cadawga raba in uuu cirib tiro Alllaha ka qabto  Sad day URL,0,0,3,0,0,0
som_train_track2_3140,Jecel burburay 🤣,0,0,0,0,0,0
som_train_track2_3141,USER Sidaaa maaanta Magaaaladdda Laaascaaanoood calanka Somalia lagu sooo dhawaynaaayo Garaaadadddiii Dhulbahante ayaaa Bakayle iyo kuwo badanba Hargeisa iyo Burco looogu sooo dhawayn dooonaSug maaalmo yar,0,0,0,0,0,0
som_train_track2_3142,Somalidu way naxariiis badan tahay orom maaanta ilmo somaliyeeed ma raaadiseeen,0,0,0,0,0,0
som_train_track2_3143,Waxaaan galabta warbixin iyo taloooyin ka dhagaystay xubnaha Gudddiga Dhaqaaalaha Qaranka  Waxaaan kala hadlay ahmiyaddda ay leeedahay in si dhaw ooo jooogta ah ay iskula shaqeeeyaaan Gudddiga amp Gudihooosaaadka Dhaqaaalaha eee Xukuuumaddda si looo xooojiyo tayada hayadaha maaaliyaddda eee dalka  URL,0,0,0,0,0,0
som_train_track2_3144,dirisle sxb wlh wa runta gabdhaha hoooyadoooda wax kama oga lkn sidan kuwad iyagaaa kufashilmaya hada san uwado hhh 2020 iyadow lagarin hawada kujiran,0,0,0,0,1,0
som_train_track2_3145,Musdhafooow meshiii cabdi iley ayaaa ku danbeyneyso mise shacabka u tur ooo xukunkaaa u turo askarta qaaadireysan ooo ilaaah iyo rasuuul midna aqooon ooo cawaaanta ah waxba ha u dirsanine askarta wanaaaga ku tilmaaaman adejiso,2,2,0,0,0,0
som_train_track2_3146,Maxaad ka ogtahay marinnada tahriibka ugu halista badan adduunka?,0,0,0,0,0,0
som_train_track2_3147,Sxb so badi war bixinahay ooo kale mahadsanid.,0,0,0,0,0,0
som_train_track2_3148,Walaaahi ani waaayaaabanahey xataaa way icabsi galiseyba sheeekadan kolba waji cusub ooo laga baqaaayaba teeedakale axb halmar nooo dhamaystir maba sugi karneee,0,0,0,0,1,0
som_train_track2_3149,Ilhaan Cumar oo jawaab aad loola yaabay siisay haweeney ku tilmaantay ‘inay argagixisada taageerto’,0,0,0,0,0,0
som_train_track2_3150,Wuxuuu Ii sheeegay saaaxiiibkay  ooo sooo laaabanayey  nin ku dhegay  ooo yidhi warqaddda aaad sidato wax baaa ka dhiman  Waxaaan ku idhi buuu yidhi ma noqon karooo diyaaaradddaaas ayaaan raaacayaaaye maxaaa la iga rabaaa  1000  Wuxuuu yidhi toban baaan u laaabay horena waaan ka dhawaaaqay,0,0,0,0,0,0
som_train_track2_3151,Muqdisho ma ahan mid ammmaaan ah sida waxa looogu sheeegay Baaarlamanka SooomaaaliyaAnigu kuma dhaho xildhibaaano waxaaan ku tilmaaamaaa Qabqablayaaal Dagaaal koooxo dambiiilayaaal ah amp burcad badeeed amp munaaafiqiiin Shacabka Sooomaaaliyeeed ma sooo doooran tuuugadaaas meeesha joooga they are loooters URL,2,0,0,0,0,0
som_train_track2_3152,Dagaalka Ukraine: UK oo ku dhawaaqday lix qodob oo looga adkaan karo Putin,0,0,0,0,2,0
som_train_track2_3153,kkk sxb dirisle wlhi gacan kaaa taaagay Ninka kabahaaad la dul martaye Lkn sidiii tacsi taaalo iyo murugo violin music kusooo daba qabataye 😂😂😂,0,0,0,1,0,0
som_train_track2_3154,Nin guur-doon ah oo sameeyay ficil ay dad badan la yaabeen,0,0,0,0,0,1
som_train_track2_3155,Ilaaa xukumad rasmi ah la dhiso heyadaha dowlada heshiiis ma gali karaaan xafiiiska hantidhawrka guuud ayaaa sheeegay  URL,0,0,0,0,0,0
som_train_track2_3156,Wlhi caaadi u oooyay filimaaanta hindida kaliya inay iga ooohiyaaana uqabay awal😂😁 masha alllh qurux ku dhiiigle shakhsi maskax iyo qiiima leh🥰❤,0,0,0,2,0,0
som_train_track2_3157,sacuuud ilaaa iyo iminka waaa enagu wadaaanxooolihina waaa xanuuunsan yihin mid kale carabtan qashinka ah eeen aaan qaybtooo qaranka siiin jirney abaaalkiii dadka somaliyey waxay ka dhigeeen lugoooyo iyo isku dir iyo in ay damiiir lawayn adeeegsan walaaahi   waxan arkay warqada b,2,2,0,0,0,0
som_train_track2_3158,Waa maxay arrinta hadal heynta dhalisay ee Aadan Barre uu ka yiri xijaabka haweenka Muslimiinta Kenya?,0,0,0,0,0,0
som_train_track2_3159,Dhamaaantoood waxaaa ka fiiicnaaa basaaaskiii Muslim ka ahaaa eee duleeexa ibnu khuwayda kaaas ooo   qayb way ka qaaatay jabintiii kufaaartiii furus dagaaalkiii axsaaab,0,0,0,0,0,0
som_train_track2_3160,Waxaaan farxaddda sanadguuurada 25 eee jaaamacaddda Muqdisho laqeybsanayaaa dhammmaaan umaddda Sooomaaaliyeeed iyo guuud ahaaan bahda waxbarashada  Waxaaan mahad gaaar ah udirayaaa dhammmaaan intiii gacan ka geysatay horumarinta jaaamacaddda  URL,0,0,0,2,0,0
som_train_track2_3161,Kaptan baaaro hampalyo prank   Kusooo dhawaaaw😂😂😂,0,0,0,0,0,0
som_train_track2_3162,Cismaaaciiil cumar geeelowSikastoood uxawisho inaaad sooomaaaliya kusooo celiso taladaaada hooosteeeda iyo xukunkiii dadbanaaa eee aaad kuheysay madaxweeeynayaaashiiiKahoreeeyey jale farmaaajoBalse waaa uuun 4sano waxaaad naqasto ninkiii noool insha alaaah farmaaajaaa imanaya 4sano kadib,2,0,0,0,0,0
som_train_track2_3163,USER Xaqa inaaad kahadasho miyaaad kacabsan laaascaaanoood dulmiga kasocda maaad xitaaa hal post kasooo qortid caaalamka kaleba waaad ka hadashaaa umad sooomaaaliyeeed ooo dulmi lagu hayo mxd uga cabsan inaaad kahadasho,2,0,0,0,0,0
som_train_track2_3164,Hal qoys oo ku dhawaad hal qarni heysta Bollywoodka Hindiya,0,0,0,0,0,0
som_train_track2_3165,USER naxarista kaliya ayaaa tageraaa inta kale marka laga dabageeeyo halis waye i qariya qol igalsha ayaaa ka dhacaysa hadad maseyrto,0,0,0,0,0,0
som_train_track2_3166,maskiiina Qurux ku dhiiigle Wuuu is jajabinya😂😂😂,0,0,0,0,0,0
som_train_track2_3167,USER Manaxe ado kala ah ayaaa so qalay inta saaaray salada balan e farxada laguso koro kol hore,2,1,0,0,0,0
som_train_track2_3168,90 sano jir si farsameysan looga dhacay $32 milyan oo dollar,0,0,0,0,0,1
som_train_track2_3169,Wlhi hoyo wa muhiiim wan la oooyay ilhayow hoyoyinka no da ninki ugu dacadsana intan barnamijka dawanayay,0,0,0,0,0,0
som_train_track2_3170,USER waaa warey waaa warey wiligiiin hadaaa yina somali hore ey usocotaaa beeerahoooda eyga tacbanaaaya kheyraaaf koooda aygaaa lasooo baxaaaya wadni beeen ah iyo heeeso iyo gabey iyo burburin wadan afweyne iyo farmaaajo iyo kuwa isku heeeb yihiiinayaaa lagu ogaaa somaaalia nabad,0,2,0,0,0,0
som_train_track2_3171,USER Waxaaan so dhawaynaynaaa hormarka ay PUNSA samaysay waaayo Bulshada rayidka ah ooo awoood leh waxay horseeed u tahay dimiqraaadiyaddda dalkaUSER,0,0,0,2,0,0
som_train_track2_3172,Anooo og ineee jilin tahay aaan hadana oooyay😭😭😭,0,0,2,0,0,0
som_train_track2_3173,Waaar ninkani waaa isaaaq cunsurinimada jooojiya reeer xamarooow,2,0,0,0,0,0
som_train_track2_3174,Cawa wlll o acccount u fur dadka waxa sadeqyste ayaaa waxa ugu so diran si guri iyo nolo illlahy ajrked ku siiiyo u uhelo 😭😭😭 waaa muslin markan maqaly ooohin ceshn wayey 😭😭😭,0,0,2,0,0,0
som_train_track2_3175,waxaaan dhalinyarada uuuga waramay dadalaaadiii uuugu danbeeeyay aaan Mudug ka qabanay Dhalinyarada waxaaan cod dheeer uga codsaday si argagaxisada koooga guuuleeeysto in USER gacan weeeyn lagu siiiyo sugida amaaanka caaasumada  Dhul waaa Dhalinyaro,0,0,0,0,0,0
som_train_track2_3176,USER Doqonto markaaas ooo kale ayey baraaarugtaaah  Dowladi somaliyed maarag eee dhacday 19991  Laaakin marka an arko kuwa gararleh iyo qabil wax ka shegaya waxaaan iraaahdaaa wax dhama kabacdiged maaragten ooo aaan ahayn doqoni kuuu talisay  Faysal Ali warabe ooo miiiran Roble bahane iyo Dani,0,2,0,0,0,0
som_train_track2_3177,Waxan qoslaaa markuuu Axmed Madooobe qof kale kaligiiitalisnimo ku caaayo asagooo dhawr iyo toban sano taaangiga Kenya Kismaaayo kujooogay wax dooorasho ahna aaanan qabanin  Dadka reeer Jubbbaland waxaaan kula talin lahaaa in ay xooog isaga kiciyaaan mufsadkaaa uma bahna hadal aaan dagal ahayn  URL,2,0,0,0,0,3
som_train_track2_3178,Lacag intee la eg ayaa qofka bini'aadmiga ah farxad galin karta?,0,0,0,0,0,0
som_train_track2_3179,Sida uu Tiktok lacag uga faa’iido dadka ‘live-ka’ uga tuugsada oo la ogaaday,0,0,0,0,0,0
som_train_track2_3180,Geeeridu maaha marka ay ruuuxdu innnaga baxdo ooo keliya waxaaa jira geeeriyo ka horrreeeya waxaaa ka mid ah marka ay isu wada ekaaadaaan maaalmahaaagu eee isbedddel ooo dhan aaad jooojiso marka waxa keliya eee kuuu kordhayaaa uuu noqdo sannnadaha dadaaada iyo miiisaaanka jidhkaaagaNajiiib_Maxfuuud URL,0,0,0,0,0,0
som_train_track2_3181,USER Alllah maya shirku waaa wax reeerkastaaa qabsado  Waxaaan ka hadlayaaa dawldu November 13 20222 sharci kua dhisana umana aqooonsanin  Taaasi waaa sharci jabin madaaama GUUURTIDU 2sano u kordhisay dawladan Lana filayo in dooorashada ururada markay sooo dhamaaato in dooorashada MD dhacayso,0,0,0,0,0,0
som_train_track2_3182,Hambalyo MeherWaxaaan u hambalyaynayaaa Saaaxiiibkay Halgamaaa Abdirisak Sarhaye iyo Marwadiiisa Hani sheeekh cilmi ooo meherkooodu maaanta ka dhacay Magaaalada Shilaaabo  Alllaha isukeeen barakeeeyo  URL,0,0,0,2,0,0
som_train_track2_3183,Sooo dhawaw gacmo furan,0,0,0,0,0,0
som_train_track2_3184,Dowlada Sweden ayaaa ku dhawaaaqday inay lacagta u kordhisay Qoysaska caruuurta leh eee qaaata lacagta looo yaqaaano BostadsbiragLacagta dowlada kordhisay ayaaa ah mid qoysaska looogu kordhiyay ilaaa boqolkiiiba 25 lacagtiii hore URL,0,0,0,0,0,0
som_train_track2_3185,Laga yabe   in ay dhacdo maaalin,0,0,0,0,0,0
som_train_track2_3186,Waxyaaabo badan in la qaybsado ayey ku qurxooon yihiiin maxaaa yeeelay macno badan maleh in aaad keligaaa isku kooobto xanuuunka xiiisaha xooolaha nolosha jacaylka iyo waxtarkaaagabaNafqaybsi Subax wanaaagsan URL,0,0,0,0,0,0
som_train_track2_3187,Mnsha allla waaa film khatara please taxane noooga dhiga,0,0,0,2,0,0
som_train_track2_3188,USER Maya nasiiibdaro lama xididin reeer Kooonfur Galbeeed laaakiiin waxaaan ku lahaaa saaaxiiibo aaad u qiiimo iyo qurux badan sida walaaashay USER waaanan jeclahay inaaan ku nooolaaado magaaaladdda Baydhabo Janaaay maaalin maaalmaha kamida,0,0,0,1,0,0
som_train_track2_3189,Ahmed Yusuf wlll anigana maaa icaaawisid wlhi qof subscr. bdn haysto ooo hadana lasiii dhiiiro galnayo markan arko waaan murugoda wan iska ilmeyaaa wlhi😢😢😢,0,0,1,0,0,0
som_train_track2_3190,Qeeebti shanaaad aaaway jeak mx kugu dhacay waaan ku sugaaayeee,0,0,0,0,0,0
som_train_track2_3191,Imnkaaan kuzooo hiiiray BroH izooo dhaweee Inkasooo aaan habzaaamay,0,0,0,0,0,0
som_train_track2_3192,USER Teeeda kale ajaaanib isku waaarta lama arkin markay dhawr ilmo isku dhalaaan ayay kala booodan aaaqirkiii social media oooyin lasooo farisataaa lkn Faaarax somali tol iyo qaraaabo aaad uga dacwoooto ayuuu leyahay,0,0,0,0,0,0
som_train_track2_3193,USER Xijaaabka Ku Qurux Badnidaaa Lkn Marka Aad Shafka Banayso Ayaaan Ku Nacaaa Oo Naaasaha Kuuus Kuuusan indhaha Naga Geliso,0,2,0,0,0,0
som_train_track2_3194,Maxkamadda Turkiga oo xukun ku ridday wiilka madaxweynaha Soomaaliya,0,0,0,0,0,0
som_train_track2_3195,USER Abaaayo doqon miyaaad tahay qof ku xasuuusan waaayey sideee u xasuuusataaa qalbigaaaga faaaruq ka dhig Raxmaddda rabbbi haga quuusan ragggu way buuuxaaan dunidan waliba kiii aaad baratay kuwa ka fiiican ooo ka jacayl macaaan ayaaa ku suuu mari kara kaliya Rabbbi isku xir naftaaada ku mashquuul shaqayso,0,0,2,0,0,0
som_train_track2_3196,Puntland ooo War kasooo saaartay dilkiii looo geystay Taliyihiii Saldhiga degmada Qardho  URL URL,0,0,0,0,0,0
som_train_track2_3197,Hadaaad jidkaaan aragto yaaa kugu sooo dhacayo inaaad la martid Aniga ciyaaalkayga ayaaan jeclaaan lahaaa inaaan kabo laaaan la maro ooon marba geees isku ceeerceeer sano gardafu putland Somalia familyfun URL,0,0,0,2,0,0
som_train_track2_3198,Sxb maracade mahadsanid waxa aaan rabay in aaad nooo sooo gudbiso arimihiii sirdooonka ethobia eee dalka somali ka shaqeynjirtay burburkiii kadib iyo dagaaalkiii 20007 eee ku sooo qaaaday ethobia gudaha somali iyo sida uga hoool kali jireeen,0,0,0,0,0,0
som_train_track2_3199,Sxb Kan waaa ku fashil ma ahan madadaaala waaana dhaqan xun said ah waaana cpy from Christian joooji waxaaan,0,2,0,0,0,0
som_train_track2_3200,Ma dhibaato caafimaad ayay leedahay cabidda shiishadda?,0,0,0,0,0,0
som_train_track2_3201,Dood wayn oo ka taagan filimka uu Shah Rukh Khan ku noqday 'boqorka jacaylka',0,0,0,0,0,0
som_train_track2_3202,ax waaa dhacdo xanuuun badan hoooyo wayday ilmaheeedi Allle waxan uga baryayna inu ilmaheeedi USO dheyo rabbbi,0,0,2,0,0,0
som_train_track2_3203,Rabi hacaaafiyo walaaasha sooomaliyeeed runtiii waaa arin murugole,0,0,2,0,0,0
som_train_track2_3204,Nio vidio aaad sodhigtid wan fiiirsada halmid ayuuu ku xunyhy ooo ah qosolka aaad sarayso iyo codadka waxas naga dhaaaf zxp,1,0,0,0,0,0
som_train_track2_3205,Maracade show... mahadsanid maskaxda ayaaad fur furtaaa.,0,0,0,1,0,0
som_train_track2_3206,Maxaa kasoo baxay baaritaanka shilkii uu ku lug lahaa wiilka madaxweynaha Soomaaliya?,0,0,0,0,0,0
som_train_track2_3207,Waxaaan farxad la qeybsanayaaa bulsha weyta reeer Moroco ooo caaawo guuul taaariiikh ah u sooo hoyay guuud ahaaa muslimiiinta Afrikaaanka gaaar ahqqqna shacabka iyo xukuuumada Moroco URL,0,0,0,2,0,0
som_train_track2_3208,Wlhi waaan ilmoooday waxaaana la ilmoooday sida uuu ilaaahay ugu naxariiistay iyadooo intaaas ooo danbi ah geeesaty subxaaanalllah rabiyooow naxariiis badane ayaaa tahay❤,0,0,0,2,0,0
som_train_track2_3209,zxp jacaylka dumarka umbaaa la jec ladeye   Nin Nin ma jecladeee sed wax uwada   Ma inuuu ka galad rabtaaa 😂😂😂😁😂✌️,0,0,0,1,0,0
som_train_track2_3210,"Saaakuuun Baaad lahayd Ethiopia wey ka noqotay heshiiiska maxaaa keeenay hadana inaaad tidhaaah wada hadal kiii waaa burburay , wararka inaga shiiil !!!",0,1,0,0,0,0
som_train_track2_3211,In Adan cadowgaga aaadan kasugin inta uuu jabkuuugeysto eee   kahortaggga   xeeelad walbo adeeegsada Hana niyad jabina marka hore haduuu Dhib idin geysto sabra,0,0,0,0,0,0
som_train_track2_3212,Siyaasi sameeyay arrin lama filaan ah oo lagu wada maadeystay,0,0,0,0,0,1
som_train_track2_3213,Sooomaaali kitaaabka isku xukunta ayay ku xirantahaySooomaaali hormarta,0,0,0,0,0,0
som_train_track2_3214,Somali weyn plz subscribe isara mahadsanidin,0,0,0,0,0,0
som_train_track2_3215,Waxan Somalidan ooo dacada ah layaaabanahay 😂 Aniga inteeeh Layka dhacay ayan uqabsada 😢,0,0,0,0,0,1
som_train_track2_3216,@@@ismailmohamedyusufalonepoi3190 waaa wax la yaqaaano qofka mar haduuu ku hadlo hadalo nooocaaas ah meeelaha qaaar waaa laga ilaaaliya caruuurta. Somaliya marka dhahayo cunug shan jir aaa nin 30 jir xooogay wax badan wa maqalnay,2,0,0,0,0,0
som_train_track2_3217,Indhuhu waxay ku arkaaan quruxda waxa qalbigu ka bartay jacaylka  Baro jacaylka Allle waxaaadna arki dooontaaa quruxda wax kasta ooo uuu qadaray URL,0,0,0,0,0,0
som_train_track2_3218,ilahay amarki qof wado tagan cunto u ku siyay cun iguma so dhacden,0,0,0,0,0,0
som_train_track2_3219,USER  Illlahey Suaaad iyo walaladeeed qalbiga ha u adkeeeyoAmeeen  Aad bey u dhawac weyn tahey marka walidkeeen Illlahey inagala noqdo   Every soul shalll taste death,0,0,2,0,0,0
som_train_track2_3220,Introga aaad kuso galeysid mahn mid kashidan kiii hore eee epow maxamudow kiii hore so celi amse mid shidan keeen kan dhagaha ayuuu naga jabinayaaaye jabaqda 1aaad eee sxb naga badal hdey macquuultahy,0,0,0,0,0,0
som_train_track2_3221,Zhp abdulahi anaaa maramij ku so diraya habalyo ayan ku leyahy s10 qof ayad dishay 20 qofna wa dhawac ooo dhaktarka magalada ayey yalan qofka ku akhriyayana si uuu ino fashin ku dar kuwa aaad dishay digidhka dhimashada u jar,0,0,0,0,2,0
som_train_track2_3222,"Waxaaad u eeegtahay ilmo lix biloooda ooo masaaasad jaqaya   ,,,uuufff",2,2,0,0,0,0
som_train_track2_3223,Anagaaa siiinayna maxaaad ka qaban kartaaa eee aaan ooohin ahayn,0,1,0,0,0,0
som_train_track2_3224,Nabadooon Cabdi Cabdullle Xaaashi ooo Gooordhawayd La Dilay iyo Faaahfaaahin kasooo Baxaysa Dilkiiisa URL,0,0,0,0,2,0
som_train_track2_3225,Allle ha unaxariiisto hoooyadaaas geeeriyoootay kuna mahadsanid mudane mayor Abdikarim Ahmed Moooge,0,0,3,0,0,0
som_train_track2_3226,USER Faysal faaaruq umaddda ka xishoood 21 sano gudooomiye ucid ahayd ku fashilintayMunaaafaq laba wajiiil kalinba meeel isku qaaada,0,2,0,0,0,0
som_train_track2_3227,War flimku waaa dab jeckow mida kle dabada haka jabin loootada badan joooji 😂😂😂,0,0,0,0,0,0
som_train_track2_3228,Dayaxu caaawa ayuuu dhulka ugu sooo dhawaaa mudddo aaad u dheeer kadib sida ay sheeegeeen culimada xidigisku waxaaa ugu dambaysay in uuu sidan ooo kale dhulka ugu sooo dhawaaado mudddo laga jooogo 9993 sano ka hor waxaaa la rajeynayaaa in ay sidan ooo kale dhici dooonto 345 sano kadib  URL,0,0,0,0,0,0
som_train_track2_3229,USER Cumar ani wali ma guuuraaan balze shaqada waxey dhadhan leeedahay marka addd xaaas iyo ilmo ka sow tagto,0,0,0,0,0,0
som_train_track2_3230,QOSOLKA ADUUUNKA -weeek. xataaa ma qoslin Lkn hada qoso.laaan la.oooyay waaaw   ar knuuu mid ma.ahan🤣🤣🤣❤💚✌,0,0,0,2,0,0
som_train_track2_3231,Wlh wanba ogaaa in qosol lakala dhacayo ruwadan,0,0,0,2,0,0
som_train_track2_3232,PMPF halooo diro ha difaaaceeene burcad badeeeda😂😂😂,0,0,0,0,0,0
som_train_track2_3233,Dadka qaaar wax ay u maleeeyaaan in xaqiiiqada lagu qarin karo dahaaar yar waxyaaabo la dhooodhooobay  Balse marwalba waqtiga socda wax dhabta ah waaa ay sooo dhalaaalaaan halka ay waxyaaabaha beeenta ah burburaaan URL,0,0,0,0,0,0
som_train_track2_3234,Dhalinyaro Baaahida murugada culayska waxa loooga baxsadaaa aqrinta Quraaanka iyo sallliga nabiga salllalahu wasalam Jimco wanagsan URL,0,0,0,0,0,0
som_train_track2_3235,USER Bal inta 198881989 u kaaadisid ka waran dadkiii hantidoooda la dhacey gabadhahooodi masaaajidada lagu kufsadey ayadooo waaalidkoood iyo nimankooodi fiiirinaaayaaan loooma oooyaaanka u bixiseeen Ma ilowday inta Xamar lagu diray dagaaalkiii 4 biloood  Xamar nabad haka sugi intaaa waxaaa ogaaa fasheeen,2,0,0,0,0,0
som_train_track2_3236,Wax ka ogoow dhawr sababood oo guusha u sahashay Dr. CK oo uu shaaca ka qaaday,0,0,0,0,0,0
som_train_track2_3237,"Sxbw ad Ayan uuu murugod wxn jira 18,wxn kaaa Camara Aidan internet uga faidaysan laha lkn inaaa Surtaaa gasho marmarka qar wxn uuu mAleyA in Ana wx qabsan karin number kava isooo qor wxn nova muqdisho",0,0,2,0,0,0
som_train_track2_3238,Ilaaahay swt haw gargaaaro qoyskan wlllhi wn murugoooday 😰,0,0,2,0,0,0
som_train_track2_3239,mahadsanid hosow horey usoco wlllkey,0,0,0,1,0,0
som_train_track2_3240,USER Naga raaali ahaaada Roooble waaa wadaaad Tusbaxle Ah xasan sheeekh ooo culimo ah RW Xamse Bare ooo isna Xer ah ayaaa xukunki qabsaday marka loooma baaahna dumar Bashuuuqsi ah sorrry,0,2,0,0,0,0
som_train_track2_3241,Hadey africa ooo dhan geeeska galiso dowladi aaan dorano 4sano kasta ma tahay in somalidu isku tashtaaan iska dhex saran kuwa deganadoda laga sooo gamay si ey tushuuush amp qas uga dhex aburan iskashinimada somalidu ladhutineyso kuwa lasooo gamay waxad arkeysa qarax dhacay ayago qoslaya URL,2,0,0,0,0,0
som_train_track2_3242,Mashaaa alllah   Alllah Ku dhawro Zxp Sare Wx Pdn Ayaaan kaaa Faaaidnay👍,0,0,0,0,0,0
som_train_track2_3243,Lipaaax ayad tahy dirisle eee nooolow indr inantan jeclahy en la shekaysto ayaaa aaad ku jecel ooo ku taaageeerta magaca hajiro haddd iii dhawdahay wn iskiiin bari lahaaa,0,0,0,2,0,0
som_train_track2_3244,Bal kawarrran hadddiii aaad si jooogto ah uga fikirayso mustaqbalka guuurkaaaga ciddda aaad xiriiir wadaaaggga tihiiinnna aysan halmar xitaaa maskaxdiiisadeeeda ku sooo dhicin habkeee isku hanataaan ama aaad u midowdaaan jacaylkaaaga URL,0,0,2,0,0,0
som_train_track2_3245,USER Dhaqan xumadaaas waxay sooo baxaday 19991 markaaas ooo ay iska dhaaaciyeeen USC iyo SNM inay wixiii aaan isaaaq ahayn xooog ku muquuunin karaaan Tiii ka dhacdayna Sooomaaali kama Qarsooona sidaaa owgeeedHorena loooga yeeelin hadeeerna waxa diyaaar looo yahay in aaan laga yeeelin dooonin iyadooo muruq iyo,0,1,0,0,0,0
som_train_track2_3246,Waaa bil ramadaaane allle Haw gar gaaaro mamada Dhibataysan allle farxad hawgu badalo,0,0,2,0,0,0
som_train_track2_3247,BNSomalia Mareykanka iyo Sacuuudiga ooo ka wada hadlay dilkiii Shan sano kahor Turkiga looogu geystay Khashogggi URL Somalia,0,0,0,0,0,0
som_train_track2_3248,Najaxey waaalshey qali Alllah kucafiyo mark. Hore ooohintada way idhibeysa ana kugudaray ooohin wayo qof dhiiiran da Yar ah waxbaratay so kaceysay bila Sabab kudhimatay hadane ayad noqotay lkn Hal xasuuusbow wuxu allle qora qadarta allle lama gafo waxa kadambayn donto culeysaka f,0,0,3,0,0,0
som_train_track2_3249,ilahayw usooo sahal ilmaha maskiiinta walhi waaan oooyay 😭😭😭🤲,0,0,2,0,0,0
som_train_track2_3250,Daraasad lagu ogaaday sida aad isaga fogeyn kartid cudurrada halista ah,0,0,0,0,0,0
som_train_track2_3251,Illlahayow caaafi wlhi waaa murugo aduuun yaaa rabbbi.cawi,0,0,2,0,0,0
som_train_track2_3252,Aderayal dulinimo ku nolow waxa dhanta dhimasho ilaaa iyo gooormay dadka kunol kilinka 5aaad dunida la janan qadayan Sido kale nin walba e mdx weyne noqda waxa kursiga lagu siiiya Inu reeerkisa gumado Sido kale dadka somali ugu tirada badan Aya dagan hadana siday u badan yihiiin,2,0,0,0,0,0
som_train_track2_3253,Waaadku mahad santahay wlll omar inshar waxan ahay tagerahaga mahad sanid sxpka iiigu horeyay eee an qali kadhigto wa adiga hasa yeshe waxan kajeclan laha inan arko wajigaaaga mahadsanid...,0,0,0,2,0,0
som_train_track2_3254,USER Haaa wana kiii dadkisa ooo bahan run shegay aaan kasooo qadin naftisa ooo kale waaa kiii alllah ku cadaaabay kuwiii 5 sano dulmiga waday marka dulmigada bato alllah waxa uuu kugu cadaaaba adomadisa mid kamid eh badi walibo mid kasooo baxay agtada sida nabi musa CS loga cadabay fircooon,0,0,0,0,0,0
som_train_track2_3255,USER in khat amp drugs la siiiyo qaaar na USER kufsata ooo HiV ku rido  Macluuul amp dhimasho jooogta ah dhalinyaro la noool qurux maleh  Waxaaa macquuul ah inaaad isku qabiiil tihiiin alllow u gargaaar Somali  BadbaaadiQaran geeel aaa looo qalaaa ayaga markiii drugs la siiiyo,0,0,2,0,1,0
som_train_track2_3256,Sxb walahi fal fiiican ayaaad samaysay ilahay haku dhawro,0,0,0,2,0,0
som_train_track2_3257,Marka 1kowad wax dambiga iska leh nin inanta so dhacay marka 2labad waxa danbiga leh ninka hudhelka leh eee inanta yar eee intaaa leeeg iyo ninka weyn ka aqbalay wanu is qabnaaa marka 3 saxaaad wax danbigi ugu culus leh nimanka habeeenki hudheeelada so kormeeeraya dadka martida e,2,0,0,0,0,0
som_train_track2_3258,Waaa ku wataaa waxaaan la siiidhacay habka dagan aaad wax uduuubtit,0,0,0,2,0,0
som_train_track2_3259,qofka 20aaad   macalim waxaaad nooo gudbisaaa taaariiikhda America mahadsanid.,0,0,0,0,0,0
som_train_track2_3260,Lkn isagu khaladka maleh eee qofka budka kula dhacay baaa khaladka leh   Ee iska celi ama ka dacwoood,0,0,0,0,0,0
som_train_track2_3261,Aseeey aqara utaaala kan dilkiiisa cid wax kufali malahan xeeey wankaaan aqliga xunnn,0,2,0,0,0,0
som_train_track2_3262,Runtiii barnaaamijkaaaga aaad iyo aaad aaan uga gelaaa mahadsanid,0,0,0,3,0,0
som_train_track2_3263,Waaa beeen film hindi weeeye Nsssta ayuuu kamid ahaaa marka wax micno leh maha sirdooonka sirdooonada ugu liiita ayuuu aha wana sirdooon shacabka looo adeeegsaday ayuuu ahaaa wuxu kudanbeyayna waaan aragna iyo burbur,2,0,0,0,0,0
som_train_track2_3264,Mashaaa alah mahadsanid sxb sare lkn hadiii ay suuurtagal tahay magaaaloooyinka sooomaaaliyeeed taaariiikhahoooda nooosooodiyaaari mahadsanid in badan,0,0,0,1,0,0
som_train_track2_3265,Hindiya: Ninka muslimka ah ee sida la yaabka leh u badbaadiyay gabadh,0,0,0,0,0,2
som_train_track2_3266,Bisinka wlllhi waaa naxdin weyn Allle ha naxariiisto dhamaaantad,0,0,2,0,0,0
som_train_track2_3267,USER Khamaaarkaaan waaa ku baxarooobaysaaan saaaxiiibow Waxaaan arkayay inay Alonso keeeni rabaaan iyadooo akhyaaartiii kasooo horrreysay la diiiwaaan galin layahayRag indho adag baaa teamka maaamulaya,0,0,0,0,2,0
som_train_track2_3268,Insha Alllah allle aya sooo u sooo dhawayn,0,0,0,0,0,0
som_train_track2_3269,USER What about him If Madooobe is agency for kenya or other countriesWhat about Mr Fahad I know him more than anyone Run in aaad sheeegto waxaaa ka horeysa in aaad adigu run taqaaan marka hore  Rag dhergay in ay farta isku fiiiqaaan macno noooma samaynayso eee sooomaaaliya run bay rabtaaa,0,1,0,0,0,0
som_train_track2_3270,Alllow ka dulqaaad culayska nololeeed eee hysa ooo farxad iyo irsaaaqad siii,0,0,2,0,0,0
som_train_track2_3271,Wlllhi wa waxa kale   keeep giong   team   wayaaab   cumamdiiina lama haysan karo wlllhi wan oooyay run umaleyay,0,0,2,0,0,0
som_train_track2_3272,War cusub oo kasoo kordhay wiilkii Galkacyo lagu kufsaday ee maydkiisa jawaan laga dhex helay,0,0,0,0,0,1
som_train_track2_3273,Waxa qalad ah in shacabki lagu dhariyey e ad u istagtay ad u adegsato waxi lagu yiri ku ilaaali bal maxay ka galabsatay maskinta yar e dugsiga dhiganaysay cakuye doqon ilahey ha no cafiyo walalshen abyo adiguna iska samar adun aya la joga wax kasta ay ka dhacayan inta,2,2,0,0,0,0
som_train_track2_3274,mahadsanid wlll alllah Ku xafido,0,0,0,2,0,0
som_train_track2_3275,"Ayaxa Soomaaliya: ""Waan cuneynaa haddii aan weyno cid naga caawiso la dagaalankiisa""",0,0,0,0,0,0
som_train_track2_3276,BusmilaaahBarlamaaanka Jubaland ayaaa furay Dastuuurka ka dibna Qodabka la mid ah Ansixiyey kasooo ah Mudo Xileeedka Madax weynaha 4sano ooo kooo balanay 5sano Guuud ahaaan waaan sooo dhaweynayaaa arinkaaa ay sameyeeen Barlamaaanka Jubaland waxaaan leee yahay Hanbalyo Mahadsanidiiin URL,0,0,0,2,0,0
som_train_track2_3277,Waxad moda shekadi ubaxa guduuudan in woxoga mugdiyi sooogalay!!!,0,0,0,0,0,0
som_train_track2_3278,xidigtiii 5ta geees dhalatey cawale aaadan waaad iga ilmeysiiisay mahadsanid   farmaaajo waxaaan ka sugeynaaa horumar degdeg ah somali qurbo iyo dalkiiiba way ka daaaleeen colaaad,0,0,0,1,0,0
som_train_track2_3279,"Shuuula cooohin , Amina mufti ayaaa kasiii badnayd aaamina muftina sheeekadaaan ayaaaba kasiii dartay🤣",0,0,0,1,0,0
som_train_track2_3280,USER Miyaaanu xukunkiii ilahay sugayan ilay ninkiii gigolo dhaaaf sameeeya xasan lihi waaa dil Marka shareeecad looo eeego,0,0,0,0,0,0
som_train_track2_3281,Arxan darana qof ilmo yar o saqiiira nafta dhaaafinaya 🥹,0,0,2,0,0,0
som_train_track2_3282,Axmed Ibraaahim Taleeexi Abdilahi Mohamed Dirir Xamse Badri bahalkaaas iska yareeeya saxibayaaal,0,0,0,0,0,0
som_train_track2_3283,dadka inta badan eee hargaysa ku noool waaa dad somalinimada jecel in yar ooo oroma ah ooo xukunka jooogta baaa xabashida wadata markaaa dadka somaliyeeed eee degan dhulkaaa yaaan la aflagaaadeeen laaakiiin muse daaacun iyo inta la caqliga ah hasssan shiiikh madaxweynah,0,2,0,0,0,0
som_train_track2_3284,Yaa uu ahaa James Le Mesurier ninkii Koofiyad Cadda taageeri jiray ee maydkiisa Turkiga laga helay,0,0,0,0,1,0
som_train_track2_3285,hhh anaaa oooyay wlhi maxaaad dhahday qalbi adagidaaa ma farxal baaad cabtay kkk viva darisle wlhi,0,0,0,2,0,0
som_train_track2_3286,Masha alllh mahadsanid wlll omar sida qimaha badan ooo ad nola wadagtid dhacdoyinka sababaya in qofka nolashisa isbedesho una bedesho dhinaca wanaggga iyo hormarkisa ku jirto   chanelkaga wxn dhihi kara kan ugu wngsan inta afka hoooya kuso baxo.   Dad badannne wan kuso xiray malm,0,0,0,0,0,0
som_train_track2_3287,😂😂😂Falaq falaqba ka.dhacdey,0,0,0,2,0,0
som_train_track2_3288,Mohamed essse maracaddde wlll mahadsanid,0,0,0,0,0,0
som_train_track2_3289,Waxaaan Aad ula dhacay sheeekadiii hore iyo midaaanba lkn yaaa sidaaan usooo diyaaariye,0,0,0,2,0,2
som_train_track2_3290,mahadsanid waaalaaal. waaan ka xumahay asooona dhameystirneyn.,0,0,1,0,0,0
som_train_track2_3291,Ilaaahay haw naxariiisto 😭🤲wa bil ramadaaane rabigu jano fardowsa haka warabiyo 🤲maaamadas dulmiga lagu dilay wiiil geeesiyana ma dhalin waxay ahayd inuuu dhagaxan gurto o madaxa wada qaaado inu kaga cararo may ahayn 😭,0,0,2,0,0,0
som_train_track2_3292,USER Guuusha bayna isku aqooon  Guri la dhaco gabadh la kufsado dhiiig la daaadiyo wadddan burburay gaaalo ku xukunto hadddiii uuu guuul u yaqaaan isagay jirtaaa,2,0,0,0,0,0
som_train_track2_3293,Messi oo ku guuleystay arrin uu sanado badan usoo dagaallamayay,0,0,0,0,0,0
som_train_track2_3294,Somalia wadan isku filan Maaaha eee wadan beeesha caaalamku gacanta Ku hayso iyo midowga Europe waxaaan u rajaynaya in ilaaahay xornima buuuxda siiiyo madaxduna xil jeclaysiga ay iska dayso WBT,0,0,1,0,0,0
som_train_track2_3295,Waaan ogaaa inay saaan kugu dhacaysaaa akanuuu se darameee walagu kawiye😂😂😂,0,0,0,2,0,0
som_train_track2_3296,Ninka raga ah waaa ninka qirta inuuu khalad galay kadibna kasooo laaabta (bixiya raaali galin) mahadsanid.,0,0,0,0,0,0
som_train_track2_3297,m. a   waaa   arin   in aaan aaad ula dhacay,0,0,0,3,0,0
som_train_track2_3298,USER horta magaca sheikh ba meeel loga dhacsy msrks looogu yedhay nin kan shaqadiiisu tahay isku dir ka Umada Somaliyeeed,0,2,0,0,0,0
som_train_track2_3299,Mahadsanid chanal#Ogansho baranimjkaga marwaliba waaan xiiiseya sxb mahadsanid   SXB WAXAAAD RABNAAA MACLUMAAAD DHANEEESTERIN OOO KUSABSAN *MUSIIIBADIII KU HABSTAY   TAGEEERSHIYIII LIVERPOOOL IYO JUVENTUS EEE 1989 EEE KU DATAY DHIGIII BADNA* madomon ahay tageeera kubada mardhaw k,0,0,0,1,0,0
som_train_track2_3300,mahadsanid walal .a.ilaaa...z,0,0,0,0,0,0
som_train_track2_3301,Subxanalllah bal dulmigas eeega 😢qof noool gaaadhi la jiiidhsinayo 😡,0,0,3,0,0,0
som_train_track2_3302,Waxay ku socotaaa marba mar xasaaasi waaan arkayaaa daaawashadu ma badna lkn   hanaga niyad jabin   wlll qaliyaaa asagaaa taxanuhu dadka sooo jiiidan doooneee ❤,0,0,0,2,0,0
som_train_track2_3303,Xaaska ninkii ku dhintay shilka uu wiilka madaxweynaha Soomaaliya ku lugta lahaa oo hadashay,0,0,0,0,1,0
som_train_track2_3304,Waaaw allla maxay aheyd sheeeko cajiiib ah bilow ilaaa dhamaaad wey iiisooo suuurto gashay   mahadsanid maracaddde sidooo kale turjumaha sheeekada mr anteno   Mahadsanid sxb sare,0,0,0,0,0,2
som_train_track2_3305,USER Prf taaas waxay ilatahey xaqbaaad u leeedahey  balse adigana xadgudubkiii baaarlamaaan Malin dhawayd Aad ugaysatay weeerarkiii afka aha barlmamanku umada ayey matalaaan raaaligalin ka bixi  Roooble afka weeerarkaaad uga geystay intaaan lagu afduuubin ayadana is muraaajace Raaali gali Kuma lahi,0,0,0,0,0,0
som_train_track2_3306,"SIYAAAD BARE AUNteee Darbi iyo Daydh adag buuu nooo ahaaa Gacmahenuse Cadaw ku burburiyey Su, aaashu waxay Tahay Somlyey Seeen uga baxnaaa Gacanta Cadaw eeen galay SIYAAAD bare iyo Xiiirane ooo Midhan na u noqonaaa???",0,0,0,0,0,0
som_train_track2_3307,Wlhi aaad baaan u oooyay waaa ruwaaayad dareeen xambaaarsan plz qebta kle nooo sooobooobsiiiya😭😭😭🙏🙏🙏,0,0,2,0,0,0
som_train_track2_3308,Naf qaybsi _Had iyo jeeer waxaaan ahaaan dooonaaa mid adiga kuuu dhaw garabkaaaga taaaganXaqiiiqdiii markaaan adiga ku helay ayaaan helay nolol Mida ugu quruxda badan jacayl kan ugu qabaw iyo kalsoooni xad dhaaaf ah_ Caaafimaaad iiigu iiid hpppie URL,0,0,0,3,0,0
som_train_track2_3309,Zxb adigooo shukaaansanaya sooo duuub adigooo gabar isbaranaya zxb please,0,0,0,0,0,0
som_train_track2_3310,Dirizle waxaaa ha u jabin prother ❤Hore u zoco 💜 kazooo qaaad caruuur izka hadzhiyo.meeel cidla pro,0,0,0,0,0,0
som_train_track2_3311,Hayaaay wiiif jug ana waaan sooo dhacay walooo markuuu sooo galayay aaan arkay hase yeeesheee waqti salaaad ayay iii eheyd,0,0,0,0,0,0
som_train_track2_3312,Erayga Jawaaasiiis ha u adeeegsan sirdooonka aaad kahadleyso marba hadey kasooojeeedan dhulka reeer Palestine 🇵🇸 mahadsanid,0,0,0,0,0,0
som_train_track2_3313,USER Shaqadaaada kartidaaada iyo awooodaaada midna ma muuuqato  Ilaaa haddda magac u yaaal baaad tahay  Adigooo kale caaano ma daaadshe ayaaa la yiraaahdaaa  Meeesha ama ka muuuqo ama Ka maqnow axadkow,0,2,0,0,0,0
som_train_track2_3314,USER Kaaalay adigu nugaaal bal inaaad dib uga laaabato doqon yohow awowgaaa haduuu noool yahay warayso bal awowgay wuxuuu ahaaa isna wuxuuu ahaaa hakuuu warrrameee,2,2,0,0,0,0
som_train_track2_3315,Codkagu nuxur buuu leyahy qofkaztaA waaa ku dhaaadhacaya hadal kagu guuul ban kuuu rajenata,0,0,0,2,0,0
som_train_track2_3316,War kanaaa filim wuuu dhaaafay   dhawr jeeer ayan daaawadey horumar balaaadhan,0,0,0,1,0,0
som_train_track2_3317,Asc wlll kusooo dhawooow shirkada forever living product iyo fursad ganacsi ooo dahabi ah taaas   Oo aaad kaga faaa.ideeesankarto adooo gurigaaaga jooogo   Nala sooo wadaaag magacaaaga iyo halka aaad jooogto   Adigooo mahadsan🌹🌹🌹htttps:///chat.whatsappp.com/HqCJ50Fn1Sh4HoXEXbNbXO,0,0,0,0,0,0
som_train_track2_3318,Guuurku waxa uuu yareeeyaaa halista cudurrrada wadnaha ku dhaca  Daraaasad lagu sameeeyay wadanka mareykanka ayaaa la sheeegay in dadka weli guuursanin iyo kuwa garooobada ah ay kaga badan yihiiin xanuuunnnada wadnaha marka looo barbardhigo dadka guuursaday URL,0,0,0,0,0,0
som_train_track2_3319,Lacgta hanaga dhameyn baby aqalkal keeena baaa sooo dhawe😊😙😆😆😆,0,0,0,1,0,0
som_train_track2_3320,Midka Mid Ah Tuuugadiii Aduuunka Ugu Layaaabka BadnaydAlaaab Gaaadhi Lagu Qaaato Ayay Isku Habaysay Lkn Waaala Fashiliyay Iimaaanka BeeelArintaaas Ma Samayn Kari Lahayd URL,0,0,0,0,0,2
som_train_track2_3321,War zxp.darisLooow hadiii Laguuu sooo raaaco feeera waYnaHa . Calll me anaaa kuuu jabinaya kiiiseee,0,0,0,0,0,0
som_train_track2_3322,USER waaa markiii ugu horaysay arko sawirka Dr cirrro ooo cadhaysan waxaaan Mudane waaad aragtaaa sida wax u socdaaan iyo sida ay u tahay nina nin u jooojin maaayo 13 November waaa malin aaan ku sugayno waxaaad yeeeli dooonto Guuulayso madaxwayne URL,0,0,0,0,0,1
som_train_track2_3323,Tusaaale ahaaan marki laqorayo (tum) ooo ah adiga (tere nam) ooo ah magacaga (mere nam) ooo ah magaceygu qoral ahan erayada ana iska lenahayna waxa kamida sida (cajiiib sax qalad) (ha lakin likin)aye ugu dhawaqan (dugaaan) (kooofi) (shaaah) iyo in kasiii badan,0,0,0,0,0,0
som_train_track2_3324,"Ismail Burgabo walaaal wad ku amaaanantahay howlgalinta warbahinta #burgabomedia ooo ah warbaaahin aaad ku beeegsato baaahinta arimaha xiiisaha leh bulshada. Intaaas ka dib, qisadaaan waaa tiii iiigu xiiisaha badnayd, waaayo waxay kulansatay farxad iyo murugo, waaana sababta ay q",0,0,0,2,0,0
som_train_track2_3325,Ader intad siyasada u kadiso godey muqalo qurux badan ka so sameee sidad qabridaharba uga smyso 🙂🙂🙂,0,0,0,0,0,0
som_train_track2_3326,Dowladdda Kenya ooo si rasmi ah u aqbashay xukunkiii maxkamaddda ICJ eee goaaanka loooga gaaaray murankiii ay gelisay badddeeennna,0,0,0,0,0,0
som_train_track2_3327,so dhawada marka mmm,0,0,0,0,0,0
som_train_track2_3328,@@@burburcade7908 mahadsanid wlllo hada wad jogtaaa somah,0,0,0,1,0,0
som_train_track2_3329,Cetirizine waaa kiniiin aaan sababin in si deg deg aha sonkorta qofka hooos ooogu dhacdo eee bal amad vego 1000 mg ka horaysisay ruuunta iska sheeeg kininkan freee form debtis,0,0,0,0,0,0
som_train_track2_3330,Inaaalilaaahi wa inaaailayhi raaajucuuun kulu nafsin daaa iqatul mawt Allle naxariiistiii jano hakawaraaabiyo Waaa dhacdo ito geeeri xanuuun badane,0,0,2,0,0,0
som_train_track2_3331,USER Waaa arin aaad loooga fajaco ooo naxdin badn,0,0,0,0,1,0
som_train_track2_3332,Labo rakaco ayan tukanaya wax yar isuga kuyeh wlhi prank murugo leh😢😢😢,0,0,2,0,0,0
som_train_track2_3333,Dadka la dulmay iyo kuwa dulmiya si isku mid ah ayaaa looo dhacay dadnimadoooda   Nelson Mandela URL,0,0,0,0,0,0
som_train_track2_3334,USER Ilama aha in Farmaaajo jacayl u qabsy khawaaarijta lkn adaaa Khawaaarijta beeertay ooo qarsada  Farmaaajo shalay markaaad wasiiirka ahayd isir nacayb kuma jirin lkn hadddaaad ku aragtay 70 jir aaan qadiyad lahayn qiiimo ma leh  Hashu geeela iyaaa contact ooo cabaaaddda weeeye hadalkaaagu,2,0,0,0,0,0
som_train_track2_3335,Xasan Gaaajo dhiiig kar kudhacay hadalki farmaaajo darti 😂moshin is coming sooon 🙌,0,1,0,2,0,0
som_train_track2_3336,USER ILAAAHAY ha u naxariiisto musiiibo dhacday beeey aheyd cid ka badbaaaday ma jirto qaaar rasaaas lala dhacay iyo qaaar madaaafiiic uuu Afweyne ku garaaacay beeey ahaaayeeen Muqdisho dadkiii ku nooolaaa,0,0,2,0,2,0
som_train_track2_3337,mahadsanid sxb maracade,0,0,0,1,0,0
som_train_track2_3338,Dadku waaa inay sida ninkaaas u dhawrtaaan sharafta iyo karaaada   Dadkoooda dalkoooda diiintooodana dayicin Bal fiiiri hadafka uuu gaaaray quruxdiiisa geeesi geeesi dhalay,0,0,0,2,0,0
som_train_track2_3339,Manshaaa alllah wa war farxad leh mahadasnid Wlll dadalkada,0,0,0,2,0,0
som_train_track2_3340,Rag ayaaa idinka ooo dhooola cayadaynaya idin dhacaye ayaaara iska samara,0,0,1,0,0,0
som_train_track2_3341,Halkaaas markay marayso dadbadan buuu wareeer ku dhacaaa beeelcaaalam inoooma taliso somaliyeeey cabsida iska taaaya. Somaliya waaa wadan xor ah taladiiisana sooomalibaleh. No neeed faragalin,0,0,0,0,0,0
som_train_track2_3342,USER CBBB are here to help you and defend you Adeeer please cadowga ha eee no jabin MakeSomaliaGreatAgain wn isku filan na hay shisheeeye uma baaahnin hore an uuu Soconoh sheikh ba ku Daley ilahay ka baq ooo Somalia ooo dhan ba ku bahan URL,0,0,0,0,0,0
som_train_track2_3343,Shaqo fiiicaaan ooo lagu farxaaa qabtay buuurgabo masaaakinta iyo dadka jilcsan ooo aaad garab siiiso waaa guuul aduuun iyo mid akhiro ooo aaad gaaartid ilaaahay ha ka ajar siiiyo hoooyadas way dhibanayd inay farxadana qayba ka qadatay halkaaas ka siii wad 🙏,0,0,0,1,0,0
som_train_track2_3344,USER Sooomaaaliyey ma saaan aaa idin danbaysay dharkaba dhigta markan kolay DIIINTENI ISLAMKA IYO SUNADI NABIGA DIIIDENE Kuwa cawaaanta ooo Aan Dharka Sidan aaa idin dhaaamo markan  No diwladnimo No kala danbayn Waaa dad isku wada jin ka ah xaga caqliga fikirxumida anooo Reeer hbl ah Iyo landhernm,0,2,0,0,0,0
som_train_track2_3345,Maxaa dhacaya marka xildhibaan uu kursigiisa waayo?,0,0,0,0,0,0
som_train_track2_3346,Burgabow mesha waaad ku fashilan tahay Ee Barashada Saxafada iyo Habka waraysiyada looo Qaaado Sooobaro,0,2,0,0,0,0
som_train_track2_3347,"Asc Wr wb Sxb Cabduqaaadir ""Darisle cabdi"" Nin yahow waxaaan kuuu wadaaa #TALO Ee bal ila arag.   Waxaaad tahay Nin Youtuber ah ooo Xirfadddaaan aaad ugu fara dhuuudhuuuban kuna fircooon, badanaaa Waxaaad Sooo dhigtaaa Vedio kuwaaas ooo ah kuwo dadka dhaqanka doooriyey aaad ku dh",0,1,0,0,0,0
som_train_track2_3348,"Waqtiga salaadda waa mid aad u dhib badan, waxaa laga yaabaa inay noqoto dagaalkii aduunka ee 3aad. ",0,0,0,0,2,0
som_train_track2_3349,Lkn maaanta codka mxaaa kudhacay,0,0,0,0,0,0
som_train_track2_3350,Fashilka Hasssan Guuurgurta waaa iska casdyahay,0,2,0,0,0,0
som_train_track2_3351,"alpha farah alpha , iyo dhilo nuuura👺👹👿☠💀 orda futada u dhigta .meeelahaaad isu barateeen eee leydinku farafareyn jirey gun yahay nacaladiii ilmo dhilo. Kaligey baaan idinkaga cabaaadin fuley baaa lagu yaqaaan iney dhowr isu sooo raaacaaan badowyey",2,2,0,0,0,0
som_train_track2_3352,Labo walaaalo ah ooo maaadiyahoooda kasooo dhaaantaynaya guuulaysta farxada allle haydiiin siyaaadiyo URL,0,0,0,1,0,0
som_train_track2_3353,Cali salama waxa dilay yahuuuda aya dishay 1973 markiii uuu   fashiliyyy   basasadiii amiiina almufti,0,0,0,0,0,0
som_train_track2_3354,"Dadku markay ducaysanayaaan waaa inay Allle talo saaartaaan ooo ay yidhaaahdaaan Alllaw annnagu ma doooran karneee adigu nooo dooor,markaaas buuu Allle cidddiii u khayr rooon xukunka ugu dhiiibayaaa.hadayse waxeeenu noqdaaan nin jeclaysi iyo nin nebcaysi waxa dhici karta in kaaad",0,0,0,0,0,0
som_train_track2_3355,USER Hon Sahre asc waaan kugu hambalyaynayaaa in aaad ahayd halgamaaa weyn ooo aaan aqaaanay ilaaa 20001 iyo maaanta in aaad tahay qof qadiyad leh waxaaan kuuu rajeyn in aaad u hiiiliso ummmada sooomalaiyeeed iyo gaaar ahaaan kuwa gobolada sssc aaan hubi in aaad gudanayso waaajibkaaaga mahadsanid,0,0,0,2,0,0
som_train_track2_3356,Jabuti waxa ey no qabatay wala ogyahay haba ugu ey horeyse shirki arte balse qof xaqiiiqada u hayo malaho qaladka ey jabuti naga sameysay hada o an ulenahy wa cadhow oyinta orgiga ka weyn marki jabuti latahay o ururka IGAD lo xilsaray gudi baro arinta Kenya iyo somalia unbe somal,2,0,0,0,0,0
som_train_track2_3357,Cabsi cabsi wlhi kan prank wuuu dhafay😅😅😅,0,0,0,3,0,0
som_train_track2_3358,USER Waxaaan hadalkaaa kafahmay inaaan meeel uwada socono lkn aaana is fahmin mahadsanid  _ _ _,0,0,0,0,0,0
som_train_track2_3359,Cabsicabsi waye,0,0,0,0,2,0
som_train_track2_3360,Raggga haaa ogaaadan in ilmo walba hoooyaded uuu fcn thy dadka edo uqaba in ay ilmo la korin karto ku qosta 🥰🥰🥰,0,0,0,0,0,0
som_train_track2_3361,Qofka aan weli guursan maxaa doobnimadu loogu ceebeeyaa?,0,0,0,0,0,0
som_train_track2_3362,Hada asagu hoool baaa ka dhacdo muxuuu heees kufalaaa xiftin teeeda,0,0,0,0,0,1
som_train_track2_3363,Ma 2 sano ayey kugu qaaadatay inaaad garwaaaqsato hoooga iyo halaaaga ku dhacay wixiii umada wada lahayd ?,0,1,0,0,0,0
som_train_track2_3364,USER Allle ayaaa ka ilaaalinaya laaakiiin cidaaas waaa dhinteeen mana filayo in ay nooolaaanayaaan hadiii aaan somali allle ubixin manafilayo hada iyo hadddhow in caaawinkaro qofba meeel ayuuu afka saaaray hooobariiiska kadhacday,0,0,0,0,0,0
som_train_track2_3365,Waxaaa jira waqtiyo adag ooo nolosheeena ka mid ah ooo aynu raaadadkoooda ku dabooolno dhooola cadeyn ayadooo ay tahay inaaan la qarin karin xanuuunka marka aaad nafsad ahaaan u dhaaawacanto Waxa aaad arkaysaaa dareeeno kala duwan ooo murugo baqdin iyo welwel xambaaarsan  URL,0,0,1,0,0,0
som_train_track2_3366,Hado so dhacay idirisle rag waaa ragi hore ooo ilka ha iska dadin jiray wlh ben ma han inta igu rac san like igu qado,0,0,0,0,0,0
som_train_track2_3367,Asc   wlllalkey iga yaraaayow 🥰🥰🥰hada ayaaan so dhacay shabkax wab😂😂😂waxaaana isooo gamay ooo aaan ka socdaaa xogmaaal media hore u soco and thanks.,0,0,0,0,0,0
som_train_track2_3368,USER Dusha wey Ka qurux badantahay balse marka aaad dhex lugeynayso urta iyo usgaga iyo wado xumida hadaaad ogtahay sawirkaaan maaad sooo dhigteeen,0,2,0,0,0,0
som_train_track2_3369,Run ahaaan tiii magaran karo inay wlll yihiiin io in ay isku dhexeeenU jeeedkayga ayaaa waxa uuu yahay markastoood aragto fmly sidaaan u quruxbadan Hadaaadan xaaasid ahayn waxaaa markaaaba dareeemaysaaa farxad mn sha alllah URL,0,0,0,2,0,0
som_train_track2_3370,Ilahaybaaa nala jiray manta guuusha aaan guuudhnay eee maxad ugu so qori wayday Dp world eee ka cidhibtirtay koooxda casimada eee dawlada hooose cunsuriyow,0,0,0,2,0,0
som_train_track2_3371,Ninkan xuquuuqda copy right ayuuu meeel uga dhacay,1,0,0,0,0,0
som_train_track2_3372,Sawirrro Sideee Madaxweyne Xasan Sheeekh looogu sooo dhaweeeyay magaaalada Arusha   URL URL,0,0,0,0,0,0
som_train_track2_3373,Waaa hooos udhac weyn markay Sidan okale dhacdo dhaqalayahanada waxay dhahaaan qofka cash shilin Kenya ama baceeedo haysta ayey faaaiiido utahay,0,0,0,0,0,0
som_train_track2_3374,USER Waxeeey abaaabulaaan isku dir iyo dad Kala qeybin iyo muaaamarado tuhuno ummmada la isaga horkeeenyo ilaaahey ayaaa fashiliyo maskasto rabbbi talo ku filan anagane runsheeegid aqoooni ha jirto,0,0,0,0,2,0
som_train_track2_3375,Naaagaha somaliyeeed gidigoooda ooo dhan baaa wada wasakh socota ah fuck you alll somali girls,0,2,0,0,0,0
som_train_track2_3376,Maxay yihiin ciidamada soo galay Garowe iyadoo laga cabsi qabo inay xaaladda sii cakiranto?,0,0,0,0,0,0
som_train_track2_3377,"Bulshadu way ku tabtay masuuul magacaaaga iyo meeeshaaad jooogto ma aqaaano lakin chanelkan aaad baaan ugu xidhnahay, ku mahadsanid sidaaad nooogu sooo gudbiso cilmigan caaalamiga ah",0,0,0,0,0,0
som_train_track2_3378,Ogaaalka maaanta vlog haye wlll kuuu saaaray sooo dhawooow 🤗,0,0,0,0,0,0
som_train_track2_3379,Waxaaan u baaahanahay inaaan tago miyiga si aaan wax uga sooo barto dhaqankeeena Suuuban gaaar ahaaan dalaga amp duuunyada lkn nasiiib darrro miyiga ay reeerkeygu degaaan Arsenal baaa heysato  Bal Miyi dadkiiisu sooo dhoweynta ku wanaaagsan yihiiin ooo aaan cunsuriyad ka jirin iii tilmaaama aaan boooqde,0,0,2,0,0,0
som_train_track2_3380,Madaxweyne USER wuxuuu yiri XararDheeere aaan isugu immmaaannno Ceeeldheeer na waaa guuul farxad leh  URL,0,0,0,2,0,0
som_train_track2_3381,Maracadow sxb Waxaaa iiigu yaaab badnaaa jacaylka aaay u qadau gaaalkas yuhudiga ah talow muxu cabsiiiyay mise wuuu sixray yaaab waxaaa kalooo iiigu murugo badnaaa markay garowsatay khaladaaadka ay gashay   lakin hadaaan diiintena u noqono ilahay wuxuuu ina leeeyahay ninka gaaalk,0,0,0,0,0,2
som_train_track2_3382,Dukaamo lagu rakibay qalab tuugada aqoonsan kara,0,0,0,0,0,0
som_train_track2_3383,Wan ka nasaty saaan labo gabdhoood ban siii dhaweye,0,0,0,0,0,0
som_train_track2_3384,Waxaaan u duceeeyaaa maaalinta ay shareeecada Sooomaaaliya xukunto  Cadaaalada Allle waaa taaam URL,0,0,0,0,0,0
som_train_track2_3385,Waaa talo qurux badan lkn ina farmaaajo inuuu qaaadan ilama aha,0,1,0,0,0,0
som_train_track2_3386,"Colaadda Ukraine iyo Ruushka: Madaxweyne Biden ""Putin wuxuu go'aansaday in uu weeraro Ukraine""",0,0,0,0,0,0
som_train_track2_3387,Inaaalilaaah wa in ilayhirajicun allle ha unaxaristo inta dhimatay inta dhawacna how bog dhayo😭,0,0,2,0,0,0
som_train_track2_3388,Mid kamida dadka fuqorada ayaaa yiri waxaaan oooynaaa sanadkiyooo dhan markiii aaan qosolnana waxay naga qaaadaaan sawiro waxayna kusooo qoraaan farxadu uma baaahno lacag URL,0,0,0,0,0,0
som_train_track2_3389,Fursad Shaqo shaqayso ado gurigaaaga joooga iyo gooob walba iyo meeel walba aaad jooogto ha noqon shaqeeeye dhaqada ma dhargaaana noqo shaqaysteee isku filan dhinaca walba hdaba linka ga hooose ku dhufo si aaad wax badan u ogaaato htttps:///chat.whatsappp.com/IHHHcj1y6aveKPLl5pMQ,0,0,0,0,0,0
som_train_track2_3390,USER Markaaa u fitnada wado sowkiii afdheeera eee xooog weynaaa eee baq baq badnaaa marka looo sooo jeeestoooy masaaakiiin noqdaaan waleee oooyi dooonow aaayar jooog ku kastooo bila asalaba uuu iska sooo dhigtay wayba u sooo baxaysa calankan rag iyo dumar baaa u dhintay ooo ilaaalsanya,2,1,0,0,0,0
som_train_track2_3391,Marka waxa uuu sheeegayo laga yimado wiiilkani waxan ku dari laha anigu in wadaaadu ay lacag jecel yihiiin ooo shilin aaaney dhafin,0,1,0,0,0,0
som_train_track2_3392,Boqor Burhaaan Boqor Muuuse ooo kamid ah Isimaddda Puntland ayaaa maaanta Maaamulka Degmada Qardho ku wareeejiyay ku dhawaaad kun Qoys Raaashiiin ku filan taaas ooo looogu talagalllay Qoysaska Danyarta ah kuwaaas ooo u Saaameeeyay Daaadadkiii kusooo rogmaday Qardho Bishiii lasooo dhaaafay eee October  URL,0,0,0,0,0,0
