text_id,text,Anger,Disgust,Fear,Joy,Sadness,Surprise
emakhuwa_3_00001,Miniixituru suuli Afirikaano a Exariya onoorowa ohoolela nivekelo yuluuliwa  oveleeliwa wa Manuel Chang,0,0,0,0,0,0
emakhuwa_3_00002,Anamathokoca a weexiipitu annilaleerya esiiri ya ''muumiya onikhuwela'',0,0,0,0,0,2
emakhuwa_3_00003,Mwaakha wa 2014 waari wootepexa oviha wookhumaru mwaaakha wa 1880,0,0,0,0,0,2
emakhuwa_3_00004,Parasiili oomooniherya noovela a Wankoola wa ekwaha yoopacerya,0,0,0,0,0,2
emakhuwa_3_00005,Mapuluusa a epooma ya Sofaala annaalamu atthu otheene wi woomala nkhalelo wa atoropa waaveleela atthu muxitaraata Muxumkwe - Saave.,0,0,0,0,0,0
emakhuwa_3_00006,Kasakixitawu onookela omwaatotari alifapeetu latiinu vavinraaya miyaakha 70,0,0,0,0,0,2
emakhuwa_3_00007,Mosampiikhi ni Tansaniya anikela ovarasa hoothe wiira amalihiwe anahasara aniiva elapo ya oKhaapu Telekaatu.,0,0,0,2,0,0
emakhuwa_3_00008,"Malepa, ikoma ni osuwela opaka itthu sinooniherya elapo ya Parasiili.",0,0,0,1,0,0
emakhuwa_3_00009,"Kuveerunu ohaana okoha kohaka wowaakuveya soottheka sa ekhotto sa oKaapu-Telekaatu, oleveleliwa soottheka wa ilapo sa okhopela.",0,0,0,0,0,0
emakhuwa_3_00010,Wiraana esiivika eneeteteela muteko oniwanana miyaalaano sa Mosampiiki mwaha woohivaha ihapari.,0,0,0,0,0,0
emakhuwa_3_00011,Mapuliisiya a ilapo sa okhopela enihima mitthaka  siaavirikanya axitokweene a imphira ni ahooleli aya.,0,0,0,0,0,0
emakhuwa_3_00012,"Ni ohikhala murettele ni wiilyiha, Asiiya Senteraale onimwireherya wiirelaka mwaha sa muteko okhanyereriwa ni opotthana wa mukhoveni",0,3,0,0,0,0
emakhuwa_3_00013,Waakiherya onivekiwa otaphuliwa wa waakuveya wa mwaana a namalepa akhalayi a muhooleli mukhulupale akhalayi a elapo  Gebuza,0,0,0,0,0,0
emakhuwa_3_00014,Mosampiikhi oneettela ixikola soohikhala sa kuveerunu mwaha woohikhala ivaaka ixikola sa kuveerunu.,0,0,0,0,0,0
emakhuwa_3_00015,Makineesi anivekrla okkuuruwa wa Muhooleli wa Elapo,0,0,0,0,0,0
emakhuwa_3_00016,Mahiku  ari  19  mweeri  wa  Netha  ni  miraaru:  Olumwenku onattittimiha ikonto  sa  anamuteko  oothunku,0,0,0,2,0,0
emakhuwa_3_00017,Muhooleli a ookhalayia a eminixiteeriyu ya exariya Mmosampiikhi onookhala mukhatteya miyaakha miili.,0,0,0,0,0,0
emakhuwa_3_00018,Ofisina wa elampata ya makhura ya miyaakha 1.700 yoophwanyiwa mukano wa Ixirayeeli,0,0,0,0,0,2
emakhuwa_3_00019,Nikhuuru na  amopopihi maparasileero anilapha ohivonyola ni otharihela mitumereryoo  Exitaato yamwisilamu,0,0,0,0,0,0
emakhuwa_3_00020,Repupilikaanu ti othanliwe EUA nookhwa,0,0,0,0,0,2
emakhuwa_3_00021,Mosampiikhi : Maniika onitthikela okhala Ephiiro ya alipo otupha mikaano ohitthariha ikettelo,0,0,0,0,0,0
emakhuwa_3_00022,Brasil oopakelela ekolone ya enyompe yoowoopopihiwa omalamalihiwa,0,0,0,0,0,2
emakhuwa_3_00023,"Kintthuna okhaliherya ohela  nsipo waMosambique molumwenkuni"", Chico Matada",0,0,0,1,0,0
emakhuwa_3_00024,KOVIIT-19 Parasiili : São Paulo onoorowa wuuhula makhuva wiira otthokihe opuro mmahiye.,0,0,0,0,0,0
emakhuwa_3_00025,Mukumanelo wa Mourinho vs Guardiola onnimukhomaaliha funti Oxipaanya.,0,0,0,0,0,0
emakhuwa_3_00026,Mapuluusiya annivanyiha wonaneya otthekulela oPonta wo Rastinka,0,0,2,0,0,0
emakhuwa_3_00027,Vookhala isiipo sinikhoottihiwa ni maasu Orimeela wAnkoola,0,0,0,0,2,0
emakhuwa_3_00028,"Niehasaara ya Ayotzinapa, enoorowa okhala ethale yoroowa otthikela oMeexiku?",0,0,0,0,0,0
emakhuwa_3_00029,Kometa a Iyakha Emiya onnittettekha waaviraka vakhiviru wa elapo,0,0,0,0,0,2
emakhuwa_3_00030,"Wuupuwelaka Bokator, oorattela owanana wa oKampooca",0,0,0,0,0,0
emakhuwa_3_00031,Mwaaha sa omoora wa muhakhu wa Matakaaxikare,0,0,0,0,0,0
emakhuwa_3_00032,Mapurokuratorore aakumiha okaxari envirikanya namapaka Jussie Smollett,0,0,0,0,0,0
emakhuwa_3_00033,Nahapaari ni mulaleeryo ankolaano Rafael Margues otthikela okilathiela munyukhu alipo atthukiwa mwaha woothokosa miriira sa makwankwa,2,0,0,0,0,0
emakhuwa_3_00034,Mwaniini a opuro enisukiwa anamwane ni Ixaariiti sanamwane anilaleerya ohikhalana musurukhu muttetthe o Wiila,0,0,0,0,2,0
emakhuwa_3_00035,Mamosampikaano ahaatthikiherya masuuli afiriaano,2,0,0,0,0,0
emakhuwa_3_00036,Vathi wa ephareya Yooriipa ennivitha epooma yoosamihiwa ya miyaakha 6.000,0,0,0,0,0,2
emakhuwa_3_00037,Mamineyiru a mmosampiikhi anihimya wiira apasapooriti piyomeetiriku kahiyo oolipaneya.,0,0,0,0,0,0
emakhuwa_3_00038,Mapuliisiya athanu ni mmosa atthukweliwe mwaha wa owiiyera atthu misurukhu saya,0,0,0,0,0,0
emakhuwa_3_00039,"MDM  anaaniherya ""ottharatthariwa ni epoliitika"" otupheliwa wa mempuru awe oZampeeziya",0,0,0,0,0,0
emakhuwa_3_00040,Namaphuka milattu a Etiripunaali Yuulupalexa ya Elapo ya Omosampiikhi onivekela mwaakiheryo ooreera wa maxixitaraatu ni amusi aya.,0,0,2,0,0,0
emakhuwa_3_00041,Mweene a nikhuuru G7 olaleeya namathnau yeela ovaaha mwattelo ovikana imilyawu ekonto sa itoose sa mwapoopwe.,0,0,0,3,0,0
emakhuwa_3_00042,Otaphuwa ilavuleelo Siri sowoopiha novera Venesuweela okumiha CNN ya exipanyoole mmulakani,0,0,0,0,0,0
emakhuwa_3_00043,Ni viira ataake mmosa  a etooroni ophiiye Watertown?,0,0,0,0,0,0
emakhuwa_3_00044,Kuveerunu omosampiikhi oneneerya mutumereryo wiira Okweeherya wetta wa miteko.,0,0,0,0,0,0
emakhuwa_3_00045,Netizen Report: Wooviwa sa  ‘Fake News’  onikweherya malexixiratoore oFaraasa ni Parasiili aniphavela okuttuleela wixeetta wabinamuuno soolavulz vahinatthi amwaathanle,0,0,0,0,0,0
emakhuwa_3_00046,"Ohookhwa José Mário Branco, ovuwiheya wa nsipo na oportukaale ni na ekhotto anti-fasixita",0,0,0,0,3,0
emakhuwa_3_00047,"Muleeleya, Manuel de Araújo oohiya ohoolela munisiipiyu ooKelimani.",0,0,0,0,2,0
emakhuwa_3_00048,Muraarelo Owulaana anilaleerya makwankwa muhina mwa itumereryo sa mireerelo sa finaasa Wankoola,0,0,0,0,0,0
emakhuwa_3_00049,Kuverunu a oMosampiikhi oopaka axensiya enwana ni esuruma.,0,0,0,1,0,0
emakhuwa_3_00050,Mulipa oowereyiwa a neeraru ookhalana HIV onikhala ntoko oovonihiwa AIDS,0,0,0,0,0,2
emakhuwa_3_00051,Ekeekhayi aka: Masooso omaalihiwa oKuupa,0,0,0,0,0,0
emakhuwa_3_00052,Aaphwanyiwa mahiye a anamwane a mathaaciri a Impeeriyu Inka ookhalana miyaakha 500 Operu,0,0,0,0,0,2
emakhuwa_3_00053,Nawiiye ohiiya ekarotoola ya maaxiku ni namarokolo muhina,0,0,0,0,0,2
emakhuwa_3_00054,"Nkhulupale, Dilma khakhanle  okathi apaceriwa mphira yoola wa elapo soteheene (Cooku Olimpiku)",0,0,0,0,0,0
emakhuwa_3_00055,Barack Obama ni Raul Castro ahimasa wiira ilapo saya sovarana opathani.,0,0,0,0,0,0
emakhuwa_3_00056,Mosampiikhi: Ekumi ya Samora Machel  eri mpanta tesenyaata.,0,0,0,2,0,0
emakhuwa_3_00057,Nlamulo nisya na wUkaanta niniwehererya ehukhumu yootthukiwa wa alipo anithelana ariina ekhove emosaru,0,0,0,0,0,0
emakhuwa_3_00058,Kuveernu mosampikaanu onincerera esisapo ya ephaawu paahi eyaakha ya 2017,0,0,0,0,0,0
emakhuwa_3_00059,Koviti-19: ennincerereya peresawu wa muhooleli wa elapo wi othorihe mukhakelo wa emerixensiya,0,0,0,0,0,0
emakhuwa_3_00060,Palmas oomuthanla exitaranxeyiru oopacerya wiira weettiheryeke ekapitaali parasileyira,0,0,0,0,0,2
emakhuwa_3_00061,"Vookhala Mohaawani orooka otheneeri: mpantte a mwaana latiinu- Amerikaano, ekokhola khasinikhalakhala ihalaka mphironi mwanisiipo",0,0,0,0,0,0
emakhuwa_3_00062,"Waakhula woohinroromelo wa polokeero a Koviiti-19 oXiina"" nanikooto nookhiserya"".",0,0,0,0,0,0
emakhuwa_3_00063,Muhooleli ohukwumwa mulattu wa makwaankwa mMosampiikhi onitthikela wiirela Mpantta wa munyukhu awe akhalayi nuumala okhuma watthukiwe awe,0,0,0,0,0,0
emakhuwa_3_00064,Isiipo sa wisuuliha swiilipiha oKheeniya ni Afiriika ti Suuli,0,0,0,0,0,0
emakhuwa_3_00065,"Liipiya: Mwattelo wanookwa ohuncerereya orooka 6.000, EUA onisoomwa manamuna owiirela mpantte",0,0,0,0,3,0
emakhuwa_3_00066,Kuvernatore oKaapu Telekatu otthokiha makhuru owehaweha akhanle okhaliheryaka miteko sothoriha ikhotto,0,0,0,0,0,0
emakhuwa_3_00067,otthika wa Luis Bernardo Honwana,0,0,0,0,0,0
emakhuwa_3_00068,Sonta Ruusa oomorela Opasiifiku ovonyenle mukwaha a Omaariti,0,0,0,0,0,2
emakhuwa_3_00069,Meeka-Seena ni Lotofaasili animalela olivasa itthuvo soowaatta musurukhu nihiku nna na mutivela,0,0,0,0,0,2
emakhuwa_3_00070,Wuumalani wa esumana ela ennirowa olamuliwa moonelo wa nlikwiti nenla niwiivale atthu ophiyelela 73 elapo ya OTeete.,0,0,0,0,3,0
emakhuwa_3_00071,MDM ori omuthukumanoni ni sekeretaari muulupale  mukapwitthini,0,0,0,0,0,0
emakhuwa_3_00072,Mulipa onikhala EUA oothuma ipilyeti 20 sa elotariya ni ooxintta ivaara 20,0,0,0,0,0,2
emakhuwa_3_00073,Namapaka Will Smith ohuteererya akatemiya ya Hollywood,0,0,0,0,2,0
emakhuwa_3_00074,"Khaapu a Puliisiya Militaari toiri Opacerya ohukhumwa mwaha wa "" ikhirime sa Maayiyu""",0,0,0,1,0,0
emakhuwa_3_00075,Mosampiikhi ori hoothe ni Afrika tu Suuli wiira atthukweliwe atthu eelapo ni musurukho mmatatani onooneya,0,0,0,0,0,0
emakhuwa_3_00076,"Mosampiiki:    elapo ela ennooneya onyaareya wala omora wa metikaali, muulumo ala alavuliwe ni FMI.",0,0,0,0,0,0
emakhuwa_3_00077,KOVIT-19 : Nyusi onoopopiha otumereerya miphimo sowaatta soowalamela soluttelelana ni axiitthukorona,0,0,2,0,0,0
emakhuwa_3_00078,"Mphira  yoola onirowa ottikhiwa eyaakha ya 2015: Kuveerunu oniroromela elapo ya Parasiili wi awaakhelela atthu ni anammphira a elepo sikinaaku, nkhalelo woreera murina onnaakiha elapo ya Parasiili mwaha itthu seyiye sihimmwale.",0,0,0,0,0,0
emakhuwa_3_00079,ANP onilaleerya muupululo wa ekampu enitthuna okhala yoowinnuwexa olumwenku wootheene,0,0,0,0,0,2
emakhuwa_3_00080,Mukhalelo wa ekolooniya emoosa saalipo a Marietta oMiyamaare,0,0,0,0,0,0
emakhuwa_3_00081,Kim Kardashian ohiiyeriwa imilyawu soophiyeryaka 10 sa ewuru,0,0,0,0,0,2
emakhuwa_3_00082,Nyusi othuniheryaka ololasa wa mwaathanle waamakhulupale,0,0,0,0,0,0
emakhuwa_3_00083,Okhuma #BlackLivesMatter mpakha #VidasNegrasImportam: Miruuku mmosa oniwanana soohinya sa alipo opottha ni manyoho amapuliisiya,0,0,0,0,0,0
emakhuwa_3_00084,"Trending: Lakers axintta ekwaha ya namuloko ni thannapiili, LeBron ti MVP 2020",0,0,0,3,0,0
emakhuwa_3_00085,Korosaasiya:“Feral Tribune yoowala milaako,0,0,0,0,0,0
emakhuwa_3_00086,Muphuki  oothoriha ommaliha mphira mwaha wa nsuwa nahaareere woopa ampakha 32 wa ikarawu,0,0,0,0,0,0
emakhuwa_3_00087,Meeka-Seena oottotteliwa onivaha olelo etthuvo ya imilyawu 100 sa R$,0,0,0,0,0,2
emakhuwa_3_00088,EUA ohinteererya mukwaha wa  Blinken oorowa Oxiina nookhumelela epalawu mixiteriyoosu Vamontaana,0,0,0,0,0,2
emakhuwa_3_00089,Nikhuru  nenla  niphuka   exariya wala  milatthu  saatthu  elapo  ya  OMosampiiki  amuhimya  namattheka yoola amwiivale mulopwana yoole  ompuka milattu.,0,0,0,0,0,0
emakhuwa_3_00090,Nakoso oohisuwanyeya onaalela amwaavano Wamphula,0,0,0,0,0,0
emakhuwa_3_00091,Mamexikaano onikhanyererya otthika  ni mulipiheryo wacasoomi orimeelasa,0,0,0,0,0,0
emakhuwa_3_00092,Yoosoma iisya ya mutthenkeso ya OMS anihinya wii mmosa wa khuta athiyana araaru anihaawa mwaha wa nihasu na omana ni oraruxiwa,0,0,0,0,0,0
emakhuwa_3_00093,"Timoore -Leexiti ophavaela oheepwa""onxoore""mulaponi mme ni mwatanelo wa CPLP",0,0,0,0,0,0
emakhuwa_3_00094,Elaka na Ihapari yoorimeela mpankani noomala ovuwiha mulaleeryo wa mwaha wa makwankwa oMosampiikhi,0,2,0,0,0,0
emakhuwa_3_00095,"Muruweryo Amolumwenkuni: athiyana oovarelana ni Osiikhini,muteko ni sookopha",0,0,0,0,2,0
emakhuwa_3_00096,Mukhulupale a mMosampiki ottikela wompererya wiraana,0,0,0,1,0,0
emakhuwa_3_00097,Mapuutu onikhupaarela Muthukumano Olumwenko mpantta wa Muretteli,0,0,0,2,0,0
emakhuwa_3_00098,Woova ni owehawehiwa wAankoola : Esenteraale 7311,0,0,3,0,0,0
emakhuwa_3_00099,Wamphula woohikhala maluuxu mahiku oophiyaka 18.,0,0,0,0,0,0
emakhuwa_3_00100,Niira na ikhamparawu ninaalamula atthu epooma ya Vilankuulu.,0,0,0,1,0,0
emakhuwa_3_00101,Mosampiiki: Othipeya wa ixitaraata enaaruuhela nkhalelo woreera  atthu yaale ohaawa.,0,0,0,0,0,0
emakhuwa_3_00102,Mutuphelo wa atthu oowikokotta n'aakapwitthi yootharamula okhwa wa mwaana oKoronkoosa,0,0,0,0,0,0
emakhuwa_3_00103,Mukulukhana  aatthumele myaaha  wootupa  wa  mwaxiitthu  koroona  musya  Otthukiwa  Openkeela.,0,0,0,0,0,0
emakhuwa_3_00104,Olimpiiyata a Otookiyu mwakha wa 2020 onookela muhantisini mwaha wa okhalana aniixoona okhala LGBTQIA,0,0,0,0,0,2
emakhuwa_3_00105,Muvirikano wa ipheyo onitthikela wooniherya ekhoove awe soophova eyaakha ya 2015,0,0,0,0,0,0
emakhuwa_3_00106,Muhupi: nipuru na Kim Jong-un onookela ohalana murokorawe,0,0,0,0,0,2
emakhuwa_3_00107,Wamphula: Amusi aanamatthukweliwa annilavulasa mwaha wa miteko sa ukhatteya,0,0,0,0,0,0
emakhuwa_3_00108,Nakoso eriyari ya Faransa ni Mosampiiki pooti ophiya imilyawu 600 sa iweero.,0,0,0,2,0,0
emakhuwa_3_00109,Miitiya ni sowaanyiherya siniluluwana ni mukhaleelo wa makhuuli vooluluwana ni atthu ophattuwa ikuluuttu sa aAfiirika ayareliiwe OLixipowa,0,0,0,0,0,0
emakhuwa_3_00110,Mali onikhala ni ekirise okhuma woopowa,0,0,0,0,2,0
emakhuwa_3_00111,Liipanu: polokoxifeera siteteehiwe niwiraneya ataake omisarayeeli oFolotiilya sa oKaasa,0,0,0,0,0,0
emakhuwa_3_00112,"Nyusi ohoova wii ""makamarata"" omukhoottihiwa okumana ni Dhlakama",0,0,0,0,0,0
emakhuwa_3_00113,Maxeyooloku maxineexi ahoonenela esupuxityansiya orikaaniku mwa meteyoriitua Omaariti,0,0,0,0,0,2
emakhuwa_3_00114,Mosampiikhi: ilatarato sa muskeleeta taakisi oKhilimani,0,0,0,0,0,0
emakhuwa_3_00115,Efuntasawu Wikimeetiya ennimoothererya NSA wa eporokaraama awe ya evixilansiya yoowaatta,0,0,0,0,0,2
emakhuwa_3_00116,Mosampiikhi: pulisiya ohimiya owotororya muhakhu  oPonta wa ewooro.,0,0,0,0,0,0
emakhuwa_3_00117,"Muviitiyuni ya Yurhuupi, maayi onilaleerya munamuuna woopiha wa mukhaleelo oxipitaali wa anaxikhaani ya Ovenesuweela",0,0,0,0,2,0
emakhuwa_3_00118,Mukhalelo wa mukaakuveleni enipacerya ettiminku Okaapu Veerete,0,0,2,0,0,0
emakhuwa_3_00119,Opahuwa ennitutuxa miloko  sa exariya,0,0,2,0,0,0
emakhuwa_3_00120,"OMS, onikhanyaanya ni miriira sa axiitthu elaapo ya  an Tome   Piriinsipe.",0,0,0,0,0,0
emakhuwa_3_00121,NASA onnilaleerya moonenelo wa epalaneeta enikhaleya,0,0,0,0,0,2
emakhuwa_3_00122,Mosampikhi oohimya ephoole mwaha wa ophitanyihiwa sa ikartawu ATM,0,0,2,0,0,0
emakhuwa_3_00123,"Trending: Jeff Bezos, namathaaciri muulupale a moolumwenkuni, oopaka ipiliyayu 13 sa itoolare wa nihiku.",0,0,0,0,0,0
emakhuwa_3_00124,Onithipeleeleya ikhalelo sa owaali wa epuliitika oSan Toome Piriisipe ni mahiku Magali wa mpantte anaali wa Omuhooleli,0,0,0,0,0,0
emakhuwa_3_00125,Meghan Markle onihimya wiira waatoko omukhuma erukulu,0,0,0,0,2,0
emakhuwa_3_00126,Mapuro ale yaakhaliwa khalayi a moolumwenkuni animalela wooneneliwaka elapo ya Oturukiiya,0,0,0,0,0,2
emakhuwa_3_00127,Mphironi wa epooma ya Omaputu enirowa okarariwamo eviitiyu ya Beyonce.,0,0,0,2,0,0
emakhuwa_3_00128,Nihasu na vapuwani khanipwanyiha ikwove mipaatta sovirikana sa miteko sa Omosampiilhi,0,0,0,0,0,0
emakhuwa_3_00129,"oRiiyu ti Caneero,  ikuluutto yophunyeya mpantte wa exitaatiyu ya omarakaana yopwanyiwa ni oveexiwa viireliwaka olimpiiyata sa eyaakha 2016",0,0,0,0,0,0
emakhuwa_3_00130,Koviit-19 : Mukhaleelo wa miteko sa okumi  soohiloka onihela ilapo sa waafiriika muhina mwa ookasoopa .,0,0,0,0,2,0
emakhuwa_3_00131,Muhooleli a elapo ya aAfirika a oSuuli mwaha wa omaaleleya ni omala wa wahaaxa atthu a ilapo sinika.,0,0,0,0,0,0
emakhuwa_3_00132,Mosampiiki:Nlelo onimwiiraneya ekhirini yoowookotthiwa atthu voohihimiwa etthu.,0,0,0,0,0,0
emakhuwa_3_00133,"Nikhuru na atthu ahikhanle muhina mwa eparitiitu poliitiku ya mmosampiikhi anniphavela ""wa ehakhi ya mulipelelo"".",0,0,0,0,0,0
emakhuwa_3_00134,"Kanata:"" Orimeela"" wa athiyana mantiixina",0,0,0,0,3,0
emakhuwa_3_00135,Iitiiya: Polokeero omaalihiwa ni emisoora yaTV,0,0,0,0,0,0
emakhuwa_3_00136,Piyamwene Elizabeth ompaka Bill Gates okhala kavaleyiru,0,0,0,0,0,2
emakhuwa_3_00137,Atthu ankhala oMosampiikhi  animpheela passaporti woowiira akele  oKhopela ya wafirika,0,0,0,0,0,0
emakhuwa_3_00138,Ankoola elapo emosa enooniherya  evukuwa    mwattelo wa  Freedom Hause.,0,0,0,0,0,2
emakhuwa_3_00139,Neymar  ohimaleleya mwaha woomuweha namphira mmosa o .,0,0,0,0,0,0
emakhuwa_3_00140,"Musurukhu oyeehiwe ereheriwaka Efeera Interenasiyonaale ya Omaputu khunirowa okhuma, alavulaka anamuupuwela.",0,0,0,0,0,0
emakhuwa_3_00141,Orumeela Motaphulelani: Mwaha xeeni kuukele Mutaphuleeli onikhalawe onakosya ni eyoorupa ni mattaava makinaku,0,0,0,0,0,0
emakhuwa_3_00142,Vulukawu Kalupuuku oopacerya opinyuwa mukano wa Oxile noovira miyaakha 43,0,0,0,0,0,2
emakhuwa_3_00143,Nikhuru na BM noohakalala mwaha asuweliwa atthu yaala alyiiye musurukhu wa elapo ya Mosampiiki ''eteeni yohisuweliwa'',0,0,0,0,0,0
emakhuwa_3_00144,"Miriira sa otokhorasa etekwa onuunuwa oParasiili, mihuuru wAmasooniya othatuxa khikhala Khathoowa oLumweeku",0,0,0,0,0,0
emakhuwa_3_00145,"Ofalume Woowiiraana onithokosa ipanko sivanhe ""sookophiwa soowiipitheya"" oMosampiiki",0,0,2,0,0,0
emakhuwa_3_00146,"oPeru, mwaavano itiixina aniipasa rap voowanela Ninyoho noorupaniwa",0,0,0,0,0,0
emakhuwa_3_00147,Mwaha wa xeeni alipo ari anamalaleerya a mukhaleelo arwaaya wookothasiwaka?,0,0,0,0,0,0
emakhuwa_3_00148,Trump ootuphela eliivuru ya Bolton ole aari namakhaliherya awe ookhalayi,0,0,0,0,0,2
emakhuwa_3_00149,Soowuriwa siniruuhela ikuru sinniwereeha mayino,0,0,0,0,0,2
emakhuwa_3_00150,Manuel Chang ookootteliwa ohuleliwa okathi vakhaani,0,0,0,0,0,0
emakhuwa_3_00151,Omaala wa muxiittano Suuli a Amerikaano a Mphiira oniphiiya okhomoni ni nnyooho,0,0,0,0,0,0
emakhuwa_3_00152,Neeve nookhumelela Olixipoowa noovira miyaakha 50,0,0,0,0,0,2
emakhuwa_3_00153,Mapuluusiya a Witaaliya anthokosa makhuru maalupale aamphira mwaha wowanyihereriwaka otuphanyiha sa misokho.,0,0,0,0,0,0
emakhuwa_3_00154,Mosampiikhi aniphuka ninyooho nootepa na mireerelo muhina mwa ehantisi aya,0,0,0,0,0,0
emakhuwa_3_00155,Wa okhaliheryana wa murima wookumiha eyoolya.,0,0,0,0,0,0
emakhuwa_3_00156,Wa atthu oophiyeryaka 29 anikhala ovoliwa elapo ya Omanika.,0,0,0,0,2,0
emakhuwa_3_00157,"Venâncio Mondlane khaniira mpantta ""mwawutarikiiya"" elapo ya Mosampiiki.",0,0,0,0,2,0
emakhuwa_3_00158,Mosampiiki:Yoovahiwa ya imilyawu 688 sa itoolare para orosamento wa 2012,0,0,0,0,0,0
emakhuwa_3_00159,Mosampikhi: Rapper Azagaia onlipelela okohakohiwa nnya wohitthukweliwa.,0,0,0,0,2,0
emakhuwa_3_00160,Namakatelela Ana Marcela Cunha ooxintta ewooru ya Oparasiili elapo ya Otookiyu,0,0,0,0,0,2
emakhuwa_3_00161,Meesi muhina mwa empa ya xariiya mwaha  wa efarawuti fixikaale ya mposito o Pareseloona.,0,0,0,0,0,0
emakhuwa_3_00162,Mukhalelo woowalamela mmukanoni eriyari ya Mosampiikhi ni aAfirika a oSuuli,0,0,0,0,0,0
emakhuwa_3_00163,Kuveerunu ni Renamo aneetetela mivaanelo voohikhala alipa olapelela,0,0,0,2,0,0
emakhuwa_3_00164,Wikinotícias ni ekunya onnivikana Wikinotícias ni exipanyooli,0,0,0,0,0,2
emakhuwa_3_00165,Ohookhwa mukhulupale  Hugo Chávez,0,0,0,0,0,2
emakhuwa_3_00166,Mwaha wa exeeni Kuveerunu oSenekaale animusovela awe eporoteexitu sinikhattela othelaana Atthu ariina ekhove yoolikana,0,0,0,0,0,0
emakhuwa_3_00167,Muupuwelo owiihopha woopiha wa ekhotto ota wa muttetthe wa Asiiya,0,0,3,0,0,0
emakhuwa_3_00168,"Mihakho sa ifaawuna sa mMosampiikhi sinihala okumihiwa, anilavula maanaliisita.",0,0,0,0,0,0
emakhuwa_3_00169,Omora wa Papa Bento XVI ohoonyokola moono awe,0,0,0,0,0,2
emakhuwa_3_00170,Lipeeriya: ePoroceetu ya nlamulo“Mate os Gays” Nomwareeleya,0,2,0,0,0,0
emakhuwa_3_00171,"Musuwelexe muthokiho okhale orukunuwa nlamulo ni opattuxa "" waaxaya apuruuxa"" wa mapurusoore owulaana oParasiili",0,0,0,0,0,0
emakhuwa_3_00172,Makhulupale a Mmosampiikhi annaalokoha anamasuweliha ehapari anithokoca misayelo soohitthunihiwa.,0,0,0,0,0,0
emakhuwa_3_00173,"Tripunali piritaniku othikela mulattu ""sookopha soottukuttheriwa""",0,0,0,2,0,0
emakhuwa_3_00174,"Muupuwelo Afooro Moota, ophavela oreerihela sovonyiwa muhina mwa miira  a nkoola",0,0,0,0,0,0
emakhuwa_3_00175,"Mphira: Rodri, oomusuwelaxa mphira moolumwenkuni",0,0,0,0,0,2
emakhuwa_3_00176,Chan Hol 3: exikeleetu yoohisuwanyeya yoophiyeryaka miyaakha ikonto 10,0,0,0,0,0,2
emakhuwa_3_00177,Alice Mabota namwilepiha okhulupale Mmosampikhi,0,0,0,0,0,0
emakhuwa_3_00178,"Kuveerunu  a  Kaapu  Veerete  ohoohiya  matteeke  na  wewuroopa, EUA,  Parasiili,  Niceeriya  ni  Senekaale",0,0,0,0,0,0
emakhuwa_3_00179,Muhooleli wa Empa Ekhulupale ya Ehakhi Feteraale onivaanyiha iphiiro sa  Dilma Roussef,0,0,0,0,0,0
emakhuwa_3_00180,"oCamaayika, khokhale mureetta a etthuvo yaakhule ni oniipuwa mukwarenteena mwa exitaato",0,0,0,0,0,0
emakhuwa_3_00181,"Mosampiikhi/Parasiili: anivanyiha""omukhulupale wa Etanol""",0,0,0,0,0,0
emakhuwa_3_00182,Mosampiikhi: Mwaatakareliyo wa kampuyi oomuvulaliha makiniixita elapo ya Osofala.,0,0,0,0,0,0
emakhuwa_3_00183,Muthokiho ohikhala akuveerunu wa ekolooxiya yoothuku eniphuweka ithut oPoorutu Riiyu,0,0,0,2,0,0
emakhuwa_3_00184,"""Khivakhanle wohihomiwa evasina"" onohima Biden oniwana omalamaiha eretta ya covid 19.",0,0,0,0,0,0
emakhuwa_3_00185,Okheeniya:  Woopiha wa ohataana wa makooto,0,0,0,0,0,0
emakhuwa_3_00186,Kine- Pisaawu: Oxaaka mwa soothokela noomala wookotthiwa wa ikwaha piili,0,0,0,0,2,0
emakhuwa_3_00187,"Nnaamwi khamoosasa khamosa maparasileero amanaanihasa waasomiha mwaalemawu vooluluwana ni nasiiximu, akinakusa avekela muswamahi  yuulasiwe muuru.",0,0,0,0,0,0
emakhuwa_3_00188,"oParakwaayi, Osiikhini opattuxa esiikulu yaathiyana anaakhapelela anaaya athiyana okinaku",0,0,0,0,1,0
emakhuwa_3_00189,Onimala naanaano para LAM omwiira nakoso meekhaaya,0,0,0,0,0,0
emakhuwa_3_00190,FUNAI onnilaleerya moonenelo wa nihimo nipheya mukano wa Aakere,0,0,0,0,0,2
emakhuwa_3_00191,Namalepa ookhotta osuwela soolepiya n'atthu ammutthapela Dhlakama.,0,0,0,0,0,0
emakhuwa_3_00192,"Mukhaleelo wa etthaya: 14 sowookotthiwa oAmposiili, oKheeniya",0,0,0,0,0,0
emakhuwa_3_00193,Muraano wa ipiliiyaw20 sa itoolari variyari va Xiina ni Kiine opattuxa mixaakiho,0,0,2,0,0,0
emakhuwa_3_00194,Aafirika: opintariki sookhumelela seephattuwelo hoothe ni Raatiyu ni eviitiyu sotaheryasiwa,0,0,0,0,0,0
emakhuwa_3_00195,"Mawiipi ni ipheeyo sa akaaphiyaka a palaaxitiku aphiiye openiisula ya Parakwaayi, oVenesuweela",0,0,0,0,2,0
emakhuwa_3_00196,"Nikhuru na atthu aahitakaanyihiwa  ni atthu akina wiira winnyereriwe Wankoola, onihaleela ipa, opuro, ni tho epaphelo yowirattelano",0,0,0,0,0,0
emakhuwa_3_00197,Etiripunaali italiyaanu enookela olaleerya wakhala wiira yeesu waatoko okhala wala hooye,0,0,0,0,0,2
emakhuwa_3_00198,Meexiku: Moolumo a Muhooleli oopisa ni ohiroromeleliha,0,0,0,0,0,0
emakhuwa_3_00199,Xiina: mihuupi wiira otaphuliwe Mulaleeri ohinoona vanakheleliwa ninyoho,0,3,0,0,0,0
emakhuwa_3_00200,"oParasiili, imilyawu 30 sa atthu anikhaalasa "" vowiiraka moothakoni' mwa ihapaari",0,0,0,0,0,0
emakhuwa_3_00201,Omosampiikhi: Ale anaahuwa anakhuku a Opowani onnaalipela amala avira nayuupuri.,0,0,0,0,1,0
emakhuwa_3_00202,Ncoco nookonxelariwa ni permafrost wa miyaakha soophiyeryaka ikonto 50 ti noowooneneliwa Oruusiya,0,0,0,0,0,2
emakhuwa_3_00203,Kuveerunu oniphavela okumiha sookophiwa sa PoroIntiku ya erexiponsapilitaate ya Exitaatu.,0,0,0,0,0,0
emakhuwa_3_00204,"“ Orupihiwa wiirelaka oxinttana"" oruuhela okwa wa axiiwali anli oParasili",0,0,0,0,2,0
emakhuwa_3_00205,Inep onookela okuruxiri eporova ya kantitaatu onikela oliyala nuulumo na ekateerunu ya Enem,0,0,0,0,0,2
emakhuwa_3_00206,Muthokiho wafootomontaaxe muthokiho mexikaano onuupuxerya ohihihukhumwana pwanikhiriime mulaponi,0,0,0,0,0,0
emakhuwa_3_00207,Muthokiho wa Nlamulo extatuneese nookhala Owoopopiha interineeti Olumweeku,0,0,2,0,0,0
emakhuwa_3_00208,Mosampiikhi: Nikhuuru na muhooleli Erdogan okhala okhanyererya mutumereeryo muhinamwa ixikola sa Oturukhiiya .,2,0,0,0,0,0
emakhuwa_3_00209,Kuveernu wa elapo ya Mosampiiki oniphavela omurwaana patarooya ohikhumihaxa mwiixi.,0,0,0,2,0,0
emakhuwa_3_00210,Anamarwa ari mavenesuwelaano annithaniwa ni ohithokoreryana onirowa nsuwa wa oParasiili,0,0,0,0,3,0
emakhuwa_3_00211,"Makhulupale mamosampikaano aamutthukwa mulipa waaniheriwa omuhela evenene Phompe, Oxitima",0,0,0,1,0,0
emakhuwa_3_00212,Mosampiikhi: Ikonto soophiyeryaka thanu ni emosa sa masomaliyaanu ni meetiyopi aakhuma mapuro ale anikhala atthu ootthyawa ekhotto,0,0,0,0,0,0
emakhuwa_3_00213,NBA oolaleerya NBA Aafirika epheya,0,0,0,2,0,0
emakhuwa_3_00214,Namaphuka milattu a elapo ya wafirika tu suli olepa ewarakha wiira othukiwe Manuel Chang.,0,0,0,2,0,0
emakhuwa_3_00215,Olamuliwa Omosampiikhi otaphuwa nlaka na  othuunku,0,0,0,0,0,0
emakhuwa_3_00216,Ilapo sa Wiiraana sihaatakari epaase ya mamiliisiya enikhaliheriwa ni Irawu mwiinano wa Siiriya ni Iraakhi,0,0,0,0,0,0
emakhuwa_3_00217,"Mosampiikhi: Mameetiku awaalasa ekereeve, voohiphura etthu",0,0,0,0,0,0
emakhuwa_3_00218,Ilooca saamamosampikaano sootupheliwa elapo ya osuuli ya w'Afirika,0,0,0,0,0,0
emakhuwa_3_00219,"Mosampiikhi onoopwanyaneya okhalana ""mikukutta suulupale  sooxikola""",0,0,0,2,0,0
emakhuwa_3_00220,Mosampiikhi Isabel Novela onkonkorrer aritiixita oopacera a waAfirika wa SAMA.,0,0,0,2,0,0
emakhuwa_3_00221,Urukwayi omukakha Itaaliya  muhina mwa niira na Mutiyaale ni Suárez othikela oluma.,0,0,0,0,0,0
emakhuwa_3_00222,"MOmosampikhi, Muhooleli onithoonya Miteko solaleerya Wii aniivara aruuhelaka muraarelo wa okhotto' oKaapu Telekaat",0,0,0,0,0,0
emakhuwa_3_00223,Koviit-19: wanyiheriwa wiiyiwa vooluluwana ipiliiyawu 30 sa toolari sa mpantte ya mukhaliho a waafirika ti Suuli,0,0,0,0,0,0
emakhuwa_3_00224,'Luwanta Leaks': Muthiyana othaacirixa a WaAfirika oniromoleeliwa mwaha wa makwankwa ni othawali woohisuwanyeya,0,0,0,0,0,0
emakhuwa_3_00225,oParasiili: Mitthokiho mithaanu sa nlamuulo Ninoopopiha ekuluttu wAmasooniya  nookhala otthikela othoonyiheriwa opuuro othaleeliwa malamuulo eyaakha ya 2015,0,0,0,0,0,0
emakhuwa_3_00226,"Mitumereeryo Enaxariya onirukunuxa ikettelo, masi onitthikela okweeherya ohilevelelana variyari va otiini aforo-Parasileera",0,0,0,0,0,0
emakhuwa_3_00227,"Mithali soovahiwa sinirowaniwa munakosoni mwa omekha, onilaleerya mwene a esintikaatu ya Wankoola",0,2,0,0,0,0
emakhuwa_3_00228,Mosampiikhi: Muhooleli a Renamo okoosyiwa voohivulala muhina mwa ataake mmosaca ekometiiva athara awe.,0,0,0,0,0,0
emakhuwa_3_00229,Kiine Pisaawu: opotthana Wowaakhulelana ni Omananiha wa Aly mwaha wothonyiwa,0,0,0,0,0,0
emakhuwa_3_00230,Kiine-Pisaawu: Polookero Otthukiwa ni khimanakasiwa noovira Waakanyeriwa Elapo,0,0,0,0,0,0
emakhuwa_3_00231,KOVIIT -19 : FMI ohakhulela imilyawu 309 sa itoolari siniireliwa Mosampiikhi wiira owanana ekwerere .,0,0,0,3,0,0
emakhuwa_3_00232,Mosampiikhi ahimananiiha omoomola nahapaari okhopela nuumala orevokaar nemereeryo nawe,2,0,0,0,0,0
emakhuwa_3_00233,"Netizen Report: vatiyaari wa waatakariwa erumeeliwaka watisaapi, namalaleerya aniikaxari mme sinilaleewa ihapaari sa misarayeliita aliipo omupattuxa soofitiweeya onithurumelaniwa",2,0,0,0,0,0
emakhuwa_3_00234,"Oromoleeliwa Waawoka Anamwane, Mukhulupale Iraniyaano Ohinya muttetthe oParasiili",0,2,0,0,0,0
emakhuwa_3_00235,Manchester City ooxintta eLiika Inglesa,0,0,0,2,0,0
emakhuwa_3_00236,Kooxita ti Mariifi: 3 anahapari otthukwasiwa mwaha solaleerya itthikitthi sa esiiri,0,0,0,0,0,0
emakhuwa_3_00237,"COVID-19 ""Alo Viita"", liinya telefoonika oMosampiikhi onnikumiha wanyihera mwaha wa eretta",0,0,0,0,0,0
emakhuwa_3_00238,Nikhuru Neelapo nneetiha miteko sa Mwaathanle ninkupalela olola wa Paulo Vanhale Wamphula,0,0,0,0,0,0
emakhuwa_3_00239,Bunker a waalemaanya a Ekhotto ya Nayili  oophwanyiwa Opeelixika,0,0,0,0,0,2
emakhuwa_3_00240,Axithiyana a okwatemaala aniipa vohoova mwaha wa wookotthiwa athiyana,0,0,0,0,0,0
emakhuwa_3_00241,Kaapu- Veeriti: waalela ihantisi ni olaleya Oleepa wookelela ohoolo,0,0,0,0,0,0
emakhuwa_3_00242,Muthiyana a miyaakha 102 oneetta voohikuwo wa mwaalakelo wa mahiku a okathi wa mphira,0,0,0,0,0,2
emakhuwa_3_00243,"Masu anipacerya wakiherya exariya ya ""esuruma"" Omosampiikhi",0,0,0,0,3,0
emakhuwa_3_00244,"Kuveerunu oMosampiikhi onitthuna ohela mukhirimeni Ihapari sa mutelefooneni ni milaleeryo""sooruwana"" ,ni interineeti",0,0,0,0,0,0
emakhuwa_3_00245,"Oheliwa wohitthunihiwa ni nlamulo a mukhaleelo etakwa ni onittiyelela mireerelo samutakwani soovirikana sa Mapaalaka, maasi paahi epurusento 1 % sa mwyaaha siiniphiya otiripunaale",0,0,0,0,0,0
emakhuwa_3_00246,Nikhuru  na  Ihakhi sa apinaatamu  a  ONU  anoorowa  ovanyihana  voluluwana  ni  myaaha  sa ovonya wooluluwana  ni  Koviit-19,0,0,0,0,0,0
emakhuwa_3_00247,Mosampiikhi: Soowerya sa Kuverenatoora Muusya siniheliwa okhala mwaha wa mawxiiximu,0,0,0,0,0,0
emakhuwa_3_00248,Netizen Report: Anamahooyasa onimuthalakaserya spyware mutelefoonini  muhina mwa ilapo 60,0,0,0,0,0,0
emakhuwa_3_00249,Mosampiikhi: Anamavaha anivekela erelatoorio yookhalela soothumwa weekumi.,0,0,0,0,0,0
emakhuwa_3_00250,Matakaaxikare: polokeero malakaaxi oFaraasa Onivaanyiha epuliitika otuupha mikano wa Sarkozys,1,0,0,0,0,0
emakhuwa_3_00251,Meexiku: ilatarato sa weettakasiwa vokhoottela Ninyoho,0,0,0,0,0,0
emakhuwa_3_00252,"Wiina okathi wa mphira... yookhala esipo ya samba, forro, axe ni sertenejo.",0,0,0,1,0,0
emakhuwa_3_00253,"Mosampiikhi, ophova  okhaala  muttetthe  anuuluma ekhunya  a  mwattelo  ohiloka  wa  mukhaleelo  a  othawaali  apinaatamu.",0,0,0,0,2,0
emakhuwa_3_00254,Mosampiiki enniphwanyaneya ekhalanaka eteeni yuulupale soovikana iteeni sikinaaku sa Afirika Supisahariyaana.,0,0,0,0,0,0
emakhuwa_3_00255,Okwa axexe variyari wa myaaha wa ataake asya ota wa muttetthe wa Mosampiikhi,0,0,0,0,2,0
emakhuwa_3_00256,Opheetta kahiyo wiiva: Nlaaka nimoosa noowanela wookotthiwa athiyana oKoloopiya,0,0,0,0,0,0
emakhuwa_3_00257,Neymar oohukhumwiya nnya woohitthuviya.,0,0,0,0,1,0
emakhuwa_3_00258,Matakaaxikare: ni vi mwattelo wa 75% wa ipoopa siira iwateerihiwe maluuxu voolakeliwa?,0,0,0,0,0,0
emakhuwa_3_00259,Enamararu yooxeerya: wixiilihasa vanceene oPenim,0,0,0,0,0,0
emakhuwa_3_00260,Imiiyasene sa maxileeno aniwanana nlaka na TV onithalakasa ohukhumu oPinoche.,0,2,0,0,0,0
emakhuwa_3_00261,Mosampiikhi  ti  PALOP  ntoko  opweteya  wa  KOVIT-19  nnamwi  Ankoola  okhalana  mwattelo  wa  mwaattelo  wa  makwelo,0,0,0,0,3,0
emakhuwa_3_00262,Muhooleli a epooma yoKelimane  ammotherya Pulisiya ophula epenewu.,0,2,0,0,0,0
emakhuwa_3_00263,Laos: Niira Noothapela Otthimaka wa Ikuluuwe,0,0,0,0,0,0
emakhuwa_3_00264,Wottaseya wanamwane mwaha wohilya saana onnipwahererya mMosampikhi,0,0,0,0,2,0
emakhuwa_3_00265,Mmiravo poweeta a oMosampiikhi onvara mueko wii olaleye eliivuru awe yoopacera.,0,0,0,1,0,0
emakhuwa_3_00266,Kuveernu ni Renaamu anootthoonyanasa ofarakuwa wa olavulasiwa weelapo yootheene,0,0,0,0,0,0
emakhuwa_3_00267,"Ntoko mulipo ahapaari  Ivan Georgiev, omalamaliha mihuupi sowoothiwa oPulukaariya vanceenexa nnakhala khokhanle",0,0,0,0,0,0
emakhuwa_3_00268,Axiteroyiti wa mwinnuwelo wa ttattaaxi a osulu onookela ovira vakhiviru wa Elapo,0,0,0,0,0,2
emakhuwa_3_00269,Maxenetixiixita annaapaka maasasiinu kamuntonku oowaativariwa mwa laseeri,0,0,0,0,0,2
emakhuwa_3_00270,Olosowa wa ankhili xuriitika ni osikhini tenhima mwaha wa olosowa wa ottittimiha wa ihaki sa pinatamu oMosampiikhi,0,0,0,0,1,0
emakhuwa_3_00271,Zurique: Aakonxelariwa alakhu oophiyeryaka imilyawu imilyawu sene a osuwiisa masi aniira mpantta ni Fifa,0,0,0,0,2,0
emakhuwa_3_00272,"KOVIIT-19: Ruusiya""ovonyeerya"" nlaka Sputnik V- Putin onilipiherya othawali wa mwapoophe",0,0,0,2,0,0
emakhuwa_3_00273,Koviiti -19:okhaleela sa Wankoola ohaanabopaaka mutumereeryo wala iyo sinorowa owaliiwa.,0,0,0,0,0,0
emakhuwa_3_00274,"KOVIT-19: Vamosa ni alipo enaawereya , kuveerunu a wankoola othaamiha ni mukhalelo emukakuve ekaruma ya epalatafooroma ya pataroya muttetthe wa Sooyo .",0,0,0,0,0,0
emakhuwa_3_00275,Tooku:wixiilihz mwaha wa Ihaakhi Sapinaatamu Sohooxiwa ni Ninyoho,0,2,0,0,0,0
emakhuwa_3_00276,"Iraa: alipo ahoxeya a oKoonu, othoyiwa wa oPalexitiina, ni othatuuwa wa ovonyaniwa",0,0,0,0,0,0
emakhuwa_3_00277,Manuel de Araújo ompweteya ohoolela oKilimani,0,0,0,0,0,0
emakhuwa_3_00278,Olipo anikhaalasa muxikiina mwa ikuluutto sa São Paulo  anikhoottela Noomala okwa wa amwaavano thanu naaxexe sooluluwana ni mapilisa,0,0,0,0,0,0
emakhuwa_3_00279,Mosampiikhi: atthu athanu ni araru alokohiwe omwiiva namaweha a namathanle.,0,0,0,0,0,0
emakhuwa_3_00280,"KOVITI-19: EUA ehaavasinari 100 imilyawu, Ewuroopa onhoolela owaliwa vasiya",0,0,0,0,0,0
emakhuwa_3_00281,Mpurelo- anamattottopeliwa oohiyo wa Hollywood.,0,0,0,0,0,0
emakhuwa_3_00282,Matakaaxikare: akhala apinaatamu owatta ari mukhatteya mwa mwene a oposisawu muhina mwa emerekaato yanamunceene,0,0,0,0,0,0
emakhuwa_3_00283,Mulipa oomuttikha mphira Jakub Jankto onnilaleya wiira gay,0,0,0,0,0,2
emakhuwa_3_00284,Cristiano Ronaldo ooxintta otorofeewu namphira a eseekulu,0,0,0,0,0,0
emakhuwa_3_00285,Oroyiwaka ohoolo wa owaakiha axithiyana: yoosommwa esya anaahela othiyana awaafirika ntoko amahooleli on- laayini,0,0,0,0,0,0
emakhuwa_3_00286,"Mwiriira  wa  nteeke na  LAM,  natanyiwe ni ohilokasa variyari va ekaruma emosa .",0,0,0,0,2,0
emakhuwa_3_00287,Naale: Hooye alipo ttwawela ar mapuliitiku'' o Siiri Laanka,0,0,0,0,0,0
emakhuwa_3_00288,Xiina elapo yoopacerya wooniherya mpantta woovitheya wa mweeri,0,0,0,0,0,2
emakhuwa_3_00289,Ohasuliwa athiyana naxiiyeya ohincerereya mwaha wa manamuna osakya eretta ya Kovit- 19 oMosampiikhi.,0,0,0,0,0,0
emakhuwa_3_00290,Mwaattelo wa anamatthapa imiya piili okaana anvekela ovahiwa opuro wowipitha oParasiili.,0,0,2,0,0,0
emakhuwa_3_00291,“Morri na Maré”: etukumentaariyu anooniha yakhuta mahiku mmuxikwiittini eriyaari va nihaasu na mapuliisiya,0,0,0,0,0,0
emakhuwa_3_00292,Xiina: Okathi munceene olutteleleyeene? Nyuwo mukhalana ereetta emosa.,0,0,0,0,0,0
emakhuwa_3_00293,"oParakwaayi, axiruusi ophoova okhala asikhiini anihoolela muteeko sookhanyereriwa wii akweeherye osooma.",0,0,0,0,0,0
emakhuwa_3_00294,EU ti elapo yoopacerya okhumelela myaha ipheya soophiyeryaka ikonto 100 mwa nihiku nimosa,0,0,0,0,0,2
emakhuwa_3_00295,"Vaniiraru mwaattelo wa KOVIIT-19 awelaka, Capaawu onivonyerya nlaka na Ekampaanya ya isupusiitiyu sa ikwaaha",0,0,0,0,0,0
emakhuwa_3_00296,Mahoolela a exoronaale/sookhumela ya elapo yo Torukiya osuwelin'he oveleliheriwa akapwitthi wa masurutaatu wa nikhuru a mamwisilamu otthukiwa.,0,0,0,1,0,0
emakhuwa_3_00297,Moolumo oruwaniwa Dilma Rousseff vaniirani noitthukuleliwa Mutiyaale anthonyarya elapo yookawanyeya,2,0,0,0,0,0
emakhuwa_3_00298,Minixituru a w'Interiyoore ohaakhulela otupheliwa wa Anataaruku nnya khalavunle wiiviwa atthu anihimiwa n'alipa ihapari.,0,0,0,0,0,0
emakhuwa_3_00299,"Voohimoriwa ikharari, mwiithe wa epaphelo - anaxikola a elapo ya Wankoola ari elapo ya Ukaraaniya annoopihasa woomoliwa.",0,0,2,0,0,0
emakhuwa_3_00300,"Mayena, nthu piitthu a iteseenyu animaato sikhaale sinirukuunuxa manamuna othooka vatananihiiwa ni inaama ohiittto a ikuluuttu sa Aasiya",0,0,0,2,0,0
emakhuwa_3_00301,Nttetthe wa Uniyaawu Ewuropeeya noovaha musurukhu woophiyelela 734 imiyasene sa ewuuro elapo ya Mosampiiki.,0,0,0,2,0,0
emakhuwa_3_00302,Musukho wa mulaponi mwahu ti wootepa olimitareya: limitada.,0,0,0,0,2,0
emakhuwa_3_00303,Kuverunu a wAnkoola omphavela olikanyiha musurukhu ya waakhaliherya martixita.,0,0,0,2,0,0
emakhuwa_3_00304,ONU anitumererya imiilyawu 254 sa mukhaliho othunku oniireliwa muttetthe Omosampiikhi,0,0,0,2,0,0
emakhuwa_3_00305,MDM ohimya wi ohikupalela sa mwathanle mmosampikhi oyeleela okathi.,0,0,0,0,0,0
emakhuwa_3_00306,Vicente Ramya okhwiye mpuwa mwa mukukutta awe olelo oMaputo,0,0,0,0,3,0
emakhuwa_3_00307,Reyinu Uniitu onimalela ohiya itanki mwaha wa akapwitthi siperineetika,0,0,0,0,0,2
emakhuwa_3_00308,Ospanya: Atthu ootthukweliya muloko neenli wootakaniha waatthu araru wa etoneelaata ya Kokayina.,0,0,0,0,0,0
emakhuwa_3_00309,"Mwaalakelo wa anamittompe 13 oowiiviwa wa khula nihiku okhuma mwaakha wa 2006 mpakha 2012 onnikhumeliha mututuxeryo, oolavula supusekeretaariyu",0,0,0,0,0,2
emakhuwa_3_00310,Nasa ohoonenela epalaneeta ya namuloko ya esixiteema solaare,0,0,0,0,0,2
emakhuwa_3_00311,Amasooniya onikhala ompaka karipoonu ovirika omunoweliha,0,0,0,0,0,2
emakhuwa_3_00312,"Mulipo oosoma ni mulaleeryo a miteko soomahala toniromoleliwa onakhiriime mwaha"" ohirumeela saana ekaruuma ya interineeti""",0,0,0,0,0,0
emakhuwa_3_00313,Ohukhummwa wa athiyana Mmosampiikhi etthu enitepa oriipiha murima.,0,2,0,0,0,0
emakhuwa_3_00314,"Navalny, mohooleli a oposisawu ruusa, oniilela wiilipiha ohinimala noovira Okathi osoomwa esenteesa ya iyaakha thanu ni ixexe",1,0,0,0,0,0
emakhuwa_3_00315,Exiloveeniya oolaleerya mmalamalo wa COVID-19,0,0,0,0,0,2
emakhuwa_3_00316,Wa itonelaata tthaaru da Menno a etthepo ya elapo ya Omosampiikhi sivariye okampooxa.,0,0,0,0,0,0
emakhuwa_3_00317,Kuupa oniira omananihaka omaaliha emiitiyaintepenteete? Nlamulo na etekereto esta onoorowa okhottiha opaka wa akhopela muhina mwa weepi,0,0,0,0,0,0
emakhuwa_3_00318,"Tipukutu:"" Ehakhi sa mapuuro amuharooye, masi nnakhala khahiyo athiyana onyoholeelasiwa""",0,0,0,0,0,0
emakhuwa_3_00319,Mosampiikhi  omphela ovasinar atthu mpkha imiilya 16 wa eretta ya Covid-19,0,0,0,3,0,0
emakhuwa_3_00320,Benguela: muhooleli munisipaali a UNITA ohiiputthiwa,0,0,0,0,0,2
emakhuwa_3_00321,Muratti a Wankoola Hildebrando de Melo ontthokihererya sa miteko,0,0,0,2,0,0
emakhuwa_3_00322,Zeka Pakotinyu oothukeliya mwaha woowoneleliya ovekela ishow.,0,0,0,0,2,0
emakhuwa_3_00323,Nikhuru na macamayikaano na mphira Reggae Girlz ' ninatakari ni ikuru' wii nipake ethale,0,0,0,1,0,0
emakhuwa_3_00324,Esquerda oomuxintta mwaathanlo peresitensiyaali mukano wa El Salvador,0,0,0,0,0,2
emakhuwa_3_00325,Tiithi oomwiya ni anahova omutumiha mwanawe ethaatuwa,0,3,0,0,0,0
emakhuwa_3_00326,Mulipa onivara opanku oomoomola namwiiya otheyatheyaka,0,0,0,0,0,2
emakhuwa_3_00327,Mosampiikhi: Mapuutu ni leekasoopa ni Okhoottela,0,0,0,0,0,0
emakhuwa_3_00328,Kuwayit : Owooniheryaka soothuma sa  muhina mwa lompiiuata,0,0,0,0,0,0
emakhuwa_3_00329,Muxintaano wa 2014: Atthu oParasiili anninyohola elapo ohitthokiha,2,0,0,0,0,0
emakhuwa_3_00330,KOVIT-19: Namavanya mosampikaana oohima wii imetita sa Kuverunu sa Emerexensiya sosariherya osikhini,0,0,0,0,0,0
emakhuwa_3_00331,Woopopiheya wa ithuutu siiri vowoopiha okweela oNepaale,0,0,3,0,0,0
emakhuwa_3_00332,KOVIIT-19: voovikana  atthu  ekonto  thaanu  alipo  ari  mukhatteya  omosampiikhi  otaphuliiwa  wiira asyake wuulaana,0,0,0,0,0,0
emakhuwa_3_00333,Okaapu Veerti: Jose Joaquim Kabral  otthuviya mwaha wa sosoma sawe Arnaldo França,0,0,0,2,0,0
emakhuwa_3_00334,Koveerunu oMeexiku oniirumeela ekhotto oniwanana nakoso owoona ntoko okhoottela wiira othurumelekd alipo a ihapari,0,2,0,0,0,0
emakhuwa_3_00335,Noosopheliwa nlitti noowin'heeleliwa atthu owaatta Mmosampiikhi,0,0,0,0,0,0
emakhuwa_3_00336,Konstitusiyonaliixita owokottiwa mmapikatani mwa epooma yuulupale ya Mosampiikhi,0,3,0,0,0,0
emakhuwa_3_00337,Ministuru mosampikaanu wa Mpuwa onitthunela mukacamiho woowonela anamurwa aninyaanya elapo oKaapu Telkaatu.,0,0,0,0,3,0
emakhuwa_3_00338,Makhuru a mphira a oParasiili  ti ootepexa osivela impa iye sinipakiwa cuuku.,0,0,0,0,0,0
emakhuwa_3_00339,Manyakunyaku : Mukukutta anamunceene oLiima,0,0,0,0,0,0
emakhuwa_3_00340,Matakaaxikare: Ephukeliwo emoosa wiira epattuxiwe etumereryo enaakanela elapo voophiyaka mweeri mmosa?,0,0,0,0,0,0
emakhuwa_3_00341,Mikumiheryo sa miphiimo Wii okhalihiwe saana Koviiti-19 muhina mwa ihakhi sapinaatamu ninwixeetta Wale ari masiviili mukuluttuni NEMA,0,0,0,0,0,0
emakhuwa_3_00342,Owaani wawe Biden soophwanyiwa itokumentu ipheya sa isiiri,0,0,0,0,0,2
emakhuwa_3_00343,Marooko: Opweteeya wa karniseero Basri,0,0,0,0,2,0
emakhuwa_3_00344,Matakaaxikare: voovikana atthu ookwa 25 mmaaraxxani oroowaka Opalaasiyu sa Muhooleli,0,0,0,0,0,0
emakhuwa_3_00345,"Mwaakha wa amwaathanle oParasiili, athiyana muhina mwa ipuliitika anilaleerya yowopiha wa ninaanoxe",0,0,0,0,0,0
emakhuwa_3_00346,Ewarakha yottittimiheya ya Muhooleli oSam Paawulu yowunteererya alipo oniirumeela ale anivanyiha muhooleli,2,0,0,0,0,0
emakhuwa_3_00347,Matakaaxikare : Ohinteererya Ninyooho variyari va Atoroopa ni Unitaate ya Aliipo ohinya Opuliisiya,0,0,0,0,0,0
emakhuwa_3_00348,Mapulusiya ankela owaannya awe Afonso Dhlakama oBeyira,2,0,0,0,0,0
emakhuwa_3_00349,Namipiya: mwaha wa xeeni ihakhi sa athiyana ni ihakhi sa tixitaale sineetta aya mataata ovaraana muhina mwa Tuwiiteri,0,0,0,0,0,0
emakhuwa_3_00350,Mantiyaano ni mapakixitaneexi anilipelelaka wiira ilaapo saya ikhaale sowataana,0,0,0,1,0,0
emakhuwa_3_00351,"Kwaheeri sothareliwa Chadwick Boseman, Kobe Bryant e°Jorge°Neto°",0,0,0,0,2,0
emakhuwa_3_00352,Mpantte wa maruusu anikhalanota sa oRuusiya ni anilaleerya wakaneeliwa wa Ukaraaniya. Epanttera esya enithoonyerya okhotteliwa wa Putin,0,0,0,0,0,0
emakhuwa_3_00353,Eriyari ya anookhwa a anamwane eniira mpantta wa ohica saana,0,0,0,0,0,2
emakhuwa_3_00354,Xiina: ikuluuttu soovirikana sa Pulookhi ni nttaava Tipateena soowaliwa,0,0,0,0,2,0
emakhuwa_3_00355,Mulaleeri sawutiita Loujain al-Hathloul otaphuliwanmukhatteya ni onitthikela otuwiieri,0,0,0,2,0,0
emakhuwa_3_00356,Waanyiheriwa wenno  wa ekhwiri wa Morgan Freeman okhumelenle noomala otholatholiwa itthu sineetta nnikhuni wa CNN.,0,0,0,0,0,0
emakhuwa_3_00357,Kwaaturu Ases onooreowa olaalerya murupa wa masipo  Soowiiraneya sa Olumwenku,0,0,0,1,0,0
emakhuwa_3_00358,Mosampikaano onireherya miriira wokhoottela vowanana ipuuheryo sa amahooleli ookhuma,2,0,0,0,0,0
emakhuwa_3_00359,Moonenelo ootikiniha wa muumiya a oloko onnooniherya makhalelo oohisuweliwa a mavithelaniyo a Wiixiipitu,0,0,0,0,0,2
emakhuwa_3_00360,Mutthenkeso a Wameerika onkhaliherya miteko sa etakhwa ekhulupale yo Koronkosa ni musurukhu omphiyerya imilyawu piili sa euros.,0,0,0,3,0,0
emakhuwa_3_00361,Meetiku a khalayi a selesawu amerikaana ya xinaaxitika ootthukweliwa miyaakha 175 areene mukhatteya.,0,0,0,0,2,0
emakhuwa_3_00362,"Netizen Report: Misookho soluluwana ni interineeti sinpwanyererya vowanana ni Aafiriika othi wa osahaara, wathalelaka atthu aya.",0,0,0,0,0,0
emakhuwa_3_00363,Meexiku oomuxintta Kamarawu ni onlikana ni Parasiili wa ohoolela muloko A,0,0,0,2,0,0
emakhuwa_3_00364,Wuncererya wa anakhwe ni orava eretta ya Kovit-19 enrumiha onyakula wa Huyíla,0,0,3,0,0,0
emakhuwa_3_00365,Mukhulupale a elapo ya Hayiti ohookhwa mwaha wa woopeliwa mpaani mwawe,0,0,0,0,0,2
emakhuwa_3_00366,Ehisapo ya Patarooya yoowelihiwa,0,0,0,0,0,2
emakhuwa_3_00367,Mwalaano Anamunceene awankoola oniphavela  mukhatteya nahapari Rafael Marques,2,0,0,0,0,0
emakhuwa_3_00368,Nani xokatore a mwaakha wa Manxexeteri Unayiti.,0,0,0,2,0,0
emakhuwa_3_00369,Mwaattelo wa seroperevaleensiya Omosampiikhi oeuncererya vopophiya ipuruseeto piili,0,0,0,0,2,0
emakhuwa_3_00370,Namittompe a miyaakha 14 ohoopowa muntteekeni naamorenle Owintiku,0,0,0,0,0,2
emakhuwa_3_00371,Muntiyaale a Payiya enrowa waakuxa atthu anceene yaroyihaka muxitaraatane,0,0,0,0,0,0
emakhuwa_3_00372,Kiine Pisaawu : Nakooso ohitharihela ehakhi Onilaleerya Osikhini,0,0,0,0,2,0
emakhuwa_3_00373,"Kuveerunu vamosa ni mixankiho sinoonaneya wiira aatumererye mwaaha sa nihasu anirumeliwa akapwiitthi muttetthe wa Okaapu-Telekato , onihimya ti OMR",0,0,0,0,0,0
emakhuwa_3_00374,"Mosampiiki ""ooxipheeleliwa"" ni muritti woolemela wa yookopha y'atthu ootheene",0,0,0,0,3,0
emakhuwa_3_00375,Kuveeruno Omosampiikhi onilipiherya ovanyiha sohimwa soluluwana ni Koronaviiru nI onalalerya wiira vahaana nikhalaka ni ookasoopa.,0,0,2,0,0,0
emakhuwa_3_00376,Mosampiikhi: Poliisiya onitthukwela ntthavi waanamakuxa.,0,0,0,3,0,0
emakhuwa_3_00377,Mosampiikhi: Anamahiihiya ekhotto aatthikela opaka emanifexitasawu,2,0,0,0,0,0
emakhuwa_3_00378,Ohooneneliwa muxovo wa niinaano wa sentopeyiya elapo ya Oromeeniya,0,0,0,0,0,2
emakhuwa_3_00379,Bin Laden kokhwaale onihimya muhooleli wa CIA,0,0,0,0,0,2
emakhuwa_3_00380,Anamathokoca ahoonanela esiiri ya 'pirimu' alemaawu a Stonehenge,0,0,0,0,0,2
emakhuwa_3_00381,"Mulaleerya otthikia anihinya wiira:"" "" kiiniryz kikhalaka osooniyaxa wa mmosa muulupale ni yonanara woopoliwa saka muhina mwa itumereeryo",0,2,0,0,0,0
emakhuwa_3_00382,Mosampiikhi: Ophempa sinoonaneya mikutokuto soophwanyiwa ireseyita fixikaale.,0,0,0,0,0,0
emakhuwa_3_00383,"CAN 2021: Mwaha wa  Covid-19, Kamoore khorina mutthu ookhala mpalisa wiira omuttikhe mphira ni Kamarooxi",0,0,0,0,0,0
emakhuwa_3_00384,Mwaana a Bolsonaro oomuvaanyiha muthiyana-oopacerya ni onnaakiherya wiira amaama awe arumeeleke nsina nookhiserya,0,0,0,0,0,2
emakhuwa_3_00385,Kiine- Pisaawu: Nihiku Interinasiyonaale na Anamwane oWaafirika,0,0,0,2,0,0
emakhuwa_3_00386,"Malance: Kuveerunu khooliva ikonttha, muxiripitaali onikhala voohikhala alipo onivaaha.",0,0,0,0,0,0
emakhuwa_3_00387,"Nnakhala ni nlamuulo, ipoopa sa SaawuPaawulu khineettela ihakhi sa apinaatamu sa opwanya mihuupi",0,0,0,0,0,0
emakhuwa_3_00388,Muteko Mpeya wa Banksy wootumihiwa mwa iminuutu 10 mweesihiwaawe,0,0,0,0,0,2
emakhuwa_3_00389,Kheniyaanu kipchoge omana arekoorite ya elapo sotheene ya mphira yoola ottikhiwa Operilim.,0,0,0,3,0,0
emakhuwa_3_00390,Muhakhu woorikarika viking wookhalana miyaakha ekonto emosa oophwanyiwa okisirwa wookhalayi,0,0,0,0,0,2
emakhuwa_3_00391,"Mpantte anamavanyiha, kantitaato a tiretoore - xeraale a OMS Tedros Adhanom oniikhalela erexiime yoohaxa wa Etiyoopiya",0,0,0,0,0,0
emakhuwa_3_00392,"Masul-afrikaanu tari ootepa okhala maxenofopu waAfrika, enthoonyihera muwehaweho",0,2,0,0,0,0
emakhuwa_3_00393,Mulepi ankoolaano onixinliha mwaha wa ohixikha  wenattompe viira mwaha ori wa  iliivuru,0,0,0,0,0,0
emakhuwa_3_00394,"Olumwenku wa ihapari, makhwelo a mulopwana yoowo mwa mithinto miili soovirikana",0,0,0,0,0,2
emakhuwa_3_00395,Maporofisionaale a w'Ankoola ni Mosampiiki ni ivixitu sookhweyiheriwa,0,0,0,3,0,0
emakhuwa_3_00396,maAnkoolano amphavela otatuxa ekontentoore wa miteko soopakiwa,0,0,0,1,0,0
emakhuwa_3_00397,"Enama parasileyira ti yootepexa osiva olumwenku wootheene, onihimya Temer",0,0,0,0,0,2
emakhuwa_3_00398,Woova ni ohikupali: okhala wa maceyoriciyaano oKaali,0,0,3,0,0,0
emakhuwa_3_00399,Nikhuru na anamavirikanya nihaahiya okhwa atthu araru ni anamavulala axexe epirisawu ya Wamphula.,0,0,0,0,3,0
emakhuwa_3_00400,Mireerelo  sa  Olaleerya owakameeliwa o Teete,0,0,0,0,0,0
emakhuwa_3_00401,"Okuumi wa Luaty Beirão, mulaleeryo ankolaano ori ni epwepwetthe ya etaala, owuumaseya vanceene noovira isuumamana tthaaru ohiilyaka nnakhala etthu",0,0,0,0,2,0
emakhuwa_3_00402,N'tumpuluuku onivela ophareya ya oKatempe,0,0,0,2,0,0
emakhuwa_3_00403,"Mamosampikaano anivaanyiha mphimo wa ""ikonto tthaaru sa irantti"" wiira ovoluwiwe Waafirika ya Okuusini",0,0,0,0,0,0
emakhuwa_3_00404,Bunker King a niparari khorina tho niparari; mwiiweleleke,0,0,0,0,0,2
emakhuwa_3_00405,Namuhupi a mahooleli a RENAMO ootthukweliwa ahimyaniwa otetheererya epuruma-puruma.,2,0,0,0,0,0
emakhuwa_3_00406,Mitikiniho sa ohelelaniwa evenenu sinootepa wuncerereya Mmosampiikhi.,0,0,3,0,0,0
emakhuwa_3_00407,Niceeriya: imiiyasene sa alipo ookwa muhina mwa manyaku-nyaku onimalaru mwathanle,0,0,0,0,2,0
emakhuwa_3_00408,Atthu opweteya aanli variyari va woopwa akapwiitthi muhina mwa nipuuwa na Univerisitaate  ya Okalifooriniya,0,0,0,0,3,0
emakhuwa_3_00409,Kheeniya oniwateeriha musuruukhu enamunceene ni ohatthuka alipo amiruuku,0,0,0,0,0,0
emakhuwa_3_00410,"Mukhumelelo wa niinaano: Cartucho de Super Mario 64 onitumiha wa emilyawu 1,56 ya itoolare",0,0,0,0,0,2
emakhuwa_3_00411,Atthu yaakhala Waameerika wa Osulu wa miyaakha soophiyeryaka 26.500,0,0,0,0,0,2
emakhuwa_3_00412,Exipitali enhima wii reppi ni mulapheleli ookine khakhwiye mwaha wohikhala okisixeeniyu.,0,0,0,0,0,0
emakhuwa_3_00413,Masuku: nsipo nimmaliha etala ya minepa,0,0,0,0,0,0
emakhuwa_3_00414,Eviitiyu anti-Lula yoopaka esuseesu noomala okottihiwa,0,0,0,0,0,2
emakhuwa_3_00415,"Mapixikisatoore a siyensiya apinaatamu othatuuwa 'awana awanani Elapo' oParasiili, onihinya antoropooloka",0,0,0,0,0,0
emakhuwa_3_00416,Kuveerunu Xeeko onittyawela  ipowesiiya wiira  yaawerye apinaatamu Wii apoopwe vowanela KOVIITI- 19,0,0,0,0,0,0
emakhuwa_3_00417,Xiaomi oomuvikana Apple omerekaatu muntiyaali ya smartphones,0,0,0,0,0,2
emakhuwa_3_00418,Namatthokiherya meera a masipo oottikela ovara miteko sawe oBenkeela.,0,0,0,0,0,0
emakhuwa_3_00419,Mamosampikaano imilhawu 15 anikhala ni osikhini wootepaxa,0,0,0,0,3,0
emakhuwa_3_00420,Okontaari woomaliherya wa owehaweha wa mwaathanle wa olola wa Nyusi ni Frelimo,0,0,0,2,0,0
emakhuwa_3_00421,"Mosampiikhi,: miinabya makhaala yottiyeoeliwa ni manyakunyaku",0,0,0,0,0,0
emakhuwa_3_00422,Axunku anceene anivava aakhuruwela mipantta sikinaku sa EUA,0,0,0,0,0,2
emakhuwa_3_00423,Maruusu ni maamerikaanu anrumeela interineeti wiira awoopole alapwa oovahuwa wa Sooxi.,0,0,0,0,0,0
emakhuwa_3_00424,Mosampiikhi Reeper Azagaia owoperariwa viipa wawe mooramaceni,0,0,0,0,0,0
emakhuwa_3_00425,Okhwa wa muhooleli oMalawi pooti opwapwaneeliha mukhalelo ni Mosampiikhi,0,0,0,0,2,0
emakhuwa_3_00426,Maweheriwa a miteko sa Mpanko ootapanyeya mMosampikhi,0,0,0,0,0,0
emakhuwa_3_00427,mulipo Oparasiili ohukhuumwa ni okathi wa iyaakha17 sa otthukiwa mwaha wa nakooso ohilooka wa asuoona Omosampikhi.,0,2,0,0,0,0
emakhuwa_3_00428,kwaatu oRuusiya onuupuwelela yookhumelela ya  mphira oopacerya .,0,0,0,0,0,0
emakhuwa_3_00429,Mulattu Chang ookelatho mmatatani wa Ronald Lamola,0,0,0,0,0,0
emakhuwa_3_00430,Koviit-19 : Pilisa owemexa anamwaane 28 mwaha yaakosya mukhaleelo wa ekhalelo emukaakuve Omaniika .,0,0,0,0,0,0
emakhuwa_3_00431,Uniao Africana (Mwiiraano wa Waafirika woolaphela omukhaliherya Mosampiiki wawanana atakhali oKaapu Telekaatu,0,0,0,2,0,0
emakhuwa_3_00432,Messi ti mphiira a eweero  wa ekwaaha yanethaneeli,0,0,0,3,0,0
emakhuwa_3_00433,Bolsonaro onnivareleliha wiira Amasooniya ori ooxikheleliwa ni onnimuhimeerya Biden wiira owo onnoona wiira esoperaniya ya Oparasiili  enikhala yoowoopopihiwa,0,0,0,0,0,0
emakhuwa_3_00434,Muttetthe Mayiya khiwaareere winnuwa ovirikana nuupuwelaahu,0,0,0,0,0,2
emakhuwa_3_00435,maativixita ni kuveerunu annivirikana mwaha wa muthinto wa siita Wankooxi,0,0,0,0,2,0
emakhuwa_3_00436,"Trending: PSG eroowa o semi-finaale ya""Champions"" noovira iyaakha 25 ahireele mmpatte.",0,0,0,1,0,0
emakhuwa_3_00437,Mapoliisiya a mmosampiikhi annilaleerya mwaattelo wa mwiiyeliyo a manyaka a musurukhu.,0,0,0,0,0,0
emakhuwa_3_00438,Malaasiya: Ekampanya ya otatapwela muhokhorokho sa wameerika,0,0,0,0,0,0
emakhuwa_3_00439,"Matakaaxikare: noovira ettheku , oniirya efurakawu puliitiku",0,0,2,0,0,0
emakhuwa_3_00440,Kuverunu a wankoola ookumiha nlamulo wa owaleliwa mpaani isumana piili wa atthu ankhuma oXiina,0,0,0,0,0,0
emakhuwa_3_00441,Nakhootto  transgenero opaaka ethale nmuuxinttani mwawe woopacerya   owana mwamuteko,0,0,0,0,0,2
emakhuwa_3_00442,"Girão onihimya wiira impeachment de Alexandre de Moraes, wa STF, ookhalana imilyawu 3 sa asinatuura a mukhaliheryo",0,0,0,0,0,2
emakhuwa_3_00443,"Ohivahiwa itthuvo Mo Ibrahim ""ti muhononelo"" wa ekuveranasawu ya Waafirika.",0,0,0,0,0,0
emakhuwa_3_00444,"Exiipitu onnilaleerya moonanelo wa asarakoofaku 14 a ookhalana miyaakha soophiyeryaka ikonto 2,5",0,0,0,0,0,2
emakhuwa_3_00445,Kiine-Pisawu: Otuturyeya wapinaatamu ni onittharihela variyari va manyakunyaku,0,0,0,0,0,0
emakhuwa_3_00446,Kuveernu ni mapanifikatoore anihaavyasa wiiwanana mwaha wa esisapo ya phawu,0,0,0,1,0,0
emakhuwa_3_00447,Mwaha wa exeeni kuupa okhanyereerye awe wakumiha 8000 mamettiko eene elaponyo oParasiili,0,0,0,0,0,0
emakhuwa_3_00448,Masipo a ADN a Paulo Flores annipkhwanyaneya mwa Apple Music,0,0,0,1,0,0
emakhuwa_3_00449,Mwaavi ya ekumi para omaliha minepa sa mapensiyoniixita,0,0,0,1,0,0
emakhuwa_3_00450,Mosampiiki: Xayi-xayi mwaha wa woopopiha wa osareya maasi,0,0,3,0,0,0
emakhuwa_3_00451,Ruusiya: setempuru a 2020 waari ootepexa oviha wa miyaakha 130 sivinre,0,0,0,0,0,2
emakhuwa_3_00452,Mosampiikhi ohoona omora wa Iintisi Iparahimu,0,0,0,0,0,0
emakhuwa_3_00453,"Nikhuru nenla nnaalevelela atthu ninvekela osuwela makhwelo a nkhulupale a munisiipiyu, Mahamudo Amurane.",0,0,0,2,0,0
emakhuwa_3_00454,"Mwiitele ntoko Exitaato Uniitu:"" Tuwiiteri oohiloka"" oninyohola Ihaakhi sa isiiri someekha sa makupaano",0,0,0,0,0,0
emakhuwa_3_00455,Top Ten Nsipo Wameerika: Beyoncé tori namathanliwa oKaramy,0,0,0,1,0,0
emakhuwa_3_00456,Mwavano mosampikaano ophwanya ekwerere yohoona novira miiriira ole okumihiwa mayitho ni alipo ari anamatumiha a mireerelo sa eruutthu,0,0,0,0,3,0
emakhuwa_3_00457,Mwaruusi a iyaakha sawe 3 Okhaale vakhiini wiinokwe oRuusiya maana maayi awe khookupali wii AIDS okhala,0,0,0,0,0,0
emakhuwa_3_00458,"Namphira yoola anaakhula nsina na Mesi otthukeliwa mwiyeeri 21, masi nave yoola oleveleliwa.",0,0,0,0,0,0
emakhuwa_3_00459,Mosampiiki Exitaatu emosa ya Waafirika erina ehaali yoowalamela mwaha woowaattanela sookophiwa s'atthu otheene.,0,0,0,0,2,0
emakhuwa_3_00460,Mosampiikhi: Mameetiku ahunteererya ekhereeve,0,0,0,3,0,0
emakhuwa_3_00461,Xiina oowalela mphwanyaneyo wa Google mipantta sikinaku sa elapo,0,0,0,0,0,2
emakhuwa_3_00462,FIIFA onnakhulela wii oopaka manyala ni okoolu ya Fred ni Kamarawu,0,0,0,0,0,0
emakhuwa_3_00463,Etiyoopiya : sinirowa okhala miwuraano sa muteko sa“ Okuxererwa elapo” ephiiro emosa wiirelaka nroromelo mwa Soolya?,0,0,0,0,0,0
emakhuwa_3_00464,Okhala Wii Koviiti-19 oni wiilipiheryakaveniiro ovonyaka exikhaani mwa solaleeriwa,0,0,0,0,0,0
emakhuwa_3_00465,Okathi wooreerela wa mukhuruwelo wa Muamar Kadhafi,0,0,0,0,0,0
emakhuwa_3_00466,Mosampiikhi: Waakhula wa Ehasara ya Mupooma wa nihiku ti nihiku,0,0,0,0,0,0
emakhuwa_3_00467,Kiine Pisaawu: Anoorowa Awaatakarisi apinaatamu muhina Mokhoottelani,3,0,0,0,0,0
emakhuwa_3_00468,Ohooneneliwa pika-paawu orikarika mukano wa EUA,0,0,0,0,0,2
emakhuwa_3_00469,Obama onikhanyererya muthukumano wa Ekonkereesu wiira etthukiwe ekhatteya ya Kwathaanamu,0,0,0,0,0,0
emakhuwa_3_00470,Mosampiikhi ohapoopha anamwaane ikonto 700 oluluwana ni namaretthe .,0,0,0,3,0,0
emakhuwa_3_00471,"Nikhuru na ONU, nootthapela ovahiwaka mphurelo mulopwana anaakhula nsina na  Aldo Marchesini, yoola meetiku ni nlupa  wa tiini (phaatiri).",0,0,0,2,0,0
emakhuwa_3_00472,"Muthoonyoheryo wa Telviisawu ya oMosampiikhi anivaanyihiwa amuretini sosiyaale noomala ovira soohimwa siniiriwa "" othaanyana mwaha wa nikhuli""",2,0,0,0,0,0
emakhuwa_3_00473,"Meexiku, ehasara ya arumeeli iyaapelano anamwettaniwa yoopattuxa mixankiho",0,0,0,0,0,0
emakhuwa_3_00474,Mpahulo oniheleliha oxaya woowiiya oMosampiikhi,0,0,0,0,0,0
emakhuwa_3_00475,Wanvekeliwa ikettelo wophavela othoriha nihasu oParasiili.,0,2,0,0,0,0
emakhuwa_3_00476,Anamathokoca annisuweliha mukhalelo wa axunku ni DNA a atthu mwa mittikitthelo sa Leonardo da Vinci,0,0,0,0,0,2
emakhuwa_3_00477,"Okhuruuwa wa esisaapo ya patarooya"" enimukhanyreeriha"" Kuveeruni a elaapo ya Wankoola si wuluule mukhaleelo waettikiittiya orosameento ya",0,0,0,0,0,0
emakhuwa_3_00478,Mwasuwele pmaparasileera athanu anipheeta ele anivara aya ni anipaka elle anipheeta aya,0,0,0,2,0,0
emakhuwa_3_00479,Mureero ni Omuhela ohoolo Metrobus oMaputu,0,0,0,2,0,0
emakhuwa_3_00480,Yooyariwa oParaseloona etthineeri epheya  ya mitathaari sa oKwine-Pisawu.,0,0,0,1,0,0
emakhuwa_3_00481,Mooneelo wa nlamulo: Renamo ni MDM khoniiwanana.,0,0,0,0,0,0
emakhuwa_3_00482,oKapu- Telekaatu: muttetthewookeliya naanakhotto ni khekhanlemo orepeliwa.,2,0,0,0,0,0
emakhuwa_3_00483,Maasi ooreera ninlelo etthu enoolohiwa Wamphula,0,0,0,0,2,0
emakhuwa_3_00484,Ninyooho noolumuwana ni athiiyana oMeexiku. Mamexikaano anoonela saayi?,0,0,0,0,0,0
emakhuwa_3_00485,"KOVIT-19: opaceeriha Mukhalelo wa emukaakuve onoorowa okhala muteko ohikweya, anihinya alipo aniweha myaaha",0,0,2,0,0,0
emakhuwa_3_00486,Xoronaliixita wa elapo ya Itaaliya onnaanyiherya wi akhala manyakunyaku ni MFA ni eparitiitu FRELIMO .,0,0,0,0,0,0
emakhuwa_3_00487,"XeyooriXiya, Ruusiya: Akuveerunu khaniwerya owaakuvela apinaatamu",0,0,0,0,0,0
emakhuwa_3_00488,Kuwayit: ophanyaka mureerelo ni ekolaapusu sa Imerekaato sa EUA,0,0,0,0,0,0
emakhuwa_3_00489,"Wa khula mwaakha, Mosampiikhi onnihaleela imilyawu soophiyeryaka 500 sa itoolare mwaha wa ekorupusawu, onihimya ti CIP.",0,0,0,0,0,0
emakhuwa_3_00490,Mapilisa Omanika anithoonyiwa ni mikhalelo wasivela warupiha anamwane ni wovonyola axithiyana .,0,2,0,0,0,0
emakhuwa_3_00492,Mukhalelo wamphwaheryo wa mixinttano sa molimwinkuni sa mphira muthananiho munceene.,0,0,3,0,0,0
emakhuwa_3_00493,Mapuutu : othipeliwa nluku noopacerya oniireliwa otekiwa exiripitaali yooluluwana vamoosa ni HIV,0,0,0,3,0,0
emakhuwa_3_00494,"Trending: Ohookhwa Malik B, yoola iira mpantta wa The Roots",0,0,0,0,2,0
emakhuwa_3_00495,Manyakunyaku atthu ohisilimu ni oloopa olaayini:mukhaleelo wa Ilapo sa nttava 'a ekunya eyaakha ya 2012,0,0,0,0,0,0
emakhuwa_3_00496,Mphira wa Cooku Olimpiku onnirowa ohiyereriwa mpakha wuumalani wa eyaakha.,0,0,0,0,1,0
emakhuwa_3_00497,Manaliisita anihimya wiira kukhanle musuwanyeyo wa musurukhu a mMosampiikhi.,0,0,0,0,0,0
emakhuwa_3_00498,Muutu aarape oniliiva oxiinttiwa wa Parasiili omuxinttanoni sa olumwenku,0,0,0,0,0,0
emakhuwa_3_00499,Muhooleli wa sintikaatu oveehiwe oPenkela mwaha wa waakiha muupuwelo wa kuverunu.,0,0,0,0,0,0
emakhuwa_3_00500,Lula oniilikanyiha ni yeesu ni onihimya wiira onoomuxintta mwaathanle,0,0,0,0,0,2
emakhuwa_3_00501,Namwiipe anaakhula nsina na Lady Gaga onnimuvaha musurukhu woophiyelela ikonto miloko mithanu sa itoolari mutthu onitthuna waaphwanya alapwa iye yaala arimenle.,0,0,0,0,0,0
emakhuwa_3_00502,Xookwè ninlelo mukhalelo awe tiyokheya osareya maasi,0,0,0,0,2,0
emakhuwa_3_00503,Murima ohikhanle wa ekeekhayionkhala vapeetu wa mutthu onwereyiwa,0,0,0,0,0,0
emakhuwa_3_00504,"Xankaayi onikeleela ohoolo nibekonfinameento epooma yotheen nnamwi wixiiliha anamunceene ori siisaale, othoowa yoolya ni ohilokasa",0,0,3,0,0,0
emakhuwa_3_00505,Muthiyana mmosa anaakhula nsina na Tatiana Lima ohiya wiira mpantta ORiiyu - 2016.,0,0,0,0,2,0
emakhuwa_3_00506,KarmaTube: olaleeryaka muvirikano mmwa okawaanya iviitiyu,0,0,0,0,0,0
emakhuwa_3_00507,Anamasoma ahoonela oyareriwa onakhaliherya anamwane awaafirika wa malaariya,0,0,0,2,0,0
emakhuwa_3_00508,Joe Biden onihimya wiira ti oolikaneene wiira omureerihele Ameerika,0,0,0,2,0,0
emakhuwa_3_00509,Namakiherya a mutumereryo olattana mukhaleli a ephattu oxipaanya ohoomoliwa omosampiikhi mwaaha vowiirela mpantta muhina mwa epwepwetthe.,0,0,0,0,0,0
emakhuwa_3_00510,Messi nammana imphira onliviwa musurukhu wa okisera mwaakha wa 2020 ni onkela ekulupi ya piliyonaariyu.,0,0,0,0,0,0
emakhuwa_3_00511,"Muthokiho"" oomwareya"" opattuxa woova wiikuxererya wabitthaya sa oMosampiikhi",0,0,2,0,0,0
emakhuwa_3_00512,Mamperesaariyo oMosampiiki anunlaseya othowa wookopha musurukhu,0,0,0,0,2,0
emakhuwa_3_00513,Mphira: Yooyariwa etthineeri ya mphira ni musivelo wa oKwine Pisawu,0,0,0,2,0,0
emakhuwa_3_00514,Mamosampikaano khanirowa Okhalana tho oweereya woopwanya okumi onikhottiwa mwaha iwareelo saya,0,0,0,0,2,0
emakhuwa_3_00515,Turukhiiya: Omaalihiwa wa eparitiitu DTP onipacerya wixiiliha vowaattiwa oKurixitawu  Tuuruku,2,0,0,0,0,0
emakhuwa_3_00516,Mulaleeryo a oposisawu faranku- ruusu Koblyakov otthukiwa oPulukaariya,0,0,0,0,0,0
emakhuwa_3_00517,Mosampiikhi: Mutaaseke Irina oophiya mpantta wa osuuli saapatu,0,0,0,0,0,0
emakhuwa_3_00518,Yoothananiha nuulumo na naamphira italiyaani Giorgio Chiellini nuumala oluumwa,0,0,0,0,0,0
emakhuwa_3_00519,Mosampiikhi: porokuratoore-xeraali khontthunana ni mwaattelo wa eseelu ya mapuliisiya,0,0,0,0,0,0
emakhuwa_3_00520,CIP a Covid onnikhupali wiira sookhala itthu sooreerela omoothererya Bolsonaro,0,0,0,0,0,2
emakhuwa_3_00521,Mosampiiki enniphwanyaneya eweleka namuna ya nkhalele wa maali ovikanaka ni eyaakha ele evinre.,0,0,0,0,2,0
emakhuwa_3_00522,Wookotthiwa wa nahapaari opatthiha vasya mivaanyihano soluluwana ni wixeetta muhina mwa ilavuleelo mMosampiikhi,0,0,0,0,0,0
emakhuwa_3_00523,Ohononeya wa ekaruma onninanariha mwaarepele a muthanlo Wamphula,0,0,0,0,2,0
emakhuwa_3_00524,Ankoola: Maaraxa  emaani Okaseeke Okhotteliwa ni owaali wa Piliisa,0,0,0,0,0,0
emakhuwa_3_00525,"Orukunuwa  ipheeyo oPasiifiku:"" Okathi ninaano vaava"" wiira nikasoope ehasara",0,0,0,0,0,0
emakhuwa_3_00526,Muhooleli a intelixensiya wa Ukaraaniya onihimya wiira Putin ookhalana kanseri,0,0,0,0,0,2
emakhuwa_3_00527,"Anamatholathola ahoonenela ehimye yookhalana miyaakha ikonto 1,5 yaari ya muluku kereku okisirwa ya Opulukaariya",0,0,0,0,0,2
emakhuwa_3_00528,Washington Redskins oohiya nsinana awe mwaha wa miwehaweho rasiixita,0,0,0,0,0,2
emakhuwa_3_00529,Liima onoorowa okhaliha eseeti ya Amphiira Pan - Amerikaano a eyaakha ya 2019,0,0,0,2,0,0
emakhuwa_3_00530,Mawuritaaniya: ikuuru sa alipo olipiherya Ahaatakari alipo aniixilihasa voohitupa a moono woothiyana,0,2,0,0,0,0
emakhuwa_3_00531,"Mamosampikaanu anicxawela oMalawi Wiira ahikhale oohaaxiwa ni ikuru kuveernamentale, anihimya Freedom House",0,0,0,0,0,0
emakhuwa_3_00532,Faransa: Le Pen oomuvikana munyokhanano awe Fillon mwaha wa exikantalu,0,0,0,0,0,2
emakhuwa_3_00533,Khuuvo onilikaniha iteseena thanu ni emosa ya Emeka-Seena ni etthuvo yoottottelana mpakha imilyawu R$ 30.,0,0,0,0,0,2
emakhuwa_3_00534,"Nikhuru na mphira anmeneni Wankoola nimpacerya ni ""moono wolopwana"" oRio-2016",0,0,0,2,0,0
emakhuwa_3_00535,"""Wiiya vohi kapwiitthi"" muhina mwa ipa sanamphira.",0,0,0,0,0,0
emakhuwa_3_00536,Mulattu Emídio Macie: Etiripunaali Yuulupalexa ya Elapo ya Operetooriya ehaalevelela mulipa okaxariwa mmosa,0,0,0,0,0,0
emakhuwa_3_00537,Matakaaxikare: Vookhuma alipo omwirela mpantte wa muthukumano orowa opolokeero,0,0,0,0,0,0
emakhuwa_3_00538,Wiilepiheryo wa Luula wiira othanliwe tho ti woosuwelihiwa,0,0,0,0,0,2
emakhuwa_3_00539,"Mmosampiikhi, atthu anceene aniphwanyaneya ahikhumaka mpaani mwaha wa omwiinanela koronaviiru.",0,0,2,0,0,0
emakhuwa_3_00540,Matakaaxikara: Polokeero onaakhulasa mwa omoora ephoome esaapattu yoxeerya,0,0,0,0,0,0
emakhuwa_3_00541,Mafalume anihimyaniwa waakhela makwanka/okunyariwa woowi ehikhanyereriheke otthareleliwa ohivoloiwa pure oLuwanta.,0,2,0,0,0,0
emakhuwa_3_00542,IXooku olimpiku a Elimwe: anamattikha athanu ni mmosa a waAfirika anxinttana opekim.,0,0,0,0,0,0
emakhuwa_3_00543,Elapo ya Riiyu ti Xaneero ennikacamiheya mwaha opuluwiriwa wa mittetthe.,0,0,0,0,0,0
emakhuwa_3_00544,"Vamosa ni okumi wa Miyaalikelo sanamunceene, Mosampiikhi onakhilela othuumwa wa mikukutta sowaaryexa siniireliwa mateputaato",0,0,0,0,0,0
emakhuwa_3_00545,Mapuluusa a elapo ya Mosampiiki avara ikiilu 76 sa manyaka a rinoseronti.,0,0,0,0,0,0
emakhuwa_3_00546,Mekapuruxeetu onitthikela okawa muupuwelo oMosampiikhi,0,0,0,0,0,0
emakhuwa_3_00547,Namphira a Pafana Pafana ohokotthiwa ni itiro sa kapwitthi.,0,0,0,0,3,0
emakhuwa_3_00548,Microsoft ootthikela tho otutuxerya ni Windows 365!,0,0,0,0,0,2
emakhuwa_3_00549,ONU onnilamula wi elapo ya Mosampiiki ennirowa ohaawa ni onnivekela musurukhu woophiyelela 254 sa itoolare wi akhaliheriwe atthu a elapo yeela.,0,0,0,2,0,0
emakhuwa_3_00550,Exipaanya enimalela okhalana epiixita yoopacerya yoorukurereya moolumwenkuni enimorela ntteeke,0,0,0,0,0,2
emakhuwa_3_00551,Meeka-Seena khokhumelenle naxintta ni etthuvo yoottottelana wa mutthuvelo onirwa,0,0,0,0,0,2
emakhuwa_3_00552,Mosampiikhi: CIP oniira wii khekhanle mooniheryo mmapuro wa kompustiveli.,0,0,0,0,0,0
emakhuwa_3_00553,Okhwa wa anamwane muxankiho muulupale wa Mosampiikhi,0,0,0,0,2,0
emakhuwa_3_00554,Mulipo Ohiitto - Waafirika  onilaleerya wookotthiwa  wa mulipa omosampiikhi Emmanuel Sithole,0,0,0,0,0,0
emakhuwa_3_00555,Macokatoore amphiira anisiliiha vowanana mitumereeryo wa muxiittano ewuropeewu sup21 oroowa wiiraneya Wisarayeeli,0,0,0,0,0,0
emakhuwa_3_00556,Mirutthu siphpwanyiwe muhina mwa ilokalitaate sa oMeexiku khahiyo sa asoomi arimelaase,0,0,0,0,3,0
emakhuwa_3_00557,"Messi olavula iiraka "" khanirowa wiira mpantta"" muselesawuni.",0,0,0,0,2,0
emakhuwa_3_00558,maMosampikaano yomoliwe waAfirika a oSuuli mwaha wa wiiyiwa ewooro,0,2,0,0,0,0
emakhuwa_3_00559,Miyaataanelo Ilapo sa Wiiraana/ Aafirika; Maafirikaanu anikohererya muvarelo awe muteko Obama,0,0,0,0,0,0
emakhuwa_3_00560,Mosampiikhi onnireeriha  ePareke Nasiyonaale ya Arikipelaku ya Pasaruutu,0,0,0,2,0,0
emakhuwa_3_00561,Nikhuuru n'a alipo ohisilimu oParasiili Univeeca ninikhanyererya muthokooso sooluluwana ni wokottiwa wa Dom Phillips ni Bruno Pereira,2,0,0,0,0,0
emakhuwa_3_00562,Poliitiku intiyaanu ookhalayi ookhalayi okhwaale woopeliwa wooniwaka muhina mwa TV,0,0,0,0,0,2
emakhuwa_3_00563,Mapoliisiya sul-afrikaanu oparisiwa wa iyaakha 15 sa otthukweliwa mwaha  wookwa mamosampikaanu.,0,0,0,3,0,0
emakhuwa_3_00564,Nahapari ni mwakiheru a Ihaakhi sapinaatamu Luis Carlos Díaz toktthukiwe mwaha wa ikuuru saliipo a sekuraasa oVenesuweela,0,0,0,0,0,0
emakhuwa_3_00565,Wacerereya wa axiitthu Chikungunya oKarayiipa,0,0,0,0,2,0
emakhuwa_3_00566,Muxintto Olumwenku wa mphira: Atthu Ooparaziill ankoha anlivya aya.,0,0,0,0,0,0
emakhuwa_3_00567,"Muphutthelo wa elenta, onimora mwa doping.",0,0,0,0,0,0
emakhuwa_3_00568,Nivekeelo na senatoore noohihimuxa Miruuku soovukula nlamulo na okurumula ehamela,0,0,0,0,0,0
emakhuwa_3_00569,"Ni othoowa wa mireerelo, Mamosampikaano onipakelerla muhina mwa omalamaliha Koviit-19",0,0,0,0,0,0
emakhuwa_3_00570,"UA, Sinkapuura: Nttittimiho' noothuma amwaseeta orumeelaka ikartaawu sa okoopha",0,0,0,0,0,0
emakhuwa_3_00571,Woothikileliwa opakhiriwa atthu ni kampoyi variyari ya Mosampiiki ni w'Afirika y'Okusini.,0,0,0,0,2,0
emakhuwa_3_00572,Mukhalelo wa  muhakhu wookophiya enoohoona empereesa yuulupale ya itorokarponeetu,0,0,0,0,1,0
emakhuwa_3_00573,Mwiira oloolana nie “nihantisi sohitteyiva” dsa Saawu Paawulu niPeriisipe,0,0,0,0,0,0
emakhuwa_3_00574,Kiné Pisaawu: ookwa aanli mwaha wowaakariwa Epaase Yatoropa,0,0,0,0,3,0
emakhuwa_3_00575,"wAmasooniya parasileera, ovarihaniwa mihuuru ni ekwerere enihooleliha miriira sa ehasara",0,0,2,0,0,0
emakhuwa_3_00576,"Maputu onimutholathola mpatthani wiira amwaakihe LAM, namawehaweha onihimya wiira onikhala ntoko onwurya ""axipiriina'.",0,0,0,0,0,0
emakhuwa_3_00577,"Ekoolo ya oMeexiku ennitannya ""etetere woopakiwa"" mulaponi",0,0,0,0,0,0
emakhuwa_3_00578,"Ntoko salvatoreenya, EUA yathoonyerya ni wikhupaarela wiixirela miyo.Ninaano wokurumuwa, eyo enikurumuwa",0,0,0,0,0,0
emakhuwa_3_00579,Xeefe a Fifa opwavela puro mayiili awafiriika muhina mwa niira na Mutiyaale na mphiira.,0,0,0,0,0,0
emakhuwa_3_00580,Kuveerunu wa elapo ya Mosampiiki  okuruxa ihisapu ya ephaawu.,0,0,0,2,0,0
emakhuwa_3_00581,Mutthenkeso wa mphira elapo yo Kaana onihimyaniwa otapaanya sa mirereelo saamphira,0,0,0,0,0,0
emakhuwa_3_00582,Matipolomaata a waAmeerika anvekela wii avoloweliwe muhooleli ooSiiriya.,0,0,0,0,0,0
emakhuwa_3_00583,"Leonel Messi, mulipa a omusuwelaxa mphira wa ikwaha thanu.",0,0,0,3,0,0
emakhuwa_3_00584,"Koronaviiru: Atthu owaatta yaphwanye eretta yeela elapo ya Ameerika ari anooriipe, maxipaaniku, masiyaatiku ni aneene elapo yeela ya Ameerika.",0,0,0,0,2,0
emakhuwa_3_00585,Anamuteko akhalayi ooTeximokhi  aniwala nipuro nle ni anoopopiha ni sootutuxa,2,0,0,0,0,0
emakhuwa_3_00586,Metiiku a Exiripiraali ya Malance anivanyihana ohilokasa wa miteko.,0,0,0,0,0,0
emakhuwa_3_00587,Diego Armando Maradona: Opooma wo Fiorito wotthapa ni namasuwela,0,0,0,0,0,0
emakhuwa_3_00588,Kaana oomutthukwa Repuupilika Xeeka ni ookela Nikhuru E,0,0,0,0,0,2
emakhuwa_3_00589,Tinamaaraka ohoonanela wiira makhwelo a intuuxitiriya a visons ti 'ehapari yooreera' ya ephattu,0,0,0,0,0,2
emakhuwa_3_00590,Koreeya ti Suuli ni Xiina:  Soohisuwanyeya soluluwana opweteeya wa Mukhulupale koreyaanu,0,0,0,0,2,0
emakhuwa_3_00591,"Ekhotto, maloove ni mixaakiho waAsiya Senteraale",0,0,0,0,0,0
emakhuwa_3_00592,"Mosampiikhi oninnuwiha elisensa ya enupa enyariya anamwane , nave khenreriha mukhalelo waale ahinvara muteko okuveerunu.",0,0,0,0,0,0
emakhuwa_3_00593,Iwe onipwehiwa musurukhu a ilapo ni ilapo aniwehaxxa mitthokiheryo miteko (sinreerela ovara) sa kaaxi Omosampiiki,0,0,0,0,0,0
emakhuwa_3_00594,Mulopwana oxittale ekwaha emosa tuoorowa mmekhuuluni masi ohikhalane ehakhi yowixeetta vaTthayani,0,0,0,0,0,0
emakhuwa_3_00595,"Namathola a elapo ooruma opahiya irutthu soohawa sa mattekenya, teputatu akhalayi a Renamo",0,0,0,0,0,0
emakhuwa_3_00596,Kuveernu ni Renaamu aakhala ookwerethasa olelo wiiwanana osya ohikhala ekhotto,0,0,0,2,0,0
emakhuwa_3_00597,Onyokhana wakhalayi mamaxiixita aniruuhela ehasara ya wookotthaniwa muhina Okathi wotuphela Eyaakha Esya oParasiili,0,0,0,0,0,0
emakhuwa_3_00598,Ni bloggers aroowa weemela mukhatteya mwaha soolepa aromolaka ihakhi sapinaatamu Wetiyoopiya,0,0,0,0,0,0
emakhuwa_3_00599,"Wa mukhumelelo woopacverya, minupi sa atinasoowuru ni munupi wa nrattha soophwanyiwa Owaafirika",0,0,0,0,0,2
emakhuwa_3_00600,ONU ophavela okhaliherya Mapuuto wiira okhale epooma emosa wowixeetta ni nnroromelo vireliwaka athiyana.,0,0,0,2,0,0
emakhuwa_3_00601,Ni mukuthaano owaneliwa oliiva itthuvo sahaleela omuwateeriha Kamarwu omuttikha mphira oniirani,0,0,0,0,1,0
emakhuwa_3_00602,Okwa wa ephome ekithi wa ttuutthu itiixina oniviira voohisuwanyeya oParasiili,0,0,0,0,2,0
emakhuwa_3_00603,Miyuraano solaleerya sa oxiina amaala mwa ehasaara yiiraneeye vaxikola yavekuluuttu yeele,0,0,0,0,0,0
emakhuwa_3_00604,Soophwanyiwa minuulu sa ipuri mukano wa Ilapo Soowiiraana,0,0,0,0,0,2
emakhuwa_3_00605,Mosampiikhi onithoonyerya mwapoophe okupaleeliwa oniwanana ettekuuxa,0,0,0,3,0,0
emakhuwa_3_00606,"Wiyeemeni vkhott, ohisuuwela itumereryo ni orukunuwa wa ipheeyo siiri sinihoolela??mwaha woothowa nimaasi",0,0,0,0,2,0
emakhuwa_3_00607,Mosampiikhi: vohikhalana sinceenewiira othapeele nihilo Noopacerya na mweeri a Maayu,0,0,0,0,1,0
emakhuwa_3_00608,Okhanyereriwa wonanara wa athiyana oomosampiikhi ennikhumiha muxankiho,2,0,0,0,0,0
emakhuwa_3_00609,Manyakunyaku ni Lei Marcial o Brooklyn mwaha wa exariiya ya wookotthaniwa wa Kimani Gray,0,0,0,0,0,0
emakhuwa_3_00610,"Nakhuru sa ophaka isukhiri anninuw, nave nto mixankiho sinceene, anahima anamoona.",0,0,0,1,0,0
emakhuwa_3_00611,KOVITE-19: Mosampiikhi ootthukulela ixikola vakhani vakhani ni ootthuniherya ovava matteeke khamosa khamosa,0,0,0,1,0,0
emakhuwa_3_00612,Waraapiya: Polokeero marokiinubohatakari oKoolufu Peerisiku,0,0,0,0,0,0
emakhuwa_3_00613,PCC onnipuhuweliwa 511% wa miyaakha 2 ni eriyari,0,0,0,0,0,2
emakhuwa_3_00614,Wuutuwanyeya wa opuro onithipiwa maluku onitanyerya  15 myaha sookwiwa Oteete.,0,0,0,0,2,0
emakhuwa_3_00615,Mosampiikhi: Otupweeoiha ni waakiherya okuumibwa mpahari,0,0,0,2,0,0
emakhuwa_3_00616,Efaramaasiya ya esnturu ya ekumi Omanika yootupheliwa ni alipa yaari nikapwitthi.,0,0,0,0,0,0
emakhuwa_3_00617,Masaakere a Omarikana: Jacob Zuma onniroromeliha opaka muthokoco wa miteko sa mapuliisiya,0,0,0,0,0,0
emakhuwa_3_00618,Osareya maasi onnopopiha o suuli wa Mosampiikhi,0,0,3,0,0,0
emakhuwa_3_00619,"Nikhuru nalipo ottwawela a Wameerika Senteraaleonirowa Mpakha mikano wa Exitaato Uniitu ovekela mukhupaarelo, masi anamunceene nnakhala khonirowa wateeteriwa",0,0,0,0,2,0
emakhuwa_3_00620,Iilya ya Koowa ni Seena sootthuka mikhora saya mwaha wa nkutakutho yoola wiiranen'ye.,0,0,0,0,1,0
emakhuwa_3_00621,Ntteeke na ekhotto amerikaanu ninvava vooheettihiwa ni mutthu,0,0,0,0,0,2
emakhuwa_3_00622,Mwanawe Pele ootthukeliwa miyaakha 33 sri mukhatteya,0,0,0,0,0,0
emakhuwa_3_00623,Obama oomuvaha muteko wa Supereemu a Ilapo Soowiirana latiina oopacerya,0,0,0,0,0,2
emakhuwa_3_00624,Axensiya Nasiyonaali a Patarooya ohoonanela ereserivatooriyu epheya,0,0,0,0,0,2
emakhuwa_3_00625,Makhuru na matteeke a elapo ya Mosampiiki onirowa opacera weetta arowaka nttetthe wa Uniyaawu Ewuropeeya.,0,0,0,3,0,0
emakhuwa_3_00626,Tixikuurusu anthalu ti ekeekhayi “cavalo de Troia” sa othiiyana omeexiku,0,0,0,0,0,0
emakhuwa_3_00627,Miira othapela  olattana mmphira muhina mwa nlaka na mphiira KAN otnyerya opweteya wa atthu 3 o Kine-Pisaawu,0,0,0,0,3,0
emakhuwa_3_00628,Ihakhi sa anamunceene siri soowoopopiha: ophiya ikhomoni wa Olumwenku sa mithinto sa oweha-weha wa ilapo Sowuraana,0,0,0,0,0,0
emakhuwa_3_00629,Mosampiiki ennirowa olempwa exariya yoowaarulela erutthu wala iphatte sa erutthu  atthu yaale oniwereyiwa,0,2,0,0,0,0
emakhuwa_3_00630,Vano ohanle 20 macoco oMosampiikhi,0,0,0,0,1,0
emakhuwa_3_00631,Ohikhala nroromelo ni mwaha sinooniherya oreeriheliwa Mwiwanano wa oPutapeesiti mpantte a Parasiili,0,0,0,0,0,0
emakhuwa_3_00632,Ilatarato sa NASA sinooniherya maasi aphempaka Mmaariti,0,0,0,0,0,2
emakhuwa_3_00633,Ekonya yuulupale yookela mukampu mwa koolife mukano wa Ofoloorita,0,0,0,0,0,2
emakhuwa_3_00634,"Otuphela na nikhuru na RENAMO, yoopattuxa ovaanyihana sa mihuupi oMosampiikhi.",0,0,0,0,0,0
emakhuwa_3_00635,"Mukumano wa Nyusi ni Dhlakama woovukula waaniheryasa, nnya sookhala sinireerela ophuka.",0,0,0,1,0,0
emakhuwa_3_00636,"Muratti onikaxari ni onitthikela oveyiiha "" ekiliinika yowavoniiha makeeyi"" ni ensaayu ya ilataraato",2,0,0,0,0,0
emakhuwa_3_00637,Yookophiwa ya imetikaale 50 ahakuxereriha okhwa atthu acexe oMossampii,0,0,0,0,0,0
emakhuwa_3_00638,Muleepi ankolaano Ondjaki oxintta etthuvo ya ilepeelo oFaraasa,0,0,0,2,0,0
emakhuwa_3_00639,Mmiraavo siiriyu ohophiwe ni mukhoyi apinaatamu maperuwaanu  awiirelaka anaaya ekeekhayi ohaaweene,0,0,0,0,0,0
emakhuwa_3_00640,"Makolaana anixuulihasa vowanana ikootiku ya ihukhumu esya, eniwateerha okurumula ehamela voohithanlela",0,0,0,0,0,0
emakhuwa_3_00641,kwatemaala:  Muhooleli okhuuma Partillo ohukhumwa mwa iyaakha  tthanu sootthukweliwa,0,0,0,0,0,0
emakhuwa_3_00642,"Netizen Report:okhuuma oPoorutu Riiku mpakha oPankalateexi, ewiriiphi sa ikaruuma tixitaale anamattikha khathoowa apinaatamu",0,0,0,0,2,0
emakhuwa_3_00643,Nikhuru nanamaloola iretta axankihiwa mwaha wa wakhula wa kuverunu a wankola mwaha wa ekereve.,0,0,0,0,3,0
emakhuwa_3_00644,Google oomoomola enxinyeyiru olavunle wiira Intelixensiya Aritifisiyaali yookhalana muupuwelo,0,0,0,0,0,2
emakhuwa_3_00645,"Mantiixina aniirwa yoopopihaka woopola oTuraatu, muhina mwa etakwa Wootikana ya Osuuli",3,0,0,0,0,0
emakhuwa_3_00646,"Ni mukhaliheryo a maafa, Azagaia oopwanya mureerelo wiira wooperariwe viipale awe Wiitiya",0,0,0,3,0,0
emakhuwa_3_00647,Mwaattelo woophiyeryaka ekintu emosa ya axithiyana a mmosampiikhi aniyariha ahipixenrye miyaakha 15.,0,0,0,0,2,0
emakhuwa_3_00648,"Kuveeruni Omosampiikhi ni  aliipa okoopheliwa akhoopela aari ni "" mivaanelo sootepa awalamela"" Olootere.",0,0,0,0,0,0
emakhuwa_3_00649,Mireerelo sa ephattu woottiyeliwa ni woopiha: Exeeni enithalakasa ataake ota wa elapo ya Mosampiikhi?,0,0,0,0,0,0
emakhuwa_3_00650,Mosampiikhi: ONU onpheela ikonto 30 ya etoolare woowira  yakhaliherye atthu ale oohaawa wa epheyo ele evinre.,0,0,0,0,2,0
emakhuwa_3_00651,Anamathokoca a Wiixirayeeli ahoonenela etinta piipilika yoorikarika  mwa epittula ya ekuwo,0,0,0,0,0,2
emakhuwa_3_00652,Osiikhini ni opuherya opuheriwa wa anamwane wAnkoola onooniheriwa muliivuruni,0,0,0,0,0,0
emakhuwa_3_00653,Wamphula: MISA onyohola woopopihiwaa alipa oohimya ihapari ya Raatiyo Enkonturu.,2,0,0,0,0,0
emakhuwa_3_00654,Netizen Report: Empereesa ya itekonolooxiya Nooroti -amerikaana sinihimya otthuli ivolowelo munikhuruni etokweene ya akunya mwaha wookupali “papaaka”,1,0,0,0,0,0
emakhuwa_3_00655,Matakaaxikare: Eviitiyu ya onyokhana worumeeliwa Ikapwitti variyari va ikuru sa alipo ariina ikapwitti awanaani,0,0,0,0,0,0
emakhuwa_3_00656,Namwikumiherya okhala mukhulupale eelapo onihimya wiira khaakhenle yoovahiwa ni Estaatu wa mweettelo aawe wa mmwaathanle,0,0,0,0,0,0
emakhuwa_3_00657,Nikhuru na marepulikano alepa ewarakha ephaveleya wiira okhottiheriwe Obama mwaha wa othamiwa.,2,0,0,0,0,0
emakhuwa_3_00658,"Liipanu: Muloko ni mmosa Maapuru a Ekapineeti Ahiya muteko, Nomuxintta Kuveerunu",2,0,0,0,0,0
emakhuwa_3_00659,Miteko sa mwathanle wAfirika khisinkhala sokhalelana - D. Jaime Gonxalves wa nvaanelo ni VOA.,0,0,0,0,0,0
emakhuwa_3_00660,KOVITI-19: UNIITA onnimutumererya Kurunu wii ohiime  efase ya muttetthe wa orava eretta,0,0,3,0,0,0
emakhuwa_3_00661,Mutokweene a mmwe Oniphukiwa milattu sa waameerika onnikottiherya mukhanyereryo wa ivasina muhina mwa impereesa,0,0,0,0,0,0
emakhuwa_3_00662,Papa Bento XVI onihimya wiira onoohiya okhala paapa,0,0,0,0,0,2
emakhuwa_3_00663,Nyusi onisuwela okhala woovila osuwela exeeni eniriha mutuphelo wa oKaapu Telkaatu,0,0,0,0,2,0
emakhuwa_3_00664,Nikhuru n'a maxieremiixita somaali al- Xapaapi nookhala Okhalana ottuli wa ataake mMosampiikhi,0,0,0,0,0,0
emakhuwa_3_00665,Wankoola mwaakha woheetthu oophiya namasivela a meera a Cannes,0,0,0,2,0,0
emakhuwa_3_00666,Mosampiikhi: Isisapo sa volowana mmutthatooni mowuunuwav rakameelo sa waAfirika sotanyerya manyakunyaku,0,0,0,0,0,0
emakhuwa_3_00667,Aparaaso wa Fidel Castro yotatuxa mukhalelo wa mosampikaano  mmosa,0,0,0,0,0,0
emakhuwa_3_00668,Mithukumano simphavela opaka masoma  wii evukule othelana ohinatthi ophiya okathi,0,0,0,3,0,0
emakhuwa_3_00669,Macapuneexi ahasomiha  manamuna a ikettelo soreera otharihela o Parasiili,0,0,0,0,0,0
emakhuwa_3_00670,Avayi ooxintta ekoolu emosa ya koleyiru,0,0,0,0,0,2
emakhuwa_3_00671,Kuveerunu onihiiha miina ya ewooro Omanika wiira omaalihe wiituwanyeya,0,0,0,0,0,0
emakhuwa_3_00672,KOVIT-19: OMS oowerya wiiwanana wa miili imilyawu ithanu ni iraru sa toolare wa  vasina ya eretta,0,0,0,2,0,0
emakhuwa_3_00673,Osuwiisa: Makhulupale tho akina a FIFA avariwa mwaha wowanyihereriwa ovara sa makhwankhwa.,0,2,0,0,0,0
emakhuwa_3_00674,Global Voices Podcast:  Ikaaruma isya Sinilipiherya!,0,0,0,0,0,0
emakhuwa_3_00675,Maniniixituru mayili ookhalayi a STF aalakela omuthanla Lula,0,0,0,0,0,2
emakhuwa_3_00676,Maasa a epheyo polaare yoomalamaliha itemperatuura wa ikapitaali thanu ni tthaaru,0,0,0,0,0,2
emakhuwa_3_00677,Mosampikhi ookhala okhalaka mwa nlaka Oscars wa ekwaha yopacerya,0,0,0,2,0,0
emakhuwa_3_00678,Mulopwana yoola okhwiiye asimwa Chadwick Boseman otthuveliwa ni wooru.,0,0,0,0,0,0
emakhuwa_3_00679,"CVMA: Nelson Freitas, nawiipa ooKaapu-veriti a mwaakha",0,0,0,0,0,0
emakhuwa_3_00680,Mulipe onikuxa epantera ya Onamiipiya ootthukweliwa mwaha wa ophavela ompecari namaxukurya,0,0,0,0,0,0
emakhuwa_3_00681,Nilaleeyo muhina mwa fesipookhi nikhoottelaka waakameliwa muttetthe oKirimeeya otanya okuruxiwa muteko a nahapaari ruusu,0,0,0,0,0,0
emakhuwa_3_00682,"Mafirikaano' anivaha yoosoma' ya osuwela otumereerya  wa muhooleli a Elapo ya EUA Noomala otikiniihiwa soolumwenku ni soohimwa sa "" onyokhana mwaha wa nikhuli""",0,0,0,0,0,0
emakhuwa_3_00683,Mmorelo wa epereetiyu ya Wintiya woowiiva atthu 4,0,0,0,0,0,2
emakhuwa_3_00684,Namapintaari OKaapu Veerti Sandra Lopes ohoona othunku mwa Mooniheryo Tupayi-2020,0,0,0,0,0,0
emakhuwa_3_00685,okhala masaakere a Tlatelolco amupaka Raúl Álvarez Garín mwene mmosa mexikaano wa Okathi ola oleelo,0,0,0,0,0,0
emakhuwa_3_00686,"Muuro toottapitta, mukhulaaku etthu yowaawa': nttophe noowunkha nittheliwe ni alipo anithiipa maluuku oParasiili noophiya mupahari mwa Atalaatiku.",0,0,0,0,0,0
emakhuwa_3_00687,Mithinte sohikhala sa kuverunu sinimotherya mukhulupale elapo ya omosampikhi wiira khonisuwanyeya.,0,0,0,0,0,0
emakhuwa_3_00688,Mosampiiki ohaafetariwa ni Kovite-19 ni otupheliwa ohitto ni eriyari ya elapo,0,0,0,0,3,0
emakhuwa_3_00689,Mawuxitaraliyaanu aaxinttasa Nobel ya Metisiina,0,0,0,0,0,2
emakhuwa_3_00690,kOVIIT-19 : Koveerunu o Saawu Toome ovonyerya muthokiho a mukhaliho wa alipo anivara muteko sa omeekha ni PR onivekela mulimalelo wooneya.,0,0,0,1,0,0
emakhuwa_3_00691,Namwiwa mosambikanu onhuwa ekipa ya  mphirya  weera  ovahe yothanla yamahala ni ekumi  yothweeliha para  amwaavana.,0,0,0,1,0,0
emakhuwa_3_00692,Komite Olimpiiku enhaakhoottiha ale aninweha imphira a ilapo sikina wa mphira wa Tookiyu.,0,0,0,0,0,0
emakhuwa_3_00693,Moopopiho Musya mwa wiithalapwa wuuluma othi wa Aasiya eyaakha ya 2017,0,0,2,0,0,0
emakhuwa_3_00694,Muratti oleexiti wAafirka onaapwanya anamasiveliwa a olumwento woteene ni orumeelaka mulaleeryo awe a pulookhi,0,0,0,0,0,0
emakhuwa_3_00695,Ekumi enaakilaathiha khinaaleliha  ipaartiitu poliitiku,0,0,0,0,0,0
emakhuwa_3_00696,Mixikwiitti isya sa mixankiho sa Itumereeryo oSawu Toome Piriisipe,0,0,0,0,0,0
emakhuwa_3_00697,"Yaya Touré, othaliwe ni mukhaleelo wa muliipo amuttikha mphira othaleleya Afirikaano a eyaakha ya 2013",0,0,0,3,0,0
emakhuwa_3_00698,"Namalepa suuli-afirikaano, Mbongeni Ngema  khaniira mpantta wa esipo "" Sarafina"" mwaha wowaavaravara athiyana woohikhalelanavo.",0,0,0,0,0,0
emakhuwa_3_00699,NASA onookela orihela nsipo na Beatles osulu,0,0,0,0,0,2
emakhuwa_3_00700,Makhulupale a elapo ya Mosampiiki sootthuka empereesa soophiyelela 23 mwaha woowavaha miteko atthu anikhuma ilapo sookhopela.,0,0,0,0,0,0
emakhuwa_3_00701,Netizen Report: Wuluula onitthikela nnaamwi epwepwetthe etepaka okhala yootepa oVenesuweela,0,0,0,0,0,0
emakhuwa_3_00702,Onyakulihana oMosampiikhi: Soxooku onkhootta oliva itthuvelo sa imphira,0,0,0,0,0,0
emakhuwa_3_00703,Kuruxi Veremeelya aniphavela ikonto 700 sa itoolari owiirela aka alipo okhume mmuttettheni mwaha wa epwepwetthe ya wosarya maasi Omosampiikhi,0,0,0,0,2,0
emakhuwa_3_00704,"Moono wa aafori kolompiyaano, othaanyana mwaha wa nikhuli  a mapuuro onivariwa Miteko tevemoosa ya ekeekha wa nihiku tiniihiku",0,2,0,0,0,0
emakhuwa_3_00705,Guinness: parasileyira ooxintta mulapuwelo wa muro wa lava,0,0,0,0,0,2
emakhuwa_3_00706,KOVIIT-19: Kaapu Veerete  oolepa  mwaattelo  otepa  waatta  nihiku  nimoosa  paahi  ni  ohaala  mittetthe  enilavuliwa  akunya  sirina  myaaha  soovikana.,0,0,0,0,3,0
emakhuwa_3_00707,Meera a nihiku na muthiyana wa ilapo khamosa-khamosa nitthapeleliwe ni mompereryo womalamaliha sa manyala sowiiyiwa ni ottyawihiwa atthu.,0,0,0,2,0,0
emakhuwa_3_00708,Mutthenkeso wohikhala oofalume onnathoonya aweri opisiha okhalela wa mitthenkeso sa mulaponi wahu wa miteko sa nakoso.,0,2,0,0,0,0
emakhuwa_3_00709,Oolipiheriwa athiyana aliimi: ehuuoelo eribyoreerela viirelaka omaalamioihwa etaala?,0,0,0,0,0,0
emakhuwa_3_00710,Mwaana otthukweleliwa vanipottoni: otakhala woolipiheriwa mwaha wa nikhuli vathuruvene mapuuro owooneyaxa o Riiyu ti Caneero,0,3,0,0,0,0
emakhuwa_3_00711,Opuro oneemela akareera mohitthunyeliwa nnakhala moohireeriheliwa ahooniherya ivirikaneelo variyari va ikuluuttu sa oSaaw Paawulu,0,0,0,0,2,0
emakhuwa_3_00712,Marinha faransesa oophwanya ekanyero  ya karavatoore ya masu ya Exipitayiri,0,0,0,0,0,0
emakhuwa_3_00713,Muhakhu wa Mosampiiki oninnuwa vakhani ovirikana saaniheriwaaya,0,0,0,0,2,0
emakhuwa_3_00714,KOVITY-19: maMeetiku mosampikaano ananariwa ni sixitema mwaha wowixoona ohikhaliheriwa,0,0,2,0,0,0
emakhuwa_3_00715,Anamathokoca ahoonanela mananna makinaku a mweettelo wa inowa sipheya,0,0,0,0,0,2
emakhuwa_3_00716,Maxanyooli anipaka erefereetu wiinathaale mukhaleelo okumi  owulaana,0,0,0,0,0,0
emakhuwa_3_00717,Mamarikaana: okhuuma wa poola a mixiittano sa ekoopa,0,0,0,0,1,0
emakhuwa_3_00718,Nyusi ni Dhlakama aathukumana mukwaha wanenli okathi wa mahiku manli.,0,0,0,2,0,0
emakhuwa_3_00719,Orattela olavuula anti Xiina wa Bolsonaro  waroowa olyihaka onyokhana variyari ni masiyatiku oParasiili.,0,0,0,0,0,0
emakhuwa_3_00720,Uwiila:  Exiripitaali Katooliku enilipelela okathi wa iyaakha thaaru mutumereryo owakhulela wiira etthukuliweke.,0,0,0,0,0,0
emakhuwa_3_00721,Muhooleli wa institutu nasionaale  ya sekuransa mmuttetheni ootthukeliya mwaha woowotororya muhakhu,0,0,0,0,0,0
emakhuwa_3_00722,COVITE-19: OMS onimukhaliherya Mosampiikhi wiira alipiherye oxaka otepa wawe,0,0,0,0,0,0
emakhuwa_3_00723,Kinee-Pisawu:Anamwithonyherya anivekela ekontoroole ya isisapo,0,0,0,0,0,0
emakhuwa_3_00724,"Vohipheyo, aretta ariina Koviit-19 aniikwasa mwaha woottiyeliwa iphulu oManawu, epooma eriyaari ya oParasiili eriima ya Apasooniya",0,0,0,0,0,0
emakhuwa_3_00725,"Kiine-Pisaawu:Exipitaali yohaawa"" okarakanyuwa"" mwaha wa ekoolope ti estaato",0,0,0,0,2,0
emakhuwa_3_00726,Treanding : Messi oniphavela omuttikha mmphira Oxitaatu Uniitu ya Ameerika.,0,0,0,0,0,0
emakhuwa_3_00727,Mosampiiki: Peresitente Nyusi onilopola wiira wikhanyaanya wiireliwaka murettele,0,0,0,2,0,0
emakhuwa_3_00728,Mosampiikhi: minixituru akhalayi ohkhuumwa mwaha wa makwaankwa,0,0,0,0,0,0
emakhuwa_3_00729,Oluwanta onkhomalihiwa okhala wovaanela ni wa murettele,0,0,0,2,0,0
emakhuwa_3_00730,Neymar onaavekela musammiho apatthani awe a imphira ni ohiya eselesawu o Xile.,0,0,0,0,0,0
emakhuwa_3_00731,Olumwenku Akhiyaarabu: Weyiiwo ale khamosa khamosa ari ni mulala mwaha wa Osama Bin Laden,0,0,0,0,2,0
emakhuwa_3_00732,Romário oovariwa wa antidoping,0,0,0,0,0,2
emakhuwa_3_00733,Voovukuwa mwattelo wa 10% wapinaatamu anikhala waAfirika othi wa osahaara akhalana maluuxu. Taani eniira yiiraneyaka wiira yeeyo erukunu?,0,0,0,0,2,0
emakhuwa_3_00734,Mwaaxiitthu a korona: asomi 16 Ookaapu-Veerete enikhala muttetthe wa ehasara nnya akumi,0,0,0,0,0,0
emakhuwa_3_00735,"Mosampiikhi: Mutumbela Gogo onihela tho ekaruma ""Matata a Anooriipe"" wiira ohimye mwaha wa ohitthariwa ihakhi.",0,0,0,0,0,0
emakhuwa_3_00736,"Muhina mwa #SOSVenesuweela: """"  atthu Olumwenku, mnikhaliheryase!""",0,0,0,0,0,0
emakhuwa_3_00737,Muhooleli wa mmpani awamphula ootthukweliya mwaha woohiwelela sooruma.,0,0,0,0,0,0
emakhuwa_3_00738,Mohooleli a Mwalaano Opacerya Purutukeexi onixukurya Elapo ya Ankoola ni  siniimana mivaanyiho muhina mwa reeti sosiyaale,2,0,0,0,0,0
emakhuwa_3_00739,Mosampiikhi: Pispu anklikaanu Dom Carlos Matsinhe oothanliwa mukhulupale a CNE,0,0,0,0,0,0
emakhuwa_3_00740,Munookhalanasa Ninyoho ni makwaankwa oMeexiku opwanyererya mpantte woothowa ni waatakariwa wa Ayotzinapa?,0,0,0,0,0,0
emakhuwa_3_00741,Namphira ole onaakhula nsina na Ibrahimovic olola mwaha wa ekoolu yeele mwaakha.,0,0,0,2,0,0
emakhuwa_3_00742,Koviit19: Alipo anikhala mitttetthe sa Oluwnta  ni  Osumpe khanisuwela mutumereeryo  wa  owanela ekwerere.,0,0,0,0,2,0
emakhuwa_3_00743,Maradona ohiivahererya omuterenari Arixentiina wa mahala.,0,0,0,0,0,0
emakhuwa_3_00744,Maamerikaanu aamuxintta mutiyaali a neexexe a Mphira.,0,0,0,2,0,0
emakhuwa_3_00745,Nahapaari kinenxi orumeela voohisuwanyeya Wankoola,0,0,3,0,0,0
emakhuwa_3_00746,Mosampiikhi: Namuhupi onrowa ovekela wa mutthukelo mwaha wa yoowootherya,0,0,0,0,0,0
emakhuwa_3_00747,"Mooniheryo emaani ohelereriwa: Parasiili ovolooha ekoore "" ekoopa ya oOlumwenku ya Interineeti""",0,0,0,2,0,0
emakhuwa_3_00748,Minupi sa tinasowuru soophwanyiwa Waarixentiina sinimalela okhala sa mwaamunama ootepexa winnuwa muhantisini wa elapo ya vathi,0,0,0,0,0,2
emakhuwa_3_00749,Fidel Castro ookela muliivuruni Kwinensi ni mikhumelelo soowaatta sa mpaceliyo awe,0,0,0,0,0,2
emakhuwa_3_00750,Musuuwele mithokiiho 9 sa  nlamuulo n'a ihakhi soosiyuampiyentaale oParasiili,0,0,2,0,0,0
emakhuwa_3_00751,Liipiya:Qaradawi onivonyerya nlamulo na etekereto ninuukuttha ehukhumu yookwa ya Gaddafi,0,0,0,0,0,0
emakhuwa_3_00752,Kuveerunu wa elapo ya Mosampiiki owala misikitthi seyiya mwaha wi aniswali anamatakhali yaala awiivasa atthu epooma ya Mosimpwa ta Paraaya.,0,0,0,0,2,0
emakhuwa_3_00753,Noveleelihiwa wa top moteeli  oniireliwa opuro othokoreeriwa olipo ari naanepa asaawu viseeti anoovelela Wii itumereeryo ni mapatiriyaaraka taani okhale mmpuwa mwamphiira,0,0,2,0,0,0
emakhuwa_3_00754,MDM oniveka okohiwa mapulisiya mwaha woowala mweethiho waatthu Nihiku Waanamuteko,0,0,0,0,0,0
emakhuwa_3_00755,Muhooleli  Jokowi  onakweyiiherya mintoneesiyu ni enireporovariwa Donald Trump Noomala etekalarasawu yooluluwana ni Xerusaleemu,0,0,0,0,0,0
emakhuwa_3_00756,Namaphuka milathu a waafirika wa okuusini ohinyererya mahiku oophuka milattu sa mosampikaano wiiviwe.,2,0,0,0,0,0
emakhuwa_3_00757,Mwaha xeene  vahinirupaaya epuula oKiine Pisaawu ntoko vakhalayini,0,0,0,0,0,0
emakhuwa_3_00758,Meexiku: Mexiixilu ni onyokhana muhina mwa ipartiitu Puliitiku.,0,2,0,0,0,0
emakhuwa_3_00759,Nikhuru na UEFA ninrowa omukumiha Ruusiya ni Nkalateera mpoolaniwa Ewuro 2016.,0,0,0,0,0,0
emakhuwa_3_00760,Omosampiiki onivaahihiwa oheleliwa UE wiira otumiheke ya wuuva,0,0,0,0,0,0
emakhuwa_3_00761,Mukhulupale wa nikhuru na ONU yoola oneettettela nnkhalelo Yowaalikaniherya exariya atthu elapo ya Mosampiiki.,0,0,0,0,0,0
emakhuwa_3_00762,Muntiyaale 2014: muxiri wa Parasiili ohitteliwa murima wa Muntiyaale.,0,0,0,0,2,0
emakhuwa_3_00763,Omaputu ni othowa wa kaaxi a onaapeeliwa,0,0,0,0,2,0
emakhuwa_3_00764,Mosampiikhi: axitokweene annivonya ihakhi sa anamatthukweliwa,0,3,0,0,0,0
emakhuwa_3_00765,KOVITI-19: Mosampiikhi oomulepa nakhwe mmosa ni Kapu Verete anamara asya,0,0,0,0,2,0
emakhuwa_3_00766,Mukhwiri wa elapo ya Kaana anaanyiherya wi yoowo ti omulonwe Ronaldo mpakha wunnteya.,0,0,0,0,0,0
emakhuwa_3_00767,Mosampiikhi: Kuverenatoore onivaava Miruukuwii aliipo otepa ovelaveela akhuureke ipiriithi sa mulyakhu okaathi wa nataali,0,0,0,0,0,0
emakhuwa_3_00768,Alipa ootheene aahiya waatakiheryaa anooriipe a Simpsons,0,0,0,0,0,2
emakhuwa_3_00769,Xiile onimoomola Xipaanya Wii orooka owaan ni muxintto oveehaxa,0,0,0,0,0,0
emakhuwa_3_00770,Mmosa mikhotto akhalayi ninaano ohoolo wa El Saluvatoote. Onoorowa wii olé oweereya weemexa wiiva?,0,0,0,0,0,0
emakhuwa_3_00771,"Musurukhu waari wa atthu ale oophwanyiha ni mwanamukhaya ommalela wiipunyiwa, oolaleerya CIP",0,0,0,0,0,0
emakhuwa_3_00772,Elo oorimeela mmwirini xeneyalooxika wa pterossauros ohoonaneliwa,0,0,0,0,0,2
emakhuwa_3_00773,Mosampiiki ni Purutukaale anisoma mukhaliheryo wa enereciya,0,0,0,2,0,0
emakhuwa_3_00774,oSaawu Paawilu  Wookhala voophovaka ifaveela ekonto ninoonihery mikacamiho sa ekwereere,0,0,0,0,2,0
emakhuwa_3_00775,MDM enivelhela weemexiwa eporokrama ya mwathanle oTVM,0,0,0,0,0,0
emakhuwa_3_00776,Ronda Rousey oomooniha owereya Bethe Correia mwa isekuntu 34,0,0,0,0,0,2
emakhuwa_3_00777,Mapatarawu ni Kuveerunu aniphavelasa inamuna soomaliha ekirise ya muhakhu oMosampiiki,0,0,0,0,0,0
emakhuwa_3_00778,Muhooleli wa muraanopeetika anakhereeve otthukiwa mMosampiikhi,0,0,0,0,0,0
emakhuwa_3_00779,"Mosampikhi: Albano Carige, muhooleli musya oPooma wo Peera, onlemeliheriwa oyense wa ekhulupale meelo",0,0,0,2,0,0
emakhuwa_3_00780,Khaapu Veeriti ooxinttiwa ni Kaana.,0,0,0,0,0,0
emakhuwa_3_00781,Parasiili: Atthu anivaanyiha: Ehasara hata Wookottha?,0,0,0,0,0,0
emakhuwa_3_00782,Namuhupi amerikaana a ONU oororomela eshawuri para ehaali Omosampiikhi:,0,0,0,0,0,0
emakhuwa_3_00783,Nlamuulo na Ekootiku penaale na elapo ya Mosampiikhi ninivonyola ihaakhi sa athiiyana ni anamwane,2,0,0,0,0,0
emakhuwa_3_00784,Owananiwa SIITA Omosampiikhi onikhanyererya opakiwa ipoliitika isyaa voowaakuveya,0,0,0,0,0,0
emakhuwa_3_00785,PM a Okhaapu Veeriti onivekela mulokiheryo woolikaneya Owaafirika ohoolo wa teroriiximu.,0,0,0,0,0,0
emakhuwa_3_00786,"Xonesipuurukhu: Nahapari Simião Pongoane waahikhanyererihiwa omuvaha ""refereexiku"" poliisiya.",0,2,0,0,0,0
emakhuwa_3_00787,Yowoniheriwa: Donald Trump ni Barack Obama athu otepaxa osuweliwa olelo.,0,0,0,0,0,0
emakhuwa_3_00788,Athiyana omosampiikhi atthunasa otthu piithu mulweene muhina mwa  muvaanelo onireliwa  atthikela wataana.,0,0,0,0,0,0
emakhuwa_3_00789,Mugabe ohuuluula ophatthanana ni Aafirika tu Suuli,0,0,0,0,0,0
emakhuwa_3_00790,Masetooniya: mapolokeero anitthapela Oxiitta Sooluluwana n maFasiixita eyaakha ya 1945,0,0,0,2,0,0
emakhuwa_3_00791,Wunuuwa wa othoowa nroromelo Okiine-Pisaawu onixaakiha makhuru a ONU ni  CEDAO,0,0,2,0,0,0
emakhuwa_3_00792,Mmosampiikhi ahaakheleliwa atthu akenle niinaano mukoorupuni mwa mmaaleleyo: Corpo da Paz.,0,0,0,0,0,0
emakhuwa_3_00793,"Miyamaari,: Ehasara Yohiweha ottuli Etanyeriwe ni mwanankhaya",0,0,0,0,3,0
emakhuwa_3_00794,Pulisiya amwatakari alipo owisiiliha ni khikhottiha wettakasa vokhoottela isisapo sa San Paawulu,2,0,0,0,0,0
emakhuwa_3_00795,Donald Trump onilipiherya ekampaanya esumana ya muthukumano a Temokaraata.,0,0,0,0,0,0
emakhuwa_3_00796,Miyuuraano sookhala okupaliwa wa alipo anivaha miruuku sa okumi Omosampiikhi.,0,0,0,0,0,0
emakhuwa_3_00797,Mukhaleelo: Ohataana onitthikela oRepuupilika Temokaraatika ya Okhooko,0,0,2,0,0,0
emakhuwa_3_00798,Nini Satar onniphanyaneya aphiyaka elapo ya Mosampiiki esumana yeela.,0,0,0,0,0,0
emakhuwa_3_00799,"Blinken oniirela mpantta omuthukumanoni wa nikhuru na N7 variyari va ihaamu vamosa ni ilapo sa Ruusiya , Xiina , Wiirawu",0,0,0,0,0,0
emakhuwa_3_00800,"Mosampiiki: ""Ohithalana"" ti waari mwaha waalavulaxiwa wuumalelani wa olaleyiwa mwaathanle",0,0,0,0,0,0
emakhuwa_3_00801,Feroviyariyu oMaputo owana  masi omora ni  Zamalek wupaceryani wa BAL,0,0,0,0,1,0
emakhuwa_3_00802,"Ohookhwa Nadine Gordimer, ntthuvelo Nobel ya Literatuura.",0,0,0,0,2,0
emakhuwa_3_00803,Filipe Nyusi onaavekela maministuru a mwaakiheryo wa aatthu ootheene.,0,0,0,0,0,0
emakhuwa_3_00804,Elapo ya Mosampiiki yoopwetheyiwa musurukhu woophiyelela imiya miloko miili sa metikaali mwaha wa  namuna yeela yoovekela musurukhu woohiphwanelelavo.,2,0,0,0,0,0
emakhuwa_3_00805,"Athiyana anipweteyasa okathi wooyara wIitiya moono oTaiwani, weeyiwo woothowa mameetiku muxipitaali",0,0,0,0,2,0
emakhuwa_3_00806,Mutakaniho wa Mamilitaari anisyaka ovarihana ni Renaamu,0,0,2,0,0,0
emakhuwa_3_00807,BAL: Ti pani GNBC a oMatakaaxikara,0,0,0,0,0,0
emakhuwa_3_00808,"Zeca Caliato onoonihera ""Otisseyiya ya namawana""",0,0,0,0,0,0
emakhuwa_3_00809,Aafirika tivsuuli: itaphulelo sa  “Vuvuzela”,0,0,0,0,0,0
emakhuwa_3_00810,"Oweela wapinaatamu onopopiha ihakhi sa apinatamu, onilaleerya HRW",0,0,2,0,0,0
emakhuwa_3_00811,Joe Biden  onoorowa othoonyrya mpantte opaceryya wa muthokiho awe amuhakhu,0,0,0,0,0,0
emakhuwa_3_00812,COVID-19: Mosampiikhi onnooniherya ikhomo  sa otthikela okhalana mavekelo,0,0,0,2,0,0
emakhuwa_3_00813,Unkiriiya: Nivekeelo na Nlamuulo na Ehapaari Ninoopopiha wixeetta wa ilavuleelo,0,0,2,0,0,0
emakhuwa_3_00814,Sekeretaari muulupale a Renamo ookumihiya  mpakha okiliinika yo waFirika wa oSuuli.,0,0,0,0,2,0
emakhuwa_3_00815,UNITA onihimya wiira khaakhenle sipwanyiwe sa iteexite sa makhuva a Jonas Savimbi.,0,0,0,0,0,0
emakhuwa_3_00816,"Drogba, Toure ni Mikel aathonyiwa ntoko oopacera omusuwela muchuva afirikaano a 2013",0,0,0,2,0,0
emakhuwa_3_00817,"oNikaraakwa, atthu volikanyiherya anookwasa mwaha wa "" eciili"", nnakhala khivahiyo Koviit-19",0,0,0,0,3,0
emakhuwa_3_00818,Epanku Muntiyaale enookela omukhaliherya OGE oMosampiikhi,0,0,0,0,0,0
emakhuwa_3_00819,Efestivaale ya pupake enni markari mukhalelo online,0,0,0,0,0,0
emakhuwa_3_00820,Makhulupale a etiini anilipelela otthukuliwa mmwe munilompiwa Mmosampiikhi.,0,0,0,0,0,0
emakhuwa_3_00821,Makatete a Wankoola ni Kaapu Verete wa Akatemiya Militar ya Wamphula,0,0,0,0,0,0
emakhuwa_3_00822,Biden onnivekela nikhuru na Konkereesu lejixilasaawu wi owehexexe saana moota sintumihiwaaya ikapwitthi.,0,0,0,0,0,0
emakhuwa_3_00823,Ekomisawu ya Ekekhayi ya Kaapiya enitthikela ohoolela manyoho yiraneeye okathi wa Kuveerunu a Muhooleli akhalayi,2,0,0,0,0,0
emakhuwa_3_00824,"Nikhuru na Feterasawu ya Sintikaatu ya Esomiho ni Mukhalelo wa Atthu, oottottopela manyakunyaku  a Mapurusoore.",0,0,0,0,0,0
emakhuwa_3_00825,32% wa mamosampikaano aavolowekiwa wa mmawani,0,0,0,0,2,0
emakhuwa_3_00826,Ohokhwa Nawipe eelapo yo Kapu-Verti Jorge Neto,0,0,0,0,2,0
emakhuwa_3_00827,Alipa a etiini anivekela muleeliheryo wa murweelo wa anakhotto anipaka ihasaraelapo ya oKhaapu Telekaatu.,0,0,0,0,0,0
emakhuwa_3_00828,Mosampiikhi: wookhalamu okhuruwa wa nroromelo na okumi,0,0,0,0,2,0
emakhuwa_3_00829,Anamahooxiwa mwaha wa mutaseke Itayi annivoliwa etala oManika,0,0,0,0,2,0
emakhuwa_3_00830,Miri soMosampiikhi wa opasari wa erepuupilika ya oXina.,3,0,0,0,0,0
emakhuwa_3_00831,Muhooleli a poliisiya Omosampiikhi vathi va mooro,0,0,2,0,0,0
emakhuwa_3_00832,"Trending: koorowa malenta a rock ni a reggae, Eddie Van Halen ni Johnny Nash",0,0,0,0,0,0
emakhuwa_3_00833,Top Ten Amerikaanu: ePanta Sonoora ya Black Panther ti mureerelo wa itapela.,0,0,0,1,0,0
emakhuwa_3_00834,"Woopopiha wa ekhotto siviili enitthikela oMosampiikhi, apinaatamu ottyawelasa",0,0,2,0,0,0
emakhuwa_3_00835,Mmiraavo onihasariwa ni xofeeri oKapiify ya oMeexiku,0,2,0,0,0,0
emakhuwa_3_00836,Mosampiikhi: Nakharowa onaakhalihera mapaatiri awe,0,0,0,0,0,0
emakhuwa_3_00837,"AMosampikaano anloha ni muteko woreera, esoma exikola yuulupale ni empa",0,0,0,0,0,0
emakhuwa_3_00838,Renamo oovekela ovahiya nsina samakuvernatoore,0,0,0,0,0,0
emakhuwa_3_00839,"“Délestron”, mukhulupaala mwa soottipihiwa sa oKoxita ti Paarii",0,0,0,0,0,0
emakhuwa_3_00840,Oxinttiwa Parasiili wa mixinttano sa molumwenkuni onmalela ni manyakunyaku,0,0,0,0,2,0
emakhuwa_3_00841,SIDA oovukuwa eriyari y'amwaavano mamosampikaana,0,0,0,2,0,0
emakhuwa_3_00842,Itaari soolikanasa soluluwanyiwa ikereeca ni oteeli sotanya yowoopiha o Siiri Lanka,0,0,3,0,0,0
emakhuwa_3_00843,"Koveerunu oMosampiikhi"" oniirowa onathurumela apinatamu awe"", enihooleliha nlaka n'a ehapari",0,0,3,0,0,0
emakhuwa_3_00844,"Tirintaate ni Topaku, Kiyana: Muthokiho"" amateroriixita"" wa JFK",0,0,2,0,0,0
emakhuwa_3_00845,Mmiravo a iyaakha 10 ohokotthiwa ni Puliisiya oxiriini wa oRiiyu ti Caneero,0,3,0,0,0,0
emakhuwa_3_00846,Epipiliyoteeka enamukwerethiwa ya soolimaleela seephattu sinivoniha ekwerere yoovonyeriwa muttetthe oFilipiina,0,0,0,2,0,0
emakhuwa_3_00847,Trentink: Porotilanti; Juventu; Man Unayiteti,0,0,0,0,0,0
emakhuwa_3_00848,"Zé Du, Muhooleli ankolaano anitthikela okhalanvoomweneni wa iyaakha 38, ohookwa Oxipaanya",0,0,0,0,3,0
emakhuwa_3_00849,"Eteyaaturu ya elapo ya Mosampiiki yookhweliwa: Ohookhwa namalepa ni taramatuuruku, Henning Mankell.",0,0,0,0,2,0
emakhuwa_3_00850,Mosampiikhi: Mwaha wa exeeni amakhulupale ahunahinirumeela aya ixipitaali sahu?,2,0,0,0,0,0
emakhuwa_3_00851,"Okhuma. o Santiyako orowaka o Utah, khivo emmunyimiha Alisha Moreira",0,0,0,0,0,0
emakhuwa_3_00852,"Nkhulupale wa epooma ya WAMPHULA, vahanle onnilavuliwa woothanyevo mwaha moota onivaraawe muteko epooma yeele",0,0,0,0,0,0
emakhuwa_3_00853,Aafirika: Wathapelaka apinaatamu voorumela ilatarato ni iviitiyu,0,0,0,0,0,0
emakhuwa_3_00854,ONU onihima wiira ekotto enootepa omosampiki ni mukhaliheryo  onniyeva.,0,0,2,0,0,0
emakhuwa_3_00855,Empa ya maalumo yoomosampiikhi onitthunela nlamulo na estátua ya mukhulupale oohikhovanasa,0,0,0,0,0,0
emakhuwa_3_00856,Omaputu ehaakheleliwa epiyenaali ya anakoso Waafirika -Ilapo sa Wiiraana mwaakha wa 2019.,0,0,0,0,0,0
emakhuwa_3_00857,Aafirika:Uniyaawu Afirikaana othatuuwa Nikhuuru nimoosa na alipo a isepweere?,0,0,0,0,2,0
emakhuwa_3_00858,Esakaariyo ni isupusiitiyu sa mateputaato Okathi waepantemiya sinanyonyiha mankolaano ni mamosampikaano,2,0,0,0,0,0
emakhuwa_3_00859,"Xiina ni Hookhi- Kookhi yahikhala Okhalana ' Elapo emosa, mukhaleelo bonjour miili; mmosa omupuxerya Xiina mwisiiso",0,0,0,0,0,0
emakhuwa_3_00860,FMI ompheela oreeriha makhalelo oreera ya empereesa yavaxitaatu ya oMosampikhi.,0,0,0,0,0,0
emakhuwa_3_00861,Kaapu Telekaato:  Atakhali awiivasa atthu owaatta ni amakasa epooma yeela ya Makomiiya.,0,0,2,0,0,0
emakhuwa_3_00862,PRISM ohalaanyeya oRuusiya ni soohoveriha vamosa wa ekhotto emosa siperineetika,0,0,2,0,0,0
emakhuwa_3_00863,Elapo ya Mosampiiki khiniphavela wuuluma mwaha wowoopoliwa wa paketi Vega 5.,0,0,0,0,0,0
emakhuwa_3_00864,Mwaara a muhooleli a elapo ya Okhaapu Veeriti ohaakhela etthuvo interinasiyonaali ya muvarelo wa muteko.,0,0,0,2,0,0
emakhuwa_3_00865,aAfirika: Axiruuxi anceene amuranve HIV,0,0,0,0,3,0
emakhuwa_3_00866,Maxikooti a ekoopa Okhalana nsina na Hilario nintaphulelo na Sutis,0,0,0,0,0,0
emakhuwa_3_00867,"Power List: Wa atthu ale emiya wa anreerela otthariya wa miruku data wa ilapo sinilavuliya ekunya, by Bantumen!",0,0,0,0,0,0
emakhuwa_3_00868,Ipiilyeti sa mixinttano sa molumwnkuni 2014 sintumihiwa oHuwila,0,0,0,0,0,0
emakhuwa_3_00869,Afiriika tivSuuli: voophova oloolo wa muholi a Mwalaano Manto,0,0,0,0,0,0
emakhuwa_3_00870,Wa soopakiwa sa Waafirika: Mpaceriho wa Anamittompe Akhulupale a Waafirika wookhalana soopaka sooreerela.,0,0,0,0,0,0
emakhuwa_3_00871,Exiitu: Miruuku sa ativokaata oni anyoholiweke athiyana a Wisarayeeli oruuhela manyakunyaku,0,2,0,0,0,0
emakhuwa_3_00872,Anamuteko akhalayi awAvíkola ya Wamphula aniisoona owokiwa ni Kuveerno,2,0,0,0,0,0
emakhuwa_3_00873,Omwiiwelela telefoone oopacerya otthunuhiya elapo ya Mosampiikhi,0,0,3,0,0,0
emakhuwa_3_00874,Anamasuwela wa OMS antthokelela ommaliha eepola oKine-Pisawu,0,0,0,0,0,0
emakhuwa_3_00875,Wootta ohapwanya variyari va anamwane a elapo ya omosampikhi.,0,0,0,0,2,0
emakhuwa_3_00876,Filipe Nyusi oomukumiha Chefi a Estaatu Mayoore Ceneraale ni mohooleli oSISE,0,0,0,0,0,0
emakhuwa_3_00877,Mosampiikhi: otharathariwa Mwaha soophavela otthukiwa Reeper Azagaia,2,0,0,0,0,0
emakhuwa_3_00878,Muhooleli oGaza oohimya weettakasa wa alopwana a Renamo.,0,0,3,0,0,0
emakhuwa_3_00879,"CVMA: Nélson Freitas, muraatt okaapo veeriti a eyaakha",0,0,0,0,0,0
emakhuwa_3_00880,A imaayi Yanomanimi aniwanela ehakhi yowavitha anaaya variyari va ekwerere oParasiili,0,0,0,0,2,0
emakhuwa_3_00881,Koronavirus onnalaaheya molimwnkuni mukhalelo onthananiha miteko muxipiritaale simphwanyaneya sokacamiheya.,0,0,3,0,0,0
emakhuwa_3_00882,HIV/SIDA: Ameerika ni Mosampiki akwerekha mwiwanano wokhalihana,0,0,0,0,0,0
emakhuwa_3_00883,Peasiili: olola amulolaka Espaanya khemmala ni ohitteeliwa murima ni atthu.,0,0,0,0,0,0
emakhuwa_3_00884,Ankoola onlavula paahi- emphaveleya wuupuwela itthu sovikana emosa - Phathar Mak,0,0,0,0,0,0
emakhuwa_3_00885,Terentink: Waatakariwa wa Itoore Xeemeya evinre miyaakha 19,0,0,0,0,0,0
emakhuwa_3_00886,"Ankoola olipeelela wakhuleeliwa muhina mwa nlamulo"" metumereeryo"" sa Isarayeeli.",0,0,0,0,0,0
emakhuwa_3_00887,Vamosa ni Koviit-19 onattiheriwa soohiloka siniiva variyari va Parasiili ni Xiina,0,0,2,0,0,0
emakhuwa_3_00888,Ikweeli sa mwaaha sinattwawiha atthu ekuluuttu ya Wontuura,0,0,2,0,0,0
emakhuwa_3_00889,Eporovinsiya ya Kaapu Telekaatu ennipaka nakoso ni epooma ya Xowanexipuuruku.,0,0,0,0,0,0
emakhuwa_3_00890,"Ameerika Latiina:"" Aniroowasa omaleela vayi ale orimeelasa?""",0,0,0,0,2,0
emakhuwa_3_00891,Etakwa maaya oMeexiku teeri enithoonyeriwa variyari votumereriwa wa mireerelo sa ephattu mahala a muraanyo a etaakwa,0,0,0,2,0,0
emakhuwa_3_00892,Mosampiikhi onnireerela okhala arataare wi okhaleke mwaakhulo wooreera wa mikhumelelo sa Ephattu.,0,0,0,0,0,0
emakhuwa_3_00893,Manteeka a matthuvi anikhaliha owoopola aretta anikhala ni mwaxiitthu Omosampiikhi.,0,0,0,0,0,3
emakhuwa_3_00894,Akulukhana osampiikhi khiivo ekhale aya opaka yiirelaka mwaxiittu amwaxitthukoroona musya .,0,0,0,0,0,0
emakhuwa_3_00895,"Sahle-Work Zewde, ovahinwe nsina na muthiyana oopacerya okhala mukhulupale eelapo oEtiyopiya",0,0,0,2,0,0
emakhuwa_3_00896,"Othowa wa mameetiku, onkhala okacamiha olooliwa eretta yoovyaluwasa Wamphula.",0,0,2,0,0,0
emakhuwa_3_00897,Caapawu: Tsunaami aniiphiya mmpantte okerekhere ya ephareya ni onipuurula soteene,0,0,0,0,3,0
emakhuwa_3_00898,Ekunya enirowa okhala nttaava noorumeeliwa wa mixinttaano sa CAN 2021,0,0,0,0,0,0
emakhuwa_3_00899,Exipitali ya Lupanko  yoonhimiha wooperariwa mwaha wa ohikhala maasi,2,0,0,0,0,0
emakhuwa_3_00900,Ankoola: Anahapari Ohasariiwe  ni mwaaha Sihinisuweliwa,0,0,0,0,2,0
emakhuwa_3_00901,Mphiira oolumwenku wa Obaraziili onreeriha mukhalelo wanaamurwa Okaapu Verti,0,0,0,2,0,0
emakhuwa_3_00902,Mattava ephattuwelo amora wohiivarela  oSan Toome Piriisipe,0,0,0,0,2,0
emakhuwa_3_00903,Ungulani Ba Khosa: Nimphavela wuncereriwa ipipiliyoteka ni wa olimalela wa oParasiili,0,0,0,0,0,0
emakhuwa_3_00904,Repper ankolaano MCK owaterihiwa okhuma Wankoola,2,0,0,0,0,0
emakhuwa_3_00905,Ilapo sa wAfrika ohilikana mukhalelo  wokhuma wa TPI,0,0,0,0,0,0
emakhuwa_3_00906,Ohookhwa Eusébio.,0,0,0,0,2,0
emakhuwa_3_00907,"Palixitiina: omutatapwelaka Isarayeel, omukakhaka Hantaala ni akinaku",0,0,0,0,0,0
emakhuwa_3_00908,Barack Obama: Olamula elapo ni inamuna soohireerela siirinhe ehasara ya muhakhu Ozimpaapwe.,0,0,0,0,2,0
emakhuwa_3_00909,Omuthojyeryaka “ mweene musya”noParasiili: Capuneexi oFeteraale,0,0,0,0,0,0
emakhuwa_3_00910,"Mosampiikhi:"" Taani oni ophaveele oyaara muumu?""",3,0,0,0,0,0
emakhuwa_3_00911,Anawuupuwela a elapo ya Ankoola apaka muthukumano wii anyiherye namuna xeeni orumeeliwe nkhalelo wa nikhuru ya Kulutuura ni namuna yooxakaxakiha nikhuru nenla ni iparitiitu.,0,0,0,0,0,0
emakhuwa_3_00912,Owereya wa tomino Meghan Markle - Piers Morgan oohiya wiira mpantta nikhuru na Good Morning Britain,0,0,0,0,0,0
emakhuwa_3_00913,Mwarawe mulopwana a elapo ya wAfirika tu suli onotheriwa ekotto ya teroriximu omosampiki ohima wiira iyawe konsuwela etthu.,0,0,0,0,0,0
emakhuwa_3_00914,Ohilokabmukhaleelo wa epuliitika onitepiha ekiriise ya mmaleeleyo oPuruuti,0,0,0,0,3,0
emakhuwa_3_00915,Mikaano sa Ewuuru 2012,0,0,0,0,0,0
emakhuwa_3_00916,Erdogan  okhala oliipiherye owaaliwa exiikola tuuruka oLuwaata,0,0,0,0,0,2
emakhuwa_3_00917,Onimoniherya  o S. Paawulu yusuweliwa muhina mwa asiyeesiya Purtukeexi ni miyatanano vamosa ni elapo ya Parasiili ni Afirika,0,0,0,0,0,0
emakhuwa_3_00918,ONG owoopolaa anamwane asithiyana ovikana 100  mothelanani mowaakuveya oManica,0,0,0,3,0,0
emakhuwa_3_00919,Otaphuuwa  wa ilavulelo siiri ohoolo wa  mwaaha  Omapuutu,0,0,0,0,0,0
emakhuwa_3_00920,Iyaakha 50 soopothiiwa oParasiili: Solaleerya soothaleleya sa namapootha mufaranseexi Paul Aussaresses,2,0,0,0,0,0
emakhuwa_3_00921,Ovirikana Ipheeyo:Oniiranwuncerereyaka noOmwareelihaka ikwereere?,0,0,0,0,0,2
emakhuwa_3_00922,Joe Biden namwiilepiha okhala peresitente,0,0,0,0,0,0
emakhuwa_3_00923,Mukhaleelo a Ipheeyo: Arborizando Nairobi ti wikuxereerya omoosa owikuxererya voohiloka a itthaya sa mwaako Kheeniya,0,0,0,0,0,0
emakhuwa_3_00924,"Parasiili mulipo ohaawa mwaha wa othanyiwa mulattu wa nikhuli nawe oxikoola, mwaruusi onikhanyereriwa wavekela muswamiho wa Alipo ari yamwakaneele",0,2,0,0,0,0
emakhuwa_3_00925,"Soothapeliwa msiterineeti i, asoomi ookhuma osomaali apwantasa voophovaka ekonto 80 yavitoolari wiira wpyawananiwe Etala waAfirika",0,0,0,2,0,0
emakhuwa_3_00926,Trending: 50 Cen  omuhiya Biden wi omuthanle  Trump,0,0,0,0,0,0
emakhuwa_3_00927,Ilapo Soowiiraana sinilopola mwaha woopwaha wa HIV/SIDA Wankoola,0,0,2,0,0,0
emakhuwa_3_00928,"wAafirika: Athiyana ariina SIITA opophiweene, anoonyokhiwa ni anithanyiwa",0,0,0,0,3,0
emakhuwa_3_00929,"OMS , oniroromeliha omukhaliha Mosampiikhi ovekela imiilyawu 40 sa itoolari .",0,0,0,2,0,0
emakhuwa_3_00930,Yosoomwa sinikasoopa miyopoopiiho wyowaatte ihamela okathi wa omwaruusi Omosampiikhi.,0,0,0,0,2,0
emakhuwa_3_00931,Niceeri: atthu okwa 12 ni 12 mortos e 27.000 othamihiwa mapuuro aya mwaha wootothowa,0,0,0,0,2,0
emakhuwa_3_00932,PMA oniphavela musurukhu oophiyeryaka imilyawu 600 sa itoolare   wiira ovukule etala Waafirika Awuxitaraale.,0,0,0,0,0,0
emakhuwa_3_00933,Esosiyetaate siviili anikaxaari otthukiwa  matelekaato puliitiku 18 mMosampiikhi,0,0,0,0,2,0
emakhuwa_3_00934,"Osvaldo Kaholo ohooniherya ""K 654, nkhalelo wa etakhwa ya mutthu"".",0,0,0,0,0,0
emakhuwa_3_00935,"Mosampiiki: Amahoolela a oposisawu ""anittukhula mmakhatani iparitiitu"" - Egídio Raposo",0,0,0,0,0,0
emakhuwa_3_00936,"Mwaali mmosa okhuwela oriiki "" akhoole"" viiraneyaka muxittano mmosa wa mphira.Ni Parasiili ahivonyeriwa ekwaha eekina orowaka omuvanyihanoni olaayini wa othaanyana mwaha wa nikhuli",0,3,0,0,0,0
emakhuwa_3_00937,"Kaapu Veeriti onilipelela mureerelo woolola wa ""Tubarões Azuis"".",0,0,0,0,0,0
emakhuwa_3_00938,Timoore Leexite: othapelaka omoriiwa ikharari Wowulaanya mwaha woxixeetta,0,0,0,0,0,0
emakhuwa_3_00939,Amiravo mamosampikaano annipaka  sikina mwekumini wa anamwane akhweliwe ni axipapaya wa oPeyira,0,0,0,2,0,0
emakhuwa_3_00940,Marefuxiyaato mapurunteexi anihoolela mulattu oovilaxe: okhala mukaapu mosareyiiwa wala otthikela moohisuwanyeya,0,0,0,0,2,0
emakhuwa_3_00941,"Wiige,  mopopiha oostatiyu okhumelenle mwaha wa niphuro waohiyana sa mukhalelo",3,0,0,0,0,0
emakhuwa_3_00942,Wootupheliwa tho ohitto y'oMosampiiki - ahiiviwa atthu araru ni mireerelo sinceene soopahiwa.,0,0,3,0,0,0
emakhuwa_3_00943,Urukwaayi:wixuupuxeryaka Ekoopa ya 30,0,0,0,0,0,0
emakhuwa_3_00944,Osoomaka epalaneeta ya Blog Action Day 2009,0,0,0,0,0,0
emakhuwa_3_00945,Mosampiikhi anniwelela orukunuwasa wa epheyo,0,0,0,1,0,0
emakhuwa_3_00946,Vladimir Putin othuniha nikhuru na mwataniho nothonyiheriwe ni Angela Merkel,0,0,0,0,0,0
emakhuwa_3_00947,Anamattikha saana miloko miraru anMosampikhi.,0,0,0,0,0,0
emakhuwa_3_00948,Omora wa puliitiku faranseexi ni muttakali konkoleesa siiri ovaanyhihana mwiterineeti mwaha wa soohimwa sooluluwana ni opotthana,2,0,0,0,0,0
emakhuwa_3_00949,Renaamu onnoopererya wiira mapuliisiya yooniherye exariya ya teputaatu ookhalayi orapitariwe.,0,0,0,0,0,0
emakhuwa_3_00950,Kuveerunu a Mmosampiikhi ontthuna oliva nuusu na nsurukhu onilokihiyaawe.,0,0,0,0,0,0
emakhuwa_3_00951,Musareyo wa maasi woowiiva atthu athanu ni oopwanyula impa sa atthu oophiyeryaka 1800 elapo ya Oteete.,0,0,0,0,2,0
emakhuwa_3_00952,Netizen Report: matuuruku aniixiliha vowanana nlamulo na othaleliwa ni anikumiha watteliwa ekaruuma ya Tuwiiteri a Muhooleli elapo,2,0,0,0,0,0
emakhuwa_3_00953,HIV/SIITA : Aretta omosampiikhi aniweha nroromelo na okumi vowataleleya muhina mwa muteko olooliwa,0,0,0,2,0,0
emakhuwa_3_00954,Kapora Pasa woohoova muwaneliho,0,0,0,0,0,0
emakhuwa_3_00955,"Nikhuru na FIFA nipattuxinwe ni aana oo...""",2,0,0,0,0,0
emakhuwa_3_00956,Palexitiina : Owalibohoolo sa mwa soovara sa mapalexitiniyaano,2,0,0,0,0,0
emakhuwa_3_00957,Top Ten awaAmeerika: Nsipo latina wooreera elimwe,0,0,0,0,0,0
emakhuwa_3_00958,Ohookhwa Bra Hugh Masekela,0,0,0,0,2,0
emakhuwa_3_00959,Mosampiikhi onoorowa okhalana nlamulo wiira woopole mireerelo sookhumeleela mwaha wa makwankwa,0,0,0,2,0,0
emakhuwa_3_00960,Parasiili: Vooluluwana ni ohukhumwanwa Vatikaano muhina mwa mulatto okurumuuliwa ihamela waxiruusi orupihasiwa,0,2,0,0,0,0
emakhuwa_3_00961,Mosampikhi: Mihakhu sinnikumiherya miyaha,0,0,0,0,0,0
emakhuwa_3_00962,Mosampiihki: anamwane ophiyera 50%  ya anamwane arina iyaakha vathi wa iyakha ithanu ohasuwasa ni owereyasiwa.,0,0,0,0,2,0
emakhuwa_3_00963,Isarayeeli nihiku na othanla otepa ophuunyeya,0,0,0,0,0,0
emakhuwa_3_00964,Paritiitu Renamo ni MDM enitthuna ovaanela exariya ya nkhalelo wa ovekela musurukhu woohiphwanelelavo.,0,0,0,0,0,0
emakhuwa_3_00965,Kuveerunu oMosampiiki omphela wamaliha anamwane anampeetteni,0,0,0,2,0,0
emakhuwa_3_00966,OMS onnivaanyiha sinthoonyaawe mukhulupale a wAmeerika monkoni wokhaliherya,0,0,0,0,0,0
emakhuwa_3_00967,Olavula nno onirowihiwa ohoolo ni miniixituru wa Finansa wa elapo ya Mosampiiki onnirowa olakiherya  namuna iya sa ''teeni yeela epakiwe''.,0,0,0,0,0,0
emakhuwa_3_00968,Olosoowa wa ivolowiheliwo ikuluuttu sa Kupuula sa wameerika,0,0,0,0,0,0
emakhuwa_3_00969,"""Wa mananna ooreera wa oomuupuwelela Kueno ti otthikela ovara ewoopora awe"", Dom Caetano",0,0,0,0,0,0
emakhuwa_3_00970,Etthaya eroohunyuwela ephiyelela ewiivaka anamathipa athanu na tthaaru epooma ya Maniika.,0,0,0,0,3,0
emakhuwa_3_00971,"Onthwela boxe okipaka muutthu kiryaka, ohimya Kristiano Ndombassy",0,0,0,0,0,0
emakhuwa_3_00972,"Manyakunyaku apakinwe ni asomi, epooma ya OMaputu khaasivenle, yaala apakasa mwaha anamuteko Oparamentu olinvwa musurukhu wowaatta.",2,0,0,0,0,0
emakhuwa_3_00973,Manyakunyaku wiyeemeni onaapwanya Vekeekhayi anamwane a elaapo,0,0,0,0,2,0
emakhuwa_3_00974,Anamaxaya oowiiya aareeriha muteko aya oMosampiikhi.,0,2,0,0,0,0
emakhuwa_3_00975,Yootthukwiya empereesa yatupunyuwenle yanvekenle Mosampiikhi woowira avare muteko oNiceeriya,0,0,0,0,0,0
emakhuwa_3_00976,Atoroopa a Wamphula anithoonyiwa okhala alipo omana ni orupiha,0,2,0,0,0,0
emakhuwa_3_00977,Saawu Tome onitumererya ekwaaha ya opaahari,0,0,0,0,0,0
emakhuwa_3_00978,"Frelimo ni Renamo anvirihasa mwaathanle wa mmaporovinsiyani, nave MDM onookoha.",0,0,0,0,0,0
emakhuwa_3_00979,Ukaraaniya: eporoceeto ya nlaamulo na mahomofoopiku niroohiwa vapaawutani mwathanle ohinatthi,0,2,0,0,0,0
emakhuwa_3_00980,"""koosuwela wiira atthu anikhala osiveliwa ni miyo"", Dulce Neves, namwiipa a okwine.",0,0,0,0,0,0
emakhuwa_3_00981,"""Ponta Xeeya"" a João Paulo Borges Coelho onikhuma olelo",0,0,0,0,0,0
emakhuwa_3_00982,Mpantte Mulweene oMeexiku onihawa ni miriira sa iteetere piili variyari va mweeri mmosa,0,0,0,0,2,0
emakhuwa_3_00983,Atthu owaatta onaariipa mirima mwaha woosareya maasi mwaha wa epula yeela yonanen'ye epooma ya Wamphula.,0,0,0,0,2,0
emakhuwa_3_00984,Muhooleli a Mwalaano Opaceerya awuxtaraliyaano anikhaseeyiha sohinyalasiwa sa ninyoho muhina mwa elapo ya Siiri Laanka,1,0,0,0,0,0
emakhuwa_3_00985,Drogba ovoolowa  ni ovaha wona  othweela  wa Elapo ya Kosta ya Marfim,0,0,0,0,0,0
emakhuwa_3_00986,Makhwankwa khanarukunuwe oMosampiiki,2,0,0,0,0,0
emakhuwa_3_00987,"P.W. ohooniherya muteko wa EP ""Welcome""",0,0,0,0,0,0
emakhuwa_3_00988,Aratteli aKoloopaale vooyise aniroomola sooluluwana ni sowuluula,0,0,0,0,0,0
emakhuwa_3_00989,"Voorumela esiipo ni eviitiykiliipi, alipo ottwawela anixikhurelasa Elapo ya oParasiili mwaha owakhapelela sa",0,0,0,2,0,0
emakhuwa_3_00990,Alipo enilamula omosampiikhi anivekela.,0,0,0,0,0,0
emakhuwa_3_00991,Saawu Toome Piriisipe: Mukhaleelo a epheeyo owoopiha mwaha wa  Oheephiwa wa Patarooya,0,0,2,0,0,0
emakhuwa_3_00992,"Muleepi best-seller a iyaakha sa imiiya XIX, okumihiwe Wakatemiiya Parasileera ya Ileetera",2,0,0,0,0,0
emakhuwa_3_00993,Venesuweela : Rayiinya oopwaneliwa ohookwa mwaha wa itiiru siipwanye vaavale viraneya aya manyakunyaku,0,0,0,0,3,0
emakhuwa_3_00994,Epwilimwiithi enihimya opahuliya wa atthu Omphirani wa elapo ya Wa'Ankoola ni ohikumiha.,0,0,0,0,0,0
emakhuwa_3_00995,Niira na oLusufooniya wa Noova Iyoorikhi: oporutunitaati mmosa wa muvaanelo.,0,0,0,0,0,0
emakhuwa_3_00996,""" Vanaamwi tereem ohiviraka"" esinyaalo enilaleerya iphiiro sokhopanasa sa maluuku owaarya oParasiili",2,0,0,0,0,0
emakhuwa_3_00997,Trending: The Rock olaleerya wiira ole ni amusi awe amukwakwilyasa KOVIT-19,0,0,0,0,2,0
emakhuwa_3_00998,Ixipitali sa Malanxe khasirina musurukhu wii elive anamuteko,0,0,0,0,2,0
emakhuwa_3_00999,Mosampiikhi: Wa anamwane vakhaani aniyariwa ni SIDA anikhwa ahinatthi opaka miyaakha miili.,0,0,0,0,3,0
emakhuwa_3_01000,Messi onlavula mwaha wa ni onnimuxukhurela Muluku.,0,0,0,1,0,0
emakhuwa_3_01001,Turukhiiya: alipo ottwawela masiiriyu anoopelasiwa noovira ophutuuwa wa Reyhani?,0,0,0,0,2,0
emakhuwa_3_01002,Filipe Nyusi  onaalipiherya mamosampiikaano okhala voohoova.,0,0,0,0,0,0
emakhuwa_3_01003,"Sowaanyiherya onaaminohisuweleexe sinithipeleela,  soopacerya Otaphuleela mmansawo oniiva: Anooripe n ethale Éric mukwatiriinya oParasiili",0,0,0,0,0,0
emakhuwa_3_01004,Bob Dylan onvahererya nuulumo na niira na Nobel wiira khoonrowa okhala.,0,0,0,0,0,0
emakhuwa_3_01005,"Aana a Muhooleli ankolaano orumeela 500ikonto sa ewuuru opuro weesihiwa, wooniherya othawali wowaatta ya amuusi Dos Santos",2,0,0,0,0,0
emakhuwa_3_01006,Soopaka ni  Yothweeliha: Eduardo White,0,0,0,0,0,0
emakhuwa_3_01007,Etthu exeeni yiriihe wii Parasiili otthikela mmaphani mwa Etala wa ONU noovira iyaakha thanu ni thaaro ori ota,0,0,0,0,2,0
emakhuwa_3_01008,Michael Schumacher ookhuma oxiripitaali wenno ahaaro okhala,0,0,0,2,0,0
emakhuwa_3_01009,Muthukumano mulupale athiyana a makatooliku o Wamphula,0,0,0,0,0,0
emakhuwa_3_01010,Mooro wompaha alumasiya a mirette Omanika,0,0,0,0,3,0
emakhuwa_3_01011,FAP wa makamarawu otumiha ni esisapo yowalamila oxiittiwa ahoolo wa Petooro wa Oluwaanta,0,0,0,0,0,0
emakhuwa_3_01012,Athiyana a ekontineeti thaanu anaakhela etthuvo Mwaha woovaha mukhaliheryo aya mpantte wa amphiira,0,0,0,2,0,0
emakhuwa_3_01013,Ehasarea ya mmaasini ennaahiya  okwa atthuu thanamosa mmuro Sampeese,0,0,0,0,2,0
emakhuwa_3_01014,Polokeera kupaana Okhalana viixitu okhaattiwa Wii ovoloowe muhinamwa EUA,2,0,0,0,0,0
emakhuwa_3_01015,Peresitenti wa Santa Rita okhotta ewarakha enilavula okhwa wa atthu mukampu mwawe.,0,0,0,0,0,0
emakhuwa_3_01016,Sawu Tome ni Prinsipe onvekela okhaliheriwa ni Ankoola wiira amunnuwihe Tesportu.,0,0,0,0,0,0
emakhuwa_3_01017,Muwehe ilatarato sookhaliha waneexexe wa mphira wa muthanliho da ilapo sa Waafirika,0,0,0,0,0,0
emakhuwa_3_01018,ASF: Mukhottoni mwa HIV-SIDA wiikasoopa nlelo tookhanle murette worera. Naatia Kamate,0,0,0,0,0,0
emakhuwa_3_01019,CS wa ONU onikhanyererya oothoonyiwa wa muhooleli a miyalaano -opacerya musya ni kuveerunu o Kiine Pisaawu .,0,0,0,0,0,0
emakhuwa_3_01020,"Elaapo ya Afiriika o Suuli okhaale okumananaaka"" nihasuulo noxaakiha""",0,0,2,0,0,0
emakhuwa_3_01021,"Siiso ntoko EUA Trinidad e Tobago kharowada oniirani wa koopa ya Olumwenku ywa eyaakha 2018, masi umosa wiyaalesa akhalana etthu wiira atthape",0,0,0,0,0,0
emakhuwa_3_01022,CBF onvekela osuwela muhina mwa FIFA mwa soovonyiya wa mphiira ni Suisa,0,0,0,0,0,0
emakhuwa_3_01023,Palexitiina: walikela sootthikela ottuli owooka okhottoni vowanana Iraawu,0,0,2,0,0,0
emakhuwa_3_01024,Ettekuuxa yooruuha ookwa wa atthu ikonto piili woopaceryani wa miyeeri mithanu ni mmosa soopacerya Wankoola.,0,0,0,0,2,0
emakhuwa_3_01025,"Parasiili: Muhooleli a mantiixina Onivaanyiha itumereeryo "" Soowunuuheryasaa""",0,0,0,0,0,0
emakhuwa_3_01026,Makhuru oowoopola ilapo sa Waafirika Awuxitaraale anikhanyererya otthuneya wiiraana,0,0,0,0,0,0
emakhuwa_3_01027,Muhooleli Jair Bolsonaro khahiyo mukhawe onakiherya muteeko anamwane- maparasileero othawali tho khaniweha milattu,0,2,0,0,0,0
emakhuwa_3_01028,Kiine Ekwatoriyaale: Muleepi ni ekhereve ya Etala,2,0,0,0,0,0
emakhuwa_3_01029,Daviz Simango oottukhuleliwa w'Afirika y'Okuusini,0,0,0,0,2,0
emakhuwa_3_01030,"Iresulitaato stheyiihz ni sihiniphaveleya sa mixukuryo othaleeleya sa muhooleli oTurukhiiya  Recep Erdogan, wraawe oSeeriviya",0,0,0,0,0,0
emakhuwa_3_01031,"Makhulupale a Waafirika khanisuwela saana muvirikano wa myaha sa ikilima, onihimya Manuel de Araújo",0,0,0,0,0,0
emakhuwa_3_01032,Mali: Muuro Niiceri elataratweene,0,0,0,0,0,0
emakhuwa_3_01033,Anamaweha ahima wiira tivorerela simota Ankola onenlawe mwaha wa nukhuru na wAmerika wa ela ya oXerusale.,0,0,0,0,0,0
emakhuwa_3_01034,"Ohookhwa Neno, kwaratareeti ooyariwa OKaapu Veerite amuttikha mphira Ekiipa ya Porutukaale,",0,0,0,0,2,0
emakhuwa_3_01035,Nahapari ni ativiixita tixitaale Luis Carlos Díaz Orimeela Ovenesuweela,0,0,2,0,0,0
emakhuwa_3_01036,Nipuro ninvariwa muteko wa Mateus Zimba ookweyihera mulivo wiiya wa Embraer wootumihoni wa matteekes LAM,2,0,0,0,0,0
emakhuwa_3_01037,Xiina oniimana natiiri wokhaliherya alipo osoma mamosampikaano o Wuuham,0,0,0,2,0,0
emakhuwa_3_01038,"Alice Machado: "" Mondiano namalepa mmosa woosuwelaxa olepa ni owaasiveliha atthu.",0,0,0,0,0,0
emakhuwa_3_01039,"""Epooma yoowuuluvala"", oKhaapu Veeriti, okumaniha ni eyiilya ya Mmosampiikhi (Omuhipiti)",0,0,0,0,0,0
emakhuwa_3_01040,Anamakumiherya mawoowo ooParasiili anrumiha onyoholiwa sa nlaka na olumenku wariyari wa Intereneti,0,0,0,0,0,0
emakhuwa_3_01041,Mosampiiki: Empaxatoore wa elapo ya Ankoola omaliha nikhuru na nthukumano.,0,0,0,0,0,0
emakhuwa_3_01042,Ikwaha ikonto wa nsu na  Kabriela  LanKa,0,0,0,0,0,0
emakhuwa_3_01043,Moomolano wa anakoso onniphwanya ikuru sa maxoronaliixita Mmosampiikhi,0,0,0,0,2,0
emakhuwa_3_01044,Polisiya ankolaano ohaamwarya anawixikihe aximaayi amativiixita  niinyoho,2,0,0,0,0,0
emakhuwa_3_01045,Sara sauf ToomePiriisipe: Sowuupuwela sa Navekaate othuukhu,0,0,0,0,0,0
emakhuwa_3_01046,Anriwa ole omphavela okuxa eletoroniku a Russiya: anoowoloweliwa,0,0,2,0,0,0
emakhuwa_3_01047,Parakwaayi: woopiha wa ettekuxa yancaano sootaanyera opiixa soorakama,0,0,2,0,0,0
emakhuwa_3_01048,Nsipo  noKabu verde Mwaha wa nsipo na namulepa nsipo Manel d'Novas mu ilivuruni,0,0,0,0,0,0
emakhuwa_3_01049,Cristiano Ronaldo onxukurya Wankoola mwaakha wa 2014,0,0,0,0,0,0
emakhuwa_3_01050,Ankoola Onaalavula Paahi: Epilyeti ya masina a Caló Pascoal,0,0,0,0,0,0
emakhuwa_3_01051,Nikhuru na exariya  yoomaliha nikhuru na poola na ela elapo ya San Tome.,0,0,0,0,0,0
emakhuwa_3_01052,"Nnyooho, masi Phelps ni kupaano oottwawa",0,0,0,0,0,0
emakhuwa_3_01053,Okupariwa wa oVenesuweela onihaawa ni woopopihiwe okumuhiwa mpaani oParasiili,0,0,2,0,0,0
emakhuwa_3_01054,Simpaapwe: Emaara sa Khathoowa ni okhuwela voophavela mukhaliheryo,0,0,0,0,2,0
emakhuwa_3_01055,COVITE-19: Mosampiikhi ni Kaapu Veerete ohaarepela atthu asyaa a eretta,0,0,2,0,0,0
emakhuwa_3_01056,Moono onikelexa nsuwa muttetthe wAasiya: oweela wa isisapo sa musoro ni iyoolya sikinaku,0,0,0,0,2,0
emakhuwa_3_01057,"Omala sowoopiha wa opuro khiserya wa irukunuwelo, ephattu oLuwanta",0,0,0,0,2,0
emakhuwa_3_01058,"COVID-19: Muhooleli a eMunisipiyu ya oXimoyiyo khonikumiha ituunexi sa oxapaluwiha eretta, masi oolakelela wiira onoopakelela.",0,0,0,0,0,0
emakhuwa_3_01059,"Nakootha awaicentiina Dr. Dickenstein namaxiitta a ethuuvo Athiiyana muhina mwa siyensiya:"" muthaare nsiveelo""",0,0,0,2,0,0
emakhuwa_3_01060,ONU oothikilela miteko oMalawi mwaha wa mavampiiru,0,0,2,0,0,0
emakhuwa_3_01061,Isabel Novella:  muhina mwa makhuru mwa ale arowa  olaleeriwa woomalani wa mwaakha wa 2012,0,0,0,0,0,0
emakhuwa_3_01062,Trentink: mumphavela otheya niinano okathi okina wiira mutheye.,0,0,0,0,0,0
emakhuwa_3_01063,Kirikxiitawu: anamuttettheni anisiliiha voowanana ikuuro sa mapuliisiya a OSCE,2,0,0,0,0,0
emakhuwa_3_01064,"OOkwa  muttetthe  elapo  ya  Onepaali oviikana 2,500",0,0,0,0,2,0
emakhuwa_3_01065,"Maluuxu Veeriti wAafirika: muthokiho muulupale, ikaweliwo ôta wa reeti wala manamuuna mmosa?",0,0,0,0,0,0
emakhuwa_3_01066,Ankoola: makatekiixita oKapiita animuthonya Kuveerunu oriki otharathara itiini,0,2,0,0,0,0
emakhuwa_3_01067,Parasiili : Exikasawu Senteraale ya Akareera Onooniherya Ohilooka wa Ihakhi sApinaatamu,0,0,0,0,2,0
emakhuwa_3_01068,Hookhi- Kookhi: manamuna xeeni oovara waata wa anamattekula onikhima oXiina kontinentaale wiirelaka oyaara?,0,0,0,0,0,0
emakhuwa_3_01069,Namuhupi a osuwiisa  onilipelela mwiiwanano wa murettele Mmosampiikhi mpakha mweeri wa Apiriili.,0,0,0,0,0,0
emakhuwa_3_01070,Sooromoliwa sa  Lusofooniya online eyaakha ya 2011,0,0,0,0,0,0
emakhuwa_3_01071,Alipo ottyawela aphiya omapuutu ni ipheeyo sa omaaleleyo,0,0,0,0,0,0
emakhuwa_3_01072,Othowa nnakhala ohiloka manamuna olya ohaapwanya mwattelo wa ipurusento 40 wa anamwane omosampiikhi,0,0,0,0,2,0
emakhuwa_3_01073,Amahooleli maafirikaano otyawa Opurtukaale mwaakha wa 1961 anthukumanaasa  Okaapu Veerte,0,0,0,0,0,0
emakhuwa_3_01074,Yokhala nnakhala ethu yothananiha  ni yoreerexa mahiku yeettaka 5 mweeri wa nayiili- Ronaldo ni Neymar  athapelasa niira na iyaakha.,0,0,0,0,0,2
emakhuwa_3_01075,Materoriixita a Opariixi aatthukwelasiwa Opeelixika,0,0,0,2,0,0
emakhuwa_3_01076,"inoota ""sihikhanle sootikiha""",0,0,0,0,0,0
emakhuwa_3_01077,EUA: Mulaleeri onanariweene Noomala woopiwa ikapwitti sowoopiha sa Puliisiya,2,0,0,0,0,0
emakhuwa_3_01078,Paatiri  José onirowa olamula etiini elapo  ya Mosampiiki.,0,0,0,0,0,0
emakhuwa_3_01079,Ankoola onlavula paahi: Pilyeti ya mutthu MCK,0,0,0,0,0,0
emakhuwa_3_01080,ONU: Siiriya wokhala muxankiho mulupale wa alipo ottyaawela a olumwenku,0,0,0,0,3,0
emakhuwa_3_01081,"Noovira miyeeri miili Brumantinho, anamawaani a ekuluuttu ya Osam Paawilu aniira alipeleelaka yowaakhuliwa eniluluwana ni nthiiya nisuuka maasi.",0,0,0,0,0,0
emakhuwa_3_01082,ONU onihimya wiira aphiyaka emilyawu emosa ya  atthu anihoolela ohikhalana eyoolya oMosampiikhi,0,0,0,0,2,0
emakhuwa_3_01083,Marooko: Muttetthe ya Tanger oonihoolela oosareyiwa  woophova,0,0,0,0,1,0
emakhuwa_3_01084,Alipa ohimya ihapari anitumererya owananiwa epewe yaanamalepa,0,0,2,0,0,0
emakhuwa_3_01085,"Muhakhu onveleliherya aya anamuteko a mMosampikhi wAfirika tusuuli woophiya ikonto 416,2 sa euro.",0,0,0,0,0,0
emakhuwa_3_01086,Namupakelela orina iyaakha 23 oopakelela esinali ya raatiyu ni televisawu orumeela ikaruma soovonyiwa mukokhola.,0,0,0,2,0,0
emakhuwa_3_01087,Nahapaari ni anamalaleerya mamosampikaano tanooneyaxa mowoopopihiwani mwaakha wa mwathanle,0,0,2,0,0,0
emakhuwa_3_01088,"Miyo namasuwela, elenta enirimeela.",0,0,0,0,2,0
emakhuwa_3_01089,Namapaka woreeravo esipo ya Kizomba onirowa othanliwa etuminku epooma ya Lixipoowa.,0,0,0,0,0,0
emakhuwa_3_01090,João Lourenço  onumpererya ilapo sa muttetthe a Afiriika nno iye sikhanle sirumeela  Nttaava na ekunya wiira alokiherye  opuuro aya.,0,0,0,0,0,0
emakhuwa_3_01091,"Manyala a "" inuuku"" aniiphiya mipuurulo sa makwankwa muhina mwa nlakana Ekampaanya ya oPeresiteeti a Okooxita Riika",2,0,0,0,0,0
emakhuwa_3_01092,Kuveerunu a Mmosampiikhi oonaakiherya mutthikelo wa anamatthiyawa mulaponi mwaya Omalaawi.,0,0,0,0,0,0
emakhuwa_3_01093,"Mpaatte ohitto ni eriyari, atthu  ikooto sele 500 anihoolela muxaakiho wa ohiliipana voluluwana ni manamuno olya",0,0,0,0,2,0
emakhuwa_3_01094,Woolattuliwa othowa mirette mmashipiritaale sa Omosampiikhi:,0,0,0,0,3,0
emakhuwa_3_01095,Owela wa esisapo ya oliwerya wa ikhokhola ennaxankiha athu a Wamphula.,2,0,0,0,0,0
emakhuwa_3_01096,"""Miyo Kinrowa owerya onweha Yali kaphiya mMosampikhi"", Fernanda Lobato",0,0,0,0,0,0
emakhuwa_3_01097,Asuweeli a Olumweeku motheene avanyihana muhina mwa oraala wa mmawaani Okaapu- Veerte,0,0,0,0,0,0
emakhuwa_3_01098,"Ohincerereya mwattelo wanookhwa wo Owiixe, ohimya namakhalela miteko samuxipiritaali",0,0,0,0,3,0
emakhuwa_3_01099,Filipe Nyusi onipacerya olelo oxekurya Oxitaatuxi Uniitu,0,0,0,0,0,0
emakhuwa_3_01100,2017:eyaakha emoosa yoowunuuheriwa axithiyana waAmeerika Latiina,0,0,0,1,0,0
emakhuwa_3_01101,Michael Schumacher oniphwanyaneya awereyiwaka.,0,0,0,0,2,0
emakhuwa_3_01102,Muntiyaale onkhala 4 imilyawu sa itoolare mwaha wa ikampo simmaniwa imphira ni 8 miili imilyawu ni miteko sikina.,0,0,0,0,0,0
emakhuwa_3_01103,Muchanga onnivekela wi makhuru otheene aphavele atoropa wi amuxakaxakihe itthu soonanara mukhulupale  Afonso  Dhlakama.,0,0,0,0,0,0
emakhuwa_3_01104,Ohiira mpatta mmuphirani wa namphira dos Santos mpakha nlelo khusuwaneya.,0,0,0,0,0,0
emakhuwa_3_01105,Yooreerela yaatthu yamamosampiiki ni masomo oovirikana.,0,0,0,0,0,0
emakhuwa_3_01106,"Mayra Andrade, mukaapu - veritiyan o univerisitaate",0,0,0,0,0,0
emakhuwa_3_01107,"""soohalana sa iyuupuwelo salipo opotha sikhanle soomaliha"" oniira tiretoore Xeraale a OMS vooluluwana ni mamwaleyo a waAfirika",0,0,0,0,0,0
emakhuwa_3_01108,Xiina: Olattuliwe Dalai Lama viireliwaka amphira olimpiku,0,0,0,0,0,0
emakhuwa_3_01109,"Niira na Mphiira Olumweeko oParasiili, ohisuuwela wa apiliisa onaapwanya anamakhoottela ni anamalaleerya ihapari",2,0,0,0,0,0
emakhuwa_3_01110,Pedro Pimenta wa mapuro ooxutta a Hollywood,0,0,0,0,0,0
emakhuwa_3_01111,Mr. Parasuka oolaleya EP yoopacera ya soolo,0,0,0,0,0,0
emakhuwa_3_01112,"Lil Nas X ohoonihera ""isapatu sa satanas"" - Nike ohaakhula ni eporoseesu.",0,0,0,0,0,0
emakhuwa_3_01113,"Mukhaleelo a Ipheeyo: Paali, maluuxu Nukeleyaari ni miyoonelo Veeriti wAafirika",0,0,0,0,0,0
emakhuwa_3_01114,"Kereesiya: Eporoceetou yamawaani enakherya ""Soolya soolikana sa Ephattuwelo""",0,0,0,0,0,0
emakhuwa_3_01115,Iitiya oniwateeriha Tiikhi tooki ni ikinaku 58 siiri ikaruuma variyari va wuunuwa moonilo anti- Xiina ni ohiiwanana mmukanooni,0,0,2,0,0,0
emakhuwa_3_01116,COVITE-19: Mosampiikhi aaphiya atthu 606 ookhwa ni Sawu Tomee ni Pirinsipe orina atthu acexe akhwiiye nihiku nimosa,0,0,0,0,2,0
emakhuwa_3_01117,Iyaakha 50 sa oouheryaniwa oParasiili: Mutaphuleeli mmosa mufaranseexi waAmeerika ti Suuli,0,0,0,0,0,0
emakhuwa_3_01118,Ihisapu sinilinvwa  mpauro sinitumihuwa itthu ni oliveliwa itthu sinaakacamiha atthu a elapo ya Mosampiiki.,0,0,0,0,0,0
emakhuwa_3_01119,"Owiiwa okopihiwa musurukhu Kuveerunu wa elapo ya Mosampiiki onnitepiha ohaawa elapo yeela, nilavulaka nikhuru na teeni yeela epakiwe elapo ya Mosampiiki.",0,0,0,0,2,0
emakhuwa_3_01120,"KAN 2021: Okwakwilya  ni Kovit-19, tekiniiku Kineexi olipelela okhala "" eparakha"" omukuthanoni  waya ni Iciitu",0,0,0,0,0,0
emakhuwa_3_01121,Ohokhwa Diego Maradona,0,0,0,0,3,0
emakhuwa_3_01123,"oKheeniya, manyaku-nyaku oluluwana ni mwapoophe owanaaniwa ni Koviit-19 onilipiheerya makuute variiyari va aliipo othawali ni asikhiini",2,0,0,0,0,0
emakhuwa_3_01124,Trending: Meghan Markle thapela  iyaakha 39,0,0,0,0,0,0
emakhuwa_3_01125,Imperensa: Maxoronaliisita a mmosampiikhi aniphavela wiira okhalana  tho ifonte.,0,0,0,0,0,0
emakhuwa_3_01126,Namalamula oMosampiiki ohaakhulela sooliviwa sooyevaxa alipa ovara muteko isyaa.,0,0,0,0,0,0
emakhuwa_3_01127,Obama ootthikela waakuviha ovukula owali waakapwitthi,0,0,0,0,0,0
emakhuwa_3_01128,"""Enamaali Etokweene "":Joe Biden oniivenya ohoolo ni onihoolela okwaaha ya  otthimakela othaleliwa wa matemokaraata",0,0,0,0,0,0
emakhuwa_3_01129,Mapulisiya wa elapo ya oMosampiikhi ohaavara atthu ankhala otiyoopiya 23 ahirina itukumento arowaka osulu wa afirika.,0,0,0,0,0,0
emakhuwa_3_01130,PR wa Khaapu Veeriti aniweha vamosa ni ephattu oholelihiwa muthukunmano wa nikhuru na CPLP,0,0,0,0,0,0
emakhuwa_3_01131,Oparasiili: Omora-mora wa maministuru ayili ohaannariha Adilma Rousseff,0,0,0,0,0,0
emakhuwa_3_01132,Sia Tolmo - Nkhalelo awe muhina wa wiipa.,0,0,0,0,0,0
emakhuwa_3_01133,Ekhotto wonwanana Siita Okaapu Veerete okhalana iresulutaato sootthuneya,0,0,0,2,0,0
emakhuwa_3_01134,"Makhuru a Wisareyele, ooLipanu ni ma smartphones",0,0,0,0,0,0
emakhuwa_3_01135,Ekorupusawu enootepa ekhalanaka mathala Mmosampiikhi,2,0,0,0,0,0
emakhuwa_3_01136,Obama onikhanyererya Raul Costa wiira ottittimihe ihakhi sa mwaana mutthu,0,0,0,0,0,0
emakhuwa_3_01137,Nikhuru na alipo arina empereesa na atthu Ocapawu anipacerya oxukuurya wa mahiku maali Omosampiikhi,0,0,0,0,0,0
emakhuwa_3_01138,Meekuulu: Mosampiikhi onivekela okhaliheriwa oONU,0,0,0,0,0,0
emakhuwa_3_01139,Top Ten Amerikaano: nsiipo nisya mmerekaato nihooleliwa ni Cardi B ni Drake,0,0,0,0,0,0
emakhuwa_3_01140,"Soophwanyiwa sa niinaano ni sootepexa woopiha   ""wa soorava"" sa HIV",0,0,3,0,0,0
emakhuwa_3_01141,Muxukuryo wa paapal enittikiherya ottuli mweettelo wa mwaathanle,0,0,0,0,0,0
emakhuwa_3_01142,Mutaseke Itayi: Mukhalelo wa ovaha maasi ereheriwe oPeera,0,0,0,2,0,0
emakhuwa_3_01143,Koolyera onoomwareela Omosampiikhi,0,0,3,0,0,0
emakhuwa_3_01144,Imusewu Wankoola: Ikettelo sa matthokihereryo hata oruuhela soreera,0,0,0,0,0,0
emakhuwa_3_01145,Eretta esya ya Koolera oWamphula,0,0,3,0,0,0
emakhuwa_3_01146,"Amasooniya Exitereema, Mihuuru nophovo o sinaakhamela okumi wa miratti",0,0,0,0,2,0
emakhuwa_3_01147,Muratti P.W. onnilavula sa Kisompa ni ilepelo sa masipo awe.,0,0,0,0,0,0
emakhuwa_3_01148,Maxipoloratoore a waameerika anixipolorari imerekaatu sa waameerika,0,0,0,0,0,0
emakhuwa_3_01149,Pele onkhuma olelo oxiripitaali.,0,0,0,2,0,0
emakhuwa_3_01150,"Murummwa a elapo ya Wukaaraniya, ohima wiira""quid pro quo"".",0,0,0,0,0,0
emakhuwa_3_01151,"Teta Lágrimas: Um artista ""fechado, tímido, acima do seu tempo""",0,0,0,0,0,0
emakhuwa_3_01152,"Kremlin onoonela eporopakaanta, masi khahiyo sa photoshop: ilatarato soohikhala sa PH17 sinitakaliha munterineetini",0,0,0,0,0,0
emakhuwa_3_01153,Ekonomista onnikoha varowaka okhala wa mukhoyi wa elao y'oMosampiikhi.,0,0,0,0,0,0
emakhuwa_3_01154,Anawiiye a mpahari: Ekalawa ya oMosampiiki vano eri oSomaaliya,0,0,2,0,0,0
emakhuwa_3_01155,Oxaya inama sineettakasiha ikonto 72  ya etoolare,0,0,0,0,0,2
emakhuwa_3_01156,Muthukumano mwaha wa itakhwa empacera oTurUpani,0,0,0,0,0,0
emakhuwa_3_01157,Ohookwa Shimon Peres,0,0,0,0,2,0
emakhuwa_3_01158,Maliitere a nikhuuru nisuweliiwa ni G7 nolaleerya nokhoottelan eweero ya oruusiya ni imilyaawu ikooto imiiya 600 siniireliwa ilaapo Siri mphironi mothawaali.,0,0,0,0,0,0
emakhuwa_3_01159,Tout i paanni omokontthe Fabiane: ntoko yoxoothiwa ya mwiterineeti emokootthe muthiyana mmosa a vathokoni vawe oParasiili,0,0,0,0,2,0
emakhuwa_3_01160,Porokaarama Muntiyali wa Malyelyo onnilaleerya wiira Wankoola onikhaliwa woohaawiya mwaha wa muumelelo wa etthaya okhuma mwaakha wa  1981,0,0,0,0,2,0
emakhuwa_3_01161,Koloopiya: woopoliwa wa alipo ovaariwz sotanyerya Mikuthakutho,0,0,2,0,0,0
emakhuwa_3_01162,Frelimo ootthapela evalore ya Dhlakama mukhwaha wa murettele.,0,0,0,0,0,0
emakhuwa_3_01163,Kuveerunu  vamosa ni alupa anakosa a elapo ya Exitaatu Uniitu ya Ameerika avaranasa oxirikha wa nakoso ni elapo ya Mosampiiki.,0,0,0,0,0,0
emakhuwa_3_01164,Angola: anamwavyavya a elapo ya wAmerika anathumererya OMS opakhiwa nikhuru na eretta ya efepere amarela.,0,0,0,0,0,0
emakhuwa_3_01165,"""Ohookhwa Mwene"" moniheryo wa okhwa wa Kobe Bryant ni mwanawe Gigi",0,0,0,0,2,0
emakhuwa_3_01166,Ankoola: Othapelakamweeri wa athiyana awankoola ni ipowesiiya,0,0,0,2,0,0
emakhuwa_3_01167,Nlaka n'a Ihapari The Postcolonialist noohula wiira ovoloohiwa soolepwa sa maritiiku ni  itema saya ‘ samawaani mwaya’,0,0,0,0,0,0
emakhuwa_3_01168,"Okhala mwaha wa ekoma oMosampiikhi etthu ehinkhweya, oohima muxuttihi ooreera murima",0,0,0,0,1,0
emakhuwa_3_01169,Dhlakama onhimya wiira kuveerunu ni ipartiitu wa munkomeelo oparlamentooni.,0,0,0,0,0,0
emakhuwa_3_01170,Manfirimeero oPoopa Noova Kiine athupelaasa eiheereve mwaha wa oohikhala mireerelo sowixaakihana mwa axiitthu Koviiti-19,2,0,0,0,0,0
emakhuwa_3_01171,Owaali sootthikela oKhosoovo Noomala kuveeruno akhanyereriha ihukhumu soluluwana ni Elapo ya Ruusiya,0,0,2,0,0,0
emakhuwa_3_01172,Mosampiiki: eTensawu poliitika enimwaafetari oheliwa mihakhu,0,0,2,0,0,0
emakhuwa_3_01173,Kankuru a nipele tonihoolela eliixita ya iretta sa kansere Okaapo Veerete,0,0,0,0,2,0
emakhuwa_3_01174,Guebuza onookela okhalela onikelaawe osikhiwa Kok Nam,0,0,0,0,0,0
emakhuwa_3_01175,Ruusiya: Nvaanelo Owiiva mwahawa soowurya sinihapala ni Oviiha,0,0,0,0,2,0
emakhuwa_3_01176,"Evan Claver mostra ""Folk Tales- masipo aatthu"" o Luwanta",0,0,0,0,0,0
emakhuwa_3_01177,Atthu athanu a ilapo sokhopela avariwa Mmosampikhi akinxeene ikaruma sa khotto.,0,0,2,0,0,0
emakhuwa_3_01178,"Nlaka Top Ten naWameerika: Christina Aguilera ohiyererya nivololaka nsipo na Kanye; Super J Cole ""nihiiya"" opuro wa neeraru osulu.",0,0,0,0,0,0
emakhuwa_3_01179,Ohookhwa Augusto Matine,0,0,0,0,2,0
emakhuwa_3_01180,Macelo tori kapitawu a muloko wa kanarinya,0,0,0,0,0,0
emakhuwa_3_01181,COVITE-19: Miyaha sa oretta wa oretta sinnincerereya mMosampikhi mpakha imiya xexe ni thannaxexe ni okhumelela miloko mithanu ni thanu wa iwoora miloko miili ni xexe sokhiserya.,0,0,2,0,0,0
emakhuwa_3_01182,Kheeniya: Ekaruuma emoosa enirumeeliwa wiira evuwihaniwe miriira sa ninyoho,0,0,0,2,0,0
emakhuwa_3_01183,Mirukuuxo sa Ekixitituwisawu ni ohoverihana sinoonaneyaxa mmulaleeryoni mwa amwathaale WaAnkoola,2,0,0,0,0,0
emakhuwa_3_01184,'Koweeha otteliwa erooho  voolooka mmunepani mwaka': Mphiira elaapo onaaxitaari ekuluuttu ya Afikaniixitaawu,0,0,0,2,0,0
emakhuwa_3_01185,Eliivu ya Nuno Dala enirowa wooniheriwa Olixipoowa.,0,0,0,0,0,0
emakhuwa_3_01186,"Ntteeke na LAM, niira noluttelela variyaari epooma ya Omapuutu ni Oluwanta worimeela.",0,0,2,0,0,0
emakhuwa_3_01187,"Mosampiikhi, okathi ni wuuluula sootekasiwa",0,0,0,0,0,0
emakhuwa_3_01188,"Variyari va epuula ni ephovoovo, Peeru onilipiherya ntoko #UnaSolaFuerza",0,0,0,0,2,0
emakhuwa_3_01189,Maputu ni Matoola siniphwanyaneya simalen'yeene mwaha woowela wa isapu sa sa mikukutta.,0,0,0,0,0,0
emakhuwa_3_01190,Ettekuuxa yoowiiva ikonto 600 sa atthu iyaakha soteene,0,0,0,0,3,0
emakhuwa_3_01191,Eliivuru ya Emanuel Kunzika eniromoliwa mukhaleelo wa ekhotto yowoopola Elapo ya Ankoola,0,0,0,0,0,0
emakhuwa_3_01192,Ookasoopa : mukhaleelo otepa ohikhala a mukhaleelo wa malyelyo ohiloka saneene mpantta manceene wa omosampiikhi,0,0,0,0,2,0
emakhuwa_3_01193,Muratti a muthinto onitthaniwa kospele a Wankoola omphavela wahuluxa amwaavano owurya sohapala ni wakhuveelihe muloko.,0,0,0,2,0,0
emakhuwa_3_01194,Ihakhi sa anamwane nlelo sinivira sinyoholiwaka Mmosampiikhi,0,0,0,0,2,0
emakhuwa_3_01195,Pakixitaawu: vowiiraka 20 sa anaakwa mwaha wa ophuuwa wa mukukutta- poopa oPeshawar.,0,0,0,0,2,0
emakhuwa_3_01196,Atthu oMosampiikhi ahaakhela mithinto nave ampheela olavula mukhalelo a muhakhu.,0,0,0,0,0,0
emakhuwa_3_01197,Alemanya omphavela okhaliha mukhalelo wa oxintta imphira oopacera.,0,0,0,0,0,0
emakhuwa_3_01198,Mukhaliheryo wamafiskaale elapo ya oMosampiikhi: onttottopela  ni woohittottopeleya,0,0,0,0,0,0
emakhuwa_3_01199,"Ipheyo Soopakiwa: Mukhumelelo wa nmeekhaawe wa soolohiwa, sa mmuruni soonanara ni miteko.",0,0,0,0,0,0
emakhuwa_3_01200,Dhlakama ohaalakiherya atthu nkhalelo nsya wowiinana ni nkhulupale Guebuza.,0,0,0,0,0,0
emakhuwa_3_01201,"""Tubarões Azuis"" nookhalana oweerya wowerya wiirela mmpantte oleelo eroowaka nlaka notharelana na KAN",0,0,0,0,0,0
emakhuwa_3_01202,Axitokweene ankohakoha mooro opantte o parraxem onvaha maasi oMaputo.,0,0,0,0,0,0
emakhuwa_3_01203,"Mosampiikhi::materinaawuta anihoveriha Vekeekhayi muthunelo  vasya"" Nlaamulo noolumuwana ni Itaraasasawu Eleteroonika""",0,0,0,0,0,0
emakhuwa_3_01204,Senekaale ookhuma ohoolo,0,0,0,0,0,0
emakhuwa_3_01205,oKelimani: MDM onvira witthenkesa aka,0,0,0,0,0,0
emakhuwa_3_01206,Feroviyariyu O Mapuutu Kampiyawo Owafiriika muhina mwa  Pasikeeti axaana axithiyana.,0,0,0,2,0,0
emakhuwa_3_01207,Wafiriika onihaaya iphiiro sinireliwa kathoowa mwakha wa KOVIIT-19,0,0,0,0,0,0
emakhuwa_3_01208,EUA ootteeliwa ni wakhaliherya aretta arina siita oMosambiikhi,0,0,0,2,0,0
emakhuwa_3_01209,"Atoropa anivara  miteko saya elapo ya Mosimpwa ta Paraaya aniphwanyaneya athukumanneene, onnaakanyerya mukhulupale wa elapo yeele.",0,0,2,0,0,0
emakhuwa_3_01210,Miteko soolima oParakwaayi anoonaneya owalameela ni aliimi anikhanyererya wii Kuveerunu opwaanye iphiiro saya,0,0,0,0,1,0
emakhuwa_3_01211,Mukuthaano a Ilapo sa Afiriika ori (KAN) a mwaakha 2021: Kaapu-Verite  onittakalela mayeso mwaha womuxinttav Etiyoopiya.,0,0,0,0,0,0
emakhuwa_3_01212,"Kwaturu ni Sii Man anlaleya sinkele  ""ohimumula""",0,0,0,0,0,0
emakhuwa_3_01213,Namalepa Mia Couto namamalela wa Ntthuvelo wa Sawu  Paawulu ya Literatuura.,0,0,0,2,0,0
emakhuwa_3_01214,Atthu ariina HIV akhalana oweerya voviriha né Ekuumi yexikhaani ni mukhaleelo owilipiiha wakhuleele milooko.,0,0,0,2,0,0
emakhuwa_3_01215,Mosampiikhi: toleransiya seero mwaha wa ovoloweliwa wa mmukottani wa anamwane.,0,0,0,0,0,0
emakhuwa_3_01216,Porokarama sa wataaneya sinnakhaliha athiyana akhweliwe ayiya Wamphula,0,0,0,2,0,0
emakhuwa_3_01217,Epaariki ya nasional ya Koronkoosa eniphavela wunteererya miira otheliwa anamwane.,0,0,0,2,0,0
emakhuwa_3_01218,Ataake Omanika ohaahiya anli ookwa ni araaru ovulala,0,0,3,0,0,0
emakhuwa_3_01219,Aafirika oniphavela wikuxererya mihakhu sa Ilapo Soowiiraana sa Waameerika,0,0,0,0,0,0
emakhuwa_3_01220,"Asomi anikoha, itthu sinlavuliwa soovaha samateputatu ya MPLA ni ya UNITA wa mwaakiheryo a koviti- muloko ni thanu na xexe",0,0,0,0,0,0
emakhuwa_3_01221,"Namapaka esineema, mosampikaano Licínio Azevedo oophurela ntthuvelo miili elapo ya Marooko.",0,0,0,2,0,0
emakhuwa_3_01222,El-Nino ookuruxa yooruwerya wa 25 imilyawu sa anamalimi wa Afrika Awustrali,0,0,0,0,2,0
emakhuwa_3_01223,FIFA onihimya wiira sekeretaari Xeraali khoniira mpantta wa ekorupusawu.,0,0,0,0,0,0
emakhuwa_3_01224,Xiina:Manyaka Aninaanoxe Ahooniherya Ekhotto Enamwiireya muhina mwa Soolya Sororomeleya,0,0,0,0,0,0
emakhuwa_3_01225,Mwaavano a Wankoola onloherya okhala muratti,0,0,0,0,0,0
emakhuwa_3_01226,Onasusukhi ohuncerereya Oximooyu,0,0,2,0,0,0
emakhuwa_3_01227,COVID-19- akulukhana a elapo y' oMosampiikhi amwaawulela oXipanya.,0,0,0,0,2,0
emakhuwa_3_01228,Muleeheryo wa Dhlakama woovelaveliha,0,0,2,0,0,0
emakhuwa_3_01229,Masurutaato oNiceeriya awoopola asomi imya ttaaru (300) yattyawihiiwe.,0,0,0,2,0,0
emakhuwa_3_01230,Joseph Blatter ti otthikela othaliwa vasya ni mukhaleelo wa nfalume a  FIFA,0,0,0,0,0,2
emakhuwa_3_01231,"Mosampiikhi: Ettekuxa yoowiiva vowiiraka atthu 400 muhina mwa okathi wa miyeeri mithana ni miraaru , anihinya mwalaano wa Okumi .",0,0,0,0,2,0
emakhuwa_3_01232,Ohookhwa  poliitiku wa elapo y'oMosampiikhi Maasimo Diyas,0,0,0,0,3,0
emakhuwa_3_01233,Omora wa oviyatuutu oBeela orizonte mwaha wookhwa waatthu enli.,0,0,0,0,2,0
emakhuwa_3_01234,BAL: Pani US Monastir ooTuniisiya,0,0,0,0,0,0
emakhuwa_3_01235,Mulipa oomana wa etitatuura ya Mamilitaari opwanyiwa okweene oParasiili,0,0,0,0,2,0
emakhuwa_3_01236,Anamakasoopiha etakhwa annivekela nikhuru na atoropa wi awehawehe saana atthu ale anisaya inama pure-pure mutakhwani.,0,0,0,0,0,0
emakhuwa_3_01237,Stewart Sukuma onnaakiha interkanpiyu yuulupale ya mukhalelo eriyari ya Maputu ni Luwanta.,0,0,0,0,0,0
emakhuwa_3_01238,Atthu a elapo ya parasiili aniwehasa sohiwa okathi wa nlaka na ekoopa ya Olumeeku,0,0,0,0,0,0
emakhuwa_3_01239,"Biden, onihinya wiira ohukhuumwa wa Derek Chauvin  ti""epaaso emmosa ohoolo""masi vanihala ovara sinceene",0,0,0,0,0,0
emakhuwa_3_01240,Muthokoco onithoonyiherya wi maamerikaanu anceene annisiveliwa ni muvarelo awe muteko Joe Biden.,0,0,0,0,0,0
emakhuwa_3_01241,Kolopaale: Eparaakha yavoathi tinokathi oniirani wa ekoopa ya olumwenku 2010,0,0,0,0,0,0
emakhuwa_3_01242,"Oviraka Okathi wa ekwereere ya koronaviiru Musya, oleehanana amuusi ovira etuniiya onahaka okasoooiwa oParasiili",0,0,0,0,2,0
emakhuwa_3_01243,Mosampiikhi: ifeeriya sa muxariyani sinnikawanya miyuupuwelo sa atthu,0,0,0,0,0,0
emakhuwa_3_01244,Okapinta wookhumelela mwaakiheryo wa ihakhi sa atthu.,0,0,0,1,0,0
emakhuwa_3_01245,Woopiha oruuhela owana wana watoopa hihe ni Koreeya ti Nooroti,0,0,2,0,0,0
emakhuwa_3_01246,"Trending: Beyoncé ovonyerya nlaka na teluxe ya ""The Lion King: The Gift""",0,0,0,0,0,0
emakhuwa_3_01247,NEPAD waahikhalana milipelelo - onilavula nahantisi ni tipolomaata a mmosampiikhi.,0,0,0,0,0,0
emakhuwa_3_01248,Urukwaayi: Céleste onakheleliwa ni emilyawo emosa ya oMontemii,0,0,0,2,0,0
emakhuwa_3_01249,KOVIT-19 ophuleya wa evaaka ya neexexe wohiya mukhalelo wa okumi vamosa votepa oyeeva atthu ni vootepa myaaha.,0,0,2,0,0,0
emakhuwa_3_01250,Mosampiikhi onaattikiha 17 matíopi,0,0,0,0,0,0
emakhuwa_3_01251,"Okhoottiwa wa "" othaala ohukhuumwa"" otthukiwa wa mativiixita waAnkoola,"" eniwulihiha muru oteene"", anihinyasa alipo okhoottela",3,0,0,0,0,0
emakhuwa_3_01252,Renamo onooniherya olelo wilepiha wa Dhlakama okhala Peresitente a Repuupilika,0,0,0,0,0,0
emakhuwa_3_01253,Elapo ya Ankoola oomala mwaapoophe wa eretta ya feepiri amareela.,0,0,2,0,0,0
emakhuwa_3_01254,"Namphira xeeni wa Afirika onisuwela omuhoole mphira nkampu. Drogba (Kooxita ti Marufim), Eto'o (Kamarooxi), Manucho (Ankoola), Gervinho (Kooxita ti Marufim), Katongo (Sampiya) ou Moses (Nixeeriya)? Muniveleelihe nsina na namphira murumeelaka lummeru nla:  +12022671867. Kooxukhuru!",0,0,0,0,0,0
emakhuwa_3_01255,Suutawu: oniirowa othikelaala okhaala voohimukhaliheryo wa ONGs,0,0,0,0,1,0
emakhuwa_3_01256,EUA simphavela soorooha sinceene sa Mosampiiki,0,0,0,0,0,0
emakhuwa_3_01257,"""Amusi amosa aakhala omwaakakhanya mwanaya, ooyeva, mwaha wa eliituru emosa ya makhura"" oMosampiikhi",0,2,0,0,0,0
emakhuwa_3_01258,Itokweene wa Xiina onihooleliwa ni Moonelo wa mureerelo ni muthokiho wookhuruwa mureerelo awe Wetiyoopiya,0,0,0,0,0,0
emakhuwa_3_01259,Mwapoophe a tteeke onoopopiha okumi wa ikootosene sa anamwane oFilipiina,0,0,2,0,0,0
emakhuwa_3_01260,Capaawu: Mixaakihosoluouwana ni walanyeya wa axiitthu HIV/AIDS,0,0,2,0,0,0
emakhuwa_3_01261,"Trending: Michelle Obama, Cardi B, Shemar Moore ari opuro wolowuwa",0,0,0,0,0,0
emakhuwa_3_01262,Mwaha wa exeeni apinatamu mantiixina pemom yiitikitheeryase aya vowanana Kuveerunu a Nicolás Maduro?,2,0,0,0,0,0
emakhuwa_3_01263,Top Ten a Wameerika: Miteko santtittimiho sa natale - miteko sa aalupu oreera a mwaakha,0,0,0,0,0,0
emakhuwa_3_01264,Manimatoore awaafirika ahoopola mattaava aya ephattu ni ilatarato sinamutheyiiha,0,0,0,2,0,0
emakhuwa_3_01265,Muthowelo wa maasi ohiiva elapo ya Omanika,0,0,0,0,2,0
emakhuwa_3_01266,Kuveeruni Omosampiikhin  onivaara nroromeelo  novaara muteeko ni ONU muhiina mwa mwiiha Sá Koreeya ti,0,0,0,0,0,0
emakhuwa_3_01267,Waathanle oovirikana Onyampaani onrowa wiiraneya nihiko na 18 wa Apirili,0,0,0,0,0,0
emakhuwa_3_01268,João Lourenço onilopola Onoova Iyooroke invexitimento sa Waameerika,0,0,0,0,0,0
emakhuwa_3_01269,Otikiniihiwa wa Meexiku mwaha wa Ohiloka wookothasiwa wanasoomi a sineema araaru,3,0,0,0,0,0
emakhuwa_3_01270,''mwaamukukho  ohonoona a exiteremiiximu okhaala oomala'- Barack Obama,0,0,0,0,0,0
emakhuwa_3_01271,Alipo ari mameetiku ni atoroopa omosampiikhi anaakhela oxuttiha sooluluwana wa okhaliha opuro eniwaniwa ekhootto,0,0,0,0,0,0
emakhuwa_3_01272,Oxiitta wa LGBT wAnkoola: muraano mmosaru wa elapo weemereerye noovira iyaakha thanu,0,0,0,0,0,2
emakhuwa_3_01273,"Ekettelo ya Mwaaha sa Ihukhuumu ehaana  sataneliwaka vowakuveya""anihimwasa alipo a exariiya omosampiikhi.",0,0,0,0,0,0
emakhuwa_3_01274,Mapiixipu annitthokiherya murettele  mulaponi,0,0,0,0,0,0
emakhuwa_3_01275,"Ohookhwa Celina Pereira, mmosa wa aratti aalupale eelapo yo Kaapu Verte.",0,0,0,0,2,0
emakhuwa_3_01276,Poliisiya mosampikaana onnilamula mwaha wa mutumiheliyo wa atthu elapo ya Omanika,0,0,2,0,0,0
emakhuwa_3_01277,"Va okathi va mahiku maanli wa mwaathale,Trump ni Biden atthikelasa mukhalelo wa ekhootto ya muxiittano.",0,0,0,0,0,0
emakhuwa_3_01278,Okwa wa sinekaraafika eriyaari va manyakunyaku omattiwa muvanyihano oluluwana ni nlamuulo na “maawu tuura” oParasiili,3,0,0,0,0,0
emakhuwa_3_01279,"Muttetthe o Vatikaano ani wira""Spotlight"" ti efiilime o yotteliha muriima ni nnakhala khewanela okatooliku",0,0,0,0,0,0
emakhuwa_3_01280,Netizen Report: Kuveerunu parasileero onitthuna mukhaliheryo a Kuukele wiiranotzpanyeryr miyoonelo sanamunceene,0,3,0,0,0,0
emakhuwa_3_01281,Atthu otupha mikano a ilapo sa  Waafiriika arisa Wisarayeeli anihala mwa ninaano vaava,0,0,0,0,0,0
emakhuwa_3_01282,Mwiiha sa evyaluwasa ni oraphiya  Omapuutu soovukuwa.,0,0,0,2,0,0
emakhuwa_3_01283,"Koreeya: ohookwa Tiratoore Nooriti- koreano, Kim Jong II",0,0,0,0,2,0
emakhuwa_3_01284,Schumacher oolavula ratta mwaha woovona.,0,0,0,2,0,0
emakhuwa_3_01285,"w'Iitiya: Ekeekhayi ya ehasara ya Phopal: vootepa oyeva, vootepa oxa?",0,0,0,0,0,0
emakhuwa_3_01286,Niceeriya: Ekampanya #Bringourgirlsbackonikhanyererya otapwuliwa axiruusi ovarakasiwa,0,0,0,0,0,0
emakhuwa_3_01287,"Mosampiikhi ophavela othokiha vasya miteko sa osomiha , muvekelo wa akateemiku António Cipriano Gonçalves",0,0,0,0,0,0
emakhuwa_3_01288,Mosampiikhi onnilaleerya mwaha wa moopihelo wa epoola,0,0,3,0,0,0
emakhuwa_3_01289,"Ohookhwa nlattana a ""nikhuru"" naararu a makanariinyu.",0,0,0,0,2,0
emakhuwa_3_01290,"Ossufo Momade, peresidente a Renamo",0,0,0,0,0,0
emakhuwa_3_01291,Palexitiina: Mapolokeero oKaasa anilaleerya woopiha,0,0,2,0,0,0
emakhuwa_3_01292,Woopopiheya mukhalelo a witaphula wa mmulaleeyoni muhina mwa ekhootto yowanela ekwerere ya epoola oLipeeriya,0,2,0,0,0,0
emakhuwa_3_01293,Ohisuwela anivaha mukhaliho awe wiira vancerereye oraaviwa axiitthu HIV Owiila,0,0,0,0,3,0
emakhuwa_3_01294,Muthiyana trans mukaafirika mwa osaselana wAserpeyiicawu: Othalavomosa wootthuna nnakhala paahi soothereriwa othanla?,0,2,0,0,0,0
emakhuwa_3_01295,Noruweeka onnivaha miruku elapo ya Omasampiikhi wiira ekhalane  musurukhu woosukiwa  ni olipiherya elapo.,0,0,0,0,0,0
emakhuwa_3_01296,Koronaviiru « moopopiho» murutthu a iyoolya wa Ankoola.,0,0,2,0,0,0
emakhuwa_3_01297,Ephula  yootupa  ehiiva  Wamphula,0,0,0,0,3,0
emakhuwa_3_01298,KOVI19: Wanyiheriwa othikela miteeko sosomwa onaxaankiha axitiithi Omosampiikhi.,0,0,2,0,0,0
emakhuwa_3_01299,""" siyensiya onuunuwa, masi nithaanyo vooluluwana mwaha wa axiitthu HIV onitthikela"", onilipiheerya meetiku parasileero",0,2,0,0,0,0
emakhuwa_3_01300,EUA: Onikawa Lentaariyu Siyentiixita a ekomutasaawu Dennis Ritchie,0,0,0,0,3,0
emakhuwa_3_01301,Voomaliha  ohilooka wamapuliisiya oNiceeriya: niira na waarya voovuwihiwa alipo ookwasa,0,0,0,2,0,0
emakhuwa_3_01302,Ekampaanya ya mwaathanle yoolipa enaattamela  woomalani oMosampiikhi,0,0,0,0,0,0
emakhuwa_3_01303,Artiista Liyene Boske oopaka mooniheryo miraru ONova York.,0,0,0,0,0,0
emakhuwa_3_01304,Joe Biden oosuweliha Yootthuna Yonvenyiha Ameerika ni oohela ipiliyawu mmuhakhuni,0,0,0,0,0,0
emakhuwa_3_01305,Khaapu Veeriti: namalepa onirowa ovekela mukhaliheryo wiira opupilikari liivuru awe.,0,0,0,0,0,0
emakhuwa_3_01306,"Biden  onnimutthapela Paapa mwaha wa mukhaliheryo awe ni atthu oohaawa ni Francisco onihimya wiira Peresitenti ti ""katooliku ooreera murima"".",0,0,0,2,0,0
emakhuwa_3_01307,Mulipo ahapaari ti wakiritiriwe ni Mapuliisiya Militaari noomala mukuthaano a mphira oparasiili,3,0,0,0,0,0
emakhuwa_3_01308,Mukhaleelo a Miitiya Sitaata a ilaapo sa Lusofoniiya eyaakha 2010,0,0,0,0,0,0
emakhuwa_3_01309,"Mpantte wa athiyana o Sans Paawulu, ehakhi ya okurumula ehameela nittittiliho tiyootepa otikiniha opwanya",0,0,0,0,2,0
emakhuwa_3_01310,Mosampiikhi onaakhela ikonto 484 sa ipophano sininwanana Covite-19,0,0,0,2,0,0
emakhuwa_3_01311,""" Munkohe tr. Nídia"": Elapaaha",0,0,0,0,0,0
emakhuwa_3_01312,Nikhuru na atthu a mulaponi-ahikhanle mwa iparitiitu sa mmosampiikhi nooruuha ekampaanya wiira yaakhaliherye atthu oohukhumwiwa ni ixeeyiya.,0,0,0,2,0,0
emakhuwa_3_01313,Omukasoopa SIITA ni makhuru arina eriixiku yinceene vaporovinsiya ya Wamphula,0,0,0,0,0,0
emakhuwa_3_01314,"Muntiyaali a mwaakha wa 2014: ""Ninakhalakaru alipa a omusuwela mphira, masi khanihiyo omulokiheryoni.",0,0,0,0,0,0
emakhuwa_3_01315,Araatiyo komunitaariya Omosampiiki aniwanana othelaniwa vahittokotthiwe,0,0,0,2,0,0
emakhuwa_3_01316,"Epheyo Yoorerihiya, ya Aline Frazao, emmwettakasa wa maniira oota.",0,0,0,0,0,0
emakhuwa_3_01317,Elapo ya Ankoola onnilavuliwawo wi- Armando Machado: ''Ekiipa yeela yaarowa opaka itthu soreera''.,0,0,0,0,0,0
emakhuwa_3_01318,Mamosampikaani aneeteteela oviriha mwaakha ni otuphela eyaakha esya vowisumaaliha mwaha wa ekirise,0,0,0,0,0,0
emakhuwa_3_01319,"Afirika:""BOBs ni itthuvo ikinaku",0,0,0,0,0,0
emakhuwa_3_01320,FDA onemereerya mureette oniwananabkanseri oxamaayiika oliipiheriwa ni esuruuma,0,0,0,0,0,2
emakhuwa_3_01321,BAL:  Rivers Hoopers wa elapo ya Nixeeriya ti pani?,0,0,0,0,0,0
emakhuwa_3_01322,Mwiinelo wa Kolompiya yoomu hooliha Kosta ya Marfim.,0,0,0,0,0,0
emakhuwa_3_01323,"Nlaka  na  Ankoola  faala  soo- ""Pilisa  khaarumeela nlamulo,  onivara  mitumereryo""-Osvaldo  Caholo",2,0,0,0,0,0
emakhuwa_3_01324,Ukaata: eporoceetu ya nlamuulo anti- keeyi yootthika,0,3,0,0,0,0
emakhuwa_3_01325,"Anamalatha Owiraana ni a Ilapo piiliw othoonyerya  "" Iwarakha sa Niphento n'a Parasiili owoniheriwa Iraakhi"" oniphavela otuupha muhupi sa murettele",0,0,0,2,0,0
emakhuwa_3_01326,Emusi ola wa alipo ottyawela masiiriyu ahoorwa avalaanyiwa nmwa ikettelo isya sa ekwaha ya EUA,0,0,0,0,0,0
emakhuwa_3_01327,Nthona na othuna okhala saana ninnimulipiherya nanakoso a oMosampiikhi ovara ithu soorera.,0,0,0,1,0,0
emakhuwa_3_01328,Mulaleeri parasileero onixupuxerya manyaka a ekoopa ya eyaakha ya 2014 variyari va otthukheliwa amahoolelixi a FIFA,0,0,0,0,0,0
emakhuwa_3_01329,Anakhotto asya avelaveliha  wa ilapo sovirikanya wa ohiitto ya elapo yo oMosampiikhi.,0,0,3,0,0,0
emakhuwa_3_01330,Top Ten Amerikaana: Etthu yootikiniha eniitthaniwa Childish Gambiro.,0,0,0,0,0,0
emakhuwa_3_01331,Ismael Mussá khanirowa wikumiha onamathanliwa,0,0,0,0,0,0
emakhuwa_3_01332,Yoohiliwa empa ya wakhapelela ale anxohiwa mmawani oMaputu.,0,0,0,2,0,0
emakhuwa_3_01333,Vitoiriya ti elapo yoopacerya ya Awuxitaraaliya yoopacerya ohukhumu Nlamulo noluluwana ni ookwa ukunuxiwa,0,0,0,1,0,0
emakhuwa_3_01334,Mosampiikhi oniira wiira oniphavela 100 imilyawu sa itoolari khula mwaakha wiira iraneele malaariya,0,0,0,0,0,0
emakhuwa_3_01335,"Elika ya Wafirika ya mphiira apasiketi, okhupareeliwa ni nikhuuru na NBA, nimpacerya mahiku  arowa aya wettaka 16 mweeri wa nethanu muttetthe Okikali",0,0,0,0,0,0
emakhuwa_3_01336,"KOVITI-19: Mukhalelo wa Kalamitate waAnkoola ""tiyowoo""piha, aahima ale ansuwelaxa",0,0,2,0,0,0
emakhuwa_3_01337,UNICEF  oniira anawaane oophiyeryaka imiilya 700 tootthyawiya mwaha wa etala,0,0,0,0,2,0
emakhuwa_3_01338,Paritiitu Frelimo  yoolavula wi eparitiitu Renamo enipaka manyala  onanara ni wahasula atthu.,0,0,0,0,0,0
emakhuwa_3_01339,Polookero anikhalela onamoona okhapeleeliwa nanamunceene wa akolofiinyu,0,0,0,0,0,0
emakhuwa_3_01340,Vamosa ni malamulo  mukhaleelo etakwa sookhala oruuhela muraarelo anamawaani ale omaleela oweva opwanya ekuluttu ya oKalifooriniya.,0,0,0,2,0,0
emakhuwa_3_01341,Polooniya: Sowaakhula sopaceriha mwa okwa wa Muhoolel Kaczy?ski,0,0,0,0,2,0
emakhuwa_3_01342,Soohiiwa- ookhalana  wa  ehantiisi  mmosa  ya  Khaapu-Verete,0,0,0,0,0,0
emakhuwa_3_01343,Portukaale ni Espaanya aaxinttana opacera wa klassiku,0,0,0,0,0,0
emakhuwa_3_01344,Maspesiyalista anitumererya wa muhaawo musiya oMosampiikhi,0,0,2,0,0,0
emakhuwa_3_01345,Ekarakaasa sakareera ntoko isaala soosoma? Iterineeti oMosampiikhi tonikhoottela muruku yoola,0,1,0,0,0,0
emakhuwa_3_01346,Mapuliitiku a elapo ya Mosampiiki annivekeliwa wi okathi wa mwathanle ehoonaneye ekhotto.,0,0,0,0,0,0
emakhuwa_3_01347,EUA: Onithipelela ottiyelela itumererya wala ipulitika nnaamwi wopaceryani wootthikiliwa mireerelo,0,0,0,0,0,0
emakhuwa_3_01348,Trending: Alicia Keys oomukumiha aalupu mpheya.aalupu,0,0,0,0,0,0
emakhuwa_3_01349,CPLP muvaanelo wa atthu ootheene amweettakaseryo wa atthu,0,0,0,0,0,0
emakhuwa_3_01350,Muncereryo wa mahiku a muwehaweho konxitituwisiyonaale onivira ovaaneliwaka Mmosampiikhi,0,0,0,0,0,0
emakhuwa_3_01351,Yoomala yoolavuliya wa Barcelona ni Real Madrid,0,0,0,0,0,0
emakhuwa_3_01352,"Freedom House: Kaapu Veeriti, voreeraxa, ni Ankoola, vootepa.",0,0,0,0,0,0
emakhuwa_3_01353,"Munepaleesa Sapana Roka Magar, okhale toniloopa moothokoreryani mirutthu sa Ayiitu ohinisuweliwa mukhalelo aya, ovoolowa Muwarakhani mwa masina athiyana 100 a eyaakha ya 2020 a BBC",0,0,0,0,0,2
emakhuwa_3_01354,"Mosampiiki onitthuna imilyawu ikonto 11,6 sa itoolare para iwoopora s'atthu ootheene",0,0,0,0,0,0
emakhuwa_3_01355,Soowateeriha  interneeti eyaakha ya 2019: Iitiiya onikeleliiha ohoolo eriyaari sa Iilapo siiri sootepa omuwateeriha interneeti,0,0,0,0,0,1
emakhuwa_3_01356,Mwaaxiitthu a korona we RDC ookumiha mulopolo Owiice,0,0,2,0,0,0
emakhuwa_3_01357,Mosampiiki elapo yoowoopihaxa y'olumwenku wiira omiire nakoso,0,0,0,0,3,0
emakhuwa_3_01358,Trending: wa EUA iyo iteema soovuwa olelo,0,0,0,0,0,0
emakhuwa_3_01359,"oPisawu ohinakhala  ""ekaxuti ya ikokhola yanoowali"" - Nlaka na ihakhi sapinatamu.",0,0,0,0,0,0
emakhuwa_3_01360,Exitaato Uniitu onuupuwela vasya mwirelo awe mpantta omuhooleli wa murettele a ONU muttetthe wa Afiriika,0,0,0,0,0,0
emakhuwa_3_01361,Muwanani wa eparitiitu ewenle ekhattera emphela orakamiha murepelo.,0,0,0,0,0,0
emakhuwa_3_01362,"FIIFA, oomukhottihera Chuck Blazer, amerikaano aakhulenle 11 imilyawu sa toolare sa okunyariwa.",0,0,0,0,0,0
emakhuwa_3_01363,Mosampiikhi: Kuveerunu onisoma mukhalelo wa nlamulo na enassiyonalitaati.,0,0,0,0,0,0
emakhuwa_3_01364,Okhumulana wa kampoyi wowokottha atthu anli ni miloko mithannamiili awulalasa muttetthe wo Karolina wo Hitto.,0,0,0,0,3,0
emakhuwa_3_01365,Mosampiikhi : xoornalista Matiyas Gente ookumihiya mmilattuni mooveha,0,0,0,0,0,0
emakhuwa_3_01366,"Ekeriikhere mwa Amasooniya: Ntooko yuumaseya, mihuuru ni otokhoriiwa onakameela okhala wa miraatthi sa Tapaxaawu",0,0,0,0,2,0
emakhuwa_3_01367,Imiilyawu sowaatta sa rohingyas anittwawa nihaasu ni aniirwa anahiiwa mmukanoni variyari va oPankalateexi ni Miyamaari.,0,0,0,0,2,0
emakhuwa_3_01368,Puliisiya onimuula wooniherya efiilime ekuluttu sa maparasileero,0,0,0,0,0,2
emakhuwa_3_01369,Aximaayi anamalaleerya tthukwelisa wAnkoola aniwateerihiwa wixuuliha,2,0,0,0,0,0
emakhuwa_3_01370,Esateelite yoopacerya ya wAnkoola yoyeleela ekanyeryo nuumala ovonyiwa- ni interineeti kholeveleele,0,0,0,0,0,2
emakhuwa_3_01371,Exikola ekhulupale enitthaniwa Georgetown envanelela miyaha sa etemokarasiya (okhalelana) mmuttettheni mwa wAfirika munlavuliwa ekunya.,0,0,0,0,0,0
emakhuwa_3_01372,"Niira nootthapa na nihuku 8  mweeri  wa Marsu,  muthiyana  onveka elukuluku woowi  oopole Nikhuro nawe na Ilapo",0,0,0,0,0,0
emakhuwa_3_01373,BM onkhaliherya miteko soxintta ohaawa ni okhapelela mihakhu sa mutthayani mMosampikhi.,0,0,0,0,0,0
emakhuwa_3_01374,"Parasiili: Murale ni "" eselesawu eniloheriwa"" viireliwaka oroowa koopa ya Olumwenku",0,0,0,1,0,0
emakhuwa_3_01375,KOVIIT -19 : Parasiili ovoolowa muwarakhani mwa msiina a ilapo thanu ni moosa ni manamuuno ookwa owaatta ni sowanyiheriwa kahiyo sooreera .,0,0,2,0,0,0
emakhuwa_3_01376,Trending: Anamasiveliwa ahomoliwa wa mikumanelo sa mphira nomala wonaneya manyakunyaku ni LeBron James.,0,0,0,0,0,0
emakhuwa_3_01377,"Guebuza ni Dhlakama anihimyasa mulavulo, ohikhala ekhotto ni okhapelela saana",0,0,0,0,0,0
emakhuwa_3_01378,TV Ruusu onitthikela ottuli noovira wiitthaniwa mwene  mmosa armeeniku wi mukweeheri fasiixita',0,0,0,0,0,0
emakhuwa_3_01379,Maxornalista aavuwiha eliivuru mwaha wa ethale ya raatiyu ya Ota.,0,0,0,0,0,0
emakhuwa_3_01380,Namuteko a epuruceeto yuulupalex ya ekaaxi oKaapu Telekaato ohiiviwa ni atthu oohisuweliwa,0,0,0,0,2,0
emakhuwa_3_01381,Mosampiikhi: Oroyiha ota woohisuweliwa matera nlelo mulattu,0,0,0,0,2,0
emakhuwa_3_01382,"""Status Quo"", soxaakiha sa mosampiikhi  muteelani mwa Nelsa Guambe",0,0,0,0,0,0
emakhuwa_3_01383,"Alemanha: ""Alemaanya"" onnoopopiha onyohola wala wunteererya miteko sikina sa elapo ya Rússia: ""Oruusiya"" mwaha wa oheleliwa evenenu  Navalny.",0,0,2,0,0,0
emakhuwa_3_01384,Mitthaka sookhalela sa Muntiyaale,0,0,0,0,0,0
emakhuwa_3_01385,"Nlelo khuxaale wi ovekeliwe muswamaha wa eteeni, muulumo ola alavuliwe ni Joaquim Chisaano.",0,0,0,0,0,0
emakhuwa_3_01386,Elapo yo Wameerika enikhaliherya omwaleela ixipiritaali miloko mithannamixexe ni piili oSofala.,0,0,0,2,0,0
emakhuwa_3_01387,Miya-muhupi anamawana ekhotto khalayi oohuleliwa,0,0,0,0,0,0
emakhuwa_3_01388,Kuveernu ni ipartiitu kaapu-vertiyaanu sihoonela epaphelo ya Dhlakama wa wuunuwiha Mosampiikhi,0,0,0,0,0,2
emakhuwa_3_01389,Mosampiikhi onixikhelela muthokoco siyentiifiku,0,0,0,2,0,0
emakhuwa_3_01390,"Othoowa maasi muttetthe oSawu Paawulu, masi amakhulupale anikhootta otthuneleya okasoopa vowiitthokela",2,0,0,0,0,0
emakhuwa_3_01391,"""Mulattu Embraer"" wooroohiwa otiripunaale ya oMaputu",0,0,0,0,0,0
emakhuwa_3_01392,Ilapo Soowiiraana sa Waameerika: Ekoleexiyu ya Mwaathanle enithukumana nihiku noopacerya muteko wiira yaakhulele olola wa Joe Biden,0,0,0,0,0,0
emakhuwa_3_01393,Eduardo dos Santos vasyaa Opareceloona,0,0,0,0,0,0
emakhuwa_3_01394,Filipe Nyusi onnisuwela ophunyiya mwaha wa mukumaano wa Dhlakama.,0,0,0,0,0,0
emakhuwa_3_01395,Biden  oniira ori okupalyene wiira Putin otisitiri watakari muttetthe wa Ukaraaniyaw,0,0,0,0,0,0
emakhuwa_3_01396,Mukhaleelo ohukhumwa moolumwenkuni eyaakha ya 2013,0,0,0,0,0,0
emakhuwa_3_01397,Ankoola: olikanaasa variyari va Kapiita ni Timoore Leste,0,0,0,0,0,0
emakhuwa_3_01398,Atthu Muloko Ahookwa mMosampiikhi Okathi wa manyakunyaku variyari va epaanca ya FRELIMO,0,0,0,0,3,0
emakhuwa_3_01399,Mwiinano wa Oresaanu Karisiya enitthukuliwa wa iwoora 24 wa khula mahiku mpakha mahiku yeettaka 6 mweeri wa Mayiyu.,0,0,0,2,0,0
emakhuwa_3_01400,oParasiili Mwaattelo wa ehaamo muhina mwa opuuro onivaaiwa muteeko,0,0,0,0,0,0
emakhuwa_3_01401,Oriirya yoovara ekuluuttu wa amasooniya opeeru: vootanyeriwa ovirikanasa a mukhaleelo,0,0,0,0,0,0
emakhuwa_3_01402,lipo owiiwa omosampiikhi anilavula variyari vaamixankiho sa maayi mmosa hothe ni mwaana mwamukhaani Omaputu.,0,0,0,0,0,0
emakhuwa_3_01403,Eparitiitu Frelimo eniphwanyaneya ethukumaneene epooma ya Wamphula.,0,0,0,0,0,0
emakhuwa_3_01404,""" Vowanyiherya Parasiili khahiyo etitatuura emosa, masi vootepexa vakhiini ti emosa ya etemokarasiya"",onilipiherya Mário Magalhães",0,0,0,0,0,0
emakhuwa_3_01405,AL: Pani AS Salé ooMaroko,0,0,0,0,0,0
emakhuwa_3_01406,Mosampiiki:Namalepa ekonxitituwisawu oosuwelexiwa onoovaanyiha yoottharuxa ya nlamulo nuulupale.,0,0,0,0,0,0
emakhuwa_3_01407,KOVIIT-19 oPalexitiina:anikhala variyari va nroromelo ni woova,0,0,2,0,0,0
emakhuwa_3_01408,Pareseloona othi wa ehaamu:  Sakaraata Familiya yothamihiwa mwaha wa mopopiho wa materoriixita,0,0,3,0,0,0
emakhuwa_3_01409,"Terentinki: Lisso, Meek Mill, Keyanu Reeves, TAAKA",0,0,0,0,0,0
emakhuwa_3_01410,"CAN 2021: Kaapu Veerti woohikhala namaterenariha  onhoolela mphira ni Etiyoopiya, ettiminku",0,0,0,0,0,0
emakhuwa_3_01411,Miaatte sinceene sa ninyoho wa khutamahiku onaapwanya athiyana,0,0,0,0,2,0
emakhuwa_3_01412,Nteeke  na  LAM  nokwanyeereriwa  wunteererya  ekwaha  noovira  okathi  wophasuwa  eloola  ya  ohoolo,0,0,2,0,0,0
emakhuwa_3_01413,Paaroku o Se Kateteraale ya Opheempa oonilopola oomaala ikapwitthi ni mukhalelo wa murettele,0,0,0,0,0,0
emakhuwa_3_01414,HRW onivekela mukhalihero no ottittimiha wa anamathaamela ooKaapu Telkaatu,0,0,0,0,0,0
emakhuwa_3_01415,"Opuro wamuharooye oluluwana ni opotthiwa olipuliiwe wAlikaarive"""" wiira ohikhale wuukuttheyaka iye sootthikela""",0,0,0,2,0,0
emakhuwa_3_01416,Trentink: Russell Westbrook ookhuma wa Rockets oronwe wa Wisaritisi,0,0,0,0,0,0
emakhuwa_3_01417,Atthu yaala otthyawasa elapo aya aphiyasa elapo ya OMusimpwa ta Paraaya.,0,0,0,0,2,0
emakhuwa_3_01418,Ilapo sa Wiiraana: Soovira miyaakha mithanu sa muripithuwo ekonoomika wa osulu.,0,0,0,0,0,0
emakhuwa_3_01419,KOVIT-19: Mosampiikhi owaakhela alipo okwa okumihiwa muttettha wa Afiriika ti suuli,0,0,0,0,2,0
emakhuwa_3_01420,"Orumeeliwa oohireerela wa soohapala siniruuhela wa khuta mwaakha 2,5 imilyawu sa anookwa",0,0,0,0,3,0
emakhuwa_3_01421,Wamphula  okhala  ipurusento  55  sa  mwattelo  ohilokasa  mikhalelo  anamwane  wootepa.,0,0,0,0,2,0
emakhuwa_3_01422,Athiyana ni anamwane anitthikela oyaara omurava axiithu HIV Omosampiikhi,0,0,0,0,3,0
emakhuwa_3_01423,Senekaale yoottottela muraarelo woopacerya mukampeyonaatu Afirikaano ya Nasawu a mphira.,0,0,0,2,0,0
emakhuwa_3_01424,Mukhulupale eelapo oniira wii anamurwa aninyanya elapo aawoonyokola mamempuru aawe atthanu oLumpu,0,0,3,0,0,0
emakhuwa_3_01425,"Kathoowa akfuuko a muhaakhu wookhala otanyerya miteeko solooliwa ekwereere a SIDA, omosampiikhi.",0,0,2,0,0,0
emakhuwa_3_01426,Trump opaka mitita exekutiiva soopere epakuti yoorula muritti muhakhu,0,0,0,0,0,0
emakhuwa_3_01427,Mário Coluna oniphwanyaneya onari nkoomani,0,0,0,0,2,0
emakhuwa_3_01428,Mphira: Carlos Morais a Wankoola namattikhexa a mwaakha,0,0,0,2,0,0
emakhuwa_3_01429,Ankoola: OPuliisiya oowani ni Oviiha mwaha wa manyakunyaku oluluwana ni mwathanle Ekweeli,0,0,0,0,0,0
emakhuwa_3_01430,"Luwaata:""Muthaato wa ephattu"" onattamiha ilapo sa  Ankoola ni Parasiili",0,0,0,0,0,0
emakhuwa_3_01431,Mooro woopatthiha musewu  ihononeyamo itthu sowaatta saari  mmusewuni muumu.,0,0,0,0,2,0
emakhuwa_3_01432,Mamosampikaano aahaleela muteko mmikotini sa Waafirika ya Okuusini,0,0,0,0,2,0
emakhuwa_3_01433,"KOVIT 19 : meeka- operasawu ya imilyawu muhina mwa EUA ""onimwattamela mwapoophe vahinatthi omala mwaakha",0,0,2,0,0,0
emakhuwa_3_01434,Mwaattelo wa mwaatakareliwo a matakisiixita onivukula miteko epooma ya Wamphula.,0,0,2,0,0,0
emakhuwa_3_01435,Mawuritaaniya: Ohoolo wa Opotthiwa Waninaano,2,0,0,0,0,0
emakhuwa_3_01436,Namattikha imphira akhlayi oofransa Lilian thuram  onrowa woonihera eliivuru oLuwanta.,0,0,0,0,0,0
emakhuwa_3_01437,Ukaraaniya: Ohaawa wa mataarutaru o Kirimeeya,0,0,0,0,1,0
emakhuwa_3_01438,Namwakiherya ole mosampikaano onahoolela asuphayi wiira yaapwanye alipo akhaale taaruma opharakaseriiwa atthu.,0,0,0,0,0,0
emakhuwa_3_01439,Woopiha wa epompa wa Oteeli Rostov-on- Don,0,0,2,0,0,0
emakhuwa_3_01440,"Atakhali oKaapu Telekaatu ampaka itthu sootakhala ntoko owiiya axiruuxi, onnihima Seyive the Xilitere.",0,0,2,0,0,0
emakhuwa_3_01441,"Top Ten Amerikaano : LL Cool J mukhulupale, atthu otheene animphavela Beyonce ni Cardi B wi iire mpantta muniirani.",0,0,0,0,0,0
emakhuwa_3_01442,Muhoolele a Kuukele onixukurya vootutuxerya Elapo ya oKuupa wiira olaleerya wixeetta wmuhina mwa iterineeti,0,0,0,2,0,0
emakhuwa_3_01443,Mukhalelo a Ipheeyo: Vanirowa opaceriha sayi nlaka na Green Tax wAafirika ti Suuli?,0,0,0,0,0,0
emakhuwa_3_01444,Lipaanu: Kapitawu a mwaatiya ookuxa enitaraatu ya amooniyu niiriwa wiira waarwa Mmosampiikhi.,0,0,0,0,0,0
emakhuwa_3_01445,Amwaavano athukumana oXiina wiira aruuhele exikhaani mwa sooyeleela sa mireerelo sovirikanaasa ni aninuuherya wuraana vamoosa ni ephaattu.,0,0,0,2,0,0
emakhuwa_3_01446,"Momosampikaano aniira"" vaaphiyerya"" mukhaleelo wa ekhotto ni Khathoowa a muraarelo owo oniikhumula vooluluwana ni elapo",2,0,0,0,0,0
emakhuwa_3_01447,Mwapoophe owanana ettekuxa yookhala ovahaka exikhaani mwa ohaawa wabmukhalelo okumi sanamunceene aAfirika,0,0,0,2,0,0
emakhuwa_3_01448,Braziili Oniira taata wa Ekoopa ya Olumwenku nuuloliya woowereya.,0,0,0,0,2,0
emakhuwa_3_01449,"Obama, oniveekela ekhootto yowananiiwa makwaankwa ni wixeetta Wafiriika""puxaante """,0,0,0,0,0,0
emakhuwa_3_01450,"Axiina anli, yooloherya emosa ni okwa woohiloka mwa eterayiili ya EUA",0,0,0,0,3,0
emakhuwa_3_01451,"Trending: Nvaanelo viisi-peresitensiyaali ni epanca ya  Sergio Ramos, Ronaldo ni Pepe enaatominari areeti sosiyaali.",0,0,0,0,0,0
emakhuwa_3_01452,"Mosampiikhi: Anamurwa aninyanya elapo, anitthikela akhalaka oMakomiya ni avenxa epantera ya okhala wamwiisilamu.",0,0,3,0,0,0
emakhuwa_3_01453,Exiitu:Mubarak onahukhumu apoovu ni owaaliwa wa ipaako ni othowa eyoolya,2,0,0,0,0,0
emakhuwa_3_01454,Muraano a telekumunikasaawu onihooleliwa ni atthu ohisiliimu onixiitta ekhotto ya ehantiisi ya Exariya oMeexiku,0,0,0,2,0,0
emakhuwa_3_01455,Miteko sa atoroopa muhina mwa Omaali apiisa th nleelo miyeeri sene nnakhala mwaakha,0,0,0,0,0,0
emakhuwa_3_01456,Nikhuru n'a mphira nooparasiili noovonyerya Ekampaanya yowanela othaanyana mwaha wa nikhuli n'a mutthu,0,0,0,2,0,0
emakhuwa_3_01457,Maxoronaliixita aromanasiwa ni atoropa a Renamo.,0,2,0,0,0,0
emakhuwa_3_01458,lyaari sa atthu sinilipelela mulooleliyo wa efixituula opuxiteetirika,0,0,0,0,0,0
emakhuwa_3_01459,Filipe Nyusi oLontres wa Esimera ya Commonwealth,0,0,0,0,0,0
emakhuwa_3_01460,Mahuku 25 mweeri wa Apiriili: nreerelo wa atthu otheene.,0,0,0,0,0,0
emakhuwa_3_01461,Hiipi-Hoopi  omuxiita Mosampiikhi,0,0,0,0,0,0
emakhuwa_3_01462,Ilapo Soowiiraana sinikhomaalela othoriha onwanana eretta wovihexa erutthu.,0,0,0,2,0,0
emakhuwa_3_01463,CIP ompheela olaleiwa wa kontaratu wa mihokhorokho soorera wa elapo ya oMosampiikhi,0,0,0,0,0,0
emakhuwa_3_01464,Mosampiikhi: Mooneliwotho wa nikhuku nooRovuma nuulupalexa ya Kaaxi.,0,0,0,2,0,0
emakhuwa_3_01465,"Namavaha ihapari a Mmosampiikhi oolakaseya: ""hata mphito aya khonooneya"",  Mapuliisiya anivekela mukhaliheryo.",0,0,0,0,2,0
emakhuwa_3_01466,Vaari siliini Okathi opaceryaanyu osuuwela miriira owokiiwa mwiirelaka orupihiiwa? Parasileera onaakhula ninyooho olaayini,0,0,0,0,2,0
emakhuwa_3_01467,Dhlakama ommotherya kuveerunu wa elapo ya oMosampikhi wiira ootthukula inuupa sanookhwa.,0,0,2,0,0,0
emakhuwa_3_01468,Nthukumano wa nkhulupale Nyuusi ni Dhlakama khusuwaneyiye nihuku naya.,0,0,0,0,0,0
emakhuwa_3_01469,Mosampiikhi  anitthuna  oreerihela  mukhalelo  wa  ekhiitta  ya  miteko  soosomiha.,2,0,0,0,0,0
emakhuwa_3_01470,Eduardo dos Santos muhooleli oniphenteliwa ni atthu vakhaanixa a Waafirika,0,0,0,0,0,0
emakhuwa_3_01471,BAL: Ti pani AS Police a Mali,0,0,0,0,0,0
emakhuwa_3_01472,Namahayasa Suweeku onorowa omukoha Joseph Blatter,0,0,0,0,0,0
emakhuwa_3_01473,Ikhotto sophiya musitati sa oBrasil Ohinatthi   ohuliwa Mundial,0,0,0,0,0,2
emakhuwa_3_01474,Orlando Venhereque: Namwiipa Oowiiraaniha Atthu.,0,0,0,0,0,0
emakhuwa_3_01475,Wa'Angoola: Lini athiyana anrowa ottittimihiya vooliikana?,2,0,0,0,0,0
emakhuwa_3_01476,2011: oloha ni mixankiho,0,0,0,0,0,0
emakhuwa_3_01477,Mitumereeryo wa Esupereemu Kooriti yookhala ohela enoopopiho etthaya ni Ihaakhi sa alipo owareliwa muttetthe  oParasiili,2,0,0,0,0,0
emakhuwa_3_01478,Intiiya ni Ilapo sa wafiriika sinihaayasa miyatano isya.,0,0,0,0,0,0
emakhuwa_3_01479,Miriira sa wakheliwa Mmaterinitaate,0,0,0,0,0,0
emakhuwa_3_01480,"Lokua Kanza: ""Olumwenku oniphavela mphento""",0,0,0,0,0,0
emakhuwa_3_01481,Okhilimane siniphaveleya imilyawu 59 sa itoolare  wi silokihiwe mithato.,0,0,0,0,0,0
emakhuwa_3_01482,Nnakhala ni malamuulo masya Parasiili okhalanamikacamiho s wakhapelela athiyana ni wokothasiwa watabonuncerereya,0,0,0,0,2,0
emakhuwa_3_01483,"""Anamalepa yaale aniihiyerera wi avarihiwe wala iiwelele miruku sa kuveerunu khampisa ohiya aya yoola woolepa  """,0,0,0,0,0,0
emakhuwa_3_01484,#FreeAmade:otthukiwa wa nahapaari oniphattuwa onyonyiwa mMosampiikhi,2,0,0,0,0,0
emakhuwa_3_01485,Ameerika Latiina omurumeelaka Paaxikoro: Epalaneeta eniveka Epetaali,0,0,0,0,0,0
emakhuwa_3_01486,""" Kiriotupheliwa ikwaha thataaru' Woova ikhirime oniittikiherya ottuli oleepiwa wa oxikoola suulupale sa Weeli Salvatoore",0,0,3,0,0,0
emakhuwa_3_01487,"Masu a Watalantiku: eShow yo Paaya wo Oluwanta ahakaaha ikuru sa Wankoola, mMosampikhi ni oParasiili.",0,0,0,0,0,0
emakhuwa_3_01488,Athiyana anitthikela ohooneliwa vatthu munkoni woopwanya muteko.,0,0,0,0,1,0
emakhuwa_3_01489,EUA  onikhottela moothereriyo wa oruusiya mwaha wa ataaki kiimiku a Osiiriya.,0,0,0,0,0,0
emakhuwa_3_01490,Wamphula: anamarakala  oohikhalana muteko woovara,0,0,0,0,3,0
emakhuwa_3_01491,Sinakhalakaru itekonoloxiya iliivuru khisikhwaale,0,0,0,0,0,0
emakhuwa_3_01492,Petro oLuwanta namaxintta ya eporonze ya Basketball Aafrika League,0,0,0,0,0,0
emakhuwa_3_01493,"Okumihiwa atoropa akhalayi a Renamu oniira wiiraneyaka okathi ola oMosampiikhi ookhala oopakeya eporosesu yohisuwanyeya saana ni ehinrowa okhaliherya wii okhale osamihana elapo yootheene, wakhala wii otthikiheriwa wa wataaneya wahikhale wa exariya ni wa okhalela wa atthu ale.",0,0,0,1,0,0
emakhuwa_3_01494,Dhlakama ohokolleela woopopiha,0,0,2,0,0,0
emakhuwa_3_01495,"Mamosapikaano ophiyelela 20 purusentu khanirowa wiira mpantta wa mwathanle, mwaha woohiresensiyari.",2,0,0,0,0,0
emakhuwa_3_01496,"Joaquim Chissano: Atthu a Waafirika arisa voophova wiraana, masi ahaana omalamaliha manyaku nyaku ni wikhanyanya ni miteko sosomiha.",0,0,0,0,0,0
emakhuwa_3_01497,Antony Blinken vamoosa ni Sergei Lavrov athukumanaasa Oxeneepera enamathanu mwaha wa elaapo ya Ukaraaniya yaari osuulu wameesa  nthukumaano.,0,0,0,0,0,0
emakhuwa_3_01498,Onuunuwa moonelo wa Ukaanta vooluluwana ni mwaha sa ettekuxa yoopattuxa ni axiitthu aniiva,0,0,2,0,0,0
emakhuwa_3_01499,"CAN ompacera eSaapatu ela, 17 ya Xaneyiro",0,0,0,0,0,0
emakhuwa_3_01500,"Eliivuru ""Mafalala: memorias e espaços de um lugar"" opasari etuminku enirwa.",0,0,0,0,0,0
emakhuwa_3_01501,' paahi othamihiwa wokhanyereriwa!': alipo oleveleela a Ilapo sookhopela onilaleerya niira na Olumwenku na oParasiili,1,0,0,0,0,0
emakhuwa_3_01502,Enoonaneya nikhuru na Moody's nenla nimphwanyaneya ela'po ya Mosampiiki  nikhuruwaka ni miniixituru opacerya onirowa elapo ya Waxintto.,0,0,0,0,0,2
emakhuwa_3_01503,Kiine -pisaawu: Soophattuwa sa Miteko Sosaarerya muttetthe wa ikisiiro sa Picako,0,0,0,0,0,0
emakhuwa_3_01504,Ofalyari wa muupuwelo wa ororomeleya eri wa opacerani wa yootakhala ya Uixe.,0,0,0,0,2,0
emakhuwa_3_01505,"Mukhulupale Donald Trump ni mulupa ole onipaka ifiilimi, Wiil Smith annilavulaxiwa.",0,0,0,0,0,0
emakhuwa_3_01506,Rusiya omanaa erekooriti muhina mwa mwettelonwa a  mooro wa  niira,0,0,0,0,0,0
emakhuwa_3_01507,"Ossufo oniphavela ohihiwa osurutato voorerela ni voottittimiheya wa axilopwana  ""a Renamo",0,0,0,0,0,0
emakhuwa_3_01508,Arapeeye: manamuna a mapalexitiinu axittiwa aya mwaha wiyaawosa!,0,0,0,0,0,1
emakhuwa_3_01509,Akinaku anithoonya Wii ittheku sa ninaanoxe sa maralaala ti ekanyeryo ya ovirikana ikhaleelo sa ipheeyo oKeeniya,0,0,0,0,0,0
emakhuwa_3_01510,Ramos Horta onihima virra muthanle a elapo ya oKine Pisawu ihoceliwe.,0,0,0,0,0,2
emakhuwa_3_01511,"Meeyu - Ampiyenti: Maapha, mittetthe ni alipo a ikootha sa karupoonu",0,0,0,0,0,0
emakhuwa_3_01512,Mapurusoori univerisitaariyu a mmosampiikhi khanisiveliwa ni mukhalelo wa ohiheliwaka mpuwa wa miteko sikinaku.,0,0,0,0,0,0
emakhuwa_3_01513,"Cantitaato oPeresiteeti oParasiili, Eduardo Campos ohkwiiye awe  mwaha wa Ehasara ya ntteeke",0,0,0,0,3,0
emakhuwa_3_01514,Nikhuru  matteeke LAM linniphwanyaneya nitthikelaka weetta nttetthe wa ewuroopa ?,0,0,0,0,0,0
emakhuwa_3_01515,Nkhulupale Filipe Nyuusi ni David Simango attikela wuuluma khuta mahuku.,0,0,0,0,0,0
emakhuwa_3_01516,"Mpaxatoora a elaapo ya wameriika,mukiina mA ONU onakiheerya"" istaato piili"" nthooko maphukeliiwo vireliiwaka do ohiwanaaniwa variyaari va ale ari atthu a wisarayeeli ni ale aari a  opalestiina.",0,0,0,0,0,0
emakhuwa_3_01517,Masu owulaana:Roota Xeraale  mwa nsu  na alipo a nttaava na ekuunya,0,0,0,0,0,0
emakhuwa_3_01518,"Renaamu oniphunya nikhuru na nookohakoha wiira noonele ""mipacapaciwo""",0,0,0,0,0,0
emakhuwa_3_01519,Michael Schumacher wahitthikela mukhaleelo exikhaani masi mukhalelo awe onitepa okhala wohisuwanyeya.,0,0,0,0,1,0
emakhuwa_3_01520,"Koviti-19: Kuverunu ankolaano ohaana orerihaka mananna ya olavulihana, annihima asuweli.",0,0,0,0,0,0
emakhuwa_3_01521,"CAN 2021:  Kine Pisawu ""yooholeliha"" ekiipa ya Kaapu Veeriti ephantte ya nenli.",0,0,0,0,0,0
emakhuwa_3_01522,Exiitu: yaravaariwq ya Iara Lee Waakariwa wa Ofulotiilya,0,0,0,0,0,0
emakhuwa_3_01523,Parasiili: Kuveerunu ohikittha esalaariyu ya mameetiku a mukhaleelo enamunceene wa ekumi,2,0,0,0,0,0
emakhuwa_3_01524,"Nthekeneke: ""mutakhali owiximaaliha""onopopiha oraala wa mutthetthe a  Waafiriika.",0,0,2,0,0,0
emakhuwa_3_01525,Exipaanya: Mukhulupale katalawu onnaamaaliha atthu,0,0,0,0,0,0
emakhuwa_3_01526,"Soohinya sa spyware Pegasus indica sinithoonyerya wii Iitiya onathurumela alipo a ihapaari, mativiixita ni mapuliitiku",0,0,2,0,0,0
emakhuwa_3_01527,"Joaquim Chissano onilavula muthowelo wa ewahala temokaraatika Mmosampiikhi, maanaliixita anavaanyiha",0,0,0,0,0,0
emakhuwa_3_01528,"Tayilaatiya, Kampooca: Ohiwanana  mmukanooni oniilipiheriwa",0,0,2,0,0,0
emakhuwa_3_01529,"Trending: iPhone 12 ti itthu sootheene ni ekina tho, sintoko vanooniheryaawe Apple",0,0,0,0,0,0
emakhuwa_3_01530,"Alaleerya araaru anti- koopa animuthonya Parasiili mwiriira otharatharana mulattu wa itumereryo ni, vohiithu, anihaayasa woottwawela ekosnsulaatu ya wuUrukwaayi",0,0,2,0,0,0
emakhuwa_3_01531,"""EUA ommalela okhala mpantta onikela okhaliherya muhaawelo wa oparasiili"", oolavula tiretoore a winxitituutu ya Oparasiili",0,0,0,0,0,0
emakhuwa_3_01532,"Wankoola onlavuliwa paahi -  Caló Pascoal: ""Wantthuneya ovara muteko woophavela omalamaliha ophavelaxa mirereelo"".",0,0,0,0,0,0
emakhuwa_3_01533,Ekwatoore: Ophulaka miyataano seemuttuttimiho vamosa ni Kolooppiya,0,0,0,0,0,2
emakhuwa_3_01534,Pilisa  Omosampiikhi  oniirela  mpantta  wa  orimeela  wa inyaka a  erinoserooti.,2,0,0,0,0,0
emakhuwa_3_01535,"Parasiili : Okwa wa Sócrates, Nthoonyeryo mmosa Parasileero",0,0,0,0,2,0
emakhuwa_3_01536,Mosampiiki eriyari ya ilapo sootepa oweriyiwa ni VIH,0,0,2,0,0,0
emakhuwa_3_01537,Mosampiikhi: Oovukula wahaaxa alipo otthukiwa  mukhatteya,0,0,0,2,0,0
emakhuwa_3_01538,Etala waAfirika enititheerya mwaha ovaanyhihana oniluluwana ni Piyotekonoloxiiya,0,0,0,0,0,0
emakhuwa_3_01539,Peera: atthu emiya sene anhova woopola paleyiya emosa epharaya ya Pikexi,0,0,0,0,0,0
emakhuwa_3_01540,Mosampiikhi: Ikiliipi sa isiipo ni Moonelo wa ikuluuttu,0,0,0,0,0,0
emakhuwa_3_01541,BAL : Ti pani FAP yoola oniira mpantta ekiipa ya Kamarooxi.,0,0,0,0,0,0
emakhuwa_3_01542,"Maayi onithalapwawii omookotha mwanawe muttetthe oTirintaate ni Topaku, oniphattuwa mwaha ovaanyhihana vooluluwana ni Ninyoho, Oloosowa, osikhinini mukhaleelo wa okumi wa mminepani",0,3,0,0,0,0
emakhuwa_3_01543,"Nihiku naaweliwa ekhattera, nikhuru na ilapo sookhopela ninvekela mweemexeryo",0,0,0,0,0,0
emakhuwa_3_01544,Tereza Silva oolaleya eliivuru mwaha wa othaama ntoko mulattu wa olumwenku,0,0,0,0,0,0
emakhuwa_3_01545,"Elapo ya Mosampiiki: Atthu yaale anivara muteko OParalamentu ""khakupai wi muulumo anaaphira atthu''.",0,0,0,0,0,0
emakhuwa_3_01546,Alipo awiipa metiiyope anihinyaniwa teroriixilu mwaha wa mukhaleelo wa eleepeliwo 'yoothupwa',0,2,0,0,0,0
emakhuwa_3_01547,"Vaniira pakistawu owananaka Koviit-19, nikotto n'a isoope siinihonoona isupirimeento",0,0,0,0,2,0
emakhuwa_3_01548,Elapo y'oMosampiikhi: ahinnuwa mammaru aatthu ookhwa mwaha wa mwanamukhaya xalani.,0,0,0,0,2,0
emakhuwa_3_01549,"Paralipiiyata 2012: Olipuliwa oowiraneeya oratteene, Ihantiisi Someekha",0,0,0,0,0,0
emakhuwa_3_01550,Mwanamukhaya Kenneth ookela Omakomiya ni Omusimpwa wa Ephareya ni oopacerya ohamanya.,0,0,0,0,2,0
emakhuwa_3_01551,Parasiili onimuula woonana mireerelo sawe sa ekhalayi sitthatuwxiwaka ettuurya  noopatta opuuro amuha rooye Weelapo,0,0,0,0,2,0
emakhuwa_3_01552,"Sokhumelela sa ikhirini oParasiili nomala oxinttiwa, Dilma ohooniherya oriipiwa murima muTwitter",0,0,3,0,0,0
emakhuwa_3_01553,Ikokhosa sa palaaxitiku: mixankiho ekeekhayi wuUkaanta,0,0,0,0,2,0
emakhuwa_3_01554,Epula yowiilipiha  yowokotha  anamwane aanli Opeera.,0,0,0,0,2,0
emakhuwa_3_01555,"Musuwele ethale ya Kerry Galhos, ekwaha eniira erye “Serena Williams timoreese"" a teenixi muntiyaale",0,0,0,0,0,0
emakhuwa_3_01556,Etiribunaale ya Waafirika ya Okuusini ehunta ophukiwa wa mamosampikaano atthukeliwe ni imilyawu sa itoolare.,0,0,0,0,0,0
emakhuwa_3_01557,Mosampiikhi: Khathoowa muhina mwa ipuliitika epooma ya eriiya ya elapo oPeera,0,0,2,0,0,0
emakhuwa_3_01558,Kaapu Verte onorowa ottikha ni Kaana wa nlaka nanexexe wa mixinttaano sa CAN 2013.,0,0,0,0,0,0
emakhuwa_3_01559,Okopha woowipitheya: Jean Pustaani onlipelela  mukhatteya winnuwihiya wa ohiiya mwaha wa nroromelo.,0,0,0,0,0,0
emakhuwa_3_01560,"Ekwaha ekiina, oPoopa ikapwitti omosa wa Puliisiya militaari  otanyerya ookwa va ""ehasara"" oParasiili",0,0,0,0,2,0
emakhuwa_3_01561,Ankoola: Manyakunyaku okhoottela Ahakheleliwe ni Itiiru ni owanawaniwa,2,0,0,0,0,0
emakhuwa_3_01562,Exitaatu Uniitu attharaka munyakenlaawe FIIFA,0,0,0,0,0,0
emakhuwa_3_01563,"""Murereelo waari wanamattikha"" - Lúcio Antunes funti a  ""Tubarões Azuis"".",0,0,0,0,0,0
emakhuwa_3_01564,Mwaha xeene mekhuulu opakeleliwa amphiira Okathi Worikrya a eyaakha ya 2022 anipattuxa sowothereriwa?,0,0,0,0,0,2
emakhuwa_3_01565,"Mosampiiki ""ephiro yuulupale"" ya heroyina",0,2,0,0,0,0
emakhuwa_3_01566,Afonso Dhlakama  ohinxaathi  wamphula.,0,0,0,0,0,0
emakhuwa_3_01567,Yookhala ikume ohiya ohaawa,0,0,0,0,0,0
emakhuwa_3_01568,Meera a ikhalelo oLuwanta anoorowa okumiherya mivaanelo ni matthokiheryo a nlaka na ikuwo mulaponi.,0,0,0,0,0,0
emakhuwa_3_01569,Nlamulo noowaarupiha atthu ahiphavelaka  noorumela wiira naatthukweleke maMosampikaana,0,0,0,0,0,0
emakhuwa_3_01570,Onyoonyeya othuumwa ettikitti yoovolowanaborooka niira na amphiira a ekoopa 2014,0,0,0,0,2,0
emakhuwa_3_01571,Porokarama ookhuveela opitikwa onaakumiha ikonto xexe anamalima wa murukureryo wa ohaawa oManika,0,0,0,2,0,0
emakhuwa_3_01572,Chungui: wuuhulaka woopiha wa teroriixilu oPeeru,0,0,2,0,0,0
emakhuwa_3_01573,"Maliitere a ONU anivaneela hoothe ni Global Voices vooluluwana ni Trump, ovirikanasa mukhururu, otuuphwa mikaano ni mireerelo sa masyeene",0,0,0,0,0,0
emakhuwa_3_01574,"Ana Azevedo, namwiipa mmosa waamwaavano  wa moorna",0,0,0,0,0,0
emakhuwa_3_01575,Ipakeliwo sa oMosampiikhi sinlavula mwaha wa otthukweliwa wohikhoottiheriwa etthu,0,0,0,0,0,0
emakhuwa_3_01576,Eretta ya Covid 19: OMS onihima wiira onnacereya athu orava Afirika ni musurukhu onotepa othowa wa iyakha 25 sinirwa.,0,0,2,0,0,0
emakhuwa_3_01577,Polisiya awankoola onikhottela wixiilihz Nihiku na Otaaphuwa,2,0,0,0,0,0
emakhuwa_3_01578,Iraakhi:Mutharuxase wookottha mmpooma ya Sadr...,0,2,0,0,0,0
emakhuwa_3_01579,Ohikhala wa makhala enivonyerya wa ohikhala muteko wa atthu ikonto sene oTeete.,0,0,0,0,2,0
emakhuwa_3_01580,"Namitthaka artistiku awankoola onni liyaliwa, anhima anamwiipa oovuwiheya.",0,0,0,0,2,0
emakhuwa_3_01581,Tayilaatiya: othoowa muhina mwa okaapo sa matteeke onahaaxa atthu ehoothe,0,0,0,0,2,0
emakhuwa_3_01582,Pisikiyaatara kolompiyaano ni xileeno onivekeela wii atthu akhapelele okumi aminepani ni okhootteleke Wiitiya vanceene ni Ihapari sowothereriwa siniluluwana ni Koviit-19,0,0,0,0,0,0
emakhuwa_3_01583,Onikela  ohoolo muteko olamuliwa wa  amahooleli  a  exiripitaali  ya  aximaayi-ni  anamwane  ya  Omalaance,0,0,0,0,0,0
emakhuwa_3_01584,"Eliivuru ya Xoronaliixita faranseesa onikhala muhina mwa  ""nihimo na anamawerya""",0,0,0,0,0,0
emakhuwa_3_01585,Kuurti Iraawu: Ohiloka voomwaakiha Turukhiiya,0,0,0,0,0,0
emakhuwa_3_01586,Anamapaka eviinyu ya mooro aniphavela nipuro noopaka ekhattu nnipuro noovihihamo eviinyu.,0,0,0,0,0,0
emakhuwa_3_01587,"Kaasa, Exiitu ,Iisarayeeli ni ohiphaayi wa ohisuwanyeehiwa",0,0,0,0,0,0
emakhuwa_3_01588,Dhlakama otthuna wiira murettele ori vakhiviru.,0,0,0,2,0,0
emakhuwa_3_01589,"Nnaamwi makacamiho ereene siiso, 2016 waahonaneya nreerelo nnikhuru na itthu soopaka.",0,0,0,2,0,0
emakhuwa_3_01590,Chanceler Awaalemanya oomwiira asiteenti wa eski oSuwisa.,0,0,0,0,2,0
emakhuwa_3_01591,"Muupuwele Oluwanta, mwa soopaka saya ni mooneya",0,0,0,0,0,0
emakhuwa_3_01592,Kenneth otanyerya ookwa mmosa ni imiiya sa ipa sookurumuliwa ni nnakhala vakhiini 15 sohikhala mpantta otthunyeliwa Omosampiikhi,0,0,0,0,3,0
emakhuwa_3_01593,Guebuza osimeera ya Muttetthe a Mapiritaaniku,0,0,0,0,0,0
emakhuwa_3_01594,Mukukutta wa FAO waatakanri Osofala,0,0,3,0,0,0
emakhuwa_3_01595,"Mory Kanté, ""mulopwa a kora"" ohookhwa",0,0,0,0,2,0
emakhuwa_3_01596,Exitaatu Yoowuuraana avaha 125 etonelaata wa okhaliherya wa elapo ya oMosampiikhi wa isumana piili,0,0,0,1,0,0
emakhuwa_3_01597,"Omosampiiki: ""sootthumwa sa khula mahiku"" sinoolokihiwa",0,0,0,0,2,0
emakhuwa_3_01598,""" Ni ohoonona"": tokumentaariyu enooniherya mpantte wa mpikatani mowixiilihani oParasiili",0,0,0,0,0,0
emakhuwa_3_01599,Mukhalelo wa okathi owiiva atthu atthanumuttetthe Omaniika,0,0,0,0,2,0
emakhuwa_3_01600,Mulipa ovava ohookhwa waapheela awe opaka nniya na olimpiiku,0,0,0,0,2,0
emakhuwa_3_01601,OlumwenkuAkhiyaarapu: Mayiithori oomwareya mwaha wa ovalaanyiwa ni Suutawu,0,0,0,0,2,0
emakhuwa_3_01602,Etetere yoopacerya okhumeleela eyaakha ela yoMosampiikhi.,0,0,2,0,0,0
emakhuwa_3_01603,Miloko sa ikooto sa atthu opwanyiwa ni epula oMosampiikhi,0,0,0,0,3,0
emakhuwa_3_01604,"oreera wa eviitiyu enoonihera makaasa a kuturixita apakaka ekoma erina nsina na Kinniweha  ""makaasa""",0,0,0,0,0,0
emakhuwa_3_01605,Maradona ohimya wi funti khonttikela Warxentiina yakhala wi nikhuru khanintthokiheriwa,0,0,0,0,0,0
emakhuwa_3_01606,Atviixita Leonardo Sakamotoonoopopiha wiiviwe nuumala olaleerya muvaanelo ohikhala tiyoowo,0,0,2,0,0,0
emakhuwa_3_01607,"Kuveerunu Venesuwelaano onithoonyerya muthokiho nlamulo nikhupaarela areeti sosiyaale ni ohukhumu "" ekhirime ya onyokha""",0,0,0,2,0,0
emakhuwa_3_01608,"Parasiili : Wixilihiwa wa neeraru contrat isisapo sa epasagi yaari yoohiwali, masi epaale ni ipoopa muhina mwa meetoro",2,0,0,0,0,0
emakhuwa_3_01609,Trending: Taylor Swift; Patrice Evra; Donald Trump atthu oolavulaxiwa muntereneetini.,0,0,0,0,0,0
emakhuwa_3_01610,Anamupuweleli awanihana ekumi yaatthu oMaputu,0,0,0,0,0,0
emakhuwa_3_01611,Othowa yoolya enatakiha ovikana emilyawu emosa ya atthu a muttetthe omosampiikhi,0,0,0,0,2,0
emakhuwa_3_01612,"Manecas Costa: "" Muusika ookhalanowehiwaka""",0,0,0,0,0,0
emakhuwa_3_01613,"""Nomadland"" noxintta BAFTA",0,0,0,0,0,0
emakhuwa_3_01614,Ahincerereya mpakha muloko ni athannamosa anookhwa wa ikhotto oKataluunya.,0,0,0,0,3,0
emakhuwa_3_01615,Tayilaatiya : Makinaata a Las Veeka mupokisiini mutayilanteexi emaphattuwelo,0,0,0,0,0,0
emakhuwa_3_01616,Kuveerunu ni Renamu onaacererya miteko sa anamaweha-weha amurettele,0,0,0,0,0,0
emakhuwa_3_01617,Parasiili : paariku onithoonya oraruxiwa voohiloka wa athiyana ntoko muswaamiho wa okurumula ehamela,0,2,0,0,0,0
emakhuwa_3_01618,"Soopahiwa miiri ,99 sa epikaata yoovuwexa ya Parapaatu ya Omakaaxikare",0,0,0,0,2,0
emakhuwa_3_01619,HRW pnyohola othanyiwa wa atthu a nikhuli na ethatuwa mMosampiki,0,0,0,0,2,0
emakhuwa_3_01620,"Efiilime ya Mmosampiikhi ""Piipi Tesanoove ni Esiiri ya Soviyeetiku"" yooxintta etthuvo oKheeniya.",0,0,0,2,0,0
emakhuwa_3_01621,Exitaatu Uniitu ennapaka mafusileyiro a oMosampiikhi wii yiikasoopeke mwaha wa atakhali wala materorixita,0,0,0,1,0,0
emakhuwa_3_01622,oTeete: Opatta wa mukukutta wa etanke yoowivakasa atthu oophiyeryaka 43,0,0,0,0,3,0
emakhuwa_3_01623,"Mukerekhere mwa epooma ya Sawu Paawulu, anamwane okhuma okhopela anikhala vohi ehakhi yoovolowa muxikola Okathi wa epwapwatthe",0,0,0,0,2,0
emakhuwa_3_01624,Trentink: Crdi B ni Megan The Stallion yooruha mukhalelo mukina wa woona ni yuupuewela ni nsipo WAP!,0,0,0,0,0,0
emakhuwa_3_01625,"Radar Magrebe Lusoofonu:  "" Kulutuura ya Soba""",0,0,0,0,0,0
emakhuwa_3_01626,Alipo ari mpantta a Repupilikaano alipo olattula amahooleli a Wisarayeeli wiira evahane miruku ohoolo wa muthukumano wa elapo ni aririhe miyataanelo hoothe ni Obama.,0,0,0,0,0,0
emakhuwa_3_01627,"Sol de Carvalho ni"" iphiiro sa murettele""",0,0,0,0,0,0
emakhuwa_3_01628,Murumeeyi  a ONU  ori o  Sam Tome wiira ophime othooka wa  manamuno otumereerya,0,0,0,0,0,0
emakhuwa_3_01629,Mosampikaanu ohaapaxari mwaha ataaki a munyokhanano a Omuxikoovu,3,0,0,0,0,0
emakhuwa_3_01630,KiinePisaawu: Muhooleli a Elapo Ohookwa Okathi wa manyakunyaku a Itumereeryo,0,0,0,0,2,0
emakhuwa_3_01631,"FMI ""onimuttottopela"" Mosampiki",0,0,0,2,0,0
emakhuwa_3_01632,Dilma Roussef onilipiherya a mphiira a itthuuvo ni omwaakiha Lula da Silva,0,0,0,0,0,0
emakhuwa_3_01633,"Mphira yoola wa CAN-2021, elapo ya Kaapu Veeriti yoophiya oxiye ni yoophwanyaneya ekacamiheyaka.",0,0,0,0,0,0
emakhuwa_3_01634,Empaxatoore a elapo ya Wisarayeele Oren Rozenblat onooniherya ohisiveliwa  wawe ni onyoonyiwa ni Kuveeruni a Wankoola.,0,0,0,0,0,0
emakhuwa_3_01635,Top Ten  Amerikaano: Nikhuuru nowiipa na Black Panther enilawiha miinelo wa Kendrick Lamar,0,0,0,0,0,0
emakhuwa_3_01636,"Peeru: V je huma okhuma ikhatteya, vamosa ni murima woteene",0,0,0,0,0,0
emakhuwa_3_01637,Parasiili: Telekaato apiliisa amwatakari mulopwana ari ni erikiixo,2,0,0,0,0,0
emakhuwa_3_01638,"""Omaaleleya wa ekhotto"" eliivuru ehinliyali ethale.",0,0,0,0,0,0
emakhuwa_3_01639,Nsu nootepa wiwanyeya no Luwaanta notanyerya wiina .,0,0,0,0,0,0
emakhuwa_3_01640,Ohookhwa George Michel.,0,0,0,0,3,0
emakhuwa_3_01641,Ankoola: Mapereso puliitiku anitthikela owananela okumi aya,0,0,0,0,2,0
emakhuwa_3_01642,Mosampiikhi oxintta etthuvo ya mphii paralimpiku.,0,0,0,3,0,0
emakhuwa_3_01643,Muholeli awamerika onirowa omaputu ovanela mwaha wa ekhotto ya amaka okapu telekatu.,0,0,0,0,0,0
emakhuwa_3_01644,Fereliimu onutthenka orantteliwa wa Gebuza,0,0,0,0,0,0
emakhuwa_3_01645,Sinaatta myiha sa kaakuru sinaaxakiha amakhulupale mamosampikaano,0,0,0,0,2,0
emakhuwa_3_01646,"OXiile, eyaakha yoosoma nleelo ori variyari ni amwixuttihi aya akhalanasa mixaankiho",0,0,0,0,2,0
emakhuwa_3_01647,Matunisiyaano ahiiwa ni eparkha aya muhina mwa ekhotto yowanana KOVIIT-19,0,0,0,0,2,0
emakhuwa_3_01648,"Mutumihiyo wa inena sa atthu ti ekeekhayi enikhumelela Mmosampiikhi, oolavula Cemirde",0,0,3,0,0,0
emakhuwa_3_01649,oMosampiikhi: Atthu ahiniiwananeya aathikila ephiro oPalma. Mapuro owoonasiwa mureerelo sa Vamisse anyaanyiwa,0,0,2,0,0,0
emakhuwa_3_01650,"KOVIIT-19: Kaasa, ohitto wa Mosampiikhi, ni ookasoopa",0,0,2,0,0,0
emakhuwa_3_01651,Ananvaha akhili Owiisilamu animutumeererya Afonso Dhlakama ilipiherye ohikhala ekhotto,0,0,0,0,0,0
emakhuwa_3_01652,Eparitiitu Renamo  yoomuvekela nkhulupale Jacob Zuma wi onaxaxe nkhalelo wa elapo ya Mosampiiki.,0,0,0,0,0,0
emakhuwa_3_01653,Axiitthu siika aniwoopopiha alipo ari ni ehamela oParasiili,0,0,3,0,0,0
emakhuwa_3_01654,Camaayika onilaleerya mwaha awe Opacerya wa etthuvo yaakhole,0,0,2,0,0,0
emakhuwa_3_01655,Justin Bieber oothukweliya mwaha woowettiha mukukutta ohapaliyene,0,0,0,0,0,2
emakhuwa_3_01656,Eliteratuura ya okine entthikela okhala paahi ya olavula onnihima Flaviano Mindela dos Santos.,0,0,0,0,0,0
emakhuwa_3_01657,Etala ehaakuxereriha anamwane imiya imiya sene para opetiyatiriya ya Oxipiritaale ya Openkeela,0,0,0,0,2,0
emakhuwa_3_01658,"Othawali wa mwapoophe owanana Koviit-19 oPutaawi ti "" eraayu ya nroromelo"" nniireliwa osuuli wa Asiiya",0,0,0,3,0,0
emakhuwa_3_01659,Eteteere yoohinya oTansaniiya ni nlamulo nisya ninawateeriha apinaatamu ovaha  moonelo aya onlayiini,2,0,0,0,0,0
emakhuwa_3_01660,Mwaakha wa 2017: Elapo ya OMosampiiki enniroromela.,0,0,0,0,0,0
emakhuwa_3_01661,Instituutu aAfirika-Ameerika  ennimutthuvela Nyusi ni mamosampikaano mwaha wa olipiha murettele.,0,0,0,0,0,0
emakhuwa_3_01662,Anamoona a waafirika lusoofona anivaanela sa muhelelo ni porokaraama aatthu ootheene.,0,0,0,0,0,0
emakhuwa_3_01663,Muthiyana aSchumacher ni asosiyasawu amajornalista anveka mukalihero muvitiyuni,0,0,0,0,0,0
emakhuwa_3_01664,oSavora onorowa okhala opuro woololiwa,0,0,0,2,0,0
emakhuwa_3_01665,Aalupu asya a Deodato Siquir,0,0,0,0,0,0
emakhuwa_3_01666,"Tonecas Prazeres, nsu na Pirinsipi.",0,0,0,0,0,0
emakhuwa_3_01667,Okhaapu Veeriti ni Kwine Pisawu ni mikhumelelo soovirikana oTaasani wa  Ilapo sa Waafirika.,0,0,0,0,0,0
emakhuwa_3_01668,Mapuluusiya a elapo ya Mosampiiki annaavekela atthu otheene avahe ikuru saya wi avariwe anawiive.,0,0,0,0,0,0
emakhuwa_3_01669,"Chris Christie,  ole oniphavela othaliwa mpantte wa ma repupilikaano",0,0,0,0,0,0
emakhuwa_3_01670,Nikhuru na anamahonona aapaka soonanara Wamphula.,0,0,0,3,0,0
emakhuwa_3_01671,"Mosampikhi: Ohookhwa João Domingos, namoopa a marapenta.",0,0,0,0,2,0
emakhuwa_3_01672,Ukaata: mulaleeryo onooniha wokottiwa attu wUkaanta,0,2,0,0,0,0
emakhuwa_3_01673,Luwanta mwaakha wa 2016 ni axenta a ewahala ooreeriheya.,0,0,0,0,0,0
emakhuwa_3_01674,"EUA: Nlaala Mwaha wooperetereya ya Amerikaan Furkan Dogan, wiiviwe oFolotiilya",0,0,0,0,3,0
emakhuwa_3_01675,"Conceição Queiroz: ""wAirika ori ni miyo wa khuta okathi""",0,0,0,0,0,0
emakhuwa_3_01676,Puutaawu:“Khuru” ni ophattuwa wa weteteya sa othiiyana,0,0,0,0,0,0
emakhuwa_3_01677,Liika Kineese ya Ihaakhi Sapinatamu elaleerya eliivuru,0,0,0,0,0,0
emakhuwa_3_01678,"Mosampiikhi: oohokwa  Zeca Tcheco, taaporo otepexaovuuwa a elapo.",0,0,0,0,2,0
emakhuwa_3_01679,Muholi a Mwalaano okumi a Afirika tu Suuli vathi va mooro onamuvirikana,0,0,0,0,0,2
emakhuwa_3_01680,"Ohookhwa  Kirk Douglas, wa soowothiya wa esineema ya Waameerika",0,0,0,0,2,0
emakhuwa_3_01681,"Okuxa muhakhu wa ekaaxi woowira mulive  muhakhu waanene, opheela omuhaaxa ole onkhala elapo ela ya oMosampiiki, ohimmye CIP.",2,0,0,0,0,0
emakhuwa_3_01682,Meexiku: Epwepwetthe ya Kamaasi a ikuluuwe ohinya Elapo ni ekasoopa,0,0,3,0,0,0
emakhuwa_3_01683,Othoowa wa mithali onoopopiha okumi wa anamunceene Wankoola,0,0,2,0,0,0
emakhuwa_3_01684,Ephovovo wowakamela   ikooto 90 sa atthu omosampiikhi,0,0,0,0,2,0
emakhuwa_3_01685,Musampiiki oniphavela oreriha waalepiha anamwane,0,0,0,0,0,0
emakhuwa_3_01686,Pilisa mosampiikaano onihaya miruuthu anamphira wiiviwe  ni ekonya.,0,0,0,0,2,0
emakhuwa_3_01687,Ohookhwa namwiipa Kenny Rogers,0,0,0,0,2,0
emakhuwa_3_01688,Coluna opaxari ekumi awe yootepa.,0,0,0,0,2,0
emakhuwa_3_01689,Miniixituru oopacerya oPorutukaale onixekurya Mosampiiki,0,0,0,0,0,0
emakhuwa_3_01690,"Trending: Lakers a LeBron aaxintiwa mphira oopacerya; PSG a Neymar wuumaleloni wa  ""Champions""",0,0,0,0,0,0
emakhuwa_3_01691,Ninincerereya numuru na otthu anokhwa mwaha wa Siida oMilanje,0,0,0,0,2,0
emakhuwa_3_01692,Ankoola okhotta wiira mpantta wa niira na Bienal na Veneesa.,0,0,0,0,0,0
emakhuwa_3_01693,Mwaattelo wa ipurusento 20-40% sa mireerelo sa mpantte a maasi sinipereteeriwa mwaha wa makwaankwa waAfirika,2,0,0,0,0,0
emakhuwa_3_01694,Ehasaara ya nikuula ehahiya olakaseya vowanyiherya nnakha axeexe apweteya ni anceene taale ari  .,0,0,0,0,2,0
emakhuwa_3_01695,Maateeputu muloko muloko Schumacher ammoonela etthu Spa,0,0,0,0,0,0
emakhuwa_3_01696,Mutaseke Eloyise: Numuru ninniwela mpakha 8 epooma ya Peera,0,0,0,0,2,0
emakhuwa_3_01697,“Musoro owuutta” onatanya apinaatamu aroowaka mpikatani ni  ni khiyakhma murukureeryo o dans Toome,2,0,0,0,0,0
emakhuwa_3_01698,"Zico, otthikela  olipiherya yiirela mpaatte wa muxiittano onireliwa munyukhu wa  FIFA.",0,0,0,0,0,0
emakhuwa_3_01699,Yoowurya ya mmawaani yotanyerya okwa mMosampiikhi,0,0,0,0,3,0
emakhuwa_3_01700,Resuumu a eyaakha ya 2020: vamosa ni ehasara ya Koviit-19 vahirwa khikhala mwaha mmosa woxiitta moono wa muthinto oXiinha,0,0,0,0,0,0
emakhuwa_3_01701,Enoota yooreerela wa koverno awankola woowikasopa koronavirus,0,0,0,2,0,0
emakhuwa_3_01702,"Amwisilamu Omosampiikhi"" owiniwa erooho"" ni okwa wa Osama bin Laden",0,0,0,0,2,0
emakhuwa_3_01703,COVITE-19: Ephoole Okwanza ya Ohitto ni alipa omurava araru anikhuma Oluwanta,0,0,2,0,0,0
emakhuwa_3_01704,Anamurwa mamosampikaanu Wafiriika ti suuli anookhalana epilyeti yoowasuweliha,0,0,0,2,0,0
emakhuwa_3_01705,Itexite sa Kovit-19 sintumihiwa oMaputu,0,0,0,0,0,0
emakhuwa_3_01706,KOVIIT -19 Donald Trump onithoonyerya muthokiho wa muhaakhu sa ilapo,0,0,0,0,0,0
emakhuwa_3_01707,BAL: Pani AS Douanes  ooSenekale,0,0,0,0,0,0
emakhuwa_3_01708,Ethale ya muthokiho mmosa okhale tokurumuule okume wa muttetthe a wAnkoola,0,0,0,0,2,0
emakhuwa_3_01709,"Top Ten Amerikaano: ovinrene otuthuwa, Rick Ross ootthika, Kotisi Palan te Tarake ekoma eniiwiwa mahiku ala.",0,0,0,0,0,0
emakhuwa_3_01710,Onnucerereya owananiwa oliviwa sookophiwa nvite nvite ni Exitaatu ya oMosampiiki,0,0,0,0,0,0
emakhuwa_3_01711,"Luwanta:  niira nootthapa ""Nzoji ya monandengue"" ninthonyerya  miruku sa axinamwane ni mathowelo ocicimiheya.",0,0,0,2,0,0
emakhuwa_3_01712,KAN2021: Kiine- Pisaawu okhala owemexeryaka oviira okathi a woomaliheryani mwaha  woopereteri ohoolo wa Exiitu.,0,0,0,0,0,0
emakhuwa_3_01713,"Toi Pinto :""  Kinnitteeliwa murima kakhala ilapo sotheene"".",0,0,0,0,0,0
emakhuwa_3_01714,Mureheeri Latiina: maasu aniphavela ti “ophuweela” ni nnakhala ni “ohiwera okhala”,0,0,0,0,0,0
emakhuwa_3_01715,Parasiili: Ekampaanya yowikhupaarela mwa AIDS wapinaatamu LGBT yottipihiwa mu TV,0,0,0,0,0,2
emakhuwa_3_01716,"Variyari va ohikhala maasi ni ohisuwa.nyeya mukhalelo wa epheyo, muttetthe mexikaano ya Keretaro enihoolela mukacamikho Ani wiraneye opirivatisariwa  maasi",2,0,0,0,0,0
emakhuwa_3_01717,Kine Pisawu ori olikana wi ottikhe ni Kapawu.,0,0,0,0,0,0
emakhuwa_3_01718,Nyusi ohaaruma anamuteko awe wiira oosuwelexa moota sinirumeeliwa aya mireerelo savelelihiwe elapo Omosampiiki .,0,0,0,0,0,0
emakhuwa_3_01719,"Nlaka Top Ten na Wameerika: Adeus Diva ni Rainha, Aretha Franklin",0,0,0,0,0,0
emakhuwa_3_01720,Asuweli anaakhiha olipiheriwa owananiwa Siita Wankoola,0,0,0,0,0,0
emakhuwa_3_01721,"Isarayeele ni Irawu, anlupatthana mwaha wa opaka ikhotto.",0,0,0,0,0,0
emakhuwa_3_01722,eteerusu emosa ya athiyana annivarela muteko internet (intereneeti) oMosampiiki,0,0,0,2,0,0
emakhuwa_3_01723,"Oleelana wa nipheeto ja nttaava Neekunya, muhina mwa manamuna sa ilavuleelo sowaatta",0,0,0,0,0,0
emakhuwa_3_01724,"Muupuwelo wa nkhulupale Eduardo Mondlane onniphwanyaneya wooniwaka mahuku ala niraahu, olavulaka nsomi Silvério Ronguane.",0,0,0,0,0,0
emakhuwa_3_01725,Erepuupilika Temokaraatika ya Okhooku: Elaleeryaka ikuluuttu sa Ekhooto,0,0,0,0,0,0
emakhuwa_3_01726,Mwaha wa Oruusiya-Afikanixitawu: Matemokaraata anihimya wiira khanikhupalela ni mihupi sa Empa Yoottelihiwa,0,0,0,0,0,0
emakhuwa_3_01727,Biden ohaaxukurya masupayi a Opolooniya ni onihimya wiira khonirowa waavaha akapwitthi khotto ya Putin,0,0,0,0,0,0
emakhuwa_3_01728,Mwaanyihero onneettetta mwaha wookhuma namphira dos Santos arowaka OBarcelona.,0,0,0,0,0,0
emakhuwa_3_01729,Ateleeta onivekela wiira ohaana okhale mukhaliheryo wa musurukhu oSawu Tome.,0,0,0,0,0,0
emakhuwa_3_01730,"Hope Solo onniitthukaserya aphavelaka "" owanana"" ipwilimwithi siniraviha oretta wa Zika.",0,0,0,0,0,2
emakhuwa_3_01731,"KOVITI-19: Mukhalelo wa emerixensiya ""okathi mmosa wa ohawa wa atthu sikhini""",0,0,0,0,2,0
emakhuwa_3_01732,Kim Daniel Bengui onlavula mwaha wa poroxeetu sa mankolaano wii Itaaliya,0,0,0,0,0,0
emakhuwa_3_01733,"Alipa a ikuru anaakhotto ahaana akhalaaka owiikumanyera woowi awane oKapu-Telekaatu, nave olavunle muhooleli aminixiteriyu nle.",0,0,0,0,0,0
emakhuwa_3_01734,Isiiri ya eyaapelano anyu Éric yowoopopiheya mwa muthurumeeli a EUA ni Reeyiinu Uniitu,0,0,2,0,0,0
emakhuwa_3_01735,Ministuru onoona mulattu wakhala wiira FMF osuweliha iverpa sa Fifa,0,0,0,0,0,0
emakhuwa_3_01736,"Mwaha wa ekwerere, voophova ikonto 34 sa akhupela otuupha mikano mavenesuwelaano anikhanyereryasiwa otthikela Elapo aya",0,0,0,0,2,0
emakhuwa_3_01737,"Athiyana a oMosampiikhi ankuxa elapo mmakhatani, oohima namankhili amerikaana Jeanne Marie Penvenne",0,0,0,0,0,0
emakhuwa_3_01738,"Musuweli ole a nlaka NBA, Kobe Bryant, okhwiiye wa ehasara ya ntteeke.",0,0,0,0,2,0
emakhuwa_3_01739,Afiriika ti Suuli: Woopola wa Afrikaans,0,0,0,2,0,0
emakhuwa_3_01740,Eparaakha yothakeeliwa orowaka wiirela mpantte wa ekoopa ya Olumwenku opattuxa osiveeliwa eriyaari va maperuwaano,0,0,0,2,0,0
emakhuwa_3_01741,"Barack Obama ""onnisyaka syaka"" wa elapo ya oDallas.",0,0,0,0,0,0
emakhuwa_3_01742,Miteko  sa akulukhana ephattu  omosampiikhi  ophavela  othokoreriwa.,0,0,0,0,0,0
emakhuwa_3_01743,"Muratteli nloope mosampiikaano Ivan Mazuze olaleerya nikhuruna isipo sawe nittweliwe""Ndzuti""",0,0,0,0,0,0
emakhuwa_3_01744,Esinyaalo: anamawaani a oxiriini ekuluuttu ya Osam Pauwulu anihaawa khuuta nihiku Mwaha woothowa maasi,0,0,0,0,2,0
emakhuwa_3_01745,Onaaniheriwa otuphela wa anawiiye oMosampiiki.,0,0,3,0,0,0
emakhuwa_3_01746,Kwatemaala anikhupanyeryabokwa wa milookosene sa aximwali noovira muhuru opuro owikhupaarela wamwavano,0,0,0,0,3,0
emakhuwa_3_01747,Joe Biden anihoolela mutumereeryo ovukula wiira numeeya wa oopakiwa mukhururu sa okathi,0,0,0,0,0,0
emakhuwa_3_01748,Kaapu- Veerete:Ethale emosa yookhweyaxa,0,0,0,0,0,0
emakhuwa_3_01749,Parasiili : Kuveerunu oMosampiikhi Oniivaha  mathala namakhalana,2,0,0,0,0,0
emakhuwa_3_01750,Schumacher onrowa okhala okathi wotheene apaxanreene mukhalelo ohinxukhuriwa mutthu aapaxari,0,0,0,0,2,0
emakhuwa_3_01751,Mosampiikhi ovonyerya nlaka na ekampaanya onaakiherya otheliwa okathi ohinatti,0,0,0,2,0,0
emakhuwa_3_01752,Koviit-19 onaakuxa Amusi arimeenika   waroohamosikhinini,0,0,0,0,2,0
emakhuwa_3_01753,Parasiili: Nakhuulu a emiiya omaliherya yooloherya awe otuupha orumeelaka iparakeeta,0,0,0,2,0,0
emakhuwa_3_01754,Mmusiwele paatiri parasileera onaakhaliherya ale anikhala mpikatani- ni anihaawamwaha sa waatakariwa ni woopopihiwe mwi vaavo,0,0,0,0,0,2
emakhuwa_3_01755,KOVITI-19: Ankoola onaakhela yaneethanu loote ya vasina Pifisere evahiwe ni EUA,0,0,0,2,0,0
emakhuwa_3_01756,"Mothokelo ohiniiraneye, piliisa oniirowa oMare osuwelihexa vooluluwana ni mwapoophe wa cuunyu mwaakha wa 2013",0,0,0,0,0,2
emakhuwa_3_01757,"Camaayika, oParupaatho, Hayiiti: oWakiheryaka maHitiyaano",0,0,0,0,0,0
emakhuwa_3_01758,"Trending: Snoop Dogg ""ni"" DMX",0,0,0,0,0,0
emakhuwa_3_01759,"Mário Machungo, miniixituru mosampikaanu oopacerya a khayi, okhwaale ni miyaakha 79",0,0,0,0,2,0
emakhuwa_3_01760,Etukumentaariyu yooluluwana ni ikookhola sa palaaxitiku yotanyerya waakhulana vooluluwana ni Khathoowa ampiyentaale oXiina,0,0,0,0,0,0
emakhuwa_3_01761,Mapheresu a oMalawi aanomeyariwa ni Grammy 2015,0,0,0,0,0,2
emakhuwa_3_01762,Ohokotthiwa tho mukweyihero a mukhaleelo etakwa mmosa muttetthe wa Amasooniya,0,0,0,0,2,0
emakhuwa_3_01763,Makhuru  owiina a elapo ya Ameerika ni Ankoola anniixuttihana epooma ya Luwanta.,0,0,0,0,0,0
emakhuwa_3_01764,Kine-Pisawu othomowa ohoolo wa  Kamarawu,0,0,0,0,0,0
emakhuwa_3_01765,Polokeero aarape oniwanana ni othatuwihiwa “ ocutaawu” wa oCerusaleemu,0,0,0,0,0,0
emakhuwa_3_01766,Epayineele intepenteete enimukhanyererya Obama wiira owaale Axeesiya a Nlipiheryo  na Elapo.,0,0,0,0,0,0
emakhuwa_3_01767,Mukuru: mwaakhulo oZimpaapwe  mpakha oMosampiikhi watthu ankhala okhopela w'Afirika,0,0,0,0,0,0
emakhuwa_3_01768,Vera Duwarte olaleya Omwene wa athiyana wiira awaane mukhalelo aamwaakhalayi a kriyolo,0,0,0,0,0,0
emakhuwa_3_01769,Mukukutta  wa  alipo  olaleerya  ihapari  ohoopeliwa  muttetthe Oriiyu  ti  Caneero,0,0,2,0,0,0
emakhuwa_3_01770,Raatiyu owixeetta onihooleliwa ni mmiravo Capuneexi Oninuuherya opwanyiha muraarelo muttetthe wa Amasooniya Parasileera,0,0,0,2,0,0
emakhuwa_3_01771,"Trending: Jefferson Davis, Nascar, Isabel dos Santos.",0,0,0,0,0,0
emakhuwa_3_01772,BAL: yoowo ori  GSP a elapo ya wArgeeliya,0,0,0,0,0,0
emakhuwa_3_01773,Afalume a wAfirika tusuuli anvekela muswanmaha wa samanyala sivariwe wa mukhalelo atthu a ilapo sokhopela,3,0,0,0,0,0
emakhuwa_3_01774,"Clinton:Xiina ti ""namapottha musyaa"" a w'Afirika",2,0,0,0,0,0
emakhuwa_3_01775,"Atthu ooNamiipe animiwihana monkoni mwa mwiiraano wokhalela ""othataana""",0,0,0,0,0,0
emakhuwa_3_01776,Shortcutz muhina mwa muthokiho wa Riiyu ti Caneero,0,0,0,0,0,0
emakhuwa_3_01777,Barack Obama onniwoopererya anamittompe a Waafiriika wii arukuuxe olumwenku.,0,0,0,0,0,0
emakhuwa_3_01778,"Ohookhwa João de Sousa, mmosa wanamonaxixeya wa namalaleerya ihapari mMosampiki.",0,0,0,0,2,0
emakhuwa_3_01779,Owiice : ihapaari sooreera ni sootakhala soluluwana ni mukhaleelo malitthi exeripitaali ya munisiipiyu Okimpeele,0,0,0,0,0,0
emakhuwa_3_01780,Athiyana maxileenobopattuxasa ikumunitaate ninoleelo woreera amurumeelaka Raatiyu,0,0,0,2,0,0
emakhuwa_3_01781,Iiitiya: Sowaanyiherya soluluwana ni ohuunuwa Wintiya,0,0,0,0,0,0
emakhuwa_3_01782,Timoore Leexite oxintta oMonkooliya ninolioiherya ovirawawe orooka ekwaha ya nayiili Okathi w a othanleliwa wiirela mpantte a Muntiyaale a eyaakha ya 2018,0,0,0,2,0,0
emakhuwa_3_01783,Ilapo Sowuraana sinikhaliherya omalamalihiwa othelana vowakuveya .,0,0,0,2,0,0
emakhuwa_3_01784,"Onamwane mukhatteya: ,atokweenr o El Salvatore nnakhala khaniweryz osyaka wii ananttompe ahuraaneke ni makhuuru anasusukhi.",0,0,0,0,2,0
emakhuwa_3_01785,"Maya Cool onreherya ottika ni ""ohinaxinttiwe"".",0,0,0,0,0,0
emakhuwa_3_01786,Kuveerunu a Jair Bolsonaro onimwittana otthaleeliwa ooxikaare wa puwaanivanti- Parasiili,0,0,0,0,0,2
emakhuwa_3_01787,Oohimutthula sekeretaari oomalela a ONU Amina Mohammed ni akhulupale ooliwiiku antihukumana sookhala vamosa ni Mosampiikhi.,0,0,0,0,0,0
emakhuwa_3_01788,"oParasiili, epakhira sinaalovola anamunceene siri sootepa owalamela esisapo ni manyakunyaku onikhoottelexiwa ni exiilo ya piliisa",2,0,0,0,0,0
emakhuwa_3_01789,Nito Alves ni Arante Kivuvu   anihimwasa wi arunasa  elaapo ya Noruweeka.,0,0,0,0,0,0
emakhuwa_3_01790,Lewis Hamilton ni Toto Wolff khanrowa worekhani wa ntthuvo na  FIA,0,0,0,0,0,0
emakhuwa_3_01791,"wUkaanta: iyuupuwelo, isomeelo ni soopakeleela sihiroothowa?",0,0,0,0,0,0
emakhuwa_3_01792,Mosampiikhi  ookhalana wuuraana wa interneeti eniiwananeya.,0,0,0,1,0,0
emakhuwa_3_01793,Anamwaane anli wa araaru anikwasa wa khuta nihiku Oxiripitaali ya Munisiipiyu wa Openkeela.,0,0,0,0,2,0
emakhuwa_3_01794,Exipesiyaliixita onnaakiherya elexixilasawu ya mukumiheryo wa patarooya Mmosampiikhi,0,0,0,0,0,0
emakhuwa_3_01795,Ilapo sa Wiiraana ssinnikhupali wiira Xerusaleemu ti ekapitaali ya Ixirayeeli.,0,0,0,0,0,0
emakhuwa_3_01796,Kuruxu oxerya othonyera muthinto wa othanyiwa athu orya.,0,0,0,2,0,0
emakhuwa_3_01797,Mikhumelelo sa ephattu sinivira suulumiwaka Mmosampiikhi,0,0,0,0,0,0
emakhuwa_3_01798,"UEFA otthukulela othokosa ikhalelo sa miteko saamphira sa oPortukaali, oPelixika ni Wunkiriya.",0,0,0,0,0,0
emakhuwa_3_01799,"Opuruliwa wa mulattu ""sookompwa soottukuttheriwa"" mosampikaanu anicakamiheya, onihimya mulipa ahaakhi.",0,0,0,0,0,0
emakhuwa_3_01800,Mwanamukhaya Itaayi ni etala ehaahiiha osoma anamwane oophiyeryaka 250 ixikola sa Omanika.,0,0,0,0,2,0
emakhuwa_3_01801,Parasiili: Eliivuru emoosa yooluluwana  ni okameeliwa wowiiya,0,0,0,0,0,3
emakhuwa_3_01802,Amahoolela a Weewuropa aniphavela eshawuri para muxankiho  wa muthamelo,0,0,0,0,0,0
emakhuwa_3_01803,Mukhaliheryo wa epixikiisa onihoolela mikuthakutho oFaaasa ni muhina mwa ilapo sa waafirika,0,0,0,0,2,0
emakhuwa_3_01804,Sochi muReeti Sosiyal - ereportaxi wa mutthu oopacera,0,0,0,0,0,0
emakhuwa_3_01805,Wiiyiwa onnitepa ni onnithaniha muttetthe Wafirika oSitentaale,0,0,2,0,0,0
emakhuwa_3_01806,"Barak Obama: ""Wookhala muteko ohimalihiwe para murettele"" eriyari ya anayisarayeeli ni mapalestiniyaano",0,0,0,0,0,0
emakhuwa_3_01807,Inkalateera : Elikooputuru yoola omukunxe nneene ekulupi ya  Leicester oomora aphutuwa.,0,0,0,0,3,0
emakhuwa_3_01808,Empaxata wa EUA oMosampiikhi onaatumererya anamathala wiirepeliha,0,0,0,0,0,0
emakhuwa_3_01809,Mohamad Salah oovona woonyokolowayaawe,0,0,0,1,0,0
emakhuwa_3_01810,Xipaanya okarakanyuula nthaavi nathoothela athiyana wi aroohiwe mmatataani mwa exitaato ixilaamiku.,0,0,0,1,0,0
emakhuwa_3_01811,"""Vowanana wiiya sooreeriheliwa"": soreerela sa satumereri mamosampikaano enaroowa apinarptamu mmapikatani",2,0,0,0,0,0
emakhuwa_3_01812,Muntiyaali wa 2014: Muupuweleliyo wa  Nelson Mandela oomarakhari niira na muvaho wa itthuvo.,0,0,0,0,0,0
emakhuwa_3_01813,Fixitula opixiteetirika muxankiho wa ekumi ya atthu ootheene Wamphula,0,0,0,0,3,0
emakhuwa_3_01814,Blog Action Day: Maasu a waAfirika ninoota,0,0,0,0,0,0
emakhuwa_3_01815,Kuveerunu ni Renamu ahiwanana mipantte sikina,0,0,0,2,0,0
emakhuwa_3_01816,Muthokiho wa  matumereryo a  mikhalelo  wa  ipheeyo  ovonyeriwa  Omapuutu.,0,0,0,0,0,0
emakhuwa_3_01817,“Tiyoohi Oteene ahu ”: Sowuupuwela sa Wookotthaniwa wa oPinyeriinyu,0,0,0,0,2,0
emakhuwa_3_01818,Renaamu onoopopiha omaliha mooro oomaleya,0,0,2,0,0,0
emakhuwa_3_01819,Exitaato Uniitu ya Ameerika siniphavela olipiherya miyataanelo vamosa ni Kuveeruni o Malaance.,0,0,0,0,0,0
emakhuwa_3_01820,Waafirika onninyoholiwa wa mwaha wohikhaliheryaka oSomaaliya,0,0,0,0,0,0
emakhuwa_3_01821,"Ntoko Ekhootto ya Wafikanixitaawu eni yiiraneyaka, mixankiho sa iyuupuwelo sinincerereya",0,0,0,0,2,0
emakhuwa_3_01822,"Frelimo, eparitiitu emosa ekhalanne atthu anirowa oxinttaana oteputaatu ilapo sa Afirika.",0,0,0,0,0,0
emakhuwa_3_01823,"Kaapu Verte muttetthe woreera wa nttaava na ekunya Waafirika ovariwa miteko sa nakoso, aahimya amahoolela epanku ekhulupale ya molumwenkuni.",0,0,0,0,0,2
emakhuwa_3_01824,Wayireporto wa oMosampiikhi onnovirikaniha miteko.,0,0,0,0,0,0
emakhuwa_3_01825,Iitiiya:NlaleeryoMumpaayi ni ataake a materoriixita,0,0,2,0,0,0
emakhuwa_3_01826,Kapu Verete: minixitara a khalayi onnikhotta olokohiwa ni PXR ni onnikupwali wii exariya enrowa opakiwa.,0,0,0,0,0,0
emakhuwa_3_01827,INE oovirikaniha mwaalakanyo wa atthu oorepeliwa owooniheriwa muttetthe yooKaasa,2,0,0,0,0,0
emakhuwa_3_01828,Jack Warner oolamula mikacamiho sa FIFA muhina wa mwathanle a Trindade ni Tobago.,0,0,0,0,0,0
emakhuwa_3_01829,"Élida Almeida: ettharo aka ekumi aka,   apatthani  ni amusi",0,0,0,0,0,0
emakhuwa_3_01830,Maxineexi ari mukwarenteenani muhina mwa oteeli a oMaputu aakumiha mwaha sa koronaviiru.,0,0,2,0,0,0
emakhuwa_3_01831,Napatorooya Venesuwelaano oweemexiwa opahari ya Karayiipe oniroowa okhala mmoopopiho mmosa wa mukhaleelo a Ipheeyo?,0,0,2,0,0,0
emakhuwa_3_01832,Ilapo Soowiirana sinnittottopela omaala wa ikapwitthi ni annivekelela murettele ohinimala oMaputo,0,0,0,0,0,0
emakhuwa_3_01833,Mwaha sa exeeni akuveerunu mafirikaano anirwaaya othatuxaka okhala onakhiriime wuuluma vowithalapwa on- layiini? Maana anoovelela mutumereryo aya,0,2,0,0,0,0
emakhuwa_3_01834,Omwareya wa pataroya muttete wa Teeleta ya Niicere wophiiya  khukhala mwiriira  ophova woopiha wa mukhalelo ephattu.,0,0,3,0,0,0
emakhuwa_3_01835,Parasiili onoorowa olamuliwa wa Ekooriyu Interiamaerikana wa Ihakhi sApinaatamu mwaha wa wa ninyoho n'a mapuliisiya,0,2,0,0,0,0
emakhuwa_3_01836,Tirintaate ni Topaaku : Anamwane ni axiitthu HIV,0,0,0,0,2,0
emakhuwa_3_01837,Owokaniwa nikhuru na amasupayi Oomosampiikhi oniiriwa khonooneliwa vatthu osoma.,0,0,0,0,2,0
emakhuwa_3_01838,Anamwaane anoomiserya wiira yaavahe yoolya amusi aya okhuma mmuttettheni mwaya Osofaala.,0,0,0,0,2,0
emakhuwa_3_01839,"Claudia Silva Ferreira: wookotthiwa ni miriirasa mapuliisiya, yootatuxiwa ni miitiya",0,0,0,0,2,0
emakhuwa_3_01840,Petro onikela omuttikha ni AS Salé ni Feroviyaariyu onikela omuttikha ni Patriots BBC mukwaarutu mommaliherya Baasiketi a Mphira,0,0,0,0,0,0
emakhuwa_3_01841,"Ni Nikhuuru na isiipo n'a fikuriinya  nootepa oxakama, maperuwaano anitthapela othapeeliwa Waya Wii yiirele mpantte wa ekoopa noovira iyaakha 36 voohikhala",0,0,0,3,0,0
emakhuwa_3_01842,Kan 2013: Ankoola 0 - Maroko,0,0,0,0,0,0
emakhuwa_3_01843,Vophiyaka imilyawu sa atthu a Waafirika anoorowa omukwakhiilya mwaxitthu koroonaviiru-OMS,0,0,3,0,0,0
emakhuwa_3_01844,Ti volipa opacerya vasya wa alipo otthyawela omosampiikhi viira vari atthika arooka owaani,0,0,0,0,2,0
emakhuwa_3_01845,Soowakhela sootepaxa oyeva sinirowa waacereriwa oMosampiikhi,0,0,0,2,0,0
emakhuwa_3_01846,OPrasil: nakoso aatthu onniwehereya  watta emaara ya Mphira olumwenku.,0,0,2,0,0,0
emakhuwa_3_01847,Seeriviya: Ekhotto ya Miitiya vwanana Angelina Jolie,0,0,0,0,0,0
emakhuwa_3_01848,Aximaayo  voohikhala  musurukhu  wiira  ipwanyiwe  mithali  awiirelaka  anaaya  oxiripitaali  ya Malaace,0,0,0,0,2,0
emakhuwa_3_01849,Puutaawu: Mphiironi moothatuwa mwattelowa 100% a mwiriira,0,0,0,0,0,0
emakhuwa_3_01850,"Little Richard, ""arikiteetu a rock, ohookhwa",0,0,0,0,2,0
emakhuwa_3_01851,Anamoona a mMosampiikhi anaakiherya wiira ekhale erefooruma yoowiixerya ni onyakulihana wookuxeryana ikapwitthi omalamale.,0,0,0,0,0,0
emakhuwa_3_01852,"Ilapo sa Wiiraana, oKanata ni oMeexiku oniphaveleliwa mathala Muntiyaali a 2026.",0,0,0,0,0,0
emakhuwa_3_01853,Iparitiitu iye sihiniira mpatta mmparalamentuni sinniphavela omaliha nkhalelo woovekela musurukhu woohikhalelanavo elapo ya Mosampiiki.,0,0,0,0,0,0
emakhuwa_3_01854,"Anakhulu,anamasuwela ni aalupale wa oCAN",0,0,0,0,0,0
emakhuwa_3_01855,"Amilcar, mpantta mukina wa Cabral mukaratanani a Leena",0,0,0,0,0,0
emakhuwa_3_01856,Ayiitu: opwanyaka iphiiro yolanana Etala yanamwane,0,0,0,2,0,0
emakhuwa_3_01857,Covite-19: Asuweli a Wankoola onnaakawanya mwaha wa mwaakhulo wa Kuveerunu,0,0,0,0,0,0
emakhuwa_3_01858,Olaata: athiyana ayili otthukiwa okoopa ya Olumwenku mwaha omulaleya sereveeca ohikhala tiyoowo,0,0,0,0,0,2
emakhuwa_3_01859,Simão Mendes: exipiritaali  eniyeleela mwa sootheene,0,0,0,0,2,0
emakhuwa_3_01860,Mwiri wa othowa oMosampiikhi onnikhoottiha iseelula sa kankoru ya esiyo,0,0,0,2,0,0
emakhuwa_3_01861,Mwaakha onipacerya ni milattu sa khalayi siniphaveleya omalihiwa,2,0,0,0,0,0
emakhuwa_3_01862,Trending: Black is King de Beyoncé okhoola wumalani wa esumana woolipula.,0,0,0,0,0,0
emakhuwa_3_01863,Parasiili : Siyentiixita oimeele Niwiraneya Ataake o Flotila,0,0,0,0,2,0
emakhuwa_3_01864,"oMosampiikhi, sikeyite esinoonimu ya etukasawu, ovaha owerya, ni oxuttiha",0,0,0,0,0,0
emakhuwa_3_01865,"Trending: BTS ni Jimmy Fallon ni The Roots wanakhumelela ""Funk Dynamite""",0,0,0,0,0,0
emakhuwa_3_01866,Manuel Francisco oniphavela okhalana eseminaariyu ya mahiku mararu ni  Barack Obama,0,0,0,0,0,0
emakhuwa_3_01867,epheyo yophova wilipiha ehathaamiha  ikonto 120sa mamosampikaani ni yowiiva  44,0,0,0,0,2,0
emakhuwa_3_01868,"Mulopwana mmosa wa Kine ohookhwa okathi amonaawe mphira aattikhiwa ni Porutukaale - Irawu, mutelevisawu",0,0,0,0,2,0
emakhuwa_3_01869,Cristiano Ronaldo omwaleyiwa ni  khipwanyaniwa ekekhayi mwaha wa ekwerere ya Kovit-19,0,0,0,0,2,0
emakhuwa_3_01870,Mmiravo a waAnkoola onrowa oParasiili onrowa waathukunya atthu axuttihaka mwaha waAfirika,0,0,0,0,0,0
emakhuwa_3_01871,Mosampiiki ovukula ihalahala sa nakoso a itthu sootthuneyaxa,0,0,0,0,0,0
emakhuwa_3_01872,"Ntteeke na Vueling nokoteela vemukaakuvele muttetthe o Pareseloona mwaha wa""eyuutte woovya""",0,0,2,0,0,0
emakhuwa_3_01873,Ethuvo 2016: Parasiili okhala namathuviwa mmosa.,0,0,0,0,0,0
emakhuwa_3_01874,Kuupa: Ekanaale ya yutthuupi oKuupa anivanyihana ovuwihiwa,0,0,0,0,0,0
emakhuwa_3_01875,"Anipheela othanliwa ""Autaarkika"" anixaya evootu otakwani wooMaputu",0,0,0,0,0,0
emakhuwa_3_01876,Munceero wanamunceene sookhala wooruhela ohaawa vamusurukhuni oMosampiikhi.,0,0,2,0,0,0
emakhuwa_3_01877,Maradona: Ekaaxa 2,0,0,0,0,0,0
emakhuwa_3_01878,Olamuliwa wa Harvey Weinstein onooniherya Harvey Weinstein onooniherya inamuna woorika opwanya Exariya  sa mwaha soovonyiliwa irupiheliwo,0,0,0,0,2,0
emakhuwa_3_01879,"Ankoola olavula   pahi- Toto: "" Waahikhale wiitaphula khunikhala miyonihero sa akhili"".",0,0,0,0,0,0
emakhuwa_3_01880,SIITA oCapaawu: mwaromoleleke makeeyi?,2,0,0,0,0,0
emakhuwa_3_01881,Etiyoopiya : Muhooleli a Mwalaano a Anakooso Akhopela onaakwela ovaanyihiwa sa Obama,0,0,0,0,0,0
emakhuwa_3_01882,"Matias Guene, ooKanaale ya Mocampiikhi, oolola e peremiyo internasionaale ya woopowa wa imprensa",0,0,0,1,0,0
emakhuwa_3_01883,CAN onitthara ephiro yooreerela.,0,0,0,0,0,0
emakhuwa_3_01884,Nthukumano IX onnithoonyerya  namuna sa Soosoma ni Opaka  itthu elapo ya Mosampiiki.,0,0,0,0,0,0
emakhuwa_3_01885,"""Omaliha eretta Waafirika ti etthu yootepexa ophaveleya omaliha olumwenku wootheene"", onnihimya Guterres",0,0,0,0,0,0
emakhuwa_3_01886,"Parasiili,: Ohukhumu viiraneyaka ekoopa ya ikonfeterasawu oRiiyu",2,0,0,0,0,0
emakhuwa_3_01887,"Mwaaha soluluwana ni Tarafiku wa atthu onuncerereya, masi siiri vakhaani iye silaleeriwa, ohimwa mulipo axariya",0,2,0,0,0,0
emakhuwa_3_01888,Top Ten Amerikaano: Jermaine Dupri mphironi woosuwelaxiwa; Drake  ori ohoolo wa ni nawiipe Spice Girls aniphavela osuwaneya.,0,0,0,0,0,0
emakhuwa_3_01889,Athiyana ahireere ohaawa ni Khathoowa oVenesuweela,0,0,0,0,2,0
emakhuwa_3_01890,Interpol onaaphelasa anamwiya wa elapo ya oMosampikkhi mwinternetini,0,0,0,1,0,0
emakhuwa_3_01891,Anamaxaya owiiya aniivasa 200 itthomottho abatem oMosampiikhi,0,2,0,0,0,0
emakhuwa_3_01892,Ananakoso a Mosampiiki anivekela miphimo wiira muteko woolima wooneliweke vatthu.,0,0,0,0,0,0
emakhuwa_3_01893,Epooma ya Pekim yomwaakhela mphira wa Cooku Olimpiku wa eyaakha ya 2022.,0,0,0,0,0,0
emakhuwa_3_01894,Parasiili/ Palexitiina:cokatoore amphiira ottipihiwa mufesipuukhini ni okwelihiwa eselesawu mwaha womukhaliherya Palexitiina,0,2,0,0,0,0
emakhuwa_3_01895,BAL: BBC Patriots oRuwanta,0,0,0,0,0,0
emakhuwa_3_01896,Mosampiikhi: Nlaka na Eporoceetu Skate ni Osomiha enalipiherya anamwani  ni amwaavano,0,0,0,2,0,0
emakhuwa_3_01897,Alipo aniweha myaaha anithoonya makwankwa ntooko ntthu enikhoottiha owana muhina mwa wamaliha asoona alupaale Omosampiikhi,0,0,0,0,2,0
emakhuwa_3_01898,"COVITE-19: Anthony Faucy onihimya wiira nummaru n'atthu akhwiiye noovikana ninne nihimiwe ni ""wootepaxa nlelo khevirenre"".",0,0,2,0,0,0
emakhuwa_3_01899,Top Ten AwaAmeerika: siri 10 siniisa wompwa ( ni iviitiyu),0,0,0,0,0,0
emakhuwa_3_01900,Ohincerereya mwaattelo woophiyeryaka 290 wa atthu oophwanyiwa ni mwanamukhaya Itaayi Mmosampiikhi,0,0,0,0,3,0
emakhuwa_3_01901,Michelle Obama wophwanyaneya wawe w'Afirika okumaana Nelson Mandela.,0,0,0,0,0,0
emakhuwa_3_01902,Mosampiikhi: Kuveernu onlalerya otthukuliwa Akafuko sa Ikaruma sootumiha wa mweeri wa Tesempuru.,0,0,0,0,0,0
emakhuwa_3_01903,"Ithaatuwa sinitthikela woova , masi mwattelo mwa wakameliwa okhuruwa Wamphula",0,0,2,0,0,0
emakhuwa_3_01904,Kiine Pisawu: wookotthiwa wa Muhooleli a Elapo oniruuwa woopiha wa ohilipaneya mukhaleelo,0,0,2,0,0,0
emakhuwa_3_01905,Yookwathula ni olupatthana yoomoomoliha muhooleli a (Credit Suisse) Ekereetitu Suwiise,0,0,0,0,0,2
emakhuwa_3_01906,Mwaapomphe oniwanana ettekuxa yoolepihiwa wiira yaakhuleliwe,0,0,0,2,0,0
emakhuwa_3_01907,KAN 2021: Tuniisiya omututuxerya ni khimuxintta ni musivelo Niceeriya,0,0,0,0,0,0
emakhuwa_3_01908,"Okhuma oSuweesiya orowa oMeexiku, atthu ephattu anithalakaserya mulattu xiini onimalamaliha mattaava ayasa",0,0,0,0,2,0
emakhuwa_3_01909,"Ompirisari ovara okathi wooreera, Ameerika onvahaawe onnihima Fancha.",0,0,0,0,0,0
emakhuwa_3_01910,Alipa waaniheriwa wiira mutuphelo wa Opareseloona ahoorwa otiripunaale ya Omatiriiti,0,0,0,0,0,0
emakhuwa_3_01911,Mosampiikhi anathaala meelo amahoolela a awutarikiiya,0,0,0,0,0,0
emakhuwa_3_01912,Startup onavaha ikuuru oliili Axikhaani voorumela SMS,0,0,0,2,0,0
emakhuwa_3_01913,Namalamula ni Renamo aathipelela owalameliha ovaanelela myaha siluluwanne ni epoliitika,2,0,0,0,0,0
emakhuwa_3_01914,Mário Coluna oviira etuniya,0,0,0,0,2,0
emakhuwa_3_01915,Exitaatiyu yohikela mmpuwa': Piliisa parasileero omuwaleela ativiixita anti- koopa,2,0,0,0,0,0
emakhuwa_3_01916,"Alipo a Miruuku athanu Okathi wa Vaano mafirikaano anithokorerya omutthu, nttaava ni ekuluttu yoyareliwa",0,0,0,2,0,0
emakhuwa_3_01917,"Olamula elapo vanipwanelaaya, maanaliixita anihimya olaleyiwa masu paahi ni muteko vakhani oMosampiiki.",2,0,0,0,0,0
emakhuwa_3_01918,Ikhatteya fast-food sookhopela situpweela muhina mwa manyaka a Faranku oXiina,0,0,0,0,0,0
emakhuwa_3_01919,"Itaaliya: ahokwa oophova mapaatiri owavikaana ale ari mameetiku, mulatthu wa Koronaviiru.",0,0,0,0,3,0
emakhuwa_3_01920,Libertem Nganang:muleepi kamaroneexi otthukiwa ekhatteya ya nroromelo noophova ya olawiitte,2,0,0,0,0,0
emakhuwa_3_01921,Macrom oni wi ataake aninaanoxe Omosampiikhi anithoonyiheerya mopopiiho A Teroriixiimu Emwisilaamu,0,0,2,0,0,0
emakhuwa_3_01922,Xiina:  750.000 mwattelo ookwiwa vamwaakhani onitanyeriwa ni ohononiwa mukhuruuru,0,0,0,0,2,0
emakhuwa_3_01923,Mwakha wa 2017 koolera oowiiva atthu 108 Omosampiiki,0,0,0,0,3,0
emakhuwa_3_01924,"Mwaruusi ariisa ootteliwa erooho noopaceriwa wa niira na Olumweeku, nnaamwi ni woopiha wa soorukunuxiwa sikweyiheriwe ni siniliveliwa",0,0,0,2,0,0
emakhuwa_3_01925,Wamphula:  Khukhumelenle nkacamiho mwawa  wa niira nuumalani wa eyaakha.,0,0,0,0,0,0
emakhuwa_3_01926,Carlos Queiroz onnivekela wii emale VAR,0,0,0,0,0,0
emakhuwa_3_01927,FIIFA ommunya ntthuvelo na omutthapela Pele,0,0,0,2,0,0
emakhuwa_3_01928,Aafirika onilavula okunya onimutthara mwaathanle a Waameerika,0,0,0,0,0,0
emakhuwa_3_01929,"Trending: Xarlize Theron, Jimmy Kimmel, Shaun King, Omeexiku.",0,0,0,0,0,0
emakhuwa_3_01930,Mphirya  aweWuropa khorina sooruma ni Super Lika,0,0,0,0,0,0
emakhuwa_3_01931,"Muthaaseke itaay mMosampiikhi: epooma yaoPeera, okhuma 500 ikooto sa atthu anikhala, nnakhala voowiraka oteene omiryeyeene",0,0,0,0,3,0
emakhuwa_3_01932,"Kaaza: elapo emosa enoonaneya othowa eyoolya, atthu ophiyelela 250 emiyasene annikacamiheya mwaha nkhalelo yoola.",0,0,0,0,3,0
emakhuwa_3_01933,Ihisapo sa mphira wa Ilapo sotheene: taani onihala ni onirowa.,0,0,0,0,0,0
emakhuwa_3_01934,"Kara-Peretaanya onaalopola atthu awe wiira ehirowe Opaaluma,Omakomiya ni Onsimpwa ya Ophareya",0,0,3,0,0,0
emakhuwa_3_01935,"Jack Nkanga: aritiixita iithatuxa, namuloha oonyserera.",0,0,0,0,0,0
emakhuwa_3_01936,Peera onithapela iyaakha 113 omananihaka wixeemexerya  noovira muthaaseke  Itaayi,0,0,0,0,0,0
emakhuwa_3_01937,"Noomala okeleeliwz wa Ukaraaniya, Ruusiya onilipiherya ekhotto ya apinaatamu aya",0,0,2,0,0,0
emakhuwa_3_01938,Anamwane afirikaana ni ovelavela mwaha wa itaratamento sa SIITA,0,0,0,0,3,0
emakhuwa_3_01939,"Boy Ge Mendes: "" Esipo aka enniiwiwa ilapo sotheene"".",0,0,0,0,0,0
emakhuwa_3_01940,"Tayiwaani: Elaapo yootepa othapa ya wAasiya Oriyentaali, ntoko vanithoonya Erelatooriyu yaMuntiyaale ya Ethaapa ya eyaakha 2022",0,0,0,2,0,0
emakhuwa_3_01941,Ohisuwanyeyasa iyyhu onnipwatiya 2900 impereesa sa Omosampiiki.,0,0,0,0,2,0
emakhuwa_3_01942,Athu okhaliherya muttethe anilipelela wiira vanimoneleya morarelo mwaha wa wuumaliwa apinatamu wa elapo ya wankola.,0,0,0,0,0,0
emakhuwa_3_01943,Nikuurutha na etooropa nikhuuru anilipiherya vowataana Mosampiikhi- Exitaato Uniitu,0,0,0,0,0,0
emakhuwa_3_01944,Muthoriho wa mwaha wa mwiiveliyo wa porokuratoore Vilanculos onikela osuweliwa mweeri ola.,0,0,0,0,0,0
emakhuwa_3_01945,Sohapaala nnleelo sinithikela  wiiva Omaniika,0,0,0,0,2,0
emakhuwa_3_01946,Onaacimola ni  muteko  wenamwane woxankiha wamphula,0,0,0,0,3,0
emakhuwa_3_01947,KOVITI -19 imiya ethanu epayiro muxerexe wa Luwanta annihuwela   wii ekhaliheriwe,0,0,0,0,2,0
emakhuwa_3_01948,Dhlakama onoopopiha omukumiha omwene Frelimo ekhatiri 24,0,0,3,0,0,0
emakhuwa_3_01949,Nkhulupale wa paritiitu Renamo onnilavula namararu yeela enirwa.,0,0,0,0,0,0
emakhuwa_3_01950,Mafasenteyiru Macikhiini oMatakaaxikari anihimwasa okhanyereriwa ni alipo aathokosa maxineexi wiivattumihasa mathala aya ni isisapo sootheyihasa,2,0,0,0,0,0
emakhuwa_3_01951,Xooku Olimpiku wa Eyiita : Namphira wa elapo ya Kanata onnaanyeriwa wiiya mukukutta wa elapo ya Koreeya tu Suuli.,0,0,0,0,0,2
emakhuwa_3_01952,Aasiya: Muttetthe wa misulu onikhupaareliwa tonirowa waattela mixukhurwo wa Joe Biden.,0,0,0,0,0,0
emakhuwa_3_01953,Murupela nnakhala kokhanle okhala ehukhumu wa ookwa.,0,0,0,0,0,0
emakhuwa_3_01954,Venesuweela: Piliisa ohaavaracaelefooni alipo ovaanyiha,2,0,0,0,0,0
emakhuwa_3_01955,Tani ori muhooleli  a kokhola sowaatta siiwiive  atthu 16 mMosampiikhi?,2,0,0,0,0,0
emakhuwa_3_01956,"Mandela Washington Fellowsship: ""Muhoopopihiwe, muttottele muraarelo emaara enirwa""",0,0,0,0,0,0
emakhuwa_3_01957,Trending: WizKid olaleerya Made in Lagos,0,0,0,0,0,0
emakhuwa_3_01958,"KAN 2011 - ""Txurutu"" omphavela ovira okathi wa nenli",0,0,0,0,0,0
emakhuwa_3_01959,Trending : Ophattuwa  woohisuwaneya wa nikhuru Black Friday.,0,0,0,0,0,0
emakhuwa_3_01960,Atthu a elapo ya Omosampiikhi ammoopopiha mwa wa mukhalelo wooreera wa elapo.,0,0,2,0,0,0
emakhuwa_3_01961,Nikhuru nenle na  masurutaatu  mameresenaariyu anikhootta  mukhalelo wa othanyana valipiheriwaka mukhalelo nikhuli na erutthu ya nthu  muhina mwa miteko sowopoliwa alipo ohaaxiwa mwaha wa ataake   Opaaluma.,0,0,0,0,0,0
emakhuwa_3_01962,Kamarayu owala ixikola  mwaha  wa  wakameliwa  ni  nikhuuru  Pooku  Haram,0,0,3,0,0,0
emakhuwa_3_01963,Minixituru akhalayi Paulo Zucula ovolowa tho muntaphani mwa makhwankwa,2,0,0,0,0,0
emakhuwa_3_01964,Hiyo khanihiyo atthu nikhanle ookhaliha mpanta mmosa-nlepa khahiyono muxankiho yuulupale Welket Bungue,0,0,0,0,0,0
emakhuwa_3_01965,Soopheela okumiheriwa sa mosuruhu oMosampiikhi yooveehiwa mwha woohikhala wooniheriwa,0,0,0,0,0,0
emakhuwa_3_01966,Mwa ekumi ya mMosampiki: Oretta wokacamiha onitthaniwa serivikale onniwokottha atthu ikonto xexe wa iyaakha sotheene.,0,0,0,0,3,0
emakhuwa_3_01967,Nikhuru n'atthu a mulaponi nihikhanle mparitiituni anivaanela okawana mireerelo sinivaha etthaya Wamphula,0,0,0,0,0,0
emakhuwa_3_01968,"Kami Rita, oNepaale, onilutteleela mukhaleelo Musya mwaha woothanla ikwaha 22 o mwaako Everest",0,0,0,2,0,0
emakhuwa_3_01969,Wamphula oniphaveliwa wiiwananiwawa ni Okaapu Telekaatu,0,0,0,0,0,0
emakhuwa_3_01970,Owerya wa Exariya vakhaani wa anamalaleerya yookotthiwe oKoloopiya,2,0,0,0,0,0
emakhuwa_3_01971,KOVIIT-19: Mosampiikhi Orepela voophova Nihiku ni ookwa,0,0,2,0,0,0
emakhuwa_3_01972,Moopopiho wa epompa oseeti wa Fifa,0,0,3,0,0,0
emakhuwa_3_01973,Mukhulupale a Mihupi oParasiili onixukurya Mosampiiki,0,0,0,0,0,0
emakhuwa_3_01974,"Mosampiiki oneetetela efexitivaale ""Hip Hop ni epowesiya ya Nlamulo""",0,0,0,0,0,0
emakhuwa_3_01975,Arnaldo Santos: Epoyesiya enrowa okhala ekoolelo aka ya okiserya.,0,0,0,0,0,0
emakhuwa_3_01976,Kartuniixita Latuff ohopopihiiwa wiira onimookotthiwa mwaha owavaanyiha apiliisa militaari,0,0,2,0,0,0
emakhuwa_3_01977,R T ya okhooku: Wokootthiwa sa ativiixita a Ihaakhi Sapinaatamu. Floribert Chebeya,0,0,0,0,3,0
emakhuwa_3_01978,""" Tubarões Azuis""  ekiipa emosa ya lusofoniiya ya elapo ya Afirika.",0,0,0,0,0,0
emakhuwa_3_01979,Anivara muteko woosomihoni Wamphula aathonyiwa ovetiha ifuntue,2,0,0,0,0,0
emakhuwa_3_01980,CAN 2021: Musurukhu wa etthu ohincerereya masi ninleelo ori otteywene wa EURO,0,0,0,0,0,0
emakhuwa_3_01981,Alupa a xariya annoona wi wookhala ''nnyakunyaku'' oniiraneya OTiripunaale Supereemo ni Paralamento mwaha wa Manuel Chang.,0,0,0,0,0,0
emakhuwa_3_01982,"Otheliwe onarina miyaakha 15, Margarida waanimusivela onatthikenle osoma",0,0,0,0,2,0
emakhuwa_3_01983,"Shaq aahinla, teeni ya kobe emanle, Vanessa ooxukhurela okhaliheriwa ni imilyawu ya atthu.",0,0,0,0,0,0
emakhuwa_3_01984,"Maakhuleliwo oluluwana mi okwa wa Mandela:Eduardo dos Santos ""ootepeene  yiiniwa muriima""",0,0,0,0,2,0
emakhuwa_3_01985,Milaleeryo 5 sa alipo ottukiwa mapuliitiku'' wiira vahikhale mahove Wii vahoonaneya miriira sohukhumwa ni evaraakaka yatooropa oparasiili,2,0,0,0,0,0
emakhuwa_3_01986,Okathi sanamunceene owutuwanyereya onihela mmoopopihoni ihakhi sa wixiiliha muhina mwa Oxikoola Ikhulupaale sa oParasiili,0,0,2,0,0,0
emakhuwa_3_01987,Naatu onuupuwelela irefooruma ni oolamula nvukulo wa mukhaliheryo wa Ilapo sa Wiiraana.,0,0,0,0,0,0
emakhuwa_3_01988,Amphiira Oliipiku: KOVIITI 19 onaalanya ohiloka variyari va Ameerika Latiina ni Ilaapo sikinaku sootepa othawali,0,0,0,0,2,0
emakhuwa_3_01989,EUA onivekela mwatanle a elapo ya Osawu Tome wiira ovanyiwe Koreya Onoriti.,0,0,0,0,0,0
emakhuwa_3_01990,Mukhaleelo: Moonelo owulaana wa ipulookhi sa mikhaleelo,0,0,0,0,0,0
emakhuwa_3_01991,"Rapper a oMosampiikhi. onlaleya EP, yoopacera etthweliwe nsina na ""Nkinakhale keemele""",0,0,0,0,0,0
emakhuwa_3_01992,Anche Cabral  ti muthiyana opaceerya Timoreese muhina mwa Cross Country oliipiku oRiiyu ti Caneero,0,0,0,2,0,0
emakhuwa_3_01993,Anamaathanliwa a Renamo aalattuliwa ni PGR mwaha wa mituphelo sinihimiwa wiiriwa ni eparitiitu aya.,0,0,0,0,0,0
emakhuwa_3_01994,Kometiyaante ankolaano onikaxari mwaha wa soohinyaniwa ni olipa makhaleelo,0,0,0,0,0,0
emakhuwa_3_01995,Guterres onvekela owananiwa voowaakuveyaxa opittikuwasa wa ekilima,0,0,0,0,0,0
emakhuwa_3_01996,Aafirika :Aafirika ovolooha ekoore muhina mwa ekhotto ya axiitthu HIV,0,0,0,2,0,0
emakhuwa_3_01997,"Mamosampikaano onikhupanyerya okwa wa naamphira mutokweene, , Mário Coluna",0,0,0,0,2,0
emakhuwa_3_01998,Saawu Toome ni Piriisipe: omalamalihiwa etaakwa Onoopopiha mireerelo Soovirikanasa,0,0,2,0,0,0
emakhuwa_3_01999,Joaquim Chissano onihimya wiira minyakulelo sa anakhotto a Renaamu sinniphaveleya othokoca vanceene saana.,0,0,0,0,0,0
emakhuwa_3_02000,"Ramadani Momade, nsu nsiya na Metankula",0,0,0,0,0,0
emakhuwa_3_02001,Othukulela iphiiro sampahari sa wUkaraaniya khahiyo tivoophiyerya wiira evukuwe inamuna soophunyeya vooluluwana ni mireerelo ni soolya ekuluttu ya omzphattuweloni Meetiyu ni ôta sa muttetthe a waAfirika,0,0,0,0,0,0
emakhuwa_4_00001,Eviitiyo enithoonyerya inamuna sa oowali orumeela amakhaanya a kuveerunu vooluluwana ni omalamalihiwa ataake ota wa elaapo ya Mosampiikhi,0,2,0,0,0,0
emakhuwa_4_00002,Afrika aSuul ookumiha macoco oparke Kruker mwaha wa anamaxaya oowiiya a Mosampiikhi.,0,0,0,0,1,0
emakhuwa_4_00003,"Mapantta aanapwerya kharina owerya soopakeliwa, onnuupuxerya muhooleli a ONU",0,0,0,0,0,0
emakhuwa_4_00004,Axitokweene aKapu-verete anthola-thola myaha sa eretta sa Malaariya,0,0,0,2,0,0
emakhuwa_4_00005,Onanariwa wAnkoola Noomala ohasariwa wa namayixinliha oLuunta Nooroti,3,0,0,0,0,0
emakhuwa_4_00006,Ereeta ya koolera elapo ya Mosampiiki.,0,0,0,0,0,0
emakhuwa_4_00007,American Hustle' 'Iyaakha muloko ni piili sa epottha' soxintta wa soreera sa Globos ya Ouro,0,0,0,0,0,0
emakhuwa_4_00008,Amiravo a elapo ya Kanata anivara miteko soohilinvwa.,0,0,0,0,0,0
emakhuwa_4_00009,Iretta mwiikhoo athiyana wokiserani sinlavuliwa muri atthu anceene.,0,0,0,1,0,0
emakhuwa_4_00010,Kheeniya: onyokhana maloko ohaapaka ohaawi oopacerya muhina mwa iterineeti,0,1,0,0,0,0
emakhuwa_4_00011,Biden ohaakhula muvekelo wa Zelenskyy  ni oolaleerya mukhaliheryo wa imilyawu 800 sa itoolare wi okhaliherye mpantta wa anakhotto.,0,0,0,2,0,0
emakhuwa_4_00012,Anamuteko okuumi ari ni epwepwetthe oMosampiikhi,3,0,0,0,3,0
emakhuwa_4_00013,"""Renamo onivekela omala mituphelo sa Kuveerunu""",0,0,0,2,0,0
emakhuwa_4_00014,Anawiipa anikuxa nsupo mwaha wa elapo okhuma oSofala,0,0,0,0,0,0
emakhuwa_4_00015,Elapo ya Afirika lusoofona yoohira mpantta wa mphira yoola wa elapo sotheene.,0,0,0,2,0,0
emakhuwa_4_00016,Ankoola: Olaleyiwa mwaathanle khenasivela alipo anithaala,0,0,0,0,0,0
emakhuwa_4_00017,""" khuuvo onisuwela anii erwe wuttharelanani"": mavenesuwelaano anirowasa mmapikatani mukuthaano mutokweene wa okhomaala mpakha ninaano",0,0,0,0,0,0
emakhuwa_4_00018,CAN 2012: Kine-pisawu pooti okhalana owiivahererya orowa woomalelani awelenlaaya ohoolo wa ixiipitu,0,0,0,0,0,0
emakhuwa_4_00019,Anamwiira mpantta a ikonkereesu sa waameerika annilakelela okhaliherya mapuro a mukhapelelo wa Mmosampiikhi,0,0,0,3,0,0
emakhuwa_4_00020,"""O Brasil está tendo alguns problemas, não há dúvida sobre isso""",0,0,0,0,1,0
emakhuwa_4_00021,Ameerika ankhomaleela mwiwanano sotthokiheya ni muttetthe wo Afirika.,0,0,0,2,0,0
emakhuwa_4_00022,Ehasara emwiivale ativiixita a etemokarasiya ya oKuupa enitthara yuwuutupuwela moohisuwanyeya,0,0,0,0,0,0
emakhuwa_4_00023,eliivuru ya Emanuel kunzila enihimya mwaha wa ekhotto ya otaphuliwa Wankoola,0,0,0,2,0,0
emakhuwa_4_00024,"Mittetthe sa oKilompola sinixinliha ni itthu sootannyeriwa ni ifaaprika oPoorutu ya Aratu, oPahiya",2,0,0,0,0,0
emakhuwa_4_00025,Baloteli oniphavela epeeco ya rayiinya a Winkalateera Itaaliya alola vale okoxita yoothaaciri,0,0,0,0,0,0
emakhuwa_4_00026,oleveleliwa wa elapo yootheene ennihimya woowi sohaaxiwa wa mireerelo sa omuro-2016,0,2,0,0,1,0
emakhuwa_4_00027,Namaloma aaphavela muraano muulupale muhina moleveleelaniwa vooluluwana ni sa oweha-wehiwa hoothe ni UE nto va ookhala mwaha wa otthapa,0,0,0,2,0,0
emakhuwa_4_00028,"Jupp Heynkes, Tereyinatoore a mwaakha.",0,0,0,1,0,0
emakhuwa_4_00029,"Bonga oomuvikana namwiipa, ti namawaniha wa moopowelo - a elapo ya okwine.",0,0,0,1,0,0
emakhuwa_4_00030,Aretta ni ohiwerya okhalana mirette osuuli wa Ankoola,0,0,0,0,2,0
emakhuwa_4_00031,"CR7 oomuvikana Pelé ni Maradona, hoothe, mwaha ikoolu ophwanyaawe muselesaawu.",0,0,0,3,0,0
emakhuwa_4_00032,Ekwatoore: Sookhumelela sa othowa mmukanoni,0,0,0,0,0,0
emakhuwa_4_00033,Aafirika onihoolela mikacamiho sa waavaha ikuru axithiyana,0,0,0,0,0,0
emakhuwa_4_00034,"Ilaapo soowoopiha mataraviixiti, parasileero aniirela mpantte wa rattelo sa omutthuvaya ni onooniherya onyokhana mwaha wa ekhove",0,2,0,0,0,0
emakhuwa_4_00035,Aafirika a okuusini oorwaana ekampaanya enikhottiha otumihiwa atthu.,0,0,0,2,0,0
emakhuwa_4_00036,Alipo akhottelaka 25 aniira athokosasiwaka varumeeliwa nlamulo na okhanyererya oParasiili,0,1,0,0,0,0
emakhuwa_4_00037,Funtasawu Fernando Leite yoopakiwa oMaputu,0,0,0,2,0,0
emakhuwa_4_00038,"Idris Elba onnooniha ekonsertu online ni anamwiipa aalupale a waAfrika, eriyari wa awo ori C4 Pedro",0,0,0,1,0,0
emakhuwa_4_00039,Muhooleli a mphirya olimpiku onnaavaha ethuvo anamahaawa a oVulvogrado,0,0,0,0,0,0
emakhuwa_4_00040,Aafirika: Toniteexiwa amucinka ariyihiwaka otaakwani wa waAfirika,0,0,0,0,0,0
emakhuwa_4_00041,Nummuru na anamwiikumiherya wiira akhale muhooleli a EUA aavira mpaka 20,0,0,0,0,0,0
emakhuwa_4_00042,Ipula sinnihooxa omukoni wa Mmosampiikhi,0,0,0,0,2,0
emakhuwa_4_00043,Joseph Blatter ni Michel Platini ahoomolasiwa mmuphirani  mpakha sivire iyaakha thanu na tthaaru.,0,0,0,0,2,0
emakhuwa_4_00044,Alipo oohiiyara ookhanyereriwa oPeru annirowa waavya exariya,2,0,0,0,0,0
emakhuwa_4_00045,"""Mukuxe miyoono saka wiira nvarelele elapo"", Amilcar Cabral",0,0,0,0,0,0
emakhuwa_4_00046,"Akoola Faala Soo-"" Anaaka kharowa nnakhala osikola""- Tr. Adriano Manuel",0,0,0,0,2,0
emakhuwa_4_00047,Apinaatamu amwaavano o waafiriika aniinuwa ohiweha ottuli.,0,0,0,0,0,2
emakhuwa_4_00048,Blatter ni Plantini aahihiwa,0,0,0,0,2,0
emakhuwa_4_00049,Exipiritali ya elapo ya opempa enikhottiha athu ovolowa ni maxunkhi.,0,0,0,0,0,0
emakhuwa_4_00050,Ikokhola siniira sooneyaka muramphani wa Wamphula nnaamwi olaphiwaka.,0,0,0,0,1,0
emakhuwa_4_00051,Waatterereya wa iretta sa kankuru onnaaxenkereyiha anamawerya ooMosampiikhi,0,0,0,0,2,0
emakhuwa_4_00052,"Ankoola onlavula paahi- ""ixipital soohiya okhala mapuro oreerela owakhela atthu"" oohima namwiwa a oLuwanta",0,0,0,0,2,0
emakhuwa_4_00053,"""Liini, ni nsina na Muluku, vanrowahu owanana lobby aakapwitthi"", ookoha Biden nuuvira muukhulo mmosa tho",0,0,0,0,0,0
emakhuwa_4_00054,"""Mwaaha Macie"": PGR onivekela ehukhumu ya  apilisa",0,0,0,0,0,0
emakhuwa_4_00055,Ikapela siniholela epwepwetthe eniwaneliwa mwaattelo wa miriira inittyawihiwa atthu Omapuutu .,2,0,0,0,0,0
emakhuwa_4_00056,"Exipiritaale emosa yo Benguela ""yowakameliwa""",0,0,0,0,0,0
emakhuwa_4_00057,Ihapari sa muhooleli wa Global Voices: Mwaasuwele Alaleeryi!,0,0,0,0,0,0
emakhuwa_4_00058,Alipo ahaapari oPooxiniya onikhanyererya exaariya yooluluwana ni mwaha wa nahapaari woopopihiwe ni khimaniiwa ni Hooligans,0,2,2,0,0,0
emakhuwa_4_00059,ANamalapeleli maKinense annihima wii okati ti okathi annincerereya amiravo ni axiruuxi ampaha esuruma,0,0,0,0,2,0
emakhuwa_4_00060,"Efuntu ya Mapuro anivariwa miteko ya Wataana Portukeesa yoopwanyiha 10,6 imilyawu sa euro wa mapuro anivariwa miteko wa mamosampikaana.",0,0,0,2,0,0
emakhuwa_4_00061,Mukwaaha wa Beyoncé  ni Jay-Z orowa oKuupa onnaaveehiha polokeero okhopeela,0,0,0,0,0,0
emakhuwa_4_00062,"Ilapo Soowiiraana sa w'Ameerika sinrowa okopiha oMosampiiki ikonto 1.2 sa imilyawu sa itoolare, mpakha 2018.",0,0,0,3,0,0
emakhuwa_4_00063,Ewarakha ya okumi eelopwana ya oKasakixitawu anittweela ni okumi wa athiyana,0,0,0,0,0,0
emakhuwa_4_00064,Anamphira a elapo ya Olanta ahaalolosa anamphira a elapo ya Xile ni ''atthwawela'' OParasiili.,0,0,0,2,0,0
emakhuwa_4_00065,"Ankoola, Kaapu Veriti ni Mosampiiki lapo iya soowela namuna sa maali.",0,0,0,0,0,0
emakhuwa_4_00066,Top Ten a waaMeerika: Nsipo nsya mpasari nnihooleliwa ni Cardi B ni Drake,0,0,0,0,0,0
emakhuwa_4_00067,Ariisa 'miwi sa hasara' maxapuneexi  yakanyeryaka wAmeerika tiNooroti?,0,0,0,0,0,2
emakhuwa_4_00068,Ilapo Soowiirana sa Waameerika ni Wiiraana Weewuroopa aninyohola yoolakela ya Niceeriya yoomuthikilela Twitter,0,2,0,0,0,0
emakhuwa_4_00069,Ankoola: Owalaaka iyaano sa Miitiya- vasya?,0,0,0,0,0,0
emakhuwa_4_00070,"Ankoola onnilavula paahi- Maria Encarnacao Pimenta: ""Woova onniirela mpantta wa muthinto a muupuwelo a Mankolaanu""",0,0,0,0,1,0
emakhuwa_4_00071,Atthu Oniceeriya tookweya oraruxasiwa  atthu a waafirika muttetthe wa Ewuroopa,0,0,0,0,2,0
emakhuwa_4_00072,"Iraa : Ihukhumu sinniphunya, ni musurukhu a wiirayiina onnimora",0,0,0,0,1,0
emakhuwa_4_00073,' Akhala atthu anikasooa ophiiya  vakhiiru mwaha wooweha wiira ari  neeretta' onihinya mulipo ohithokoreryana mirutthu ooxerexere wa Sawu Paawulu,0,0,0,0,0,0
emakhuwa_4_00074,"""Mutthenkeso wa Visao Mundial"" ni anamakhaliherya ontthokiherya maasi muttettheni mwa Wamphula",0,0,0,2,0,0
emakhuwa_4_00075,"Ekampaanya"" Amarildo ori woowi?"" Eniwanela ninyooho napiliisa a mufaveela",0,0,0,0,0,0
emakhuwa_4_00076,"Ameerika Latiina muttetthe a elapo  onookotthaniwa vanceene, ni  muthinto ola ooYuutuupi oniphavela osuwela mwaha xeeni",0,0,0,0,0,0
emakhuwa_4_00077,Aleesa anilavulasa: maLatiinz ni mikuthakutho wa ikhaleelo wa ekwereere,0,0,0,0,0,1
emakhuwa_4_00078,"Anamuteko a ekaafirika enittottha ya oKampooca enaakhanyererya H&M, Walmart ni Zara mwa esalaariyu emoosa yanttitthimiho",2,0,0,0,0,0
emakhuwa_4_00080,Elapo ya Noruweeka enorowa okhalana epaasi navaale ya omosampiikhi wiira owananiwe mukhalelo wa piratariya.,0,0,0,1,0,0
emakhuwa_4_00081,Aafirika ya Okuusini onipaka ekampaanya eniwanana etthekuxa para alipa-mukothi ni maturiixita anirowa Omosampiikhi.,0,0,0,2,0,0
emakhuwa_4_00082,Ateeptu ovonnye enika elapo ya Espanya ori mmilatthuni.,0,1,0,0,0,0
emakhuwa_4_00083,Maama awe taraviixita iiviwe oParasiili othatuxa mulaala khikhala epanttera ya mulala,0,0,0,0,2,0
emakhuwa_4_00084,"Elapo ya Mosampiiki ennimananiha, masi khiniwerya omaliha nkacamho woothumiha atthu.",0,0,0,0,2,0
emakhuwa_4_00085,""" Niirisi vootepa okhala ntoko vahinakhale ahu"": Coral Herrera ni Ekhotto ya mwaha wolikanasa wa alopwana ni athiyana",0,0,0,2,0,0
emakhuwa_4_00086,Anammawaani a oRiiyu de Xaneero anikukhulana vowanana tturuwa isisapo sa ikhaleelo sonopooma,2,0,0,0,0,0
emakhuwa_4_00087,'' Onipwetheya mutthu anaakiha ni yoola ari tithi ahu'' alavulaka Daviz Simango.,0,0,0,0,2,0
emakhuwa_4_00088,eKamiyawu yoowiiva atthu 11 Mmosampiikhi ni namweettiha khonooneya.,0,0,0,0,3,0
emakhuwa_4_00089,maMosampikaanu anaathanla meelo mahooleli aya oowiitaphula,0,0,0,0,0,0
emakhuwa_4_00090,Ilapo Sowuraana anilipiherya ihukhumu vireliwaka elapo ya Ruusiya mwaha wa soovara saya muhina mwa muttetthe wa Ukaraaniya.,0,0,0,0,0,0
emakhuwa_4_00091,"CR7 onikhuxa mmakhatani elapo ya Porutukaale ni "" hack - trick"".",0,0,0,2,0,0
emakhuwa_4_00092,"Ahihukhumwa aka Omosampiikhi , onilaleerya muhupi wa erelatoriyu yoluluwana ni Ihakhi sa apinaatamu Olumwenku",0,2,0,0,0,0
emakhuwa_4_00093,Okhwa wa anamwane onnimorela Waafirika Supusaraariyaana,0,0,0,0,2,0
emakhuwa_4_00094,Exiitu: okwa wa mmiiravo mukalapusu mwa masupayi,0,3,0,0,0,0
emakhuwa_4_00095,eKomite Olimpiku amrikaano yooweemereriha maateleeta wii okhootte orowa o Riiyu-2016,0,0,0,0,0,0
emakhuwa_4_00096,Ekampaanya #TakeDownJulienBlanc ohiwaanyeya oParasiili; Kuveerunu onilaleerya owaterihiwa eviixitu ya “mwixuttihi”,0,0,0,0,0,0
emakhuwa_4_00097,Dos Santos vasyaa oXipaanya,0,0,0,0,0,0
emakhuwa_4_00098,Donald Trump onorowa okhwaranya ewarakha enikhottiya othamela EUA.,0,0,0,0,2,0
emakhuwa_4_00099,Ankoola:  oweela wa mukhaleelo oLuwaata,0,0,0,0,0,0
emakhuwa_4_00100,Anamihupi akhalayi ni muhooleli a musurukhu mamusampiikhi Oruusiya arootthukiwa mwaha wa okuxa mihakhu sa omutekoni.,0,2,0,0,0,0
emakhuwa_4_00101,Eteparatamentu ya  Mwaakiheryo wa EUA onootthikela omukhaliherya Kuveerunu a Mmosampiikhi mwaha wa ikhotto sa Opaaluma.,0,0,0,2,0,0
emakhuwa_4_00102,"Roley onoorowa omukumiha aalupu ""Muupuwelo"" mahiku yeettaka miloko miraru ni mosa mweri wa oyituupuru",0,0,0,0,0,0
emakhuwa_4_00103,"CR7, ophova othariwa muhina mwa mathavi anema",0,0,0,0,0,0
emakhuwa_4_00104,Anaxariya a oparasiili ahaavarakasa apasapooriti a anamakata a elapo ya waameerika.,0,0,0,0,0,0
emakhuwa_4_00105,Cambridge University Press yookumiha milaleeryo 300 sa alipo oosoma Muwarakhani mwaya mwa saayiti oXiina,0,0,0,0,0,0
emakhuwa_4_00106,""" Nroromeelo ninimala mwaha wolipelelaxa vanceene"", wixiinliha wa Alfa Thulana",0,0,0,0,1,0
emakhuwa_4_00107,Sindika Dokolo: Ekumi emosa ya waakiha mireerelo sa Waafirika,0,0,0,0,0,0
emakhuwa_4_00108,Ataaki a ikamiyawu ohaavulaliha atthu axexe Mmosampiikhi.,0,0,0,0,2,0
emakhuwa_4_00109,Epikaata emoosa ya oPankalateexi  wowaarya mwaha wa ekoopa ya olumwenku,0,0,0,2,0,0
emakhuwa_4_00110,"""Poemas de Neto atraíram muitos artistas para o canto"", afirma o sociólogo Analtino Santos",0,0,0,0,0,0
emakhuwa_4_00111,Awahala a venesuwelaana mmosa Oxaaka: mwiriira wa etthu emoosa yowoopiha ya niihiku tinihiu,0,0,0,0,2,0
emakhuwa_4_00112,"''Mathala otheene muneene ti Kuveerunu, itthu iya sinoonaneya nneene mathala yaala akhala ohaawa'', alavulaka purusoore wa elapo ya Mosampiiki, Yussuf Adam.",2,0,0,0,0,0
emakhuwa_4_00113,Mwaamukokho Zika onnitannya ohisuwanyeya wa ihamela oParasiili,0,0,3,0,0,0
emakhuwa_4_00114,Ekiipa ya Faransa yoolola mphira yoola wa ilapo sotheene.,0,0,0,3,0,0
emakhuwa_4_00115,Anamathokosa a molumwenkuni mooteene annixutta ni soosuwela sa anamuttettheni mantiixina. Musuwelexe moota xeeni Eyo  eryaaya yoopwanela,0,0,0,2,0,0
emakhuwa_4_00116,Anamaweha amwaathanle animuloliha okwampa,0,0,0,2,0,0
emakhuwa_4_00117,ONG ooKine onnaaphuka atthu eelapo anilima irutthu soolatta soovirikana,0,1,0,0,0,0
emakhuwa_4_00118,"Sa okhumelela okaapu telekaatu sinnixenkeriha elapo, annihimya anamaweha-weha",0,0,2,0,0,0
emakhuwa_4_00119,"Efiilimi Xineexi"" Mukuthaano wa Laaku Changjin” ennipittikuxa ethale yohiirya ya Ekhotto ya oKoreeya ni oxintta woowaarya",0,0,0,2,0,0
emakhuwa_4_00120,Brexit anamuteko ooTimorlexiti aavelavelasa ni Omeelo aya oReyiinu Uniitu,0,0,2,0,2,0
emakhuwa_4_00121,Houston: Mamusampikaanu anihaavya okathi worerela onirowaaya okhaliheriwa mpantta wa patarooya,0,0,0,2,0,0
emakhuwa_4_00122,Elapo ya Parasili yokhotta ovaha mammaru a Odebrecht omosampikhi.,0,0,0,0,2,0
emakhuwa_4_00123,Filipe Nyusi ohuncarerya mukhalelo a ovalavela ni mukaakuveleni Omosampiikhi mpakha mahiku 30 ya mweeri waneethanu.,0,0,0,0,0,0
emakhuwa_4_00124,Francisco onimaaliha ovekela exootte ni onakiha okhotto yowanana makwankwa,0,0,0,2,0,0
emakhuwa_4_00125,"Anamwane mamosampikhaano ""annikhuwela""  mwaha waa okhapelela",0,0,0,0,2,0
emakhuwa_4_00126,Ehapari etokweene ya oParasiili yoomuhiya Feyisipuukhi ni enamootherya olaleya   ‘fake news’,0,2,0,0,0,0
emakhuwa_4_00127,Iraa:  mameetiku otthuneyaxa ayili anamalaleerya mihupi somalamaliha AIDS nleelo arisa mukalapusu,0,0,0,0,1,0
emakhuwa_4_00128,Ilatarato: Showmicio wa epartiito yowooneyaxa ya moono ookhoottela wootupheliwa ni masupayi oMosampiikhi,0,0,0,0,0,0
emakhuwa_4_00129,"""Ohiyeriwa wa muupuwelo a okathi wa ekhotto okhanle oomala"" , onnihimya muhooleli a atthu ootheene a OMS mwaha wa sookohiwa Waafirika",0,0,0,0,0,0
emakhuwa_4_00130,Fiifa onnithola etorone yoothurumela itereno sa Faransa,0,0,0,0,0,0
emakhuwa_4_00131,Blatter onnimuloiha EUA  aaniphavela namathanla wa FIIFA  okhale ntoko saaphavelaawe.,2,0,0,0,0,0
emakhuwa_4_00132,Etiyoopiya ohootheriwa ovela nikoto mwaha wa woomola muttitthi wa Amhara,0,2,0,0,0,0
emakhuwa_4_00133,Ohiiviwa namakohaxaxa ohimmwe okunyariwa omphiryani Waafirika,0,2,0,0,0,0
emakhuwa_4_00134,Exitaatu Yoowuraana enira khesiveliwe wookumihiya wa Manuwele Xang mpakha mmosampiikhi,0,0,0,0,0,0
emakhuwa_4_00135,"Ya ovara, moopopiho muulupale a wiixeetta mwa moolumo a waameerika latiina",0,0,2,0,0,0
emakhuwa_4_00136,"Alipo awivahererya Oxiooniya, Macetoniya ni oSeeriviya anivaanyiha ikuru sowiirela otthikela oteka noovira ephovoovo  ni ehasaara",0,0,0,3,0,0
emakhuwa_4_00137,Afirika ti Suuli okhala oweleelaka mireerelo sa AGOA viira vahithunihiwaka ovolowa wa mihokhorokhu sa anaviye-viye a muttetthe awameerika.,0,0,0,0,0,0
emakhuwa_4_00138,Hezbollah oniirela mpantta wa Omosampiikhi,0,0,0,0,0,0
emakhuwa_4_00139,"Kiine Pisaawu: Orummwa elapo yootheene wa ovariwa mulipo ahapaari a Blog"" Ohukwumu wa Oteemwa""",0,0,0,0,0,0
emakhuwa_4_00140,"Ankoola Faala So- Fernando Kawendimba onoovelela  ehukhumu"" okwa etaala wala okwa mwaha wa koroonaviiru""",0,0,3,0,0,0
emakhuwa_4_00141,"Frank Paco: ikwaha sootheene ikwaha sootheene kiniiwaaka mitthaka soohirrera mwaha wa ikhotto, muupuwelo ni mavekelo anrowa wa atthu a Mosampiikhi.",0,0,0,0,2,0
emakhuwa_4_00142,Iretta  soowipasopeya  sinniwiiva 320 anamwane khula mahiku oMosambique,0,0,0,0,3,0
emakhuwa_4_00143,"Kapu Telekatu: Ohookhwa Andre Hanekom, emperesaariyu suuli-afiriikaano aalokohiwa wa atakhali",0,0,0,0,2,0
emakhuwa_4_00144,Soolepiwa sinikumiyerya woopopiheya oweha-wehiwa mwaha wa okhweya osuwanyeya ethooni oSeeriviya,0,0,0,0,0,0
emakhuwa_4_00145,COVID 19: Nikhuru na athu anceene  aniwana ni omalamaleiha oHuila.,0,0,0,1,0,0
emakhuwa_4_00146,Amiravo ooMosampiikhi onvara muteko ni nthiti wii atatuxere ekekhayi wa oloha wa okhala estiliixita muulupale.,0,0,0,2,0,0
emakhuwa_4_00147,Atthu oowaatta anonyakula Oparaseloona mwaha wa moopowelo wa Okataluunya,1,0,0,0,0,0
emakhuwa_4_00148,FMI ompheela osuwela vanrowa aya sookopha  soowiipitheya sa elapo ya  oMosampiikhi,0,0,0,0,0,0
emakhuwa_4_00149,"Ni soomana vakhaani ya elaapo, ixikola sa Kooyiya sinnithamiwa ni Nnyooho !",0,0,0,0,0,0
emakhuwa_4_00150,Anahapari owo makolompiyaano aniphavelasa wii atthu asuwelase wii Pablo Escobar nnakhala khaari mwene,0,0,0,0,0,0
emakhuwa_4_00151,ATM apacerya ovaha muhakhu wa elapo ya oMosampiikhi.,0,0,0,2,0,0
emakhuwa_4_00152,Afonso Dhlakama onnilavula ni namihupi akhalayi a Wiitaaliya,0,0,0,0,0,0
emakhuwa_4_00153,"Aripileera: Arumeelaka akwilya ni nliinya, athiyana anittottha ihaatisi sa oveyihasiwa mapuuro onitekasiwa eparaaxi ya oParasiili",0,1,0,0,0,0
emakhuwa_4_00154,Anamulevelela a elapo yootheene anikaxari ohaaxiwa wa masupayi  oomuro wa oXaneyiru,0,2,0,0,0,0
emakhuwa_4_00155,CAN 2021: Covid-19 ohahokoloxerya owaani atthu nriyari-nriyari a nukhuru na Kine Pisawu,0,0,0,0,2,0
emakhuwa_4_00156,Ankoola: okhwakaru meetiku kuverunu omaliha ni owariwa wa maxikara mmukukuttani mwa mutthu,0,0,0,0,2,0
emakhuwa_4_00157,Ephantte ya osuuli elapo ya Mosampiiki enoorowa woonaneya othowa maasi  ni enerexiiya mpakha mwaakha mmosa.,0,0,0,0,2,0
emakhuwa_4_00158,"(COVID-19) KOVITE-19: emerekaato y'oXipamaniine ni imerekaato ikina sa Epooma ya oMaputo sinoorowa owaliwa, okathi ene.",0,0,0,0,2,0
emakhuwa_4_00159,Reepi Cardi B ookhaliherya orehererya moota wa osuka muhakhu oKaana- masi sayi?,0,0,0,0,0,2
emakhuwa_4_00160,Otupheliwa wa isixiteema onnikuttumula esayiti ya @ekeekhayi ya nihiku na mwathanle oMosampiikhi,0,2,0,0,0,0
emakhuwa_4_00161,"Ilapo soohaaweya sinootepa sihaaweyaka, enihimya wa yoolempwa sa Ilapo Soohirowa Ottyaawene.",0,0,0,0,2,0
emakhuwa_4_00162,Areeti amihupi WiFi  annikarakanyulasiwa wa Avaana,0,0,0,0,1,0
emakhuwa_4_00163,Ilapo Soowiiraana sa Waameerika sinniroromeliha okhaliha Omosampiikhi,0,0,0,1,0,0
emakhuwa_4_00164,Anamahoolela a ACNUR annikhupalela mwaha onikhumelela ni ale anitthyawa ekhotto Mmosampiikhi.,0,0,0,0,0,0
emakhuwa_4_00165,Axensiya enyimiha niira na itthuvelo ovaanya  nlamulo na atthu a ilapo sa okhopela sa Peresitente a waAmeerika,0,0,0,0,0,0
emakhuwa_4_00166,Yoopakiwa esya wiira owana-wanihiwe veeri wa siita Wamohula,0,0,0,2,0,0
emakhuwa_4_00167,Joe Biden hothe ni  Vladimir Putin anoovanyihana meelo mukhaleelo wa mikano variyari vaa Ruusiya ni Ukaraaniya,0,0,0,0,0,0
emakhuwa_4_00168,Ekhotto yowanana KOVIIT-19 eneetta  vooluttelelana ni  owaterihiwa malaka a haapari moono a wooriyete Meetiyu,0,0,0,0,0,0
emakhuwa_4_00169,Itixipaaxu sa mukaraniyaano 1: anittwawa oKiyeve ni amuusi ni inaama soottittimiheya,0,0,0,0,0,0
emakhuwa_4_00170,"Dos Santos khoniwere'iwa, mukumi, onhimya kuveerunu awAngoola",0,0,0,2,0,0
emakhuwa_4_00171,Anamiri Awamphula ammootherya fiskaale  wuuncererya sooliva avonyolaka soohimya sa nlamulo.,0,0,0,0,0,0
emakhuwa_4_00172,Axeensiya Iinterenasiyonaale onimuthonya  wiira Kuveerunu ompikaano ovonyola ihakhi sa apinatamu mwaha  otthuukiwa atthu okhopela muhina mwa okathi wa miyeeri 18,0,1,0,0,0,0
emakhuwa_4_00173,Ole animutthara namalokiherya a muthinto amalaariya Wankoola onnikhootta wootheriwa okalapusu,0,1,0,0,0,0
emakhuwa_4_00174,Dhlakama wiirale otthukiwa wa Muchanga etthu yoowoopopiha ni opacana,0,0,0,0,0,0
emakhuwa_4_00175,Ekiipa ya pasiketi ya elapo ya Exiipitu yoolola mphira yoola woopacerya wa Afirika League.,0,0,0,2,0,0
emakhuwa_4_00176,"""Fidel Castro aari mulopwana ooreerela"", onnihimya Joaquim Chissano",0,0,0,0,0,0
emakhuwa_4_00177,"Iraa: Athiyana nisuweliha mhupi aatthukwasiwa, Amwiixuttihi mmapikatani ni okhuwela mwaha wa ekhotto",0,0,0,0,0,0
emakhuwa_4_00178,Al Shapaap aaphutula erexitawurante ni aawiiva atthu 10 Osomaaliya,0,0,0,0,2,0
emakhuwa_4_00179,Kerry onivekela mukhaliheryo wa masurutaato wiira omuxintte Siiriya ni onihimya wiira EUA khaninwalela mayitho Irawu,0,0,0,0,0,0
emakhuwa_4_00180,Alipo otthukiwa otaphuliwa okatthi wa ekwerere ale yaariwa aahiiva ikwaaha vanli Openkeela,0,0,0,0,0,0
emakhuwa_4_00181,Ilapo Soowiiraana anikhaliherya miteko soolima ni ipakhira sa mittetthe soohikhala sa mpooma oMosampiiki.,0,0,0,1,0,0
emakhuwa_4_00182,Anamaxekurya annikupaleela ekoopa oParasiili,0,0,0,1,0,0
emakhuwa_4_00183,Eparalamento mosampikaano ehaakhulela Mwiiwananelo wa Murettele,0,0,0,2,0,0
emakhuwa_4_00184,"Alaleerya Ihapari anihoolela mikuthakutho yiirelaka olaleya sa amwaathanle mMosampiikhi, enihinya entitaate",0,0,0,0,2,0
emakhuwa_4_00185,"""Othaanyana mwaha wa nikhuli  tinetthu emoosa eneemexa Elapo ahu"" onihinya Antoropooloka  parasileera Lilia Moritz Schwarcz",0,0,0,0,0,0
emakhuwa_4_00186,Ewiriiphi oVenesuweela: enirowa okhala mahiku makavi?,0,0,0,0,2,0
emakhuwa_4_00187,"Ankoola okhalana ""wiilipiha wii oxiitta""muhina mwa ihakhi sa apinaatamu, anihinya murumeyi a ONU",0,0,0,0,0,0
emakhuwa_4_00188,Ferroviyaariyu a oMaputu ooxinttiwa ni Patiriyotisi wa Ruwanta ni ookusya orowa ohoolo wa meyiyas-finaale,0,0,0,0,2,0
emakhuwa_4_00189,anamwiixinla anikhanyererya okumuhiwa anamwane oFukuxiima,0,0,0,0,0,0
emakhuwa_4_00190,Fereliimu onimoothererya Renaamu wiira onivira wiivaka ni wuulumelelaka.,0,0,0,0,0,0
emakhuwa_4_00191,kaana: Elatarato ntoko ekaruuma yooxuttihiwa manamuna amukhalelo,0,0,0,1,0,0
emakhuwa_4_00192,Freliimu oniwehaweha ololiwa mmwaatthanle Wamphula,0,0,0,1,0,0
emakhuwa_4_00193,Nikhuru na LGBTI enitthikela ohukhuumwa nuumala iyaakha 20 okhuma vaavale vataphuleliwa aya ohiirela mpantte wa ekhiriime wa othelaana alopwana wala athiyanaru Wekwatoore,0,1,0,0,0,0
emakhuwa_4_00194,Amusi a atthu yakhumelenle yotakhala ya Uixe annivekela exariya,0,0,0,0,2,0
emakhuwa_4_00195,"Otaphuwa wa masomelo ni ophavela osuwela, oloherya wala ekeekhayi?",0,0,0,0,0,0
emakhuwa_4_00196,Ihantisi soohisuwanyeya sa wUrukwaayi: manamuna aximaayi ni axipiipi anaarowela alipo ohaaxiwa a ekhotto Yoorirya,0,0,0,0,0,0
emakhuwa_4_00197,Bill Kosby okukhumuliya mukhatteya iyakha tthaaru mpakha iyakhu nloko mwaha wo otuphela,0,2,0,0,0,0
emakhuwa_4_00198,Kampooxa: mwaakiho okhanyereriwa ni ohukhuumwa oraruwo,0,0,0,0,0,0
emakhuwa_4_00199,''Ohaawa onnirowa otepa elapo ela ya Mosampiiki'' olavula mukhulupale yoola onoonaxaxa itthu sineetta  mmuttettheni.,0,0,0,0,2,0
emakhuwa_4_00200,Anamurwa oohitthuniheriwa annookhwa mmaasini oMosampiikhi,0,0,0,0,2,0
emakhuwa_4_00201,"Gianni Infantino, nsina na namphira wa ekuru yoola otthikha ilapo sokhopela.",0,0,0,0,0,0
emakhuwa_4_00202,"Ohaaxiwa, maPhalps ni maKupaanu anceene anihiya",0,0,0,0,0,0
emakhuwa_4_00203,"Eviitiyu: Maluuxu ammuuro Urukwaayi:"" khareeranxe,  khatepanxa okweeya esisapo",0,0,0,0,0,0
emakhuwa_4_00204,"Aakhala walani naari maihatista oKaapu Telkaatu? Enitthunela ohelela tho, onitumererya purusoora Liazzat Bonate",0,0,0,0,0,0
emakhuwa_4_00205,Josina Machel  variyari waari athiyana 100 otepeexa ottittimiheya a  eyaakha ya 2020,0,0,0,1,0,0
emakhuwa_4_00206,Amwaavano omosampiikhi antthikela akhalaka oopwanyiwa vanceene woohikhalana muteko.,0,0,0,0,2,0
emakhuwa_4_00207,"""Muhaaruuhe tho anooriipe mumphirani mwaka"", oolavula Sterling",2,0,0,0,0,0
emakhuwa_4_00208,Dhlakama oniira wiira onirowa weettiherya iporovinsiya mweeri wa Maarusu,0,0,2,0,0,0
emakhuwa_4_00209,Ole oniwaakiha mapurusoore ooMosampiikhi oomaalihiwa emaara waatthikelaawe osommwa Wamphula,0,0,2,0,0,0
emakhuwa_4_00210,Dhlakhama ookhotta mulattulo wa Filipe Nyusi.,0,0,0,0,0,0
emakhuwa_4_00211,Epwaro ya milattu ya Kapu Telekatu eniira ennasuwela anakhotto a oMosimpowa,0,0,0,2,0,0
emakhuwa_4_00212,Fatima Samba Diouf Samoura  wa elapo ya Senekaali oothalinwa  wi akhale sekeretaari wa nikhuru na Fifa.,0,0,0,0,0,0
emakhuwa_4_00213,Ilapo Soowiiraana sa w'Ameerika soolikanana okhaliherya ovaaneliwa murettele wa Mosampiiki,0,0,0,1,0,0
emakhuwa_4_00214,Enincererya nuumeru sa ikhirimi soohupuwelela oManika,0,0,0,0,3,0
emakhuwa_4_00215,Muxovo wa otaaka oniixiiliha mwaha waekwerere ya chikungunya,2,0,0,0,0,0
emakhuwa_4_00216,""" Oporutukaale  onniwiwawo okathi wotheene esipo ya Okaapu-Veeriti"", alavulaka Celina Pereira.",0,0,0,0,0,0
emakhuwa_4_00217,Etekonoloxiya Eyaapelano wiireliwaka tovioximu Ampiyentaale,0,0,0,0,0,0
emakhuwa_4_00218,Ahokotthiwa namarehererya athola-thola orumeela wa asomi a Ayotzinapa.,0,0,0,0,2,0
emakhuwa_4_00219,Joe Biden onilopola Ekonkereeso ophunyaphunya owehaweha otumihiwa wa akapwitthi,0,0,0,0,0,0
emakhuwa_4_00220,COVID-19: eParalamento ya mmosampiikhi yoolamula murweelo mukina wa niinaano wa  eSitaatu ya eMerexensiya.,0,0,2,0,0,0
emakhuwa_4_00221,Imperensa ewuropeyiya ennixeliha mutthikelo wa CR7.,0,0,0,2,0,0
emakhuwa_4_00222,Axineene a elapo ya Mosampiikhi ahavara atthu 20 mwaha woovonyola mithale,0,0,0,0,0,0
emakhuwa_4_00223,Masiviili ookwa mwaha wa ohaaxiwa mmekhuuluni Waninaano yaarisa alipo ohaaxiwa ni makaari masya a Trump muttetthe Wafikanixitaawu?,0,0,0,0,2,0
emakhuwa_4_00224,Bahrein: Anawiixinlihe atupweelasa  muXiripitaale Salmaniya,2,0,0,0,0,0
emakhuwa_4_00225,Antony Blinken ohemereeriha nikhuuru na ilaapo paaltiikuwi  wi  akapwiitthi a  ilaapo sa EUA aveleeheriweke ukaraaniya .,0,0,0,0,0,0
emakhuwa_4_00226,Atthu yaala iiyale nttetthe wa Mao Tse Tung mmoosa onaakanyeriwa okhala puluusa.,0,0,0,0,0,0
emakhuwa_4_00227,Mateus Esteita onnilokiherya ni wiirela mpantta Webinars soovirikanasa wiira osuweleke ni waalipiherya amiravo,0,0,0,2,0,0
emakhuwa_4_00228,Iraa: Mapolokeero onanarasiwa ni yoovaha ya Ruusiya,0,0,0,0,0,0
emakhuwa_4_00229,Ekhotto ya osiiriya vookhala voowatta yoheliwa muwarakhani mwa ehantisi- ni nleelo siisa ninisuwela vakhinyeene mwiyeeyo.,0,0,0,0,0,0
emakhuwa_4_00230,Ekerexa Katoolika ya Omosampiiki enuupuwelela mwaha wa nakoso aatthu,0,0,0,0,0,0
emakhuwa_4_00231,Amiraavo athanu omosampiikhi a owokootthina ocuhaanexipurukhu,0,0,0,0,3,0
emakhuwa_4_00232,Ilapo Soowiraana sa w'Ameerika (EUA) sihittottopela ni ehapari enihimya wiira Mosampiiki soomaala ikapwitthi.,0,0,0,2,0,0
emakhuwa_4_00233,Athu 2 okwa ni athu anceene ovulala elapo ya oKine Pisawu mwaha wa ekotto.,0,0,0,0,3,0
emakhuwa_4_00234,Alipo owaniha ekhott akhalayi anoopopiha ni nihasu viira ahiwiriyanasiwaka  ni mukhulupale Guebuza,0,0,2,0,0,0
emakhuwa_4_00235,Mattaava oopacerya annirimeela oSawu Tome Prinsipi,0,0,0,0,2,0
emakhuwa_4_00236,Iyaakha 50 wa weettiherya wa nameekhaawe oParasiili: Matata ni mmayithoni mwa mafaranseexi  mohaxiwani moparasiili,0,2,0,0,0,0
emakhuwa_4_00237,Moota xeeni ninnrowaahu oruuha maluuxu para atthu imilyawu 620?,0,0,0,0,0,0
emakhuwa_4_00238,"Akoola Faala so-Orwa wa mameetiku okuupa"" ti nakooso""",0,0,0,0,2,0
emakhuwa_4_00239,"Cristiano Ronaldo, , the best 2016",0,0,0,2,0,0
emakhuwa_4_00240,Anamaruwerya kharina mapuro ootumiha epwiri.,0,0,0,0,1,0
emakhuwa_4_00241,OSawu Tome Pirinsipi onnilaxeriwa Jose Aragao,0,0,0,0,0,0
emakhuwa_4_00242,Atthu oParasiili annikupaleela okumiherya manyakunyaku wampwaheryo wa meera a miteko samphira a molumwenkuni.,2,0,0,0,0,0
emakhuwa_4_00243,Hacker oomutuphela weepisaayiti a okanoni wa elapo ya mwaathanle oMosampiikhi,0,0,0,0,0,0
emakhuwa_4_00244,Exiitu Teroriixilu moonelo wa mwaana mmosa,0,0,0,0,0,0
emakhuwa_4_00245,"Elapo yo Wameerika ni oTurukiya aniwanana ovukulela owana-wana muttetthe wa Ankara, oSiiriya.",0,0,0,1,0,0
emakhuwa_4_00246,Amwaavana ari ottayiwene wa mapuro sinkhuma miruku soomaliherya wa Afrika,0,0,0,0,2,0
emakhuwa_4_00247,BAL: Feroviyaariyu OMaputu tipani,0,0,0,0,0,0
emakhuwa_4_00248,Ewuroopa ni mutikiniho wa anamurwa: wa ale animwiira nakoso oohitthuniheriwa ni anamatthyawa ekhotto.,0,0,0,0,0,0
emakhuwa_4_00249,"Imilyawu sa masalavatoryanyu animuhoolela KOVIIT-19 , vohimaasi ale anivira wii anyayiiweke",0,0,0,0,2,0
emakhuwa_4_00250,Iya awe josina machel yoola akhalayi otthukeliwa mwaha wahooxa athiyana.,0,0,0,0,2,0
emakhuwa_4_00251,Ankoola onirowa warooha nnakhalaka  ikooto piili sa atooropa muttetthe wa Erepuupilika Senturu -Afirikaana,0,0,0,0,0,0
emakhuwa_4_00252,Emeeturu ya oSawu Paawulu ennitthikela ni manyaku-nyaku ni masupayi annaakhoottiha ale aninyakuliha,0,0,0,0,0,0
emakhuwa_4_00253,Furasawu alema onnimukumiha Porutukaali,0,0,0,0,1,0
emakhuwa_4_00255,Benjamim Netanyuha ohootheriwa opaka ekiriki ya ekhotto,0,1,0,0,0,0
emakhuwa_4_00256,"Aniano Tamele: Wanamwi wonaneyaka ohuvahuva ni ohaawa, axithiyana a Mmosampikhi annakhapelela anaaya.",0,0,0,0,0,0
emakhuwa_4_00257,COVID-19: okhwiya ni oraviya wa ilapo sa oMosampiikhi ni wAngoola,0,0,0,0,3,0
emakhuwa_4_00258,"Ipeerya, muthinto a isiipo sa oKaapu Veeriti, soothatuwa ikaruma sa elapo.",0,0,0,2,0,0
emakhuwa_4_00259,Filipe Nyusi omphavela okumanasa ni Dhlakama masi omphavela wonaneya mureerelo,0,0,0,2,0,0
emakhuwa_4_00260,"'Ekhotto wa itorooka onihoolela yooloha, ni ohapuwa wa Filipiina Wii otakaaherye ni TPI",0,0,0,0,0,0
emakhuwa_4_00261,Kariixa: Eviitiyu- elemeliho na iyaakha 25 soohikhala,0,0,0,0,0,0
emakhuwa_4_00262,Dhlakama ohiiniha epaala  mmukumaaneloni musya.,0,0,0,0,0,2
emakhuwa_4_00263,Diego Armando Maradona: Wa moolumo oluluwana ni okhwa wawe ni osikhiwa wa nsina na elapo oKasa Rosata,0,0,0,0,0,0
emakhuwa_4_00264,Ilatarato: Etooroni enimukuxa mwaapomphe emurowihaka mwikisiiro wakhalayi ya oVanuwaata,0,0,0,2,0,0
emakhuwa_4_00265,Eteteere elaleenrye ikuuru ni othuuku wa elapo ya Meexiku,0,0,0,0,0,0
emakhuwa_4_00266,"Diego Maradona: "" FIFA ti mmumulelo wa makoruuputu""",0,0,0,0,0,0
emakhuwa_4_00267,Asoomi Okoosya otthukwasiwa nuumala wookupari eseeti ya sakarataari a miteko Soosoma,0,0,0,0,2,0
emakhuwa_4_00268,Alipo ookhalana aviixitu H4 anikhoottihiwa opwanya muteko muhina mwa ilapo Sa EUA,0,0,0,0,3,0
emakhuwa_4_00269,Anamaatthara aamuttyawa MDM,0,0,0,0,0,0
emakhuwa_4_00270,Athakhali a nlaka namamwisilamu ahimya wi awokottha masurutaatu oKaapu Telekatu,0,3,0,0,3,0
emakhuwa_4_00271,Ilapo sa Wiiraana aahiya otthara Mwiiwanano Muntiyaali wa anamatthyawa ekhotto ni Anamurwa,0,0,0,0,0,0
emakhuwa_4_00272,E.U.A oxankaseene mwaha wa oluttelelana wa Arimeeniya ni Iram,0,0,0,0,0,0
emakhuwa_4_00273,Angoola ni Mosampiikhi onrowa wuraana mwaha wa kamintifero.,0,0,0,2,0,0
emakhuwa_4_00274,Ilapo Sowuraana ni Kuupa anattanmanasa,0,0,0,2,0,0
emakhuwa_4_00275,Ennincerereya ikuru sootakhala makampo wa imphira wamphula.,0,0,0,0,2,0
emakhuwa_4_00276,"Hothe ni Muhooleli onithokela mukhaleelo wa epiicemeenti, ‘Emuusi ya Omweene’ oniphavela opaka emoosa ‘Game of Thrones’  wi vakhume etthu",0,0,0,0,0,0
emakhuwa_4_00277,""" Khanihiyo amuusi amosa onithanyo ""Piriisipe William",0,0,0,0,0,2
emakhuwa_4_00278,Ekwatoore: Okurumula ehamela ti yoromoola enivirikanyihasa Nlamuulo niisya na Ekixitituwisawu,0,0,0,0,0,0
emakhuwa_4_00279,Metalyiixita a Weetiyoopiya oniira wiira onnoova otthikela elapo awe,0,0,0,0,2,0
emakhuwa_4_00280,Epwepwetthe ya KOVIITI-19 enikacamiha voohiloka ihakhi sa ikaruma sinamuttapunyiwa muhina mwa Apaalaka,0,0,0,0,1,0
emakhuwa_4_00281,Kapo Veeriti: Muuraano wa Omiiserya vamosaru ni Uniyaawu Ewuropeeya,0,0,0,1,0,0
emakhuwa_4_00282,Iya ekhumelenle noomala muratti mmosa owooneyaxa okathi wahasariwe awe mmukukuttani mwa anamunceene oPeru,0,2,0,0,0,0
emakhuwa_4_00283,Atthu eriyari ya maparasileyiro ari oohittuna Olimpiiyata.,0,0,0,0,2,0
emakhuwa_4_00284,"Cristiano Ronaldo, namattikhexa muulupale molumwenkuni wa ikwaha ttaaru",0,0,0,2,0,0
emakhuwa_4_00285,Asuweli a mihakhu oMosampiiki anaakiha opakiwa eFuntu Superaano,0,0,0,0,0,0
emakhuwa_4_00286,Alipo a Wankoola oxaka eene vamoosa ni yookhala othoowa wa  mireerelo siilyiiwa soosukiwa.,0,0,2,0,2,0
emakhuwa_4_00287,Anmwiipi a elapo ya Ankoola annivekela ''travao'' wi iipe ecipo enilavula namuna soothelaana.,2,0,0,0,0,0
emakhuwa_4_00288,Ilimaleelo sa iyapeelano sa oPulukaara ntoko inamuna soottikiherya Sowuupuwela sa ephattu: iphaace soliyaliwa sa piipi ikuluuttu ya Antimovo,0,0,0,1,0,0
emakhuwa_4_00289,"Cristiano Ronaldo, Poola a eWooro wa 2013",0,0,0,3,0,0
emakhuwa_4_00290,"Amiravo ahaana waakhulelaka ohoolela Waafirika, onnihimya namyiipa ooSimpwaapwe Thomas Mapfumo",0,0,0,2,0,0
emakhuwa_4_00291,Ataake anithonyeriwa anamuteko a okumi onxankiha Empaxaata ya Ilapo Sowuraana sa Ameerika Omosampiikhi .,0,0,0,0,2,0
emakhuwa_4_00292,Covid-19: Nyusi onilokoha exitaatu ya emerecensiya oMosampiiki,0,0,0,0,2,0
emakhuwa_4_00293,Trending: Bobby Bonilla; Canada; Donald Trum; kylie Jenner,0,0,0,0,0,0
emakhuwa_4_00294,Athiyana anihimya makhwankwa mmateenitaate ni ya Wamphula,0,0,0,0,2,0
emakhuwa_4_00295,Axitokweene a molimwinkuni ankhalela masikho a Kofi Annan,0,0,0,0,0,0
emakhuwa_4_00296,Ankoola: Anamatumiha anihoolela okumi woovila vamosa ninttittimiho ni erooho,0,0,0,0,0,0
emakhuwa_4_00297,Iraa: Empayixaata Piritaanika oTeeraa wootupheliwa,0,0,0,0,2,0
emakhuwa_4_00298,Ankoona ni Mosampiikhi anithoonyiwa wi onyohola ihukhuumu mmatataani  Koreeya onooroti.,0,0,0,0,2,0
emakhuwa_4_00299,Othowa muhakhu Weewuropeeya– maamala yoomaliyerya ekeekhayi ti mulaattu,0,0,0,0,0,0
emakhuwa_4_00300,Anamataphuliwa Internasiyonali nnaalevelela atthu ninvekela okhupaareliwa Nyusi wa namuwehaweha moothiyana ootuthuwa.,0,0,2,0,0,0
emakhuwa_4_00301,Eeiyari ya atthu a olumwenku anrowa omwiiwelelaka imphira a muntiyaale.,0,0,0,2,0,0
emakhuwa_4_00302,"Fernanda Samuel a wangola namaxintta a ethutu ya ""Anamiravo Olola a Elapo 2020"".",0,0,0,0,0,0
emakhuwa_4_00303,Frelimo khanikwakwannya ni mihooleli sa okathi wa Guebuza,0,0,0,0,0,0
emakhuwa_4_00304,Cine Holliúdy: ekomeetiya mwa “cearês”ti mwiriira a epilyetaariya ya oParasiili,0,0,0,1,0,0
emakhuwa_4_00305,China onikhuma ololaka woomwatani ni Mosampiikhi,0,0,0,0,0,0
emakhuwa_4_00306,Exiripitaali taya Wankoola inuuleliwa,0,0,0,0,2,0
emakhuwa_4_00307,Ikiipa sa Afirika khipacenre saana mmuphirani wa Ilapo sotheene 2018.,0,0,0,0,2,0
emakhuwa_4_00308,Interneeti ya wUkaraaniya pooti wiilipiherya otupheliwa wa okaathi oowaatta ni okurumuuliwa ni Ruusiya?,0,0,0,0,0,0
emakhuwa_4_00309,Interpol onoothola itthu soowaniha wa yookhumelela wa Olumwenku.,0,0,0,0,0,0
emakhuwa_4_00310,Ovolowa wa Exitaatu Uniitu enaakanyerya ikumi sa mukuwoni a Makupaano,0,2,0,0,2,0
emakhuwa_4_00311,Anamawehaweha aavaanyiha moonelo woororomeleya wa poliisiya oMosampiiki mwaha wa mmaaleleyo wa oKapu Telekaato.,0,0,0,0,0,0
emakhuwa_4_00312,Amuusi aniroweela osuka sowuupuxerya sa namuteko ookottiwe okathi wa evaraakaka ya oParasiili,0,0,0,0,3,0
emakhuwa_4_00313,"Eteeni yeela epakiwe yohaaruheela ohaawa atthu owaatta, alavulaka nnsomi mmosa.",0,0,0,0,0,0
emakhuwa_4_00314,Greta Thunberg oniphiya oMatiriiti ni onireherya muhupi a mahooleli eelapo ya okohaxaxa wa ovirikanyiha,0,0,0,0,0,0
emakhuwa_4_00315,COVITE-19: Peresitente Oparasiili oolivihiwa muuluta mwaha woohinwara nancaca.,0,0,0,0,0,2
emakhuwa_4_00316,Anamurwa aninyaanya elapo yooKaapu Telkaatu em mwaaxenta wa Macron waaxukuraawe Wafriika ti Suuli,0,0,0,0,0,0
emakhuwa_4_00317,Kaapu- Veeriti: Apatatooya anitthikela wuncereriwa. Mwaha wa exeeni?,0,0,0,0,0,0
emakhuwa_4_00318,Exipaanya onilipiherya okhala oolikana wiira ovahe mukhaliho awe natoropa wiirelaka ekhotto yomalamaliha miriira sa alipo onoopopiha muttetthe Omosampiikhi,0,0,0,2,0,0
emakhuwa_4_00319,Epaako yoopacerya ya eleeti ya oPankalateexi enooniherya mixankiho vahinatthi opaceriwa,0,0,0,0,1,0
emakhuwa_4_00320,"Fuminho, nasuusukhi , namatumiha oparasiili a ipyo sohapala, otthukiwa oMapuutu.",0,0,0,0,0,0
emakhuwa_4_00321,' Othapela othelaana' variyari va Upeer ni anamarumeela awe oophiya wookhiseryanio Meexiku,0,0,0,0,0,0
emakhuwa_4_00322,Kiine Piisawu: Otapweleliwa ya Elaapo ni muteko wa anakhotto a Wankoola,0,0,0,0,0,0
emakhuwa_4_00323,"Omosampiikhi: Ohookhwa Zeca Tcheco, ole onoopa oosuwelaxiwa elapo eyo",0,0,0,0,2,0
emakhuwa_4_00324,Filipiina: Maapha ooweha-weha inamuna sooraviwa ttenki,0,0,0,0,0,0
emakhuwa_4_00325,Cristiano Ronaldo oniphwanyaneya atholatholiwaka mwaha wa eretta ya Koronaviiru.,0,0,0,0,0,0
emakhuwa_4_00326,Carlos Agostinho do Rosário miniixituru-oopacerya vasyaa,0,0,0,0,0,2
emakhuwa_4_00327,Kiine- Piisawu: maluutte variyari va nikhuru na anakhotto ni namatumiiha asoona?,0,0,0,0,0,0
emakhuwa_4_00328,"""Okhwa etthu anlipelelaya atthu ootheene, maxi okhala okathi ohanle na nihiku nanyu khahiyo,"" Vanessa Bryant",0,0,0,0,2,0
emakhuwa_4_00329,Amphiira a itthuvo otookhoyu: nthoonyeryo nimoosa nnaakawanya anamuttettheni maxapuneexi,0,0,0,0,0,0
emakhuwa_4_00330,"Esekretu saka othipelela ni olikanyiha itthu sinhimaaka ni sinlavulaaka, oohima saxofinista a oMosampiikhi Otis.",0,0,0,1,0,0
emakhuwa_4_00331,"Cristiano Ronaldo, poola a ewooro 2016ya Franse Football",0,0,0,3,0,0
emakhuwa_4_00332,"Maativiixita Mankolaanu anitthukelasa owaleeliwa ni wiitaphula waya, mpakha o ekathi onirowa olokeela  yoolemeleela?",2,0,0,0,2,0
emakhuwa_4_00333,Amusi mamosampikaana aniirela ikontha woomalani wuncereriwa kaaxi.,0,0,0,0,0,0
emakhuwa_4_00334,Intiiya: Kaxemiira: wa maluku oovonyiwa mphaka ipwepwetthe sa muFeyicipuukhi,0,1,0,0,0,0
emakhuwa_4_00335,"Exiitu : Ahookwa atthu athanu  oParaasa ya Otahiiri, ipwepwetthe sinivoolowa nihiku na 10",0,0,0,0,0,0
emakhuwa_4_00336,Anamuteko a oxipooroni a oSawu Pawulu aapacerya opaka ekereve yoohimala.,0,0,0,0,0,0
emakhuwa_4_00337,Daviz Simango onivekela ereferentu wa okawanya epooma yaneyiili ya elapo.,0,0,0,0,0,0
emakhuwa_4_00338,Capaawu: mattava mathanu ni mararu anoopopihewa muhina mwa nikhuru na ikisiro sa oxapaawu,0,0,2,0,0,0
emakhuwa_4_00339,Aximwaali  owemelela ahukhuumwa  imaara vaili .,0,0,0,0,0,2
emakhuwa_4_00340,"Alipo ohiya mittetthe saya  wala atuuphe mukano  atthu omosampiikhi  ari Afiriika ti Suuli, ari vathi va ilataraato ya okhanyereriwa olovoliwa attikiheriwaka owaani.",0,0,0,0,2,0
emakhuwa_4_00341,Ankoola: Ohasariwa Teputaata a eparitiitu eri omweene,0,0,0,0,2,0
emakhuwa_4_00342,Alipo ari maxipesiyaliixita anikaasopa yoothananiha eri ekanaale ya oXitapuuli enookarakanyula mukhaleelo wooreerela ni enoohula ekaaxa ya ePantoora ya Xeyopuliiitika,0,0,2,0,0,0
emakhuwa_4_00343,Ithaatuwa annikhumelela mwa ananakoso a mapantta,0,0,2,0,0,0
emakhuwa_4_00344,CAN ompacerya olelo okhamparawuni OKaapu Veerti ori mmitekoni,0,0,0,0,0,0
emakhuwa_4_00345,"Ehaali ya ihkhi s'apinaatamu oMosampikii eri yoowalamela, oohimya Alice Mabota",0,0,0,0,0,0
emakhuwa_4_00346,Ankoola: Namalaleerya omanakasiwe waattamela epuruma puruma,0,0,0,0,2,0
emakhuwa_4_00347,Akhulupale a nikhuru na exariya ''anniroromeliha'' wi milatthu sa eteeni yeele yoohisuwaneya sinoorowa ophukiwa.,0,0,0,1,0,0
emakhuwa_4_00348,Biden onikhotthiha oruuhiwa petarooya ni kaaxi a Oruusiya,0,0,0,0,0,0
emakhuwa_4_00349,"Afalume khamphavela owehawehiwa wa miteko saya, aahimya mateputaatu a nlaka na mmuttettheni mwa Afirika.",0,0,2,0,0,0
emakhuwa_4_00350,Alemaanya: Ekampaanya “ Miyo kiniphavela Ewuroopa ” ti okhootteliwa wa Miitiya Sosiyaale,0,0,0,0,0,0
emakhuwa_4_00351,Muteko wa anamapaka itthu soopwatthiwa ooParasiili annikhala osulu oMaputu,0,0,0,2,0,0
emakhuwa_4_00352,Azagaia:  Reepi Onyakuliha Mosampiiaano ohithamiha muwa noovira manyaka muhina ma televisawu,0,0,0,0,2,0
emakhuwa_4_00353,Estaato ya Teekisa yovekeela wi Etiripunaale Supereemu ettiyeele ivootu sa Ixitaato xeexe.,0,0,0,0,0,0
emakhuwa_4_00354,Eliivuru ya Ungulani Ba Ka Khosa eliivuru emphwanyaneya eriyari ya 100 sootepa sa iromanse sa waAfrika ya eseekulu. xx,0,0,0,3,0,0
emakhuwa_4_00355,"Anamwaane oviikana ikooto  imiiya 350 anipwaanela ovahiwa mukhaliheryo mukhaliheryo a mukakuve Okaapu- Telekaato,osuweeliha muthenkeeso Save the Children.",0,0,0,0,2,0
emakhuwa_4_00356,Anammuttettheni anniixinla ni ohikhaliwa omuro wa Oxaneyiru,2,0,0,0,0,0
emakhuwa_4_00357,Arakwaayi: Othanyana sa oMiitiya Iternasiyonaale iraneyaka ekoopa ya Olumweenku,0,2,0,0,0,0
emakhuwa_4_00358,EUA oolaleya inokusawu KOVITI evinreene vasina ya ovareliwa emerexenciya,0,0,0,1,0,0
emakhuwa_4_00359,Venesuweela: ilataraato soowaliwa muhina mwa Tuwiiteri anaamwi manyakunyaku atthikelaka,0,1,0,0,0,0
emakhuwa_4_00360,"Iraa: "" Kuveerunu a EUA olipiheryaka omwalaniwa""",0,0,0,0,0,0
emakhuwa_4_00361,Anamuteko OMosampiiki orootthukasiwa mwaha wootumiha maluku yaale anikhwa musurukhu wowaatta.,0,2,0,0,0,0
emakhuwa_4_00362,Ehukhumu ya mulipo ocakhela Opariixi enoorowa olaleeriwa mweeri wa nexeexe,0,0,0,0,0,0
emakhuwa_4_00363,COVID-19: Mukhulupale a nlaka na Kamara oNova Yoriki onnopopiheya ni muthinto mmosa wothowela wa mwaaxitthu,0,0,2,0,0,0
emakhuwa_4_00364,"""Khanimambo"" -  Esipo ya niinaano ya  Moreira Chonguiça",0,0,0,0,0,0
emakhuwa_4_00365,Atthu Omosampiikhi Wafiriika ti suuli vohiroromelo mwaha wa ewarakha ya erumeeliwa ekwaha ya okhopeela,0,0,0,0,2,0
emakhuwa_4_00366,Eporoxeeto esya ya opuro oneemela apakiti yoolipiheriwa ni Xiina enihoolela alipo okhoottela wanamuttettheni a ikuluuttu iye ni mekoloxiista oPeru,0,0,0,0,0,0
emakhuwa_4_00367,Ehaamu  ehakamela miteko sa turiiximu omosampikhi,0,0,0,0,0,0
emakhuwa_4_00368,Ameerika Latiina: Axithiiyana anitthimaakela ikiniinu sa ipiiluula sinkurumula  ehaamela mwaha womoova  mwaxiitthu siika.,0,0,0,0,0,0
emakhuwa_4_00369,Ceyooriciya: ekhotto oSetiiya tiSuuli,0,0,0,0,0,0
emakhuwa_4_00370,Ankoola: Anamasipo ari vamosa ni alavilavi,0,0,0,0,0,0
emakhuwa_4_00371,"Best Blogs Parasiili: Anamalola oothaaliwa ni ejuuri, anamunceene ni hackers",0,0,0,0,0,0
emakhuwa_4_00372,"Trending: ""oNixeeriya"" variyari wa masu anikohaxaxiwa vanceene oKuukili",0,0,0,0,0,0
emakhuwa_4_00373,COVID-19: Pooti okhwa namwane imiya thanu ni mosa nihiku nimosa sa miyeeri thanu ni mosa sinirwa,0,0,2,0,3,0
emakhuwa_4_00374,Isisapo soowela Inyampaani,0,0,0,0,0,1
emakhuwa_4_00375,"Anamwane""ahinooneya""  anookwasa mmatatani mwa elapo ya maxileeno",0,0,0,0,3,0
emakhuwa_4_00376,"Alipo aneettiha ipakhiira a wankoola ohiya oliviha nimwaleyo mukhalelo wa Kovit-19, okhanyereriwa""oliva ikonto thana moosa sa ikwansa .",0,2,0,0,0,0
emakhuwa_4_00377,Guterres Omosampiikhi ni otekiwa tho nuuvira amwanamukhaya mwacentani,0,0,0,2,0,0
emakhuwa_4_00378,"Eviitiyu:"" Aleesa anivaarasa muteko wiira akhwe"", ekwereere yootikiniha ehiiva mmihalini mwa wAmeerika Senteraale",0,0,0,0,3,0
emakhuwa_4_00379,' Athiyana yahikhala Okhalana nttittimiho' ni ikinaku siiri Miruuku sini wii kuukele omaleliheke mukhawe,0,0,0,0,0,0
emakhuwa_4_00380,Etiyoopiya : Tiithi a Jazz Etiiyopi tonittittimihiwa,0,0,0,2,0,0
emakhuwa_4_00381,Faransa: atthoro anilyihiwa nakhuwo oopittikuxiwa onninnuuherya wiipiwa vanceene,0,0,0,0,1,0
emakhuwa_4_00382,Esiisi emosa eniwela mmwirini: Mwene ohisilimu oniinlipiherya muwakmeliwani napiliisa oRiiyu ti Caneero,0,0,0,0,0,0
emakhuwa_4_00383,FIFA ni UEFA ahiiha elapo yo Ruusiya okhalela mixinttaano sa mphira.,0,0,0,0,0,0
emakhuwa_4_00384,Anamaweha a mMosampiikhi anihimya wiira Kuveerunu ohaana waaleeliherya atthu sa misurukhu sookomphwa wa mananna oovitheya.,0,0,0,0,0,0
emakhuwa_4_00385,"Ivinreene iyaakha emiiya emosa, Namiipiya oniphavela Exariya ya Alemaanya mwaha wa mukutho Opacerya awe",2,0,0,0,0,0
emakhuwa_4_00386,"Ilapo ntoko Mosampiiki, Kooxita ti Marufi ni Zampiya soohaano atthu okhalana musurukhu wowaatta.",0,0,0,0,0,0
emakhuwa_4_00387,Guterres onivekela irefooruma wa ONU ni wiira amahoolela yiiwe okhuwela w'apoovu,0,0,0,2,0,0
emakhuwa_4_00388,"malavulelo a efaranseexi: Ntoko eviinyu yooyootta, mweehereryo a twitter onikhala yoreerela ni okathi",0,0,0,1,0,0
emakhuwa_4_00389,Ereetta yothoowa  yomwarela mmittetthe  Piriisipe,0,0,0,0,2,0
emakhuwa_4_00390,Asomi a oxikola suulupale mamexikaanu anipaka ekerevi mwaha wa Ehasara ya Ayotzinapa,2,0,0,0,0,0
emakhuwa_4_00391,Ankoola: iKaapu sookoteela matteeke Isya siniruuha manyakunyaku ni sowoothasiwa,0,0,0,0,0,0
emakhuwa_4_00392,eParalamentu ya Mmosampiikhi enikela olamula sa mwaathanlo esumana eyo enirwa.,0,0,0,0,0,0
emakhuwa_4_00393,Elatarato ya otho yookhoottihiwa mwa soowura siniruuhela ikuuru yoopattuxa ovaanyihana oMosampiikhi,0,0,2,0,0,0
emakhuwa_4_00394,ADI ompacerya ovaanela wiira opake eKuvernu ya yoothukumana elapo yootheene,0,0,0,0,0,0
emakhuwa_4_00395,"Trending: billie eilish, Kamala Harris, Jennefer Hudson",0,0,0,0,0,0
emakhuwa_4_00396,Reepi onnaalipiherya amiravo ooMosampiikhi wiira ahiye ohapaliwa ni ompaha soona,0,0,0,2,0,0
emakhuwa_4_00397,"Ekwarenteena onoorowa okumanyerya ehakhi ya okurumula ehamela oKoloopiya, onikupaleela ativokaata a Ihaakhi sapinaatamu",0,0,0,0,0,0
emakhuwa_4_00398,"""Yonipweteya ya vakhaani ya ePanta ya masu wa mukhalelo ahu"", masi annimunlela Carlos Burity",0,0,0,0,2,0
emakhuwa_4_00399,Akohikohi wa Senturu interenasiyonale ya kharaka yotthuveliwa ya eyolya ya Olumwenku,0,0,0,1,0,0
emakhuwa_4_00400,Tiithi Francisco onnixekurya oMosampiikhi mwaakha ola,0,0,0,2,0,0
emakhuwa_4_00401,"Axitokweene"" anikhuneelela"" okurumuuliwa ni mwaattelo wa anaakwa ikuluuttu ya Poorutu Riiyu",0,0,0,0,3,0
emakhuwa_4_00402,Ekoopa ya olumwenku: Anixitiya interinasiyonaale anivonye ekampaanya etthukwelaka okhootihiwa okathi  wa wiixinla oParasiili,0,0,0,0,0,0
emakhuwa_4_00403,Ankoola oomwinternasiyonalisari Kisompa,0,0,0,2,0,0
emakhuwa_4_00404,Joseph Blatter ni Michel Platini aahihiwa ovara mitekosaya iyaakha mithanu nu miraru wa Fiifa,0,0,0,0,1,0
emakhuwa_4_00405,Empa ya exariiya ya  omosampiikhi yomukhurunuwela namalaleerya  ehapaari mukhopela onthokoosa oxayiiwa vohithariheliwa ikettelo.,0,0,0,0,0,0
emakhuwa_4_00406,Efaapirika enipaka ixuyaari ennipittikuxa ekumi ya anamalima oTica,0,0,0,2,0,0
emakhuwa_4_00407,Trending: Mark Zuckrberg: PauloFlores; DonaldoTrump; Kardashians,0,0,0,0,0,0
emakhuwa_4_00408,Ankoola: musuuwele manamuuna xiini mitumereeryo mmosa a Kaveeruno Okhaale awe  opatthuxa otthowa muteko,0,0,0,0,0,0
emakhuwa_4_00409,Othowa wa epuliitiku ehiithipela oSan Tome Piriisipe,0,0,0,0,0,0
emakhuwa_4_00410,"Enoonaneya owela wa nkacamiho yoola woovekela musurukhu woohiphwaneleleya'', alavulaka nikhuru na Senturu ya Itekiritaati Puupilika.",0,2,0,0,0,0
emakhuwa_4_00411,"Covid 19 ""muxankiho wa elapo sotheene"" ohima muholelil awankola.",0,0,3,0,0,0
emakhuwa_4_00412,Efoorumula 1: Alemão Sebastian Vettel ooxintta etthuvo yuulupale ya oMoonaku,0,0,0,2,0,0
emakhuwa_4_00413,CAN 2021: Bissau onninvonyola penalitaati ni onalikana ni aSutawu,0,0,0,0,0,0
emakhuwa_4_00414,Estaatus Uniitus  oovaherera tho ihukhumo sootheene wooreryana ni Irawu,0,0,0,0,0,0
emakhuwa_4_00415,CAN 2021: Maxokatore  athanu ooKine-pisawu arina covid-19 anihala vate wa mphirya oopacerya a weeheririwa,0,0,0,0,3,0
emakhuwa_4_00416,Aleepi arumeela nttaava na ekunya anivuwiha  Jaime de Figueiredo,0,0,0,1,0,0
emakhuwa_4_00417,Ekhotto ya oXeyooriXiya: Mammeru Aanaakwa oTshkhinvali,0,0,0,0,3,0
emakhuwa_4_00418,Epanko yooMosampikhi enincererya etaaxa ya ixuuru,0,0,0,0,0,1
emakhuwa_4_00419,Cristiano Ronaldo oolola ni atthapeliwa ni mphira wa Wooru 2013.,0,0,0,2,0,0
emakhuwa_4_00420,Amerikaanu Rowan Moore gerety onnilaleya eliivuru mwaha wa oMosampiikhi,0,0,0,0,0,0
emakhuwa_4_00421,' Muthiyana - oorumeela: Nikhuru na solemphwa sothaleeliwa' onihinya Ninyoho nowanana athiyana ohisilimu ôta - wameerika,0,2,0,0,0,0
emakhuwa_4_00422,"""Masulutaatu a elavilavi"" aatthukelasiwa Okhilimani",0,0,0,0,0,0
emakhuwa_4_00423,Afirika: mukhuwelo mwa epakhiira Ohoolo wa Wuncereriwa Soophova wa Ootumihiwa Etthaya,1,0,0,0,0,0
emakhuwa_4_00424,"""Muthukumano opacerya""okhomoni wa okatti wa Obama""",0,0,0,0,1,0
emakhuwa_4_00425,Nakoso khonilola mumphiryani a Waafirika,0,0,0,0,1,0
emakhuwa_4_00426,Eminixiteeriyu ya Otthariha Milattu sa Atthu owaafirika wa okuusini enivekela mutthukweliyo woohimala wa alipa aniwiivakasa mamosampikaanu.,0,0,0,2,0,0
emakhuwa_4_00427,EUA oovahererya iporoxetu sammatta wasisapo ya  30 ikonto sa toolari,0,0,0,2,0,0
emakhuwa_4_00428,Alipa nakoso a turiiximu a oPilene animuhimyana nihoko Kuveerunu oMosampiiki ni ovukuwa wa anakoso,0,0,0,0,0,0
emakhuwa_4_00429,"""eTeera Sonampula"" a Mia Couto omerekaatu xineexi",0,0,0,2,0,0
emakhuwa_4_00430,Epulooku ya karanavaale enitthuna otthapela ihukhumu yapakiwe ni atumererri aanakhotto oParasiili,0,0,0,0,0,0
emakhuwa_4_00431,CAN 2021: Kwine-Pisawu ni Mawuritaaniya ti ikiipa simosa paahi sihihenle ikoolu wa ikiipa 24 saamuttikha mphira.,0,0,0,0,1,0
emakhuwa_4_00432,FMI ohaakhulela wuncareriwa isisapo ya kompoxitiivele oMosampiiki,0,0,0,1,0,0
emakhuwa_4_00433,Afonso Dhlakama onnilavula wi eparitiitu Renamo yohoona ekoyi mmwathanle  yoola ovinre elapo ya Wamphula.,1,0,0,0,0,0
emakhuwa_4_00434,"Eporoxeetu sosiyaale ennirowa waavarelela ni waasomiha atthu aalupale mmuttettheni wa Kaapu Veeriti, Alumaata ni Porutukaale.",0,0,0,2,0,0
emakhuwa_4_00435,"""Enkilipaana miyo onokhala Kopa Ameerika oPrasil"", ohimya Bolsonaro  ni avirikanamuupuwelo  anrowa ovikanayitthu sotheene",0,0,0,0,0,0
emakhuwa_4_00436,Boom imopiliyaariyu oLosanxele anoopopiha ihakhi ya okhala wa alipo ottyawela a atokweene ohikhalana etthu,0,0,2,0,0,0
emakhuwa_4_00437,"Jorge Soares Silva, namalolo wa ntthuvelo Literaariyu Arnaldo Franca ni onnoonaneya avaraka muteko muulepani.",0,0,0,2,0,0
emakhuwa_4_00438,Ikwaha sa iphareeya sa wAlupaaniya inihoolela okathi saanamexekurya wa eliimwe woovirikana mukhaleelo,0,0,0,0,1,0
emakhuwa_4_00439,Trending: Happy Kop Bryant Day!,0,0,0,0,0,0
emakhuwa_4_00440,"Dunga  ohomoliwa muteko, Tite ohana wasumir elinha",0,0,0,0,0,0
emakhuwa_4_00441,Axitokweene mosampikaana ahaatthukwela alupa ahapari oKaapu Telkaatu,0,1,0,0,0,0
emakhuwa_4_00442,CAN 2021: ale yakhweyihiriwe axinttale ni mammaru ooyevaxa.,0,0,0,0,0,0
emakhuwa_4_00443,Itorooni wAameerika sootuphela oLemen nihiku noottikhiwa Muhooleli,0,0,0,0,2,0
emakhuwa_4_00444,Rosa Roque: Anamapaka oowiiwanana pooti ohela osulu wa elapo woolimalela ya wankoola,0,0,0,2,0,0
emakhuwa_4_00445,Ipoopa -soohikhala mwa ohikhala ifaapirika sa oKuupa,0,0,0,0,0,0
emakhuwa_4_00446,Ithooni sa ohikhala maasi oKuupa,0,0,0,0,0,0
emakhuwa_4_00447,Anamaphavela a Waafirika  anikhala ooxenkereya mwaha wa mutotheliwo wa inama sookoottihiwa.,0,0,1,0,0,0
emakhuwa_4_00448,Eviitiyo enilaleya ohaaxiwa na masupayi oVenesuweela (nnakhala okhala oKolompiya),0,2,0,0,0,0
emakhuwa_4_00449,Ihapari soohiloka soluluwana ni kumi wa Marielle Franco sinaatta munterineetini nuumala wookotthiwa wawe,0,2,0,0,0,0
emakhuwa_4_00450,Othowa wa wunnuwihiwa wa epoliitika ya Venesuweela ennitutuxa owikhipeetiya —  ni yookhala yookuxerya onyaanyeriwa,0,0,0,0,0,0
emakhuwa_4_00451,Weettakasiwa mwaha wa otumihiwa wa  atthu oMosampiikhi,1,0,0,0,0,0
emakhuwa_4_00452,Blatter ohiisoomola.,0,0,0,0,1,0
emakhuwa_4_00453,Faraansa: Otthuvaniwa wa Niira na esineema mwa Ihaakhi sApinaatamu,0,0,0,0,0,0
emakhuwa_4_00454,Etiripunaali kwinensi eyaatthukwela mapuliisiya athanu ni mmosa mwaha wa waanyheriwa omwiiva pheresu mmosa.,0,0,0,0,0,0
emakhuwa_4_00455,Epanko VTB eniira wiira eroowokiwa ni Mosampiikhi mulattu sa sookopha soottukuttheriwa,0,0,0,0,0,0
emakhuwa_4_00456,Anamaweherya a miteko sosyakiha ihasara muramphani Mmosampikhi annvikela owehawehiwa wa miteko,0,0,0,0,0,0
emakhuwa_4_00457,Estaatus Uniitus ni ONU anvekela yoonihero ya parateyira sa tenista a oxiina Peng Shuai,0,0,0,0,0,0
emakhuwa_4_00458,"Aafirika ohaana oreeriha mpakeliyo wa iliivuru sa oxikola, enoopererya wa yoolempwa ya Unesco.",2,0,0,0,0,0
emakhuwa_4_00459,Amahoolele a w'Afirika anipaka nikhuro na nakoso ootthukuliwa,0,0,0,1,0,0
emakhuwa_4_00460,"Eminixiteeriyu ya wanamunceene, anikumiha ota opatthana wa waakanyerya oKaapu Telkaatu wa nikhuru na Al-Shabab",0,0,0,0,0,0
emakhuwa_4_00461,"Asuweeli anihimwasa wi"" Teroriiximu"" okaapu-Telekaato ohaana osuweeliwa manamuna osoomwa wawe.",0,0,0,0,0,0
emakhuwa_4_00462,Eyaakha emosa ya mwaathanle wiireliwaka munisiipiyu ya Sawu Paawulu muulupale Okhalana voophovaka  500 mwa sootekasiwa sikweele ni sopiseene.,0,0,0,0,0,0
emakhuwa_4_00463,Erepuupilika Temokaraatika ya Okhooko: Ekhotto enikukhumula wiilipiheryiwa viireliwaka okhupaareliwa ittikwe sa akhole,0,0,0,0,0,0
emakhuwa_4_00464,Anamakhaliherya mulavulo aniphiya enamayili wiira wanikumanoni wa Nyusi ni Dhlakama,0,0,0,3,0,0
emakhuwa_4_00465,Chikoti ohaakhulela wiira olosowa tonihonona opatthanana ni Mosampiiki,0,0,0,0,0,0
emakhuwa_4_00466,Esisapo ya ephaawu enoowela oMosampiiki okhuma meelo,0,0,0,0,0,0
emakhuwa_4_00467,Amasooniya ootepaxa: Apaaruku oweemexiwa ni mihaava soowaatta mmuru wa oTapaaco,0,0,0,0,0,0
emakhuwa_4_00468,Ekumi ya mutakhwani oMosampiikhi okathi tokathi yootepa oxankiha.,0,0,2,0,0,0
emakhuwa_4_00469,"Xapawu: Hayiti oniira pooti okhala wootepaxa pyeva, vootepaxa oxa",0,0,0,0,0,0
emakhuwa_4_00470,Ovya wa itthu suulupale onniphwanyererya omusewu wa nttaava na ekunya oSawu Paawulu,0,0,0,0,2,0
emakhuwa_4_00471,Wa otthara ya Waafirika: Oraruwa evitikeleliwe vapapheloni ya ovaha,0,2,0,0,2,0
emakhuwa_4_00472,Ekuluttu ya Ewuuru ni othoyiwa: Waakhula mMiitiyani anamuyariwa a 2011,0,0,0,0,1,0
emakhuwa_4_00473,"Exikola wuulupale ya oparasiili kheniphavela waalepiha anaxikhola  ooKiine Pisawu, anaamyi ayo akhalanneene itthu sootheene aniphaveliwa",0,0,0,0,3,0
emakhuwa_4_00474,"Araatti animukokhorela Cláudia, ookotthiwe ni opuruleliwa mpikataani mwiriira apiliisa",0,2,0,0,0,0
emakhuwa_4_00475,"trending: shack, Toyin Salau, Tupac Shakur",0,0,0,0,0,0
emakhuwa_4_00476,Eviitiyu enithalakaserya ophetana onimuraanya parasileero mmosa ni peeca- fuloore,0,0,0,0,0,0
emakhuwa_4_00477,"Ixilantiyaa, elapo yoopatthanana atthu a ilapo sikinaku ookhala ""mwiithanelo"" wa Muntiyaali",0,0,0,2,0,0
emakhuwa_4_00478,"Atoropa oMosampiikhi akupwali wira ""numuru na osuwanyeya"" atoropa akwiye mukhottoni opalma.",0,0,0,0,2,0
emakhuwa_4_00479,Ferroviyariyu a oMaputu oomuxintta AS Towuwanes ni onnithurumela okwalifikariwa ekwaha ya nenli ya PAL,0,0,0,2,0,0
emakhuwa_4_00480,Afikanixitawu: Ohookhwa mulipa ompaka reeti a materoriixita Haqqani,0,0,0,0,3,0
emakhuwa_4_00481,"Ankoola:""Ihalayala sa Ekhotto Soothatuwa ipirikeeto",0,0,0,0,0,0
emakhuwa_4_00482,Ankoola onilavula paahi: Epilyeti ya osuweliwa Tony Caldes,0,0,0,0,0,0
emakhuwa_4_00483,Ekhotto ya Payaaka wiirela woopola etakwa ya muru Khooko,0,0,0,0,0,0
emakhuwa_4_00484,Eviitiyu enooniherya ovonyliwa ihakhi sapinaatamu eyaakha ya 2013,0,0,0,0,0,0
emakhuwa_4_00485,Ikwaasuni omosampiikhi siniholela mixankiho wookhala alipo oheettela ikettelo muhina mwa elapo ya Afiriika ti Suuli.,0,0,0,0,2,0
emakhuwa_4_00486,'  Ninyoho nimoosa noowutuwanyerya mukhalelo wa waxeetta wa ilaleeryo': Pakixitaawu ottiyela voowikuxererya esayiti Slater. Com,0,0,0,0,2,0
emakhuwa_4_00487,Manyakunyaku mmamikukuttani sa opooma wa oMosampiikhi,0,0,0,0,2,0
emakhuwa_4_00488,"Asuphayi wa o Riiyu  awiva ""anceene, osuweliha namuhupi wa nikhuru Aminixitiya Iterenasionaale o Parasiili",0,2,0,0,0,0
emakhuwa_4_00489,Elaapo eniira ekurumula soteene ni ikinaku: Ruusiya voowanana ni Ukaraaniya,0,0,0,0,0,0
emakhuwa_4_00490,"Filipe Nyusi  ni Ussufo Momade annithukumana wiira ""otaphuliwe"" manyakunyaku oolamulela",0,0,0,2,0,0
emakhuwa_4_00491,COVID-19: Looxi Anxeeli Okumiiha ewooroti muhiina  wvokhanyereeriwa okhootta.,0,0,0,0,0,0
emakhuwa_4_00492,#DesafioAnita: Efaveela emosa  yilipiheerye mixinttano sa ekoopa wiirelaka mphira mmosa,0,0,0,0,0,0
emakhuwa_4_00493,Wiixiitu: Eparalamento enoopopiha othikila miyataano Eparalamento Ewuropeewu,0,0,0,0,2,0
emakhuwa_4_00494,Michael Schumacher onnilepa sooreerela sinceene,0,0,0,2,0,0
emakhuwa_4_00495,""" Mattava khanikwa, owosa animwiiviwa"": ti exeeni enipithihiwa ottuli wa omalamala wa mattaava ephattuwelo Elapo ya Meexiku",0,0,0,0,0,0
emakhuwa_4_00496,Imiya imiya sene sa mamosampikaano ohisooniheryasa oMaputo,2,0,0,0,0,0
emakhuwa_4_00497,Feyisipuuki onnittapela mihaakha muloko ni atthu oophiya imilyawu miili,0,0,0,2,0,0
emakhuwa_4_00498,"Elapo ya Mosampiiki, Helder Muteia onnihoolela nikhuru na FAO elapo ya Afirika Senteraale.",0,0,0,2,0,0
emakhuwa_4_00499,"Wankoola onnihiiwa konkuurusu aanamunceene nuumala wanyiheriwa wiiyiwa, ovahaka moonelo ovorikanyihasa muhina mwa Kuveerunu",0,0,0,0,0,0
emakhuwa_4_00500,Ikanyeryo isya siniireliwa owiriyana nlaka na ekhunya na VOA,0,0,0,1,0,0
emakhuwa_4_00501,"Esinyalo “Abominável”, ya DreamWorks yokhottihiwa oViyetinaa, oMalaasiya ni oFilipiina mwaha sa mmphareya",0,0,0,0,0,0
emakhuwa_4_00502,"Waafirika ni iretta sinceene sa oranvwa, onihimya OMS",0,0,2,0,2,0
emakhuwa_4_00503,"Khiivo ekhanle yoweemexa owali wa Vinaakere oParasiili, nnakhala tho FIFA",2,0,0,0,0,0
emakhuwa_4_00504,""" amuulupale"" ooSawu Tome ni Piriisipe ahuuraaniha ilapo sa okhopela voorumeeliwa raatiyo olaayini",0,0,0,2,0,0
emakhuwa_4_00505,Kampooca: Milaleeryo sinivaanyiha viiraneyaka mithukumano ni alipo oovahasa,0,0,0,0,0,0
emakhuwa_4_00506,"Ilikana wiira alipo oothatuxa ekhove aya maKaraniyaano: ephiiro yoottayiva otthara, ninaano va yoovila mwa ekhotto",0,0,0,0,0,0
emakhuwa_4_00507,COVID-19: Mukhalelo sothukumanya sinnakottiha anamphira akinaku ananwa ookela.,0,0,0,2,0,0
emakhuwa_4_00508,Esisapo samukhora seephiro sihiincereriwa oMaputu,0,0,0,0,2,0
emakhuwa_4_00509,"Ankoola: Hoothe ni Eepola ooxeremmwa saaneene, Mikano soowaliwa",0,0,0,0,2,0
emakhuwa_4_00510,Alipo ari  talamula milattu omosampiikhi animana natiri  wi ihukhumu sa ale ari matarafikaante a mipaatte sa eruutthu ya atthu.,0,0,0,2,0,0
emakhuwa_4_00511,' Onikiivaru': esepweere munterineetini awankoola enivanyiha Kuveerunu,0,2,0,0,0,0
emakhuwa_4_00512,Koolera onniwiiva atthu thanu oMosampiikhi,0,0,0,0,2,0
emakhuwa_4_00513,Alipo othaleleya anithoonya othoowa ntthitthimiho ni waamini wa apinaatamu oluluwana ni  maphattuwelo wa nihasu orupihiwa athiyana Wankoola .,0,0,0,0,3,0
emakhuwa_4_00514,Eviitiyu: Axineene Munduruku anixiiliha mwaha wa otekiiwa wa maluuxu anikhuma mmaasini wAmasooniya,2,0,0,0,0,0
emakhuwa_4_00515,a) Atenke empa Mmosampiikhi;,0,0,0,3,0,0
emakhuwa_4_00516,Anamaxaya aalupale ya elapo yoMosampikhi ahookhwa wa elapo ya Wafirika ya osuuli,0,0,0,0,2,0
emakhuwa_4_00517,Infalasawu ni icuuru soowela oMosampiiki,0,0,0,0,2,0
emakhuwa_4_00518,Ankoola: wixiiliha wa amiiravo voowanela ikhacu wokurumuliwa ni nnyooho,0,0,0,0,2,0
emakhuwa_4_00519,Epeeco ahawaleeliha anaamiravo ayili okathi waalompiwaaya oParasiili,0,1,0,0,0,0
emakhuwa_4_00520,"Alaleerya mankolaano oniukhumwa wootthukiwa, alipo ohinyaniwa woopopiha vowanana wa Kuveerunu",0,0,0,0,0,0
emakhuwa_4_00521,"Atthu anli asyaa amuranve mwaaxiitthu a korona aapacerya ""okathi muulupale"" para manfurumeero ankolaano.",0,0,0,0,3,0
emakhuwa_4_00522,"Anamawerya a Waameerika anaanyiherya  ""okumihiwa"" wa othanleliwa oRuusa wa mphirya eelapo yootheene",0,0,0,0,0,0
emakhuwa_4_00523,Ankoola: Mureheeri a wiixinla oowanana Osikhini otthukiwa vookhuveela,0,0,0,0,2,0
emakhuwa_4_00524,Ehasara ya anamathipa maluuku ooParasiili onooniherya wii muroromeliho wa Bolsonaro owakuviiha oreheriwa ikettelo sa mpantte omaleleene toohilipaneya,2,0,0,0,0,0
emakhuwa_4_00525,#NiñasNoMadres: maricetiinu anivaanyiha vowanela ihamela wokhanyereriwa sa axiruusi,2,0,0,0,0,0
emakhuwa_4_00526,"""Ori oRiiyu wa Xaneero oolikaneene wiira okhalele Olimpiiyata?",0,0,0,0,0,0
emakhuwa_4_00527,Anookhwa amwiinnuwa mpakha 19 mwaha wa ekhotto OMusewu wa OTunis,0,0,0,0,3,0
emakhuwa_4_00528,Estaatu Unitu ni Exilovenia akwerekhwa mwiwanano mmosa wa muuke monkoni mwa mukettelo musya wa 5G,0,0,0,2,0,0
emakhuwa_4_00529,Exipaanya: Muxiini woowootha Opareseloona,0,0,0,0,0,0
emakhuwa_4_00530,Itumereeryo ya osiiriya sinittiyela ekhotto ya iwarakha soowanana apinaatamu,0,0,0,0,2,0
emakhuwa_4_00531,"""Mweemexe iphiro, muvaraase iliivuru"": woomolana ni weteteya sanamunceene oPoorutu Aleekere",0,0,0,0,0,0
emakhuwa_4_00532,"Ceyooriciya ni Ruusiya bullying on-line,  nthaanyo na ehantisi ni orehereriiwa ikettelo sa viixitu oonihereya ohiwanana",0,0,0,0,0,0
emakhuwa_4_00533,Evasina emosa yoolola oretta wa ettekuxa ehehereriwa elapo yo Purukina Faso,0,0,0,3,0,0
emakhuwa_4_00534,"Ni isiipo, reeti sosiyaale ni ikhereeve sa Etala, aratti  makupaanu aniwanana ohaaxana",0,2,0,0,0,0
emakhuwa_4_00535,#WithSyria oniphavela omaliha woopiwa wa akapwitthi soohathaala apinaatamu osiiriya,0,0,0,2,0,0
emakhuwa_4_00536,Ikuru s`Oosiiriya soowiiva atthu miloko miraru ni axexe okhuma enamathanu,0,0,0,0,3,0
emakhuwa_4_00537,Xapawu onimutthukwela voosuweliwa Ukaraaniya mwaha woomulattaniha mweene a ekhotto ya Hitler ni Mussolini,0,2,0,0,0,0
emakhuwa_4_00538,Anamuupuweli oomosampiikhi anhima wii exariya eneetta yoopuruliwa ni owerya wa poliitiku,2,0,0,0,0,0
emakhuwa_4_00539,Exiitu : mameetiku aalatha eviitiyu ya blecaute naakuvelihiwaka hoxipitaali,0,0,0,0,2,0
emakhuwa_4_00540,"Empaxaata amerikaana enilavula wiira mwiiveliyo wa Amurane ti ""etthu yootakhala ni woohilokasa""",0,0,0,0,0,0
emakhuwa_4_00541,Irawu onnaakottiherya amusi oomalela wiira amooneke mphira muhina mwa exitaatiyu ni mpaarikhi,0,0,0,0,2,0
emakhuwa_4_00542,ehantisi ya namalepa Pablo Neruda onnivenxa ovaanyihana mwaha wa ephattu ya otupheliwa oXile,0,0,0,0,0,0
emakhuwa_4_00543,Ehasara yookwa wa mwaali muxikola ya oPaakhu otanya nniya nowanana mukhaleelo oopwateene Waserpeyixawu,3,0,0,0,0,0
emakhuwa_4_00544,Alupa anakoso a elapo ya Mosampiiki annivekela  wi atthu  ovahiwa mathala.,0,0,0,0,0,0
emakhuwa_4_00545,Efiilimi mwaha wa oKorankoosa ennikhumelela epooma ya Waameerika,0,0,0,0,0,0
emakhuwa_4_00546,Anamwivahererya a Ekuruxu Yooxeerya aatupheliwa Wamphula,0,0,0,0,3,0
emakhuwa_4_00547,"""Nuula ephome""  onniruuha ekhotto Wamphula",2,0,0,0,0,0
emakhuwa_4_00548,"Olaleyaka mireerelo sa oMatakaaxikare: Epooma ya ikonto enimoovya, soohiimwa sinthonya ottyawa wa muhooleli",0,0,0,0,2,0
emakhuwa_4_00549,Epanku Muntiyaale enookela omukhaliherya Mosampiikhi wa soopaka sooreerela noovira ixeeyiya.,0,0,0,2,0,0
emakhuwa_4_00550,"Ankoola: Annihala maasi, maluuxu, novileela?Pusiina paahi!",2,0,0,0,0,0
emakhuwa_4_00551,","" Khuuvo oniira oliyaliwe"": ahukhumwa mwaha wookuxa eisinfetaate Okathi wa epwepwettebya cuunyu oParasiili",0,0,0,0,0,0
emakhuwa_4_00552,"""Omukumiha Khilimani  mmwiitheni oniphwanyaneyaawe"" oolavula muhooleli a emunisiipiyu a niinaano.",0,0,0,2,0,0
emakhuwa_4_00553,Wankoola : Anawiixilihe ni anahapari aatthukiwa oLuwanta,0,0,0,0,3,0
emakhuwa_4_00554,ehukhumu ya Bradley Manning yookhala oruuhela  onamalaleerya woothokosa,0,0,0,0,0,0
emakhuwa_4_00555,Alemaanya:  Manyakunyaku #Blockupy owanana Mawuxitaraliyaano Pan- Ewuropeeya,0,0,0,0,0,0
emakhuwa_4_00556,"Alipo anaakiherya Soohala siivili anitthapela wakhuleliwa wa "" Nlamulo na Interineeti""",0,0,0,2,0,0
emakhuwa_4_00557,"Diego Maradona ootthikela ohaaxa oPele, wiira ovirikanyihe.",0,0,0,0,0,0
emakhuwa_4_00558,"Ankoola: Isepwere Elinga, okhuma woothapani erowaka woliyaliwani.",0,0,0,0,0,0
emakhuwa_4_00559,Aminixitiya Iterenasiyonale ehavaha ekaratha yancaano masupayi a elapo ya Parasiili,0,0,0,0,0,0
emakhuwa_4_00560,Eviiyawu emosa vamosa ni atthu axineene elapo athanu ni ayili  aarimeela mutakwani  waAmasoonika ni oParasiili khonilavuliwa mwaha ola,0,0,0,0,2,0
emakhuwa_4_00561,Alumasiya a ohitto wa Afiriika ovahererya mihokhorookho sohiloka owaliwa Omosampiikhi.,0,0,0,2,0,0
emakhuwa_4_00562,"Ifaapirika sa maluuxu ammaasini a oPaanama: "" sinimmanela natiiri wuunuwiha, masi apakasa ehasara emosa""",0,0,0,0,2,0
emakhuwa_4_00563,COVITE-19: Yoosommwa enithonya wiira ahookhwa atthu 435 Okaapu Veerete ni onihimmwa wiira owaleliwa wookhoottiha ehasara,0,0,0,0,2,0
emakhuwa_4_00564,Eprokuratoriya ya espaanya emphavela wii Naymar atthukeliwe miyaakha miili.,0,0,0,0,0,0
emakhuwa_4_00565,Ekiipa ya Tubarões Azuis  ennitthapeliwa ni atthu owaatta.,0,0,0,0,0,0
emakhuwa_4_00566,Mayintoneesiyu eniweha-weha ehukhumu ya okwa vahinatthi wiiraneya mwaha oluluwana ni otumiha soohapala,0,2,0,0,0,0
emakhuwa_4_00567,Ankoola: José Eduardo dos Santos tonootheriwa ohonona Exitaato wa okhuma wawe,0,0,0,0,2,0
emakhuwa_4_00568,okhala wiira athiyana aniiliverya ekhotto ehimanle ohiyara annikhanyereriwa  Wintiya,0,0,0,0,2,0
emakhuwa_4_00569,Anakhotto amamosampikaano aahiya oKorongosa,0,0,0,0,0,0
emakhuwa_4_00570,Aneelapaha anihiya owurya murette oMosampikhi.,0,0,0,0,2,0
emakhuwa_4_00571,Etíope Almaz Ayana ti ewooro ya imeeturu soophiyeryaka ikonto 10 ni Ankoola onnihaleela masi onivira wa okathi mukinaku wa antepooli,0,0,0,1,0,0
emakhuwa_4_00572,"Exitaato Uniimuthoonya  Ruusiya wiira ""nahasara""a muttetthe wa Siiriya.",0,1,0,0,0,0
emakhuwa_4_00573,"Aafirika: Manyaala a,"" mireerelo soohisuwanyeya iphwanyeriwo saya""",1,0,0,0,0,0
emakhuwa_4_00574,Anamulevelela Interinasiyonaale:evutuka vuttuka ya manyooho ti woopiha wa mukhalelo a ihakhi oVenesuweela,0,0,1,0,0,0
emakhuwa_4_00575,Atthu oohisuweliwa aamaka oxikwaatara ya poliisiya oMusimpwa.,0,0,0,0,0,0
emakhuwa_4_00576,Ewuroopa: Ethowa Muhakhu Onnivenxa Ipuliitika siniwateeriha ovolowa wa atthu,0,0,0,0,2,0
emakhuwa_4_00577,paulina Chiziane onnikoha otaphuwa wa maMosampikaanu,0,0,0,0,0,0
emakhuwa_4_00578,Itiripunaale sa oMosampiiki sookhotta solempwa saavekeliwa wiira ewehexexiwe saana enamuna yiiraneyalyaawe mwaathanle.,2,0,0,0,0,0
emakhuwa_4_00579,Ankoola: Ipa sowaarya saalipo ari athawali ni sootepa wattha esisapo siniireliwa amasikhini,0,0,0,0,2,0
emakhuwa_4_00580,"Atthiyana ""olaleya"" itthu waavikana alopwana nfeyisipuuki",0,0,0,0,0,0
emakhuwa_4_00581,Anamuteko mamosampikaano Waafirika ya Okuusini anoopiha okhuma muteko,0,0,2,0,1,0
emakhuwa_4_00582,Fabio Capello muhooleli a onaakhela osulu wa  ahooleli ootheene a mixovo sa imphira.,0,0,0,0,0,0
emakhuwa_4_00583,Eviitiyu: maMetoroviyaariyu ari ni epwepwetthe anikhumulasiwa ni masupayi Militaari oSawu Paawulu,0,2,0,0,0,0
emakhuwa_4_00584,"Alipo anithokiha malamulo animananiha orumeela malamuulo yiirela ottiyela osooma vooluluwana ni mukhaleelo wa ekhove ni oraruxaana oParasiili, onihinya HRW",2,0,0,0,0,0
emakhuwa_4_00585,Atthu anirowa wiira mpanttha wa mwanthanle elapo ya Wamphula annikacamiheya ni iparitiitu seyiya sinirowa othanliwa.,0,0,0,0,0,0
emakhuwa_4_00586,' wiikawa wa Wiliipiherya' ti yowiiriwa mpantte wa maruraliixitz wiira okhalihiwe miriira siniwaneliwa mantiixna,0,2,0,0,0,0
emakhuwa_4_00587,Ekhotto ya osiiriya nnaamwi eryeene yoolavuliwa vanceene muhantisi- ni nleelo siisa ninsuwela vakhaani mwa yeeyo,0,0,0,0,2,0
emakhuwa_4_00588,Amwathaale owekwatoroyaana anoonihereya ni ohaaxiwa muhina mwa websiitini ni ottharuxiwa ikootha sa Tuwiiteri,0,0,0,0,0,0
emakhuwa_4_00589,Elapo ya oXapawu yovaha murette wa eretta epola.,0,0,0,2,0,0
