text_id,text,Sadness,Joy,Fear,Anger,Surprise,Disgust
isixhosa_1_00001,Alisekho igqala lomsasazi woMhlobo Wenene,1,0,0,0,0,0
isixhosa_1_00002,USimmy usifuna kuye isithsaba sikaMiss PE!,0,2,0,0,0,0
isixhosa_1_00003,"UReggie oya eTruFM, angemka nembasa kuMhlobo Wenene!",0,2,0,0,0,0
isixhosa_1_00004,Amadoda alala namanye akumngcipheko omkhulu kaGawulayo!,0,0,2,0,0,0
isixhosa_1_00005,Amapolisa aphanda ngetyala lokudutyulwa kubalalwe indoda eMdantsane,2,0,0,0,0,0
isixhosa_1_00006,ISwallows neProgress zilwela iR60 000 kwiSuper 14,0,0,0,0,0,0
isixhosa_1_00007,Umdlalo ophakathi kweSundowns neBarcelona uvunyiwe yiPSL!,0,2,0,0,0,0
isixhosa_1_00008,Iswelekile inkwenkwe ebiphila ngokungqiba,2,0,0,0,0,0
isixhosa_1_00009,"#Qoboqobo: Asifuni mbumbulu, sifuna iimpendulo",0,0,0,2,0,0
isixhosa_1_00010,Obelahlekile ufunyenwe esisidumbu emlanjeni!,2,0,0,0,0,0
isixhosa_1_00011,Ubumenye-menye beekhamera kwilokishi yaseDimbaza!,0,0,0,0,0,0
isixhosa_1_00012,Inkolo yemveli ilwa ubuKrestu,0,0,0,0,0,0
isixhosa_1_00013,Uvavanyo: 2016 Jaguar XE 20d R-Sport,0,0,0,0,0,0
isixhosa_1_00014,Abahlali baseZiphunzana bavuyele ukutyelelwa nguRamaphosa,0,3,0,0,0,0
isixhosa_1_00015,UDema ugqejwe iR6000 nguMasingcwabane,2,0,0,0,0,0
isixhosa_1_00016,UDesiree Ellis uchulumanciswe sisikhundla sakhe esitsha,0,2,0,0,0,0
isixhosa_1_00017,Igalelo likaClive Barker soze lilityalwe ebholeni yaseMzantsi Afrika!,0,2,0,0,0,0
isixhosa_1_00018,UMotsoeneng uzakudibana nabachasi bolawulo lakhe,0,0,0,0,0,0
isixhosa_1_00019,USesona Tshume uzithaphulele iimbasa kwitumente yemithambo eGqeberha,0,3,0,0,0,0
isixhosa_1_00020,"Libhaqwe lihamba ze, libhubhile ixhegwazana",3,0,0,0,0,0
isixhosa_1_00021,Ziya zisanda iziphakamiso zokuphucula ukhuseleko ecaleni konxweme laseGqeberha | EC Indab,0,1,0,0,0,0
isixhosa_1_00022,Uza kubuyela ekhaya uLudumo Lamati kungekudala,0,2,0,0,0,0
isixhosa_1_00023,Inkqubo yokufukamisa amashishini eCala,0,0,0,0,0,0
isixhosa_1_00024,Ibhunga loosomashishini baseBhayi linebhodi entsha,0,1,0,0,0,0
isixhosa_1_00025,Umbutho weqakamba ufuna abadlali abamnyama,0,1,0,0,0,0
isixhosa_1_00026,Igqala lomzabalazo liye kwamanye amagqala,0,0,0,0,0,0
isixhosa_1_00027,Alinikwanga bheyile isela leegusha kuCentane,0,1,0,0,0,0
isixhosa_1_00028,"Uhamba nini uMakhulu, tat’uMnci?",0,0,0,0,0,0
isixhosa_1_00029,IDA ilwa isilalo semisebenzi!,0,0,0,1,0,0
isixhosa_1_00030,Abahlali baseDangwana bafuna ukufakwa kwiprojekthi yokulungisa iindlela e uR61 | EC Indab,0,0,0,0,0,0
isixhosa_1_00031,Usakhangelwa * ‘My Friend’ otyholwa ngokudlwengula,0,0,0,2,0,0
isixhosa_1_00032,Uhlonitshwe ngembasa uGqr. Noxolo Grootboom,0,2,0,0,0,0
isixhosa_1_00033,UDa Gama akayichasanga iBafana Bafana,0,1,0,0,0,0
isixhosa_1_00034,Igqugqise kwitumente yolutsha iBlue Dolphin yazuza indebe,0,3,0,0,0,0
isixhosa_1_00035,Amazwi ovelwano emva kokubhubha kukaKumkanikazi Nozamile,2,0,0,0,0,0
isixhosa_1_00036,Ufuna inguqu umqeqeshi weStomers!,0,0,0,1,0,0
isixhosa_1_00037,UNqaba Bhanga unqabile kwingxaki yabahlali,0,0,0,0,0,0
isixhosa_1_00038,Oogqirha baseMpuma Koloni abangaphangeliyo babambe umngcelele ukuya eBhisho befuna umsebenzi | EC Indab,1,0,0,0,0,0
isixhosa_1_00039,Babhenela kuRhulumente abalimi bakuNdabakazi,1,0,0,0,0,0
isixhosa_1_00040,"Yashe: ‘Abantu bandixhasa, ngoku mandibaxhase’",0,1,0,0,0,0
isixhosa_1_00041,Pitso Mosimane: Andihlonitshwa kweli lizwe,2,0,0,0,0,0
isixhosa_1_00042,UKatsande ufuna iChiefs inyuse igiya!,0,0,0,2,0,0
isixhosa_1_00043,Pitso: Zimbini iindebe esijonge zona ngoku,0,0,0,0,0,0
isixhosa_1_00044,Ukhethe ukubeka phantsi uNgcobo,2,0,0,0,0,0
isixhosa_1_00045,URussouw ukhutshiwe kwimidlalo ye-ODI,2,0,0,0,0,0
isixhosa_1_00046,Abantakwe balindelwe liwonga elikhulu le-INGOMA,0,2,0,0,0,0
isixhosa_1_00047,UMakaula sisibane sabafundi baseMakaula,0,2,0,0,0,0
isixhosa_1_00048,‘Izigrogriso zobunqolobi zikhona eMzantsi Afrika’,0,0,2,0,0,0
isixhosa_1_00049,Ayifikanga igalelekile ingxikela yetumente yebhola eMthatha,0,3,0,0,0,0
isixhosa_1_00050,Batshise imoto yoonogada abafandi baseWalter Sisulu!,0,0,0,1,0,0
isixhosa_1_00051,IEC: Qinisekisa idilesi yakho,0,0,0,0,0,0
isixhosa_1_00052,UMasutha ubathembile abadlali beChippa,0,1,0,0,0,0
isixhosa_1_00053,INkulumbuso entsha kwisizwe sakwaZulu,0,1,0,0,0,0
isixhosa_1_00054,"Bazakufika ndibalindile, utsho uNguta",0,0,0,0,0,0
isixhosa_1_00055,IPolisa ebelifuna izinyobo beliyalela amaxhoba alo angathumeli ngebhanki imali,2,0,0,0,0,0
isixhosa_1_00056,Isilumkiso kwiSACP engenela unyulo eAlfred Nzo,0,0,1,0,0,0
isixhosa_1_00057,IBIYINKUNGU NELANGA ESOJONISI KwiSingqisethu Festival | EC Indab,0,2,0,0,0,0
isixhosa_1_00058,USiya Kolisi uwaqhwabela izandla AmaBhokobhoko atshatsheleyo!,0,3,0,0,0,0
isixhosa_1_00059,Bawelwe yindlu belele babhubha,3,0,0,0,0,0
isixhosa_1_00060,Kubanjwe amadoda amabini ngezityholo zokushishina ngemikhombe | EC Indab,2,0,0,0,0,0
isixhosa_1_00061,iJeffreys Bay neKruisfontein ziyakhokela kwiEastern Cape Super 14!,0,2,0,0,0,0
isixhosa_1_00062,Uyaqhuba uRhulumente wePhondo kwezeMfundo | EC Indab,0,1,0,0,0,0
isixhosa_1_00063,Wenze imbali kwakhona uCha Le Clos,0,3,0,0,0,0
isixhosa_1_00064,AbeSciFest Africa baqubula imbalela,0,3,0,0,0,0
isixhosa_1_00065,Ubanjiwe orhanelwa ngokubulala usana lwakhe ngamanzi abilileyo,3,0,0,0,0,0
isixhosa_1_00066,‘Konakele!’ - ibhishophu yaseWisile,2,0,0,0,0,0
isixhosa_1_00067,Ibokoboko amacala iDinaledi engonjwe yiCoastal United ngolunya,1,0,0,0,0,0
isixhosa_1_00068,Lophukile ulutsha ngenxa yokudinga abantu abayimizekelo,3,0,0,0,0,0
isixhosa_1_00069,Ikamva likaSiya Kolisi njengokapteni weSpringbok limfiliba,3,0,0,0,0,0
isixhosa_1_00070,USemenya uza kuva isigwebo kwiiveki ezizayo,0,0,1,0,0,0
isixhosa_1_00071,Akanalwazi ngabakhwetha uVan Rooyen,0,0,0,0,0,0
isixhosa_1_00072,Bavan’ amandla abezopolitiko eBhayi,0,0,1,0,0,0
isixhosa_1_00073,UBartlett  lisekela  mqeqeshi  we-Under 23,0,1,0,0,0,0
isixhosa_1_00074,Ibulewe yashiyeka iqungquluze esitalatweni indoda eKapa,3,0,0,0,0,0
isixhosa_1_00075,Udilikajele kowabulala intokazi nomama wayo!,2,0,0,0,0,0
isixhosa_1_00076,Lumka! ungonzakaliswa ngabanqolobi | EC Indab,0,0,2,0,0,0
isixhosa_1_00077,UKatlego Sibeko ufudukele kwiScandal!,0,1,0,0,0,0
isixhosa_1_00078,Andisazi tu isiduko sam namasiko asekhaya!,3,0,0,0,0,0
isixhosa_1_00079,Nqulani nicenge ningxengxeze ngokukhawuleza!,0,0,2,0,0,0
isixhosa_1_00080,Litshele endlini yalo labhubha ixhegwazana,3,0,0,0,0,0
isixhosa_1_00081,Unkankaza ejele onezidumbu ezithathu!,0,0,0,0,0,0
isixhosa_1_00082,Motshwari: Ndiyayibulela inkxaso yenu,0,2,0,0,0,0
isixhosa_1_00083,Limfiliba ikamva likaTinkler kwiPirates,2,0,0,0,0,0
isixhosa_1_00084,AmaBhokobhoko aya kutyelelo lwaseAustralia engxwelerhekile,3,0,0,0,0,0
isixhosa_1_00085,Ibiluyolo lodwa kwiilwandle zephondo,0,3,0,0,0,0
isixhosa_1_00086,Kucholwe usana luneyure luzelwe!,3,0,0,0,0,0
isixhosa_1_00087,Amakhosi afumene iqabane elitsha!,0,2,0,0,0,0
isixhosa_1_00088,Kubhubhe omnye umkhwetha kuQumbu,3,0,0,0,0,0
isixhosa_1_00089,Ingxoxo ngesigwebo malunga nabaseNyobeni nabafunyenwe benetyala!,2,0,0,0,0,0
isixhosa_1_00090,ADLALE KAKUHLE AMABHOKOBHOKO KUMDLALO WAYO WOKUZILOLONGELA INDEBE YEHLABATHI YOMBHOXO | EC Indab,0,2,0,0,0,0
isixhosa_1_00091,Iqela laseNgqushwa lithiwe jize ngekiti entsha kraca yiEyethu Protection!,0,3,0,0,0,0
isixhosa_1_00092,Akawuvali umlomo uNontshinga owenze imbali eMexico!,0,3,0,0,0,0
isixhosa_1_00093,Umasipala ombaxa waseBuffalo City kunye nee-arhente zogcino,0,0,0,0,0,0
isixhosa_1_00094,UMajeke uthi ukulungele ukukhokela iSascoc!,0,2,0,0,0,0
isixhosa_1_00095,"Imvula enethe ngamandla Kulempelaveki sisuka kuyo kwiphondo leMpuma Koloni, ishiye izikhukhula eGarden Route | EC Indab",3,0,0,0,0,0
isixhosa_1_00096,UDan Malesela ukhonjwe emnyango yiChippa United,2,0,0,0,0,0
isixhosa_1_00097,#NAF2017: Liza eRhini ‘iZim leToilet’!,0,0,0,0,0,0
isixhosa_1_00098,Liyoyikisa izinga lokunyamalala kwamadoda eGqeberha!,0,0,3,0,0,0
isixhosa_1_00099,Ubuyela eMthatha umdlalo wamanqindi!,0,2,0,0,0,0
isixhosa_1_00100,Woyika ukutshela etyotyombeni ongakwazi kuhamba!,3,0,3,0,0,0
isixhosa_1_00101,Iyavalwa iRadio Zibonele kwintsuku nje ezintandathu(6 days) | EC Indab,3,0,0,0,0,0
isixhosa_1_00102,Bathathu ababhubhileyo ngenxa yezinyoka!,3,0,0,0,0,0
isixhosa_1_00103,Uthi uDumi Mkokstad wamkhuphisa isisu!,2,0,0,0,2,0
isixhosa_1_00104,Uzimanya ngeqhina lomtshato Nyan Nyan!,0,3,0,0,0,0
isixhosa_1_00105,UCoetzee unexhala phambi komdlalo wovavanyo,0,0,2,0,0,0
isixhosa_1_00106,Halala kumfama uSiphesihle Kwetana!,0,3,0,0,0,0
isixhosa_1_00107,USomizi noMohale bayakumema emtshatweni wabo,0,2,0,0,0,0
isixhosa_1_00108,IKumkani yamaBhaca ikhothamile emva kwengulo engephi,3,0,0,0,0,0
isixhosa_1_00109,‘Sizwe Banzi is Dead’,3,0,0,0,0,0
isixhosa_1_00110,Usalwazi uGayi? Kubuyelwe embo eQamata kudibene iimbongi!,0,2,0,0,0,0
isixhosa_1_00111,Ronwen Williams: iDowns igxeleshe indebe yeCAF Champions League,0,0,0,0,0,0
isixhosa_1_00112,Indlu yeNkosi ikhuthaza ukuvota,0,1,0,0,0,0
isixhosa_1_00113,"Zuma: Induku ndiyayazi, ndiza kuzikhusela",0,0,0,0,0,0
isixhosa_1_00114,Musa ukuba lixhoba lolwaphulo-mthetho oluqhubeka kumaqonga onxibelelwano,0,0,0,0,0,0
isixhosa_1_00115,Iqela elikwiMotsepe League kuphiswe ngalo ebahlalini eChris Hani!,0,0,0,0,0,0
isixhosa_1_00116,"iBhala Chiefs ihambe neR10,000 yonke kwiMongi Rula Tournament!",0,3,0,0,0,0
isixhosa_1_00117,Amantombazana anyulu aza kubhiyoza noZwelonke,0,2,0,0,0,0
isixhosa_1_00118,Abafana Bes’thende babethwe bangcotsha yiSundowns emdlalweni weTelkom Knockout,2,0,0,0,0,0
isixhosa_1_00119,Kukhangelwa izizalwane zamadoda amabini afunyenwe ebhubhile eGqeberha,3,0,0,0,0,0
isixhosa_1_00120,Baza kunyuka umnqantsa aBafana Bafana emdlalweni wanamhlanje,0,1,0,0,0,0
isixhosa_1_00121,UJose Riveiro uphawula ngakufunayo kwiDStv Premiership,0,0,0,0,0,0
isixhosa_1_00122,Salaze: NguKwanele owenze ubuqhetseba,0,0,0,2,0,0
isixhosa_1_00123,AmaWisile olule isandla sawo,0,1,0,0,0,0
isixhosa_1_00124,Bathweswe izidanga abafundela ulimo eFort Cox,0,3,0,0,0,0
isixhosa_1_00125,Ungcwatyelwa eNgcobo uAmahle Quku,2,0,0,0,0,0
isixhosa_1_00126,Kubhubhe isine kwingozi yemoto ephondweni,3,0,0,0,0,0
isixhosa_1_00127,"Mabaye bephila, babuye bephila",0,0,0,0,0,0
isixhosa_1_00128,“Ndiyathemba izinto zizakutshintsha kwisizini ezayo” - Sandla,0,0,0,0,0,0
isixhosa_1_00129,Kuninzi okothusayo okubonwe kwizithandani ezibhaqwe zibhubhile,3,0,0,0,0,0
isixhosa_1_00130,iTS Galaxy ityikitye uVilakazi noMlambo phambi kwesizini entsha,0,2,0,0,0,0
isixhosa_1_00131,"Abuyela kundalashe Amakhosi, iziphumo ziyabonakala",0,2,0,0,0,0
isixhosa_1_00132,Ithemba elitsha kwimveliso yeMacadamia,0,2,0,0,0,0
isixhosa_1_00133,Uncedo kumama owahlaba izidlwengu,2,1,0,0,0,0
isixhosa_1_00134,Amapolisa alumkisa abaqhubi beUber neTaxify eNyanga,0,0,2,0,0,0
isixhosa_1_00135,Liyaqhuba ityala lokubulawa kuka Aviwe Jam Jam,3,0,0,0,0,0
isixhosa_1_00136,IGOSA LAMAPOLISA ELINGEKHO MSEBENZINI LIBAMBE ABARHANELWA BOKUPHANGA EMONTI | EC Indab,0,2,0,0,0,0
isixhosa_1_00137,Bheki Mtolo: “NguMkhonto weSizwe womgunyathi lo”,0,0,0,3,0,0
isixhosa_1_00138,UTeboho Mokoena uhlangule uMzantsi Afrika emdlalweni obalulekileyo,0,3,0,0,0,0
isixhosa_1_00139,Imibuzo ebuzwa rhoqo ngokutshintsha ingxowamali yomhlalaphantsi yeGEPF,0,0,0,0,0,0
isixhosa_1_00140,Baxhele inkomo kuqhankqalazo lwaseFort Hare,0,0,0,0,0,0
isixhosa_1_00141,UKulturiko womeleza abadandathekileyo ngomculo wakhe,0,2,0,0,0,0
isixhosa_1_00142,Umdliva wendumiso eMonti noPutuma!,0,3,0,0,0,0
isixhosa_1_00143,Libuyiselwe ityala lobuqhophololo laseAmathole!,0,0,0,0,2,0
isixhosa_1_00144,IZwede ijike yayindawo yemfazwe emva kodubulwano olusube yamine(4) imiphefumlo. | EC Indab,2,0,0,0,0,0
isixhosa_1_00145,Iphi imali yeKei Rail?,0,0,0,0,0,0
isixhosa_1_00146,‘UNUZ Queen ube idimoni lam!’,0,0,0,0,0,0
isixhosa_1_00147,Imvumi yaseMonti ikwiqonga lakokwayo okokuqala!,0,2,0,0,0,0
isixhosa_1_00148,Igqwetha ‘liqhathe’ unogada lamlala!,3,0,0,0,0,0
isixhosa_1_00149,Uhanjiswe ze iiyure ezintathu ehlathini lipolisa,3,0,0,0,2,0
isixhosa_1_00150,Kuyingozi ukuqhomfela isisu ezikoneni!,2,0,3,0,0,0
isixhosa_1_00151,Enkundleni abapakanyele intwazana ena5 beyidlwengula eNgqushwa,3,0,0,0,0,0
isixhosa_1_00152,Inkulumbuso yephondo leMpuma Koloni ivule ngokusesikweni isikolo samabanga aphakamileyo iSophathisana eMonti | EC Indab,0,3,0,0,0,0
isixhosa_1_00153,Ohlabe umntwana wakhe usiwe kwisibhedlele sengqondo,3,0,0,0,0,0
isixhosa_1_00154,Uloyisile idabi lomhlaza webele,0,3,0,0,0,0
isixhosa_1_00155,Ludinga inkxaso ulutsha lwelali yaseQonce,0,0,0,0,0,0
isixhosa_1_00156,Kwenzeka izinto ezibuhlungu ebantwini balapha kwaLanga,3,0,0,0,0,0
isixhosa_1_00157,ISebe lezoThutho linyanzelisa abaqhubi bezothutho lwabafundi ukuba bathobele uSARS. | EC Indab,0,0,0,0,0,0
isixhosa_1_00158,Linqunyanyisiwe ityala lenkosikazi eyabulala isidlwengu!,0,1,0,0,0,0
isixhosa_1_00159,Abasebenzi barhaxwe ngumsi bephangele,3,0,0,0,0,0
isixhosa_1_00160,‘Sizimisele ukuya phambili kwiNedbank Cup’,0,1,0,0,0,0
isixhosa_1_00161,IGriquas idlulele kumagqibela kankqoyi,0,3,0,0,0,0
isixhosa_1_00162,AbaNtsundu bokuqala ukuhlohla isiXhosa kwiiYunivesithi zeli lizwe,0,2,0,0,0,0
isixhosa_1_00163,UCaster angophula irekhodi le-800m,0,2,0,0,0,0
isixhosa_1_00164,Baqhushumbisa amangcwaba egameni lophuhliso,0,0,0,0,0,0
isixhosa_1_00165,Makupula: Ebeneempawu zenkubazeko uLumka,2,0,0,0,0,0
isixhosa_1_00166,UMpengesi uza kulungisa amabala ngezigidi ezilishumi zonke zerandi,0,2,0,0,0,0
isixhosa_1_00167,Abantu abamnyama bayafunwa kwimisebenzi yaselwandle,0,1,0,0,0,0
isixhosa_1_00168,UCaster Semenya ufumene iDayimane eZurich!,0,3,0,0,0,0
isixhosa_1_00169,UKomphela uchwayitile emva kwempumelelo yeMoroka Swallows izolo,0,2,0,0,0,0
isixhosa_1_00170,USemenya umangalele umbutho weembaleki ofuna ukumenza indoda,1,0,0,2,0,0
isixhosa_1_00171,Iminyaka eyi-75 esejele ngobuqhophololo,0,0,0,0,0,0
isixhosa_1_00172,IChiefs neBucs zincwase iBlack Label Cup!,0,0,0,0,0,0
isixhosa_1_00173,1897: Ubhubhane weenkomo iRenepesi,2,0,0,0,0,0
isixhosa_1_00174,Kugqityiwe: Amakhosi ohlukene ngokusesikweni noGeorge Lebese!,1,0,0,0,0,0
isixhosa_1_00175,Entsimini - EyeNkanga 2022,0,0,0,0,0,0
isixhosa_1_00176,UMfundisi obezithandazela ehlathini ubhaqe umzimba wenkosikazi!,2,0,0,0,0,0
isixhosa_1_00177,Kubulewe abantu abane bosapho olunye,2,0,0,0,0,0
isixhosa_1_00178,‘Bendingafuni ithathwe ngumntu wangaphandle’,0,0,0,0,0,0
isixhosa_1_00179,UMotaung ukhumbula intlekele yase-Orkney!,3,0,0,0,0,0
isixhosa_1_00180,Igwetyiwe indlala kwiPirates emva kokusokola emidlalweni eliqela,0,2,0,0,0,0
isixhosa_1_00181,Iqakamba: UMzantsi Afrika uthathana neSri Lanka namhlanje eMonti,0,0,0,0,0,0
isixhosa_1_00182,UKhune uthi makuphele ukugqugqisa kweMamelodi Sundowns,0,0,0,1,0,0
isixhosa_1_00183,"UVilakazi uyahamba kwiWits, nakanjani!",2,0,0,0,0,0
isixhosa_1_00184,Sisixhiphothi sendoda(63) endala netyholwa ngokudlwengula imveku eneminyaka emine(4) ubudala. | EC Indab,2,0,0,2,0,0
isixhosa_1_00185,iChippa United indwendwela iPolokwane City emdlalweni obalulekileyo,0,0,0,0,0,0
isixhosa_1_00186,Avele kwinkundla kamantyi amapolisa amathathu ngezityholo zokuzaba ngumqobo endleleni yobulungisa | EC Indab,2,0,0,0,0,0
isixhosa_1_00187,Batshe bangqungqa abantwana(3) ngethuba belele kwityotyombe eNew Brighton eGqeberha namhlanje. | EC Indab,3,0,0,0,0,0
isixhosa_1_00188,UBosch angafumana iwonga lehlabathi,0,2,0,0,0,0
isixhosa_1_00189,Avulekile amasango weRooibos yeli eTshayina,0,2,0,0,0,0
isixhosa_1_00190,UMduduzi Manana ulivumile ityala,0,0,0,0,0,0
isixhosa_1_00191,UKomphela akumkhathazi ukubethwa yiBaroka FC,0,0,0,0,0,0
isixhosa_1_00192,IiNkosi ziyokufunda ngophuhliso lwendongomane,0,1,0,0,0,0
isixhosa_1_00193,Batshise indlu yotyholwa ngokubulala * -Uyinene!,3,0,0,0,0,0
isixhosa_1_00194,Malusi Gigaba: Umboniso wesondo ziinzame zokunditshabalalisa,2,0,0,0,0,0
isixhosa_1_00195,Akakhange alibeke kumngcwabo womntakwabo uCeline Dion,2,0,0,0,2,0
isixhosa_1_00196,Amathuba okwenza imali ngemoto yakho,0,1,0,0,0,0
isixhosa_1_00197,Inguqu baza kuyilwa kusiphuke izicithi!,0,0,0,0,0,0
isixhosa_1_00198,"Yonga amanzi, imbalela iyagquba",2,0,0,0,0,0
isixhosa_1_00199,Iqela laseLimpopo lityikitye iziqwayi zabadlali ababini abaziwayo,0,2,0,0,0,0
isixhosa_1_00200,UDEMWO: Sisithuko kumanina eli ukonyulwa kukaBathabile,0,0,0,3,0,0
isixhosa_1_00201,Iphelile indlela yePirates evuthululwe kanobom yiRaja Casablanca,2,0,0,0,0,0
isixhosa_1_00202,Izigxeko nezincomo ngomzobo ongoZuma,0,0,0,0,0,0
isixhosa_1_00203,"Wadlwengula abafundi, wabhaqwa ngesikhinda awasishiyayo!",3,0,0,0,0,0
isixhosa_1_00204,Kubonwe ngesandla somtu siphethwe yinja eLibode. | EC Indab,2,0,0,0,2,0
isixhosa_1_00205,"Uxhuzula de aziyekele, kuba akahoywanga",3,0,0,0,0,0
isixhosa_1_00206,Abasebenzi bakwamasipala mabaphume kwimiba yezopolitiko,0,0,0,2,0,0
isixhosa_1_00207,"Inikezele impilo yontwana, emva kwethuba ehlutshwa kukudumba. | EC Indab",3,0,0,0,0,0
isixhosa_1_00208,Nisithuka njani nifun’ ivoti yethu?,0,0,0,3,0,0
isixhosa_1_00209,Basanqunyanyisiwe ootishala abazuma abafundi!,2,0,0,0,0,0
isixhosa_1_00210,Amanina amabini antyumpantyumpeka kwityala lobusela!,0,0,0,0,0,0
isixhosa_1_00211,"Ude wabufumana ubulungisa umtwana, owashiywa lwelokufa yindonda eyamdlwengula ze yamkhupha amehlo. | EC Indab",0,3,0,0,0,0
isixhosa_1_00212,UNamhla uyifuna apha itrufm,0,0,0,0,0,0
isixhosa_1_00213,Intwazana yaseQonce ngumsasazi we-5FM!,0,2,0,0,0,0
isixhosa_1_00214,Ufikelele kwisigidi sabalandeli uTwitter ka-AKA,0,3,0,0,0,0
isixhosa_1_00215,Ingozi eMtata nesube imiphefumlo emithathu(3) | EC Indab,3,0,0,0,0,0
isixhosa_1_00216,Usana lukhalela ibele lukanina obhubhileyo,3,0,0,0,0,0
isixhosa_1_00217,Funda ilayisenisi yokuqhuba simahla,0,2,0,0,0,0
isixhosa_1_00218,Wandiliseka umngcwabo ka Kumkan’uZwelonke!,0,1,0,0,0,0
isixhosa_1_00219,Utya okwenja ngenxa yenkubazeko,3,0,0,0,0,0
isixhosa_1_00220,Inkxalabo ngokutsha kwezakhiwo zaseDutywa,2,0,2,0,0,0
isixhosa_1_00221,"""Yohlukanani nalo mkhuba wokuthengisa izindlu zikarhulumente!""",0,0,0,3,0,0
isixhosa_1_00222,Ixhegwazana liduke likhangela iinkomo!,2,0,0,0,0,0
isixhosa_1_00223,Abakhwetha babhubhile emva kokutsha besebhumeni,3,0,0,0,0,0
isixhosa_1_00224,Usizi besokola amanzi amdaka,3,0,0,0,0,0
isixhosa_1_00225,Babanjwe besanukiselwa ngumhluzi weegusha abazibileyo,0,0,0,0,0,0
isixhosa_1_00226,"Landile inani lokubhubha kwabasenzi, kwintlekele yesakhiwo eGeorge. | EC Indab",3,0,0,0,0,0
isixhosa_1_00227,UKhoza ubulela elinye ithuba!,0,2,0,0,0,0
isixhosa_1_00228,Ubhubhele isihlalo sobudoda emgidini!,3,0,0,0,0,0
isixhosa_1_00229,"Ekugqibeleni, Amakhosi ade aphumelela",0,3,0,0,0,0
isixhosa_1_00230,UNkosi Maqoma akafanga usaphila,0,1,0,0,0,0
isixhosa_1_00231,Intywila engxakini mpela ngoku iBlack Leopards emva kokubethwa kwidabi lobukhaya laseLimpopo,3,0,0,0,0,0
isixhosa_1_00232,Ufunyenwe ezantsi kobuhlanti odlwengulwe ngumelusi,2,0,0,0,0,0
isixhosa_1_00233,Igqala lomsasazi libuyele kunomathotholo!,0,3,0,0,0,0
isixhosa_1_00234,UGwala akasenaso isifo somhlaza!,0,3,0,0,0,0
isixhosa_1_00235,Ubomi kwezimnyama ngokudlwengula isihlobo sakhe!,2,0,0,0,0,0
isixhosa_1_00236,‘Ndifuna abanjwe umnikazi wenja endityileyo’,0,0,0,2,0,0
isixhosa_1_00237,Amaqela aphikisayo emva kweSONA,0,0,0,0,0,0
isixhosa_1_00238,UTeto waseMonti uqala ubomi obutsha eScotland!,0,2,0,0,0,0
isixhosa_1_00239,Mabuyane: Andizokufela izono zabantu abangasebenziyo,0,0,0,1,0,0
isixhosa_1_00240,Amakhosi awuphumelele umdlalo weNedbank – kodwa asokolisiwe yiRoyal Eagles!,0,2,0,0,0,0
isixhosa_1_00241,YINTWAZANA EMINYAKA(12) EDLWENGULWE YABULAWA YINDODA(47) YASE XHORA EYALUSA IMFUYO EKUHLALENI | EC Indab,3,0,0,0,0,0
isixhosa_1_00242,Bhayi neGcuwa bilisani amanzi phambi kokusela nokupheka!,0,0,2,0,0,0
isixhosa_1_00243,Ufumene iwonga uMfenqe obalasele kuphuhliso lweqakamba eMpuma Koloni,0,3,0,0,0,0
isixhosa_1_00244,Ubomi ejele kwindoda edlwengule inkwenkwe!,0,0,0,0,0,0
isixhosa_1_00245,Umfundi waseWSU uhlatywe wabhubha emva kwengxabano ngokusetyenziswa kwamayeza esiNtu,2,0,0,0,0,0
isixhosa_1_00246,ULISHIYILE ELI U ANESIPHO GOTYANA EMVA KOKUDLIKIDLWA NGUMHLAZA (CANCER) IXESHA ELIDE. | EC Indab,3,0,0,0,0,0
isixhosa_1_00247,Amasi abekwe elangeni eBhayi,0,0,0,0,0,0
isixhosa_1_00248,ANC: Tshotsho Nancy Sihlwayi,0,0,0,0,0,0
isixhosa_1_00249,Usizi lokubhubha kwabantwana esuthwini,3,0,0,0,0,0
isixhosa_1_00250,USASSA waseDutywa utye imali yomhlolokazi!,0,0,0,2,2,0
isixhosa_1_00251,Bathathu(3) ababhubhe kwingozi emasikizi kude kufuphi naseMonti. | EC Indab,3,0,0,0,0,0
isixhosa_1_00252,Intatheli yase-Angola idutyulwe eRhawutini,3,0,0,0,0,0
isixhosa_1_00253,Uxhalabe yiKhorona ohlala kwisitishi selindle,0,0,3,0,0,0
isixhosa_1_00254,UKaizer Motaung umkhulule ngamazwi amnandi uEric Mathoho,0,2,0,0,0,0
isixhosa_1_00255,"""Awunguye unyana wam wesende""",1,0,0,0,0,0
isixhosa_1_00256,Ubeleka umama wakhe ongakwazi kuhamba ngenxa yendlela embi,2,0,0,0,0,0
isixhosa_1_00257,Ayifikanga igalelekile iBerlin November eMpuma Kolini | EC Indab,0,2,0,0,0,0
isixhosa_1_00258,Ebengathi ukumboniso kamabonakude uKupelo efunwa iR1 million!,0,0,1,0,0,0
isixhosa_1_00259,Ixhoba lengozi emanyumnyezi elifunyenwe ku,3,0,0,0,0,0
isixhosa_1_00260,"Imali karhulumente idyarhazwe kwiwotshi, umsesane, iPorsche neFerrari",0,0,0,0,0,0
isixhosa_1_00261,Unxunguphalo emva kokubulawa kwepolisa ngoonqevu,3,0,0,0,0,0
isixhosa_1_00262,Izinto zijike zamuncu eCumakala,2,0,0,0,0,0
isixhosa_1_00263,Izigidi zentengo yezixhobo eLukhanji,0,0,0,0,0,0
isixhosa_1_00264,Kulindeleke ukuba imbethi manqindi yaseMpuma Koloni yenze imbali | EC Indab,0,2,0,0,0,0
isixhosa_1_00265,Amaqela axhayana nePSL enkundleni ngesicoco seGladAfrica Championship,0,0,0,0,0,0
isixhosa_1_00266,Limisiwe ityala lika- Panayiotou,0,0,0,0,0,0
isixhosa_1_00267,Kufunyenwe umntwana elahlwe emgqomeni eWSU,3,0,0,0,0,0
isixhosa_1_00268,Uthi ufuna ukunceda abaphelelwe lithemba owagaxeleka kwiziyobisi nokuthengisa ngomzimba ngenxa yemphatho,0,2,0,0,0,0
isixhosa_1_00269,Kubhubhe isibini kwingozi kaloliwe,3,0,0,0,0,0
isixhosa_1_00270,Mapimpi: Akululanga ukuba ngumdlali wombhoxo ezilalini,1,0,0,0,0,0
isixhosa_1_00271,Bonwabele iminyaka elishumi yobubele,0,3,0,0,0,0
isixhosa_1_00272,‘Sicela nokuba lityotyombe lekliniki’,3,0,0,0,0,0
isixhosa_1_00273,Izidlwengu zaseLusikisiki zigwetywe ubomi entolongweni,0,0,0,0,0,0
isixhosa_1_00274,Kuncedwa ulutsha ngemidlalo eCawa,0,2,0,0,0,0
isixhosa_1_00275,Yiminyaka ilishumi ehlala emotweni,2,0,0,0,0,0
isixhosa_1_00276,Iinguqu ezizayo kwiphepha lakho!,0,0,0,0,0,0
isixhosa_1_00277,Akahambisani nenkqubo yenguqu embhoxweni uKolisi,0,0,0,1,0,0
isixhosa_1_00278,"Ningavumi ukulukuhlwa, kubongoza uRamaphosa",0,0,0,0,0,0
isixhosa_1_00279,De Villiers: IProteas ayifanelwanga yindawo yokuqala,0,0,0,0,2,0
isixhosa_1_00280,Iyeke umdlalo Highlands Park sowusesandleni namhlanje eSisa Dukashe Stadium,1,0,0,0,0,0
isixhosa_1_00281,Abantu baseMpuma Koloni baliqhwabela izandla inyathelo leChippa United,0,2,0,0,0,0
isixhosa_1_00282,UGlenrose Xaba usothukile emva kokwenza imbali eGqeberha,0,2,0,0,3,0
isixhosa_1_00283,UVeselin Jelusic uthi iyingozi iPolokwane City,0,0,2,0,0,0
isixhosa_1_00284,Deyizana: Alikho iqela elakunqanda iKaizer Chiefs kwiMTN 8,0,0,0,0,0,0
isixhosa_1_00285,Buyani umva eZimbabwe maxhalanga!,0,0,0,2,0,0
isixhosa_1_00286,Abazali bavale isikolo ukuze bakhusele abantwana babo. | EC Indab,0,0,0,0,0,0
isixhosa_1_00287,Ifuthe leeNkosi ezingengoTyhali kaNgqika,0,0,0,0,0,0
isixhosa_1_00288,Umdlali weKaizer Chiefs unomnqweno wokudlalela iBafana Bafana!,0,1,0,0,0,0
isixhosa_1_00289,"Phumla ngoxolo Phanini, Bhakaniya elimnyama!",2,0,0,0,0,0
isixhosa_1_00290,Kufunyenwe ibhinqa eligwintiweyo kwindlu yangasese,3,0,0,0,2,0
isixhosa_1_00291,Ugxothelwe ukungaqhubi kakuhle kwiMuvhango!,1,0,0,0,0,0
isixhosa_1_00292,UMbali Ndzundzu ngumanqanqa wemithambo eMpuma Koloni,0,2,0,0,0,0
isixhosa_1_00293,Afunyenwe ekhamisile amangcwaba aseKhayelitsha eKapa!,0,0,0,0,0,0
isixhosa_1_00294,UKoyo ujonge iwonga leeCrowns,0,2,0,0,0,0
isixhosa_1_00295,Uyangcwatywa ekutyholwa ukuba waguliswa sisigonyo sekhorona,2,0,0,0,0,0
isixhosa_1_00296,Ilifu elimnyama eLovedale Press,3,0,0,0,0,0
isixhosa_1_00297,UMkhwanazi ongafuni ukugonywa angagxothwa yiSuperSport United,2,0,0,0,0,0
isixhosa_1_00298,Ingozi emasikizi phakathi kweCawe neMonti,3,0,0,0,0,0
isixhosa_1_00299,‘Lindela usuku lokufa endlini’,0,0,2,0,0,0
isixhosa_1_00300,Amakhosi ankule AmaZulu emdlalweni weDStv Premiership,0,2,0,0,0,0
isixhosa_1_00301,Amatsatsantsa akhe phantsi isitya sigcwele kwakhona kwiMamelodi Sundowns,1,0,0,0,0,0
isixhosa_1_00302,UChavani usikiwe yiSafa – kodwa AmaZulu akanikwanga amanqaku,1,0,0,0,0,0
isixhosa_1_00303,Xa luyintoni ulwaluko sele bambi becinga ngeemveku ezisesefukwini nje?,0,0,0,0,0,0
isixhosa_1_00304,Imvumi yeR&B izakudlala kwi-7de Laan,0,2,0,0,0,0
isixhosa_1_00305,Uhlaziyo lweendlela aseMpuma Koloni ekufuneka uyazi ngaphambi kokuba uhambe | EC Indab,0,0,0,0,0,0
isixhosa_1_00306,UMicho uthembele ngefolosi yakhe emdlalweni wangomso,0,1,0,0,0,0
isixhosa_1_00307,Bhongolethu Jayiya: Ibiliphupha lam ukudlalela iKaizer Chiefs!,0,2,0,0,0,0
isixhosa_1_00308,"IKhorona ayizanga noRamaphosa, masithathe uxanduva!' kutsho owaseDuncan Village",0,0,0,0,0,0
isixhosa_1_00309,UShaun Bartlett ikhonjwe emnyango yiCape Town Spurs!,0,1,0,0,0,0
isixhosa_1_00310,UComitis ugxeka abaphathi beCape Town Stadium,0,0,0,1,0,0
isixhosa_1_00311,UMyeni uphazanyiswa kukungadlali kwiBucs,2,0,0,0,0,0
isixhosa_1_00312,Lirhoxisiwe ityala ngakuGqirha wobuxoki uLani,0,0,0,1,0,0
isixhosa_1_00313,"Baqaqambisa uNongqawuse, uMaqoma noMqhayi",0,2,0,0,0,0
isixhosa_1_00314,Agwetywe ubomi amadoda awaphanga ivenkile,0,0,0,0,0,0
isixhosa_1_00315,UPhangiso uneqhinga lokubetha i-Australia,0,1,0,0,0,0
isixhosa_1_00316,Rhulumente sise eyiphi na komkhulu?,0,0,0,1,0,0
isixhosa_1_00317,Amalinge okuphuculwa kwamafama oboya,0,2,0,0,0,0
isixhosa_1_00318,Khusela umzi wakho kulwaphulo mthetho,0,0,0,0,0,0
isixhosa_1_00319,Iqela likaKomphela livule ngeChippa United emdlalweni wePSL,0,0,0,0,0,0
isixhosa_1_00320,IBhisho izisa isiqabu kwizithuthi zabafundi emva koxinzelelo | EC Indab,0,3,0,0,0,0
isixhosa_1_00321,‘Masihlangabezane kuba iAfrika inye’,0,0,0,0,0,0
isixhosa_1_00322,UKomphela ubona owayeqeqesha iFree State Stars njengesidenge esoyisileyo!,0,0,0,2,0,0
isixhosa_1_00323,Amakhosi agxeleshe impumelelo ekhaya emdlalweni weCAF Champions League,0,2,0,0,0,0
isixhosa_1_00324,Abalandeli bakhetha ngokwabo abadlali nabaqeqeshi kwiDStv Compact Cup,0,1,0,0,0,0
isixhosa_1_00325,UKumkani uXolilizwe Sigcawu (1926-2005),0,0,0,0,0,0
isixhosa_1_00326,Ziinyanga zintathu belinde ukungcwaba isidumbu sikamatshonisa,2,0,0,0,0,0
isixhosa_1_00327,Abane babanjelwe ukuhlaba ababini eLibode,2,0,0,0,0,0
isixhosa_1_00328,IMamelodi Sundowns iyambambezela uKeagan Dolly!,0,0,0,0,0,0
isixhosa_1_00329,Uphelekwa ligqiza labaphathiswa eNamibia uRamaphosa,0,2,0,0,0,0
isixhosa_1_00330,Umqeqeshi woonobuhle ujolise ekunyuseni ukuzithemba,0,3,0,0,0,0
isixhosa_1_00331,ABafana Bafana baqala indlela eya kwiNdebe yeHlabathi,0,2,0,0,0,0
isixhosa_1_00332,UMarcia ufun’ ukulenza lincinci iqonga eMthatha!,0,2,0,0,0,0
isixhosa_1_00333,UBuyele kowabo umqeqeshi obedukile,0,2,0,0,0,0
isixhosa_1_00334,Ubusuku angasokuze abulibale uNathi,0,0,0,0,0,0
isixhosa_1_00335,Kukhunjulwa amaxhoba entlekele yaseBawa,3,0,0,0,0,0
isixhosa_1_00336,Abazili abayi-7 badutyulwe babhubha eMthatha,3,0,0,0,0,0
isixhosa_1_00337,Kumiselwe iqela lokujongana nezimali eAmathole,0,1,0,0,0,0
isixhosa_1_00338,Ukhona uphantsi kweenwele  kuPopayi  noSpinach,0,0,0,0,0,0
isixhosa_1_00339,Usifakile isicelo sedikhowuda ePosini?,0,0,0,0,0,0
isixhosa_1_00340,IChippa United ifuna ukuvuka ngeGolden Arrows eyingozi,0,0,0,0,0,0
isixhosa_1_00341,UMagashule unqumamise inkqubo yokunqunyanyiswa kwakhe,0,0,0,0,0,0
isixhosa_1_00342,Iinzame zokunqanda ukusweleka kwabakhwetha eMpuma Koloni azivezi ziphumo zincumisayo | EC Indab,2,0,0,0,0,0
isixhosa_1_00343,"Lumkani ngeli xesha leziyunguma, kutsho abakwaTyeks",0,0,2,0,0,0
isixhosa_1_00344,Umama wabantwana abahlanu ulwa nesifo esingaqondakaliyo emva kokukhupha amazinyo | EC Indab,2,0,0,0,0,0
isixhosa_1_00345,IKumkani icela indlela kuMphathiswa,0,1,0,0,0,0
isixhosa_1_00346,Ibanjiwe indoda eshishina ngentsangu,0,0,0,0,0,0
isixhosa_1_00347,iCameroon ikrolonqe iEthiopia ngenduku emdlalweni wanamhlanje,0,1,0,0,0,0
isixhosa_1_00348,Umtiza Arts Fest uza noyolo eMonti,0,2,0,0,0,0
isixhosa_1_00349,UMmusi Maimane uyazalwa namhlanje!,0,2,0,0,0,0
isixhosa_1_00350,Yenze imbali kwakhona kwiqakamba iSunrisers Eastern Cape!,0,3,0,0,0,0
isixhosa_1_00351,Baphiwe izixhobo zemfundo abahlali baseSkiet,0,2,0,0,0,0
isixhosa_1_00352,Umprofeti uncede isikolo saseSterkspruit,0,2,0,0,0,0
isixhosa_1_00353,URassie Erusmas ocaphukise iWorld Rugby imfuna emaplangeni,0,0,0,2,0,0
isixhosa_1_00354,UGustavo Paez noKhune balwe kwamdak’iisali,0,1,0,0,0,0
isixhosa_1_00355,Isibindi sokukhuthuza umtu sele efile! | EC Indab,0,0,0,2,0,0
isixhosa_1_00356,"Usindile uBaxter, izembe beliloliwe",0,0,0,0,0,0
isixhosa_1_00357,Amanye amatyala kwisidlwengu saseNMU,0,0,0,2,0,0
isixhosa_1_00358,Neil Powell: Sidlale ngawo amathuba wethu!,2,0,0,0,0,0
isixhosa_1_00359,I’solezwe Gig Guide noAgent Lungaz,0,0,0,0,0,0
isixhosa_1_00360,USonia ufinyeza imikhono yakhe kwi-The Alliance,1,0,0,0,0,0
isixhosa_1_00361,Awuqini umnqwazi ngomba wabaphathiswa abaphanda urhulumente,0,0,1,0,0,0
isixhosa_1_00362,UCrazy Tulz wenza kakhulu kwingoma entsha!,0,2,0,0,0,0
isixhosa_1_00363,UNoxolo umongamele uPortia eMdantsane Indoor Sports Centre,0,0,0,0,0,0
isixhosa_1_00364,"‘Ndifuye iihagu, nokulima ndiyakufuna’",0,2,0,0,0,0
isixhosa_1_00365,Bafuna inkamnkam iqale ku36,0,0,0,0,1,0
isixhosa_1_00366,"Fika uphila, qhuba ngenkathalo",0,0,0,0,0,0
isixhosa_1_00367,UJohn Maduka uyivumile induku yeMamelodi Sundowns!,0,1,0,0,0,0
isixhosa_1_00368,Ubethiwe uMzantsi Afrika kumdlalo wokuqala yiSweden,2,0,0,0,0,0
isixhosa_1_00369,Umsasazi weNyan’ Nyan uza kufunda eyunivesithi okokuqala!,0,2,0,0,0,0
isixhosa_1_00370,Ugwetyelwe ukurhwaphiliza izithonga zemali!,0,0,0,0,1,0
isixhosa_1_00371,UNambitha uchub' isikhwebu kwiZaziwa!,0,2,0,0,0,0
isixhosa_1_00372,Sisisi Tolashe phakama mfazi!,0,0,0,0,0,0
isixhosa_1_00373,Isizwe sifela embelekweni ngenxa yotywala,3,0,0,0,0,0
isixhosa_1_00374,Bobani: Urhulumente olawulayo eBhayi akazokuyiphepha imingeni,0,0,0,0,0,0
isixhosa_1_00375,Isivumelwano sikachatha kubasebenzi beYunivesithi yaseRhodes,0,2,0,0,0,0
isixhosa_1_00376,IBanyana Banyana iwe phantsi ityeli lesihlanu,2,0,0,0,0,0
isixhosa_1_00377,Intsumantsumane ephakathi kweChiefs nePSL isetafileni kaMnu. Zola Majavu,0,0,0,0,0,0
isixhosa_1_00378,Abafazi bakwaXhosa bavuyela iziko elitsha lezobuGcisa ephondweni!,0,2,0,0,0,0
isixhosa_1_00379,UMphahlele ucacisa ngokuya kwakhe kwiKaizer Chiefs,0,0,0,0,0,0
isixhosa_1_00380,UBaxter angadlula kwiPirates kweli tyeli?,0,0,0,0,0,0
isixhosa_1_00381,Kubukele inkosikazi kurhuqwa phantsi isidima senye!,3,0,0,0,0,0
isixhosa_1_00382,Ndyoko: ‘Afela ngaphakathi amadoda ahlukunyezwayo’,3,0,0,0,0,0
isixhosa_1_00383,Zitshe zabhubha iinkokeli zebandla,3,0,0,0,0,0
isixhosa_1_00384,Uyazisola ngokubulala indoda yakhe ngedliso,2,0,0,0,0,0
isixhosa_1_00385,Sipho Tanana 1932 - 2020,0,0,0,0,0,0
isixhosa_1_00386,Yonwaba noZitulele kwiThetha nabo Experience,0,0,0,0,0,0
isixhosa_1_00387,Ugwetyiwe owadlwengula inkosikazi phambi kwendoda yayo,2,0,0,0,0,0
isixhosa_1_00388,"UZahara usemathandweni, hayi etywaleni!",0,2,0,0,0,0
isixhosa_1_00389,Kuvalwe enye indawo yokubhaka ngenxa yokungacoceki,2,0,0,0,0,2
isixhosa_1_00390,Usagcwele amathafa umrhanelwa odubule ilungu lakwasidlodlo | EC Indab,0,0,0,0,0,0
isixhosa_1_00391,Amapolisa akhangela owasetyhini owayeye emngcwabeni waduka,2,0,0,0,0,0
isixhosa_1_00392,NgabaPostile iiKumkani zeMpuma Koloni,0,0,0,0,0,0
isixhosa_1_00393,EzikaDa Gama zingonjwe yiJapan,1,0,0,0,0,0
isixhosa_1_00394,Azakungcwatywa amathambo ejoni lomzabalazo,3,0,0,0,0,0
isixhosa_1_00395,"ULaffor uza kuhlala kwiDowns, ekaLebese ayikacaci",0,0,0,0,0,0
isixhosa_1_00396,Lumile ushishino kwidolophu yaseNgcobo,1,0,0,0,0,0
isixhosa_1_00397,IDowns iya kumdlalo weCaf ingciphuza,0,2,0,0,0,0
isixhosa_1_00398,Imke nemiphefumlo emithathu ingozi eMonti,3,0,0,0,0,0
isixhosa_1_00399,Abawuvali umlomo abazakubukela Amabhokobhoko,0,2,0,0,0,0
isixhosa_1_00400,UKekana ngukapteni omtsha weSundowns,0,2,0,0,0,0
isixhosa_1_00401,Ubuso baseTsholomnqa kwiRhythm City!,0,1,0,0,0,0
isixhosa_1_00402,Kubhubhe umkhwetha amnye ze abathathu bangeniswa esibhedlele eLusikisiki | EC Indab,3,0,0,0,0,0
isixhosa_1_00403,Oonqevu baqhekeze ithala leencwadi laseGcuwa,1,0,0,0,0,0
isixhosa_1_00404,Igqiyazana laseNgqamakhwe kwisithsaba sikaMiss Teen Commonwealth SA,0,2,0,0,0,0
isixhosa_1_00405,Kusathe cwaka eLusikisiki emva kweziganeko zolwaphulo-mthetho,0,1,0,0,0,0
isixhosa_1_00406,Huntshu bootitshala ngomsebenz’ omhle!,0,3,0,0,0,0
isixhosa_1_00407,Kubhubhe abathathu abazalanayo kwingozi eGcuwa,3,0,0,0,0,0
isixhosa_1_00408,UDJ Sbu ubuya nomculo kunye nesiselo!,0,2,0,0,0,0
isixhosa_1_00409,Inyamalele inkampani ibisakha izindlu eMkhonjana,0,0,0,0,0,0
isixhosa_1_00410,Uyalelwe ibheyile owadutyulwa kumhlaba ongezantsi,0,0,0,0,0,0
isixhosa_1_00411,Iingqondo zixinene ngamabhinqa betshatile,0,0,0,2,0,0
isixhosa_1_00412,"IDowns izibethele iBaroka emdlalweni wePSL, ePeter Mokaba Stadium",0,1,0,0,0,0
isixhosa_1_00413,AmaWesile akhalimela ukunukunezwa kwamanina nabantwana,1,0,0,0,0,0
isixhosa_1_00414,UNxuba uyagwexa kwela Isolezwe!,0,0,0,2,0,0
isixhosa_1_00415,Ibanjwa libethe elinye lalophula amazinyo eziseleni,2,0,0,0,0,0
isixhosa_1_00416,UNeyi Zimu ukhuthaza ukuzithemba nokuzimela ngengoma,0,1,0,0,0,0
isixhosa_1_00417,Yiminyaka ilikhulu(100) esethembeni kodwa ekugqibeleni ude wawubona umnyango wendlu entsha. | EC Indab,0,3,0,0,0,0
isixhosa_1_00418,UKhune uncoma ifolosi entsha yaMakhosi,0,2,0,0,0,0
isixhosa_1_00419,Amazwi ovelwano kuGunman ozixhomileyo,3,0,0,0,0,0
isixhosa_1_00420,Kuphuculwa izitalato zeelokishi eBhayi,0,2,0,0,0,0
isixhosa_1_00421,UNdoro ngumavula kuvaliwe weBucs,0,2,0,0,0,0
isixhosa_1_00422,Ilizwe laseJamani limemelela intsebenziswano neli phondo,0,1,0,0,0,0
isixhosa_1_00423,Umhlalutyi: Iyasokola xa idlala ekuhambeni iChippa,1,0,0,0,0,0
isixhosa_1_00424,UDesiree Ellis uzingomba isifuba ngomsebenzi owenziwe yiBanyana Banyana,0,3,0,0,0,0
isixhosa_1_00425,Likhaya lam lesibini i-Orlando Pirates - Moni,0,1,0,0,0,0
isixhosa_1_00426,Wabanjelwa ukuthengisa indlu kamakhulu wakhe!,1,0,0,0,0,0
isixhosa_1_00427,AmaZulu akafuni nokuva ngoTade wawo!,0,0,0,2,0,0
isixhosa_1_00428,Udinga ukuxhaswa ngemali umdlalo wentenetya,1,0,0,0,0,0
isixhosa_1_00429,Amakhosi aphantsi koxinizelelo kwiNedbank,2,0,0,0,0,0
isixhosa_1_00430,UNzimande uzikhabile izityholo ezigwenxa kwingxelo yeOUTA | EC Indab,0,0,0,0,0,0
isixhosa_1_00431,UChris Brown ubuyela eMzantsi Afrika!,0,2,0,0,0,0
isixhosa_1_00432,iRands inceda amaxhoba eTown 2,0,2,0,0,0,0
isixhosa_1_00433,Ibanjwa lidutyulwe labhubha emva kokujiwuzisa imela enkundleni,0,0,0,0,0,0
isixhosa_1_00434,UGraeme Smith unikwe isikhundla esitsha yiCricket South Africa,0,2,0,0,0,0
isixhosa_1_00435,ULusanda ufuna ukuvala ifayili yasemculweni,2,0,0,0,0,0
isixhosa_1_00436,Ufuna imbuyekezo kumlungu odubule iinkomo zakhe,2,0,0,2,0,0
isixhosa_1_00437,Banikwe uphumaphele kwisakhiwo esingenamkhitha,2,0,0,0,0,0
isixhosa_1_00438,UMzantsi Afrika ujonge ukunyathela iWest Indies kwiNdebe yeHlabathi,0,0,0,0,0,0
isixhosa_1_00439,Ixesha lolwaluko lwehlobo luvulwe ngokusesikweni,0,2,0,0,0,0
isixhosa_1_00440,Ibulele ngenkomo emva kokuphumelela iWadi iANC,0,2,0,0,0,0
isixhosa_1_00441,UJohn Maduka ngumqeqeshi omtsha weMaritzburg United,0,2,0,0,0,0
isixhosa_1_00442,Iinkcukaca manani zibonisa ukwehla kolwaphulo mthetho eMpuma Koloni,0,3,0,0,0,0
isixhosa_1_00443,Kudutyulwe kwabulawa abantu ngaphandle kweTarven eseSweetwaters eQonce | EC Indab,3,0,0,0,0,0
isixhosa_1_00444,Umjuxuzo umke nemiphefumlo yabafundi eWSU,3,0,0,0,0,0
isixhosa_1_00445,"Camagu, unomathotholo wemveli uyeza",0,3,0,0,0,0
isixhosa_1_00446,Ibhaqwe itshisiwe kwaye ibhubhile inkosikazi ebidukile!,3,0,0,0,0,0
isixhosa_1_00447,IDA ibhentsise ukuhohloka kweziseko ezingundoqo kwiidolophu ezincinci | EC Indab,2,0,0,0,0,0
isixhosa_1_00448,Aphinde afunana esiqwini amadoda aseBhayi,0,0,0,0,0,0
isixhosa_1_00449,Amavarara aquthiswe yiBlack Leopards emdlalweni weNedbannk Cup,1,0,0,0,0,0
isixhosa_1_00450,Luxhwarhe kwizihlobo usapho ngenxa kagandaganda,2,0,0,0,0,0
isixhosa_1_00451,De Allende: Siza kugxila kwiimpazamo zethu,0,0,0,0,0,0
isixhosa_1_00452,Kutyholwa urhulumente ngokuvalwa komgodi,0,0,0,2,0,0
isixhosa_1_00453,Utye imali kaRAF yomntakwabo nomntu ancuma naye,2,0,0,0,0,0
isixhosa_1_00454,"Ithemba alibulali,ubuyile umtwana oyimveku nowabiwa eGqeberha | EC Indab",0,3,0,0,0,0
isixhosa_1_00455,Inyukele kwindawo yesine iPirates emva kokubetha AmaZulu,0,2,0,0,0,0
isixhosa_1_00456,USiphesihle uzibona engusaziwayo wangomso,0,2,0,0,0,0
isixhosa_1_00457,Zibuyela emsebenzini iintatheli zeSABC,0,2,0,0,0,0
isixhosa_1_00458,IMpuma Koloni ikruquke kukuba ‘ngumka-nja’,0,0,0,3,0,0
isixhosa_1_00459,‘Kwisebe lethu sifundiswa ukunceda uluntu’,0,0,0,0,0,0
isixhosa_1_00460,Kuxakile ukubulawa kwabantu eLusikisiki,3,0,2,0,0,0
isixhosa_1_00461,Ubanjiwe orhanelwa ngokudlwengula eLusikisiki | EC Indab,0,0,0,0,0,0
isixhosa_1_00462,Umqeqeshi weWalter Sisulu uchulumancile,0,3,0,0,0,0
isixhosa_1_00463,Pitso Mosimane: Akekho umqeqeshi ongayifuniyo indebe yeCAF Champions League,0,0,0,0,0,0
isixhosa_1_00464,‘Ndiza kubabetha bonke apha eMzantsi Afrika’,0,0,0,2,0,0
isixhosa_1_00465,Urhulumente wephondo wamkele abatyali zimali abatsha eMonti | EC Indab,0,2,0,0,0,0
isixhosa_1_00466,Iqhube ngempumelelo intetho kaSodolophu eSajonisi uCeba Nomvuzo. | EC Indab,0,2,0,0,0,0
isixhosa_1_00467,UCelintondikwenzele umke nemali kwiBerlin November,0,2,0,0,0,0
isixhosa_1_00468,USodumo ufuna ukuqaqamba kwiqakamba yehlabathi,0,2,0,0,0,0
isixhosa_1_00469,Angalahlekelwa ngumsebenzi umqeqeshi weBaroka FC,2,0,0,0,0,0
isixhosa_1_00470,"""Ukukhululwa kukaPistorius ngengqawule kuthumela umyalezo ongalunganga kubaphuli-mthetho ",1,0,0,1,0,0
isixhosa_1_00471,"UShongwe uthi phantsi ngemilo, makuveliswe iintshatsheli emanqindini!",0,0,0,0,0,0
isixhosa_1_00472,Ushiyeke eziseleni otshise amalungu osapho amathathu,3,0,0,0,0,0
isixhosa_1_00473,UDu Plessis noDe Villiers baseziitshomi,0,1,0,0,0,0
isixhosa_1_00474,UModric ngumdlali ophum’izandla nangona waxikixwa ziimfazwe esakhula,0,2,0,0,0,0
isixhosa_1_00475,Abantwana baseGcuwa bakha ikamva ngebhola ekhatywayo!,0,3,0,0,0,0
isixhosa_1_00476,Umnqa umrhanelwa obuleleyo ukhutshwe eziseleni engekaxoxi noxoxa!,0,0,0,0,3,0
isixhosa_1_00477,Lixokile ipolisa kanti lifuna ukuyuruza,0,0,0,0,2,0
isixhosa_1_00478,Uphume ngokungathi uyakuchama umkhwetha kanti kukuqhwesha kwakhe. | EC Indab,0,0,0,0,2,0
isixhosa_1_00479,UMaduna noKamagi bazimisele ukuyinceda iCape Town Spurs!,0,2,0,0,0,0
isixhosa_1_00480,Amakhosi aquthiswe yiTS Galaxy aphuma esophisa eMbombela Stadium,1,0,0,0,0,0
isixhosa_1_00481,Uvuthulule abantwana ngentonga yomtshayelo,1,0,0,0,0,0
isixhosa_1_00482,Aqhweshe ngefestile amabanjwa eMakhanda!,0,0,0,0,2,0
isixhosa_1_00483,Kutheni amantombazana esoyika xa efikelela exesheni?,0,0,1,0,0,0
isixhosa_1_00484,Kungene indoda yaseJamani endaweni kaRhulani Mokwena!,0,0,0,0,0,0
isixhosa_1_00485,Isidlwengu sigwetywe ubomi izihlandlo ezine!,0,2,0,0,0,0
isixhosa_1_00486,"Sisixhenxe(7) sonke esibhubhe kabuhlungu kwingozi yemoto, neyenzeke namhlanje eAliwal North. | EC Indab",3,0,0,0,0,0
isixhosa_1_00487,Ulutsha laseQonce kwisikhumbuzo seJune 16,0,0,0,0,0,0
isixhosa_1_00488,Lucela uncedo usapho olutshelwe likhaya,3,0,0,0,0,0
isixhosa_1_00489,UPaulse uzimisele ukuyinceda i-Ajax Cape Town,0,2,0,0,0,0
isixhosa_1_00490,Inyathi ibuzwa kwabaphambili eNyanga,0,0,0,0,0,0
isixhosa_1_00491,Igwetyiwe indoda edlwengula amantombazana aselula,2,0,0,2,0,0
isixhosa_1_00492,Ushiya iSABC emva kwe18 yeminyaka!,1,0,0,0,0,0
isixhosa_1_00493,Waqaqamba uDumke ombhoxweni iSpringbok sathatha indebe eMadagasca!,0,2,0,0,0,0
isixhosa_1_00494,Yamkele abanye abadlali abatsha iChippa United,0,2,0,0,0,0
isixhosa_1_00495,Sonwaba phi kweli hlobo eMonti?,0,0,0,0,0,0
isixhosa_1_00496,Ifunge ngelithi ayizukoyika ngokoyikiswa iEFF,0,0,0,0,0,0
isixhosa_1_00497,UMolefi Ntseki ucela uluntu luxhase aBafana Bafana phambi komdlalo weMandela Challenge,0,1,0,0,0,0
isixhosa_1_00498,Bazonwabisa ngemidlalo abadala eRhini,0,3,0,0,0,0
isixhosa_1_00499,Ufumanekile umzimba ekukholeleka ukuba ngokaMabongi,2,0,0,0,0,0
isixhosa_1_00500,Indlela yeyonoTaxi eMzantsi Afrika kwaye ukuba uyakuphikisa oko lindela ukuphulukana nobomi bakho. | EC Indab,3,0,0,0,0,0
isixhosa_2_00001,Uhanjiswe ze esidlangalaleni umfundi yinqununu,2,0,0,0,2,0
isixhosa_2_00002,Lithini ikamva labantwana bethu?,1,0,0,0,0,0
isixhosa_2_00003,UCristiano Ronaldo ulihlangule ilizwe lakhe kwiSpain!,0,3,0,0,0,0
isixhosa_2_00004,Kuphehlelelwe iziko lokucoca amanzi,0,2,0,0,0,0
isixhosa_2_00005,Kungeniswe abanye abafundi esibhedlele ngenxa yeebhiskithi abazithenge kuMy Friend,3,0,0,0,0,0
isixhosa_2_00006,Awasindanga amafama weli kwiCOVID-19,3,0,0,0,0,0
isixhosa_2_00007,UNomeva umfuna esiqwini uGwayani waseMalawi!,0,0,0,2,0,0
isixhosa_2_00008,Ingozi esube imiphefumlo emithandathu(6) | EC Indab,3,0,0,0,0,0
isixhosa_2_00009,Igwetywe ubomi iNkosi ngokudlwengula izihlobo!,3,0,0,0,0,0
isixhosa_2_00010,Abarhanelwa babanjwe neengxowa zentsangu,0,0,0,0,0,0
isixhosa_2_00011,Uceba uchithe iR50 000 kwipotsoyi!,0,0,0,2,2,0
isixhosa_2_00012,Kubanjwe abarhanelwa abahlanu eMpuma Koloni ngokuqhekeza amashishini | EC Indab,0,0,0,0,0,0
isixhosa_2_00013,Iduke engceni ingcibi ebulalayo!,2,0,0,2,0,0
isixhosa_2_00014,Imbaleki yaseDutywa idinwe kukushiya abantu ngoku idinga umntu enokukhuphisana nayo,0,1,0,0,0,0
isixhosa_2_00015,Ingakwazi na iChiefs ukulibazisa iMamelodi Sundowns?,0,0,0,0,0,0
isixhosa_2_00016,Ebethi uzama ukunceda suke izinto zamjikela. | EC Indab,0,0,0,0,2,0
isixhosa_2_00017,Iimviwo zematriki ziqale kakuhle: ISebe leMfundo | EC Indab,0,3,0,0,0,0
isixhosa_2_00018,Imfundiso ngekhorona mayikhutshwe ngeelwimi zonke,0,0,0,0,0,0
isixhosa_2_00019,SKEEM SAAM: Kwenzeka ntoni?,0,0,0,0,0,0
isixhosa_2_00020,I-Mthatha Bucks idlale ntanganye ne-Warriors,0,0,0,0,0,0
isixhosa_2_00021,Umtyhi kulwaphulomthetho ngexesha leLockdown,0,1,0,0,0,0
isixhosa_2_00022,"Ukusebenza ngomhlaba kuyaphilisa, utsho umfama",0,2,0,0,0,0
isixhosa_2_00023,Ikhaya leenkedama lilizwe ngezidingo zabantwana,0,3,0,0,0,0
isixhosa_2_00024,Udlala umdlalo wokuqala  uMthatha  Bucks,0,2,0,0,0,0
isixhosa_2_00025,Qokelelani iiR350 zenu zikhedame ePosini,0,0,0,0,0,0
isixhosa_2_00026,"UMabuyane ucela abana-60, bangayi ePasikeni",0,0,0,0,0,0
isixhosa_2_00027,Amapolisa asaqhubeka nephulo lokulwa imipu engekho mthethweni | EC Indab,0,1,0,0,0,0
isixhosa_2_00028,Ipolisa libanjwe ngezityholo zokufuna isinyobo,1,0,0,0,0,0
isixhosa_2_00029,UMabuyane ungenelele kundabamlonyeni weMioca Lodge yaseCala,0,0,0,0,0,0
isixhosa_2_00030,UJames Okwuosa ufince ikhulu lemidlalo kwiChippa United,0,2,0,0,0,0
isixhosa_2_00031,UMorgan Mammila ucacisa akufunayo kuCraig Martin ofikayo,0,0,0,0,0,0
isixhosa_2_00032,Iphelile indlela yama-Arab emva kokubethwa yiFrance ngo’2-0,2,0,0,0,0,0
isixhosa_2_00033,Uphumelele indawo yesibini uYose,0,3,0,0,0,0
isixhosa_2_00034,‘Kwakungelulanga kuthi bazobi ngaphambili’,1,0,0,0,0,0
isixhosa_2_00035,Kukhululwe ishumi labarhanelwa kumbhodamo wetyala lokubulala lakwaNokholeji | EC Indab,0,0,0,0,0,0
isixhosa_2_00036,Inkosikazi ibanjwe ngezityholo zokubulala umyeni,2,0,0,0,0,0
isixhosa_2_00037,Nantsi iR250 000 kwabanomdla wokuncedisa uSPAR ekucoceni indalo,0,2,0,0,0,0
isixhosa_2_00038,Ukuphakamisa iintsimbi kuguqula ubom bomntu,0,2,0,0,0,0
isixhosa_2_00039,"‘KuLit’ kwishishini lezolimo, itsho intombazana",0,3,0,0,0,0
isixhosa_2_00040,Ingxaki yokumitha kwisikolo sabazizithulu,1,0,0,0,2,0
isixhosa_2_00041,Lithengwa yiChina icuba lamafama aseZimbabwe,0,0,0,0,0,0
isixhosa_2_00042,Kusweleke abantu ababini kwingozi eyenzeke ngaphandle nje kwase Port Alfred | EC Indab,3,0,0,0,0,0
isixhosa_2_00043,"Abanye abavotanga eMthatha, amagama wabo akavelanga!",0,0,0,0,2,0
isixhosa_2_00044,Isebe lezempilo eMpuma Koloni liyasilela ukubhatala ooNogada bezibhedlele zeliphondo | EC Indab,2,0,0,2,0,0
isixhosa_2_00045,Uceba ‘utya imali’ kamasipala noBen 10!,0,0,0,2,2,0
isixhosa_2_00046,Kudutyulwe umfundi webanga leshumi eGqeberha | EC Indab,3,0,0,0,0,0
isixhosa_2_00047,Amanqanaba asixhenxe omtshato oyimpumelelo,0,0,0,0,0,0
isixhosa_2_00048,UThuso ubalisa ibali lakhe ngokwenza imizobo,0,0,0,0,0,0
isixhosa_2_00049,Uluntu lwaseMthatha luxhalabile ngokuqhambuka kwesifo senkomo esingaziwayo | EC Indab,0,0,3,0,0,0
isixhosa_2_00050,"Siyafunda, siyakhonza: umfundi oseCuba",0,2,0,0,0,0
isixhosa_2_00051,"Ootata ngegama, hayi ngezenzo",2,0,0,0,0,0
isixhosa_2_00052,Ubothulela umnqwazi abadlali bakhe uPitso,0,3,0,0,0,0
isixhosa_2_00053,Ingaba uKumkani Dalindyebo uBuyelekhaya? | EC Indab,0,0,0,0,0,0
isixhosa_2_00054,UMasualle uqhwabela izandla umzi wakwa-VW,0,3,0,0,0,0
isixhosa_2_00055,Isivunguvungu somoya sisube imiphefumlo yababini eMpuma Koloni,3,0,0,0,0,0
isixhosa_2_00056,Udilize izindlu umoya eMalahleni,3,0,0,0,0,0
isixhosa_2_00057,Kubhubhe umrhanelwa omnye kudubulwano phakathi kwababarhanelwa namapolisa aseGqeberha eZwide | EC Indab,2,0,0,0,0,0
isixhosa_2_00058,UTrevor Noah ubulela umama ngempumelelo yakhe!,0,3,0,0,0,0
isixhosa_2_00059,Amaqela aseMzantsi alungiselela iSuper Rugby!,0,2,0,0,0,0
isixhosa_2_00060,ULizo Gqoboka waseNtabankulu uthi lo unyaka ngowakhe,0,2,0,0,0,0
isixhosa_2_00061,AbakwaSANRAL batyelela izikolo eBCM,0,2,0,0,0,0
isixhosa_2_00062,Basebenzela ebugxwayibeni abasebenzi bezolimo,2,0,0,0,0,1
isixhosa_2_00063,Isikhumbuzo: Stanley Toni - ivulandlela kumanqindi,0,1,0,0,0,0
isixhosa_2_00064,Uvuyo uAphelele evuzwa ngeyunifomu,0,3,0,0,0,0
isixhosa_2_00065,I-WSU ityhile kwelinye ikhasi ngefashoni,0,2,0,0,0,0
isixhosa_2_00066,Itshabalalise indlu yomhlolokazi itekisi,3,0,0,0,0,0
isixhosa_2_00067,IChippa United iyifun’apha iSundowns eyingozi,0,0,0,0,0,0
isixhosa_2_00068,Zidla zigoduka ngoku kwi2017 Afcon,0,0,0,0,0,0
isixhosa_2_00069,Babhubhile abasele utywala obunetyhefu,3,0,0,0,0,0
isixhosa_2_00070,IStormers sidlala ngaphandle kwabadlali abaphambili ngoMgqibelo,1,0,0,0,0,0
isixhosa_2_00071,UMiddendorp ukhathazwa bubuthuntu beefolosi zeChiefs!,2,0,0,0,0,0
isixhosa_2_00072,Ucela uncedo umfama uSihle Maseko,2,0,0,0,0,0
isixhosa_2_00073,Umdlalo weGalaxy neSundowns umisiwe ngenxa yengozi,2,0,0,0,0,0
isixhosa_2_00074,UGeorge Maluleka uthi kumothusile ukukhululwa yiMamelodi Sundowns,0,0,0,0,3,0
isixhosa_2_00075,Isithsaba soloyiso siphuma kubalandeli,0,2,0,0,0,0
isixhosa_2_00076,Lafundela emlanjeni ukubumba nokuzoba inenekazi laseBhayi,0,1,0,0,0,0
isixhosa_2_00077,"Kubhubhe umkhwetha, abanye bakwimeko embi esibhedlele",3,0,0,0,0,0
isixhosa_2_00078,Italente ifele kwiilali zaseDutywa,2,2,0,0,0,0
isixhosa_2_00079,Babhaqiwe ooMy Friend abathengisa ukutya okuphelelweyo,2,0,0,2,0,0
isixhosa_2_00080,URhulumente weMpuma Koloni uvule isibhedlele esixabise iR689-m eMatatiele,0,2,0,0,0,0
isixhosa_2_00081,Uceba ‘wonyanya ilindle’ ebantwini bakhe,0,0,0,0,0,3
isixhosa_2_00082,Ufunyenwe unqunyulwe isinqa umzimba wenina laseMaclear | EC Indab,3,0,0,0,0,0
isixhosa_2_00083,ULyle Foster ungene waphelela kwiqela likaVincent Kompany!,0,2,0,0,0,0
isixhosa_2_00084,UVolkswagen WCT uqhuba nephulo lokukhuthaza abantwana ukufunda!,0,2,0,0,0,0
isixhosa_2_00085,Abahlala ezitalatweni: Umqobo kukungabikho komgaqonkqubo,0,0,0,0,0,0
isixhosa_2_00086,UJose Riveiro ubeka elubala akufunayo kwiMTN8 Cup!,0,0,0,0,0,0
isixhosa_2_00087,Amazulu FC abethwe ahamba kancinci yiPirates emdlalweni wePSL!,0,0,0,0,0,0
isixhosa_2_00088,Inkwenkwana yaseJeffreys Bay iya eKenya kukhuphiswano,0,3,0,0,0,0
isixhosa_2_00089,Ukuvalwa kwendlela zezithuthi zabafundi baseMpuma Koloni akukho mthethweni. | EC Indab,0,0,0,3,0,0
isixhosa_2_00090,"Usaqhula ekugugeni, ongagugiyo uLottering",0,2,0,0,0,0
isixhosa_2_00091,Kukude ebhakubha kumaqela aseBhayi,1,0,0,0,0,0
isixhosa_2_00092,UZille wehlulakele ukubayinkokeli elinina elikhusela amanye amanina,3,0,0,0,0,0
isixhosa_2_00093,Ithe zava emalini iBanyana Banyana,0,3,0,0,0,0
isixhosa_2_00094,Uncedo kwintwazana edlwengulwe amatyeli ngamatyeli eNgcobo,3,0,0,0,0,0
isixhosa_2_00095,Inkosikazi yaxhatshazwa yinkosikazi ngezesondo,3,0,0,0,0,0
isixhosa_2_00096,IMamelodi Sundowns isecicini lokuzuza iindebe ezintathu kwisizini enye!,0,3,0,0,0,0
isixhosa_2_00097,IMafikizolo ibhiyozela iminyaka engamashumi amabini,0,3,0,0,0,0
isixhosa_2_00098,IBanyana Banyana igxeleshe iNdebe yeHlabathi,0,2,0,0,0,0
isixhosa_2_00099,Iimbaleki zaseMthatha ezisweleyo zicela amalizo ebantwini,3,0,0,0,0,0
isixhosa_2_00100,"Ukonakala kwenye, kukulunga kwenye Listeriosis!",0,0,0,0,0,0
isixhosa_2_00101,"iPirates ibethe iSwallows, yona iRichards Bay ihlaze iGolden Arrows!",0,2,0,0,0,0
isixhosa_2_00102,Makufundiswe ukubaluleka komhobe wesizwe,0,0,0,0,0,0
isixhosa_2_00103,Lithuba elihle leGhana lokugodusa uLuis Suarez ephaca,0,1,0,0,0,0
isixhosa_2_00104,INkulumbuso uOscar Lubabalo Mabuyane uzakuchitha usuku lwangomso namanina aseMpuma Koloni. | EC Indab,0,2,0,0,0,0
isixhosa_2_00105,‘UGqr. Wagner yile nto ifunwa liSebe’,0,2,0,0,0,0
isixhosa_2_00106,Amaxwebhu ophando atshe ngumlilo eBhisho,2,0,0,0,2,0
isixhosa_2_00107,Kusekude engqinibeni kwinyewe yaseMnquma,1,0,0,0,0,0
isixhosa_2_00108,UKoti ubuyela eSABC ezokuphatha,0,2,0,0,0,0
isixhosa_2_00109,Uwongwe ngesidanga sobuGqirha uSongelwa,0,3,0,0,0,0
isixhosa_2_00110,‘Esi sisiqalo sezinto ezinkulu’ - Hunt,0,2,0,0,0,0
isixhosa_2_00111,Abasebenzi bakamasipala bacela ibhonasi kubahlali,0,0,0,0,2,0
isixhosa_2_00112,‘Wenze sure ukuba ubetha entloko apho uqondayo ukuba uza kuba umgqibile...’,0,0,0,0,0,0
isixhosa_2_00113,Kulephuza uyolo eKiwane Resort,0,3,0,0,0,0
isixhosa_2_00114,Inzwakazi yaseNgcobo isasaza iOPW!,0,3,0,0,0,0
isixhosa_2_00115,UCoetzee uzakubangqingqwa xa etyumba abadlali,0,0,0,0,0,0
isixhosa_2_00116,URosie Motene ubhale incwadi ngobomi bakhe,0,2,0,0,0,0
isixhosa_2_00117,#LOCALisLEKKER- Zithini iinkqubo ezintsha zeSABC 3?,0,0,0,0,0,0
isixhosa_2_00118,Ubanjiwe owabalekela eLimpopo emva kokubulala isithandwa sakhe,2,0,0,0,0,0
isixhosa_2_00119,Ukuthelekiswa kwaqela omnyazi kwamkelwe ngovuyo nguMzantsi Afrika!,0,2,0,0,0,0
isixhosa_2_00120,Inkonzo yamaWisile ithe ndlelantle kumfundisi wayo,1,2,0,0,0,0
isixhosa_2_00121,Intlungu yakhe imqhubele empumelelweni,0,2,0,0,0,0
isixhosa_2_00122,Umtyholwa wesihlanu ebesedokisini kwityala lokuzama ukubulala uJaques | EC Indab,2,0,0,0,0,0
isixhosa_2_00123,Angcwatyiwe amaxhoba ohlaselo eMthatha,3,0,0,0,0,0
isixhosa_2_00124,"“Ukuba iMagic ingabetha iChiefs, iyakuba ngathi iphumelele iNedbank Cup”",0,1,0,0,0,0
isixhosa_2_00125,Kugawulwa ihlathi elizimela amasela aseNgcobo,0,2,0,0,0,0
isixhosa_2_00126,"‘UZuma akasosibhanxa, akafundanga qha’",0,0,0,0,0,0
isixhosa_2_00127,Umrhanelwa ebenxiba iimpahla zoomama nezenkonzo,0,0,0,0,2,0
isixhosa_2_00128,Ukhuphiswano lamafama oboya eMatatiele,0,0,0,0,0,0
isixhosa_2_00129,UTikana uphose amazwi enkxaso kubafundi abonzakeleyo,0,1,0,0,0,0
isixhosa_2_00130,Sele iziveki kukhangelwa umama ona-60 owayeye kwisithandwa sakhe!,2,0,0,0,0,0
isixhosa_2_00131,UMntla Koloni uzokufunxa ulwazi eMpuma Koloni,0,2,0,0,0,0
isixhosa_2_00132,Kungakho ingxaki yeebhonasi enkampini yaBafana Bafana,0,0,0,0,0,0
isixhosa_2_00133,Zonke iingxaki zeza noZuma?,0,0,0,0,0,0
isixhosa_2_00134,Kufuneka isebenze nzima iChippa kwimidlalo yayo,0,0,0,0,0,0
isixhosa_2_00135,"SABC, ithini na le nto?",0,0,0,0,0,0
isixhosa_2_00136,Mibini(2)imizimba efunyenwe isitsha ngaphakathi evenkileni logama omnye kubo ebotshelelwe | EC Indab,3,0,0,0,0,0
isixhosa_2_00137,Kutyalwe iR4-billion nguVW kwiziko eliseKariega!,0,3,0,0,0,0
isixhosa_2_00138,Ingozi yeemoto isube imiphefumlo emithandathu,3,0,0,0,0,0
isixhosa_2_00139,UBlackBerry unequkunya elitsha kraca,0,2,0,0,0,0
isixhosa_2_00140,Umhlangala uza kudedela inyhwagi!,0,0,0,0,0,0
isixhosa_2_00141,UMosimane akothukanga ngumdla we-Al Ahly,0,0,0,0,0,0
isixhosa_2_00142,Ibanjiwe inkosikazi ebhaqwe inentsangu,0,0,0,0,2,0
isixhosa_2_00143,Kuphikiswana ngenyewe yabacimi mlilo eKhanada yimanyano iNUMSA nesebe lezendalo,0,0,0,0,0,0
isixhosa_2_00144,URamaphosa sele esifumene isiqingatha se-R1.2 trillion,0,2,0,0,0,0
isixhosa_2_00145,Sikhahlela uMama Phyllis Ntantala-Jordan,0,2,0,0,0,0
isixhosa_2_00146,Athengwa ngotywala amapolisa aseQonce,2,0,0,0,2,0
isixhosa_2_00147,Bafana bombhoxo niyambesil’ iAfrika,0,3,0,0,0,0
isixhosa_2_00148,IZIMVO: THINA SAZI IMBUMBA YAMANYAMA,0,0,0,0,0,0
isixhosa_2_00149,Umgomo walo nyaka uthi:,0,0,0,0,0,0
isixhosa_2_00150,Ungcwatyiwe namhlanje umfundi(16) owabulawa ngabanye esikolweni kuCofimvaba | EC Indab,3,0,0,0,0,0
isixhosa_2_00151,Iingoma zikaEmjay Joyi waseSajonisi,0,0,0,0,0,0
isixhosa_2_00152,Yaphela imisebenzi yi “4IR”,2,0,0,0,0,0
isixhosa_2_00153,"Kubanjwe abadidiyeli, kwathathwa nalo singamqombothi",0,0,0,0,2,0
isixhosa_2_00154,Umbulali kaUyinene Mrwetyana ubuyele enkundleni ngetyala lokuzama ukudlwengula,2,0,0,0,0,0
isixhosa_2_00155,Uqale ishishini lokuvasa izihlangu uAsanda,0,2,0,0,0,0
isixhosa_2_00156,"UZuma akayi ndawo, uyakwehla ngo-2019",0,0,0,0,0,0
isixhosa_2_00157,Abulewe amakhosikazi amabini eO.R.Tambo,3,0,0,0,0,0
isixhosa_2_00158,Umbumbi waseGcuwa uzenzela igama,0,2,0,0,0,0
isixhosa_2_00159,Intombi ibulele indoda yayo!,2,0,0,0,0,0
isixhosa_2_00160,UTinkler ushiywe enomsindo yiTP Mazembe,0,0,0,3,0,0
isixhosa_2_00161,‘...Imbi into elapha xa sele kusina imvula’,3,0,0,0,0,0
isixhosa_2_00162,UNathi Mankayi ubanjelwe ubusela kwakhona!,0,0,0,0,2,0
isixhosa_2_00163,Owasetyhini obanjelwe ukutyhola amapolisa ngodlwengulo | EC Indab,1,0,0,0,0,0
isixhosa_2_00164,Kuphandwa ityala lokudutyulwa kwenkosikazi,2,0,0,0,0,0
isixhosa_2_00165,‘Imizimba yethu ayondawo yokudlala!’,0,0,0,2,0,0
isixhosa_2_00166,UVusani uthi likhaya lakhe iChippa,0,1,0,0,0,0
isixhosa_2_00167,Ukhutshwe emoyeni umsasi ebhidwe ziintsuku!,0,0,0,0,2,0
isixhosa_2_00168,Inkxaso yeR40m kumashishini amancinane,0,3,0,0,0,0
isixhosa_2_00169,Kuyothusa ukudlwengulwa kwamanina eMpuma Koloni!,3,0,0,0,2,0
isixhosa_2_00170,Umsasazi utyholwa ngokudlwengula inkwenkwe,3,0,0,0,0,0
isixhosa_2_00171,Makukhangelwe indlela yokuphucula iindawo zokuzilolonga zamanqindi,0,0,0,0,0,0
isixhosa_2_00172,‘Asizifuni ivoti zabantu ababulala amanye Ama-Afrika’,2,0,0,2,0,0
isixhosa_2_00173,Kutyholwa isiporho ngokubhubha kukaMagwinya,2,0,0,0,2,0
isixhosa_2_00174,UKhune ucela into enye kubalandeli beChiefs,0,0,0,0,0,0
isixhosa_2_00175,Uvavanyo - 2016 Suzuki Vitara GL+,0,0,0,0,0,0
isixhosa_2_00176,IPirates ifumene urhasatsha wefolosi eNigeria,0,2,0,0,0,0
isixhosa_2_00177,Uzakuba mde lo nyaka,0,0,0,0,0,0
isixhosa_2_00178,UNYULO LOVALOZIKHEWU eBUFFALO CITY,0,1,0,0,0,0
isixhosa_2_00179,USerena noVenus badibana etshatshalazeni ngoMgqibelo!,0,2,0,0,0,0
isixhosa_2_00180,Mawabuye amathambo kaPokela eZimbabwe,1,0,0,0,0,0
isixhosa_2_00181,Izimvo zolutsha ngeJune 16,0,0,0,0,0,0
isixhosa_2_00182,Amasi abekwe elangeni kwi Bonkolo Marathon,0,0,0,0,0,0
isixhosa_2_00183,Lakuxoxwa kunyaka ozayo ityala laseBCM,0,0,0,0,0,0
isixhosa_2_00184,‘Ungaboleka imali ebhankini likhona iqabane?’,0,0,0,0,0,0
isixhosa_2_00185,Umyalezo omkhulu kwingoma entsha kaDJ 6teen,0,2,0,0,0,0
isixhosa_2_00186,Abafana Bes’thende bakhuphele umsindo kwiPolokwane City namhlanje emalanga,0,0,0,0,0,0
isixhosa_2_00187,Udiniwe kukuthetha into enye uKomphela,1,0,0,1,0,0
isixhosa_2_00188,Lutyholwa ngokuba lunesandla ekudukeni komntwana usapho!,2,0,0,0,2,0
isixhosa_2_00189,Amapolisa athi azakuzigada ii-ambulensi eBhayi,0,1,0,0,0,0
isixhosa_2_00190,Kudibana oomakad’ezondana kwiSuper Series!,0,0,0,0,0,0
isixhosa_2_00191,Bazilungiselela inkomfa yeANC ephondweni,0,0,0,0,0,0
isixhosa_2_00192,"“UBobby Motaung usisigidimi seChiefs, izigqibo azithathwa nguye”",0,0,0,0,0,0
isixhosa_2_00193,UMemela ufuna itshayele kwanto iPirates,0,0,0,0,0,0
isixhosa_2_00194,Ngubani oza kuphumelela idabi laseSoweto?,0,0,0,0,0,0
isixhosa_2_00195,IMaritzburg ingenza inzuzo entle ngo-Ofori,0,1,0,0,0,0
isixhosa_2_00196,Uvavanyo - 2016 Chevrolet Captiva 2.2 D LT FWD AT,0,0,0,0,0,0
isixhosa_2_00197,Zilala endlini iigusha ngenxa yezinja,2,0,0,0,0,0
isixhosa_2_00198,UJoyi unephupha elinye ebomini bakhe,0,0,0,0,0,0
isixhosa_2_00199,UKeysher Fuller uncede iCosta Rica emva kokubhida uShuici Gona ove ngobaliselwa,0,2,0,0,0,0
isixhosa_2_00200,Kuqhambuke umbhodamo kuN6 eMpuma Koloni ngenxa yoqhankqalazo | EC Indab,2,0,0,0,0,0
isixhosa_2_00201,AbakwaEskom abafuni rontawuli kwaGodongwana,0,0,0,0,0,0
isixhosa_2_00202,UMphathiswa: ‘Kunzima nowubiza lo msunu’,0,0,0,2,0,0
isixhosa_2_00203,UNkohla ulala ngengubo enye neqela elitsha lezopolitiko,0,0,0,0,0,0
isixhosa_2_00204,Mazihlawulwe imali elinganayo iingcibi zabakhwetha,0,0,0,0,0,0
isixhosa_2_00205,IChippa United iya emfazweni enzima ePolokwane,0,0,0,0,0,0
isixhosa_2_00206,"Imnqunqe okwebhokhwe umlingane wayo, indoda eligosa lezoluleko eMonti | EC Indab",2,0,0,0,0,0
isixhosa_2_00207,Indoda iloba amabhinqa kwezesondo,2,0,0,0,0,0
isixhosa_2_00208,Igintsa laseMthatha libethwe sisazela,2,0,0,0,0,0
isixhosa_2_00209,Ubungozi obenziwa zizithambisi zokhanyiso-lusu,0,0,2,0,0,0
isixhosa_2_00210,Konakele ngenxa yokuyekelela kweeNkosi!,3,0,0,0,0,0
isixhosa_2_00211,Baphumelele iMatriki kodwa nkqi iziqinisekiso,3,0,0,0,0,0
isixhosa_2_00212,"‘Cimani loo TV, sihamba nayo’",0,0,0,0,0,0
isixhosa_2_00213,Libanjelwe isatifikethi sikaGrade 12 somgunyathi iGosa lezeMpilo,0,0,0,0,2,0
isixhosa_2_00214,UMapisa-Nqakula kulindeleke ukuba azinikezele emapoliseni,0,0,0,0,0,0
isixhosa_2_00215,Utshintsho lweengqondo kwimibutho yepolitiki,0,0,0,0,0,0
isixhosa_2_00216,AmaMpondo aguqukela kwinkolo yobuSilamsi,0,0,0,0,0,0
isixhosa_2_00217,Bafuna umbane kwiMbizana yonke,0,0,0,0,0,0
isixhosa_2_00218,"Manyala wani la, wokudlwengulisa iigusha ngabantwana? | EC Indab",0,0,0,0,0,3
isixhosa_2_00219,Iingxaki zesebe lezemfundo zichan’ abafundi,3,0,0,0,0,0
isixhosa_2_00220,Uphele tu umzi wendoda yaseDutywa nguthikoloshe,3,0,0,0,2,0
isixhosa_2_00221,Uza kunqaba umbona kwihlabathi,0,0,0,0,0,0
isixhosa_2_00222,UZidane akaqinisekanga ngekamva lakhe,1,0,1,0,0,0
isixhosa_2_00223,"Kuduke abatshana, wabanjwa umalume!",2,0,0,0,2,0
isixhosa_2_00224,Wabethwa ngootitshala bembiza ixoki,3,0,0,0,0,0
isixhosa_2_00225,Inkosikazi ebixokile ikhululwe ngebheyile,0,0,0,0,0,0
isixhosa_2_00226,‘Ubusazi na umzobo uphilisa umphefumlo?’,0,2,0,0,0,0
isixhosa_2_00227,Ababulali mababulawe nabo xa besixutha ubomi bomtu. | EC Indab,0,0,0,3,0,0
isixhosa_2_00228,Akavumanga nemifanekiso ‘amagqwirha’ aseGwadana,0,0,0,0,2,0
isixhosa_2_00229,Awakabhaqwa amabanjwa aqhweshe KwaBhaca,0,0,0,0,0,0
isixhosa_2_00230,Abazali bagxothe inqununu etyholwa ngesincwaso,2,0,0,0,0,0
isixhosa_2_00231,Kubiwa amatye wamangcwaba eMthatha,0,0,0,0,0,0
isixhosa_2_00232,Bacaphukile lixhego elidlwengula amakhwenkwe kummandla waseCala,0,0,0,3,0,0
isixhosa_2_00233,Uqhanqalazo luthintela ezinye izikhululo zobhaliso eMpuma Koloni ekuvuleni | EC Indab,2,0,0,0,0,0
isixhosa_2_00234,Awekho amagumbi okufundela eTyelimhlophe,3,0,0,0,0,0
isixhosa_2_00235,Abanjwe ngentseni eCentral amadoda asolwa ngokuxhwila isithuthi | EC Indab,0,0,0,0,2,0
isixhosa_2_00236,Bayoyika emva kokukhululwa kukaLindile ejele,0,0,3,0,0,0
isixhosa_2_00237,‘Ithengiselwe igrigamba indlu yam’,0,0,0,3,0,0
isixhosa_3_00001,Wadlwengulelwa umntwana kwisikolo sabakhubazekileyo,3,0,0,0,0,0
isixhosa_3_00003,Kubanjwe abayi-533 eMpuma Koloni!,0,0,0,0,2,0
isixhosa_3_00012,"Indoda libhubesi, yingcongolo phezu koThukela!",0,0,0,0,0,0
isixhosa_3_00022,UMndende Lixoki Nje Elidinga Into Yokwenza,0,0,0,2,0,0
isixhosa_3_00028,I-AIP ifuna kuxhaswe amaphephandaba asekuhlaleni,0,2,0,0,0,0
isixhosa_3_00031,Kubanjwe abemi bangaphandle ngezenzo zobuqhophololo!,0,0,0,0,0,0
isixhosa_3_00065,Zigwetyiwe izigelekeqe ezaqhekeza eMbizana,0,3,0,0,0,0
isixhosa_3_00067,Inkulumbuso igxale emswaneni ikuyokuxhasa abo bonakalelweyo izolo. | EC Indab,0,2,0,0,0,0
isixhosa_3_00069,Libuye lisindwa ziimbasa iqela leKarati,0,3,0,0,0,0
isixhosa_3_00071,Kusungulwe iphulo lokuphuhlisa ulimo,0,3,0,0,0,0
isixhosa_3_00074,Alizokuvulwa ityala lusapho lomntwana obebethwe wabokoboko ekhutshwa amadimoni eTsomo!,0,0,0,0,2,0
isixhosa_3_00076,Igatyana laseGcuwa likwiLive Amp ngokuhlwanje,0,2,0,0,0,0
isixhosa_3_00077,Isindile ezembeni iSwallows konwaba uMusa Nyatama!,0,2,0,0,0,0
isixhosa_3_00078,Unxunguphalo kubhubha uOntlametse Phalatse,3,0,0,0,0,0
isixhosa_3_00079,Ulonwabo ngethuba kuntlithwana eMonti,0,2,0,0,0,0
isixhosa_3_00082,Bazuza uncedo kwiKupelo Foundation,0,2,0,0,0,0
isixhosa_3_00083,Lilahlekelwe ilizwe loMzantsi Afrika........,2,0,0,0,0,0
isixhosa_3_00084,"‘Wonde ngam uceba, endibetha’",3,0,0,0,0,0
isixhosa_3_00085,Abanikazi be-Enyobeni Tavern bahlawuliswe i,0,0,0,0,0,0
isixhosa_3_00086,"Shiyeka 2016, samkela u2017",0,2,0,0,0,0
isixhosa_3_00087,IValentines Day iza nomculo oncamis' umxhelo eMonti!,0,2,0,0,0,0
isixhosa_3_00091,Igosa elitsha kwiSebe lezeMfundo,0,2,0,0,0,0
isixhosa_3_00092,UNomeva uyokuzama ubom obutsha,0,1,0,0,0,0
isixhosa_3_00093,Kubhubhe umfundi kwingozi yemoto,3,0,0,0,0,0
isixhosa_3_00094,Ziphaphatheke ngumoya iintente ze-IEC,1,0,0,0,0,0
isixhosa_3_00095,Isebe leZemidlalo lizibophelele kwakhona kwiEC Rugby Super 14,0,2,0,0,0,0
isixhosa_3_00097,Bagwetyiwe abahlasela iintatheli zeSABC,0,0,0,0,0,0
isixhosa_3_00098,Itshe nqunqe ibhasi yaseNgcobo,3,0,0,0,0,0
isixhosa_3_00099,Inxaxheba yezolimo kwizimali eZimbabwe,0,0,0,0,0,0
isixhosa_3_00100,Nqevu: ‘Igqirha alaziwa kowalo’,0,0,0,0,0,0
isixhosa_3_00101,Basabhadla ejele ababulala umakoti waseNgqushwa!,2,0,0,0,0,0
isixhosa_3_00102,INgangolwandle ibuyisa udumo lwangaphambili,0,2,0,0,0,0
isixhosa_3_00103,Akusehli buthongo kodukelwe yintombi yakhe!,3,0,0,0,0,0
isixhosa_3_00105,Isichotho sonakalisile e-Alfred Nzo,2,0,0,0,0,0
isixhosa_3_00106,Usodolophu waseMalahleni kutyelelo eBelgium,0,0,0,0,0,0
isixhosa_3_00107,Bazakohlwaywa abophula imithetho yolwaluko,0,0,0,0,0,0
isixhosa_3_00108,UMbatyothi ubhubha ekwiphulo lokusindisa abantu kwiCovid-19,3,0,0,0,0,0
isixhosa_3_00109,Umbulali kaHani ubhubhe nenyani,0,0,0,0,0,0
isixhosa_3_00110,Ubomi ejele ngokubulala ummi waseTopiya,2,0,0,0,0,0
isixhosa_3_00111,Andile Mekeni: Ubom bam baguqulwa nguSpur,0,3,0,0,0,0
isixhosa_3_00112,UGiovanni Solinas uza kuvavanywa kumdlalo weShell Helix Cup,0,0,0,0,0,0
isixhosa_3_00114,UBenni ubeke ithemba lakhe kuTeko,0,0,0,0,0,0
isixhosa_3_00115,"IKings yongamele iWaratahs, eSydney!",0,2,0,0,0,0
isixhosa_3_00116,IFort Hare inoxanduva lokuphuhlisa isiXhosa,0,0,0,0,0,0
isixhosa_3_00117,Kudutyulwe kwabulawa indoda kwisityholo esirhanelwa ukuba sinxulumene neqela lemigulukudu kwindawo yaseGqeberha | EC Indab,3,0,0,0,0,0
isixhosa_3_00118,SIVELILE ENKUNDLENI NAMHLANJE ISIBINI ESINCUMA KUNYE NGETYALA LOKUBULALA | EC Indab,1,0,0,0,0,0
isixhosa_3_00120,Usapho luntunyekwe ngomlilo labhubha!,3,0,0,0,0,0
isixhosa_3_00121,Leliphi eliza kuphumelela iCarling Knockout?,0,0,0,0,0,0
isixhosa_3_00122,Uzakungcwatywa ngoMgqibelo uNkosi Mangosuthu Buthelezi,2,0,0,0,0,0
isixhosa_3_00123,Isikolo saseGcuwa siphiwe ibala elitsha nguMultiChoice!,0,3,0,0,0,0
isixhosa_3_00124,Angaphaya kwamakhulu amahlanu amantombazana athe azala engaphantsi kweminyaka eli 14 eMpuma Koloni | EC Indab,3,0,0,0,2,0
isixhosa_3_00127,Kudutyulwe indoda (74) ngethuba kuphangwa kwiFama yaseGwatyu | EC Indab,2,0,0,0,0,0
isixhosa_3_00128,Inxanelwe ubulungisa intombazana eyabethwa emthonjeni,2,0,0,0,0,0
isixhosa_3_00133,Intlungu yokuxhatshazwa emva kokubhujelwa ngumyeni,3,0,0,0,0,0
isixhosa_3_00134,Umlilo utshabalalise amatyotyombe aseKhayelitsha,3,0,0,0,0,0
isixhosa_3_00136,"Ithath’ indebe iAustralia, bashiyeka bengqukrulela aboMzantsi Afrika!",1,0,0,0,0,0
isixhosa_3_00137,‘Siyabulela Unilever ngezipho kuMvezo’,0,2,0,0,0,0
isixhosa_3_00138,Uphulukene nemali ethenjiswa umsebenzi womgunyathi esibhedlele,2,0,0,0,0,0
isixhosa_3_00142,Asikakhululeki gqibelele umhlaba ungekabuyi!,0,0,0,2,0,0
isixhosa_3_00143,Isikhuni esivuthayo sibuya ngomkhwezeli. | EC Indab,0,0,0,0,0,0
isixhosa_3_00144,Libhubhile ipolisa elidutyulwe ngunqevu obhubhileyo,3,0,0,0,0,0
isixhosa_3_00145,Kubanjwe abafundi abali-12 kwiYunivesithi iRhodes namhlanje,0,0,0,0,0,0
isixhosa_3_00146,Ibandla laseMthini linceda iinkedama,0,2,0,0,0,0
isixhosa_3_00147,"Wathint’ abafazi, wathint’ imbokodo",0,0,0,2,0,0
isixhosa_3_00148,UDavid Notoane ugcotyiswe kukuphumelela kwaBafana Bafana,0,2,0,0,0,0
isixhosa_3_00149,"IKings izakubuyisa isixhiba kwiSharks, eBhayi",0,0,0,0,0,0
isixhosa_3_00150,Umphathi ubaleka nemali yabasebenzi,1,0,0,0,0,0
isixhosa_3_00151,IRhabe yamkela abathandana besisini esinye,0,2,0,0,0,0
isixhosa_3_00152,Isebugxwayibeni indlu kaDDT Jabavu,2,0,0,0,0,0
isixhosa_3_00153,Ibanjiwe inkosikazi ehlabe ngomlomo webhotile obencuma naye!,0,0,0,0,0,0
isixhosa_3_00154,Ufuna ilungu lobudoda lomntwana wakhe,2,0,0,0,0,0
isixhosa_3_00155,Uzakuvela kwinkundla kaMantyi yaseGreat Brak owasetyhini osolwa ngokuhlaba umtwana oneminyaka emine(4) ubudala | EC Indab,3,0,0,0,0,0
isixhosa_3_00156,Ityendyana laseMthatha lifungiswe njengegqwetha leNkundla ePhakamileyo,0,0,0,0,0,0
isixhosa_3_00157,Mayiphuhlise izakhono kulutsha iNYDA,0,0,0,0,0,0
isixhosa_3_00158,Inkosikazi iyagcuma ziintlungu zesilondakazi,3,0,0,0,0,0
isixhosa_3_00159,"Ijinja iyalinywa, ayithengwa mfama",0,0,0,0,0,0
isixhosa_3_00160,Ulutsha luxakathiswe ngezakhono zoshishino,0,2,0,0,0,0
isixhosa_3_00161,UXolisa usondeza iinkonzo zempilo eluntwini,0,2,0,0,0,0
isixhosa_3_00162,Umama ebesindisa intombi yakhe baphela bebhubha bobabini kumlilo,3,0,0,0,0,0
isixhosa_3_00163,IYUNITHI YASE MAKHANDA YEK9 IBAMBE UMRHANELWA KWAYE YATHIMBA NE ABALONE | EC Indab,0,0,0,0,0,0
isixhosa_3_00164,"Kudutyulwe kwabulawa umrhanelwa omnye, kwangxwelerheka abathathu eGqeberha. | EC Indab",2,0,0,0,0,0
isixhosa_3_00165,UNgozi ugwetywe ubomi ngokubulala idindala,2,0,0,0,0,0
isixhosa_3_00166,Babanjiwe amadoda asixhenxe arhanelwa ngokuba imfuyo eMthatha,0,0,0,0,0,0
isixhosa_3_00167,Obedlala kwiPSL ukwinyathelo lomswenko,0,1,0,0,0,0
isixhosa_3_00168,IMpuma Koloni ifumene inyhweba yokusingatha itumente yehlabathi yeqakamba!,0,3,0,0,0,0
isixhosa_3_00169,Utyholwa ngokulenca ilungu langasese lomntwana,2,0,0,0,2,0
isixhosa_3_00170,I-Lesotho iguzulwe kwityathanga lamazwe e-SADC,1,0,0,0,0,0
isixhosa_3_00171,Owenkolo kaNtu ungcwatywe isiKrestu!,0,0,0,0,3,0
isixhosa_3_00172,Kudutyulwe kwabulawa oonoteksi abathathu eSajonisi | EC Indab,3,0,0,0,0,0
isixhosa_3_00173,Abarhanelwa abathathu babanjwe ngezityholo zokubulala ipolisa,3,0,0,0,0,0
isixhosa_3_00174,Kubanjwe abarhanelwa ngokubulawa kwepolisa,2,0,0,0,0,0
isixhosa_3_00175,Iqoshelisiwe inyewe yoluhlu labagqatswa beANC,0,1,0,0,0,0
isixhosa_3_00176,UZolani Tete uqinisekile ngokoyisa uCunningham emlweni onzima!,0,1,0,0,0,0
isixhosa_3_00177,Amathuba emisebenzi kwindlela eya eDwesa,0,2,0,0,0,0
isixhosa_3_00178,‘Ubhubhe ngenxa kaSASSA uSivenathi’,2,0,0,0,0,0
isixhosa_3_00179,ULe Clos uzosule iinyembezi zaseRio,0,2,0,0,0,0
isixhosa_3_00180,IHighlands yale ishumi lezigidi kufunwa uMvala,0,0,0,0,0,0
isixhosa_3_00181,Ugwetyiwe owabulala indoda kuba imkhombile,2,0,0,0,1,0
isixhosa_3_00182,IBaroka isusiwe phezulu kwiNFD,1,0,0,0,1,0
isixhosa_3_00183,Inika ithemba impumelelo yeBloemfontein Cetilc,0,2,0,0,0,0
isixhosa_3_00184,Sisingise eLondon isibini saseBhayi,0,2,0,0,0,0
isixhosa_3_00185,Sakuvela kweyeSilimela isidlwengu senqununu,3,0,0,0,0,0
isixhosa_3_00186,Umlilo otshabalalise usapho lonke ePhilippi East,3,0,0,0,0,0
isixhosa_3_00187,UTee Tee ufinyeza imikhono kwikhono lakhe,0,0,0,0,0,0
isixhosa_3_00188,Kufuniswa ngezihlobo zendoda eyabhubha kwinyanga ephelileyo,3,0,0,0,0,0
isixhosa_3_00189,I’solezwe libhiyozela iminyaka emithathu,0,3,0,0,0,0
isixhosa_3_00190,UJoseph Dweba ungena endaweni kaBongi Mbonambi owonzakele enkampini,0,1,0,0,0,0
isixhosa_3_00191,Oweza ngokolusa imfuyo waseLusuthu ugwetywe ubomi,3,0,0,0,0,0
isixhosa_3_00192,Baza kuvan’amandla oosozoso kwitumente enkulu eDurban!,0,1,0,0,0,0
isixhosa_3_00193,Ipolisa lidubule inkosikazi ngenxa yesikhwele!,3,0,0,0,2,0
isixhosa_3_00194,Zamkelwe ngovuyo iintshatsheli ze-Afrika!,0,3,0,0,0,0
isixhosa_3_00195,Ixhwele kuthiwa lidlwengule intombi yomninawa walo eDutywa,2,0,0,0,1,0
isixhosa_3_00196,Lingafezeka iphupha likaMapoe kwiSpringboks,0,2,0,0,0,0
isixhosa_3_00197,Ubulawelwe ukuthandana namanye amantombazana,3,0,0,0,0,0
isixhosa_3_00198,Kudlwengulwe ixhegwazana ngummelwane walo,3,0,0,0,1,0
isixhosa_3_00199,Abafundi baseMpuma Koloni balaliswe esibhedlele ngenxa yesigulo sesisu | EC Indab,2,0,0,0,0,0
isixhosa_3_00200,USinyabi yintshatsheli  entsha yelizwe,0,2,0,0,0,0
isixhosa_3_00201,Ulima irayisi umfama wakuGatyana,0,2,0,0,0,0
isixhosa_3_00202,Ityala lokuzama ukubulala uCeba limisiwe. | EC Indab,0,0,0,0,0,0
isixhosa_3_00203,Ifumana inkxaso kwilali yayo inkosikazi ebigetyengiwe!,0,1,0,0,0,0
isixhosa_3_00204,Siyaxolisa ningcwabe umntu ongenguye',2,0,0,0,0,0
isixhosa_3_00205,Igqiza laseJamani lityelela iNelson Mandela Museum,0,1,0,0,0,0
isixhosa_3_00206,"‘Mphathiswa ubuthe uzofowuna, fowuna ke’",0,0,0,1,0,0
isixhosa_3_00207,Ukhatywe ngesithende uMahamutsa kwiPirates!,0,0,0,0,2,0
isixhosa_3_00208,‘Umthandazo wethu kukuba abe ucholwe ngumntu umakhulu wethu’,3,0,0,0,0,0
isixhosa_3_00209,Athelekisiwe ashiyekileyo kwiNedbank Cup emva kokuphuncuka kweCeltic emdlalweni obuseMpumalanga namhlanje,0,0,0,0,0,0
isixhosa_3_00210,Lemk’ ityotyombe lam notshaba,3,0,0,0,0,0
isixhosa_3_00211,Bathweswe izidanga oogqirha ababuya eCuba,0,3,0,0,0,0
isixhosa_3_00212,‘Unyana wam uqhunyelwa kum’,0,0,0,3,0,0
isixhosa_3_00213,Basuvalelweni abarhanelwa abasibhozo ababanjwe ngezityholo zezixhobo | EC Indab,0,0,0,0,0,0
isixhosa_3_00214,Abafundi baxhamle kwisisa seMdantsane City,0,2,0,0,0,0
isixhosa_3_00215,"Okhule ehlaselwa ngokubhitya, nguMiss Butterworth Hawkers",0,3,0,0,0,0
isixhosa_3_00216,Kuphilwa ngamacebo alusizi kwaMam’uNogcinile ohlala nabantwana abashiywa ngunina,3,0,0,0,0,0
isixhosa_3_00217,Iqela lesizwe libuyela eMonti kwakhona!,0,3,0,0,0,0
isixhosa_3_00218,Udilikajele kunyana owabulala abazali ngenxa yemali,3,0,0,0,2,0
isixhosa_3_00219,Yindoda eneminyaka engamashumi mathandathu anesibini(62) edlwengule umtwana(5) kwilali yaseNgqushwa | EC Indab,3,0,0,0,0,0
isixhosa_3_00220,Yonwabela intwasa-hlobo nabasebenzi basegaraji,0,1,0,0,0,0
isixhosa_3_00221,Ibanjiwe inkwenkwe eyaluse amakhwenkwe,2,0,0,0,2,0
isixhosa_3_00222,Masilole iimbethimanqindi zethu eziza kubuya neembasa ngo’2028!,0,1,0,0,0,0
isixhosa_3_00223,Inkosikazi ibulewe sisithandwa sayo!,2,0,0,0,2,0
isixhosa_3_00224,Bafuna umasipala abuyise idlelo leenkomo,0,0,0,2,0,0
isixhosa_3_00225,Angasengxakini utitshala othi ubhentselwe ngabafundi,0,0,0,0,2,0
isixhosa_3_00226,Uyangcwatywa umakoti obulewe ngezityholo zesikhwele,3,0,0,0,0,0
isixhosa_3_00227,Iphulo lokudiza uNokholeji njengesiza sehlabathi,0,1,0,0,0,0
isixhosa_3_00228,Obelala esamenteni uncedwe ngamapolisa,0,2,0,0,0,0
isixhosa_3_00229,UNtshumayelo uthiwe nka iminyaka emine,0,0,0,0,2,0
isixhosa_3_00230,Iintsapho mazilwe ukubhubha kwabakhwetha,0,0,0,1,0,0
isixhosa_3_00231,Liza kulungiswa kwakhona ibala laseGlenmore,0,2,0,0,0,0
isixhosa_3_00232,Umam’ uBiko uwongwe yiRhodes,0,2,0,0,0,0
isixhosa_3_00233,Yinyanga yesihlanu lidukile ixhewukazi laseGcuwa!,2,0,0,0,0,0
isixhosa_3_00234,"Indoda eyabulala ibhinqa elithandana namanye, izakugwetyelwa ityala lentiyo",2,0,0,0,0,0
isixhosa_3_00235,UMultichoice ugalela izigidi zokuvuselela iBay TV,0,2,0,0,0,0
isixhosa_3_00236,Imvuselelo Yengoma igalelekile eFort Hare!,0,2,0,0,0,0
isixhosa_3_00237,Igqwetha elichithiweyo libanjwe ziiHawks ngezityholo zobusela bemali yomhlolokazi | EC Indab,0,0,0,0,2,0
isixhosa_3_00238,Urhaxwe ngumsi obezojela wabhubha!,3,0,0,0,0,0
isixhosa_3_00239,Kurhaxwe intwazana yabhubha eMthatha Dam,3,0,0,0,0,0
isixhosa_3_00240,Ixhego libanjwe nemikhono yekati engenampepha,1,0,0,0,2,0
isixhosa_3_00241,Intshatsheli yendolotyi ilinde uzuko lwayo nayo,0,2,0,0,0,0
isixhosa_3_00242,Kubhubhe abathathu kumlilo wembawula!,3,0,0,0,2,0
isixhosa_3_00243,‘Usibuyisile isidima sakhe uMakazole Tete’,0,2,0,0,0,0
isixhosa_3_00244,Ukuhlukunyezwa nokuphatheka gadalala kumakhaya ngumkhuba osichaphazela sonke,3,0,0,0,0,0
isixhosa_3_00245,Kufike abadlali ababini kwiChippa,0,1,0,0,0,0
isixhosa_3_00246,Kwakhiwe isikolo sezigidi eDutywa,0,3,0,0,0,0
isixhosa_3_00247,Lishumi ekhulwini abanengxaki yezintso,2,0,0,0,0,0
isixhosa_3_00248,Unyana ubanjelwe ukubulala unina,3,0,0,0,2,0
isixhosa_3_00249,UPeter Shalulile ugxeleshe isizini ezayo ngamehlo abomvu,0,1,0,0,0,0
isixhosa_3_00250,‘Ndayeka ukulwa mhla ndophula umntu’,2,0,0,0,0,0
isixhosa_3_00251,Iseziseleni ititshala ebulele igosa lezendlela,2,0,0,0,2,0
isixhosa_3_00252,Inani labantu ababhubhileyo ekudilikeni kwesakhiwo eGeorge lenyuke laya kutsho kwisibhozo. | EC Indab,3,0,0,0,0,0
isixhosa_3_00253,ULuyolo ucwangcisa ikamva lakhe emva kwe-Idols SA,0,1,0,0,0,0
isixhosa_3_00254,Kubulewe usihlalo weEFF eKapa!,3,0,0,0,2,0
isixhosa_3_00255,Ungcwatyelwa kuCentane * -Uyinene,3,0,0,0,0,0
isixhosa_3_00256,"Bulelwa Tunyiswa: Lala ngoxolo Mawawa, gorha lamagorha!",3,0,0,0,0,0
isixhosa_3_00257,Izityholo zentlawulo yeR800 000 yokubulala uAKA,2,0,0,0,0,0
isixhosa_3_00258,"Masilungiseni ukuhlala, lonakele ilizwe",2,0,0,0,0,0
isixhosa_3_00259,Kutshone umfana edamini kuHombe!,3,0,0,0,0,0
isixhosa_3_00260,Ugwetyiwe owabulala ze wangcwaba isinqanda-mathe,2,0,0,0,0,0
isixhosa_3_00261,Abantu abayi-43 eMpuma Koloni babanjelwe ukunganxibi iimaskhi esidlangalaleni,1,0,0,0,2,0
isixhosa_3_00262,Zibiwe iigusha zakwaSinto kuQumbu,1,0,0,0,0,0
isixhosa_3_00263,Bayalelwe ibheyile abarhanelwa nggokuzama x ulubulala Igqwetha laseMonti | EC Indab,0,0,0,0,0,0
isixhosa_3_00264,Wathi kuRAF ebephepha iteksi kanti ingozi ibangelwe kukuxhuzula kwakhe,2,0,0,0,0,0
isixhosa_3_00265,Uzakuwongwa ngesidanga sobugqirha uPhumzile Mlambo-Ngcuka,0,3,0,0,0,0
isixhosa_3_00266,Kubanjwe inqwaba yabantu kwindawo edume kakubi iCalifornia!,0,0,0,0,2,0
isixhosa_3_00267,Izinga leempahla zefashoni eGinsberg,0,0,0,0,0,0
isixhosa_3_00268,"Ziphindile izidlwengu kuQumbu, eZwartwater",3,0,0,0,0,0
isixhosa_3_00269,UOmega wazisa icwecwe lakhe elitsha,0,2,0,0,0,0
isixhosa_3_00270,Abafundi baleqiswe esibhedlele bekreqwa sisisu,2,0,0,0,0,0
isixhosa_3_00271,Umama owawelwa yindlu ucela uncedo kuRhulumente,2,0,0,0,0,0
isixhosa_3_00272,Limisiwe ityala lenkosikazi eyabulala enye,0,0,0,0,0,0
isixhosa_3_00273,USodolophu ujongene nezityholo zokukhohlisa inkundla,0,0,0,0,0,0
isixhosa_3_00274,Ingqwalasela kwityalike eyatshatela uWinnie noMadiba,0,0,0,0,0,0
isixhosa_3_00275,UMphathisw' uMeth uzilile kwakhona!,2,0,0,0,0,0
isixhosa_3_00276,Bathi kudlalwa ngabo abazali baseNyobeni,0,0,0,2,0,0
isixhosa_3_00277,Indoda ilahlwe yatshisa amatyotyombe,0,0,0,0,2,0
isixhosa_3_00278,Baphehla umbane ngobulongwe beenkomo eMooiplaas,0,0,0,0,2,2
isixhosa_3_00279,ICalata inomona nothando ngoMasualle,0,1,0,0,0,0
isixhosa_3_00280,Itumente yolutsha ePort Alfred,0,0,0,0,0,0
isixhosa_3_00281,Bakhala ngokwanda kobudlwengu eDutywa,3,0,0,0,0,0
isixhosa_3_00282,Ubulele umfazi wamgcina iintsuku endlini kwaTyutyu!,2,0,0,0,2,0
isixhosa_3_00283,Umphathiswa weMfundo ePhakamileyo uyayibulela indima edlalwa nguSETA. | EC Indab,0,2,0,0,0,0
isixhosa_3_00284,USithole uwongwe njengomdlali wonyaka,0,2,0,0,0,0
isixhosa_3_00285,Babanjiwe abagqugqisa kumantla eBhayi,0,1,0,0,0,0
isixhosa_3_00286,Uphakamisele phezulu indawo yaseKhayelitsha uSiyamthanda,0,3,0,0,0,0
isixhosa_3_00287,Inene ilifa lezidenge lidliwa zingqondi,1,0,0,0,0,0
isixhosa_3_00288,Kufunyenwe izidumbu ziqungquluzile eKapa,3,0,0,0,1,0
isixhosa_3_00289,Inkundla yaseNgqushwa kwityala lokubulawa kwendoda yaseMgababa!,2,0,0,0,0,0
isixhosa_3_00290,Owongwe liSebe lezobuGcisa akanantsiba zokuya eMakhanda,1,0,0,0,0,0
isixhosa_3_00291,Lizakunyuka ixabiso lenyama yenkukhu eMzantsi,0,0,0,0,0,0
isixhosa_3_00292,"Umzali womntwana obevalelwe eNyanga Junction, uyaphefumla",2,0,0,0,0,0
isixhosa_3_00293,"Ndiphila ngedayisi’, utsho ogrogrisa amagosa karhulumente",0,0,0,0,0,0
isixhosa_3_00294,Isiphelo esibi nesibuhlungu sikaNosiphelo,3,0,0,0,0,0
isixhosa_3_00295,Ungxamele ukunyanga othweswe isidanga yiWSU,0,2,0,0,0,0
isixhosa_3_00296,Rhoqo kwiiyure ezisibhozo owasetyhini ubulawa liqabane lakhe eMzantsi Afrika!,3,0,0,0,2,0
isixhosa_3_00297,IKirkwood ithiywe ngokusesikweni igama elithi Nqweba. | EC Indab,0,1,0,0,0,0
isixhosa_3_00298,Ukuthathwa kukaJessica Motaung yiCAF kuqhwatyelwe izandla nguSafa,0,2,0,0,0,0
isixhosa_3_00299,Kuqhambuke umlilo kwisakhiwo saseJohannesburg kwabhubha inyambalala yabantu,3,0,0,0,0,0
isixhosa_3_00300,Utitshalakazi ubhunyulwe isigidi seerandi yimigegemba,3,0,0,0,2,0
isixhosa_3_00301,Unyulo lovalozikhewu eMpuma Koloni,0,0,0,0,0,0
isixhosa_3_00302,Uncedo kusapho olutshiselwe indlu yalo,2,0,0,0,0,0
isixhosa_3_00303,Utshutshiswa ziinyoka zehlobo okhubazekileyo,3,0,0,0,0,0
isixhosa_3_00304,UCele uthuthuzela iintsapho ePhilippi,2,0,0,0,0,0
isixhosa_3_00305,Lumkela iinyoka ekhayeni lakho,0,0,2,0,0,0
isixhosa_3_00306,Kubanjwe abazingeli bemikhombe eRhini,0,0,0,0,1,0
isixhosa_3_00307,Ingozi emasikizi eGcuwa idlule nomphefumlo,3,0,0,0,0,0
isixhosa_3_00308,Kuvakala izandi zeJerusalema eRobben Island,0,0,0,0,0,0
isixhosa_3_00309,"Bakhuthuzwa ezingcongolweni, ze baphoswe elindleni",2,0,0,0,2,2
isixhosa_3_00310,"Liyangcwatywa ixhwele nengcaphephe, uMatewu",3,0,0,0,0,0
isixhosa_3_00311,Ufumanekile umzimba wenkwenkwana emva kwezandyondyo zemvula eMpuma Koloni | EC Indab,3,0,0,0,0,0
isixhosa_3_00312,Indawo yomprofetikazi itsala iindwendwe eFreystata!,0,2,0,0,0,0
isixhosa_3_00313,Bakhwele bezehlela koveze amabele,3,0,0,0,1,0
isixhosa_3_00314,Kuyucwe abavoti bephondo kuTwitter,3,0,0,0,0,0
isixhosa_3_00315,Kubulewe ixhego linqanda umlo!,3,0,0,0,2,0
isixhosa_3_00316,Baphelelwa ngamathemba abadukelwe yintombi yabo,3,0,0,0,0,0
isixhosa_3_00317,‘MOLO’ kutsho uDumza Maswana ngomso kuMngqungqo eMonti!,0,3,0,0,0,0
isixhosa_3_00318,"Owazalwa ngo1988, ugqiba iminyaka eyi-8!",0,0,0,0,2,0
isixhosa_3_00319,Isikolo saseTsomo liqhayiya lephondo,0,3,0,0,0,0
isixhosa_3_00320,Bonwabile abaququzeleli bomnyhadala kamaskandi,0,3,0,0,0,0
isixhosa_3_00321,"Andimkhalazeli umqeqeshi, utsho uDzula",0,0,0,0,0,0
isixhosa_3_00322,Ubekwe kwikhaya lakhe lokugqibela uSihlalo we-EFF,2,0,0,0,0,0
isixhosa_3_00323,Lala ngoxolo Nkosi Zanomthetho!,2,0,0,0,0,0
isixhosa_3_00324,Isigwebo kowadlwengula abafundi baseWSU,2,0,0,0,0,0
isixhosa_3_00325,Kubhubhe abathandathu kwaduka abalishumi emva kwezikhukula eLadysmith,3,0,0,0,0,0
isixhosa_3_00326,"Kufuniswa ngosapho lwendoda ebhaqwe ibhubhile, igqunywe ngesanti!",3,0,0,0,2,0
isixhosa_3_00327,Libekwe kwikhaya lokugqibela iphakathi elifele inkosi,2,0,0,0,0,0
isixhosa_3_00328,UBoitshepho Khunou ngumfama ona22,0,2,0,0,0,0
isixhosa_3_00329,Unyana wegqirha ufunyenwe ebhubhile,3,0,0,0,1,0
isixhosa_3_00330,‘Asiyo ndlwan’ iyanetha umsebenzi wamapolisa’,0,0,0,2,0,0
isixhosa_3_00331,Uyakrokrisa umlilo obulele inkwenkwana eKapa,2,0,0,0,0,0
isixhosa_3_00332,Uluntu lulunyukiswa ngoonqevu abaqhweshe kwamantyi,2,0,0,0,0,0
isixhosa_3_00333,‘Abasukelwa nje abangaphandle xa bebethwa kweli!’,0,0,0,2,0,0
isixhosa_3_00334,Amahla ndenyuka ‘kowasweleka’ ngo2009,3,0,0,0,0,0
isixhosa_3_00335,Basola unyawo lwemfene kuzwelonke abeANC Youth League ephondweni,0,0,0,0,0,0
isixhosa_3_00336,Inkxasomali kobefudula eshishinela kwindlu yakowabo emxinwa,0,2,0,0,0,0
isixhosa_3_00337,Luzakulala obehlayo ubuthongo usapho lwelali yaseDutywa emva kokhelwa indlu entsha kraca. | EC Indab,0,3,0,0,0,0
isixhosa_3_00338,Unomji ngesatifikethi sebanga leshumi,0,1,0,0,0,0
isixhosa_3_00339,Ubanjiwe odlwengule isidala sakhe!,3,0,0,0,0,0
isixhosa_3_00340,Nceda!! sele ingunyaka elahlekile. | EC Indab,3,0,0,0,0,0
isixhosa_3_00341,Bakhalimele iziyobisi kumngcwabo kaHope Zinde,2,0,0,0,0,0
isixhosa_3_00342,Mithathu(3) imizimba yamadoda efunyenwe ngakwidami laseMtata. | EC Indab,3,0,0,0,0,0
isixhosa_3_00343,Kubanjwe amadoda amathathu ngezityholo zokonzakalisa abakhwetha eLady Grey | EC Indab,2,0,0,0,2,0
isixhosa_3_00344,Oomama bachitha ixesha etywaleni ngenxa yomvandedwa,3,0,0,0,0,0
isixhosa_3_00345,Kufunyenwe usana lulahlwe kwikhonteyina!,3,0,0,0,2,0
isixhosa_3_00346,"Umdlwengule, emxhaxha de wamkrolonqa amehlo umtwana(16) | EC Indab",3,0,0,0,2,0
isixhosa_3_00347,Amagqirha ahlahluba * -2017,0,1,0,0,0,0
isixhosa_3_00348,Kukhunjulwa amapolisa adutyulwa eNgcobo,2,0,0,0,0,0
isixhosa_3_00349,Kutshiswe oololiwe ngelixa kuxoxwa ngokhuseleko lwabo!,0,0,0,0,2,0
isixhosa_3_00350,Kuya kusenyukela zizithwakumbe zokubhubha komtu eMzantsi Afrika! | EC Indab,3,0,0,0,0,0
isixhosa_3_00351,Kutshaywa icuba lomgunyathi eBhayi,0,0,0,0,2,0
isixhosa_3_00352,UMZUKULWANA UVELE ENKUNDLENI NGESITYHOLO ZOKUBULALA | EC Indab,2,0,0,0,2,0
isixhosa_3_00353,Uhlalutyo: Akulahlwa mbeleko ngakufelwa,0,0,0,0,0,0
isixhosa_3_00354,Amathuba kurhulumente waseMpuma Koloni,0,2,0,0,0,0
isixhosa_3_00355,Uhlatywe wabhubha 'ngobengafuni ukwaliwa',3,0,0,0,0,0
isixhosa_3_00356,Amapolisa afumene umzimba wendoda eKei Road,2,0,0,0,0,0
isixhosa_3_00357,Isithoba sibhubhe kwingozi emasikizi ku-R63,3,0,0,0,0,0
isixhosa_3_00358,Uchacha ngcono uRingo emva kokuqaqanjelwa yintloko,0,2,0,0,0,0
isixhosa_3_00359,Iqaqambisa igama layo ngokwenza iimoto inkosikazi yakuQoboqobo,0,3,0,0,0,0
isixhosa_3_00360,Omnye umrhanelwa ekuxhwilweni kwexhego eMbizana,2,0,0,0,0,0
isixhosa_3_00361,Kuqhekezwe umzi wabangcwabi eDutywa,2,0,0,0,2,0
isixhosa_3_00362,Abarhanelwa bokubulala eFort Hare babuyele enkundleni ngoLwesibini | EC Indab,0,0,0,0,0,0
isixhosa_3_00363,Amatsantsantsa aPitoli abambene ngeqanda neqela lasekapa | EC Indab,0,0,0,0,0,0
isixhosa_3_00364,IBaroka ibuyele phezulu kwakhona,0,2,0,0,0,0
isixhosa_3_00365,Kubulewe umxolelanisi kumlo woonoteksi,3,0,0,0,0,0
isixhosa_3_00366,Ibanjwe neziyobisi indoda eneminyaka engamashumi amahlanu anesithandathu (56)e Burgersdorp | EC Indab,0,0,0,0,2,0
isixhosa_3_00367,Abafundi baya esikolweni benxilile,0,0,0,0,2,0
isixhosa_3_00368,USodolophu waseNgqushwa undwendweleisikolo samabanga aphezulu iMidushane kwilali yakwaNgqwele | EC Indab,0,2,0,0,0,0
isixhosa_3_00369,Ibuyile iMzantsi Super League!,0,3,0,0,0,0
isixhosa_3_00370,Babanjiwe abakhuthuza ezibhasini zakwaGolden Aroow,0,0,0,0,0,0
isixhosa_3_00371,Isihelegu sokubulawa kwegqirha lithwasa!,3,0,0,0,2,0
isixhosa_3_00372,Abafundi bangeniswe kwizibhedlele bekreqwa sisisu ngenxa yamasi,3,0,0,0,0,0
isixhosa_3_00373,OwaseMount Ayliff uzakhel’ igama kwezolonwabo,0,2,0,0,0,0
isixhosa_3_00374,Zifunyenwe eBityi iigusha ebezibiwe eNgqamakhwe,0,0,0,0,1,0
isixhosa_3_00375,KUBANJWE AMADODA AMABINI MAYELANA NEZITYHOLO ZOKUBULAWA KWABASETYHIN ABABINI EGQEBERHA | EC Indab,3,0,0,0,0,0
isixhosa_3_00376,Balwa ukuthengiswa kwelizwe ‘kumasela’,0,0,0,1,0,0
isixhosa_3_00377,Umculo weMi Casa wondla iimbhedlenge,0,3,0,0,0,0
isixhosa_3_00378,Kolisi: Ndafika ndiyinkwenkwe ngoku ndimka ndiyindoda,0,2,0,0,0,0
isixhosa_3_00379,Amapolisa akhangela abafana ababini abalahlekileyo eGqeberha,3,0,0,0,0,0
isixhosa_3_00380,Umdlali webhola yomnyazi ubhubhele ezandleni zomqeqeshi. | EC Indab,3,0,0,0,0,0
isixhosa_3_00381,Uve kabuhlungu uDesiree Ellis eshiya abanye abadlali,2,0,0,0,0,0
isixhosa_3_00382,Amakrwala aphila nenkubazeko abuyile,0,3,0,0,0,0
isixhosa_3_00383,Ivuliwe iNdlu yeeNkosi eMpuma Koloni,0,2,0,0,0,0
isixhosa_3_00384,Isivuno sokuthobela okufunwa yindalo,0,1,0,0,0,0
isixhosa_3_00385,Uwongwe ngenxa yokubalasela utitshala wesiXhosa,0,3,0,0,0,0
isixhosa_3_00386,Zibe nefuthe elincumisayo iziphumo zogcino,0,2,0,0,0,0
isixhosa_3_00387,Kuqeshwe umqeqeshi wethutyana weBafana Bafana emva kokulahla kukaStuart Baxter izolo,0,0,0,0,0,0
isixhosa_3_00388,"Amadoda amahlanu afunyenwe eze, ebhubhile Abongile Ginya",3,0,0,0,2,0
isixhosa_3_00389,UTete ugxeleshe itumente enemali entle,0,2,0,0,0,0
isixhosa_3_00390,Babanjelwe ukubulala abazalwa kunye!,2,0,0,0,2,0
isixhosa_3_00391,Abafundi bathi babhuqwa ngamadimoni,2,0,0,0,0,0
isixhosa_3_00392,Umqol’ uphandle kwabadyarhaza imali kaMandela,0,0,0,0,2,0
isixhosa_3_00393,Ivumba lelindle limise ushishino,0,0,0,0,2,2
isixhosa_3_00394,Igumbi elitsha lesigidi eFrere,0,2,0,0,0,0
isixhosa_3_00395,Luninzi unyundululu olwenzeka kuloMaspala waseAmathole. | EC Indab,0,0,0,0,0,2
isixhosa_3_00396,Libanjiwe igosa elibulele owasetyhini kwintolongo yaseMonti,2,0,0,0,2,0
isixhosa_3_00397,Nka! isigwebo kowabulala intombazana yaseNkanini !,0,0,0,0,2,0
isixhosa_3_00398,Inkxaso kwabenza imisebenzi yezandla,0,2,0,0,0,0
isixhosa_3_00399,Ikamva lomfundi liqaqambile ngokusebenzela iSANRAL,0,2,0,0,0,0
isixhosa_3_00400,Ucela uncedo umfana wasePort Alfred,2,0,0,0,0,0
isixhosa_3_00401,Ubhaqiwe othengisa iifegi eBhayi,0,0,0,0,1,0
isixhosa_3_00402,Abhaqiwe amathambo endoda eyalahleka ngo2014,2,0,0,0,0,0
isixhosa_3_00403,Umnqweno webanjwa elilinde ukuxhonywa,2,0,0,0,0,0
isixhosa_3_00404,#NAF: Intlungu ngokuxhatshazwa kwabantwana,3,0,0,0,0,0
isixhosa_3_00405,Ilwela ubomi bayo esibhedlele inkwenkwe eyagrabhuzwa isisu yaqhawulwa uqhoqhoqho!,3,0,0,0,2,0
isixhosa_3_00406,‘Isebe malibuyise inqununu egxothwe ngabazali’,0,0,0,1,0,0
isixhosa_3_00407,Kuphelile tu ngesakhiwo nesasifudula siyiPosi eQonce izolo! | EC Indab,0,0,0,0,2,0
isixhosa_3_00408,Ona-13 ubanjelwe ukudubula inqununu yakhe,2,0,0,0,2,0
isixhosa_3_00409,Bayaphela kukudutyulwa oomama ezilalini,3,0,0,0,0,0
isixhosa_3_00410,Irhaxwe lilindle yabhubha inkwenkwana yaseMdantsane | EC Indab,3,0,0,0,0,0
isixhosa_3_00411,Utitshala uth’ ubhentselwe ngabafundi eklasini,2,0,0,0,2,0
isixhosa_3_00412,Abajongene netyala lezindlu zangasese zaseAmathole bavela enkundleni kusasa!,0,0,0,0,1,0
isixhosa_3_00413,Abafundi eMpuma Koloni balaliswe esibhedlele bekrokrelwa ukuba batyhefeke ekutyeni | EC Indab,2,0,0,0,0,0
isixhosa_3_00414,Inkwenkwe igwetyelwe ukudlwengula usana,2,0,0,0,2,0
isixhosa_3_00415,Inkuthazo nempiliso kwicwecwe likaNosiviwe!,0,2,0,0,0,0
isixhosa_3_00416,Uchiphize iinyembezi zovuyo uLusanda Dumke ophiwe iR460 000 yendlu,0,3,0,0,0,0
isixhosa_3_00417,Labhubha usana(umkhwetha) lomtu lingekafiki ixesha lokuphuma(umgidi) | EC Indab,3,0,0,0,0,0
isixhosa_3_00418,#MARIKANA: ULilitha noStoan eMonti ngokuhlwanje,0,0,0,0,0,0
isixhosa_3_00419,Intwazana ebuleweyo ikhutshwe usana esiswini,3,0,0,0,2,0
isixhosa_3_00420,UDesiree uyithembile iBanyana Banyana,0,2,0,0,0,0
isixhosa_3_00421,Yenze edume ngazo iLovedale TVET kwitumente yombhoxo!,0,3,0,0,0,0
isixhosa_3_00422,"Ukrozo bengxangile, benxanelwe ukunxila",0,0,0,0,0,0
isixhosa_3_00423,Ziqinisekile ngoloyiso izikolo zaseMathole,0,2,0,0,0,0
isixhosa_3_00424,Iziyolo zolonwabo zidlule nemiphefumlo emibini(2) kulwandle laseMonti | EC Indab,3,0,0,0,0,0
isixhosa_3_00425,UShakes Mashaba unqunyanyisiwe yiSAFA,2,0,0,0,0,0
isixhosa_3_00426,Isigwebo kowadlwengula amantombazanana awayecela iR2,3,0,0,0,0,0
isixhosa_3_00427,Ubuyele ekhaya unyana wolahleko namhlanje!,0,3,0,0,0,0
isixhosa_3_00428,Batshiswe babulawa betyholwa ngobugqwirha,3,0,0,0,0,0
isixhosa_3_00429,Uzakugxila ekuzivuseleleni njengekhaya labasebenzi umfelandawonye iCOSATU,0,0,0,0,0,0
isixhosa_3_00430,Umsasazi waseZibonele usethubeni lokuphumelela kumawonga eNCRW,0,2,0,0,0,0
isixhosa_3_00431,Bafunyenwe bebhubhile ngaphakathi kwitranki abantwana ababini | EC Indab,3,0,0,0,0,0
isixhosa_3_00432,UMultiChoice uza kwakha iziko lemidlalo eLusikisiki,0,2,0,0,0,0
isixhosa_3_00433,Kubanjwe omnye umrhanelwa ngezityholo zokubulala,2,0,0,0,0,0
isixhosa_3_00434,Babhuqwa ngamadimoni abafundi baseMthatha,3,0,0,0,0,0
isixhosa_3_00435,Babethwe ngumbane wezulu babhubha!,3,0,0,0,2,0
isixhosa_3_00436,Bavele kwinkundla kamantyi e Bredasdorp abarhanelwa abaqweqwedise Indoda nomfazi ze kamva babaxhwilwa eGansbaai | EC Indab,2,0,0,0,0,0
isixhosa_3_00437,Ubanjiwe obekukudala efunwa eBhityi,0,1,0,0,0,0
isixhosa_3_00438,Inja ibonwe iphethe usana,0,0,0,0,2,0
isixhosa_3_00439,Makusekwe isebe loluntsha - Ncedile Saule,0,0,0,0,0,0
isixhosa_3_00440,Umfundi akavunyelwanga abhale esikolweni,2,0,0,0,0,0
isixhosa_3_00441,Umasipala wase Mbhashe ubhengeze umonakalo odwalwe zizantyala ntyala zemvula nje ngesimo sentlekele | EC Indab,2,0,0,0,0,0
isixhosa_3_00442,Urhoxisiwe umngcelele weDA eNelson Mandela Bay,1,0,0,0,0,0
isixhosa_3_00443,Umama noonyana babhale iincwadi,0,2,0,0,0,0
isixhosa_3_00444,Bawatshayele amawonga abaseMpuma Koloni kwiSA Sports Awards,0,3,0,0,0,0
isixhosa_3_00445,Kuxoxwa ngeendlela ezihlawulelwayo eRhawutini,0,0,0,0,0,0
isixhosa_3_00446,Isihelegu sokubulawa kwamakhosikazi eNgqushwa,3,0,0,0,0,0
isixhosa_3_00447,USteven Pienaar uguzulwe yiWits kwakusasa!,1,0,0,0,0,0
isixhosa_3_00448,Ubethwe lizulu wabhubha esuka emidlalweni,3,0,0,0,0,0
isixhosa_3_00449,Lixhwiliwe laze lagetyengwa igosa lezemfundo phambi komyeni walo,3,0,0,0,0,0
isixhosa_3_00450,Kuvalelwe isine ngokuqhuba sisele,0,0,0,0,2,0
isixhosa_3_00451,Imbaleki yaseMnquma ibaleka eGermany ngeCawe kusasa,0,2,0,0,0,0
isixhosa_3_00452,Amalungu amane osapho abulewe ngompu eZwelitsha. | EC Indab,3,0,0,0,0,0
isixhosa_3_00453,UZahara wonwabise ulutsha ngemidlalo ePhumlani,0,2,0,0,0,0
isixhosa_3_00454,Inenekazi elinomsindo lebhasi lixoke malunga nedilesi ngexesha lokuvela enkundleni yakutsha nje eGqeberha | EC Indab,0,0,0,0,2,0
isixhosa_3_00455,Utshe waphela vuthuu umzi wabantu ngenxa yocimi,3,0,0,0,0,0
isixhosa_3_00456,UThamsanqa Sangweni liBhakaniya elinkone ngoku!,0,2,0,0,0,0
isixhosa_3_00457,Iminyaka eyi-7 ejele kuMfundisi odlwengulileyo!,2,0,0,0,2,0
isixhosa_3_00458,Ugwetywe yinkundla ngokubulala abantwana bakhe,3,0,0,0,0,0
isixhosa_3_00459,UValashiya uzibona ekwinqanaba eliphezulu kwiminyaka ezayo!,0,2,0,0,0,0
isixhosa_3_00460,Ufunwa ngapha nangapha ochithwe yiPirates!,0,2,0,0,0,0
isixhosa_3_00461,ULehlohonolo Seema uza kunikwa uxanduva lokusindisa iChippa United,0,1,0,0,0,0
isixhosa_3_00462,Ipolisa libanjwe ngezityholo zobuqhetseba,2,0,0,0,2,0
isixhosa_3_00463,Kubethwe othandana nabesini sakhe eGcuwa,3,0,0,0,0,0
isixhosa_3_00464,Kubhaqwe usana olubomvu lulahlwe kumngxunya wangasese eMqanduli. | EC Indab,3,0,0,0,0,0
isixhosa_3_00465,Kubhubhe wamnye kwingozi eseMooiplass,3,0,0,0,0,0
isixhosa_3_00466,Umnini wevenkile eGqeberha umi akagunqi kuphawu lwe,0,0,0,0,0,0
isixhosa_3_00467,Obeqeqesha oonozinti kwi-Orlando Pirates uhambile!,0,0,0,0,1,0
isixhosa_3_00468,Bayibethelele ooGqirha nezicaka indoda ebi(scamer) abantu ngamakhadi eMatatiele. | EC Indab,0,0,0,0,0,0
isixhosa_3_00469,USam uvuyisana neqela leParalympics,0,3,0,0,0,0
isixhosa_3_00470,Iphumelele itumente yamazwe amane iBafana Bafana!,0,3,0,0,0,0
isixhosa_3_00471,Uyangcwatywa umama kaPhumulo Masualle,3,0,0,0,0,0
isixhosa_3_00472,Ungcwatyelwa ePitoli uNombulelo Tshabalala,3,0,0,0,0,0
isixhosa_3_00473,Balwe kwade kwabhubha umfundi kumasango esikolo eCofimvaba | EC Indab,3,0,0,0,0,0
isixhosa_3_00474,Unyathel’ irhamente ngemoto umfundisi,3,0,0,0,0,0
isixhosa_3_00475,ULechesa  uza kuphuhlisa  ulutsha,0,3,0,0,0,0
isixhosa_3_00476,Zikhutshwe ngebheyile iintatheli zaseZambia,0,0,0,0,0,0
isixhosa_3_00477,Etshatshalazeni nguPitso namadoda amathathu ngoMgqibelo!,0,1,0,0,0,0
isixhosa_3_00478,Akanikwanga bheyile odlwengule ixhegwazana ahlobene nalo!,2,0,0,0,0,0
isixhosa_3_00479,Ugxekiwe ngamapolisa umyalezo oshicilelweyo nomemelela udlame!,0,0,0,0,0,0
isixhosa_3_00480,"Kwisixhenxe (7) esidutyulwe sabhubha, abane kubo lusapho olunye!",3,0,0,0,2,0
isixhosa_3_00481,ABAKANGCWATYWA ABANTWANA ABABETSHE NETYOTYOMBE EKRAAIFONTEIN: | EC Indab,3,0,0,0,0,0
isixhosa_3_00482,"Bafuna ukundidlisa, utsho uceba we-UDM",0,0,2,0,0,0
isixhosa_3_00483,Liza kubhubhela ejele ixhego eladlwengula umzukulwana!,3,0,0,0,0,0
isixhosa_3_00484,Oonyana babulele uyise kuba ebethe inja etya amaqanda | EC Indab,3,0,0,0,2,0
isixhosa_3_00485,Iphulo le-Operation Phakisa lithembisa imisebenzi kuluntu laseBhayi,0,2,0,0,0,0
isixhosa_3_00486,Abarhanelwa abane bavele enkundleni ngezityholo zokuba iintambo zombane,0,0,0,0,0,0
isixhosa_3_00487,Owanqunqa uNosicelo ufumene igqwetha,0,0,0,0,0,0
isixhosa_3_00488,Ubhubhele ehlathini odinga ikhaya,3,0,0,0,0,0
isixhosa_3_00489,Inkcubeko yethu ibonakala kwiilwimi zethu,0,0,0,0,0,0
isixhosa_3_00490,Imbongi ikhuthuzwe ngosuku lweValentine,2,0,0,0,0,0
isixhosa_3_00491,Ingcwatywe ngamacebo inkwenkwe eyarhaxwa eGreenaker,3,0,0,0,0,0
isixhosa_3_00492,Inxanelwe impumelelo kwidabi lasekhaya iSouthern Kings,0,1,0,0,0,0
isixhosa_3_00493,Walila iinyembezi efuna iR2 600 yakhe kumasipala,3,0,0,0,0,0
isixhosa_3_00494,"‘Hamb’ uyozivavanyela isifo sephepha’, uMphathiswa uyalele uMasualle",0,0,0,0,0,0
isixhosa_3_00495,Kubhaqwe indoda ibhubhile KwaZakhele,3,0,0,0,2,0
isixhosa_3_00496,UJohannes usanxanelwe ezinye iindebe,0,1,0,0,0,0
isixhosa_3_00497,Ikhulu leminyaka unomathotholo eqhuba eMzantsi Afrika,0,2,0,0,0,0
isixhosa_3_00498,#LifeEsidimeni Qedani: ‘Andiyazi babulawa yintoni’,2,0,0,0,0,0
isixhosa_3_00499,Axhalabile amafama amnyama eMpuma Koloni,0,0,3,0,0,0
isixhosa_3_00500,Amasiko esiNtu esenziwa xa umfazi ebhujelwe,0,0,0,0,0,0
isixhosa_3_00501,Ugwetywe ubomi unosimokolo owabulala umfazi wakhe!,3,0,0,0,0,0
isixhosa_3_00502,UNondumiso uzidumise ngemisebenzi yakhe,0,3,0,0,0,0
isixhosa_3_00503,Abambene ngeqanda eNelson Mandela Bay Stadium,0,0,0,0,0,0
isixhosa_3_00504,Iintsapho ezimbini zitshe zabhubha,3,0,0,0,0,0
isixhosa_3_00505,IMpuma Koloni izakusebenzisa iilwimi ezine,0,2,0,0,0,0
isixhosa_3_00506,Kubhubhe abasibhozo kwingozi yemoto,3,0,0,0,0,0
isixhosa_3_00507,UGogo waseMthatha ubanjelwe ubuqhophololo beRAF | EC Indab,0,0,0,0,2,0
isixhosa_3_00508,Indoda ixhaxhwe yabhubha kwifama yodumo,3,0,0,0,0,0
isixhosa_3_00509,Amalungu eUDM abhubhe kwingozi emasikizi,3,0,0,0,0,0
isixhosa_3_00510,Ibuyile kwakhona iHeroes Marathon!,0,2,0,0,0,0
isixhosa_3_00511,Ukhonjwe emnyango umqeqeshi weFree State Stars,2,0,0,0,0,0
isixhosa_3_00512,Kusinde imveku bebulawa ziimbumbulu,3,0,0,0,0,0
isixhosa_3_00513,Utata uqumbele uForensic waseMthatha,1,0,0,2,0,0
isixhosa_3_00514,"Asikangcwatywa isibini sasetyhini, nesabulawa ngokungenalisini eNcerha | EC Indab",3,0,0,0,0,0
isixhosa_3_00515,"Ulahlekile, uyafunwa ekhaya | EC Indab",2,0,0,0,0,0
isixhosa_3_00516,Kukhunjulwa ogetyengwe kwivenkile yokutya!,2,0,0,0,0,0
isixhosa_3_00517,Imvumi yaseMpuma Koloni izenzela igama,0,2,0,0,0,0
isixhosa_3_00518,"Wathandeni, ayazibulala amadoda kweli",3,0,0,0,0,0
isixhosa_3_00519,Ngxathu: Liqaqambile ikamva lombhoxo wamanenekazi!,0,3,0,0,0,0
isixhosa_3_00520,Ucela uncedo owawelwa yindlu!,3,0,0,0,0,0
isixhosa_3_00521,Isikolo se-Autism eBhayi sibhiyozela uthotho lweminyaka sasekwayo,0,3,0,0,0,0
isixhosa_3_00522,Ibali letyendyana laseNgqamakhwe kwiSkeem Saam,0,2,0,0,0,0
isixhosa_3_00523,Ivele ikhale ezimatshiyane intwazana yase Ngqwarha xa kuthethwa ngokubambisa isoka lakhe | EC Indab,0,0,0,0,2,0
isixhosa_3_00524,UThembisa uzakubanjelwa ngudade wabo uAnele kwi-Our Perfect Wedding!,0,2,0,0,0,0
isixhosa_3_00525,Wancedwa sisitulo esinamavili sowabhubhayo okhubazekileyo!,0,2,0,0,0,0
isixhosa_3_00526,"Xa ufunwa ufumaneke, uMvenya ubongoze uMabuyane",0,0,0,0,0,0
isixhosa_3_00527,Kubhubhe abantu ababini kwingozi eyenzeke kuhola wendlela u,3,0,0,0,0,0
isixhosa_3_00528,Baninzi oogqirha abangaphangeliyo kweli,2,0,0,0,0,0
isixhosa_3_00529,Libhengeziwe iqela lesizwe leqakamba eliya kwitumente yehlabathi,0,0,0,0,0,0
isixhosa_3_00530,Kufuniswa ngababulele benxibe ezamapolisa,0,0,0,0,2,0
isixhosa_3_00531,Abantwana abathathu babhaqwe bebhubhile,3,0,0,0,0,0
isixhosa_3_00532,Kufikwe esongelwe ngengubo odutyulwe ngubhuti wakhe!,3,0,0,0,2,0
isixhosa_3_00533,Amantombazana amathathu atshone elwandle,2,0,0,0,0,0
isixhosa_3_00534,Ityala likanoteksi lokudlwengula umkhweli ona14!,2,0,0,0,0,0
isixhosa_3_00535,Indoda idlwengule umntwana oneminyaka emithathu,3,0,0,0,0,0
isixhosa_3_00536,Ulandulele eli utitshala kaMantashe,3,0,0,0,0,0
isixhosa_3_00537,Limisiwe ityala likaNelani yinkundla,0,0,0,0,0,0
isixhosa_3_00538,Libulalelwe 'imali ezalayo' ipolisa eKapa,3,0,0,0,0,0
isixhosa_3_00539,Ufunyenwe kulwandle lwaseMonwabisi uNwabisa,0,0,0,0,0,0
isixhosa_3_00540,Halala! kumfama onguNontuthuzelo Mbele,0,3,0,0,0,0
isixhosa_3_00541,Clinton Larsen: Isinika ithuba lokuzibonakalisa iNedbank Cup,0,2,0,0,0,0
isixhosa_3_00542,Lifikile ixesha lokonwabisa abalandeli kwiCarling Black Label,0,3,0,0,0,0
isixhosa_3_00543,Batshayelwe abasebenzisa iziyobisi eGcuwa,0,0,0,0,2,0
isixhosa_3_00544,Ukubaluleka kokushiya incwadi yeLifa ekhaya,0,0,0,0,0,0
isixhosa_3_00545,Indoda ena-43 idlwengule intombazana ena-5,3,0,0,0,0,0
isixhosa_3_00546,"Ingalo yomthetho indijikele, kutsho ixhoba lodlwengulo",3,0,0,0,0,0
isixhosa_3_00547,"Umzimba kamakhulu (71) ufunyenwe ungcwatywe egadini, kubanjwe abazukulwana!",3,0,0,0,2,0
isixhosa_3_00548,uhlonitshwe ngetumente uEric Mntonga eMdantsane,0,2,0,0,0,0
isixhosa_3_00549,Utyelele isikolo sakhe eMdantsane uMapisa-Nqakula,0,1,0,0,0,0
isixhosa_3_00550,"Uqhathwe kuFacebook, wadlwengulwa ngeValentines Day",3,0,0,0,0,0
isixhosa_3_00551,"Wone ngokucela ishumi “R1” wabulawa, nomrhanelwa wabulawa!",3,0,0,0,2,0
isixhosa_3_00552,Kudibana oomakad’ ezondana eSoweto!,0,0,0,0,0,0
isixhosa_3_00553,Iqela laseMqanduli ligqugqise eXhora lemka nesityhwentywe semali,0,2,0,0,0,0
isixhosa_3_00554,INtshona Koloni idlulise amazwi ovelwano kwiKomkhulu lamaXhosa,2,0,0,0,0,0
isixhosa_3_00555,I-ATM iginya amalungu eminye imibutho,0,0,0,0,0,0
isixhosa_3_00556,Ugwetywe ubomi unoteksi waseMonti ngokudlwengula umkhweli | EC Indab,3,0,0,0,0,0
isixhosa_3_00557,Uceba utyholwa ngokutshisa ikhaya,0,0,0,0,2,0
isixhosa_3_00558,UBongi ugqwesile ngokufunda iindaba,0,3,0,0,0,0
isixhosa_3_00559,Kubhaqwe imizimba engcwatyiweyo eNgqushwa!,2,0,0,0,0,0
isixhosa_3_00560,Iza kufika ikrismesi sele besonge izandla abadala,2,0,0,0,0,0
isixhosa_3_00561,Ichongwe kwiqela likazwelonke intwazana yaseCala,0,3,0,0,0,0
isixhosa_3_00562,Amanyathelo ngakubuxoki bukamninawa kaBuyelekhaya Dalindyebo,0,0,0,0,0,0
isixhosa_3_00563,Kudutyulwe umama notata phambi kwabantwana,3,0,0,0,0,0
isixhosa_3_00564,Ifuthe lenkomfa yeANC ephondweni,0,0,0,0,0,0
isixhosa_3_00565,"Undijonga ntoni, ndijing’ inqathe?",0,0,0,2,0,0
isixhosa_3_00566,Abalali behlayo kwindlu ekunqunqelwe kuyo uNosicelo,3,0,0,0,2,0
isixhosa_3_00567,Babhubhe bebhaptiswa abantwana abathandathu,3,0,0,0,0,0
isixhosa_3_00568,INtetho yoBume beMpuma Koloni,0,0,0,0,0,0
isixhosa_3_00569,Inkedama ibethwe ngumbane yabhubha,3,0,0,0,0,0
isixhosa_3_00570,Iqhawulwe umlenze yabulawa inkosikazi!,3,0,0,0,2,0
isixhosa_3_00571,Babanjiwe ababhaqwe bebe iimpahla,1,0,0,0,0,0
isixhosa_3_00572,Likhothamile igqala lamanqindi laseMdantsane,3,0,0,0,0,0
isixhosa_3_00573,Kubhubhe abathathu konzakala abane kudubulwano eQonce,3,0,0,0,0,0
isixhosa_3_00574,Abafundi bakhala esimantshiyane ngokungabhatalwa,2,0,0,0,0,0
isixhosa_3_00575,Kubanjwe abarhanelwa abane bebanjelwa ubuqhophololo ngexesha leCovid,1,0,0,0,1,0
isixhosa_3_00576,Ufikelwe sisifo sokuwa kwecala eselwandle,2,0,0,0,0,0
isixhosa_3_00577,ULuckeez woMhlobo: 'Ndivuke iqatywe ikaka imoto yam',0,0,0,0,2,3
isixhosa_3_00578,Amahla ndenyuka kaSomashishini wasetyhini,0,0,0,0,0,0
isixhosa_3_00579,Kuthinjwe iimphahla ezixabisa izigidi ezisixhenxe eGcuwa,0,0,0,0,2,0
isixhosa_3_00580,Sikrwabaze ungabi naxhala isiNgesi,0,0,0,0,0,0
isixhosa_3_00581,Baphange ivenkile behamba nenkosikazi,0,0,0,0,2,0
isixhosa_3_00582,Indoda eyayigula ngengqondo yabethwa yatshiswa yabhubhela eMakiwane,3,0,0,0,0,0
isixhosa_3_00583,Aboncedo lokuqala abathandathu abaneziqinisekiso zomgunyathi banikwe ibheyile,0,0,0,0,2,0
isixhosa_3_00584,Kukhangelwa obulele inenekazi kwaLanga,2,0,0,0,0,0
isixhosa_3_00585,Umfama uthi amasi akhe akanalindle,1,0,0,0,0,0
isixhosa_3_00586,Unqunyanyisiwe umphathi wakwaKFC otyholwa ngobuhlanga!,1,0,0,2,0,0
isixhosa_3_00587,Igwetywe iminyaka eyi18 indoda eyadlwengula umntwana ona8,3,0,0,0,0,0
isixhosa_3_00588,Ukhatshwe ngesithozela uVuyani ‘Speedo’ Mawethu,0,2,0,0,0,0
isixhosa_3_00589,Iinzame zokugcina ilifa likaMadiba,0,0,0,0,0,0
isixhosa_3_00590,Uvele enkundleni umfundi wezigidi zeerandi waseWSU!,0,0,0,0,2,0
isixhosa_3_00591,Ndixhamla inkululeko mna andazi wena!,0,0,0,2,0,0
isixhosa_3_00592,Ungcoliseko lubangela izigulo eCambridge,3,0,0,0,0,0
isixhosa_3_00593,Ugwetywe iminyaka esibhozo umfundi webanga leshumi,1,0,0,0,2,0
isixhosa_3_00594,Kubhaqwe umzimba wendoda eGcuwa,2,0,0,0,0,0
isixhosa_3_00595,Kubhubhe isixhenxe kumalangatye emoto,3,0,0,0,0,0
isixhosa_3_00596,Kubanjwe ingqungquthela yoosomashishini eHarry Gwala,0,0,0,0,1,0
isixhosa_3_00597,Baxhalabile abasebenzi ngeenguqu ezintsha kwirhafu,0,0,2,0,0,0
isixhosa_3_00598,UCook ukhokela ngomzekelo kwiqela lesizwe leqakamba,0,2,0,0,0,0
isixhosa_3_00599,Libhaqeke liphila ixhegwazana laseGcuwa ebelikhwele kwiQuantum!,0,0,0,0,2,0
isixhosa_3_00600,IMpuma Koloni iphulukene neR23.9 billion ngenxa yabantu abafulathela iphondo,2,0,0,0,2,0
isixhosa_3_00601,WSU: Ubetha ebuyelela enkundleni umfundi wezigidi!,1,0,0,0,2,0
isixhosa_3_00602,Kubhubhe abaphathi beTaxi ababini eMthatha | EC Indab,3,0,0,0,0,0
isixhosa_3_00603,UPitso ufuna impumelelo kwiChamps League,0,2,0,0,0,0
isixhosa_3_00604,Umzabalazo wenkululeko nomhobe wesizwe,0,0,0,0,0,0
isixhosa_3_00605,Bayabhubha abakhwetha eMpuma Koloni!,2,0,0,0,0,0
isixhosa_3_00606,Abasibhozo babulewe kwitheko lokuzalwa,3,0,0,0,0,0
isixhosa_3_00607,Kudutyulwe kwabulawa umsebenzi olungisa indlela,3,0,0,0,0,0
isixhosa_3_00608,Lunzulile uthando lombhoxo kuKolisi,0,2,0,0,0,0
isixhosa_3_00609,UBooi unephupha lokusasazela uMzantsi Afrika,0,2,0,0,0,0
isixhosa_3_00610,Imbelukazi yaseKomani ijonge intshinga kanobuhle,0,2,0,0,0,0
isixhosa_3_00611,Bavele enkundleni nezilamane zabo abenze ubuqhophololo kwikholeji yeTVET,0,0,0,0,0,0
isixhosa_3_00612,Ufunwa ngapha nangapha uLetsoaka,0,1,0,0,0,0
isixhosa_3_00613,Nam ndithi tshotsho ingezi irabhi!,0,0,0,0,0,0
isixhosa_3_00614,Lebese: ndonwabile kwiKaizer Chiefs,0,2,0,0,0,0
isixhosa_3_00615,Babhubhile abantu ababini bebulawa yindoda engaphilanga ngengqondo!,3,0,0,0,2,0
isixhosa_3_00616,Ungajima ungahlawulanga mali efama,0,0,0,0,0,0
isixhosa_3_00617,Ubanjiwe umalume odlwengule umtshana,2,0,0,0,0,0
isixhosa_3_00618,Kuvalwa unyaka ngesibhadlalala setumente yamanqindi eMonti,0,3,0,0,0,0
isixhosa_3_00619,Baphoxekile abadlali kukuhlehliswa kwemidlalo ye-Olimpiki,2,0,0,0,0,0
isixhosa_3_00620,Indlu entsha kusapho lwendoda yengubo eluhlaza yaseMarikana,0,2,0,0,0,0
isixhosa_3_00621,ULusanda Dumke uzuze iwonga elikhulu kwisebe lezemidlalo,0,3,0,0,0,0
isixhosa_3_00622,Unyana ubhubhe noyise ezama ukunqanda,3,0,0,0,0,0
isixhosa_3_00623,Amapolisa abambe abarhanelwa abaphange umfama,0,1,0,0,0,0
isixhosa_3_00624,UPan ufuna ukubayinkuthazo kulutsha lakokwabo,0,2,0,0,0,0
isixhosa_3_00625,Owayeqeqesha iPirates uvele enkundleni ngenxa yesityholo sesincwaso,0,0,0,0,2,0
isixhosa_3_00626,Likhuphe ingoma ibandla laseMthatha,0,2,0,0,0,0
isixhosa_3_00627,Tyala itumato ngempumelelo mfama,0,2,0,0,0,0
isixhosa_3_00628,UFleck wonwabile ngumdlalo weStormers,0,2,0,0,0,0
isixhosa_3_00629,Injinga yonyaka ka2021 kuzwelonke: Keneilwe Neo Raphesu,0,2,0,0,0,0
isixhosa_3_00630,‘Siza kuyikhusela iLuthuli House’,0,1,0,0,0,0
isixhosa_3_00631,UZolani Tete owayesoyikwa ubuyile kwakhoka emanqindini!,0,2,0,0,0,0
isixhosa_3_00632,Ukwimeko embi unogada owonzakaliswe ngabalandeli beChiefs,3,0,0,0,0,0
isixhosa_3_00633,Kudutyulwe kwabhubha abane(4) kwindawo yentselo yaseSweetwaters ePietermaritsburg namhlanje. | EC Indab,3,0,0,0,0,0
isixhosa_3_00634,Kubanjwe isithoba kuqhankqalazo lweeteksi,0,0,0,0,0,0
isixhosa_3_00635,Intswela ngqesho ngowona mnqantsa ujongene nephondo leMpuma Koloni | EC Indab,3,0,0,0,0,0
isixhosa_3_00636,Uzakuvela kwi nkundla kamantyi eMthatha otyholwa ngokudlwengula intombi ebeyicele ilifti | EC Indab,2,0,0,0,0,0
isixhosa_3_00637,Ivela ezinkundleni indoda ngokubulala enye,2,0,0,0,0,0
isixhosa_3_00638,UNomeva uthi soze abethelwe e-Orient Theatre,0,0,0,0,0,0
isixhosa_3_00639,Izakugwetyelwa ukubulala umntana wayo onenyanga eziyi14 indoda yaseKhayelitsha,3,0,0,0,0,0
isixhosa_3_00640,Barholiswa iR500 ngenyanga ootitshala,2,0,0,0,2,0
isixhosa_3_00641,ISenegal idlulela kumjikelo olandelayo we-Afcon,0,2,0,0,0,0
isixhosa_3_00642,Kubhubhe owasetyhini kwizibuko leenqanawe eGqeberha | EC Indab,3,0,0,0,0,0
isixhosa_3_00643,Kubhubhe abantu abathathu ngengozi yemoto kwindlela yaseGcuwa. | EC Indab,3,0,0,0,0,0
isixhosa_3_00644,AbaThembu bashiyeke bebambe ongezantsi kubekwa uAzenathi,3,0,0,0,0,0
isixhosa_3_00645,AmaJamani atyathiswe iitasana zawo yiSouth Korea agoduka,0,1,0,0,0,0
isixhosa_3_00646,Uyangcwatywa umfundi wesikolo saseLusikisiki,3,0,0,0,0,0
isixhosa_3_00647,Iminyaka elishumi engaphaya kwamasango eYunivesithi umfundi ngenxa yokudlwengula,2,0,0,0,0,0
isixhosa_3_00648,Sikhahlela uGqirhalwazi N.Z. Gxekwa!,0,2,0,0,0,0
isixhosa_3_00649,Isikolo saseMbizana sitshatshele kwiDanone Cup,0,2,0,0,0,0
isixhosa_3_00650,Kuxhotyiswa amanina kwa Eskom,0,1,0,0,0,0
isixhosa_3_00651,Abhaqe umzimba ongaziwayo ukuba ngokabani amapolisa eKapa,2,0,0,0,0,0
isixhosa_3_00652,Bakhwankqise ilali ababulelene ngenxa yebhiya eNtabankulu,3,0,0,0,0,0
isixhosa_3_00653,‘Zange ndambona uthikoloshe!’ - sikhumbula umzobi weNtsimbi,0,0,0,0,0,0
isixhosa_3_00654,"Kuqweshe ibanjwa eCala, lijonge ukuxoxa ityala lalo | EC Indab",0,0,0,0,1,0
isixhosa_3_00655,Uphumele elubala esizela unina,1,0,0,0,0,0
isixhosa_3_00656,UMamani intombi kaSontlo eyazekelwa umfazi,0,1,0,0,0,0
isixhosa_3_00657,Uzakugwetywa alahlelwe kwezimnyama izisele uYibanathi ngokubulala umkakhe. | EC Indab,0,0,0,0,2,0
isixhosa_3_00658,Oomama mabangatyi tyum ngokudlwengulwa,0,0,0,1,0,0
isixhosa_3_00659,Isibonda siboliswa ngamaxolo aso!,0,0,0,0,0,0
isixhosa_3_00660,Masingawafihli amacephe kuza kutyiwa!,0,0,0,2,0,0
isixhosa_3_00661,"Ubanjiwe umrhanelwa otyholwa ngokuqweqwedisa, ethimba abemi bangaphandle. | EC Indab",2,0,0,0,0,0
isixhosa_3_00662,Ibanjiwe indoda edlwengule isithandwa sayo!,2,0,0,0,2,0
isixhosa_3_00663,Ufuna libizwe ngeliphi igama iphondo lakho ?,0,0,0,0,0,0
isixhosa_3_00664,Ukuxhatshazwa kubangele umama abulale umntwana!,2,0,0,0,2,0
isixhosa_3_00665,Isohlwayo kumongikazi waseMpuma Koloni ofunyenwe enetyala kwihlazo lesatifikethi sokuzalwa. | EC Indab,0,0,0,0,0,0
isixhosa_3_00666,Iteletele inyhasha ilungelo loomama,2,0,0,0,0,0
isixhosa_3_00667,INguni libhongo neqhayiya leAfrika,0,3,0,0,0,0
isixhosa_3_00668,Kubhubhe umqhubi weteksi emva kokuba isithuthi sabafundi sitshayiswe nguloliwe | EC Indab,3,0,0,0,0,0
isixhosa_3_00669,Unogada wesikolo iLinge ufuna ukuqhubeka ahlale esikolweni,0,0,0,0,0,0
isixhosa_3_00670,Ukufa kumi emnyango kukhweba nababhali,2,0,0,0,0,0
isixhosa_3_00671,Iimbethimanqindi ziza kuxhimfana eMdantsane,0,1,0,0,0,0
isixhosa_3_00672,Umntu ufunyenwe kubugoxo besakhiwo esidilikileyo eGeorge ephila!,0,2,0,0,2,0
isixhosa_3_00673,Kukhalinyelwa ukubiwa kwezandla zikaBiko engcwabeni lakhe!,0,0,0,0,2,0
isixhosa_3_00674,"Ubulungisa kwinkondekazi eyabhubhela ""ukuthakatha""",3,0,0,0,0,0
isixhosa_3_00675,Wasenza owabulal’ uSenzo Meyiwa,3,0,0,0,0,0
isixhosa_3_00676,Bafunyenwe bebhubhile ooZama Zama abayi-20,3,0,0,0,0,0
isixhosa_3_00677,Kubanjwe abarhanelwa abahlanu(5)zaphanza inzame zokuphanga Ivenkile | EC Indab,0,0,0,0,0,0
isixhosa_3_00678,Ubelixhoba lodlwengulo umkhweli e Graaf,3,0,0,0,0,0
isixhosa_3_00679,Ilinge lokubambisana liphakamisa ubuthile benkcubeko yamaBhele KaJamangile,0,2,0,0,0,0
isixhosa_3_00680,Inkosikazi yokuqala ibanga amagunya,0,0,0,0,1,0
isixhosa_3_00681,Uphando ngokubhunyulwa kwezigidi kwisebe lezempilo,0,0,0,0,0,0
isixhosa_3_00682,Igqiyazana lizisa uncuthu eluntwini,0,2,0,0,0,0
isixhosa_3_00683,USolinas uncoma abadlali bakhe emva kokuwongwa yiPSL,0,2,0,0,0,0
isixhosa_3_00684,Imo yezulu emanzi nemtyibilizi imke nemiphefumlo yabantu emibini(2) kwiingozi zendlela. | EC Indab,3,0,0,0,0,0
isixhosa_3_00685,UCele ugqala isisombululo kudushe loonoteksi eMthatha,0,1,0,0,0,0
isixhosa_3_00686,Kuxhonyiswe umfama nancuma naye KwaNjoli | EC Indab,2,0,0,0,0,0
isixhosa_3_00687,Ubanjwe emva kokuhlasela umhlobo wakhe ngekrele,2,0,0,0,2,0
isixhosa_3_00688,Zwelonke: UZuma ebenyolukiswe kukulamba,0,0,0,2,0,0
isixhosa_3_00689,Kubhaqwe ibanjwa kwanqunyanyiswa amagosa,0,0,0,0,2,0
isixhosa_3_00690,UGaxa utyikitywe yiBidvest Wits,0,2,0,0,0,0
isixhosa_3_00691,"UMcGragor uzamile, icekwa likuthi bantu abaphilayo",0,0,0,0,0,0
isixhosa_3_00692,INtshona Koloni ingaphumelela kwii-Idols zalo nyaka,0,2,0,0,0,0
isixhosa_3_00693,Ufunyenwe sele ebanda uNandipha!,3,0,0,0,2,0
isixhosa_3_00694,‘Sifuna ukubuyisela amanqindi elokishini’,0,2,0,0,0,0
isixhosa_3_00695,Uswelekile owayengumdlali wePirates ne-Arrows,2,0,0,0,0,0
isixhosa_3_00696,Uchazwe njengekhalipha owabeka uZuma izityholo zokudlwengula,0,1,0,0,0,0
isixhosa_3_00697,"Kungxwelerheke umntu, omnye wabulawa kwisiganeko sokuphanga eGqeberha | EC Indab",3,0,0,0,0,0
isixhosa_3_00698,"Masibemanxadanxada sonke, kubongoza uMasualle",0,0,0,0,0,0
isixhosa_3_00699,Uluhlu lwamagama wamangcwaba achaphazeleke kuqhushumbiso,2,0,0,0,0,0
isixhosa_3_00700,"Ebudaleni uJanet Jackson, 50, uzakuba ngumama okokuqala",0,2,0,0,0,0
isixhosa_3_00701,UKekana uvuyisana neqela lakhe,0,2,0,0,0,0
isixhosa_3_00702,Wayekiswa kukubizwa ‘baby’ ziintsana ukuya eNyobeni,0,0,0,0,0,0
isixhosa_3_00703,Isigantsontso saseQonce sigqugqise eGoli,0,2,0,0,0,0
isixhosa_3_00704,USilila uyikhusele intshinga yakhe,0,2,0,0,0,0
isixhosa_3_00705,Ulunywe indlebe ngenxa yebhiya!,1,0,0,0,3,0
isixhosa_3_00706,"Umasipala waseBuffalo City uhlonipha, ukhumbula imbethi manqindi eyabulawayo ""Baby Lee"" | EC Indab",2,1,0,0,0,0
isixhosa_3_00707,Ufikile eDutywa emva kokuhamba ngeenyawo i800km,0,0,0,0,2,0
isixhosa_3_00708,Baqhankqalazele ubundlobongela abantwana baseNyanga,2,0,0,0,0,0
isixhosa_3_00709,IChippa United itywatyushwe kakubi e-Athlone Stadium,2,0,0,0,0,0
isixhosa_3_00710,Inkosikazi yasePort Alfred ibulewe zizinja,3,0,0,0,0,0
isixhosa_3_00711,Abafana Bes’thende babethwe bangcotsha yiMamelodi Sundowns engenantanga kwiDStv Premiership!,1,0,0,0,0,0
isixhosa_3_00712,Ubhubhe exolile uSis’ Hlehle?,0,0,0,0,0,0
isixhosa_3_00713,UVovee usungula icwecwe elitsha ngeCawe!,0,3,0,0,0,0
isixhosa_3_00714,"uSizwe Kupelo, uthe abafundi abangamashumi amathathu anesine, besikolo esiseMlungisi basiwe kwisibhedlele saseFrontier. | EC Indab",2,0,0,0,0,0
isixhosa_3_00715,Ababethelwa nangu do oosaziwayo abathandana besini sinye,0,2,0,0,0,0
isixhosa_3_00716,"Unina kwikhwarantini, bona bagcwele ilali",1,0,0,0,0,0
isixhosa_3_00717,Inenekazi lokuqala linabise isisa salo eNxarhuni,0,2,0,0,0,0
isixhosa_3_00718,Unxunguphalo lubhalwe ebusweni kuMakupula,3,0,0,0,0,0
isixhosa_3_00719,‘Ingqawa’ ibulele iigusha eziyi-72,0,0,0,0,0,0
isixhosa_3_00720,“Qal’ uyiva!” bamatshekile bebona umtyekezo wezulu,0,0,0,0,3,0
isixhosa_3_00721,Usapho olwabotyozwa yiloli lucela amangqina,2,0,0,0,0,0
isixhosa_3_00722,"Ugwinte isinqandamathe, emva koko wazibulala ngeyeza leegusha",2,0,0,0,2,0
isixhosa_3_00723,"Emka amagorha, kwashiyeka amagwala",2,0,0,0,0,0
isixhosa_3_00724,‘Bendifuna ukumbulala unyana wam’,0,0,0,2,0,0
isixhosa_3_00725,"Kuhlaselwe amakhosikazi amabini, enye yabhubha",3,0,0,0,0,0
isixhosa_3_00726,Uceba nomyeni wakhe babetha abahlali,2,0,0,0,0,0
isixhosa_3_00727,Usengxakini owazenza unozakuzaku waphelekwa ngamapolisa,0,0,0,0,2,0
isixhosa_3_00728,Bathi ayivakali itishala yaseVakele,0,0,0,0,0,0
isixhosa_3_00729,Ingozi emasikizi nesube imiphefumlo eyi,3,0,0,0,0,0
isixhosa_3_00730,Usejele otshise ngeayini isithandwa sakhe!,1,0,0,0,2,0
isixhosa_3_00731,URabada uyophule amalungu i-Australia,0,2,0,0,0,0
isixhosa_3_00732,"Intombazana enonyaka omnye isindile kwingozi yebhasi, kodwa umzali okanye usapho alwaziwa",0,0,0,0,2,0
isixhosa_3_00733,Amadoda aseAmathole alwa ubundlobongela,0,1,0,0,0,0
isixhosa_3_00734,Inkosazana ibhacile emva kogrogriso,2,0,0,0,0,0
isixhosa_3_00735,Banyembezana eMnquma kukubhubha kukaSfiso,3,0,0,0,0,0
isixhosa_3_00736,Ikhaya elitsha lokungcakaza eMthatha,0,2,0,0,0,0
isixhosa_3_00737,"Amapolisa aseGqeberha abambe umrhanelwa, abuyise isithuthi ekurhaneleka ukuba sibiwe | EC Indab",0,0,0,0,0,0
isixhosa_3_00738,Banikwa ithuba lokuya e-Angola oosomashishini beli,0,3,0,0,0,0
isixhosa_3_00739,Ikhululwe inkosikazi yaseKSD ejongene nezityholo zokubulala!,0,0,0,0,2,0
isixhosa_3_00740,Usityheshele isicelo se Bheyile otyholwa ngokudlwengula uKawa eGqeberha | EC Indab,0,0,0,0,0,0
isixhosa_3_00741,Inqununu ingombe umfundi yamgxotha!,2,0,0,0,2,0
isixhosa_3_00742,"Kubhubhe isibini, ze omnye wangxwelerheka kwisehlo sokudutyulwa eGqeberha | EC Indab",3,0,0,0,0,0
isixhosa_3_00743,Kuvulwe ityala lokubulala indoda eKaladokhwe,2,0,0,0,0,0
isixhosa_3_00744,UNtsebeza uyaqhuba nophuhliso lwemidlalo ezilalini,0,3,0,0,0,0
isixhosa_3_00745,Uwelwe sisigwebo owadlwengula inkonde ena-87!,3,0,0,0,2,0
isixhosa_3_00746,Bahlaliswa esikolweni abafundi ngelizama ukuphucula iimviwo zebanga leshumi,0,0,0,0,0,0
isixhosa_3_00747,Intingela eNew York intwazana yaseTsomo,0,2,0,0,0,0
isixhosa_3_00748,Ifumana izigrogriso intwazana ena-16 emva kokubulala ‘isidlwengu’,3,0,0,0,0,0
isixhosa_3_00749,Bancedwe lixhwele abebehlutshwa ‘sisithunzela’,0,1,0,0,0,0
isixhosa_3_00750,UDan Malesela ukhonjwe emnyango nguMpengesi emva kwehlazo layizolo,2,0,0,0,0,0
isixhosa_3_00751,Ibhengeze igama lefolosi entsha i-Ajax Cape Town,0,1,0,0,0,0
isixhosa_3_00752,Alikapholi inxeba lokuhamba kukaLolo,3,0,0,0,0,0
isixhosa_3_00753,"Ezibuhlungu azipheli, ingakumbi ukufa komtu obelitshantliziyo kwabamthandayo | EC Indab",3,0,0,0,0,0
isixhosa_3_00754,Ivela enkundleni indoda ebulele umfazi wayo,2,0,0,0,0,0
isixhosa_3_00755,Icela amancedo inkosikazi ebeleke abantwana abalishumi ngaxeshanye,2,0,0,0,0,0
isixhosa_3_00756,ISinethemba Foundation izisa ithemba kwabangenalo,0,3,0,0,0,0
isixhosa_3_00757,Ugwetyiwe odlwengule umzala wakhe,0,0,0,0,0,0
isixhosa_3_00758,Kudibene iincutshe zelizwe eMonti,0,2,0,0,0,0
isixhosa_3_00759,Ixhego(70) lakrwintsha libulala imtombi yalo(13) eNgqamakwe kunyaka ophelikeyo | EC Indab,3,0,0,0,2,0
isixhosa_3_00760,Imbuyekezo ye-R50 000 konolwazi ngokubulawa kukasisi kuLuckeez woMhlobo Wenene,2,0,0,0,0,0
isixhosa_3_00761,Babuyele enkundleni abanikazi bethaveni eNyobeni | EC Indab,0,0,0,0,0,0
isixhosa_3_00762,Unyana obulele unina ngehamile utshayiswe yimoto!,0,0,0,0,2,0
isixhosa_3_00763,Kuza kuhlolwa umgada kuzo zonke izilwanyana zelali yesihelegu kuQumbu,0,1,0,0,0,0
isixhosa_3_00764,"Ibuye nodumo iBlitzboks, eSydney!",0,3,0,0,0,0
isixhosa_3_00765,Uzibulele umfundi ona14 obethukelwa ukuba-gay!,3,0,0,0,0,0
isixhosa_3_00766,Inkampani yamafutha iphuhlisa imidlalo eGcuwa,0,2,0,0,0,0
isixhosa_3_00767,Uhambe eseyintshatsheli uGabula ‘Tiger’ Vabaza!,0,2,0,0,0,0
isixhosa_3_00768,Kubhubhe isibini kwingozi yemoto eGcuwa,3,0,0,0,0,0
isixhosa_3_00769,Ipolisa libulele isithandwa salo,3,0,0,0,2,0
isixhosa_3_00770,IiBrazillians zifuna impumelelo eYiphutha,0,1,0,0,0,0
isixhosa_3_00771,Amanina alwa uxhatshazo lwabasetyhini,2,0,0,0,0,0
isixhosa_3_00772,IXhosaTribe igcina amasiko nezithethe ngomculo,0,2,0,0,0,0
isixhosa_3_00773,Ukungayazi imbali kubulala isiXhosa,2,0,0,0,0,0
isixhosa_3_00774,Ingozi emasikizi nesube imiphefumlo emithandathu(6) | EC Indab,3,0,0,0,0,0
isixhosa_3_00775,* Bankwantya luloyiko abasebenzi,0,0,3,0,0,0
isixhosa_3_00776,Akanakulala engatyanga enezandla umchweli okwangumzobi,0,2,0,0,0,0
isixhosa_3_00777,Unyana kaMakhaya Ntini ufumene ikhaya ePitoli,0,3,0,0,0,0
isixhosa_3_00778,Izakhono zokuvelisa iifilimu eBhayi,0,2,0,0,0,0
isixhosa_3_00779,Ikhubazekile intlalo yesikolo sabakhubazekileyo,3,0,0,0,0,0
isixhosa_3_00780,Amashumi amabini eminyaka yasekwayo iNdlu yeeNkosi zePhondo leMpuma Kapa,0,2,0,0,0,0
isixhosa_3_00781,Ingqwalasela koomasipala abathathu bephondo,0,0,0,0,0,0
isixhosa_3_00782,Kubanjwe iphulo ngamapolisa nagamanina eMonti,0,0,0,0,0,0
isixhosa_3_00783,Liphi ke ingcwaba likaNonesi maMpondo?,1,0,0,0,0,0
isixhosa_3_00784,Isibhambathiso sokhuseleko lomkhombe omnyama nengwenkala,0,0,0,0,0,0
isixhosa_3_00785,USakala noogxa bakhe banqunyanyisiwe,2,0,0,0,0,0
isixhosa_3_00786,Udlwengule uBhishophu: Kutsho ixhoba,3,0,0,0,0,0
isixhosa_3_00787,Kubhubhe abantu abane kwingozi ezahlukeneyo zemoto kweliphondo | EC Indab,3,0,0,0,0,0
isixhosa_3_00788,Unconyiwe uLandile Ngxeke obethe uMendoza wayintshatsheli,0,2,0,0,0,0
isixhosa_3_00789,Udutyulwe wabhubha elele neqabane,3,0,0,0,2,0
isixhosa_3_00790,"Uvalelwe oloba abasetyhini kuFacebook, ze ababulale",3,0,0,0,0,0
isixhosa_3_00791,AZI UMNTWANA WONE BANI DE ATSHISWE ESAZE NGOBUSO | EC Indab,3,0,0,0,0,0
isixhosa_3_00792,"Inkosikazi ikrwitshe yabulala udade wayo, yamkhulula ipenti nonondrokhwe",3,0,0,0,2,0
isixhosa_3_00793,Ibonwe ngobarhiphilili bubulongwe indoda isinda indlu kanti icima ubungqina,2,0,0,0,2,0
isixhosa_3_00794,Masualle: Yabalilishwa into kaMasiphathisane,2,0,0,0,0,0
isixhosa_3_00795,Kubanjwe iqela labarhanelwa ngezityholo zokuhlaselwa kwegqwetha laseMonti | EC Indab,1,0,0,0,0,0
isixhosa_3_00796,Ugwetyiwe owadlwengula inkosikazi egula ngengqondo,2,0,0,0,0,0
isixhosa_3_00797,BATSHO BANCAMA BEZAMA UKUFUMANA KWEZI R350 KWATHIWA BAYAPHANGELA KWAYE BA REGISTERED FOR UIF ABASE MACLEAR | EC Indab,0,0,0,0,0,0
isixhosa_3_00798,Inkwenkwana ena10  iqwengwe zizinja!,2,0,0,0,0,0
isixhosa_3_00799,Zintoni ezibulala abakhwetha eMpuma Koloni?,1,0,0,0,0,0
isixhosa_3_00800,Babhuqwa yindlala abongikazi eMpuma Koloni,3,0,0,0,0,0
isixhosa_3_00801,Amazwi ovelwano ngokusweleka kukaMkhonza,2,0,0,0,0,0
isixhosa_3_00802,Batshisiwe babulawa kuba bebe utywala!,3,0,0,0,2,0
isixhosa_3_00803,BADIKWE FINISH ABAHLALI BASEHANOVER LULWAPHULO,0,0,0,3,0,0
isixhosa_3_00804,Inkampani yokwakha ibulele abantwana kwakhona,3,0,0,0,0,0
isixhosa_3_00805,Umdliva wolonwabo Ebubeleni eBhayi,0,3,0,0,0,0
isixhosa_3_00806,"Wabulawa kubuxoki bokuba une-R100 000, kanti une-R60 kuphela",3,0,0,0,2,0
isixhosa_3_00807,Basantywizisa abagwintelwe intwazana ena-5!,3,0,0,0,0,0
isixhosa_3_00808,Yamkele amajoni amatsha iDikwena,0,2,0,0,0,0
isixhosa_3_00809,AmaRashiya abethiswe kukulala kukathikoloshe izolo,1,0,0,0,0,0
isixhosa_3_00810,Abantu abayi-4 000 bosuleleke yiKhorona ngeentsuku ezimbini!,0,0,0,0,2,0
isixhosa_3_00811,IProteas yehlile kumanqwanqwa e-ICC,1,0,0,0,0,0
isixhosa_3_00812,"Imizimba yabantwana, ifunyenwe ize, ijinga emthini",3,0,0,0,2,0
isixhosa_3_00813,Ixabiso lomntu silibona mhla wasuswa kuthi,2,0,0,0,0,0
isixhosa_3_00814,‘Ayisonwabisanga indawo elikuyo iqela’,2,0,0,0,0,0
isixhosa_3_00815,Kubhubhe umqhubi wamnye ze konzakala omnye kwingozi emasikizi yemoto eyenzeke eGqeberha K9 | EC Indab,3,0,0,0,0,0
isixhosa_3_00816,Ithemba lesiXhosa eNMU naseRhodes,0,2,0,0,0,0
isixhosa_3_00817,Kubanjwe abantu abangama108 ngePasika eKapa,0,0,0,0,2,0
isixhosa_3_00818,Isithuthi sabantwana besikolo sintlithekile!,2,0,0,0,0,0
isixhosa_3_00819,"UMzantsi Afrika wonzakaliswe nguRocha, ePraia!",1,0,0,0,0,0
isixhosa_3_00820,Amapolisa akhangela umfazi olahlekileyo eDordrecht,2,0,0,0,0,0
isixhosa_3_00821,UDavid Notoane uyalibulela ithuba alinikwa yiSafa!,0,2,0,0,0,0
isixhosa_3_00822,Ngubani othenga ibhotile enye yotywala exabisa imali elingana nendlu?,0,0,0,0,2,0
isixhosa_3_00823,Kuduke intwazana iyokulungisa iinwele zayo,3,0,0,0,0,0
isixhosa_3_00824,Tata zibandakanye nobom bomntwana wakho oyintombazana,0,0,0,0,0,0
isixhosa_3_00825,Ilizwi eliyolisayo likaLady Dee,0,2,0,0,0,0
isixhosa_3_00826,Ramaphosa: Mabuyane faka isabhokhwe!,0,0,0,2,0,0
isixhosa_3_00827,IKouga izimisele ukuthoba imirhumo yamanzi njengoko amanqanaba amadama ephucuka | EC Indab,1,0,0,0,0,0
isixhosa_3_00828,UZazaza ufuna iqela lakhe libaxabise abalandeli balo,0,1,0,0,0,0
isixhosa_3_00829,Indoda idlwengule isalamane sayo,3,0,0,0,0,0
isixhosa_3_00830,Ungaphandle ngebheyile umfama obethe umsebenzi,1,0,0,0,0,0
isixhosa_3_00831,Bametsha ngegqudu abafundi besikolo saseDikeni,2,0,0,0,0,0
isixhosa_3_00832,"Indoda ebanjiweyo ayinanto yakwenza nokubulawa kwabasebenzi bakwaSasko, atsho amapolisa",0,0,0,0,1,0
isixhosa_3_00833,INelson Mandela Museum ibhiyozele ama20 eminyaka,0,3,0,0,0,0
isixhosa_3_00834,Umalume ubanjelwe ukubulala umtshana (5) ngomhlakulo,3,0,0,0,2,0
isixhosa_3_00835,Umbulali kaDJ usabhadula esithubeni!,0,0,0,0,2,0
isixhosa_3_00836,URoger De Sa uyakuvuyela ukuqeqesha iMaritzburg,0,2,0,0,0,0
isixhosa_3_00837,Ibanjiwe indoda ephake yaze yahlasela unogada | EC Indab,2,0,0,0,0,0
isixhosa_3_00838,Igwetyiwe indlala kwiCape Town City engcwabe Amatsatsantsa,0,2,0,0,0,0
isixhosa_3_00839,Bahamba imigama emide abasebenzi basezifama,2,0,0,0,0,0
isixhosa_3_00840,Uxuthelwe inkamnkam obanga ubunyholi,1,0,0,0,1,0
isixhosa_3_00841,UZALO: Isithandwa sikaSbu esiyindoda?,0,0,0,0,0,0
isixhosa_3_00842,"Esuzile engasuzanga, kubo yinkokheli",0,0,0,2,0,0
isixhosa_3_00843,Kukhangelwa unina wosana olunyengezwe eMthatha,2,0,0,0,0,0
isixhosa_3_00844,Usapho olutsha kwiGenerations - The Legacy,0,2,0,0,0,0
isixhosa_3_00845,Ubhubhe engahoywanga kwisibhedlele saseGcuwa,3,0,0,0,0,0
isixhosa_3_00846,UNtombozuko Mgoqi ugwetyiwe kwinkundla yengingqi yaseNgqushwa eMpuma Koloni. | EC Indab,0,0,0,0,0,0
isixhosa_3_00847,Kuphinde kwadutyulwa ilungu leANC,3,0,0,0,1,0
isixhosa_3_00848,Kugxothwe usathana ophehluzelisa iGcuwa!,0,0,0,0,2,0
isixhosa_3_00849,Kubhubhe ipolisa noonqevu kutshintshiselwana ngeembumbulu,3,0,0,0,0,0
isixhosa_3_00850,Luxhalabile uluntu ziivenkile zooMy Friend eMonti,0,0,3,0,0,0
isixhosa_3_00851,Umqeqeshi weBrazil uhlomla ngokwenzeke emdlalweni wayizolo,0,0,0,0,0,0
isixhosa_3_00852,Kubanjwe abangapha kwe600 eNyanga,0,0,0,0,2,0
isixhosa_3_00853,Indoda ibulele umama womntwana wayo!,2,0,0,0,0,0
isixhosa_3_00854,Udliwanondlebe nomlandeli weChippa United,0,0,0,0,0,0
isixhosa_3_00855,Bathandathu abantu ababhubhe phakathi kwaseCofimvaba nakuKomani!,3,0,0,0,0,0
isixhosa_3_00856,Baseka uMasifunisane ngelokulwa ubusela bemfuyo,0,2,0,0,0,0
isixhosa_3_00857,Kubanjwe owasetyhini nenkitha yeziyobisi,0,0,0,0,2,0
isixhosa_3_00858,Imbalelwano eyabhalwa nguMadiba ithengiswe nge-R65 000,0,0,0,0,2,0
isixhosa_3_00859,"Ileta eya kunyana wam, uKhudi",0,0,0,0,0,0
isixhosa_3_00860,Ibeyimpumelelo engumangaliso i-Ubank Tournament,0,3,0,0,0,0
isixhosa_3_00861,Akhunjulwe amaxhoba abethwe ngumbane ecaweni eTsomo,2,0,0,0,0,0
isixhosa_3_00862,"Yhuuuu, waze wasiphoxa uSASSA! | EC Indab",0,0,0,2,0,0
isixhosa_3_00863,Ingqele eqhaqhazelisa amazinyo ephondweni,0,0,0,0,0,0
isixhosa_3_00864,Kukhangelwa indoda edlwengule eGcuwa,2,0,0,0,0,0
isixhosa_3_00865,"Ifunyenwe indoda yaseTshayina eyayixhwilwe, kwabanjwa abarhanelwa abathathu",0,1,0,0,0,0
isixhosa_3_00866,Kuthe tshitshilili ulonwabo lodwa eMgungundlovu!,0,3,0,0,0,0
isixhosa_3_00867,Kubhubhe umkhwethwa kwisiza somgunyathi esihlala abakhwetha,3,0,0,0,0,0
isixhosa_3_00868,UMrhanelwa ubanjelwe UKUBULALA KABINI | EC Indab,0,0,0,0,2,0
isixhosa_3_00869,IRhodes yenza utshintsho eDV,0,2,0,0,0,0
isixhosa_3_00870,Abahlali badikwe yiyokosa bezama ukwenza okohlule amapolisa. | EC Indab,0,0,0,3,0,0
isixhosa_3_00871,Kubhubhe izigulane ezimbini kwingozi ebibandakanya i Ambulensi kunye nesithuthi sakwa Rhulumente ku R61 | EC Indab,3,0,0,0,0,0
isixhosa_3_00872,Isidlwengu saseMotherwell sigwetywe ubomi entolongweni,0,1,0,0,0,0
isixhosa_3_00873,Umnenga onuka phuqu kulwandle lwaseMonti,0,0,0,0,0,3
isixhosa_3_00874,Izaphulelo namathuba kwinyanga yezokhenketho,0,1,0,0,0,0
isixhosa_3_00875,Izindlu zangasese ezihlubula isidima samanina kwaNompumelelo,3,0,0,0,0,0
isixhosa_3_00876,Amazwe ehlabathi adibene ngamanzi eSweden,0,2,0,0,0,0
isixhosa_3_00877,UMama ubhaqwe sele eqinile engenakugobeka amanye amalungu omzimba!,3,0,0,0,0,0
isixhosa_3_00878,IBlitzbokke ingayenza imbali eHong Kong,0,2,0,0,0,0
isixhosa_3_00879,UStick anganegalelo elikhulu kwiSpringboks,0,2,0,0,0,0
isixhosa_3_00880,"""Ndilahlekelwe yi-R14 000 yonke ngenxa yokuphapha""",3,0,0,0,0,0
isixhosa_3_00881,Amakhwenkwe amabini afunyenwe ebhubhile eGebane,3,0,0,0,0,0
isixhosa_3_00882,Idemeshe yeR11 million emva komlilo waseBeacon Bay,0,0,0,0,2,0
isixhosa_3_00883,Ugwetywe ubomi ngokubulala ipolisa,2,0,0,0,1,0
isixhosa_3_00884,Ingozi emasikizi isube imiphefumlo Emine(4) | EC Indab,3,0,0,0,0,0
isixhosa_3_00885,Iphulo lehlabathi lokufunda ngokukhwaza,0,2,0,0,0,0
isixhosa_3_00886,Bathiwe nka ngezigwebo ezikhulu abadlali beBidvest Wits ngenxa yokuqaqadeka!,2,0,0,0,2,0
isixhosa_3_00887,Intsusa ibengu ‘mholo’ kwathukwana ngabasebenzi!,0,0,0,0,2,0
isixhosa_3_00888,ULady Zamar ubalisa ngezothando kwicwecwe elitsha,0,2,0,0,0,0
isixhosa_3_00889,‘Ngootsotsi ootitshala abanxiba iijini nezikipa’ - Makupula,0,0,0,2,0,0
isixhosa_3_00890,"‘Basela utywala eMpekweni, beqhathana ngathi’",0,0,0,2,0,0
isixhosa_3_00891,ULuxolo Matikinca usungule itumente eza kunceda ulutsha eGcuwa!,0,3,0,0,0,0
isixhosa_3_00892,Irhoxisiwe isizini yesithathu yeMzantsi Super League,1,0,0,0,0,0
isixhosa_3_00893,Ulwaluko: ‘Lo rhulumente uyasikhwenkwa’,0,0,0,3,0,0
isixhosa_3_00894,Isikolo esasisebenza uCharlotte Maxeke eDutywa,0,0,0,0,0,0
isixhosa_3_00895,Owasetyhini usutywe kukufa endleleni,3,0,0,0,0,0
isixhosa_3_00896,Zohamb'iintsizwa kosal'izibongo | EC Indab,0,0,0,0,0,0
isixhosa_3_00897,"Ukhubazekile, wazalelwa etyotyombeni, akabazi ubomi bokuhlala endlwini",3,0,0,0,0,0
isixhosa_3_00898,IKumkani ibongoza intsebenziswano eXolobeni,0,1,0,0,0,0
isixhosa_3_00899,"Obekade exwaywa, namhlanje sisifundiswa",0,3,0,0,0,0
isixhosa_3_00900,Inkosikazi yaseRhawutini ibeleke abantwana abalishumi ngaxeshanye,0,0,0,0,3,0
isixhosa_3_00901,URassie uyiphekela amaqhinga amatsha iNgilane,0,2,0,0,0,0
isixhosa_3_00902,Babhubhe belungiselela ukungcwaba eNgcobo,3,0,0,0,0,0
isixhosa_3_00903,Sitshe sangqongqa isigadla KwaDwesi kuqhankqalazo labahlali | EC Indab,0,0,0,0,2,0
isixhosa_3_00904,Kufunyenwe abadlali ababini beneKhorona kwiChiefs emva kovavanyo ngoLwesihlanu,0,0,0,0,2,0
isixhosa_3_00905,Lichithiwe ityala lorhanelwa ngokubulala ibhinqa ebencuma nalo,0,0,0,0,2,0
isixhosa_3_00906,Utshe wabhubha eyedwa okhubazekileyo,3,0,0,0,0,0
isixhosa_3_00907,Bambi kubantwana ‘belakitreki’ baswele umonde!,1,0,0,0,0,0
isixhosa_3_00908,"Kubhubhe amadoda ethaveni, kwabanjwa umnikazindawo",2,0,0,0,2,0
isixhosa_3_00909,Sibhaqwe sesiphezulu isisu kodlwengulwe ngubhuti wakhe,2,0,0,0,2,0
isixhosa_3_00910,Bane abantwana ababhubhileyo ngenxa yetyhefu!,3,0,0,0,2,0
isixhosa_3_00911,"Isigwebo kowadlwengula intwazana, wayiqhaqha umzimba",2,0,0,0,2,0
isixhosa_3_00912,UNomandela ufumene ikhaya elitsha,0,3,0,0,0,0
isixhosa_3_00913,Bazakuvela enkundleni oomatshonisa ababanjwe eMthatha namakhadi enkam-nkam.,0,0,0,0,2,0
isixhosa_3_00914,Libanjiwe ipolisa elibulele umkhwekazi,0,0,0,0,0,0
isixhosa_3_00915,Unqunyanyiselwe ukuphuza abadlali eSpain. | EC Indab,1,0,0,0,2,0
isixhosa_3_00916,Iindlela zikhoba kwi4x4 experience nequmla ngeGwadana. | EC Indab,0,1,0,0,0,0
isixhosa_3_00917,Ubomi kwisidlwengu emva kweminyaka eli12,0,0,0,0,0,0
isixhosa_3_00918,‘Sidanile ngokuphoxwa nguZimi Mabunzi’,2,0,0,0,0,0
isixhosa_3_00919,Kucholwe usana luphila kwirenki yeeteksi!,2,0,0,0,2,0
isixhosa_3_00920,Uvela enkundleni obeloba amaxhoba odlwengulo kuFacebook,1,0,0,0,0,0
isixhosa_3_00921,Bazakuvela okokuqala kwinkundla yaseDimbaza namhlanje ababanjelwe umbhodamo wokubulala kwaNokholeji | EC Indab,2,0,0,0,0,0
isixhosa_3_00922,Ulutsha lwasePhumlani luzonwabise ngemidlalo,0,3,0,0,0,0
isixhosa_3_00923,"Bhum phantsi intente phambi koMphathiswa, konzakala abantu",2,0,0,0,2,0
isixhosa_3_00924,Abafazi bakaKumkani Zwelidumile wamaGcaleka eNqadu,0,0,0,0,0,0
isixhosa_3_00925,Abantwana abanakutya emva  kokulahleka kwe-R100 000,3,0,0,0,0,0
isixhosa_3_00926,Basweleke besiya emsebenzini emva kokuba ibhaki yabo ibotyozwe nguloliwe,3,0,0,0,0,0
isixhosa_3_00927,Iingxaki zesikolo esigqwesileyo kwiziphumo zebanga leshumi eNgcobo,1,0,0,0,0,0
isixhosa_3_00928,Baxhalabile abadlali beBlack Aces,0,0,2,0,0,0
isixhosa_3_00929,INam Foundation ibixhobisa kwaye ixhasa abantwana kumsitho obuseMonti. | EC Indab,0,2,0,0,0,0
isixhosa_3_00930,Lugxothiwe usapho olurhanelwa ngentakatho eFlagstaff,3,0,0,0,0,0
isixhosa_3_00931,UChris uzisa ulonwabo lomculo eMonti,0,3,0,0,0,0
isixhosa_3_00932,Umkhwetha uthi utshiswe ngamanzi ngabanentlonti,2,0,0,0,0,0
isixhosa_3_00933,Kuthiwe huntshu kumalungu esipolisa,0,2,0,0,0,0
isixhosa_3_00934,Unikwe ikhefu elikhethekileyo uJaji Jansen,0,1,0,0,0,0
isixhosa_3_00935,Ingozi emasikizi eDutywa nesube imiphefumlo esibhozo(8) | EC Indab,3,0,0,0,0,0
isixhosa_3_00936,Ukudilika kwesakhiwo eNgcobo kusube imiphefumlo emihlanu,3,0,0,0,0,0
isixhosa_3_00937,Kubanjwe isithathu ngokuphanga ivenkile yenyama eDutywa,0,0,0,0,0,0
isixhosa_3_00938,Babehlekwa ngokufunda ngolwimi lwenkobe,2,0,0,0,0,0
isixhosa_3_00939,Kukhal’ ibhungane erenkini eMonti emva kombhodamo woonoteksi!,2,0,0,0,0,0
isixhosa_3_00940,USerame ulamkele inqaku elinye,0,1,0,0,0,0
isixhosa_3_00941,Ulonwabo lujike lwakrakra kwiitshomi,2,0,0,0,0,0
isixhosa_3_00942,"Ekugqibeleni, uSiphelele Ntshangase ude wakhululwa yiKaizer Chiefs",0,1,0,0,0,0
isixhosa_3_00943,Zibaliwe iintsuku zomqeqeshi weCape Town City onikwe ikhefu engalicelanga,2,0,0,0,0,0
isixhosa_3_00944,Ibekwe esandleni impilo yolutsha kwaBhaca,0,0,0,0,0,0
isixhosa_3_00945,Ulutsha luzonwabisa ngemidlalo eBizana,0,3,0,0,0,0
isixhosa_3_00946,Ubekwa kwikhaya lokugqibela umsasazi we-trufm,2,0,0,0,0,0
isixhosa_3_00947,Igwetyiwe inkosikazi ebinesikolo somgunyathi,0,0,0,0,2,0
isixhosa_3_00948,Udubule isithandwa sakhe wasishiya sibhubhile endleleni,3,0,0,0,0,0
isixhosa_3_00949,Ugwetywe ubomi ethothoza ngaphakathi entilongweni umbulali womyeni | EC Indab,2,0,0,0,0,0
isixhosa_3_00950,Bathathu(3) ababhubhileyo logama bebathathu(3) abasindileyo kudubulwano olwenzeke eSajonisi kude kufuphi naseMtata. | EC Indab,3,0,0,0,0,0
isixhosa_3_00951,iiLali zifumana iWIFI yasimahla,0,2,0,0,0,0
isixhosa_3_00952,"Ubuqhophololo bubuqhophololo, qha qwaba",0,0,0,2,0,0
isixhosa_3_00953,UDumza ubhiyozela isingqi saseAfrika ngomculo,0,3,0,0,0,0
isixhosa_3_00954,Kutshiswe kwabulawa abarhanelwa ngobusela!,2,0,0,0,0,0
isixhosa_3_00955,ULuxolo September uzisa inkqubo yophuhliso eGcuwa nakwiindawo eziyingqongileyo,0,2,0,0,0,0
isixhosa_3_00956,"Inye iveki yile, kuza kubethwa umntu eMonti!",0,0,2,0,0,0
isixhosa_3_00957,Ityikitye abadlali abathathu iMaritzburg United,0,1,0,0,0,0
isixhosa_3_00958,Usiwe esibhedlele ona-7 ofakwe ikhuni kwilungu langasese ngofunda uGrade 7!,2,0,0,0,2,0
isixhosa_3_00959,"Igama alihlonitshwa, kuhlonitshwa abantu",0,0,0,0,0,0
isixhosa_3_00960,Balushumi elinesibini(12) abafundi baseForte ababanjiweyo | EC Indab,0,0,0,0,2,0
isixhosa_3_00961,Igosa lesipolisa ebelingekho msebenzini libambe umrhanelwa ophange iselula | EC Indab,0,1,0,0,0,0
isixhosa_3_00962,Ubomi eziseleni kobedlwengula azalwa nabo!,0,0,0,0,2,0
isixhosa_3_00963,Umfundisi ugxothe usapho eCaweni,0,0,0,0,1,0
isixhosa_3_00964,Abahlali eFlagstaff babambe indoda erhanelwa ngokudlwengula,0,0,0,0,0,0
isixhosa_3_00965,Inzalelwane yaseMdantsane izenzela udumo kwiifilim,0,2,0,0,0,0
isixhosa_3_00966,"Ingozi emasikizi yebhasi, nesube imiphefumlo emininzi phakathi kweFlagstaff neLusikisiki | EC Indab",3,0,0,0,0,0
isixhosa_3_00967,Isixa semali ngokubulawa kukaNamhla,0,0,0,0,0,0
isixhosa_3_00968,Liwelwe sisigwebo ixhego elazenzela kusana olunonyaka!,0,0,0,0,2,0
isixhosa_3_00969,Ibekwe ngokusesikweni inkosi yaMakiti,1,0,0,0,0,0
isixhosa_3_00970,Ziyaqengqeleka iintsuku lidukile ixhegwazana,2,0,0,0,0,0
isixhosa_3_00971,Luyangcwatywa usapho olutshele ebobosini,3,0,0,0,0,0
isixhosa_3_00972,Balele phandle ngenxa yabamelwane,2,0,0,0,0,0
isixhosa_3_00973,Ukhonjiswe umnyango usodolophu odale uqhushululu eCumakala,0,0,0,0,2,0
isixhosa_3_00974,IDutywa yidolophu kwaye yenza kwenzeke | EC Indab,0,2,0,0,0,0
isixhosa_3_00975,Umngcwabo waseburhulumenteni kumam’ uSobukwe,2,0,0,0,0,0
isixhosa_3_00976,Indlu esemgangathweni kobekudala elindile,0,2,0,0,0,0
isixhosa_3_00977,Babanjiwe ababulele inkosikazi eDutywa,3,0,0,0,0,0
isixhosa_3_00978,Abahambi balunyukiswe ngomngcipheko womgada kumanxweme aseKZN naseMpuma Koloni | EC Indab,0,0,0,0,0,0
isixhosa_3_00979,Isikhalo ngekliniki ‘ehleba’ izigulana,2,0,0,0,0,0
isixhosa_3_00980,Kudiban’ iinkunzi emdlalwen’ onzima!,0,2,0,0,0,0
isixhosa_3_00981,Ucela uncedo onabantwana abalishumi elinanye!,1,0,0,0,2,0
isixhosa_3_00982,Kuye kubanzima eMtata! Abantu babulawa mihla le. | EC Indab,3,0,0,0,0,0
isixhosa_3_00983,Inkqubo yencoko entsha kwiSABC 2,0,1,0,0,0,0
isixhosa_3_00984,Pitso: Makanikwe ithuba u-Ertugral,0,1,0,0,0,0
isixhosa_3_00985,‘Eli lithuba lethu lokuzakhela imbali’,0,2,0,0,0,0
isixhosa_3_00986,Amakhosi ayithunuke iStellenbosch yaswaya endleleni,0,1,0,0,0,0
isixhosa_3_00987,URamaphosa ukhalimela ukubulawa kwamapolisa,2,0,0,0,0,0
isixhosa_3_00988,Ugcadwe ngemibuzo uMark Zuckerberg,0,0,0,0,0,0
isixhosa_3_00989,Ugwetyiwe owadlwengula intwazana esithi sisinqandamathe sakhe,2,0,0,0,0,0
isixhosa_3_00990,Snerah: Le iza kuphelel’ ematrasini,0,1,0,0,0,0
isixhosa_3_00991,Ugwetyiwe owabulala usapho elityhola ngokuthakatha!,2,0,0,0,2,0
isixhosa_3_00992,I Hawks zibambe inenekazi laseGqeberha ngezityholo zokuxhwila inkwenkwana | EC Indab,0,0,0,0,2,0
isixhosa_3_00993,Balwa intswelo-ngqesho ngeshishini lokuzilolonga,0,2,0,0,0,0
isixhosa_3_00994,Inenekazi lihlabe unyana walo,2,0,0,0,0,0
isixhosa_3_00995,Ube ligorha kumalangatya omlilo!,0,3,0,0,0,0
isixhosa_3_00996,Usifezekisile isithembiso sakhe uMotsepe,0,2,0,0,0,0
isixhosa_3_00997,Usapho luwelwe ngumqa esandleni eCegcuwana,2,0,0,0,0,0
isixhosa_3_00998,UVeil wenza izimanga kwiqonga lolonwabo!,0,0,0,0,2,0
isixhosa_3_00999,Ibanjiwe inkosikazi exhwile unyana wesoka,0,0,0,0,2,0
isixhosa_3_01000,UJose Riveiro uvuyela iPirates ebuyela kwiChampions League,0,3,0,0,0,0
isixhosa_3_01001,‘Unyana wam wagilwa okwenja sisithuthi samapolisa!’,2,0,0,2,0,0
isixhosa_3_01002,Baxhalabe zizithuthi ezidiliza imizi yabo,0,0,3,0,0,0
isixhosa_3_01003,Udlwengulwe izihlandlo abantwana bebukele,3,0,0,0,2,0
isixhosa_3_01004,Abafundi babanjelwe ukubulala umfundi,3,0,0,0,2,0
isixhosa_3_01005,Ukhala esimantshiyane esithi ‘woxuthelwe’ ubukhosi,2,0,0,0,0,0
isixhosa_3_01006,"Impumelelo yoMzantsi Afrika kwiqakamba isetyenzelwe, utsho uDean Elgar",0,2,0,0,0,0
isixhosa_3_01007,INelson Mandela Bay iqalise iphulo lokuqhawula umbane ongahlawulelwanga. | EC Indab,0,0,0,0,0,0
isixhosa_3_01008,Ugwetywe ubomi ngokubulala umyeni kabuhlungu!,3,0,0,0,0,0
isixhosa_3_01009,Banqunyanyisiwe ootitshala ekuthiwa bazuma abafundi!,2,0,0,0,2,0
isixhosa_3_01010,Isube umphefumlo omnye ingozi yemoto,3,0,0,0,0,0
isixhosa_3_01011,amaPolisa ase Bethelsdorp akhangela umntu olahlekileyo | EC Indab,2,0,0,0,0,0
isixhosa_3_01012,Batshizana ngegazi abahlali kuBeyele eNgcobo,2,0,0,0,0,0
isixhosa_3_01013,Bafunwa i-R50 000 ukuze babenombane,0,0,0,0,2,0
isixhosa_3_01014,Kubanjwe abantu abayi-161 kugqogqa eBhayi,0,0,0,0,2,0
isixhosa_3_01015,Bakhalazela uceba orhola indodla!,2,0,0,0,2,0
isixhosa_3_01016,Imvumikazi ibhiyozela uthando olutsha ngengoma,0,3,0,0,0,0
isixhosa_3_01017,"ENgqamakhwe, kuCentane naseGcuwa kuvunjululwa italente!",0,3,0,0,0,0
isixhosa_3_01018,Ubethwe wabokoboko kusithiwa unamadimoni,3,0,0,0,2,0
isixhosa_3_01019,Kubhaqwe umzimba ubotshelelwe ngamatye kuTsolo,2,0,0,0,2,0
isixhosa_3_01020,Bebephila obentshontsho ababhinqileyo sisidlwengu kuTsolo,3,0,0,0,0,0
isixhosa_3_01021,Ityholwa ngokuchasana neenkokeli zolutsha iUDM,0,0,0,0,1,0
isixhosa_3_01022,Utshe waluthuthu uNozukile Superspar eNgqushwa,3,0,0,0,0,0
isixhosa_3_01023,Mabuyane: Ndibuthiye ukufa utywala!,0,0,0,2,0,0
isixhosa_3_01024,Bakhululwe ngesilumkiso kwizityholo zokubhunyula iR37 million eMnquma,0,0,0,0,2,0
isixhosa_3_01025,IBhodi yeeLwimi imisela amaqumrhu eelwimi,0,2,0,0,0,0
isixhosa_3_01026,Ungozi emasikizi nesube imiphefumlo emibini. | EC Indab,3,0,0,0,0,0
isixhosa_3_01027,Uthathe iintambo uMene kuNtshinga!,0,0,0,0,0,0
isixhosa_3_01028,Obelahlekile ufunyenwe edlwengulwe ebulewe kwigumbi likamzala,3,0,0,0,0,0
isixhosa_3_01029,Bamkelwe zizindlu ngenxa yesichotho,3,0,0,0,0,0
isixhosa_3_01030,Awufikanga ugalelekile umdyarho waseTsomo,0,2,0,0,0,0
isixhosa_3_01031,Ayisekho intombi kaStella Sigcau!,2,0,0,0,2,0
isixhosa_3_01032,Babanjwe benemipu engekho semthethweni kwiilali zaseDutywa,0,0,0,0,1,0
isixhosa_3_01033,Kudibana iinkunzi zaseSoweto emdlalwen’ onzima eFNB Stadium!,0,2,0,0,0,0
isixhosa_3_01034,Sizakudilizwa kungentsuku zatywala isakhiwo saseNyobeni | EC Indab,1,0,0,0,0,0
isixhosa_3_01035,Ubulungisa kubafundi abadlwengulwa besegxamesini,3,0,0,0,0,0
isixhosa_3_01036,Lucholwe lulahlwe ethafeni usana olubomvu,3,0,0,0,0,0
isixhosa_3_01037,Ngubani ozakuphumelela idabi laseKapa?,0,0,0,0,0,0
isixhosa_3_01038,Iyafika imini ibikade ilindiwe kuNdzube,0,1,0,0,0,0
isixhosa_3_01039,Unyana ubulele uyise ngehamile,3,0,0,0,2,0
isixhosa_3_01040,UMasualle uvula indlu yeeNkosi,0,2,0,0,0,0
isixhosa_3_01041,Kubanjwe abarhanelwa abahlanu (5) eGgeberha ngezityholo zokubulala | EC Indab,2,0,0,0,0,0
isixhosa_3_01042,Uyaxobuka umfanekiso oqingqiweyo kaTutu,2,0,0,0,0,0
isixhosa_3_01043,IDYONGWANA YASE DUTYWA ITHI PHANTSI NGE GBV | EC Indab,0,0,0,2,0,0
isixhosa_3_01044,Uzakungcwatywa ngokomoya uDavid Stuurman eHankey,2,0,0,0,0,0
isixhosa_3_01045,Izidumbu ezibini zamadoda ngenxa yoomama!,3,0,0,0,0,0
isixhosa_3_01046,Akakafumaneki umsebenzi womgodi i-Impala,2,0,0,0,0,0
isixhosa_3_01047,Uluntu luvalelisile ku-Unathi Tuta,2,0,0,0,0,0
isixhosa_3_01048,Udilikajele kwinkazana eyabulala umamazala nomolokazana!,3,0,0,0,2,0
isixhosa_3_01049,Kubhubhe Abantu Abahlanu kwingozi eyenzeke eSulenkama kuQumbu | EC Indab,3,0,0,0,0,0
isixhosa_3_01050,Bafuna uMadonsela akhokele iNPA,0,0,0,0,0,0
isixhosa_3_01051,Ibanjiwe indoda encanca abantwana amabele!,0,0,0,0,2,0
isixhosa_3_01052,URabada wothuswe linani lamawonga awafumeneyo,0,3,0,0,0,0
isixhosa_3_01053,Ligacele u80% iPhondo kwiziphumo zikaGrade12,0,2,0,0,0,0
isixhosa_3_01054,I’solezwe likhumbula incoko yalo noSis’ Ouma,0,0,0,0,0,0
isixhosa_3_01055,Iminyaka engama-35 yeBelievers in Christ,0,2,0,0,0,0
isixhosa_3_01056,Umfundisi ubanjwe ngezityholo zodlwengulo,3,0,0,0,0,0
isixhosa_3_01057,UPhilander uwuphakamisile uMzantsi Afrika,0,2,0,0,0,0
isixhosa_3_01058,IDA iyifuna apha neMpuma Koloni,0,0,0,0,0,0
isixhosa_3_01059,Bacoce iofisi besilwa iKhorona eChris Hani,0,1,0,0,0,0
isixhosa_3_01060,Abafundi baseRhodes bawongwe eKenya,0,2,0,0,0,0
isixhosa_3_01061,Kubanjwe abarhanelwa abathandathu eDutywa ngezityholo zokuphanga ishishini | EC Indab,0,0,0,0,2,0
isixhosa_3_01062,Unyuselwe obefudula edlalela iChippa,0,2,0,0,0,0
isixhosa_3_01063,IBafana Bafana ijonge ukukhusela indebe yeCOSAFA!,0,2,0,0,0,0
isixhosa_3_01064,Kubhubhe abantu ababini(2) kwingozi eyenzeke eBerlin | EC Indab,3,0,0,0,0,0
isixhosa_3_01065,Sele kubhubhe 25 kwiingozi zendlela eKapa,2,0,0,0,0,0
isixhosa_3_01066,Ligwetyelwe ukubulala inenekazi laseGqeberha!,2,0,0,0,2,0
isixhosa_3_01067,Umthengi uxambulisene nevenkile efuna imali yeteksi,0,0,0,0,0,0
isixhosa_3_01068,Jaji Maya: Enkosi ngokufunqula isiXhosa!,0,3,0,0,0,0
isixhosa_3_01069,Umsasazi utyhola ngokuhlaselwa esemoyeni,1,0,0,0,0,0
isixhosa_3_01070,Belinembeko inenekazi elifunyenwe libulewe!,3,0,0,0,0,0
isixhosa_3_01071,Ukhuthuzwe eMusina usomashishini waseMonti,3,0,0,0,0,0
isixhosa_3_01072,Amakhulu amabini eebhayisekile kubafundi baseCala,0,2,0,0,0,0
isixhosa_3_01073,Ndizenzela iGoli eMonti ngomculo wam weHip hop,0,2,0,0,0,0
isixhosa_3_01074,Atshe angqongqa amadoda amahlanu kumva weveni ngaseNgqushwa | EC Indab,3,0,0,0,0,0
isixhosa_3_01075,Isikolo seenkedama sifumene umbane,0,2,0,0,0,0
isixhosa_3_01076,Ukulwa ugawulayo aphele nya!,0,2,0,0,0,0
isixhosa_3_01077,ITornado ibuyele phezulu kwi-ABC Motsepe League,0,2,0,0,0,0
isixhosa_3_01078,UTshwete unceda abafundi baseFrankfort,0,2,0,0,0,0
isixhosa_3_01079,iGhana ixhaywe yiEthiopia kwavuya aboMzantsi Afrika,0,2,0,0,0,0
isixhosa_3_01080,Umdliva wegospile usendleleni eya eMthatha!,0,2,0,0,0,0
isixhosa_3_01081,Amadoda ziindladiya zeendlavini ewonke,0,0,0,3,0,0
isixhosa_3_01082,Kubhubhe abahlanu kwingozi yemoto eKariega,3,0,0,0,0,0
isixhosa_3_01083,Kuphangwe abakhenkethi baseGermany eDutywa!,0,0,0,0,2,0
isixhosa_3_01084,"UZindzi ungcwatywa ngoLwesihlanu, ufunyaniswe eneCovid-19",3,0,0,0,0,0
isixhosa_3_01085,Bume ngxi ubomi bukaXoliswa nguXoliswa,1,0,0,0,0,0
isixhosa_3_01086,Lisinde ekuthunjweni iTshayina laseTinarha. | EC Indab,1,0,0,0,0,0
isixhosa_3_01087,IKonwaba kwiinkqubo zokuqeqesha uluntu,0,1,0,0,0,0
isixhosa_3_01088,Inethemba lesiqalo esitsha iCricket SA,0,2,0,0,0,0
isixhosa_3_01089,Kutshiswe otyholwa ngokweba eLower,2,0,0,0,1,0
isixhosa_3_01090,BUKELA | Oonqevu bephanga inkampani yokhuseleko,0,0,0,0,1,0
isixhosa_3_01091,Ihlatyaniselwe ngembumbulu yabhubha imbethimanqindi yaseMpuma Koloni,3,0,0,0,0,0
isixhosa_3_01092,"Ayisekho intatheli, uMbulelo Sisulu",3,0,0,0,0,0
isixhosa_3_01093,UVELILE ENKUNDLENI UMRHANELWA OBANJWE NEMPAHLA EBIWEYO E FISH RIVER | EC Indab,1,0,0,0,0,0
isixhosa_3_01094,"Phumla ngoxolo Loliwe, ugqatso ulufezile",2,0,0,0,0,0
isixhosa_3_01095,Wabulawa owasetyhini kuba ethandana nabasetyhini!,3,0,0,0,2,0
isixhosa_3_01096,IKhayelitsha iphala phambili kwintengiso yotywala!,0,0,0,0,2,0
isixhosa_3_01097,Mthalanene uyikhusele intshinga yakhe,0,2,0,0,0,0
isixhosa_3_01098,Babhinq’ omfutshane begawula ihlathi lezihelegu!,0,0,0,0,1,0
isixhosa_3_01099,Uyalelwe ibheyile umfundisi otyholwa ngokudlwengula umntwana,3,0,0,0,0,0
isixhosa_3_01100,KUDUTYULWE IPOLISA NGEXESHA LOKUPHANGWA KWEPOSI ENGQELENI | EC Indab,2,0,0,0,0,0
isixhosa_3_01101,UShakes ubuye encumile eGambia,0,2,0,0,0,0
isixhosa_3_01102,USolinas ubulela ithuba lesibini kwiFree State Stars,0,2,0,0,0,0
isixhosa_3_01103,Udlwengulwe lipolisa eyokuvula ityala!,2,0,0,0,2,0
isixhosa_3_01104,Amajita abuye negolide kwakhona,0,3,0,0,0,0
isixhosa_3_01105,Baceba ubhazabhaza ngamagxa abo,0,0,0,0,0,0
isixhosa_3_01106,Ibanjiwe indoda edlwengule umfazi wayo!,2,0,0,0,2,0
isixhosa_3_01107,IKrismesi ithembisa ngokuba myoli,0,2,0,0,0,0
isixhosa_3_01108,"‘Andikabhubhi okwangoku,’ kutsho umfundi waseRhodes ona-67'",0,1,0,0,0,0
isixhosa_3_01109,UNomeva ubuye nodumo eMelika,0,3,0,0,0,0
isixhosa_3_01110,Kukhangelwa unyana ohlabe uyise wakhe kuTsolo,2,0,0,0,0,0
isixhosa_3_01111,Intwazana yaseNgqushwa kwityala likaOmotoso,2,0,0,0,0,0
isixhosa_3_01112,Ixhego lisenkundleni ngokudlwengula umntwana,3,0,0,0,2,0
isixhosa_3_01113,Ibanjiwe indoda enqunqe umzimba wesithandwa sayo yawufaka kwifriza,3,0,0,0,2,0
isixhosa_3_01114,Oonyana babulele uyise kuba ebulele inja!,0,0,0,0,2,0
isixhosa_3_01115,Abahlali baseKwelerha bafunene inyhweba yokutyelelwa lisebe loPhuhliso loluNtu | EC Indab,0,2,0,0,0,0
isixhosa_3_01116,Kubhubhe umtu wamnye ze kwangxwelerheka abanye kwizikhukhula zakuGatyane | EC Indab,3,0,0,0,0,0
isixhosa_3_01117,‘Ayindim obulala abantu eDikeni’,2,0,0,0,0,0
isixhosa_3_01118,Lathitha kumantombazana edolophu yaseNgcobo,0,3,0,0,0,0
isixhosa_3_01119,"Ubanjiwe utata owadlwengula, wamithisa waze wagrogrisa ngokubulala intombi yakhe",3,0,0,0,2,0
isixhosa_3_01120,Kufunyenwe owasetyhini edutyulwe emotweni. | EC Indab,3,0,0,0,1,0
isixhosa_3_01121,Intatheli yethu iphumelele iwonga!,0,3,0,0,0,0
isixhosa_3_01122,‘Singakuvuyela ukuncedwa lisebe lezeMidlalo’,0,1,0,0,0,0
isixhosa_3_01123,Bathimbe iholo likamasipala eGugulethu,0,0,0,0,2,0
isixhosa_3_01124,UKolisi uvuyela ukubuyela kwiStormers,0,2,0,0,0,0
isixhosa_3_01125,Ootitshala abadlwengula abafundi bababukelise namanyala,2,0,0,0,2,0
isixhosa_3_01126,Izakuseka ibhunga lomasipala iBuffalo City,0,2,0,0,0,0
isixhosa_3_01127,Umama ubulewe kwisiganeko sodubulo,3,0,0,0,0,0
isixhosa_3_01128,Uphinde wagwetywa obengaphandle ngengqawule,0,0,0,0,2,0
isixhosa_3_01129,USHIYE IKHAYA NGENTSASA NGOMHLA WAMASHUMI ABABINI ANESITHANDATHU KUCANZIBE(26/05/2023) WAYA ESIKOLWENI KODWA AKAFIKA ESIKOLWENI AKABONWA NANGABAFUNDA ESIKOLWENI AQHELE UKUHAMBA NABO. | EC Indab,3,0,0,0,0,0
isixhosa_3_01130,‘Ugcinwe kwababhubhe yikhorona kodwa eneTB’,0,0,0,0,1,0
isixhosa_3_01131,Liqhwatyelwe izandla iqela loMzantsi Afrika,0,2,0,0,0,0
isixhosa_3_01132,Ivele enkundleni inkosikazi etyholwa ngokubulala umyeni,2,0,0,0,0,0
isixhosa_3_01133,Kubanjwe abahlanu malunga nokubalawa kwabantu kwaNobuhle!,2,0,0,0,0,0
isixhosa_3_01134,INumsa ixhalabe ngekamva labasebenzi bakwaChevrolet,0,0,2,0,0,0
isixhosa_3_01135,Kuse lizixhomile ityendyana lakuNtabankulu,3,0,0,0,0,0
isixhosa_3_01136,"Abandihoyanga ndikhala, ndixinwe yi-Covid 19!",2,0,0,0,0,0
isixhosa_3_01137,Uvela enkundleni ofunyenwe neziyobisi ezixabisa izigidi ezintathu zeerandi!,0,0,0,0,2,0
isixhosa_3_01138,Indalo luxanduva lwethu sisonke,0,0,0,0,0,0
isixhosa_3_01139,Kubhubhe abantu Abathathu kwingozi kufutshane ne,3,0,0,0,0,0
isixhosa_3_01140,Uzabele ngenkani kwintombi yomfazi wakhe,2,0,0,0,2,0
isixhosa_3_01141,Ibokoboko amacala iSwallows egqogqwe ngenduku yiPirates edabini laseSoweto!,0,1,0,0,0,0
isixhosa_3_01142,Kuphandwa ukubulawa kwamalungu eANC,2,0,0,0,0,0
isixhosa_3_01143,Lithande ukuqaqamba nangakumbi ikamva likaMafa Bavuma!,0,3,0,0,0,0
isixhosa_3_01144,Kuqhekezwe unogada ejongile eMthatha,0,0,0,0,2,0
isixhosa_3_01145,Kugqityiwe: Coetzee utyikitywe yiSundowns,0,1,0,0,0,0
isixhosa_3_01146,ABAFUNDI NOOTITSHALA BAYAWA ESIKOLWENI eKOMGA | EC Indab,0,0,0,0,2,0
isixhosa_3_01147,Ibanjiwe inkosikazi evule ityala lokudlwengulwa lipolisa ixoka!,0,0,0,0,2,0
isixhosa_3_01148,Kubhubhe umfundi owelwe ngumthi esikolweni!,3,0,0,0,2,0
isixhosa_3_01149,"‘Ndiphume phantsi kocingo, bekunzima’",2,0,0,0,0,0
isixhosa_3_01150,Uncumo kwabazalwa becandeke imilebe,0,2,0,0,0,0
isixhosa_3_01151,"Inkulu, indlalifa, isiko nesinyanya",0,1,0,0,0,0
isixhosa_3_01152,ULobese utyunjwe njengeNgqonyela yoMkhosi waManzi,0,2,0,0,0,0
isixhosa_3_01153,Kubanjwe Owasetyhini ngezityholo zokudlwengula intombazana ekwishumi elivisayo ngobusuku bangaphambi kweKrisimesi | EC Indab,2,0,0,0,2,0
isixhosa_3_01154,‘Ithengiselwe iChina ifama yethu’,0,0,0,2,0,0
isixhosa_3_01155,"‘Ngaphandle kukamakhulu wam ngendingekho apha,’ kutsho ophumelele isiXhosa",0,2,0,0,0,0
isixhosa_3_01156,Bayaphika abafundi ababhaqwe besela!,0,0,0,0,2,0
isixhosa_3_01157,Amapolisa ambethe amkhupha amazinyo!,2,0,0,0,2,0
isixhosa_3_01158,Kuxolisiwe kuPitso othukwe ngonina ngabalandeli beSundowns izolo,2,0,0,0,0,0
isixhosa_3_01159,"Kukhuthuzwe, kwaqweqwediswa amapolisa eGqeberha izolo. | EC Indab",0,0,0,0,2,0
isixhosa_3_01160,Isihelegu kubhubha oonogada ekliniki,3,0,0,0,0,0
isixhosa_3_01161,Kuthe xibilili kumama obephilela ukuxwaya emagxeni unyana wakhe,0,3,0,0,0,0
isixhosa_3_01162,Sinqunyanyisiwe isithethi sikaMphathiswa wezeMfundo eMpuma Koloni. | EC Indab,1,0,0,0,0,0
isixhosa_3_01163,Ingozi emasikizi isube imiphefumlo emihlanu(5) | EC Indab,3,0,0,0,0,0
isixhosa_3_01164,UPastor Gabriel kwakhona kwiSidingo!,0,2,0,0,0,0
isixhosa_3_01165,UChad le Clos uyabavukuza kwiCommonwealth Games!,0,3,0,0,0,0
isixhosa_3_01166,"Ubhetele kakhulu ngoku uLudumo Lamati, utsho umphathi wakhe!",0,2,0,0,0,0
isixhosa_3_01167,Ufumana uthuthuzelo ngokomphefumlo umfundi waseWSU obengusozigidi,1,0,0,0,0,0
isixhosa_3_01168,Ulwa nomprofeti owamkhupha iHIV,0,0,0,0,3,0
isixhosa_3_01169,Unethemba lokuya phambili kwiSuper Rugby uMarais,0,1,0,0,0,0
isixhosa_3_01170,Kubhubhe umtu wamnye izolo kwingozi yemoto. | EC Indab,3,0,0,0,0,0
isixhosa_3_01171,"Isidumbu kwilali yaseWesley, eNgqushwa!",3,0,0,0,2,0
isixhosa_3_01172,Wonyuliwe kwakhona uZono omele amakhosikazi,0,2,0,0,0,0
isixhosa_3_01173,Iintshatsheli zeqakamba zitsha ziintambo,0,1,0,0,0,0
isixhosa_3_01174,"Kuqhambuke uqhankqalazo eMt Ayliff, kwisithili saseAlfred Nzo, oluqhankqalazo lukhokelisele ekuvalweni kweendlela | EC Indab",0,0,0,0,0,0
isixhosa_3_01175,Inkwenkwana iyathuthuzelwa emva kokudutyulwa kukanina,3,0,0,0,0,0
isixhosa_3_01176,Yamkelwe ngezandla ezishushu intwazana ebidlwengulwe yagojwa amehlo eMount Ayliff | EC Indab,2,2,0,0,0,0
isixhosa_3_01177,Ngolimo ingaliwa indlala eMpuma Koloni,0,2,0,0,0,0
isixhosa_3_01178,"‘Phuma emtshatweni, sukude uzibulale!’",0,0,0,2,0,0
isixhosa_3_01179,Isilo esintlaluza iintloko zeegusha ziphila,0,0,2,0,0,0
isixhosa_3_01180,IProteas iqhokrwe kukonzakala kwabadlali,2,0,0,0,0,0
isixhosa_3_01181,‘Mabagwetywe qatha ababulala abakhwetha’,0,0,0,2,0,0
isixhosa_3_01182,Umsantsa kwiDA ubangele ukulahla kwelungu eliphezulu,0,0,0,0,0,0
isixhosa_3_01183,Ubanjelwe ukudlwengula intwazana ena- 7 !,3,0,0,0,2,0
isixhosa_3_01184,Uwongwe ngesidanga sakhe umfundi owabulawa kulonyaka uphelileyo eNMU | EC Indab,2,0,0,0,0,0
isixhosa_3_01185,Deda mhlangala endaweni yenyhwagi,0,2,0,0,0,0
isixhosa_3_01186,Baza konwabela i047 noVusi Nova kwiqonga laseMonti!,0,3,0,0,0,0
isixhosa_3_01187,Ulahlile umqeqeshi we-Orlando Pirates,0,0,0,0,0,0
isixhosa_3_01188,"Lwelani indawo yenu, Banyana Banyana!",0,0,0,0,0,0
isixhosa_3_01189,Kulunyukiswa abaqhubi eJeffreys Bay,0,0,0,0,0,0
isixhosa_3_01190,"Bakwaywe yilali, bangcwaba umama wabo bebodwa",3,0,0,0,0,0
isixhosa_3_01191,IPitbull(inja) itye yabulala umtwana oneminyaka emithathu(3) ubudala eZwide eGqeberha. | EC Indab,3,0,0,0,0,0
isixhosa_3_01192,Amazwi ovelwano kumfundi otshiswe wabhubha eLady Frere,3,0,0,0,0,0
isixhosa_3_01193,UPitso Mosimane ukhwele ezehlela kusompepmpe!!,0,0,0,0,0,0
isixhosa_3_01194,Uswelekile umdlali weCity Ses’ La!,3,0,0,0,0,0
isixhosa_3_01195,Uyothulele umnqwazi impumelelo yebanga leshumi uMabuyane,0,2,0,0,0,0
isixhosa_3_01196,"iNgilane ingombe iWales iibhatyi zagcwala umoya, iMelika ibethe i-Iran",0,2,0,0,0,0
isixhosa_3_01197,Kubanjwe abarhanelwa ekurhaneleka ukuba baxhomisa iimoto ezithutha imali eMpuma Koloni | EC Indab,0,0,0,0,0,0
isixhosa_3_01198,Indoda ibanjwe namangquba eBhayi,0,0,0,0,1,0
isixhosa_3_01199,Basengxakini abavoti eMzantsi Afrika,2,0,1,0,0,0
isixhosa_3_01200,"Utata owabulawelwa umntwana, ufuna ubulungisa!",2,0,0,0,0,0
isixhosa_3_01201,UBaxter ufuna impumelelo kwiqela lakhe,0,2,0,0,0,0
isixhosa_3_01202,Babanjiwe oonqevu baseBhayi abangcungcuthekisa abahlali,0,2,0,0,0,0
isixhosa_3_01203,Ubuyele kwiBafana unyana wolahleko,0,2,0,0,0,0
isixhosa_3_01204,XA KUSILWA INKUNZI EZIMBINI KUBULALEKA INGCA,0,0,0,0,0,0
isixhosa_3_01205,Abulalana kwiCarling Black Label amaqela amakhulu!,0,1,0,0,0,0
isixhosa_3_01206,Ukhululwe ngesilumkiso umfundi ohlabe omnye ngecephe!,2,0,0,0,2,0
isixhosa_3_01207,UKonco uyinkuthazo kulutsha laseMthatha,0,3,0,0,0,0
isixhosa_3_01208,Kuphelile ngezikaFaro emva kokucanjalaliswa zezikaPutin!,2,0,0,0,0,0
isixhosa_3_01209,Kuvalelwe abayi-760 kwiphulo iShanela eMpuma Koloni,0,0,0,0,2,0
isixhosa_3_01210,Iindlela zaseMpuma Koloni izolo zisube imiphefumlo emine. | EC Indab,3,0,0,0,0,0
isixhosa_3_01211,Unethemba lokubuya neembasa eziliqela uMzantsi Afrika,0,2,0,0,0,0
isixhosa_3_01212,Iyangcwatywa inkosikazi yaseDutywa ebhaqwe eGqeberha itshisiwe!,3,0,0,0,2,0
isixhosa_3_01213,Bafundisiwe kodwa yinqaba ukufunda!,0,0,0,0,2,0
isixhosa_3_01214,Kuqhushumbiswe isithuthi semali ngolwesihlanu eGcuwa | EC Indab,0,0,0,0,2,0
isixhosa_3_01215,Umtshutshisi ubanjwe ngamapolisa etyholwa ngobuqhophololo,0,0,0,0,0,0
isixhosa_3_01216,Izakuthengiswa eChina iAvocado yoMzantsi Afrika,0,2,0,0,0,0
isixhosa_3_01217,Uyise nonyana babanjelwe ubusela bemfuyo,0,0,0,0,2,0
isixhosa_3_01218,Izakulala iqamele ngenqindi indoda edlwengule ze yahlukumeza umntwana wayo kwilali yaseMgababa eNgqushwa | EC Indab,3,0,0,0,0,0
isixhosa_3_01219,Ugwetyelwe ukubulala ikrexe lakhe,2,0,0,0,0,0
isixhosa_3_01220,"UZakes Bantwini ubhiyozela uthando, ukukhanya nomculo eMonti!",0,3,0,0,0,0
isixhosa_3_01221,Iyagxalathelana inkxaso kumfundi obuleweyo waseFort Hare,0,2,0,0,0,0
isixhosa_3_01222,Kushiyene oomama ukondla kwitumente yaseKapa,0,1,0,0,0,0
isixhosa_3_01223,"Kudutyulwe 10 kwaze konzakale 3 kuqhankqalazo lwabafundi baseWSU, eMthatha. | EC Indab",3,0,0,0,0,0
isixhosa_3_01224,Bawongwe ngeebhasari abafundi eBhayi,0,2,0,0,0,0
isixhosa_3_01225,Kuntsuku inyamelele inkosikazi yaseGqeberha,2,0,0,0,0,0
isixhosa_3_01226,UMbalula ubaleka itolo lentshuntshe,0,0,0,0,0,0
isixhosa_3_01227,Usetyenziso gwenxa kotywala ngumbulali weliphondo leMpuma Koloni,3,0,0,0,0,0
isixhosa_3_01228,Intlungu yomfundi obhaqwe ezixhomile kowabo!,3,0,0,0,0,0
isixhosa_3_01229,Inzalelwane yaseBhayi yiKumkani eZimbabwe,0,2,0,0,0,0
isixhosa_3_01230,‘Andiyazi yintoni eyabonwa kum’- Makupula,0,0,0,0,0,0
isixhosa_3_01231,Bhanga: Phelaphela ngantsomi kwiANC,2,0,0,0,0,0
isixhosa_3_01232,"EWellington, Amabhokobhoko aza kunyuka umnqantsa",0,2,0,0,0,0
isixhosa_3_01233,Kubhengezwe igama lomtu omnye obhubhele kwiziko lokuphehla iintsimbi eCoega | EC Indab,3,0,0,0,0,0
isixhosa_3_01234,Ilizwe likhumbula igalelo likaStofile,0,1,0,0,0,0
isixhosa_3_01235,Umyeni olipolisa kwiyelenqe lokubulawa komfazi,2,0,0,0,2,0
isixhosa_3_01236,Ixuthwe ilindele ukutyiwa igusha ebiweyo yomcimbi,0,0,0,0,2,0
isixhosa_3_01237,Ndithukwe ndaxweba nguDr Nokuzola Mndende,2,0,0,0,0,0
isixhosa_3_01238,"Mabuyane: ‘UGomba uzamile, ufikelwe nje lilishwa’",1,0,0,0,0,0
isixhosa_3_01239,Kubhubhe indoda emva kokutshayiswa yimoto,3,0,0,0,0,0
isixhosa_3_01240,Bavele enkundleni abaqhwaya udushe eMabhida Stadium,0,0,0,0,0,0
isixhosa_3_01241,Babonelwe ngeepasele abasebenzi bomgodi,0,2,0,0,0,0
isixhosa_3_01242,Ubhaqiwe umntwana obeduke nempelesi ekliniki,0,2,0,0,0,0
isixhosa_3_01243,Zithweswe izidanga iiNkokheli zoMthonyane zase Africa kwilizwe laseGhana | EC Indab,0,2,0,0,0,0
isixhosa_3_01244,Isikolo samantombazana sitshiswe ngenxa yesikhwele,2,0,0,0,2,0
isixhosa_3_01245,Usweleke kwingozi yemoto umdlali webali loMhlobo Wenene,3,0,0,0,0,0
isixhosa_3_01246,Isinqandamathe sitshise amatyotyombe amane emva kwengxabano | EC Indab,2,0,0,0,2,0
isixhosa_3_01247,Inkulumbuso yephondo leMpuma Koloni indwendwele isikolo samabanga aphakamileyo eNgqushwa | EC Indab,0,1,0,0,0,0
isixhosa_3_01248,Abatyholwa ngokuba ibhokhwe babhubhile,2,0,0,0,0,0
isixhosa_3_01249,IKapa ingalithatha kwakhona ibhaso le-Idols kulo nyaka!,0,2,0,0,0,0
isixhosa_3_01250,Imizi ivuthulukile ngenxa yenkanyamba,3,0,0,0,0,0
isixhosa_3_01251,Kubanjwe indoda eMonti ngezityholo zokuxaphaza abantwana anancinci ngesondo kwi,3,0,0,0,0,0
isixhosa_3_01252,Ntombi ithile yaseBethelsdorp ibulele umtwana(9) wendoda ancuma nayo. | EC Indab,3,0,0,0,2,0
isixhosa_3_01253,Kudibana oomakad’ ezondana eNelson Mandela Stadium,0,1,0,0,0,0
isixhosa_3_01254,Umfoti wethu ufumene iwonga,0,2,0,0,0,0
isixhosa_3_01255,Ifikile ifashoni ehlakulela iBuyel’Ekhaya,0,2,0,0,0,0
isixhosa_3_01256,INKWENKWE ENEMINYAKA EMIBINI ITSHE YASWELEKA KUMLILO WETYOTYOMBE EGQEBERHA | EC Indab,3,0,0,0,0,0
isixhosa_3_01257,Iindaba zokungalasti kukaTsepiso ‘nokubaleka’ utywala!,0,0,0,0,0,0
isixhosa_3_01258,Bazakuvela enkundleni kungekudala ababanjwe neenkomo eziyi,0,0,0,0,0,0
isixhosa_3_01259,Idemeshe yeR10.6 million emva kokutshiswa kweebhasi eGqeberha,2,0,0,0,1,0
isixhosa_3_01260,Amagosa ePalamente ahlazwe ngabahlali,1,0,0,0,0,0
isixhosa_3_01261,Ushishina ngokuthunga lo gama eswele izandla,0,1,0,0,0,0
isixhosa_3_01262,"Yinyoka nesele kusini, abahlali nooceba?",0,0,0,0,1,0
isixhosa_3_01263,Umlilo utshise abathathu | EC Indab,3,0,0,0,0,0
isixhosa_3_01264,"Kugug’ othandayo, atsho amaxhegwazana aseMonti",0,2,0,0,0,0
isixhosa_3_01265,"Ngubani okhathalela oomama, xa bona bekhathalele ootata?",0,0,0,0,0,0
isixhosa_3_01266,UNdungane uncoma umdlalo omhle weBorder,0,2,0,0,0,0
isixhosa_3_01267,Umfundisi usengxakini ngenxa yesincwaso,1,0,0,0,0,0
isixhosa_3_01268,Mawanikwe ithuba amanina kwiifama zebhanana,0,0,0,0,0,0
isixhosa_3_01269,Kulindele ukuba afake isicelo sebheyile amadoda amathandathu (6) Atyholwa ngoku bulala uLuke | EC Indab,2,0,0,0,0,0
isixhosa_3_01270,"Unyana udubule unina, lahlanza iselwa",3,0,0,0,0,0
isixhosa_3_01271,Ufezekisa iphupha * -Esau ngokuya eRio,0,3,0,0,0,0
isixhosa_3_01272,Ubanjiwe obeqhankqalaza watshisa iloli,0,0,0,0,2,0
isixhosa_3_01273,Uluntu luxhalabile zizehlo eziliqela zobundlobongela,2,0,3,0,0,0
isixhosa_3_01274,Mabuyane: ‘Iindibano zePasika ziyasixhalabisa’,0,0,2,0,0,0
isixhosa_3_01275,Amapolisa abambe ipolisa lomgunyathi eMatatiele,0,0,0,0,1,0
isixhosa_3_01276,"IBlesser, utywala kwanokukhulelwa okungacetywanga",0,0,0,0,0,0
isixhosa_3_01277,"Ogcwalise imoto ngepetroli wabaleka, unqakulwe!",0,0,0,0,2,0
isixhosa_3_01278,UBabalwa ufike wayintshatsheli eSpain!,0,3,0,0,0,0
isixhosa_3_01279,Amapolisa afunisa ngosapho lwexhoba lengozi,2,0,0,0,0,0
isixhosa_3_01280,Iyabekwa iNkosikazi yamaNgqusi egetyengiweyo!,3,0,0,0,0,0
isixhosa_3_01281,Gomba: U 'Andidikwe' wam akathethi kudinwa ngumsebenzi,0,0,0,0,0,0
isixhosa_3_01282,Baxwaxwe uMasualle abaxhasi bakaMabuyane,0,0,0,0,0,0
isixhosa_3_01283,Lala Ngoxolo Richmond Mzwandile Matutu,2,0,0,0,0,0
isixhosa_3_01284,Liphinde lamiswa ityala le ngcibi eyabulala umkhwetha,0,0,0,0,1,0
isixhosa_3_01285,Ivele enkundleni indoda eqhomfa izisu,0,0,0,0,0,0
isixhosa_3_01286,Kubanjwe abathathu ngokubulala eKuyasa,3,0,0,0,0,0
isixhosa_3_01287,Sijonga unyaka emva kokubuya kweGenerations,0,2,0,0,0,0
isixhosa_3_01288,Igosa lezendlela lidliwe iR8 000 emva kwesinyobo seR800,0,0,0,0,2,0
isixhosa_3_01289,UYapi uhlab’ ikhwelo kumzi kaPhalo,0,1,0,0,0,0
isixhosa_3_01290,Kuphandwa isehlo sokudlwengulwa komfundi eyunivesithi,3,0,0,0,0,0
isixhosa_3_01291,Lirhoxisiwe ityala lexhego elibulele umfazi walo,0,0,0,0,1,0
isixhosa_3_01292,"Liyinene elithi isitya esihle asityeli, ulale ngoxolo Nonceba | EC Indab",3,0,0,0,0,0
isixhosa_3_01293,Babanjiwe onqevu abebezenzela ukuba imbaza nezixhobo zaselwandle eCawa | EC Indab,0,0,0,0,1,0
isixhosa_3_01294,Indoda yakuGatyana ibanjwe inompu,0,0,0,0,1,0
isixhosa_3_01295,Ibanjiwe indoda edlwengule isizalwane sayo!,3,0,0,0,2,0
isixhosa_3_01296,Izidanga ezihlanu zobugqirha eWSU,0,3,0,0,0,0
isixhosa_3_01297,UBongeziwe usafuna ukwaziwa kwiqonga lomculo!,0,2,0,0,0,0
isixhosa_3_01298,Izenzela igama kwizifundo zezibalo iNobotwe,0,3,0,0,0,0
isixhosa_3_01299,Umnqimbinqa obulele iqabane uvele enkundleni ebukeka okomntu ocing’ eBhakubha,2,0,0,0,3,0
isixhosa_3_01300,Bazingela amathuba kwiCreative Economy Indaba 2018,0,0,0,0,0,0
isixhosa_3_01301,ISebe licela uncedo emva kokubhubha kwabakhwetha abahlanu,3,0,0,0,0,0
isixhosa_3_01302,Igwetyiwe indoda edlwengule umntwana,3,0,0,0,0,0
isixhosa_3_01303,"Bekumnandi kakhulu ukubukela idabi laseSoweto, utshilo iGianni Infantino",0,3,0,0,0,0
isixhosa_3_01304,Umntwana wakhe wohluthwe ngoonontlalontle,0,0,0,0,2,0
isixhosa_3_01305,Bafumene iwonga abakwaPick * Pay,0,2,0,0,0,0
isixhosa_3_01306,Kubanjwe ititshala ngezityholo zokudlwengula,2,0,0,0,0,0
isixhosa_3_01307,Ibuyile iShell Helix Ultra Cup!,0,3,0,0,0,0
isixhosa_3_01308,Abalali buhlayo eDutywa besoyika ama-Big10,0,0,3,0,0,0
isixhosa_3_01309,Kubanjwe abathathu ngezityholo zokuxhwila nokuqweqwedisa,0,0,0,0,1,0
isixhosa_3_01310,Bachithe ityotyombe lomtyholwa eQandu Qandu,2,0,0,0,0,0
isixhosa_3_01311,Ootitshala baseBhayi bagxeka isebe,0,0,0,1,0,0
isixhosa_3_01312,Yiminyaka mibini engatsibi ziko onomfazi othwasayo,0,0,0,0,2,0
isixhosa_3_01313,"Noxa esakhonkxiwe, uDyantyi ufuna ukudlala umbhoxo kwakhona",0,2,0,0,0,0
isixhosa_3_01314,Kuqhweshe ibanjwa enkundleni eCumakala!,0,0,0,0,2,0
isixhosa_3_01315,Isazisi sithi ndabhubha ngo2009,0,0,0,0,2,0
isixhosa_3_01316,Umbhashe wokhe ibala lokuvavanya abaqhubi eDutywa,0,2,0,0,0,0
isixhosa_3_01317,Ubhubhe ecela uxolo ofele ibhotile yotywala,3,0,0,0,0,0
isixhosa_3_01318,USomizi kwikhaya likaLulu ogetyengiweyo,2,0,0,0,0,0
isixhosa_3_01319,‘Asivoti ukuba akagxothwa uceba wethu’,0,0,0,2,0,0
isixhosa_3_01320,Babanjiwe ababulele inkosikazi yaseSajonisi,3,0,0,0,0,0
isixhosa_3_01321,242 ababhubhe kwiindlela zeMpuma Koloni!,3,0,0,0,0,0
isixhosa_3_01322,Ukhululwe ngebheyile yeR5000 umama owenz’ iimbiza ngeentambo zombane ezibiweyo,0,0,0,0,2,0
isixhosa_3_01323,‘Zenziwa eMelika iziyobisi ezibulala ulutsha’,0,0,0,2,0,0
isixhosa_3_01324,ITsholomnqa yenze ezibukwayo embhoxweni,0,3,0,0,0,0
isixhosa_3_01325,Lusizi ingcwaba likaSEK Mqhayi,3,0,0,0,0,0
isixhosa_3_01326,Iinguqu ezimangalisayo zokubulawa kwepolisa laseGqeberha | EC Indab,3,0,0,0,2,0
isixhosa_3_01327,UNonina unyukela kwelinye inqanaba,0,2,0,0,0,0
isixhosa_3_01328,Kulwe ababambelene ngentombazana kwaphuma isidumbu,2,0,0,0,2,0
isixhosa_3_01329,Ityendyana elineminyaka elishumi elinesixhenxe(17) libanjelwe ukubulala | EC Indab,2,0,0,0,2,0
isixhosa_3_01330,Uqhubela phambili uSANRAL nolwakhiwo lukaN2 Wild Coast Road,0,2,0,0,0,0
isixhosa_3_01331,Uzimanye neVukani FM uDJ Igwe,0,1,0,0,0,0
isixhosa_3_01332,Usana olusandul’ ukuzalwa lufunyenwe lubhubhile kwindlu yangasese!,3,0,0,0,2,0
isixhosa_3_01333,Bazonwabisa ngemidlalo ngosuku lolutsha!,0,3,0,0,0,0
isixhosa_3_01334,Nkaa isigwebo sobomi kwisihlanu esabulalayo eBhisho | EC Indab,0,0,0,0,0,0
isixhosa_3_01335,Isenkundleni inkosikazi efunyenwe ityale intsangu!,0,0,0,0,2,0
isixhosa_3_01336,Uncedo kwisibini ebesitsala nzima,1,0,0,0,0,0
isixhosa_3_01337,Kubhubhe isibini kwingozi eGcuwa,3,0,0,0,0,0
isixhosa_3_01338,Iimveku ezizalwe ngeNyibidyala eKapa,0,2,0,0,0,0
isixhosa_3_01339,Isiqabu okwethutyana emva kwezandyondyo,0,2,0,0,0,0
isixhosa_3_01340,Babanjwe bentsintsitheka neebhokhwe kwiAvanza,0,0,0,0,2,0
isixhosa_3_01341,Indodana yaseNgcobo inikwe ithuba elinqabileyo yiTS Galaxy,0,2,0,0,0,0
isixhosa_3_01342,Babuya bephilile kodwa bengafundanga nto,1,0,0,0,0,0
isixhosa_3_01343,Amapolisa eMatatiele azingela ababulali kwisikolo,1,0,0,0,0,0
isixhosa_3_01344,"Bakhuphele umsindo kumahashe omdyarho, babulala elinye!",2,0,0,0,2,0
isixhosa_3_01345,Lusube imiphefumlo emibini uhlaselo labahlali eMpuma Koloni | EC Indab,3,0,0,0,0,0
isixhosa_3_01346,UYongama uzakukhupha icwecwe lakhe elitsha,0,3,0,0,0,0
isixhosa_3_01347,Unethemba lokufumana indebe uThetyana!,0,2,0,0,0,0
isixhosa_3_01348,Unxunguphalo emva kokubhubha kooSomlomo ababini,3,0,0,0,0,0
isixhosa_3_01349,Kutyholwa Oonokomishinala bamapolisa ngokudelela inkundla kwiBholo leeBhasi ze,0,0,0,0,0,0
isixhosa_3_01350,Ugwetywe ubomi ngokudlwengula intwazana,3,0,0,0,0,0
isixhosa_3_01351,Imfundo inganceda iimbethimanqindi zixhamle kushishino lamanqindi!,0,2,0,0,0,0
isixhosa_3_01352,Yinkunkuma yodwa kwilokishi yaKwaNoxolo,0,0,0,0,2,0
isixhosa_3_01353,Ingozi esube imiphefumlo emininzi | EC Indab,3,0,0,0,0,0
isixhosa_3_01354,Libuyele eqongeni idelakufa elihlatywe lutolo,0,2,0,0,0,0
isixhosa_3_01355,USandilands liqhawe lePirates acambalalise iSuperSport emdlalweni obuse-Emirates Airline Park,0,2,0,0,0,0
isixhosa_3_01356,Kuvuth’ umlilo e-St Francis Bay,0,0,0,0,2,0
isixhosa_3_01357,Yonwaba nosapho lwakho ngeBaby Swag,0,1,0,0,0,0
isixhosa_3_01358,Isibhedlele ‘sixolisa’ ngokubulala ixhegwazana,0,0,0,0,2,0
isixhosa_3_01359,Kudutyulwe kwabulawa abakhwetha abathathu eTsomo,3,0,0,0,2,0
isixhosa_3_01360,Men’s Conference: Ngxe bafazi!,1,0,0,0,0,0
isixhosa_3_01361,Kubanjwe abantu abathathu ngezityholo zokubulala uGqirha Noqekwa | EC Indab,2,0,0,0,0,0
isixhosa_3_01362,Akumkhathazi nakancinci ukuthotyiselwa uMbuyiselo Sambu,0,0,0,0,1,0
isixhosa_3_01363,Amanina azakuwongana ngemisebenzi yawo,0,2,0,0,0,0
isixhosa_3_01364,ULwazi unekamva eliqaqambileyo kwezosasazo!,0,3,0,0,0,0
isixhosa_3_01365,UZuma uxhayiwe kumngcwabo kaKathrada,0,0,0,0,1,0
isixhosa_3_01366,Kuchazwe isiganeko sokuphanga kwasekuseni ngeCawa kwivenkile kudederhu lweevenkile eMonti | EC Indab,1,0,0,0,1,0
isixhosa_3_01367,Ugxothwe okomshologu uMtsi kwinkonzo yesikhumbuzo,2,0,0,0,0,0
isixhosa_3_01368,Zenyukile izimangalo ngakuMprofeti osematyaleni,0,0,0,0,2,0
isixhosa_3_01369,INSFAS isungule iphulo leFund-A-Thon eFort Hare,0,2,0,0,0,0
isixhosa_3_01370,"Ngephanyazo nje, angabiwa umtwana wakho zizigilamkhuba ezixhwila abantwana | EC Indab",0,0,2,0,0,0
isixhosa_3_01371,Kubanjwe umrhanelwa wesixhenxe ekubulaweni kuka-AKA,0,0,0,0,2,0
isixhosa_3_01372,Babanjiwe abadlwengule intwazana beyiphindaphinda,3,0,0,0,2,0
isixhosa_3_01373,‘Aphi amathambo onyana wam?’,2,0,0,0,0,0
isixhosa_3_01374,Ugxothwe ngenxa yeziphumo uBarker,2,0,0,0,0,0
isixhosa_3_01375,Kubanjwe amadoda elayishe inyoka nengwenya,0,0,0,0,1,0
isixhosa_3_01376,Kubanjwe amadoda aphange inyama nemali,0,0,0,0,1,0
isixhosa_3_01377,UNomeva obuye ngamandla uncoma uChief Njekanye!,0,2,0,0,0,0
isixhosa_3_01378,"Ncedani bethuna, ushiye iintsana zodwa ekhaya | EC Indab",2,0,0,0,0,0
isixhosa_3_01379,Abahlali eTsomo: ‘Sicela nokuba lintshontshwana le mall’,1,0,0,0,0,0
isixhosa_3_01380,Igwetyiwe indlala kubarhwebi abangekho mthethweni eNgqushwa | EC Indab,0,2,0,0,0,0
isixhosa_3_01381,UMapeza unethemba lokukrwitsha iSiwelele,0,0,0,0,0,0
isixhosa_3_01382,"Ngutata, ngunyana, ngumakazi abarhaxwe babhubha sisichotho",3,0,0,0,0,0
isixhosa_3_01383,Abakhi ababini babhubhe kwingozi eyothusayo eGqeberha | EC Indab,3,0,0,0,0,0
isixhosa_3_01384,Igwetywe iminyaka engama-20 entolongweni indoda eyabulala isinqanda,2,0,0,0,2,0
isixhosa_3_01385,ICSA iwonge italente esakhulayo yeqakamba,0,2,0,0,0,0
isixhosa_3_01386,Wabulala umfazi kuba engavumi athathe owesibini!,3,0,0,0,2,0
isixhosa_3_01387,Ibheyile yeR35 000 kusomashishini owathengela umanejala kaMasipala iBenz,0,0,0,0,2,0
isixhosa_3_01388,UBeyonce noJay Z balizwe ngamawele,0,3,0,0,0,0
isixhosa_3_01389,Imbuyekezo yeR50 000 konolwazi ngokubulawa kwexhwele laseMdantsane,2,0,0,0,0,0
isixhosa_3_01390,Inkosikazi igwetywe iminyaka elishumi elinesibini ngokudlwengula inkwenkwe,3,0,0,0,2,0
isixhosa_3_01391,Ubuntu Bethu Cultural Festival iqaqambisa inkcubeko,0,2,0,0,0,0
isixhosa_3_01392,Bafuna nokuba ngamathambo bawangcwabe!,0,0,0,0,2,0
isixhosa_3_01393,Iqela laseCala lifuna indebe kaSodolophu,0,1,0,0,0,0
isixhosa_3_01394,Ubanjwe noboya bakwiKaroo obuxabisa kunene!,0,0,0,0,2,0
isixhosa_3_01395,USive Nontshinga uza kukhusela intshinga yakhe ekhaya!,0,2,0,0,0,0
isixhosa_3_01396,IKrismesi emjiva kotyholwa ngokudlwengula!,0,0,0,0,2,0
isixhosa_3_01397,Bathi makabolele ejele otyholwa ngokudlwengula,2,0,0,0,2,0
isixhosa_3_01398,Utshintshelwe kwelinye ibandla umfundisi emva kwesincwaso,0,0,0,0,2,0
isixhosa_3_01399,UWeza uqaqambisa iTsomo kumabonakude!,0,3,0,0,0,0
isixhosa_3_01400,Utelekela phesheya  uPam Andrews,0,2,0,0,0,0
isixhosa_3_01401,Ungqwabalala kakade umfundi obulele omnye,2,0,0,0,0,0
isixhosa_3_01402,Unogada wesikolo udubule wabulala inkwenkwana (13) ebizama ukusebenzisa iWi-Fi yesikolo,3,0,0,0,2,0
isixhosa_3_01403,UBhanga uvana amandla noMvenya,0,1,0,0,0,0
isixhosa_3_01404,Babhiyozele usuku lamagugu ngokutya kwesintu,0,3,0,0,0,0
isixhosa_3_01405,Ubulele indoda umlilo waseEurope,3,0,0,0,0,0
isixhosa_3_01406,UZikalala uyaxolisa ngokubhaxabula umfana orhanelwa ngokuzidaphulela,0,0,0,0,0,0
isixhosa_3_01407,Ulishiyile eli uNkosi Vela Balfour-Noyi,3,0,0,0,0,0
isixhosa_3_01408,UMaswanganyi uvuyela ukuba ngumdlali wePirates,0,3,0,0,0,0
isixhosa_3_01409,Kubotshelelwe abasebenzi ngonqevu abasibhozo ngethuba bephanga kwivenkile yefenitshala eGqeberha | EC Indab,2,0,0,0,1,0
isixhosa_3_01410,Bagotywa besebatsha kwiqakamba eMpuma Koloni,0,2,0,0,0,0
isixhosa_3_01411,Amapolisa adubule unqevu wasweleka,0,0,0,0,1,0
isixhosa_3_01412,Obambe intshinga kaMiss Unolali Queen ugqwese kwizifundo zakhe,0,3,0,0,0,0
isixhosa_3_01413,Italente yaseWalmer iza kubonwa lilizwe,0,3,0,0,0,0
isixhosa_3_01414,Isithathu sibhubhe yingozi yesithuthi!,3,0,0,0,0,0
isixhosa_3_01415,Ifunyenwe ingcwatyiwe indoda eNgqushwa!,3,0,0,0,2,0
isixhosa_3_01416,"Lanquma inqatha eMnquma, amanzi ayaphela",1,0,0,0,0,0
isixhosa_3_01417,USoyizwaphi unethuba lokuya eRio,0,2,0,0,0,0
isixhosa_3_01418,Usinde ngokulambisa uMongameli Zuma,0,1,0,0,0,0
isixhosa_3_01419,Ityendyana lakuKomani limilisele iinzipho kushishino,0,2,0,0,0,0
isixhosa_3_01420,Bambulele ngenxa yevumba lenyama yebhokhwe!,0,0,0,0,2,0
isixhosa_3_01421,Erasmus: Kudibana amaqela anxanelwe impumelelo,0,2,0,0,0,0
isixhosa_3_01422,Uswelekile umdlali weMuvhango neGenerations!,3,0,0,0,0,0
isixhosa_3_01423,Kubanjwe abarhanelwa ababini (2) ngezityholo zokubulala ngoku ngenalusini owasetyhini. | EC Indab,3,0,0,0,0,0
isixhosa_3_01424,Utyala umthi eBhayi uTrollip,0,2,0,0,0,0
isixhosa_3_01425,"Imiboniso, umculo namawonga kwiECESA",0,2,0,0,0,0
isixhosa_3_01426,Kusaliwa ngesidumbu sonyaka ophelileyo,2,0,0,0,0,0
isixhosa_3_01427,IBRICKS izise inzuzo kweli loMzantsi Afrika ingakumbi kuqoqosho. | EC Indab,0,3,0,0,0,0
isixhosa_3_01428,Sele bebabini(2) ababhubhileyo kwintlekele yezantyalantyala zemvula. | EC Indab,3,0,0,0,0,0
isixhosa_3_01429,Izandi ezimyoli kwicwecwe elitsha likaTiti,0,3,0,0,0,0
isixhosa_3_01430,Umzimba wowasetyhini ufunyenwe ixinge kwimibhobho yamanzi kwaye sele ubolile. | EC Indab,3,0,0,0,2,0
isixhosa_3_01431,Ukhangela iqela elitsha uCheeseboy!,0,0,0,0,2,0
isixhosa_3_01432,Ooxholovane beembaleki badibana eGqeberha ngempelaveki,0,2,0,0,0,0
isixhosa_3_01433,UJose Riveiro ushiyeke ezobozekile ngabadlali beCarling All-Star,1,0,0,0,0,0
isixhosa_3_01434,Bayi-221 abantwana abazalwe ngeKrisimesi eMpuma Koloni,0,2,0,0,0,0
isixhosa_3_01435,Uthwesw’ indw’ uNjingalwazi Saule!,0,3,0,0,0,0
isixhosa_3_01436,Lulwimi lwenkobe isisombululo kwimfundo yabantsundu,0,2,0,0,0,0
isixhosa_3_01437,Ziiveki lingabuyi ixhego lakwaMsindeli elinesifo sokulibala,2,0,0,0,0,0
isixhosa_3_01438,Igwetyiwe indlala kokopoletyeni abathungayo,0,2,0,0,0,0
isixhosa_3_01439,Udutyulwe kumhlaba ongezantsi ezama ukuphanga indoda ekwiWheelchair,0,0,0,0,2,0
isixhosa_3_01440,Wafa-Wafa: Kuzaw’fiwa kwiMTN8 ngempelaveki!,0,2,0,0,0,0
isixhosa_3_01441,Ukugonywa kuzaba sisinyanzeliso | EC Indab,0,0,0,0,0,0
isixhosa_3_01442,Ikhangela ilizwi lakho iThe Soil!,0,2,0,0,0,0
isixhosa_3_01443,Uvele enkundleni owayefumana imivuzo yabasebenzi abangekhoyo,0,0,0,0,2,0
isixhosa_3_01444,Banqunyanyiselwe ukuziphatha kakubi ngokwesondo ootitshala baseBonkolo | EC Indab,2,0,0,0,2,0
isixhosa_3_01445,Ungaphandle ngebheyile otyholwa ngobusela bemfuyo,0,0,0,0,1,0
isixhosa_3_01446,Basinde bonke abafundi kwingozi yemoto,0,2,0,0,0,0
isixhosa_3_01447,Intsokolo kumawele abedibene ngeentloko,3,0,0,0,0,0
isixhosa_3_01448,Umbulali ukho kuthi ngamaxesha onke,2,0,0,0,0,0
isixhosa_3_01449,Umzobi uzisula iinyembezi ngokuzoba umama wakhe,1,1,0,0,0,0
isixhosa_3_01450,"Ubhetele kakhulu ngoku uLudumo Lamati, utsho umphathi wakhe",0,2,0,0,0,0
isixhosa_3_01451,UMaketa usenethemba lokuqeqesha kwinqanaba eliphezulu leqakamba,0,1,0,0,0,0
isixhosa_3_01452,Sakuthothoza ubomi bonke ejele isidlwengu!,0,0,0,0,2,0
isixhosa_3_01453,Indoda ibanjelwe ukudlwengula abantwana eBhayi!,3,0,0,0,2,0
isixhosa_3_01454,Ubuyile uloliwe phakathi kweKapa neRhawutini,0,2,0,0,0,0
isixhosa_3_01455,Bakhutshwe bengathandanga abahlali abangene ngondlela mnyama kwizindlu zaseChicken farm eMonti. | EC Indab,0,0,0,0,1,0
isixhosa_3_01456,Batshe bangqungqa ababinakufaniswa abantu(7) kwingozi yesithuthi eAberdeen | EC Indab,3,0,0,0,0,0
isixhosa_3_01457,"Nceda umntwana, kutsho usapho lukaXolani Gwala",1,0,0,0,0,0
isixhosa_3_01458,Imoto yonakele emva kokugalelwa ipetroli endaweni yedizili eMthatha,0,0,0,0,1,0
isixhosa_3_01459,Eli lithumele iiorenji eJapan naseChina,0,2,0,0,0,0
isixhosa_3_01460,"Ningalibali, iTornado idinga inkxaso yenu!",0,0,0,0,0,0
isixhosa_3_01461,USiyasanga Pati uyibeke endaweni entle iSwallows,0,2,0,0,0,0
isixhosa_3_01462,Ihluthw’ intlaka isemlonyeni iPirates emdlalweni obuse-Orlando Stadium,1,0,0,0,0,0
isixhosa_3_01463,Unikwe ibheyile ofunyenwe  enomkhono wekati,0,0,0,0,1,0
isixhosa_3_01464,UMhlongo unika abasakhulayo icebo lokuphumelela ebholeni ekhatywayo!,0,2,0,0,0,0
isixhosa_3_01465,Kuliwa ukuphathwa gadalala kwamanina nabantwana,2,0,0,0,0,0
isixhosa_3_01466,UGamondi akonwabanga ngenxa yesigqibo esithathwe yiVAR!,1,0,0,1,0,0
isixhosa_3_01467,Ubethwe entolongweni uNandipha Magudumana,2,0,0,0,0,0
isixhosa_3_01468,Sibulewe ngabahlali isidlwengu samadoda nabafazi,0,0,0,0,2,0
isixhosa_3_01469,UMapisa-Nqakula utyelele isikolo sakhe,0,1,0,0,0,0
isixhosa_3_01470,Ilungu leDA liheshiwe eKatikati,0,0,0,0,1,0
isixhosa_3_01471,U-Trollip ubhengezwe njengomgqatswa oyinkulumbuso we,0,2,0,0,0,0
isixhosa_3_01472,Bagxwal’ emswaneni abahlali baseMotherwell,2,0,0,0,0,0
isixhosa_3_01473,Kuyaxatyanwa kunxantathu weANC eKapa ngenxa yabagqatswa,0,0,0,0,1,0
isixhosa_3_01474,Kubanjwe abarhanelwa ababini ngezityholo zokuphanga ifama kaMongameli ku Phala Phala | EC Indab,0,0,0,0,0,0
isixhosa_3_01475,Abanabudoda ngenxa yokoluswa gwenxa,3,0,0,0,0,0
isixhosa_3_01476,Untingela phezulu usomashishini waseMpuma Koloni,0,2,0,0,0,0
isixhosa_3_01477,UKaitano Tembo uxhalatyiswa bubudikidiki beSuperSport United kule sizini,0,0,2,0,0,0
isixhosa_3_01478,Icekwa lisebadlalini kwidabi laseSoweto,0,0,0,0,0,0
isixhosa_3_01479,UMuthambi uqhwabela izandla icandelo likamabonakude,0,2,0,0,0,0
isixhosa_3_01480,"Ababezenza amapolisa baphanga usapho, baqhotsa batya inyama yabo!",0,0,0,0,2,0
isixhosa_3_01481,Uphume emagqabini umfundi obehamba ishumi leekilomitha,0,3,0,0,0,0
isixhosa_3_01482,UGulam Bodi ubhaqwe esacwangcisa ukunyoba,0,0,0,0,2,0
isixhosa_3_01483,Wancedwa nguMsamariya olungileyo egulela emsebenzini,0,2,0,0,0,0
isixhosa_3_01484,Izidudla zifumana ithuba lokucondoba,0,3,0,0,0,0
isixhosa_3_01485,Icela iivoti zeeMetro kuwe iSoul Kulture,0,1,0,0,0,0
isixhosa_3_01486,Baza kuvuzwa ootitshala abagqwesayo,0,2,0,0,0,0
isixhosa_3_01487,Bagwetyiwe abatshisa iimoto zepolisa,0,0,0,0,2,0
isixhosa_3_01488,Umhlabe wabhubha emtyhola ngokuncuma nentokazi yakhe,3,0,0,0,2,0
isixhosa_3_01489,Bathob' unxano ngamanzi asemangcwabeni,0,0,0,0,2,0
isixhosa_3_01490,Ubugcisa buyinto yonke ku-Anam,0,2,0,0,0,0
isixhosa_3_01491,‘Ndothuke ebuthongweni endingena ngetshova’,2,0,0,0,2,0
isixhosa_3_01492,I-IEC uthi izothatha ithuba lezikhululo zokuvota ezingaphezulu kwama,0,0,0,0,0,0
isixhosa_3_01493,UKriel uliphakamisele phezulu ilizwe lakhe,0,3,0,0,0,0
isixhosa_3_01494,Bonzakele kugwayimbo abahlali baseKatikati,3,0,0,0,0,0
isixhosa_3_01495,Ohamba ngeentonga ufuna isithandwa,0,2,0,0,0,0
isixhosa_3_01496,Ipotyalakile inkqubo yokuchongwa komqeqeshi omtsha kwiSouthern Kings,2,0,0,0,0,0
isixhosa_3_01497,"Inxeba lokhubhujelwa kabuhlungu ngabantwana, ngaxeshalinye alinakucaciswa. | EC Indab",3,0,0,0,0,0
isixhosa_3_01498,Ibulele yafihla isidumbu senkosikazi indoda yaseMaluti,3,0,0,0,0,0
isixhosa_3_01499,"Labulawa ngumzukulwana ixhegwazana, intsusa ngamalongwe!",3,0,0,0,2,0
isixhosa_3_01500,Banqunyanyiselwe ubulungu beANC ooceba baseMnquma,0,0,0,0,2,0
isixhosa_3_01501,Ifumanekile imizimba yabafundi eberhaxwe ngamanzi bewela!,3,0,0,0,0,0
isixhosa_3_01502,Ulahlekelwe umzi wosasazo kukubhubha komsasazi,3,0,0,0,0,0
isixhosa_3_01503,Igwetyiwe ingcibi eyabulala umkhwetha ifuna iR100,2,0,0,0,2,0
isixhosa_3_01504,Umfundisi waseZCC kwizityholo zokudlwengula intwazana engaphilanga,3,0,0,0,0,0
isixhosa_3_01505,Udilikelwe sisigwebo owadlwengula inkondekazi!,3,0,0,0,2,0
isixhosa_3_01506,Kubhubhe umtu wamnye ze konzakala inwazana eneminyaka esibhozo kudubulo elwenzeke eGqeberha | EC Indab,3,0,0,0,0,0
isixhosa_3_01507,Kubanjwe isibini sintsintsitheka ziziyobisi,0,2,0,0,2,0
isixhosa_3_01508,Ubomi ejele kowadlwengula intwazana ethafeni,2,0,0,0,0,0
isixhosa_3_01509,IFree State Stars ikrazule iintliziyo zeSiwelele,1,0,0,0,0,0
isixhosa_3_01510,Kudutyulwe oonqevu kumantla eBhayi,2,0,0,0,0,0
isixhosa_3_01511,IAl Ahly izakuhlinzeka iEsperance kumlenze wesibini | EC Indab,0,1,0,0,0,0
isixhosa_3_01512,Ungaphandle ngebheyile owabulala inkosikazi ngenxa yezibindi zenkuku,2,0,0,0,2,0
isixhosa_3_01513,AmaBhoko-bhoko abethwe elwile yiNew Zealand namhlanje,1,0,0,0,0,0
isixhosa_3_01514,Yonwabela ubuncwane bomculo weekwayala,0,2,0,0,0,0
isixhosa_3_01515,Umkhondo ngetyala labafundi ababulewe eBhayi,2,0,0,0,0,0
isixhosa_3_01516,I-Alfred Nzo iwonga abayo,0,2,0,0,0,0
isixhosa_3_01517,Ibhasari kwisebe lezeNdlela neMisebenzi yoLuntu,0,2,0,0,0,0
isixhosa_3_01518,Ibhokhwe izele amatakane amahlanu,0,2,0,0,0,0
isixhosa_3_01519,Libethwe kwintlanganiso yombutho ilungu leUDM,2,0,0,0,0,0
isixhosa_3_01520,Banqumamise uNqatha bemnqanda ‘kubuntlebendwane’,2,0,0,0,0,0
isixhosa_3_01521,Icebiso leChina kuMzantsi Afrika,0,1,0,0,0,0
isixhosa_3_01522,Ushiyeke edanile uHugo Broos kukubetha kwaBafana Bafana,2,0,0,0,0,0
isixhosa_3_01523,Umzali: ‘Ndidinga uncedo phondo leengqwele!’,2,0,0,0,0,0
isixhosa_3_01524,URusike ufumene ikhaya elitsha,0,2,0,0,0,0
isixhosa_3_01525,Lingcwatywe ngesidima ijoni lomzabalazo,1,0,0,0,0,0
isixhosa_3_01526,Obeqeqesha kwiKaizer Chiefs uswelekile,3,0,0,0,0,0
isixhosa_3_01527,Idabi lesiqwengana somhlaba eSite C!,0,0,0,0,0,0
isixhosa_3_01528,Kubanjwe umsebenzi wasePosini kuphango lweR720 000 eDordrecht,0,0,0,0,2,0
isixhosa_3_01529,Isidumbu emva komlo woonoteksi,3,0,0,0,0,0
isixhosa_3_01530,Luphelile ugwayimbo eAlfred Nzo,0,2,0,0,0,0
isixhosa_3_01531,Ingozi emasikizi isube imiphefumlo emithathu (3) | EC Indab,3,0,0,0,0,0
isixhosa_3_01532,Uza kubolela ejele odlwengule umheza,2,0,0,0,0,0
isixhosa_3_01533,URalani wothuse iSundowns emdlalweni konwaba abantu beChiefs,0,2,0,0,0,0
isixhosa_3_01534,Ubuyel’ ekhaya uBuyelekhaya Dalindyebo esithi akangomgqakhwe kwiANC!,0,1,0,0,0,0
isixhosa_3_01535,Ityala lomfundisi odlwengule umntwana!,2,0,0,0,2,0
isixhosa_3_01536,‘Ndixakwe kukungcwaba umzukulwana wam’,3,0,0,0,0,0
isixhosa_3_01537,Ushiyeke eziseleni odlwengule amantombazana aselula,3,0,0,0,0,0
isixhosa_3_01538,UStuart Baxter uxakiwe kukusebenzisa uNgcobo othandwa ngabalandeli,1,0,0,0,0,0
isixhosa_3_01539,Kudutyulwe kwabukawa abantu abane(4) eGqeberha | EC Indab,3,0,0,0,0,0
isixhosa_3_01540,Owasetyhini ubulele indoda ngenxa yebhonasi!,3,0,0,0,2,0
isixhosa_3_01541,Ityala lomyeni owangcwabela umfazi endlini,3,0,0,0,2,0
isixhosa_3_01542,Kulibazisekile ukubekwa komongameli eZambia,0,0,0,0,1,0
isixhosa_3_01543,Inkondekazi ena-99 yenza isimbonono,0,2,0,0,0,0
isixhosa_3_01544,Kubanjwe isikhumbuzo sesibhambathiso eMqwashini | EC Indab,1,0,0,0,0,0
isixhosa_3_01545,Inceku yakwaLizwi izenzele entwaneni(16) kulomhlaba ungezantsi eMount Ayliff. | EC Indab,2,0,0,0,2,0
isixhosa_3_01546,Amaxhoba odlwengulo abhuqwa ngumvandedwa,3,0,0,0,0,0
isixhosa_3_01547,‘Wandilala kuba ndifuna ingqesho’,3,0,0,0,0,0
isixhosa_3_01548,Lifunyenwe eMthatha ibhinqa ebelithinjwe eKapa,0,0,0,0,2,0
isixhosa_3_01549,Liguqulwe lasisikolo iziko lezeMpilo eMfuleni,0,1,0,0,0,0
isixhosa_3_01550,Kufunyenwe(120) yeegusha ebezibiwe ngamadoda abekhwele amahashi eSterkspruit | EC Indab,0,1,0,0,0,0
isixhosa_3_01551,"‘Yenzani abantwana, mna ndiza kubhatala’, utsho uJulius Malema!",0,0,0,0,2,0
isixhosa_3_01552,iRoyal AM ihleli kwindawo yesibini emva kokubulala iTS Galaxy ebaleni layo,0,1,0,0,0,0
isixhosa_3_01553,"IChiefs iza kuzifumana iindebe, utsho uGavin Hunt",0,2,0,0,0,0
isixhosa_3_01554,Isebe lezemfundo eMpuma Koloni lityholwa ngokungakhathaleli abafundi abakhubazekileyo kwisikolo saseMthatha | EC Indab,2,0,0,0,0,0
isixhosa_3_01555,UZille unqunyanyisiwe kwiinkqubo zeDA,2,0,0,0,0,0
isixhosa_3_01556,ULuyolo Nomandela uvuyela ukudlalela iqela lasekhaya!,0,3,0,0,0,0
isixhosa_3_01557,‘Makabanjwe umrhanelwa okanye kuza kutsha ibhayi!’,0,0,0,2,0,0
isixhosa_3_01558,Unqunyanyiselwe ukubetha umfundi ngoswazi utitshala waseMpuma Koloni | EC Indab,1,0,0,0,2,0
isixhosa_3_01559,OTYHOLWA NGOKUDLWENGULA UGWETYWE UBOMI ENTILONGWENI | EC Indab,2,0,0,0,0,0
isixhosa_3_01560,Ugwetywe iminyaka emibini uMfundisikazi owafunyanwa enebandla elihamba ze,0,0,0,0,2,0
isixhosa_3_01561,Kubanjwe Abantu abalishumi elinesihlanu abayanyaniswa nokubulala kwakwaNokholeji | EC Indab,2,0,0,0,0,0
isixhosa_3_01562,‘Ndandirenta iR3 ngo1971 kunzima’,2,0,0,0,2,0
isixhosa_3_01563,USesona Tshume uyokumela ilizwe lakhe eYurophu!,0,3,0,0,0,0
isixhosa_3_01564,IMpuma Koloni isa i-Inshorensi yezeMpilo e-Alfred Nzo,0,2,0,0,0,0
isixhosa_3_01565,Bamangalelene enkundleni kubangiswana ngomhlaba,0,0,0,0,0,0
isixhosa_3_01566,INkulumbuso yaseMpuma Koloni idandalazise iSisombululo soBugcisa sokuLwa iNgxaki yokubiwa kwemfuyo. | EC Indab,0,1,0,0,0,0
isixhosa_3_01567,Uke akhule na ongasekhoyo?,0,0,0,0,0,0
isixhosa_3_01568,Siyifun' ekhaya indebe Mabhokobhoko,0,2,0,0,0,0
isixhosa_3_01569,KULAHLEKE INTOMBAZANA ENEMINYAKA ELISHUMI ELINESIXHENXE (17) UBUDALA | EC Indab,2,0,0,0,0,0
isixhosa_3_01570,Amasela abe iigusha eDutywa,0,0,0,0,2,0
isixhosa_3_01571,URabada wenze ezibukwayo kwiqakamba!,0,3,0,0,0,0
isixhosa_3_01572,Bayayinyemba inkqubo entsha ye-SABC 3,1,0,0,0,1,0
isixhosa_3_01573,Ihlabathi liqaphela ukubhubha kukaWinnie,1,0,0,0,0,0
isixhosa_3_01574,Kuphangwe abasebenzi be-ambulensi eBhayi,2,0,0,0,2,0
isixhosa_3_01575,Uvele enkundleni obulele umntana wakhe eKhayelitsha,3,0,0,0,0,0
isixhosa_3_01576,Elinye ipolisa ligwetyiwe ngenxa yokweba ifowuni yentombi yalo. | EC Indab,0,0,0,0,2,0
isixhosa_3_01577,IThunderbirds inethuba lokuphumelela iSasol League!,0,2,0,0,0,0
isixhosa_3_01578,Iza kuthintela unyulo iAIC,0,0,0,0,1,0
isixhosa_3_01579,Unina usihlabe samila entanyeni yontwana isitshetshe sebhozo ebembulala ngaso wandula ukuxhoma ababini. | EC Indab,3,0,0,0,2,0
isixhosa_3_01580,Udliwe iR5 000 ngokusilela ukuthobela imiqathango yeLockdown,0,0,0,0,2,0
isixhosa_3_01581,Baza konwabela uOros kwiRhythm City namhlanje,0,2,0,0,0,0
isixhosa_3_01582,Amakhosi ayophisa emva kokuquthiswa yiChippa United ebaleka izembe!,0,1,0,0,0,0
isixhosa_3_01583,UZuma uthundeza uxanduva kulutsha,0,1,0,0,0,0
isixhosa_3_01584,Ulinde ukungcwatywa iinyanga ezintandathu ngenxa yeDNA,3,0,0,0,0,0
isixhosa_3_01585,Utata udubule unyana wabhubha,3,0,0,0,0,0
isixhosa_3_01586,Ugwetyelwe ukudlwengula ekwingqawule yetyala lodlwengulo,2,0,0,0,0,0
isixhosa_3_01587,Batakataka phezu komchamo nelindle kwaDwesi,2,0,0,0,0,3
isixhosa_3_01588,Usabele uMnquma kwimeko yomama osokolayo,1,1,0,0,0,0
isixhosa_3_01589,"ASHES TO ASHES: Isidala sikaTsietsi uMalaika, siyagaleleka!",0,0,0,0,2,0
isixhosa_3_01590,Umnatha wasimahla kuluntu lweelokishi zaseNelson Mandela Bay,0,2,0,0,0,0
isixhosa_3_01591,Badutyulwe babhubha ooceba ababini beANC,3,0,0,0,2,0
isixhosa_3_01592,Abasasazi bankule omnye umsasazi!,3,0,0,0,2,0
isixhosa_3_01593,Bakrokrela ukuba uqalwe ngabom umlilo obulele indoda,2,0,0,0,0,0
isixhosa_3_01594,ISuperSport United abanjwe ngobhongwana yiZesco United koweCAF,0,1,0,0,0,0
isixhosa_3_01595,Ubhubhe emva kokugqabhuka umthungo,3,0,0,0,0,0
isixhosa_3_01596,"Inqwenela ukurhweba kumgangatho wehlabathi iAfrika, kutsho uDavies",0,1,0,0,0,0
isixhosa_3_01597,Asanqongophele amanzi kumadama eli phondo,2,0,0,0,0,0
isixhosa_3_01598,Lifikile ixesha lokuvuka kweSouthern Kings,0,2,0,0,0,0
isixhosa_3_01599,Bakhwijana ngodaka lwezopolitiko e-O.R. Tambo,0,0,0,0,1,0
isixhosa_3_01600,Iya edabini elinzima kakhulu iPirates,0,0,1,0,0,0
isixhosa_3_01601,Ngamadoda mane(4) abhubhe ngaseGwadana kwingozi yomhla wenkululeko | EC Indab,3,0,0,0,0,0
isixhosa_3_01602,"Phumla ngoxolo gorha lesizwe, iANC ikhahlela kuGiwu",3,0,0,0,0,0
isixhosa_3_01603,Usikiwe uKhune emva kwezityholo 'zokuya ejimini enxilile',2,0,0,0,0,0
isixhosa_3_01604,Uvele enkundleni owathi kuRAF ebephepha imoto kanti ebephepha inkomo,0,0,0,0,2,0
isixhosa_3_01605,Lamkelwe ngovuyo ungenelelo lweMotsepe Foundation ngabebhola,0,2,0,0,0,0
isixhosa_3_01606,Indoda yaseBhayi izakumela uMzantsi Afrika!,0,3,0,0,0,0
isixhosa_3_01607,Bafumene izakhono besebenzela urhulumente,0,2,0,0,0,0
isixhosa_3_01608,Ude waphuma kwikhonteyina uNobendiba,0,1,0,0,0,0
isixhosa_3_01609,Kuthandazelwa abafundi bebanga leshumi,0,1,0,0,0,0
isixhosa_3_01610,Icela ivoti iKhanya Community Radio,0,1,0,0,0,0
isixhosa_3_01611,Uthi umntwana ekhubazekile nje sisibhedlele iDora Nginza,3,0,0,0,0,0
isixhosa_3_01612,Baphelelwa lithemba ekudala belinde ukufakelwa kwamanzi,2,0,0,0,0,0
isixhosa_3_01613,Ivenkile yePizza ichaphazeleke kwisichotho,2,0,0,0,0,0
isixhosa_3_01614,Kwenzeke esinye isihelegu eWalter Sisulu University,2,0,0,0,0,0
isixhosa_3_01615,Ilahle amanqaku iPirates bashiyeka bethe khunubembe abalandeli bayo,1,0,0,0,0,0
isixhosa_3_01616,Afanele ukohlwaywa amapolisa ekubhubha ugxa wawo ekhona!,3,0,0,2,0,0
isixhosa_3_01617,Bunzima ubomi bendoda ‘engumfazi’,2,0,0,0,0,0
isixhosa_3_01618,Amakhulu amabini eminyaka isiXhosa sisilwa,1,0,0,0,0,0
isixhosa_3_01619,Idolophu entsha eCoffee Bay,0,2,0,0,0,0
isixhosa_3_01620,Zilungiselele ukonwabela imidlalo yePSL eBuffalo City,0,1,0,0,0,0
isixhosa_3_01621,I-TruFM iyabulela ngoFezz kumasipala waseMnquma!,0,2,0,0,0,0
isixhosa_3_01622,Izakubamba inkomfa yokuqala yeSikolo seeLwimi noNcwadi iYunivesithi iRhodes,0,2,0,0,0,0
