text_id,text,Anger,Sadness,Surprise,Disgust,Fear,Joy
yoruba_1_00001,FIFA: A fi òfin de ẹ̀yin eléré ìdárayá mẹ́ta wọ̀nyí láti ilẹ̀ Adúláwọ̀ títí ayé,3,0,0,0,0,0
yoruba_1_00002,Ikoyi Collapsed Building: Mọ̀ sì nípa Femi Osibona tó ni ilé alájà 21 tó wó ní Ikoyi,0,1,0,0,0,0
yoruba_1_00003,"JOHESU fún ìjọba Nàìjíríà ní gbèdéke ọjọ́ 15 ṣáájú ìyanṣẹ́lódì, kà nípa nkán tí wọ́n n béèrè fún",0,0,0,0,0,0
yoruba_1_00004,Sunday Igboho: Ẹ fún mi ní ₦500bn lórí dúkìá mi tẹ bàjẹ́ àti títẹ ẹ̀tọ́ mi lójú mọ́lẹ̀,2,0,0,0,0,0
yoruba_1_00005,"Buhari sacks Emefiele: Ṣé lóòtọ́ ni Ààrẹ Buhari ti gbaṣẹ́ lọ́wọ́ gómìnà Báǹkì àpapọ̀ Nàìjíríà, Godwin Emefiele?",0,0,2,0,0,0
yoruba_1_00006,"Nkechi Blessing: Jide Kosoko, pè mí ní ọmọ àlè tí Ọlọ́run kò bá ṣiṣẹ́ takò ọ́",3,0,0,0,0,0
yoruba_1_00007,EFCC: Pàṣípáàrọ̀ owó ni Mompha fi ń bojú láti ṣe gbájúẹ̀ àti 419,0,0,0,2,0,0
yoruba_1_00008,Former NFF president dies: Ààrẹ NFF tẹ́lẹ̀ri Oneya jáde láyé lẹ́ni ọdún 73,0,2,0,0,0,0
yoruba_1_00009,Kogi àti Bayelsa: Èsì tó jáde láti ìpínlẹ̀ Kogi,0,0,0,0,0,0
yoruba_1_00010,"Osinachi Nwachukwu n wọ káà ilẹ̀ sùn lónìí, ètò ìsìnkú ìkẹhìn ti bẹ̀rẹ̀!",0,3,0,0,0,0
yoruba_1_00011,"Afurasí tó kó òkú ajá, ejò, olóngìnní 183 sínú 'freezer' kó sí pańpẹ́ ọlọ́pàá",0,0,0,2,0,0
yoruba_1_00012,"Oyo PDP: Olórí ọ̀dọ́ farapa ni, ẹni tó wa ọ̀kọ́ ló kú",0,2,0,0,0,0
yoruba_1_00013,Fulani herdsmen attack: Ẹ gbọ́ ọ̀rọ̀ láti ẹnu ọba ìlú tí ìṣẹ̀lẹ̀ náà ti wáyé,0,0,0,0,0,0
yoruba_1_00014,"Iṣẹ́ yóò wà lọ́pọ̀ yanturu l’Ekiti tí mo bá di gómìnà - Adeyinka Ali, olùdíje ẹgbẹ́ APP",0,0,0,0,0,2
yoruba_1_00015,Failed Kidnap attempt: Ọwọ́ ọlọ́pàá tẹ ìyàwó ilé tó gbìmọ̀ pọ̀ pẹ̀lú àwọn kan láti jí ọkọ rẹ̀ gbé,0,0,0,0,0,0
yoruba_1_00016,Nigerian Senators deaths: Àwọn sẹ́nẹ́tọ̀ mẹ́rin tó jáde láyé ní Nàìjíríà láàrin oṣù mẹ́fà sẹ́yìn rèé,0,2,0,0,0,0
yoruba_1_00017,Ọwọ́ agbófinró tẹ Olùkọ́ tó jí aṣọ ọlọ́pàá kó ní Abeokuta ṣùgbọ́n tó ń díbọ́n bíi ọlọ́pàá ní Ibadan,0,0,2,0,0,0
yoruba_1_00018,Yinka Ayefele ni ìkómọ àwọn ìbẹ́ta òun kò tíì lè wáyé báyìí àyàfi tí òun bá gba páálí wọn l'Ámẹ́ríkà,0,0,1,0,0,0
yoruba_1_00019,Kayode Badru: Gbogbo àwọn tí ọ̀rọ̀ ikú Kayode Badru kàn tó fí mọ́ ''Oluṣọ Ebony'' ló wà ní àtìmọ́lé,0,3,0,0,0,0
yoruba_1_00020,"Tope Alabi: Mo ti tọrọ aṣọ àti yẹtí etí rí, kí n tó leè ṣe àwo orin",0,0,3,0,0,0
yoruba_1_00021,Europe Returnee: Fatmata ní oṣù mẹ́fà ni wọn fi bá òun ṣùn ní aṣálẹ̀ Sahara,0,2,0,2,0,0
yoruba_1_00022,"Lassa Fever: Ìwádìí ní èèyàn 219 ni ibà Lassa pa lọ́dún tó lọ́, 29 lọ́dún yìí, tètè dènà rẹ̀",0,2,0,0,0,0
yoruba_1_00023,Ogun state lockdown update: 'Èèyàn 104 tó kó covid-19 ní ílééṣẹ́ kan ní Sagamu fihàn pé ààrùn náà ti wà láwùjọ',0,0,0,0,3,0
yoruba_1_00024,"Eͅ sͅóͅra fún ìrìn aléͅ, eͅ yé sáré àsápajúdé - FRSC gba àwoͅn awakòͅ ní ìmòͅràn",0,0,0,0,0,0
yoruba_1_00025,Wo ìgbésẹ̀ tí Falana gbé láti ṣàfikún ẹ̀sùn tí wọ́n fi kan Adedoyin lórí ikú Timothy Adegoke àti ohun tí àwọn agbẹjọ́rò rẹ̀ ṣe,0,0,0,0,0,0
yoruba_1_00026,Ikoyi collapsed building: Sanwo-Olu ní ìjọba ìpínlẹ̀ Eko yóò ṣiṣẹ́ lórí àbọ̀ ìgbìmọ̀ olùwádìí ilé alájà 21 tó wó ní Ikoyi,0,0,0,0,0,0
yoruba_1_00027,Gbajabiamila: Wo tuntun tí Gbajabiamila fẹ́ kí ilé aṣojúṣòfin dáwọ́lé lórí ẹni tó bá fẹ́ du ipò òṣèlú,0,0,2,0,0,0
yoruba_1_00028,Abuja kidnap: ''N15m làwọn Fulani ajínigbé kọ́kọ́ bèèrè kí wọ́n tó gba N2.5m ọ́wọ́ wa l'Abuja'',0,2,0,0,0,0
yoruba_1_00029,Iya Woli Asafa Salamot: Gbọ́ àsọtẹ́lẹ̀ látẹnu Small Mummy tó fi àwàdà dárà,0,0,0,0,0,0
yoruba_1_00030,"US Consulate: Ojú lálákàn fí n ṣọ́ri l‘Eko báyìí, wo ìlànà tó tẹ̀lé fún ààbò ẹ̀mí rẹ",0,0,0,0,3,0
yoruba_1_00031,"'Àgbà ló ń ṣe Fasoranti, tó bá yá yóò ronúpìwàdà'",0,0,0,0,0,0
yoruba_1_00032,"Rògbòdìyàn Iraq fẹjú si, àdó olóró àti ìbọn ń dún lákọlákọ",0,2,0,0,2,0
yoruba_1_00033,June 12: Iléeṣẹ́ ọlọ́pàá ìpínlẹ̀ Eko láwọn kò mọ ohun kan nípa ìwọ́de láti ṣeàyájọ́ ọ́jọ́ June 12,0,0,0,0,0,0
yoruba_1_00034,"21 years after Bola Ige's death: ọdún mọ́kànlélógún lẹ́yìn ikú Bola Ige, ìjọba kò tíì kéde ẹni tó yìnbọn pa á ní Ibadan",0,3,2,0,0,0
yoruba_1_00035,Kunle Afolayan: Òun àti Mike Ezuruonye ń gbéná wojú ara wọn lórí ayélujára,2,0,0,0,0,0
yoruba_1_00036,Akinyele killings: Ọwọ́ ọlọ́pàá ti tẹ Toheed Ganiyu tí wọ́n ló pa Mary Daramola ẹni ọdún 18 l'Akinyele ní ìlú Ibadan,0,2,0,0,0,0
yoruba_1_00037,Yoruba Nation: Kò sí ẹni tàbí ohun tó le mú mi yi ìpinnu padà lórí Yorùbá Nation - Banji Akintoye,0,0,0,0,0,0
yoruba_1_00038,"Nkechi Blessing: Gbajúmọ̀ òṣèré, Nkechi Blessing ṣàlàyé pé òun ti kán lu agbami ìfẹ́ míràn lẹ́yín ìjákulẹ̀ àjọṣepọ̀ rẹ̀ pẹ̀lú Opeyemi Falegan",0,0,0,0,0,2
yoruba_1_00039,"Gómínà ìpínlẹ̀ Ondo Rotimi Akeredolu ní àdánù ńlá ni ikú Ogunbodede, amúgbálẹ́gbẹ́ rẹ̀ tó kú nínú ìjàmbá ọkọ̀ wò",0,3,0,0,0,0
yoruba_1_00040,Diezani gan an ní Hushmummy tó ń bú àwọn Yahoo boys- Àwọn Ọmọ Naijiria lórí Twitter,2,0,0,0,0,0
yoruba_1_00041,"Iyabo-Fathia Fracas: Ojo ní ohun tó ń ṣẹlẹ̀ lágbo tíátà wa kọjá àhesọ tẹ́ ń gbé kiri, ó jinlẹ̀, ọ̀rọ̀ ẹ̀mí ni",0,0,0,0,0,0
yoruba_1_00042,Ohun tí a mọ̀ rèé nípa ẹ̀sùn ìfipábánilòpọ̀ tí olóyún fi kan sọ̀rọ̀sọ̀rọ̀ lórí rédíò Gbenga Filani,0,0,0,1,0,0
yoruba_1_00043,"Ìyá ẹni ọdún 97 tó lọ́wọ́ nínú ikú 10,505  èèyàn rí ẹ̀wọ̀n ọdún méjì he ní Germany",0,2,2,0,0,0
yoruba_1_00044,Amotekun security network: Gani Adams rọ gómìnà Yahaya Bello láti dá Amotekun sílẹ̀ ní Kogi,0,0,0,0,0,0
yoruba_1_00045,Ọ̀gá Bello: Àìgbọ́n ló ń da àwọn òsèré tíátà tó ń jà lórí ayélujára láàmú,1,0,0,2,0,0
yoruba_1_00046,Akomolede: Akuko Gagara ni ìwé tó ṣàfìhàn ohun tó ń ṣẹlẹ̀ ní Nàìjíríà lásìkò yìí- Fatimo Bola Owokunle,0,0,0,0,0,0
yoruba_1_00047,"Ilẹ̀ ń j'ẹ̀nìyàn, ìyá ìyàwó gómìnà ìpínlẹ̀ Oyo tẹ́lẹ̀ Florence Ajimobi jáde láyé",0,3,2,0,0,0
yoruba_1_00048,"Ọmọọba ní èmi náà, mo sì lẹ́tọ̀ọ́ láti jẹ Aláàfin - Bíṣọ́ọ̀bù Ladigbolu",0,0,0,0,0,0
yoruba_1_00049,Islamic State' ní Nàìjíríà bẹ́ àwọn Kristiẹni lórí ní ìpínlẹ̀ Bornu,0,3,0,0,0,0
yoruba_1_00050,Odion Ighalo: Ẹlẹ́sẹ̀ ayò Ighalo ń ronú láti padà sí Super Eagles láìpẹ́,0,0,0,0,0,0
yoruba_1_00051,Viral Diarrhea: Òjò ló lè mú kí ìtànkálẹ̀ àrun ìgbẹ́ ọ̀rìn má tètè dópin ni Eko- Iléeṣẹ́ ìlera,0,0,0,0,0,0
yoruba_1_00052,"Ayo Fayose: Gómìnà àná ìpínlẹ̀ Ekiti tọrọ àforíjìn, ó ní PDP gbọdọ̀ gbapò gómìnà padà",0,0,0,0,0,0
yoruba_1_00053,"Ẹ̀yin Abiyamọ, ẹ má sùn títí ìdájọ́ yóò fi wà lórí ikú àbúrò mi - Ẹ̀gbọ́n Bamise",0,3,0,0,0,0
yoruba_1_00054,"Olóòtú ìjọba tẹ́lẹ̀ rí ní Japan, Shinzo Abe dágbére fáyé",0,2,0,0,0,0
yoruba_1_00055,Wo àwọn nǹkan tó yẹ kóo mọ̀ nípa Dókítà Rasaq Oyelami ti NNPP tó ń díje dupò gómìnà Osun,0,0,0,0,0,0
yoruba_1_00056,Gbogbo àwọn ajìjàgbara tó ń bínú  la óò bá sọ̀rọ̀ – Tinubu,0,0,0,0,0,0
yoruba_1_00057,Fight against corruption: Ọ̀rọ̀ Satguru Maharaj ji sí àwọn olóṣèlú Nàìjíríà lórí ìwà àjẹbánu,0,0,0,0,0,0
yoruba_1_00058,Àfi kí ẹkùn kọ́ọ̀kàn wà ojútùú sí ipenija ààbò fún ará wọn - Gani Adams,0,0,0,0,0,0
yoruba_1_00059,Deborah Samuel Killed in Sokoto: Àwon ìròyìn òfégè nípa ikú Deborah ní Sokoto rèé ati ìkọlù sí Bishop Kukah,0,2,0,0,0,0
yoruba_1_00060,Ọlọ́run fẹ́ gbé Ekiti gorí ẹṣin ló ṣe ní kí ń díje gómìnà nínú ẹ́gbẹ́ ẹlẹ́ṣin - Segun Oni,0,0,0,0,0,2
yoruba_1_00061,Ogun Ritual murder: Ìjà ni tọkọtaya ní àwọn fẹ́ bá àbúrò mi àti ọ̀rẹ́kùnrin rẹ̀ parí kí wọ́n tó dá ẹ̀mí rẹ̀ légbodò - ẹ̀gbọ́n olóògbé,0,3,0,0,0,0
yoruba_1_00062,"Woman, Ethiopia's Tigray crisis: Ọmọbìnrin ọdún 18 ṣàlàyé bí ó ti gé lọ́wọ́ nígbà tí sọ́jà kan fẹ́ fipá bá a lòpọ̀",0,3,0,0,0,0
yoruba_1_00063,Ethiopia: Ìjà ẹ̀sìn àti ẹlẹ́yàmẹ̀yà sọ èèyàn 78 dèrò ọ̀run ni Ethiopia,0,3,0,0,0,0
yoruba_1_00064,"Social media abuse: Oyedepo ní àlòjù Twitter, Facebook àti Instagram máa ń ṣàkóbá fún àyànmọ́ ẹ̀dá",0,0,0,0,1,0
yoruba_1_00065,Osun Bank Robbery: Àwọn adigunjalè ti kọlu báǹkì kan ní ìpínlẹ̀ Osun,0,1,0,0,0,0
yoruba_1_00066,Modakeke-Ife crisis: Ọlọ́pàá ṣàlàyé ohun tó ṣẹlẹ̀ ní Modakeke àti Ile Ife,0,0,0,0,0,0
yoruba_1_00067,Sunday Igboho: Afenifer ń bèèrè pé ṣé Nàíjíríà ti padà sí sáà oko ẹ̀rú ológun ni?,0,2,0,0,0,0
yoruba_1_00068,"Sunday Igboho lulẹ̀ nílé ẹjọ́, adájọ́ sọ̀kò ọ̀rọ̀ sí ajìjàgbara",1,0,0,0,0,0
yoruba_1_00069,"Timothy Adegoke: Kọmíṣọ́nà ọlọ́pàá Osun ní ọmọbíbí Rahmon Adedoyin tó ni ilé ìtura tí Adegoke kú sí, ló jù òkú rẹ̀ sígbó",0,2,0,0,0,0
yoruba_1_00070,Bolaji Amusan: TAMPAN ń ṣiṣẹ́ lórí 'minimum wage àti insurance' òṣèré báyìí- Mr Latin,0,0,0,0,0,0
yoruba_1_00071,Nollywood: Gbajugbaja òṣèré ''Toromagbe'' nínú fíìmù ''Arelu'' ti jáde láyé,0,3,0,0,0,0
yoruba_1_00072,Jonathan the tortoise: Wo ìjàpá ọdún 190 tó jẹ́ ẹranko oríilẹ̀ tó dàgbà jù láyé,0,0,2,0,0,0
yoruba_1_00073,Samson Siasia: Ẹ rànmí ìrànwọ́ pẹ̀lú N100m láti ṣejọ́ jìbìtì tí FIFA fi kàn mi,0,2,0,0,0,0
yoruba_1_00074,Cancer: àpọ̀jù ṣúgà nínú ẹ̀jẹ̀ ń ṣàkóbá fún àgọ́ ara èèyàn,0,0,0,0,1,0
yoruba_1_00075,Apostle Suleiman vs Chioma: Apostle Suleiman ti sọ̀rọ̀ lórí ẹ̀sùn ti Chioma fi kan,0,0,0,0,0,0
yoruba_1_00076,"Europa league: Ìjàmbà tún ṣe Ole àtàwọn ọmọ rẹ níwájú AZ Alkmaar, ọ̀mì ni wọ́n ta",0,2,0,0,0,0
yoruba_1_00077,"""Tope Alabi: Ẹni tó kọ orin """"Oniduro Mi E se o"""" fèsì""",0,0,0,0,0,0
yoruba_1_00078,ASUU Strike Nigeria: ASUU ti fòpin si ìyàsẹ́lódì olósù mẹ́sàn-an tí wọ́n gùnlé,0,0,0,0,0,2
yoruba_1_00079,Uterus Didelphys: Elizabeth Amoaa sọ̀rọ̀ nípa ìrírí rẹ̀ pẹ̀lú ojú ara méjì àti ilé ọmọ méjì,0,0,2,0,0,0
yoruba_1_00080,Bank robbery: Àwọn ọlọ́pàá ti bẹ́ síta láti ṣàwárí àwọn olè 30 tó jówó kó ní Union Bank l'Ondo,0,0,0,0,2,0
yoruba_1_00081,"Warplane caught fire in Yobe:: Báàlù ológun tó já, to ṣekú pa àwọn ará ìlú Buhari ṣẹlẹ̀ nítòòtọ́- Nigerian Air Force",0,3,0,0,0,0
yoruba_1_00082,Akure incest Momoh Usman case: Láti ẹni ọdún mẹ́tàlà ni Bàbá mi ti ń ba mi sùn- Fatimah Us,0,3,0,2,0,0
yoruba_1_00083,Divorce: Ilé ẹjọ́ tú ìgbéyàwó ọdún mọ́kànlá ká nítórí pé ìyàwó fí ìbálòpọ̀ dun ọkọ rẹ̀,0,2,2,0,0,0
yoruba_1_00084,"Adeyẹye Ẹnitan Ogunwusi, Ọjaja keji: Ooni Ile Ife fẹ́ gbìyànjú láti gbẹ̀mí ara rẹ̀, àlàyé tó ṣe nípa rẹ̀ nìyí",0,2,2,0,0,0
yoruba_1_00085,"""Kano female vigilante: Wo àwọn obìnrin ''fijilanté"""" tí wọ́n ṣetán à ti kojú ẹnikẹ́ni ní Kano""",0,0,3,0,0,0
yoruba_1_00086,Osun ritual killer: Ọwọ́ ọlọ́pàá ti tẹ Kabiru tó pa ọ̀rẹ́bìnrin rẹ̀ tó sì ṣá a wẹ́lẹwẹ̀lẹ bí màlúù ní Apomu,0,0,0,2,0,1
yoruba_1_00087,"Ogun Technician kills Union member: Babatunde lọ bá adari Hoteeli ṣe àjọyo, ó pade iku ọbẹ gbígbóna",0,3,2,0,0,0
yoruba_1_00088,"KSA mourns wife's death: Sunny Ade ti kéde ọjọ́ ìsìnkú ìyàwó rẹ̀, Risikat Adegeye, Ó ní ańgẹ́lì òun ló kú",0,3,0,0,0,0
yoruba_1_00089,Muyiwa Ademola: A ó jọ rọ́ọ̀kì ọdún 2021 papọ̀ ni lágbára Ọlọ́run,0,0,0,0,0,2
yoruba_1_00090,Muhammadu Buhari: Falana ní ilé ìwòsàn ti di mọ́ṣúárì ní Nàìjíríà nígbà tí Buhari ń gbàtọ́jú nílẹ̀ òkèrè,0,3,0,0,2,0
yoruba_1_00091,Ìpènijà márùn ún tí yóò kojú olóòtú ìjọba tuntun ní UK,0,0,0,0,1,0
yoruba_1_00092,Badagry building collapse: Èèyàn mẹ́rin kú sábẹ́ ilé alájà kan tó dàwó ní Badagry,0,3,2,0,0,0
yoruba_1_00093,Kemi Afolabi on Lupus: Wo bí Kemi Afolabi ṣe ń dúpẹ́ lọ́wọ́ àwọn tó ti kàn síì pẹ̀lú owó ìtọ́jú àìsàn Lupus,0,0,2,0,0,2
yoruba_1_00094,Measles: Àwọn ọmọdé mẹ́rìnlá pàdánù ẹ̀mí wọn ní ìpínlẹ̀ Anambra,0,3,0,0,0,0
yoruba_1_00095,Lautech: Ìjọba Ọ̀ṣun ní òun kò jẹ òṣìṣẹ́ fásitì náà lówó oṣù,0,0,0,0,0,0
yoruba_1_00096,Àwọn ọmọ Nàìjíríà kan fẹ́ kí ilé ẹjọ́ ó fagilé orúkọ Buhari gẹ́gẹ́ bi olùdíje APC,1,0,0,0,0,0
yoruba_1_00097,Fayose: APC Ekiti ní àwọn olóṣèlú tó ti fìdírẹmi kò le è ráyè láàrin àwọn,0,0,0,0,0,0
yoruba_1_00098,Á san ọ̀pọ̀ mílíọ́nù náírà fáwọn olùpẹ̀jọ́ EndSARS - Ìjọba àpapọ̀,0,0,0,0,0,0
yoruba_1_00099,"Ẹgbẹ́ òṣìṣẹ́ fẹ́ gùnlé ìyanṣẹ́lódì aláìní gbèdéke, ìdí rèé",0,0,2,0,0,0
yoruba_1_00100,Alleged threat to life: Ọmọ ọdún mẹ́tàdínlógún (17) káwọ́ sẹ́yìn rojọ́ lórí ẹ̀sùn ìdúnkookò láti gbẹ̀mí ìyá rẹ̀'',0,2,2,0,0,0
yoruba_1_00101,"""""""I﻿fe ń lọ ṣọ́ọ̀ṣì wọn, mo tàn-án wọ ṣọ́ọ̀ṣì wa, mo fipá ba lòpọ̀, fun lọ́rùn pa""""""",0,0,0,2,0,0
yoruba_1_00102,"Alaafin Oyo's burial: Oba Lamidi Adeymi darapọ̀ mọ́ àwọn àgbà ìṣáájú, ọ̀pọ̀ ń dárò Kábíèsí",0,3,0,0,0,0
yoruba_1_00103,Àwọn agbésùmọ̀mí tú èèyàn méje míì sílẹ̀ lára àwọn tí wọ́n jí gbé lójú ọ̀nà Abuja-Kaduna,0,0,0,0,0,2
yoruba_1_00104,"Wòlíì bá ọmọ ìyá méjì sùn nínú ìjọ rẹ̀, ọ̀kan níńú wọn ti lóyún",0,2,2,2,0,0
yoruba_1_00105,Nigeria vs Netherlands: Àtilẹ ló yẹ kí ìjọba ti máa mu ìdàgbàsókè bá eré bọ́ọ̀lù-Onigbinde,0,0,0,0,0,0
yoruba_1_00106,Ì﻿jọba ti ṣọ́ọ̀ṣì tí wọ́n ti n ta 'omi ayẹta ìbọn' fun àwọn olùjọ́sìn ní Kogi,0,0,0,0,0,0
yoruba_1_00107,Ìtàn ayé Aposteli Timothy Obadare: Afọ́jú oníwàásù tó wo ọ̀pọ̀ sàn lọ́wọ́ àjàkálẹ̀ ìkọ́ ní Iléṣà,0,0,2,0,0,0
yoruba_1_00108,Sylvester Oromoni Death: Ibi tí ọ̀rọ̀ dé dúró rèé lórí ikú akẹ́kọ̀ọ́ Dowen College tí wọ́n fẹ̀sùn kan akẹgbẹ́ rẹ̀ pé wọ́n lù ú pa.,0,2,0,0,0,0
yoruba_1_00109,Lóòtọ́ orin mi àti Lagbaja jọra ṣùgbọ́n ìyàtọ̀ díẹ̀ wà níbẹ - Labule,0,0,0,0,0,0
yoruba_1_00110,Èèyàn bí ogún jóná kú lásìkò tí 'tanker' gbina ní Kogi,0,3,0,0,0,0
yoruba_1_00111,Gun control in Nigeria: Wo ọ̀nà márùn ún tí o lè gbà dábòbò ara rẹ lọ́wọ́ ìjàmbá!,0,0,0,0,0,0
yoruba_1_00112,Siblings kidnapped in Abuja: Ọmọ ìyá kan nàá mẹ́ta di àwátì ní ilé-ẹ̀kọ́ wọ́n nílùú Abuja,0,2,0,0,2,0
yoruba_1_00113,"Lizzy Anjorin: Ẹ̀yin tẹ bímọ fún ọkọ mi, ẹ kó ọmọ wa ká ṣe àyẹ̀wò DNA fún wọn",1,0,0,0,1,0
yoruba_1_00114,‘’Ọ̀rọ̀ Rauf Olaniyan ti wọ́n yọ ní ipò igbákejì gomina ìpínlẹ̀ Ọyọ dàbí ọ̀rọ̀ awakọ̀ méjì tó fẹ́ wa ọkọ̀ kan’’,0,0,0,0,0,0
yoruba_1_00115,"Ayé O,wo bí ọlọ́pàá ṣé hú òkú arábìnrin yìí nínú iyàrá ẹni tó lọ sìn ní gbèsè 50k",0,2,2,0,0,0
yoruba_1_00116,"“Kátàkárà ní ìbò gómìnà Osun, ’ìkòkò ọbẹ̀‘ àti ‘ọmọ́bọ́láńlé’ ló fi owó dárà láàrin ara wọn”",0,0,0,2,0,0
yoruba_1_00117,Alleged missing N106bn: SERAP gbé Buhari lọ sílé ẹjọ́ lórí owó tí wọ́n ló d'àwátì láwọn ilé iṣẹ́ ìjọba,0,0,0,0,0,0
yoruba_1_00118,"Grace Oshiagwu: Afurasí ní abọ́ oúnjẹ kan, ẹ̀ẹ́dẹ́gbẹ̀ta náíra lòun ń gbà lóri àwọn tó pa l'Akinyele",0,0,2,2,0,0
yoruba_1_00119,Xenophobic Attack: Ìjọba rọ ọmọ Nàìjíríà pé kí wọ́n dẹ́kun kíkọlu iléeṣẹ́ South Africa,0,0,0,0,0,0
yoruba_1_00120,"Gbajugbaja oṣere tiata, Bolaji Amusan fi hàn wá bó se láyà to lori ètò ṣé o láyà?",0,0,0,0,0,0
yoruba_1_00121,"Oyo security: Àwọn agbébọn pa ìyàwò èèkàn olóṣèlú ní Ibadan, ọlọ́pàá ní adigunjalè ní wọ́n",0,2,0,0,0,0
yoruba_1_00122,Áfíríkà làwọn ènìyàn ti ń gbẹ̀mí ara wọn jùlọ lágbàáyé - WHO,0,2,2,0,2,0
yoruba_1_00123,Agric Locust: Àwọn kokoro eṣú ti ba irè oko jẹ nílẹ̀ Afirika,0,1,0,0,0,0
yoruba_1_00124,Divorce: Ilé ẹjọ́ tú ìgbéyàwó ọdún mẹ́tàdínlógún ká nítorí ààlè yíyàn,0,2,0,0,0,0
yoruba_1_00125,Gani Adams: Àwọn tó yẹ̀ kó gba Nàíjíríà sílẹ̀ lọ́wọ́ ìdààmú ti yẹsẹ̀ lójú òpó,0,2,0,0,0,0
yoruba_1_00126,Ademola Adeleke: Ta ni olùdíje gómìnà fún PDP tó gbégbá orókè láti tukọ̀ ìpínlẹ́ Osun,0,0,0,0,0,0
yoruba_1_00127,Prophet Israel Oladele: Wo díẹ̀ lára àwọn ìwàásù mánigbàgbé tí wòlíì ìjọ CCC Genesis Global ti ṣe,0,0,0,0,0,0
yoruba_1_00128,Domestic Violence: Ǹkan mẹ́jọ tó máa kọ́kọ́ ṣẹlẹ̀ kí olólùfẹ́ méjì tó pa ara wọn,0,0,0,0,0,0
yoruba_1_00129,Olubadan flown abroad?: Ohun tí Ààfin sọ rèé lórí ipò àlàáfíà Olubadan,0,0,0,0,0,0
yoruba_1_00130,Wo àwọn orílẹ̀ èdè mẹ́wàá tí kìí ṣe ayẹyẹ ọdún tuntun ní January 1,0,0,2,0,0,0
yoruba_1_00131,Ekiti monarchs lead protest: Orí adé mẹ́rin ṣe ìfẹ̀hónúhàn l'Ekiti lórí ọ̀rọ̀ ìjọba ìbílẹ̀ wọn,0,0,2,0,0,0
yoruba_1_00132,Timothy Adegoke Vs Rahmon Adedoyin: Ẹbí Adedoyin korò ojú sí ọ̀rọ̀ tó ń lọ lórí ayelujára nípa ìgbẹ́jọ́ wọn,1,0,0,0,0,0
yoruba_1_00133,Yoruba Nation: Ọ̀jọ̀gbọ́n Banji Akintoye ní ìjọba Nàìjíríà ti fowó ra àwọn alamí kan sáàrín àwa ajìjàgbara Yoruba Nation,0,0,0,0,2,0
yoruba_1_00134,Petrol Pump Price: Ọmọ Nàíjíríà ń bèèrè pé níbo ni oúnjẹ́ Kérésì yóò ti wá torí lítà epo tó di ₦170,0,0,0,0,2,0
yoruba_1_00135,"Nigerian Doctors Crisis: Àwọn dókítà tó kúrò ní Nàíjíríà lọ sílẹ̀ UK, US àti Saudi sọ ìrírí ayọ̀ tí wọn ń ní",0,0,0,0,0,2
yoruba_1_00136,"Adeleke yóò gbà isẹ lọ́wọ́ 12,000 òṣìṣẹ́ tí Oyetola ṣẹ̀ṣẹ̀ gbà - PDP",0,2,0,0,1,0
yoruba_1_00137,"Efuoma Amos: Ẹ̀bùn láti ọ̀run wá ni, àwọn obìnrin ma ń wọ́ tẹ̀lé mi ni láti kékeré",0,0,0,0,0,1
yoruba_1_00138,'Bí ọ̀pọ̀ ọ̀dọ́ àti obìnrin ṣe forúkọ sílẹ̀ fún PVC kò wúlò tí ...',1,0,0,0,0,0
yoruba_1_00139,"Nàíjíríà méjì ló wà, kí Yorùbá gba òmìnira lọ̀nà àbáyọ - Akintoye",1,0,0,0,0,0
yoruba_1_00140,Nigeria Insecurity: Àwọn ọdọ́ Arewa ké sáwọn aṣáájú láti pe ìpàdé àjọ tó ńi ìrònú lórí Nàíjíríà,0,0,0,0,1,0
yoruba_1_00141,Ibrahim Chatta: Ó gba àwọn òṣèré tíátà nímọ̀ràn láti máa ṣaájò ẹgbẹ́ wọn,0,0,0,0,0,0
yoruba_1_00142,Ọmọ ọdún mẹ́sàn-án tó n gbé àṣà Yorùbá lárugẹ́ sọ nkan tó jẹ́ ìwúrí fún tó fi n ṣe bẹ̀ẹ́,0,0,1,0,0,0
yoruba_1_00143,Pius Adesanmi: Òní ni ẹ̀bí akọni Pius Adesanmi n ṣètò ìkẹyìn fún ogbontarigi náà,0,2,0,0,0,0
yoruba_1_00144,Olùdásílẹ̀ ilé ìtura Hilton Rahmon Adedoyin ló ní kí n sọ fawọn ọlọ́pàá pé Timothy Adegoke kò sùn ilé ìtura wà,0,0,0,0,0,0
yoruba_1_00145,HPV Infection: Àpẹ́rẹ́ àìsàn tó ń fa àrùn jẹjẹrẹ pọ̀ lára àwọn obinrin tó wà ní ìlú Ibadan - Ìwádìí fìhàn,0,0,2,0,2,0
yoruba_1_00146,"Goriola Hassan: Bí o ko ba yọju níwájú ilé, a ó fi ọlọ́pàá gbé ọ́, Alaga Igbimọ pàsẹ fún Goriola Hassan lórí ipò rẹ̀ bi ọba Imobi",3,0,0,0,0,0
yoruba_1_00147,Doctors‘ Strike: Àwọn dókítà tó ń woṣẹ́ níran ní UCH sọ̀rọ̀ lórí ẹ̀dùn ọkàn wọn,0,0,0,0,0,0
yoruba_1_00148,Osun PDP primaries: Ilé ẹjọ́ wọ́gílé ìdìbò tó gbé Ademola Adeleke wọlé gẹ́gẹ́ bí olùdíjé PDP ní Osun,0,0,0,0,0,0
yoruba_1_00149,Iran plane crash: Ìfẹ̀hónúhàn ṣẹ́yọ lẹyìn tí Iran ní oun ló já bàálù Ukrain lulẹ̀,3,2,0,0,0,0
yoruba_1_00150,Gosiame Sithole: Ìyàwó bímọ mẹ́wàá lẹ́ẹ̀kan ṣoṣo lẹ́yìn tó ti bí ìbejì tẹ́lẹ̀,0,0,3,0,0,0
yoruba_1_00151,'Àwa kò ní lọ sí ilé ẹ̀kọ́ tí kò bá ti sí oúnjẹ fún wa mọ́',2,0,0,0,0,0
yoruba_1_00152,Oyo APC Crisis: Wàhálà awuyewuye ẹgbẹ́ òṣèlú APC gba ọnà míì yọ pẹlú ìyànsípò alága igun ìkejì,0,0,0,0,0,0
yoruba_1_00153,Okùnrin ẹni ọdú 45 kó sí gbaga ọlọ́pàá lẹ́yìn tó jí ọmọ gbé nínú ṣọ́ọ̀ṣì,0,0,0,0,0,0
yoruba_1_00154,"Hackney Wick bar floor collapse: Àjà ilé ọtí dàwó ní Hackney Wick, mẹ́tàlá nínú àwọn oníbàárà farapa",0,0,0,0,0,0
yoruba_1_00155,Bashiru Olokada: Ọwọ́ ọlọ́pàá tẹ afurasí ọdọmọkùnrin mẹ́ta tó se'kú pa Bashiru ọlọ́kadà ní Ogere,0,0,0,0,0,0
yoruba_1_00156,"ILana Omo Oodua: Ẹgbẹ́ IOO jáwé gbélé ẹ fún Otunba Olukoya, fòǹtẹ̀ lu Adeleye àti Akinwande",0,0,0,0,0,0
yoruba_1_00157,Iléọjọ́ fòfin dé ìyọnípò Rauf Olaniyan tó jẹ́ igbákejì Seyi Makinde ní Oyo,0,0,0,0,0,0
yoruba_1_00158,Yoruba Nation: Mo faramọ́ àtúntò 'Restructuring' tí kò lọ́wọ́ ìṣèlú nínú- Oba Ahmed Adekunle Makama ti Kuta,0,0,0,0,0,0
yoruba_1_00159,Àlàyé rèé lórí ohun tó wáyé láàrin èmi àtàwọn DSS lọ́jọ́ tí wọn ká mí mọ́lé lóru mọ́jú - Sunday Igboho,0,0,1,0,0,0
yoruba_1_00160,NigeriaRoadAccident- Ọkọ àjàgbé kọlu obìnrin kan lórí ọkadá ó sì kú,0,3,0,0,0,0
yoruba_1_00161,"Boko Haram: Obìnrin mẹ́fà, ọmọ mẹ́sàn-án rin kílómítà àádọ́rún fún ọjọ́ mẹ́fà láti Yobe sí Bornu",0,2,2,0,0,0
yoruba_1_00162,Ondo election 2020: Àwọn ara ìpínlẹ̀ Ondo ránṣẹ́ sí Akeredolu ohun ti wọ́n ń retí ní báyìí,0,0,0,0,0,0
yoruba_1_00163,Jurgen Klopp: Akọ́nimọ̀ọ́gbá Liverpool tọwọ́ bọ̀wé àdéhùn tuntun tí yóò múu wà nípò di ọdún 2026,0,0,0,0,0,0
yoruba_1_00164,"Ọlọ́pàá Eko kéde orúkọ ọlọ́pàá tó ṣíná ìbọn bolẹ̀ nílé ọtí, téèyàn méjì fi kú níbi àṣeyẹ ọjọ́ ìbí 'Obama'",0,2,0,0,0,0
yoruba_1_00165,Bad road: NLC àtàwọn èèyàn Sango-Ota ti òpópónà Eko sí Abeokuta pa nítorí ọ̀nà tí kò dára,2,0,0,0,0,0
yoruba_1_00166,Ọwọ́ ọlọ́pàá tẹ tọkọ-taya àti ẹnìkan f̀́ẹsùn ìjínigbé àti ìpànìyàn nípìnlẹ̀ Ogun,0,0,0,0,0,0
yoruba_1_00167,Kukah Vs Buhari: Bíṣọ́bù Kukah ní ìfowóṣòfò lásán ní okoòwò tí ẹnikẹ́ni bá ṣe ní Nàíjíríà,1,0,0,0,0,0
yoruba_1_00168,June 12 Protest: Kìí ṣe Gómìnà Seyi Makinde ló ṣètò ìwọ́de June 12 ní Ibadan- Taiwo Adisa,0,0,0,0,0,0
yoruba_1_00169,Ikoyi Collapsed Building: Dele Momodu bẹ̀bẹ̀ adura ki awọn to ha sabẹ ile to da wo jade l'ayọ,0,2,0,0,2,0
yoruba_1_00170,Kogi 2019: Àwọn ará ìlú sọ̀rọ̀ lórí ìrètí wọn lọ́wọ́ Yahaya Bello,0,0,0,0,0,0
yoruba_1_00171,"A kú ìrọ́jú l‘Osun, ìyà ti pọ̀jú, ojojúmọ́ ní mò ń sunkún – Adeleke",0,3,0,0,0,0
yoruba_1_00172,"Sasa crisis, MURIC: Ó yẹ kí ìjọba sanwó gbà mábínú fún darandaran àtàwọn àgbẹ̀ tó faragbá nínú rògbòdòdìyàn Sasa",2,1,0,0,0,0
yoruba_1_00173,"Biafra Day Celebration, May 30: Àwọn ajìjàngbara Biafra kéde ìsìnmi fáwọn Ibo láti ṣ'àyájọ́ Biafra",0,0,1,0,0,1
yoruba_1_00174,Dead body dumped beside church in Akure: Bí wọ́n ṣe bá òkú arábìnrin lójú pópó,0,0,2,1,0,0
yoruba_1_00175,Afghanistan: Taliban kò jẹ́ káwọn obìnrin wọlé lẹ́yìn tí ilé ẹ̀kọ́ di ṣíṣí padà ní Afghanistan,0,2,2,0,0,0
yoruba_1_00176,Ghana Witches: Wò bí wọ́n ṣe pa ìyá ẹni ọdún 90 tí wọ́n pè ní àjẹ́,0,1,2,0,0,0
yoruba_1_00177,Afghanistan: Àwọn adájọ́bìnrin ní àwọn Taliban táwọn fi sí àhámọ́ ń lépa ẹ̀mí àwọn,0,0,0,0,3,0
yoruba_1_00178,Kizito Mihigo: Akọrin tó fẹ́ lọ darapọ̀ mọ́ ìkọ̀ ajìjàgbara gbẹ̀mí ará rẹ̀ làhàmọ́,0,2,2,0,0,0
yoruba_1_00179,"Nigerians in Oman: Ààrẹ Buhari, ẹ̀yin gómìnà ìpínlẹ̀ Yorùbá, ẹ rántí wa ní Oman, àwọn ọmọ Nàìjíríà",0,0,0,0,1,0
yoruba_1_00180,"Femi Adesina: Afenifere àti Ohaneze Ndigbo fún Adesina lésì bó ṣe fi Buhari wé Awolowo, Azikwe",2,0,0,0,0,0
yoruba_1_00181,Òyìnbó lásán ni 'consequential adjustment' ẹ ò tún gbọdọ̀ gé owó oṣù ní ìpínlẹ̀ mọ́ - NLC,2,0,0,0,0,0
yoruba_1_00182,"Nigeria Independence Day: Ìyàpa ẹ̀yà, èdè àti ẹ̀sìn ló mú akùdé bá ìṣọ̀kan Nàíjíríà",0,2,0,0,0,0
yoruba_1_00183,"Tí ń bà di gómìnà, ń kó ní máa sálọ Abuja láti gba owó fi ṣé ìjọba  - Teslim Folarin",0,0,0,0,0,0
yoruba_1_00184,"Mothers Day: Adebunmi Adeyeye ní òun jẹ gbèsè gbọ́múléláńtà, ìdí iṣẹ́ kabúkabú ni òun ti ri san",0,0,0,0,0,1
yoruba_1_00185,World Cup qualifier: Senegal àti Egypt yóò wáàkò fún tíkẹ́ẹ̀tì ife ẹ̀yẹ àgbáyé Qatar 2022,0,0,0,0,0,0
yoruba_1_00186,"Yoruba Nation agitation: Ilana Omo Oodua kò lọ́wọ́ sí ẹjọ́ ìbò 'Refrendum' kankan, àwọn tó ń ṣe é ń jíṣẹ́ ara wọn ni",2,0,0,0,0,0
yoruba_1_00187,Orúkọ ọmọ ni Yorùbá gbà pé ó máa ń ro ọmọ nílẹ̀ Oodua,0,0,0,0,0,0
yoruba_1_00188,Ọ̀gá ọlọ́pàá tó ń wo ìhòhò obìnrin dèrò ẹ̀wọ̀n ọdún mẹ́ta,0,2,0,2,0,0
yoruba_1_00189,MKO Abiola death: Abdulsalami ní ìjọba kọ́ ló pa Abiola bí ọ̀pọ̀ ṣe gbàgbọ́,0,0,0,0,0,0
yoruba_1_00190,Ogun Flood: Ọ̀pọ́ Dúkìá ló sọnù ní 2019 lásìkò tí ìjọba ṣí dáàmù Ọyan,0,3,0,0,0,0
yoruba_1_00191,Ilé ẹjọ́ tó ga jùlọ ní America wọ́gilé oyún ṣíṣẹ́ fún àwọn obìnrin,0,0,0,0,0,1
yoruba_1_00192,"Wón ní àwọn ni Lébìrà, Lébìrà ní wón á ṣe ...! - Tinubu sọ òkò ọ̀rọ̀ sì ẹgbẹ́ òṣèlú Labour Party",2,0,0,0,0,0
yoruba_1_00193,Eji Gbadero: Ó pa Raji Oba nítorí ilẹ̀ nìjọba bá yẹgi fún un,0,2,0,0,0,0
yoruba_1_00194,"Ibadan killing, Linus Onwuamana: Àwọn jàndùkú agbébọn yìnbọn pa ọkùnrin oníṣòwò kan nílùú Ibadan",0,3,0,0,0,0
yoruba_1_00195,Soyombo yẹ fún àyẹ́sí gẹ́gẹ́ bí ògbóǹtagì oníròyìn - Aregbesola,0,0,0,0,0,2
yoruba_1_00196,"Sunday Igboho: Àwọn olórí Fulani tọrọ àforíjìn, wọ̀n ń fẹ́ ibagbepọ̀ àlàáfíà ni Ibarapa",0,0,0,0,0,0
yoruba_1_00197,"Coronavirus in Nigeria: Àjọ ètò ìlera lágbayé, WHO kan sárá sí Nàìjíríà lórí aáyan ìdènà àrùn Corona",0,0,0,0,0,2
yoruba_1_00198,A﻿wuyewuye súyọ lórí ọ̀rọ̀ ìbánikẹ́dùn Oluwo lórí ikú ọmọ̀ Davido tí Dele Momodu gbé síta,0,0,1,0,0,0
yoruba_1_00199,"Ghana No Calls Day Protest: Àwọn oníbàráà ẹ̀rọ ìbánisọrọ fi ẹ̀hónú hàn, wọ́n kò lo fóònu wọn láti pè",3,0,0,0,0,0
yoruba_1_00200,"Lẹ́yìn tó dárapọ̀ mọ́ ẹgbẹ́ òṣèlú APC, igbákejì Gómìnà Oyo bẹ̀rẹ̀ isẹ́ l'ọ́fíìsì tuntun",0,0,0,0,0,1
yoruba_1_00201,"Osun APC Primary: Àwọn jàndùkú da ìdìbò rú ní Ede àti Osogbo, wọ́n ṣá èèyàn ládàá - Adelani Baderinwa",0,2,0,0,0,0
yoruba_1_00202,Supreme court judgement on Ondo election: Ilé ẹjọ́ tó ga jùlọ ní Nàìjíríà dá Akeredolu láre lórí ìdìbò gómìnà ìpínlẹ̀ Ondo,0,0,0,0,0,2
yoruba_1_00203,"""EndSARS: Ìgbé """"a kò fẹ́ SARS mọ́"""" lára ìlú gbé lọ bá Akarigbo ìlú Remo""",2,0,0,0,0,0
yoruba_1_00204,"Àwọn afurasí adigunjalè kun àwọn ènìyàn lọ́rùn, jà wọ́n lólè, fipá bá wọn lòpọ̀",0,2,0,0,0,0
yoruba_1_00205,"""""""Kìí ṣe èké bíṣọ́ọ́bù ló wa sibi àfihàn Shettima, wọn kò tí ì di gbajúmọ̀ lẹ fi dá wọn mọ̀""""""",0,0,0,0,0,0
yoruba_1_00206,"Oyo state: 615, nọ́mbà tuntun fún ìdáàbòbò àwọn èèyàn ìpínlẹ̀ Ọ̀yọ̀",0,0,0,0,0,0
yoruba_1_00207,Kayode Olabode killed in Ondo : Opó àti àbúrò olóògbé ní ikú Kayode Olabode kìí ṣe àtọ̀runwá,0,3,0,0,0,0
yoruba_1_00208,Rita Amenze Italy murder: Ìjọba àpapọ̀ sọ̀rọ̀ lórí ikú ọmọ Naijiria ní Italy,0,2,0,0,0,0
yoruba_1_00209,"Ikare Monarch: Ọdún méjìdínláàdọ́ta ní Oba Adegbite-Adedoyin ló lókè èèpẹ̀, kó tó mí kanlẹ̀",0,1,0,0,0,0
yoruba_1_00210,Woman kiiled three years after daughter: Bàbá ọmọ obìnrin tí wọ́n gún l'Akure sọ bí ọ̀rọ̀ náà ṣe rí lára rẹ̀,0,3,0,0,0,0
yoruba_1_00211,"Ọba ìlú àtàwọn mẹ́ta kàgbákò ajínigbé, ìbọn ba awakọ̀ wọn l'Ondo",0,3,0,0,0,0
yoruba_1_00212,Bobrisky: Òntàjà góòlù wọ́ Bobrisky nìlẹ̀ pé ó ra góòlù àwìn tó wọ̀ lọ́jọ́ ìbí rẹ̀ láì san owó pé,0,0,0,0,0,0
yoruba_1_00213,Nigeria's Under-19: Ẹ wo bí Ikọ̀ Cricket Naijiria ṣé mí àgbáyé titi,0,0,2,0,0,0
yoruba_1_00214,DSS on IPOB Akunyili killing: Ikú Dókítà Chike ṣòkùnkùn sí wá ṣùgbọ́n a o ṣé ìwádìí àwọn tó pa,0,2,0,0,0,0
yoruba_1_00215,Adene Oluwabukola Deborah: Bàbá mi kò kọ́kọ́ fọwọ́ sí iṣẹ́ ìlù lílù ṣùgbọ́n....,0,0,0,0,0,0
yoruba_1_00216,"Fulham vs Arsenal: Arsenal lu Fulham ní àlùbami pẹ̀lú 3-0, ṣùgbọ́n ariwo Willian layé ń pa",0,0,0,0,0,0
yoruba_1_00217,Wakili Arrest: Iléeṣẹ́ ọlọ́pàá ti tú àwọn ọmọ ẹgbẹ́ OPC tó mú Wakili sílẹ̀,0,0,0,0,0,1
yoruba_1_00218,Celebrity wedding: Wo àwọn ìlúmọ̀ọ́ká tó ṣe ìgbéyàwó ní ọdún 2020 yìí,0,0,2,0,0,1
yoruba_1_00219,Amotekun ìpínlẹ̀ Ondo ti ń wá àwọn òṣìṣẹ́ ojú ọ̀nà mẹ́ta tí wọ́n jí gbé lágbègbè Akoko,0,1,0,0,0,0
yoruba_1_00220,"Van Persie vs Solskjaer: Ole bínú tán, ó lóun ò mọ Van Persie rí, bẹ́l kò lẹ́tọ̀ọ́ láti sọ̀rọ̀ s'óun",2,0,0,0,0,0
yoruba_1_00221,"Toyin Abraham: Ìyálàyá gbogbo yin, mo mọ àwọn olólùfẹ́ mi tí wọn ń gba tèmi",2,0,0,0,0,0
yoruba_1_00222,A ti bẹ̀rẹ̀ ètò báyìí lát bẹ́ àwọn Bàbá ńlá wa lọ́wẹ̀ sáwọn tó ṣe ìkọlù sí Ọwọ- Olowo,2,0,0,0,0,0
yoruba_1_00223,Osinachi Nwachukwu: Àwọn ẹ̀rí tuntun farahàn nípa ikú akọrin Ekwueme,0,0,1,0,0,0
yoruba_1_00224,"Egúngún Arsenal tó kọ́kọ́ jó, ìran góòlù méjì ló padà wò lọ́wọ́ Chelsea",0,0,0,0,0,0
yoruba_1_00225,Sunday Igboho's Yoruba Nation rally: Ẹ máa retí ìdájọ́ àwọn olùwọ́de Yoruba Nation tó wà láhàmọ́,1,0,0,0,0,0
yoruba_1_00226,Chelsea vs Manchester United: Ole ní Man United kò bá borí Chelsea ṣùgbọ́n rẹfirí kọ̀ láti fún wọn ní pẹnárítì,0,1,0,0,0,0
yoruba_1_00227,Oluwo: Ọ̀pọ̀ ọ̀dọ́ láwọn aṣíwájú orílẹ̀èdè Nàìjíríà ti fi ìwà àjẹbánu àti ìjẹkújẹ lé dànù sí òkè òkun,0,2,0,0,0,0
yoruba_1_00228,"Diezani Alison-Madueke: Ìjọba lu kọ́mú, góòlù àti ilé mínísítà epo rọ̀bì tẹ́lẹ̀ Diezani ní gbàǹjo",0,0,0,0,0,0
yoruba_1_00229,Teachers retirement age and years of service: Ìrírí àwọn àgbà olùkọ́ ṣì wúlò fún àwa ọ̀dọ́,0,0,0,0,0,0
yoruba_1_00230,Hymen and virginity: Wo àwọn nǹkan tí ó máa ń ṣẹlẹ̀ sí ara obìnrin tí kò bá ní ìbálòpọ̀ fún ọjọ́ pípẹ́,0,0,2,0,1,0
yoruba_1_00231,Road accident: Èèyàn mẹ́rin kú nínú ìjàmbá bọ́ọ̀sì tó tàkìtì lópòpónà Eko si Ibadan,0,3,0,0,0,0
yoruba_1_00232,Ọmọ ogun orí omi gún ọlọ́pàá pa l’Ekoo,0,2,0,0,0,0
yoruba_1_00233,"Nkechi Blessing: Gbogbo ẹ̀yin tó n dúró de àwòrán kí ẹ tó gbàgbọ́ pé mo ti ṣe ìgbéyàwó, ẹ má dúró pẹ́",2,0,0,0,0,0
yoruba_1_00234,Child Abuse: Ọmọ ọdún mẹ́wàá ń ké ìrora lẹ́yìn tí ọ̀gá tì í sínú àrò búrẹ́dì,0,3,0,0,0,0
yoruba_1_00235,Oyo state paternity leave: Ìjọba ìpínlẹ̀ Oyo bẹ̀rẹ̀ ìgbésẹ̀ lórí bí àwọn ọkùnrin ṣe leè máa gba ìsinmi ìtọ́mọ (Paternity leave),0,0,0,0,0,2
yoruba_1_00236,"Nigeria movie industry: Àgbà òṣèré, Lere Paimo ní àìgbọràn ló ń da ọ̀pọ̀lọpọ̀ àwọn òṣèrè sinimá láàmú",0,2,0,0,0,0
yoruba_1_00237,Rape: Akínkanjú obìnrin tó ń ṣe àyà gbàngbà kojú àwọn tó ń fipá báni lòpọ̀ nílùú rẹ̀,0,0,2,0,0,0
yoruba_1_00238,"Bukola Akinade Senwele Jesu: Warisi, Zah zuh, Galalala, wo àwọn àṣàkàṣa tí Senwele ní kò bá òfin Ọlọ́run mu",0,0,2,0,0,0
yoruba_1_00239,Wanted by EFCC: Mompha fèsì Ó ní ìdúnkokò ni wọ́n ń ṣe láti gba N140m  lọ́wọ́ òun,0,0,0,0,0,0
yoruba_1_00240,Hanifa Abubakar death: Àwọn afurasí lórí ikú ọmọdébìnrin tó jáde láyé fojú balé ẹjọ́,0,2,0,0,0,0
yoruba_1_00241,"""Demilade Fadare: A jókò sí iwájú ilé àwọn Pásítọ̀ di ago mẹ́ta òru ká tó rí òkú ọmọ wa, Demilade tó ti gún un pa sínú """"cooler""""""",0,3,0,1,0,0
yoruba_1_00242,"Wọ́n fẹ́ fi ìgbálẹ̀ àti pankẹ́rẹ́ lé mi kúrò láàfin torí Adeleke, Ọlọrun ló yọ mí  – Ataoja Osogbo",0,0,0,0,2,0
yoruba_1_00243,Ondo workers salary: Ìyà ń jẹ́ wá! Owó osù mẹ́jọ́ há sọ́wọ́ Akeredolu,0,2,0,0,0,0
yoruba_1_00244,Rape survivor: Ìyá mi ni ń kò gbọdọ̀ sọ̀rọ̀ kí ilé má bà á dàrú- Oluwatobi Raji,0,0,0,0,0,0
yoruba_1_00245,Sheffield vs Chelsea: Ayé le! Sheffield faṣọ iyì ya mọ́ Chelsea lára lọ́nà ìrìnàjò sí Champions League,0,1,0,0,0,0
yoruba_1_00246,"Yoruba Nation kọ́ ló pa Jumoke l‘Ojota, Ọlọ́pàá ni - Ìgbìmọ̀ olùwádìí",0,0,0,0,0,0
yoruba_1_00247,"Violence against Women: Wo iye obìnrin lágbàáye tó ń kojú ìwà ipá, àti ohun tó ń ṣokùnfà ẹ̀?",0,0,0,0,0,0
yoruba_1_00248,"T﻿o bá ń ta Naira tàbí ra Naira lójú agbo ìnáwó, o ti wọ gàù - CBN",0,0,0,0,1,0
yoruba_1_00249,Carabao cup: Iheanacho gba góòlù wọlé láti ra Leicester city padà lọ́wọ́ ìfìdírẹmi,0,0,0,0,0,2
yoruba_1_00250,Pakistan train fire: Iná ńlá ti pa ènìyàn 74,0,3,0,0,0,0
yoruba_1_00251,Osun 2022: Iléeṣẹ́ ọlọ́pàá nawọ́ gán afurasí ọ̀daràn 18,0,0,0,0,0,2
yoruba_1_00252,Kakwenza Rukirabashaija: Òǹkọ̀wé tó dèrò àtìmọ́lé nítorí ó bú Ààrẹ lórí Twitter gba ìtúsílẹ̀,0,0,0,0,0,2
yoruba_1_00253,"Tinubu presidency and olubadan visit: Ìyàwó Olubadan tuntun pariwo síta, Òni ọkọ ohun kò gbọ́wọ́ le Tinubu fún ipò ààrẹ lọ́dun 2023",0,0,0,0,0,0
yoruba_1_00254,Police: Aago méjìlá òru ní afurasí náà bẹ́ sí ọ̀sà àmọ́ kò kú,0,0,2,0,0,1
yoruba_1_00255,Insecurity in Nigeria: Soyinka ní Buhari kò le jókòó síle ìjọba láti dojú Boko Haram bolẹ̀,2,0,0,0,0,0
yoruba_1_00256,Gbogbo eͅnu la fi sóͅ pé a wà léͅyìn Peter Obi fún ààreͅ lóͅdún 2023 – Aféͅniféͅre,0,0,0,0,0,2
yoruba_1_00257,Easter Celebration: Olórí Celestial lágbàyéé ní kò yẹ kí Krìstíẹ́nì fi ọwọ́ yẹpẹrẹ mú ọdún àjíǹde,0,0,0,0,0,0
yoruba_1_00258,Gómìnà Zamfara ní kò sí ìdáríjí fún àwọn jàndùkú mọ́ ní ìpínlẹ̀ òun,2,0,0,0,0,0
yoruba_1_00259,"À﻿rá sán lù ojú òpó ìgbéra ní pápákọ̀ òfúrúfú, kò sí bàálù tó lé gbéra",0,1,0,0,2,0
yoruba_1_00260,"Bí ìjọba bá tẹ̀síwájú láti máa yan ọba, ìlú kò lè tòrò láíláí - Àwọn oníṣẹ̀se",1,0,0,0,0,0
yoruba_1_00261,Imo state: Àwọn ọlọ́pàá nawọ́ gán afurasí tó ń pèsè àdó olóró fún IPOB,0,0,0,0,0,2
yoruba_1_00262,"Mother with six set of twins: Ọkọ sá fún mi, ẹbí kọ̀ mí nítórí pé mo bí ìbejì lẹ́ẹ̀mẹfà",0,3,0,0,0,0
yoruba_1_00263,Fuel scarcity: SERAP kọ̀wé sí Buhari pé kó tan iná wádìí gbogbo owó tí wọ́n ti ná lórí ibùdó ìfọpo ní Nàìjíríà,0,0,0,0,0,0
yoruba_1_00264,Ondo Blocks price hike: Búlọ́kù N200 to di N400 ní ìpínlẹ̀ Ondo fẹ́ mú kí ìjọba àtàwọn olówò búlọ́kù tutọ́ sójú ara wọn,0,2,0,0,0,0
yoruba_1_00265,Seyi Makinde: Inú mi dùn láti rí àwọn ìjòyè lẹ́yìn Olúbàdàn,0,0,0,0,0,3
yoruba_1_00266,"Air Peace: 'Rárá o, kó bá 'má jẹ́ Onyema, èyí àtàwọn ọ̀rọ̀ míì tó ń yọjú",0,0,0,0,0,0
yoruba_1_00267,Baba Suwe: Aya àkọ́fẹ́ olóògbé ṣàlàyé bí àkókó ìkẹyìn ọkọ́ rẹ̀ ṣe rí,0,2,0,0,0,0
yoruba_1_00268,"Ta ni ọmọ ẹ̀lẹ̀ yìí, Olorì Tobi Phillips tó ṣẹ̀ṣẹ̀ wọ ààfin Ooni Ife?",0,0,0,0,0,0
yoruba_1_00269,Sexual abuse: Ọkùnrin méjì dèrò àtìmọ́lé lẹ́yìn tí wọ́n fipá bá ọmọ alábágbé wọn tó jẹ́ ẹni ọdún 16 lòpọ̀,0,2,0,1,0,0
yoruba_1_00270,Allen Onyema: Iro ni ile Amerika pa mo mi lori esun jibiti,0,2,0,0,0,0
yoruba_1_00271,Nimota Akanbi: Ọlọ́pàá tó gbé oúnjẹ tẹ̀lé ènìyàn nínú fọ́nrán tó gba ìgboro yóò fojú winá òfin,2,0,0,0,0,0
yoruba_1_00272,Nigeria Army: Bàbá Adamu tó jẹ́ ọmọ ogun Nàìjíríà tó dàgbà jùlọ jáláìsí,0,3,0,0,0,0
yoruba_1_00273,"Olapade Agoro: Olùdíje dùpo aàrẹ Nàìjíríà rí, Owatapa ti Itapa Ijesha, Wolii Olapade Agoro jáde láyé",0,2,0,0,0,0
yoruba_1_00274,Fuel price hike: Wo iye ìgbà tí ẹgbẹ́ òṣìṣẹ́ àtàwọn ọmọ Nàìjíríà ti ṣèwọ́de lórí àfikún owó epo bẹntírò,0,0,1,0,0,0
yoruba_1_00275,"LASTMA, Alleged impersonation: Àjọ LASTMA ní ó ṣòro púpọ̀ láti mọ ayédèrú òṣìṣẹ́ àjọ náà l'Eko",0,0,0,0,0,0
yoruba_1_00276,"Afenifere: Ẹ tu Sunday Igboho sílẹ̀ ní àhámọ́, kìí ṣe ọ̀daràn",2,0,0,0,0,0
yoruba_1_00277,Muslim prayers: Wàhálà n rúgbó bọ̀ ní ìlú kan ní India nítorí bí àwọn Musulumi ṣe n kírun,0,0,0,0,0,0
yoruba_1_00278,Kaduna strike : NLC fòpin sí ìyanṣẹ́lódì Ọlọ́jọ́ mẹ́rin ní Kaduna,0,0,0,0,0,0
yoruba_1_00279,Baba Suwe: Fún ojú lóúnjẹ nípa àwọn gbajúmọ̀ òṣèré tó yọjú síbi ìsìnkú Baba Suwe,0,0,2,0,0,0
yoruba_1_00280,"Super Eagles: Sunday Dare, mínísítà eré ìdarayá ní kò dájú pé Gernot Rohr kún ojú ìwọ̀n àti ṣàkóso Super Eagles",0,0,0,0,0,0
yoruba_1_00281,Canada ń ṣọ̀fọ̀ lẹ́yìn tí wọ́n rí òkú akẹ́kọ̀ọ́ 215 nílé ẹ̀kọ́ kan,0,3,0,0,0,0
yoruba_1_00282,Oyo prison break: Ìbúgbàmù ọ̀hún kò mú ẹ̀mí ẹnikẹ́ni lọ,0,0,0,0,0,3
yoruba_1_00283,"EndSARS Protest: Àwọn olùwọ́de ní ''májèlè ni oúnjẹ tí MC Oluomo gbé wá fún wa, a ò jẹ''",0,0,0,0,2,0
yoruba_1_00284,Bamise BRT bus Court case: Ohun tó ń ṣẹlẹ̀ nílé ẹjọ́ tí dẹ́rẹ́bà ọkọ̀ BRT tí Bamise wọ ti jẹ́jọ́ rèé,0,0,2,0,0,0
yoruba_1_00285,2023 Presidential Election: Wo Ìyá ẹni ọdún 102 tó fẹ́ díje du ipò Ààrẹ Naijiria lọ́dún tó ń bọ̀,0,0,3,0,0,0
yoruba_1_00286,"Timothy Adegoke: Ramon Adedoyin t'ọ́lọ́pàá mú nítorí ikú Timothy Adegoke gba ilé ẹjọ́ lọ, Ó ní ara òun kò yá",0,0,2,0,0,0
yoruba_1_00287,Ọ̀pọ̀ dẹ́yẹ sí ni mo ti ri nítori mó ni ààrún ori pípa- Liliya Kukushkina,0,2,0,0,0,0
yoruba_1_00288,Rotten Tomatoes: Ìdí tí Tòmátò ẹ̀sà kò ṣe dára fún ìlera yín; wo àwọn kókó márùn-ún yìí,0,0,0,0,0,0
yoruba_1_00289,"Fake Lawyer: ₦300,000 ló gbà lọ́wọ́ obìnrin kan, tó sì fẹsẹ̀ fẹ",0,1,2,0,0,0
yoruba_1_00290,Àrá sán pa ọ̀dọ́kùnrin mẹ́rin tó ń gbá bọ́ọ̀lù nínú òjò l'Ondo,0,3,2,0,0,0
yoruba_1_00291,"""Mo ti ń làágùn gidi báyìí lórí ọ̀wọ́ngógó """"diesel"""" tó bá Nàìjíríà - Obasanjo""",0,2,0,0,0,0
yoruba_1_00292,Ọ̀pọ̀ àṣeyọrí Funke Akindele ló ń já Tinubu láyà tó fi ń sọ̀rọ̀ ìwọ̀sí nípa rẹ̀ – Jandor,0,0,0,0,0,0
yoruba_1_00293,Ọwọ́ ọlapàá tẹ obìnrin tó jí ẹ̀ṣọ́ ara okù,0,0,2,0,0,0
yoruba_1_00294,"Ilé wó lu Bisi, ọmọ ẹ̀yìn rẹ̀ kú, wọ́n gé ẹsẹ̀ rẹ̀ tó ń jẹrà, inú ìrora ló wà ṣùgbọ́n Dókítà tún ń sọ pé...",0,3,0,0,0,0
yoruba_1_00295,MC Oluomo NURTW: Ìjọba ìpínlẹ̀ Eko yan MC Oluomo gẹ́gẹ́ bí alága ìgbìmọ̀ adarí ẹgbẹ́ awakọ̀ Èkó,0,0,0,0,0,0
yoruba_1_00296,Ṣọ́ọ̀bù alájà mẹ́ta tó wọ́ mú ẹ̀mí ènìyàn méjì lọ ní Abuja,0,3,0,0,0,0
yoruba_1_00297,Ayinla Kollington: Ìyàwó mí títí láéláé ni Salawa Abẹni,0,0,0,0,0,0
yoruba_1_00298,Ortom: Àwọn Fulani tó fẹ́ gbẹ̀mí mi ní àwọn ló ni gbogbo Nàíjíríà,0,0,1,0,0,0
yoruba_1_00299,EURO 2020: Ẹgbẹ́ agbábọ́ọ̀lù England gbàgbọ́ pé àwọn lè gba ife ẹ̀yẹ EURO,0,0,0,0,0,0
yoruba_1_00300,"Nigeria-China Loan: Afenifere korò ojú sí ìjọba Buhari, bó ṣe ń yáwó kiri",2,0,0,0,0,0
yoruba_1_00301,Tírélà ti gba àárín èmi àti Ooni Ogunwusi rí àmọ́ ohun tó ṣẹlẹ̀ rèé -  Olori Tobi Phillips,0,1,0,0,0,0
yoruba_1_00302,Atiku àti Davido sọ̀rọ̀ sókè nípa bí ìjọba Buhari ṣé ti àkáúntì ''cryptocurrency'' pa,1,0,0,0,0,0
yoruba_1_00303,"Ademuyiwa Wikipedia: Wọ́n fi ìgò lé mi, mo sì ń bá ìwọ̀sí pàdé lórí ìwé títà lójú pópó",0,2,0,0,0,0
yoruba_1_00304,"""""""Ọkọ mi kò ráyè wọ ojú ara mi láti já ìbálé lẹ́yìn oṣù kan ta ṣe ìgbéyàwó""""""",0,2,2,0,0,0
yoruba_1_00305,Stephenie Rodriguez yóò padà wá sí Naijiria lẹ́yìn tó pàdánù ẹsẹ̀ rẹ̀ méjèjì lọ́wọ́ àìsàn ibà,0,3,0,0,0,0
yoruba_1_00306,Ondo state Amotekun: Léyìn tí ìwọ́de EndSARS parí tán ni ìwà ọ̀daràn búrẹ́kẹ ní Naijiria,0,2,0,0,0,0
yoruba_1_00307,Motilola Adekunle: Èmi àti ọkọ́ mi ti gbà láti yàgò fún ara wa,0,2,0,0,0,0
yoruba_1_00308,Baba Ijesha rape case: Ilé ẹjọ́ ti sún ìgbẹ́jọ́ sí ọjọ́ Kejìlá oṣù yìí,0,0,0,0,0,0
yoruba_1_00309,"Lagos cemetery: Ìjì tó hú igi ńlá ní ìtẹ́ òkú l'Eko ba ibojì òkú 50 jẹ́, àwọn ẹbí sáré dìgbà dìgbà",0,2,2,0,0,0
yoruba_1_00310,Seyi Makinde: Ìfẹ́ Ọlọ́run ni mo fẹ́ kò ṣẹ lórí ayé mi lórí ìbò 2023,0,0,0,0,0,0
yoruba_1_00311,Ààrẹ Túnisia kú sẹyin odi lẹ́ni ọdun mẹtalélọ́gọ́rin,0,2,0,0,0,0
yoruba_1_00312,Roheem Bamimore: Ìlú Saki gbóná fún ìwọ́de nígbà tí wọn rí òkú ọmọ ọdún mẹ́jọ tí wọn jí gbé,2,2,0,0,0,0
yoruba_1_00313,'Ikú yá ju ẹ̀sín lọ ni mo ṣe dáná sun ara mi',0,3,0,0,0,0
yoruba_1_00314,"R﻿ussia ṣe ìkọlù ìdájí sí Ukraine, ó tún fóńtẹ̀ lu agbègbè mẹ́rin tó fipá gbà",0,2,0,0,0,0
yoruba_1_00315,"OPC: Àwọn àgbà ilẹ̀ Yoruba ní OPC àti Boko Haram kò jọra, kí wọn má fi ewúrẹ́ wé ẹkùn",2,0,0,0,0,0
yoruba_1_00316,Aisha Buhari: Ẹ wo ohun tó mú u yàtọ̀ sí àwọn ìyàwo ààrẹ tó ti kọjá,0,0,1,0,0,0
yoruba_1_00317,I﻿léeṣẹ́ ọlọ́pàá pín aṣọ tuntun fún àwọn òṣìṣé,0,0,0,0,0,1
yoruba_1_00318,"How well Sign Board: Ògidì ọmọ Yorùbá, ẹ súnmọ́ ibi kí ẹ wá dán ara wò..",0,0,0,0,0,0
yoruba_1_00319,Agbẹjọ́rò AGF Ahmed n bèèrè fún béélì rẹ̀ ṣùgbọ́n EFCC fárígá ni Adájọ́ bá sọ ìdàhún rẹ̀ di òní,0,1,0,0,0,0
yoruba_1_00320,"""""""Ìbọn ṣọ́jà ló kán mi lẹ́sẹ̀ lásìkò ìwọ́de EndSARS""""""",0,3,0,0,0,0
yoruba_1_00321,Olubadan stool: Rashidi Ladoja ní àṣà ilẹ̀ Ibadan kò nó dàrú lórí òun,0,0,0,0,0,0
yoruba_1_00322,Abakaliki hotel suspected gang rape: Ìwádìí bẹ̀rẹ̀ láti mọ àwọn tó fipá bá Ulochi sùn tó fi kú ní Abakaliki,0,0,0,0,0,0
yoruba_1_00323,SoundSultan is dead: Àwọn olórin ti ń ṣèdárò Olanrewaju Fasasi tó dágbére fáyé,0,3,0,0,0,0
yoruba_1_00324,"Ọwọ́ tẹ olóyún, ìyálọ́mọ àtàwọn afurasí míì tó gbé òògùn olóró",0,0,2,0,0,0
yoruba_1_00325,Kidnapping in Nigeria: Arìnrìnàjò kan ṣàlàyé bí orí ṣe ko yọ lọ́wọ́ ajínigbé,0,0,0,0,0,2
yoruba_1_00326,"Ọmọ ọdún mẹ́rin tó wa ọkọ̀ ìyá rẹ̀, kọlu ọkọ̀ méjì míì",0,0,0,0,0,0
yoruba_1_00327,DR Congo Ebola: Òṣìṣẹ́ ìlera méje kú torí ibínú àwọn èèyàn nípa Ebola,0,3,0,0,0,0
yoruba_1_00328,Chrisland School girl Video: Ẹ̀kọ́ tí a rí kọ́ rèé lórí ìṣẹ̀lẹ̀ ìbálòpọ̀ láàárín àwọn akẹ́kọ̀ọ́,0,0,0,0,0,0
yoruba_1_00329,Covid- 19 Vaccine: Ẹ wo àwọn adarí ìjọ ní Naijiria tó tako abẹ́rẹ́ àjẹ́sára Covid-19 àti àwọn tó faramọ,0,0,2,0,0,0
yoruba_1_00330,Wuhan Coronavirus: Mi ò fẹ́ gbé àrùn Coronavirus padà wá sí Áfíríkà,0,0,0,0,1,0
yoruba_1_00331,"Covid-19 Vaccine: Obìnrin kán sọ ìdí tí kò fi gba àjẹ́rẹ́ àjẹsára, tó sì pàdánù ìṣẹ́ rẹ̀",0,1,1,0,0,0
yoruba_1_00332,Àwọn eèyàn PDP àti APC ti ba ǹkan jẹ́ púpọ̀ ni mo ṣe kúrò níbẹ̀- Rabiu Kwankwaso,0,2,0,2,0,0
yoruba_1_00333,FG Covid Palliatives: Àjọ SERAP ń wá ìdájọ́ tó tọ́ lórí rògbòdìyàn jíjí ǹkan ìrànwọ́ Covid-19,0,0,0,0,0,0
yoruba_1_00334,Àwọn olówó Naijiria 5 tí owó wọn ju owó ìsúnná Naijiria lọ!,0,0,2,0,0,0
yoruba_1_00335,When can I get the Covid vaccine: Ó ṣeéṣe kí ìjọba Naijiria dáwọ́ gbígbà abẹrẹ Covid-19 dúró kí abala kejì tó dé,0,0,0,0,0,0
yoruba_1_00336,Dibu Ojerinde Corruption Case: Amúgbálẹ́gbẹ̀ẹ́ ní òun kò fi orúkọ àwọn iléeṣẹ́ náà sílẹ̀ láti ba ọ̀gá òun ní orúkọ jẹ́,0,0,0,0,0,0
yoruba_1_00337,"Happy Independence day nigeria 2021: Bí a ṣe fòfin mú Sunday Igboho, Nnamdi Kanu ti tú àṣírí àwọn tó ń ṣagbátẹrù wọn",0,0,1,0,0,0
yoruba_1_00338,Wo àwọn tí ayé ń wò pé ó le gba ipò igbákejì Atiku nínú PDP,0,0,2,0,0,0
yoruba_1_00339,Ogun Police: Ọwọ́ ọlọ́pàá tẹ àwọn ajínigbé ní bi tí wọ́n ti ń gba owó,0,0,0,0,0,2
yoruba_1_00340,"Hausa, yoruba clash in Ogun: Bóyá Bàálẹ̀ tí wọ́n ní wọ́n dáná sun ló ṣá ìṣáná fúnrarẹ̀ lẹ́gbẹ̀ẹ́ 'jẹnẹrétọ̀'",0,0,0,0,0,0
yoruba_1_00341,Ǹ kò wó 'Social media' mọ nítorí èébú tí wọ́n ń bù mí tí pọ̀jù- Tinubu,0,1,0,0,0,0
yoruba_1_00342,National grid collapse: Ìtàkùn àpapọ̀ iná mọ̀nàmọ́ná 'National grid'ní Nàìjíríà tún ti paná pi,0,2,0,0,0,0
yoruba_1_00343,Ilorin accident: Èèyàn mẹ́sàn án jóná kọjá mímọ̀ nínú ìjàmbá ọkọ̀ nílùú Ilorin,0,3,0,0,0,0
yoruba_1_00344,Olusegun Obasanjo: Màá fi ìyókù ayé mi sin Ọlọ́run áti ènìyàn,0,0,0,0,0,0
yoruba_1_00345,Ó ń rúgbó bọ̀! Ẹ wo ohun tí ẹgbẹ́ ASUU dá lárà níbi ìwọ̀dé Fásitì Ibadan àti ohun tí wọ́n sọ fún ìjọba,0,0,2,0,0,0
yoruba_1_00346,"ALGON Oyo: Aleshinloye ní ìdájọ́ ilé ẹjọ́ tó ga jùlọ làwọn ń tẹ̀lé, kò sì yẹ kó fa ìjà",0,0,0,0,0,0
yoruba_1_00347,Buhari: Baba 'Go slo' ní ìṣèjọba alágbádá ti ń falẹ̀ jù fún ipinnu òun gbogbo,0,1,0,0,0,0
yoruba_1_00348,Ikoyi Collapse Building: Ọ̀pọ́ ẹ̀bí àwọn tó sì wà ní abẹ́ ilé tó wó ló ti ń fẹ̀hónúhàn pé iṣẹ́ náà ń falẹ̀ jù,0,2,0,0,0,0
yoruba_1_00349,"NYSC: O lé wọ sòkòtò tó tobi, sùgbọn kò si àyè fún yẹ̀rì",0,0,0,0,0,0
yoruba_1_00350,Ojisẹ Ọlọ́run fún osere tíátà ni ₦8m láti ṣiṣẹ abẹ,0,0,2,0,0,2
yoruba_1_00351,"Irọ́ lo pa! Ariwo Yorùbá Nation rẹ̀, ọgbọ́n àti dá ọmọ Yorùbá sínú láàsìgbò ni - Tinubu fún Akintoye lésì",2,0,0,0,0,0
yoruba_1_00352,Ẹni ọdún 27 tó ṣá bàbá rẹ̀ pa l'Ogun dèrò àtìmalé,0,2,0,0,0,0
yoruba_1_00353,"""Abdulmajeed Abdulsalam: Wọ́n ti bá mi nu Kẹ́míkà tí ẹnikejì táa jọ ń """"paint"""" pákó mi dà sí mi lójú àmọ́...""",0,0,0,0,0,0
yoruba_1_00354,"Ikoyi Collapse Building: Ọ̀rẹ̀ Pásítọ̀ ní oúnjẹ́ ló ń jẹ lọ́wọ́, tí wọn fi pè é kó wá sábẹ́ ilé, kò tó ìṣẹ́jú mẹ́wàá tí ilé fi wó",0,0,0,0,0,0
yoruba_1_00355,Shiite: Àwa kọ́ la yìnbọn pa ọ̀gá ọlọ́pàá àti akọ̀ròyìn,0,0,0,0,0,0
yoruba_1_00356,Ondo Deeper life cleaner killed: Wọ́n gé gògòńgò ìyá wa lọ lẹ́yìn tí wọ́n pa a- Omo Iya deeper Life,0,3,0,0,0,0
yoruba_1_00357,Nigeria insecurity: David Jemibewon faraya lórí báwọn jàǹdùkú ṣe ń borí ọmọogun Nàíjíríà,2,0,0,0,0,0
yoruba_1_00358,"Abiola Ajimobi one year memorial: Yemi Osinbajo, Aregbesola, Ganduje péjú síbi ìrántí ọdún kan Ajimobi, wọ́n ní àwọn ń sàárò ọgbọ́n ìṣèjọba àti òṣèlú rẹ̀",0,2,0,0,0,0
yoruba_1_00359,Ondo kidnap: Àwọn jàndùkú agbébọn jí èrò ọkọ̀ 18 tó ń lọ sí ìlú Eko láti Ondo lọ,0,2,0,0,0,0
yoruba_1_00360,"Buhari, ìhàlẹ̀ lásán ni ìdúnkòkò rẹ̀, a kò padà sí kíláàsì – ASUU yarí",3,0,0,0,0,0
yoruba_1_00361,Ikoyi house collapse: Bíríkìlà t'órí kó yọ ní òun rò pé òun máa kú ni lẹ́yìn tí ó wà lábẹ́ ògiri àlàpà fún ọjọ́ kan,0,0,2,0,0,2
yoruba_1_00362,"National Prayer: Àjọ́ CAN pàṣẹ ètò àdúrà ọlọ́jọ́ mẹ́tà fún Naijiria , ẹ wo kókó àdúrá...",0,0,1,0,0,0
yoruba_1_00363,Xenophobia: South Africa gbọ́dọ̀ dá owó ìtanràn padà kí wọ́n si fìyà jẹ àwọn ti ọ̀rọ̀ kàn -Sen Basiru,2,0,0,0,0,0
yoruba_1_00364,"Mọ̀lẹ́bi mẹ́rin fi ẹ̀gẹ́ tí wọn fi ṣe Fùfú kù, ro láfún jẹ, ikú bá dé",0,2,2,0,0,0
yoruba_1_00365,Baba Ijesha Rape Case: Yomi Fabiyi ní òun nìkàn lòun rí ara òun tó dúró tí Baba Ijesha,0,3,0,0,0,0
yoruba_1_00366,"Covid-19 Delta variant Update: Ẹ̀dà Delta Variant COVID-19 ń gbèrú síi ní Nàìjíríà, ìjọba àpapọ̀ ra abẹ́rẹ́ àjẹsára 176,000",0,1,0,0,1,0
yoruba_1_00367,"Mothers day: Lẹ́yìn Olorun, Ìyá mi ló kù- Papa Ajasco, Abiodun Ayeyinka",0,0,0,0,0,0
yoruba_1_00368,Sokoto Canoe Mishap: Baálẹ̀ abúlé pàdánù ọmọ 5 sínú ìjàmbá ọkọ̀ oju omi tó mú ẹ̀mí 28 lọ,0,3,0,0,0,0
yoruba_1_00369,ASUU: NASU gùnlé ìwọ́de torí ẹ̀ṣùn pé owó tí ìjọba àpapọ̀ pín fún ASUU pọ̀jù,0,0,0,0,0,0
yoruba_1_00370,"""""""Àna mi, ọmọ rẹ̀ méjì ló kú pẹ̀lú ọkọ́ ìyàwó tuntun àtàwọn ọ̀rẹ́ rẹ̀ lọ́jọ́ kejì ìgbéyàwó""""""",0,2,0,0,0,0
yoruba_1_00371,"N kò fi Peter Obi ṣe ààyò olùdíje ààrẹ, máà kéde èròǹgbà mi fún Nàíjíríà láìpẹ́ – Obasanjo",0,0,0,0,0,0
yoruba_1_00372,Oba Lamidi Adeyemi: Aláàfin àkọ́kọ́ tí yóò lo ọdún méjìlélàádọ́ta lórí ìtẹ́,0,0,2,0,0,0
yoruba_1_00373,"Ìwọ́ to ń gbé ìròyìn irọ́ pé mó ń ní ìbálòpọ̀ pẹ̀l'áwọn Òṣèré, wàá parẹ́ dànù! – Apostle Suleman",2,0,0,0,0,0
yoruba_1_00374,Risikat Ilorin blue eyes woman: Inú èmí àti Òbí mi dùn nígbà ti Risi bí ọmọ olójú búlù àmọ́ ... - Wasiu,0,0,0,0,0,1
yoruba_1_00375,Oluwo Divorce: Olúwòó ilú Iwo: Èèwọ! Ọba aláde o gbọdọ kọ aya rẹ̀ sílẹ̀,2,0,0,0,0,0
yoruba_1_00376,Unilorin Student Beats Lecturer: Iléẹ̀kọ́ fásitì Ilorin tí jáwé máa lọ sílé rẹ fún akẹ́kòó tó dá sẹ̀ríà fún lẹ́kíṣọ́rà rẹ̀,0,0,0,0,0,0
yoruba_1_00377,Ọjà Enugu dahoro tórí ókú ọ̀pọ̀ ẹyẹ igún tó balẹ̀,0,0,2,0,0,0
yoruba_1_00378,"Corruption in Nigeria: Ojíṣẹ Ọlọ́run kan ní báwọn òbí ṣe ń jí owó ìlú kò, ní wọ́n ń fi lé ọmọ lọ́wọ́",0,2,0,0,0,0
yoruba_1_00379,Tí ìgbẹ́ tóò ń yà bá rí báyìí? Àìsàn jẹjẹrẹ ikùn ló dé o! Wo bí wàá ṣe dàa mọ̀,0,0,0,0,1,0
yoruba_1_00380,Ṣé àwọn ikọ̀ aláàbò tí ìjọba ìpínlẹ̀ dá sílẹ̀̀ lè tán ìṣòro ìpèníjà aàbò tí Nàìjíríà ń kojú?,0,2,0,0,0,0
yoruba_1_00381,"Yaba building collapse: Ilé alájà mẹ́ta dàwó ní Yaba nílùú Eko, àwọn èèyàn há sábẹ́ ilé náà",0,3,0,0,0,0
yoruba_1_00382,Catholics in Nigeria: Father Mbaka ní kò sí wàhálà láàrín òun àti ìjọ Kátólìkì,0,0,0,0,0,0
yoruba_1_00383,APC Oyo: Àkọsílẹ̀ rere wà pé Ajimobi ni gómìnà tó dáńtọ́ jùlọ ní Ọyọ,0,0,0,0,0,2
yoruba_1_00384,"Baba Ijesha: Lẹ́yìn tí a gbọ́ àwíjàre lẹ́nu Dele Matti tó jẹ́ olùdarí eré Ọkọ Iyabọ àti Yomi Fabiyi, a ríi pé wọ́n jẹ̀bi- TAMPAN",0,1,0,0,0,0
yoruba_1_00385,"Samo Baba: Eléréepá ní mi láti kékere, ẹjọ́ sí pọ̀",0,0,0,0,0,2
yoruba_1_00386,Afolashade Oluweri: Òṣèré tíátà tó ṣe eré Olúwẹri Màgbóòjò ti jẹ́ Ọlọrun nípè,0,3,0,0,0,0
yoruba_1_00387,Davido: Kí ló fa ariwo lórí ìdọ́rẹ́ òun àti Chioma aya rẹ̀ lójú òpó Instagram?,0,0,0,0,0,0
yoruba_1_00388,Nigeria debt with China: ÌJọba Naijiria ti yá $2b lọ́wọ́ China láàrín ọdún mẹ́fà,0,0,2,0,0,0
yoruba_1_00389,Ogun Cholera: Ọdọọdún ni àrùn onígbá-méjì máa n ṣọṣẹ́ ní Nàìjíríà -NCDC,0,0,0,0,1,0
yoruba_1_00390,Arise TV yóò san owó ìtanràn lórí ìròyìn ẹlẹ́jẹ̀ tí wọ́n gbé nípa Tinubu – NBC,2,0,0,0,0,0
yoruba_1_00391,Teenagers arrested in Ogun for rituals: Ilé ẹjọ́ ju ọmọkùnrin mẹ́rin tó fi olólùfẹ́ ọ̀kan lára wọn ṣe òògùn owó sí ẹ̀wọ̀n,0,2,0,0,0,0
yoruba_1_00392,Baba Ijesha Rape case: Iyabo Ojo ní ìdúnú òun ni kí ọmọdé náà rí ẹ̀tọ́ rẹ̀ gbà,0,0,0,0,0,0
yoruba_1_00393,Jihadist attack in Mali: Àwọn alákatakíti pa ọmọ-ogun Mali lẹ́yìn ọjọ́ díẹ̀ ti France kéde kíkó ọmọogun rẹ̀ kúrò níbẹ̀,0,2,0,0,0,0
yoruba_1_00394,Promise Akinlade: ọmọ ọdún mọ́kànlá tó ń fi ìlù dárà bíi àgbàlagbà sọ̀rọ̀ nípa tálẹ́ǹtì rẹ̀,0,0,2,0,0,0
yoruba_1_00395,Pa Olabode Olajide: Dẹ́rẹ́bà Awolowo ti jáde láyé l'ẹni ọdún 89,0,2,0,0,0,0
yoruba_1_00396,Amotekun: Akeredolu àti PDP tahùn síra wọn lórì owó oṣù òṣìṣẹ́ l'Ondo,0,0,0,0,0,0
yoruba_1_00397,Airbus A380: Ṣé o ti gbọ́ nípa bàálù tó n fi òróró ìsebẹ̀ fò? Mọ̀ nípa rẹ̀ níbí,0,0,3,0,0,0
yoruba_1_00398,"Disability: Kò sẹ́ni tó kọ́ mi bí wọ́n ṣe ń fi ọwọ́ sọ̀rọ̀, ìmísí yẹn kàn wá ni - Tola",0,0,2,0,0,0
yoruba_1_00399,"Lagos: Àwọn olùgbé Kosofẹ́ figbe ta pé iná, bátírì, dígí, àti ẹ́ńjínì ọkọ̀ láwọn olè ń jí gbé lóru",0,2,0,0,1,0
yoruba_1_00400,Adio Atawẹwẹ: Orin Fuji ló gba iwé kíkà lọ́wọ́ mi,0,0,0,0,0,0
yoruba_1_00401,Ondo: Àwọn afurasí mẹ́rin ti wà ní àhámọ́ lórí ikú ọkùnrin kan ní Igbokoda - Iléeṣẹ́ ọlọ́pàá ìpínlẹ̀ Ondo,0,0,0,0,0,0
yoruba_1_00402,"Yoruba Nation: Ẹ̀yin òṣìṣẹ́ ìjọba, ìyà ń bọ̀ fúń yín bí Nàìjíríà bá túká pẹ́rẹ́ - Oluwo",0,0,0,0,3,0
yoruba_1_00403,"Lassa Fever, Corona Virus: Ṣé lílo ìbòjú tàbí ìbòmú lèé dènà kíkó àjàkálẹ̀ àrùn?",0,0,0,0,0,0
yoruba_1_00404,"Alaafin: Àwọn ẹlẹ́yinjú àánú ń kówó jọ fún olorì Alaafin Oyo, Damilola láti fi gba ilé",0,0,0,0,0,0
yoruba_1_00405,Olorì Aláàfin kan kú lẹ́yìn oṣù kejì tí Ọba Adeyemi wàjà,0,2,0,0,0,0
yoruba_1_00406,Coronavirus: Àjọ WHO ní àìsàn pàjáwìrì gbogbo àgbaye ló dé yìí,0,0,0,0,3,0
yoruba_1_00407,"""""""Tẹ́ẹ bá mọ Adebutu dáadáa, ó máa ń ṣe èèyàn bí ẹni tí kò jẹ́ pàtàkì""""; """"Irọ́ ńlá lẹ pa"""" - Igun Adebutu àti Jimi Lawal""",2,0,0,0,0,0
yoruba_1_00408,Ogun Tanker explosion: Òhun táa mọ̀ nípa ìbúgbàmù ọkọ̀ aképo ní Lafenwa l'Òwúrọ̀ ọjọ́ Àìkú réè,0,0,0,0,0,0
yoruba_1_00409,Ogun state landgrabbers:Àwọn ajagungbalẹ̀ gba ilẹ̀ tó yẹ fún kíkọ́ iléèwé girama ní ìpínlẹ̀ Ogun,0,0,2,0,0,0
yoruba_1_00410,Queen Elizabeth II: Wo bí àwọn ìlànà ìsìnkú Ọbabìnrin yóò ṣe wáyé lónìí,0,0,0,0,0,0
yoruba_1_00411,"Ẹ parapọ, ka jọ gbe Osun larugẹ",0,0,0,0,0,2
yoruba_1_00412,Kogi alleged rape: Agbẹjọ́rò fún arábìnrin tó fẹ̀sùn ìfipábánilòpọ̀ kan kọmíṣọ́nà Kogi ní ó ṣeéṣe kí ìyípadà rẹ̀ lórí ẹ̀sùn náà ó lọ́wọ́ àwọn alágbára nínú,0,0,0,0,0,0
yoruba_1_00413,Bank Fraud: Ọ̀gá báńkì rí ẹ̀wọ̀n ọdún 18 he lórí jìbìtì N219m owó oníbàárà,0,1,0,0,0,0
yoruba_1_00414,Dino Melaye: Ilé iṣẹ́ ọlọ́pàá yóò ṣèwádìí fídíò tí Dino ti ń náwó fún olórin kan,0,0,0,0,0,0
yoruba_1_00415,Christmas greetings: Kò sí ọdún tí ọjà ré tà tó ti Kérésì ọlọ́dọọdún- Alhaja Shakirat,0,0,0,0,0,2
yoruba_1_00416,Wo àwọn gómìnà tó tí jẹ ní ìpínlẹ̀ Osun,0,0,0,0,0,0
yoruba_1_00417,"Ọwọ́ ọlọ́pàá tẹ Páṣítọ̀ tó lu ìyàwó rẹ̀ pa, tó tún sin òkú rẹ̀ sílé wọn",0,2,0,0,0,0
yoruba_1_00418,"Ológun dòòlà àwọn arìnrìn àjò tó bọ́ sọ́wọ́ ajínigbé, wọ́n pa gbajúmọ̀ àjínigbé mẹ́ta",0,0,0,0,0,1
yoruba_1_00419,Number Plate: Ìlànà FRSC rèé láti gba nọ́mbà àdáni fún ọkọ̀ rẹ,0,0,0,0,0,0
yoruba_1_00420,Bí wọ́n ṣe ṣàwárí òkú ọmọ ipínlẹ̀ Anambra kan nílé ìtura Bauchi rèé,0,0,2,0,0,0
yoruba_1_00421,Seyi Makinde: Àwọn obìrin tó dé láti Lebanon sọ ọmọ wọn tuntun jòjòló ní Seyi Makinde,0,0,2,0,0,0
yoruba_1_00422,Anthony Joshua vs Pulev: Anthony Joshua rọ̀jò ẹ̀ṣẹ́ lu Pulev,0,0,2,0,0,1
yoruba_1_00423,"Osusan Oluwatobi tricycle accident: 'Ìgbà tí mo máa fi lajú sáyé padà, ọ̀fọ̀ ikú mi ní wọ́n ń kígbe'",0,0,2,0,0,0
yoruba_1_00424,"Cameroon Atrocity, BBC Africa Eye: Ẹwọ́n ọdún méjìlá ni wọ́n fún àwọn sója mẹ́rin tó pa ìyá àti ọmọ méjì ní Cameroon",0,2,2,0,0,0
yoruba_1_00425,Ṣé lóòtọ́ ni ọwọ́ tẹ awakọ̀ òfúrufú ọmọ ilẹ̀ France tó ń ta ohun ìjà fáwọn jàndùkú ní Naijiria?,0,0,2,0,0,0
yoruba_1_00426,Ohun tí ó yé kóò kọ́ nípa ìròyìn òfégè ṣáájú ìdìbò 2023,0,0,0,0,0,0
yoruba_1_00427,"Bobrisky: Ẹ má ṣe ìdájọ́ mi, mo ṣún mọ́ Ọ́lọ́run, máà sì lọ sí Mecca láìpẹ́",1,0,0,0,0,0
yoruba_1_00428,Bamise Ayanwole missing lady in Lagos BRT: Awakọ̀ BRT jẹ́wọ̀ ohun tó ṣẹlẹ̀ tí Bamise fi di òkú lẹ́yìn tó wọ ọkọ̀ rẹ̀,0,3,0,0,0,0
yoruba_1_00429,Babatunde Adejumo: Ọdún méje ní mi fi sá kúrò nídìí iṣẹ́ aṣerunlọ́sọ̀ọ́ àmọ́ mo padà,0,0,0,0,0,0
yoruba_1_00430,"PDP àti APC pín ìjọba ìbílẹ̀ mọ́ ara wọn lọ́wọ́ níbi ètò ìdìbó Abuja, èrò àwọn ọmọ Nàìjíríà ṣọ̀tọ̀ọ̀tọ̀",0,0,0,0,0,0
yoruba_1_00431,Premier League: Southampton dáná sun Stamford Bridge pẹ̀lú àmì ayò 2-0,0,0,0,0,0,0
yoruba_1_00432,Olori Naomi Ogunwusi: Ki ní yóò sẹlẹ̀ sí Àrẹ́mọ Ooni Ile-Ife tí wọ́n bá gbé e kúrò l'Áàfin?,0,0,0,0,0,0
yoruba_1_00433,Plane crash in Abuja: Àwọn kan sọ pé ejò lọ́wọ́ nínú lórí ìjàmbá ọkọ̀ bàálù náà - Alàgbà Julius Olasunkanmi,0,1,0,0,0,0
yoruba_1_00434,Police shooting: Ọlọ́pàá Eko ní àwọn ti mú aríbọnyọ̀ ọlọ́pàá tó yìnbọn pa arábìnrin kan ní Ijeshatedo ní Sátidé,0,0,0,0,0,1
yoruba_1_00435,Wo àwọn gbajúgbajà òṣèré tó ti di olóṣèlú,0,0,1,0,0,0
yoruba_1_00436,EndSARS Victims: Ìyá méjì nínú mẹ́ta ti kú nínú àwọn ọmọ tí ọlọ́pàá gbé torí ìwọ́de,0,3,0,0,0,0
yoruba_1_00437,Plateau Killing: Ẹgbẹ̀ CAN àti NSCIA ké gbàjarè bi wàhálà se n rúgbó,0,0,0,0,3,0
yoruba_1_00438,Ariwo sọ bí Segun Oni ṣe kó ìwé èsì ìbò tó pọ̀ ju iye àgọ́ ìdìbò wá sọ́dọ̀ ‘Tribunal’ Ekiti,0,0,2,0,0,0
yoruba_1_00439,Domestic Violence in Nigeria: Ọkùnrin tó fi sísọ́ọ̀sì gún aya rẹ̀ pa kó sí gbaga ọlọ́pàá l‘Ogun,0,2,0,0,0,0
yoruba_1_00440,Transgender: Ilé ìwòsàn wọ gàù torí kò sọ ewu tó wà nídìí ìyípadà ìṣẹ̀dá kan sí òmíràn,0,0,0,0,0,0
yoruba_1_00441,Mobolaji Johnson: Olùfọkànsìn ilẹ̀ Nàìjíríà ni gómìnà àkọ́kọ́ ìpínlẹ̀ Eko - Sanwo-Olu,0,0,0,0,0,1
yoruba_1_00442,Cardi B leaked video: Cardi B ṣàlàyé ohun tó gbé fọ́tò ìhòhò rẹ̀ d'órí ayélujára Instagram,0,0,0,0,0,0
yoruba_1_00443,Tolulope Arotile death: Afurasí tó wa ọkọ̀ pa Tolulope Arotile ti ń jẹ́jọ́ ẹ̀sùn ìgbìmọ̀pọ̀ ṣekúpani,0,2,0,0,0,0
yoruba_1_00444,Idanre Kingship tussle:Adelé Ọba Idanre ní Ọba Aroloye wà lórí ìtẹ́ nígbà tí àwọn jàndùkú lù ú,0,2,0,0,2,0
yoruba_1_00445,EFCC: Ọmọ Nàíjíríà ń bèèrè pé báwo ní àjọ náà ṣé mọ èké babaláwo?,0,0,2,0,0,0
yoruba_1_00446,Woman killed in front of Deeper Life Oka: Ọmọ olóògbé ní aago márùn-ún sí mẹ́fà àárọ̀ ọjọ́ ìsinmi ní màmá máa ń lọ sí ṣọ́ọ̀ṣì láti tún ibẹ̀ ṣe ṣaájú ìsìn,0,3,0,0,0,0
yoruba_1_00447,"Yoruba Nation: Sunday Igboho kò le wà ní àhámọ́ kí èmi máa ṣe wẹ̀jẹ-wẹ̀mu - Ọ̀jọ̀gbọ́n Banji Akintoye, Olórí Ẹgbẹ̀ ìlànà ọmọ Oòduà",0,2,0,0,0,0
yoruba_1_00448,"Aàrẹ, igbákejì aàrẹ àti aàrẹ ilé ìgbìmọ̀ aṣòfin kọ̀wé fipò sílẹ̀ lọ́jọ́ kan náà",0,0,2,0,0,0
yoruba_1_00449,Serena Williams gba ife ẹ̀yẹ àkọ́kọ́ láàrin ọdún mẹ́ta sẹ́yìn,0,0,0,0,0,2
yoruba_1_00450,Folajimi Olubunmi-Adewole: Àwọn òbí rẹ̀ ní adóòlá ẹ̀mí kò ṣaáyan tó láti dóòlà ọmọ náà ló fa ikú rẹ̀,0,3,0,0,0,0
yoruba_1_00451,"Oloye Peter Fatomilola: Ọjọ̀gbọ́n olùkọ́ni ni Jesu àti Orunmila jẹ́, àwòkọ́ṣe sí rere si ni wọ́n",0,0,0,0,0,0
yoruba_1_00452,Video of student burnt in sokoto: Ìjọba Sokoto kéde òfin kóníléógbélé lẹ́yìn ìfẹ̀hónúhàn tó wáyé níbẹ̀,0,0,0,0,0,0
yoruba_1_00453,Wọ̀n tẹ̀ èèyàn méjì pàá nílé jọ́sìn kan nìpínlẹ̀ Eko,0,3,0,0,0,0
yoruba_1_00454,Elon Musk jábọ́ kúrò nípò ẹni tó lówó jù lágbáàyé; Wo olówó tuntun tí Forbes kéde,0,0,2,0,0,0
yoruba_1_00455,"Obìnrin méjì tó ni ibùdó tí wọ́n ti ń ta ọmọ ní N400,000 rugi oyin l‘Ogun",0,0,0,1,0,0
yoruba_1_00456,Ààrẹ Buhari bá wa dóòlà ẹ̀mí àwọn molẹ́bí wa! - Ẹbí àwọn arìnrìnàjò tí wọ́n jígbé ní ojú irin Abuja sí Kaduna fígbeta,0,3,0,0,0,0
yoruba_1_00457,"Daddy Freeze ti sọ̀rọ̀ lórí ẹjọ́ àgbèrè tó ṣe pẹ̀lú ìyàwó Paul Odekina, Benedicta Elechi",0,0,0,0,0,0
yoruba_1_00458,PDP yóò wọ́de lọ́jọ́ Ajé nítorí ìdájọ́ ìdìbò gómìnà ìpínlẹ̀ Imo,1,0,0,0,0,0
yoruba_1_00459,"Afurasí ọkùnrin tó pa obìnrin ẹni ọdún 71, tó tún ta ọrùn ọwọ́ àti ẹsẹ̀ rẹ ní ìpínlẹ̀ Ogun bọ́ sọ́wọ́ Ọlọ́pàá",0,0,0,2,0,0
yoruba_1_00460,Wo bí Ife ṣe pa ara rẹ̀ lẹ́yìn tó dáná sún Bolu ọkọ rẹ̀ torí pé ó ká 'chat' pé obìnrin míì lóyún fún ún,0,2,0,0,0,0
yoruba_1_00461,Soun Ogbomosho Controversy: Èmi tí mò ń sọ̀rọ̀ yìí lẹ́tọ̀ sí òyè Soun àmọ...,1,1,0,0,0,0
yoruba_1_00462,Anti-Open Grazing law: Gómìnà ìpínlẹ̀ Ondo buwọ́lu òfín máfi ẹran jẹko láàrín ìgboro,0,0,0,0,0,1
yoruba_1_00463,Suicide: Ẹ wo ọkùnrin tó dáná sún ọ̀rẹ́bìnrin rẹ̀ nítorí kó gbà látí jẹ́ aya rẹ̀,0,0,2,2,0,0
yoruba_1_00464,Coronavirus Update: WHO tí kéde pé Ó ṣeéṣe kí àrùn Coronavirus tànkálẹ̀ gba inú afẹ́fẹ,0,0,0,0,3,0
yoruba_1_00465,Senato Francis Fadahunsi sọ ohun tó ń ṣẹlẹ̀ lórí kíkó ẹ̀rù wọlé láti ẹnubodè Nàìjíríà báyìí,0,0,0,0,0,0
yoruba_1_00466,"Gómìnà ìpínlẹ̀ Benue, Samuel Ortom ti parí ìjà láàrin akọ̀ròyìn Channels TV, Pius Angbo àti Ifeyinwa Angbo, ìyàwó rẹ̀",0,0,0,0,0,2
yoruba_1_00467,Diego Maradona: Ọlọ́pàá 200 ni yóò máa ṣọ́ ibojì Maradona torí àwọn olè,0,0,2,0,0,0
yoruba_1_00468,EndSARS Protest: Samuel Ogundeji gba ẹ̀bùn ẹ̀kọ́ ọ̀fẹ́ lẹ́yìn tí SARS fọ́ ojú rẹ̀,0,2,2,0,0,0
yoruba_1_00469,"Ibadan robbery: Àgbègbè Secretariat ni adigunjalè ti gba ₦446,000 lọ́wọ́ oníbàárà báńki tí wọ́n pa",0,3,0,0,0,0
yoruba_1_00470,Ilé ẹjọ́ Sharia ní Kaduna tú ìgbéyàwó ká nítorí àìbọ̀wọ̀ fún àna,0,0,0,0,0,0
yoruba_1_00471,"Ifetedo FC: Ọ̀rẹ́ olóògbé ní Damilola kò sàìsàn, ó ń gbá bọ́ọ̀lu lọ́wọ́ ló kú",0,2,0,0,0,0
yoruba_1_00472,Ondo Ritual Killer: Ẹni tó gé orí olóri fún ògùn owó náá sán kú ni agọ́ ọlọ́pàá l'Ondo,0,0,0,0,0,0
yoruba_1_00473,O﻿hun táa mọ̀ lórí rògbòdìyàn tó wáyé ní ààfin Ikirun rèé,0,0,0,0,0,0
yoruba_1_00474,"''Ó ti di òfin, tísà ìjọba kankan kò gbọdọ̀ fi ọmọ rẹ̀ sí iléẹ̀kọ́ aládàni''",0,0,0,0,0,0
yoruba_1_00475,Orisabunmi: Àbúrò èèkàn òṣèré Orisabunmi tó jáde láyé ní ọjọ́ méjì péré ló lò níléèwòsàn kí ikú tó dé,0,3,0,0,0,0
yoruba_1_00476,Michael Salako and bike man death: Àwọn ọ̀tẹlẹ̀múyẹ́ mú arákùnrin ẹní ogójì ọdún tó fí ìbínú lu Abudu ọlọ́kadà pa ní Abeokuta,0,2,0,0,0,1
yoruba_1_00477,Oyo Party Politics: Lanlehin kéde ìparí gbogbo ètò láti darapọ̀ mọ́ ẹgbẹ́ òṣèlú APC,0,0,0,0,0,0
yoruba_1_00478,Dowen College: Àwọn mọ̀lẹ́bí Sylvester Oromoni bẹ Femi Falana lọ́wẹ̀ lórí ikú ọmọ wọn,0,2,0,0,0,0
yoruba_1_00479,"Èèyàn kan jóná kọjá mímọ̀ lẹ́yìn tí iná sọ lára ‘generator’ ní Victoria Island, Eko",0,3,2,0,0,0
yoruba_1_00480,Diezani Alison-Madueke: Àwọn aṣòfin àti èrò ìwòran yanu sílẹ̀ torí owó tí EFCC rí gbà padà,0,0,3,0,0,0
yoruba_1_00481,Lagos one-day governor: Gómìnà Sanwo-Olu gba pẹ̀lú gómìna ọlọ́jọ́ kan fún ìpínlẹ̀ Eko dámọ̀ràn lórí ìdàgbàsókè ètò ẹ̀kọ́,0,0,0,0,0,0
yoruba_1_00482,Kwam 1 dá àwọn tó ń wọ́ ọ tuurutu nílẹ̀ pé ó jẹ́ gbèsè dollar iṣẹ́ orin kan l'Amẹ́rika,2,0,0,0,0,0
yoruba_1_00483,Corruption in High Places: Wo àwọn èèkàn ìjọba márùn ùn tí wọ́n fẹ̀sùn àjẹbánu kàn lábẹ́ ààrẹ Buhari,0,0,2,0,0,0
yoruba_1_00484,"Ìdẹ̀rùn yóò báwọn ọmọ Nàìjíríà, tí Tinubu bá di Ààrẹ - Aisha Buhari",0,0,0,0,0,0
yoruba_1_00485,'Gbogbo èèyàn 43 tó súnmọ́ ẹni tó kó Monkey Pox wọ Kwara láti rí',0,0,0,0,0,0
yoruba_1_00486,Mathematics Education: Fasiti Ibadan f'orin tàkasúfèé wá ojúùtú si ìṣòro ẹ̀kọ́ ìṣirò,0,0,2,0,0,0
yoruba_1_00487,Hate Speech: Àwọn ọ̀dọ́ Nàìjíríà kẹ̀yìn sí ìjọba lórí ofin sísọ̀rọ̀ àlùfànsá,2,0,0,0,0,0
yoruba_1_00488,"Ọjọ́ méjì péré tí Adeleke dé’pò, gbogbo Osun ti dàrú, ẹ̀yin èèyàn wa l’Osun ẹ kú ìrọ́jú o! – APC",0,2,0,0,0,0
yoruba_1_00489,Health workers Strike: Àwọn òṣìṣẹ́ elétò ìlera lábẹ́ àsìá JOHESU fagilé ìyanṣẹ́lódì káàkiri Nàìjíríà,0,0,0,0,0,1
yoruba_1_00490,Christians in Pakistan: Ọmọbìnrin ọdún méjìlà tó dí ìyàwó tipátipá fún Mùsùlùmí sọ ìrírí rẹ̀,0,1,0,0,0,0
yoruba_1_00491,"Lagos-Ogun Train wreck: Reluwé kọlu ọkọ̀ mẹ́ta l'Eko, èèyàn méjì kú, méje fara pa",0,3,0,0,0,0
yoruba_1_00492,Abba Kyari arrested: Iléeṣẹ́ ọlọ́pàá fa Kyari àtàwọn agbófinró mẹ́rin míì lé àjọ NDLEA lọ́wọ́,0,0,0,0,0,0
yoruba_1_00493,Bandits Attacks: Àwọn aṣòfin àpapọ̀ fọnmú pé ọwọ́ àwọn ológun kò mọ́ lórí ìkọlù agbébọn,0,0,0,0,0,0
yoruba_1_00494,"Ogun kiliing: Ọmọ olóògbé ní oúnjẹ ni bàbá òun ń jẹ nínú ṣọ́ọ́bù, kí ìbọn tó bàá",0,3,0,0,0,0
yoruba_1_00495,"Nigeria School resumption Update: Bí àwọn akẹ́kọ̀ọ́ ṣe ń wọlé, wo bí o ṣe lè dáàbò bo ọmọ rẹ níléèwé",0,0,0,0,0,0
yoruba_1_00496,À ń ṣọ́ àwọn gómìnà ní Naijiria lórí bí wọ́n ṣe ń kó Náírà pamọ́ sí ilé – EFCC,0,0,0,0,0,0
yoruba_1_00497,Violence against women: Ọkọ mi bẹ̀rẹ̀ sí ní lù mí lẹ́yìn tí mo lòdì sí ibálọ̀pọ̀ láti ihò ìdí lẹ́yìn,0,3,0,0,0,0
yoruba_1_00498,"Ondo kidnappers: Àwọn agbébọn pa èèyàn méjì l’Akure, wọ́n ṣá ẹlòmíràn ní àdá lórí",0,2,0,0,0,0
yoruba_1_00499,Prepaid Meter: Ọmọ Nàíjíríà figbe ta pé owó iná táwọn ń san ju iná táwọn ń lò lọ,2,2,0,0,0,0
yoruba_1_00500,Child Abuse: Amòfin ní ọmọbìnrin náà leè rí ara rẹ̀ bíi ẹni tí kò wúlò,0,1,0,0,0,0
yoruba_1_00501,"Lassa fever: Ìjọba Eko ní akẹ́kọ̀ọ́ fásitì Ebonyi tó wá kẹ́kọ́ ìmọ̀ òfin, ní wọ́n bá Lassa lára rẹ̀",0,0,2,0,0,0
yoruba_1_00502,Happy Easter message 2022: Báyìí ni àwọn ọmọlẹ́yìn Kristi ṣe ṣàjọyọ̀ ọdún Ajinde káàkiri àgbàyé,0,0,0,0,0,2
yoruba_1_00503,"Dele Ewe US Fraud: Ọmọ Nàíjíríà bíi Hushpuppi, Dele Ewe tún rí ẹ̀wọ̀n oṣù 30 he ní Amerika fún ẹ̀sùn 419",0,1,2,0,0,0
yoruba_1_00504,Canada Asylum: Ọ̀pọ̀ ọ̀dọ́ Nàíjíríà ń bèèrè láti ṣàtìpó ní Canada,0,1,0,0,0,0
yoruba_1_00505,Marina-Eko Bridge: Ìjọba gbóṣùbà fún àtìlẹyìn aráàlú lásìkò tí wọn ti afárá méjèèjì pa,0,0,0,0,0,2
yoruba_1_00506,Kogi PDP Primaries: Wada fẹ̀yìn Dino gbálẹ̀ nínú ìbò abẹ́lé PDP fún ìpò gómìnà ní Kogi,0,0,0,0,0,0
yoruba_1_00507,Sinikiwe Kademaunga Wedding photos: Ọmọ orílẹ̀-èdè Zimbabwe tí kò ní ọwọ́ àti ẹsẹ̀ ṣe ìgbéyàwó,0,0,2,0,0,2
yoruba_1_00508,"JSS 3 boy hits his head in CAC school Akure: Dókìtà tó yẹ̀ ẹ́ wò ní ó pẹ́ tó ti kú, àlàyé la bèrè, kí ló dé tí wọ́n gbé owó jáde pé ká gbà?",0,3,0,0,0,0
yoruba_1_00509,Military plane crash: Ọkọ̀ òfurufú tó kó ọmọogun méjìléláàdọ́rùn ún tó fẹ lọ́ kojú àwọn alakatakiti ẹsín já lulẹ̀,0,2,0,0,0,0
yoruba_1_00510,Sudan Coup: Mọ̀ si nípa ọ̀gágun Abdel Fattah al-Burhan tó darí ìdìtẹ̀gbàjọba ní Sudan,0,0,0,0,0,0
yoruba_1_00511,Yorùbá dùn lẹ́nu àwọn ọmọ yìí níbi ìdíje ẹgbẹ́ Àtúnbí Yorùbá,0,0,0,0,0,2
yoruba_1_00512,"Alaafin of Oyo dead: 'Aláàfin ti rí ikú rẹ̀ ṣáájú ọjọ́ tó wàjà, ó sọ̀rọ̀ sílẹ̀ kó tó kú'",0,2,1,0,0,0
yoruba_1_00513,APC Oyo: Iléeṣẹ́ ọlọ́pàá ní wọ́n ti sin oku aṣàájú olóṣèlú náà lọ́sàn-án Ọjọ́bọ,0,2,0,0,0,0
yoruba_1_00514,Sunday Igboho: Àwọn èèkàn ọmọ Yorùbá fárígá lórí ìkọlù ìgbà gbogbo sílé ajìjàgbara,3,0,0,0,0,0
yoruba_1_00515,"Falana sòkò ọ̀rọ̀ sì agbẹnusọ Ọlọ́pàá tó ní aráàlù kò le gbẹ̀san, bí ọlọ́pàá bá gbá a létí",2,0,0,0,0,0
yoruba_1_00516,Fani-Kayode: Kò sẹ́ni tó mọ ìgbà táwọn ọmọ Nàíjíríà yóò fárígá láti kọ ìyà tó ń jẹ wọ́n,0,0,0,0,0,0
yoruba_1_00517,"Africa Eye: Coronavirus di adákẹ́jà ní Somalia, ikú ọ̀wọ́ọ̀wọ́ ń peléke si",0,3,2,0,0,0
yoruba_1_00518,"Ogun iphone theft: Ọkùnrin kan dèrò ẹ̀wọ̀n lẹ́yìn tó jí ẹ̀rọ ìbáraẹnsọ̀rọ̀ tí iye owó rẹ̀ tó ₦950,000",0,1,0,0,0,0
yoruba_1_00519,Ukraine- Russia Conflict: Mọ̀ síi nípa ipa tí àáwọ́ Ukraine àti Russia lè ní lórí owó epo àti àwọn akẹ́kọ̀ọ́ nílẹ̀ Afrika,0,0,0,0,0,0
yoruba_1_00520,Àjọ NSCDC mú àwọn ọ̀dọ́ tó ń jó ijókíjó  ní Gombe 'nítorí ó ń dúnkookò mọ́ ètò ààbò',0,0,0,0,0,0
yoruba_1_00521,Gender discrimination: Ó pakasọ! Wo ìdí tí àgbẹ̀ kan fi kọ ìyàwó rẹ̀ tó bí ìbẹta sílẹ̀,0,0,2,0,0,0
yoruba_1_00522,Ondo killing: Ta ló pa ẹbí olùrànlọ́wọ́ Gómìnà Rotinmi Akeredolu sórí oko rẹ̀ l'Ondo?,0,2,0,0,0,0
yoruba_1_00523,"Àwọn nọ́ọ̀sì ní UK gùn lé ìyanṣẹ́lódì, pè fún ẹ̀kúnwó",0,0,2,0,0,0
yoruba_1_00524,Baba Ijesha: Amòfin Ogunlana ní kò tọ́ bí wọn ṣe fi béèlì Omiyinka kọ́ ọrùn ìyanṣẹ́lódì òṣìṣẹ́ iléẹjọ́,0,0,0,0,0,0
yoruba_1_00525,Kogi Crisis: Abaribe ní ìpìlẹ̀ Nàíjíríà ń mì pẹ̀lú ìwà ọ̀yájú sí ofìn ní Kogi,0,0,0,0,0,0
yoruba_1_00526,"Man United vs Chelsea: Chelsea fún Man U lóújẹ àbùkù jè, Cuppy bínú yí jọ̀lọ́ọ̀fù dànù",0,0,0,0,0,0
yoruba_1_00527,"Goodluck Jonathan: Irọ́ ní o, a kò buwọ́lu Goodluck Jonathan fún ipò ààrẹ 2023",0,0,0,0,0,0
yoruba_1_00528,"Iya Ife: Said Balogun, Kemi Afolabi àtàwọn òṣèré míràn ń ṣèdárò Iya Ife tó fayé sílẹ̀",0,3,0,0,0,0
yoruba_1_00529,"Olubadan of Ibadan coronation: Olúbàdàn tuntun, Ọba Lekan Balogun Ali Okùmádé kejì ṣèlérí lẹ́yìn tó gbọ̀pá àṣẹ",0,0,0,0,0,2
yoruba_1_00530,Timi Osukoya: Ọ̀pọ̀ olórin ẹ̀mí ló ń kọrin torí owó tàbí afẹ ayé,0,2,0,0,0,0
yoruba_1_00531,Ẹ má dìbò yan olóṣèlú tí yóò kọjú ìjà ṣii agbebọn - Gumi,0,0,0,0,0,0
yoruba_1_00532,Abacha loot: Wọ́n tún ṣàwárí ọ̀pọ̀lọpọ̀ owó tí Abacha jí kó ní UK,0,0,3,0,0,0
yoruba_1_00533,Akẹ́kọ̀ọ́ ọmọ ‘100 level’ dèrò àtìmọ́lé lórí ẹ̀sùn pé ó ṣekúpa ọ̀rẹ́kùnrin rẹ̀,0,2,0,0,0,0
yoruba_1_00534,"Plane crash in Abuja: Bàbá ṣì wà, ìyá wà, ìyàwó àtàwọn ọmọ ló kúnlẹ̀ yìí",0,2,0,0,0,0
yoruba_1_00535,"Kemi Olunloyo on Sunday Igboho: Wọ́n kí ọwọ́ bọ̀ mí lójú ára, wọ́n fẹ́ fipá bá mi lòpọ̀ lójú títì, mi ò sì kí ń fi bò lórí ayélujára torí...",0,2,0,0,0,0
yoruba_1_00536,"Lẹyìn ọdún mẹ́fà,ọwọ́ tẹ àwọn adigunjalè tó n wọ wíìgì obìnrin jà awọ́n arìnrìnàjò lólè nínú reluwé",0,0,0,0,0,2
yoruba_1_00537,Bisi Alimi: Inú mi dùn sí bí Gabon ṣe fòǹtẹ̀ lu òfin pé kí akọ máa fẹ́ akọ,0,0,0,0,0,2
yoruba_1_00538,Ẹ fura o! Ilé aṣòfin ké gbàǹjarè sí iléeṣẹ́ ológun lórí àwọn agbéṣùmọ̀mí tó ń kọ ibùdó sí Kwara àti Niger,0,0,0,0,3,0
yoruba_1_00539,"""Ire Poly Student: Akẹ́kọ̀ọ́ Poly kú l'Osun """"lẹ́yìn tó ti ilé ọ̀rẹ́kùnrin rẹ̀ dé""",0,2,0,0,0,0
yoruba_1_00540,Ilé ẹ́jọ́ tó ń gb'ẹ́sùn ìdìbò wọ́gilé ẹjọ́ tí Ajimọbi pè tako Kọla Balogun,0,0,0,0,0,0
yoruba_1_00541,"Ìjà ńlá bẹ́ẹ̀ sílẹ̀ láàrin ọlọ́jà àti agbèrò ni Alaba l‘Eko, ọ̀pọ̀ èèyàn fara pa, dúkìá bàjẹ́",0,2,0,0,0,0
yoruba_1_00542,Terrorism in Nigeria: Ìjọba àná lo jẹ Nàìjíríà run lórúkọ ìgbógun ti ìgbésùmọ̀mí - Malami,0,0,0,0,0,0
yoruba_1_00543,Germany football naked protest: Àwọn olùfẹ̀hónúhàn bọ́ra sí ìhòhò lórí pápá lòdì sí sísọ eré bọ́ọ̀lù di jẹunjẹun,2,0,0,0,0,0
yoruba_1_00544,"Nigeria prison experience: Abass Owonikoko dèrò ẹ̀wọ̀n fún ọdún 27 torí ìwà ìpáǹle, kó tó gba kéú lọ́gbà ẹ̀wọ̀n",0,0,0,0,0,0
yoruba_1_00545,NSCDC ṣèèṣì yìnbọ̀n pa ọlọ́pàá ọ̀tẹlẹ̀múyẹ́ DSS l'Osun,0,3,0,0,0,0
yoruba_1_00546,India: Arakunrin ti wọn doola ẹmi rẹ kuro ni Ile igbokusi pada jade laye,0,3,0,0,0,0
yoruba_1_00547,Abortion law: Àwọn aṣòfin ti fòǹtẹ̀ lu ṣíṣẹ́ oyún tí kò í pé oṣù mẹ́ta ní ìlú yìí,0,0,0,0,0,0
yoruba_1_00548,Xenophobia Attack - Ilẹ South Afrika kò ní gbàgbé Nàìjíríà fún àtìlẹyìn wọn.,0,0,0,0,0,2
yoruba_1_00549,Ẹ gbé àwọn Ahmed Idiris àti àwọn yòókù rẹ̀ lọ sí ọgbà ẹ̀wọ̀n Kuje- Adajọ Adeyemi Ajayi,2,0,0,0,0,0
yoruba_1_00550,Oníṣòwò ọ̀ọ̀nì àti ejò ní ẹran náà ń ṣe ara lóore láì wo èèwọ̀ àṣà àti ẹ̀sìn tó rọ̀ mọ,0,0,0,0,0,0
yoruba_1_00551,2022 Electoral Act: Malami ń forí ilé ẹjọ́ gba ara wọn lórí òfin ètò ìdìbò,0,0,0,0,0,0
yoruba_1_00552,Ilé ẹjọ́ ju àyédèrú LASTMA sẹ́wọ̀n oṣù mẹ́rin,0,0,0,0,0,0
yoruba_1_00553,"Òkò rùgùdù lórí Portable torí Small Doctor, àwọn ọdọ Agege kọjú oro si lóde ijó",2,0,0,0,0,0
yoruba_1_00554,Adeyemi Olubunmi Crown: Láti ìgbà ti mo ti fún ọkọ mi ni ẹ̀bùn mọ́tò ni ìfẹ́ wa ti yàtọ̀,0,0,0,0,0,2
yoruba_1_00555,"Imam ìjọ Shafaudeen in Islam, Sabit Olagoke gbàdúrà pé kò sí olólùfẹ́ BBC Yorùbá tó máa ṣìrìn lọ́dùn 2023",0,0,0,0,0,2
yoruba_1_00556,Kidnapping: Ọwọ́ ọlọ́pàá ba Pásítọ̀ olórí ikọ̀ ajínigbé tó pa èèyàn márùn ún,0,0,0,0,0,0
yoruba_1_00557,Àwọn obìnrin tó fẹ́ bá mi ya fọ́tò máa ń fẹ́ kí n da ara lé àwọn,0,0,0,1,0,0
yoruba_1_00558,Ọwọ́ ọlọ́pàá tẹ afurasí apààyàn mẹ́fà tó gbìmọ̀ pọ̀ pẹ̀lú Ọmọọba láti ṣekúpa Ọba alayé kan ní ìpínlẹ̀ Ogun,0,0,0,0,0,0
yoruba_1_00559,Yorùbá dùn Egypt: Bàálù méjì yóò kún tí ìjọba bá ṣèrànwọ́ láti kó wa kúrò ní Egypt,0,0,0,0,0,0
yoruba_1_00560,Ghana Election 2020: Ẹ dín iye ìgbà tẹ n gorí obìnrin kù kẹ́ẹ lè lágbára...,0,0,0,0,0,0
yoruba_1_00561,"Amotekun: Toogun ní àwọn sá fún ariwo ni wọ́n ṣe ń ṣàyẹ̀wò fún ọ̀dọ́ 47,000 tó bèèrè iṣẹ́",0,0,0,0,0,0
yoruba_1_00562,AstraZeneca vaccine: Ìdí tí orílẹ̀èdè Denmark àti Norway ṣe wọ́gilé abẹ́rẹ́ àjẹsára Covid-19 tí Naijiria sì ń gbà rèé,0,0,0,0,0,0
yoruba_1_00563,Timothy Adegoke Murder: Wo ìlérí tí Sẹ́nétọ̀ Kola Balogun ṣe fún ìdílé olóògbé,0,0,0,0,0,0
yoruba_1_00564,Pneumonia: Dókítà ní kòkòrò àìfojúrí ló ń fàá òtútù àyà,0,0,0,0,0,0
yoruba_1_00565,"Sotitobire: Ọkọ mi kò mọ̀ Jegede PDP rí, kódà kò fa ẹnikẹ́ni kalẹ̀ dípò Akeredolu- Bisola ìyàwó Alfa Sotitobire",0,1,0,0,0,0
yoruba_1_00566,Coronavirus lockdown: Ìyàtọ̀ láàrín ìgbélé ní Nàìjíríà àti ilẹ̀ òkèèrè,0,0,0,0,0,0
yoruba_1_00567,"Ojú ogun ni Nàíjíríà wà, ẹ máṣe jẹ́ ká tanra wa jẹ -  Adeboye",0,1,0,0,0,0
yoruba_1_00568,"Onítíàtà, ẹ tún ààrọ̀ yín ṣe, kẹ́ yé tọ̀rọ̀ owó kiri tí àìsàn bá dé lọ́jọ́ alẹ́ - Toyin Aṣẹ́wó tó re Mecca",1,0,0,0,0,0
yoruba_1_00569,ASUU strike: Ìjọba Nàìjíríà ti gbà láti san N30b owó àjẹmọ́nú fún ASUU,0,0,0,0,0,1
yoruba_1_00570,"Abija: Yekeen Ajileye, ọ̀gá mi nínú iṣẹ́ tíátà ṣẹ̀ mí, ó ṣẹ ẹlẹ́dàá mi",2,1,0,0,0,0
yoruba_1_00571,"OAU Ile Ife: Àwọn nǹkan tó ka akẹ́kọ̀ọ́ fásitì OAU Ile Ife, Emmanuel Adedeji láya ló mú kó gbẹ̀mí ara rẹ̀",0,3,0,0,0,0
yoruba_1_00572,Police rescue: Àwọn ọlọ́pàá ti dóòlà ọmọbìnrin tí àwọn òbí rẹ̀ so mọ́lẹ̀ fún ọdún 10,0,0,0,0,0,2
yoruba_1_00573,"Kí ló fa ìfaǹfà láàrín Biola Adekunle, gbajúmọ̀ òṣèré àti alágbàtà fíìmù tó fi bú sẹ́kún?",0,0,2,0,0,0
yoruba_1_00574,"""Kemi Afolabi Adesipe: Oṣù kan ni mo fi gba """"Oxygen"""" àmọ́ síbẹ̀ Olúwa dára!""",0,0,0,0,0,2
yoruba_1_00575,Yoruba Nation: Abdulsalam Abubakar sọ ìdí tí kò fi ṣeéṣe láti pín Nàíjíríà sí wẹ́wẹ́,0,0,0,0,0,0
yoruba_1_00576,''Àìsí ìṣọ̀kan láàrin Afenifere kò le ṣe àkóbá ìbò fún Tinubu'',0,0,0,0,0,0
yoruba_1_00577,"Lassa fever outbreak: Ìpínlẹ̀ Ondo, Edo àti Ebonyi ni ibà Lassa ti ń ṣọṣẹ́ jùlọ",0,2,0,0,0,0
yoruba_1_00578,Buhari: Femi Falana ní àṣírí ti tú pé $2.1bn owó ohun ìjagun làwọn ọ̀gá ológun pín mọ́ ara wọn lọ́wọ́,0,0,0,0,0,0
yoruba_1_00579,"Ẹni tí kò jẹ gbì kò lè kú gbì, eré ọmọdé ni EFCC ń ṣe - Ambode",0,0,0,0,0,0
yoruba_1_00580,Adesanya UFC253: Wo ìlúmọ̀ọ́ká akànṣẹ́ mẹ́ta ọmọ Nàìjíríà tó ń ṣe bẹbẹ lágbàáyé,0,0,0,0,0,0
yoruba_1_00581,Boko Haram: Serap kọ̀ jálẹ̀ lórí bí ìjọba ṣe fẹ̀ rán Boko Haram nílé èkọ́ l'òkun,1,0,0,0,0,0
yoruba_1_00582,Nigeria Independence Day: Aráàlú fa ìbínú yọ lórí ọ̀rọ̀ tí Buhari sọ fún àyẹyẹ òmìnira,3,0,0,0,0,0
yoruba_1_00583,Ohun tí a mọ̀ lórí ọkùnrin kan tó kú sílé ìtura kan ní ìpínlẹ̀ Ondo rèé,0,1,1,0,0,0
yoruba_1_00584,Nigeria Police: Ìwádìí ti bẹ̀rẹ̀ lórí ọlọ́pàa'tó lo ‘POS’ fi gba rìbá’,0,0,0,0,0,0
yoruba_1_00585,Man Utd bẹ̀rẹ̀ ìgbésẹ lórí fífí òpin sí iṣẹ́ Ronaldo,0,0,0,0,0,0
yoruba_1_00586,A ti tú akẹ́kọ̀ọ́bìnrin Chibok méjì míì sílẹ̀ àmọ́ wọ́n ti bímọ ... – Ológun,0,1,0,0,0,1
yoruba_1_00587,Sunday Igboho: Wo ìdí tí ọdọ̀ Yorùbá ṣé fẹ́ kí ìlànà Omo Oódua gbajumọ́ Yoruba Agenda lọ́dún 2023 dipo Yoruba Nation,0,0,0,0,0,0
yoruba_1_00588,Fuel Hike: Wo iye tí epo bẹtiróò jẹ́ láwọn ìpínlẹ̀ Nàìjíríà,0,0,0,0,0,0
yoruba_1_00589,Ritual Murder: Bàbá akẹ́kọ̀ọ́bìnrin LASU tí ọ̀rẹ́kùnrin rẹ̀ fi ṣ'òògùn owó ń bèèrè fún ìdájọ́ òdodo,1,2,0,0,0,0
yoruba_1_00590,Fuel Price Hike: Ìjọba Nàìjíríà rọ aráàlú láti yí ọkọ̀ àti gẹnẹrétọ̀ wọn sí èyí tó ń lo afẹ́fẹ́ gáàsì lọ́fẹ̀ẹ́,0,0,0,0,0,0
yoruba_1_00591,Kwara Hijab Crisi: Abdulrazaq ní òun tẹ̀lé ìdájọ́ ilé ẹ̀jọ́ lórí lílo Hijab,0,0,0,0,0,0
yoruba_1_00592,Obasanjo: Àwọn èèyàn ìpínlẹ̀ Ogun ní iṣẹ́ ṣì pọ̀ fún Ọbasanjọ láti ṣe fún mẹ̀kúnù Nàìjírìà,0,0,0,0,0,0
yoruba_1_00593,Insecurity: Monguno ní àsìkò ti tó láti f'òpin sí Almajiri ní Nàìjíríà,0,0,0,0,0,0
yoruba_1_00594,Sunday Igboho: Agbẹjórò ní kò sí ohun tó jọọ́ pé orílẹ́èdè Benin ń gbèrò láti dá Sunday Igboho padà sílé,0,0,0,0,0,0
yoruba_1_00595,"Ẹ sọ fún Ademọla Adeleke kó yé sáré kìtìkìtì, sáré kàtàkàtà mọ́, kó gbára dúró gba ìwé ìpẹ̀jọ́ mi – Gómìnà Oyetola",1,0,0,0,0,0
yoruba_1_00596,Alukoro ọlọ́pàá faraya lórí ọlọ́pàá kan tó ń fa igbó pẹ̀lú àṣọ iṣẹ́,3,0,0,0,0,0
yoruba_1_00597,Afurasí Fulani darandaran gún èèyàn kan pa l‘Eko torí pé ọkọ̀ pa màálù kan,0,3,0,0,0,0
yoruba_1_00598,Kashimawo Laloko: Gbajúgbajà akọ́nimọ̀ọ́gbá eré bọ́ọ̀lù Laloko tó ṣàwárí Mikel Obi àti Osaze dágbére fáyé,0,2,0,0,0,0
yoruba_1_00599,Rape cases in Nigeria: Ọmọ ọdun 5 àti 14 ni Kalu wà nígbà tí obìnrin fipá ba lòpọ̀,0,3,0,2,0,0
yoruba_1_00600,Ketu Market Violence: Rògbòdìyàn bẹ́ sílẹ̀ nigba táwọn òǹtàjà kọjú ìjà sí àjọ Task Force,0,1,0,0,0,0
yoruba_1_00601,"Sunday Igboho: YCE rọ àwọn ọ̀dọ́ láti ṣọ́ra, ki wọ́n má baà di ẹran àmúso lọ́dọ̀ ìjọba bíí Igboho",0,1,0,0,0,0
yoruba_1_00602,"Ogun King Killing: Baálẹ̀ Agodo ní ààrin Ẹ̀gẹ́ ni òun sùn mọ́jú, tí òun kò sì rí aya, ọmọ",0,3,0,0,0,0
yoruba_1_00603,Lagos Yoruba Nation rally: Ìwádìí wa fihàn pé kìí ṣe òkú tútú ni ọmọ tí wọ́n sọ pé a pa ní Ojota - Ọlọ́pàá Eko,0,0,0,0,0,0
yoruba_1_00604,"Majek Fashek: Ṣé lóòtọ́ ni Òdú olórin Raggae, Majek Fashek jáde láyé?",0,0,2,0,0,0
yoruba_1_00605,Omoniyi and Elizabeth Oke Blind Couple in Ado-Ekiti: Tọkọ-taya Oke ní Ọ́ba òkè ló fi àwọn dá àrà tó wù ú,0,0,2,0,0,0
yoruba_1_00606,Israel Adesanya: Romero yóò jìyà bí mo bá gbá a mú,2,0,0,0,0,0
yoruba_1_00607,"Oúnjẹ àràmọ̀ǹdà mọ́kànlá tí wọ́n ń jẹ lágbààyé rèé, ẹ tẹ́wọ́ gbàá",0,0,0,0,0,0
yoruba_1_00608,AFCON 2019: Wo àbájáde èsì àsọtẹ́lẹ̀ rẹ,0,0,0,0,0,0
yoruba_1_00609,China ultramarathon: Òjò àrọ̀rọ̀dá gbẹ̀mí àwọn ènìyàn 25 tó ń ṣeré ìdárayá,0,3,0,0,0,0
yoruba_1_00610,EFCC kó akẹ́kọ̀ọ́ fásitì UNIOSUN làwọn akẹ́kọ̀ọ́ náà bá fọ́n sígboro,0,0,0,0,0,0
yoruba_1_00611,Yoruba movie: Kìí ṣe Iya Esabod tó fẹ máa fi wa pawo lóríi YouTube rẹ ló má máa da ẹgbẹ TAMPAN rú,0,0,0,0,0,0
yoruba_1_00612,Ọlọ́pàá ṣàlàyé lórí ìbẹ̀rù pé agbébọn fẹ́ ṣe ìkọlù sí àdúgbò kan l'Eko,0,0,0,0,2,0
yoruba_1_00613,Goriola Hassan: Ilé Aṣòfin Ogun ní kí Hassan wá dàhùn ẹ̀sùn tí ẹgbẹ́ ọmọbíbí ìlú rẹ̀ fi kàn-án lórí ọba tó jẹ,1,0,0,0,0,0
yoruba_1_00614,"Èèyàn mẹ́ta, ọkọ̀ méjìlá àti ọ̀pọ̀ ṣọ́ọ́bù jóná tán bí táńkà epo ṣe gbiná ní Sango-Ota",0,3,0,0,0,0
yoruba_1_00615,Lagos missing children: Ọ̀kan lára ìyá àwọn ọmọ tó sọnù náà ti ń sínwín,0,3,0,0,0,0
yoruba_1_00616,"Wọ́n fi ẹyin adìyẹ lé Ike Ekweremadu, kúrò níbi àṣeyẹ kan ní Germany",0,0,2,0,0,0
yoruba_1_00617,Lizzy Anjorin ti dásí ìjà fún Oduduwa Republic tí Sunday Igboho ń darí ẹ̀,0,0,0,0,0,0
yoruba_1_00618,EndSARS Protest: Ojú àwọn ọmọ Nàìjíríà tí yóò farahàn níwájú adájọ́ rèé,0,0,0,0,0,0
yoruba_1_00619,"Kwara Hijab Crisis: Ìjọbá ńi akẹ́kọ̀ọ́bìnrin Mùṣùlùmí le lo ìbòrí gẹ́gẹ́ bó ṣe ń wáyé l‘Eko, Osun, Oyo",0,0,0,0,0,0
yoruba_1_00620,"Yomi Alliyu SAN: Wo àwọn nkan tó yẹ kí o mọ̀ nípa Yomi Alliyu, agbẹjọ́rò fún Sunday Igboho",0,0,0,0,0,0
yoruba_1_00621,Àwọn agbébọn jí alága ẹgbẹ́ òsèlú PDP gbé ní Kogi,0,1,0,0,0,0
yoruba_1_00622,"Àlàyé rèé lórí ohun tó fa ìpàdé tó ń wáyé lọ́wọ́ láàrín Obasanjo, Tinubu, àtawọn ọbalayé ilẹ̀ Yorùbá l'Abeokuta",0,0,0,0,0,0
yoruba_1_00623,Antonio Oladeinde Fernandez: Ìtàn ìgbé ayé ọmọ Naijiria to ni ọkọ̀ òfúrufú mẹ́fà àti owó ní báǹkì láwọn orílẹ̀-ède méje,0,0,0,0,0,0
yoruba_1_00624,Kogi Fraca: Àwọn ẹni àìrí kan ló já iná ilé mi ní ilé Ijọba.,0,0,2,0,0,0
yoruba_1_00625,Olu of Warri Emiko coronation: Ogiame Atuwatse III yí gbogbo ègún to ba ipò rẹ̀ gẹgẹ bi ọba rin,0,0,0,0,0,0
yoruba_1_00626,"Isbae u, boyfriend mummy wa: Ẹ foríjìnmí, ẹlẹ́ran ara ni mí- Gbajúgbajà adẹ́rìnpòṣónú, Bae_U Adebayo Ridwan Abidemi",0,0,0,0,0,0
yoruba_1_00627,"Kò sí ìsinmi, ọjoojúmọ́ là ń ṣiṣẹ́ láti àárọ̀ títí di alẹ́– Àwọn tó ń ṣiṣẹ́ ọmọ-ọ̀dọ̀ ní Qatar ké gbajarè!",0,3,0,0,0,0
yoruba_1_00628,Kwara Hijab crisis: ìgbìmọ̀ olùwádìí bẹ̀rẹ̀ iṣẹ́ lórí ohun tó ṣokùnfà wàhálà hìjáàbù,0,0,0,0,0,0
yoruba_1_00629,Yoruba-Fulani crisis: Miyetti ní àwọn ò ní fààye gba kíkó oúnjẹ lọ sílẹ̀ Yorùbá,2,0,0,0,0,0
yoruba_1_00630,AfDB Akinwunmi Adesina: Ó yẹ kí Naijiria wá ọ̀nà míì láti pa owó wọlé yàtọ̀ sí owó epo nìkan,0,0,0,0,0,0
yoruba_1_00631,"Cameroon wa ìyà mu bíi gaàrí lọ́wọ́ England, 3-0 ló bá dé",0,0,0,0,0,0
yoruba_1_00632,Coronavirus: Ẹ tilẹ̀kùn ṣọ́ọ̀ṣì àti mọ́ṣáláṣí yín tí èrò bá ju 50 lọ láti dẹ́kun Coronavirus - ìjọba Eko,0,0,0,0,0,0
yoruba_1_00633,"T.B Joshua: ...Àwọn ọmọ ẹ̀yin ń sọ̀fọ̀, ìdá mẹ́ta àǹgẹ́lì Olorun dójútí Lucifa tó lọ- Pasito Chris Okotie",0,0,0,0,0,0
yoruba_1_00634,Arsenal fọ́ Sevilla lẹ́nu pẹ̀lú góòlù 6-0,0,0,0,0,0,0
yoruba_1_00635,Adeoye Damilare disabled shoe maker: Bí ẹ̀sẹ̀ mi méjèjì ṣe dédé di jọwọlọ láàrin òru ọ̀gànjọ́ ní kékeré nìyí,0,3,0,0,0,0
yoruba_1_00636,APC Presidential Candidate 2023: Oluwo ní kò sí ìṣọ̀kan láàrín àwọn ọmọ Yorùbá tó ń díje ní APC,0,1,0,0,0,0
yoruba_1_00637,Yoruba films: Gbogbo bó ṣe lọ rèé lágbo òṣéré láàrín ọ̀sẹ̀ yìí,0,0,0,0,0,0
yoruba_1_00638,2021 Grammy Awards: Àwọn ọmọ Nàìjíríà tí wọ́n ti fà kalẹ̀ fún àmì ẹ̀yẹ Grammy tẹ́lẹ̀ rí rèé,0,0,0,0,0,0
yoruba_1_00639,"Baba Ijesha: Àwọn ọlọ́paàá àti àwọn agbẹjọ́rò kan ló fẹ́ gba owó, kí wọ́n to fi Omiyinka sílẹ̀",0,0,1,0,0,0
yoruba_1_00640,35th Lisabi Day: Àwòkọ́se rere ni Lisabi jẹ́ fún ọ̀dọ́ láti jẹ́ ògo Ẹ́gbá àti ilẹ̀ Yorùbá lapapo- Oba Gbadebo,0,0,0,0,0,0
yoruba_1_00641,Nigeria Borders open: Onímọ̀ ọrọ̀ ajé ní ìlànà tẹ́tẹ́ títa ní ìjọba ń lò fétò ọ̀rọ̀ ajé,0,0,0,0,0,0
yoruba_1_00642,Insurgency: Àdó olóró ẹgbẹ́ agbésùnmọ̀mí sekú pa èèyàn mẹ́wàá ní Maiduguri,0,3,0,0,0,0
yoruba_1_00643,"Òṣìsẹ̀ 170 tí Ajimobi lé ni Lautech ni ń o gbà padà, owó osù márun wọ́n yoo di sísan- Gómínà Oyo",0,0,0,0,0,3
yoruba_1_00644,Ghana couple buries son alive: Ọkọ àti ìyàwó ri ọmọ ọdún kan àbọ mọlẹ láàyè,0,0,2,2,0,0
yoruba_1_00645,"Justice Mary Odili: Àwọn agbófinró ya bo ilé Onídájọ́ Mary Odili, àwọn ohun tuntun tó súyọ rèé",0,0,0,0,0,0
yoruba_1_00646,FUTA protest: 'A kò ní dẹ́kun ìfẹ̀hònúhàn àyàfi tí ìjọba àtàwọn aláṣẹ FUTA bá gbé ìgbésẹ̀ lórí ètò àbò àwa akẹ́kọ̀ọ́'',3,0,0,0,0,0
yoruba_1_00647,Military Plane Crash in Ngeria: Ìgbà mẹ́ta rèé tí ìjàmbá ọkọ̀ òfurufú mú ẹ̀mi ológun 20 lọ ní Nàìjíríà,0,3,0,0,0,0
yoruba_1_00648,"Olórí ìjọba China tẹ́lẹ̀, Jiang Zemin jáde láyé",0,2,0,0,0,0
yoruba_1_00649,Boko Haram: Wo àwọn ọmọ Nàìjíríà mẹ́fà tí UAE ń wá lórí ẹ̀sùn ṣíṣe àtìlẹ́yìn owó fún Boko Haram,0,0,0,0,0,0
yoruba_1_00650,Breast disappearance: Ohun tí kò dára ni láti máa lọ́ ọmú obìnrin,0,2,0,0,0,0
yoruba_1_00651,Ondo Murder: Awọn ọlọ́pàá kò tíì mọ ibi tí wọn sin òkú ọmọ náà sí,0,1,1,0,0,0
yoruba_1_00652,Olufon ti Ifon Murder: Àwọn agbébọn tó pá Olufon ti Ifon ti ṣe ohun èèwọ̀ ní ilẹ̀ Yoruba,2,0,0,0,0,0
yoruba_1_00653,"Dino Melaye, olùdíje sípò kẹẹ̀ta lábẹ́ àsìá PDP tó gba fọ́ọ̀mù ipò Gómìnà Kogi",0,0,0,0,0,0
yoruba_1_00654,Tinubu 2023 Presidency: Ẹ kà nípa òhun tí ẹgbẹ́ ọmọ Igbo sọ lórí èròngbà Tinubu láti du ipò ààrẹ Nàìjíríà,0,0,0,0,0,0
yoruba_1_00655,EndSARS Protest Update: Ìjọba ìpínlẹ̀ Eko ní àwọn ń wádìí èèyàn 229 lọ́wọ́ lórí làásìgbò tó wáyé l'Eko,0,0,0,0,0,0
yoruba_1_00656,Anthony Joshua vs Andy Ruiz Jr: AJ lóun ṣetán láti kojú Ruiz nínú ìjà ọjọ́ Sátidé,0,0,0,0,0,0
yoruba_1_00657,"Kayeefi: Àdììtú tó rọ̀ mọ́ ìdí tí ìlú Okeluse ṣe fi ọmọ ọdún 16, tó wà ní SSS 2 jọba",0,0,2,0,0,0
yoruba_1_00658,"Oluyemisi Orisabiyi: Ẹ̀ẹ̀mẹta péré làwọn òṣìṣẹ́ KAI bẹ̀ mí wò, mo kọ̀wé sí wọn lái rí èsì",0,2,0,0,0,0
yoruba_1_00659,Yoruba Nation One million man march: Àwọn tó ń ṣagbátẹrù Yorùbá Nation ní IPOB kò ṣiṣẹ pọ̀ pẹ̀lú àwọn,0,0,0,0,0,0
yoruba_1_00660,Greenfield University: Àwọn akẹ́kọ̀ọ́ fásitì tí wọ́n jí gbé ní Kaduna ti gba òmìnira,0,0,0,0,0,2
yoruba_1_00661,"Gba “Yahoo boy” sílé rẹ kí o fi ẹ̀wọ̀n ọdún 15 jura, EFCC  kìlọ̀ fún àwọn oníle",2,0,0,0,0,0
yoruba_1_00662,Àwọn ‘olè ọ̀lẹ’ ló wà ní ìdí ìkọlù Ọ̀wọ̀ - Ààrẹ Buhari,1,2,0,0,0,0
yoruba_1_00663,Ogun rape case: Iléeṣẹ́ ọlọ́pàá ìpínlẹ̀ Ogun mú afurasí tó fipá bá èèyàn lòpọ̀ nínú ṣọ́ọ̀ṣì,0,0,2,0,0,0
yoruba_1_00664,Mile 12: Èèyàn kan kú nínú ìjà tó n wáyé ní Mile 12 láti bíi ọ̀sẹ̀ kan,0,2,0,0,0,0
yoruba_1_00665,'Ọlọ́run fúnra rẹ̀ ló pè mi tó fún mi l'ànfàní láti kọrin ayé díẹ̀ kí n tó di olórin ẹ̀mí',0,0,2,0,0,0
yoruba_1_00666,Ooni Ogunwusi kéde ìpèníjà tó ń kojú lásìkò ọjọ́ ìbí rẹ̀,0,0,0,0,0,0
yoruba_1_00667,Nse Ikpe-Etim sọ̀rọ̀ lórí ìpènijà rẹ̀ lẹ́yìn tó pàdánù ilé ọmọ rẹ̀,0,2,0,0,0,0
yoruba_1_00668,Bandits killings: Àwọn jàndùkú agbébọn gbẹ̀mí èèyàn 24 ní Kaduna àti Katsina lópin ọ̀sẹ̀,0,3,0,0,0,0
yoruba_1_00669,I﻿ndia fòfin de iléeṣẹ́ tó pèsè oògun ikọ́ tó pa ọmọdé 69,1,2,0,0,0,0
yoruba_1_00670,"A﻿kẹ́kọ̀ọ́jáde LAUTECH dá ìwé ẹ̀rí padà, ó fẹ́ kíléẹ̀kọ́  dá gbogbo owó ẹ̀kọ́ tó san padà",0,0,3,0,0,0
yoruba_1_00671,I﻿gbákejì olórí ẹgbẹ́ Ilana Ọmọ Oodua kọ̀wé fi ipò sílẹ̀,0,0,1,0,0,0
yoruba_1_00672,Ọmọ ọdún mẹ́jọ tú àṣírí f'áwọn ọlọ́pàá bí bàbá rẹ̀ ṣe fún ìyá rẹ̀ lọ́rùn pa,0,3,0,0,0,0
yoruba_1_00673,Iran plane crash: Ẹ wo ìgbà mẹ́jọ tí wọ́n fi àdó olóró já bàálù akérò lulẹ̀,0,0,1,0,0,0
yoruba_1_00674,"Tontoh Dike, Kpokpogri bẹ̀rẹ̀ sí ní dọ̀tí ara wọn, ẹ wo pabanbarì tó tún rú èyí jáde",0,0,0,1,0,0
yoruba_1_00675,"Ibadan Hoodlums Fracas: Ẹ̀mí OPC méjì bọ́, ọ̀kan wà ní ‘Coma’, wọn jó ọ̀pọ̀ dúkìá",0,3,0,0,0,0
yoruba_1_00676,"Mercy Aigbe and Adekaz: Ìyàwó àkọ́fẹ́ Adekaz ní òun jọ̀wọ́ ọ̀kọ òun fún Mercy báyìí, ohun táwọn èèyàn ń sọ rèé",0,0,2,0,0,0
yoruba_1_00677,Ariwo kò yẹ kóo máa gbé Kùránì dání pẹ̀lú iṣẹ́ aṣẹ́wó tí ò ń se ní wọ́n pa kí wọ́n tó dáná sun òkú náà,0,0,0,0,0,0
yoruba_1_00678,Oduduwa Nation: Kunle Olajide ní kìí ṣe gbogbo ọmọ Yorùbá ló fara mọ ìyapa Nàíjíríà,0,0,0,0,0,0
yoruba_1_00679,Yoruba film celebrities: Wo àwọn ọ̀rọ̀ tó ki pọ́pọ́ tí Lateef Adedimeji fi kọrin ọjọ́ ìbí 23 fún Adebimpe,0,0,0,0,0,2
yoruba_1_00680,Lagos Police: Ọwọ́ sìnkún ọlọ́pàá tẹ ọkùnrin tó so onígbèsè rẹ̀ mọ́lẹ̀ pẹ̀lú igi,0,2,0,0,0,0
yoruba_1_00681,Kòkòrò àìsàn tó ń jẹ ẹran ara láti pa èèyàn láàrin ọjọ́ méjì tún gbalẹ̀,0,0,0,0,3,0
yoruba_1_00682,"""""""Babaláwo ní n kò ṣe lò làwọn tó fẹ́ fi mí ṣòògùn owó fi dá mi padà""""""",0,0,0,0,0,2
yoruba_1_00683,"Kí ló dé táwọn àkàndá ẹ̀dá ṣe ń fẹ̀hónúhàn, èyí tó fa rògbòdìyàn l‘Eko?",0,0,0,0,0,0
yoruba_1_00684,Ṣé lóòtọ́ ni iléẹjọ́ jú Hushpuppi sẹ́wọ̀n ọdún mọ́kànlá?,0,0,2,0,0,0
yoruba_1_00685,Wife kills husband with hot water: Bí ọwọ́ ṣe tẹ ìyàwó tó pa ọkọ ní Ogun rẹ̀ nìyí,0,2,0,0,0,0
yoruba_1_00686,India: Ọkùnrin kan yọ kindinrin ìyàwó rẹ,0,0,2,0,0,0
yoruba_1_00687,"Ọba méje wàjà láàrin oṣù mẹsàn l‘Oyo, ominú ń kọ mí - Gani Adams",0,2,2,0,0,0
yoruba_1_00688,Who are the Talibans: Àwọn wo gan ni Taliban to da ojú ìjọba bolẹ̀ ní Afganistan?,0,0,0,0,0,0
yoruba_1_00689,Bolivia: Ẹ̀rù kò bà mí láti padà sí Bolivia- Evo Morales,0,0,0,0,0,0
yoruba_1_00690,Boko Haram sponsors: Àsírí èèyàn 96 tó n gbọ́ búkàátà ìgbésùnmọ̀mí ní Naijiria tú sí ìjọba lọ́wọ́,0,0,0,0,0,0
yoruba_1_00691,Àwọn nǹkan méje tí Peter Obi ní òun fẹ́ ṣe tó bá di Ààrẹ nìyí,0,0,0,0,0,0
yoruba_1_00692,"Olubadan of Ibadan dead: Wọ́n ti gbé Olubadan wọ káà ilẹ̀, bí ìsìnkú Ọba Adetunji ṣe lọ nìyí",0,2,0,0,0,0
yoruba_1_00693,Actors who remarried: Àwọn òṣèré sinimá tí wọ́n ti rìnrìnàjò ìfẹ́ lẹ́ẹ̀méjì,0,0,0,0,0,0
yoruba_1_00694,"Lizzy Anjorin: Fún ayẹyẹ ọdún kan ìgbéyàwó wọ́n, ọkọ Lizzy fi ọkọ̀ tá lọ́rẹ",0,0,0,0,0,2
yoruba_1_00695,"Amitabh Bachchan: Òṣèré India, Amitabh Bachchan tó lùgbàdì ààrùn Coronavirus ti móríbọ́",0,0,0,0,0,3
yoruba_1_00696,"Brazil ṣẹ̀yẹ ìkẹyìn fún akọni agbábọ́ọ̀lù, Pele bó ṣe wọ káà ilẹ̀ sùn",0,2,0,0,0,0
yoruba_1_00697,Food Poison: Àwọn oúnjẹ́ mẹ́fà tó lè di májèlé ní àgọ́ ara ta bá jẹ wọ́n papọ̀,0,0,1,0,2,0
yoruba_1_00698,Ẹgbẹ́ agbẹjọ́rò NBA fọnmú lórí  bí ọlọ́pàá ṣe pa ọmọ ẹgbẹ́ rẹ̀ l‘Eko,2,1,0,0,0,0
yoruba_1_00699,MC Oluomo: Iléeṣẹ́ ọlọ́pàá Eko kìlọ̀ fún NURTW lórí ìwọ́de tí wọ́n ń múra rẹ̀,1,0,0,0,0,0
yoruba_1_00700,Iléeṣẹ́ ológun kéde orúkọ àwọn afurasí agbébọn tó ṣé ìkọlù sì Owo,0,0,0,0,0,0
yoruba_1_00701,EndSARSprotest: Olùwọ́de EndSARS kan móríbọ́ lẹ́yìn ọdún kan lọ́gbà ẹ̀wọ̀n Kirikiri,0,0,0,0,0,2
yoruba_1_00702,Dayo Kujore dies: Mọ̀ nìpa àgbà olórin Juju yìí tó dágbére fáyé lẹni ọdún 63,0,0,0,0,0,0
yoruba_1_00703,"Paul Sodje: Ọjọ́rùú ló yẹ kó pé ẹni ọdun 55, amọ́ tó kú ikú àìròtẹ́lẹ̀",0,3,0,0,0,0
yoruba_1_00704,Ayo Adebanjo tú pẹrẹpẹ́rẹ̀ ọ̀rọ̀ rẹ̀ lórí ìdí tí ìpó Ààrẹ ṣe tọ́ sí ẹ̀yà Igbo,0,0,0,0,0,0
yoruba_1_00705,"Ohun tí àwọn èèyàn ń sọ rèé lẹ́yìn tí adari àwọn agbésùnmọ́mí Zamfara, Bello Turji ní òun ti ronúpìwàdà",0,0,0,0,0,0
yoruba_1_00706,Rape: Wo bí àwọn ọlọ́pàá ṣe yìnbọn pa afurasí ajínigbé nínú igbó l‘Ogun,0,0,2,0,0,0
yoruba_1_00707,Coronavirus pandemic: Toyin Abrahams ṣàlàyé pé ọ̀pọ̀ àhesọ ọ̀rọ̀ tí kò ní àǹfàní ló ń jáde nípa ààrùn Coronavirus,0,0,0,0,0,0
yoruba_1_00708,Àádọ́ta èèyàn kú níbi ìwọ́de takò ìjọba tó wáyé ní Chad﻿,0,3,0,0,0,0
yoruba_1_00709,K﻿ílódé tí ìgbẹ́jọ́ kò fi wáyé lórí ẹ̀bẹ̀ Adedoyin láti lọ tọ́jú ara rẹ̀?,0,0,0,0,0,0
yoruba_1_00710,Ẹni mẹ́ta wọ gbaga ọlọpàá nítori ajílẹ̀ tí wọ́n kó tà ní ọja Daleko ní Mushin,0,1,0,0,0,0
yoruba_1_00711,Kaduna killings: Gómìnà El-Rufai kẹ́dùn pẹ̀lú ẹbí àwọn tó kú,0,2,0,0,0,0
yoruba_1_00712,Kwara State Suicide Attempt: Àìníṣẹ́ lọ́wọ́ ló mú mi pokùnso -Olayinka,0,3,0,0,0,0
yoruba_1_00713,Seyi Makinde vs ALGON: Àwọn alága káńsù ní ìpínlẹ̀ Oyo fẹ́ pẹjọ́ kòtẹ́milọ́rùn lórí bígómìnà Seyi Makinde ṣe yọ wọ́n nípò,2,0,0,0,0,0
yoruba_1_00714,"Wole Soyinka and Buhari administration: Ìjọba Ààrẹ Buhari ti kùnà, kò le è so ẹ̀yà kankan papọ̀ ní Naijiria",2,2,0,0,0,0
yoruba_1_00715,John Magufuli: Ọ̀pọ̀ ọmọ ilẹ̀ Tanzania ni Magufuli mú àyípadà rere bá orílẹ́èdè náà,0,0,0,0,0,2
yoruba_1_00716,"Ìdí tí èmi Pásítọ̀ ṣe ń bu owó tabua fáwọn ọ̀dọ́ ní Ṣọ́ọ̀ṣì mi, tí mo tún ń bá olórin Davido, Portable Zazzu ṣe rèé",0,0,0,0,0,0
yoruba_1_00717,Afghanistan crisis: Dele Farotimi ní àwọn agbésùnmọ̀mí le gbàjọba Nàíjíríà tí ìjọba kò bá jáwọ́ nínú ojúṣàájú àti ẹlẹ́yàmẹ̀yà,0,2,0,0,0,0
yoruba_1_00718,"Yahaya Bello: Iléẹjọ́ tó ga jùlọ fòǹtẹ̀ lu Yahaya Bello, wọ́n da ẹjọ́ PDP àti SDP nù",0,0,0,0,0,2
yoruba_1_00719,Sunday Igboho: Amòfin Aliyu ń bi Malami pé ẹ̀sún wo ló tún wà nílẹ̀ tó fẹ́ fi kan ẹlẹ́jọ́ òun,0,0,0,0,0,0
yoruba_1_00720,Àwọn òṣèré tíátà Yoruba sọ̀rọ̀ nípa Baba Suwe tó di olóògbé,0,2,0,0,0,0
yoruba_1_00721,Ronke Odusanya: Àwọn olólùfẹ́ Ronke Odusanya Ìdídowó ti ń fọnmú lórí àṣẹ àyẹ̀wò DNA tí iléẹjọ́ pa lórí ọmọ tó bí fún Saheed,0,0,0,0,0,0
yoruba_1_00722,Philip Akinyemi gba ìwé lọ rọọ́kún nílé nítorí àwọn ọ̀rọ̀ tó ń sọ lójú òpó Facebook rẹ̀ ní ìpínlẹ̀ Osun,0,0,0,0,0,0
yoruba_1_00723,Nigeria rape cases: Ìyá àgbà ní ọkùnrin tó mutí yó náà fipá lòpọ̀ pẹ̀lú òun lójú oorun,0,3,0,2,0,0
yoruba_1_00724,Agbekoya Crisis: Kunle Adelakun fi ẹ́sùn kan sọ́jà pé wọn fìyà jẹ òun n‘Ibadan,1,0,0,0,0,0
yoruba_1_00725,Àṣeyọrí Atiku ló ń ṣẹ̀rù ba Tinubu ló fi ń dojú kọ ọ́ – PDP fèsì,1,0,0,0,0,0
yoruba_1_00726,"Nàíjíríà tóbi jù fún ìjọba àpapọ̀ láti darí, ẹ jẹ́ kí kálukú darí ẹkùn tiẹ̀ - Ladoja",0,0,0,0,0,0
yoruba_1_00727,"Corruption: Ìwádìí àjọ aṣèṣirò òde, NBS gbé e jáde pé àwọn ọlọ́pàá, adájọ́ àtàwọn aṣọ́bodè ló gba rìbá jùlọ ní Nàìjíríà",0,2,0,0,0,0
yoruba_1_00728,"Ojodu Kidnapper: Ọwọ́ pálábá afurasí ajọ́mọ́gbé méjì ségi ní Eko, bí wọ́n ṣe fẹ́ jí akẹ́kọ̀ọ́ gbé lẹ́nu ọ̀nà iléẹ̀kọ́",0,0,0,0,0,1
yoruba_1_00729,"Buhari: Bí kìí bá ṣe ìpàdé ìgbìmọ̀ aláṣẹ tí à ń ṣe, ìpayà kò bá bá mi kí ìgbẹ́jọ́ tó wáyé",0,0,0,0,0,0
yoruba_1_00730,Domestic Violence: Ìyá ọlọ́mọ méji náà fẹ̀ṣùn kan ọkọ pé ó ń yan àlè ló ṣe tìí bọ́,0,2,0,0,0,0
yoruba_1_00731,Aláboyún: Fọ́tò ọmọ ìyá mẹ́ta tí wọ́n lóyún lu ayélujára pa,0,0,2,0,0,0
yoruba_1_00732,Sunday Igboho: Oba Ogunwusi rọ Igboho láti máṣe dá òfin ṣe lọ́wọ́ ara rẹ̀,0,0,0,0,0,0
yoruba_1_00733,"Ká má tan ara wa jẹ, àwọn tó ń pè fún Yoruba Nation kò lè ṣàṣeyọrí – Akeredolu",1,0,0,0,0,0
yoruba_1_00734,Homosexual: Uganda yóò dá ẹ̀wọǹ gbére fún obinrin tabi okunrin tó bá fẹ́ ara wọn,0,0,0,2,0,0
yoruba_1_00735,African Idols: Kí ló lè mú kí àlùfáà ìjọ Aguda máa kó ère ìṣẹ̀nbáyé pamọ́?,0,0,2,0,0,0
yoruba_1_00736,Child marriage: Wo ọmọbìnrin ọdún méjìlá tó ṣè'gbéyàwó pẹ̀lú ọkùnrin méjì láàrin oṣù kan,0,0,2,0,0,0
yoruba_1_00737,Peter Fatomilola ní àìsí ẹ̀kọ́ to yẹ ló ń mú káwọn òṣèré tíátà ó máá ṣe oun tí kò tọ́,0,2,0,0,0,0
yoruba_1_00738,"James Bond: Gbajúgbajà òṣèré, Sean Connery tó ṣe fíìmù James Bond tí jáde láyé lẹ́ní ọdún 90",0,2,0,0,0,0
yoruba_1_00739,"Ẹ̀yin òṣìṣẹ́, ẹ gba owó oṣù kẹtàlá, ẹ má dá àwọn alátakò lóhùn– Makinde",0,0,0,0,0,0
yoruba_1_00740,Kílò fa èdè àìyedè láàrin ìjọba àti àwọn ọmọ lẹ́yìn El-Zakzaky?,0,0,0,0,0,0
yoruba_1_00741,Xenophobia: Alùpùpù ni wọ́n fi gbé epo pẹtiró wá dáná ṣun iléeṣẹ́ MTN,0,2,0,0,0,0
yoruba_1_00742,"Ó yẹ kí a wádìí ikú tó pa Oba Lamidi Adeyemi, Baba gbọ́dọ̀ padà- Sat Guru Maharaj-ji",0,0,0,0,0,0
yoruba_1_00743,Komla Dumor: Solomon Serwanjja jáwé olúborí nínú Àmì ẹ̀yẹ BBC,0,0,0,0,0,2
yoruba_1_00744,"Yinka Ayefele: Ìrọ́ ni pé ń kò le ṣe bíi ọkùnrin, mò ń ta pútú dàadáa",1,0,0,0,0,0
yoruba_1_00745,Fulani herdsmen: A lé wọn kúrò l'Ondo nítorí wọn kò lè ṣàlàyé ohun tí wọ́n wá ṣe - Amotekun,1,0,0,0,0,0
yoruba_1_00746,"Lizzy Anjorin: Owó iná ọba kọjá agbára wa, ìjọba kò fẹ́ ká nísinmi",0,2,0,0,0,0
yoruba_1_00747,"Rohingya sue Facebook: Àwọn ẹ̀yà kan rèé tó pe iléeṣẹ́ Facebook lẹ́jọ́, wọ́n ń bèrè $150b owó gbà mábìnú",0,0,1,0,0,0
yoruba_1_00748,Bank alert scam: EFCC gbé ọkùnrin kan tó ná N20m tó ṣàdéédéé gba ''alert'' rẹ̀,0,0,0,0,0,0
yoruba_1_00749,Ẹni tó wu Aláàfin pé kó jẹ ààrẹ Nàíjíríà rèé - Akeem Adeyemi,0,0,0,0,0,0
yoruba_1_00750,"Free Salihu Tanko Yakasai Dawisu: Lẹ́yìn o rẹ́yìn, gómínà Ganduje Kano yọ Dawisu ní íṣẹ́ nítorí o sọ̀rọ̀ tako Ààrẹ Buhari",0,0,0,0,0,0
yoruba_1_00751,Gani Fawehinmi: Agbẹjọ́rò àti ajàfẹ́tọ̀ọ́ ọmọniyàn ni Nàìjíríà ti ọ̀rọ̀ tálákà jẹ lógún!,0,0,0,0,0,0
yoruba_1_00752,R﻿úkèrúdò ẹgbẹ́ òṣèlú PDP l‘Osun tún búrẹ́kẹ́ si,0,1,0,0,0,0
yoruba_1_00753,NFF kò ti san owó tó jẹ Super Falcons ní Morocco títí di àsìkò yìí,0,0,0,0,0,0
yoruba_1_00754,D﻿ino Melaye àti Peter Obi gbéná wojú ara wọn níbí ìtàkurọ̀sọ àwọn olùdíjé sípò ààrẹ,2,0,0,0,0,0
yoruba_1_00755,Side effects of birth control: Wo ipa tí òògùn ìfètò sọ́mọ́ bíbí le ní lára rẹ,0,0,0,0,1,0
yoruba_1_00756,Murder in Anambra: Àjọ CAN ní ̀ìṣekúpani aláboyún Harira àti ọmọ mẹ́rin ti kọjá àlà,0,3,0,0,0,0
yoruba_1_00757,"Bamise Ayanwola missing in Lagos BRT: Irọ́ ni pé wọ́n gbé ìbọn sí dẹ́rẹ́bà yẹn léti, oun tó ṣẹlẹ̀ gangan bí Bamise ṣe wọ ọkọ yẹn rèé",0,0,0,0,0,0
yoruba_1_00758,"Sheu Sani kò lu jibiti, irọ́ ńlá ní wọ́n ń pa mọ́ọ- Agbẹnusọ Shehu Sani",0,1,0,0,0,0
yoruba_1_00759,DJ Kulet Kudirat Gbemisola yàn ijó jíjó àti fífi orin Fuji nìkan dá àwọn èèyàn nínú dùn lá,0,0,0,0,0,1
yoruba_1_00760,"Seyi Makinde gba olùkọ́ 129, tí Ajimobi lé lẹ́nu iṣẹ́ padà",0,0,0,0,0,2
yoruba_1_00761,OAU VC: Mọ̀ nípa ìlànà tí wọ́n n gbà yan VC fasítì ní Naijiria,0,0,0,0,0,0
yoruba_1_00762,Blind Oniru: Muinat Abdulfatai ní òun ro ara òun pin àmọ́ irú títà fún òun ní ìrètí ọ̀tun,0,0,0,0,0,2
yoruba_1_00763,Tortured to death: Ilẹeṣẹ́ ìròyìn BBC tú àsírí bí àwọn ọmọ ogun Myanmar ṣe pa àwọn aráàlú,0,2,0,0,0,0
yoruba_1_00764,Àwọn olùfẹ́hónúhàn dáná sun ọ̀pọ̀ ṣọ́ọ̀ṣì mẹ́ta àti mọ́ṣáláṣí ní Ethiopia,2,0,0,0,0,0
yoruba_1_00765,Ẹ̀rọ CCTV tú àsírí ọkùnrin ẹni ọgbọ̀n ọdún tó fi ipá bá ọmọ ọdún mọ́kànlá lòpọ̀,0,3,0,2,0,0
yoruba_1_00766,Local Flight: Àyípadà tó bá pápákọ̀ òfurufú Abuja rèé bí ìrìnà òfurufú abẹ́lé ṣe bẹ̀rẹ̀,0,0,0,0,0,0
yoruba_1_00767,Shisha smoking students: Àwọn akẹ́kọ̀ọ́bìnrin méjì tó ń fa shisha ti padà sẹ́nu ẹ̀kọ́ wọn,0,0,0,0,0,0
yoruba_1_00768,"Ooni Ile Ife, Adeyeye Ogunwusi sọ ìdí tó fi fẹ́ ìyàwó púpọ̀",0,0,0,0,0,0
yoruba_1_00769,"Imo Police: Pàsítọ̀ tó ń dí ọkọ lọ́wọ́ láti máṣe gun aya rẹ̀ ní ọ̀bẹ, ló gún pa",0,3,2,0,0,0
yoruba_1_00770,Ta bá fẹ́ rí ojú rere Ọlọ́run. Yorùbá gbọdọ̀ wẹ ara rẹ̀ mọ́ lọ́wọ́ ègún àti èpè - Akintoye,0,1,0,0,0,0
yoruba_1_00771,Ọmọ ẹgbẹ́ Boko Haram tó lé ní 100 rí sómi,0,2,2,0,0,0
yoruba_1_00772,RCCG members kidnap: Ọlọ́pàá ní àwọn kò gbọ́ ohun kan nípa bó yá àwọn agbébọn jí ọmọ ìjọ RCCG mẹ́jọ,0,0,0,0,0,0
yoruba_1_00773,Kaduna-Abuja Train Attack: Àwọn aṣòfin ní yóò dáa káwọn dara pọ̀ mọ́ ASUU nínú ìyanṣẹ́lódì torí ọ̀rọ̀ àwọn ti sú aráàlú,0,0,0,0,0,0
yoruba_1_00774,"""Driver hits four siblings in Lagos: Ọkọ̀ tó rìn gba """"one way"""" gbá ọmọ ìyá mẹ́rin lẹ́ẹ̀kan ṣoṣo l'Eko""",0,3,0,0,0,0
yoruba_1_00775,"N kò ní kọyán olùdíje kankan kéré lásìkò ìbò, mo kórira ìrẹ́jẹ - Buhari",0,0,0,0,0,0
yoruba_1_00776,Ẹ wá gbọ bí òwe Yoruba ṣe dùn lẹnu ọmọ Igbo,0,0,2,0,0,0
yoruba_1_00777,Oyo physically challenged protest: Ìdí rèé táwọn àkàndá ẹ̀dá fi dí iwájú iléeṣẹ́ ìjọba ìpínlẹ̀ Oyo pa l'Agodi n'Ibadan,0,0,0,0,0,0
yoruba_1_00778,"""End SARS protest: Nítorí """"Access Bank"""" gbẹ́sèlé owó àwon olùwọ́de EndSARS ni a ṣe kó owó wa kúrò níbẹ̀""",0,0,0,0,0,0
yoruba_1_00779,Ọkọ mi ń fi oorun dùn mí ni mo ṣe ní kí wọ́n jigbé – afurasí,0,1,2,1,0,0
yoruba_1_00780,Guinea coup: ECOWAS f'òfin de àwọn ológun tó dìtẹ̀ gbàjọba ní Guinea,2,0,0,0,0,0
yoruba_1_00781,Ọba tó lu ọkùnrin alásè fọ́ lójú torí ó bá Olorì jó lójú agbo fojú ba ilé ẹjọ́,0,2,0,0,0,0
yoruba_1_00782,"UI robbers attack: Ọmọ ilé ẹ̀kọ́ UI méjì fórí kó ọta ìbọn lọ́jọ́ kan ṣoṣo, wọ́n tún pàdánù ẹ̀mí wọn",0,3,0,0,0,0
yoruba_1_00783,"""Enoch Adeboye: """"Daddy, ẹ jẹ́ kí Ọlọrun gbé yín"""" ní ọ̀rọ̀ tó tú mí nínú kúrò nínú ọ̀fọ̀ ọmọ mi""",0,2,0,0,0,1
yoruba_1_00784,El-Zakzaky: Àwọn ọmọ Nàìjíría fẹ́ òfin Islam ju ìjọba awarawa lọ,0,0,0,0,0,0
yoruba_1_00785,Festus Keyamo: Amòfin ní Mínísítà kò ṣẹ̀ sí òfin bó ṣe fi nọ́mbà Eedris Abdulkareem sórí ayélujára,0,0,0,0,0,0
yoruba_1_00786,"Int'l Anti-Corruption Day: Àwọn kan ní ìwà àjẹbánu ń peléke síi n'íjọba Buhari, àwọn míì ní Buhari ń gbìyànjú",0,0,0,0,0,0
yoruba_1_00787,Nkechi Blessing: Àgbo tí yóò mú mi tíírín ti jẹ́ kí ìbàdí mi lọ sílẹ̀,0,0,0,0,0,0
yoruba_1_00788,"Ondo robbers vs Army attack: Adigunjalẹ̀ kolu sójà ní Ondo, wọ́n yìnbọn lú wọ́n ní àyà àti ní apá",0,2,0,0,0,0
yoruba_1_00789,School Reopening: Ìjọba ìpínlẹ̀ Eko kéde ṣíṣí gbogbo kíláàsì iléèwé padà,0,0,0,0,0,1
yoruba_1_00790,"Mò ń bọ̀ láìpẹ́ láti tú àṣìrí PDP, Atiku – Gomina Wike",0,0,0,0,0,0
yoruba_1_00791,Coronavirus in Nigeria: K1 de Ultimate ní káwọn ọmọ Nàìjíríà tí kò bá ńidìí láti jáde ó gbé inú ilé wọn,0,0,0,0,0,0
yoruba_1_00792,"Ọlọ́pàá dóòlà èèyàn mẹ́ta, wọ́n rí ìbọn gbà lọ́wọ́ ajínigbé ní Abuja",0,0,0,0,0,3
yoruba_1_00793,Osun 2022: Wo ẹ̀kúnrẹ́rẹ́ bí àbájáde èsì ètò ìdìbò ìpínlẹ̀ Osun se ló..,0,0,0,0,0,0
yoruba_1_00794,Nigeria Debt Profile: Kí ló mú gbèsè Nàìjíría fò láti ₦32.92trn si ₦39.56trn láàrin ọdún kan?,0,0,2,0,0,0
yoruba_1_00795,"""Jàǹdùkú yawọ ilé Abẹnugan ilé aṣòfin US, bí wọ́n ṣe fọ́ """"hammer"""" mọ́ ọkọ rẹ̀ lórí rèé""",0,1,2,0,0,0
yoruba_1_00796,Davido and Dele Adeleke: Njẹ́ ọ̀rọ̀ ipò gómínà Osun ní 2022 kò fẹ́ ẹ̀ da ẹbí Adeleke rú báyìí?,0,0,1,0,0,0
yoruba_1_00797,"Oluwo: Mo fẹ́ kí gbogbo ọmọ Nàíjíríà gbà mí lórí ìyà tí Oluwo fi jẹ mi, ni mó ṣe pe ẹjọ́",0,2,0,0,0,0
yoruba_1_00798,Lagos Okada ban: Àwọn àkàndá ẹ̀dá ní àwìn làwọn gba kẹ̀kẹ́ táwọn fi ń jẹun,0,1,0,0,0,0
yoruba_1_00799,Gómìnà Oyetola fẹ́ fi ìbò ìjọba ìbílẹ̀ rán ìpínlẹ̀ Osun sínú ọ̀gbun gbèsè tuntun ni - PDP Osun,0,2,0,0,0,0
yoruba_1_00800,"Garba Shehu: Ẹ ò kàn mọ̀ ni, Ààrẹ Buhari ń ran ètò ìjọba àwa ara wa lọ́wọ́ ní Nàìjíríà",0,0,0,0,0,0
yoruba_1_00801,N﻿jẹ́ lílo òògùn tàbí gba abẹ́rẹ́ láì jẹun le fa ikú òjijì?,0,0,0,0,0,0
yoruba_1_00802,NYSC Kidnap: Omi ìdọ̀tí atí ''biscuit'' la jẹ fún ọjọ́ méje - Àwọn àgùnbánírọ̀ sọ ìrírí wọ́n lọ́wọ́ ajínígbé,0,3,0,0,0,0
yoruba_1_00803,Lagos Yoruba Nation rally: Ìjọba Eko jáwọ́ nínú ẹ̀sùn ìpànìyàn tó fi kan Ọba Ogboni,0,0,0,0,0,0
yoruba_1_00804,Ukraine Returnee: Oreoluwa Opalana sọ bí Ọlọ́run ṣe kóo yọ tí ó sá kúrò ní Ukraine padà wá Nàìjíríà,0,0,0,0,0,2
yoruba_1_00805,Insecurity in Nigeria: Lára àwọn tí agbébọn jí gbé ni ọ̀dọ́ 25 tó ń ti ayẹyẹ ìgbeyàwó bọ̀ ní Taraba,0,2,0,0,0,0
yoruba_1_00806,Akomolede ati Asa: Mọ̀ si nípa àwọn ọ̀nà tí Yorùbá ń gbà ran ara wọn lọ́wọ́,0,0,0,0,0,0
yoruba_1_00807,Christmas: Ẹni ti ọdun ba ti bá láyé yẹ kó dúpẹ́,0,0,0,0,0,2
yoruba_1_00808,"El-Rufai: Inú mí dùn bí wọ́n ṣe mú Nnamdi Kanu, yóò kọ́ àwọn yóòkù tí wọ́n fẹ́ pín Naijiria ní ọgbọ́n",0,0,0,0,0,2
yoruba_1_00809,World Malaria Day 2022: Wo àwọn nkan ti o lé ṣe láti dáàbò bo ara rẹ lọ́wọ́ oró àìsàn ibà,0,0,0,0,0,0
yoruba_1_00810,"Seyi Makinde Defection: PDP ní ọ̀rọ̀ Fani-Kayode kò ṣé tẹ̀lé, asọ̀rọ̀ àná di bámíì ni",1,0,0,0,0,0
yoruba_1_00811,"Messis vs Ronaldo: Jurgen Klopp ní àràmọ̀ndà agbábọ́ọ̀lù tó ń jẹ Messi, ó ju Ronaldo lọ lórí pápá",0,0,0,0,0,0
yoruba_1_00812,Pastor Adeboye on 2023 Election: Wọ́n bi mi pé ta ni yóò di ààrẹ Nàìjíríà lọ́dún 2023,0,0,0,0,0,0
yoruba_1_00813,"Hajia Dada Habi Yar'Adua: Pàtàkì wo láwọn olóṣèlú so mọ́ ṣíṣe àbẹ̀wò sí ìyá ààrẹ tẹ̀lẹ́, Umaru Musa Yar Adua",0,0,0,0,0,0
yoruba_1_00814,Fake News; Àwọn iròyin ẹlẹ́jẹ̀ márùn ún tó fẹ́ẹ̀ tú Nàìjíríà ká,0,0,0,0,0,0
yoruba_1_00815,Ron Jeremy: Òṣèré tó ti ṣe ''Blue film'' fún ọdún 40 ti wọ gàù pẹ̀lú ẹ̀sùn ìfipábánilòpọ̀,0,1,0,1,0,0
yoruba_1_00816,Timothy Adegoke: Ètò tí n lọ láti mú ọmọ Adedoyin tí ìròyìn sọ pé ó darí bí wọ́n ṣe sin òkú Timothy ní Hilton Hotel,0,0,0,0,0,0
yoruba_1_00817,Baba Suwe: Babatunde Thompson sọ̀rọ̀ nípa ẹni tó wé ikú Moladun mọ́ Babatunde Omidina lọrun,0,0,0,0,0,0
yoruba_1_00818,BBC Investigation on IPOB: Mọ̀ síi nípa IPOB tó ń gbé orí ayélujára dá rúgúdú sílẹ̀ nítorí ọ̀rọ̀ Biafra,0,0,0,0,0,0
yoruba_1_00819,Lagos-Ibadan road accident: Ìjàmbá ọkọ̀ gbẹ̀mí èèyàn mẹ́tàdínlógún lọ́nà Ibadan,0,3,0,0,0,0
yoruba_1_00820,"Jumoke Odetola: Ọ́pọ̀ òṣèré koro ojú sí àṣehàn lásán lẹ́yìn ikú akẹẹgbẹ́ wọn, Williams Aanuoluwapo, Kumbalee",1,0,0,0,0,0
yoruba_1_00821,Adunni Ade: Lóòtọ́ọ́ ní àwọn adarí eré máa ń ní àjọṣepọ̀ pẹ̀lú àwọn òṣèré-bìnrin àmọ́ kò ṣẹlẹ̀ sí mi,0,0,0,0,0,0
yoruba_1_00822,Mothers Day: Àyájọ́ ìrántí àwọn ìyá àti ìdí tí ẹnu kò fí kò lórí ọjọ́ yìí lágbayé,0,0,0,0,0,0
yoruba_1_00823,"Domestic Violence: Joy tún gún òǹlàjà, tó jẹ́ ẹ̀gbọ́n ẹni tí wọn jọ ń jà, ní ọ̀bẹ lọ́wọ́ òsì",0,2,2,0,0,0
yoruba_1_00824,Afcon 2021: Ṣé lóòótọ́ ní ọ̀rọ̀ tàwọn èèyàn n sọ pé ẹmí òkùnkùn ààrẹ Buhari ló kó bá Super Eagles?,0,0,0,0,0,0
yoruba_1_00825,Falana on Timothy Adegoke Case: Ìjọba ìpínlẹ̀ Osun láwọn ti buwọ́lu ìwé àṣẹ fún Fálànà láti sójú ìdílé Timothy,0,0,0,0,0,0
yoruba_1_00826,"Latifat Tijani: Ìjọba Naijiria ń ṣèlérí láti mọ́ rírì mi àmọ́ láti 2016, pàbó ló ń já sí",0,2,0,0,0,0
yoruba_1_00827,Àwọn èèyàn kan dá yẹ̀yẹ́ mi sílẹ̀ lórí ikú ọmọ mi - Adeboye,0,0,0,0,0,0
yoruba_1_00828,COVID-19 in Lagos: Wo ìdí tó fi ṣeéṣe kí ìjọba àpapọ̀ ó kéde àkọ̀tun ìséde n'ipínlẹ̀ Eko,0,0,0,0,0,0
yoruba_1_00829,"Ebenezer Obey: Iléesẹ́ rẹ́kọ́ọ̀dù tí mo ti bẹ̀bẹ̀ láti kọrin, padà di tèmi lónìí - Ebenezer Obey",0,0,0,0,0,2
yoruba_1_00830,"Ẹ wo èrò àwọn ènìyàn lórí bí Gòmìná Akeredolu ṣe fòfin de NURTW, RTEAN nípínlẹ̀ Ondo",0,0,0,0,0,0
yoruba_1_00831,"Dare Adeboye, #PDee àti #NotTodaySatan, I'm not leaving God: Ẹ wo bí Leke Adeboye, àwọn ọ̀dọ́ ìjọ RCCG ṣe gẹ irun wọn láti bú ọlá fún olóògbé Dare Adeboye",0,0,0,0,0,0
yoruba_1_00832,Lesotho vs Nigeria: Nàìjíríà lu Lesotho lu lálùbolẹ̀ mọ́lé wọn,0,0,0,0,0,0
yoruba_1_00833,Sola Sobowale: Iṣẹ́ tí Ọlọ́run kọ mọ́ mi ni mò ń ṣe,0,0,0,0,0,0
yoruba_1_00834,Adejare Adeboye: Olúwa yóò dá gbogbo ohun ta sọnù ní 2020 padà ní ilọ́po méje fún wa,0,0,0,0,0,0
yoruba_1_00835,52 year old man rapes daughter: Ọwọ́ tẹ bàbá ẹni ọdún 52 tó ti ń bá ọmọ rẹ̀ lòpọ̀ fún ọdún,0,2,0,0,0,0
yoruba_1_00836,Anti Corruption War: Ìjọba bojú àánú wo àwọn gómìnà tẹ́lẹ̀ rí méjì tó ń sẹ̀wọ̀n lọ́wọ́ fẹ́sùn àjẹbánu,0,0,0,0,0,1
yoruba_1_00837,Salawa Abẹni: ₦50 péré làwọn èèyàn fí ń pè mí fún ayẹyẹ nígbà tí mó bẹ̀rẹ̀ orin kíkọ̀,0,0,0,0,0,0
yoruba_1_00838,Taaooma Mariam Apaokagi: Ìbáṣepọ̀ mi pẹ̀lú àwọn òbí mi yàtọ̀ sí bí mó ṣé n polongo nínú fídíò mi,0,0,0,0,0,0
yoruba_1_00839,Oyo Jailbreak: Wo ọṣẹ́ tí àwọn ẹlẹ́wọ̀n Abolongo ṣe fáwọn ará Oyo àti bí wọn ṣe rí wọn mú,0,0,0,0,0,0
yoruba_1_00840,Osusan Oluwatobi tricycle accident: Ààrin ìṣẹ́jú kan tí mo wọ 'Maruwa' ni ìjàmbá tó gbá ẹsẹ̀ mi wáyé,0,3,0,0,0,0
yoruba_1_00841,Ọlatunbọsun Blessing Damilọla: Ẹ dẹkún fífi ẹni tó bá kọ ilà sójú ṣe yẹ̀yẹ́ láwùjọ,0,0,0,0,0,0
yoruba_1_00842,Yakubu Dogara: Gómìnà Bauchi da ₦4bn owóyàá ìlú sápò iléeṣẹ́ àdáni kan,0,0,0,0,0,0
yoruba_1_00843,Ìmúra málegbàgbé ti Sẹnatọ Dino Melaye ti mú níle aṣòfin àgbà l'Abuja,0,0,0,0,0,0
yoruba_1_00844,Mother allegedly set daughter ablaze in Ogun: Ó gbẹnután! Ìyá da bẹntiró sí ará ọmọ ọdún mẹ́wàá tó sì dáná sun ún,0,0,0,0,0,0
yoruba_1_00845,"Ṣé lóòtọ́ ni gómìnà Adeleke dìgbájú lu òṣìṣẹ́ DSS, tí wọ́n fi kó gbogbo ẹ̀ṣọ́ aláàbò rẹ̀ kúrò?",0,0,1,0,0,0
yoruba_1_00846,"Èrò ọmọ Nàìjíríà ṣọ̀tọ̀ọ̀tọ̀ lórí àforíjìn Adamu, akẹ́kọ̀ọ́ fásiti tó sọ̀kò ọ̀rọ̀ sí Aisha Buhari",0,0,0,0,0,0
yoruba_1_00847,"Sunday Igboho: Àwọn ẹgbẹ́ aláriwo tó gbìyànjú láti fún mi ní ówó gan, mo kọ̀ọ́- Agbẹ́jòrò Sunday Igboho",0,0,0,0,0,0
yoruba_1_00848,Iskilu Wakili arrested: Ṣé èèyàn máa ń gba ìran ẹ̀ sílẹ̀ kó di ogun ní? - Oyo OPC,0,0,0,0,0,0
yoruba_1_00849,K﻿í ló dé táwọn èèyàn kan fi ń ro ikú ro Kemi Afolabi?,0,0,0,0,1,0
yoruba_1_00850,Stephen Sotonwa: Gbajúgbajà oníròyìn wọlẹ̀ sùn,0,2,0,0,0,0
yoruba_1_00851,"Wọ́n jí èmi àti ‘manager’mi gbé, wọ́n gba €2,000 lọ́wọ́ wa – Portable",0,2,0,0,0,0
yoruba_1_00852,Christmas Message: Wo bí o ṣe lè dáàbò bo ara rẹ lásòkò ọdún Keresimesi,0,0,0,0,0,0
yoruba_1_00853,International Women's day 2020: Àwọn obìnrin tọ́kasí pàtàkì ìbáraẹnidọ́gba láárin ọmọnìyàn,0,0,0,0,0,0
yoruba_1_00854,"Olutoye: Ọmọ ọdọ̀ àgbà ni mí, kò sì yẹ kí èdè Yorùbá parun",0,1,0,0,0,0
yoruba_1_00855,"Florence Onwuasoanya: Mo jẹ́ àsejẹ, mo mu àgbo tí kò ṣe e fẹnu sọ kí ń lè gbé ọmọ jó ṣùgbọn...",0,2,0,0,0,0
yoruba_1_00856,Serena Williams: Wang tún da àlá Ife ẹ̀yẹ kẹrìnlélógùn fún Serena Williams rú,0,2,0,0,0,0
yoruba_1_00857,Osun state: Èèyàn márùn ún kó sí gbaga ọlọ́pàá lórí ikú ẹ̀ni ọdún 42 kan l'Ẹ́dẹ,0,2,0,0,0,0
yoruba_1_00858,Niger school kidnap: Àwọn jàndùkù ajínigbé mú bábá tó gbé owó ìtúsílẹ̀ lọ fáwọn akẹ́kọ̀ọ́ tí wọ́n jígbé mọ́lẹ̀,0,2,0,0,0,0
yoruba_1_00859,Ọwọ́ Ọlọ́pàá tẹ àlùfáà ìjọ tó fun ọmọ ọdún méjìlá lóyún,0,2,0,0,0,0
yoruba_1_00860,Albinism: Èèmọ̀ rèé o! Kí ló lè mú kí àfín 114 di àwátì?,0,0,2,0,0,0
yoruba_1_00861,Hate Speech: Àwọn ọmọ Nàìjíríà ní kí ìjọba lọ wá'bi jókòó sí lórí àbádòfin ọ̀rọ̀ ìkóríra,2,0,0,0,0,0
yoruba_1_00862,"Fayoṣe: Gómìnà Fayemi kò nílò ẹjọ́, torí àti ṣe ohun ti ìjọba àná kò leè ṣe ní wọ́n fi dìbò fún un",1,0,0,0,0,0
yoruba_1_00863,"DFL: Ìdánilẹ́kọ̀ọ́ yìí tún ń kọ́ àwọn akẹ́kọ̀ọ́ girama ní iṣẹ́ Asoná, bàtà àti báágì ṣíṣe",0,0,0,0,0,0
yoruba_1_00864,"Sunday Igboho: Ìkọlù tí ẹ̀ṣọ́ aláàbò ṣe sí Sunday Igboho, Inú wa kò dún sí ìjọba''",0,2,0,0,0,0
yoruba_1_00865,Oyo Chieftancy Coronation: Ìpapòda Aláàfin kò ní dá ètò ìfinijoyè Femi Gbajabiamila dúró- Ọyọmesi,0,0,0,0,0,0
yoruba_1_00866,YouTube ń polówó àwọn iléeṣẹ ńlá pẹlú àwọn fídíò ayédèrú ìwòsàn ààrùn jẹjẹrẹ,0,2,0,0,1,0
yoruba_1_00867,19 month old pupil flogged by teacher: Olùkọ́ lu akẹ́kọ̀ọ́ rẹ ọmọ ọdún kan àti oṣù méje pa ní ìpínlẹ̀ Delta,0,3,2,0,0,0
yoruba_1_00868,Akure Building Collapse: Ẹ̀mí ènìyàn kan lọ sí ìjàmbá ilé tó dàwó ní ìlú Akure,0,3,0,0,0,0
yoruba_1_00869,Iléeṣẹ́ ọlọ́pàá kéde ẹ̀bùn #2.5 mílíọ̀nù fún ẹni tó bá mọ́ bí wọ́n ṣe lè mú àwọn jàǹdùkú wọ́nyìí,0,0,0,0,0,0
yoruba_1_00870,Police searching for bear: Kí ló le fàá tí àwọn ọlọ́pàá fi ń wá ẹranko Bíárì?,0,0,0,0,0,0
yoruba_1_00871,Wo àwọn àgbábọ́ọ̀lù tí kò ní kópa nínú  ìdíje ife ẹ̀yẹ bọ́ọ̀lù àgbáyé nítorí wọn farapa,0,0,0,0,0,0
yoruba_1_00872,Nasarawa lecturer viral video: Ọlọ́pàá mú olùkọ́ fásitì Lafia tí òun àti ọmọ rẹ̀ já ọmọ obìnrin kàn sí ìhòhò,0,1,0,2,0,0
yoruba_1_00873,Sunday Igboho sues federal government: Ilé ẹjọ́ pàṣẹ pé ìjọba kò gbọdọ̀ yọ Igboho lẹ́nu di ọjọ́ ìgbẹ́jọ́ míràn,0,0,0,0,0,0
yoruba_1_00874,"Dino Melaye: Ẹ̀yin ara Ondo, ẹ kígbe pé kò fẹ́ èrú ìbò, kí ìbò yín má ba à wọmi",0,0,0,0,0,0
yoruba_1_00875,PDP convention: Ìpàdé ìdìbò 'convention' ẹgbẹ́ òṣèlú PDP ń gbìnàyá l'Abuja,0,0,0,0,0,0
yoruba_1_00876,Sale of baby born by mentally challenged wowan: Òṣìṣẹ́ ìjọba méjì tó ta ọmọ aláàrùn ọpọlọ l'Ondo fojú bálé ẹjọ́,0,1,0,0,0,0
yoruba_1_00877,A ó ṣe ìfẹ̀họ́núhàn káàkiri Naijiria bẹ̀rẹ̀ láti óní lórí ààbọ̀ owó oṣù tí ìjọba san fún wa– ASUU,0,0,0,0,0,0
yoruba_1_00878,Okada ban in Lagos: Ẹ̀mí ọ̀gá ọlọ́pàá sọnù lásìkò tí wọ́n lọ fi ṣìkún òfin mú àwọn ọlọ́kadà nílùú Eko,0,2,0,0,0,0
yoruba_1_00879,Tinubu ló sanwó ta fi gbé òkú Moji Olaiya wá láti òke òkun - Jide Kosoko,0,0,0,0,0,0
yoruba_1_00880,"Fayose jẹ agbẹjọ́rò rẹ̀ ní gbèsè ₦900m, ló bá dèrò iléẹjọ́",0,0,1,0,0,0
yoruba_1_00881,Ọkọ lu ìyàwò pa nìpínlẹ̀ Ogun nítorí pé kò yọ̀nda ilé ẹ̀kọ́ tó kọ́ fún-ùn,0,3,0,0,0,0
yoruba_1_00882,Iléeṣẹ́ ọlọ́pàá dóòlà ọmọ oṣù kan tí wọ́n gbé e sọnù l'Eko,0,2,0,0,0,1
yoruba_1_00883,"Ogun tí Russia ń gbé kojú wá ń parí lọ díẹ̀díẹ̀ - Ààrẹ Ukraine, Zelensky",0,0,0,0,0,2
yoruba_1_00884,Yoruba Nation rally: ''Ìwọ́de Yorùbá Nation kò ní wáyé mọ́ nílùú Igboho torí a kò fẹ́ wàhálà'',0,0,0,0,0,0
yoruba_1_00885,"Liz Truss ní olóòtú  ìjọba tí sáà rẹ̀ kéré jùlọ nínú ìtàn ilẹ̀ UK, ọjọ́ 45 ló lò nípò",0,0,0,0,0,0
yoruba_1_00886,"9ice Marriage: Ẹ ba mi bẹ ìyàwó mi, òun ni igi lẹ́yìn ọgbà mi",0,0,0,0,0,0
yoruba_1_00887,Is Bola Tinubu still alive: Sanwo-Olu ní ìròyìn ikú Tinubu ló mú òun ṣàbẹ̀wò si ní London,0,0,0,0,1,0
yoruba_1_00888,"Ondo Amotekun: Kí ni ọ̀dọ́ àríwá 18 tó dirá ìjà ń wá l‘Ondo, tí wọn fi dojú ìjà kọ Àmọ̀tẹ́kùn?",1,0,0,0,0,0
yoruba_1_00889,"Àwọn ọ̀dọ́ lé aṣòfin sáré, sọ ‘Pure water’ lú torí kò ṣe àmúṣẹ ìlérí rẹ̀",1,0,0,0,0,0
yoruba_1_00890,Ekiti rape case: Ẹ̀ṣọ́ ìyàwó Gómìnà Ekiti Bisi Fayemi bọ́ sọ́wọ́ ọlọ́pàá lórí ẹ̀sùn ìfipábánilòpọ̀ l'Abuja,0,1,0,0,0,0
yoruba_1_00891,2023 Election: Femi Falana ní òfin kò faàyè gba kí Goodluck Jonathan dupò Ààrẹ,0,0,0,0,0,0
yoruba_1_00892,"Fayose, Reno Omokri vs Aisha Buhari: Olùdíje ààrẹ tó bá jẹ́ ìpè Iftar Aisha Buhari kò tó ọkùnrin, ẹ má ṣé dìbò fún un",2,0,0,0,0,0
yoruba_1_00893,Indonesia Sriwijaya Air: Ọkọ̀ bààlú tó gbéro àádọ́ta pòórá lẹyìn tó gbéra láti Jakarta,0,2,3,0,0,0
yoruba_1_00894,Atiku Appeal: Ilé ẹjọ́ tó ga jùlọ ní Nàìjíríà yóò gbẹjọ́ kòtẹ́milọ́rùn PDP lọ́jọ́rùú,0,0,0,0,0,0
yoruba_1_00895,"Ẹ̀yin agbébọn, ẹ kúrò nílẹ̀ Yorùbá tàbí kẹ́ ẹ tún rí ìjà mí - Sunday Igboho",2,0,0,0,0,0
yoruba_1_00896,"Makinde: Ẹgbẹ́ òṣèlú PDP ní àwọn kò padà lẹ́yìn Seyi Makinde, gómìnà ìpínlẹ̀ Ọ̀yọ́",0,0,0,0,0,0
yoruba_1_00897,Zamfara kidnapping: A ti bẹ̀rẹ̀ ìgbésẹ̀ ètò aà[bò míràn tó máa fi ará ìlú lọ́kàn balẹ̀- Hadi Sirika,0,0,0,0,0,0
yoruba_1_00898,Igboho released in Benin republic: Sunday Igboho gba òmìnira láti lọ tọ́jú ara rẹ̀ nílé ìwòsàn ní Benin Republic,0,0,0,0,0,1
yoruba_1_00899,Osun Kidnap: Àwọn agbébọn ti jí àwọn arìnrìnàjò gbé ní ìpínlẹ̀ Osun,0,3,0,0,0,0
yoruba_1_00900,Bí ọkọ mi ṣe ti èmi àti ọmọ mi méjì mọ́ ilé fún ọdún 17 leléyìí…,0,2,0,0,0,0
yoruba_1_00901,Femi Gbajabiamila: DSS ti fi ẹ̀sọ́ àbò Gbajabiamila tó pa fẹ́ndọ̀ l'Abuja sátìmọ́lé,0,1,0,0,0,0
yoruba_1_00902,"Sunday Igboho: Ẹ̀yin alátilẹ́yìn mi, ìjíròrò ló kù fún òmìnira báyìí kìí se ogun rárá",0,0,0,0,0,0
yoruba_1_00903,Nigerian Navy Ondo: Ikọ̀ ọmọogun orí omi fi páńpẹ́ mú olè mẹ̀rìnlélógún tó ń jí epo rọ̀bì,0,0,0,0,0,0
yoruba_1_00904,Road accident: Tírélà tẹ ẹ̀ṣọ́ àjọ FRSC pa lọ́nà Sagamu sí Ijebu Ode,0,2,0,0,0,0
yoruba_1_00905,Money Ritual: Ẹnìkan tó ṣe òògùn owó ní èèyàn kò gbọdọ̀ bèèrè ìrúfẹ́ ẹ̀jẹ́ tí wọn bá gbé lé àwọn lọ́wọ́ torí ọ̀rẹ́ òun tó bèèrè irú rẹ̀ kú ni,0,0,2,0,0,0
yoruba_1_00906,Jumoke Oyeleke: Wo ẹ̀bùn ńlá tí ìjọba fi ta ìyá tó pàdánù ọmọ rẹ̀ lásìkò ìwọ́de lọ́rẹ,0,0,0,0,0,2
yoruba_1_00907,Bola Tinubu: Buhari gba 50m ọ̀dọ́ síṣẹ́ ológun láti pèsè iṣẹ́ àti kojú ìwà ọ̀daràn,0,0,0,0,0,0
yoruba_1_00908,Àwọn tó sọ pé kò sí owó ní Nàìjíríà àfi ká yáwó ń pa irọ́ fáráàlú ni – Kwankwaso,0,0,0,0,0,0
yoruba_1_00909,ICPC vs Kashamu: Irọ́ ni ICPC ń pa mọ́ Kashamu lórí ọ̀rọ̀ ọkọ̀ áńbúlàǹsì àti ẹ̀rọ amúnáwá,1,0,0,0,0,0
yoruba_1_00910,bedsheet and your health: Ẹ wo ewu tó wà nínú lílo ‘’bedsheet’’ fún ìgbà pípẹ́,0,0,0,0,1,0
yoruba_1_00911,"Gani Adams: Iléesẹ́ ọlọ́pàá Oyo ṣe àfihàn àwọn afurasí, òníjìbìtì",0,0,0,0,0,0
yoruba_1_00912,"Ooni Ogunwusi: Ẹ sinmi àdíjàlẹ̀ ìròyìn, Adeleke kò ní òun yóò ra bàálù fún mi",2,0,0,0,0,0
yoruba_1_00913,Wo àtúnṣe òpópónà tíjọba fẹ́ ná ₦248bn lé lórí lọ́dún 2023,0,0,2,0,0,0
yoruba_1_00914,"Bandits attacks in Zamfara: Àwọn agbébọn pa èèyàn 48 ní Zamfara, ọlọ́pàá, òṣìṣẹ́ sífú dìfẹǹsì wà lara wọn",0,3,0,0,0,0
yoruba_1_00915,ASUU vs FGN: Ìjọba tó fọwọ́ ara wọn kó ìgbìmọ̀ alágbára méjì jọ náà ni yóò da gbogbo ìdúnàádúrà rú - Femi Falana,1,0,0,0,0,0
yoruba_1_00916,World suicide prevention: Iye àwọn tó ti gbẹ̀mí ara wọn rèé láàrin ọdún mẹ́rin ìjọba Buhari ní Nàìjíríà rèé,0,2,0,0,0,0
yoruba_1_00917,"W﻿ọ́n so òògùn ìbílẹ̀ àti àgádágodo mọ́ ẹnu ọ̀nà ààfin ní Ikirun, ọba tuntun kò rọ́nà wọlé",0,0,0,0,0,0
yoruba_1_00918,"Ghana Floods: Omiyalé ní Ghana, èèyàn 28 dolóògbé!",0,3,0,0,0,0
yoruba_1_00919,NINAS UN Protest: Yoruba Nation béèrè kókó nǹkan mẹ́fà lọ́wọ́ Buhari ṣáájú ìwọ́de níwájú àjọ UN,0,0,0,0,0,0
yoruba_1_00920,Nigeria kidnap: Àwọn jàndùkú jí agbábọ́ọ̀lù Nàìjíríà méjì gbé lópòpónà Owo sí Benin,0,2,0,0,0,0
yoruba_1_00921,"UN Plane Crash: Èèyàn méjì, tó fi mọ́ ọmọ ọdún márùn-ún ló kú nínú bàálù tó já ní Borno",0,3,0,0,0,0
yoruba_1_00922,Child Abuse: Oyinye Mbadike ní ìbátan òun mu ọti yó ni òun ṣe dín dùǹdú ìyà fun,0,0,1,2,0,0
yoruba_1_00923,Nigeria at 61: Ẹ wo àwọn olóṣèlú méje pàtàkì tó jà fún òmìnira Nàìjíríà,0,0,0,0,0,0
yoruba_1_00924,"EndSARS Protes Updatet: Aláàfin Ọyọ ní ọ̀dọ́ ìwòyí kò gba gbẹ̀rẹ́, kíjọba yé halẹ̀ mọ́ wọn",1,0,0,0,0,0
yoruba_1_00925,Independence Day Nigeria: Lamido Sanusi gbóṣùbà fún ìjọba lórí bó ṣe yọwọ́ ìrànwọ́ epo,0,0,0,0,0,1
yoruba_1_00926,"Lẹyin iku Ginimbi ọrẹ rẹ, Davido ni asan lohun meremere aye jẹ",0,2,0,0,0,0
yoruba_1_00927,"Michael Oluronbi: Ẹranko tó da àṣọ èèyàn bora ní mí, mo jẹ̀bi ohun tó ṣẹlẹ̀",0,0,0,0,0,0
yoruba_1_00928,Èèyàn mẹ́jọ farapa nínú ìjàmbá ọkọ̀ l'Ondo,0,2,0,0,0,0
yoruba_1_00929,Sunday Igboho: Oloye Toluwalase ti ìlú Àjàṣé-Ilé ní ẹ̀wọ̀n ní ìjìyà fún ṣiṣe ayédèrú ''Passport'' ní Benin Republic,0,0,0,0,0,0
yoruba_1_00930,Shebaby: Àwọn Eléégún ní òṣèré yóò kú láàrin ọjọ́ méje,0,0,0,0,2,0
yoruba_1_00931,"Son Kills Father Over Chicken Head: Orí adìyẹ fà wàhálà láàrin Godwin àti bàbá rẹ̀ nípínlẹ̀ Ondo, ló bá ṣá bàbá rẹ̀ làdá pa",0,3,2,0,0,0
yoruba_1_00932,Ogun: Ọkùnrín márùn ún fojúbalé ẹjọ́ lórí ẹ̀sùn ijà àti igbó fífà,0,0,0,0,0,0
yoruba_1_00933,"Koko iroyin: Ìjọ Àgùdà ni ẹ̀jẹ̀ pọ̀ ní Nàíjíríà, Àwọn asòfin gbára wọn lẹ̀sẹ́ l‘Ondo",0,0,0,0,0,0
yoruba_1_00934,Hijab Crisis: Elebuibon ní àwọn ẹlẹ́sìn ìbílẹ̀ náà fẹ́ káwọn ọmọ wọn máa wọ ìlẹ̀kẹ̀ lọ sílé ìwé,0,0,0,0,0,0
yoruba_1_00935,Ta ló pa ọmọ ẹgbẹ́ PDP l‘Oyo èyì tó fẹ́ fa wàhálà sílẹ̀ láàrin PDP àti APC?,0,0,0,0,0,0
yoruba_1_00936,"""Àìsàn tó ń mú èèyàn fa irun ara rẹ̀ tu - Ohun tó yẹ kí o mọ̀ nípa """"Trichotillomania"""" nìyí""",0,0,0,0,1,0
yoruba_1_00937,Itunu Babalola's autopsy rejected: Bàbá Itunu kọ èsì àyẹ̀wò òkú ọmọ rẹ̀ tí Cote d'Ivoire fi ráńṣẹ́,2,0,0,0,0,0
yoruba_1_00938,Lebanon Explosion: Ibùdó tí igba èèyàn ti kú lóṣù kẹjọ ní iná míràn ti jó,0,2,0,0,0,0
yoruba_1_00939,Twitter ban in Naijiria: Ìjọba Nàìjíríà ṣàlàyé ibi tí ìjíròrò pẹ̀lú Twitter dé dúró àti ìgbà tó ṣeéṣe kí Twitter padà sẹ́nu iṣẹ́ ní Nàìjíríà,0,0,0,0,0,0
yoruba_1_00940,Akọ ajá pit bull fa ọmọ ọdún mẹ́jọ ya pẹ́rẹpẹ̀rẹ ní South Africa,0,3,2,0,0,0
yoruba_1_00941,Pasuma sacks manager: Ohun tí a mọ̀ nípa ìjà tó ń wáyé láàrín Pasuma Ajibola àti 'Manager' rẹ̀ rèé,0,0,0,0,0,0
yoruba_1_00942,FRSC thunder strike: Lẹ́yìn ìwádìí ìkú àrà tó sán pa òṣìṣẹ́ FRSC mẹ́ta lọ̀rọ̀ ètùtù kò ṣe ètùtù tó lè wáyé,0,2,0,0,1,0
yoruba_1_00943,Farmer/Herders Clash: Àwọn afurasí apààyàn pa Musa Monsuru 'Atiku' ní Igboora,0,3,0,0,0,0
yoruba_1_00944,"Yahaya Bello vs Tinubu: Joe Igbokwe ní ọmọdé kò lè ṣèjọba Nàìjíríà, Tinubu ló ní ìrírí jùlọ",0,0,0,0,0,0
yoruba_1_00945,Ibrahim Babangida: Mo rọ àwọn adarí wa láti jẹ́ àwòkaṣẹ́ rere fún aráàlú,0,0,0,0,0,0
yoruba_1_00946,Boko Haram: Iléeṣẹ́ ọlọ́pàá ní òun fẹ́ lo ẹṣin àti Ọ̀kadà láti ṣọ́ ìlú Abuja,0,0,0,0,0,0
yoruba_1_00947,Alleged rape: Ọwọ́ tẹ bàbá ẹni ọdún 64 tó fi ìpá bá ọmọ ọdún méjì lòpọ̀ ní ìpínlẹ̀ Ogun,0,3,0,0,0,0
yoruba_1_00948,Iya Jogbo Dead: Ọ̀pọ̀ olólùfẹ́ Emmanuella Pobeni Adepoju kẹ́dùn ikú rẹ̀,0,3,0,0,0,0
yoruba_1_00949,Aarẹ Pakistan: Idájọ ikú ni wọ́n fun Musharraf nitorí ẹ̀sùn Iditẹ̀ gbà ìjọba,0,2,0,0,0,0
yoruba_1_00950,Jacob Zuma: Iléẹjọ́ tó gá jùlọ ní South Africa sọ̀ aarẹ́ àná sẹ́wọ̀n oṣù mẹ́ẹ̀dógún,0,1,0,0,0,0
yoruba_1_00951,Buruji Kashamu: Gómínà Dapo Abiodun tí lọ ṣàbẹ̀wò ìbánikẹ́dùn sí àwọn ẹbí Kashamu,0,2,0,0,0,0
yoruba_1_00952,Àṣírí tú! Ì﻿lò ìyà ni wọ́n ń lo àwọn dókítà ọmọ Nàìjíríà tó ń lọ sí UK fún iṣẹ́,0,2,0,0,0,0
yoruba_1_00953,Kenya Prisioners: Àwọn ẹlẹ́wọ̀n mórí lé ilé-ẹjọ́ kòtẹ́milọ́rùn fún ẹ̀kúnwó owó oṣù ẹlẹ́wọ̀n,0,0,0,0,0,0
yoruba_1_00954,Sunday Igboho: Ẹgbẹ́ ìlànà ọmọ Oodua ní kí Yorùbá túbọ̀ kún fún àdúrà kí ayọ̀ náà le dé,0,0,0,0,0,0
yoruba_1_00955,"Insecurity in Nigeria: Ọba alayé rawọ́ ẹ̀bẹ̀ sí ìjọba láti dẹ́kun ìkọlù afurasí Fulani, kó tó di làásìgbò ńlá",0,0,0,0,2,0
yoruba_1_00956,"Coronavirus: Wọ́n ti gbé olóòtú ìjọba ilẹ̀ Gẹẹsi, Boris Johnson lọ sí wọ́ọ̀dù aláísàn tó lágbára",0,1,0,0,0,0
yoruba_1_00957,"Ìgbéyàwó gbajúgbajà òṣèré tíátà, Yomi Gold tí forí sánpọ́n lẹ́yìn ọdún kan!",0,2,0,0,0,0
yoruba_1_00958,"Seun Egbegbe: Ipò wo ni Seun Egbegbe, Olóòtú eré wà báyìí lẹ́wọ̀n?",0,0,0,0,0,0
yoruba_1_00959,Death penalty for rapists: Wo ìpínlẹ̀ tó ṣẹ̀ṣẹ̀ buwọ́lu ìdájọ́ ikú f'ẹ́nikẹ́ni tó fipá báàyàn lòpọ̀,0,0,0,0,0,0
yoruba_1_00960,"Kano couple: Bí ìyàwó mi ẹni ọdún 84 bá bí ìbejì, Hussaina ati Hassana la ó sọ wọ́n",0,0,0,0,0,0
yoruba_1_00961,Akomolede ati Asa lori BBC: Olùkọ́ Bolanle Adekanmi kọ́ wa nípa oríṣíi Àròkọ Yorùbá tó wà,0,0,0,0,0,0
yoruba_1_00962,"Kí ló dé táwọn pásítọ̀ gbé àsọtẹ́lẹ̀ jáde tàbí ń bèèrè òkú Ifeanyi, ọmọ Davido?",0,0,0,0,0,0
yoruba_1_00963,Obadiah Mailafia: DSS ti fi igbákejì gómìnà CBN tó ní gómìnà kan ní Àríwá Naijiria ní Ọ̀gá Boko Haram sílẹ̀,0,0,0,0,0,0
yoruba_1_00964,"Lassa Fever: Àjèjì ààrùn tó ń pani ní Nàìjíríà bàyìí kìí ṣe CoronaVirus, Lassa, tàbí Ebola",0,0,0,0,1,0
yoruba_1_00965,Policeman dies in Gbenga Daniel‘s House: Àya ọlọ́pàá tó kú ní òun kọ N1m tí wọn fún òun,0,2,0,0,0,0
yoruba_1_00966,FRSC: Ọkọ̀ agbépo tó da epo sílẹ̀ fa súnkẹrẹ-fàkẹrẹ ní Eko sí Ibadan,0,0,0,0,0,0
yoruba_1_00967,"Olubadan of Ibadan dead: Ààfin Olubadan sọ̀rọ̀ sókè, wọ́n ní àrùn COVID-19 kọ́ ló pa Olubadan, Saliu Adetunji- Adeola Oloko",0,0,0,0,0,0
yoruba_1_00968,"Emmanuel Folorunso Abina, ọmọ Olùdarí ìjọ GOFAMINT, Elijah Abina jáde láyé lẹ́yìn ikú ìyàwó rẹ̀",0,3,0,0,0,0
yoruba_1_00969,Ọlọ́pàá ìpínlẹ̀ Osun ti mú ọlọ́dẹ tó yìnbọn pa ìmàámù dípò ẹran ẹtu,0,2,0,0,0,0
yoruba_1_00970,Tope Ajogbajesu: Mọ̀lẹ́bí kan ní orin ikú ọdún yìí fò mí ru ní Tope kọ láàrin ọ̀sẹ̀ tó kú,0,2,0,0,0,0
yoruba_1_00971,Nnamdi Kanu: Sunday Igboho ní mímú aṣaájú IPOB kò lè dí ìwọ́de Yoruba Nation Eko lọ́wọ́,0,0,0,0,0,0
yoruba_1_00972,Lauretta Onochie: Àwọn ará ìlú lẹ́tọ̀ọ́ lábẹ̀ òfin láti fi ẹjọ́ ẹni tó ń náwó yàlàyòlò sun agbófinró,0,0,0,0,0,0
yoruba_1_00973,Ogun Insecurity: Kí ló mú kí wọn dáná sun oríadé àti èèyàn mẹ́ta míì?,0,0,2,0,0,0
yoruba_1_00974,"EndSARS: Àwọn ọ̀dọ́ tẹ̀ ẹ́ pa, àmọ́ wo ìkílọ̀ Ìjọba àpapọ̀, Ọlọ̀pàá àti Gómìnà Sanwoolu",0,0,0,0,0,0
yoruba_1_00975,"Tafa Oloyede: ₦200 ní owó oṣù àkọ́kọ́ mi nìdí iṣẹ́ tíátà, mo sì ní àṣọ mẹ́ta péré",0,0,0,0,0,0
yoruba_1_00976,Sowore ni àwọn ọmọ Nàìjíríà ló gba òun lọ́wọ́ àhámọ́ DSS,0,0,0,0,0,1
yoruba_1_00977,Iganmu shanty demolition: Oníṣẹ́ ibi pọ̀ tó ń ṣọṣẹ́ lábẹ́ afárá Iganmu yìí ti pẹ́ ṣùgbọ́n.,0,0,0,0,0,0
yoruba_1_00978,"Alaafin Oyo: Wo ohun tí o kò mọ̀ nípa Morenikeji Lasisi, olórí ẹrú tó ti bá Aláàfin mẹ́ta ṣiṣẹ́",0,0,0,0,0,0
yoruba_1_00979,"Fasoranti: Ẹ̀mí àwọ̀n darandaran Fulani kò dè mọ́ ní Gúsù Nàìjíríà, kí wọ́n padà sókè ọya ní kíákíá",0,0,0,0,2,0
yoruba_1_00980,"Military coup in Burkina Faso: Ọmọ ogun gbàjọba ni Burkina Faso, wọ́n ti gbogbo ibodè orílẹ̀-ède náà pa",0,0,0,0,3,0
yoruba_1_00981,BBC Africa Eye: Ìwádìí tú àṣírí bí ààrẹ orílẹ̀-èdè DR Congo ṣé lú owó aráàlú ní pónpó,0,0,0,0,0,0
yoruba_1_00982,Ikeja gas fire: Dúkìá sòfò níbi ti iná ti ṣẹ́yọ lágbègbè Sheraton ní Ikeja l'Eko,0,3,0,0,0,0
yoruba_1_00983,Didier Drogba: Agbabọọlu to fí okiki dáwọ ìjà ogun abẹ́lé dúró n'ilẹ baba rẹ,0,0,0,0,0,0
yoruba_1_00984,"Àwọn èèkàn ẹgbẹ́ ní ilẹ̀ Yorùbá ní bí nǹkan ṣe rí pẹ̀lú àbò ní Nàìjíríà, bí aráàlú bá ní ìbọn fún àbò ara wọn kò burú o",1,0,0,0,0,0
yoruba_1_00985,Kidnapping In Oyo: Ìjọba tú àṣírí ọ̀nà tuntun tí ajínigbé ń gbà jí akẹ́kọ̀ọ́ gbé,0,0,0,0,0,0
yoruba_1_00986,Russia sẹ́ pé àwọn kọ́ ló ju àdó olóró sí Poland ṣùgbọ́n Zelensky ni pé Ó jù sí Ukraine lásìkò tí ìpàdé G20 ń lọ lọ́wọ́,0,0,0,0,0,0
yoruba_1_00987,Ìran kan si ìkejì ló n gbèrò láti ṣe ìgbéyàwo àjùmọ̀ṣe 'Shao' fọ́mọ wọn,0,0,0,0,0,0
yoruba_1_00988,Kí ló fa kí ìbínú obìnrin burú ju ti ọkùnrin lọ láti ọdún 2017?,0,0,0,0,0,0
yoruba_1_00989,WAEC: ANCOPSS ní òun àti ẹgbẹ́ olùkọ́ yóò ṣèpàdé lọ́jọ́ Ẹti lórí ìpínu ìjọba àpapọ̀,0,0,0,0,0,0
yoruba_1_00990,Joseph Yobo ni igbákejì akọ́nimọ̀ọ́gbá Super Eagles tuntun - NFF,0,0,0,0,0,0
yoruba_1_00991,"Olagunsoye Oyinlola: Kí Olorun dáríjì wá lórí ọ̀rọ̀ yíi, a ti kùnà ìlérí wa fún ìran Yorùbá",0,2,0,0,0,0
yoruba_1_00992,"Iyabo Ojo: Tiwa Savage fun ní N500,000, àwọn míì fi màálù méjì, ọtí wáìnì ránṣẹ",0,0,0,0,0,0
yoruba_1_00993,"""Thunder strike on Jaipur tower: Bí àrá ṣe sán pa èèyan 16 tó ń ya """"Selfie"""" rèé""",0,0,2,0,0,0
yoruba_1_00994,Fulani herders: Ṣé lóòtọ́ọ́ láwọn Fulani tún ṣá aráàlú Igangan méjì ládàá nínú ilé wọn?,0,0,0,0,0,0
yoruba_1_00995,"EndSARS Protest: Wo bí olùwọ́de EndSARS, Eremosele Adene ṣe gba òmìnira lọ́wọ́ ọlọ́pàá",0,0,0,0,0,1
yoruba_1_00996,“Mo ṣetán láti fi ọ̀kan nínú kíndìnrín mi sílẹ̀ fún ọmọ Ekweremadu”,0,0,0,0,0,0
yoruba_1_00997,"Oyo Politics: Àwọn Jàǹdùkú kọlù alága àjọ tó ń ṣètò eré ìdárayá ní ìpínlẹ̀ Oyo, Gbenga Adewusi",0,1,0,0,0,0
yoruba_1_00998,"Ondo crime: Happiness tó fọ́gi mọ́ orogún rẹ̀, Blessing Emmanuel lórí tó fi kú l'Ondo ti wà láhámọ́ ọlọ́pàá",0,1,0,0,0,0
yoruba_1_00999,"POS operator murder: Ọlọ́pàá mú afurasí tó pa oniṣowo ẹrọ igbowo POS kan, wọ́n ni àbọ̀dé ìgbẹ́jọ́ Sunday Igboho lọwọ́ tẹ̀ẹ́",0,0,0,0,0,0
yoruba_1_01000,EndSARS: Lai Mohammed ní ìjọba kò ní gba èsì ìgbìms náà wọlé nítorí ó tako ẹ̀rí tó wà nílẹ̀,0,0,0,0,0,0
yoruba_1_01001,Revolution Now bẹ̀rẹ̀ ní agbègbè Ojota ní ìpínlẹ̀ Eko,0,0,0,0,0,0
yoruba_1_01002,Sunday Igboho: Olùgbé Benin Republic ní káwọn ọba Yorùbá máa tètè pariwo pé Igboho kò lẹ́ṣẹ̀ lọ́rùn,0,0,0,0,0,0
yoruba_1_01003,"Ajínigbé ẹlẹ́ni mẹ́fà gbé ọkùnrin kan níwájú ilé rẹ̀ l’Ogun, bí àṣírí wọn ṣe tú rèé",0,0,0,0,0,0
yoruba_1_01004,Owolabi Ajasa police in Yoruba film: Irungbọ̀n tí mi ò ní ló mú mi ṣe oríire kíkó'pa ọlọ́pàá,0,0,0,0,0,0
yoruba_1_01005,Àlàyé rèé lórí bí 'Popular Jingo' ṣé dí inagijẹ akọrin Juju tó bí Wale Thompson 'Lalalẹ Friday',0,0,0,0,0,0
yoruba_1_01006,"Igboora: Wòlíì ni mí, ṣùgbọ́n àwọn ọ̀gá tó kọ́ mi níṣẹ́ òògùn owó ní kí n má dárúkọ",0,0,0,0,0,0
yoruba_1_01007,T.B. Joshua: S.K. Abiara sọ̀rọ̀ nípa ìgbésí-ayé T.B. Joshua níbi ìsìn ìdúpẹ́,0,0,0,0,0,0
yoruba_1_01008,Ogun rape: Bàbá ọdún 52 fi ipá bá ọmọ rẹ̀ ọdún mẹ́wàá lòpọ̀,0,2,0,2,0,0
yoruba_1_01009,Covid-19 second wave: ''Ìjọba kò tíì pàṣẹ ìlànà ìtakété-síra-ẹni padà nínú BRT la ò ṣe tíì ma tẹ̀le'',0,0,0,0,0,0
yoruba_1_01010,Ìpànìyàn Akinyele: Àwọn ìgbésẹ̀ tí ọlọ́pàá ń gbé lórí ikú Mujeeb tí wọ́n pa nílùú Ibadan,0,0,0,0,0,0
yoruba_1_01011,Kazeem Tiamiyu: Wọ́n ti sin òkú agbábọ́ọ̀lù Remo Stars tí wọ́n sọ pé SARS pa ní Sagamu,0,2,0,0,0,0
yoruba_1_01012,"Lady Peller: Ọjọ́ ni ọjọ́ tí idán yíwọ́ fún ọkọ mi lẹ́yìn tó gé mi sí méjì, mo kú tán",0,0,2,0,0,0
yoruba_1_01013,Hirsutism: Wo ohun tí ojú obìnrin tó ní irun ní gbogbo ara ń rí torí ó dà bí ọkùnrin,0,0,0,0,0,0
yoruba_1_01014,"Olùkọ́ Kano sọ abiyamọ sí ìbànújẹ́, Ó lu akẹ́kọ̀ọ́ ọmọ ọdún mẹ́sàn án pa",0,3,0,0,0,0
yoruba_1_01015,Raped for nine months: Oṣù mẹ́sàn-án ni wọ́n fi jí mi gbé tí wọ́n ń fipá bá mi lòpọ̀ títí tó fi di oyún,0,3,0,0,0,0
yoruba_1_01016,Kí ló mú Portable sún sínú pòsí lọ sóde eré?,0,0,2,0,0,0
yoruba_1_01017,Shasha violence in Ibadan: Kíni àwọn gómínà láti Àríwá Naijiria sọ lórí ìjà ẹlẹ́yàmẹ̀yà ní Shasha?,0,0,0,0,0,0
yoruba_1_01018,King burnt in Ogun State: Ọwọ́ ọlọ́pàá ìpínlẹ̀ Ogun tẹ afurasí 11 tó dáná sun ọba nílú Agodo,0,0,0,0,0,0
yoruba_1_01019,Ṣé lóòótọ́ ní pé àjọ elétò ìdìbò INEC láwọn ibùdó ìforúkọsílẹ̀ olùdìbò ti wọ́n yà sọtọ ní Niger Republic?,0,0,0,0,0,0
yoruba_1_01020,Ondo Doctors strike: Àwọn aláìsàn ń padà lọ sílé lẹ́yìn tí àwọn Dókítà bẹ̀rẹ̀ ìyànṣẹ́lódì ní Ondo,0,2,0,0,0,0
yoruba_1_01021,"Boko Haram Insurgency: Ẹ̀yin oníròyìn ẹ rọra máa pariwo ẹ̀kúnrẹ́rẹ́ nípa àwọn adigunjalè, ẹ ń kóbá iṣẹ́ agbófinró - Àjọ NBC",0,0,0,0,0,0
yoruba_1_01022,"SW Security: Ìpàdé ààbò wáyé nílẹ̀ Yorùbá, wọ́n fẹnu ọ̀rọ̀ jóná pẹ̀lú ilééṣẹ́ ọlọ́pàá",0,0,0,0,0,0
yoruba_1_01023,"A﻿gbénipa bẹ́ orí, wọ́n tún la àyà òṣìṣẹ́ ìjọba ní Akure",0,3,0,0,0,0
yoruba_1_01024,"2023: Màá pèsè iṣẹ́ tó tó 66,000 tí n bá di Gómìnà ìpínlẹ̀ Oyo – Adelabu",0,0,0,0,0,0
yoruba_1_01025,Richard Okorogheye death: Bí wọ́n ṣe rí òkú rẹ̀ nínú adágún omi ní UK lọ́sàán gangan,0,2,0,0,0,0
yoruba_1_01026,Bobrisky: Mompha àti Bobrisky ti sọ̀rọ̀ sókè lórí àhesọ ọ̀rọ̀ pé wọ́n ń fẹ́ ara wọn,0,0,0,0,0,0
yoruba_1_01027,Lagos Flood: Omíyalé gbẹ́mìí ọmọ ìyá mẹ́ta àti àgbálàgbá mẹ́rin - NEMA,0,3,0,0,0,0
yoruba_1_01028,"Ọ̀lẹ ní àwọn DSS ní Naijiria, TV ni wọ́n máa ń wò nígbà tí mo wà ní páńpẹ́ wọn- Ṣowore",0,0,0,0,0,0
yoruba_1_01029,Diego Maradona lọ̀! Ẹ jẹ́ ká gbafẹ́ pẹ̀lú àwọn àwòdamiẹnu àwòrán nípa ìgbé ayé rẹ,0,0,0,0,0,0
yoruba_1_01030,"OAU Aishat Adesina : Àwọn aláṣẹ fásitì OAU ṣí iléèwé náà padà lẹ́yìn ikú akẹ́kọ̀ọ́, Aishat Adesina tó fa ìfẹ̀hónúhàn",0,1,0,0,0,1
yoruba_1_01031,"Oludare Alaba: Akẹ́kọ̀ọ́ LAUTECH tó dá ìwé ẹ̀rí padà rí ẹ̀bùn owó N500,000:00 gbà lọ́wọ́ Onilede Solomon",0,0,0,0,0,1
yoruba_1_01032,"Poverty in Nigeria: SERAP ní aráàlú ló ń jẹ ìyà torí ìwà àjẹbánu ní ẹ̀ká ìlérá, ètò ẹ̀kọ́ àti ìpèsè omi",0,2,0,0,0,0
yoruba_1_01033,Mama Rainbow: iṣẹ́ tíátà kò ta sánsán mọ́ bíi ti ayé àtijọ́,0,0,0,0,0,0
yoruba_1_01034,"'Lassa Fever' kọ́ ni ààrùn tó padà wá, mọ̀ nípa ààrùn yìí tó ti pa èèyàn 15 ní Benue",0,0,0,0,0,0
yoruba_1_01035,AstraZeneca vaccine side effects: Wo ìhùwàsí àwọn tó ti gba abẹ́rẹ́ àjẹsára Covid-19,0,0,0,0,0,0
yoruba_1_01036,"Ibadan Petrol tanker accident: Tánkà agbépo bẹntíróò ṣubú n'Ibadan, àwọn èèyàn ń gbọ́n epo láì bẹ̀rù iná",0,0,0,0,1,0
yoruba_1_01037,Àwọn ẹ̀rí kàbìtì tó ní oògùn olóró nínú tó rọ̀ mọ Abba Kyari rèé - NDLEA,0,0,0,0,0,0
yoruba_1_01038,"Ondo election 2020: Kalejaye ní APC kò ní ṣ'èèrú nínú ìbò gómìnà tó ń bọ̀, Wike má gbé jàgídíjàgan wá",0,0,0,0,0,0
yoruba_1_01039,Harry and Meghan: Olóòtú Canada ní ọ̀rọ̀ gbọ́dọ̀ wáyé nípa ìgbésẹ̀ wọ̀n,0,0,0,0,0,0
yoruba_1_01040,Housemaid allegedly kills Mistress‘s Baby: Ọmọ ọ̀dọ̀ jẹ́wọ́ pé ẹgbẹ́ àjẹ́ tí òun wà ló ní kí òun mú ẹ̀jẹ̀ ọmọ ọ̀gá òun wá,0,0,2,1,0,0
yoruba_1_01041,Àwọn mọ̀lẹ́bí Sammie Okposo sọ̀rọ̀ lórí ikú rẹ̀,0,0,0,0,0,0
yoruba_1_01042,Ìjàmbá Eko: Ṣúnkẹrẹ fàkẹrẹ gba òpópónà Berger kan torí ìjàmbá ọkọ̀,0,0,0,0,0,0
yoruba_1_01043,#SagamuOnFire: Àwọn ẹbí Tiamiyu bèrè fún ìwádìí tòótó lórí ikú ọmọ wọn,0,3,0,0,0,0
yoruba_1_01044,"Bukola Odufuwa: Mo ń ta oúnjẹ fáwọn akẹ́kọ̀ọ́, gbálẹ̀, fọ aṣọ, pọnmi láì tọrọ agbe jẹun",0,0,0,0,0,0
yoruba_1_01045,"Ojogbon Banji Akitoye: A ti kọ lẹ́tà sí ìjọba pé à ń ló kúrò ní Nàìjíríà, gbèndéké àsìkò ní à n dúrò dé kí a tó gbé ìgbésẹ̀ tó kàn",0,0,0,0,0,0
yoruba_1_01046,Salawa Abeni:Ọwọ́ ọlọ́pàá ti tẹ ẹni tó fẹ́ ba Queen Waka lórúkọjẹ́ lọ́jọ́sí,0,0,0,0,0,2
yoruba_1_01047,"Guinea-Bissau 'coup attempt': Ìdìtẹ̀gbàjọba tó fẹ́ wáyé ní orílẹ̀-èdè Guinea Bissau, wo ohun tí a lè fìdíẹ̀ múlẹ̀ nípa rẹ̀",0,0,0,0,0,0
yoruba_1_01048,EFCC arrests Juju priest: EFCC fi ṣìkún òfin mú Oníṣegùn tó lu aláìsàn ní jìbìtì,0,0,0,0,0,0
yoruba_1_01049,"Irọ́ ni pé àṣìta ìbọn ló pa Bolanle Raheem, kò sí ohun tó ń jẹ́ àsìta ìbọn - Police PRO",0,0,0,0,0,0
yoruba_1_01050,School reoppening date: Ìjọ́ba ìpínlẹ̀ Kwara kéde pé ki àwọn akẹ́kọ̀ọ́ ilé ìwé wọlé padà,0,0,0,0,0,0
yoruba_1_01051,Timothy Adegoke: Àwọn ọ̀dọ́ Ìbàràpá yarí wọ́n tú jáde fún ìfẹ̀hónúhàn lórí ìdájọ́ ikú Timothy,3,0,0,0,0,0
yoruba_1_01052,Lagos School reopening: Ìjóba ìpínlẹ̀ Eko kéde ṣíṣí àwọn ilé ìwé padà,0,0,0,0,0,0
yoruba_1_01053,EndSARS School Resumption: Àwọn akẹ́kọ̀ọ́ lè padà sílé ìwé láti ọjọ́ Ajé - Ìjọba ìpińlẹ̀ Eko,0,0,0,0,0,0
yoruba_1_01054,"Herbalist: Babaláwo rí ẹ̀wọ̀n he! lẹ́yìn tó ṣe ìwòsàn fún obìnrin pẹ̀lu tábà fífí, ló bá kú lójijì!",0,1,0,0,0,0
yoruba_1_01055,À﻿wọn èèyàn kan faraya bí Peter Obi ṣe ṣe àbẹ̀wò sí Gumi,2,0,0,0,0,0
yoruba_1_01056,Bí Babaláwo ṣe fí àdá ṣá alábàgbé rẹ̀ lójú òórùn nìpínlẹ̀ Ogun ti ariwo sọ,0,1,2,0,0,0
yoruba_1_01057,Apapa gridlock: Ìjọba àpapọ̀ ní òun kò ní gbà kí wọ́n ba ọrọ̀ ajé ilẹ̀ yìí jẹ́,2,0,0,0,0,0
yoruba_1_01058,Guinea Coup: Àwọn ọmọogun orílẹ̀èdè Guinea ti gba ìjọba lọ́wọ́ ààrẹ Alpha Conde,0,0,0,0,0,0
yoruba_1_01059,"Lahanmi: Kí ló fa èlé owó orí ọjà, ipa rẹ̀ lórí ìdílé, ẹ̀bí ta ni àti ọ̀nà àbáyọ",0,0,0,0,0,0
yoruba_1_01060,Yussuf Adekola: Olè ló sọ mi di aláìlẹ́sẹ̀ ṣùgbọ́n mo dúpẹ́ pé mo ṣì wà láyé,0,1,0,0,0,2
yoruba_1_01061,Ghana: Kàyééfì! Ẹ wó ìyàwó tó ṣán ọkọ rẹ̀ mọ́lẹ̀ tó sí bẹ lórí !,0,0,3,0,0,0
yoruba_1_01062,Cities of illegal death: Wo àwọn ìlú tó jẹ́ ẹ̀ṣẹ̀ ni kí ènìyàn kú níbẹ̀,0,0,2,0,0,0
yoruba_1_01063,"Ondo politics: Ta ló ń lépa ẹ̀mí Eyitayo Jegede, olùdíje gómìnà Ondo lẹ́gbẹ́ òṣèlú PDP?",0,0,0,0,0,0
yoruba_1_01064,"PDP youth leader jailed: Bí Kato ṣe d'èrò ẹ̀wọ̀n torí ó bú Buhari, Boss Mustapha",0,1,0,0,0,0
yoruba_1_01065,Wo àwọn nkan tí o kò fi ojú sí àmọ́ tó n fa àìrọ́mọbí fún ọ̀kunrin,0,0,1,0,0,0
yoruba_1_01066,"Teenage Armed Robbers: Àwọn ọ̀dọ́ adigunjalè ní gbogbo nǹkán táwọn bá jí gbé, àwọn ìyá àwọn làwọn ń ko fún",0,0,2,0,0,0
yoruba_1_01067,Ẹ má ṣe àṣìṣe láti dìbò yan àwọn apààyàn lọ́dún 2023 – Jonathan,0,0,0,0,0,0
yoruba_1_01068,"IPOB: Abia ń gbóná jain lọ́wọ́, Kumiyi kò gbọdọ̀ wá ṣe ìpàdé gbàgede tó fẹ́ ṣe!",0,0,0,0,3,0
yoruba_1_01069,"Dejo Tunfulu: Àwọn ọmọ olòógbé ní àwọn dókítà kò kọbi ara sí ìtọ́jú rẹ̀, ló tètè ṣekú pa á",0,3,0,0,0,0
yoruba_1_01070,"Mi ò figbà kankan gbèrò láti ló sáà kan síi lórí ipò, ẹni tó dán an wò rí hmmn... – Ààrẹ Buhari",0,0,0,0,0,0
yoruba_1_01071,Ọmọkùnrin kan ṣekúpa awọn òbí rẹ nítorí pé wọ̀n sọ̀rọ̀ òdì sí Anọbi Muhammad,0,3,0,0,0,0
yoruba_1_01072,NBC fọnmú lórí ìdásílẹ̀ Rédíò ìjàǹgbara fún ìpolongo Yoruba Nation,2,0,0,0,0,0
yoruba_1_01073,Muhammadu Buhari: Olubunmi-Okogie ní Nàìjíríà ti padà s'áyé ìjọba ológun,0,0,0,0,0,0
yoruba_1_01074,Ẹ pa APC àti PDP tì kẹ́ẹ fa ọgbọ́n orí tuntun mọ́ra - Sowore tún ti ń fọhùn lórí òṣèlú,0,0,0,0,0,0
yoruba_1_01075,Ẹ múra o! Òjò àrọ̀ọ̀rọ̀dá yóò tẹ̀síwájú títí di Oṣù Kẹjọ - Ìjọba Eko,0,0,0,0,2,0
yoruba_1_01076,"Man selling body parts, Ibadan: Ọwọ́ ikọ̀ Amọtẹkun ba Mutiu Abdul-Rasheed, afurasí tó ń ta ẹ̀yà ara èèyàn ní Ibadan",0,0,2,2,0,0
yoruba_1_01077,"Sunday Igboho‘s Birthday: Àwọn olólùfẹ́ Igboho rawọ́ ẹ̀bẹ̀ sí ìjọba Benin láti tú u sílẹ̀, wọ́n ní Ó ń jà fún ìran rẹ̀ ni, kìí ṣe apànìyàn",0,0,0,0,0,0
yoruba_1_01078,Lekki free toll: Àwọn ará ìpínlẹ̀ Eko kan sárá sí Sanwoolu,0,0,0,0,0,0
yoruba_1_01079,"Burundi government fires workers with side chics: 'Bóo bá yan àlè lẹ́nu iṣẹ́ Ọba níbí, gbígba ilé lọ yá fún ọ nìyẹn!'",0,0,2,0,0,0
yoruba_1_01080,Kayode Fayemi: Alágídí àti oníwàkuwà ni Oshatuyi tó fi ókọ̀ gbá mi tó tún ń pariwo pé gómìnà rán agbófinró láti na òun,2,0,0,0,0,0
yoruba_1_01081,Olubadan Coronation: Olubadan tuntun kéde pé oyè Ibadan kìí ṣe fún títà,0,0,0,0,0,0
yoruba_1_01082,EndSARS: Àwọn ìyàwó àwọn ọlọ́pàá tó kú lásìkò ìwọ́de EndSARS ní sọ̀wédowo tí ọ̀gá àgbà ọlọ́pàá fún wọn kò gbówó jáde ní báǹkì,0,0,2,0,0,0
yoruba_1_01083,"Easter Celebration robbery in Anambra: Àwọn adigunjalè gba fóònù, ohun ìní àwọn ènìyàn nílé oúnjẹ",0,0,2,0,0,0
yoruba_1_01084,Association of Stingy Men: Akeugbagold ní àpẹẹrẹ wèrè díẹ̀díẹ̀ ni k'ẹ́ni tó lówó láhun sí obìnrin,1,0,0,0,0,0
yoruba_1_01085,Olúdije sípò gómìnà tí wọ́n ṣẹ̀ṣẹ̀ yàn jáde láyé,0,2,0,0,0,0
yoruba_1_01086,"Láàrin wákàtí mẹ́ta, wọ́n dá ₦4m fún àkàndá ẹ̀dá tó kópa nínú ìwọ́de",0,0,2,0,0,2
yoruba_1_01087,Fresh $5.8bn loan: SERAP kìlọ̀ fún Buhari pé kó yé kó Nàìjíríà sí gbèsè,1,0,0,0,0,0
yoruba_1_01088,"Ohun tí a mọ̀ nípa ìṣẹ̀lẹ̀ ikú ìyàwó adarí òṣìṣẹ́ ní ìlú Eko, Adedoyin Raliat Ayinde",0,0,0,0,0,0
yoruba_1_01089,Aisha Buhari: Ọ̀pọ̀ aráàlú ní Aisha ti pariwo ṣáájú pé Buhari kọ ló ń darí ìjọba,0,0,0,0,0,0
yoruba_1_01090,Coronavirus: Àjọ tó ń rí sí ìwọléwọ̀de ní kò s'áàyè f'ẹ́nikẹ́ni tó láárùn yí láti wọlé sí Nàìjíríà,0,0,0,0,0,0
yoruba_1_01091,"Seyi Makinde: Ìrírí, ọ̀gbọ́n àti ìmọ̀ ìgbìmọ̀ yìí yóò ṣèrànwọ́ fún ìjọba mi",0,0,0,0,0,0
yoruba_1_01092,Ọwọ Ọlọ́pàá tẹ Oníṣègùn tó fipá bá òníbárà rẹ́ sún,0,0,0,0,0,0
yoruba_1_01093,"Rape of minors: Ẹni bá rí i kó sọ o, Ìjọba ń wá ẹni dún 45 tó fipá bá ọmọ ọdún méje lòpọ̀",0,0,0,0,0,0
yoruba_1_01094,Airforce Plane crash in Abuja: Iléeṣé ológùn ti ń sìnkú àwọn akọni tó bá ìjàmbá ọkọ̀ Bàálù lọ ní Abuja,0,2,0,0,0,0
yoruba_1_01095,Abiola Ajimobi: Ẹbí Kolapo Isola ṣẹ́ pé òun kò gba ₦30m lọ́wọ́ Ajimobi fún ìsìnkú bàbá wọn,0,1,0,0,0,0
yoruba_1_01096,Coronavirus: Adeboye ní àsìkò yìí lá mọ ẹni tó ń sin Ọlọ́run ní òtítọ́ àti òdodo,0,0,0,0,0,0
yoruba_1_01097,Lagos -Ogun Tanker Explosion: Ọkọ̀ agbépo kan tí gbiná lórí afárá Magboro,0,0,0,0,1,0
yoruba_1_01098,"Banditry in Nigeria: Lai Muhammed ní torí pé agbébọn ń gbowó ilẹ̀ ní Ariwa, kò túmọ̀ pé wọn ti gba àkóso",0,0,0,0,0,0
yoruba_1_01099,"Isiaka Jimoh EndSars Ogbomoso: Èmí kò ní kí wọ́n pa ọlọ́pàá tó pa Isiaka, ṣùgbọ́n...- Ramota, Iya Isiaka",0,1,0,0,0,0
yoruba_1_01100,"Mo nífẹ̀ẹ́ ọkọ mi, àmọ́ ọ̀lẹ ni lórí bẹ́ẹ́dì ni mo ṣe bá ẹ̀gbọ́n rẹ lòpọ̀",0,0,0,0,0,0
yoruba_1_01101,Domestic Violence: Afurasí apààyàn ṣàlàyé ìdí tó fi fọ́ orí ọmọ rẹ̀ oṣù kan mọ́lẹ̀,0,2,0,0,0,0
yoruba_1_01102,Ìwọ́de àwọn olólùfẹ́ Man U fọwọ́ ago sẹ́yìn fún Man City láti gba ife ẹ̀yẹ Premier League,0,0,0,0,0,0
yoruba_1_01103,Kééré o! Ilé aṣòfin America buwọ́lu ìgbèyáwò akọsákọ àti abosábo,0,0,2,0,0,0
yoruba_1_01104,Ogun Cultism: Ọlọ́pàá mú àwọn ọmọ ẹgbẹ́ òkùnkùn mẹ́ta tí wọ́n fi típa mú akẹgbẹ́ wọn wọ ẹgbẹ́,0,0,0,0,0,0
yoruba_1_01105,"Ondo Accident: Kíní ọ̀nà àbáyọ sí ìjàmbá ọkọ̀ tó ń wáyé lemọ́lemọ́ ní Ọjà Akungba,ní Ondo?",0,2,0,0,0,0
yoruba_1_01106,"Àwùjọ àgbàyé, ẹ fìyà tó tọ́ jẹ Russia, kẹ sì fi Putin jófin ìyà ìṣekúpani - Zelensky",2,0,0,0,0,0
yoruba_1_01107,"Jubril Martins-Kuye: Mínísítà lẹ́ẹ̀méjí, Jubril Martins-Kuye ti jáde láyé",0,2,0,0,0,0
yoruba_1_01108,"EndSARS Protest Update: Seun Kuti dá ẹgbẹ́ tí baba rẹ̀, Fela Kuti dá silẹ̀ ní ọdún 1979 padà",0,0,0,0,0,0
yoruba_1_01109,Iyabo Ojo: Ojú ọkọ mi ní àwọn adigunjalè ti fipá bá mi lòpọ̀ ní ìgbà karùn-ún,0,3,0,0,0,0
yoruba_1_01110,2nd wave Covid-19 in Nigeria: Ìjọba ìpínlẹ̀ Eko ti f'òfin de ìpéjọpọ̀ tó bá ju àádọ́ta (50) èèyàn lọ torí coronavirus,0,0,0,0,0,0
yoruba_1_01111,Kogi murder: Àwọn agbébọn ṣekúpa akẹ́kọ̀ọ́ tó wà nípele àṣekágbá ní fásítì Kogi,0,3,0,0,0,0
yoruba_1_01112,Femi Fani-Kayode's defection: Ẹgbẹ́ OPC s'òkò ọ̀rọ̀ ráńṣẹ́ sí Femi,2,0,0,0,0,0
yoruba_1_01113,FUNAAB kidnap: Akẹ́kọ̀ọ́ tí wọ́n gbé lọ ló ń rán ara rẹ̀ nílé ìwé,0,2,0,0,0,0
yoruba_1_01114,Sadio Mane: Wọ́n ti fi orúkọ̀ agbábọ́ọ̀lù Liverpool sọ pápá ìṣeré kan ní Senegal,0,0,0,0,0,1
yoruba_1_01115,June 12: Ọ̀gá àgbà ọlọ́pàá ní Nàìjíríà sọ lórí ìfẹ̀hónúhàn táwọn èèyàn fẹ́ ṣe lásìkò àyájọ́ ìjọba awarawa,0,0,0,0,0,0
yoruba_1_01116,Osun APC crisis: Gomina Oyetola ti pè fún alàáfíà láàrin àwọn ọmọ ẹgbẹ́ APC tí Gboyega Famodun gbé lọ sílé ẹjọ́,0,0,0,0,0,0
yoruba_1_01117,Oyo Reistgrar: Ilé ẹjọ jú akọwe kọotù tẹ́lẹ̀ri sẹwọ̀n ọdun márùn fu ẹsun olè jíjà,0,0,0,0,0,0
yoruba_1_01118,Ìjọba Sanwo-Olu ṣe àgbékalẹ̀ ètò adójútòfò ìlera f'áwọn àgbààgbà òṣèré tíátà Yorùbá,0,0,0,0,0,1
yoruba_1_01119,"“APC, ẹ má kábàámọ̀ lórí èsì ìbò Osun, àtúntò la nílò fajọ́ ìwájú”",0,0,0,0,0,0
yoruba_1_01120,Obìnrin tó ń pín fídíò ìbálòpọ̀ lórí ayélujára ní Saudi Arabia wọ gàù,0,0,1,0,0,0
yoruba_1_01121,Human Rights Day: Wo àwọn ẹ̀tọ́ rẹ lábẹ́ òfin,0,0,0,0,0,0
yoruba_1_01122,Yahoo Yahoo: Ọkùnrin kan rí ẹ̀wọn ọdún kan àbọ̀ he lẹ́yìn tó lu obìrin ní jìbìtì ìfẹ́ lórí ayélujára,0,0,0,0,0,0
yoruba_1_01123,Ọwọ́ Amotekun Osun tẹ afurasí mọkálíìkì tó n wú òkú fún ètùtù ọlà,0,1,0,0,0,0
yoruba_1_01124,Civilian JTF: Kí ló mú aṣáájú Yorùbá tako ìgbésẹ ológun láti gbà ọdẹ́ ìbílẹ̀ JTF ṣiṣẹ ní Borno?,0,0,0,0,0,0
yoruba_1_01125,Ìrọ́ ìbọn ń dún lákọ láti gba ìjọba padà lọ́wọ́ ológun tó gbàjọba Burkina Faso,0,0,0,0,3,0
yoruba_1_01126,"Wọ́n rẹ ọrùn ọmọ ọdun méjìlá, gbé òkú rẹ̀ sín àpótí",0,2,0,0,0,0
yoruba_1_01127,Admission seeker killed in Osun: Àwọn òbí ọmọ náà ń bèèrè fún okú ọmọ wọn tí wọ́n pa,0,2,0,0,0,0
yoruba_1_01128,"Wo ọkùnrin tó ní ìpèníjà ara, tó tún ń jà fún ẹ̀tọ́ ọmọnìyàn",0,0,2,0,0,0
yoruba_1_01129,Sex Addiction: Mò ń ba obìnrin mẹ́fà dọ́rẹ̀ ìbálopọ̀ lẹ́ẹ̀kàn ṣoṣo pẹ̀lú aṣẹ́wó mẹ́ta láàrìn ọ̀ṣẹ̀ kan,0,0,2,1,0,0
yoruba_1_01130,"Òǹwòran bọ́ọ̀lù tó kú di 174, 191 ló fara gbọgbẹ́",0,2,0,0,0,0
yoruba_1_01131,Kaduna killings: Afurasí mẹ́jọ ti wọ gbaga agbófinró nítorí ìpànìyàn Gúúsù Kaduna,0,1,0,0,0,0
yoruba_1_01132,"Sotitobire church news: Ilé ẹjọ́ sún ìgbẹ́jọ́ pásítọ̀ ìjọ Sotitobire sí ọjọ kẹrinla, oṣu Kẹsàn án",0,0,0,0,0,0
yoruba_1_01133,Seyi Makinde: Wo ìdí tí gómìnà Oyo fi pàṣẹ ìdádúró iṣẹ́ fún kọmíṣọ́nà rẹ̀,0,0,0,0,0,0
yoruba_1_01134,"Goriola Hassan: ‘Tattoo’ tó wà lára mi, kò dí ọba jíjẹ lọ́wọ́, ara oge ṣíṣe ni",0,0,0,0,0,0
yoruba_1_01135,"Anthoy Bliken: Buhari gbàlejò akọ̀wé Amẹ́ríkà, ọ̀rọ̀ wọn lórí yíyọ Nàìjíríà kúro ninu akatakítí ẹ̀sìn",0,0,0,0,0,0
yoruba_1_01136,School Kidnap in Nigeria: Wo iye ìgbà tí wọ́n ti jí akẹ́kọ̀ọ́ gbé ní Nàìjíiríà,0,0,0,0,0,0
yoruba_1_01137,Ẹ wo bí àwọn ọmọ Naijiria mẹ́ta ṣe fí ẹ̀mí wọn wéwu láti rin ìrínàjò lọ sí Spain,0,0,0,0,0,0
yoruba_1_01138,"Akungba Suicide: Ẹbí, ọ̀rẹ́ àti ọ̀gá iléẹ̀kọ́ sọ̀rọ̀ lórí irú èèyàn tí Feranmi Fasunle jẹ́",0,0,0,0,0,0
yoruba_1_01139,Nigeria border closure: Ìdí tí Ààrẹ Buhari kò ṣe tíì ṣí ibodè tó tì pa rèé,0,0,0,0,0,0
yoruba_1_01140,"Ìdíje bọ̀ọ́lù àwọn obìnrin, WAFCON 2022 gbérasọ ní Morocco",0,0,0,0,0,1
yoruba_1_01141,India: Ẹ wo ọmọ tuntun jòjòló tí wọ́n gbé sin láàyè nínú ìkòkò,0,3,0,0,0,0
yoruba_1_01142,"Àwọn ọdẹ àtàwọn ajínigbé rọ òjò ìbọn fúnra wọn ní Akunnu-Akoko, ẹ̀mi ajínigbé kan sọnù",0,0,0,0,2,0
yoruba_1_01143,Ọ﻿lọ́pàá kan fi 'scissors' gún akẹgbẹ́ rẹ̀ pa ní  téésàn,0,2,0,0,0,0
yoruba_1_01144,Twitter ban in nigeria: Kò bá òfin mu bí ìjọba Naijiria ṣe gbẹ́sẹ̀lé Twitter - Ẹgbẹ́ ajàfẹ́tọ́,0,0,0,0,0,0
yoruba_1_01145,Ohun tó ṣẹlẹ̀ rèé tí Adedoyin kò fi yọjú sílé ẹjọ́ l‘Ọjọ́rùú,0,0,0,0,0,0
yoruba_1_01146,Coronavirus: Ọmọ ilẹ̀ Italy tó kó Coronavirus wọ Naijiria kò ní àrùn náà mọ́,0,0,0,0,0,0
yoruba_1_01147,World Cancer Day: Mo pàdánù ọkọ àti ọ̀rẹ́ bí mo ṣe ni 'Cancer'- Iwalade Adebimpe Adetunji,0,3,0,0,0,0
yoruba_1_01148,Queen Elizabeth II: Wo ǹkan míì tí àwọn eèyàn ń sọ̀ nípa ìgbé ayé Obabìnrin ilẹ̀ Gẹ̀ẹ́sì,0,0,0,0,0,0
yoruba_1_01149,"Sunday Igboho: Mo ṣé iṣẹ́ mọkaliki ri, bẹ́ẹ̀ sì ní mò tí ṣiṣẹ́ aponmità kí n tó rìnnà ko oríire",0,0,0,0,0,2
yoruba_1_01150,2023 Presidency: Mo faramọ́ kí ìjọba sún lọ si ìhà Gúúsù - Masari,0,0,0,0,0,0
yoruba_1_01151,Anthony Joshua: AJ ní òun ṣetán láti bá Tyson Fury jà lẹ́yìn tí Usyk fìyà jẹ ẹ́,0,0,0,0,0,0
yoruba_1_01152,"Afghanistan: Taliban gbé òfin kalẹ̀ lórí àwọn Obìnrin atọ́kùn ètò, bó ojú rẹ tóo bá fẹ́ ka ìròyìn bí bẹ́ẹ̀ kọ́.....",0,0,0,0,0,0
yoruba_1_01153,"Alimotu Pelewura: Akọni ajìjàgbara obìnrin, ìyálọ́jà àti olóṣèlú tó sun àtìmalé torí owó orí",0,1,0,0,0,0
yoruba_1_01154,China plane crash: Ọkọ̀ bàálù tó gbé èèyàn 133 já lórí àpáta Guangxi,0,3,0,0,0,0
yoruba_1_01155,Sunday Igboho: Amòfin ní Benin Republic kò ní fa Igboho lé Nàíjíríà lọ́wọ́ torí àdéhùn ọdún 1984,0,0,0,0,0,0
yoruba_1_01156,"Dudu Heritage Kò sí ń nǹkan tí ó ṣòro tó kí ènìyàn pàdánù ọkọ, Bimbo Oshin kọ ọrọ ìdárò lẹyin ikú ọkọ rẹ tó d'oloogbe",0,3,0,0,0,0
yoruba_1_01157,Ètò ìdìbò tó ń bọ̀ lágbára látí tún Nàìjíríà ṣe tàbí kí ńkan tún bàjẹ́ síi– Ajimobi,0,0,0,0,0,0
yoruba_1_01158,Rumuekpe Port Harcout explosion: Èèyàn 25 jóná níbi ọ̀pá epo tó fọ́,0,3,0,0,0,0
yoruba_1_01159,APC àti PDP kọ́ ni ọ̀nà àbáyo - Sẹnétọ̀ Okunrounmu,0,0,0,0,0,0
yoruba_1_01160,"Buhari: Twitter kò dá sí ọ̀rọ̀ IPOB àti Nnamdi Kanu, bó ṣe wù wa la ṣe lè darí Nàìjíríà- Lai Mohammed",0,0,0,0,0,0
yoruba_1_01161,Sowore Revolution Now: Nǹkan tó yẹ kí o mọ̀ nípà Omoyele Sowore tó ń ṣe agbátẹrù ìfẹ̀hónú hàn jákèjádo Nàìjíríà,0,0,0,0,0,0
yoruba_1_01162,"5G network: Báyìí tí ìjọba Nàìjíríà ti buwọ́lù ìfilọ́lẹ̀ 5G, kí làwọn ǹkan tó yẹ kó o mọ̀ nípa rẹ̀?",0,0,0,0,0,0
yoruba_1_01163,AFCON 2019 final: Kọ̀lọ̀kọ̀lọ̀ Algeria là kìnìún Senegal mọ́ lẹ̀ lẹ́ẹ̀kejì gba ife,0,0,1,0,0,0
yoruba_1_01164,Biodun Fatoyinbo COZA: Kò sí ààyè fún àíléso nínú isẹ́ Olúwa,0,0,0,0,0,0
yoruba_1_01165,Synagogue Fire Incident: Ilé ìjọsìn Synagogue ní àwọn ti pa iná náà,0,0,0,0,0,0
yoruba_1_01166,"Fury vs Wilder: Ìbínú ni Wilder fi kúrò níbí ìjà, tó sì ní síbẹ̀-síbẹ̀, akọni ni òun",1,0,0,0,0,0
yoruba_1_01167,Ilé ẹjọ́ dájọ́ ikú fún ọlọ́pàá tó pa awakọ̀ èrò nítorí N100,0,2,0,0,0,0
yoruba_1_01168,"Baba Ijesha: TAMPAN ní Iyabo Ojo, Nkechi Blessing àtàwọn míì tó bá tàbùkù ẹgbẹ́ rugi oyin",2,0,0,0,0,0
yoruba_1_01169,Àlàyé rèé lórí ìdí tí mo fi dara pọ̀ mọ́ ẹgbẹ́ òṣèlú - Dele Odule,0,0,0,0,0,0
yoruba_1_01170,Bauchi Police: Ẹ wá wó arákùnrin tó pa ọmọ-ọmọ rẹ̀ tuntun jòjòló nítorí nípa ibálòpọ̀ ni wọ́n fi lóyún rẹ̀!,0,2,0,0,0,0
yoruba_1_01171,"Ogun Pastor rapes choir member: Èmi àti ọmọ ẹgbẹ́ akọrin wa jọ yó ìfẹ́ ara wa ni, mi ò jẹ̀bi",0,0,2,0,0,0
yoruba_1_01172,Pastor rapes member in Ogun: Pásítọ̀ tó fi tipá bá omidan lòpọ̀ tórí ìtúsílẹ̀ ọkọ ọrun ní ẹ̀mí ló bà lé òun,0,0,0,2,0,0
yoruba_1_01173,"Samuel Ajayi Crowther: Baba nlá Herbert Macaulay, tó túmọ̀ Bíbélì sí Yorùbá",0,0,0,0,0,0
yoruba_1_01174,Chris Oyakhilome: Wọn tí fòfin de iléeṣẹ́ ìròyìn Chris Oyakhilome lẹ́yìn tó sọ pé 5G lọ ṣokùnfà Coronavirus,0,1,0,0,0,0
yoruba_1_01175,"Oyè ibadan kìí ṣe fún títà, Ganduje lẹ́tọ́ọ̀ sí i - Olubadan sọ̀rọ̀ lórí oyè Fiwajoye",0,0,0,0,0,0
yoruba_1_01176,Lagos Flood: Wọ́n ṣì ń wa àwọn ọmọ méjì tí àgbàrá òjò wọ́ lọ ní Ketu l'Eko,0,3,0,0,0,0
yoruba_1_01177,Dejo Tunfulu: Yomi Fabiyi ní olóògbé kò dúró gba owó iṣẹ́ tí wọ́n jọ ṣe kẹ́yìn nítorí àisàn rẹ̀,0,3,0,0,0,0
yoruba_1_01178,Buhari: Ọwọ́ fẹ́rẹ̀ tẹ àwọn agbébọn lókè Ọya,0,0,0,0,0,0
yoruba_1_01179,Tábìlì àmì ẹ̀yẹ Olympic Tokyo 2020,0,0,0,0,0,0
yoruba_1_01180,Justice for Ochanya: ìjọba Benue á bẹ̀rẹ̀ ẹjọ́ ẹni tó fipá bá ọmọ ọdún 13 lò lẹ́yìn ikú rẹ̀,0,3,0,0,0,0
yoruba_1_01181,"Pásítọ̀ gún ìyàwó rẹ̀ lọ́bẹ nínú ṣọ́ọ̀ṣì, ló bá tì í bọ ara rẹ̀ náà níkùn",0,3,2,0,0,0
yoruba_1_01182,"Ondo 2020: Alága PDP láwọn ò fún ẹgbẹ́ mọ́kànlá tó darapọ̀ mọ́ wọn lówó kankan, ó wù wọ́n ni",0,0,0,0,0,0
yoruba_1_01183,Àwọn oníṣòwò èròjà ìbóra ti rógo torí àrùn jẹjẹrẹ tó di méjì kọ́bọ̀ – NAFDAC,0,0,0,0,2,0
yoruba_1_01184,PDP Primaries: Gbọ́ nkán tí ẹgbẹ́ PDP sọ nípa ìròyìn tó gbòde pé ìdìbò owó lọ́wọ́ ẹyìn nílẹ̀ ní wọn n ṣé l'Abuja,0,0,0,0,0,0
yoruba_1_01185,Facebook: Gbogbo ojú òpó ìròyìn èké ní èdé Afirika pátá ló ń lọ,0,0,0,0,0,0
yoruba_1_01186,Ọkùnrin kan dáná sun ìyàwó rẹ̀ dójú ikú l’Ogun,0,3,0,0,0,0
yoruba_1_01187,Ọwọ́ ọlọ́pàá tẹ akẹ́kọ̀ọ́ tó mú ìbọn ìléwọ́ lọ ilé ìwé ni Cross River,0,0,0,0,0,1
yoruba_1_01188,Yóò ṣòro fún wa láti bẹ̀rẹ̀ ètò ìforúkọsílẹ̀ olùdìbò míì lọ́wọ́ yìí – INEC,0,0,0,0,0,0
yoruba_1_01189,Ghana election: Ààrẹ Akufo-Addo la Mahama mọ́lẹ̀ wọlé ìbò ààrẹ Ghana fún sáà kejì,0,0,0,0,0,0
yoruba_1_01190,UNIOSUN : Ètò ìgbaniwọlé orí ayélujára fáwọn akẹ́kọ̀ọ́ tuntun ní fásitì UNIOSUN kò dín iyì ilé ẹ̀kọ́ gíga kù fáwọn akẹ́kọ̀ọ́ wa- VC UNIOSUN,0,0,0,0,0,0
yoruba_1_01191,Ọkùnrin kàn dáná sún àrà rẹ láti fi ẹ̀hónú hàn,0,3,0,0,0,0
yoruba_1_01192,Ilé ẹjọ́ jú bàbá ẹni ọdún 72 di èrò ẹ̀wọ̀n ní Ilorin nítorí ayédèrú ìwé ìrìnnà ọkọ̀,0,2,0,0,0,0
yoruba_1_01193,"Togo Elections: Ààrẹ Gnassingbe díje fún sáà kẹ́rin, òun àti bàbá rẹ̀ ti ṣèjọba Togo fún àádọ́ta ọdún lé",0,0,0,0,0,0
yoruba_1_01194,"Aráàlú, ẹ nàka sáwọn agbébọn tó pa ọlọ́pàá, wọn kò ní lọ láìjìyà – Buhari",2,0,0,0,0,0
yoruba_1_01195,Ogun Church Kidnapping: Agbébọn ń bèèrè N6m lórí èèyàn mẹ́ta tí wọn gbé ní ṣọ́ọ́ṣì,0,2,0,0,0,0
yoruba_1_01196,Road accident: Èèyàn mẹ́jọ jónà ráúráú nínú ìjàmbá ọkọ̀ akérò tó ṣẹlẹ̀ ní mọ́rosẹ̀ Eko sí Ibadan,0,3,0,0,0,0
yoruba_1_01197,"Osun bank robbery: Ọlọ́pàá ní àwọn olè jí N600,000 nínú ATM l'Osun, àmọ́ àwọn ọlọ́pàá ti lé wọn wọ inú igbó",0,0,0,0,0,0
yoruba_1_01198,"Ilé ẹjọ́ tó ń gbọ́ ẹ̀sùn ìwà ọ̀daràn l'àgbáyé, ICC bẹ̀rẹ̀ ìwádìí lórí ìpànìyàn tó wáyé lásìkò ìwọ́de EndSARS",0,0,0,0,0,0
yoruba_1_01199,"Timothy Adegoke: Lẹyìn o rẹyin, mọ̀lẹ́bí kéde ọjọ́ tí olóògbé yóò wọ káà ilẹ̀ lọ",0,2,0,0,0,0
yoruba_1_01200,Ikeja Electric blackout: ọ̀sẹ̀ mẹ́jọ bẹ̀rẹ̀ láti Oct 11 ní àwọn agbègbè kan ní ìpínlẹ̀ Eko kò ní gbádùn iná ọ̀ba,0,0,0,0,0,0
yoruba_1_01201,Revolution protest: Àjọ DSS ṣàlàyé ìdí tí wọ́n fi gbé Sowore,0,0,0,0,0,0
yoruba_1_01202,Use of hijab: Ìjọba ti buwọ́lu lílo hijab láwọn iléèwé ní ìpínlẹ̀ Osun,0,0,0,0,0,0
yoruba_1_01203,Yoruba nation rally: Ìwọ́de Yorùbá Nation tẹ̀sìwàjú nílùú Sunday Igboho lọ́jọ́ Sátidé,0,0,0,0,0,0
yoruba_1_01204,Delta Accident: Orí yọ dírẹ́bà ọkọ̀ tó jóná ráúráú ní Delta,0,0,0,0,0,3
yoruba_1_01205,Ukraine and Russia crisis: Àwọn akẹ́kọ́ọ̀ dèrò àtìmọ́lé lórí ìwọ́de tako ogun tí Russia gbé ti Ukraine,0,2,0,0,0,0
yoruba_1_01206,Chrisland Sex Scandal: Ìjọba ìpínlẹ̀ Eko ṣí gbogbo ẹ̀ka ilé ẹ̀kọ́ Chrisland padà,0,0,0,0,0,0
yoruba_1_01207,"""""""Ọ̀pọ̀ èèyàn bo owó tí awakọ̀ ń fọ́n sílẹ̀ níbi Kánífà ló ṣokùnfà ikú ọ̀pọ̀ òǹwòran""""""",0,2,0,0,0,0
yoruba_1_01208,"Nigeria population: Buhari tako ọmọ bẹẹrẹ òṣì bẹẹrẹ ní Nàìjíríà, ó ṣàgbékalẹ̀ ètò láti dẹ́kun rẹ̀",0,0,0,0,0,0
yoruba_1_01209,Kola Ologbondiyan: PDP ni yóò mú ọmọ Nàíjíríà kúrò lóko ìyà tí wọn wà ní 2023,0,0,0,0,0,0
yoruba_1_01210,Professor Peller: Ọlọ́wọ́ idán àkọ́kọ́ nílẹ̀ Áfíríkà tó ń pidán fáwọn aṣaájú orílẹ̀èdè,0,0,0,0,0,0
yoruba_1_01211,"Oyin Elebuibon: Olórìṣà ni mí, ẹ yé é fi ojú ẹni ibi wo àwa ẹlẹ́sìn àbáláyé",1,0,0,0,0,0
yoruba_1_01212,Bear attack Alaska woman: Bí ẹranko igbó ṣe bu ìdí obìnrin tó ń ṣe gáá lọ́wọ́ jẹ,0,2,2,0,0,0
yoruba_1_01213,"""Local barbers vs Clipper: Ó pé mi láti lo abẹ fi fá orí mi ju """"Clipper"""" bábà lọ""",0,0,0,0,0,0
yoruba_1_01214,Ikú dóró! Wo bí àwọn ajínigbé ṣe pa òṣìṣẹ́ Hótẹ́ẹ̀lì tó jẹ́ akẹ́kọ̀ọ́ LAUTECH àti oníṣòwò lẹ́yìn tí wọ́n gba N5m,0,3,0,0,0,0
yoruba_1_01215,"Sotitobire: Àwọn ọmọ ìjọ yarí, wọ́n ní ejò lọ́wọ́ nínú lórí ìdájọ́ tí wọ́n dá fún Alfa Babatunde",2,0,0,0,0,0
yoruba_1_01216,Endsars Anniversary: Àwọn alátilẹ̀yìn Sunday Igboho darapọ̀ mọ́ ìwọ́de ENDSARS ní ìlú Ibadan,0,0,0,0,0,0
yoruba_1_01217,Timothy Adegoke: Òṣìṣẹ́ woléwolé ṣàlàyé ìdí tí wn fi sin òkú olóògbé,0,0,0,0,0,0
yoruba_1_01218,Ondo Gunmen attack: Èèyàn máàrún lo kàgbákò ikú òjijì,0,3,0,0,0,0
yoruba_1_01219,"""""""Ẹ wo àwòkọ́ṣe Osinbajo, ẹ dẹ́kun lílọ sókè òkun fétó ìwòsàn""""""",0,0,0,0,0,0
yoruba_1_01220,"Àwọn Olùdíje, Òjísẹ́ Ọlọ́run gbàdúrà nínú òjò ṣáájú ìbò 2023",0,0,0,0,0,0
yoruba_1_01221,Americans in Africa: Wo ìdí tí àwọn ọmọ ilẹ̀ Amẹ́ríkà kan ṣe ń kó bọ̀ wá fi ilẹ̀ Áfríkà sebùgbé,0,0,1,0,0,0
yoruba_1_01222,Israel Olagadeyo free school on the street: Ẹ̀kọ́ ilé la kọ́kọ́ fi bẹ̀rẹ̀ kó tó di báyìí mó wa lọ́wọ́,0,0,0,0,0,0
yoruba_1_01223,Amotekun: Aro tó wá láti ilú Ọyọ ló máa ń fi ẹranko náà dojú ìjà kọ àwọn ọ̀tá,0,0,0,0,0,0
yoruba_1_01224,"Sunday Igboho: Agbẹjọ́rò Igboho àti Aráàlú kan ní Benin figbe ta pé àìsàn rẹ̀ ń le si, ó nílò àdúrà",0,0,0,0,0,0
yoruba_1_01225,Women Life saver car: Ọkọ̀ ayọ́kẹ́lẹ́ yì ti gba ẹ̀mí ọ̀pọ̀ aláboyún àtọmọ ọwọ́ lá ní Jigawa,0,0,0,0,0,2
yoruba_1_01226,"Tinubu lẹ́bọ lẹ́rù, a kò lè máa fi òun àti Atiku wé ara wọn – Dino Melaye",0,0,0,0,0,0
yoruba_1_01227,South Korean Dogs: Wo bi ọbẹ̀ ẹran ajá ṣe dùn tó,0,0,1,0,0,0
yoruba_1_01228,Drug Abuse in Nigeria: Afurasí ṣàlàyé bí òun ṣ̣e ń lo òògùn olóró fún àwọn adìyẹ,0,0,2,1,0,0
yoruba_1_01229,Climate change famine: Àwọn èèyàn bẹ̀rẹ̀ sí ni máa jẹ tata nítorí ìyàn tó mú,0,2,0,0,0,0
yoruba_1_01230,Insecurity in Nigeria: Èèyàn bíi àádọ́ta kú ikú òjijì lọ́jọ́ Ajé láti ọwọ́ agbébọ̀n,0,3,0,0,0,0
yoruba_1_01231,Lagos Explosion: Àwọn akẹ́kọ̀ọ́ iléẹ̀kọ́ Bethlehem ń gbàdúrà òwúrọ̀ lọ́wọ́ ní ìbúgbàmù wáyé,0,2,0,0,0,0
yoruba_1_01232,Prophet TB Joshua: Ẹ̀gbọ́n tí TB Joshua fi sílẹ̀ lọ àti gbogbo ìlú kọ̀ láti jáde nílé torí ìsìnkú rẹ̀,0,0,0,0,0,0
yoruba_1_01233,Toyin Abraham: Àwọn èèyàn tó ń rí jẹ ní ìdí mọ̀dàrú ló ń bu pẹtiró sí ìjà tó wà nílẹ̀,1,0,0,0,0,0
yoruba_1_01234,"Ogun murder: Ganiyu gún ìya ìyàwó rẹ̀ lọ́bẹ pa lọ́sàán àwẹ, ọwọ́ bá tẹ̀ ẹ́",0,2,0,0,0,0
yoruba_1_01235,"Prince Charles and Camilla royal visit: BBC gbàlejò orí adé ilẹ̀ Gẹ̀ẹ́sì, ka bí wọn ṣé kàn sáárá sí àwọn akọroyin",0,0,0,0,0,0
yoruba_1_01236,Nigerian Traffic Laws: Ohùn tó yẹ ní mímọ nípa òfin ojú pópó,0,0,0,0,0,0
yoruba_1_01237,Israel dáwọ́ ìkọlù sí Gaza dúró lẹ́yìn  ọjọ́ mẹ́ta,0,0,0,0,0,1
yoruba_1_01238,"Fathia Balogun, Yomi Fabiyi, Kemi Afolabi àtàwọn èèkàn òṣèré míì kẹ́dùn ikú ‘Sir Kay’",0,2,0,0,0,0
yoruba_1_01239,Benue Killing: Gómìnà Ortom yarí mọ́ Buhari lọ́wọ́ lórí àkọ̀tun ìpànìyàn tó wáyé ní ìpínlẹ̀ rẹ̀,2,0,0,0,0,0
yoruba_1_01240,"Ojude Oba festiva 2021: Nítorí ẹ̀dà tuntun COVID-19, Awujale Ijebu Ode, Ọba Adetona wọ́gilé àjọ̀dún Ojude Oba tọdún yìí",0,2,0,0,0,0
yoruba_1_01241,"Gbogbo aburú tó bá fẹ́ ṣé ọmọ mi Isbae U, orí mi ni kó dà lé - Sir Kay sọ̀rọ̀ sílẹ̀",0,0,0,0,0,0
yoruba_1_01242,Abeokuta Sagamu cult clash: Oúnjẹ ni Tommy lọ rà fún olólùfẹ́ rẹ̀ táwọn ọmọ ẹgbẹ́ òkùnkùn fi pa á,0,3,0,0,0,0
yoruba_1_01243,"Àánú ìjọba tó ń bọ̀ ń ṣe mí, torí nǹkan yóò nira – Sanusi",0,0,0,0,1,0
yoruba_1_01244,Doctors strike: Awọn Dokita 'NARD' da iṣẹ silẹ lati bere ẹtọ wọn lọwọ ijọba,0,0,0,0,0,0
yoruba_1_01245,Tanzania bans babies from classrooms: Ìjọba Tanzania fòfin de gbígbé ọmọ wá sí kíláàsì ìkẹ́kọ̀ọ́,0,0,0,0,0,0
yoruba_1_01246,Àtúntò ni Nàìjíríà nílò jùlọ lásìkò yìí fún ìdàgbàsókè - Atiku,0,0,0,0,0,0
yoruba_1_01247,Tegina Attack: A ti rí ọmọ ilé kéú 11 míì nínú àwón tí agbébọn jí gbé ní ìpínlẹ̀ Niger,0,0,0,0,0,2
yoruba_1_01248,"Ogun farmers and herders clash: Ìkọlù darandaran àti àgbẹ̀ wáyé ní Ògùn, ẹni márùn-ún, ọ̀pọ̀ ilé bá ìṣẹ̀lẹ̀ náà lọ",0,3,0,0,0,0
yoruba_1_01249,Ghana Health: Ikú ni fífi oògùn 'Paracetamol' bọ ẹran- Iléeṣẹ́ ìlera,0,0,0,0,2,0
yoruba_1_01250,"Portable Zazzu: Àlàyé rèé lórí ìdí tí wọn ṣe já mi sí ìhòòhò, wọn ní mo gbe kẹ̀kẹ́ Maruwa",0,0,0,0,0,0
yoruba_1_01251,Mattawale Bandits: Wo ìdí tí Gómìnà fí ní kí wọn yìnbọn pa ọlọ́kadà tó bá tápà sí òfin kónílé-ó-gbélé alẹ́,0,0,0,0,0,0
yoruba_1_01252,Baba Suwe: Ọmọ olóògbé ní wàhálà tí bàbá òun kojú lọ́wọ́ NDLEA kò tán lára rẹ́ tó fí kú,0,3,0,0,0,0
yoruba_1_01253,Malaria Vaccine: Àjọ WHO gbé abẹ́rẹ́ àjẹsára àìsàn ibà jáde fún ilẹ̀ Afrika,0,0,0,0,0,1
yoruba_1_01254,"Pneumonia in Nigeria: Ó kéré tán ọmọdé 142,000 sí 160,000 ní àìsàn otútú àyà ń pa lọ́dọọdún ní Nàìjíríà",0,3,0,0,0,0
yoruba_1_01255,Fake news: ìmọ̀ràn fáwọn ọmọ Nàìríjíà ṣaájú pínpín ìròyìn- Aṣòfin àgbà,0,0,0,0,0,0
yoruba_1_01256,"Lagos Rape: Bàbá fojú ba iléẹjọ́ lórí ẹ̀sùn pé ó fún ọmọbínrín rẹ̀ lóyún, ó tún ṣẹ́yún fún un!",0,3,0,0,0,0
yoruba_1_01257,Young widows' experience: Àwọn ọ̀dọ́ opó l'obìnrin sọ ìrírí wọn l'awùjọ àti irú ìṣẹ̀lẹ̀ tó ti gbomijé lójú wọn lẹ́yìn ikú ọkọ wọn,0,2,0,0,0,0
yoruba_1_01258,"Wọ́n lù mí, kódà wọ́n ya aṣọ mọ́ mi lọ́rùn ní Alaba- Lawal Waheed",0,2,0,0,0,0
yoruba_1_01259,Igisekele: Àwọn àgbà ọ̀jẹ̀ akọrin Fuji ń ṣèdárò Amoo Igisekele tó jáde láyé,0,2,0,0,0,0
yoruba_1_01260,Yobe Lawan: Wọ́n ti ní kí Baalẹ̀ Yobe lọ rọọ́kún nílé torí ẹ̀sùn pé o fipá bá ọmọdé sùn,0,0,0,0,0,0
yoruba_1_01261,"Gorillas in Nigeria: Orí àwọn Ìnàkí náà kéré, ọwọ́ wọn gùn, tí irun wọn sì funfun",0,0,0,0,0,0
yoruba_1_01262,Yemi Osinbajo: Èrò ọmọ Nàíjíríà ṣọ̀tọ̀ọ̀tọ̀ lórí ìkéde Osinbajo láti dupò ààrẹ Nàìjíríà,0,0,0,0,0,0
yoruba_1_01263,Happy new year 2022: Ohun tí CAN fi ṣíde ọdún 2022 fún gbogbo ọmọ Nàìjíríà nìyí,0,0,0,0,0,0
yoruba_1_01264,Àwọn Krìstẹ́ní Yoruba Nation kọ̀wé sí CAN láti pínyà!,0,0,0,0,0,0
yoruba_1_01265,Ọ﻿lọ́run ní kò sí iṣẹ́ tí màá ṣe tí yòó là mí àfi ajíhìnrere - Ojo Ade,0,0,0,0,0,0
yoruba_1_01266,"Police Parade Kidnap syndicates:Wo bí ọwọ́ ọlọ́pàá ṣé tẹ́ àwọn ìkọ ajínigbé tó jí akẹ́kọ̀ọ́ fásítì, ìyàwó tuntun gbé",0,0,1,0,0,0
yoruba_1_01267,À﻿làyé rèé lórí ohun tó ń fa awuyewuye láàrin Tinubu àti Obi,0,0,0,0,0,0
yoruba_1_01268,"Ìgbẹ́jọ́ ikú olórin ẹ̀mí Osinachi Nwachukwu tẹ̀síwájú lónìí, wo ohun tó ti ṣẹ́lẹ̀",0,0,0,0,0,0
yoruba_1_01269,N﻿DLEA rí agbésùnmọ̀mí mẹ́jọ mú nínú ìgbó Akure lásìkò tí wọn ń wá àwọn tó ń gbé òògùn olóró,0,0,0,0,0,1
yoruba_1_01270,Baba Ijesha: Ilẹẹjọ́ fagilé ẹ̀bẹ̀ Baba Ijesha tó ní pẹ̀lú ipá ni òun fi kọ ọ̀rọ̀ sílẹ̀ ní àgọ́ ọlọ́pàá,0,0,0,0,0,0
yoruba_1_01271,"Sunday Igboho: Àpapọ̀ gómínà ilé Yoruba fòfin de kí ọlọ́pàá, sójà, DSS dédé wọ ìpínlẹ̀ wọn",0,0,0,0,0,0
yoruba_1_01272,"ASUU Strike, learn handi work: Wo àwọn iṣẹ́ méje tí o lè kọ́ láàrín oṣù mẹ́ta ti ASUU da iṣẹ́ sílẹ̀",0,0,0,0,0,0
yoruba_1_01273,Darandaran kan rí ẹ̀wọ̀n he fún ẹ̀sùn jíjí màálù 61 nìpínlẹ̀ Oyo,0,0,0,0,0,0
yoruba_1_01274,Benue Protest: Àwọn olọ́kadà ti gba àwọn ìyàwó wa tán nítorí a kò lówó lọ́wọ́- Àwọn òṣìṣẹ́fẹ̀yìntì ni Benue,0,1,0,0,0,0
yoruba_1_01275,Àwọn ènìyàn kò ní máa san owó iná mọ̀nàmọ́ná tí wọn kò lò tí mo bá di ààrẹ Nàìjíríà – Tinubu,0,0,0,0,0,0
yoruba_1_01276,Ṣé òótọ ni pé àwọn ọ̀dọ́ ń torí $40k gé ọmọ ìka ẹsẹ̀ wọn tà? BBC gbé èsì ìwádìí jáde,0,0,2,0,0,0
yoruba_1_01277,Ogun road accidents: Ìjàmbá ọkọ̀ ṣe gbẹ̀mí èèyàn 265 ní ìpínlẹ̀ Ogun,0,3,0,0,0,0
yoruba_1_01278,"Xenophobia: Àwọn ọmọ South Africa ní àwọn kò rí ìṣẹ́ ṣe, kí àjèjì máa lọ",2,0,0,0,0,0
yoruba_1_01279,Wòlíì Kasali sọ̀rọ̀ nípa awuyewuye pé ó lé ìyàwó rẹ̀ jáde nílé,0,0,0,0,0,0
yoruba_1_01280,Áńkọ́fù ológun kéré fún ọwọ́ mi àmọ́ wọ́n fi okùn dì mí kúrò nílé lọ sí bárékè Odogbo,0,1,0,0,0,0
yoruba_1_01281,Student commits suicide: Ṣé lóòtọ́ọ́ ni akẹ́kọ̀ọ́ fásítì Akungba gbẹ̀mí ara rẹ̀?,0,1,2,0,0,0
yoruba_1_01282,"""""""Àlàyé rèé lórí ìpàdé tí wọn ló wáyé láàrin Tinubu àti Wike""""""",0,0,0,0,0,0
yoruba_1_01283,Èèyàn mẹ́rin farapa yánayàna níbi òde orin Asake nílùú London.,0,2,0,0,0,0
yoruba_1_01284,Dare Adeboye: Ẹbí Adeboye ní àwọn kò ní pe Ọlọ́run ní ẹjọ́ lórí ìkú Dare Adeboye,0,0,0,0,0,0
yoruba_1_01285,Wọ́n ti búrawọlé fún obìnrin méje tí wọ́n dìbò yàn gẹ́gẹ́ bíi gómìnà ní Kenya,0,0,0,0,0,0
yoruba_1_01286,Ogun Auto Crash Robbers: Ọwọ́ tẹ adigunjalè mẹta nínú ìjàmbá ọkọ̀ ní Ìpínlẹ̀ Ogun,0,0,0,0,0,1
yoruba_1_01287,Dino Melaye vs Iyabo Ojo: Sẹ́nétọ̀ ní lórí irọ́ ní ọ̀rọ̀ ìfẹ́ tí wọn ló wà láàrin òun àtàwọn òṣèré tíátà,0,0,0,0,0,0
yoruba_1_01288,Manu Dibango: Covid-19 ti pa akọni afúnfèrè Sax ilẹ̀ Africa,0,2,0,0,0,0
yoruba_1_01289,Kí ló fa awuyewuye láàrín Adeleke àti Oyetola lórí ìṣákọ́lẹ̀ ìwakùsà l’Osun?,0,0,0,0,0,0
yoruba_1_01290,"Akungba Akoko Accident: Ọkọ̀ ńlá míì tún ti ṣekú pa àkẹ́kọ̀ọ́ Fásitì Adekunle Ajasin ni Ondo, ohun tí a mọ̀ nípa rẹ̀ rèé",0,3,0,0,0,0
yoruba_1_01291,"Alapinni Oosa ṣàdúrà fún gbogbo ọmọ kúoótù, oò jíire bí?",0,0,0,0,0,0
yoruba_1_01292,Nana Agradaa: Ìyá aláwo sogún-dogójì tó di oníwàásù ọ̀sàn gangan,0,0,0,0,0,0
yoruba_1_01293,Shepherd Bushiri church pastor shot dead: Bí wọ́n ṣe yìnbọn pa Pasitọ kan lórí òkè,0,2,0,0,0,0
yoruba_1_01294,Retired head teacher found in Lagos: Ìyá tíṣà tó sọnù ní Ajegunle di rírí padà lẹ́yìn ọjọ́ mẹ́wàá,0,0,0,0,0,2
yoruba_1_01295,Dele Momodu: Mo ni gbogbo àmúyẹ láti tukọ̀ orílẹ̀-èdè Nàìjíríà ní 2023,0,0,0,0,0,0
yoruba_1_01296,"Amarachi Nwachukwu: Ibi padà di ire fún olómi ‘Pure Water’ tó dákú, ó bá àánú ńlá pàdé",0,0,0,0,0,0
yoruba_1_01297,"Bobrisky: Ìnira iṣẹ́ abẹ ìdí kìí ṣe kèrémí, ẹyin ti Elédùà fún ni ìkébè, ooré ńla ni",0,1,0,0,0,0
yoruba_1_01298,Child Labour: Òbí mi kú nígbà ti mo wà lọ́mọ́ ọdún kan',0,0,0,0,0,0
yoruba_1_01299,'Gbogbo àwọn afurasí tó lọ́wọ́ nínú ikú Sofiat ló ṣì wà ní àhámọ́',0,0,0,0,0,0
yoruba_1_01300,"AFCON 2021: Senegal tẹ Egypt mọ́lẹ̀ gba ife ẹ̀yẹ, wo ohun tó fàá tí Salah àtàwọn akẹgbẹ́ rẹ̀ ṣe já kulẹ̀ ní àṣeká gbá ìdíje",0,0,0,0,0,0
yoruba_1_01301,"Ẹ﻿̀yin afurasí ọmọ Yahoo tẹ ṣèwọ́de, a kò ní dẹ́kun àti mú u yín - EFCC",2,0,0,0,0,0
yoruba_1_01302,"Malaysia Church: Ilé Ẹjọ́ fìdájọ́ lélẹ̀, Krìstẹ́nì lẹ́tọ̀ọ́ gẹ́gẹ́ bí àwọn Mùsùlùmí láti pe Ọlọ́run ní Allah",0,0,0,0,0,0
yoruba_1_01303,"Iléeṣẹ́ ọmọ ogun kéde orúkọ agbésùnmọ̀mí 19, àti ẹ̀bùn owó ₦‎5m fún ẹni tó bá lè ṣamọ̀nà bí ọwọ́ yóò ṣe tẹ̀ wọ́n",0,0,0,0,0,0
yoruba_1_01304,Ilé ẹjọ́ gba béèlì akẹ́kọ̀ọ́ Dowen College márùn ún tó ń jẹ́jọ́ lórí ikú Sylvester Oromoni,0,0,0,0,0,0
yoruba_1_01305,Ará adúgbò rí egungun Onílé lẹ́yìn ọdún mérin tó ti kú,0,0,0,0,0,0
yoruba_1_01306,Oluwo: Èmi ni adarí àti aláṣẹ lórí gbogbo òrìṣà ilẹ̀ Yoruba àti káàkiri àgbàyé,0,0,0,0,0,0
yoruba_1_01307,Ìjọba Ọyọ: Igba náírà péré làwọn ọlọ́kadà yóò máa san lójúmọ́ fáwọn adarí ibùdókọ̀ tuntun,0,0,0,0,0,0
yoruba_1_01308,Oba Adedokun Abolarin ti Oke Ila: Ó ya ọ̀pọ̀ tó súnmọ́ mi lẹ́nu bí mo ṣe ń kọ́ àwọn akẹ́kọ̀ọ́ pẹ̀lú ipò Ọba,0,0,2,0,0,0
yoruba_1_01309,"Fulani attack, Ajowa Ondo: Àwọn Bororo yìí ti kọ́kọ́ ń dàná gba owó ní Ajọwa tẹ́lẹ̀, ọmọ mi 5 di aláìníbaba- Idowu ìyàwó Fulani",0,2,0,0,0,0
yoruba_1_01310,New Year Prophesy: Àwọn olóṣèlú Nàìjíríà naa máa n ṣàbèwò si awọn wòólì wón ko le fofin de àsọtẹ́lẹ̀ ọdun tuntun,0,0,0,0,0,0
yoruba_1_01311,Odeda Oko Kidnap: Ìyá ọmọ tó sọnù ní ajínigbé ni òun kò gbọdọ̀ sọ iyé owó ìtúsílẹ̀ tí wọn gbà,0,0,0,0,0,0
yoruba_1_01312,Nollywood Yoruba epic movies: Wo àwọn sinimá mẹ́wàá tó gbé sinimá Yorùbá sáyé lọ́pọ́ ọdún sẹ́yìn,0,0,0,0,0,0
yoruba_1_01313,Yoruba Language: BBC Yoruba ń gbìyànjú kí èdè má parun,0,0,0,0,0,0
yoruba_1_01314,Shiite: Kò ní sí ìwọ́de mọ́ yíká Nàíjíríà láti bu ọ̀wọ̀ fáwọ̀n èèyàn tó dá sí wa,0,0,0,0,0,0
yoruba_1_01315,Ẹgbẹ́ òṣèlú tó bá yan olùdíje ààrẹ àti igbákejì rẹ̀ nínú ẹ̀sìn kan ṣoṣo yóò kùnà - CAN,1,0,0,0,0,0
yoruba_1_01316,Baba Ijesha: Iyabo Ojo ní ìṣẹ̀lẹ̀ yìí ti tú àṣírí báwọn oníwàkòtọ́ ṣe pọ̀ sí ní Nàìjíríà,0,0,0,0,0,0
yoruba_1_01317,Adejare Adeboye: Àwọn kan ní ṣé ọ̀nà láti gba owó oṣù àkọ́kọ́ lọ́wọ́ ọmọ ìjọ kọ́ ní ìkéde ààwẹ̀ ọlọ́jọ́ 63,0,0,0,0,0,0
yoruba_1_01318,EFCC Ibadan Conviction: Ọmọ yahoo-yahoo mẹ́ta rí ẹ̀wọ̀n he lórí ẹ̀sùn jìbìtì ayélujára,0,0,0,0,0,0
yoruba_1_01319,Ayede Ogbese Kidnap: Wọ́n ti ri ẹni mẹ́wàá tó di àwátì nínú oko tí wọ́n ti ń ṣiṣẹ́ ní Ondo,0,0,0,0,0,2
yoruba_1_01320,Northern Youths in Lagos: Iléeṣẹ́ ọlọ́pàá pàṣẹ fún ikọ̀ fijilańté láti wá àwọn ọ̀dọ́ àríwá tó dìhámọ́ra jáde,0,0,0,0,0,0
yoruba_1_01321,"Civil war Tweet: Àwọn ọmọ Nàìjíríà ké sí Twitter pé kó gbé ìdájọ́ Trump lé Ààrẹ Buhari, ṣùgbọ́n Twitter ní kò jọọ́",0,0,0,0,0,0
yoruba_1_01322,"Ibadan shoprite killing: Ọmọ tí mo tọ́ tí mo mọ̀ f'ọ́dún 21, bí wọ́n ṣe wá bá igbó lápò rẹ kò yé mi - Iya Akintunde",0,2,0,0,0,0
yoruba_1_01323,Ẹbí fi mí ṣe ẹlẹ́yà torí mo yan iṣẹ́ télọ̀ láàyò sí ẹ̀kọ́ ìwé,0,2,0,0,0,0
yoruba_1_01324,LASTMA in Lagos: Awakọ̀ ṣekúpa òṣìṣẹ́ LASTMA,0,1,0,0,0,0
yoruba_1_01325,"Wo àwọn asọ ìgbèyàwó àràmọ́ndà, kóo fojú lóúnjẹ òpin ọ̀sẹ̀",0,0,0,0,0,0
yoruba_1_01326,Obasanjo ń jowú àṣeyọrí Buhari lọ ṣe ń kọ ìkọkúkọ nípa rẹ̀ - Iléeṣẹ́ ààrẹ,2,0,0,0,0,0
yoruba_1_01327,SERAP sues Buhari: Àjọ SERAP gbé Ààrẹ Buhari lọ sílé ẹjọ́ nítorì kò wádìí N3B tó pòórá níléèṣẹ̀ ètò ẹ̀náwó,0,0,0,0,0,0
yoruba_1_01328,"Olota Of Ota: N kò fara mọ́ ìyapa Nàíjíríà, ìṣèjọba ẹlẹ́kùnjẹkùn ní ọ̀nà àbáyọ",0,0,0,0,0,0
yoruba_1_01329,"Nkechi Blessing, Mr Latin, Damola Olatunji: Ẹ̀ṣẹ̀ Nkechi àti ìjìyà tí a fún un ló fi ń yí ọ̀rọ̀ mọ́ ara wọn",0,0,0,0,0,0
yoruba_1_01330,Opebi aircraft crash: Ìgbìmọ̀ olùwádìí ni epo ló tán nínú bàálù tó já l'Eko,0,0,2,0,0,0
yoruba_1_01331,"Covid-19 vaccines: Gómìnà Gboyega Oyetọla, aya rẹ̀ Kafayat gba abẹ́rẹ́ àjẹsára COVID-19 ní ìpínlẹ̀ Ọṣun",0,0,0,0,0,0
yoruba_1_01332,2023 presidency: Ààrẹ Buhari ní òun kò leè dá sí ètò yíyan ààrẹ tuntun lọ́dún 2023,0,0,0,0,0,0
yoruba_1_01333,"Police vs Olokada: Kí ló fa rúgúdù láárín ọlọ́pàá àtàwọn ọlọ́kadà ní Obalende, l'Eko?",0,0,0,0,0,0
yoruba_1_01334,"'Ikú ọmọ kò tíì kúrò lára mi tán, bí wọ́n ṣe tún pa ọkọ mi sínú ilé yìí kan náà lójú mi kòrókòró rèé'",0,3,0,0,0,0
yoruba_1_01335,Mi ò rò wí pé mà á tẹ̀síwájú láti máa gbá bọ́ọ̀lù fún Brazil - Neymar,0,0,0,0,0,0
yoruba_1_01336,"Ìtàn Mánigbàgbé: Samuel Taiwo Oredein, àgbà òṣèlú tó fi ẹ̀wọ̀n jura lárúgbó ara",0,0,0,0,0,0
yoruba_1_01337,Ondo Election 2020: Mo ṣèlérí N500 lóṣooṣù fún gbogbo ọmọ tuntun - Adeleye AAC,0,0,0,0,0,0
yoruba_1_01338,Air polution: WHO ní mílíọ́nù méje èèyàn ni ìdọ̀tì inú afẹ́fẹ́ ń pa lọ́dọodún,0,0,0,0,0,0
yoruba_1_01339,Bethel Baptist kidnap: Àwọn ajínigbé tú 28 nínú akẹ́kọ̀ọ́ 121 Bethel Baptist tí wọ́n jígbé sílẹ̀,0,0,0,0,0,1
yoruba_1_01340,"Tribute to Prince Phillip: Ààrẹ Buhari dárò Àrẹ̀mọ Phillip, ọkọ Ọbabinrin Elizabeth tó jáde láyé",0,2,0,0,0,0
yoruba_1_01341,Boko Haram Sponsors: Ẹbí àwọn ọmọ Nàìjíríà mẹ́fa tó rí ẹ̀wọ̀n he ní UAE nítorí Boko Haram sọ pé àkóba ni ọ̀rọ̀ nàá,0,1,0,0,0,0
yoruba_1_01342,Uttar Pradesh: Èèyàn mẹ́tàlá jáde láyé léyìn tó wọ́n já sínú kànga níbi ayẹyẹ ìgbéyàwó,0,3,0,0,0,0
yoruba_1_01343,"Eniola Badmus wọ pátá lọ sí ààfin Oba Elegushi, kí ló burú níbẹ̀? Wo bí wọ́n ṣe ń wa itọ́ ọ̀rọ̀ lée lórí",0,0,0,2,0,0
yoruba_1_01344,Entertainers who died within five months: BBC Yorùbá ṣe àkójọpọ̀ àwọn amúlùúdùn mẹ́fà tó kú láàrin oṣù márùn-ún,0,2,0,0,0,0
yoruba_1_01345,"June 12 protest: Ọlọ́pàá yin tíá gaàsì lu àwọn olùwọ́de l'Eko, wọ́n ní ìjà àráàlù",0,2,0,0,0,0
yoruba_1_01346,"Òkú sùn bí jàǹdùkú ṣe kọlu ìpolongo Atiku, PDP àti APC tahùn síra wọn",1,1,0,0,0,0
yoruba_1_01347,Wo òògùn ikọ́ mẹ́rin tó ti gbẹ̀mí ọmọdé 66 l‘Áfíríkà - WHO,0,2,0,0,0,0
yoruba_1_01348,Marburg Virus: Ìlànilọ́yẹ̀ rèé láti dènà àrùn pọ̀jẹ̀pọ̀jẹ̀ tó gbòde ní àgbàyé,0,0,0,0,0,0
yoruba_1_01349,"Ondo Elections 2020: Ọgọ́rùn-ún ọjọ́ àkọ́kọ́ tí a máa lò lórí oyè l'Ondo, ẹ ó rí àrà - Ojon YPP",0,0,0,0,0,0
yoruba_1_01350,Lassa Fever: Wo iye ibùdó ìtójú ibà Lassa tó wà ní Nàìjíríà,0,0,0,0,0,0
yoruba_1_01351,Ibadan Accident: Tírélà agbépo ṣekúpa ọmọ ìyá méjì àtàwọn mẹ́ta míì,0,2,0,0,0,0
yoruba_1_01352,UK Covid Vaccine: Abẹ́rẹ́ àjẹsára Covid-19 yóò dé sí Nàìjíríà nínú oṣù kíní ọdún 2021,0,0,0,0,0,0
yoruba_1_01353,"Àjọ NRC gbẹ́sẹ̀lé ìrìnnà reluwé lójú òpó Eko, Abuja, Kano àti Ajaokuta",0,0,0,0,0,0
yoruba_1_01354,Ogun Flood: Wákàtí méjìdínlógún ni òjò fi rọ̀ èyí tó mú ẹ̀kún omi lọ́wọ́,0,0,0,0,0,0
yoruba_1_01355,Igangan Massacre; Orílẹ̀ède 174 káàkiri àgbáyé ní ìwọ́de Yoruba Nation yóò tí wáyé ní June 12,0,0,0,0,0,0
yoruba_1_01356,Revolution Now: NLC ní bí agbófinró ṣe mú Soworẹ àti àwọn yókù rẹ̀ sí àhámọ́ tẹ ẹ̀tọ́ ọmọnìyàn lójú,1,0,0,0,0,0
yoruba_1_01357,"Otuoke attack: Ààrẹ Buhari ní àbò wà fún ẹ̀mí ààrẹ́ àná, Goodluck Jonathan",0,0,0,0,0,0
yoruba_1_01358,"Nigerians doing good abroad: Yoruba ń mókè, wọ́n ń gbéṣẹ́ ńlá ṣe lókè òkun",0,0,0,0,0,2
yoruba_1_01359,Hadiza Bala Usman: Kí ló dé tí Buhari ní kí olùdarí NPA lọ rọọ́kun nílé?,0,0,1,0,0,0
yoruba_1_01360,Ilé ẹjọ́ rán igbákejì Ààrẹ Argentina lẹ́wọ̀n ọdún mẹ́fà lórí ẹ̀sùn àjẹbánu,0,0,0,0,0,0
yoruba_1_01361,Ìyanṣẹ́lódì ASUU kò gbọdọ̀ wáyé mọ́ ní Naijiria – Gbajabiamila,1,0,0,0,0,0
yoruba_1_01362,"Ayede Polytechnic, Oyo: Soun Ogbomọṣọ àti Sunday Dare gbóríyìn fún Buhari lórí 'Polytechnic' Ayede",0,0,0,0,0,2
yoruba_1_01363,"Unknown gunmen attack: Àwọn agbébọn kọlu àgọ́ ọlọ́pàá ní Anambra, wọ́n tún pa ẹ̀ṣọ́ aláàbò kan ní Enugu",0,2,0,0,0,0
yoruba_1_01364,Premier League: Liverpool fẹ́ gbafe yìí ṣá! Premier League yóò bẹ̀rẹ̀ padà lóṣù kẹfà,0,0,0,0,0,0
yoruba_1_01365,Godwin Emefiele: Mo bẹ́ orí fún gbogbo àgbẹ̀ àti olùfọkànsìn tó ń dáwó fọ́ọ̀mù Ààrẹ fún mi àmọ́ ẹ jẹ́ n lo óògùn ara mi,0,0,0,0,0,0
yoruba_1_01366,"Yoruba kings that died recently: Alaafin, àti ọba ilẹ̀ Yorùbá márùn-ún mìí tó wàjà láàrin oṣù márùn-ùn péré",0,2,0,0,0,0
yoruba_1_01367,Kidnapping in Ekiti: Àwọn ajínigbé kó sí gbaga ọlọ́pàá ní ìpínlẹ̀ Ekiti,0,0,0,0,0,0
yoruba_1_01368,"Mamman Daura kò rìn ìrìnàjò sí ìbi kánkan,ko ko ko lara le! - Bashir Ahmad",0,0,0,0,0,0
yoruba_1_01369,SARS: Ẹgbẹ́ agbábọ́ọ̀lù Remo Stars ní ikọ̀ SARS ló pa agbábọ́ọ́lú òun,0,1,0,0,0,0
yoruba_1_01370,Lekki Toll Gate: Wọ́n ti fi iṣẹ́ ikú ránṣẹ́ sí Mr macaroni torí ó tako ṣíṣí ẹnu bodè Lekki padà,0,0,0,0,1,0
yoruba_1_01371,Coronavirus Ghana: Ààrẹ Nana Akufo-Addo ti wọ́lé ìyàsọ́tọ̀ ọlọ́jọ́ mẹ́rìnlá,0,0,0,0,0,0
yoruba_1_01372,"Oludare Alaba, akẹ́kọ̀ọ́ LAUTECH ṣàlàyé ìdí tó fi dá ìwé ẹ̀rí rẹ̀ padà sí Fásitì tó ti ṣetán",0,0,0,0,0,0
yoruba_1_01373,"Nigeria SWAT team, EndSars, End SWAT: Àfiwé owó oṣù ọlọ́oàá Nàìjíríà pẹ̀lú akẹgbẹ́ wọn lókè òkun",0,0,0,0,0,0
yoruba_1_01374,Male infertility: Àwọn ìdí márùn-ún tó ṣe sọ̀ro fún ọkùnrin láti fún obìnrin lóyún láyé òde òní,0,0,0,0,0,0
yoruba_1_01375,Muhammadu Buhari 2021 Broadcast: Ààrẹ ní àwọn ọ̀dọ́ yóò gbádùn àtìlẹyìn òun lọ́dún tuntun,0,0,0,0,0,1
yoruba_1_01376,Army couple killed in Imo State: Ààrẹ Buhari kín Iléeṣẹ́ ológun Nàìjíríà lẹ́yìn nípa Sójà tọkọ-tiyawo tó kàgbákò ikú lọ́nà ibi ìgbéyàwó ara wọn,0,2,0,0,0,0
yoruba_1_01377,Ìwọ́de Iran ń gba ọ̀nà míì yọ báwọn akẹ́kọ̀ọ́ fásítí wọ́de lórí akẹẹgbẹ́ wọn tó wà ní àhámọ́,2,0,0,0,0,0
yoruba_1_01378,"""Bola Are Gospel Artiste: Ọlọ́run ni kí ń kìlọ̀ fún ẹni tó kọ orin """"kò wo bí mo ṣe ń hùwà""""""",0,0,0,0,0,0
yoruba_1_01379,"Ẹ̀hun ọ̀rọ̀ ni, kò sí ẹrí tó fíhàn pé ISWAP ló ṣé ikọlù sí ilé ìjósìn Owo -Fayemi",0,0,0,0,0,0
yoruba_1_01380,Yollywood. Olanrewaju James Omiyinka: Ajẹ́rìí Bàbá Ijesha sọ fún ilé ẹjọ́ pé òun ò gbà pé fọ́nrán tí wọ́n fi léde kìí ṣe èyí tí wọ́n ti tọwọ́ bọ̀.,0,0,0,0,0,0
yoruba_1_01381,Abuja rice pyramid fact check: Ẹ̀ka àṣewádìí BBC ti tú isu dé ìsàlẹ̀ kòkò ìrẹsì gogoro tí Ààrẹ Buhari ṣe ìfilọlẹ̀ rẹ̀,0,0,0,0,0,0
yoruba_1_01382,Ansoogun jagunjagun Iresa Adu Ogbomoso tó máa ń bínú gba ẹbọ- Oloye James Olawale,0,0,0,0,0,0
yoruba_1_01383,Money laundering: Inú ọ̀pọ̀ páálí oúnjẹ́ Nódù ní afurasí kan kó ọ̀pọ̀ ike ATM sí,0,0,2,0,0,0
yoruba_1_01384,"Man sets girlfriend ablaze: Saka dáná sun 'ààlè' rẹ̀ tọmọ-tọmọ n'Ibadan, òun nàá tún jóná kú",0,2,0,0,0,0
yoruba_1_01385,"Buhari ti gbìyànjú lórí ètò aàbò, ó ti gé ìyẹ́ apa ISWAP ṣùgbọ́n má a gbìyànjú síi- Bola Tinubu",0,0,0,0,0,0
yoruba_1_01386,"Tinubu ko fún ẹnikẹ́ni ní rìbá, ìtọrẹ àánú ló ṣe – APC",0,0,0,0,0,0
yoruba_1_01387,Ikoyi house collapse: Sanwo-Olu ṣèlérí ìrànwọ́ owó fún ètò ìsìnkú àwọn tó kú,0,2,0,0,0,0
yoruba_1_01388,Enìyàn mẹ́ta kú nínú ìjàmbá ọkọ̀ ní'lù Abuja,0,2,0,0,0,0
yoruba_1_01389,"Ìjàmbá ọkọ̀ mú ẹ̀mí èèyàn mẹ́fà lọ l’Ondo, mẹ́rin dèrò ilé ìwòsàn",0,3,0,0,0,0
yoruba_1_01390,Kíni ìdí tí ìjọba Nàìjíría kìí fí ṣé àmúṣẹ ìdájọ ikú fáwọn ọ̀daràn?,0,0,0,0,0,0
yoruba_1_01391,Rahama Sadau blasphemy: Ẹ̀kúnrẹ́rẹ́ ìròyìn rèé nípa bóyá wọ́n dájọ́ ikú fún òṣeré Kannywood,0,0,0,0,0,0
yoruba_1_01392,"DR Congo Meningitis: Àrùn yínrùnyínrùn bẹ́ sílẹ́ ní DR Congo, àjọ WHO ní ìgbàgbọ́ àwọn èèyàn pé 'àwọn àjẹ́' ló wà nídí rẹ̀ ń dènà ìtọ́jú",0,2,0,0,0,0
yoruba_1_01393,Kí ló pa dókítà àjọ FIFA tó kú níbí ìdíje Ghana vs Nigeria ní Abuja? Àjọ NFF sọ̀rọ̀,0,0,1,0,0,0
yoruba_1_01394,"Ogun missing police man: Ìyàwó ọlọ́pàá Ogun tó d'àwátì bímọ, ẹbí rẹ̀ fẹ́ gbé iléeṣẹ́ ọlọ́pàá lọ sílé ẹjọ́",2,1,0,0,0,0
yoruba_1_01395,Èèyàn mẹ́tàdínlógún farapa lẹ́yìn ìṣẹ̀lẹ̀ ilẹ̀ rírì ní Croatia,0,2,0,0,0,0
yoruba_1_01396,Mysterious palm tree with 42 heads: Ọ̀pẹ Umalẹ̀ tàbí olórí yéye tó ń ṣ'àmín s'ádurà àwọn èèyàn,0,0,0,0,0,0
yoruba_1_01397,End SARS protest: Àwọn olùwọ́de EndSARS bíi mẹ́sàn án ló ṣì wà ní àhámọ́ lẹ́yìn oṣù mẹ́jọ - Ajàfẹ́tọ́,0,1,0,0,0,0
yoruba_1_01398,MMA: Àwọn èrò ní ìwà àjẹbánu ní kò jẹ́ kí Nàíjíríà ní ohun èèlò tó yẹ ní pápákọ̀ òfurufú,0,2,0,0,0,0
yoruba_1_01399,Ammended Terrorism prevention Act: Ẹ̀wọ̀n gbére tàbíì dájọ́ ikú fún ajínigbé títí ẹ̀mí yóò fi bọ́ ni àbájadé òfin túntun lórí ìjínigbé,0,0,0,0,0,0
yoruba_1_01400,"Ìgbẹ́jọ́ akẹ́kọ̀ọ́ tí àwọn olùkọ lú ní Ekiti tí bẹ̀rẹ̀, agbẹjọ́rò ní àfi kí ìjọba sàn 15mílíọ̀nù owó gbà má bínú",1,0,0,0,0,0
yoruba_1_01401,Bishop Oyedepo: Ifedayo Olarinde tó ń jẹ́ Daddy Freeze tọrọ àforíjì pé o sọ ọ̀rọ̀ ẹ̀gbin sí David Oyedepo,0,0,0,0,0,0
yoruba_1_01402,Ọmọ ọdún mẹ́rìndínlógún dèrò àtìmọ́lé lẹ́yìn tó bú gómìnà ìpínlẹ̀ Yobe lórí ayélujára,0,1,0,0,0,0
yoruba_1_01403,"Nigerian Labour Congress: Ewú ńbẹ! tí ìjọba ìpínlẹ̀ bá sàkóso gbèndéke owó oṣù òṣìṣẹ́,wọ́n ò ní san N30,000, N10,000 ní wọ́n má á san",0,0,0,0,1,0
yoruba_1_01404,Accountant-general N80billion arrest: Ka nípa ẹní tí ìjọba Nàìjíría yàn láti di ipò olùṣirò owó àgbà mu lẹyìn aṣemáṣe Ahmed Idris,0,0,0,0,0,0
yoruba_1_01405,Davido: Davido ní Wema Bank ń pe òun fún ìpàdé nítorí ẹ̀dáwó N1milion tó pè sí àṣùwọ̀n wọn,0,0,0,0,0,0
yoruba_1_01406,New Minimum Wage: Aráàlú fẹ́ kíjọba dín owó olóṣèlú kù dípò owó oṣù òṣìṣẹ́,0,0,0,0,0,0
yoruba_1_01407,PDP South West: Ọ̀rọ̀ ọkọ̀ ayọ́kẹ́lẹ́ ìjọba tó pòórá kìí ṣe ìṣẹ̀lẹ̀ àfojúfò,0,0,0,0,0,0
yoruba_1_01408,Wọ́n ti bẹ̀rẹ̀ ètò ìsìnkú Asẹ́yìn tí ìlú Iseyin Oba Abdulganiy Salawudeen Adekunle Oloogunebi tó wàjà,0,2,0,0,0,0
yoruba_1_01409,"Lukuluku Bantashi: Aláwàdà tí yóò kun èédú sójú, wọ aṣọ ìyá kò bá bàbá tan, ìdúró rẹ̀ lásán pa ní lẹ́rìn-ín",0,0,0,0,0,2
yoruba_1_01410,Aisha Yesufu: Àbúrò ìyá mí tó ti wà di olùṣọ àgùntàn lóni fojú mí rí mọbo,0,2,0,0,0,0
yoruba_1_01411,Ìyàwó: Ọkọ mi kúndùn ìbálòpọ̀ kọjá sísọ lẹ́yìn ìgbeyàwó ogun ọdún,0,0,0,0,0,0
yoruba_1_01412,Toyin Abraham: Ẹ wo ohun báwọn ọmọ ìṣọta ṣe ya bó màmá Ire lẹ́nu iṣẹ́,0,0,0,0,0,0
yoruba_1_01413,Girl Child Day 2022: Inú mi dùn pé ọmọ obinrin nìkan ni mo bi -Tawakalitu Olawale,0,0,0,0,0,2
yoruba_1_01414,Ṣé lóòtọ́? Bóo bá ń mu Garri jù tí wọ́n tàn ẹ́ pé ojú dídùn ni yóò gbẹ̀yìn rẹ; gbọ́ òótọ́ lẹ́nu onímọ̀,0,0,0,0,0,0
yoruba_1_01415,Two Lawyers fighting: Ki ló mú kí agbẹjọ́rò méjì fí ẹsẹ yọ eyin ará wọ́n níwájú adájọ ní Gombe,0,0,2,0,0,0
yoruba_1_01416,60 years married Benjamin Awoyemi: Ó dá mi lójú pé kò sí ẹni tí ọkọ mi ń ro ẹjọ́ mi fún,0,0,0,0,0,0
yoruba_1_01417,Babangida: Èròǹgbà ọmọ Nàíjíríà pọ̀ èyí tó ṣòro láti bá pàdé,0,1,0,0,0,0
yoruba_1_01418,Building Collapses In Lagos: Àlàyé lẹ́nu ará àdúgbò níbi ilé alájà mẹ́ta dàwó l'Eko,0,0,0,0,0,0
yoruba_1_01419,Sleeping tips: Tí ó kó bá sùn ni àárín aago yìí... Ò ń ṣe àkóbá fún ìlera ọkàn rẹ,0,0,0,0,0,0
yoruba_1_01420,Jumoke‘s Death Trial: Ìyá olóògbé ní kíjọba gbé òkú ọmọ òun fún sílẹ̀ láti sín lẹ́yìn ọjọ́ pípẹ̀,0,2,0,0,0,0
yoruba_1_01421,Wọ́n ṣá alága ẹgbẹ́ ọlọ́kọ̀ èrò pa l‘Eko lásìkò táwọn jàǹdùkú fẹ́ gbàkóso gáréèjì ọkọ̀,0,2,0,0,0,0
yoruba_1_01422,PDP Oyo àti Seyi Makinde fìjà pẹ́ẹ́ta torí àtakò tó ń ṣe fún Atiku,1,0,0,0,0,0
yoruba_1_01423,Ọdọ́bìnrin kan dáná sun ara rẹ̀ lẹ̀yin tí àwọn òbi kọ̀ fún lati fẹ́ ọlọ́kadà,0,1,0,0,0,0
yoruba_1_01424,Twitter ban: Èrò ọmọ Naijiria ṣọ̀tọ̀tọ̀ lórí ìgbésẹ̀ ìjọba àpapọ̀ láti gbẹ́sẹ̀ kúrò lórí Twitter,0,0,0,0,0,0
yoruba_1_01425,Muhammadu Buhari: Ọ̀pọ̀ ọmọ Naijiria ló ń jìyà nítorí ìwà àjẹbánu tó wà ní ẹ̀ka ètò ìlera - SERAP,0,2,0,0,0,0
yoruba_1_01426,"Ọmọ ẹgbẹ́ márùn ún lọ́dún mẹ́rin, Kí ló ń fa ikú ọ̀wọọ̀wọ́ lẹ́yìn Davido?",0,0,1,0,0,0
yoruba_1_01427,Herbal Doctor: Iléẹṣẹ́ ọlọ́pàá Eko tú àṣírí agbẹ̀bí alágbo tó ṣekú pa obìnrin kan,0,0,0,0,0,0
yoruba_1_01428,Mbaka missing: Father Ejike Mbaka ti ṣí aṣọ lójú àwọn tó sọ ọ́ dàwátì,0,0,0,0,0,0
yoruba_1_01429,"Jigawa Cholera Outbreak: Àrùn onígbáméjì pa èèyàn 500 ní Jigawa, 720 gba abẹ́rẹ́ àjẹsára",0,2,0,0,0,0
yoruba_1_01430,"PDP Reconciliation: Bukola Saraki ṣe ìpàdé pẹ̀lú gómínà Seyi Makinde, Ayo Fayose lórí ọ̀rọ̀ adarí ẹgbẹ́ PDP",0,0,0,0,0,0
yoruba_1_01431,Wo fídíò bí ayẹyẹ ìgbéyàwó Ọbabìrin Elizabeth ṣe wáyé lọ́dún 1947,0,0,0,0,0,0
yoruba_1_01432,Amotekun: Ìdí táwọn àgbà Nàìjíríà fi ń forí gbárí àti ohun tó yẹ,0,0,0,0,0,0
yoruba_1_01433,"Nigerian doctor shoots wife: Dr Benjamin Okigbo pa ìyàwó rẹ̀, pokùnso lẹ́yìn tó gbìyànjú láti pa ọmọ",0,2,0,0,0,0
yoruba_1_01434,"WASSCE time table 2020: Àwọn akẹ́kọ̀ọ́ da ìdánwò WAEC rú ni Ghana, wọn gún infijilátọ̀",0,2,0,0,0,0
yoruba_1_01435,Sex: Àwọn onímọ̀ ìjínlẹ́ ṣàlàyé ohun tó lè fa ikú òjijì lásìkò ìbálòpọ̀,0,0,0,0,0,0
yoruba_1_01436,Sunday Igboho: Àwa ni à ń ná 95% owó ẹjọ́ láti tú Igboho àtàwọn ajìjàgbara míì sílẹ̀ látìmọ́lé,0,1,0,0,0,0
yoruba_1_01437,"Aláàfin of Oyo dead: Wọ́n ti fẹ́ gbé Alaafin lọ ibi itẹ́, wo bí àwọn ènìyàn ìlú Oyo ṣe ń kẹ́dùn Ọba Adeyemi",0,3,0,0,0,0
yoruba_1_01438,Unilag VC: Folasade Ogunsola ni obìnrin àkọ́kọ́ tó jẹ ọ̀gá àgbà fún ibùdó ẹ̀kọ́ṣẹ́ ìṣègùn Fáṣítì Eko,0,0,0,0,0,0
yoruba_1_01439,Nigeria Army: Ọmọ ogún Nàìjíríà tó n lẹ̀dí àpò pọ̀ pẹ̀lú ISWAP ṣekú pa ará rẹ̀ lẹyìn tí àṣírí tú,0,1,0,0,0,0
yoruba_1_01440,Oluwo: Àwọn Alfa ń ‘copy’ mi ni wọ́n ṣe yan Waziri míràn,0,0,0,0,0,0
yoruba_1_01441,Kílódé tí ẹnu ń kun Seyi Makinde lórí ìpolongo ìbò tí Peter Obi fẹ́ ṣe ní'badan lónìí?,0,0,0,0,0,0
yoruba_1_01442,Mo tọrọ àforíjì fún ìyà àti ìṣẹ́ tó ń bá àwọn ọmọ Naijiria fínra - Aisha Buhari,0,2,0,0,0,0
yoruba_1_01443,Russia-Ukraine War: Ohun tí a fẹ́ ṣe láti dènà ìyàn oúnjẹ ní Naijiria rè é,0,0,0,0,0,0
yoruba_1_01444,Seyi Makinde: ₦60m ní mo gbé kalẹ̀ fún ìtọ́jú àwọn akẹ́kọ̀ọ́ ìmọ̀ òfin fún ọdún kan,0,0,0,0,0,0
yoruba_1_01445,"Maduka Okoye: Wo ohun tí o lè má mọ̀ nípa Maduka Okoye, aṣọ́lé Nàìjíríà tó ń dá àwọn obìnrin lọ́rùn",0,0,0,0,0,0
yoruba_1_01446,Pakistan rape sentence: Ilé ẹjọ́ dájọ́ ikú fún ọkùnrin méjì tó fi ipá bá obìnrin kan lòpọ̀ lójú àwọn ọmọ rẹ̀,0,3,0,2,0,0
yoruba_1_01447,"N kò gbà pé omi ló wọ́ ọmọ mi lọ, wọ́n pa á ni - Bàbá Daniel",0,3,0,0,0,0
yoruba_1_01448,"Ukraine/Russia crisis: Orílẹ̀-èdè Romania, Hungary àti Poland yóò gba àwọn ọmọ Naijiria tó ń fi Ukraine sílẹ̀ wọlé",0,0,0,0,0,1
yoruba_1_01449,Kidnapped Baptist Church Members: Àwọn ọmọ ìjọ Emmanuel Baptist Church tí wọ́n jí gbé ní Kaduna ti gba ìtúsílẹ̀,0,0,0,0,0,2
yoruba_1_01450,"Sunday Igboho: Àwọn ọmọ ogun, ọ̀tẹlẹ̀múyẹ́ DSS àtawọn òṣìṣẹ́ NSCDC ló dá mi lọ́nà",0,1,0,0,0,0
yoruba_1_01451,"Mourinho kò ọ́rọ́ rẹ̀ jẹ,o padà wá dì akọ́nimọ̀ọ́gbá tuntun fún ikọ̀ Tothenham",0,0,0,0,0,0
yoruba_1_01452,Ọmọ́táyọ̀ Olútóyè: Àwọn ǹkan tó yẹ kí ẹ mọ̀ nípa Ọ̀jọ̀gbọ́n obìnrin àkọ́kọ́ nínú ẹ̀kọ́ èdè Yorùbá lágbàyé,0,0,0,0,0,0
yoruba_1_01453,"ASUU lulẹ̀ lẹ́ẹ̀kejì, ilé ẹjọ́ Kòtẹ́milọ́rùn ní kò padà sẹ́nu iṣẹ́ kíákíá",0,0,0,0,0,0
yoruba_1_01454,Suzzanne Wenger: Obìnrin òyìnbó tó mọ ojú òrìṣà Osun ju ọmọ Yorùbá lọ,0,0,0,0,0,0
yoruba_1_01455,Lekki Massacre Panel Reports: - Adegboruwa ní wọn ti ṣá ọmọ ìgbìmọ̀ olùwádìí kan ní ìṣákúṣàá,0,2,0,0,0,0
yoruba_1_01456,Atiku vs Buhari: Adájọ́ yóò ṣẹ̀dájọ́ lóní lórí ìbò ààrẹ Naijiria,0,0,0,0,0,0
yoruba_1_01457,Obateru Akinruntan: Wíwá ohun tá jẹ títí láé ló gbé wa kúrò nílé Ife,0,0,0,0,0,0
yoruba_1_01458,Muhammadu Buhari: PDP ṣàlàyé àwọn ẹ̀ṣẹ̀ ààrẹ bó ṣe ń ṣàjọyọ̀ ọ̀jọ́ ìbí,0,0,0,0,0,0
yoruba_1_01459,Timothy Adegoke: Mi ò tíì rí èsì àyẹ̀wò ikú tó pa ọkọ mi - Ìyàwó olóògbé,0,2,0,0,0,0
yoruba_1_01460,"Lateef Adedimeji: Adebimpe Oyebade kọ́ ni àfẹ́sọ́nà mi, ọ̀rẹ́ lásán la jẹ́",0,0,0,0,0,0
yoruba_1_01461,LGBTQI in Ghana: Ààrẹ Ghana yarí pé ìjọba òun kọ́ ní yóò buwọ́lu ìgbéyàwó akọ sákọ àti abo sábo,0,0,0,0,0,0
yoruba_1_01462,Cannabis: Akeredolu késí ìjọba Nàíjíríà láti fi òfin ti àmúlò igbó lẹ́yìn,0,0,0,0,0,0
yoruba_1_01463,"Sunday Igboho: Bí ń kò bá jẹ́ èèyàn dáadáa, Ọlọ́run kò ní ṣe oun dáadáa fún mi",0,0,0,0,0,0
yoruba_1_01464,"10,000 Police constables: Ilé ẹjọ́ wọ́gilé ètò ìgbanisíṣẹ́ tí ọgá ọlọ́pàá ṣé lọdun 2019",0,0,0,0,0,0
yoruba_1_01465,Timothy Adegoke: Mọ̀lẹ́bí sọ ìdí tí wọn ṣe fẹ́ sin olóògbé,0,0,0,0,0,0
yoruba_1_01466,"Sunday Igboho: Ẹgbẹ́ YORNCA ní ìjọba ti kùnà lórí ìpèsè ààbò, Yorùbá fẹ́ ààbò nílànà ìbílẹ̀",0,2,0,0,0,0
yoruba_1_01467,Ọwọ tí tẹ mẹ́rin lára àwọn jàǹdùkú to ṣé ìkọlù sí ọkọ̀ ipolongo Adelabu ní ìpínlẹ̀ Oyo,0,0,0,0,0,2
yoruba_1_01468,Ademodi Maria 12 year old boxer: Mo máa kọ́kọ́ bí ẹ́ pé ṣé o lè nà mí kí n tó wá fi àgbà hàn ẹ́,0,0,0,0,0,0
yoruba_1_01469,"Pastor allegedly demand N310,000 from members: Ọlọ́pàá Ekiti fi ọ̀rọ̀ síta tó tàn 'mọ́lẹ̀ sí ẹ̀sùn Pásítọ tó fẹ́ gba N310K fi kó ọmọ ìjọ lọ s'ọ́run",0,0,2,0,0,0
yoruba_1_01470,"Kàyééfì Promo: Ìyá, ọmọ tuntun àti olubi ló wà níbùdó ìgbókùsí, àmọ́ òkú ọmọ di àwátì",0,0,2,0,0,0
yoruba_1_01471,Àwọn agbésùmọ̀mí kọlu ibùdó àwọn ológun nílùú Abuja,0,0,0,0,0,0
yoruba_1_01472,"Oyo law unchained dog owner arrest: Tú ajá rẹ sílẹ̀, kí o fi ẹ̀wọ̀n oṣù mẹ́fà jura ní ìpínlẹ̀ Oyo",0,0,0,0,0,0
yoruba_1_01473,"Osun Osogbo festival: Ọdún Osun gbìnàyá, t'onílé t'àlejò péjú fún ẹ̀bl àdúrà",0,0,0,0,0,1
yoruba_1_01474,Taribo West: Agbábọ́ọ̀lù Nàìjíríà wọ gàu lọ́wọ́ ọmọ Náìjíríà lórí àsọtẹ́lẹ̀ pé Trump yóò wọlé ìbò ààrẹ Amerika,0,0,0,0,0,0
yoruba_1_01475,Lagos-Ibadan Expressway Fire: Kíló fa iná tó sọ ní òpópónà Ibadan sí Eko tó gbẹ̀mí ènìyàn tí ọ̀pọ̀lọpọ̀ ọkọ̀ sì jóná?,0,0,0,0,0,0
yoruba_1_01476,Dele Odule: Ọ̀pọ̀ ìwà ọdaràn òdé òní ló wà láti inú sinimá,0,0,0,0,0,0
yoruba_1_01477,Eunice Osayande: Wo ìlú tó fẹ́ sọ àdúgbò kan lórúkọ aṣẹ́wó pàtàkì tí wọ́n pa,0,0,0,0,0,0
yoruba_1_01478,"El-Zakzaky: Buhari ló ní kí wọn pa mi, inú rẹ̀ kò sì dùn títí tó fi gbọ́ pé wọn ti sun ilé mi",0,0,0,0,0,0
yoruba_1_01479,Elephant kills women with baby: Erin tẹ obìnrin kan àti ọmọ rẹ̀ pa lọ́jọ́ ọdún,0,2,0,0,0,0
yoruba_1_01480,Adewole Oniluola: Tunde Kelani ni ikú àgbà Àyàn náà tún mú kí ilẹ̀ Yorùbá sọ ohun rere nù,0,2,0,0,0,0
yoruba_1_01481,Domestic Violence: Ọlópàá mú ìyàwó ilé tó bínú gún ìbátan ọkọ rẹ̀ lọ́bẹ pa nítorí pé o fọ̀ dígí rẹ̀,0,2,0,0,0,0
yoruba_1_01482,Ogun Amotekun: Dapo Abiodun fa ikọ̀ aláàbò létí láti ṣọ́raṣe lórí ìkọjá àyè,0,0,0,0,0,0
yoruba_1_01483,"Christmas celebrations: Báyìí ni Odunlade Adekọla, Mide Martins, Mercy Aigbe àtàwọn òṣèré fíìmù Yorùbá míràn kí àwọn olólùfẹ́ wọn kú ọdún",0,0,0,0,0,0
yoruba_1_01484,TASUED Protest:,0,0,0,0,0,0
yoruba_1_01485,Àwọn alárùn ọpọlọ tí gba ètò ìjọba Orílẹ̀èdè Nàìjíríà kan - Peter Obi,2,2,0,0,0,0
yoruba_1_01486,"Osun, Ekiti guber polls: N22.5m lowó fọ́ọ̀mù àti díje fún ipò gómìnà lẹ́gbẹ́ APC",0,0,2,0,0,0
yoruba_1_01487,"Ondo state citizen killed in Jos: Ẹ̀gbọ́n tó jẹ́ arọ, bàbá tí kò lẹ́sẹ̀, ọ̀pọ̀ ìyàwó àti ọmọ ni àbúrò mi tí wọ́n pa ní Jos fi silẹ́ ní Ondo",0,3,0,0,0,0
yoruba_1_01488,Kéére o! Ilé ẹjọ́ wọ́gilé ìdìbò ìjọba ìbílẹ̀ ní ìpínlẹ̀ Osun,0,0,2,0,0,0
yoruba_1_01489,"Ibrahim Magu: Ọ̀gá àgbà báńkì tẹ́lẹ̀ rojọ́ tako alága EFCC tẹ́lẹ̀, ó fẹ̀ṣùn ìbàjẹ́ kàn-án",0,0,0,0,0,0
yoruba_1_01490,"Plane Crash: Ọkọ̀ báàlù ṣìnà, ó já wọ ilé onílé",0,1,0,0,0,0
yoruba_1_01491,Mike Bamiloye pá àrokò ìkìlọ ránṣẹ sí àwọn ọkùnrin Nàìjíríà lórí àgbèrè ṣíṣe,0,0,0,0,0,0
yoruba_1_01492,Ibadan Violence: Bí ìkọlù jàǹdùkú sí àgọ ọlọ́pàá Mapo ní Ibadan ṣe wáyé rèé,0,0,0,0,0,0
yoruba_1_01493,Emefiele presidency ambition: Emefele kò lè ní kí INEC má bẹ́gi dínà èróngbà òun láti díje du ipò Ààre gẹ́gẹ́ bíi gómìnà CBN - Ilé ẹjọ́,0,0,0,0,0,0
yoruba_1_01494,"Australia: Igbe ayekòótọ́ sàànfàní, ó kó olówó rẹ̀ yọ lọ́wọ́ ikú gbígbóná",0,0,0,0,0,1
yoruba_1_01495,"Sunday Igboho: Oluwo ní káwọn Ọba, àgbààgbà Yoruba rọ Buhari kó tú Igboho sílẹ̀",0,0,0,0,0,0
yoruba_1_01496,"Kegel: Eré ìdárayá tí àwọn onímọ̀ sọ pé ó n fikún adùn ìbálòpọ̀ fún obìnrin, tó tún n fún ọkùnrin ní agbára",0,0,0,0,0,0
yoruba_1_01497,"Ilé ti sú ọmọ mi torí ìdaṣẹ́sílẹ̀ ASUU ló ṣe lọ ṣiṣẹ́ nílé ìtura, tó fi pàdé ikú òjijì - Màmá Rachel Opadele",0,3,0,0,0,0
yoruba_1_01498,"Obasanjọ's Birthday: Nàìjíríà yóò túbọ̀ máa wojú ààrẹ àná Olusegun Obasanjo fún ẹkọ́, ọgbọ́n àti ìmọ̀ láti tukọ̀ orílẹ̀-èdè yìí- Buhari",0,0,0,0,0,0
yoruba_1_01499,LASTMA: Ìwà tí LASTMA àtàwọn ọlọ́pàá hù tí ìyáwó mi fi pàdánú oyún inú rẹ̀ - Onyemaechi,0,0,0,0,0,0
yoruba_1_01500,2023 Presidential Election: Mí o búwọlu ìdupo ààrẹ ọdún 2023 fún Tinubu-Foluke Daramola,0,0,0,0,0,0
yoruba_1_01501,RevolutionNow: Falana àtàwọn míì ṣe àpérò l'Eko lẹ́yìn tí DSS kọ́kọ́ ti gbọ̀ngàn tí wọ́n fẹ́ lò pa,0,0,0,0,0,0
yoruba_1_01502,Ewú ńlá ni Peter Obi àti Kwankwaso jẹ́ fún PDP ní ìdìbò 2023 – Fayose,0,0,0,0,2,0
yoruba_1_01503,Lagos state; Ó kéré tán ẹran N328 bilionu ni àwọn ará Eko ń jẹ ní ọdọọdún,0,0,2,0,0,0
yoruba_1_01504,"CAF kéde Asisat Oshoala, Rasheedat Ajibade, Chiamaka Nnadozie lára àwọn agbábọ́ọ̀lu obìnrin fún àmì ẹ̀yẹ 'CAF Awards' tọdún 2022",0,0,0,0,0,2
yoruba_1_01505,"2023 Presidency: Kokoko lara mí le, Mo kàn ń gbà ìtọ́jú ni- Tinubu ṣàlàyé ìdí tó sì fi wà ní London",0,0,0,0,0,0
yoruba_1_01506,"Ẹ̀yà ara tó ń gbogun ti ọ̀fìnkìn, le tako àrùn Covid-19",0,0,0,0,0,0
yoruba_1_01507,"Olu Jacobs: Joke Silva sọ̀rọ̀ lórí ìlera ọkọ rẹ̀, ó ní ó ń bá àìsàn tó ń mú ni gbàgbé nǹkan ló ń ba jà",0,1,0,0,0,0
yoruba_1_01508,"Coronavirus: Pásítọ̀ Adeboye ní òun faramọ́ ìmọ́tótó, ṣùgbọ́n àwàdà ni ìgbésẹ̀ àwọn ìjọba lágbáyé láti kojú Coronavirus",0,0,0,0,0,0
yoruba_1_01509,Wo àwọn nǹkan mẹ́wàá tó ṣe láti ní ìbọn ní Naijiria,0,0,0,0,0,0
yoruba_1_01510,Niger Republic killings: Buhari ṣèlérí ìrànwọ́ láti dojú ìjà kọ agbésùnmọ̀mí láwọn ilẹ̀ tó yí Nàijíríà ká,0,0,0,0,0,0
yoruba_1_01511,Money ritual: Àwọn àṣà àtọ̀húnrìnwá ló fa títa ẹ̀jẹ̀ sílẹ̀ nítorí oògùn owó- Fayemi Elebuibon,0,1,0,0,0,0
yoruba_1_01512,Gender Based Violence: Àjàkálẹ̀ àrùn míì ní ìfìpábánilòpọ̀ níbí pẹ̀lú adúrú obìnrin tí wọ́n ṣeé sí,0,0,0,0,0,0
yoruba_1_01513,Àlàyé rèé lórí fọ́nrán fídíò tó ṣàfihàn ẹ̀kun omi lórí afárá Thirdmainland,0,0,0,0,0,0
yoruba_1_01514,Ibadan Murder: Shagbada pa ọ̀rẹ́bìnrin torí kò gbà kó bá a lò pọ̀,0,2,0,0,0,0
yoruba_1_01515,Osun Hotel Murder: Ìyàwó Timothy Adegoke bú sẹ́kún pé àwọn kan ti ń fi owó lọ abúrò ọkọ òhun lórí ẹjọ́ yìí,0,3,0,0,0,0
yoruba_1_01516,Open Grazing: Làásìgbò bẹ́ sílẹ̀ lẹ́bàá Ogbomoso torí màálù tó pa bàbá ìkókó ní ìkómọ ku ọ̀la,0,2,0,0,0,0
yoruba_1_01517,Priapism: Àìsàn ǹkan ọmọkùnrin tó ń lè gìdìgbà láì rọlẹ̀ níí ṣe pẹ̀lú ẹ̀jẹ̀,0,0,0,0,0,0
yoruba_1_01518,"Kazakhstan: Ó kéré tán, ènìyàn mẹ́rìnlá tí kú nínú àjálù ọkọ̀ òfurufú tó já",0,3,0,0,0,0
yoruba_1_01519,Bi adẹrinpoṣonu Stephen Sotonwa ṣé kàgbákò ikú nínú ìjàmbá ọkọ̀ ní Ondo nìyìí,0,2,0,0,0,0
yoruba_1_01520,Àwoͅn awakòͅ ìgboro ti fagilé ìyansͅéͅlódì oͅlóͅsèͅ kan ní ìlú Eko,0,0,0,0,0,2
yoruba_1_01521,"Kò sí ńkan ti ọkùnrin ń ṣe tí obìnrin kò le ṣe, kódà, mo ń tún 'Pumping Machine'- Afusat Adeniyi",0,0,0,0,0,0
yoruba_1_01522,Ukraine war: 'Àwọn ọmọ orílẹ̀-èdè Africa tí ebi n pa ló n jíyà ogun',0,2,0,0,0,0
yoruba_1_01523,Kí ló ń fa èdè aìyedè nílé ìgbìmọ̀ aṣòfin ìpínlẹ̀ Osun lórí àkọ́sọ̀ ọ̀rọ̀ tí Gómìnà Adeleke sọ?,0,0,0,0,0,0
yoruba_1_01524,"Libya shipwreck: Aṣàtìpó lọ sí Yuropu 45 kú sínú òkun ní Libya, 37 m'órí bọ́",0,2,0,0,0,0
yoruba_1_01525,"Ibadan Refuse: Kọmísánà fọ́rọ̀ àyíká ní ìṣẹ̀lẹ̀ náà ní bó ṣe jẹ́, kò ṣàdédé wáyé",0,0,0,0,0,0
yoruba_1_01526,Lizzy Anjorin: Kìí ṣe ẹ̀ṣẹ̀ kí obìnrin gba ọmọ tọ́ tàbí kó san owó fún ẹni tí yóò ba gbé oyún,0,0,0,0,0,0
yoruba_1_01527,Sunday Igboho: Ìgbẹ́jọ́ yóò wáyé láti mọ̀ bóyá wọ́n ó fa Igboho lé ìjọba Naijiria lọ́wọ́,0,0,0,0,0,0
yoruba_1_01528,Kí ló dé tí àwọn èèyàn ṣe ń fi orúkọ Ibrahim Chatta gbowó lórí ayélujára?,0,0,1,0,0,0
yoruba_1_01529,Potash: Mọ̀ síi nípa àǹfàní àti àléébù káún lílò nínú oùnjẹ- Okandeji Niniola,0,0,0,0,0,0
yoruba_1_01530,"Nigeria debt profile: Níbi tí ìjọba àpapọ̀ ń bọ́rọ́ lọ àfàìmọ̀ káwọn tí Nàìjíríà jẹ ní gbèsè ó má fi ṣọfà, Atiku Abubakar ṣèkìlọ̀",0,0,0,0,1,0
yoruba_1_01531,Ohun tó fa rògbòdìyàn lẹ́yìn tí wọ́n yan Ọba tuntun ní Ikirun rèé,0,0,0,0,0,0
yoruba_1_01532,Ìjọba Nàìjíríà yí ìpinnu rẹ̀ padà lórí àjọ eré ìdárayá bọ́ọ̀lù alápẹ̀rẹ̀ tó bẹ́gilé tẹ́lẹ̀,0,0,0,0,0,0
yoruba_1_01533,Twitter Ban: $1.5bn ni Nàíjíríà sọnù torí bó ṣe ti ojú òpó ayélujára pa,0,1,0,0,0,0
yoruba_1_01534,Dare Adeboye news: Ìyàwó Adeboye fojú hàn níta lẹ́yìn ikú ọmọ wọn Dare,0,0,0,0,0,0
yoruba_1_01535,Farmers-Herders Clash: Darandaran tó fẹ yìnbọn pa olókó rí ẹ̀wọ̀n gbéré he l‘Ekiti,0,0,0,0,0,1
yoruba_1_01536,Ogun Cult Clash: Ìjọba fajúro sí ìkọlù àwọn ọmọ ẹgbẹ́ òkùnkùn,2,0,0,0,0,0
yoruba_1_01537,PDP Primaries 2023: Banky Wellington jáwé olúborí láti díje ṣojú Eti Osa nílé ìgbìmọ̀ aṣòfin ni Eko,0,0,0,0,0,0
yoruba_1_01538,FIFAWWCUP: Wo ohun mẹ́rin tó jẹ́ ki America tún gbá ife ẹ̀yẹ àgbáyé,0,0,0,0,0,0
yoruba_1_01539,Mother Language Day: Ẹgbẹ́ Akọ́mọlédè l‘Eko ṣe káre sí BBC Yorùbá fún àgbéga àṣà,0,0,0,0,0,2
yoruba_1_01540,Àwọn dókítà ti ń káyà sókè torí ìlera Ọ﻿babìnrin Elizabeth Keji,0,0,0,0,2,0
yoruba_1_01541,Abiola Ajimobi: PDP ti fèsì padà fún Muideen Bello pé owó ló máa ń sọ bí wáàsí rẹ yóò ṣe rí,0,0,0,0,0,0
yoruba_1_01542,"Ogun House of Assembly Crisis: Dare Kadiri ní òun kìí ṣe olè, wọ́n lo ayédèrú ìbuwọ́lù òun láti gbé ₦50m jáde",0,0,0,0,0,0
yoruba_1_01543,Farmers-Herdsmen Clashes in Oyo: Àwọn afurasí Fulani mú ọ̀kan lára ọwọ́ fijilańté tí wọn gé lọ,0,2,0,0,0,0
yoruba_1_01544,"Àwọn afurasí darandaran ṣoró ní ìpínlẹ̀ Ondo, wọ́n pa ènìyàn mẹ́ta, jó ọ̀pọ̀lọpọ̀ ilé àti oko.",0,3,0,0,0,0
yoruba_1_01545,NDA Kaduna attack: Ìkọlù NDA sàfihàn pé ààrẹ Buhari ń gbìyànjú láti sọ Nàìjíríà di Afganistan ni- SOKAPU,0,0,0,0,0,0
yoruba_1_01546,"""Wakili Arrest: """"Nnkan ibanujẹ ni bi ọlọpaa ṣe ti awọn ọmọ ẹgbẹ OPC mọle nitori Wakili""""- Adari ẹgbẹ́ OPC""",0,2,0,0,0,0
yoruba_1_01547,Akure Lady Suicide: A kò ní ṣe ìwádìí kankan lórí òṣìṣẹ́ Shoprite tí wọ́n ló gba ẹ̀mí ara rẹ̀ nílùú Akure-Ọlọ́páà,0,0,0,0,0,0
yoruba_1_01548,"Tinubu: Buhari ti ṣí ọ̀nà oríire sílẹ̀ fún wa, àwọn aráàlú yóò sọ rere nípa rẹ̀ lẹ́yìn sáà rẹ̀",0,0,0,0,0,2
yoruba_1_01549,"Roheem Bamimore: Ará àdúgbò ní àwọn afurasí tó pa ọmọ náà ti máa ń jalè tẹ́lẹ̀, àwọn sì ti lé wọn kúrò",0,2,0,0,0,0
yoruba_1_01550,Twitter ban: Ó ti pé ọgọ́rùn ún ọjọ́ tí ìjọba ti f'òfin de Twitter,0,0,0,0,0,0
yoruba_1_01551,Ọwọ́ Amotekun Ondo tẹ ọmọ ọdún 16 tó fi ipá bá ìyàwó ẹ̀gbọ́n rẹ̀ lòpọ̀,0,0,0,2,0,0
yoruba_1_01552,Yellow Fever in Nigeria: Àrún ibà pónjú ti pa ènìyàn 172 ni Nàìjíríà - WHO,0,2,0,0,0,0
yoruba_1_01553,Sex Abuse: Lóòótọ́ ní àṣìṣe wáyé nípa bá ṣè kojú ìṣẹlẹ ifipabọmọdé l'òpọ̀ - Póópù,0,2,0,0,0,0
yoruba_1_01554,"Ogun Cultist: Ọwọ́ tẹ afurasí ọmọ ẹgbẹ́ òkùnkùn ní ilé ìtura, wo nǹkan tí ọlọ́pàá ká mọ lọ́wọ́",0,0,0,0,0,0
yoruba_1_01555,Florence Ajimobi: Àwọn Káfíńtà ti kó igi dé láti tún òrùlé ilé ìtajà tó jóná ṣe,0,0,0,0,0,0
yoruba_1_01556,"Àráàlú rò pé ajínigbé ni wọ́n, wọ́n dáwọ́ lu ẹbí kan tó kó ọmọdé sínú ọkọ̀",0,1,0,0,0,0
yoruba_1_01557,"Ó kéré tán, ó yẹ kí èèyàn máa pààrọ̀ ìfọyín rẹ̀ lẹ́ẹ̀kan láàrín oṣù mẹ́ta - Dókítà eyín",0,0,0,0,0,0
yoruba_1_01558,Kayode Badru Death: ''Candle'' jó Kayode Badru pa lásíkò ètò àdúrà pẹ̀lú Wòlí rẹ̀!,0,3,0,0,0,0
yoruba_1_01559,"Gani Adams: Bí Buhari bá ń yáwó lemọ́lemọ́, òpin yóò dé bá Naijria láìpẹ́",0,0,0,0,0,0
yoruba_1_01560,Àwọn ajagunfẹ̀yìntì ṣe ìfẹ̀hónúhàn lórí owó oṣù àti àjẹmọ́nú wọn,2,0,0,0,0,0
yoruba_1_01561,"King Millie: Mo mọ ọsàn hó ní ìyàwó mí ṣe bá mi ṣọrẹ ní kékeré, a sì padà fẹra",0,0,0,0,0,0
yoruba_1_01562,Alleged incest: Ọkùnrin kan dèrò àtìmọ́lé lórí ẹ̀sùn fífi ipá bá ọmọ bíbí inú rẹ̀ méjì lájọṣepọ̀ ní ìlú Akure,0,0,0,2,0,0
yoruba_1_01563,‘’Ọ̀ga mí pàṣẹ kí ń ma bá ó kéré tán ọkùnrin mẹ́wàá sùn lójúmọ́’’- Ọmọ ọdún mẹ́rìnlá,0,2,0,2,0,0
yoruba_1_01564,"Rotimi Akeredolu bu ẹnu àtẹ́ lu àwọn tó sọ pé ó ti kú , ó ní ṣáká lara òun dá",1,0,0,0,0,0
yoruba_1_01565,Hajj: Àjọ alálàájì ní owó Hajj ọdún yìí yóò tó N2.5m fún arìnrìnàjò kọ̀ọ̀kan,0,0,0,0,0,0
yoruba_1_01566,Lassa Fever: Ibà Lassa tún ti rán èèyàn mẹ́rin s'ọ́run ní ìpínlẹ̀ Kogi,0,3,0,0,0,0
yoruba_1_01567,Marriage Divorce: Ilé ẹjọ́ tú ìgbéyàwó ọdún mẹ́sàn ka lẹ́yìn tí ọkọ fi ẹ̀sùn olè jíjá kan ìyàwó,0,2,0,0,0,0
yoruba_1_01568,Ì﻿dí mẹ́rin tí sísùn ní ìhòhò fi dára fún ìlera rẹ,0,0,0,0,0,0
yoruba_1_01569,Wọ́n ti yọ Portable bíi jìgá kúrò nínú àwọn tí yóò gba àmì ẹ̀yẹ ‘Headies’ nítorí wòtòwótò,0,0,0,0,0,0
yoruba_1_01570,Sunday Igboho: Ilé ẹjọ́ fi ìyàwó Igboho sílẹ̀ pé kò lẹ́jọ́ jẹ́ àmọ́ ìgbẹ́jọ́ ọkọ rẹ̀ ń tẹ̀síwájú lọ́jọ́ Aje,0,0,0,0,0,0
yoruba_1_01571,Plane crash: Díẹ̀ ló kù kí bàlúù arìnrìnàjò sílẹ̀ mímọ́ Hajj gbaná ní Minna,0,0,0,0,0,1
yoruba_1_01572,"Ondo bullion van attack: Adigunjalè kọlu ''bullion van'' tó gbówó l'Ondo fún ìgbà kẹ́rin lóṣù méjì, èèyàn méjì tún kú",0,3,0,0,0,0
yoruba_1_01573,Shiloh 2020: Oyedepo ní òun kò le tòṣì láéláé! Ẹni tó bá ń bínú kàn ń bínú lásán ni,0,0,0,0,0,0
yoruba_1_01574,Fasola: Àwọn ọmọ Nàíjíríà kojú oro sí Fasola lórí bó ṣe ní ọ̀nà kò fi bẹ́ẹ̀ bàjẹ́,2,0,0,0,0,0
yoruba_1_01575,Yahoo Boys: Àwọn afurasí ọmọ Yahoo gbé òkú ọmọṣẹ́ wọn tó mu Colorado sórí afárá l'Abeokuta,0,2,0,0,0,0
yoruba_1_01576,Akẹ́kọ̀ọ́ girama mẹ́ta fípá bá akẹ́kọ̀ọ́ ọmọ ọdún 14 lòpọ̀ ní Akure,0,0,0,0,0,0
yoruba_1_01577,"Ogun School Collapse: Ìjọba Ogun wó iléẹ̀kọ́ Nazareth High School, Imeko tó wó pa ọmọ orùkan",0,0,0,0,0,0
yoruba_1_01578,"PDP Crisis: Ologbondiyan ní ìjà inú ẹgbẹ́ náà kò sẹ̀yìn ìbò 2023, kìí ṣe nǹkan bàbàrà",0,0,0,0,0,0
yoruba_1_01579,Yoruba Nation: Ààrẹ ẹgbẹ VOR sọ pé kí ọmọ Yorùbá di ààrẹ Naijiria kọ́ ni ọ̀nà àbáyọ,0,0,0,0,0,0
yoruba_1_01580,Mowe death: Lẹ́yìn tí ọkùnrin yìí gbé òkú obìnrin náà sínú ọkọ̀ ló pa ara rẹ̀- Oyeyemi agbófinró,0,2,0,0,0,0
yoruba_1_01581,Àwọn aya Yekeen Ajileye ló fa ìpinyà láàrin wa débi pé mo fẹ́ pa ara mi - Abija,0,2,0,0,0,0
yoruba_1_01582,"Atiku, PDP fẹ́ ṣàbèwò sí Wike láti parí aaáwọ̀ nínú ẹgbẹ́ náà",0,0,0,0,0,0
yoruba_1_01583,Afenifere sọ̀rọ̀ àbùkù sí agbẹnusọ Buhari lẹ́yìn tó tako àwọn tó ń bu ẹnu àtẹ́ lu ìjọba rẹ̀,2,0,0,0,0,0
yoruba_1_01584,Cow rustlers caught: Ọwọ́ tẹ́ àwọn ọkùnrin mẹ́ta tí wọ́n jí Màálù kó ní Ogbomọṣọ- Àjọ NSCDC,0,0,0,0,0,1
yoruba_1_01585,"Ìgbà ọ̀tun! Lampard kó ìyà lọ, Tuchel kó ire de Chelsea",0,0,0,0,0,0
yoruba_1_01586,Ibadan: Olóòlù kò ni kọ́ja agboolé rẹ̀ fún ọdún eégún ìlú Ibadan tọdún yìí,0,0,0,0,0,0
yoruba_1_01587,Babajide Sanwo-olu: Mo ti fi ọgbọ̀n ọdún ṣe iṣẹ́ púlọ́mbà,0,0,0,0,0,0
yoruba_1_01588,"Kemisola Ogunniyi: Ọmọ tó bí sọ́gbà ẹ̀wọ̀n ló kọ̀kọ́ gba ẹ̀bùn ẹ̀kọ́ ọ̀fẹ́, kí ti ìyá rẹ̀ tó dé",0,0,0,0,0,2
yoruba_1_01589,Human Trafficking: Wọ́n fun mi ni omí ìmùlẹ̀ kí wọ́n to sọ fun mi pé iṣẹ́ aṣẹwo ni mo wá ṣe- Adeola,0,1,0,0,0,0
yoruba_1_01590,"Iná sọ nílé Akin Ogunbiyi tó ń díje du ípò gómìnà ní ìpínlẹ̀ Osun, ọ̀pọ̀ dúkìá ṣòfò",0,3,0,0,0,0
yoruba_1_01591,"Baba Ijesha: Princess ní òun yóò borí, ó le má wáyé lójú ẹsẹ̀ àmọ́ ó di dandan",0,0,0,0,0,0
yoruba_1_01592,Court sentences Dane who killed his Nigerian wife and daughter: Bí ilé ẹjọ́ ní Eko ṣe dájọ́ ikú fún ọmọ orílẹ̀-èdè Denmark tó pa ìyàwó àti ọmọ wọn,0,2,0,0,0,0
yoruba_1_01593,"Agbekoya Protest: Kò sí àtúnṣe òfin 1999, kò sí ìbò ní 2023",0,0,0,0,0,0
yoruba_1_01594,Barry Jhay: Àgbẹjọ́rò ní irúfẹ́ ìṣẹ̀lẹ̀ yìí náà wáyé sí Ayinde Barrister tí wọn ló pa èèyàn lẹ́yìn egúngún,0,0,0,0,0,0
yoruba_1_01595,#EndSARS: Amẹrika ń fẹ́ ìdájọ́ òdodo lórí ìwàdìí ìṣẹ̀lẹ̀ ìwọ́de #EndSARS ní Lekki toll gate,0,0,0,0,0,0
yoruba_1_01596,Ààrẹ fí ọwọ́ òsì júwe ilé fún Mínísítà tó ń gba owó oṣù láì ṣiṣẹ́,2,0,0,0,0,0
yoruba_1_01597,"Taiwo Hassan Ogogo: Àwọn èèyàn kan ní Cocaine ló tú sínú mi, àwọn míì ní mo ní HIV ni",0,1,0,0,0,0
yoruba_1_01598,"Nkechi Blessing: Ọ̀rọ̀ ọkọ mí, ọkọ mí tí àwọn Yoruba ma ń pe àfẹ́ṣònà ló kó bá mi",0,1,0,0,0,0
yoruba_1_01599,Baba Ijesha: Agbẹjọ́rò tuntun bẹ ilé ẹjọ́ kó sún ìgbẹ́jọ́ síwájú torí òun kò mọ ohun púpọ̀ nípa ẹjọ́ náà,0,0,0,0,0,0
yoruba_1_01600,Deborah Killed in Sokoto: Olùṣọ́ ìjọ tí wọ́n jó ṣọ́ọ̀ṣì pátápátá ní Sokoto sòrò sókè!,0,0,0,0,0,0
yoruba_1_01601,"Ẹ﻿ dákun, ẹ yé bímọ 100 láàrin oṣù kan - Ààrẹ Tanzania rawọ́ ẹ̀bẹ̀",0,0,0,0,0,0
yoruba_1_01602,Ikoyi house collapse: Ìjọba ìpínlẹ̀ Eko sọ̀rọ̀ lórí ẹni tó ni ilé alájá 21 tó dà wó ní Ikoyi,0,0,0,0,0,0
yoruba_1_01603,Ondo Cow Death: Ọba Akungba ní Fulani tó ni màálù tó kú níkan ló mọ omi tí wọn mu,0,0,0,0,0,0
yoruba_1_01604,Mọ̀ síi nípa Olaolu Martins ọ̀kan lára olùdásílẹ̀ ilé oúnjẹ Bukka Hut tó ṣáláìsí,0,0,0,0,0,0
yoruba_1_01605,"Kara Bridge: Ó kéré tán, ọkọ̀ yóò lo wákàtí mẹ́ta kó tó bọ́ lójú ọ̀nà Kara tó dí pa",0,0,0,0,0,0
yoruba_1_01606,Timothy Adegoke and Rahmon Adedoyin: Adájọ́ Ojo ti sún ìgbẹ́jọ́ ikú Timothy Adegoke síwájú dí ọjọ́ Ajé tó ń bọ̀,0,0,0,0,0,0
yoruba_1_01607,Akomolede BBC: Onírurú gbólóhùn léde Yorùbá àti irúfẹ́ gbolóhùn tó wà nínú èdè Yorùbá,0,0,0,0,0,0
yoruba_1_01608,"Akure shooting: Àlááfíà ti padà sí ìlú Akure, ẹnikẹ́ni kò kú - Deji ilu Akure",0,0,0,0,0,2
yoruba_1_01609,"Lateef Adedimeji: Mo ri iṣẹ́ Ọlọ́run, omijé gbọ̀n mí, mo sì rí ìdí tí ọpẹ́ fi tọ́ sí mi",0,0,0,0,0,2
yoruba_1_01610,Cult attack in Osun Varsity: Wo ohun tó ṣẹlẹ̀ sí akẹ́kọ̀ọ́ fásìtì Osun táwọn ọmọ ẹgbẹ́ òkùnkùn dáná sún,0,1,0,0,0,0
yoruba_1_01611,Missing Alpha Jet: Ayédèrú fídíò ni Boko Haram fi léde lórí ọkọ̀ òfúrufú ọmọgun Alpha Jet tó pòórá -NAF,0,0,0,0,0,0
yoruba_1_01612,Wo àmójútó tí o gbọ́dọ̀ fún nkan ọmọkùnrin rẹ láti dènà ààrùn,0,0,0,0,0,0
yoruba_1_01613,"Wo ohun tó yẹ kí o mọ̀ nípa adẹ́rínpòṣónú, Peteru tó jáde láyé",0,0,0,0,0,0
yoruba_1_01614,"""Yoruba World Centre: Ìdíje fún sísọ àwọn akẹ́kọ̀ọ́ Yorùbá nílé ẹ̀kọ́ girama dí """"Millionaire"""" lọ́dọọdún gbéra sọ""",0,0,0,0,0,0
yoruba_1_01615,Kogi attack: èèyàn mọ́kàndínlógún pàdánù ẹmi wọ́n ninu ikọlù náà,0,2,0,0,0,0
yoruba_1_01616,"E má ṣìwágbọ́, Orí ayélujára ní èsì ìdìbò yóò ti máa jáde ní 2023– INEC",0,0,0,0,0,0
yoruba_1_01617,Fire guts Apongbon bridge market: Bí iná ń jó ní ọ̀jà abẹ́ afárá Apongbon l'Eko,0,1,0,0,0,0
yoruba_1_01618,TB Joshua ló san owó iṣẹ́ abẹ ojú tí mo ṣe nílùú London - Dele Momodu,0,0,0,0,0,0
yoruba_1_01619,Herbalist kills Baby for Ritual: Oníṣègùn pòórá mọ́ àwọn ọ̀dọ́ tó ń lù ú lọ́wọ́,0,0,2,0,0,0
yoruba_1_01620,Fake Ceritificate: Ìjọba Ọṣún ní yóò ṣoro láti gba òṣìṣẹ́ tó ní ẹbu ìwé ẹ̀rí síṣẹ́ mọ́,0,0,0,0,0,0
yoruba_1_01621,Otedola bridge fire: Ọkọ̀ akẹ́rù rí ìjánu rẹ̀ já ló kọlù ọkọ̀ agbépo tó fa ìjàmbá iná ní Otedola lópópónà Lagos-Ibadan- LASEMA,0,1,0,0,0,0
yoruba_1_01622,"Ooni of Ife's surprise birthday: Olorì Wòlíì Silekunola Naomi wú olólùfẹ́ rẹ̀, Ooni ti Ile Ife lórí",0,0,0,0,0,2
yoruba_1_01623,"Janet Jackson's Yoruba song: Tony Ade ti wọ́n bí sí Amẹ́ríkà ti fẹ́ padà wá Nàìjíríà, ìdí tó fi fẹ́ darí wálé rèé",0,0,0,0,0,0
yoruba_1_01624,Abdulazeez Olajide Adediran Jandor: O ṣeni láànú pé owó Eko kò ṣiṣẹ́ fún ará Eko,0,1,0,0,0,0
yoruba_1_01625,Baba Ijesha: Iyabo Ojo àti Nkechi Blessing gbà alàáfíà láàyè,0,0,0,0,0,1
yoruba_1_01626,Damola Olatunji fojú balé ẹjọ́ lórí ẹ̀sùn pé ó dúnkookò mọ́ ọlọ́pàá àtàwọn ẹ̀sùn míì,0,0,0,0,0,0
yoruba_1_01627,Domestic violence: ‘Ẹ̀rù ayé mi sì ń bà mí’ – obìnrin tí ọkọ gé imú rẹ̀,0,0,0,0,2,0
yoruba_1_01628,Ooni Ife's New Princess: Ooni Ogunwusi ní òun nífẹ̀ẹ́ ìyá tó bí ọmọbìnrin náà púpọ̀,0,0,0,0,0,2
yoruba_1_01629,Anthony Joshua vs Pulev highlights: Ẹ̀bùn ọdún Kérésìmesì ni àseyọrí Joshua lẹ́yìn tó na Pulev lálùbolẹ̀ - Dapo Abiodun,0,0,0,0,0,2
yoruba_1_01630,Rògbòdìyàn ìlú sí ìlú gbẹ̀mí káńsílọ̀ àti fijilanté l’Ondo,0,2,0,0,0,0
yoruba_1_01631,Akure Murder: Ọlọ́pàá bẹ̀rẹ̀ ìwádìí àwọn olólùfẹ́ yìí tí wọ́n bá okú wọn ní ilé ìgbọ̀nsẹ̀ wọn,0,0,0,0,0,0
yoruba_1_01632,Child marriage: Ilé ẹjọ́ dá Ààfá dúró láti gbé ọmọ ọdun 16 sílé gẹ̀gẹ́ bí ìyàwó rẹ̀ kẹ́sàn án,0,0,0,0,0,0
yoruba_1_01633,Assited suicide in Austria: Mọ̀ nípa òfin tuntun tó lé mú kí èèyàn rí ìrànlọ́wọ́ ìjọ̀ba láti gbẹ̀mí ara rẹ̀ ní Austria,0,0,2,0,0,0
yoruba_1_01634,"Ilé tó dàwó ń sọ̀kò, òpó ilé sì yẹ̀, kílé tó wó lulẹ̀ láago méjì òru - Óṣojúmìikòró",0,0,0,0,0,0
yoruba_1_01635,Prince Malik Ado Ibrahim: Wo bí Adama Indimi àti Prince Malik Ado ọmọ Ọba Ohinoyi ilẹ Ebira ṣe fa ayélujára ya,0,0,0,0,0,0
yoruba_1_01636,Ọ̀kan nínú àwọn ọmọ mẹ́rin tó fi Rofia ṣòògùn owó ti sùnlọ níbi tí wọ́n ti n jó orí rẹ- Olóri fijilante Abeokuta,0,2,2,0,0,0
yoruba_1_01637,Jimoh Odutola: Gbajúmọ̀ olókoòwò tó n sọ àlòkù táyà di tuntun ní Afíríkà,0,0,0,0,0,0
yoruba_1_01638,Mo kìlọ̀ fún àwọn ọmọ Naijiria ṣáájú ìbò 2015 pé rúgúdù ń bọ̀ àmọ́ wọn kò gbọ́nran – Oyedepo,0,2,0,0,0,0
yoruba_1_01639,"Ibadan flood: Omi gbé arákùnrin ẹni ọdún 28 kan lọ ní Ibadan, Gómìnà Makinde bá mọ̀lẹ́bí kẹ́dùn",0,3,0,0,0,0
yoruba_1_01640,Ìṣẹ́jú Kan BBC,0,0,0,0,0,0
yoruba_1_01641,Lightning kills family: Àrá sań pa èèyan mẹ́rin nínú ìdílé kan ṣoṣ,0,3,2,0,0,0
yoruba_1_01642,Ọlọ́pàá tó bá ìyàwó Atiku gbé báàgì lóde kan ìjàngbọ̀n,0,1,0,0,0,0
yoruba_1_01643,Kí ló fàá tí àwọn olóṣèlú kò fi ń lo àwòrán Buhari lórí ìwé ìpolongo ìbò wọn?,0,0,0,0,0,0
yoruba_1_01644,"Schools Resumption: Ohun tó yẹ kí o mọ̀ b'áwọn akẹ́kọ̀ọ́ ṣé fẹ́ wọlé padà ní Ogun,Èkó àtàwọn ìpínlẹ̀ míì",0,0,0,0,0,0
yoruba_1_01645,"Tọkọ-taya tó ta ọmọ wọn ní ₦50,000 dèrò àtìmọ́lé l'Ogun",0,2,0,2,0,0
yoruba_1_01646,"Òpin dé bá ilé ìjo, ̀̀Ọkadà alẹ́! Wo ìdí tí Ì﻿jọba ìpínlẹ̀ Ondo fi fòfin dè wọ́n",0,0,0,0,0,0
yoruba_1_01647,"Iyabo Ojo: Ìséde alẹ́ di àárọ̀ tí Sanwo-Olu ṣe kó bá ilé ìgbafẹ́ mi, gbèsè dé",0,2,0,0,0,0
yoruba_1_01648,Black lives Matter: Yomi Faparusi sọ ìrírí rẹ̀ lọ́wọ́ àwọn ọlọ́pàá nílẹ̀ Amerika,0,0,0,0,0,0
yoruba_1_01649,"Gas Explosion: Ẹ̀mí kan bọ́, èèyàn mẹ́ta fara pa nínú ìṣẹ̀lẹ̀ ìbúgbàmù gáàsì tó wáyé l‘Eko",0,3,0,0,0,0
yoruba_1_01650,Ọ̀mùtí Ṣójà wa ọkọ̀ pa ọ̀gá rẹ̀ nínu báráàkì ní Eko,0,2,0,0,0,0
yoruba_1_01651,A fẹ́ àlàyé lórí owó Abacha tẹ fẹ́ gbà lọ́wọ́ Amẹ́ríkà - SERAP,0,0,0,0,0,0
yoruba_1_01652,"""""""Ó ti di ènìyàn mẹ́tà tí ìwádìí ní ọ̀gá dókítà ní Kwara ti pa""""""",0,3,0,0,0,0
yoruba_1_01653,Proposed Police Strike: Iléeṣẹ́ ọlọ́pàá ní àhesọ̀ ní pé àwọn òṣìṣẹ́ òun kan fẹ́ da iṣẹ́ sílẹ̀,0,0,0,0,0,0
yoruba_1_01654,Ibadan Gas tanker accident: Ọdọọdún la máa ń gbé igbá àgbo lọ́jà Bode àmọ́ àwọn kan kọ̀ lọ,0,0,0,0,0,0
yoruba_1_01655,“Gbogbo àwọn tó bá kọ ‘proposal’ olólùfẹ̀ wọn yóò bẹ̀rẹ̀ sí ń san owó ìtanràn”,1,0,0,0,0,0
yoruba_1_01656,"Ajah-Lagos Mayhem: Ọkọ̀ àjàgbé tẹ ọlọ́kadà àti èrò rẹ̀ pa L'Eko, wàhálà bẹ́ sílẹ̀",0,2,0,0,0,0
yoruba_1_01657,Ilorin Killing: Ọmọ kan ṣoṣo lọ́wọ́ ìyá rẹ̀ dèrò ọrun torí ááwọ̀ báńgà ní Mọ́ṣáláṣí,0,3,0,0,0,0
yoruba_1_01658,Governors 100 days: Gbadamosi ní àwọn ojú ọ̀nà Eko ń bàjẹ́ si lásìkò Sanwo-Olu,0,2,0,0,0,0
yoruba_1_01659,2021 roundup Nigerian Celebrities Scandal: Wo àwọn Sẹlẹ́bírítì fíìmù àti Olórin Yorùbá tí ọ̀rọ̀ ìbálòpọ̀ wọ́n àti ìṣẹ̀lẹ̀ míì dagbro rú lọ́dún 2021,0,0,0,0,0,0
yoruba_1_01660,Nigeria lockdown: Kí ni àwọn kókó tí Ààrẹ Buhari tẹnumọ́ nínú ọ̀rọ̀ tó bá àwọn ọmọ Nàìjíríà sọ lọ́jọ́ Àìkú?,0,0,0,0,0,0
yoruba_1_01661,"Dead body dumped beside church in Akure: Gbogbo èèyàn jí bá òkú náà nílẹ̀ ni, kẹ́nikẹ́ni má sọ ohun tí wọn kò mọ̀",2,0,0,0,0,0
yoruba_1_01662,Students attack Police: Ìjà ní DPO wà parí láàrín àwọn akẹ́kòó ilé ẹ̀kọ́ gírámà kí wọn tó fí oko fọ lórí,0,3,0,0,0,0
yoruba_1_01663,"Ogun Police: Àwọn jàǹdùkú kọlu ọlọ́pàá, DPO faragbọta, ọlọ́pàá mẹ́rin di àwátì",0,2,0,0,0,0
yoruba_1_01664,"Classroom collapse on pupils in Ogun: Muinat Ilebiyi gbẹ́mìí mì lójú ẹsẹ̀, ipò táwọn méjì tó kù wà rèé",0,3,0,0,0,0
yoruba_1_01665,"PDP Oyo: Igun tó ń bínú ní kìí ṣe olóṣèlú níkàn ló ń bínú sí Makinde, aráàlú gan kò fẹ",3,0,0,0,0,0
yoruba_1_01666,"Àwọn agbénipaṣètùtùọlà pa ìyá ẹni ọdún 65, yọ ojú rẹ̀ ní Ilesa",0,3,0,2,0,0
yoruba_1_01667,"Benue news: Èèyàn méjì kú lásìkò tí ṣọ́ọ̀ṣì dà wó ní Taraba, àwọn míràn farapa",0,3,0,0,0,0
yoruba_1_01668,Paracetamol arrested in Ogun: Bí Iléeṣẹ́ ọlọ́pàá Ogun ṣe fi òfin mú Paracetamol tó jẹ́ olórí ẹgbẹ́ òkùnkùn,0,0,0,0,0,0
yoruba_1_01669,"Sunday Igboho: Gbẹ̀fẹ́ ní àkókò tí mo lò lọ́gbà ẹ̀wọ̀n, àìsúnmọ́ aya mi nìkan ní ìyàtọ̀ pé ń kò sí nílé",0,0,0,0,0,0
yoruba_1_01670,Ibrahim Babangida: Buhari ní Nàìjíríà kò lè gbàgbé iṣẹ́ ribiribi tí IBB ṣe láéláé bí ó ti pé ẹni ọdún 79 lónìí,0,0,0,0,0,1
yoruba_1_01671,Senator Elisha Abbo: Adájọ́ ní ọlọ́pàá kò fi ẹ̀rí tó dájú múlẹ̀ lórí ẹ̀ṣùn ìfìyàjẹni,0,0,0,0,0,0
yoruba_1_01672,"Soun Ogbomoso: Ọkùnrin kan kọlu Ààfin Soun, ó ba dúkìá jẹ́",0,0,0,0,0,0
yoruba_1_01673,World Teachers Day: Ẹ̀kúnrẹ́rẹ́ àlàyé rèé nípa ìlànà àkànṣe owó oṣù tuntun fáwọn òlùkọ́,0,0,0,0,0,0
yoruba_1_01674,Ohun márùn ún tí ejò ń jẹ,0,0,0,0,0,0
yoruba_1_01675,Sean Imonioro Chukwuemeka: Oyìnbó ẹni ọdún 56 tí mo fẹ́ ní ìhùwàsí gidi ju ọ̀dọ́bìnrin ọmọ Nàìjíríà lọ,0,0,0,0,0,0
yoruba_1_01676,Wó kókó ohun mẹ́rìndínlógún tí Tinubu yóò ṣé tó bá di Ààrẹ,0,0,0,0,0,0
yoruba_1_01677,Stray leopard captured: Ọwọ́ tẹ àmọ̀tẹ́kùn tó rìn wọ inú àdúgbò,0,0,0,0,0,0
yoruba_1_01678,Military Plane Crash: Opó Alfred Onifade ń ṣèdárò ikú ọkọ rẹ̀ pẹ̀lú ohùn arò,0,3,0,0,0,0
yoruba_1_01679,National Sports Festival: Ìjọba àpapọ̀ ní kò sí ohun tó jọ pé ìdíje náà yóò párí l'Ọ́jọ́bọ̀,0,0,0,0,0,0
yoruba_1_01680,Itunu Babalọla Death: Ìjọba Nàíjìríà fèsì sí ìbéèrè Baba Itunu Babalola lórí òkú ọmọ rẹ̀!,0,0,0,0,0,0
yoruba_1_01681,Olóṣèlú bẹ̀rẹ̀ àpárá tórí ọ̀pọ̀ olùwọ́de lẹ́yìn Peter Obi,0,0,0,0,0,0
yoruba_1_01682,Queen Elizabeth II: Wo ìkéde tí olú iléeṣẹ́ ìjọba Gẹ̀ẹ́sì gbé síta nípa kíkẹ́dùn ikú Ọbabìrin Elizabeth II ní Nàìjíríà,0,0,0,0,0,0
yoruba_1_01683,Sylvester Oromoni: Ìyàwó Gómìnà sọ èrò ọkàn rẹ̀ lórí ikú akẹ́kọ̀ọ́ omo ọdún méjìlá Sylvester Oromoni,0,1,0,0,0,0
yoruba_1_01684,"Mercy Aigbe: Lanre Gentry fi àwòràn àtijọ́ síta tó sọ bí àjọṣepọ̀ rẹ̀ àti Mercy pẹ̀lú Adekaz, ọkọ tuntun àti ìyàwó onítọ̀ún ṣe dán mọ́rán sí",0,0,0,0,0,0
yoruba_1_01685,Nítòótọ́ ni à máa ṣe 'Stop and Search' sùgbọ́n à kò gbé agbègbè kankan tìpa ni Eko rárá- Iléeṣẹ́ ọlọ́pàá Eko,0,0,0,0,0,0
yoruba_1_01686,Wo ọ̀nà mẹ́wàá tí o fi lè dábò bo ara ré lásìkò ọyẹ́ yìí,0,0,0,0,0,0
yoruba_1_01687,EndSARS Protest Update: Ọ̀gá àgbà ọlọ́pàá àti ọ̀gá àjọ ọlọ́pàá ń késí àwọn òṣìṣẹ́ wọn,0,0,0,0,0,0
yoruba_1_01688,"Ogun Police: Bàbá fìdí ọmọ ọdún márùn ún jó sítóòfù gbígbònà, ó di aláàbọ̀ara torí ó jí ẹja",0,2,0,0,0,0
yoruba_1_01689,Internet Fraud: Iléẹjọ́ ní kí ''Yahoo boy'' lọ darí ọkọ̀ f'óṣù mẹ́ta lẹ́yìn tó tan obìnrin òyìnbó jẹ,0,0,1,0,0,0
yoruba_1_01690,Oshodi Military Crisis: Kí ni ìdí abájọ wàhálà lórí ikú ọmọogun òfúrufú l'Oshodi?,0,0,0,0,0,0
yoruba_1_01691,Major US Twitter accounts hacked: Ẹ wo bí àwọn gbájúẹ̀ ṣe ṣọṣẹ́ ní Amerika,0,0,2,0,0,0
yoruba_1_01692,"""""""Ẹ jẹ́ ká pa ẹgbẹ́ ọ̀tún tì ká pa tí òsì tì ká gbájúmọ̀ Accord! Ìdì tí wọ́n fi ń jà láti fẹ̀yìn mi janlẹ̀ rèé"""" - Akin Ogunbiyi""",0,0,0,0,0,0
yoruba_1_01693,Coronavirus: Ọmọ Nàìjíríà tó darí láti France wá labẹ àyẹwò lórí Coronavirus,0,0,0,0,0,0
yoruba_1_01694,"A﻿wakọ̀ èrò tíjọba ta ọkọ̀ rẹ̀ lo oṣù mẹ́ta lẹ́wọ̀n, ọmọ rẹ̀ ọdún mẹ́ta tún kú",0,3,0,0,0,0
yoruba_1_01695,"Anthony Olatunfe: Ọlọ́pàá ní Pásítọ̀ náà ta fóónù ẹni tí wọn ń wá ní ₦1,500",0,1,0,0,0,0
yoruba_1_01696,"Àwọn iléeṣẹ́ bàlúù ní Nàìjíríà yí ohùn padà lórí wíwọ́gié ìrìnnà òfúrufú nítórí owó epo bàlúù, wọ́n ní àwọn ti da ọ̀rọ̀ náà rò",0,0,0,0,0,0
yoruba_1_01697,"Ojú gbàmí tì fún un yín, ẹ̀yin asòfin –Aliyu Wabara",1,0,0,0,0,0
yoruba_1_01698,"Adegboruwa vs Police Dress Code Hijab: Agbẹjọ́rò àgbà yí ní lílò Hijab fáwọn ọlọ́pàá obìnrin takò òfin Nàìjíría, àlàyé rèé",0,0,0,0,0,0
yoruba_1_01699,Lagos bans street hawking: Ìjọba ìpìnlẹ̀ Eko fòfin de ọjà títà àti títọọrọ báárà lójú pópó,0,0,0,0,0,0
yoruba_1_01700,"Nyesom Wike kò ní kúrò ní PDP, ó dá mi lójú – Saraki fèsì",0,0,0,0,0,0
yoruba_1_01701,Baba Suwe: Bi eto isinku Babatunde Omidina se lọ ree,0,1,0,0,0,0
yoruba_1_01702,Ile Arugbo Saraki: Ìjọba AbdulRazaq ti wólé aláànúú wa ní Ilorin,0,0,0,0,0,0
yoruba_1_01703,Int'l Day for Persons with Disability: Iléeṣẹ́ ọlọ́pàá ṣetán láti máa gbàwọn àkàndá ẹ̀dá ṣíṣẹ́,0,0,0,0,0,0
yoruba_1_01704,Ibadan Chief kidnap: Báyìí nì géńdé agbébọn ṣé na'wọ gán Olóyè Tafa àti ìyàwó rẹ́ lásìkò wẹli-wẹli òjò,0,0,0,0,0,0
yoruba_1_01705,Ààrẹ South Africa sọ̀rọ̀ sókè lẹ́yìn tí wọ́n fẹ̀sùn lílu $4m ní póńpó kàn án,0,0,0,0,0,0
yoruba_1_01706,EFCC ń dún mọ̀huru mọ́ àwọn òṣìṣẹ́ ìjọba wa lásán ni - Ìjọba ìpínlẹ̀ Oyo,0,0,0,0,0,0
yoruba_1_01707,"Ẹní bá fẹ́ ra ìbò, tí ìwọ náà sì fẹ́ ta ìbò rẹ se'bẹ̀ l'Osun, ìbéèrè tó yẹ kóo kọ́kọ́ bií rèé - Adarí INEC Osun",0,0,0,0,0,0
yoruba_1_01708,Iṣẹ́ olùkọ́ ló wù mí kí ọmọ mi tó kọ́ afárá tí ìjọba fún ni ẹ̀bùn ₦5million ṣe àmọ́...,0,0,0,0,0,0
yoruba_1_01709,"Èèmọ̀ wọ̀lú! Àwọn jàndùkú agbébọn pa kọmíṣọ́nnà àti ọlọ́pàá, wọ́n dáná sun àgọ́ ọlọ́pàá",0,0,2,0,0,0
yoruba_1_01710,"Baba mí fí ọwọ́ sí Folarin gẹ́gẹ́ bíi Gómìnà, ọ̀rẹ́ tímọ́tímọ́ àwọn méjèèjì- Ọmọ Alao Akala",0,0,0,0,0,0
yoruba_1_01711,Babatunde Olatunji: Alùlùgbayì ọmọ Nàìjíríà tó fìlù kojú ìdẹ́yẹsí ní Amẹ́ríkà,0,0,0,0,0,0
yoruba_1_01712,Timothy Adegoke: Kò pẹ́ táa bẹ̀rẹ̀ ẹ̀jọ́ lórí ikú àbúrò mi ni Adedoyin tó ni hòtẹ́ẹ̀lì rán lawyer kó gbé owó wá - Ẹ̀gbọ́n Timothy,0,0,0,0,0,0
yoruba_1_01713,"Ondo kidnap: Amotekun Ondo ju afurasí ajínigbé mẹ́rin s'átìmọ́lé, dóòlà àwọn tí wọ́n jígbé",0,0,0,0,0,2
yoruba_1_01714,Ìgbẹ́jọ́ ikú Timothy Adegoke ti sú mi! Nkan tí màá ṣe nìyíì- Adájọ́,0,0,0,0,0,0
yoruba_1_01715,Aisha Buhari: Ẹni tí wọ́n ní ọkọ mi fẹ́ fẹ́ kò mọ̀ pé ìgbéyàwó kò ní wáyé,0,0,0,0,0,0
yoruba_1_01716,'Kò yẹ kí Ọlọ́run dá obìnrin sáyé rara',2,0,0,0,0,0
yoruba_1_01717,AFCON 2021: Ajọ CAF kéde pé òun yóò ṣàmúlò ẹ̀rọ ayàwòrán VAR ní ìdíjé nàá ní Cameroon,0,0,0,0,0,0
yoruba_1_01718,Veteran Yoruba actors who relocated: Àwọn Òṣèré fíìmù Yorùbá tẹ́ ò ro tó tí jápaa lọ ìlú Òyìnbó rèé,0,0,0,0,0,0
yoruba_1_01719,Unilag shut down?: Àwọn aláṣẹ Fásitì UNILAG ti ibùgbé àwọn akẹ́kọ̀ọ́ pa torí ọwọ́jà Covid-19,0,0,0,0,0,0
yoruba_1_01720,Kà nípa àwọn Gomina míì tó tí fi agbára sọ́wọ́ ìgbákejì wọn lásìkò tí wọ́n lọ fún ìsinmi lẹ́nu iṣẹ́,0,0,0,0,0,0
yoruba_1_01721,Insecurity in Nigeria: Fayemi ní ìṣẹ̀lẹ̀ àwọn agbésùnmọ̀mí bíì Boko Haram ti dínkù lásìkò ìjọba Buhari,0,0,0,0,0,0
yoruba_1_01722,"Dare Adeboye news: Ìdílé Pásítọ̀ Dare, ọmọ́ Pásítọ̀ Adeboye fẹ́ dá wà lásìkò yìí",0,1,0,0,0,0
yoruba_1_01723,"Bunmi Akinnanu: Ọlọ́run kìí fún èèyàn méjì ní orin ẹ̀mí kan ṣoṣo, ẹ jẹ́ ká ṣe sùúrù",0,0,0,0,0,0
yoruba_1_01724,Ìjọba Tanzania yòó fi òfin gbé òbí tí ọmọ rẹ̀ bá sá nílé ẹ̀kọ́,1,0,0,0,0,0
yoruba_1_01725,#justiceforDonDavis: Orí ayélujára n gbóná janjan fún ariwo ìdájọ́ fún akẹ́kọ̀ọ́ kan níléèwé Kumuyi,2,0,0,0,0,0
yoruba_1_01726,Timothy Adegoke: Rahmon Adedoyin ti sọ̀rọ̀ lórí àbájáde ìwádìí òkú ‘autopsy’ Timothy Adegoke tó kú sílé ìtura rẹ̀ nílé Ifẹ̀,0,0,0,0,0,0
yoruba_1_01727,Police brutality: Tola ní inú òun kò bá dùn tí wọ́n bá le fi àwọn ọlọ́pàá tó lù òun jófin yàtọ̀ sí 5m tí wọ́n fẹ́ fún òun,0,2,0,0,0,0
yoruba_1_01728,Abiola Ajimobi: Ẹ wo àwòrán bí ìsìnkú Abiola Ajimobi ṣe lọ!,0,0,0,0,0,0
yoruba_1_01729,Nollywood: Àwọn òṣèré Yorùbá kan rèé tí kò sí lójú ìwòran mọ́ ṣùgbọ́n tí wọ́n ṣì wà láyé,0,0,0,0,0,0
yoruba_1_01730,"Aráàlú yarí lórí ọ̀wọ́ngógó, ìyanṣẹ́lódì bẹ̀rẹ̀ kàákirí South Africa",2,0,0,0,0,0
yoruba_1_01731,"NBA election 2020: Olumide Akpata di aàrẹ àjọ àwọn agbẹjọ́rò ní Nàìjíríà, Taiwo Taiwo, Ajibade àtàwọn míì kíi kú oríire",0,0,0,0,0,0
yoruba_1_01732,Girl killed in Sokoto: Ọdún yìí ló yẹ kí Deborah parí ẹ̀kọ́ rẹ̀ kí wọ́n tó gbẹ̀mí rẹ̀ - Bàbá olóògbé,0,3,0,0,0,0
yoruba_1_01733,"Satchet Alcohol ban: Ìjọba àpapọ̀ yóò fòfin de títà àti rírà ọtí inú ọ̀rá bíi 'pẹlẹbẹ', 'pàrágà'",0,0,0,0,0,0
yoruba_1_01734,Baba Ijesha: Ta ló yọ ojú òpó 'GoFundMe' tí wọ́n ṣí fún afurasí Olanrewaju Omiyinka kúrò lórí ayélujára?,0,0,0,0,0,0
yoruba_1_01735,Ọba tí wọ́n jí gbé láàfin rẹ̀ nípìnlẹ̀ Ondo gba òmìnira,0,0,0,0,0,2
yoruba_1_01736,Border closure: Wo àwọn ọ̀nà àràméèrírí táwọn èèyàn fi ń kó ìrẹsì wọ Nàìjíríà,0,0,2,0,0,0
yoruba_1_01737,"Kogi Prison: Kò sí ẹ̀mí kankan tó nù, a sì tí rí lára àwọn tó fẹsẹ̀ fẹ́ ẹ",0,0,0,0,0,2
yoruba_1_01738,Fadlullah Adebayo Death in Ukraine: Mọ̀lẹ́bí figbe ta pé ejò lọ́wọ́ nínú lórí ikú akẹ́kọ̀ọ́ tó kú lọ́jọ́ kejì tó dé ilé ẹ̀kọ́ nílẹ̀ òkèèrè,0,3,0,0,0,0
yoruba_1_01739,Tọkọtaya wọ “jẹsí” Messi àti Mbappe lọ́jọ́ ìgbéyàwó,0,0,0,0,0,0
yoruba_1_01740,Ikú ṣọṣẹ́! Ọ̀gá àgbà ilé ẹ̀kọ́ gíga KWASU jáde láyé,0,3,0,0,0,0
yoruba_1_01741,Tithing: Daddy Freeze àtàwọn ọmọ Nàìjíríà míì ta gbá òjíṣẹ́ Ọlọ́run torí ègún ìdá mẹ́wàá,1,0,0,0,0,0
yoruba_1_01742,Primate Ayodele: Àwọn pásítọ̀ tó ń lo bàálù pẹ̀lú èrò rẹpẹtẹ ń tan aráàlú jẹ ni,1,1,0,0,0,0
yoruba_1_01743,Ogun Monarch Killing: ọlọ́pàá tú kẹ́kẹ́ ọ̀rọ̀ lórí iye èèyàn tí jàndùkú dáná sun pẹlú Kábíyèsí Agodo,0,2,0,0,0,0
yoruba_1_01744,Sunday Igboho: Agbẹjọ́rò Igboho ní ìjọba Benin kò tíì rí ẹ̀sùn ọ̀daràn kankan fi kàn án láti oṣù mẹ́ta tó ti wà lẹ́wọ̀n,0,1,0,0,0,0
yoruba_1_01745,"Àwọn tó ń fi àìsàn bú Tinubu ti lulẹ̀, ó dàgbà lóọ̀tọ́ọ́, àmọ́ kò ṣàìsàn - APC",0,0,0,0,0,1
yoruba_1_01746,NDLEA visa clearance: Ọwọ́ agbófinró tẹ obìnrin tó gbé 'cocaine' sínú ojú ara rẹ̀ l'Abuja,0,0,0,2,0,0
yoruba_1_01747,2023 General Elections: BBC ṣe ẹ̀kúnrẹ́rẹ́ ìwádìí láti mọ̀ bóyá Osinbajo jẹ́ ọmọ ẹgbẹ́ APC Eko tàbí bẹ́ẹ̀ kọ́,0,0,0,0,0,0
yoruba_1_01748,MC Oluomo: Àánú ni mo rí gbà láti di alága NURTW Eko,0,0,0,0,0,2
yoruba_1_01749,COZA: Wo ohun tó ṣẹlẹ̀ ni ṣọ́ọ́ṣì COZA láàrọ́ yìí,0,0,0,0,0,0
yoruba_1_01750,Ta ló wó ọ̀pọ̀ ṣọ́ọ̀bù ní Dugbe àti Ogunpa tí ariwo fi sọ?,0,0,1,0,0,0
yoruba_1_01751,World Sickle Cell Day: Àwọn ǹkan ti alárùn SS kò gbọdọ̀ ṣe fún alááfíà ara - Dókítà Igbekele,0,0,0,0,0,0
yoruba_1_01752,Nigeria independence day: Àwọn ọmọ Nàìjíríà ń sọ èrò wọn nípa àyájọ́ òmìnira lórí ayélujára,0,0,0,0,0,0
yoruba_1_01753,Anthony Joshua: Ajagba akẹ̀ṣẹ́ ọmọ Nàìjíríà lóun ṣetán láti f'ẹ̀ṣẹ́ dín dòdò ìyà fún AJ,0,0,0,0,0,0
yoruba_1_01754,Ó ṣeéṣe kí àwọn ẹlẹ́wọ̀n ó dìbò lọ́dún 2023,0,0,0,0,0,0
yoruba_1_01755,"Umai Emery: Villarael yan akọ́nimọ̀ọ́gbá Arsenal tẹ́lẹ̀, Emery gẹ́gẹ́ bí akọ́nimọ̀ọ́gbá rẹ̀ tuntun",0,0,0,0,0,0
yoruba_1_01756,"BB Naija: Kí ló pa Elisha Abbo, Leycon àti Naira Marley pọ̀, tí àríyá yóò fi wáyé?",0,0,2,0,0,0
yoruba_1_01757,#U17WC: Mínísítà ní orí ìdúró l'òun ti wo ìfẹsẹ̀wọnsẹ̀ Nàìjíríà àti Hungary tán,0,0,0,0,0,0
yoruba_1_01758,"Ọyọ: Àwọn Alága APC fàáké kọ́rí fún Seyi Makinde, wọn padà sẹ́nu iṣẹ́",2,0,0,0,0,0
yoruba_1_01759,EndSARS rememberance: Ohun táwọn afẹhóúhàn bèrè fún ní Lekki lónìí rèé,0,0,0,0,0,0
yoruba_1_01760,"Ogbomosho shooting, End Sars, End SWAT: Isiaka Jimoh fi ọmọbìnrin kan àti ìyàwó tó lóyún sínú sílẹ̀ ló- Òbí Isiaka",0,1,0,0,0,0
yoruba_1_01761,"Saki Earth tremor: Ilẹ̀ mímì nílu Saki ti sọ àwọn olugbé ibẹ̀ sínú hílàhílo, ọ̀pọ̀ olùgbé ń sá fìlú sílẹ̀",0,0,0,0,3,0
yoruba_1_01762,À﻿ṣà tó burú jáì ni dídénà àwọn obìnrin láti má rí ogún bàbá wọn jẹ- Wike,0,2,0,0,0,0
yoruba_1_01763,Saki Crisis: Yorùbá àti Bòròró ń tako ara wọn ẹni tó pa èèyàn,0,0,0,0,0,0
yoruba_1_01764,Queen Elizabeth: Ọbabìnrin fi ìwé ìpè síta pẹ̀lú adé nígbà tó pé ọdún mẹ́fà,0,0,0,0,0,0
yoruba_1_01765,Black lives matter: Daniel Prude: Ìbòjú tí àwọn ọlọ́pàá New York fi bo ọkunrin ọhun ló ṣe ikú pà á,0,2,0,0,0,0
yoruba_1_01766,Ibrahim Mantu ti dágbére fáyé lẹ́yìn àìsàn ọjọ́ mẹ́wàá,0,3,0,0,0,0
yoruba_1_01767,Ghanaian inmate bit off testicles: Ẹlẹ́wọ̀n kan wọ gàù lẹ́yìn tó gé kórópọ̀n ẹlẹ́wọn míràn,0,0,0,2,0,0
yoruba_1_01768,Aráàlú dáná sún afurasí méjì 'tó jí ọ̀kadà' ní Ibadan,2,1,0,0,0,0
yoruba_1_01769,"Fayose dèrò ilé ìwòsàn, ó ṣiṣẹ́ abẹ méjì láàrín oṣu márùn ún",0,2,0,0,0,0
yoruba_1_01770,Àwọn àjẹ́ ń yọ sí mi lójú oorun láti wá dara pọ̀ máwọn - Ìyá Gbonkan,0,0,0,0,0,0
yoruba_1_01771,"ASUU Strike: Àwọn ẹgbẹ́ òṣìṣẹ́ bèèrè ohun méjì lọ́wọ́ ìjọba, kí wọn tó fopin sí ìyanṣẹ́lódì",0,0,0,0,0,0
yoruba_1_01772,"Ìjoba fìyà jẹ el-Zakzaky lọ́nà àìtọ́, ṣùgbọ́n a fa gbogbo rẹ̀ lé Ọlọrun lọ́wọ́ - Islamic Movemnent of Nigeria",0,2,0,0,0,0
yoruba_1_01773,"Haiti earthquake pa èèyàn 304 ilé 1,800 bá ìṣẹ̀lẹ̀ ilẹ̀ rírì lọ ní haiti",0,3,0,0,0,0
yoruba_1_01774,Omohtee Twitter: Ìrora púpọ̀ ni mo là kọjá lẹ́yìn iṣẹ́ abẹ tí mo ṣe láti jẹ́ kí ìdí mi tóbi sii - Omotola Taiwo,0,1,0,0,0,0
yoruba_1_01775,Visa free: Àwọn Orílẹ-èdè tí wọn fún ọmọ Nàìjíríá lánfàní ìwé igbeluu ọ̀fẹ́,0,0,0,0,0,0
yoruba_1_01776,Wo àwọn òṣìṣẹ̀ ìjọba tó ń gba owó ju ààrẹ lọ lórílẹ̀èdè Nàìjíríà,0,0,1,0,0,0
yoruba_1_01777,Ìyàwó tuntun Olori Temitope Ogunwusi ti wọ Ààfin o! Ẹ fójú l'óúnjẹ́,0,0,0,0,0,0
yoruba_1_01778,2023 Elections: Shehu Sani ní àfàìmọ̀ kí Yorùbá àti Igbo má kùnà nínú ìbò ààrẹ ọdún 2023,0,0,0,0,1,0
yoruba_1_01779,Domestic Violence: Ṣe lóòtọ́ ni pé àwọn obìnrin máa n lù ọkùnrin nínú ilé gẹ́gẹ́ bi olólùfẹ́,0,0,2,0,0,0
yoruba_1_01780,India vs Pakistan: Kí ni ìdí tí ìjọba Gẹ̀ẹ́sì fí yà India àti Pakistan lọ̀tọ̀ọ̀tọ̀ ní ọdún márùndínlọ́gọ́rin sẹyin?,0,0,0,0,0,0
yoruba_1_01781,Afe Babalola 2023 Elections: Wo ìdí tí àgbà amòfin fI ní ọ̀nà àbáyọ n kí Nàìjíríà ṣètò ìjọba fìdíhẹẹ́ àti ìwé òfin tuntun,0,0,0,0,0,0
yoruba_1_01782,NULGE election: Ẹgbẹ́ NULGE Oyo dìbò yan olóyè ẹgbẹ́ tuntun èyí tó tako àṣẹ iléẹjọ́,0,0,0,0,0,0
yoruba_1_01783,"Adebayo Alao-Akala: 'Mo ti dàgbà ọ̀jẹ̀, n kò ní díje fún ipò gómìnà ìpínlẹ̀ Oyo mọ́'",0,0,0,0,0,0
yoruba_1_01784,Ondo APC Primary: Mo ti bẹ̀rẹ̀ sí ń bá àwọn akẹgbé mi nínú ẹgbẹ́ sọ̀rọ̀ kí àláàfíà léè jọba - Akeredolu,0,0,0,0,0,0
yoruba_1_01785,"Coronavirus Cases in Africa: Àráàlú ló kù, ìjọba ń tiraka lórí àrùn Coronavirus",0,0,0,0,0,0
yoruba_1_01786,Kalashnikov AK-47: Ohun mẹ́fà tó yẹ kí o mọ̀ nípa ìbọn AK-47 rèé,0,0,0,0,0,0
yoruba_1_01787,Bode George: Èèkàn ẹgbẹ́ òṣèlú PDP sọ ìdí tí ẹgbẹ́ náà fi kùnà láti wọlé ìbò gómìnà l'Eko,0,0,0,0,0,0
yoruba_1_01788,Yoruba Council of Elders: Ìgbìmọ̀ Àgbààgbà Yorùbá ké sí Ààrẹ Buhari pé kó kọ̀wé fipò sílẹ̀ lórí ipò tí Nàìjíríà wà,1,2,0,0,0,0
yoruba_1_01789,Lekki EndSARS Report: Ọgá àgbà iléeṣẹ́ ológun Nàìjíría bẹnu atẹ́ lu bí wọn ṣé gbé èsì ìwádìí Endsars jáde,1,0,0,0,0,0
yoruba_1_01790,Àlá àti ìlépa mi láti gba ife ẹ̀yẹ ‘World Cup’ ti dópin – Cristiano Ronaldo,0,1,0,0,0,0
yoruba_1_01791,Á júwe ilé fún Niyi Akintola tó bá tẹ̀síwájú láti ṣiṣẹ́ tako wá - APC l‘Oyo,1,0,0,0,0,0
yoruba_1_01792,Ikú tún ṣọṣẹ́! Àgbà òṣèré Yorùbá míì ti dágbére fáyé!,0,3,0,0,0,0
yoruba_1_01793,Ìjọba àpapọ̀ tún wọ́ Sunday Igboho padà sí ilé ẹjọ́ kòtẹ́milọ́rùn nilùú Ibadan,0,0,0,0,0,0
yoruba_1_01794,"Ondo Election tribunal judgment: Ilé ẹjọ́ kótẹ́milọ́rùn ló kù, dídùn lọsàn á sò- Ondo PDP",0,0,0,0,0,0
yoruba_1_01795,Apẹja náà ní ó ti pẹ́ tí òun ti ń gbèrò láti pa irúfẹ́ ẹja bẹ́ẹ̀,0,0,0,0,0,0
yoruba_1_01796,"Gómìnà tẹ́lẹ̀ rí ní Ondo, Ọgagun Tuoyo dágbére fáyé",0,2,0,0,0,0
yoruba_1_01797,Auxillary Kidnap Attempt: Akọ̀wé ẹgbẹ́ PMS ní àwọn ọmọ ẹgbẹ́ ọhún ni kò jẹ́ kí wọ́n rí Auxilliary gbé lọ,0,0,0,0,0,0
yoruba_1_01798,World Stroke Day: Ọ̀nà méje rèé láti borí àìsàn rọpá-rọṣẹ̀ tó ń pa àwọn ènìyàn ní àgbáyé!,0,0,0,0,0,0
yoruba_1_01799,Peter Fatomilola: Mo ṣe àìgbọràn sí ìyá mi púpọ̀ nítorí ẹran ìrúbọ ati ẹ̀bùn ọ̀fẹ́,0,0,0,0,0,0
yoruba_1_01800,Wo ohun ti gómìnà Akeredolu sọ nípa ìkọlù tuntun tó wáyé nílùú Owo,0,0,0,0,0,0
yoruba_1_01801,BBC tú àṣírí àwọn tó ń kó ọmọdé ṣòwò ẹrú,0,0,0,0,0,0
yoruba_1_01802,Iléèṣẹ́ ọlọ́pàá mú ọkùnrin ẹni ọdún 55 tó gé ẹ̀yà ara èèyàn nílẹ̀ ìsìnkú ṣọ́ọ̀ṣì l'Ogun,0,0,2,2,0,0
yoruba_1_01803,Enuduisu Odili sexual Port Harcourt death: Ọkùnrin kan gba ibi ìbálòpọ̀ jásí ọ̀run alákeji,0,2,0,0,0,0
yoruba_1_01804,Ayede Ogbese Kidnap: Wọ́n ti ri ẹni mẹ́wàá tó di àwátì nínú okó tí wọ́n ti ń ṣiṣẹ́ ní Ondo,0,0,0,0,0,2
yoruba_1_01805,Aisha Lawal: Ẹni tó kéde pé mo kú yóò rí ìbínú Ọlọ́run,2,0,0,0,0,0
yoruba_1_01806,Mozambique corruption trial: Ààrẹ àná Armando Guebuza jẹ́jọ́ lórí ẹ̀sùn ìwà àjẹbánu tí wọ́n fi kan ọmọ rẹ̀,0,0,0,0,0,0
yoruba_1_01807,"Oyo jail break: Ọ̀pọ̀ olùgbé Abolongo fara pa torí ìkọlù ẹlẹ́wọ̀n, wọ́n ń sá kúrò nílé",0,1,0,0,2,0
yoruba_1_01808,Alleged Sexual harassment: Ẹ̀gbọ́n baba Barakat ṣàlàyé bó ti gbé e lọ sílé kọmísọ́nà Ogun tí wọ́n ní kó lọ rọ́kún ńlé,0,1,0,0,0,0
yoruba_1_01809,Ìgbà méjì ni mo gún Ataga lọ́bẹ àmọ́ mo ti kúrò nílé ìtura kó tó kú – Chidinma,0,1,0,0,0,0
yoruba_1_01810,Pastor Chris Oyakhilome Rapture Maths: Àlùfáà ìjọ Christ Embassy ṣe ìṣirò ìgbà tí Jesu yóò dé,0,0,0,0,0,0
yoruba_1_01811,Sagamu Interchange - Ìjọba yóò ti afára Sagamu pa nítorí ìjàmbá iná,0,0,0,0,0,0
yoruba_1_01812,Pandora Papers: Oyetola ní òun kọ́ ló bá Tinubu ra ile Diezani tó wà ní London,0,0,0,0,0,0
yoruba_1_01813,Debo Adedayo: Agbára wà lọ́wọ́ àwa ọ̀dọ́ lórí ètò ìdìbò 2023- Macaroni,0,0,0,0,0,0
yoruba_1_01814,Abuja accidents: Àjọ FRSC ní ọ̀kànlélúgba èèyàn(201) ló dèrò ọ̀run nínú ìjàmbá ọkọ̀ l'Abuja,0,3,0,0,0,0
yoruba_1_01815,Venus Williams virginity: Ṣé lóòtọ́ọ́ ni Venus Williams kò tíì mọ ọkùnrin lọ́mọ ọdún 41?,0,0,2,0,0,0
yoruba_1_01816,Wọ́n ti iléèwòsàn pa nítorí àwọn àlùjànú tó n fi ipá bá àwọn nọ́ọ́sì lòpọ̀,0,0,2,0,0,0
yoruba_1_01817,Mo yá $50k fún ìgbáradì ìdíje 2022 World Championships – Tobi Amusan,0,0,0,0,0,0
yoruba_1_01818,Wo àwọn olóṣèlú tí àwọn ọmọ Naijiria ti fi aṣọ wọn ṣe yẹ̀yẹ́ rèé...,0,0,0,0,0,0
yoruba_1_01819,"Osun Masqurade attack: Kayode Esuleke, olórí egúngún to bá àwọn musulumi jà ní Osogbo wà láhámọ́ ọlọ́pàá",0,0,0,0,0,0
yoruba_1_01820,Tinubu: Lára ìdí tí mo ṣe fẹ jẹ ààrẹ Nàíjíríà ni láti wá ọjọ́ ọ̀la tó jiire fún ìran tó ń bọ̀,0,0,0,0,0,0
yoruba_1_01821,"Dino Melaye: Mo jẹ́ afọ́jú tẹ́lẹ̀, àmọ́ mo ti ríran pé wọn gba wa ni bí Buhari ṣe di ààrẹ",0,0,0,0,0,0
yoruba_1_01822,"Sunday Igboho: Ẹgbẹ́ ọmọ bíbí Igboho ké sáwọn Alfa, Pásítọ̀, oníṣẹ̀ṣe láti ké pe Ọlọ́run pẹ̀lú gba ààwẹ̀ àti àdúrà",0,0,0,0,0,0
yoruba_1_01823,Bode George sọ̀rọ̀ sókè lórí àwọn tó faragbọta lásìkò ìwọ́de EndSARS ní Lekki,1,0,0,0,0,0
yoruba_1_01824,Mali Coup: Ẹgbẹ̀lẹ́gbẹ̀ èèyàn tú jáde ní Bamako láti yọ̀ pé wọ́n rẹ́yìn ààrẹ àná,0,0,0,0,0,3
yoruba_1_01825,Kabex End SARS: Àwọn ìṣẹ̀lẹ̀ tó làmìlaaka tó wáyé nínú oṣù Kẹ́wàá ọdún 2020,0,0,0,0,0,0
yoruba_1_01826,"Oyo drivers'crisis: Auxiliary ń ní wá lára pẹ̀lú gbígba owó aitọ, a ń ko ọkọ̀ wa kúrò lójú pópó - Awakọ èrò",0,2,0,0,0,0
yoruba_1_01827,"Ban on Okada: Báwọn èèyàn kan ṣe tako òfin kí ọ̀kadà má rìn l‘Eko, làwọn míì faramọ́ọ",0,0,0,0,0,0
yoruba_1_01828,Àwọn tí wọ́n ò tíì bí bàbà wọn nígbà tí mo gbé Tinubu jáde ló ń bú mi pé mò ń jowú rẹ̀ – Ayo Adebajo,0,0,0,0,0,0
yoruba_1_01829,Funsho Adeolu: Ìwọ̀kuwọ̀ àti ìrìnkurìn obìnrin míì ń fa ìfipábánilòpọ̀,0,1,0,0,0,0
yoruba_1_01830,End SARS Protest: Babangida ní ejò lọ́wọ́ nínú lórí ìsẹ̀lẹ̀ rògbòdìyàn tó ń wáyé káàkiri Nàìjíríà,0,1,0,0,0,0
yoruba_1_01831,EFCC- Diezani: Ilé ẹjọ́ ti gbéjilé ẹ̀ṣọ́ ara Diezani tó tó $40m pátápátá,0,0,1,0,0,0
yoruba_1_01832,"Premier league: Ìjà orogún London, Arsenal ati Tottenham ranjú mọ ara wọn, ṣùgbọn iná ojú wọn kò ran tábà",0,0,0,0,0,0
yoruba_1_01833,2023 General Elections: Èmi ni mo kájúẹ láti di Ààrẹ orílẹ̀ èdè Nàìjíríà – Tinubu,0,0,0,0,0,0
yoruba_1_01834,Ǹkan márùn ún tí Atiku ní òun yóò ṣe nìyìí tó bá di Ààrẹ,0,0,0,0,0,0
yoruba_1_01835,Olusegun Obasanjo: Ààrẹ àná orílẹ́èdè Nàìjíríà ní òun ò lè padà sí ẹgbẹ́ òṣèlú PDP mọ́ láyé,0,0,0,0,0,0
yoruba_1_01836,Sowore: Àjọ DSS tọrọ àforíjìn lórí ìwà ti wọ́n hù nílé ẹjọ- Femi Falana,0,0,0,0,0,0
yoruba_1_01837,"Myrtle Corbin: Obìnrin tó ló àìdàpé ara rẹ̀, sọ ara rẹ̀ di olówó",0,0,0,0,0,0
yoruba_1_01838,"K﻿oko ni ara mi le, mo ṣetán láti sìn Nàíjíríà - Bola Tinubu",0,0,0,0,0,0
yoruba_1_01839,Àlàyé rèé lórí ohun tó fa aáwọ̀ láàrin èmi àti Dapo Abiodun - Amosun,0,0,0,0,0,0
yoruba_1_01840,O parí! Joe Biden ní Covid-19 dohun ìgbàgbé l‘Amẹ́ríkà ṣùgbọ́n...,0,0,0,0,0,0
yoruba_1_01841,Timothy Adegoke: Falana sọ fún ọ̀gá ọlọ́pàá láti dáwọn afurasí lórí ikú Timothy Adegoke padà sí Osun,0,0,0,0,0,0
yoruba_1_01842,"Ondo Fulani ultimatum: Gbogbo ẹ̀yin Fulani darandaran tó wà ní ìgbó ìjọba ní Ondo, ọjọ méje lẹní láti pòórá - Gomina Akeredolu",2,0,0,0,0,0
yoruba_1_01843,Ìgbìmọ̀ afọbajẹ ìlú Oyo já 61 dànù lára àwọn tó ń dupò Aláàfin,0,0,0,0,0,0
yoruba_1_01844,"Ondo resident doctors strike: Àwọn Dókìtà bẹ̀rẹ̀ ìyanṣẹ́lódì ní FMC Owo, Ondo",0,0,0,0,0,0
yoruba_1_01845,Ọ̀ràngún ti Ila: Èdè àti àṣà Yorùba ní láti jọ wá lójú fún ìdàgbàsókè ìran Yorùbá,0,0,0,0,0,0
yoruba_1_01846,Dejo Tunfulu: Àwọn òṣèré tíátà bẹ̀rẹ̀ kíkọ́ ilé sórí ilẹ̀ gbajúgbajà adẹ́rìnínpòṣónú tó papò dà,0,0,0,0,0,0
yoruba_1_01847,Gunmen kidnap priests: Àwọn agbébọn jí fadá ìjọ Kátólíkì méjì gbé ní Katsina,0,0,0,0,0,0
yoruba_1_01848,"Toyin Adegbola: Bí wọn ṣe pariwo olè lé ọmọ mi ní ibùdó ìgbọ́kọ̀sí Shoprite, ló jẹ́ kí ń lọ kojú wọn",2,0,0,0,0,0
yoruba_1_01849,King of Satan: Mọ̀ si nípa Ọba Sátánì tó fẹ́ ìyàwó 57 kí ó tó jáde láyé,0,0,0,0,0,0
yoruba_1_01850,"Priscila Tsegah CCTV: Ikú akẹ́kọ̀ọ́ ẹni ọdún 23, irú kí ló ṣẹlẹ̀ tí ọlópàá fí ba oku rẹ̀ nílé ìtura?",0,2,0,0,0,0
yoruba_1_01851,Nigeria vs Madagascar: Super Eagles ń gbáradì fún ọjọ́ àìkù,0,0,0,0,0,0
yoruba_1_01852,Sunday Igboho: Ẹgbẹ́ CAN ké gbànjarè sí ìjọba àpapọ̀ Nàìjíríà lórí àwọn Pásítọ̀ tí o wà lọ́wọ́ ajínigbe,0,2,0,0,0,0
yoruba_1_01853,Amotekun news: Báwo lọ̀rọ̀ ṣe jẹ́ tí wọ́n fi ní ikọ̀ tó ń dáàbò bo ìlú yìnbọn pa èèyàn méjì n'Ibadan?,0,0,2,0,0,0
yoruba_1_01854,"Ooni of Ife: Oba Adeyeye Ogunwusi ṣẹ̀ṣẹ̀ fi ẹ̀bùn tuntun ta Olorì lọ́rẹ tán ní, ìfẹ́ wọn dúró, kò sí ìpínyà- Aàfin Oòdúà",0,0,0,0,0,2
yoruba_1_01855,Ìgunnukó: Àwọn Tápà gbà pé ẹni tó bá ń sin Ìgunnukó kò ní ráùn ohun rere,0,0,0,0,0,0
yoruba_1_01856,"Nigerian Drone Maker: Roqeeb Aderogba ní ìgbà mẹ́fà l‘òun kùnà láti ṣe dírónù, kó tó yege",0,0,0,0,0,2
yoruba_1_01857,Ikọ̀ agbésùnmọ̀mí tó ṣèkọlù sí ọgbà ẹ̀wọn Kuje ní ohun ìjà jù wálọ - Ìjọba Naijiria,0,1,0,0,0,0
yoruba_1_01858,"Bí ó bá ṣè ẹbọ ló gbà, ẹ fín-in kí àlááfíà lè j'ọba ní Oyo- Makinde sọ f'áwọn ẹlẹ́sìn àbáláyé",0,0,0,0,0,0
yoruba_1_01859,Sunday Igboho kéde ìgbésẹ̀ tó kàn lẹ́yìn ìdájọ́ iléẹjọ́ Kòtẹ́milọ́rùn,0,0,0,0,0,0
yoruba_1_01860,"Àìsàn onígbáméjì “Cholera” bẹ́ sílẹ̀, ogún ènìyàn ti bá a lọ",0,3,0,0,2,0
yoruba_1_01861,Ondo killing: Ilé ẹ̀jọ́ ni Akure ti ni ki afurasi Victor Akinwa sì wà ní àhámọ́ títí ìwádìí lórí ikú bàbá rẹ̀ á fi parí,0,0,0,0,0,0
yoruba_1_01862,À﻿wọn jàndùkú dáná sun ọ́fíìsì INEC tó wà nípìnlẹ̀ Ogun,0,0,0,0,0,0
yoruba_1_01863,Nollywood: Kìí ṣe nǹkan ìtìjú pé èmi ni mò ń gbọ́ bùkátà ẹbí mi - Nkechi Blessing,0,0,0,0,0,0
yoruba_1_01864,Wo èèyàn mẹ́wàá tí ọlọ́pàá ta níbọn lọ́dún 2022,0,2,0,0,0,0
yoruba_1_01865,Àwọn agbébọn sẹ fídíò bí wọ́n sẹ n na àwọn arìnrìnàjò Abuja sí Kaduna,0,2,0,0,0,0
yoruba_1_01866,Taribo West: Àwọn aláìní ní Italy ní mò ń fi owó ìjọ mi ràn lọ́wọ́,0,0,0,0,0,0
yoruba_1_01867,PDP South West: Fayose ní àwọn aṣojú dìbò ju bó ṣe yẹ níbi ìpàgọ́ PDP,0,0,0,0,0,0
yoruba_1_01868,Dare Adeboye burial: Pásítọ̀ Adeboye bẹ̀bẹ̀ fún àdúrà fún ìdílé rẹ̀ àti ẹbí olóògbé Dare Adeboye,0,2,0,0,0,0
yoruba_1_01869,"NDA Invasion: Fr Mbaka ní bí Buhari kò bá yíwà padà, díẹ̀ ní ìṣẹ̀lẹ̀ Afghanistan yóò jẹ́",0,0,0,0,2,0
yoruba_1_01870,"Sunday Igboho: Ooni, Olujinmi, Olugbon, Akin Osuntokun àtàwọn àgbàgbà Yorùbá forí korí",0,0,0,0,0,0
yoruba_1_01871,"Nigeria Inheritance way: Àwọn ẹ̀gbọ́n mi ọkùnrin dá pín ogun bàbá wa, wan ní obìnrin ni mí- Onyinye",0,2,0,0,0,0
yoruba_1_01872,"Irọ́ ni wọ́n pa mọ́ mi, mi ò gbé Atiku lọ ilé ẹjọ́ – Wike",0,0,0,0,0,0
yoruba_1_01873,ASUU Strike: Ẹ má torí ìyansẹ́lódì ASUU dá ètò òṣèlú rú- Ààrẹ ilé aṣòfin àgbà sì ẹgbẹ́ akẹ́kọ̀ọ́ NANS,0,0,0,0,0,0
yoruba_1_01874,Kazeem Alli: Àwọn tọ jí alága NURTW Osun gbé ti bèèrè 15 mílíọ̀nù owó ìtúsílẹ̀,0,0,0,0,0,0
yoruba_1_01875,Uromi Bank Robbery: Ohun tí a mọ̀ nípa ₦34.5m àti ọkọ̀ táwọn adigunjalè patì sínú igbó ní Ubiaja rèé,0,0,0,0,0,0
yoruba_1_01876,"Boko Haram: Oluwatobi Adeigba, Ọkọ mi ń lọ siṣẹ́ fún àjọ INEC ló kàgbákò ikú - Opó Adeigba",0,3,0,0,0,0
yoruba_1_01877,"Ìyà gé orí ọmọ ara rẹ̀ tó jẹ́ ọmọ Oṣù mẹ́wàá, bí ọwọ́ ọlọpàá ṣe tẹ̀ẹ́ nìyí",0,2,0,0,0,0
yoruba_1_01878,Violence against Women: Àlùfáà Joel Olugbenga: Bíbélì kò ní kéèyàn dúró títí ọkọ rẹ̀ yóò fi lù ú pa,0,0,0,0,0,0
yoruba_1_01879,"Mali sex slave returnee: Báàlù la rò pé a máa wọ̀ lọ Mali, ìrìn òṣù kan gbáko lá rìn láti Togo dé Mali",0,1,2,0,0,0
yoruba_1_01880,Ekiti man to die by hanging: Wọ́n ṣèdájọ́ ikú fún ẹni ọdún 42 l'Ekiti lẹ́yìn tó pa Ọba aládé,0,2,0,0,0,0
yoruba_1_01881,"Paul Okoye fàbínú yọ lórí ọ̀rọ̀ìkíni tí ìyàwó ìbejì rẹ̀ Lola Omotayọ kọ, ẹ wo ohun tó sọ",2,0,0,0,0,0
yoruba_1_01882,"Adájọ́ pàṣẹ́ kí LASTMA sàn N750,000 fún awakọ tí wọn gbà N20,000 lọ́wọ́ rẹ",0,0,0,0,0,0
yoruba_1_01883,"Osun 2022: Buhari ti kí Adeleke kú oríire, Oyetola, gbà fún Ọlọ́run, bá aláyọ̀ yọ̀ - Olajengbesi",0,0,0,0,0,0
yoruba_1_01884,Aya ààrẹ àná rí ẹ̀wọ̀n ọdún mẹ́wàá he lẹ́yìn ọjọ́ díẹ̀ tọ̀kọ rẹ̀ lọ sẹ́wọ̀n ọdún méjìla,0,0,0,0,0,0
yoruba_1_01885,Wo àwọn ọna tí o le gbà tó bá jẹ́ pé alábágbé ilé rẹ ń yọ ọ lẹnu,0,0,0,0,0,0
yoruba_1_01886,Ondo Rape: Pásítọ̀ ní ẹ̀mí èsù ló gbé òun wọ̀ títí òun fi fi ipá bá olóyún oṣù mẹ́jọ lòpọ̀!,0,0,0,2,0,0
yoruba_1_01887,Èèyàn mẹsan an pàdánù ẹ̀mi wọn nínú ìwọ́de tako Hijab ní Iran,0,3,0,0,0,0
yoruba_1_01888,"Waste to Wealth: Ẹ̀gbin tìrẹ ni èròjà táwọn èèyàn míràn fi n ṣiṣẹ́ ajé, okoòwò ńlá ni",0,0,0,0,0,0
yoruba_1_01889,Ọ﻿lọ́pàá mu pásítọ̀ àti àwọn méjì mìírán  fún ìpànìyàn ní Ogun,0,1,0,0,0,0
yoruba_1_01890,"Nítorí owú jíjẹ, ọkọ Zarka gé imú aya rẹ̀ dànú!",0,2,0,2,0,0
yoruba_1_01891,Okeho Robbery: Ó tó 60 mílíọ̀nù tí àwọn olè jí ṣùgbọ́n a kò rí kọ́bọ̀ gbà padà- Òṣìṣẹ́ banki,0,1,0,0,0,0
yoruba_1_01892,"Wọn ti rí òku Ooreoluwa, ọmọ tọkọtaya tí wọ́n dáná sún ni Abeokuta lọ́jọ́ ọdún, wo ohun tí ọlọ́pàá Ogun tún sọ...",0,3,0,0,0,0
yoruba_1_01893,Teenagers arrested for money ritual: 'Orí Facebook ni mo ti kọ́ nípa òògùn owó táà gé orí Sofiat fún ní Abeokuta',0,2,0,0,0,0
yoruba_1_01894,"Ọkọ àfẹ́sọ́nà kọ̀ mí sílẹ̀ pé mo ní iṣan lápá, ọyàn mi sì ǹ rá torí iṣẹ́ ọ̀gbìn – Àgbẹ̀ Obìnrin",0,1,0,0,0,0
yoruba_1_01895,Yomi Fabiyi: Fíìmù ‘Owó orí ẹlẹ́wọ̀n’ jẹ́ ká mọ̀ pé ìgbà ìpọ́njú làá mọ ọ̀rẹ́,0,0,0,0,0,0
yoruba_1_01896,"Lizzy Anjorin: Ẹ má bú mi, ọ̀pọ̀ òṣèré tíátà ni kìí bá mi yọ̀ fún ire mi",0,1,0,0,0,0
yoruba_1_01897,Igbo Olodumare: Ohun gbogbo tó wà nínú ìwé Fagunwa ló wà nínú igbó náà,0,0,0,0,0,0
yoruba_1_01898,EndSARS Protest: Àwọn olùwọ́de Endsars ló já sọ́ọ̀bù kìí ṣe torí ebi - Femi Adesina,0,0,0,0,0,0
yoruba_1_01899,Sylvester Oromoni: Nọ́ọ̀sì tó ń ṣiṣẹ́ ní Dowen College jẹ́rìí nílé ẹjọ́ lórí ikú akẹ́kọ̀ọ́ náà,0,0,0,0,0,0
yoruba_1_01900,"""Kí ló dé tí àwọn ọ̀dọ́ ìlú fárígá lọ dáná sun """"mortuary"""" ọlọ́dani kan?""",0,0,1,0,0,0
yoruba_1_01901,Protest On Nigeria Independence Day: Aráàlú tú ẹlẹ́wọ̀n sílẹ̀ láti fẹ̀hónú hàn lọ́jọ́ àjọdún òmìnira,0,0,0,0,0,0
yoruba_1_01902,Woman pushing police inspector: Obìnrin kan tó ti Ọ̀gá Ọlọ́pàá lulẹ̀ dèrò ilé ẹjọ́ Badagry,0,0,0,0,0,0
yoruba_1_01903,Driving offence: Àjọ FRSC kìlọ̀ f'áwọn awakọ̀ tó máa tẹ fóònù lórí ìrin ní ìpínlẹ̀ Eko.,0,0,0,0,0,0
yoruba_1_01904,Queen Elizabeth II: Wo ọ̀pọ́ àwòrán ìgbà tí Ọbabìnrin ti kópa nínú eré ìdárayá,0,0,0,0,0,0
yoruba_1_01905,Johnson & Johnson baby powder: Iléeṣẹ́ apoògùn wọ́gilé ìpara ọmọdé ‘baby powder’ lẹ́yìn tí àwọn èèyàn ní ó ń fa àrùn jẹjẹrẹ,0,0,0,0,0,0
yoruba_1_01906,Boko Haram: Ọwọ́ iléeṣẹ́ ológun tẹ afurasí tó pa akẹẹgbẹ́ rẹ̀,0,0,0,0,0,1
yoruba_1_01907,King of Bahrain robot bodyguard: Wo ohun tó yẹ kí o mọ̀ nípa ‘rọ́bọ́ọ̀tì Ọba Bahrain’,0,0,0,0,0,0
yoruba_1_01908,Ọ﻿kùnrin tí kò wẹ̀ fún àádọ́ta ọdún kú ní ẹni ọdún 94,0,0,2,0,0,0
yoruba_1_01909,Xenophobia: Àwọn ọ̀dọ́ kan ń ṣèwọ́de láti pè fún lílé àwọnjì kúrò ní South Africa,1,0,0,0,0,0
yoruba_1_01910,"B﻿alógun ikọ̀ Tunisia, Khazri gbàgbọ́ pé ìdíje World Cup yóò ṣẹnure",0,0,0,0,0,0
yoruba_1_01911,"SK Abiara rumoured death: Ṣé ẹ mọ̀ npé onígbàgbọ́ ni wá, ohun táa ṣe fún oníròyin náà nìyìí",0,0,0,0,0,0
yoruba_1_01912,Tanzania church crusade: Àwọn ọmọ ìjọ náà ń sáré lọ 'wájú pẹpẹ láti gba ìfàmì òróró hàn,0,0,0,0,0,0
yoruba_1_01913,Ilé ẹjọ́ tú ìgbéyàwó ọdún mẹ́wàá ká nítorí ẹ̀sùn ìbálòpọ̀ ọlọ́jọ́ gbọọrọ àti òògùn owó,0,1,0,0,0,0
yoruba_1_01914,"""Coronavirus Update in Nigeria: 'Ẹ sọ́ra fún """"Christmas Carol"""", ẹ̀yin tẹ́ẹ sì wà lókè òkun ẹ má wálé o!'""",0,0,0,0,2,0
yoruba_1_01915,A ti ra ọkọ̀ akérò BRT tí yóò rọ́pò àwọn ọkọ̀ dáńfó l'EKo - Sanwo-Olu,0,0,0,0,0,0
yoruba_1_01916,"William Ruto: Mọ̀ síi nípa William Ruto, ààrẹ tuntun tí wọ́n ṣẹ̀ṣẹ̀ dìbò yàn ní Kenya",0,0,0,0,0,0
yoruba_1_01917,Sunday Igboho: Wo bí àwọn ọmọ Yorùbá ṣe tako ìhàlẹ̀ láti dá ìbò 2023 dúró,0,0,0,0,0,0
yoruba_1_01918,"Ọ̀dá owó ló sọ mi di alábárù, iṣẹ́ àbárù sàn ju olè jíjà lọ-Alábárù",0,2,0,0,0,0
yoruba_1_01919,Osun spider man: Mo ń ṣe ìtanijí láti gbógunti ìdọ̀tí láwùjọ ló sún mi dé ìdí 'Spider-man',0,0,0,0,0,0
yoruba_1_01920,Sierra Leone Tanker explosion: Ìjàmbá iná sọ lásìkò tí táńkà epo àti ọkọ̀ akérò forí sọra,0,2,0,0,0,0
yoruba_1_01921,Dangote dáa padà fún ì﻿jọba Kogi bó ṣe ti iléèṣẹ́ 'Dangote cement' pa ní Obajana,0,0,0,0,0,0
yoruba_1_01922,"Salami report on EFCC: Ààrẹ Buhari tẹ́wọ́ gba àbájáde ìwádìí lórí àjọ EFCC, ìròyìn kan ní wọ́n fẹ́ yọ Magu nípò",0,0,0,0,0,0
yoruba_1_01923,Ọwọ́ ọlọ́pàá tẹ ìyàwó ilé tó fi ọmọ odó pa ìyálé rẹ̀ lójú orun,0,1,0,2,0,0
yoruba_1_01924,Ajibade Babalade: Àwọn ọmọ Naijiria ṣèdárò gbajúgbajù agbábọ́ọ̀lù Super Eagles tó dolóògbè,0,2,0,0,0,0
yoruba_1_01925,Human Trafficking Series: Ìrírí àrábìnrin kan àti ọmọ rẹ̀ lásìkò tí wọ́n tà wọ́n sí Lebanon àti Libya,0,0,0,0,0,0
yoruba_1_01926,"Ogun Police: Ọlọ́pàá Ogun rí ₦2m, oògùn olóró ₦10m àti ọ̀pọ̀ ohun ìjà olóró kó níbùba olóògùn olóró",0,0,0,0,0,0
yoruba_1_01927,Church founders allegedly kill member in fellowship: Bí olùdásílẹ̀ ìjọ méjì ṣe sin òkú ọmọ ìjọ láì sọ f'Ọ́lọ́pàá,0,0,2,0,0,0
yoruba_1_01928,Àwọn ajínigbé ń bèèrè owó tuntun láti tú ẹni tí wọ́n jígbé sílẹ̀,0,1,0,0,0,0
yoruba_1_01929,"Oba Oloyede Akinghare youngest king: Oba Oloyede ti pari ìwé mẹ́wàá báyìí,ó sọ ohun tí àwọn Olùkọ ṣe fun un nilé ẹ̀kọ́",0,0,0,0,0,2
yoruba_1_01930,"Husand, wife kidnap baby: Tọkọtaya kó sí gbaga ọlọ́pàá fẹ́sùn jíjí ọmọ ọjọ́ mẹ́fà gbé",0,2,0,0,0,0
yoruba_1_01931,"Ẹ﻿ yé tẹ òfin lójú mọ́lẹ̀ EFCC, ẹ kó láṣẹ láti fòfin gbé wa - àwọn aṣòfin Oyo sí EFCC",1,0,0,0,0,0
yoruba_1_01932,"Itunu Lawal allegedly killed by husband: Láàrin ọdún méjì ìgbéyàwó, ọmọ mi àti ọkọ rẹ bẹ̀rẹ̀ ìjà tó gbóná",0,2,0,0,0,0
yoruba_1_01933,Ẹṣọ oju-popo ti a ba ri ju 500 naira lọwọ re wọ gau,0,0,0,0,0,0
yoruba_1_01934,Vincent Enyeama: Aṣọ́lé Nàìjíríà tẹ́lẹ̀ rí ṣe tán láti padà sórí pápá,0,0,0,0,0,0
yoruba_1_01935,Ife Modakeke crisis: Ìpànìyàn tó wáye ni abúle Toro kìí ṣe ìjà láàrín Ife ati Modakeke - Ooni Ile Ife,0,0,0,0,0,0
yoruba_1_01936,Ọlọ́pàá mú ọkùnrin tó d﻿áná sun ọmọ ìyàwó rẹ̀ márùn-ún ní Ondo,0,3,0,0,0,0
yoruba_1_01937,Ọ̀pọ̀ òkú sùn bí ajínigbé ṣe fi ìbọn da ọkọ̀ ojú omi nù torí báwọn èèyàn ṣe sá mọ́ wọn lọ́wọ́,0,3,0,0,0,0
yoruba_1_01938,"Oyebade Adebimpe: Kò ṣeéṣe kí n lóyún, kí n sì gbe pamọ́ lọ́jọ́ orí mi",0,0,0,0,0,0
yoruba_1_01939,EndSARS kò tíì tán torí ìjọba kò tíì fi ọlọ́pàá àrúfin kankan jófin - Mr Macaroni,2,0,0,0,0,0
yoruba_1_01940,Àwọn afurasí ajínigbé bẹ́ orí kánsélọ̀ tó lọ dóòlà ará ìlú rẹ̀ tí wọ́n jígbé,0,3,0,0,0,0
yoruba_1_01941,Tshegofatso Pule: Ilé ẹjọ́ ní lóòótọ́ ọ̀rẹ́kùnrin olóògbé ló sanwó pé kí wọn pa aláboyún naá,0,2,0,0,0,0
yoruba_1_01942,UFC248: Israel Adesanya ti fi ẹ̀ṣẹ́ yanjú Romero ní ìjà ẹ̀ṣẹ́ kíkàn,0,0,0,0,0,0
yoruba_1_01943,"Ìyàwó torí owú dánà sun ọkọ rẹ̀, ló bá fẹsẹ̀ fẹ",0,2,2,0,0,0
yoruba_1_01944,Kemi Remi Dairo: Iṣẹ́ abẹ nínú ọpọlọ àti ẹ̀rọ ni mo fi ń gbọ́ ọ̀rọ̀ báyìí,0,0,0,0,0,0
yoruba_1_01945,Nigeria Gospel musician: Nǹkan kò burú tó báyìí ní ọgbọ̀n ọdún sẹ́yìn tí mo kọrin pé kí Ọlọ́run- Funmi Aragbaye,0,2,0,0,0,0
yoruba_1_01946,"Flooding: Ọ̀pọ̀ ẹ̀mí ṣòfò, tí dúkìá àìmoye mílíọ̀nú naira sì bá ẹ̀kún omi lọ",0,3,0,0,0,0
yoruba_1_01947,Dino vs Adeyemi: Ìyàwó ni Adeyemi lágbo òṣèlú lọ́jọ́kọ́jọ́,0,0,0,0,0,0
yoruba_1_01948,"Wo àwọn ohun tí o kò kà sí nípa mátírẹ́sì tí o ń sùn, ṣùgbọ́n tó ń ní ipa nínú ayé rẹ",0,0,1,0,0,0
yoruba_1_01949,Afurasí Ajínigbé wa ẹkún mu bíi bèbí nígbà tó kó sọ́wọ́ Amotekun n‘Ibadan,0,0,0,0,0,0
yoruba_1_01950,Osun 2022 APC primaries: Mi ò ní ìkùnsínú sí àwọn tó bá mi du àṣíá ìdíje gómìnà ní APC- Oyetola,0,0,0,0,0,0
yoruba_1_01951,Council Of Obas: Akeredolu yan Deji Akure gẹ́gẹ́ bi alága ìgbìmọ̀ àwọn ọba ni Ondo,0,0,0,0,0,0
yoruba_1_01952,Ikoyi house collapse: Ẹni kọ̀ọ̀kan tó fẹ́ rà nínú ilé alájà 21 tó wó l'Eko ti ṣàdéhùn láti san N206m sí N1.24bn kó tó wó,0,1,0,0,0,0
yoruba_1_01953,I﻿rú ààbò tó wà ní Naijiria lásìkò yìí ló tì dara jù láti ìgbà díẹ̀ sẹ́yìn - Lai Mohammed,0,0,0,0,0,0
yoruba_1_01954,Ukraine crisis: Akẹ́kọ̀ọ́ ọmọ Ireland kan ṣì ń gbìyànjú ọ̀nà àti sá àsálà kúrò ní Ukraine,0,1,0,0,0,0
yoruba_1_01955,"Bobrisky: Ẹyin mi ti lọ, inú ń dùn mí, ìrora yìí pọ̀ jù",0,3,0,0,0,0
yoruba_1_01956,"Ọ̀mọ̀wé ní wá, àìríṣẹ́ṣe ló mú ká máa gun ọ̀kadà, ẹ yé fòfin dè wá - Accomoran",0,2,0,0,0,0
yoruba_1_01957,"Pẹ̀lú gbogbo rògbòdìyàn tó ń ṣẹlẹ̀ ní Nàìjíríà, APC kójú òṣùwọ̀n láti borí ìdìbò 2023- Adamu",0,0,0,0,0,0
yoruba_1_01958,Buhari Oloto: Gbajúmọ̀ ọba tó lo sàá lágbo fàájì ìlú Eko fún ogójì ọdún ó le,0,0,0,0,0,0
yoruba_1_01959,Abuja Cholera Outbreak: Ìjọba ní gbogbo agbègbè tó wà ní Abuja ní Kọ́lẹ́rà dé,0,1,0,0,2,0
yoruba_1_01960,EndSars Protest Update: Àwọn òṣìṣẹ́ ọgbà ẹ̀wọ̀n ń bẹ jàńdùkú àmọ́ wọ̀n kò gbọ́,0,1,0,0,0,0
yoruba_1_01961,Nigeria vs Benin: Paul Onuacha ló fi góòlù ra iyì fún Super Eagles,0,0,0,0,0,2
yoruba_1_01962,Assault on LASTMA officers: Ìjọba Eko tí ṣetán láti f'imú ẹnikẹ́ni tó bá tún fi ìyà jẹ òṣìṣẹ́ LASTMA dánrin,3,0,0,0,0,0
yoruba_1_01963,Shasha crisis aftermath: Alága àwọn òntàjà lóun pàdánù N20m níbi ìjà tó ṣẹlẹ̀,0,2,0,0,0,0
yoruba_1_01964,Àwọn èèyàn Ogbomoso faraya tóri ìjínigbé àti ìpànìyàn tó dógò tì wọ́n,3,0,0,0,0,0
yoruba_1_01965,"Dagrin: Ikú Dagrin pé ọdún méjìlá, wo àwọn ǹkan mánigbàgbé nípa rẹ̀",0,0,0,0,0,0
yoruba_1_01966,Nigeria Bad roads: Àwọn obìnrin abúlé yìí ń pàdánù ọmọ látàrí òpópónà tó mẹ́hẹ,0,3,0,0,0,0
yoruba_1_01967,"Sokoto Deborah Blasphemy: Ìjọ Kátólìkì ní Sokoto fèsì sí ikọlù s'àwon ilé ìjósìn,wo ohun tí Kukah sọ",0,0,0,0,0,0
yoruba_1_01968,"Ọwọ́ ti tẹ ọkunrin abani fi ẹru ránṣẹ kan, Emmanuel Samuel, lasiko to n sa lọ pẹlu ọkada ileesẹ to fi n sisẹ",0,0,0,0,0,0
yoruba_1_01969,Irọ́ ni ọkùnrin tó ní àwọn ajínigbé gbé òun l’Ekoo ń pa - Ọlọ́pàá,0,0,1,0,0,0
yoruba_1_01970,Ẹ gbọdọ̀ mú PVC yín wá tí ẹ bá n padà bọ̀ lẹ́nu iṣẹ́ – Ìjọba Eko kéde ìsinmi ọjọ́ mẹ́rin,0,0,0,0,0,0
yoruba_1_01971,Ìwọ́de Shiite: Ọwọ́ ọlọ́pàá tẹ ogójì ọmọ ẹgbẹ́ Shiite lẹ́yìn ìwọ́de,0,0,0,0,0,0
yoruba_1_01972,Sunday Igboho: Ọjọ́ méje ní áńkọ̀bù fi wà lọ́wọ́ mi táwọn agbẹjọ́rò mi kò sì rí nǹkan ṣe si,0,3,0,0,0,0
yoruba_1_01973,June 12: Àwọn Ẹgba àti Owu ní ojúṣe Abiola yọ sílẹ̀ lẹ́yìn ọ̀pọ̀ ọdún tó jáde láyé,0,2,0,0,0,0
yoruba_1_01974,Lagos sexual offences: Àwọn afurasí afipábánilòpọ̀ 206 wọ gàu l'Eko,0,0,0,0,0,0
yoruba_1_01975,Wo ìlú kan ní Italy tó ṣetán láti fún ọ ní N13.6 mílíọ̀nù tí o bá gbà láti gbé níbẹ̀,0,0,2,0,0,0
yoruba_1_01976,SARS Panel Report: Sanwoolu ṣèlérí pé gbogbo nkán tó bá wa nínú àbájáde ìwádìí ìgbìmọ̀ Endsars ní aráàlú yóò mọ,0,0,0,0,0,0
yoruba_1_01977,"Sunday Igboho: Mo ti gbà fún Ọlọ́run níbí, Ọlọrun mọ̀ sí bí mo ṣe wà lẹ́wọ̀n",0,2,0,0,0,0
yoruba_1_01978,Ghana Reverend Father Kiss: Àlùfáà Obeng Larbi tọrọ àforíjì lọ́wọ́ àwọn akẹ́kọ̀ọ́ tó fi ẹnu kò lẹ́nu,0,0,0,0,0,0
yoruba_1_01979,Algon Oyo: Àwọn ọlọ́pàá ẹnu ọ̀nà káńṣù náà ṣetán láti wọ́n eṣinṣin tó bá ta fírí,0,0,0,0,0,0
yoruba_1_01980,Mo gbíyànjú títí kí ọmọ mi jáwọ́ nínú òògùn olóró àti ọtí kó tó kú àmọ́ ... - Ebenezer Obey,0,3,0,0,0,0
yoruba_1_01981,"Àbúrò Fayose kó rí ajínigbé kankan, ìròyìn ìbẹ̀rù ló fi f'ọkọ̀ rẹ̀ kọlu nǹkan - Ọlọ́pàá",0,0,0,0,0,0
yoruba_1_01982,"Obìnrin kán gan mọ́ná ní ibùdó ìgbafẹ́ ọmọdé lọ́jọ́ kejì Kérésì, ìjọba Eko faraya",0,2,0,0,0,0
yoruba_1_01983,Kenyan Woman: Aláboyún fi bílédìì gbé ọmọ jádé nínú ara a rẹ̀ ní Tanzania,0,0,3,0,0,0
yoruba_1_01984,Nigeria Navy vs Cute Abiola: Ilééṣé ológun tí sòrò nípa òhun tó ṣokunfa atímọlè Cute Abiola,0,0,0,0,0,0
yoruba_1_01985,Amotekun: Ó ju ẹnu Malami lọ láti ní ètò náà kò bófin mu,1,0,0,0,0,0
yoruba_1_01986,Coronavirus Drugs: Àjọ NAFDAC ti bẹ̀rẹ̀ àyẹ̀wò àgbò mẹ́rin tí wọ́n ṣe ní Nàìjíríà fún Covid-19,0,0,0,0,0,0
yoruba_1_01987,Ondo police accident: Ọlọ́pàá mẹ́sàn án tó farapa nínú ìjàmbá ọkọ̀ Akure t'éèyàn méjì ti kú sì wà nílé ìwòsàn,0,3,0,0,0,0
yoruba_1_01988,"Tí ẹ̀yin gómìnà bá fọwọ́ lẹ́rán, Yorùbá yóò já fún ara wọn  - Ooni",1,0,0,0,0,0
yoruba_1_01989,Osun election tribunal: PDP ti fèsì sí ẹ̀bẹ̀ ẹsùn ẹjọ́ tí Gómìnà Gboyega Oyetọla pè lórí èsì ìdìbò gómìnà Osun,0,0,0,0,0,0
yoruba_1_01990,Celebrities 2022 greetings: Wo bí àwọn gbajúmọ̀ tí ẹ̀ fẹ́ràn yìí ṣe tẹ̀ẹ́ wọ́nú ọdún 2022 àtí ohun t'Ọ́lọ́hun gbé wọn borí,0,0,0,0,0,0
yoruba_1_01991,Idiroko Border Reopening: Àwọn èèyàn Idiroko ń fẹ́ kí iṣẹ́ tètè bẹ̀rẹ̀,0,0,0,0,0,0
yoruba_1_01992,Sunday Igboho: Ẹgbẹ́ Afenifere fèsì sí ẹ̀sùn pé wọ́n fi Igboho wé Ànọ́bì Muhammed (S.A.W),0,0,0,0,0,0
yoruba_1_01993,Ìbẹ̀rẹ̀ akòbá fún ìlera ni kí oorun rẹ̀ má pé wákàtí márùn-ún,0,0,0,0,0,0
yoruba_1_01994,Marriage breakup: Iléẹjọ́ tú ìgbéyàwó ọdún méje ká lórí ẹ̀sùn ìfiraẹni-sílẹ̀,0,2,0,0,0,0
yoruba_1_01995,"Ogun Majek: Ọmọ, ẹbí àti àwọn òṣèré tíátà ló péjú sìnkú olóògbé",0,2,0,0,0,0
yoruba_1_01996,Rufus Giwa Polytechnic murder: Kí ló ṣẹlẹ̀ sí akẹ̀kọ̀ọ́ tí wọ́n ṣá pa?,0,0,1,0,0,0
yoruba_1_01997,Queen Elizabeth and Nigeria at 60: Obabinrin Elizabeth kí Nàìjíríà kú oríire òmìnira ọgọ́ta ọdún,0,0,0,0,0,1
yoruba_1_01998,"Yewande Adekoya: N kò fẹ́ ní òkú èèyàn lọ́rùn, ẹ má bú ọkọ́ mi lórí ayélujára mọ́",2,0,0,0,0,0
yoruba_1_01999,"FRSC Covid 19 laws: Awakọ̀ ojú pópó san N26,000 nítorí ó lu òfin tó de ìtànkálẹ̀ ààrùn Covid-19",0,0,0,0,0,0
yoruba_1_02000,"Ìjọba ti ileẹ̀kọ́ pà lẹ́yìn tí àwọn jàndùkú ṣèkọlù sí Osogbo, ìpínlẹ̀ Osun",0,0,0,0,0,0
yoruba_1_02001,"Ayẹyẹ ọdún Sango lẹ̀yìn ìpapòdà Alaafin Lamidi Adeyemi III wáyé, ohun tó ṣẹlẹ̀ níbẹ̀ rèé",0,0,0,0,0,0
yoruba_1_02002,Akure Fishsellers protest: Àwon olórí wa ń fi ayé ni wá lára - Ẹgbẹ́ ẹlẹ́ja ìlú Akure,0,2,0,0,0,0
yoruba_1_02003,"Àwọn ọlọ́pàá Hisbah yawọ ibi ìgbéyàwó akọsákọ, wọ́n mú eèyàn 19 sátìmọ́lé ní Kano",0,0,0,0,0,0
yoruba_1_02004,Chibok Girls: Kà nípa àwọn ìjínigbé akẹ́kọ̀ọ́ míràn tó wáyé ní Nàìjíríà lẹ́yìn ti Chibok,0,0,0,0,0,0
yoruba_1_02005,Diezani Madueke: Díẹ̀ lára ohun ìni Diezani tí ilé ẹjọ́ gbẹ́sẹ̀ lé,0,0,0,0,0,0
yoruba_1_02006,Baba Ijesha rí ẹ̀wọ̀n he lórí ẹ̀sún ìfipábá ọmọdé lọ̀pọ̀,0,1,0,0,0,0
yoruba_1_02007,"Illegal Orphanage: Ìjọba ti ayédèrú ilé ọmọ aláìlóbìí pa, ọmọdé mẹ́tàdínlọ́gbọ̀n gbòmìnira",0,0,0,0,0,0
yoruba_1_02008,Bukunmi Oluwashina: Àlàyé rèé lórí ohun tó fàá tí òṣèrébìnrin yìí fi ń wa ẹkùn mu,0,0,0,0,0,0
yoruba_1_02009,"Ọlatunji, akẹ́kọ̀ọ́gboyè 'graduate' tó ń ta àkàrà 'Ó ta lẹ́nu' nílùú Osogbo",0,0,2,0,0,0
yoruba_1_02010,"Ikoyi house collapse: Wọ́n tún ti yọ òkú èèyàn méjì síi níbi ilé tó wó l'Eko, èèyàn mẹ́ẹ̀dógún ló mórí bọ́",0,0,0,0,0,0
yoruba_1_02011,Dayo Kujore: Ọmọ olóògbé olórin Juju fi àidunnú rẹ̀ lẹ́yìn tó ní àwọn èèyàn kò kẹ́dùn pẹ̀lú ẹbí rẹ̀,0,2,0,0,0,0
yoruba_1_02012,"Dapo Ojora: Ẹ̀gbọ́n ìyàwó Bukola Saraki kú l'Eko, èdè aìyedè wà lórí bó ṣe kú",0,1,0,0,0,0
yoruba_1_02013,Prison Congestion: Ìdí rè é tí Adájọ́ àgbà ìpínlẹ̀ Ogun fí ṣíjú àánú wo ẹlẹ́wọ̀n 20,0,0,0,0,0,0
yoruba_1_02014,Anti-vaccine mandate protests: Canada ṣetán láti gbẹ́sẹ̀ lé àkáùntì àwọn tó ń ṣẹ ìwọ́de táko abẹ́rẹ́ covid-19,0,0,0,0,0,0
yoruba_1_02015,Àwọn agbébọn jí ìyàwó bàbá Sẹ́nétọ̀ Abbo tó lu obìnrin nílùú Abuja gbé ní Adamawa,0,1,0,0,0,0
yoruba_1_02016,"Bí DSS kò bá wá nǹkan ṣe sí àwọn alágbara oníṣòwò epo tó ń képo pamọ́, ariwo lásán ní gbèdéke rẹ̀ - PETROAN",1,0,0,0,0,0
yoruba_1_02017,"Ondo accident: Ìjàmbá ọkọ̀ gba ẹ̀mí èèyàn mẹ́fà, àwọn márùn ún farapa ní òpópónà Okitipupa",0,3,0,0,0,0
yoruba_1_02018,Lagos tanker accident: Ọkọ̀ àjàgbé agbépo kan tún dànù l'Eko,0,2,0,0,0,0
yoruba_1_02019,"Titus Badejo, ibadan broadcaster murder: A ti fún Makinde ní gbèdeké ọjọ́ mẹ́ta láti fojú àwọn tó pa Ejanla hàn- NUJ",3,0,0,0,0,0
yoruba_1_02020,Insecurity in Nigeria: Àwọn gómìnà ẹkùn Gúúsù fòfin de dída màálù ní gbangba,0,0,0,0,0,0
yoruba_1_02021,"Oyo Fire: Dukia ṣófo, ọmọ ọdún mẹ́rìnlá faragbọta níbí iná tó jó ọjà Akesan",0,3,0,0,0,0
yoruba_1_02022,"Seriki Williams Abass: Ọba Badagry tó jẹ́ ẹrú, tó tún padà di olówò ẹrú",0,0,1,0,0,0
yoruba_1_02023,Mọ nípa àwọn ìfẹsẹ̀wọnsẹ̀  líìgì Ilẹ̀ Gẹ̀ẹ́sì tó wáyé ní Ọjọ́rùú,0,0,0,0,0,0
yoruba_1_02024,A ti gba onírúurú ìgbẹ́ tí a rí lọ́wọ́ Emmanuel Egbu lọ fún àyẹ̀wò -Ọlọ́pàá Oyo,0,0,0,0,0,0
yoruba_1_02025,Genort Rohr: A ò ní já ẹ̀yin alátìlẹ́yìn wa kulẹ̀ lónìí,0,0,0,0,0,0
yoruba_1_02026,"Al Mustapha kéde èròngbà láti du ipò ààrẹ, wo nkán tó ní òun yóò fojú Boko Haram rí láàrin oṣù mẹ́fà",0,0,0,0,0,0
yoruba_1_02027,Àwọn nǹkan ti yóò ṣẹlẹ̀ àti èyí tí kò níí wáyé níbi ètò ìsìnkú Pope Benedict XVI,0,0,0,0,0,0
yoruba_1_02028,Rape Castration: Ìpínlẹ̀ Bauchi láwọn náà fẹ máà tẹ àwọn afipábánilopọ̀ lọ́dàá bíi ti Kaduna,0,0,2,0,0,0
yoruba_1_02029,Railway workers'strike: Wo ìdí tí àwọn òṣìṣẹ́ ọ̀kọ̀ Reluwé ṣe da iṣẹ́ sílẹ̀ jákèjádò Nàìjíríà,0,0,0,0,0,0
yoruba_1_02030,"Manchester United vs Leicester: Leicester City ṣẹ́ṣó ìyà fún Man United, Man City gba ife ẹ̀yẹ Premier League ti sáà yìí",0,0,0,0,0,0
yoruba_1_02031,"Ìyàwó lè lo ọwọ́ rẹ̀ fi ba ọkọ ṣeré lásìkò Halaada rẹ̀, èyí kò ba ẹ̀sìn jẹ́- Aafa Abdullateef Lanre",0,0,0,0,0,0
yoruba_1_02032,Alaafin Aole: Ṣé òótọ́ ni pé èpè Alaafin Aole ń ja Yorùbá títí di òní?,0,0,1,0,0,0
yoruba_1_02033,Helicopter crash in Lagos: Àbájáde ìwádìí ẹlikọ́pítà to já ni Opebi laipẹ yii ti jáde,0,0,0,0,0,0
yoruba_1_02034,Uber and Bolt airport ban: Àjọ FAAN sọ pé òun kò fi òfin dé wọ́n,0,0,0,0,0,0
yoruba_1_02035,Omicron variant: Ìjọba Naijria ní kò sí ẹ̀ní tó ní ẹ̀dà covid-19 tuntun Omicron Variant ní Naijiria,0,0,0,0,0,2
yoruba_1_02036,Ìdí tí mo fi dákẹ́ lóríi ìdàrúdàpọ̀ inú ẹgbẹ́ òṣèlú PDP nìyìí - Saraki,0,0,0,0,0,0
yoruba_1_02037,"Orisabunmi: Ìkúnlẹ̀ Abiyamọ ò! Lẹyìn ikú ẹ̀gbọ́n Orisabunmi, àbúrò rẹ̀ tún jáde láyé",0,3,0,0,0,0
yoruba_1_02038,"Ọwọ́ ọlọ́pàá tẹ adigunjalè, afipábánilòpọ̀ 15 l'Ondo",0,0,0,0,0,1
yoruba_1_02039,"Naira Marley: Ẹ̀kọ́ rèé fáwọn Marlians tó pa iléẹ̀kọ́ tì, tí wọn ń fa ṣòkòtò sílẹ̀ kiri",0,0,0,0,0,0
yoruba_1_02040,"Badirat Ajoke sọ pé òun fínnú-fíndọ̀ fi ààfìn Oyo sílẹ̀ ni, wọ́n kò lé òun",0,0,0,0,0,0
yoruba_1_02041,"Ìjìyà ìkọlù sí ọlọ́pàá Nàìjíríà, Njẹ́ ó mọ, àwọn nkan tó lè mú aráàlú tasẹ̀ àgẹ̀rẹ̀ lábẹ́ òfin?",0,0,0,0,0,0
yoruba_1_02042,"Raymond Adegoke Cerebral Palsy: Ìgbà tó tó àsìkò tó yẹ kó jókòó, kó máa fà, ohun tójú wa rí nìyí - Ìyá",0,2,0,0,0,0
yoruba_1_02043,Coronavirus in Nigeria: Èèyàn mẹjọ míràn tún ti ní àrùn Coronavirus ní Naijira,0,1,0,0,2,0
yoruba_1_02044,Domestic Violence: Obìnrin kan wọ gàù lẹ́yìn tó kan ìṣó mọ́ ọmọ ọ̀dọ̀ rẹ̀ lórí ní Enugu,0,1,0,0,0,0
yoruba_1_02045,Oyo traders crisis: Ẹgbẹ́ oníṣòwò ṣèwọ́de lórí ìyànsípò YK Abass gẹ́gẹ́ bí bàbálọ́jà tuntun,1,0,0,0,0,0
yoruba_1_02046,Yoruba Nation protest: Olùwọ́de 47 nínú àwọn tí ọlọ́pàá kó ní ìwọ́de Yoruba Nation ti gba ìtúsílẹ̀ láhámọ́ ọlọ́pàá,0,0,0,0,0,2
yoruba_1_02047,"PDP governors'meeting: Àwọn gómìnà PDP ní Buhari ti dojú ọrọ̀ ajé Nàìjíríà rú, wọ́n ké sí ilé aṣòfin àpapọ̀ láti fọwọ́ sí abá ìlànà ìdìbò Electorral bill fúnra wọn",0,0,0,0,0,0
yoruba_1_02048,Osun PDP Crisis: Kí ló fa làásìgbò níbí ìpàdé PDP tó mu kí ọmọ ẹgbẹ́ kan náà doju ìja kọ ara wọn?,0,0,1,0,0,0
yoruba_1_02049,Ọwọ́ tẹ̀ Abubakar tó wà ní JSS 3 lẹ́yìn tó jí ọmọ ọdún mẹrin ìbátan rẹ̀ gbé ní Katsina,0,1,0,0,0,0
yoruba_1_02050,"Boko Haram 6,000 pẹ̀lú àwọn ẹbí wọn jọ̀wọ́ ara wọn fún ìjọba Naijiria",0,0,0,0,0,0
yoruba_1_02051,"Charles Olumo Agbako ń ṣe àìsàn ńlá, ó ní ara ń ni òun",0,2,0,0,0,0
yoruba_1_02052,Church of Satan: Báwo ni ìjọ́sìn ṣe n rí nínú ìjọ Sátánì?,0,0,0,0,0,0
yoruba_1_02053,"Ondo rape case: Àwọn ara Ondo lu olè, Emmanuel Joseph tó ń jí ǹkan lọ́wọ́ arúgbó sí ẹsẹ̀ kan ayé, ẹsẹ̀ kan ọ̀run- ọ̀gá ọlọ́pàá Ikoro",0,1,0,0,0,0
yoruba_1_02054,"Poor roads in Ekiti state: Femi: Ká yọ tòṣèlú kúrò, Fayemi, àwọn òpópónà Ekiti ti di ẹgẹrẹmìtì, Babafemi Ojudu làá mọ́ Gómìnà Fayemi",0,1,0,0,0,0
yoruba_1_02055,"EndSARS protest Update: Afẹnifẹre ní ara ti kan àwọn èèyàn, ìjọba sì ló fà á",0,0,0,0,0,0
yoruba_1_02056,"‘Èmi kọ́ ni mo ń jí ènìyàn gbé, tèmi ni láti fi ilé woͅn hàn'",0,0,0,0,0,0
yoruba_1_02057,Gabon youth coach arrested: Olùkọ́ni ẹgbẹ́ agbábọ́ọ́lù U-17 ní Gabon dèrò àtìmọ́lé fún ẹ̀sùn fífipá bá àwọn agbábọ́ọ́lù ọ̀kùnrin sùn,0,1,0,0,0,0
yoruba_1_02058,Ogun Chieftancy Law: Àwọn Oníṣẹ̀ṣe fọnmú pé Ìlànà oyè ọba jíjẹ tíjọba gbé kalẹ̀ kò dún mọ́ àwọn nínú,1,0,0,0,0,0
yoruba_1_02059,ICC: Ẹ̀rí wà pé àwọn ológun Nàíjíríà ń hùwà ìka sí Boko Haram àti ọmọnìyàn,0,1,0,0,0,0
yoruba_1_02060,"Ondo accident: Tírélà méjì tẹ ìyá àti ọmọ pẹ̀lú èèyàn méjì míì pa ní Ikare-Akoko, awakọ̀ sá lọ",0,3,0,0,0,0
yoruba_1_02061,Samuel Okwaraji: Ó pé ọdún mọ́kànlélọ́gbọ̀n tí Samuel Okwaraji ṣubú lójú ìjà,0,2,0,0,0,0
yoruba_1_02062,Ọjọ Ogbo: Àwọn òṣèré tíátà kan ṣàfihàn fọ́tò ọjọ́ ogbó wọn,0,0,0,0,0,0
yoruba_1_02063,Iwo ritual killining: Monsuru ní ọtí lòun fi owó mu lẹ́yìn tí òun bá ta ẹ̀yà ara àwọn tí òun bá pa,0,2,0,0,0,0
yoruba_1_02064,World Cancer Day: Onímọ̀ sáyẹ́ńsì ní ká tètè ṣe àwárí àrùn jẹjẹrẹ ọyàn ni ọ̀nà àbájọ,0,0,0,0,0,0
yoruba_1_02065,"BBC Africa Eye: Ìyá mi, bí mo bá rántí ikú rẹ lásìkò ìrọbí, àìbímọ tèmí ń pa mí kú díẹ̀díẹ̀",0,3,0,0,0,0
yoruba_1_02066,Lagos traffic: Ohun márùn ún tó ń fa súnkẹrẹ-fàkẹrẹ nílùú Eko,0,0,0,0,0,0
yoruba_1_02067,Pregnancy sleep tips: Wo ìgbésẹ̀ mẹ́wàá fún aláboyún láti rí oorun ṣùn lálẹ́,0,0,0,0,0,0
yoruba_1_02068,"Adebayo Shittu: Ọ̀rọ̀ Boko Haram ti kọjá Buhari nìkan, àwọn èèyàn kan lókèrè ló fẹ́ ba iṣẹ́ Buhari jẹ́",0,1,0,0,0,0
yoruba_1_02069,Yoruba film: Obìnrin tó bá ń gbé bùkátà kò l'ọ́kọ kódà kó wà nílé ọkọ - Kemi Afolabi,0,0,0,0,0,0
yoruba_1_02070,Russia and Ukraine war: À ń kojú ìdẹ́yẹsí lẹ́nu ibodè EU - àwọn ọmọ Naijiria ké gbàjarè láti Ukraine,0,2,0,0,0,0
yoruba_1_02071,"Adebola Ademilua: Àìrísẹ́ ṣè lẹ́yìn ìwé kíkà ló sọ mi dí ìyá onírú, mo dúpẹ́ tèmi",0,2,0,0,0,1
yoruba_1_02072,Abuja-Kaduna Train Attack: Àwọn èèyàn torí kó yọ nínú rélùwèé Kaduna si Abuja bá BBC sọ̀rọ̀ nípa bí ìṣẹ̀lẹ̀ náà ṣe wáyé,0,0,0,0,0,0
yoruba_1_02073,Buhari: Ààrẹ ṣàlàyé bí yóò ṣe fi Nàìjíríà sílẹ̀ ju bó ṣe bá a lọ,0,0,0,0,0,0
yoruba_1_02074,Toddlers fed spiked Crackers: Olùdarí 'Daycare' tàwọn ọmọdé mẹ́ta tí jẹ bisikíítìi tí wọn fí igbó sí yóò fojú bá ilé ẹjọ́,0,0,0,0,0,0
yoruba_1_02075,Oluwo 5th coronation anniversary: Èyí ni àwọn ìgbà mẹ́jọ tí ọ̀rọ̀ Oluwo di ariwo nígboro láàrín ọdún márùn ún rẹ̀ lóyè,0,0,0,0,0,0
yoruba_1_02076,Seye Malaolu: Mo ta gbogbo dúkìá mi kí ń tó rí N7m owó ìtọ́jú èmi àti ọmọ mi,0,2,0,0,0,0
yoruba_1_02077,Bayern vs PSG: Haaland báwo? Mbappe ló dáná sun Bayern Munich ráúráú nílé wọn,0,0,0,0,0,0
yoruba_1_02078,Ifá ti mọ ẹni tí yóò jẹ ààrẹ Naìjíríà pẹ̀lú iyì àti ìdùnnú - Àdìmúlà Ila Orangun,0,0,0,0,0,0
yoruba_1_02079,"Aisha Buhari: Afenifere, PDP, ajàfẹ́tọ̀ọ́ ẹni ni àgbà Buhari kò tolé",0,0,0,0,0,0
yoruba_1_02080,"Sunday Igboho: Ẹ̀yin oríadé ẹ dìde, wàhálà ń bọ̀ nílẹ̀ Yorùbá, ọ̀dọ́ 10m fẹ́ jà fún Igboho",0,0,0,0,2,0
yoruba_1_02081,E jẹ́ ká lọ sí ìlú mi BBC yìí dá lórí Epe ní bi tí eégún ti ń fi ẹgba dá bírà lára Oba,0,0,1,0,0,0
yoruba_1_02082,"Yemi Ayebo, Yemi My Lover: Ìdí rèé tí orin kíkọ fi máa ń pò nínú sinimá mi...",0,0,0,0,0,0
yoruba_1_02083,"'Ẹ gba owó lọ́wọ́ olóṣèlú tó bá fẹ́ ra ìbò ní 2023, àmọ́ ẹ dìbò fún ẹni tó kójú òsùnwọ̀n'",0,0,0,0,0,0
yoruba_1_02084,Yoruba Nation: Kò yẹ kí èèyàn tó kàwé bíi Akintoye lè tako gómìnà lórí ọ̀rọ̀ tó sọ nípa ìpínlẹ̀ rẹ̀ - Akeredolu,0,0,0,0,0,0
yoruba_1_02085,"June12 Protest: Ọlọ́pàá ní kí aráàlú jòkó sílé wọn, tí aráàlú sì takú pé ẹ̀tọ́ àwọn ni láti wọ́de",2,0,0,0,0,0
yoruba_1_02086,Báyìí ni àwọn alátìlẹ́yìn Super Eagles ṣe ń dá músò ṣáájú ìdíje tòní,0,0,0,0,0,0
yoruba_1_02087,Baba Ijesha: Àkójọpọ̀ ìwádìí wa rèé nípa gbígbá béèlì Olanrewaju Omiyinka,0,0,0,0,0,0
yoruba_1_02088,Seyi Makinde: Màá ṣa ipá láti mú káwọn aráàlú nígbẹkẹ̀lé nínú ìjọba mi,0,0,0,0,0,0
yoruba_1_02089,Fulani Herdsmen Killing: Ẹran dídà káàkiri di ẹ̀ṣẹ̀ ní Oyo àti Ogun,0,0,0,0,0,0
yoruba_1_02090,"M﻿o ní kí wọ́n sin ọmọ mi márààrún pẹ̀lú òkú ọkọ mi, mo ni ayé ti parẹ́ - Màmá Rainbow",0,3,0,0,0,0
yoruba_1_02091,"Lai, wá wi tẹnu rẹ lóri bílíọnu mẹ́jì àbọ owó DSO",1,0,0,0,0,0
yoruba_1_02092,Oja Odan killing: 'Accident' ọlọ́kàdá ló tú àṣírí àwọn afurasí méjì tí a bá orí eèyàn nínú àpò wọn- Oba Oyebamiji,0,1,0,0,0,0
yoruba_1_02093,"Aláàfin: Àìrí iṣẹ́ ṣe ọ̀dọ́ lágbègbè mi ń peléke, ó sì nílò àmójútó",0,2,0,0,0,0
yoruba_1_02094,Iran ti jáwọ nínú ìlù ogun tó n lù -Trump,0,0,0,0,0,1
yoruba_1_02095,Dino Melaye: Àsìkò ti to fún ọ̀rọ̀ ''Zoning'' ipò ààrẹ ní Naijiria láti dópin,0,0,0,0,0,0
yoruba_1_02096,SARS Operation in Nigeria: Òṣèré tíátà ń fẹ́ kíjọba pa ẹ̀ka ọlọ́pàá tó ń gbógun ti ìdigunjalè jẹ́,0,0,0,0,0,0
yoruba_1_02097,Nigeria vs Benin: Àwọn ọmọ Nàìjíríà bu ẹnu ẹ̀tẹ́ lu NTA lórí ìgbóhùnsáfẹ́fẹ́ wọn,0,0,0,0,0,0
yoruba_1_02098,"Bàbá mi wà nínú ilé tí wọn sun di eérú, ń kò mọ̀ bóyá ó jóná mọ́lé ni tàbí wọn ji gbé lọ - Aṣòfin",0,2,0,0,2,0
yoruba_1_02099,Queen: Obabinrin Elizabeth ṣàfihàn orí adé mẹ́ta tó lè jé lẹ́yìn rẹ̀,0,0,0,0,0,0
yoruba_1_02100,"Eeyan marun un wa ni gbaga ọlọpaa, ṣugbọn iwadii ṣi n lọ lọwọ - Ileeṣẹ ọlọpaa",0,0,0,0,0,0
yoruba_1_02101,"FIFA ní kí àjọ bọ́ọ̀lù ní Nàìjíríà, NFF ó san N156m owó gbà máà bínú fún Gernot Rohr akọ́nimọ̀ọ́gbá rẹ̀ tẹ́lẹ̀",0,0,0,0,0,0
yoruba_1_02102,Iléeṣẹ́ ọlọ́pàá pọkún ètò ààbò ní òpópónà márosẹ̀ Èkó sí Ìbàdàn nítorí ìjínigbé,0,0,0,0,0,1
yoruba_1_02103,Coronavirus recovery cases: Ìrírí ọkùnrin kan tó ní àrùn coronavirus ní ilẹ̀ Gẹ̀ẹ́sì rèé,0,0,0,0,0,0
yoruba_1_02104,"Ẹ̀yin gómìnà, ẹ fún wa láàyè láti kojú àwọn agbébọn lòpópónà Èkó sí Ìbàdàn",1,0,0,0,0,0
yoruba_1_02105,Niger School Fire: Àlàyé rèé lórí bí iná ṣe jó ogún akẹ́ẹ̀kọ́ alákọ́bẹ̀rẹ̀ pa níléèwé,0,2,0,0,0,0
yoruba_1_02106,"PENGASSAN Strike: Bí ìjọba bá dá wà lohùn lórí IPPIS láàrin wákàtí mẹ́rìnlélógún, a o so ìyanṣẹ́lódì rọ̀",0,0,0,0,0,0
yoruba_1_02107,2023 presidency: Wo àwọn ọmọ Yorùbá mẹ́fà tí ẹnu ń kùn lórí ìbò ààrẹ ọdún 2023,0,0,0,0,0,0
yoruba_1_02108,"Àwọn agbébọn pa ènìyàn méjì ní ìpínlẹ̀ Kwara, jí ọ̀pọ̀ gbé lọ",0,3,0,0,0,0
yoruba_1_02109,"Boko Haram: Ọdún 2017 ni ìjọba Naijiria bẹ̀rẹ̀ ìgbẹ́jọ́ nǹkan bíi agbésùmọ̀mí 6,000",0,0,0,0,0,0
yoruba_1_02110,"Coronavirus in Nigeria: Àwọn ọmọ Nàìjíríà bu ẹnu àtẹ́ lu ètò ìsìnkú Abba Kyari, wọ́n ní ó tako ìlànà ìjìnàsíraẹni",1,0,0,0,0,0
yoruba_1_02111,"Saudi Arabia: Jí foonu ọkọ rẹ̀ wò, kóo fi ẹ̀wọ̀n jura",0,0,0,0,0,0
yoruba_1_02112,Ṣé lóòótọ́ ni ẹgbẹ́ òṣèlú PDP Eko yan Funke Akindele gẹ́gẹ́ bí igbákejì olùdíje gómìnà?,0,0,1,0,0,0
yoruba_1_02113,"""""""Arọ kan dìde rìn, nígbà tí à ń lé wèrè kúrò nílùú""""""",0,0,2,0,0,0
yoruba_1_02114,South Africa Polyandry law: Àwọn aṣòfin ń gbé ìgbésẹ́ lórí òfin tí yóò fààyè gba obìnrin láti ní ọkọ méjì,0,0,0,0,0,0
yoruba_1_02115,"LASTMA, Lagos Traffic Offence:: Mọ̀ nípa ẹ̀ṣẹ̀ mẹ́wàá tí ò lè fi kó sí páńpẹ́ LASTMA ní Eko àti ìjìyà tó tẹ̀lẹ̀ e",0,0,0,0,0,0
yoruba_1_02116,Coronvirus in Nigeria: Àjọ NCDC ti kede pé ènìyàn méji míran ti ni àrun náà,0,1,0,0,1,0
yoruba_1_02117,Adeboye: Ọlọ́run kò tíì bá mi sọ̀rọ̀ nípa ètò ìdìbò ọdún 2023,0,0,0,0,0,0
yoruba_1_02118,"Alcohol Sanitizer: Èèyàn 86 tó mu ọtí ayédèrú d'èrò ọrùn ní India, ìwádìí bẹ̀rẹ̀",0,2,0,0,0,0
yoruba_1_02119,APC: O jẹ́ tètè jẹ́wọ́ àwọn tó rán ọ níṣẹ́ torí àwa kìí fún apààyàn lówó,2,0,0,0,0,0
yoruba_1_02120,Sowore: Àwọn olùwọ́de gbé pátákó ìkéde lọ sí ọọ́físí àjọ ọ̀tẹ́lẹ̀múyẹ́,0,0,0,0,0,0
yoruba_1_02121,Samuel Ortom: A ti fi kún owó ìtanràn fún ẹni tó ba da ẹran jẹ̀ nígboro Benue- Gómìnà Ìpínlẹ̀ Benue,0,0,0,0,0,0
yoruba_1_02122,Femi Fani Kayode ti kúrò nínú ẹgbẹ́ PDP wá sí APC - Yahaya Bello,0,0,0,0,0,0
yoruba_1_02123,"Obasanjo: Bí àwọn aṣíwájú ìran Muritala/ Obasanjo bá ṣì ń du ipò òṣèlú, á jẹ́ pé nǹkan míì ti wọ́",0,0,0,0,0,0
yoruba_1_02124,Brazil vs Nigeria: Ọ̀mì aláyò kọ̀ọ̀kan lakitiyan Super Eagles pẹ̀lú Brazil jásí,0,0,0,0,0,0
yoruba_1_02125,Àṣìṣe márùn ún tí àwọn lọ́kọláyà ńṣe nípa owó àti níní ìmọ̀ nípa ara wọn,0,0,0,0,0,0
yoruba_1_02126,'Àwọn tó pa Bamise nínú BRT ba ojú ara àbúrò mi jẹ́ yánkan-yànkan',0,3,0,0,0,0
yoruba_1_02127,Kìí ṣe Fulani nìkan ló wà nínú àwọn ọ̀daràn táa mú – Amotekun Ondo,0,0,0,0,0,0
yoruba_1_02128,Prince Philip: Ọkọ Ọbabìnrin Elizabeth ilẹ̀ Gẹ̀ẹ́sì ń gba ìtọ́jú lọ́wọ́ nílé ìwòsàn,0,1,0,0,0,0
yoruba_1_02129,"TB Joshua biography: Tí kìí bá ṣe rélùwéè tó bàjẹ́ lójú ọ̀nà, iṣẹ́ ológun ní kò bá ṣe",0,0,0,0,0,0
yoruba_1_02130,Timothy Adegoke: Àlàyé rèé lórí ìdí tí ẹbí olóògbé ṣẹ́ fẹ́ kí ìgbẹ́jọ́ àwọn afurasí wáyé ní Osun,0,0,0,0,0,0
yoruba_1_02131,"Aráàlù fọnmú lórí Pásítọ̀ tó ń gbẹ̀bí, pèsè ‘omi ayẹta’ fọ́mọ ìjọ",1,0,0,0,0,0
yoruba_1_02132,Wo àwọn ode eré tí Davido ti pa tì nínú oṣù Kọ́kànlá yìí látàrí ikú Ifeanyi ọmọ rẹ̀,0,1,0,0,0,0
yoruba_1_02133,"₦2m ní Seyi Makinde ń fún Olopoeyan lọ́sẹ̀, wọ̀bìà ló mú kó kúrò nínú PDP - Auxillary",0,0,0,0,0,0
yoruba_1_02134,Sokoto Blasphemy Killing: Wo ìdí tí ìjọba Kaduna fi fòfin de ìwọ́de èyíkéyìí tó bá lọ́wọ́ ẹ̀sìn nínú ní ìpínlẹ̀ wọn,0,0,0,0,0,0
yoruba_1_02135,Alec Baldwin: Ohun táa mọ̀ nípà òṣèré tó ṣèèṣì yìnbọn pààyàn lórí ìtàgé rèé,0,0,0,0,0,0
yoruba_1_02136,Ó  kéré tán ènìyàn 33 kú lásìkò tí ọkọ̀ bọ́ sínú omi,0,3,0,0,0,0
yoruba_1_02137,"EndSARS, EndSWAT Protests: Òbí agbábọ́ọ̀lù Kazim Tiamiyu Kaka àtàwọn míì tí ọlọ́pàá pa sọ̀rọ̀, omijé bọ́ lójú",0,3,0,0,0,0
yoruba_1_02138,Mò ń kí BBC Yorùbá kú ayẹyẹ ọdún méjí láti orílẹ̀èdè Brazil - Mike Ifabunmi,0,0,0,0,0,2
yoruba_1_02139,Kogi Election: Dino Melaye fẹ́ mọ bí ayédèrú ọlọ́pàá ṣé borí ọlọ́pàá gidi lásìkò ìdìbò Kogi,0,0,0,0,0,0
yoruba_1_02140,Christmas celebration: Èèyàn méje kú nínú ìjàmbá ọkọ̀ tó ṣẹlẹ̀ ní àárọ̀ Kérésìmesì lọ́nà Sagamu sí Ijebu Ode,0,3,0,0,0,0
yoruba_1_02141,Iree Osogbo Bank Robbery: Ara olóògbé Dauda Jelili Kayode ti wọ káà ilẹ̀ lọ ní Iree,0,2,0,0,0,0
yoruba_1_02142,Fulani herdsmen attack today: Àwọn Fulani láṣẹ láti gbé níbikíbi tó bá wù wọ́n ní Naijiria - Oluwo,0,0,0,0,0,0
yoruba_1_02143,Ìtàn Mánigbàgbé: Ìtàn tó rọ̀ mọ́ ìdí tí wọn ṣe ń pe aya ní ìyàwó,0,0,0,0,0,0
yoruba_1_02144,Fani Kayode defects to APC: Sheikh Gumi ní Judasi ìran Yorùbá ni Fani-Kayode,0,0,0,0,0,0
yoruba_1_02145,Obìnrin tó bá Ẹkùn jà torí pé ó fẹ́ gbé ọmọ rẹ̀ farapa yánna-yànna,0,3,0,0,0,0
yoruba_1_02146,"Ogun Killing: Ọmọ ọdún 23 jẹ́wọ́ bó ṣe pa ẹ̀gbọ́n ìyá rẹ́, ẹni ọdún 60 nípinlẹ̀ Ogun",0,2,0,2,0,0
yoruba_1_02147,Nigeria vs Egypt: Iheanacho gba fújà lọ́wọ́ Salah bí Nàìjíríà ti ṣé tẹ Egypt lórí mọ́lẹ̀,0,0,0,0,0,0
yoruba_1_02148,"ASUU strike: Kí ló wáyé níbi ìpàdé NANS àti ìjọba àpapọ̀, àlàyé rèé",0,0,0,0,0,0
yoruba_1_02149,Belarus: Ààrẹ orílẹ̀èdè Lukashenko tún wọlé lẹ́yìn ọdún 25 lórí oyè! Kí ló ń ṣẹlẹ̀ gangan?,0,0,2,0,0,0
yoruba_1_02150,"Ẹ̀sùn àìmọ̀dí gbé Theophilous dọ́gbà ẹ̀wọ̀n, ìwé ẹ̀rí ìmọ̀ ìjìnlẹ̀ méjì ló gbé jáde",0,2,0,0,0,0
yoruba_1_02151,Ohun tí à ń fẹ́ kí ìjọba ṣe rèé – Àwọn tó farapa lásìkò ìwọ́de EndSARS,0,0,0,0,0,0
yoruba_1_02152,Gobirawa: Àwọn èèyàn kan ní Sokoto àti Zamfara ní àwọn agbésùmọ́mí ti gbàjọba lágbègbè wọn,0,0,0,0,0,0
yoruba_1_02153,A kò mọ ohunkóhun pé wọ́n mú afurasí  lórí ìkọlù agbébọn ní Owo - ọlọ́pàá,0,0,0,0,0,0
yoruba_1_02154,"Ìyálé Mercy Aigbe kìlọ̀ fún un pé kó yé ya àwòrán nínú ilé tí òun fi ìláàgùn kọ́, ọkọ rẹ̀ fún un lésì…",2,0,0,0,0,0
yoruba_1_02155,Ṣ﻿é lóòtọ́ ni àwọn jàndùkú kọlu Atiku àti ikọ̀ ìpolongo rẹ̀ ní Borno?,0,0,0,0,0,0
yoruba_1_02156,"Osinachi Nwachukwu: Ọkọ Osinachi, Peter Nwachukwu yóò fojú ba ilé ẹjọ́ lórí ikú ìyàwò rẹ̀",0,0,0,0,0,0
yoruba_1_02157,Soun Ogbomoso's daughter dies: Ikú tó mú Soun Ogbomosho tún ti mú àkọ́bí rẹ̀ lọ o!,0,3,0,0,0,0
yoruba_1_02158,Ede Poly Rector suspension: Wọ́n ní kí ọ̀gá àgbà Pólì Ede lọ rọ́kún ńlé lórí ẹ̀sùn pé 'ó kan bẹ́ẹ̀dì sí ọ́fíìsì',0,0,2,0,0,0
yoruba_1_02159,"OAU student's death: O dun OAU pé Heritage kú, agbìyànjú láti gbé e délé ìwòsàn ṣùgbọ́n...",0,3,0,0,0,0
yoruba_1_02160,Baba Ijesha in court: Iléẹjọ́ sún ìgbẹ́jọ́ Baba Ijesha di oṣu kẹ́jọ lẹ́yìn tí wọ́n fọ̀rọ̀ wá ọmọ́débìnrin tọ́rọ̀ kàn lẹ́nuwò,0,0,0,0,0,0
yoruba_1_02161,"Nkan tó yẹ kí o mọ̀ nípa Olaniyi Ben Agboola, olúdíje ẹgbẹ́ PRP nínú ìdìbò gómìnà ipinlẹ Ekiti",0,0,0,0,0,0
yoruba_1_02162,"Baba Ijesha: Iyabo Ojo fèsì fún Bukky Black, Ó ní ọ̀rọ̀ rírùn ló sọ, ìtìjú ńlá ló jẹ́ fún ìran obìnrin àti ìyá",2,0,0,0,0,0
yoruba_1_02163,"Ọ̀pọ̀lọpọ̀ Dókítà, àtàwọn òṣìṣẹ́ wá kọ̀wé fipò sílẹ̀ láti ‘Japa’ lọ sí ìlú Òyìnbó - UCH Ibadan",0,2,0,0,0,0
yoruba_1_02164,Sunday Igboho released: Ìdọ̀bálẹ̀ gbalaja ní Igboho wà tó ń dúpẹ́ pé mo mú ìlérí mi ṣẹ- Oloye Banji Akintoye,0,0,0,0,0,0
yoruba_1_02165,Kí ló dé tí orúkọ̀ ọ̀daràn tó sá kúrò lọ́gbà ẹ̀wọ̀n Kuje ṣe wà lára àwọn agbébọn tó kọlu ṣọ́ọ̀ṣì Owo?,0,0,2,0,0,0
yoruba_1_02166,Stellah Adadevoh: Ẹ̀bí dókítà náà ní ìfẹ́ Nàíjíríà ló ní tó fi fi ẹ̀mí rẹ̀ lélẹ̀,0,0,0,0,0,0
yoruba_1_02167,"Police shooting in Osogbo: Ọlọ́pàá MOPOL yìnbọn fún Ọlabomi, ọlọ́kadà nílùú Osogbo",0,1,0,0,0,0
yoruba_1_02168,Dare Adeboye: Ọ̀pọ̀ ọmọ ìjọ RCCG ń ṣèrántí olóògbé Pásítọ̀ náà lẹ́yìn ọdún kan to jáde láyé,0,2,0,0,0,0
yoruba_1_02169,Flood: O kéré tán ènìyàn 80 ló ti d'òkú nítori òjò àrọ̀rọdá tó fa omí yalé agbara ya sọọbù,0,3,0,0,0,0
yoruba_1_02170,Insecurity: Buhari ní ẹ̀ka aláàbò Nàíjíríà tiraka àmọ́ ó yẹ kí wọn ṣe jù bẹ́ẹ̀ lọ,0,0,0,0,0,0
yoruba_1_02171,Premature babies: Ọ̀nà tí orin gbígbọ́ fi ń ṣèrànwọ́ f'ọpọlọ ọmọ ìkókó rèé,0,0,0,0,0,0
yoruba_1_02172,Yusuf Buhari and Zahra Bayero wedding :wo àwòrán àwòdamiẹnu níbi ìgbéyàwó ọmọ ààrẹ Buhari,0,0,0,0,0,0
yoruba_1_02173,Wife set husband's mistress ablaze: Ìyàwó tó dáná sun àlè ọkọ rẹ̀ kó sí gbaga Ọlapàá nípinlẹ̀ Ogun,0,0,0,0,0,0
yoruba_1_02174,Mile 12 Accident: LASEMA ní ọkọ̀ akẹ́rù tó sọ ìjánu rẹ̀ nù lásìkò eré àsápajúdé ló fa sábàbí,0,2,0,0,0,0
yoruba_1_02175,"Kidnap cases in Nigeria: Iléeṣẹ́ ọ̀lọ́pàá ní ọwọ́ tẹ afurasí méjì, méjì míì sálọ",0,0,0,0,0,0
yoruba_1_02176,"""""""Ẹsẹ̀ mí kẹ̀, ó dojú kọ ara wọn bíi pẹ́rẹ́gi, ìṣẹ́ abẹ kẹta ló mú kó nà padà""""""",0,0,0,0,0,0
yoruba_1_02177,"Ondo Crisis: Aṣòfin Iroju Ogundeji, Favour Tomowewo àti Williams Adewale ń lọ rọọkún nílé",0,0,0,0,0,0
yoruba_1_02178,"Femi Adesina: Kìí ṣe àwọn ọ̀daràn nìkan ló ń gbọ́ èdè Buhari, ẹgbẹ́ alátakò PDP gan ti di akúrẹtẹ̀",0,0,0,0,0,0
yoruba_1_02179,Àlùfáà ìjọ Redeem àti ọmọ rẹ̀ méjì kú sílé ìgbafẹ́ kan lásìkò Kérésì,0,2,0,0,0,0
yoruba_1_02180,"Wole Oluyede ADC Ekiti: Ibi tó yẹ kí Ekiti wà kọ́ ni eléyìí; Ẹ lẹ́ẹ ṣe ọ̀nà, a ò ríbi tó jásí o, àmọ́ tí mo bá di gómìnà...",0,0,0,0,0,0
yoruba_1_02181,"Aisha Buhari Iftar: Ẹ fi àwọn obìnrin ṣe ìgbákejì olùdíje yín gbogbo, Aisha Buhari pàrọwà fáwọn ẹgbẹ́ òṣèlú",0,0,0,0,0,0
yoruba_1_02182,"Messi fi ìtàn lélẹ̀, Ife ẹ̀yẹ àgbáyé di ti Argentina lẹ́yìn ọdún 36",0,0,0,0,0,2
yoruba_1_02183,Tinubu Presidency 2023: Mo ṣèlérí láti lọ gbà'mọ̀ràn gidi kí n tó ṣe ìpinu dídupò ààrẹ ní 2023,0,0,0,0,0,0
yoruba_1_02184,"Corruption: Eni, eji, ẹta gómìnà tẹ̀lẹ̀rí tó ti ṣẹ̀wọ̀n nítorí ẹ̀sùn ìkówó jẹ",0,0,2,0,0,0
yoruba_1_02185,Ohun tí a mọ̀ rèé nípá òṣìṣẹ́ FRSC tí wọ́n fẹ̀sùn kàn pe o fún aláboyún ní ìpá ní ikùn...,0,0,0,0,0,0
yoruba_1_02186,"Nigeria Resident Doctor's Strike: Àwọn dókítà tí fagilé ìyanṣẹ́lódì ọlọ́jọ́ gbọọrọ, sùgbọ́n...",0,0,0,0,0,0
yoruba_1_02187,Yinka Ayefele radio robbed: Ọwọ́ ọlọ́pàá tẹ afurasí tó dárí ikọ̀ tó ja rédíò Ayefele lólè,0,0,0,0,0,1
yoruba_1_02188,Àwọn obìnrin orílẹ̀-èdè Iran ti lè wo bọ́ọ̀lù aláfẹsẹ̀gbá báyìí,0,0,0,0,0,1
yoruba_1_02189,Ondo rape apologist: Olùkọ́ kan di èrò ọgbà ẹ̀wọ̀n fún fífipá bá ọmọ ọdún mẹ́wàá lòpọ̀ ní ìpínlẹ̀ Ondo,0,3,0,0,0,0
yoruba_1_02190,"Ẹ̀yin tẹ ń ṣe’yèméjì, ẹ pinú, ẹ gba PVC yín kẹ́ẹ lòó fún mi – Tinubu",0,0,0,0,0,0
yoruba_1_02191,Ọwọ́ ọlọ́pàá ìpínlẹ̀ Ogun tẹ Wasiu Eluyẹra tó fẹ́ pa ìyàwó rẹ̀ tẹ́lẹ̀ nítorí pé ó lóyún,0,0,0,0,0,0
yoruba_1_02192,"Osun Monarch: Ogunsua ìlú Modakeke, Ọba Moses Oladejo Oyediran wàjà",0,2,0,0,0,0
yoruba_1_02193,"Buhari lifts Twitter ban: Buhari fún ọmọ Naijiria lẹ́bùn ayẹyẹ òmìnira, ó gbẹ́sẹ̀ kúró lórí Twitter pẹ̀lú ìkìlọ̀",0,0,0,0,0,2
yoruba_1_02194,"Ijó tí mo jó níwájú Ooni Ife ti ayé ń pariwo ẹ̀ kiri, N250,000 ni mo fi pa– Nkechi Blessing Sunday",0,0,0,0,0,0
yoruba_1_02195,Obi Cubana: Ilé ijó 'Hustle and Bustle' di tìtì pa lẹ́yìn ikú olùgbafẹ́ kan,0,0,0,0,0,0
yoruba_1_02196,Osogbo JTF vs Youth Protest: Àwọn ẹbí Idris Ajibola ń fẹ́ ìdájọ́ lórí ikú ọmọ wọn,0,2,0,0,0,0
yoruba_1_02197,IPOB: A kò tún gbọdọ̀ rán àwọn ọmọ wá létí pé wọ́n wà lábé amunisin nípa kíkọ orin orilẹ ède Nàìjíría,0,1,0,0,0,0
yoruba_1_02198,"Àwọn ọmọ ìyàwó Abiola, Kudirat, wọ́ Buhari lọ iléẹjọ́, wo nǹkan tí wọ́n bèrè fún",0,0,0,0,0,0
yoruba_1_02199,2023 Presidency: Adelé alága APC l'Eko ní àdéhùn wà láàrín Buhari àti Tinubu lórí ìdíje ipò ààrẹ lọ́dún 2023,0,0,0,0,0,0
yoruba_1_02200,Oyo APC crisis: Ìwà màdàrú àti ẹlẹ́yàmẹ̀yà ni kò jẹ́ kí ẹgbẹ́ òṣèlú APC tòrò ní ìpínlẹ̀ Oyo - Akintola,0,2,0,0,0,0
yoruba_1_02201,"Nyesom Wike yan olùbádámọ̀ràn, olùrànlọ́wọ́  42,000 torí ètò ìdìbò ọdún 2023",0,0,2,0,0,0
yoruba_1_02202,Èdè abínibí  ni kẹ́ẹ máa fi kọ́ àwọn ọmọ ilé ẹ̀kọ́ alákọbẹrẹ báyìí; Ìjọba pàṣẹ!,0,0,0,0,0,0
yoruba_1_02203,Richard Gbadebo: Ìjọba ìpínlẹ̀ Oyo yóò ṣe ìwádìí ikú tó pa akẹ́kọ̀ọ́ Fásitì Ibadan,0,0,0,0,0,0
yoruba_1_02204,Kwara Local Government: EFCC jú alága ìjọba ibílẹ̀ 16 si àhámọ́,0,0,0,0,0,0
yoruba_1_02205,Garba Shehu: Inú aráàlú kò dùn sí ìwọ́dé Yoruba Nation àti IPOB tó wáyé l‘Amẹ́ríkà,0,1,0,0,0,0
yoruba_1_02206,"Ohun tó pa Yemi Adegunju, òṣèré tíátà tó jáde láyé rèé",0,1,0,0,0,0
yoruba_1_02207,Buhari driver: Kò sẹ́ni tó lè ní kí Buhari má gba ìtọ́jú nílẹ̀ òkèèrè - Amúgbálẹ́egbẹ́ Ààrẹ,1,0,0,0,0,0
yoruba_1_02208,"COVID19Nigeria: Èèyàn mẹ́rin kú, 747 míràn tún lùgbàdì aàrùn náà ní Nàìjíria",0,3,0,0,0,0
yoruba_1_02209,Tinubu 2023 Presidency: Àwọn ìpèníjà tí Bola Tinubu yóò kojú nìyí nínú ìrìnàjò rẹ̀ lọ́dùn 2023,0,0,0,0,0,0
yoruba_1_02210,"Zaiah, Adesua Etomi Wellington Banky W baby : Ẹ̀yin náà le fẹ́ sọ ọmọ yin ni orúkọ yìí, ẹ wo ìtúmọ̀ orúkọ ọmọ náà",0,0,0,0,0,0
yoruba_1_02211,Abeokuta poison Obada: Sé lóòtọ́ ní ẹni ọdún 14 yìí fi májèlé sí oúnjẹ mọ̀lẹ́bí tó ń bá gbé ní Obada Oko? ohun tí a mọ̀ rèé..,0,0,1,0,0,0
yoruba_1_02212,ICPC: Kò fẹ́ẹ̀ sí adájọ́ tó gbọ́ ẹ̀hónú ìbò tí wọn kò fi rìbá lọ̀,0,0,0,0,0,0
yoruba_1_02213,"ASUU Strike: Gbèdékè ọ̀ṣẹ̀ mẹ́ta la fún ìjọba Buhari láti sanwó oṣù òṣìṣẹ́, ìyanṣẹ́lódì ẹgbẹ́ òṣìṣẹ́ ASUU ń rúgbó bọ̀!",2,0,0,0,0,0
yoruba_1_02214,Petrol tanker accident: Èèyàn méjì àti ọkọ̀ 29 ló jóná níbi ìṣẹ̀lẹ̀ táńkà agbépo tó gbiná ní mọ́rosẹ̀ Eko sí Ibadan,0,3,0,0,0,0
yoruba_1_02215,Ọlọ́pàá ilẹ̀ Gẹ̀ẹ́sì ti sanwó ìtaràn £2500 fún oníwàásù ọmọ Nàìjíríà tí wọn mú lọnà àìtọ́,0,0,0,0,0,0
yoruba_1_02216,"Hassan Adesanya, Mr Success: Bọ̀ọ́lù ní mo fẹ́ gbá jẹun ṣùgbọ́n ẹ̀sẹ̀ mi kán ló sún mi dé ìdí àwàdà",0,1,0,0,0,0
yoruba_1_02217,Femi Adesina: Àwọn pásítọ̀ mííràn ti sọ orí pẹpẹ di ibi ti wọ́n ti ń ba ìjọba l'Órúkọ jẹ́,0,2,0,0,0,0
yoruba_1_02218,"Major General Huseini Ahmed ti wọ káà ilẹ̀ sùn, ó digbéré!",0,1,0,0,0,0
yoruba_1_02219,PDP gbọn Dotun Babayemi yọ nínú ẹgbẹ́ bí jìga,0,0,0,0,0,0
yoruba_1_02220,"Kidnapping: Àwọn ajínigbé jí àlùfáà ìjọ àti ọmọ rẹ̀ gbé, bèrè mílíọ̀nù mẹ́wàá náírà gẹ́gẹ́ bí owó ìtúsílẹ̀ ní ìpínlẹ̀ Ondo",0,2,0,0,0,0
yoruba_1_02221,Amotekun: Olórí ikọ̀ Amotekun l’Oyo ní àwọn ọ̀tá ìtẹ̀síwájú ń sa ipá láti ba ikọ̀ Amotekun lórúkọ jẹ́,0,0,0,0,0,0
yoruba_1_02222,Olaiya Igwe: Àwọn ọmọde tí mò ń bá ṣe ‘skit’ ló dáwó jọ fún mi nígbà tí àìsàn inú dé sí mi,0,0,0,0,0,0
yoruba_1_02223,"Minimum Wage: Ìjọba ìpínlẹ̀ Kogi buwọ́lu ₦30,000 owó oṣù òṣìṣẹ́ tó kéré jùlọ",0,0,0,0,0,0
yoruba_1_02224,AFCON 2019: Àwọn ikọ̀ Super Eagles ti gbà lára owó àjẹmọ́nú wọn,0,0,0,0,0,0
yoruba_1_02225,"Àdó olóró North Korea fò gba Japan kọjá, aráàlú fẹsẹ̀ fẹ",0,0,0,0,2,0
yoruba_1_02226,"Ooni: EFCC, ẹ se àtúnse sí ìgbé ayé àwọn ọdaràn tẹ bá mú",0,0,0,0,0,0
yoruba_1_02227,Fake Naira: DSS gbé afurasí mẹ́jọ tó tẹ ayédèrú ₦98m àti $1.5m lọ sílé ẹjọ́,0,0,0,0,0,0
yoruba_1_02228,Lagos bulding collapse: Mo gbàdúrà kí Ọlọrun tu gbogbo ẹbí Osibona nínú - Abiodun,0,2,0,0,0,0
yoruba_1_02229,Sexually transmitted diseases: Kọ́ńdọ́mù 587 mílíọ̀nù lọmọ Nàìjíríà ń lò lọ́dún,0,0,0,0,0,0
yoruba_1_02230,Easter celebration: Osinbajo gbàdúrà ìgbéǹde àti ọrọ̀ fún Nàìjíríà,0,0,0,0,0,0
yoruba_1_02231,Àwọn ọmọ Nàìjíríà kò gbọdọ̀ gba PDP láyè láti ṣàkóso ọrọ̀ orílẹ̀ èdè yìí mọ́ - Tinubu,0,0,0,0,0,0
yoruba_1_02232,Àwọn ọmọ ogun ilẹ̀ Nàìjíríà dóòlà ẹ̀mí ẹni méjì ní Owena ní Ondo,0,0,0,0,0,2
yoruba_1_02233,"T﻿áńkà agbépo gbiná ní Kogi, ẹ̀mí èèyàn 20 ba lọ",0,3,0,0,0,0
yoruba_1_02234,"Àṣà àti èdè Yorùbá dùn púpọ̀, o ní ìtumọ̀ kíkún",0,0,0,0,0,0
yoruba_1_02235,APC Nation Convention crisis: Àwọn gómìnà 'yahooyahoo'ní APC ló ń ti Buni láti da ojú ètò ìdìbò adarí ẹgbẹ́ bolẹ̀ - Gómìnà Rotimi Akeredolu,1,0,0,0,0,0
yoruba_1_02236,Nǹkan ńlá tí ọkọ mi ṣe fún mi jùlọ ní ìgbéyàwó ta ṣe ní ṣọ́ọ́ṣì lẹ́yìn ọdún 21 ta ṣe ìgbéyàwó ní kóòtù - Florence Ajimobi,0,0,0,0,0,2
yoruba_1_02237,"Àgbà òṣèré míì ń ṣàìsàn, ó nílò àdúrà yín - Foluke Daramola",0,2,0,0,0,0
yoruba_1_02238,"Akinmoorin 5 new year death: Ọkùnrin náà ní pé òun á pààyàn, ó si ṣe bẹ́ẹ̀- Ará ìlú",0,0,1,0,0,0
yoruba_1_02239,FA Cup final Arsenal vs Chelsea: Lampard laná! Arsenal fa Chelsea ya pẹ́rẹpẹ̀rẹ gba ife FA Cup,0,0,2,0,0,0
yoruba_1_02240,"Ondo: Nítorí ikú ọlọ́pàá, àwọn ọ̀dọ́ lé kábíyèsí jáde láàfin l'Ondo",2,1,0,0,0,0
yoruba_1_02241,"Ṣé lóòótọ́ ni ẹkùn gúúsù Nàìjíríà ń san N25,000, tí àríwá ń san N10,000 fún ìwé ìrìnnà?",0,0,1,0,0,0
yoruba_1_02242,"Timothy Adegoke: Woléwolé ní òkú olóògbé ti ń jẹrà, làwọn ṣe sin-ín",0,0,0,0,0,0
yoruba_1_02243,Fulani herdsmen: Ìjọba Naijiria ti kùnà nínú ojúṣe rẹ̀ lóri ètò aàbò- Bode George,0,2,0,0,0,0
yoruba_1_02244,AFCON 2019: Inú mi dùn pé mo jẹ́ ẹni àkọ́kọ́ tó ṣojú Nàíjíríà fún ìgbà 100,0,0,0,0,0,2
yoruba_1_02245,Biodun Okeowo: Kò sí ohun tó jọ eré ìfẹ́ láàrín èmi àti Dino Melaye,0,0,0,0,0,0
yoruba_1_02246,Lekki Toll gate: Àwọn awakọ̀ Lekki sọ èrò wọn nípa ìrìnà ọ̀fẹ́ ní ibodè Lekki,0,0,0,0,0,0
yoruba_1_02247,Pogba: Ikọ̀ Real Madrid ń gbáradì láti kó £70m lé Paul Pogba lórí,0,0,0,0,0,0
yoruba_1_02248,Prematured Menopause: Òògùn lílò àti àwọn nkan mìí tó le mú kí nkan oṣù obìnrin dáwọ́ dúró láìpé ọjọ́,0,0,0,0,0,0
yoruba_1_02249,Adeleke fọ̀rọ̀ ìdágbére ńlá ránṣẹ́ sí Oyetola tó ń kó ẹrù rẹ̀ kúrò nílé ìjọba Osun,0,0,0,0,0,0
yoruba_1_02250,"Ẹ̀nikan fi ọ̀rọ̀ ọkọ bú mi àmọ́, Ọlọ́run ṣe oore tó já ayé láyà – Olorì Ooni Tobiloba",0,0,0,0,0,3
yoruba_1_02251,Jaiye Kuti: Ọ̀pọ̀ ìgbà ni mò n fi ẹ̀rín bo omijé mọ́lẹ̀ láti bo àṣírí ara mi,0,2,0,0,0,0
yoruba_1_02252,Fòpin sí ìjíròrò tí ò ń bá Kwankwaso ṣe – Àwọn alátìlẹyìn Peter Obi kìí nílọ̀,2,0,0,0,0,0
yoruba_1_02253,Àwọn agbébọn tún gbẹ̀mí àlùfáà ìjọ Àgùdà míì ní Edo,0,3,0,0,0,0
yoruba_1_02254,Èèyàn méjì tó ṣẹ̀ṣẹ̀ gba Jesu gún pasítọ̀ ìjọ RCCG pa nínú ṣọ́ọ́ṣì l'Eko,0,2,2,0,0,0
yoruba_1_02255,Ibadan Bullion Van Robbery: Olùbádámọ̀ràn fétò àbò fún gómìnà Oyo ṣí aṣọ lójú àwọn tó ṣe onígbọ̀wọ́ ìdigunjalè ọkọ̀ agbówórìn,0,0,0,0,0,0
yoruba_1_02256,Ugandan soldiers jailed for killing protesters: Ọmọ ogun méjì rí ẹ̀wọ̀n gbére àti ọdún 35 he lẹ́yìn tí wọ́n yìnbọn pa olùfẹ̀hónúhàn mẹ́ta,0,0,0,0,0,0
yoruba_1_02257,"Ayo Ewebiyi Mama Oriki: Ọwọ́ Òbí, Ìjọba àti àwọn Ọba ni ìdágbàsókè Yorùbá wà lásìkò yìí",0,0,0,0,0,0
yoruba_1_02258,"Adeleke, èsì ìbò fihàn pé aráàlú fẹ́ràn rẹ̀, jọ̀ọ́ san oore padà fún wọn - Ooni",0,0,0,0,0,0
yoruba_1_02259,BBC World: Iléeṣẹ́ BBC fi ètò tuntun lọ́lẹ̀ fún àwọn àkàndá,0,0,0,0,0,0
yoruba_1_02260,Nike Davies-Okundaye: Àṣírí tó wà nídìí ìmúra mi,0,0,0,0,0,0
yoruba_1_02261,Òfin tí yóò mú àtúnṣe bá ìlànà ìsìnkú ọba ní ìpínlẹ̀ Ògùn ń bọ̀ lọ́nà,0,0,0,0,0,0
yoruba_1_02262,Tanker Accident: Ọ̀pọ̀ èèyàn tó ń lọ sẹ́nu iṣẹ́ àti okoòwò ló tàn sílẹ̀,0,1,0,0,0,0
yoruba_1_02263,Sheik Ahmad Gumi: Ẹ wo èsì tó fún iléeṣẹ́ ọmọogun Nàìjíríà lórí ẹ̀sùn kòbákùngbé,0,0,0,0,0,0
yoruba_1_02264,"Mr Macaroni: Mo rọ àwọn ọ̀dọ́ láti múra síṣẹ́, kí wọn má sì tẹ́ńbẹ́lú ẹnikẹ́ni",0,0,0,0,0,0
yoruba_1_02265,Notorious Armed Robbers in Nigeria: Lára àwọn ọ̀daràn méje ni Mufu Oloosa Oko àti Godogodo,0,0,0,0,0,0
yoruba_1_02266,Nkechi Blessing: Gbajúgbajà òṣèré ní ó sàn fún òun láì tíì lọ́kọ báyìí ju kí òun lọ́kọ láì láyọ lọ,0,0,0,0,0,0
yoruba_1_02267,Church Reopening in Ogun: Àwọn ọmọlẹ́yìn Kristi dunnú bí sọ́ọ́sì ṣe di ṣíṣí padà,0,0,0,0,0,2
yoruba_1_02268,Wo àwọn àṣà tó gbalẹ̀ kan lọ́dún 2022,0,0,0,0,0,0
yoruba_1_02269,Religion tolerance in Nigeria: Obìnrin Mùsùlùmí ní òun ṣe ilé àlùfà ní ọ̀ṣọ́ kérésì láti polongo ìrẹ́pọ̀,0,0,0,0,0,0
yoruba_1_02270,"Àwọn ọ̀dọ́ Naijiria ṣe bẹbẹ, ọ̀pọ̀ wọn ń tú yahaya jáde forúkọ sílẹ̀ fún káàdì ìdìbò",0,0,0,0,0,0
yoruba_1_02271,Omijé gbojú Anthony Joshua lẹ́yìn tó lulẹ̀ níwájú Oleksandr Usyk lẹ́ẹ̀kejì,0,2,0,0,0,0
yoruba_1_02272,Insecurity in Nigeria: Sheikh Nuru Khalid ní kí Buhari wá nǹkan ṣe sí ìkọlù agbébọn bíbẹ́ẹ̀kọ́...,1,0,0,0,0,0
yoruba_1_02273,"Timothy Adegoke: Àwọn ọ̀dọ́ Eruwa ké sí Buhari, Makinde láti tako kí wọn dabarú ìwádìí ikú olóògbé",0,0,0,0,0,0
yoruba_1_02274,Osun Kidnap rescue: Àwọn ọlọ́pàá dóòlà ẹ̀mí arìnrìnàjò méje tí wọ́n jígbé ní Ibokun,0,0,0,0,0,2
yoruba_1_02275,Covid-19 Wedding: Ọkọ àti Ìyàwó yìí ti dájọ́ sọ́ná ṣáájú Coronavirus,0,0,0,0,0,0
yoruba_1_02276,"Fashola EndSARS Protest: Fashola rí kámẹ́rà he ní ibùdó ìṣẹ̀lẹ̀ Lekki Tollgate, àwọn ọmọ Nàìjíríà bá figbe ta",0,0,0,0,0,0
yoruba_1_02277,Murder In Ibarapa: Aborode tó tún jẹ́ olóṣèlú kàgbákò ikú òjijì lọ́nà oko,0,2,0,0,0,0
yoruba_1_02278,Shina Rambo: Mọ̀ síi nípa ọmọ Sọ́jà adigunjalè tó di òjíṣẹ́ Ọlọ́run lọ́gbà ẹ̀wọn,0,0,2,0,0,0
yoruba_1_02279,Iniobong Umoren story: Ìjọba Akwa Ibom pè fún ìdájọ́ òdodo lórí ìwádìí ikú ọ̀dọ̀bìnrin tó dàwátì tórí ó ń wá iṣẹ́,0,1,0,0,0,0
yoruba_1_02280,À﻿wọn ará Ogbere-Tioya ké gbàjarè síjọba lórí afárá àdúgbò náà tó wó lulẹ̀,0,1,0,0,0,0
yoruba_1_02281,"Kazeem Tiamiyu: Mo fọṣọ, fọ ilẹ̀, ta omi tútù láti fi tọ Kazeem àtàwọn tó kù - Òbí Kazeem",0,2,0,0,0,0
yoruba_1_02282,Ikoyi Collapsed Building: Àwọn ohun pàtàkì nípa Femi Osibona rèé,0,0,0,0,0,0
yoruba_1_02283,Osun state lockdown update: Awọn òṣìṣẹ́ padà sí ẹnu iṣẹ́ ní ìpińlẹ̀ Osun,0,0,0,0,0,0
yoruba_1_02284,"Adájọ́ kú sórí òrùlé Ṣọ́ọ̀ṣì lẹ́yìn tí wọ́n ní ó pa ìyàwó rẹ̀, tún bá òkú rẹ̀ sún lójú àwọn ọmọ wọn",0,2,0,0,0,0
yoruba_1_02285,Buhari: PDP àtàwọn àjọ míì figbe ta lórí èsì ìwádìí Amẹ́ríkà nípa ìjọba Buhari,0,0,0,0,0,0
yoruba_1_02286,Ọlọ́pàá Ọyọ: Ọwọ́ wa ti tẹ Gbọ́láhàn tó pa Tóyìn l'Ákóbọ̀,0,0,0,0,0,1
yoruba_1_02287,"Damilola Olofingboyegun: Gbenga Olofingboyegun kò sí aàbò mọ́, ìrànlọ́wọ́ ni à n fẹ́ lórí ikú Gbenga Olofingboyegun",0,2,0,0,0,0
yoruba_1_02288,Seyi Makinde: Gbígbégilé ojú òpó Twitter yóò ba ọrọ̀ ajé Naijiria jẹ́ ní àgbáyé,0,1,0,0,0,0
yoruba_1_02289,"Kano rape cases: Muhammad, ẹni ọdún mẹjìlélọgbọn jẹwọ bí òun ṣe ń fipábá àwọn obìnrin ogójì lò pọ",0,0,2,0,0,0
yoruba_1_02290,Sanya Adegbaye blind Yoruba teacher: Torí kí ojú mi lè là ni gbogbo owó Kòkó bàbá mi run sí,0,3,0,0,0,0
yoruba_1_02291,"Ìjàmbá ọkọ̀ gba ẹ̀mí èèyàn mẹ́rìnlá, àwọn mẹ́ta fun farapa ní òpópónà Eko sí Ibadan",0,3,0,0,0,0
yoruba_1_02292,Polio: Bàbá kọ abẹ́rẹ́ àjẹsára kí ọmọ rẹ̀ tó ní àìsàn polio!,0,2,0,0,0,0
yoruba_1_02293,"PTECSSAN vs MTN: Ẹgbẹ́ òṣìṣẹ́ ń gbáradì láti gbéná wojú MTN, lórí bó ṣe ń ṣe àwọn òṣiṣẹ́ rẹ̀ ní Naijiria",2,0,0,0,0,0
yoruba_1_02294,"Kò bá à jẹ́ Tinubu tàbí Obi, à ní kí ipò ààrẹ bọ́ sẹ́kún gúúsù ló jà jù - Akeredolu",0,0,0,0,0,0
yoruba_1_02295,N5mílíọ̀nù ni Chidinma wọ́ kúrò ní àsùwọ̀n owó Usifo Ataga lọ́jọ́ tó kú – Óṣojúmikòró,0,1,0,0,0,0
yoruba_1_02296,Àwọn àgbẹ̀ yarí fún ìjọba Ondo lórí bó ṣe ń ta ilẹ̀ oko wọn,2,0,0,0,0,0
yoruba_1_02297,Internet fraud: Ọwọ́ EFCC tẹ afurasú 'Yahoo boy' Olawale àti pásítọ̀ CAC tó lu Hayatou ní jìbìtì N12.7m,0,0,0,0,0,0
yoruba_1_02298,Eniola Badmus: Gbajúgbajà òṣèré tíátà di aṣojú LAWMA ní ìpínlẹ̀ Eko,0,0,0,0,0,0
yoruba_1_02299,Christmas: Ohun márùn ún tó yẹ kóo mọ̀ nípa ìtàn Kérésì,0,0,0,0,0,0
yoruba_1_02300,PDP 2021 Convention: Wo alága àtàwọn ọmọ igbìmọ̀ alákòsóo tuntun fún PDP tó wọlé níbi ìbò abẹ́nú,0,0,0,0,0,0
yoruba_1_02301,6 die at carnival auto crash: Bí èèyàn mẹ́fà ṣe kú lẹ́yìn tí ọkọ̀ yà wọ àárín èrò tó ń ṣe òde kánífà,0,2,0,0,0,0
yoruba_1_02302,"Olugbon of Igbon: ‘Rubber Stamp’ làwọn aṣòfin àpapọ̀, wọn kò ṣojú aráàlú",0,2,0,0,0,0
yoruba_1_02303,Ìjọba Eko tún ti gbẹ́sẹ̀ lé ìgbòkègbodò Okada láwọn ìjọba ìbílẹ̀ míràn,0,0,0,0,0,0
yoruba_1_02304,"Admin staff raped college student: Iléeṣẹ ọlọpàá mú Olawale Jamiu, ti iléèkó College of Health lorí pé o fipá bá akẹkọọ lò pọ",0,0,0,1,0,0
yoruba_1_02305,Fulani Herders invasion: Àwọn Fulani ń bérè fún ọjọ́ márùn ún síi,0,0,0,0,0,0
yoruba_1_02306,Pastor Adeboye ṣáájú ìwọ́de àdúrà lòdí sí ìpànìyàn ní Nàìjíríà,0,0,0,0,0,0
yoruba_1_02307,Seyi Makinde: Ọ̀sẹ̀ àkọ́kọ́ ní December ni màá sìnkú ìyá mí,0,1,0,0,0,0
yoruba_1_02308,South Africa killings: Ìjọba àpapọ̀ ní kò sóun tó jọ ìbúgbàmù àdó olóró níléeṣẹ́ ìjọba South Africa tó wà nílùú Abuja,0,0,0,0,0,0
yoruba_1_02309,"Liverpool vs Chelsea: Ayé àkámarà! Liverpool laná ní Anfield, Chelsea pa òkúta sí gaàrí wọn",0,1,2,0,0,0
yoruba_1_02310,"Attempted Murder: Ọwọ́ sìkún àjọ ọlọ́pàá ba Wòlíì Akute, Pasitọ Ayodele Omope tó yìnbọn lu ẹní tó sá wọ ilé ìjọsìn rẹ̀",0,0,0,0,0,0
yoruba_1_02311,"Ramon Abass Hushpuppi, gbajúmọ̀ oníjìbìtì rí ẹ̀wọn he ní America",0,0,0,0,0,0
yoruba_1_02312,Timothy Adegoke: Rahman Adedoyin ní òun kò jẹ̀bi ikú Adegoke,0,0,0,0,0,0
yoruba_1_02313,Kíni Gómìnà Sanwo-Olu sọ nípa ìṣẹ̀lẹ̀ ìpànìyàn Lekki tó ń mú awuyewuye wà lórí ayélujára?,0,0,0,0,0,0
yoruba_1_02314,Òṣìṣẹ́ ètò ìlèra yóò jẹ́jọ́ lórí ikú Maradona,0,0,0,0,0,0
yoruba_1_02315,Indian girl killed: Bí àwọn ẹbí ọmọdébìnrin yìí ṣe nàá títí tó fi gbé ẹ̀mí mì,0,3,0,0,0,0
yoruba_1_02316,General Overseer arrested for drugs: NDLEA fi àlùfáà ìjọ tó gbé egbògi olóró sí àhámọ́,0,0,0,0,0,0
yoruba_1_02317,Kano Gorilla: Òṣìṣẹ́ 10 wọ gàù lórí ọ̀rọ̀ Ìnàkí tí wọ́n ló gbé owó tí wọn pa lásìkò ìtúnu ààwẹ̀,0,0,0,0,0,0
yoruba_1_02318,"Abba Kyari: Adájọ́ ṣe àfikún sáà tí afurasí yóò ló ní àhámọ́, kó le rọrùn fún NDLEA láti ṣe ìwádìí ẹ̀sùn rẹ̀ lókè òkun",0,0,0,0,0,0
yoruba_1_02319,"Ẹ ṣọ́ra, Monkeypox tún lè dàbí àjàkálẹ̀ ààrùn bíi Coronavirus ní àgbáyé - WHO",0,0,0,0,2,0
yoruba_1_02320,Sunday Igboho: Wo àwọn èròjà àti orúkọ àwọn èèyàn tí DSS kó nílé Sunday Igboho,0,0,0,0,0,0
yoruba_1_02321,Baldness: Àwọn tí irun wọ́n ti gbá rìfáàsì sọ ìrírí wọn àti àǹfàní tí wọ́n ń jẹ,0,0,0,0,0,0
yoruba_1_02322,"Ìbọn bá Olóòtú ìjọba Pakistan tẹ́lẹ̀, Imran Kahn níbi ìfẹ̀hónúhàn",0,1,0,0,0,0
yoruba_1_02323,Fire accident victim: AbdulQudus Bello ṣàlàyé bí òun ṣe dí aláàbọ̀ ara nítorí pọpọ́ọ̀fù àti ìbínú jàǹdùkù àdúgbò,0,2,0,0,0,0
yoruba_1_02324,Okunade Sijuwade: Ìfẹ́ tí Sarun tó súnmọ́ Ooni jù láyé ní sí í ló sọ ọ́ di abọ́bakú- Adeyeye Adesiyan Lowa Adimula,0,0,0,0,0,0
yoruba_1_02325,Sunday Igboho: Ọwọ́ ọlọ́pàá Cotonou tẹ akọ̀royìn tó fi fọ́nran ohùn Sunday Igboho síta,0,0,0,0,0,0
yoruba_1_02326,Depression: Akẹ́kọ̀ọ́ Auchi Poly tó wà ni ND2 pokùnso ní ìpínlẹ̀ Edo,0,2,0,0,0,0
yoruba_1_02327,Alaafin stool: Wo ẹni tó ṣeẹṣe pé kí Aláàfin kàn lẹ́yìn ìpapòdà Oba Lamidi Adeyemi,0,0,0,0,0,0
yoruba_1_02328,Victoria Aguiyi-Ironsi ti fi ayé sílẹ̀,0,1,0,0,0,0
yoruba_1_02329,"Nkechi Blessing: Blessing ní ìkébé òun tóbí ju ohun tí òun lè dọwọ́ bò lọ, gbogbo èèyàn ló mọ̀",0,0,0,0,0,0
yoruba_1_02330,"Ọ﻿lọ́pàá ìpínlẹ̀ nìkan ló le tan ìṣòro ààbò, àwọn gómìnà 19 bọ́hùn",0,0,0,0,0,0
yoruba_1_02331,Yoruba traditon: Ohun tí Yorùbá ń pè ní Èṣù yàtọ̀ sí Sàtánì nítorí Èṣù ní iṣẹ́ rere lọ́wọ́ -Ejùgbọ̀nà ìlú Rẹ́mọ,0,0,0,0,0,0
yoruba_1_02332,Pásítọ̀ àti èkejì rẹ̀ tó bẹ́ orí ọmọdé ṣètùtù sí ṣọ́ọ́ṣì gba ìdájọ́ ikú,0,0,0,0,0,0
yoruba_1_02333,Ariwo Yoruba Nation yóò lólẹ́ tí Tinubu bá di Ààrẹ - Folarin,0,0,0,0,0,0
yoruba_1_02334,Afghanistan Women vs Taliban: Ìdí rèé tí Taliban fí gbé òfin kalẹ èyí tó de kí obìnrin dá rírìn àjò tó kọjá 45 miles,0,0,0,0,0,0
yoruba_1_02335,R﻿ishi Sunak di olóòtú ìjọba UK tuntun,0,0,0,0,0,1
yoruba_1_02336,"Akinyele Ibadan land crisis: Àwọn olùgbé Akinyele fí ẹ̀sùn ilẹ̀ gbígbà kan ìjọba ìpínlẹ̀ Oyo, ìjọba Makinde ti fèsì padà",0,0,0,0,0,0
yoruba_1_02337,AFCON 2019: Wo àwọn ẹranko tí wọ́n máa figagbaga ni Egypt,0,0,0,0,0,0
yoruba_1_02338,"""""""Ẹ̀fọn àbaàdì tó ń fa ibà ní Asia ti ń yawọ ilẹ̀ Adúláwọ̀""""""",0,0,0,0,1,0
yoruba_1_02339,Majek Fashek: Mọlẹbí nìkan ló péjú síbi ìsìnkú gbajúgbajà olórin reggae náà ní Amẹ́ríkà,0,1,0,0,0,0
yoruba_1_02340,EndSARS: Ìdí tí MC Oluomo fi ní kí ẹ kó òkú èèyàn yín jáde tó bá dáa yín lójú pé sọ́jà pa wọ́n ní Lekki Tollgate rèé,0,0,0,0,0,0
yoruba_1_02341,A ti parí ìgbésẹ̀ láti gbé gbogbo àwọn ọlọ́pàá àgọ́  Ajah- Iléeṣẹ́ ọlọ́pàá Eko,0,0,0,0,0,0
yoruba_1_02342,2023 Presidency: Iṣẹ́ Ọlọ́run tí mo gbé dáni kọjá ipò Ààrẹ Nàìjíríà – Bíṣọ̀ọ̀bù David Oyedepo,0,0,0,0,0,0
yoruba_1_02343,Elegushi Romance Fraud: Ọwọ́ tẹ abánikunlé tó fi orúkọ Ọba Elegushi lu obìnrin kan ní jìbìtì ₦51m,0,0,0,0,0,0
yoruba_1_02344,Ọmọ Nàíjíríà yarí torí Joshua Dariye tó fẹ́ dupò lẹ́yìn tó tẹ̀wọ̀n dé,2,0,0,0,0,0
yoruba_1_02345,Sunday Igboho: DSS kò jẹ́ ki mọ̀lẹ́bí tàbí agbẹjọ́rò rí àwọn èèyàn tí wọn ko nílé mi,0,1,0,0,0,0
yoruba_1_02346,Resident doctors strike in Nigeria: Ẹgbẹ́ àwọn dókítà àti ìjọba tako ara wọn l'Oyo lórí ìyanṣẹ́lódì,0,0,0,0,0,0
yoruba_1_02347,"Blind Couples: Pẹ̀lú ìpèníjà ojú, tọkọtaya bímọ mẹ́ta, tí wọn sì tún ń ṣiṣẹ́ olùkọ́",0,0,2,0,0,0
yoruba_1_02348,Insecurity In Nigeria: Ẹ yàgò fún ádùrá ṣiṣe nínú igbó kí ẹ má kò sí ọwọ àwọn ajínigbe-Iléeṣẹ́ ọlọ́pàá,0,0,0,0,0,0
yoruba_1_02349,"Risikat Azeez: Aya gómìnà tún fẹ́ gba sọ́ọ́bù, ra ọjà fún obìnrin olójú búlúù",0,0,1,0,0,0
yoruba_1_02350,Adedoyin ló ní kí ń sọ fún ọlọ́pàá pé Timothy Adegoke kò sun sílé ìtura Hilton - Ẹlẹ́rìí,0,0,0,0,0,0
yoruba_1_02351,"""Marathon Sex Poly Student: Irọ́ ni ìròyìn pé ìbálòpọ̀ """"11 rounds"""" ni Oromidayo David àti olólùfẹ́ rẹ̀ ní tó pa wọ́n""",0,0,0,0,0,0
yoruba_1_02352,"Mercy Aigbe and Adekaz: Ṣé lóòtọ́ ni Mercy Aigbe ti sẹ ìgbéyàwó pẹ̀lú Adekaz, àbọ̀ ìwádìí wa rèé",0,0,1,0,0,0
yoruba_1_02353,"Lagos COVID-19: Ará òkè òkun tó ń wọlé sí Nàíjíríà, Ẹ ṣọ́ra fún gbígba ayédèrú ìwé ẹ̀rí àyẹ̀wò COVID-19",0,0,0,0,1,0
yoruba_1_02354,"'Ọdún tó kọ́já ni mo bẹ̀rẹ̀ iṣẹ́ Akéwì, bí mo ṣe wá ṣe kòńgẹ́ ire tí mo ń lọ Cotonou, Eko àti gbogbo ìlu ...'",0,0,0,0,0,2
yoruba_1_02355,A ó gbé àjọ DSS lọ ilé ẹjọ́ tí wọ́n bá kọ̀ láti tú Sowore sílẹ̀ - Falana,2,0,0,0,0,0
yoruba_1_02356,Ọwó ọlọpàá tẹ adigunjalè márun un àti babaláwo tó ń ṣògùn fún wọn ni Imo,0,0,0,0,0,1
yoruba_1_02357,Radio Nigeria attack: Àwọn jàndùkú ba ọ̀kẹ́ àìmoye dúkìá jẹ́ lásìkò ìkọlù sí Amuludun FM n'Ibadan,0,2,0,0,0,0
yoruba_1_02358,Seyi Makinde: Àwọn jàǹdùkú Mali ń gba Saki wọlé àmọ́ Amotekun kápá wọn,0,0,0,0,0,1
yoruba_1_02359,Àwọn obìnrin orílẹ̀èdè Iran tó nílò ìwé ẹ̀rí àyẹ̀wò ìbálé láti wẹ ara wọn mọ́ nílé ọkọ,0,0,0,0,0,0
yoruba_1_02360,Díẹ̀ lára ìgbà tí Amotekun ti mú àwọn afurasí ọ̀dàrán ní Ondo,0,0,0,0,0,0
yoruba_1_02361,Ibadan Gas tanker accident: Báyìí ni ọkọ tó kó afẹ́fẹ́ gáàsì ṣe ṣìnà lọ kọlu àwọn èèyàn n'Ibadan,0,1,0,0,0,0
yoruba_1_02362,Nigeria Police Force: Buhari buwọ́lu ẹkùn iléeṣẹ́ ọlọ́pàá márùn ún tuntun káàkiri Nàìjíríà,0,0,0,0,0,0
yoruba_1_02363,"Domestic Violence: Ẹ dákun, ẹ má jẹ́ kí ọkọ mi fi lílù pamí - Ìyàwó kan rawọ́ ẹ̀bẹ̀ sí ilé ẹjọ́",0,2,0,0,2,0
yoruba_1_02364,Ìtàn Mánigbàgbé: Òwe ‘aṣọ kò bá Ọ́mọ́yẹ mọ́... kọ́ wa láti máa ní ṣùúrù,0,0,0,0,0,0
yoruba_1_02365,"Igangan attacks: Gani Adams ní ó tó ọjọ́ mẹ́ta tí OPC ti ń pariwo pé àwọn agbébọn kan ńgbèrò àti kọlu Ibarapa, àwọn agbófinro kò dáhùn ni",0,2,0,0,0,0
yoruba_1_02366,Adebayo Adelabu: Mo ti ṣetán láti gba ìjọba lọ́wọ́ Makinde lọ́dún 2023,0,0,0,0,0,0
yoruba_1_02367,Timothy Adegoke's court case: Kí ló dé tí agbẹjọ́rò mọ́lẹ́bí Timothy Adegoke kò ṣe farahàn nílé ẹjọ́ ní Abuja?,0,0,1,0,0,0
yoruba_1_02368,DR Congo: Ọ̀pọ̀ ẹmí lo ti sọ́nù ninú ìjàmbá ọkọ̀ òfurufú tó wáyé lóòní,0,3,0,0,0,0
yoruba_1_02369,Maiduguri IDP camp Atrocities: Ọmọ ọdún 14 gún ara rẹ̀ pa lẹ́yìn tí okùnrin ẹni ọdún 35 fi ipá balòpọ̀,0,3,0,0,0,0
yoruba_1_02370,Ogun Ritual Killing: Ọ̀kan lára àwọn afurasí mẹ́rin tó gé Sofiat Okeowo lọ́nà àti fi ṣẹ́ṣó gba ìtúsílẹ̀,0,0,2,0,0,0
yoruba_1_02371,Ọ﻿kùnrin tó pa ìyá rẹ̀ jẹ́wọ́ fún mọ̀lẹ́bí lẹ́yìn ọ̀sẹ̀ méjì,0,2,0,0,0,0
yoruba_1_02372,Ọlọ́run ti fi hàn mí pé máa padà sípò gómìnà Osun - Oyetola,0,0,0,0,0,0
yoruba_1_02373,Alaafin Adeyemi: Lára àwọn òrékelẹ́wà ayaba náà ló dẹnu ìfẹ́ kọ Ọba Adeyemi fúnra wọn kí Kabiesi tó wàjà,0,0,0,0,0,0
yoruba_1_02374,"Ojodu accident: Ìjọba ti iléẹ̀kọ́ Ojodu pa, Ó ní àlàyé ohun tó ṣókùnkùn nípa ìjàmbà tírélà tó pa akẹ̀kọ̀ọ́ níbẹ̀ ńbọ̀ láipẹ̀",0,0,0,0,0,0
yoruba_1_02375,Insecurity in Yorubaland: Olugbon ní àwọn ọba ṣetán láti ti olóòtọ́ọ́ oníṣẹ̀ṣé lẹ́yìn lórí ìpèsè àbò,0,0,0,0,0,0
yoruba_1_02376,Yollywood artists: Mide Martins ní Kìí ṣe gbogbo ìgbéyàwó ló ń túká nítorí àgbèrè,0,0,0,0,0,0
yoruba_1_02377,Expired goods in Nigeria: Jíjẹ tàbí lílo nkan tí ọjọ́ ti lọ lórí rẹ̀ le fa àìsàn tàbí ikú,0,0,0,0,1,0
yoruba_1_02378,Tinubu kò bẹ̀rù àti forígbárí pẹ̀lú ẹnikẹ́ni – Femi Fani-Kayode,0,0,0,0,0,0
yoruba_1_02379,Sunday Igboho: Àwọn ọlọ́paàá dí agbègbè iléeṣẹ́ ìjọ́ba Benin Republic táwọn 'Yoruba nation' fẹ́ lọ ṣe iwọ́de fún ìtúsílẹ̀ Sunday Igboho,0,0,0,0,0,0
yoruba_1_02380,Olutayo Amokade: 'Ẹ má boore Ọlọ́run mọ́ra; Ti mo bá ra ilé lọ́la màá gbé sórí ayélujára',0,0,0,0,0,0
yoruba_1_02381,"Ikọ̀ ọ̀tẹlẹ̀múyẹ́ Amẹrika, FBI, ló gbé òkú àbúrò mi lọ sin lọ́dọ̀ wọn - Ayorinde Owolabi",0,2,0,0,0,0
yoruba_1_02382,"Ilegal Road Blocks in Nigeria: Gbogbo ọlọ́pàá tó ń gbégidínà lọ́nà àìtọ́, ẹ yọ wọ́n kúrò",2,0,0,0,0,0
yoruba_1_02383,"#PantamiMustResign, Isa Pantami: Àwọn ọmọ Naijiria ń fẹ́ ìyọnípò mínístà fún ọ̀nà ìbáraẹnisọ̀rọ̀ nítorí ọ̀rọ̀ tó sọ nípa àwọn agbésùnmọ̀mí",2,0,0,0,0,0
yoruba_1_02384,Ibadan new born kidnap: Monsurat Lateef ṣàlàyé fún BBC bí obinrin kan ṣe jí ọmọ rẹ̀ gbé àti ibi tí ọ̀rọ̀ dé dúró,0,0,0,0,0,0
yoruba_1_02385,Super Eagles kò rántí kó ohun eèlò ìgbábọọlu wọn dání,0,0,0,0,0,0
yoruba_1_02386,"Maina N2bn Fraud: Agbẹjọ́rò Maina yọ ọwọ́ nínú ìgbẹ́jọ́, Ó lóun kò ṣé mọ̀",0,0,0,0,0,0
yoruba_1_02387,Bàbá onílé tó fi ipá bá ọmọ ọdún mẹ́sàn-àn lòpọ̀ gba ẹ̀wọ̀n gbére,0,2,0,2,0,0
yoruba_1_02388,"Yoruba Nation Agitation: Ọ̀pọ̀ ẹgbẹ́ ajìjàgbara kóra sábẹ́ àbùradà kan, Ilana Omo Oodua takété",0,0,0,0,0,0
yoruba_1_02389,"Olatunji James alákàrà Ó ta lẹ́nu: Ìwọ tó o bá ń tijú, o ò le dé 'bi gíga",0,0,0,0,0,0
yoruba_1_02390,Akinyele murder: Àwọn aṣekúpani tún ti pa ọmọ ọdún 16 ní Akinyele nípìnlẹ̀ Oyo,0,3,0,0,0,0
yoruba_1_02391,Zamfara Bandits Attacks: Agbébọn pa ogún èèyàn torí wọn kò rí N40m ìsákọ́lẹ̀ abúlé wọn san,0,3,0,0,0,0
yoruba_1_02392,Òwe: Kí ni ìtumọ̀ òwe ikú tó ń pa ojúgbà ẹni?,0,0,0,0,0,0
yoruba_1_02393,"Bayelsa: Douye Diri di gómìnà Bayelsa lẹ́yìn ìbúrawọlé, iléeṣẹ́ ọlọ́pàá kéde kóńlé ó gbélé",0,0,0,0,0,0
yoruba_1_02394,Oúnjẹ alẹ́ lẹ́yìn aago mẹ́sàn án leè fa àrùn jẹjẹrẹ,0,0,0,0,0,0
yoruba_1_02395,"Ojodu trailer accident: Àwọn akẹ́kọ̀ọ́ da ìgboro rú l'Eko nítorí ikú àwọn tí tírélà pa ní Ojodu- Berger, àwọn kan ń nàka sáwọn òṣìṣẹ́ ojú pópó",2,2,0,0,0,0
yoruba_1_02396,Brazil police brutality: Awuyewuye ti n wáyé lórí bí ọlọ́pàá ṣe fún obìnrin kan ní ọrùn pa,0,2,0,2,0,0
yoruba_1_02397,"Christian Eriksen: Agbábọ́ọ̀lù Denmark, Christian Eriksen, tó dákú lórí pápá ti jí padà níléèwòsàn",0,0,0,0,0,2
yoruba_1_02398,T.B Joshua: Ọjọ́ ìbí ayọ̀ fún mi àmọ́ ń kò ní lè ṣe ayẹyẹ ọjọ́ ìbí náà,0,0,0,0,0,0
yoruba_1_02399,BBC Komla Dumor Award 2022: Iléeṣẹ́ ìròyìn BBC ṣe ìfilọ́lẹ̀ àmì ẹ̀yẹ Komla Dumor,0,0,0,0,0,0
yoruba_1_02400,"Youths attack police station in ondo: Ọlọ́pàá kọ́ ló pa baálẹ̀ àtàwọn méjì tó kú ní Kajola, wọ́n ṣoríkunkun sí òfin ìrìnna ni - Ọlọ́pàá Ondo",0,0,0,0,0,0
yoruba_1_02401,Michigan school shooting: Ọlọ́pàá fi ṣìkún òfin mú àwọn òbí ọmọ tó yìnbọn pa èèyàn mẹ́rin nílé ẹ̀kọ́,0,0,0,0,0,0
yoruba_1_02402,Ilé  ẹjọ́ ti gbà pé arákùnrin tí aṣòfin àgbà Nàìjíríà kan gbé lọ  UK láti lo ẹ̀yà ara rẹ̀ kìí ṣe ọmọdé,0,0,0,0,0,0
yoruba_1_02403,EndSARS Protest Update: Aisha Yesufu ní Buhari jẹ́wọ́ pé òun kò láànú aráàlú nínú ọ̀rọ̀ rẹ̀,0,1,0,0,0,0
yoruba_1_02404,‘Àjẹkún ìyà yóò jẹ ẹ̀yin aráàlú báa bá ń fi àwọn aláílóye òṣèlú silẹ̀ kí wọ́n máà ṣeé ní Oyo’,0,0,0,0,1,0
yoruba_1_02405,Election Tribunal: Atiku kùnà! Buhari ló borí ní ìgbẹ́jọ́ ìdìbò 2019,0,0,0,0,0,0
yoruba_1_02406,"Isabel dos Santos: Obìnrin tó lówó jùlọ ní Africa 'ja orílẹ̀-èdè rẹ̀, Angola lólè' fi kó ọ̀rọ̀ jọ",0,0,2,0,0,0
yoruba_1_02407,"Seyi Makinde: Ọmọ ẹgbẹ́ PDP Oyo tó bá ń bínú, ẹ kó mo kó mo rò yín wá ká yanjú ẹ̀",0,0,0,0,0,0
yoruba_1_02408,"Kókó ìròyìn t'òní: Awuyewuye Dino Melaye, iléeṣẹ́ ológun lórí ìkọlù Màìdúgùri",0,0,0,0,0,0
yoruba_1_02409,"Nyesom Wike: Gómìnà Wike dá rúgúdù sílẹ̀ láàárín ọlọ́pàá, Sífú dìfẹǹsì lórí ẹsùn fàyàwọ́ epo rọ̀bì",0,0,0,0,0,0
yoruba_1_02410,Akomolede ati asa Yoruba: Ẹ wá kọ́ nípa àpòtí ìṣura èdè wa lórí BBC Yorùbá,0,0,0,0,0,0
yoruba_1_02411,Bobrisky ní òun gba Ọlọrun gbọ́ ju bí àwọn èèyan ṣe lérò lọ,0,0,0,0,0,0
yoruba_1_02412,"Sunday Igboho in Benin republic: Ẹ máṣe dágunlá, nǹkan àmúṣagbára ìṣẹ̀mbáyé ilẹ̀ Yorùbá ṣì wà bíi ti àtijọ́ -Ààrẹ ọ̀nà kakanfò Gani Adams",0,0,0,0,0,0
yoruba_1_02413,Marijuana Use: Àwọn onímọ̀ ìjìnlẹ̀ ṣàlàyé ewu àti ànfàní tó wà nínúi igbó mímu,0,0,0,0,0,0
yoruba_1_02414,"Kanu kọ̀ láti farahàn ní ilé ẹjọ́, Adájọ́ sún ìgbẹ́jọ́ sí ọjọ́ míràn ọjọ́ ire",0,0,0,0,0,0
yoruba_1_02415,"Igbẹ́jọ́ lórí ikú Timothy Adegoke kọ̀ láti wáyé lónì, ohun tí wọ́n sọ fáwọn Akọ̀ròyìn rèé",0,0,0,0,0,0
yoruba_1_02416,Akomolede ati Aṣa lori BBC Yoruba: Wo díẹ̀ nípa àbùdá Olodumare- Iyabo Ayinde,0,0,0,0,0,0
yoruba_1_02417,"Abisayo Fakiyesi breast cancer survivor: 'Gbogbo irun orí, ti abẹ́, abíyá pátá ló fá lọ, ahọ́n àti èékáná mi dúdú!",0,0,0,0,0,0
yoruba_1_02418,"2020 in Retrospect: Ajibade Babalade, Michael Ojo, Razak Oyadeyi wà lára àwọn tó kú lọdún yìí",0,2,0,0,0,0
yoruba_1_02419,"Adewole Adebayo, Olùdíje sípò Aàrẹ lẹ́gbẹ́ SDP: Mo faramọ́ ọlọ́pàá ìpínlẹ̀ láti mójútó aàbò Nàìjíríà lásìkò yìí",0,0,0,0,0,0
yoruba_1_02420,"PDP crisis: Yánpọnyánrin PDP ń fẹjú síi, Uche Secondus ní òun kò bẹ̀rù àṣẹ ilé ẹjọ́, kí ẹgbẹ́ má bàjẹ́ ni tòun",0,0,0,0,0,0
yoruba_1_02421,"Police shot OPC member in Ibadan: Níbo ni Obasanjo Atoyebi, afurasí ọlọ́pàá tó pa OPC ní Ibadan wà?",0,0,0,0,0,0
yoruba_1_02422,"Fuel Scarity in Nigeria: NNPC kó èpo tuntun wọ Nàìjíríà, o kéde bí epo àdàlù bẹntiró ṣe wọ Nàìjíríà",0,0,0,0,0,0
yoruba_1_02423,Ondo election: Rotimi Akeredolu ti yan Lucky Orimisan Aiyedetiwa gẹ́gẹ́ bíi igbákejì tí wọ́n yóò jọ díje ní Ondo,0,0,0,0,0,0
yoruba_1_02424,"Ikoyi collapsed building: Ta ló ń so Igbákejì ààrẹ, Yemi Osinbajo pọ̀ mọ́ ìṣẹ̀lẹ̀ ilé alájà púpọ̀ tó dà wó ní Eko?",0,0,0,0,0,0
yoruba_1_02425,Lazarus Chakwera: Ààrẹ orílẹ̀-èdè Malawi 'tó bá Ọlọ́run jiyàn',0,0,0,0,0,0
yoruba_1_02426,Lekki Tollgate shooting: Fídíò táa ní lọ́wọ́ kò ṣàfihàn gbogbo ohun tó ṣẹlẹ̀ nírọ̀lẹ́ ọjọ́ náà - LCC,0,0,0,0,0,0
yoruba_1_02427,Ho-Fiave murder: Ọlọ́pàá Ghana ti ń wá okùnrin tó gbé òkú ọ̀rẹ́bìnrin rẹ̀ sínú fííjì lẹ́yìn tó gbẹ̀mí rẹ̀ tán,0,2,0,0,0,0
yoruba_1_02428,"Man allegedly rapes girl: Ọlọ́pàà fi ṣìkùn òfin mú okùnrin tó bá ọmọ ọdún 17 lòpọ́, tí ọmọ náà sì padà kú",0,3,0,0,0,0
yoruba_1_02429,"Ogun kidnap: Ajínigbé ń bèèrè owó ìtúsílẹ̀ N10m, Codiene, igbó àtí oúnjẹ fún ìtúsílẹ̀ èèyàn mẹ́ta tí wọ́n gbé",0,1,0,0,0,0
yoruba_1_02430,"EndSARS report: Buhari ti sọ̀rọ̀ sókè lórí àbájáde ìwádìí EndSARS, Ó ní ohun táwọn ìpínlẹ̀ bá mú bọ̀ lòun ń retí",0,0,0,0,0,0
yoruba_1_02431,Open Grazing Ban: Gómìnà Akeredolu ní darandaran tó bá da ẹran nígboro yóò fojú winá òfin,2,0,0,0,0,0
yoruba_1_02432,Baba Ijesha: Ebun Oloyede ní àwọn ọmọ ẹgbẹ TAMPAN ní ẹgbẹ́ fòfin dè láti máṣe bá Iyabo Ojo àti Nkechi Blessing ṣiṣẹ́ papọ̀,0,0,0,0,0,0
yoruba_1_02433,A kò ní fààyè gba ọtí títà àti rírà lásìkò ìdíje ife ẹ̀yẹ àgbáyé – Ijọba Qatar,0,0,0,0,0,0
yoruba_1_02434,"Sunday Igboho: Agbẹjọ́rò kéde ọjọ́ tó ṣeéṣe káwọn afurasí tí DSS kó, kúrò lọ́gbà ẹ̀wọ̀n",0,0,0,0,0,0
yoruba_1_02435,Kagara school kidnap: Onímọ̀ tako Fayemi tó ní àfi kí ìjọba má báwọn jàndùkù ajínigbé sọ̀rọ̀,1,0,0,0,0,0
yoruba_1_02436,PDP: Ọjọ́rú la máa mọ̀ bóyá Jonathan ṣelòdì sí PDP ní ìdìbò Bayelsa,0,0,0,0,0,0
yoruba_1_02437,"Mike Ifabunmi, àwọn òṣèré Yorùbá kí BBC Yorùbá kú ayẹyẹ",0,0,0,0,0,0
yoruba_1_02438,Dead woman bangs on coffin: Bí wọ́n ṣe gbọ́ pé òkú Rosa Isabel ń pariwo látinú pósí ara rẹ̀ rèé,0,0,2,0,0,0
yoruba_1_02439,"Yoruba Nation: Gómìnà Akeredolu ní àná Ìgbò ní òun, òun sì tako ìyapa Nàíjíríà",0,0,0,0,0,0
yoruba_1_02440,Children's Day 2021: Wo àwọn ọmọdé tó gbọ́ èdè abínibí rẹ jù ẹ lọ,0,0,1,0,0,0
yoruba_1_02441,Bola Tinubu: Mo dúpẹ́ pé mo padà délé láyọ̀,0,0,0,0,0,2
yoruba_1_02442,"Bàbá ìyàwó ní ìfẹ́ wà láàrin ọmọ́ òun àti ọkọ rẹ̀, inú àwọn sì dùn sí ìgbeyàwó náà",0,0,0,0,0,2
yoruba_1_02443,"Nigeria at 61: Ikọ̀ Boko Haram, ìbò June 12, ìwọ́de EndSARS wà lára ìṣẹ̀lẹ̀ tí kò bá sọ Nàíjíríà sójú ogun",0,0,0,0,0,0
yoruba_1_02444,APC Aspirants Screening: Wo ọjọ́ tí ìgbìmọ̀ àyẹwò yóò bẹ̀rẹ̀ iṣẹ lórí àwọn olùdíje tí wọn fí fọ́ọ̀mù ṣọ̀wọ̀ fun ipò labẹ àsìá APC,0,0,0,0,0,0
yoruba_1_02445,Russia Boxer: Abẹ̀ṣẹ́kùbíòjò dágbére fáyé lásìkó ìjà rẹ,0,2,0,0,0,0
yoruba_1_02446,Ọmọ Naijiria 350 ló dèrò ọ̀run nínú ìjàmbá ọkọ̀ ojú omi lọ́dún 2020,0,3,0,0,0,0
yoruba_1_02447,Nigerian Spider Man Jonathan Olakunle: Naijiria nílò ènìyàn tó fẹ́ràn ìmọ́tótó bii tèmi,0,0,0,0,0,0
yoruba_1_02448,"Kidnapping in Nigeria: Ara sọ́ọ́bù oníṣòwò ni wọn ti rí nọ́ńbà ìpè rẹ̀, tí wọn sì tàn-án jáde lásìkò ìsìn",0,1,0,0,0,0
yoruba_1_02449,Adesina Ogunlana: Ìjọba kò mọ̀ pé ikọ̀ olùwádìí EndSARS yóò sọ òtítọ̀ ló fi gbe kalẹ̀,0,0,0,0,0,0
yoruba_1_02450,"Murphy Afolabi: Kò dùn mí tí wọn bá ṣe yẹ̀yẹ́ mi torí mò ǹ fi sí pe ṣí, èdè Osogbo ìlú mi ni",0,0,0,0,0,0
yoruba_1_02451,"Òṣèré tíátà, ẹ má jẹ́ kí àbùkù wọ ìlàkàkà yín láti kó ọrọ̀ jọ - Ajirebi",0,0,0,0,0,0
yoruba_1_02452,Lagos lockdown update: Ayodeji Tinubu ní àìsí àǹfàní ẹ̀kọ́ ayélujára t'íjọba ń pariwo fáwọn ọmọdé agbègbè òun lòun fi di olùkọ́ fún wọn,0,0,0,0,0,0
yoruba_1_02453,Impeached Kenya Governor: Sonko Mbuvi ní àwọn alájẹbánu tóun dí lọ́wọ́ ló yọ òun nípò,0,0,0,0,0,0
yoruba_1_02454,Ibadan NTA Tanker explosion: Ọkọ̀ méjì jóná ráùráú níbi tí ọkọ̀ tó gbé bẹntiróò ti gbiná ní Ibadan,0,2,0,0,0,0
yoruba_1_02455,Sylvester Oromoni: Mọ̀lẹ́bí Buruji Kashamu sọ̀rs sókè lórí ẹ̀sùn pé ọmọ rẹ̀ wà lára àwọn tó fìyà jẹ olóògbé,1,0,0,0,0,0
yoruba_1_02456,"Child abuse: Bàbá ẹni ọdún 60 bá ọmọ ọdún méjìlá tó jẹ́ adití àti odi lòpọ̀, ó dèrò àtìmọ́lé",0,3,0,2,0,0
yoruba_1_02457,Nigeria's debt: Ìjọba Buhari fi N2.02tn san èlé orí gbèsè láàrin oṣù mẹ́fà,0,0,2,0,0,0
yoruba_1_02458,Polio eradication in nigeria: Orísúnmibáre ni àìsàn 'Polio' tó kọlù mí ní kékeré - Fola,0,0,0,0,0,0
yoruba_1_02459,Naijiria ló gba ipò kẹwàá nínú orilẹ-ede tó ni ẹ̀gbin ju- Ìwádìí,0,0,0,0,0,0
yoruba_1_02460,Timothy Adegoke death case: Àwọn ẹbí Rahmon Adedoyin àti Timothy Adegoke ju òkò ọ̀rọ̀ lu ara wọn nílé ẹjọ́,1,0,0,0,0,0
yoruba_1_02461,Ondo government bans tippers and Quarry associations: Oní Típà tó bá ta yanrìn ní owó gọbọi yóò fojú winá òfin - Ijọba ìpínlẹ̀ Ondo,2,0,0,0,0,0
yoruba_1_02462,Oyo PDP Crisis: Abass Oloko ní igun tó ń fapá jánú kò le dá borí ìbò tẹ́lẹ̀ kí Seyi Makinde tó dé,0,0,0,0,0,0
yoruba_1_02463,Emere celebration: Wo ohun tó ṣẹlẹ̀ níbi àjọ̀dún ẹgbẹ́ Emèrè Onítẹ̀síwájú l'Osogbo,0,0,0,0,0,0
yoruba_1_02464,2023 Presidential Election: CAN bẹ olóṣèlú láti máṣe káyà aráàlú sókè lásìkò ìpolongo ìbò,0,0,0,0,0,0
yoruba_1_02465,Ìjàmbá oͅkòͅ wáyé sí oͅkòͅ abeͅnugan ilé ìgbìmòͅ asͅòfin Oyo,0,1,0,0,0,0
yoruba_1_02466,Sylvester Oromoni: Iléeṣẹ́ ọlọ́pàá Eko ti kó àwọn ọlọ́pàá kògbéregbè lọ síléẹ̀kọ́ Dowen College tí Sylvester Oromoni tó kú lọ,0,0,0,0,0,0
yoruba_1_02467,Yahoo boys in America: Ọmọ Naijiria tó ń ṣe Yahoo l'Amẹrika rí ẹ̀wọ̀n ọdún mẹ̀rin he,0,0,0,0,0,0
yoruba_1_02468,Ìgbìmọ̀ tó gbọ́ awuyewuye ìbò ààrẹ ní Kenya bẹ̀rẹ̀ ìjọ́kòó,0,0,0,0,0,0
yoruba_1_02469,Darfur Sudan killings: Ó lé ní ọgọ́rin èèyàn tó kú nínú ìjà ẹlẹ́yàmẹ́yà tó wáyé ní Dafur- Aláṣẹ Sudan,0,2,0,0,0,0
yoruba_1_02470,Lesbianism: Àwọn ará South-Africa yarí 'torí gbọ̀ngàn kọ̀ ìgbéyàwó abo-sábo,1,0,0,0,0,0
yoruba_1_02471,"Ẹ tí sọ̀rọ̀, mo sí tí gbọ́ ọ̀rọ̀ tí PDP, Fayose sọ!  – Atiku Fesi",0,0,0,0,0,0
yoruba_1_02472,Zlatan sọ ìtumọ̀ òrin rẹ̀ tó gbòde kan,0,0,0,0,0,0
yoruba_1_02473,"Surprised Birthday: Iléẹjọ́ pàṣẹ kí iléeṣẹ́ san $450, 000 owó ìtanràn fún òṣìṣẹ́ tí wọ́n fi tipátipá se ọjọ́ ìbí fún",0,0,0,0,0,0
yoruba_1_02474,Ibarapa Fulani herdsmen attack: Ìdí gaan tí àwọn ìlú Ibarapa ṣe yarí pé àwọn ò fẹ́ Fulani nílùú mọ́ rèé,0,0,0,0,0,0
yoruba_1_02475,Oluwo of Iwo land God Festival: Jumoke Odetola bá Oluwo pé Ọba Yorùbá kìí ṣe aláṣẹ ìkejì Orìṣà mọ́ látòní lọ,0,0,0,0,0,0
yoruba_1_02476,"Ẹ̀rí ọkàn ń yọ mí lẹ́nu ni mo ṣe fa ara mi fún ọlọ́pàá lẹ́yìn tí mo jí ₦600,135 ní ṣọ́ọ̀ṣì - Afurasí",0,0,0,0,1,0
yoruba_1_02477,Cure for coronavirus: Ìjọba ti sún wa kan ògiri ló jẹ́ kí a daṣẹ́ sílẹ̀ - ẹgbẹ́ àwọn dókítà,0,0,0,0,0,0
yoruba_1_02478,Yoruba Nation rally agitators: Wọn ti gba oníduró àwọn ènìyàn mọkàndínláàdọta tí wọn kópa nínú ìwọde Yoruba Nation ní Ojota,0,0,0,0,0,0
yoruba_1_02479,"Sunday Igboho sọ̀rọ̀ nílú Ibadan, Ó ní k'ọ́mọ Yorùbá lọ fọkàn balẹ̀, òun ń bọ̀ nílé láìpẹ́",0,0,0,0,0,0
yoruba_1_02480,Ìjọba Eko pàṣẹ kí ọlọ́pàá mú agbaṣẹ́ṣe tó ń kọ́ ilé alájà méje tó dàwó,0,0,0,0,0,0
yoruba_1_02481,EndSars Protest: Ǹkan mẹ́ta ti Gómìnà Babajide Sanwo-Olu pinu fún àwọn ọlọ́pàá ìpińlẹ̀ Eko,0,0,0,0,0,0
yoruba_1_02482,Ogójì ọdún sẹyìn ní ọmọ wá kú ṣùgbọ́n arákùnrin yí gbè awọ àti orúkọ rẹ̀ wọ tó sì gbé ilẹ bàbá wà tà,0,3,0,0,0,0
yoruba_1_02483,Ẹ ṣọ́ra ṣe lórí èròngbà yín láti yọ Buhari nípò - Kwankwaso,0,0,0,0,0,0
yoruba_1_02484,"ASP Olufemi Ajisafe: Ọlọ́pàá tó ti fẹ̀yìn tì ní ọlọ́pàá ẹgbẹ́ mi jú òun sẹ́wọ̀n torí òun kọ̀ láti fún un ní N100,000 owó rìbá",0,2,0,0,0,0
yoruba_1_02485,EndSARS report: Àwọn ọmọ ẹgbẹ́ òṣèlú tó kéré jù lọ nílé asòfin sọ pé ìjọba àpapọ̀ ní ẹjọ́ láti jẹ lórí ìpànìyàn Lekki Tollgate,0,0,0,0,0,0
yoruba_1_02486,Yoruba Nation: Ọ̀pọ̀ ọmọ Nàíjíríà ló ń fi ìbẹ̀rù hàn lórí ìwọ́de Yoruba Nation tí yóò wáyé ní Eko lónìí,0,0,0,0,1,0
yoruba_1_02487,"Ẹ ṣọ́ra o, agbénipajayé kan wà nígboro tó ń pa tọ̀dọ́-tarúgbó báyìí - Ọlọ́pàá",0,0,0,0,3,0
yoruba_1_02488,Global Vaccine crisis: Ìgbẹ́kẹ̀lé nínú abẹ́rẹ́ àjẹsára ń di òkú l'ágbáyé!,0,0,0,0,0,0
yoruba_1_02489,Child sexual abuse: Ìdí rèé tí mi ò fi sọ̀rọ̀ nígbà tí ìbátan mi fipá bá mi lopọ̀ l'ọdún 67 sẹ́yìn,0,0,0,0,0,0
yoruba_1_02490,"Ikorodu Festival: Àwọn olórò ní ọdún Màgbó ló ń gbá ibi lọ, kó ire wọlé ní Ikorodu",0,0,0,0,0,0
yoruba_1_02491,Boko Haram: Oúnjẹ́ tí wọn kó pamọ́ sínú iléẹ̀kọ́ ló mú kí wọn ṣe ìkọlù síbẹ̀,0,0,0,0,0,0
yoruba_1_02492,Ṣé lóòtọ́ ni àwọn ọmọ ogun Naijiria ń pa àwọn àgbẹ̀ nínú oko wọn nílẹ̀ Ibo?,0,0,2,0,0,0
yoruba_1_02493,Timothy Adegoke: Ṣé lóòtọ́ ni àbájáde ìwádìí òkú 'autopsy' Timothy Adegoke tí wọ́n pa sílé ìtura Hilton hotel nílé Ife ti jáde?,0,0,0,0,0,0
yoruba_1_02494,Sunday Igboho: Ọlọ́run lọ́wọ́ sí bí mo ṣe lọ dojú kọ apààyàn Fulani ní Ibarapa,0,0,0,0,0,0
yoruba_1_02495,"Tiago Isola, akẹ́kọ̀ọ́ Fásitì Ibadan: Èdè Yorùbá dùn ún gbọ́ àti láti sọ, mo sì fẹ́ràn kí n máa sọ ọ́ ní ọ̀pọ̀lọpọ̀ ìgbà",0,0,0,0,0,0
yoruba_1_02496,"Ọ̀jọ̀gbọ́n Zainab, to na Ọlọ́pàá-bìnrin tó ń ṣọ́ ọ, dèrò ọgbà ẹ̀wọ̀n",0,0,0,0,0,0
yoruba_1_02497,Suicide in Lagos: Bí iléeṣẹ́ pàjáwìrì RSS dènà ọkùnrin tó fẹ́ kó sí ''lagoon'' ní Eko ní ọjọ́ ìbí rẹ̀,0,0,0,0,0,1
yoruba_1_02498,"Endsars Protest: Àwa ò bẹ̀rù, a ó ṣèrántí ọdún kan tí ìjọba Naijiria f'ẹ̀mí ṣòfò lásíkò ìfẹ́hónúhàn Endsars - Soworo, Falz",1,0,0,0,0,0
yoruba_1_02499,"Seyi Makinde tara-pòrò lórí ìkọlù Owo, ó ké sáwọn tọ́rọ̀ ààbò kàn láti yé fọ́wọ́ lẹ́rán lórí ìkọlù agbébọn",0,0,0,0,1,0
yoruba_1_02500,Owo de! Adeleke bẹrẹ sisan owo pailetiifu fawọn oṣiṣẹ ijọba,0,0,0,0,0,2
yoruba_1_02501,"Ọpẹ o, ori ko Bidemi Kosọkọ yọ lọwọ iku ojiji",0,0,0,0,0,3
yoruba_1_02502,"Ọpẹ o, lẹyin ọpọlọpọ ọdun to ti n wa ọmọ, Biọla Eyinọka bimọ ọkunrin",0,0,0,0,0,3
yoruba_1_02503,"Lẹyin ọjọ mẹwaa nigbele, akọwe ijọba ipinlẹ Ọṣun bọ lọwọ arun Koronafairọọsi",0,0,0,0,0,2
yoruba_1_02504,"Ọpẹ o, wọn ti tu awọn akẹkọọ tawọn agbebọn ji gbe ni Kaduna silẹ",0,0,0,0,0,3
yoruba_1_02505,"Tori owo ti wọn bun un to fẹẹ fi ta awọn ọmọ orukan lọrẹ, ijọba Eko gboṣuba fun Davido",0,0,0,0,0,0
yoruba_1_02506,"Ọwọ ọlọpaa tẹ awọn ajinigbe meji, wọn doola ọmọleewe ti wọn ji gbe",0,0,0,0,0,2
yoruba_1_02507,Sanwo-Olu kede iwosan ọfẹ fawọn opo ati arugbo l’Ekoo,0,0,0,0,0,2
yoruba_1_02508,Ọpẹ o! Awọn akẹkọọ Fasiti Kogi ti wọn ji gbe ti gba itusilẹ,0,0,0,0,0,3
yoruba_1_02509,"Akeredolu ṣatilẹyin fun iwọde SARS, o tun gbe igbimọ oluwadii kalẹ",0,0,0,0,0,0
yoruba_1_02510,Oriire nla: Victor Osimhen gba ade agbabọọlu to daa ju lọ nilẹ Afrika lọdun yii,0,0,0,0,0,2
yoruba_1_02511,"Gure ọlọbọrọ ati amala iṣu lọkọ mi fẹran ju, o maa n tẹ wọn lọrun gan-an – Abilekọ Ayelaagbe",0,0,0,0,0,0
yoruba_1_02512,Awọn oṣere fi atilẹyin han fun Tinubu lati di aarẹ ni 2023,0,0,0,0,0,0
yoruba_1_02513,Bi Makinde ṣe sọ Kọlẹẹji Alayande di yunifasiti yoo gbe eto ọrọ aje ipinlẹ Ọyọ larugẹ- Ogundoyin,0,0,0,0,0,0
yoruba_1_02514,"Ọpẹ o, Olori Silẹkunọla Ogunwusi bi ọmọkunrin lanti lanti",0,0,0,0,0,3
yoruba_1_02515,Iru Aarẹ ti ko gba gbẹrẹ bii Buhari yii lo daa fun Naijiria – Fẹmi Adeṣina,0,0,0,0,0,0
yoruba_1_02516,Ijọba ipinlẹ Ekiti fun awọn ẹlẹwọn mejila lominira ,0,0,0,0,0,2
yoruba_1_02517,"Lẹyin idajọ ile-ẹjọ to ga ju lọ: Ijo, ilu at’orin lawọn oṣiṣẹ fi ki Adeleke kaabọ s’ọfiisi l’Ọṣun ",0,0,0,0,0,2
yoruba_1_02518,Eto idibo to daa ju ninu itan orileede yii nijọba Buhari ṣe lọdun – Adeṣina,0,0,0,0,0,0
yoruba_1_02519,"Ọpẹ o, wọn ti ri akẹkọọ Fasiti Ilọrin ti wọn ji gbe pada, eyi ni bi wọn ṣe ri i",0,0,0,0,0,3
yoruba_1_02520,Aarẹ ilẹ Amẹrika ti korona kọlu sọ pe ara oun ti ya o,0,0,0,0,0,1
yoruba_1_02521,Ijọba apapọ kede reluwee ọfẹ lasiko Keresi ati ọdun tuntun,0,0,0,0,0,2
yoruba_1_02522,"Lẹyin ọdun mẹẹẹdogun: Ọbasanjọ ati Gani Adams pari ija, nitori iṣọkan ilẹ Yoruba",0,0,0,0,0,0
yoruba_1_02523,"Ipinlẹ Ekiti ṣayẹyẹ idagbere fun Fayẹmi, o loun ti da ẹyẹ ipinlẹ naa pada",0,0,0,0,0,0
yoruba_1_02524,"Ọpe o, wọn ti tu agbẹ ti wọn ji gbe l’Ekiti silẹ lẹyin to san miliọnu meji naira",0,0,0,0,0,3
yoruba_1_02525,Iroyin ayọ ree o! Tinubu yoo pin gilaasi oju to le  ni miliọnu marun-un fawọn ọmọ Naijiria,0,0,0,0,0,2
yoruba_1_02526,"Ọpẹ o! Iyawo Oluwoo, Olori Firdaus Akanbi, bimọ obinrin",0,0,0,0,0,2
yoruba_1_02527,"Lẹyin ọdun mọkanla ninu okunkun, Adeleke tun ẹrọ amunawa ṣe fawọn eeyan Obokun",0,0,0,0,0,3
yoruba_1_02528,"Ọpẹ o, wọn ti ri awọn arinrinajo tawọn ajinigbe ji gbe loju-ọna Oṣogbo si Ibokun",0,0,0,0,0,3
yoruba_1_02529," Lẹyin ọjọ mejila nigbekun, aburo aṣofin ti wọn ji gbe bọ lọwọ awọn ajinigbe",0,0,0,0,0,2
yoruba_1_02530,Iwuri nla lo jẹ fun mi: MC Olumọ ki ọmọ rẹ to kawe jade ni yunifasiti,0,0,0,0,0,2
yoruba_1_02531,"Ọpẹ o, wọn ti ri dokita ati nọọsi ti wọn ji gbe n’Imẹkọ gba pada",0,0,0,0,0,3
yoruba_1_02532,Ipinlẹ Ogun ni nnkan amayedẹrun yoo pọ si ju ni Naijiria laipẹ – Abiọdun,0,0,0,0,0,0
yoruba_1_02533,Ọṣinbajo lo daa ju ninu gbogbo awọn to fẹẹ dupo aarẹ lẹgbẹ APC – Babangida Aliyu,0,0,0,0,0,0
yoruba_1_02534,"Ọlọrun lo yọ Khadizat lọwọ awọn ajinigbe, Kogi ni wọn ti ji i gbe, Imo ni wọn ti ri i",0,0,2,0,0,2
yoruba_1_02535,"Emmanuella, ọmọ ọdun mẹwaa, kọle olowo nla fun iya rẹ",0,0,3,0,0,0
yoruba_1_02536,"Inu mi dun bile-ẹjọ ṣe da mi lare, ma a lọọ ṣiṣẹ lori orukọ mi ti wọn tabuku si – Kẹmi Adeọsun",0,0,0,0,0,2
yoruba_1_02537,Latigba ti mo ti gbakoso ijọba ni Naijiria ti kuro ninu idaamu – Aarẹ Tinubu,0,0,0,0,0,0
yoruba_1_02538,Igbesẹ tijọba Kwara gbe lati gbogun ti magomago lasiko idanwo jẹ iwuri fun wa – WAEC,0,0,0,0,0,0
yoruba_1_02539,Ọpẹ o! Awọn ajinigbe ti yọnda pasitọ ijọ Ridiimu ti wọn ji gbe,0,0,0,0,0,3
yoruba_1_02540,Ibo Ọṣun: Oyetọla jawe olubori ni kootu,0,0,0,0,0,2
yoruba_1_02541,Awọn ọmọ orileede yii ti n ri ipa rere ijọba Tinubu- Oluwoo,0,0,0,0,0,0
yoruba_1_02542," Lẹyin ọdun mejila ti ko ti sina, ijọba fẹẹ da ina ẹlẹntiriiki pada si ẹkun Guusu ipinlẹ Ondo",0,0,0,0,0,0
yoruba_1_02543,"Awọn alatilẹyin Tinubu lọ si ọfiisi INEC, wọn ni eto idibo ti wọn ṣe daa gan-an ni",0,0,0,0,0,0
yoruba_1_02544,"Lẹyin ọpọlọpọ ọdun to ṣegbeyawo, oṣere tiata yii bimọ obinrin",0,0,0,0,0,2
yoruba_1_02545,Ọwọngogo epo: Ṣọọṣi Ridiimu pin epo bẹntiroolu fawọn ọmọ ijọ wọn lọfeẹ,0,0,2,0,0,0
yoruba_1_02546,"Lẹyin ọdun mẹtalelogun to ti n jokoo, Yinka Ayefẹlẹ ti le dide kọrin bayii",0,0,0,0,0,2
yoruba_1_02547,"Lẹyin ọjọ meji lakata awọn ajinigbe, Oloye atawọn ọmọde mẹta ti wọn ji gbe gbominira ni Kwara ",0,0,0,0,0,3
yoruba_1_02548,"Opẹ o, wọn ti tu Sunday Igboho silẹ lahaamọ",0,0,0,0,0,3
yoruba_1_02549,"Awọn ara Ibadan ti n kira wọn kuu oriire, eyi lohun to ṣẹlẹ",0,0,0,0,0,0
yoruba_1_02550,"Akọrin ẹmi, Yinka Alaṣeyọri, bimọ obinrin!",0,0,0,0,0,2
yoruba_1_02551,Ijawe olubori Tinubu: Ireti awọn eeyan lọdun 1993 ṣẹṣẹ pada wa si imuṣẹ ni,0,0,0,0,0,0
yoruba_1_02552,"Amaechi ki Tinubu ku oriire, o ṣeleri atilẹyin fun un",0,0,0,0,0,0
yoruba_1_02553,"Wumi Toriọla ṣile olowo nla, gbogbo aye lo n ki i ku oriire",0,0,0,0,0,2
yoruba_1_02554,"Adajọ gba beeli Emefiele, o ni ko maa lọ sile ẹ layọ  atalaafia",0,0,0,0,0,0
yoruba_1_02555,Ijọba apapọ fẹẹ pese iṣẹ fun miliọnu marun-un eeyan,0,0,2,0,0,2
yoruba_1_02556,"Koko lara mi le, mo le ṣe aarẹ Naijiria daadaa- Tinubu",0,0,0,0,0,0
yoruba_1_02557,"Ọpẹ o, abẹrẹ ajẹsara arun Korona wọ Naijiria latoke-okun",0,0,0,0,0,2
yoruba_1_02558,Ijọba Kwara fẹẹ ṣe iwosan ọfẹ fawọn ọmọde ,0,0,0,0,0,1
yoruba_1_02559,"Ọpẹ o, Buhari ti le awọn ologun rẹ lọ, o fi awọn tuntun rọpo wọn",0,0,0,0,0,2
yoruba_1_02560,Dapọ Abiọdun fun awọn olukọ to fakọ yọ lẹbun ile ati owo nla nipinlẹ Ogun,0,0,0,0,0,1
yoruba_1_02561,Ibo ọdun 2023 yii jẹ ọkan lara awọn eto idibo to daa ju nilẹ wa- Lai Mohammed ,0,0,0,0,0,0
yoruba_1_02562,Ọpẹ o! Ọwọ ti tẹ awọn to pa olori awọn oṣiṣẹ ijọba ipinlẹ Ọyọ tẹlẹ,0,0,0,0,0,3
yoruba_1_02563,"Ẹ fọkan balẹ, a ti pari gbogbo eto, Sunday Igboho o ni i pẹẹ kuro ninu ahamọ – Lọọya Igboho",0,0,0,0,0,0
yoruba_1_02564,"Nitori bi nnnkan ṣe ri nita, Portable olorin pin ounjẹ fawọn eeyan",0,0,0,0,0,0
yoruba_1_02565,"Ijọba mi yoo faaye gba awọn oniṣowo gbogbo nilẹ yii, ki okoowo wọn le burẹkẹ si i- Tinubu",0,0,0,0,0,0
yoruba_1_02566,Palietiifu: Adeleke kede afikun ẹgbẹrun mẹẹẹdogun Naira fawọn oṣiṣẹ ijọba,0,0,0,0,0,2
yoruba_1_02567,"Lẹyin ọjọ marun-un lakata awọn ajinigbe, awọn ọmọ Ilọrin meji ti wọn ji gbe ni Suleja, gbominira ",0,0,0,0,0,3
yoruba_1_02568,"Ọpẹ o, ijọba ti ṣi gbogbo ileewe pada nipinlẹ Eko",0,0,0,0,0,3
yoruba_1_02569,"Ọpẹ o, Azeez Ijaduade tawọn ọlọpaa yinbọn fun ti kuro l’ọsibitu",0,0,0,0,0,3
yoruba_1_02570,Mẹjọ ninu awọn ọmọ ẹgbẹ akọrin ti wọn ji gbe ti gba itusilẹ,0,0,0,0,0,2
yoruba_1_02571, Awọn araalu gboriyin fun ọlọpaa to da ẹgbẹrun lọna igba naira to ri he pada fẹni to ni in l’Ọṣun,0,0,0,0,0,0
yoruba_1_02572,Ileeṣẹ Aarẹ gboṣuba fawọn ọtẹlẹmuyẹ: Bẹ ẹ ṣe mu awọn ọmọ Sunday Igboho ati Nnamdi Kanu lo daa   ,0,0,0,0,0,0
yoruba_1_02573,"Ọpẹ o, lẹyin ọjọ mẹrin lakata awọn ajinigbe, wọn ti tu alaga PDP silẹ",0,0,0,0,0,3
yoruba_1_02574,"Ọbasanjọ ṣabẹwo si Oyetọla, o ni onirẹlẹ ati ọmọluabi tootọ ni",0,0,0,0,0,0
yoruba_1_02575,"Sanw-Olu ti dariji Funkẹ Akindele ati ọkọ ẹ, o ti fawe ẹwọn wọn ya",0,0,0,0,0,2
yoruba_1_02576,Ọpẹ o! Wọn ti tu awọn ọmọleewe ti wọn ji ko ni Katsina silẹ,0,0,0,0,0,3
yoruba_1_02577,"Oṣere yii pariwo: Ẹ ba mi dupẹ, emi naa ti lade ori o",0,0,0,0,0,2
yoruba_1_02578,"Pasitọ Adeboye fọkan awọn ọmọ Naijiria balẹ, o lowo naira n bọ waa lagbara bii dọla",0,0,0,0,0,0
yoruba_1_02579,"Nitori to da foonu ero to ri pada, ẹgbẹ awakọ fun dẹrẹba lẹbun ẹgbẹrun lọna ọgọrun-un Naira n’llọrin ",0,0,0,0,0,0
yoruba_1_02580,"Ọpẹ o, awọn Fulani ti tu Basit, ọmọ Damilọla olorin Islam silẹ o",0,0,0,0,0,3
yoruba_1_02581,“Ẹ ba wa dupẹ lọwọ Ọlọrun ti baaluu to ja yii ko pa wa mọnu ile”,0,0,0,0,0,2
yoruba_1_02582,"Ọpẹ o, Wọn ti fun Pariolodo ni mọto olowo nla",0,0,0,0,0,3
yoruba_1_02583,"Lẹyin ọdun marundinlaaadọta to ti wa nile ọkọ, iya aadọrin ọdun bimọ fun igba akọkọ laye rẹ",0,0,0,0,0,3
yoruba_1_02584,Super Eagles gbo ewuro soju awọn agbabọọlu Guinea Bissau pẹlu ami-ayo meji si odo,0,0,0,0,0,0
yoruba_1_02585,Aṣofin PDP gboṣuba fun Oyetọla lori sisan owo-oṣu tuntun fawọn oṣiṣẹ l’Ọṣun,0,0,0,0,0,0
yoruba_1_02586,"Ọpẹ o, Gomina Akeredolu ti pada de lati ilu oyinbo to ti lọọ gba itọju",0,0,0,0,0,2
yoruba_1_02587,Latigba ti Buhari ti gbajọba ni wahala Boko Haram ti lọ silẹ-Fẹmi Adeṣina ,0,0,0,0,0,0
yoruba_1_02588,Ileeṣẹ Quickteller Paypoint fun awọn alagbata wọn lẹbun rẹpẹtẹ,0,0,0,0,0,0
yoruba_1_02589,Gani Adams ni bi  Akeredolu ṣe le awọn Fulani darandaran kuro ninu igbo ọba l’Ondo lo dara ju,0,0,0,0,0,0
yoruba_1_02590,"Ọpẹ o, ara Kollington Ayinla ti ya, eyi lọrọ to sọ lọsibitu to wa",0,0,0,0,0,2
yoruba_1_02591,"Buhari ti ki Obaseki ku oriire, o loun naa ba a yọ gidi",0,0,0,0,0,2
yoruba_1_02592,"Ọọni ṣatilẹyin fawọn obinrin, o ni Yoruba ko le da duro lai si wọn",0,0,0,0,0,0
yoruba_1_02593,Ọpẹ o! Tobi Amusan yoo kopa ninu idije ere sisa agbaye awọn obinrin tọdun yii,0,0,0,0,0,2
yoruba_1_02594,Ileeṣẹ ọlọpaa doola ẹmi arinrin-ajo mẹrin ninu mẹfa tawọn ajinigbe ji gbe ni Kwara ,0,0,0,0,0,2
yoruba_1_02595,"2023: Tinubu jafafa, o si ni iriri lati gbe orileede yii goke agba – Oyetọla",0,0,0,0,0,0
yoruba_1_02596,"Ọga ọlọpaa patapata bẹ awọn ọmọọṣẹ rẹ: A maa san ẹkunwo fun yin, ẹ ma daṣẹ silẹ o",0,0,0,0,0,0
yoruba_1_02597,"Tinubu rọ awọn ara ilu oyinbo: Ẹ maa pada bọ wale, Naijiria ti daa ju bẹẹ ṣe ro lọ",0,0,0,0,0,0
yoruba_1_02598, Tinubu yoo ṣatunṣe sileeṣẹ eto ilera to ba di aarẹ- APC,0,0,0,0,0,0
yoruba_1_02599,"Ohun ti Ọbasanjọ o le ṣe, ti Jonathan o le ṣe, wọn ni Buhari ti ṣe e o",0,0,0,0,0,0
yoruba_1_02600,"Baalẹ fun ara ẹ lominira, niṣe lo sa mọ awọn ajinigbe lọwọ ninu igbo l’Ondo",0,0,2,0,0,0
yoruba_1_02601,Sanwo-Olu ṣeleri iranlọwọ fawọn ontaja Lẹkki ti wọn ba ṣọọbu wọn jẹ,0,0,0,0,0,0
yoruba_1_02602,"Makinde ṣabẹwo si Oyetọla, o ni oun mọriri ipa to ko lori ọrọ LAUTECH",0,0,0,0,0,0
yoruba_1_02603,"Ẹ wo Victor Agunbiade, Ọmọ Yoruba to gbe orukọ Naijiria ga l’Amẹrika",0,0,0,0,0,0
yoruba_1_02604,"Mo fọwọ si Ọṣinbajo lati dupo aarẹ, eeyan daadaa ni, o si ni ero rere-Babangida",0,0,0,0,0,0
yoruba_1_02605,"Ọpẹ o, wọn ti ju ọga olorin juju atawọn ọmọọṣẹ rẹ ti wọn ji gbe silẹ",0,0,0,0,0,3
yoruba_1_02606,Awọn dokita orileede Saudi-Arabia fiṣẹ abẹ ya ibeji ilẹ wa ti wọn lẹ pọ,0,0,2,0,0,0
yoruba_1_02607,Dapọ Abiọdun fun akẹkọọ Ogun to yege ju lọ ni LASU ni miliọnu meji naira ati ile kan,0,0,0,0,0,2
yoruba_1_02608,Tọpẹ Alabi dupẹ lọwọ gbogbo awọn ololufẹ ẹ fun aduroti wọn,0,0,0,0,0,0
yoruba_1_02609,"Nitori ẹbun mọto tawọn ọmọ rẹ fun un lọjọọbi ẹ, Iya Fẹmi Adebayọ bu sẹkun",0,0,0,0,0,2
yoruba_1_02610,"Ọpẹ o, Kẹmi Afọlabi ti de lati Amẹrika to ti lọọ gba’tọju",0,0,0,0,0,0
yoruba_1_02611,"Akẹkọọ Poli Ọṣun fitan balẹ lagbaaye, o ka iwe ọgọrun-un laarin ọjọ mẹwaa",0,0,2,0,0,0
yoruba_1_02612,"Ṣọọṣi Ridiimu pese aaye itọju aisan kindirin si ọsibitu OOUTH, wọn tun ra irinṣẹ si i",0,0,0,0,0,2
yoruba_1_02613,"Lẹyin ọdun mẹrin lọgba ẹwọn, adajọ tu awọn mẹfa ti wọn mu lasiko iwọde EndSARS silẹ",0,0,0,0,0,2
yoruba_1_02614,"Nitori ami-ẹyẹ orileede ti inu rẹ dun ju lọ lagbaaye ti Finland gba, awọn ọmọ Naijiria kan fẹẹ lọ si orileede naa",0,0,0,0,0,0
yoruba_1_02615,"Leyin ti wọn so yigi, iyawo gomina Kwara tun gba ile ati ṣọọbu fun Risikatu, obinrin toju rẹ yatọ",0,0,2,0,0,0
yoruba_1_02616,Iyanu nla! Iyawo Yinka Odumakin bi ibeji s’Amẹrika,0,0,2,0,0,3
yoruba_1_02617,"Ọpẹ o, awọn ọlọpaa ti ri Sunday to n paayan l’Akinyẹle to sa lọ n’Ibadan mu",0,0,0,0,0,2
yoruba_1_02618,"Lẹyin to ti lo ọdun mẹta lẹwọn, kootu tu Malachy silẹ, wọn ni ko jẹbi",0,0,0,0,0,0
yoruba_1_02619,"Ọpẹ o, awọn ajinigbe ti yọnda awọn dokita ti wọn ji gbe n’Idoani",0,0,0,0,0,3
yoruba_1_02620,"Ọpẹ o, wọn lara Akeredolu ti n ya lọsibitu ilu oyinbo to ti n gba itọju",0,0,0,0,0,2
yoruba_1_02621,A ti ṣe Naijiria daadaa ju ba a ṣe ba a lọdun 2015 lọ-Lai Muhammed,0,0,0,0,0,0
yoruba_1_02622,Akẹkọọ Fasiti Bowen jẹ ẹbun ọkọ ayọkẹlẹ ninu idije arokọ tijọba ipinlẹ Ọṣun ṣe,0,0,0,0,0,0
yoruba_1_02623,"Ọpẹ o, Korona ti lọ lara Igbakeji Gomina Kwara ",0,0,0,0,0,2
yoruba_1_02624,"Gomina Ṣeyi Makinde seleri atilẹyin fawọn eeyan Ibarapa, o ni gbogbo ohun ti wọn ba fẹ loun yoo ṣe",0,0,0,0,0,0
yoruba_1_02625,Awọn Aṣofin Eko fẹẹ ṣeranwọ fawọn to padanu dukia wọn lasiko iwọde SARS,0,0,0,0,0,0
yoruba_1_02626,Awọn araalu maa bẹrẹ si i jẹgbadun iṣẹ idagbasoke ti Aarẹ Tinubu n ṣe- Ganduje,0,0,0,0,0,0
yoruba_1_02627,"Ọpẹyẹmi, ọmọ Alabi Pasuma, gbaṣẹ ologun  l’Amẹrika, ṣinkin ninu Paso n dun",0,0,0,0,0,0
yoruba_1_02628,"Pasuma fọmọ rẹ f’ọkọ, o ni Ayọ̀ nla ni foun",0,0,0,0,0,3
yoruba_1_02629,"Ọpẹ o, awọn ẹṣọ alaabo doola ẹmi Olori Oba ti wọn pa, wọn mu afurasi mẹtala ",0,0,0,0,0,2
yoruba_1_02630,"Awọn eeyan gboriyin fun Ọbasanjọ, nitori bo ṣe kunlẹ ki ọba Warri tuntun",0,0,0,0,0,0
yoruba_1_02631,"Ọpẹ o, awọn OPC ti mu Wakili, Fulani to n da wọn laamu l’Ayetẹ",0,0,0,0,0,3
yoruba_1_02632,"Ori ko eeyan meji yọ lọwọ ajinigbe n’Idoani, lẹyin ọjọ meji ti wọn ti wa nigbekun wọn",0,0,0,0,0,2
yoruba_1_02633,Afẹnifẹre gboṣuba nla fawọn OPC ti wọn mu Wakili Isikilu to n da awọn eeyan laamu n’Ibarapa,0,0,0,0,0,0
yoruba_1_02634,"Ọpẹ o, wọn ti ri awọn agbẹ mẹrin ti wọn ji gbe ni Ikosun-Ekiti",0,0,0,0,0,3
yoruba_1_02635,"Ẹ maa gun kẹkẹ, o dara fun ilera ara yin- FRSC ",0,0,0,0,0,0
yoruba_1_02636,"Gomina Sanwo-Olu sọ Iya Awẹro di lanlọọdu l’Ekoo, o fun un ni fulaati kan",0,0,0,0,0,2
yoruba_1_02637,"Sawoolu pade awọn ọmọbinrin meji ti wọn ko rowo ileewe san, lo ba loun yoo maa gbọ bukaata ileewe wọn",0,0,2,0,0,2
yoruba_1_02638,"Ọpẹ o, wọn ti tu awọn akẹkọọ-binrin ti wọn ji gbe ni Zamfara silẹ o",0,0,0,0,0,3
yoruba_1_02639,TOM gba Adeleke nimọran: Tẹsiwaju ninu awọn eto rere tijọba Oyetọla ba ṣe,0,0,0,0,0,0
yoruba_1_02640,"Awọn ọdẹ dara pọ mọ awọn to n ṣewọde SARS l’Ọṣun, wọn lawọn yoo pese aabo fun wọn",0,0,0,0,0,0
yoruba_1_02641,"Idajọ kootu: Tinubu, Oyetọla ki Adeleke ku oriire",0,0,0,0,0,0
yoruba_1_02642,Ṣẹyin naa ti gbọ: Ijẹba apapọ fẹẹ maa fun awọn mẹkunnu ni ẹgbẹrun marundinlọgọrin Naira,0,0,0,0,0,0
yoruba_1_02643,"Makinde ṣabẹwo si Olunlọyọ, o fun un ni mọto olowo nla",0,0,0,0,0,0
yoruba_1_02644,"Awọn araalu ṣi fẹran ẹgbẹ APC gan-an, a maa ṣejọba kọja 2023 – Tinubu",0,0,0,0,0,0
yoruba_1_02645,Ijọba wa ṣetan lati gba awọn imọran ti yoo mu ijọba Adeleke ṣaṣeyọri-Alimi,0,0,0,0,0,0
yoruba_1_02646,Ọpẹ o! Ijọba ti ni ki wọn maa ta epo rọbi fun ileeṣẹ ifọpo Dangote,0,0,0,0,0,2
yoruba_1_02647,"Bi ilu ṣe ri lo jẹ ki n maa ta iru, ṣugbọn iṣẹ naa pada pe mi daadaa-Lukman",0,1,0,0,0,2
yoruba_1_02648,"Ọpẹ o, awọn ololufe Lalude ra mọto fun un",0,0,0,0,0,3
yoruba_1_02649,"Ọpẹ o, Saraki sanwo itọju ọkunrin onitiata to dubulẹ aisan",0,0,0,0,0,2
yoruba_1_02650,"Fungba akọkọ, ijọba fun awọn oṣiṣẹ to fakọ yọ lẹbun ọkọ ayọkẹlẹ l’Ọṣun",0,0,2,0,0,0
yoruba_1_02651,"Lẹyin igbeyawo, Lateef Adedimeji kọle olowo nla",0,0,2,0,0,0
yoruba_1_02652,"Ife-ẹyẹ agbaye:Morocco gbo ewuro soju Spain, wọn wọ kọta faina",0,0,0,0,0,0
yoruba_1_02653,"Ijọba Tinubu n gbiyanju, ẹ jẹ ka ki i kuuṣẹ- Buhari",0,0,0,0,0,0
yoruba_1_02654," Ọpẹ o, awọn ọmọ akọrin CAC Akurẹ ti wọn ji gbe ti gba itusilẹ",0,0,0,0,0,3
yoruba_1_02655,Itiju nla ni pe orileede Ukraine fi agbado tọrẹ fun Naijiria nitori ebi! – Peter Obi,0,2,0,0,0,0
yoruba_1_02656,"Ọgbọn, imọ ati oye oṣelu ti mo kọ lọdọ Buhari lo jẹ ki n ṣaṣeyọri nipo gomina-Fayẹmi",0,0,0,0,0,0
yoruba_1_02657,"Ti mo ba di aarẹ, iṣejọba mi yoo mu alaafia, iṣọkan ati idagbasoke ba ilẹ Naijiria-Ọṣinbajo",0,0,0,0,0,0
yoruba_1_02658,"Ọlaiya dọbalẹ, o yi gbiiri, nigba ti MC Oluọmọ fun un ni kọkọrọ mọto tuntun",0,0,2,0,0,0
yoruba_1_02659,"Peter Obi ṣabẹwo sawọn ti ṣọja ilẹ wa ju bombu fun, o fun wọn lẹbun owo",0,0,0,0,0,0
yoruba_1_02660,"Ọmọ Yoruba atata ni ọ, Ọọni atawọn gomina kan saara si Yẹmi Ọṣinbajo",0,0,0,0,0,0
yoruba_1_02661,"Idunnu ṣubu layọ ni Yunifasiti Eko, nigba ti Ọjọgbọn Ogundipẹ bẹrẹ iṣẹ pada",0,0,0,0,0,2
yoruba_1_02662,"Ọpẹ o, wọn ti tu awọn ọmọ ijọ Ridiimu tawọn agbebọn ji gbe ni Kaduna silẹ",0,0,0,0,0,3
yoruba_1_02663,Mo ti dariji gbogbo awọn to ṣẹ mi-Adeleke,0,0,0,0,0,0
yoruba_1_02664,"Tinubu tun ṣabẹwo si Buhari l’Abuja, o ni inu oun dun si bawọn ondije funpo aarẹ ṣe n pọ si i",0,0,0,0,0,2
yoruba_1_02665,"Ọpẹ o! Toyin Araham ti tun loyun, oun ati ọkọ rẹ n reti ọmọ keji",0,0,0,0,0,2
yoruba_1_02666,"Dọlapọ, iyawo Ọṣinbajo ki ọkọ rẹ: Ọmọluabi ni ọ, iwuri nla lo jẹ fun mi",0,0,0,0,0,2
yoruba_1_02667,"Lẹyin ọjọ mọkanla, Fayẹmi bọ lọwọ Korona",0,0,0,0,0,2
yoruba_1_02668,Sanwo-Olu fun iyawo awọn ọlọpaa to ku lasiko SARS ni miliọnu mẹwaa naira ati ẹkọ-ọfẹ fawọn ọmọ wọn,0,0,0,0,0,1
yoruba_1_02669,"Wasiu Ayinde ṣiṣẹ abẹ ni Naijiria, o dupẹ lọwọ awọn dokita to ṣe e fun un",0,0,0,0,0,2
yoruba_1_02670,Tinubu ni Aarẹ to jẹ akinkanju ju lọ ninu awọn olori ti orileede yii ti ni – Oluwoo,0,0,0,0,0,0
yoruba_1_02671,"Joe Biden tun ti gba Pennsylvania mọ Trump lọwọ, diẹ lo ku ti yoo fi di aarẹ America",0,0,0,0,0,0
yoruba_1_02672,Mo nigbagbọ ati ireti pe Naijiria yoo ṣi daa ju bayii lọ-Dapọ Abiọdun,0,0,0,0,0,0
yoruba_1_02673,"Buhari ko lahun rara, o fun mi lọpọlọpọ owo dọla nigba kan – Fẹmi Adeṣina",0,0,0,0,0,0
yoruba_1_02674," Laycon di aṣoju ọdọ l’Ogun, gomina tun fun un ni miliọnu marun-un, ile tuntun",0,0,0,0,0,0
yoruba_1_02675,"Mo mọ Tinubu daadaa, oun lo le ṣe aarẹ lọdun 2023- Alagba Faṣọranti",0,0,0,0,0,0
yoruba_1_02676,"Lọjọ ayajọ ijọba tiwa-n-tiwa, ẹlẹwọn mejidinlọgbọn gba idariji nipinlẹ Ondo",0,0,0,0,0,1
yoruba_1_02677,"Laarin ọsẹ meji, eeyan meje ni arun Koronafairọọsi ti pa l’Ọṣun – Ẹgbẹmọde",0,2,0,0,0,0
yoruba_1_02678,Agbẹnusọ Buhari tọrọ aforiji pẹlu bo ṣe ni akẹkọọ mẹwaa lo sọnu ni Katsina,0,0,0,0,0,0
yoruba_1_02679,"Nitori bi wọn ṣe ti i mọle lọna aitọ, Sunday Igboho pe ijọba ilẹ Bẹnnẹ lẹjọ, o ni afi ki wọn san Miliọnu kan Dọla foun",0,0,0,0,0,0
yoruba_1_02680,Ẹjọ Baba Ijẹṣa: Ẹlẹrii ni ẹẹmeji lọkunrin naa ṣe ‘kinni’ fọmọbinrin ti wọn n sọ,0,0,0,0,0,0
yoruba_1_02681,Idanwo WAEC: ọga ileewe tabi olukọ to ba ṣe eru idanwo ni Kwara yoo da ara rẹ lẹbi,0,0,0,0,0,0
yoruba_1_02682,Ọrọ apara ati ẹtan ni bawọn kan ṣe n sọ pe Naijiria ko le pin si wẹwẹ-Atiku Abubakar,0,0,0,0,0,0
yoruba_1_02683,"Ọpẹyẹmi loun jẹbi ẹsun ole jija, l’adajọ ba ni ko lọọ fẹwọn jura l’Ondo",0,1,0,0,0,0
yoruba_1_02684,"Eeyan mẹta ku, ọpọ fara pa, ninu ijamba ọkọ Jẹbba si Bode-Saadu, ni Kwara ",0,3,0,0,0,0
yoruba_1_02685,Adajọ sọ awọn ọmọ ‘Yahoo’ mẹrin sẹwọn n’Ilọrin ,0,0,0,0,0,0
yoruba_1_02686,"Awọn dokita lugbadi arun Korona lọsibitu ijọba n’Ibadan, ni wọn ba ti i pa",0,2,0,0,0,0
yoruba_1_02687,O ṣẹlẹ! Awọn agbebọn ji ọga agba feto iṣuna ati ẹbi rẹ gbe sa lọ ,0,3,0,0,0,0
yoruba_1_02688,"Awọn ọdọ Ọjagbọọrọ ni Kwara pariwo: Gomina gba wa o, gbogbo ileewe ilu wa lo ti d’alapa",0,0,0,0,0,0
yoruba_1_02689,Ibo Ondo: Wọn lawọn janduku ti n yinbọn l’Akurẹ o,0,0,0,0,2,0
yoruba_1_02690,Baba ẹni ọdun mọkandinlọgọrin yii yoo farugba ara sẹwọn gbere tadajọ sọ ọ si,0,2,0,0,0,0
yoruba_1_02691,Awọn ṣọja gbe oku awọn ti wọn pa ni Lẹki pamọ ni o,0,2,0,0,0,0
yoruba_1_02692,"Nitori ifọrọwerọ to ṣe, Portable yẹyẹ iya ọmọ rẹ nita gbangba",0,0,0,0,0,0
yoruba_1_02693," Ẹni kan ku, ọpọ eeyan tun fara pa ninu ijamba ọkọ l’Ọba-Akoko",0,2,0,0,0,0
yoruba_1_02694,Lẹyin ti Emmanuel gun ọrẹbinrin rẹ pa tan lo fẹẹ bẹ si kanga l’Ekoo,0,1,2,2,0,0
yoruba_1_02695,"Fọlọrunsho kọja aaye ẹ, adajọ ti ni ko lọọ maa gbatẹgun lọgba ẹwọn Kirikiri",0,0,0,0,0,0
yoruba_1_02696,"Ileelẹ ti wọn fẹẹ sọ di alaja mẹta wo l’Ekoo, oku mẹrin ni wọn hu jade",0,3,0,0,0,0
yoruba_1_02697,"Lasiko iṣọ oru lawọn Fulani ya bo wọn ni ṣọọṣi CAC Waasinmi, wọn ja wọn lole, wọn tun ji ẹni kan gbe lọ",0,3,0,0,0,0
yoruba_1_02698,"Agbẹkọya ati ṣọja kọju ija sira wọn n’Ibadan, ni wọn ba yinbọn pa ọlọkada to n lọ jẹẹjẹ ẹ",0,2,2,0,0,0
yoruba_1_02699,"Ọwọ tẹ Ọlamide atawọn ọrẹ ẹ, oni POS ni wọn lu ni jibiti n’llọrin",0,0,0,0,0,0
yoruba_1_02700,"Ẹwọn n run nimu Samuel at’ọrẹ ẹ yii o, awọn kan ni wọn lọọ lu ni jibiti owo nla l’Ado-Ekiti",0,0,0,0,0,0
yoruba_1_02701,"Awọn agbebọn kogun ja ilu yii, eeyan mẹfa ni wọn pa lọjo ọdun Ileya    ",0,3,0,0,0,0
yoruba_1_02702,"Nitori ti wọn lo ayederu iwe-ẹri, awọn alaṣẹ Kwara Poly le akẹkọọ mẹfa danu ",0,0,0,0,0,0
yoruba_1_02703,Oṣere tiata ati tiṣa fipa ba akẹkọọ-binrin kan lo pọ l’Oṣogbo,0,2,0,2,0,0
yoruba_1_02704,"Awọn ọmọ yahoo mẹrin rẹwọn he, igbo ni wọn n fa lotẹẹli kan ni Kwara ",0,0,0,0,0,0
yoruba_1_02705, Eeyan meji ku ninu ijamba tirela ati kẹkẹ NAPEP n’Ibadan,0,3,0,0,0,0
yoruba_1_02706,Akẹkọọ bii ọgọrun-un daku nileewe ijọba n’Ijero-Ekiti,0,0,2,0,0,0
yoruba_1_02707,NDLEA mu awọn meji to n ta egboogi oloro fawọn agbebọn ni Kwara,0,0,0,0,0,0
yoruba_1_02708,Igbẹjọ Timothy Adegoke: Adedoyin ṣepe fawọn oniroyin ni kootu,0,0,0,0,0,0
yoruba_1_02709,Wọn ni bireeki to kọṣẹ lo jẹ ki ọkọ ijọba fẹmi alaboyun atawọn mẹta mi-in ṣofo ni Ketu,0,0,0,0,0,0
yoruba_1_02710,Owo lọmọbinrin yii n ṣa nilẹ nile-ijo ti wọn fi lu u pa,0,1,0,0,0,0
yoruba_1_02711,"Iku n rọ dẹdẹ lori ọmọ Naijiria yii o, egboogi oloro lo gbe tọwọ ọlọpaa fi tẹ ẹ ni India tẹ ẹ",0,0,0,0,0,0
yoruba_1_02712,"Eeyan keeyan l’Elisha yii o, ọmọ ọdun mẹrin lo fipa ba lo pọ ni Warewa",0,0,0,3,0,0
yoruba_1_02713,Aye ti waa bajẹ o! Wọn ba ọkan eeyan meji lọwọ Wasiu atawọn ọrẹ ẹ,0,2,0,2,0,0
yoruba_1_02714,Ẹ wo ọmọ iya meta ti wọn n digunjale n’Ijẹbu,0,0,2,0,0,0
yoruba_1_02715,Wọn ti mu mẹrin ninu awọn ajinigbe to n da wọn laamu nipinlẹ Ogun,0,0,0,0,0,2
yoruba_1_02716,"Ijamba mọto gbẹmi awọn marun-un, mejila fara pa yannayanna lagbegbe Ajebọ",0,3,0,0,0,0
yoruba_1_02717,Ijọba gbọdọ pẹjọ ta ko idajọ kootu Ko-tẹ-mi-lọrun to ni ki wọn tu Sọtitobirẹ silẹ-Ogele,2,0,0,0,0,0
yoruba_1_02718,"Nitori aaye igbọkọsi, ọmọ lanlọọdu gun ayalegbe baba rẹ pa",0,2,0,0,0,0
yoruba_1_02719,Nnkan de! Sunday ti wọn mu pe o n pa awọn eeyan l’Akinyẹle ti sa lọ lagọọ ọlọpaa n’Ibadan,0,0,0,0,0,0
yoruba_1_02720,"Ika buruku ni oludasilẹ ileewe yii o, ohun to ṣe fọmọ ọdun mẹrin yii ko ṣee sọ sita!",0,0,0,3,0,0
yoruba_1_02721,"Eeyan meji ku awọn mẹwaa fara pa yannayanna ninu ijamba mọto lori biriiji Kara, l’Ekoo",0,3,0,0,0,0
yoruba_1_02722,Wọn ṣi n wa mọlẹbi obinrin kan ti wọn pa sinu igbo l’Abẹokuta,0,2,0,0,0,0
yoruba_1_02723,Ẹwọn ọdun meje ni adajọ ju ọlọpaa to yinbọn paayan l’Ekoo si,0,0,0,0,0,0
yoruba_1_02724,‘Ẹgbẹrun lọna ọọdunrun Naira ni wọn fẹẹ ra ọmọ inu wa ta a ba bi i’,0,0,0,2,0,0
yoruba_1_02725,Ija rẹpẹtẹ laarin ẹgbẹ onimọto Eko: Awọn ọmọ Oṣodi lawọn o fẹ MC Oluọmọ nipo mọ,0,0,0,0,0,0
yoruba_1_02726,"Oju ti pọn awọn Fulani ju ni Naijiria yii, afi ka tọju wọn atawọn maaluu wọn-Sheikh Gumi",0,0,0,0,0,0
yoruba_1_02727,"Aye ti bajẹ o, ọmọ ọdun meji ni Nathaniel fipa ṣe ‘kinni’ fun",0,0,0,3,0,0
yoruba_1_02728,Awọn agbebọn tun ti ji awọn agbẹ mẹta mi-in gbe ninu oko wọn,0,3,0,0,2,0
yoruba_1_02729,"Gende marun-un bọ sọwọ ọlọpaa n’Ifọ, ipaniyan ati ole jija ni wọn mu wọn fun",0,0,0,0,0,0
yoruba_1_02730," Latari bi wọn ṣe n digun ja awọn ileepo lole l’Akurẹ, ijọba tun fofin de ọkada gigun nipinlẹ Ondo",0,0,0,0,0,0
yoruba_1_02731,"Ẹ woju wọn, aṣọ ṣọja ni wọn fi n lu jibiti kiri ipinlẹ Eko",0,0,0,1,0,0
yoruba_1_02732,Ibi ti Alaaji ti to fun epo bẹntiroolu lo ti ku sinu mọtọ ẹ nileepo kan n’Ibadan,0,2,0,0,0,0
yoruba_1_02733,Awọn ọlọpaa ti mu Joseph to yin iyawo ẹ lọrun pa sinu ile l’Abuja,0,2,0,2,0,0
yoruba_1_02734,"Ọlọpaa le awakọ yii sẹnu ọkọ BRT, ni wọn ba lu u laludaku",0,2,0,0,0,0
yoruba_1_02735,"Lai Muhammed kọlu awọn to sọna sileeṣẹ Tinubu, o ni ọta oniroyin ati dẹmokiresi ni wọn",2,0,0,0,0,0
yoruba_1_02736,O ma waa ga o! Ṣẹgun naa tun fipa ba ọmọ bibi inu ẹ laṣepọ l’Abẹokuta,0,2,0,2,0,0
yoruba_1_02737,"Owo tẹ ayederu dokita, ẹni to ṣiṣẹ abẹ fun lo ku ",0,2,0,0,0,0
yoruba_1_02738,"O ma ṣe o, ijamba ọkọ gbẹmi eeyan mọkandinlogun ni Kwara ",0,3,0,0,0,0
yoruba_1_02739,"Lori iwọde tawọn eeyan fẹẹ ṣe, Atiku juko ọrọ lu Tinubu",2,0,0,0,0,0
yoruba_1_02740,"Wọn ti ri i mu o, dẹrẹba to pa tọkọ-tiyawo sinu ile wọn l’Abuja",0,0,0,0,0,2
yoruba_1_02741,"O ṣẹlẹ! Pasitọ n ba ọmọde yii sun, o tun n fun un loogun ti ko fi ni i loyun",0,0,0,2,0,0
yoruba_1_02742,"Lọjọ ọdun Keresi, ẹjẹ n ṣan bii omi ni Plateau, eeyan ọgọta lawọn agbebọn pa!",0,2,0,0,0,0
yoruba_1_02743,"Iru ibunu wo ree, nitori ọrọ ti ko to nnkan, Fraiday gun ọrẹ ẹ pa",0,0,2,2,0,0
yoruba_1_02744,"Nitori Sunday Igboho, ijọba fẹẹ fofin de ẹgbẹ Ilana Ọmọ Oodua, wọn fẹẹ kede ẹ bii ẹgbẹ afẹmiṣofo",0,0,0,0,0,0
yoruba_1_02745,Awada lasan ni bi awọn Mayetti Allah ba lawọn yoo koju ija si Yoruba-Gani Adams,0,0,0,1,0,0
yoruba_1_02746, Miyetti Allah halẹ mọ gomina Kwara: Tu awọn eeyan wa ti wọn mu fẹsun ijinigbe silẹ to o ba fẹ ka ṣatilẹyin fun ọ lọdun 2023,0,0,0,0,0,0
yoruba_1_02747,Ọkan lara awọn ọlọdẹ tawọn agbebọn yinbọn fun ni Ifẹwara ti ku o,0,2,0,0,0,0
yoruba_1_02748,"Nitori wahala pipaarọ owo atijọ si tuntun, awọn ọdọ binu dana sun banki kan",3,0,0,0,0,0
yoruba_1_02749,"Awọn Fulani ti kọyin si ofin ‘ma-fẹran-jẹko’, wọn ti tun n da maaluu kiri igboro l’Ondo",0,0,0,0,0,0
yoruba_1_02750,"Awọn Fulani agbebọn tun ṣigun wọ’lu Igangan, wọn pa olori ẹṣọ Amọtẹkun kan atawọn meji mi-in",0,2,0,0,0,0
yoruba_1_02751,"Aṣọbode yinbọn lu Moses l’Ọja-Ọdan, nibi ti wọn ti n le awọn onifayawọ kiri",0,2,0,0,0,0
yoruba_1_02752,"Fulani darandaran, fijilante ati ikọ Amọtẹkun kọ lu ara wọn niluu Kọmu",0,0,0,0,0,0
yoruba_1_02753,"O ma ṣe o, awọn agbebọn pa ọba alaye sinu ile rẹ",0,3,0,0,0,0
yoruba_1_02754,Igbimọ alaṣẹ Fasiti Ibadan ko lagbara lati fiya jẹ wa- Ẹgbẹ awọn oṣiṣẹ,2,0,0,0,0,0
yoruba_1_02755,"Lasiko ti adajọ agba yii fẹẹ wọ kootu fun igbẹjọ lọ ṣubu lulẹ, o si ku patapata",0,3,2,0,0,0
yoruba_1_02756,Tẹgbọn-taburo ji mẹẹẹdọgbọn gbe ninu maaluu ọga wọn ti wọn n da kiri ni Kwara ,0,0,2,0,0,0
yoruba_1_02757,"Makinde ti ileeṣẹ awọn Chinese pa n’Ibadan, o tun sọ awọn oṣiṣẹ wọn satimọle",0,0,0,0,0,0
yoruba_1_02758,"Nọọsi meji padanu ẹmi wọn l’Abẹokuta, awọn mẹwaa fara pa, dẹrẹba lo n tẹ foonu lori ere",0,3,0,0,0,0
yoruba_1_02759,"O ma ṣe o, kọntena tẹ ọmọọdun mẹfa pa sibudokọ Iyana Isọlọ",0,3,0,0,0,0
yoruba_1_02760,"Wọn ti mu Adamu o, maaluu mẹtalelogun lo lọọ ji ko",0,0,2,0,0,0
yoruba_1_02761,"Eeyan mẹrin gan mọ’na, ọpọ fara pa, lasiko ajọdun ni ṣọọṣi Kerubu l’Abule-Ẹgba",0,3,0,0,0,0
yoruba_1_02762,Ijamba mọto fọpọ ẹmi ṣofo lojuna marosẹ Eko s’Ibadan,0,3,0,0,0,0
yoruba_1_02763,"Abass ta mọto fun Emmanuel, bo ṣe gbowo tan lo gun un labẹrẹ pa",0,2,0,0,0,0
yoruba_1_02764,Wọn ba oku oludije sipo gomina Labour Party ninu yara ẹ l’Ekoo,0,0,0,0,0,0
yoruba_1_02765,Ohun to ṣẹlẹ nibi idibo abẹle l’Ọṣun fihan pe Oyetọla ko ṣetan fun idibo gomina – Najeem Salam,0,1,0,0,0,0
yoruba_1_02766,Ẹ wo Adeolu to n faṣọ Sifu Difẹnsi jale l’Ayetoro,0,0,2,0,0,0
yoruba_1_02767,Awọn janduku kọ lu oloye ẹgbẹ APC meji nibi ipade kan ni Lafiagi,0,1,0,0,0,0
yoruba_1_02768,"O ma ṣe, awọn agbanipa da obinrin oniṣowo yii lọna, wọn si ṣa a pa l’Akurẹ",0,3,0,0,0,0
yoruba_1_02769,Igbimọ tijọba gbe kalẹ lori awọn ọmọ-kewu ti wọn fiya jẹ ni Kwara ni ọna ti wọn gba lu wọn ko daa,0,0,0,0,0,0
yoruba_1_02770,"Ọdẹ adugbo yii ti wọ gau, ẹwọn gbere ladajọ sọ ọ si",0,1,0,0,0,0
yoruba_1_02771,"Eefin jẹnẹretọ pa baale ile kan l’Ogun, iyawo rẹ wa lẹsẹ-kan-aye ẹsẹ-kan-ọrun lọsibitu",0,3,0,0,0,0
yoruba_1_02772,Awọn janduku ji eeyan mejidinlogun gbe lẹẹkan ṣoṣo lọna Eruwa,0,3,0,0,0,0
yoruba_1_02773,Gbogbo ọmọ meje tiyawo mi bi fun mi lo ku ni mo ṣe tilẹkun mọ ọn mọnu ile f’ọdun meji-Isah,0,0,0,0,0,0
yoruba_1_02774,"Ohun ti Isah ṣe fawọn ọmọleewe ẹ marun-un yii ko ṣee sọ sita o, o buru jai",0,1,0,2,0,0
yoruba_1_02775,"O ma ṣe o, dokita ti wọn yinbọn fun lasiko tawọn afẹmiṣofo kọ lu reluwee to n lọ lati Abuja si Kaduna ti ku o  ",0,3,0,0,0,0
yoruba_1_02776,"Nitori to ji foonu ero to gbe sa lọ, wọn lu onikẹkẹ Maruwa lalubami n’llọrin ",0,2,0,0,0,0
yoruba_1_02777,"Azeez ṣa baba agbalagba kan pa, lo ba wọ oku ẹ lọ sinu igbo n’llọrin ",0,3,0,0,0,0
yoruba_1_02778,"Nitori gbeṣe to pọ lọrun ẹ, Ọlakunle para ẹ ni Kwara ",0,3,0,0,0,0
yoruba_1_02779,Ọwọ ti tẹ ọkan lara awọn agbebọn to yinbọn pa Dokita ni Kwara lọjọsi   ,0,0,0,0,0,2
yoruba_1_02780,Awọn ọna wa to ti bajẹ la fi ra mọto olowo nla fawọn aṣofin o – Sẹneeti   ,0,0,0,0,0,0
yoruba_1_02781,"Falana fẹẹ farugbo ara ṣẹwọn, ọmọọdun meje lo fipa ba sun l’Ekiti",0,1,0,0,0,0
yoruba_1_02782,Wọn ti mu Ahmed to pa alaabagbe rẹ nitori abọ ounjẹ n’llọrin ,0,2,0,2,0,0
yoruba_1_02783,Wọn ba oku ọmọ baalẹ at’obinrin kan nihooho ninu mọto n’Idiroko ,0,2,0,0,0,0
yoruba_1_02784,"Ọkọ mẹrin fori sọra wọn lori biriiji Kara, eeyan kan ku",0,3,0,0,0,0
yoruba_1_02785,"Eyi ni bi ile ti wọn n kọ lọwọ ṣe wo paayan n’Ibadan, o tun ṣe ẹni kan leṣe",0,3,0,0,0,0
yoruba_1_02786,Ọlọpaa obinrin lawọn Fulani onimaaluu yii ji gbe o,0,0,2,0,0,0
yoruba_1_02787,"Ijamba gaasi paayan mẹta n’Ishaga, ọpọ ile ati mọto lo jona",0,3,0,0,0,0
yoruba_1_02788,Ọwọ tẹ wọn o: awọn to n fi ọkada ja foonu gba nIlọrin,0,0,0,0,0,2
yoruba_1_02789,"O ma ṣe o, awọn meji ku nibi ti wọn ti n ṣewọde SARS l’Akurẹ",0,3,0,0,0,0
yoruba_1_02790,"Mo fẹ ki awọn agbofinro wa ọlọpaa to pa ọmọ mi, ki wọn si san biliọnu marun-un naira fun ẹbi mi – Iya Idris",2,0,0,0,0,0
yoruba_1_02791,"Ọlọpaa yii ti wọ gau, igbo lo n mu lọwọ lẹnu iṣẹ ti wọn fi mu un n’Ijọra",0,0,0,0,1,0
yoruba_1_02792,"Ọmọ Yahoo fi mọto tẹ eeyan mẹta pa l’Akurẹ, ni wọn ba lu oun naa pa",0,2,2,0,0,0
yoruba_1_02793,Niṣe lo yẹ ki wọn maa ge nnkan ọmọkunrin ẹni to ba fipa baayan lo pọ sọnu-Kuyẹ,3,0,0,0,0,0
yoruba_1_02794,"Oṣiṣẹ banki mẹrin lọọ sin gbese, ni wọn ba luyawo onigbese pa!",0,2,0,0,0,0
yoruba_1_02795,"Dẹrẹba ọkọ ero dana sun oṣiṣẹ ajọ to n dari ọkọ, eyi lohun to fa a",0,2,0,0,0,0
yoruba_1_02796,"Ẹwọn n run nimu Pasitọ Abayọmi yii o, ọmọ ọdun meje lo fipa ba lo pọ n’Ibadan",2,0,0,2,0,0
yoruba_1_02797,"O ma waa ga o, agbebọn mura bii ẹlẹhaa, lo ba pa ọga ọlọpaa meji danu",0,2,3,0,0,0
yoruba_1_02798,"Nitori ẹsun jibiti, adajọ sọ akẹkọọ Kwara Poli ati akẹgbẹ ẹ sẹwọn n’llọrin ",0,1,0,0,0,0
yoruba_1_02799,"L’Agbado, Diran ba iyawo ẹ atijọ lo pọ lotẹẹli, lo ba gbabẹ ku",0,1,2,0,0,0
yoruba_1_02800,"Kọndọkitọ ti dero ẹwọn o, ọili enjinni ọkọ lo lọọ ji gbe ",0,0,2,0,0,0
yoruba_1_02801,Eyi ni ọrọ aro ati iwuri to gbomi loju ẹni ti Funkẹ Akindele kọ nipa mama rẹ to ku,0,3,0,0,0,0
yoruba_1_02802,Awọn agbebọn pa olori ilu atawọn ọmọ rẹ mẹrin,0,3,0,0,0,0
yoruba_1_02803,Eyi le o! Wọn ju Kabiyesi sẹwọn ọdun mẹwaa,0,0,2,0,0,0
yoruba_1_02804,"Adajọ ti ran Victor lẹwọn ọdun mẹta, jẹnẹretọ lo ji gbe l’Akurẹ",0,1,2,0,0,0
yoruba_1_02805,"Ilẹ ya bo ọpọlọpọ awọn awakusa lojiji, nibi ti wọn ti n wa goolu lai gbaṣẹ",0,2,2,0,0,0
yoruba_1_02806,"O ma ṣe o, idile ẹleni marun-un ku lẹyin ti wọn jẹ majele mọ’nu ounjẹ ",0,3,0,0,0,0
yoruba_1_02807,"Obinrin to gun ọkọ rẹ lọbẹ pa ti dero ẹwọn, wọn lo larun ọpọlọ ni",0,2,0,0,0,0
yoruba_1_02808,"Wọn pa Fulani darandaran sinu oko, wọn tun ge ẹya ara rẹ lọ ni Kwara ",0,3,0,0,0,0
yoruba_1_02809,"Awọn adigunjale ya wọ ṣọọṣi mẹrin ọtọọtọ l’Ogun, wọn ji ohun eelo ibẹ ko lọ",0,0,0,0,0,0
yoruba_1_02810,"Jumọkẹ binu para ẹ l’Ondo, nitori ti wọn fun un niwee gbele ẹ lẹnu iṣẹ",0,2,0,0,0,0
yoruba_1_02811,"Makinde ti banki, otẹẹli atawọn to jẹ ijọba ni gbese pa n’Ibadan",0,0,0,0,0,0
yoruba_1_02812,Apo meji aabọ Naira lawọn tiṣa ipinlẹ Ekiti n da lati gba olukọ ẹgbẹ wọn silẹ lọwọ ajinigbe,0,0,1,0,0,0
yoruba_1_02813,"Ileeṣẹ ọlọpaa kilọ fawọn ọdọ: Ẹ ma daṣa ‘ma gba fẹnikẹni mọ’, o le da rogbodiyan sile laarin ilu",0,0,0,0,0,0
yoruba_1_02814,"Adajọ ju akẹkọọ fasiti to n ṣe Yahoo sẹwọn, ọpọ eeyan lo ti lu ni jibiti ",0,0,0,0,0,0
yoruba_1_02815,"Eyi ni bawọn Fulani ṣe tun ya wọnu oko oloko n’Ibadan, eeyan mẹta ni wọn  ji gbe",0,2,0,0,0,0
yoruba_1_02816,"O ma ṣe o: Oṣu keji lẹyin iku Mohbad, ọdọmọkunrin olorin mi-in tun ku lojiji",0,2,2,0,0,0
yoruba_1_02817,"Eeyan mẹta ku ninu mọlẹbi kan, majele ni wọn jẹ mọ amala n’llọrin ",0,3,0,0,0,0
yoruba_1_02818,"Awọn Ibo binu tan, wọn ti gbogbo ṣọọbu wọn pa n’llọrin, wọn lawọn o taja mọ",2,0,0,0,0,0
yoruba_1_02819,"Wọn ṣeku pa ‘Tiroo’ n’Isalẹ Eko, wọn lolori ẹgbẹ okunkun ni",0,2,0,0,0,0
yoruba_1_02820,"Buhari ti paṣẹ: Ẹnikẹni tẹ ẹ ba ti ri pẹlu ibọn AK-47, ẹ yinbọn pa a",0,0,0,0,0,0
yoruba_1_02821," Abẹẹ ri ọlọkada yii, ọmọkunrin ẹgbẹ ẹ lo fipa ṣe ‘kinni’ fun l’Akurẹ",0,0,2,2,0,0
yoruba_1_02822,Ijamba ina fọpọ dukia ṣofo ni oteẹli Ọọni Ifẹ,0,2,0,0,0,0
yoruba_1_02823,"Nitori to gba igbakeji rẹ leti ni gbangba, ijọba fofin de alaga ajọ ere bọọlu Eko",0,0,0,0,0,0
yoruba_1_02824,Ẹnikẹni to ba sọrọ ti ko yẹ si Aarẹ Tinubu ko ni i faraa re lọ -Minisita feto aabo,2,0,0,0,0,0
yoruba_1_02825,"Awọn agbebọn pa ọkunrin to ni Falọla Hotel, n’Ileṣa",0,2,0,0,0,0
yoruba_1_02826,Lẹyin ti baale ile yii pa iyawo ẹ tan loun naa gbe majele jẹ,0,2,0,0,0,0
yoruba_1_02827,Ẹ kilọ fun Fayẹmi ko ma ta ilẹ wa fawọn Fulani o-PDP Ekiti ,2,0,0,0,0,0
yoruba_1_02828,"Ibeji ọran! Taye ati Kẹhinde lọọ fọ ṣọọbu l’Ado-Ekiti, ni wọn ba mu wọn",0,0,0,0,0,0
yoruba_1_02829,"Fulani deegun ẹja si wọn lọrun l’Ayetẹ, o ni pipa loun yoo pa Yoruba to ba gba ọna ile oun kọja",0,0,0,0,0,0
yoruba_1_02830,Lati Eko ni Ṣẹgun atọrẹ ẹ ti lọọ ji ewurẹ gbe n’Ibadan tọwọ Amọtẹkun fi tẹ wọn,0,0,2,0,0,0
yoruba_1_02831,"Adua wọ ile onile, ikoko ọbẹ ti wọn ṣẹṣẹ se lo ji gbe lọ l’Ondo",0,0,2,0,0,0
yoruba_1_02832,"Awọn ọdọ to n ṣewọde SARS binu si MC Oluọmọ, wọn loun lo dẹ tọọgi sawọn",2,0,0,0,0,0
yoruba_1_02833,"L’Orile-Agege, awọn ọdọ fibinu dana sun afurasi ajinigbe pẹlu ọkọ ayọkẹlẹ ẹ",2,0,0,0,0,0
yoruba_1_02834,"Eyi tun ga o, iyawo ọṣigin binu fi bileedi ge ‘kinni’ ọkọ rẹ danu",0,0,2,2,0,0
yoruba_1_02835,"Awọn ọmọ ita gbajọba n’Ibadan, wọn fọ ọpọlọpọ ṣọọbu lọsan-an gangan",0,0,0,0,0,0
yoruba_1_02836,Niṣe lawọn ti wọn jo ile Sunday Igboho n yinbọn soke kẹu kẹu laarin oru,0,0,0,0,0,0
yoruba_1_02837,"Ikọja aaye, Ibrahim fọwọ fa ọyan iyaale ile kan, ladajọ ba ju u sẹwọn",0,0,0,2,0,0
yoruba_1_02838,"Ọwọngogo Naira:Awọn ọmọlooku lawọn ko gba owo atijọ, ni wọn ba gbe POS kalẹ fawọn eeyan",0,0,2,0,0,0
yoruba_1_02839,"Eemọ, Pasitọ Ṣẹgun riran eke s’ọmọ ijọ rẹ, lo ba fi ọgbọn ba a sun karakara",0,0,0,2,0,0
yoruba_1_02840,"Awọn agbebọn ji Lukman gbe, wọn tun yinbọn pa iyawo rẹ toyun-toyun l’Ojoku",0,3,0,0,0,0
yoruba_1_02841, Ileeṣẹ ọlọpaa binu si ọkan ninu wọn to gbe baagi fun iyawo Atiku,2,0,0,0,0,0
yoruba_1_02842,Wọn ju ayalegbe to kina bọ ile lanlọọdu rẹ sẹwọn l’Ọyọọ,0,0,0,0,0,0
yoruba_1_02843,"Ẹ gba mi o, baba mi fẹẹ fi mi lọkọ ni tipatipa-Fatima",0,0,0,0,0,0
yoruba_1_02844,"Akẹkọọ Poli Ibadan loogun amarale, lo ba ku lẹyin ibalopọ pẹlu ọrẹbinrin ẹ n’Ibadan",0,0,0,0,0,0
yoruba_1_02845,"Babalawo ati Lukman kun Oyindamọla si wẹwẹ, ẹgbẹrun lọna ọgọrin Naira ni wọn ta ẹsẹ ati ọkan rẹ fawọn to fẹẹ fi ṣetutu owo",0,2,0,2,0,0
yoruba_1_02846,"Nitori ti ọkọ rẹ n yan ale, Bọsẹ binu para rẹ l’Akurẹ",0,0,0,0,0,0
yoruba_1_02847,Agbebọn pa ọmọ ọga awọn to n ṣẹto alalaaji,0,1,0,0,0,0
yoruba_1_02848,Tunde Bello ti wọn lo fipa ba obinrin sun lẹyin to ji i gbe ti wa l’Eleweeran,0,0,0,0,0,0
yoruba_1_02849,"Wolii awọn onirọ ni Lai Muhammed, ojumọ kan, irọ kan ni-Aṣofin Kwara",1,0,0,0,0,0
yoruba_1_02850,"EFCC mu ọmọleegbimọ aṣofin fẹsun jibiti, owo rẹpetẹ ni wọn ba lọwọ ẹ",0,0,0,0,0,0
yoruba_1_02851,"Awọn agbebọn ji aburo ọba alaye gbe ni Kwara, igba miliọnu ni wọn n beere",0,0,0,0,0,0
yoruba_1_02852,"Olowo lawọn eeyan n pe Alaaji Ramọni ni Kwara, aṣe ajinigbe ni, ọpọlọpọ owo ni wọn ka mọ ọn  lọwọ",0,0,2,1,0,0
yoruba_1_02853,Eyi ni bi iku ojoji ṣe yẹ lori awọn eeyan lasiko ti baaluu kan ja n’Ilọrin,0,0,0,0,0,1
yoruba_1_02854,"Awọn janduku ja ile ẹru l’Apapa, gbogbo ounjẹ COVID-19 ni wọn n ko sa lọ",0,0,0,0,0,0
yoruba_1_02855,"Kulikuli ni Rianat fẹẹ lọ ra ti wọn fi pa a, ẹgbẹrun lọna ogun naira lawọn afiniṣowo ra apa ẹ l’Ọffa",0,3,0,2,0,0
yoruba_1_02856,Awọn ọmọ ẹgbẹ okunkun ṣa Quadri pa l’Oṣogbo,0,1,0,0,0,0
yoruba_1_02857,"Ni Mọdakẹkẹ, Hammed ati Ayọbami ṣa Wasiu pa, wọn lo n fowo to ri nidii iṣẹ Yahoo ṣakọ sawọn",0,3,0,0,0,0
yoruba_1_02858,Ẹgbẹ oṣiṣẹ fun Akeredolu lọjọ mẹjọ pere ko fi sanwo oṣu to jẹ wọn,0,0,0,0,0,0
yoruba_1_02859,Awọn janduku dana sun ọfiisi INEC l’Abẹokuta,0,0,0,0,0,0
yoruba_1_02860,"Awọn ajinigbe da maneja banki yii lọna, ni wọn ba ji i gbe lọ",0,2,0,0,0,0
yoruba_1_02861,Oogun lawọn eleyii fi ba iya arugbo sọrọ ti wọn fi gbowo nla lọwọ rẹ,0,0,2,0,0,0
yoruba_1_02862,Albert ni kiyawo mu omi ti wọn fi wẹ oku ẹgbọn ẹ ti ko ba mo si iku ẹ,0,0,0,2,0,0
yoruba_1_02863,"Fasiti Ilọrin le akẹkọọ mẹsan-an danu, eyi lohun ti wọn ṣe",0,0,0,0,0,0
yoruba_1_02864,A o ni i din owo-oṣu awọn oṣiṣẹ ku nitori ọrọ-aje to n ṣojojo- Gomina Dapọ Abiọdun,0,0,0,0,0,0
yoruba_1_02865,"   Latari akọlu awọn Fulani darandaran, awọn to n fẹhonu han ti geeti ṣẹkiteriati pa l’Ọsẹ",2,0,0,0,0,0
yoruba_1_02866,Awọn adigunjale ni Kọlapọ n f’ọkada ẹ gbe n’Ikire tọwọ fi tẹ ẹ,0,0,0,0,0,0
yoruba_1_02867,O n rugboo bọ o! awọn Fulani darandaran doju ija kọ awọn Amọtẹkun l’Ọṣun,0,0,0,0,2,0
yoruba_1_02868,"Adajọ ti ni ki Dauda lọọ lo iyooku aye ẹ lọgba ẹwọn, aarun ibalopọ lo ko ran ọmọ kekere to fipa ba sun",0,3,0,2,0,0
yoruba_1_02869,"Buhari ati ẹgbẹ APC nilo iranlọwọ gidi, apa wọn ko ka eto aabo ile yii mọ– Saraki",0,0,0,0,0,0
yoruba_1_02870,Nibi tawọn ọmọkunrin bii ọgọrun-un yii ti n ṣegbeyawo akọ-si-akọ lawọn ọlọpaa ti ko wọn,0,0,0,0,0,0
yoruba_1_02871,"Ọpọ eeyan ku, aimọye dukia ṣofo, ninu ijamba ina to ṣẹlẹ l’Ekoo",0,3,0,0,0,0
yoruba_1_02872,Eeyan meji ku nibi ija ọlọkada atawọn alakooso ọgba ẹwọn n’Ibadan,0,3,0,0,0,0
yoruba_1_02873,"Fulani yinbọn pa ẹṣọ Amọtẹkun meji niluu Ọwọ, wọn tun gbe ọkan ninu wọn sa lọ",0,3,0,0,0,0
yoruba_1_02874,Ta lo n purọ: Owo dija silẹ laarin Gomina Makinde ati ileewosan UCH,0,0,2,0,0,0
yoruba_1_02875,Oni POS ni Victor lu ni jibiti tọwọ fi tẹ ẹ n’llọrin,0,0,0,0,0,0
yoruba_1_02876,"Yatọ si ti ọmọ Princess, ẹsun ifipabanilopọ mi-in tun n duro de Baba Ijẹṣa – Ileeṣẹ ọlọpaa",0,0,0,0,0,0
yoruba_1_02877,"Ọkunrin yii gun ọmọ ẹkọṣẹ telọ ni sisọọsi to ti rẹ loogun pa niluu Iwo, wọn lo fẹẹ fi i ṣoogun owo ni",0,0,0,2,0,0
yoruba_1_02878,"Nitori ọrọ ti ko to nnkan, awọn akẹkọọ Fasiti KWASU mẹrin dawọ jọ lu ẹlẹgbẹ wọn pa",0,3,0,0,0,0
yoruba_1_02879,‘Korona ni ko ti jẹ ka ṣafikun si ẹgbẹrun lọna ọgbọn naira ataabọ ti oṣiṣẹ to kere ju lọ nipinlẹ Ọyọ n gba’,0,1,0,0,0,0
yoruba_1_02880,"O ma ṣe o, ina ẹlẹntiriiki pa akẹkọọ ileewe girama lasiko to n lọọ pọnmi",0,3,0,0,0,0
yoruba_1_02881,"Akẹkọọ ki olukọ rẹ mọlẹ ni Fasiti Ilọrin, o lu u bii aṣọ ofi",0,2,2,0,0,0
yoruba_1_02882,Derrick fada ge ọwọ ọmọbinrin yii bọ nitori ko gba ko fipa ba a lo pọ,0,3,0,0,0,0
yoruba_1_02883,"Akẹkọọ poli gbe majele jẹ, nitori tọrẹkunrin ẹ loun ko ṣe mọ",0,3,2,0,0,0
yoruba_1_02884,Ọwọ EFCC tẹ oṣiṣẹ banki meji ti wọn ji owo ninu akaunti onibaara wọn to ku,0,2,0,0,0,0
yoruba_1_02885,Ọrọ Taju yii ki i ṣoju lasan o! Lẹyin to lo ọdun mẹrin lẹwọn lo tun lọọ jale ni mọṣalaaṣi kan l’Oṣogbo,0,2,0,0,0,0
yoruba_1_02886,"  Tirela kọ lu bọọsi n’Ijẹbu-Ode, lo ba pa eeyan mẹrin lẹsẹkẹsẹ",0,3,0,0,0,0
yoruba_1_02887,Awọn agbebọn pa adari ẹgbẹ APC ti wọn ji gbe lasiko tawọn fijilante fẹẹ doola ẹmi rẹ ni Kwara ,0,3,0,0,0,0
yoruba_1_02888,"Ki Buhari kuro nipo lai fakoko ṣofo, o to gẹẹ-Abubakar Gumi",3,0,0,0,0,0
yoruba_1_02889,"Irọ lawọn ọlọpaa n pa, a o dana sun-unyan mọle ni Gaa Wakili, awọn ni wọn kọkọ yinbọn mọ wa – OPC",2,0,0,0,0,0
yoruba_1_02890,Ile-ẹjọ to ga ju lọ fontẹ lu ẹwọn ọdun mẹwaa fun Joshua Dariye,0,0,0,0,0,0
yoruba_1_02891,Eeyan mẹẹẹdọgbọn jona ku lasiko ti mọto akero meji fori sọra wọn,0,3,0,0,0,0
yoruba_1_02892,"Nitori to lu jibiti lori ẹrọ ayelujara, adajọ sọ Gideon sẹwọn ọgbọn ọjọ n’llọrin",0,0,0,0,0,0
yoruba_1_02893,"L’Oṣogbo, Samuel gbe majele jẹ, o ni gbese ti pọ ju lọrun oun",0,3,0,0,0,0
yoruba_1_02894,"Ọmọ ẹgbẹ okunkun mẹjọ wọ gau n’Ifọ, lẹyin iku ọkan ninu wọn ti wọn yinbọn pa",0,0,0,0,0,0
yoruba_1_02895,"Ọwọ tẹ awọn akẹkọọ ileewe Akọka, ọbẹ ni wọn fi n gba mọto lọwọ awọn eeyan",0,0,0,0,0,0
yoruba_1_02896,Awọn akẹkọọ fasiti yii lu ẹlẹgbẹ wọn pa nitori foonu l’Ọyọọ,0,2,0,0,0,0
yoruba_1_02897,"O ṣẹlẹ, ọmọọdun mẹtadinlogun gbe majele jẹ nitori owo ọga rẹ to ṣe baṣubaṣu",0,2,0,0,0,0
yoruba_1_02898,"Ni Iragbiji, awọn adigunjale kọlu banki Wema",0,0,0,0,0,0
yoruba_1_02899,"Ina ṣẹ yọ nileefowopamọ FCMB, n’llọrin, ọpọ dukia lo jona ",0,3,0,0,0,0
yoruba_1_02900,"Ọkada ni Mukaila ji gbe to fi foju bale-ẹjọ, lo ba tun lọọ ji omi-in gbe ninu ọgba kootu n’Ilọrin",0,0,0,0,0,0
yoruba_1_02901,Laaarọ Mọnde ni Tunde lọọ digunjale l’otẹẹli l’Abẹokuta,0,0,0,0,0,0
yoruba_1_02902,Eedi ree o! Mustapha gun ọrẹ ẹ lọbẹ pa l’Ọrẹ,0,2,0,0,0,0
yoruba_1_02903,Awọn mẹrin to lọwọ si rogbodiyan to waye lasiko iwọde SARS l’Okitipupa dero ẹwọn,0,0,0,0,0,0
yoruba_1_02904,"O ti ju ọdun mẹfa lọ ti ọkọ mi ti ṣe ‘kinni’ fun mi gbẹyin, mi o fẹ ẹ mọ-Dorcas",2,0,0,0,0,0
yoruba_1_02905,"Wahala owo Naira: Awọn ọdọ fibinu dana sun banki meji, wọn ba dukia jẹ l’Ogun",2,0,0,0,0,0
yoruba_1_02906,"Eyi le o, awọn apanijaye ka iyawo Abacha mọle, niṣeju ọmọ ẹ ni wọn ti fun un lọrun pa",0,3,0,0,0,0
yoruba_1_02907,"Baba atọmọ pa Gbenga, wọn kun ẹya ara ẹ si wẹwẹ l’Akurẹ",0,2,0,0,0,0
yoruba_1_02908,Eyi ni bi ijamba ina ṣe fi ọkẹ aimọye dukia ṣofo l’Ọffa ,0,3,0,0,0,0
yoruba_1_02909,"Agbara mi ko gbe wahala ipo aarẹ daadaa mọ, mo n rọju ni- Buhari",0,0,0,0,0,0
yoruba_1_02910,"Ẹ wo Saliu, ọkada lo ji gbe ni teṣan ọlọpaa l’Ekoo",0,0,0,0,0,0
yoruba_1_02911,Awọn ajinigbe tun ji soja atawọn meji mi-in gbe n’Ibadan,0,1,0,0,0,0
yoruba_1_02912,Wahala mi-in tu n bọ o! Awọn aafaa Ilọrin fẹẹ gbena woju obinrin to n ṣe ẹṣin Musulumi ati Kirisitẹni papọ,0,0,0,0,0,0
yoruba_1_02913,"Awọn araalu yari, wọn ni dandan ni ki Ọba Ọlọta Odo-Ọwa fipo silẹ",2,0,0,0,0,0
yoruba_1_02914,"Nibi ti wọn ti n ja nitori ọmọge, Marvelous fi siṣọọsi gun aladuugbo rẹ pa l’Ọka Akoko",0,1,0,0,0,0
yoruba_1_02915,Kalu to yinbọn lu Adija nitori ounjẹ l’Abẹokuta ti wa lẹwọn,0,0,0,0,0,0
yoruba_1_02916,"Awọn tọọgi ya bo sẹkiteriati APC l’Ọṣun, alubami ni wọn lu awọn ọmọ ẹgbẹ",0,0,0,0,0,0
yoruba_1_02917,"Ọrẹ meji dero ẹwọn ni Kwara, ọrẹ wọn ni wọn lu pa nitori ẹgbẹrun mẹrindinlọgọta Naira",0,0,0,0,0,0
yoruba_1_02918,Awọn mẹrin ku ninu ijamba ọkọ l’Ọrẹ,0,3,0,0,0,0
yoruba_1_02919,Wọn yinbọn pa Tunde nibi to ti n dan oogun ayẹta to ṣẹṣẹ ṣe wo,0,1,0,0,0,0
yoruba_1_02920,"Usman fẹẹ fiyawo rẹ ṣoogun owo, lo ba lẹdi apo pọ pẹlu babalawo lati ji i gbe n’Ilọrin",0,0,1,2,0,0
yoruba_1_02921,Nitori obinrin igbakeji pasitọ Sẹlẹ gun ọga rẹ pa sinu sọọṣi n’Ileefẹ,0,0,0,2,0,0
yoruba_1_02922,"Ijọba Buhari yii lo n sọ awọn ọmọ Naijiria dọta ara wọn, Ọbasanjọ lo sọ bẹẹ",0,1,0,0,0,0
yoruba_1_02923,Awọn ajinigbe gbe iyawo ọga-agba ileeṣẹ ijọba Ekiti tẹlẹ,0,1,0,0,0,0
yoruba_1_02924,"O ma ṣe o, kọntena ṣubu le mọto akero ati kẹkẹ Marwa mọlẹ, eeyan mẹrin lo ku",0,3,0,0,0,0
yoruba_1_02925,Ọwọ tẹ Rasaki ati Wasiu nibi ti wọn ti n ja awọn onimọto lole lori biriiji Ọtẹdọla,0,0,0,0,0,0
yoruba_1_02926,"Ọrọ ijọba ibilẹ ni Naijiria nilo adura, ojoojumọ lo n buru si i fun wọn- Ọbasanjọ",0,2,0,0,0,0
yoruba_1_02927,"Ọkọ akẹru kọ lu mọto mẹfa lori ere l’Ekoo, eeyan meji lo ku lẹsẹkẹsẹ",0,3,0,0,0,0
yoruba_1_02928,"Ẹyin tẹ ẹ n ra waini, ẹ fura o: NAFDAC tun ṣawari ibi ti wọn ti n pọn ayederu waini, eeyan mẹwaa lọwọ tẹ ",0,0,0,0,2,0
yoruba_1_02929,"Awa la ṣeeṣi yinbọn si abule ti eeyan mẹwaa ti ku, tọpọ fara pa, nipinlẹ Yobe- Ileeṣẹ ologun ofurufu",0,2,0,0,0,0
yoruba_1_02930,"Lasiko tiyawo baale ile yii lọ fun odun Ileya lo gbe ale wale, niyẹn ba gun un pa",0,0,0,0,0,0
yoruba_1_02931,"Eyi ni bi awọn janduku ọlọkada ṣe fibinu fọ ọga ọlọpaa lori l’Ekoo, wọn pa a patapata",0,3,0,0,0,0
yoruba_1_02932,"Yinusa ti jẹwọ: Loootọ ni mo ji ọkada, ṣugbọn ẹ ṣaanu mi",0,2,0,0,0,0
yoruba_1_02933,Awọn adigunjale pa ọlọdẹ lẹyin ti wọn ko ọja rẹpẹtẹ ninu ṣọọbu to n ṣọ l’Oṣogbo,0,3,0,0,0,0
yoruba_1_02934,"Nitori ọrọ ti ko to nnkan, alapata yii yọbẹ siyawo ẹ, lo ba kun un bii ẹran",0,2,0,0,0,0
yoruba_1_02935,"L eyin wakati diẹ ti wọn kọ lu agọ ọlọpaa, awọn janduku tun dana sun ile rẹpẹtẹ n’Ibadan",0,3,0,0,0,0
yoruba_1_02936,"Ọlayinka lẹdi apo pọ pẹlu babalawo, ni wọn ba lu oniṣowo kan ni jibiti miliọnu mejidinlọgbọn naira n’Ilọrin",0,0,0,0,0,0
yoruba_1_02937,"Wọn paayan meji, wọn ṣe ọpọ agbofinro leṣe ninu ija Fúlàní ati Yorùbá ni ipinlẹ Ọyọ",0,3,0,0,0,0
yoruba_1_02938,"Kayeefi kan ree! Awọn obinrin yii n digunjale, wọn tun n fipa ba ọkunrin laṣepọ",0,0,3,0,0,0
yoruba_1_02939,"Wọn yinbọn pa eeyan mẹta, awọn mi-in tun fara gbọta lasiko atundi ibo ile-igbimọ aṣofin Ekiti",0,2,0,0,0,0
yoruba_1_02940,"Wọn fọmọ ọdun mọkandinlogun lọkọ ni tipatipa l’Adamawa, lo ba gun ọkunrin naa pa",0,2,2,0,0,0
yoruba_1_02941,‘Awọn ọmọ ẹgbẹ okunkun ti wọn ni ki n mu ẹjẹ wa ni mo ṣe yin ọmọ ọga mi lọrun pa’,0,2,0,0,0,0
yoruba_1_02942,"Maaluu mejidinlaaadọrun-un ya wọ oko oloko n’Igangan, wọn ba agbado eeka mẹwaa jẹ",0,3,0,0,0,0
yoruba_1_02943,Wọn ti mu wọn o! Oogun oloro rẹpẹtẹ lawọn eleyii ko sinu agolo ounjẹ ọmọ,0,0,2,0,0,0
yoruba_1_02944,"Oṣiṣẹ ileewosan alabọọde ko Korona ni Meiran, nijọba ba ti ibẹ pa",0,1,0,0,0,0
yoruba_1_02945,"Ọmọ Ibo kan wọ wahala l’Ekiti, obinrin lo ge lọmu jẹ",0,1,0,0,0,0
yoruba_1_02946,"Nitori ibi ọmọ tuntun to dawati lọṣibitu, dokita ati nọọsi dero atimọle ọlọpaa n’llọrin ",0,2,0,0,0,0
yoruba_1_02947,"Wọn fẹsun buruku kan Purofẹsọ ọmọ Yoruba, wọn lo gbowo lọwọ awọn afẹmiṣofo",0,1,0,0,0,0
yoruba_1_02948,"Awọn bọis n ja si ọmọge kan, ni wọn ba ba mọto mẹẹẹdọgbọn jẹ n’Ilọrin",0,0,0,0,0,0
yoruba_1_02949," Ọwọ tẹ Monday, ọmọ ogun ọdun to fipa ṣe ‘kinni’ fun’ya arugbo n’Ifọn",0,0,0,0,0,0
yoruba_1_02950,"Boya ni Dare ati Felix yoo bọ ninu okun adajọ o, awọn ọmọ keekeeke ni wọn fipa ba lo pọ l’Akurẹ",0,1,0,0,0,0
yoruba_1_02951,"N’Ijan-Ekiti, ọkọ akoyọyọ kọ lu ọmọ iya mẹta, ọkan ku, meji fara pa",0,3,0,0,0,0
yoruba_1_02952,"Lẹyin  ti wọn ji owo tan, awọn adigunjale pa ọdẹ to n sọ ileepo kan n’Ibadan",0,3,0,0,0,0
yoruba_1_02953,Inu Awolọwọ ko le dun lọrun si bi Naijiria ṣe ri loni-in- Tokunbọ Awolọwọ,0,3,0,0,0,0
yoruba_1_02954,Ọṣun Oṣogbo: Wọn lu fijilante lalubami nitori to gba ọmọ OPC loogun ,0,1,0,0,0,0
yoruba_1_02955,"Awọn apaniṣowo pa iya agbalagba sinu oko n’Ileṣa, wọn tun yọ oju ẹ lọ",0,3,0,0,0,0
yoruba_1_02956,"Ab’ẹẹri Sanusi, suuti lo fi tan ọmọkunrin to larun ọpọlọ to fi fipa ba a lo pọ",0,2,0,0,0,0
yoruba_1_02957,"Kayeefi, sọja kan pokunso, o ni ile aye ti su oun",0,0,2,0,0,0
yoruba_1_02958,"Adiẹ ti jẹ’fun ara wọn o: Umar pa Fulani ẹgbẹ ẹ l’Akoko, o lo n gbero lati ji oun gbe",0,0,2,0,0,0
yoruba_1_02959,Olukọ to ba tun ran akẹkọọ niṣẹ ti ko tọna l’Ondo yoo ri pipọn oju ijọba,2,0,0,0,0,0
yoruba_1_02960,"Ẹmi kan lo n ti mi lati maa fipa b’awọn obinrin lo pọ, ma a ti ṣe e tan koju mi too walẹ ….. John",0,3,0,0,0,0
yoruba_1_02961,"Awọn adigunjale fọ banki niluu l’Okuku, wọn kowo nla lọ",0,2,0,0,0,0
yoruba_1_02962,Banki apapọ yoo fofin de ile ifowopamọ to ba n sanwo atijọ faraalu,1,0,0,0,0,0
yoruba_1_02963,Inu agolo tomato rẹpẹtẹ lawọn eleyii tọju oogun oloro ti wọn n gbe lọ si Dubai si,0,0,2,0,0,0
yoruba_1_02964,O ma ṣe o! Awọn agbebọn tun ran eeyan mẹfa sọrun ojiji,0,3,0,0,0,0
yoruba_1_02965,"Nitori obinrin, awọn ara abule meji kọju ija sira wọn, eeyan meji ku, ọpọ fara pa",0,3,0,0,0,0
yoruba_1_02966,Ajọ NECO ti sun eto idanwo to n lọ lọwọ si ọjọ mi-in ọjọọre,0,0,0,0,0,0
yoruba_1_02967,"Awọn Fulani kọ lu baba agbẹ ninu oko rẹ n’Ikakumọ Akoko, wọn gun un yannayanna",0,2,0,0,0,0
yoruba_1_02968,"Chidinma ṣe pati daran, wọn sọ ọ sẹwọn ọdun meji tori bẹntiroolu to ha fawọn alejo ẹ",0,3,0,0,0,0
yoruba_1_02969,Awọn to n fẹhonu han nitori SARS ba mọto Igbakeji gomina Ogun jẹ,0,0,0,0,0,0
yoruba_1_02970,"Reluwee fori sọ bọọsi BRT l’Ekoo, eeyan meji ku, ọpọ fara pa yannayanna",0,3,0,0,0,0
yoruba_1_02971,Ọpọlọpọ dukia ṣegbe lasiko ija Yoruba ati Hausa ninu ọja Lafẹnwa,0,2,0,0,0,0
yoruba_1_02972,"Bamiṣe: Andrew fa aṣọ mi ya, atẹyin lo ti fipa ba mi lo pọ ninu ọkọ BRT-Ẹlẹrii",0,2,0,0,0,0
yoruba_1_02973, Awọn agbebọn ji baba ati ọmọ gbe lọ ni Ọ̀sẹ́,0,3,0,0,0,0
yoruba_1_02974,Ẹlerii ti wọn mu lori iku tọkọ-taya tawọn agbanipa sun mọle l’Abokuta ti sa lọ,0,0,0,0,0,0
yoruba_1_02975,Ile-ẹjọ to ga ju lọ maa da ibo aarẹ to kọja yii nu bii omi iṣanwọ ni – Atiku,0,0,0,0,0,0
yoruba_1_02976,"Baba fi ibalopọ fa idi ọmọ bibi inu ẹ ya l’Akinyẹle, n’Ibadan",0,2,0,0,0,0
yoruba_1_02977,Adajọ ju Dauda ati Ibrahim to ji maaluu gbe sẹwọn ọdun marun l’Odigbo,0,1,0,0,0,0
yoruba_1_02978,"Awọn mọlẹbi wolii Sẹlẹ ti ọmọọṣẹ rẹ dana sun n’Ileefẹ ni: Ẹ gba wa o, awọn oloṣelu kan ti fẹẹ doju ẹjọ ru",0,0,0,0,1,0
yoruba_1_02979,"Lateef n lọ sẹwọn gbere ba a ṣe kọwe rẹ, ọmọ kekere lo fipa ba lo pọ l’Aramọkọ-Ekiti",0,0,0,2,0,0
yoruba_1_02980,"Awọn eeyan ma daju o, wọn ge ori ọga agba ileeṣẹ ijọba lọ l’Akurẹ",0,2,0,0,0,0
yoruba_1_02981,"Ọwọ tẹ awọn ọrẹ mẹta yii, ẹya ara oku ni wọn ba lọwọ wọn l’Ekoo ",0,1,0,0,0,0
yoruba_1_02982,"Nitori ọrọ ti ko to nnkan, lanlọọdu ti ayalegbe rẹ ṣubu, niyẹn ba gbabẹ ku",0,3,0,0,0,0
yoruba_1_02983,"Fulani darandaran ya bo abule Mọlege, l’Ondo, wọn yinbọn paayan mẹta, wọn tun dana sun ọpọlọpọ ile",0,3,0,0,0,0
yoruba_1_02984,"Nitori fọto ihooho obinrin kan to loun ni lọwọ, Kazeem fi jibiti gba miliọnu meje naira lọwọ rẹ n’Ijẹbu-Ode",0,2,0,0,0,0
yoruba_1_02985,Eyi ga o! Ninu kootu lawọn ọlọpaa ti nawọ gan Ọmọlara to waa jẹrii gbe ẹgbọn ẹ n’llọrin ,0,0,2,0,0,0
yoruba_1_02986,Ọwọ tẹ awọn Fulani mẹta pẹlu nnkan ija oloro l’Akurẹ,0,0,0,0,0,0
yoruba_1_02987,"Awọn janduku ya wọ teṣan ọlọpaa n’Ibadan, wọn yinbọn pa kọburu kan",0,3,0,0,0,0
yoruba_1_02988,"Inu otẹẹli lawọn SARS pa ọmọ mi si n’Iwoo, wọn tun ji miliọnu mẹrin naira rẹ lọ-Ayinla",0,3,0,0,0,0
yoruba_1_02989,"Iyaagba kan ku, ọmọde mẹrin fara pa, lasiko arọọda ojo n’llọrin ",0,3,0,0,0,0
yoruba_1_02990,Awọn ọlọpaa SARS le awọn ọmọ Yahoo pa l’Oṣogbo,0,0,0,0,0,0
yoruba_1_02991,"Akẹkọọ Fasiti ipinlẹ Eko mẹta lugbadi Korona, lawọn alaṣẹ ba ti ile ti wọn n gbe pa",0,1,0,0,0,0
yoruba_1_02992,"Awọn gomina PDP kilọ: Tinubu, to o ba le ṣejọba orileede yii mọ, gbe e ju silẹ ",2,0,0,0,0,0
yoruba_1_02993,"L’Ọṣun, awọn janduku pa Qudus, wọn tun dana sun aafin ",0,2,0,0,0,0
yoruba_1_02994,Itusilẹ ni Pasitọ Matthew loun fẹẹ ṣe f’ọmọ ijọ rẹ to fi fipa ba a lo pọ l’Ogijo,0,2,0,0,0,0
yoruba_1_02995,"Temitọpẹ at’ọrẹ ẹ lọọ ji mọto gbe nipinlẹ Delta, Ekiti lọwọ ti tẹ wọn",0,1,0,0,0,0
yoruba_1_02996,"Nitori owo-oṣu tijọba jẹ wọn, awọn oṣiṣẹ ileeṣẹ omi fẹhonu han l’Ekoo",1,0,0,0,0,0
yoruba_1_02997,Awọn agbebọn ji iyawo atawọn ọmọ araalu oyinbo gbe ni Kwara ,0,3,0,0,0,0
yoruba_1_02998,Mimu omi kanga lasiko omiyale yii lewu gidi o – Ijọba Ogun,0,0,0,0,2,0
yoruba_1_02999,"Wọn pa Adebari si yara ẹ, wọn tun ge ọwọ osi ẹ lọ l’Abẹokuta ",0,2,0,0,0,0
yoruba_1_03000,‘’Iya gidi ni yoo jẹ ọlọpaa to ba yẹ foonu araalu wo loju titi’’,2,0,0,0,0,0
yoruba_1_03001,"Awọn ọlọpaa ti mu Ahmed ati Ṣẹyẹ, wọn lawọn ni wọn pa Gafaru l’Abẹokuta",0,1,0,0,0,0
yoruba_1_03002,Awọn ibeji lu ẹgbọn wọn pa nitori ogun baba wọn,0,2,0,0,0,0
yoruba_1_03003,"Lẹyin ọjọ kẹta ti wọn paayan marundinlogoji, awọn agbebọn tun fẹmi aadọta eeyan ṣofo ni Kaduna",0,3,0,0,0,0
yoruba_1_03004,"Ẹlẹwọn kan, Amọtẹkun meji pẹlu ṣọja kan ku nibi ikọlu awọn agbebọn si ọgba ẹwọn Ọyọ",0,3,0,0,0,0
yoruba_1_03005,"Tinubu ko lẹtọọ lati dupo aarẹ, tori olokoowo egboogi oloro ni – Peter Obi",0,0,0,0,0,0
yoruba_1_03006,"Iru ki waa leleyii, ọmọkunrin yii si para ẹ niwaju iya ẹ ni Surulere",0,2,2,0,0,0
yoruba_1_03007,"Eto aabo ṣi maa buru ju bayii lọ, ayafi… – Ọbasanjọ",0,0,0,0,1,0
yoruba_1_03008,"Kootu sọ pasitọ sẹwọn gbere nitori ẹsun ipaniyan, ọjọ kẹta lo dagbere faye",0,2,0,0,0,0
yoruba_1_03009,"Oluṣẹgun yii buru o, adiẹ ti wọn ni ko maa mojuto lo lọọ ta ni gbanjo, lo ba nawo jẹ",0,0,0,0,0,0
yoruba_1_03010,Josiah to ju ọga rẹ si kanga lẹyin to pa a tan l’Akurẹ ti dero kootu,0,0,0,0,0,0
yoruba_1_03011,"Iyawo olori ileegbimọ aṣofin Ọṣun tẹlẹ, Najeem Salaam, ti ku o",0,2,0,0,0,0
yoruba_1_03012,Awọn agbebọn ti pa mẹta ninu awọn akẹkọọ fasiti ti wọn ji gbe ni Kaduna,0,3,0,0,0,0
yoruba_1_03013,"Ọlọpaa n wa awọn ọmọ ọba meji, nitori ade iṣẹmabaye ti wọn ji lọ",0,0,0,0,0,0
yoruba_1_03014,"Korona burẹkẹ l’Ekoo, eeyan mẹfa ku, aadọrin le lẹẹẹdẹgbẹta tun ko o",0,0,0,0,2,0
yoruba_1_03015,"Awọn adigunjale kọ lu banki mẹta n’Ikẹrẹ-Ekiti, eeyan mẹta ni wọn pa",0,3,0,0,0,0
yoruba_1_03016,Ṣe gbogbo yin ti ri idi ti mo ṣe ta ko iyansipo Buhari lọdun 2015 bayii – Fayoṣe,0,0,0,0,0,0
yoruba_1_03017,"Awọn ajijagbara ‘Yoruba Nation’ fipa gbakoso redio Amuludun, n’Ibadan, ọlọpaa ti mu ninu wọn",0,0,0,0,0,0
yoruba_1_03018,Baba agbalagba tọwọ tẹ nibi to ti n hu oku olokuu l’Ondo ti foju bale-ẹjọ,0,0,0,0,0,0
yoruba_1_03019,Ọta ilọsiwaju lawọn ti wọn maa n ba dukia ijọba jẹ lasiko rogbodiyan – Arẹgbẹṣọla,0,0,0,0,0,0
yoruba_1_03020,Eeyan marun-un ku ninu ikọlu awọn Fulani ati agbẹ n’Imẹkọ,0,2,0,0,0,0
yoruba_1_03021,Dubai lawọn eleyii ti waa ṣe ‘Yahoo’ l’Ekoo ti EFCC fi mu gbogbo wọn,0,0,2,0,0,0
yoruba_1_03022,Wọn ti dana sun too geeti Lekki-Ikoyi,0,0,0,0,0,0
yoruba_1_03023,"Jonathan n rin ni bebe ẹwọn o, ọmọ ọdun mẹẹẹdogun lo fipa ṣe ‘kinni’ fun ni Badagry",0,0,0,2,0,0
yoruba_1_03024,"‘Akẹkọọ Fasiti Eko to gun ọga agba ileeṣẹ tẹlifiṣan lọbẹ pa, awọn awọn kan lo wa nidii ẹ’",0,2,0,0,0,0
yoruba_1_03025,"Ọkunrin yii ku sori opo ina ni Kọbapẹ, wọn lo fẹẹ ji waya ni",0,2,0,0,0,0
yoruba_1_03026,Wọn ṣa adari ẹgbẹ PDP pa siwaju ile baba ẹ l’Ọyọọ,0,0,0,2,0,0
yoruba_1_03027,Wọn ba oku ọmọkunrin kan ninu kilaasi ileewe alakọọbẹrẹ l’Ekiti,0,2,0,0,0,0
yoruba_1_03028,"Ọrọ ti doju ẹ bayii o, nitori aṣiri tiyawo ọmọ rẹ tu ni kootu, baba Mohbad ṣe orin jade fun un",0,0,0,0,0,0
yoruba_1_03029,"Awọn agbebọn ṣoro ni Kwara, wọn paayan, wọn ji owo ati foonu gbe lọ ",0,3,0,0,0,0
yoruba_1_03030,"Awọn afọbajẹ yari n’Iwoo, wọn l’Oluwoo gbọdọ kuro nipo ọba",2,0,0,0,0,0
yoruba_1_03031,"Ọkọ ọlọpaa kọ lu kẹkẹ Marwa n’llọrin, eeyan meji lo ku",0,2,0,0,0,0
yoruba_1_03032,Ẹgbẹ PDP ati APC sọko ọrọ sira wọn nitori bi Fayemi ṣe ti ileewe pa fun ọsẹ meji l’Ekiti,0,0,0,0,0,0
yoruba_1_03033,Oyun ibeji lo wa nikun ọmọ mi tọlọpaa yinbọn pa -Iya Ọmọbọlanle,0,3,0,0,0,0
yoruba_1_03034,"‘’O yẹ ki Tinubu fi Truss ṣe awokọṣe, ko kọwe fipo silẹ’’",0,0,0,0,0,0
yoruba_1_03035,"Baale fẹsun agbere kan iyawo ẹ ni kootu, ladajọ ba tun sọ ọ sẹwọn oṣu mẹta",0,0,0,0,0,0
yoruba_1_03036,"Awọn ọdọ adugbo dana sun ọkunrin kan, wọn lo ji ọmọ araadugbo awọn gbe Amuloko, n’Ibadan",0,2,0,0,0,0
yoruba_1_03037,"O ma ṣe o! Tirela akẹru re ja bọ lori biriiji Ọtẹdọla, eeyan kan ku",0,3,0,0,0,0
yoruba_1_03038,"Ezekiel, ọmọ ọdun mẹwaa, pa ọrẹ rẹ lasiko ti wọn n gba bọọlu l’Ekoo",0,2,0,0,0,0
yoruba_1_03039,"Bi ọlọpaa tabi ṣọja ba fiya jẹ Yoruba kan lọna aitọ, a maa sọ ọ dogun mọ wọn lọwọ ni- Sunday Igboho",2,0,0,0,0,0
yoruba_1_03040,"Olukọ meji, akẹkọọ mẹjọ, lawọn agbebọn tun ji gbe nileewe kan ni Kaduna",0,3,0,0,0,0
yoruba_1_03041,"Awọn janduku la yin taju-taju si, ki i ṣe awọn to n ṣewọde EndSARS-Kọmiṣanna ọlọpaa Eko",0,0,0,0,0,0
yoruba_1_03042,   Ọlọpaa n wa Ganiyu to figo gun ibatan rẹ pa l’Ekoo ,0,0,0,0,0,0
yoruba_1_03043,Awọn eeyan Ikẹrẹ-Ekiti fẹẹ kọ teṣan ọlọpaa tawọn janduku dana sun,0,0,0,0,0,0
yoruba_1_03044,Awọn agbebọn to ji Olori kabiyesi ti wọn pa ni Kwara n beere fun ọgọrun-un miliọnu,0,0,0,0,0,0
yoruba_1_03045,"Abubakar yii daju o, ọmọbinrin to fẹẹ fipa ba laṣepọ lo ṣa ladaa ni Kwara ",0,2,0,0,0,0
yoruba_1_03046,"Wahala ṣẹlẹ nile Akeredolu n’Ibadan, awọn ọmọ oloogbe binu gidigidi sawọn akọroyin",0,0,0,0,0,0
yoruba_1_03047,"Tinubu, awọn araalu ko ri ipa owo iranwọ epo tijọba rẹ n fun awọn gomina loṣooṣu o – TOM",0,0,0,0,0,0
yoruba_1_03048,"Baba Ijẹsa ko gbadun rara lahaamọ to wa, o ti ru, ko lokun mọ rara, bẹẹ lo n tiro rin-Lọọya",0,2,0,0,0,0
yoruba_1_03049,"Ile ti Ayọmide ti lọọ ṣiṣẹ lo ti ji jẹnẹretọ, ọwọ Amọtẹkun ti tẹ oun ati Hausa to ta a fun l’Oṣogbo",0,0,0,0,0,0
yoruba_1_03050,Ọwọ tẹ Muhammed at’ọrẹ ẹ to n fi ayederu dọla ṣe paṣipaarọ fawọn eeyan,0,0,0,0,0,0
yoruba_1_03051,"Aisan kọlẹra pa eeyan mọkanla nijọba ibilẹ Lagelu, n’Ibadan",0,3,0,0,0,0
yoruba_1_03052,"Nitori ẹsun ipaniyan, adajọ sọ baba arugbo sẹwọn ni Kwara ",0,0,0,0,0,0
yoruba_1_03053,Idasilẹ ọlọpaa ipinlẹ: Awọn aṣofin Eko ta ko ipinnu ọga ọlọpaa patapata,0,0,0,0,0,0
yoruba_1_03054,"Ojowu ọkunrin lọọ ba ale ẹ ja nile ọti obinrin kan n’Ikọtun, ibẹ lo ku si",0,0,0,1,0,0
yoruba_1_03055,"Awọn agbebọn kọ lu teṣan ọlọpaa ni Benue, wọn ba pa mẹrinla ninu wọn",0,0,0,0,0,0
yoruba_1_03056,A maa gbẹsan iku awọn Fulani darandaran ti wọn pa nilẹ Ibo- Ẹgbẹ Miyetti Allah,3,0,0,0,0,0
yoruba_1_03057,Sidika tọju kokeeni sinu bata to n wọ lọ si Mẹka,0,0,2,0,0,0
yoruba_1_03058,Awọn meji ku sinu kanga ti wọn n gbẹ l’Abẹokuta,0,2,0,0,0,0
yoruba_1_03059,"Mo mọ pe iku lere ohun ti mo ṣe yii, ṣugbọn ẹ jọwọ, ẹ dariji mi-Ayọmide",0,0,0,0,0,0
yoruba_1_03060,Wọn ni Wolii Alade-Ẹmi lo fun ọmọ iya ijọ wọn to ku ni majele jẹ,0,0,2,0,0,0
yoruba_1_03061,"Azeez niyawo oun n yan ale, lo ba lu u pa toyun-toyun ni Ṣaki",0,2,0,0,0,0
yoruba_1_03062,"Nitori ti won ko lo ibomu, awọn alaṣẹ ileewe le akẹkọọ meji danu nipinlẹ Ọyọ",0,0,0,0,0,0
yoruba_1_03063,Ogun miliọnu lawọn agbebọn to ji agbẹ mẹrin gbe n’Ifọn n beerewọn,0,0,0,0,0,0
yoruba_1_03064,"Eyi ni bi iṣẹlẹ abami ṣe gbẹmi ọpọ eeyan, to si ba dukia rẹpẹtẹ jẹ n’Ibadan",0,2,0,0,0,0
yoruba_1_03065,"Fulani fipa ba ọmọ ọlọmọ lo pọ l’Akurẹ, o tun yọ oju rẹ mejeeji",0,3,0,0,0,0
yoruba_1_03066,"Eyi le o, iya agba foju bale-ẹjọ, wọn lo gbabẹtẹlẹ lọwọ awọn to fipa ba ọmọ-ọmọ ẹ lo pọ l’Ekiti",0,1,2,0,0,0
yoruba_1_03067,Ọwọ ọlọpaa tẹ baale ile to n pọn ọti ayederu faraalu mu,0,0,0,0,0,0
yoruba_1_03068,Ọdaju ni ijọba APC pẹlu bi wọn ṣe tun fowo kun owo epo -PDP ,2,0,0,0,0,0
yoruba_1_03069,"Ọdọmọkunrin mẹtala dero atimọle EFCC, wọn ni won n lu awọn eeyan ni jibiti",0,0,0,0,0,0
yoruba_1_03070,Lẹyin ti Pasitọ Joshua fipa ba obinrin kan sun tan lo fun un lọrun pa,0,2,0,0,0,0
yoruba_1_03071,"Ẹni kan ku, ọpọ fara pa, nibi eto idibo abẹle l’Ekiti",0,3,0,0,0,0
yoruba_1_03072,"Dokita pa ọrẹbinrin ẹ, o ju oku ẹ sigbo, o tun pa iyaale ile kan, o sin in sọfiisi rẹ ni Kwara ",0,0,0,0,0,0
yoruba_1_03073,"Yunkẹyunkẹ ti su Yẹmi, lo ba fọbẹ ge ‘’kinni’’ ọkọ ẹ nipinlẹ Ogun",0,2,0,0,0,0
yoruba_1_03074,Awọn ọmọbinrin mi mẹta ti wọn n mura ile-ọkọ ni wọn ba iṣẹlẹ ijamba ọkọ oju omi lọ-Aisha,0,3,0,0,0,0
yoruba_1_03075,"Ijamba ina ṣẹlẹ laafin Ọọni, ọpọ dukia lo ṣofo",0,3,0,0,0,0
yoruba_1_03076," Loootọ nijọba jẹbi, ẹyin ọdọ, a tọrọ aforiji-Ọsinbajo",0,2,0,0,0,0
yoruba_1_03077,"Ẹ gbadura fun  Kollington Ayinla o, wọn lẹsẹ-kan-aye ẹsẹ-kan-ọrun lo wa lọsibitu bayii!",0,3,0,0,0,0
yoruba_1_03078,Awọn ajinigbe ji igbakeji ọba ilu Ijan-Ekiti gbe,0,1,0,0,0,0
yoruba_1_03079,"Awọn obi pe ọmọ wọn atiyawo ẹ lẹjọ, tori wọn o rọmọ bi lẹyin ọdun mẹfa igbeyawo wọn",0,0,2,0,0,0
yoruba_1_03080,Awọn oṣiṣẹ banki to gbowo nla jade lakaunti onibaara ti rẹwọn he,0,0,0,0,0,0
yoruba_1_03081,"Iru ifẹ wo ree: Nitori ti ọkunrin ja a kulẹ, akẹkọọ-binrin yii binu gbẹmi ara ẹ",0,2,2,0,0,0
yoruba_1_03082,Akẹkọọ poli ti wọn mu pe o digunjale ni: Mo fẹẹ maa jaye ọlọba lo jẹ ki n maa jale,0,0,0,0,0,0
yoruba_1_03083,"Awọn ọlọpaa ti ṣe Ọmọyele Ṣoworẹ leṣe o, wọn ti gbe e lọ sọsibitu l’Abuja",0,2,0,0,0,0
yoruba_1_03084,"O ma ṣe o, lọjọ Aiku, niku mu eeyan meji lọ ninu ijamba mọto loju-ọna Ipetujeṣa",0,3,0,0,0,0
yoruba_1_03085,Ọbinrin ti Robbinson fipa ba lo pọ loṣu kẹrin ko ti i gbadun,0,2,0,0,0,0
yoruba_1_03086,Awọn ajinigbe tun ji ọba alaye gbe ni Kogi,0,1,0,0,0,0
yoruba_1_03087,"Lẹyin tawọn ọmọ ẹgbẹ okunkun ja oni POS lole l’Oṣogbo, wọn tun pa ọkunrin kan",0,3,0,0,0,0
yoruba_1_03088,Ijọba ibilẹ tuntun ti wọn kede nipinlẹ Ondo di wahala,0,0,0,0,0,0
yoruba_1_03089,Ṣoworẹ gbe awọn oloṣelu to n ra ẹrọ ata faraalu ṣepe,3,0,0,0,0,0
yoruba_1_03090,"Awọn oṣiṣẹ eleto ilera fẹhonu han ni Kwara, wọn ni ijọba ko tọju awọn",3,0,0,0,0,0
yoruba_1_03091,Tirela tẹ oṣiṣẹ FRSC pa loju ọna Ṣagamu s’Ijẹbu-Ode,0,3,0,0,0,0
yoruba_1_03092,"Nbi ti wọn ti n le adigunjale, sifu difẹnsi yinbọn pa iyaale ile kan lasiko to fẹẹ kirun Yidi",0,3,0,0,0,0
yoruba_1_03093,"Eemọ ree o! Timothy ji iyawo ile gbe, odidi ọsẹ mẹta lo fi ba a laṣepọ ko too lọ ja a soju titi n’Ileefẹ",0,2,0,0,0,0
yoruba_1_03094,"Awọn agbebọn dana sun eeyan mẹwaa, wọn dumbu awọn kan, wọn si ko obinrin meje wọgbo lọ ni Niger",0,3,0,0,0,0
yoruba_1_03095,Eeyan mẹrinla tun ti lugbadi arun  Koronafairọọsi l’Ekiti,0,1,0,0,0,0
yoruba_1_03096,Awọn to n ta ko awọn gomina Guusu lori ofin fifi maaluu jẹko n fina ṣere – Fani-Kayọde,2,0,0,0,0,0
yoruba_1_03097,"Eyi le o! Obinrin yii ji ara ẹ gbe, o loun fẹẹ fi gbowo lọwọ ẹgbọn oun ni",0,0,2,0,0,0
yoruba_1_03098,"Ọlọpaa tọ n ṣọ Gbajabiamila, olori awọn aṣoju-ṣofin, yinbọn pa fẹndọ l’Abuja",0,1,0,0,0,0
yoruba_1_03099,"Maaluu ti Ojo yoo fi ṣegbeyawo lo fẹẹ lọọ ra ti wọn fi pa a, ti wọn si ge ẹya ara rẹ lọ ni Kwara",0,3,0,0,0,0
yoruba_1_03100,"Abiru ki waa leleyii, baale ile lu iyawo ẹ pa n’lọrin",0,2,0,0,0,0
yoruba_1_03101,"Nitori awọn janduku ọmọ ẹgbẹ okunkun, ijọba ti ileewe pa l’Ọṣun",0,1,0,0,0,0
yoruba_1_03102,Nibi ti obinrin kan duro si jẹẹjẹ rẹ ni ọkọ ayọkẹlẹ ti lọọ tẹ ẹ pa n’llọrin ,0,3,0,0,0,0
yoruba_1_03103,Wọn ti dajọ iku fun Ibrahim to ge ori ọmọ ọdun meji l’Owode-Ẹgba,0,2,0,0,0,0
yoruba_1_03104,Ajalu buruku! Oṣere tiata mi-in tun ku lojiji,0,3,0,0,0,0
yoruba_1_03105,"Awọn to ji Aafaa Giwa gbe n’llọrin yari, wọn ni miliọnu mẹrin kere fawọn gẹgẹ bii owo itusilẹ ",0,2,0,0,0,0
yoruba_1_03106,"Nitori ẹsun magomago, EFCC gbẹsẹ le akaunti ileegbimọ aṣofin Ọyọ",0,0,0,0,0,0
yoruba_1_03107,Iwadii n lọ lori olukọ ti wọn lo fẹẹ fipa ba akẹkọọ lo pọ ni Fasiti Ifẹ-Awọn Alaṣẹ,0,0,0,0,0,0
yoruba_1_03108,"Eemọ ree! Nitori ẹsun agbere, ọkunrin kun iyawo rẹ bii ẹran, o lo n ṣ’agbere",0,0,2,0,0,0
yoruba_1_03109,Nibi ti Ṣẹgun atawọn ọrẹ ẹ ti n ṣepade oko ole ti wọn fẹẹ lọ lawọn ọlọpaa ka wọn mọ,0,0,0,0,0,1
yoruba_1_03110,Ọdaran mẹtalelaaadọta lọwọ ọlọpaa tẹ pẹlu ọpọlọpọ nnkan ija oloro lọwọ wọn,0,0,2,0,0,0
yoruba_1_03111,"Pasitọ Ajayi n lọ sẹwọn ba a ṣe kọwe rẹ, ọmọ tẹnanti rẹ lo fipa ṣe ‘kinni’ fun",0,0,0,2,0,0
yoruba_1_03112,"Muhammed gun iyawo ẹ pa lọjọ ọdun tuntun, o lo kọle lai sọ foun",0,2,0,0,0,0
yoruba_1_03113,Tọheeb gun ọmọ ẹgbẹ onimọto pa l’Adiyan,0,2,0,0,0,0
yoruba_1_03114,"Lọjọ kan ṣoṣo, arun Korona pa eeyan marun-un nipinlẹ Ọṣun",0,3,0,0,0,0
yoruba_1_03115,"Wọn ti mu obinrin yii o, awọn alaboyun rẹpẹtẹ ni wọn ba nileeṣẹ to ti n ta ọmọ ìkókó",0,0,2,0,0,0
yoruba_1_03116,"Nitori ti wọn dari alaisan lọ si ọsibitu aladaani, ijọba da dokita ati nọọsi duro nipinlẹ Ọyọ",0,0,0,0,0,0
yoruba_1_03117,"Eeyan mẹta ku, ọpọ fara pa, ninu ijamba ọkọ l’Akurẹ",0,3,0,0,0,0
yoruba_1_03118," Eeyan meje ku, mewaa farapa yanna-yanna, nibi ile to wo l’Ekoo",0,3,0,0,0,0
yoruba_1_03119,"O ṣẹlẹ, Yẹmi my Lover fẹsun kan Tọpẹ Alabi, o ni alaimoore ni",2,0,0,0,0,0
yoruba_1_03120,"Eedi ree, ọlọkada yii gun ẹni to n la wọn nija pa",0,2,0,0,0,0
yoruba_1_03121,Ajọ SERAP kilọ fun Buhari: Tete yaa sọ fun ijọba Niger Republic ki wọn da owo to o fun wọn pada,2,0,0,0,0,0
yoruba_1_03122,"Peter yii ma daju o, laarin ọjọ meje ti wọn gba a siṣẹ lo pa ọga ẹ l’Ekoo",0,2,2,0,0,0
yoruba_1_03123,Wọn ti mu tiṣa to fipa ba akẹkọọ rẹ lo pọ n’Ilọrin,0,0,0,0,0,0
yoruba_1_03124,"Awọn tọọgi da ipolongo ibo Jẹgẹdẹ ru l’Ọwọ, eeyan marun-un lo fara pa",0,1,0,0,0,0
yoruba_1_03125,"Eeyan mẹjọ ku, mẹfa fara pa, nibi ijamba ọkọ ni Kwara ",0,3,0,0,0,0
yoruba_1_03126,Eyi ni bi awọn Fulani afẹmiṣofo ṣe pa aadọta eeyan laarin ọjọ mẹrin,0,3,0,0,0,0
yoruba_1_03127,"Ọmọ ọdun mọkandinlogun yii ba iyawo oniyawo lo pọ, lọkọ ba gun un pa",0,2,0,0,0,0
yoruba_1_03128," Obinrin yii ji ọmọ gbe ni Nasarawa, lo ba gbe e sa lọ si Benue",0,0,2,0,0,0
yoruba_1_03129,"Wọn fẹẹ lu Taju pa n’Ibadan, iyawo ẹ lo purọ ole mọ ọn ",0,2,0,0,0,0
yoruba_1_03130,Awọn araalu binu dana sun afurasi ajinigbe mẹfa tọwọ tẹ,2,0,0,0,0,0
yoruba_1_03131,Awọn ajinigbe n beere aadọta miliọnu lori mọlẹbi kan ti wọn ji gbe l’Ekiti,0,2,0,0,0,0
yoruba_1_03132,"Awọn agbebọn ji nọọsi gbe l’Ọṣun, miliọnu mẹwaa ni wọn n beere",0,2,0,0,0,0
yoruba_1_03133,"Adajọ ni ki Tunde lọọ lo iyooku aye ẹ lẹwọn, ọmọ ọdun meje lo fipa ba lo pọ l’Oṣogbo",0,2,0,0,0,0
yoruba_1_03134,Ewu nla n rọ dẹdẹ lori Naijiria pẹlu bi wọn o ṣe fi Sunday Igboho silẹ yii- Ẹgbẹ Oodua Worldwide   ,0,0,0,0,3,0
yoruba_1_03135,"Ayuba ti dero ẹwọn o, apo eedu ati foonu lo ji gbe",0,0,0,0,0,0
yoruba_1_03136,Nnkan de! Wọn ti ji kọmiṣanna kan ati ana ẹ gbe lọ,0,2,0,0,0,0
yoruba_1_03137,Awọn Fulani ji pasitọ Ridiimu atawọn mẹtala mi-in gbe l’Eruwa,0,2,0,0,0,0
yoruba_1_03138,"Awọn agbalẹ ṣewọde l’Ekiti, wọn lowo osu awọn ko too na mọ",1,0,0,0,0,0
yoruba_1_03139,Awọn alaṣẹ fẹẹ ṣewadii b’awọn ọmọ ẹgbẹ okunkun ṣe yinbọn mọra wọn ni Poli Ibadan ,0,0,0,0,0,0
yoruba_1_03140,"Iya atọmọ balẹ satimole, nitori iya ọgọta ọdun ti wọn pa l’Ojodu Abiọdun",0,2,2,0,0,0
yoruba_1_03141,"Awọn agbebọn pa ọmọ Magaji Rẹkẹ, nipinlẹ Kwara",0,2,0,0,0,0
yoruba_1_03142,Baale ile yii gbe majele jẹ nitori ti ọrẹbinrin rẹ n yan ale,0,0,0,2,0,0
yoruba_1_03143,"Nitori ẹsun jibiti ori ẹrọ ayelujara, adajọ ni kawọn ọdaran meji gbalẹ ọgba Fasiti Ilọrin foṣu mẹta",0,0,0,0,0,0
yoruba_1_03144,"Awọn eeyan ko ri BRT wọ mọ l’Ekoo, owo buruku lawon onidanfo n gba lọwọ wọn",0,2,0,0,0,0
yoruba_1_03145,"Ija orogun: Maryam fọmọ-odo fọ iyaale rẹ lori, niyẹn ba ku patapata",0,3,0,0,0,0
yoruba_1_03146,"Ẹgbẹ oṣiṣẹ kilọ fun ijọba, wọn ni wọn ko gbọdọ le awọn oṣiṣẹ ile aṣofin",1,0,0,0,0,0
yoruba_1_03147,Nnkan de! Awọn afẹmiṣofo ti ya wọ awọn igbo kaakiri ilẹ Yoruba,0,0,0,0,2,0
yoruba_1_03148,Adajọ ti ju Adebọwale ọlọkada to fipa ba ọmọ ọdun mẹtala sun n’Ileefẹ sẹwọn,0,1,0,0,0,0
yoruba_1_03149,"Ẹ wo Taiwo, awọn oni POS lo n lu ni jibiti n’Ilọrin ",0,0,1,0,0,0
yoruba_1_03150,"Ọwọ tẹ Ayọmide l’Oṣogbo, waya ile onile lo lọọ ji tu",0,0,0,0,0,0
yoruba_1_03151,O ga o! Eeyan mẹta ku ninu ija ilu Ifọn ati Ilobu,0,2,0,0,0,0
yoruba_1_03152, Lẹyin ti lanledi pa tẹnanti rẹ tan lo ju oku rẹ si kanga l’Oke-Agbe,0,2,0,0,0,0
yoruba_1_03153," Pasitọ yii ti dero ẹwọn o, ọmọ ti wọn fi ti i lo fipa ṣe ‘kinni’ fun",1,1,0,0,0,0
yoruba_1_03154,"Tori ijamba ina nla, ijọba ti biriiji Apọngbọn pa l’Ekoo, wọn le awọn ontaja danu",0,0,0,0,0,0
yoruba_1_03155,"Nitori awọn agbẹ onirẹsi mẹtalelogoji tawọn Boko Haram bẹ lori ni Borno, PDP sọko ọrọ si Buhari",2,0,0,0,0,0
yoruba_1_03156,Eeyan mẹrindinlọgọrin ṣegbe lasiko ijamba ọkọ oju omi ni Anambra,0,3,0,0,0,0
yoruba_1_03157,Awọn agbebọn ji olori adugbo atawọn mẹta mi-in gbe l’Ọwọ,0,3,0,0,0,0
yoruba_1_03158,Wọn fẹẹ fi rogbodiyan to ṣẹlẹ l’Ekoo din agbara ilẹ Yoruba ku ni-Akeredolu,0,1,0,0,0,0
yoruba_1_03159,Asiri baba to n ba iyawo ọmọ ẹ laṣepọ tu ni Ṣaki lo ba sa lọ,0,0,0,2,0,0
yoruba_1_03160,Wọn ti ji ọba alade kan at’iyawo ẹ gbe o,0,1,2,0,0,0
yoruba_1_03161,"Samson yii ma daju o, o tan onikẹkẹ Marwa mẹta lọ sile ẹ, o pa wọn, o si ji kẹkẹ wọn lọ",0,3,0,0,0,0
yoruba_1_03162,"Ibalopọ lo dija silẹ, l’Ọdunayọ ba fibinu gun ọkọ ẹ pa",0,2,0,0,0,0
yoruba_1_03163,"Aja ni ọkọ mi maa n fifẹ han si, ko bikita fun emi atawọn ọmọ, mi o fẹ ẹ mọ-Rashidat",0,2,0,0,0,0
yoruba_1_03164,"Ibo ku ọjọ kan, wọn ji oludije sipo igbakeji gomina gbe",0,0,0,0,0,0
yoruba_1_03165,Awọn to n ba Gomina Makinde ṣiṣẹ ni baba isalẹ fawọn tọọgi n’Ibadan,0,0,0,0,0,0
yoruba_1_03166,"Elisha yii yoo pẹ ni Kirikiri o, ọmọkunrin ti ko ju ọdun mẹsan-an lọ lo fipa ba lo pọ",2,2,0,0,0,0
yoruba_1_03167,"Akẹkọọ fasiti yii ma daju o, ọrẹbirin rẹ lo fun ni majele jẹ",0,2,0,0,0,0
yoruba_1_03168,"Nitori ẹsun jibiti, gende mọkanla ha sọwọ EFCC l’Ekoo",0,0,0,0,0,0
yoruba_1_03169,"Layajọ ọjọ ololufẹ, eeyan mẹrin jona ku ninu ijamba mọto ni marosẹ Ijẹbu-Ode",0,3,0,0,0,0
yoruba_1_03170,"Awon aṣofin yari, wọn ni: ‘Buhari, tete sọrọ soke’",2,0,0,0,0,0
yoruba_1_03171,Ki Aarẹ Bahari ma fipa sọ ilẹ awọn ẹni ẹlẹni di aaye ijẹko-Tambuwal,0,1,0,0,0,0
yoruba_1_03172,Awọn agbebọn tun ji akẹkọọ fasiti meji gbe sa lọ  nipinlẹ Taraba,0,3,0,0,0,0
yoruba_1_03173,"Ajinigbe koju ọlọpaa n’Ibeṣe, wọn pa ẹni kan, wọn ji eeyan meji gbe, ọlọpaa pa meji ninu awọn naa",0,2,0,0,0,0
yoruba_1_03174, Eeyan meji ku ninu ijamba ọkọ loju ọna marosẹ Eko si Abẹokuta,0,3,0,0,0,0
yoruba_1_03175,"Nitori b’awọn Fulani ṣe tun paayan meji l’Owode-Ketu, awọn eeyan sa kuro niluu",0,2,0,0,2,0
yoruba_1_03176,Wọn ṣa Kudirat pa sinu oko lẹyin ti wọn fipa ba a lo pọ tan l’Ondo,0,3,0,0,0,0
yoruba_1_03177,Awọn Hausa ṣi n fọ ile ti wọn ko ounjẹ pamọ si kiri l’Abuja,0,0,0,0,0,0
yoruba_1_03178,"O ma ṣe o! Agbabọọlu yii si ṣubu lulẹ lori papa, lo ba ku patapata",0,3,0,0,0,0
yoruba_1_03179,Ẹ gba wa o! Awọn Ibaruba Kwara n dunkooko mọ ẹmi wa – Igbimọ Yoruba ,0,0,0,0,3,0
yoruba_1_03180,"Awakọ tirela gba oni-Maruwa lẹṣẹẹ, niyẹn ba ku patapata",0,2,2,0,0,0
yoruba_1_03181,Ọwọ ọlọpaa tẹ ọmọ ọdun mẹtadinlogun to fun obinrin mẹwaa loyun,0,0,0,0,0,0
yoruba_1_03182,"Ẹlẹtan ni Oyetọla, ko gbe igbesẹ alaafia kankan pẹlu wa – Awọn TOP",2,0,0,0,0,0
yoruba_1_03183,James atọrẹ ẹ yin Adefisayọ lọrun pa lẹyin ti wọn fipa ba a lo pọ tan l’Ogijo,0,3,0,0,0,0
yoruba_1_03184,"Nitori Bobrisky, ija nla bẹ silẹ laarin awọn oṣere tiata, epe ni wọn n gbera wọn ṣẹ",0,0,0,0,0,0
yoruba_1_03185,"Aarẹ Buhari tun kilọ lẹẹkan si i, o loun yoo ba ẹnikẹni to ba fi ọrọ SARS da ilu ru fa wahala",2,0,0,0,0,0
yoruba_1_03186,Adajọ ju ọlọkada to lu ọlọpaa sẹwọn l’Ọsun,0,0,0,0,0,0
yoruba_1_03187,"Tirela lọọ ya ba awọn obinrin oniṣowo mẹwaa ninu ọja, lo ba tẹ wọn pa",0,3,0,0,0,0
yoruba_1_03188,Ẹlẹṣẹ ko ni i lọ lai jiya: Adajọ ni ki gende to fipa ba akẹkọọ ileewe girama meji sun maa lọ sẹwọn gbere,0,1,0,0,0,0
yoruba_1_03189,O ma ṣe o! Maaluu kan akẹkọọ-jade fasiti pa,0,3,0,0,0,0
yoruba_1_03190,Wọn yinbọn pa ẹni kan nibi ti wọn ti n ka ibo n’Idanre,0,2,0,0,0,0
yoruba_1_03191,"Ọkọ mi waa lu mi lọfiisi, o tun lọọ lu’ya mi mọle, ẹ tu wa ka – Ronkẹ",3,2,0,0,0,0
yoruba_1_03192,"Awọn ọmọ ẹgbẹ PDP binu si Makinde n’Ibadan, wọn lawọn ko ni i dibo fun un ni 2023",2,0,0,0,0,0
yoruba_1_03193,Kootu ti ọkunrin yii ti ji batiri mọto yọ naa ni wọn ti ju u satimọle,0,1,0,0,0,0
yoruba_1_03194,"Nitori bo ṣe purọ mọ ọga rẹ, adajọ ju Pasitọ Abiọdun sẹwọn ọdun meji l’Akurẹ",0,0,0,0,0,0
yoruba_1_03195,"Awọn ọrẹ mẹrin tan oni-POS lọ sile akọku, wọn gbowo ọwọ ẹ, wọn si dana sun un l’Ogun",0,3,0,0,0,0
yoruba_1_03196,"Ọkọ mi o lowo lọwọ, emi ni mo n gbọ gbogbo bukaata ninu ile, ẹ tu wa ka- Bashirat ",2,2,0,0,0,0
yoruba_1_03197,Ikunlẹ abiyamọ o! Eeyan mẹwaa ku ninu ijamba ọkọ lojuna Marosẹ Eko s’Ibadan,0,3,0,0,0,0
yoruba_1_03198,"Ọlọpaa sa kuro ni teṣan l’Akurẹ, nitori awọn ọlọkada to fẹẹ gbẹsan iku ẹlẹgbẹ wọn ti wọn pa",0,0,0,0,2,0
yoruba_1_03199,Buhari n ṣiṣẹ fawọn Fulani lati so Naijiria di tiwọn ni o – Gomina Benue ,0,0,0,0,0,0
yoruba_1_03200,Awọn adigunjale to yinbọn pa oṣiṣẹ ileepo Akurẹ d’ero ile-ẹjọ,0,0,0,0,0,0
yoruba_1_03201,"Wọn ti gbaṣọ lọrun ọlọpaa yii o, o lọọ fipa gbowo lakaunti ẹni to fẹsun kan",0,0,2,0,0,0
yoruba_1_03202,Awọn oṣiṣẹ ijọba meji tọwọ tẹ lori ẹsun tita ọmọ were lọna aitọ ti foju bale-ẹjọ,0,0,0,0,0,0
yoruba_1_03203,"O ma ṣe o, ọkunrin kan padanu ẹmi rẹ lasiko to fẹẹ yọ foonu rẹ to ja bọ sinu ṣalanga",0,3,0,0,0,0
yoruba_1_03204,"Idibo wọọdu di wahala lẹgbẹ PDP l’Ọṣun, eeyan meji ku, ọpọlọpọ fara pa",0,2,0,0,0,0
yoruba_1_03205,"Chidinma to gun ọga ileeṣẹ tẹlifiṣan lọbẹ pa l’Ekoo ni kawọn mọlẹbi ọkunrin naa foriji oun, oun o fẹẹ ku",0,2,0,0,0,0
yoruba_1_03206,"‘Ko sohun ti APC ko fi ni i wọle ibo 2023, gbogbo aye lo ri i pe iṣejọba Buhari peregede’",0,0,0,0,0,0
yoruba_1_03207," Awọn ololufẹ Pasuma n binu si Taye Currency, wọn ni ko gbọdọ wa s’Ekoo o",2,0,0,0,0,0
yoruba_1_03208,Nibi tawọn eleyii ti n le ẹni ti wọn fẹẹ ja lole lọ lori biriiji Alausa lọwọ ti tẹ wọn,0,0,0,0,0,0
yoruba_1_03209,"Wahala nbọ o, awọn alaṣẹ Fasiti Ifẹ atawọn eeyan ilu naa fẹẹ gbena woju ara wọn nitori ọrọ ilẹ",2,0,0,0,0,0
yoruba_1_03210,Awọn agbebọn yinbọn pa awakọ nibi to ti n sa fawọn ajinigbe l’Akunnu Akoko,0,3,0,0,0,0
yoruba_1_03211,Ibrahim ti jẹwọ fawọn ọlọpaa: Oogun owo ni mo fẹẹ fi awọn ọrẹ meji ti mo pa ṣe,0,2,0,0,0,0
yoruba_1_03212,"Nitori bi ojo ṣe ba ọpọlọpọ dukia jẹ niluu, Oluwoo rawọ ẹbẹ sijọba",0,2,0,0,0,0
yoruba_1_03213,"‘Wọn de mi lọwọ lẹsẹ fun ọjọ meji gbako ninu ojo, mi o gbadura iru iriri bẹẹ f’ọtaa mi’",0,3,0,0,0,0
yoruba_1_03214,Wọn le olukọ-agba ti ko wa sileewe lọjọ Isinmi kuro lẹnu iṣẹ lEkiti,0,0,0,0,0,0
yoruba_1_03215,Ọwọ tẹ awọn to doju ija kọ awọn oṣiṣẹ ijọba to n mu ọlọkada l’Ekoo,0,0,0,0,0,0
yoruba_1_03216," Awọn agbebọn yinbọn pa ọmọ oniṣowo kan, wọn ji ekeji gbe lọ n’llọrin ",0,3,0,0,0,0
yoruba_1_03217," O ma ṣe o, wọn yinbọn pa alaga APC atawọn eeyan rẹpẹtẹ  ",0,3,0,0,0,0
yoruba_1_03218,Tirela tẹ awọn obinrin meji pa nibi ti wọn ti n kiri ọja ni marosẹ Eko s’Ibadan,0,3,0,0,0,0
yoruba_1_03219,Bi Kinsley ṣe fẹẹ wọn ṣọọṣi ni Festac lawọn agbebọn ji i gbe lọ l’Ekoo,0,2,0,0,0,0
yoruba_1_03220,Awọn janduku fẹẹ jo ileegbimọ aṣofin Ekiti,0,0,0,0,0,0
yoruba_1_03221,"Lẹyin oṣu meje to ti wa lọsibitu, Favour ti Robinson fipa ba lo pọ l’Agbara ti ku o",0,3,0,0,0,0
yoruba_1_03222,"Sunday yii ma laya o, wolii obinrin lo lọọ fipa ba sun mọ’nu ṣọọṣi rẹ",0,0,2,0,0,0
yoruba_1_03223,"Nitori ẹgbẹrun mẹtadinlọgọta Naira to ji, adajọ ti ni ki wọn lọọ yẹgi fun fọganaisa kan",0,2,0,0,0,0
yoruba_1_03224,"Mo kọwe sileeṣẹ ọlọpaa pe mi o ṣiṣẹ mọ, wọn o jẹ ki n lọ, iya ni wọn fi n jẹ mi – Fauzziyah",0,3,0,0,0,0
yoruba_1_03225,Ibi ayẹyẹ igbeyawo lawọn kan ti n bọ tawọn agbebọn fi ji marun-un ninu wọn l’Omu-Aran,0,2,0,0,0,0
yoruba_1_03226,Tọkọ-tiyawo to lu jibiti owo nla dero ẹwọn n’Ibadan,0,1,0,0,0,0
yoruba_1_03227,Iru kileyi! Ẹyẹ abami to n ke lọganjọ oru ni Peter le lọ tile fi wo pa a patapata,0,2,0,0,0,0
yoruba_1_03228,Ọwọ ọlọpaa tẹ akẹkọọ poli pẹlu fọọmu igbani-wọle sinu ẹgbẹ okunkun n’llọrin,0,0,0,0,0,0
yoruba_1_03229,"Ibọn pa meji ninu awọn to fọle itaja n’Ijẹbu-Ode, wọn mu ọkan laaye",0,0,0,0,0,0
yoruba_1_03230,Awọn ọmọ ẹgbẹ okunkun yinbọn pa akẹkọọ Yabatech,0,3,0,0,0,0
yoruba_1_03231,"Laarin wakati diẹ ti wọn kede iku Akeredolu, awọn ọmọlẹyin rẹ mẹta kọwe fipo silẹ",0,2,0,0,0,0
yoruba_1_03232,"Ọrẹ meji gbadajọ ẹwọn ọdun mọkanlelogun, nitori ẹsun idigunjale",0,0,0,0,0,0
yoruba_1_03233,"Ẹwọn n run nimu Kingsley, ọmọ ọdun mẹtala lo fipa ba laṣepọ ni Kwara",0,0,0,2,0,0
yoruba_1_03234,Ọwọ tẹ Abubakar atawọn ọrẹ ẹ ti wọn n ta burẹdi atoogun fawọn ajinigbe,0,0,0,0,0,1
yoruba_1_03235,Ọpọlọpọ egboogi oloro ti ọmọkunrin yii fẹẹ gbe sọda siluu oyinbo lo ti ya jade lakata NDLEA,0,0,0,0,0,0
yoruba_1_03236,"Nitori ọrọ Hushpuppi, wọn ti jawee gbele-ẹ fun Abba Kyari",0,0,0,0,0,0
yoruba_1_03237,"Awọn ajagun-gbalẹ kọlu ọba tuntun l’Ekoo, wọn fẹẹ ji i gbe lọ",0,1,0,0,0,0
yoruba_1_03238,"Bọkọ mi ko ba gbẹjẹ lara mi, ki i fi mi silẹ, mi o ṣe mọ – Mariam",1,2,0,0,0,0
yoruba_1_03239,"Eeyan kan ku, ọpọ fara pa ninu ijamba ọkọ to waye lori biriiji Third-Mainland l’Ekoo",0,3,0,0,0,0
yoruba_1_03240,"‘Nitori korona, ẹ yẹra fun ikorajọ ati orin aisun alẹ Keresi lọdun yii o’",0,0,0,0,0,0
yoruba_1_03241,"Adigunjale ya wọ ile awọn akẹkọọ Poli Ilaro, wọn ba awọn akẹkọọ-binrin wọn lo pọ",0,3,0,0,0,0
yoruba_1_03242,"O ma ṣe o, tẹgbọn-taburo lọọ wẹ lodo, ni wọn ba bomi lọ lọjọ ọdun Keresi",0,3,0,0,0,0
yoruba_1_03243,Ki lo n ṣẹlẹ: Ijọba Buhari fẹẹ gba Amọtẹkun lọwọ awọn Yoruba!,0,0,0,0,0,0
yoruba_1_03244,"Wahala l’Ado-Ekiti, ibọn ba ọlọpaa lasiko rogbodiyan, wọn lawọn ẹgbẹ ẹ lo yinbọn pa a",0,2,0,0,0,0
yoruba_1_03245,"Nitori bata lasan, ọrẹ meji gun Ekene lọbẹ pa n’Iganmu",0,2,0,0,0,0
yoruba_1_03246,"Ẹ wo bi wọn ṣe mura bii ṣọja, agbebọn to n ṣiṣẹ ajinigbe ni wọn ni Kaduna",0,0,2,0,0,0
yoruba_1_03247,"Nitori ọrọ ti ko to nnkan, awọn ọmọ ẹgbẹ OPC gun Chidi lọbẹ pa ni Bariga",0,3,0,0,0,0
yoruba_1_03248,"Ẹẹmeji niyawo mi ṣẹyun to ni fun mi danu, mi o fẹ ẹ mọ-Yinusa",2,2,0,0,0,0
yoruba_1_03249,"Awọn agbebọn ji eeyan mẹta gbe niluu Oṣu, ni wọn ba n beere miliọnu lọna aadọta naira",0,2,2,0,0,0
yoruba_1_03250,Ọwọ tẹ mọkandilogun lara awọn ọmọ ẹgbẹ okunkun to n yọ awọn ara Ogun lẹnu,0,0,0,0,0,1
yoruba_1_03251,"Awọn ọdọ ṣewọde ‘June 12’ l’Ọjọta, lawọn ọlọpaa ba kọ lu wọn",0,2,0,0,0,0
yoruba_1_03252,"O ma ṣe, o eeyan mọkanla jona ku nipinlẹ Kogi",0,3,0,0,0,0
yoruba_1_03253,"Nitori akọlu awọn tọọgi, apapọ ẹgbẹ oṣelu rawọ ẹbẹ si Buhari l’Ondo",0,0,0,0,2,0
yoruba_1_03254,"Ọkọ akẹru sa f’ewurẹ, lo ba tẹ ọmọleewe mẹrin ati ọlọkada kan pa n’Ibadan                                                 ",0,3,0,0,0,0
yoruba_1_03255,"L’Ọṣun, awọn ọmọ ẹgbẹ okunkun ṣọ Job lọ sibi idibo abẹle APC, ni wọn ba yinbọn pa a",0,2,0,0,0,0
yoruba_1_03256,"Wasiu ko ẹgbẹrun mẹwaa Naira fun agbanipa, o ni ko fi payawo oun toyun-toyun l’Ogijo",0,2,0,0,0,0
yoruba_1_03257,Olukọ ileewe giga fi foto obinrin lu oyinbo ni jibiti niluu Ọffa,0,0,0,0,0,0
yoruba_1_03258,"Agbara Tinubu ko le gbe wahala ipo aarẹ, o yẹ ko lọọ fẹyinti ni-Ẹgbẹ Arewa Oke-Ọya",0,0,0,0,0,0
yoruba_1_03259,Ẹwọn ọdun mejilelogun ni Ṣẹgun ati Sanmi ti wọn n fọmọ ọlọmọ ṣowo ẹru yoo ṣe,1,0,0,0,0,0
yoruba_1_03260,Awọn agbebọ  tun pa eeyan mọkanla ni abule kan nipinlẹ Plateau,0,3,0,0,0,0
yoruba_1_03261,"Aṣiri tu, eyi nidi ti ijọba orileede Benin fi ju Sunday Igboho sọgba ẹwọn",0,0,0,0,0,0
yoruba_1_03262,Ọwọ aṣọbode tẹ dẹrẹba oniṣowo to n ta ayederu oogun nipinlẹ Ọyọ,0,0,0,0,0,0
yoruba_1_03263,"Nitori ẹsun idigunjale ati ifipabanilopọ, adajọ ni ki wọn lọọ yẹgi fun Deji atọrẹ ẹ l’Ekiti",0,0,0,0,0,0
yoruba_1_03264,"Idaamu Baba Ijẹṣa: Adajọ da ẹjọ kotẹmilọrun to pe nu, wọn ni dandan ni ko lo ọdun marun-un lẹwọn",0,1,0,0,0,0
yoruba_1_03265,"Awọn ọlọkada l’ọmọkunrin yii maa n pa, ti yoo si ji ọkada wọn gbe lọ",0,2,0,0,0,0
yoruba_1_03266,Nibi ti Tiamiyu ti n ṣiṣẹ ninu kanga lo ti ku sinu ẹ l’Oṣogbo,0,3,0,0,0,0
yoruba_1_03267,"Sunday Igboho tun juko ọrọ: Ẹru Fulani ni Tinubu, Makinde atawọn agbaagba Yoruba kan",3,0,0,0,0,0
yoruba_1_03268,"Nnkan de, awọn ajinigbe ji iyawo alaga kansu meji gbe sa lọ",0,2,0,0,0,0
yoruba_1_03269,"Nitori ikọlu tawọn afẹmiṣofo fẹẹ ṣe s’Amẹrika, ijọba UK kilọ fawọn ọmọ orilẹ-ede wọn",0,0,0,0,2,0
yoruba_1_03270,"Awọn agbebọn tun gboro ni Jos, wọn paayan mẹwaa, wọn dana sun’le rẹpẹtẹ",0,3,0,0,0,0
yoruba_1_03271,"Ajalu buruku leleyii o, ṣọja mọkanlegun ti wọn ṣẹṣẹ wọṣẹ ologun ku ninu ijamba ọkọ",0,3,0,0,0,0
yoruba_1_03272,Nikẹ  fi mọto paayan meji nibi ti wọn ti n ṣewọde SARS l’Ekoo,0,3,0,0,0,0
yoruba_1_03273,"O ma ṣe o, kọntena kaṣu ja lu mọto oṣiṣẹ fasiti l’Ọṣun, oju-ẹsẹ lo ku",0,3,0,0,0,0
yoruba_1_03274,Ẹgbẹ oṣelu PDP Ọṣun lawọn ko ni i kopa ninu idibo ijọba ibilẹ ti OSIEC fẹẹ ṣe,0,0,0,0,0,0
yoruba_1_03275,Nibi tawọn eleyii ti n digunjale lọwọ n’Iju-Ọta lawọn ọlọpaa ka wọn mọ,0,0,0,0,0,0
yoruba_1_03276,Ọwọ ọlọpaa tẹ ogbologboo adigunjale meji to n yọ wọn lẹnu n’llọrin ,0,0,0,0,0,1
yoruba_1_03277,Hijaabu: Eyi ni bawọn Musulumi ṣe kọ lu wa -Rẹfurẹẹni Dada,0,0,0,0,0,0
yoruba_1_03278,"Nitori tawọn mọlẹbi rẹ ko ri ọgọrun-un miliọnu ti wọn beere san, awọn ajinigbe pa Nasiru sinu igbo ni Aisẹgba-Ekiti",0,3,0,0,0,0
yoruba_1_03279,Wahala n bọ o! Portable olorin ati ṣọọṣi Sẹlẹ fẹẹ gbena woju ara wọn,0,0,0,0,0,0
yoruba_1_03280,"Ọpẹyẹmi tan ọrẹ ẹ lọ sinu igbo, lẹyin to pa a tan lo ji ọkada rẹ gbe lọ l’Ondo",0,2,0,2,0,0
yoruba_1_03281,Oogun oloro: Ajọ NDLEA ṣekilọ fawọn ọdaran lẹyin tọwọ tẹ mọkandinlaaadọfa,0,0,0,0,0,0
yoruba_1_03282,Ọwọ ajọ sifu difẹnsi tẹ awọn afurasi to n ji epo gbe n’Igbọkọda,0,0,0,0,0,0
yoruba_1_03283,"O ṣẹlẹ! Iyawo n yan lanlọọdu ile ti wọn n gbe lale, lọkọ ba binu dana sun ara ẹ",0,3,0,0,0,0
yoruba_1_03284,Awọn gomina to ta ko gbedeke nina owo Naira atijọ fẹẹ fowo ra ibo ni -Muiz Banirẹ,0,0,0,0,0,0
yoruba_1_03285,"Awọn obinrin fẹhonu han lọ saafin ọba, ni wọn ba dana sun ile kabiesi",0,0,0,0,0,0
yoruba_1_03286,Kwara: Wọn ti ọsibitu ile ijọba pa nitori iku Aminu Logun,0,0,0,0,0,0
yoruba_1_03287,"Tori MC Oluọmọ ati Portable, awọn eeyan fẹsun ṣiṣe ojuṣaaju kan ileeṣẹ ọlọpaa",0,0,0,0,0,0
yoruba_1_03288,"Iru ki waa leleyii, ọkọ tẹ ọlọkada kan pa l’Óbòtò",0,3,0,0,0,0
yoruba_1_03289,"Awọn ọdọ ṣewọde ni Kutọ, wọn ni ki Buhari maa lọ",2,0,0,0,0,0
yoruba_1_03290,Nibi ti wọn ti n pari ija lawọn agbebọn pa oludasilẹ ṣọọṣi yii si,0,2,0,0,0,0
yoruba_1_03291,"Idibo 2023: ijọba fẹsun ibanilorukọjẹ kan ẹgbẹ oselu PDP, ni Kwara",0,0,0,0,0,0
yoruba_1_03292,"Mọto pa ọmọ ọdun mẹwaa l’Ọṣunjẹla, lawọn araalu ba fẹhonu han",0,2,0,0,0,0
yoruba_1_03293,"Suleman lu wolewole to fẹẹ yẹ ileegbọnsẹ rẹ wo, ladajọ ba sọ ọ sẹwọn oṣu mẹta",0,0,0,0,0,0
yoruba_1_03294,"Lawrence gun iyawo ẹ pa, o ni ko pọnmi sile",0,1,0,2,0,0
yoruba_1_03295,Ijọba ologun Burkina Faso tileeṣẹ redio to sọrọ odi sawọn soja to gbajọba ni Niger pa,0,0,0,0,0,0
yoruba_1_03296,"Awọn eleyii ti ha o, aṣẹwo ti wọn fẹẹ ba sun ni wọn ja lole",0,0,0,0,0,0
yoruba_1_03297,Awọn ọmọ kewu mẹjọ ni Aafaa Farouk fipa ba lo pọ tadajọ fi ju u sẹwọn gbere,0,0,0,2,0,0
yoruba_1_03298,Dukia to to miliọnu meje naira jona raurau nibi ijamba ina to ṣẹle niluu Iwo,0,3,0,0,0,0
yoruba_1_03299,‘Awọn abinu-ẹni oloṣelu lo pa Bọla Ige’,0,2,0,0,0,0
yoruba_1_03300,"Ọmọbinrin yii ti fọwọ ara ẹ kọwe sọgba ẹwọn, ọlọpaa lo yinbọn pa",0,2,0,0,0,0
yoruba_1_03301,"Ẹfun abeedi! Sodiq gbẹmi ara ẹ, inu kanga lo bẹ si",0,2,0,0,0,0
yoruba_1_03302,"Ọlọpaa mẹrin wọ gau ni Kwara, agunbanirọ ni wọn fipa gbowo lọwọ ẹ ",0,0,0,0,0,0
yoruba_1_03303,SARS: Ileeṣẹ ọlọpaa ko san aadọta miliọnu tile-ejọ ni ki wọn san fun mi latọdun 2016 – Bankọle,0,2,0,0,0,0
yoruba_1_03304,Awakọ pa ọlọkada sori afara niluu Ilọrin ,0,2,0,0,0,0
yoruba_1_03305,Awọn agbebọn ṣa baale ile pa mọnu ile ọti n’Ibadan,0,3,0,0,0,0
yoruba_1_03306,"Awọn Fulani tun ya wọ oko Olu Falae l’Akurẹ, wọn ba gbogbo nnkan ọgbin rẹ jẹ",0,2,0,0,0,0
yoruba_1_03307,Peter Obi koro oju si bi Sanwo-Olu ṣe da awọn ọmọ ipinlẹ Ọṣun kan pada sile,1,0,0,0,0,0
yoruba_1_03308,"Baba yii yoo farugbo ara ṣẹwọn o, egboogi oloro rẹpẹtẹ ni wọn ka mọ ọn lọwọ l’Ekiti",0,2,0,0,0,0
yoruba_1_03309,Ọsibitu aladaani to ba tọju alarun Korona l’Ọṣun yoo jiyan rẹ niṣu- Ẹgbẹmọde,2,0,0,0,0,0
yoruba_1_03310,"O ma ṣe o, ijamba ọkọ akẹru paayan mẹrin l’Ọyọọ",0,3,0,0,0,0
yoruba_1_03311,"Ọwọ tẹ Intercessor, ọkunrin to n ji iṣu awọn agbẹ wa ni Ṣaki",0,0,0,0,0,0
yoruba_1_03312,"O ma ṣe o, Gomina Rotimi Akeredolu ti ku o!",0,3,0,0,0,0
yoruba_1_03313,"O ma ṣe o, oṣere tiata Yoruba ku lojiji!",0,3,0,0,0,0
yoruba_1_03314,Ile-ẹjọ faini DPO to lu telọ rẹ lalubami n’Ibadan,0,0,0,0,0,0
yoruba_1_03315,Adajọ ni ki wọn lọọ ju ọmọ ọdun mẹtadinlogun to fipa ba ọmọ ọdun mẹta lo pọ satimọle,0,0,0,2,0,0
yoruba_1_03316,"Oṣiṣẹ mọṣuari ge ori oku olokuu, o ta a fawọn afeeyan ṣetutu l’Abẹokuta",0,0,0,2,0,0
yoruba_1_03317,Ikunlẹ abiyamọ o! Akẹkọọ ogun jona ku nigba tileewe wọn gbina,0,3,0,0,0,0
yoruba_1_03318,"Pasitọ yii ru posi kaakiri Eko, o ni ami pe Ọlọrun ti binu sijọba Buhari ni",0,0,2,0,0,0
yoruba_1_03319,Awọn ajinigbe ji oniṣowo epo bẹntiroolu n’Iṣan-Ekiti,0,2,0,0,0,0
yoruba_1_03320,O ga o! Ohun tawọn ero to n lọ sode iyawo ṣe fun obinrin ọlọpaa yii buru jai,0,3,0,0,0,0
yoruba_1_03321,"Nnkan de, ọmọ Naijiria yii ti ha si India, egboogi oloro lo gbe lọ",0,0,2,0,0,0
yoruba_1_03322,Ọran nla! Awọn agbebọn ji Imaamu agba gbe ni Kogi,0,0,0,0,0,0
yoruba_1_03323,"Tori burẹdi ati omi ti Samson ji, adajọ sọ ọ sẹwọn ọdun mẹta",0,0,2,0,0,0
yoruba_1_03324,"Ọsẹ kan lẹyin t’Ogbomọṣọ, awọn Fulani tun pa ẹṣọ alaabo lotẹẹli l’Abẹokuta, wọn, wọn ji ẹni kan gbe",0,3,0,0,0,0
yoruba_1_03325,Ọwọ tẹ oyinbo ilẹ Canada to fẹẹ gbe egboogi oloro wọ Naijiria ,0,0,0,0,0,0
yoruba_1_03326,Ọwọ ti tẹ ọkan ninu awọn ajinigbe to yinbọn pa awakọ l’Akunnu Akoko,0,0,0,0,0,1
yoruba_1_03327,"Awọn eleyii ti rẹwọn he o, owo Naira tuntun ni wọn n ta n’llọrin ",0,0,2,0,0,0
yoruba_1_03328,"Aṣiri tu, wọn layederu ni sabukeeti Chicago Yunifasiti ti Tinubu ko fun INEC",0,0,2,0,0,0
yoruba_1_03329,Oṣelu ‘emi lo kan’ tawọn kan n pariwo ko le ṣe anfaani kankan faraalu-Tunde Bakare,0,0,0,0,0,0
yoruba_1_03330,Ọlọpaa yinbọn pa Ayuba nibi ifẹhonu han to waye niluu Ọyọ,0,1,0,0,0,0
yoruba_1_03331,"Ẹgbẹ Arewa fẹsun kan Tinubu, wọn ni ọdalẹ ni",2,0,0,0,0,0
yoruba_1_03332,"Amọtẹkun yinbọn paayan n’Ibadan, lawọn ọdọ ba fẹhonu han",0,0,0,0,0,0
yoruba_1_03333,"Awọn araalu binu si Tinubu, nitori bo ṣe ni ki wọn maa fawọn darandaran ni ilẹ ti wọn ko ba lo",2,0,0,0,0,0
yoruba_1_03334,Ẹ ba mi kilọ fun Bunmi Ademosun ko fi ọkọ mi lọrun silẹ o-Iyawo Gomina Akeredolu pariwo,2,0,0,0,0,0
yoruba_1_03335,"L’Abẹokuta, Ṣeyi ta mọto ti wọn ni ko tunṣe, lo ba fowo gbọ bukaata ara ẹ",0,0,2,0,0,0
yoruba_1_03336,Ọwọ tẹ awọn akẹkọọ ileewe girama mẹta to fipa ba ẹlẹgbẹ wọn lo pọ l’Akurẹ,0,0,0,0,0,0
yoruba_1_03337,"O maṣe o, were ṣa ọmọ ọdun meje pa l’Ado-Ekiti",0,3,0,0,0,0
yoruba_1_03338,Awọn ọmọ ẹgbẹ okunkun pa eeyan mẹta l’Oṣogbo,0,3,0,0,0,0
yoruba_1_03339,"Adeleke ba ṣekupa ale iyawo ẹ l’Ayetoro, nile-ẹjọ ba ni ki wọn lọọ yẹgi fun un",0,2,0,0,0,0
yoruba_1_03340,Awọn agbebọn tun ko ọmọleewe ati tiṣa lọ ni Kaduna,0,3,0,0,0,0
yoruba_1_03341,Awọn ajinigbe to ji Emir ni Kaduna n beere igba miliọnu naira,0,0,0,0,0,0
yoruba_1_03342,Awọn ọlọpaa ti mu ọmọbinrin ti ọrẹkunrin ẹ ku sinu otẹẹli ti wọn jọ sun mọju,0,0,0,0,0,0
yoruba_1_03343,Ko si Aarẹ to ṣe daadaa fawọn araalu to Buhari -Ganduje,0,0,0,0,0,0
yoruba_1_03344,"Kootu da ẹjọ ti wọn pe ta ko Tinubu nu, wọn tun paṣẹ kawọn olupẹjọ sanwo itanran",0,0,0,0,0,0
yoruba_1_03345,Ṣẹyin naa ti gbọ: Iku lere ẹṣẹ fẹnikẹni to ba gbe oogun oloro wọlu bayii,0,0,0,0,0,0
yoruba_1_03346,"Nitori bi Tinubu ṣe yan ọmọ Ganduje sipo, awọn ọmọ ẹgbẹ kan n binu",0,0,0,0,0,0
yoruba_1_03347,"Awọn ọdọ fẹhonu han n’Ibadan nitori owo Naira ati epo bẹntiroolu, wọn ba dukia rẹpẹtẹ jẹ",2,0,0,0,0,0
yoruba_1_03348,"Wọn fẹsun kan ọba Ilẹ Oluji, wọn ni kabiyesi  ko awọn ọdọ kan jọ fun ẹgbẹ okunkun",0,0,0,0,0,0
yoruba_1_03349,"Wọn ti mu eeyan mẹta lori iku Dapọ Ọjọra, ẹgbọn iyawo Bukọla Saraki, ti wọn lo yinbọn para ẹ",0,0,0,0,0,0
yoruba_1_03350,"O ṣẹlẹ! Alaga ẹgbẹ APC fipa ba ọmọọdọ rẹ sun, lere ba doyun",0,0,0,2,0,0
yoruba_1_03351,Eeyan meji ku lasiko ti ṣọọṣi kan da wo lulẹ nipinlẹ Ọṣun,0,3,0,0,0,0
yoruba_1_03352,"Eyi o daa o, lẹyin oṣu kan to ṣegbeyawo lawọn Fulani darandaran pa ọkunrin yii",0,3,0,0,0,0
yoruba_1_03353,"Ọkọ mi fẹẹ fi ibalopọ pa mi, mi o fẹ ẹ mọ-Ọlamide",2,0,0,0,0,0
yoruba_1_03354,"O ti ṣẹlẹ! Lori ẹsun ikowojẹ, Tinubu gbaṣẹ lọwọ ọkan ninu awọn minisita ẹ",0,0,2,0,0,0
yoruba_1_03355,"Obinrin kan padanu ẹmi rẹ, awọn ọmọde mẹta fara pa, ninu ijamba mọto lọjọ ọdun tuntun n’Ikire",0,3,0,0,0,0
yoruba_1_03356,Awọn agbebọn lati ilẹ okeere ti gbakoso awọn ibi kan nilẹ Yoruba- Akintoye,0,2,0,0,0,0
yoruba_1_03357,Iwọde lori owo tuntun: Ṣọja yinbọn pa ọlọkada n’Ibadan,0,2,0,0,0,0
yoruba_1_03358,"Igbeyawo Zainab daru n’Ibadan, aisan ibalopọ lo da wahala silẹ",0,0,0,0,0,0
yoruba_1_03359,"Ilẹ n jẹẹyan! Ọlọfana ti wọ kaa ilẹ lọ, awọn eeyan bara jẹ gidigidi  nibi isinku ẹ",0,3,0,0,0,0
yoruba_1_03360,"Ina sọ nile-ẹjọ giga ipinlẹ Kwara, ọpọ dukia jona gburugburu",0,1,0,0,0,0
yoruba_1_03361,"Lọjọ kan ṣoṣo, eeyan mẹjọ ku ninu ijamba ọkọ ni marosẹ Eko s’Ibadan",0,3,0,0,0,0
yoruba_1_03362,"Oṣiṣẹ banki kowo awọn onibaara jẹ l’Abẹokuta, nile-ẹjọ ba sọ ọ sẹwọn oṣu kan aabọ",0,0,0,0,0,0
yoruba_1_03363,Ileewe awọn ọlọpaa ni Babangida atawọn ẹgbẹ ẹ ti lọọ jale,0,0,0,0,0,0
yoruba_1_03364,                                                                                                                                                                                                                                                                                      ‘Emi ni mo ṣa akẹkọọ fasiti yii pa nitori mo ti fi owo to ni ki n ba oun fi wale ta tẹtẹ’                                                                                             ‘Emi ni mo ṣa akẹkọọ fasiti yii pa nitori mo ti fi owo to ni ki n ba oun fi wale ta tẹtẹ’,0,0,0,2,0,0
yoruba_1_03365, Tirela Dangote tun tẹ ọpọ eeyan pa l’Akungba Akoko,0,3,0,0,0,0
yoruba_1_03366,"Awọn ṣọja ṣawari ileeṣẹ ti wọn ti n ta ọmọ tuntun, ọpọlọpọ aboyun ni wọn  ko kuro nibẹ",0,0,0,0,0,0
yoruba_1_03367,Awọn agbebọn tun ji ọmọ China mi-in l’Ekiti,0,0,0,0,0,0
yoruba_1_03368,"Layaajọ ọdun Keresi, ere asapajude fẹmi eeyan mẹta ṣofo l’Ogun",0,3,0,0,0,0
yoruba_1_03369,Ẹni to ba fẹẹ fiku ṣere nikan lo maa sọ pe ko sohun to n jẹ Korona – Sanwo-Olu,0,0,0,0,0,0
yoruba_1_03370,2023: PFN ko ni i dibo fun ẹgbẹ oṣelu to ba fẹẹ fi Musulumi ṣe aarẹ ati igbakeji lorileede yii – Wale Oke,0,0,0,0,0,0
yoruba_1_03371,"Ẹ ṣọra fun jijẹ tọki ati ṣinkin ti wọn ko sinu yinyin wa lati ilẹ okeere, kẹmika ti wọn n lo ni mọṣuari ni wọn n fi si i- NAFDAC",0,0,0,0,1,0
yoruba_1_03372,Awọn ajinigbe pa alaga Miyetti Allah lẹyin ti wọn gbowo tan   ,0,2,0,0,0,0
yoruba_1_03373,A maa ṣewadii ẹsun pe ọlọpaa ti wọn lu bajẹ ji apoti ibo gbe sa lọ- Ileeṣẹ ọlọpaa,0,0,0,0,0,0
yoruba_1_03374,Adanu nla ni iku Alaafin jẹ fun iran Yoruba – Oluwoo,0,3,0,0,0,0
yoruba_1_03375,"O ma ṣe o, ọkọ akoyọyọ tẹ ọlọkada meji pa l’Akurẹ",0,3,0,0,0,0
yoruba_1_03376,"Ọkọ mi ti fẹẹ fi lilu pa mi, adajọ, ẹ tu wa ka-Ayisat",3,2,0,0,0,0
yoruba_1_03377,"Ẹ wo David to n pera ẹ lọlọpaa, aṣe igbo lo n ta l’Alaba",0,0,3,0,0,0
yoruba_1_03378,Awọn aṣofin Ondo ba mọlẹbi awọn to ku sinu ijamba ọkọ l’Akungba Akoko kẹdun,0,2,0,0,0,0
yoruba_1_03379,Nibi ti Alabi ti n ko ọpọlọpọ ewurẹ to lọọ ji ko sinu apo ni wọn ti mu un  l’Akurẹ,0,0,0,0,0,0
yoruba_1_03380,O ma ṣe o! Ijamba ọkọ gbẹmi akẹkọọ Poli l’Ọṣun,0,3,0,0,0,0
yoruba_1_03381,"Lẹyin ti wọn fi maaluu jẹ oko rẹ, awọn Fulani tun pa Sunday nipakupa l’Akoko",0,3,0,0,0,0
yoruba_1_03382,"O ma ṣe o, ijamba ọkada gbẹmi ọkunrin kan lọna Ikirun si Oṣogbo",0,3,0,0,0,0
yoruba_1_03383,"Nitori ẹsun jibiti ori ẹrọ ayelujara, adajọ sọ akẹkọọ LAUTECH atawọn meji mi-in sẹwọn n’lọrin ",0,0,0,0,0,0
yoruba_1_03384,"Awọn Fulani ya wọ oko nla kan n’Ibadan, wọn ji ọmọ oloko gbe",0,0,0,0,0,0
yoruba_1_03385,Wọn ti dajọ iku fun pasitọ ijọ to pa ọmọ ẹgbẹ akọrin ṣọọṣi rẹ to fun loyun,0,3,0,0,0,0
yoruba_1_03386,"Abidemi ko janduku lọ sileewe nitori ọmọ ẹ ti olukọ ba wi, wọn fẹẹ ṣa tiṣa naa pa l’Abẹokuta",0,2,0,0,0,0
yoruba_1_03387,Ajalu buruku lagbo tiata! Sisi Quadri ku lojiji,0,3,0,0,0,0
yoruba_1_03388,Awọn ọdọ dana sun eeyan meji ti wọn ba ori eeyan lọwọ wọn l’Ọja-Ọdan,2,0,0,0,0,0
yoruba_1_03389,"Eyi ni bi awọn agbebọn ṣe yinbọn pa ọlọpaa ati arinrin-ajo meji, ti wọn si ji awọn mi-in gbe",0,2,0,0,0,0
yoruba_1_03390,"O ṣẹlẹ, wọn ni ole ti ji faili ẹjọ awọn ọmọ Sunday Igboho gbe o",0,0,2,0,0,0
yoruba_1_03391,"Awọn tọọgi kọ lu kọmiṣanna Oyetọla n’Ileṣa, eeyan marun-un dero ọsibitu",0,1,0,0,0,0
yoruba_1_03392,"Bireeki tanka epo feeli, lo ba tẹ awọn ọmọleewe mẹẹẹdogun pa",0,3,0,0,0,0
yoruba_1_03393,"   Nibi to ti n pẹwọ fun ọlọkada, ọkọ akoyanrin tẹ eeyan mẹta pa l’Ekoo",0,3,0,0,0,0
yoruba_1_03394,"O ṣẹlẹ, babalawo ku sori iyawo pasitọ to gbe lọ sotẹẹli",0,1,2,0,0,0
yoruba_1_03395,Bi iya yii ṣe maa n ju’di ẹ to ba n rin lọ lo jẹ ki n fipa ba a sun,0,0,0,2,0,0
yoruba_1_03396,"Alẹsanmi lu ẹgbọn rẹ pa ni Kiribo, ọmọ-odo lo la mọ ọn lori",0,2,0,0,0,0
yoruba_1_03397,Gende meji ku ninu ija awọn ọmọ ẹgbẹ okunkun ni Ikẹrẹ-Ekiti,0,2,0,0,0,0
yoruba_1_03398,Lẹyin ti ọkọ ti tọju ọmọ fun ọdun mẹfa niyawo ṣẹṣẹ sọ pe ale lo ni in l’Ago-Arẹ,0,2,2,0,0,0
yoruba_1_03399,"Ole mẹta ja mọto gba l’Ondo, wọn lasidẹnti l’Ogun, lẹnikan ba ku ninu wọn",0,0,2,0,0,0
yoruba_1_03400,"Ọwọ tẹ Onyekachi, ileeṣẹ nla kan lo lọọ ja lole l’Owode-Ẹgba",0,0,0,0,0,0
yoruba_1_03401,Ile-ẹjọ ni ki wọn yọ Adele-ọba Irele nipo bii ẹni yọ jiga,0,0,0,0,0,0
yoruba_1_03402,Awọn akẹkọọ poli yii naa n ṣowo egboogi oloro,0,0,0,0,0,0
yoruba_1_03403,"Adajọ ti ran Pasitọ Enock lẹwọn gbere, ọmọ ijọ rẹ lo fipa ṣe ‘kinni’ fun l’Omuo-Ekiti",0,0,0,0,0,0
yoruba_1_03404,"Ẹ gba wa o, ajeji nijọba ipinlẹ Ọṣun fẹẹ yan le wa lori niluu Ekọsin",0,0,0,0,0,0
yoruba_1_03405,"Pasitọ fẹẹ kọ iyawo rẹ silẹ ni Ṣaki, lobinrin naa ba ni o ti fẹ ẹlomi-in ni",0,0,0,0,0,0
yoruba_1_03406,Awọn eeyan Oriade ni ọlọpaa ko gbọdọ fi Jombo to n lẹdi apo pọ pẹlu awọn ajinigbe silẹ,0,0,0,0,0,0
yoruba_1_03407,Lẹyin ọdun mẹta ti Adeyẹmi ti lu jibiti lawọn ọlọpaa gba a mu l’Oṣogbo,0,0,0,0,0,1
yoruba_1_03408,"Akin gbe ọrẹbinrin rẹ lọ sile Kabiru, lẹyin to fipa ba a lo pọ tan ni wọn ge e si wẹwẹ l’Apomu",0,2,0,0,0,0
yoruba_1_03409,"Awọn eeyan Ipetu Ijẹṣa ni ki gomina Ọsun le Ọwa Obokun kuro nipo, nitori to gba kabiyesi wọn leti",2,0,0,0,0,0
yoruba_1_03410, Ẹẹmeji ni mo daku nigba ti mo kọkọ laju ri oku iyawo mi ni mọsuari-Ọlakunrin,0,3,0,0,0,0
yoruba_1_03411,"Sade yii ma daju o, bileedi lo fi ya ọmọ araale ẹ, o lo ji oun ni ẹgbẹrun mẹta Naira",0,2,0,0,0,0
yoruba_1_03412,"Lori bo ṣe fẹẹ sa iyawo rẹ pa l’Okitipupa, adajọ ju Kalẹjaye sẹwọn ọdun marundinlaaadọta",0,0,0,0,0,0
yoruba_1_03413,"Awọn janduku ya wọ ọgba ẹwọn Okitipupa, wọn tun ọgọta silẹ ninu wọn",0,0,0,0,2,0
yoruba_1_03414,"Eeyan mẹfa ku, ọwọ tẹ mọkadinlogun, nibi ija awọn ọmọ ẹgbẹ okunkun ni Dalemọ ati Alakukọ",0,2,0,0,0,0
yoruba_1_03415,Awọn ti mi o ba rowo ji nile wọn ni mo maa n ba iyawo tabi ọmọọdọ wọn lo pọ – Adeniyi,0,0,0,0,0,0
yoruba_1_03416,Adajọ sọ Maina to kowo awọn ọṣiṣẹ-fẹyinti jẹ sẹwọn ọdun mọkanlelọgọta,0,0,0,0,0,0
yoruba_1_03417,"Lasiko ti wọn n fẹhonu han nitori SARS, awọn ọdọ gbe posi lorukọ Buhari l’Oṣogbo",0,0,2,0,0,0
yoruba_1_03418,"Nitori ọrọ ti ko to nnkan, onimọto fibinu tẹ ọlọkada pa n’Ibadan ",0,2,0,0,0,0
yoruba_1_03419,"Baaluu agberapaa ja bọ sori ile kan n’Ikẹja, eeyan meji lo ku",0,3,0,0,0,0
yoruba_1_03420,"Ọjọ keji ti wọn ti n wa Dele, oku ẹ ni wọn ri l’Ekoo",0,3,0,0,0,0
yoruba_1_03421,Ọjọ akọkọ ti Tawa bẹrẹ si i kọṣẹ lo ji ọmọ ọga rẹ lọ,0,0,2,0,0,0
yoruba_1_03422,"O ma ṣe o, ibọn ba ẹṣọ so-safe kan nibi ti wọn ti lọọ koju ajinigbe, lo ba gbabẹ ku",0,3,0,0,0,0
yoruba_1_03423,O ma ṣe o! Wọn si pa ọga awọn oṣiṣẹ ijọba ipinlẹ Ọyọ yii sinu ile ẹ n’Ibadan,0,3,0,0,0,0
yoruba_1_03424,Lasiko tawọn eleyii n digunjale lọwọ lawọn agbofinro ko wọn n’Ikẹja,0,0,0,0,0,0
yoruba_1_03425,"Ọmọ ‘Yahoo’ marundinlọgbọn ko sakolo EFCC n’llọrin, akẹkọọ lo pọ ninu wọn ",0,0,0,0,0,0
yoruba_1_03426,"Nitori ti wọn ko gba awọn ti ko sanwo ileewe laaye lati ṣedanwo, awọn akẹkọọ Poli Ọffa ṣewọde",2,0,0,0,0,0
yoruba_1_03427, Lẹyin tawọn Fulani ba oko Dayọ jẹ tan ni wọn tun ṣa a pa l’Ajọwa Akoko,0,3,0,0,0,0
yoruba_1_03428,"Kayeefi! Nitori owo ti wọn fẹẹ fun un, ọdọmọbinrin yii ba aja rẹ lo pọ",0,0,2,0,0,0
yoruba_1_03429,"Emmanuel n rin ni bebe ẹwọn, foonu lo ji l’Ado-Ekiti",0,0,0,0,0,0
yoruba_1_03430,A maa fiya jẹ awọn banki ti wọn ba kọ owo Naira to ti gbo lọwọ araalu- Banki Apapọ,1,0,0,0,0,0
yoruba_1_03431,"Ọlọpaa pa Fulani ajinigbe meji, ọwọ tun tẹ mẹta ninu wọn l’Ekiti",0,0,0,0,0,1
yoruba_1_03432,Aye le o! Ọmọ ọdun mẹrindinlogun ji pata obinrin mẹrinla l’Ayetoro,0,0,2,0,0,0
yoruba_1_03433, Ile-ẹjọ ni ki wọn lọọ yẹgi fun Ọlabọde to lu iyawo rẹ pa toyun toyun l’Akurẹ,0,2,0,0,0,0
yoruba_1_03434,"Ile akọku ni Jamiu mu ọmọ ọdun mẹsan-an lọ n’llọrin, o si fipa ba a laṣepọ",0,2,0,0,0,0
yoruba_1_03435,"Lẹyin ọjọ kẹka ti wọn n wa wọn, wọn ba oku akẹkọọ meji nihooho ni KWASU   ",0,3,0,0,0,0
yoruba_1_03436,Awọn ọdọmọkunrin to bẹ ori ọrẹbinrin ọkan ninu wọn lati fi ṣoogun owo l’Abẹokuta ti foju ba kootu,0,0,0,0,0,0
yoruba_1_03437,"Ogbologboo adigunjale lọmọkunrin yii, ọkọ ayọkẹlẹ meji lo fibọn gba laarin iṣẹju diẹ l’Ekoo",0,0,0,0,0,0
yoruba_1_03438,Wọn lawọn Fulani tun dana sun ina oorun (Solar) tawọn araalu Awowo n lo,0,2,0,0,0,0
yoruba_1_03439,"Ọwọ ba Sugar ati Stainless ni Mushin, ibọn ni wọn fi n digunjale",0,0,0,0,0,0
yoruba_1_03440,Ẹgbẹ awọn Fulani pariwo : Wọn ti fẹẹ pa awọn eeyan wa tan ni Kwara o,0,2,0,0,0,0
yoruba_1_03441,"Aṣiri tu, wọn ni Tinubu ti ni ki Ayedatiwa kọwe ifipo silẹ ti ko ni deeti",0,0,0,0,0,0
yoruba_1_03442,"Adetoro n lọ sẹwọn ọdun marun-un, ọmọ ọdun meji lo ji gbe l’Ọta",0,0,0,0,0,0
yoruba_1_03443,"Nnkan de, baale ile bu sẹkun ni kootu: Fadeyi oloro niyawo mi, gbogbo ẹbi mi lo bẹru ẹ",0,0,0,0,0,0
yoruba_1_03444,Awọn janduku kọ lu ile Sunday Igboho n’Ibadan,0,1,0,0,0,0
yoruba_1_03445,"Awọn gomina ilẹ Yoruba ba Sanwo-Olu, Tinubu, Akiolu kẹdun ofo to ṣẹlẹ l’Ekoo",0,2,0,0,0,0
yoruba_1_03446,"Nitori aabọ owo-osu t’Akeredolu n san fawọn oṣiṣẹ, awọn dokita bẹrẹ iyansẹlodi l’Ondo ",2,0,0,0,0,0
yoruba_1_03447,"Nitori ti ko tọju ounjẹ saari fun un, baale ile lu iyawo ẹ toyun-toyun n’Ibadan",0,2,0,0,0,0
yoruba_1_03448,"Nitori ẹẹdẹgbẹta Naira, wọn l’ẹsọọ Amọtẹkun lu ọmọọdun mẹrinla pa l’Ondo",0,2,0,0,0,0
yoruba_1_03449,Lẹyin ti wọn ge ẹya ara Hassana tan ni wọn ju iyooku ara ẹ sẹgbẹẹ ọna ni Kwara,0,3,0,0,0,0
yoruba_1_03450,"Nitori ẹsun ifipabanilopọ, adajọ sọ agbẹ kan sẹwọn n’llọrin",0,0,0,0,0,0
yoruba_1_03451,Adajọ ju akọwe kootu to lu jibiti sẹwọn ọdun meje n’Ilọrin,0,0,0,0,0,0
yoruba_1_03452,"Ibudo itọju arun Covid-19 Kwara jona, ọpọlọpọ dukia lo ṣofo",0,2,0,0,0,0
yoruba_1_03453,Aṣiṣe nla ni bi mo ṣe fi Agbọọla ṣe igbakeji mi – Akeredolu,0,2,0,0,0,0
yoruba_1_03454,"Oṣere tiata tawọn ọlọpaa yinbọn lu, eyi nipo to wa lọsibitu ti wọn gbe e lọ",0,0,0,0,0,0
yoruba_1_03455,"Nitori bi wọn ṣe fi kun owo ile awọn akẹkọọ, ẹgbẹ ajafẹtọọ binu sawọn alaṣẹ Fasiti Ibadan",2,0,0,0,0,0
yoruba_1_03456,"Oku dero ahamọ ni Kwara, ọmọ rẹ lo lu dokita lalubami lọsibitu",0,0,2,0,0,0
yoruba_1_03457,Eeyan meje padanu ẹmi wọn ninu ijamba ọkọ lọna Ilọrin s’Ibadan,0,3,0,0,0,0
yoruba_1_03458,"EFCC lọọ jalẹkun ile awọn ọmọ yahoo loru, lawọn yẹn ba kọju ija si wọn l’Ọṣogbo",0,0,2,0,0,0
yoruba_1_03459," Iru ki waa leleyii, wọn lawọn Fulani to sa kuro n’Igangan ti tun paayan mẹta n’Imẹkọ",0,3,0,0,0,0
yoruba_1_03460,Wọn yinbọn lu Baba Adinni lasiko tawọn eleegun lọọ da mọṣalaaṣi kan ru l’Oṣogbo,0,2,0,0,0,0
yoruba_1_03461,"Akẹkọọ Fasiti Ifẹ meji gbe majele jẹ, ọkan ti ku ninu wọn",0,2,0,0,0,0
yoruba_1_03462,Mi o fẹẹ ri awon to n gbe egboogi oloro ati ọmọ ẹgbẹ okunkun mọ nipinlẹ Ogun-Abiọdun,2,0,0,0,0,0
yoruba_1_03463,Ọmọ ọdun mejila ti wọn ji ifun inu rẹ lasko iṣẹ abẹ ti ku,0,3,0,0,0,0
yoruba_1_03464,"O ma se o, awọn agbebọn yinbọn pa Dokita, wọn tun ji ọmọ ẹ obinrin gbe lọ ni Kwara",0,3,0,0,0,0
yoruba_1_03465,"Nitori ẹsun jibiti ori ẹrọ ayelujara, ọmọ ‘Yahoo’ mọkandinlọgbọn ko sọwọ EFCC l’Ọffa",0,0,0,0,0,0
yoruba_1_03466,"O ma ṣe o, o ku oṣu meji pere ki ọmọbinrin yii ṣeyawo ni mọto pa a lori ọkada",0,3,0,0,0,0
yoruba_1_03467,Ileṣa lawọn Fulani to ji ọmọ gbe n’Igbara-Odo lọọ gbe e pamọ si,0,1,2,0,0,0
yoruba_1_03468,"Wọn ti kọ lu ọfiisi SARS l’Ekoo, niṣe ni wọn dana sun ẹru ti wọn ba nibẹ",0,0,0,0,0,0
yoruba_1_03469,Nibi t’ọmọ jayejaye Eko to n gbe oogun oloro ti n sa fun NDLEA lo ti fi mọto kọ lu ọkan ninu wọn,0,2,0,0,0,0
yoruba_1_03470,"Yahaya fẹẹ gbẹsan ija ti Kabiru ba a ja, lo ba gun un lọbẹ pa l’Ebute Mẹta",0,1,0,0,0,0
yoruba_1_03471,"Ẹ wo awọn gende-kunrin yii, awọn to ba fẹẹ gbowo nidii ATM ni wọn n lu ni jibiti",0,1,2,0,0,0
yoruba_1_03472,Awọn kan lọọ yọ geeti abawọle ileewe C&S n’Ilọrin loru,0,0,0,0,0,0
yoruba_1_03473,"Awọn eleyii ji jiipu pasitọ ni Ṣiun, wọn lọọ ta a si Mọkwa, nipinlẹ Niger",0,0,2,0,0,0
yoruba_1_03474,"Mọto sọ ijanu rẹ nu, lo ba ṣeku pa tẹgbọn-taburo ni Kwara ",0,3,0,0,0,0
yoruba_1_03475,Ọpọ fara pa nibi ija Fulani darandaran atawọn agbẹ ni Kwara ,0,2,0,0,0,0
yoruba_1_03476,Eeyan mẹfa ku nibi ijamba ọkọ ni Kwara ,0,2,0,0,0,0
yoruba_1_03477,"Awọn janduku ya wọ ile awọn akẹkọọ Tai Solarin, wọn fipa ba mẹrin sun ninu wọn",0,2,0,0,0,0
yoruba_1_03478,"Jamiu to gun oloṣo to ba lo pọ pa l’Abẹkuta ni: Ẹ ba mi bẹ ijọba ki wọn ma pa mi, mi o fẹẹ ku",0,0,0,0,0,0
yoruba_1_03479,"Ọmọleewe fa’gbo yo, lo ba ki baba ẹ mọlẹ, o si lu u pa",0,3,2,0,0,0
yoruba_1_03480,"Lẹyin ti mo fipa ba ọrẹbinrin mi lo pọ tan ni mo ni ki aburo mi naa ṣe bẹe, ọti ti mo mu lo fa a– Ọlajuwọn",0,1,0,0,0,0
yoruba_1_03481,"‘Eeyan mẹrin la ti ta ẹya ara wọn fun oogun owo, bọọlu la n pe agbari, transifọma la n pe ọkan, faanu ni ọwọ’",0,1,0,2,0,0
yoruba_1_03482,"Awọn janduku mura bii fijilante, wọn bẹ sikiọriti lori, wọn dana sunle kọmiṣanna eto idajọ tẹlẹ",0,2,0,0,0,0
yoruba_1_03483,Ọwọ tẹ ayederu lọọya to tun n pe ara ẹ lọba l’Ekiti,0,0,0,0,0,0
yoruba_1_03484,"Oku iya to bi i ni Bọla waa ṣe ni Naijiria latilu oyinbo, ni wọn ba yinbọn pa a ni marosẹ Eko s’Ibadan",0,3,0,0,0,0
yoruba_1_03485,Wọn ko ti i ri oku eeyan meji ti wọn pa nile Sunday Igboho atawọn ti wọn gbe lọ laaye,0,2,0,0,0,0
yoruba_1_03486,"Awọn agbebọn kọ lu awọn oloye ilu Ọwọ, wọn pa ẹni kan, wọn ṣe ẹlomi-in leṣe",0,2,0,0,0,0
yoruba_1_03487,Aṣiri ọga ileewe to n fipa ba awọn akẹkọọ rẹ lo pọ tu n’llọrin ,0,1,0,0,0,0
yoruba_1_03488,"Wọn ni eeyan meje lawọn ọlọpaa yinbọn pa l’Ogbomọṣọ, wọn tun ti rọ ọpọ ọdọ da satimọle n’Ibadan",0,3,0,0,0,0
yoruba_1_03489,"Wọn ti mu Jide, ọkan ninu awọn ogbologboo adigunjale to n yọ awọn eeyan Akurẹ lẹnu",0,0,0,0,0,2
yoruba_1_03490,   Meje lara awọn janduku ti wọn fẹẹ fipa gba gareeji ti wa lakolo ọlọpaa l’Ọṣun,0,0,0,0,0,0
yoruba_1_03491,Eyi nidi ti a ko fi le ran Mohbad lọwọ lati gba ẹtọ rẹ lọwọ Naira Marley-PMAN,0,1,0,0,0,0
yoruba_1_03492,Ọlọpaa yinbọn pa meji ninu awọn ajinigbe ti wọn fẹẹ ṣọṣẹ n’Itori,0,0,0,0,0,0
yoruba_1_03493,"Eedi ree o! Nitori ọrọ ti ko to nnkan, Oluranti yin iyawo ẹ lọrun pa",0,0,0,0,0,0
yoruba_1_03494,Ọmọ ẹgbẹ okunkun yinbọn lu awọn ọlọpaa to da a duro,0,1,0,0,0,0
yoruba_1_03495,"Ọkunrin yii ma daju o, lẹyin to fipa ba ọmọdebinrin yii sun tan lo tun ṣeku pa a",0,3,0,0,0,0
yoruba_1_03496,"Ibo abẹle Ondo: Kekemeke loun ko ni igbẹkẹle ninu ẹ, Abraham naa binu kuro",2,0,0,0,0,0
yoruba_1_03497,"O ma ṣe o, awọn to n feeyan ṣoogun owo pa John ni Ọbantoko, oju ati ọwọ rẹ ni wọn ge lọ",0,3,0,0,0,0
yoruba_1_03498,Ọwọ tẹ ayederu ọmọ ogun oju omi to n lu awọn eeyan ni jibiti l’Ekoo,0,0,0,0,0,1
yoruba_1_03499,Agba ofifo lasan lawọn gomina to ṣofin pe ki wọn yee fi maaluu jẹko ni gbangba-Akowe Miyetti Allah,2,0,0,0,0,0
yoruba_1_03500,"Nilẹ Zambia, eeyan mejidinlọgbọn ko Koronafairọọsi ni kilọọbu kan",0,1,0,0,0,0
yoruba_1_03501,"Ẹ wo Tunde, awakọ to fipa ba obinrin lo pọ ni Mowe, to tun gbowo nla lọwọ ẹ",0,0,1,0,0,0
yoruba_1_03502,Awọn adigunjale mẹta pade iku ojiji lasiko ti awọn ọdẹ at’ọlọpaa doju ibọn kọ wọn,0,1,0,0,0,0
yoruba_1_03503,"Ọbasanjọ ni Buruji Kaṣamu sa fawọn ọlọpaa aye, ṣugbọn ko le sa fawọn ọlọpaa ọrun",0,0,0,0,0,0
yoruba_1_03504,Adajọ sọ awọn ọmọ ‘Yahoo’ mẹwaa sẹwọn n’Ilọrin ,0,0,0,0,0,0
yoruba_1_03505,"Gbese ree o, ijọba gba ọja lori awọn to n taja loju titi l’Ekoo, ni wọn ba bu sẹkun",0,2,0,0,0,0
yoruba_1_03506,"Wọn dajọ iku fun Solomon atawọn ọrẹ ẹ, ọga ṣọja ni wọn pa n’Ibadan",0,0,0,0,0,0
yoruba_1_03507,"Ẹgbẹ PDP Ekiti kilọ fun Fayọṣe, wọn lo tun fẹẹ ta ẹgbẹ awọn fun Oyebanji",2,0,0,0,0,0
yoruba_1_03508,Ẹfun abeedi! Benedict sa ọrẹ rẹ pa n’Ipele o tun ge ori rẹ pamọ,0,0,0,0,0,0
yoruba_1_03509,"Bi nnkan ba n lọ bo ṣe n lọ yii, ọjọ kan la maa ji torileede yii maa dawati– Fani-Kayọde",0,0,0,0,1,0
yoruba_1_03510,"Iru ki waa leleyii, Mustapha pa lanledi rẹ nibi to ti fẹẹ fipa ba a lo pọ l’Akurẹ",0,2,0,0,0,0
yoruba_1_03511,Ijamba ina ba dukia jẹ nile itaja nla niluu Ilọrin,0,2,0,0,0,0
yoruba_1_03512,NDLEA mu afurasi ọdaran mẹrinlelọgbọn to n ṣowo egboogi oloro,0,0,0,0,0,0
yoruba_1_03513,"Ajiṣafẹ dero ẹwọn, orukọ ọga FRSC lo fi lu jibiti l’Omu-Aran",0,0,0,0,0,0
yoruba_1_03514,"Awọn tọọgi ya wọ aafin Ṣọun Ogbomọṣọ, ori lo ko Kabiesi ati minisita kan yọ",0,0,0,0,0,0
yoruba_1_03515,Arẹwa obinrin kan gbẹmi ara rẹ l’Ekoo,0,3,0,0,0,0
yoruba_1_03516,"Eeyan meje lo ku, wọn tun dan sun ọpọlọpọ ile ninu wahala Ilobu ati Ẹrin-Ọṣun",0,3,0,0,0,0
yoruba_1_03517,"Awọn agbaagba APC Ondo buwọ lu Ayedatiwa, lawọn oludije yooku ba n binu",0,0,0,0,0,0
yoruba_1_03518,Ẹlẹwọn mẹrin padanu ẹmi wọn lasiko ti wọn fẹẹ sa kuro lọgba ẹwọn n’Ileefẹ,0,2,0,0,0,0
yoruba_1_03519,"Iru ki waa leleyii: Nibi ti olujọsin yii ti n gbadura lọwọ lo ti ṣubu lulẹ, to si ku patapata",0,2,0,0,0,0
yoruba_1_03520,Ọwọngogo Naira: Alaboyun ku nitori ọkọ rẹ ko rowo gba ni banki lati tọju rẹ,0,3,0,0,0,0
yoruba_1_03521,Awọn oṣiṣẹ eleto ilera l’Ọṣun ṣeleri lati fopin si dida abẹ fawọn ọmọbinrin,0,0,0,0,0,0
yoruba_1_03522,Wọn ti mu wọn o: Awọn ọdọmọkunrin yii fi ọrọ iṣẹ wiwa lu awọn eeyan ni jibiti owo rẹpẹtẹ l’Ekiti,0,0,0,0,0,1
yoruba_1_03523,"ICPC mu olorin taka-sufee nni, D’banj, fẹsun jibiti",0,0,0,0,0,0
yoruba_1_03524,Sunday apaayan Akinyẹle ti jẹwọ o: Ọga mi atawọn ọlọpaa lo ṣeto bi mo ṣe sa jade ni teṣan- Sunday,0,0,0,0,0,0
yoruba_1_03525,Wọn pa obinrin agbẹ kan at’ọmọ rẹ sinu oko ni Mọdakẹkẹ,0,3,0,0,0,0
yoruba_1_03526,Wọn ti mu Dosu to pa Alaaji Jimọh olotẹẹli n’Idiroko,0,0,0,0,0,1
yoruba_1_03527,Eeyan meji ku lasiko ti awọn Hausa ati tọọgi kọju ija sira wọn niluu Ẹdẹ,0,2,0,0,0,0
yoruba_1_03528,"Nitori pe wọn tapa si ofin Korona, ijọba ti ile-igbafẹ Queens Park, wọn tun gba iwe aṣẹ wọn",0,1,0,0,0,0
yoruba_1_03529,"Nitori idibo ijọba ibilẹ to n bọ, awọn tọọgi APC fi ada ati kumọ da ipade awọn SDP ru n’Idanre",0,0,0,0,0,0
yoruba_1_03530,Ọmọọba ti ọlọpaa kogberegbe yinbọn lu l’Oṣogbo ti ku o,0,3,0,0,0,0
yoruba_1_03531,"Imọlẹayọ fipa ba obinrin lo pọ ni Ṣagamu, o loun mu’ti yo ni",0,1,0,0,0,0
yoruba_1_03532,"Afi ki wọn tun ibo yii di, ki alaga INEC si kọwe fipo silẹ- Okowa ati Datti",2,0,0,0,0,0
yoruba_1_03533,Iru ki waa leleyii! Wọn pa baba agbalagba sinu igbo l’ Ọyẹ-Ekiti,0,3,0,0,0,0
yoruba_1_03534, Ọwọ tẹ Abednego ati ọrẹ ẹ ti wọn n fi ọkada jale l’Akurẹ,0,0,0,0,0,0
yoruba_1_03535,"Ẹ wo Jimọh to ṣẹyun fọmọ aburo ẹ lẹẹmeji l’Abẹokuta, o tun ti fun un loyun ẹlẹẹkẹta",0,2,0,0,0,0
yoruba_1_03536,"Ẹwa Ruth lo wọ mi loju ti mo fi fipa ba a laṣepọ, kaṣiiri ma baa tu ni mo ṣe pa a-Friday",0,0,0,0,0,0
yoruba_1_03537,Ikunlẹ abiyamọ o! Wọn gun akẹkọọ Poli Iree pa sinu ile rẹ l’Ọṣun,0,3,0,0,0,0
yoruba_1_03538,"Adajọ ju Ariyibi sẹwọn ọdun marun-un, kokeeni lo gbe",0,0,0,0,0,0
yoruba_1_03539,Eeyan mẹjọ padanu ẹmi wọn nibi ija awọn ọmọ ẹgbẹ okunkun,0,3,0,0,0,0
yoruba_1_03540,Ajalu buruku! Igbakeji kọmiṣanna ọlọpaa Eko pokunso,0,3,0,0,0,0
yoruba_1_03541,Iru ki waa leleyii! Wọn ṣa eeyan marun-un pa ni Mọdakẹkẹ,0,3,0,0,0,0
yoruba_1_03542,Afikun owo ina: Epe lo yẹ ijọba wa lori eyi ti wọn ṣe yii o – Ẹgbẹ oṣiṣẹ Eko,2,0,0,0,0,0
yoruba_1_03543,"Eeyan mẹrin ku ninu mọlẹbi kan, majele ni wọn jẹ mọ ounjẹ ni Kwara",0,3,0,0,0,0
yoruba_1_03544,Ẹjẹ eeyan lawọn eleyii rọ sinu kẹẹgi ti wọn ba lọwọ wọn,0,0,0,2,0,0
yoruba_1_03545,"Abdulrahman ti ha o, kẹkẹ Marwa lo lọọ ji gbe ni mọṣalaaṣi",0,1,0,0,0,0
yoruba_1_03546,"Oludasilẹ ijọ ji awọn ọmọ ijọ rẹ meji gbe, o pa ọkan ninu wọn l’Ogun",0,3,0,0,0,0
yoruba_1_03547,Awọn ileewe to n fa wahala lori Hijaabu di abawọle ileewe wọn pa n’Ilọrin,0,1,0,0,0,0
yoruba_1_03548,"Nitori ọgọrun-un Naira, kọndọkitọ fẹṣẹ yọ eyin ero ọko Adewale Adeoye",0,1,0,0,0,0
yoruba_1_03549,Adajọ ni ki wọn dana sun kọmputa ati foonu ti Babatunde fi n lu jibiti,0,0,0,0,0,0
yoruba_1_03550,Adajọ ju aafaa ajanasi ilu Ẹdẹ to lu jibiti miliọnu mẹwaa sẹwọn  ,0,0,0,0,0,0
yoruba_1_03551,Awọn agbebọn ji alaga kansu tẹlẹ atawọn mẹrin mi-in gbe l’Ekiti,0,3,0,0,0,0
yoruba_1_03552,"Babatunde ati Akinpẹlu lu oyinbo ni jibiti, wọn ti mu wọn o",0,0,0,0,0,0
yoruba_1_03553,"Ẹwọn n run nimu Gbenga,  ọmọbinrin to muti yo lo fipa ba lo pọ",0,1,0,0,0,0
yoruba_1_03554,Ọkunrin ti wọn ka ẹya ara eeyan mọ lọwọ l’Ọṣun ni akoba ni,0,0,0,0,0,0
yoruba_1_03555,EndSARS: Ọlọpaa ṣafihan awọn afurasi to da wahala silẹ l’Ekiti,0,0,0,0,0,0
yoruba_1_03556,Ekiti tun ti padanu ẹni kan sọwọ Korona,0,3,0,0,0,0
yoruba_1_03557,Awọn aṣọbode atijọba n fi ayẹwo Korona lu wa ni jibiti ni o – Kunle Afọlayan,0,0,0,0,0,0
yoruba_1_03558,"Ọpọ fara pa, wọn tun ba dukia jẹ, lasiko tawọn gende kan n ja nitori obinrin n’llọrin ",0,2,0,0,0,0
yoruba_1_03559,"Awọn ọta Oluwoo taṣiiri ẹ, wọn lo fẹẹ gbowo lọwọ gomina fun igbeyawo to fẹẹ ṣe",0,0,0,0,0,0
yoruba_1_03560," Iwa ti Baba Ijẹṣa hu buru, o si riiyan lara pẹlu-Abikẹ Dabiri",0,0,0,0,0,0
yoruba_1_03561,Awọn akẹkọọ meji padanu ẹmi wọn ninu ijamba ọkọ lọna Ilọrin si Ogbomọṣọ,0,3,0,0,0,0
yoruba_1_03562,"Nitori ọlọkada to paayan, awọn ọdọ dana sun ọkada bii ogun n’Isọlọ",0,1,0,0,0,0
yoruba_1_03563,"Ọkunrin kan lọọ hu oku olokuu l’Abẹokuta, nibi to ti n hu u lo ku si",0,2,0,0,0,0
yoruba_1_03564,Lasiko tawọn Musulumi kan n ṣe ayẹyẹ Maulud N’abbiyi lawọn agbebọn pa mẹsan-an ninu wọn,0,3,0,0,0,0
yoruba_1_03565,"NBC fofin de ileeṣẹ tẹlifiṣan mẹta, wọn ni wọn firoyin da wahala silẹ",0,0,0,0,0,0
yoruba_1_03566,"Ọmọ yahoo tan ọmọbinrin Amẹrika kan wa si Naijiria, lo ba gba gbogbo owo ọwọ rẹ n’Ilọrin",0,2,0,0,0,0
yoruba_1_03567,"Nitori afikun owo-epo bẹntiroolu ati ina ijọba, awọn eeyan bẹrẹ ifẹhonu han l’Ọṣun",2,0,0,0,0,0
yoruba_1_03568,"O ga o, awọn agbebọn tun kogun ja ọlọpaa ni teṣan wọn, wọn pa mẹta danu",0,3,0,0,0,0
yoruba_1_03569,Wọn ji oṣiṣẹ banki ati awakusa gbe n’Ibadan,0,2,0,0,0,0
yoruba_1_03570,Wọn ti ko ‘ma-mu-gaari’ sọwọ ṣọja to gun DPO lọbẹ ni Kwara,0,0,0,0,0,0
yoruba_1_03571,"Eyi le o! Awọn ẹlẹwọn jẹ majele mọ ounjẹ, awọn mẹfa ti wa nileewosan",0,3,0,0,0,0
yoruba_1_03572,Aye ti bajẹ o! Ọmọọdun mẹtala fipa ba ọmọọdun mẹfa laṣepọ l’Ekoo,0,2,0,0,0,0
yoruba_1_03573,Ẹgbẹ awọn olukọ Fasiti fi ọsẹ mejila kun iyanṣẹlodi ti wọn n ba lọ.,0,0,0,0,0,0
yoruba_1_03574,Kayeefi! Awọn agbebọn ji ọba ati olori rẹ gbe lọ,0,0,2,0,0,0
yoruba_1_03575,"Ikunlẹ Abiyamọ o, ina jo awọn ọmọde meji pa nipagọ ogunlende ti wọn wa",0,3,0,0,0,0
yoruba_1_03576,Awọn ẹṣọ alaabo fibọn fọ ẹsẹ Raheem to n lọ jẹẹjẹ ẹ l’Ado-Awaye,0,3,0,0,0,0
yoruba_1_03577,"Tirela Dangote fi oju ọna rẹ silẹ, lo ba tẹ ọlọkada atero pa n’Ibeṣe",0,3,0,0,0,0
yoruba_1_03578,"O doju ẹ! Ija igboro buruku ṣẹlẹ laarin ilu Ilobu ati Ifọn, ọlọpaa mẹrin lo fara pa",0,3,0,0,0,0
yoruba_1_03579,Awakọ to ba fa wahala nipinlẹ Ọyọ yoo jẹ baba nla iya- Ọmọlẹwa,1,0,0,0,0,0
yoruba_1_03580,Hausa ti lanlọọdu gba sile gun un pa nitori ọrọ ti ko to nnkan n’Ibadan,0,3,0,0,0,0
yoruba_1_03581,"Lẹyin oṣu meji tawọn agbofinro gba a lọwọ awọn to fẹẹ lu u pa, ọmọkunrin yii tun lọọ ji foonu",0,1,0,0,0,0
yoruba_1_03582,"Ọdaju ma ni Kayọde yii o, iyawo baba rẹ lo fipa ba laṣepọ l’Ayetoro-Ekiti",0,2,0,0,0,0
yoruba_1_03583, Ogo eto ẹkọ ti sọnu lasiko ijọba to kogba wọle ni Kwara – Gomina Abdulrazak ,0,1,0,0,0,0
yoruba_1_03584,"Mutiu Ajamajẹbi ti jẹbi o, ole lo ja ti wọn fi sọ ọ si atimọle ni Ṣaki",0,0,0,0,0,0
yoruba_1_03585,"Pasitọ to n ba ọmọ ọdun mẹta ṣerekere ninu ṣọọṣi ti dero Kirikiri, l’Ekoo",0,0,0,0,0,0
yoruba_1_03586,Awọn gomina PDP pariwo: Owo tijọba Buhari n ya yii ti pọ ju o,0,0,0,0,2,0
yoruba_1_03587,Wahala mi-in tun n bọ laarin ASUU ati ijọba apapọ ,0,0,0,0,2,0
yoruba_1_03588,"Wasiu fo fẹnsi wọle onile, lo ba ji jẹnẹretọ nibẹ n’llọrin ",0,1,0,0,0,0
yoruba_1_03589,"Ọlọpaa ti mu Baba Ijẹṣa onitiata, wọn lo fipa ba ọmọ ọdun mẹrinla lo pọ",0,1,0,2,0,0
yoruba_1_03590,"Okunnu ṣepe fawọn to ba Naijiria jẹ, o laye wọn maa bajẹ ni",2,0,0,0,0,0
yoruba_1_03591,Ṣọja yinbọn pa ọlọpaa to da ọkọ ti ọkan ninu wọn ko igbo sinu rẹ duro,0,0,0,0,0,0
yoruba_1_03592,"Blessing tu aṣiri nla: Loootọ ni baba at’ọmọ n ba mi sun, pẹlu awọn ọkunrin mẹta mi-in laduugbo wa",0,1,0,2,0,0
yoruba_1_03593,"O ma ṣe o, ile wo pa ọmọ ikoko ati iya rẹ l’Akurẹ ",0,3,0,0,0,0
yoruba_1_03594,"Ismaila yii nika ninu o, ẹgbọn ẹ lo sa pa nitori ọrọ ti ko to nnkan ni Kwara ",0,3,0,0,0,0
yoruba_1_03595,"Niṣe lawọn eleyii maa ṣe bii ero ọkọ, foonu awọn ero ni wọn maa n dọgbọn ja gba",0,0,2,0,0,0
yoruba_1_03596,Ẹgbẹrun mẹwaa naira lawọn Fulani lawọn yoo san fun oko ẹgẹ eeka mẹfa ti wọn fi maaluu jẹ n’Igangan,0,1,0,0,0,0
yoruba_1_03597,Awọn ajinigbe ji arinrin-ajo mẹfa gbe ni aala ipinlẹ Ondo ati Ekiti,0,2,0,0,0,0
yoruba_1_03598, Ọlọpaa ti tiṣa lu ọmọ rẹ l’Ekiti n beere fun miliọnu mẹẹẹdogun naira lọwọ ijọba,0,0,0,0,0,0
yoruba_1_03599,Ile-ẹjọ ṣekilọ: Buhari ati CBN ko gbọ fi kun ọjọ ti wọn yoo fi paarọ owo atijọ mọ,1,0,0,0,0,0
yoruba_1_03600,Awọn to ji ọba Ilẹmẹṣọ-Ekiti gbe beere fun miliọnu lọna ogun,0,1,0,0,0,0
yoruba_1_03601,"Tijani yii yoo pẹ lẹwọn o, ibọn lo lọọ fi ka awọn ọmọ fasiti mọle n’Iworoko-Ekiti",0,0,0,0,0,0
yoruba_1_03602,"Ṣe oju lasan lọrọ baba agba yii ṣa, ọmọ ọdun meji lo ba lo pọ l’Agbado",0,0,0,3,0,0
yoruba_1_03603,"L’Ondo, adajọ ni ki Wisdom sare lọọ lo ọdun mẹfa lẹwọn pẹlu iṣẹ aṣekara",0,0,0,0,0,0
yoruba_1_03604,Ọwọ tẹ awọn ọrẹ mẹta to n ja ero inu ọkọ lole ni Koṣọfẹ,0,0,0,0,0,0
yoruba_1_03605,"Iyaale ile dawati n’Ilọrin, lawọn ọdọ ba ya bo ile Baba Kofo ti wọn fura si",2,1,0,0,0,0
yoruba_1_03606,Ibi tawọn ajagungbalẹ mẹta yii ti n yinbọn mọ araalu n’Igbẹsa lọlọpaa ti ko wọn,0,0,0,0,0,0
yoruba_1_03607,Ọja ni Iya Abdulrahman ni ko lọọ gbe fun onibaara rẹ n’llọrin ti wọn fi pa a,0,3,0,0,0,0
yoruba_1_03608,"Awọn janduku ya wọ ileeṣẹ redio Amuludun n’Ibadan, wọn ba mọto ati dukia jẹ",0,1,0,0,0,0
yoruba_1_03609,"Ọmọlayọ ti dero ẹwọn, tiṣa loun atawọn ẹgbẹ ẹ lu lalubami",0,1,0,0,0,0
yoruba_1_03610, Nibi ti Ọba Ogboni Agbaye ti n wa awọn iyawo rẹ ti ajinigbe gbe lọ lo ti ku lojiji,0,3,0,0,0,0
yoruba_1_03611,"Idowu atọrẹ ẹ yọ ẹya ara baba agbalagba lọ, wọn lawọn fẹẹ fi ṣoogun owo",0,1,0,0,0,0
yoruba_1_03612,Ki ẹnikẹni tọwọ ba tẹ pe o ṣẹ sofin ijọba lori arun Korona maa mura ẹwọn oṣu mẹta- Ijọba Ondo,1,0,0,0,0,0
yoruba_1_03613,"Ẹ ba mi wa ṣọja to lu ọmọ mi pa jade o, Baba Yinka figbe bọnu n’Ileṣa",1,3,0,0,0,0
yoruba_1_03614,"Oluwatosin atawọn ẹgbẹ ẹ ja tirela to kun fun simẹnti gba, wọn ṣa dẹrẹba ladaa yannayanna",0,2,0,0,0,0
yoruba_1_03615,"Idajọ oju-ẹsẹ, awọn araalu binu dana sun afurasi adigunjale kan",2,0,0,0,0,0
yoruba_1_03616,"Oku Blessing tawọn eeyan ba ni yara ẹ ko pe mọ, wọn ti ge ori, ọmu ati oju ara ẹ lọ",0,2,0,0,0,0
yoruba_1_03617,Wọn lawọn alapata kan n ta ẹran maaluu ti majele pa faraalu n’Ilọrin,0,0,0,0,1,0
yoruba_1_03618,"Awọn Ọmọọba binu si lemọọmu agba Ogbomọṣọ, wọn lo ṣe ohun tẹnikan ko ṣe ri  ",2,0,0,0,0,0
yoruba_1_03619,"Ọlọpaa kan ọlọkada lẹsẹ, lawọn araalu ba lu u lalubami l’Oṣogbo",0,2,0,0,0,0
yoruba_1_03620,"Ọṣinbajo sọrọ nipa awọn ti wọn pa ni Lẹki, o ni adanu nla ni",0,2,0,0,0,0
yoruba_1_03621,"Alaba yoo pẹ lẹwọn o, ọkunrin oniṣowo kan lo lu ni jibiti  l’Afao-Ekiti",0,0,0,0,0,0
yoruba_1_03622,"Ojoojumọ lọrọ Buhari n jọ mi loju, nitori ki i ṣe Buhari ti mo mọ niyi-Ọbasanjọ",0,2,0,0,0,0
yoruba_1_03623,"Ile-ẹjọ sọ eeyan mẹwaa ṣewọn l’Ekiti, idọti ni wọn da soju titi",0,0,0,0,0,0
yoruba_1_03624,Ẹgbẹ alatako ni oṣelu ni Akeredolu fẹẹ fi owo ileewe fasiti to din ku l’Ondo ṣe,0,0,0,0,0,0
yoruba_1_03625,Eeyan mẹrin padanu ẹmi wọn ni marosẹ Eko s’Ibadan,0,3,0,0,0,0
yoruba_1_03626,"Nitori ọga UNIOSUN to fẹyinti, awọn oṣiṣẹ din akara, wọn lawọn rẹyin ọta",0,0,2,0,0,0
yoruba_1_03627,"Tori Baba Ijẹṣa, awọn eeyan bu Yọmi Fabiyi, wọn lo ti kọyin sibi taye kọju si",2,0,0,0,0,0
yoruba_1_03628,"Fijilante yii ti daran o, afurasi ti wọn fa le e lọwọ lo dana sun",0,1,0,0,0,0
yoruba_1_03629,Biliọnu lọna ẹẹdẹgbẹta Naira lowo tijọba apapọ padanu lasiko iwọde ita gbangba tawọn ọdọ ṣe- Minisita Tinubu,0,1,0,0,0,0
yoruba_1_03630,"   Nitori ọkunrin, Joy da omi gbigbona le Justina lori l’Agbado",0,2,0,0,0,0
yoruba_1_03631,"PDP fa ibinu yọ l’Ondo, wọn ni INEC ti gbabọde",2,0,0,0,0,0
yoruba_1_03632,"Imaamu jade lọ ko wọle mọ, oku ẹ ni wọn ri lọjọ keji n’ijẹbu-Ode",0,1,0,0,0,0
yoruba_1_03633,Eyi nidi tawọn ọmọ Naijiria ko ṣe nigbagbọ ninu ijọba- Imaamu Fasiti Ibadan,0,0,0,0,0,0
yoruba_1_03634,"Lẹyin tawọn meje ti lọ, sẹnetọ mejidinlogun tun fẹẹ binu kuro lẹgbẹ oṣelu APC",0,0,0,0,0,0
yoruba_1_03635,"Awọn aṣofin Eko koro oju si fiimu tawọn oṣere n gbe jade, wọn ni palapala ti pọ ju ninu ẹ",0,0,0,0,0,0
yoruba_1_03636,"Ọwọ tẹ awọn ọmọ Yahoo mẹẹẹdogun, ọmọ oojọ ni wọn ri mọlẹ laaye",0,2,0,2,0,0
yoruba_1_03637,Ijọba fi oṣu mẹfa kun igbele awọn alaga kansu fẹsun ṣiṣe owo ilu baṣubaṣu,0,0,0,0,0,0
yoruba_1_03638,Nibi tawọn eleyii ti fẹẹ gbe egboogi oloro kọja papakọ ofurufu n’Ikẹja lọwọ ti tẹ wọn,0,0,0,0,0,0
yoruba_1_03639,"Mo ka iyawo mi pẹlu ale rẹ m’ori bẹẹdi ta a jọ n sun, mi o fẹ ẹ mọ-Ọṣundeyi",2,0,0,0,0,0
yoruba_1_03640,"Bi ẹnikẹni ba kọlu yin, ẹyin naa ẹ kọlu wọn – Ọga ọlọpaa patapata",0,0,0,0,0,0
yoruba_1_03641,Wọn dana sun ile ẹgbẹ APC l’Ondo,0,0,0,0,0,0
yoruba_1_03642,"Ẹwọn n run nimu Ṣẹgun atawọn ọrẹ ẹ, ẹru to lodi sofin ni wọn ba lọwọ wọn l’Ekiti",0,0,0,0,0,0
yoruba_1_03643,"Ọlasunkanmi at’ọrẹ ẹ dero ẹwọn, ile-epo ni wọn lu ni jibiti miliọnu rẹpẹtẹ l’Ekiti",0,0,0,0,0,0
yoruba_1_03644,"Iru ki waa leleyii! Wọn ge ori atọwọ baale kan n’Ilọrin, wọn ju oku ẹ sinu kanga",0,3,0,2,0,0
yoruba_1_03645,Iya Ọga Bello onitiata ti ku o!,0,3,0,0,0,0
yoruba_1_03646,"Oju oorun ni Dauda ti dide, o si ja bọ latori ile alaja mẹta n’Ilọrin, lo ba ku patapata ",0,3,0,0,0,0
yoruba_1_03647, Owo ọlọpaa tẹ Abọlaji atọrẹ ẹ ti wọn faṣọ ṣọja jale l’Oṣogbo,0,0,0,0,0,0
yoruba_1_03648,Awọn araalu n binu si Ọba wọn lEkoo,0,0,0,0,0,0
yoruba_1_03649,"O ti doju ẹ o: Agbebọn da ọkọ ero lọna, wọn ji awọn mẹẹẹdogun to wa ninu ẹ gbe lọ",0,3,0,0,2,0
yoruba_1_03650,Lẹyin ti Josiah pa ọga rẹ tan lo ju oku rẹ sinu kanga l’Akurẹ,0,2,0,2,0,0
yoruba_1_03651,"Isiaq at’ọrẹ ẹ yoo pẹ lẹwọn o, kòkò ìdáná, kula ounjẹ ati ọkada ni wọn ji gbe",0,0,0,0,0,0
yoruba_1_03652,"Ọkunrin yii fẹẹ ji tiransifọma adugbo tu, lo ba gan pa!",0,0,2,0,0,0
yoruba_1_03653,Awọn Yoruba lo lẹdi apo pọ mọ awọn Fulani lati dana sunle mi- Sunday Ìgbòho,0,2,0,0,0,0
yoruba_1_03654,Araalu meji padanu ẹmi wọn nibi ija agba awọn ọmọ ẹgbẹ okunkun,0,1,0,0,0,0
yoruba_1_03655,Wọn ni ẹnjinni ọkọ oju omi to fẹmi aadọjọ eeyan ṣofo ni Kwara bajẹ ni,0,3,0,0,0,0
yoruba_1_03656,"Baba atọmọ dero ẹwọn ni Kwara, oku olokuu ni wọn lọọ hu",0,0,0,2,0,0
yoruba_1_03657,"L’Oṣogbo, baba ọlọdẹ yinbọn pa ọmọ ogun ọdun, o ge ori rẹ, lo ba ni pasitọ loun gbe e fun",0,0,0,2,0,0
yoruba_1_03658,Ojowu buruku: Iyaale ile la nnkan mọ ọkọ rẹ lori nitori to n ba obinrin mi-in sọrọ lori foonu,0,0,0,2,0,0
yoruba_1_03659,"Wọn gba ayederu oṣiṣẹ LASTAMA yii mu l’Ekoo, owo nla to gba lọwọ onimọto lo ko ba a",0,0,0,0,0,0
yoruba_1_03660,"O ma ṣe o, baba, iya atawọn ọmọ mẹta ku sinu ijamba ọkọ l’Akurẹ",0,3,0,0,0,0
yoruba_1_03661,"Opurọ buruku ni Eyitayọ Jẹgẹdẹ, ko sẹni to fẹẹ pa a – Akeredolu",0,0,0,2,0,0
yoruba_1_03662,Iyawo David ti aṣita ibọn ọlọpaa pa ni Ṣagamu n bẹbẹ fun iranlọwọ,0,2,0,0,0,0
yoruba_1_03663,"Buhari, ma tun fakoko ṣofo mọ lati buwọ lu abadofin eto idibo-Awọn gomina PDP",0,0,0,0,0,0
yoruba_1_03664,Awọn agbebọn ji iyawo olori ọdọ APC ipinlẹ Ọyọ gbe niṣeju ọkọ ẹ n’Ibadan,0,2,0,0,0,0
yoruba_1_03665,Ọmọ ẹgbẹ onimọto ti wọn pa nibi ija awọn oloṣelu da ibẹru-bojo silẹ l’Ekiti,0,0,0,0,2,0
yoruba_1_03666,Awọn ọdọ ilu dana sun Gaa Seriki awọn Fulani n’Igangan,0,1,0,0,0,0
yoruba_1_03667,"O ma ṣe o, lẹyin ọsẹ kẹta ti baale ile yii ṣegbeyawo lo ku",0,3,0,0,0,0
yoruba_1_03668,"Wahala n’Ikire: Awọn janduku kọlu Ọba Akire, wọn tun ja awọn oloye ẹ lole rẹpẹtẹ",0,2,0,0,0,0
yoruba_1_03669,Wọn dana sun ileeṣẹ iwe iroyin ‘The Nation’,0,0,0,0,0,0
yoruba_1_03670,Aadọta naira ni baba agbalagba yii fi tan ọmọ ọdun mẹsan-an to fipa ba lo pọ ni Kwara,0,0,0,2,0,0
yoruba_1_03671,Iyanṣẹlodi: A maa da eto idibo ipinlẹ Ọṣun ati Ekiti duro- Ẹgbẹ Akẹkọọ,1,0,0,0,0,0
yoruba_1_03672,"Nitori to kuro ninu ẹgbẹ wọn, PDP fẹẹ yọ igbakeji gomina Ọyọ nipo",0,0,0,0,0,0
yoruba_1_03673,"Nitori fiimu ‘Ọkọ Iyabọ, TAMPAN fofin de Yọmi Fabiyi",0,0,0,0,0,0
yoruba_1_03674,"Wọn ti mu Pasitọ Adebolu, awọn ọmọ ijọ rẹ lo lu ni jibiti owo nla  l’Akurẹ",0,0,0,0,0,0
yoruba_1_03675,Onifayawọ yinbọn pa aṣọbode lẹnu iṣẹ,0,2,0,0,0,0
yoruba_1_03676,"Awọn agbebon ji Aafaa Jẹlili atọrẹ ẹ gbe l’Ayetoro, ni wọn ba n beere miliọnu mẹẹẹdogun leyin ti wọn pari ọbẹ tiyawo ẹ sẹsẹ se",0,0,0,0,0,0
yoruba_1_03677,Babalawo to ni Iyabọ Ojo maa ku lori ọrọ Baba Ijẹṣa ti ku o,0,0,2,0,0,0
yoruba_1_03678,Awọn agbebọn tun ji akẹkọọ ọgọrun-un meji gbe nileewe kan ni Niger,0,3,0,0,0,0
yoruba_1_03679,"Ṣoyinka tun kọ lu Buhari, o ni ijọba rẹ ko lokun lati gbogun ti iwa ibajẹ mọ",0,0,0,1,0,0
yoruba_1_03680,"Eeyan mẹta ku, ọpọ fara pa, nibi ija agba awọn ọmọ ẹgbẹ okunkun n’Ilọrin ",0,3,0,0,0,0
yoruba_1_03681,"Bisọla da omi gbigbona sọkọ ẹ lara l’Ọta, o lọmuti ni",0,0,2,0,0,0
yoruba_1_03682,"O ṣẹlẹ, wahala nla bẹ silẹ laarin awọn ọmọ gomina Alao Akala, wọn ti gbera wọn lọ si kootu",0,0,0,0,0,0
yoruba_1_03683,"O ṣẹlẹ! Tiribuna yọ gomina Kano nipo, wọn ni APC lo wọle",0,0,2,0,0,0
yoruba_1_03684,"Khadija fi majele sinu ounjẹ awọn ọmọ iyaale ẹ, mẹta lo ku ninu wọn",0,3,0,0,0,0
yoruba_1_03685,Titi ti ma a fi pari ijọba mi ni wiwo ile ti ko tọna ati dida awọn oṣiṣẹ duro yoo fi waye-El-Rufai,0,0,0,0,0,0
yoruba_1_03686,"Nitori foonu, Yakubu pa Sikiru, lo ba lọọ ju oku ẹ si ṣalanga",0,2,0,2,0,0
yoruba_1_03687,Ibọn onike ni John fẹẹ fi gbowo lọwọ oni-POS n’Ikorodu tọwọ fi tẹ ẹ,0,0,0,0,0,0
yoruba_1_03688,Amọtẹkun tẹ Afeez ati ọrẹ rẹ ti wọn fipa ba ọmọbinrin to n ṣe nnkan oṣu lo pọ n’Iwoo,0,0,0,0,0,0
yoruba_1_03689,Ẹ fura o! Wọn fẹẹ f’ọrọ ẹsin da wahala silẹ nilẹ Yoruba – DSS pariwo,0,0,0,0,2,0
yoruba_1_03690,Eyi ni bi ọkọ Dangote ṣe tẹ ọmọ iya mẹta pa l’Akungba Akoko,0,3,0,0,0,0
yoruba_1_03691,"Ẹwọn n run nimu Ọladipọ, ile adiẹ lo ti fipa ṣe ‘kinni’ fun ọmọbinrin kan",0,0,0,2,0,0
yoruba_1_03692,Wahala n bọ o: Awọn tanka epo ko ni i wọ Eko lati Mọnde,0,0,0,0,2,0
yoruba_1_03693,"Ẹ wo Wasiu atawọn ọrẹ ẹ, ipinlẹ mẹta ọtọọtọ ni wọn ti lọọ ja wọn lole ọkada",0,0,2,0,0,0
yoruba_1_03694,"Lẹyin ti wọn lu u bajẹ: Portable olorin figbe bọnu, ṣe o digba ti mo ba ku kẹ ẹ to gbeja mi ni",0,2,0,0,0,0
yoruba_1_03695,Awọn ọdọ pariwo ole le Pasuma lori nibi ti wọn ti n ṣewọde ta ko SARS l’Ekoo,0,0,0,0,0,0
yoruba_1_03696,"Emmanuel n lọ sẹwọn o, ibọn ilewọ ni wọn ba lọwọ ẹ",0,0,0,0,0,0
yoruba_1_03697,"Lẹyin wakati diẹ tawọn ajinigbe pa ọba alaye meji, wọn tun ji ọpọlọpọ awọn akẹkọọ gbe lọ l’Emure-Ekiti",0,3,0,0,0,0
yoruba_1_03698,Eeyan kan dero ọrun nibi ija agba awọn ọmọ ẹgbẹ okunkun n’llọrin ,0,2,0,0,0,0
yoruba_1_03699,"O ma ṣe o, Fadeyi Oloro onitiata ti ku o!",0,3,0,0,0,0
yoruba_1_03700,"O ma ṣe o, gende kan ku sodo lasiko ajọyọ ọjọọbi ọrẹ rẹ",0,3,0,0,0,0
yoruba_1_03701,Nibi tawọn eleyii ti n gbọn epo ninu tanka epo to ṣubu ni wọn ti jona ku ni Kwara,0,3,0,0,0,0
yoruba_1_03702,"Ibadan lawọn Fulani ti jí Emmanuel gbe, ilu lsẹyin ni wọn lọọ ja a si lẹ́yìn ti wọn gbowo nla",0,0,2,0,0,0
yoruba_1_03703,"Eyi ni bi ọkọ iya wa ṣe da bẹntiroolu si wa lara, to ṣana si i, to si pa mẹrin ninu wa",0,3,0,0,0,0
yoruba_1_03704,Miliọnu mọkanla naira lawọn Fulani to ji awọn iyalọja gbe loju ọna Ọwọ n beere fun,0,0,0,0,0,0
yoruba_1_03705,Adajọ ju ọga onimọto to fipa ba ọmọ ọdun mẹrindinlogun lo pọ sẹwọn gbere,0,0,0,2,0,0
yoruba_1_03706,Wọn ti mu Emmanuel to fipa ba obinrin laṣepọ lẹyin to ja a lole tan n’Ibadan,0,0,0,0,0,1
yoruba_1_03707,"Lẹyin ti wọn pa ọlọpaa to n ṣọ wọn, awọn Hausa ji oyinbo mẹta gbe l’Ọṣun",0,2,0,0,0,0
yoruba_1_03708,"Omiyale fọpọ dukia ṣòfò l’Akurẹ, Ọrẹ ati Okitipupa",0,2,0,0,0,0
yoruba_1_03709,Ofin ti yoo fiya jẹ obi ti ọmọ ẹ ba n sẹgbẹ okunkun n bọ l’Ekoo,0,0,0,0,0,0
yoruba_1_03710,"Awọn Fulani darandaran ya wọnu ọja, wọn paayan mejidinlogun",0,3,0,0,0,0
yoruba_1_03711,"Eyi le o! Obinrin kan da ọmọ mẹta silẹ niwaju teṣan ọlọpaa, lo ba lọọ binu para ẹ  ",0,3,0,0,0,0
yoruba_1_03712,"Eyi ni bi baba mi ṣe ku, dokita lo pa a – Ọmọ Dẹjọ Tunfulu",0,2,0,0,0,0
yoruba_1_03713,"Tirela Dangote pa ọmọleewe n’Ilaro, lawọn eeyan ba dana sun un",0,2,0,0,0,0
yoruba_1_03714,"Eeyan meji ku lojiji l’Abule-Ẹgba, mọto to n ko ọti kiri lo pa wọn",0,3,0,0,0,0
yoruba_1_03715,"Fulani darandaran tun ya wọ ilu Okelusẹ, wọn paayan meji, wọn tun ṣe awọn mi-in leṣe",0,3,0,0,0,0
yoruba_1_03716,"Ọmọ Naijiria yii ti daran niluu Oyinbo o, wọn ti mu un sọ satimọle",0,0,0,0,0,0
yoruba_1_03717,"Ọwọ tẹ Ọlayemi, ogbologboo ọmọ ẹgbẹ okunkun to n ṣoro bii agbọn l’Ogun",0,0,0,0,0,2
yoruba_1_03718,"Ounjẹ ọdun ni wọn ni ki Bimpe lọọ gbe fun Waheed, lo ba fipa ba a lo pọ n’Ibadan",0,2,0,0,0,0
yoruba_1_03719,Iwa tawọn tawọn DSS hu si Sunday Igboho le ṣakoba fun iṣọkan orilẹ-ede Naijiria-Awọn ọba Yoruba,0,1,0,0,0,0
yoruba_1_03720,"Ọwọ osun ni mo fi n nu ogiri gbigbẹ lati ọdun kẹrin, ti su mi, ẹ tu wa ka- Kafayat ",0,2,0,0,0,0
yoruba_1_03721,"Awọn Fulani yii maa n ṣe bii darandaran lọsan-an, wọn maa n da awọn eeyan lona lalẹ",0,0,0,0,0,0
yoruba_1_03722,"Awọn janduku ya wọ ileewe ẹkọṣẹ iṣegun UNIOSUN, wọn fẹẹ gbe oku lai ṣe akọsilẹ",0,0,0,0,0,0
yoruba_1_03723,"Wọn ti ko ‘ma-mu-gaari’ si Abubakar lọwọ, ọlọpaa lo fọ leti n’llọrin ",0,0,0,0,0,0
yoruba_1_03724,Ẹlẹrii tijọba fẹẹ mu wa lẹru n ba oun lati koju Baba Ijẹṣa nile-ẹjọ,0,0,0,0,2,0
yoruba_1_03725,"‘Ọkọ mi ko le tẹna kanlẹ fun mi, iṣẹju meji pere lo maa n lo, mi o fẹ ẹ mọ o’",2,0,0,0,0,0
yoruba_1_03726,"Ọkunrin yii gun iya ẹ lọbẹ pa, o lajẹẹ ni",0,2,0,0,0,0
yoruba_1_03727,Baba to ṣeku pa ọmọ ẹ lẹyin to ji i gbe ti ko sọwọ ọlọpaa,0,0,0,0,0,0
yoruba_1_03728,Oju ole ree: Lati ipinlẹ Anambra ni Chidi ati Obinna ti wa n ja ọkada gba l’Owode Yewa,0,0,0,0,0,0
yoruba_1_03729,"Iyawo mi lọọ fi iwe ile ti mo kọ yawo lai sọ fun mi, mi o fẹ ẹ mọ-Bọboye",2,0,0,0,0,0
yoruba_1_03730,"Ileeṣẹ mi ti wọn jo, awọn ọta mi nidii oṣelu ni o – Bola Tinubu",0,2,0,0,0,0
yoruba_1_03731,Awọn aṣofin Ogun dabaa ẹwọn ọdun mẹta fẹni to ba fẹran jẹ oko  oloko,0,0,0,0,0,0
yoruba_1_03732,Wahala ree o! Awọn akẹkọọ mejidinlogun jẹ majele ninu ounjẹ nileewe l’Ọṣun,0,3,0,0,0,0
yoruba_1_03733,"Arun Korona n le si i l’Ekoo, eeyan mẹsan-an ku lọjọ kan",0,3,0,0,0,0
yoruba_1_03734,Awọn agbebọn ji ọga ileetura gbe lọna Ibadan si Isẹyin,0,1,0,0,0,0
yoruba_1_03735,"Amọtẹkun mu Fẹmi ati babalawo ẹ, ọmọdebinrin kan ni wọn fẹẹ fi ṣogun owo l’Ekiti",0,0,0,0,0,0
yoruba_1_03736,"Ọmọọdọ yii dẹ adigunjale si ọga ẹ n’Ifaki-Ekiti, wọn gbowo nla lọwọ ẹ",0,1,0,0,0,0
yoruba_1_03737,"Emmanuel yii ma laya o, ọlọpaa lo fẹẹ yinbọn mọ n’llọrin ti wọn fi mu un",0,0,0,0,0,0
yoruba_1_03738,Adajọ ti ju iyaale ile to da omi gbigbona le ọkọ rẹ lori sẹwọn,0,0,0,0,0,0
yoruba_1_03739,Iru ki waa leleyii! Wọn yinbọn pa olukọ Fasiti Ibadan,0,3,0,0,0,0
yoruba_1_03740,"Adajọ ni ki Evans, ogbontarigi ajinigbe, atawọn ọrẹ ẹ lọọ lo iyooku aye wọn lọgba ẹwọn   ",0,0,0,0,0,0
yoruba_1_03741,Ibọn tawọn kọsitọọmu yin lo pa Ṣọla nibi to ti n ṣiṣẹ ẹ jẹẹjẹ l’Ayetoro,0,3,0,0,0,0
yoruba_1_03742,Eeyan meje padanu ẹmi wọn nibi ti wọn ti n gba irẹsi tawọn kọsitọọmu n pin,0,3,0,0,0,0
yoruba_1_03743,"Wahala l’Ararọmi Owu, araalu lawọn ko fẹ ọba to wa nipo, lawọn janduku ba dana sun aafin",0,0,0,0,0,0
yoruba_1_03744,"Nitori owu jijẹ, Happiness la igi mọ iyawo ọkọ rẹ lori l’Akurẹ, niyẹn ba gba’bẹ ku",0,3,0,2,0,0
yoruba_1_03745,"Ọwọ ba Akibu, olori ẹgbẹ okunkun tawọn ọlọpaa n wa l’Ogijo",0,0,0,0,0,1
yoruba_1_03746,Itajẹsilẹ to n ṣẹlẹ lojoojumọ le fa ibinu Ọlọrun fun Naijiria-Ẹlẹbuibọn,0,1,0,0,0,0
yoruba_1_03747,"Ọwọ tẹ iyaale ile yii, ẹran ẹlẹran lo n ji laarin ilu",0,0,0,0,0,0
yoruba_1_03748,"Nitori tiyẹn loun ko fẹ ẹ mọ, Bamiyọ pa ololufẹ rẹ l’Ode-Irele",0,0,2,0,0,0
yoruba_1_03749,"Pasitọ wọ gau, ọmọ ijọ ni wọn lo lu ni jibiti",0,0,0,0,0,0
yoruba_1_03750,"Eeyan mẹrinla mi-in tun ko Korona ni Ọsibitu Ọlabisi Ọnabanjọ, ni wọn ba ti ẹka ayẹwo ibẹ pa",0,0,0,0,0,0
yoruba_1_03751,Adajọ ni ki ileeṣẹ ọlọpaa san miliọnu marun-un naira fun obinrin ti wọn fiya jẹ niluu Iwo lasiko igbele Korona,0,0,0,0,0,0
yoruba_1_03752,NYSC banujẹ lori agunbanirọ tawọn janduku yinbọn pa,0,3,0,0,0,0
yoruba_1_03753,"Ẹnu iṣẹ ni nọọsi yii wa to ti ṣubu, lojiji, lo ba dagbere faye",0,3,0,0,0,0
yoruba_1_03754,"Ọwọ ọlọpaa ti tẹ Titilayọ to lu ọmọ rẹ ta ni gbanjo l’Akurẹ, lo ba ni iṣẹ esu ni",0,0,0,0,0,0
yoruba_1_03755," Iya gbe miliọnu mẹta ti wọn fẹẹ fi ṣiṣẹ abẹ fọmọ ẹ sa lọ, lọmọ ọdun mẹta naa ba dagbere faye",0,3,0,0,0,0
yoruba_1_03756,"Muyideen atọrẹ ẹ ji tẹgbọn-taburo gbe, inu igbo ti wọn so wọn mọ ni wọn ku si l’Oṣogbo",0,0,0,0,0,0
yoruba_1_03757," Nitori alaisan to ku sọdọ wọn, awọn mọlẹbi lu oṣiṣẹ ọsibitu ijọba lalubami l’Akurẹ",0,0,0,0,0,0
yoruba_1_03758,"Nitori ọwọngogo ounjẹ, Akeredolu fofin de gbogbo ẹgbẹ oniṣowo nipinlẹ Ondo",0,0,0,0,0,0
yoruba_1_03759,"Lẹyin iku Akeredolu, wahala n bọ ninu ẹgbẹ APC Ondo",0,0,0,0,3,0
yoruba_1_03760,Ijọba ipinlẹ Ogun kilọ fawọn tiṣa to n lu ọmọ nilukulu nileewe,0,0,0,0,0,0
yoruba_1_03761,O ṣẹlẹ! Wọn ni ayederu iwe-ẹri ileewe girama ni gomina Ondo n gbe kiri,0,0,2,0,0,0
yoruba_1_03762,"Wọn ti ge owo ifẹyinti awọn gomina Eko ku si idaji, awọn aṣofin tun wọgile ile kikọ fun wọn",0,0,0,0,0,0
yoruba_1_03763,‘Tori owo ti mo fẹẹ ji ninu akaunti iyawo baba mi lemi atawọn ọrẹ mi ṣe pa a’,0,2,0,0,0,0
yoruba_1_03764,Wọn ti mu dẹrẹba mọto to ko awọn ọmọ Naijiria mẹfa wọlu Libya fun okoowo ẹru,0,0,0,0,0,0
yoruba_1_03765,"Awọn ọlọpaa ipinlẹ Ogun ti pa Sọmọri, ogbologboo ọmọ ẹgbẹ okunkun to n paayan  kiri",0,0,0,0,0,2
yoruba_1_03766,Aadọta miliọnu lawọn ajinigbe fẹẹ gba lori ọmọ mẹta ti wọn ji gbe l’Ondo,0,1,0,0,0,0
yoruba_1_03767,Awọn agbebọn ji iya olori awọn oṣiṣẹ ọba ipinlẹ Kogi lọ,0,1,0,0,0,0
yoruba_1_03768,"Awọn ajinigbe bẹ alaga kansu lori, wọn tun ya fidio ẹ",0,3,0,0,0,0
yoruba_1_03769,Wọn ni adigunjale ati ọmọ ẹgbẹ okunkun ni Jẹlili atawọn meji tọwọ ba l’Abẹokuta,0,0,0,0,0,0
yoruba_1_03770,"N’Ijẹbu-Ode, lanlọọdu fibinu so ọmọ tẹnanti mọlẹ, lo ba na wọn bii ẹran",0,2,0,0,0,0
yoruba_1_03771,"Nitori to le maaluu kuro ninu oko irẹsi rẹ, Fulani ge ọwọ agbẹ ja bọ ni Kwara ",0,3,0,0,0,0
yoruba_1_03772,"Iṣọ-oru niyawo Sunday lọ, lọkọ ẹ ba fipa ba ọmọ ọlọmọ lo pọ ko too de",0,1,0,0,0,0
yoruba_1_03773,Ilukulu bii ewure lawọn iyaale ile n lu ọkọ wọn bayii l’Ekoo,0,0,2,0,0,0
yoruba_1_03774,Awọn alaṣẹ Fasiti Ifẹ fa afurasi to pa akẹkọọ ẹgbẹ rẹ nitori foonu le ọlọpaa lọwọ,0,0,0,0,0,0
yoruba_1_03775,"Eedi ree, iyaale ile yii fibinu fun ọmọ ẹ ni majele jẹ, o ni ko ni baba",0,3,2,0,0,0
yoruba_1_03776,"Irọ lawọn ọlọpaa n pa, a ko ba wọn já ti ọga wọn fi yinbọn mọ wa l’Orílé-Igbọ́n – Ọga Amọtẹkun",2,0,0,0,0,0
yoruba_1_03777,"Eeyan meji, mọto mejila jona gburugburu ni Sango",0,3,0,0,0,0
yoruba_1_03778,Kẹmiisi yii ti ko bara ẹ poo! Ohun to ṣe fun ọmọ ọdun mẹsan-an ti wọn ni ko tọju buru jai,0,1,0,0,0,0
yoruba_1_03779,"Nitori bo ṣe pa ero inu kẹkẹ Maruwa mẹta, awọn ọdọ dana sun  tirela Kan n’Ilọrin",0,2,0,0,0,0
yoruba_1_03780,"Awọn ọmọ ẹgbẹ okunkun ‘Black Axe’gbe iṣe wọn de Germany, mọkanla ni wọn ti mu ninu wọn",0,1,0,0,0,0
yoruba_1_03781,Inu ọkọ akọtami ni Inspẹkitọ Ahmed fẹẹ dọgbọn wọ ti awọn adigunjale fi fibọn fọ ọ lori n’Iragbiji,0,3,0,0,0,0
yoruba_1_03782,Awọn agbaagba ilẹ Hausa ni ki Buhari kọwe fipo silẹ,2,0,0,0,0,0
yoruba_1_03783,O n rugbo bọ: Awọn agbebọn ji awọn ọmọleewe ati tiṣa gbe l’Edo,0,2,0,0,2,0
yoruba_1_03784,"Nitori bi wọn ṣe pa Kabiyesi ti wọn tun dana sun oku ẹ, awọn eeyan sa kuro niluu",0,0,0,0,3,0
yoruba_1_03785,"Wahala ni Muṣin, ọlọpaa atawọn ọmọọta koju ija sira wọn",0,0,0,0,3,0
yoruba_1_03786,"Buhari bawọn ọmọ Naijiria sọrọ, o ni, ‘Awọn kan ro pe ọlẹ ati oku ojo lasan ni wa’",0,0,0,0,0,0
yoruba_1_03787,Ọwọ tẹ manija otẹẹli to fẹẹ fi tipatipa ṣe ‘kinni’ fun agunbanirọ l’Oṣogbo,0,0,0,0,0,1
yoruba_1_03788,"Awọn araalu pariwo l’Ọṣun: Iya yii ti pọ ju, ṣe lawọn elepo mọ-ọn-mọ n gbe e pamọ o",0,3,0,0,0,0
yoruba_1_03789,"O ma ṣe o, akẹkọọ Fasiti Ifẹ ro gbogbo ẹ pin, lo ba gbe majele jẹ",0,3,0,0,0,0
yoruba_1_03790,Eyi ni bi owo Ọtẹdọla ṣe ran aṣofin ilẹ wa kan lewọn ọdun meje,0,0,0,0,0,0
yoruba_1_03791,Ija ni wọn ni ki ọlọpaa yii waa la to fi yinbọn paayan l’Ogbomọṣọ,0,1,0,0,0,0
yoruba_1_03792,"Alice wọle tọ ọrẹkunrin ẹ loru, lo ba gun un lọbẹ pa",0,0,0,0,0,0
yoruba_1_03793,"Ẹwọn n run nimu Ṣeyi o, aṣẹwo lo fipa ba lo pọ n’Ilupeju-Ekiti",0,0,0,0,0,0
yoruba_1_03794,"Laaarọ ọjọ keji ọdun Keresi, Taiwo lu ẹgbọn ẹ pa n’Ibadan",0,2,0,0,0,0
yoruba_1_03795," Tijani, ayederu afaa to n lu awọn obinrin ni jibiti l’Ondo ti ha",0,0,0,0,0,0
yoruba_1_03796, Ẹya yoowu to ba fẹẹ yapa kuro ni Naijiria n wa iparun ni-Pasitọ Iyunade,0,0,0,0,0,0
yoruba_1_03797,Atẹnujẹ ko ba awọn eleyii: Ọgbọn eeyan padanu ẹmi wọn nibi ti wọn ti lọọ fọ agba epo bẹntiroolu,0,3,0,0,0,0
yoruba_1_03798,"Sikiru binu ṣa baba ẹ pa l’Abẹokuta, tori tiyẹn ni ko lọọ waṣẹ ṣe",0,2,0,2,0,0
yoruba_1_03799,"Taya tanka fọ, o ja wọ ṣọọbu oniṣọọbu n’llọrin, eeyan mẹta lo fara pa yannayanna ",0,3,0,0,0,0
yoruba_1_03800,Ṣẹyin naa ti gbọ ti ṣoja to binu para ẹ danu loju ogun Boko Haram,0,0,2,0,0,0
yoruba_1_03801,"Eyi ni bi igbakeji ọga ọlọpaa patapata ṣe ṣubu lulẹ ninu ọfiisi rẹ, to si ku patapata",0,3,0,0,0,0
yoruba_1_03802,Wọn ni pasitọ Ridiimu atawọn oṣiṣẹ rẹ mejilelogun wa ninu awọn ti ile wo pa n’Ikoyi,0,3,0,0,0,0
yoruba_1_03803,"Joy gun ọmọ ẹ to ṣẹṣẹ bi pa, o niyaa oun lo ni koun ṣe bẹẹ",0,2,0,2,0,0
yoruba_1_03804,Ọrọ ti alaga APC sọ lori ailera Akeredolu di wahala,0,0,0,0,0,0
yoruba_1_03805,"Ọlọpaa dero atimọle l’Ekiti, eeyan meji lo yinbọn pa",0,2,0,0,0,0
yoruba_1_03806,   Eeyan meji ku nibi ija agba awọn ọmọ ẹgbẹ okunkun,0,2,0,0,0,0
yoruba_1_03807,Ka too dibo la ti mọ pe ‘one chance’ ni Gomina Abdulrazak ta a yan -Lai Muhammed,0,0,0,0,0,0
yoruba_1_03808,Inu mọto tawọn ọmọ iya mẹta ti n ṣere looru mu wọn pa si n’llọrin,0,3,0,0,0,0
yoruba_1_03809,"Usman ṣa ọlọkada ladaa yannayanna, lo ba ji ọkada rẹ gbe sa lọ ",0,2,0,2,0,0
yoruba_1_03810,"Ẹ wo Tolu ọmọ Poli, wọn ni Aafa Yusuf ti fi ọmọ-odo lu u pa o",0,2,2,0,0,0
yoruba_1_03811,"Ile-ẹjọ ṣẹ Oyetọla lẹyin, wọn ni ko yẹ ko kopa ninu ibo gomina to kọja",0,0,0,0,0,0
yoruba_1_03812,"Ọlọpaa ka ale mọ ori iyawo ẹ, lo ba yinbọn pa awọn mejeeji",0,2,0,0,0,0
yoruba_1_03813,"Ẹgbẹ oṣiṣẹ yari l’Ekiti, wọn lawọn o ni i gba ki Fayẹmi ge owo-oṣu awọn ku",2,0,0,0,0,0
yoruba_1_03814,Ẹnikẹni to ba n sọrọ to le mu ki awọn eeyan binu si Buhari yoo ri pipọn oju ijọba -Garba,2,0,0,0,0,0
yoruba_1_03815,"Awọn agbebọn ya bo ṣọọṣi Sẹlẹ ni Mowe, wọn ji eeyan meji gbe lọ",0,1,0,0,0,0
yoruba_1_03816,"Diẹ lo ku ki awọn Fulani to ji wa gbe pa mi, eyi ni bi mo ṣe bọ lọwọ wọn-Gbenga",0,0,0,0,0,2
yoruba_1_03817,Awọn agbebọn tun paayan marundinlogoji ni Jos,0,3,0,0,0,0
yoruba_1_03818,"Ẹbi Fawẹhinmi ti kede isinku Muhammed, wọn ni Korona lo pa a",0,2,0,0,0,0
yoruba_1_03819,Ọmọ ọdun mẹẹẹdogun gun iyawo ẹgbọn ẹ to loyun oṣu mẹjọ pa,0,3,0,0,0,0
yoruba_1_03820,"Awọn tọọgi dana sun Sekiteeria Ajerọmi, wọn tu kọ lu teṣan Cele, lawọn ọlọpaa ba fere ge e",0,0,0,0,0,0
yoruba_1_03821,"Alagidi niyawo mi, ki i bọwọ fawọn ẹbi mi, mi o fẹ ẹ mọ-Taiwo",3,0,0,0,0,0
yoruba_1_03822,"Ẹgbẹ ọlọkada pariwo:  Ẹ gba wa o, awọn apaniṣowo ti fẹẹ pa wa tan l’Ekiti",0,3,0,0,0,0
yoruba_1_03823,Aye ti bajẹ o! Ọga ọlọpaa fipa ba ọmọọdun mẹtala sun mọ’nu ofiisi rẹ,0,0,0,2,0,0
yoruba_1_03824,Wọn lu ọkunrin kan pa nitori ọkada to ji gbe n’Igando,0,2,0,0,0,0
yoruba_1_03825,"Ọdaran ni Haruna ati Ibrahim yii o, foonu mejidinlaaadọta lawọn ọlọpaa ba lọwọ wọn",0,0,0,0,0,0
yoruba_1_03826,"Ganiyu ti jẹ eewọ, ọmọ bibi inu ẹ lo fun loyun, lo ba tun fẹẹ ba a ṣẹ ẹ",0,0,0,3,0,0
yoruba_1_03827,"Ẹ woju ajinigbe to pa Nabeeha, ọkan ninu awọn ọmọbinrin mẹfa ti wọn ji",0,0,0,0,0,0
yoruba_1_03828,"Bi wọn ba pa Igboho, itajẹsilẹ ati ogun ni wọn n kọwe si yẹn-Gani Adams",2,0,0,0,2,0
yoruba_1_03829,A maa gbẹsan iku Fulani ati maalu wọn ti wọn pa nilẹ Yoruba – Miyetti Allah,3,0,0,0,0,0
yoruba_1_03830,Wọn ni ina ẹlẹntiriiki to ṣẹju lo fa ijamba ina to jo ile kan gburugburu n’lọrin ,0,1,0,0,0,0
yoruba_1_03831,"Wọn ti dajọ iku fun ọlọpaa to pa lọọya nni, Ọmọbọlanle Raheem",0,0,0,0,0,0
yoruba_1_03832,"O ma ṣe o, ile ya pa awọn ọmọ ileewe meje",0,3,0,0,0,0
yoruba_1_03833,"Jidah fọgi mọ Khadija lori titi to fi ku ni Kwara, o lajẹẹ ni",0,2,0,0,0,0
yoruba_1_03834,Ọwọ tẹ meji ninu awọn to sun ọlọpaa jẹ lasiko SARS n’Ibadan,0,0,0,0,0,0
yoruba_1_03835,"Abẹẹ ri Wasiu, niṣe lo jira rẹ gbe pamọ n’llọrin, lo ba n beere owo itusilẹ lọwọ obi ẹ ",0,0,2,0,0,0
yoruba_1_03836,Awọn adigunjale yinbọn pa eeyan meji lasiko ti wọn kọ lu banki l’Aramọkọ-Ekiti   ,0,2,0,0,0,0
yoruba_1_03837,"O ti ṣẹlẹ, awọn ẹgbẹ Ajẹ lorileede Naijiria kilọ fun Ọṣinbajo, wọn ni ko ma dupo aarẹ",0,0,2,0,0,0
yoruba_1_03838,O ma waa ga o! Wọn tun ka ori ati ọwọ eeyan tutu mọ Aafaa Hasaan lọwọ n’Ibadan,0,0,0,2,0,0
yoruba_1_03839,Ọwọ tẹ manija banki to n lu awọn araalu ni jibiti owo l’Ọṣun,0,0,0,0,0,1
yoruba_1_03840,"Iyawo mi fẹẹ fi lilu pa mi o, mi o fẹ ẹ mọ- Gbade ",2,0,0,0,0,0
yoruba_1_03841,"Wọle ati Saheed ko sakolo ọlọpaa, ole ni wọn n ja loju popo l’Ekoo",0,0,0,0,0,0
yoruba_1_03842,Lẹyin ti Oyetọla ko wọle l’Ọṣun lo ya biliọnu mejidinlogun Naira ni banki- Adeleke,0,0,0,0,0,0
yoruba_1_03843,"Ẹwọn n run nimu Ayọdeji, iyawo atawọn ọmọ ẹ lo ti mọle fọjọ meji n’Ileefẹ",0,0,0,0,0,0
yoruba_1_03844,Wọn ti mu awọn ọmọọta ti wọn da wahala silẹ laarin Hausa ati Yoruba l’Oṣogbo,0,0,0,0,0,1
yoruba_1_03845,FIDIO: Wọn dana sun mọto BRT l’Ekoo,0,0,0,0,0,0
yoruba_1_03846,Awọn mẹta yii ja Tọpẹ Alabi lole owo nla,0,0,2,0,0,0
yoruba_1_03847,Tori pe ṣọja fọ ọrẹ wa leti lo jẹ ka lu u pa-Sambo,0,0,0,2,0,0
yoruba_1_03848,Ẹ fura o! Ọgbọn eeyan tun lugbadi arun Korona lọjọ kan ṣoṣo ni Kwara,0,0,0,0,3,0
yoruba_1_03849,"Ẹ woju awọn ọdaran tọwọ tẹ l’Ekoo, oku ọrun lawọn maa n ja lole owo nla",0,0,0,0,0,0
yoruba_1_03850," Eedi ree o! Ibọn ọlọdẹ ṣeeṣi yin, o pa ọmọde mẹta, awọn mẹrin wa nileewosan",0,3,0,0,0,0
yoruba_1_03851,"Wọn gun ọkunrin yii lọbẹ ni o, nile idibo l’Akurẹ",0,0,0,0,0,0
yoruba_1_03852,Abikẹ Dabiri binu si ileeṣẹ tẹlifiṣan Arise,0,0,0,0,0,0
yoruba_1_03853,Ẹwọn gbere ni adajo ju baale ile to fipa b’ọmọ ọdun marun-un sun l’Ekoo si,0,0,0,0,0,0
yoruba_1_03854,"Nitori ọrọ ti ko nnkan, Azeez yọ eyin meji lẹnu ọrẹ rẹ",0,1,0,0,0,0
yoruba_1_03855,Ko daa bi Aarẹ ṣe fipa gbaṣẹ lọwọ awọn ọga ologun ilẹ yii – Sadeeq Shehu,0,2,0,0,0,0
yoruba_1_03856,"Nitori owo olowo ti wọn ji mọ ọn lọwọ, Abraham binu bẹ somi n’Ilọrin",0,0,0,0,0,0
yoruba_1_03857,"   Pasitọ Adebayọ si tan akọrin ṣọọṣi rẹ wọ yara, lo ba  fipa ba a lo pọ l’Agbado",0,0,0,0,0,0
yoruba_1_03858,"O ma ṣe o,  awọn janduku pa eeyan mẹtala ninu mọlẹbi kan naa ni Kogi",0,3,0,0,0,0
yoruba_1_03859,"Nitori owo ina ijọba to gbẹnu soke, awọn araalu fẹhonu han ni Kwara ",0,0,0,0,0,0
yoruba_1_03860,Ẹ̣ wo bawọn ṣọja ṣe doju ibọn kọ awọn ọdọ ni Lekki,0,0,2,0,0,0
yoruba_1_03861,"“Baba nla ole ati akowojẹ ni yin,” PDP lo sọ bẹẹ fawọn APC",0,0,0,0,0,0
yoruba_1_03862,Muhammadu to fipa ba ọmọ ọdun mẹwaa lo pọ n’Ilọrin ni iṣẹ eṣu ni,0,0,0,0,0,0
yoruba_1_03863,O ma ṣe o: Ọkọ tẹ ọmọ iya meji pa n’Ikẹrẹ-Ekiti,0,3,0,0,0,0
yoruba_1_03864,Awọn agbebọn ṣeku pa olori awọn Fulani labule kan ni Kwara ,0,2,0,0,0,0
yoruba_1_03865,"Iru ki waa leleyii, ọkada meji fori sọ tirela l’Abẹokuta, lo ba tẹ wọn pa",0,3,0,0,0,0
yoruba_1_03866,Atunto ti Ajimọbi ṣe ti ba eto ọba jijẹ n’Ibadan jẹ-Baalẹ Ekotẹdo,0,1,0,0,0,0
yoruba_1_03867,"Portable bori ọta ẹ, o fẹṣẹ da batani si oṣere tiata yii lara",0,0,0,0,0,0
yoruba_1_03868,"Awọn Fulani si fibọn fọ ẹnu iya yii, wọn tun ṣa a ladaa, nitori to ni ki wọn ma fi maaluu jẹ oko oun n’Ijẹbu-Oru",0,0,0,0,0,0
yoruba_1_03869,"Gumi lawọn ologun n lẹdi apo pọ pẹlu awọn agbebọn, lawọn ṣọja ba ni irọ lo n pa",0,0,0,0,0,0
yoruba_1_03870,"Awọn ọmọ ẹgbẹ okunkun Ikorodu kọju ija si t’Odogbolu, lawọn ọlọpaa ba ko wọn",0,1,0,0,0,0
yoruba_1_03871,"Awọn oṣiṣẹ ti kootu pa nipinlẹ Ogun, nitori aabo owo oṣu tijọba n fun wọn",0,0,0,0,0,0
yoruba_1_03872,Ọlọpaa ti mu awọn gende mẹrin to maa n ja foonu gba l’Ekoo,0,0,0,0,0,1
yoruba_1_03873,Agbẹjọro to fọbẹ gbigbona jo ọmọ aburo ẹ lara tori ẹẹdẹgbẹta Naira ti dero ẹwọn,0,2,0,0,0,0
yoruba_1_03874,Ijọba ṣekilọ: Ẹni to ba kọ lati lo ibomu l’Ekoo le fẹwọn jura o,1,0,0,0,0,0
yoruba_1_03875,"Ọdun ku dẹdẹ ko pari, ọmọ Mọla gun iyaale ile pa l’Ekoo",0,3,0,0,0,0
yoruba_1_03876,"O ga o, akẹkọọ Poli Ado-Ekiti binu gbe majele jẹ nitori to fidi-rẹmi ninu idanwo rẹ",0,3,0,0,0,0
yoruba_1_03877,"Nitori aabọ owo-osu ti Akeredolu n san, dokita marunlelọgọrun-un binu kọwe fiṣẹ silẹ l’Ondo",2,0,0,0,0,0
yoruba_1_03878,Ẹgbẹ PDP lo ti da wahala iṣẹ ati oṣi pẹlu eto aabo to mẹhẹ yii silẹ lasiko ti wọn fi n ṣejọba-Bamidele,0,0,0,0,0,0
yoruba_1_03879,"MC Oluọmọ kilọ fawọn Ibo l’Ekoo: Tẹ o ba ti ni i dibo fun Sanwo-Olu, ẹ jokoo sile yin o",2,0,0,0,0,0
yoruba_1_03880,"Ọlalere fọlọpaa mu iyawo ẹ n’Ibadan,  o lo fẹẹ jalẹkun ile oun",0,0,0,0,0,0
yoruba_1_03881,Ile ti wọn gba Barnabas ko maa ṣọ lo ti n ja wọn lole l’Akurẹ,0,0,0,0,0,0
yoruba_1_03882,"Wọn ti sinku Hadiza, iyawo Oloogbe Shehu Shagari, ti Korona pa",0,2,0,0,0,0
yoruba_1_03883,"Ẹwọn gbere ni wọn ju Yesufu si, inu mọṣalaasi lo ti fipa ṣe ‘kinni’ ba ọmọdun mẹrin lo pọ",0,0,0,2,0,0
yoruba_1_03884,"Nitori tawọn alaṣẹ ileewe ko gba ki wọn lo ijaabu, awọn ọmọ ileewe ṣewọde lọ sile-ijọba n’llọrin ",2,0,0,0,0,0
yoruba_1_03885,"Ajalu buruku leleyii o, idibo gomina k’ọla ni alaga kansu Kogi yii ṣubu lulẹ, lo ba ku patapata",0,3,0,0,0,0
yoruba_1_03886,"Awọn araalu fẹhonu han l’Ọgbẹsẹ, wọn lawọn ajinigbe ko jẹ ki awọn sinmi",1,0,0,0,2,0
yoruba_1_03887,"Awọn ọmọ ẹgbẹ okunkun ṣọṣẹ n’Ikẹrẹ-Ekiti, eeyan mẹfa jade laye",0,3,0,0,0,0
yoruba_1_03888,"Ẹ woju wọn, awọn ni wọn pa Barakat, ti wọn tun pa alaboyun atawọn mi-in l’Akinyẹle, n’Ibadan",0,2,0,0,0,0
yoruba_1_03889,"Ẹfun abeedi, ọmọkunrin kan yinbọn pa ẹgbọn ẹ nitori ogun baba wọn",0,2,2,0,0,0
yoruba_1_03890,"Eleyii gbẹnu tan! Alaaji Mashood ki ọmọ bibi inu ẹ mọlẹ, o ṣe ‘kinni’ fun un ni Kwara ",0,0,0,2,0,0
yoruba_1_03891,"Ijamba ọkọ gbẹmi eeyan kan, awọn meji mi-in fara pa n’llọrin ",0,3,0,0,0,0
yoruba_1_03892,"To ba n lọ bo ṣe n lọ yii, awọn agbebọn maa fẹyin Naijiria balẹ laipẹ – Gomina Ortom",0,0,0,0,3,0
yoruba_1_03893,   Ọrọ Ezekiel yii ki i ṣoju lasan o: Lẹyin to tẹwọn de lo tun lọọ ji ẹrọ amule-tutu gbe ni Sango,0,0,0,0,0,0
yoruba_1_03894,Aye ti bajẹ o! Ọmọọdun mẹtala wa ninu ikọ adigunjale,0,0,0,0,0,0
yoruba_1_03895,Nnkan de! Awọn afẹmiṣofo ti ya wọ awọn aginju igbo kaakiri ilẹ Yoruba,0,0,0,0,3,0
yoruba_1_03896,"Wọn ti mu Emir, ọmọ ẹgbẹ okunkun to n jale l’Ọbada-Oko",0,0,0,0,0,0
yoruba_1_03897,Ẹsun gbigbe oogun oloro: Afi ki Tinubu jade ko waa wẹ ara ẹ mọ– Peter Obi,0,0,0,0,0,0
yoruba_1_03898,"Awọn agbebọn ya wọ otẹẹli l’Ayetoro-Ekiti, wọn ji eeyan mẹta gbe, wọn tun fipa ba obinrin kan lo pọ",0,3,0,2,0,0
yoruba_1_03899,Aadọta miliọnu lawọn ajinigbe to ji akẹkọọ Fasiti Taraba meji n beere fun,0,1,0,0,0,0
yoruba_1_03900,"Nitori ti wọn n gbe ohun ija oloro kiri lọna aitọ, adajọ sọ ọmọ ẹgbẹ okunkun meji sẹwọn n’llọrin",0,0,0,0,0,0
yoruba_1_03901,Awọn agbebọn tun ti ji awọn arinrin-ajo gbe l’Ọṣun,0,2,0,0,0,0
yoruba_1_03902,"Oṣere yii pariwo: Ẹ gba mi o, gbogbo ẹru mi ni getimaanu ti mo gba ti ko lọ o",0,3,0,0,0,0
yoruba_1_03903,"‘Kinni’ abẹ mi niyawo maa n bu so ta a ba ti n ja, mi o fẹ ẹ mọ -Sikiru",2,0,0,0,0,0
yoruba_1_03904,Awọn SARS lo pa aburo mi-Mosun Filani,0,2,0,0,0,0
yoruba_1_03905,O tan! Ọba Sokoto binu si Buhari,0,0,0,0,0,0
yoruba_1_03906, Ọwọ tẹ ọmọ Yahoo pẹlu ori eeyan tutu atawọn eya ara mi-in l’Ondo,0,0,0,2,0,0
yoruba_1_03907,"Ipinlẹ Ogun ni Mumini ti ji owo lanledi rẹ, Oṣogbo lọwọ awọn Amọtẹkun ti tẹ ẹ ",0,0,2,0,0,0
yoruba_1_03908,"Wọn ti yinbọn pa Gulak, amugbalẹgbẹẹ Aarẹ Jonathan tẹlẹ",0,2,0,0,0,0
yoruba_1_03909,"Awọn ọlọpaa ti mu Musa o, iya ẹni ọdun marundinlọgọrin lo fipa ba lo pọ titi tiyẹn fi ku mọ ọn labẹ",0,2,0,2,0,0
yoruba_1_03910,Awọn oloṣelu kan ti n ko awọn akekọọ jọ lati ṣewọde tabuku ijọba Tinubu- DSS,0,0,0,0,0,0
yoruba_1_03911,"Obinrin yii ji ọmọ gbe n’llọrin, o ta a fawọn to n fọmọ ṣowo ẹru l’Abuja ",0,2,0,0,0,0
yoruba_1_03912,"Tinubu, kuku jẹwọ fawọn ọmọ Naijiria pe o ko ni iwe-ẹri alakọbẹrẹ ati girama -Atiku",0,0,0,0,0,0
yoruba_1_03913,"O ma ṣe o! Igbeyawo oṣere ilẹ wa yii ti daru, eyi lohun to fa a",0,2,0,0,0,0
yoruba_1_03914,Ibeji ọran! Ọwọ EFCC tẹ Taye ati Kẹhinde ti wọn n ṣe Yahoo,0,0,0,1,0,0
yoruba_1_03915,"Rẹmi jẹwọ ni kootu, o ni koun le rowo tọju iya atiyawo oun loun ṣe n jale",0,0,0,0,0,0
yoruba_1_03916,"Eemọ ree o, baba agbalagba fun ọmọọmọ ẹ loyun l’Ado-Odo",0,0,0,2,0,0
yoruba_1_03917,"Ọkunrin yii ti dero ọgba ẹwọn o, iyawo alajọgbele ẹ lo n ba ṣere gele",0,0,0,0,0,0
yoruba_1_03918,"Lẹyin wakati mẹrin to sọ funyawo rẹ pe aye ṣu oun, Fisayọ pokunso n’Ifẹ",0,3,0,0,0,0
yoruba_1_03919,"Ẹwọn n run nimu ọmọkunrin yii, ayederu owo Naira ni wọn ba lọwọ ẹ",0,0,0,0,0,0
yoruba_1_03920,"Awọn ọmọ Naijiria yii n lọ bii oko rọba, kokeeni ni wọn ka mọ wọn lọwọ ni Nairobi",0,0,0,0,0,0
yoruba_1_03921,"Nitori ẹgbẹrun lọna ọgọrun-un Naira, Inuwa sọ ọrẹ rẹ loko pa",0,2,0,0,0,0
yoruba_1_03922,Ija Yoruba ati Hausa bẹ silẹ n’Iyana Ejigbo tori alaga kẹkẹ Maruwa ti wọn gun lọbẹ pa,0,2,0,0,0,0
yoruba_1_03923,"Ọwọ tẹ Adeolu at’ọrẹ ẹ, awọn ti mọto wọn ba bajẹ soju ọna lalẹ ni wọn maa n ja lole",0,0,0,0,0,0
yoruba_1_03924,Ọlọpaa n wa awọn to fibọn gba ogun miliọnu lọwọ awọn oṣiṣẹ ijọba Ekiti,0,0,0,0,0,0
yoruba_1_03925,"Idaamu ba awọn aṣẹwo ni Maiduguri, eyi lohun ti Gomina Zulum ṣe fun wọn",0,0,0,0,0,0
yoruba_1_03926,Sanwo-Olu gbe aba eto iṣuna ọdun 2023 kalẹ fawọn aṣofin,0,0,0,0,0,0
yoruba_1_03927,Ko daju pe Tobi Amusan yoo kopa ninu idije ere sisa agbaye tawọn obinrin lọdun yii,0,0,0,0,0,0
yoruba_1_03928,Afojusun wa ni lati sọ ipinlẹ Ọṣun di Saudi ati Jerusalem lori ọrọ aṣa- Adeleke,0,0,0,0,0,0
yoruba_1_03929,"Agboọla sọrẹnda, o loun yoo da ọkọ ijọba to wa lọwọ oun pada",0,0,0,0,0,0
yoruba_1_03930,Kọmiṣanna ọlọpaa tuntun l’Ondo ni: Ko si agbofinro kan labẹ iṣakoso mi ti yoo tẹ ẹtọ awọn araalu loju mọlẹ,0,0,0,0,0,0
yoruba_1_03931,"Nitori Korona, Sanwo-Olu sun iwọle awọn oṣiṣẹ siwaju",0,0,0,0,0,0
yoruba_1_03932,"Ko sẹni t’Ọlọrun o le lo, Baba Ijẹṣa ṣe ‘iṣẹ iyanu’ lọgba ẹwọn",0,0,2,0,0,0
yoruba_1_03933,Ile-ẹjọ to ga ju lọ nilẹ wa da Adeleke lare,0,0,0,0,0,2
yoruba_1_03934,"London ni Olugbenga n lọ, ṣugbọn ọwọ awọn apaniṣowo lo bọ si   ",0,3,0,0,0,0
yoruba_1_03935,"Lẹyin to wọle ibo, Sanwo-Olu kede ẹkunwo fawọn oṣiṣẹ ọba l’Ekoo",0,0,0,0,0,1
yoruba_1_03936,"Eeyan meji pere ni mo ti fibọn mi pa lọdun yii, mo fi n daabo bo ara mi -Jẹmbẹ",0,0,0,2,0,0
yoruba_1_03937,"Lẹyin iyanṣẹlodi oṣu mẹta, awọn oṣiṣẹ kootu pada sẹnu iṣẹ l’Ọṣun",0,0,0,0,0,0
yoruba_1_03938,"Nitori ikọlu Fulani, awọn gomina ilẹ Yoruba fẹẹ pawọ-pọ lori eto aabo",0,0,0,0,0,0
yoruba_1_03939,Oyetọla ṣeleri ibo miliọnu kan fun Tinubu/Shettima,0,0,0,0,0,0
yoruba_1_03940,Akeredolu tun fẹyin Ajayi janlẹ nijọba ibilẹ to ti wa,0,0,2,0,0,0
yoruba_1_03941,"Naijiria wa lara orilẹ-ede to n fun Singapore lounjẹ, to n fun wọn laṣọ, ki nnkan too yiwọ fun wa-Akintọla",0,2,0,0,0,0
yoruba_1_03942,"   Ọlọpaa Ogun ni ko saaye fawọn ọmọ ẹgbẹ okunkun to fẹẹ ṣoro lọjọ keje, oṣu keje",0,0,0,0,0,0
yoruba_1_03943,Kaadi idibo: Ijọba kede ọjọ Ẹti gẹgẹ bii isinmi fawọn oṣiṣẹ l’Ọṣun,0,0,0,0,0,0
yoruba_1_03944,Iwọde ‘Oodua Nation’ yoo waye niluu Eko ni Satide-Sunday Igboho,0,0,0,0,0,0
yoruba_1_03945,Fayẹmi gbe ọpa aṣẹ fun ọba tuntun ni Ijan-Ekiti,0,0,0,0,0,0
yoruba_1_03946,"Ẹ ma wulẹ fa wahala kankan, ẹ pe Tinubu kẹ ẹ ki i ku oriire-APC",0,0,0,0,0,0
yoruba_1_03947,"”Aṣiṣe gbaa ni Buhari nipo aarẹ, iru ẹ ko ni i ṣẹlẹ mọ”",0,2,0,0,0,0
yoruba_1_03948,"Laipẹ rara, ara maa tu awọn ọmọ orileede yii – Ijọba apapọ ",0,0,0,0,0,0
yoruba_1_03949,"Peter Obi wọle ni Delta, Abuja",0,0,0,0,0,0
yoruba_1_03950,"Igbẹjọ ti bẹrẹ nile-ẹjọ to ga ju lọ lori ọrọ Tinubu, Atiku ati Peter Obi",0,0,0,0,0,0
yoruba_1_03951,‘‘Gomina Seyi Makinde lawa mọ ni aṣaaju PDP nilẹ Yoruba’’,0,0,0,0,0,0
yoruba_1_03952,"Fulani lọkọ mi loootọ, ṣugbọn ko si lara ẹya awọn to n paayan-Titi Atiku",0,0,0,0,0,0
yoruba_1_03953,MC Oluọmọ di alaga awọn onimọto ni gbogbo ipinlẹ Yoruba,0,0,2,0,0,0
yoruba_1_03954,Ramadan: Oyetola rọ awọn Musulumi lati tubọ sun mọ Ọlọrun,0,0,0,0,0,0
yoruba_1_03955,Eyi nidi ti Makinde fi rọ ọba Ibadan yii loye,0,0,0,0,0,0
yoruba_1_03956,"Awọn oniṣẹṣe rọ Makinde lati sọ ogunjọ, oṣu Kẹjọ, di ọjọ isinmi awọn ẹlẹsin abalaye ",0,0,0,0,0,0
yoruba_1_03957,"Agbara ijọba Bẹnẹ kọ lo mu mi silẹ o, o wu Ọlọrun Ọba bẹẹ ni o-Sunday Igboho",0,0,0,0,0,0
yoruba_1_03958,"Tinubu, awọn gomina fọwọ si idasilẹ ọlọpaa ipinlẹ",0,0,0,0,0,0
yoruba_1_03959,Ijọba ti mu awọn ti wọn lọọ ṣakọlu sile Adajọ-binrin Odili l’Abuja,0,0,0,0,0,0
yoruba_1_03960," O kere tan, oṣiṣẹ orileede yii gbọdọ gba ẹgbẹrun lọna ọgọrun-un Naira owo-oṣu to kere ju- Sẹnetọ Ned",0,0,0,0,0,0
yoruba_1_03961,"Awọn ọmọ Naijiria fẹẹ gba orileede wọn pada, emi funra mi ni mo maa ṣaaju ipolongo naa-Pasitọ Bakare",0,0,0,0,0,0
yoruba_1_03962,Olubadan sọ awọn oloye rẹ di ọba,0,0,0,0,0,0
yoruba_1_03963,Gomina Oyetọla ko ẹṣọ Amọtẹkun jade l’Ọṣun,0,0,0,0,0,0
yoruba_1_03964,"Lẹyin bii osu meji to kọwe fipo silẹ, Abegunde ti tun pada sọdọ Akeredolu",0,0,0,0,0,0
yoruba_1_03965,"Ijọba Eko ni kawọn akẹkọọ ọlọdun mẹta akọkọ (JSS3), wọle lọjọ kẹwaa, oṣu yii ",0,0,0,0,0,0
yoruba_1_03966,"Ile-ẹjọ ni ki ọlọpaa san owo itanran fun Agboọla, igbakeji gomina Ondo tẹlẹ",0,0,0,0,0,0
yoruba_1_03967,"Ijọba, ẹgbẹ oṣiṣe fọwọ si owo oṣu tuntun l’Ekiti",0,0,0,0,0,0
yoruba_1_03968,Adeshina di Aarẹ banki idagbasoke Afrika lẹẹkeji,0,0,0,0,0,0
yoruba_1_03969,"Njẹ ẹ ti gbọ, ileeṣẹ Dangote ti bẹrẹ si i fọ epo bẹntiroolu bayii o",0,0,2,0,0,1
yoruba_1_03970,Ifowoṣofo ni iforukọsilẹ awọn ọmọ ẹgbẹ ti APC n ṣe lasiko yii-Bisi Akande,0,1,0,0,0,0
yoruba_1_03971,Eyi ni idi temi atawọn gomina PDP kan fi duro gbaagbaagba lẹyin Tinubu,0,0,0,0,0,0
yoruba_1_03972,Tinubu ni yoo ṣaaju ipade awọn olori orile-ede Afrika to fẹẹ gbogun ti egboogi oloro,0,0,0,0,0,0
yoruba_1_03973,"Tori awọn ọmọ mi ni mo ṣe fiṣẹ olowo nla silẹ ni Naijiria, ti mo n ṣe lebura niluu oyinbo- Ṣọla Ṣobọwale",0,2,0,0,0,0
yoruba_1_03974,"Laaarọ yii, Buhari pade Jonathan ninu Aso Rock",0,0,0,0,0,0
yoruba_1_03975,"Dokita Amẹrika ti ni ki wọn ma sọ pe ko soogun fun korona mọ, oogun ẹ wa o jare",0,0,0,0,0,0
yoruba_1_03976,"Ṣẹyin naa ti gbọ: Ṣọun Ogbomọsọ tuntun ti wa nipebi, ọjọ meje ni yoo lo nibẹ",0,0,0,0,0,0
yoruba_1_03977,APC yan awọn oloye ẹgbẹ kaakiri wọọdu ni Kwara ,0,0,0,0,0,0
yoruba_1_03978,Bisi Akande atawọn agbaagba APC ilẹ Yoruba kan ṣepade bonkẹlẹ pẹlu Buhari,0,0,0,0,0,0
yoruba_1_03979,A ni lati ṣatunṣe si owo oṣiṣẹ to kere ju lọ-Tinubu,0,0,0,0,0,0
yoruba_1_03980,"Ọjọ Iṣẹgun, Tusidee, ni ẹgbẹ PDP yoo yan oludije funpo gomina wọn l’Ọṣun ",0,0,0,0,0,0
yoruba_1_03981,Buhari n lọ si Mali loni-in o,0,0,0,0,0,0
yoruba_1_03982,"Eto idibo alaga ibilẹ ati kansilọ yoo waye lọjọ kẹrinlelogun, oṣu keje, nipinlẹ Ogun",0,0,0,0,0,0
yoruba_1_03983,Dandan ni abẹrẹ ajẹsara Korona fun gbogbo oṣiṣẹ ipinlẹ Ondo-Akeredolu,0,0,0,0,0,0
yoruba_1_03984,Ileegbimọ aṣofin Ogun fẹ ki ofin ma-fẹran-jẹko ni gbangba bẹrẹ kia,0,0,0,0,0,0
yoruba_1_03985,"Lẹyin ti wọn sanwo nla, awọn mẹrin ti wọn ji gbe l’Ekiti gbominira",0,0,0,0,0,2
yoruba_1_03986," Lẹyin ọpọlọpọ awuyewuye, Ọmọdewu di alaga APC ipinlẹ Ọyọ",0,0,0,0,0,1
yoruba_1_03987,Ọwọngogo owo tuntun: Awọn gomina APC rawọ ẹbẹ si Buhari,0,0,0,0,0,0
yoruba_1_03988,Sẹyin naa ti gbọ pe wọn ti gbe Bobrisky kuro ninu ọgba ẹwọn to wa,0,0,2,0,0,0
yoruba_1_03989,"Kootu paṣẹ fun MC Oluọmọ, ijọba Eko: Ẹ o gbọdọ ja tikẹẹti tabi gbowo lọwọ onimọto kankan mọ",0,0,0,0,0,0
yoruba_1_03990,Eyi lohun tileewe Fasiti KWASU sọ nipa akẹkọọ wọn to dawati,0,1,0,0,0,0
yoruba_1_03991,"Awọn eeyan Oro, ni Kwara, ti sọrọ soke: Yoruba pọnbele ni wa, ‘Orileede Oodua’ la fara mọ o",0,0,0,0,0,0
yoruba_1_03992,Aworan mi ni awọn alatilẹyin Aṣiwaju n gbe kiri ti wọn n pe ni Tinubu -Donald Duke,0,0,0,0,0,0
yoruba_1_03993,2025 ni idibo ijọba ibilẹ yoo waye l’Ọṣun – OSIEC,0,0,0,0,0,0
yoruba_1_03994,"Ọba Ọlakulẹyin fitan balẹ, eyi lohun to ṣe nile Olubadan to waja",0,0,0,0,0,0
yoruba_1_03995,"Digbi ni mo ṣi wa lẹyin Wike, mi o ṣetan lati gba ipo kankan lọwọ Atiku-Mimiko",0,0,0,0,0,0
yoruba_1_03996,Igbakeji ọga ọlọpaa Ẹkun kọkanla bẹrẹ iṣẹ,0,0,0,0,0,0
yoruba_1_03997,Makinde da igbimọ to n mojuto eto imọtoto ayika nipinlẹ Ọyọ duro,1,0,0,0,0,0
yoruba_1_03998,Ijọba kede Ọjọruu ati Ọjọbọ gẹgẹ bii isinmi ọdun Itunu aawẹ,0,0,0,0,0,0
yoruba_1_03999,Lori ọrọ SARS: Sanwo-Olu gbe igbimọ oluwadii kalẹ fun idajọ ododo,0,0,0,0,0,0
yoruba_1_04000,Awọn aṣofin ni kawọn alaga ijọba ibilẹ mẹtala lọọ rọọkun nile l’Ọyọọ,0,0,0,0,0,0
yoruba_1_04001,Adegoke: Ijọba apapọ sọ pe oun ko ba Adedoyin ṣẹjọ mọ,0,0,0,0,0,0
yoruba_1_04002," Nitori owo iranwọ ori epo ti wọn yọ, gomina yii ṣafikun owo-oṣu awọn oṣiṣẹ",0,0,0,0,0,1
yoruba_1_04003,Ọbasa wọle ibo aṣofin ipinlẹ Eko lẹẹkẹfa,0,0,0,0,0,0
yoruba_1_04004,Makinde fẹẹ fi awọn to n tọrọ baara to ko kuro loju titi n’Ibadan sẹnu iṣẹ,0,0,2,0,0,1
yoruba_1_04005,"‘Bẹẹ ba tun ri mi nidii ole jija, ohun to ba wu yin ni kẹ ẹ fi mi ṣe’",0,2,0,0,0,0
yoruba_1_04006,Buhari fami-ẹyẹ da Wasiu Ayinde lọla,0,0,0,0,0,0
yoruba_1_04007,"Nitori Korona, gomina Eko sun iwọle awọn oṣiṣẹ siwaju",0,0,0,0,0,0
yoruba_1_04008,Sanwo-Olu wọgi le sisan owo ifẹyinti fawọn gomina ati igbakeji l’Ekoo,0,0,2,0,0,0
yoruba_1_04009,Kọmisanna Akeredolu mi-in tun ti darapọ mọ ẹgbẹ ZLP l’Ondo,0,0,1,0,0,0
yoruba_1_04010,Ibo ipinlẹ Edo: Godwin Obaseki wọle gedegbe,0,0,0,0,0,0
yoruba_1_04011,"Araalu kọyin si reluwee ijọba, ero kan ṣoṣo lo wọ ọ lọjọ akọkọ",1,0,0,0,0,0
yoruba_1_04012,Ẹ pada soju titi kẹ ẹ maa ba iṣẹ yin lọ- Ọga ẹṣọ oju popo,0,0,0,0,0,0
yoruba_1_04013,"Wọn ni Tinubu ti ko Korona, ṣugbọn baba naa ni ṣaka lara oun da",0,0,0,0,0,0
yoruba_1_04014,Iba dara to ba jẹ pe bii ogun ọdun sẹyin ni Tinubu dupo aarẹ- Peter Obi,0,0,0,0,0,0
yoruba_1_04015,Tinubu ta ko aba Atiku pe ki wọn ṣafihan igbẹjọ eto aarẹ faraalu,0,0,0,0,0,0
yoruba_1_04016,"Aarẹ Tinubu ṣabẹwo sipinlẹ Borno, eyi lohun to sọ nibẹ",0,0,0,0,0,0
yoruba_1_04017,Akeredolu siju aanu wo awọn ẹlẹwọn mọkanla fun ayajọ ọdun tuntun,0,0,0,0,0,1
yoruba_1_04018,"Mọto to n lo ina ẹlẹntiriiki ti de Naijiria, Sanwo-Olu lo ṣi i l’Ekoo",0,0,0,0,0,0
yoruba_1_04019,Wọn ti tun da Ta-ni-Ọlọrun pada sọgba ẹwọn,0,0,0,0,0,0
yoruba_1_04020,"Ayọ abara tintin, obinrin yii bi ọmọ mẹsan-an lẹẹkan!",0,0,0,0,0,0
yoruba_1_04021,Ẹrọ BIVAS yii lo maa ṣẹ awọn oloṣelu oniwayo lẹyin-Atiku,0,0,0,0,0,1
yoruba_1_04022,Awọn gomina ilẹ Hausa ti gba pe ki oludije funpo aarẹ APC wa lati iha Guusu,0,0,0,0,0,0
yoruba_1_04023,"Ẹ ma gbero pe ki Naijiria pin, ka wa niṣọkan lo daa- Alake ilẹ Ẹgba",0,0,0,0,0,0
yoruba_1_04024,"Mr Latin, Ọdunlade Adekọla, Rose Odika di apaṣẹ ẹgbẹ awọn oṣere (TAMPAN) ",0,0,0,0,0,0
yoruba_1_04025,Makinde ṣeleri eto aabo to peye fawọn eeyan Ibarapa,0,0,0,0,0,0
yoruba_1_04026,Dapọ Abiọdun yi orukọ ileewe TASCE pada si Sikiru Adetọna College of Education,0,0,0,0,0,0
yoruba_1_04027,Ile-ẹjọ to ga ju lọ buwọ lu lilo hijaabu lawọn ileewe nipinlẹ Eko,0,0,0,0,0,0
yoruba_1_04028,"Atiku gba awọn gomina nimọran:Ẹ pe ipade apero apapọ funra yin, ẹ ma duro de ijọba apapọ mọ",0,0,0,0,0,0
yoruba_1_04029,Ọwọ ọlọpaa atawọn ọlọdẹ tẹ ikọ adigunjale ti wọn jẹ obinrin l’Oṣogbo,0,0,0,0,0,0
yoruba_1_04030,Ijọba fẹẹ ṣe afikun ijọba ibilẹ to wa nipinlẹ Ondo,0,0,0,0,0,0
yoruba_1_04031,Ibo aarẹ 2023: Buhari fẹẹ fi Pastor Bakare rọpo Tinubu o,0,0,0,0,0,0
yoruba_1_04032,"Tinubu ki i ṣọmọ Eko, wọn mu mi deleewe to lọ n’Iragbiji – Bọde George   ",0,0,0,0,0,0
yoruba_1_04033,"Irọ ni, awọn gomina ilẹ Yoruba ko ko ounjẹ korona pamọ o – Akeredolu",0,0,0,0,0,0
yoruba_1_04034, Adajọ ti gba beeli Ta-ni-Ọlọrun,0,0,0,0,0,0
yoruba_1_04035,Igbimọ to n ṣewadii ẹsun awọn ti SARS fiya jẹ pari ijokoo wọn lẹyin ọdun kan,0,0,0,0,0,0
yoruba_1_04036,Alagba Tunde Kelani fẹẹ gbe fiimu igbesi aye Ayinla Ọmọwura ati ilu Ẹgba jade,0,0,0,0,0,0
yoruba_1_04037," Nitori Akeredolu, awọn ọba alade wọle adura l’Ondo",0,0,0,0,0,0
yoruba_1_04038,"Ọpẹ o! Ija pari laarin awọn afọbajẹ Ibadan, Ladọja loun ko ba wọn ṣẹjọ mọ",0,0,0,0,0,3
yoruba_1_04039,Man City din dundu iya fun Watford,0,0,0,0,0,0
yoruba_1_04040,"O tan, Fẹmi Fani Kayọde ti pada sinu ẹgbẹ APC o",0,0,2,0,0,0
yoruba_1_04041,Laipẹ yii ni wahala ẹgbẹ oṣelu PDP yoo rokun igbagbe – Oyinlọla,0,0,0,0,0,0
yoruba_1_04042,"Mọ mọ p’ọrọ epo yii n fara ni araalu, ṣugbọn ma a di i fun yin o – Tinubu",0,0,0,0,0,0
yoruba_1_04043,Igbakeji ọga ọlọpaa tuntun fun Ẹkun kọkanla bẹrẹ iṣẹ l’Oṣogbo,0,0,0,0,0,0
yoruba_1_04044,Ẹgbẹrun mẹjọ tijọba Tinubu fẹẹ faraalu to lati ṣe nnkan ire o-Gomina Sule,0,0,0,0,0,0
yoruba_1_04045,Ọba fẹ Ọmọọba:Oluwoo ilẹ Iwo ṣegbeyawo pẹlu Ọmọọba Kano,0,0,0,0,0,0
yoruba_1_04046,Wọn ti ri awọn akẹkọọ Fasiti Ọlabisi Ọnabanjọ meji ti wọn ji gbe lọ pada,0,0,0,0,0,2
yoruba_1_04047,Eyi ni ohun ti Ọba Ọgọmbọ sọ nipa bi Aṣiwaju Tinubu ṣe jawe olubori,0,0,0,0,0,0
yoruba_1_04048,Wolii fun ọmọ Mohbad ni miliọnu mẹwaa Naira,0,0,0,0,0,2
yoruba_1_04049,Ọjọgbọn Adejọrọ di Alafin ti Afin Akoko tuntun,0,0,0,0,0,1
yoruba_1_04050,Ọlọpaa gba eeyan mejilelogun silẹ lọwọ ajinigbe,0,0,0,0,0,2
yoruba_1_04051,Ojuṣe gbogbo ọmọ ilu ni lati ri i pe opopo Kwara mọ roro- Ijọba,0,0,0,0,0,0
yoruba_1_04052,"Ẹ dibo fun mi, emi ni mo kunju oṣuwọn ju lati mu Naijiria de ilẹ ileri-Tinubu",0,0,0,0,0,0
yoruba_1_04053,Awọn akẹkọọ Musulumi lẹtọọ si lilo hijaabu ni Kwara – Ijọba,0,0,0,0,0,0
yoruba_1_04054,"Tinubu dibo n’Ikẹja, o lo da oun loju pe oun maa wọle",0,0,0,0,0,0
yoruba_1_04055,"Mo gbọdọ lo awọn iriri ti mo ti ni, oye mi, ati anfaani ti mo ni fun Naijiria ati ẹyin ọmọ Naijiria",0,0,0,0,0,0
yoruba_1_04056,Adeleke fagi le irinajo si Oke-Okun fawọn lọgaalọgaa lẹnu iṣẹ nipinlẹ Ọṣun,0,0,0,0,0,0
yoruba_1_04057,"Obinrin to ba ṣẹṣẹ bimo ni ipinlẹ Ọyọ, oṣu mẹfa ni yoo fi sinmi nile",0,0,0,0,0,1
yoruba_1_04058,"Awọn ọlọja  fariga fun ọmọ Tinubu, wọn ni aaye ohun to ṣe l’Ekoo ko si l’Edo",2,0,0,0,0,0
yoruba_1_04059,Wọn ri foonu olukọ Fasiti Ilọrin to dawati ni Lafiagi ,0,1,0,0,0,0
yoruba_1_04060,Emi ni mo kunju oṣuwọn ju lọ lati pese idari to maa tun nnkan ṣe daadaa ni Naijiria – Ọsinbajo,0,0,0,0,0,0
yoruba_1_04061,Eyi ni bi awọn kọsitọọmu ṣe gba ẹgbaagbeje ọmọ Naijiria lọwọ iku ojiji,0,0,0,0,0,1
yoruba_1_04062,Ọṣun 2022: Ajibọla Baṣiru ni yoo ṣaaju igbimọ ipolongo ibo fun Oyetọla,0,0,0,0,0,0
yoruba_1_04063,Revolution Now fẹhonu han layaajọ ọjọ Ominira l’Oṣogbo,1,0,0,0,0,0
yoruba_1_04064,Ọṣun 2022: Awọn ọmọ ẹgbẹ oṣelu APC fontẹ lu saa keji Oyetọla,0,0,0,0,0,0
yoruba_1_04065,"Lori eto aabo, ijọba ibilẹ Atisbo ro awọn ọdẹ ibilẹ lagbara",0,0,0,0,0,0
yoruba_1_04066,"Fani Kayọde ṣabẹwo si Sunday Igboho, o ni ko sohun to ni ki awọn agbẹ naa ma lo ibọn",0,0,0,0,0,0
yoruba_1_04067,Mr Macaroni rọ awọn ọmọ Naijiria lati dan ẹgbẹ oṣelu mi-in wo yatọ si APC ati PDP,0,0,0,0,0,0
yoruba_1_04068,"Aarẹ wa balẹ si Bamako, ni Buhari ba bo imu ẹ pinpin",0,0,0,0,0,0
yoruba_1_04069,Ganduje bẹ awọn Hausa Eko: Tinubu ati Shettima ni kẹ ẹ fibo gbe wọle,0,0,0,0,0,0
yoruba_1_04070,A ti ṣetan lati ṣeto owo ta a le fi ran awọn darandaran lọwọ – Tinubu,0,0,0,0,0,0
yoruba_1_04071,Badagry ni wọn ti ri ọpa aṣẹ awọn aṣofin Ogun ti wọn ji gbe,0,0,2,0,0,0
yoruba_1_04072,"Lasiko ti wọn fẹẹ gbowo itusilẹ, ẹṣọ alaabo mu awọn ajinigbe meji balẹ ni Kwara    ",0,0,0,0,0,1
yoruba_1_04073,Buhari ṣide eto ipolongo ibo aarẹ fun Tinubu,0,0,0,0,0,0
yoruba_1_04074,Buhari ko ṣe ohun aburu kankan nigba to fi wa nipo olori Naijiria- Garba Shehu,0,0,0,0,0,0
yoruba_1_04075,Ọdun 2024 ni ireti eyin araalu yoo tubọ pada wa si imuṣẹ – Gomina AbdulRasaq ,0,0,0,0,0,0
yoruba_1_04076,"Isinmi ranpẹ ni ẹgbẹ APC lọ l’Ọṣun, ọdun 2026 ni opin PDP",0,0,0,0,0,0
yoruba_1_04077,Ijọba ti bẹrẹ si i palẹ abọ onifukẹfukẹ mọ lawọn ọja ipinlẹ Eko,0,0,0,0,0,0
yoruba_1_04078,Mi o ni i ṣafikun idile to n jẹ Alaafin Ọyọ-Makinde,0,0,0,0,0,0
yoruba_1_04079,"Ẹ mu suuru, atunto ta a n ṣe si eto ọrọ-aje maa fi Naijiria lọkan balẹ laipẹ – Tinubu",0,0,0,0,0,0
yoruba_1_04080,"Ti ẹ ba ni kawọn Fulani ma fi maaluu jẹko ni gbangba mọ, ẹ ni lati wa ọna miiran fun wọn-Gomina Kwara ",0,0,0,0,0,0
yoruba_1_04081,Endsars: Ijọba Ọṣun fẹẹ san owo gba-ma-binu fawọn ti ọlọpaa huwa abuburu si,0,0,0,0,0,1
yoruba_1_04082,"Ijọba Eko yoo ṣi ileewe alakọọbẹrẹ ati girama lọjọ kọkanlelogun, oṣu kẹsan-an",0,0,0,0,0,0
yoruba_1_04083,"   Nitori biluu ṣe le koko, Aarẹ Tinubu ni ki wọn ṣayẹyẹ ajọdun ominira ilẹ wa wọọrọwọ",0,0,0,0,0,0
yoruba_1_04084,A fẹ kijọba yi orukọ Fasiti Ilọrin pada si Fasiti Sheikh Alimi – Ẹgbẹ ọmọ Ilọrin ,0,0,0,0,0,0
yoruba_1_04085, Wọn lawọn obi yoo maa tọwọ bọwe adehun alaafia lori awọn akekọọ girama l’Ogun,0,0,0,0,0,0
yoruba_1_04086,Oyetọla ṣebura fun awọn alaga ijọba ibilẹ tuntun l’Ọṣun,0,0,0,0,0,0
yoruba_1_04087,"Tinubu ti tun tẹkọ leti lọ siluu oyinbo, eyi lohun to n lọọ ṣe",0,0,0,0,0,0
yoruba_1_04088,Ko si atako ati ibanilorukọjẹ to le ni ki n ma dupo aarẹ- Tinubu,1,0,0,0,0,0
yoruba_1_04089,Ṣẹyin naa ti gbọ ohun to ṣẹlẹ laarin Funkẹ Akindele ati ṣọọṣi Sẹlẹ,0,0,1,0,0,0
yoruba_1_04090,Awa jagunjagun ibilẹ le daabo bo ilu wa ju awọn agbofinro ijọba lọ-Ọmọluabi,0,0,0,0,0,0
yoruba_1_04091,"Ijọba fofin de ẹgbẹ onimọto, wọn sọ MC Oluọmọ di alaga igbimọ gareeji l’Ekoo",0,0,0,0,0,0
yoruba_1_04092,Awọn gomina PDP ni ilẹ Hausa ni alaga tuntun yoo ti wa,0,0,0,0,0,0
yoruba_1_04093,Peter Obi ti sọrọ:  Ile-ẹjọ to ga ju lọ nilẹ yii maa gbẹtọ mi fun mi,0,0,0,0,0,0
yoruba_1_04094,Oyetọla gbe aba eto-iṣuna ọdun 2021 lọ fawọn aṣofin l’Ọṣun,0,0,0,0,0,0
yoruba_1_04095,"O tan! Joe Biden ti wọle o, oun laarẹ Amerika tuntun",0,0,2,0,0,0
yoruba_1_04096,Ajọ Yoruba Agbaye fẹẹ ran ijọba apapọ lọwọ lori fifi ede abinibi kọ awọn akẹkọọ,0,0,0,0,0,1
yoruba_1_04097,‘Ọro eto aabo to mẹhẹ ki i ṣẹjọ ijọba Buhari’,0,0,0,0,0,0
yoruba_1_04098,Ko si aburu kankan laafin Ọọni o – Ọlafare,0,0,0,0,0,0
yoruba_1_04099,"Oyetọla dupẹ pe Tinubu wọle aarẹ, o loun naa maa pada sipo gomina laipẹ",0,0,0,0,0,2
yoruba_1_04100,Ọwọ ijọba lo wa ti iwa ifipabanilopọ yoo ba dẹkun lorileede yii – Ẹlẹbuibọn,0,0,0,0,0,0
yoruba_1_04101,Awọn ẹlẹwọn mẹjọ ri idariji gba l’Ondo,0,0,0,0,0,1
yoruba_1_04102,"Ibo abẹlẹ APC Ọyọ: Fọlarin jawe olubori, Adelabu gba ẹgbẹ SDP lọ",0,0,0,0,0,0
yoruba_1_04103,"Ali Ndume ti sọrọ o: Ko sẹni to le le mi ninu ẹgbẹ APC, a jọ da a silẹ ni",0,0,0,0,0,0
yoruba_1_04104,Ẹgbẹ Akọmọlede rọ ijọba: Ẹ sọ ẹkọ ede Yoruba di dandan lawọn ileewe,0,0,0,0,0,0
yoruba_1_04105,"”Alaafia ni Ọba Ọlakulẹhin wa, ki Gomina Makinde wa irọ mi-in pa”",0,0,0,0,0,0
yoruba_1_04106,Ifẹhonu han la maa fi ayẹyẹ ‘June 12’ tọdun yii ṣe- Ẹgbẹ Akẹkọọ,1,0,0,0,0,0
yoruba_1_04107,"Awọn aṣofin Ogun naa fọwọ si gbigba owo-ori ọja (VAT), wọn ni ẹtọ ijọba ipinlẹ ni",0,0,0,0,0,0
yoruba_1_04108,Ọbasanjọ ti sọ iye ọdun to wu u lati lo laye o,0,0,0,0,0,0
yoruba_1_04109,"Ofin ipinlẹ Ọṣun faaye gba gomina, igbakeji atawọn kan lati gbe ọkọ ayọkẹlẹ wọn lọ – Owoẹyẹ",0,0,0,0,0,0
yoruba_1_04110,Ọga ọlọpaa patapata paṣẹ eto aabo to rinlẹ kaakiri awọn ileewe ,0,0,0,0,0,0
yoruba_1_04111,"Ẹ jade lati dibo fẹni to ba wu yin, a ti ṣeto aabo to peye-Kọmisanna ọlọpaa Kwara ",0,0,0,0,0,0
yoruba_1_04112,O ṣẹlẹ! Portable ati Pasuma ti da wahala silẹ ni ṣọọṣi Sẹlẹ o,0,0,0,0,0,0
yoruba_1_04113,A ko fọwọ si awọn to n lọ kaakiri ileewe pe ki ominira wa fun ilẹ Yoruba- Ijọba Ọṣun,0,0,0,0,0,0
yoruba_1_04114,"Lori ipese amayedẹrun, ọga nijọba Buhari yii lẹgbẹẹ ijọba Amẹrika-Faṣọla",0,0,0,0,0,0
yoruba_1_04115,"Ti mo ba di aarẹ, ma a tu Sunday Igboho ati Kanu silẹ kiakia – Ṣoworẹ   ",0,0,0,0,0,0
yoruba_1_04116,Aarẹ ile-ẹjọ ko-tẹ-mi-lọrun gbe igbimọ ti yoo ri si awuyewuye idibo gomina Ekiti kalẹ,0,0,0,0,0,0
yoruba_1_04117,"Lọdun 2023, iha Oke-Ọya lo ṣi maa bọ sipo aarẹ – Gomina Bauchi",0,0,0,0,0,0
yoruba_1_04118,"Ọwa Obokun ki Oyetọla laya: Fọkan balẹ, saa keji rẹ ti daju",0,0,0,0,0,0
yoruba_1_04119,Awọn ọba alaye tuntun gbọpa aṣẹ l’Ondo,0,0,0,0,0,1
yoruba_1_04120,"Grassroots 37 rọ Ọṣinbajo lati waa dupo aarẹ, wọn bun un ni ẹgbẹrun lọna ẹẹdẹgbẹta Naira",0,0,0,0,0,0
yoruba_1_04121,Ẹgbẹ awọn dokita fopin si iyanṣẹlodi wọn ni Kwara ,0,0,0,0,0,1
yoruba_1_04122,Ẹ la awọn araalu lọyẹ ki ẹ too maa mu wọn fun ẹsun ṣiṣe Naira baṣubaṣu-Oluwoo  ,0,0,0,0,0,0
yoruba_1_04123,Omi ma ti fẹẹ gbe wọn lọ ni Lafiagi,0,1,0,0,0,0
yoruba_1_04124,"   Ijọba fagi le owo-ori irẹsi, agbado, ọka-baba atawọn ounjẹ mi-in",0,0,0,0,0,1
yoruba_1_04125,Buhari ṣi ọna reluwee Eko s’Ibadan,0,0,0,0,0,2
yoruba_1_04126,PDP yoo ṣeto idibo abẹle funpo aarẹ ninu oṣu karun-un,0,0,0,0,0,0
yoruba_1_04127,"Nitori ‘Yoruba Nation’, iwọde nla yoo waye lọdọ ajọ Iṣọkan Agbaye l’Amẹrika",0,0,0,0,0,0
yoruba_1_04128,"Gomina Seyi Makinde wọle pade pẹlu Ladọja, Lekan Balogun atawọn agba oye Ibadan",0,0,0,0,0,0
yoruba_1_04129,Magu kuro lahaamọ lẹyin ọjọ kẹwaa,0,0,0,0,0,1
yoruba_1_04130,"Atiku gba ijọba nimọran: Lati dena itankalẹ Korona, ẹ fofin de awọn ọkọ ofurufu lati ilẹ Gẹẹsi",0,0,0,0,0,0
yoruba_1_04131,Buhari gbe igbimọ ti yoo ṣe amulo ofin tuntun lori ọrọ-epo bẹntiroolu kalẹ,0,0,0,0,0,0
yoruba_1_04132,Ijọba Dapọ Abiọdun tọwọ bọwe adehun pẹlu ileeṣẹ tuntun l’Ogun,0,0,0,0,0,0
yoruba_1_04133,"Adigunjale kọ lẹta si wọn laduugbo Ologunẹrun, n’Ibadan, wọn lawọn yoo ba wọn lalejo nipari oṣu yii",0,0,0,0,0,0
yoruba_1_04134,"Yọmi Fabiyi bimọ ọkunrin, ni Tọpẹ Alabi ba rọjo adura le ọmọ tuntun lori",0,0,0,0,0,2
yoruba_1_04135,"Nitori ifẹhonuhan awọn Musulumi, eyi lohun ti Ṣọun Ogbomọṣọ ṣe",0,0,0,0,0,0
yoruba_1_04136,Awọn gomina ilẹ Hausa naa ṣabẹwo si Tinubu ni London,0,0,0,0,0,0
yoruba_1_04137,   Ijọba Ogun ti gbe fọọmu sode fẹni to ba fẹẹ darapọ mọ ẹṣọ Amọtẹkun,0,0,0,0,0,0
yoruba_1_04138,"Ile-ẹjọ to ga ju lọ sun igbẹjọ lori nina Naira atijọ pẹlu tuntun si ọjọ kẹta, oṣu Kẹta",0,0,0,0,0,0
yoruba_1_04139,Toyin Abraham mu iya ọkọ ẹ lọ si Canada,0,0,0,0,0,0
yoruba_1_04140,Iṣẹlẹ to ṣẹlẹ laipẹ yii ko ba ajọṣe emi atiyawo mi jẹ o-Wasiu Ayinde,0,0,0,0,0,0
yoruba_1_04141,"Awọn eeyan n ba iṣẹ aje wọn lọ ni Kwara, ko si iwọde “June 12”",0,0,0,0,0,0
yoruba_1_04142,Eyi ni lẹta tuntun ti Ọbasanjọ kọ si Buhari,0,0,0,0,0,0
yoruba_1_04143,Awọn ileewe ilẹ Yoruba yoo ṣi loṣu to n bọ,0,0,0,0,0,0
yoruba_1_04144,"Ti mo ba di aarẹ, mi o ni i yan ẹnikẹni tọjọ ori ẹ ba ju marundinlogoji lọ sipo – Saraki",0,0,0,0,0,0
yoruba_1_04145,Ẹni to ba ni ẹri pe mo gba owo-oṣu gẹgẹ bii gomina fọdun mẹjọ ko mu un jade – Arẹgbẹṣọla,1,0,0,0,0,0
yoruba_1_04146,"Ibo abẹle APC:Awọn gomina, igbimọ apaṣẹ ni iha Guusu loludije sipo aarẹ yoo ti wa",0,0,0,0,0,0
yoruba_1_04147,Ijọba fofin de awọn alumọjiri to n tọrọ baara loju popo n’llọrin,0,0,0,0,0,0
yoruba_1_04148,"Nitori ọrọ aabo, Gomina Dapọ Abiọdun ati Ṣeyi Makinde fẹẹ ṣeto awọn agbofinro ẹnuubode",0,0,0,0,0,0
yoruba_1_04149,Ọjọ mẹrin lawọn oṣiṣẹ yoo fi maa lọ sibi iṣẹ bayii nipinlẹ Kaduna,0,0,0,0,0,0
yoruba_1_04150,"Ọpẹ o, wọn ya awọn ibeji ti wọn lẹ pọ nilewoosan Fasiti Ilọrin",0,0,0,0,0,3
yoruba_1_04151,"Ẹyin ara Yewa, nipinlẹ Ogun, ẹ ku amojuba Sunday Igboho",0,0,0,0,0,0
yoruba_1_04152,"Gomina Matawalle lulẹ ni Zamfara, Lawal lo wọle",0,0,0,0,0,0
yoruba_1_04153,"Pasitọ Tunde Bakare ti gba fọọmu miliọnu lọna ọgọrun-un Naira, o fẹẹ dupo aarẹ",0,0,0,0,0,0
yoruba_1_04154,Ere to pọ n bẹ fun agbofinro to ba ṣiṣẹ rẹ bo ṣe yẹ – Ọga ọlọpaa patapata,0,0,0,0,0,0
yoruba_1_04155,O n rugbo bọ o! Igbimọ to n gbọ ẹsun ibo aarẹ gba awọn iwe-ẹri Tinubu ti ẹgbẹ PDP ko kalẹ gẹgẹ bii ẹri,0,0,0,0,0,0
yoruba_1_04156," Lẹyin ọsẹ kan to bimọ sọgba ẹwọn, ile-ẹjọ gba beeli Kẹmi ti wọn mu lasiko iwọde SARS l’Akurẹ",0,0,0,0,0,0
yoruba_1_04157,Ibo abẹle APC: Ọṣinbajo ṣepade pẹlu awọn ọmọ ẹgbẹ nipinlẹ Ọyọ,0,0,0,0,0,0
yoruba_1_04158,Ibo abẹle APC: Wọn ti din awọn ti yoo dije ku si marun-un,0,0,0,0,0,0
yoruba_1_04159,Aṣofin mẹta tun darapọ mọ APC l’Ogun,0,0,0,0,0,0
yoruba_1_04160,Aṣiri nla! Idi ti Pasitọ Bakare fi d’ọrẹ Tinubu lojiji ree o,0,0,1,0,0,0
yoruba_1_04161,"Sunday Igboho sọrọ lati Kutọnu: Ẹ jẹ ka para wa pọ, ka gba ilẹ wa lọwọ awọn eeyan yii ko too pẹ ju",0,0,0,0,0,0
yoruba_1_04162,Ladọja atawọn agba ijoye Ibadan ti yan Balogun gẹgẹ bii ọmọ oye Olubadan,0,0,0,0,0,0
yoruba_1_04163,"Dapọ Abiọdun fun ẹgbẹ awọn ologun to ṣubu loju ija lowo, ọkada meji ati ọkọ ayọkẹlẹ kan",0,0,0,0,0,2
yoruba_1_04164,Ile-ẹjọ fagi le bi wọn ṣe da APC lọwọ kọ lori apero gbogbogboo wọn,0,0,0,0,0,0
yoruba_1_04165,"Haa, Obi gbe Tinubu lulẹ l’Ekoo",0,0,2,0,0,0
yoruba_1_04166,"Nitori ọda ojo, awọn Musulumi wọle adura l’Ọṣun",0,0,0,0,0,0
yoruba_1_04167,Ina jo ileeṣẹ SUBEB l’Akurẹ,0,1,0,0,0,0
yoruba_1_04168,Ayedatiwa di Adele gomina l’Ondo,0,0,0,0,0,0
yoruba_1_04169,"Tinubu ki Atiku ku oriire, o lawọn maa jọ dije dupo aarẹ laipẹ",0,0,0,0,0,0
yoruba_1_04170,"Nitori owo-ori (VAT) ati ofin ma fẹran-jẹko, awọn ọba ati gomina Oke-Ọya wọle ipade",0,0,0,0,0,0
yoruba_1_04171,Eyi lohun tijọba mi ti ṣe laarin ọgọrun-un ọjọ l’Ọṣun-Gomina Adeleke,0,0,0,0,0,0
yoruba_1_04172,"Dandan ni ki APC bori ibo 2023, a o fẹẹ pẹjọ rara – Adamu",0,0,0,0,0,0
yoruba_1_04173,"Ṣeun Kuti di afadura-jagun lahaamọ, Daddy G.O ni wọn n pe e bayii",0,0,2,0,0,0
yoruba_1_04174,Ọmọọba Makinde di Ọwa Igbajọ,0,0,0,0,0,0
yoruba_1_04175,"Nitori owo iranwọ epo ti wọn yọ, awọn akẹkọọ ati oṣiṣẹ yoo maa wọkọ ọfẹ ni Kwara",0,0,0,0,0,2
yoruba_1_04176,Ọpẹ o! Ajeji ti wọn ji gbe n’Ibadan ti bọ lọwọ awọn ajinigbe,0,0,0,0,0,3
yoruba_1_04177,"Ẹfun abeedi, inu ọkọ oju omi to n rin lọ loju agbami lobinrin yii ti bẹ sodo",0,2,2,0,0,0
yoruba_1_04178,Mi o ṣetan lati yi ipinnu mi pada lori ofin fifi ẹran jẹko ti mo fọwọ si-Akeredolu,0,0,0,0,0,0
yoruba_1_04179,O yẹ kijọba apapọ faaye gba ipinlẹ kọọkan lati maa ṣakooso ohun alumọọni wọn-Awọn gomina ilẹ Yoruba,0,0,0,0,0,0
yoruba_1_04180,Igbanisiṣẹ fun ikọ Amọtẹkun bẹrẹ l’Ekiti,0,0,0,0,0,0
yoruba_1_04181,"Awọn fijilante pa ajinigbe kan, wọn ri meji mu, wọn tun gba obinrin meji ti wọn ji ni Kwara silẹ",0,0,0,0,0,2
yoruba_1_04182,Ijọba ti ṣafikun owo awọn agunbanirọ,0,0,0,0,0,2
yoruba_1_04183,PDP maa fara mọ abajade esi idibo ti INEC ba kede-Tambuwal,0,0,0,0,0,0
yoruba_1_04184,Awọn ọdọ ilẹ Hausa lawọn fara mọ ki Ọṣinbajo di aarẹ ni 2023,0,0,0,0,0,0
yoruba_1_04185,"Ẹgbẹ awọn gomina sọ fun NNPCL: Ẹ yee mowo ile lọ sita, ẹ ṣatilẹyin fun ileeṣẹ epo Dangote",0,0,0,0,0,0
yoruba_1_04186,Tokunbọ Abiru ni APC fa kalẹ lati dije rọpo “Pẹpẹrito” to ku,0,0,0,0,0,0
yoruba_1_04187,Mama Rainbow dẹni ọgọrin ọdun laye,0,0,0,0,0,2
yoruba_1_04188,"Ibo abẹle PDP l’Ọṣun: Ademọla Adeleke jawe olubori, oun ni yoo koju Oyetọla ti ẹgbẹ APC",0,0,0,0,0,0
yoruba_1_04189,"Ẹgbẹ PDP yan alaga tuntun, Saraki lawọn yoo gba agbara pada lọdun 2023 ni Kwara",0,0,0,0,0,0
yoruba_1_04190,A ti n mura lati yanju wahala awọn agbẹ ati Fulani ni Kwara- NSCDC,0,0,0,0,0,0
yoruba_1_04191,"Ẹ fọkan balẹ, ko si nnkan kan to maa ṣe esi ayẹwo oku Mohbad- Ọlọpaa ",0,0,0,0,0,0
yoruba_1_04192,Adeleke sọrọ soke: Ko si ohun to le gba ijo jijo lẹsẹ mi ,0,0,0,0,0,0
yoruba_1_04193,Tinubu gba awọn ọdọ nimọran: Ẹ yee ba dukia jẹ lasiko tẹ ẹ ba n fehonu han,0,0,0,0,0,0
yoruba_1_04194,Gomina Kwara gbe igbimọ kalẹ ti yoo ṣiṣẹ lori ọlọpaa ibilẹ,0,0,0,0,0,0
yoruba_1_04195,"Ile-ẹjo ko le fofin de Abiru l’Ekoo, APC lo sọ bẹẹ",0,0,0,0,0,0
yoruba_1_04196,2023: Mo fi ori-ade bẹ ẹyin agbaagba Yoruba lati ma ṣe jẹ ki anfaani nla yii fo wa ru-Oluwoo,0,0,0,0,0,0
yoruba_1_04197,Ayedatiwa ni yoo ṣe igbakeji Gomina Akeredolu ninu eto idibo ti yoo waye loṣu kẹwaa,0,0,0,0,0,0
yoruba_1_04198,Gbogbo awọn aṣaaju ẹgbẹ ni mo maa fọrọ lọ lori yiyan igbakeji mi-Atiku,0,0,0,0,0,0
yoruba_1_04199,Olubadan ti sọrọ o: Abẹ akoso Baalẹ Ṣaṣa ni Seriki Ṣaṣa wa,0,0,0,0,0,0
yoruba_1_04200," Bo ba jẹ emi ni aarẹ Naijiria, eyi lohun ti ma a ṣe lori mọto tawọn aṣofin ra- Peter Obi",0,0,0,0,0,0
yoruba_1_04201,Korona yoo dohun igbagbe nilẹ wa laipẹ – Ọọni Ogunwusi,0,0,0,0,0,0
yoruba_1_04202,Gomina gboriyin fawọn obinrin to dawo kọ ileewe ni Kwara,0,0,0,0,0,2
yoruba_1_04203,Ọṣun Oṣogbo: Ẹ jokoo sibi ti ẹ ba wa ki ẹ maa wo ayẹyẹ naa,0,0,0,0,0,0
yoruba_1_04204,Iwọde ominira Yoruba la maa fi ‘June 12’ ṣe-Sunday Igboho,0,0,0,0,0,0
yoruba_1_04205,Eyi nidi ta a fi ni ọdun iṣẹṣe ko gbọdọ waye- Ẹmia Ilọrin    ,0,0,0,0,0,0
yoruba_1_04206,Makinde sanwo ti wọn yoo fi bẹrẹ idasilẹ ẹka LAUTECH niluu Iṣẹyin,0,0,0,0,0,0
yoruba_1_04207,Ibo abẹle APC: Buhari tun wọle ipade pẹlu awọn gomina ilẹ Hausa,0,0,0,0,0,0
yoruba_1_04208,Wọn ma ni Tinubu ti pada de lati London,0,0,1,0,0,0
yoruba_1_04209,"Ọrọ baba atọmọ lọrọ emi ati Ọọni  Ifẹ, mo ti pe wọn lori foonu-Sunday Igboho",0,0,0,0,0,0
yoruba_1_04210,Eyi lohun tẹ ẹ gbọdọ ṣe ko too di pe a gba yin laaye lati ṣewọde-Egbẹtokun,0,0,0,0,0,0
yoruba_1_04211,Nitori ijinigbe: Awọn ọlọkada ipinlẹ Ogun yoo bẹrẹ si i wọṣọ idanimọ,0,0,0,0,0,0
yoruba_1_04212,"Nitori eto idibo, ijọba apapọ fun awọn akẹkọọ ileewe giga fasiti lọlude",0,0,0,0,0,0
yoruba_1_04213,Ọba tuntun jẹ ni Lafiagi ,0,0,0,0,0,2
yoruba_1_04214,"Ẹ takete si aṣilo oogun, Gomina Abdulrazaq rọ awọn ọdọ ni Kwara",0,0,0,0,0,0
yoruba_1_04215,"Wọn ma ni wọn ko ri ọmọkunrin adẹrin-in poṣonu nni, Cute Abiọla",0,0,0,0,0,0
yoruba_1_04216,Ibo gomina Eko: Sanwo-Olu fagba han GRV ati Jandor,0,0,0,0,0,0
yoruba_1_04217,Igbẹjọ Oyetọla/Adeleke: Kootu gba ẹrọ idibo ati iwe-ẹri awọn ileewe ti Adeleke lọ gẹgẹ bii ẹri,0,0,0,0,0,0
yoruba_1_04218,Gani Adams ṣefilọlẹ ẹṣọ alaabo Oodua ni Kwara ,0,0,0,0,0,0
yoruba_1_04219,Iyabọ Oko tun pada ji saye lẹyin wakati mẹta ti wọn kede pe o ti ku,0,0,3,0,0,2
yoruba_1_04220,"Ọlọpaa ti ri Alaga ti wọn ji gbe l’Oke-Onigbin, nipinlẹ Kwara, gba pada",0,0,0,0,0,2
yoruba_1_04221,RRS doola ẹmi ọmọbinrin to fẹẹ binu ko somi l’Ekoo,0,0,0,0,0,2
yoruba_1_04222,Ibo abẹle APC l’Ondo: Eyi ni orukọ awọn ti yoo kopa,0,0,0,0,0,0
yoruba_1_04223,"Nitori eto aabo, ẹṣọ Amọtẹkun Ondo ati Ọṣun bẹrẹ ajọṣepọ lẹnu aala wọn",0,0,0,0,0,0
yoruba_1_04224,Peter Obi lo n lewaju nipinlẹ Plateau,0,0,0,0,0,0
yoruba_1_04225, Makinde fọwọ si pasitọ ijọ Ridiimu gẹgẹ bii Ṣọun Ogbomọṣọ tuntun,0,0,0,0,0,0
yoruba_1_04226,Ọrọ ẹsin ni nnkan akọkọ ti ki i jẹ ki ọmọ Naijiria ronu bo ṣe yẹ – Ṣoyinka,0,0,0,0,0,0
yoruba_1_04227,Adajọ ni ki wọn sanwo ‘gba ma binu’ fawọn aṣofin Ondo,0,0,0,0,0,0
yoruba_1_04228,"Aarẹ Buhari ti fi oṣu mẹta kun asiko ọga ọlọpaa patapata, Muhammed Adamu",0,0,0,0,0,0
yoruba_1_04229,"O ṣẹlẹ, wọn so mariwo ọpẹ mọ ẹnu ọna ọfiisi ọga ileewe n’Iliṣan",0,0,2,0,0,0
yoruba_1_04230,Emi ni ẹgbẹ APC maa fa kalẹ lati dupo aarẹ lọdun 2023-Yahaya Bello,0,0,0,0,0,0
yoruba_1_04231,"Nitori ọwọngogo ounjẹ, eyi lawọn ofin ti Oṣemawe ṣe fawọn ọlọja l’ Ondo",0,0,0,0,0,0
yoruba_1_04232,"Lẹyin ti wọn gbowo, ajinigbe tu awọn ọmọ iya mẹta ti wọn gbe silẹ",0,0,0,0,0,3
yoruba_1_04233,"Nitori wahala Fulani, Dapọ Abiọdun fi mọto mẹwaa ati ọkada ogun ran ikọ alaabo lọwọ",0,0,0,0,0,0
yoruba_1_04234,"Lẹyin ọjọ marun-un lọdọ awọn ajinigbe, awọn mọkanla ti wọn ji gbe gbominira ni Kwara ",0,0,0,0,0,3
yoruba_1_04235, Akeredolu gbe aba eto isuna ọdun to n bọ lọ siwaju awọn aṣofin,0,0,0,0,0,0
yoruba_1_04236,‘Buhari ti paṣẹ ki wọn wadii awọn ṣọja to pa awọn eeyan ni Lẹki’,0,0,0,0,0,0
yoruba_1_04237,Ọṣun 2022: Ajọ eleto idibo gbe orukọ awọn ti yoo dupo gomina ati igbakeji wọn jade,0,0,0,0,0,0
yoruba_1_04238,Eyi nidi ti mo ṣe bọra sihooho leti okun nitori Tinubu-Ọlaiya Igwe,0,0,0,0,0,0
yoruba_1_04239,Ijọba ipinlẹ Kwara fẹẹ gba ẹgbẹrun kan abọ olukọ siṣẹ,0,0,0,0,0,2
yoruba_1_04240,Ohun ti Tinubu ṣe fun Ambọde l’Ekoo la maa ṣe fun Oyetọla l’Ọṣun – Arẹgbẹṣọla,0,0,0,0,0,0
yoruba_1_04241,Awọn aṣofin Eko tun yọ ninu orukọ ti Sanwo-Olu fi ranṣẹ danu,0,0,0,0,0,0
yoruba_1_04242,"O tan, Portable ti wa latimọle ọlọpaa   ",0,0,0,0,0,0
yoruba_1_04243,"Nigbẹyin, ẹgbẹ APC gba lati mu alaga wọn lati ilẹ Hausa",0,0,0,0,0,0
yoruba_1_04244, Tinubu ko ẹri rẹpẹtẹ siwaju ile-ẹjọ to n gbọ ẹsun idibo,0,0,0,0,0,0
yoruba_1_04245,"Oṣere yii pariwo: Ẹ ma ko ba mi o, ko si nnkan kan laarin emi ati MC Oluọmọ",0,0,0,0,0,0
yoruba_1_04246,"Amọtẹkun bẹrẹ iṣẹ l’Ọyọọ, Makinde ko wọn jade bii ọmọ tuntun",0,0,0,0,0,2
yoruba_1_04247,Aarẹ Buhari fun Ize-Iyamu ni asia ẹgbẹ APC lati dije sipo gomina l’Edo,0,0,0,0,0,0
yoruba_1_04248,Atunto nikan lo le yanju ọrọ ẹlẹyamẹya ni Naijiria-Akeredolu,0,1,0,0,0,0
yoruba_1_04249,Mọ mọ ẹni to fẹẹ le mi nipo ọba-Oluwoo,0,0,0,0,0,0
yoruba_1_04250,"Gbogbo ẹyin tẹ ẹ ti gba abẹrẹ Koro, ẹ si tẹsiwaju lati maa lo ibomu yin o – ijọba Kwara",0,0,0,0,0,0
yoruba_1_04251,"Pẹlu bawọn ọlọpaa ṣe n wa a, Portable olorin ṣegbeyawo pẹlu iya ọmọ ẹ",0,0,2,0,0,0
yoruba_1_04252,Aago mọkanla alẹ ni ki gbogbo ṣọọṣi pari isin aisun ọdun tuntun l’Ekoo – CAN,0,0,0,0,0,0
yoruba_1_04253,Idije imọ Ede Yoruba to le sọ awọn akẹkọọ ileewe girama di miliọnia bẹrẹ ,0,0,0,0,0,2
yoruba_1_04254,Mi o ni i ṣatilẹyin fun aarẹ lati ilẹ Hausa – El-Rufai,0,0,0,0,0,0
yoruba_1_04255,Ibo ijọba ibilẹ: Oludije ẹgbẹ APC wọle ni gbogbo ijọba ibilẹ ni Kwara ,0,0,0,0,0,1
yoruba_1_04256,Eyi ni ohun ti Ta-ni-Ọlọrun ṣe fun awọn Musulumi Ilọrin,0,0,0,0,0,0
yoruba_1_04257,Awọn eeyan ipinlẹ Ọṣun ti n reti ipadabọ ẹgbẹ APC – Oyetọla,0,0,0,0,0,0
yoruba_1_04258,"Ọkunrin yii gbe awọn ibẹta niyawo lọjọ kan naa, o ni wọn ti jọra wọn ju   ",0,0,3,0,0,0
yoruba_1_04259,Oluwoo pe awọn onimọ nipa ede Yoruba nija,0,0,0,0,0,0
yoruba_1_04260,"Nitori ki eto aabo le gbopọn si i, awọn araalu ro fijilante lagbara ni Kwara ",0,0,0,0,0,0
yoruba_1_04261,O digba ta a ba ṣe ohun to yẹ ka ṣe ki iṣoro aabo yii too dopin – Babangida,0,0,0,0,0,0
yoruba_1_04262,Baba Ijẹṣa ki i ṣe ọmọ ẹgbẹ wa o- Mr LATIN,0,0,0,0,0,0
yoruba_1_04263,"Ati Fayẹmi, ati Ojudu, ko sẹni kan to gbọdọ le ẹni kan kuro ninu APC",0,0,0,0,0,0
yoruba_1_04264,Ọdun to n bọ niṣẹ yoo pari patapata lori atunṣe biriji afara ẹlẹẹkẹta,0,0,0,0,0,0
yoruba_1_04265,Gomina Abdurazaq bura fawọn kọmisanna tuntun ni Kwara ,0,0,0,0,0,0
yoruba_1_04266,Adeleke gbọpa aṣẹ l’Ọṣun,0,0,0,0,0,1
yoruba_1_04267,"   Nitori bawọn Hausa ṣe dawọ kiko ounjẹ wa silẹ Yoruba duro, awọn kọmiṣanna eto ọgbin nipinlẹ Yoruba ṣepade",0,0,0,0,0,0
yoruba_1_04268,"Lati le gba kaadi idibo, Akeredolu kede isinmi ọjọ kan fawọn oṣiṣẹ ipinlẹ Ondo",0,0,0,0,0,0
yoruba_1_04269,"Aṣiwaju ni iran Yoruba jẹ, a ko si gbọdọ ja awọn ẹya to ku kulẹ – Ọọni Ogunwusi",0,0,0,0,0,0
yoruba_1_04270,"Ni bayii, lọọya Naijiria le ṣiṣẹ ni UK, gẹgẹ bi ti UK naa ṣe ti le ṣẹ ni Naijiria",0,0,0,0,0,2
yoruba_1_04271,Olubadan rọ ọkan ninu awọn baalẹ rẹ loye,0,0,0,0,0,0
yoruba_1_04272,Wọn ti tun ṣafikun sowo epo bẹntiroolu o,0,2,0,0,0,0
yoruba_1_04273,Wọn fi oye Ọmowe da Sunday Igboho lola ni yunifasiti Amẹrika,0,0,0,0,0,1
yoruba_1_04274,Ko saaye fun gomina lati maa fi ẹni to ba wu u jẹ alaga kansu mọ ni ipinlẹ Ọyọ -Alaga OYSIEC,0,0,0,0,0,0
yoruba_1_04275,"Ọjọ keji lẹyin to ṣọjọọbi, Ṣọla Kosọkọ bimọ ọkunrin lantilanti",0,0,0,0,0,3
yoruba_1_04276,Ikọ Amọtẹkun mu afurasi ajinigbe l’Ekiti,0,0,0,0,0,1
yoruba_1_04277,"Nitori eto idibo to n bọ, Ọbasanjọ ati Mimiko ṣepade bonkẹlẹ",0,0,0,0,0,0
yoruba_1_04278,"Lati le fopin si iwa ibajẹ, EFCC ati ọlọpaa jẹẹjẹ ifọwọsowọpọ ni Kwara ",0,0,0,0,0,0
yoruba_1_04279,Ireti wa fun orileede wa lati goke agba ti a ba le gbogun ti awọn nnkan to n fa iyapa laarin wa – Oyetọla,0,0,0,0,0,0
yoruba_1_04280,Ile-ẹjọ gba Oyetọla laaye lati sayẹwo awọn iwe idibo,0,0,0,0,0,0
yoruba_1_04282,Igbimọ oluwadii ni Abba Kyari ki i ṣe onijibiti o,0,0,0,0,0,0
yoruba_1_04283,Ọba Akiolu sọ fun oludije Labour to ṣabẹwo si i pe Sanwo-Olu ni yoo wọle ibo Eko,0,0,0,0,0,0
yoruba_1_04284,Iku nikan lo le ni ki n ma dupo aarẹ mọ- Atiku,0,0,0,0,0,0
yoruba_1_04285,Olubadan ko gbowo kankan lọwọ ijọba lati jẹ ki wọn ri Sunday Igboho mu o-Ọlọkọ,0,0,0,0,0,0
yoruba_1_04286,Awọn ọlọpaa ti fun Baba Ijẹṣa ni beeli,0,0,0,0,0,0
yoruba_1_04287,Sifu Difẹnsi ipinlẹ Ogun ṣi ẹka imọ ẹrọ ti yoo maa mojuto iwa ọdaran lori ayelujara,0,0,0,0,0,0
yoruba_1_04288,Eyi ni ohun ti Aafa Okutagidi ṣe fun Ta-ni-Ọlọhun,0,0,0,0,0,0
yoruba_1_04289,Kọmiṣanna ọlọpaa tuntun bẹrẹ iṣẹ l’Ondo,0,0,0,0,0,0
yoruba_1_04290,"Ọọni loun ko binu si Sunday Igboho mọ, oun ko si ni i sọrọ lori ohun to ṣe",0,0,0,0,0,0
yoruba_1_04291,Aarẹ bii Buhari ni Ọlọrun yoo tun fun wa ni 2023- Gomina Ebonyi,0,0,0,0,0,0
yoruba_1_04292,Eyi lesi ayẹwo tijọba ipinlẹ Ọyọ ṣe fun Olubadan tuntun,0,0,0,0,0,0
yoruba_1_04293,   Ọlanrewaju di kọmiṣanna ọlọpaa tuntun nipinlẹ Eko,0,0,0,0,0,0
yoruba_1_04294,Ijọba apapọ kede ọjọ Aje gẹgẹ bii isinmi lẹnu iṣẹ,0,0,0,0,0,0
yoruba_1_04295,O yẹ ki Aarẹ Tinubu dunaa-dura pẹlu awọn afẹmiṣofo ti wọn ronupiwada ni–Ahmad Yerima,0,0,0,0,0,0
yoruba_1_04296,Awọn aṣofin Eko ni kijọba sanwo fawọn teeyan wọn ku ninu ajalu ile to wo n’Ikoyi,0,0,0,0,0,0
yoruba_1_04297,Davido ko nilo lati tọrọ aforiji kankan fawọn Musulumi – Ṣoyinka,0,0,0,0,0,0
yoruba_1_04298,INEC fi ọjọ mẹfa kun ọjọ idibo abẹle awọn ẹgbẹ oṣelu ilẹ wa,0,0,0,0,0,0
yoruba_1_04299,Ibo Ọṣun: Ile-ẹjọ Ko-tẹ-mi-lọrun yoo gba ẹtọ wa pada fun wa-Adeleke,0,0,0,0,0,0
yoruba_1_04300,"Ladọja ṣabẹwo si Olubadan ilẹ Ibadan, eyi lohun tawọn mejeeji jọ sọ",0,0,0,0,0,0
yoruba_1_04301,Wọn ti tu Imaamu agba ti wọn ji gbe ni Ùsò silẹ,0,0,0,0,0,2
yoruba_1_04302,Emir Katisina sọ fun Ọṣinbajo: Gbọn-in gbọn-in la wa lẹyin rẹ lati di aarẹ Naijiria,0,0,0,0,0,0
yoruba_1_04303,"Oluwoo de ade fun Firdauz, Olori tuntun",0,0,0,0,0,0
yoruba_1_04304,Ẹgbẹ to n ṣatilẹyin fun Ọṣinbajo ki Tinubu ku oriire,0,0,0,0,0,0
yoruba_1_04305,Mo lọọ ṣalaye fun Buhari pe mo fẹẹ dupo aarẹ Naijiria ni-Tinubu   ,0,0,0,0,0,0
yoruba_1_04306,Nitori aigbọra-ẹni-ye awọn ọmọ APC kan ya lọ sinu ẹgbẹ YPP ni Kwara ,0,0,0,0,0,0
yoruba_1_04307,Olubadan gbe awọn oloye Ibadan kan ga,0,0,0,0,0,1
yoruba_1_04308,Ẹgbẹ Labour fẹẹ da owo fọọmu oludije wọn to ku lojiji pada fawọn mọlẹbi rẹ,0,1,0,0,0,0
yoruba_1_04309,"Ọṣinbajo ṣi oriṣiiriṣii iṣẹ akanṣe nipinlẹ Borno, o ṣabẹwo sawọn Boko Haram to ti ronupiwada",0,0,0,0,0,0
yoruba_1_04310,A maa bẹrẹ si i san afikun owo-oṣu ninu oṣu kọkanla- Dapọ Abiọdun,0,0,0,0,0,0
yoruba_1_04311,O ṣee ṣe ki orileede Benin ma yọnda Sunday Igboho fun ijọba Naijiria,0,0,0,0,0,0
yoruba_1_04312,Ọdun Ọlọjọ: Asiko ti to fun awa ọmọ ilẹ Afrika lati wa ni iṣọkan- Bonge ,0,0,0,0,0,0
yoruba_1_04313,"Adeleke kede Ọjọruu, Wẹsidee, gẹgẹ bii isinmi lẹnu iṣẹ",0,0,0,0,0,0
yoruba_1_04314,Gbenga Daniel darapọ mọ ẹgbẹ APC,0,0,0,0,0,0
yoruba_1_04315,A o ni i lo Amọtẹkun lasiko idibo ijọba ibilẹ- Ajọ eleto idibo ipinlẹ Ọyọ,0,0,0,0,0,0
yoruba_1_04316,ṢEYIN NAA TI GBỌ IKILỌ TI BỌLA TINUBU ṢE FUN ỌBA ONIRU TUNTUN,0,0,1,0,0,0
yoruba_1_04317,"Nnkan n bẹ o, awọn ṣọja lo doola ẹmi obinrin yii nibi to ti fẹẹ bẹ somi ọsa",0,2,0,0,0,0
yoruba_1_04318,Eyi lohun ti Gomina Adeleke ni kawọn oṣiṣẹ ijọba ṣe layaajọ ọdun Falẹntain l’Ọṣun,0,0,0,0,0,0
yoruba_1_04319,"Lẹyin ọsẹ kan niluu oyinbo, Tinubu de lati gbọpa aṣẹ Naijiria",0,0,0,0,0,0
yoruba_1_04320,Sanwo-Olu ni yoo ṣaaju ipolongo ibo Akeredolu l’Ondo,0,0,0,0,0,0
yoruba_1_04321,Okonjo-Iweala di obinrin akọkọ nipo ọga agba Ajọ Olokoowo Agbaye (WTO),0,0,0,0,0,2
yoruba_1_04322,Ala ti ko le ṣẹ ni ki n dara pọ mọ ẹgbẹ APC – Makinde,0,0,0,1,0,0
yoruba_1_04323,A ko le awọn Ibo tabi ẹya kankan nilẹ Yoruba o – Olori Afẹnifẹre,0,0,0,0,0,0
yoruba_1_04324,Eto idibo ṣii n lọ lọwọ ni ipinlẹ Edo,0,0,0,0,0,0
yoruba_1_04325,Ọna kan pataki lati da ogo ati ọrọ-aje orile-ede Naijiria pada ni ki ẹ dibo fun mi-Tinubu,0,0,0,0,0,0
yoruba_1_04326,Papa iṣere Ilọrin la ti maa ṣe ayẹyẹ ‘Durbar’ ọdun yii – Ilọrin Emirate ,0,0,0,0,0,0
yoruba_1_04327,CBN paṣẹ: Ẹ maa na gbogbo owo atijọ ati tuntun lọ titi dipari ọdun yii,0,0,0,0,0,0
yoruba_1_04328,Ọga agbẹjọro kan lati orileede France ni yoo ṣiwaju awọn lọọya ti yoo duro fun Sunday Igboho ni kootu Benin,0,0,0,0,0,0
yoruba_1_04329,"Bassirou, Aarẹ tọjọ ori rẹ kere ju lorileede Senegal ti gori aleefa",0,0,0,0,0,0
yoruba_1_04330,Buhari yoo ṣiṣọ loju owo Naira wa ti wọn fẹẹ pa awọn rẹ da,0,0,0,0,0,0
yoruba_1_04331,Awọn gomina PDP mẹrin ṣepade pẹlu Mimiko l’Ondo,0,0,0,0,0,0
yoruba_1_04332,Ko gbọdọ si ikojọpọ tabi iwọde kankan l’Ekoo- Ileeṣẹ ọlọpaa,0,0,0,0,0,0
yoruba_1_04333,Awọn aṣofin Ogun dabaa pe ki ayajọ ọjọ Iṣẹṣe maa jẹ ọjọ isinmi lẹnu iṣẹ,0,0,0,0,0,0
yoruba_1_04334,"Awọn fijilante pa ajinigbe kan, wọn gba iya atọmọ ti wọn ji gbe silẹ ni Kwara",0,0,0,0,0,2
yoruba_1_04335,Ọṣinbajo atiyawo ẹ dibo n’Ikẹnnẹ,0,0,0,0,0,0
yoruba_1_04336,Ma a ba Tinubu ṣiṣẹ pọ to ba ranṣẹ si mi – Bọde George,0,0,0,0,0,0
yoruba_1_04337,Wolii Dele Genesis ti de lati ọgba ẹwọn ti wọn sọ ọ si,0,0,0,0,0,0
yoruba_1_04338,"Ijọba ti da Ogundipẹ, ọga Fasiti Eko pada sipo rẹ",0,0,0,0,0,1
yoruba_1_04339,Oṣu kẹsan-an ọdun yii nipinlẹ Ọṣun yoo ko awọn Amọtẹkun rẹ jade ,0,0,0,0,0,0
yoruba_1_04340,Sanwoolu ṣeto ma-da-mi-dofo fawọn agba oṣere Yoruba,0,0,0,0,0,0
yoruba_1_04341,"L’Ọṣun, ori ko eeyan mejila yọ lọwọ iku ojiji",0,0,0,0,0,3
yoruba_1_04342,Oyebanji di gomina Ekiti tuntun,0,0,0,0,0,1
yoruba_1_04343,"Lẹyin to ti Mecca de, Oluwoo b’ALAROYE sọrọ nipa Tinubu, idi to fi ṣi ori silẹ ni Saudi",0,0,0,0,0,0
yoruba_1_04344,"Lẹyin ọjọ mẹsan-an lakata awọn ajinigbe, oyinbo Chinese ti wọn ji gbe gbominira ni Kwara ",0,0,0,0,0,2
yoruba_1_04345,"Lẹyin to ti bibeji, ẹ wo obinrin to bimọ mẹwaa lẹẹkan naa",0,0,3,0,0,0
yoruba_1_04346,Tiriliọnu kan ati diẹ ni ipinlẹ Eko yoo na lọdun to n bọ fun iṣẹ ilu,0,0,0,0,0,0
yoruba_1_04347,"Agbẹjọro lọ si kootu pẹlu aṣọ ẹsin abalaye, o ni idajọ ile-ẹjọ to ga ju lọ loun tẹle",0,0,2,0,0,0
yoruba_1_04348,"   A o fẹ Wakili l’Ayetẹ mọ o, awọn alalẹ ilẹ yii o ni i jẹ ka tun riru ẹ n’Ibarapa mọ – Ọba Ayetẹ   ",2,0,0,0,0,0
yoruba_1_04349,Mi o ni i ja Aarẹ Tinubu atawọn aṣofin orile-ede yii kulẹ – Keyamo,0,0,0,0,0,0
yoruba_1_04350,"Ọga ọlọpaa Eko sọrẹnda, wọn ni iwọde EndSARS le waye wọọrọwọ",0,0,0,0,0,0
yoruba_1_04351,Eyi nidi ti mo fi n ṣọdun Olodumare – Oluwoo,0,0,0,0,0,0
yoruba_1_04352,Ijọba Ọṣun yoo bẹrẹ si i san owo-oṣu oṣiṣẹ to kere ju tuntun laipẹ – Adeleke,0,0,0,0,0,2
yoruba_1_04353,Akeredolu pasẹ pe kawọn ileewe maa kọrin ibilẹ Yoruba,0,0,0,0,0,0
yoruba_1_04354,"Ijọba ti ni kawọn ileejọsin, otẹẹli,  ileewe atawọn mi-in maa ṣilẹkun l’Ogun",0,0,0,0,0,0
yoruba_1_04355,Yoruba Wikipedia bẹrẹ ajọṣepọ pẹlu Yoruba World Centre ,0,0,0,0,0,0
yoruba_1_04356,"Ero rẹpẹtẹ lẹyin Ọṣinbajo lasiko to ṣabẹwo si Ogbomọṣọ, Ibadan",0,0,0,0,0,0
yoruba_1_04357,Ko sohun to kan ọga ọlọpaa patapata lori agbekalẹ ikọ Amọtẹkun -Oyelẹyẹ,0,0,0,0,0,0
yoruba_1_04358,Aadọta ọdun lori itẹ: Ọọni ṣapejuwe Alaafin bii akanda iran Oduduwa,0,0,0,0,0,0
yoruba_1_04359,"Eto isinku Bamidele Olumilua bẹrẹ, oku oloogbe kọja si Ekiti",0,2,0,0,0,0
yoruba_1_04360,"Oluwoo de pẹlu aṣọ ara-ọtọ, tawọn wolii niyi ni, abi ti aafaa",0,0,2,0,0,0
yoruba_1_04361,A ko ni i ran awọn kan to n ṣaisan ninu wa lọwọ nitori…-Mr Latin,0,0,0,0,0,0
yoruba_1_04362,Wọn loore lọkunrin to ṣegbeyawo pẹlu obinrin mẹrin lọjọ kan ṣoṣo ṣe fun wọn,0,0,2,0,0,0
yoruba_1_04363,   Ṣeun Ẹgbẹgbẹ gba ṣọọṣi lọ lẹyin to jade lẹwọn,0,0,1,0,0,0
yoruba_1_04364,"Pẹlu eto tijọba ṣe, ko sẹni to le yọ wọle lati awọn ẹnuubode orileede yii mọ – Arẹgbẹṣọla",0,0,0,0,0,0
yoruba_1_04365,Ijọba ipinlẹ Ogun tẹwọ-gba iṣi abẹrẹ mi-in to n dena Korona,0,0,0,0,0,0
yoruba_1_04366,"A maa yọ owo iranwọ ori epo danu, aabo si maa duro digbi lasiko yii-Tinubu",0,0,0,0,0,0
yoruba_1_04367,"Oyebamiji lo wọle ibo Ekiti, ṣugbọn Ṣẹgun Oni loun ko ni i gba",0,0,0,0,0,0
yoruba_1_04368,"Awọn oludije ẹgbẹ PDP kẹyin si Atiku, aworan Tinubu ni wọn n gbe sara posita wọn",0,0,0,0,0,0
yoruba_1_04369,Oyetọla ni ile-ẹkọ awọn olukọni agba niluu Ileṣa yoo di fasiti laipẹ,0,0,0,0,0,2
yoruba_1_04370,"A maa ṣakoso ijọba orileede yii ni, a ko ni i jẹ gaba lori araalu-Tinubu",0,0,0,0,0,0
yoruba_1_04371,Ọmọ Ajimọbi naa fẹẹ dupo aṣofin ipinlẹ Ọyọ,0,0,2,0,0,0
yoruba_1_04372,"Mọgaji agboole fa irun abẹ tẹgbọn-taburo n’Ibadan, o loun fẹẹ fi tun ọjọọwaju wọn ṣe ní",0,0,0,2,0,0
yoruba_1_04373,"O ti deewọ fawọn Iya Ọṣun, Iya Ibeji ki wọn maa tọrọ owo ninu ọja-Iyalọja Kwara ",0,0,0,0,0,0
yoruba_1_04374,Awọn agbebọn ti tu Biṣọọbu Aderọgba atiyawo rẹ silẹ lahaamọ,0,0,0,0,0,2
yoruba_1_04375," Igbimọ olugbẹjọ da ẹjọ Jẹgẹdẹ nu, wọn l’Akeredolu lo yege",0,0,0,0,0,0
yoruba_1_04376,Awọn aṣofin Ondo ti da awọn ẹgbẹ wọn mẹrin ti wọn yọ nipo pada,0,0,0,0,0,1
yoruba_1_04377,Adajọ paṣẹ kijọba Eko da iweerinna olukọ fasiti OOU ti wọn gbẹsẹ le pada fun un,0,0,0,0,0,0
yoruba_1_04378,Kọmiṣanna ọlọpaa Ogun fẹyinti layaajọ Ominira Naijiria,0,0,0,0,0,0
yoruba_1_04379,Emi ni ma a kẹsẹ bọ bata Buhari gẹgẹ bii aarẹ Naijiria lọdun 2023-Tinubu,0,0,0,0,0,0
yoruba_1_04380,"Ogunṣua tuntun gbọpa aṣẹ, o ni fun idagbasoke Mọdakẹkẹ ni – Oyetọla",0,0,0,0,0,0
yoruba_1_04381,"Nitori ibo Satide, ijọba kede Furaidee gẹgẹ bii ọjọ isinmi lẹnu iṣẹ l’Ondo",0,0,0,0,0,0
yoruba_1_04382,Lori abọ iwadii EndSARS: Sanwo-Olu parọwa sawọn ọdọ lati jẹ ki alaafia jọba,0,0,0,0,0,0
yoruba_1_04383,"Loootọ ni mo fẹ iyawo Alaafin, ọba lemi naa-Portable",0,0,0,0,0,0
yoruba_1_04384,Tunde Bakare loun ti bẹrẹ ipolongo atunto Naijiria lakọtun,0,0,0,0,0,0
yoruba_1_04385,"Ile Tinubu ni London di Mẹka fawọn oloṣelu, Ibikunle Amosun naa ti lọọ ki i",0,0,0,0,0,0
yoruba_1_04386,Ijọba Ogun paṣẹ isinmi apapandodo fawọn ileewe girama mejila,0,0,0,0,0,0
yoruba_1_04387,Ọkọ Toyin Abraham sọko ọrọ sawọn to ni iyawo ẹ lo n gbọ bukaata ile wọn,2,0,0,0,0,0
yoruba_1_04388,Ọdọọdun ni Tinubu ni ka maa gbaayan ṣiṣẹ ọlọpaa bayii-Ẹgbẹtokun  ,0,0,0,0,0,0
yoruba_1_04389,"Awọn Oniṣẹṣe rawọ ẹbẹ sijọba Ondo, wọn lawọn n fẹ ayajọ ọdun iṣẹṣe",0,0,0,0,0,0
yoruba_1_04390,"Nitori idibo aarẹ, Gomina Adeleke kede ọjọ Furaidee fun isinmi lẹnu iṣẹ",0,0,0,0,0,0
yoruba_1_04391,"Ọgbọn ẹgbẹrun Naira kere fawọn oṣiṣẹ, ilọpo meji rẹ ni agbalẹ mi n gba- Oshiomhole",0,0,0,0,0,0
yoruba_1_04392,"Awọn lọọya mẹta gba kootu lọ, wọn ni ki INEC wọgi le Tinubu, Atiku ati Obi gẹgẹ bii oludije",0,0,0,0,0,0
yoruba_1_04393,Ẹgbẹ APC kede orukọ awọn oludije to kunju oṣuwọn lati kopa ninu ibo abẹle l’Ondo,0,0,0,0,0,0
yoruba_1_04394,Adajọ ni ki wọn da Kanu pada si orileede Kenya ti wọn ti gbe e wale,0,0,0,0,0,0
yoruba_1_04395,Ile-ẹjọ da Adagunodo pada gẹgẹ bii alaga ẹgbẹ PDP l’Ọṣun,0,0,0,0,0,0
yoruba_1_04396,Ẹgbẹ oṣelu APC bura fawọn oloye tuntun ni Kwara ,0,0,0,0,0,0
yoruba_1_04397,"Irọ ni, Sunday Igboho ko sọ pe kẹnikẹni ba oun bẹ Buhari o-Agbẹjọro Aliu",0,0,0,0,0,0
yoruba_1_04398,Ọbasa ṣatilẹyin fawọn gomina agbegbe Guusu lori bi wọn ṣe fofin de fifi maaluu jẹko,0,0,0,0,0,0
yoruba_1_04399,Oyetọla fofin de isin aisun ọdun tuntun l’Ọṣun,0,0,0,0,0,0
yoruba_1_04400,"Bọjẹẹti 2021 ti dofin o, Aarẹ Buhari ti buwọ lu u l’Abuja",0,0,0,0,0,0
yoruba_1_04401, PDP yan Ọbaseki ati Makinde lati ṣaaju ipolongo atundi ibo ileegbimọ aṣoju-ṣofin ti yoo waye l’Akurẹ,0,0,0,0,0,0
yoruba_1_04402,Gomina AbdulRazaq fun iyawo atawọn ọmọ Aafa Aboto ni miliọnu mẹwaa Naira,0,0,0,0,0,1
yoruba_1_04403,Ẹni ti yoo dari ibo Ondo ki i ṣe ọrẹ Gomina Akeredolu – INEC,0,0,0,0,0,0
yoruba_1_04404,Tunde Kelani ṣafihan fiimu itan igbesi aye Ayinla Ọmọwura,0,0,0,0,0,0
yoruba_1_04405,Ijọba ipinlẹ Ọṣun bẹrẹ iforukọsilẹ fun gbogbo awọn akanda ẹda,0,0,0,0,0,0
yoruba_1_04406,Kekere lohun to ṣẹlẹ yii lẹgbẹẹ eyi to n bọ- Tunde Bakare,0,0,0,0,1,0
yoruba_1_04407,O yẹ ki Tinubu ati gbogbo ọmọ Naijiria ṣatilẹyin fun Ọṣinbajo-Abba Aji,0,0,0,0,0,0
yoruba_1_04408,"Lẹyin ti Wike kede ẹbun ogun miliọnu Naira, ọwọ tẹ ogbologboo ajinigbe ti wọn n wa l’Abuja",0,0,2,0,0,1
yoruba_1_04409,Adeleke fi ipilẹ ile awọn alalaaji lelẹ l’Ọṣun,0,0,0,0,0,1
yoruba_1_04410,Ọrẹ ki i y’ọrẹ: Aarẹ Buhari ati Tinubu pade ni London,0,0,0,0,0,0
yoruba_1_04411,Gomina AbdulRazaq forukọ komiṣanna ogun ranṣẹ sawọn aṣofin,0,0,0,0,0,0
yoruba_1_04412,Awọn aafaa Ilọrin ti sọrọ: Idi taaye fi gba Yeye Ọṣun ree o,0,0,0,0,0,0
yoruba_1_04413,"Olowo Eko, Ọba Rilwan Akiolu, ti pada saafin ẹ l’Ekoo",0,0,0,0,0,1
yoruba_1_04414,"Fi aṣeyọri ẹ ṣe aye loore, Ọbasanjọ gba Obaseki nimọran",0,0,0,0,0,0
yoruba_1_04415,"Ọga ọlọpaa patapata ti gbẹsẹ le SARS jake-jado Naijiria, o ni eegun wọn ko gbọdọ ṣẹ mọ",0,0,0,0,0,0
yoruba_1_04416,"Aarẹ Tinubu n lọ sorileede Equatorial Guinea, eyi lohun to fẹẹ lọọ ṣe",0,0,0,0,0,0
yoruba_1_04417,"Ara gomina Eko ti ya patapata, wọn ni Koro ti kuro lara ẹ",0,0,0,0,0,2
yoruba_1_04418,Awọn Afẹnifẹre ti sọrọ: Adebanjọ ṣi ni olori ẹgbẹ wa,0,0,0,0,0,0
yoruba_1_04419,"Ẹ gba bi mo ṣe sọ, wahala awọn Fulani ilu Igangan yoo dopin lọsẹ yii – Alaga ijọba ibilẹ Ariwa Ibarapa",0,0,0,0,0,0
yoruba_1_04420,Ọmọ Yoruba atata kan ṣoṣo to le gba ijọba lọwọ Aarẹ Buhari ni Tinubu-Adeyẹye,0,0,0,0,0,0
yoruba_1_04421,Ẹgbẹ awọn olukọ yunifasiti fopin si iyansẹlodi oṣu mẹjọ,0,0,0,0,0,2
yoruba_1_04422,Biṣọọbu Ladigbolu naa wa ninu awọn to fẹẹ dupo Alaafin,0,0,2,0,0,0
yoruba_1_04423,"Ẹgbẹ APC yoo ṣepade lori eto idibo abẹle wọn ni ogunjọ, oṣu Kẹrin",0,0,0,0,0,0
yoruba_1_04424,Nitori ki n le baa fun ọkọ mi lọmu mu ni mo ṣe fẹẹ bimọ kẹrin,0,0,0,0,0,0
yoruba_1_04425,Awa ọba gbọdọ yago fun iwa ẹlẹyamẹya ti a ba fẹ ki ifẹ jọba lorileede yii – Oluwo ,0,0,0,0,0,0
yoruba_1_04426,Ẹgbẹ tuntun ta a da silẹ yii maa gba iṣakoso lọwọ APC lọdun 2023-Kwankwaso,0,0,0,0,0,0
yoruba_1_04427,Ṣẹyin naa ti gbọ ohun to sẹlẹ laarin Olubadan tuntun ati igbakeji ẹ n’Ibadan,0,0,0,0,0,0
yoruba_1_04428,Eyi nidi ti mo fi fẹran lati maa ṣira mi silẹ-Zainab,0,0,0,0,0,0
yoruba_1_04429,"Oluwo ṣọtun sosi, ko ba ibi kan jẹ, eyi lawọn orukọ to sọ ọmọ rẹ",0,0,0,0,0,0
yoruba_1_04430,"Adewale Ayuba ṣile olowo nla, o tun di Aarẹ Bọbaṣelu n’Ikẹnnẹ",0,0,0,0,0,1
yoruba_1_04431,"Mo mọ pe ara n ni yin o, amọ ẹ dibo fun Tinubu ki iṣakoso wa le tẹsiwaju-Buhari",0,0,0,0,0,0
yoruba_1_04432,Ipo Aarẹ 2023: Faṣhọla rọ ẹgbẹ oṣelu APC lati tẹle adehun,0,0,0,0,0,0
yoruba_1_04433,Eyi ni ọna tuntun ti NDLEA fẹẹ gba gbogun ti awọn oniṣowo egboogi oloro,0,0,0,0,0,0
yoruba_1_04434,Eyi lọrọ ti Aarẹ Tinubu sọ lori idajọ ile-ẹjọ to ga ju lọ loni-in,0,0,0,0,0,0
yoruba_1_04435,Tinubu ṣepade pẹlu awọn olori eto aabo gbogbo nilẹ wa,0,0,0,0,0,0
yoruba_1_04436,Ẹgbẹ PDP yoo jawe olubori nibi eto idibo to n bọ ni Kwara – Bukọla Saraki,0,0,0,0,0,0
yoruba_1_04437,"Muri Thunder pada sọdọ Saheed Oṣupa, o ko si Oufimọ, ko si orin",0,0,0,0,0,0
yoruba_1_04438,"Agbọọla Ajayi balẹ gudẹ sinu ẹgbẹ ZLP, o loun lawọn eeyan ipinlẹ Ondo n fẹ",0,0,0,0,0,0
yoruba_1_04439,Awọn ileewe Eko yoo ṣi loṣu to n bọ,0,0,0,0,0,0
yoruba_1_04440,Alabi Abiọdun Sylvester di Kọmiṣanna ọlọpaa tuntun nipinlẹ Eko,0,0,0,0,0,0
yoruba_1_04441,Ijọba Ogun bẹrẹ abẹrẹ ajẹsara to n dena arun digbolugi lara aja,0,0,0,0,0,1
yoruba_1_04442,"Alaga kansu fofin de ẹgbẹ onimọto, ọkada ati Marwa l’Ekoo",0,0,0,0,0,0
yoruba_1_04443,   Ijọba Ekiti ṣefilọlẹ irinṣẹ eto ilera ọọdunrun miliọnu,0,0,0,0,0,1
yoruba_1_04444,"Alaga APC, Adamu, ni Ahmed Lawan lẹgbẹ awọn fa kalẹ funpo aarẹ",0,0,0,0,0,0
yoruba_1_04445,"Awọn ọba Eko bẹ Sanwoolu: Ẹ fun wa ni ogunjọ, oṣu Kẹjọ, gẹgẹ bii ayajọ ọjọ Iṣẹṣe",0,0,0,0,0,0
yoruba_1_04446,"Sanwo-Olu ṣebura fun igbimọ oluwadii ẹsun SARS, o fi nọmba tawọn eeyan le maa pe sita",0,0,0,0,0,0
yoruba_1_04447,Ori ko eeyan mejidinlogun yọ lọwọ iku ojiji lasiko ti mọto ero gbina ni Kwara ,0,0,0,0,0,2
yoruba_1_04448,Gomina Abdulrazak gbe igbimọ ti yoo yanju aawọ Ọffa ati Ẹrinle kalẹ  ,0,0,0,0,0,0
yoruba_1_04449,Ọlọrun lo paṣẹ fun mi pe ki n lọ seti okun nihooho lati gbadura fun Aṣiwaju-Ọlaiya Igwe,0,0,0,0,0,0
yoruba_1_04450,Ayẹwo ti fihan pe ọmọ mi gan mọna nileewe Chrisland ni o-Adeniran,0,3,0,0,0,0
yoruba_1_04451,Polongo ibo nile ẹsin ko o rẹwọn he – INEC,0,0,0,0,0,0
yoruba_1_04452,"Ibo Ekiti: Ile-ẹjọ da Oyebamiji lare, wọn da ẹjọ Ṣẹgun Oni nu",0,0,0,0,0,0
yoruba_1_04453,"Gbajabiamila ṣabẹwo si Sanwo-Olu, Akiolu ati Tinubu, o ṣeleri iranlọwọ",0,0,0,0,0,0
yoruba_1_04454,Awọn oluranlọwọ igbakeji gomina Kwara ti ko arun Korona,0,1,0,0,0,0
yoruba_1_04455,"Nitori ipo igbakeji gomina, awọn oludije n pada lẹyin Jẹgẹdẹ lọkọọkan",0,1,0,0,0,0
yoruba_1_04456,"Tẹ ẹ ba fẹẹ ṣe pati l’Ọṣun, eyi lawọn nọmba tẹ ẹ gbọdọ pe kẹ ẹ too dana ariya",0,0,0,0,0,0
yoruba_1_04457,"Ekiti, Ogun atawọn ipinlẹ meji mi-in ni kọmiṣanna ọlọpaa tuntun",0,0,0,0,0,0
yoruba_1_04458,"Ba a ṣe yọ Oluọmọ ko kan gomina, eyi nidi ta a fi yọ ọ – Ṣonẹyẹ",1,0,0,0,0,0
yoruba_1_04459,Adajọ agba wa ni Naijiria naa ti ko koro o,0,1,0,0,0,0
yoruba_1_04460, A o ti i yan Gbadegẹṣin sipo Alaafin o- Ọyọmesi,0,0,0,0,0,0
yoruba_1_04461,Ijọba Buhari ti da Ọga yunifasiti Eko pada sipo  ẹ,0,0,0,0,0,1
yoruba_1_04462,"Abọru bọye ki i ṣe tawọn onifa, ede Yoruba pọnnbele ni – Tọpẹ Alabi",0,0,0,0,0,0
yoruba_1_04463,Atiku Abubakar gba abẹrẹ ajẹsara Korona ni Dubai,0,0,0,0,0,0
yoruba_1_04464,Awọn araalu le jade lati aago mẹjọ aarọ si aago mẹfa alẹ lati ọjọ Satide – Sanwo-Olu,0,0,0,0,0,0
yoruba_1_04465,Eto Aabo: Amọtẹkun ti bẹrẹ si i ṣọ ṣọọṣi ati mọṣalaaṣi l’Ọṣun,0,0,0,0,1,0
yoruba_1_04466,"Aago ọwọ kan ṣoṣo ti mo mọ Aarẹ Tinubu lo n ṣi n wọ, ile mi daa ju tiẹ lọ – Shettima",0,0,1,0,0,0
yoruba_1_04467,"Lai fi ti bi ile-ẹjọ ṣe yọ ọ nipo ṣe, Ṣọun Ogbomọṣọ yoo ṣe ṣayẹyẹ iwuye",0,0,0,0,0,0
yoruba_1_04468,Idi ti oludije fun’po aarẹ fi gbọdọ wa lati Aarin-Gbungbun Ariwa ilẹ wa ni 2023 ree-Baraje ,0,0,0,0,0,0
yoruba_1_04469,"‘Awọn pasitọ kan l’Abuja ni wọn ṣatilẹyin fun Tinubu o, ki i ṣe CAN’",0,0,0,0,0,0
yoruba_1_04470,Ijọba apapọ ni kawọn akẹkọọ wọle lọjọ Aje to n bọ,0,0,0,0,0,0
yoruba_1_04471,"Nitori bo ṣe ni eto idibo to kọja yii lo daa ju, ẹgbẹ Afẹnifẹre sọkọ ọrọ si Lai Mohammed",2,0,0,0,0,0
yoruba_1_04472,Ọọni Ileefe rọ awọn ọdọ lati gba alaafia laaye,0,0,0,0,0,0
yoruba_1_04473,Awọn adari ẹgbẹ APC l’Abuja gbe isakoso ẹgbẹ le Akala lọwọ nipinlẹ Ọyọ,0,0,0,0,0,0
yoruba_1_04474,Oyetọla fopin si konilegbele l’Ọṣun,0,0,0,0,0,1
yoruba_1_04475,"Oṣere ilẹ wa, Biọla Adebayọ (Eyin ọka), ṣegbeyawo",0,0,0,0,0,2
yoruba_1_04476,"Ilẹ mọ ba awọn ajinigbe meji yii, akolo ọlọpaa ni wọn wa bayii",0,0,0,0,0,0
yoruba_1_04477,Makinde yan Ọjọgbọn Fasiti Ibadan gẹgẹ bii akọwe ijọba Ọyọ,0,0,0,0,0,0
yoruba_1_04478,Oni nigbẹjọ Adedoyin atawọn oṣiṣẹ rẹ yoo bẹrẹ niluu Oṣogbo,0,0,0,0,0,0
yoruba_1_04479,Amaechi ti juwọ silẹ: Tinubu ati Yẹmi Ọṣinbajo ni yoo koju ara wọn bayii,0,0,0,0,0,0
yoruba_1_04480,Iyanṣẹlodi: Awọn dokita ipinlẹ Kwara dara pọ mọ awọn ẹlẹgbẹ wọn,0,1,0,0,0,0
yoruba_1_04481,Wọn ti yan igbakeji gomina tuntun l’Ondo,0,0,0,0,0,0
yoruba_1_04482,"Lẹyin to di olori aṣofin agba, eyi lohun ti ẹgbẹ Ohanaeze  beere lọwọ Sẹnetọ Akpabio",0,0,0,0,0,0
yoruba_1_04483,Ọmọ Wasiu Ayinde di Oludamọran pataki si Gomina Sanwo-Olu,0,0,0,0,0,0
yoruba_1_04484,"Igbimọ Imaamu Ogbomọṣọ ti sọrọ: Ṣọun lo ni mọṣalaaṣi, oun lo gbọdọ fi imaamu jẹ",0,0,0,0,0,0
yoruba_1_04485,Ijọba ipinlẹ Ọyọ fẹẹ kọ papakọ ofurufu sagbegbe Oke-Ogun,0,0,0,0,0,0
yoruba_1_04486,"Tori foonu ẹ ti wọn bajẹ lasiko iwọde, ile-ẹjọ ni kijọba san miliọnu meji fun Soworẹ",0,0,0,0,0,0
yoruba_1_04487,Abass di olori awọn aṣoju-ṣofin apapọ,0,0,0,0,0,0
yoruba_1_04488,"Boya ni Tọpẹ ko ni i ṣẹwọn o, ẹni to fẹẹ ja lole lo jan irin mọ lori l’Oṣogbo",0,1,0,0,0,0
yoruba_1_04489,"SWAT tijọba fẹẹ fi rọpo SARS yoo bẹrẹ igbaradi lọjọ Aje, ọsẹ yii",0,0,0,0,0,0
yoruba_1_04490,”A ko ni i gba ẹnikẹni laaye lati da ogun silẹ laarin ilu Ifẹ ati Mọdakẹkẹ” ,1,0,0,0,0,0
yoruba_1_04491,Ẹ fi papa iṣere Ilọrin sọri Rashidi Yẹkini- Pinnick,0,0,0,0,0,0
yoruba_1_04492,Ko si olori gidi kan to maa lọ fun isinmi lakooko to ba n sin ilu lọwọ -Peter Obi,0,0,0,0,0,0
yoruba_1_04493,Eyi lawọn ohun to yẹ kẹ ẹ mọ nipa itan igbesi-aye Gomina Rotimi Akeredolu,0,0,0,0,0,0
yoruba_1_04494,Sanwo-Olu ṣeleri ipese ohun amayedẹrun to pọ si i lọdun 2021,0,0,0,0,0,0
yoruba_1_04495,Ijọba ko san kọbọ fawọn ajinigbe ti wọn fi tu awọn akẹkọọ Kaduna silẹ – Minisita eto ẹkọ,0,0,1,0,0,0
yoruba_1_04496,"Ile-ẹjọ to ga ju lọ da Lawan lare, wọn loun loludije funpo sẹnetọ tawọn faṣẹ si",0,0,0,0,0,0
yoruba_1_04497,"Ayẹyẹ Ọdun Ọlọjọ bẹrẹ, Ọọni Adeyẹye wọ Ilofi lọn’Ileefẹ",0,0,0,0,0,0
yoruba_1_04498,Cute Abiọla pin owo-oṣu rẹ akọkọ nipo oludamọran fawọn opo ati arugbo ni Kwara ,0,0,2,0,0,0
yoruba_1_04499,"‘June 12’ : Ẹ rin sibi to ba wu yin, a ti pese aabo -Ileeṣẹ ọlọpaa Kwara ",0,0,0,0,0,1
yoruba_1_04500,"Ibo abẹle PDP:Tambwal juwo silẹ fun Atiku, Nwachukwu  fun Wike",0,0,0,0,0,0
yoruba_1_04501,Buhari fọwọ si i ki ipo aarẹ lọ si iha Guusu,0,0,0,0,0,0
yoruba_1_04502,Wisdom fi miliọnu mẹta owo ileeṣẹ ọga rẹ ta tẹtẹ,0,0,0,0,0,0
yoruba_1_04503,"Olubadan yoo gbalejo Ọṣinbajo, Tinubu atawọn ọmọ Yoruba mi-in",0,0,0,0,0,0
yoruba_1_04504,Yoruba World Centre fẹẹ ṣeto nla fun Olubadan,0,0,0,0,0,0
yoruba_1_04505,Ṣọja meji lo wa ninu awọn ajinigbe tọwọ tẹ,0,0,2,0,0,0
yoruba_1_04506,"Ọwọ pada tẹ Tosin, olori ọmọ ẹgbẹ okunkun to n yọ wọn lẹnu n’Igbọkọda",0,0,0,0,0,1
yoruba_1_04507,"Awọn ọlọpaa lẹtọọ lati gbe ibọn, ki wọn le fi daabo bo araalu lọwọ ewu-Adamu",0,0,0,0,0,0
yoruba_1_04508,"Lati le mu ki alaafia jọba, ajọ to n ri si gareeji fẹẹ le awọn oniparaga atawọn ọmọọta nipinlẹ Ogun",0,0,0,0,0,0
yoruba_1_04509,Ọkan pataki lara iran to le ba wa gbogun ti wahala eto aabo lorileede yii ni awọn Fulani-Oluwoo ,0,0,0,0,0,0
yoruba_1_04510,"Amọtẹkun ja wọ ibuba awọn ajinigbe l’Ọyọọ, wọn ko awọn nnkan ija wọn lọ",0,0,0,0,0,2
yoruba_1_04511,Ijọba Eko ti ni ki gbogbo ileewe wọle pada ni Mọnde to n bọ yii,0,0,0,0,0,0
yoruba_1_04512,"Ijọba apapọ ṣi ẹnubode mẹrin, o ni kawọn yooku ṣi wa ni titi",0,0,0,0,0,0
yoruba_1_04513,Dapọ Abiọdun ko ọpọlọpọ mọto fawọn ọlọpaa nitori iṣẹ aabo,0,0,0,0,0,1
yoruba_1_04514,Eyi nidi ti mo ṣe fidi-rẹmi ninu idibo gomina-Fọlarin,0,1,0,0,0,0
yoruba_1_04515,Ile-ẹjọ lawọn aṣofin Ondo ko gbọdọ yọ Igbakeji gomina wọn,0,0,0,0,0,0
yoruba_1_04516,"Bisi Akande gbalejo Tinubu, Arẹgbẹṣọla ati Gomina Oyetọla, wọn ni ija ni wọn lọọ pari",0,0,0,0,0,0
yoruba_1_04517,Ile-ẹjọ paṣẹ fun ajọ eleto idibo lati bẹrẹ iforukọsilẹ pada,0,0,0,0,0,0
yoruba_1_04518,"Olori Alaafin Ọyọ ṣọjọọbi, o tun ṣile olowo nla",0,0,0,0,0,2
yoruba_1_04519,Ọlọrun Ọba Oniṣẹ-ara: Iya aadọrin ọdun bi ibeji lanti-lanti!,0,0,2,0,0,2
yoruba_1_04520,Nibi tawọn ọmọ ẹgbẹ okunkun yii ti n ṣepade lawọn ọlọpaa ti ko wọn l’Ekoo,0,0,0,0,0,0
yoruba_1_04521,"Igbeyawo mi ko daru o, ko si wahala laarin emi ati ọkọ mi-Toyin Abraham",0,0,0,0,0,0
yoruba_1_04522,Awọn to n gba Buhari nimọran lo n ṣi i lọna- Lawan   ,0,1,0,0,0,0
yoruba_1_04523,"Alarafa tuntun, Mercy Aigbe ti lọ si Mecca o",0,0,0,0,0,0
yoruba_1_04524,Ipinlẹ Ondo ṣagbekalẹ ile-ẹjọ giga meji ti yoo maa gbọ ẹsun iwa ọdaran nikan,0,0,0,0,0,0
yoruba_1_04525,"Tadenikawo, Adesọji, Aderẹmi lorukọ ọmọ Ọọni tuntun",0,0,0,0,0,1
yoruba_1_04526,Gomina AbdulRasaq atawọn ọba alaye ti pari ija Ibaruba ati Yoruba Kwara,0,0,0,0,0,2
yoruba_1_04527,"Oṣinbajo fẹẹ ṣepade pẹlu gbogbo alaga APC, wọn lọrọ ati dupo aarẹ lo fẹẹ ba wọn sọ",0,0,0,0,0,0
yoruba_1_04528,Ọga ọlọpaa tuntun bẹrẹ iṣẹ nipinlẹ Ọyọ,0,0,0,0,0,0
yoruba_1_04529,INEC ti sun eto idibo sipo gomina atawọn aṣofin ipinlẹ siwaju o,0,0,0,0,0,0
yoruba_1_04530,"Ẹyin ọmọ Yoruba, ẹ jẹ ka ṣatilẹyin fun Tinubu – MC Oluọmọ",0,0,0,0,0,0
yoruba_1_04531,"Eyi lohun to yẹ ko o mọ nipa Olukayọde, Alaga EFCC tuntun",0,0,0,0,0,0
yoruba_1_04532, Gomina Akeredolu ati Arẹgbẹṣọla pari ija ọlọjọ pipẹ to wa laarin wọn,0,0,0,0,0,1
yoruba_1_04533,Atiku ṣabẹwo si Ọbasanjo l’Abẹokuta   ,0,0,0,0,0,0
yoruba_1_04534,APC lo yege ibo alaga kansu ni gbogbo ijọba ibilẹ ogun nipinlẹ Ogun,0,0,0,0,0,0
yoruba_1_04535,"Awọn to kọ lu redio Amuludun, n’Ibadan, ti dero ọgba ẹwọn",0,0,0,0,0,0
yoruba_1_04536,Ijọba Saudi ti kede ọjọ ọdun Ileya,0,0,0,0,0,0
yoruba_1_04537,Ekiti 2022: Esi idibo awọn araalu ni yoo sọ ẹni ti wọn fẹ nipo- Ẹlẹka,0,0,0,0,0,0
yoruba_1_04538,Ọṣun 2022: Awọn oludije funpo gomina ẹgbẹ APC fara han niwaju igbimọ l’Abuja,0,0,0,0,0,0
yoruba_1_04539,Adajọ da awọn ẹsun kan ti Atiku fi kan Tinubu nu,0,0,0,0,0,0
yoruba_1_04540,"Gomina Ọṣun fẹẹ pin irẹsi ọdun faraalu, o tun kede sisan owo-oṣu Kejila awọn oṣiṣẹ",0,0,0,0,0,2
yoruba_1_04541,"Emi ni wọle ibo aarẹ, mo si maa fi ẹri han pe loootọ loootọ, ẹgbẹ wa lo jawe olubori-Obi",0,0,0,0,0,0
yoruba_1_04542,Eyi lohun to ṣẹlẹ nigba ti Portable olorin ati Pasuma kọrin ni ṣọọṣi Sẹlẹ,0,0,0,0,0,0
yoruba_1_04543,Awọn ẹlẹsin abalaye fẹẹ ran Makinde lọwọ lori ipenija eto aabo,0,0,0,0,0,0
yoruba_1_04544,Saheed Oṣupa kawe gboye ni Yunifasiti Ibadan,0,0,0,0,0,2
yoruba_1_04545,"Ero rẹpẹtẹ pada lẹyin Fọlarin, wọn ni Makinde lawọn n ba lọ",0,0,1,0,0,0
yoruba_1_04546,"Ọọni Ile-Ifẹ, Ọba Adeyẹye Ọgunwusi, fun Ajobiewe ni mọto nla",0,0,0,0,0,1
yoruba_1_04547,Aṣọbode gba ẹru ofin to le ni ọgọrun-un kan miliọnu naira lọwọ awọn onifayawọ ni Kwara,0,0,2,0,0,1
yoruba_1_04548,Onidaajọ Ariwoọla da si ọrọ oye Emir ilu Kano,0,0,0,0,0,0
yoruba_1_04549,"Esther Agbaje, ọmọ Naijiria, wọle sipo aṣofin l’Amẹrika",0,0,0,0,0,2
yoruba_1_04550,O yẹ ki Tinubu fun awa naa nipo ninu ijọba rẹ- Miyetti Allah,0,0,0,0,0,0
yoruba_1_04551,Gomina Ademọla Adeleke di Aṣiwaju ilu Ẹdẹ,0,0,0,0,0,2
yoruba_1_04552,Ojooro nijọba apapọ fẹẹ fi pin owo iranwọ faraalu yii o-Gomina Kano,0,1,0,0,0,0
yoruba_1_04553,"Emi ki i ṣe ọmọ Maria o, ẹ ma fi mi we Jesu-Tinubu",0,0,0,0,0,0
yoruba_1_04554,"Nitori Sunday Igboho, ẹgbẹ Agbẹkọya fẹhonu han n’Ibadan",2,0,0,0,0,0
yoruba_1_04555,Sanwo-Olu yege lati dupo gomina lẹẹkan si i lorukọ APC,0,0,0,0,0,1
yoruba_1_04556,Aarẹ Tinubu ti wọgi le awọn ileeṣẹ ijọba wọnyi,0,0,0,0,0,0
yoruba_1_04557,Iyawo Cute Abiọla bimọ ọkunrin si Mecca,0,0,0,0,0,2
yoruba_1_04558,O tan! Ayu n lọ bi a ti kọwe rẹ lẹgbẹ PDP,0,0,0,0,0,0
yoruba_1_04559,Tinubu fontẹ lu Fagbemi gẹgẹ bii alaga APC ni Kwara,0,0,0,0,0,0
yoruba_1_04560,"Ọpẹ o, oṣere tiata yii bi ibeji",0,0,0,0,0,3
yoruba_1_04561,"Sunday Igboho ṣi wa ni Cotonou, awọn agbẹjọro kaakiri orileede ti dide atilẹyin fun un",0,0,0,0,0,1
yoruba_1_04562,Ẹkọ ede Yoruba ati Itan (History) yoo di dandan kaakiri ileewe nipinlẹ Ọṣun – Eluwọle ,0,0,0,0,0,0
yoruba_1_04563,Ko bojumu bi Gomina Adeleke ṣe ki oṣelu bọ ọrọ Fasiti Ileṣa-Ọdẹyẹmi,1,0,0,0,0,0
yoruba_1_04564,Ẹgbẹ PDP Ọyọ: Makinde fi ẹlomi-in rọpo igbakeji rẹ,0,0,0,0,0,0
yoruba_1_04565,"O n rugbo bọ o, gomina Oke-Ọya yii lawọn ko ni i ko ounjẹ lọ sawọn ipinlẹ mi-in mọ",0,0,0,0,3,0
yoruba_1_04566,"Awọn akẹkọọ ileewe giga yoo wọle lọjọ kọkanla, oṣu yii, ni Kwara",0,0,0,0,0,0
yoruba_1_04567,Sunday Igboho yoo fara han nile-ẹjọ lorileede Benin,0,0,0,0,0,0
yoruba_1_04568,Wọn ri ọmọ ọdun meji he l’Ọṣun,0,1,2,0,0,0
yoruba_1_04569,Eyi lawọn ohun to ṣẹlẹ nibi aṣekagba ọdun Ọṣun Oṣogbo,0,0,0,0,0,0
yoruba_1_04570,"Ọga INEC  ni bilionu mejidinlogun lawọn yoo fi ṣeto idibo Kogi, Bayelsa ati Imo",0,0,0,0,0,0
yoruba_1_04571,"Fani Kayọde ni Sunday Igboho ti bẹ Ọọni, o lọrọ toun sọ ja bọ ni",0,1,0,0,0,0
yoruba_1_04572,"Lẹyin ọjọ marun-un lahaamọ, Ile-ẹjọ gba beeli Babaimọle tijọba Kwara lo ba awọn lorukọ jẹ",0,0,0,0,0,1
yoruba_1_04573,Ileeṣẹ ologun ṣafihan awọn Boko Haram to le lọọọdunrun ti wọn lawọn sọrẹnda,0,0,0,0,0,1
yoruba_1_04574,"Ẹyin ọkunrin gidi da, Ẹniọla Badmus loun n w’ọkọ o",0,0,2,0,0,0
yoruba_1_04575,Adura ati ifọwọsowọpọ wa pẹlu ọga ṣọja ni Naijiria fi le bọ ninu wahala eto aabo – Oluwoo,0,0,0,0,1,0
yoruba_1_04576,Ijọba ti n da ẹru tawọn janduku ji ko pada fawọn to ni in l’Ọṣun,0,0,0,0,0,2
yoruba_1_04577, Sunday pa baba to fun un nilẹ ko fi maa dako l’Ọṣun,0,3,0,0,0,0
yoruba_1_04578, Ọwọ tẹ awọn ọmọ ẹgbẹ okunkun mẹta lasiko ti wọn fẹẹ lọọ kọ lu awọn OPC l’Akurẹ,0,0,0,0,0,1
yoruba_1_04579,"Ami-ẹyẹ ko ti i tọ si mi bayii, mi o ti i gbija Yoruba debi aṣeyọri – Sunday Igboho",0,0,0,0,0,0
yoruba_1_04580,Gomina Ayedatiwa gba awọn ọba Yoruba nimọran,0,0,0,0,0,0
yoruba_1_04581,Wọn ṣebura fun Akeredolu sipo gomina Ondo lẹẹkeji,0,0,0,0,0,2
yoruba_1_04582,Yẹmi Ọṣinbajo ti ni awọn akọsilẹ rere lati di aarẹ lọdun 2023-Ẹmia Ilọrin,0,0,0,0,0,0
yoruba_1_04583,"Lẹyin ti Hakeem Muri-Okunọla kọwe fipo silẹ, Agoro di olori awọn oṣiṣẹ l’Ekoo",0,0,0,0,0,0
yoruba_1_04584,Iyansipo Omiṣore yoo le awọn oloṣelu kan wọle l’Ọṣun – Oyetọla,0,0,0,0,0,0
yoruba_1_04585,Eid-el-Malud: Ijọba apapọ kede ọjọ Aje to n bọ bii isinmi lẹnu iṣẹ,0,0,0,0,0,0
yoruba_1_04586,Wọn fa aworan ti wọn fi ki Aregbeṣọla ku oriire ọjọọbi ya l’Oṣogbo,0,0,0,0,0,0
yoruba_1_04587,"Sẹnetọ Balogun, aburo Olubadan, fẹẹ dara pọ mọ ẹgbẹ APC",0,0,0,0,0,0
yoruba_1_04588,Buhari bẹ awọn ọdọ: Ẹ ni suuru fun mi ki n fi ṣatunṣe si gbogbo ohun to n bi yin ninu,0,0,0,0,0,0
yoruba_1_04589,Ijọba ko ni i kede ofin konile-gbele nitori arun Koronafairọọsi- Lai Muhammed,0,0,0,0,0,0
yoruba_1_04590,"Makẹta ti Tọpẹ bimọ fun b’ALAROYE sọrọ: N ko ni ẹjọ kankan pẹlu Ayọmikun, Tọpẹ ni ko jade waa sọrọ",2,0,0,0,0,0
yoruba_1_04591,Ọṣinbajo yoo ṣi ibudo aṣa ati iṣẹmbaye Yoruba n’Ibadan,0,0,0,0,0,0
yoruba_1_04592,"Wọle Ṣoyinka ṣabẹwo si Sunday Igboho ni Bẹnẹ, o lawọn gbọdọ jọ tunu aawẹ ni",0,0,0,0,0,0
yoruba_1_04593,"Buhari ki Tinubu ku oriire, o ni ẹni ti ko ba dun mọ ko gba ile-ẹjọ lọ",0,0,0,0,0,2
yoruba_1_04594,"Ọọni atawọn ọba kaakiri Naijira wa l’Abuja bayii, Buhari ni wọn wa lọ",0,0,0,0,0,0
yoruba_1_04595,Ori ko oṣiṣẹ INEC yọ lọwọ awọn ajinigbe,0,0,0,0,0,2
yoruba_1_04596,Ileeṣẹ ọlọpaa ipinlẹ Ọṣun ti ni kọmiṣanna tuntun,0,0,0,0,0,0
yoruba_1_04597,"Ọdun Itunu Aawẹ: Tinubu ko irẹsi ranṣẹ si wọn ni Kano, Nasarawa",0,0,0,0,0,2
yoruba_1_04598,Ibo aarẹ: Ile-ẹjọ gba awọn iwe esi idibo ti Peter Obi ko lọ si kootu gẹgẹ bii ẹri,0,0,0,0,0,0
yoruba_1_04599,Ijọba Kwara san ẹgbẹrun lọna ọgbọn Naira owo-osu oṣiṣẹ to kere ju lọ,0,0,0,0,0,2
yoruba_1_04600,"Makinde, Adeleke kede ọjọ Aje bii ọjọ isinmi fun ayẹyẹ ọdun Iṣẹṣe",0,0,0,0,0,0
yoruba_1_04601,Iwọde nla yoo waye l’Abẹokuta lọjọ Aje,0,0,0,0,0,0
yoruba_1_04602,Oṣu kẹta ree ti NDLEA ti n wa awọn ogbologboo oniṣowo egboogi oloro tọwọ ba yii,0,0,0,0,0,1
yoruba_1_04603,"Lẹyin oṣu kan aabọ, awọn oṣiṣẹ kootu ipinlẹ Ogun fagi le iyanṣẹlodi",0,0,0,0,0,1
yoruba_1_04604,Sunday Igboho: Ọlọrun to ja fun Yoruba laye Abacha yoo ja fun wa lasiko yii-Kọle Ọmọlolu,0,0,0,0,0,0
yoruba_1_04605,Ile-ẹjọ da ẹjọ ti APC pe ta ko iwe-ẹri Gomina Ọbasẹki nu,0,0,0,0,0,0
yoruba_1_04606,"Awọn ọdọ gba teṣan ọlọpaa n’Ibadan lọwọ awọn ọmọọta, wọn ko jẹ ki wọn dana sun un",0,0,0,0,0,0
yoruba_1_04607,Baba Faṣọranti fẹyin ti gẹgẹ bii olori ẹgbẹ Afẹnifẹre,0,0,0,0,0,0
yoruba_1_04608,Ẹẹmeji ọtọọtọ ni Ọlọrun fi han mi pe mo maa di gomina ipinlẹ Ọṣun- Oyetọla,0,0,0,0,0,0
yoruba_1_04609,"Ija pari, Arẹgbẹsọla ki Adegboyega ku oriire ọdun meji nipo gomina l’Ọsun",0,0,0,0,0,2
yoruba_1_04610,‘Awọn alawo ti wọn fẹhonu han ni Fasiti Ifẹ ki i ṣe ara wa o’,0,0,0,0,0,0
yoruba_1_04611,"Ojubọrọ ko ṣee gbọmọ lọwọ ekurọ, awa la fi wọn sipo, awa la maa rọpo wọn-Tinubu",0,0,0,0,0,0
yoruba_1_04612,"Tinubu lẹtọọ daadaa lati di aarẹ, ṣugbọn… Ọṣọba ",0,0,0,0,0,0
yoruba_1_04613,"Lori eto idibo 2023, ajọ eleto idibo ṣe idanilẹkọọ fawọn oniroyin l’Ondo",0,0,0,0,0,0
yoruba_1_04614,A ko fi kun owo ileewe kankan ni Kwara – kawu,0,0,0,0,0,0
yoruba_1_04615,Ibo gomina Ọṣun: Ile-ẹjọ to ga ju lọ yoo gbe idajọ kalẹ lọjọ Tusidee,0,0,0,0,1,0
yoruba_1_04616,"Laarin oṣu meji, Ọọni Ogunwusi ṣe mọmi-n-mọ-ọ fun olori mẹrin",0,0,2,0,0,0
yoruba_1_04617,Ọọni yan Toyin Kọlade ni Iyalaje Oodua,0,0,0,0,0,1
yoruba_1_04618,"Afi ki ijọba tete san ṣokoto wọn giri lọdun tuntun yii, ko gbọdọ si awawi kankan mọ-Atiku",1,0,0,0,0,0
yoruba_1_04619,Ma a pada sinu APC lẹyin ti mo ba di gomina- Adelabu,0,0,0,0,0,0
yoruba_1_04620,"Lori ọna Ibadan si Oṣogbo, Oluwoo rawọ ẹbẹ si Makinde ati Adeleke",0,0,0,0,0,0
yoruba_1_04621,O ṣẹlẹ! Akeredolu sọrẹnda,0,2,0,0,0,0
yoruba_1_04622,Akeredolu ati Fayẹmi ṣabẹwo si Tinubu ni London,0,0,0,0,0,0
yoruba_1_04623,"Lati din ọwọngogo ounjẹ ku, eyi lohun ti Tinubu paṣẹ pe ki wọn ṣe kiakia",0,0,0,0,0,0
yoruba_1_04624,"Kaosarah, ẹni ọdun mẹrinlelogun, di kọmiṣanna ni Kwara",0,0,0,0,0,1
yoruba_1_04625,"Lẹyin ti wọn pa meji ninu wọn, awọn ajinigbe tu eeyan mẹrinlelaaadọrin silẹ lọjọ kan ṣoṣo",0,0,0,0,0,1
yoruba_1_04626,"Ọrọ Sunday Igboho: A o ni i sọ iṣẹ ti a n ṣe lori ẹ sita, ṣugbọn a ko dakẹ rara – Afẹnifẹre",0,0,0,0,0,0
yoruba_1_04627, Ọlọpaa doola awọn ọmọkunrin mẹrin lọwọ ajinigbe l’Ekoo,0,0,0,0,0,2
yoruba_1_04628,"Ipo Aarẹ ti mo fẹẹ du yii, lati kekere ni mo ti ni in lọkan – Tunde Bakare",0,0,0,0,0,0
yoruba_1_04629,"Baba Ijẹṣa maa pada sile-ẹjọ l’Ọjọbọ, Tọsidee, ọsẹ yii",0,0,0,0,0,0
yoruba_1_04630,"Ijọba Kwara fẹẹ pin ounjẹ faraalu, wọn yoo fawọn oṣiṣẹ lẹbun ẹgbẹrun mẹwaa ",0,0,0,0,0,2
yoruba_1_04631,"Gomina Ademọla Adeleke dibo l’Ọṣun, o gboṣuba funjọba Buhari",0,0,0,0,0,2
yoruba_1_04632,Ekunwo owo-oṣu ti mo ṣe ki i ṣe nitori oṣelu o-Sanwoolu,0,0,0,0,0,0
yoruba_1_04633,Ija n bọ! Tinubu fẹẹ gba Wike lọwọ PDP,0,0,0,0,2,0
yoruba_1_04634,Atiku na Tinubu nibudo idibo Buhari ni Katsina,0,0,0,0,0,0
yoruba_1_04635,Awọn aṣofin Eko ni idasilẹ ọlọpaa ipinlẹ lọna abayọ seto aabo to mẹhẹ,0,0,0,0,0,0
yoruba_1_04636,Ife-ẹyẹ idije Afrika poora ni Egypt,0,0,2,0,0,0
yoruba_1_04637,Tinubu lo n lewaju nipinlẹ Sokoto,0,0,1,0,0,0
yoruba_1_04638,Ọdun Iṣẹṣẹ: Gomina Oyetọla kede ọjọ Ẹti gẹgẹ bii isinmi lẹnu iṣẹ,0,0,0,0,0,0
yoruba_1_04639,Awọn agbaagba Yoruba fẹẹ ṣeranti Ogun Kiriji n’Ibadan,0,0,0,0,0,0
yoruba_1_04640,Inu oṣu keji lawọn akẹkọọ Fasiti Ọbafẹmi Awolọwọ yoo pada sileewe,0,0,0,0,0,0
yoruba_1_04641,Ẹ wo ohun tijọba Kwara ṣe fun Muka Ray,0,0,0,0,0,0
yoruba_1_04642,Ọjọgbọn Adebayọ Bamirẹ di ọga agba tuntun fun Fasiti Ifẹ,0,0,0,0,0,0
yoruba_1_04643,Sanwo-Olu fi kun owo-oṣu awọn oṣiṣẹ Eko,0,0,0,0,0,2
yoruba_1_04644,Ayẹyẹ ọjọọbi aadọrin ọdun: Awọn eeyan rọjo adura le Tinubu lori,0,0,0,0,0,2
yoruba_1_04645," Layaajọ ayẹyẹ ọdun Ominira, Akeredolu dariji ẹlẹwọn mẹrinlelogoji",0,0,0,0,0,2
yoruba_1_04646,Igbakeji gomina Ogun ni yoo dari igbimọ ipolongo idibo ijọba ibilẹ APC,0,0,0,0,0,0
yoruba_1_04647,"‘Ko sohun to maa di Atiku lọwọ, yoo dije pẹlu Tinubu lọdun 2027’",0,0,0,0,0,0
yoruba_1_04648,2023: Ibo miliọnu kan lawa obinrin maa fun Tinubu/Shettima l’Ọṣun- Iyawo Oyetọla,0,0,0,0,0,0
yoruba_1_04649,Iyawo Tinubu gba awọn ọmọ Naijiria nimọran: Ẹ yaa pada sidii iṣẹ agbẹ,0,0,0,0,0,0
yoruba_1_04650,Makinde forukọ awọn kọmiṣanna tuntun ranṣẹ sawọn aṣofin l’Ọyọọ,0,0,0,0,0,0
yoruba_1_04651,"Ẹṣọ alaabo pa agbebọn kan, wọn tun gba awọn ti wọn ji gbe silẹ l’Akoko",0,0,0,0,0,2
yoruba_1_04652,Ẹbun Adelesi di Kọmisanna ọlọpaa  tuntun ni Kwara ,0,0,0,0,0,0
yoruba_1_04653,Miliọnu mẹta eeyan forukọ silẹ fun N-Power,0,0,0,0,0,0
yoruba_1_04654,Ẹṣọ Amọtẹkun da awọn Fulani ti wọn ya wọ ipinlẹ Ondo pada siluu wọn,0,0,0,0,0,0
yoruba_1_04655,Ibẹru Ọlọrun la fi maa ṣejọba tẹ ẹ ba fibo yin gbe wa wọle-Funkẹ Akindele,0,0,0,0,0,0
yoruba_1_04656,Ẹni to ba n bu mi n fi akoko ara ẹ ṣofo lasan ni – Biṣọọbu Oyedepo ṣalaye ọrọ,0,0,0,0,0,0
yoruba_1_04657,Ija dopin! Igbakeji gomina Ọṣun ra mọto ṣọja tawọn janduku bajẹ n’Ikire pada,0,0,0,0,0,1
yoruba_1_04658,"Gomina Ekiti tẹlẹ, Ayọ Fayoṣe, ṣabẹwo si Tinubu ni Bourdillon",0,0,0,0,0,0
yoruba_1_04659,"Ẹ lọọ fọkan balẹ, ko ni i si ẹkunwo epo bẹntiroolu nilẹ yii mọ – Tinubu",0,0,0,0,0,0
yoruba_1_04660, Dapọ Abiọdun gbe aba iṣuna 2022 lọ sile-igbimọ aṣofin Ogun ,0,0,0,0,0,0
yoruba_1_04661,Awọn ọmọọṣẹ Tinubu bẹrẹ ipolongo ibo aarẹ ọdun 2023 lorukọ rẹ,0,0,0,0,0,0
yoruba_1_04662,Eto ẹkọ wa lara ohun to jẹ mi logun ju lọ- Tinubu,0,0,0,0,0,0
yoruba_1_04663,A o ni i gba ki wọn maa feeyan ṣetutu isinku ati ọba jijẹ- Olori awọn aṣofin Ogun,1,0,0,0,0,0
yoruba_1_04664,"Ọba Ẹlẹkọle ti Ikọle dawati laafin, ni gbogbo ara ilu ba n jaya",0,0,0,0,2,0
yoruba_1_04665,Ijọba mi ko ni i gba gbẹrẹ fẹni kan – Buhari,1,0,0,0,0,0
yoruba_1_04666,Ijọba Eko bẹrẹ ayẹwo fawọn to n lọ silẹ Mẹka,0,0,0,0,0,0
yoruba_1_04667,Igbimọ agba ẹgbẹ APC Eko fontẹ lu saa keji Sanwo-Olu,0,0,0,0,0,0
yoruba_1_04668,Eyi ni bi wọn ṣe ṣayẹyẹ ọjọ ede ati aṣa Yoruba nipinlẹ Ondo,0,0,0,0,0,0
yoruba_1_04669,"Ọga Kọsitọọmu Ogun ni: A ki i ṣe apaayan, ọrọ aje ilẹ wa la fẹẹ tun ṣe",1,0,0,0,0,0
yoruba_1_04670,"Ọrọ Ṣeun yii ki i ṣoju lasan o, ọmọ ọdun kan aabọ lo ṣe ‘kinni’ fun n’Ikorodu",0,3,0,2,0,0
yoruba_1_04671,Ẹ maa na gbogbo owo atijọ ati tuntun lọ titi dipari ọdun yii-Ile-ẹjọ to ga ju lọ,0,0,0,0,0,1
yoruba_1_04672,Awọn ọmọ Rẹmọ bẹ Akarigbo: Ẹ ba wa bẹ Ọṣinbajo ko waa dije dupo aarẹ,0,0,0,0,0,0
yoruba_1_04673,"Ileya: Ijọba Kwara fagi le ipejọpọ Yidi, ṣiṣi ile itaja atawọn ibudo igbafẹ lasiko ọdun",0,0,0,0,0,0
yoruba_1_04674,Ijọba apapọ kede isinmi ọjọ mẹta fun ayẹyẹ ọdun,0,0,0,0,0,0
yoruba_1_04675,Obi nikan lo pegede ju lọ lati di aarẹ Naijiria – Afẹ Babalọla,0,0,0,0,0,0
yoruba_1_04676,Idi ti ko fi yẹ ki ilẹ Yoruba ṣe alaini – Oyetọla,0,0,0,0,0,0
yoruba_1_04677,Ijọba ni ki gbogbo oṣiṣẹ pada sẹnu iṣẹ l’Ekoo,0,0,0,0,0,0
yoruba_1_04678,Saraki atawọn ọmọ ẹgbẹ oṣelu PDP ṣabẹwo si Goodluck Jonathan,0,0,0,0,0,0
yoruba_1_04679,"Adajọ agba ilẹ wa, Tanko Muhammad ti kọwe fipo silẹ",0,0,0,0,0,0
yoruba_1_04680,Buhari yan ọga agba tuntun fun ileeṣẹ agunbanirọ,0,0,0,0,0,0
yoruba_1_04681,"Ọṣinbajo, Tinubu, Arẹgbẹṣọla, Omiṣore atawọn agbaagba Yoruba wọle ipade l’Ekoo",0,0,0,0,0,0
yoruba_1_04682,Awọn ọmọleewe ipinlẹ Ogun yoo wọle pada lọjọ kọkanlelogun oṣu yii o,0,0,0,0,0,0
yoruba_1_04683,"   Ẹ fi Bobrisky lọrun silẹ, oun kọ lo ko ba Naijiria-Fayoṣe",1,0,0,0,0,0
yoruba_1_04684,Oluwoo we lawani fun Imaamu Agba tuntun niluu Iwo,0,0,0,0,0,0
yoruba_1_04685,Iru ẹgbẹ APC to lagbara yii lo gbọdọ maa ṣakoso awọn ipinlẹ ni gbogbo Naijiria-Ganduje,0,0,0,0,0,0
yoruba_1_04686,Ijọba ipinlẹ Ọyọ fẹẹ bẹrẹ ayẹyẹ ọdun eegun ọlọdọọdun,0,0,0,0,0,0
yoruba_1_04687,A maa ṣamulo ọgbọn ibilẹ ati tigbalode fun iṣẹ Amọtẹkun – Kọmọlafẹ,0,0,0,0,0,0
yoruba_1_04688,"Ẹgbẹ Akọọdu kọju oludije wọn soorun alẹ, wọn ni Makinde lawọn yoo dibo fun",0,1,0,0,0,0
yoruba_1_04689,"Minisita fọrọ awọn oṣiṣẹ, Ngige, loun ko dupo aarẹ mọ o",0,1,2,0,0,0
yoruba_1_04690,Eyi lorukọ awọn ti yoo dije dupo gomina Ondo ti ajọ INEC fi sita,0,0,0,0,0,0
yoruba_1_04691,Sanwo-Olu paṣẹ ṣiṣi awọn ibi igbafẹ meji l’Ekoo,0,0,0,0,0,0
yoruba_1_04692,"Gomina ipinlẹ Ebonyi, David Umahi, ṣabẹwo si Buhari, o loun naa fẹẹ dupo aarẹ",0,0,0,0,0,0
yoruba_1_04693,Ijọba Ọṣun yan alaga ẹgbẹ APC gẹgẹ bii Ọwa Igbajọ tuntun,0,0,0,0,0,0
yoruba_1_04694,"Mo n wa obinrin to le ba mi gbe oyun, emi naa fẹẹ bimọ ti yoo jogun mi – Bobrisky",0,0,2,0,0,0
yoruba_1_04695,Nibi tawọn ajinigbe yii sa pamọ si lọwọ ọlọpaa ti tẹ wọn l’Ayetoro,0,0,0,0,0,0
yoruba_1_04696,Atiku yoo ṣepade pẹlu awọn gomina marun-un tinu n bi ninu ẹgbẹ wa laipẹ -Okowa,0,0,0,0,0,0
yoruba_1_04697,Idajọ ile-ẹjọ to ga ju lọ ki i ṣe opin irin-ajo mi nidii oṣelu- Peter Obi,0,1,0,0,0,0
yoruba_1_04698,A fara mọ bi Peter Obi ṣe lọ si ile-ẹjọ to ga ju lọ-Ẹgbẹ Afẹnifẹre,0,0,0,0,0,0
yoruba_1_04699,"Ile-ẹjọ da ẹjọ Ṣoworẹ ati Bakare nu, wọn ni ko lẹsẹ nilẹ rara",0,0,1,0,0,0
yoruba_1_04700,Eto aabo Naijiria daa lasiko yii ju bo ṣe ri ki Buhari too de lọ- Fẹmi Adeṣina,0,0,0,0,0,0
yoruba_1_04701,"Buhari, nnkan kan ko gbọdọ ṣe Sunday Igboho o-Fani-Kayọde",1,0,0,0,0,0
yoruba_1_04702,Mo dupẹ lọwọ Ọlọrun pe O mu mi pada sile laaye – Tinubu,0,0,0,0,0,2
yoruba_1_04703,"Ọṣun 2022: Bisi Akande fun Oyetọla ni ẹṣin, o ni ko gun un wọle agbara",0,0,0,0,0,0
yoruba_1_04704,Ẹgbẹrun marundinlọgọta naira la maa san fun oṣiṣẹ to kere ju lọ l’Ekoo – Sanwo-Olu,0,0,0,0,0,0
yoruba_1_04705,Eto ikaniyan yoo mu igba ọtun wọ ilẹ Naijiria – Hundeyin ,0,0,0,0,0,0
yoruba_1_04706,"Awọn ileewe girama ijọba apapọ yoo wọle lọjọ kejila, oṣu yii",0,0,0,0,0,0
yoruba_1_04707,Eeyan mẹtadinlogun ti gba fọọmu lati dije dupo aarẹ ninu ẹgbẹ APC,0,0,0,0,0,0
yoruba_1_04708,"Ẹ ṣofin kawọn lanlọọdu yee gbowo ile lọdọọdun, oṣooṣu ti daa – Faṣọla",0,0,0,0,0,0
yoruba_1_04709,Akeredolu di gomina Ondo lẹẹkeji,0,0,0,0,0,2
yoruba_1_04710,"Buhari ki Soludo, gomina Anambra tuntun ku oriire, o loun maa ṣiṣẹ pẹlu rẹ",0,0,0,0,0,2
yoruba_1_04711,"Ti mo ba tun aye wa, Yinka ni ma a fẹ – Joe Odumakin",0,0,0,0,0,0
yoruba_1_04712,Makinde darapọ mọ ẹgbẹ APC l’Ondo,0,0,0,0,0,0
yoruba_1_04713,"Ile-ẹjọ tu nọọsi ti wọn lo ṣeku pa Sẹnetọ Isiaka Adeleke lọjọsi sile, wọn ni ko mọ nnkan kan nipa rẹ",0,0,0,0,0,0
yoruba_1_04714,Goodluck Jonathan ṣabẹwo si alaga APC l’Abuja,0,0,0,0,0,0
yoruba_1_04715,Olubadan sọ baalẹ mẹrinlelọgbọn d’ọba alade n’Ibadan,0,0,2,0,0,0
yoruba_1_04716,"Ta ni n lo tọọgi lOndo nitori ibo to n bọ, Akeredolu ni abi Jẹgẹdẹ?",0,0,0,0,0,0
yoruba_1_04717,"Awọn aṣofin Eko ti fofin de fifi maaluu jẹko ni gbangba, wọn tun ṣofin lori VAT",0,0,0,0,0,0
yoruba_1_04718,"Ọpẹ o, Sanni Abacha ti tun fi miliọnu dọla rẹpẹtẹ ranṣẹ sawọn ọmọ Naijiria lat’ọrun",0,0,0,0,0,2
yoruba_1_04719,Aarẹ Buhari yoo ba gbogbo ọmọ Naijiria sọrọ laago meje alẹ yii,0,0,0,0,0,0
yoruba_1_04720,"Peter Obi da Tinubu loun: Mo le lahun loootọ, ṣugbọn ọwọ mi ko kun fun iwa ibajẹ",1,0,0,0,0,0
yoruba_1_04721,Idasilẹ ọlọpaa ibilẹ lọna abayọ si iṣoro eto aabo-Ajulọ,0,0,0,0,0,0
yoruba_1_04722,"Oyetọla dẹrin-in pẹẹkẹ awọn oṣiṣẹ l’Ọṣun, o loun yoo bẹrẹ si i san owo-oṣu tuntun loṣu to n bọ",0,0,0,0,0,2
yoruba_1_04723,Gomina Adeleke fẹẹ ṣatunṣe awọn ileewe ẹkọṣẹ ọwọ to wa l’Ọṣun,0,0,0,0,0,0
yoruba_1_04724,"Lẹyin ọpọlọpọ ọdun ti wọn ti pa a ti, atunṣe bẹrẹ loju ọna Oṣogbo, Iwo si Ibadan",0,0,0,0,0,2
yoruba_1_04725,Esi idibo Eko: Eyi ni iṣẹ ti Tinubu ran si awọn ololufẹ rẹ   ,0,0,0,0,0,0
yoruba_1_04726,"Ẹ ma mikan, ẹni to kunju oṣuwọn ni mo fẹẹ gbejọba silẹ fun-Buhari",0,0,0,0,0,0
yoruba_1_04727,Ijọba kede ọjọ Iṣẹgun ati Ọjọruu gẹgẹ bii ọlude ọdun Ileya,0,0,0,0,0,0
yoruba_1_04728,"Nitori ọdun Oro, isede yoo wa fawọn obinrin niluu Ikorodu lọjọ yii",0,0,0,0,0,0
yoruba_1_04729,Buhari fọwọ si atunṣe owo-oṣu ati ọdun tawọn tiṣa yoo maa lo lẹnu iṣe ,0,0,0,0,0,2
yoruba_1_04730,Eto idibo to gbe mi depo lo daa ju ninu itan orileede yii-Tinubu,0,0,0,0,0,2
yoruba_1_04731,Ko si agunbanirọ kankan laarin awọn mẹwaa ti ile wo pa l’Ebute-Mẹta– ileeṣẹ NYSC,0,0,0,0,0,0
yoruba_1_04732,Eyi ni idi ti mo fi yan Okowa ni igbakeji mi-Atiku,0,0,0,0,0,0
yoruba_1_04733,Ẹ wo ohun ti Bimbọ Ademoye ṣe lẹyin to gbami-ẹyẹ adẹrin-in-poṣonu to daa ju lọ,0,0,1,0,0,0
yoruba_1_04734,Adeleke gbe igbimọ kalẹ lati yanju wahala ẹgbẹ oṣiṣẹ kootu ati adajọ agba l’Ọṣun,0,0,0,0,0,0
yoruba_1_04735,"Ijọba fẹẹ fofin de ọti inu ọra (pẹlẹbẹ), ati igo keekeeke",0,0,0,0,0,0
yoruba_1_04736,"Lẹyin Adamu, Kyari di adele alaga APC",0,0,0,0,0,0
yoruba_1_04737,"Sanwo-Olu ṣe afikun owo-oṣu awọn oṣiṣẹ LAWMA, o ni ki wọn dibo fun ẹgbẹ APC",0,0,0,0,0,0
yoruba_1_04738,Awọn ajinigbe ti tu eeyan marun-un ti wọn ji l’Ekiti silẹ,0,0,0,0,0,3
yoruba_1_04739,"Ṣeyi Makinde atawọn gomina ilẹ Hausa yọju sawọn ọlọja ni Ṣaṣa, wọn lawọn yoo ran wọn lọwọ",0,0,0,0,0,1
yoruba_1_04740,Awọn ajinigbe ti tu awọn arinrin-ajo ti wọn gbe l’Ẹrin-Ijeṣa silẹ,0,0,0,0,0,2
yoruba_1_04741,"Nitori bi wọn ṣe na Kano Pillars, Makinde fun Shooting Stars ni miliọnu kan Naira",0,0,0,0,0,2
yoruba_1_04742,Jijẹ ọmọ Naijiria pe mi ju jijẹ ọmọ orilẹ-ede Olominira Yoruba lọ,0,0,0,0,0,0
yoruba_1_04743,Ori ko akẹkọọ ile-ẹkọ awọn eleto ilera yọ lọwọ awọn ajinigbe l’Ọṣun,0,0,0,0,0,2
yoruba_1_04744,Patako ipolongo Ọṣinbajo fun ipo aarẹ lu ipinlẹ Kwara pa,0,0,0,0,0,0
yoruba_1_04745,Idaamu awọn to n gba ọna Eko si Sango-Ọta yoo dopin loṣu kejila- Dapọ Abiọdun,0,0,0,0,0,2
yoruba_1_04746,Mi o le sọ fawọn to n rọ mi lati dupo aarẹ pe mi o ṣe-Tinubu,0,0,0,0,0,0
yoruba_1_04747,Wọn ti mu marun-un ninu awọn apaayan to kọ lu ṣọọṣi Katoliiki Ọwọ lọjọsi,0,0,0,0,0,1
yoruba_1_04748,"Fayẹmi ṣatilẹyin fawọn ọdọ, o loun naa jiya lọwọ ọlọpaa ri",0,0,0,0,0,0
yoruba_1_04749,Awọn adajọ bii mẹjọ ni yoo ṣoju Sunday Igboho nile-ẹjọ ni Benin,0,0,0,0,0,0
yoruba_1_04750,"Aarẹ Tinubu n lọ s’orileede Netherlands, yoo gba’bẹ sọda si Saudi",0,0,0,0,0,0
yoruba_1_04751,"Ifa lo yan emi o, ọba to ba ni Ifa kọ lo yan oun ko mọ ohun to n sọ ni-Ọlọta Odo-Ọwa ",1,0,0,0,0,0
yoruba_1_04752,Ijọba apapọ ṣe ifilọlẹ owo Naira ori ẹrọ ayelujara (eNaira),0,0,0,0,0,0
yoruba_1_04753,Ṣẹgun Oni wọ alaga ajọ eleto idibo ipinlẹ Ekiti lọ sile-ẹjọ,0,0,0,0,0,0
yoruba_1_04754,"Tori ọrọ to sọ, Fani-Kayọde ko si wahala tuntun",0,0,0,0,0,0
yoruba_1_04755,Ko si orileede to le dagbasoke lai si atilẹyin awọn eeyan inu rẹ – Arẹgbẹṣọla,0,0,0,0,0,0
yoruba_1_04756,"Joshua fiya jẹ Pulev, ogbologboo abẹṣẹ-ku-bii-ojo",0,0,0,0,0,0
yoruba_1_04757,"Lẹyin to yege ibo aarẹ, Tinubu ṣabẹwo si Ọba Akiolu l’Ekoo",0,0,0,0,0,0
yoruba_1_04758,Peter Obi wọle ni ibudo idibo akọkọ ni Aso Rock,0,0,0,0,0,0
yoruba_1_04759,"Ibo Ekiti: Ẹ jẹ ka gbagbe gbogbo ija to ti ṣẹlẹ, ki ẹgbẹ wa le rọwọ mu ni Satide- Tinubu",0,0,0,0,0,0
yoruba_1_04760, Ọwọ tẹ awọn ajinigbe meji l’Akoko,0,0,0,0,0,1
yoruba_1_04761,"Adeleke kọ lẹta si Arẹgbẹṣọla, eyi lohun to kọ sibẹ",0,0,0,0,0,0
yoruba_1_04762,"Ọpẹ o, meji lara awọn mẹrin ti Fulani ji ko l’Ekiti ti gba iyọnda",0,0,0,0,0,2
yoruba_1_04763,Akeredolu ṣe ifilọlẹ ikọ Amọtẹkun l’Ondo,0,0,0,0,0,0
yoruba_1_04764,"Mo riran si Saraki, yoo di aarẹ Naijiria lọdun 2023 – Wolii Owolabi ",0,0,0,0,0,0
yoruba_1_04765,Ṣeyi Makinde atawọn agba ẹgbẹ PDP fẹẹ fi Gbenga Daniel ṣe adari ẹgbẹ naa nipinlẹ Ogun,0,0,0,0,0,0
yoruba_1_04766,"Ọjọ kejidinlogun, oṣu yii, lawọn ileewe alakọọbẹrẹ ati girama yoo wọle l’Ekoo",0,0,0,0,0,0
yoruba_1_04767,Jandor fesi ọrọ Tinubu: Ko si obi rere kan ti ko ni i fọmọ bii Funkẹ Akindele yangan,1,0,0,0,0,0
yoruba_1_04768,"Abubakar di Judasi, o fa ọga ẹ le awọn ajinigbe lọwọ niluu Ọwọ",0,0,0,0,0,0
yoruba_1_04769,"Oṣere tiata, Ṣotayọ Ṣogaga, ṣegbeyawo bonkẹlẹ",0,0,0,0,0,0
yoruba_1_04770,"Lẹyin ọdun kan aabọ ti wọn ti ti too geeti Lẹkki, wọn fẹẹ ṣi i pada",0,0,0,0,0,0
yoruba_1_04771,"Ibo gomina ti yoo waye ni Satide l’Ondo, ta ni yoo wọle?",0,0,0,0,0,0
yoruba_1_04772,Makinde fun ijọ Musulumi moṣalaaṣi Ọja’ba ni bọọsi nla,0,0,0,0,0,1
yoruba_1_04773,Nitori Korona: Ijọ Ridiimu fagi le isin aisun-ọdun tuntun,0,0,0,0,0,0
yoruba_1_04774,Awọn ọdẹ ibilẹ pa ọkan lara awọn ajinigbe to n daamu wọn Itapaji-Ekiti ,0,0,0,0,0,0
yoruba_1_04775,Ile ori oke kan tun da wo lu awọn to n ṣiṣẹ lọwọ ni Badagry,0,2,0,0,0,0
yoruba_1_04776,"Tinubu ṣabẹwo si Yahya Bello, Amaechi",0,0,0,0,0,0
yoruba_1_04777,"Lẹyin oṣu mẹsan-an, ẹgbẹ awọn olukọ yunifasiti fopin si iyanṣẹlodi wọn",0,0,0,0,0,2
yoruba_1_04778,Ẹgbẹ oṣere Naijiria fawọn ọmọ Oloogbe Racheal Oniga ni miliọnu mẹrin naira,0,0,0,0,0,2
yoruba_1_04779,"‘Jibiti ni ofin ọdun 1999, afi ki wọn fagi le e’",0,0,0,0,0,0
yoruba_1_04780,"Ifa o fọre fun Secondus o, ile-ẹjọ lawọn o le da apero PDP duro",0,0,0,0,0,0
yoruba_1_04781,"Awọn eeyan Ijẹbu-Jeṣa ṣedaro Orlando Julius, wọn lo mu orukọ ilu naa la agbaye ja",0,2,0,0,0,0
yoruba_1_04782,"Gbogbo awọn to ṣẹ mi ni mo ti foriji, ki awọn ti emi naa ṣẹ jọwọ, dariji mi – Dele Odule",0,0,0,0,0,0
yoruba_1_04783,Atiku ṣa fẹẹ fọwọ ara ẹ ṣera ẹ ṣaa,0,0,0,0,0,0
yoruba_1_04784,Ijọba Ogun fọwọ si iyansipo Adebajo gẹgẹ bii Orimọlusi  tuntun,0,0,0,0,0,0
yoruba_1_04785,Awọn gomina ẹgbẹ PDP marun-un (G-5) wọle ipade l’Ekoo,0,0,0,0,0,0
yoruba_1_04786,"Oyetọla, Adeoti ati Lasun fara han niwaju igbimọ ti yoo ṣeto idibo abẹle l’Ọṣun",0,0,0,0,0,0
yoruba_1_04787,"Lori ọrọ Igangan, mo gba gbogbo ẹbi tẹ ẹ da mi, ṣugbọn iru ẹ ko ni i waye mọ-Makinde",0,1,0,0,0,0
yoruba_1_04788,"Oore nla de fun Iyabọ Ojo, Jaiye Kuti ati Bọsẹ Akinọla",0,0,0,0,0,1
yoruba_1_04789,Eyi niye tileeṣẹ NNPC yoo maa ta epo kaakiri Naijiria bayii o,0,0,0,0,0,0
yoruba_1_04790,Olubadan tuntun: Mi o ni i ja awọn eeyan ilu Ibadan ati Naijiria kulẹ,0,0,0,0,0,0
yoruba_1_04791,Alawada ni oṣiṣẹ to ba gba ipo tuntun lọwọ Oyetọla,0,0,0,0,0,0
yoruba_1_04792,"Loootọ ni ara Ọlaiya Igwe ko ya, ṣugbọn ọkunrin naa ko ku o",0,0,0,0,0,0
yoruba_1_04793,Ọṣun 2022: Awọn ẹgbẹ oṣelu kọwọ bọwe adehun alaafia pẹlu ileeṣẹ ọlọpaa,0,0,0,0,0,0
yoruba_1_04794,Gomina Oyetọla gbe igbimọ oluwadii lori ifiyajẹni awọn SARS kalẹ l’Ọṣun,0,0,0,0,0,0
yoruba_1_04795,Gomina Wike naa fẹẹ dupo aarẹ Naijiria,0,0,0,0,0,0
yoruba_1_04796,Akẹkọọ to jẹ aditi ta awọn abarapa yọ ni Fasiti Ibadan,0,0,0,0,0,0
yoruba_1_04797,"Ko siṣẹ lọjọ Alamisi ati ọjọ Jimọ o, nitori ọdun Ileya ni",0,0,0,0,0,0
yoruba_1_04798,Ofin ma fẹran jẹko ni gbangba yoo mu iṣẹ wa rọrun ni -Seriki Fulani Ọṣun,0,0,0,0,0,0
yoruba_1_04799,"Lẹyin ti Funkẹ Akindele dibo tan, eyi niṣẹ to ran si awọn ololufẹ ẹ",0,0,0,0,0,0
yoruba_1_04800,PDP ni ki Buhari fi ọrọ ti Aarẹ ilẹ Amẹrika ti wọn ṣẹṣẹ dibo yan sọ kọgbọn,0,0,0,0,0,0
yoruba_1_04801,"Oyun ti wọn ni mo ṣẹ fun tẹgbọn-taburo, bọrọ ṣe jẹ niyi o – Pasitọ Ajigbọtoluwa",0,0,0,0,0,0
yoruba_1_04802,Toyin Saraki ati iyawo gomina Kwara fun obinrin ti awọ ẹyin oju oun atawọn ọmọ rẹ yatọ n’Ilọrin lowo,0,0,0,0,0,2
yoruba_1_04803,"Ijọba apapọ kede Ọjọruu, Wẹsidee, bii isinmi lẹnu iṣẹ",0,0,0,0,0,0
yoruba_1_04804,Oluọmọ tun di olori awọn aṣofin ipinlẹ Ogun,0,0,1,0,0,0
yoruba_1_04805,Aabọ owo oṣu Kẹwaa nijọba san fawọn ASUU,0,1,0,0,0,0
yoruba_1_04806,Wọn ti tu akẹkọọ ti wọn sọ sẹwọn nitori iyawo Buhari silẹ,0,0,0,0,0,2
yoruba_1_04807,Eto-ẹkọ lo gba eyi to pọ ju ninu eto-iṣuna ipinlẹ Ọṣun ọdun to n bọ,0,0,0,0,0,0
yoruba_1_04808,"Sanwo-Olu paṣẹ pe kawọn ileejọsin di ṣiṣi lati ọjọ keje, oṣu yii, l’Ekoo",0,0,0,0,0,0
yoruba_1_04809,Ipinlẹ Ekiti yoo bẹrẹ ayẹwo fawọn to fẹẹ darapọ mọ ikọ Amọtẹkun lọjọ Aje,0,0,0,0,0,0
yoruba_1_04810,"Ademọla Adeleke balẹ sipinlẹ Ọṣun, o ni ki  Oyetọla maa palẹ ẹru rẹ mọ l’Abere",0,0,0,0,0,0
yoruba_1_04811,"Sanwo-Olu tun gbe igbimọ mi-in dide lori abọ iwadii EndSARS, o lawọn maa ṣododo lori ẹ",0,0,0,0,0,0
yoruba_1_04812,Korona paayan marun-un lọjọ kan ṣoṣo nipinlẹ Ọyọ,0,3,0,0,0,0
yoruba_1_04813,"Buhari ki Joe Biden ku oriire, o ni o kaabọ sawujọ awọn aarẹ agbaye",0,0,0,0,0,2
yoruba_1_04814,Eyi ni idi ti mo fi da awọn kọmiṣanna mi silẹ-Makinde,0,0,0,0,0,0
yoruba_1_04815,Ẹkọ ede Yoruba ti di dandan fun gbogbo akẹkọọ bayii- Fasiti ipinlẹ Eko,0,0,0,0,0,0
yoruba_1_04816,Awọn ọlọpaa ti ri mẹtala ninu awọn ẹlẹwọn to sa kuro l’Ọyọọ nipinlẹ Ọṣun,0,0,0,0,0,0
yoruba_1_04817,Ileegbimọ aṣofin agba mejeeji buwọ lu aba eto iṣuna ọdun 2021,0,0,0,0,0,0
yoruba_1_04818,Abẹwo Ladọja si Ọba Balogun: Emi o ni ikunsinu kankan si Olubadan ilẹ Ibadan tuntun,0,0,0,0,0,0
yoruba_1_04819,Ẹyin patapata nilẹ Hausa maa n wa to ba di ti ọrọ ẹkọ – El-Rufai,0,1,0,0,0,0
yoruba_1_04820,Ijẹbu onitiata kọle olowo nla s’Ikorodu,0,0,0,0,0,1
yoruba_1_04821," Lẹyin ọdun mọkanla ti ọba wọn ti waja, wọn yan Onirun t’Irun Akoko tuntun",0,0,0,0,0,1
yoruba_1_04822,"Ajẹ n’iya wa, ogo mi lo gbe fun Mercy Aigbe – Patience",0,1,0,0,0,0
yoruba_1_04823,Buhari fi awọn olori ologun ilẹ wa to yọ nipo ṣe Ambasadọ,0,0,0,0,0,0
yoruba_1_04824,"Ti Naijiria yoo ba goke agba, iṣẹ wa lọwọ adari atawọn ọmọlẹyin – Imaamu agba ilu Ọffa",0,0,0,0,0,0
yoruba_1_04825,"Eyi ni bi Pasitọ Adeboye ṣe ta ami ororo le Ṣoun Ogbomọṣọ lori, to si sure fun un",0,0,0,0,0,0
yoruba_1_04826,"Kọmiṣanna ọlọpaa tuntun bẹrẹ iṣẹ nipinlẹ Ọyọ, o ni ko saaye fun iwa ọdaran lasiko toun",0,0,0,0,0,0
yoruba_1_04827,Ẹ lo anfaani oṣu Ramandan lati gbadura fun Kwara ati Naijiria-Gomina Abdulrazak,0,0,0,0,0,0
yoruba_1_04828,Wọn ṣebura fawọn adajọ mẹjọ nile-ẹjọ to ga ju lọ,0,0,0,0,0,0
yoruba_1_04829,Awọn aṣofin Ọṣun fun Oyetọla lanfaani lati yan alamoojuto si gbogbo ijọba ibilẹ Ọṣun,0,0,0,0,0,0
yoruba_1_04830,Makinde fọwọ si Lekan Balogun gẹgẹ bii Olubadan tuntun,0,0,0,0,0,0
yoruba_1_04831,Ẹni to ba ni mi o ki i ṣe ọmọ Tinubu ko waa ṣayẹwo ẹjẹ fun mi-Tinubu,1,0,0,0,0,0
yoruba_1_04832,Ọmọ Pasitọ Adeboye dara pọ mọ awọn ọdọ to n ṣewọde SARS,0,0,1,0,0,0
yoruba_1_04833,Ọrẹ Mohbad tawọn ọlọpaa n wa ti jọwọ ara rẹ fun wọn o,0,0,0,0,0,0
yoruba_1_04834,Awọn ‘Iya ooṣa’ naa jade fun iwọde ‘Yoruba Nation’,0,0,2,0,0,0
yoruba_1_04835, Amọtẹkun bẹrẹ idanilẹkọọ fawọn oṣiṣẹ tuntun l’Ondo,0,0,0,0,0,0
yoruba_1_04836,Aarẹ Tinubu ṣepade pẹlu awọn ọba alaye orileede yii,0,0,0,0,0,0
yoruba_1_04837,Idi ti mo fi ṣedasilẹ ‘Alternative High School’ fawọn ọmọbinrin l’Ọṣun -Rẹmi Tinubu,0,0,0,0,0,0
yoruba_1_04838,"Lẹyin iku ọmọ wọn, Davido olorin ati Chioma ṣegbeyawo bonkẹlẹ   ",0,0,0,0,0,1
yoruba_1_04839,Ibo alaga kansu Ọyọ: PDP ti wọle nijọba ibilẹ mejilelọgbọn,0,0,0,0,0,0
yoruba_1_04840,"   Ọlọpaa o le sọ pe ka ma ṣewọde ayajọ EndSARS, a maa ṣe e -Oduala",1,0,0,0,0,0
yoruba_1_04841,Obinrin di ọga agba patapata ni yunifasiti LASU fungba akọkọ,0,0,2,0,0,1
yoruba_1_04842,Ijọba ti din owo-epo bẹtiroolu ku,0,0,0,0,0,1
yoruba_1_04843,"Ṣẹgun Oni ti darapọ pọ mọ SDP l’Ekiti, o ni oludije mẹrin ninu ẹgbẹ APC lo maa tẹle oun",0,0,0,0,0,0
yoruba_1_04844,Awọn aṣọbode ba ọdun Ileya jẹ mọ awọn fayawọ oniṣowo ipinlẹ Ọyọ ati Ọṣun lọwọ,0,2,0,0,0,0
yoruba_1_04845,"Ẹ lẹtọọ labẹ ofin lati ṣewọde ita gbangba, ṣugbọn ẹ ma fi ba dukia ijọba jẹ-Ijọba Eko",0,0,0,0,0,0
yoruba_1_04846,Eyi lawọn ohun to ṣẹlẹ nibi akanṣe adura ọjọ mẹjọ ti wọn ṣe fun Akeredolu nile rẹ to wa l’Ọwọ,0,0,0,0,0,0
yoruba_1_04847,"Lẹyin iku Afuyẹ, awọn aṣofin Ekiti yan olori mi-in",0,0,0,0,0,0
yoruba_1_04848,"Lẹyin ipade ti wọn ba Buhari ṣe, APC ti gba pe ilẹ Hausa ni alaga wọn yoo ti jade ",0,0,0,0,0,0
yoruba_1_04849,"Awọn ọmọde oloyun mẹrinlelogun kan ree, ile ti wọn ko wọn pamọ si nijọba ti ri wọn",0,3,2,0,0,0
yoruba_1_04850,"Oyetọla bura fawọn alaamojuto kansu l’Ọṣun, o ni ijọba ko gbọdọ ka iwa ibajẹ mọ wọn lọwọ",0,0,0,0,0,0
yoruba_1_04851,"Ki Fọlarin ati Adelabu ma wulẹ fowo wọn ṣofo, Makinde ni yoo wọle-Aladelolu",0,0,0,0,0,0
yoruba_1_04852,Ole mẹtala tun ko sakolo ọlọpaa l’Ekoo,0,0,0,0,0,0
yoruba_1_04853,"Lẹyin ti wọn gba owo nla, awọn ajinigbe tu akẹkọọ mẹrin ti wọn ji gbe l’Akoko silẹ",0,0,0,0,0,2
yoruba_1_04854,Ọbasanjọ ṣabẹwo si Olubadan ti wọn ṣẹṣẹ yan,0,0,0,0,0,0
yoruba_1_04855,"Lẹyin ọdun mẹsan-an, Oyetọla gbọpa aṣẹ fun Ọwaloko Ijẹṣa tuntun",0,0,0,0,0,0
yoruba_1_04856,"Tobilọba ati Ṣeun maa fẹwọn ọdun mẹta jura, gbaju-ẹ ni wọn ṣe",0,0,0,0,0,0
yoruba_1_04857,"Sanwoolu p’ohun da lori ọjọ mẹrinla to fun awọn Hausa to wa ni Alaba-Rago, o ni ki wọn maa ba iṣẹ wọn lọ",0,0,0,0,0,0
yoruba_1_04858,"Ijọba gba ọkada rẹpẹtẹ nidii awọn ọlọkada niluu Eko, eyi lohun ti wọn fi i ṣe",0,0,0,0,0,0
yoruba_1_04859,"Awọn meje yii ti ha ṣakolo sifu difẹnsi n’llọrin, eyi lohun ti wọn ṣe",0,0,0,0,0,0
yoruba_1_04860,"Ọlọpaa ko le da wa duro, dandan ni ka ṣewọde fun iṣọkan Yoruba l’Ọṣun ni Satide – Ọba Ogboni",2,0,0,0,0,0
yoruba_1_04861,Eyi ni ọrọ ti Funkẹ Akindele sọ lẹyin esi idibo gomina Eko,0,0,0,0,0,0
yoruba_1_04862,Ibo gomina Adamawa: Ọjọ Tọsidee la maa kede ẹni to jawe olubori-INEC,0,0,0,0,0,0
yoruba_1_04863,Ṣẹyin naa ti gbọ ohun ti ọba ilu Fiditi ti wọn rọ loye ṣe?,0,0,0,0,0,0
yoruba_1_04864,Oke pa ọrẹ ẹ nitori ọọdunrun Naira,0,3,0,0,0,0
yoruba_1_04865,"Iyawo Ọmọọba Harry kọ lẹta si Oluwoo o, eyi lohun to wa nibẹ",0,0,0,0,0,0
yoruba_1_04866,"Wasiu Ayinde ti tun ni aya tuntun lọọdẹ, Emmanuella niyawo ọṣingin",0,0,2,0,0,0
yoruba_1_04867,Ipo olori aṣofin: Ẹni to ba kunju oṣuwọn ni Gomina Adeleke gbọdọ ṣatilẹyin fun- Ọladapọ,0,0,0,0,0,0
yoruba_1_04868,"Ijọba ṣafikun rẹpẹtẹ si owo-oṣu Aarẹ, gomina, atawọn oloṣelu gbogbo",0,0,2,0,0,0
yoruba_1_04869,Ko ti i si ijọba kan ni Naijiria yii to gbogun ti iṣẹ ati oṣi bii tiwa o – Buhari lo wi bẹẹ,0,0,0,0,0,0
yoruba_1_04870,Ileegbimọ aṣofin gbe abọ iwadii jade lori Onidaajọ Adepele Ojo,0,0,0,0,0,0
yoruba_1_04871,Eto idibo le ma waye ti… –INEC,0,0,0,0,0,0
yoruba_1_04872,Emi ni mo ni iriri ju ninu gbogbo awọn oludije sipo aarẹ-Ọṣinbajọ,0,0,0,0,0,0
yoruba_1_04873, Gowon gba Atiku ati Obi nimọran lori ẹjọ idibo aarẹ ti wọn pe,0,0,0,0,0,0
yoruba_1_04874,"Wọn gbaṣọ lọrun ṣọja yii, eyi lohun to ṣe",0,1,0,0,0,0
yoruba_1_04875,"Tinubu kọ lẹta si Funkẹ Akindele, eyi lohun to wa ninu rẹ",0,0,0,0,0,0
yoruba_1_04876,Ladọja naa gba ade bii awọn oloye Ibadan yooku,0,0,0,0,0,1
yoruba_1_04877,Aarẹ Buhari ṣafihan owo Naira tuntun,0,0,0,0,0,0
yoruba_1_04878,Wọn ti bura fun Joe Biden gẹgẹ bii Aarẹ Amẹrika kẹrindinlaaadọta,0,0,0,0,0,1
yoruba_1_04879,Olori awọn aṣofin Eko gbaṣẹ lọwọ awọn amugbalẹgbẹẹ rẹ mẹrin,0,1,0,0,0,0
yoruba_1_04880,Wikie ṣeleri fun Obi: Gbogbo ‘atilẹyin’ to ba yẹ ni ma a fun ẹ,0,0,0,0,0,0
yoruba_1_04881,Gbogbo ohun to ba gba la maa fun un lati ri awọn to pa Oluwabamiṣe-Sanwoolu   ,0,1,0,0,0,0
yoruba_1_04882,Saraki gba Buhari nimọran lori eto aabo to mẹhẹ,0,0,0,0,0,0
yoruba_1_04883,Awọn to n jijagbara fun Yoruba Nation n tanra wọn jẹ ni-Akeredolu,1,0,0,0,0,0
yoruba_1_04884,Wọn yan ọmọ Yoruba gẹgẹ bii akọwe agba nipinlẹ Anambra ,0,0,2,0,0,0
yoruba_1_04885,"Awọn ọlọpaa Ghana da ọmọ Barrista lare, wọn ni ko mọ nipa iku ọrẹ ẹ",0,0,0,0,0,2
yoruba_1_04886,"Buhari paṣẹ fawọn gomina: Ẹ pada sile, ẹ lọọ ṣeto pẹlu awọn ọba alaye lori eto aabo",0,0,0,0,0,0
yoruba_1_04887,‘O yẹ ki ayẹwo ọpọlọ wa fun ẹnikẹni to ba fẹẹ darapọ mọ iṣẹ agbofinro lorileede yii’,0,0,0,0,0,0
yoruba_1_04888,Gbogbo ohun to ba wa ni ikapa mi ni ma a ṣe lati mu orileede yii pada bọ sipo-Tinubu,0,0,0,0,0,0
yoruba_1_04889,Ori ko oludije gomina ipinlẹ Ọyọ yọ lọwọ awọn agbanipa,0,0,0,0,0,3
yoruba_1_04890,2023: Ẹgbẹ TOTT rọ Tinubu atawọn oludije yooku lati panu pọ gbe Ọṣinbajo kalẹ,0,0,0,0,0,0
yoruba_1_04891,Awọn ọdọ kan fẹẹ ra fọọmu lati dupo aarẹ fun Tinubu,0,0,0,0,0,0
yoruba_1_04892,Ọlọrun ṣe ojuṣaaju fun Ọba Balogun- Sẹnetọ Rashidi Ladọja,0,0,0,0,0,0
yoruba_1_04893,Ibo gomina l’Ekiti: Ṣẹgun Oni jawe olubori ni wọọdu rẹ,0,0,0,0,0,0
yoruba_1_04894,Eyi ni ọrọ Tinubu si gbogbo ọmọ Naijiria ninu ọdun tuntun,0,0,0,0,0,0
yoruba_1_04895,Atiku ati igbakeji rẹ ṣabẹwo si ẹgbẹ awọn Onigbagbọ,0,0,0,0,0,0
yoruba_1_04896,Aarẹ Muhammadu Buhari n bọ nipinlẹ Ogun l’Ọjọbọ,0,0,0,0,0,0
yoruba_1_04897,Awọn Aṣofin agba ti fọwọ si i ki Mahmud Yakub maa ṣe alaga INEC lọ,0,0,0,0,0,0
yoruba_1_04898,"Ẹ ni suuru diẹ fun ijọba Buhari, Lai Mohammed bẹ gbogbo ọmọ Naijiria",0,0,0,0,0,0
yoruba_1_04899,Dandan ni fawọn akẹkọọ wa ni UNIOSUN lati ni imọ nipa iṣẹ ọwọ – Ọjọgbọn Adebooye,0,0,0,0,0,0
yoruba_1_04900,"O doju ẹ, adajọ tun ran ọba alaye mi-in lẹwọ nipinlẹ Ogun",0,0,3,0,0,0
yoruba_1_04901,Mo fọwọ si i kawọn ẹlẹsin abalaye naa maa mura lọ sileewe nibaamu pẹlu ẹsin wọn -Ẹlẹbuibọn,0,0,1,0,0,0
yoruba_1_04902,Oyetọla/Adeleke: Ile-ẹjọ ti gba ẹri ibo  ti wọn di ju lawọn ijọba ibilẹ meje,0,0,0,0,0,0
yoruba_1_04903,Funkẹ Akindele ra mọto olowo nla,0,0,0,0,0,1
yoruba_1_04904,Atiku lo wọle nipinlẹ Ọṣun,0,0,0,0,0,0
yoruba_1_04905, Ẹṣọ Amọtẹkun fi panpẹ ofin gbe awọn Fulani darandaran mẹta pẹlu ogoji maaluu,0,0,2,0,0,0
yoruba_1_04906,Eyi ni irufẹ awọn akẹkọọ to lẹtọọ si eto ẹyawo tijọba gbe kalẹ – Tinubu,0,0,0,0,0,0
yoruba_1_04907,"Ayedatiwa bori ibo abẹle Ondo, eyi lawọn ohun to ṣẹlẹ nibẹ",0,0,0,0,0,0
yoruba_1_04908,"Ile-ẹjọ da Sunday Igboho lare, o ni kawọn DSS san biliọnu lọna ogun Naira fun un",0,0,0,0,0,1
yoruba_1_04909,Ijọba pin nnkan ija loriṣiiriṣii fawọn ẹṣọ alaabo l’Ekiti,0,0,0,0,0,0
yoruba_1_04910,Awọn ọmọ ẹgbẹ PDP darapọ mọ APC ni Kwara,0,0,0,0,0,0
yoruba_1_04911,"Aarẹ ati igbakeji ẹlẹsin kan naa ko nitumọ, adari to maa ṣejọba rere ni ka yan – Ọbasa",0,0,0,0,0,0
yoruba_1_04912,"Lati ṣami ayẹyẹ ọdun Iṣẹṣe, ijọba Eko kede ọjọ Aje bii isinmi lẹnu iṣẹ",0,0,0,0,0,0
yoruba_1_04913,Ọba Akiolu bẹ orileede Gẹẹsi lati ran Naijiria lọwọ lori ipenija eto aabo,0,0,0,0,0,0
yoruba_1_04914,Halimat Ayinla Ọmọwura fẹẹ ṣayẹyẹ iranti ọdun kọkanlelogoji baba ẹ l’Abẹokuta,0,0,0,0,0,0
yoruba_1_04915,Eyi ni ajọṣe emi ati Ayinla Ọmọwura — Adewọle Onilu-ọla,0,0,0,0,0,0
yoruba_1_04916,"Ile-ẹjọ ti da Rọpo, iyawo Sunday Igboho, silẹ o",0,0,0,0,0,2
yoruba_1_04917,"Pasito Kumuyi, olori ijọ Deeper Life, kọ Bibeli tuntun",0,0,2,0,0,0
yoruba_1_04918,Eyi lohun ti Saidi Oṣupa sọ lasiko ikẹkọọ-gboye rẹ ni Fasiti Ibadan,0,0,0,0,0,0
yoruba_1_04919,"Obinrin to ba bimọ nipinlẹ Ọyọ, oṣu mẹfa ni yoo maa lo nile, ijọba ti fẹẹ fọwọ si i",0,0,0,0,0,2
yoruba_1_04920,Laide Bakare ṣayẹyẹ ọjọọbi alarinrin fun Toyọsi Adesanya,0,0,0,0,0,1
yoruba_1_04921,"Lasiko ọdun Keresi, Buhari ṣeleri igba daadaa fawọn ọmọ Naijiria",0,0,0,0,0,0
yoruba_1_04922,"A ko fẹ awọn onibaara niluu Abuja mọ, a maa bẹrẹ si i ko wọn- Wike",1,0,0,0,0,0
yoruba_1_04923,Emi o yọ biliọnu marun-un kankan ninu aṣunwọ ijọba Ọṣun-Adeleke,0,0,0,0,0,0
yoruba_1_04924,"Ọmọọba Ọlagunsoye Oyinlọla ṣọjọọbi, Alaafin ati Ọoni ki i ku oriire",0,0,0,0,0,2
yoruba_1_04925,"APC lo wọle ibo ni Kwara, awọn PDP lawọn ko ni i gba",2,0,0,0,0,0
yoruba_1_04926,Ẹgbẹ PDP gba awọn kọmiṣanna Makinde tuntun nimọran,0,0,0,0,0,0
yoruba_1_04927,"Lẹyin oṣu mẹsan-an ti Iya Tadenikawo ko jade laafin, Ọọni Ogunwusi tẹwọ gba Olori Mariam",0,0,0,0,0,0
yoruba_1_04928,Wọn ti gbe igbimọ ti yoo gbọ awuyewuye ibo ipinlẹ Ondo kalẹ,0,0,0,0,0,0
yoruba_1_04929,"Jẹgẹdẹ bẹrẹ ipolongo ibo l’Akurẹ, o loun ni kawọn araalu dibo fun",0,0,0,0,0,0
yoruba_1_04930,"Makinde yoo kede Olubadan tuntun lọjọ Aje, Mọnde ",0,0,0,0,0,1
yoruba_1_04931,"Latari idajọ ile-ẹjọ to ga ju lọ, idunnu ṣubu l’ayọ ni Kano",0,0,0,0,0,2
yoruba_1_04932,"Ẹfun abeedi: Oyinbo Amẹrika yii ro o pin, o fẹẹ bẹ sodo ọsa l’Ekoo",0,2,0,0,0,0
yoruba_1_04933,"Tinubu, Sanwoolu wọle ni ibudo idibo wọn",0,0,0,0,0,1
yoruba_1_04934, Ẹsọ Amọtẹkun ti ri mẹsan-an gba pada ninu awọn arinrin-ajo ti wọn ji gbe l’Akoko   ,0,0,0,0,0,3
yoruba_1_04935,"Ọbasanjọ tun gba Buhari nimọran, o lo dara ko ṣe ohun tawọn ọdọ n fẹ",0,0,0,0,0,0
yoruba_1_04936,Oke aja ni wọn ti mu Timilẹyin to ji ọkada Joseph gbe,0,0,2,0,0,0
yoruba_1_04937,Amọtẹkun Ondo tun da awọn Fulani mẹtadinlogoji pada siluu wọn,0,0,0,0,0,0
yoruba_1_04938,"Lẹyin ti wọn gba miliọnu marun-un, awọn ajinigbe tu ara ilu oyinbo ti wọn ji gbe silẹ",0,0,0,0,0,2
yoruba_1_04939,"Ẹgbẹ onimọto Ọyọ: Makinde yan Ọmọlẹwa, Tokyo, Ejiogbe rọpo Auxiliary",0,0,0,0,0,0
yoruba_1_04940,Ileeṣẹ ọlọpaa da ẹṣọ alaabo sọdọ iyawo Mohbad ati ọmọ rẹ,0,0,0,0,0,0
yoruba_1_04941,Ile-ẹjọ ti da ẹjọ DPO to fiya jẹ telọ rẹ n’Ibadan nu,0,0,0,0,0,0
yoruba_1_04942,Ọgbọn biliọnu Naira nijọba apapọ fawọn gomina lati yanju wahala ounjẹ to n fojoojumọ wọn-Akpabio,0,0,0,0,0,0
yoruba_1_04943,Emi nile-ẹjọ maa ni ki wọn bura fun sipo gomina ipinlẹ Anambra-Oludije ẹgbẹ APC,0,0,0,0,0,0
yoruba_1_04944,Aṣiri ohun ti wọn ko ṣe kọlu Aafin mi ree- Oluwoo,0,0,0,0,0,0
yoruba_1_04945," Ẹ gbagbe nipa pinpin Naijiria, ẹ ja fun iṣọkan wa-Ọbasanjọ",0,0,0,0,0,0
yoruba_1_04946,"Nitori eto aabo to mẹhẹ, ṣifu difẹnsi ṣi ẹka tuntun ni Kwara ",0,0,0,0,0,0
yoruba_1_04947,"Wọn ti gba beeli Abba Kyari o, ọga ọlọpaa ti wọn fẹsun iwa ọdaran kan",0,0,0,0,0,0
yoruba_1_04948,Emi ni mo kunju oṣuwọn ju ninu awọn oludije sipo gomina ninu ẹgbẹ APC l’Ekiti-Ọpẹyẹmi Bamidele,0,0,0,0,0,0
yoruba_1_04949,Ogundoyin tu gbogbo igbimọ awọn aṣofin ipinlẹ Ọyọ ka,0,0,2,0,0,0
yoruba_1_04950, N ko kabaamọ rara pe mo kuro lọfiisi gẹgẹ bii igbakeji gomina Ondo-Agboọla,0,0,0,0,0,0
yoruba_1_04951,Ọlọpaa gba eeyan mẹta kalẹ lọwọ awọn ajinigbe l’Ogun,0,0,0,0,0,2
yoruba_1_04952,Ohun akọkọ ni lati ṣatunṣe siwee ofin ilẹ wa ti mo ba di aarẹ Naijiria-Atiku,0,0,0,0,0,0
yoruba_1_04953,Wọn tun n bakan bọ: Wọn ni ọga ọlọpaa pata ni yoo maa dari eto Amọtẹkun o,0,0,2,0,0,0
yoruba_1_04954,"Oyetọla yan ọmọ Bisi Akande ni kọmiṣanna, o tun fiyawo rẹ ṣe oluranlọwọ lọfiisi ọkọ ẹ",0,0,0,0,0,0
yoruba_1_04955,Awọn aṣaaju PDP ẹkun Ọyọ fa Makinde kalẹ lati dupo gomina fun saa keji,0,0,0,0,0,0
yoruba_1_04956,"Nitori Ọbabinrin Elizabeth, awọn aye n bu Tọpẹ Alabi    ",0,0,0,0,0,0
yoruba_1_04957,Awọn gomina ilẹ Yoruba ṣepade bonkẹlẹ niluu Eko,0,0,0,0,0,0
yoruba_1_04958,"Fathia Balogun fẹẹ ṣọjọọbi, ‘wan fifti taosan’ (150, 000) laṣọ ẹbi",0,0,2,0,0,0
yoruba_1_04959,"Oluwoo ṣọdun Olodumare, o ni Musulumi ati Onigbagbọ ko gbọdọ jija ẹsin, ọmọ iya kan naa ni wọn",0,0,0,0,0,0
yoruba_1_04960,"Nitori ayẹyẹ ọdun Hijirah, ijọba Ọṣun kede isinmi lọla  ",0,0,0,0,0,0
yoruba_1_04961,Eyi lọrọ ti Aarẹ Tinubu sọ lori idajọ ile-ẹjọ to ga ju lọ,0,0,0,0,0,0
yoruba_1_04962,Ọṣun 2022: Ile-ẹjọ ni Ademọla Adeleke ni oludije fun ẹgbẹ oṣelu PDP,0,0,0,0,0,0
yoruba_1_04963,"Adẹrin-in-poṣonu, Cute Abiọla, ti gbapo oṣelu ni Kwara",0,0,2,0,0,0
yoruba_1_04964,Ẹ yee maa fenu tabuku Naijiria lori ayelujara- Fagbemi,0,1,0,0,0,0
yoruba_1_04965,A ko gbọdọ da iṣẹ idagbasoke ilu da ijọba nikan – Salakọ,0,0,0,0,0,0
yoruba_1_04966,Eyi ni bi Cote D’Ivore ṣe gba ife-ẹyẹ bọọlu ilẹ Afrika!,0,0,0,0,0,1
yoruba_1_04967,INEC gbe orukọ awọn ti yoo dije funpo gomina nipinlẹ Ọṣun jade,0,0,0,0,0,0
yoruba_1_04968,"Oore la ṣe fun alagba ijọ yii ta a fi gba a sile, eyi lohun to fi san an fun wa-Sunday",0,2,0,0,0,0
yoruba_1_04969,Ẹgbẹ kan da miliọnu mẹẹẹdogun jọ fun Ọṣinbajo lati fi gba fọọmu idije sipo aarẹ,0,0,0,0,0,0
yoruba_1_04970,"Ọṣun 2022: Kẹni to ba fẹẹ dije lọọ gba fọọmu, emi o bẹru idibo abẹle o -Oyetọla",0,0,0,0,0,0
yoruba_1_04971,Sanwo-Olu yan igbimọ ileeṣẹ to n ri si ọrọ ijọba ibilẹ tuntun,0,0,0,0,0,0
yoruba_1_04972,Igbakeji gomina Ọyọ darapọ mọ ẹgbẹ APC,0,0,0,0,0,0
yoruba_1_04973,"Osun 2022: Ẹru ko ba mi rara, ọwọ Ọlọrun atawọn araalu ni saa keji mi wa – Oyetọla",0,0,0,0,0,0
yoruba_1_04974,"Kọmiṣanna Ambode fi ẹgbẹ APC silẹ, o loun naa fẹẹ di gomina  Eko",0,0,2,0,0,0
yoruba_1_04975,"Nibi ti mo ba a de yii, nnkan to maa ṣe ilu lanfaani ni mo maa ṣe, nitori ọpọ nnkan ni mo ri ti ẹyin ko ri",0,0,0,0,0,0
yoruba_1_04976,Ẹgbẹ PDP Ekiti ṣepade apero lori ibo 2022,0,0,0,0,0,0
yoruba_1_04977,"Oludamọran Fayẹmi lori eto oṣelu kọwe fipo silẹ, o darapọ mo ẹgbẹ SDP",0,0,0,0,0,0
yoruba_1_04978,"Nitori ija oun ati Tinubu: Alaafin, Ọọni ṣepade pẹlu Arẹgbẹṣọla",0,0,0,0,0,0
yoruba_1_04979,"Blessing pa iya rẹ sinu oko n’Ilẹ-Oluji, o ni ọrọ pasitọ ṣọọsi awọn loun tẹle",0,2,0,2,0,0
yoruba_1_04980,"N ko ti i mọ oludije fun’po gomina Ọṣun lọdun to n bọ, ṣugbọn mo mọ pe ẹgbẹ wa maa wọle pada – Bisi Akande",0,0,0,0,0,0
yoruba_1_04981,"Eyi lohun to yẹ kẹ ẹ mọ nipa Adeniyi, ọga agba ileeṣẹ kọsitọọmu tuntun",0,0,0,0,0,0
yoruba_1_04982,"Iru ki waa leleyii, lọjọ ti Habeeb ṣayẹyẹ ikẹkọọ-jade ni Kwara Poli, lo dawati n’llọrin",0,3,2,0,0,0
yoruba_1_04983,"APC fa ọjọ idibo abẹle wọn sẹyin, ọjọ kọkandinlọgbọn, oṣu yii, ni wọn yoo yan oludije funpo aarẹ",0,0,0,0,0,0
yoruba_1_04984,Awọn gomina ilẹ Yoruba gba lati ṣeto isinku Akeredolu,0,0,0,0,0,0
yoruba_1_04985, Akeredolu ni kawọn akẹkọọ maa wọ aṣọ ilẹ wa lọ sileeewe l’Ondo,0,0,0,0,0,0
yoruba_1_04986,Tinubu loun faramọ bi Sanwo-Olu ṣe fagile owo ifẹyinti awọn gomina Eko,0,0,0,0,0,0
yoruba_1_04987,Ina jo Ọja Tuntun niluu Ile-Ifẹ,0,1,0,0,0,0
yoruba_1_04988,"Ayẹyẹ ọjọọbi Anọbi: Ijọba kede Ọjọbọ, Tọsidee, gẹgẹ bii isinmi lẹnu iṣẹ",0,0,0,0,0,0
yoruba_1_04989,O dun mọ mi bi Makinde ṣe wa lara awọn gomina marun-un to n tẹle Wike- Ariwoọla,0,0,0,0,0,2
