text_id,text,Anger,Sadness,Disgust,Surprise,Fear,Joy
zulu_1_00001,Bazothathelwa izinyathelo abanogcobho - Ramaphosa,0,0,0,0,0,0
zulu_1_00002,Bayaveva ngengane ekhiyelwe ekilasini ubusuku bonke,2,2,0,0,0,0
zulu_1_00003,Sebeyinkukhu nempaka omrepha baseThekwini,0,0,0,0,0,0
zulu_1_00004,Bamisiwe othisha abajola nomfundi eComTech,0,0,0,2,0,0
zulu_1_00005,Isoka libhokode  intombi yafa iya esikoleni,0,3,0,0,0,0
zulu_1_00006,[IMIBONO] Noma kunjani soze ngiqashe uDaubermann,1,0,0,0,0,0
zulu_1_00007,ITheku likhala ngezigebengu ezinqamula amakhebuli kagesi,2,0,0,0,0,0
zulu_1_00008,Sephukile isethembiso somshado,0,3,0,0,0,0
zulu_1_00009,UZuma engozini yokuvulelwa icala lobugebengu,0,0,0,0,0,0
zulu_1_00010,Kuphela nya ngoNiang nebhola,0,0,0,0,0,0
zulu_1_00011,Abokufika bakhala ngesibhaxu 'samasosha',0,0,0,0,2,0
zulu_1_00012,Isisezithebeni zabalawula ukusetshenziswa kwemithi eyeringi yama-ARV's,0,0,0,0,0,0
zulu_1_00013,Ukuxozela kwaseSaudi Arabia kungase kunyuse intengo kaphethroli,0,0,0,0,0,0
zulu_1_00014,Uchichima injabulo esayiniswa inkampani yase-USA,0,0,0,0,0,3
zulu_1_00015,Owe-ANCYL usocongwe ephuma kokhuleka,0,3,0,0,0,0
zulu_1_00016,Bahlaselwe belele bafunwa imali nemoto,0,3,0,0,0,0
zulu_1_00017,Liqhakazile ikusasa likaMahlambi – Hunt,0,0,0,0,0,0
zulu_1_00018,UMasutha ubalisa ngokujika nelanga engasebenzi,0,2,0,0,0,0
zulu_1_00019,Akajabhanga engatholi neyokubika kumaSama,0,0,0,0,0,0
zulu_1_00020,Bamise yonke into befuna amanzi,2,0,0,0,0,0
zulu_1_00021,Ngeke usuke umfuziselo kaButhelezi,0,0,0,0,0,0
zulu_1_00022,[IMIBONO] Sicela nisicabangele singabagibeli benu,0,0,0,0,0,0
zulu_1_00023,Umunyu kuxolisa umshayeli wetekisi owabulala abangu-15,0,3,0,0,0,0
zulu_1_00024,Sizoyinqoba iLions uma sithembana - Ward,0,0,0,0,0,0
zulu_1_00025,Kwethulwe umkhankaso wokuhlanza amarenki,0,0,0,0,0,0
zulu_1_00026,U-TDK usolwa ngokweba ingoma,0,0,0,2,0,0
zulu_1_00027,Uxhamazelile uhulumeni esibuyisela esigabeni sokuqala,0,0,0,0,0,0
zulu_1_00028,Kuyingozi ukubekezela uthando lube seluse-ICU,0,0,0,0,0,0
zulu_1_00029,Abamabandla abekho msulwa ngokubulawa kwabesifazane,0,2,0,0,0,0
zulu_1_00030,UDax ubonakale ezilolonga neChiefs,0,0,0,0,0,0
zulu_1_00031,Kusuke isidumo befuna amanzi eHarding,3,0,0,0,0,0
zulu_1_00032,Akalahlekile owesifazane ozale izingane ezingu-10: umnyango,0,0,0,3,0,0
zulu_1_00033,‘Sizolungenela ukhetho ngonyaka ozayo’,0,0,0,0,0,0
zulu_1_00034,I-Nehawu ihlabela phambili neziteleka emanyuvesi,2,0,0,0,0,0
zulu_1_00035,Umhlangano ngeDog Style ubhuntshiswe abalandeli,2,0,0,0,0,0
zulu_1_00036,Udonse iso likaBaxter ogijima kwiMaritzburg,0,0,0,0,0,0
zulu_1_00037,Bashise ibhasi nezimoto bebhikisha,3,0,0,0,0,0
zulu_1_00038,Sasisatshwa isikhulu sezimali e-Eskom,0,0,0,0,2,0
zulu_1_00039,Kumbulwa kwembeswa kumculi kamaskandi,0,0,0,0,0,0
zulu_1_00040,Uhulumeni uthi amaphaphu phansi kubuya isifo sikapholoni,0,0,0,0,2,0
zulu_1_00041,Kuthungathwa ufakazi ecaleni lokubanjwa kwenkunzi,0,0,0,0,0,0
zulu_1_00042,Kusolwa ubunqonqela kusihlalo ngokubuya kukaNgema kwiChippa,0,0,0,1,0,0
zulu_1_00043,Izogadla ngabalingisi abasha iLockdown,0,0,0,0,0,0
zulu_1_00044,Uzonyuka futhi uphethroli,0,0,0,0,0,0
zulu_1_00045,Ibuya nentsha iBongo Maffin,0,0,0,0,0,0
zulu_1_00046,Kusolwa inkinga yezimali owesifazane 'eqotha' umndeni,0,0,0,3,0,0
zulu_1_00047,Bashaqekile ngesidumbu esitholwe esitamkokweni,0,0,0,3,0,0
zulu_1_00048,Ingozi iMamelodi Sundowns elengela kuyona,0,0,0,0,0,0
zulu_1_00049,Indoda idutshulwe iyolalela icala nomkayo,0,3,0,0,0,0
zulu_1_00050,Lizokhuphuka inani likaphethroli kuleli sonto,0,0,0,0,0,0
zulu_1_00051,Kuphucwa abafundi abawu-5 000 uxhaso lweNFSAS,0,2,0,1,0,0
zulu_1_00052,“Ubekhala ngempesheni” othumbe abantu eThekwini,0,0,0,2,0,0
zulu_1_00053,ICorona iphazamise ukhetho lokuchibiyela,0,0,0,0,0,0
zulu_1_00054,UMotsoeneng wangethula kwabakwa-Gupta: isikhulu,0,0,0,0,0,0
zulu_1_00055,AbeKokota bakhiphe iculo noDJ osemusha emculweni,0,0,0,0,0,0
zulu_1_00056,EZOTHANDO: Ufuna ngimuphe uR3 000 ngenyanga ukuze sibuyelane,0,0,0,2,0,0
zulu_1_00057,Kubuye ukuzethemba kwabeChiefs iqhubeka nokunqoba,0,0,0,0,0,2
zulu_1_00058,Kunyomfeka izinhlelo ngenxa yeCovid-19',0,0,0,0,0,0
zulu_1_00059,Kumanele olunywe wushaka umphambili,0,3,0,2,0,0
zulu_1_00060,Okhuze ibuya kweZimnyama ukhala ngethuba elanele,0,0,0,0,0,0
zulu_1_00061,USimphiwe Ngema ubonge isoka elisha elingusaziwayo edalula ukuthi ukhulelwe,0,0,0,0,0,2
zulu_1_00062,Umthelela omubi wesomiso kwezolimo,0,1,0,0,0,0
zulu_1_00063,URamaphosa usolwe ngokuhlukumeza owayeyinkosikazi yakhe,0,2,0,2,0,0
zulu_1_00064,I-ANC ididekile kolomhlaba -Mbeki,0,0,0,2,0,0
zulu_1_00065,Bafuna adedelwe aqhubeke nomsebenzi wakhe uGumede abamesekayo,0,0,0,0,0,0
zulu_1_00066,Oshonelwe wusana ufuna kujeze onesi,0,3,0,0,0,0
zulu_1_00067,Kushaywa amakhala ngababulewe,0,0,0,2,0,0
zulu_1_00068,UMaimane usongela uMagashule noZwane,0,0,0,1,0,0
zulu_1_00069,#KZNSOPA: UZikalala ukhathazekile ngesimo somnotho,0,1,0,0,0,0
zulu_1_00070,Kugwazwe kwabulawa owayeyiphini likasihlalo we-ANC eTshwane,0,2,0,0,0,0
zulu_1_00071,Kusemapeketwane ethuneni likaMeyiwa,0,2,0,0,0,0
zulu_1_00072,‘Ayethengwa amavoti eNasrec’ - owayengungqongqoshe,0,0,0,2,0,0
zulu_1_00073,Zihamba zodwa izinhlelo zeMoja Love kuDStv,0,0,0,0,0,0
zulu_1_00074,Ibheyili kwababanjwe namakhadi akwaSassa,0,0,0,2,0,0
zulu_1_00075,Zizovulelwa amacala izikhulu ezithinteka enkohlakalweni yethenda yeCovid-19,0,0,0,0,0,0
zulu_1_00076,ITheku alizilungele izinhlekelele,0,0,0,0,0,0
zulu_1_00077,Amaciko amashele ukubulawa kwabesifazane,2,0,0,0,0,0
zulu_1_00078,Akuzuvalwa isikhathi eside ezikoleni,0,0,0,0,0,0
zulu_1_00079,Ezempilo: Kutholwe umshanguzo olwa nesifo socansi,0,0,0,0,0,0
zulu_1_00080,Basebumnyameni ngenkosi ethunjiwe,0,2,0,0,0,0
zulu_1_00081,Kuqedwe usizi kuvulwa imizi namabhuloho,0,0,0,0,0,2
zulu_1_00082,KAIZER CHIEFS: Seligcwale umoya kuMiddendorp,0,0,0,0,0,0
zulu_1_00083,I-Afropunk iletha uSolange noMiguel kuleli,0,0,0,0,0,0
zulu_1_00084,‘Luzoxazululwa ngaphambi kukaKhisimusi olukaMeyiwa’ - Cele,0,0,0,0,0,0
zulu_1_00085,Amakhosi afuna umgadli oshisayo ongalibheki ipali,0,0,0,0,0,0
zulu_1_00086,Kushone isalukazi kudlwengulwa abazukulu sibuka,0,3,0,0,0,0
zulu_1_00087,Kuzoshuba kuma-semi final eNdebe yoMhlaba,0,0,0,0,0,0
zulu_1_00088,I-ANC ivuma ukushaywa yinkece nokulaxazwa ngabaxhasi,0,0,0,0,0,0
zulu_1_00089,Umbono kaBabes ngami awuthi shu...' Lady Zamar,0,0,0,0,0,0
zulu_1_00090,Uvalo amabhubesi ebhubhisa imfuyo,0,0,0,0,3,0
zulu_1_00091,Bagingqike nemoto babaleka abadubule usomatekisi,0,3,0,0,0,0
zulu_1_00092,Uthando lwakhiwa wukukhulela emakhaya,0,0,0,0,0,0
zulu_1_00093,UTembo usanethemba lokuqeda endaweni engcono,0,0,0,0,0,0
zulu_1_00094,Lungene kwelinye iqophelo olukaBuhle Mkhwanazi ongadlali,0,0,0,0,0,0
zulu_1_00095,UBenni ujabule kakhulu beshaya iDowns,0,0,0,0,0,3
zulu_1_00096,‘Kuboshwe 237 ngamacala okubanjwa kwezimoto zemali’ - Cele,0,0,2,1,0,0
zulu_1_00097,Washaqeka enqatshelwa ukungena emhlanganweni,0,0,0,2,0,0
zulu_1_00098,Amaphoyisa aphenya ngebhomu elitholwe ethempelini eVerulam,0,0,0,1,0,0
zulu_1_00099,Kumiswe izizumbulu zosolwa ngokukhwabanisa imali ze-UIF,0,0,0,2,0,0
zulu_1_00100,BUKA: Angene ngeVosho ePhalamende amalungu-EFF,0,0,0,2,0,0
zulu_1_00101,Baxhaswe ngezigidi abalimi abafufusayo,0,0,0,0,0,0
zulu_1_00102,USukazi uvume elokukhwabanisa,0,0,0,2,0,0
zulu_1_00103,Ucishe waphahluka ngokufa kukaSenzo,0,0,0,2,0,0
zulu_1_00104,Useqalile ukulubhada phansi ekhankasa,0,0,0,0,0,0
zulu_1_00105,Bagezeke igilo abalandeli ekhonsathini kaCassper Nyovest,0,0,0,0,0,1
zulu_1_00106,Liyabuya futhi namuhla elosolwa ngokubulala isitshudeni saseMUT,0,2,0,0,0,0
zulu_1_00107,Izibalo ezishaqisayo ngabafundi abadla izidakamizwa ezikoleni,0,0,0,2,0,0
zulu_1_00108,Kuvulwe icala ngonqamule ugesi ezweni,0,0,0,0,0,0
zulu_1_00109,Walaxaza umsebenzi wobumeli ngenhloso yokuhlekisa abantu,0,0,0,1,0,0
zulu_1_00110,UCele uncome amaphoyisa abulale abayisikhombisa,0,0,0,0,0,2
zulu_1_00111,Zihlanzwa kahle izimoto kuleli,0,0,0,0,0,0
zulu_1_00112,Bayaveva abacinyelwe ugesi eNkandla,3,0,0,0,0,0
zulu_1_00113,ODOKOTELA bafuna lusukunyelwe olwesimo sezibhedlela e-KZN,1,0,0,0,0,0
zulu_1_00114,Ikhabhinethi liphonsela inselelo isinqumo senkantolo ngemithetho kathaqa,0,0,0,0,0,0
zulu_1_00115,Kulimale 20 engozini ehlanganisa itekisi ebithwele abafundi,0,2,0,0,0,0
zulu_1_00116,UNcikazi akaneme ngakubone kwezakhe zinqoba,0,0,0,0,0,0
zulu_1_00117,Kusolwa isoka kutholakala isidumbu sengoduso,0,2,0,0,0,0
zulu_1_00118,UJiyane embangweni wesokwengamela i-IFP,0,0,0,0,0,0
zulu_1_00119,Isiphoxwa eyomqeqeshi waMakhosi iShell Helix Cup,0,0,0,0,0,0
zulu_1_00120,I-Joyous Celebration ihoxile kumaMetro FM Music Awards,0,0,0,1,0,0
zulu_1_00121,Isoka lizame ukubulala intombi ekhulelwe maqede lazisika uqhoqhoqho lizibulala,2,3,0,2,0,0
zulu_1_00122,I’Downs ifuna ukuzithoba inhliziyo ngoSuthu,0,0,0,0,0,0
zulu_1_00123,Amagoli azolamulela uGabuza ekuhhewulweni abalandeli: Mangena,0,0,0,0,0,0
zulu_1_00124,Baqala ukugonywa othisha ngelizayo kuleli,0,0,0,0,0,0
zulu_1_00125,Silandelwa yishwa isitabane esishonelwe,0,2,0,0,0,0
zulu_1_00126,ObekuZalo uthathwe Umlilo,0,2,0,2,0,0
zulu_1_00127,Wayebalekela ukuwasha izitsha ngebhola oweBanyana,0,0,0,0,0,0
zulu_1_00128,Kunzima koshuthekwe upelepele edlengulwa ngabahlanu,0,3,0,0,0,0
zulu_1_00129,Bafunda lukhulu  onozinti beMaritzburg kuFernandez,0,0,0,0,0,0
zulu_1_00130,UMkhize unxusa abantu bazivikele kwiCovid-19,0,0,0,0,0,0
zulu_1_00131,UFana usethi khumu emankomaneni,0,0,0,0,0,0
zulu_1_00132,Kunzima kobe yisisulu seyamatekisi,0,2,0,0,0,0
zulu_1_00133,Bavale idepho befuna ukuqashwa,2,0,0,0,0,0
zulu_1_00134,[IMIBONO] Abantu sebephelelwa yithemba kuKhongolose ngenxa yomona,0,0,0,0,0,0
zulu_1_00135,Ihoxisiwe iFact Durban Rocks,0,1,0,0,0,0
zulu_1_00136,Kuboshwe 'obulale' ingoduso ngensimbi eyisola ngokujola,2,3,0,2,0,0
zulu_1_00137,Awuhlukile nokukipita umshado omhlophe,0,0,0,0,0,0
zulu_1_00138,[IMIBONO] Bengiyovula icala ngishayiwe lavele langidelela iphoyisa,0,2,0,0,0,0
zulu_1_00139,Kushone amakhansela amabili e-ANC engozini,0,2,0,0,0,0
zulu_1_00140,Kudutshulwe 'umngani' kaChillies KwaDanaza eMlaza,0,3,0,0,0,0
zulu_1_00141,Ugwetshwe udilikajele odlwengule ingane,3,1,0,0,0,0
zulu_1_00142,Uyabhoka obeyimeya 'okweleta' umasipala uR490 000 kaphethroli,3,0,0,0,0,0
zulu_1_00143,Ubone afike ngayo uLarsen exoshwa kwiChippa,0,1,0,2,0,0
zulu_1_00144,Bavale imigwaqo befuna kuxoshwe abokufika,3,0,0,0,0,0
zulu_1_00145,UBrickz uvele wakhala ebuyiselwa esitokisini,0,3,0,0,0,0
zulu_1_00146,BUKA: Livaliwe ihhovisi lenxusa lakuleli eNigeria kulandela ukuhlaselwa,0,1,0,0,0,0
zulu_1_00147,Uxwayisa ontanga ozale wafihla usana,0,0,0,1,0,0
zulu_1_00148,Injabulo kowaMajita ngomphumela we-Afcon,0,0,0,0,0,3
zulu_1_00149,Ukhuza abenza iholidi ukuvalwa thaqa kwezwe,0,0,0,0,0,0
zulu_1_00150,Ukhubazekile owashaywa esikoleni,0,3,0,0,0,0
zulu_1_00151,Ubufakazi obushaqisayo ngokubulawa komfundisi,0,2,0,3,0,0
zulu_1_00152,Ucikwa abamgxeka ngokuncelisa ibele uLinda,2,0,0,0,0,0
zulu_1_00153,USemenya uhlukene nomqeqeshi wakhe,0,0,0,1,0,0
zulu_1_00154,Intaba yaseDubai ithakasela ushintsho empilweni,0,0,0,0,0,2
zulu_1_00155,IMeya yeTheku ivela enkantolo ngamacala enkohlakalo,0,0,2,0,0,0
zulu_1_00156,Bamshisa ngabilayo bamshayela ngesipikili,0,3,0,0,0,0
zulu_1_00157,Ujabulela ukushintsha kwempilo obenenkinga yokukhuluphala,0,0,0,0,0,2
zulu_1_00158,Umfundisi ecaleni lokudlwengula umshana (12),0,2,0,2,0,0
zulu_1_00159,Ababenandisa bakhala ngokungakhokhelwa,0,2,0,0,0,0
zulu_1_00160,Uvalo kunqunywa abanye ethempelini lama-Muslim,0,2,0,0,3,0
zulu_1_00161,UJub Jub ubahlalise lubhojozi abaseThekwini,0,0,0,0,0,0
zulu_1_00162,Bakhungathekile owesifazane ebulawa yizinswelaboya phambi komndeni,0,3,0,0,2,0
zulu_1_00163,Isidumo kudutshulwa 'umalume' obelayishe abafundi eMlaza,0,3,0,0,0,0
zulu_1_00164,Ezothando: Ngikhuleliswe wumfowabo wesoka lami ngephutha,0,0,0,2,0,0
zulu_1_00165,Isimangalo kusatshiswa uNgizwe nomkakhe,0,0,0,3,1,0
zulu_1_00166,Baphelelwa yithemba ngoduke eyoqala emsebenzini,0,2,0,0,0,0
zulu_1_00167,Babhikishe ngezinqe befuna ukuqashwa,2,0,1,1,0,0
zulu_1_00168,Ushonele esibhedlela olinyazwe yisoka,0,3,0,0,0,0
zulu_1_00169,Athwele kanzima amaphoyisa bakwethu,0,0,0,0,0,0
zulu_1_00170,Ugesi usazoqhubeka nokunqanyulwa: Eskom,0,0,0,0,0,0
zulu_1_00171,Sekufe izingane ezingu-10 ngokudlala isitabane,0,3,0,0,0,0
zulu_1_00172,UMampintsha usolwa ngokugweva nemali,0,0,0,2,0,0
zulu_1_00173,Bathole ibheyili abasolwa ngokukhwabanisa uR1.4 million kwaNSFAS,0,0,0,2,0,0
zulu_1_00174,Kubhedile endodeni etholwe nekhanda neminwe yowabulawa,0,0,2,0,0,0
zulu_1_00175,Abawu-22 000 bangase baphelelwe wumsebenzi e-Edcon,0,2,0,1,0,0
zulu_1_00176,Akakatholakali umshayeli weloli lesiphihli sengozi,0,2,0,0,0,0
zulu_1_00177,Kuboshwe indodana kubulawa isalukazi (73),0,1,0,0,0,0
zulu_1_00178,Sebelala obenyoni abasinde “amaphoyisa” engqongqisa izimoto,0,0,0,0,3,0
zulu_1_00179,Uboshiwe esenyangeni okuthiwa washisa unina wezingane zakhe,0,2,0,2,0,0
zulu_1_00180,Usalila obanjwe inkunzi nguscabha etekisini,0,2,0,0,0,0
zulu_1_00181,Abazalanayo bafunwa ngamacala okubulala abesifazane ababili,0,0,0,2,0,0
zulu_1_00182,Usazoqhinqa ejele umfundisi wabasindisiwe osolwa ngokudlwengula,0,0,0,1,0,0
zulu_1_00183,Imeya ingibambe ngamawashingi yangishaya',2,1,0,0,2,0
zulu_1_00184,Kushiswe ihhovisi lekhansela elisolwa ngenkohlakalo,3,2,0,0,0,0
zulu_1_00185,Kuboshwe abashise ihholo bebhikishela amanzi,2,2,0,0,0,0
zulu_1_00186,Babalelwa ku-1200 abazolahlekelwa umsebenzi kwaStandard Bank,0,2,0,1,0,0
zulu_1_00187,Uboshiwe osolwa ngokulala ngenkani nowayeyintombi yakhe,0,0,2,0,0,0
zulu_1_00188,Uchaza kabanzi ngeziboshwa eziwu-19 000 ezizodedelwa emajele akuleli ngenxa yeCovid-19,0,0,0,0,0,0
zulu_1_00189,Kushone ona-13 izingane zishayiswa amaginsa,0,3,0,0,0,0
zulu_1_00190,Kuboshwe inyanga esolwa ngokudlwengula,0,0,0,2,0,0
zulu_1_00191,Uklajwe wumakhelwane emsola ngokuloya,2,2,0,0,0,0
zulu_1_00192,Usongela abafafaza eyokuthwala uMseleku,2,0,0,0,0,0
zulu_1_00193,Kushiswe isonto umfundisi enqaba ukukhokha imali,3,0,0,0,0,0
zulu_1_00194,Umculo uyangiphilisa',0,0,0,0,0,1
zulu_1_00195,Umunyu kukhonjwa 13 wabashonile,0,3,0,0,0,0
zulu_1_00196,Kuboshwe obedayisela ‘inyanga’ izitho zomuntu ngoR40 000,0,0,0,3,0,0
zulu_1_00197,Kulimale ababili kusha umjondolo,0,3,0,0,0,0
zulu_1_00198,Uboshiwe owesilisa odlwengule isidumbu,2,0,3,0,0,0
zulu_1_00199,Kushone abathathu engozini yetekisi KwaZulu-Natal,0,2,0,0,0,0
zulu_1_00200,Usazincoma osolwa ngokubulala iFree State,0,0,0,0,0,1
zulu_1_00201,Isitshudeni sesiduke izinyanga ezintathu,0,3,0,0,0,0
zulu_1_00202,Umndeni wowaduka ethaveni udidekile,0,2,0,0,0,0
zulu_1_00203,Siyenyuka isibalo sabaneCovid-19 kuleli,0,1,0,0,0,0
zulu_1_00204,Buka: Ishaqe odokotela ingane ezalwe namakhanda amathathu,0,0,0,3,0,0
zulu_1_00205,Sisendawonye nomkami kodwa asisathandani : Andile Jali,0,0,0,2,0,0
zulu_1_00206,Umfana oneminyaka ewu-11 ungomunye wababoshelwe ukudlwengula,2,0,2,2,0,0
zulu_1_00207,UBaxter ufuna ukungcweka nezinkunzi,0,0,0,0,0,0
zulu_1_00208,Umsindo kugwazwa umfundi esikoleni,2,2,0,0,2,0
zulu_1_00209,Sekumi ngomumo ngemicimbi yempelasonto,0,0,0,0,0,0
zulu_1_00210,UMatlou  uqine idolo ngeBanyana,0,0,0,0,0,0
zulu_1_00211,Ligwazwe lashona iphoyisa lezobunhloli,0,3,0,2,0,0
zulu_1_00212,Uyabalisa unina wethwasa eliminze nogobela obelithwasisa,0,2,0,0,0,0
zulu_1_00213,Kushubile ubabezala ejola nomakoti,0,0,2,1,0,0
zulu_1_00214,Ushonile obelethe ethoyilethi esibhedlela,0,3,0,0,0,0
zulu_1_00215,Bashaqekile ngengane eshaywe wumbani,0,0,0,3,0,0
zulu_1_00216,Ufisa umphumela ubuyise umdlandla,0,0,0,0,0,0
zulu_1_00217,Wethuka izanya umndeni wentombazane (14) ebulewe,0,2,0,2,0,0
zulu_1_00218,Kusolwa umbango wokuwasha izitsha ngengane ezilengisile,0,0,0,3,0,0
zulu_1_00219,Uvalo ngeButterworth kusha izakhiwo eThekwini,0,0,0,0,3,0
zulu_1_00220,Basola ukubulawa kuthisha otholwe elenga,0,2,0,2,0,0
zulu_1_00221,Kusazoba wumqansa kosomabhizinisi abasafufusa,0,0,0,0,0,0
zulu_1_00222,Baxwayisa abavubela imfulamfula emakhaya,0,0,0,0,0,0
zulu_1_00223,Basabisa ngokuduba iziguli,0,2,0,0,0,0
zulu_1_00224,Umsakazi uquleke waphaphama esibhedlela,0,1,0,0,0,0
zulu_1_00225,Owase-UKZN uyomela iBanyana eFrance,0,0,0,0,0,2
zulu_1_00226,Kusakhokhelwe abantu abayishumi kuphela isibonelelo sikaR350,0,0,0,0,0,0
zulu_1_00227,Basola inkohlakalo ekuthengweni kwezinsiza zokulwa neCoronavirus,0,0,0,0,0,0
zulu_1_00228,Ufuna kuphenywe kufa abayisithupha engozini,0,2,0,0,0,0
zulu_1_00229,Kwebiwe usana lunezinsuku ezintathu,0,2,0,1,0,0
zulu_1_00230,Uzofaka isicelo sebheyili osolwa ngokudlwengula,0,0,0,0,0,0
zulu_1_00231,URolene udle umhlanganiso ebangu-Miss World,0,0,0,0,0,3
zulu_1_00232,Abaneme ngokungaqokwa kukaMakhadzi kumaSAMA,0,0,0,0,0,0
zulu_1_00233,Isimanga sesikole esinothisha ababili,0,0,0,2,0,0
zulu_1_00234,Ukunyuka kweVAT kuzothikameza abanezikweletu,0,0,0,0,0,0
zulu_1_00235,Iyavuthwa eyokudliwa komhlaba ngaphandle kwesinxephezelo,0,0,0,0,0,0
zulu_1_00236,Kushaywe abasolwa ngokugqekeza,3,0,0,0,0,0
zulu_1_00237,Usengumdlali weSundowns uJeremy Brockie,0,0,0,1,0,0
zulu_1_00238,Kuthiwa bekubangwa iselula kufa isalukazi,0,2,0,0,0,0
zulu_1_00239,Kushone abathathu iloli ingena endlini,0,3,0,0,0,0
zulu_1_00240,Kufunwa isangoma ngokufa kwenyanga,0,0,0,0,0,0
zulu_1_00241,Umsindo ngengoma ehlukanisa unyaka,1,0,0,0,0,0
zulu_1_00242,Udlwengulwe abawu-7 izinsuku ezinhlanu,0,2,0,0,0,0
zulu_1_00243,Osebenza ezingadini uyogijima e-UK,0,0,0,0,0,0
zulu_1_00244,Uzolapha ngengoma abahlaselwe yizifo zengqondo,0,0,0,0,0,0
zulu_1_00245,Uyakhala uPitso ngoMakgalwa olinyazwe ngesihluku,0,2,0,0,0,0
zulu_1_00246,IZITHOMBE: Sibhubhisile isiphepho eMpolweni,0,3,0,0,0,0
zulu_1_00247,‘Abahoxe abathinteka enkohlakalweni’,0,0,0,0,0,0
zulu_1_00248,Sekushone omunye umdlali welePSL,0,2,0,0,0,0
zulu_1_00249,UJordaan nokunethezeka okuyingozi ngeBafana,0,0,0,0,0,0
zulu_1_00250,Uqothe ngenhlamvu abomndeni (6) ebasola ngokuloya,0,3,0,0,0,0
zulu_1_00251,Kunconywa ovumbululwe yiNedbank,0,0,0,0,0,2
zulu_1_00252,Ungqokloze abaphathi bakhe ngenhlamvu,0,0,0,2,0,0
zulu_1_00253,Baphakamise ifulegi lakuleli kowama-Oscar,0,0,0,0,0,2
zulu_1_00254,I- Eskom incoma omasipala ngokukhokha izikweletu,0,0,0,0,0,0
zulu_1_00255,Zihamba ngolayini' izinto kuLady Du,0,0,0,0,0,1
zulu_1_00256,Ukhale ngokusatshiswa osule oKhozini,0,0,0,0,2,0
zulu_1_00257,Basongela imeya ngokuyiyisa kwagoqanyawo,2,0,0,0,0,0
zulu_1_00258,Banovalo KwaNongoma ngebhubesi elicanasayo,0,0,0,0,3,0
zulu_1_00259,Uboshiwe obhikishe efake iphenti,0,0,1,2,0,0
zulu_1_00260,Kuzoba nokukhala nokugedla kwamazinyo eKZN ngeMotsepe League,0,0,0,0,0,0
zulu_1_00261,URamaphosa uwudoti - Julius Malema,2,0,0,0,0,0
zulu_1_00262,OwoSuthu ubona kusazoshuba kwiligi,0,0,0,0,0,0
zulu_1_00263,Ungene ehlazweni obanjwe oqotsheni ekhwelele ikati,0,0,2,0,0,0
zulu_1_00264,Uboshwe namakhadi akwa-Sassa awu-70,0,0,0,1,0,0
zulu_1_00265,Isidumbu sowesifazane obedukile,0,3,0,0,0,0
zulu_1_00266,Owe-AfriForum ukhiphe incwadi ethi Kill the Boer,0,0,0,1,0,0
zulu_1_00267,Umfundisi ecaleni lokudlwengula indodakazi,0,0,0,2,0,0
zulu_1_00268,Uvalo kutitinywa abakamasipala,0,0,0,0,2,0
zulu_1_00269,‘Abesifazane baphuza ngendlela ethusayo’,0,0,0,0,0,0
zulu_1_00270,Abama-80s abahlukane nokutinyela ama-2000,1,0,0,0,0,0
zulu_1_00271,Kumshubele umfana (9) osolwa ngokubulala umndeni,0,0,0,2,0,0
zulu_1_00272,Ubhaxabule abalamu ezolanda ilobolo ekhweni,0,0,0,0,0,0
zulu_1_00273,Kuboshwe umphrofethi 'oqole' uthisha uR319 000,0,0,0,2,0,0
zulu_1_00274,Uvalo kowabhidlikelwa yindlu,0,0,0,0,2,0
zulu_1_00275,Bafuna ajeze obulale owaseBurundi,2,0,0,0,0,0
zulu_1_00276,Ligwetshwe udilikajele iphoyisa elabulala intombi,0,0,0,2,0,0
zulu_1_00277,Isihluku kubulawa intombazane ena-14 eHammarsdale,0,3,0,0,0,0
zulu_1_00278,Usabisa ngokuhlasela umndeni 'obulale' unina wezingane ngokumshisa ngophethroli,0,3,0,1,3,0
zulu_1_00279,Bangcwabe ingane ngaphandle kwebhokisi,0,0,0,2,0,0
zulu_1_00280,Amabandla angayikhokhi intela azobona,0,0,0,0,0,0
zulu_1_00281,Kubanjwe ‘inkabi’ esolwa ngokusoconga embonini,0,0,0,1,0,0
zulu_1_00282,Kufunwa ababulale owesifazane bemphanga eMlaza,0,2,0,0,0,0
zulu_1_00283,Uvalo ngokuqedwa kwesabelo seNdlunkulu,0,0,0,0,2,0
zulu_1_00284,UMampitsha uvulele uBabes icala lokushaya,0,0,0,1,0,0
zulu_1_00285,Kuphazamiseke ukufunda befica ithuna ekilasini,0,0,0,3,0,0
zulu_1_00286,Kutholwe isidumbu sowesifazane ngaphansi kombhede womfawobo,0,2,0,2,0,0
zulu_1_00287,Kusolwa uyise wengane etholakale ibulewe ngocwazi,0,3,0,0,0,0
zulu_1_00288,Uhlonishwe ngeziqu umbhali uZakes Mda,0,0,0,0,0,0
zulu_1_00289,Uphume ngebheyili umshumayeli osolwa ngokudlwengula umshana,0,0,2,2,0,0
zulu_1_00290,Isoka lisongele intombi yalo kwasha izakhiwo,0,0,0,2,0,0
zulu_1_00291,Owokufika ubhunyelwe ngophethroli ebulawa,2,3,0,0,0,0
zulu_1_00292,Injabulo umndeni uhlanganiswa nelungu lawo elahamba ekhaya ngo-1969,0,0,0,0,0,3
zulu_1_00293,Uziphonse edamini washona ‘ebalekela’ ukuboshwa ngamaphoyisa,0,2,0,0,0,0
zulu_1_00294,Bayazibongela abamele iKZN kuma-Idols SA,0,0,0,0,0,2
zulu_1_00295,Abazali bakhala ngothisha ochapha abafundi ngenhlamba,2,0,0,0,0,0
zulu_1_00296,Kusaphenywa obulele indodana yemeya eMnambithi,0,2,0,0,0,0
zulu_1_00297,Ibuyele kunina ingane ebithunjiwe,0,0,0,0,0,2
zulu_1_00298,UPrince Kaybee ugxeka abahlekisa ngoZodwa Wabantu,0,0,0,0,0,0
zulu_1_00299,Isexwayiso kubefundisi ngokuminza kwamakholwa,0,2,0,0,0,0
zulu_1_00300,Uthuka izanya owoMuvhango oshaywe esitolo,0,2,0,0,2,0
zulu_1_00301,Obambe uR51 million wePowerBall uzofundela ukuba wusonhlalakahle,0,0,0,2,0,0
zulu_1_00302,Usethelekile umculi waphesheya uTamia,0,0,0,0,0,0
zulu_1_00303,Iphoyisa lidubule labulala ababili enkantolo kweledivosi,0,2,0,3,0,0
zulu_1_00304,UBathabile Dlamini ujabulela ukubuyela kuhulumeni,0,0,0,0,0,2
zulu_1_00305,Kubulawe ngesihluku uthisha obesemncane,0,3,0,0,0,0
zulu_1_00306,Kusuke esinamathambo kubangwa umzila,2,0,0,0,0,0
zulu_1_00307,Omasipala baseKZN baxhaphaza imali,0,0,1,0,0,0
zulu_1_00308,Phambili ngoMdali: Ramaphosa,0,0,0,0,0,0
zulu_1_00309,Umaskanda odume ngokuswenka 'akazondli' izingane zakhe,0,0,0,2,0,0
zulu_1_00310,Alikho ivoti eliya kuKhongolose umhlaba ungakabuyiswa',1,0,0,0,0,0
zulu_1_00311,Othisha bancintisana ngokulala nabafundi,0,0,2,0,0,0
zulu_1_00312,INTATHELI ibonga kwabayisekayo,0,0,0,0,0,1
zulu_1_00313,Bakhala ngokudilizelwa izindlu eKlaarwater,0,2,0,0,0,0
zulu_1_00314,Kuboshwe okuthiwa ubulele usana eqeda kuluzala,0,2,0,2,0,0
zulu_1_00315,Baboshiwe abathenge usana ngo-R5 000,0,0,2,0,0,0
zulu_1_00316,Baxakekile abazali othisha beshemula abafundi benkolo yobuNazaretha,2,0,0,0,0,0
zulu_1_00317,Kunzima kothisha bomfundi onqunyiwe,0,3,0,0,0,0
zulu_1_00318,U-Touch ungigeze ubebebe kumaMetro,0,0,0,0,0,2
zulu_1_00319,Kuboshwe abasolwa ngenkohlakalo e-Eskom,0,0,0,0,0,0
zulu_1_00320,Uyaphika ukuthi waqola abazalwane,0,0,0,1,0,0
zulu_1_00321,‘Ngijabule ngokusebenzela iGagasi FM’,0,0,0,0,0,2
zulu_1_00322,UZuma uzwakalise ukungenami ngakubiza ngokuchema kukaZondo,1,0,0,0,0,0
zulu_1_00323,Kungenzeka ugqunywe ejele ngokungasifaki isifonyo,0,0,0,2,0,0
zulu_1_00324,Kuvalwe isikole kuhlaselwa othisha,1,1,0,0,2,0
zulu_1_00325,Ujabulela ukuba nabadlali anqobe nabo,0,0,0,0,0,2
zulu_1_00326,Uzinikele emaphoyiseni ‘onqume’ ingane,0,0,0,2,0,0
zulu_1_00327,Uchitha eyokuthenga amavoti,0,0,0,0,0,0
zulu_1_00328,Umfundaze oqanjwe ngoBra Hugh,0,0,0,0,0,0
zulu_1_00329,Bathathela osolwa ngokunukubeza ngokocansi izinyathelo,0,0,0,0,0,0
zulu_1_00330,OwoZalo ukhiphe ingoma yekwaito,0,0,0,0,0,0
zulu_1_00331,Inhlokomo kuhoxiswa amacala emeya,0,0,0,0,0,2
zulu_1_00332,Ligqunywe esitokisini iphoyisa elisolwa ngokubulala,0,2,0,2,0,0
zulu_1_00333,Ezimnandi kwehliswa i-repo rate,0,0,0,0,0,1
zulu_1_00334,Kuyanda ukuboshwa kwamaphoyisa ngawenkohlakalo,0,0,2,0,0,0
zulu_1_00335,Amaphoyisa asafuna owecala lokubulala ingane nonina,0,2,0,0,0,0
zulu_1_00336,Uvulelwe icala lokushaya owesifazane uBabes,0,2,0,2,0,0
zulu_1_00337,Iyashuba eyobukhosi bakwaMaphumulo,0,0,0,0,1,0
zulu_1_00338,Izigebengu ezifana noMathe zifanelwe isigwebo sentambo' - NFP,2,0,0,0,0,0
zulu_1_00339,Kufezeke iphupho kuToya Delazy esungula eleHip Hop lesibhuda,0,0,0,0,0,2
zulu_1_00340,Useyolingisa eHollywood uThuso Mbedu,0,0,0,2,0,0
zulu_1_00341,Kunconywe iKZN kuWorld Aids Day,0,0,0,0,0,0
zulu_1_00342,Umbhali woZalo usibukela phansi,0,0,0,0,0,0
zulu_1_00343,Ulibangisa phesheya uZahara osanda kwenekela izwe izinkinga,0,0,0,1,0,0
zulu_1_00344,Baxoshe uthishanhloko osolwa ngokudakwa,0,0,0,1,0,0
zulu_1_00345,Abamfuni esikhundleni osolwa ngokuba neziqu ezinogcobho,1,0,0,0,0,0
zulu_1_00346,Bakhungathekile ngoduke ehostela laKwaMashu,0,2,0,0,0,0
zulu_1_00347,OweMbewu ukhulelise uzakwabo,0,0,0,1,0,0
zulu_1_00348,Kubulawe abane besolwa ngokuloya,0,3,0,2,0,0
zulu_1_00349,UBerita ufaka inzuzo yakhe emkhankasweni,0,0,0,0,0,0
zulu_1_00350,Uzame ukuzibulala umqeqeshi wamanyala,0,1,0,2,0,0
zulu_1_00351,Kuminze abantu ngenxa yemvula eKZN,0,2,0,0,0,0
zulu_1_00352,Bafuna ubuyile umhlaba abawuphucwa ngobandlululo,2,0,0,0,0,0
zulu_1_00353,Osaziwayo abangafikanga emcimbini bacasule izihlwele,2,0,0,0,0,0
zulu_1_00354,Kuxoshwe othisha abayisikhombisa ngocansi nabafundi,0,0,2,1,0,0
zulu_1_00355,Bebefisa athole odilikajele ababili owadlokodla omunye ubuntu bakhe,2,0,0,0,0,0
zulu_1_00356,Babuyele emakhaya abafundi bengafiki othisha,0,0,0,0,0,0
zulu_1_00357,Kudutshulwe osolwa ekubulaweni kukaBobo,0,0,0,0,0,0
zulu_1_00358,[IMIBONO] Ngincoma okuhle okwenziwe uSomnandi kwiMpucuzeko,0,0,0,0,0,1
zulu_1_00359,UKhozi aluphumele obala ngengoma yonyaka,0,0,0,0,0,0
zulu_1_00360,Yize esacula kodwa usefisa ukusakaza,0,0,0,0,0,0
zulu_1_00361,Ngibone ukuthi ngidinga usizo ngiqeda ibhodlela lewayini ngingedwa' - Zahara,0,2,0,0,0,0
zulu_1_00362,IChiefs ikhiphe ibhadi inqoba ekhaya koweligi,0,0,0,0,0,1
zulu_1_00363,UCele akathi vu ngemibiko yakamuva ethinta uphenyo ngokubulawa kukaMeyiwa,0,0,0,0,0,0
zulu_1_00364,Owakuleli uzolingisa indawo ephambili efilimini,0,0,0,0,0,0
zulu_1_00365,OweBay ukhale ngobudedengu bedliwa,0,0,0,0,0,0
zulu_1_00366,Kuboshwe 'abantshontshe' amakhebuli kagesi,0,0,0,0,0,0
zulu_1_00367,UKhuzani uzobonakala eHostela eziqeshini ezintsha zalo mdlalo,0,0,0,0,0,0
zulu_1_00368,Kuphenywa umndeni ngosikwe amabele nekhwapha,0,3,2,0,2,0
zulu_1_00369,UMabuyakhulu ucele ukuhoxa kwabazojutshwa,0,0,0,0,0,0
zulu_1_00370,Injabulo kwamukelwa onesi abangu-300,0,0,0,0,0,2
zulu_1_00371,EZOTHANDO: Silungiselela ukushada kodwa angisaluthokozeli ucansi,0,0,0,0,0,0
zulu_1_00372,Akayifunanga ibheyili umfundisi (73) osolwa ngokubulala intombi nabazukulu bayo,0,0,0,2,0,0
zulu_1_00373,Ingwijikhwebu ngokumiswa kukaHelen Zille,0,0,0,0,0,0
zulu_1_00374,Kuphinde kwawa omunye umuthi omkhulu endimeni yezokulingisa,0,0,0,1,0,0
zulu_1_00375,Ujabulele ukubuya kukaMemela,0,0,0,0,0,2
zulu_1_00376,Onompempe bavaleleke ekuhambeni ngenxa yeCovid-19,0,1,0,0,0,0
zulu_1_00377,Kutholwe isidumbu somhlengikazi sesonakele,0,3,2,1,0,0
zulu_1_00378,Ixolisile i-ANC ithukwa ngabantu ezinkundleni,0,0,0,0,0,0
zulu_1_00379,Injabulo emacikweni kuhoxiswa amacala awo,0,0,0,0,0,2
zulu_1_00380,Wenyuswe yizinselelo udokotela,0,0,0,0,0,0
zulu_1_00381,Udlule ebunzimeni umethuli weNyan Nyan,0,1,0,0,0,0
zulu_1_00382,Isoka 'liklinye intombi layincisha umoya ngenkomishi' yashona,0,2,0,2,0,0
zulu_1_00383,Isitshudeni sitholwe sishonile embhedeni wesoka 'selibalekile',0,3,0,0,0,0
zulu_1_00384,UMngqithi noMokwena bazobambisana kwiDowns,0,0,0,0,0,0
zulu_1_00385,Bagxeka uhulumeni ngokungabanakekeli,1,0,0,0,0,0
zulu_1_00386,Akasathembi lutho ‘oshaywe’ amaphoyisa,0,1,0,0,1,0
zulu_1_00387,Isidumo kuvulelwa ngenhlamvu erenki,0,2,0,0,1,0
zulu_1_00388,IPirates icacisa ngekusasa likaHappy Jele oshikishayo,0,0,0,0,0,0
zulu_1_00389,USkhosana ufuna uWayde abuyise amangwevu,0,0,0,0,0,0
zulu_1_00390,Kubhedile kwabatholwe neyokwebiwa,0,0,0,0,0,0
zulu_1_00391,Uzovaleliswa ngengoma u-Akhumzi,0,0,0,0,0,0
zulu_1_00392,Akasalali osinde ngokulambisa edutshulwa 'yisihlobo',0,1,0,0,2,0
zulu_1_00393,Azifake obishini amasosha abheme emngcwabeni kaMlangeni,0,0,0,0,0,0
zulu_1_00394,Osaziwayo,0,0,0,0,0,0
zulu_1_00395,Unyaka ubunzima emaphoyiseni,0,2,0,0,0,0
zulu_1_00396,Babulawa ukucwila ezinkambeni zikaFaro abakuleli,0,0,0,0,0,0
zulu_1_00397,Ubelala egone incwadi oqede ena-15,0,0,0,2,0,0
zulu_1_00398,Ukhala ngokukhathazwa kukaLangerman kwiBafana,0,0,0,0,0,0
zulu_1_00399,Badube ukufundisa bethola umuthi,1,0,0,0,0,0
zulu_1_00400,Bancoma izintombi zoShikishi oKhozini,0,0,0,0,0,0
zulu_1_00401,UMphathi ukhulume okomuntu osevalelisa,0,0,0,0,0,0
zulu_1_00402,Indida ngesithombe sikaBabes Wodumo noMampintsha,0,0,0,0,0,0
zulu_1_00403,Ukhala ngabadayisa uZuma ngaphakathi kwi-ANC,0,0,0,0,0,0
zulu_1_00404,Indodakazi yesibili ibhoboke ngokudlwengulwa wuyise,0,2,0,0,0,0
zulu_1_00405,Ezempilo: Iyamphoxa owesilisa induku esheshe ikhafule,0,0,0,0,0,0
zulu_1_00406,Insephe yaMazulu ayibhukulele ijezi njengabanye,0,0,0,0,0,0
zulu_1_00407,Uvume elokuphihliza umnakwabo ngetshe,0,0,0,2,0,0
zulu_1_00408,Isinqumo esiphoqa ingcaca kwawezombusazwe,0,0,0,0,0,0
zulu_1_00409,Uzidonsele amanzi ngomsele u-Arthur kowe-ANC,0,0,0,0,0,0
zulu_1_00410,Bancoma isinqumo se-ANC ngoKaunda osomatekisi,0,0,0,0,0,1
zulu_1_00411,USox uzoxwayisa intsha ngezidakamizwa,0,0,0,0,0,0
zulu_1_00412,Umsindo ohlelweni ngomlingisi otabalasayo ozizamela udumo,1,0,0,0,0,0
zulu_1_00413,‘Abaqashi abafake izicelo zokuxhaswa’,0,0,0,0,0,0
zulu_1_00414,Kufunwa ingane (8) enyamalele,0,2,0,0,0,0
zulu_1_00415,UKhoza uziqhelelanisa namacala    awePSL,0,0,0,0,0,0
zulu_1_00416,UBongz wodumo ubesakhokhe amandla emculweni,0,0,0,0,0,0
zulu_1_00417,Bamashile befuna umasipala ubaqashe ngokugcwele,2,0,0,0,0,0
zulu_1_00418,Kugxekwe oshuthe eselibeni likaNcwane,0,0,0,0,0,0
zulu_1_00419,Ukhathazwa ngamagoli angena ngakubo,0,0,0,0,0,0
zulu_1_00420,Sitholwe yizinja isidumbu sentombazanyana ebinyamalele,0,2,0,0,0,0
zulu_1_00421,Akalibonga elidlalayo uBathabile Dlamini,0,0,0,0,0,0
zulu_1_00422,Ivuliwe iDUT emuva kwemibhikisho,0,0,0,0,0,0
zulu_1_00423,UMotsepe uchitha eyokulwa neMorocco,0,0,0,0,0,0
zulu_1_00424,Umgomo iJ&J ugunyazwe ngaphansi kwemibandela,0,0,0,0,0,0
zulu_1_00425,AbakwaTransnet  bahlabe iSilo umxhwele,0,0,0,0,0,2
zulu_1_00426,Baphila ngokwesaba abokufika eGoli,0,0,0,0,3,0
zulu_1_00427,AmaBhokobhoko aqhathwe ne-All Blacks,0,0,0,0,0,0
zulu_1_00428,UZuma usola izitha ngokushona kwendodana yakhe ngo-2018,0,1,0,0,0,0
zulu_1_00429,Kugwetshwe owabulala intombi wayiphonsa esimobeni,0,2,0,0,0,0
zulu_1_00430,Bachitha eyokuxabana kwezimeya ze-IFP,0,0,0,0,0,0
zulu_1_00431,Uzosukumela ‘eyemali yebhakede’ ematekisini,0,0,0,0,0,0
zulu_1_00432,Usinde kukubi owebhasi eshisiwe,0,1,0,0,0,0
zulu_1_00433,Sekuvele okusha ngokubulawa kukaSenzo Meyiwa,0,0,0,1,0,0
zulu_1_00434,Ukwehla kwentela kudalwa yinzuzo eyehlile yezinkampani,0,0,0,0,0,0
zulu_1_00435,USteenhuisen uncome imbangi enqoba esokuhola iDA,0,0,0,0,0,1
zulu_1_00436,Ziza kahle izinto koweSibaya oseqale emafilimini,0,0,0,0,0,1
zulu_1_00437,Awasebenzi amabhasi kaMasipala weTheku ngale mpelasonto,0,0,0,0,0,0
zulu_1_00438,IDA yenze izinguquko esiShayamthetho,0,0,0,0,0,0
zulu_1_00439,Zisavuliwe izitolo zabokufika kunothaqa,0,0,0,0,0,0
zulu_1_00440,[IMIBONO] Sizowenzani umhlaba sisahlulwa yilo omncane?,0,0,0,0,0,0
zulu_1_00441,‘Impi ngeke ixazulule olomhlaba’,0,0,0,0,0,0
zulu_1_00442,Kushone abathathu kwalimala abawu-8 kuginqika iveni,0,2,0,0,0,0
zulu_1_00443,Izinyembezi zenjabulo kuRamaphosa enqoba,0,0,0,0,0,3
zulu_1_00444,Ingababophisa ingoma oBabes noMampintsha,0,0,0,0,0,0
zulu_1_00445,Ugixabezwe odilikajele abane owabulala izingane (4),0,3,0,1,0,0
zulu_1_00446,Umqeqeshi uveze isu alisebenzisayo enqoba oweligi,0,0,0,0,0,0
zulu_1_00447,Incazelo ngokumele bayise imininingwane kwaSars,0,0,0,0,0,0
zulu_1_00448,ISharks izinuka amakhwapha ngokuhlulwa kulandelana,0,0,0,0,0,0
zulu_1_00449,IBhange loMbuso litakula abadlelwe imali yiVBS,0,0,0,0,0,0
zulu_1_00450,Odilika kowadlwengula esontweni,0,0,0,1,0,0
zulu_1_00451,Ziyezwakala izikhalo zeMKMVA',0,0,0,0,0,0
zulu_1_00452,Asashoda amabhasi athutha abafundi eKZN,0,0,0,0,0,0
zulu_1_00453,Kusolwa uJomo ngokuzicabangela yena,0,0,0,0,0,0
zulu_1_00454,Lubuya ngoJanuwari uhlelo olwaba ngundabamlonyeni,0,0,0,0,0,0
zulu_1_00455,Ithembisa okwehlukile iJoyous 23,0,0,0,0,0,0
zulu_1_00456,Indoda ishaywe yafa kade ihlaselwe wumphakathi,0,3,0,0,0,0
zulu_1_00457,UNkosi ufuna ukuyenza eyakhe indawo ayidlalayo,0,0,0,0,0,0
zulu_1_00458,Owayeyinhloli wethule incwadi,0,0,0,0,0,0
zulu_1_00459,I-Pirates icacise ngabadlali abahambayo,0,0,0,0,0,0
zulu_1_00460,Ukhiphe ingoma angenavalo ngayo ongenise ngomculo we-Afro Soul,0,0,0,0,0,0
zulu_1_00461,UFrosler ufuna baqale umgqigqo omusha kulandela ukushaya iPirates,0,0,0,0,0,0
zulu_1_00462,Abazenza amaphoyisa bahilizisane nenyanga epulazini bayidubula yafa,2,0,0,0,0,0
zulu_1_00463,Insada yamathuba omsebenzi ohlelweni lokwakha eRBIDZ,0,0,0,0,0,0
zulu_1_00464,Ujatshulelwe ethula imikhiqizo yakhe yokuziphaqula,0,0,0,0,0,3
zulu_1_00465,Bahleli lubhojozi ngokubulawa kwabomndeni belandelana,0,2,0,0,3,0
zulu_1_00466,Ufaka umasipala enkantolo odilizelwe isitolo,2,0,0,0,0,0
zulu_1_00467,UBaxter akazihluphi ngamahlebezi asesabalele,0,0,0,0,0,0
zulu_1_00468,URamaphosa ubonge igalelo labezindaba ngokubika ngeCovid-19,0,0,0,0,0,0
zulu_1_00469,BUKA: UKhune nabangani ‘ebuhlabile’ kwivideo,0,0,0,0,0,0
zulu_1_00470,Ubalisa ngokuba umantuntanendishi,0,1,0,0,0,0
zulu_1_00471,‘Abukho ubulungiswa ecaleni likamshayeli weloli elabulala abantu’,0,2,0,0,0,0
zulu_1_00472,Isakhulunyelwa phansi eyobengunozinti wePirates,0,0,0,0,0,0
zulu_1_00473,IGagasi liyazikhulisela abasakazi balo,0,0,0,0,0,0
zulu_1_00474,I-Bucs iqhubekile nokulahla amaphuzu,0,0,0,0,0,0
zulu_1_00475,Usagqunywe esitokisini ’obulale’ abayisithupha bomndeni,0,2,0,2,0,0
zulu_1_00476,[IMIBONO] Nginemibuzo ngodaba lomhlaba,0,0,0,0,0,0
zulu_1_00477,Kuhlukene ukubona ngoZuma,0,0,0,0,0,0
zulu_1_00478,Kuningi okwenyusa izibalo zomsakazo,0,0,0,0,0,0
zulu_1_00479,Usaba ukushayeka kwebhola labesifazane,0,0,0,0,1,0
zulu_1_00480,Amaphara ayagoloza ukusuka esizindeni,0,0,0,0,0,0
zulu_1_00481,Ugcine ekhethe umculo umphaquli osemncane,0,0,0,0,0,0
zulu_1_00482,Bazohleka bodwa abasembonini yamatekisi njengoba  bezothola uxhaso,0,0,0,0,0,1
zulu_1_00483,USonia Mbele uvuma iphutha elimqhathe nabasebenzi bohlelo,0,0,0,0,0,0
zulu_1_00484,Akaphumeli obala ngokwamxosha kwiBucs,0,0,0,0,0,0
zulu_1_00485,IJobs Fund idale amathuba omsebenzi,0,0,0,0,0,2
zulu_1_00486,Bagxeka ukuhlaselwa kwethempeli,2,0,0,0,0,0
zulu_1_00487,Kumenele uninakhulu wabashe nendlu,0,3,0,0,0,0
zulu_1_00488,Uzokwethula iqembu elisha uPatricia De Lille,0,0,0,1,0,0
zulu_1_00489,Uboshiwe owesilisa (21) 'obezivikela' ngogebhezi lukanina owafihlwa ngo-2001,0,0,0,1,0,0
zulu_1_00490,Sekuphele isonto lonke enyamalele ekhaya,0,2,0,0,0,0
zulu_1_00491,Ingase ingasuswa imithetho eqinile kathaqa eThekwini,0,0,0,0,0,0
zulu_1_00492,Bakhala ngokuqalekiswa ngumashonisa obuye abasongele,0,0,0,0,2,0
zulu_1_00493,Abebefesile bashayelwe ukushuka insangu,0,0,0,0,0,0
zulu_1_00494,IPirates isayinise umgadli waseZambia,0,0,0,0,0,0
zulu_1_00495,Bathole amathambo abebedla umhlaba,0,0,0,2,0,0
zulu_1_00496,Bafuna kusukunyelwe udaba lwebandla elibanga ubuholi,0,0,0,0,0,0
zulu_1_00497,Kungakuhle uma Igcokama lingelula isandla kwabaswele,0,0,0,0,0,0
zulu_1_00498,I-Covid-19 yehlise isibalo sabantu abaya kodokotela,0,0,0,0,0,0
zulu_1_00499,Kuboshwe abasebenzi be-SAA ababanjwe nezidakamizwa zikaR45 million eChina,0,0,0,2,0,0
zulu_1_00500,Isililo isoka libulala umfundi maqede lachoma ngakho kuFacebook,0,3,0,3,0,0
zulu_2_00001,Ziyikha ngamafosholo imali eNingizimu Afrika izinkabi,0,0,0,0,0,0
zulu_2_00002,Badidekile kushona imantshi kwabambeka umshushisi,0,2,0,1,0,0
zulu_2_00003,Abe-ANC bacikwa yimeya esaba ‘otokoloshe’ emotweni,2,0,0,0,0,0
zulu_2_00004,OweNFP ushone engozini yemoto,0,2,0,0,0,0
zulu_2_00005,Mancane amathuba okuthi izingane zibulawe yiCovid-19,0,0,0,0,0,0
zulu_2_00006,Kusolwa izihlobo etholwa eweni efile eMzimkhulu,0,3,0,1,0,0
zulu_2_00007,UNgqongqoshe ufuna eyesibonelelo sezingane inyuke ngemuva kobhubhane,0,0,0,0,0,0
zulu_2_00008,Uxoshiwe umfundi obenukubeza abanye,0,2,2,2,0,0
zulu_2_00009,Idinga ubunono eyokuqoma komfelokazi,0,0,0,0,0,0
zulu_2_00010,"Baboshiwe bebanjwa nomfaniswano wamasosha, insangu noqhwasha",0,0,0,0,0,0
zulu_2_00011,Ubuyele ku-IFP umholi ophezulu weNFP,0,0,0,2,0,0
zulu_2_00012,I-IFP izobaxosha ababhacazayo,0,0,0,0,0,0
zulu_2_00013,OwePolokwane usefudukele kwiWits ezombophela zisuka,0,0,0,0,0,0
zulu_2_00014,Uchazwe njengomuntu onobubele uWatson,0,0,0,0,0,0
zulu_2_00015,Kumiswe umfundi 'oshaye' uthisha,0,0,0,1,0,0
zulu_2_00016,Balahla abelapha ngezicubu,0,0,0,0,0,0
zulu_2_00017,UKhuzani nesu lokusebenzisa abalandeli ukudayisa umculo,0,0,0,0,0,0
zulu_2_00018,URamaphosa uthembise ukuxhasa iWestern Cape ngoR20 billion,0,0,0,2,0,0
zulu_2_00019,Bahlela ukuvusa izindawo zasemakhaya,0,0,0,0,0,0
zulu_2_00020,UZuma angase aphoqwe ukuvela kwikhomishini kaZondo,0,0,0,0,0,0
zulu_2_00021,Akayingeni eyokuya emicimbini amenywa kuyona,0,0,0,0,0,0
zulu_2_00022,UDavid 'DD' Mabuza uzofungiswa kusasa njengelungu lephalamende,0,0,0,0,0,0
zulu_2_00023,Isimanga 'evuka' ekufeni ofihlwe ngempelasonto,0,0,0,3,0,0
zulu_2_00024,Ubuchwepheshe namathuba okwakha umnotho,0,0,0,0,0,0
zulu_2_00025,Kuboshwe ‘ababhede’ kufihlwa usomatekisi,0,0,0,0,0,0
zulu_2_00026,Bazizwa bengaphephile abokufika abadayisa eThekwini,0,0,0,0,2,0
zulu_2_00027,Akayizwa eyokufunwa ngamanye amaqembu,0,0,0,0,0,0
zulu_2_00028,UJordaan uphikise okwashiwo uBaxter,0,0,0,0,0,0
zulu_2_00029,I-Sassa ixwayisa ngabadunga umphakathi,0,0,0,0,0,0
zulu_2_00030,Owengoma iNanana uyibona ivala unyaka,0,0,0,0,0,0
zulu_2_00031,Ubona iligi ingadliwa noma yiliphi iqembu,0,0,0,0,0,0
zulu_2_00032,UNyazi lukhulekele ukuthula eKZN,0,0,0,0,0,0
zulu_2_00033,UR. Kelly nengoma engcofa abamsolayo,0,0,0,0,0,0
zulu_2_00034,I-FNB izokwandisa amagatsha ayo,0,0,0,0,0,0
zulu_2_00035,Kuboshwe-24 abasolwa ngokukhwabanisa amavoti - Cele,0,0,0,1,0,0
zulu_2_00036,Angase afihlwe kule mpelasonto uSugar Ray,0,0,0,0,0,0
zulu_2_00037,Isilungile inkinga kaDlamini noSuthu,0,0,0,0,0,0
zulu_2_00038,‘Kwakumele alawule imizwa yakhe kangcono uPitch Black’,0,0,0,0,0,0
zulu_2_00039,Sebelimba ubusuku igolide eHarding,0,0,0,2,0,0
zulu_2_00040,USimbine ujabule eshiya ingwazi,0,0,0,0,0,2
zulu_2_00041,UDavid Kau usezosebenzisana nenkampani yase-USA,0,0,0,0,0,0
zulu_2_00042,Zibukele umfundisi 'efonelwa' uNkulunkulu eshumayela,0,0,0,2,0,0
zulu_2_00043,Abesifazane bashicilele iBhayibheli labo,0,0,0,0,0,0
zulu_2_00044,Imininingwane eshaqisayo ngokubulawa kuka-Uyinene Mrwetyana,0,0,0,2,0,0
zulu_2_00045,Injabulo kuBooysen kuphela amacala,0,0,0,0,0,2
zulu_2_00046,UMagashule uthi ayithinteki indodana yakhe kwinkohlakalo ethinta ipulazi lakwaGupta,0,0,0,0,0,0
zulu_2_00047,Isitobha seRoyal Eagles sidalula okusenza singalibheki ipali,0,0,0,0,0,0
zulu_2_00048,ISilo sivale amabhayi anobuso baso,0,0,0,0,0,0
zulu_2_00049,UNgcobo ubhoboka ngobuhlungu abuzwayo ngesimo seChiefs,0,2,0,0,0,0
zulu_2_00050,Bazongeniswa mahhala abazohambela ifestivali kamaskandi,0,0,0,1,0,0
zulu_2_00051,Batholwe beminze emfuleniabangabangani,0,3,0,0,0,0
zulu_2_00052,Abakalutholi usizo abashelwa yindlu,0,3,0,0,0,0
zulu_2_00053,Bafuna akhishwe ejele uR-Kelly,0,0,2,0,0,0
zulu_2_00054,Sitholwe sesonakele isidumbu somfundi ka-matric obenyamalele,0,3,0,0,0,0
zulu_2_00055,I-Downs ivale igebe esicongweni,0,0,0,0,0,0
zulu_2_00056,Umholi we-ANC uvume ukuhlangana nabe-EFF kukhishwa uZuma,0,0,0,0,0,0
zulu_2_00057,Abathenwe abantu abadlwengulayo,3,0,2,0,0,0
zulu_2_00058,ICosas ifuna kuvalwe izikole ngenxa yokubhebhetheka kweCovid-19 kubafundi,0,0,0,0,2,0
zulu_2_00059,Usedlulile emhlabeni uMshoza,0,3,0,0,0,0
zulu_2_00060,Imashi kuqwashiswa ngezifo zengqondo,0,0,0,0,0,0
zulu_2_00061,Eminye imizamo yokuqhuba isibonelelo sabangasebenzi,0,0,0,0,0,0
zulu_2_00062,Ubezokwakhela amagidangoma uMjikijelwa,0,0,0,0,0,0
zulu_2_00063,UDhlomo uqinise idolo imindeni yabaminzile,0,2,0,0,0,0
zulu_2_00064,Imibuzo ngokungaboshwa kukaWatson,0,0,0,0,0,0
zulu_2_00065,Ufuna uR2m wesinxephezelo oshumpulwe ibele yisibhedlela,2,1,0,1,0,0
zulu_2_00066,Bashade kanyekanye abanobulili obufanayo,0,0,0,2,0,0
zulu_2_00067,ISilo sifuna uMaimane akhulume ePhalamende ngeyomhlaba,0,0,0,0,0,0
zulu_2_00068,Umsakazi woKhozi ubopha isikhungo semfundo,0,0,0,0,0,0
zulu_2_00069,Kwakhiwe isigungu esizobhekela izinkakha zebhola,0,0,0,0,0,2
zulu_2_00070,Bangeniswe esibhedlela abafundi (20) abadle ama-space muffin,0,2,0,0,0,0
zulu_2_00071,USbahle Mpisane engozini yemoto enyantisa igazi,0,3,0,0,0,0
zulu_2_00072,Bagxeka abacwiya izitho zabantu,2,0,2,0,0,0
zulu_2_00073,I-Sona engenabukhazikhazi kulo nyaka,0,0,0,0,0,0
zulu_2_00074,Kushiya inqwaba yabalingisi  kwiDurban Gen,0,0,0,1,0,0
zulu_2_00075,Ufele uR20 weCD engadlali owokufika,0,3,0,0,0,0
zulu_2_00076,Uhulumeni usebenzise uR51b budlabha,0,0,0,2,0,0
zulu_2_00077,UShabba usezogijima eqenjini laseTurkey,0,0,0,0,0,2
zulu_2_00078,Ugxeka abamgcona ngesici sakhe,0,1,2,0,0,0
zulu_2_00079,Banqatshelwe ibheyili abasolwa ngokubulala uMagaqa,2,0,0,0,0,0
zulu_2_00080,Kudutshulwe abasebenzi nezitshudeni eDUT,2,3,0,0,2,0
zulu_2_00081,Kuzovulwa indawo yamalayisensi eMtuba,0,0,0,0,0,0
zulu_2_00082,Ufe nesizukulwana besha nendlu,0,3,0,0,0,0
zulu_2_00083,Uthakasela ithuba lokulingisa kwi-Unmarried,0,0,0,0,0,2
zulu_2_00084,Siboshwe izandla nezinyawo isalukazi (80) sibulawela impesheni,2,2,0,0,0,0
zulu_2_00085,Kulimale abane engozini yemoto eMgungundlovu,0,3,0,0,0,0
zulu_2_00086,Bathembisene umshado uKhaya noMercutio,0,0,0,0,0,0
zulu_2_00087,Uvalo ngodlame lwamatekisi kukhala inganono,2,0,0,2,3,0
zulu_2_00088,UNdlazi nezeluleko ngabaqeqeshi abasebancane,0,0,0,0,0,0
zulu_2_00089,Umlingisi nothando oludlulele lomculo,0,0,0,0,0,0
zulu_2_00090,Imisebenzi engcupheni ngoshukela,0,0,0,0,0,0
zulu_2_00091,Ukhala ngenkohlakalo kumaSAMA umrepha,0,0,0,0,0,0
zulu_2_00092,Sekubenele abashiswa 'yisoka',2,3,0,0,0,0
zulu_2_00093,Sekunophenyo ngabashiswe besolwa ngobugebengu,0,0,0,0,0,0
zulu_2_00094,Kuphenywa ngosabise ukudlwengula ingane,0,2,2,0,0,0
zulu_2_00095,Kushone ingqalabutho eyayiyibambe noMandela emzabalazweni,0,3,0,0,0,0
zulu_2_00096,‘Basengozini abashiya isikole’,0,0,0,0,0,0
zulu_2_00097,UKhozi FM luphenya ngoMdonso,0,0,0,0,0,0
zulu_2_00098,Izinguquko emaphoyiseni aqapha imibhikisho,0,0,0,0,0,0
zulu_2_00099,Uhlose ukubhala incwadi ngomlando wobuciko,0,0,0,0,0,0
zulu_2_00100,Bahlomulile ngenxa yeComrades,0,0,0,0,0,0
zulu_2_00101,UBaxter usolwa ngetiye kubadlali belesizwe,0,0,0,0,0,0
zulu_2_00102,Uthisha usinde egwazwa ngumfundi obefeyilile,2,2,0,0,1,0
zulu_2_00103,Akukacaci ngesixazululo e-UKZN emva kokubhikisha,0,0,0,0,0,0
zulu_2_00104,Ugwetshiwe owadlwengula umshana elele,2,2,2,0,0,0
zulu_2_00105,Baxoshiwe emsebenzini benqaba ukufuna inyoka,0,2,0,0,0,0
zulu_2_00106,Isashubile eyabashayeli bamaloli bakuleli nabokufika,0,0,0,0,0,0
zulu_2_00107,Kuvalwe izikole kudutshulwa othisha,2,2,0,0,2,0
zulu_2_00108,Indida ngokubulawa kobethanda imicimbi,2,2,0,0,1,0
zulu_2_00109,Abafuni anikwe ibheyili ona-30,0,0,0,0,0,0
zulu_2_00110,Usacanasa 'owabulala' ngesihluku,2,2,0,0,0,0
zulu_2_00111,Izinkinga zocansi zidala udlame,0,0,0,0,0,0
zulu_2_00112,Makabhekane notwayi lwakhe uMagashule,0,0,0,0,0,0
zulu_2_00113,ISharks izakhele umsebenzi ibhaxabulwa,0,0,0,0,0,0
zulu_2_00114,Kunzima bebona indodakazi ibulawa umyeni,2,3,0,0,0,0
zulu_2_00115,UMantashe uphika eyokugwazela izintatheli ukuvimba udaba ngocansi nesitshudeni,0,0,2,1,0,0
zulu_2_00116,UMbappe uphendule i-Argentina ompushana,0,0,0,0,0,0
zulu_2_00117,Ufuna ijeze indodakazi esolwa ngokuzibelethisa ethoyilethi,0,0,0,0,0,0
zulu_2_00118,Aphelele kubo amakhaza beshelwa yimijondolo yabo,0,3,0,0,0,0
zulu_2_00119,Imibuzo ngesimo somlingisi ogulayo,0,2,0,0,0,0
zulu_2_00120,Umisiwe uthisha 'ogila' imikhuba,1,0,0,0,0,0
zulu_2_00121,Ugwetshiwe owashayisa isithandwa ngemoto safa,0,3,0,0,0,0
zulu_2_00122,Amaphoyisa kwelokukhwabanisa,1,0,2,1,0,0
zulu_2_00123,Lisenkantolo elabashayelwa ubutabane entabeni iKhenani,0,1,0,0,0,0
zulu_2_00124,Wale waphetha ukushutha nozakwabo,0,0,0,1,0,0
zulu_2_00125,Utholwe eseshonile onyamalale nosana,0,3,0,0,0,0
zulu_2_00126,Akakholwa wukuthi uyaphila owabhokodwa amanxeba angu 14,0,2,0,0,0,0
zulu_2_00127,Kufunwa abebelayishe inyama 'yokwebiwa',2,0,0,0,0,0
zulu_2_00128,Ukhale ngokushisa washona eqeda umzuliswano wocansi nomfelokazi,0,3,0,2,0,0
zulu_2_00129,Badinda isililo abashaywe yingidi emahhovisi ebhanoyi,0,3,0,0,0,0
zulu_2_00130,Uswele umgodi wokucasha uNala kuphahlazeka ‘ibhanoyi’,2,0,0,0,0,0
zulu_2_00131,I-NFP ibhekene nesikweletu sezigidi,0,0,0,1,0,0
zulu_2_00132,Sekusuke umbango ngesiteshi somsakazo,2,0,0,0,0,0
zulu_2_00133,Sebengaphezu kuka-230 000 ababoshelwe ukuphula imithetho kathaqa,0,0,0,2,0,0
zulu_2_00134,Kuvalwe izitolo ezidayisa ukudla okubolile,2,0,1,0,0,0
zulu_2_00135,Kuboshwe izivakashi ebezintweza emabhishi,0,0,0,0,0,0
zulu_2_00136,Bakhathazekile kuhlehliswa icala abalandeli bowayeyimeya,0,1,0,0,0,0
zulu_2_00137,Ingwevu ilaxaze i-ANC yayojoyina abeNkatha,0,0,0,2,0,0
zulu_2_00138,IDikwena ingaseithole ikhaya elisha,0,0,0,0,0,2
zulu_2_00139,Sekubulawe izingulube eziwu-1.7m ngenxa yomkhuhlane,1,0,0,2,2,0
zulu_2_00140,Kuboshwe isoka kufa intombi eyiphoyisa,0,3,0,0,0,0
zulu_2_00141,Uzochitha impelasonto ejele 'ohubhuze amanga' ezweni,0,0,0,0,0,0
zulu_2_00142,Kuboshwe nomphathi wabaphenyi kwelokubulala,2,0,0,1,0,0
zulu_2_00143,Umasipala uxovekile sidinga usizo lwamasosha' - Zandile Gumede,0,0,0,0,2,0
zulu_2_00144,Kufunwa umyeni ngokufa kwenkosikazi yakhe egwaziwe,0,2,0,0,0,0
zulu_2_00145,U-Onyango ubambezele iDowns egwaza ekhaya,0,0,0,0,0,0
zulu_2_00146,Owekwaito usobishini eshaya owesifazane,0,0,1,0,0,0
zulu_2_00147,I-ANCWL icela kungenelele umphakathi ngokuhlukunyezwa kwabesifazane,2,0,0,0,1,0
zulu_2_00148,Abayizwa eyokubulawa kukaMndeni abeHostela,2,0,0,0,0,0
zulu_2_00149,Umphakathi ubhekene nengwadla yamanzi,2,2,0,0,0,0
zulu_2_00150,Basancike komakhelwane abashelwe yimijondolo,0,3,0,0,0,0
zulu_2_00151,Akuvumelekile ukumba nokugcina idayimane ngaphandle kwemvume kuleli,0,0,0,0,0,0
zulu_2_00152,Akakakholwa onqobe iLotto kabili ngesonto elilodwa,0,0,0,2,0,2
zulu_2_00153,Kudutshulwe obephelezela ungqongqoshe eMlaza,0,3,0,0,2,0
zulu_2_00154,Kusekude ukuthola umgomo weCoronavirus,0,0,0,0,0,0
zulu_2_00155,USterling ufuna adlelwe amaphuzu amaqembu anabalandeli abacwasayo,0,0,0,0,0,0
zulu_2_00156,Isexwayiso ngemvula nokubhukuda olwandle,0,0,0,0,0,0
zulu_2_00157,Umama uvikele umndeni wakhe elwa nezigebengu,0,0,0,0,0,0
zulu_2_00158,Kusize amaphoyisa befuna ukubhaliswa ngo’dli’ ekolishi,0,0,0,0,0,0
zulu_2_00159,OwoKhozi akasabhekani nabasemzini,0,0,0,0,0,0
zulu_2_00160,Lihlehlele uDisemba 13 ‘elowaqoba’ umshana,0,2,0,0,0,0
zulu_2_00161,Kushayisa amakhala ukuthunjwa kowasePrasa,0,0,0,2,0,0
zulu_2_00162,Ikhansela ecaleni lokuzama ukubulala,2,0,0,0,1,0
zulu_2_00163,I-Eskom ivuma eyophenyo lomvikeli,0,0,0,0,0,0
zulu_2_00164,Usizi ngesimo somndeni osuhlale ehlathini iminyaka,0,3,0,0,0,0
zulu_2_00165,Bagonyuluke ngokuhlukunyezwa,0,2,0,0,0,0
zulu_2_00166,Uyethukela owesifazane (76) odlwenguliwe,0,3,1,0,0,0
zulu_2_00167,Amademeshe kaR340m emaphoyiseni,0,0,0,0,0,0
zulu_2_00168,Abafuni ukuqagela ngokubulawa kommeli,2,0,0,0,0,0
zulu_2_00169,Kumiswe ungqongqoshe osolwa ngokuqamba amanga ngeziqu,0,0,2,0,0,0
zulu_2_00170,Uvalo ngezinkabi ezicutha ngasemafemini eMnambithi,0,0,0,0,3,0
zulu_2_00171,UMnyango wezeMfundo uzophenya ngezifonyo &quot;ezingombombayi&quot; ezithunyelwa ezikoleni,1,0,0,0,0,0
zulu_2_00172,Banqunyelwe ugwayi katiki abasebenzi,2,0,0,0,0,0
zulu_2_00173,‘Udlwengulwe’ umfundisi nabangani bakhe,2,1,2,0,0,0
zulu_2_00174,Ubengafuni ukubuyela ekhaya obulawe yisoka eThornwood,2,3,0,0,0,0
zulu_2_00175,Bazofaka izifonyo ezikhumulweni ngeCoronavirus,0,0,0,0,0,0
zulu_2_00176,Kubulawe iphoyisa libizelwe ingxabano yasekhaya,1,3,0,0,0,0
zulu_2_00177,Kungenele uhulumeni odlameni lwaseNquthu naseMahlabathini,0,0,0,0,0,0
zulu_2_00178,Isathukile imindeni yamadoda aqothwe ebuka ibhola,0,3,0,0,2,0
zulu_2_00179,Kuboshwe izihlobo ngabagencwe babulawa,2,2,0,0,0,0
zulu_2_00180,Isekubhaceni imenenja kaMjek'jelwa ngezinsongo zokubulawa,0,0,1,0,0,0
zulu_2_00181,Kufe usomatekisi nomsebenzi kuhlaselwa eCar Wash KwaMashu,0,3,0,0,2,0
zulu_2_00182,Bamise ukwakhiwa kweFET befuna ukuqashwa,3,0,0,0,0,0
zulu_2_00183,Unomlando wokuphazamiseka emqondweni osolwa ngokubulala indodakazi,0,3,0,0,0,0
zulu_2_00184,Ucasule umndeni ewucishela iso enkantolo osolwa ngokubulala umngani e-UKZN,3,0,2,0,0,0
zulu_2_00185,Uthisha ecaleni lokubulala uyise ona-70 bephuzile,2,3,0,0,0,0
zulu_2_00186,Usola usomahlaya ngokumthelela ngesandulela ngculazi,0,3,0,0,0,0
zulu_2_00187,Sekuphinde kwadlula omunye umdlali wePSL engozini yemoto,0,3,0,0,1,0
zulu_2_00188,ICaf ihlehlise imidlalo yokuhlungela iNdebe yoMhlaba,0,0,0,1,0,0
zulu_2_00189,Akumele kulindwe isikhathi eside ukuphenya ngomuntu odukile - Mbuyiseni Ndlozi,0,0,0,0,0,0
zulu_2_00190,Bahlaba uhulumeni abamatekisi,0,0,0,0,0,0
zulu_2_00191,Sekunethimba elizoqapha abashisa amaloli,0,0,0,0,0,0
zulu_2_00192,Ugwetshwe odilikajele owabulala abasekhweni,2,0,2,0,0,0
zulu_2_00193,INehawu igxeka umnyango ngolayini abade emahhovisi,0,0,0,0,0,0
zulu_2_00194,Uhlasela mawala ushukela kwabesifazane abancane,0,0,0,2,2,0
zulu_2_00195,Isihluku usomabhizinisi waseNanda 'ebulawa ngesando',2,3,0,0,0,0
zulu_2_00196,Utholwe ehlahlelwe obenyamalele ekhaya,0,3,0,0,0,0
zulu_2_00197,Kuzosukunyelwa ukwesatshiswa kukaZuma,2,0,0,0,0,0
zulu_2_00198,Abasakazi bakhale kubalaleli ngokungaholi,0,2,0,0,0,0
zulu_2_00199,Uboshelwe ukudlwengula indodakazi yaze yabhaca,2,3,2,0,0,0
zulu_2_00200,Umfana ona-15 kwelokudlwengula abafana,0,2,2,0,0,0
zulu_2_00201,Sebequlusa emahlathini abathathelwe izindlu zangasese eNanda,0,3,2,0,0,0
zulu_2_00202,Kubi kwabathenga ezokushayela,0,0,0,0,2,0
zulu_2_00203,UMoyane uchitha izinsolo zokushushumbiswa kwemali,0,0,0,0,0,0
zulu_2_00204,Bahlehliswe yizinyosi behlasela emzini wosolwa ngokuloya,0,0,0,0,0,0
zulu_2_00205,Owe-EFF uphinde wabiza uGordhan ngenja kunqoba uMalema enkantolo,0,0,0,0,0,0
zulu_2_00206,Kuboshwe abesifazane ababili abagqibe umbungu egcekeni,0,2,2,0,0,0
zulu_2_00207,Imizamo yokulwa nesifo sofuba eKZN,0,0,0,0,0,0
zulu_2_00208,Baklajwe bafa besolwa ngobuphara,2,3,0,0,0,0
zulu_2_00209,Kungase kube nesitelekaeDUT,0,0,0,0,2,0
zulu_2_00210,I-EFF igxeka eyendawo yabamhlophe kuphela,1,0,2,0,0,0
zulu_2_00211,Bakhomba owazibulala kwelezicubu zabantu,0,3,0,0,0,0
zulu_2_00212,UDJ Tira usolwa ngokungasigcini isithembiso sokwakhela umndeni umuzi,1,1,0,0,0,0
zulu_2_00213,UMalema uchitha elempi ebhekiswe emaNdiyeni,0,0,0,0,0,0
zulu_2_00214,Ushaqekile umndeni ngomhlengikazi obulewe,0,2,0,0,0,0
zulu_2_00215,I-EFF isabisa ngokuphula imithetho yomvalelandlini,1,0,0,0,0,0
zulu_2_00216,Kudutshulwe umholi wesizwe sakwaGcumisa,2,3,0,0,2,0
zulu_2_00217,Kufunwa isiboshwa eseqile,0,0,0,2,0,0
zulu_2_00218,Kume ukusebenza e-Unisa kubhikishwa,1,0,0,0,0,0
zulu_2_00219,Umlingisi wacishe wadlwengulwa ngophrojusa,0,0,1,0,1,0
zulu_2_00220,Bakhala ngobudedengu besibhedlela bezilela umuntu abangamazi,0,0,0,0,0,0
zulu_2_00221,Isexwayiso ngabaqola abantu ngamaselula,0,0,0,0,0,0
zulu_2_00222,Kuboshwe onogada ngelokuzama ukubulala,0,0,0,1,0,0
zulu_2_00223,Kugwemeke inhlekelele isiguli sishisa iwodi,0,0,0,1,2,0
zulu_2_00224,Bahleli lubhojozi kubulawa umshayeli wetekisi,2,1,0,0,3,0
zulu_2_00225,UDolly ufunwa amaqembu aphesheya,0,0,0,0,0,0
zulu_2_00226,Phansi amaphaphu ngekusasa labafundi: Natu,0,0,0,0,0,0
zulu_2_00227,UClinton akazenyezi ngokuqeqesha kwiGladAfrica,0,0,0,0,0,0
zulu_2_00228,Ulale ebaliwe ‘osacaze phansi ingane yafa’,0,3,0,1,0,0
zulu_2_00229,Kosolwa abadukisa umkhondo kuvuka ukubulala eGlebe,0,0,0,0,0,0
zulu_2_00230,Ikhansela liphika lilala ngomhlane elokubulala iqabane,0,0,0,0,0,0
zulu_2_00231,Uphoxwe yiChiefs umqeqeshi weMaritzburg,0,2,0,0,0,0
zulu_2_00232,Bafune izimpendulo ngamaholo abo emahhovisi kamasipala,0,0,0,0,0,0
zulu_2_00233,Ufuna ukuholwa umoya uma ehlanganisa ezokholo uHlengiwe,0,0,0,0,0,0
zulu_2_00234,UZakwe ubonge abazali ngempumelelo yakhe,0,0,0,0,0,3
zulu_2_00235,OweGagasi FM ufuna ukugqugquzela intsha,0,0,0,0,0,0
zulu_2_00236,Umbiko ucacisa ngamaphepha kamatric aputshuka,0,0,2,0,0,0
zulu_2_00237,IPirates ishoda ngoHlatshwayo - ‘Nsimbi’ Sangweni,0,0,0,0,0,0
zulu_2_00238,Sisulile emsebenzini isikhulu esiphezulu soMgeni Water,0,0,0,2,0,0
zulu_2_00239,Kusolwa owoKhozi ngabahilane e-studio,1,0,0,0,0,0
zulu_2_00240,Uyagonyuluka obeseCuba owashonelwa,0,2,0,0,0,0
zulu_2_00241,Uzothatha isithembu izinsuku zilandelana,0,0,0,2,0,0
zulu_2_00242,Sebeyazenyeza ngokuncelisa emphakathini,0,0,0,0,0,0
zulu_2_00243,Usinde kukubi uKhabonina etalajwa amadoda angawazi,0,2,0,0,2,0
zulu_2_00244,Isexwayiso ngabaqola ngemeya,0,0,0,0,0,0
zulu_2_00245,Umfundisi uchaza ngengxabano nomakhelwane owaqamba amanga wathi udlwengulile,2,0,0,2,0,0
zulu_2_00246,Izovulela amaphoyisa icala intatheli eboshwe kubhikisha abaseka uGumede,2,0,0,0,0,0
zulu_2_00247,Umgubho weMpi Kakhandampondo eHarding,0,0,0,0,0,0
zulu_2_00248,AbeSamba Ngolayini banxuse abadansayo ukuthi bazivikele,0,0,0,0,0,0
zulu_2_00249,Kutuswe igalelo lamaphoyisa abesifazane kumasipala,0,0,0,0,0,1
zulu_2_00250,Izinsolo ezintsha ngokubulawa kukaKarabo,0,0,0,0,0,0
zulu_2_00251,Uphenyo ngokufa kongqongqe elele endlini,0,3,0,0,0,0
zulu_2_00252,Okusha ngowobhememe,0,0,0,0,0,0
zulu_2_00253,Kuhlukane inhloko nesixhanti phakathi kukaTira neBig Nuz,0,0,0,0,0,0
zulu_2_00254,Besimanzonzo umphakathi ubhikishela amanzi,3,0,0,0,0,0
zulu_2_00255,‘Bengithi ngiyifanele iBafana Bafana’,0,0,0,0,0,0
zulu_2_00256,Uchaze ngenkinga yezikweletu,0,2,0,0,0,0
zulu_2_00257,Sifuna ukuthola amathathu kwiWits',0,0,0,0,0,0
zulu_2_00258,Unondweba wodumo kwiPSL usezodlalisa kwagijima ‘ehlathini’,0,0,0,0,0,0
zulu_2_00259,[IMIBONO] Sekuyisikhathi sokuthi iPirates ikhohlwe abaqeqeshi bokufika,0,0,0,0,0,0
zulu_2_00260,&quot;UKomphela usebenzile kwiChiefs&quot;,0,0,0,0,0,0
zulu_2_00261,Uboshiwe umfundi obulale uthisha,0,0,1,0,0,0
zulu_2_00262,Imidlalo ezokhanyisela uTinkler ngesimo sabadlali,0,0,0,0,0,0
zulu_2_00263,Bakhathazekile ngekusasa labo kuSwallows,0,2,0,0,1,0
zulu_2_00264,BUKA: 'Angikukhethanga ukuba sesithenjini' - MaKhumalo,0,0,0,0,0,0
zulu_2_00265,Izinguquko ezinqala kuKhozi,0,0,0,0,0,0
zulu_2_00266,Kufe abawu-10 kugingqika itekisi eGoli,0,3,0,0,0,0
zulu_2_00267,Lihoxisiwe elokugwazwa ekhanda,0,3,0,0,0,0
zulu_2_00268,Eyabalimi nomnikelo wezinkomo ozoya kwabaswele,0,0,0,0,0,0
zulu_2_00269,Singase sisinde ezembeni: Dladla,0,0,0,0,0,0
zulu_2_00270,Abameli babhoka ngokushiwo ngabo,2,0,0,0,0,0
zulu_2_00271,Ubhukulile ukuze alingise kuThe Queen,0,0,0,0,0,0
zulu_2_00272,Ususe umsindo umdlali weChiefs ngokufuna ukudlala,1,0,0,0,0,0
zulu_2_00273,Ucathulisa abesimame kwezamabhizinisi,0,0,0,0,0,2
zulu_2_00274,Iphumile esibhedlela inkosikazi kaBlack Coffee,0,0,0,0,0,1
zulu_2_00275,Kufezeke iphupho lomsakazi,0,0,0,0,0,1
zulu_2_00276,Likhuza ibuya kwiTV elabaxolisa emindenini,0,0,0,0,0,0
zulu_2_00277,Akucaci ngoBabes kokaTira,0,0,0,0,0,0
zulu_2_00278,Bakhala ngomlungu 'oshayise' owomndeni ngendiza washona,0,3,0,0,0,0
zulu_2_00279,Zizomiswa izikhulu 'ezikhohlakele',0,0,2,0,0,0
zulu_2_00280,Bazimisele ukundizisa entsha yamabhanoyi,0,0,0,0,0,1
zulu_2_00281,Bazovela phambi kwekomiti lePhalamende bonke omasipala,0,0,0,1,0,0
zulu_2_00282,OKlebe bandizela KwaZulu-Natal,0,0,0,0,0,0
zulu_2_00283,Ibhungu liklabhe abashana lababulala lona labulawa yiloli,2,3,0,1,2,0
zulu_2_00284,Bazohola imali ephelele abasebenza eDenel,0,0,0,0,0,2
zulu_2_00285,Uzibophise yena obambe inkunzi egaraji,0,0,0,2,0,0
zulu_2_00286,Ikhansela lizocela ibheyili kwelokubulala,0,0,2,1,0,0
zulu_2_00287,[Ezempilo] Bayanda asebephuzaamaSmoothiekunesidlo sasekuseni,0,0,0,0,0,0
zulu_2_00288,Kuqhakanjiswe iqhaza likaWinnie kukhunjulwa uMandela,0,0,0,0,0,1
zulu_2_00289,Ukhihla isililo ogilwe yinyanga ebiyelapha umkakhe,0,3,0,0,0,0
zulu_2_00290,Basinde engozini yemoto omaskanda,0,0,0,0,0,0
zulu_2_00291,Ushaqekile kukhula isibalo sabafa emgwaqweni,0,0,0,2,0,0
zulu_2_00292,Ithala lifuna ukuba yibhange likahulumeni jikelele,0,0,0,0,0,0
zulu_2_00293,Injabulo bamukela impahla yokwakha imijondolo eThekwini,0,0,0,0,0,3
zulu_2_00294,Uthembisa ukusiza abantu ngezindlu,0,0,0,0,0,0
zulu_2_00295,Udle ushevu namadodana akhe amabili,0,2,0,2,0,0
zulu_2_00296,Intombi yomvangeli wakwaShembe igweva nesidumbu,2,2,2,1,0,0
zulu_2_00297,Ubuxoki obubulala ibhola ezifundeni zeSafa - Mkhize,0,0,0,0,0,0
zulu_2_00298,Kushone abantu abangu-9 kwalimala-11 engozini yetekisi,0,3,0,0,0,0
zulu_2_00299,Unikwe ibheyili umdansi we-Afrotainment,0,0,0,0,0,0
zulu_2_00300,Inkantolo ichithe isicelo sikaZuma,0,0,0,1,0,0
zulu_2_00301,Sicela niqhubeke niseseke' - unozinti weBanyana,0,0,0,0,0,0
zulu_2_00302,Inzima impilo kobhalwe kwabangasekho,2,3,0,0,0,0
zulu_2_00303,Uhulumeni akaveze uhlelo lokusabalalisa  oweCovid-19',0,0,0,0,2,0
zulu_2_00304,[IMIBONO] Asijabule sibuye nganeno ngemiphumela ka-matric,0,0,0,0,0,1
zulu_2_00305,Bakhala ngempatho yemeya eZululand,2,0,0,0,0,0
zulu_2_00306,UMax ufuna ukwakha ihhotela eMlaza,0,0,0,0,0,1
zulu_2_00307,Kunecala elingathikameza ukusongwa kweyeGladAfrica,0,0,0,0,0,0
zulu_2_00308,Utokile osolwa ngokubulala isalukazi (107),2,3,0,0,0,0
zulu_2_00309,Uzimisele ngokusiza iDowns ngamagoli u-Affonso,0,0,0,0,0,0
zulu_2_00310,Abantu uma bephuza utshwala bayakhohlwa ukufaka izifonyo nokuhlala ngokuqhelelana',0,0,0,0,0,0
zulu_2_00311,UNdlovu ubelwela abekholwaukuthi kungokwakhe,0,0,0,0,0,0
zulu_2_00312,Kubhuntshe umcimbi i-ANC idonsisana,0,0,0,0,0,0
zulu_2_00313,Ezothando: Sengikhathele wukulinda umshado engathenjiswa wona,1,2,0,0,0,0
zulu_2_00314,UMarawa uthushuke nesiteshi sezemidlalo esisha,0,0,0,0,0,0
zulu_2_00315,Uyazilolonga uMchunu osethubeni lokulwa nababili,0,0,0,0,0,0
zulu_2_00316,Ukhala uyazithulisa ngokuhluleka ukunqoba kwezakhe uSolskjaer,1,1,0,0,0,0
zulu_2_00317,U-Tbo Touch ungene esiteshini sethelevishini,0,0,0,0,0,0
zulu_2_00318,UNdlovu ube yiSiphesihle kwiTeam of Choice emuka nomklomelo,0,0,0,0,0,2
zulu_2_00319,Liyaqhubeka icala lakwaShembe,0,0,0,0,0,0
zulu_2_00320,Kufe owaseZim elinyazwa yinsimbi,0,3,0,0,0,0
zulu_2_00321,Lihoxisiwe icala lowayeshaya indlwabu ejimini,0,0,2,0,0,0
zulu_2_00322,Umculi uphumela obala ngothando lukaSjava,0,0,0,0,0,1
zulu_2_00323,Ishaye eceleni i-EFF ithi idla ipulazi,0,0,0,0,0,0
zulu_2_00324,UMabuza ngeke esaphendula imibuzo ePhalamende ngenxa yokugula,0,0,0,0,0,0
zulu_2_00325,UPillay unxusa umphakathi ubambisane kufukulwe umnotho,0,0,0,0,0,0
zulu_2_00326,Kufunwa umndeni womfana ongazazi,0,2,0,0,0,0
zulu_2_00327,I-IEC idalula isamba sokungenela ukhetho emaqenjini epolitiki,0,0,0,0,0,0
zulu_2_00328,Bazohlomula ngesikhungo samakhono eMdoni,0,0,0,0,0,0
zulu_2_00329,‘Ningakwesabi ukushayela amaloli’,0,0,0,0,0,0
zulu_2_00330,Uvalo umsakazi equleka esemoyeni,0,2,0,0,2,0
zulu_2_00331,USenong uyabuqonda ubunzima abhekene nabo,0,0,0,0,0,0
zulu_2_00332,UMalema ufuna iqine impi yokulwa nokuhlunyezwa kwabesifazane nonyaka,0,0,0,0,0,0
zulu_2_00333,Kuqhume isibhaxu kulwa abe-ANC,3,0,0,0,0,0
zulu_2_00334,UMampintsha uphendula izinsolo zokweba ibheshu likaNgizwe,0,0,0,0,0,0
zulu_2_00335,Kuzohlonishwa abayibekile induku ebandla,0,0,0,0,0,2
zulu_2_00336,Badube umsebenzi kumiswa abanye esibhedlela,2,0,0,0,0,0
zulu_2_00337,Kubulawe isalukazi ngabebezenza amasosha,2,3,0,0,0,0
zulu_2_00338,UKelly Khumalo usongela abamdelelayo,1,0,0,0,0,0
zulu_2_00339,UFelix usola uKini ngokudicilela phansi isithunzi sakhe,0,0,0,0,0,0
zulu_2_00340,Uthi ibhizinisi ngeke limyekise ukusakaza,0,0,0,0,0,0
zulu_2_00341,UNzimande uhlabe abefundisi abagila umhlola ezinganeni,0,0,0,0,0,0
zulu_2_00342,Bazovela enkantolo ngawezibhamu nezidakamizwa,0,0,0,0,0,0
zulu_2_00343,Uquleke enkantolo owesifazane osolwa ngokubulala indodana,0,0,0,0,0,0
zulu_2_00344,Umyeni wami ufuna ngibe wumngani nentombi yakhe,2,0,2,0,0,0
zulu_2_00345,Udalule inkohlakalo kaR2.9 bn wakwaGupta,0,0,2,0,0,0
zulu_2_00346,NaKwaMashu sekukhalwa ngemfucuza,0,0,3,0,0,0
zulu_2_00347,USomizi ugqemeke udume lwengozi kudlula emhlabeni unina,0,3,0,0,0,0
zulu_2_00348,Inconyiwe i-ANC ngokuxosha izimeya,0,0,0,0,0,2
zulu_2_00349,Akekho ongezukushushiswa okumele ashushiswe- Shaun Abrahams,0,0,0,0,0,0
zulu_2_00350,Sisabalele isililo ngokudlula kukaBra Mesh,0,3,0,0,0,0
zulu_2_00351,Bexwayisa ngokumosa imali ngoBlack Friday osomnotho,0,0,0,0,0,0
zulu_2_00352,Bakhala ‘ngoqole’ abalandeli imali esebenzisa amagama omaskanda,0,0,1,0,0,0
zulu_2_00353,Uvalo emndenini kubulawa okhanda izimoto eNanda,0,2,0,0,3,0
zulu_2_00354,Akucaci ngoSello Maake KaNcube kwiThe Queen,0,0,0,0,0,0
zulu_2_00355,Kumiswe abathathu kwaSABC abafaka uRamaphosa ehlazweni,0,0,0,0,0,0
zulu_2_00356,Ulaxaze onosana olobola uZimdollar,0,0,0,1,0,0
zulu_2_00357,[IMIBONO] Ngashiya ubuthisha ngisatshiswe ingane,0,1,0,0,3,0
zulu_2_00358,Kube muncu kuxabana uNyovest noMaphorisa,0,1,0,0,0,0
zulu_2_00359,Imeya ichaza ngokubuya isigubhukane kade inyamalele,0,0,0,0,0,0
zulu_2_00360,UZwane akazimisele ngokuba yiphini,0,0,0,0,0,0
zulu_2_00361,Ukudla osekudliwa kunomthelela ekukhulelweni kwezingane ezincane,0,0,0,2,0,0
zulu_2_00362,Iboshiwe intokazi ephoxe owe-ANC kwiFacebook,0,0,0,1,0,0
zulu_2_00363,Umsindo ngesikhundla sikathishanhloko,1,0,0,0,0,0
zulu_2_00364,Ikhale ngokuhlukunyezwa imeya idedelwa kwelezinsolo zokubulala,0,1,0,0,0,0
zulu_2_00365,UZuma usevumile ukuvela kwiKhomishini kaZondo,0,0,0,0,0,0
zulu_2_00366,Abamatekisi banikele ngamaTV ezibhedlela,0,0,0,0,0,0
zulu_2_00367,Kuxoshwe umfundi osolwa ngobusathane,0,0,0,0,2,0
zulu_2_00368,Kufezeke iphupho leminyaka kowe-OPW,0,0,0,0,0,2
zulu_2_00369,I-Arrows ibuyele kwamhlaba ihlulwa elisemsileni,0,1,0,0,0,0
zulu_2_00370,UNgqongqoshe usola amakomiti ezempilo  ezibhedlela ngokuhaqeka ngeCovid-19 kwabasebenzi,0,0,0,0,1,0
zulu_2_00371,Amaqhinga okuqeda ikiwi ehlalise kabi abaningi,0,0,0,0,0,0
zulu_2_00372,Bafuna ajeze obengungqongqoshe,1,0,0,0,0,0
zulu_2_00373,Abomculo wokholo abasabhekani ngenxa yengoma,2,0,0,0,0,0
zulu_2_00374,Izikhulu zafihlela uMotsoaledi ulwazi  olubalulekile,0,0,0,0,0,0
zulu_2_00375,Kumele bakhokhiswe kancane abakuleli,0,0,0,0,0,0
zulu_2_00376,Bajabulele umfundi ophase ngamalengiso eNanda,0,0,0,0,0,3
zulu_2_00377,IMaybach izogijima emgwaqweni yaseMzansi,0,0,0,0,0,0
zulu_2_00378,Siluleme isilomo kwalimala abanye kwiChiefs,0,2,0,0,0,0
zulu_2_00379,Ufuna ukukhiphela isibhongo kuMaZulu,2,0,0,0,0,0
zulu_2_00380,Ufuna abazali baziqhenye ngayikho,0,0,0,0,0,0
zulu_2_00381,Kuvulwe icala amasosha edla ukudla osekonakele,0,0,0,0,0,0
zulu_2_00382,Uhlelo nethuba lokubuyisana nezingane emadodeni,0,0,0,0,0,1
zulu_2_00383,Umlingisi weTV akabhuquzi ekhaya njengoba kuvalwe izwe,0,0,0,0,0,0
zulu_2_00384,I-KZN ikulungele ukuvulwa kwezikole,0,0,0,0,0,0
zulu_2_00385,Ukhala ngeyokuqinisa ezokuphepha ezikoleni,0,0,0,0,0,0
zulu_2_00386,Kushiswe amabhasi kamasipala eMlaza,2,2,0,0,2,0
zulu_2_00387,UNdunankulu wase-Eastern Cape usola abavezele abezindaba amasampula eCovid-19 abelahliwe,0,0,0,0,0,0
zulu_2_00388,Qikelela ngomphako  owulungisela ingane esikoleni,0,0,0,0,0,0
zulu_2_00389,UTembo uzwelana noMbule ozibule kabi kwiBafana,0,0,0,0,0,0
zulu_2_00390,Uqopha umlando kwaSABC uMarawa,0,0,0,0,0,0
zulu_2_00391,Kufunwa isitshudeni saseDUT esinyamalele,0,3,0,0,0,0
zulu_2_00392,Senyukile isibalo sabashone emgwaqeni ngamaholidi,0,3,0,0,0,0
zulu_2_00393,OweBaroka ukhala ngobuthuntu babo,0,0,0,0,0,0
zulu_2_00394,Abasebenza ezindlini novalo ngeCorona,0,0,0,0,3,0
zulu_2_00395,Umyalelo kaPandor kwabeNSFAS,0,0,0,0,0,0
zulu_2_00396,Zimisiwe izitshudeni ezathela unogada ngophethroli eDUT,0,2,2,0,0,0
zulu_2_00397,Akudluli kumsakazi woKhozi owaliwa yisoka,0,2,0,0,0,0
zulu_2_00398,Baxoshiwe abefundisi abalwe beficana enyangeni,0,0,2,1,0,0
zulu_2_00399,Umsindo indodakazi ka-AKA ibhonga emswaneni ngokukhothama kweSilo,1,0,0,0,0,0
zulu_2_00400,Kwehle umthwalo kumfelokazi obenabayeni 'ababili',0,0,0,3,0,0
zulu_2_00401,Usephenduke umzali owashiywa nengane encane unina wayo wabaleka,0,2,0,0,0,0
zulu_2_00402,UZuma ukhuze abahhewule abaholi baseKZN,0,0,0,0,0,0
zulu_2_00403,Usole umbango kuvalwa iculo lakhe oKhozini,0,0,0,2,0,0
zulu_2_00404,Kujutshwe abavelele ngendikimba yeVodacom July,0,0,0,0,0,0
zulu_2_00405,Linye inxeba eliqede ngempilo yomculi,0,2,0,0,0,0
zulu_2_00406,Uzoluleka abazohambela Intandokazi yeSolezwe usomabhizinisi,0,0,0,0,0,1
zulu_2_00407,Bafuna kuvalwe isiteshi ngenxa yeCorona,0,0,0,0,0,0
zulu_2_00408,UButhelezi uhaqwe yiCoronavirus,0,2,0,0,2,0
zulu_2_00409,Sizokufa lapho kufa khona uZuma noMagashule - ANC eThekwini,0,0,0,0,0,0
zulu_2_00410,UMantashe ucacise ngokucishwa kukagesi,0,0,0,0,0,0
zulu_2_00411,Kungqongqiswe umuzi obangwayo,3,0,0,0,0,0
zulu_2_00412,Bavelile abashaya babulala izingane,0,2,0,0,0,0
zulu_2_00413,UPitso uveze ukunengeka ngoToni Silva,1,0,0,0,0,0
zulu_2_00414,#Utatakho: Sihlasimulisa umzimba isiqephu sakamuva,0,0,2,0,0,0
zulu_2_00415,Ushayiswe yiloli wayizicucu umfana ona-2,0,3,0,0,0,0
zulu_2_00416,Kushone owesifazane kusha umuzi eVerulam,0,3,0,0,0,0
zulu_2_00417,Intukuthelo ngokunqamuka kukagesi,3,0,0,0,0,0
zulu_2_00418,Kubanjwe abahlengikazi bentshontshela  isiguli,0,1,3,0,0,0
zulu_2_00419,ICosatu izomasha ngolwabasebenzi,0,0,0,0,0,0
zulu_2_00420,IKhabhinethi yeseka ukuqhubeka kohlelo lokugoma,0,0,0,0,0,0
zulu_2_00421,Kunuke idolobha bechitha udoti,0,0,2,0,0,0
zulu_2_00422,Umfundi ka-matric ubulawe inyathi okuthiwa icanasa ngaphandle,0,3,0,0,0,0
zulu_2_00423,Kuqhume iqupha izikhulu ze-ANC zibanga owesifazane,2,0,2,0,0,0
zulu_2_00424,Iphoyisa elingumseshi ‘lizithanqaze’ ehhotela,0,2,0,0,0,0
zulu_2_00425,Zilale emnyango izitshudeni ezixoshwe omastende,0,3,0,0,0,0
zulu_2_00426,Sebebahlanu abashone kudutshulwa eSiphingo,0,3,0,0,0,0
zulu_2_00427,‘Abashumpulwe ubuntu abadlwenguli’ - Isilo samaBandla,2,0,0,0,0,0
zulu_2_00428,UMotshekga uchitha eyamanga,0,0,0,0,0,0
zulu_2_00429,Umisiwe unesi othuke isiguli kwi-video,0,0,0,0,0,0
zulu_2_00430,UMbalula ubona ubunzima okhethweni,0,0,0,0,1,0
zulu_2_00431,Ingcosana yamathikithi kwi-Extravaganza,0,0,0,0,0,0
zulu_2_00432,Kuvalwe uN3 indoda izama ukuzibulala,0,2,0,0,2,0
zulu_2_00433,Kushone 13 kwalimala 16 engozini,0,3,0,0,0,0
zulu_2_00434,Uzoqhubeka nokusebenza usomlomo oboshelwe i-generator,0,0,0,0,0,0
zulu_2_00435,Indodana kaZuma isilulindele ngabomvu olwecala likayise enkantolo,0,0,0,0,0,0
zulu_2_00436,Izibhamu zikamasipala emacaleni okubulala,0,0,0,3,0,0
zulu_2_00437,ICorona isaqhubeka nokubulala abantu okwezimpukane eNingizimu Afrika,0,2,0,0,2,0
zulu_2_00438,Umfana (13) ubopha umnyango,0,0,0,2,0,0
zulu_2_00439,Usebhekene necala lokudlwengula osolwa ngokubulala izingane zakhe (4),0,0,0,0,0,0
zulu_2_00440,Ungase unyuke futhi uphethroli ngoMeyi,0,0,0,2,0,0
zulu_2_00441,Kukhuzwa abakwaShembe ngezingoma zobumnandi emathempelini,0,0,0,0,0,0
zulu_2_00442,Badinwe bashisa umuzi nepulazi lomlimi eShowe,3,0,0,0,0,0
zulu_2_00443,Uvalo kumgilwa kudedelwa ithwasa elisolwa ngokudlwengula,0,0,1,0,0,0
zulu_2_00444,Ukhale ngabadlali abalimele kudliwa iqembu lakhe,0,1,0,0,0,0
zulu_2_00445,Udutshulwe wafa unesi esemotweni,0,3,0,0,0,0
zulu_2_00446,Umrepha uzame ukuzibulala ngenxa yokhwantalala,0,3,0,0,0,0
zulu_2_00447,Ihhovisi loMvikeli engcupheni,0,0,0,0,1,0
zulu_2_00448,Bafuna imali yabo abahola eyesibonelelo,2,0,0,0,0,0
zulu_2_00449,Lithole ibheyili iphoyisa elisolwa ngokugwazisa,0,0,2,0,0,0
zulu_2_00450,UMdluli noMthunzi bagwetshiwe,0,0,0,0,0,0
zulu_2_00451,‘Kuzohlolwa abawu-30 000 ngosuku ukulwa neCovid-19’,0,0,0,0,0,0
zulu_2_00452,Asabisa ngokuteleka amaphoyisa,2,0,0,0,0,0
zulu_2_00453,UDJ Sbu ukhumbule uPro ngohlelo,0,0,0,0,0,0
zulu_2_00454,Umsindo ngemoto ebihamba uMaimane,0,0,0,0,0,0
zulu_2_00455,UHunt ufe olwembiza kufa umdlali engozini,0,3,0,0,0,0
zulu_2_00456,#ANCManifesto: URamaphosa nesisombululo kwabantula imisebenzi,0,0,0,0,0,0
zulu_2_00457,Ibanjwe eKapa iPowerball ka-R232 million,0,0,0,2,0,0
zulu_2_00458,Bahlela imashi abakamaskandi ngoNgizwe,0,0,0,0,0,0
zulu_2_00459,Kushone 13 kudilika isakhiwo sebandla eMpangeni,0,3,0,0,0,0
zulu_2_00460,USteve ufuna bajabule abalandeli,0,0,0,0,0,2
zulu_2_00461,UTshatha ucele abalandeli bahoxise imashi ebheke oKhozini,0,0,0,0,0,0
zulu_2_00462,Kufunwa ababulale usomatekisi,0,2,0,0,0,0
zulu_2_00463,Kuxwayiswe uhulumeni ngokuvikelwa kwabasemajele,0,0,0,0,0,0
zulu_2_00464,Ubhoboka ngezinsuku zokugcina zikaNcwane,0,3,0,0,0,0
zulu_2_00465,Aboshwe esemsebenzini amaphoyisa,0,0,0,3,0,0
zulu_2_00466,IBoks ivale imilomo iqopha umlando,0,0,0,0,0,2
zulu_2_00467,UMgungundlovu uhamba phambili ngababulawa yiCovid-19,0,2,0,0,2,0
zulu_2_00468,UBarker kubhekwe atakule uSuthu,0,0,0,0,0,0
zulu_2_00469,Kuzophela inyanga sekunemigomo yabayisigidi kuleli,0,0,0,0,0,0
zulu_2_00470,Uhlelo lokuhlanganisa abokufika nabakuleli,0,0,0,0,0,0
zulu_2_00471,Bazovulelwa amacala ababhubhudla imali yeCorona eThekwini,0,0,2,0,0,0
zulu_2_00472,Kubatshazwa ubunzima obuza nentela iVAT,0,0,0,0,0,0
zulu_2_00473,Bazolashwa abatholwe beguliswa yisifo i-TB,0,0,0,0,0,0
zulu_2_00474,Angilwi namaNdiya uma ngiwatshela ukuthi iningi lawo anobandlululo',0,0,0,0,0,0
zulu_2_00475,Aziyizwa izinyunyana eyokuvinjwa kothisha,1,0,0,0,0,0
zulu_2_00476,Basenkingeni abesilisa abasabiswa ngamacala okudlwengula angekho,0,2,0,0,0,0
zulu_2_00477,Bafuna kuboshwe iphoyisa,1,0,0,0,0,0
zulu_2_00478,Uphika eyokunikeza abakwaGupta ulwazi oluyimfihlo,0,0,0,0,0,0
zulu_2_00479,"Kushone umshayeli, omunye wanyamalala",0,3,0,0,0,0
zulu_2_00480,Iyaqhubeka impi yamazwi kuRamaphosa noLekota,2,0,0,0,0,0
zulu_2_00481,Bakhala ngezulu elibacekele phansi,0,1,0,0,0,0
zulu_2_00482,Kuphazamise ukufunda ukusha kwesikole,0,2,0,0,0,0
zulu_2_00483,Ezothando: Abasemzini bathi ngabulala umyeni wami ngengculazi,0,2,0,0,0,0
zulu_2_00484,Amazwi enduduzo kukhothama inkosi,0,3,0,0,0,0
zulu_2_00485,‘Ngeke ziphele izinhlungu zokufelwa’,0,3,0,0,0,0
zulu_2_00486,Umholi we-IFP ukhala nge-ANC,0,0,0,0,0,0
zulu_2_00487,Usesimeni esibucayi uHlengiwe Mhlaba ovelelwe yingozi yemoto,0,2,0,0,0,0
zulu_2_00488,Umthanda enjalo' unkosikazi wakhe,0,0,0,0,0,0
zulu_2_00489,OweNFP usinde esocongwa,0,2,0,0,2,0
zulu_2_00490,Osola uMabe ngokumhlukumeza udlulela eCCMA,0,0,0,0,0,0
zulu_2_00491,Usonkontileka ugqitshwe umgodi besebenza,0,2,0,0,0,0
zulu_2_00492,‘Ngizoyenza ibe nzima impilo yakho uma uvikela uGordhan’,0,0,0,0,2,0
zulu_2_00493,Uhulumeni umukele isinqumo senkantolo kwelomhlaba,0,0,0,0,0,0
zulu_2_00494,Wadlelwa umuzi esaphaza imali yokulingisa,0,2,0,0,0,0
zulu_2_00495,Babuyela enkantolo abakwaBushiri,0,0,0,0,0,0
zulu_2_00496,Kusale oyedwa enkundleni bedubulana namaphoyisa,0,0,0,0,0,0
zulu_2_00497,Uyanyuka futhi uphethroli kuleli,0,0,0,0,0,0
zulu_2_00498,Injabulo ngendawo ephambili efilimini,0,0,0,0,0,3
zulu_2_00499,Ukhala ngokuxhashazwa ocula awomzabalazo,2,0,0,0,0,0
zulu_2_00500,Obedukile utholwe emakhazeni,0,3,0,0,0,0
zulu_3_00001,Kusolwa isoka uthisha enqunywa uqhoqhoqho,1,3,0,0,2,0
zulu_3_00002,Isikhwele isosha 'libulala' umlamu,0,3,0,0,0,0
zulu_3_00003,Umsindo kumenyezelwa uMntwana uMisuzulu njengeSilo esisha,1,0,0,3,0,0
zulu_3_00004,Bavale imigwaqo ngamaloli bekhala ngomphathi wabo,0,1,0,0,0,0
zulu_3_00005,Ugqugquzela ukutshala ngaphandle kwamakhemikhali,0,0,0,0,0,0
zulu_3_00006,Uzimisele ngamanye amagoli oweMaritzburg,0,0,0,0,0,0
zulu_3_00007,Kusolwa umzanyana ngokubulala ingane,0,3,0,0,0,0
zulu_3_00008,Kwethulwe isitimela esizosiza kwiCorona,0,0,0,0,0,1
zulu_3_00009,Inhlanzi izoshelwa amanzi kubadayisi,0,1,0,0,0,0
zulu_3_00010,Kuhoxiswe izitifiketi zamaphoyisa angu-81,0,1,0,2,0,0
zulu_3_00011,Akuvalwe ukudayiswa kotshwala ezikoleni',0,0,0,0,0,0
zulu_3_00012,UMampintsha uthandazela umsakazi weMetro odivosayo,0,0,0,0,0,0
zulu_3_00013,Osolwa ngokudlwengula nosolwa ngokubulala babulawe wumphakathi,3,1,0,0,0,0
zulu_3_00014,Kusolwa umdlalo ngokubulawa komfundi,0,2,0,0,0,0
zulu_3_00015,‘Ngizobonakala emdlalweni omkhulu’,0,0,0,0,0,0
zulu_3_00016,Kuzoshuba kothisha abakhulelisa abafundi,2,0,3,0,0,0
zulu_3_00017,Kushayisana ubufakazi bukaMaseko nobukaZuma,0,0,0,0,0,0
zulu_3_00018,Owayengumdlali weChiefs usola abadlali ngokuboza kweqembu,0,0,0,0,0,0
zulu_3_00019,Babhale izivivinyo begadwe ngamaphoyisa,0,0,0,0,2,0
zulu_3_00020,Usolwa ngokuklabha uyise nomzala bafa,0,3,0,0,0,0
zulu_3_00021,Imeya yenqabe ukushenxa icelwa,0,0,0,0,0,0
zulu_3_00022,Ugwetshiwe umkhulu obedlwengula abazukulu,0,1,3,0,0,0
zulu_3_00023,Isililo bephelelwa yitoho abalingisi beSibaya,0,3,0,0,0,0
zulu_3_00024,Abamfuni abathi ubize abafundi ngezimfene,3,0,2,0,0,0
zulu_3_00025,Ukudilizwa kuvuse usinga lothando lwezamabhizinisi,0,0,0,0,0,1
zulu_3_00026,UFuneka uphoxekile kubhuntsha impi,0,0,0,0,0,0
zulu_3_00027,Basabisa ngokuqhubeka nombhikisho,2,0,0,0,0,0
zulu_3_00028,Ibhubhise u-240 wabantu i-listeriosis,0,3,0,0,2,0
zulu_3_00029,Uthwale kanzima uMampintsha exoshwa,0,1,0,0,0,0
zulu_3_00030,Bazobuyela enkantolo abathinteka ekufeni kwenqwaba,0,1,0,0,0,0
zulu_3_00031,OwoKhozi uluyisa kubameli olwemiphumela yeCorona,0,0,0,0,0,0
zulu_3_00032,Uzobukwa nguyise uKolisi kowamanqamu eJapan,0,0,0,0,0,3
zulu_3_00033,UMiddendorp ucikwe abalandeli abagxeka u-Akpeyi,2,0,0,0,0,0
zulu_3_00034,Izelamani kwelokuduna,0,0,0,0,0,0
zulu_3_00035,Udlelwe imoto yinyanga yamdlwengula' eyothwala,0,3,3,0,0,0
zulu_3_00036,Kukhalwa ngomfundisi wempama nenhlamba,0,0,2,0,0,0
zulu_3_00037,Kusha isiteleka e-Unisa akufundwa,2,0,0,0,0,0
zulu_3_00038,UMoeneeb wethembisa into ecokeme kwaboSuthu,0,0,0,0,0,0
zulu_3_00039,Kubulawe usomabhizinisi ehlaselwa kwakhe,0,3,0,0,2,0
zulu_3_00040,Umnikelo wabamatekisi osusa umthwalo emahlombe abazali,0,0,0,0,0,1
zulu_3_00041,Basabisa ngokubhikisha emanyuvesi,2,0,0,0,1,0
zulu_3_00042,Imiklomelo koweBucs noweDowns,0,0,0,0,0,0
zulu_3_00043,Ngizoyisiphula nezimpande inkohlakalo',0,0,0,0,0,0
zulu_3_00044,Usadinwe wumbozo wabadlali bakhe oweStars,2,0,0,0,0,0
zulu_3_00045,UNjenje uncoma umdlali weBucs,0,0,0,0,0,2
zulu_3_00046,Uyaveva uZandile Gumede ngesinqumo se-ANC sokumxosha,3,0,0,0,0,0
zulu_3_00047,UButhelezi ukhale ngenzondo kubaholi be-ANC,2,0,0,0,0,0
zulu_3_00048,Kwelulwe uxhaso lweNSFAS,0,0,0,0,0,3
zulu_3_00049,Kubuya abebelimele kwi-Arrows,0,0,0,0,0,0
zulu_3_00050,Ezothando: Ngintshontsha umka mfowethu,0,0,2,0,0,0
zulu_3_00051,Akaneme ngokuhoxiswa kwamacala uSibiya,0,0,0,0,0,0
zulu_3_00052,I-Bucs nethuba lokubuyisa izinduku,0,0,0,0,0,0
zulu_3_00053,UKhuzani usayinise umaskanda wesifazane,0,0,0,0,0,1
zulu_3_00054,Lusandizela phezulu Ukhozi FM ngabalaleli,0,0,0,0,0,1
zulu_3_00055,Uyakhula kwezamabhizinisi osebenza ngezandla,0,0,0,0,0,2
zulu_3_00056,UTovey utusa umlando wabakuleli kwesokuqeqesha iBafana,0,0,0,0,0,0
zulu_3_00057,OwoThando Nes'thembu usengumculi,0,0,0,1,0,0
zulu_3_00058,Umphakathi usola induna ngokugweva nenkulisa,2,0,0,0,0,0
zulu_3_00059,UHunt uqinisa ubudlelwane nabaziqeqesha neWits,0,0,0,0,0,0
zulu_3_00060,UZodwa Wabantu ucele umshado,0,0,0,2,0,0
zulu_3_00061,Induna kwelokubulala ngokushisa,2,0,0,0,0,0
zulu_3_00062,Elinye ithuba kubadlali abebezochithwa kwiChiefs,0,0,0,0,0,0
zulu_3_00063,Ugwetshiwe owabulala intombi ezithwele,0,3,0,0,0,0
zulu_3_00064,Kudlangile ukuhlukunyezwa kwabafana ngokocansi,0,2,2,0,1,0
zulu_3_00065,UJosephs uzosebenzisa amava ukunqobela Usuthu izicoco,0,0,0,0,0,0
zulu_3_00066,Babhikishele izindlu abasehostela,2,0,0,0,0,0
zulu_3_00067,Lidlule nowaseKZN kuma-Idols,0,0,0,0,0,2
zulu_3_00068,Uthando lwamazambane lumvulele ibhizinisi,0,0,0,0,0,0
zulu_3_00069,OwaseThekwini uzuze umsebenzi wokwenza izindondo zeDiff,0,0,0,0,0,2
zulu_3_00070,Owesifazane nomklomelo ehlula osomabhizinisi,0,0,0,0,0,2
zulu_3_00071,Baqala isiteleka abezempilo,2,0,0,0,0,0
zulu_3_00072,Uhulumeni uzogxila ekuthuthukiseni umnotho,0,0,0,0,0,2
zulu_3_00073,Usolwa ngokufunza unina utshani,0,1,3,0,0,0
zulu_3_00074,Amaphoyisa adubule usomatekisi,0,0,0,0,0,0
zulu_3_00075,UZenzo uzomela elakuleli eMelika,0,0,0,0,0,2
zulu_3_00076,UKhuzani noNgizwe babanga ububi,0,0,0,0,0,0
zulu_3_00077,Livelile iphoyisa elidubule umabhalane oyithwasa,0,1,0,0,0,0
zulu_3_00078,UModiba ujabule efunwa uPitso,0,0,0,0,0,3
zulu_4_00001,Kuvela 'abaphehla udweshu' eMabhida,0,0,0,0,0,0
zulu_4_00002,Bashaqekile kuwa enye insika kwezikaqedisizungu,0,0,0,3,0,0
zulu_4_00003,Kubuya olokunqanyulwa kukagesi,2,0,0,0,0,0
zulu_4_00004,@ZimeMsomi 🤣🤣 lapho akubona obami ngedwa kodwa ngibushaya ngedwa.,0,0,0,0,0,0
zulu_4_00005,@IamThobani Kuthiwa niyakhala ebsuku uma nilele 💀,0,0,0,0,0,0
zulu_4_00006,Othweswe iziqu uyazidla ngobubhinca,0,0,0,0,0,0
zulu_4_00007,‘Abaphumele obala abahlukunyezwa emabandleni’,0,0,0,0,0,0
zulu_4_00008,Ukhishiwe u-VZ esibhedlela,0,0,0,0,0,0
zulu_4_00009,Lapho amehlo ayagwaza ubuthongo but ngibhekile 🤷🏾‍♂️,0,0,0,0,0,0
zulu_4_00010,Uphume ngesamagundwane uMbalula besho ukumudla abamatekisi ethi ubhula umlilo,2,0,0,0,0,0
zulu_4_00011,Bawotha ubomvu ngokudla okuduve emahhovisi ezifunda,2,0,0,0,0,0
zulu_4_00012,"Kunoba I old age, imina lo oswguliswa utshwala kanje😩😩😩haybo angfun ngisho I smell sabo",0,0,0,0,0,0
zulu_4_00013,@uNcuthu Mina ngizwa ngamabele masengizoya on period avele ahlohle 🥺,0,0,0,0,0,0
zulu_4_00014,Lol mina ngithi senawuyeka ugwayi 😂,0,0,0,0,0,0
zulu_4_00015,"Yikho umuntu enamabhadi, udunuselwa yiwowonke umuntu la kuTwitter😭",0,0,0,0,0,0
zulu_4_00016,"@Muntsh_ Kubongwa okukhulu, kubongwa okuncane. Kubongwa ama Original, kubongwa ama FAKE🤷🏽‍♀️",0,0,0,0,0,0
zulu_4_00017,Kuboshwe usomlomo osolwa ngokweba,0,0,0,0,0,0
zulu_4_00018,Bafuna abadlwenguli nababulali badingiswe,2,0,0,0,0,0
zulu_4_00019,The bhabhalazi uma ngisukuma ngathi ikhanda liyasala 😭,0,0,0,0,0,0
zulu_4_00020,Bafuna 'uthishanhloko' axoshwe,2,0,0,0,0,0
zulu_4_00021,Izitshudeni zikhala ngokukhishwa ngodli Ongoye,0,1,0,0,0,0
zulu_4_00022,Ay mina ngihalela ukuygqobhoza ngbuye ekseni 😩😩😩,0,0,0,0,0,0
zulu_4_00023,Uvalo kungqoklozwa abaganene asebekhulile,0,0,0,0,3,0
zulu_4_00024,Zizulelwa amanqe izichuse zobandlululo kuleli,0,0,0,0,0,0
zulu_4_00025,Sebedidiswa ngomlilo emgwaqweni abashayeli,0,0,0,0,0,0
zulu_4_00026,Atshelwe ezikabhoqo amakhansela,0,0,0,0,0,0
zulu_4_00027,@2bhobho9 Awu Manzini isewumbuzo akukaChathwa bafo kahle uksabisa.😂🥂,0,0,0,0,0,0
zulu_4_00028,Uhlaba ikhefu ekuqomeniuMshoza ‘obehlukunyezwa’,0,0,0,0,0,0
zulu_4_00029,Usinde egencwa ngocelemba nguyise,0,0,0,2,0,0
zulu_4_00030,Bashayana ngamakhanda ngoBuselaphi,0,0,0,0,0,0
zulu_4_00031,Babuyela emsebenzini abangcwabi abazimele,0,0,0,0,0,0
zulu_4_00032,Ufuna isinxephezeloobhadle ejele emsulwa,0,0,0,0,0,0
zulu_4_00033,Bakhala ngezinja ezala ukhasha emfuyweni emadlelweni ziyidle,0,0,0,0,0,0
zulu_4_00034,@ThobeMakhathini @anda_bongoza aiybo ugxumiswa yintoni nje ngoba iryt lento😂,0,0,0,0,0,0
zulu_4_00035,Akwaziwa mbhantshi kujiya ngabokufika ababaleke ePhilani,0,0,0,0,0,0
zulu_4_00036,Ulindele ukuxoshwa uma ehlulwa wukunqoba,0,0,0,0,0,0
zulu_4_00037,"""haibo ushayeke ekhanda mubhekeni"" ""Sizele inyama wesisi asizelanga ukuba oMaguava""😢",0,0,0,0,0,0
zulu_4_00038,Released Yesterday 28 Jan mmm🔥🔥🔥🔥akudanswa ujuluke la engathi udakwe amaDrugs unyakaza kamnandi nom uhlabe unyawo njengayo intokazi @LungyK https://t.co/BxvUQXeU5Y,0,0,0,0,0,1
zulu_4_00039,Abomthetho abazojezisa abaputshuze eleMaths,0,0,0,0,0,0
zulu_4_00040,Abamatekisi bavale imigwaqo bebhikisha,3,0,0,0,0,0
zulu_4_00041,Abanikazi bendlu bafuna bajeze abadlwengula,0,0,0,0,0,0
zulu_4_00042,Kusolwa amasosha ngabadutshulwe bentshontshelwe izinkomo,0,0,0,0,0,0
zulu_4_00043,Kuphume izidumbu kubangwa usikilidi ka-50 cents,0,2,0,0,0,0
zulu_4_00044,Kuhlulwe iThe Soil wagxeka ama-Satma,2,0,0,0,0,0
zulu_4_00045,Kukhalwa ngothishanhloko kuphahlazeka ibhanoyi,0,0,0,0,0,0
zulu_4_00046,EZOTHANDO: Umkhwekazi ugxambukela ezindabeni zomuzi wethu,0,0,0,0,0,0
zulu_4_00047,Uyagxekwa owengane ebidukile,0,0,0,0,0,0
zulu_4_00048,Basifuna la isinxephezelo abadilizelwa,1,0,0,0,0,0
zulu_4_00049,Itwetwe emndenini kuqothwa abazali ngesibhamu,0,3,0,0,0,0
zulu_4_00050,Bakhululekile kuboshwa abasolwa ngodlame,0,0,0,0,0,0
zulu_4_00051,"@SABCizindaba #lunchtimenews amaphoyisa avele adonsa izibhamu adubula abafundi ngaphendle kwesizathu?lo mphenyi uthini mangabe ethi kwakungabhishwa, kungashiswa mathayi, kungajikijelwa🤷‍♂shuthi amaphoyisa ayahlanya makunjalo.",0,0,0,1,0,0
zulu_4_00052,Udinwe wacela bamdedele obekhuhliswa ibhentshi,1,0,0,0,0,0
zulu_4_00053,Abashushisi bathi uNinow wayekuhlelile ukudlwengula eDros,0,0,0,0,0,0
zulu_4_00054,@ms_tourist @Bianca79105785 @mabule_sam @Sdudladudla @somkheleomkhulu Banyastrong futhi badliwa manxazonke🙈,0,0,0,0,0,0
zulu_4_00055,Bala ukhasha emachwebeni ngobhubhane,0,0,0,0,0,0
zulu_4_00056,Kugxekwe uToya Delazy ngokubhinca ibheshu,0,0,0,0,0,0
zulu_4_00057,Abekho abasetshenziswayo - Cele,0,0,0,0,0,0
zulu_4_00058,Bebetsheleka imali khona bezophisana ngayo ngoba thina shuthi asiyidingi🥴 https://t.co/t4WE5M0X3I,0,0,0,0,0,0
zulu_4_00059,Abanye abafundi abakhala ngokucwaswa ngokwebala,0,1,0,0,0,0
zulu_4_00060,Bakhala ngotsotsi abokufika abaxoshwe emiqashweni,0,0,0,0,0,0
zulu_4_00061,Bakhalinywe sebedayisa impahla   kasonkontileka abebengaholi,0,0,0,0,0,0
zulu_4_00062,Kuboshwe umfundi ecaleni lokugqekeza,0,0,0,0,0,0
zulu_4_00063,Sonke underground gang iyasinyisa noma kwenziwamina islima? What a mgowo 😩,0,1,0,0,0,0
zulu_4_00064,Usigaxamabhande ejele ngamacala enkohlakalo,0,0,0,0,0,0
zulu_4_00065,Babuye bephoxekile omaskandi kubhuntsha umcimbi,0,1,0,0,0,0
zulu_4_00066,Kuboshwe abawu-100 kutholana phezulu amaphoyisa nabokufika eKapa,0,0,0,1,0,0
zulu_4_00067,Bafuna isinxephezelo ngobulawe amaphoyisa,1,0,0,0,0,0
zulu_4_00068,Badliwe futhi laba 🤦🏻‍♂️🙈😂 hhayi madoda 🏴‍☠️ 😂😂,0,0,0,0,0,0
zulu_4_00069,Bakhala ngemiholo nokunye osonhlalakahle,1,1,0,0,0,0
zulu_4_00070,@noksy_k Umunt akadle la adliwa khona 🤣,0,0,0,0,0,0
zulu_4_00071,"…dabula amazulu, ehla manje, enzela mina, ngiyakudinga Moya oyiNgcwele…🧚🏾‍♀️🙏🏾✨",0,0,0,0,0,0
zulu_4_00072,Bakhala ngotwayi nemikhuhlane abahlengikazi ePrince Mshiyeni,0,0,0,0,0,0
zulu_4_00073,Kuboshwe amaphoyisa esemsebenzini,0,0,0,0,0,0
zulu_4_00074,Bazosibulala abantu mese niyahluleka kubabopha 🤷🏽‍♂️ https://t.co/PN1NruhsYf,0,0,0,0,0,0
zulu_4_00075,Bagcwale umgwaqo bekhala ngokonakele,2,0,0,0,0,0
zulu_4_00076,"Nakhu la sikhona ngaleskhathi. Awuqine ushuni kadangala majongo, akukhushukwe! Drip Law: Every szn is denim szn. 😅☔️ https://t.co/ljHI4TAYqw",0,0,0,0,0,1
zulu_4_00077,Bakhale ngamathuba omsebenzi bebhikisha,2,0,0,0,0,0
zulu_4_00078,Bavale umgwaqo bebhikishela ugesi,3,0,0,0,0,0
zulu_4_00079,Kufunwa abalisa abangasiza kwawokudlwengula,0,0,0,0,0,0
zulu_4_00080,Benza nje obaba benu ebsuku 😭 bebizwa ngo “baby”... https://t.co/b4quX9ckYI,0,0,0,0,0,0
zulu_4_00081,Osafufusa ukhala ngokudlelwa iculo nguZahara,0,1,0,0,0,0
zulu_4_00082,Bajatshuliswe yisinqumo semantshi kwelokubulala,0,0,0,0,0,2
zulu_4_00083,Kuxakile ukungcola enkantolo yeMantshi kwaNongoma,0,0,2,0,0,0
zulu_4_00084,Kthiwa kunesale eZara anithenge nizoswenka bosisi🗣🗣🗣 niyeke futhi ukuthi angnenzeli lutho,0,0,0,0,0,0
zulu_4_00085,UBabes Wodumo ugqigqa kodokotela,0,1,0,0,0,0
zulu_4_00086,Lavele lama leliwashi...ngifuna ukuyonatha mina 🥃🥃,0,0,0,0,0,0
zulu_4_00087,@Madlala_TM @eNCA In the mean time babusy to pleases abanye abantu behlulwa ukusiza abantu babo(thina) ungafunga ukuthi khona okukhulu okufihlwayo esingakwazi thina it is soooo annoying to think about it😫😠,1,0,0,0,0,0
zulu_4_00088,Kuphenywa ngabathelwe ngezinhlamvu babulawa,0,2,0,0,0,0
zulu_4_00089,Kubhubhe-19 ezingozini zomgwaqo,0,2,0,0,0,0
zulu_4_00090,Kumnandi nje kudla muntu womuntu phinde udle yena 🤝,0,0,0,0,0,0
zulu_4_00091,Bahleli lubhojozi abangenelwa abazenza amaphoyisa,0,0,0,0,0,0
zulu_4_00092,Ugqugquzeleke wakhipha inoni elisha uNtando,0,0,0,0,0,0
zulu_4_00093,"@shange033 Uzoba goba kwaal😂banamaga! Abakwaz kahle wena, bakuzwa ngendaba😂",0,0,0,0,0,0
zulu_4_00094,Badla ngamapayipi abadla ngopholoni,0,0,0,0,0,0
zulu_4_00095,@ndhile_dlamini Bavuka ngo-2 laba. Bagqoke ama-gown batende nawo yonke imigwaqo le bengageze nakugeza. Nophaqa abanamazambane ezithendeni. 😔,0,0,2,0,0,0
zulu_4_00096,Kufunwa abaqothe abayisithupha,0,0,0,0,0,0
zulu_4_00097,Udedeliwe ‘odlwengule’ owajikiselwa isifonyo,0,0,0,1,0,0
zulu_4_00098,Abadelile ingakaboshwa nemenenja yeTheku,1,0,0,0,0,0
zulu_4_00099,UZodwa Wabantu uxoshelwe isimilo eZambia,0,0,0,2,0,0
zulu_4_00100,Aphumula ama fruit ukubiliswa. 💀,0,0,0,0,0,0
zulu_4_00101,Kulimale abokufika kuhlakazwa imashi yabo,0,1,0,0,0,0
zulu_4_00102,Kuboshwe umlisa nezinkomo ezibulewe,0,0,0,0,0,0
zulu_4_00103,"@oo_tt_oo_ Aybo aybo lapho uMonday, kuyashisa, anginamdlandla😩😩😩",0,0,0,0,0,0
zulu_4_00104,Kusolwa impakamo emiswa kuZalo,0,0,0,0,0,0
zulu_4_00105,Ugxeke abahleka umuzi kanina kaLanga,0,0,0,0,0,0
zulu_4_00106,Mina kodwa ngijola neslima 😭😭😭😭😭😭,0,0,0,0,0,0
zulu_4_00107,@crimeairnetwork -uthi isgele asikho kanti ubaselwa ukuthi usele emashini 😹,0,0,0,0,0,0
zulu_4_00108,'Ukuvikela izikhulu kudla omasipala' - Hlomuka,0,0,0,0,0,0
zulu_4_00109,Abagibeli bakhala ngamabhasi,0,0,0,0,0,0
zulu_4_00110,Abalandeli baphawula ngokuxoswha kukaHunt,0,0,0,0,0,0
zulu_4_00111,Basenkingeni othisha abaholelwa yizikole,0,0,0,0,0,0
zulu_4_00112,UZikalala ungabaza omakadebona,0,0,0,1,0,0
zulu_4_00113,Usekhathele ukungcwaba amaphoyisa,0,0,0,0,0,0
zulu_4_00114,Inhlokomo amaphoyisa enqatshelwa ibheyile,0,0,0,0,0,2
zulu_4_00115,Isitimela sibashumpule amakhanda,0,3,0,0,0,0
zulu_4_00116,Siyalwa nokubulawa kwamaphoyisa: Cele,0,0,0,0,0,0
zulu_4_00117,Owabhubhudla imali kamasipala ezikhindini,0,0,0,0,0,0
zulu_4_00118,Are groceries expensive or kwenziwa mina islima? 😩😩 Aibo angikho right ngamanani,0,0,0,0,0,0
zulu_4_00119,Ukhala ngokucwasa owe-DA,0,0,0,0,0,0
zulu_4_00120,Baboshiwe 'ababulale' obebagibelise emotweni,0,2,0,0,0,0
zulu_4_00121,Kanti naniqinisile ukuthi niyanyobana emgrooveni?🙁 cha ningehlule singalwanga https://t.co/2vsxyA1j85,0,0,0,0,0,0
zulu_4_00122,Bagencwe bangqongqiswa kusolwa ubuthakathi,2,0,0,0,0,0
zulu_4_00123,Umisiwe kowokudansa owe-Afrotainment,0,0,0,0,0,0
zulu_4_00124,Bavuke umbhejazane belwa nokulethwa kwabaneCorona,2,0,0,0,0,0
zulu_4_00125,Baqhinqe ehhovisi ngenxa yamaholo,2,0,0,0,0,0
zulu_4_00126,Indodakazi kaHani ikhala ngabaholi ababhubhudla imali,0,0,0,0,0,0
zulu_4_00127,Adinwe athelwa ngamanzi amadodana kaMotaung,0,0,0,0,0,0
zulu_4_00128,‘Amacala okuhlukunyezwa awabikwa’,0,0,0,0,0,0
zulu_4_00129,Kuboshwe abanye kwelokuqola,0,0,0,0,0,0
zulu_4_00130,Kuboshwe abaqashi abephula ekathaqa,0,0,0,0,0,0
zulu_4_00131,Kuthunjwe umfundi osolwa ngokweba iselula,0,1,0,0,2,0
zulu_4_00132,Babonge amakholwa abakhele indlu enesithunzi,0,0,0,0,0,2
zulu_4_00133,"Nikwi chillas lapho uqambe amanga nakwi thekeni,naboke oMpilo sebenza ama live on Facebook bajabuliswa utshwala, vele kuthi angiphahlaze ifoni yesfebe phansi🤦‍♂️🤦‍♂️",2,0,0,0,0,0
zulu_4_00134,Umnyango uphika eyokushoda  kwemibhede,0,0,0,0,0,0
zulu_4_00135,Isigwebo kwawokudlwengula,0,0,0,0,0,0
zulu_4_00136,Umisiwe ‘onukubeza’ odado esikoleni,0,0,1,0,0,0
zulu_4_00137,Kuboshwe iphoyisa kwebiwa izishaqane esiteshini,0,0,0,0,0,0
zulu_4_00138,Baququdwa amakhaza abekwaito,0,2,0,0,0,0
zulu_4_00139,I-Pirates izodlala ne-Esperance ibanjelwe,0,0,0,0,0,0
zulu_4_00140,Bavale umgwaqo befuna itiyela,3,0,0,0,0,0
zulu_4_00141,Abafundi bavuke indlobane bengafuni ukugadwa,2,0,0,0,0,0
zulu_4_00142,UZahara ukhala ngokuphendulwa ihlaya,0,1,0,0,0,0
zulu_4_00143,Uthisha ubhaxabula umfundi ngepayipi,2,1,0,0,0,0
zulu_4_00144,Baqome ukuqhinqa othisha sebedelile ukuhlukumezeka,0,0,0,0,0,0
zulu_4_00145,Siyeke kanjani ukuhlupheka sidukiswa abasihlolelayo?,0,0,0,0,0,0
zulu_4_00146,@Twana_Mashandu -just imagine! lmao aibo mina ngavuswa amaphoyisa ngekhiye ngilele 😭,0,0,0,0,0,0
zulu_4_00147,Amaphoyisa adudulwe ngenganono emngcwabeni,0,0,0,2,2,0
zulu_4_00148,Kubhuntshe eyegqubu kaTete noMthalane,0,0,0,0,0,0
zulu_4_00149,"@Untulizempi28 Abantu abangazange beqhathwe, bafuna ukshawa zinsizwa🤞🏾",1,0,0,0,0,0
zulu_4_00150,Abayizwa eyokugixabezwa kwamaphoyisa kamasipala  'angabonakali'      ngezigidi,0,0,0,0,0,0
zulu_4_00151,ESoweto bahlela ukuvala imigwaqo bekhononda ngokunqanyulelwa ugesi,3,0,0,0,0,0
zulu_4_00152,Cha ave kuba buhlungu uma i side chick kthiwa iyashada 😭,0,0,0,0,0,0
zulu_4_00153,Abantu abadala bayadlula laba ababizwa ngama butho kuye kugaywe isizulu kuphuzwe nje insipho nizichithe igceke lonke. 🙃 https://t.co/a5YJ8KxIzI,0,0,0,0,0,0
zulu_4_00154,Waze wangcupha umuntu kodwa ngizothula 💀😪,0,0,0,0,0,0
zulu_4_00155,"Mina ngeke ngivakashe kini, angidli go ngiphumuzwa ukulala 😭",0,0,0,0,0,0
zulu_4_00156,"Sqale kthangi lokhu ukujola,usuvumbuka namapotmende usuzohlala nami,😯 mameshana udla nhloboni yes'layi",0,0,0,2,0,0
zulu_4_00157,Umphakathi uhlomule ngamaloli amanzi,0,0,0,0,0,2
zulu_4_00158,Intukuthelo kunyuka imali yokugibela eNtshangwe,2,0,0,0,0,0
zulu_4_00159,If kwangabuya utshwala mhlaka1 ngiyabuyeka 😌 sebukhulunyelwe kakhulu 😏,0,0,0,0,0,0
zulu_4_00160,“ awukwazi ukuthi kunendoda ebhonga phezukwakho bese uvukuzimali komunyumuntu” yey yakhuluma nansinsizwa🤦🏾‍♂️ https://t.co/kTRT2K4EVZ,0,0,0,0,0,0
zulu_4_00161,Kuphele amaqhinga egwetshwa odilikajele,0,0,0,0,0,0
zulu_4_00162,"Ngingakabunjwa, wayengazi. [Sengingibunjiwe wayengazi]"" Asiphakamise izithunywa 🕯🕯🕯🙌🏾 Ingathi uThixo anganembatha ngamandla okuqhubekela phambili noma kunzima. Sengathi Omdala kunezinsuku anganihlenga, aniphephise ezingozini, nasemgadlweni, nasezifungweni, nalapho",0,0,0,0,0,0
zulu_4_00163,"Gondo bhejel’ abafazi, yithi izinsizwa, aakhale nxa zonke bafana bakithi. 🔥 https://t.co/6lySEGOAM2",0,0,0,0,0,0
zulu_4_00164,Abakhubazekile bafunda bempintshene,0,1,0,0,0,0
zulu_4_00165,"nani nivuke niphez’ kwesfuba ☺️, noma kyoze kulunge one day? 🥴",0,0,0,0,0,0
zulu_4_00166,Kuzofihlwa umlotha wolothiswe eBahamas,0,0,0,0,0,0
zulu_4_00167,Sebemumi emphinjeni abekwaito abagoloza nerenti eflethini,0,0,0,0,0,0
zulu_4_00168,Uchithiwe obefuna ukususwa amankwahla,0,0,0,0,0,0
zulu_4_00169,Kubongwa abahlengikazi ngokuyibamba ishisa,0,0,0,0,0,0
zulu_4_00170,UYeye akazimisele ngokuwaphanyeka,0,0,0,0,0,0
zulu_4_00171,Izimpohlo zikhala ngoneka amaphenti budlabha ehostela,1,0,2,0,0,0
zulu_4_00172,Basabisa ngokungena ngodli emafulethini,0,0,0,0,0,0
zulu_4_00173,"@Tsepiso_MK Nami ke big crowds kuyanyiwa, kuZonke ngiseKapa kwathi sekukhanyiswe amafowni ngabona ukuthi Jereva nansingxaki isizoqala ngacela ukuthi akwengidedelwe ngijabule iningi lemali engiyikhokhile ngingasezobona lutho🙈🙈",0,0,0,0,0,0
zulu_4_00174,😂😂😂 mina ngiphithizela mase kuphakwa. https://t.co/yqs7SWSIdO,0,0,0,0,0,0
zulu_4_00175,Ingwadla ngokhishwe esibhedlela esagula,0,2,0,0,0,0
zulu_4_00176,Zishaya ushindindi uma zingibona ziyangishalazela zibheka le. 😂😂 https://t.co/Xigak6QQIT,0,0,0,0,0,0
zulu_4_00177,OweBaroka FC uchitha eyokugwazelwa,0,0,0,0,0,0
zulu_4_00178,Abasebenzi basabisa ngokuteleka bacime nogesi kuleli,3,0,0,0,0,0
zulu_4_00179,Kubhlungu umpimbo kugwinyeka kanzima lapho ngihalela inyama yenhloko kanjan eyyyy 😫,0,1,0,0,0,0
zulu_4_00180,Umsindo ngamavawusha egilosa yabahlwempu eMlaza,1,0,0,0,0,0
zulu_4_00181,Ngifuna u 350 wami aybo😭😭 Kanti kwenzenjan,0,0,0,0,0,0
zulu_4_00182,Kuzogcwala abadlali bebhola lombhoxo Eyadini,0,0,0,0,0,0
zulu_4_00183,Umasipala ugxekwa ngokungakheli  abantu abahlwempu izindlu,0,0,0,0,0,0
zulu_4_00184,Uqaphelise abesifazane abashaya ungqimphothwe,0,0,0,0,0,0
zulu_4_00185,"Kukhona okunuka santungwana la, why kungabizwa izinsizwa?😳😳🤣🤣🤣 https://t.co/Z5jFZ90Itn",0,0,0,0,0,0
zulu_4_00186,Kushiswe izitolo zabokufika ePitoli kwebiwa nempahla,3,0,0,0,0,0
zulu_4_00187,Kufufusa isiteleka sabeNsfas,2,0,0,0,0,0
zulu_4_00188,Umisiwe ‘opotoza’ abakhulelwe emtholampilo,0,0,0,0,0,0
zulu_4_00189,Kuviliyele abomthetho kugujwa eyamadoda,0,0,0,0,0,0
zulu_4_00190,Kufunwa onyamalale elibangise ekhaya,0,2,0,0,0,0
zulu_4_00191,Ubaleke wayobhaca osongelwa ocingweni,0,0,0,0,3,0
zulu_4_00192,Kuthiwa bebeyaphi e Italy nje Sofela izigwili 😩,0,0,0,0,0,0
zulu_4_00193,Kume ukufunda kubangwa uthishanhloko omusha wesikole,0,0,0,0,0,0
zulu_4_00194,U-Ayanda ugajwe wusizi wahlulwa wukuya kokaSfiso,0,0,0,0,0,0
zulu_4_00195,Basabisa ngesiteleka abamatekisi,1,0,0,0,0,0
zulu_4_00196,"""awu Lacoste aw'dedele nigga..hawe hawe Lacoste hawe..ishu ishuuuuuuuuuu ishu ishu ishu..akasashoni ke phansi manje umaLacoste angazi yin'nda- ishuuuuu..correct correct maLacoste."" 😂😂😂😂😂😂😂 omajitha awanalo iqiniso, uphenduka inyoni ek'seeeeeni! // cc @JabulaniJay_Jay",0,0,0,0,0,0
zulu_4_00197,Sebegadwa ngabazali othisha abasatshiswayo,0,0,0,0,2,0
zulu_4_00198,Kuthungathwa amawele aduke ebalekela ukuthethiswa,0,0,0,0,0,0
zulu_4_00199,@Stundero_007 Yaz nje amabhadi lokhu sidunuselwa 🤦🏾‍♂️,0,0,0,0,0,0
zulu_4_00200,Bahubhane esteji bebanga ingoma,1,0,0,0,0,0
zulu_4_00201,ISanef idumele kuhlukunyezwa izintatheli,0,1,0,0,0,0
zulu_4_00202,Baphoselwe inselelo yamanzi abafundi,0,0,0,0,0,0
zulu_4_00203,Baboshiwe abemoto esaphaze izinhloko,0,0,0,0,0,0
zulu_4_00204,Ufikelwe umunyu ehlonishwa ngakubo,0,0,0,0,0,0
zulu_4_00205,Namuhla umuntu upheke amanyala nje 😬💀,0,0,1,0,0,0
zulu_4_00206,Kuboshwe amakhansela amathathu eThekwini,0,0,0,1,0,0
zulu_4_00207,Ukhandwe ngamatshe obedukile,0,2,0,0,0,0
zulu_4_00208,Bavivela ukuya enkantolo abaseka uGumede uma exoshwa,0,0,0,0,0,0
zulu_4_00209,Babhikishele uthisha 'obudlonya' esikoleni,2,0,0,0,0,0
zulu_4_00210,Izifundiswa ezingasebenzi zicikwa yizikhulu,2,0,0,0,0,0
zulu_4_00211,Basakhoselisiwe abokufika ababaleke ezindaweni zabo,0,0,0,0,0,0
zulu_4_00212,Nashoke ukuthi ngoba sixoxela sihlekela la khona abangazwani nokushidaba 🙁 ay bandla https://t.co/1P4tp5dsHy,0,0,2,0,0,0
zulu_4_00213,Unengwa wukusebenzela ekhaya owoKhozi,2,0,0,0,0,0
zulu_4_00214,Inhlasi yethemba kwabatshala imali kuSgumza,0,0,0,0,0,0
zulu_4_00215,Kukhonjwa iwunga kudutshulwana kufiwa,0,0,0,0,0,0
zulu_4_00216,"Sengisaba noku thimula, forget nje to cough. 😩",0,0,0,0,1,0
zulu_4_00217,Ngitusa okwenziwe wuMshengu eMenzi,0,0,0,0,0,0
zulu_4_00218,@CobhozaR Noma kungathiwan bafo ungalal ngamasokisi 😂,0,0,0,0,0,0
zulu_4_00219,Odilika neminyaka kwababulala abasehostela,0,0,0,0,0,0
zulu_4_00220,Kushubile amawele akubo kaMjik'jelwa ebanga ubuholi,0,0,0,0,0,0
zulu_4_00221,Kuvuswe abesifazane abahlukunyezwa ngabathandana nabo,0,1,0,0,0,0
zulu_4_00222,Kusolwa abadla umhlaba eCato Crest kushiswa amahhovisi omnyango,0,0,0,0,0,0
zulu_4_00223,U-Enhle Mbali ugeqe amagula 'ngokuhlukunyezwa' wuBlack Coffee,0,0,0,0,0,0
zulu_4_00224,"Makhulu amathuba okuthi abalimi babulawe, kusho uZille",0,0,0,0,0,0
zulu_4_00225,Kusolwa umhobholo kwabezitolo ezinkulu,0,0,0,0,0,0
zulu_4_00226,Uncame ukushiya kunokuqhinqa ebhentshini,0,0,0,0,0,0
zulu_4_00227,Ufuna kuphenywe ngethenda yesidididi,0,0,0,0,0,0
zulu_4_00228,‘Azisebenze izinhlelo ezilwa nokubulawa kwabesifazane’,0,0,0,0,0,0
zulu_4_00229,Sebezwakalise ukukhathazeka abohlangothi lukaRamaphosa,0,0,0,0,0,0
zulu_4_00230,Acasukile amabhinca ngokucwaswa,2,0,0,0,0,0
zulu_4_00231,Amakhosi akhathazwa ukuphambana kwezidumbu,0,0,0,0,0,0
zulu_4_00232,"@yonwaba_mzizi Bra, hayi ngikhathele mina 🤦🏽🤦🏽",0,0,0,0,0,0
zulu_4_00233,Amaphoyisa aqhwaga abantu imizi yabo eMlaza,0,1,0,0,0,0
zulu_4_00234,Bafuna uphenyo ngokulamba kwabagonqile  e-Addington,0,2,0,0,0,0
zulu_4_00235,Bafuna baboshwe ababulele umlutha wewunga bawugqiba,0,0,0,0,0,0
zulu_4_00236,Uya enkantolo kwelokuxoshwa,0,0,0,0,0,0
zulu_4_00237,UKhongolose uvivela izingqungquthela zezifunda,0,0,0,0,0,0
zulu_4_00238,Buka: UZodwa Wabantu uhlinzwe odokotela 'evuselela' inanazi,0,0,0,0,0,0
zulu_4_00239,"Niney'nsizwa ngakini qhawe, Thina sishaya indishi nje le eyeshaya asiyazi 😂😂👍👍 https://t.co/BgTqSlrOk8",0,0,0,0,0,0
zulu_4_00240,"Yabo I month end, nama salaries 😩🥹. Izosbulala lento.",0,0,0,0,0,0
zulu_4_00241,Abaphisa utshwala bakhathazwa wukwanda kwabenza ugologo owumbombayi,0,0,0,0,0,0
zulu_4_00242,Bashenxe banconywa uMabe noKodwa,0,0,0,0,0,0
zulu_4_00243,Babalisa ngamaphoyisa kufa abantu edembesela,0,0,0,0,0,0
zulu_4_00244,Bavale umgwaqo bethi abanakiwe,3,0,0,0,0,0
zulu_4_00245,Kukhalwa ngabasebenzi bamasipala weTheku abahuqa ubuthongo emapaki,0,0,0,0,0,0
zulu_4_00246,Bakhala ngokulahlekelwa amakhasimende abotshwala,0,0,0,0,0,0
zulu_4_00247,Ingwadla ngoweBafana efahlaka ithambo,0,0,0,0,0,0
zulu_4_00248,Kushe ingane nonina kuthungeleka umjondolo,0,0,0,0,0,0
zulu_4_00249,Unqabe ukufaka isicelo sebheyili osolwa ngokubulala eGlebe,0,0,0,0,0,0
zulu_4_00250,Iziboshwa zingqongqise ngomlilo omatilasi zivimbela izikhulu,2,0,0,0,0,0
zulu_4_00251,Osonkontileka basabisa ngokuvala amanzi eThekwini,0,0,0,0,0,0
zulu_4_00252,UBen 10 uzobabulala ngamahlaya eSunCoast,0,0,0,0,0,0
zulu_4_00253,Kushenxe obesatshiswa oNgoye,0,0,0,0,0,0
zulu_4_00254,Izigebengu zingcwatshwe okwamaqhawe elokishini,0,0,0,0,0,0
zulu_4_00255,Ucasulwe wukuphoxwa kutshalwa inkosi,1,0,0,0,0,0
zulu_4_00256,@Daisythando18 -lapho bengqamba amanga ngithi ngise balito 😭,0,0,0,0,0,0
zulu_4_00257,@u_ratoe Sbwl to have your plug. Sebuyaphela ngala 😭,0,0,0,0,0,0
zulu_4_00258,Bacasulwe ukuhlehla kwesigwebo abagilwa,1,0,0,0,0,0
zulu_4_00259,Mina ngiwu Sisi nasekhaya vele ngbizwa kanjalo 🤣🤣🤣 https://t.co/YjRy1CIjyq,0,0,0,0,0,0
zulu_4_00260,Bebelwa amaphenti bewaneke ocingweni,0,0,0,1,0,0
zulu_4_00261,Kugwetshwa  abalandeli bodlame eMabhida,0,0,0,0,0,0
zulu_4_00262,"Ngimubi kakhulu nges’Kopelatshwarelo manjena, ngeke nisakhava. 😤",0,0,0,0,0,0
zulu_4_00263,Ngihlaba ukuhlukunyezwa kwabesifazane,0,0,0,0,0,0
zulu_4_00264,@mtandile Abafethu baGraayndwa ekseni nje kusa🥲,0,0,0,0,0,0
zulu_4_00265,Ingebhe kulwa abe-ANC nabeNkatha kukhankaswa,0,0,0,0,0,0
zulu_4_00266,Ufuna ubulungiswa ogwazwe elamula,0,0,0,0,0,0
zulu_4_00267,Mine bengitsi ngitsi I love you lokwe keyboard bekulandzelisa Sandile yoooo😭😭😭😭 I had to change phones https://t.co/NBhp742g8Y,0,0,0,0,0,0
zulu_4_00268,"@ceesee_ Ey mfethu, ngibuhlungu kanjan khona manje nami. Now I'll be tempted to upgrade noma ngingaqondile ke 😭",0,1,0,0,0,0
zulu_4_00269,"Abantu bezikhala cishe bangiqeda ngoo ""speaker"" ngithi bakhuluma ngemikhandlu 😭 Jack waze wasigila nge busy I hate it here.",0,0,0,0,0,0
zulu_4_00270,@_RealBruce Ey we Ndoda and beku busy iscefe namhlanje ngidinga u beer obanda mpo 😅,0,0,0,0,0,0
zulu_4_00271,Ngeke kusize ukuvika ngebhanisi kwababanjwa bephuzile emgwaqeni - Nzimande,0,0,0,0,0,0
zulu_4_00272,Kufunwa umkhondo  womfundi okunamasonto enyamalele ekhaya,0,2,0,2,0,0
zulu_4_00273,Bakhala ngamaphoyisa abancinze amankwahla efuna izibhamu,0,0,0,0,0,0
zulu_4_00274,@Mkhuh_Mbulazi @thobilenguban18 Awuuuu kodwa Mbulazi ngikukhonze kanje mina 🥺🥺🥺 OK masimnqande sobabili ke 😂😂😂,0,0,0,0,0,0
zulu_4_00275,Baqhinqile befuna ukusebenza isikhathi esengeziwe,0,0,0,0,0,0
zulu_4_00276,Bajabhile kuvalwa inkampani yamabhasi iGreyhound,0,2,0,2,0,0
zulu_4_00277,Badedelwe abalandwa eChina,0,0,0,0,0,0
zulu_4_00278,Bengithi ngyaqaqa konakala😭😭sengoqawqa kahle ksassa,0,0,0,0,0,0
zulu_4_00279,Usdudla usefuna ukudla futhi 🙊🙉🙈🙈,0,0,0,1,0,0
zulu_4_00280,Kuboshwe ofake ingane ethoyilethi,0,0,0,0,0,0
zulu_4_00281,"Imnandi Kakhulu Mayintshontshiwe😋🍑 Angishoke ukuthi nidlwengule sengosho mekzothiwa ""we shouldn't be doing this""",0,0,0,0,0,0
zulu_4_00282,Kuwashubele amadoda asolwa ngokubamba inkunzi ezenza abathengi,0,0,0,0,0,0
zulu_4_00283,Uvalo kuhoxiswa izicelo kwabesibhakela,0,0,0,0,0,0
zulu_4_00284,Kufunwa owaduka eyokhokha imali yemoto,0,1,0,0,0,0
zulu_4_00285,Kubhubhe othisha besikole sodumo,0,0,0,0,0,0
zulu_4_00286,Ayicutshungulwe eyelobolo elimba eqolo singekho isidingo,0,0,0,0,0,0
zulu_4_00287,Umshushisi uthi uyabanjezelwa kwelomfundisi Tim Omotoso,0,0,0,0,0,0
zulu_4_00288,Kudutshulwe osomatekisi,0,2,0,0,0,0
zulu_4_00289,Bakhala ngamaphoyisa adembeselayo abafelwa,0,0,0,0,0,0
zulu_4_00290,Abasakazi bakhala ngokubanjiswa udonga,0,0,0,0,0,0
zulu_4_00291,Kuboshwe inqwaba ephule imibandela,0,0,0,0,0,0
zulu_4_00292,"Kuyabhuduzelwa nje, top notch mud football 😏 #DStvPrem",0,0,0,0,0,0
zulu_4_00293,Ucikwe wukuputshuka kwezeqembu,1,0,0,0,0,0
zulu_4_00294,Aybo base beba suicidal kangaka abantu.please ningazibulali asiyincengeni noma inzima lempilo 🙇🏿‍♂️,0,0,0,0,0,0
zulu_4_00295,Kuthungathwa abasolwa ngokuthumba,0,0,0,0,0,0
zulu_4_00296,Kuvela okulethele uHlatshwayo ibhande efika kweZimnyama,0,0,0,0,0,0
zulu_4_00297,Basabisa ngokulaxaza ushoki,0,0,0,0,0,0
zulu_4_00298,@Xolani_Chiliza Kubonga mina mfoka Mdunge 🙏🏾👊🏾,0,0,0,0,0,0
zulu_4_00299,Imindeni ehlwempu ibuyele emakhaya nezijumbane nezibulali magciwane,0,0,0,0,0,0
zulu_4_00300,Batakulwe wumasipala abashelwe,0,0,0,0,0,0
zulu_4_00301,"Wadlala ke uThukzin bafets 😭🔥 , Kodwa ke ku 322 ngathi badlalela ka Cash Crusaders 💀 #LockdownHouseParty #BASEmentBattle",0,0,0,0,0,0
zulu_4_00302,Bakhala ngamanzi 'angekho' bebona ezigelezela emgwaqweni,0,0,0,0,0,0
zulu_4_00303,Bakhelwe izitolo abazodayisela kuzona abahwebi baseNkandla,0,0,0,0,0,0
zulu_4_00304,Bavale umgwaqo bekhala ngobugebengu,2,0,0,0,0,0
zulu_4_00305,@Ezingelayo Sebeyaziwa ukuthi bacushwa ngani. 😂,0,0,0,0,0,0
zulu_4_00306,Bafuna kube yicala ukubandlulula,0,0,0,0,0,0
zulu_4_00307,Lilokhu ligobhozile igazi emahostela,0,2,0,0,0,0
zulu_4_00308,Isililo ngamakhansela agweva namaphasela okudla,0,1,0,0,0,0
zulu_4_00309,Bahlakazwe ngezenjoloba bebhikisha,2,0,0,0,0,0
zulu_4_00310,Zibukele amaphoyisa ejikijela abasolwa ngama-aphula,0,0,0,0,0,0
zulu_4_00311,Kuboshwe amaphoyisa 'antshontsha' utshwala ngesikhathi sikathaqa,0,0,1,1,0,0
zulu_4_00312,OweChiefs unamaphupho okudlondlobala  aye phesheya,0,0,0,0,0,0
zulu_4_00313,Bakhalelwe ngamasongo kaSigonyela sebeqa umngcele,0,0,0,0,0,0
zulu_4_00314,Kuzosizwa ababhuqwa isomiso eXobho,0,0,0,0,0,0
zulu_4_00315,Amadoda aphika awokubulala eGlebelands,0,0,0,0,0,0
zulu_4_00316,Bahlalele ovalweni ‘kucanasa’ amabhubesi,0,0,0,0,3,0
zulu_4_00317,Ndoda endala kangaka ayijoli...khona umhlaba ubhubha nje😏 https://t.co/Xcv9CPMejn,0,0,0,0,0,0
zulu_4_00318,Usola uthishanhloko ngokufuna intshontsho,0,0,0,0,0,0
zulu_4_00319,Uzomiswa ebandleni umfundisi osolwa ngokweba ibhokisi,0,0,0,1,0,0
zulu_4_00320,Abantu bathukuthele bavala umgwaqo,3,0,0,0,0,0
zulu_4_00321,Bakhathazekile ngabasebenzi abemboni katshwala,0,0,0,0,0,0
zulu_4_00322,UL'vovo kwabakhululwe yiMabala Noise,0,0,0,0,0,0
zulu_4_00323,Abaphethe uPitso bavivela ukubonana neSundowns enkantolo,0,0,0,0,0,0
zulu_4_00324,You guys nididwa umzimba and impandla. Izinto zasekhaya zonke lezi ayi ngobani 🙄,0,0,0,0,0,0
zulu_4_00325,BUKA: Kungenelele uDhlomo uNdunankulu ewa ethula inkulumo,0,0,0,0,0,0
zulu_4_00326,Kucikeke iziguli zixoshwa esibhedlela,2,0,0,0,0,0
zulu_4_00327,-ngiphethe ama scammer ngingaboshwa Jesu 😭,0,0,0,0,0,0
zulu_4_00328,Kufunwa abesifazane abadlwengule owesilisa,0,0,2,2,0,0
zulu_4_00329,Bandile abanxeshezelwa umshwalense ngomdlavuza,0,0,0,0,0,0
zulu_4_00330,Bashaqekile ngobulawe abemgibelise emotweni,0,0,0,3,0,0
zulu_4_00331,Kwavele kwathi angikhale 🥺waze waxoveka umoya wami😒 sengfisa ngisho utshwala,0,2,0,0,0,0
zulu_4_00332,Izinkunzi zikamaskandi kohlelwa wuProfessor,0,0,0,0,0,0
zulu_4_00333,'Kulo nyaka akuwinwa moto',0,0,0,0,0,0
zulu_4_00334,La engiluka khona kulukwa ugqoke iskhwama 😭😭😭,0,0,0,0,0,0
zulu_4_00335,Ibhemile bebanjwa bebhema ehlathini,0,0,0,0,0,0
zulu_4_00336,Bayanda ababoshiwe bephule okathaqa,0,0,0,0,0,0
zulu_4_00337,Just came back from the toilet ngithi nilele kanti nibambana ngamanga anje la 😂,0,0,0,0,0,0
zulu_4_00338,Imindeni ikhokhiswa izinkulungwane ukungcwaba abebeneCovid-19,0,2,0,0,0,0
zulu_4_00339,Umunyu kufihlwa oweScandal!,0,3,0,0,0,0
zulu_4_00340,Kusolwa imbawula  ngokusha kwemijondolo,0,2,0,0,0,0
zulu_4_00341,Abezindaba abapheli amandla ngoMalema,0,0,0,0,0,0
zulu_4_00342,#CrimeStats: Sinyukile isibalo sokubulawa nokudlwengulwa kwabantu kuleli,0,2,0,0,0,0
zulu_4_00343,Kuboshwe okweleta uR86 000 wamathikithi omgwaqo,0,0,0,3,0,0
zulu_4_00344,Uncamele ukuhlawula ngoR1 million kunokubhadla ejele,0,0,0,2,0,0
zulu_4_00345,Badube ukusebenza abahlola iCovid-19,0,0,0,0,0,0
zulu_4_00346,Bayaveva kuvalwa ukugqebheza kwiMbewu,2,0,0,0,0,0
zulu_4_00347,Bangqongqise umtapowolwazi bebhikisha,3,0,0,0,0,0
zulu_4_00348,Badide abazali bedla ubhedu ezifundweni,0,0,0,0,0,0
zulu_4_00349,Argh! I hate being stood up 😭 kanti mina ngizobhebha nini,0,0,0,0,0,0
zulu_4_00350,[IMIBONO] UNgizwe ngoba uyisangoma akayobhulela abantu,0,0,0,0,0,0
zulu_4_00351,@KabeloMohlohlo Ngiyageza phela mina - ngobisi 🤣,0,0,0,0,0,0
zulu_4_00352,'Ngimbuleke amehlo ngijoyina iDA',0,0,0,0,0,0
zulu_4_00353,Bavale umgwaqo bekhononda ngogesi,2,0,0,0,0,0
zulu_4_00354,Imeya isiza esibhedlela ngesikhathi sobhubhane,0,0,0,0,0,0
zulu_4_00355,UGumede uphika eyokufuna ukubuyiselwa kwesobumeya,0,0,0,0,0,0
zulu_4_00356,Thiwa ayihlabi ngakumisa kanti abalungu ngesilungu bathi don't judge a book by it cover ♥️ mina ngithi of ufuna unozinti oshisayo bamba u MNR wehle noma ikeph eMlazi ucela bakuphe unozinti ⚽ dlala slender dlala Kati… https://t.co/ocfszzm0xH,0,0,0,0,0,0
zulu_4_00357,Basolwa ngokubhubhudla imali oThukela,0,0,0,0,0,0
zulu_4_00358,Ubenamanxeba okugwazwa ofele phezu komjondolo,0,3,0,0,0,0
zulu_4_00359,Kuboshwe otholakale nezibhamu nensangu,0,0,0,0,0,0
zulu_4_00360,Libalahlile ababulala izihlobo kubangwa ubukhosi,0,0,0,0,0,0
zulu_4_00361,@sontondlovu Yebo asbhedelwa thina lapho imnandini😩😩😩,0,0,0,0,0,0
zulu_4_00362,Kugqame eyomhlaba kugujwa usuku lwamalungelo,0,0,0,0,0,0
zulu_4_00363,Iminjunju indodakazi ayingcwaba ivela kwabaphilayo,0,0,0,2,0,0
zulu_4_00364,@KhumaloMphe Sikhishwa ngamakhala la koM'brookeni😂,0,0,0,0,0,0
zulu_4_00365,Bahilane nenkosi ngodaba lwemayini endaweni,1,0,0,0,0,0
zulu_4_00366,Usola umona usomabhizinisi oshiselwe imishini,0,2,0,0,0,0
zulu_4_00367,Usabona umqansa oqhwakele,0,0,0,0,0,0
zulu_4_00368,Amaphara akhala ngesibhaxu emaphoyiseni,0,0,0,0,0,0
zulu_4_00369,Kusenokudideka ngeyokubhenywa kwensangu,0,0,0,0,0,0
zulu_4_00370,Kunomuntu udakwe uze ubhuquza phansi njengoba kunje 🙆🏾‍♂️,0,0,0,0,0,0
zulu_4_00371,Kuma advert otshwala abayithi vu eyebhabhalazi😕. Ukukhohlakala nje,0,0,0,0,0,0
zulu_4_00372,Ulobe incwadi ohlekwa ngobushimane,0,0,0,0,0,0
zulu_4_00373,Kukhishwe amagama eziboshwa ezifunwa uthuli,0,0,0,0,0,0
zulu_4_00374,Ey siyabadakwa kodwa isqatha 😭😭 https://t.co/OVyEBcVLgi,0,0,0,0,0,0
zulu_4_00375,Kodwa Wolves😳😳 sesithi nibabambile labantu,0,0,0,0,0,0
zulu_4_00376,Badonse amehlo kuvalwa owokudla,0,0,0,0,0,0
zulu_4_00377,Kumiswe izikhulu ngethenda yezibhalala,0,0,0,0,0,0
zulu_4_00378,Kusukunyelwa eyabaqola ababhalisela isibonelelo sikaR350,0,0,0,0,0,0
zulu_4_00379,Bangu-353 ababoshelwe awokudlwengula,0,0,0,2,0,0
zulu_4_00380,Udinwe abamgxekayo obetolika kokaNcwane,2,0,0,0,0,0
zulu_4_00381,Sizilile kodwa Kukhona abalokhu besidunusela badayisa nemomozi emini kwa bha😳😭😭😭,0,0,0,0,0,0
zulu_4_00382,Isiqalile ukubhubhudla inkezo kwabasolwa ngokudla imali eVBS,0,0,0,0,0,0
zulu_4_00383,@pallnandi Ngish ilube ungaybhunyela yonke kodwa icondom ilokh ith nam ngkhona kodwa😢,0,0,0,0,0,0
zulu_4_00384,Aibo khona umoya obushaya ngabo 5 ekseni😥,0,0,0,0,0,0
zulu_4_00385,Owekwaito uthi akaxoshwe ungqongqoshe,0,0,0,0,0,0
zulu_4_00386,Induna ishade nebhokisi ikhuzwa,0,0,0,2,0,0
zulu_4_00387,Uhlawulwe ngezinkomo okhunyuliswe isidwaba esitolo,0,0,0,0,0,0
zulu_4_00388,‘Kunqunywa abangu-6 imilenze ngosuku ngenxa kashukela’,0,2,0,1,0,0
zulu_4_00389,Kuzovalwa umzila wamatekisi osuqede abantu,0,0,0,0,0,0
zulu_4_00390,UButhelezi uvukwe umunyu ebalisa ngabafuna ukuthatha umhlaba weSilo,0,1,0,0,0,0
zulu_4_00391,Uvalo ngodlwengula abadala nabancane,0,0,0,0,3,0
zulu_4_00392,Kushaqeke umndeni kutholwa osizayo entanta emanzini,0,0,0,3,0,0
zulu_4_00393,Kufunwa onyamalale nosana luyogonywa,0,3,0,0,0,0
zulu_4_00394,Abashayeli bakhala ngesibhaxu sabanikazi bamatekisi,0,0,0,0,0,0
zulu_4_00395,Kushiswe amabhasi kwabuya amatekisi eMnambithi,2,0,0,0,0,0
zulu_4_00396,'UMbalula wakhala ebizwa kwaGupta',0,0,0,0,0,0
zulu_4_00397,Ey uk'hlaza kanti vele lo mjita 😂,0,0,0,0,0,0
zulu_4_00398,Kusolwa isibhaxu emaphoyiseni bengadli,0,0,0,0,0,0
zulu_4_00399,"o-Anti bayahlupha, umuntu ehlulwe umendo wakhe, abuye azoba ubhongoza la, nywe nywe “kukithi la” fakhi 🤬",3,0,0,0,0,0
zulu_4_00400,"Njengoba wahluleka ukuthwala ngam’ nokungibulala ngeke uphumelele #buyisela lawo mabhodlela aqhumayo mawula, otikoloshe labo bayosebenza kulaba abanye, zama abanye🚺kunqaba sona isidalwa #Angibhenywa mina, angisonsangu!",0,0,0,0,0,0
zulu_4_00401,Abhokile amadoda ngokudlisa abesifazane,0,0,0,1,0,0
zulu_4_00402,'Kuboshwe' amaphoyisa etoyiza,0,0,0,2,0,0
zulu_4_00403,Uboshelwe ukweba ibhokisi,0,0,0,0,0,0
zulu_4_00404,Kukhalwa ngenkosi exosha abafundi,0,1,0,0,0,0
zulu_4_00405,Wadutshulwa exolisa uZolile Khumalo,0,2,0,0,0,0
zulu_4_00406,Amacala angimele namhlanje eyyy...bafethu uma udiniwe unga act ehlisa umoya🤦🏿‍♂️,0,0,0,0,0,0
zulu_4_00407,Kubizwa ngisho asebethathe umhlalaphansi abahlengikazi,0,0,0,0,0,0
zulu_4_00408,Inkosi ibahleka usulu abathi ingcwatshwe isinyenyela,0,0,0,0,0,0
zulu_4_00409,@Lethv_ Lapho mina ngi busy😩,0,0,0,0,0,0
zulu_4_00410,Kukhalwa ngamaphara azitika ngocansi esikoleni eMlaza,0,0,0,0,0,0
zulu_4_00411,Ubhokode uzakwabo wambulala,0,2,0,0,0,0
zulu_4_00412,Bazohleka bodwa abashayeli kwehla uphethroli,0,0,0,0,0,0
zulu_4_00413,Kumiswe uthishanhloko obanjwe nezimpahla zokuntshontshwa,0,0,1,2,0,0
zulu_4_00414,Bakhala ngokuphucwa iqatha emlonyeni osonkontileka,0,1,0,0,0,0
zulu_4_00415,Kufunwa ikhambi ngezimpi zabafundi,0,0,0,0,0,0
zulu_4_00416,Bahlela umbhikisho abaphelelwa umsebenzi emabhange,2,0,0,0,0,0
zulu_4_00417,During the sex 👉🍆🍑 ukhohlwe ukuvala I khethin uzwe ngabashana bethi weee uphuthelwe sebeqedile 😂😂,0,0,0,0,0,0
zulu_4_00418,Imeya igxeka abesifazane abasula amacala,0,0,0,0,0,0
zulu_4_00419,Baphumela obala ngokuhlamuka iMabhida,0,0,0,0,0,0
zulu_4_00420,Isililo kugoduka ingqalabutho,0,2,0,0,0,0
zulu_4_00421,@nuttyy @mlota_azola Lo ngathi uzifunela umasbhebhisane nje 🤣🤣🤣🤣,0,0,0,0,0,0
zulu_4_00422,Kumuncu kwabafakwa ezindlini ezingenawo amathoyilethe eNanda,0,2,0,0,0,0
zulu_4_00423,Bavele enkantolo ababanjwe oqotsheni nezidakamizwa,0,0,0,0,0,0
zulu_4_00424,"@_madlokovu_ Kanye, kabili, lubuya nobhabhula. 😤🎣",0,0,0,0,0,0
zulu_4_00425,Baxoshelwe ama-toilet paper abafundi,0,0,0,1,0,0
zulu_4_00426,Kuboshwe abebehlukumeza umphakathi oLundi,0,0,0,0,0,0
zulu_4_00427,Uthisha ugijimise uthishanhloko ngommese,0,0,0,1,0,0
zulu_4_00428,"@ThembaKaula Nazalwa nimbhethe TK, kunini nisebenzela ekhaya babhemu nonga nopetrol😤 Ai nkosimpela niyadela🤞🏿 bheka nje uzodlamasi usuthe bese uyolala ngesisu🤦🏾‍♂️",0,0,0,0,0,0
zulu_4_00429,Badinwe bavala amahhovisi kamasipala,3,0,0,0,0,0
zulu_4_00430,Baphume ngesamagundane kusha ibhilidi,0,0,0,0,0,0
zulu_4_00431,UThinah ukhala ngabamsola ngokuthi uthwele,0,0,0,0,0,0
zulu_4_00432,Le mbiza icoba intlzyo ngathi imorning sickness 🤢🤮🤢,0,0,2,0,0,0
zulu_4_00433,Baphika bama ngentaba abe-EFF ngobasola ngokuzitamuzela izimali,0,0,0,0,0,0
zulu_4_00434,U-DJ Sbu usekulungele ukushadelwa,0,0,0,0,0,0
zulu_4_00435,Kutakulwa imindeni yaKwaMashu edla imbuya ngothi namhlanje,0,0,0,0,0,0
zulu_4_00436,Kuhlelwa imashi kaSenzo Meyiwa,0,0,0,0,0,0
zulu_4_00437,Baneke usizi lokuhlukumezeka,0,1,0,0,0,0
zulu_4_00438,Amisiwe ukusebenza amaRed Ants asatshwayo,0,0,0,0,0,0
zulu_4_00439,Kuboshwe obethutha insada yensangu,0,0,0,0,0,0
zulu_4_00440,Bavale amasango abazali befuna othisha,2,0,0,0,0,0
zulu_4_00441,Sibondwe sayekwa kuma-quarter final,0,0,0,0,0,0
zulu_4_00442,Baboshelwe ukutholwa nensangu,0,0,0,0,0,0
zulu_4_00443,Ujezisa abafundi 'ngokubawashisa izingubo zakhe',0,0,0,2,0,0
zulu_4_00444,Ugxeka udlame ematekisini nokubulawa kwamakhansela,0,0,0,0,0,0
zulu_4_00445,Basile bafunda kube manziphansi macala onke 😩🤣 https://t.co/grQpYJPE9T,0,0,0,0,0,0
zulu_4_00446,USutcliffe usabisa ngokugonyuluka,0,0,0,0,0,0
zulu_4_00447,"🎵I do, I do my dali 2 by 2 sibambane, ha e duma yastamaya, Buza kusho ubani Unjandin🎵 https://t.co/knp517cL1U",0,0,0,0,0,0
zulu_4_00448,Bafundisa begadwe amaphoyisa,0,0,0,0,0,0
zulu_4_00449,Banqunyelwe okatiki abatelekile,0,0,0,0,0,0
zulu_4_00450,Kunzima emabhasini beholelwa uhhafu weholo,0,0,0,0,0,0
zulu_4_00451,Bagadlana ngengoma ababanga izintombi,0,0,0,0,0,0
zulu_4_00452,Ugaxwe ithayi wangqongqiswa osolwa ngokudlwengula,0,0,0,0,0,0
zulu_4_00453,Amalungu eNFP athuke umholi,0,0,0,0,0,0
zulu_4_00454,"Noba badiniwe andisajiki yi yi yi yi Oh, umuntu wami lona hayi angvumiii Khanda liya duuuma, mawungekh'eduuuze Angek angeke! Ng'dlale ngawe ke! 😭😭😭😭",0,0,0,0,0,0
zulu_4_00455,UZikalala ufuna aboshwe amaphoyisa asolwayo eJozini,0,0,0,0,0,0
zulu_4_00456,Ngimuhle ke kodwa namhlanje Haaibo 🔥,0,0,0,0,0,0
zulu_4_00457,Sekuzoqala ofakazi abazibonela kubulawa eGlebelands,0,0,0,0,0,0
zulu_4_00458,UMokwena uthiywa yimiphumela emibi,0,0,0,0,0,0
zulu_4_00459,Acele empunzini amaphoyisa kubhikishwa,0,0,0,0,0,0
zulu_4_00460,Abafelokazi bakhala ngokubanjiswa udonga,0,0,0,0,0,0
zulu_4_00461,Yekani ukubeka amanzi ngamabhodwe acurry. Omunye kade enuka isishebo emhlane sifuna ukudlulisa imali. Niyasihlukumeza nje bafethu😣,0,0,0,0,0,0
zulu_4_00462,Ufuna isinxephezelo ‘odutshulwe ngamaphoyisa’,0,1,0,0,0,0
zulu_4_00463,Kusolwa ukubhula bexabana nemeya,0,0,0,0,0,0
zulu_4_00464,Badedelwe ‘abantshontshe izinsimbi’,0,0,0,0,0,0
zulu_4_00465,Izigebengu zibaleke ngeveni yamaphoyisa,0,0,0,0,0,0
zulu_4_00466,Kukhalwa ngokungafundiseki kwabantu ngezifonyo,0,0,0,0,0,0
zulu_4_00467,Kuboshwe abebeshada nezimenywa eNseleni,0,0,0,0,0,0
zulu_4_00468,Lapho ubuzwa umjita ongondli 😑 https://t.co/cr7zQwVJZ4,0,0,0,0,0,0
zulu_4_00469,Kusolwa udlame lwamatekisi ngabadutshulwe bafa,0,2,0,0,0,0
zulu_4_00470,Ujabulele usizo oluvela kungqongqoshe owesifazane ohlala ehlathini,0,0,0,0,0,2
zulu_4_00471,OweGagasi ufisa uhlelo lunqobe umklomelo,0,0,0,0,0,0
zulu_4_00472,U-Ciara wodumo uzobusisa iSushi King,0,0,0,0,0,0
zulu_4_00473,Abepolitiki bathole ithuba lokukhankasa kuComrades,0,0,0,0,0,0
zulu_4_00474,Bathembisa ulozolo kwiFamily Secrets,0,0,0,0,0,0
zulu_4_00475,Umcimbi kaTira wokubungaza imbokodo,0,0,0,0,0,0
zulu_4_00476,ITheku lizotakula abadilizwa eRainbow,0,0,0,0,0,0
zulu_4_00477,Bathi inesifundo iThe Gift,0,0,0,0,0,0
zulu_4_00478,'Ngikujabulele ukugqoka ijezi leqembu elikhulu njengeChiefs' - Vries,0,0,0,0,0,2
zulu_4_00479,UJomo ubona inhlansi yethemba kwezakhe,0,0,0,0,0,0
zulu_4_00480,Useqopha kwiScandal! owawina indondo kumaSafta,0,0,0,0,0,0
zulu_4_00481,Iza nentokozo eyeRam Slam kwabaseKZN,0,0,0,0,0,0
zulu_4_00482,Ugqamise ithalente elisha kwi-albhamu,0,0,0,0,0,0
zulu_4_00483,Injabulo kuLerato ehlula umndeni kaHHP ecaleni,0,0,0,0,0,2
zulu_4_00484,[IMIBONO] Izinguquko zeGagasi FM ziyajabulisa,0,0,0,0,0,2
zulu_4_00485,UJakarumba usayibambile emculweni waleli zwekazi,0,0,0,0,0,0
zulu_4_00486,Iqhawe leChiefs lizimisele ukubuya,0,0,0,0,0,0
zulu_4_00487,ISilo sithembisa ukuhlanganisa indlunkulu,0,0,0,0,0,0
zulu_4_00488,"@SCN_Nkosi Lol kujabula wena, mina ngosebenza koze kube next year 😫",0,0,0,0,0,0
zulu_4_00489,Usonga ngokudalula amahlazo aseNdumeni,0,0,0,0,0,0
zulu_4_00490,Bazobusiswa yizilomo zabaculi kwi-All White Summer Edition,0,0,0,0,0,0
zulu_4_00491,Kunesibonelelo sabasiza izivakashi,0,0,0,0,0,0
zulu_4_00492,OweLadies House nesifiso sokuvikela abesifazane,0,0,0,0,0,0
zulu_4_00493,Isithela izithelo imikhankaso yenyuvesi nabamatekisi,0,0,0,0,0,0
zulu_4_00494,Uhlelo oluzohlomulisa iZwelibanzi,0,0,0,0,0,0
zulu_4_00495,UDesiree ubuyisele uNoko kumafolosi eBanyana,0,0,0,0,0,0
zulu_4_00496,UDube nendawo yokujabula engenatshwala,0,0,0,0,0,0
zulu_4_00497,Imeya nekhwelo lokunikela ngezingane,0,0,0,0,0,0
zulu_4_00498,Zimhambela kahle oweFreshlyground,0,0,0,0,0,0
zulu_4_00499,@Sjava_atm I hope ukuthi ukubingelelile😁.....,0,0,0,0,0,0
zulu_4_00500,ULarsen ugabe ngomlando wakhe kwiTelkom,0,0,0,0,0,0
zulu_4_00501,Luhamba phambili uhlelo loKhozi FM iVuka Afrika,0,0,0,0,0,0
zulu_4_00502,Isitobha seChiefs nesifiso sokunqoba imidlalo esele,0,0,0,0,0,0
zulu_4_00503,ngijabule ngizothole zonke engizifunayo. 🍀💚 https://t.co/CHUWYf2br7,0,0,0,0,0,2
zulu_4_00504,Unephupho lokuvelela ngamagoli kwiPSL,0,0,0,0,0,0
zulu_4_00505,Yithuba lokuhlola abadlali bethu abadala - Barker,0,0,0,0,0,0
zulu_4_00506,Ubolele ekhaya labantu abadala,0,1,0,0,0,0
zulu_4_00507,selizothatha Igxathu UHLElO Lwamarobhothi e-solar,0,0,0,0,0,0
zulu_4_00508,Umsakazi nethuba lemifundaze,0,0,0,0,0,0
zulu_4_00509,Ukhuza ukusheba amasiko nesilungu,0,0,0,0,0,0
zulu_4_00510,Uyaqonga umbango wokuhola i-ANCYL,0,0,0,0,0,0
zulu_4_00511,‘Ngijabule ukuthi ngisazohlala kuPirates’,0,0,0,0,0,2
zulu_4_00512,Ukhuza ibuya ozakhele udumo kwiSibaya,0,0,0,0,0,0
zulu_4_00513,Izithembile iDistruction Boyz nge-albhamu yayo,0,0,0,0,0,0
zulu_4_00514,UBusiswa usezokwethula iGqom Nation,0,0,0,0,0,0
zulu_4_00515,Izobaqwashisa iSugar Daddies,0,0,0,0,0,0
zulu_4_00516,I-Urban crossover yimoto ebhekiwe esikhathini esizayo,0,0,0,0,0,0
zulu_4_00517,Izindaba ezimnandi kuNandi ozokhangisa eNew  York,0,0,0,0,0,0
zulu_4_00518,OweBanyana ubonga uyise ngokumeseka ebholeni,0,0,0,0,0,0
zulu_4_00519,UBiyela ulibuka ngeso elihle ikusasa leRich Boys,0,0,0,0,0,0
zulu_4_00520,USuthu luhlomele injabulo ezayo,0,0,0,0,0,0
zulu_4_00521,Ifilimu entsha yakuleli kwiNetflix,0,0,0,0,0,0
zulu_4_00522,Kuwe insika endimeni yokusakaza,0,1,0,0,0,0
zulu_4_00523,UNolwazi uyakujabulela ukulingisa kwi-Ngane Yami,0,0,0,0,0,2
zulu_4_00524,Imboni yamatekisi ineqhaza eliqhakambile emnothweni,0,0,0,0,0,0
zulu_4_00525,@ukhozi_fm #UkhozifmDrive 3 2 6 @ThisIsSelby Ngijabuleni we Khabzo ngiphuma koqedela umgomo wami😊 Fully vaccinated 💃,0,0,0,0,0,2
zulu_4_00526,Ijoka kwiTTM idlulela esigabeni esilandelayo kwiNedbank,0,0,0,0,0,0
zulu_4_00527,Idumela lomshado kaMonki noBen Ten,0,0,0,0,0,0
zulu_4_00528,UDr Malinga unentshisekelo yamabhizinisi,0,0,0,0,0,0
zulu_4_00529,I-UCT ibonga iminikelo,0,0,0,0,0,0
zulu_4_00530,UKhemisi nedili lomculo ngakubo,0,0,0,0,0,0
zulu_4_00531,IFreshly Grounds izonandisa eThekwini,0,0,0,0,0,0
zulu_4_00532,Enye ingoma yodume kwiJoyous,0,0,0,0,0,0
zulu_4_00533,UWome nenselelo yokugqama kwi-Orlando Pirates,0,0,0,0,0,0
zulu_4_00534,@Nalzee_K Ngiyabonga kakhulu MaKhumalo omuhle😊🙌🏾.,0,0,0,0,0,0
zulu_4_00535,Zibonga abantu baseMzansi izithandani zodumo lwaseKFC,0,0,0,0,0,0
zulu_4_00536,U-AKA nendondo egameni lendodakazi,0,0,0,0,0,0
zulu_4_00537,Uthembisa lukhulu kwiThe River,0,0,0,0,0,0
zulu_4_00538,U-Emtee nethemba lokuzuza kumaMetro FM Awards,0,0,0,0,0,0
zulu_4_00539,Injabulo uRamaphosa ebanika umhlaba,0,0,0,0,0,2
zulu_4_00540,Uhlelo lomfundaze oluhlomulisa abantu abasha,0,0,0,0,0,0
zulu_4_00541,Usengalidlala futhi ibhola uBibo,0,0,0,0,0,0
zulu_4_00542,@MmaperekoSplit Icebo lakhe lingevinjwe muntu😊😂 ngyabonga,0,0,0,0,0,0
zulu_4_00543,Isolezwe linqobe umncintiswano iSpirit of Amarok Media Challenge,0,0,0,0,0,0
zulu_4_00544,Mina ngijabulela ukubona itweet yakho nje kuphela 😃 https://t.co/YtbWLdXOzt,0,0,0,0,0,2
zulu_4_00545,Uwele ngelibanzi uMjosty ngoZalo,0,0,0,0,0,0
zulu_4_00546,I-Pirates isethubeni lokuyinqoba iligi: Da Gama,0,0,0,0,0,0
zulu_4_00547,IZOSHISA amalangabi iTop- Gear,0,0,0,0,0,0
zulu_4_00548,@Sandimandla @CyrilRamaphosa Waze wajabula umuntu @NhlivoTouch uyaqala uMongameli wakhe ukwenza into eright 🤣😅😂🤣😂😅😅,0,0,0,0,0,0
zulu_4_00549,UTau useyisilomo ngokugqiba ihlazo eshaya igoli,0,0,0,0,0,0
zulu_4_00550,I-ANC ijube elizoxazulula izikhalo eKZN,0,0,0,0,0,0
zulu_4_00551,Imbongi izoqopha neGcokama Elisha,0,0,0,0,0,0
zulu_4_00552,Injabulo kwethulwa uhlelo lukagesi eNquthu,0,0,0,0,0,2
zulu_4_00553,ITheku lizobukisa ngemisebenzi yamaciko emapaki,0,0,0,0,0,0
zulu_4_00554,IChiefs yeke ithuba lokuqhwakela,0,0,0,0,0,0
zulu_4_00555,"We MomKhoza,uthi umama wami uMamthimkhulu Zulu uvuke nephupho....uthi bekumcimbi nje wo @ukhozi_fm wajabula umbona wamfaka iRing enhle yeGolide😊😊Cha ngithi angedlulise iphupho bo🙏🏽angisahleki indlela alichaza ngayo @ladydwabantu #Jabulujule! https://t.co/m76avoMFIK",0,0,0,0,0,0
zulu_4_00556,UDelazy uyintandokazi kumaMetro,0,0,0,0,0,0
zulu_4_00557,OwoSuthu ubonga abadlali ngemiphumela kwiDiski,0,0,0,0,0,0
zulu_4_00558,UTyson ungumholi wokuzalwa: Ntombela,0,0,0,0,0,0
zulu_4_00559,IMultiChoice iphakamise imbokodo ngenxusa elisha leMasidlale,0,0,0,0,0,0
zulu_4_00560,Ujabulile ngesenzo sikaSomizi umndeni kaBobo,0,0,0,0,0,2
zulu_4_00561,Iciko libukise ngemidwebo yalo,0,0,0,0,0,0
zulu_4_00562,Kusizakala nentsha ngebhizinisi lakhe lokuthunga,0,0,0,0,0,0
zulu_4_00563,Injabulo iFifty50 iqokelwa kowase-Afrika,0,0,0,0,0,3
zulu_4_00564,UZidane nethemba lokuhlala kukaRamos,0,0,0,0,0,0
zulu_4_00565,UPatosi ugila izimanga eqenjini lakhe laphesheya,0,0,0,0,0,0
zulu_4_00566,UNzimande uncoma izinhlelo zenyuvesi,0,0,0,0,0,0
zulu_4_00567,AbeLadies House bafuna umqali wekhasi,0,0,0,0,0,0
zulu_4_00568,UKhisimusi omuncu kwabeNumsa,0,1,0,0,0,0
zulu_4_00569,Kukhonya imidlalo emisha  kumaRoyalty Awards,0,0,0,0,0,0
zulu_4_00570,ULorch embangweni womdlali ovelele,0,0,0,0,0,0
zulu_4_00571,"@Sjava_atm Nkabi yam Bamba la 🤝🤝 yithina ithemba lakho, yitha abakho",0,0,0,0,0,0
zulu_4_00572,@EsonasihleM ulale kahle nawe nkosazana💓🤞,0,0,0,0,0,0
zulu_4_00573,Umethuli wezinhlelo usezolingisa kuZalo,0,0,0,0,0,0
zulu_4_00574,IMeya ichaza ngetulo lokuyisoconga,0,0,0,0,0,0
zulu_4_00575,Udonsa kanzima ejezini owaduma kwiBafana,0,0,0,0,0,0
zulu_4_00576,"@NanaZulu Ngthanda smile sakho😉. Ngi right sis wam, ngyajabula uma usharp nawe🤗",0,0,0,0,0,2
zulu_4_00577,Ngike ngizame nje Gubhela uma kuvele ithuba. Ngiyajabula uma ubona kubukeka. 😅 https://t.co/ix0oHiW32W,0,0,0,0,0,0
zulu_4_00578,I-DIFF ikulethela izilomo zabalingisi,0,0,0,0,0,0
zulu_4_00579,Kubuya izinhlelo ezithandwayo kuMoja Love,0,0,0,0,0,0
zulu_4_00580,Ayandise izinhlelo ezintsha iSABC,0,0,0,0,0,0
zulu_4_00581,Ujabule uNtuli ekhululwa yiMamelodi Sundowns,0,0,0,0,0,2
zulu_4_00582,My mother I wana know what love is #Le_Eyami ithi Mina ngiyibhekisa kuwena Ma Cphithi-phithi Sokhozi 💗💖🤗 #Jabulujule https://t.co/MF9ZQrKitQ,0,0,0,0,0,0
zulu_4_00583,Kubuya uhlelo lwemishado i-Our Perfect Wedding,0,0,0,0,0,0
zulu_4_00584,ULorch ukhumbule umfowabo ongasekho ngegoli,0,0,0,0,0,0
zulu_4_00585,Zibuya ngegiya eliphezulu izinhlelo zeMoja Love,0,0,0,0,0,0
zulu_4_00586,Bafisele iSilo unwele olude,0,0,0,0,0,0
zulu_4_00587,USatsha useshiyile kwiJoyous Celebration,0,0,0,0,0,0
zulu_4_00588,@DjLeSoulSa Happy Birthday Nonkululeko Mdlalose ✨🎈🎉🎂. Engathi Inkosi Ingakubusisa Ngakho Konke Okudingayo Nokufisayo Futhi Inkosi Ikubusise.,0,0,0,0,0,0
zulu_4_00589,Uyancomeka umsebenzi kaMthiyane kwiGagasi,0,0,0,0,0,0
zulu_4_00590,Uthando lokujimisa luphenduke ibhizinisi,0,0,0,0,0,0
zulu_4_00591,Bafuna siqhubeke isibonelelo,0,0,0,0,0,0
zulu_4_00592,UKgatlana ubuyisa ithemba ngelabesifazane,0,0,0,0,0,0
zulu_4_00593,Ithemba lokudlulela phambili koweNigeria,0,0,0,0,0,0
zulu_4_00594,Injabulo uDladla Mshunqisi ethula i-albhamu yokuqala,0,0,0,0,0,3
zulu_4_00595,ITheku lifuna izindlela zokuthuthukisa ezomnotho,0,0,0,0,0,0
zulu_4_00596,Iseluleko kuJele ngokuhola iPirates kweyeCAF,0,0,0,0,0,0
zulu_4_00597,Ijabule i-ANC inqoba okhethweni lokuchibiyela,0,0,0,0,0,2
zulu_4_00598,UBonang kweyobulili e-India,0,0,0,0,0,0
zulu_4_00599,Injabulo iSoweto Gospel Choir ibuya neGrammy,0,0,0,0,0,3
zulu_4_00600,I-ANC ifisa ukwakha ubumbano,0,0,0,0,0,0
zulu_4_00601,Iseluleko se-ANC kuZuma ngeNPA,0,0,0,0,0,0
zulu_4_00602,Bachitha oze nokusha elobolweni,0,0,0,0,0,0
zulu_4_00603,Siyadumaza isimo sedolobha uMphithi,0,0,0,0,0,0
zulu_4_00604,@MandisaShuku Ngiyabonga ma. Ngizoba nosuku olufana nje ngawe ❤️,0,0,0,0,0,0
zulu_4_00605,Banamagalelo abesifazane kwezezindaba,0,0,0,0,0,0
zulu_4_00606,UNodada uhalela esovelele kwiPSL,0,0,0,0,0,0
zulu_4_00607,Kufezeke amaphupho eminyaka engena kwesikaTira,0,0,0,0,0,0
zulu_4_00608,"Isabelomali esizohlomulisa intsha, isimame naboselwa",0,0,0,0,0,0
zulu_4_00609,UMazinyo ujabule ngakubone bebhaxatshulwa,0,0,0,0,0,2
zulu_4_00610,Kufezeke iphupho kuGigi nge-Ambitiouz,0,0,0,0,0,0
zulu_4_00611,UZakwe nezinhlelo zokuqedela iziqu ze-IT,0,0,0,0,0,0
zulu_4_00612,AbaseGlebelands bajabulela amaphoyisa,0,0,0,0,0,1
zulu_4_00613,Injabulo emphakathini uCele efeza isithembiso ngamaphoyisa amabharethi,0,0,0,0,0,3
zulu_4_00614,Ucathulisa osomabhizinisi abasafufusa ngolwazi,0,0,0,0,0,0
zulu_4_00615,Lifezekile iphupho lesibabuli soSuthu esishayela phezulu,0,0,0,0,0,1
zulu_4_00616,USolinas usenalo ithemba lesinye isicoco,0,0,0,0,0,0
zulu_4_00617,Uphinde walivikela ngempumelelo ibhande lakhe,0,0,0,0,0,0
zulu_4_00618,Ikhefu elibalulekile kuTinkler neqembu aliphekayo,0,0,0,0,0,0
zulu_4_00619,ISundowns izibeke ethubeni elihle lokunqoba iNedbank,0,0,0,0,0,0
zulu_4_00620,OweGagasi nosizo lwemifundaze kubafundi,0,0,0,0,0,0
zulu_4_00621,UNcikazi ujabulela ukuqashwa kukaKhenyeza abe yiphini lomqeqeshi,0,0,0,0,0,2
zulu_4_00622,URebecca uthembise ulozolo lwe-albhamu,0,0,0,0,0,0
zulu_4_00623,Uyaziqhenya ngokuthola uHlanti kwelaseSoweto,0,0,0,0,0,2
zulu_4_00624,UDa Sa ubona besenethuba lokudlala kweyokuhlunga yeGladAfrica,0,0,0,0,0,0
zulu_4_00625,ISafa ivule izandla ekusingatheni i-Afcon,0,0,0,0,0,0
zulu_4_00626,Ithuba entsheni efuna ukungena kwezamafilimu,0,0,0,0,0,0
zulu_4_00627,U-Ertugral uyeke ithuba lokuyocija oweBafana,0,0,0,0,0,0
zulu_4_00628,Kambe nathi nalana eThekwini isiyakhokhelwa le Njabulo🧐 https://t.co/H4V0ceHQAz,0,0,0,0,0,0
zulu_4_00629,Azohlomula                  kuR1.2 billion amabhizinisi ezokuvakasha,0,0,0,0,0,2
zulu_4_00630,I-The Imposter ikhuza ibuya ngabalingisi abasha,0,0,0,0,0,0
zulu_4_00631,Bafuna ikolishi libabuyisele emsebenzini abebeyitoho,0,0,0,0,0,0
zulu_4_00632,Bagubhe iMandela Day ngokunikela ngezifonyo nesibulalimagciwane,0,0,0,0,0,0
zulu_4_00633,Ubonga ithuba okwiThe Queen,0,0,0,0,0,0
zulu_4_00634,Ugu lulindele izinkulungwane koweJazz,0,0,0,0,0,0
zulu_4_00635,@LifeOfNivo Futhi ihamba ngawo ushuni wokubonga ugogo ngezibusiso. Yinhle indlela owenze ngayo njengenjwayelo umsebenzi uyancomeka. 🙌🙌,0,0,0,0,0,2
zulu_4_00636,NgaJabula ngaJula ❤️❤️ #jabulujule @ladydwabantu @ukhozi_fm @Ayanda_Melansi @nosihlesibisi_ SIBONGELE @RoyalAM_FC Baphath inside ku @DStv,0,0,0,0,0,0
zulu_4_00637,Kubuya onamava kwiRhythm City,0,0,0,0,0,0
zulu_4_00638,Iyabulela iLali Camagu siyabonga kakhulu wena my Leader 🙏🏾@TheZingOne,0,0,0,0,0,0
zulu_4_00639,IKia Rio iqhubeka nokuheha abathengi,0,0,0,0,0,0
zulu_4_00640,Bafuna ijaji ophenyweni oNgoye,0,0,0,0,0,0
zulu_4_00641,Usafuna ukulilwela ijezi okhuhla ibhentshi kwiKaizer Chiefs,0,0,0,0,0,0
zulu_4_00642,IChiefs izimangazile inqoba umdlalo,0,0,0,0,0,0
zulu_4_00643,IVatican ijube abaphenyi koloFata,0,0,0,0,0,0
zulu_4_00644,Uzimisele ukunika uRantie ithuba lesibili,0,0,0,0,0,0
zulu_4_00645,@King_Mnembe Seyikhulumile iKing-Mnembe Ngiyabonga mina Mnembe ...mmmh🤔,0,0,0,0,0,0
zulu_4_00646,Kufezeke iphupho ebona owoZalo,0,0,0,0,0,2
zulu_4_00647,UJaiva Zimnike usedumisa umaskandi eGermany,0,0,0,0,0,0
zulu_4_00648,Injabulo kwethulwa istudio esisha kwiZwi LoMzansi,0,0,0,0,0,2
zulu_4_00649,Ulaka lomphakathi ngentuthuko,2,0,0,0,0,0
zulu_4_00650,AmaHubo 122:1 Ngajabula lapho bethi kimi: “Masiye endlini kaJehova.”🙏 https://t.co/NxKdx3XAsA,0,0,0,0,0,1
zulu_4_00651,'ElaseMzansi kufanele liyinqobe iCaf kulo nyaka',0,0,0,0,0,0
zulu_4_00652,Kuhoxiswe igama likaSabelo kwi-ANC,0,0,0,0,0,0
zulu_4_00653,Injabulo kuMazet eqokelwa kwibhodi yenkampani ekwiJSE,0,0,0,0,0,2
zulu_4_00654,Ubona isixazululo sodonga lweBucs,0,0,0,0,0,0
zulu_4_00655,IMalini ifuna ukudlisa emazweni,0,0,0,0,0,0
zulu_4_00656,Iyaqonga eyeqembu elisha lepolitiki,0,0,0,0,0,0
zulu_4_00657,Amakhosi abuyise ithemba edlala ingcwenga yebhola,0,0,0,0,0,0
zulu_4_00658,ITheku lixhasa abalimi abasafufusa,0,0,0,0,0,0
zulu_4_00659,I-NFP inqobe ukhetho eGreytown,0,0,0,0,0,0
zulu_4_00660,Uthokozile obelingisa ekaThokozile kwiMbewu,0,0,0,0,0,0
zulu_4_00661,I-Denosa ijabulele abasebenzi benqoba,0,0,0,0,0,2
zulu_4_00662,I-Wrap Up Party yamaMetro kwaMax,0,0,0,0,0,0
zulu_4_00663,Ukuba ubaba use khona ngabuyajabula Ngabe UYANGIBONA ngabuyaziqhenya 🪦 https://t.co/uoUxbuMXXD,0,0,0,0,0,0
zulu_4_00664,@sneh_khuzzy Sengifunga wena ❤️😍 Ngiyajabula uma usaphila,0,0,0,0,0,1
zulu_4_00665,"Uthena uyabuya😂😂😂, Kujabule Mina Dlokovu 🙌🙏 https://t.co/93KCPnqOXq",0,0,0,0,0,1
zulu_4_00666,NgiyakuJabulela kuthi usuyangena Hawu… ngiyaSBWL mina nomkhaba 💔 https://t.co/OAqJC5AXRO,0,0,0,0,0,1
zulu_4_00667,IBanyana nejoka lokulwela eyesithathu,0,0,0,0,0,0
zulu_4_00668,IPirates ihambe kahle inqoba ekuhambeni,0,0,0,0,0,0
zulu_4_00669,Usinika iBrazil isicoco seNdebe yoMhlaba,0,0,0,0,0,0
zulu_4_00670,IStars ifuna ukuguqula irekhodi ngePirates,0,0,0,0,0,0
zulu_4_00671,Ithembisa lukhulu eyokuqala kaBenni,0,0,0,0,0,0
zulu_4_00672,Unqabe ukudalula iminyaka egubha elokuzalwa uTipcee,0,0,0,0,0,0
zulu_4_00673,"AmaZulu avumile ukuba ngiphumelele🙏Shenge,Ave ngiyithanda lengoma oh Nkosi....#jabulujule #Siyayijikalento2020 @ukhozi_fm @iamsbubuthelezi https://t.co/0Xj0OKAe9A",0,0,0,0,0,0
zulu_4_00674,Libheke ukubuya nendondo ele-netball,0,0,0,0,0,2
zulu_4_00675,#EMahlaseni Kwaze kwamandi ukubona abantu base 🇿🇦 bejabulile Dankie Mongameli wethu mnxn @ Durdoc Hospital https://t.co/UtHWoz9wXF,0,0,0,0,0,2
zulu_4_00676,Kugqame iLoxion Kulca kwiSA Fashion Week,0,0,0,0,0,0
zulu_4_00677,Ibhange landisa amathuba omsebenzi,0,0,0,0,0,0
zulu_4_00678,I-ANC ifuna siqhubeke isibonelelo sabangasebenzi,0,0,0,0,0,0
zulu_4_00679,Inkakha ibona uMcCarthy ezofeza iphupho likaZungu,0,0,0,0,0,0
zulu_4_00680,Kunconywe ijaji uZondo ngendawo entsha nezindleko,0,0,0,0,0,1
zulu_4_00681,Uhambe phambili kwelokudayisa emgwaqweni,0,0,0,0,0,0
zulu_4_00682,Sibonga wona lo omncane 🍺,0,0,0,0,0,0
zulu_4_00683,Injabulo kuThembisa oselingisa kwiSibaya,0,0,0,0,0,2
zulu_4_00684,Kuzomele anqobe ukuze ageze abaphathi bakhe igilo,0,0,0,0,0,0
zulu_4_00685,OwaseHammarsdale uzomela elakuleli kowamabhayisikili e-Egypt,0,0,0,0,0,0
zulu_4_00686,Imvunge ngegama elisha lebandla loNyazilwezulu,0,0,0,0,0,0
zulu_4_00687,Liphezulu izinga leRanger XL Sport futhi iphephile,0,0,0,0,0,0
zulu_4_00688,UVilakazi neqhinga  lokuthuthukisa ibhola kuleli,0,0,0,0,0,0
zulu_4_00689,Guys bajabulile abantu be glorious movement ku Facebook. Kuya le kuya le 🤣,0,0,0,0,0,2
zulu_4_00690,EyePSL izovula ngegiya eliphezulu,0,0,0,0,0,0
zulu_4_00691,AbeBucs bafuna ukugubha engu-80 ngesicoco seNedbank,0,0,0,0,0,0
zulu_4_00692,UNene uzosebenzisa iDiamond League ukuhlungela ama-Olympic,0,0,0,0,0,0
zulu_4_00693,Unebhizinisi elizosiza abanezinwele zemvelo,0,0,0,0,0,0
zulu_4_00694,U-Ellis udalula ikhubalo leBanyana Banyana yezimanga,0,0,0,0,0,0
zulu_4_00695,I-Adams College ithole uxhaso,0,0,0,0,0,0
zulu_4_00696,Owe-IFP uveza uhlangothi oluhle lukaMzolo,0,0,0,0,0,0
zulu_4_00697,@manando__ Ngijabulela ukuthi siyezwana. Ujumise nje kwamanye amalanga uthi qhafa. 😂,0,0,0,0,0,1
zulu_4_00698,UDJ Websta ujabulela ukungena kweyakhe kwi-Top 10,0,0,0,0,0,1
zulu_4_00699,@Mtubane Ngiyajabula ke mawuzintelela nje qhawe lakithi. 🤝😂,0,0,0,0,0,1
zulu_4_00700,Ubonga unina owamlindisa okuma-Idols SA,0,0,0,0,0,1
zulu_4_00701,Ithuba liphika eyokukokotela izinombolo zePowerBall,0,0,0,0,0,0
zulu_4_00702,UZikalala uncoma odokotela baseCuba,0,0,0,0,0,1
zulu_4_00703,UTau uyazigqaja ngokumela i-Afrika  ohlakeni lwamazwe,0,0,0,0,0,1
zulu_4_00704,UZola ushaya ibuya kuthelevishini,0,0,0,0,0,0
zulu_4_00705,UZikalala ugqugquzela ukufunda imisebenzi yamakhono entsheni,0,0,0,0,0,0
zulu_4_00706,UBarker uncoma ibhola elihle leStellenbosch FC,0,0,0,0,0,1
zulu_4_00707,IPirates izibuyisele embangweni wesicoco,0,0,0,0,0,0
zulu_4_00708,UBonang uzophatha uhlelo kuMiss SA,0,0,0,0,0,0
zulu_4_00709,ULoxion usegxile ezinhlelweni zakhe,0,0,0,0,0,0
zulu_4_00710,Kufezeke iphupho esebenza neH&M,0,0,0,0,0,2
zulu_4_00711,URamaphosa ufuna intsha ezokuba yisizinda esizokhiqiza impahla yakuleli,0,0,0,0,0,0
zulu_4_00712,I-ANC ifuna ukubuyisa isithunzi seTheku,0,0,0,0,0,0
zulu_4_00713,Osaziwayo baqhakambise ulimi lwebele,0,0,0,0,0,0
zulu_4_00714,Ulengela eweni umshado wabokholo,0,0,0,0,0,0
zulu_4_00715,Ithuba lokuhlomula ngemisiko   ka-Ayanda kubafundi bakaMatric,0,0,0,0,0,0
zulu_4_00716,AbeBucs nelinye ithambo lokugiya,0,0,0,0,0,0
zulu_4_00717,UKhune ujabulela ukubuyela kwiBafana,0,0,0,0,0,2
zulu_4_00718,INxusa laseChina licacisela ebezindaba ngengqungquthela yesi-19 yamaKhomanisi aseChina,0,0,0,0,0,0
zulu_4_00719,Bafuna iSJ Smithibizwe ngoBheka Phakathi,0,0,0,0,0,0
zulu_4_00720,Ubonga amaCrown owine izindondo ezimbili,0,0,0,0,0,0
zulu_4_00721,Sibuye kabi iSkwatta Kamp kwi-hip hop,0,0,0,0,0,0
zulu_4_00722,‘Kuzongijabulisa ukubona uTau eBernabeu’ - Pitso,0,0,0,0,0,1
zulu_4_00723,Ngijabule ngefomu yami: Memela,0,0,0,0,0,2
zulu_4_00724,Ujabule esethandana nowobulili bakhe,0,0,0,0,0,2
zulu_4_00725,Injabulo uTau ebuyela kwiBrighton & Hove,0,0,0,0,0,1
zulu_4_00726,OweChiefs nesifiso sokulandela izingwazi zaseKZN,0,0,0,0,0,0
zulu_4_00727,UNombe unesifiso sokufukula iSwallows,0,0,0,0,0,0
zulu_4_00728,Uzimisele ngokulwela abesifazane uma enqoba kowoKhozi FM,0,0,0,0,0,0
zulu_4_00729,Usuku lwesinqumo ecaleni lamaNazaretha,0,0,0,0,0,0
zulu_4_00730,'Bekuyisibusiso ukulingisa kwiSibaya',0,0,0,0,0,0
zulu_4_00731,Bahlose ukubuyisa udumo lweFort Hare,0,0,0,0,0,0
zulu_4_00732,"@Qokani Elawini, elawini, lapho sthola khoninjabulo 🎶 🎼",0,0,0,0,0,0
zulu_4_00733,UNgcobo uyibekile induku ebandla kwezemisakazo yomphakathi,0,0,0,0,0,0
zulu_4_00734,Awombhoxo nedili lemidlalo,0,0,0,0,0,0
zulu_4_00735,IMbokodo ye EFF izihambela yodwa nje ngobuhle. ❤️ https://t.co/2w3osxDaNo,0,0,0,0,0,0
zulu_4_00736,URamaphosa uncome intsha esebenzise isikhathi sikathaqa yasungula amabhizinisi,0,0,0,0,0,0
zulu_4_00737,Uyise kaSenzo Meyiwa ujabule ngokuvele ezinkundleni zokuxhumana,0,0,0,0,0,2
zulu_4_00738,Ubonga izeluleko zikaYeye uMokoena,0,0,0,0,0,0
zulu_4_00739,Ithemba lokubuya nendondo yegolide kumaCommonwealth,0,0,0,0,0,0
zulu_4_00740,UKekana ubalisa ngesikimu,0,0,0,0,0,0
zulu_4_00741,IBanyana nephupho leyoMhlaba,0,0,0,0,0,0
zulu_4_00742,Uzokhonjiswa kwiMoja Love umcimbi wamaSebenza Women Awards,0,0,0,0,0,0
zulu_4_00743,ISafa nezinhlelo ngazonyukela kwiGladAfrica,0,0,0,0,0,0
zulu_4_00744,Ayikaqali isizini entsha yohleloiLive Amp,0,0,0,0,0,0
zulu_4_00745,"@Noxy_Duma Please do come, ngizojabula kakhulu mkhaya😁",0,0,0,0,0,0
zulu_4_00746,USerero uzitholele ikhaya elisha eNetherlands,0,0,0,0,0,0
zulu_4_00747,OweZiqhaza usefuna ukubamba iqhaza ezimele emculweni,0,0,0,0,0,0
zulu_4_00748,'Sijabulile ngabafuna ukuhola i-ANC',0,0,0,0,0,1
zulu_4_00749,Limenyezelwe iqembu leBanyana,0,0,0,0,0,0
zulu_4_00750,Ufuna ukuthuthukisa abesifazane kwezesayensi,0,0,0,0,0,2
zulu_4_00751,IGagasi lifuna ukwenza inzuzo ngabalaleli,0,0,0,0,0,0
zulu_4_00752,Inhlansi yethemba ngomnotho kuleli,0,0,0,0,0,2
zulu_4_00753,AbaseNigeria bayivumile induku abathelwe yona,0,0,0,0,0,0
zulu_4_00754,Bafuna ibe yisidlo sikaKhisimusi iSuperSport,0,0,0,0,0,0
zulu_4_00755,URabada nejoka leNdebe yoMhlaba,0,0,0,0,0,0
zulu_4_00756,BUKA: Imbongi yeGcokama Elisha ixolise kuSolwazi 3Seconds ngokumdelela,0,0,0,0,0,0
zulu_4_00757,UDube-Ncube weluleka osomabhizinisi ngomnotho,0,0,0,0,0,0
zulu_4_00758,URamaphosa unxuse  izibusiso zamaNazaretha,0,0,0,0,0,0
zulu_4_00759,INkosi yabaThembu ifuna isigodlo sayo ukuze igeze isinyama sasejele,0,0,0,0,0,0
zulu_4_00760,UTenge nethemba lokuvikela ibhande,0,0,0,0,0,0
zulu_4_00761,@MangalaAbongile Yey! Mfo ngeke Zonke futhi🤣,0,0,0,0,0,0
zulu_4_00762,Ngikujabulele ukuphinda ngiqeqeshe: Riky Rick,0,0,0,0,0,1
zulu_4_00763,Ithemba odabeni lwamalayisensi,0,0,0,0,0,0
zulu_4_00764,USolinas uthembe ikhefu leFifa ukwelapha ubuthuntu beChiefs,0,0,0,0,0,0
zulu_4_00765,Iphupho lokudlala phesheya koweBaroka,0,0,0,0,0,0
zulu_4_00766,Indali yezinkomo iqale ngegiya eliphezulu,0,0,0,0,0,0
zulu_4_00767,Abokufika neqhaza ekubozeni kwelakuleli,0,0,0,0,0,0
zulu_4_00768,I-Sundowns inqobe yahlala esicongweni,0,0,0,0,0,0
zulu_4_00769,#Ukhetho2019: Injabulo iziboshwa zaseWestville zivota,0,0,0,0,0,2
zulu_4_00770,Umfoka Molo uyejabula la elele khona ushuni wakhe ungasoze waphela🤗 Ibambe kanjalo Mkhaya wami https://t.co/SkNVKTWKhn,0,0,0,0,0,0
zulu_4_00771,Izozicijela ukubhakuzisa inethi iBanyana,0,0,0,0,0,0
zulu_4_00772,@cnehshuga Ngiyabonga kakhulu ❤️ Nami ngikufisela usuku oluhle nokuthi izinhlelo zakho zihambe kahle.,0,0,0,0,0,1
zulu_4_00773,"@ukhozi_fm #Jabulujule #Ukhozifm61 @ladydwabantu Zamnandi izingoma mama, ikakhulazi le ka @Phindi_P ayive ingibusisa🙏ngiyisa kubobonke abathandiweyo kimi.",0,0,0,0,0,1
zulu_4_00774,UCredo Mutwa uchazwe njengenqolobane yolwazi,0,0,0,0,0,0
zulu_4_00775,Izelamani nesu lokuheha abalandeli,0,0,0,0,0,0
zulu_4_00776,Bacela anikwe ithuba e-Eskom,0,0,0,0,0,0
zulu_4_00777,Injabulo kwiDowns ngoRicardo,0,0,0,0,0,1
zulu_4_00778,Amaciko ethubeni lokuhlomula,0,0,0,0,0,0
zulu_4_00779,UBarker ubhonga emswaneni ngoSugar Ray,0,0,0,0,0,0
zulu_4_00780,UBusiswa ubonge uProfessor ngempumelelo yakhe,0,0,0,0,0,0
zulu_4_00781,‘Ngijabulile kufika  uMosimane’,0,0,0,0,0,2
zulu_4_00782,Uncome iHighlands Park elahla amaphuzu,0,0,0,0,0,0
zulu_4_00783,UMchunu uthipha indodana kweyebhande lomhlaba,0,0,0,0,0,0
zulu_4_00784,Ibhungu nephupho lokuqasha intsha efundile,0,0,0,0,0,0
zulu_4_00785,Inkampani entsha yamabhanoyi akwaSAA,0,0,0,0,0,0
zulu_4_00786,I-Volt Africa yeseka amabhizini asekhaya,0,0,0,0,0,0
zulu_4_00787,Bajabule noCele eThekwini ngokuphakwa kwamaphoyisa,0,0,0,0,0,3
zulu_4_00788,Bafeze iphupho begqoka amajazi abo,0,0,0,0,0,0
zulu_4_00789,Umfelokazi uhlawuliswe inkomo ekhumula inzilo,0,0,0,2,0,0
zulu_4_00790,Kuvela okuxoshe iBafana ehhotela lodumo,0,0,0,0,0,0
zulu_4_00791,Injini yeCity izolibhekisa phesheya,0,0,0,0,0,0
zulu_4_00792,UMicho uncome ukuzimisela kwezakhe,0,0,0,0,0,1
zulu_4_00793,Iyaqina eyokukhulelwa kukaDJ ingane yesibili,0,0,0,0,0,0
zulu_4_00794,Useyisilomo umshayeli wemoto yeDate My Family,0,0,0,0,0,0
zulu_4_00795,Inhlansi yethemba ngokubuya kukaTouch,0,0,0,0,0,0
zulu_4_00796,‘I-Afcon yigxathu elihle elibheke kweyoMhlaba’,0,0,0,0,0,0
zulu_4_00797,Uzalo seludale amathuba omsebenzi,0,0,0,0,0,0
zulu_4_00798,Uthembise amathuba omsebenzi uMboweni,0,0,0,0,0,0
zulu_4_00799,Umgadli wePirates ugeze igama lakhe benqoba koweCaf,0,0,0,0,0,0
zulu_4_00800,Ujabulela ukuthi bakethe yena 💔💔💔💔 #Uyajola99,0,0,0,0,0,0
zulu_4_00801,"@NociMzi Siyabonga, konke kube kuhle lapho olibangise khona 🥳",0,0,0,0,0,0
zulu_4_00802,UDe Sa angakujabulela ukuba yiphini likaBaxter kwiBafana,0,0,0,0,0,0
zulu_4_00803,Ulwela abesifazane ngeyamaqakelo owethelevishini,0,0,0,0,0,0
zulu_4_00804,"@PrinceShadow_SA Nkabi yam ngiyajabula ukt uCebisa ukwazile uyakugaya support, I hope awuzoyikhohlwa text yami ngimkhuthaza ukuthi akuphe indlebe last month or earlier this month 🙏🏽🙏🏽🗣... isifiso sami ukubona nisebenza now 2 one day",0,0,0,0,0,2
zulu_4_00805,Kufezeke iphupho kuFelix ngokulingisa kwiSono,0,0,0,0,0,2
zulu_4_00806,ULaSizwe ugubhe olwezithandani nesoka elisha,0,0,0,0,0,0
zulu_4_00807,Injabulo iligi yabesifazane ithola abaxhasi,0,0,0,0,0,3
zulu_4_00808,Elomculo livinjiwe eZimbabwe,0,0,0,0,0,0
zulu_4_00809,ISharks ethubeni lokubuyisa izinduku,0,0,0,0,0,0
zulu_4_00810,‘Siyobe sibonga abasesekayo ngokungena kweyoMhlaba’,0,0,0,0,0,0
zulu_4_00811,"awu yehheni webantu..mina ngijabulela ukuthi ngizobe ngonga i-makeup kule-lockdown, kukhona abazokwenza i-challenge yokuzipenda for 21 days 😫 ayisabizi yini i-makeup zingane zakwethu?",0,0,0,0,0,0
zulu_4_00812,IBanyana inentshisekelo yokwenza kahle eGhana,0,0,0,0,0,0
zulu_4_00813,Amanyuvesi ami ngomumo ngezicelo,0,0,0,0,0,0
zulu_4_00814,Uzosebenzisa i-United njengesango lokungena kwiBafana,0,0,0,0,0,0
zulu_4_00815,Injabulo iBlack Lions neRunning Water benyuka,0,0,0,0,0,2
zulu_4_00816,@Sethamdluli Lol ngyajabula Homeline uma sibona ngokfana 😁,0,0,0,0,0,1
zulu_4_00817,Kufezeke iphupho kuDavies engena kowamanqamu neBayern,0,0,0,0,0,2
zulu_4_00818,UTata ulufezile ugqatso lwakhe,0,0,0,0,0,0
zulu_4_00819,UTeko ohlelweni lokufukula intsha,0,0,0,0,0,2
zulu_4_00820,Samukelwe ngenjabulo isinqumo seNkantolo yoMthethosisekelo nge-Electoral Act,0,0,0,0,0,1
zulu_4_00821,Amaciko azoveza ilaka lawo kosopolitiki bakuleli,0,0,0,0,0,0
zulu_4_00822,Ujabule ebizelwa eqenjini lesizwe unozinti we-Arrows,0,0,0,0,0,1
zulu_4_00823,Injabulo uKwesta ebopha ifindo lomshado,0,0,0,0,0,3
zulu_4_00824,Ubathembisa injabulo abalandeli baMaZulu,0,0,0,0,0,1
zulu_4_00825,Nomndayi mina ngingayijabulela i sabbatical @Sthezozo Even if it's forced ngingayijabulela 🙏,0,0,0,0,0,0
zulu_4_00826,UPitso udikibele ngesicoco seligi,0,0,0,0,0,0
zulu_4_00827,Abewunga nebhizinisi elivuthayo e-Unisa,0,0,0,0,0,0
zulu_4_00828,Udinga amasu nosiko oliphusile ukuphumelelisa ibhizinisi,0,0,0,0,0,0
zulu_4_00829,Ithimba lekhethelo odlameni lwamatekisi,0,0,0,0,0,0
zulu_4_00830,Uphuphuma injabulo ozodlala ekaMabrrrr,0,0,0,0,0,0
zulu_4_00831,#Jabulujule Namhlanje sizokhuluma neqhawekazi uMama Connie Chiume osebe kumkhakha wamabonakude iminyakwa ewu 44. Uloke ekhule njalo ngomsebenzi wakhe. @ConnieChiume 💛 #Jabulujule #ConnieChiume https://t.co/Q7jDVNtuPV,0,0,0,0,0,2
zulu_4_00832,Ubonga iMTV usomahlaya ngohlelo lwakhe,0,0,0,0,0,1
zulu_4_00833,Ithalente lisezingeni kwiThe Voice SA,0,0,0,0,0,0
zulu_4_00834,"@NalediMpanya 😂 😂 😂 😂 Umane uyasho nje, makuyi crush yakho ujabula kabi",0,0,0,0,0,0
zulu_4_00835,IPirates ethubeni lama-quarterfinal koweCaf,0,0,0,0,0,0
zulu_4_00836,Ezika-Amla zigila izimanga eSri Lanka,0,0,0,0,0,0
zulu_4_00837,First Sunday Vibes sizoletha ukuthembeka kwethu eThempilini elisiphisayo nathi siyalixhasa today💙Sithi Khula Sambulo! Ufinyelele yonke indawo amaFrika akhululeke emangeni.✊🏿 #SpiritualFreedom #AfricanSpiritual https://t.co/hnJei4o29Q,0,0,0,0,0,0
zulu_4_00838,Umqeqeshi weBayern uncome ibhola likaPitso,0,0,0,0,0,0
zulu_4_00839,UseMome umshado kaKwesta noYolanda,0,0,0,0,0,0
zulu_4_00840,ISilo nenselelo kosomabhizinisi nowezemfundo ngesichazamazwi,0,0,0,0,0,0
zulu_4_00841,IPirates ethubeni lokuqeda ukhondolo lweTelkom,0,0,0,0,0,0
zulu_4_00842,UMeyiwa usethembe Isilo ngolukaSenzo,0,0,0,0,0,0
zulu_4_00843,@MinenhlePKunene ngiyabonga bhuti 😘 kunjani vele la?,0,0,0,0,0,0
zulu_4_00844,Ibandla lenze imisa egameni likaBeyoncé,0,0,0,0,0,0
zulu_4_00845,"@thabiso_gawen Ngiyahlanya mine ngako ngi single, I trip I mean trip ngilihlanya😭😭😭😭",0,0,0,0,0,0
zulu_4_00846,sengivede ngadakwa ngazithumela ke mina lezithombe🤷🏽‍♀️🌚 https://t.co/58XYDPUxvZ,0,0,0,0,0,0
zulu_4_00847,Nokuthi inuka u fish sizwa ngani enishodelwa u curry emakini 🤭 https://t.co/RBRawfhQZs,0,0,0,0,0,0
zulu_4_00848,@ntwen_hle 😂ninodwa oe mina ngishaya umageba angiy'xaki 😭,0,0,0,0,0,0
zulu_4_00849,Kulimale abangu-11 engozini yetekisi,0,2,0,0,0,0
zulu_4_00850,UKomphela usephelelwa yisineke,0,0,0,0,0,0
zulu_4_00851,Ukhwele wadilika ku-ANC ngamabhasi,2,0,0,0,0,0
zulu_4_00852,@malumskhulu Senidliwe kahle ke senimbuza 😂😂😂,0,0,0,0,0,0
zulu_4_00853,Uvele wafa yinsini eNkantolo owesifazane osolwa ngokubulala intombi yakhe,0,0,0,1,0,0
zulu_4_00854,"This year is weird, kade uhlukaniswa zolo lokhu usuyavalwa 🤷🏽‍♂️",0,0,0,0,0,0
zulu_4_00855,Haw’ le outie yavele yakhala 🤷🏼‍♀️,0,0,0,0,0,0
zulu_4_00856,Ufinyelele kwangqingetshe umhlangano ngeMeya yeTheku,0,0,0,0,0,0
zulu_4_00857,Ushonele esikoleni umfundi (14) ogwazwe ngesikele,0,3,0,0,0,0
zulu_4_00858,@MissThembeka 🤣🤣🤣 Ngihlekiswa ukuthi iksasa alaziwa,0,0,0,0,0,0
zulu_4_00859,Uyise kaMeyiwa usola ukugwazelwa,0,0,0,0,0,0
zulu_4_00860,Usola ukuntuleka kwamava beshawa,0,0,0,0,0,0
zulu_4_00861,‘Kuwe insika kudlula emhlabeni uMsimang’,0,1,0,0,0,0
zulu_4_00862,Bakhala ngendlala abatelekile kweyeplastiki,2,0,0,0,0,0
zulu_4_00863,"@Sphezy25 Ngangivele ngazi, Mjolo uzokulimaza ntanga la ungasanakile😂😂 https://t.co/uCHfA30oBs",0,0,0,0,0,0
zulu_4_00864,@ayoh_aya Eeyi kodwa ngike ngayi delisa Gin. Ngaohinde ngezwa ukuthi it's healthy to drink Gin ngashona khona more😂😂😂🍻,0,0,0,0,0,0
zulu_4_00865,@ZwaneBhekifa @DrZweliMkhize Mangethe wehla wadilika kumuntu wami 🤣🤣🤣🤣🤣,0,0,0,0,0,0
zulu_4_00866,U-AKA uchaza ngobuhlungu bokushonelwa yingoduso,0,3,0,0,0,0
zulu_4_00867,Kudutshulwe kwabulawa izelamani eBhamshela,0,2,0,0,0,0
zulu_4_00868,Uthisha usehole uR1m engasebenzi,0,0,0,3,0,0
zulu_4_00869,Abusehli ubuthongo kolahlekelwe yindodakazi,0,3,0,0,0,0
zulu_4_00870,Lihlehlile elomlisa osolwa ngokufa kwengane,0,0,0,0,0,0
zulu_4_00871,Kusolwa ukudla okunobuthi kushona abafundi abathathu esikoleni,0,3,0,0,0,0
zulu_4_00872,Basola isoka ngokubulawa kwesitabane ngesihluku,0,2,0,0,0,0
zulu_4_00873,Uvuke ethunyiwe namhlanje 🤭 Okubuhlungu ukuthi amazwi akhe azomukinya 🤕 https://t.co/C31Lia3H3h,0,0,0,0,0,0
zulu_4_00874,Kuklinywe isalukazi esina-107 sashona,0,3,0,0,0,0
zulu_4_00875,Sishubile isimo komaskanda ngenxa yombango wentombi,0,0,0,0,0,0
zulu_4_00876,UDlamini Zuma ukhwele wadilika kosomabhizinisi abamhlophe,0,0,0,0,0,0
zulu_4_00877,Ngishilo ukuthi ngzovuka ngifa indlala 😭,0,0,0,0,0,0
zulu_4_00878,Uthuthile umndeni kubulawa abane,0,3,0,0,0,0
zulu_4_00879,Mina ngithwele vele .........Ngithwele kanzima🙄😢🙆‍♀️ https://t.co/hf81dps6Gd,0,0,0,0,0,0
zulu_4_00880,Kulimale abagibeli kugingqika itekisi,0,2,0,0,0,0
zulu_4_00881,Laykhaya uthi uvuka nje sekudlalwa ipiano. Ngaze ngasha 🙆🏾‍♀️,0,0,0,0,0,0
zulu_4_00882,Kuphume isidumbu ngenxa yesifonyo,0,3,0,2,0,0
zulu_4_00883,Inhlanzi ishelwe ngamanzi kwabebebamba inkunzi,0,0,0,0,0,0
zulu_4_00884,Kulimale abangu-17 kwashona oyedwa engozini eFrance eMgungundlovu,0,3,0,0,0,0
zulu_4_00885,Kusolwa izihlobo ngokufa kwezingane ezashiswa zilele,0,2,0,0,0,0
zulu_4_00886,Amaphoyisa ashaqe inkomo yelobolo entshontshiwe,0,0,0,2,0,0
zulu_4_00887,"cha kodwa ke ngomiwe shem, angifuni ukungasho😭",0,0,0,0,0,0
zulu_4_00888,Waxwayiswa kaningana ngonyendle waze wabaleka ufakazi eGlebe,0,0,0,0,0,0
zulu_4_00889,Kubhubhe amalungu omndeni ayisishiyagalombili engozini,0,3,0,0,0,0
zulu_4_00890,"@uTeePee Ngikuzwa kahle. Lixhoshwa libhekile kaNtamonde, yobe ngan’ yakwethu. 🙏🏽",0,0,0,0,0,0
zulu_4_00891,"day 116: ididi ke leli, ididi nje! umuntu hasn't had water the whole fucken day in the neighborhood, ngiphila ngok'cacamezela - impilo engingayazi, engang'fanele futhi 😡 kwaze kwakude ekhaya 😭",3,0,0,0,0,0
zulu_4_00892,‘USbahle akaphazamisekanga emqondweni’,0,0,0,0,0,0
zulu_4_00893,Badidekile ngendodana engatholakali,0,2,0,0,0,0
zulu_4_00894,Kushone ingane (5) uyise 'eshisa' indlu,0,3,0,0,0,0
zulu_4_00895,"ewu, uthi ungena nje emusgrave centre ubingelelwe ophaya 😩",0,0,0,0,0,0
zulu_4_00896,Lishone selilabile ifa lalo iphoyisa ebelingcwatshwa,0,0,0,0,0,0
zulu_4_00897,Kunqamuke amanzi eMhlathuze kuteleka osonkontileka,2,0,0,0,0,0
zulu_4_00898,'Ngibuyekile!' Kwazisholo isidakwa kuwuMsombuluko,0,0,0,0,0,0
zulu_4_00899,I was very active on twitter ngingakajoli 😌 Manje sengyanikhohlwa 🌚,0,0,0,0,0,0
zulu_4_00900,Kubulawe iphoyisa livakashele intombi,0,0,0,0,0,0
zulu_4_00901,‘Ubulale’ uninakhulu ngephini obelwa,0,3,0,0,0,0
zulu_4_00902,Ngiyofa la ofa khona bafo kuehiwo into enje umuntu ashaye I pass ese Marget ifike ivalwe e Durban kulimale umuntu 🤗 Asuke ngejubane abadlule bonke kobhobhoyi mabheleni mgababa sphingo Lamontville afike kuqala… https://t.co/uUolYYBaEG,0,0,0,0,0,0
zulu_4_00903,Ezothando: Ngimthanda ngenhliziyo yami yonke kodwa ngihlukemezekile,0,0,0,0,0,0
zulu_4_00904,Umculi wowokholo engozini yemoto,0,2,0,0,0,0
zulu_4_00905,@MsMolobi Khona la kushoda khona and kushoda kakhulu 😔,0,0,0,0,0,0
zulu_4_00906,Kusolwa amarabi kolunywe yinja,0,2,0,0,0,0
zulu_4_00907,Kusolwa abazali isikole sivalwa,0,0,0,0,0,0
zulu_4_00908,Kusolwa inyoka ngezelamani ezifile,0,2,0,0,0,0
zulu_4_00909,'Udlelwe imoto yinyanga yamdlwengula' eyothwala,0,2,0,0,0,0
zulu_4_00910,Yey wavelwa umuntu I'lo John okmele avule I gate.nokungenadosi sekutinyela nje🙄🙄ay,0,0,0,0,0,0
zulu_4_00911,Sinyuka ngesivinini esesabekayo isibalo sabaneCovid-19 eGauteng,0,0,0,0,0,0
zulu_4_00912,"Ey fok kanti Vivo 1.4 igcwala ngamalini 😭, uze wathi lomjita usho Bru musuthi angiyekele coz usangena loPetrol.",0,0,0,0,0,0
zulu_4_00913,@Smalzin10 Kuncono kakhulu mfethu! Unkulunkulu unqabile nawe!! Ushwebile usathane🙏,0,0,0,0,0,0
zulu_4_00914,Baphithene ngonyamalale evakashele isoka,0,2,0,0,0,0
zulu_4_00915,Ungqongqoshe ukhathazwa   wukukhulelwa kwamantombazane,0,2,0,1,0,0
zulu_4_00916,"Lendoda ukube iyabulawa nje, sengaze sife sonke ngomuntu oyedwa 😷",0,0,0,0,0,0
zulu_4_00917,Udutshulwe belamulela umngani obehlaselwa,0,2,0,0,0,0
zulu_4_00918,😂😂ey ngiphila emhlabeni wami ngedwa angaz kulalwe nini ngseliwe https://t.co/s58NDPID4I,0,0,0,0,0,0
zulu_4_00919,Lisekubhaceni isoka elibulele obengasalifuni,0,2,0,0,0,0
zulu_4_00920,Bashaqekile eqhunyelwa yiselula eyishaja wafa,0,2,0,3,0,0
zulu_4_00921,Kubatshazwa isihluku efela imbuzi eMuden,0,2,0,0,0,0
zulu_4_00922,Kutholwe isidumbu sesonakele sinuka ophahleni lwesibhedlela,0,1,2,0,0,0
zulu_4_00923,Lisatshiswe wumphakathi ikhansela elidutshulwe lafa,0,3,0,0,0,0
zulu_4_00924,My allergex aphelile 😭 omaskito babhokile la. Ngzohamba ngimabokoboko,0,0,0,0,0,0
zulu_4_00925,Ziphume ngesamagundane izitshudeni kusha ibhasi,0,2,0,0,0,0
zulu_4_00926,Wake waliwa indoda? Uthi mubuza athi “I’m going through a lot” kodwa uHappy nomunye? Ngikhuluma ngo “I cant do this anymore” hehe amadoda angazi afa nini😂😂💔💔,0,0,0,0,0,0
zulu_4_00927,Bamgxobe wafa umfundi kubangwa intombi,0,3,0,0,0,0
zulu_4_00928,Mina mekunje ngivele ngingazi ngenzenjani 🥺,0,0,0,0,0,0
zulu_4_00929,Baningi ababalwa enkohlakalweni  yethenda yokupheka,0,0,0,0,0,0
zulu_4_00930,Kushone abesifazane abawu-13 engozini yetekisi namaloli amabili KwaZulu-Natal,0,2,0,0,0,0
zulu_4_00931,Ukhuza ibuya owahamba ebhedelwa wuhlelo kwiSibaya,0,0,0,0,0,0
zulu_4_00932,"@LungaMahlati ""ngidlul' ekhaya ng'papekile ngingena la Hungry lion, aikhona"" That's how we sang it😂😂😂",0,0,0,0,0,0
zulu_4_00933,Kungcole kuyaxathuka ethawini -inhlokodolobha isiphenduke ihlazo,0,0,2,0,0,0
zulu_4_00934,Ukhomba amaphoyisa umndeni wekhehla (85) elibulewe,0,0,0,0,0,0
zulu_4_00935,Sesithelekile kwelengabadi silomo esinguBrian McKnight,0,0,0,0,0,0
zulu_4_00936,@zammykhanyile -lmao bengazi ukuthi uyangmaketha yazi 😭,0,0,0,0,0,0
zulu_4_00937,Sehlile isibalo sabangenwa yigciwane lengculazi,0,0,0,0,0,0
zulu_4_00938,Unetayitela lendlu engabonwa,0,0,0,0,0,0
zulu_4_00939,"@TOMZ_SA @misu_zulu Awu bakithi askies , kodwa ke akulahlwa mbeleko ngakufelwa 😂😂😂",0,0,0,0,0,0
zulu_4_00940,Kusenzima emindenini yezingane ezishonile,0,2,0,0,0,0
zulu_4_00941,Abakatholwa abashone engozini yesitimela,0,2,0,0,0,0
zulu_4_00942,Ukhathazekile unina wodlwengulwe eya esikoleni,0,3,0,0,0,0
zulu_4_00943,Kuxabene ubendle phakathi kukaKelly Khumalo noZandie,0,0,0,0,0,0
zulu_4_00944,Isitshudeni sibhokodwe yisoka laso safa,0,2,0,0,0,0
zulu_4_00945,Ngiyamuzwa mina ukuthi uthini ugheli 😭😭 https://t.co/DpfCUnVcF6,0,0,0,0,0,0
zulu_4_00946,Majina nje sengilwa nomfana ekthiwa uThando💀💀💀💀💀,0,0,0,0,0,0
zulu_4_00947,Owokholo nesifundo kuhlukunyezwa unina,0,0,0,0,0,0
zulu_4_00948,Sesvukile satatazela sageza manje simele ilink😌ai these zoom lectures udoti nje. https://t.co/FWOobbDi7H,0,0,0,0,0,0
zulu_4_00949,@Tsepiso_MK Weo kade ngirhalela nje ukushayiskhalanga😩,0,0,0,0,0,0
zulu_4_00950,Itholwe ihleli namaphara ingane ebinyamalele,0,0,0,0,0,0
zulu_4_00951,Nkosyam we get it's the last day of the financial year kodwa yeyeni bt ngsale sengixinwa kangaka yaz I haven't eaten ksukela ekseni😩😩,0,0,0,0,0,0
zulu_4_00952,Isiguli sibanjwe oqotsheni 'sidlwengula' esinye esibhedlela,0,2,0,2,0,0
zulu_4_00953,Zikhishwa ngodli ezindlini izitshudeni zaseMUT,0,2,0,0,0,0
zulu_4_00954,Kufe oyedwa kusha amadokodo eBuhleni,0,2,0,0,0,0
zulu_4_00955,Ufuna ubulungiswa odliswe yisoka indle,0,0,0,0,0,0
zulu_4_00956,'Umasipala uxovekile sidinga usizo lwamasosha' - Zandile Gumede,0,0,0,0,0,0
zulu_4_00957,Kusolwa impi yokudayisa izidakamizwa kufa ababili,0,2,0,0,0,0
zulu_4_00958,Kubonwa ngokusa kubadlali abane abalimale engozini yemoto,0,2,0,0,0,0
zulu_4_00959,Sebephenduke imilutha yebhenzini abafundi bamabanga aphansi,0,0,0,0,0,0
zulu_4_00960,"#Coronavirus: Sinyukele ku-7 220 isibalo sabahaqekile, sekusinde abawu-2 746",0,0,0,0,0,0
zulu_4_00961,Owesifazane udilikelwe wudonga wafa eMlaza,0,3,0,0,0,0
zulu_4_00962,Few minutes ago benginyiswa imoto ingafuni ukuhamba kanti ihlula mina 🤦‍♂️ I’m so embarrassed rn 🌚😂 https://t.co/KYgawhuk6q,0,0,0,0,0,0
zulu_4_00963,abasho futhi mase bebhorekile 😭😭 https://t.co/aH78HCH8rl,0,0,0,0,0,0
zulu_4_00964,Kushone abathathu engozini yeloli neveni,0,2,0,0,0,0
zulu_4_00965,@Mthigo_ Wena Mthoko vele usuwenziwa ukukhathazwa ukwenziwashing nje😂😂😂,0,0,0,0,0,0
zulu_4_00966,I need another long weekend coz le angiyzwanga angaz nokuthi bekwenzakalani😒,0,0,0,0,0,0
zulu_4_00967,Udutshulwe ngenqwaba yezinhlamvu wafa usihlalo wamatekisi,0,2,0,0,0,0
zulu_4_00968,Kuyengwe abasebenzi bahlaselwa,0,0,0,0,0,0
zulu_4_00969,Kusolwa amaqembu ezigebengu kudutshulwa kubulawa abane,0,0,0,0,0,0
zulu_4_00970,Ube yiqhawe ebulala ufeleba wenhlwathi,0,0,0,0,0,0
zulu_4_00971,Kutholwe izidumbu esezonakele,0,2,2,0,0,0
zulu_4_00972,Umunyu ekhumbula owafela ethoyilethi,0,2,0,0,0,0
zulu_4_00973,Ukhishwe evenini wabulawa phambi kwamaphoyisa,0,1,0,2,0,0
zulu_4_00974,@iamthobani Ngathi ungenwa umkhuhlane nje uSimba🤣,0,0,0,0,0,0
zulu_4_00975,Kutholwe isidumbu somfundi sishumpulwe ikhanda eMzinto,0,3,0,2,0,0
zulu_4_00976,Usale dengwane oqolwe ngomshado,0,2,0,0,0,0
zulu_4_00977,UHunt uphoxekile iWits ihlulwa wuSuthu,0,0,0,0,0,0
zulu_4_00978,Kutholwe isidumbu sesonakele emahhovisi,0,2,2,0,0,0
zulu_4_00979,Ushayiswe yisitimela eyozikhulula ehlathini,0,2,0,0,0,0
zulu_4_00980,@Lordwick_Mei Ilelirasta nje 😡😡😡 kodwa kushoniwe,2,0,0,0,0,0
zulu_4_00981,OwezeMpilo uthule ngabavalwa inzalo,0,0,0,0,0,0
zulu_4_00982,Uzithele kwisidumbu sosana elungisa amapayipi,0,2,0,0,0,0
zulu_4_00983,July manje usubusuhlulwa yin nje ukuphela nge Weekend yaz Into ehlangene no Mandela inesicefe 🚮 https://t.co/LMI0ybX6JG,0,0,0,0,0,0
zulu_4_00984,Kulimale abangu-18 kugingqika itekisi,0,3,0,0,0,0
zulu_4_00985,Imali ayideleki bafethu ne noma nihlulwa ukwaneliseka? 😲 https://t.co/7a4p37e2In,0,0,0,0,0,0
zulu_4_00986,Kuhlomule abaningi ngesiteshi sothisha,0,0,0,0,0,0
zulu_4_00987,Ibhokisa elibulewe kubanjwa inkunzi eBridge City beliphila ngobugebengu,0,1,0,2,0,0
zulu_4_00988,Kufe umfundi (15) empini bebanga intombi,0,2,0,0,0,0
zulu_4_00989,Kulimale umgibeli obehleli phambili etekisini ngesikhathi lishayisana neveni kuM25 namuhla ekuseni. @IsolezweNews 📷ER24 EMS (Pty) Ltd https://t.co/OCmUdgAeAO,0,2,0,0,0,0
zulu_4_00990,&quot;Icwiywe inhliziyo indodakazi&quot;,0,0,0,0,0,0
zulu_4_00991,Bashaqekile kudutshulwa induna yaseMzumbe,0,0,0,3,0,0
zulu_4_00992,Sinyukile isibalo sothisha nabafundi abasuleleke ngeCovid-19 KwaZulu-Natal,0,1,0,0,0,0
zulu_4_00993,Kushone umshayeli engozini,0,2,0,0,0,0
zulu_4_00994,"Yaze yasonela intombazane, ngo Hi nje sengaze awusabalalise 🙄. Send DMs ngakumina 😄 soze ngavezela umhlaba",0,0,0,0,0,0
zulu_4_00995,Badidekile kubulawa umhlengikazi ekilinikhi,0,2,0,0,0,0
zulu_4_00996,Ingwijikhwebu 'ngofe wavuka',0,0,0,1,0,0
zulu_4_00997,#Yidlanathi #Dankie1223 mina ngivele ngazosel'inyama nje... ngila kwaNongoma esgangeni ❤️📻 liyana!!! @ukhozi_fm @kingsfiso @Zimiphib1 https://t.co/uN7JNPznYT,0,0,0,0,0,0
zulu_4_00998,"Just like that, Zekhethelo walahlekelwa umsebenzi. Hhai bakithi unzima umjolo, money or no money kuyazifanelanje.🙆‍♀️🙆‍♂️ #Uzalo",0,0,0,0,0,0
zulu_4_00999,Buchitheke bugayiwe elanda ilobolo,0,0,0,0,0,0
zulu_4_01000,@lord_mla Wayeng’khonzile mina ngingathintwa 😂😂 abashaye bonke kusale mina,0,0,0,0,0,0
zulu_4_01001,Sinyukele ku-16 isibalo sabashone engozini yetekisi neloli,0,3,0,0,0,0
zulu_4_01002,"Ngendlela abangani abangihlamuka ngyasola, ukuthi kuyothi masebephele bonke sengingedwa, uMdali useyovela athi ""nazoke mi thatha naku owawukade ukufisa"" 🤔",0,0,0,0,0,0
zulu_4_01003,Umfana (13) udubuleke kuhlaselwa osomatekisi,0,2,0,0,0,0
zulu_4_01004,Itwetwe kushona iphoyisa ebelihaqekile,0,2,0,0,0,0
zulu_4_01005,@Asahngidii @zimele_mthembu khul'leka bhut wami. kade ngabona 💉 https://t.co/lZ0Qn3PSz8,0,0,0,0,0,0
zulu_4_01006,Kungqongqiswe isalukazi sisolwa ngokuthakatha,0,2,0,0,0,0
zulu_4_01007,Thulu ngasho sengyajola manje...khuuphuka lapho!!! @musiholiq_nuz when we hangin each other with brothers @sizwebeans n @m_uniq_entertainment kuhlezi kumnandi much luv gent's🎼💖🙌 @ Emhlabeni wase Durban https://t.co/iyte6Cxpns,0,0,0,0,0,1
zulu_4_01008,UGerry Nel uzwakalise ukuphoxeka engaveli 'ungqondongqondo' kwelikaMeyiwa,0,0,0,0,0,0
zulu_4_01009,"Washing Machine accident, kitchen flooded 😭😭😭😭 Waze wawudala umsebenzi umshini 🙆🏾‍♂️",0,0,0,0,0,0
zulu_4_01010,"#Coronavirus: Sinyukele ku-2 783 isibalo sabahaqekile, sekushone abawu-50",0,0,0,0,0,0
zulu_4_01011,Bashaqekile bethola owesifazane enqunu eshonile,0,0,0,3,0,0
zulu_4_01012,Usatshiswa ngokufa ngenxa yendawo ayidlala kuZalo,0,0,0,0,0,0
zulu_4_01013,Usinde ngokulambisa obecwiywa izindlebe,0,0,0,2,0,0
zulu_4_01014,Kushone abathathu engozini yezimoto,0,3,0,0,0,0
zulu_4_01015,Abesuthu bavele bethi uyalwa nje ungashongo lutho😩 https://t.co/h5QkjktYch,0,0,0,0,0,0
zulu_4_01016,Kuphume isidumbu kucobana abafundi,0,3,0,2,0,0
zulu_4_01017,Baklonyeliswe izinkulungwane ngodoti,0,0,0,0,0,0
zulu_4_01018,Obesemkhunjini wase-India uphuthunyiswe esibhedlela kukubi,0,3,0,0,0,0
zulu_4_01019,Ibheyili kosolwa ngokufa kwabangu-12,0,0,0,0,0,0
zulu_4_01020,Indida ngesalukazi esizilengisile,0,2,0,0,0,0
zulu_4_01021,Utholwe emobeni esefile obethunjiwe,0,2,0,0,0,0
zulu_4_01022,UZodwa Wabantu uhlanyiswa yisoka elisha,0,0,0,0,0,0
zulu_4_01023,Bashaqekile usana lugaywa yiloli nodoti,0,2,0,3,0,0
zulu_4_01024,Kusolwa izidakamizwa ngokubulawa kwabantu eMbali,0,0,0,0,0,0
zulu_4_01025,"@mzokoloko Ngoba abahlelekile bobabili nje, zishaphi ngabo vele? 🤣 https://t.co/cKDF6rA7ec",0,0,0,0,0,0
zulu_4_01026,Utaxiwe esolwa ngokuloya inkundla,0,0,0,0,0,0
zulu_4_01027,Kuhlaselwe ikhansela kwashiswa nomuzi walo lilele nezingane,0,2,0,2,0,0
zulu_4_01028,Usinde ‘ezoqedelwa’ esibhedlela owe-Glebe,0,0,0,2,0,0
zulu_4_01029,Ngake ngabanjwa ngi hamba nesesheli ePaethini kanti indoda iya lapho nayo! Lapho ngase ngithe ngilele 🥺😭😭,0,0,0,0,0,0
zulu_4_01030,Isikhalo ngethaveni esiphenduke ujombigazi,0,0,0,0,0,0
zulu_4_01031,"Injalo Mbovu futhi kuthiwa utshani obulele buvuswa ngomlilo, sophaphama sesisha ngoba asboni🤞 https://t.co/GhreJKhxqp",0,0,0,0,0,0
zulu_4_01032,"Uyazi manginawe ngisuke sengiphelele, angeke ngiqambe amanga mangathi khona engishoda ngakho dali 🔥🔥🔥🔥",0,0,0,0,0,0
zulu_4_01033,Icishe yasha yaphela inxanxathela yezitolo oLundi,0,0,0,0,0,0
zulu_4_01034,"@MbalulaFikile Eish imphazamile uVutha le, izinyele🤣😂😅😅",0,0,0,0,0,0
zulu_4_01035,Kushone ababili kuphahlazeka ibhanoyi eThekwini,0,2,0,0,0,0
zulu_4_01036,Udokotela ufe kusha ifulethi abehlala kulo ebhilidini eligudle ulwandle,0,2,0,0,0,0
zulu_4_01037,@Santacokzn Emzinyathi sekudutshulwe itekisi inabagibeli aningenelele ayihlale phansi ibambe umthetho isibhamu asakhi lutho ezweni😭 https://t.co/bePc07rSsK,0,1,0,0,0,0
zulu_4_01038,Usizi nomunyu kufihlwa intatheli yeSolezwe,0,3,0,0,0,0
zulu_4_01039,Abantu bakuleli sebephephela komashonisa ngenxa yendlala,0,0,0,0,0,0
zulu_4_01040,Thina sikhule ubuya eskoleni uhlalelwe ithanga elibilisiwe kanye nesikhwebu sombila and that will be your only meal coz ayikho enye into ekhona endlini engaphekwa kuze udle 🤞🏾,0,0,0,0,0,0
zulu_4_01041,Stress enginaso yoo 🤯🤯🤯🤯 kunzima emhlabeni yezwa!!! 😩,0,0,0,0,0,0
zulu_4_01042,Kushone abathathu kugingqika imoto yeYo! Taxi!,0,2,0,0,0,0
zulu_4_01043,Kuboshwe intombazane (13) ngokugqenywa kwesalukazi (63) ngesando sashona,0,2,0,0,0,0
zulu_4_01044,Lusashubile oloMvikeli woMphakathi,0,0,0,0,0,0
zulu_4_01045,Kusolwa umkhuba ekhaya ngotholwe emotweni yakhe eseshonile esonakele,0,2,2,0,0,0
zulu_4_01046,Kushone amaphoyisa amathathu abeyophenya eNgcobo,0,2,0,0,0,0
zulu_4_01047,"Sengigudile, ngageza, ngagqoka kahle, nganuka kahle. Sengyobangena 😉",0,0,0,0,0,0
zulu_4_01048,Babhodla umlilo ngomholi we-ANC obulewe,2,0,0,0,0,0
zulu_4_01049,Isililo ngenyoka eluhlaza yase-Ushaka Marine,0,0,0,0,0,0
zulu_4_01050,Engabe yini le enhle ngempela etholwa abantu out of harboring isikhwele and failing to control their emotions udela owaziyo 🤦🏾‍♂️ https://t.co/wuxoRp0Mbi,0,0,0,0,0,0
zulu_4_01051,"@malumskhulu Zibulale zonke nje, ebe ezikhipha 🤣🤣🤣🤣🤣",0,0,0,0,0,0
zulu_4_01052,Isihluku kudlwengulwa isalukazi (84),0,2,0,0,0,0
zulu_4_01053,Uphenyo ngokubulawa kwabantu abane,0,0,0,0,0,0
zulu_4_01054,Isilomo seMazembe sinetwetwe ngeSuperSport,0,0,0,0,0,0
zulu_4_01055,Sebewu-138 134 abaphethwe yiCovid-19 kuleli,0,0,0,0,0,0
zulu_4_01056,Amanzi agugule inhlabathi indlu yasala ilenga,0,0,0,0,0,0
zulu_4_01057,Kusolwa ubandlululo ngokubulawa kowakuleli eHawaii,0,2,0,0,0,0
zulu_4_01058,Kushiswe umuntu eMpumalanga,0,3,0,2,0,0
zulu_4_01059,Izidumbu zababili zitholwe zimbobombobo yizinhlamvu,0,3,0,0,0,0
zulu_4_01060,UMampintsha ugonyuluka ngengxabano noTira,0,0,0,0,0,0
zulu_4_01061,UHlomuka ugculisekile ngohlelo lwamanzi ezikoleni eziningi,0,0,0,0,0,0
zulu_4_01062,Kusolwa abaphangi kutholwa isidumbu somlisa obeklajiwe,0,3,0,0,0,0
zulu_4_01063,Kusolwa abemijondolo kushiswa ihhovisi lekhansela,2,0,0,0,0,0
zulu_4_01064,Itholakale isishonile intombazane eneminyaka eyisithupha 'ebithunjiwe',0,2,0,0,0,0
zulu_4_01065,@Andile_Gamedze Nami cishe ngalotsholwa kodwa because of iCorona waphela kanjalo umendo 😭😭😭😭,0,0,0,0,0,0
zulu_4_01066,"@iamthobani @Bheki_Nyathi Kzothiwa nqampunqampu nje bese kyalunga, but lesimo sinzima in 2009 wafa kanje umunt eze kumawengane yakhe aw ishende lavula lamphihliza ngesdunu sembazo umshubo. Umunt ezingenela engazilutho😭😭😭😭ey wafela phambikwami",0,2,0,0,0,0
zulu_4_01067,Udliwe inkomo otaxe isalukazi kubangwa utshwala baso,0,0,0,0,0,0
zulu_4_01068,Bashaqekile ngokudlwengulwa kosana,0,0,0,3,0,0
zulu_4_01069,Indoda idutshulwe amaphoyisa kwayo,0,2,0,0,0,0
zulu_4_01070,Umlingisi uzibulele ngenxa yokhwantalala,0,2,0,0,0,0
zulu_4_01071,Sebengu-50 000 ababulawe yiCovid-19 kuleli,0,0,0,0,0,0
zulu_4_01072,Itholwe yiphara ingane ebiduke iphuma esikoleni,0,0,0,0,0,0
zulu_4_01073,Ey lenja ayingizwa yezwa 😭😭😭🤣 Anginamoto moto mina imoto ka Bhuti wam le. https://t.co/ow4UzzphpZ,0,0,0,0,0,0
zulu_4_01074,Kuboshwe abafundi abahlanu ngokubulawa kowesilisa,0,2,0,1,0,0
zulu_4_01075,Usequba ezihlotsheni odlelwe indawo,0,0,0,0,0,0
zulu_4_01076,@_Boiitshepo Uthi uzithandela os'tufuza... Nsizwa yakithi-ke le. 😂,0,0,0,0,0,0
zulu_4_01077,Umsakazi ugonyuluka ngokuhlukumeza,0,0,0,0,0,0
zulu_4_01078,Lihlehlile elosolwa ngokuputshuza elikamatric,0,0,0,0,0,0
zulu_4_01079,Izitshudeni zibalisa ngokuxhashazwa wumnyango wezeMfundo,0,0,0,0,0,0
zulu_4_01080,Sivaliwe esikaMpanza eSABC,0,0,0,0,0,0
zulu_4_01081,Kufe ingane kuhlaselwa owamatekisi,0,2,0,0,0,0
zulu_4_01082,@MzweNgonyama Kanye but kwangenicala after lesosgameko ngangizalwa uhlanya mina🤦🏾‍♂️,0,0,0,0,0,0
zulu_4_01083,Kushone isiguli kugingqika ibhasi loMnyango wezeMpilo,0,3,0,0,0,0
zulu_4_01084,Umndeni uzobhodliswa yiqiniso ngowabulawa eDUT,0,0,0,0,0,0
zulu_4_01085,Usele nemibuzo eminingi oshonelwe ngumkakhe obeneCovid-19,0,2,0,0,0,0
zulu_4_01086,Baphuthunyiswe esibhedlela abafundi kusha igumbi lesikole,0,3,0,1,0,0
zulu_4_01087,'Ngiyaxolisa ukuthi owesifazane wahlukumezeka ngenxa yami' - Okmalumkoolkat,0,0,0,0,0,0
zulu_4_01088,Iphoyisa likutakute isosha kudlalwa lashona,0,2,0,0,0,0
zulu_4_01089,UDlungwane uhambele abomfundi obulewe,0,2,0,0,0,0
zulu_4_01090,Sehlile isibalo sabafa ezingozini zomgwaqo,0,0,0,0,0,0
zulu_4_01091,Basinde engozini abalandeli bakaZuma,0,0,0,0,0,0
zulu_4_01092,Kusolwa eyamatekisi ngomfundi odutshuliwe,0,3,0,0,0,0
zulu_4_01093,Bashaqekile ngokubulawa komholi we-ANC,0,0,0,3,0,0
zulu_4_01094,Kushone 13 engozini yetekisi  'ebisuka kwaNongoma' neloli,0,3,0,0,0,0
zulu_4_01095,Indida ngobekhishwa yisisu kodwa ofe esenengozi,0,0,0,2,0,0
zulu_4_01096,Selusezithebeni zenkantolo ololothisiwe,0,0,0,0,0,0
zulu_4_01097,Kudlule abawu-11 engozini yetekisi neloli kuN3,0,3,0,0,0,0
zulu_4_01098,Sebeyasebenza emakhazeni emva kokuteleka,0,0,0,0,0,0
zulu_4_01099,Usatokile osolwa ngokubulala umyeni,0,0,0,0,0,0
zulu_4_01100,Badutshulwe bafa kade belande imali yesitokofela,0,2,0,0,0,0
zulu_4_01101,"ngivele ngangenwa amaTeenager bandla. Kodwa isgubhu novududu nizowuzwa, buka🤞🏾😭🤣🤣🤣 Njalo ngyadlala",0,0,0,0,0,0
zulu_4_01102,Kubulawe intombi nesoka eMbumbulu,0,2,0,0,0,0
zulu_4_01103,"#Coronavirus: Sinyukele ku-3 635 isibalo sabahaqekile, sekushone abawu-65",0,0,0,0,0,0
zulu_4_01104,Ubhodle umlilo uBenni edliwa Usuthu,3,0,0,0,0,0
zulu_4_01105,Utholwe eshonile obehambe nabangani beye emcimbini,0,3,0,0,0,0
zulu_4_01106,@sabelonxele_86 Sbwl 😩... Ngidle zonke iy'f**be,0,0,0,0,0,0
zulu_4_01107,Kubhubhe 9 engozini yetekisi neveni,0,2,0,0,0,0
zulu_4_01108,@ThuladuKaMa Unamanga Uyalwa 😂😂😂🤞🏾 ushaya u with all due respect ngey’phansi,0,0,0,0,0,0
zulu_4_01109,Ababili basinde ngokulambisa bedutshulwa emgwaqeni,0,0,0,0,0,0
zulu_4_01110,Ngiyalala mina. I’m not on holiday. 😂 https://t.co/mjhFRAOVjT,0,0,0,0,0,0
zulu_4_01111,UR25 million wokudla uphele kuthole idlanzana,0,1,0,1,0,0
zulu_4_01112,@MzoloPearl 🤣🤣🤣Mina nje sengikudubile xeim ngibuya ngikhathele ngifa emsebenzin,0,0,0,0,0,0
zulu_4_01113,@ZuluSweG Thina sakhula kabuhlungu KwaHlazakazi abafowethu nobaba bebulalana ngesibhamu iminyaka ewu 8 bese ntabeni... Ngiyaye ngisho nje kt ncono ukuba kwakuliwa ngenduku. Yey impi ngiyayibonga isihlukumeze kakhulu 😪 safelwa obaba sibancane.,0,2,0,0,0,0
zulu_4_01114,"Been invited for lunch, lapho ngyafa ibhabhalazi 😭😭😭 https://t.co/9FAh2AavaL",0,0,0,0,0,0
zulu_4_01115,Bashaqekile kubulawa isangoma eMlaza,0,0,0,3,0,0
zulu_4_01116,Isidumbu somshayeli engozini yamaloli,0,2,0,0,0,0
zulu_4_01117,Kukhalwa ngesinyama kuMayambela,0,0,0,0,0,0
zulu_4_01118,Kulimale abawu-22 kushayisana itekisi neveni,0,2,0,0,0,0
zulu_4_01119,Ingebhe kubulawa induna nendodana,0,0,0,0,0,0
zulu_4_01120,Umfelokazi ‘ubulawe’ yisoka emuva kokulipha imali,0,3,0,2,0,0
zulu_4_01121,Kutholwe isidumbu sowesifazane sinqunu oThongathi,0,2,0,2,0,0
zulu_4_01122,Abahlale emakubo futhi mebenganayo imali sengaze uthi it’s a mental challenge ay 😂 https://t.co/RpPS60Oz8g,0,0,0,0,0,0
zulu_4_01123,Lebonda khona lana ngiyazela khona 👀🤔 https://t.co/MjrD4okYfA,0,0,0,0,0,0
zulu_4_01124,Usesulile uKomphela,0,0,0,0,0,0
zulu_4_01125,Lasho ke futhi selikhuphuka😭😭😭😭😭😭 https://t.co/3PMIjHtk59,0,0,0,0,0,0
zulu_4_01126,Kushaqeke abagibeli kubulawa umshayeli webhasi,0,0,0,2,0,0
zulu_4_01127,Inyanga ibulawe phambi kwesiguli yashiswa,0,2,0,0,0,0
zulu_4_01128,Udilizwe etekisini waboshwa osolwa ngokubulala,0,0,0,0,0,0
zulu_4_01129,Kodwa nina niyaJola nentshebe edayiwe thina umjolo uyasinyisa kodwa 😩🥺💔 iFair ayikho https://t.co/S2kr4IDyJA,0,0,0,0,0,0
zulu_4_01130,"Omunye umakoti lo, ungena emzini E famba moyeni 🤣 https://t.co/jVBY0LmIud",0,0,0,0,0,0
zulu_4_01131,Kulimale abafundi abawu-72 kuginqika ibhasi,0,3,0,0,0,0
zulu_4_01132,'Imbokodo isacindezelekile kwezomnotho',0,0,0,0,0,0
zulu_4_01133,@Jigga_SA Wehlule these days inkosi impela uwe lo? 😢,0,0,0,0,0,0
zulu_4_01134,I-ANCYL ikhwele yadilika kuNxumalo,2,0,0,0,0,0
zulu_4_01135,Isitshudeni sibhokodwe amanxeba awu-52,0,3,0,1,0,0
zulu_4_01136,Kulimale 23 kuginqika itekisi ethutha abafundi,0,2,0,0,0,0
zulu_4_01137,Ukhala ngokuhlukunyezwa wunina ngoba ethe uneHIV,0,2,0,0,0,0
zulu_4_01138,Umunt' usazofa inkunzi makunje 🤦🏽‍♂️ Bengith mina ababoshwe manje kusase early 😪😪 https://t.co/lGsFcgGHAo,0,0,0,0,0,0
zulu_4_01139,Kushone abane engozini eRamsgate,0,2,0,0,0,0
zulu_4_01140,Ingane (10) ibuyiswe 'enkulisa' isishonile,0,2,0,0,0,0
zulu_4_01141,Usedlulile emhlabeni uNeyi Zimu,0,2,0,0,0,0
zulu_4_01142,Kusolwa abenhlangano kushiswa indlu,0,0,0,0,0,0
zulu_4_01143,Usedlulile emhlabeni uG65,0,2,0,0,0,0
zulu_4_01144,Okusha ngokubulawa kwesitshudeni saseDUT,0,0,0,0,0,0
zulu_4_01145,@Simmz_N wang'bulala 😪 inhloziyo yami iseglass'ini yewayini kahle kahle,0,1,0,0,0,0
zulu_4_01146,@Nokulun02059586 Lapho mina ngidla isinkwa lana 😔😟,0,0,0,0,0,0
zulu_4_01147,Amadoda amabili adutshulwe afa emgwaqeni,0,2,0,0,0,0
zulu_4_01148,Kushiswe isikhova esitholwe ekilasini,0,0,0,0,0,0
zulu_4_01149,UHunt uzwakala ephelelwe amaqhinga okuvala emuva,0,0,0,0,0,0
zulu_4_01150,"Ngoba ave ninamanga njalo la ekhaya. Nize niqambe amanga sekushoniwe. Fake news peddlers, conduits of lies and purveyor of divisive evil 😷 https://t.co/qH7OyH6yvv",0,0,0,0,0,0
zulu_4_01151,Abacacisi ngokutholakala  kobenyamelele,0,0,0,0,0,0
zulu_4_01152,Unina usekhala ubusuku nemini ngowaduka eyolusa,0,3,0,0,0,0
zulu_4_01153,Kusolwa isoka ngesidumbu ebesisemfuleni,0,2,0,0,0,0
zulu_4_01154,Batholwe befile benamanxeba okudutshulwa,0,2,0,0,0,0
zulu_4_01155,"Yazi uma nisaqala kuvele kube sengathi nidalelwene, livuthe bhee..!! ngathi nizoshada 😭😭",0,0,0,0,0,0
zulu_4_01156,Ucishe waphelelwa yitoho ngenxa yamathoyizi ocansi,0,0,0,0,0,0
zulu_4_01157,Usomatekisi ubulawelwe emahhovisi,0,2,0,0,0,0
zulu_4_01158,Ingebhe umndeni ushiselwa izimoto,0,2,0,0,0,0
zulu_4_01159,Isibhicongo itekisi ishayisa kwashona abafundi abathathu eNewlands,0,3,0,0,0,0
zulu_4_01160,Bashaqekile ngabayisithupha abashone kweyetekisi,0,0,0,3,0,0
zulu_4_01161,Kushone ozalwa abashonela eNigeria,0,2,0,0,0,0
zulu_4_01162,Being a light sleeper is shitty ngithuswe umuntu ophinde walala after that mina loku ngihleli since 3ish🌚,0,0,0,0,0,0
zulu_4_01163,Sinyukile isibalo sobugebengu e-KZN,0,0,0,0,0,0
zulu_4_01164,@KhozaCebo Mina ngphuma manje ayisbhekani bese bebeyisa ngathi bengibancengile nokudla 😂,0,0,0,0,0,0
zulu_4_01165,Uvalo ezinduneni kudutshulwa enye yafa,0,0,0,0,3,0
zulu_4_01166,Kutholwe isidumbu sesithathu eKusasalethu Mine,0,2,0,0,0,0
zulu_4_01167,@Mhlangabezi_ Yey ngivele ngingabe ngisazi mina. 🥴,0,0,0,0,0,0
zulu_4_01168,Usinde ngokulambisa owesifazane odutshulwe ePinetown,0,0,0,0,0,0
zulu_4_01169,'Isiguli siklinye' esinye esibhedlela sashona,0,2,0,3,0,0
zulu_4_01170,Kuvulwe icala ngoshaye umfundi 'wabola' izinqe,0,0,0,0,0,0
zulu_4_01171,Sebengaphezulu kuka-17 000 abahaqwe yiCovid-19 kuleli,0,0,0,0,0,0
zulu_4_01172,Udakwe yini u aunty fikile mbalula namhlanje 🙆🏻‍♂️,0,0,0,0,0,0
zulu_4_01173,USbahle utheleke kungazelele muntu kwiBoot Camp,0,0,0,0,0,0
zulu_4_01174,Owesifazane ushone elinde usizo esibhedlela ‘ezitshwa’ onesi,0,3,0,0,0,0
zulu_4_01175,Ushayiswe yimoto wafa owasinda engozini,0,2,0,0,0,0
zulu_4_01176,‘Ubulawe’ abezokuphepha esolwa ngokudakwa,0,3,0,0,0,0
zulu_4_01177,USguda weluleka abadlali bebhola,0,0,0,0,0,0
zulu_4_01178,Umgibeli uphenduke iqhawe sekubulewe umshayeli wetekisi,0,2,0,0,0,0
zulu_4_01179,Kusane MPUMELELO yami nje esavaliwe engakathintwa nhlobo nje 🤞🏾👏🏾🙏🏽,0,0,0,0,0,1
zulu_4_01180,Zibhubhile izigcwelegcwele ogibeni lwamaphoyisa,0,0,0,0,0,0
zulu_4_01181,@MohaleMotaung_ Nazo ke say’tsheni. Ume njalo nje Mtawunge mfwethu. 🤝,0,0,0,0,0,0
zulu_4_01182,Shuthi imambana le iyayshaya ishisani thosani🤭 https://t.co/91babUJH31,0,0,0,0,0,0
zulu_4_01183,Ushaywe ngoswazi oluncane umnikazi weloli elabulala abangu-24 eField's Hill,0,0,0,2,0,0
zulu_4_01184,Sekufe 589 ezingozini zomgwaqo eNingizimu Afrika,0,0,0,0,0,0
zulu_4_01185,Indida ngemindeni edonsisana ngomlingisi woMlazi Gangster,0,0,0,0,0,0
zulu_4_01186,Usuhlala olwandle umndeni ubheka umfana ogwilizile,0,2,0,0,0,0
zulu_4_01187,Siluliwe isibonelelo sabangasebenzi,0,0,0,0,0,0
zulu_4_01188,Bevile ku-800 ababhubhe ezingozini,0,0,0,0,0,0
zulu_4_01189,Ibheyili kowetekisi ebulale abathathu,0,0,0,2,0,0
zulu_4_01190,Kulimale abangu-10 engozini yetekisi,0,2,0,0,0,0
zulu_4_01191,Kushiswe amaloli amabili ngaseMphithi,0,0,0,0,0,0
zulu_4_01192,@Ntombik19976191 Ngibe uwena sis. Isphingo asina salon 😭 lapho ikhanda linjani,0,0,0,0,0,0
zulu_4_01193,Kuqhume impama nequpha kuxabana omaskandi,2,0,0,0,0,0
zulu_4_01194,UBenni ubhodla umlilo ngesinqumo sikamasipala,3,0,0,0,0,0
zulu_4_01195,Lapho ngihleli ngedwa endlini 🤦🏾‍♂️ Umuntu uzohlanywa ngempela serious. 😂😂😂,0,0,0,0,0,0
zulu_4_01196,Indida ngengane edliwe ikhala nomlomo,0,0,0,0,0,0
zulu_4_01197,Kufe abathathu ezingozini zakamuva,0,3,0,0,0,0
zulu_4_01198,Umaskanda 'ujahwe ngesibhamu' eyoqopha,0,0,0,3,0,0
zulu_4_01199,Usinde ekufeni kungqongqa indlu yakhe elokishini,0,0,0,0,0,0
zulu_4_01200,Bevile ku-1 600 othisha abathathwe yiCovid-19,0,2,0,0,0,0
zulu_4_01201,Saze salithwala idombolo. Lo qome wena izilayile😩 https://t.co/3IgBox1hmv,0,0,0,0,0,0
zulu_4_01202,UFransman esibhedlela etholwe negciwane,0,0,0,0,0,0
zulu_4_01203,Sisathukile isalukazi esikhothiswe umphambili,0,1,0,0,2,0
zulu_4_01204,Kushone abane izigebengu zidubula esitolo,0,3,0,0,0,0
zulu_4_01205,Kufe abashayeli engozini yetekisi neveni,0,2,0,0,0,0
zulu_4_01206,Owe-IFP akayizwa eyonogada kudlwengulwa umhlengikazi esibhedlela,0,0,0,0,0,0
zulu_4_01207,Bacikekile kunyamalala umdlali oyintandokazi kwiThe Queen,2,0,0,0,0,0
zulu_4_01208,Baficwe wukufa bephuma ebumnandini,0,1,0,0,0,0
zulu_4_01209,Ushone esesikhungweni emakela u-matric uthisha,0,2,0,0,0,0
zulu_4_01210,Ubumkhuza umndeni ngesoka lakhe owe-ANCYL obulewe,0,2,0,0,0,0
zulu_4_01211,AbeSwallows bazolulekwa ngokomqondo ngemuva kokwehlulwa,0,0,0,0,0,0
zulu_4_01212,Uthishanhloko uthwale umngcwabo,0,0,0,0,0,0
zulu_4_01213,Kulimale abangu-11 engozini yezimoto ezimbili,0,3,0,0,0,0
zulu_4_01214,Uphoxekile oweDA yinhlamba yoweNFP,0,0,0,0,0,0
zulu_4_01215,Kubulawe owesifazane obenenkulisa edumile eThekwini,0,2,0,0,0,0
zulu_4_01216,"@Mkhuh_Mbulazi Ngyaphila Mbulazi 🙏🏾....kodwa hayi bandla ukushisa siphekwe ngelincane ibhodwe ,i hope kuhamba kahle nakuwe Mkhuh",0,0,0,0,0,0
zulu_4_01217,Udutshulwe wafa umlimi ovulele ngenhlamvu emaphoyiseni,0,2,0,0,0,0
zulu_4_01218,I-ANC ixoshe oboshelwe inkunzi,0,0,0,0,0,0
zulu_4_01219,Kushone 9 engozini yetekisi neloli,0,2,0,0,0,0
zulu_4_01220,Ey muntu kade wayeshizila emhlabeni 😂 https://t.co/R4Hj34fpdU,0,0,0,0,0,0
zulu_4_01221,@Kay_Mantanga mina ngilele nje mngani. sengithuli😭,0,0,0,0,0,0
zulu_4_01222,Kufe abahlanu kuqhuma inganono KwaDabeka,0,2,0,0,0,0
zulu_4_01223,Bayalelwe yidlozi emsamo ngomhlonyane wendodana,0,0,0,0,0,0
zulu_4_01224,Senyukele ku-17 isibalo sabaneCoronavirus kuleli,0,0,0,0,2,0
zulu_4_01225,Kumuke abafundi abathathu eMandeni,0,2,0,0,0,0
zulu_4_01226,Ummangalelwa ka-18 kwelethenda kaR430m,0,0,0,0,0,0
zulu_4_01227,Bafe olwembiza abaholi bendabuko kukhothama iNgonyama,0,2,0,0,0,0
zulu_4_01228,Yaz one minute ngiblomile ngi happy then ku enterishe le feeling yokuth yey nginezinkinga😩,0,0,0,0,0,0
zulu_4_01229,Kusolwa umbango womzila wamatekisi kudutshulwa kubulawe umshayeli wemoto ebilayishe othisha,0,2,0,0,0,0
zulu_4_01230,Indumalo emndenini wephoyisa 'elibulawe' yintombi,0,0,0,0,0,0
zulu_4_01231,Ngigculisekile ngolukaMeyiwa: Sitole,0,0,0,0,0,0
zulu_4_01232,Bajuluke bamanzi te osamatekisi befakiwe,0,0,0,0,0,0
zulu_4_01233,Owe-Afro jazz ulimale kanzima ehudulwa ngemoto edunwa,0,2,0,0,0,0
zulu_4_01234,Kusolwa izidakamizwa kwelokubulawa kwabayisikhombisa,0,0,0,0,0,0
zulu_4_01235,Kubatshazwa isihluku okubulawe ngaso ikhehla,0,3,0,0,0,0
zulu_4_01236,‘Sihlukumezekile ngamatekisi avaliwe’,0,0,0,0,0,0
zulu_4_01237,Kufe abathathu kuxabana abangani eflethini eThekwini,0,2,0,0,0,0
zulu_4_01238,Uhamba ngezinduku “osasazelwe ngezinja” washaywa,0,2,0,0,0,0
zulu_4_01239,Ngangena ku Zulu space ngavele ngahlamgana ne tribalism 😭,0,0,0,0,0,0
zulu_4_01240,Uvalo kothisha abahlaselwe ngamatshe,0,0,0,0,2,0
zulu_4_01241,Kulimale abagibeli itekisi eqhunyelwe yithayi igingqika,0,2,0,0,0,0
zulu_4_01242,Kuzophela izinyanga  engabonwa,0,0,0,0,0,0
zulu_4_01243,Owesifazane ubulawe ngesibhamu elele esitolo,0,2,0,0,0,0
zulu_4_01244,Utholwe ehhotela eshonile umculi we-kwaito,0,2,0,0,0,0
zulu_4_01245,Lapho engizolala khona ngizolala ngife fi 😔,0,0,0,0,0,0
zulu_4_01246,Sehlile isibalo sabafe ezingozini zomgwaqo eKZN,0,0,0,0,0,0
zulu_4_01247,Kuminze ingane (5) unina ewasha emfuleni,0,3,0,0,0,0
zulu_4_01248,Kubulawe ngentululwane yezinhlamvu uthishanhloko wasesikoleni saKwaMashu,0,2,0,0,0,0
zulu_4_01249,Indida ngesitshudeni esitholwe sibulewe ngesihluku,0,3,0,0,0,0
zulu_4_01250,"Ngenyanga elandelayo wafona wathi abamlinde estobhini sebhasi nebhara, ey basho nabo bathi ay kshuthi kyanyiwake namhlanje igrosa, kanti unkabi udakiwe unya amaphepha kzolandwa yena ngebhara🤣",0,0,0,0,0,0
zulu_4_01251,"Nangu Dida id***di elidunuswa abafazi base Clairwood, uNtombi z’yamushalazela ngoba zisaba labo s’khotheni ezijola nabo, ibhungu lale phansi emjondolo la bekhama khona tshwala nge pantyliner ♥️😌 https://t.co/6akxiqALht",0,0,0,0,0,0
zulu_4_01252,Sulamanisile lapho thina sisahba nhazo...bathini kambe ngeslungu ntokazi...Congagugatinins😂🙌🏻 https://t.co/9CONc5pYAW https://t.co/jpHGl1dBMS,0,0,0,0,0,0
zulu_4_01253,Amadoda amathathu enkantolo ngelokufa komlimi,0,0,0,0,0,0
zulu_4_01254,"Ey ntwana yami, irisk engabuyseleki le 🤣 mele ngiyphuphe kwesbili leshandis. https://t.co/pHiGh4Wa1t",0,0,0,0,0,0
zulu_4_01255,Kufe abomndeni (13) engozini yetekisi,0,1,0,0,0,0
zulu_4_01256,Yazi e France 🇫🇷 zihlezi zikhala nje 😅😅😂 https://t.co/qJ5wSppJza,0,0,0,0,0,0
zulu_4_01257,Sesinyukele ku8005 isibalo sabantu asebebulewe yiCovid-19 kuleli,0,0,0,0,0,0
zulu_4_01258,Kuvalwe ngehlahla kubhubha umndeni engozini,0,3,0,0,0,0
zulu_4_01259,Usizi lwesaguga esanqunywa imilenze ngenxa yesifo,0,1,0,0,0,0
zulu_4_01260,Batheleke eThekwini kwezwakala abeMetro,0,0,0,0,0,0
zulu_4_01261,Kudutshulwe iphoyisa elithinteka ecaleni,0,1,0,0,0,0
zulu_4_01262,Inkinga yam once nga catcha ama feelings ngiba yisthuphethu 😭 https://t.co/WqxJOBylb6,0,0,0,0,0,0
zulu_4_01263,Kufunwa umndeni wotholwe ecwiyiwe,0,2,0,0,0,0
zulu_4_01264,Utalajwe wumphakathi wafa umlisa obehlasela intombi eMlaza,0,0,0,0,0,0
zulu_4_01265,OwoSuthu ushelwa yi-Espanyol yaseSpain,0,0,0,0,0,0
zulu_4_01266,Bashaqekile kubulawa umshayeli wamabhasi,0,0,0,2,0,0
zulu_4_01267,Inhlanzi ishelwe ngamanzi kuLungisa obehola iNYDA,0,0,0,0,0,0
zulu_4_01268,Uvaleliswe ngedili usomabhizinisi ongasekho,0,0,0,0,0,0
zulu_4_01269,USthandwa Nzuza uphika eyokukhulelwa,0,0,0,0,0,0
zulu_4_01270,Ikusasa alaziwa kwabaphelelwa yizinkontileka,0,0,0,0,0,0
zulu_4_01271,Uncishwe ibheyili okuthiwa washaya isitshudeni safa,0,0,0,0,0,0
zulu_4_01272,Kuvalwe ijoyinti kufa abathathu,0,2,0,0,0,0
zulu_4_01273,Kubulawe ngesihluku osebenza nondunankulu,0,2,0,0,0,0
zulu_4_01274,Kufunwa isitshudeni esidukile,0,1,0,0,0,0
zulu_4_01275,Sinyukile isibalo sabavukuzi abashone emayini,0,0,0,0,0,0
zulu_4_01276,Uhlinzwe ngendlela engajwayelekile owe-jazz,0,0,0,0,0,0
zulu_4_01277,Umholi weNFPushone engozini yemoto,0,2,0,0,0,0
zulu_4_01278,Bathwele kanzima abanelimhlophe,0,0,0,0,0,0
zulu_4_01279,"@simphiwe_majola 😂😂 Yeah koda angina say mina, bakhona obhuti abadala. Silaphana nje phesheya koMzinyathi kwaHlazakazi ekhaya. Sibhekene noMsinga eMngeni. Gang yaseMahlaba ike yasihlupha impela kudala kusaphila ngisho ubaba izeba.",0,0,0,0,0,0
zulu_4_01280,@Nazomagenge2 Yeybo futhi ulaphayana ngaseNandi Drive😩,0,0,0,0,0,0
zulu_4_01281,@04OctoberGang Ngimude and bonke bafishane manje ngishimile 😭😭🥺,0,0,0,0,0,0
zulu_4_01282,Indida ngephoyisa elihlaselwe ekhweni,0,0,0,0,0,0
zulu_4_01283,Kusolwa iwunga kubulawa abathathu bosa,0,2,0,0,0,0
zulu_4_01284,Ubulawe yisoka eliphuma ejele,0,2,0,0,0,0
zulu_4_01285,Kushiswe ibhungu umphambili libulawa,0,2,0,0,0,0
zulu_4_01286,Ligeqa amagula ikhansela ebeligadwa amaphoyisa abulewe,0,0,0,0,0,0
zulu_4_01287,Owesifazane utholwe enqunu egwaziwe,0,3,0,2,0,0
zulu_4_01288,Inkinga nje Le😩 ngvele ngphuze ngiqeda kubthenga https://t.co/7NKRuPhO9K,0,0,0,0,0,0
zulu_4_01289,Uvalo kusocongwa amalungu amabili e-ANC,0,0,0,0,3,0
zulu_4_01290,Ngingumfundi okhulelwe othandana nabantu abathathu,0,0,0,2,0,0
zulu_4_01291,Zisinde ngokulambisa izingane kusha indlu,0,2,0,0,0,0
zulu_4_01292,Usomatekisi ushaywe wazingcolisa efunwa isibhamu,0,0,0,0,0,0
zulu_4_01293,Ubulawe esemayini umshayeli wetekisi,0,2,0,0,0,0
zulu_4_01294,Khona lo mosquito oyi1 ongbelesele sengize nga give up ukuw’shaya 😩,0,0,0,0,0,0
zulu_4_01295,Basekubhaceni abe-ANC emva kokuhlaselana,0,0,0,0,0,0
zulu_4_01296,"@Mawande71308261 @iam_Shado Mina ngithi nje hla, hle, hli, hlo, hlukana 😂😂😂😂",0,0,0,0,0,0
zulu_4_01297,Kushaqeke umndeni kuboshwa osolwa ngokufa kwabashana abasikwa izindlebe,0,2,0,2,0,0
zulu_4_01298,Abasalali emakhaya ngenxa yokusongelwa osomatekisi,0,0,0,0,2,0
zulu_4_01299,Ubhunyelwe ngamanzi abilayo ngumakhelwane,0,1,0,0,0,0
zulu_4_01300,"Kufe abangu-22 kuqhuma ibhomu eManchester, e-England",0,2,0,0,0,0
zulu_4_01301,USjava uphelezelwe wunina esiteji,0,0,0,0,0,0
zulu_4_01302,"@Nkulu_KZ Ey Ntshingwayo mfwethu, siyahleka nje phela ngoba kuhlekwa nasemakhandleleni. 😂😂",0,0,0,0,0,0
zulu_4_01303,@sinelisolindani Haw yaz nje ngsabathe ngyahlina ay ubhuti uyathinta nje 😩😩,2,0,0,0,0,0
zulu_4_01304,Kuphume isidumbu izitshudeni zihlakazwa ngenhlamvu,0,3,0,0,0,0
zulu_4_01305,Sezicula elinye iculo izinyanga ezathi uNcwane uthwetshuliwe,0,0,0,0,0,0
zulu_4_01306,Udutshulwe wafa obebopha amaphoyisa ngokumlumisa ngezinja,0,2,0,0,0,0
zulu_4_01307,"@Zanele_09 My mom lost her eyesight, my dad couldn’t talk either ulaka lulukhulu🥺 abalozi can be angry mina I was shit scared to go to the waters bawaletha kimi😭😭😭 ngiyengihalazela last month sengivalekamadlebe ngifa yisbhobo nekhanda😭",0,0,0,0,0,0
zulu_4_01308,"@Zamanduli_N Kodwa Zama uyahleka oe, indoda iyasebenza sis mele ilungiselwe😭. Ngiyazwelana nawe indaba yengane yoh😭",0,0,0,0,0,0
zulu_4_01309,Kutholwe esinye isidumbu eSuncoast,0,3,0,0,0,0
zulu_4_01310,Kushone ingane (4) emlilweni oqalwe yi-heater eNewcastle,0,2,0,0,0,0
zulu_4_01311,Kusolwa isoka ngobulawe ezithwele,0,2,0,0,0,0
zulu_4_01312,Ubelethiswe yiphoyisa oxineke emgwaqweni,0,0,0,0,0,0
zulu_4_01313,Abakhululekile ngokushona kwesaguga,0,0,0,0,0,0
zulu_4_01314,Kubulawe uthisha nonina kuhlaselwa umndeni,0,2,0,0,0,0
zulu_4_01315,Ushone ebalisa umculi wowokholo,0,2,0,0,0,0
zulu_4_01316,Udinwe wagula obizwe ngekhafula,2,0,0,0,0,0
zulu_4_01317,Sinyukile isibalo sabafekwezePhasika,0,2,0,0,0,0
zulu_4_01318,Kuqhume iqupha abefundisi beficana enyangeni,2,0,0,0,0,0
zulu_4_01319,Kulimale abawu-15 kuginqika itekisi eLadysmith,0,2,0,0,0,0
zulu_4_01320,@dr_ea_mz Ngathi ile part yangaphambili ku Plastic wesqeda esimunciwe😭😭😭😭 https://t.co/IHQMaNdlYA,0,0,0,0,0,0
zulu_4_01321,Uma ningibona ngidakiwe ningathuki impilo yami inzima kakhulu 😒😢,0,1,0,0,0,0
zulu_4_01322,Atholwe esigangeni etubekile amantombazane 'abethunjiwe',0,2,0,0,0,0
zulu_4_01323,Kufe abayisikhombisa engozini yebhasi neloli,0,3,0,0,0,0
zulu_4_01324,Ukhathazekile ngabantu abangatholi imithi ngenxa yesimo,0,0,0,0,0,0
zulu_4_01325,UKolisi ukhathazekile ngabahluphekayo ngesikhathi seCovid-19,0,0,0,0,0,0
zulu_4_01326,Liyandlondlobala ibhizinisi lothungela abondlekile,0,0,0,0,0,0
zulu_4_01327,ungacabangi ukuthi ngoba ulele wedwa naye ulele yedwa kusemhlabeni la🤧,0,0,0,0,0,0
zulu_4_01328,Kushone ababili behilwa imbawula,0,2,0,0,0,0
zulu_4_01329,Idlozi ligide lababheka abaMazulu behlabana,0,0,0,0,0,0
zulu_4_01330,Angase alahlekelwe yisithabathaba somuzi owakhe esizeni somuntu,0,0,0,0,0,0
zulu_4_01331,Othisha bakhala ngesikhulu esihlulwa umsebenzi,0,0,0,0,0,0
zulu_4_01332,Kusolwa abafundi kudlwengulwa owesifazane,0,2,0,0,0,0
zulu_4_01333,Bafuna ubulungiswa ngelungu elibulewe,0,0,0,0,0,0
zulu_4_01334,Kusolwa isoka ngesitshudeni esinyamalele,0,1,0,0,0,0
zulu_4_01335,Uvele umuzwe ukuthi uyathamba umabhebeza ☺️😇 https://t.co/29ZwkyIT5L,0,0,0,0,0,0
zulu_4_01336,"I think kunesteleka la ekhaya, akusaphekwa 😏 I wonder who the shop steward is.",0,0,0,0,0,0
zulu_4_01337,😭😭😭 Ei Mina umjolo ucishe wangibulala 💔💔💔 https://t.co/sLB3n11twM,0,0,0,0,0,0
zulu_4_01338,"""wena Ayanda uyalandwa, uyahanjiswa njalo. akuk'fikeli nje ukuthi ngelinye ilanga uthathe i-taxi and compromise!"" - 😂😂😂 eng'dakelwa umuntu. boy bye!",0,0,0,0,0,0
zulu_4_01339,I-ANC ikhathazekile ngokungaholi kwabeBosasa,0,0,0,0,0,0
zulu_4_01340,Isesheli (19) 'sibulale' ona-40 kuphuzwa,0,3,0,0,0,0
zulu_4_01341,Abakhubazekile nodado kokaZuma,0,0,0,0,0,0
zulu_4_01342,Abantu babephuma betetiwe lapha.😂😂 https://t.co/gMxbDodCa4,0,0,0,0,0,0
zulu_4_01343,Igula liqhilika izaqheqhe @1020cartel. Ngiyibheke ngabomvu le ntokazi ku #LOCAFLIX. Beliyini ishumi lompondo nompondo abahlanu. #R30 😍😍 https://t.co/0t6GUyKKgO,0,0,0,0,0,0
zulu_4_01344,Ubhekane nobuhlungu walwa waphumelela,0,0,0,0,0,0
zulu_4_01345,Liyaqhubeka elabasolwa ngokubulala abavukuzi eMarikana,0,0,0,0,0,0
zulu_4_01346,Izolo this gent... andimazi nomazi uvele wangipha imali wathi 😂 tell your friends uhlangane nendoda emadodeni,0,0,0,0,0,0
zulu_4_01347,Abe-ANC bakhala ngebheyili enikwe iphoyisa elisolwa ngokubulala,0,0,0,0,0,0
zulu_4_01348,Kumlungele umculi ocishe walahla ithemba,0,0,0,0,0,0
zulu_4_01349,Usobishini okweleta umasipala uR220 000 ngendlu yodaka,0,0,0,2,0,0
zulu_4_01350,Lungenwa yi-EFF olwasemapulazini,0,0,0,0,0,0
zulu_4_01351,Kukhona abazogijimela ukuyobambela utshwala i-queue kodwa bahlulwa ukuyobambela umama wengane i-queue e-clinic ingane igula. 😑 https://t.co/c9LXFtNVI8,0,0,0,0,0,0
zulu_4_01352,Basola amaphoyisa ngokubulala indoda,0,0,0,0,0,0
zulu_4_01353,"Umuntu uthuka kakhulu, I tried to type fuego kwangena uFuseg🥴",0,0,0,0,0,0
zulu_4_01354,Obekuhlupha uMentor kwikhomishini,0,0,0,0,0,0
zulu_4_01355,'Sengiyakhumbula ukuthi ngubani owadala ingozi' - Sbahle Mpisane,0,0,0,0,0,0
zulu_4_01356,Indodakazi isola uyise ongusomabhizinisi ngokuthwala,0,0,0,0,0,0
zulu_4_01357,@sima_mangolwane @VathiswaCokoto Awu madoda ngadla mina kababa kushuthi ngamukelekile🤗ukuletha izinkomo eziyisikhombisa eka mama neyomqhoyise ngizobuy ngikhokhe https://t.co/gXrF34rp9k,0,0,0,0,0,0
zulu_4_01358,#Ezothando: Uma kuwuKhisimusi ngiphenduka isigqila sasemzini,0,0,0,0,0,0
zulu_4_01359,@BayandaMncedi Izowaliwa lendoda kulokhu 🤣🤣 iyosindela ukuthi ikhavisile,0,0,0,0,0,0
zulu_4_01360,Owesilisa uchazele inkantolo ngokubulala owayeyintombi yakhe,0,0,2,0,0,0
zulu_4_01361,"@simphiwe_eazi ""ulala nendoda ka mzala uSbongile""😂😂🤣🤣 Suke sekukhishwa ama files😂🤣 https://t.co/qCPk6uyqQM",0,0,0,0,0,0
zulu_4_01362,@jikijolo lol ngivele ngabuya nayo 😂🤣 Nx I was so annoyed 😂 lapho ngfika ngyashunqa,0,0,0,0,0,0
zulu_4_01363,"""becoming a mother taught me true love"" shuthi loluthando umuntu alwaziyo (for self, family, friends, abafana etc) liwumpataniso nje, into yok'dlala engathi shu 🙄 saze salufela ubala ke bo.",0,0,0,0,0,0
zulu_4_01364,Lihlehlile icala lamantombazane 'ababulale' unina ekhaya,0,3,0,2,0,0
zulu_4_01365,Basazotoka abasolwa ngawaseGlebe,0,0,0,0,0,0
zulu_4_01366,Kuboshwe abangu-20 abebezitika ngokuvota,0,0,0,0,0,0
zulu_4_01367,yanginyela futhi inyoni kanti le-blazer laba nabhadi lini🦩,0,0,0,0,0,0
zulu_4_01368,Akasekho obengunobhala wokuqala omnyama we-UN uKofi Annan,0,0,0,0,0,0
zulu_4_01369,UWome uchayiswe yiBucs wabuyela kuMatsatsantsa,0,0,0,0,0,0
zulu_4_01370,@ZeeRight Lapho ubaba wami usethuneni mina bakithi 😭,0,1,0,0,0,0
zulu_4_01371,Kushone 'uNdlunkulu' owakhwabanisela uSARS,0,0,0,0,0,0
zulu_4_01372,@uPhila93 @Nqubeko_MC Linda umkhaya wami wena uzozwa kokhala uhlanya🐺😂😂,0,0,0,0,0,0
zulu_4_01373,@nozipho_poswa @busiswastemele Lol ubone kuthi hayi lo muntu akaseyedwa... 🤣🤣🤣,0,0,0,0,0,0
zulu_4_01374,Umisiwe uthisha osolwa ngokudlwengula umfundi (6),0,2,0,0,0,0
zulu_4_01375,Haibo mama 🥺🙌🏾😭😭😭💔 who is watching #snesdreamwedding #durbangen @durbangen_etv @etvonline @dellymalinga9 @ Emhlabeni wam’ Ngedwa https://t.co/HrJAgtH5Ao,0,0,0,0,0,0
zulu_4_01376,Ufakazi uvuma eyokusiza umngani kwelokubulawa kowe-ANC,0,0,0,1,0,0
zulu_4_01377,"Mina during my first year I was in a situationship with an honors student. After a few encounters, wang’tshela kahle wathi “lento yakho yok’sheshisa iyabheda kakhulu, do me slow ungajahi” ngamulalela 🤷🏼‍♀️😂 https://t.co/zzVBp8NJRW",0,0,0,0,0,0
zulu_4_01378,Ikhansela lixoshelwe ukugqoka isikibha sikaRamaphosa,0,0,0,1,0,0
zulu_4_01379,Odilikajele ababili ekhehleni ebelidlwengula lizenza umfundisi,0,2,0,2,0,0
zulu_4_01380,Ngivele ngabaleka weBhebhe 😂 izolo bekukubi kakhulu 🙆🏾‍♂️ angiyazi mina leyanto https://t.co/N9PtISZpGs,0,0,0,0,0,0
zulu_4_01381,Uvaleliswe ngengoma nomdanso uSir Bubzin,0,0,0,0,0,0
zulu_4_01382,Umangele ehlaselwa yizihlobo zakhe,0,0,0,2,0,0
zulu_4_01383,Babalelwa ngaphezulu kuka-600 abaseNigeria asebebhalisele ukuhamba,0,0,0,0,0,0
zulu_4_01384,"Kubalawe amantombazane, kwaboshwa umfundisi nonina wengane eNkandla",0,3,0,0,0,0
zulu_4_01385,Inhlanhla ewina imoto odayisa amagwinya,0,0,0,0,0,3
zulu_4_01386,Ngisaphinde ngiyasho Obulala nge Nkemba 🔪 Naye ufa nge-Nkemba 🔪 Ubhedile nje uSisi.. FINISH..!! https://t.co/ZYMaFwG3Vm,0,0,0,0,0,0
zulu_4_01387,Kusolwa amabhuleki nejubane ebhasini ebulale abazalwane (6),0,0,0,0,0,0
zulu_4_01388,Akakafihlwa owanqunywa ikhanda,0,2,0,0,0,0
zulu_4_01389,Owesifazane 'udlwengule' owesilisa ongakhulumi,0,2,0,0,0,0
zulu_4_01390,‘Anginankinga noSathane naye wadalwa’,0,0,0,0,0,0
zulu_4_01391,Unqunywe umphambili ‘obulale’ izelamani,0,0,0,1,0,0
zulu_4_01392,Uphenyo ngabasolwa ngokudubula amalungu omphakathi eNtuzuma,0,0,0,0,0,0
zulu_4_01393,Uxoshiwe emsebenzini umsakazi oqale iqembu lezepolitiki,0,0,0,0,0,0
zulu_4_01394,Guys abantu abantu eThekwini bavele behle without paying etekisini yase South Beach.😑,0,0,0,0,0,0
zulu_4_01395,Ushaya phansi uMkhwebane ngokusula,0,0,0,0,0,0
zulu_4_01396,Wemukelwe njengeqhawe oqwale intaba,0,0,0,0,0,0
zulu_4_01397,Isibhicongo udonga lubulala izingane,0,3,0,0,0,0
zulu_4_01398,Kuvele abatholwe nesibhamu emathuneni,0,0,0,0,0,0
zulu_4_01399,Kuhlulwe ibhokisa kwashayana abalandeli,0,0,0,0,0,0
zulu_4_01400,Ngilahlekelwe umngani oqotho: Ramaphosa,0,1,0,0,0,0
zulu_4_01401,#akulalwa ngihleli nawe bhari lomama wakhuluma engathi sihlukanisa unyaka nje😁😂😂🤣🤣🤣😂😂 @MAFRESHSA #ukhozi_fm,0,0,0,0,0,0
zulu_4_01402,@Zamangwanya @ThembaKaula Sinandabani naye ngoba kwandoda yakhe yambambatha iSilo ehlombe ndlela le engahloniphi ngakhona isiko lethu😏,0,0,0,0,0,0
zulu_4_01403,Uzobuyela enkantolo ngesonto elizayo osolwa ngokubulala umyeni,0,0,0,0,0,0
zulu_4_01404,@aphelelejody @HopePerfect_Dla Ulahlekelwe yin wena Dlamini ku muntu wam😑 https://t.co/lXumPv5dV4,0,0,0,0,0,0
zulu_4_01405,Ubhuntshe ngomzuzu wokugcina owe-jazz,0,0,0,0,0,0
zulu_4_01406,@DrMkhize4 Ay kodwa nami ngike ngitshelwe nje esithubeni kuthiwe uyaphapha baba😭😭,0,0,0,0,0,0
zulu_4_01407,"""Asehleni Siyiphumuze😒"" kusho Mina Seng'thenge imoto🚗 nghamba nabangan bami'🙄!!",0,0,0,0,0,0
zulu_4_01408,Bancishwe ikhefu abadlali bePirates,0,0,0,0,0,0
zulu_4_01409,Kugxekwa usihlalo weLeopards ngokuxoshwa komqeqeshi,0,0,0,0,0,0
zulu_4_01410,Bazomasha ngenxa yomsolwa odedelwe kwelikaBobo,1,0,0,0,0,0
zulu_4_01411,Kuhoxe abathathu kwesikaBaxter,0,0,0,0,0,0
zulu_4_01412,"@Zodumo_02 Ngob'aphathana kahle nje, yini manje🤷‍♂️🤷‍♂️🤷‍♂️🤷‍♂️",0,0,0,0,0,0
zulu_4_01413,Kuphume izidumbu abozalo bebanga inkosikazi,0,2,0,1,0,0
zulu_4_01414,Amaphoyisa athathane ne-EFF,1,0,0,0,0,0
zulu_4_01415,@Nocypho7Wolf Ngaphawula about a week ago kwitweet yomunye owayekhalaza after ekade egijima kwi treadmill ngathi iyiscam futhi ingambulalisa ngenhliziyo ngoba iyarobhana sekthiwa mina ngafisela omunye intembi ukuphawula kwami kuyingozi kulosisi as if ngathi ngizombulala😭,0,0,0,0,0,0
zulu_4_01416,Kusolwa ingxabano yezingane ngababulewe KwaDabeka,0,0,0,0,0,0
zulu_4_01417,Uboshiwe olahle ingane esibhedlela,0,0,0,0,0,0
zulu_4_01418,[IMIBONO] Sekunongwe namanga ngoba umfo kaMasinga esethule,0,0,0,0,0,0
zulu_4_01419,@andiisaah mse ulindiswa a whole hour on some ngizonfonela ma ehhhh Nangu ubby unglandile.. namaxoki akhona Bby scela uphathe kahlee umngan wethu Kaaaaade ekhuluma ngawe she really loves u sbari🙄 https://t.co/dJT94mcbE4,0,0,0,0,0,0
zulu_4_01420,Kusho labafana abayelo abisamadafakha ocathizintombi ziyaziwela likhale😭iqhawe selibgrethe🫀lithi mjolo yanyisa😂,0,0,0,0,0,0
zulu_4_01421,Omunye ungisukelile izolo ngizithulele wathi he will send me an eWallet today. Nalu usuku luphela ingangeni. I hate men 😭,0,0,0,0,0,0
zulu_4_01422,Yehlile imimoya kutholwa amathambo kathisha,0,0,0,0,0,0
zulu_4_01423,@MandlanziSoweto Bra 🤣 ngihleke ngaze ngakhala. UChicken naye kodwa akaboni ukuthi uMah ubusy,0,0,0,0,0,0
zulu_4_01424,@NhlivoTouch Kade ngayiyeka mina lento🤣😂😅😅,0,0,0,0,0,0
zulu_4_01425,Wachilizelwa kwelombhoxo ngenxa yokuhlupha ekilasini,0,0,0,0,0,0
zulu_4_01426,Seksele kancane Athi South Africa this is the person who killed him... 😔 Sthule syabuka nje,0,0,0,0,0,0
zulu_4_01427,Uphumela obala owaduma‘ngebhanoyi’ laseMnambithi,0,0,0,0,0,0
zulu_4_01428,Plus umuntu wambiza phansi kweziketi zikanina kuthiwa uwe owrong kodwa kuyena okusukelile..😒 https://t.co/hgdaw8J5uv,0,0,0,0,0,0
zulu_4_01429,'Bazehlisa isithunzi abalwela indoda',0,0,0,0,0,0
zulu_4_01430,Isililo kukhothama Inkosi yamaXhosa,0,3,0,0,0,0
zulu_4_01431,Umndeni uyamazi owabulala owaseDUT,0,0,0,0,0,0
zulu_4_01432,Kubulawe umholi wenhlangano elwa nobugebengu,0,2,0,0,0,0
zulu_4_01433,Batelekile abadayisa amathikithi amabhasi kaMasipala,0,0,0,0,0,0
zulu_4_01434,Bamisiwe onesi abaxosha owateta etekisini,0,0,0,0,0,0
zulu_4_01435,Unqotshwe isifo sikashukela uMshoza,0,2,0,0,0,0
zulu_4_01436,"@Fika48955085 Lol🤣usevele wabheda... Kungasa ek'seni tho, so ang'sekho lapho...🏃‍♂️😂😎",0,0,0,0,0,0
zulu_4_01437,Abashonelwe bakhala ngenhlawulo yenkosi,0,0,0,0,0,0
zulu_4_01438,Ubanjwe esesibhedlela osolwa ngelokubulala,0,0,0,2,0,0
zulu_4_01439,Ungqongqoshe wembulele isizwe ngesivuvu sesithathu,0,0,0,0,0,0
zulu_4_01440,Limlahlile icala lokudlwengula intombazanyana (8) uNinow,0,0,0,0,0,0
zulu_4_01441,Babalisa ngokudlula emhlabeni kwendodana kaZuma,0,2,0,0,0,0
zulu_4_01442,Iphendulwe ihlaya eyomfundisi 'ovuse' ofile,0,0,0,0,0,0
zulu_4_01443,Kuvela osolwa ngelokuphanga nokubulala,0,0,0,0,0,0
zulu_4_01444,@Mtimande_N Ngizwe u Kruger National Park qha🙄,0,0,0,0,0,0
zulu_4_01445,@DrPhomolo No I'll never ngiyigwala mina😭😭😭 what if ngdliwa inyoka ngasawtholi naloyo 10M😭😭😭,0,0,0,0,0,0
zulu_4_01446,"@Khule_Math Khona owaseYukheyzetheni onescefe kabi uyaklabalasa, uthi uyochama athi hlalaphansi akukachanywa wiybo😩 yey liyarobha leliwashi ukubuyazi Lito fast😩",0,0,0,0,0,0
zulu_4_01447,@ThembaKaula @AphiweKaula 😂😂😂😂😂kodwa Gabhisa mfwethu wangibiza ngentenkulu kangaka ngingelutho mina🤦🏾‍♂️phela iqhikiza ungqongqoshe we yintombi Zonke zizwangaye 😂😂😂,0,0,0,0,0,0
zulu_4_01448,"Lapho izolo I had a test , ngithe ngisabhala wahamba ugesi 😭had to buy data immediately https://t.co/gf2nX03hlB",0,0,0,0,0,0
zulu_4_01449,Basola ilumbo ngokufa kowe-IFP,0,0,0,0,0,0
zulu_4_01450,@sbucyZulu Sobe sicula sithi isencane lengane kodwa una 40 😂😂😂😂😂,0,0,0,0,0,0
zulu_4_01451,BUKA: Owesifazane othanda ucansi ngokweqile uthi ukulenza kahlanu ngosuku akumenelisi,0,0,0,0,0,0
zulu_4_01452,"Isbhamu asisali,ngeke ngilunge ke mina💀",0,0,0,0,0,0
zulu_4_01453,@iamthobani Kodwa ngo Bhebi wami nengane yami 😭😭😭 naba besifaka ezindabeni esingangene kuzo,0,0,0,0,0,0
zulu_4_01454,Ngeke ngithuke ngoba legenge ehamba nama sonto iWeekend yonke ave idlana lapha ematendeni 😂 https://t.co/Gebhes2z9f,0,0,0,0,0,0
zulu_4_01455,@SheIsHloni Bakubamba baku warnishe ukuthi kodwa nawe sister ungabohamba lana akukho safe bayabambana... 😂😂,0,0,0,0,0,0
zulu_4_01456,Uvaliwe uCheckers ngemuva kokuthola oneCorona,0,0,0,0,0,0
zulu_4_01457,Awu sthandwasam ususebenzile emhlabeni😭😭😭 https://t.co/ixZsNaXjrE,0,0,0,0,0,0
zulu_4_01458,[BUKA] Amaphoyisa aqhumise ibhomu elitholwe eWentworth,0,0,0,0,0,0
zulu_4_01459,Bafuna ajeziswe ‘odlwengulile’,2,0,0,0,0,0
zulu_4_01460,"No, akuhlukene nokulobola umfazi lokhu 🤞 https://t.co/w2L7ULfhGq",0,0,0,0,0,0
zulu_4_01461,@_Madlokovu_ Mina ngikhalela iz’lwane nje lezi ezifele ubala 🙆🏾‍♂️😂😂😂,0,0,0,0,0,0
zulu_4_01462,OweSwallows uzishaya isifuba ngesizini yokuqala,0,0,0,0,0,0
zulu_4_01463,Uvele enkantolo osolwa ngokubulala abomndeni (6),0,0,0,0,0,0
zulu_4_01464,Uginqe ibhasi wazibulala umshayeli kushona abangu-9,0,3,0,0,0,0
zulu_4_01465,@biyela_bongz 🤣🤣🤣🤣🤣🤣🤣 kodwa yini! Lafa elihle,0,0,0,0,0,0
zulu_4_01466,"....ave ethetha lo baba, angaz noma isikhwele okanye...uxakwe ezakhe...🧴",0,0,0,0,0,0
zulu_4_01467,#jabulujule @ukhozi_fm @Ayanda_Melansi @nosihlesibisi_ @ladydwabantu Uhleli no LadyDee ku Jabulujule ngilalele uhlelo 🎧,0,0,0,0,0,0
zulu_4_01468,"@U_Siphoz @Magashule_Ace Ungugalakajana wedwa, mina ngiyobe ngiyaphi ejele ngiyi aram senkosi😆😆😆😃😃",0,0,0,0,0,0
zulu_4_01469,Indodana ixabane nonina yazilengisa ethempelini lamaNazaretha,0,3,0,0,0,0
zulu_4_01470,-eChesterville sengvele ngaletha izinja! wonke umuntu usefuna ukuba umnganami🤷🏾‍♂️,0,0,0,0,0,0
zulu_4_01471,Kufe 6 bezama ukubamba inkunzi,0,1,0,0,0,0
zulu_4_01472,"Yebiyamama, Uma ukwatile ukhuluma isilungu🤣🤣🤣 https://t.co/t5yKz23Mu8",0,0,0,0,0,0
zulu_4_01473,"""Konakele kodwa awuvumi uhambe ubuyele ekhaya""😭yeses!💔 @Ami_Faku",0,0,0,0,0,0
zulu_4_01474,bazokuhlanyisa abafana uzohamba usibuza ukthi khona into erongi yini ngawe🤷🏾‍♀️😂,0,0,0,0,0,0
zulu_4_01475,Estobini kwaJamludi ubuze wehle khona bese ubuza ubaba wakwaZondo odubulanayo 🤣🤣🤣 https://t.co/5pdTW8gVwT,0,0,0,0,0,0
zulu_4_01476,"Khona umakhelwane opheke ithini lafishi la, ngaze ngalihalela 😋. Kwangathi angyongqongqoza 😊",0,0,0,0,0,0
zulu_4_01477,Izinikele impunyela esolwa ngokubulala uMbewana,0,0,0,0,0,0
zulu_4_01478,EZOTHANDO: Ukhuluma ngomkakhe owashona njalo ebe enami,0,0,0,0,0,0
zulu_4_01479,Useboshiwe osolwa ngokubulala isitshudeni wasishiya embhedeni nengane,0,2,0,0,0,0
zulu_4_01480,Usebizwa ‘ngesipoki’ onomazisi oveza ukuthi usashona,0,0,0,0,0,0
zulu_4_01481,UPitso ucasulwe yinkulumo kaRhoo,2,0,0,0,0,0
zulu_4_01482,Aphelile ama-Savanna abantu emabhakedeni e60-2 on Saturday!🙆🏿‍♂️,0,0,0,0,0,0
zulu_4_01483,U-AKA uvalelisa ngeveza impilo yakhe yasesithe,0,0,0,0,0,0
zulu_4_01484,"No snapchat filter, ukufanelwa iduku nje 🙂😇 https://t.co/dHzQ4E2cgZ",0,0,0,0,0,0
zulu_4_01485,Kushubile osomatekisi bevimbezela abashayeli beTaxify nabe-Uber,1,0,0,0,0,0
zulu_4_01486,@shySkhu @pmothulwe_S Ngiyaxolisa bengixakeka ukuthi ubani loMzekezeke manje🤦🏾‍♂️ but phephisa😂,0,0,0,0,0,0
zulu_4_01487,Uthisha okhulelisa umfundi akadatshulelwe isitifiketi - Chiliza,2,0,0,0,0,0
zulu_4_01488,UNgizwe uvele enkantolo ngelokushaya umkakhe,0,0,0,1,0,0
zulu_4_01489,UTshatha ubhobokile evalelisa kuGcwensa,0,2,0,0,0,0
zulu_4_01490,Indaba yokulala wedwa kodwa ufendisa okomshini 😩😩,0,0,0,0,0,0
zulu_4_01491,Yaz mase uthole intombi entsha le endala vele kube ngathi isalukazi se China 😢🤦‍♂️ https://t.co/UeF3byqwEW,0,0,0,0,0,0
zulu_4_01492,"@Mthigo_ Ayibi @Mthigo_ ,la elokshin khona osindwe i-box lenyama from Ayoba. Wathi efika la ku 15,kanti ligcwele izikhumba zenkukhu!!😂😂😂😂😂😂😂😂😂😂😂😂",0,0,0,0,0,0
zulu_4_01493,Ubaba ecaleni lokudlwengula ingane (14) yakhulelwa,0,0,0,2,0,0
zulu_4_01494,"But vele her name is ""ke-le-moshane"" meaning uyamosha nje💀 https://t.co/hpl1cLXiHt",0,0,0,0,0,0
zulu_4_01495,'Sonke kumele sigxekwe ngokuhluleka ukubhekana nokuhlukana kwenhlangano',0,0,0,0,0,0
zulu_4_01496,Imibiko yokuxoshwa kwesikhulu samajele eKZN,0,0,0,0,0,0
zulu_4_01497,Osindisiwe ulingisa eyokuba ngumqwayizi,0,0,0,1,0,0
zulu_4_01498,@cnehshuga Cishe ngadliwa yizinja zakini mina. Kusize ukuthi kuphume ubaba uShuga. 😫,0,0,0,0,0,0
zulu_4_01499,Owe-ANC uphucwe imoto okuthiwa eyokwebiwa,0,0,0,0,0,0
zulu_4_01500,Ushaywe ngumphakathi waboshwa ‘ogwaze wabulala’ uyise,0,2,0,0,0,0
zulu_4_01501,Owama-Idols usolwa ngokushaya owesifazane,0,0,0,1,0,0
zulu_4_01502,Badedelwe ngebheyili abasolwa ngokufa kwephara,0,0,0,0,0,0
zulu_4_01503,Bathola intuba abamatekisi kuphuma iGreyhound,0,0,0,0,0,0
zulu_4_01504,UBerita usethole umaqondana,0,0,0,0,0,0
zulu_4_01505,Umfundi osolwa ngokudlwengula uzilengisile,0,2,0,0,0,0
zulu_4_01506,Uphenyo ngokufa kukasomatekisi,0,0,0,0,0,0
zulu_4_01507,@ladydwabantu #jabulujule ey uyahlupha kodwa Rubby😅😅😅 @ukhozi_fm,0,0,0,0,0,0
zulu_4_01508,'Ngisamthanda unina wengane yami' - AKA,0,0,0,0,0,0
zulu_4_01509,R10 itowel ku west street &amp; 2 ngo R10 ixubho emgaqweni😭 https://t.co/wrD5gEreyM,0,0,0,0,0,0
zulu_4_01510,Lihlehlisiwe icala labasolwa ngokuba yizinkabi,0,0,0,0,0,0
zulu_4_01511,#ukhoziFMVabs #UkhoziFM61 @DJSgqemeza Cha nami iChunu langibulala ngenSini🤣🤣🤣 uma esethi azikhale noMama ngala uthi azikhale 🤣🤣🤣,0,0,0,0,0,0
zulu_4_01512,Uqokwe waba wovelele uSho Madjozi,0,0,0,0,0,0
zulu_4_01513,"Kuvunyiwe ukuthi inkulu imfihlakalo yokukhonza uNkulunkulu yokuthi: Owabonakaliswa enyameni, walungisiswa emoyeni, wabonwa yizingelosi, washunyayelwa ezizweni, wakholeka ezweni, waphakanyiselwa enkazimulweni. (1 kuThimothewu 3:16) Nanamhlanje usashunyayelwa ezizweni zonke 🙌❤",0,0,0,0,0,0
zulu_4_01514,Bamashele osolwa ngokubulala umfundi,2,0,0,0,0,0
zulu_4_01515,Kuhlukene imibono ngokushiwo uNkk Helen Zille,0,0,0,0,0,0
zulu_4_01516,Unqume indodana wase eyazilengisa,0,3,0,1,0,0
zulu_4_01517,Lomjita uthe uzopheka kodwa udonsa obude ubuthongo 🤦🏾‍♂️,0,0,0,0,0,0
zulu_4_01518,Ngeke lomjita waba nebhadi🤣😅 bavele nje bamuvondla nje yena yedwa https://t.co/kO0i7NwdZX,0,0,0,0,0,0
zulu_4_01519,"Ngoba @DJTira Ave unebhadi, bazothi uwena njengoba umama G esishiyile, phela wena ukhonjwa yonke indawo 🤷‍♂️",0,0,0,0,0,0
zulu_4_01520,"Layikhaya ngithi, usezophuma umuntu wami referring to KayGee, kwathiwa ""Usho i-abuser? Ooho"" I just-🥺💔",0,0,0,0,0,0
zulu_4_01521,“Kwaku straight sani sona leso🤷🏾‍♂️ esisanda kwenzani nje” kusho mina sengidla imali nezifebe!!,0,0,0,0,0,0
zulu_4_01522,"@Phislash Bese uthuswa ngobaba omubi endaweni, ngikhumbula kahle thina sasthuswa ngobabuJange😩",0,0,0,0,0,0
zulu_4_01523,Ogaqele isikhundla sobuholi kwiDA uphindiselwe esibhedlela ngenxa yeCorona,0,0,0,0,0,0
zulu_4_01524,URamaphosa udilize abasebenzi epulazini lakhe,0,0,0,0,0,0
zulu_4_01525,Ugwetshwe udilikajele ngokudlwengula umshana oneminyaka engu-8,0,2,0,0,0,0
zulu_4_01526,Kodwa maqabane ka Tambo seningaze nivumele kuvezwe ukudla kushiswa kodwa nazi kahle ukuthi ikati lilele eziko ku Sizwe esinsundu😭,0,0,0,0,0,0
zulu_4_01527,Ikhehla liwakwe abokufika uR75 000,0,0,0,0,0,0
zulu_4_01528,'Unqume' uyise wamqoba,0,2,0,0,0,0
zulu_4_01529,"Omunye wayethi uThakathiwe , ngamhlalisa phansi, waqala waLanda amaPhilisi, yazi kuymanje bambiza ngoStufuza😊",0,0,0,0,0,0
zulu_4_01530,Sengi lithwithile ngicela ukukhipha umuntu wami siyodla into ka fayfhandilethe🤲🤲🤲🤲 #FamilyMeeting #Uyajola99 #IamSingleBecause https://t.co/7S3rN8bgKM,0,0,0,0,0,0
zulu_4_01531,Useqashe abameli abasha umfundisi osolwa ngokunukubeza,0,0,0,0,0,0
zulu_4_01532,Always wonder ukuty kwaku ngapum ushun onjani uma @Sjava_atm enza inoni nobabu David Masondo (Soul brothers)ongasekho emhlaben 🤔 https://t.co/KkeRfCNpcP,0,0,0,0,0,0
zulu_4_01533,@uThobyM umzuzwana nje la ngathi uthi shazi lekhanda ngithi naba osathane bo avele afone 😏,0,0,0,0,0,0
zulu_4_01534,Azoze ashone wonke ngingakomtholi uLOML 😭😭😭 https://t.co/JqqCloHTt8,0,0,0,0,0,0
zulu_4_01535,Indida ngemibandela yebheyili kaDuduzane evumbuka eDubai,0,0,0,0,0,0
zulu_4_01536,@BigKid850312 Abanye mebenuka i bev kodwa who am I to judge 💁‍♂️,0,0,0,0,0,0
zulu_4_01537,Baxoshe unina bethi uqoma oBen 10,0,0,0,0,0,0
zulu_4_01538,Ishende nomfelokazi ecaleni lokusoconga,0,0,0,0,0,0
zulu_4_01539,@ChefScott_ Angibacabangi😩😩😩 ngigwala kabi umuntu ongifuna u10k per month girlfriend allowance no shame angikho lapho,0,0,0,0,0,0
zulu_4_01540,Bakhala ngomama oxova abazalwane kwelezitabane,0,0,0,0,0,0
zulu_4_01541,@Nazomagenge2 Hawemah😂😂😂😂niyadela shame lapho thina wathi udlawrong kufutheke izihlathi kuvumbuke inja yebele,0,0,0,0,0,0
zulu_4_01542,Umqeqeshi uqhosha ngonuka iqaqa kwiPirates,0,0,0,0,0,0
zulu_4_01543,Dalindyebo wayesele embiza ngelahle unyana wakhe. Yhu amadoda 😔 https://t.co/zRxwZsHOai,0,0,0,0,0,0
zulu_4_01544,Aqale ahubhuza amanga amaphoyisa ngokufa kowesilisa emashini yezitshudeni,0,0,0,0,0,0
zulu_4_01545,"Owazalwa ukufumbethe akekho ongakuphuca khona “talent “ but let’s pray our talent kulomona esiphila kuwo 🙏 @ Durban, KwaZulu-Natal https://t.co/C0cyIkdxVg",0,0,0,0,0,0
zulu_4_01546,UZuma uhlawuliswe R60 000 ngenkulumo enokucwasa,0,0,0,1,0,0
zulu_4_01547,"@SizweMashaba33 @kabelodick They took my comment out of context, khona owatweeter ukuthi uyayizonda i treadmill ngekaphinde ayisebenzise nami ngavumelana naye ngathi iyiscam futhi ingambulalisa ngenhliziyo kwasekuthiwa mina ngithe ngizobulala losisi akuvumelekile uku fisela omunye umuntu intembi🤷🏽‍♀️",0,0,0,0,0,0
zulu_4_01548,Khona okade ehleba ngami izolo ngoba kade kuncinza zombili indlebe 😪 😪,0,0,0,0,0,0
zulu_4_01549,Kuvuswe umtholampilo owawucekelwe phansi,0,0,0,0,0,0
zulu_4_01550,@Siya_Selepe2581 Mina ngyacasuka nje umuntu methena uzongipha imali ngosuku lwakhe lomholo kodwa engabe esangipha🤣🤣🤣 syahlukana nokuhlukana lapho,0,0,0,0,0,0
zulu_4_01551,Kumiswe isikhulu esiphezulu ngezinsolo eziningi,0,0,0,0,0,0
zulu_4_01552,"@uShobzin Futhi loyamuntu uhleka ngempela laphaya. Akazenzisi, ulushisa ngempela. 😂",0,0,0,0,0,0
zulu_4_01553,Icasule abantu abaningi imbongi igxeka ukulingisa kukaConnie Ferguson,2,0,0,0,0,0
zulu_4_01554,anga shaun 😭😭😭 urabishi wento lo.... ngingamane ngingaphuzi https://t.co/rcASWmG7Ts,0,0,0,0,0,0
zulu_4_01555,Ayikho neyodwa nje indoda engibuzayo ukuthi yini engiyifunayo ngoba kuholiwe 😭 cha ninehliziyo embi,0,0,0,0,0,0
zulu_4_01556,Indodana kaZuma ibhalele ungqongqoshe incwadi evuthayo,0,0,0,0,0,0
zulu_4_01557,IPirates idliwe yaphenduka isitebhisi seLeopards,0,0,0,0,0,0
zulu_4_01558,Kuminze ibhanoyi ebelithwele abawu-189,0,3,0,2,0,0
zulu_4_01559,"I quote ""sonke siya haver kodwa ngeke us’bone simitha, sineyingane , sizala siphindelela... niyaphapha nina 😒"" #Londie",0,0,0,0,0,0
zulu_4_01560,Umsindo ngokwakhiwa kwenxanxathela,2,0,0,0,0,0
zulu_4_01561,Kuminze iphoyisa lidoba olwandle,0,1,0,0,0,0
zulu_4_01562,"@ZondiLethiwe @Nana__Xaba Lalela, yabona igawulo (ukudla) uvele ukhalise ingane encane, mese uMama wekhaya uyabuza ukthi yini ndaba, usheshe uphendule uthi, ""Ithi ingane ilambile"" then you will be within (phakathi inside 💪🏾).. 😂😂 https://t.co/IidgE4lnNs",0,0,0,0,0,0
zulu_4_01563,Yayihlaba yezwa lapho angikho endlini😥,0,0,0,0,0,0
zulu_4_01564,Inyunyana isola uhulumeni ngokucindezela amaphoyisa,0,0,0,0,0,0
zulu_4_01565,"I've been praying from the day i sent the money still namanje akakaqhamuki kodwa wathi angifake eyokuza 😭😭😭 @ Durban, KwaZulu-Natal https://t.co/xQ4qrSESCB",0,0,0,0,0,0
zulu_4_01566,Kusolwa owezemfundo ngokudonswa ngekhala yizinyunyana,0,0,0,0,0,0
zulu_4_01567,@thobani22412518 Ngikhale ngaye nam mfethu uyidlisile i team 🤞🏿🤦🏿‍♂️,0,0,0,0,0,0
zulu_4_01568,Ukhunjulwe njengomuntu obenamahlaya uBhodloza,0,0,0,0,0,0
zulu_4_01569,"@Mtamerri Yho mina nje yacishe yangichitha I Wildtrak kwi gravel ! Asobuye ngi speede Yaphenduka yabheka la ngiqhamuka ngakhona 😭💔 I was convinced izongena ezweni, nami nezingane",0,0,0,0,0,0
zulu_4_01570,Uzobhadla ejele umfundisi owadlwengula umzalwane,0,2,0,0,0,0
zulu_4_01571,Kubanjwe ngesidlozana intatheli kowe-ANC,0,0,0,0,0,0
zulu_4_01572,@tinydlamini3 Kodwa esebona intshebe eyisdleke izophazamisa😂😂😂😂😂,0,0,0,0,0,0
zulu_4_01573,Uyavela osolwa ngokubulala umfundisi,0,0,0,0,0,0
zulu_4_01574,Unogada ukhala ngesinxephezelo,0,0,0,0,0,0
zulu_4_01575,Ibhungu liphucwe wumkhongi ingoduso,0,0,0,0,0,0
zulu_4_01576,Unqatshelwe ibheyili umshayeli weloli yesibhicongo sengozi,0,0,0,0,0,0
zulu_4_01577,Uvuleke amehlo ngomlingiswa ongumqwayizi,0,0,0,0,0,0
zulu_4_01578,Manje uma sebephushwa njengezinkomo zingena edamu😳😳😳😩 https://t.co/xBiRQfdj0k,0,0,0,0,0,0
zulu_4_01579,Kuhlukana inhloko nesixhanti kwiChippa nobengukaputeni,0,0,0,0,0,0
zulu_4_01580,@ngcobothami2 @thabilelr Yamkhumbula eyo kwenza inspection yeshidi ngoba efuna to prove ukuthi uThando ubeyintombi nto yini ngoba kumele kuphumigazi mabekade belele? Ngamsaba that day lowababa mina ungcole to the core🤞🏿,0,0,0,0,0,0
zulu_4_01581,Kodwa Sphamandla uhluphile mngani wami 🤣🤣🤣 https://t.co/7UBBIFNgtQ,0,0,0,0,0,0
zulu_4_01582,Bese ngikhipha R50 wam nje esaqulekile.. 🤣🤣 https://t.co/AgUGPQy6uL,0,0,0,0,0,0
zulu_4_01583,"Mother (MaMtshali) + Father (Makhanya) + DJ WISE ( Ngizalwa yilabantuke Mina) 🤞🏽❤️❤️🙏🏾 @ Durban, KwaZulu-Natal https://t.co/wMtskiK00g",0,0,0,0,0,0
zulu_4_01584,Inkukhu inqunywe umlomo kuZinnbauer,0,0,0,0,0,0
zulu_4_01585,Kuboshwe 'ababulala' iphoyisa,0,2,0,0,0,0
zulu_4_01586,Uvule icala osola inyanga ngokumthengela inkabi,0,0,0,0,0,0
zulu_4_01587,Likhotheme izinyane leSilo,0,0,0,0,0,0
zulu_4_01588,Nidinwe ukuthi uMini uthe amagoda okulala aGhetto💀,0,0,0,0,0,0
zulu_4_01589,Kuboshwe abasolwa abahlanu kwelokubulala,0,0,0,0,0,0
zulu_4_01590,Ubonge ukusinda edunwa imoto owoKhozi,0,0,0,0,0,0
zulu_4_01591,Imenenja kamasipala weTheku ibopha  umkhandlu,0,0,0,0,0,0
zulu_4_01592,@Samke_umgijimi Kodwa ushayile👏🏿👏🏿. Uma sewu phinda kuzoba nconywana,0,0,0,0,0,0
zulu_4_01593,Uqolwe imali kwi-akhawunti yakhe,0,1,0,0,0,0
zulu_4_01594,Imeya isasazele i-IFP ngabameli emva kokuxoshwa,0,0,0,0,0,0
zulu_4_01595,@ZeeKaMageba Makunje angishayisi. Ukube ulapho ngabe useyaphuma e8pm elenke kodwa ke. I think he thinks there is no tracker kulenkabi yakhe ubona ukuthi abanye bangamagwala. Induna isishilo ukuthi akajutanga ayimtholi ocingweni 🙄,0,0,0,0,0,0
zulu_4_01596,@QMqilingwa @charliesamsonSA 😂😂😂😂😭omzala abekho la kuTwitter bale eVillage,0,0,0,0,0,0
zulu_4_01597,Kuvalwe isikole ngolukamabhalane,0,0,0,0,0,0
zulu_4_01598,Agwetshwe iminyaka eyisithupha amaphoyisa omgwaqo kwelokugwazisa,0,0,0,0,0,0
zulu_4_01599,Kushaqwe 27 besolwa ngokweba imfuyo,0,0,0,0,0,0
zulu_4_01600,😭😭 uma ungu khanda shisa kumnandi ukubuka https://t.co/g94d9lFZD1,0,0,0,0,0,0
zulu_4_01601,My manager wafika nokshisa ekseni kusa abasaphithizel abantu kanje 🤣🤣🤣 kwaphela ibhabhalaz,0,0,0,0,0,0
zulu_4_01602,@XihlukeMabasa2 Ugogo wami uhlale esho kanje njalo mangihamba ekhaya 😢,0,0,0,0,0,0
zulu_4_01603,"Ifikisela ngezinyembezi lento, Eyi ukuphila kwalezinsuku zokugcina kunzima. Uma ungumzali uhlale ukhathazekile ngenxa yethonya lontanga balezingane zethu 🙆🏾‍♂️ https://t.co/hMMs87o0gn",0,0,0,0,0,0
zulu_4_01604,Bahlalele ovalweni abakwaNongoma kweqa osolwa ngokubulala,0,0,0,0,2,0
zulu_4_01605,"Itheken efaka ibuzu espan, iphinde ibeneshwapa, gada mfana indoda leyo futhi akunkani kuyafiwa🤞 😂🤣😂🤣😂 https://t.co/KXreMRxjoO",0,0,0,0,0,0
zulu_4_01606,@boohley Siyabonga makazi - ibinkulu le weekend eskoleni bakithi kuphume nomzali 😂,0,0,0,0,0,0
zulu_4_01607,Kusolwa ukuthi lizibulele iphoyisa elitholwe emotweni liphangalele,0,2,0,0,0,0
zulu_4_01608,"Ubungeke nje uMosquito udle uvale umlomo? Mxm, lapho sengibulele 6 yonke kodwa kusakhona ongicefezelayo😭",0,0,0,0,0,0
zulu_4_01609,@Mthigo_ I think I saw u yesterday kwi robot ngase shaka spar🤔hlambe beku ukfana kwabantu.lavele lavula ke ngakaboni kahle,0,0,0,0,0,0
zulu_4_01610,Bathuka izanya othisha ngozakwabo odutshulwe esikoleni,0,2,0,0,0,0
zulu_4_01611,Kuvele kubheda kwiProfil Picture yakho! Wena uhlulwa Yini ukubhukeka nje? 😂😭 https://t.co/VDqGmnH2pP,0,0,0,0,0,0
zulu_4_01612,Ababoshwe abakhulelisa izingane - Kaunda,0,0,0,0,0,0
zulu_4_01613,Uphika konke obekwe icala ngowatholakala engenakhanda,0,0,0,0,0,0
zulu_4_01614,Baze bawupetula-ke umoya wami ekseni kuyi birthday ka sis wami and I started this day on a high ngi happy 😭😭😭,2,0,0,0,0,0
zulu_4_01615,Ingebhe kozithele ezinjeni ebezidla ugebhezi lomuntu,0,0,0,2,0,0
zulu_4_01616,Uboshiwe osolwa ngokuqoba umshana,0,3,0,0,0,0
zulu_4_01617,Kusolwa uqhekeko ebhodini yakwa-SAA,0,0,0,0,0,0
zulu_4_01618,Kudutshulwe obesolwa ngamacala okudlwengula eMandeni,0,0,0,0,0,0
zulu_4_01619,@shongwesss Laphi nini kanjani “awungikhwarantine nawe lapho bo” 😂,0,0,0,0,0,0
zulu_4_01620,"When Mr man says I’m on my way to your office sengshayisa, ngathi ngingapakisha imoto yami eskhwameni ngihambe naye. Le ye convoy iyangbhora nyana😭😭😭",0,0,0,0,0,0
zulu_4_01621,Kulahlwe udoti oyingozi endaweni ehlala abantu,0,0,0,0,0,0
zulu_4_01622,@ladydwabantu #jabulujule aybooo! Wamnandi umculo wokholo ngiwulalele ngishiqekile la ngikhona ngabusiseka kuyimanje ngigiyeluJehova🙌💃💃💃💃ngokungipha isipho sempilo kimi kukhulu lokho @ukhozi_fm,0,0,0,0,0,2
zulu_4_01623,Kushaqisile ukubulawa komholi we-ANC,0,0,0,3,0,0
zulu_4_01624,Uboshiwe osolwa ngokushisa isitimela eMlaza,0,0,0,0,0,0
zulu_4_01625,Uhleli endlini ewayo umndeni wesishoshovu se-ANC,0,1,0,0,0,0
zulu_4_01626,Usemisiwe emsebenzini uthisha (51) osolwa ngokulala nomfundi (13),0,1,0,0,0,0
zulu_4_01627,"Kunomuntu okumele uphike ukuthi wake wajola naye. Just for isithunzi sakho neh😉 @ Durban, KwaZulu-Natal https://t.co/et9slIPzYM",0,0,0,0,0,0
zulu_4_01628,@Mthigo_ Yabo loyamama yena😂🤣🤣 aybo why bengam advise kuthi ayeke lento yakhe vele? Lapho she’s a Christian wiybo,0,0,0,0,0,0
zulu_4_01629,SMEG ozoniqeda ngesende nina mathatha ndin 😂 ngeketela nje nx 😂😂😂,0,0,0,0,0,0
zulu_4_01630,Isikhulu sichaza ngokuxoshwa kwaso kwelePSL,0,0,0,0,0,0
zulu_4_01631,"@ThembaKaula Ngimzondukufa uyise kaBule ngomastende nje sengathi akukhahlelwe ingane ilahlwe phansi?, yey ngoba legenger yenu iyahlukumeza😩😩😩😩",2,0,0,0,0,0
zulu_4_01632,Abazali basola othisha abangacopheleli uma bethandana,0,0,0,0,0,0
zulu_4_01633,Utusa uKhenyeza owinise isikole sakhe R1 million,0,0,0,0,0,0
zulu_4_01634,Indodana yomuntu mos le😳😳😳 https://t.co/4Z9HopcXO9,0,0,0,1,0,0
zulu_4_01635,@T_Lembethe 🤣🤣🤣🤣🤣🤣🤣🤣 mina ngiqedwa isphambano segolide 😂😂😂😂😂😂,0,0,0,0,0,0
zulu_4_01636,Ulivumile icala owadlwengula intombazanyana (7) esitolo sokudla,0,2,0,0,0,0
zulu_4_01637,Uboshiwe obeyintombi kabhuti madlisa uMatlala,0,0,0,0,0,0
zulu_4_01638,Khona a song ethi uhlanya selubhebhe olunye ziyanda izinhlanya🎶🎤😂😂😂 https://t.co/A8mYxehlfD,0,0,0,0,0,0
zulu_4_01639,'Uzibulele' esaba ihlazo lokukhulelisa ekhweni,0,0,0,0,0,0
zulu_4_01640,Owesifazane 'ugwaze' umyeni ngebhodlela emqaleni,0,3,0,0,0,0
zulu_4_01641,Uyasidinda oxoshwe wumkakhe endlini wafaka ishende,0,0,0,0,0,0
zulu_4_01642,Lenye i tiniking yanginanatela kamnandi ku DM 😍 ngabe seyashonaphi ngoba ngabe sesitowenta le 365 nton'nton🤣🤣🤣🤣,0,0,0,0,0,0
zulu_4_01643,Indoda eziphathisa okwe bad bitch ku Internet Ngath ungay’gibela ngo mshiza... Sivele sibulawa iCorona🥺,0,0,0,0,0,0
zulu_4_01644,Bacabanga ukuthutha kubulawa ikhehla nesalukazi,0,1,0,0,0,0
zulu_4_01645,Ugwetshwe iminyaka engu-101 owaqotha abathathu ethaveni,0,0,0,0,0,0
zulu_4_01646,Ulaxaze ubuthishela olingisa kwi,0,0,0,0,0,0
zulu_4_01647,UNomzamo usolwe ngokudlela umona uThuso Mbedu ngeHollywood,0,0,0,0,0,0
zulu_4_01648,Umsakazi usetakula abakhubazekile njengoba kuvalwe izwe,0,0,0,0,0,0
zulu_4_01649,Kulindeleke ukuthi kuboshwe abanye ecaleni lenkohlakalo elithinta uR28 million,0,0,0,0,0,0
zulu_4_01650,Udedelwe ngebheyili umyeni kaMshoza,0,0,0,0,0,0
zulu_4_01651,"""Ngithanda wena wedwa"" Ubone intuthane🐜 ilahla ushukela phansi ifaa insini😂 https://t.co/acI5JPo5nS",0,0,0,0,0,0
zulu_4_01652,Ziyanda izikole ezivalwa eGauteng njengoba kwanda othisha nabafundi abahaqekayo,0,0,0,0,0,0
zulu_4_01653,I-IPID iphenya elokudutshulwa kukaShai,0,0,0,0,0,0
zulu_4_01654,"Bayihlupha ngempela futhi, iyakhala manje ikhathele ingane 😂😂😂 https://t.co/pL6pRik4xS",0,0,0,0,0,0
zulu_4_01655,Ihlehlisiwe futhi ingqungquthela ye-ANC eKZN,0,0,0,0,0,0
zulu_4_01656,@sabelonxele_86 😂😂😂 ushaya le encane. Scefe brutal fruit ayingibhodlisi mina.,0,0,0,0,0,0
zulu_4_01657,Uboshiwe osolwa ngokubhokoda isitshudeni,0,2,0,0,0,0
zulu_4_01658,"@_SimphiweM44 😂😂😂awukahle yin, yaz ngicashile la wena uyangivundulula now",0,0,0,0,0,0
zulu_4_01659,@BonieMntambo 😏ngeke ungbone ngitapuna into epetulelwa umhlaba wonke weee,0,0,0,0,0,0
zulu_4_01660,@mphomokola Awuuuu kodwa indoda kaNkulunkulu 🙆🏾‍♂️🙈 Shwele baba!,0,0,0,0,0,0
zulu_4_01661,"""Ngimbone emehlweni ukuthi icala ulenzile"" kusho umshushisi ubufakazi bungekho. Mshushisi ubufakazi buse mehlweni??? 🤷‍♂️",0,0,0,0,0,0
zulu_4_01662,@MissC_30 🤣🤣🤣haaa lomntwana yaganga Thanda Thisha wakhe ngoshokholethi kamama Aibo,0,0,0,0,0,0
zulu_4_01663,@ezivuthayo Ugudla mina yini weAdmin🤣🤣,0,0,0,0,0,0
zulu_4_01664,Kukhalwa ngenkosi yaseNquthu ekhokhisa abangaganiwe intela yobumpohlo,0,0,0,0,0,0
zulu_4_01665,‘Ubhokodwe’ ngumyeni wakhe obemsola ngokumjolela,0,2,0,0,0,0
zulu_4_01666,Kuzoboshwa abanye ngecala lethenda yezigidi,0,0,0,0,0,0
zulu_4_01667,"@nkullii_ Ngizwile, nami ngisho nje ukuthi le think uma yenzeka usho nges’khathi 🤣",0,0,0,0,0,0
zulu_4_01668,Amaphoyisa acela ukufuniswa odukile,0,0,0,0,0,0
zulu_4_01669,Isicelo samaphoyisa kuminza umfana ebhishi,0,0,0,0,0,0
zulu_4_01670,Nongenalo ngisho ukhamba nje lolu senithi lezulu⚡️⛈🌩inina,0,0,0,0,0,0
zulu_4_01671,@MmQwashu Musa ukudakelwa @Julius_S_Malema wena manje enzenjani ahlale emjondolo izingane zakhe zingafundi? Wena wenzenjani ngempilo yakho nomndeni wakho?? Yeka ukusangana Bafo 🤞🏼 Kusho ukuthi uyajabula njengoba kubalawa abantu abamnyama njengo cyril,2,0,0,0,0,0
zulu_4_01672,Useyisosha owake wadlalela eZimnyama,0,0,0,0,0,0
zulu_4_01673,Lizothathelwa izinyathelo ikhansela eliwuvanzi,0,0,0,0,0,0
zulu_4_01674,Umdinga ebaliwe osolwa ngokudlwengula indodakazi (13),0,2,0,0,0,0
zulu_4_01675,Lihlehlile icala elithinta nephoyisa eladuma eMarikana,0,0,0,0,0,0
zulu_4_01676,Sivalwe uqweqwe lomsakazi esikaQueen B,0,0,0,0,0,0
zulu_4_01677,"seeing tweets from joggers abavuke bayojaha umoya emgwaqeni..ngaze ngaphuthelwa ke ☹ kodwa ngisasaba, i won't lie. i'll continue khona la ebhilidini for now.",0,0,0,0,1,0
zulu_4_01678,@PowerSosibo Yaz nje kunomuntu ovimbile nje ongafuni ngilungelwe lutho😂,0,0,0,0,0,0
zulu_4_01679,Kuboshwe indoda esolwa ngokuba wumalugaju obezenza umfundisi kuFacebook,0,0,0,1,0,0
zulu_4_01680,Kubhuntshe inkonzo kuvalwa elika-Omotoso,0,0,0,0,0,0
zulu_4_01681,"@Philani_smamane Enye ingadonse ngaphandle sengihamba, yathi; “uhambe kahle baba wekhaya”😂",0,0,0,0,0,0
zulu_4_01682,Ubopha isoka elithi uyathakatha,0,0,0,0,0,0
zulu_4_01683,Abatholwe notshwala bokwebiwa enkantolo,0,0,0,0,0,0
zulu_4_01684,'Udubule' isoka lenkosikazi wazinikela emaphoyiseni,0,2,0,0,0,0
zulu_4_01685,Since ubuyile la on twitter uqhuba intwala ngewisa Bus 😂😂 ngithuli nje ngiyabuka @BusiswaM,0,0,0,0,0,0
zulu_4_01686,Ufone kaningi kthiwe ngath usuzoba iscefe Ufone kancane kthiwe ngath awuzimisele Kunzima ukuba indoda 😂,0,0,0,0,0,0
zulu_4_01687,"Kuthiwe red bottoms, udali wathi abandazi 🤣🤣🤣🤣🤣🤣🤣 #SomhaleUnion #Somhalewhitewedding https://t.co/JM6G5Tq4FS",0,0,0,0,0,0
zulu_4_01688,Wethule ubufakazi obushaqisayo ngamaqembu ezigebengu eKapa owayeyilungu,0,0,0,2,0,0
zulu_4_01689,"I feel so old, wiiybo Sansonso esingaka ngimdala kunaso? 🥺 #BBMzansi https://t.co/nKZ0TVCTxB",0,0,0,0,0,0
zulu_4_01690,Cha @Bhekamchunu loCc othi u happy la ekhon i x yakhe iyambonya umngani wakhe ngyasola uManqezula 🤣🤣🤣🤣 uthini we @NomMkhize1 @ukhozi_fm #kanyenawe,0,0,0,0,0,0
zulu_4_01691,‘Akuyona inkanyamba kodwa yisishingishane’,0,0,0,0,0,0
zulu_4_01692,"@wandileSithole6 No angilwi, ngiyabuza ukuthi why nje kphela if kuhlobisa then okay 😂",0,0,0,0,0,0
zulu_4_01693,@DJSgqemeza Vuma nje sqeh likuhlambalazile ibhishobhi mthiya sihole😛😛,0,0,0,0,0,0
zulu_4_01694,"@miss_safra Lol ang’bona kahle, ngathi uyena 😅",0,0,0,0,0,0
zulu_4_01695,@MshenguKwazi Awuzokwazi weKwazi ukuthi ushawe yini...🤞🏻,0,0,0,0,0,0
zulu_4_01696,-ngihleli nabangani bami ekhaya lami emotweni yami epakile egcekeni ngoba aysebenzi kodwa si-happy 🤞🏾😁,0,0,0,0,0,0
zulu_4_01697,U-Andisiwe wakhula edlala ibhola nabafana bangakubo,0,0,0,0,0,0
zulu_4_01698,OweWits uhlolwa elasePortugal,0,0,0,0,0,0
zulu_4_01699,Liboshelwe ukushaya ilungu lesitokofela,0,0,0,0,0,0
zulu_4_01700,Up ✊ Ku Green Lovers ❤️ kubafana base Bergville ngavukwa usinga #Jabulujule #jabulujule @ladydwabantu @Ayanda_Melansi @nosihlesibisi_,0,0,0,0,0,0
zulu_4_01701,Le gym e gijima kuyo ihlathi. They closed 🤦‍♂️6pm,0,0,0,0,0,0
zulu_4_01702,Uzobuyela enkantolo osolwa ngokubulala,0,0,0,0,0,0
zulu_4_01703,Ubezivikela oshise iphoyisa ngepharishi,0,0,0,0,0,0
zulu_4_01704,@Enza_Mags -I was very mad 😂🤞🏾 ukuthi aibo uwena lo😡,3,0,0,0,0,0
zulu_4_01705,Omunye wangena wazositshela ukuthi masilale sengathi besikubo. Nxi! 😂,0,0,0,0,0,0
zulu_4_01706,Hhawu kodwa bafo ngisheshe ngavuka 🤣🤣 https://t.co/BuET9oONxR,0,0,0,0,0,0
zulu_4_01707,Abantu are still looting 😭Aybo bafwethu kanti abadeli yini,0,0,0,0,0,0
zulu_4_01708,Problem kuyashisa futhi mina ngiyanqena ukudriver ngiyeBay 😵 but I miss her so I will suck it up,0,0,0,0,0,0
zulu_4_01709,Lobaba uthi uthandwa I cleavage yami la emakethe mangimbuka engangzala lomuntu 😫😒,0,0,0,0,0,0
zulu_4_01710,Mngani abafana izinja🐶leso sikhathi yena una 5 yazo and zimuluma zonke😂 https://t.co/Xb0c84wGwU,0,0,0,0,0,0
zulu_4_01711,@BoomSphokazi Angithumele wena ngzobulala abantu mina 😩,0,0,0,0,0,0
zulu_4_01712,Kunqanyulwe inkontileka yowe-ECR,0,0,0,0,0,0
zulu_4_01713,‘Obulale’ intombi uzinikele emaphoyiseni,0,3,0,0,0,0
zulu_4_01714,So kahle-kahle uMoses wabona isihlahla 🌳 sivutha 🔥🔥 kodwa singashi😌. Niyabona ukuthi i-Nyaope isuka kude kanjani💔 https://t.co/96Li2oExVa,0,0,0,0,0,0
zulu_4_01715,UNgizwe usolwa ngokushaya umkakhe,0,0,0,1,0,0
zulu_4_01716,Kuboshwe amaphoyisa amane ngamacala okugwazisa,0,0,0,0,0,0
zulu_4_01717,UZuma uthi uthole izinsongo zokubulawa kulandela ukufakaza kwikhomishini,0,0,0,0,0,0
zulu_4_01718,I blocked loyasisi long time ago coz ngambona nje ukuthi ay Kahle ekhanda🙄,0,0,0,0,0,0
zulu_4_01719,"“Nithe kmina sinomhlangano we gang-bang, phela abantu abadunuse...” - inja. 🙌🏾🙌🏾🙌🏾😂🤣😂😂",0,0,0,0,0,0
zulu_4_01720,Uyabazi ubunzima bokuqhakswa umfana atshele iskole sonke ukuthi ujola naye lapho engakaze athi vu😭Yey sike sakhula kanzima😔 https://t.co/NkJr2l4rK2,0,0,0,0,0,0
zulu_4_01721,Bathungatha osolwa ngokudlwengula intombazane (15) eShowe,0,2,0,0,0,0
zulu_4_01722,Kuzotheleka ithimba lamaphoyisa elizobhekana nokubulawa kosopolitiki eKZN,0,0,0,0,0,0
zulu_4_01723,"ISIGEJANE sabalandeli bakaRia aLedwaba ebesitheleke lapho kunokhetho khona lwezikhundla zobuholi beSafa, eSandton City Convention Centre. 📷 Nhlanhla Sithole https://t.co/C1iMvMEtrH",0,0,0,0,0,0
zulu_4_01724,Kuvela abasolwa ngokubulala umabhalane,0,0,0,0,0,0
zulu_4_01725,Isibhaxu simshiye ephoxekile uHunt,0,0,0,0,0,0
zulu_4_01726,Olaxaze iFree State ukhonjwa kuBucs,0,0,0,0,0,0
zulu_4_01727,Bafuna ikhonjwe indlela imenenja yeTheku eboshiwe,0,0,0,0,0,0
zulu_4_01728,Siphezulu isibalo sababoshelwe ukungazifaki izifonyo,0,0,0,0,0,0
zulu_4_01729,Ulaxaze umdlalo umlingisi,0,0,0,0,0,0
zulu_4_01730,UPitso ukhathazwa eyecala,0,0,0,0,0,0
zulu_4_01731,@Uzalo_SABC1 Hhayi ke MaMlambo kodwa ke lezinyanya zakho bezilinde kuze kushadwe😥😥🙆‍♀️🙆‍♀️,0,0,0,0,0,0
zulu_4_01732,Udakelwe ama FBI wawabiza ngaphansi kwey’Keti zonina 😂😂 https://t.co/OcYLRYEsS0,0,0,0,0,0,0
zulu_4_01733,Kuboshwe izelamani zisolwa ngokudlwengula ukhokho (96),0,0,0,0,0,0
zulu_4_01734,Basolwa ngokugwazisa aboKhozi FM,0,0,0,0,0,0
zulu_4_01735,@asamngqithi Ehhhhy yeka indlela akhala ngayo umtshela ukuthi umithi 😢💔😂😂 https://t.co/aOk4fa482d,0,0,0,0,0,0
zulu_4_01736,Imeya iphikisa imibiko yokuthi izoboshwa maduze,0,0,0,0,0,0
zulu_4_01737,Kuboshwe ongqimuze wabulala unkosikazi ngesitini,0,2,0,0,0,0
zulu_4_01738,@Nazomagenge2 Vele ufe kanye wena bhuti wami🤭,0,0,0,0,0,0
zulu_4_01739,Abanengiwane lengculazi abekho engcupheni yokubulawa yiCorona,0,0,0,0,0,0
zulu_4_01740,Kuboshwe inqwaba ekuleli ngokungemthetho,0,0,0,0,0,0
zulu_4_01741,Indodana kasaziwayo eno-12 kwelokugwaza ona-14,0,2,0,0,0,0
zulu_4_01742,"Sekungaze kuvele ngelanga lomshado ukuthi makoti ubengasaphelele, kanti kwalotsholwa kanjani? Nangu umama ekhihla islilo, ngomakoti wakwakhe🙆‍♂️🙆‍♀️🙆‍♀️ #OurPerfectWedding https://t.co/sAx75t6Bxs",0,0,0,1,0,0
zulu_4_01743,Kuvalwe-213 wezabaqola ngama-debit order,0,0,0,0,0,0
zulu_4_01744,"Kwakonakele ngempela ke lapha kuhlangene Ubuka olumehlo mancane, sikhuphuka nomkhaya wami. 😤 The background music is Inja by Maqhikiza, 1/2 songs I selected. A very special s/o and thanks to @NomMkhize1. 🫶🏽",0,0,0,0,0,0
zulu_4_01745,Kufunwa 'umbulali' osolwa ngokushisa unina wezingane zakhe,0,2,0,0,0,0
zulu_4_01746,Kushiswe imoto kusolwa umfundisi ngokuphinga,2,0,0,0,0,0
zulu_4_01747,Bangqongqise ‘uhlanya’ obelubulala abantu,0,2,0,0,0,0
zulu_4_01748,Osomatekisi bafuna isinxephezelo sikaR15m kuKaunda,0,0,0,0,0,0
zulu_4_01749,"Mum's greeting this evening: "" haw usuxakeke ngaleyo ndlela yin' mntanam? 🤔😲"" Me: wiy'bo mah'...yindaba? 😂😂😂 Mum: ""ngibona umuhliphihliphi nje ekhanda! Hai lungisa boy!"" I just can't with this diva! 😂😂😂😂",0,0,0,0,0,0
zulu_4_01750,Isililo kuyise ogaye ingane yakhe ngeloli,0,3,0,0,0,0
zulu_4_01751,Ivaliwe indawo yokudlela yowathuka abamnyama,0,0,0,0,0,0
zulu_4_01752,"I’m 22, you’re pushing 45. At least ngingalwa namadodana akho mina baba. 🙏🏽 https://t.co/KDL7ArJ5MU",0,0,0,0,0,0
zulu_4_01753,Umalusi nexhala ngemiphumela ka-matric,0,0,0,0,0,0
zulu_4_01754,"Khuphuka Gedeza man @TusaniMnyandu, kunemali yami la ngikhokhile. 😂😂😂 https://t.co/84rrhJPhqU",0,0,0,0,0,0
zulu_4_01755,@siphiwe_hlongwa @JohnHlatseS @Kgomo389 😂😂😂😂😂😂liyaqina nje lizokhuluma ngezindaba zase ndlunkulu and alaz fokol koda liyaphapha ne ntshebe nukayo,0,0,0,0,0,0
zulu_4_01756,Kudonselwane izibhamu kuvulwa inkulisa eMpendle,0,0,0,0,0,0
zulu_4_01757,Usizi bebona abazali befa phambi kwabo,0,3,0,0,0,0
zulu_4_01758,Ubanjwe oqotsheni ona-61 esehlabe izinkomo zokwebiwa,0,0,0,2,0,0
zulu_4_01759,@Lembethe7 @MISS_NZIE Lapho alibizi iplangwe😥vele kuthi angkhale kakhuuuulu.... ngibhajiwe nseee kumanje,0,0,0,0,0,0
zulu_4_01760,Kuhlehle 'elababulali' boMntwana,0,0,0,0,0,0
zulu_4_01761,Kusolwa uphuzo engozini yetekisi ebulale abomndeni (13),0,0,0,0,0,0
zulu_4_01762,@missleem Umfice econsa phansi kwalabo blanket😖 koda akacabangi ukuphungula.,0,0,0,0,0,0
zulu_4_01763,Iphoyisa enkantolo kwelokubulala owokufika,0,2,0,0,0,0
zulu_4_01764,"uZola wake wathi ""bamchith' amaPop corn agcwal' istradi"" izolo ngibone leyonto💔💔💔. A motorist was brutally killed ubuchopho baphuma😭😭😭💔. Aai Pinetown mina ngi right ngayo, angifuni ukungasho😭🤞🏽 Ngisayakhona kodwa hhai bandla. Ngi right ngayo🚮",0,2,0,0,0,0
zulu_4_01765,Kuboshwe amadoda amabili atholwe nezibhamu ezingekho emthethweni,0,0,0,0,0,0
zulu_4_01766,@Bosslady_Sne Lapho sengi ayinile ngenza ngelunch ngiready mina🤦🏾‍♂️,0,0,0,0,0,0
zulu_4_01767,"Sala mfo kababa kulesi stimela, mina ngizogibela uma sesibuya ukuyojika. 😂😂 https://t.co/GxNIi8pywj",0,0,0,0,0,0
zulu_4_01768,Akukho sinqumo ngowabulala uHani,0,0,0,0,0,0
zulu_4_01769,"@sabelonxele_86 Exactly, umbhule umzimba wonke if unezinja uyoziqaqa umsasazele straight😂",0,0,0,0,0,0
zulu_4_01770,@OhNganeYami U bhorekile lo admin. Ngeke nje i team enkulu kanje ivele idlale i lutho 🤦🏾‍♂️ nizibukanisa nabantu yaz,0,0,0,0,0,0
zulu_4_01771,Ubona ihlazo ngokushaywa yiKwaDukuza,0,0,0,0,0,0
zulu_4_01772,Mese kuba ile dawg uma ngise town mengimubona ngimucela angishayele iyngoma ezuw 3 ngimunike esncane.ave enomoya okhululekile 🙌🏿 https://t.co/qIa5gvprLz,0,0,0,0,0,0
zulu_4_01773,UAKA uthi ubhatelwe R55 million ukuthi makaxoke athi wesulelwe yi #COVID__19 😲😲🚮,0,0,0,0,0,0
zulu_4_01774,Umangalelwe uthisha oxhimfe umfundi 'obekopela',0,0,0,0,0,0
zulu_4_01775,Ulahlwe amacala owabulala uZolile Khumalo,0,0,0,0,0,0
zulu_4_01776,@danielmarven @Phoenixscofield njengoba umnyama ngathi ilanga likhandwa ugogo wakho or wakhila uncela ijeyes fluid😂😂 asembi 😂,0,0,0,0,0,0
zulu_4_01777,Ugwetshiwe obepequlula iselula yomyeni wakhe,0,0,0,0,0,0
zulu_4_01778,@Nosipho_Pkt Lo mama uzingenele lapha washicilela le nkulumo ngilele. 😔,0,0,0,0,0,0
zulu_4_01779,I-EFF inuka i-ANC ngokubulala,0,0,0,0,0,0
zulu_4_01780,Bayaveva ngokujola kukathisha nomfundi eComTech,2,0,0,0,0,0
zulu_4_01781,Umsakazi woKhozi engomeni kamaskandi,0,0,0,0,0,0
zulu_4_01782,Unconywe ngamagalelo uJames Ingram,0,0,0,0,0,0
zulu_4_01783,@Mfo_kaThabizolo Yobe bafo wami 😭😭😭ngiyazisola futhi,0,0,0,0,0,0
zulu_4_01784,Angase aphelelwe umsebenzi unesi osolwa ngokutshontsha umjovo onamandla,0,0,0,0,0,0
zulu_4_01785,Imoto yomqaphi wemeya yakwaNongoma idlule nemiphefumulo yamantombazane (13) amabili akwaNongoma,0,2,0,0,0,0
zulu_4_01786,@VicoMagaye Yebo bafo ngyashaya mina 😂😂 ngiyinsizwa yasemakhaya,0,0,0,0,0,0
zulu_4_01787,Kuboshwe uthisha ‘oshaye’ uthishanhloko,0,0,0,0,0,0
zulu_4_01788,I'm a very bad liar but for some reason my daughter believes mangithi ngzomshaya 😂. The older ones kade babona ukuthi iyangihlula lento so ngyazibeka,0,0,0,0,0,0
zulu_4_01789,Kuboshwe umbhali ngokukhwabanisa,0,0,0,0,0,0
zulu_4_01790,Kukhalwa ngosokhemisi oweba amaphilisi esibhedlela,0,0,0,0,0,0
zulu_4_01791,Kukhalwa ngosomatekisi abenyuse imali yokugibela,0,0,0,0,0,0
zulu_4_01792,‘Akusolwe uhulumeni  ngolwabokufika’,0,0,0,0,0,0
zulu_4_01793,"Syakuzwa Macingwane,abanye bangakbona sengathi uyahlanya,awsile uyisilima but personal yonke into oyishoyo remains a reality with content🙌 ""Phakade akagugi engemakhosi aseNdulo"" https://t.co/mzuIvGAfWk",0,0,0,0,0,0
zulu_4_01794,Kuvele izinsolo ezibucayi kumfundisi osolwa ngokudlwengula,0,0,0,0,0,0
zulu_4_01795,Bazodilikelwa yijele umshana noninalume ababulala iphoyisa,0,0,0,0,0,0
zulu_4_01796,Kuboshwe oyamaniswa ngokubulawa kwabamatekisi abawu-12,0,2,0,0,0,0
zulu_4_01797,@uGawozi 😭😭😭🤣yabo ke le wu frame 1. Kuyanyiwa🥺😭😭,0,0,0,0,0,0
zulu_4_01798,Undunankulu waseKZN weseka iNdlovukazi Mantfombi,0,0,0,0,0,0
zulu_4_01799,"Kodwa Sbonelo, ""uthe(Nkunzi) awusamfuni manje mase ngimthatha sunenkinga. ...""aibo wenja🐕🐕 #Uzalo",0,0,0,0,0,0
zulu_4_01800,"📣just got some 5 minutes'nyana entertainment kuphume umphakathi omncane uyoshaya umuntu thizeni. abanye ngala are shouting ""shaya!"" and recording.. kulamule i-van yamaphoyisa, bahlakazeka. then there were claps and whistles efakwa evenini lo obeshawa. a.c, berea rd, dbn",0,0,0,0,0,0
zulu_4_01801,Kugxekwa ukusatshiswa kwesikhulu esisulile,0,0,0,0,0,0
zulu_4_01802,Usagcwele amathafa owesilisa osolwa ngokweba ingane eneminyaka emibili,0,2,0,0,0,0
zulu_4_01803,[IMIBONO] Savelelwa ekolishi lamaphoyisa oLundi senziwa opopayi,0,0,0,0,0,0
zulu_4_01804,Kujutshwe ithimba lodokotela kutholwa owokuqala oneCoronavirus KwaZulu-Natal,0,0,0,0,0,0
zulu_4_01805,Bafuna ubulungiswa ngoshaywe esolwa ngokweba uR50,0,0,0,0,0,0
zulu_4_01806,Zinyukile izihlalo ze-EFF ePhalandende likazwelonke,0,0,0,0,0,0
zulu_4_01807,🔥🔥🔥.. Mawsumuhle kangaka bazongphikisa ukuthi ngzalwa nawe https://t.co/135pyysy1J,0,0,0,0,0,0
zulu_4_01808,"My aunt udayile, I feel so old 😂😂😂 lapho my mom uyadaya naye 🙈🙈 yazi umuntu uzoguga yedwa ngoba labosisi abacabangi. #Dabs I buried my uncle Nunu izolo, thee fashionista of the family. The great cook. Argh 2020 you’ve dealt with us bandla 😞 https://t.co/F8GmyqXNRA",0,0,0,0,0,0
zulu_4_01809,@ZeeRight 😭 ngyayisaba ke leyo. Mina ngivele ngikhale ngokuba broke umuntu meke wakhuluma ngemali,0,0,0,0,1,0
zulu_4_01810,"@Londeka_Mn Too much oe. Remember that day sigibele itaxi eyodwa, ngangiphuma khona 😂",0,0,0,0,0,0
zulu_4_01811,@MOWGALE Syafana yazi ngathi ngisho ngixoxa nje ngezwa ezokuphepha zithi u should c a dr usifo leso 🙆🏾‍♂️ o nurse bangafundele nursing 💁🏾‍♂️🤦🏾‍♂️,0,0,0,0,0,0
zulu_4_01812,Ugcwele izinkalo 'obulale' umzala wakhe,0,2,0,0,0,0
zulu_4_01813,Uzovela enkantolo ummeli ngemayini,0,0,0,0,0,0
zulu_4_01814,@N2bko Ngisakhona mntase...ngidlala umsebenzi nje. Kwaze kwa busy kulesa sbhedlela 🙆🏽‍♂️,0,0,0,0,0,0
zulu_4_01815,@Thandam11 😂😂🤣 ukhona ubaby😂😂😂 i think bavele babeh bahle kakhulu abafana mewujola..... but khuleka ngigeza amehlo🥺,0,0,0,0,0,0
zulu_4_01816,Udedelwe umyeni owataxa uthishanhloko,0,0,0,0,0,0
zulu_4_01817,Kuthungathwa ohlasele wabulala abathathu,0,2,0,0,0,0
zulu_4_01818,Umfundisi ‘nekhambi’ lengculazi,0,0,0,2,0,0
zulu_4_01819,@bheka_bhengu -uya eJozi. bonke! ngzohlala ngedwa laphayana 😂,0,0,0,0,0,0
zulu_4_01820,Luyaqhubeka olomfundisi osolwa ngokudlwengula,0,0,0,0,0,0
zulu_4_01821,Uvalo lokudilizwa lwamnika isibindi,0,0,0,0,2,0
zulu_4_01822,Ngizojola strong once this thing is over. Ha nali izwe libhubha umuntu engaqomile. Ngyasehla le staff it’s been real!🤞🏽,0,0,0,0,0,0
zulu_4_01823,So I called my son all excited about fetching him.. Wathi nje Mamana ungangilandi ngiya kumshado ka Babah... 💀 @NunlehD ... Ayke ngizwe kanjalo ke ukuthi uyashada Ntombi 😂😂,0,0,0,0,0,0
zulu_4_01824,@News24 Hebana sithumela ingane zethu lathina singafuneki khona kwenzakalani kanti ⁉️ Umzali awumfuni eskoleni kanjani🤔🤔🤔🤔,0,0,0,0,0,0
zulu_4_01825,"say whaaaaat? so makukhona engikudingayo, kumele ngicele u-wife yena adlulisele kubhuti wami? i have to laugh! 😂😂😂😂😂 https://t.co/XhQnNgNnfe",0,0,0,0,0,0
zulu_4_01826,Ubhoboke ngesinqumo seSABC esasisolisa kwikhomishini,0,0,0,0,0,0
zulu_4_01827,Udedelwe ngesixwayiso uDJ ontshontshe iwayini,0,0,0,0,0,0
zulu_4_01828,Kumuke owesilisa nomzukulu behlanza ibhuloho,0,2,0,0,0,0
zulu_4_01829,Guys Aubrey wabhungukela eSoweto serious la abadla khona amaqubu enkukhu😂,0,0,0,0,0,0
zulu_4_01830,Ugada abazukulu unina ‘eyobhenga’,0,2,0,0,0,0
zulu_4_01831,@_missndlela 😂😂😂lutho wathi wathi uhlala enanda nje ngyabonga angthathi nenamba,0,0,0,0,0,0
zulu_4_01832,I-ANC ixoshe imeya nosomlomo,0,0,0,0,0,0
zulu_4_01833,Ucingo lukamama wengane luholele ekufeni,0,0,0,0,0,0
zulu_4_01834,Uphoseke emgodini wekheshi umsolwa,0,0,0,0,0,0
zulu_4_01835,Uzofaka isicelo sebheyili umdansi we-Afro osolwa ngokudlwengula,0,0,0,0,0,0
zulu_4_01836,Ugwetshwe iminyaka engu-32 owabulala uKarabo Mokoena,0,0,0,0,0,0
zulu_4_01837,Bashaqekile kudlula umgijimi obegijima kwiComrades,0,0,0,3,0,0
zulu_4_01838,Kukhalwa ngokuzimuka koxoshwe yiChiefs,0,0,0,0,0,0
zulu_4_01839,Send 📍 kunebhodlela elilahlile la. https://t.co/8jvKLqJsZD,0,0,0,0,0,0
zulu_4_01840,"“Akagundi nje umuntu onengane encane, ayenziwa leyo nto.” Well ngiyenzile-ke Abigail mhlathi wakho. ☺️",0,0,0,0,0,0
zulu_4_01841,Ithathwe ushukela indoda ebinesithembu sabawu-38,0,0,0,3,0,0
zulu_4_01842,Sivulelwe icala lokugwazisa abafundi isikhulu somsakazo,0,0,0,0,0,0
zulu_4_01843,@IamThobani Ngyayazi leyo mzala ngake ngavuselwa intombi yami ekuthiwa uThando engisaver ngo ❤️ Kodwa saze Sasha 🤣,0,0,0,0,0,0
zulu_4_01844,Bathi usebuyele kubo umka Nala wesibili,0,0,0,0,0,0
